32 37 38 0.0 0.0 0.0 0.0 2.0 0.0 0.0 0.6993006993006992
32 37 40 0.0 0.0 0.0 0.0 1.0 0.0 0.0 0.6996501749125437
32 37 41 0.0 0.0 0.0 0.0 2.0 0.0 0.0 0.6993006993006992
32 38 38 0.0 0.0 0.0 0.0 1.0 0.0 0.0 0.6996501749125437
32 38 39 0.0 0.0 2.0 0.0 125.0 0.0 0.0 0.6582040432534085
32 38 40 0.0 0.0 0.0 0.0 10.0 0.0 0.0 0.6965174129353233
32 38 41 0.0 0.0 0.0 0.0 5.0 0.0 0.0 0.6982543640897755
32 38 43 0.0 0.0 0.0 0.0 1.0 0.0 0.0 0.6996501749125437
32 38 44 0.0 0.0 0.0 0.0 2.0 0.0 0.0 0.6993006993006992
32 39 38 0.0 0.0 0.0 0.0 1.0 0.0 0.0 0.6996501749125437
32 39 39 0.0 0.0 27.0 0.0 359.0 9.0 1.0 0.5889777029869583
32 39 40 0.0 0.0 0.0 0.0 3.0 0.0 0.0 0.6989515726410384
32 39 41 0.0 0.0 0.0 0.0 1.0 0.0 0.0 0.6996501749125437
32 39 42 0.0 0.0 0.0 0.0 4.0 0.0 0.0 0.6986027944111775
32 39 44 0.0 0.0 0.0 0.0 2.0 0.0 0.0 0.6993006993006992
32 40 37 0.0 0.0 0.0 0.0 1.0 0.0 0.0 0.0
32 40 38 0.0 0.0 0.0 0.0 1.0 0.0 0.0 0.6996501749125437
32 40 39 0.0 0.0 0.0 0.0 2.0 0.0 0.0 0.6993006993006992
32 40 40 0.0 0.0 0.0 0.0 2.0 0.0 0.0 0.6993006993006992
32 40 41 0.0 0.0 0.0 0.0 4.0 0.0 0.0 0.6986027944111775
32 40 42 0.0 0.0 0.0 0.0 2.0 0.0 0.0 0.6993006993006992
32 40 43 0.0 0.0 0.0 0.0 2.0 0.0 0.0 0.6993006993006992
32 41 39 0.0 0.0 0.0 0.0 2.0 0.0 0.0 0.6993006993006992
32 41 41 0.0 0.0 0.0 0.0 2.0 0.0 0.0 0.6993006993006992
32 41 43 0.0 0.0 5.0 0.0 23.0 1.0 0.0 0.6906758756783422
32 42 38 0.0 0.0 0.0 0.0 2.0 0.0 0.0 0.6993006993006992
32 43 39 0.0 0.0 0.0 0.0 1.0 0.0 0.0 0.6996501749125437
32 43 40 0.0 0.0 0.0 0.0 1.0 0.0 0.0 0.6996501749125437
33 35 36 0.0 0.0 0.0 0.0 2.0 0.0 0.0 0.6993006993006992
33 35 40 0.0 0.0 0.0 0.0 1.0 0.0 0.0 0.6996501749125437
33 36 37 0.0 0.0 0.0 0.0 5.0 0.0 0.0 0.6982543640897755
33 36 38 0.0 0.0 0.0 0.0 23.0 0.0 0.0 0.6920415224913494
33 36 39 0.0 0.0 0.0 0.0 25.0 0.0 0.0 0.6913580246913579
33 36 40 0.0 0.0 0.0 0.0 19.0 0.0 0.0 0.6934125804853887
33 36 41 0.0 0.0 1.0 0.0 36.0 0.0 0.0 0.6872852233676975
33 36 42 0.0 0.0 0.0 0.0 3.0 0.0 0.0 0.6989515726410384
33 36 43 0.0 0.0 0.0 0.0 3.0 0.0 0.0 0.6989515726410384
33 37 35 0.0 0.0 0.0 0.0 1.0 0.0 0.0 0.6996501749125437
33 37 36 0.0 0.0 0.0 0.0 2.0 0.0 0.0 0.6993006993006992
33 37 37 0.0 0.0 0.0 0.0 3.0 0.0 0.0 0.6989515726410384
33 37 38 0.0 0.0 0.0 0.0 29.0 0.0 0.0 0.6899950714637751
33 37 39 0.0 0.0 9.0 0.0 333.0 3.0 0.0 0.5985463873450192
33 37 40 0.0 0.0 43.0 0.0 1085.0 2.0 5.0 0.44785668586052463
33 37 41 0.0 0.0 5.0 0.0 181.0 1.0 1.0 0.6404391582799633
33 37 42 0.0 0.0 0.0 0.0 15.0 1.0 0.0 0.695479384003974
33 37 43 0.0 0.0 2.0 0.0 66.0 1.0 0.0 0.6773101112723753
33 38 35 0.0 0.0 0.0 0.0 3.0 0.0 0.0 0.6989515726410384
33 38 36 0.0 0.0 0.0 0.0 9.0 0.0 0.0 0.6968641114982577
33 38 37 0.0 0.0 1.0 0.0 23.0 0.0 0.0 0.6916996047430829
33 38 38 0.0 0.0 14.0 0.0 473.0 2.0 2.0 0.5633802816901408
33 38 39 0.0 0.0 258.0 0.0 5321.0 23.0 291.0 0.18520968382061118
33 38 40 0.0 0.0 165.0 0.0 3655.0 20.0 117.0 0.24129610479145117
33 38 41 0.0 0.0 18.0 0.0 586.0 5.0 0.0 0.5386687187379761
33 38 42 0.0 0.0 0.0 0.0 21.0 0.0 0.0 0.6927263730826323
33 38 43 0.0 0.0 0.0 0.0 7.0 0.0 0.0 0.6975585450921773
33 38 44 0.0 0.0 0.0 0.0 1.0 0.0 0.0 0.6996501749125437
33 39 34 0.0 0.0 0.0 0.0 1.0 0.0 0.0 0.6996501749125437
33 39 35 0.0 0.0 0.0 0.0 2.0 0.0 0.0 0.6993006993006992
33 39 36 0.0 0.0 0.0 0.0 11.0 0.0 0.0 0.6961710591745399
33 39 37 0.0 0.0 20.0 0.0 505.0 5.0 1.0 0.5555555555555555
33 39 38 0.0 0.0 3.0 0.0 181.0 3.0 0.0 0.6419073819348922
33 39 39 0.0 0.0 12.0 0.0 310.0 4.0 0.0 0.6039689387402932
33 39 40 0.0 0.0 204.0 0.0 4905.0 22.0 271.0 0.1975169300225733
33 39 41 0.0 0.0 33.0 0.0 858.0 12.0 1.0 0.4864489228630993
33 39 42 0.0 0.0 1.0 0.0 36.0 0.0 0.0 0.6872852233676975
33 39 43 0.0 0.0 182.0 0.0 3944.0 21.0 161.0 0.22924512854101847
33 39 44 0.0 0.0 0.0 0.0 3.0 0.0 0.0 0.6989515726410384
33 40 34 0.0 0.0 0.0 0.0 4.0 0.0 0.0 0.6986027944111775
33 40 35 0.0 0.0 0.0 0.0 6.0 0.0 0.0 0.6979062811565303
33 40 36 0.0 0.0 2.0 0.0 32.0 1.0 0.0 0.6886374815543531
33 40 37 0.0 0.0 0.0 0.0 57.0 0.0 0.0 0.6806028196402526
33 40 38 0.0 0.0 11.0 0.0 456.0 3.0 1.0 0.5681818181818181
33 40 39 0.0 0.0 116.0 0.0 2411.0 15.0 35.0 0.31028368794326233
33 40 40 0.0 0.0 71.0 0.0 1574.0 12.0 16.0 0.3853564547206165
33 40 41 0.0 0.0 1.0 0.0 64.0 0.0 0.0 0.6779661016949151
33 40 42 0.0 0.0 3.0 0.0 38.0 0.0 0.0 0.6859382655560998
33 40 43 0.0 0.0 11.0 0.0 171.0 4.0 0.0 0.6427915518824608
33 40 44 0.0 0.0 1.0 0.0 57.0 0.0 0.0 0.6802721088435373
33 41 35 0.0 0.0 2.0 0.0 39.0 1.0 0.0 0.6862745098039215
33 41 36 0.0 0.0 0.0 0.0 36.0 0.0 0.0 0.6879606879606879
33 41 37 0.0 0.0 25.0 0.0 765.0 7.0 3.0 0.5030542579949694
33 41 38 0.0 0.0 77.0 0.0 1717.0 10.0 10.0 0.3698811096433288
33 41 39 0.0 0.0 20.0 0.0 436.0 4.0 1.0 0.5709624796084828
33 41 40 0.0 0.0 6.0 0.0 121.0 2.0 0.0 0.6588235294117646
33 41 41 0.0 0.0 21.0 0.0 408.0 5.0 0.0 0.5775577557755774
33 41 42 0.0 0.0 9.0 0.0 142.0 3.0 0.0 0.6517690875232773
33 41 43 0.0 0.0 47.0 0.0 1357.0 7.0 17.0 0.4123711340206185
33 41 44 0.0 0.0 0.0 0.0 13.0 1.0 0.0 0.6958250497017892
33 41 45 0.0 0.0 0.0 0.0 1.0 0.0 0.0 0.6996501749125437
33 41 46 0.0 0.0 0.0 0.0 1.0 0.0 0.0 0.6996501749125437
33 42 35 0.0 0.0 0.0 0.0 6.0 0.0 0.0 0.6982543640897755
33 42 36 0.0 0.0 0.0 0.0 46.0 0.0 0.0 0.6842619745845552
33 42 37 0.0 0.0 5.0 0.0 136.0 2.0 0.0 0.6545114539504441
33 42 38 0.0 0.0 0.0 0.0 56.0 2.0 0.0 0.6815968841285296
33 42 39 0.0 0.0 32.0 0.0 984.0 9.0 4.0 0.4655803126039241
33 42 40 0.0 0.0 71.0 0.0 1327.0 12.0 11.0 0.41346721795629054
33 42 41 0.0 0.0 11.0 0.0 258.0 1.0 0.0 0.6172839506172839
33 42 42 0.0 0.0 0.0 0.0 41.0 0.0 0.0 0.6859382655560998
33 42 43 0.0 0.0 0.0 0.0 27.0 0.0 0.0 0.6906758756783422
33 42 44 0.0 0.0 0.0 0.0 14.0 0.0 0.0 0.6951340615690167
33 42 45 0.0 0.0 6.0 0.0 52.0 2.0 0.0 0.6809338521400777
33 42 46 0.0 0.0 0.0 0.0 2.0 0.0 0.0 0.6993006993006992
33 43 35 0.0 0.0 1.0 0.0 32.0 0.0 0.0 0.6886374815543531
33 43 36 0.0 0.0 0.0 0.0 16.0 0.0 0.0 0.6944444444444444
33 43 37 0.0 0.0 0.0 0.0 42.0 0.0 0.0 0.6856023506366307
33 43 38 0.0 0.0 18.0 0.0 563.0 4.0 1.0 0.5432673651532789
33 43 39 0.0 0.0 1.0 0.0 55.0 0.0 0.0 0.6812652068126519
33 43 40 0.0 0.0 0.0 0.0 76.0 1.0 0.0 0.6746987951807227
33 43 41 0.0 0.0 3.0 0.0 183.0 1.0 0.0 0.6407322654462241
33 43 42 0.0 0.0 13.0 0.0 198.0 5.0 0.0 0.6346328195829555
33 43 43 0.0 0.0 2.0 0.0 41.0 0.0 0.0 0.6852667645619186
33 43 44 0.0 0.0 0.0 0.0 25.0 0.0 0.0 0.6913580246913579
33 43 45 0.0 0.0 0.0 0.0 14.0 0.0 0.0 0.6951340615690167
33 43 46 0.0 0.0 0.0 0.0 2.0 0.0 0.0 0.6993006993006992
33 44 36 0.0 0.0 0.0 0.0 2.0 0.0 0.0 0.6993006993006992
33 44 37 0.0 0.0 0.0 0.0 4.0 0.0 0.0 0.6986027944111775
33 44 38 0.0 0.0 0.0 0.0 16.0 0.0 0.0 0.6944444444444444
33 44 39 0.0 0.0 44.0 0.0 918.0 9.0 5.0 0.4740941415509651
33 44 40 0.0 0.0 0.0 0.0 61.0 0.0 0.0 0.6792819019893255
33 44 41 0.0 0.0 52.0 0.0 1276.0 15.0 10.0 0.4225777241171143
33 44 42 0.0 0.0 23.0 0.0 582.0 9.0 0.0 0.5392912172573189
33 44 43 0.0 0.0 1.0 0.0 25.0 0.0 0.0 0.6910167818361302
33 44 44 0.0 0.0 16.0 0.0 338.0 7.0 0.0 0.5965061780997016
33 44 45 0.0 0.0 0.0 0.0 8.0 0.0 0.0 0.697211155378486
33 45 38 0.0 0.0 0.0 0.0 5.0 0.0 0.0 0.6982543640897755
33 45 39 0.0 0.0 0.0 0.0 11.0 0.0 0.0 0.6961710591745399
33 45 40 0.0 0.0 0.0 0.0 30.0 0.0 0.0 0.689655172413793
33 45 41 0.0 0.0 0.0 0.0 20.0 1.0 0.0 0.6934125804853887
33 45 42 0.0 0.0 0.0 0.0 11.0 0.0 0.0 0.6961710591745399
33 45 43 0.0 0.0 7.0 0.0 146.0 1.0 0.0 0.6505576208178437
33 45 44 0.0 0.0 0.0 0.0 7.0 0.0 0.0 0.6975585450921773
33 46 37 0.0 0.0 0.0 0.0 1.0 0.0 0.0 0.6996501749125437
33 46 38 0.0 0.0 0.0 0.0 1.0 0.0 0.0 0.6996501749125437
33 46 39 0.0 0.0 0.0 0.0 8.0 0.0 0.0 0.697211155378486
33 46 40 0.0 0.0 0.0 0.0 9.0 0.0 0.0 0.6968641114982577
33 46 41 0.0 0.0 0.0 0.0 9.0 0.0 0.0 0.6968641114982577
33 46 42 0.0 0.0 0.0 0.0 2.0 0.0 0.0 0.6993006993006992
33 46 43 0.0 0.0 0.0 0.0 5.0 0.0 0.0 0.6982543640897755
34 33 40 0.0 0.0 0.0 0.0 4.0 0.0 0.0 0.6986027944111775
34 34 37 0.0 0.0 0.0 0.0 1.0 0.0 0.0 0.6996501749125437
34 34 38 0.0 0.0 0.0 0.0 5.0 0.0 0.0 0.6986027944111775
34 34 39 0.0 0.0 0.0 0.0 8.0 0.0 0.0 0.697211155378486
34 34 40 0.0 0.0 0.0 0.0 23.0 0.0 0.0 0.6920415224913494
34 34 41 0.0 0.0 2.0 0.0 69.0 0.0 0.0 0.6760019314340897
34 34 42 0.0 0.0 0.0 0.0 11.0 0.0 0.0 0.6961710591745399
34 34 43 0.0 0.0 0.0 0.0 6.0 0.0 0.0 0.6979062811565303
34 35 36 0.0 0.0 0.0 0.0 1.0 0.0 0.0 0.6996501749125437
34 35 37 0.0 0.0 4.0 0.0 66.0 0.0 0.0 0.6763285024154588
34 35 38 0.0 0.0 0.0 0.0 24.0 0.0 0.0 0.6916996047430829
34 35 39 0.0 0.0 21.0 0.0 784.0 6.0 3.0 0.5001786352268667
34 35 40 0.0 0.0 8.0 0.0 154.0 0.0 0.0 0.6475485661424606
34 35 41 0.0 0.0 18.0 0.0 492.0 4.0 1.0 0.5586592178770949
34 35 42 0.0 0.0 0.0 0.0 54.0 1.0 0.0 0.6822612085769979
34 35 43 0.0 0.0 0.0 0.0 25.0 0.0 0.0 0.6913580246913579
34 35 44 0.0 0.0 0.0 0.0 5.0 0.0 0.0 0.6982543640897755
34 36 36 0.0 0.0 48.0 0.0 950.0 6.0 5.0 0.4679144385026737
34 36 37 0.0 0.0 2.0 0.0 79.0 2.0 0.0 0.6734006734006733
34 36 38 0.0 0.0 0.0 0.0 83.0 0.0 0.0 0.6721075372059528
34 36 39 0.0 0.0 96.0 0.0 2119.0 12.0 21.0 0.3331746787244169
34 36 40 0.0 0.0 19.0 0.0 484.0 6.0 1.0 0.5606728073688425
34 36 41 0.0 0.0 38.0 0.0 958.0 7.0 3.0 0.46838407494145196
34 36 42 0.0 0.0 80.0 0.0 1710.0 12.0 28.0 0.3705664372683959
34 36 43 0.0 0.0 3.0 0.0 74.0 1.0 0.0 0.6746987951807227
34 36 44 0.0 0.0 0.0 0.0 5.0 0.0 0.0 0.6982543640897755
34 37 35 0.0 0.0 0.0 0.0 1.0 0.0 0.0 0.6996501749125437
34 37 36 0.0 0.0 0.0 0.0 30.0 0.0 0.0 0.689655172413793
34 37 37 0.0 0.0 106.0 0.0 2264.0 14.0 27.0 0.3213957759412305
34 37 38 0.0 0.0 162.0 0.0 3681.0 14.0 133.0 0.24005486968449927
34 37 39 0.0 0.0 403.0 0.0 8554.0 16.0 1640.0 0.12783053323593863
34 37 40 0.0 0.0 345.0 0.0 7559.0 24.0 946.0 0.14161440420797083
34 37 41 0.0 0.0 125.0 0.0 3145.0 13.0 88.0 0.26621030614185204
34 37 42 0.0 0.0 127.0 0.0 3311.0 14.0 83.0 0.2581596902083717
34 37 43 0.0 0.0 101.0 0.0 2415.0 11.0 43.0 0.31062791213667623
34 37 44 0.0 0.0 0.0 0.0 28.0 0.0 0.0 0.690335305719921
34 37 45 0.0 0.0 0.0 0.0 10.0 0.0 0.0 0.6965174129353233
34 37 46 0.0 0.0 0.0 0.0 3.0 0.0 0.0 0.6989515726410384
34 38 35 0.0 0.0 53.0 0.0 1562.0 8.0 16.0 0.388134183532021
34 38 36 0.0 0.0 2.0 0.0 152.0 2.0 0.0 0.6511627906976742
34 38 37 0.0 0.0 108.0 0.0 2383.0 12.0 43.0 0.3126395712371594
34 38 38 0.0 0.0 237.0 0.0 5246.0 18.0 306.0 0.1874665238350294
34 38 39 0.0 0.0 510.0 0.0 9660.0 28.0 2489.0 0.11523582187834387
34 38 40 0.0 0.0 667.0 0.0 11339.0 30.0 5620.0 0.10004287551807917
34 38 41 0.0 0.0 409.0 0.0 8381.0 26.0 1377.0 0.12994245405606086
34 38 42 0.0 0.0 223.0 0.0 4833.0 20.0 216.0 0.19892014776925263
34 38 43 0.0 0.0 54.0 0.0 1210.0 10.0 6.0 0.43023970497848796
34 38 44 0.0 0.0 5.0 0.0 156.0 2.0 0.0 0.6484483557202407
34 38 45 0.0 0.0 0.0 0.0 14.0 0.0 0.0 0.6951340615690167
34 39 34 0.0 0.0 0.0 0.0 1.0 0.0 0.0 0.6996501749125437
34 39 35 0.0 0.0 0.0 0.0 50.0 0.0 0.0 0.6829268292682925
34 39 36 0.0 0.0 149.0 0.0 2747.0 12.0 50.0 0.28647431962349085
34 39 37 0.0 0.0 335.0 0.0 7627.0 16.0 1179.0 0.14067524115755625
34 39 38 0.0 0.0 432.0 0.0 9108.0 23.0 2202.0 0.12148559527941685
34 39 39 0.0 0.0 156.0 0.0 3762.0 15.0 122.0 0.23720772619451028
34 39 40 0.0 0.0 495.0 0.0 9495.0 25.0 2163.0 0.1169492941274747
34 39 41 0.0 0.0 242.0 0.0 5399.0 18.0 349.0 0.18360655737704917
34 39 42 0.0 0.0 118.0 0.0 2615.0 17.0 38.0 0.29679881280474874
34 39 43 0.0 0.0 96.0 0.0 2167.0 11.0 28.0 0.32925682031984943
34 39 44 0.0 0.0 4.0 0.0 234.0 1.0 0.0 0.6258381761287437
34 39 45 0.0 0.0 0.0 0.0 14.0 0.0 0.0 0.6951340615690167
34 39 46 0.0 0.0 0.0 0.0 11.0 0.0 0.0 0.6961710591745399
34 40 34 0.0 0.0 0.0 0.0 4.0 0.0 0.0 0.6986027944111775
34 40 35 0.0 0.0 84.0 0.0 1925.0 7.0 22.0 0.3499125218695326
34 40 36 0.0 0.0 318.0 0.0 6130.0 18.0 487.0 0.16591609386110448
34 40 37 0.0 0.0 174.0 0.0 4946.0 10.0 298.0 0.1968227189652748
34 40 38 0.0 0.0 239.0 0.0 6318.0 25.0 505.0 0.1640496836184673
34 40 39 0.0 0.0 308.0 0.0 7118.0 21.0 890.0 0.1487620869195622
34 40 40 0.0 0.0 457.0 0.0 8483.0 17.0 1444.0 0.128052684533065
34 40 41 0.0 0.0 220.0 0.0 5172.0 24.0 295.0 0.1900108577633007
34 40 42 0.0 0.0 391.0 0.0 8204.0 17.0 1364.0 0.13223764994804948
34 40 43 0.0 0.0 202.0 0.0 4374.0 22.0 208.0 0.21347971942665442
34 40 44 0.0 0.0 10.0 0.0 351.0 2.0 0.0 0.5934718100890207
34 40 45 0.0 0.0 0.0 0.0 20.0 0.0 0.0 0.6930693069306929
34 40 46 0.0 0.0 0.0 0.0 1.0 0.0 0.0 0.6996501749125437
34 41 34 0.0 0.0 0.0 0.0 4.0 0.0 0.0 0.6986027944111775
34 41 35 0.0 0.0 4.0 0.0 192.0 2.0 1.0 0.6378132118451024
34 41 36 0.0 0.0 222.0 0.0 5561.0 21.0 449.0 0.18024977468778164
34 41 37 0.0 0.0 335.0 0.0 7030.0 23.0 742.0 0.1497326203208556
34 41 38 0.0 0.0 532.0 0.0 10011.0 19.0 3018.0 0.1116516468617912
34 41 39 0.0 0.0 149.0 0.0 3796.0 15.0 150.0 0.23608768971332209
34 41 40 0.0 0.0 275.0 0.0 5691.0 20.0 410.0 0.17607848069425225
34 41 41 0.0 0.0 305.0 0.0 6243.0 27.0 500.0 0.1642806852851443
34 41 42 0.0 0.0 220.0 0.0 5125.0 14.0 273.0 0.19089173711480772
34 41 43 0.0 0.0 263.0 0.0 5832.0 22.0 463.0 0.17339608620262567
34 41 44 0.0 0.0 110.0 0.0 3402.0 13.0 133.0 0.2545454545454545
34 41 45 0.0 0.0 1.0 0.0 83.0 1.0 0.0 0.6721075372059528
34 41 46 0.0 0.0 0.0 0.0 1.0 0.0 0.0 0.6996501749125437
34 42 34 0.0 0.0 10.0 0.0 129.0 2.0 0.0 0.6551240056153486
34 42 35 0.0 0.0 48.0 0.0 961.0 5.0 2.0 0.46604527296937415
34 42 36 0.0 0.0 370.0 0.0 7582.0 12.0 955.0 0.1406893779519646
34 42 37 0.0 0.0 357.0 0.0 8009.0 25.0 1257.0 0.13523956723338482
34 42 38 0.0 0.0 300.0 0.0 6270.0 25.0 515.0 0.16372354110630336
34 42 39 0.0 0.0 276.0 0.0 6319.0 21.0 574.0 0.16326530612244894
34 42 40 0.0 0.0 275.0 0.0 5305.0 21.0 288.0 0.18511172815020493
34 42 41 0.0 0.0 314.0 0.0 6658.0 16.0 622.0 0.15626744056256275
34 42 42 0.0 0.0 205.0 0.0 4801.0 18.0 262.0 0.20022883295194505
34 42 43 0.0 0.0 141.0 0.0 3499.0 21.0 108.0 0.2491546538529987
34 42 44 0.0 0.0 49.0 0.0 1261.0 9.0 7.0 0.4241139048773099
34 42 45 0.0 0.0 119.0 0.0 2166.0 11.0 27.0 0.3275620028076743
34 43 34 0.0 0.0 0.0 0.0 3.0 0.0 0.0 0.6989515726410384
34 43 35 0.0 0.0 0.0 0.0 31.0 0.0 0.0 0.6893156080748399
34 43 36 0.0 0.0 13.0 0.0 375.0 2.0 1.0 0.5867560771165129
34 43 37 0.0 0.0 13.0 0.0 632.0 1.0 3.0 0.529701097237987
34 43 38 0.0 0.0 326.0 0.0 6794.0 38.0 656.0 0.15403234679282646
34 43 39 0.0 0.0 440.0 0.0 8442.0 28.0 1299.0 0.12892531540657517
34 43 40 0.0 0.0 535.0 0.0 9412.0 31.0 1985.0 0.117410265011741
34 43 41 0.0 0.0 368.0 0.0 8045.0 20.0 1333.0 0.13455069678039402
34 43 42 0.0 0.0 60.0 0.0 1504.0 10.0 11.0 0.393922341024198
34 43 43 0.0 0.0 236.0 0.0 5374.0 18.0 370.0 0.18430753027909422
34 43 44 0.0 0.0 352.0 0.0 7199.0 20.0 862.0 0.1468274777136864
34 43 45 0.0 0.0 7.0 0.0 199.0 0.0 0.0 0.6346328195829555
34 43 46 0.0 0.0 0.0 0.0 1.0 0.0 0.0 0.6996501749125437
34 44 36 0.0 0.0 0.0 0.0 43.0 0.0 0.0 0.6852667645619186
34 44 37 0.0 0.0 116.0 0.0 3059.0 15.0 71.0 0.2712652586708002
34 44 38 0.0 0.0 16.0 0.0 579.0 3.0 5.0 0.5401234567901234
34 44 39 0.0 0.0 42.0 0.0 1094.0 11.0 10.0 0.44828690361831564
34 44 40 0.0 0.0 162.0 0.0 4305.0 24.0 228.0 0.21732381248059604
34 44 41 0.0 0.0 316.0 0.0 7139.0 21.0 939.0 0.1483365119728756
34 44 42 0.0 0.0 100.0 0.0 2412.0 15.0 44.0 0.3111802622805067
34 44 43 0.0 0.0 50.0 0.0 1439.0 6.0 15.0 0.4020677771395749
34 44 44 0.0 0.0 360.0 0.0 6975.0 21.0 690.0 0.15019847655830915
34 44 45 0.0 0.0 3.0 0.0 61.0 0.0 0.0 0.6782945736434108
34 45 35 0.0 0.0 0.0 0.0 1.0 0.0 0.0 0.6996501749125437
34 45 36 0.0 0.0 1.0 0.0 28.0 1.0 0.0 0.690335305719921
34 45 37 0.0 0.0 129.0 0.0 2799.0 10.0 55.0 0.2845528455284552
34 45 38 0.0 0.0 2.0 0.0 108.0 1.0 0.0 0.6641366223908918
34 45 39 0.0 0.0 165.0 0.0 3491.0 18.0 107.0 0.24831500532103576
34 45 40 0.0 0.0 229.0 0.0 5796.0 14.0 459.0 0.1747160863596655
34 45 41 0.0 0.0 240.0 0.0 5816.0 15.0 482.0 0.17404276479363498
34 45 42 0.0 0.0 165.0 0.0 3456.0 15.0 99.0 0.24973242953977878
34 45 43 0.0 0.0 1.0 0.0 110.0 0.0 0.0 0.6631927996210326
34 45 44 0.0 0.0 66.0 0.0 1635.0 13.0 10.0 0.37960954446854656
34 45 45 0.0 0.0 0.0 0.0 13.0 0.0 0.0 0.695479384003974
34 46 35 0.0 0.0 0.0 0.0 4.0 0.0 0.0 0.6986027944111775
34 46 36 0.0 0.0 0.0 0.0 4.0 0.0 0.0 0.6986027944111775
34 46 37 0.0 0.0 0.0 0.0 8.0 0.0 0.0 0.697211155378486
34 46 38 0.0 0.0 107.0 0.0 2236.0 13.0 46.0 0.32332563510392603
34 46 39 0.0 0.0 0.0 0.0 6.0 0.0 0.0 0.6979062811565303
34 46 40 0.0 0.0 12.0 0.0 139.0 1.0 0.0 0.6511627906976742
34 46 41 0.0 0.0 0.0 0.0 38.0 0.0 0.0 0.6872852233676975
34 46 42 0.0 0.0 2.0 0.0 23.0 0.0 0.0 0.6913580246913579
34 46 43 0.0 0.0 4.0 0.0 47.0 1.0 0.0 0.6829268292682925
34 46 44 0.0 0.0 0.0 0.0 1.0 0.0 0.0 0.6996501749125437
34 46 45 0.0 0.0 8.0 0.0 459.0 1.0 1.0 0.56772100567721
34 47 35 0.0 0.0 0.0 0.0 1.0 0.0 0.0 0.6996501749125437
34 47 36 0.0 0.0 0.0 0.0 1.0 0.0 0.0 0.6996501749125437
34 47 37 0.0 0.0 0.0 0.0 3.0 0.0 0.0 0.6989515726410384
34 47 39 0.0 0.0 0.0 0.0 2.0 0.0 0.0 0.6993006993006992
34 47 40 0.0 0.0 0.0 0.0 4.0 0.0 0.0 0.6986027944111775
34 47 41 0.0 0.0 0.0 0.0 2.0 0.0 0.0 0.6993006993006992
34 47 42 0.0 0.0 0.0 0.0 3.0 0.0 0.0 0.6989515726410384
34 48 39 0.0 0.0 0.0 0.0 3.0 0.0 0.0 0.6989515726410384
34 48 40 0.0 0.0 0.0 0.0 1.0 0.0 0.0 0.6996501749125437
35 33 36 0.0 0.0 0.0 0.0 2.0 0.0 0.0 0.6993006993006992
35 33 37 0.0 0.0 0.0 0.0 2.0 0.0 0.0 0.6993006993006992
35 33 39 0.0 0.0 0.0 0.0 1.0 0.0 0.0 0.6996501749125437
35 33 40 0.0 0.0 0.0 0.0 1.0 0.0 0.0 0.6996501749125437
35 33 41 0.0 0.0 0.0 0.0 1.0 0.0 0.0 0.6996501749125437
35 33 42 0.0 0.0 5.0 0.0 96.0 1.0 0.0 0.6666666666666665
35 34 35 0.0 0.0 8.0 0.0 140.0 1.0 0.0 0.6520726595249184
35 34 36 0.0 0.0 0.0 0.0 1.0 0.0 0.0 0.6996501749125437
35 34 37 0.0 0.0 1.0 0.0 18.0 1.0 0.0 0.6937561942517343
35 34 38 0.0 0.0 0.0 0.0 3.0 0.0 0.0 0.6989515726410384
35 34 39 0.0 0.0 1.0 0.0 49.0 0.0 0.0 0.6829268292682925
35 34 40 0.0 0.0 15.0 0.0 354.0 6.0 0.0 0.5924672027084215
35 34 41 0.0 0.0 101.0 0.0 2440.0 12.0 39.0 0.30905077262693154
35 34 42 0.0 0.0 2.0 0.0 61.0 1.0 0.0 0.6789524733268669
35 34 43 0.0 0.0 1.0 0.0 14.0 0.0 0.0 0.694789081885856
35 34 44 0.0 0.0 0.0 0.0 8.0 0.0 0.0 0.697211155378486
35 34 45 0.0 0.0 0.0 0.0 4.0 0.0 0.0 0.6986027944111775
35 35 35 0.0 0.0 0.0 0.0 1.0 0.0 0.0 0.6996501749125437
35 35 36 0.0 0.0 0.0 0.0 4.0 0.0 0.0 0.6986027944111775
35 35 37 0.0 0.0 2.0 0.0 51.0 0.0 0.0 0.6822612085769979
35 35 38 0.0 0.0 170.0 0.0 4461.0 18.0 226.0 0.21164021164021163
35 35 39 0.0 0.0 6.0 0.0 354.0 1.0 0.0 0.5934718100890207
35 35 40 0.0 0.0 263.0 0.0 5477.0 23.0 360.0 0.1814411612234318
35 35 41 0.0 0.0 400.0 0.0 7953.0 29.0 1248.0 0.13551447100958278
35 35 42 0.0 0.0 315.0 0.0 5960.0 25.0 429.0 0.1696352841391009
35 35 43 0.0 0.0 19.0 0.0 699.0 0.0 4.0 0.5150846210448858
35 35 44 0.0 0.0 13.0 0.0 464.0 1.0 4.0 0.5654281098546041
35 35 45 0.0 0.0 6.0 0.0 121.0 1.0 0.0 0.6585136406396989
35 36 35 0.0 0.0 0.0 0.0 16.0 0.0 0.0 0.6944444444444444
35 36 36 0.0 0.0 0.0 0.0 81.0 0.0 0.0 0.6727534839019701
35 36 37 0.0 0.0 43.0 0.0 1345.0 6.0 9.0 0.4139562389118863
35 36 38 0.0 0.0 219.0 0.0 5157.0 18.0 351.0 0.1902432395705938
35 36 39 0.0 0.0 602.0 0.0 10582.0 19.0 3053.0 0.10624573119830005
35 36 40 0.0 0.0 265.0 0.0 6399.0 16.0 648.0 0.16184971098265893
35 36 41 0.0 0.0 392.0 0.0 8201.0 20.0 1312.0 0.13233765006144246
35 36 42 0.0 0.0 452.0 0.0 8983.0 31.0 1757.0 0.12267788293024885
35 36 43 0.0 0.0 344.0 0.0 7148.0 22.0 814.0 0.1477884513881558
35 36 44 0.0 0.0 36.0 0.0 729.0 12.0 1.0 0.5085361423901198
35 36 45 0.0 0.0 7.0 0.0 272.0 4.0 1.0 0.6153846153846153
35 36 46 0.0 0.0 0.0 0.0 2.0 0.0 0.0 0.6993006993006992
35 36 47 0.0 0.0 0.0 0.0 1.0 0.0 0.0 0.6996501749125437
35 37 33 0.0 0.0 0.0 0.0 1.0 0.0 0.0 0.6996501749125437
35 37 34 0.0 0.0 0.0 0.0 1.0 0.0 0.0 0.6996501749125437
35 37 35 0.0 0.0 2.0 0.0 80.0 2.0 0.0 0.6734006734006733
35 37 36 0.0 0.0 157.0 0.0 3524.0 13.0 107.0 0.24691358024691357
35 37 37 0.0 0.0 459.0 0.0 8955.0 27.0 1828.0 0.12279624594333828
35 37 38 0.0 0.0 258.0 0.0 5972.0 23.0 546.0 0.1705445243025947
35 37 39 0.0 0.0 599.0 0.0 10436.0 15.0 2903.0 0.107386668712127
35 37 40 0.0 0.0 473.0 0.0 9381.0 16.0 2248.0 0.1181434599156118
35 37 41 0.0 0.0 679.0 0.0 10942.0 29.0 3322.0 0.10290334435869164
35 37 42 0.0 0.0 587.0 0.0 10325.0 21.0 2931.0 0.10844306738962045
35 37 43 0.0 0.0 23.0 0.0 1115.0 4.0 14.0 0.44685604851579946
35 37 44 0.0 0.0 61.0 0.0 1597.0 13.0 14.0 0.38408779149519884
35 37 45 0.0 0.0 6.0 0.0 192.0 2.0 1.0 0.6378132118451024
35 37 46 0.0 0.0 11.0 0.0 184.0 2.0 0.0 0.6383948928408572
35 38 33 0.0 0.0 0.0 0.0 1.0 0.0 0.0 0.6996501749125437
35 38 34 0.0 0.0 0.0 0.0 7.0 0.0 0.0 0.6975585450921773
35 38 35 0.0 0.0 6.0 0.0 215.0 4.0 0.0 0.6314839873703202
35 38 36 0.0 0.0 226.0 0.0 4990.0 15.0 258.0 0.19436345966958213
35 38 37 0.0 0.0 384.0 0.0 8139.0 15.0 1283.0 0.13318112633181123
35 38 38 0.0 0.0 555.0 0.0 9810.0 36.0 2301.0 0.11353499310680397
35 38 39 0.0 0.0 818.0 0.0 12013.0 27.0 6276.0 0.09441596978688965
35 38 40 0.0 0.0 1244.0 0.0 12305.0 37.0 17441.0 0.09009009009009007
35 38 41 0.0 0.0 1152.0 0.0 12451.0 31.0 15728.0 0.0897666068222621
35 38 42 0.0 0.0 304.0 0.0 6326.0 22.0 562.0 0.16254499013119703
35 38 43 0.0 0.0 263.0 0.0 5882.0 17.0 486.0 0.17220172201722017
35 38 44 0.0 0.0 413.0 0.0 8005.0 26.0 1003.0 0.13466717968449401
35 38 45 0.0 0.0 253.0 0.0 5552.0 18.0 379.0 0.17971758664955065
35 38 46 0.0 0.0 0.0 0.0 41.0 0.0 0.0 0.6859382655560998
35 39 34 0.0 0.0 19.0 0.0 208.0 4.0 1.0 0.6297795771479981
35 39 35 0.0 0.0 138.0 0.0 3687.0 12.0 128.0 0.2406738868832731
35 39 36 0.0 0.0 374.0 0.0 8560.0 20.0 1898.0 0.1282168696767103
35 39 37 0.0 0.0 591.0 0.0 10633.0 21.0 4089.0 0.10593220338983049
35 39 38 0.0 0.0 1349.0 0.0 12559.0 38.0 18768.0 0.08796732642161482
35 39 39 0.0 0.0 950.0 0.0 12332.0 29.0 9696.0 0.09158108196506835
35 39 40 0.0 0.0 885.0 0.0 12293.0 38.0 7295.0 0.09230566361178874
35 39 41 0.0 0.0 1141.0 0.0 13133.0 37.0 10863.0 0.08605323006945724
35 39 42 0.0 0.0 686.0 0.0 11165.0 31.0 4176.0 0.10116337885685381
35 39 43 0.0 0.0 389.0 0.0 8124.0 23.0 1238.0 0.13339685564554546
35 39 44 0.0 0.0 255.0 0.0 5704.0 20.0 435.0 0.17627801561319564
35 39 45 0.0 0.0 48.0 0.0 873.0 16.0 1.0 0.4819277108433734
35 39 46 0.0 0.0 43.0 0.0 903.0 9.0 4.0 0.4766768811712631
35 40 33 0.0 0.0 1.0 0.0 11.0 1.0 0.0 0.6965174129353233
35 40 34 0.0 0.0 0.0 0.0 22.0 0.0 0.0 0.6923837784371908
35 40 35 0.0 0.0 40.0 0.0 1334.0 12.0 14.0 0.4164187983343247
35 40 36 0.0 0.0 759.0 0.0 11628.0 35.0 4789.0 0.09745231797299177
35 40 37 0.0 0.0 1136.0 0.0 12865.0 32.0 12971.0 0.087527352297593
35 40 38 0.0 0.0 1610.0 0.0 12887.0 38.0 22093.0 0.08491538788136106
35 40 39 0.0 0.0 1020.0 0.0 12697.0 35.0 9589.0 0.0891095410858634
35 40 40 0.0 0.0 1102.0 0.0 12877.0 39.0 11888.0 0.08766986035443672
35 40 41 0.0 0.0 914.0 0.0 12419.0 37.0 8139.0 0.09135399673735725
35 40 42 0.0 0.0 727.0 0.0 11390.0 33.0 4357.0 0.0992978225406057
35 40 43 0.0 0.0 333.0 0.0 7327.0 28.0 935.0 0.14524328249818444
35 40 44 0.0 0.0 318.0 0.0 6583.0 25.0 630.0 0.157533475863621
35 40 45 0.0 0.0 2.0 0.0 204.0 2.0 0.0 0.6357856494096276
35 40 46 0.0 0.0 0.0 0.0 4.0 0.0 0.0 0.6986027944111775
35 41 33 0.0 0.0 0.0 0.0 17.0 0.0 0.0 0.694100148735746
35 41 34 0.0 0.0 16.0 0.0 699.0 6.0 1.0 0.5167958656330748
35 41 35 0.0 0.0 11.0 0.0 465.0 7.0 1.0 0.5672609400324148
35 41 36 0.0 0.0 567.0 0.0 10103.0 27.0 2721.0 0.11060199083583504
35 41 37 0.0 0.0 921.0 0.0 12237.0 31.0 11188.0 0.09233610341643582
35 41 38 0.0 0.0 1265.0 0.0 12759.0 36.0 15734.0 0.08736349453978158
35 41 39 0.0 0.0 1020.0 0.0 12729.0 37.0 9926.0 0.08895101340618844
35 41 40 0.0 0.0 1139.0 0.0 12909.0 39.0 12135.0 0.08722197993894461
35 41 41 0.0 0.0 650.0 0.0 10987.0 31.0 3924.0 0.10279756222923854
35 41 42 0.0 0.0 807.0 0.0 12016.0 29.0 6199.0 0.09451157766826435
35 41 43 0.0 0.0 1035.0 0.0 12814.0 40.0 9470.0 0.08841732979664013
35 41 44 0.0 0.0 379.0 0.0 8471.0 18.0 1629.0 0.12917512456172722
35 41 45 0.0 0.0 99.0 0.0 2487.0 16.0 38.0 0.3063457330415755
35 41 46 0.0 0.0 0.0 0.0 3.0 0.0 0.0 0.6989515726410384
35 42 33 0.0 0.0 3.0 0.0 148.0 0.0 0.0 0.6508600650860064
35 42 34 0.0 0.0 2.0 0.0 118.0 1.0 0.0 0.6606890042472864
35 42 35 0.0 0.0 269.0 0.0 5352.0 25.0 327.0 0.18418629127746347
35 42 36 0.0 0.0 602.0 0.0 10180.0 27.0 2549.0 0.10968348480100282
35 42 37 0.0 0.0 995.0 0.0 12599.0 35.0 7923.0 0.08985879332477534
35 42 38 0.0 0.0 791.0 0.0 11815.0 32.0 6030.0 0.0958904109589041
35 42 39 0.0 0.0 889.0 0.0 12260.0 25.0 7437.0 0.09245195800039621
35 42 40 0.0 0.0 1064.0 0.0 12914.0 45.0 10101.0 0.08778530223225482
35 42 41 0.0 0.0 703.0 0.0 11247.0 37.0 4122.0 0.10051694428489373
35 42 42 0.0 0.0 699.0 0.0 11282.0 28.0 4289.0 0.10018605982539
35 42 43 0.0 0.0 949.0 0.0 12662.0 26.0 8005.0 0.08966886568884903
35 42 44 0.0 0.0 524.0 0.0 10158.0 25.0 3040.0 0.11047108024934899
35 42 45 0.0 0.0 47.0 0.0 1258.0 7.0 3.0 0.42437102152167316
35 42 46 0.0 0.0 0.0 0.0 2.0 0.0 0.0 0.6993006993006992
35 43 33 0.0 0.0 0.0 0.0 2.0 0.0 0.0 0.6993006993006992
35 43 34 0.0 0.0 0.0 0.0 22.0 0.0 0.0 0.6923837784371908
35 43 35 0.0 0.0 45.0 0.0 966.0 7.0 10.0 0.4662004662004661
35 43 36 0.0 0.0 263.0 0.0 5481.0 27.0 371.0 0.18139414356050787
35 43 37 0.0 0.0 695.0 0.0 11389.0 37.0 4318.0 0.09957325746799431
35 43 38 0.0 0.0 618.0 0.0 10825.0 28.0 3898.0 0.10428305400372438
35 43 39 0.0 0.0 927.0 0.0 12363.0 27.0 8958.0 0.09155712510627165
35 43 40 0.0 0.0 794.0 0.0 12158.0 30.0 7459.0 0.09370189411685964
35 43 41 0.0 0.0 822.0 0.0 12073.0 34.0 6089.0 0.0940291490362012
35 43 42 0.0 0.0 559.0 0.0 10389.0 24.0 3120.0 0.10820001545714505
35 43 43 0.0 0.0 997.0 0.0 12635.0 35.0 9796.0 0.08958280010238033
35 43 44 0.0 0.0 265.0 0.0 5402.0 23.0 296.0 0.18317414627763964
35 43 45 0.0 0.0 53.0 0.0 1414.0 10.0 11.0 0.40497541220711597
35 43 46 0.0 0.0 0.0 0.0 1.0 0.0 0.0 0.6996501749125437
35 44 33 0.0 0.0 1.0 0.0 26.0 0.0 0.0 0.6906758756783422
35 44 34 0.0 0.0 0.0 0.0 5.0 0.0 0.0 0.6982543640897755
35 44 35 0.0 0.0 2.0 0.0 105.0 1.0 0.0 0.664767331433998
35 44 36 0.0 0.0 28.0 0.0 805.0 12.0 5.0 0.49627791563275425
35 44 37 0.0 0.0 170.0 0.0 4428.0 23.0 245.0 0.21289537712895376
35 44 38 0.0 0.0 621.0 0.0 10726.0 32.0 3733.0 0.10504201680672268
35 44 39 0.0 0.0 936.0 0.0 12302.0 13.0 8306.0 0.09180929897042428
35 44 40 0.0 0.0 1020.0 0.0 12659.0 31.0 11511.0 0.08928571428571427
35 44 41 0.0 0.0 846.0 0.0 12038.0 22.0 6631.0 0.09396603798912678
35 44 42 0.0 0.0 862.0 0.0 12256.0 23.0 9052.0 0.09256198347107437
35 44 43 0.0 0.0 788.0 0.0 11868.0 35.0 5845.0 0.09564801530368244
35 44 44 0.0 0.0 110.0 0.0 2929.0 15.0 73.0 0.2786624203821656
35 44 45 0.0 0.0 0.0 0.0 48.0 0.0 0.0 0.6835937499999999
35 45 35 0.0 0.0 0.0 0.0 5.0 0.0 0.0 0.6982543640897755
35 45 36 0.0 0.0 0.0 0.0 65.0 0.0 0.0 0.6779661016949151
35 45 37 0.0 0.0 248.0 0.0 5242.0 23.0 276.0 0.18734109460725273
35 45 38 0.0 0.0 78.0 0.0 2485.0 17.0 57.0 0.308030803080308
35 45 39 0.0 0.0 420.0 0.0 7736.0 20.0 927.0 0.13802622498274672
35 45 40 0.0 0.0 135.0 0.0 3622.0 13.0 128.0 0.24364775495997212
35 45 41 0.0 0.0 460.0 0.0 8737.0 26.0 1560.0 0.12517882689556506
35 45 42 0.0 0.0 273.0 0.0 5695.0 17.0 415.0 0.17601206939904446
35 45 43 0.0 0.0 68.0 0.0 1972.0 10.0 32.0 0.3472222222222222
35 45 44 0.0 0.0 198.0 0.0 4470.0 22.0 220.0 0.2106213329321498
35 45 45 0.0 0.0 8.0 0.0 156.0 4.0 0.0 0.648148148148148
35 46 35 0.0 0.0 0.0 0.0 2.0 0.0 0.0 0.6993006993006992
35 46 36 0.0 0.0 175.0 0.0 4255.0 21.0 194.0 0.21837466853844953
35 46 37 0.0 0.0 93.0 0.0 1950.0 11.0 24.0 0.3471361269526407
35 46 38 0.0 0.0 25.0 0.0 511.0 5.0 1.0 0.5531410509679968
35 46 39 0.0 0.0 2.0 0.0 97.0 0.0 1.0 0.6669842782277274
35 46 40 0.0 0.0 6.0 0.0 450.0 1.0 2.0 0.5704971475142624
35 46 41 0.0 0.0 200.0 0.0 4429.0 19.0 215.0 0.2117362371445856
35 46 42 0.0 0.0 3.0 0.0 230.0 3.0 0.0 0.6280843427545983
35 46 43 0.0 0.0 0.0 0.0 62.0 0.0 0.0 0.6789524733268669
35 46 44 0.0 0.0 2.0 0.0 28.0 0.0 0.0 0.6899950714637751
35 46 45 0.0 0.0 0.0 0.0 4.0 0.0 0.0 0.6986027944111775
35 47 35 0.0 0.0 0.0 0.0 3.0 0.0 0.0 0.6989515726410384
35 47 36 0.0 0.0 0.0 0.0 1.0 0.0 0.0 0.6996501749125437
35 47 37 0.0 0.0 0.0 0.0 3.0 0.0 0.0 0.6989515726410384
35 47 38 0.0 0.0 0.0 0.0 1.0 0.0 0.0 0.6996501749125437
35 47 39 0.0 0.0 0.0 0.0 3.0 0.0 0.0 0.6989515726410384
35 47 40 0.0 0.0 75.0 0.0 1826.0 9.0 31.0 0.3597122302158273
35 47 41 0.0 0.0 26.0 0.0 826.0 6.0 5.0 0.49191848208011235
35 47 42 0.0 0.0 3.0 0.0 66.0 0.0 0.0 0.6766553890768486
35 47 43 0.0 0.0 0.0 0.0 3.0 1.0 0.0 0.6993006993006992
35 48 40 0.0 0.0 0.0 0.0 1.0 0.0 0.0 0.6996501749125437
35 48 42 0.0 0.0 0.0 0.0 10.0 0.0 0.0 0.6965174129353233
36 33 36 0.0 0.0 0.0 0.0 4.0 0.0 0.0 0.6986027944111775
36 33 37 0.0 0.0 0.0 0.0 2.0 0.0 0.0 0.6993006993006992
36 33 38 0.0 0.0 0.0 0.0 1.0 0.0 0.0 0.6996501749125437
36 33 39 0.0 0.0 1.0 0.0 13.0 0.0 0.0 0.6951340615690167
36 33 40 0.0 0.0 0.0 0.0 3.0 0.0 0.0 0.6989515726410384
36 33 41 0.0 0.0 0.0 0.0 5.0 0.0 0.0 0.6982543640897755
36 34 35 0.0 0.0 0.0 0.0 1.0 0.0 0.0 0.6996501749125437
36 34 36 0.0 0.0 20.0 0.0 311.0 5.0 0.0 0.6018916595012896
36 34 37 0.0 0.0 107.0 0.0 2377.0 15.0 33.0 0.31319910514541377
36 34 38 0.0 0.0 49.0 0.0 845.0 10.0 2.0 0.48543689320388345
36 34 39 0.0 0.0 14.0 0.0 568.0 4.0 3.0 0.543056633048875
36 34 40 0.0 0.0 176.0 0.0 3927.0 18.0 152.0 0.23007395234182412
36 34 41 0.0 0.0 5.0 0.0 185.0 0.0 0.0 0.639853747714808
36 34 42 0.0 0.0 78.0 0.0 1877.0 7.0 17.0 0.3546099290780141
36 34 43 0.0 0.0 16.0 0.0 402.0 2.0 1.0 0.5794701986754967
36 34 44 0.0 0.0 103.0 0.0 2446.0 15.0 46.0 0.3087781208645787
36 34 45 0.0 0.0 3.0 0.0 36.0 0.0 0.0 0.6866110838646394
36 34 46 0.0 0.0 0.0 0.0 3.0 0.0 0.0 0.6989515726410384
36 35 34 0.0 0.0 0.0 0.0 4.0 0.0 0.0 0.6986027944111775
36 35 35 0.0 0.0 0.0 0.0 42.0 0.0 0.0 0.6859382655560998
36 35 36 0.0 0.0 155.0 0.0 3265.0 20.0 62.0 0.2592592592592592
36 35 37 0.0 0.0 67.0 0.0 1735.0 17.0 17.0 0.36997885835095135
36 35 38 0.0 0.0 195.0 0.0 4669.0 24.0 242.0 0.20455873758036233
36 35 39 0.0 0.0 179.0 0.0 4046.0 21.0 151.0 0.22558814050918463
36 35 40 0.0 0.0 581.0 0.0 10228.0 19.0 2886.0 0.10934083099031551
36 35 41 0.0 0.0 392.0 0.0 7530.0 25.0 949.0 0.14134275618374553
36 35 42 0.0 0.0 400.0 0.0 8176.0 30.0 1373.0 0.13258831328724308
36 35 43 0.0 0.0 201.0 0.0 4981.0 20.0 297.0 0.19544883428730978
36 35 44 0.0 0.0 157.0 0.0 3334.0 13.0 89.0 0.2555210804891403
36 35 45 0.0 0.0 150.0 0.0 3325.0 19.0 92.0 0.2565512186182884
36 35 46 0.0 0.0 5.0 0.0 144.0 1.0 0.0 0.6517690875232773
36 36 33 0.0 0.0 1.0 0.0 64.0 0.0 0.0 0.6779661016949151
36 36 34 0.0 0.0 0.0 0.0 6.0 0.0 0.0 0.6979062811565303
36 36 35 0.0 0.0 5.0 0.0 195.0 1.0 0.0 0.6366530241018644
36 36 36 0.0 0.0 148.0 0.0 3374.0 14.0 94.0 0.25412960609911056
36 36 37 0.0 0.0 70.0 0.0 2266.0 17.0 33.0 0.32422417786012037
36 36 38 0.0 0.0 631.0 0.0 10402.0 21.0 3267.0 0.10746085354620816
36 36 39 0.0 0.0 816.0 0.0 11849.0 29.0 5977.0 0.0955240174672489
36 36 40 0.0 0.0 880.0 0.0 12276.0 30.0 7090.0 0.09239094568732263
36 36 41 0.0 0.0 1347.0 0.0 12944.0 35.0 16453.0 0.08595284872298624
36 36 42 0.0 0.0 1098.0 0.0 12799.0 35.0 11435.0 0.0880890958283521
36 36 43 0.0 0.0 471.0 0.0 9213.0 30.0 2049.0 0.11998628728145352
36 36 44 0.0 0.0 413.0 0.0 8393.0 21.0 1579.0 0.12970168612191957
36 36 45 0.0 0.0 12.0 0.0 409.0 5.0 0.0 0.5794701986754967
36 36 46 0.0 0.0 52.0 0.0 1279.0 10.0 7.0 0.42143287176399746
36 36 47 0.0 0.0 0.0 0.0 16.0 0.0 0.0 0.6944444444444444
36 36 48 0.0 0.0 0.0 0.0 11.0 0.0 0.0 0.6961710591745399
36 37 33 0.0 0.0 0.0 0.0 2.0 0.0 0.0 0.6993006993006992
36 37 34 0.0 0.0 26.0 0.0 591.0 4.0 3.0 0.535782625334864
36 37 35 0.0 0.0 118.0 0.0 2560.0 13.0 56.0 0.30010718113612
36 37 36 0.0 0.0 451.0 0.0 8499.0 24.0 1310.0 0.12801755669348935
36 37 37 0.0 0.0 676.0 0.0 11278.0 23.0 4667.0 0.10037281330656724
36 37 38 0.0 0.0 1273.0 0.0 12713.0 35.0 16276.0 0.08754924645112876
36 37 39 0.0 0.0 1418.0 0.0 12847.0 47.0 17991.0 0.08615914825527723
36 37 40 0.0 0.0 1535.0 0.0 13092.0 38.0 20424.0 0.08420039694472845
36 37 41 0.0 0.0 1211.0 0.0 13073.0 39.0 12753.0 0.08597924215439413
36 37 42 0.0 0.0 1424.0 0.0 12980.0 37.0 18026.0 0.08533983541603168
36 37 43 0.0 0.0 915.0 0.0 12594.0 30.0 7899.0 0.09032258064516129
36 37 44 0.0 0.0 528.0 0.0 10056.0 19.0 2852.0 0.11133200795228626
36 37 45 0.0 0.0 290.0 0.0 6226.0 15.0 533.0 0.16462841015992472
36 37 46 0.0 0.0 2.0 0.0 161.0 0.0 0.0 0.6475485661424606
36 37 47 0.0 0.0 0.0 0.0 19.0 0.0 0.0 0.6934125804853887
36 37 48 0.0 0.0 0.0 0.0 5.0 0.0 0.0 0.6982543640897755
36 38 33 0.0 0.0 0.0 0.0 1.0 0.0 0.0 0.6996501749125437
36 38 34 0.0 0.0 28.0 0.0 881.0 7.0 0.0 0.48242591316333555
36 38 35 0.0 0.0 171.0 0.0 3830.0 18.0 110.0 0.2339963229149256
36 38 36 0.0 0.0 640.0 0.0 11101.0 20.0 4089.0 0.10190711894016596
36 38 37 0.0 0.0 1115.0 0.0 12827.0 44.0 11650.0 0.08789001192793018
36 38 38 0.0 0.0 1309.0 0.0 13199.0 35.0 14874.0 0.08480222908716456
36 38 39 0.0 0.0 1719.0 0.0 13056.0 39.0 22951.0 0.08342768607353554
36 38 40 0.0 0.0 2331.0 0.0 11339.0 65.0 41674.0 0.08935980085530094
36 38 41 0.0 0.0 1587.0 0.0 12955.0 37.0 21494.0 0.08463305525329463
36 38 42 0.0 0.0 805.0 0.0 11918.0 20.0 5953.0 0.09506994431617546
36 38 43 0.0 0.0 639.0 0.0 11111.0 21.0 4663.0 0.10187745597438508
36 38 44 0.0 0.0 263.0 0.0 5928.0 13.0 501.0 0.17121193591781822
36 38 45 0.0 0.0 511.0 0.0 9940.0 21.0 3151.0 0.11250401800064287
36 38 46 0.0 0.0 8.0 0.0 444.0 6.0 1.0 0.5725971370143148
36 38 47 0.0 0.0 1.0 0.0 72.0 1.0 0.0 0.6756756756756755
36 38 48 0.0 0.0 0.0 0.0 5.0 0.0 0.0 0.6982543640897755
36 39 33 0.0 0.0 0.0 0.0 4.0 0.0 0.0 0.6986027944111775
36 39 34 0.0 0.0 127.0 0.0 2981.0 19.0 70.0 0.27504911591355596
36 39 35 0.0 0.0 137.0 0.0 3807.0 13.0 147.0 0.23612750885478156
36 39 36 0.0 0.0 778.0 0.0 11999.0 29.0 7163.0 0.09475465313028764
36 39 37 0.0 0.0 1356.0 0.0 13261.0 49.0 15887.0 0.08431703204047217
36 39 38 0.0 0.0 1606.0 0.0 13018.0 49.0 21167.0 0.08424092905710331
36 39 39 0.0 0.0 2535.0 0.0 11076.0 63.0 45955.0 0.08967460927491673
36 39 40 0.0 0.0 2072.0 0.0 11855.0 50.0 34588.0 0.08785140562248994
36 39 41 0.0 0.0 1344.0 0.0 13305.0 34.0 14697.0 0.08408408408408408
36 39 42 0.0 0.0 1107.0 0.0 12858.0 34.0 10708.0 0.08770830722967045
36 39 43 0.0 0.0 634.0 0.0 10898.0 20.0 4578.0 0.10350436196954013
36 39 44 0.0 0.0 473.0 0.0 9567.0 25.0 2342.0 0.11642411642411642
36 39 45 0.0 0.0 281.0 0.0 5564.0 19.0 332.0 0.17882232724485886
36 39 46 0.0 0.0 15.0 0.0 453.0 6.0 1.0 0.5686433793663687
36 39 47 0.0 0.0 0.0 0.0 19.0 0.0 0.0 0.6934125804853887
36 39 48 0.0 0.0 0.0 0.0 1.0 0.0 0.0 0.6996501749125437
36 40 33 0.0 0.0 9.0 0.0 112.0 1.0 0.0 0.6603773584905659
36 40 34 0.0 0.0 56.0 0.0 1041.0 10.0 5.0 0.45351473922902485
36 40 35 0.0 0.0 260.0 0.0 6129.0 19.0 544.0 0.16724405686297933
36 40 36 0.0 0.0 644.0 0.0 11170.0 27.0 4691.0 0.10141253169141613
36 40 37 0.0 0.0 1701.0 0.0 12957.0 41.0 23152.0 0.08394291881520566
36 40 38 0.0 0.0 2958.0 0.0 10239.0 69.0 56923.0 0.0921113231133627
36 40 39 0.0 0.0 2727.0 0.0 11247.0 51.0 46278.0 0.08749999999999998
36 40 40 0.0 0.0 1837.0 0.0 13366.0 51.0 23397.0 0.08141428239125377
36 40 41 0.0 0.0 1750.0 0.0 12848.0 42.0 24009.0 0.08429164910590642
36 40 42 0.0 0.0 1346.0 0.0 13143.0 40.0 15419.0 0.0849772382397572
36 40 43 0.0 0.0 1397.0 0.0 13035.0 36.0 17101.0 0.08513225904530251
36 40 44 0.0 0.0 752.0 0.0 11611.0 24.0 5023.0 0.09751340809361286
36 40 45 0.0 0.0 170.0 0.0 3911.0 16.0 126.0 0.23083264633140968
36 40 46 0.0 0.0 0.0 0.0 61.0 0.0 0.0 0.6796116504854368
36 40 47 0.0 0.0 0.0 0.0 11.0 0.0 0.0 0.6961710591745399
36 41 33 0.0 0.0 0.0 0.0 28.0 0.0 0.0 0.690335305719921
36 41 34 0.0 0.0 458.0 0.0 9021.0 22.0 1883.0 0.12211077191452244
36 41 35 0.0 0.0 280.0 0.0 6602.0 13.0 717.0 0.1576931741383194
36 41 36 0.0 0.0 555.0 0.0 9555.0 32.0 2235.0 0.11589403973509933
36 41 37 0.0 0.0 1643.0 0.0 12733.0 47.0 23256.0 0.08551184949914488
36 41 38 0.0 0.0 2628.0 0.0 10780.0 57.0 49918.0 0.09083241419580872
36 41 39 0.0 0.0 1787.0 0.0 13876.0 55.0 19507.0 0.07933809361895046
36 41 40 0.0 0.0 2517.0 0.0 11814.0 62.0 41014.0 0.08570554025099479
36 41 41 0.0 0.0 1915.0 0.0 12432.0 54.0 28527.0 0.0857632933104631
36 41 42 0.0 0.0 1775.0 0.0 12699.0 39.0 26029.0 0.08495661144486923
36 41 43 0.0 0.0 1137.0 0.0 12942.0 34.0 11417.0 0.0870430241233524
36 41 44 0.0 0.0 354.0 0.0 6970.0 30.0 752.0 0.15055382299171954
36 41 45 0.0 0.0 116.0 0.0 2888.0 10.0 74.0 0.28028028028028024
36 41 46 0.0 0.0 0.0 0.0 32.0 0.0 0.0 0.6889763779527558
36 41 47 0.0 0.0 0.0 0.0 4.0 0.0 0.0 0.6986027944111775
36 42 33 0.0 0.0 0.0 0.0 15.0 0.0 0.0 0.694789081885856
36 42 34 0.0 0.0 23.0 0.0 656.0 6.0 3.0 0.5239520958083832
36 42 35 0.0 0.0 371.0 0.0 7670.0 22.0 1127.0 0.13959517399541327
36 42 36 0.0 0.0 494.0 0.0 9537.0 21.0 2352.0 0.11651131824234354
36 42 37 0.0 0.0 821.0 0.0 12060.0 43.0 6694.0 0.09417462666487286
36 42 38 0.0 0.0 1985.0 0.0 12538.0 68.0 29146.0 0.08479195687723336
36 42 39 0.0 0.0 1601.0 0.0 13321.0 44.0 19754.0 0.0826934435912581
36 42 40 0.0 0.0 1912.0 0.0 12625.0 49.0 27222.0 0.08466376390904692
36 42 41 0.0 0.0 1770.0 0.0 13089.0 53.0 23798.0 0.08306633440132906
36 42 42 0.0 0.0 1632.0 0.0 12825.0 48.0 21892.0 0.08513225904530251
36 42 43 0.0 0.0 1565.0 0.0 12309.0 53.0 24581.0 0.0882445635045698
36 42 44 0.0 0.0 476.0 0.0 9645.0 23.0 2339.0 0.11564513464397819
36 42 45 0.0 0.0 34.0 0.0 898.0 8.0 6.0 0.47895997263085865
36 42 46 0.0 0.0 0.0 0.0 10.0 0.0 0.0 0.6965174129353233
36 42 47 0.0 0.0 0.0 0.0 1.0 0.0 0.0 0.6996501749125437
36 43 33 0.0 0.0 0.0 0.0 5.0 0.0 0.0 0.6982543640897755
36 43 34 0.0 0.0 259.0 0.0 5690.0 15.0 398.0 0.17636684303350966
36 43 35 0.0 0.0 225.0 0.0 4607.0 21.0 229.0 0.2055498458376156
36 43 36 0.0 0.0 619.0 0.0 10796.0 22.0 5327.0 0.10444643390032825
36 43 37 0.0 0.0 876.0 0.0 12239.0 29.0 7522.0 0.09266000397114302
36 43 38 0.0 0.0 1637.0 0.0 13195.0 57.0 20458.0 0.08326889906619876
36 43 39 0.0 0.0 1505.0 0.0 13131.0 45.0 17988.0 0.08407903429223469
36 43 40 0.0 0.0 1613.0 0.0 12883.0 39.0 22165.0 0.0848536274925753
36 43 41 0.0 0.0 1476.0 0.0 13152.0 43.0 17883.0 0.08417002344736367
36 43 42 0.0 0.0 1475.0 0.0 13222.0 37.0 18167.0 0.08383735553027127
36 43 43 0.0 0.0 1040.0 0.0 12703.0 29.0 10808.0 0.08893406174564857
36 43 44 0.0 0.0 475.0 0.0 8629.0 32.0 1393.0 0.12639942217407002
36 43 45 0.0 0.0 43.0 0.0 1395.0 12.0 16.0 0.4086398131932282
36 43 46 0.0 0.0 2.0 0.0 46.0 2.0 0.0 0.6842619745845552
36 44 34 0.0 0.0 11.0 0.0 138.0 0.0 0.0 0.6517690875232773
36 44 35 0.0 0.0 21.0 0.0 535.0 7.0 0.0 0.5494505494505494
36 44 36 0.0 0.0 209.0 0.0 4615.0 22.0 216.0 0.2057310800881704
36 44 37 0.0 0.0 494.0 0.0 9586.0 20.0 2466.0 0.11599005799502898
36 44 38 0.0 0.0 1086.0 0.0 12673.0 31.0 10508.0 0.08886067914947635
36 44 39 0.0 0.0 1404.0 0.0 12622.0 31.0 19563.0 0.08736349453978158
36 44 40 0.0 0.0 1035.0 0.0 12832.0 35.0 9936.0 0.0883336488106505
36 44 41 0.0 0.0 1592.0 0.0 12614.0 42.0 23123.0 0.08638775762063432
36 44 42 0.0 0.0 1324.0 0.0 12710.0 47.0 18045.0 0.08739076154806491
36 44 43 0.0 0.0 657.0 0.0 11166.0 27.0 4267.0 0.10135379714761455
36 44 44 0.0 0.0 489.0 0.0 9571.0 26.0 2577.0 0.11618257261410786
36 44 45 0.0 0.0 69.0 0.0 1740.0 11.0 5.0 0.36861506055818843
36 44 46 0.0 0.0 1.0 0.0 22.0 0.0 0.0 0.6920415224913494
36 45 34 0.0 0.0 0.0 0.0 6.0 0.0 0.0 0.6979062811565303
36 45 35 0.0 0.0 4.0 0.0 139.0 1.0 0.0 0.65359477124183
36 45 36 0.0 0.0 0.0 0.0 153.0 0.0 1.0 0.6508600650860064
36 45 37 0.0 0.0 608.0 0.0 10338.0 19.0 3019.0 0.10816657652785289
36 45 38 0.0 0.0 332.0 0.0 6938.0 16.0 717.0 0.15115525804361904
36 45 39 0.0 0.0 534.0 0.0 9976.0 13.0 2572.0 0.11189258312020459
36 45 40 0.0 0.0 682.0 0.0 11157.0 28.0 4239.0 0.1012584984811225
36 45 41 0.0 0.0 552.0 0.0 10645.0 33.0 4124.0 0.10618126659082289
36 45 42 0.0 0.0 522.0 0.0 9966.0 23.0 3086.0 0.11224244367834521
36 45 43 0.0 0.0 410.0 0.0 8244.0 24.0 1270.0 0.13157894736842105
36 45 44 0.0 0.0 146.0 0.0 3741.0 11.0 142.0 0.2382167772673132
36 45 45 0.0 0.0 0.0 0.0 58.0 0.0 0.0 0.6806028196402526
36 46 35 0.0 0.0 0.0 0.0 2.0 0.0 0.0 0.6993006993006992
36 46 36 0.0 0.0 0.0 0.0 51.0 0.0 0.0 0.68259385665529
36 46 37 0.0 0.0 30.0 0.0 572.0 7.0 1.0 0.5394990366088631
36 46 38 0.0 0.0 42.0 0.0 1034.0 12.0 7.0 0.4569190600522193
36 46 39 0.0 0.0 46.0 0.0 1111.0 5.0 5.0 0.44416243654822324
36 46 40 0.0 0.0 255.0 0.0 5744.0 28.0 416.0 0.17550457565500813
36 46 41 0.0 0.0 632.0 0.0 10826.0 25.0 3716.0 0.10411244143675168
36 46 42 0.0 0.0 106.0 0.0 2333.0 24.0 35.0 0.31710079275198183
36 46 43 0.0 0.0 45.0 0.0 951.0 14.0 3.0 0.46948356807511726
36 46 44 0.0 0.0 69.0 0.0 1405.0 12.0 6.0 0.40439052570768336
36 46 45 0.0 0.0 0.0 0.0 5.0 0.0 0.0 0.6982543640897755
36 47 35 0.0 0.0 0.0 0.0 2.0 0.0 0.0 0.6993006993006992
36 47 36 0.0 0.0 0.0 0.0 7.0 0.0 0.0 0.6975585450921773
36 47 38 0.0 0.0 14.0 0.0 356.0 4.0 1.0 0.5917159763313609
36 47 39 0.0 0.0 1.0 0.0 23.0 0.0 0.0 0.6916996047430829
36 47 40 0.0 0.0 2.0 0.0 74.0 0.0 0.0 0.6743737957610789
36 47 41 0.0 0.0 171.0 0.0 3806.0 12.0 144.0 0.2346237640355287
36 47 42 0.0 0.0 2.0 0.0 219.0 2.0 0.0 0.6309148264984226
36 47 43 0.0 0.0 1.0 0.0 80.0 2.0 0.0 0.6734006734006733
36 47 44 0.0 0.0 0.0 0.0 3.0 0.0 0.0 0.6989515726410384
36 48 39 0.0 0.0 0.0 0.0 1.0 0.0 0.0 0.6996501749125437
36 48 40 0.0 0.0 0.0 0.0 1.0 0.0 0.0 0.6996501749125437
36 48 41 0.0 0.0 0.0 0.0 3.0 0.0 0.0 0.6989515726410384
36 48 42 0.0 0.0 0.0 0.0 2.0 0.0 0.0 0.6993006993006992
36 48 43 0.0 0.0 2.0 0.0 14.0 0.0 0.0 0.6944444444444444
36 48 44 0.0 0.0 0.0 0.0 1.0 0.0 0.0 0.6996501749125437
37 32 40 0.0 0.0 0.0 0.0 1.0 0.0 0.0 0.6996501749125437
37 32 41 0.0 0.0 0.0 0.0 4.0 0.0 0.0 0.6986027944111775
37 33 35 0.0 0.0 0.0 0.0 2.0 0.0 0.0 0.6993006993006992
37 33 37 0.0 0.0 0.0 0.0 8.0 1.0 0.0 0.6975585450921773
37 33 38 0.0 0.0 0.0 0.0 21.0 0.0 0.0 0.6927263730826323
37 33 39 0.0 0.0 0.0 0.0 28.0 0.0 0.0 0.690335305719921
37 33 40 0.0 0.0 0.0 0.0 30.0 0.0 0.0 0.689655172413793
37 33 41 0.0 0.0 8.0 0.0 169.0 2.0 0.0 0.6436781609195401
37 33 42 0.0 0.0 1.0 0.0 17.0 0.0 0.0 0.6937561942517343
37 33 43 0.0 0.0 0.0 0.0 12.0 0.0 0.0 0.6958250497017892
37 33 44 0.0 0.0 0.0 0.0 10.0 0.0 0.0 0.6965174129353233
37 34 34 0.0 0.0 0.0 0.0 1.0 0.0 0.0 0.6996501749125437
37 34 35 0.0 0.0 2.0 0.0 76.0 2.0 0.0 0.6743737957610789
37 34 36 0.0 0.0 94.0 0.0 2159.0 14.0 35.0 0.3302665723047888
37 34 37 0.0 0.0 70.0 0.0 1872.0 12.0 19.0 0.3562340966921119
37 34 38 0.0 0.0 175.0 0.0 3427.0 25.0 91.0 0.2509860164933667
37 34 39 0.0 0.0 63.0 0.0 1958.0 10.0 23.0 0.3490401396160558
37 34 40 0.0 0.0 100.0 0.0 2476.0 9.0 43.0 0.30647985989492116
37 34 41 0.0 0.0 170.0 0.0 3582.0 15.0 96.0 0.24398745207389327
37 34 42 0.0 0.0 15.0 0.0 439.0 4.0 1.0 0.5714285714285713
37 34 43 0.0 0.0 62.0 0.0 1819.0 6.0 24.0 0.36138358286009287
37 34 44 0.0 0.0 4.0 0.0 202.0 2.0 0.0 0.6352087114337567
37 34 45 0.0 0.0 6.0 0.0 170.0 5.0 0.0 0.64486411791801
37 35 34 0.0 0.0 1.0 0.0 12.0 0.0 0.0 0.6958250497017892
37 35 35 0.0 0.0 77.0 0.0 1677.0 12.0 16.0 0.3740315255142933
37 35 36 0.0 0.0 25.0 0.0 1093.0 12.0 6.0 0.4507405022537025
37 35 37 0.0 0.0 802.0 0.0 11896.0 21.0 6703.0 0.09523161689680973
37 35 38 0.0 0.0 500.0 0.0 9536.0 31.0 2381.0 0.11652101539741988
37 35 39 0.0 0.0 833.0 0.0 12033.0 25.0 6957.0 0.09413030323404827
37 35 40 0.0 0.0 549.0 0.0 10317.0 28.0 3280.0 0.1089239866179102
37 35 41 0.0 0.0 567.0 0.0 10267.0 25.0 2820.0 0.10924697619976588
37 35 42 0.0 0.0 418.0 0.0 8315.0 30.0 1252.0 0.13070675007002144
37 35 43 0.0 0.0 463.0 0.0 9264.0 21.0 1872.0 0.11951511012463717
37 35 44 0.0 0.0 199.0 0.0 5063.0 14.0 315.0 0.1931567328918322
37 35 45 0.0 0.0 196.0 0.0 4781.0 20.0 267.0 0.20117833021985917
37 35 46 0.0 0.0 4.0 0.0 64.0 1.0 0.0 0.6773101112723753
37 35 47 0.0 0.0 0.0 0.0 1.0 0.0 0.0 0.6996501749125437
37 36 33 0.0 0.0 0.0 0.0 2.0 0.0 0.0 0.6993006993006992
37 36 34 0.0 0.0 14.0 0.0 385.0 1.0 2.0 0.5838198498748957
37 36 35 0.0 0.0 187.0 0.0 4955.0 18.0 289.0 0.19646365422396853
37 36 36 0.0 0.0 607.0 0.0 10433.0 24.0 3116.0 0.10746085354620816
37 36 37 0.0 0.0 443.0 0.0 9129.0 24.0 1922.0 0.12117015752120476
37 36 38 0.0 0.0 904.0 0.0 12508.0 31.0 7116.0 0.09091499448016103
37 36 39 0.0 0.0 1163.0 0.0 13101.0 32.0 12136.0 0.08612204724409449
37 36 40 0.0 0.0 1429.0 0.0 13043.0 37.0 17628.0 0.08498239650358139
37 36 41 0.0 0.0 1261.0 0.0 13058.0 21.0 13988.0 0.08570029382957883
37 36 42 0.0 0.0 994.0 0.0 12509.0 31.0 10353.0 0.09036922282468371
37 36 43 0.0 0.0 1582.0 0.0 12271.0 42.0 24935.0 0.0882779494293461
37 36 44 0.0 0.0 597.0 0.0 10622.0 14.0 3986.0 0.1059402194475974
37 36 45 0.0 0.0 163.0 0.0 3831.0 18.0 122.0 0.23427041499330653
37 36 46 0.0 0.0 6.0 0.0 147.0 0.0 0.0 0.6502554575011611
37 36 47 0.0 0.0 2.0 0.0 89.0 0.0 0.0 0.669536107125777
37 36 48 0.0 0.0 0.0 0.0 10.0 0.0 0.0 0.6965174129353233
37 37 33 0.0 0.0 0.0 0.0 12.0 0.0 0.0 0.6958250497017892
37 37 34 0.0 0.0 178.0 0.0 3389.0 18.0 85.0 0.2522977112993332
37 37 35 0.0 0.0 265.0 0.0 6618.0 16.0 699.0 0.15771093838008335
37 37 36 0.0 0.0 808.0 0.0 12021.0 28.0 6953.0 0.09451157766826435
37 37 37 0.0 0.0 1174.0 0.0 12929.0 33.0 13573.0 0.08693492300049675
37 37 38 0.0 0.0 1537.0 0.0 13249.0 33.0 18368.0 0.08335814230425721
37 37 39 0.0 0.0 2697.0 0.0 11327.0 65.0 45435.0 0.08736349453978158
37 37 40 0.0 0.0 3141.0 0.0 9747.0 66.0 63810.0 0.09411132024737831
37 37 41 0.0 0.0 2484.0 0.0 11669.0 68.0 40931.0 0.08672489623985627
37 37 42 0.0 0.0 1820.0 0.0 12856.0 62.0 24970.0 0.08402352658744447
37 37 43 0.0 0.0 1494.0 0.0 12699.0 33.0 20742.0 0.08639842014317452
37 37 44 0.0 0.0 614.0 0.0 10679.0 22.0 3252.0 0.1053582179409994
37 37 45 0.0 0.0 770.0 0.0 11673.0 22.0 5315.0 0.09699993071433519
37 37 46 0.0 0.0 242.0 0.0 5302.0 19.0 347.0 0.1860217911241031
37 37 47 0.0 0.0 297.0 0.0 6148.0 26.0 523.0 0.16615238547353428
37 37 48 0.0 0.0 0.0 0.0 4.0 0.0 0.0 0.6986027944111775
37 38 32 0.0 0.0 0.0 0.0 1.0 0.0 0.0 0.6996501749125437
37 38 33 0.0 0.0 0.0 0.0 10.0 0.0 0.0 0.6965174129353233
37 38 34 0.0 0.0 70.0 0.0 1751.0 14.0 18.0 0.3677436301549776
37 38 35 0.0 0.0 391.0 0.0 8319.0 17.0 1377.0 0.1308044473512099
37 38 36 0.0 0.0 438.0 0.0 8423.0 20.0 1493.0 0.12903225806451613
37 38 37 0.0 0.0 1281.0 0.0 13305.0 50.0 13249.0 0.08446455505279034
37 38 38 0.0 0.0 2536.0 0.0 11855.0 64.0 40246.0 0.08544400366188586
37 38 39 0.0 0.0 2862.0 0.0 12249.0 69.0 42034.0 0.08189050070191857
37 38 40 0.0 0.0 3024.0 0.0 12854.0 61.0 39888.0 0.07829539734914154
37 38 41 0.0 0.0 3246.0 0.0 11213.0 80.0 52823.0 0.08511155693355218
37 38 42 0.0 0.0 2094.0 0.0 13254.0 43.0 25889.0 0.08068234209313047
37 38 43 0.0 0.0 2046.0 0.0 12182.0 52.0 32163.0 0.08630787251094259
37 38 44 0.0 0.0 1655.0 0.0 12335.0 61.0 25878.0 0.08765888172312315
37 38 45 0.0 0.0 843.0 0.0 12156.0 48.0 7830.0 0.09355162044771131
37 38 46 0.0 0.0 459.0 0.0 9128.0 21.0 1914.0 0.12093987560469938
37 38 47 0.0 0.0 87.0 0.0 2442.0 9.0 57.0 0.30973451327433627
37 38 48 0.0 0.0 0.0 0.0 8.0 0.0 0.0 0.697211155378486
37 39 33 0.0 0.0 59.0 0.0 1103.0 11.0 8.0 0.44430339574738165
37 39 34 0.0 0.0 77.0 0.0 1826.0 11.0 26.0 0.35961983046493706
37 39 35 0.0 0.0 699.0 0.0 11321.0 34.0 4702.0 0.10001428775539362
37 39 36 0.0 0.0 822.0 0.0 12034.0 25.0 7405.0 0.09425705244731702
37 39 37 0.0 0.0 2619.0 0.0 11814.0 60.0 41446.0 0.08511155693355218
37 39 38 0.0 0.0 3354.0 0.0 11259.0 70.0 54093.0 0.08430687703239792
37 39 39 0.0 0.0 4040.0 0.0 10303.0 76.0 66960.0 0.08561120283739986
37 39 40 0.0 0.0 3926.0 0.0 10915.0 70.0 60156.0 0.08301215535131928
37 39 41 0.0 0.0 3411.0 0.0 11013.0 65.0 55014.0 0.08514261387824605
37 39 42 0.0 0.0 2297.0 0.0 13012.0 58.0 31080.0 0.08086409056778142
37 39 43 0.0 0.0 1602.0 0.0 13105.0 37.0 19619.0 0.08376712738586728
37 39 44 0.0 0.0 1123.0 0.0 12967.0 27.0 11416.0 0.08697272783748523
37 39 45 0.0 0.0 692.0 0.0 11278.0 21.0 4311.0 0.1002004008016032
37 39 46 0.0 0.0 285.0 0.0 5900.0 30.0 442.0 0.17156862745098037
37 39 47 0.0 0.0 139.0 0.0 3172.0 8.0 76.0 0.2639019792648445
37 39 48 0.0 0.0 0.0 0.0 2.0 0.0 0.0 0.6993006993006992
37 40 33 0.0 0.0 55.0 0.0 1125.0 11.0 3.0 0.44177974124329433
37 40 34 0.0 0.0 109.0 0.0 2161.0 8.0 32.0 0.32840722495894903
37 40 35 0.0 0.0 421.0 0.0 8663.0 17.0 1594.0 0.12641083521444693
37 40 36 0.0 0.0 1386.0 0.0 12876.0 37.0 17684.0 0.08609556607834695
37 40 37 0.0 0.0 2167.0 0.0 12960.0 55.0 29733.0 0.08166122258516098
37 40 38 0.0 0.0 3135.0 0.0 12155.0 71.0 45675.0 0.08100445524503846
37 40 39 0.0 0.0 4498.0 0.0 8115.0 100.0 91335.0 0.09592983417842949
37 40 40 0.0 0.0 4342.0 0.0 10052.0 79.0 72382.0 0.08538667967797023
37 40 41 0.0 1.0 3747.0 1.0 10283.0 79.0 64323.0 0.08735259250015598
37 40 42 0.0 0.0 2818.0 0.0 12002.0 64.0 42331.0 0.08326889906619876
37 40 43 0.0 0.0 2028.0 0.0 12492.0 71.0 30533.0 0.08484848484848484
37 40 44 0.0 0.0 926.0 0.0 12567.0 33.0 8346.0 0.09042759333419453
37 40 45 0.0 0.0 506.0 0.0 9688.0 23.0 2415.0 0.11487650775416428
37 40 46 0.0 0.0 245.0 0.0 5842.0 23.0 527.0 0.17352503718393653
37 40 47 0.0 0.0 22.0 0.0 604.0 5.0 1.0 0.5343511450381678
37 40 48 0.0 0.0 0.0 0.0 2.0 0.0 0.0 0.6993006993006992
37 41 32 0.0 0.0 0.0 0.0 1.0 0.0 0.0 0.6996501749125437
37 41 33 0.0 0.0 0.0 0.0 77.0 0.0 0.0 0.6740491092922483
37 41 34 0.0 0.0 114.0 0.0 2760.0 16.0 59.0 0.28800658300761156
37 41 35 0.0 0.0 503.0 0.0 9855.0 19.0 2800.0 0.11333279365336353
37 41 36 0.0 0.0 1749.0 0.0 12520.0 46.0 26989.0 0.08602150537634408
37 41 37 0.0 0.0 2175.0 0.0 12389.0 50.0 32079.0 0.08448494357612696
37 41 38 0.0 0.0 2895.0 0.0 12564.0 45.0 40013.0 0.08004116402721398
37 41 39 0.0 0.0 4072.0 0.0 10209.0 68.0 67339.0 0.08596868283696653
37 41 40 0.0 0.0 4131.0 0.0 10598.0 94.0 65271.0 0.08377213977979894
37 41 41 0.0 0.0 3463.0 0.0 11243.0 75.0 54701.0 0.08380724334031725
37 41 42 0.0 0.0 2367.0 0.0 12734.0 65.0 33190.0 0.08188092174523336
37 41 43 0.0 0.0 1731.0 0.0 12969.0 40.0 22745.0 0.0837621155917195
37 41 44 0.0 0.0 917.0 0.0 12316.0 30.0 9393.0 0.09193590753874441
37 41 45 0.0 0.0 100.0 0.0 2994.0 15.0 69.0 0.2755905511811023
37 41 46 0.0 0.0 258.0 0.0 5432.0 17.0 420.0 0.18236290217532888
37 41 47 0.0 0.0 0.0 0.0 63.0 0.0 0.0 0.6786233640329616
37 42 32 0.0 0.0 0.0 0.0 1.0 0.0 0.0 0.6996501749125437
37 42 33 0.0 0.0 0.0 0.0 59.0 0.0 0.0 0.6799417192812044
37 42 34 0.0 0.0 62.0 0.0 1586.0 6.0 23.0 0.38440417353102685
37 42 35 0.0 0.0 1031.0 0.0 12453.0 32.0 12171.0 0.09036338991802748
37 42 36 0.0 0.0 709.0 0.0 11410.0 28.0 4105.0 0.09917823746103711
37 42 37 0.0 0.0 1870.0 0.0 12991.0 48.0 24436.0 0.0830367734282325
37 42 38 0.0 0.0 2090.0 0.0 13107.0 49.0 27132.0 0.08143796172415797
37 42 39 0.0 0.0 3434.0 0.0 10493.0 71.0 61014.0 0.08782385044852893
37 42 40 0.0 0.0 3989.0 0.0 9094.0 87.0 78373.0 0.0928135773004508
37 42 41 0.0 0.0 3158.0 0.0 10885.0 69.0 54122.0 0.08725459644749142
37 42 42 0.0 0.0 3057.0 0.0 10507.0 72.0 56838.0 0.09003794456235127
37 42 43 0.0 0.0 1410.0 0.0 12918.0 33.0 17655.0 0.08571603502112288
37 42 44 0.0 0.0 1012.0 0.0 12651.0 38.0 10047.0 0.08942829766847651
37 42 45 0.0 0.0 276.0 0.0 6374.0 23.0 615.0 0.16214964095436646
37 42 46 0.0 0.0 33.0 0.0 713.0 6.0 0.0 0.510948905109489
37 42 47 0.0 0.0 24.0 0.0 383.0 11.0 0.0 0.5843071786310516
37 43 33 0.0 0.0 0.0 0.0 67.0 0.0 1.0 0.6773101112723753
37 43 34 0.0 0.0 20.0 0.0 541.0 3.0 2.0 0.5473025801407349
37 43 35 0.0 0.0 315.0 0.0 6810.0 23.0 660.0 0.15371102327624064
37 43 36 0.0 0.0 596.0 0.0 10502.0 21.0 3509.0 0.10695187165775401
37 43 37 0.0 0.0 1633.0 0.0 12821.0 47.0 22435.0 0.0850856934484016
37 43 38 0.0 0.0 2319.0 0.0 11363.0 53.0 41557.0 0.08926863482752023
37 43 39 0.0 0.0 2804.0 0.0 10755.0 56.0 51070.0 0.08989918448596929
37 43 40 0.0 0.0 2911.0 0.0 11027.0 56.0 50276.0 0.0877577885037297
37 43 41 0.0 0.0 2513.0 0.0 11982.0 49.0 39009.0 0.0848279205041202
37 43 42 0.0 0.0 1890.0 0.0 12781.0 42.0 26408.0 0.0839529863276565
37 43 43 0.0 0.0 1686.0 0.0 12543.0 57.0 25317.0 0.08628127696289904
37 43 44 0.0 0.0 404.0 0.0 8276.0 17.0 1437.0 0.13119670134008055
37 43 45 0.0 0.0 426.0 0.0 8791.0 26.0 1531.0 0.12504465880671667
37 43 46 0.0 0.0 21.0 0.0 271.0 5.0 1.0 0.6121556624398775
37 43 47 0.0 0.0 0.0 0.0 18.0 0.0 0.0 0.6937561942517343
37 44 33 0.0 0.0 4.0 0.0 33.0 2.0 0.0 0.6879606879606879
37 44 34 0.0 0.0 4.0 0.0 89.0 0.0 0.0 0.668896321070234
37 44 35 0.0 0.0 384.0 0.0 7773.0 25.0 1025.0 0.1380534464056799
37 44 36 0.0 0.0 503.0 0.0 9804.0 25.0 2491.0 0.11389521640091115
37 44 37 0.0 0.0 572.0 0.0 10427.0 26.0 3586.0 0.10777521170130869
37 44 38 0.0 0.0 1131.0 0.0 13007.0 50.0 11424.0 0.08681632146843606
37 44 39 0.0 0.0 1635.0 0.0 12873.0 45.0 22187.0 0.0848536274925753
37 44 40 0.0 0.0 1624.0 0.0 12904.0 47.0 22153.0 0.08471499455403605
37 44 41 0.0 0.0 1839.0 0.0 11919.0 53.0 29881.0 0.0888719608963372
37 44 42 0.0 0.0 1513.0 0.0 12393.0 43.0 22224.0 0.08806139136998363
37 44 43 0.0 0.0 850.0 0.0 12338.0 27.0 6763.0 0.0921901751613328
37 44 44 0.0 0.0 316.0 0.0 6868.0 12.0 746.0 0.15255530129672004
37 44 45 0.0 0.0 7.0 0.0 215.0 4.0 0.0 0.6311992786293958
37 44 46 0.0 0.0 0.0 0.0 32.0 0.0 0.0 0.6889763779527558
37 44 47 0.0 0.0 0.0 0.0 1.0 0.0 0.0 0.6996501749125437
37 45 34 0.0 0.0 0.0 0.0 43.0 0.0 0.0 0.6852667645619186
37 45 35 0.0 0.0 69.0 0.0 1262.0 18.0 9.0 0.4225777241171143
37 45 36 0.0 0.0 257.0 0.0 5425.0 22.0 346.0 0.1827676240208877
37 45 37 0.0 0.0 413.0 0.0 9173.0 23.0 2086.0 0.12106537530266341
37 45 38 0.0 0.0 613.0 0.0 10646.0 29.0 3378.0 0.10571622744091216
37 45 39 0.0 0.0 650.0 0.0 11094.0 28.0 4052.0 0.10195164579085347
37 45 40 0.0 0.0 944.0 0.0 12726.0 28.0 7648.0 0.08937691521961184
37 45 41 0.0 0.0 1060.0 0.0 12894.0 32.0 10410.0 0.08778530223225482
37 45 42 0.0 0.0 504.0 0.0 9872.0 23.0 2700.0 0.11325028312570781
37 45 43 0.0 0.0 593.0 0.0 9872.0 26.0 2200.0 0.11243173787343397
37 45 44 0.0 0.0 261.0 0.0 5857.0 18.0 458.0 0.17266896891958558
37 45 45 0.0 0.0 87.0 0.0 2487.0 17.0 51.0 0.30721966205837165
37 45 46 0.0 0.0 0.0 0.0 2.0 0.0 0.0 0.6993006993006992
37 46 34 0.0 0.0 0.0 0.0 11.0 0.0 0.0 0.6961710591745399
37 46 35 0.0 0.0 0.0 0.0 11.0 0.0 0.0 0.6961710591745399
37 46 36 0.0 0.0 59.0 0.0 1173.0 18.0 4.0 0.43559427504667075
37 46 37 0.0 0.0 81.0 0.0 1949.0 18.0 23.0 0.34895314057826515
37 46 38 0.0 0.0 54.0 0.0 1515.0 8.0 15.0 0.3931479921370401
37 46 39 0.0 0.0 403.0 0.0 8176.0 31.0 1303.0 0.13267626990144046
37 46 40 0.0 0.0 302.0 0.0 6177.0 19.0 510.0 0.165406427221172
37 46 41 0.0 0.0 421.0 0.0 8393.0 22.0 1403.0 0.12964163348458188
37 46 42 0.0 0.0 656.0 0.0 11091.0 23.0 5152.0 0.10189228529839882
37 46 43 0.0 0.0 113.0 0.0 2894.0 21.0 51.0 0.28089887640449435
37 46 44 0.0 0.0 16.0 0.0 310.0 3.0 0.0 0.6026689625484287
37 46 45 0.0 0.0 0.0 0.0 5.0 0.0 0.0 0.6982543640897755
37 47 36 0.0 0.0 0.0 0.0 2.0 0.0 0.0 0.6993006993006992
37 47 37 0.0 0.0 0.0 0.0 3.0 0.0 0.0 0.6989515726410384
37 47 38 0.0 0.0 2.0 0.0 35.0 0.0 0.0 0.6872852233676975
37 47 39 0.0 0.0 15.0 0.0 521.0 2.0 3.0 0.5524861878453038
37 47 40 0.0 0.0 138.0 0.0 2905.0 13.0 68.0 0.27838536488367466
37 47 41 0.0 0.0 13.0 0.0 676.0 3.0 2.0 0.5212211466865226
37 47 42 0.0 0.0 198.0 0.0 3958.0 16.0 132.0 0.22797589969060408
37 47 43 0.0 0.0 179.0 0.0 3763.0 28.0 128.0 0.23672641190395668
37 47 44 0.0 0.0 0.0 0.0 18.0 0.0 0.0 0.6937561942517343
37 48 39 0.0 0.0 0.0 0.0 2.0 0.0 0.0 0.6993006993006992
37 48 40 0.0 0.0 0.0 0.0 2.0 0.0 0.0 0.6993006993006992
37 48 41 0.0 0.0 0.0 0.0 10.0 0.0 0.0 0.6965174129353233
37 48 42 0.0 0.0 3.0 0.0 78.0 0.0 0.0 0.6727534839019701
37 48 43 0.0 0.0 0.0 0.0 4.0 0.0 0.0 0.6986027944111775
37 48 44 0.0 0.0 0.0 0.0 2.0 0.0 0.0 0.6993006993006992
38 32 39 0.0 0.0 0.0 0.0 3.0 0.0 0.0 0.6989515726410384
38 32 40 0.0 0.0 0.0 0.0 2.0 0.0 0.0 0.6993006993006992
38 32 42 0.0 0.0 0.0 0.0 2.0 0.0 0.0 0.6993006993006992
38 32 45 0.0 0.0 0.0 0.0 1.0 0.0 0.0 0.6996501749125437
38 33 35 0.0 0.0 0.0 0.0 2.0 0.0 0.0 0.6993006993006992
38 33 36 0.0 0.0 0.0 0.0 8.0 0.0 0.0 0.697211155378486
38 33 37 0.0 0.0 2.0 0.0 47.0 1.0 0.0 0.6835937499999999
38 33 38 0.0 0.0 3.0 0.0 109.0 0.0 0.0 0.6628787878787878
38 33 39 0.0 0.0 8.0 0.0 228.0 4.0 1.0 0.6275212909009411
38 33 40 0.0 0.0 200.0 0.0 3900.0 22.0 119.0 0.23030103635466354
38 33 41 0.0 0.0 95.0 0.0 2395.0 12.0 37.0 0.3126395712371594
38 33 42 0.0 0.0 45.0 0.0 1105.0 11.0 7.0 0.4460019114367632
38 33 43 0.0 0.0 0.0 0.0 47.0 0.0 0.0 0.6842619745845552
38 33 44 0.0 0.0 12.0 0.0 166.0 4.0 0.0 0.6439742410303587
38 34 34 0.0 0.0 0.0 0.0 14.0 0.0 0.0 0.6951340615690167
38 34 35 0.0 0.0 3.0 0.0 96.0 1.0 0.0 0.6673021925643469
38 34 36 0.0 0.0 77.0 0.0 1651.0 15.0 15.0 0.37695207323640273
38 34 37 0.0 0.0 80.0 0.0 1686.0 17.0 10.0 0.3734329154441184
38 34 38 0.0 0.0 344.0 0.0 7317.0 27.0 856.0 0.14524328249818444
38 34 39 0.0 0.0 279.0 0.0 6067.0 15.0 514.0 0.1679462571976967
38 34 40 0.0 0.0 377.0 0.0 7750.0 19.0 1053.0 0.13836726625815376
38 34 41 0.0 0.0 192.0 0.0 4638.0 26.0 238.0 0.20579156254593559
38 34 42 0.0 0.0 204.0 0.0 4671.0 10.0 253.0 0.20384391380314498
38 34 43 0.0 0.0 334.0 0.0 7455.0 13.0 1035.0 0.1431200163565733
38 34 44 0.0 0.0 63.0 0.0 1436.0 13.0 10.0 0.4016064257028112
38 34 45 0.0 0.0 4.0 0.0 332.0 3.0 1.0 0.6000857265323617
38 34 46 0.0 0.0 0.0 0.0 11.0 0.0 0.0 0.6961710591745399
38 35 33 0.0 0.0 0.0 0.0 2.0 0.0 0.0 0.6993006993006992
38 35 34 0.0 0.0 2.0 0.0 92.0 0.0 0.0 0.6685768863419292
38 35 35 0.0 0.0 88.0 0.0 2204.0 18.0 33.0 0.3276386613620407
38 35 36 0.0 0.0 252.0 0.0 5988.0 20.0 491.0 0.17025416514654018
38 35 37 0.0 0.0 621.0 0.0 10694.0 26.0 3896.0 0.10522360015031941
38 35 38 0.0 0.0 762.0 0.0 11799.0 24.0 5934.0 0.09614724263443444
38 35 39 0.0 0.0 818.0 0.0 11971.0 31.0 7198.0 0.0947354175125186
38 35 40 0.0 0.0 1087.0 0.0 12811.0 34.0 11236.0 0.08807247106190234
38 35 41 0.0 0.0 936.0 0.0 12594.0 27.0 9008.0 0.09015971148892322
38 35 42 0.0 0.0 544.0 0.0 10358.0 31.0 3599.0 0.10864504112990842
38 35 43 0.0 0.0 692.0 0.0 11355.0 25.0 4607.0 0.0997506234413965
38 35 44 0.0 0.0 681.0 0.0 11287.0 27.0 4550.0 0.10030090270812436
38 35 45 0.0 0.0 44.0 0.0 1060.0 9.0 9.0 0.4523424878836833
38 35 46 0.0 0.0 4.0 0.0 75.0 1.0 0.0 0.6737247353224253
38 35 47 0.0 0.0 0.0 0.0 3.0 0.0 0.0 0.6989515726410384
38 36 33 0.0 0.0 0.0 0.0 12.0 0.0 0.0 0.6958250497017892
38 36 34 0.0 0.0 166.0 0.0 4267.0 15.0 208.0 0.21806853582554514
38 36 35 0.0 0.0 268.0 0.0 5873.0 16.0 484.0 0.17228648781688405
38 36 36 0.0 0.0 760.0 0.0 11711.0 26.0 5265.0 0.09673852957435046
38 36 37 0.0 0.0 1702.0 0.0 12479.0 51.0 25458.0 0.08648915796626921
38 36 38 0.0 0.0 1440.0 0.0 13070.0 39.0 17989.0 0.08481764206955045
38 36 39 0.0 0.0 1694.0 0.0 13202.0 43.0 21330.0 0.08284513876560742
38 36 40 0.0 0.0 1977.0 0.0 12253.0 45.0 31204.0 0.08621751447222563
38 36 41 0.0 0.0 1933.0 0.0 12709.0 38.0 26528.0 0.08402856971370265
38 36 42 0.0 0.0 1487.0 0.0 13293.0 51.0 17141.0 0.08345255126371005
38 36 43 0.0 0.0 1648.0 0.0 12885.0 57.0 21803.0 0.08471499455403605
38 36 44 0.0 0.0 933.0 0.0 12484.0 29.0 7862.0 0.09080295758204694
38 36 45 0.0 0.0 134.0 0.0 3555.0 15.0 110.0 0.24673951357067322
38 36 46 0.0 0.0 13.0 0.0 483.0 5.0 1.0 0.5620232838217583
38 36 47 0.0 0.0 5.0 0.0 124.0 2.0 0.0 0.6582040432534085
38 36 48 0.0 0.0 1.0 0.0 5.0 0.0 0.0 0.6979062811565303
38 37 33 0.0 0.0 0.0 0.0 21.0 1.0 0.0 0.6930693069306929
38 37 34 0.0 0.0 287.0 0.0 5859.0 18.0 439.0 0.17211703958691907
38 37 35 0.0 0.0 513.0 0.0 9729.0 30.0 2469.0 0.11452879581151831
38 37 36 0.0 0.0 1727.0 0.0 12552.0 43.0 24950.0 0.08601093567610739
38 37 37 0.0 0.0 1409.0 0.0 13282.0 35.0 16187.0 0.08387251377905583
38 37 38 0.0 0.0 2801.0 0.0 11363.0 51.0 47308.0 0.08647313156269301
38 37 39 0.0 0.0 2748.0 0.0 12269.0 64.0 40079.0 0.08231420507996236
38 37 40 0.0 0.0 3701.0 0.0 10050.0 62.0 65054.0 0.08875927217396817
38 37 41 0.0 0.0 3416.0 0.0 11683.0 75.0 50160.0 0.08190966534051017
38 37 42 0.0 0.0 3190.0 0.0 10229.0 70.0 60434.0 0.09083241419580872
38 37 43 0.0 0.0 2487.0 0.0 11094.0 73.0 45238.0 0.08983572895277206
38 37 44 0.0 0.0 1447.0 0.0 12644.0 46.0 20509.0 0.08702679181948156
38 37 45 0.0 0.0 440.0 0.0 8374.0 24.0 1267.0 0.12968967114404814
38 37 46 0.0 0.0 573.0 0.0 10195.0 28.0 2825.0 0.1097694840834248
38 37 47 0.0 0.0 11.0 0.0 344.0 3.0 0.0 0.5954912803062525
38 37 48 0.0 0.0 0.0 0.0 7.0 0.0 0.0 0.6975585450921773
38 38 33 0.0 0.0 85.0 0.0 1804.0 15.0 21.0 0.36129032258064514
38 38 34 0.0 0.0 120.0 0.0 3023.0 4.0 83.0 0.2723205602022952
38 38 35 0.0 0.0 986.0 0.0 12632.0 35.0 9432.0 0.08963441961713296
38 38 36 0.0 0.0 1709.0 0.0 12720.0 50.0 24560.0 0.0852411105698977
38 38 37 0.0 0.0 2240.0 0.0 12749.0 51.0 31054.0 0.08237716975581053
38 38 38 0.0 0.0 3798.0 0.0 9328.0 72.0 72794.0 0.09253139458030402
38 38 39 0.0 0.0 4643.0 0.0 8824.0 95.0 84363.0 0.09057385003558258
38 38 40 0.0 0.0 5045.0 0.0 7470.0 82.0 101390.0 0.09645194626248707
38 38 41 0.0 0.0 4745.0 0.0 7935.0 83.0 94077.0 0.09538734073720787
38 38 42 0.0 0.0 3932.0 0.0 9548.0 75.0 72906.0 0.09046265184802273
38 38 43 0.0 0.0 2509.0 0.0 12739.0 56.0 35266.0 0.08116412545654819
38 38 44 0.0 0.0 1453.0 0.0 13424.0 43.0 17116.0 0.08294821661334281
38 38 45 0.0 0.0 1721.0 0.0 12603.0 40.0 25191.0 0.08575803981623276
38 38 46 0.0 0.0 847.0 0.0 12254.0 27.0 7733.0 0.09273365569318406
38 38 47 0.0 0.0 104.0 0.0 2392.0 10.0 38.0 0.31215161649944256
38 38 48 0.0 0.0 0.0 0.0 6.0 0.0 0.0 0.6979062811565303
38 39 33 0.0 0.0 17.0 0.0 360.0 4.0 0.0 0.5902192242833051
38 39 34 0.0 0.0 391.0 0.0 7720.0 29.0 998.0 0.13875123885034685
38 39 35 0.0 0.0 1073.0 0.0 12653.0 29.0 12424.0 0.08897362567524625
38 39 36 0.0 0.0 1408.0 0.0 13024.0 37.0 16738.0 0.08514261387824605
38 39 37 0.0 0.0 3068.0 0.0 11877.0 66.0 47452.0 0.08266902863891348
38 39 38 0.0 0.0 4697.0 0.0 7789.0 85.0 95156.0 0.09671179883945841
38 39 39 0.0 0.0 5361.0 0.0 6403.0 62.0 114568.0 0.101603889977502
38 39 40 0.0 0.0 5885.0 0.0 6502.0 67.0 116700.0 0.09718172983479104
38 39 41 0.0 0.0 5139.0 0.0 6805.0 75.0 108085.0 0.10045924225028702
38 39 42 0.0 0.0 4220.0 1.0 9601.0 80.0 74083.0 0.08851795649974707
38 39 43 0.0 0.0 3222.0 0.0 10258.0 69.0 60108.0 0.09048019130097587
38 39 44 0.0 0.0 1668.0 0.0 12744.0 48.0 23005.0 0.08527226215129735
38 39 45 0.0 0.0 1210.0 0.0 12881.0 36.0 13907.0 0.08704843623702044
38 39 46 0.0 0.0 423.0 0.0 7972.0 21.0 1043.0 0.13487475915221578
38 39 47 0.0 0.0 2.0 0.0 240.0 0.0 1.0 0.6244424620874218
38 39 48 0.0 0.0 0.0 0.0 4.0 0.0 0.0 0.6986027944111775
38 40 32 0.0 0.0 0.0 0.0 3.0 0.0 0.0 0.6989515726410384
38 40 33 0.0 0.0 51.0 0.0 1456.0 12.0 21.0 0.4005722460658082
38 40 34 0.0 0.0 357.0 0.0 7586.0 15.0 1041.0 0.14090177133655393
38 40 35 0.0 0.0 832.0 0.0 11891.0 22.0 5936.0 0.09512808316912413
38 40 36 0.0 0.0 1461.0 0.0 13196.0 42.0 18040.0 0.08404370272541721
38 40 37 0.0 0.0 3288.0 0.0 11341.0 72.0 52485.0 0.0841194496184582
38 40 38 0.0 0.0 4989.0 0.0 7997.0 97.0 95642.0 0.09357037829167222
38 40 39 0.0 0.0 5322.0 0.0 5293.0 61.0 129017.0 0.11097899326198968
38 40 40 0.0 0.0 6062.0 0.0 5850.0 68.0 124162.0 0.10045203415369161
38 40 41 0.0 5.0 5531.0 8.0 8162.0 75.0 97528.0 0.08902454533892916
38 40 42 0.0 0.0 4568.0 0.0 8351.0 75.0 89337.0 0.09385894341646553
38 40 43 0.0 0.0 2856.0 0.0 11628.0 82.0 46389.0 0.08498755539367449
38 40 44 0.0 0.0 1112.0 0.0 13031.0 31.0 10412.0 0.08670341239858796
38 40 45 0.0 0.0 931.0 0.0 12287.0 29.0 10571.0 0.09200236577511992
38 40 46 0.0 0.0 604.0 0.0 10814.0 21.0 4169.0 0.10437635130097665
38 40 47 0.0 0.0 31.0 0.0 773.0 7.0 4.0 0.5005362888809438
38 41 33 0.0 0.0 62.0 0.0 1275.0 16.0 12.0 0.42155977115326704
38 41 34 0.0 0.0 309.0 0.0 6735.0 17.0 668.0 0.15498726890291153
38 41 35 0.0 0.0 588.0 0.0 10305.0 28.0 2620.0 0.10864504112990842
38 41 36 0.0 0.0 1193.0 0.0 12911.0 33.0 13271.0 0.08697272783748523
38 41 37 0.0 0.0 2920.0 0.0 11793.0 66.0 44657.0 0.08379721074998503
38 41 38 0.0 1.0 4761.0 1.0 9282.0 86.0 81690.0 0.08726547403852146
38 41 39 0.0 0.0 5332.0 0.0 6167.0 80.0 117127.0 0.10368834246778254
38 41 40 0.0 0.0 5511.0 1.0 5874.0 73.0 121818.0 0.1045244139166791
38 41 41 0.0 1.0 5362.0 1.0 7677.0 78.0 100076.0 0.09307272969020076
38 41 42 0.0 0.0 4249.0 0.0 9784.0 71.0 72672.0 0.0873035669743078
38 41 43 0.0 0.0 2203.0 0.0 12767.0 55.0 31349.0 0.08257638315441783
38 41 44 0.0 0.0 1736.0 0.0 12514.0 51.0 26195.0 0.08628127696289904
38 41 45 0.0 0.0 796.0 0.0 12207.0 24.0 6682.0 0.09333955597039802
38 41 46 0.0 0.0 180.0 0.0 4536.0 18.0 231.0 0.20898641588296757
38 41 47 0.0 0.0 5.0 0.0 224.0 3.0 0.0 0.6289308176100628
38 42 32 0.0 0.0 0.0 0.0 2.0 0.0 0.0 0.6993006993006992
38 42 33 0.0 0.0 3.0 0.0 177.0 1.0 1.0 0.6424965580541532
38 42 34 0.0 0.0 480.0 0.0 9402.0 24.0 2092.0 0.11797421420746607
38 42 35 0.0 0.0 491.0 0.0 9699.0 22.0 2544.0 0.11495196649971261
38 42 36 0.0 0.0 1657.0 0.0 12497.0 40.0 24519.0 0.08662294270511074
38 42 37 0.0 0.0 2427.0 0.0 11902.0 61.0 38328.0 0.08574753475837568
38 42 38 0.0 0.0 3962.0 0.0 9567.0 67.0 73161.0 0.09000321440051429
38 42 39 0.0 0.0 4491.0 0.0 7297.0 64.0 99810.0 0.10143457469931892
38 42 40 0.0 0.0 4996.0 0.0 7693.0 76.0 97871.0 0.09530941520865953
38 42 41 0.0 0.0 4567.0 0.0 7044.0 77.0 103841.0 0.10291090855630695
38 42 42 0.0 0.0 3657.0 0.0 10408.0 72.0 62745.0 0.08712427655734643
38 42 43 0.0 0.0 1727.0 0.0 13557.0 48.0 19917.0 0.08104196816208392
38 42 44 0.0 0.0 1194.0 0.0 13091.0 26.0 14156.0 0.08593702044073413
38 42 45 0.0 0.0 658.0 0.0 10831.0 28.0 3283.0 0.10388839418224992
38 42 46 0.0 0.0 347.0 0.0 7213.0 32.0 837.0 0.14687368862778008
38 42 47 0.0 0.0 1.0 0.0 67.0 0.0 0.0 0.6769825918762088
38 42 48 0.0 0.0 0.0 0.0 1.0 0.0 0.0 0.6996501749125437
38 43 32 0.0 0.0 0.0 0.0 2.0 0.0 0.0 0.6993006993006992
38 43 33 0.0 0.0 63.0 0.0 1581.0 8.0 16.0 0.3851444291609353
38 43 34 0.0 0.0 464.0 0.0 8911.0 23.0 1677.0 0.12325028611673561
38 43 35 0.0 0.0 445.0 0.0 8914.0 26.0 1700.0 0.12341325811001408
38 43 36 0.0 0.0 1226.0 0.0 12939.0 43.0 14258.0 0.0866765725606736
38 43 37 0.0 0.0 2070.0 0.0 12686.0 53.0 30424.0 0.08358707982566123
38 43 38 0.0 0.0 2931.0 0.0 11262.0 61.0 49570.0 0.08640375239153242
38 43 39 0.0 0.0 3307.0 0.0 11315.0 72.0 53090.0 0.0841902700102231
38 43 40 0.0 0.0 3635.0 0.0 10106.0 79.0 65513.0 0.08892841262783459
38 43 41 0.0 0.0 3229.0 0.0 10468.0 68.0 57764.0 0.08910386965376782
38 43 42 0.0 0.0 2793.0 0.0 11437.0 61.0 46030.0 0.08622813500862281
38 43 43 0.0 0.0 1504.0 0.0 13019.0 54.0 18731.0 0.08477655322756449
38 43 44 0.0 0.0 653.0 0.0 10894.0 22.0 3807.0 0.10338207059518534
38 43 45 0.0 0.0 516.0 0.0 9547.0 24.0 2113.0 0.11624045167718365
38 43 46 0.0 0.0 182.0 0.0 3698.0 21.0 108.0 0.2388263391334015
38 43 47 0.0 0.0 2.0 0.0 69.0 0.0 0.0 0.6760019314340897
38 43 48 0.0 0.0 0.0 0.0 1.0 0.0 0.0 0.6996501749125437
38 44 33 0.0 0.0 13.0 0.0 254.0 4.0 0.0 0.618647812638091
38 44 34 0.0 0.0 149.0 0.0 3472.0 9.0 133.0 0.24937655860349126
38 44 35 0.0 0.0 315.0 0.0 7239.0 10.0 855.0 0.14662756598240467
38 44 36 0.0 0.0 973.0 0.0 12730.0 33.0 9187.0 0.08919469928644239
38 44 37 0.0 0.0 866.0 0.0 12243.0 31.0 7625.0 0.09270909211310509
38 44 38 0.0 0.0 1631.0 0.0 13253.0 36.0 21326.0 0.08288437629506837
38 44 39 0.0 0.0 1982.0 0.0 12288.0 35.0 29992.0 0.08596340415080436
38 44 40 0.0 0.0 2361.0 0.0 12277.0 65.0 36258.0 0.08423079237109679
38 44 41 0.0 0.0 2438.0 0.0 11392.0 57.0 42109.0 0.08841732979664013
38 44 42 0.0 0.0 1314.0 0.0 13072.0 30.0 15307.0 0.08541272649624793
38 44 43 0.0 0.0 1200.0 0.0 13031.0 44.0 13182.0 0.08630787251094259
38 44 44 0.0 0.0 437.0 0.0 8659.0 22.0 1476.0 0.12639942217407002
38 44 45 0.0 0.0 224.0 0.0 5105.0 17.0 323.0 0.1913875598086124
38 44 46 0.0 0.0 62.0 0.0 1851.0 8.0 19.0 0.3586065573770491
38 44 47 0.0 0.0 0.0 0.0 3.0 0.0 0.0 0.6989515726410384
38 45 33 0.0 0.0 0.0 0.0 3.0 0.0 0.0 0.6989515726410384
38 45 34 0.0 0.0 10.0 0.0 168.0 2.0 1.0 0.6433823529411764
38 45 35 0.0 0.0 448.0 0.0 8763.0 18.0 1605.0 0.12492192379762647
38 45 36 0.0 0.0 90.0 0.0 2068.0 7.0 31.0 0.33726812816188867
38 45 37 0.0 0.0 320.0 0.0 7249.0 23.0 1001.0 0.14659685863874342
38 45 38 0.0 0.0 997.0 0.0 12915.0 31.0 8646.0 0.08795627316705408
38 45 39 0.0 0.0 1395.0 0.0 12904.0 52.0 18339.0 0.08597396217145663
38 45 40 0.0 0.0 1801.0 0.0 12501.0 36.0 27087.0 0.085831647354546
38 45 41 0.0 0.0 1867.0 0.0 12091.0 50.0 30304.0 0.08776879192527114
38 45 42 0.0 0.0 1121.0 0.0 12711.0 35.0 13431.0 0.08848998166993235
38 45 43 0.0 0.0 729.0 0.0 11431.0 21.0 4920.0 0.09890498057223596
38 45 44 0.0 0.0 140.0 0.0 3314.0 17.0 107.0 0.2575423105224429
38 45 45 0.0 0.0 191.0 0.0 4436.0 19.0 181.0 0.21180030257186078
38 45 46 0.0 0.0 0.0 0.0 9.0 0.0 0.0 0.6968641114982577
38 45 47 0.0 0.0 0.0 0.0 1.0 0.0 0.0 0.6996501749125437
38 46 34 0.0 0.0 0.0 0.0 15.0 0.0 0.0 0.6951340615690167
38 46 35 0.0 0.0 18.0 0.0 572.0 3.0 4.0 0.5411673753382295
38 46 36 0.0 0.0 5.0 0.0 141.0 2.0 0.0 0.6532897806812878
38 46 37 0.0 0.0 45.0 0.0 1030.0 6.0 5.0 0.4561746497230368
38 46 38 0.0 0.0 393.0 0.0 7693.0 22.0 992.0 0.13902681231380334
38 46 39 0.0 0.0 397.0 0.0 8271.0 25.0 1538.0 0.13146774345008921
38 46 40 0.0 0.0 656.0 0.0 10972.0 23.0 4349.0 0.10279001468428779
38 46 41 0.0 0.0 919.0 0.0 12291.0 32.0 9147.0 0.09202655623479918
38 46 42 0.0 0.0 208.0 0.0 5481.0 16.0 426.0 0.1824104234527687
38 46 43 0.0 0.0 542.0 0.0 9874.0 23.0 2489.0 0.11287591711682657
38 46 44 0.0 0.0 37.0 0.0 888.0 8.0 2.0 0.4799451491258141
38 46 45 0.0 0.0 98.0 0.0 1838.0 18.0 13.0 0.35723398826231173
38 46 46 0.0 0.0 0.0 0.0 1.0 0.0 0.0 0.6996501749125437
38 47 36 0.0 0.0 0.0 0.0 10.0 1.0 0.0 0.6968641114982577
38 47 37 0.0 0.0 2.0 0.0 33.0 0.0 0.0 0.6879606879606879
38 47 38 0.0 0.0 0.0 0.0 60.0 0.0 0.0 0.6796116504854368
38 47 39 0.0 0.0 6.0 0.0 225.0 2.0 0.0 0.6283662477558347
38 47 40 0.0 0.0 192.0 0.0 4384.0 27.0 179.0 0.2137078308655167
38 47 41 0.0 0.0 195.0 0.0 4342.0 18.0 225.0 0.21472392638036808
38 47 42 0.0 0.0 18.0 0.0 555.0 3.0 1.0 0.5447470817120622
38 47 43 0.0 0.0 11.0 0.0 353.0 7.0 2.0 0.593975392448027
38 47 44 0.0 0.0 1.0 0.0 70.0 1.0 0.0 0.6763285024154588
38 47 45 0.0 0.0 0.0 0.0 1.0 0.0 0.0 0.6996501749125437
38 48 39 0.0 0.0 0.0 0.0 6.0 0.0 0.0 0.6979062811565303
38 48 40 0.0 0.0 2.0 0.0 13.0 0.0 0.0 0.694789081885856
38 48 41 0.0 0.0 2.0 0.0 47.0 2.0 0.0 0.6839276990718123
38 48 42 0.0 0.0 0.0 0.0 10.0 0.0 0.0 0.6965174129353233
38 48 43 0.0 0.0 0.0 0.0 1.0 0.0 0.0 0.6996501749125437
38 48 44 0.0 0.0 0.0 0.0 2.0 0.0 0.0 0.6993006993006992
39 32 37 0.0 0.0 0.0 0.0 2.0 0.0 0.0 0.6993006993006992
39 32 38 0.0 0.0 0.0 0.0 3.0 1.0 0.0 0.6993006993006992
39 32 39 0.0 0.0 0.0 0.0 13.0 0.0 0.0 0.695479384003974
39 32 40 0.0 0.0 13.0 0.0 253.0 6.0 0.0 0.6194690265486725
39 32 41 0.0 0.0 0.0 0.0 7.0 0.0 0.0 0.6975585450921773
39 32 42 0.0 0.0 0.0 0.0 6.0 0.0 0.0 0.6979062811565303
39 32 43 0.0 0.0 0.0 0.0 4.0 0.0 0.0 0.6986027944111775
39 32 44 0.0 0.0 0.0 0.0 2.0 0.0 0.0 0.6993006993006992
39 33 35 0.0 0.0 0.0 0.0 5.0 1.0 0.0 0.6986027944111775
39 33 36 0.0 0.0 0.0 0.0 19.0 0.0 0.0 0.6934125804853887
39 33 37 0.0 0.0 44.0 0.0 1036.0 11.0 6.0 0.4561746497230368
39 33 38 0.0 0.0 19.0 0.0 617.0 3.0 3.0 0.5321170657544659
39 33 39 0.0 0.0 5.0 0.0 267.0 2.0 1.0 0.6167400881057268
39 33 40 0.0 0.0 21.0 0.0 610.0 3.0 1.0 0.5331302361005331
39 33 41 0.0 0.0 10.0 0.0 314.0 3.0 0.0 0.6034482758620688
39 33 42 0.0 0.0 10.0 0.0 245.0 4.0 0.0 0.6219458018658373
39 33 43 0.0 0.0 69.0 0.0 1516.0 13.0 10.0 0.39193729003359457
39 33 44 0.0 0.0 16.0 0.0 373.0 5.0 0.0 0.587248322147651
39 34 34 0.0 0.0 2.0 0.0 51.0 0.0 0.0 0.6819288845591815
39 34 35 0.0 0.0 22.0 0.0 370.0 3.0 0.0 0.5860192549183758
39 34 36 0.0 0.0 118.0 0.0 2415.0 19.0 25.0 0.31000885739592554
39 34 37 0.0 0.0 268.0 0.0 6118.0 24.0 490.0 0.16732401099557784
39 34 38 0.0 0.0 430.0 0.0 8354.0 24.0 1349.0 0.12996658002227995
39 34 39 0.0 0.0 470.0 0.0 9217.0 27.0 1959.0 0.1199657240788346
39 34 40 0.0 0.0 791.0 0.0 11893.0 21.0 5886.0 0.09534186870062653
39 34 41 0.0 0.0 656.0 0.0 11004.0 21.0 4131.0 0.10251903925014645
39 34 42 0.0 0.0 343.0 0.0 7296.0 18.0 904.0 0.14545454545454542
39 34 43 0.0 0.0 688.0 0.0 11148.0 31.0 4387.0 0.10129513059836479
39 34 44 0.0 0.0 77.0 0.0 2020.0 8.0 27.0 0.34246575342465746
39 34 45 0.0 0.0 38.0 0.0 840.0 12.0 2.0 0.4884856943475226
39 34 46 0.0 0.0 0.0 0.0 7.0 0.0 0.0 0.6975585450921773
39 35 33 0.0 0.0 0.0 0.0 9.0 0.0 0.0 0.6968641114982577
39 35 34 0.0 0.0 17.0 0.0 381.0 3.0 1.0 0.5845511482254696
39 35 35 0.0 0.0 443.0 0.0 8910.0 26.0 1801.0 0.12348945929258179
39 35 36 0.0 0.0 315.0 0.0 6816.0 24.0 746.0 0.1536772777167947
39 35 37 0.0 0.0 553.0 0.0 10397.0 30.0 3104.0 0.10825021263434623
39 35 38 0.0 0.0 830.0 0.0 12159.0 31.0 6101.0 0.09345794392523364
39 35 39 0.0 0.0 1384.0 0.0 12770.0 51.0 18064.0 0.08669804310131285
39 35 40 0.0 0.0 1038.0 0.0 12815.0 39.0 9407.0 0.08835037233371197
39 35 41 0.0 0.0 1634.0 0.0 12767.0 39.0 22791.0 0.08527226215129735
39 35 42 0.0 0.0 1453.0 0.0 12922.0 31.0 18993.0 0.08544921874999999
39 35 43 0.0 0.0 1080.0 0.0 12657.0 32.0 11325.0 0.08901322482197355
39 35 44 0.0 0.0 813.0 0.0 12058.0 27.0 6441.0 0.09417462666487286
39 35 45 0.0 0.0 259.0 0.0 5587.0 15.0 379.0 0.17870819504722998
39 35 46 0.0 0.0 11.0 0.0 328.0 2.0 0.0 0.5990586221651689
39 35 47 0.0 0.0 11.0 0.0 208.0 3.0 0.0 0.6317689530685919
39 36 33 0.0 0.0 3.0 0.0 54.0 1.0 0.0 0.6809338521400777
39 36 34 0.0 0.0 171.0 0.0 3847.0 15.0 164.0 0.23313905079100747
39 36 35 0.0 0.0 626.0 0.0 10656.0 18.0 3640.0 0.10543756589847866
39 36 36 0.0 0.0 1195.0 0.0 12469.0 38.0 16203.0 0.08937691521961184
39 36 37 0.0 0.0 1697.0 0.0 12727.0 33.0 23810.0 0.08517887563884156
39 36 38 0.0 0.0 2231.0 0.0 11944.0 61.0 36136.0 0.08660686668728734
39 36 39 0.0 0.0 1859.0 0.0 13578.0 48.0 22207.0 0.08029825064525378
39 36 40 0.0 0.0 2204.0 0.0 12511.0 54.0 32459.0 0.08370702541106127
39 36 41 0.0 0.0 2873.0 0.0 11355.0 71.0 47046.0 0.08626532750015403
39 36 42 0.0 0.0 2077.0 0.0 12711.0 41.0 30320.0 0.08341277407054336
39 36 43 0.0 0.0 1688.0 0.0 13501.0 57.0 20475.0 0.08149484836137143
39 36 44 0.0 0.0 715.0 0.0 11514.0 17.0 4896.0 0.09845288326300984
39 36 45 0.0 0.0 415.0 0.0 8753.0 26.0 1781.0 0.12554927809165095
39 36 46 0.0 0.0 256.0 0.0 5862.0 15.0 425.0 0.17271157167530224
39 36 47 0.0 0.0 5.0 0.0 131.0 1.0 0.0 0.6557377049180326
39 36 48 0.0 0.0 0.0 0.0 1.0 0.0 0.0 0.6996501749125437
39 37 33 0.0 0.0 0.0 0.0 38.0 0.0 0.0 0.6872852233676975
39 37 34 0.0 0.0 196.0 0.0 4335.0 11.0 194.0 0.21478981282602022
39 37 35 0.0 0.0 1053.0 0.0 12551.0 31.0 10458.0 0.08970908624887863
39 37 36 0.0 0.0 1359.0 0.0 13068.0 48.0 16280.0 0.08525149190110826
39 37 37 0.0 0.0 3152.0 0.0 10221.0 68.0 60160.0 0.09108060633660789
39 37 38 0.0 0.0 3219.0 0.0 10884.0 61.0 54226.0 0.08688636504685657
39 37 39 0.0 0.0 3793.0 0.0 11148.0 65.0 58350.0 0.08256664307619721
39 37 40 0.0 0.0 4289.0 0.0 9423.0 74.0 76827.0 0.08909819894354992
39 37 41 0.0 0.0 4447.0 0.0 7797.0 86.0 93726.0 0.0983698707138842
39 37 42 0.0 0.0 3846.0 0.0 8847.0 68.0 78010.0 0.09524457446084766
39 37 43 0.0 0.0 2623.0 0.0 11909.0 57.0 40414.0 0.08468937148387877
39 37 44 0.0 0.0 1125.0 0.0 12881.0 36.0 12952.0 0.08748359682559519
39 37 45 0.0 0.0 883.0 0.0 12379.0 27.0 6782.0 0.09176115881234842
39 37 46 0.0 0.0 176.0 0.0 4244.0 21.0 209.0 0.21878418502891073
39 37 47 0.0 0.0 199.0 0.0 4509.0 17.0 238.0 0.20914251568568865
39 37 48 0.0 0.0 11.0 0.0 176.0 4.0 0.0 0.6413192853870818
39 38 33 0.0 0.0 1.0 0.0 85.0 0.0 0.0 0.6711409395973154
39 38 34 0.0 0.0 323.0 0.0 6516.0 20.0 635.0 0.158586316266425
39 38 35 0.0 0.0 1048.0 0.0 12449.0 30.0 12347.0 0.09031675375782207
39 38 36 0.0 0.0 1968.0 0.0 12295.0 46.0 29662.0 0.08607439286812173
39 38 37 0.0 0.0 3545.0 0.0 9069.0 67.0 74072.0 0.09575268449490458
39 38 38 0.0 0.0 4635.0 0.0 8837.0 76.0 83449.0 0.09050943884147918
39 38 39 0.0 5.0 5440.0 4.0 7678.0 74.0 101698.0 0.09250693802035151
39 38 40 0.0 0.0 5344.0 0.0 5483.0 61.0 127023.0 0.10915328239513487
39 38 41 0.0 0.0 5543.0 0.0 6086.0 71.0 120120.0 0.10267693436010267
39 38 42 0.0 0.0 4798.0 0.0 9236.0 79.0 82150.0 0.08726003490401395
39 38 43 0.0 0.0 2990.0 0.0 12174.0 58.0 43604.0 0.0816516971888487
39 38 44 0.0 0.0 2633.0 0.0 10616.0 62.0 51116.0 0.09183338799606428
39 38 45 0.0 0.0 1067.0 0.0 12905.0 33.0 9167.0 0.0876753507014028
39 38 46 0.0 0.0 408.0 0.0 7909.0 21.0 1144.0 0.13597513597513594
39 38 47 0.0 0.0 10.0 0.0 422.0 3.0 3.0 0.5763688760806915
39 38 48 0.0 0.0 0.0 0.0 13.0 0.0 0.0 0.695479384003974
39 39 32 0.0 0.0 0.0 0.0 3.0 0.0 0.0 0.6989515726410384
39 39 33 0.0 0.0 6.0 0.0 275.0 5.0 0.0 0.6151142355008786
39 39 34 0.0 0.0 526.0 0.0 9378.0 23.0 1855.0 0.11773610293499283
39 39 35 0.0 0.0 1063.0 0.0 12963.0 35.0 9654.0 0.08743988507900817
39 39 36 0.0 0.0 2618.0 0.0 11202.0 67.0 45897.0 0.08847879668836503
39 39 37 0.0 0.0 4032.0 0.0 9101.0 83.0 76814.0 0.09250082590023123
39 39 38 0.0 0.0 5656.0 0.0 7464.0 78.0 105840.0 0.09247027741083222
39 39 39 2.0 0.0 6065.0 0.0 4745.0 74.0 137364.0 0.10930668332292316
39 39 40 0.0 1.0 4899.0 0.0 3215.0 51.0 153484.0 0.13849045405084576
39 39 41 0.0 1.0 5317.0 0.0 4116.0 59.0 143420.0 0.122260064623177
39 39 42 0.0 1.0 5412.0 2.0 8442.0 87.0 92823.0 0.08825012607160866
39 39 43 0.0 0.0 3562.0 0.0 11000.0 53.0 56715.0 0.08437801350048216
39 39 44 0.0 0.0 1891.0 0.0 13431.0 49.0 25036.0 0.08081274532440544
39 39 45 0.0 0.0 649.0 0.0 11066.0 24.0 4159.0 0.10214504596527067
39 39 46 0.0 0.0 408.0 0.0 8496.0 15.0 1541.0 0.1284993116108306
39 39 47 0.0 0.0 38.0 0.0 794.0 14.0 1.0 0.49698260560880364
39 39 48 0.0 0.0 1.0 0.0 11.0 0.0 0.0 0.6958250497017892
39 40 32 0.0 0.0 0.0 0.0 2.0 0.0 0.0 0.6993006993006992
39 40 33 0.0 0.0 39.0 0.0 1139.0 10.0 3.0 0.44219835754895764
39 40 34 0.0 0.0 563.0 0.0 10253.0 16.0 3180.0 0.10921288712068022
39 40 35 0.0 0.0 1026.0 0.0 12727.0 32.0 9782.0 0.0888832455082217
39 40 36 0.0 0.0 2118.0 0.0 12771.0 49.0 29717.0 0.08282553392888835
39 40 37 0.0 0.0 3806.0 0.0 10798.0 82.0 60240.0 0.08443908323281062
39 40 38 0.0 0.0 5704.0 0.0 6270.0 76.0 116801.0 0.10009294344748694
39 40 39 1.0 2.0 4636.0 1.0 3123.0 46.0 155795.0 0.1433838590741499
39 40 40 1.0 5.0 6236.0 1.0 3748.0 55.0 149096.0 0.11659865078704088
39 40 41 0.0 2.0 6542.0 0.0 5385.0 65.0 130959.0 0.10035122930255895
39 40 42 0.0 0.0 5345.0 0.0 7612.0 78.0 100999.0 0.09359540045460622
39 40 43 0.0 0.0 3170.0 0.0 12536.0 64.0 44345.0 0.07902461052156241
39 40 44 0.0 0.0 2214.0 0.0 12281.0 52.0 33124.0 0.08486391465114869
39 40 45 0.0 0.0 592.0 0.0 10765.0 25.0 4041.0 0.10482965181579933
39 40 46 0.0 0.0 309.0 0.0 6652.0 22.0 646.0 0.15656452695146497
39 40 47 0.0 0.0 73.0 0.0 1636.0 11.0 12.0 0.37858301784748505
39 40 48 0.0 0.0 0.0 0.0 2.0 0.0 0.0 0.6993006993006992
39 41 33 0.0 0.0 120.0 0.0 2714.0 18.0 43.0 0.2906373261365995
39 41 34 0.0 0.0 629.0 0.0 10466.0 21.0 3422.0 0.10698456365581537
39 41 35 0.0 0.0 1495.0 0.0 12965.0 49.0 18837.0 0.08510120965290863
39 41 36 0.0 0.0 2223.0 0.0 12849.0 55.0 31096.0 0.08203445447087776
39 41 37 0.0 0.0 3638.0 0.0 10664.0 66.0 60504.0 0.08584743684081432
39 41 38 0.0 3.0 5380.0 2.0 7390.0 74.0 103230.0 0.09456264775413711
39 41 39 0.0 0.0 5667.0 1.0 4512.0 60.0 139888.0 0.1149614058137625
39 41 40 0.0 0.0 5563.0 0.0 3835.0 57.0 146995.0 0.12294722051462192
39 41 41 0.0 0.0 5271.0 0.0 4464.0 62.0 137571.0 0.11950490823730259
39 41 42 0.0 0.0 4990.0 0.0 8760.0 81.0 87638.0 0.08895101340618844
39 41 43 0.0 0.0 3600.0 0.0 9639.0 68.0 68826.0 0.09179725919611827
39 41 44 0.0 0.0 1716.0 0.0 12937.0 47.0 23542.0 0.0840134421507441
39 41 45 0.0 0.0 802.0 0.0 12148.0 22.0 6375.0 0.0936642804576169
39 41 46 0.0 0.0 229.0 0.0 5096.0 20.0 295.0 0.1916233232959211
39 41 47 0.0 0.0 0.0 0.0 125.0 1.0 0.0 0.6591337099811675
39 41 48 0.0 0.0 0.0 0.0 7.0 0.0 0.0 0.6975585450921773
39 42 32 0.0 0.0 0.0 0.0 1.0 0.0 0.0 0.6996501749125437
39 42 33 0.0 0.0 16.0 0.0 634.0 2.0 5.0 0.5287009063444108
39 42 34 0.0 0.0 462.0 0.0 8774.0 21.0 1731.0 0.124777183600713
39 42 35 0.0 0.0 1280.0 0.0 12966.0 38.0 15385.0 0.08620689655172413
39 42 36 0.0 0.0 1922.0 0.0 12623.0 47.0 28177.0 0.08460748171874055
39 42 37 0.0 0.0 3280.0 0.0 10881.0 73.0 55771.0 0.0866122246968572
39 42 38 0.0 1.0 4643.0 0.0 8424.0 73.0 87916.0 0.09269067796610168
39 42 39 0.0 0.0 5608.0 0.0 8334.0 76.0 95158.0 0.08776328986960882
39 42 40 0.0 1.0 5759.0 3.0 6494.0 74.0 114007.0 0.09825940482874788
39 42 41 0.0 0.0 5319.0 0.0 8044.0 87.0 96516.0 0.0911933298593017
39 42 42 0.0 0.0 3798.0 0.0 10618.0 74.0 62551.0 0.08528784648187633
39 42 43 0.0 0.0 2419.0 0.0 12859.0 51.0 33756.0 0.08096697704007864
39 42 44 0.0 0.0 1637.0 0.0 13197.0 54.0 20527.0 0.08317984671142534
39 42 45 0.0 0.0 1133.0 0.0 12944.0 36.0 12570.0 0.08712969878018421
39 42 46 0.0 0.0 541.0 0.0 10258.0 23.0 3027.0 0.10949475989363365
39 42 47 0.0 0.0 225.0 0.0 4341.0 19.0 170.0 0.21383839926683973
39 42 48 0.0 0.0 1.0 0.0 19.0 1.0 0.0 0.6934125804853887
39 43 33 0.0 0.0 28.0 0.0 586.0 7.0 1.0 0.5370157268891445
39 43 34 0.0 0.0 493.0 0.0 9405.0 22.0 2025.0 0.11781536648994359
39 43 35 0.0 0.0 1615.0 0.0 12002.0 44.0 26236.0 0.08965163934426228
39 43 36 0.0 0.0 1120.0 0.0 13003.0 45.0 10956.0 0.08691333498882542
39 43 37 0.0 0.0 2169.0 0.0 12432.0 49.0 32528.0 0.08428150021070374
39 43 38 0.0 0.0 2964.0 0.0 11525.0 60.0 47013.0 0.08483820143012967
39 43 39 0.0 0.0 3886.0 0.0 10068.0 77.0 67831.0 0.08777979810646434
39 43 40 0.0 0.0 4286.0 0.0 8112.0 70.0 88728.0 0.09717498438259178
39 43 41 0.0 0.0 3442.0 0.0 11245.0 65.0 54041.0 0.08388256440982624
39 43 42 0.0 0.0 3341.0 0.0 9717.0 74.0 64546.0 0.09295531505212136
39 43 43 0.0 0.0 1491.0 0.0 13251.0 42.0 19350.0 0.08369201339072213
39 43 44 0.0 0.0 1117.0 0.0 12970.0 33.0 10564.0 0.08704843623702044
39 43 45 0.0 0.0 609.0 0.0 10614.0 25.0 3864.0 0.10590015128593039
39 43 46 0.0 0.0 356.0 0.0 7092.0 22.0 810.0 0.14844661223624217
39 43 47 0.0 0.0 6.0 0.0 246.0 2.0 0.0 0.6222222222222221
39 43 48 0.0 0.0 0.0 0.0 3.0 0.0 0.0 0.6989515726410384
39 44 32 0.0 0.0 2.0 0.0 70.0 1.0 0.0 0.6760019314340897
39 44 33 0.0 0.0 4.0 0.0 252.0 4.0 2.0 0.6216696269982237
39 44 34 0.0 0.0 202.0 0.0 5138.0 16.0 359.0 0.19104803493449776
39 44 35 0.0 0.0 533.0 0.0 10092.0 16.0 2793.0 0.11091744572967834
39 44 36 0.0 0.0 829.0 0.0 12141.0 27.0 7712.0 0.09356412484127513
39 44 37 0.0 0.0 1308.0 0.0 13304.0 40.0 14147.0 0.08430180044559522
39 44 38 0.0 0.0 1627.0 0.0 13233.0 51.0 19335.0 0.08307126327656796
39 44 39 0.0 0.0 2675.0 0.0 10989.0 76.0 48337.0 0.0894340104765555
39 44 40 0.0 0.0 2969.0 0.0 11389.0 82.0 49382.0 0.08572653236176596
39 44 41 0.0 0.0 2990.0 0.0 10292.0 66.0 58180.0 0.09158108196506835
39 44 42 0.0 0.0 2274.0 0.0 11392.0 56.0 39934.0 0.08941687424155328
39 44 43 0.0 0.0 1467.0 0.0 13060.0 37.0 18363.0 0.08469961885171516
39 44 44 0.0 0.0 694.0 0.0 11282.0 24.0 4396.0 0.10021474588403721
39 44 45 0.0 0.0 187.0 0.0 4463.0 14.0 210.0 0.21093867711315353
39 44 46 0.0 0.0 30.0 0.0 715.0 3.0 5.0 0.5105762217359591
39 44 47 0.0 0.0 0.0 0.0 28.0 1.0 0.0 0.6906758756783422
39 45 33 0.0 0.0 56.0 0.0 1206.0 13.0 8.0 0.4310344827586206
39 45 34 0.0 0.0 52.0 0.0 1177.0 10.0 4.0 0.4349176762969866
39 45 35 0.0 0.0 25.0 0.0 740.0 5.0 4.0 0.5074302283436026
39 45 36 0.0 0.0 516.0 0.0 9839.0 23.0 2447.0 0.11337868480725623
39 45 37 0.0 0.0 189.0 0.0 4520.0 24.0 210.0 0.2093927609931199
39 45 38 0.0 0.0 956.0 0.0 12355.0 25.0 9175.0 0.09140767824497256
39 45 39 0.0 0.0 1158.0 0.0 12815.0 26.0 13431.0 0.08760951188986231
39 45 40 0.0 0.0 1326.0 0.0 13412.0 33.0 14055.0 0.08367200573750895
39 45 41 0.0 0.0 1445.0 0.0 12998.0 32.0 18754.0 0.0850856934484016
39 45 42 0.0 0.0 1498.0 0.0 12876.0 40.0 20329.0 0.08548052265233849
39 45 43 0.0 0.0 687.0 0.0 11212.0 21.0 4483.0 0.10074841681059298
39 45 44 0.0 0.0 838.0 0.0 11959.0 26.0 5152.0 0.09465855307640296
39 45 45 0.0 0.0 3.0 0.0 117.0 0.0 0.0 0.6603773584905659
39 45 46 0.0 0.0 0.0 0.0 12.0 0.0 0.0 0.6958250497017892
39 46 32 0.0 0.0 0.0 0.0 3.0 0.0 0.0 0.6989515726410384
39 46 33 0.0 0.0 0.0 0.0 9.0 0.0 0.0 0.6968641114982577
39 46 34 0.0 0.0 0.0 0.0 8.0 0.0 0.0 0.697211155378486
39 46 35 0.0 0.0 23.0 0.0 665.0 9.0 1.0 0.5227781926811051
39 46 36 0.0 0.0 0.0 0.0 93.0 0.0 0.0 0.6692160611854684
39 46 37 0.0 0.0 426.0 0.0 8405.0 31.0 1181.0 0.12948575656677763
39 46 38 0.0 0.0 302.0 0.0 6298.0 17.0 570.0 0.16303714917899148
39 46 39 0.0 0.0 433.0 0.0 8320.0 20.0 1451.0 0.13032954757028484
39 46 40 0.0 0.0 798.0 0.0 11964.0 29.0 6052.0 0.09490881974103449
39 46 41 0.0 0.0 768.0 0.0 11692.0 27.0 4501.0 0.09691934925579783
39 46 42 0.0 0.0 432.0 0.0 8565.0 18.0 1483.0 0.12736535662299853
39 46 43 0.0 0.0 532.0 0.0 9920.0 19.0 2585.0 0.11250401800064287
39 46 44 0.0 0.0 236.0 0.0 4988.0 16.0 268.0 0.1941209095951192
39 46 45 0.0 0.0 8.0 0.0 154.0 0.0 0.0 0.6475485661424606
39 46 46 0.0 0.0 2.0 0.0 16.0 0.0 0.0 0.6937561942517343
39 47 35 0.0 0.0 0.0 0.0 1.0 0.0 0.0 0.6996501749125437
39 47 36 0.0 0.0 4.0 0.0 74.0 2.0 0.0 0.6743737957610789
39 47 37 0.0 0.0 0.0 0.0 26.0 0.0 0.0 0.6910167818361302
39 47 38 0.0 0.0 2.0 0.0 85.0 0.0 0.0 0.6711409395973154
39 47 39 0.0 0.0 14.0 0.0 561.0 5.0 0.0 0.5447470817120622
39 47 40 0.0 0.0 327.0 0.0 7138.0 26.0 829.0 0.14827367083245072
39 47 41 0.0 0.0 185.0 0.0 4453.0 12.0 210.0 0.21128886205855715
39 47 42 0.0 0.0 93.0 0.0 2539.0 15.0 55.0 0.30316154179298394
39 47 43 0.0 0.0 1.0 0.0 98.0 0.0 0.0 0.6676204101096804
39 47 44 0.0 0.0 8.0 0.0 313.0 5.0 1.0 0.6044905008635577
39 47 45 0.0 0.0 1.0 0.0 10.0 1.0 0.0 0.6965174129353233
39 47 46 0.0 0.0 7.0 0.0 183.0 2.0 1.0 0.639853747714808
39 48 39 0.0 0.0 2.0 0.0 45.0 2.0 0.0 0.6845965770171147
39 48 40 0.0 0.0 0.0 0.0 21.0 0.0 0.0 0.6927263730826323
39 48 41 0.0 0.0 63.0 0.0 1520.0 8.0 9.0 0.3916083916083915
39 48 42 0.0 0.0 0.0 0.0 8.0 0.0 0.0 0.697211155378486
39 48 43 0.0 0.0 0.0 0.0 1.0 0.0 0.0 0.6996501749125437
40 32 36 0.0 0.0 0.0 0.0 2.0 0.0 0.0 0.6993006993006992
40 32 37 0.0 0.0 0.0 0.0 6.0 0.0 0.0 0.6979062811565303
40 32 38 0.0 0.0 0.0 0.0 16.0 0.0 0.0 0.6944444444444444
40 32 39 0.0 0.0 0.0 0.0 6.0 0.0 0.0 0.6979062811565303
40 32 40 0.0 0.0 0.0 0.0 1.0 0.0 0.0 0.6996501749125437
40 32 41 0.0 0.0 0.0 0.0 9.0 0.0 0.0 0.6968641114982577
40 32 42 0.0 0.0 0.0 0.0 8.0 0.0 0.0 0.697211155378486
40 32 43 0.0 0.0 0.0 0.0 1.0 0.0 0.0 0.6996501749125437
40 32 44 0.0 0.0 0.0 0.0 1.0 0.0 0.0 0.6996501749125437
40 33 35 0.0 0.0 1.0 0.0 6.0 0.0 0.0 0.6975585450921773
40 33 36 0.0 0.0 15.0 0.0 269.0 5.0 0.0 0.6143045195261079
40 33 37 0.0 0.0 95.0 0.0 1528.0 18.0 12.0 0.38834951456310673
40 33 38 0.0 0.0 167.0 0.0 3980.0 22.0 136.0 0.22857142857142854
40 33 39 0.0 0.0 147.0 0.0 3355.0 17.0 103.0 0.25514853289593586
40 33 40 0.0 0.0 85.0 0.0 1658.0 8.0 12.0 0.37493304767005886
40 33 41 0.0 0.0 201.0 0.0 4579.0 24.0 227.0 0.2072232089994079
40 33 42 0.0 0.0 294.0 0.0 6519.0 20.0 633.0 0.15914516312379215
40 33 43 0.0 0.0 38.0 0.0 953.0 8.0 7.0 0.4693261816962789
40 33 44 0.0 0.0 0.0 0.0 51.0 0.0 0.0 0.6829268292682925
40 33 45 0.0 0.0 0.0 0.0 1.0 0.0 0.0 0.6996501749125437
40 34 33 0.0 0.0 0.0 0.0 3.0 0.0 0.0 0.6989515726410384
40 34 34 0.0 0.0 0.0 0.0 40.0 0.0 0.0 0.6862745098039215
40 34 35 0.0 0.0 6.0 0.0 98.0 1.0 0.0 0.6657156443176413
40 34 36 0.0 0.0 47.0 0.0 1091.0 10.0 6.0 0.4477134633834345
40 34 37 0.0 0.0 318.0 0.0 7402.0 21.0 1020.0 0.14424067587059547
40 34 38 0.0 0.0 678.0 0.0 11235.0 28.0 4304.0 0.10071217897992948
40 34 39 0.0 0.0 498.0 0.0 9785.0 20.0 2243.0 0.1140343732182129
40 34 40 0.0 0.0 570.0 0.0 10463.0 27.0 3179.0 0.10750211164862165
40 34 41 0.0 0.0 424.0 0.0 8668.0 21.0 1614.0 0.12638801119436668
40 34 42 0.0 0.0 331.0 0.0 6975.0 17.0 700.0 0.15066724063710718
40 34 43 0.0 0.0 218.0 0.0 4749.0 22.0 263.0 0.2015258384914351
40 34 44 0.0 0.0 142.0 0.0 3221.0 24.0 88.0 0.26212319790301436
40 34 45 0.0 0.0 23.0 0.0 830.0 2.0 6.0 0.4912280701754385
40 34 46 0.0 0.0 0.0 0.0 9.0 0.0 0.0 0.6968641114982577
40 34 47 0.0 0.0 0.0 0.0 2.0 0.0 0.0 0.6993006993006992
40 35 33 0.0 0.0 0.0 0.0 3.0 0.0 0.0 0.6989515726410384
40 35 34 0.0 0.0 175.0 0.0 3652.0 26.0 118.0 0.2413377003964833
40 35 35 0.0 0.0 480.0 0.0 9013.0 25.0 1650.0 0.12199372603694666
40 35 36 0.0 0.0 531.0 0.0 9957.0 29.0 2733.0 0.11229646266142616
40 35 37 0.0 0.0 874.0 0.0 12340.0 27.0 7025.0 0.0920326058374967
40 35 38 0.0 0.0 1153.0 0.0 12887.0 37.0 11870.0 0.08727635434199861
40 35 39 0.0 0.0 1465.0 0.0 12905.0 36.0 18949.0 0.08553797275004581
40 35 40 0.0 0.0 1371.0 0.0 12838.0 46.0 18543.0 0.08638775762063432
40 35 41 0.0 0.0 898.0 0.0 12328.0 33.0 9184.0 0.09201445941505092
40 35 42 0.0 0.0 800.0 0.0 11952.0 30.0 5594.0 0.09499898215376262
40 35 43 0.0 0.0 660.0 0.0 10911.0 32.0 3635.0 0.103260067856616
40 35 44 0.0 0.0 794.0 0.0 11905.0 22.0 6486.0 0.09526401741970603
40 35 45 0.0 0.0 243.0 0.0 5269.0 21.0 359.0 0.18674136321195142
40 35 46 0.0 0.0 161.0 0.0 3230.0 16.0 79.0 0.2604651162790697
40 35 47 0.0 0.0 1.0 0.0 43.0 0.0 0.0 0.684931506849315
40 36 33 0.0 0.0 0.0 0.0 16.0 0.0 0.0 0.6944444444444444
40 36 34 0.0 0.0 156.0 0.0 3623.0 20.0 109.0 0.24309776002778255
40 36 35 0.0 0.0 478.0 0.0 9116.0 23.0 1836.0 0.12087722327749954
40 36 36 0.0 0.0 1049.0 0.0 12773.0 37.0 10329.0 0.08855715098994243
40 36 37 0.0 0.0 1547.0 0.0 12958.0 47.0 21085.0 0.08480222908716456
40 36 38 0.0 0.0 2318.0 0.0 12288.0 57.0 34804.0 0.0842713537591043
40 36 39 0.0 0.0 2574.0 0.0 11687.0 56.0 42424.0 0.08611145282322548
40 36 40 0.0 0.0 2328.0 0.0 12448.0 48.0 34415.0 0.08337800011911142
40 36 41 0.0 0.0 2609.0 0.0 11401.0 60.0 44362.0 0.08743988507900817
40 36 42 0.0 0.0 2467.0 0.0 12315.0 51.0 36281.0 0.08333333333333333
40 36 43 0.0 0.0 2016.0 0.0 12488.0 55.0 29799.0 0.08476115517345764
40 36 44 0.0 0.0 1387.0 0.0 12939.0 34.0 17535.0 0.08569504805043765
40 36 45 0.0 0.0 858.0 0.0 12266.0 27.0 6568.0 0.09259871684635226
40 36 46 0.0 0.0 417.0 0.0 8560.0 24.0 1498.0 0.12774888219728076
40 36 47 0.0 0.0 0.0 0.0 48.0 0.0 0.0 0.6835937499999999
40 36 48 0.0 0.0 0.0 0.0 2.0 0.0 0.0 0.6993006993006992
40 37 33 0.0 0.0 1.0 0.0 40.0 0.0 0.0 0.6859382655560998
40 37 34 0.0 0.0 223.0 0.0 5085.0 21.0 304.0 0.19212295869356383
40 37 35 0.0 0.0 652.0 0.0 11147.0 34.0 4052.0 0.10163339382940108
40 37 36 0.0 0.0 1973.0 0.0 12151.0 41.0 30810.0 0.08674101610904583
40 37 37 0.0 0.0 2870.0 0.0 11676.0 79.0 45595.0 0.0846740050804403
40 37 38 0.0 0.0 3884.0 0.0 9091.0 85.0 76799.0 0.09350163627863486
40 37 39 0.0 0.0 3998.0 0.0 10409.0 69.0 66672.0 0.08528784648187633
40 37 40 0.0 0.0 4505.0 0.0 10344.0 61.0 69999.0 0.08300231220726861
40 37 41 0.0 0.0 4709.0 0.0 8366.0 76.0 89811.0 0.0928135773004508
40 37 42 0.0 0.0 4041.0 0.0 9986.0 81.0 69719.0 0.0873144567793439
40 37 43 0.0 0.0 3304.0 0.0 11289.0 64.0 53112.0 0.08431703204047217
40 37 44 0.0 0.0 2101.0 0.0 12192.0 52.0 33127.0 0.08592119798698906
40 37 45 0.0 0.0 1003.0 0.0 12886.0 34.0 9122.0 0.08812236419714231
40 37 46 0.0 0.0 289.0 0.0 6868.0 22.0 799.0 0.15313935681470134
40 37 47 0.0 0.0 24.0 0.0 816.0 7.0 3.0 0.494175785386516
40 38 33 0.0 0.0 4.0 0.0 121.0 3.0 0.0 0.66006600660066
40 38 34 0.0 0.0 491.0 0.0 9211.0 29.0 1797.0 0.1198630136986301
40 38 35 0.0 0.0 1188.0 0.0 13241.0 36.0 11691.0 0.0852255433128386
40 38 36 0.0 0.0 1558.0 0.0 12996.0 56.0 18801.0 0.08466376390904692
40 38 37 0.0 0.0 3198.0 0.0 11644.0 69.0 48197.0 0.08320950965824664
40 38 38 0.0 0.0 4553.0 0.0 6163.0 92.0 114332.0 0.11017549382230266
40 38 39 0.0 0.0 6080.0 0.0 8016.0 83.0 99310.0 0.08691873098652758
40 38 40 0.0 0.0 6471.0 0.0 6244.0 62.0 120499.0 0.0950570342205323
40 38 41 0.0 0.0 6061.0 1.0 5979.0 65.0 121136.0 0.09950248756218905
40 38 42 0.0 0.0 5222.0 0.0 5984.0 68.0 119768.0 0.10606060606060605
40 38 43 0.0 0.0 4007.0 0.0 9818.0 74.0 71466.0 0.08840058091810316
40 38 44 0.0 0.0 1922.0 0.0 13456.0 47.0 23566.0 0.0805616296466797
40 38 45 0.0 0.0 1338.0 0.0 13137.0 49.0 15538.0 0.08509086488786238
40 38 46 0.0 0.0 566.0 0.0 10153.0 30.0 2739.0 0.11020151133501259
40 38 47 0.0 0.0 138.0 0.0 3644.0 15.0 128.0 0.24263431542461006
40 38 48 0.0 0.0 0.0 0.0 7.0 0.0 0.0 0.6975585450921773
40 39 33 0.0 0.0 5.0 0.0 217.0 2.0 1.0 0.6306306306306305
40 39 34 0.0 0.0 286.0 0.0 6525.0 25.0 606.0 0.15925378227732906
40 39 35 0.0 0.0 1086.0 0.0 12866.0 35.0 12052.0 0.08785140562248994
40 39 36 0.0 0.0 2592.0 0.0 11380.0 61.0 43272.0 0.08766986035443672
40 39 37 0.0 0.0 4054.0 0.0 9946.0 80.0 69689.0 0.0874508089199825
40 39 38 0.0 0.0 5714.0 0.0 7334.0 80.0 106655.0 0.09304180235262842
40 39 39 0.0 1.0 5748.0 0.0 3966.0 60.0 145122.0 0.11954572624028689
40 39 40 0.0 0.0 6041.0 0.0 3437.0 42.0 153376.0 0.12187690432663008
40 39 41 1.0 0.0 5360.0 0.0 3383.0 50.0 153346.0 0.13036595586181207
40 39 42 0.0 0.0 5956.0 0.0 6048.0 72.0 119240.0 0.09997143673236217
40 39 43 0.0 0.0 4358.0 0.0 9396.0 67.0 77110.0 0.08877615726062142
40 39 44 0.0 0.0 1753.0 0.0 13334.0 45.0 20585.0 0.08190487333996371
40 39 45 0.0 0.0 1062.0 0.0 13045.0 38.0 10290.0 0.08695652173913042
40 39 46 0.0 0.0 270.0 0.0 5581.0 27.0 363.0 0.17886802095311102
40 39 47 0.0 0.0 112.0 0.0 2589.0 18.0 46.0 0.2989536621823617
40 39 48 0.0 0.0 1.0 0.0 16.0 0.0 0.0 0.694100148735746
40 40 32 0.0 0.0 0.0 0.0 2.0 0.0 0.0 0.6993006993006992
40 40 33 0.0 0.0 6.0 0.0 211.0 3.0 0.0 0.6323396567299006
40 40 34 0.0 0.0 444.0 0.0 8688.0 24.0 1615.0 0.12591060347153518
40 40 35 0.0 0.0 1661.0 0.0 12726.0 40.0 23609.0 0.08540751586139579
40 40 36 0.0 0.0 3043.0 0.0 10902.0 71.0 53748.0 0.08785140562248994
40 40 37 0.0 0.0 4439.0 0.0 8205.0 78.0 89611.0 0.09562841530054644
40 40 38 0.0 0.0 6157.0 0.0 6826.0 63.0 112205.0 0.09335200373408013
40 40 39 0.0 2.0 6759.0 1.0 4472.0 70.0 142125.0 0.10580411124546553
40 40 40 0.0 1.0 3109.0 1.0 1706.0 32.0 172111.0 0.20527859237536653
40 40 41 0.0 5.0 7083.0 3.0 4586.0 66.0 140214.0 0.10233918128654969
40 40 42 1.0 0.0 6063.0 0.0 7277.0 89.0 107884.0 0.09135995823544765
40 40 43 0.0 0.0 3971.0 0.0 10681.0 74.0 62627.0 0.08406893652795291
40 40 44 0.0 0.0 2136.0 0.0 13223.0 54.0 27447.0 0.08071025020177562
40 40 45 0.0 0.0 942.0 0.0 12367.0 29.0 9254.0 0.0914733747141457
40 40 46 0.0 0.0 804.0 0.0 11893.0 32.0 6300.0 0.09535485628660945
40 40 47 0.0 0.0 25.0 0.0 872.0 4.0 2.0 0.4839267196681645
40 40 48 0.0 0.0 0.0 0.0 5.0 1.0 0.0 0.6986027944111775
40 41 33 0.0 0.0 35.0 0.0 822.0 11.0 2.0 0.49191848208011235
40 41 34 0.0 0.0 438.0 0.0 8715.0 20.0 1477.0 0.12569581612497752
40 41 35 0.0 0.0 1275.0 0.0 12892.0 39.0 14838.0 0.08656402646385951
40 41 36 0.0 0.0 2405.0 0.0 11891.0 56.0 38927.0 0.08586323213738116
40 41 37 0.0 0.0 4388.0 0.0 8701.0 90.0 84121.0 0.09283819628647214
40 41 38 0.0 0.0 5661.0 0.0 6083.0 74.0 120331.0 0.10189228529839882
40 41 39 0.0 1.0 6210.0 0.0 4823.0 61.0 136184.0 0.10731258623332822
40 41 40 1.0 6.0 6244.0 5.0 4235.0 60.0 144610.0 0.11211660126531592
40 41 41 0.0 2.0 5263.0 0.0 4214.0 53.0 141100.0 0.12178148921363952
40 41 42 0.0 0.0 5518.0 0.0 8380.0 91.0 94824.0 0.0881112719491472
40 41 43 0.0 0.0 3888.0 0.0 9881.0 84.0 69812.0 0.08886067914947635
40 41 44 0.0 0.0 1639.0 0.0 13834.0 55.0 17312.0 0.08023842274186152
40 41 45 0.0 0.0 1050.0 0.0 13024.0 44.0 8556.0 0.08710259441299073
40 41 46 0.0 0.0 291.0 0.0 6176.0 11.0 525.0 0.16548463356973991
40 41 47 0.0 0.0 20.0 0.0 427.0 7.0 1.0 0.5737704918032785
40 41 48 0.0 0.0 0.0 0.0 3.0 0.0 0.0 0.6989515726410384
40 42 33 0.0 0.0 3.0 0.0 194.0 2.0 0.0 0.6381039197812214
40 42 34 0.0 0.0 468.0 0.0 8835.0 21.0 1757.0 0.1239157372986369
40 42 35 0.0 0.0 1269.0 0.0 13351.0 31.0 12862.0 0.08423079237109679
40 42 36 0.0 0.0 2965.0 0.0 10138.0 64.0 58450.0 0.09269067796610168
40 42 37 0.0 0.0 3355.0 0.0 10576.0 80.0 57638.0 0.08792313006343025
40 42 38 0.0 0.0 4739.0 0.0 8895.0 75.0 84497.0 0.08951979026791992
40 42 39 0.0 0.0 5069.0 0.0 5558.0 62.0 122365.0 0.11072445428661815
40 42 40 0.0 1.0 6125.0 1.0 7750.0 89.0 102744.0 0.08809463881198086
40 42 41 0.0 0.0 5137.0 0.0 6309.0 66.0 115916.0 0.10419767788032153
40 42 42 0.0 1.0 4380.0 3.0 10087.0 77.0 71889.0 0.0849772382397572
40 42 43 0.0 0.0 2660.0 0.0 12000.0 49.0 41258.0 0.08391273076000957
40 42 44 0.0 0.0 2009.0 0.0 11569.0 52.0 34437.0 0.0898242012062107
40 42 45 0.0 0.0 837.0 0.0 11944.0 23.0 8068.0 0.09472900737532985
40 42 46 0.0 0.0 382.0 0.0 7750.0 23.0 1096.0 0.13844936708860756
40 42 47 0.0 0.0 97.0 0.0 2122.0 8.0 20.0 0.3324625979577297
40 42 48 0.0 0.0 0.0 0.0 2.0 0.0 0.0 0.6993006993006992
40 43 33 0.0 0.0 54.0 0.0 1246.0 7.0 7.0 0.4251442453689644
40 43 34 0.0 0.0 322.0 0.0 6741.0 23.0 665.0 0.1548158796859449
40 43 35 0.0 0.0 1161.0 0.0 13177.0 32.0 12105.0 0.08569504805043765
40 43 36 0.0 0.0 1680.0 0.0 12841.0 49.0 22512.0 0.08468937148387877
40 43 37 0.0 0.0 2303.0 0.0 11899.0 57.0 37054.0 0.08645711109738775
40 43 38 0.0 0.0 2742.0 0.0 12737.0 65.0 36939.0 0.08015573113477613
40 43 39 0.0 0.0 3913.0 0.0 9820.0 85.0 70341.0 0.0889058233314282
40 43 40 0.0 0.0 4339.0 0.0 8678.0 84.0 84080.0 0.09328358208955223
40 43 41 0.0 0.0 3834.0 0.0 10205.0 69.0 66804.0 0.08720568082720817
40 43 42 0.0 0.0 2886.0 0.0 11522.0 78.0 46793.0 0.08544921874999999
40 43 43 0.0 0.0 2183.0 0.0 12332.0 52.0 32828.0 0.08479195687723336
40 43 44 0.0 0.0 921.0 0.0 12590.0 29.0 9140.0 0.09025852620720778
40 43 45 0.0 0.0 1003.0 0.0 12289.0 32.0 11504.0 0.09164102899783988
40 43 46 0.0 0.0 351.0 0.0 6908.0 25.0 683.0 0.15153155103366164
40 43 47 0.0 0.0 8.0 0.0 152.0 3.0 0.0 0.6490496059341677
40 43 48 0.0 0.0 0.0 0.0 1.0 0.0 0.0 0.6996501749125437
40 44 32 0.0 0.0 1.0 0.0 19.0 0.0 0.0 0.6930693069306929
40 44 33 0.0 0.0 45.0 0.0 862.0 11.0 4.0 0.4835924006908462
40 44 34 0.0 0.0 675.0 0.0 11311.0 31.0 4275.0 0.100121576199671
40 44 35 0.0 0.0 530.0 0.0 9863.0 21.0 2379.0 0.11300347082088948
40 44 36 0.0 0.0 747.0 0.0 11581.0 31.0 4644.0 0.09784051995247744
40 44 37 0.0 0.0 1003.0 0.0 12899.0 32.0 8406.0 0.08806139136998363
40 44 38 0.0 0.0 1569.0 0.0 13121.0 46.0 20147.0 0.08388759062855772
40 44 39 0.0 0.0 2463.0 0.0 11347.0 51.0 41635.0 0.08851795649974707
40 44 40 0.0 0.0 2546.0 0.0 11642.0 55.0 41853.0 0.08645711109738775
40 44 41 0.0 0.0 2013.0 0.0 13167.0 50.0 26427.0 0.08150433719508644
40 44 42 0.0 0.0 1945.0 0.0 12128.0 48.0 30157.0 0.08697272783748523
40 44 43 0.0 0.0 1194.0 0.0 12624.0 20.0 15248.0 0.08841174613198609
40 44 44 0.0 0.0 477.0 0.0 8933.0 25.0 1689.0 0.12289325842696629
40 44 45 0.0 0.0 309.0 0.0 6597.0 15.0 624.0 0.15735641227380015
40 44 46 0.0 0.0 14.0 0.0 447.0 4.0 1.0 0.5700325732899022
40 44 47 0.0 0.0 0.0 0.0 8.0 0.0 0.0 0.697211155378486
40 45 32 0.0 0.0 0.0 0.0 2.0 0.0 0.0 0.6993006993006992
40 45 33 0.0 0.0 213.0 0.0 3954.0 19.0 140.0 0.22771633051398826
40 45 34 0.0 0.0 161.0 0.0 3872.0 14.0 126.0 0.23248090335436727
40 45 35 0.0 0.0 182.0 0.0 4464.0 17.0 236.0 0.21106588270767374
40 45 36 0.0 0.0 252.0 0.0 6248.0 13.0 646.0 0.16493873704052778
40 45 37 0.0 0.0 622.0 0.0 10702.0 31.0 3288.0 0.10516036956358446
40 45 38 0.0 0.0 1099.0 0.0 12983.0 38.0 12623.0 0.08709175738724727
40 45 39 0.0 0.0 1100.0 0.0 12816.0 29.0 12226.0 0.08790104853393607
40 45 40 0.0 0.0 1292.0 0.0 13126.0 31.0 14851.0 0.0853346336706083
40 45 41 0.0 0.0 1032.0 0.0 12726.0 35.0 9419.0 0.08888888888888888
40 45 42 0.0 0.0 935.0 0.0 12579.0 33.0 8050.0 0.0903400658191908
40 45 43 0.0 0.0 818.0 0.0 12035.0 40.0 6841.0 0.09434598018734415
40 45 44 0.0 0.0 251.0 0.0 5884.0 15.0 468.0 0.17237133710908642
40 45 45 0.0 0.0 9.0 0.0 348.0 0.0 1.0 0.593975392448027
40 45 46 0.0 0.0 9.0 0.0 199.0 4.0 0.0 0.6352087114337567
40 46 32 0.0 0.0 0.0 0.0 3.0 0.0 0.0 0.6989515726410384
40 46 33 0.0 0.0 0.0 0.0 5.0 0.0 0.0 0.6982543640897755
40 46 34 0.0 0.0 2.0 0.0 84.0 0.0 0.0 0.6711409395973154
40 46 35 0.0 0.0 142.0 0.0 3139.0 17.0 81.0 0.2659069325735992
40 46 36 0.0 0.0 59.0 0.0 1607.0 11.0 12.0 0.38324664659184227
40 46 37 0.0 0.0 332.0 0.0 6714.0 18.0 659.0 0.15502159229321225
40 46 38 0.0 0.0 365.0 0.0 7896.0 26.0 1137.0 0.13667870740993848
40 46 39 0.0 0.0 400.0 0.0 8294.0 27.0 1351.0 0.13107386948787564
40 46 40 0.0 0.0 390.0 0.0 7794.0 27.0 1027.0 0.13778171439818915
40 46 41 0.0 0.0 729.0 0.0 11695.0 32.0 5469.0 0.09714127116291978
40 46 42 0.0 0.0 185.0 0.0 4461.0 21.0 231.0 0.21128886205855715
40 46 43 0.0 0.0 111.0 0.0 3000.0 13.0 67.0 0.27456363992939786
40 46 44 0.0 0.0 26.0 0.0 779.0 7.0 2.0 0.5003573981415296
40 46 45 0.0 0.0 270.0 0.0 6241.0 13.0 582.0 0.16466713714420134
40 46 46 0.0 0.0 0.0 0.0 8.0 0.0 0.0 0.697211155378486
40 47 35 0.0 0.0 4.0 0.0 22.0 1.0 0.0 0.6913580246913579
40 47 36 0.0 0.0 0.0 0.0 21.0 0.0 0.0 0.6927263730826323
40 47 37 0.0 0.0 2.0 0.0 49.0 1.0 0.0 0.6829268292682925
40 47 38 0.0 0.0 7.0 0.0 172.0 3.0 0.0 0.6433823529411764
40 47 39 0.0 0.0 8.0 0.0 266.0 6.0 1.0 0.6172839506172839
40 47 40 0.0 0.0 168.0 0.0 4199.0 19.0 194.0 0.22033364809568776
40 47 41 0.0 0.0 55.0 0.0 1108.0 14.0 6.0 0.4445855827246744
40 47 42 0.0 0.0 16.0 0.0 394.0 3.0 1.0 0.5818786367414795
40 47 43 0.0 0.0 6.0 0.0 167.0 1.0 1.0 0.6445672191528544
40 47 44 0.0 0.0 0.0 0.0 30.0 0.0 0.0 0.689655172413793
40 47 45 0.0 0.0 4.0 0.0 61.0 2.0 0.0 0.6786233640329616
40 47 46 0.0 0.0 0.0 0.0 8.0 0.0 0.0 0.697211155378486
40 48 39 0.0 0.0 0.0 0.0 7.0 0.0 0.0 0.6975585450921773
40 48 40 0.0 0.0 0.0 0.0 4.0 0.0 0.0 0.6986027944111775
40 48 41 0.0 0.0 2.0 0.0 49.0 0.0 0.0 0.68259385665529
40 48 42 0.0 0.0 0.0 0.0 3.0 0.0 0.0 0.6989515726410384
40 49 40 0.0 0.0 0.0 0.0 2.0 0.0 0.0 0.6993006993006992
41 32 36 0.0 0.0 4.0 0.0 24.0 1.0 0.0 0.6906758756783422
41 32 37 0.0 0.0 0.0 0.0 12.0 0.0 0.0 0.6958250497017892
41 32 38 0.0 0.0 2.0 0.0 46.0 0.0 0.0 0.6835937499999999
41 32 39 0.0 0.0 19.0 0.0 278.0 3.0 0.0 0.6102877070619005
41 32 40 0.0 0.0 0.0 0.0 7.0 0.0 0.0 0.6975585450921773
41 32 41 0.0 0.0 14.0 0.0 427.0 3.0 1.0 0.5742411812961443
41 32 42 0.0 0.0 0.0 0.0 5.0 0.0 0.0 0.6982543640897755
41 32 43 0.0 0.0 0.0 0.0 11.0 0.0 0.0 0.6961710591745399
41 33 35 0.0 0.0 0.0 0.0 4.0 0.0 0.0 0.6986027944111775
41 33 36 0.0 0.0 134.0 0.0 2723.0 19.0 45.0 0.2893757751136833
41 33 37 0.0 0.0 220.0 0.0 5231.0 19.0 345.0 0.18832391713747643
41 33 38 0.0 0.0 397.0 0.0 7801.0 28.0 1029.0 0.13753806857255133
41 33 39 0.0 0.0 24.0 0.0 786.0 6.0 2.0 0.4992867332382311
41 33 40 0.0 0.0 93.0 0.0 1885.0 21.0 13.0 0.3537139969681657
41 33 41 0.0 0.0 49.0 0.0 1290.0 10.0 12.0 0.4204204204204203
41 33 42 0.0 0.0 4.0 0.0 181.0 0.0 1.0 0.6407322654462241
41 33 43 0.0 0.0 17.0 0.0 352.0 2.0 0.0 0.5914659907055343
41 33 44 0.0 0.0 1.0 0.0 43.0 1.0 0.0 0.6852667645619186
41 33 45 0.0 0.0 0.0 0.0 1.0 0.0 0.0 0.6996501749125437
41 34 33 0.0 0.0 0.0 0.0 1.0 0.0 0.0 0.6996501749125437
41 34 34 0.0 0.0 0.0 0.0 24.0 0.0 0.0 0.6916996047430829
41 34 35 0.0 0.0 0.0 0.0 80.0 0.0 0.0 0.6730769230769229
41 34 36 0.0 0.0 66.0 0.0 1859.0 16.0 24.0 0.35842293906810024
41 34 37 0.0 0.0 1034.0 0.0 12709.0 39.0 9938.0 0.08900190718372536
41 34 38 0.0 0.0 362.0 0.0 7984.0 20.0 1300.0 0.1355407106205828
41 34 39 0.0 0.0 452.0 0.0 9173.0 23.0 1911.0 0.12056493282810885
41 34 40 0.0 0.0 723.0 0.0 11433.0 22.0 4433.0 0.09891196834817012
41 34 41 0.0 0.0 523.0 0.0 9612.0 29.0 2052.0 0.11550202128537249
41 34 42 0.0 0.0 207.0 0.0 4941.0 21.0 277.0 0.1963534361851332
41 34 43 0.0 0.0 343.0 0.0 7585.0 19.0 1079.0 0.1411005845595646
41 34 44 0.0 0.0 63.0 0.0 1790.0 11.0 24.0 0.364488414475397
41 34 45 0.0 0.0 11.0 0.0 263.0 3.0 0.0 0.6164685160722148
41 34 46 0.0 0.0 0.0 0.0 9.0 0.0 0.0 0.6968641114982577
41 35 33 0.0 0.0 0.0 0.0 11.0 0.0 0.0 0.6961710591745399
41 35 34 0.0 0.0 0.0 0.0 104.0 1.0 0.0 0.6660323501427211
41 35 35 0.0 0.0 312.0 0.0 6383.0 24.0 510.0 0.16142050040355124
41 35 36 0.0 0.0 308.0 0.0 6540.0 23.0 702.0 0.15862225243598457
41 35 37 0.0 0.0 840.0 0.0 12242.0 27.0 7055.0 0.09284435307381125
41 35 38 0.0 0.0 1766.0 0.0 12398.0 46.0 27376.0 0.08667120658701169
41 35 39 0.0 0.0 1487.0 0.0 13031.0 40.0 19637.0 0.08478682170542635
41 35 40 0.0 0.0 1388.0 0.0 12885.0 36.0 17800.0 0.08606910119267182
41 35 41 0.0 0.0 1241.0 0.0 12886.0 32.0 14259.0 0.08682170542635657
41 35 42 0.0 0.0 1107.0 0.0 12955.0 29.0 11321.0 0.08715139442231075
41 35 43 0.0 0.0 714.0 0.0 11419.0 14.0 4665.0 0.09903791737408035
41 35 44 0.0 0.0 563.0 0.0 10087.0 23.0 2717.0 0.11073321205410107
41 35 45 0.0 0.0 222.0 0.0 5337.0 16.0 347.0 0.18555334658714379
41 35 46 0.0 0.0 2.0 0.0 262.0 2.0 0.0 0.6189213085764809
41 35 47 0.0 0.0 15.0 0.0 205.0 1.0 0.0 0.6309148264984226
41 35 48 0.0 0.0 0.0 0.0 1.0 0.0 0.0 0.6996501749125437
41 36 33 0.0 0.0 55.0 0.0 1198.0 16.0 4.0 0.4324992276799505
41 36 34 0.0 0.0 207.0 0.0 4687.0 18.0 242.0 0.20357714119528864
41 36 35 0.0 0.0 677.0 0.0 11021.0 33.0 3818.0 0.10236162901221027
41 36 36 0.0 0.0 1058.0 0.0 12662.0 37.0 12136.0 0.0890925289550719
41 36 37 0.0 0.0 1226.0 0.0 13174.0 48.0 13325.0 0.08545965083628371
41 36 38 0.0 0.0 1965.0 0.0 12820.0 45.0 27333.0 0.08333829394606822
41 36 39 0.0 0.0 3147.0 0.0 9674.0 71.0 63918.0 0.09445418971798678
41 36 40 0.0 0.0 2775.0 0.0 12066.0 58.0 42242.0 0.0830614061109463
41 36 41 0.0 0.0 2460.0 0.0 12727.0 66.0 34610.0 0.08148536173680228
41 36 42 0.0 0.0 2141.0 0.0 13489.0 53.0 25906.0 0.0794641843569077
41 36 43 0.0 0.0 1977.0 0.0 12409.0 51.0 29528.0 0.08547008547008546
41 36 44 0.0 0.0 1212.0 0.0 13188.0 41.0 12143.0 0.08544921874999999
41 36 45 0.0 0.0 676.0 0.0 10866.0 21.0 3512.0 0.10342789598108747
41 36 46 0.0 0.0 286.0 0.0 6102.0 17.0 498.0 0.16716417910447756
41 36 47 0.0 0.0 67.0 0.0 1989.0 9.0 22.0 0.3459352606869285
41 36 48 0.0 0.0 0.0 0.0 1.0 0.0 0.0 0.6996501749125437
41 37 32 0.0 0.0 0.0 0.0 8.0 0.0 0.0 0.697211155378486
41 37 33 0.0 0.0 87.0 0.0 1649.0 13.0 14.0 0.3761418592154755
41 37 34 0.0 0.0 248.0 0.0 5908.0 25.0 490.0 0.1720535824013764
41 37 35 0.0 0.0 485.0 0.0 9508.0 24.0 2410.0 0.11684192956100815
41 37 36 0.0 0.0 1275.0 0.0 13041.0 25.0 15480.0 0.08567931456548346
41 37 37 0.0 0.0 2416.0 0.0 11663.0 54.0 40428.0 0.0868917576961271
41 37 38 0.0 0.0 3144.0 0.0 12247.0 73.0 44489.0 0.0805616296466797
41 37 39 1.0 0.0 4278.0 0.0 8978.0 83.0 80625.0 0.091767173571054
41 37 40 0.0 0.0 4698.0 0.0 9902.0 99.0 75618.0 0.08433226914041321
41 37 41 0.0 0.0 4422.0 0.0 9474.0 71.0 76239.0 0.08796732642161482
41 37 42 0.0 0.0 4372.0 0.0 9051.0 77.0 80469.0 0.09067944815078696
41 37 43 0.0 0.0 3702.0 0.0 9925.0 68.0 67007.0 0.08950834345630074
41 37 44 0.0 0.0 1670.0 0.0 13347.0 40.0 20475.0 0.08225133658421949
41 37 45 0.0 0.0 1224.0 0.0 12972.0 38.0 13815.0 0.0864998455359901
41 37 46 0.0 0.0 402.0 0.0 7818.0 15.0 1020.0 0.1370936153544849
41 37 47 0.0 0.0 100.0 0.0 2758.0 19.0 48.0 0.28925619834710736
41 37 48 0.0 0.0 0.0 0.0 6.0 0.0 0.0 0.6979062811565303
41 38 32 0.0 0.0 0.0 0.0 8.0 0.0 0.0 0.697211155378486
41 38 33 0.0 0.0 22.0 0.0 529.0 6.0 2.0 0.5503144654088049
41 38 34 0.0 0.0 355.0 0.0 7655.0 18.0 1162.0 0.1400420126037811
41 38 35 0.0 0.0 1348.0 0.0 12977.0 35.0 15945.0 0.08566882878472645
41 38 36 0.0 0.0 1493.0 0.0 13115.0 43.0 18600.0 0.08431195423065341
41 38 37 0.0 0.0 3396.0 0.0 10249.0 71.0 61414.0 0.08949117872666836
41 38 38 0.0 0.0 4592.0 0.0 9101.0 87.0 81395.0 0.0893883284382582
41 38 39 0.0 1.0 5515.0 2.0 6976.0 77.0 108772.0 0.09653840849537994
41 38 40 0.0 0.0 5998.0 0.0 5592.0 77.0 126545.0 0.10295631710545666
41 38 41 0.0 0.0 6095.0 0.0 5804.0 53.0 123906.0 0.10063978146790309
41 38 42 0.0 0.0 5025.0 0.0 5581.0 87.0 121644.0 0.1111463956811686
41 38 43 0.0 0.0 4216.0 0.0 9385.0 69.0 75924.0 0.08966312283847827
41 38 44 0.0 0.0 2255.0 0.0 11705.0 45.0 37839.0 0.08765888172312315
41 38 45 0.0 0.0 1219.0 0.0 12944.0 32.0 14006.0 0.08657473254591552
41 38 46 0.0 0.0 937.0 0.0 12456.0 30.0 6887.0 0.09099181073703366
41 38 47 0.0 0.0 4.0 0.0 325.0 3.0 0.0 0.6021505376344085
41 38 48 0.0 0.0 4.0 0.0 124.0 3.0 0.0 0.6588235294117646
41 39 32 0.0 0.0 0.0 0.0 4.0 0.0 0.0 0.6986027944111775
41 39 33 0.0 0.0 11.0 0.0 451.0 3.0 0.0 0.5693371289141926
41 39 34 0.0 0.0 137.0 0.0 3492.0 20.0 109.0 0.24959885897664466
41 39 35 0.0 0.0 1074.0 0.0 13000.0 34.0 9022.0 0.08718938780594132
41 39 36 0.0 0.0 2704.0 0.0 11027.0 68.0 48384.0 0.0889905924230867
41 39 37 0.0 0.0 3515.0 0.0 11521.0 67.0 53603.0 0.08211143695014661
41 39 38 0.0 0.0 5503.0 0.0 7439.0 81.0 103782.0 0.09363922145675872
41 39 39 2.0 2.0 6125.0 2.0 4959.0 77.0 133632.0 0.10694370177984874
41 39 40 1.0 0.0 5111.0 0.0 3020.0 42.0 157119.0 0.13818971473694597
41 39 41 0.0 0.0 4073.0 0.0 2563.0 44.0 161214.0 0.16198079370588914
41 39 42 0.0 1.0 5822.0 1.0 5512.0 67.0 126532.0 0.10503413609423061
41 39 43 0.0 0.0 4491.0 0.0 9687.0 77.0 76066.0 0.086446434084594
41 39 44 0.0 0.0 2591.0 0.0 11863.0 71.0 41066.0 0.08513743614692287
41 39 45 0.0 0.0 849.0 0.0 12379.0 32.0 6967.0 0.09200841219768663
41 39 46 0.0 0.0 225.0 0.0 5418.0 16.0 377.0 0.18355841090861413
41 39 47 0.0 0.0 276.0 0.0 6351.0 27.0 567.0 0.1626772019521264
41 39 48 0.0 0.0 0.0 0.0 13.0 0.0 0.0 0.695479384003974
41 40 32 0.0 0.0 0.0 0.0 1.0 0.0 0.0 0.6996501749125437
41 40 33 0.0 0.0 8.0 0.0 350.0 3.0 1.0 0.5944798301486198
41 40 34 0.0 0.0 335.0 0.0 7106.0 18.0 714.0 0.14847809948032661
41 40 35 0.0 0.0 1517.0 0.0 13239.0 42.0 19080.0 0.08351727017836902
41 40 36 0.0 0.0 2774.0 0.0 10059.0 59.0 56358.0 0.09428244326217251
41 40 37 0.0 0.0 4006.0 0.0 10329.0 79.0 67360.0 0.08577905765578088
41 40 38 0.0 0.0 5433.0 0.0 6377.0 84.0 113687.0 0.10128047457136655
41 40 39 1.0 0.0 5206.0 3.0 3683.0 50.0 148661.0 0.12845215157353884
41 40 40 0.0 1.0 7417.0 1.0 5215.0 69.0 134475.0 0.09563494774233212
41 40 41 0.0 0.0 5810.0 0.0 4039.0 51.0 146001.0 0.11807371173146664
41 40 42 0.0 0.0 5410.0 0.0 5007.0 70.0 131633.0 0.11284862163469289
41 40 43 0.0 0.0 4538.0 0.0 8022.0 69.0 91546.0 0.0960746637386769
41 40 44 0.0 0.0 3005.0 0.0 10733.0 67.0 53741.0 0.08885503935008884
41 40 45 0.0 0.0 1142.0 0.0 12868.0 41.0 12135.0 0.08754377188594296
41 40 46 0.0 0.0 517.0 0.0 9363.0 21.0 1957.0 0.11794439764111203
41 40 47 0.0 0.0 15.0 0.0 453.0 4.0 3.0 0.5681818181818181
41 40 48 0.0 0.0 0.0 0.0 5.0 0.0 0.0 0.6982543640897755
41 41 32 0.0 0.0 2.0 0.0 23.0 0.0 0.0 0.6913580246913579
41 41 33 0.0 0.0 12.0 0.0 336.0 2.0 1.0 0.5967604433077578
41 41 34 0.0 0.0 350.0 0.0 7590.0 15.0 984.0 0.14102951546287898
41 41 35 0.0 0.0 1280.0 0.0 12914.0 35.0 14616.0 0.08647847303724751
41 41 36 0.0 0.0 2230.0 0.0 12595.0 61.0 32199.0 0.08321940200915412
41 41 37 0.0 0.0 4089.0 0.0 8846.0 76.0 81115.0 0.09375209268064018
41 41 38 0.0 1.0 5487.0 0.0 7716.0 85.0 102055.0 0.09211738386629818
41 41 39 1.0 1.0 5360.0 0.0 4544.0 66.0 137134.0 0.11763717334677755
41 41 40 0.0 2.0 4727.0 0.0 3467.0 54.0 149987.0 0.13726835964310224
41 41 41 0.0 4.0 6230.0 5.0 5906.0 72.0 123945.0 0.0988351570773032
41 41 42 0.0 0.0 5324.0 0.0 8696.0 80.0 90730.0 0.08743988507900817
41 41 43 0.0 0.0 3917.0 0.0 10025.0 71.0 67225.0 0.08776879192527114
41 41 44 0.0 0.0 2150.0 0.0 12083.0 65.0 34273.0 0.08630787251094259
41 41 45 0.0 0.0 1248.0 0.0 13219.0 47.0 13291.0 0.08512190673071075
41 41 46 0.0 0.0 536.0 0.0 10086.0 18.0 3104.0 0.11093502377179079
41 41 47 0.0 0.0 9.0 0.0 278.0 2.0 0.0 0.612691466083151
41 42 32 0.0 0.0 0.0 0.0 1.0 0.0 0.0 0.6996501749125437
41 42 33 0.0 0.0 0.0 0.0 78.0 0.0 0.0 0.6737247353224253
41 42 34 0.0 0.0 209.0 0.0 4752.0 20.0 209.0 0.20161290322580644
41 42 35 0.0 0.0 1175.0 0.0 13163.0 33.0 11490.0 0.08569504805043765
41 42 36 0.0 0.0 2555.0 0.0 11157.0 54.0 45963.0 0.08899624944377343
41 42 37 0.0 0.0 3344.0 0.0 10294.0 78.0 60425.0 0.0895942659669781
41 42 38 0.0 0.0 4185.0 0.0 10285.0 75.0 69193.0 0.0849514563106796
41 42 39 0.0 0.0 5159.0 0.0 8958.0 76.0 86863.0 0.08682170542635657
41 42 40 1.0 2.0 5477.0 2.0 7807.0 61.0 99426.0 0.09141961603761263
41 42 41 0.0 0.0 4981.0 0.0 7820.0 79.0 96257.0 0.09458820349976352
41 42 42 0.0 1.0 3968.0 3.0 10706.0 69.0 62460.0 0.08384739773612025
41 42 43 0.0 0.0 2552.0 0.0 12007.0 63.0 40393.0 0.08451044307618012
41 42 44 0.0 0.0 1661.0 0.0 12829.0 32.0 22334.0 0.08481250378627248
41 42 45 0.0 0.0 1014.0 0.0 12597.0 36.0 10647.0 0.08973208563004742
41 42 46 0.0 0.0 264.0 0.0 5847.0 20.0 465.0 0.17298900284196214
41 42 47 0.0 0.0 55.0 0.0 1409.0 9.0 10.0 0.4052098408104196
41 43 33 0.0 0.0 19.0 0.0 533.0 5.0 1.0 0.5496662740478994
41 43 34 0.0 0.0 424.0 0.0 8604.0 33.0 1577.0 0.12719178704460796
41 43 35 0.0 0.0 1228.0 0.0 12682.0 47.0 14636.0 0.08810572687224669
41 43 36 0.0 0.0 1062.0 0.0 12868.0 35.0 9958.0 0.08792865217937444
41 43 37 0.0 0.0 2156.0 0.0 12182.0 49.0 33193.0 0.08563214875527554
41 43 38 0.0 0.0 2698.0 0.0 12356.0 59.0 39538.0 0.08195281859158227
41 43 39 0.0 0.0 3574.0 0.0 10100.0 69.0 65158.0 0.08925725215173731
41 43 40 0.0 0.0 3479.0 0.0 11576.0 70.0 52483.0 0.08207773934455062
41 43 41 0.0 0.0 3399.0 0.0 10592.0 70.0 58236.0 0.0876204781574665
41 43 42 0.0 0.0 3377.0 0.0 9812.0 61.0 63749.0 0.09208103130755063
41 43 43 0.0 0.0 1820.0 0.0 13130.0 60.0 24139.0 0.08269832831236339
41 43 44 0.0 0.0 794.0 0.0 12001.0 35.0 6738.0 0.09465855307640296
41 43 45 0.0 0.0 365.0 0.0 8013.0 21.0 1242.0 0.13513513513513511
41 43 46 0.0 0.0 349.0 0.0 7083.0 18.0 855.0 0.14858841010401186
41 43 47 0.0 0.0 0.0 0.0 45.0 0.0 0.0 0.6845965770171147
41 44 33 0.0 0.0 5.0 0.0 189.0 3.0 0.0 0.6389776357827475
41 44 34 0.0 0.0 297.0 0.0 6499.0 27.0 660.0 0.15952597994530537
41 44 35 0.0 0.0 937.0 0.0 12429.0 32.0 10043.0 0.09111617312072892
41 44 36 0.0 0.0 1083.0 0.0 12551.0 30.0 12698.0 0.08958280010238033
41 44 37 0.0 0.0 1040.0 0.0 12844.0 32.0 10930.0 0.08816676113105358
41 44 38 0.0 0.0 2302.0 0.0 11668.0 53.0 39435.0 0.08769182586908862
41 44 39 0.0 0.0 1795.0 0.0 12507.0 38.0 26257.0 0.085831647354546
41 44 40 0.0 0.0 1785.0 0.0 13336.0 46.0 21830.0 0.08178525528683257
41 44 41 0.0 0.0 2320.0 0.0 11992.0 53.0 37220.0 0.08580534444716842
41 44 42 0.0 0.0 1251.0 0.0 13539.0 40.0 11254.0 0.08344757703999522
41 44 43 0.0 0.0 1052.0 0.0 12829.0 27.0 10395.0 0.08818342151675483
41 44 44 0.0 0.0 539.0 0.0 10175.0 28.0 2862.0 0.11026226667716782
41 44 45 0.0 0.0 161.0 0.0 3919.0 9.0 147.0 0.230566534914361
41 44 46 0.0 0.0 71.0 0.0 1684.0 10.0 20.0 0.3739316239316239
41 44 47 0.0 0.0 1.0 0.0 62.0 0.0 0.0 0.6786233640329616
41 45 33 0.0 0.0 1.0 0.0 46.0 1.0 0.0 0.6845965770171147
41 45 34 0.0 0.0 285.0 0.0 5920.0 19.0 436.0 0.1710028093318676
41 45 35 0.0 0.0 636.0 0.0 11103.0 31.0 5361.0 0.10192937750273025
41 45 36 0.0 0.0 516.0 0.0 9397.0 28.0 1999.0 0.11770640659155876
41 45 37 0.0 0.0 1213.0 0.0 12911.0 38.0 14192.0 0.08679479231246125
41 45 38 0.0 0.0 936.0 0.0 12449.0 36.0 7737.0 0.09107468123861565
41 45 39 0.0 0.0 944.0 0.0 12498.0 29.0 8964.0 0.09066770286898516
41 45 40 0.0 0.0 1159.0 0.0 12718.0 26.0 13609.0 0.08813345923827509
41 45 41 0.0 0.0 1069.0 0.0 12815.0 27.0 9695.0 0.0881445570736007
41 45 42 0.0 0.0 651.0 0.0 10715.0 28.0 3607.0 0.10482180293501046
41 45 43 0.0 0.0 673.0 0.0 11309.0 32.0 5008.0 0.10022191996563819
41 45 44 0.0 0.0 133.0 0.0 3153.0 19.0 74.0 0.2657050673752135
41 45 45 0.0 0.0 100.0 0.0 2115.0 15.0 33.0 0.33333333333333326
41 45 46 0.0 0.0 45.0 0.0 837.0 9.0 1.0 0.48729550991994425
41 45 47 0.0 0.0 1.0 0.0 116.0 2.0 0.0 0.6619385342789597
41 46 32 0.0 0.0 0.0 0.0 1.0 0.0 0.0 0.6996501749125437
41 46 33 0.0 0.0 1.0 0.0 20.0 0.0 0.0 0.6927263730826323
41 46 34 0.0 0.0 29.0 0.0 737.0 3.0 0.0 0.506879073135409
41 46 35 0.0 0.0 0.0 0.0 142.0 2.0 0.0 0.6545114539504441
41 46 36 0.0 0.0 236.0 0.0 5051.0 19.0 281.0 0.19251925192519248
41 46 37 0.0 0.0 287.0 0.0 6283.0 24.0 583.0 0.16368525663509878
41 46 38 0.0 0.0 381.0 0.0 7240.0 29.0 830.0 0.14584852588811334
41 46 39 0.0 0.0 629.0 0.0 10276.0 28.0 2903.0 0.10857763300760041
41 46 40 0.0 0.0 183.0 0.0 4571.0 14.0 226.0 0.20768431983385252
41 46 41 0.0 0.0 594.0 0.0 10459.0 28.0 3436.0 0.10737019710100466
41 46 42 0.0 0.0 96.0 0.0 2366.0 13.0 35.0 0.31467745560800175
41 46 43 0.0 0.0 121.0 0.0 2223.0 19.0 35.0 0.32369942196531787
41 46 44 0.0 0.0 180.0 0.0 3999.0 17.0 165.0 0.22712524334847498
41 46 45 0.0 0.0 1.0 0.0 20.0 0.0 0.0 0.6930693069306929
41 46 46 0.0 0.0 0.0 0.0 8.0 0.0 0.0 0.697211155378486
41 47 33 0.0 0.0 0.0 0.0 4.0 0.0 0.0 0.6986027944111775
41 47 34 0.0 0.0 0.0 0.0 1.0 0.0 0.0 0.6996501749125437
41 47 35 0.0 0.0 0.0 0.0 3.0 0.0 0.0 0.6989515726410384
41 47 36 0.0 0.0 0.0 0.0 20.0 0.0 0.0 0.6930693069306929
41 47 37 0.0 0.0 1.0 0.0 41.0 0.0 0.0 0.6856023506366307
41 47 38 0.0 0.0 12.0 0.0 280.0 4.0 0.0 0.6118881118881118
41 47 39 0.0 0.0 25.0 0.0 793.0 6.0 2.0 0.4978662873399715
41 47 40 0.0 0.0 127.0 0.0 2832.0 15.0 65.0 0.2829997978572872
41 47 41 0.0 0.0 5.0 0.0 163.0 2.0 0.0 0.6466512702078521
41 47 42 0.0 0.0 1.0 0.0 100.0 0.0 0.0 0.6663493574488338
41 47 43 0.0 0.0 0.0 0.0 8.0 0.0 0.0 0.697211155378486
41 47 44 0.0 0.0 1.0 0.0 26.0 0.0 0.0 0.6906758756783422
41 47 45 0.0 0.0 0.0 0.0 7.0 0.0 0.0 0.6975585450921773
41 47 46 0.0 0.0 0.0 0.0 3.0 0.0 0.0 0.6989515726410384
41 48 38 0.0 0.0 0.0 0.0 2.0 0.0 0.0 0.6993006993006992
41 48 39 0.0 0.0 0.0 0.0 2.0 0.0 0.0 0.6993006993006992
41 48 40 0.0 0.0 0.0 0.0 3.0 0.0 0.0 0.6989515726410384
41 48 41 0.0 0.0 0.0 0.0 2.0 0.0 0.0 0.6993006993006992
42 32 35 0.0 0.0 0.0 0.0 1.0 0.0 0.0 0.6996501749125437
42 32 36 0.0 0.0 0.0 0.0 1.0 0.0 0.0 0.6996501749125437
42 32 37 0.0 0.0 0.0 0.0 15.0 0.0 0.0 0.694789081885856
42 32 38 0.0 0.0 0.0 0.0 20.0 0.0 0.0 0.6930693069306929
42 32 39 0.0 0.0 10.0 0.0 168.0 3.0 0.0 0.6436781609195401
42 32 40 0.0 0.0 0.0 0.0 3.0 0.0 0.0 0.6989515726410384
42 32 41 0.0 0.0 0.0 0.0 5.0 0.0 0.0 0.6982543640897755
42 32 42 0.0 0.0 0.0 0.0 1.0 0.0 0.0 0.6996501749125437
42 33 35 0.0 0.0 0.0 0.0 6.0 0.0 0.0 0.6979062811565303
42 33 36 0.0 0.0 20.0 0.0 577.0 4.0 2.0 0.5399151561897415
42 33 37 0.0 0.0 85.0 0.0 1902.0 10.0 26.0 0.351935646053293
42 33 38 0.0 0.0 74.0 0.0 2030.0 12.0 22.0 0.3421309872922776
42 33 39 0.0 0.0 120.0 0.0 2977.0 19.0 73.0 0.2756448119708604
42 33 40 0.0 0.0 47.0 0.0 989.0 13.0 4.0 0.4631161098246774
42 33 41 0.0 0.0 207.0 0.0 4974.0 11.0 276.0 0.19523079068470223
42 33 42 0.0 0.0 80.0 0.0 1678.0 17.0 16.0 0.3744316662209146
42 33 43 0.0 0.0 27.0 0.0 549.0 3.0 2.0 0.5443234836702955
42 33 44 0.0 0.0 61.0 0.0 1354.0 10.0 9.0 0.41116005873715117
42 33 45 0.0 0.0 0.0 0.0 1.0 0.0 0.0 0.6996501749125437
42 34 34 0.0 0.0 0.0 0.0 5.0 0.0 0.0 0.6982543640897755
42 34 35 0.0 0.0 1.0 0.0 97.0 1.0 0.0 0.6676204101096804
42 34 36 0.0 0.0 267.0 0.0 6132.0 24.0 549.0 0.16708437761069336
42 34 37 0.0 0.0 665.0 0.0 10843.0 32.0 3423.0 0.10373443983402489
42 34 38 0.0 0.0 366.0 0.0 7900.0 18.0 1352.0 0.1364389435727512
42 34 39 0.0 0.0 449.0 0.0 8686.0 31.0 1542.0 0.12597858364078107
42 34 40 0.0 0.0 383.0 0.0 7268.0 20.0 735.0 0.14527342533983603
42 34 41 0.0 0.0 584.0 0.0 10659.0 31.0 3439.0 0.1058681185722928
42 34 42 0.0 0.0 103.0 0.0 2785.0 15.0 54.0 0.28735632183908044
42 34 43 0.0 0.0 579.0 0.0 10339.0 24.0 2816.0 0.1084850833010461
42 34 44 0.0 0.0 18.0 0.0 547.0 8.0 3.0 0.5473025801407349
42 34 45 0.0 0.0 53.0 0.0 1317.0 14.0 10.0 0.41716328963051247
42 34 46 0.0 0.0 0.0 0.0 15.0 0.0 0.0 0.694789081885856
42 35 32 0.0 0.0 0.0 0.0 1.0 0.0 0.0 0.6996501749125437
42 35 33 0.0 0.0 0.0 0.0 10.0 0.0 0.0 0.6968641114982577
42 35 34 0.0 0.0 77.0 0.0 1557.0 17.0 16.0 0.38695411829740184
42 35 35 0.0 0.0 279.0 0.0 6261.0 20.0 552.0 0.16422287390029322
42 35 36 0.0 0.0 68.0 0.0 1963.0 11.0 18.0 0.34825870646766166
42 35 37 0.0 0.0 815.0 0.0 12004.0 24.0 5706.0 0.09446056271506645
42 35 38 0.0 0.0 1350.0 0.0 13213.0 38.0 15799.0 0.08450534194483007
42 35 39 0.0 0.0 1545.0 0.0 13045.0 40.0 19617.0 0.08433226914041321
42 35 40 0.0 0.0 1149.0 0.0 13164.0 36.0 10523.0 0.08582638548307993
42 35 41 0.0 0.0 1151.0 0.0 12887.0 36.0 13085.0 0.08731990270067984
42 35 42 0.0 0.0 918.0 0.0 12434.0 33.0 6265.0 0.09128251939753536
42 35 43 0.0 0.0 948.0 0.0 12509.0 47.0 9284.0 0.09067357512953367
42 35 44 0.0 0.0 504.0 0.0 9903.0 26.0 2929.0 0.11304909560723514
42 35 45 0.0 0.0 237.0 0.0 5435.0 16.0 365.0 0.1827914871393132
42 35 46 0.0 0.0 25.0 0.0 514.0 6.0 0.0 0.5527043031977891
42 35 47 0.0 0.0 0.0 0.0 11.0 0.0 0.0 0.6961710591745399
42 35 48 0.0 0.0 0.0 0.0 7.0 0.0 0.0 0.6975585450921773
42 36 32 0.0 0.0 0.0 0.0 1.0 0.0 0.0 0.6996501749125437
42 36 33 0.0 0.0 46.0 0.0 1132.0 11.0 11.0 0.44219835754895764
42 36 34 0.0 0.0 254.0 0.0 5960.0 21.0 542.0 0.17083587553386206
42 36 35 0.0 0.0 498.0 0.0 8855.0 22.0 1570.0 0.12341325811001408
42 36 36 0.0 0.0 1043.0 0.0 12521.0 32.0 11502.0 0.08995116936520174
42 36 37 0.0 0.0 945.0 0.0 12554.0 34.0 7695.0 0.09038089089735313
42 36 38 0.0 0.0 1589.0 0.0 12883.0 39.0 22198.0 0.08498755539367449
42 36 39 0.0 0.0 2813.0 0.0 10660.0 57.0 52402.0 0.09039839865693806
42 36 40 0.0 0.0 2328.0 0.0 12488.0 49.0 33963.0 0.08320950965824664
42 36 41 0.0 0.0 2783.0 0.0 11541.0 65.0 45815.0 0.08580534444716842
42 36 42 0.0 0.0 2125.0 0.0 12491.0 58.0 31334.0 0.08431703204047217
42 36 43 0.0 0.0 2017.0 0.0 12320.0 69.0 31027.0 0.08578431372549018
42 36 44 0.0 0.0 970.0 0.0 12630.0 23.0 7792.0 0.08973208563004742
42 36 45 0.0 0.0 526.0 0.0 9675.0 32.0 2454.0 0.11493309252113947
42 36 46 0.0 0.0 430.0 0.0 9015.0 22.0 2050.0 0.1225061253062653
42 36 47 0.0 0.0 21.0 0.0 772.0 3.0 7.0 0.5017921146953404
42 36 48 0.0 0.0 1.0 0.0 20.0 0.0 0.0 0.6927263730826323
42 37 32 0.0 0.0 0.0 0.0 16.0 0.0 0.0 0.6944444444444444
42 37 33 0.0 0.0 21.0 0.0 772.0 4.0 5.0 0.5021520803443327
42 37 34 0.0 0.0 659.0 0.0 11313.0 23.0 5752.0 0.10020757282943238
42 37 35 0.0 0.0 916.0 0.0 12285.0 41.0 8768.0 0.09226916232781913
42 37 36 0.0 0.0 904.0 0.0 12672.0 28.0 7169.0 0.0899569491743237
42 37 37 0.0 0.0 1496.0 0.0 13086.0 34.0 18352.0 0.08435767654856591
42 37 38 0.0 0.0 2533.0 0.0 11911.0 60.0 39737.0 0.08522035549062575
42 37 39 0.0 0.0 3941.0 0.0 9700.0 86.0 73031.0 0.08957133717210491
42 37 40 0.0 0.0 4472.0 0.0 7624.0 82.0 95868.0 0.09928373874193319
42 37 41 0.0 0.0 4513.0 0.0 8277.0 83.0 89618.0 0.09469056476158268
42 37 42 0.0 0.0 3664.0 0.0 11059.0 83.0 58254.0 0.08375710439724797
42 37 43 0.0 0.0 3343.0 0.0 9755.0 76.0 65364.0 0.09270909211310509
42 37 44 0.0 0.0 2127.0 0.0 12250.0 56.0 32727.0 0.08542836221625578
42 37 45 0.0 0.0 1495.0 0.0 12801.0 47.0 19836.0 0.08593702044073413
42 37 46 0.0 0.0 259.0 0.0 6067.0 27.0 476.0 0.16869502349680682
42 37 47 0.0 0.0 3.0 0.0 177.0 1.0 0.0 0.6424965580541532
42 37 48 0.0 0.0 0.0 0.0 14.0 0.0 0.0 0.6951340615690167
42 38 32 0.0 0.0 0.0 0.0 19.0 0.0 0.0 0.6934125804853887
42 38 33 0.0 0.0 418.0 0.0 8045.0 26.0 1180.0 0.1340610935554917
42 38 34 0.0 0.0 730.0 0.0 11437.0 42.0 5051.0 0.09898190045248867
42 38 35 0.0 0.0 918.0 0.0 12244.0 21.0 8698.0 0.09231783712495878
42 38 36 0.0 0.0 1799.0 0.0 12222.0 56.0 28040.0 0.08740712992445525
42 38 37 0.0 0.0 2064.0 0.0 13481.0 51.0 24901.0 0.07979936160510716
42 38 38 0.0 0.0 3859.0 0.0 9993.0 66.0 68851.0 0.0882779494293461
42 38 39 0.0 0.0 4951.0 0.0 8545.0 91.0 89881.0 0.0903400658191908
42 38 40 0.0 0.0 5039.0 0.0 5582.0 75.0 122756.0 0.11104060913705584
42 38 41 0.0 0.0 4979.0 0.0 5261.0 72.0 128093.0 0.11452879581151831
42 38 42 0.0 0.0 4758.0 0.0 8766.0 85.0 87184.0 0.09028180821564454
42 38 43 0.0 0.0 3336.0 0.0 11703.0 69.0 50977.0 0.08219338930311747
42 38 44 0.0 0.0 2033.0 0.0 12419.0 58.0 31170.0 0.08510120965290863
42 38 45 0.0 0.0 1151.0 0.0 13020.0 28.0 11989.0 0.08650519031141868
42 38 46 0.0 0.0 394.0 0.0 7833.0 20.0 1074.0 0.13703993735317146
42 38 47 0.0 0.0 458.0 0.0 8740.0 22.0 1488.0 0.12520121624038633
42 38 48 0.0 0.0 0.0 0.0 23.0 0.0 0.0 0.6920415224913494
42 39 32 0.0 0.0 0.0 0.0 9.0 0.0 0.0 0.6968641114982577
42 39 33 0.0 0.0 100.0 0.0 2546.0 11.0 52.0 0.30191934440370927
42 39 34 0.0 0.0 407.0 0.0 8445.0 11.0 1516.0 0.12907984510418585
42 39 35 0.0 0.0 1189.0 0.0 12702.0 29.0 15028.0 0.08806139136998363
42 39 36 0.0 0.0 1975.0 0.0 12847.0 54.0 27954.0 0.08329862557267805
42 39 37 0.0 0.0 3353.0 0.0 10330.0 71.0 60640.0 0.08921743563599285
42 39 38 0.0 0.0 4431.0 0.0 9757.0 88.0 74995.0 0.08634513383495744
42 39 39 0.0 0.0 5747.0 0.0 7079.0 79.0 108821.0 0.09432691011992993
42 39 40 0.0 0.0 5800.0 0.0 5285.0 57.0 129222.0 0.10684576051285964
42 39 41 0.0 0.0 6058.0 0.0 5918.0 72.0 123203.0 0.10022191996563819
42 39 42 0.0 1.0 4911.0 1.0 5263.0 53.0 126334.0 0.11488593467913999
42 39 43 0.0 0.0 4041.0 0.0 10857.0 65.0 61729.0 0.08278145695364238
42 39 44 0.0 0.0 2464.0 0.0 12017.0 57.0 37960.0 0.08494114791894186
42 39 45 0.0 0.0 1016.0 0.0 12674.0 33.0 9452.0 0.08929140889087313
42 39 46 0.0 0.0 426.0 0.0 8256.0 18.0 1293.0 0.1312089971883786
42 39 47 0.0 0.0 48.0 0.0 1402.0 9.0 12.0 0.40685847137460035
42 39 48 0.0 0.0 1.0 0.0 19.0 0.0 0.0 0.6930693069306929
42 40 32 0.0 0.0 0.0 0.0 4.0 0.0 0.0 0.6986027944111775
42 40 33 0.0 0.0 2.0 0.0 129.0 2.0 0.0 0.6575857209957726
42 40 34 0.0 0.0 450.0 0.0 9127.0 18.0 2008.0 0.12096077414895454
42 40 35 0.0 0.0 1342.0 0.0 12952.0 56.0 17963.0 0.08605323006945724
42 40 36 0.0 0.0 1702.0 0.0 12971.0 46.0 21600.0 0.08406893652795291
42 40 37 0.0 0.0 3394.0 0.0 10881.0 72.0 55187.0 0.08604265257206072
42 40 38 0.0 0.0 4621.0 0.0 6987.0 74.0 103514.0 0.10280511088265529
42 40 39 0.0 0.0 5689.0 0.0 6977.0 68.0 109173.0 0.09538734073720787
42 40 40 1.0 0.0 5924.0 0.0 5877.0 69.0 122914.0 0.10132445538105232
42 40 41 0.0 1.0 5861.0 0.0 5675.0 63.0 123719.0 0.10339734121122598
42 40 42 0.0 0.0 5163.0 0.0 6302.0 69.0 116551.0 0.10381135992881506
42 40 43 0.0 0.0 4044.0 0.0 9617.0 78.0 73807.0 0.08937691521961184
42 40 44 0.0 0.0 2904.0 0.0 10891.0 72.0 50517.0 0.08864686886595327
42 40 45 0.0 0.0 1203.0 0.0 12672.0 39.0 14737.0 0.08822788001008318
42 40 46 0.0 0.0 321.0 0.0 7290.0 20.0 983.0 0.14590932777488275
42 40 47 0.0 0.0 36.0 0.0 634.0 7.0 1.0 0.525722868944799
42 40 48 0.0 0.0 0.0 0.0 9.0 0.0 0.0 0.6968641114982577
42 41 32 0.0 0.0 0.0 0.0 2.0 0.0 0.0 0.6993006993006992
42 41 33 0.0 0.0 153.0 0.0 3686.0 26.0 95.0 0.24088093599449412
42 41 34 0.0 0.0 553.0 0.0 10249.0 28.0 2942.0 0.10952902519167579
42 41 35 0.0 0.0 1006.0 0.0 12744.0 28.0 10331.0 0.08883248730964466
42 41 36 0.0 0.0 1739.0 0.0 13202.0 50.0 22627.0 0.08269832831236339
42 41 37 0.0 0.0 2976.0 0.0 12002.0 68.0 44808.0 0.08248880509073768
42 41 38 0.0 0.0 4460.0 0.0 8521.0 87.0 85975.0 0.09350788137857333
42 41 39 0.0 2.0 5279.0 2.0 7527.0 82.0 101270.0 0.09447968686732351
42 41 40 0.0 1.0 5498.0 0.0 7448.0 81.0 102025.0 0.09367681498829039
42 41 41 0.0 0.0 5247.0 0.0 10101.0 93.0 77593.0 0.08068234209313047
42 41 42 0.0 0.0 4619.0 0.0 8210.0 80.0 91341.0 0.09440323668240053
42 41 43 0.0 0.0 3643.0 0.0 10338.0 77.0 64277.0 0.08751640932674876
42 41 44 0.0 0.0 2195.0 0.0 12163.0 58.0 34308.0 0.08559550012227927
42 41 45 0.0 0.0 1190.0 0.0 13063.0 36.0 12358.0 0.08617505847593253
42 41 46 0.0 0.0 181.0 0.0 4391.0 12.0 224.0 0.21344717182497328
42 41 47 0.0 0.0 0.0 0.0 66.0 0.0 0.0 0.6776379477250725
42 41 48 0.0 0.0 0.0 0.0 2.0 0.0 0.0 0.6993006993006992
42 42 32 0.0 0.0 0.0 0.0 2.0 0.0 0.0 0.6993006993006992
42 42 33 0.0 0.0 0.0 0.0 84.0 0.0 0.0 0.6717850287907868
42 42 34 0.0 0.0 115.0 0.0 2635.0 15.0 49.0 0.2956705385427666
42 42 35 0.0 0.0 566.0 0.0 10543.0 33.0 3247.0 0.10695187165775401
42 42 36 0.0 0.0 1903.0 0.0 12310.0 32.0 28738.0 0.08630787251094259
42 42 37 0.0 0.0 2246.0 0.0 13196.0 48.0 28330.0 0.08027062668424975
42 42 38 0.0 0.0 3873.0 0.0 8597.0 84.0 80552.0 0.09676527508985346
42 42 39 0.0 0.0 4308.0 0.0 8249.0 68.0 87628.0 0.09605488850771869
42 42 40 0.0 0.0 4152.0 1.0 10400.0 90.0 66168.0 0.08470474346563406
42 42 41 0.0 2.0 4473.0 1.0 7905.0 76.0 93461.0 0.09744553490638266
42 42 42 0.0 8.0 3405.0 26.0 11504.0 83.0 52890.0 0.08269832831236339
42 42 43 0.0 0.0 1886.0 0.0 13386.0 49.0 22568.0 0.08104665971981011
42 42 44 0.0 0.0 1400.0 0.0 12981.0 43.0 17786.0 0.08547530374259721
42 42 45 0.0 0.0 555.0 0.0 10484.0 33.0 3635.0 0.10754340144415424
42 42 46 0.0 0.0 386.0 0.0 8215.0 24.0 1464.0 0.13223764994804948
42 42 47 0.0 0.0 4.0 0.0 114.0 1.0 0.0 0.6613131790269249
42 43 33 0.0 0.0 0.0 0.0 47.0 0.0 0.0 0.6839276990718123
42 43 34 0.0 0.0 317.0 0.0 6518.0 24.0 574.0 0.15883821193555706
42 43 35 0.0 0.0 613.0 0.0 10531.0 22.0 3206.0 0.10655301012253594
42 43 36 0.0 0.0 894.0 0.0 12438.0 37.0 7181.0 0.091324200913242
42 43 37 0.0 0.0 1741.0 0.0 13077.0 46.0 23171.0 0.08324909317952071
42 43 38 0.0 0.0 2189.0 0.0 12390.0 51.0 33334.0 0.08434751174840342
42 43 39 0.0 0.0 2675.0 0.0 11927.0 57.0 41726.0 0.0843221104619647
42 43 40 0.0 0.0 2333.0 0.0 13206.0 52.0 29473.0 0.07983576642335766
42 43 41 0.0 0.0 2899.0 1.0 10954.0 79.0 50778.0 0.0883336488106505
42 43 42 0.0 0.0 2255.0 0.0 11813.0 63.0 37349.0 0.08715682002116665
42 43 43 0.0 0.0 1183.0 1.0 13059.0 32.0 12700.0 0.08626001232285889
42 43 44 0.0 0.0 654.0 0.0 10929.0 18.0 4310.0 0.10307760270946839
42 43 45 0.0 0.0 920.0 0.0 12320.0 42.0 10314.0 0.09191779922526425
42 43 46 0.0 0.0 442.0 0.0 8213.0 24.0 1165.0 0.13159131497321175
42 43 47 0.0 0.0 0.0 0.0 69.0 0.0 0.0 0.6766553890768486
42 44 33 0.0 0.0 6.0 0.0 78.0 1.0 0.0 0.6721075372059528
42 44 34 0.0 0.0 274.0 0.0 5763.0 20.0 416.0 0.17447657028913258
42 44 35 0.0 0.0 594.0 0.0 10673.0 29.0 3698.0 0.10562052055827989
42 44 36 0.0 0.0 610.0 0.0 10597.0 36.0 3812.0 0.10618932038834951
42 44 37 0.0 0.0 778.0 0.0 11753.0 31.0 5217.0 0.09637227232050663
42 44 38 0.0 0.0 1186.0 0.0 13093.0 28.0 12730.0 0.08598980406608929
42 44 39 0.0 0.0 1184.0 0.0 13265.0 30.0 11444.0 0.08507535245503159
42 44 40 0.0 0.0 2225.0 0.0 11693.0 57.0 37355.0 0.0878679470281805
42 44 41 0.0 0.0 1293.0 0.0 12800.0 28.0 16193.0 0.0869403216791902
42 44 42 0.0 0.0 1170.0 0.0 13131.0 34.0 11196.0 0.085831647354546
42 44 43 0.0 0.0 802.0 0.0 11864.0 30.0 6909.0 0.09551750017056695
42 44 44 0.0 0.0 368.0 0.0 8032.0 25.0 1420.0 0.13487475915221578
42 44 45 0.0 0.0 221.0 0.0 4794.0 14.0 278.0 0.1998857795545402
42 44 46 0.0 0.0 218.0 0.0 4664.0 9.0 212.0 0.20360674810936588
42 44 47 0.0 0.0 3.0 0.0 46.0 1.0 0.0 0.6835937499999999
42 45 33 0.0 0.0 1.0 0.0 34.0 0.0 0.0 0.6879606879606879
42 45 34 0.0 0.0 281.0 0.0 6386.0 24.0 578.0 0.16188714153561515
42 45 35 0.0 0.0 3.0 0.0 375.0 0.0 3.0 0.5889777029869583
42 45 36 0.0 0.0 186.0 0.0 4776.0 17.0 264.0 0.20143884892086328
42 45 37 0.0 0.0 958.0 0.0 12492.0 38.0 8937.0 0.09063835297164313
42 45 38 0.0 0.0 393.0 0.0 8351.0 21.0 1300.0 0.13049962714392244
42 45 39 0.0 0.0 1158.0 0.0 12629.0 47.0 13372.0 0.08877615726062142
42 45 40 0.0 0.0 1401.0 0.0 13099.0 40.0 16863.0 0.08488449645304068
42 45 41 0.0 0.0 587.0 0.0 10607.0 17.0 3509.0 0.10610079575596815
42 45 42 0.0 0.0 820.0 0.0 12098.0 23.0 6382.0 0.0938274914549963
42 45 43 0.0 0.0 227.0 0.0 4905.0 15.0 285.0 0.1966568338249754
42 45 44 0.0 0.0 240.0 0.0 4552.0 18.0 199.0 0.20655060489820004
42 45 45 0.0 0.0 1.0 0.0 59.0 0.0 0.0 0.6799417192812044
42 45 46 0.0 0.0 0.0 0.0 16.0 0.0 0.0 0.6944444444444444
42 45 47 0.0 0.0 3.0 0.0 49.0 1.0 0.0 0.68259385665529
42 46 33 0.0 0.0 2.0 0.0 37.0 0.0 0.0 0.6866110838646394
42 46 34 0.0 0.0 154.0 0.0 3239.0 23.0 83.0 0.2605620696072957
42 46 35 0.0 0.0 155.0 0.0 3809.0 17.0 133.0 0.23533366952428977
42 46 36 0.0 0.0 86.0 0.0 2026.0 14.0 30.0 0.3413801511826383
42 46 37 0.0 0.0 344.0 0.0 7455.0 22.0 935.0 0.14317856412354263
42 46 38 0.0 0.0 45.0 0.0 1441.0 6.0 15.0 0.40253018976423227
42 46 39 0.0 0.0 369.0 0.0 7395.0 15.0 878.0 0.1434867274777083
42 46 40 0.0 0.0 462.0 0.0 9611.0 23.0 2403.0 0.11608623548922055
42 46 41 0.0 0.0 111.0 0.0 2833.0 14.0 60.0 0.2838029596594364
42 46 42 0.0 0.0 302.0 0.0 6328.0 21.0 519.0 0.16256386437529027
42 46 43 0.0 0.0 1.0 0.0 159.0 2.0 0.0 0.6490496059341677
42 46 44 0.0 0.0 41.0 0.0 1056.0 8.0 6.0 0.45336787564766834
42 46 45 0.0 0.0 0.0 0.0 5.0 0.0 0.0 0.6982543640897755
42 46 46 0.0 0.0 0.0 0.0 1.0 0.0 0.0 0.6996501749125437
42 47 33 0.0 0.0 0.0 0.0 1.0 0.0 0.0 0.6996501749125437
42 47 34 0.0 0.0 0.0 0.0 2.0 0.0 0.0 0.6993006993006992
42 47 35 0.0 0.0 0.0 0.0 2.0 0.0 0.0 0.6993006993006992
42 47 36 0.0 0.0 0.0 0.0 29.0 0.0 0.0 0.6899950714637751
42 47 37 0.0 0.0 5.0 0.0 94.0 2.0 0.0 0.6676204101096804
42 47 38 0.0 0.0 3.0 0.0 141.0 1.0 0.0 0.6532897806812878
42 47 39 0.0 0.0 1.0 0.0 109.0 0.0 0.0 0.6635071090047392
42 47 40 0.0 0.0 3.0 0.0 119.0 1.0 0.0 0.66006600660066
42 47 41 0.0 0.0 7.0 0.0 262.0 0.0 1.0 0.6170118995152049
42 47 42 0.0 0.0 12.0 0.0 305.0 1.0 0.0 0.6047516198704103
42 47 43 0.0 0.0 0.0 0.0 7.0 0.0 0.0 0.6975585450921773
42 47 45 0.0 0.0 0.0 0.0 1.0 0.0 0.0 0.6996501749125437
42 48 40 0.0 0.0 0.0 0.0 2.0 0.0 0.0 0.6993006993006992
42 48 41 0.0 0.0 0.0 0.0 1.0 0.0 0.0 0.6996501749125437
42 48 42 0.0 0.0 0.0 0.0 1.0 0.0 0.0 0.6996501749125437
43 32 37 0.0 0.0 0.0 0.0 1.0 0.0 0.0 0.6996501749125437
43 32 38 0.0 0.0 0.0 0.0 2.0 0.0 0.0 0.6993006993006992
43 32 39 0.0 0.0 1.0 0.0 22.0 1.0 0.0 0.6923837784371908
43 32 41 0.0 0.0 0.0 0.0 6.0 0.0 0.0 0.6979062811565303
43 32 42 0.0 0.0 0.0 0.0 4.0 0.0 0.0 0.6986027944111775
43 33 35 0.0 0.0 0.0 0.0 4.0 0.0 0.0 0.6986027944111775
43 33 36 0.0 0.0 1.0 0.0 57.0 0.0 0.0 0.6806028196402526
43 33 37 0.0 0.0 0.0 0.0 44.0 0.0 0.0 0.684931506849315
43 33 38 0.0 0.0 18.0 0.0 523.0 5.0 0.0 0.5520504731861199
43 33 39 0.0 0.0 146.0 0.0 3487.0 15.0 117.0 0.24911032028469746
43 33 40 0.0 0.0 17.0 0.0 399.0 5.0 0.0 0.5806719203649937
43 33 41 0.0 0.0 4.0 0.0 211.0 1.0 0.0 0.6323396567299006
43 33 42 0.0 0.0 3.0 0.0 176.0 0.0 0.0 0.6424965580541532
43 33 43 0.0 0.0 36.0 0.0 890.0 15.0 0.0 0.48093438680865674
43 33 44 0.0 0.0 3.0 0.0 61.0 1.0 0.0 0.6786233640329616
43 33 45 0.0 0.0 0.0 0.0 2.0 0.0 0.0 0.6993006993006992
43 34 34 0.0 0.0 0.0 0.0 15.0 1.0 0.0 0.6951340615690167
43 34 35 0.0 0.0 1.0 0.0 31.0 0.0 0.0 0.6889763779527558
43 34 36 0.0 0.0 10.0 0.0 274.0 2.0 0.0 0.6134969325153373
43 34 37 0.0 0.0 279.0 0.0 5759.0 19.0 412.0 0.17449831733765422
43 34 38 0.0 0.0 214.0 0.0 4929.0 19.0 260.0 0.19646365422396853
43 34 39 0.0 0.0 502.0 0.0 9639.0 27.0 2208.0 0.11547344110854503
43 34 40 0.0 0.0 584.0 0.0 10672.0 27.0 3743.0 0.1057641459545214
43 34 41 0.0 0.0 493.0 0.0 9007.0 28.0 1714.0 0.1218450826805918
43 34 42 0.0 0.0 244.0 0.0 5847.0 14.0 494.0 0.17335314512134717
43 34 43 0.0 0.0 117.0 0.0 2637.0 16.0 60.0 0.295483326298016
43 34 44 0.0 0.0 38.0 0.0 1440.0 7.0 15.0 0.4032258064516129
43 34 45 0.0 0.0 2.0 0.0 125.0 0.0 0.0 0.6582040432534085
43 34 46 0.0 0.0 0.0 0.0 40.0 0.0 0.0 0.6862745098039215
43 34 47 0.0 0.0 0.0 0.0 1.0 0.0 0.0 0.6996501749125437
43 35 33 0.0 0.0 11.0 0.0 215.0 1.0 0.0 0.6292134831460673
43 35 34 0.0 0.0 1.0 0.0 47.0 0.0 0.0 0.6835937499999999
43 35 35 0.0 0.0 92.0 0.0 2369.0 10.0 47.0 0.314536059312514
43 35 36 0.0 0.0 417.0 0.0 8084.0 21.0 1221.0 0.13348588863463004
43 35 37 0.0 0.0 203.0 0.0 5387.0 16.0 473.0 0.18486729169417665
43 35 38 0.0 0.0 1088.0 0.0 12394.0 25.0 13029.0 0.09039256198347106
43 35 39 0.0 0.0 1013.0 0.0 12917.0 40.0 9100.0 0.08800050286001633
43 35 40 0.0 0.0 1233.0 0.0 12650.0 39.0 16683.0 0.08818897637795275
43 35 41 0.0 0.0 959.0 0.0 12622.0 32.0 7706.0 0.0898703299524971
43 35 42 0.0 0.0 660.0 0.0 10910.0 15.0 4094.0 0.10319156777474754
43 35 43 0.0 0.0 777.0 0.0 11921.0 30.0 5602.0 0.09533537623425263
43 35 44 0.0 0.0 447.0 0.0 9013.0 30.0 1914.0 0.12236692596800977
43 35 45 0.0 0.0 348.0 0.0 7133.0 21.0 798.0 0.14788211682687227
43 35 46 0.0 0.0 78.0 0.0 1879.0 17.0 20.0 0.35532994923857864
43 35 47 0.0 0.0 0.0 0.0 31.0 0.0 0.0 0.6893156080748399
43 36 32 0.0 0.0 0.0 0.0 1.0 0.0 0.0 0.6996501749125437
43 36 33 0.0 0.0 17.0 0.0 310.0 6.0 1.0 0.6034482758620688
43 36 34 0.0 0.0 155.0 0.0 3538.0 11.0 105.0 0.2463054187192118
43 36 35 0.0 0.0 225.0 0.0 5351.0 15.0 384.0 0.18511172815020493
43 36 36 0.0 0.0 159.0 0.0 4305.0 18.0 196.0 0.21715526601520083
43 36 37 0.0 0.0 794.0 0.0 11791.0 25.0 5558.0 0.09608125729188112
43 36 38 0.0 0.0 1164.0 0.0 12875.0 31.0 12161.0 0.08726547403852146
43 36 39 0.0 0.0 2387.0 0.0 11442.0 58.0 40923.0 0.08837268021714428
43 36 40 0.0 0.0 1977.0 0.0 12778.0 36.0 27545.0 0.0834326579261025
43 36 41 0.0 0.0 2117.0 0.0 12262.0 50.0 33081.0 0.08542314967356153
43 36 42 0.0 0.0 2255.0 0.0 11700.0 61.0 37686.0 0.08780181875195985
43 36 43 0.0 0.0 1493.0 0.0 12881.0 41.0 19467.0 0.08549096238397655
43 36 44 0.0 0.0 1738.0 0.0 12233.0 41.0 27194.0 0.08759854836691276
43 36 45 0.0 0.0 655.0 0.0 11100.0 31.0 4782.0 0.10190711894016596
43 36 46 0.0 0.0 178.0 0.0 4304.0 20.0 185.0 0.21658415841584153
43 36 47 0.0 0.0 22.0 0.0 385.0 5.0 0.0 0.5828476269775186
43 36 48 0.0 0.0 0.0 0.0 1.0 0.0 0.0 0.6996501749125437
43 37 32 0.0 0.0 0.0 0.0 9.0 0.0 0.0 0.6968641114982577
43 37 33 0.0 0.0 40.0 0.0 953.0 5.0 4.0 0.46838407494145196
43 37 34 0.0 0.0 335.0 0.0 7619.0 24.0 1179.0 0.14080257467565122
43 37 35 0.0 0.0 671.0 0.0 11179.0 27.0 4058.0 0.10116337885685381
43 37 36 0.0 0.0 708.0 0.0 11421.0 27.0 4327.0 0.09915716410510658
43 37 37 0.0 0.0 800.0 0.0 11990.0 27.0 5646.0 0.094709782167501
43 37 38 0.0 0.0 2191.0 0.0 11877.0 53.0 35938.0 0.08705384902375325
43 37 39 0.0 0.0 2913.0 0.0 11702.0 72.0 45780.0 0.08429672447013487
43 37 40 0.0 0.0 3423.0 0.0 10694.0 66.0 58033.0 0.08685941183769696
43 37 41 0.0 0.0 3313.0 0.0 10610.0 76.0 58524.0 0.0880281690140845
43 37 42 0.0 0.0 2648.0 0.0 12249.0 62.0 39250.0 0.08279614406529066
43 37 43 0.0 0.0 2777.0 0.0 10879.0 74.0 50106.0 0.08943972401456589
43 37 44 0.0 0.0 1369.0 0.0 12954.0 41.0 16967.0 0.08577905765578088
43 37 45 0.0 0.0 583.0 0.0 10501.0 33.0 3431.0 0.10714012397642916
43 37 46 0.0 0.0 383.0 0.0 8063.0 25.0 1313.0 0.13426680732713148
43 37 47 0.0 0.0 5.0 0.0 168.0 2.0 0.0 0.64486411791801
43 37 48 0.0 0.0 0.0 0.0 18.0 0.0 0.0 0.6937561942517343
43 38 32 0.0 0.0 0.0 0.0 8.0 0.0 0.0 0.697211155378486
43 38 33 0.0 0.0 160.0 0.0 3494.0 14.0 104.0 0.2480510276399716
43 38 34 0.0 0.0 336.0 0.0 6739.0 18.0 625.0 0.15452538631346574
43 38 35 0.0 0.0 409.0 0.0 8660.0 19.0 1755.0 0.12659372456822496
43 38 36 0.0 0.0 1384.0 0.0 12988.0 51.0 17560.0 0.08556934172727827
43 38 37 0.0 0.0 1187.0 0.0 13237.0 44.0 10985.0 0.08530863445250136
43 38 38 0.0 0.0 2764.0 0.0 11169.0 64.0 47361.0 0.08790104853393607
43 38 39 0.0 0.0 3471.0 0.0 10960.0 56.0 55907.0 0.08515297123046042
43 38 40 0.0 0.0 4177.0 0.0 9889.0 77.0 71650.0 0.08715139442231075
43 38 41 0.0 0.0 4369.0 0.0 9513.0 70.0 76508.0 0.08811681772406847
43 38 42 0.0 0.0 3797.0 0.0 10068.0 76.0 67432.0 0.08826681798121176
43 38 43 0.0 0.0 3340.0 0.0 10051.0 78.0 63688.0 0.09096816114359974
43 38 44 0.0 0.0 1690.0 0.0 13083.0 49.0 21802.0 0.08347743128018603
43 38 45 0.0 0.0 897.0 0.0 12382.0 28.0 6824.0 0.09162303664921465
43 38 46 0.0 0.0 727.0 0.0 11422.0 25.0 5886.0 0.0989679061218719
43 38 47 0.0 0.0 1.0 0.0 116.0 0.0 0.0 0.6613131790269249
43 38 48 0.0 0.0 1.0 0.0 37.0 0.0 0.0 0.6869479882237487
43 39 32 0.0 0.0 3.0 0.0 56.0 1.0 0.0 0.6802721088435373
43 39 33 0.0 0.0 125.0 0.0 3453.0 18.0 118.0 0.25179856115107907
43 39 34 0.0 0.0 442.0 0.0 7987.0 29.0 987.0 0.1345377666730732
43 39 35 0.0 0.0 683.0 0.0 11204.0 30.0 4544.0 0.10087908920593745
43 39 36 0.0 0.0 1418.0 0.0 12857.0 30.0 18591.0 0.08593174564203289
43 39 37 0.0 0.0 2054.0 0.0 12490.0 56.0 30237.0 0.08464328899637243
43 39 38 0.0 0.0 3015.0 0.0 11127.0 59.0 51228.0 0.08660686668728734
43 39 39 0.0 0.0 4005.0 0.0 10174.0 74.0 68289.0 0.08649450142098108
43 39 40 0.0 0.0 4726.0 0.0 8621.0 90.0 87285.0 0.09140171051772539
43 39 41 0.0 0.0 4714.0 0.0 9882.0 99.0 75840.0 0.08450024142926121
43 39 42 0.0 0.0 4286.0 0.0 8742.0 77.0 81352.0 0.09315943571998934
43 39 43 0.0 0.0 3576.0 0.0 9720.0 68.0 67909.0 0.09147935180345007
43 39 44 0.0 0.0 1980.0 0.0 12539.0 50.0 29577.0 0.0847098686997035
43 39 45 0.0 0.0 794.0 0.0 11718.0 30.0 5452.0 0.09653175205129973
43 39 46 0.0 0.0 235.0 0.0 5824.0 17.0 485.0 0.17406440382941687
43 39 47 0.0 0.0 43.0 0.0 931.0 9.0 2.0 0.4723346828609986
43 39 48 0.0 0.0 0.0 0.0 28.0 0.0 0.0 0.690335305719921
43 40 32 0.0 0.0 0.0 0.0 1.0 0.0 0.0 0.6996501749125437
43 40 33 0.0 0.0 5.0 0.0 197.0 1.0 1.0 0.6360745115856428
43 40 34 0.0 0.0 262.0 0.0 5929.0 18.0 477.0 0.17125382262996938
43 40 35 0.0 0.0 701.0 0.0 11308.0 28.0 4301.0 0.10002143316424948
43 40 36 0.0 0.0 1245.0 0.0 13412.0 39.0 11618.0 0.08405379442843419
43 40 37 0.0 0.0 2749.0 0.0 11548.0 64.0 45653.0 0.08588430157659038
43 40 38 0.0 0.0 3544.0 0.0 9725.0 64.0 66764.0 0.09162303664921465
43 40 39 0.0 0.0 4109.0 0.0 10028.0 74.0 70478.0 0.0866497493346537
43 40 40 0.0 0.0 4587.0 0.0 9530.0 89.0 77786.0 0.08688636504685657
43 40 41 0.0 0.0 4703.0 0.0 8049.0 84.0 91249.0 0.09487666034155597
43 40 42 0.0 0.0 4069.0 0.0 10308.0 82.0 68082.0 0.08549618320610686
43 40 43 0.0 0.0 3452.0 0.0 10447.0 72.0 60959.0 0.08801710046523324
43 40 44 0.0 0.0 1984.0 0.0 12629.0 41.0 27939.0 0.08421559191530316
43 40 45 0.0 0.0 1267.0 0.0 12836.0 22.0 15386.0 0.08690254500310365
43 40 46 0.0 0.0 341.0 0.0 7985.0 15.0 1152.0 0.13567206124624479
43 40 47 0.0 0.0 89.0 0.0 2117.0 11.0 25.0 0.33373063170441
43 41 32 0.0 0.0 0.0 0.0 1.0 0.0 0.0 0.6996501749125437
43 41 33 0.0 0.0 93.0 0.0 1627.0 16.0 16.0 0.37807183364839314
43 41 34 0.0 0.0 503.0 0.0 9690.0 24.0 2628.0 0.11491422473939095
43 41 35 0.0 0.0 1186.0 0.0 12840.0 32.0 13316.0 0.08735804317983276
43 41 36 0.0 0.0 1627.0 0.0 13131.0 37.0 19760.0 0.08347245409015024
43 41 37 0.0 0.0 3224.0 0.0 8864.0 82.0 71491.0 0.09937535491198181
43 41 38 0.0 0.0 2986.0 0.0 12137.0 65.0 43460.0 0.08175659892548469
43 41 39 0.0 0.0 3988.0 0.0 9770.0 77.0 70655.0 0.08873114463176573
43 41 40 0.0 0.0 4098.0 0.0 8257.0 77.0 86511.0 0.09760858955588092
43 41 41 0.0 0.0 3252.0 1.0 12066.0 57.0 47347.0 0.08074283407347597
43 41 42 0.0 0.0 3380.0 0.0 10815.0 69.0 56580.0 0.08636644046884638
43 41 43 0.0 0.0 2734.0 1.0 11483.0 62.0 45318.0 0.08635045950780237
43 41 44 0.0 0.0 1931.0 0.0 12848.0 48.0 26616.0 0.0834326579261025
43 41 45 0.0 0.0 1053.0 0.0 12791.0 34.0 10566.0 0.0883894185238967
43 41 46 0.0 0.0 264.0 0.0 6544.0 15.0 752.0 0.15918135304150086
43 41 47 0.0 0.0 28.0 0.0 392.0 7.0 0.0 0.5801906340654785
43 42 33 0.0 0.0 25.0 0.0 613.0 11.0 1.0 0.5329272934906736
43 42 34 0.0 0.0 445.0 0.0 8343.0 23.0 1287.0 0.12999071494893222
43 42 35 0.0 0.0 642.0 0.0 10986.0 31.0 3829.0 0.10287309868469394
43 42 36 0.0 0.0 991.0 0.0 12698.0 34.0 8934.0 0.08930849706557793
43 42 37 0.0 0.0 2120.0 0.0 12309.0 38.0 32404.0 0.08507535245503159
43 42 38 0.0 0.0 2871.0 0.0 11452.0 67.0 48025.0 0.08581060373889059
43 42 39 0.0 0.0 3287.0 0.0 10383.0 75.0 58591.0 0.08933129147524246
43 42 40 0.0 0.0 2906.0 0.0 11785.0 64.0 44594.0 0.08387251377905583
43 42 41 0.0 0.0 2639.0 1.0 11998.0 71.0 41023.0 0.08415990381725277
43 42 42 0.0 0.0 1780.0 0.0 13445.0 37.0 21996.0 0.08119236791741576
43 42 43 0.0 0.0 1902.0 0.0 12512.0 43.0 28478.0 0.08525149190110826
43 42 44 0.0 0.0 1221.0 0.0 12792.0 41.0 14218.0 0.0874945315917755
43 42 45 0.0 0.0 915.0 0.0 12370.0 28.0 8665.0 0.0916590284142988
43 42 46 0.0 0.0 250.0 0.0 5435.0 25.0 373.0 0.18274376713222815
43 42 47 0.0 0.0 0.0 0.0 52.0 0.0 0.0 0.6822612085769979
43 43 33 0.0 0.0 0.0 0.0 33.0 0.0 0.0 0.6886374815543531
43 43 34 0.0 0.0 198.0 0.0 4376.0 12.0 170.0 0.2133495885400792
43 43 35 0.0 0.0 511.0 0.0 9582.0 29.0 2434.0 0.11591323066732902
43 43 36 0.0 0.0 775.0 0.0 12038.0 28.0 5376.0 0.09446056271506645
43 43 37 0.0 0.0 1505.0 0.0 13156.0 43.0 19072.0 0.08409923709977772
43 43 38 0.0 0.0 1578.0 0.0 12776.0 39.0 21504.0 0.08554319931565439
43 43 39 0.0 0.0 2083.0 0.0 12536.0 53.0 30155.0 0.08428657435279951
43 43 40 0.0 0.0 1874.0 0.0 12560.0 35.0 27420.0 0.08511673151750972
43 43 41 0.0 0.0 2149.0 0.0 12081.0 55.0 34581.0 0.08622282441337685
43 43 42 0.0 0.0 1598.0 0.0 12882.0 50.0 20597.0 0.0849772382397572
43 43 43 0.0 0.0 786.0 1.0 11865.0 36.0 4862.0 0.09566108643662452
43 43 44 0.0 0.0 683.0 0.0 10852.0 13.0 3580.0 0.10340497821109386
43 43 45 0.0 0.0 153.0 0.0 4052.0 17.0 191.0 0.22617124394184165
43 43 46 0.0 0.0 210.0 0.0 5013.0 22.0 267.0 0.1944174420219414
43 43 47 0.0 0.0 3.0 0.0 71.0 2.0 0.0 0.6756756756756755
43 44 33 0.0 0.0 0.0 0.0 17.0 0.0 0.0 0.694100148735746
43 44 34 0.0 0.0 7.0 0.0 406.0 0.0 1.0 0.5801906340654785
43 44 35 0.0 0.0 193.0 0.0 4345.0 17.0 225.0 0.21465808034345288
43 44 36 0.0 0.0 248.0 0.0 6228.0 22.0 562.0 0.16550419671355948
43 44 37 0.0 0.0 1045.0 0.0 12579.0 37.0 13082.0 0.08968609865470852
43 44 38 0.0 0.0 691.0 0.0 11533.0 25.0 4827.0 0.0984736582964057
43 44 39 0.0 0.0 852.0 0.0 12292.0 22.0 6735.0 0.09248860408271123
43 44 40 0.0 0.0 1011.0 0.0 12701.0 35.0 8826.0 0.08908685968819598
43 44 41 0.0 0.0 1430.0 0.0 12881.0 41.0 18535.0 0.085831647354546
43 44 42 0.0 0.0 1005.0 0.0 12705.0 30.0 8795.0 0.08904153151434203
43 44 43 0.0 0.0 331.0 0.0 7324.0 13.0 833.0 0.14507772020725385
43 44 44 0.0 0.0 355.0 0.0 6890.0 26.0 656.0 0.15184381778741862
43 44 45 0.0 0.0 133.0 0.0 3225.0 13.0 88.0 0.26178010471204183
43 44 46 0.0 0.0 61.0 0.0 1615.0 17.0 17.0 0.3825136612021858
43 44 47 0.0 0.0 3.0 0.0 59.0 1.0 0.0 0.6792819019893255
43 45 33 0.0 0.0 5.0 0.0 202.0 1.0 0.0 0.6346328195829555
43 45 34 0.0 0.0 0.0 0.0 32.0 0.0 0.0 0.6889763779527558
43 45 35 0.0 0.0 12.0 0.0 569.0 4.0 1.0 0.5434782608695652
43 45 36 0.0 0.0 229.0 0.0 4821.0 18.0 269.0 0.1990049751243781
43 45 37 0.0 0.0 110.0 0.0 2948.0 8.0 86.0 0.27728263022380667
43 45 38 0.0 0.0 405.0 0.0 8328.0 17.0 1362.0 0.13058483350433725
43 45 39 0.0 0.0 249.0 0.0 5741.0 25.0 407.0 0.17565872020075282
43 45 40 0.0 0.0 667.0 0.0 11151.0 31.0 4558.0 0.10142722596536984
43 45 41 0.0 0.0 605.0 0.0 10703.0 29.0 3285.0 0.105318588730911
43 45 42 0.0 0.0 377.0 0.0 7691.0 28.0 1102.0 0.1394422310756972
43 45 43 0.0 0.0 403.0 0.0 8494.0 17.0 1613.0 0.12859373564802057
43 45 44 0.0 0.0 30.0 0.0 516.0 6.0 0.0 0.5511811023622046
43 45 45 0.0 0.0 1.0 0.0 16.0 0.0 0.0 0.694100148735746
43 45 46 0.0 0.0 0.0 0.0 3.0 0.0 0.0 0.6989515726410384
43 45 47 0.0 0.0 0.0 0.0 1.0 0.0 0.0 0.6996501749125437
43 46 33 0.0 0.0 0.0 0.0 15.0 0.0 0.0 0.694789081885856
43 46 34 0.0 0.0 112.0 0.0 1999.0 17.0 22.0 0.3419638495359062
43 46 35 0.0 0.0 0.0 0.0 35.0 0.0 0.0 0.6879606879606879
43 46 36 0.0 0.0 183.0 0.0 4336.0 16.0 201.0 0.21521906225980011
43 46 37 0.0 0.0 214.0 0.0 5182.0 14.0 377.0 0.1895734597156398
43 46 38 0.0 0.0 58.0 0.0 1343.0 6.0 12.0 0.4123711340206185
43 46 39 0.0 0.0 74.0 0.0 2224.0 7.0 44.0 0.32641641408253663
43 46 40 0.0 0.0 306.0 0.0 7230.0 21.0 903.0 0.1470279353077084
43 46 41 0.0 0.0 249.0 0.0 5517.0 18.0 348.0 0.18057526118921705
43 46 42 0.0 0.0 11.0 0.0 380.0 3.0 2.0 0.5862646566164154
43 46 43 0.0 0.0 38.0 0.0 1030.0 11.0 4.0 0.4579653254824991
43 46 44 0.0 0.0 0.0 0.0 16.0 0.0 0.0 0.6944444444444444
43 46 45 0.0 0.0 0.0 0.0 3.0 0.0 0.0 0.6989515726410384
43 47 34 0.0 0.0 0.0 0.0 1.0 0.0 0.0 0.6996501749125437
43 47 35 0.0 0.0 4.0 0.0 45.0 1.0 0.0 0.6835937499999999
43 47 36 0.0 0.0 0.0 0.0 14.0 0.0 0.0 0.6951340615690167
43 47 37 0.0 0.0 10.0 0.0 178.0 2.0 0.0 0.6404391582799633
43 47 38 0.0 0.0 0.0 0.0 13.0 0.0 0.0 0.695479384003974
43 47 39 0.0 0.0 12.0 0.0 419.0 6.0 0.0 0.5773195876288658
43 47 40 0.0 0.0 5.0 0.0 110.0 2.0 1.0 0.6625650733554187
43 47 41 0.0 0.0 89.0 0.0 1848.0 9.0 27.0 0.3562340966921119
43 47 42 0.0 0.0 0.0 0.0 27.0 0.0 0.0 0.6906758756783422
43 47 43 0.0 0.0 0.0 0.0 3.0 0.0 0.0 0.6989515726410384
43 48 39 0.0 0.0 0.0 0.0 5.0 0.0 0.0 0.6982543640897755
43 48 40 0.0 0.0 0.0 0.0 2.0 0.0 0.0 0.6993006993006992
43 48 41 0.0 0.0 0.0 0.0 2.0 0.0 0.0 0.6993006993006992
44 32 38 0.0 0.0 0.0 0.0 1.0 0.0 0.0 0.6996501749125437
44 32 39 0.0 0.0 0.0 0.0 3.0 0.0 0.0 0.6989515726410384
44 32 40 0.0 0.0 0.0 0.0 4.0 0.0 0.0 0.6986027944111775
44 32 41 0.0 0.0 0.0 0.0 1.0 0.0 0.0 0.6996501749125437
44 33 36 0.0 0.0 0.0 0.0 6.0 0.0 0.0 0.6979062811565303
44 33 37 0.0 0.0 5.0 0.0 88.0 1.0 0.0 0.6692160611854684
44 33 38 0.0 0.0 13.0 0.0 193.0 2.0 0.0 0.6352087114337567
44 33 39 0.0 0.0 96.0 0.0 2137.0 13.0 29.0 0.3317535545023696
44 33 40 0.0 0.0 180.0 0.0 3091.0 21.0 54.0 0.26656511805026656
44 33 41 0.0 0.0 15.0 0.0 266.0 4.0 1.0 0.6148440931049626
44 33 42 0.0 0.0 52.0 0.0 1107.0 9.0 8.0 0.4444444444444444
44 33 43 0.0 0.0 0.0 0.0 7.0 0.0 0.0 0.6975585450921773
44 33 44 0.0 0.0 0.0 0.0 3.0 0.0 0.0 0.6993006993006992
44 34 35 0.0 0.0 0.0 0.0 10.0 0.0 0.0 0.6965174129353233
44 34 36 0.0 0.0 0.0 0.0 27.0 0.0 0.0 0.6906758756783422
44 34 37 0.0 0.0 277.0 0.0 5485.0 22.0 299.0 0.18080847216841017
44 34 38 0.0 0.0 267.0 0.0 6129.0 18.0 503.0 0.16700465227245614
44 34 39 0.0 0.0 342.0 0.0 7204.0 14.0 836.0 0.14681208053691275
44 34 40 0.0 0.0 106.0 0.0 2471.0 16.0 42.0 0.30695023021267265
44 34 41 0.0 0.0 495.0 0.0 9898.0 27.0 2892.0 0.11309475725018175
44 34 42 0.0 0.0 16.0 0.0 571.0 6.0 1.0 0.5424254165052305
44 34 43 0.0 0.0 41.0 0.0 1273.0 5.0 8.0 0.42308854638863697
44 34 44 0.0 0.0 24.0 0.0 791.0 4.0 3.0 0.49804340092493765
44 34 45 0.0 0.0 11.0 0.0 488.0 3.0 0.0 0.5608974358974358
44 34 46 0.0 0.0 18.0 0.0 342.0 6.0 0.0 0.594732370433305
44 35 34 0.0 0.0 0.0 0.0 4.0 0.0 0.0 0.6986027944111775
44 35 35 0.0 0.0 4.0 0.0 210.0 2.0 0.0 0.6329113924050632
44 35 36 0.0 0.0 171.0 0.0 4073.0 12.0 179.0 0.2245749117741418
44 35 37 0.0 0.0 186.0 0.0 4432.0 16.0 183.0 0.21205695243865494
44 35 38 0.0 0.0 264.0 0.0 5919.0 26.0 474.0 0.17158965559504838
44 35 39 0.0 0.0 1345.0 0.0 12843.0 49.0 16858.0 0.08649450142098108
44 35 40 0.0 0.0 964.0 0.0 12381.0 22.0 9735.0 0.09121115382109583
44 35 41 0.0 0.0 884.0 0.0 12357.0 32.0 7976.0 0.09191176470588233
44 35 42 0.0 0.0 633.0 0.0 10877.0 25.0 3772.0 0.10372675409350225
44 35 43 0.0 0.0 483.0 0.0 9151.0 19.0 1920.0 0.12045083025036563
44 35 44 0.0 0.0 601.0 0.0 10511.0 28.0 3786.0 0.10687022900763357
44 35 45 0.0 0.0 485.0 0.0 9560.0 29.0 2679.0 0.11639507815098102
44 35 46 0.0 0.0 114.0 0.0 2889.0 8.0 67.0 0.2802241793434747
44 35 47 0.0 0.0 0.0 0.0 3.0 0.0 0.0 0.6989515726410384
44 36 33 0.0 0.0 0.0 0.0 8.0 0.0 0.0 0.697211155378486
44 36 34 0.0 0.0 54.0 0.0 1146.0 13.0 7.0 0.4392845936617508
44 36 35 0.0 0.0 120.0 0.0 2339.0 12.0 28.0 0.31474820143884885
44 36 36 0.0 0.0 123.0 0.0 2925.0 20.0 53.0 0.27849612094688675
44 36 37 0.0 0.0 396.0 0.0 8395.0 26.0 1463.0 0.12996658002227995
44 36 38 0.0 0.0 720.0 0.0 11390.0 19.0 4846.0 0.09926262053318206
44 36 39 0.0 0.0 807.0 0.0 12161.0 31.0 5356.0 0.09360791655522865
44 36 40 0.0 0.0 1350.0 0.0 13337.0 34.0 14263.0 0.08387753879336168
44 36 41 0.0 0.0 1479.0 0.0 12322.0 40.0 22060.0 0.08858516831181978
44 36 42 0.0 0.0 1140.0 0.0 13186.0 35.0 10243.0 0.08574753475837568
44 36 43 0.0 0.0 1115.0 0.0 12797.0 39.0 12031.0 0.08807247106190234
44 36 44 0.0 0.0 675.0 0.0 11231.0 22.0 5654.0 0.10070493454179252
44 36 45 0.0 0.0 471.0 0.0 9597.0 23.0 2417.0 0.11616329239960171
44 36 46 0.0 0.0 83.0 0.0 1888.0 20.0 20.0 0.3544303797468354
44 36 47 0.0 0.0 1.0 0.0 57.0 0.0 0.0 0.6802721088435373
44 37 32 0.0 0.0 0.0 0.0 4.0 0.0 0.0 0.6986027944111775
44 37 33 0.0 0.0 0.0 0.0 22.0 0.0 0.0 0.6923837784371908
44 37 34 0.0 0.0 18.0 0.0 291.0 5.0 1.0 0.60790273556231
44 37 35 0.0 0.0 61.0 0.0 1672.0 17.0 19.0 0.3767491926803013
44 37 36 0.0 0.0 362.0 0.0 7440.0 18.0 990.0 0.14306151645207435
44 37 37 0.0 0.0 995.0 0.0 12591.0 35.0 9022.0 0.08984149393569915
44 37 38 0.0 0.0 1234.0 0.0 12934.0 28.0 13967.0 0.08654262224145391
44 37 39 0.0 0.0 1569.0 0.0 13314.0 41.0 19433.0 0.08292365100989159
44 37 40 0.0 0.0 1976.0 0.0 12170.0 36.0 30669.0 0.08653727283965879
44 37 41 0.0 0.0 1796.0 0.0 12852.0 46.0 24812.0 0.08407398510689405
44 37 42 0.0 0.0 1593.0 0.0 13269.0 35.0 20370.0 0.0829875518672199
44 37 43 0.0 0.0 1921.0 0.0 12324.0 47.0 29828.0 0.0861273454321747
44 37 44 0.0 0.0 1626.0 0.0 12703.0 32.0 22756.0 0.08570029382957883
44 37 45 0.0 0.0 625.0 0.0 10855.0 24.0 4112.0 0.10389610389610389
44 37 46 0.0 0.0 118.0 0.0 3255.0 8.0 105.0 0.26104792093977247
44 37 47 0.0 0.0 109.0 0.0 2305.0 19.0 37.0 0.3184713375796178
44 38 32 0.0 0.0 1.0 0.0 2.0 0.0 0.0 0.6993006993006992
44 38 33 0.0 0.0 12.0 0.0 312.0 3.0 1.0 0.6034482758620688
44 38 34 0.0 0.0 441.0 0.0 8661.0 17.0 1567.0 0.12620571531596503
44 38 35 0.0 0.0 421.0 0.0 8548.0 27.0 1462.0 0.12787723785166238
44 38 36 0.0 0.0 499.0 0.0 9682.0 20.0 2559.0 0.11501807426881365
44 38 37 0.0 0.0 1323.0 0.0 13108.0 34.0 14844.0 0.08512708257327009
44 38 38 0.0 0.0 1623.0 0.0 12341.0 39.0 24714.0 0.08764790584110686
44 38 39 0.0 0.0 1938.0 0.0 12917.0 39.0 26012.0 0.0830564784053156
44 38 40 0.0 0.0 2253.0 0.0 12096.0 55.0 34651.0 0.08566358685675823
44 38 41 0.0 0.0 2999.0 0.0 10606.0 75.0 54376.0 0.08978963571062083
44 38 42 0.0 0.0 2176.0 0.0 12609.0 47.0 31354.0 0.08339289969025493
44 38 43 0.0 0.0 1965.0 0.0 12192.0 52.0 30870.0 0.0866658412777021
44 38 44 0.0 0.0 956.0 0.0 12525.0 36.0 8606.0 0.09055627425614488
44 38 45 0.0 0.0 504.0 0.0 9512.0 18.0 2132.0 0.11659865078704088
44 38 46 0.0 0.0 287.0 0.0 5524.0 19.0 305.0 0.17957927142124164
44 38 47 0.0 0.0 87.0 0.0 2000.0 13.0 18.0 0.3436426116838488
44 39 32 0.0 0.0 0.0 0.0 1.0 0.0 0.0 0.6996501749125437
44 39 33 0.0 0.0 10.0 0.0 309.0 1.0 0.0 0.6039689387402932
44 39 34 0.0 0.0 159.0 0.0 4039.0 17.0 190.0 0.2265372168284789
44 39 35 0.0 0.0 791.0 0.0 11823.0 31.0 8681.0 0.09587071149763747
44 39 36 0.0 0.0 1091.0 0.0 12514.0 29.0 13367.0 0.08968035359682275
44 39 37 0.0 0.0 1480.0 0.0 13029.0 44.0 19784.0 0.08484334282770739
44 39 38 0.0 0.0 1520.0 0.0 13132.0 35.0 18409.0 0.08404370272541721
44 39 39 0.0 0.0 2024.0 0.0 12932.0 48.0 27684.0 0.0825277057297807
44 39 40 0.0 0.0 2338.0 0.0 12825.0 59.0 32367.0 0.0815803274867432
44 39 41 0.0 0.0 3153.0 0.0 10672.0 62.0 55381.0 0.08839499936860713
44 39 42 0.0 0.0 2484.0 0.0 12698.0 49.0 35163.0 0.08148061925270632
44 39 43 0.0 0.0 1509.0 0.0 13510.0 43.0 16694.0 0.08227550540667607
44 39 44 0.0 0.0 1117.0 0.0 12949.0 37.0 12018.0 0.08715139442231075
44 39 45 0.0 0.0 666.0 0.0 11057.0 24.0 4303.0 0.1020705745115194
44 39 46 0.0 0.0 179.0 0.0 4101.0 13.0 172.0 0.2233923727461305
44 39 47 0.0 0.0 36.0 0.0 740.0 6.0 2.0 0.5054151624548735
44 39 48 0.0 0.0 0.0 0.0 1.0 0.0 0.0 0.6996501749125437
44 40 32 0.0 0.0 0.0 0.0 4.0 0.0 0.0 0.6986027944111775
44 40 33 0.0 0.0 104.0 0.0 2332.0 12.0 33.0 0.3164556962025316
44 40 34 0.0 0.0 465.0 0.0 9126.0 24.0 1921.0 0.12098167991704112
44 40 35 0.0 0.0 566.0 0.0 10446.0 26.0 3373.0 0.10769230769230768
44 40 36 0.0 0.0 2166.0 0.0 10926.0 71.0 41219.0 0.09283819628647214
44 40 37 0.0 0.0 1460.0 0.0 13152.0 45.0 18460.0 0.08428657435279951
44 40 38 0.0 0.0 1954.0 0.0 12701.0 51.0 28057.0 0.08407398510689405
44 40 39 0.0 0.0 2312.0 0.0 12740.0 53.0 32759.0 0.08210662131253298
44 40 40 0.0 0.0 2714.0 0.0 11173.0 58.0 46648.0 0.08805585256934396
44 40 41 0.0 0.0 2204.0 0.0 13200.0 42.0 28121.0 0.08034894398530762
44 40 42 0.0 0.0 2474.0 0.0 11476.0 59.0 41668.0 0.0877302920165434
44 40 43 0.0 0.0 2149.0 0.0 11968.0 63.0 34018.0 0.08691873098652758
44 40 44 0.0 0.0 2476.0 0.0 10672.0 46.0 47480.0 0.09239094568732263
44 40 45 0.0 0.0 725.0 0.0 11641.0 24.0 5461.0 0.0975473801560758
44 40 46 0.0 0.0 241.0 0.0 5568.0 27.0 378.0 0.1798792239496338
44 40 47 0.0 0.0 0.0 0.0 35.0 0.0 0.0 0.6879606879606879
44 40 48 0.0 0.0 0.0 0.0 2.0 0.0 0.0 0.6993006993006992
44 41 32 0.0 0.0 0.0 0.0 3.0 0.0 0.0 0.6989515726410384
44 41 33 0.0 0.0 76.0 0.0 1785.0 19.0 24.0 0.364488414475397
44 41 34 0.0 0.0 208.0 0.0 4774.0 15.0 254.0 0.200918484500574
44 41 35 0.0 0.0 979.0 0.0 12532.0 38.0 8961.0 0.09032258064516129
44 41 36 0.0 0.0 1351.0 0.0 13192.0 37.0 16021.0 0.0846177092777274
44 41 37 0.0 0.0 1908.0 0.0 12410.0 52.0 28105.0 0.08583690987124462
44 41 38 0.0 0.0 1735.0 0.0 13404.0 52.0 21086.0 0.08168028004667444
44 41 39 0.0 0.0 2268.0 0.0 13237.0 73.0 29836.0 0.08012361929834601
44 41 40 0.0 0.0 2348.0 0.0 12085.0 65.0 36666.0 0.08524630091944223
44 41 41 0.0 0.0 2698.0 0.0 10344.0 73.0 52471.0 0.09306035628822121
44 41 42 0.0 0.0 2177.0 0.0 12321.0 40.0 33469.0 0.08486391465114869
44 41 43 0.0 0.0 1302.0 0.0 13266.0 32.0 13119.0 0.08449514152936205
44 41 44 0.0 0.0 1523.0 0.0 12689.0 40.0 21365.0 0.08629191321499012
44 41 45 0.0 0.0 670.0 0.0 10952.0 36.0 4288.0 0.1029260402881929
44 41 46 0.0 0.0 250.0 0.0 5892.0 19.0 468.0 0.1723076923076923
44 41 47 0.0 0.0 2.0 0.0 49.0 0.0 0.0 0.68259385665529
44 42 33 0.0 0.0 10.0 0.0 128.0 3.0 0.0 0.6557377049180326
44 42 34 0.0 0.0 106.0 0.0 2477.0 16.0 48.0 0.3066141042487954
44 42 35 0.0 0.0 440.0 0.0 9214.0 27.0 2002.0 0.12033694344163658
44 42 36 0.0 0.0 2253.0 0.0 10771.0 58.0 43760.0 0.09310986964618248
44 42 37 0.0 0.0 1189.0 0.0 13084.0 31.0 12828.0 0.08602150537634408
44 42 38 0.0 0.0 1400.0 0.0 13185.0 39.0 16095.0 0.08437292834327728
44 42 39 0.0 0.0 1903.0 0.0 12971.0 52.0 25750.0 0.0829973915105525
44 42 40 0.0 0.0 1959.0 0.0 12841.0 52.0 26672.0 0.08334821694350181
44 42 41 0.0 0.0 1519.0 0.0 13217.0 60.0 18620.0 0.08375209380234505
44 42 42 0.0 0.0 1130.0 0.0 12757.0 35.0 12398.0 0.08813900780659782
44 42 43 0.0 0.0 798.0 0.0 12048.0 25.0 6815.0 0.09432691011992993
44 42 44 0.0 0.0 584.0 0.0 10424.0 21.0 3194.0 0.1076674613550719
44 42 45 0.0 0.0 786.0 0.0 11970.0 40.0 7748.0 0.09497964721845319
44 42 46 0.0 0.0 131.0 0.0 3195.0 16.0 77.0 0.2636038410845415
44 42 47 0.0 0.0 0.0 0.0 20.0 0.0 0.0 0.6930693069306929
44 43 33 0.0 0.0 0.0 0.0 26.0 0.0 0.0 0.6910167818361302
44 43 34 0.0 0.0 42.0 0.0 1206.0 6.0 6.0 0.43196544276457877
44 43 35 0.0 0.0 725.0 0.0 11312.0 35.0 4589.0 0.09984310369419482
44 43 36 0.0 0.0 956.0 0.0 12519.0 29.0 9000.0 0.09045680687471731
44 43 37 0.0 0.0 1058.0 0.0 12600.0 42.0 11319.0 0.08943972401456589
44 43 38 0.0 0.0 940.0 0.0 12506.0 44.0 7763.0 0.09077352006743175
44 43 39 0.0 0.0 1027.0 0.0 12825.0 38.0 9975.0 0.08833922261484098
44 43 40 0.0 0.0 1179.0 0.0 13047.0 45.0 11072.0 0.08633980881899475
44 43 41 0.0 0.0 724.0 0.0 11404.0 20.0 5205.0 0.09912206173888415
44 43 42 0.0 0.0 1295.0 0.0 12413.0 42.0 18055.0 0.08909819894354992
44 43 43 0.0 0.0 805.0 0.0 12001.0 24.0 7941.0 0.09456264775413711
44 43 44 0.0 0.0 393.0 0.0 7807.0 24.0 1105.0 0.13753806857255133
44 43 45 0.0 0.0 371.0 0.0 7598.0 18.0 1006.0 0.14061872237846523
44 43 46 0.0 0.0 160.0 0.0 3693.0 14.0 136.0 0.23968498544769726
44 43 47 0.0 0.0 0.0 0.0 7.0 0.0 0.0 0.6975585450921773
44 44 33 0.0 0.0 0.0 0.0 9.0 0.0 0.0 0.6968641114982577
44 44 34 0.0 0.0 34.0 0.0 862.0 9.0 5.0 0.4849324558365084
44 44 35 0.0 0.0 77.0 0.0 2085.0 10.0 34.0 0.33734939759036137
44 44 36 0.0 0.0 532.0 0.0 9836.0 24.0 2514.0 0.1133052767886047
44 44 37 0.0 0.0 760.0 0.0 11752.0 22.0 5694.0 0.09643865812495694
44 44 38 0.0 0.0 486.0 0.0 9711.0 21.0 2225.0 0.11488593467913999
44 44 39 0.0 0.0 450.0 0.0 9206.0 22.0 2287.0 0.1202542518467617
44 44 40 0.0 0.0 571.0 0.0 10498.0 27.0 2969.0 0.10721396844846069
44 44 41 0.0 0.0 938.0 0.0 12493.0 28.0 10338.0 0.09072645972393234
44 44 42 0.0 0.0 387.0 0.0 7506.0 31.0 946.0 0.14184397163120566
44 44 43 0.0 0.0 129.0 0.0 3369.0 10.0 72.0 0.2550555656768081
44 44 44 0.0 0.0 42.0 0.0 1001.0 12.0 9.0 0.46189376443418
44 44 45 0.0 0.0 1.0 0.0 74.0 0.0 0.0 0.6746987951807227
44 44 46 0.0 0.0 0.0 0.0 13.0 0.0 0.0 0.695479384003974
44 44 47 0.0 0.0 4.0 0.0 63.0 1.0 0.0 0.6776379477250725
44 45 33 0.0 0.0 0.0 0.0 6.0 0.0 0.0 0.6979062811565303
44 45 34 0.0 0.0 0.0 0.0 10.0 0.0 0.0 0.6965174129353233
44 45 35 0.0 0.0 75.0 0.0 1860.0 14.0 17.0 0.3570517725070135
44 45 36 0.0 0.0 588.0 0.0 10236.0 24.0 2970.0 0.10928108656623214
44 45 37 0.0 0.0 225.0 0.0 5087.0 12.0 267.0 0.19170204025742846
44 45 38 0.0 0.0 232.0 0.0 5348.0 15.0 350.0 0.18501387604070305
44 45 39 0.0 0.0 179.0 0.0 4225.0 21.0 183.0 0.2191952403319242
44 45 40 0.0 0.0 555.0 0.0 10259.0 20.0 3139.0 0.10931521824002498
44 45 41 0.0 0.0 348.0 0.0 7175.0 21.0 878.0 0.14729089952656493
44 45 42 0.0 0.0 72.0 0.0 1844.0 17.0 22.0 0.3591585428424833
44 45 43 0.0 0.0 18.0 0.0 579.0 4.0 2.0 0.5399151561897415
44 45 44 0.0 0.0 1.0 0.0 37.0 0.0 0.0 0.6869479882237487
44 45 45 0.0 0.0 0.0 0.0 17.0 0.0 0.0 0.694100148735746
44 45 46 0.0 0.0 0.0 0.0 1.0 0.0 0.0 0.6996501749125437
44 46 35 0.0 0.0 4.0 0.0 148.0 1.0 0.0 0.6508600650860064
44 46 36 0.0 0.0 0.0 0.0 46.0 0.0 0.0 0.6842619745845552
44 46 37 0.0 0.0 19.0 0.0 321.0 2.0 0.0 0.5988023952095808
44 46 38 0.0 0.0 2.0 0.0 65.0 0.0 0.0 0.6773101112723753
44 46 39 0.0 0.0 53.0 0.0 1224.0 11.0 8.0 0.4287901990811638
44 46 40 0.0 0.0 8.0 0.0 248.0 3.0 1.0 0.6213936972924988
44 46 41 0.0 0.0 6.0 0.0 186.0 3.0 1.0 0.639561443581544
44 46 42 0.0 0.0 9.0 0.0 213.0 6.0 0.0 0.6317689530685919
44 46 43 0.0 0.0 0.0 0.0 32.0 0.0 0.0 0.6889763779527558
44 46 44 0.0 0.0 0.0 0.0 9.0 0.0 0.0 0.6968641114982577
44 47 35 0.0 0.0 0.0 0.0 2.0 0.0 0.0 0.6993006993006992
44 47 36 0.0 0.0 0.0 0.0 7.0 0.0 0.0 0.6975585450921773
44 47 37 0.0 0.0 0.0 0.0 5.0 0.0 0.0 0.6982543640897755
44 47 38 0.0 0.0 0.0 0.0 9.0 0.0 0.0 0.6968641114982577
44 47 39 0.0 0.0 0.0 0.0 6.0 0.0 0.0 0.6979062811565303
44 47 40 0.0 0.0 164.0 0.0 4233.0 12.0 146.0 0.21916092673763302
44 47 41 0.0 0.0 1.0 0.0 10.0 0.0 0.0 0.6961710591745399
44 47 42 0.0 0.0 0.0 0.0 4.0 0.0 0.0 0.6986027944111775
44 48 39 0.0 0.0 0.0 0.0 2.0 0.0 0.0 0.6993006993006992
44 48 40 0.0 0.0 0.0 0.0 6.0 0.0 0.0 0.6979062811565303
44 48 41 0.0 0.0 0.0 0.0 4.0 0.0 0.0 0.6986027944111775
45 32 41 0.0 0.0 0.0 0.0 2.0 0.0 0.0 0.6993006993006992
45 32 42 0.0 0.0 0.0 0.0 1.0 0.0 0.0 0.6996501749125437
45 33 36 0.0 0.0 0.0 0.0 3.0 0.0 0.0 0.6989515726410384
45 33 37 0.0 0.0 0.0 0.0 28.0 1.0 0.0 0.6906758756783422
45 33 38 0.0 0.0 0.0 0.0 23.0 0.0 0.0 0.6920415224913494
45 33 39 0.0 0.0 3.0 0.0 58.0 0.0 0.0 0.6792819019893255
45 33 40 0.0 0.0 1.0 0.0 45.0 2.0 0.0 0.684931506849315
45 33 41 0.0 0.0 48.0 0.0 805.0 11.0 1.0 0.492784230904611
45 33 42 0.0 0.0 0.0 0.0 18.0 0.0 0.0 0.6937561942517343
45 33 43 0.0 0.0 0.0 0.0 1.0 0.0 0.0 0.6996501749125437
45 34 35 0.0 0.0 0.0 0.0 2.0 0.0 0.0 0.6993006993006992
45 34 36 0.0 0.0 3.0 0.0 58.0 0.0 0.0 0.6792819019893255
45 34 37 0.0 0.0 1.0 0.0 32.0 0.0 0.0 0.6886374815543531
45 34 38 0.0 0.0 373.0 0.0 7245.0 24.0 755.0 0.14583333333333331
45 34 39 0.0 0.0 129.0 0.0 2562.0 15.0 57.0 0.29933718195424414
45 34 40 0.0 0.0 63.0 0.0 2049.0 8.0 28.0 0.3409644422795908
45 34 41 0.0 0.0 146.0 0.0 3483.0 21.0 94.0 0.24959885897664466
45 34 42 0.0 0.0 151.0 0.0 3483.0 13.0 95.0 0.24893314366998576
45 34 43 0.0 0.0 141.0 0.0 3417.0 10.0 101.0 0.25234318673395817
45 34 44 0.0 0.0 12.0 0.0 306.0 4.0 0.0 0.6050129645635263
45 34 45 0.0 0.0 67.0 0.0 1466.0 9.0 7.0 0.3972758229284903
45 34 46 0.0 0.0 2.0 0.0 27.0 1.0 1.0 0.690335305719921
45 35 35 0.0 0.0 0.0 0.0 4.0 0.0 0.0 0.6986027944111775
45 35 36 0.0 0.0 1.0 0.0 34.0 1.0 0.0 0.6882989183874139
45 35 37 0.0 0.0 15.0 0.0 414.0 0.0 3.0 0.5763688760806915
45 35 38 0.0 0.0 270.0 0.0 5353.0 24.0 354.0 0.1841136244082062
45 35 39 0.0 0.0 197.0 0.0 4370.0 20.0 181.0 0.21390374331550796
45 35 40 0.0 0.0 357.0 0.0 7653.0 21.0 1084.0 0.14014014014014012
45 35 41 0.0 0.0 125.0 0.0 3303.0 11.0 94.0 0.2584933530280649
45 35 42 0.0 0.0 424.0 0.0 8618.0 24.0 1627.0 0.12686905301313997
45 35 43 0.0 0.0 443.0 0.0 9076.0 22.0 1855.0 0.12165450121654499
45 35 44 0.0 0.0 172.0 0.0 4242.0 18.0 203.0 0.21874999999999997
45 35 45 0.0 0.0 110.0 0.0 2389.0 24.0 44.0 0.31284916201117313
45 35 46 0.0 0.0 1.0 0.0 95.0 0.0 0.0 0.6679389312977099
45 35 47 0.0 0.0 0.0 0.0 2.0 0.0 0.0 0.6993006993006992
45 36 33 0.0 0.0 0.0 0.0 1.0 0.0 0.0 0.6996501749125437
45 36 34 0.0 0.0 0.0 0.0 2.0 0.0 0.0 0.6993006993006992
45 36 35 0.0 0.0 2.0 0.0 54.0 2.0 0.0 0.6815968841285296
45 36 36 0.0 0.0 1.0 0.0 103.0 2.0 0.0 0.6660323501427211
45 36 37 0.0 0.0 176.0 0.0 4174.0 21.0 170.0 0.22106426654034422
45 36 38 0.0 0.0 364.0 0.0 7022.0 20.0 703.0 0.14942896787277188
45 36 39 0.0 0.0 855.0 0.0 12217.0 29.0 7542.0 0.09293680297397769
45 36 40 0.0 0.0 713.0 0.0 11460.0 25.0 4231.0 0.09885609377206608
45 36 41 0.0 0.0 1008.0 0.0 12651.0 38.0 9564.0 0.08950834345630074
45 36 42 0.0 0.0 422.0 0.0 8908.0 23.0 1809.0 0.12374049849743679
45 36 43 0.0 0.0 671.0 0.0 11530.0 25.0 5777.0 0.09863322530646751
45 36 44 0.0 0.0 382.0 0.0 8001.0 30.0 1183.0 0.1350960146675673
45 36 45 0.0 0.0 211.0 0.0 5019.0 21.0 300.0 0.1941209095951192
45 36 46 0.0 0.0 25.0 0.0 586.0 4.0 1.0 0.5370157268891445
45 36 47 0.0 0.0 0.0 0.0 2.0 0.0 0.0 0.6993006993006992
45 36 48 0.0 0.0 0.0 0.0 1.0 0.0 0.0 0.6996501749125437
45 37 33 0.0 0.0 57.0 0.0 1030.0 13.0 3.0 0.4554326610279765
45 37 34 0.0 0.0 47.0 0.0 1221.0 9.0 9.0 0.42944785276073616
45 37 35 0.0 0.0 109.0 0.0 2604.0 12.0 44.0 0.2978089768134439
45 37 36 0.0 0.0 514.0 0.0 9558.0 20.0 2381.0 0.11604774535809018
45 37 37 0.0 0.0 305.0 0.0 6835.0 12.0 774.0 0.1533238418574088
45 37 38 0.0 0.0 491.0 0.0 9395.0 12.0 2035.0 0.1177856301531213
45 37 39 0.0 0.0 1214.0 0.0 12933.0 38.0 13173.0 0.08671415298854133
45 37 40 0.0 0.0 1596.0 0.0 12693.0 41.0 22689.0 0.08592647149082427
45 37 41 0.0 0.0 1150.0 0.0 13030.0 34.0 11608.0 0.08658544127651678
45 37 42 0.0 0.0 1473.0 0.0 12238.0 35.0 22107.0 0.08901888472054428
45 37 43 0.0 0.0 894.0 0.0 12488.0 42.0 7446.0 0.09109838625715773
45 37 44 0.0 0.0 964.0 0.0 12108.0 28.0 11382.0 0.09286898839137643
45 37 45 0.0 0.0 666.0 0.0 11022.0 24.0 3834.0 0.10233918128654969
45 37 46 0.0 0.0 20.0 0.0 668.0 5.0 2.0 0.5218039508013418
45 37 47 0.0 0.0 0.0 0.0 9.0 0.0 0.0 0.6968641114982577
45 38 33 0.0 0.0 26.0 0.0 787.0 11.0 5.0 0.4996431120628122
45 38 34 0.0 0.0 113.0 0.0 2740.0 9.0 57.0 0.289077018377039
45 38 35 0.0 0.0 276.0 0.0 6262.0 20.0 525.0 0.16429996479286466
45 38 36 0.0 0.0 409.0 0.0 8599.0 31.0 1713.0 0.12744651797906234
45 38 37 0.0 0.0 452.0 0.0 9118.0 20.0 1959.0 0.12113870381586916
45 38 38 0.0 0.0 537.0 0.0 9947.0 18.0 2578.0 0.11219746754287545
45 38 39 0.0 0.0 774.0 0.0 11844.0 23.0 5295.0 0.09583789704271631
45 38 40 0.0 0.0 783.0 0.0 11972.0 27.0 6407.0 0.0949603201519365
45 38 41 0.0 0.0 1484.0 0.0 12969.0 32.0 18531.0 0.08505984567713712
45 38 42 0.0 0.0 1197.0 0.0 13128.0 32.0 12034.0 0.0857632933104631
45 38 43 0.0 0.0 1367.0 0.0 12812.0 41.0 18094.0 0.08649450142098108
45 38 44 0.0 0.0 488.0 0.0 9311.0 36.0 1936.0 0.11895658084799046
45 38 45 0.0 0.0 817.0 0.0 12147.0 24.0 6941.0 0.09362669698388282
45 38 46 0.0 0.0 12.0 0.0 442.0 6.0 3.0 0.5718954248366012
45 38 47 0.0 0.0 0.0 0.0 29.0 0.0 0.0 0.6899950714637751
45 38 48 0.0 0.0 0.0 0.0 2.0 0.0 0.0 0.6993006993006992
45 39 33 0.0 0.0 1.0 0.0 175.0 1.0 1.0 0.6436781609195401
45 39 34 0.0 0.0 779.0 0.0 11755.0 28.0 6329.0 0.09638554216867468
45 39 35 0.0 0.0 1208.0 0.0 12599.0 38.0 15825.0 0.08860198721599898
45 39 36 0.0 0.0 894.0 0.0 12405.0 32.0 7117.0 0.09155113784985612
45 39 37 0.0 0.0 1027.0 0.0 12643.0 31.0 10459.0 0.0892800204068618
45 39 38 0.0 0.0 890.0 0.0 12298.0 26.0 8319.0 0.09217196655474356
45 39 39 0.0 0.0 662.0 0.0 10687.0 31.0 2853.0 0.10498687664041995
45 39 40 0.0 0.0 1056.0 0.0 12833.0 47.0 10689.0 0.08820008820008819
45 39 41 0.0 0.0 1219.0 0.0 12886.0 35.0 15303.0 0.08693492300049675
45 39 42 0.0 0.0 1291.0 0.0 13108.0 42.0 14444.0 0.08539709649871903
45 39 43 0.0 0.0 1051.0 0.0 12691.0 38.0 10947.0 0.08897362567524625
45 39 44 0.0 0.0 783.0 0.0 11833.0 31.0 5271.0 0.09587071149763747
45 39 45 0.0 0.0 436.0 0.0 8988.0 23.0 1949.0 0.12271014111666227
45 39 46 0.0 0.0 58.0 0.0 1793.0 6.0 28.0 0.3640145605824232
45 39 47 0.0 0.0 3.0 0.0 113.0 1.0 0.0 0.6619385342789597
45 40 32 0.0 0.0 0.0 0.0 2.0 0.0 0.0 0.6993006993006992
45 40 33 0.0 0.0 102.0 0.0 2252.0 18.0 26.0 0.3228037814157251
45 40 34 0.0 0.0 405.0 0.0 8089.0 29.0 1228.0 0.1336770743817435
45 40 35 0.0 0.0 623.0 0.0 10596.0 29.0 3763.0 0.10602044680045436
45 40 36 0.0 0.0 710.0 0.0 11537.0 34.0 4535.0 0.09834223096375386
45 40 37 0.0 0.0 1133.0 0.0 12633.0 28.0 14314.0 0.08879868070531523
45 40 38 0.0 0.0 723.0 0.0 11597.0 33.0 5997.0 0.09786103732699565
45 40 39 0.0 0.0 826.0 0.0 12088.0 30.0 5939.0 0.09393451422436928
45 40 40 0.0 0.0 1103.0 0.0 12900.0 33.0 10058.0 0.08749999999999998
45 40 41 0.0 0.0 1071.0 0.0 12954.0 34.0 9319.0 0.08738530678484488
45 40 42 0.0 0.0 1649.0 0.0 12880.0 40.0 23508.0 0.0846484067960578
45 40 43 0.0 0.0 858.0 0.0 12261.0 37.0 6343.0 0.09267227113258754
45 40 44 0.0 0.0 809.0 0.0 11923.0 21.0 7329.0 0.09498609132234208
45 40 45 0.0 0.0 1482.0 0.0 12314.0 51.0 21869.0 0.08870303491098015
45 40 46 0.0 0.0 172.0 0.0 3838.0 14.0 120.0 0.23341113704568184
45 40 47 0.0 0.0 0.0 0.0 43.0 0.0 0.0 0.6856023506366307
45 41 32 0.0 0.0 0.0 0.0 1.0 0.0 0.0 0.6996501749125437
45 41 33 0.0 0.0 2.0 0.0 154.0 3.0 0.0 0.6502554575011611
45 41 34 0.0 0.0 207.0 0.0 4285.0 18.0 159.0 0.21624961383997526
45 41 35 0.0 0.0 657.0 0.0 10909.0 31.0 4227.0 0.10333628579864186
45 41 36 0.0 0.0 1097.0 0.0 12744.0 33.0 11829.0 0.0884061631725183
45 41 37 0.0 0.0 719.0 0.0 11393.0 30.0 4935.0 0.09926965893781463
45 41 38 0.0 0.0 785.0 0.0 11855.0 23.0 4733.0 0.09566108643662452
45 41 39 0.0 0.0 1150.0 0.0 12921.0 38.0 12617.0 0.08714596949891067
45 41 40 0.0 0.0 1185.0 0.0 12810.0 32.0 13905.0 0.08754377188594296
45 41 41 0.0 0.0 1171.0 0.0 13036.0 38.0 13683.0 0.0864410965670536
45 41 42 0.0 0.0 1052.0 0.0 12673.0 33.0 10701.0 0.08899624944377343
45 41 43 0.0 0.0 1343.0 0.0 12901.0 44.0 16752.0 0.0862546978005052
45 41 44 0.0 0.0 685.0 0.0 11163.0 27.0 4430.0 0.10109033143187232
45 41 45 0.0 0.0 231.0 0.0 5783.0 16.0 439.0 0.1750218777347168
45 41 46 0.0 0.0 105.0 0.0 2510.0 10.0 59.0 0.3041494677384314
45 41 47 0.0 0.0 0.0 0.0 23.0 0.0 0.0 0.6920415224913494
45 42 33 0.0 0.0 0.0 0.0 11.0 0.0 0.0 0.6961710591745399
45 42 34 0.0 0.0 74.0 0.0 1753.0 15.0 21.0 0.36726128016789084
45 42 35 0.0 0.0 695.0 0.0 11065.0 25.0 4052.0 0.10182558731544111
45 42 36 0.0 0.0 1260.0 0.0 12463.0 42.0 16995.0 0.08905852417302798
45 42 37 0.0 0.0 530.0 0.0 9485.0 26.0 2050.0 0.11665694525456212
45 42 38 0.0 0.0 544.0 0.0 9871.0 20.0 2477.0 0.11284862163469289
45 42 39 0.0 0.0 584.0 0.0 10468.0 28.0 3336.0 0.10739490641301011
45 42 40 0.0 0.0 797.0 0.0 11996.0 24.0 5794.0 0.094684160692547
45 42 41 0.0 0.0 804.0 0.0 11993.0 26.0 6219.0 0.09461377306210718
45 42 42 0.0 0.0 1194.0 0.0 12532.0 36.0 14977.0 0.088984936121528
45 42 43 0.0 0.0 563.0 0.0 10298.0 25.0 3135.0 0.10897485794348874
45 42 44 0.0 0.0 495.0 0.0 9561.0 29.0 2145.0 0.11628872829969265
45 42 45 0.0 0.0 317.0 0.0 6155.0 19.0 454.0 0.16552376448332937
45 42 46 0.0 0.0 13.0 0.0 400.0 4.0 2.0 0.58115400581154
45 42 47 0.0 0.0 0.0 0.0 10.0 0.0 0.0 0.6965174129353233
45 43 33 0.0 0.0 0.0 0.0 20.0 0.0 0.0 0.6930693069306929
45 43 34 0.0 0.0 69.0 0.0 1825.0 7.0 17.0 0.3601749421147414
45 43 35 0.0 0.0 841.0 0.0 11880.0 23.0 7914.0 0.09514747859181731
45 43 36 0.0 0.0 399.0 0.0 8657.0 24.0 1820.0 0.12685755708590066
45 43 37 0.0 0.0 1524.0 0.0 12742.0 46.0 20619.0 0.08605323006945724
45 43 38 0.0 0.0 684.0 0.0 11351.0 23.0 4776.0 0.09980039920159679
45 43 39 0.0 0.0 601.0 0.0 10803.0 28.0 3641.0 0.10454783063251437
45 43 40 0.0 0.0 501.0 0.0 9522.0 31.0 2191.0 0.11664722546242293
45 43 41 0.0 0.0 435.0 0.0 8539.0 26.0 1453.0 0.12766733540032826
45 43 42 0.0 0.0 310.0 0.0 7593.0 21.0 1072.0 0.1415857605177993
45 43 43 0.0 0.0 389.0 0.0 7893.0 27.0 1093.0 0.1364389435727512
45 43 44 0.0 0.0 39.0 0.0 1251.0 8.0 9.0 0.42656916514320525
45 43 45 0.0 0.0 29.0 0.0 816.0 10.0 3.0 0.4938271604938271
45 43 46 0.0 0.0 13.0 0.0 239.0 3.0 0.0 0.622498888394842
45 43 47 0.0 0.0 2.0 0.0 17.0 1.0 0.0 0.6937561942517343
45 44 33 0.0 0.0 0.0 0.0 15.0 0.0 0.0 0.694789081885856
45 44 34 0.0 0.0 386.0 0.0 7780.0 17.0 1056.0 0.13783597518952445
45 44 35 0.0 0.0 201.0 0.0 4167.0 16.0 163.0 0.22033364809568776
45 44 36 0.0 0.0 323.0 0.0 6624.0 19.0 674.0 0.1567398119122257
45 44 37 0.0 0.0 188.0 0.0 4525.0 21.0 227.0 0.2090800477897252
45 44 38 0.0 0.0 505.0 0.0 9757.0 25.0 2517.0 0.11430437622468972
45 44 39 0.0 0.0 171.0 0.0 4478.0 16.0 220.0 0.2110022607385079
45 44 40 0.0 0.0 166.0 0.0 4231.0 23.0 163.0 0.2196078431372549
45 44 41 0.0 0.0 314.0 0.0 6756.0 27.0 778.0 0.15474743008732172
45 44 42 0.0 0.0 149.0 0.0 3634.0 20.0 118.0 0.24288688410825812
45 44 43 0.0 0.0 253.0 0.0 4964.0 20.0 281.0 0.19449847179772156
45 44 44 0.0 0.0 19.0 0.0 598.0 5.0 2.0 0.5359877488514548
45 44 45 0.0 0.0 88.0 0.0 2398.0 27.0 42.0 0.31397174254317106
45 44 46 0.0 0.0 49.0 0.0 808.0 13.0 3.0 0.4922644163150492
45 44 47 0.0 0.0 0.0 0.0 2.0 0.0 0.0 0.6993006993006992
45 45 33 0.0 0.0 0.0 0.0 9.0 0.0 0.0 0.6968641114982577
45 45 34 0.0 0.0 1.0 0.0 25.0 0.0 0.0 0.6910167818361302
45 45 35 0.0 0.0 2.0 0.0 80.0 1.0 0.0 0.6727534839019701
45 45 36 0.0 0.0 28.0 0.0 676.0 4.0 3.0 0.5183265457238059
45 45 37 0.0 0.0 6.0 0.0 343.0 1.0 1.0 0.5965061780997016
45 45 38 0.0 0.0 5.0 0.0 260.0 3.0 0.0 0.6189213085764809
45 45 39 0.0 0.0 3.0 0.0 208.0 1.0 0.0 0.6334841628959276
45 45 40 0.0 0.0 370.0 0.0 7397.0 12.0 904.0 0.14344262295081966
45 45 41 0.0 0.0 14.0 0.0 610.0 5.0 1.0 0.53475935828877
45 45 42 0.0 0.0 1.0 0.0 82.0 0.0 0.0 0.6721075372059528
45 45 43 0.0 0.0 0.0 0.0 8.0 0.0 0.0 0.697211155378486
45 45 44 0.0 0.0 0.0 0.0 4.0 0.0 0.0 0.6986027944111775
45 46 35 0.0 0.0 0.0 0.0 24.0 0.0 0.0 0.6916996047430829
45 46 36 0.0 0.0 0.0 0.0 6.0 0.0 0.0 0.6979062811565303
45 46 37 0.0 0.0 4.0 0.0 189.0 3.0 0.0 0.639269406392694
45 46 38 0.0 0.0 0.0 0.0 11.0 0.0 0.0 0.6961710591745399
45 46 39 0.0 0.0 22.0 0.0 755.0 8.0 3.0 0.5055976886962801
45 46 40 0.0 0.0 0.0 0.0 62.0 1.0 0.0 0.6792819019893255
45 46 41 0.0 0.0 5.0 0.0 69.0 1.0 0.0 0.6753497346840327
45 46 42 0.0 0.0 0.0 0.0 4.0 0.0 0.0 0.6986027944111775
45 47 39 0.0 0.0 0.0 0.0 1.0 0.0 0.0 0.6996501749125437
45 47 40 0.0 0.0 0.0 0.0 1.0 0.0 0.0 0.6996501749125437
45 47 41 0.0 0.0 0.0 0.0 3.0 0.0 0.0 0.6989515726410384
45 48 39 0.0 0.0 0.0 0.0 1.0 0.0 0.0 0.6996501749125437
45 48 40 0.0 0.0 0.0 0.0 2.0 0.0 0.0 0.6993006993006992
45 48 41 0.0 0.0 0.0 0.0 2.0 0.0 0.0 0.6993006993006992
46 33 37 0.0 0.0 0.0 0.0 6.0 0.0 0.0 0.6979062811565303
46 33 38 0.0 0.0 6.0 0.0 166.0 3.0 0.0 0.6454587367450437
46 33 39 0.0 0.0 0.0 0.0 3.0 0.0 0.0 0.6989515726410384
46 33 40 0.0 0.0 0.0 0.0 4.0 0.0 0.0 0.6986027944111775
46 33 41 0.0 0.0 0.0 0.0 5.0 0.0 0.0 0.6982543640897755
46 33 42 0.0 0.0 0.0 0.0 6.0 0.0 0.0 0.6979062811565303
46 33 43 0.0 0.0 0.0 0.0 2.0 0.0 0.0 0.6993006993006992
46 33 44 0.0 0.0 0.0 0.0 1.0 0.0 0.0 0.6996501749125437
46 33 45 0.0 0.0 0.0 0.0 1.0 0.0 0.0 0.6996501749125437
46 34 37 0.0 0.0 0.0 0.0 3.0 0.0 0.0 0.6989515726410384
46 34 38 0.0 0.0 3.0 0.0 53.0 0.0 0.0 0.6809338521400777
46 34 39 0.0 0.0 0.0 0.0 27.0 0.0 0.0 0.6906758756783422
46 34 40 0.0 0.0 2.0 0.0 64.0 0.0 0.0 0.6782945736434108
46 34 41 0.0 0.0 87.0 0.0 1890.0 11.0 30.0 0.35300050428643465
46 34 42 0.0 0.0 150.0 0.0 3534.0 11.0 99.0 0.24669603524229072
46 34 43 0.0 0.0 26.0 0.0 628.0 3.0 2.0 0.5279034690799397
46 34 44 0.0 0.0 3.0 0.0 99.0 0.0 1.0 0.6660323501427211
46 35 36 0.0 0.0 0.0 0.0 1.0 0.0 0.0 0.6996501749125437
46 35 37 0.0 0.0 1.0 0.0 15.0 0.0 0.0 0.6944444444444444
46 35 38 0.0 0.0 17.0 0.0 357.0 6.0 0.0 0.5912162162162161
46 35 39 0.0 0.0 215.0 0.0 4287.0 17.0 169.0 0.21584952204748686
46 35 40 0.0 0.0 430.0 0.0 7945.0 30.0 1113.0 0.13522650439486136
46 35 41 0.0 0.0 137.0 0.0 2855.0 13.0 56.0 0.28123744475693047
46 35 42 0.0 0.0 455.0 0.0 9013.0 22.0 1995.0 0.12221737232649497
46 35 43 0.0 0.0 69.0 0.0 1999.0 16.0 32.0 0.34559368057269807
46 35 44 0.0 0.0 24.0 0.0 914.0 9.0 7.0 0.4779788323659951
46 35 45 0.0 0.0 29.0 0.0 659.0 2.0 1.0 0.5212211466865226
46 36 34 0.0 0.0 0.0 0.0 1.0 0.0 0.0 0.6996501749125437
46 36 35 0.0 0.0 0.0 0.0 13.0 0.0 0.0 0.695479384003974
46 36 36 0.0 0.0 0.0 0.0 30.0 0.0 0.0 0.689655172413793
46 36 37 0.0 0.0 0.0 0.0 67.0 0.0 0.0 0.6779661016949151
46 36 38 0.0 0.0 165.0 0.0 4624.0 21.0 264.0 0.20676414119037068
46 36 39 0.0 0.0 73.0 0.0 2207.0 14.0 31.0 0.3281762775433661
46 36 40 0.0 0.0 655.0 0.0 10728.0 21.0 3906.0 0.10467289719626167
46 36 41 0.0 0.0 307.0 0.0 6719.0 24.0 620.0 0.15550372098189488
46 36 42 0.0 0.0 327.0 0.0 7131.0 23.0 956.0 0.1483365119728756
46 36 43 0.0 0.0 207.0 0.0 5097.0 11.0 332.0 0.19193857965451053
46 36 44 0.0 0.0 206.0 0.0 4335.0 22.0 176.0 0.21469099831314212
46 36 45 0.0 0.0 25.0 0.0 572.0 8.0 1.0 0.5407493240633449
46 36 46 0.0 0.0 0.0 0.0 23.0 0.0 0.0 0.6920415224913494
46 36 47 0.0 0.0 0.0 0.0 1.0 0.0 0.0 0.6996501749125437
46 37 33 0.0 0.0 29.0 0.0 652.0 8.0 2.0 0.5237560793116348
46 37 34 0.0 0.0 0.0 0.0 22.0 0.0 0.0 0.6923837784371908
46 37 35 0.0 0.0 0.0 0.0 64.0 1.0 0.0 0.6786233640329616
46 37 36 0.0 0.0 16.0 0.0 467.0 5.0 0.0 0.5649717514124293
46 37 37 0.0 0.0 8.0 0.0 383.0 5.0 1.0 0.5867560771165129
46 37 38 0.0 0.0 196.0 0.0 4921.0 21.0 257.0 0.19726645061293502
46 37 39 0.0 0.0 567.0 0.0 10398.0 26.0 3191.0 0.10808306955917546
46 37 40 0.0 0.0 395.0 0.0 7965.0 25.0 1174.0 0.13539651837524175
46 37 41 0.0 0.0 467.0 0.0 9027.0 26.0 1578.0 0.12196184336614685
46 37 42 0.0 0.0 543.0 0.0 9776.0 28.0 2324.0 0.11376564277588168
46 37 43 0.0 0.0 523.0 0.0 9119.0 23.0 1721.0 0.12038868346375439
46 37 44 0.0 0.0 195.0 0.0 4815.0 23.0 313.0 0.20034344590726955
46 37 45 0.0 0.0 52.0 0.0 1352.0 12.0 13.0 0.41273584905660365
46 37 46 0.0 0.0 64.0 0.0 1557.0 12.0 17.0 0.3879190911609864
46 38 32 0.0 0.0 0.0 0.0 1.0 0.0 0.0 0.6996501749125437
46 38 33 0.0 0.0 63.0 0.0 1617.0 12.0 20.0 0.38167938931297707
46 38 34 0.0 0.0 235.0 0.0 5395.0 12.0 379.0 0.18367882445552347
46 38 35 0.0 0.0 360.0 0.0 6667.0 23.0 634.0 0.15540015540015537
46 38 36 0.0 0.0 177.0 0.0 3841.0 16.0 130.0 0.2331778814123917
46 38 37 0.0 0.0 346.0 0.0 6882.0 21.0 680.0 0.1519756838905775
46 38 38 0.0 0.0 459.0 0.0 9456.0 21.0 2358.0 0.11760752688172041
46 38 39 0.0 0.0 500.0 0.0 9233.0 25.0 1943.0 0.11942335579629786
46 38 40 0.0 0.0 260.0 0.0 6315.0 25.0 649.0 0.1637043966323667
46 38 41 0.0 0.0 650.0 0.0 10983.0 31.0 4467.0 0.10283531658586749
46 38 42 0.0 0.0 515.0 0.0 9241.0 26.0 1774.0 0.11920980926430515
46 38 43 0.0 0.0 376.0 0.0 7627.0 23.0 1004.0 0.14016820184221063
46 38 44 0.0 0.0 325.0 0.0 6954.0 17.0 770.0 0.15100852119512456
46 38 45 0.0 0.0 278.0 0.0 5989.0 21.0 431.0 0.16973811833171676
46 38 46 0.0 0.0 27.0 0.0 770.0 7.0 5.0 0.5016123253314223
46 38 47 0.0 0.0 0.0 0.0 22.0 0.0 0.0 0.6923837784371908
46 39 33 0.0 0.0 14.0 0.0 515.0 4.0 1.0 0.5544554455445544
46 39 34 0.0 0.0 98.0 0.0 2330.0 13.0 35.0 0.31717263253285
46 39 35 0.0 0.0 420.0 0.0 8195.0 30.0 1194.0 0.13222516055912353
46 39 36 0.0 0.0 397.0 0.0 7945.0 23.0 1153.0 0.13556696039508084
46 39 37 0.0 0.0 303.0 0.0 6466.0 35.0 665.0 0.1601647408763299
46 39 38 0.0 0.0 128.0 0.0 3672.0 14.0 130.0 0.2420051858254105
46 39 39 0.0 0.0 211.0 0.0 4737.0 19.0 255.0 0.2019619157530294
46 39 40 0.0 0.0 135.0 0.0 3559.0 11.0 105.0 0.2463921154523055
46 39 41 0.0 0.0 659.0 0.0 11090.0 19.0 4092.0 0.10187745597438508
46 39 42 0.0 0.0 468.0 0.0 9313.0 22.0 2024.0 0.11890606420927466
46 39 43 0.0 0.0 685.0 0.0 11313.0 22.0 5078.0 0.10007147962830593
46 39 44 0.0 0.0 735.0 0.0 11764.0 36.0 6055.0 0.09669176048069618
46 39 45 0.0 0.0 399.0 0.0 8061.0 21.0 1146.0 0.1340225923798583
46 39 46 0.0 0.0 375.0 0.0 8057.0 21.0 1232.0 0.13439569933762116
46 39 47 0.0 0.0 0.0 0.0 24.0 0.0 0.0 0.6916996047430829
46 40 32 0.0 0.0 0.0 0.0 1.0 0.0 0.0 0.6996501749125437
46 40 33 0.0 0.0 24.0 0.0 675.0 8.0 3.0 0.5202526941657376
46 40 34 0.0 0.0 569.0 0.0 10074.0 24.0 2908.0 0.11087352498614081
46 40 35 0.0 0.0 158.0 0.0 3704.0 23.0 143.0 0.23968498544769726
46 40 36 0.0 0.0 195.0 0.0 4418.0 14.0 224.0 0.2121533565691771
46 40 37 0.0 0.0 234.0 0.0 5541.0 20.0 438.0 0.18043562314731276
46 40 38 0.0 0.0 520.0 0.0 9768.0 31.0 2579.0 0.11407153915098181
46 40 39 0.0 0.0 453.0 0.0 9144.0 29.0 1996.0 0.12096077414895454
46 40 40 0.0 0.0 270.0 0.0 5837.0 27.0 387.0 0.17313875834776155
46 40 41 0.0 0.0 556.0 0.0 9766.0 28.0 2427.0 0.11380263371809461
46 40 42 0.0 0.0 286.0 0.0 6540.0 19.0 555.0 0.1589283687138154
46 40 43 0.0 0.0 657.0 0.0 10885.0 30.0 3668.0 0.10345082391191901
46 40 44 0.0 0.0 327.0 0.0 7040.0 19.0 836.0 0.14966859097712207
46 40 45 0.0 0.0 623.0 0.0 10634.0 30.0 3547.0 0.10578012844729882
46 40 46 0.0 0.0 410.0 0.0 8163.0 26.0 1273.0 0.1326259946949602
46 40 47 0.0 0.0 48.0 0.0 817.0 7.0 2.0 0.48985304408677394
46 41 33 0.0 0.0 0.0 0.0 33.0 0.0 0.0 0.6886374815543531
46 41 34 0.0 0.0 16.0 0.0 265.0 4.0 1.0 0.6148440931049626
46 41 35 0.0 0.0 153.0 0.0 4127.0 23.0 186.0 0.22382094324540364
46 41 36 0.0 0.0 627.0 0.0 11076.0 22.0 4765.0 0.10221216324742644
46 41 37 0.0 0.0 498.0 0.0 9356.0 25.0 2054.0 0.11827321111768184
46 41 38 0.0 0.0 148.0 0.0 3592.0 19.0 108.0 0.24462694391053638
46 41 39 0.0 0.0 287.0 0.0 5390.0 27.0 282.0 0.18298261665141807
46 41 40 0.0 0.0 382.0 0.0 7976.0 24.0 1081.0 0.13535724644687228
46 41 41 0.0 0.0 709.0 0.0 11488.0 26.0 5897.0 0.0986123828977953
46 41 42 0.0 0.0 347.0 0.0 7308.0 27.0 977.0 0.1453941219233565
46 41 43 0.0 0.0 454.0 0.0 8900.0 15.0 1852.0 0.12336975678533661
46 41 44 0.0 0.0 735.0 0.0 11571.0 24.0 5214.0 0.09788156330839684
46 41 45 0.0 0.0 256.0 0.0 5978.0 22.0 551.0 0.1703992210321324
46 41 46 0.0 0.0 298.0 0.0 5816.0 22.0 419.0 0.17292490118577072
46 41 47 0.0 0.0 14.0 0.0 429.0 5.0 1.0 0.5742411812961443
46 42 33 0.0 0.0 0.0 0.0 2.0 0.0 0.0 0.6993006993006992
46 42 34 0.0 0.0 82.0 0.0 1855.0 9.0 20.0 0.3564154786150712
46 42 35 0.0 0.0 327.0 0.0 6855.0 14.0 704.0 0.15262182492096368
46 42 36 0.0 0.0 414.0 0.0 8876.0 21.0 1865.0 0.12415750266051788
46 42 37 0.0 0.0 212.0 0.0 4938.0 23.0 281.0 0.1964360881156166
46 42 38 0.0 0.0 591.0 0.0 10657.0 19.0 3671.0 0.10570026425066062
46 42 39 0.0 0.0 582.0 0.0 9940.0 27.0 2357.0 0.11194626579241963
46 42 40 0.0 0.0 207.0 0.0 5185.0 12.0 398.0 0.18967619563744748
46 42 41 0.0 0.0 428.0 0.0 8255.0 23.0 1265.0 0.13125820363772733
46 42 42 0.0 0.0 538.0 0.0 9566.0 23.0 2061.0 0.11579818031430933
46 42 43 0.0 0.0 420.0 0.0 8775.0 28.0 1688.0 0.12527964205816552
46 42 44 0.0 0.0 125.0 0.0 3332.0 8.0 101.0 0.25692787667461914
46 42 45 0.0 0.0 51.0 0.0 1526.0 8.0 24.0 0.3922667413841412
46 42 46 0.0 0.0 3.0 0.0 67.0 1.0 0.0 0.6766553890768486
46 42 47 0.0 0.0 1.0 0.0 10.0 0.0 0.0 0.6961710591745399
46 43 33 0.0 0.0 0.0 0.0 18.0 0.0 0.0 0.6937561942517343
46 43 34 0.0 0.0 239.0 0.0 5790.0 16.0 469.0 0.17458535977054493
46 43 35 0.0 0.0 392.0 0.0 8140.0 22.0 1248.0 0.13311780926119612
46 43 36 0.0 0.0 388.0 0.0 7986.0 22.0 1244.0 0.1350960146675673
46 43 37 0.0 0.0 377.0 0.0 8318.0 17.0 1617.0 0.1309757694826457
46 43 38 0.0 0.0 65.0 0.0 2012.0 7.0 45.0 0.34398034398034394
46 43 39 0.0 0.0 59.0 0.0 1648.0 9.0 17.0 0.3784806704514733
46 43 40 0.0 0.0 174.0 0.0 4435.0 14.0 214.0 0.21228203184230476
46 43 41 0.0 0.0 212.0 0.0 4576.0 17.0 204.0 0.20658108307510697
46 43 42 0.0 0.0 318.0 0.0 6690.0 26.0 672.0 0.15578057193724265
46 43 43 0.0 0.0 115.0 0.0 2988.0 10.0 62.0 0.27488709994109556
46 43 44 0.0 0.0 99.0 0.0 2161.0 16.0 35.0 0.32979976442873965
46 43 45 0.0 0.0 1.0 0.0 27.0 0.0 0.0 0.690335305719921
46 43 46 0.0 0.0 28.0 0.0 541.0 5.0 0.0 0.5460218408736348
46 44 33 0.0 0.0 0.0 0.0 19.0 0.0 0.0 0.6934125804853887
46 44 34 0.0 0.0 179.0 0.0 4123.0 20.0 156.0 0.2227880330999363
46 44 35 0.0 0.0 5.0 0.0 187.0 2.0 0.0 0.639561443581544
46 44 36 0.0 0.0 85.0 0.0 2403.0 21.0 41.0 0.3134796238244514
46 44 37 0.0 0.0 296.0 0.0 5955.0 17.0 448.0 0.16996479300716277
46 44 38 0.0 0.0 164.0 0.0 3331.0 19.0 78.0 0.2556610664718772
46 44 39 0.0 0.0 2.0 0.0 143.0 0.0 0.0 0.6526806526806526
46 44 40 0.0 0.0 22.0 0.0 434.0 6.0 1.0 0.5714285714285713
46 44 41 0.0 0.0 8.0 0.0 312.0 3.0 0.0 0.6044905008635577
46 44 42 0.0 0.0 25.0 0.0 674.0 4.0 1.0 0.5194805194805194
46 44 43 0.0 0.0 1.0 0.0 51.0 0.0 0.0 0.6822612085769979
46 44 44 0.0 0.0 1.0 0.0 19.0 1.0 0.0 0.6934125804853887
46 44 45 0.0 0.0 0.0 0.0 3.0 0.0 0.0 0.6989515726410384
46 44 46 0.0 0.0 0.0 0.0 1.0 0.0 0.0 0.6996501749125437
46 45 33 0.0 0.0 0.0 0.0 8.0 0.0 0.0 0.697211155378486
46 45 34 0.0 0.0 0.0 0.0 17.0 0.0 0.0 0.694100148735746
46 45 35 0.0 0.0 0.0 0.0 19.0 0.0 0.0 0.6934125804853887
46 45 36 0.0 0.0 1.0 0.0 22.0 0.0 0.0 0.6920415224913494
46 45 37 0.0 0.0 0.0 0.0 29.0 0.0 0.0 0.6899950714637751
46 45 38 0.0 0.0 0.0 0.0 25.0 0.0 0.0 0.6913580246913579
46 45 39 0.0 0.0 0.0 0.0 43.0 0.0 0.0 0.6856023506366307
46 45 40 0.0 0.0 0.0 0.0 24.0 0.0 0.0 0.6920415224913494
46 45 41 0.0 0.0 1.0 0.0 28.0 0.0 0.0 0.690335305719921
46 45 42 0.0 0.0 0.0 0.0 8.0 0.0 0.0 0.6975585450921773
46 45 43 0.0 0.0 0.0 0.0 4.0 0.0 0.0 0.6986027944111775
46 45 44 0.0 0.0 1.0 0.0 6.0 1.0 0.0 0.6979062811565303
46 45 45 0.0 0.0 0.0 0.0 1.0 0.0 0.0 0.6996501749125437
46 45 46 0.0 0.0 0.0 0.0 2.0 0.0 0.0 0.6993006993006992
46 46 39 0.0 0.0 0.0 0.0 4.0 0.0 0.0 0.6986027944111775
46 46 40 0.0 0.0 1.0 0.0 15.0 0.0 0.0 0.694789081885856
46 46 41 0.0 0.0 0.0 0.0 4.0 0.0 0.0 0.6986027944111775
47 33 40 0.0 0.0 0.0 0.0 1.0 0.0 0.0 0.6996501749125437
47 33 41 0.0 0.0 0.0 0.0 4.0 0.0 0.0 0.6986027944111775
47 33 43 0.0 0.0 0.0 0.0 1.0 0.0 0.0 0.6996501749125437
47 34 37 0.0 0.0 0.0 0.0 1.0 0.0 0.0 0.6996501749125437
47 34 39 0.0 0.0 0.0 0.0 7.0 0.0 0.0 0.6975585450921773
47 34 40 0.0 0.0 0.0 0.0 9.0 0.0 0.0 0.6968641114982577
47 34 41 0.0 0.0 1.0 0.0 45.0 1.0 0.0 0.6845965770171147
47 34 42 0.0 0.0 0.0 0.0 19.0 0.0 0.0 0.6934125804853887
47 34 43 0.0 0.0 0.0 0.0 17.0 0.0 0.0 0.694100148735746
47 35 37 0.0 0.0 8.0 0.0 276.0 4.0 0.0 0.6140350877192982
47 35 38 0.0 0.0 0.0 0.0 10.0 0.0 0.0 0.6965174129353233
47 35 39 0.0 0.0 3.0 0.0 82.0 2.0 1.0 0.6724303554274734
47 35 40 0.0 0.0 39.0 0.0 1002.0 8.0 6.0 0.46158918562479384
47 35 41 0.0 0.0 102.0 0.0 2096.0 21.0 32.0 0.33516878142207324
47 35 42 0.0 0.0 22.0 0.0 483.0 5.0 1.0 0.5599999999999999
47 35 43 0.0 0.0 5.0 0.0 152.0 3.0 0.0 0.649953574744661
47 35 44 0.0 0.0 2.0 0.0 71.0 0.0 0.0 0.6753497346840327
47 35 45 0.0 0.0 0.0 0.0 3.0 0.0 0.0 0.6989515726410384
47 36 37 0.0 0.0 2.0 0.0 56.0 2.0 0.0 0.6809338521400777
47 36 38 0.0 0.0 149.0 0.0 3570.0 12.0 105.0 0.24531277378657787
47 36 39 0.0 0.0 141.0 0.0 2816.0 15.0 45.0 0.2831715210355987
47 36 40 0.0 0.0 178.0 0.0 3572.0 20.0 103.0 0.2442428471737613
47 36 41 0.0 0.0 119.0 0.0 2524.0 18.0 45.0 0.3027681660899653
47 36 42 0.0 0.0 0.0 0.0 116.0 1.0 0.0 0.6619385342789597
47 36 43 0.0 0.0 15.0 0.0 521.0 6.0 2.0 0.5533596837944663
47 36 44 0.0 0.0 0.0 0.0 19.0 0.0 0.0 0.6934125804853887
47 36 45 0.0 0.0 0.0 0.0 8.0 0.0 0.0 0.697211155378486
47 36 46 0.0 0.0 0.0 0.0 2.0 0.0 0.0 0.6993006993006992
47 37 33 0.0 0.0 2.0 0.0 19.0 0.0 0.0 0.6927263730826323
47 37 34 0.0 0.0 44.0 0.0 1080.0 12.0 2.0 0.4498714652956297
47 37 35 0.0 0.0 13.0 0.0 153.0 3.0 0.0 0.6472491909385112
47 37 36 0.0 0.0 0.0 0.0 8.0 0.0 0.0 0.697211155378486
47 37 37 0.0 0.0 0.0 0.0 40.0 0.0 0.0 0.6862745098039215
47 37 38 0.0 0.0 84.0 0.0 1679.0 13.0 8.0 0.3733333333333333
47 37 39 0.0 0.0 36.0 0.0 901.0 7.0 3.0 0.477652678266803
47 37 40 0.0 0.0 187.0 0.0 4219.0 14.0 161.0 0.21888680425265786
47 37 41 0.0 0.0 60.0 0.0 1506.0 11.0 12.0 0.3940332113706726
47 37 42 0.0 0.0 25.0 0.0 697.0 6.0 2.0 0.5154639175257731
47 37 43 0.0 0.0 16.0 0.0 360.0 4.0 0.0 0.5902192242833051
47 37 44 0.0 0.0 2.0 0.0 80.0 0.0 0.0 0.6724303554274734
47 37 45 0.0 0.0 6.0 0.0 331.0 1.0 2.0 0.5993150684931505
47 37 46 0.0 0.0 0.0 0.0 2.0 0.0 0.0 0.6993006993006992
47 38 33 0.0 0.0 0.0 0.0 4.0 0.0 0.0 0.6986027944111775
47 38 34 0.0 0.0 0.0 0.0 19.0 0.0 0.0 0.6934125804853887
47 38 35 0.0 0.0 19.0 0.0 551.0 4.0 1.0 0.5455962587685113
47 38 36 0.0 0.0 62.0 0.0 1150.0 13.0 5.0 0.43763676148796493
47 38 37 0.0 0.0 34.0 0.0 841.0 9.0 3.0 0.4884856943475226
47 38 38 0.0 0.0 78.0 0.0 1912.0 15.0 22.0 0.352112676056338
47 38 39 0.0 0.0 21.0 0.0 492.0 7.0 2.0 0.5586592178770949
47 38 40 0.0 0.0 4.0 0.0 163.0 1.0 0.0 0.6466512702078521
47 38 41 0.0 0.0 80.0 0.0 1586.0 17.0 16.0 0.3836667580158947
47 38 42 0.0 0.0 100.0 0.0 2155.0 13.0 22.0 0.3301108229191228
47 38 43 0.0 0.0 51.0 0.0 1137.0 4.0 6.0 0.4395604395604395
47 38 44 0.0 0.0 175.0 0.0 3573.0 13.0 95.0 0.24402998082621571
47 38 45 0.0 0.0 8.0 0.0 170.0 0.0 0.0 0.6427915518824608
47 38 46 0.0 0.0 0.0 0.0 17.0 1.0 0.0 0.6944444444444444
47 38 47 0.0 0.0 0.0 0.0 5.0 0.0 0.0 0.6982543640897755
47 39 33 0.0 0.0 0.0 0.0 26.0 0.0 0.0 0.6910167818361302
47 39 34 0.0 0.0 0.0 0.0 51.0 0.0 0.0 0.68259385665529
47 39 35 0.0 0.0 47.0 0.0 1176.0 8.0 16.0 0.43545878693623635
47 39 36 0.0 0.0 3.0 0.0 151.0 2.0 0.0 0.6505576208178437
47 39 37 0.0 0.0 17.0 0.0 293.0 3.0 0.0 0.6068487212830515
47 39 38 0.0 0.0 167.0 0.0 3633.0 21.0 141.0 0.2421726344923023
47 39 39 0.0 0.0 44.0 0.0 1200.0 7.0 4.0 0.4324992276799505
47 39 40 0.0 0.0 12.0 0.0 367.0 3.0 1.0 0.5892255892255891
47 39 41 0.0 0.0 113.0 0.0 2490.0 14.0 39.0 0.3049444565454149
47 39 42 0.0 0.0 44.0 0.0 902.0 11.0 0.0 0.47700170357751276
47 39 43 0.0 0.0 55.0 0.0 1278.0 14.0 7.0 0.4218137993371497
47 39 44 0.0 0.0 83.0 0.0 1680.0 15.0 18.0 0.3734329154441184
47 39 45 0.0 0.0 136.0 0.0 3439.0 11.0 114.0 0.25166277188567315
47 39 46 0.0 0.0 23.0 0.0 805.0 5.0 2.0 0.49592631951824295
47 39 47 0.0 0.0 0.0 0.0 24.0 1.0 0.0 0.6920415224913494
47 40 33 0.0 0.0 47.0 0.0 737.0 9.0 0.0 0.5045045045045045
47 40 34 0.0 0.0 3.0 0.0 53.0 1.0 0.0 0.6812652068126519
47 40 35 0.0 0.0 41.0 0.0 829.0 9.0 4.0 0.4893393918210415
47 40 36 0.0 0.0 97.0 0.0 2317.0 7.0 30.0 0.31767642387111406
47 40 37 0.0 0.0 16.0 0.0 477.0 3.0 1.0 0.5622489959839357
47 40 38 0.0 0.0 15.0 0.0 334.0 2.0 1.0 0.5965061780997016
47 40 39 0.0 0.0 47.0 0.0 1084.0 6.0 8.0 0.44785668586052463
47 40 40 0.0 0.0 433.0 0.0 8534.0 27.0 1414.0 0.12786555849849301
47 40 41 0.0 0.0 17.0 0.0 370.0 5.0 0.0 0.5877413937867337
47 40 42 0.0 0.0 66.0 0.0 1842.0 9.0 24.0 0.3588823378620866
47 40 43 0.0 0.0 121.0 0.0 2465.0 10.0 40.0 0.3060109289617486
47 40 44 0.0 0.0 204.0 0.0 4844.0 13.0 265.0 0.19889188805228014
47 40 45 0.0 0.0 98.0 0.0 2628.0 11.0 55.0 0.2969876962240135
47 40 46 0.0 0.0 6.0 0.0 171.0 3.0 0.0 0.6439742410303587
47 40 47 0.0 0.0 17.0 0.0 232.0 2.0 0.0 0.6230529595015576
47 41 33 0.0 0.0 0.0 0.0 16.0 0.0 0.0 0.6944444444444444
47 41 34 0.0 0.0 5.0 0.0 81.0 1.0 0.0 0.6721075372059528
47 41 35 0.0 0.0 234.0 0.0 4867.0 15.0 243.0 0.1975169300225733
47 41 36 0.0 0.0 9.0 0.0 352.0 4.0 1.0 0.593975392448027
47 41 37 0.0 0.0 0.0 0.0 201.0 0.0 0.0 0.6360745115856428
47 41 38 0.0 0.0 41.0 0.0 953.0 7.0 6.0 0.4686976899899564
47 41 39 0.0 0.0 1.0 0.0 122.0 2.0 0.0 0.66006600660066
47 41 40 0.0 0.0 26.0 0.0 812.0 7.0 5.0 0.49469964664310945
47 41 41 0.0 0.0 210.0 0.0 4963.0 17.0 297.0 0.19553072625698323
47 41 42 0.0 0.0 30.0 0.0 772.0 6.0 3.0 0.5008944543828264
47 41 43 0.0 0.0 9.0 0.0 221.0 3.0 0.0 0.6286484059272563
47 41 44 0.0 0.0 88.0 0.0 2106.0 16.0 35.0 0.3349282296650717
47 41 45 0.0 0.0 14.0 0.0 345.0 6.0 3.0 0.5949851253718657
47 41 46 0.0 0.0 18.0 0.0 519.0 6.0 4.0 0.5531410509679968
47 41 47 0.0 0.0 1.0 0.0 28.0 1.0 0.0 0.690335305719921
47 42 33 0.0 0.0 0.0 0.0 4.0 0.0 0.0 0.6986027944111775
47 42 34 0.0 0.0 0.0 0.0 25.0 1.0 0.0 0.6916996047430829
47 42 35 0.0 0.0 0.0 0.0 124.0 2.0 0.0 0.6597549481621111
47 42 36 0.0 0.0 37.0 0.0 907.0 7.0 5.0 0.4766768811712631
47 42 37 0.0 0.0 26.0 0.0 778.0 6.0 4.0 0.5005362888809438
47 42 38 0.0 0.0 79.0 0.0 1836.0 15.0 18.0 0.3589743589743589
47 42 39 0.0 0.0 22.0 0.0 616.0 5.0 0.0 0.5317128750474742
47 42 40 0.0 0.0 155.0 0.0 3226.0 17.0 68.0 0.2609992542878449
47 42 41 0.0 0.0 15.0 0.0 421.0 3.0 1.0 0.5754212905877516
47 42 42 0.0 0.0 10.0 0.0 302.0 1.0 0.0 0.6057983556901773
47 42 43 0.0 0.0 77.0 0.0 1647.0 15.0 13.0 0.3773584905660377
47 42 44 0.0 0.0 30.0 0.0 784.0 8.0 2.0 0.499108734402852
47 42 45 0.0 0.0 0.0 0.0 50.0 1.0 0.0 0.6832601268911663
47 42 46 0.0 0.0 0.0 0.0 10.0 0.0 0.0 0.6965174129353233
47 42 47 0.0 0.0 0.0 0.0 7.0 0.0 0.0 0.6975585450921773
47 43 33 0.0 0.0 4.0 0.0 114.0 3.0 0.0 0.6619385342789597
47 43 34 0.0 0.0 0.0 0.0 23.0 0.0 0.0 0.6920415224913494
47 43 35 0.0 0.0 0.0 0.0 30.0 0.0 0.0 0.689655172413793
47 43 36 0.0 0.0 5.0 0.0 111.0 2.0 0.0 0.662251655629139
47 43 37 0.0 0.0 26.0 0.0 522.0 8.0 2.0 0.5511811023622046
47 43 38 0.0 0.0 127.0 0.0 2558.0 16.0 40.0 0.2998500749625187
47 43 39 0.0 0.0 1.0 0.0 47.0 0.0 0.0 0.6835937499999999
47 43 40 0.0 0.0 8.0 0.0 223.0 4.0 2.0 0.6286484059272563
47 43 41 0.0 0.0 3.0 0.0 80.0 1.0 0.0 0.6727534839019701
47 43 42 0.0 0.0 2.0 0.0 151.0 0.0 1.0 0.6505576208178437
47 43 43 0.0 0.0 10.0 0.0 241.0 4.0 0.0 0.6230529595015576
47 43 44 0.0 0.0 0.0 0.0 5.0 0.0 0.0 0.6982543640897755
47 43 45 0.0 0.0 1.0 0.0 1.0 0.0 0.0 0.6993006993006992
47 44 33 0.0 0.0 5.0 0.0 81.0 0.0 0.0 0.6711409395973154
47 44 34 0.0 0.0 0.0 0.0 19.0 0.0 0.0 0.6937561942517343
47 44 35 0.0 0.0 0.0 0.0 41.0 1.0 0.0 0.6862745098039215
47 44 36 0.0 0.0 6.0 0.0 176.0 4.0 0.0 0.6427915518824608
47 44 37 0.0 0.0 16.0 0.0 477.0 4.0 1.0 0.5624748895138609
47 44 38 0.0 0.0 0.0 0.0 15.0 0.0 0.0 0.694789081885856
47 44 39 0.0 0.0 0.0 0.0 2.0 0.0 0.0 0.6993006993006992
47 44 40 0.0 0.0 0.0 0.0 4.0 0.0 0.0 0.6986027944111775
47 44 41 0.0 0.0 0.0 0.0 11.0 0.0 0.0 0.6961710591745399
47 44 42 0.0 0.0 1.0 0.0 6.0 0.0 0.0 0.6975585450921773
47 44 43 0.0 0.0 0.0 0.0 5.0 0.0 0.0 0.6982543640897755
47 44 44 0.0 0.0 0.0 0.0 1.0 0.0 0.0 0.6996501749125437
47 45 33 0.0 0.0 0.0 0.0 8.0 0.0 0.0 0.697211155378486
47 45 34 0.0 0.0 0.0 0.0 4.0 0.0 0.0 0.6986027944111775
47 45 35 0.0 0.0 0.0 0.0 2.0 0.0 0.0 0.6993006993006992
47 45 36 0.0 0.0 1.0 0.0 16.0 0.0 0.0 0.694100148735746
47 45 37 0.0 0.0 0.0 0.0 5.0 0.0 0.0 0.6982543640897755
47 45 38 0.0 0.0 0.0 0.0 2.0 0.0 0.0 0.6993006993006992
47 45 39 0.0 0.0 0.0 0.0 1.0 0.0 0.0 0.6996501749125437
48 35 38 0.0 0.0 16.0 0.0 232.0 4.0 0.0 0.623885918003565
48 35 39 0.0 0.0 0.0 0.0 2.0 0.0 0.0 0.6993006993006992
48 35 40 0.0 0.0 2.0 0.0 35.0 1.0 0.0 0.6876227897838899
48 35 41 0.0 0.0 0.0 0.0 3.0 0.0 0.0 0.6989515726410384
48 36 38 0.0 0.0 0.0 0.0 2.0 1.0 0.0 0.6996501749125437
48 36 39 0.0 0.0 0.0 0.0 3.0 0.0 0.0 0.6989515726410384
48 36 40 0.0 0.0 6.0 0.0 112.0 1.0 0.0 0.6613131790269249
48 36 41 0.0 0.0 0.0 0.0 5.0 0.0 0.0 0.6982543640897755
48 36 42 0.0 0.0 0.0 0.0 1.0 0.0 0.0 0.6996501749125437
48 37 35 0.0 0.0 0.0 0.0 1.0 0.0 0.0 0.6996501749125437
48 37 38 0.0 0.0 0.0 0.0 2.0 0.0 0.0 0.6993006993006992
48 37 39 0.0 0.0 0.0 0.0 11.0 0.0 0.0 0.6961710591745399
48 37 40 0.0 0.0 0.0 0.0 6.0 0.0 0.0 0.6979062811565303
48 37 41 0.0 0.0 0.0 0.0 1.0 0.0 0.0 0.6996501749125437
48 37 43 0.0 0.0 0.0 0.0 2.0 0.0 0.0 0.6993006993006992
48 37 44 0.0 0.0 0.0 0.0 2.0 0.0 0.0 0.6993006993006992
48 37 45 0.0 0.0 1.0 0.0 6.0 0.0 0.0 0.6975585450921773
48 38 34 0.0 0.0 0.0 0.0 1.0 0.0 0.0 0.6996501749125437
48 38 37 0.0 0.0 0.0 0.0 3.0 0.0 0.0 0.6989515726410384
48 38 38 0.0 0.0 1.0 0.0 21.0 0.0 0.0 0.6923837784371908
48 38 39 0.0 0.0 2.0 0.0 37.0 1.0 0.0 0.6869479882237487
48 38 40 0.0 0.0 0.0 0.0 4.0 0.0 0.0 0.6986027944111775
48 38 41 0.0 0.0 0.0 0.0 2.0 0.0 0.0 0.6993006993006992
48 38 42 0.0 0.0 0.0 0.0 2.0 0.0 0.0 0.6996501749125437
48 38 43 0.0 0.0 1.0 0.0 5.0 0.0 0.0 0.6979062811565303
48 38 44 0.0 0.0 0.0 0.0 7.0 0.0 0.0 0.6979062811565303
48 38 45 0.0 0.0 0.0 0.0 1.0 0.0 0.0 0.6996501749125437
48 39 35 0.0 0.0 0.0 0.0 2.0 0.0 0.0 0.6993006993006992
48 39 36 0.0 0.0 1.0 0.0 1.0 0.0 0.0 0.6993006993006992
48 39 37 0.0 0.0 0.0 0.0 1.0 0.0 0.0 0.6996501749125437
48 39 38 0.0 0.0 0.0 0.0 2.0 0.0 0.0 0.6993006993006992
48 39 39 0.0 0.0 0.0 0.0 13.0 0.0 0.0 0.695479384003974
48 39 40 0.0 0.0 0.0 0.0 21.0 0.0 0.0 0.6927263730826323
48 39 41 0.0 0.0 1.0 0.0 14.0 1.0 0.0 0.6951340615690167
48 39 42 0.0 0.0 0.0 0.0 4.0 0.0 0.0 0.6989515726410384
48 39 43 0.0 0.0 0.0 0.0 10.0 0.0 0.0 0.6965174129353233
48 39 44 0.0 0.0 0.0 0.0 5.0 0.0 0.0 0.6982543640897755
48 39 45 0.0 0.0 0.0 0.0 9.0 0.0 0.0 0.6968641114982577
48 39 46 0.0 0.0 8.0 0.0 314.0 2.0 0.0 0.6034482758620688
48 40 34 0.0 0.0 0.0 0.0 5.0 0.0 0.0 0.6982543640897755
48 40 35 0.0 0.0 0.0 0.0 2.0 0.0 0.0 0.6993006993006992
48 40 36 0.0 0.0 0.0 0.0 7.0 0.0 0.0 0.6975585450921773
48 40 37 0.0 0.0 0.0 0.0 1.0 0.0 0.0 0.6996501749125437
48 40 38 0.0 0.0 0.0 0.0 2.0 0.0 0.0 0.6993006993006992
48 40 39 0.0 0.0 2.0 0.0 58.0 0.0 0.0 0.6796116504854368
48 40 40 0.0 0.0 0.0 0.0 17.0 1.0 0.0 0.6944444444444444
48 40 41 0.0 0.0 3.0 0.0 58.0 1.0 0.0 0.6796116504854368
48 40 42 0.0 0.0 0.0 0.0 1.0 0.0 0.0 0.6996501749125437
48 40 43 0.0 0.0 0.0 0.0 3.0 0.0 0.0 0.6989515726410384
48 40 44 0.0 0.0 0.0 0.0 5.0 1.0 0.0 0.6986027944111775
48 40 45 0.0 0.0 0.0 0.0 5.0 0.0 0.0 0.6982543640897755
48 40 46 0.0 0.0 0.0 0.0 1.0 0.0 0.0 0.6996501749125437
48 41 34 0.0 0.0 0.0 0.0 2.0 0.0 0.0 0.6993006993006992
48 41 35 0.0 0.0 0.0 0.0 5.0 0.0 0.0 0.6982543640897755
48 41 36 0.0 0.0 0.0 0.0 7.0 0.0 0.0 0.6975585450921773
48 41 37 0.0 0.0 0.0 0.0 1.0 0.0 0.0 0.6996501749125437
48 41 39 0.0 0.0 0.0 0.0 22.0 0.0 0.0 0.6923837784371908
48 41 40 0.0 0.0 0.0 0.0 28.0 0.0 0.0 0.690335305719921
48 41 41 0.0 0.0 18.0 0.0 682.0 7.0 0.0 0.5198663200891199
48 41 42 0.0 0.0 0.0 0.0 3.0 0.0 0.0 0.6989515726410384
48 41 43 0.0 0.0 11.0 0.0 280.0 2.0 0.0 0.6116207951070335
48 41 44 0.0 0.0 0.0 0.0 4.0 0.0 0.0 0.6986027944111775
48 41 45 0.0 0.0 0.0 0.0 3.0 0.0 0.0 0.6989515726410384
48 41 46 0.0 0.0 0.0 0.0 1.0 0.0 0.0 0.6996501749125437
48 42 34 0.0 0.0 0.0 0.0 2.0 0.0 0.0 0.6993006993006992
48 42 35 0.0 0.0 0.0 0.0 1.0 0.0 0.0 0.6996501749125437
48 42 36 0.0 0.0 0.0 0.0 5.0 0.0 0.0 0.6982543640897755
48 42 38 0.0 0.0 0.0 0.0 1.0 0.0 0.0 0.6996501749125437
48 42 39 0.0 0.0 0.0 0.0 1.0 0.0 0.0 0.6996501749125437
48 42 41 0.0 0.0 0.0 0.0 6.0 0.0 0.0 0.6979062811565303
48 42 42 0.0 0.0 0.0 0.0 2.0 0.0 0.0 0.6993006993006992
48 42 43 0.0 0.0 0.0 0.0 2.0 0.0 0.0 0.6993006993006992
48 43 36 0.0 0.0 0.0 0.0 4.0 0.0 0.0 0.6986027944111775
48 43 38 0.0 0.0 0.0 0.0 4.0 0.0 0.0 0.6986027944111775
48 43 39 0.0 0.0 1.0 0.0 9.0 0.0 0.0 0.6965174129353233
48 43 40 0.0 0.0 0.0 0.0 4.0 0.0 0.0 0.6986027944111775
48 43 41 0.0 0.0 0.0 0.0 2.0 0.0 0.0 0.6993006993006992
48 44 39 0.0 0.0 0.0 0.0 1.0 0.0 0.0 0.6996501749125437
