28 36 39 0.0 0.0 0.0 0.0 4.0 0.0 0.0 0.6986027944111775
28 36 40 0.0 0.0 0.0 0.0 4.0 0.0 0.0 0.6986027944111775
28 36 41 0.0 0.0 0.0 0.0 6.0 0.0 0.0 0.6979062811565303
28 37 38 0.0 0.0 0.0 0.0 3.0 0.0 0.0 0.6989515726410384
28 37 39 0.0 0.0 0.0 0.0 5.0 0.0 0.0 0.6982543640897755
28 37 40 0.0 0.0 0.0 0.0 6.0 0.0 0.0 0.6979062811565303
28 37 41 0.0 0.0 0.0 0.0 3.0 0.0 0.0 0.6989515726410384
28 38 37 0.0 0.0 0.0 0.0 1.0 0.0 0.0 0.6996501749125437
28 38 38 0.0 0.0 0.0 0.0 4.0 0.0 0.0 0.6986027944111775
28 38 39 0.0 0.0 0.0 0.0 4.0 0.0 0.0 0.6986027944111775
28 38 40 0.0 0.0 0.0 0.0 6.0 0.0 0.0 0.6982543640897755
28 38 41 0.0 0.0 0.0 0.0 2.0 0.0 0.0 0.6993006993006992
28 39 38 0.0 0.0 4.0 0.0 39.0 0.0 0.0 0.6852667645619186
28 39 39 0.0 0.0 1.0 0.0 11.0 0.0 0.0 0.6958250497017892
28 39 40 0.0 0.0 0.0 0.0 7.0 0.0 0.0 0.6975585450921773
28 40 37 0.0 0.0 0.0 0.0 2.0 0.0 0.0 0.6993006993006992
28 40 38 0.0 0.0 0.0 0.0 2.0 0.0 0.0 0.6993006993006992
28 40 39 0.0 0.0 0.0 0.0 2.0 0.0 0.0 0.6993006993006992
28 40 40 0.0 0.0 0.0 0.0 3.0 0.0 0.0 0.6989515726410384
28 42 37 0.0 0.0 0.0 0.0 1.0 0.0 0.0 0.6996501749125437
28 43 41 0.0 0.0 0.0 0.0 1.0 0.0 0.0 0.6996501749125437
29 34 37 0.0 0.0 0.0 0.0 1.0 0.0 0.0 0.6996501749125437
29 34 38 0.0 0.0 0.0 0.0 1.0 0.0 0.0 0.6996501749125437
29 34 39 0.0 0.0 0.0 0.0 3.0 0.0 0.0 0.6989515726410384
29 34 40 0.0 0.0 0.0 0.0 2.0 0.0 0.0 0.6993006993006992
29 34 41 0.0 0.0 0.0 0.0 6.0 0.0 0.0 0.6979062811565303
29 35 37 0.0 0.0 26.0 0.0 689.0 8.0 2.0 0.5171776874769116
29 35 38 0.0 0.0 2.0 0.0 30.0 0.0 0.0 0.6889763779527558
29 35 39 0.0 0.0 7.0 0.0 208.0 2.0 0.0 0.6329113924050632
29 35 40 0.0 0.0 0.0 0.0 6.0 0.0 0.0 0.6979062811565303
29 36 36 0.0 0.0 0.0 0.0 4.0 0.0 0.0 0.6986027944111775
29 36 37 0.0 0.0 0.0 0.0 15.0 0.0 0.0 0.694789081885856
29 36 38 0.0 0.0 13.0 0.0 271.0 3.0 0.0 0.6137658921525645
29 36 39 0.0 0.0 0.0 0.0 44.0 0.0 0.0 0.684931506849315
29 36 40 0.0 0.0 0.0 0.0 17.0 0.0 0.0 0.694100148735746
29 36 41 0.0 0.0 0.0 0.0 8.0 0.0 0.0 0.697211155378486
29 36 42 0.0 0.0 0.0 0.0 3.0 0.0 0.0 0.6989515726410384
29 37 34 0.0 0.0 0.0 0.0 1.0 0.0 0.0 0.6996501749125437
29 37 36 0.0 0.0 0.0 0.0 2.0 0.0 0.0 0.6993006993006992
29 37 37 0.0 0.0 0.0 0.0 40.0 0.0 0.0 0.6862745098039215
29 37 38 0.0 0.0 20.0 0.0 374.0 4.0 1.0 0.5857740585774057
29 37 39 0.0 0.0 2.0 0.0 195.0 0.0 0.0 0.6375227686703095
29 37 40 0.0 0.0 279.0 0.0 5668.0 22.0 381.0 0.1765447667087011
29 37 41 0.0 0.0 8.0 0.0 221.0 2.0 0.0 0.6286484059272563
29 37 42 0.0 0.0 0.0 0.0 5.0 0.0 0.0 0.6982543640897755
29 37 44 0.0 0.0 0.0 0.0 3.0 0.0 0.0 0.6989515726410384
29 38 35 0.0 0.0 0.0 0.0 1.0 0.0 0.0 0.6996501749125437
29 38 36 0.0 0.0 1.0 0.0 45.0 0.0 0.0 0.6842619745845552
29 38 37 0.0 0.0 0.0 0.0 53.0 0.0 0.0 0.6819288845591815
29 38 38 0.0 0.0 64.0 0.0 1298.0 13.0 8.0 0.4180352343983278
29 38 39 0.0 0.0 207.0 0.0 4860.0 10.0 275.0 0.19824412347776835
29 38 40 0.0 0.0 108.0 0.0 2551.0 11.0 43.0 0.30120481927710835
29 38 41 0.0 0.0 8.0 0.0 412.0 0.0 0.0 0.5785123966942147
29 38 42 0.0 0.0 0.0 0.0 9.0 0.0 0.0 0.6968641114982577
29 38 43 0.0 0.0 0.0 0.0 4.0 0.0 0.0 0.6989515726410384
29 38 44 0.0 0.0 0.0 0.0 1.0 0.0 0.0 0.6996501749125437
29 39 36 0.0 0.0 0.0 0.0 20.0 0.0 0.0 0.6930693069306929
29 39 37 0.0 0.0 24.0 0.0 607.0 4.0 0.0 0.5329272934906736
29 39 38 0.0 0.0 1.0 0.0 139.0 1.0 1.0 0.6545114539504441
29 39 39 0.0 0.0 87.0 0.0 2393.0 18.0 48.0 0.31376064545047055
29 39 40 0.0 0.0 28.0 0.0 543.0 7.0 4.0 0.5462348809988293
29 39 41 0.0 0.0 46.0 0.0 1891.0 6.0 27.0 0.3561434749427626
29 39 42 0.0 0.0 0.0 0.0 10.0 0.0 0.0 0.6965174129353233
29 39 44 0.0 0.0 0.0 0.0 1.0 0.0 0.0 0.6996501749125437
29 39 45 0.0 0.0 0.0 0.0 1.0 0.0 0.0 0.0
29 40 35 0.0 0.0 0.0 0.0 1.0 0.0 0.0 0.6996501749125437
29 40 36 0.0 0.0 2.0 0.0 70.0 1.0 0.0 0.6760019314340897
29 40 37 0.0 0.0 1.0 0.0 63.0 1.0 1.0 0.6786233640329616
29 40 38 0.0 0.0 30.0 0.0 790.0 10.0 3.0 0.4982206405693949
29 40 39 0.0 0.0 3.0 0.0 124.0 1.0 0.0 0.6585136406396989
29 40 40 0.0 0.0 0.0 0.0 36.0 0.0 0.0 0.6876227897838899
29 40 41 0.0 0.0 0.0 0.0 5.0 0.0 0.0 0.6982543640897755
29 40 42 0.0 0.0 2.0 0.0 31.0 1.0 0.0 0.6889763779527558
29 40 43 0.0 0.0 0.0 0.0 1.0 0.0 0.0 0.6996501749125437
29 40 44 0.0 0.0 0.0 0.0 5.0 0.0 0.0 0.6982543640897755
29 40 45 0.0 0.0 2.0 0.0 91.0 0.0 0.0 0.668896321070234
29 40 46 0.0 0.0 0.0 0.0 6.0 0.0 0.0 0.6979062811565303
29 41 36 0.0 0.0 0.0 0.0 22.0 0.0 0.0 0.6923837784371908
29 41 37 0.0 0.0 38.0 0.0 1158.0 3.0 9.0 0.4385964912280701
29 41 38 0.0 0.0 19.0 0.0 549.0 7.0 0.0 0.5466614603670441
29 41 39 0.0 0.0 0.0 0.0 58.0 0.0 0.0 0.6802721088435373
29 41 40 0.0 0.0 16.0 0.0 393.0 8.0 0.0 0.5833333333333333
29 41 41 0.0 0.0 0.0 0.0 29.0 0.0 0.0 0.690335305719921
29 41 42 0.0 0.0 6.0 0.0 107.0 2.0 0.0 0.6631927996210326
29 41 43 0.0 0.0 0.0 0.0 5.0 0.0 0.0 0.6982543640897755
29 41 44 0.0 0.0 0.0 0.0 10.0 0.0 0.0 0.6965174129353233
29 41 45 0.0 0.0 36.0 0.0 702.0 7.0 0.0 0.5126327352618087
29 41 46 0.0 0.0 0.0 0.0 4.0 0.0 0.0 0.6986027944111775
29 42 35 0.0 0.0 0.0 0.0 3.0 0.0 0.0 0.6989515726410384
29 42 36 0.0 0.0 0.0 0.0 4.0 0.0 0.0 0.6986027944111775
29 42 37 0.0 0.0 0.0 0.0 17.0 0.0 0.0 0.694100148735746
29 42 38 0.0 0.0 6.0 0.0 177.0 1.0 0.0 0.6416131989000916
29 42 39 0.0 0.0 0.0 0.0 31.0 0.0 0.0 0.689655172413793
29 42 40 0.0 0.0 25.0 0.0 635.0 4.0 4.0 0.5271084337349397
29 42 41 0.0 0.0 0.0 0.0 33.0 1.0 0.0 0.6893156080748399
29 42 42 0.0 0.0 34.0 0.0 795.0 6.0 0.0 0.49627791563275425
29 42 43 0.0 0.0 0.0 0.0 12.0 0.0 0.0 0.6958250497017892
29 42 44 0.0 0.0 0.0 0.0 7.0 0.0 0.0 0.6975585450921773
29 42 45 0.0 0.0 19.0 0.0 189.0 3.0 0.0 0.6349206349206349
29 42 46 0.0 0.0 0.0 0.0 2.0 0.0 0.0 0.6993006993006992
29 43 34 0.0 0.0 0.0 0.0 3.0 0.0 0.0 0.6989515726410384
29 43 35 0.0 0.0 0.0 0.0 2.0 0.0 0.0 0.6993006993006992
29 43 36 0.0 0.0 0.0 0.0 28.0 0.0 0.0 0.690335305719921
29 43 37 0.0 0.0 15.0 0.0 287.0 1.0 0.0 0.6084311169056931
29 43 38 0.0 0.0 10.0 0.0 222.0 4.0 0.0 0.6283662477558347
29 43 39 0.0 0.0 11.0 0.0 269.0 2.0 1.0 0.6145741878841088
29 43 40 0.0 0.0 0.0 0.0 39.0 0.0 0.0 0.6869479882237487
29 43 41 0.0 0.0 0.0 0.0 39.0 0.0 0.0 0.6866110838646394
29 43 42 0.0 0.0 0.0 0.0 41.0 0.0 0.0 0.6859382655560998
29 43 43 0.0 0.0 3.0 0.0 87.0 0.0 0.0 0.6698564593301434
29 43 44 0.0 0.0 0.0 0.0 5.0 0.0 0.0 0.6982543640897755
29 43 45 0.0 0.0 0.0 0.0 5.0 0.0 0.0 0.6982543640897755
29 44 33 0.0 0.0 0.0 0.0 1.0 0.0 0.0 0.6996501749125437
29 44 34 0.0 0.0 0.0 0.0 2.0 0.0 0.0 0.6993006993006992
29 44 35 0.0 0.0 0.0 0.0 5.0 0.0 0.0 0.6982543640897755
29 44 36 0.0 0.0 0.0 0.0 16.0 0.0 0.0 0.6944444444444444
29 44 37 0.0 0.0 0.0 0.0 11.0 0.0 0.0 0.6961710591745399
29 44 38 0.0 0.0 1.0 0.0 20.0 1.0 0.0 0.6930693069306929
29 44 39 0.0 0.0 1.0 0.0 35.0 0.0 0.0 0.6876227897838899
29 44 40 0.0 0.0 3.0 0.0 145.0 0.0 0.0 0.6517690875232773
29 44 41 0.0 0.0 0.0 0.0 26.0 0.0 0.0 0.6910167818361302
29 44 42 0.0 0.0 0.0 0.0 15.0 0.0 0.0 0.694789081885856
29 44 43 0.0 0.0 0.0 0.0 11.0 0.0 0.0 0.6961710591745399
29 44 44 0.0 0.0 0.0 0.0 8.0 0.0 0.0 0.697211155378486
29 44 45 0.0 0.0 0.0 0.0 4.0 0.0 0.0 0.6986027944111775
29 45 35 0.0 0.0 3.0 0.0 32.0 1.0 0.0 0.6882989183874139
29 45 36 0.0 0.0 0.0 0.0 3.0 0.0 0.0 0.6989515726410384
29 45 37 0.0 0.0 0.0 0.0 3.0 0.0 0.0 0.6989515726410384
29 45 38 0.0 0.0 0.0 0.0 4.0 0.0 0.0 0.6986027944111775
29 45 40 0.0 0.0 0.0 0.0 3.0 0.0 0.0 0.6989515726410384
29 45 41 0.0 0.0 0.0 0.0 4.0 0.0 0.0 0.6986027944111775
29 45 42 0.0 0.0 0.0 0.0 3.0 0.0 0.0 0.6989515726410384
29 45 43 0.0 0.0 0.0 0.0 1.0 0.0 0.0 0.6996501749125437
30 32 37 0.0 0.0 0.0 0.0 4.0 0.0 0.0 0.6986027944111775
30 32 38 0.0 0.0 0.0 0.0 1.0 0.0 0.0 0.6996501749125437
30 32 39 0.0 0.0 6.0 0.0 189.0 0.0 0.0 0.6378132118451024
30 32 40 0.0 0.0 0.0 0.0 4.0 0.0 0.0 0.6986027944111775
30 32 41 0.0 0.0 0.0 0.0 1.0 0.0 0.0 0.6996501749125437
30 32 44 0.0 0.0 0.0 0.0 1.0 0.0 0.0 0.6996501749125437
30 33 37 0.0 0.0 0.0 0.0 2.0 0.0 0.0 0.6993006993006992
30 33 38 0.0 0.0 1.0 0.0 10.0 0.0 0.0 0.6961710591745399
30 33 39 0.0 0.0 0.0 0.0 3.0 0.0 0.0 0.6989515726410384
30 33 40 0.0 0.0 0.0 0.0 1.0 0.0 0.0 0.6996501749125437
30 33 42 0.0 0.0 0.0 0.0 2.0 0.0 0.0 0.6993006993006992
30 33 43 0.0 0.0 0.0 0.0 10.0 0.0 0.0 0.6965174129353233
30 34 35 0.0 0.0 0.0 0.0 1.0 0.0 0.0 0.6996501749125437
30 34 37 0.0 0.0 0.0 0.0 8.0 0.0 0.0 0.697211155378486
30 34 38 0.0 0.0 0.0 0.0 7.0 0.0 0.0 0.6975585450921773
30 34 39 0.0 0.0 0.0 0.0 18.0 0.0 0.0 0.6937561942517343
30 34 40 0.0 0.0 0.0 0.0 6.0 0.0 0.0 0.6979062811565303
30 34 41 0.0 0.0 2.0 0.0 40.0 0.0 0.0 0.6856023506366307
30 34 42 0.0 0.0 0.0 0.0 4.0 0.0 0.0 0.6986027944111775
30 34 43 0.0 0.0 0.0 0.0 1.0 0.0 0.0 0.6996501749125437
30 35 34 0.0 0.0 0.0 0.0 1.0 0.0 0.0 0.6996501749125437
30 35 35 0.0 0.0 0.0 0.0 13.0 0.0 0.0 0.695479384003974
30 35 36 0.0 0.0 3.0 0.0 55.0 2.0 0.0 0.6809338521400777
30 35 37 0.0 0.0 2.0 0.0 147.0 0.0 0.0 0.6514657980456026
30 35 38 0.0 0.0 171.0 0.0 3680.0 20.0 109.0 0.2400137150694325
30 35 39 0.0 0.0 53.0 0.0 1130.0 11.0 5.0 0.44136191677175274
30 35 40 0.0 0.0 133.0 0.0 3033.0 12.0 91.0 0.27158098933074676
30 35 41 0.0 0.0 20.0 0.0 389.0 6.0 0.0 0.5826050769870994
30 35 42 0.0 0.0 6.0 0.0 60.0 2.0 0.0 0.6782945736434108
30 35 43 0.0 0.0 0.0 0.0 9.0 0.0 0.0 0.6968641114982577
30 35 44 0.0 0.0 0.0 0.0 2.0 0.0 0.0 0.6993006993006992
30 35 45 0.0 0.0 0.0 0.0 2.0 0.0 0.0 0.6993006993006992
30 35 46 0.0 0.0 0.0 0.0 2.0 0.0 0.0 0.6993006993006992
30 36 35 0.0 0.0 63.0 0.0 1682.0 9.0 9.0 0.37473233404710915
30 36 36 0.0 0.0 49.0 0.0 1247.0 15.0 5.0 0.42669917708015836
30 36 37 0.0 0.0 0.0 0.0 105.0 0.0 0.0 0.6650831353919239
30 36 38 0.0 0.0 405.0 0.0 7800.0 16.0 1068.0 0.13734916118905127
30 36 39 0.0 0.0 160.0 0.0 4217.0 21.0 169.0 0.22005658597925176
30 36 40 0.0 0.0 20.0 0.0 505.0 6.0 0.0 0.5557761016276299
30 36 41 0.0 0.0 9.0 0.0 290.0 2.0 0.0 0.6094906399651718
30 36 42 0.0 0.0 1.0 0.0 87.0 0.0 0.0 0.670819357930043
30 36 43 0.0 0.0 11.0 0.0 232.0 3.0 0.0 0.6252791424743188
30 36 44 0.0 0.0 8.0 0.0 315.0 1.0 0.0 0.6029285099052539
30 36 45 0.0 0.0 0.0 0.0 2.0 0.0 0.0 0.6993006993006992
30 37 33 0.0 0.0 1.0 0.0 4.0 0.0 0.0 0.6982543640897755
30 37 34 0.0 0.0 0.0 0.0 6.0 0.0 0.0 0.6979062811565303
30 37 35 0.0 0.0 0.0 0.0 85.0 1.0 1.0 0.6717850287907868
30 37 36 0.0 0.0 3.0 0.0 172.0 3.0 0.0 0.6445672191528544
30 37 37 0.0 0.0 151.0 0.0 3697.0 6.0 131.0 0.23964395754878462
30 37 38 0.0 0.0 155.0 0.0 3631.0 22.0 106.0 0.24271844660194172
30 37 39 0.0 0.0 353.0 0.0 7581.0 14.0 1041.0 0.1410437235543018
30 37 40 0.0 0.0 217.0 0.0 4823.0 22.0 241.0 0.19948703334283271
30 37 41 0.0 0.0 158.0 0.0 3597.0 14.0 126.0 0.24373259052924787
30 37 42 0.0 0.0 62.0 0.0 1633.0 9.0 20.0 0.3798155181768854
30 37 43 0.0 0.0 38.0 0.0 832.0 9.0 3.0 0.4893393918210415
30 37 44 0.0 0.0 9.0 0.0 168.0 1.0 0.0 0.6433823529411764
30 37 45 0.0 0.0 0.0 0.0 2.0 0.0 0.0 0.6993006993006992
30 38 33 0.0 0.0 0.0 0.0 11.0 0.0 0.0 0.6961710591745399
30 38 34 0.0 0.0 0.0 0.0 13.0 0.0 0.0 0.695479384003974
30 38 35 0.0 0.0 93.0 0.0 2041.0 15.0 29.0 0.3398883224083515
30 38 36 0.0 0.0 84.0 0.0 1876.0 20.0 23.0 0.35532994923857864
30 38 37 0.0 0.0 217.0 0.0 4543.0 19.0 221.0 0.20765351527736575
30 38 38 0.0 0.0 525.0 0.0 10040.0 27.0 2831.0 0.11158045747987566
30 38 39 0.0 0.0 454.0 0.0 8625.0 18.0 1419.0 0.1265136454003253
30 38 40 0.0 0.0 770.0 0.0 11729.0 31.0 5789.0 0.09663169519602428
30 38 41 0.0 0.0 265.0 0.0 5147.0 18.0 295.0 0.18929150892374252
30 38 42 0.0 0.0 61.0 0.0 1960.0 13.0 23.0 0.3494757863205192
30 38 43 0.0 0.0 74.0 0.0 1976.0 9.0 27.0 0.3464488987874288
30 38 44 0.0 0.0 48.0 0.0 1277.0 7.0 9.0 0.42206813385589387
30 38 45 0.0 0.0 0.0 0.0 17.0 0.0 0.0 0.694100148735746
30 38 46 0.0 0.0 0.0 0.0 12.0 0.0 0.0 0.6958250497017892
30 39 32 0.0 0.0 0.0 0.0 5.0 0.0 0.0 0.6982543640897755
30 39 33 0.0 0.0 0.0 0.0 14.0 0.0 0.0 0.695479384003974
30 39 34 0.0 0.0 0.0 0.0 29.0 0.0 0.0 0.6899950714637751
30 39 35 0.0 0.0 3.0 0.0 101.0 1.0 0.0 0.6657156443176413
30 39 36 0.0 0.0 50.0 0.0 1456.0 12.0 10.0 0.4006868918145391
30 39 37 0.0 0.0 141.0 0.0 2793.0 15.0 38.0 0.2845528455284552
30 39 38 0.0 0.0 409.0 0.0 8396.0 19.0 1439.0 0.1297257227575982
30 39 39 0.0 0.0 533.0 0.0 9691.0 23.0 2107.0 0.11464133639043562
30 39 40 0.0 0.0 313.0 0.0 6113.0 19.0 484.0 0.16644869813339674
30 39 41 0.0 0.0 199.0 0.0 4321.0 12.0 196.0 0.2151529122483479
30 39 42 0.0 0.0 83.0 0.0 1529.0 17.0 17.0 0.38932146829810893
30 39 43 0.0 0.0 30.0 0.0 609.0 7.0 2.0 0.5319148936170213
30 39 44 0.0 0.0 25.0 0.0 729.0 4.0 2.0 0.509090909090909
30 39 45 0.0 0.0 0.0 0.0 48.0 0.0 0.0 0.6835937499999999
30 39 46 0.0 0.0 0.0 0.0 10.0 0.0 0.0 0.6965174129353233
30 40 32 0.0 0.0 6.0 0.0 193.0 5.0 0.0 0.6381039197812214
30 40 33 0.0 0.0 5.0 0.0 139.0 1.0 1.0 0.6532897806812878
30 40 34 0.0 0.0 0.0 0.0 22.0 0.0 0.0 0.6923837784371908
30 40 35 0.0 0.0 1.0 0.0 105.0 0.0 0.0 0.664767331433998
30 40 36 0.0 0.0 95.0 0.0 1845.0 21.0 14.0 0.3571428571428571
30 40 37 0.0 0.0 406.0 0.0 8322.0 22.0 1381.0 0.13065795613625755
30 40 38 0.0 0.0 630.0 0.0 10582.0 20.0 3180.0 0.10601241859760714
30 40 39 0.0 0.0 349.0 0.0 7676.0 20.0 1110.0 0.13988808952837725
30 40 40 0.0 0.0 71.0 0.0 1559.0 13.0 8.0 0.3870611003594138
30 40 41 0.0 0.0 14.0 0.0 559.0 1.0 2.0 0.5443234836702955
30 40 42 0.0 0.0 25.0 0.0 557.0 7.0 1.0 0.5436893203883495
30 40 43 0.0 0.0 32.0 0.0 911.0 6.0 4.0 0.4766768811712631
30 40 44 0.0 0.0 11.0 0.0 483.0 2.0 0.0 0.5617977528089887
30 40 45 0.0 0.0 75.0 0.0 1725.0 11.0 25.0 0.3693931398416886
30 40 46 0.0 0.0 4.0 0.0 136.0 1.0 1.0 0.6545114539504441
30 40 47 0.0 0.0 0.0 0.0 4.0 0.0 0.0 0.6986027944111775
30 41 32 0.0 0.0 0.0 0.0 8.0 0.0 0.0 0.697211155378486
30 41 33 0.0 0.0 0.0 0.0 15.0 0.0 0.0 0.694789081885856
30 41 34 0.0 0.0 10.0 0.0 226.0 2.0 0.0 0.6266786034019695
30 41 35 0.0 0.0 4.0 0.0 177.0 1.0 0.0 0.6422018348623851
30 41 36 0.0 0.0 36.0 0.0 773.0 11.0 2.0 0.5005362888809438
30 41 37 0.0 0.0 130.0 0.0 3187.0 17.0 89.0 0.26415094339622636
30 41 38 0.0 0.0 463.0 0.0 9295.0 24.0 2215.0 0.11919965942954447
30 41 39 0.0 0.0 96.0 0.0 2663.0 17.0 44.0 0.2952340784479122
30 41 40 0.0 0.0 84.0 0.0 2051.0 19.0 32.0 0.33997085964060214
30 41 41 0.0 0.0 437.0 0.0 8546.0 22.0 1370.0 0.12755102040816324
30 41 42 0.0 0.0 150.0 0.0 3156.0 21.0 83.0 0.2649006622516556
30 41 43 0.0 0.0 58.0 0.0 1846.0 6.0 18.0 0.3590664272890484
30 41 44 0.0 0.0 123.0 0.0 2400.0 15.0 31.0 0.3106968486462494
30 41 45 0.0 0.0 253.0 0.0 5582.0 17.0 354.0 0.17902813299232734
30 41 46 0.0 0.0 8.0 0.0 175.0 3.0 0.0 0.6422018348623851
30 41 47 0.0 0.0 0.0 0.0 1.0 0.0 0.0 0.6996501749125437
30 41 48 0.0 0.0 0.0 0.0 1.0 0.0 0.0 0.6996501749125437
30 42 32 0.0 0.0 0.0 0.0 1.0 0.0 0.0 0.6996501749125437
30 42 33 0.0 0.0 0.0 0.0 1.0 0.0 0.0 0.6996501749125437
30 42 34 0.0 0.0 1.0 0.0 30.0 0.0 0.0 0.6893156080748399
30 42 35 0.0 0.0 8.0 0.0 404.0 3.0 1.0 0.58115400581154
30 42 36 0.0 0.0 17.0 0.0 681.0 7.0 4.0 0.5202526941657376
30 42 37 0.0 0.0 27.0 0.0 756.0 11.0 4.0 0.505050505050505
30 42 38 0.0 0.0 11.0 0.0 520.0 3.0 3.0 0.5537974683544302
30 42 39 0.0 0.0 99.0 0.0 2333.0 14.0 29.0 0.31688546853779986
30 42 40 0.0 0.0 309.0 0.0 6911.0 24.0 692.0 0.15212430729110069
30 42 41 0.0 0.0 118.0 0.0 2844.0 16.0 50.0 0.2829997978572872
30 42 42 0.0 0.0 137.0 0.0 2597.0 10.0 39.0 0.2962962962962962
30 42 43 0.0 0.0 37.0 0.0 1153.0 6.0 3.0 0.43969849246231146
30 42 44 0.0 0.0 95.0 0.0 2464.0 11.0 43.0 0.3078276165347405
30 42 45 0.0 0.0 42.0 0.0 954.0 10.0 8.0 0.4690117252931323
30 42 46 0.0 0.0 0.0 0.0 28.0 0.0 0.0 0.690335305719921
30 42 47 0.0 0.0 0.0 0.0 3.0 0.0 0.0 0.6989515726410384
30 43 33 0.0 0.0 0.0 0.0 4.0 0.0 0.0 0.6986027944111775
30 43 34 0.0 0.0 80.0 0.0 1553.0 9.0 10.0 0.3863134657836644
30 43 35 0.0 0.0 127.0 0.0 3000.0 18.0 75.0 0.27386541471048503
30 43 36 0.0 0.0 64.0 0.0 1274.0 7.0 13.0 0.42029420594416084
30 43 37 0.0 0.0 152.0 0.0 3795.0 18.0 145.0 0.23612750885478156
30 43 38 0.0 0.0 16.0 0.0 357.0 2.0 0.0 0.5904681568958244
30 43 39 0.0 0.0 409.0 0.0 8152.0 26.0 1186.0 0.13277693474962063
30 43 40 0.0 0.0 166.0 0.0 3534.0 19.0 129.0 0.2463487594580327
30 43 41 0.0 0.0 422.0 0.0 8380.0 21.0 1426.0 0.12968967114404814
30 43 42 0.0 0.0 289.0 0.0 6224.0 22.0 561.0 0.1647446457990115
30 43 43 0.0 0.0 197.0 0.0 4499.0 19.0 232.0 0.20964360587002093
30 43 44 0.0 0.0 133.0 0.0 3257.0 18.0 73.0 0.2605620696072957
30 43 45 0.0 0.0 24.0 0.0 659.0 6.0 7.0 0.5227781926811051
30 43 46 0.0 0.0 0.0 0.0 2.0 0.0 0.0 0.6993006993006992
30 44 32 0.0 0.0 0.0 0.0 1.0 0.0 0.0 0.6996501749125437
30 44 33 0.0 0.0 0.0 0.0 3.0 0.0 0.0 0.6989515726410384
30 44 34 0.0 0.0 1.0 0.0 22.0 0.0 0.0 0.6920415224913494
30 44 35 0.0 0.0 81.0 0.0 2068.0 10.0 37.0 0.33840947546531297
30 44 36 0.0 0.0 103.0 0.0 2066.0 12.0 27.0 0.3367003367003366
30 44 37 0.0 0.0 343.0 0.0 7398.0 17.0 920.0 0.14387010584729212
30 44 38 0.0 0.0 0.0 0.0 99.0 0.0 0.0 0.6669842782277274
30 44 39 0.0 0.0 30.0 0.0 709.0 3.0 7.0 0.5116959064327484
30 44 40 0.0 0.0 3.0 0.0 209.0 0.0 0.0 0.6329113924050632
30 44 41 0.0 0.0 0.0 0.0 232.0 0.0 1.0 0.6272401433691756
30 44 42 0.0 0.0 177.0 0.0 3918.0 15.0 138.0 0.23014959723820477
30 44 43 0.0 0.0 148.0 0.0 3340.0 14.0 84.0 0.25580120591997074
30 44 44 0.0 0.0 16.0 0.0 409.0 3.0 0.0 0.5780346820809247
30 44 45 0.0 0.0 12.0 0.0 454.0 3.0 1.0 0.5684125050751115
30 44 46 0.0 0.0 0.0 0.0 7.0 0.0 0.0 0.6975585450921773
30 44 47 0.0 0.0 0.0 0.0 1.0 0.0 0.0 0.6996501749125437
30 45 33 0.0 0.0 0.0 0.0 3.0 0.0 0.0 0.6989515726410384
30 45 34 0.0 0.0 0.0 0.0 8.0 0.0 0.0 0.697211155378486
30 45 35 0.0 0.0 1.0 0.0 16.0 0.0 0.0 0.694100148735746
30 45 36 0.0 0.0 3.0 0.0 28.0 2.0 0.0 0.6899950714637751
30 45 37 0.0 0.0 3.0 0.0 151.0 2.0 0.0 0.6505576208178437
30 45 38 0.0 0.0 1.0 0.0 59.0 0.0 0.0 0.6796116504854368
30 45 39 0.0 0.0 79.0 0.0 1435.0 7.0 9.0 0.39920159680638717
30 45 40 0.0 0.0 90.0 0.0 2135.0 16.0 34.0 0.33254156769596194
30 45 41 0.0 0.0 6.0 0.0 62.0 0.0 0.0 0.6769825918762088
30 45 42 0.0 0.0 0.0 0.0 31.0 0.0 0.0 0.6893156080748399
30 45 43 0.0 0.0 0.0 0.0 22.0 0.0 0.0 0.6923837784371908
30 45 44 0.0 0.0 0.0 0.0 24.0 0.0 0.0 0.6916996047430829
30 45 45 0.0 0.0 50.0 0.0 748.0 13.0 2.0 0.5026929982046677
30 45 46 0.0 0.0 0.0 0.0 3.0 0.0 0.0 0.6989515726410384
30 45 47 0.0 0.0 0.0 0.0 1.0 0.0 0.0 0.6996501749125437
30 46 33 0.0 0.0 18.0 0.0 347.0 4.0 1.0 0.5929690808979245
30 46 34 0.0 0.0 0.0 0.0 1.0 0.0 0.0 0.6996501749125437
30 46 36 0.0 0.0 0.0 0.0 12.0 0.0 0.0 0.6958250497017892
30 46 37 0.0 0.0 10.0 0.0 148.0 3.0 0.0 0.6496519721577725
30 46 38 0.0 0.0 0.0 0.0 27.0 0.0 0.0 0.6906758756783422
30 46 39 0.0 0.0 1.0 0.0 44.0 3.0 0.0 0.6856023506366307
30 46 40 0.0 0.0 21.0 0.0 377.0 4.0 0.0 0.5847953216374269
30 46 41 0.0 0.0 23.0 0.0 586.0 7.0 2.0 0.5380476556495004
30 46 42 0.0 0.0 0.0 0.0 3.0 0.0 0.0 0.6989515726410384
30 46 43 0.0 0.0 0.0 0.0 6.0 0.0 0.0 0.6979062811565303
30 46 44 0.0 0.0 0.0 0.0 1.0 0.0 0.0 0.6996501749125437
30 46 45 0.0 0.0 0.0 0.0 4.0 0.0 0.0 0.6986027944111775
30 46 46 0.0 0.0 0.0 0.0 1.0 0.0 0.0 0.6996501749125437
30 46 47 0.0 0.0 0.0 0.0 1.0 0.0 0.0 0.6996501749125437
30 47 35 0.0 0.0 0.0 0.0 1.0 0.0 0.0 0.6996501749125437
30 47 36 0.0 0.0 0.0 0.0 2.0 0.0 0.0 0.6993006993006992
30 47 37 0.0 0.0 0.0 0.0 2.0 0.0 0.0 0.6993006993006992
30 47 38 0.0 0.0 0.0 0.0 4.0 0.0 0.0 0.6986027944111775
30 47 39 0.0 0.0 0.0 0.0 1.0 0.0 0.0 0.6996501749125437
30 47 40 0.0 0.0 0.0 0.0 13.0 0.0 0.0 0.695479384003974
30 47 41 0.0 0.0 0.0 0.0 8.0 0.0 0.0 0.697211155378486
30 47 42 0.0 0.0 0.0 0.0 7.0 0.0 0.0 0.6975585450921773
30 47 43 0.0 0.0 0.0 0.0 2.0 0.0 0.0 0.6993006993006992
30 48 40 0.0 0.0 0.0 0.0 4.0 0.0 0.0 0.6986027944111775
30 48 41 0.0 0.0 0.0 0.0 3.0 0.0 0.0 0.6989515726410384
30 48 42 0.0 0.0 4.0 0.0 86.0 1.0 0.0 0.6701771182383915
30 49 40 0.0 0.0 0.0 0.0 1.0 0.0 0.0 0.6996501749125437
30 49 41 0.0 0.0 0.0 0.0 1.0 0.0 0.0 0.6996501749125437
30 49 42 0.0 0.0 0.0 0.0 2.0 0.0 0.0 0.6993006993006992
31 31 39 0.0 0.0 0.0 0.0 2.0 0.0 0.0 0.6993006993006992
31 31 42 0.0 0.0 0.0 0.0 1.0 0.0 0.0 0.6996501749125437
31 32 37 0.0 0.0 0.0 0.0 3.0 0.0 0.0 0.6989515726410384
31 32 38 0.0 0.0 0.0 0.0 21.0 0.0 0.0 0.6927263730826323
31 32 39 0.0 0.0 4.0 0.0 75.0 1.0 0.0 0.6737247353224253
31 32 40 0.0 0.0 36.0 0.0 728.0 8.0 1.0 0.5081669691470053
31 32 41 0.0 0.0 5.0 0.0 156.0 4.0 0.0 0.6490496059341677
31 32 42 0.0 0.0 0.0 0.0 1.0 0.0 0.0 0.6996501749125437
31 32 43 0.0 0.0 0.0 0.0 1.0 0.0 0.0 0.6996501749125437
31 32 44 0.0 0.0 0.0 0.0 10.0 0.0 0.0 0.6965174129353233
31 32 45 0.0 0.0 0.0 0.0 1.0 0.0 0.0 0.6996501749125437
31 33 35 0.0 0.0 0.0 0.0 3.0 0.0 0.0 0.6989515726410384
31 33 36 0.0 0.0 23.0 0.0 580.0 4.0 0.0 0.5386687187379761
31 33 37 0.0 0.0 17.0 0.0 351.0 5.0 0.0 0.5924672027084215
31 33 38 0.0 0.0 286.0 0.0 5159.0 20.0 267.0 0.18850141376060314
31 33 39 0.0 0.0 1.0 0.0 86.0 1.0 0.0 0.6711409395973154
31 33 40 0.0 0.0 81.0 0.0 2348.0 13.0 37.0 0.31702898550724634
31 33 41 0.0 0.0 70.0 0.0 1865.0 9.0 22.0 0.3565970453387671
31 33 42 0.0 0.0 94.0 0.0 2180.0 13.0 30.0 0.3285613705702886
31 33 43 0.0 0.0 150.0 0.0 2571.0 26.0 27.0 0.2981895633652822
31 33 44 0.0 0.0 22.0 0.0 571.0 5.0 1.0 0.5409582689335393
31 33 45 0.0 0.0 0.0 0.0 17.0 0.0 0.0 0.694100148735746
31 34 35 0.0 0.0 0.0 0.0 17.0 0.0 0.0 0.694100148735746
31 34 36 0.0 0.0 4.0 0.0 86.0 1.0 0.0 0.6701771182383915
31 34 37 0.0 0.0 25.0 0.0 739.0 5.0 1.0 0.5074302283436026
31 34 38 0.0 0.0 11.0 0.0 311.0 3.0 0.0 0.6037084950409658
31 34 39 0.0 0.0 80.0 0.0 1976.0 14.0 26.0 0.34636318654131615
31 34 40 0.0 0.0 53.0 0.0 1041.0 9.0 8.0 0.4538087520259319
31 34 41 0.0 0.0 166.0 0.0 3325.0 27.0 58.0 0.2561756633119853
31 34 42 0.0 0.0 83.0 0.0 2086.0 7.0 33.0 0.33637674195098505
31 34 43 0.0 0.0 41.0 0.0 1055.0 9.0 4.0 0.45366169799092676
31 34 44 0.0 0.0 2.0 0.0 156.0 1.0 0.0 0.6493506493506492
31 34 45 0.0 0.0 0.0 0.0 34.0 0.0 0.0 0.6882989183874139
31 34 46 0.0 0.0 0.0 0.0 1.0 0.0 0.0 0.6996501749125437
31 34 47 0.0 0.0 0.0 0.0 1.0 0.0 0.0 0.6996501749125437
31 35 34 0.0 0.0 0.0 0.0 10.0 0.0 0.0 0.6965174129353233
31 35 35 0.0 0.0 30.0 0.0 615.0 4.0 0.0 0.5301022340022719
31 35 36 0.0 0.0 31.0 0.0 868.0 8.0 2.0 0.4844290657439445
31 35 37 0.0 0.0 51.0 0.0 1231.0 12.0 3.0 0.4281345565749235
31 35 38 0.0 0.0 337.0 0.0 7141.0 16.0 818.0 0.14785088182490227
31 35 39 0.0 0.0 112.0 0.0 3111.0 18.0 97.0 0.2688172043010752
31 35 40 0.0 0.0 158.0 0.0 4023.0 17.0 194.0 0.22708840227088398
31 35 41 0.0 0.0 109.0 0.0 2331.0 15.0 28.0 0.3163841807909604
31 35 42 0.0 0.0 10.0 0.0 473.0 4.0 2.0 0.5647438483259378
31 35 43 0.0 0.0 56.0 0.0 1419.0 17.0 8.0 0.40497541220711597
31 35 44 0.0 0.0 39.0 0.0 850.0 8.0 4.0 0.4862799583188606
31 35 45 0.0 0.0 12.0 0.0 296.0 8.0 1.0 0.6089604175728577
31 35 46 0.0 0.0 1.0 0.0 19.0 1.0 0.0 0.6934125804853887
31 36 34 0.0 0.0 0.0 0.0 13.0 0.0 0.0 0.695479384003974
31 36 35 0.0 0.0 67.0 0.0 1536.0 12.0 8.0 0.3898635477582845
31 36 36 0.0 0.0 331.0 0.0 7205.0 24.0 841.0 0.14710518020384575
31 36 37 0.0 0.0 143.0 0.0 3369.0 19.0 109.0 0.254730713245997
31 36 38 0.0 0.0 204.0 0.0 4731.0 9.0 213.0 0.20210769452865593
31 36 39 0.0 0.0 1108.0 0.0 12751.0 32.0 12592.0 0.08827238335435056
31 36 40 0.0 0.0 321.0 0.0 7062.0 24.0 697.0 0.1494927923117992
31 36 41 0.0 0.0 289.0 0.0 6075.0 22.0 553.0 0.1676847526649898
31 36 42 0.0 0.0 475.0 0.0 8952.0 15.0 1686.0 0.12253829321663018
31 36 43 0.0 0.0 194.0 0.0 4555.0 18.0 196.0 0.20790020790020788
31 36 44 0.0 0.0 112.0 0.0 3205.0 15.0 97.0 0.26395173453996984
31 36 45 0.0 0.0 124.0 0.0 2483.0 13.0 42.0 0.3048116699325059
31 36 46 0.0 0.0 0.0 0.0 47.0 0.0 0.0 0.6839276990718123
31 36 47 0.0 0.0 0.0 0.0 1.0 0.0 0.0 0.6996501749125437
31 36 48 0.0 0.0 0.0 0.0 1.0 0.0 0.0 0.6996501749125437
31 37 32 0.0 0.0 0.0 0.0 2.0 0.0 0.0 0.6993006993006992
31 37 33 0.0 0.0 6.0 0.0 69.0 4.0 0.0 0.6760019314340897
31 37 34 0.0 0.0 49.0 0.0 1442.0 14.0 16.0 0.4026459591601955
31 37 35 0.0 0.0 184.0 0.0 4053.0 17.0 156.0 0.22518899790895927
31 37 36 0.0 0.0 625.0 0.0 10681.0 26.0 3136.0 0.10532651218778212
31 37 37 0.0 0.0 461.0 0.0 9601.0 17.0 2872.0 0.1161247511612475
31 37 38 0.0 0.0 373.0 0.0 7937.0 18.0 1243.0 0.13593552772113796
31 37 39 0.0 0.0 772.0 0.0 11742.0 23.0 5586.0 0.09644530173601543
31 37 40 0.0 0.0 438.0 0.0 8608.0 27.0 1731.0 0.1269265639165911
31 37 41 0.0 0.0 862.0 0.0 12319.0 42.0 7660.0 0.09228740936058008
31 37 42 0.0 0.0 449.0 0.0 8332.0 19.0 1319.0 0.13005109150023222
31 37 43 0.0 0.0 273.0 0.0 6681.0 21.0 746.0 0.15659955257270688
31 37 44 0.0 0.0 90.0 0.0 2234.0 9.0 27.0 0.3244495944380069
31 37 45 0.0 0.0 27.0 0.0 745.0 3.0 1.0 0.5055976886962801
31 37 46 0.0 0.0 0.0 0.0 27.0 0.0 0.0 0.6906758756783422
31 37 47 0.0 0.0 0.0 0.0 5.0 0.0 0.0 0.6982543640897755
31 38 32 0.0 0.0 0.0 0.0 2.0 0.0 0.0 0.6993006993006992
31 38 33 0.0 0.0 6.0 0.0 133.0 0.0 0.0 0.6548175865294666
31 38 34 0.0 0.0 78.0 0.0 1860.0 8.0 21.0 0.3562340966921119
31 38 35 0.0 0.0 339.0 0.0 7393.0 23.0 965.0 0.14407739014099
31 38 36 0.0 0.0 619.0 0.0 10685.0 26.0 3346.0 0.105318588730911
31 38 37 0.0 0.0 482.0 0.0 9232.0 17.0 1884.0 0.11963766877456843
31 38 38 0.0 0.0 479.0 0.0 9143.0 21.0 1737.0 0.1205857019810508
31 38 39 0.0 0.0 1428.0 0.0 12946.0 43.0 18746.0 0.08554319931565439
31 38 40 0.0 0.0 590.0 0.0 10290.0 25.0 2873.0 0.10877165721389169
31 38 41 0.0 0.0 814.0 0.0 12016.0 38.0 6987.0 0.09455626097528029
31 38 42 0.0 0.0 654.0 0.0 11111.0 29.0 4495.0 0.10172939979654118
31 38 43 0.0 0.0 474.0 0.0 9594.0 22.0 2727.0 0.11609586201177542
31 38 44 0.0 0.0 156.0 0.0 3366.0 17.0 99.0 0.2542680711950599
31 38 45 0.0 0.0 1.0 0.0 303.0 3.0 0.0 0.6084311169056931
31 38 46 0.0 0.0 1.0 0.0 71.0 0.0 0.0 0.6756756756756755
31 38 47 0.0 0.0 0.0 0.0 2.0 0.0 0.0 0.6993006993006992
31 38 48 0.0 0.0 0.0 0.0 2.0 0.0 0.0 0.6993006993006992
31 39 32 0.0 0.0 0.0 0.0 9.0 0.0 0.0 0.697211155378486
31 39 33 0.0 0.0 113.0 0.0 2360.0 21.0 27.0 0.31439479002919374
31 39 34 0.0 0.0 352.0 0.0 7422.0 20.0 946.0 0.14347202295552366
31 39 35 0.0 0.0 62.0 0.0 1978.0 6.0 37.0 0.3472222222222222
31 39 36 0.0 0.0 307.0 0.0 6675.0 18.0 629.0 0.15602362643486012
31 39 37 0.0 0.0 427.0 0.0 9036.0 19.0 1888.0 0.12223871474722779
31 39 38 0.0 0.0 1215.0 0.0 12456.0 37.0 16214.0 0.08930849706557793
31 39 39 0.0 0.0 1121.0 0.0 12780.0 42.0 12469.0 0.08815010703941568
31 39 40 0.0 0.0 817.0 0.0 12139.0 33.0 6380.0 0.09361417586091607
31 39 41 0.0 0.0 359.0 0.0 7572.0 15.0 913.0 0.1411290322580645
31 39 42 0.0 0.0 457.0 0.0 8993.0 26.0 1728.0 0.12240972282941327
31 39 43 0.0 0.0 438.0 0.0 8288.0 20.0 1314.0 0.13070675007002144
31 39 44 0.0 0.0 236.0 0.0 5216.0 16.0 302.0 0.18827326519634208
31 39 45 0.0 0.0 347.0 0.0 7242.0 17.0 854.0 0.146168302359574
31 39 46 0.0 0.0 0.0 0.0 35.0 0.0 0.0 0.6882989183874139
31 39 47 0.0 0.0 0.0 0.0 5.0 0.0 0.0 0.6982543640897755
31 39 48 0.0 0.0 0.0 0.0 2.0 0.0 0.0 0.6993006993006992
31 40 31 0.0 0.0 1.0 0.0 5.0 0.0 0.0 0.6979062811565303
31 40 32 0.0 0.0 0.0 0.0 30.0 1.0 0.0 0.6899950714637751
31 40 33 0.0 0.0 408.0 0.0 7802.0 24.0 1067.0 0.13741656851197484
31 40 34 0.0 0.0 29.0 0.0 830.0 9.0 3.0 0.4912280701754385
31 40 35 0.0 0.0 114.0 0.0 3246.0 11.0 97.0 0.2617311647036829
31 40 36 0.0 0.0 545.0 0.0 9877.0 30.0 2496.0 0.11291233163964835
31 40 37 0.0 0.0 679.0 0.0 10892.0 34.0 3609.0 0.10334391378164906
31 40 38 0.0 0.0 1338.0 0.0 12468.0 46.0 19110.0 0.08857956342929452
31 40 39 0.0 0.0 427.0 0.0 8706.0 26.0 1599.0 0.12588795971585287
31 40 40 0.0 0.0 405.0 0.0 7688.0 19.0 966.0 0.1388751115960718
31 40 41 0.0 0.0 346.0 0.0 7380.0 23.0 1005.0 0.14422581642113935
31 40 42 0.0 0.0 614.0 0.0 10857.0 23.0 3627.0 0.10400416016640664
31 40 43 0.0 0.0 346.0 0.0 7510.0 17.0 924.0 0.14223305902671948
31 40 44 0.0 0.0 572.0 0.0 10123.0 24.0 2780.0 0.1103404791929382
31 40 45 0.0 0.0 201.0 0.0 4140.0 14.0 160.0 0.22120398167167007
31 40 46 0.0 0.0 21.0 0.0 462.0 6.0 1.0 0.5651998385143318
31 40 47 0.0 0.0 0.0 0.0 33.0 0.0 0.0 0.6886374815543531
31 40 48 0.0 0.0 0.0 0.0 1.0 0.0 0.0 0.6996501749125437
31 41 32 0.0 0.0 1.0 0.0 17.0 0.0 0.0 0.6937561942517343
31 41 33 0.0 0.0 19.0 0.0 539.0 6.0 0.0 0.5485893416927898
31 41 34 0.0 0.0 17.0 0.0 674.0 3.0 2.0 0.5208333333333333
31 41 35 0.0 0.0 191.0 0.0 3981.0 26.0 141.0 0.2278275020341741
31 41 36 0.0 0.0 542.0 0.0 9798.0 17.0 2496.0 0.11354420113544199
31 41 37 0.0 0.0 380.0 0.0 7876.0 18.0 1095.0 0.13671874999999997
31 41 38 0.0 0.0 302.0 0.0 7082.0 28.0 830.0 0.14950875694147797
31 41 39 0.0 0.0 489.0 0.0 9009.0 20.0 1637.0 0.12188751523593938
31 41 40 0.0 0.0 416.0 0.0 8382.0 18.0 1378.0 0.12980992118683354
31 41 41 0.0 0.0 423.0 0.0 8785.0 23.0 1746.0 0.1250893495353824
31 41 42 0.0 0.0 379.0 0.0 7868.0 20.0 1142.0 0.13677217663149666
31 41 43 0.0 0.0 650.0 0.0 10988.0 23.0 4263.0 0.10269953051643192
31 41 44 0.0 0.0 789.0 0.0 11812.0 32.0 6181.0 0.09592983417842949
31 41 45 0.0 0.0 697.0 0.0 10985.0 32.0 4056.0 0.10247401551749376
31 41 46 0.0 0.0 242.0 0.0 4870.0 31.0 208.0 0.1976563602993082
31 41 47 0.0 0.0 56.0 0.0 1121.0 16.0 6.0 0.44275774826059444
31 41 48 0.0 0.0 3.0 0.0 88.0 1.0 0.0 0.6698564593301434
31 42 30 0.0 0.0 0.0 0.0 4.0 0.0 0.0 0.6986027944111775
31 42 31 0.0 0.0 0.0 0.0 7.0 1.0 0.0 0.6979062811565303
31 42 32 0.0 0.0 0.0 0.0 10.0 0.0 0.0 0.6965174129353233
31 42 33 0.0 0.0 65.0 0.0 1751.0 9.0 21.0 0.3676470588235293
31 42 34 0.0 0.0 151.0 0.0 3736.0 17.0 131.0 0.2384196185286103
31 42 35 0.0 0.0 200.0 0.0 4511.0 21.0 214.0 0.20914251568568865
31 42 36 0.0 0.0 715.0 0.0 11365.0 27.0 4692.0 0.09953785993601136
31 42 37 0.0 0.0 512.0 0.0 9697.0 17.0 2331.0 0.11476350520534469
31 42 38 0.0 0.0 626.0 0.0 10759.0 26.0 3677.0 0.10464942442816563
31 42 39 0.0 0.0 304.0 0.0 6800.0 22.0 817.0 0.15410016510731972
31 42 40 0.0 0.0 921.0 0.0 12428.0 34.0 8668.0 0.09127656800104315
31 42 41 0.0 0.0 759.0 0.0 11825.0 25.0 6180.0 0.09598244892362538
31 42 42 0.0 0.0 699.0 0.0 11369.0 17.0 4528.0 0.09952370796900546
31 42 43 0.0 0.0 822.0 0.0 11991.0 28.0 6345.0 0.09450519778587821
31 42 44 0.0 0.0 428.0 0.0 8243.0 17.0 1233.0 0.1313444037902242
31 42 45 0.0 0.0 229.0 0.0 4999.0 22.0 293.0 0.19422863485016642
31 42 46 0.0 0.0 68.0 0.0 1521.0 11.0 11.0 0.3912800447177193
31 42 47 0.0 0.0 3.0 0.0 135.0 4.0 1.0 0.6560449859418931
31 42 48 0.0 0.0 0.0 0.0 2.0 0.0 0.0 0.6993006993006992
31 43 30 0.0 0.0 0.0 0.0 4.0 0.0 0.0 0.6986027944111775
31 43 31 0.0 0.0 7.0 0.0 103.0 1.0 0.0 0.6641366223908918
31 43 32 0.0 0.0 0.0 0.0 5.0 0.0 0.0 0.6982543640897755
31 43 33 0.0 0.0 1.0 0.0 56.0 0.0 0.0 0.6809338521400777
31 43 34 0.0 0.0 17.0 0.0 506.0 5.0 3.0 0.5562177195073499
31 43 35 0.0 0.0 496.0 0.0 9720.0 20.0 2674.0 0.11471648639790233
31 43 36 0.0 0.0 792.0 0.0 11781.0 33.0 7382.0 0.09610104338275671
31 43 37 0.0 0.0 147.0 0.0 3585.0 11.0 120.0 0.24471246285614398
31 43 38 0.0 0.0 171.0 0.0 4172.0 23.0 214.0 0.22151898734177214
31 43 39 0.0 0.0 529.0 0.0 9934.0 15.0 2978.0 0.11237758869802535
31 43 40 0.0 0.0 746.0 0.0 11686.0 20.0 6636.0 0.09701337398655671
31 43 41 0.0 0.0 822.0 0.0 12050.0 32.0 8304.0 0.09418729817007535
31 43 42 0.0 0.0 470.0 0.0 9193.0 15.0 2106.0 0.1201201201201201
31 43 43 0.0 0.0 584.0 0.0 10862.0 15.0 4688.0 0.10415891674726581
31 43 44 0.0 0.0 394.0 0.0 8075.0 17.0 1373.0 0.13384321223709367
31 43 45 0.0 0.0 103.0 0.0 2824.0 8.0 61.0 0.2845528455284552
31 43 46 0.0 0.0 67.0 0.0 1727.0 15.0 23.0 0.3704683778777454
31 43 47 0.0 0.0 2.0 0.0 72.0 2.0 0.0 0.6756756756756755
31 43 48 0.0 0.0 0.0 0.0 11.0 0.0 0.0 0.6961710591745399
31 44 30 0.0 0.0 0.0 0.0 1.0 0.0 0.0 0.6996501749125437
31 44 31 0.0 0.0 1.0 0.0 4.0 0.0 0.0 0.6982543640897755
31 44 32 0.0 0.0 6.0 0.0 94.0 2.0 0.0 0.6673021925643469
31 44 33 0.0 0.0 33.0 0.0 673.0 7.0 3.0 0.5187106335679881
31 44 34 0.0 0.0 43.0 0.0 1479.0 7.0 16.0 0.39840637450199196
31 44 35 0.0 0.0 241.0 0.0 4812.0 15.0 218.0 0.19886363636363635
31 44 36 0.0 0.0 276.0 0.0 6233.0 22.0 538.0 0.16493873704052778
31 44 37 0.0 0.0 271.0 0.0 5796.0 20.0 415.0 0.17395626242544732
31 44 38 0.0 0.0 320.0 0.0 6284.0 19.0 540.0 0.16309412861136996
31 44 39 0.0 0.0 355.0 0.0 7670.0 24.0 1072.0 0.13990206855201356
31 44 40 0.0 0.0 559.0 0.0 9749.0 21.0 2612.0 0.11383039271485486
31 44 41 0.0 0.0 358.0 0.0 7927.0 25.0 1276.0 0.13637249172024157
31 44 42 0.0 0.0 221.0 0.0 5683.0 12.0 448.0 0.17730496453900704
31 44 43 0.0 0.0 285.0 0.0 6860.0 15.0 802.0 0.15323992994746058
31 44 44 0.0 0.0 461.0 0.0 9315.0 24.0 2207.0 0.1189869114397416
31 44 45 0.0 0.0 64.0 0.0 1999.0 9.0 26.0 0.34533793783917116
31 44 46 0.0 0.0 12.0 0.0 512.0 7.0 1.0 0.5562177195073499
31 44 47 0.0 0.0 13.0 0.0 347.0 2.0 0.0 0.593975392448027
31 44 48 0.0 0.0 0.0 0.0 2.0 0.0 0.0 0.6993006993006992
31 45 31 0.0 0.0 0.0 0.0 1.0 0.0 0.0 0.6996501749125437
31 45 32 0.0 0.0 1.0 0.0 10.0 0.0 0.0 0.6961710591745399
31 45 33 0.0 0.0 0.0 0.0 45.0 0.0 0.0 0.6845965770171147
31 45 34 0.0 0.0 59.0 0.0 1765.0 11.0 25.0 0.367068694284216
31 45 35 0.0 0.0 97.0 0.0 2047.0 21.0 27.0 0.3395585738539898
31 45 36 0.0 0.0 63.0 0.0 1977.0 11.0 29.0 0.3474807644576817
31 45 37 0.0 0.0 255.0 0.0 6179.0 17.0 588.0 0.16621156357592304
31 45 38 0.0 0.0 363.0 0.0 7514.0 28.0 852.0 0.14205986808726534
31 45 39 0.0 0.0 306.0 0.0 6710.0 17.0 595.0 0.15548645046645931
31 45 40 0.0 0.0 252.0 0.0 5075.0 19.0 286.0 0.19151846785225712
31 45 41 0.0 0.0 217.0 0.0 4877.0 19.0 255.0 0.19782393669634024
31 45 42 0.0 0.0 81.0 0.0 1467.0 18.0 9.0 0.3968253968253968
31 45 43 0.0 0.0 103.0 0.0 2354.0 19.0 38.0 0.3154574132492113
31 45 44 0.0 0.0 86.0 0.0 2389.0 21.0 36.0 0.3143242029636282
31 45 45 0.0 0.0 137.0 0.0 3744.0 20.0 143.0 0.2388263391334015
31 45 46 0.0 0.0 136.0 0.0 3138.0 15.0 85.0 0.26615969581749044
31 45 47 0.0 0.0 13.0 0.0 202.0 3.0 0.0 0.6329113924050632
31 45 48 0.0 0.0 0.0 0.0 2.0 0.0 0.0 0.6993006993006992
31 46 32 0.0 0.0 0.0 0.0 8.0 0.0 0.0 0.697211155378486
31 46 33 0.0 0.0 1.0 0.0 43.0 0.0 0.0 0.684931506849315
31 46 34 0.0 0.0 3.0 0.0 75.0 0.0 0.0 0.6737247353224253
31 46 35 0.0 0.0 1.0 0.0 67.0 0.0 0.0 0.6769825918762088
31 46 36 0.0 0.0 170.0 0.0 3815.0 15.0 131.0 0.23438807969194705
31 46 37 0.0 0.0 157.0 0.0 3633.0 16.0 106.0 0.24250822795773425
31 46 38 0.0 0.0 37.0 0.0 1007.0 8.0 6.0 0.46098123147843256
31 46 39 0.0 0.0 109.0 0.0 2781.0 17.0 77.0 0.28729735276010665
31 46 40 0.0 0.0 44.0 0.0 1658.0 12.0 28.0 0.3791982665222101
31 46 41 0.0 0.0 266.0 0.0 5314.0 32.0 328.0 0.1854304635761589
31 46 42 0.0 0.0 12.0 0.0 357.0 2.0 0.0 0.5914659907055343
31 46 43 0.0 0.0 91.0 0.0 2333.0 12.0 36.0 0.31738834731353427
31 46 44 0.0 0.0 51.0 0.0 1094.0 8.0 6.0 0.44657097288676234
31 46 45 0.0 0.0 34.0 0.0 1033.0 4.0 3.0 0.45706823375775374
31 46 46 0.0 0.0 7.0 0.0 132.0 1.0 0.0 0.6551240056153486
31 46 47 0.0 0.0 5.0 0.0 129.0 2.0 0.0 0.6566604127579737
31 46 48 0.0 0.0 0.0 0.0 1.0 0.0 0.0 0.6996501749125437
31 47 32 0.0 0.0 0.0 0.0 4.0 0.0 0.0 0.6986027944111775
31 47 33 0.0 0.0 1.0 0.0 35.0 1.0 0.0 0.6879606879606879
31 47 34 0.0 0.0 0.0 0.0 7.0 0.0 0.0 0.6975585450921773
31 47 35 0.0 0.0 0.0 0.0 46.0 0.0 1.0 0.6842619745845552
31 47 36 0.0 0.0 12.0 0.0 319.0 2.0 0.0 0.6011163589523401
31 47 37 0.0 0.0 1.0 0.0 187.0 1.0 0.0 0.6401463191586647
31 47 38 0.0 0.0 3.0 0.0 233.0 2.0 1.0 0.6266786034019695
31 47 39 0.0 0.0 18.0 0.0 480.0 5.0 2.0 0.5615724027276373
31 47 40 0.0 0.0 3.0 0.0 157.0 1.0 1.0 0.6484483557202407
31 47 41 0.0 0.0 8.0 0.0 177.0 4.0 0.0 0.6422018348623851
31 47 42 0.0 0.0 4.0 0.0 108.0 2.0 0.0 0.6635071090047392
31 47 43 0.0 0.0 0.0 0.0 37.0 0.0 0.0 0.6872852233676975
31 47 44 0.0 0.0 6.0 0.0 221.0 1.0 0.0 0.6292134831460673
31 47 45 0.0 0.0 22.0 0.0 344.0 5.0 0.0 0.5929690808979245
31 47 46 0.0 0.0 3.0 0.0 64.0 1.0 0.0 0.6776379477250725
31 47 47 0.0 0.0 0.0 0.0 5.0 0.0 0.0 0.6982543640897755
31 48 35 0.0 0.0 0.0 0.0 2.0 0.0 0.0 0.6993006993006992
31 48 36 0.0 0.0 0.0 0.0 1.0 0.0 0.0 0.6996501749125437
31 48 37 0.0 0.0 0.0 0.0 29.0 0.0 0.0 0.6899950714637751
31 48 38 0.0 0.0 12.0 0.0 221.0 4.0 1.0 0.6280843427545983
31 48 39 0.0 0.0 0.0 0.0 50.0 1.0 0.0 0.6832601268911663
31 48 40 0.0 0.0 11.0 0.0 243.0 2.0 2.0 0.6216696269982237
31 48 41 0.0 0.0 244.0 0.0 5755.0 18.0 443.0 0.17537266691719902
31 48 42 0.0 0.0 19.0 0.0 349.0 3.0 0.0 0.5919661733615221
31 48 43 0.0 0.0 0.0 0.0 4.0 0.0 0.0 0.6986027944111775
31 48 44 0.0 0.0 0.0 0.0 5.0 0.0 0.0 0.6982543640897755
31 48 45 0.0 0.0 0.0 0.0 12.0 0.0 0.0 0.6958250497017892
31 48 46 0.0 0.0 0.0 0.0 7.0 0.0 0.0 0.6975585450921773
31 48 47 0.0 0.0 0.0 0.0 3.0 0.0 0.0 0.6989515726410384
31 49 40 0.0 0.0 0.0 0.0 2.0 0.0 0.0 0.6993006993006992
31 49 41 0.0 0.0 0.0 0.0 10.0 0.0 0.0 0.6965174129353233
31 49 42 0.0 0.0 0.0 0.0 5.0 0.0 0.0 0.6982543640897755
31 49 44 0.0 0.0 3.0 0.0 22.0 1.0 0.0 0.6916996047430829
31 49 45 0.0 0.0 0.0 0.0 3.0 0.0 0.0 0.6989515726410384
31 49 46 0.0 0.0 0.0 0.0 1.0 0.0 0.0 0.6996501749125437
32 31 33 0.0 0.0 0.0 0.0 1.0 0.0 0.0 0.6996501749125437
32 31 37 0.0 0.0 0.0 0.0 1.0 0.0 0.0 0.6996501749125437
32 31 38 0.0 0.0 0.0 0.0 3.0 0.0 0.0 0.6989515726410384
32 31 39 0.0 0.0 0.0 0.0 8.0 0.0 0.0 0.697211155378486
32 31 40 0.0 0.0 2.0 0.0 29.0 0.0 0.0 0.6893156080748399
32 31 41 0.0 0.0 13.0 0.0 308.0 4.0 0.0 0.6042296072507551
32 31 42 0.0 0.0 9.0 0.0 187.0 1.0 0.0 0.6378132118451024
32 31 43 0.0 0.0 0.0 0.0 18.0 0.0 0.0 0.6937561942517343
32 32 33 0.0 0.0 0.0 0.0 2.0 0.0 0.0 0.6993006993006992
32 32 34 0.0 0.0 0.0 0.0 3.0 0.0 0.0 0.6989515726410384
32 32 35 0.0 0.0 0.0 0.0 7.0 0.0 0.0 0.6975585450921773
32 32 36 0.0 0.0 0.0 0.0 7.0 0.0 0.0 0.6975585450921773
32 32 37 0.0 0.0 0.0 0.0 8.0 0.0 0.0 0.697211155378486
32 32 38 0.0 0.0 0.0 0.0 47.0 0.0 0.0 0.6839276990718123
32 32 39 0.0 0.0 2.0 0.0 107.0 1.0 0.0 0.6641366223908918
32 32 40 0.0 0.0 68.0 0.0 1596.0 7.0 17.0 0.38272279934390374
32 32 41 0.0 0.0 0.0 0.0 89.0 1.0 0.0 0.6704980842911876
32 32 42 0.0 0.0 113.0 0.0 2259.0 20.0 26.0 0.3216911764705882
32 32 43 0.0 0.0 0.0 0.0 68.0 0.0 0.0 0.6769825918762088
32 32 44 0.0 0.0 13.0 0.0 252.0 3.0 1.0 0.6189213085764809
32 32 45 0.0 0.0 0.0 0.0 2.0 0.0 0.0 0.6993006993006992
32 32 48 0.0 0.0 0.0 0.0 2.0 0.0 0.0 0.6993006993006992
32 33 33 0.0 0.0 0.0 0.0 2.0 0.0 0.0 0.6993006993006992
32 33 34 0.0 0.0 16.0 0.0 349.0 6.0 0.0 0.5934718100890207
32 33 35 0.0 0.0 0.0 0.0 23.0 0.0 0.0 0.6923837784371908
32 33 36 0.0 0.0 3.0 0.0 106.0 1.0 0.0 0.6644518272425248
32 33 37 0.0 0.0 7.0 0.0 208.0 0.0 0.0 0.6320541760722347
32 33 38 0.0 0.0 196.0 0.0 4084.0 14.0 161.0 0.22346368715083795
32 33 39 0.0 0.0 523.0 0.0 9879.0 25.0 2739.0 0.11295788284653863
32 33 40 0.0 0.0 410.0 0.0 7929.0 28.0 1057.0 0.13565891472868216
32 33 41 0.0 0.0 106.0 0.0 2667.0 12.0 46.0 0.2941176470588235
32 33 42 0.0 0.0 71.0 0.0 1865.0 17.0 19.0 0.35723398826231173
32 33 43 0.0 0.0 60.0 0.0 1456.0 16.0 12.0 0.39988574692944867
32 33 44 0.0 0.0 180.0 0.0 3902.0 12.0 134.0 0.23049061573921628
32 33 45 0.0 0.0 2.0 0.0 60.0 0.0 0.0 0.6789524733268669
32 33 46 0.0 0.0 1.0 0.0 12.0 0.0 0.0 0.695479384003974
32 33 47 0.0 0.0 0.0 0.0 1.0 0.0 0.0 0.6996501749125437
32 33 48 0.0 0.0 0.0 0.0 3.0 0.0 0.0 0.6993006993006992
32 33 49 0.0 0.0 0.0 0.0 2.0 0.0 0.0 0.6993006993006992
32 33 50 0.0 0.0 0.0 0.0 1.0 0.0 0.0 0.6996501749125437
32 34 33 0.0 0.0 0.0 0.0 9.0 1.0 0.0 0.697211155378486
32 34 34 0.0 0.0 1.0 0.0 21.0 1.0 0.0 0.6927263730826323
32 34 35 0.0 0.0 7.0 0.0 218.0 3.0 1.0 0.6303466906798738
32 34 36 0.0 0.0 266.0 0.0 5943.0 21.0 472.0 0.17091930167256744
32 34 37 0.0 0.0 575.0 0.0 10212.0 32.0 3283.0 0.10963194988253719
32 34 38 0.0 0.0 281.0 0.0 5999.0 11.0 458.0 0.16924564796905223
32 34 39 0.0 0.0 194.0 0.0 4114.0 19.0 161.0 0.22257551669316372
32 34 40 0.0 0.0 561.0 0.0 10141.0 21.0 2833.0 0.1103230890464933
32 34 41 0.0 0.0 641.0 0.0 11043.0 29.0 4556.0 0.10239157463614422
32 34 42 0.0 0.0 451.0 0.0 8864.0 20.0 1943.0 0.1238499646142958
32 34 43 0.0 0.0 198.0 0.0 4208.0 30.0 171.0 0.2195389681668496
32 34 44 0.0 0.0 594.0 0.0 10496.0 32.0 3342.0 0.10706638115631689
32 34 45 0.0 0.0 41.0 0.0 1256.0 11.0 6.0 0.42617960426179596
32 34 46 0.0 0.0 0.0 0.0 27.0 0.0 0.0 0.6906758756783422
32 34 47 0.0 0.0 0.0 0.0 11.0 0.0 0.0 0.6961710591745399
32 34 48 0.0 0.0 0.0 0.0 4.0 0.0 0.0 0.6986027944111775
32 34 49 0.0 0.0 0.0 0.0 2.0 0.0 0.0 0.6993006993006992
32 34 50 0.0 0.0 0.0 0.0 1.0 0.0 0.0 0.6996501749125437
32 35 33 0.0 0.0 0.0 0.0 7.0 0.0 0.0 0.6979062811565303
32 35 34 0.0 0.0 0.0 0.0 78.0 0.0 0.0 0.6737247353224253
32 35 35 0.0 0.0 240.0 0.0 4859.0 21.0 300.0 0.1976563602993082
32 35 36 0.0 0.0 218.0 0.0 4776.0 21.0 249.0 0.20063055316709658
32 35 37 0.0 0.0 442.0 0.0 8134.0 25.0 1213.0 0.1325381047051027
32 35 38 0.0 0.0 604.0 0.0 10638.0 35.0 3992.0 0.10590015128593039
32 35 39 0.0 0.0 642.0 0.0 10953.0 23.0 4071.0 0.10302450511443077
32 35 40 0.0 0.0 1138.0 0.0 12799.0 35.0 12913.0 0.0879120879120879
32 35 41 0.0 0.0 564.0 0.0 10297.0 30.0 2975.0 0.10900031142946122
32 35 42 0.0 0.0 429.0 0.0 8780.0 24.0 1537.0 0.12507817385866166
32 35 43 0.0 0.0 319.0 0.0 7479.0 16.0 1066.0 0.14309076042518393
32 35 44 0.0 0.0 296.0 0.0 6410.0 15.0 581.0 0.16104911998159438
32 35 45 0.0 0.0 284.0 0.0 6111.0 21.0 533.0 0.16698473282442747
32 35 46 0.0 0.0 2.0 0.0 226.0 1.0 1.0 0.6286484059272563
32 35 47 0.0 0.0 132.0 0.0 2832.0 15.0 52.0 0.28294260307194824
32 35 48 0.0 0.0 0.0 0.0 31.0 0.0 0.0 0.6893156080748399
32 36 32 0.0 0.0 0.0 0.0 3.0 0.0 0.0 0.6989515726410384
32 36 33 0.0 0.0 3.0 0.0 43.0 0.0 0.0 0.6842619745845552
32 36 34 0.0 0.0 27.0 0.0 802.0 10.0 1.0 0.4966300106420715
32 36 35 0.0 0.0 370.0 0.0 7749.0 30.0 1140.0 0.1385041551246537
32 36 36 0.0 0.0 468.0 0.0 8551.0 31.0 1352.0 0.127295871976723
32 36 37 0.0 0.0 590.0 0.0 10367.0 28.0 3054.0 0.10824184320395853
32 36 38 0.0 0.0 641.0 0.0 11034.0 17.0 4022.0 0.10242903131401813
32 36 39 0.0 0.0 720.0 0.0 11509.0 34.0 4741.0 0.09850830284266815
32 36 40 0.0 0.0 1125.0 0.0 13180.0 30.0 11289.0 0.08587903324745429
32 36 41 0.0 0.0 867.0 0.0 12205.0 33.0 6711.0 0.09293063391968137
32 36 42 0.0 0.0 674.0 0.0 11246.0 28.0 4525.0 0.10064701653486699
32 36 43 0.0 0.0 762.0 0.0 11900.0 35.0 5248.0 0.09551750017056695
32 36 44 0.0 0.0 444.0 0.0 9128.0 22.0 2105.0 0.12110726643598613
32 36 45 0.0 0.0 441.0 0.0 9322.0 19.0 1987.0 0.11913879669815333
32 36 46 0.0 0.0 19.0 0.0 698.0 4.0 4.0 0.5160339107998525
32 36 47 0.0 0.0 105.0 0.0 1912.0 13.0 14.0 0.34973769672745436
32 36 48 0.0 0.0 14.0 0.0 466.0 3.0 1.0 0.5654281098546041
32 36 49 0.0 0.0 0.0 0.0 4.0 0.0 0.0 0.6986027944111775
32 36 50 0.0 0.0 0.0 0.0 1.0 0.0 0.0 0.6996501749125437
32 37 32 0.0 0.0 0.0 0.0 8.0 0.0 0.0 0.6975585450921773
32 37 33 0.0 0.0 0.0 0.0 131.0 0.0 0.0 0.6569685593618019
32 37 34 0.0 0.0 61.0 0.0 1527.0 10.0 12.0 0.3912800447177193
32 37 35 0.0 0.0 302.0 0.0 6969.0 18.0 772.0 0.15131863380890617
32 37 36 0.0 0.0 663.0 0.0 11272.0 35.0 4465.0 0.10056748796781839
32 37 37 0.0 0.0 705.0 0.0 11188.0 33.0 3915.0 0.10088635872306694
32 37 38 0.0 0.0 1308.0 0.0 13215.0 51.0 14961.0 0.08481250378627248
32 37 39 0.0 0.0 1752.0 0.0 13091.0 59.0 23525.0 0.08324909317952071
32 37 40 0.0 0.0 1638.0 0.0 12912.0 48.0 21867.0 0.08459725663182065
32 37 41 0.0 0.0 1601.0 0.0 12790.0 35.0 22514.0 0.08544921874999999
32 37 42 0.0 0.0 1088.0 0.0 12944.0 32.0 11546.0 0.08735804317983276
32 37 43 0.0 0.0 787.0 0.0 11759.0 27.0 5155.0 0.09625300790649706
32 37 44 0.0 0.0 867.0 0.0 12046.0 28.0 8536.0 0.09391561011605286
32 37 45 0.0 0.0 610.0 0.0 10384.0 24.0 2746.0 0.10779180782260547
32 37 46 0.0 0.0 146.0 0.0 3193.0 21.0 74.0 0.26325686348251215
32 37 47 0.0 0.0 8.0 0.0 203.0 2.0 0.0 0.6337709370755997
32 37 48 0.0 0.0 7.0 0.0 398.0 2.0 4.0 0.5826050769870994
32 37 49 0.0 0.0 0.0 0.0 23.0 0.0 0.0 0.6920415224913494
32 38 32 0.0 0.0 1.0 0.0 59.0 2.0 0.0 0.6802721088435373
32 38 33 0.0 0.0 137.0 0.0 3025.0 17.0 59.0 0.2718974558166634
32 38 34 0.0 0.0 419.0 0.0 8135.0 22.0 1204.0 0.1328147234607722
32 38 35 0.0 0.0 642.0 0.0 10962.0 21.0 3908.0 0.1029260402881929
32 38 36 0.0 0.0 1391.0 0.0 12778.0 43.0 17800.0 0.08658544127651678
32 38 37 0.0 0.0 904.0 0.0 12323.0 27.0 7114.0 0.09201445941505092
32 38 38 0.0 0.0 1621.0 0.0 13234.0 37.0 20404.0 0.0830614061109463
32 38 39 0.0 0.0 2200.0 0.0 12068.0 52.0 34894.0 0.08610615659019619
32 38 40 0.0 0.0 1527.0 0.0 13208.0 29.0 18572.0 0.08361703398435165
32 38 41 0.0 0.0 1434.0 0.0 13222.0 40.0 17065.0 0.08406893652795291
32 38 42 0.0 0.0 1670.0 0.0 12774.0 49.0 23982.0 0.08520998174071819
32 38 43 0.0 0.0 1021.0 0.0 12693.0 28.0 11313.0 0.08906985621580352
32 38 44 0.0 0.0 664.0 0.0 11281.0 17.0 5343.0 0.1003440366972477
32 38 45 0.0 0.0 247.0 0.0 5859.0 19.0 495.0 0.17307454567931757
32 38 46 0.0 0.0 138.0 0.0 3220.0 24.0 103.0 0.2624671916010498
32 38 47 0.0 0.0 151.0 0.0 3798.0 15.0 138.0 0.23584905660377356
32 38 48 0.0 0.0 3.0 0.0 65.0 2.0 0.0 0.6776379477250725
32 38 49 0.0 0.0 0.0 0.0 13.0 0.0 0.0 0.6958250497017892
32 38 51 0.0 0.0 0.0 0.0 1.0 0.0 0.0 0.6996501749125437
32 39 31 0.0 0.0 0.0 0.0 2.0 0.0 0.0 0.6993006993006992
32 39 32 0.0 0.0 5.0 0.0 142.0 2.0 0.0 0.6529850746268656
32 39 33 0.0 0.0 292.0 0.0 6228.0 19.0 501.0 0.16462841015992472
32 39 34 0.0 0.0 750.0 0.0 11614.0 34.0 5950.0 0.09753378849101295
32 39 35 0.0 0.0 425.0 0.0 8588.0 29.0 1504.0 0.127353770581279
32 39 36 0.0 0.0 1016.0 0.0 12731.0 44.0 11152.0 0.08895666539585714
32 39 37 0.0 0.0 1449.0 0.0 13183.0 32.0 16838.0 0.08411439557798604
32 39 38 0.0 0.0 1810.0 0.0 12558.0 48.0 26875.0 0.08545443447476041
32 39 39 0.0 0.0 2162.0 0.0 11644.0 59.0 38292.0 0.08864125617323033
32 39 40 0.0 0.0 1616.0 0.0 13386.0 40.0 19457.0 0.08225616921269095
32 39 41 0.0 0.0 1098.0 0.0 12992.0 46.0 11050.0 0.08704843623702044
32 39 42 0.0 0.0 992.0 0.0 12757.0 30.0 9564.0 0.0888719608963372
32 39 43 0.0 0.0 932.0 0.0 12417.0 40.0 7916.0 0.091324200913242
32 39 44 0.0 0.0 935.0 0.0 12465.0 30.0 8312.0 0.09097407238936903
32 39 45 0.0 0.0 232.0 0.0 5757.0 22.0 458.0 0.17554858934169276
32 39 46 0.0 0.0 19.0 0.0 724.0 7.0 2.0 0.5116959064327484
32 39 47 0.0 0.0 59.0 0.0 1783.0 18.0 36.0 0.3661087866108786
32 39 48 0.0 0.0 1.0 0.0 33.0 0.0 0.0 0.6882989183874139
32 39 49 0.0 0.0 0.0 0.0 11.0 0.0 0.0 0.6961710591745399
32 40 30 0.0 0.0 0.0 0.0 1.0 0.0 0.0 0.6996501749125437
32 40 31 0.0 0.0 0.0 0.0 3.0 0.0 0.0 0.6989515726410384
32 40 32 0.0 0.0 67.0 0.0 1726.0 13.0 25.0 0.37037037037037035
32 40 33 0.0 0.0 228.0 0.0 5060.0 17.0 331.0 0.19246631839428097
32 40 34 0.0 0.0 727.0 0.0 11556.0 15.0 5024.0 0.09795689896445563
32 40 35 0.0 0.0 414.0 0.0 8278.0 22.0 1338.0 0.13111069488668287
32 40 36 0.0 0.0 1009.0 0.0 12545.0 38.0 9899.0 0.09003794456235127
32 40 37 0.0 0.0 816.0 0.0 12071.0 34.0 6076.0 0.09418096199125461
32 40 38 0.0 0.0 1566.0 0.0 13076.0 44.0 20534.0 0.08414472893376607
32 40 39 0.0 0.0 1461.0 0.0 13165.0 48.0 17895.0 0.08425613866153105
32 40 40 0.0 0.0 1321.0 0.0 13405.0 34.0 13395.0 0.08370702541106127
32 40 41 0.0 0.0 1030.0 0.0 12868.0 35.0 8973.0 0.08810018249323516
32 40 42 0.0 0.0 1399.0 0.0 13019.0 38.0 16775.0 0.08526706863999026
32 40 43 0.0 0.0 1205.0 0.0 12894.0 40.0 14268.0 0.08702679181948156
32 40 44 0.0 0.0 1291.0 0.0 12876.0 48.0 15220.0 0.08667120658701169
32 40 45 0.0 0.0 302.0 0.0 6860.0 27.0 726.0 0.15320639089516305
32 40 46 0.0 0.0 333.0 0.0 7489.0 27.0 993.0 0.14285714285714285
32 40 47 0.0 0.0 15.0 0.0 333.0 6.0 0.0 0.5977796754910332
32 40 48 0.0 0.0 12.0 0.0 349.0 3.0 0.0 0.5937234944868531
32 40 49 0.0 0.0 0.0 0.0 4.0 0.0 0.0 0.6986027944111775
32 41 30 0.0 0.0 0.0 0.0 1.0 0.0 0.0 0.6996501749125437
32 41 31 0.0 0.0 71.0 0.0 1258.0 11.0 8.0 0.42194092827004215
32 41 32 0.0 0.0 23.0 0.0 588.0 8.0 1.0 0.5378409527468304
32 41 33 0.0 0.0 188.0 0.0 4432.0 21.0 227.0 0.2121533565691771
32 41 34 0.0 0.0 569.0 0.0 9985.0 30.0 2472.0 0.11166055192215663
32 41 35 0.0 0.0 916.0 0.0 12370.0 22.0 8211.0 0.09158108196506835
32 41 36 0.0 0.0 904.0 0.0 12454.0 29.0 7893.0 0.09123492994460736
32 41 37 0.0 0.0 1322.0 0.0 12772.0 46.0 17541.0 0.08708092305778439
32 41 38 0.0 0.0 1254.0 0.0 12824.0 40.0 14462.0 0.08708633988554366
32 41 39 0.0 0.0 1436.0 0.0 13103.0 32.0 17529.0 0.08459725663182065
32 41 40 0.0 0.0 1207.0 0.0 12962.0 45.0 11756.0 0.08668730650154798
32 41 41 0.0 0.0 1220.0 0.0 13285.0 41.0 12414.0 0.08489993935718616
32 41 42 0.0 0.0 1174.0 0.0 13168.0 36.0 10677.0 0.08573703227386857
32 41 43 0.0 0.0 1870.0 0.0 11829.0 37.0 33067.0 0.08903586873569065
32 41 44 0.0 0.0 1389.0 0.0 12856.0 38.0 18243.0 0.08615914825527723
32 41 45 0.0 0.0 561.0 0.0 10439.0 20.0 3376.0 0.10773374374759521
32 41 46 0.0 0.0 503.0 0.0 9426.0 27.0 2099.0 0.11753840987322642
32 41 47 0.0 0.0 26.0 0.0 717.0 5.0 2.0 0.5113221329437544
32 41 48 0.0 0.0 1.0 0.0 52.0 0.0 0.0 0.6819288845591815
32 41 49 0.0 0.0 4.0 0.0 130.0 1.0 0.0 0.6563525550867322
32 42 30 0.0 0.0 25.0 0.0 683.0 5.0 2.0 0.5179430262671106
32 42 31 0.0 0.0 2.0 0.0 132.0 1.0 1.0 0.6563525550867322
32 42 32 0.0 0.0 17.0 0.0 557.0 6.0 2.0 0.5453837164004673
32 42 33 0.0 0.0 167.0 0.0 3738.0 27.0 117.0 0.238135737370301
32 42 34 0.0 0.0 454.0 0.0 9373.0 28.0 2346.0 0.11853357040047412
32 42 35 0.0 0.0 823.0 0.0 12023.0 25.0 8171.0 0.09430149535228344
32 42 36 0.0 0.0 1559.0 0.0 12322.0 45.0 23375.0 0.08818897637795275
32 42 37 0.0 0.0 1385.0 0.0 12966.0 43.0 16756.0 0.08563738683631024
32 42 38 0.0 0.0 1133.0 0.0 12874.0 33.0 11765.0 0.08747266479225241
32 42 39 0.0 0.0 949.0 0.0 12518.0 25.0 9667.0 0.09043343453265291
32 42 40 0.0 0.0 1430.0 0.0 12628.0 50.0 20546.0 0.08722197993894461
32 42 41 0.0 0.0 1205.0 0.0 13116.0 34.0 11843.0 0.08578957043936514
32 42 42 0.0 0.0 1166.0 0.0 13061.0 40.0 12409.0 0.08635578583765112
32 42 43 0.0 0.0 1313.0 0.0 13053.0 50.0 15530.0 0.08560073372057474
32 42 44 0.0 0.0 1425.0 0.0 13075.0 41.0 17706.0 0.08487420430433464
32 42 45 0.0 0.0 668.0 0.0 11107.0 29.0 3883.0 0.1017220082830778
32 42 46 0.0 0.0 582.0 0.0 10626.0 29.0 3440.0 0.10606864156375481
32 42 47 0.0 0.0 332.0 0.0 7094.0 20.0 781.0 0.1487462813429664
32 42 48 0.0 0.0 9.0 0.0 139.0 2.0 0.0 0.6523765144454798
32 42 49 0.0 0.0 0.0 0.0 1.0 0.0 0.0 0.6996501749125437
32 42 50 0.0 0.0 0.0 0.0 1.0 0.0 0.0 0.6996501749125437
32 43 30 0.0 0.0 0.0 0.0 20.0 0.0 0.0 0.6930693069306929
32 43 31 0.0 0.0 254.0 0.0 5968.0 21.0 537.0 0.1705237515225335
32 43 32 0.0 0.0 213.0 0.0 3625.0 20.0 79.0 0.2406738868832731
32 43 33 0.0 0.0 15.0 0.0 696.0 6.0 4.0 0.5179430262671106
32 43 34 0.0 0.0 343.0 0.0 6922.0 15.0 681.0 0.15131863380890617
32 43 35 0.0 0.0 653.0 0.0 11094.0 32.0 4033.0 0.10201107548819585
32 43 36 0.0 0.0 814.0 0.0 12073.0 29.0 8279.0 0.09409234491565292
32 43 37 0.0 0.0 748.0 0.0 11510.0 34.0 4596.0 0.09830080044937509
32 43 38 0.0 0.0 717.0 0.0 11483.0 29.0 4880.0 0.09869580542826928
32 43 39 0.0 0.0 1123.0 0.0 12849.0 49.0 11094.0 0.08771380239333373
32 43 40 0.0 0.0 1398.0 0.0 13146.0 48.0 17335.0 0.08472012102874431
32 43 41 0.0 0.0 1506.0 0.0 12638.0 45.0 20834.0 0.0868001736003472
32 43 42 0.0 0.0 1653.0 0.0 12663.0 46.0 24586.0 0.08581586367537083
32 43 43 0.0 0.0 1255.0 0.0 12860.0 38.0 15745.0 0.08692952499223842
32 43 44 0.0 0.0 939.0 0.0 12588.0 40.0 9149.0 0.09024107257960551
32 43 45 0.0 0.0 1085.0 0.0 12874.0 32.0 10478.0 0.08774678784080225
32 43 46 0.0 0.0 578.0 0.0 10275.0 29.0 2638.0 0.1090427603395903
32 43 47 0.0 0.0 28.0 0.0 904.0 3.0 4.0 0.4779788323659951
32 43 48 0.0 0.0 1.0 0.0 48.0 0.0 0.0 0.6832601268911663
32 43 49 0.0 0.0 0.0 0.0 9.0 0.0 0.0 0.6968641114982577
32 44 30 0.0 0.0 1.0 0.0 23.0 0.0 0.0 0.6916996047430829
32 44 31 0.0 0.0 0.0 0.0 62.0 1.0 0.0 0.6792819019893255
32 44 32 0.0 0.0 100.0 0.0 2384.0 15.0 39.0 0.31319910514541377
32 44 33 0.0 0.0 97.0 0.0 2362.0 13.0 38.0 0.3148897885739991
32 44 34 0.0 0.0 714.0 0.0 11398.0 40.0 4609.0 0.09935419771485345
32 44 35 0.0 0.0 648.0 0.0 10982.0 31.0 4086.0 0.10285042609462239
32 44 36 0.0 0.0 473.0 0.0 9215.0 32.0 1839.0 0.11998628728145352
32 44 37 0.0 0.0 725.0 0.0 11261.0 27.0 4139.0 0.1002004008016032
32 44 38 0.0 0.0 788.0 0.0 11996.0 22.0 6209.0 0.09472900737532985
32 44 39 0.0 0.0 1080.0 0.0 12897.0 28.0 9856.0 0.08764241893076248
32 44 40 0.0 0.0 1194.0 0.0 13197.0 37.0 12516.0 0.08543878921030147
32 44 41 0.0 0.0 875.0 0.0 12484.0 40.0 7865.0 0.09124087591240874
32 44 42 0.0 0.0 872.0 0.0 12364.0 31.0 7175.0 0.09194194522886977
32 44 43 0.0 0.0 985.0 0.0 12723.0 33.0 9209.0 0.08914358484559057
32 44 44 0.0 0.0 518.0 0.0 9323.0 25.0 1778.0 0.11840324763193502
32 44 45 0.0 0.0 660.0 0.0 10949.0 29.0 4098.0 0.10299418818509526
32 44 46 0.0 0.0 404.0 0.0 8012.0 18.0 1201.0 0.1345377666730732
32 44 47 0.0 0.0 189.0 0.0 4745.0 15.0 288.0 0.2022536839063854
32 44 48 0.0 0.0 1.0 0.0 23.0 0.0 0.0 0.6916996047430829
32 45 31 0.0 0.0 0.0 0.0 2.0 0.0 0.0 0.6993006993006992
32 45 32 0.0 0.0 0.0 0.0 18.0 0.0 0.0 0.694100148735746
32 45 33 0.0 0.0 300.0 0.0 6400.0 24.0 550.0 0.1613646841862609
32 45 34 0.0 0.0 236.0 0.0 5164.0 28.0 297.0 0.18983050847457625
32 45 35 0.0 0.0 495.0 0.0 9350.0 24.0 2172.0 0.1183231913455037
32 45 36 0.0 0.0 415.0 0.0 8499.0 28.0 1461.0 0.1284993116108306
32 45 37 0.0 0.0 571.0 0.0 10149.0 26.0 3016.0 0.11016682404784388
32 45 38 0.0 0.0 655.0 0.0 10923.0 28.0 4089.0 0.10322200103222
32 45 39 0.0 0.0 764.0 0.0 11801.0 30.0 5206.0 0.09618026930475404
32 45 40 0.0 0.0 893.0 0.0 12475.0 34.0 8348.0 0.091187390086628
32 45 41 0.0 0.0 588.0 0.0 10381.0 27.0 3245.0 0.10804970286331711
32 45 42 0.0 0.0 598.0 0.0 10028.0 18.0 2447.0 0.11095260738627356
32 45 43 0.0 0.0 845.0 0.0 12165.0 23.0 7419.0 0.0932525144874442
32 45 44 0.0 0.0 478.0 0.0 9386.0 24.0 2166.0 0.11816340310600944
32 45 45 0.0 0.0 375.0 0.0 8336.0 23.0 1484.0 0.13086558235184145
32 45 46 0.0 0.0 405.0 0.0 8832.0 18.0 2014.0 0.1246771751714311
32 45 47 0.0 0.0 161.0 0.0 3676.0 16.0 134.0 0.2405498281786941
32 45 48 0.0 0.0 3.0 0.0 82.0 1.0 0.0 0.6717850287907868
32 46 32 0.0 0.0 4.0 0.0 78.0 3.0 0.0 0.6734006734006733
32 46 33 0.0 0.0 179.0 0.0 4031.0 22.0 168.0 0.22609819121447028
32 46 34 0.0 0.0 303.0 0.0 6089.0 20.0 469.0 0.16716417910447756
32 46 35 0.0 0.0 19.0 0.0 697.0 4.0 4.0 0.5162241887905604
32 46 36 0.0 0.0 781.0 0.0 11672.0 23.0 5507.0 0.09691934925579783
32 46 37 0.0 0.0 608.0 0.0 10587.0 21.0 4165.0 0.1061490636136174
32 46 38 0.0 0.0 862.0 0.0 12341.0 34.0 7877.0 0.09215376513954711
32 46 39 0.0 0.0 515.0 0.0 9948.0 22.0 2918.0 0.11239563262684649
32 46 40 0.0 0.0 637.0 0.0 10755.0 24.0 3428.0 0.10462596218518794
32 46 41 0.0 0.0 201.0 0.0 5177.0 8.0 368.0 0.18993352326685656
32 46 42 0.0 0.0 445.0 0.0 8705.0 25.0 1687.0 0.12566196930257606
32 46 43 0.0 0.0 303.0 0.0 6652.0 18.0 677.0 0.15659955257270688
32 46 44 0.0 0.0 496.0 0.0 9825.0 19.0 2702.0 0.11362714065416767
32 46 45 0.0 0.0 415.0 0.0 7540.0 23.0 862.0 0.14085924137237146
32 46 46 0.0 0.0 369.0 0.0 7495.0 31.0 920.0 0.14223305902671948
32 46 47 0.0 0.0 39.0 0.0 960.0 10.0 10.0 0.46838407494145196
32 46 48 0.0 0.0 2.0 0.0 39.0 0.0 0.0 0.6859382655560998
32 47 32 0.0 0.0 0.0 0.0 10.0 0.0 0.0 0.6965174129353233
32 47 33 0.0 0.0 0.0 0.0 21.0 0.0 0.0 0.6927263730826323
32 47 34 0.0 0.0 9.0 0.0 211.0 3.0 0.0 0.6314839873703202
32 47 35 0.0 0.0 47.0 0.0 1049.0 8.0 4.0 0.45336787564766834
32 47 36 0.0 0.0 87.0 0.0 2419.0 14.0 45.0 0.31166518254674974
32 47 37 0.0 0.0 145.0 0.0 3698.0 17.0 135.0 0.24021962937542896
32 47 38 0.0 0.0 531.0 0.0 9534.0 20.0 2225.0 0.11614401858304296
32 47 39 0.0 0.0 441.0 0.0 8752.0 23.0 1559.0 0.12523481527864744
32 47 40 0.0 0.0 525.0 0.0 10065.0 27.0 3270.0 0.11130545396724438
32 47 41 0.0 0.0 579.0 0.0 9913.0 34.0 2390.0 0.11227845055738231
32 47 42 0.0 0.0 305.0 0.0 6437.0 20.0 646.0 0.16047684548372304
32 47 43 0.0 0.0 194.0 0.0 4812.0 19.0 289.0 0.2002861230329041
32 47 44 0.0 0.0 200.0 0.0 5076.0 18.0 337.0 0.19289060347203085
32 47 45 0.0 0.0 250.0 0.0 5158.0 19.0 226.0 0.18944519621109604
32 47 46 0.0 0.0 208.0 0.0 4652.0 21.0 181.0 0.20467836257309938
32 47 47 0.0 0.0 5.0 0.0 157.0 4.0 0.0 0.6487488415199257
32 47 48 0.0 0.0 0.0 0.0 1.0 0.0 0.0 0.0
32 48 34 0.0 0.0 0.0 0.0 17.0 0.0 0.0 0.694100148735746
32 48 35 0.0 0.0 0.0 0.0 39.0 0.0 0.0 0.6866110838646394
32 48 36 0.0 0.0 17.0 0.0 319.0 2.0 0.0 0.6003430531732418
32 48 37 0.0 0.0 23.0 0.0 775.0 8.0 2.0 0.5016123253314223
32 48 38 0.0 0.0 92.0 0.0 2454.0 14.0 40.0 0.30891438658428944
32 48 39 0.0 0.0 43.0 0.0 1192.0 11.0 6.0 0.4341085271317829
32 48 40 0.0 0.0 25.0 0.0 1212.0 6.0 12.0 0.43316831683168305
32 48 41 0.0 0.0 6.0 0.0 234.0 1.0 0.0 0.6252791424743188
32 48 42 0.0 0.0 9.0 0.0 332.0 2.0 0.0 0.5985463873450192
32 48 43 0.0 0.0 49.0 0.0 1324.0 16.0 11.0 0.41703902293714623
32 48 44 0.0 0.0 0.0 0.0 140.0 0.0 0.0 0.6542056074766354
32 48 45 0.0 0.0 229.0 0.0 5253.0 15.0 353.0 0.1874163319946452
32 48 46 0.0 0.0 9.0 0.0 468.0 3.0 0.0 0.5658852061438965
32 48 47 0.0 0.0 0.0 0.0 8.0 0.0 0.0 0.697211155378486
32 49 34 0.0 0.0 0.0 0.0 1.0 0.0 0.0 0.6996501749125437
32 49 35 0.0 0.0 0.0 0.0 4.0 0.0 0.0 0.6986027944111775
32 49 36 0.0 0.0 14.0 0.0 292.0 6.0 0.0 0.608695652173913
32 49 37 0.0 0.0 44.0 0.0 996.0 12.0 6.0 0.46235138705416107
32 49 38 0.0 0.0 7.0 0.0 51.0 2.0 0.0 0.6809338521400777
32 49 39 0.0 0.0 1.0 0.0 30.0 2.0 0.0 0.6899950714637751
32 49 40 0.0 0.0 0.0 0.0 22.0 0.0 0.0 0.6923837784371908
32 49 41 0.0 0.0 0.0 0.0 25.0 0.0 0.0 0.6913580246913579
32 49 42 0.0 0.0 0.0 0.0 9.0 0.0 0.0 0.6968641114982577
32 49 43 0.0 0.0 0.0 0.0 21.0 0.0 0.0 0.6927263730826323
32 49 44 0.0 0.0 1.0 0.0 20.0 1.0 0.0 0.6930693069306929
32 49 45 0.0 0.0 3.0 0.0 17.0 0.0 0.0 0.6934125804853887
32 49 46 0.0 0.0 0.0 0.0 14.0 1.0 0.0 0.695479384003974
32 49 47 0.0 0.0 0.0 0.0 1.0 0.0 0.0 0.6996501749125437
32 50 38 0.0 0.0 0.0 0.0 1.0 0.0 0.0 0.6996501749125437
32 50 39 0.0 0.0 0.0 0.0 1.0 0.0 0.0 0.6996501749125437
32 50 41 0.0 0.0 0.0 0.0 1.0 0.0 0.0 0.6996501749125437
32 50 43 0.0 0.0 0.0 0.0 1.0 0.0 0.0 0.6996501749125437
32 50 44 0.0 0.0 0.0 0.0 3.0 0.0 0.0 0.6989515726410384
33 31 33 0.0 0.0 0.0 0.0 3.0 0.0 0.0 0.6989515726410384
33 31 34 0.0 0.0 0.0 0.0 4.0 0.0 0.0 0.6986027944111775
33 31 35 0.0 0.0 0.0 0.0 2.0 0.0 0.0 0.6993006993006992
33 31 36 0.0 0.0 0.0 0.0 8.0 0.0 0.0 0.697211155378486
33 31 37 0.0 0.0 15.0 0.0 251.0 4.0 0.0 0.6189213085764809
33 31 38 0.0 0.0 0.0 0.0 25.0 0.0 0.0 0.6913580246913579
33 31 39 0.0 0.0 0.0 0.0 30.0 0.0 0.0 0.689655172413793
33 31 40 0.0 0.0 26.0 0.0 628.0 6.0 2.0 0.5287009063444108
33 31 41 0.0 0.0 2.0 0.0 40.0 1.0 0.0 0.6859382655560998
33 31 42 0.0 0.0 15.0 0.0 395.0 4.0 0.0 0.5818786367414795
33 31 43 0.0 0.0 0.0 0.0 36.0 0.0 0.0 0.6876227897838899
33 31 44 0.0 0.0 0.0 0.0 21.0 0.0 0.0 0.6927263730826323
33 31 45 0.0 0.0 0.0 0.0 5.0 0.0 0.0 0.6982543640897755
33 32 32 0.0 0.0 0.0 0.0 1.0 0.0 0.0 0.6996501749125437
33 32 33 0.0 0.0 19.0 0.0 362.0 5.0 3.0 0.5892255892255891
33 32 34 0.0 0.0 75.0 0.0 1810.0 8.0 22.0 0.36110394635027077
33 32 35 0.0 0.0 27.0 0.0 630.0 10.0 5.0 0.5291005291005291
33 32 36 0.0 0.0 11.0 0.0 478.0 6.0 1.0 0.56406124093473
33 32 37 0.0 0.0 31.0 0.0 720.0 7.0 2.0 0.5103900838497994
33 32 38 0.0 0.0 155.0 0.0 3241.0 24.0 88.0 0.2606105733432613
33 32 39 0.0 0.0 244.0 0.0 5402.0 25.0 354.0 0.18363064008394542
33 32 40 0.0 0.0 249.0 0.0 5552.0 24.0 406.0 0.17997171872991385
33 32 41 0.0 0.0 118.0 0.0 3505.0 15.0 131.0 0.249554367201426
33 32 42 0.0 0.0 264.0 0.0 6185.0 21.0 616.0 0.165994783021105
33 32 43 0.0 0.0 179.0 0.0 3666.0 23.0 142.0 0.24046719340432837
33 32 44 0.0 0.0 38.0 0.0 1031.0 6.0 6.0 0.45706823375775374
33 32 45 0.0 0.0 4.0 0.0 127.0 2.0 0.0 0.6575857209957726
33 32 46 0.0 0.0 0.0 0.0 3.0 0.0 0.0 0.6989515726410384
33 32 47 0.0 0.0 0.0 0.0 2.0 0.0 0.0 0.6993006993006992
33 32 48 0.0 0.0 0.0 0.0 3.0 0.0 0.0 0.6989515726410384
33 33 32 0.0 0.0 0.0 0.0 4.0 0.0 0.0 0.6986027944111775
33 33 33 0.0 0.0 54.0 0.0 1313.0 12.0 7.0 0.4172876304023844
33 33 34 0.0 0.0 28.0 0.0 814.0 6.0 4.0 0.49400141143260407
33 33 35 0.0 0.0 157.0 0.0 3368.0 7.0 100.0 0.2537151141718013
33 33 36 0.0 0.0 169.0 0.0 4098.0 28.0 137.0 0.2243949350857509
33 33 37 0.0 0.0 261.0 0.0 5379.0 12.0 305.0 0.1833420639078051
33 33 38 0.0 0.0 134.0 0.0 3750.0 12.0 134.0 0.2383790226460071
33 33 39 0.0 0.0 590.0 0.0 10608.0 19.0 3701.0 0.10608471622338408
33 33 40 0.0 0.0 594.0 0.0 10368.0 22.0 3027.0 0.10807472595337346
33 33 41 0.0 0.0 482.0 0.0 9181.0 23.0 1923.0 0.12018198987037512
33 33 42 0.0 0.0 621.0 0.0 10736.0 21.0 3362.0 0.10490034467256105
33 33 43 0.0 0.0 712.0 0.0 11605.0 22.0 5482.0 0.09773806199385644
33 33 44 0.0 0.0 170.0 0.0 4325.0 13.0 167.0 0.21594940613913305
33 33 45 0.0 0.0 8.0 0.0 232.0 4.0 0.0 0.626118067978533
33 33 46 0.0 0.0 38.0 0.0 1198.0 7.0 9.0 0.4334365325077399
33 33 47 0.0 0.0 36.0 0.0 1297.0 11.0 13.0 0.42143287176399746
33 33 48 0.0 0.0 130.0 0.0 3031.0 21.0 58.0 0.2723205602022952
33 33 49 0.0 0.0 0.0 0.0 13.0 0.0 0.0 0.695479384003974
33 34 32 0.0 0.0 0.0 0.0 20.0 0.0 0.0 0.6930693069306929
33 34 33 0.0 0.0 12.0 0.0 462.0 5.0 0.0 0.5670311867152693
33 34 34 0.0 0.0 179.0 0.0 4013.0 18.0 142.0 0.22668393782383417
33 34 35 0.0 0.0 242.0 0.0 5675.0 15.0 399.0 0.17708069820389577
33 34 36 0.0 0.0 374.0 0.0 7948.0 21.0 1264.0 0.1358300184340739
33 34 37 0.0 0.0 454.0 0.0 8856.0 34.0 1644.0 0.12400354295837022
33 34 38 0.0 0.0 595.0 0.0 10584.0 31.0 3323.0 0.10637489552465616
33 34 39 0.0 0.0 909.0 0.0 12353.0 27.0 8770.0 0.09179725919611827
33 34 40 0.0 0.0 1140.0 0.0 12739.0 44.0 13118.0 0.08822788001008318
33 34 41 0.0 0.0 1186.0 0.0 13101.0 35.0 11695.0 0.08603736479842673
33 34 42 0.0 0.0 908.0 0.0 12389.0 33.0 9749.0 0.09158108196506835
33 34 43 0.0 0.0 548.0 0.0 9892.0 28.0 2635.0 0.11267605633802816
33 34 44 0.0 0.0 238.0 0.0 5468.0 16.0 396.0 0.18193632228719944
33 34 45 0.0 0.0 251.0 0.0 5237.0 14.0 294.0 0.1872158331104573
33 34 46 0.0 0.0 15.0 0.0 523.0 6.0 0.0 0.5529225908372827
33 34 47 0.0 0.0 62.0 0.0 1644.0 7.0 12.0 0.3784806704514733
33 34 48 0.0 0.0 15.0 0.0 543.0 3.0 2.0 0.5481597494126859
33 34 49 0.0 0.0 91.0 0.0 2238.0 11.0 34.0 0.324074074074074
33 34 50 0.0 0.0 0.0 0.0 1.0 0.0 0.0 0.6996501749125437
33 35 31 0.0 0.0 13.0 0.0 181.0 3.0 1.0 0.6389776357827475
33 35 32 0.0 0.0 0.0 0.0 21.0 0.0 0.0 0.6927263730826323
33 35 33 0.0 0.0 9.0 0.0 216.0 5.0 0.0 0.6306306306306305
33 35 34 0.0 0.0 210.0 0.0 4693.0 17.0 257.0 0.2033405954974582
33 35 35 0.0 0.0 456.0 0.0 8731.0 28.0 1674.0 0.12535816618911172
33 35 36 0.0 0.0 660.0 0.0 11031.0 26.0 4308.0 0.10233170089905706
33 35 37 0.0 0.0 1651.0 0.0 12319.0 62.0 24899.0 0.08775228782750406
33 35 38 0.0 0.0 1084.0 0.0 12935.0 41.0 10771.0 0.08744534665833853
33 35 39 0.0 0.0 1075.0 0.0 12967.0 35.0 10550.0 0.08728179551122194
33 35 40 0.0 0.0 1331.0 0.0 12870.0 41.0 17665.0 0.08636644046884638
33 35 41 0.0 0.0 1444.0 0.0 12559.0 41.0 20701.0 0.08748359682559519
33 35 42 0.0 0.0 1202.0 0.0 12854.0 29.0 13576.0 0.08709717556302102
33 35 43 0.0 0.0 1704.0 0.0 12504.0 44.0 25007.0 0.08639308855291576
33 35 44 0.0 0.0 599.0 0.0 10324.0 23.0 2567.0 0.10843466811246223
33 35 45 0.0 0.0 578.0 0.0 10396.0 20.0 3320.0 0.1079414032382421
33 35 46 0.0 0.0 442.0 0.0 8726.0 24.0 1546.0 0.1255380200860832
33 35 47 0.0 0.0 87.0 0.0 2037.0 12.0 30.0 0.34046692607003887
33 35 48 0.0 0.0 20.0 0.0 828.0 5.0 4.0 0.4926108374384236
33 35 49 0.0 0.0 24.0 0.0 427.0 10.0 0.0 0.5735354362965996
33 35 50 0.0 0.0 0.0 0.0 2.0 0.0 0.0 0.6993006993006992
33 36 31 0.0 0.0 6.0 0.0 105.0 0.0 0.0 0.6631927996210326
33 36 32 0.0 0.0 14.0 0.0 188.0 2.0 0.0 0.6363636363636362
33 36 33 0.0 0.0 157.0 0.0 3266.0 13.0 81.0 0.25878003696857665
33 36 34 0.0 0.0 244.0 0.0 5384.0 17.0 347.0 0.18392012611665787
33 36 35 0.0 0.0 565.0 0.0 10479.0 26.0 3483.0 0.10747735298633501
33 36 36 0.0 0.0 1361.0 0.0 12513.0 36.0 19400.0 0.08817231389343745
33 36 37 0.0 0.0 1021.0 0.0 12742.0 31.0 10646.0 0.08886067914947635
33 36 38 0.0 0.0 1368.0 0.0 13383.0 33.0 15063.0 0.0835073068893528
33 36 39 0.0 0.0 1793.0 0.0 13066.0 48.0 23790.0 0.0830367734282325
33 36 40 0.0 0.0 1402.0 0.0 13196.0 45.0 16615.0 0.08439327265055156
33 36 41 0.0 0.0 1929.0 0.0 12361.0 55.0 29420.0 0.08587376556462
33 36 42 0.0 0.0 1564.0 0.0 13530.0 43.0 18528.0 0.08192883895131085
33 36 43 0.0 0.0 1376.0 0.0 13408.0 47.0 15656.0 0.08346747749359087
33 36 44 0.0 0.0 1090.0 0.0 12749.0 30.0 12025.0 0.08833922261484098
33 36 45 0.0 0.0 866.0 0.0 12167.0 29.0 7019.0 0.09318423855165069
33 36 46 0.0 0.0 233.0 0.0 5658.0 16.0 481.0 0.17773263932969402
33 36 47 0.0 0.0 591.0 0.0 10669.0 25.0 4191.0 0.10563645966950878
33 36 48 0.0 0.0 19.0 0.0 465.0 5.0 0.0 0.5647438483259378
33 36 49 0.0 0.0 0.0 0.0 39.0 0.0 0.0 0.6866110838646394
33 36 50 0.0 0.0 0.0 0.0 1.0 0.0 0.0 0.6996501749125437
33 37 30 0.0 0.0 0.0 0.0 2.0 0.0 0.0 0.6993006993006992
33 37 31 0.0 0.0 0.0 0.0 3.0 0.0 0.0 0.6989515726410384
33 37 32 0.0 0.0 3.0 0.0 76.0 1.0 1.0 0.6737247353224253
33 37 33 0.0 0.0 88.0 0.0 2349.0 12.0 51.0 0.316312697695436
33 37 34 0.0 0.0 486.0 0.0 9124.0 16.0 1797.0 0.12060647829083389
33 37 35 0.0 0.0 1153.0 0.0 12744.0 44.0 13289.0 0.0881112719491472
33 37 36 0.0 0.0 1043.0 0.0 12956.0 36.0 8964.0 0.08756019763587465
33 37 37 0.0 0.0 1764.0 0.0 13027.0 38.0 22795.0 0.08340283569641367
33 37 38 0.0 0.0 1842.0 0.0 12986.0 53.0 24961.0 0.08324414317992626
33 37 39 0.0 0.0 2386.0 0.0 12436.0 59.0 35556.0 0.08323424494649227
33 37 40 0.0 0.0 3003.0 0.0 11477.0 71.0 48320.0 0.08495661144486923
33 37 41 0.0 0.0 2430.0 0.0 12472.0 54.0 34863.0 0.08282063416942734
33 37 42 0.0 0.0 1802.0 0.0 13555.0 48.0 21891.0 0.08071955719557194
33 37 43 0.0 0.0 2089.0 0.0 11988.0 63.0 33122.0 0.08711343413602139
33 37 44 0.0 0.0 1522.0 0.0 12753.0 52.0 21843.0 0.08602679120068821
33 37 45 0.0 0.0 865.0 0.0 12184.0 30.0 6670.0 0.09307272969020076
33 37 46 0.0 0.0 591.0 0.0 10538.0 25.0 3544.0 0.10675613847796248
33 37 47 0.0 0.0 246.0 0.0 5460.0 22.0 337.0 0.18212566671002992
33 37 48 0.0 0.0 416.0 0.0 8678.0 26.0 1715.0 0.12639942217407002
33 37 49 0.0 0.0 97.0 0.0 1875.0 13.0 20.0 0.3535353535353535
33 37 50 0.0 0.0 32.0 0.0 786.0 7.0 1.0 0.49804340092493765
33 38 30 0.0 0.0 0.0 0.0 1.0 0.0 0.0 0.6996501749125437
33 38 31 0.0 0.0 0.0 0.0 18.0 0.0 0.0 0.6937561942517343
33 38 32 0.0 0.0 95.0 0.0 2516.0 18.0 52.0 0.3047453199825859
33 38 33 0.0 0.0 424.0 0.0 8356.0 19.0 1361.0 0.1300631735414344
33 38 34 0.0 0.0 824.0 0.0 12155.0 26.0 6254.0 0.09345170549362525
33 38 35 0.0 0.0 1466.0 0.0 13073.0 51.0 18391.0 0.08472524812394092
33 38 36 0.0 0.0 1488.0 0.0 13254.0 48.0 17462.0 0.08365200764818355
33 38 37 0.0 0.0 2143.0 0.0 12630.0 54.0 30479.0 0.0834575260804769
33 38 38 0.0 0.0 2781.0 0.0 11628.0 52.0 44470.0 0.08529304252467405
33 38 39 0.0 0.0 3346.0 0.0 9422.0 59.0 67531.0 0.0947354175125186
33 38 40 0.0 0.0 3186.0 0.0 10388.0 75.0 59358.0 0.09003794456235127
33 38 41 0.0 0.0 2590.0 0.0 12105.0 69.0 39672.0 0.08394795226959284
33 38 42 0.0 0.0 2184.0 0.0 12576.0 46.0 30987.0 0.08351727017836902
33 38 43 0.0 0.0 1598.0 0.0 13164.0 44.0 19779.0 0.08359207069500835
33 38 44 0.0 0.0 1025.0 0.0 12923.0 37.0 9193.0 0.08789001192793018
33 38 45 0.0 0.0 1003.0 0.0 12522.0 39.0 10821.0 0.09022362570084422
33 38 46 0.0 0.0 461.0 0.0 8537.0 23.0 1310.0 0.1274581209031318
33 38 47 0.0 0.0 678.0 0.0 11148.0 35.0 4599.0 0.10139784167451292
33 38 48 0.0 0.0 301.0 0.0 6215.0 20.0 501.0 0.16464777137480888
33 38 49 0.0 0.0 79.0 0.0 1792.0 11.0 22.0 0.36260036260036255
33 38 50 0.0 0.0 0.0 0.0 14.0 0.0 0.0 0.6951340615690167
33 38 51 0.0 0.0 0.0 0.0 1.0 0.0 0.0 0.6996501749125437
33 39 31 0.0 0.0 7.0 0.0 148.0 2.0 0.0 0.6502554575011611
33 39 32 0.0 0.0 51.0 0.0 1045.0 9.0 7.0 0.45351473922902485
33 39 33 0.0 0.0 499.0 0.0 9636.0 26.0 2571.0 0.11553061561313747
33 39 34 0.0 0.0 1130.0 0.0 12937.0 36.0 11490.0 0.08714054525084028
33 39 35 0.0 0.0 1804.0 0.0 12641.0 52.0 26107.0 0.08510120965290863
33 39 36 0.0 0.0 1980.0 0.0 12879.0 56.0 27857.0 0.0830367734282325
33 39 37 0.0 0.0 2911.0 0.0 11656.0 62.0 47181.0 0.08444927011702255
33 39 38 0.0 0.0 2490.0 0.0 12777.0 63.0 33773.0 0.08111709832551132
33 39 39 0.0 0.0 2834.0 0.0 11931.0 62.0 43388.0 0.08357211079274116
33 39 40 0.0 0.0 3422.0 0.0 10107.0 79.0 62558.0 0.09024688970540835
33 39 41 0.0 0.0 2860.0 0.0 11648.0 57.0 45076.0 0.08480736612551489
33 39 42 0.0 0.0 2205.0 0.0 12620.0 56.0 32044.0 0.08315020490586209
33 39 43 0.0 0.0 2897.0 0.0 9919.0 55.0 58735.0 0.09431420102398275
33 39 44 0.0 0.0 1359.0 0.0 13109.0 40.0 16221.0 0.08493599466116604
33 39 45 0.0 0.0 829.0 0.0 12147.0 36.0 6506.0 0.09357037829167222
33 39 46 0.0 0.0 465.0 0.0 9048.0 24.0 1641.0 0.12173913043478259
33 39 47 0.0 0.0 269.0 0.0 5832.0 19.0 426.0 0.17307454567931757
33 39 48 0.0 0.0 121.0 0.0 2754.0 13.0 50.0 0.28794734677087613
33 39 49 0.0 0.0 6.0 0.0 411.0 3.0 1.0 0.579950289975145
33 39 50 0.0 0.0 0.0 0.0 11.0 0.0 0.0 0.6961710591745399
33 40 30 0.0 0.0 0.0 0.0 1.0 0.0 0.0 0.6996501749125437
33 40 31 0.0 0.0 29.0 0.0 764.0 3.0 4.0 0.5017921146953404
33 40 32 0.0 0.0 222.0 0.0 4895.0 15.0 274.0 0.1969888841986773
33 40 33 0.0 0.0 641.0 0.0 10998.0 18.0 4234.0 0.10264682161448785
33 40 34 0.0 0.0 1124.0 0.0 12918.0 40.0 11814.0 0.0873307965816231
33 40 35 0.0 0.0 1787.0 0.0 12868.0 46.0 23780.0 0.08402352658744447
33 40 36 0.0 0.0 2138.0 0.0 12452.0 53.0 31851.0 0.08441362677117877
33 40 37 0.0 0.0 2252.0 0.0 13273.0 50.0 28019.0 0.07987220447284343
33 40 38 0.0 0.0 2416.0 0.0 12489.0 57.0 35287.0 0.08279124778237729
33 40 39 0.0 0.0 3290.0 0.0 10716.0 51.0 56627.0 0.08733624454148471
33 40 40 0.0 0.0 2933.0 0.0 11241.0 64.0 49177.0 0.08657473254591552
33 40 41 0.0 0.0 2482.0 0.0 12423.0 46.0 36742.0 0.08271298593879238
33 40 42 0.0 0.0 2455.0 0.0 12542.0 60.0 37103.0 0.08231420507996236
33 40 43 0.0 0.0 2441.0 0.0 11955.0 55.0 38071.0 0.08538667967797023
33 40 44 0.0 0.0 1967.0 0.0 12561.0 51.0 29741.0 0.08469449485783423
33 40 45 0.0 0.0 676.0 0.0 11312.0 32.0 4226.0 0.10016455605637833
33 40 46 0.0 0.0 613.0 0.0 10795.0 29.0 3818.0 0.1045010076882884
33 40 47 0.0 0.0 347.0 0.0 7152.0 29.0 799.0 0.14771048744460855
33 40 48 0.0 0.0 156.0 0.0 3737.0 15.0 146.0 0.23801428085685136
33 40 49 0.0 0.0 15.0 0.0 705.0 2.0 2.0 0.5150846210448858
33 40 50 0.0 0.0 0.0 0.0 1.0 0.0 0.0 0.6996501749125437
33 41 29 0.0 0.0 0.0 0.0 3.0 0.0 0.0 0.6989515726410384
33 41 30 0.0 0.0 0.0 0.0 2.0 0.0 0.0 0.6993006993006992
33 41 31 0.0 0.0 2.0 0.0 60.0 0.0 0.0 0.6789524733268669
33 41 32 0.0 0.0 97.0 0.0 2416.0 15.0 30.0 0.311249444197421
33 41 33 0.0 0.0 609.0 0.0 10455.0 26.0 3379.0 0.10732904017172645
33 41 34 0.0 0.0 1414.0 0.0 12287.0 44.0 20448.0 0.08918333545674607
33 41 35 0.0 0.0 2080.0 0.0 12435.0 64.0 31248.0 0.08481764206955045
33 41 36 0.0 0.0 2015.0 0.0 13363.0 50.0 25024.0 0.0805477245267821
33 41 37 0.0 0.0 2650.0 0.0 11841.0 60.0 41170.0 0.08484848484848484
33 41 38 0.0 0.0 2953.0 0.0 11145.0 76.0 50275.0 0.08707550690384375
33 41 39 0.0 0.0 2917.0 0.0 11818.0 60.0 44676.0 0.08360205422190373
33 41 40 0.0 0.0 2548.0 0.0 12378.0 72.0 37489.0 0.08275699001004906
33 41 41 0.0 0.0 2984.0 0.0 11701.0 48.0 47056.0 0.08378216636744464
33 41 42 0.0 0.0 2280.0 0.0 12250.0 47.0 34371.0 0.08454106280193237
33 41 43 0.0 0.0 2835.0 0.0 11230.0 73.0 48262.0 0.08718938780594132
33 41 44 0.0 0.0 1478.0 0.0 13480.0 36.0 16670.0 0.08255203726634824
33 41 45 0.0 0.0 1284.0 0.0 13263.0 30.0 13151.0 0.08457681387059747
33 41 46 0.0 0.0 808.0 0.0 12031.0 20.0 5940.0 0.09437141894169193
33 41 47 0.0 0.0 189.0 0.0 4366.0 15.0 203.0 0.21400183430143682
33 41 48 0.0 0.0 0.0 0.0 209.0 1.0 1.0 0.6343452650657
33 41 49 0.0 0.0 44.0 0.0 709.0 6.0 2.0 0.509461426491994
33 41 50 0.0 0.0 0.0 0.0 2.0 0.0 0.0 0.6993006993006992
33 42 30 0.0 0.0 36.0 0.0 1084.0 7.0 12.0 0.44972695149373587
33 42 31 0.0 0.0 40.0 0.0 829.0 14.0 3.0 0.4903677758318738
33 42 32 0.0 0.0 337.0 0.0 7444.0 13.0 968.0 0.1432664756446991
33 42 33 0.0 0.0 447.0 0.0 9587.0 21.0 2793.0 0.11642411642411642
33 42 34 0.0 0.0 1151.0 0.0 12921.0 37.0 13279.0 0.08716767324575056
33 42 35 0.0 0.0 1471.0 0.0 13078.0 35.0 18277.0 0.08455638098689376
33 42 36 0.0 0.0 1801.0 0.0 13320.0 42.0 22558.0 0.08177092459552596
33 42 37 0.0 0.0 2438.0 0.0 11905.0 71.0 38585.0 0.0856478649210816
33 42 38 0.0 0.0 2201.0 0.0 13241.0 43.0 28120.0 0.08019705562238642
33 42 39 0.0 0.0 2859.0 0.0 11574.0 66.0 45515.0 0.08526187576126673
33 42 40 0.0 0.0 2876.0 0.0 11329.0 70.0 48531.0 0.08641441886303314
33 42 41 0.0 0.0 2550.0 0.0 11840.0 60.0 40202.0 0.08542836221625578
33 42 42 0.0 0.0 2360.0 0.0 12594.0 54.0 33783.0 0.08251311369128307
33 42 43 0.0 0.0 2014.0 0.0 13159.0 58.0 26985.0 0.08158983623754297
33 42 44 0.0 0.0 1797.0 0.0 13155.0 50.0 23816.0 0.08260074340669064
33 42 45 0.0 0.0 2194.0 0.0 11666.0 56.0 37202.0 0.08820564516129031
33 42 46 0.0 0.0 1239.0 0.0 12971.0 36.0 14650.0 0.08636111282462525
33 42 47 0.0 0.0 408.0 0.0 8922.0 20.0 2005.0 0.12369676621311183
33 42 48 0.0 0.0 183.0 0.0 4802.0 15.0 343.0 0.2008320183617845
33 42 49 0.0 0.0 29.0 0.0 619.0 13.0 3.0 0.5319148936170213
33 42 50 0.0 0.0 0.0 0.0 1.0 0.0 0.0 0.6996501749125437
33 43 29 0.0 0.0 0.0 0.0 1.0 0.0 0.0 0.6996501749125437
33 43 30 0.0 0.0 0.0 0.0 29.0 0.0 0.0 0.6899950714637751
33 43 31 0.0 0.0 429.0 0.0 8560.0 14.0 1630.0 0.12744651797906234
33 43 32 0.0 0.0 806.0 0.0 12032.0 30.0 6565.0 0.09441596978688965
33 43 33 0.0 0.0 708.0 0.0 11447.0 36.0 5850.0 0.09905193151266449
33 43 34 0.0 0.0 880.0 0.0 12273.0 29.0 8712.0 0.09240924092409239
33 43 35 0.0 0.0 1831.0 0.0 12607.0 61.0 26699.0 0.08516333110286513
33 43 36 0.0 0.0 1466.0 0.0 13182.0 46.0 18054.0 0.08420039694472845
33 43 37 0.0 0.0 1748.0 0.0 12829.0 55.0 24088.0 0.08448494357612696
33 43 38 0.0 0.0 2798.0 0.0 11446.0 79.0 45977.0 0.08632916075723006
33 43 39 0.0 0.0 2438.0 0.0 12783.0 47.0 34059.0 0.08128193218764514
33 43 40 0.0 0.0 2264.0 0.0 13126.0 48.0 29797.0 0.08044590013216112
33 43 41 0.0 0.0 2343.0 0.0 12712.0 53.0 33850.0 0.08208736440926413
33 43 42 0.0 0.0 2839.0 0.0 11493.0 60.0 46246.0 0.08570029382957883
33 43 43 0.0 0.0 2105.0 0.0 12766.0 59.0 30641.0 0.08296296296296296
33 43 44 0.0 0.0 1933.0 0.0 12910.0 44.0 26535.0 0.08306633440132906
33 43 45 0.0 0.0 1453.0 0.0 12699.0 44.0 19581.0 0.08658008658008658
33 43 46 0.0 0.0 838.0 0.0 11873.0 27.0 6517.0 0.09516688192509005
33 43 47 0.0 0.0 344.0 0.0 7675.0 21.0 1074.0 0.13993003498250875
33 43 48 0.0 0.0 45.0 0.0 858.0 7.0 2.0 0.4834254143646408
33 43 49 0.0 0.0 11.0 0.0 349.0 2.0 0.0 0.5937234944868531
33 44 30 0.0 0.0 1.0 0.0 35.0 0.0 0.0 0.6876227897838899
33 44 31 0.0 0.0 3.0 0.0 126.0 1.0 0.0 0.6582040432534085
33 44 32 0.0 0.0 117.0 0.0 2664.0 19.0 65.0 0.2939941201175976
33 44 33 0.0 0.0 491.0 0.0 8800.0 30.0 1358.0 0.12421258095998579
33 44 34 0.0 0.0 424.0 0.0 8942.0 21.0 1795.0 0.12326113752421199
33 44 35 0.0 0.0 1210.0 0.0 12690.0 43.0 16080.0 0.08805585256934396
33 44 36 0.0 0.0 1317.0 0.0 13008.0 33.0 15551.0 0.08574228319451248
33 44 37 0.0 0.0 1661.0 0.0 12985.0 46.0 22250.0 0.08405884118883218
33 44 38 0.0 0.0 1804.0 0.0 13259.0 47.0 22410.0 0.08204887768856589
33 44 39 0.0 0.0 2493.0 0.0 11246.0 47.0 43568.0 0.08888888888888888
33 44 40 0.0 0.0 2032.0 0.0 13585.0 49.0 24102.0 0.07944163876751971
33 44 41 0.0 0.0 2649.0 0.0 11413.0 65.0 45264.0 0.08709175738724727
33 44 42 0.0 0.0 2495.0 0.0 11560.0 65.0 42256.0 0.08718938780594132
33 44 43 0.0 0.0 1771.0 0.0 13208.0 54.0 22467.0 0.08245479710230284
33 44 44 0.0 0.0 2026.0 0.0 11760.0 61.0 34160.0 0.08881558079045866
33 44 45 0.0 0.0 1725.0 0.0 12761.0 48.0 23795.0 0.0849772382397572
33 44 46 0.0 0.0 966.0 0.0 12515.0 37.0 9028.0 0.09049188804860707
33 44 47 0.0 0.0 206.0 0.0 5223.0 17.0 348.0 0.1888319395737793
33 44 48 0.0 0.0 46.0 0.0 1305.0 9.0 12.0 0.4189108318372231
33 44 49 0.0 0.0 0.0 0.0 18.0 0.0 0.0 0.6937561942517343
33 45 31 0.0 0.0 0.0 0.0 11.0 0.0 0.0 0.6961710591745399
33 45 32 0.0 0.0 11.0 0.0 186.0 4.0 1.0 0.6383948928408572
33 45 33 0.0 0.0 124.0 0.0 2752.0 19.0 59.0 0.28830313014827014
33 45 34 0.0 0.0 919.0 0.0 12342.0 18.0 10540.0 0.09169504846738276
33 45 35 0.0 0.0 459.0 0.0 9216.0 24.0 1949.0 0.12013042732109146
33 45 36 0.0 0.0 1223.0 0.0 13028.0 31.0 13514.0 0.08612204724409449
33 45 37 0.0 0.0 1285.0 0.0 13401.0 44.0 12477.0 0.08387753879336168
33 45 38 0.0 0.0 1446.0 0.0 13495.0 39.0 15600.0 0.08259587020648966
33 45 39 0.0 0.0 1850.0 0.0 12476.0 48.0 28224.0 0.08575278696557637
33 45 40 0.0 0.0 1837.0 0.0 13140.0 42.0 23781.0 0.08248880509073768
33 45 41 0.0 0.0 2172.0 0.0 12616.0 60.0 31641.0 0.08344260340922637
33 45 42 0.0 0.0 1302.0 0.0 13397.0 37.0 13289.0 0.08385241974125539
33 45 43 0.0 0.0 2136.0 0.0 12035.0 48.0 34506.0 0.08659079663532904
33 45 44 0.0 0.0 1234.0 0.0 13161.0 32.0 12818.0 0.08536585365853656
33 45 45 0.0 0.0 1187.0 0.0 13086.0 32.0 12641.0 0.08603207767467584
33 45 46 0.0 0.0 796.0 0.0 12062.0 29.0 7255.0 0.09427609427609426
33 45 47 0.0 0.0 217.0 0.0 4646.0 19.0 227.0 0.20449897750511242
33 45 48 0.0 0.0 26.0 0.0 630.0 10.0 1.0 0.5293005671077504
33 45 49 0.0 0.0 0.0 0.0 2.0 0.0 0.0 0.6996501749125437
33 46 31 0.0 0.0 0.0 0.0 5.0 0.0 0.0 0.6982543640897755
33 46 32 0.0 0.0 42.0 0.0 847.0 7.0 2.0 0.4859423811176674
33 46 33 0.0 0.0 334.0 0.0 7058.0 18.0 754.0 0.14925373134328357
33 46 34 0.0 0.0 164.0 0.0 3482.0 20.0 111.0 0.2488446498400284
33 46 35 0.0 0.0 493.0 0.0 9794.0 27.0 2388.0 0.11407153915098181
33 46 36 0.0 0.0 811.0 0.0 11898.0 31.0 7330.0 0.09524457446084766
33 46 37 0.0 0.0 1521.0 0.0 12829.0 44.0 19992.0 0.08564262555820638
33 46 38 0.0 0.0 1734.0 0.0 12591.0 43.0 24927.0 0.08575803981623276
33 46 39 0.0 0.0 1487.0 0.0 12715.0 50.0 20494.0 0.08648381517173213
33 46 40 0.0 0.0 1204.0 0.0 13041.0 48.0 12597.0 0.08630255208975464
33 46 41 0.0 0.0 1561.0 0.0 12851.0 45.0 20151.0 0.08530863445250136
33 46 42 0.0 0.0 1481.0 0.0 13162.0 39.0 17826.0 0.0840891344825515
33 46 43 0.0 0.0 1088.0 0.0 12878.0 50.0 10860.0 0.08780732563973907
33 46 44 0.0 0.0 1079.0 0.0 12525.0 27.0 12656.0 0.08962294347352921
33 46 45 0.0 0.0 890.0 0.0 12263.0 27.0 8904.0 0.09239094568732263
33 46 46 0.0 0.0 709.0 0.0 11427.0 28.0 5646.0 0.09910802775024775
33 46 47 0.0 0.0 37.0 0.0 1077.0 8.0 7.0 0.4505954296749275
33 46 48 0.0 0.0 0.0 0.0 9.0 0.0 0.0 0.6968641114982577
33 47 32 0.0 0.0 1.0 0.0 15.0 0.0 0.0 0.6944444444444444
33 47 33 0.0 0.0 0.0 0.0 39.0 0.0 0.0 0.6866110838646394
33 47 34 0.0 0.0 55.0 0.0 1269.0 11.0 20.0 0.4225777241171143
33 47 35 0.0 0.0 436.0 0.0 8925.0 25.0 1923.0 0.1234241382350348
33 47 36 0.0 0.0 509.0 0.0 9454.0 22.0 2321.0 0.11713520749665327
33 47 37 0.0 0.0 630.0 0.0 11182.0 24.0 5031.0 0.10143457469931892
33 47 38 0.0 0.0 654.0 0.0 11114.0 29.0 4864.0 0.10178857059764432
33 47 39 0.0 0.0 896.0 0.0 12092.0 31.0 10172.0 0.0934454678948071
33 47 40 0.0 0.0 707.0 0.0 11269.0 38.0 4287.0 0.10027934961678961
33 47 41 0.0 0.0 512.0 0.0 9610.0 30.0 2236.0 0.11569291794066605
33 47 42 0.0 0.0 609.0 0.0 10691.0 27.0 3957.0 0.10536614736208323
33 47 43 0.0 0.0 314.0 0.0 6999.0 26.0 807.0 0.15069967707212054
33 47 44 0.0 0.0 594.0 0.0 10468.0 24.0 3240.0 0.10724682089780908
33 47 45 0.0 0.0 936.0 0.0 12510.0 32.0 7588.0 0.0907088246728003
33 47 46 0.0 0.0 271.0 0.0 6391.0 20.0 711.0 0.16192458940550541
33 47 47 0.0 0.0 31.0 0.0 698.0 6.0 1.0 0.5141388174807198
33 47 48 0.0 0.0 0.0 0.0 1.0 0.0 0.0 0.6996501749125437
33 48 33 0.0 0.0 0.0 0.0 6.0 0.0 0.0 0.6979062811565303
33 48 34 0.0 0.0 0.0 0.0 61.0 0.0 0.0 0.6796116504854368
33 48 35 0.0 0.0 54.0 0.0 2022.0 7.0 23.0 0.3440648808060948
33 48 36 0.0 0.0 130.0 0.0 3391.0 12.0 113.0 0.25408348457350266
33 48 37 0.0 0.0 383.0 0.0 8009.0 25.0 1206.0 0.13501784164335998
33 48 38 0.0 0.0 346.0 0.0 7710.0 20.0 1084.0 0.1394283437904591
33 48 39 0.0 0.0 259.0 0.0 5909.0 20.0 483.0 0.17177914110429446
33 48 40 0.0 0.0 384.0 0.0 8341.0 17.0 1525.0 0.13060919861927417
33 48 41 0.0 0.0 153.0 0.0 3605.0 15.0 125.0 0.2438174851967955
33 48 42 0.0 0.0 82.0 0.0 1720.0 16.0 14.0 0.3697834125726359
33 48 43 0.0 0.0 76.0 0.0 2268.0 9.0 39.0 0.323027226580526
33 48 44 0.0 0.0 243.0 0.0 5456.0 19.0 343.0 0.18226793386277826
33 48 45 0.0 0.0 454.0 0.0 8420.0 15.0 1375.0 0.12879484820607176
33 48 46 0.0 0.0 41.0 0.0 834.0 9.0 3.0 0.4884856943475226
33 48 47 0.0 0.0 10.0 0.0 210.0 4.0 1.0 0.6317689530685919
33 49 34 0.0 0.0 0.0 0.0 7.0 0.0 0.0 0.6975585450921773
33 49 35 0.0 0.0 0.0 0.0 12.0 0.0 0.0 0.6958250497017892
33 49 36 0.0 0.0 0.0 0.0 58.0 0.0 0.0 0.6802721088435373
33 49 37 0.0 0.0 1.0 0.0 120.0 0.0 0.0 0.66006600660066
33 49 38 0.0 0.0 10.0 0.0 276.0 4.0 0.0 0.6137658921525645
33 49 39 0.0 0.0 0.0 0.0 231.0 0.0 1.0 0.6275212909009411
33 49 40 0.0 0.0 74.0 0.0 1496.0 9.0 16.0 0.3931479921370401
33 49 41 0.0 0.0 55.0 0.0 1384.0 15.0 19.0 0.4087591240875912
33 49 42 0.0 0.0 235.0 0.0 5164.0 16.0 315.0 0.1895734597156398
33 49 43 0.0 0.0 2.0 0.0 160.0 0.0 0.0 0.6475485661424606
33 49 44 0.0 0.0 171.0 0.0 4001.0 27.0 197.0 0.2278275020341741
33 49 45 0.0 0.0 6.0 0.0 182.0 3.0 0.0 0.6407322654462241
33 49 46 0.0 0.0 0.0 0.0 13.0 0.0 0.0 0.695479384003974
33 50 36 0.0 0.0 0.0 0.0 1.0 0.0 0.0 0.6996501749125437
33 50 37 0.0 0.0 0.0 0.0 21.0 0.0 0.0 0.6927263730826323
33 50 38 0.0 0.0 0.0 0.0 29.0 0.0 0.0 0.6899950714637751
33 50 39 0.0 0.0 15.0 0.0 309.0 2.0 0.0 0.6029285099052539
33 50 40 0.0 0.0 0.0 0.0 18.0 0.0 0.0 0.6937561942517343
33 50 41 0.0 0.0 0.0 0.0 9.0 0.0 0.0 0.6968641114982577
33 50 42 0.0 0.0 14.0 0.0 221.0 3.0 0.0 0.6272401433691756
33 50 43 0.0 0.0 0.0 0.0 10.0 0.0 0.0 0.6965174129353233
33 50 44 0.0 0.0 0.0 0.0 9.0 0.0 0.0 0.6968641114982577
33 50 45 0.0 0.0 0.0 0.0 1.0 0.0 0.0 0.6996501749125437
33 51 39 0.0 0.0 4.0 0.0 119.0 1.0 0.0 0.6597549481621111
33 51 40 0.0 0.0 1.0 0.0 16.0 0.0 0.0 0.694100148735746
33 51 41 0.0 0.0 0.0 0.0 5.0 0.0 0.0 0.6982543640897755
33 51 42 0.0 0.0 0.0 0.0 3.0 0.0 0.0 0.6989515726410384
33 51 43 0.0 0.0 0.0 0.0 8.0 0.0 0.0 0.697211155378486
33 51 44 0.0 0.0 0.0 0.0 1.0 0.0 0.0 0.6996501749125437
34 30 38 0.0 0.0 0.0 0.0 3.0 0.0 0.0 0.6989515726410384
34 30 39 0.0 0.0 0.0 0.0 1.0 0.0 0.0 0.6996501749125437
34 30 40 0.0 0.0 0.0 0.0 1.0 0.0 0.0 0.6996501749125437
34 30 41 0.0 0.0 0.0 0.0 3.0 0.0 0.0 0.6989515726410384
34 30 42 0.0 0.0 0.0 0.0 2.0 0.0 0.0 0.6993006993006992
34 30 43 0.0 0.0 0.0 0.0 5.0 0.0 0.0 0.6982543640897755
34 31 33 0.0 0.0 0.0 0.0 2.0 0.0 0.0 0.6993006993006992
34 31 34 0.0 0.0 10.0 0.0 208.0 3.0 0.0 0.6320541760722347
34 31 35 0.0 0.0 43.0 0.0 924.0 15.0 4.0 0.4742547425474254
34 31 36 0.0 0.0 107.0 0.0 2115.0 16.0 17.0 0.3327787021630615
34 31 37 0.0 0.0 12.0 0.0 325.0 1.0 0.0 0.5993150684931505
34 31 38 0.0 0.0 0.0 0.0 82.0 0.0 0.0 0.6727534839019701
34 31 39 0.0 0.0 56.0 0.0 1161.0 18.0 5.0 0.43763676148796493
34 31 40 0.0 0.0 102.0 0.0 2250.0 21.0 37.0 0.32317636195752536
34 31 41 0.0 0.0 10.0 0.0 316.0 3.0 0.0 0.6026689625484287
34 31 42 0.0 0.0 57.0 0.0 1209.0 12.0 2.0 0.4301075268817204
34 31 43 0.0 0.0 56.0 0.0 1078.0 9.0 9.0 0.44799999999999995
34 31 44 0.0 0.0 11.0 0.0 211.0 4.0 1.0 0.6311992786293958
34 31 45 0.0 0.0 0.0 0.0 14.0 0.0 0.0 0.6951340615690167
34 32 32 0.0 0.0 0.0 0.0 2.0 0.0 0.0 0.6993006993006992
34 32 33 0.0 0.0 186.0 0.0 3986.0 11.0 147.0 0.22716209638163226
34 32 34 0.0 0.0 145.0 0.0 3646.0 24.0 124.0 0.24271844660194172
34 32 35 0.0 0.0 49.0 0.0 1505.0 14.0 18.0 0.39548022598870053
34 32 36 0.0 0.0 292.0 0.0 5825.0 22.0 342.0 0.17292490118577072
34 32 37 0.0 0.0 269.0 0.0 6636.0 16.0 699.0 0.15733872780400085
34 32 38 0.0 0.0 173.0 0.0 4372.0 12.0 250.0 0.21426385062748698
34 32 39 0.0 0.0 499.0 0.0 9358.0 20.0 1977.0 0.11822327309576082
34 32 40 0.0 0.0 269.0 0.0 6664.0 27.0 754.0 0.1571621014818141
34 32 41 0.0 0.0 355.0 0.0 7626.0 16.0 999.0 0.14044943820224715
34 32 42 0.0 0.0 318.0 0.0 6774.0 18.0 655.0 0.15418502202643167
34 32 43 0.0 0.0 539.0 0.0 9888.0 29.0 2821.0 0.11284862163469289
34 32 44 0.0 0.0 344.0 0.0 7084.0 28.0 737.0 0.14890448840672194
34 32 45 0.0 0.0 57.0 0.0 1100.0 11.0 8.0 0.4450095359186268
34 32 46 0.0 0.0 1.0 0.0 61.0 0.0 0.0 0.6789524733268669
34 32 47 0.0 0.0 0.0 0.0 12.0 0.0 0.0 0.6958250497017892
34 32 48 0.0 0.0 0.0 0.0 10.0 0.0 0.0 0.6965174129353233
34 32 49 0.0 0.0 0.0 0.0 4.0 0.0 0.0 0.6986027944111775
34 33 32 0.0 0.0 0.0 0.0 14.0 0.0 0.0 0.6951340615690167
34 33 33 0.0 0.0 81.0 0.0 1969.0 12.0 21.0 0.34670629024269434
34 33 34 0.0 0.0 571.0 0.0 10258.0 19.0 3245.0 0.1091362644215778
34 33 35 0.0 0.0 477.0 0.0 9261.0 23.0 2151.0 0.11937244201909958
34 33 36 0.0 0.0 1200.0 0.0 12667.0 37.0 15098.0 0.08826125330979699
34 33 37 0.0 0.0 707.0 0.0 11429.0 23.0 4316.0 0.09914312017562495
34 33 38 0.0 0.0 756.0 0.0 11573.0 20.0 5420.0 0.09771759614713477
34 33 39 0.0 0.0 1022.0 0.0 12734.0 32.0 9209.0 0.08889453298622134
34 33 40 0.0 0.0 1241.0 0.0 12921.0 41.0 14521.0 0.08667120658701169
34 33 41 0.0 0.0 1131.0 0.0 12829.0 47.0 12868.0 0.08784589320449268
34 33 42 0.0 0.0 1232.0 0.0 12760.0 38.0 15455.0 0.0875821082264623
34 33 43 0.0 0.0 1000.0 0.0 12600.0 33.0 9500.0 0.08970908624887863
34 33 44 0.0 0.0 423.0 0.0 8660.0 24.0 1712.0 0.12653651482284886
34 33 45 0.0 0.0 329.0 0.0 6297.0 28.0 577.0 0.16275284817484303
34 33 46 0.0 0.0 37.0 0.0 1066.0 10.0 8.0 0.4524886877828054
34 33 47 0.0 0.0 38.0 0.0 884.0 6.0 9.0 0.48010973936899853
34 33 48 0.0 0.0 0.0 0.0 63.0 0.0 0.0 0.6786233640329616
34 33 49 0.0 0.0 3.0 0.0 58.0 0.0 0.0 0.6792819019893255
34 34 31 0.0 0.0 0.0 0.0 41.0 0.0 0.0 0.6862745098039215
34 34 32 0.0 0.0 4.0 0.0 63.0 1.0 1.0 0.6776379477250725
34 34 33 0.0 0.0 234.0 0.0 4097.0 28.0 125.0 0.22201078338090705
34 34 34 0.0 0.0 805.0 0.0 12009.0 32.0 6965.0 0.09456903539583895
34 34 35 0.0 0.0 672.0 0.0 10983.0 24.0 3526.0 0.10264682161448785
34 34 36 0.0 0.0 1007.0 0.0 12448.0 25.0 10478.0 0.0905035878208029
34 34 37 0.0 0.0 903.0 0.0 12423.0 23.0 8804.0 0.09124682265528253
34 34 38 0.0 0.0 961.0 0.0 12648.0 29.0 8027.0 0.08972058446552166
34 34 39 0.0 0.0 1911.0 0.0 12487.0 54.0 28598.0 0.08538667967797023
34 34 40 0.0 0.0 1824.0 0.0 12660.0 51.0 26709.0 0.08493599466116604
34 34 41 0.0 0.0 2195.0 0.0 11973.0 53.0 35337.0 0.0865533230293663
34 34 42 0.0 0.0 1848.0 0.0 12713.0 58.0 26473.0 0.08457170472393379
34 34 43 0.0 0.0 1359.0 0.0 13051.0 43.0 16008.0 0.08541272649624793
34 34 44 0.0 0.0 707.0 0.0 11356.0 23.0 4005.0 0.09960868018498754
34 34 45 0.0 0.0 359.0 0.0 7294.0 21.0 904.0 0.14531866306829974
34 34 46 0.0 0.0 492.0 0.0 9192.0 25.0 1773.0 0.12002743484224963
34 34 47 0.0 0.0 399.0 0.0 8804.0 18.0 1867.0 0.12511170688114387
34 34 48 0.0 0.0 463.0 0.0 8637.0 20.0 1378.0 0.1262740146117074
34 34 49 0.0 0.0 0.0 0.0 40.0 0.0 0.0 0.6862745098039215
34 35 31 0.0 0.0 7.0 0.0 501.0 1.0 3.0 0.5584363781412045
34 35 32 0.0 0.0 103.0 0.0 2743.0 19.0 57.0 0.29003521856225395
34 35 33 0.0 0.0 356.0 0.0 7322.0 21.0 858.0 0.1448975367418754
34 35 34 0.0 0.0 298.0 0.0 7075.0 14.0 827.0 0.14957264957264957
34 35 35 0.0 0.0 971.0 0.0 12585.0 38.0 9536.0 0.09006690684508491
34 35 36 0.0 0.0 1088.0 0.0 12977.0 47.0 9808.0 0.08724915866882711
34 35 37 0.0 0.0 1832.0 0.0 11932.0 46.0 29383.0 0.08883248730964466
34 35 38 0.0 0.0 1664.0 0.0 13103.0 54.0 21205.0 0.0835571471202626
34 35 39 0.0 0.0 2568.0 0.0 11809.0 50.0 41196.0 0.08535024080960799
34 35 40 0.0 0.0 2567.0 0.0 12163.0 69.0 38830.0 0.08375710439724797
34 35 41 0.0 0.0 2752.0 0.0 11620.0 50.0 44208.0 0.08542314967356153
34 35 42 0.0 0.0 2335.0 0.0 12921.0 63.0 32033.0 0.08115942028985507
34 35 43 0.0 0.0 1692.0 0.0 13197.0 44.0 21781.0 0.08288437629506837
34 35 44 0.0 0.0 1031.0 0.0 12740.0 32.0 9613.0 0.08874801901743264
34 35 45 0.0 0.0 1243.0 0.0 12972.0 45.0 15274.0 0.08635578583765112
34 35 46 0.0 0.0 874.0 0.0 12317.0 23.0 7627.0 0.09214769959849929
34 35 47 0.0 0.0 336.0 0.0 7672.0 21.0 1166.0 0.14011208967173736
34 35 48 0.0 0.0 415.0 0.0 8697.0 26.0 1759.0 0.12614885564966657
34 35 49 0.0 0.0 36.0 0.0 1254.0 11.0 10.0 0.42695943885330884
34 35 50 0.0 0.0 0.0 0.0 2.0 0.0 0.0 0.6993006993006992
34 36 30 0.0 0.0 0.0 0.0 3.0 0.0 0.0 0.6989515726410384
34 36 31 0.0 0.0 18.0 0.0 525.0 1.0 1.0 0.5509641873278236
34 36 32 0.0 0.0 94.0 0.0 2665.0 11.0 67.0 0.2948609941027801
34 36 33 0.0 0.0 378.0 0.0 7788.0 26.0 1188.0 0.13799901429275505
34 36 34 0.0 0.0 616.0 0.0 10694.0 25.0 3518.0 0.10527898932170249
34 36 35 0.0 0.0 1290.0 0.0 12835.0 44.0 15426.0 0.08690254500310365
34 36 36 0.0 0.0 2576.0 0.0 10896.0 63.0 47168.0 0.09043343453265291
34 36 37 0.0 0.0 2211.0 0.0 12761.0 46.0 31638.0 0.08245965366945458
34 36 38 0.0 0.0 2341.0 0.0 13063.0 67.0 30566.0 0.08044127786715696
34 36 39 0.0 0.0 3141.0 0.0 10896.0 62.0 54490.0 0.0872437215678943
34 36 40 0.0 0.0 2943.0 0.0 11867.0 73.0 44926.0 0.08334821694350181
34 36 41 0.0 0.0 3015.0 0.0 12055.0 78.0 44869.0 0.08206811653672548
34 36 42 0.0 0.0 3129.0 0.0 10860.0 63.0 53638.0 0.08754377188594296
34 36 43 0.0 0.0 2601.0 0.0 12210.0 62.0 39604.0 0.08332341387930008
34 36 44 0.0 0.0 1510.0 0.0 12989.0 47.0 19870.0 0.08493084202863381
34 36 45 0.0 0.0 1190.0 0.0 13081.0 39.0 12821.0 0.08603736479842673
34 36 46 0.0 0.0 759.0 0.0 11804.0 24.0 5657.0 0.09616705591427394
34 36 47 0.0 0.0 401.0 0.0 8156.0 26.0 1240.0 0.13289036544850497
34 36 48 0.0 0.0 315.0 0.0 6705.0 20.0 711.0 0.15548645046645931
34 36 49 0.0 0.0 56.0 0.0 1300.0 14.0 6.0 0.4189108318372231
34 36 50 0.0 0.0 0.0 0.0 3.0 0.0 0.0 0.6993006993006992
34 37 30 0.0 0.0 5.0 0.0 63.0 2.0 0.0 0.6776379477250725
34 37 31 0.0 0.0 80.0 0.0 2475.0 15.0 58.0 0.3083021360933715
34 37 32 0.0 0.0 190.0 0.0 4462.0 16.0 207.0 0.21087513179695733
34 37 33 0.0 0.0 326.0 0.0 6681.0 29.0 646.0 0.15588464536243177
34 37 34 0.0 0.0 874.0 0.0 12256.0 34.0 6071.0 0.09261096778461334
34 37 35 0.0 0.0 1423.0 0.0 13210.0 40.0 17306.0 0.08419533317296125
34 37 36 0.0 0.0 1648.0 0.0 13337.0 53.0 19027.0 0.08248880509073768
34 37 37 0.0 0.0 3191.0 0.0 10696.0 62.0 55924.0 0.08810018249323516
34 37 38 0.0 0.0 3605.0 0.0 10304.0 66.0 62285.0 0.0879120879120879
34 37 39 0.0 0.0 4362.0 0.0 8705.0 71.0 84188.0 0.09287514926363273
34 37 40 0.0 0.0 4493.0 0.0 9050.0 95.0 80986.0 0.09021781157365638
34 37 41 0.0 0.0 4035.0 0.0 10987.0 72.0 62686.0 0.08225616921269095
34 37 42 0.0 0.0 3597.0 0.0 10680.0 74.0 60078.0 0.08602150537634408
34 37 43 0.0 0.0 3023.0 0.0 10573.0 63.0 54256.0 0.08972058446552166
34 37 44 0.0 0.0 1819.0 0.0 13452.0 49.0 21266.0 0.08107951583946255
34 37 45 0.0 0.0 1827.0 0.0 12772.0 53.0 25460.0 0.08440344848375232
34 37 46 0.0 0.0 1312.0 0.0 12686.0 46.0 18599.0 0.08755472170106315
34 37 47 0.0 0.0 525.0 0.0 9996.0 20.0 2730.0 0.1119194180190263
34 37 48 0.0 0.0 125.0 0.0 2823.0 12.0 49.0 0.2836304700162074
34 37 49 0.0 0.0 83.0 0.0 2130.0 11.0 45.0 0.3332539871459176
34 37 50 0.0 0.0 5.0 0.0 48.0 2.0 0.0 0.68259385665529
34 37 51 0.0 0.0 0.0 0.0 1.0 0.0 0.0 0.6996501749125437
34 38 30 0.0 0.0 1.0 0.0 8.0 0.0 0.0 0.6968641114982577
34 38 31 0.0 0.0 64.0 0.0 1313.0 10.0 9.0 0.41580041580041577
34 38 32 0.0 0.0 151.0 0.0 3302.0 15.0 80.0 0.2574475910261125
34 38 33 0.0 0.0 762.0 0.0 11666.0 28.0 4904.0 0.09702009702009701
34 38 34 0.0 0.0 1883.0 0.0 12607.0 48.0 27289.0 0.08493084202863381
34 38 35 0.0 0.0 2615.0 0.0 10914.0 74.0 46999.0 0.09029927760577915
34 38 36 0.0 0.0 2732.0 0.0 12458.0 53.0 38674.0 0.08140954817700762
34 38 37 0.0 0.0 3916.0 0.0 10635.0 77.0 63231.0 0.08454106280193237
34 38 38 0.0 0.0 4470.0 0.0 9888.0 87.0 73943.0 0.08556411196675222
34 38 39 0.0 0.0 4993.0 0.0 8172.0 68.0 92694.0 0.09223268990052044
34 38 40 0.0 0.0 4962.0 0.0 7256.0 70.0 102889.0 0.09842519685039368
34 38 41 0.0 0.0 4571.0 0.0 8711.0 75.0 84479.0 0.09155712510627165
34 38 42 0.0 0.0 4041.0 0.0 10091.0 83.0 68294.0 0.08688636504685657
34 38 43 0.0 0.0 3039.0 0.0 11387.0 63.0 49485.0 0.08525149190110826
34 38 44 0.0 0.0 2479.0 0.0 11850.0 68.0 39395.0 0.08585796639273886
34 38 45 0.0 0.0 1445.0 0.0 13160.0 47.0 17849.0 0.08441871683550409
34 38 46 0.0 0.0 1440.0 0.0 12415.0 29.0 21416.0 0.08818897637795275
34 38 47 0.0 0.0 725.0 0.0 11558.0 32.0 5381.0 0.09805981648805771
34 38 48 0.0 0.0 826.0 0.0 12031.0 32.0 6164.0 0.09432055514383884
34 38 49 0.0 0.0 476.0 0.0 9000.0 26.0 1671.0 0.12210012210012208
34 38 50 0.0 0.0 35.0 0.0 632.0 6.0 0.0 0.5261180007515971
34 38 51 0.0 0.0 0.0 0.0 2.0 0.0 0.0 0.6993006993006992
34 39 31 0.0 0.0 21.0 0.0 503.0 8.0 0.0 0.5566600397614313
34 39 32 0.0 0.0 490.0 0.0 9173.0 36.0 1843.0 0.12033694344163658
34 39 33 0.0 0.0 1146.0 0.0 12857.0 34.0 12747.0 0.08748359682559519
34 39 34 0.0 0.0 1167.0 0.0 13143.0 35.0 11792.0 0.08591592513040809
34 39 35 0.0 0.0 2084.0 0.0 13249.0 54.0 28030.0 0.08071025020177562
34 39 36 0.0 0.0 3675.0 0.0 10173.0 88.0 63447.0 0.08838383838383837
34 39 37 0.0 0.0 4348.0 0.0 9116.0 85.0 79932.0 0.09053870529651425
34 39 38 0.0 0.0 4922.0 0.0 8492.0 79.0 89571.0 0.09069707178025394
34 39 39 0.0 0.0 5170.0 0.0 10456.0 83.0 73282.0 0.07931112621799229
34 39 40 0.0 0.0 5121.0 0.0 8410.0 87.0 91560.0 0.0902061855670103
34 39 41 0.0 0.0 4882.0 0.0 9734.0 83.0 77092.0 0.08425106818318588
34 39 42 0.0 0.0 4143.0 0.0 10989.0 78.0 62258.0 0.08173273395995095
34 39 43 0.0 0.0 3395.0 0.0 11172.0 79.0 54529.0 0.08456148828219376
34 39 44 0.0 0.0 2507.0 0.0 12160.0 66.0 38982.0 0.08401848406649462
34 39 45 0.0 0.0 1923.0 0.0 12813.0 38.0 26885.0 0.08363701535336639
34 39 46 0.0 0.0 1040.0 0.0 12749.0 29.0 9999.0 0.08873114463176573
34 39 47 0.0 0.0 508.0 0.0 9725.0 23.0 2216.0 0.1145475372279496
34 39 48 0.0 0.0 1160.0 0.0 12514.0 31.0 14323.0 0.08930849706557793
34 39 49 0.0 0.0 115.0 0.0 2778.0 11.0 60.0 0.28670899037476955
34 39 50 0.0 0.0 0.0 0.0 58.0 0.0 0.0 0.6802721088435373
34 39 51 0.0 0.0 0.0 0.0 10.0 0.0 0.0 0.6965174129353233
34 40 30 0.0 0.0 0.0 0.0 6.0 0.0 0.0 0.6979062811565303
34 40 31 0.0 0.0 78.0 0.0 2036.0 9.0 41.0 0.3409644422795908
34 40 32 0.0 0.0 307.0 0.0 6174.0 21.0 494.0 0.16546507505023045
34 40 33 0.0 0.0 811.0 0.0 12010.0 31.0 6103.0 0.0944924406047516
34 40 34 0.0 0.0 1814.0 0.0 12573.0 61.0 26728.0 0.08556411196675222
34 40 35 0.0 0.0 2826.0 0.0 10974.0 61.0 50861.0 0.08861320336730172
34 40 36 0.0 0.0 4123.0 0.0 9224.0 67.0 75616.0 0.0911933298593017
34 40 37 0.0 0.0 4656.0 0.0 10502.0 97.0 70444.0 0.0816231343283582
34 40 38 0.0 0.0 4942.0 0.0 9763.0 79.0 77527.0 0.08378216636744464
34 40 39 0.0 0.0 5078.0 0.0 9503.0 104.0 81577.0 0.08451554482342287
34 40 40 0.0 0.0 5135.0 0.0 8716.0 87.0 89031.0 0.08838383838383837
34 40 41 0.0 0.0 4700.0 0.0 9969.0 77.0 74922.0 0.08399328053755699
34 40 42 0.0 0.0 4430.0 0.0 8714.0 100.0 82779.0 0.09261096778461334
34 40 43 0.0 0.0 3837.0 0.0 10336.0 84.0 66444.0 0.08658008658008658
34 40 44 0.0 0.0 2864.0 0.0 12099.0 71.0 42917.0 0.0825617738986849
34 40 45 0.0 0.0 1965.0 0.0 13101.0 55.0 26549.0 0.08213552361396302
34 40 46 0.0 0.0 1393.0 0.0 13112.0 38.0 16002.0 0.08481250378627248
34 40 47 0.0 0.0 992.0 0.0 12569.0 45.0 10294.0 0.09004952723998198
34 40 48 0.0 0.0 430.0 0.0 8608.0 17.0 1547.0 0.1269610954928811
34 40 49 0.0 0.0 103.0 0.0 2460.0 14.0 41.0 0.30769230769230765
34 40 50 0.0 0.0 0.0 0.0 25.0 0.0 0.0 0.6913580246913579
34 40 51 0.0 0.0 0.0 0.0 4.0 0.0 0.0 0.6986027944111775
34 41 30 0.0 0.0 0.0 0.0 6.0 0.0 0.0 0.6979062811565303
34 41 31 0.0 0.0 9.0 0.0 203.0 2.0 0.0 0.6334841628959276
34 41 32 0.0 0.0 362.0 0.0 8058.0 21.0 1387.0 0.13457656445256175
34 41 33 0.0 0.0 957.0 0.0 12578.0 35.0 7113.0 0.09017713365539452
34 41 34 0.0 0.0 1429.0 0.0 13554.0 38.0 15592.0 0.08242566970856637
34 41 35 0.0 0.0 2510.0 0.0 12163.0 64.0 38753.0 0.0840134421507441
34 41 36 0.0 0.0 3816.0 0.0 9792.0 87.0 68140.0 0.08977236293683871
34 41 37 0.0 0.0 4846.0 0.0 9329.0 111.0 81875.0 0.08665511265164644
34 41 38 0.0 0.0 5003.0 0.0 7995.0 82.0 94846.0 0.09328979809422269
34 41 39 0.0 0.0 5057.0 0.0 10514.0 83.0 72941.0 0.07963594994311717
34 41 40 0.0 0.0 5021.0 0.0 9751.0 76.0 78059.0 0.08337303477846593
34 41 41 0.0 0.0 4536.0 0.0 9456.0 83.0 78484.0 0.08748359682559519
34 41 42 0.0 0.0 4231.0 0.0 10196.0 76.0 70213.0 0.08518405841192576
34 41 43 0.0 0.0 4015.0 0.0 9864.0 81.0 70970.0 0.08822788001008318
34 41 44 0.0 0.0 3159.0 0.0 10721.0 71.0 54409.0 0.08821676118462507
34 41 45 0.0 0.0 1826.0 0.0 12992.0 48.0 24935.0 0.0832887143792016
34 41 46 0.0 0.0 1534.0 0.0 12804.0 28.0 21035.0 0.08559550012227927
34 41 47 0.0 0.0 257.0 0.0 5821.0 22.0 484.0 0.17365418010419248
34 41 48 0.0 0.0 452.0 0.0 8718.0 19.0 1513.0 0.1254480286738351
34 41 49 0.0 0.0 187.0 0.0 4330.0 20.0 243.0 0.21535148438701734
34 41 50 0.0 0.0 0.0 0.0 17.0 0.0 0.0 0.694100148735746
34 41 51 0.0 0.0 0.0 0.0 6.0 0.0 0.0 0.6979062811565303
34 42 30 0.0 0.0 79.0 0.0 2093.0 9.0 46.0 0.3362959404275762
34 42 31 0.0 0.0 35.0 0.0 939.0 8.0 8.0 0.4720161834120026
34 42 32 0.0 0.0 330.0 0.0 7818.0 22.0 1250.0 0.1382852627419992
34 42 33 0.0 0.0 1008.0 0.0 12703.0 28.0 10642.0 0.08913790907933274
34 42 34 0.0 0.0 2143.0 0.0 11555.0 47.0 37356.0 0.0891095410858634
34 42 35 0.0 0.0 2771.0 0.0 11531.0 57.0 45922.0 0.0858948401742438
34 42 36 0.0 0.0 3824.0 0.0 8889.0 77.0 77931.0 0.09501832496267136
34 42 37 0.0 0.0 4365.0 0.0 8975.0 69.0 80170.0 0.09121115382109583
34 42 38 0.0 0.0 4837.0 0.0 9626.0 73.0 78080.0 0.08505467800729039
34 42 39 0.0 0.0 4941.0 0.0 9602.0 85.0 79723.0 0.08460748171874055
34 42 40 0.0 0.0 5020.0 0.0 9554.0 79.0 80822.0 0.08440853732063185
34 42 41 0.0 0.0 4541.0 0.0 9578.0 71.0 77529.0 0.08678403173816017
34 42 42 0.0 0.0 4442.0 0.0 10048.0 94.0 70742.0 0.08488964346349745
34 42 43 0.0 0.0 3860.0 0.0 10640.0 73.0 61647.0 0.08485877076009213
34 42 44 0.0 0.0 3274.0 0.0 11472.0 59.0 50965.0 0.08354717431521155
34 42 45 0.0 0.0 2867.0 0.0 10399.0 60.0 54922.0 0.09170706144373116
34 42 46 0.0 0.0 1442.0 0.0 12884.0 31.0 18955.0 0.08568455841850785
34 42 47 0.0 0.0 396.0 0.0 8206.0 23.0 1248.0 0.13227513227513227
34 42 48 0.0 0.0 104.0 0.0 2473.0 17.0 35.0 0.30695023021267265
34 42 49 0.0 0.0 90.0 0.0 2211.0 16.0 41.0 0.32672112018669774
34 42 50 0.0 0.0 0.0 0.0 9.0 0.0 0.0 0.6968641114982577
34 42 51 0.0 0.0 0.0 0.0 1.0 0.0 0.0 0.6996501749125437
34 42 52 0.0 0.0 0.0 0.0 1.0 0.0 0.0 0.6996501749125437
34 43 29 0.0 0.0 0.0 0.0 1.0 0.0 0.0 0.6996501749125437
34 43 30 0.0 0.0 0.0 0.0 27.0 0.0 0.0 0.6906758756783422
34 43 31 0.0 0.0 14.0 0.0 582.0 3.0 0.0 0.5399151561897415
34 43 32 0.0 0.0 445.0 0.0 9001.0 26.0 1838.0 0.12246326102169348
34 43 33 0.0 0.0 1240.0 0.0 12773.0 38.0 15386.0 0.08742896396677699
34 43 34 0.0 0.0 1171.0 0.0 13032.0 43.0 12027.0 0.08650519031141868
34 43 35 0.0 0.0 1898.0 0.0 13146.0 59.0 25558.0 0.08218856404837382
34 43 36 0.0 0.0 3031.0 0.0 12017.0 80.0 45318.0 0.0822126959891949
34 43 37 0.0 0.0 3116.0 0.0 12533.0 69.0 42262.0 0.07936058046595997
34 43 38 0.0 0.0 4316.0 0.0 9380.0 71.0 78595.0 0.08906985621580352
34 43 39 0.0 0.0 4640.0 0.0 8680.0 78.0 86349.0 0.0913420760749005
34 43 40 0.0 0.0 4850.0 0.0 8197.0 76.0 91365.0 0.09293063391968137
34 43 41 0.0 0.0 4627.0 0.0 8987.0 68.0 83813.0 0.08965738072366312
34 43 42 0.0 0.0 4036.0 0.0 11436.0 86.0 58126.0 0.08016032064128256
34 43 43 0.0 0.0 4054.0 0.0 9741.0 67.0 72329.0 0.08862442235867568
34 43 44 0.0 0.0 3758.0 0.0 9072.0 79.0 75923.0 0.09439687141797584
34 43 45 0.0 0.0 2245.0 0.0 12084.0 51.0 35378.0 0.08571078731480347
34 43 46 0.0 0.0 1352.0 0.0 12938.0 43.0 17233.0 0.08601093567610739
34 43 47 0.0 0.0 994.0 0.0 12617.0 34.0 9604.0 0.08969759097898512
34 43 48 0.0 0.0 457.0 0.0 8791.0 20.0 1615.0 0.12463277842072464
34 43 49 0.0 0.0 6.0 0.0 110.0 2.0 1.0 0.662251655629139
34 43 50 0.0 0.0 0.0 0.0 11.0 0.0 0.0 0.6961710591745399
34 44 29 0.0 0.0 0.0 0.0 1.0 0.0 0.0 0.6996501749125437
34 44 30 0.0 0.0 19.0 0.0 307.0 6.0 1.0 0.6034482758620688
34 44 31 0.0 0.0 35.0 0.0 990.0 7.0 2.0 0.4637297118251076
34 44 32 0.0 0.0 367.0 0.0 8057.0 28.0 1218.0 0.13460244207287758
34 44 33 0.0 0.0 444.0 0.0 8828.0 18.0 1630.0 0.12433392539964473
34 44 34 0.0 0.0 732.0 0.0 11569.0 31.0 4948.0 0.09800490024501224
34 44 35 0.0 0.0 1369.0 0.0 13276.0 39.0 15276.0 0.08413461538461538
34 44 36 0.0 0.0 1717.0 0.0 13335.0 44.0 20849.0 0.08213552361396302
34 44 37 0.0 0.0 2901.0 0.0 11042.0 64.0 50486.0 0.08779080704834764
34 44 38 0.0 0.0 3190.0 0.0 12151.0 64.0 45717.0 0.08075214858395338
34 44 39 0.0 0.0 3730.0 0.0 11522.0 69.0 54891.0 0.08115471566865688
34 44 40 0.0 0.0 4212.0 0.0 10621.0 85.0 66796.0 0.08314032899815903
34 44 41 0.0 0.0 4182.0 0.0 9472.0 82.0 76514.0 0.0893883284382582
34 44 42 0.0 0.0 3590.0 0.0 11253.0 65.0 55389.0 0.08302692444549875
34 44 43 0.0 0.0 3289.0 0.0 11613.0 64.0 49738.0 0.08275209835677975
34 44 44 0.0 0.0 3704.0 0.0 8801.0 68.0 75988.0 0.09651178822556182
34 44 45 0.0 0.0 2004.0 0.0 12147.0 49.0 30410.0 0.08660150934059135
34 44 46 0.0 0.0 991.0 0.0 12638.0 36.0 8732.0 0.08960573476702507
34 44 47 0.0 0.0 768.0 0.0 11771.0 33.0 6214.0 0.09638554216867468
34 44 48 0.0 0.0 260.0 0.0 5451.0 21.0 336.0 0.1820072802912116
34 44 49 0.0 0.0 0.0 0.0 39.0 0.0 0.0 0.6866110838646394
34 45 30 0.0 0.0 0.0 0.0 6.0 0.0 0.0 0.6979062811565303
34 45 31 0.0 0.0 67.0 0.0 1730.0 11.0 16.0 0.36968576709796663
34 45 32 0.0 0.0 248.0 0.0 5735.0 20.0 428.0 0.17576898932831134
34 45 33 0.0 0.0 602.0 0.0 10354.0 19.0 2981.0 0.1081164568692563
34 45 34 0.0 0.0 810.0 0.0 12185.0 31.0 6765.0 0.09342052582410248
34 45 35 0.0 0.0 1348.0 0.0 12865.0 39.0 16670.0 0.08627595982005298
34 45 36 0.0 0.0 1729.0 0.0 12758.0 49.0 24384.0 0.08499271491015055
34 45 37 0.0 0.0 2810.0 0.0 10372.0 65.0 54803.0 0.09221446449743116
34 45 38 0.0 0.0 2588.0 0.0 12264.0 52.0 38753.0 0.08299247139723752
34 45 39 0.0 0.0 3367.0 0.0 10404.0 60.0 60051.0 0.0887648998224702
34 45 40 0.0 0.0 3817.0 0.0 9780.0 90.0 69340.0 0.08986456126837408
34 45 41 0.0 0.0 3613.0 0.0 9692.0 68.0 69027.0 0.09140767824497256
34 45 42 0.0 0.0 3406.0 0.0 10346.0 90.0 62172.0 0.088984936121528
34 45 43 0.0 0.0 2067.0 0.0 13476.0 57.0 25848.0 0.07979481333713308
34 45 44 0.0 0.0 2485.0 0.0 11053.0 64.0 45553.0 0.09013068949977465
34 45 45 0.0 0.0 1550.0 0.0 13345.0 49.0 18393.0 0.08286965786669823
34 45 46 0.0 0.0 997.0 0.0 12658.0 40.0 9281.0 0.08952551477170992
34 45 47 0.0 0.0 89.0 0.0 2495.0 16.0 63.0 0.30647985989492116
34 45 48 0.0 0.0 49.0 0.0 1514.0 14.0 17.0 0.39436619718309857
34 45 49 0.0 0.0 0.0 0.0 18.0 0.0 0.0 0.694100148735746
34 46 30 0.0 0.0 0.0 0.0 1.0 0.0 0.0 0.6996501749125437
34 46 31 0.0 0.0 35.0 0.0 862.0 7.0 2.0 0.4844290657439445
34 46 32 0.0 0.0 0.0 0.0 89.0 0.0 0.0 0.6701771182383915
34 46 33 0.0 0.0 288.0 0.0 6222.0 30.0 521.0 0.165016501650165
34 46 34 0.0 0.0 356.0 0.0 7084.0 18.0 665.0 0.14858841010401186
34 46 35 0.0 0.0 552.0 0.0 9928.0 22.0 2528.0 0.11227845055738231
34 46 36 0.0 0.0 1669.0 0.0 12602.0 53.0 23772.0 0.08609556607834695
34 46 37 0.0 0.0 1225.0 0.0 13199.0 40.0 12198.0 0.08529304252467405
34 46 38 0.0 0.0 2759.0 0.0 10627.0 62.0 51383.0 0.09084420219323859
34 46 39 0.0 0.0 1785.0 0.0 13164.0 49.0 22919.0 0.08265926669421975
34 46 40 0.0 0.0 2246.0 0.0 11951.0 51.0 36182.0 0.08641441886303314
34 46 41 0.0 0.0 2052.0 0.0 12718.0 52.0 29328.0 0.0835073068893528
34 46 42 0.0 0.0 2291.0 0.0 12595.0 51.0 33140.0 0.08290891863081841
34 46 43 0.0 0.0 2200.0 0.0 11893.0 49.0 36510.0 0.0869943453675511
34 46 44 0.0 0.0 1265.0 0.0 13248.0 31.0 14617.0 0.08475602373168664
34 46 45 0.0 0.0 1979.0 0.0 11663.0 59.0 34213.0 0.08949689957169339
34 46 46 0.0 0.0 881.0 0.0 12093.0 30.0 7303.0 0.09355162044771131
34 46 47 0.0 0.0 149.0 0.0 3432.0 21.0 85.0 0.25170801869830994
34 46 48 0.0 0.0 1.0 0.0 42.0 1.0 0.0 0.6856023506366307
34 46 49 0.0 0.0 0.0 0.0 11.0 0.0 0.0 0.6961710591745399
34 47 30 0.0 0.0 0.0 0.0 1.0 0.0 0.0 0.6996501749125437
34 47 31 0.0 0.0 0.0 0.0 14.0 0.0 0.0 0.6951340615690167
34 47 32 0.0 0.0 32.0 0.0 854.0 8.0 4.0 0.4864489228630993
34 47 33 0.0 0.0 33.0 0.0 868.0 7.0 6.0 0.4837595024187975
34 47 34 0.0 0.0 466.0 0.0 8762.0 24.0 1570.0 0.12488849241748437
34 47 35 0.0 0.0 328.0 0.0 7250.0 25.0 889.0 0.1465354825204103
34 47 36 0.0 0.0 1095.0 0.0 12670.0 33.0 11526.0 0.08880994671403196
34 47 37 0.0 0.0 1566.0 0.0 12982.0 47.0 20022.0 0.0846279393096778
34 47 38 0.0 0.0 1123.0 0.0 13083.0 38.0 10506.0 0.0864250879683931
34 47 39 0.0 0.0 1474.0 0.0 13000.0 37.0 18860.0 0.0849772382397572
34 47 40 0.0 0.0 1046.0 0.0 12859.0 30.0 9729.0 0.08806693086745926
34 47 41 0.0 0.0 1168.0 0.0 13093.0 25.0 11015.0 0.08603207767467584
34 47 42 0.0 0.0 1035.0 0.0 12965.0 30.0 8197.0 0.08755472170106315
34 47 43 0.0 0.0 701.0 0.0 11442.0 34.0 4461.0 0.09915014164305949
34 47 44 0.0 0.0 955.0 0.0 12166.0 23.0 10481.0 0.09251916468411313
34 47 45 0.0 0.0 806.0 0.0 11933.0 29.0 6673.0 0.09499898215376262
34 47 46 0.0 0.0 444.0 0.0 9016.0 15.0 1859.0 0.12221737232649497
34 47 47 0.0 0.0 7.0 0.0 281.0 1.0 0.0 0.6121556624398775
34 47 48 0.0 0.0 0.0 0.0 6.0 0.0 0.0 0.6979062811565303
34 48 33 0.0 0.0 0.0 0.0 18.0 0.0 0.0 0.6937561942517343
34 48 34 0.0 0.0 16.0 0.0 400.0 3.0 1.0 0.5801906340654785
34 48 35 0.0 0.0 310.0 0.0 6740.0 13.0 720.0 0.15483300154833
34 48 36 0.0 0.0 335.0 0.0 6642.0 17.0 603.0 0.15616285554935858
34 48 37 0.0 0.0 748.0 0.0 11613.0 24.0 5015.0 0.09747267283993594
34 48 38 0.0 0.0 520.0 0.0 9603.0 23.0 2244.0 0.11562603237528904
34 48 39 0.0 0.0 662.0 0.0 11378.0 24.0 5106.0 0.09973641091401296
34 48 40 0.0 0.0 722.0 0.0 11542.0 26.0 6306.0 0.09823182711198428
34 48 41 0.0 0.0 376.0 0.0 7951.0 20.0 1289.0 0.13573783207291057
34 48 42 0.0 0.0 768.0 0.0 11628.0 27.0 6850.0 0.09732360097323599
34 48 43 0.0 0.0 363.0 0.0 7522.0 30.0 1024.0 0.1420166362345303
34 48 44 0.0 0.0 759.0 0.0 11676.0 29.0 4972.0 0.09700665188470066
34 48 45 0.0 0.0 134.0 0.0 3355.0 19.0 122.0 0.2559882976778204
34 48 46 0.0 0.0 126.0 0.0 2795.0 14.0 66.0 0.28519046649012014
34 48 47 0.0 0.0 15.0 0.0 481.0 2.0 0.0 0.5613472333600641
34 49 33 0.0 0.0 0.0 0.0 11.0 0.0 0.0 0.6961710591745399
34 49 34 0.0 0.0 0.0 0.0 24.0 0.0 0.0 0.6916996047430829
34 49 35 0.0 0.0 3.0 0.0 125.0 3.0 0.0 0.6588235294117646
34 49 36 0.0 0.0 34.0 0.0 754.0 4.0 0.0 0.5030542579949694
34 49 37 0.0 0.0 124.0 0.0 3310.0 14.0 96.0 0.25820730357801547
34 49 38 0.0 0.0 478.0 0.0 8602.0 20.0 1501.0 0.12643366747945453
34 49 39 0.0 0.0 544.0 0.0 10054.0 21.0 2756.0 0.11120819763285407
34 49 40 0.0 0.0 296.0 0.0 6116.0 24.0 458.0 0.16688520681845273
34 49 41 0.0 0.0 315.0 0.0 6919.0 28.0 716.0 0.1519426958975472
34 49 42 0.0 0.0 154.0 0.0 3401.0 16.0 90.0 0.25279884434814004
34 49 43 0.0 0.0 243.0 0.0 5614.0 21.0 390.0 0.1785942084449547
34 49 44 0.0 0.0 67.0 0.0 1549.0 19.0 8.0 0.38921323324993046
34 49 45 0.0 0.0 1.0 0.0 136.0 0.0 0.0 0.6551240056153486
34 49 46 0.0 0.0 0.0 0.0 46.0 0.0 0.0 0.6845965770171147
34 49 47 0.0 0.0 0.0 0.0 7.0 0.0 0.0 0.6975585450921773
34 50 35 0.0 0.0 0.0 0.0 1.0 0.0 0.0 0.6996501749125437
34 50 37 0.0 0.0 0.0 0.0 18.0 0.0 0.0 0.6937561942517343
34 50 38 0.0 0.0 1.0 0.0 102.0 0.0 0.0 0.6657156443176413
34 50 39 0.0 0.0 0.0 0.0 106.0 0.0 0.0 0.664767331433998
34 50 40 0.0 0.0 269.0 0.0 5616.0 31.0 424.0 0.17823042647994905
34 50 41 0.0 0.0 21.0 0.0 600.0 5.0 4.0 0.5351681957186544
34 50 42 0.0 0.0 240.0 0.0 5621.0 15.0 461.0 0.17829852266938356
34 50 43 0.0 0.0 141.0 0.0 2838.0 17.0 40.0 0.2820874471086036
34 50 44 0.0 0.0 13.0 0.0 460.0 4.0 0.0 0.5670311867152693
34 50 45 0.0 0.0 0.0 0.0 29.0 0.0 0.0 0.6899950714637751
34 50 46 0.0 0.0 0.0 0.0 1.0 0.0 0.0 0.6996501749125437
34 51 38 0.0 0.0 0.0 0.0 1.0 0.0 0.0 0.6996501749125437
34 51 39 0.0 0.0 3.0 0.0 41.0 1.0 0.0 0.6852667645619186
34 51 40 0.0 0.0 8.0 0.0 238.0 2.0 0.0 0.623885918003565
34 51 41 0.0 0.0 0.0 0.0 23.0 0.0 0.0 0.6920415224913494
34 51 42 0.0 0.0 0.0 0.0 18.0 0.0 0.0 0.6937561942517343
34 51 43 0.0 0.0 0.0 0.0 6.0 0.0 0.0 0.6979062811565303
35 29 41 0.0 0.0 0.0 0.0 1.0 0.0 0.0 0.6996501749125437
35 29 43 0.0 0.0 0.0 0.0 1.0 0.0 0.0 0.6996501749125437
35 30 33 0.0 0.0 0.0 0.0 1.0 0.0 0.0 0.6996501749125437
35 30 34 0.0 0.0 0.0 0.0 2.0 0.0 0.0 0.6993006993006992
35 30 35 0.0 0.0 0.0 0.0 3.0 0.0 0.0 0.6989515726410384
35 30 36 0.0 0.0 0.0 0.0 2.0 0.0 0.0 0.6996501749125437
35 30 37 0.0 0.0 6.0 0.0 101.0 2.0 0.0 0.6650831353919239
35 30 38 0.0 0.0 46.0 0.0 922.0 9.0 4.0 0.47297297297297286
35 30 39 0.0 0.0 1.0 0.0 51.0 0.0 0.0 0.6822612085769979
35 30 40 0.0 0.0 0.0 0.0 58.0 0.0 0.0 0.6802721088435373
35 30 41 0.0 0.0 92.0 0.0 1903.0 16.0 16.0 0.35184719778838897
35 30 42 0.0 0.0 78.0 0.0 1421.0 12.0 7.0 0.40149125322626894
35 30 43 0.0 0.0 2.0 0.0 92.0 1.0 1.0 0.668896321070234
35 30 44 0.0 0.0 0.0 0.0 7.0 0.0 0.0 0.6975585450921773
35 30 45 0.0 0.0 0.0 0.0 7.0 0.0 0.0 0.6975585450921773
35 31 31 0.0 0.0 0.0 0.0 1.0 0.0 0.0 0.6996501749125437
35 31 32 0.0 0.0 0.0 0.0 5.0 0.0 0.0 0.6982543640897755
35 31 33 0.0 0.0 0.0 0.0 14.0 0.0 0.0 0.6951340615690167
35 31 34 0.0 0.0 3.0 0.0 70.0 0.0 0.0 0.6753497346840327
35 31 35 0.0 0.0 22.0 0.0 684.0 3.0 3.0 0.5179430262671106
35 31 36 0.0 0.0 11.0 0.0 324.0 5.0 1.0 0.6008583690987124
35 31 37 0.0 0.0 106.0 0.0 2190.0 13.0 33.0 0.326797385620915
35 31 38 0.0 0.0 4.0 0.0 393.0 3.0 0.0 0.5852842809364547
35 31 39 0.0 0.0 151.0 0.0 3436.0 5.0 113.0 0.25076123947698364
35 31 40 0.0 0.0 83.0 0.0 2075.0 13.0 28.0 0.3377563329312424
35 31 41 0.0 0.0 66.0 0.0 1386.0 10.0 10.0 0.4067402672864613
35 31 42 0.0 0.0 232.0 0.0 5173.0 16.0 342.0 0.18947083502503717
35 31 43 0.0 0.0 15.0 0.0 795.0 2.0 0.0 0.4987531172069825
35 31 44 0.0 0.0 29.0 0.0 602.0 8.0 2.0 0.5337399923751428
35 31 45 0.0 0.0 9.0 0.0 206.0 0.0 0.0 0.6320541760722347
35 31 46 0.0 0.0 1.0 0.0 9.0 0.0 0.0 0.6965174129353233
35 31 47 0.0 0.0 0.0 0.0 3.0 0.0 0.0 0.6989515726410384
35 32 32 0.0 0.0 0.0 0.0 28.0 0.0 0.0 0.690335305719921
35 32 33 0.0 0.0 3.0 0.0 290.0 2.0 0.0 0.6110868616324747
35 32 34 0.0 0.0 231.0 0.0 4957.0 25.0 267.0 0.1954215522054718
35 32 35 0.0 0.0 575.0 0.0 10322.0 23.0 3283.0 0.10861975327798898
35 32 36 0.0 0.0 577.0 0.0 10410.0 33.0 3329.0 0.10798303123794831
35 32 37 0.0 0.0 617.0 0.0 10675.0 21.0 3399.0 0.10534236267870578
35 32 38 0.0 0.0 363.0 0.0 8275.0 23.0 1403.0 0.13180192054227075
35 32 39 0.0 0.0 697.0 0.0 11323.0 30.0 4864.0 0.09995002498750623
35 32 40 0.0 0.0 525.0 0.0 10136.0 26.0 3001.0 0.11069818929390368
35 32 41 0.0 0.0 651.0 0.0 10878.0 29.0 4009.0 0.10358860525342212
35 32 42 0.0 0.0 591.0 0.0 10758.0 29.0 3945.0 0.10501050105010501
35 32 43 0.0 0.0 484.0 0.0 9099.0 26.0 1900.0 0.12103397596611047
35 32 44 0.0 0.0 214.0 0.0 4950.0 20.0 267.0 0.19591379792891123
35 32 45 0.0 0.0 101.0 0.0 2853.0 16.0 75.0 0.28340080971659914
35 32 46 0.0 0.0 4.0 0.0 236.0 0.0 0.0 0.6249999999999999
35 32 47 0.0 0.0 0.0 0.0 44.0 1.0 0.0 0.6856023506366307
35 32 48 0.0 0.0 0.0 0.0 6.0 0.0 0.0 0.6979062811565303
35 33 32 0.0 0.0 9.0 0.0 220.0 5.0 0.0 0.6294964028776977
35 33 33 0.0 0.0 249.0 0.0 5197.0 12.0 284.0 0.18827326519634208
35 33 34 0.0 0.0 543.0 0.0 9743.0 20.0 2171.0 0.1140343732182129
35 33 35 0.0 0.0 1066.0 0.0 12676.0 28.0 11648.0 0.0889058233314282
35 33 36 0.0 0.0 1031.0 0.0 12882.0 37.0 10040.0 0.08799497171590194
35 33 37 0.0 0.0 1050.0 0.0 12791.0 28.0 10790.0 0.08830579033682351
35 33 38 0.0 0.0 1029.0 0.0 13087.0 34.0 9278.0 0.08691333498882542
35 33 39 0.0 0.0 1780.0 0.0 12184.0 43.0 27631.0 0.08764790584110686
35 33 40 0.0 0.0 1714.0 0.0 12944.0 50.0 23087.0 0.08406388855530202
35 33 41 0.0 0.0 1242.0 0.0 13266.0 40.0 12710.0 0.08481764206955045
35 33 42 0.0 0.0 1909.0 0.0 11878.0 49.0 32585.0 0.0886300329197265
35 33 43 0.0 0.0 1137.0 0.0 12909.0 31.0 13773.0 0.08723828514456629
35 33 44 0.0 0.0 851.0 0.0 12167.0 36.0 6338.0 0.09326493904470054
35 33 45 0.0 0.0 473.0 0.0 9573.0 19.0 2293.0 0.11623080116230801
35 33 46 0.0 0.0 405.0 0.0 7891.0 17.0 1062.0 0.13605442176870744
35 33 47 0.0 0.0 250.0 0.0 4907.0 24.0 240.0 0.1961333706920706
35 33 48 0.0 0.0 187.0 0.0 3971.0 16.0 156.0 0.2278275020341741
35 33 49 0.0 0.0 0.0 0.0 25.0 0.0 0.0 0.6913580246913579
35 34 30 0.0 0.0 0.0 0.0 2.0 0.0 0.0 0.6993006993006992
35 34 31 0.0 0.0 6.0 0.0 124.0 2.0 0.0 0.6578947368421051
35 34 32 0.0 0.0 12.0 0.0 378.0 4.0 1.0 0.5867560771165129
35 34 33 0.0 0.0 267.0 0.0 5510.0 28.0 348.0 0.18062185524448454
35 34 34 0.0 0.0 692.0 0.0 11400.0 28.0 4399.0 0.09942475676443434
35 34 35 0.0 0.0 2091.0 0.0 11840.0 52.0 34938.0 0.0878679470281805
35 34 36 0.0 0.0 1408.0 0.0 13540.0 32.0 15419.0 0.0825617738986849
35 34 37 0.0 0.0 1912.0 0.0 12322.0 52.0 29224.0 0.08621220518504832
35 34 38 0.0 0.0 1872.0 0.0 13106.0 46.0 24622.0 0.08243052284503061
35 34 39 0.0 0.0 2074.0 0.0 12856.0 53.0 29363.0 0.08273253752511522
35 34 40 0.0 0.0 2808.0 0.0 11417.0 75.0 46635.0 0.08627595982005298
35 34 41 0.0 0.0 2868.0 0.0 10762.0 64.0 51786.0 0.0895312400076741
35 34 42 0.0 0.0 2296.0 0.0 12512.0 63.0 33439.0 0.08331845503779085
35 34 43 0.0 0.0 1914.0 0.0 12819.0 50.0 27441.0 0.08374207441081469
35 34 44 0.0 0.0 1512.0 0.0 13207.0 38.0 18649.0 0.08372204281784475
35 34 45 0.0 0.0 1505.0 0.0 12816.0 45.0 20112.0 0.08578957043936514
35 34 46 0.0 0.0 989.0 0.0 12539.0 37.0 10886.0 0.09026434558349451
35 34 47 0.0 0.0 398.0 0.0 8561.0 23.0 1651.0 0.1279239766081871
35 34 48 0.0 0.0 368.0 0.0 7575.0 22.0 1141.0 0.14098690835850955
35 34 49 0.0 0.0 42.0 0.0 1369.0 4.0 15.0 0.41091869680070436
35 34 50 0.0 0.0 0.0 0.0 9.0 0.0 0.0 0.6968641114982577
35 35 30 0.0 0.0 0.0 0.0 2.0 0.0 0.0 0.6993006993006992
35 35 31 0.0 0.0 77.0 0.0 1495.0 11.0 7.0 0.3931479921370401
35 35 32 0.0 0.0 542.0 0.0 9723.0 27.0 2266.0 0.11429504449342802
35 35 33 0.0 0.0 600.0 0.0 10475.0 28.0 2859.0 0.10719754977029095
35 35 34 0.0 0.0 877.0 0.0 12334.0 23.0 7771.0 0.0920568122041031
35 35 35 0.0 0.0 1346.0 0.0 13105.0 36.0 16292.0 0.08511155693355218
35 35 36 0.0 0.0 1807.0 0.0 12684.0 48.0 25718.0 0.08487420430433464
35 35 37 0.0 0.0 2254.0 0.0 12665.0 58.0 32310.0 0.08273253752511522
35 35 38 0.0 0.0 3238.0 0.0 10132.0 81.0 60579.0 0.09110431444003383
35 35 39 0.0 0.0 3161.0 0.0 12567.0 53.0 43842.0 0.078868796124162
35 35 40 0.0 0.0 3936.0 0.0 9731.0 79.0 71708.0 0.08929710422247734
35 35 41 0.0 0.0 4182.0 0.0 8661.0 76.0 82787.0 0.0942951438000943
35 35 42 0.0 0.0 3954.0 0.0 9296.0 67.0 75276.0 0.0917130691123485
35 35 43 0.0 0.0 3014.0 0.0 11885.0 59.0 45869.0 0.08283043426813394
35 35 44 0.0 0.0 2504.0 0.0 12231.0 63.0 37487.0 0.08369701679918692
35 35 45 0.0 0.0 2172.0 0.0 11948.0 45.0 35840.0 0.08676789587852494
35 35 46 0.0 0.0 1200.0 0.0 13025.0 31.0 13000.0 0.08627595982005298
35 35 47 0.0 0.0 1613.0 0.0 12566.0 41.0 22929.0 0.08652122860144612
35 35 48 0.0 0.0 408.0 0.0 8450.0 18.0 1456.0 0.1290084776999631
35 35 49 0.0 0.0 7.0 0.0 214.0 6.0 2.0 0.6323396567299006
35 35 50 0.0 0.0 0.0 0.0 6.0 0.0 0.0 0.6979062811565303
35 36 30 0.0 0.0 1.0 0.0 16.0 0.0 0.0 0.694100148735746
35 36 31 0.0 0.0 172.0 0.0 3509.0 23.0 91.0 0.24734982332155472
35 36 32 0.0 0.0 489.0 0.0 9417.0 29.0 2318.0 0.11781536648994359
35 36 33 0.0 0.0 1126.0 0.0 12254.0 31.0 15444.0 0.09100955600338034
35 36 34 0.0 0.0 1534.0 0.0 12421.0 44.0 23857.0 0.08769182586908862
35 36 35 0.0 0.0 1760.0 0.0 12773.0 39.0 24951.0 0.08469961885171516
35 36 36 0.0 0.0 2220.0 0.0 12839.0 65.0 30236.0 0.0822126959891949
35 36 37 0.0 0.0 3083.0 0.0 11687.0 64.0 47685.0 0.0835073068893528
35 36 38 0.0 0.0 4303.0 0.0 9960.0 73.0 71419.0 0.08603736479842673
35 36 39 0.0 0.0 4786.0 0.0 7650.0 88.0 96587.0 0.09687240520343204
35 36 40 0.0 0.0 4927.0 0.0 9550.0 80.0 79142.0 0.08492053863884506
35 36 41 0.0 0.0 5325.0 0.0 8961.0 92.0 88995.0 0.08597396217145663
35 36 42 0.0 0.0 4950.0 0.0 8430.0 94.0 90496.0 0.09109838625715773
35 36 43 0.0 0.0 4142.0 0.0 9102.0 80.0 78336.0 0.09182736455463728
35 36 44 0.0 0.0 3047.0 0.0 11653.0 61.0 46882.0 0.08379219535551831
35 36 45 0.0 0.0 2311.0 0.0 12434.0 52.0 34350.0 0.08365700627427547
35 36 46 0.0 0.0 1333.0 0.0 13088.0 45.0 16477.0 0.08534503779565958
35 36 47 0.0 0.0 978.0 0.0 12788.0 31.0 8176.0 0.08882685108812892
35 36 48 0.0 0.0 369.0 0.0 8072.0 26.0 1269.0 0.13433122241412396
35 36 49 0.0 0.0 136.0 0.0 3165.0 14.0 83.0 0.2647003214218188
35 36 50 0.0 0.0 3.0 0.0 112.0 2.0 0.0 0.6625650733554187
35 37 30 0.0 0.0 1.0 0.0 82.0 0.0 0.0 0.6721075372059528
35 37 31 0.0 0.0 282.0 0.0 5697.0 25.0 382.0 0.1759678230266465
35 37 32 0.0 0.0 572.0 0.0 10180.0 22.0 2992.0 0.1098642391901436
35 37 33 0.0 0.0 618.0 0.0 10375.0 26.0 2885.0 0.10792476102374345
35 37 34 0.0 0.0 1444.0 0.0 13291.0 34.0 17495.0 0.08361204013377925
35 37 35 0.0 0.0 2196.0 0.0 12660.0 56.0 31352.0 0.08312551953449708
35 37 36 0.0 0.0 3461.0 0.0 10678.0 74.0 59262.0 0.08676251859196826
35 37 37 0.0 0.0 4679.0 0.0 8365.0 78.0 88527.0 0.09308510638297872
35 37 38 0.0 0.0 5437.0 0.0 9700.0 104.0 81678.0 0.08184262831754939
35 37 39 0.0 0.0 6145.0 0.0 7769.0 90.0 104344.0 0.08810018249323516
35 37 40 0.0 0.0 6431.0 0.0 8182.0 86.0 100194.0 0.08425613866153105
35 37 41 0.0 0.0 6068.0 0.0 7477.0 68.0 106126.0 0.08994539029874718
35 37 42 0.0 0.0 5325.0 0.0 7733.0 75.0 98097.0 0.09295531505212136
35 37 43 0.0 0.0 3643.0 0.0 12295.0 76.0 48602.0 0.07803790412486064
35 37 44 0.0 0.0 3504.0 0.0 11422.0 72.0 54142.0 0.08269832831236339
35 37 45 0.0 0.0 2523.0 0.0 12382.0 63.0 36712.0 0.08281083638944751
35 37 46 0.0 0.0 2092.0 0.0 11658.0 49.0 36606.0 0.08884940026654818
35 37 47 0.0 0.0 707.0 0.0 11437.0 26.0 4751.0 0.09906594961788846
35 37 48 0.0 0.0 956.0 0.0 12485.0 34.0 8500.0 0.09074410163339382
35 37 49 0.0 0.0 178.0 0.0 4235.0 18.0 167.0 0.21892103205629398
35 37 50 0.0 0.0 98.0 0.0 2342.0 15.0 43.0 0.3163841807909604
35 37 51 0.0 0.0 3.0 0.0 49.0 0.0 0.0 0.6822612085769979
35 38 29 0.0 0.0 0.0 0.0 1.0 0.0 0.0 0.6996501749125437
35 38 30 0.0 0.0 2.0 0.0 44.0 0.0 0.0 0.6842619745845552
35 38 31 0.0 0.0 69.0 0.0 1751.0 8.0 11.0 0.36726128016789084
35 38 32 0.0 0.0 289.0 0.0 7066.0 14.0 898.0 0.1497486362177773
35 38 33 0.0 0.0 873.0 0.0 12285.0 38.0 7871.0 0.09248860408271123
35 38 34 0.0 0.0 1700.0 0.0 12927.0 46.0 22563.0 0.08423079237109679
35 38 35 0.0 0.0 2731.0 0.0 12116.0 67.0 41050.0 0.08310578178796152
35 38 36 0.0 0.0 4296.0 0.0 9915.0 77.0 72537.0 0.08628127696289904
35 38 37 0.0 0.0 5278.0 0.0 8901.0 71.0 88372.0 0.08631851532153645
35 38 38 0.0 0.0 6638.0 0.0 7866.0 82.0 104037.0 0.08482278097546196
35 38 39 0.0 0.0 6871.0 0.0 6505.0 89.0 119313.0 0.09112803488901906
35 38 40 0.0 0.0 6236.0 0.0 4856.0 64.0 136117.0 0.10703363914373087
35 38 41 0.0 0.0 5648.0 0.0 5064.0 60.0 130779.0 0.10999371464487744
35 38 42 0.0 0.0 5638.0 0.0 9218.0 92.0 85650.0 0.0830515512843329
35 38 43 0.0 0.0 4626.0 0.0 9893.0 83.0 74127.0 0.08476628723661903
35 38 44 0.0 0.0 4066.0 0.0 8812.0 84.0 80466.0 0.09412397472098963
35 38 45 0.0 0.0 3446.0 0.0 9693.0 78.0 67585.0 0.09250693802035151
35 38 46 0.0 0.0 2047.0 0.0 12526.0 57.0 29786.0 0.08456148828219376
35 38 47 0.0 0.0 880.0 0.0 12318.0 26.0 6086.0 0.09220839096357768
35 38 48 0.0 0.0 637.0 0.0 10702.0 18.0 3645.0 0.10499475026248688
35 38 49 0.0 0.0 377.0 0.0 8151.0 14.0 1342.0 0.13305455236647024
35 38 50 0.0 0.0 19.0 0.0 505.0 5.0 0.0 0.5557761016276299
35 38 51 0.0 0.0 1.0 0.0 12.0 0.0 0.0 0.695479384003974
35 39 30 0.0 0.0 64.0 0.0 1522.0 10.0 18.0 0.3913894324853228
35 39 31 0.0 0.0 98.0 0.0 2356.0 12.0 49.0 0.3151733453399369
35 39 32 0.0 0.0 1086.0 0.0 12550.0 33.0 13549.0 0.08953696597595291
35 39 33 0.0 0.0 1516.0 0.0 13004.0 40.0 19576.0 0.0847098686997035
35 39 34 0.0 0.0 2266.0 0.0 11594.0 41.0 39334.0 0.08821120282275849
35 39 35 0.0 0.0 3464.0 0.0 10442.0 73.0 61440.0 0.08803370433251587
35 39 36 0.0 0.0 4908.0 0.0 8795.0 74.0 86475.0 0.08905852417302798
35 39 37 0.0 0.0 6425.0 0.0 7266.0 80.0 109093.0 0.08922880815806246
35 39 38 0.0 0.0 5900.0 0.0 4794.0 73.0 138569.0 0.11045364891518736
35 39 39 0.0 0.0 7149.0 0.0 5721.0 79.0 129410.0 0.09411132024737831
35 39 40 0.0 0.0 7362.0 0.0 6109.0 69.0 124575.0 0.09044511919374636
35 39 41 0.0 0.0 6268.0 0.0 5547.0 69.0 127667.0 0.101309790867646
35 39 42 0.0 0.0 6032.0 0.0 7135.0 77.0 108060.0 0.09228132621448815
35 39 43 0.0 0.0 5095.0 0.0 8903.0 76.0 85575.0 0.08742350443362058
35 39 44 0.0 0.0 3848.0 0.0 9952.0 83.0 68730.0 0.08859077390368916
35 39 45 0.0 0.0 3162.0 0.0 11169.0 68.0 52331.0 0.08566882878472645
35 39 46 0.0 0.0 2582.0 0.0 10924.0 60.0 46942.0 0.0902759865875677
35 39 47 0.0 0.0 1739.0 0.0 12124.0 51.0 28385.0 0.08826125330979699
35 39 48 0.0 0.0 699.0 0.0 11445.0 29.0 4666.0 0.09903791737408035
35 39 49 0.0 0.0 531.0 0.0 9646.0 27.0 2267.0 0.11508425811755034
35 39 50 0.0 0.0 39.0 0.0 1293.0 5.0 16.0 0.42079951908626384
35 39 51 0.0 0.0 4.0 0.0 65.0 1.0 0.0 0.6769825918762088
35 40 30 0.0 0.0 3.0 0.0 170.0 0.0 0.0 0.6442705936493326
35 40 31 0.0 0.0 132.0 0.0 3170.0 16.0 83.0 0.2649006622516556
35 40 32 0.0 0.0 413.0 0.0 8420.0 30.0 1483.0 0.12941393973007947
35 40 33 0.0 0.0 1544.0 0.0 12894.0 40.0 20389.0 0.08513743614692287
35 40 34 0.0 0.0 1918.0 0.0 13095.0 47.0 25186.0 0.08222235273389321
35 40 35 0.0 0.0 3175.0 0.0 11986.0 66.0 46544.0 0.0815803274867432
35 40 36 0.0 0.0 5127.0 0.0 7034.0 87.0 106702.0 0.09900289937062443
35 40 37 0.0 0.0 6143.0 0.0 5239.0 66.0 131576.0 0.10460251046025103
35 40 38 0.0 0.0 6050.0 0.0 4091.0 55.0 144921.0 0.11524530786960814
35 40 39 0.0 0.0 7576.0 0.0 5480.0 62.0 131663.0 0.09286282833642875
35 40 40 0.0 0.0 6994.0 0.0 5372.0 69.0 131729.0 0.09756777475782283
35 40 41 0.0 0.0 6945.0 0.0 6015.0 68.0 123546.0 0.09345170549362525
35 40 42 0.0 0.0 6426.0 0.0 7089.0 79.0 110774.0 0.09025270758122743
35 40 43 0.0 0.0 5525.0 0.0 9250.0 87.0 86673.0 0.08343763037129745
35 40 44 0.0 0.0 4439.0 0.0 9511.0 87.0 76995.0 0.08781283321834032
35 40 45 0.0 0.0 2439.0 0.0 13031.0 48.0 32335.0 0.08010986495765621
35 40 46 0.0 0.0 1488.0 0.0 13250.0 46.0 17987.0 0.08370202080593088
35 40 47 0.0 0.0 1151.0 0.0 12996.0 42.0 12339.0 0.08677327383165984
35 40 48 0.0 0.0 576.0 0.0 10488.0 22.0 3261.0 0.10725503715620929
35 40 49 0.0 0.0 279.0 0.0 6232.0 29.0 549.0 0.16495817132084362
35 40 50 0.0 0.0 153.0 0.0 4283.0 15.0 202.0 0.21796668223571533
35 40 51 0.0 0.0 0.0 0.0 3.0 0.0 0.0 0.6989515726410384
35 40 52 0.0 0.0 0.0 0.0 2.0 0.0 0.0 0.6993006993006992
35 41 30 0.0 0.0 0.0 0.0 29.0 0.0 0.0 0.6899950714637751
35 41 31 0.0 0.0 37.0 0.0 1081.0 10.0 8.0 0.4505954296749275
35 41 32 0.0 0.0 317.0 0.0 7218.0 14.0 929.0 0.14696619777451184
35 41 33 0.0 0.0 1011.0 0.0 12801.0 26.0 9154.0 0.08855715098994243
35 41 34 0.0 0.0 2392.0 0.0 11915.0 57.0 37007.0 0.08591592513040809
35 41 35 0.0 0.0 3408.0 0.0 12280.0 62.0 47157.0 0.07919447901346305
35 41 36 0.0 0.0 5320.0 0.0 7861.0 75.0 98194.0 0.09222661396574439
35 41 37 0.0 0.0 6068.0 0.0 5763.0 64.0 124717.0 0.10117800101178001
35 41 38 0.0 0.0 6708.0 0.0 4739.0 55.0 137094.0 0.10407374368123698
35 41 39 0.0 0.0 7503.0 0.0 5643.0 72.0 129570.0 0.09245806366398097
35 41 40 0.0 0.0 7147.0 0.0 5388.0 76.0 132396.0 0.0963789067878287
35 41 41 0.0 0.0 7231.0 0.0 7068.0 77.0 114079.0 0.08587376556462
35 41 42 0.0 0.0 6364.0 0.0 6582.0 70.0 116299.0 0.09365801445009364
35 41 43 0.0 0.0 5339.0 0.0 5808.0 83.0 121271.0 0.10659357393025734
35 41 44 0.0 0.0 4727.0 0.0 9034.0 87.0 84569.0 0.08883812424646233
35 41 45 0.0 0.0 2976.0 0.0 10603.0 58.0 53065.0 0.08978963571062083
35 41 46 0.0 0.0 1663.0 0.0 12994.0 49.0 22075.0 0.08407398510689405
35 41 47 0.0 0.0 1012.0 0.0 12843.0 36.0 7729.0 0.08835037233371197
35 41 48 0.0 0.0 496.0 0.0 9655.0 27.0 2272.0 0.11536876802636999
35 41 49 0.0 0.0 199.0 0.0 4257.0 22.0 190.0 0.2175940317065589
35 41 50 0.0 0.0 205.0 0.0 4413.0 17.0 204.0 0.21192854980320916
35 41 51 0.0 0.0 120.0 0.0 2419.0 20.0 31.0 0.30973451327433627
35 42 30 0.0 0.0 1.0 0.0 86.0 0.0 0.0 0.670819357930043
35 42 31 0.0 0.0 165.0 0.0 3351.0 10.0 91.0 0.2542680711950599
35 42 32 0.0 0.0 804.0 0.0 11918.0 19.0 6585.0 0.09501832496267136
35 42 33 0.0 0.0 1645.0 0.0 12098.0 41.0 26040.0 0.08892276422764227
35 42 34 0.0 0.0 2546.0 0.0 12052.0 54.0 39319.0 0.08435259384226064
35 42 35 0.0 0.0 3893.0 0.0 9714.0 67.0 71273.0 0.08974358974358973
35 42 36 0.0 0.0 5082.0 0.0 7805.0 83.0 98204.0 0.09392191064001072
35 42 37 0.0 0.0 5883.0 0.0 6212.0 79.0 119515.0 0.0994742077589882
35 42 38 0.0 0.0 6799.0 0.0 6669.0 87.0 117759.0 0.09044511919374636
35 42 39 0.0 0.0 7015.0 0.0 6226.0 61.0 123192.0 0.09189969804384927
35 42 40 0.0 0.0 6861.0 0.0 5514.0 58.0 128749.0 0.09722897423432182
35 42 41 0.0 0.0 7020.0 0.0 7230.0 89.0 113025.0 0.08622813500862281
35 42 42 0.0 0.0 6611.0 0.0 7310.0 81.0 109549.0 0.08792865217937444
35 42 43 0.0 0.0 5486.0 0.0 6222.0 74.0 118296.0 0.10218232245821471
35 42 44 0.0 0.0 4677.0 0.0 8091.0 69.0 92069.0 0.09481240688067182
35 42 45 0.0 0.0 2990.0 0.0 11405.0 72.0 48503.0 0.08541793776693105
35 42 46 0.0 0.0 1313.0 0.0 13135.0 37.0 14577.0 0.08511673151750972
35 42 47 0.0 0.0 639.0 0.0 10735.0 24.0 3113.0 0.10477473432120939
35 42 48 0.0 0.0 739.0 0.0 11617.0 27.0 5623.0 0.09760178471834911
35 42 49 0.0 0.0 345.0 0.0 7408.0 15.0 971.0 0.14372241043014064
35 42 50 0.0 0.0 8.0 0.0 123.0 2.0 0.0 0.6575857209957726
35 42 51 0.0 0.0 0.0 0.0 7.0 0.0 0.0 0.6975585450921773
35 43 30 0.0 0.0 78.0 0.0 1850.0 11.0 18.0 0.35741639009445997
35 43 31 0.0 0.0 236.0 0.0 5693.0 14.0 431.0 0.17676767676767674
35 43 32 0.0 0.0 555.0 0.0 9892.0 27.0 2414.0 0.1126126126126126
35 43 33 0.0 0.0 1224.0 0.0 13266.0 34.0 13202.0 0.08488449645304068
35 43 34 0.0 0.0 1708.0 0.0 13056.0 51.0 22821.0 0.08356712230645257
35 43 35 0.0 0.0 3115.0 0.0 11432.0 80.0 50260.0 0.08468424872973626
35 43 36 0.0 0.0 4306.0 0.0 9897.0 84.0 73547.0 0.08646245059288536
35 43 37 0.0 0.0 5270.0 0.0 7255.0 77.0 104614.0 0.09640545379424321
35 43 38 0.0 0.0 6059.0 0.0 7450.0 76.0 106497.0 0.09024107257960551
35 43 39 0.0 0.0 6252.0 0.0 6254.0 87.0 120095.0 0.09649848359525777
35 43 40 0.0 0.0 6474.0 0.0 6675.0 83.0 116759.0 0.0924397490921096
35 43 41 0.0 0.0 6508.0 0.0 6608.0 76.0 117021.0 0.09256198347107437
35 43 42 0.0 0.0 6307.0 0.0 7810.0 86.0 104201.0 0.08686480114165165
35 43 43 0.0 0.0 5144.0 0.0 5806.0 76.0 120182.0 0.10814986481266897
35 43 44 0.0 0.0 4422.0 0.0 9647.0 77.0 76181.0 0.08713512167797348
35 43 45 0.0 0.0 3032.0 0.0 11275.0 69.0 49908.0 0.08592647149082427
35 43 46 0.0 0.0 1208.0 0.0 13211.0 37.0 12613.0 0.08523592085235919
35 43 47 0.0 0.0 627.0 0.0 11074.0 24.0 4505.0 0.10221962616822429
35 43 48 0.0 0.0 312.0 0.0 6696.0 15.0 648.0 0.15562472209871053
35 43 49 0.0 0.0 65.0 0.0 1894.0 13.0 26.0 0.35478966041561066
35 43 50 0.0 0.0 0.0 0.0 14.0 0.0 0.0 0.6951340615690167
35 44 29 0.0 0.0 0.0 0.0 1.0 0.0 0.0 0.6996501749125437
35 44 30 0.0 0.0 20.0 0.0 419.0 2.0 0.0 0.5744768157570782
35 44 31 0.0 0.0 401.0 0.0 8185.0 20.0 1356.0 0.13240022697181764
35 44 32 0.0 0.0 823.0 0.0 11984.0 29.0 6488.0 0.09451795841209829
35 44 33 0.0 0.0 1939.0 0.0 12163.0 59.0 30342.0 0.08699975142928162
35 44 34 0.0 0.0 1277.0 0.0 13242.0 30.0 13793.0 0.08477141992128367
35 44 35 0.0 0.0 2017.0 0.0 12576.0 67.0 29517.0 0.08450534194483007
35 44 36 0.0 0.0 3152.0 0.0 11808.0 56.0 48524.0 0.0824985268120212
35 44 37 0.0 0.0 4220.0 0.0 10517.0 86.0 66443.0 0.08370202080593088
35 44 38 0.0 0.0 5268.0 0.0 7658.0 80.0 99242.0 0.0937207122774133
35 44 39 0.0 0.0 5377.0 0.0 6182.0 66.0 117035.0 0.10318396226415093
35 44 40 0.0 0.0 5530.0 0.0 5664.0 61.0 122429.0 0.10598031794095382
35 44 41 0.0 0.0 5793.0 0.0 6354.0 65.0 115809.0 0.09889100798191706
35 44 42 0.0 0.0 5306.0 0.0 6374.0 77.0 115896.0 0.102271897143692
35 44 43 0.0 0.0 4844.0 0.0 6888.0 74.0 107001.0 0.10187745597438508
35 44 44 0.0 0.0 3877.0 0.0 10785.0 76.0 61368.0 0.08406388855530202
35 44 45 0.0 0.0 2328.0 0.0 12807.0 45.0 32360.0 0.08164693532396336
35 44 46 0.0 0.0 1267.0 0.0 13488.0 35.0 12075.0 0.08357709987463434
35 44 47 0.0 0.0 492.0 0.0 9434.0 25.0 2190.0 0.11751867707546376
35 44 48 0.0 0.0 238.0 0.0 5830.0 11.0 526.0 0.17367572261506015
35 44 49 0.0 0.0 22.0 0.0 616.0 5.0 3.0 0.5317128750474742
35 44 50 0.0 0.0 2.0 0.0 4.0 0.0 0.0 0.6979062811565303
35 45 29 0.0 0.0 0.0 0.0 1.0 0.0 0.0 0.6996501749125437
35 45 30 0.0 0.0 100.0 0.0 2117.0 15.0 28.0 0.3331746787244169
35 45 31 0.0 0.0 13.0 0.0 522.0 3.0 1.0 0.5531410509679968
35 45 32 0.0 0.0 285.0 0.0 5877.0 26.0 401.0 0.17199017199017197
35 45 33 0.0 0.0 351.0 0.0 8142.0 16.0 1432.0 0.13351134846461948
35 45 34 0.0 0.0 1231.0 0.0 12922.0 40.0 14532.0 0.08665511265164644
35 45 35 0.0 0.0 1326.0 0.0 13449.0 43.0 14450.0 0.0834625014904018
35 45 36 0.0 0.0 2079.0 0.0 13092.0 33.0 27889.0 0.08140954817700762
35 45 37 0.0 0.0 3570.0 0.0 9648.0 73.0 68442.0 0.09195402298850575
35 45 38 0.0 0.0 3929.0 0.0 11357.0 70.0 58429.0 0.08098571180655983
35 45 39 0.0 0.0 4498.0 0.0 8875.0 74.0 83715.0 0.09108653220559532
35 45 40 0.0 0.0 4508.0 0.0 10511.0 84.0 68200.0 0.08229001351907364
35 45 41 0.0 0.0 4692.0 0.0 8517.0 67.0 87693.0 0.09208103130755063
35 45 42 0.0 0.0 4494.0 0.0 9426.0 72.0 77354.0 0.08787897809302617
35 45 43 0.0 0.0 3489.0 0.0 11320.0 77.0 54351.0 0.0833134967864794
35 45 44 0.0 0.0 3455.0 0.0 10163.0 57.0 63133.0 0.08954842011001661
35 45 45 0.0 0.0 1963.0 0.0 12157.0 52.0 32287.0 0.08675176601809392
35 45 46 0.0 0.0 952.0 0.0 12402.0 29.0 9734.0 0.09119927040583675
35 45 47 0.0 0.0 446.0 0.0 8850.0 30.0 1727.0 0.12417952811779315
35 45 48 0.0 0.0 296.0 0.0 6652.0 23.0 725.0 0.1567398119122257
35 45 49 0.0 0.0 0.0 0.0 78.0 0.0 0.0 0.6737247353224253
35 45 50 0.0 0.0 0.0 0.0 8.0 0.0 0.0 0.697211155378486
35 46 30 0.0 0.0 0.0 0.0 4.0 0.0 0.0 0.6986027944111775
35 46 31 0.0 0.0 141.0 0.0 3186.0 19.0 97.0 0.2637031456018082
35 46 32 0.0 0.0 405.0 0.0 8629.0 21.0 1597.0 0.12701868989294138
35 46 33 0.0 0.0 534.0 0.0 10122.0 21.0 3133.0 0.11068068622025456
35 46 34 0.0 0.0 887.0 0.0 12289.0 30.0 7807.0 0.09228132621448815
35 46 35 0.0 0.0 868.0 0.0 12215.0 31.0 8632.0 0.09281973082278061
35 46 36 0.0 0.0 2895.0 0.0 9929.0 60.0 58101.0 0.09442233762730154
35 46 37 0.0 0.0 2614.0 0.0 10816.0 64.0 48823.0 0.09073822023462311
35 46 38 0.0 0.0 2734.0 0.0 11720.0 68.0 44546.0 0.08503401360544216
35 46 39 0.0 0.0 2705.0 0.0 12636.0 66.0 37343.0 0.08079409048938134
35 46 40 0.0 0.0 2761.0 0.0 13037.0 64.0 36203.0 0.07874901563730452
35 46 41 0.0 0.0 3633.0 0.0 10223.0 72.0 63729.0 0.08823900163872431
35 46 42 0.0 0.0 2498.0 0.0 12958.0 52.0 33967.0 0.08022462896109105
35 46 43 0.0 0.0 2346.0 0.0 12488.0 47.0 33896.0 0.0831008488158129
35 46 44 0.0 0.0 2051.0 0.0 12088.0 42.0 32774.0 0.08673564215352207
35 46 45 0.0 0.0 1355.0 0.0 12982.0 39.0 16573.0 0.08574753475837568
35 46 46 0.0 0.0 423.0 0.0 8313.0 33.0 1229.0 0.13070675007002144
35 46 47 0.0 0.0 260.0 0.0 6057.0 8.0 517.0 0.16841092265126906
35 46 48 0.0 0.0 0.0 0.0 57.0 0.0 0.0 0.6806028196402526
35 46 49 0.0 0.0 4.0 0.0 117.0 0.0 0.0 0.66006600660066
35 46 50 0.0 0.0 0.0 0.0 21.0 0.0 0.0 0.6927263730826323
35 47 30 0.0 0.0 1.0 0.0 1.0 0.0 0.0 0.6993006993006992
35 47 31 0.0 0.0 1.0 0.0 50.0 0.0 0.0 0.68259385665529
35 47 32 0.0 0.0 4.0 0.0 241.0 0.0 0.0 0.623885918003565
35 47 33 0.0 0.0 184.0 0.0 3730.0 18.0 134.0 0.23736859952526274
35 47 34 0.0 0.0 62.0 0.0 1605.0 7.0 20.0 0.382618201694452
35 47 35 0.0 0.0 815.0 0.0 12025.0 27.0 5744.0 0.09435869784996966
35 47 36 0.0 0.0 1021.0 0.0 12767.0 31.0 10339.0 0.08870865543023697
35 47 37 0.0 0.0 1701.0 0.0 12868.0 45.0 23736.0 0.08450534194483007
35 47 38 0.0 0.0 1461.0 0.0 13328.0 45.0 17576.0 0.08342271481349063
35 47 39 0.0 0.0 1463.0 0.0 13031.0 37.0 18103.0 0.08486391465114869
35 47 40 0.0 0.0 2693.0 0.0 10699.0 54.0 50158.0 0.0909445238404573
35 47 41 0.0 0.0 2496.0 0.0 11212.0 58.0 44123.0 0.08902454533892916
35 47 42 0.0 0.0 1837.0 0.0 12425.0 33.0 27540.0 0.08603207767467584
35 47 43 0.0 0.0 1553.0 0.0 13178.0 38.0 18956.0 0.08364201218783605
35 47 44 0.0 0.0 1440.0 0.0 13227.0 26.0 16546.0 0.0839278220730172
35 47 45 0.0 0.0 809.0 0.0 12024.0 22.0 6234.0 0.09435869784996966
35 47 46 0.0 0.0 578.0 0.0 10334.0 22.0 2985.0 0.10850189878322869
35 47 47 0.0 0.0 173.0 0.0 4009.0 22.0 134.0 0.22716209638163226
35 47 48 0.0 0.0 6.0 0.0 192.0 1.0 0.0 0.6372325898953117
35 47 49 0.0 0.0 0.0 0.0 4.0 0.0 0.0 0.6986027944111775
35 47 50 0.0 0.0 0.0 0.0 2.0 0.0 0.0 0.6993006993006992
35 48 32 0.0 0.0 0.0 0.0 1.0 0.0 0.0 0.6996501749125437
35 48 33 0.0 0.0 1.0 0.0 41.0 0.0 0.0 0.6856023506366307
35 48 34 0.0 0.0 267.0 0.0 6154.0 16.0 613.0 0.16650808753568028
35 48 35 0.0 0.0 132.0 0.0 3511.0 15.0 140.0 0.24871202700302006
35 48 36 0.0 0.0 388.0 0.0 7867.0 21.0 1207.0 0.13675881605939239
35 48 37 0.0 0.0 943.0 0.0 12536.0 31.0 7929.0 0.09048603929679419
35 48 38 0.0 0.0 877.0 0.0 12219.0 38.0 7262.0 0.0928813109533603
35 48 39 0.0 0.0 943.0 0.0 12603.0 26.0 8157.0 0.090032154340836
35 48 40 0.0 0.0 1166.0 0.0 12779.0 28.0 13343.0 0.08784589320449268
35 48 41 0.0 0.0 1059.0 0.0 12764.0 38.0 11496.0 0.08852915138484886
35 48 42 0.0 0.0 1099.0 0.0 12833.0 30.0 11757.0 0.08786243253420359
35 48 43 0.0 0.0 850.0 0.0 12147.0 27.0 6532.0 0.09337068160597571
35 48 44 0.0 0.0 523.0 0.0 9658.0 22.0 2251.0 0.11503697617091206
35 48 45 0.0 0.0 658.0 0.0 11023.0 21.0 3984.0 0.10236162901221027
35 48 46 0.0 0.0 105.0 0.0 3040.0 12.0 66.0 0.27269185820023367
35 48 47 0.0 0.0 2.0 0.0 140.0 2.0 0.0 0.6545114539504441
35 48 48 0.0 0.0 0.0 0.0 2.0 0.0 0.0 0.6993006993006992
35 49 33 0.0 0.0 0.0 0.0 9.0 0.0 0.0 0.6968641114982577
35 49 34 0.0 0.0 0.0 0.0 22.0 0.0 0.0 0.6927263730826323
35 49 35 0.0 0.0 15.0 0.0 454.0 3.0 3.0 0.56772100567721
35 49 36 0.0 0.0 53.0 0.0 1214.0 8.0 11.0 0.42957962565204044
35 49 37 0.0 0.0 46.0 0.0 1668.0 8.0 22.0 0.3779697624190064
35 49 38 0.0 0.0 367.0 0.0 7389.0 20.0 835.0 0.1436634171369933
35 49 39 0.0 0.0 562.0 0.0 9932.0 31.0 2615.0 0.11216151257811248
35 49 40 0.0 0.0 239.0 0.0 5211.0 20.0 340.0 0.18832391713747643
35 49 41 0.0 0.0 486.0 0.0 9414.0 25.0 2045.0 0.1177856301531213
35 49 42 0.0 0.0 1024.0 0.0 12507.0 30.0 10989.0 0.09013068949977465
35 49 43 0.0 0.0 410.0 0.0 8126.0 21.0 1229.0 0.1330166270783848
35 49 44 0.0 0.0 459.0 0.0 9432.0 22.0 2484.0 0.11786496043104899
35 49 45 0.0 0.0 110.0 0.0 3130.0 16.0 87.0 0.26789131266743205
35 49 46 0.0 0.0 0.0 0.0 52.0 0.0 0.0 0.6822612085769979
35 49 47 0.0 0.0 0.0 0.0 9.0 0.0 0.0 0.6968641114982577
35 50 34 0.0 0.0 0.0 0.0 2.0 0.0 0.0 0.6993006993006992
35 50 35 0.0 0.0 0.0 0.0 3.0 0.0 0.0 0.6989515726410384
35 50 36 0.0 0.0 0.0 0.0 9.0 0.0 0.0 0.6968641114982577
35 50 37 0.0 0.0 0.0 0.0 43.0 0.0 0.0 0.6852667645619186
35 50 38 0.0 0.0 5.0 0.0 197.0 1.0 0.0 0.6360745115856428
35 50 39 0.0 0.0 86.0 0.0 2057.0 13.0 28.0 0.33906514894647605
35 50 40 0.0 0.0 369.0 0.0 7991.0 16.0 1361.0 0.13521344407958275
35 50 41 0.0 0.0 291.0 0.0 6727.0 14.0 785.0 0.15533118828359035
35 50 42 0.0 0.0 271.0 0.0 5866.0 17.0 410.0 0.17228648781688405
35 50 43 0.0 0.0 115.0 0.0 2839.0 16.0 72.0 0.28345818991698724
35 50 44 0.0 0.0 1.0 0.0 103.0 1.0 0.0 0.6657156443176413
35 50 45 0.0 0.0 9.0 0.0 213.0 2.0 0.0 0.6306306306306305
35 50 46 0.0 0.0 0.0 0.0 27.0 0.0 0.0 0.6906758756783422
35 51 39 0.0 0.0 0.0 0.0 11.0 0.0 0.0 0.6961710591745399
35 51 40 0.0 0.0 1.0 0.0 47.0 0.0 0.0 0.6839276990718123
35 51 41 0.0 0.0 0.0 0.0 46.0 0.0 0.0 0.6845965770171147
35 51 42 0.0 0.0 3.0 0.0 51.0 0.0 0.0 0.6815968841285296
35 51 43 0.0 0.0 0.0 0.0 12.0 0.0 0.0 0.6958250497017892
35 51 44 0.0 0.0 0.0 0.0 5.0 0.0 0.0 0.6982543640897755
35 51 45 0.0 0.0 3.0 0.0 10.0 2.0 0.0 0.6961710591745399
35 51 46 0.0 0.0 0.0 0.0 1.0 0.0 0.0 0.6996501749125437
35 51 47 0.0 0.0 0.0 0.0 2.0 0.0 0.0 0.6993006993006992
36 29 36 0.0 0.0 1.0 0.0 3.0 0.0 0.0 0.6986027944111775
36 29 38 0.0 0.0 0.0 0.0 2.0 0.0 0.0 0.6993006993006992
36 29 39 0.0 0.0 0.0 0.0 11.0 0.0 0.0 0.6961710591745399
36 29 40 0.0 0.0 0.0 0.0 6.0 0.0 0.0 0.6979062811565303
36 29 41 0.0 0.0 0.0 0.0 4.0 0.0 0.0 0.6986027944111775
36 29 42 0.0 0.0 0.0 0.0 2.0 0.0 0.0 0.6993006993006992
36 29 45 0.0 0.0 0.0 0.0 1.0 0.0 0.0 0.6996501749125437
36 30 33 0.0 0.0 1.0 0.0 2.0 1.0 0.0 0.6993006993006992
36 30 34 0.0 0.0 0.0 0.0 1.0 0.0 0.0 0.6996501749125437
36 30 35 0.0 0.0 0.0 0.0 3.0 0.0 0.0 0.6989515726410384
36 30 36 0.0 0.0 0.0 0.0 18.0 0.0 0.0 0.6937561942517343
36 30 37 0.0 0.0 9.0 0.0 259.0 1.0 0.0 0.6175562417291574
36 30 38 0.0 0.0 16.0 0.0 399.0 2.0 1.0 0.5801906340654785
36 30 39 0.0 0.0 7.0 0.0 156.0 1.0 0.0 0.6475485661424606
36 30 40 0.0 0.0 13.0 0.0 407.0 3.0 0.0 0.5792304509722795
36 30 41 0.0 0.0 74.0 0.0 1995.0 18.0 14.0 0.34559368057269807
36 30 42 0.0 0.0 8.0 0.0 242.0 0.0 0.0 0.622498888394842
36 30 43 0.0 0.0 18.0 0.0 475.0 2.0 1.0 0.5622489959839357
36 30 44 0.0 0.0 11.0 0.0 340.0 5.0 0.0 0.5967604433077578
36 30 45 0.0 0.0 2.0 0.0 23.0 0.0 0.0 0.6913580246913579
36 30 46 0.0 0.0 0.0 0.0 3.0 0.0 0.0 0.6989515726410384
36 30 47 0.0 0.0 0.0 0.0 1.0 0.0 0.0 0.6996501749125437
36 31 31 0.0 0.0 0.0 0.0 2.0 0.0 0.0 0.6993006993006992
36 31 32 0.0 0.0 25.0 0.0 674.0 4.0 2.0 0.5194805194805194
36 31 33 0.0 0.0 14.0 0.0 364.0 6.0 1.0 0.5902192242833051
36 31 34 0.0 0.0 66.0 0.0 1332.0 15.0 10.0 0.41383387525864607
36 31 35 0.0 0.0 21.0 0.0 512.0 8.0 1.0 0.5544554455445544
36 31 36 0.0 0.0 253.0 0.0 5572.0 15.0 405.0 0.17918853193395617
36 31 37 0.0 0.0 396.0 0.0 7502.0 20.0 797.0 0.1416287303995953
36 31 38 0.0 0.0 343.0 0.0 6901.0 21.0 718.0 0.15172862252086267
36 31 39 0.0 0.0 505.0 0.0 9321.0 16.0 1945.0 0.11843329667540814
36 31 40 0.0 0.0 663.0 0.0 10806.0 34.0 3538.0 0.1040582726326743
36 31 41 0.0 0.0 553.0 0.0 10454.0 26.0 3546.0 0.10771716549973069
36 31 42 0.0 0.0 502.0 0.0 9273.0 24.0 1941.0 0.11902737629654818
36 31 43 0.0 0.0 335.0 0.0 7624.0 20.0 1089.0 0.1408167370750352
36 31 44 0.0 0.0 205.0 0.0 4662.0 24.0 274.0 0.20449897750511242
36 31 45 0.0 0.0 0.0 0.0 98.0 0.0 0.0 0.6676204101096804
36 31 46 0.0 0.0 0.0 0.0 43.0 1.0 0.0 0.6856023506366307
36 31 47 0.0 0.0 0.0 0.0 14.0 0.0 0.0 0.6951340615690167
36 32 31 0.0 0.0 0.0 0.0 1.0 0.0 0.0 0.6996501749125437
36 32 32 0.0 0.0 136.0 0.0 2942.0 16.0 62.0 0.2765705254839984
36 32 33 0.0 0.0 280.0 0.0 6385.0 18.0 693.0 0.16181229773462782
36 32 34 0.0 0.0 349.0 0.0 7308.0 17.0 887.0 0.14507772020725385
36 32 35 0.0 0.0 320.0 0.0 6936.0 16.0 827.0 0.15138408304498266
36 32 36 0.0 0.0 346.0 0.0 7621.0 18.0 1104.0 0.14064697609001403
36 32 37 0.0 0.0 508.0 0.0 10002.0 21.0 2996.0 0.11199999999999999
36 32 38 0.0 0.0 1008.0 0.0 12649.0 35.0 10714.0 0.08945115328094051
36 32 39 0.0 0.0 459.0 0.0 9022.0 26.0 1744.0 0.12211077191452244
36 32 40 0.0 0.0 517.0 0.0 9502.0 22.0 2118.0 0.11656952539550373
36 32 41 0.0 0.0 854.0 0.0 12246.0 27.0 6581.0 0.09271523178807946
36 32 42 0.0 0.0 519.0 0.0 10138.0 21.0 3113.0 0.11071569790430999
36 32 43 0.0 0.0 649.0 0.0 10802.0 19.0 3528.0 0.10409695888170123
36 32 44 0.0 0.0 297.0 0.0 6393.0 19.0 566.0 0.1613646841862609
36 32 45 0.0 0.0 512.0 0.0 9550.0 21.0 2399.0 0.1161247511612475
36 32 46 0.0 0.0 174.0 0.0 4011.0 16.0 137.0 0.22690437601296595
36 32 47 0.0 0.0 21.0 0.0 398.0 6.0 0.0 0.5801906340654785
36 32 48 0.0 0.0 0.0 0.0 19.0 0.0 0.0 0.6934125804853887
36 32 49 0.0 0.0 0.0 0.0 2.0 0.0 0.0 0.6993006993006992
36 33 31 0.0 0.0 0.0 0.0 9.0 0.0 0.0 0.6968641114982577
36 33 32 0.0 0.0 9.0 0.0 246.0 3.0 0.0 0.6216696269982237
36 33 33 0.0 0.0 201.0 0.0 4529.0 18.0 219.0 0.20861272537624792
36 33 34 0.0 0.0 1009.0 0.0 12555.0 35.0 9772.0 0.08995116936520174
36 33 35 0.0 0.0 837.0 0.0 12212.0 25.0 6260.0 0.09308510638297872
36 33 36 0.0 0.0 1352.0 0.0 13050.0 22.0 17239.0 0.08527745629530364
36 33 37 0.0 0.0 1234.0 0.0 13227.0 42.0 12260.0 0.08507018290089323
36 33 38 0.0 0.0 1394.0 0.0 13188.0 43.0 16580.0 0.08441362677117877
36 33 39 0.0 0.0 1714.0 0.0 12734.0 52.0 24018.0 0.08515815085158149
36 33 40 0.0 0.0 1702.0 0.0 13454.0 52.0 20698.0 0.08160886039055668
36 33 41 0.0 0.0 1663.0 0.0 13470.0 58.0 19559.0 0.08182349503214494
36 33 42 0.0 0.0 1211.0 0.0 13289.0 42.0 12444.0 0.0849514563106796
36 33 43 0.0 0.0 1290.0 0.0 13213.0 43.0 14173.0 0.08486905916585838
36 33 44 0.0 0.0 1284.0 0.0 13040.0 34.0 16161.0 0.08578431372549018
36 33 45 0.0 0.0 544.0 0.0 9893.0 26.0 2233.0 0.11269419624889318
36 33 46 0.0 0.0 620.0 0.0 10786.0 20.0 4363.0 0.10440748750838988
36 33 47 0.0 0.0 185.0 0.0 3979.0 20.0 139.0 0.2278275020341741
36 33 48 0.0 0.0 59.0 0.0 1294.0 16.0 9.0 0.4195385076415942
36 33 49 0.0 0.0 0.0 0.0 14.0 0.0 0.0 0.695479384003974
36 33 50 0.0 0.0 0.0 0.0 1.0 0.0 0.0 0.6996501749125437
36 34 30 0.0 0.0 35.0 0.0 758.0 6.0 5.0 0.5025125628140703
36 34 31 0.0 0.0 17.0 0.0 387.0 5.0 0.0 0.5838198498748957
36 34 32 0.0 0.0 63.0 0.0 1591.0 20.0 9.0 0.3851444291609353
36 34 33 0.0 0.0 555.0 0.0 10245.0 17.0 3050.0 0.10931521824002498
36 34 34 0.0 0.0 1321.0 0.0 12859.0 32.0 16242.0 0.08652122860144612
36 34 35 0.0 0.0 1560.0 0.0 13347.0 38.0 18600.0 0.08278145695364238
36 34 36 0.0 0.0 2505.0 0.0 11480.0 59.0 42548.0 0.08764241893076248
36 34 37 0.0 0.0 3029.0 0.0 10750.0 64.0 53853.0 0.08865248226950354
36 34 38 0.0 0.0 3074.0 0.0 11242.0 63.0 51924.0 0.08563214875527554
36 34 39 0.0 0.0 2834.0 0.0 12328.0 66.0 40443.0 0.0815233214930414
36 34 40 0.0 0.0 3476.0 0.0 10160.0 67.0 62202.0 0.08941687424155328
36 34 41 0.0 0.0 2761.0 0.0 12795.0 54.0 36990.0 0.0797266514806378
36 34 42 0.0 0.0 3193.0 0.0 11146.0 86.0 52567.0 0.08572128337007102
36 34 43 0.0 0.0 2762.0 0.0 12027.0 53.0 41724.0 0.08334325514942255
36 34 44 0.0 0.0 2739.0 0.0 10604.0 53.0 51627.0 0.09113396693138913
36 34 45 0.0 0.0 2110.0 0.0 12257.0 57.0 33032.0 0.08552752153460809
36 34 46 0.0 0.0 1087.0 0.0 12844.0 34.0 11566.0 0.08793417498900821
36 34 47 0.0 0.0 340.0 0.0 7055.0 19.0 769.0 0.14925373134328357
36 34 48 0.0 0.0 374.0 0.0 6965.0 27.0 678.0 0.15029522275899085
36 34 49 0.0 0.0 26.0 0.0 632.0 8.0 3.0 0.5287009063444108
36 34 50 0.0 0.0 3.0 0.0 79.0 1.0 0.0 0.6727534839019701
36 34 51 0.0 0.0 0.0 0.0 1.0 0.0 0.0 0.6996501749125437
36 35 30 0.0 0.0 1.0 0.0 10.0 0.0 0.0 0.6965174129353233
36 35 31 0.0 0.0 182.0 0.0 3893.0 18.0 163.0 0.231099372730274
36 35 32 0.0 0.0 637.0 0.0 11050.0 21.0 4601.0 0.10225695712511867
36 35 33 0.0 0.0 523.0 0.0 10039.0 27.0 2798.0 0.11158045747987566
36 35 34 0.0 0.0 1013.0 0.0 12774.0 30.0 9502.0 0.08870303491098015
36 35 35 0.0 0.0 1808.0 0.0 12917.0 49.0 25310.0 0.08371203061468546
36 35 36 0.0 0.0 3245.0 0.0 10318.0 64.0 59594.0 0.08999742864489585
36 35 37 0.0 0.0 3416.0 0.0 11125.0 80.0 54661.0 0.08468424872973626
36 35 38 0.0 0.0 4002.0 0.0 10394.0 81.0 66572.0 0.08544400366188586
36 35 39 0.0 0.0 4637.0 0.0 10304.0 73.0 71454.0 0.08260561718196836
36 35 40 0.0 0.0 5049.0 0.0 7887.0 72.0 97407.0 0.09370189411685964
36 35 41 0.0 0.0 5134.0 0.0 8945.0 74.0 87089.0 0.08702138239681749
36 35 42 0.0 0.0 4911.0 0.0 8797.0 91.0 87873.0 0.08917197452229299
36 35 43 0.0 0.0 4234.0 0.0 10295.0 80.0 69515.0 0.08476115517345764
36 35 44 0.0 0.0 3615.0 0.0 10417.0 68.0 62559.0 0.0873144567793439
36 35 45 0.0 0.0 3088.0 0.0 10133.0 69.0 58994.0 0.09198423127463862
36 35 46 0.0 0.0 2332.0 0.0 11916.0 39.0 37625.0 0.08597396217145663
36 35 47 0.0 0.0 986.0 0.0 12460.0 35.0 9961.0 0.09073822023462311
36 35 48 0.0 0.0 598.0 0.0 10689.0 17.0 4138.0 0.10534236267870578
36 35 49 0.0 0.0 275.0 0.0 6405.0 22.0 627.0 0.16162549064881088
36 35 50 0.0 0.0 0.0 0.0 53.0 0.0 0.0 0.6819288845591815
36 35 51 0.0 0.0 1.0 0.0 4.0 1.0 0.0 0.6986027944111775
36 36 30 0.0 0.0 18.0 0.0 275.0 5.0 1.0 0.6118881118881118
36 36 31 0.0 0.0 198.0 0.0 4624.0 16.0 247.0 0.20564042303172733
36 36 32 0.0 0.0 737.0 0.0 11499.0 29.0 5106.0 0.09841827768014058
36 36 33 0.0 0.0 1839.0 0.0 11740.0 49.0 31316.0 0.08985879332477534
36 36 34 0.0 0.0 1795.0 0.0 12823.0 53.0 24828.0 0.08425613866153105
36 36 35 0.0 0.0 2498.0 0.0 12659.0 53.0 35602.0 0.08154706430568498
36 36 36 0.0 0.0 3929.0 0.0 10181.0 58.0 65791.0 0.08675176601809392
36 36 37 0.0 0.0 4570.0 0.0 11824.0 79.0 59665.0 0.07601259637311325
36 36 38 0.0 0.0 5641.0 0.0 7367.0 95.0 103859.0 0.09332089054792693
36 36 39 0.0 0.0 6388.0 0.0 6674.0 81.0 115745.0 0.0929244656843223
36 36 40 0.0 0.0 6724.0 0.0 6202.0 75.0 122355.0 0.09390301160372927
36 36 41 0.0 0.0 6024.0 0.0 4885.0 60.0 135763.0 0.1084262701363073
36 36 42 0.0 0.0 5722.0 0.0 5511.0 75.0 126148.0 0.10567632850241546
36 36 43 0.0 0.0 5665.0 0.0 8328.0 73.0 96080.0 0.08740167311774252
36 36 44 0.0 0.0 4520.0 0.0 8499.0 70.0 86232.0 0.0931408422593307
36 36 45 0.0 0.0 3356.0 0.0 11967.0 80.0 48347.0 0.08078942812626232
36 36 46 0.0 0.0 2487.0 0.0 11133.0 68.0 44297.0 0.08968035359682275
36 36 47 0.0 0.0 1216.0 0.0 13231.0 34.0 10920.0 0.08503401360544216
36 36 48 0.0 0.0 650.0 0.0 11254.0 26.0 4938.0 0.10074841681059298
36 36 49 0.0 0.0 113.0 0.0 3281.0 14.0 119.0 0.2603198214949795
36 36 50 0.0 0.0 0.0 0.0 147.0 1.0 0.0 0.6526806526806526
36 36 51 0.0 0.0 0.0 0.0 4.0 0.0 0.0 0.6986027944111775
36 37 30 0.0 0.0 2.0 0.0 36.0 0.0 0.0 0.6869479882237487
36 37 31 0.0 0.0 140.0 0.0 3591.0 18.0 122.0 0.24496937882764652
36 37 32 0.0 0.0 617.0 0.0 10620.0 28.0 3475.0 0.10592418854505559
36 37 33 0.0 0.0 950.0 0.0 12621.0 36.0 7950.0 0.0899338343932678
36 37 34 0.0 0.0 2680.0 0.0 11279.0 73.0 45857.0 0.08779631255487269
36 37 35 0.0 0.0 3615.0 0.0 11042.0 80.0 58142.0 0.08405884118883218
36 37 36 0.0 0.0 4875.0 0.0 8491.0 81.0 88934.0 0.0910450673083176
36 37 37 0.0 0.0 6064.0 0.0 7321.0 86.0 107650.0 0.09100364014560582
36 37 38 0.0 0.0 6119.0 0.0 4948.0 73.0 134124.0 0.1070090957731407
36 37 39 0.0 0.0 7070.0 0.0 4495.0 59.0 142225.0 0.10315355142941349
36 37 40 0.0 0.0 7309.0 0.0 4088.0 58.0 146661.0 0.10448540935890736
36 37 41 0.0 0.0 7642.0 0.0 4980.0 64.0 137710.0 0.09574613595951306
36 37 42 0.0 0.0 6299.0 0.0 4609.0 65.0 139367.0 0.10844306738962045
36 37 43 0.0 0.0 6141.0 0.0 6230.0 76.0 119589.0 0.09739130434782607
36 37 44 0.0 0.0 5099.0 0.0 7862.0 83.0 95927.0 0.09365801445009364
36 37 45 0.0 0.0 4303.0 0.0 9340.0 88.0 76986.0 0.08950834345630074
36 37 46 0.0 0.0 2634.0 0.0 12874.0 58.0 36406.0 0.0799314872966029
36 37 47 0.0 0.0 2009.0 0.0 13014.0 51.0 27527.0 0.08222718195700691
36 37 48 0.0 0.0 1001.0 0.0 12762.0 35.0 9670.0 0.08879304877275321
36 37 49 0.0 0.0 783.0 0.0 11785.0 43.0 6850.0 0.09626624492883173
36 37 50 0.0 0.0 22.0 0.0 589.0 6.0 1.0 0.5376344086021504
36 37 51 0.0 0.0 0.0 0.0 8.0 0.0 0.0 0.697211155378486
36 38 29 0.0 0.0 0.0 0.0 5.0 0.0 0.0 0.6982543640897755
36 38 30 0.0 0.0 20.0 0.0 419.0 3.0 0.0 0.5747126436781609
36 38 31 0.0 0.0 495.0 0.0 9650.0 34.0 2160.0 0.11550202128537249
36 38 32 0.0 0.0 869.0 0.0 12311.0 26.0 7892.0 0.09228132621448815
36 38 33 0.0 0.0 1139.0 0.0 13321.0 39.0 9763.0 0.08514261387824605
36 38 34 0.0 0.0 2942.0 0.0 11247.0 63.0 49378.0 0.08650519031141868
36 38 35 0.0 0.0 3963.0 0.0 10382.0 72.0 65889.0 0.08559550012227927
36 38 36 0.0 0.0 5379.0 0.0 7337.0 79.0 103875.0 0.09500542888165037
36 38 37 0.0 0.0 6553.0 0.0 5357.0 81.0 130990.0 0.10062531445410766
36 38 38 0.0 0.0 7858.0 0.0 4550.0 65.0 141558.0 0.09714801193532717
36 38 39 0.0 0.0 8335.0 0.0 3645.0 63.0 152310.0 0.100121576199671
36 38 40 0.0 0.0 6603.0 0.0 2625.0 42.0 163093.0 0.12468827930174563
36 38 41 0.0 0.0 7805.0 0.0 4013.0 67.0 148924.0 0.10137581462708181
36 38 42 0.0 3.0 8132.0 1.0 6272.0 82.0 124281.0 0.08536585365853656
36 38 43 0.0 0.0 6908.0 0.0 7214.0 77.0 111448.0 0.08675714197186588
36 38 44 0.0 0.0 5814.0 0.0 9477.0 95.0 85027.0 0.08102320736153712
36 38 45 0.0 0.0 4711.0 0.0 8019.0 84.0 93516.0 0.09505058048747368
36 38 46 0.0 0.0 2885.0 0.0 12692.0 72.0 39540.0 0.07971757203052043
36 38 47 0.0 0.0 2082.0 0.0 12781.0 50.0 29645.0 0.0829973915105525
36 38 48 0.0 0.0 1375.0 0.0 13105.0 58.0 16804.0 0.08509086488786238
36 38 49 0.0 0.0 384.0 0.0 8210.0 18.0 1340.0 0.1323001323001323
36 38 50 0.0 0.0 259.0 0.0 5303.0 21.0 338.0 0.18567639257294427
36 38 51 0.0 0.0 0.0 0.0 16.0 0.0 0.0 0.6944444444444444
36 39 30 0.0 0.0 2.0 0.0 201.0 2.0 0.0 0.6360745115856428
36 39 31 0.0 0.0 227.0 0.0 4771.0 21.0 228.0 0.20057306590257878
36 39 32 0.0 0.0 702.0 0.0 11485.0 23.0 5628.0 0.0987097229077064
36 39 33 0.0 0.0 1749.0 0.0 12532.0 46.0 25917.0 0.08595812611285072
36 39 34 0.0 0.0 3177.0 0.0 10767.0 64.0 56154.0 0.08775228782750406
36 39 35 0.0 0.0 4223.0 0.0 10721.0 86.0 64782.0 0.08260561718196836
36 39 36 0.0 0.0 6306.0 0.0 6749.0 75.0 116378.0 0.0929244656843223
36 39 37 0.0 0.0 7164.0 0.0 4667.0 57.0 139528.0 0.10115606936416183
36 39 38 0.0 0.0 8518.0 0.0 3764.0 57.0 151893.0 0.09803235067572298
36 39 39 0.0 0.0 6925.0 0.0 2373.0 44.0 166582.0 0.12381710444857166
36 39 40 0.0 0.0 7984.0 0.0 2823.0 34.0 161348.0 0.10900031142946122
36 39 41 0.0 0.0 9087.0 0.0 4320.0 51.0 145684.0 0.09086778736937755
36 39 42 0.0 0.0 8330.0 0.0 5083.0 78.0 135943.0 0.09099181073703366
36 39 43 0.0 0.0 7122.0 0.0 7067.0 85.0 112923.0 0.08645711109738775
36 39 44 0.0 0.0 5938.0 0.0 8219.0 101.0 97749.0 0.08673564215352207
36 39 45 0.0 0.0 4652.0 0.0 9765.0 75.0 75801.0 0.08515815085158149
36 39 46 0.0 0.0 2971.0 0.0 12100.0 65.0 44348.0 0.08200082000820007
36 39 47 0.0 0.0 1877.0 0.0 12325.0 48.0 28867.0 0.08639842014317452
36 39 48 0.0 0.0 1256.0 0.0 12489.0 39.0 16625.0 0.088939711581221
36 39 49 0.0 0.0 505.0 0.0 9360.0 23.0 2022.0 0.11811355774909305
36 39 50 0.0 0.0 50.0 0.0 1340.0 10.0 8.0 0.4142011834319526
36 39 51 0.0 0.0 0.0 0.0 10.0 0.0 0.0 0.6965174129353233
36 40 29 0.0 0.0 0.0 0.0 2.0 0.0 0.0 0.6993006993006992
36 40 30 0.0 0.0 4.0 0.0 208.0 3.0 0.0 0.6340579710144926
36 40 31 0.0 0.0 247.0 0.0 5861.0 18.0 458.0 0.172946263125386
36 40 32 0.0 0.0 1208.0 0.0 12949.0 49.0 13187.0 0.08669804310131285
36 40 33 0.0 0.0 2183.0 0.0 11258.0 41.0 39086.0 0.09057385003558258
36 40 34 0.0 0.0 3158.0 0.0 11273.0 70.0 51474.0 0.08520479581279289
36 40 35 0.0 0.0 4703.0 0.0 9618.0 77.0 77183.0 0.08577905765578088
36 40 36 0.0 0.0 6654.0 0.0 7002.0 77.0 111727.0 0.08936550491510276
36 40 37 0.0 0.0 7300.0 0.0 3717.0 56.0 150326.0 0.10741962710043734
36 40 38 0.0 0.0 5711.0 0.0 2089.0 25.0 170086.0 0.14250814332247558
36 40 39 0.0 0.0 7410.0 0.0 2212.0 35.0 168227.0 0.12053379250968574
36 40 40 0.0 0.0 9396.0 0.0 3235.0 62.0 156964.0 0.09573958831977022
36 40 41 0.0 1.0 8308.0 0.0 3541.0 45.0 153951.0 0.10096639261502956
36 40 42 0.0 0.0 8191.0 0.0 4442.0 52.0 143026.0 0.09561535309383963
36 40 43 0.0 0.0 6507.0 0.0 4692.0 67.0 138090.0 0.10604453870625662
36 40 44 0.0 0.0 5812.0 0.0 7041.0 83.0 109035.0 0.09423801830910068
36 40 45 0.0 0.0 4255.0 0.0 10235.0 87.0 68837.0 0.0849463018020751
36 40 46 0.0 0.0 2507.0 0.0 12622.0 46.0 35675.0 0.0816516971888487
36 40 47 0.0 0.0 1424.0 0.0 13548.0 48.0 15476.0 0.08248880509073768
36 40 48 0.0 0.0 1351.0 0.0 12979.0 40.0 16705.0 0.08574228319451248
36 40 49 0.0 0.0 402.0 0.0 9054.0 20.0 2104.0 0.12227074235807858
36 40 50 0.0 0.0 47.0 0.0 1039.0 9.0 5.0 0.4549886252843678
36 40 51 0.0 0.0 1.0 0.0 13.0 0.0 0.0 0.695479384003974
36 40 52 0.0 0.0 0.0 0.0 1.0 0.0 0.0 0.6996501749125437
36 41 29 0.0 0.0 0.0 0.0 8.0 0.0 0.0 0.697211155378486
36 41 30 0.0 0.0 4.0 0.0 165.0 0.0 0.0 0.6454587367450437
36 41 31 0.0 0.0 381.0 0.0 8278.0 28.0 1413.0 0.13154185849854363
36 41 32 0.0 0.0 871.0 0.0 12401.0 26.0 7860.0 0.09169504846738276
36 41 33 0.0 0.0 1537.0 0.0 13895.0 46.0 15854.0 0.0802614229203692
36 41 34 0.0 0.0 3730.0 0.0 8229.0 71.0 83030.0 0.10026498603451979
36 41 35 0.0 0.0 4667.0 0.0 9664.0 76.0 76622.0 0.08566358685675823
36 41 36 0.0 0.0 6693.0 0.0 7865.0 82.0 103537.0 0.08452064718666988
36 41 37 0.0 0.0 7140.0 0.0 3982.0 59.0 149019.0 0.1067317221925745
36 41 38 0.0 0.0 5924.0 0.0 2309.0 24.0 166934.0 0.1365853658536585
36 41 39 0.0 0.0 9297.0 0.0 3439.0 41.0 154458.0 0.09490881974103449
36 41 40 0.0 0.0 7521.0 0.0 2458.0 42.0 165618.0 0.11681268251981641
36 41 41 0.0 0.0 8151.0 0.0 3223.0 40.0 157698.0 0.10466507177033492
36 41 42 0.0 0.0 7350.0 0.0 3667.0 53.0 152479.0 0.10759299108515216
36 41 43 0.0 0.0 7156.0 0.0 5370.0 70.0 132008.0 0.09643865812495694
36 41 44 0.0 0.0 5989.0 0.0 9359.0 87.0 87895.0 0.0806498070165332
36 41 45 0.0 0.0 3928.0 0.0 11065.0 66.0 60736.0 0.08235294117647059
36 41 46 0.0 0.0 2218.0 0.0 13319.0 52.0 27892.0 0.0797857183564142
36 41 47 0.0 0.0 1654.0 0.0 12769.0 48.0 23490.0 0.0852411105698977
36 41 48 0.0 0.0 1137.0 0.0 12821.0 34.0 12970.0 0.08773578993545152
36 41 49 0.0 0.0 578.0 0.0 10398.0 22.0 3264.0 0.10799969142945305
36 41 50 0.0 0.0 99.0 0.0 2027.0 13.0 20.0 0.34038414782397275
36 41 51 0.0 0.0 0.0 0.0 9.0 1.0 0.0 0.697211155378486
36 41 52 0.0 0.0 0.0 0.0 1.0 0.0 0.0 0.6996501749125437
36 42 29 0.0 0.0 0.0 0.0 1.0 0.0 0.0 0.6996501749125437
36 42 30 0.0 0.0 29.0 0.0 840.0 6.0 3.0 0.48882681564245806
36 42 31 0.0 0.0 507.0 0.0 9316.0 21.0 1981.0 0.11851350207398627
36 42 32 0.0 0.0 853.0 0.0 12159.0 29.0 7062.0 0.09325872635225152
36 42 33 0.0 0.0 1322.0 0.0 13217.0 34.0 15098.0 0.08467912659529425
36 42 34 0.0 0.0 2970.0 0.0 12141.0 56.0 44425.0 0.08177570093457943
36 42 35 0.0 0.0 4637.0 0.0 8968.0 84.0 82793.0 0.08978963571062083
36 42 36 0.0 0.0 6281.0 0.0 8179.0 82.0 100346.0 0.08498755539367449
36 42 37 0.0 0.0 7763.0 0.0 6135.0 80.0 124126.0 0.08808355354221718
36 42 38 0.0 0.0 7170.0 0.0 3333.0 49.0 155419.0 0.1119194180190263
36 42 39 0.0 0.0 8821.0 0.0 3764.0 59.0 151247.0 0.09600877794541214
36 42 40 0.0 1.0 8104.0 0.0 3198.0 53.0 157175.0 0.10526315789473682
36 42 41 0.0 0.0 7927.0 0.0 3566.0 52.0 153404.0 0.10369602251685059
36 42 42 0.0 0.0 7523.0 0.0 3974.0 66.0 147972.0 0.10375750389090639
36 42 43 0.0 0.0 5885.0 0.0 4186.0 42.0 143936.0 0.1159228285170158
36 42 44 0.0 0.0 5768.0 0.0 8433.0 94.0 95466.0 0.08652122860144612
36 42 45 0.0 0.0 3657.0 0.0 11590.0 59.0 54400.0 0.08109360518999073
36 42 46 0.0 0.0 2165.0 0.0 13142.0 63.0 28972.0 0.08092017802439165
36 42 47 0.0 0.0 1113.0 0.0 12895.0 38.0 11217.0 0.08753282480930348
36 42 48 0.0 0.0 838.0 0.0 12028.0 28.0 7153.0 0.09419363520150709
36 42 49 0.0 0.0 344.0 0.0 6820.0 29.0 614.0 0.15313935681470134
36 42 50 0.0 0.0 14.0 0.0 359.0 6.0 1.0 0.5914659907055343
36 42 51 0.0 0.0 0.0 0.0 3.0 0.0 0.0 0.6989515726410384
36 42 52 0.0 0.0 0.0 0.0 1.0 0.0 0.0 0.6996501749125437
36 43 29 0.0 0.0 0.0 0.0 2.0 0.0 0.0 0.6993006993006992
36 43 30 0.0 0.0 41.0 0.0 750.0 9.0 5.0 0.5032350826743349
36 43 31 0.0 0.0 436.0 0.0 8576.0 22.0 1412.0 0.12724959098345753
36 43 32 0.0 0.0 830.0 0.0 12238.0 30.0 6392.0 0.09296766053522809
36 43 33 0.0 0.0 1601.0 0.0 13352.0 48.0 19435.0 0.08253743662303974
36 43 34 0.0 0.0 3238.0 0.0 9490.0 80.0 66435.0 0.09501187648456055
36 43 35 0.0 0.0 4077.0 0.0 9876.0 68.0 70539.0 0.08764790584110686
36 43 36 0.0 0.0 5257.0 0.0 7282.0 79.0 103366.0 0.09625300790649706
36 43 37 0.0 0.0 6585.0 0.0 6241.0 66.0 120678.0 0.09432055514383884
36 43 38 0.0 0.0 6507.0 0.0 4140.0 57.0 144958.0 0.11057578390332516
36 43 39 0.0 0.0 8037.0 0.0 4218.0 49.0 146161.0 0.0981973767272217
36 43 40 0.0 0.0 7573.0 0.0 3891.0 65.0 150060.0 0.10406600758195197
36 43 41 0.0 0.0 7743.0 0.0 4203.0 52.0 145832.0 0.10032965457933209
36 43 42 0.0 0.0 7106.0 0.0 4257.0 66.0 143131.0 0.10465724751439036
36 43 43 0.0 0.0 6493.0 0.0 5599.0 88.0 126953.0 0.09931895573212259
36 43 44 0.0 0.0 5180.0 0.0 8464.0 83.0 91325.0 0.08962868117797694
36 43 45 0.0 0.0 3200.0 0.0 12182.0 61.0 46045.0 0.0805106676634654
36 43 46 0.0 0.0 2106.0 0.0 12794.0 50.0 29790.0 0.08282063416942734
36 43 47 0.0 0.0 788.0 0.0 11973.0 25.0 5569.0 0.09487666034155597
36 43 48 0.0 0.0 517.0 0.0 9735.0 24.0 2587.0 0.11445389143230868
36 43 49 0.0 0.0 199.0 0.0 4741.0 19.0 270.0 0.20216606498194942
36 43 50 0.0 0.0 1.0 0.0 48.0 1.0 0.0 0.6835937499999999
36 44 29 0.0 0.0 0.0 0.0 1.0 0.0 0.0 0.6996501749125437
36 44 30 0.0 0.0 77.0 0.0 2043.0 21.0 27.0 0.34179687499999994
36 44 31 0.0 0.0 372.0 0.0 7421.0 28.0 805.0 0.14328113806161086
36 44 32 0.0 0.0 692.0 0.0 11367.0 28.0 4502.0 0.09961576775295289
36 44 33 0.0 0.0 1289.0 0.0 13035.0 34.0 14762.0 0.0857685474483857
36 44 34 0.0 0.0 2309.0 0.0 11775.0 66.0 38179.0 0.08704843623702044
36 44 35 0.0 0.0 3009.0 0.0 11968.0 76.0 45195.0 0.08252284114353078
36 44 36 0.0 0.0 4565.0 0.0 10147.0 72.0 71468.0 0.08371203061468546
36 44 37 0.0 0.0 5697.0 0.0 8251.0 78.0 97509.0 0.08771929824561402
36 44 38 0.0 0.0 6361.0 0.0 5623.0 87.0 127335.0 0.10008578781812981
36 44 39 0.0 0.0 6135.0 0.0 4449.0 77.0 140257.0 0.11153601019757806
36 44 40 0.0 0.0 7302.0 0.0 5683.0 81.0 129466.0 0.09350788137857333
36 44 41 0.0 0.0 6137.0 0.0 4271.0 68.0 143741.0 0.11283043197936815
36 44 42 0.0 0.0 5985.0 0.0 4847.0 58.0 136121.0 0.10915328239513487
36 44 43 0.0 0.0 5888.0 0.0 7307.0 78.0 106938.0 0.0920507594187652
36 44 44 0.0 0.0 4537.0 0.0 8116.0 70.0 91294.0 0.09556313993174059
36 44 45 0.0 0.0 3131.0 0.0 11310.0 56.0 50521.0 0.08507018290089323
36 44 46 0.0 0.0 2103.0 0.0 12317.0 51.0 31694.0 0.0852255433128386
36 44 47 0.0 0.0 1041.0 0.0 12849.0 36.0 11561.0 0.08812236419714231
36 44 48 0.0 0.0 616.0 0.0 10709.0 28.0 4084.0 0.10519197535502291
36 44 49 0.0 0.0 90.0 0.0 1820.0 15.0 19.0 0.3593429158110882
36 44 50 0.0 0.0 0.0 0.0 11.0 0.0 0.0 0.6961710591745399
36 45 29 0.0 0.0 0.0 0.0 5.0 0.0 0.0 0.6982543640897755
36 45 30 0.0 0.0 147.0 0.0 3585.0 19.0 114.0 0.24496937882764652
36 45 31 0.0 0.0 159.0 0.0 3524.0 12.0 118.0 0.24682651622002816
36 45 32 0.0 0.0 1063.0 0.0 12787.0 32.0 11661.0 0.08839499936860713
36 45 33 0.0 0.0 1584.0 0.0 12386.0 35.0 23390.0 0.08760402978537012
36 45 34 0.0 0.0 1353.0 0.0 13161.0 41.0 15753.0 0.08477655322756449
36 45 35 0.0 0.0 2376.0 0.0 12347.0 53.0 34942.0 0.08366700531883105
36 45 36 0.0 0.0 2951.0 0.0 12848.0 65.0 39031.0 0.07869589657110734
36 45 37 0.0 0.0 4527.0 0.0 7739.0 76.0 95008.0 0.09808729769494849
36 45 38 0.0 0.0 5209.0 0.0 9222.0 80.0 83728.0 0.08515297123046042
36 45 39 0.0 0.0 5615.0 0.0 7942.0 79.0 98340.0 0.0899338343932678
36 45 40 0.0 0.0 5857.0 0.0 7252.0 93.0 107207.0 0.09270295325122499
36 45 41 0.0 0.0 5993.0 0.0 7512.0 71.0 104304.0 0.0901481004507405
36 45 42 0.0 0.0 5700.0 0.0 7805.0 76.0 99334.0 0.0902294405774684
36 45 43 0.0 0.0 4828.0 0.0 8663.0 87.0 87376.0 0.09032840828440543
36 45 44 0.0 0.0 3494.0 0.0 10517.0 73.0 59823.0 0.08741258741258741
36 45 45 0.0 0.0 1898.0 0.0 13016.0 60.0 25802.0 0.08285494466473338
36 45 46 0.0 0.0 1093.0 0.0 12971.0 26.0 11112.0 0.08708092305778439
36 45 47 0.0 0.0 667.0 0.0 10982.0 22.0 3620.0 0.10260168559912054
36 45 48 0.0 0.0 146.0 0.0 3565.0 23.0 102.0 0.24617548795498503
36 45 49 0.0 0.0 50.0 0.0 1189.0 13.0 3.0 0.4339739615623062
36 45 50 0.0 0.0 6.0 0.0 162.0 2.0 0.0 0.6463527239150507
36 46 29 0.0 0.0 0.0 0.0 1.0 0.0 0.0 0.6996501749125437
36 46 30 0.0 0.0 44.0 0.0 1245.0 7.0 8.0 0.42656916514320525
36 46 31 0.0 0.0 153.0 0.0 3488.0 20.0 85.0 0.24906600249066
36 46 32 0.0 0.0 545.0 0.0 9852.0 22.0 2384.0 0.11304909560723514
36 46 33 0.0 0.0 561.0 0.0 10608.0 21.0 3755.0 0.10640723569202704
36 46 34 0.0 0.0 957.0 0.0 12573.0 32.0 7521.0 0.0902061855670103
36 46 35 0.0 0.0 1607.0 0.0 13006.0 40.0 21056.0 0.08422065812428561
36 46 36 0.0 0.0 2189.0 0.0 12683.0 49.0 31404.0 0.08294330232833698
36 46 37 0.0 0.0 2755.0 0.0 11714.0 59.0 43646.0 0.08498239650358139
36 46 38 0.0 0.0 3270.0 0.0 11642.0 75.0 50731.0 0.08279124778237729
36 46 39 0.0 0.0 3498.0 0.0 11633.0 65.0 51956.0 0.08173273395995095
36 46 40 0.0 0.0 4248.0 0.0 9636.0 71.0 72699.0 0.0881112719491472
36 46 41 0.0 0.0 4370.0 0.0 7391.0 63.0 95876.0 0.10163339382940108
36 46 42 0.0 0.0 3724.0 0.0 10926.0 71.0 59679.0 0.084008400840084
36 46 43 0.0 0.0 3323.0 0.0 11527.0 80.0 51823.0 0.08309591642924975
36 46 44 0.0 0.0 2850.0 0.0 11132.0 74.0 49329.0 0.08766437069505321
36 46 45 0.0 0.0 1852.0 0.0 12664.0 44.0 26628.0 0.08473550417624984
36 46 46 0.0 0.0 789.0 0.0 11768.0 30.0 5651.0 0.09621331867225619
36 46 47 0.0 0.0 170.0 0.0 4311.0 15.0 222.0 0.21645021645021642
36 46 48 0.0 0.0 19.0 0.0 579.0 6.0 1.0 0.5401234567901234
36 46 49 0.0 0.0 338.0 0.0 7085.0 32.0 808.0 0.14901543374135176
36 46 50 0.0 0.0 1.0 0.0 60.0 0.0 0.0 0.6796116504854368
36 47 30 0.0 0.0 0.0 0.0 6.0 0.0 0.0 0.6979062811565303
36 47 31 0.0 0.0 64.0 0.0 1098.0 10.0 7.0 0.44416243654822324
36 47 32 0.0 0.0 133.0 0.0 2513.0 14.0 43.0 0.3022452504317789
36 47 33 0.0 0.0 110.0 0.0 3310.0 16.0 105.0 0.2591153063113085
36 47 34 0.0 0.0 585.0 0.0 10454.0 27.0 3558.0 0.1074443591711435
36 47 35 0.0 0.0 1065.0 0.0 12971.0 25.0 10264.0 0.08726003490401395
36 47 36 0.0 0.0 1430.0 0.0 12798.0 38.0 18370.0 0.08629191321499012
36 47 37 0.0 0.0 1526.0 0.0 13176.0 46.0 19498.0 0.08385744234800838
36 47 38 0.0 0.0 2190.0 0.0 11859.0 58.0 36076.0 0.08726003490401395
36 47 39 0.0 0.0 2310.0 0.0 12059.0 59.0 36766.0 0.0855327468230694
36 47 40 0.0 0.0 2535.0 0.0 12794.0 53.0 35487.0 0.08076612437983154
36 47 41 0.0 0.0 3158.0 0.0 10070.0 68.0 60629.0 0.09195402298850575
36 47 42 0.0 0.0 2493.0 0.0 12563.0 55.0 34536.0 0.08208255159474671
36 47 43 0.0 0.0 2278.0 0.0 12025.0 44.0 36996.0 0.08581060373889059
36 47 44 0.0 0.0 1269.0 0.0 13078.0 40.0 14485.0 0.08563214875527554
36 47 45 0.0 0.0 1382.0 0.0 12684.0 29.0 18553.0 0.08707009142359598
36 47 46 0.0 0.0 365.0 0.0 7660.0 24.0 992.0 0.13991605036977808
36 47 47 0.0 0.0 107.0 0.0 2152.0 16.0 23.0 0.33003300330033
36 47 48 0.0 0.0 17.0 0.0 547.0 1.0 0.0 0.5462348809988293
36 47 49 0.0 0.0 15.0 0.0 444.0 3.0 1.0 0.5700325732899022
36 47 50 0.0 0.0 4.0 0.0 79.0 1.0 0.0 0.6724303554274734
36 48 31 0.0 0.0 1.0 0.0 3.0 0.0 0.0 0.6986027944111775
36 48 32 0.0 0.0 0.0 0.0 34.0 0.0 0.0 0.6882989183874139
36 48 33 0.0 0.0 39.0 0.0 1049.0 9.0 5.0 0.4546930821695355
36 48 34 0.0 0.0 20.0 0.0 642.0 3.0 3.0 0.5265137269650243
36 48 35 0.0 0.0 153.0 0.0 3701.0 18.0 153.0 0.23984923762206606
36 48 36 0.0 0.0 919.0 0.0 12265.0 31.0 9486.0 0.09209314563873174
36 48 37 0.0 0.0 490.0 0.0 9618.0 26.0 2520.0 0.11571204231754689
36 48 38 0.0 0.0 946.0 0.0 12598.0 34.0 8950.0 0.09013649240278135
36 48 39 0.0 0.0 1257.0 0.0 13167.0 33.0 13106.0 0.08531383302864107
36 48 40 0.0 0.0 1383.0 0.0 13051.0 40.0 17718.0 0.08518924181574783
36 48 41 0.0 0.0 1228.0 0.0 13382.0 33.0 12038.0 0.08433226914041321
36 48 42 0.0 0.0 1501.0 0.0 12889.0 30.0 20096.0 0.08534503779565958
36 48 43 0.0 0.0 1881.0 0.0 12140.0 44.0 28876.0 0.08733624454148471
36 48 44 0.0 0.0 1441.0 0.0 12864.0 50.0 18617.0 0.08590538135853223
36 48 45 0.0 0.0 549.0 0.0 10090.0 19.0 2495.0 0.11086474501108647
36 48 46 0.0 0.0 182.0 0.0 4785.0 12.0 292.0 0.20114942528735633
36 48 47 0.0 0.0 9.0 0.0 273.0 1.0 0.0 0.6137658921525645
36 48 48 0.0 0.0 0.0 0.0 30.0 0.0 0.0 0.689655172413793
36 48 49 0.0 0.0 0.0 0.0 3.0 0.0 0.0 0.6989515726410384
36 49 33 0.0 0.0 0.0 0.0 9.0 0.0 0.0 0.6968641114982577
36 49 34 0.0 0.0 24.0 0.0 304.0 11.0 0.0 0.6042296072507551
36 49 35 0.0 0.0 190.0 0.0 4186.0 22.0 168.0 0.22033364809568776
36 49 36 0.0 0.0 67.0 0.0 1753.0 16.0 21.0 0.3680336487907465
36 49 37 0.0 0.0 244.0 0.0 5270.0 15.0 319.0 0.18666666666666665
36 49 38 0.0 0.0 538.0 0.0 10078.0 22.0 2783.0 0.11113757243788203
36 49 39 0.0 0.0 430.0 0.0 8408.0 14.0 1341.0 0.12922281705741182
36 49 40 0.0 0.0 247.0 0.0 5714.0 20.0 465.0 0.17621145374449337
36 49 41 0.0 0.0 915.0 0.0 12305.0 33.0 9789.0 0.09202655623479918
36 49 42 0.0 0.0 768.0 0.0 11768.0 31.0 5436.0 0.09639881567169317
36 49 43 0.0 0.0 611.0 0.0 10440.0 45.0 3045.0 0.10749385749385748
36 49 44 0.0 0.0 277.0 0.0 6277.0 24.0 590.0 0.16403046280023428
36 49 45 0.0 0.0 622.0 0.0 10525.0 27.0 2885.0 0.10656923194032121
36 49 46 0.0 0.0 22.0 0.0 667.0 5.0 2.0 0.5218039508013418
36 49 47 0.0 0.0 0.0 0.0 79.0 0.0 0.0 0.6734006734006733
36 49 48 0.0 0.0 1.0 0.0 19.0 1.0 0.0 0.6934125804853887
36 49 49 0.0 0.0 0.0 0.0 6.0 0.0 0.0 0.6979062811565303
36 50 34 0.0 0.0 0.0 0.0 8.0 0.0 0.0 0.697211155378486
36 50 35 0.0 0.0 1.0 0.0 27.0 0.0 0.0 0.690335305719921
36 50 36 0.0 0.0 0.0 0.0 9.0 0.0 0.0 0.6968641114982577
36 50 37 0.0 0.0 9.0 0.0 158.0 3.0 1.0 0.6469500924214416
36 50 38 0.0 0.0 89.0 0.0 1792.0 21.0 21.0 0.36269430051813467
36 50 39 0.0 0.0 8.0 0.0 299.0 3.0 0.0 0.6076388888888887
36 50 40 0.0 0.0 34.0 0.0 990.0 7.0 8.0 0.4640371229698375
36 50 41 0.0 0.0 86.0 0.0 2140.0 14.0 39.0 0.33214709371293
36 50 42 0.0 0.0 210.0 0.0 4586.0 16.0 229.0 0.20645922430320007
36 50 43 0.0 0.0 145.0 0.0 4042.0 19.0 187.0 0.22694115739990273
36 50 44 0.0 0.0 70.0 0.0 1503.0 12.0 14.0 0.3931479921370401
36 50 45 0.0 0.0 93.0 0.0 1777.0 21.0 19.0 0.3637308391790075
36 50 46 0.0 0.0 180.0 0.0 3570.0 18.0 99.0 0.2442428471737613
36 50 47 0.0 0.0 1.0 0.0 11.0 2.0 0.0 0.6965174129353233
36 50 48 0.0 0.0 0.0 0.0 5.0 0.0 0.0 0.6982543640897755
36 51 38 0.0 0.0 0.0 0.0 1.0 0.0 0.0 0.6996501749125437
36 51 39 0.0 0.0 0.0 0.0 15.0 0.0 0.0 0.694789081885856
36 51 40 0.0 0.0 8.0 0.0 218.0 0.0 0.0 0.6289308176100628
36 51 41 0.0 0.0 4.0 0.0 95.0 1.0 0.0 0.6673021925643469
36 51 42 0.0 0.0 11.0 0.0 277.0 2.0 0.0 0.6124234470691162
36 51 43 0.0 0.0 7.0 0.0 82.0 0.0 0.0 0.6701771182383915
36 51 44 0.0 0.0 0.0 0.0 2.0 0.0 0.0 0.6993006993006992
36 51 45 0.0 0.0 0.0 0.0 4.0 0.0 0.0 0.6986027944111775
36 51 46 0.0 0.0 1.0 0.0 3.0 0.0 0.0 0.6986027944111775
37 28 40 0.0 0.0 0.0 0.0 1.0 0.0 0.0 0.6996501749125437
37 29 35 0.0 0.0 0.0 0.0 1.0 0.0 0.0 0.6996501749125437
37 29 37 0.0 0.0 16.0 0.0 245.0 5.0 0.0 0.6205673758865247
37 29 38 0.0 0.0 1.0 0.0 17.0 0.0 0.0 0.694100148735746
37 29 39 0.0 0.0 0.0 0.0 15.0 0.0 0.0 0.694789081885856
37 29 40 0.0 0.0 2.0 0.0 31.0 1.0 0.0 0.6889763779527558
37 29 41 0.0 0.0 0.0 0.0 11.0 0.0 0.0 0.6961710591745399
37 29 42 0.0 0.0 0.0 0.0 11.0 0.0 0.0 0.6961710591745399
37 29 43 0.0 0.0 0.0 0.0 6.0 0.0 0.0 0.6979062811565303
37 29 44 0.0 0.0 0.0 0.0 5.0 0.0 0.0 0.6982543640897755
37 30 33 0.0 0.0 0.0 0.0 4.0 0.0 0.0 0.6986027944111775
37 30 34 0.0 0.0 0.0 0.0 6.0 0.0 0.0 0.6979062811565303
37 30 35 0.0 0.0 18.0 0.0 332.0 7.0 0.0 0.5975245411865129
37 30 36 0.0 0.0 4.0 0.0 128.0 1.0 0.0 0.6569685593618019
37 30 37 0.0 0.0 90.0 0.0 2298.0 25.0 28.0 0.3208801283520513
37 30 38 0.0 0.0 15.0 0.0 505.0 4.0 1.0 0.5564387917329093
37 30 39 0.0 0.0 297.0 0.0 6215.0 26.0 572.0 0.16491930733890917
37 30 40 0.0 0.0 247.0 0.0 5980.0 25.0 525.0 0.17060687301974164
37 30 41 0.0 0.0 6.0 0.0 415.0 1.0 3.0 0.5787515502273666
37 30 42 0.0 0.0 109.0 0.0 2695.0 14.0 58.0 0.2921535893155258
37 30 43 0.0 0.0 26.0 0.0 840.0 3.0 3.0 0.4889975550122249
37 30 44 0.0 0.0 8.0 0.0 228.0 0.0 0.0 0.626118067978533
37 30 45 0.0 0.0 23.0 0.0 611.0 6.0 1.0 0.5327245053272449
37 30 46 0.0 0.0 0.0 0.0 5.0 0.0 0.0 0.6982543640897755
37 30 47 0.0 0.0 0.0 0.0 3.0 0.0 0.0 0.6989515726410384
37 31 31 0.0 0.0 0.0 0.0 2.0 0.0 0.0 0.6993006993006992
37 31 32 0.0 0.0 0.0 0.0 12.0 0.0 0.0 0.6958250497017892
37 31 33 0.0 0.0 0.0 0.0 58.0 0.0 0.0 0.6802721088435373
37 31 34 0.0 0.0 30.0 0.0 963.0 6.0 8.0 0.46885465505693225
37 31 35 0.0 0.0 176.0 0.0 4153.0 12.0 182.0 0.2215540433612913
37 31 36 0.0 0.0 30.0 0.0 1044.0 6.0 9.0 0.4563233376792698
37 31 37 0.0 0.0 279.0 0.0 6149.0 18.0 568.0 0.16642891107941035
37 31 38 0.0 0.0 246.0 0.0 5103.0 13.0 317.0 0.19078768056691195
37 31 39 0.0 0.0 546.0 0.0 10245.0 21.0 3298.0 0.10955473824242896
37 31 40 0.0 0.0 474.0 0.0 9456.0 25.0 2121.0 0.11747923135017202
37 31 41 0.0 0.0 482.0 0.0 9103.0 16.0 1906.0 0.1208042108896367
37 31 42 0.0 0.0 613.0 0.0 10570.0 27.0 3636.0 0.10633449794926324
37 31 43 0.0 0.0 308.0 0.0 7089.0 27.0 914.0 0.14926964495148737
37 31 44 0.0 0.0 316.0 0.0 6581.0 23.0 663.0 0.1576931741383194
37 31 45 0.0 0.0 93.0 0.0 2105.0 11.0 21.0 0.3343682827800334
37 31 46 0.0 0.0 229.0 0.0 4735.0 19.0 244.0 0.2014968336211859
37 31 47 0.0 0.0 0.0 0.0 39.0 1.0 0.0 0.6869479882237487
37 31 48 0.0 0.0 0.0 0.0 2.0 0.0 0.0 0.6993006993006992
37 32 31 0.0 0.0 0.0 0.0 3.0 0.0 0.0 0.6989515726410384
37 32 32 0.0 0.0 0.0 0.0 82.0 0.0 0.0 0.6724303554274734
37 32 33 0.0 0.0 61.0 0.0 1386.0 5.0 11.0 0.4067402672864613
37 32 34 0.0 0.0 490.0 0.0 9271.0 22.0 2058.0 0.11910838863365661
37 32 35 0.0 0.0 507.0 0.0 9661.0 31.0 2319.0 0.11523582187834387
37 32 36 0.0 0.0 918.0 0.0 12351.0 30.0 9460.0 0.09172508681124286
37 32 37 0.0 0.0 889.0 0.0 12278.0 31.0 8448.0 0.09233610341643582
37 32 38 0.0 0.0 1147.0 0.0 13046.0 34.0 11164.0 0.0864250879683931
37 32 39 0.0 0.0 1416.0 0.0 13128.0 41.0 17637.0 0.08463817181548877
37 32 40 0.0 0.0 1786.0 0.0 12358.0 34.0 26302.0 0.08657473254591552
37 32 41 0.0 0.0 1492.0 0.0 13137.0 45.0 18879.0 0.08422065812428561
37 32 42 0.0 0.0 1398.0 0.0 12977.0 44.0 18086.0 0.08550662676357416
37 32 43 0.0 0.0 1322.0 0.0 12648.0 36.0 18500.0 0.08766986035443672
37 32 44 0.0 0.0 614.0 0.0 10476.0 28.0 2754.0 0.10709914320685435
37 32 45 0.0 0.0 476.0 0.0 9863.0 29.0 3051.0 0.11359026369168357
37 32 46 0.0 0.0 374.0 0.0 7779.0 18.0 1135.0 0.1380670611439842
37 32 47 0.0 0.0 87.0 0.0 1680.0 13.0 12.0 0.3729355354288758
37 32 48 0.0 0.0 0.0 0.0 27.0 0.0 0.0 0.6906758756783422
37 32 49 0.0 0.0 0.0 0.0 5.0 0.0 0.0 0.6982543640897755
37 33 31 0.0 0.0 0.0 0.0 25.0 0.0 0.0 0.6913580246913579
37 33 32 0.0 0.0 50.0 0.0 1394.0 9.0 7.0 0.4075691411935953
37 33 33 0.0 0.0 635.0 0.0 11057.0 23.0 4728.0 0.10230926629640455
37 33 34 0.0 0.0 423.0 0.0 8519.0 27.0 1482.0 0.128228613299139
37 33 35 0.0 0.0 1321.0 0.0 13066.0 41.0 15761.0 0.08544921874999999
37 33 36 0.0 0.0 1229.0 0.0 12947.0 45.0 13796.0 0.08660686668728734
37 33 37 0.0 0.0 2029.0 0.0 12414.0 50.0 31133.0 0.08514261387824605
37 33 38 0.0 0.0 1643.0 0.0 13091.0 48.0 20573.0 0.08368200836820082
37 33 39 0.0 0.0 1919.0 0.0 13199.0 38.0 24655.0 0.08172796263864564
37 33 40 0.0 0.0 2224.0 0.0 12639.0 49.0 31494.0 0.08295313148071339
37 33 41 0.0 0.0 2330.0 0.0 12182.0 45.0 36048.0 0.08472524812394092
37 33 42 0.0 0.0 2133.0 0.0 12587.0 61.0 31062.0 0.08374708380690314
37 33 43 0.0 0.0 1650.0 0.0 13552.0 45.0 19106.0 0.08141428239125377
37 33 44 0.0 0.0 1194.0 0.0 12999.0 39.0 12704.0 0.08653192409914084
37 33 45 0.0 0.0 1405.0 0.0 13048.0 51.0 17605.0 0.08510638297872339
37 33 46 0.0 0.0 496.0 0.0 9624.0 26.0 2021.0 0.11565468814539447
37 33 47 0.0 0.0 242.0 0.0 5670.0 27.0 481.0 0.1774622892635315
37 33 48 0.0 0.0 81.0 0.0 1940.0 11.0 24.0 0.3490401396160558
37 33 49 0.0 0.0 7.0 0.0 113.0 3.0 0.0 0.6613131790269249
37 33 50 0.0 0.0 0.0 0.0 5.0 0.0 0.0 0.6982543640897755
37 34 31 0.0 0.0 44.0 0.0 906.0 10.0 5.0 0.47619047619047605
37 34 32 0.0 0.0 361.0 0.0 7595.0 15.0 983.0 0.14076010456464907
37 34 33 0.0 0.0 622.0 0.0 10549.0 22.0 2909.0 0.10637489552465616
37 34 34 0.0 0.0 952.0 0.0 12504.0 28.0 8512.0 0.09059729502361999
37 34 35 0.0 0.0 1892.0 0.0 12495.0 37.0 28552.0 0.08531903223840574
37 34 36 0.0 0.0 2856.0 0.0 10852.0 64.0 51913.0 0.08909819894354992
37 34 37 0.0 0.0 3190.0 0.0 11256.0 61.0 51431.0 0.08511155693355218
37 34 38 0.0 0.0 3892.0 0.0 10488.0 71.0 64805.0 0.08543357539513027
37 34 39 0.0 0.0 3550.0 0.0 11592.0 70.0 52274.0 0.08175182481751823
37 34 40 0.0 0.0 3802.0 0.0 10994.0 65.0 59209.0 0.08325899494498959
37 34 41 0.0 0.0 4051.0 0.0 10447.0 82.0 65668.0 0.08483306065563835
37 34 42 0.0 0.0 3382.0 0.0 12283.0 71.0 46945.0 0.07923930269413629
37 34 43 0.0 0.0 3290.0 0.0 11305.0 92.0 52091.0 0.08455127430849135
37 34 44 0.0 0.0 2877.0 0.0 12648.0 64.0 39781.0 0.07991323705690963
37 34 45 0.0 0.0 2234.0 0.0 12350.0 61.0 34213.0 0.08440853732063185
37 34 46 0.0 0.0 1120.0 0.0 12824.0 33.0 12099.0 0.08783487044356608
37 34 47 0.0 0.0 758.0 0.0 11688.0 25.0 6197.0 0.09700665188470066
37 34 48 0.0 0.0 284.0 0.0 6028.0 14.0 519.0 0.16859344894026973
37 34 49 0.0 0.0 93.0 0.0 2216.0 15.0 41.0 0.3259604190919674
37 34 50 0.0 0.0 41.0 0.0 805.0 9.0 3.0 0.49347902714134645
37 35 30 0.0 0.0 0.0 0.0 11.0 0.0 0.0 0.6961710591745399
37 35 31 0.0 0.0 149.0 0.0 3375.0 15.0 105.0 0.25408348457350266
37 35 32 0.0 0.0 639.0 0.0 10788.0 19.0 3335.0 0.1043219076005961
37 35 33 0.0 0.0 1070.0 0.0 12796.0 41.0 10772.0 0.08831693161746151
37 35 34 0.0 0.0 1741.0 0.0 13401.0 58.0 20061.0 0.08172796263864564
37 35 35 0.0 0.0 3003.0 0.0 10720.0 58.0 52968.0 0.08894536213468868
37 35 36 0.0 0.0 3498.0 0.0 12147.0 74.0 48133.0 0.0793246076264944
37 35 37 0.0 0.0 4651.0 0.0 6707.0 76.0 107586.0 0.10481395522946768
37 35 38 0.0 0.0 5634.0 0.0 8188.0 87.0 96500.0 0.08845084660096031
37 35 39 0.0 0.0 5594.0 0.0 6588.0 76.0 113175.0 0.09867493656611219
37 35 40 0.0 0.0 6358.0 0.0 7658.0 64.0 105721.0 0.0873035669743078
37 35 41 0.0 0.0 6072.0 0.0 7672.0 86.0 103193.0 0.08887760284408329
37 35 42 0.0 0.0 5834.0 0.0 8829.0 73.0 93207.0 0.08394795226959284
37 35 43 0.0 0.0 5306.0 0.0 8318.0 77.0 93294.0 0.08962294347352921
37 35 44 0.0 0.0 4406.0 0.0 10056.0 73.0 70826.0 0.08494114791894186
37 35 45 0.0 0.0 3371.0 0.0 10109.0 72.0 62695.0 0.0903750564844103
37 35 46 0.0 0.0 2267.0 0.0 12052.0 55.0 36187.0 0.08578957043936514
37 35 47 0.0 0.0 1255.0 0.0 13445.0 40.0 12257.0 0.08388759062855772
37 35 48 0.0 0.0 694.0 0.0 11268.0 29.0 4547.0 0.10038001003800098
37 35 49 0.0 0.0 406.0 0.0 8410.0 23.0 1466.0 0.12965363956288198
37 35 50 0.0 0.0 80.0 0.0 2033.0 13.0 28.0 0.34146341463414626
37 35 51 0.0 0.0 0.0 0.0 3.0 0.0 0.0 0.6989515726410384
37 36 29 0.0 0.0 2.0 0.0 69.0 1.0 0.0 0.6763285024154588
37 36 30 0.0 0.0 9.0 0.0 285.0 1.0 1.0 0.6105538595726122
37 36 31 0.0 0.0 61.0 0.0 1471.0 6.0 12.0 0.3971631205673758
37 36 32 0.0 0.0 872.0 0.0 12165.0 36.0 6980.0 0.09315943571998934
37 36 33 0.0 0.0 1375.0 0.0 13369.0 50.0 15681.0 0.08369701679918692
37 36 34 0.0 0.0 2542.0 0.0 12216.0 58.0 38358.0 0.083552160420148
37 36 35 0.0 0.0 3863.0 0.0 10178.0 70.0 66530.0 0.08721654622476949
37 36 36 0.0 0.0 5122.0 0.0 7753.0 83.0 99179.0 0.09416195856873821
37 36 37 0.0 0.0 6569.0 0.0 8492.0 76.0 98520.0 0.08208736440926413
37 36 38 0.0 0.0 7112.0 0.0 6154.0 69.0 123099.0 0.09158108196506835
37 36 39 0.0 0.0 7613.0 0.0 5144.0 62.0 135778.0 0.09478031277503214
37 36 40 0.0 0.0 7504.0 0.0 4245.0 56.0 144483.0 0.101603889977502
37 36 41 0.0 0.0 7644.0 0.0 4827.0 76.0 139834.0 0.09687240520343204
37 36 42 0.0 0.0 7717.0 0.0 5623.0 66.0 130599.0 0.09125871846685352
37 36 43 0.0 0.0 5489.0 0.0 4135.0 64.0 143919.0 0.12047156010670336
37 36 44 0.0 0.0 5689.0 0.0 7511.0 71.0 103931.0 0.0921113231133627
37 36 45 0.0 0.0 4241.0 0.0 10459.0 82.0 67937.0 0.08379219535551831
37 36 46 0.0 0.0 3004.0 0.0 11871.0 58.0 45497.0 0.08295804693055225
37 36 47 0.0 0.0 1735.0 0.0 12728.0 48.0 24677.0 0.08504434455108734
37 36 48 0.0 0.0 1243.0 0.0 12834.0 30.0 14988.0 0.0870430241233524
37 36 49 0.0 0.0 419.0 0.0 8073.0 22.0 1165.0 0.13362603798797362
37 36 50 0.0 0.0 125.0 0.0 2951.0 20.0 54.0 0.2769535113748763
37 36 51 0.0 0.0 1.0 0.0 51.0 0.0 0.0 0.6822612085769979
37 37 29 0.0 0.0 0.0 0.0 1.0 0.0 0.0 0.6996501749125437
37 37 30 0.0 0.0 17.0 0.0 297.0 7.0 0.0 0.6071118820468342
37 37 31 0.0 0.0 166.0 0.0 3809.0 22.0 137.0 0.2350965575146935
37 37 32 0.0 0.0 877.0 0.0 12346.0 22.0 9277.0 0.09195402298850575
37 37 33 0.0 0.0 2096.0 0.0 12488.0 50.0 31294.0 0.08437292834327728
37 37 34 0.0 0.0 3565.0 0.0 10468.0 72.0 61612.0 0.08729812309035354
37 37 35 0.0 0.0 4640.0 0.0 9667.0 86.0 76821.0 0.08590011044299914
37 37 36 0.0 0.0 6008.0 0.0 6599.0 78.0 115281.0 0.09592326139088728
37 37 37 0.0 0.0 7047.0 0.0 5069.0 80.0 134571.0 0.09931191033553237
37 37 38 0.0 0.0 8182.0 0.0 4085.0 56.0 148064.0 0.09801176141136934
37 37 39 0.0 0.0 6826.0 0.0 2434.0 28.0 167058.0 0.12414649286157663
37 37 40 0.0 0.0 5918.0 0.0 1817.0 27.0 173751.0 0.14370765756518167
37 37 41 0.0 0.0 7361.0 0.0 2425.0 33.0 165715.0 0.1185938161795849
37 37 42 0.0 0.0 7987.0 0.0 3580.0 47.0 154135.0 0.10316875460574797
37 37 43 0.0 0.0 7144.0 0.0 4108.0 52.0 146290.0 0.10555681218427203
37 37 44 0.0 0.0 7016.0 0.0 7272.0 96.0 111247.0 0.08601093567610739
37 37 45 0.0 0.0 5319.0 0.0 7038.0 77.0 107231.0 0.09749303621169916
37 37 46 0.0 0.0 4051.0 0.0 9740.0 80.0 72646.0 0.08869179600886917
37 37 47 0.0 0.0 3360.0 0.0 9176.0 67.0 69997.0 0.09634574358268529
37 37 48 0.0 0.0 1597.0 0.0 12338.0 47.0 25015.0 0.08784589320449268
37 37 49 0.0 0.0 607.0 0.0 10457.0 31.0 2899.0 0.10731258623332822
37 37 50 0.0 0.0 194.0 0.0 5043.0 15.0 329.0 0.1937716262975778
37 37 51 0.0 0.0 0.0 0.0 9.0 0.0 0.0 0.6968641114982577
37 38 29 0.0 0.0 0.0 0.0 7.0 0.0 0.0 0.6975585450921773
37 38 30 0.0 0.0 55.0 0.0 1165.0 8.0 5.0 0.43586550435865495
37 38 31 0.0 0.0 313.0 0.0 6823.0 13.0 735.0 0.15329026606810467
37 38 32 0.0 0.0 1142.0 0.0 12843.0 29.0 12415.0 0.08757662955085699
37 38 33 0.0 0.0 2039.0 0.0 12971.0 52.0 27846.0 0.08229485069362802
37 38 34 0.0 0.0 3597.0 0.0 11260.0 75.0 56702.0 0.08304169879589536
37 38 35 0.0 0.0 5400.0 0.0 9001.0 82.0 87758.0 0.08528784648187633
37 38 36 0.0 0.0 7386.0 0.0 8268.0 76.0 103196.0 0.07934708682838358
37 38 37 0.0 0.0 8500.0 0.0 4552.0 55.0 143330.0 0.09286898839137643
37 38 38 0.0 0.0 7933.0 0.0 2450.0 38.0 165964.0 0.11308562197092083
37 38 39 0.0 0.0 8813.0 0.0 2107.0 29.0 169920.0 0.10837590958352684
37 38 40 0.0 0.0 9251.0 0.0 2046.0 28.0 170062.0 0.10519197535502291
37 38 41 0.0 0.0 7547.0 0.0 1873.0 20.0 173082.0 0.12221737232649497
37 38 42 0.0 0.0 8957.0 0.0 3045.0 53.0 159829.0 0.09989297181591152
37 38 43 0.0 0.0 6788.0 0.0 3206.0 39.0 157309.0 0.1166375072898442
37 38 44 0.0 0.0 5672.0 0.0 3909.0 59.0 145888.0 0.1208042108896367
37 38 45 0.0 0.0 5726.0 0.0 6489.0 89.0 115705.0 0.09857766511758907
37 38 46 0.0 0.0 4539.0 0.0 8545.0 83.0 86459.0 0.09280742459396751
37 38 47 0.0 0.0 2986.0 0.0 10879.0 80.0 52569.0 0.08832807570977917
37 38 48 0.0 0.0 1201.0 0.0 13089.0 29.0 11508.0 0.0858948401742438
37 38 49 0.0 0.0 577.0 0.0 10261.0 29.0 2851.0 0.10919585055767879
37 38 50 0.0 0.0 216.0 0.0 4845.0 17.0 251.0 0.19855339668132177
37 38 51 0.0 0.0 0.0 0.0 24.0 0.0 0.0 0.6916996047430829
37 39 29 0.0 0.0 0.0 0.0 5.0 0.0 0.0 0.6982543640897755
37 39 30 0.0 0.0 98.0 0.0 2235.0 15.0 30.0 0.3241491085899513
37 39 31 0.0 0.0 434.0 0.0 8813.0 19.0 1701.0 0.12457732692649935
37 39 32 0.0 0.0 718.0 0.0 11499.0 24.0 5416.0 0.09854990848937067
37 39 33 0.0 0.0 2773.0 0.0 11158.0 76.0 47786.0 0.08792313006343025
37 39 34 0.0 0.0 3767.0 0.0 11280.0 67.0 56923.0 0.08206330597889801
37 39 35 0.0 0.0 5642.0 0.0 7072.0 91.0 106938.0 0.09527050017012588
37 39 36 0.0 0.0 7552.0 0.0 6198.0 78.0 123305.0 0.08895101340618844
37 39 37 0.0 0.0 6986.0 0.0 2456.0 35.0 165425.0 0.12236692596800977
37 39 38 0.0 0.0 7704.0 0.0 1744.0 44.0 174355.0 0.1223990208078335
37 39 39 0.0 0.0 7932.0 0.0 1311.0 21.0 178912.0 0.12465497284302376
37 39 40 0.0 0.0 8766.0 0.0 1479.0 29.0 177036.0 0.11421112742698644
37 39 41 0.0 0.0 8231.0 0.0 1631.0 32.0 174795.0 0.11808367071524965
37 39 42 0.0 0.0 9037.0 0.0 2712.0 35.0 163356.0 0.10172939979654118
37 39 43 0.0 0.0 8385.0 0.0 3908.0 55.0 149806.0 0.09790209790209789
37 39 44 0.0 0.0 7125.0 0.0 5370.0 71.0 132841.0 0.09660502346121998
37 39 45 0.0 0.0 5992.0 0.0 7081.0 93.0 108289.0 0.09300471666777385
37 39 46 0.0 0.0 4312.0 0.0 9524.0 76.0 75142.0 0.08830579033682351
37 39 47 0.0 0.0 2894.0 0.0 10479.0 63.0 54666.0 0.09095634095634093
37 39 48 0.0 0.0 1252.0 0.0 13172.0 38.0 13511.0 0.08529304252467405
37 39 49 0.0 0.0 514.0 0.0 9336.0 22.0 1968.0 0.1182632201385369
37 39 50 0.0 0.0 84.0 0.0 1757.0 16.0 13.0 0.3660130718954248
37 39 51 0.0 0.0 0.0 0.0 22.0 0.0 0.0 0.6923837784371908
37 40 29 0.0 0.0 0.0 0.0 7.0 0.0 0.0 0.6975585450921773
37 40 30 0.0 0.0 145.0 0.0 3053.0 19.0 90.0 0.27027027027027023
37 40 31 0.0 0.0 506.0 0.0 9946.0 29.0 2692.0 0.11257639112254743
37 40 32 0.0 0.0 1783.0 0.0 12640.0 43.0 25188.0 0.08521516829995739
37 40 33 0.0 0.0 2695.0 0.0 11218.0 63.0 47151.0 0.08790104853393607
37 40 34 0.0 0.0 3919.0 0.0 10924.0 63.0 60347.0 0.08301707779886147
37 40 35 0.0 0.0 5956.0 0.0 8630.0 90.0 93576.0 0.08441362677117877
37 40 36 0.0 0.0 7281.0 0.0 4540.0 70.0 142079.0 0.10137581462708181
37 40 37 0.0 0.0 8329.0 0.0 3040.0 46.0 160187.0 0.10464160251139844
37 40 38 0.0 0.0 8976.0 0.0 1934.0 25.0 171912.0 0.10844306738962045
37 40 39 0.0 0.0 6679.0 0.0 979.0 14.0 183574.0 0.1449125349342718
37 40 40 0.0 0.0 8275.0 0.0 1133.0 21.0 180543.0 0.12261341741110525
37 40 41 0.0 1.0 7855.0 0.0 1472.0 23.0 177646.0 0.12335888624548418
37 40 42 0.0 0.0 8132.0 0.0 2187.0 32.0 169080.0 0.11349817592217266
37 40 43 0.0 0.0 7439.0 0.0 3101.0 44.0 158206.0 0.11146496815286623
37 40 44 0.0 0.0 7173.0 0.0 5896.0 77.0 126054.0 0.09287514926363273
37 40 45 0.0 0.0 5683.0 0.0 8328.0 81.0 95925.0 0.08740712992445525
37 40 46 0.0 0.0 4072.0 0.0 9670.0 99.0 72013.0 0.08904153151434203
37 40 47 0.0 0.0 2507.0 0.0 11794.0 63.0 40865.0 0.08595812611285072
37 40 48 0.0 0.0 1601.0 0.0 12836.0 50.0 22195.0 0.08515815085158149
37 40 49 0.0 0.0 513.0 0.0 9876.0 24.0 2617.0 0.1131038940054936
37 40 50 0.0 0.0 49.0 0.0 1707.0 7.0 33.0 0.3734329154441184
37 40 51 0.0 0.0 0.0 0.0 8.0 0.0 0.0 0.697211155378486
37 41 29 0.0 0.0 0.0 0.0 9.0 0.0 0.0 0.6968641114982577
37 41 30 0.0 0.0 37.0 0.0 1048.0 10.0 8.0 0.45528455284552843
37 41 31 0.0 0.0 755.0 0.0 11631.0 37.0 5305.0 0.0974319716055397
37 41 32 0.0 0.0 1333.0 0.0 12727.0 29.0 17275.0 0.08712969878018421
37 41 33 0.0 0.0 1816.0 0.0 13744.0 54.0 19365.0 0.07978117164349212
37 41 34 0.0 0.0 3759.0 0.0 11097.0 71.0 60054.0 0.08302200083021999
37 41 35 0.0 0.0 5754.0 0.0 7940.0 83.0 98580.0 0.089126559714795
37 41 36 0.0 0.0 6207.0 0.0 3792.0 46.0 148968.0 0.11659865078704088
37 41 37 0.0 0.0 7983.0 0.0 2900.0 42.0 160609.0 0.10859447719515979
37 41 38 0.0 0.0 9270.0 0.0 2077.0 36.0 169391.0 0.10494752623688154
37 41 39 0.0 0.0 8144.0 0.0 1302.0 17.0 178873.0 0.12227074235807858
37 41 40 0.0 2.0 8077.0 0.0 1403.0 19.0 178563.0 0.12195121951219509
37 41 41 0.0 0.0 8803.0 0.0 1638.0 30.0 175230.0 0.11264885741873189
37 41 42 0.0 0.0 8939.0 0.0 2614.0 45.0 164409.0 0.1032829214312062
37 41 43 0.0 0.0 8026.0 0.0 3767.0 72.0 151483.0 0.1015228426395939
37 41 44 0.0 0.0 6783.0 0.0 6151.0 82.0 123863.0 0.09386523633925577
37 41 45 0.0 0.0 4967.0 0.0 11135.0 85.0 67930.0 0.07731389441130991
37 41 46 0.0 0.0 3670.0 0.0 9669.0 80.0 69298.0 0.09127656800104315
37 41 47 0.0 0.0 1813.0 0.0 13227.0 42.0 23051.0 0.0821307051507685
37 41 48 0.0 0.0 1216.0 0.0 12965.0 37.0 13455.0 0.08651053574738922
37 41 49 0.0 0.0 617.0 0.0 10824.0 24.0 4456.0 0.10421319041238648
37 41 50 0.0 0.0 96.0 0.0 2555.0 13.0 61.0 0.3018542475204829
37 42 29 0.0 0.0 0.0 0.0 3.0 0.0 0.0 0.6989515726410384
37 42 30 0.0 0.0 260.0 0.0 5088.0 16.0 234.0 0.19089173711480772
37 42 31 0.0 0.0 411.0 0.0 8488.0 18.0 1333.0 0.12855831037649218
37 42 32 0.0 0.0 1388.0 0.0 12835.0 37.0 17557.0 0.08629191321499012
37 42 33 0.0 0.0 2158.0 0.0 13001.0 67.0 29571.0 0.08164217401446232
37 42 34 0.0 0.0 3679.0 0.0 11221.0 73.0 56297.0 0.08289419148558232
37 42 35 0.0 0.0 4891.0 0.0 5772.0 60.0 120228.0 0.11046236389458733
37 42 36 0.0 0.0 7490.0 0.0 6855.0 70.0 117187.0 0.08561643835616438
37 42 37 0.0 0.0 7852.0 0.0 3516.0 39.0 154136.0 0.10453221832300455
37 42 38 0.0 0.0 9281.0 0.0 2885.0 30.0 161484.0 0.09864712514092445
37 42 39 0.0 1.0 7556.0 0.0 1591.0 29.0 175964.0 0.12549300824668336
37 42 40 0.0 0.0 6440.0 0.0 1261.0 19.0 180173.0 0.14425553838227714
37 42 41 0.0 0.0 7955.0 0.0 1728.0 30.0 173635.0 0.11994516792323508
37 42 42 0.0 0.0 6451.0 0.0 1923.0 38.0 171922.0 0.1350960146675673
37 42 43 0.0 0.0 7918.0 0.0 4311.0 64.0 145089.0 0.0983698707138842
37 42 44 0.0 0.0 6165.0 0.0 5868.0 71.0 124348.0 0.0998217468805704
37 42 45 0.0 0.0 4795.0 0.0 9355.0 82.0 79306.0 0.08668193919881122
37 42 46 0.0 0.0 3211.0 0.0 11575.0 66.0 50851.0 0.08336310587114444
37 42 47 0.0 0.0 2607.0 0.0 11082.0 63.0 45727.0 0.08920038228735265
37 42 48 0.0 0.0 943.0 0.0 12719.0 31.0 8484.0 0.08941687424155328
37 42 49 0.0 0.0 420.0 0.0 8584.0 20.0 1310.0 0.12733060482037287
37 42 50 0.0 0.0 8.0 0.0 224.0 1.0 1.0 0.6278026905829596
37 43 29 0.0 0.0 0.0 0.0 5.0 0.0 0.0 0.6982543640897755
37 43 30 0.0 0.0 136.0 0.0 3342.0 17.0 85.0 0.2563163676309044
37 43 31 0.0 0.0 575.0 0.0 10459.0 32.0 3623.0 0.10751862376161583
37 43 32 0.0 0.0 934.0 0.0 12526.0 25.0 9926.0 0.0905211431527221
37 43 33 0.0 0.0 1776.0 0.0 13396.0 42.0 21351.0 0.08154231463684547
37 43 34 0.0 0.0 3248.0 0.0 12259.0 64.0 44886.0 0.07993605115907274
37 43 35 0.0 0.0 5051.0 0.0 9334.0 71.0 82635.0 0.0853346336706083
37 43 36 0.0 0.0 6537.0 0.0 7574.0 79.0 107265.0 0.08681632146843606
37 43 37 0.0 0.0 6851.0 0.0 4017.0 63.0 147082.0 0.10882238631947143
37 43 38 0.0 0.0 6714.0 0.0 2629.0 43.0 163645.0 0.12340237990304097
37 43 39 0.0 0.0 7035.0 0.0 2197.0 29.0 170123.0 0.12472160356347436
37 43 40 0.0 1.0 7379.0 1.0 2073.0 27.0 170458.0 0.12228142195824962
37 43 41 0.0 0.0 7887.0 0.0 2426.0 34.0 166454.0 0.11358104819081616
37 43 42 0.0 1.0 8043.0 1.0 3265.0 52.0 156409.0 0.10523941967977146
37 43 43 0.0 0.0 6338.0 0.0 3945.0 56.0 147470.0 0.11385816525699413
37 43 44 0.0 0.0 6170.0 0.0 8630.0 94.0 95362.0 0.08336310587114444
37 43 45 0.0 0.0 4324.0 0.0 8653.0 74.0 83491.0 0.09348290598290597
37 43 46 0.0 0.0 2879.0 0.0 11590.0 62.0 45834.0 0.08504951096531194
37 43 47 0.0 0.0 1753.0 0.0 12521.0 49.0 26725.0 0.08607968519429414
37 43 48 0.0 0.0 811.0 0.0 11906.0 29.0 5926.0 0.09519923840609275
37 43 49 0.0 0.0 240.0 0.0 5632.0 21.0 443.0 0.17825311942959
37 43 50 0.0 0.0 37.0 0.0 1075.0 5.0 6.0 0.4505954296749275
37 43 51 0.0 0.0 0.0 0.0 2.0 0.0 0.0 0.6993006993006992
37 44 29 0.0 0.0 0.0 0.0 3.0 0.0 0.0 0.6989515726410384
37 44 30 0.0 0.0 70.0 0.0 1297.0 11.0 5.0 0.41703902293714623
37 44 31 0.0 0.0 673.0 0.0 11075.0 33.0 3700.0 0.10196649672250545
37 44 32 0.0 0.0 1707.0 0.0 12459.0 37.0 24979.0 0.08654262224145391
37 44 33 0.0 0.0 2248.0 0.0 12043.0 47.0 35260.0 0.08592119798698906
37 44 34 0.0 0.0 2567.0 0.0 12555.0 48.0 36622.0 0.08171365201657618
37 44 35 0.0 0.0 4250.0 0.0 8737.0 71.0 83124.0 0.09342676009342675
37 44 36 0.0 0.0 5455.0 0.0 8082.0 71.0 96851.0 0.09009009009009007
37 44 37 0.0 0.0 6919.0 0.0 7499.0 91.0 108912.0 0.08532943255927347
37 44 38 0.0 0.0 7518.0 0.0 5325.0 62.0 133987.0 0.09419363520150709
37 44 39 0.0 0.0 7565.0 0.0 3981.0 62.0 149686.0 0.10332103321033209
37 44 40 0.0 0.0 8007.0 0.0 3705.0 51.0 151375.0 0.10210035005834305
37 44 41 0.0 0.0 7032.0 0.0 3337.0 51.0 154737.0 0.11318619128466324
37 44 42 0.0 0.0 6951.0 0.0 4077.0 58.0 145440.0 0.107469102632993
37 44 43 0.0 0.0 6429.0 0.0 6305.0 71.0 118012.0 0.0949603201519365
37 44 44 0.0 0.0 5240.0 0.0 9373.0 86.0 83472.0 0.08421559191530316
37 44 45 0.0 0.0 3194.0 0.0 12369.0 65.0 43938.0 0.07963594994311717
37 44 46 0.0 0.0 1979.0 0.0 13253.0 61.0 25585.0 0.0812960919807212
37 44 47 0.0 0.0 1352.0 0.0 13112.0 41.0 16718.0 0.08509086488786238
37 44 48 0.0 0.0 524.0 0.0 9728.0 28.0 2496.0 0.11444453527344067
37 44 49 0.0 0.0 163.0 0.0 4102.0 9.0 205.0 0.22378516624040917
37 44 50 0.0 0.0 24.0 0.0 663.0 2.0 1.0 0.5214152700186219
37 44 51 0.0 0.0 0.0 0.0 1.0 0.0 0.0 0.6996501749125437
37 45 29 0.0 0.0 0.0 0.0 1.0 0.0 0.0 0.6996501749125437
37 45 30 0.0 0.0 16.0 0.0 521.0 3.0 0.0 0.5524861878453038
37 45 31 0.0 0.0 516.0 0.0 9685.0 32.0 2269.0 0.1150086256469235
37 45 32 0.0 0.0 727.0 0.0 11771.0 25.0 5739.0 0.09659169311439215
37 45 33 0.0 0.0 980.0 0.0 12816.0 28.0 8796.0 0.0886749429946795
37 45 34 0.0 0.0 1834.0 0.0 13400.0 60.0 23307.0 0.08123476848090982
37 45 35 0.0 0.0 3214.0 0.0 11312.0 61.0 51330.0 0.08463305525329463
37 45 36 0.0 0.0 3971.0 0.0 9656.0 52.0 72282.0 0.08949689957169339
37 45 37 0.0 0.0 4847.0 0.0 8517.0 83.0 88556.0 0.09108060633660789
37 45 38 0.0 0.0 5909.0 0.0 7599.0 100.0 104650.0 0.09028180821564454
37 45 39 0.0 0.0 6839.0 0.0 7182.0 81.0 111237.0 0.08734714250062389
37 45 40 0.0 0.0 7151.0 0.0 6060.0 71.0 124987.0 0.0920568122041031
37 45 41 0.0 0.0 6667.0 0.0 5543.0 66.0 128394.0 0.0984113594826374
37 45 42 0.0 0.0 6654.0 0.0 8032.0 70.0 103545.0 0.08388256440982624
37 45 43 0.0 0.0 5215.0 0.0 7996.0 77.0 97087.0 0.0920326058374967
37 45 44 0.0 0.0 4127.0 0.0 9822.0 85.0 71812.0 0.08779631255487269
37 45 45 0.0 0.0 2825.0 0.0 11039.0 81.0 49074.0 0.08835594824865887
37 45 46 0.0 0.0 1297.0 0.0 13149.0 33.0 14668.0 0.08505467800729039
37 45 47 0.0 0.0 871.0 0.0 12321.0 33.0 7746.0 0.09217803529101921
37 45 48 0.0 0.0 774.0 0.0 11726.0 26.0 7200.0 0.09665170866413529
37 45 49 0.0 0.0 42.0 0.0 1152.0 5.0 9.0 0.439146800501882
37 45 50 0.0 0.0 1.0 0.0 68.0 1.0 0.0 0.6769825918762088
37 46 29 0.0 0.0 0.0 0.0 1.0 0.0 0.0 0.6996501749125437
37 46 30 0.0 0.0 52.0 0.0 1019.0 9.0 2.0 0.4572175048987589
37 46 31 0.0 0.0 216.0 0.0 4536.0 16.0 209.0 0.20783847980997625
37 46 32 0.0 0.0 446.0 0.0 9437.0 29.0 2213.0 0.11807371173146664
37 46 33 0.0 0.0 862.0 0.0 12213.0 30.0 8341.0 0.092899800928998
37 46 34 0.0 0.0 1740.0 0.0 12305.0 42.0 26454.0 0.08725459644749142
37 46 35 0.0 0.0 1598.0 0.0 13287.0 47.0 19828.0 0.08290400900100668
37 46 36 0.0 0.0 2670.0 0.0 11196.0 62.0 46513.0 0.08823900163872431
37 46 37 0.0 0.0 3439.0 0.0 10722.0 77.0 57808.0 0.08654262224145391
37 46 38 0.0 0.0 3916.0 0.0 11215.0 79.0 58840.0 0.08176614881439084
37 46 39 0.0 0.0 4709.0 0.0 8557.0 80.0 85501.0 0.09153318077803202
37 46 40 0.0 0.0 5256.0 0.0 9614.0 90.0 81792.0 0.08299247139723752
37 46 41 0.0 0.0 5099.0 0.0 8705.0 73.0 88026.0 0.08864686886595327
37 46 42 0.0 0.0 4862.0 0.0 7268.0 75.0 102250.0 0.09895391574780886
37 46 43 0.0 0.0 3837.0 0.0 10844.0 59.0 61774.0 0.08383735553027127
37 46 44 0.0 0.0 2877.0 0.0 12002.0 68.0 43173.0 0.08291873963515753
37 46 45 0.0 0.0 2001.0 0.0 13273.0 55.0 26023.0 0.08106543138390271
37 46 46 0.0 0.0 876.0 0.0 12446.0 30.0 8192.0 0.09146739840585391
37 46 47 0.0 0.0 535.0 0.0 10007.0 26.0 2679.0 0.11181215557862789
37 46 48 0.0 0.0 262.0 0.0 5921.0 15.0 462.0 0.17133765756945293
37 46 49 0.0 0.0 9.0 0.0 330.0 2.0 0.0 0.5990586221651689
37 46 50 0.0 0.0 0.0 0.0 6.0 0.0 0.0 0.6979062811565303
37 47 30 0.0 0.0 0.0 0.0 7.0 0.0 0.0 0.6975585450921773
37 47 31 0.0 0.0 2.0 0.0 187.0 1.0 1.0 0.639853747714808
37 47 32 0.0 0.0 291.0 0.0 6166.0 23.0 545.0 0.16591609386110448
37 47 33 0.0 0.0 419.0 0.0 8527.0 20.0 1513.0 0.12808783165599266
37 47 34 0.0 0.0 560.0 0.0 10295.0 32.0 2897.0 0.10907674328009348
37 47 35 0.0 0.0 1031.0 0.0 12876.0 30.0 9723.0 0.08801156723455082
37 47 36 0.0 0.0 1137.0 0.0 13065.0 43.0 11733.0 0.08648381517173213
37 47 37 0.0 0.0 1478.0 0.0 13676.0 41.0 14879.0 0.08162789341729344
37 47 38 0.0 0.0 1989.0 0.0 12602.0 52.0 29259.0 0.08440344848375232
37 47 39 0.0 0.0 2524.0 0.0 12000.0 60.0 38853.0 0.08473037583973853
37 47 40 0.0 0.0 3478.0 0.0 10736.0 78.0 58986.0 0.08631851532153645
37 47 41 0.0 0.0 3125.0 0.0 12351.0 72.0 43922.0 0.080132791483029
37 47 42 0.0 0.0 3426.0 0.0 9912.0 62.0 63494.0 0.09119927040583675
37 47 43 0.0 0.0 3220.0 0.0 9866.0 60.0 62323.0 0.09281973082278061
37 47 44 0.0 0.0 1630.0 0.0 13104.0 47.0 21029.0 0.08363701535336639
37 47 45 0.0 0.0 1227.0 0.0 13055.0 38.0 15111.0 0.08596868283696653
37 47 46 0.0 0.0 665.0 0.0 10879.0 35.0 4004.0 0.10351966873706003
37 47 47 0.0 0.0 576.0 0.0 10054.0 22.0 2713.0 0.11088230635197212
37 47 48 0.0 0.0 114.0 0.0 2768.0 13.0 67.0 0.28735632183908044
37 47 49 0.0 0.0 11.0 0.0 278.0 1.0 0.0 0.6116207951070335
37 47 50 0.0 0.0 0.0 0.0 12.0 0.0 0.0 0.6958250497017892
37 48 30 0.0 0.0 5.0 0.0 153.0 1.0 0.0 0.6490496059341677
37 48 31 0.0 0.0 0.0 0.0 12.0 0.0 0.0 0.6958250497017892
37 48 32 0.0 0.0 7.0 0.0 102.0 1.0 0.0 0.6641366223908918
37 48 33 0.0 0.0 30.0 0.0 855.0 6.0 7.0 0.486111111111111
37 48 34 0.0 0.0 325.0 0.0 7110.0 16.0 879.0 0.14857264140931759
37 48 35 0.0 0.0 363.0 0.0 7585.0 19.0 1000.0 0.14091595369904375
37 48 36 0.0 0.0 1064.0 0.0 12487.0 27.0 12941.0 0.08999742864489585
37 48 37 0.0 0.0 637.0 0.0 10310.0 34.0 2543.0 0.10835074684621931
37 48 38 0.0 0.0 1450.0 0.0 12861.0 42.0 19131.0 0.08584217303329449
37 48 39 0.0 0.0 1287.0 0.0 13008.0 46.0 15067.0 0.08597396217145663
37 48 40 0.0 0.0 1763.0 0.0 12672.0 42.0 24597.0 0.08524630091944223
37 48 41 0.0 0.0 1508.0 0.0 13220.0 32.0 18509.0 0.08364201218783605
37 48 42 0.0 0.0 2211.0 0.0 12166.0 58.0 34617.0 0.08547008547008546
37 48 43 0.0 0.0 1393.0 0.0 13097.0 43.0 16921.0 0.0849463018020751
37 48 44 0.0 0.0 1110.0 0.0 13019.0 46.0 11350.0 0.08686480114165165
37 48 45 0.0 0.0 696.0 0.0 11249.0 16.0 3873.0 0.10045203415369161
37 48 46 0.0 0.0 871.0 0.0 12220.0 36.0 6139.0 0.09285666909862704
37 48 47 0.0 0.0 348.0 0.0 6941.0 22.0 671.0 0.15100852119512456
37 48 48 0.0 0.0 189.0 0.0 4172.0 7.0 188.0 0.22022966808242878
37 48 49 0.0 0.0 32.0 0.0 793.0 7.0 3.0 0.49698260560880364
37 49 33 0.0 0.0 6.0 0.0 62.0 0.0 0.0 0.6769825918762088
37 49 34 0.0 0.0 4.0 0.0 78.0 0.0 0.0 0.6724303554274734
37 49 35 0.0 0.0 20.0 0.0 726.0 5.0 2.0 0.5107624954396205
37 49 36 0.0 0.0 385.0 0.0 7539.0 26.0 883.0 0.14134275618374553
37 49 37 0.0 0.0 335.0 0.0 6960.0 21.0 671.0 0.15082956259426844
37 49 38 0.0 0.0 462.0 0.0 8932.0 24.0 1936.0 0.12301203760653719
37 49 39 0.0 0.0 645.0 0.0 10879.0 24.0 3571.0 0.10361927318481237
37 49 40 0.0 0.0 587.0 0.0 10644.0 30.0 3072.0 0.10599636583888551
37 49 41 0.0 0.0 644.0 0.0 11003.0 29.0 4074.0 0.10269953051643192
37 49 42 0.0 0.0 494.0 0.0 9137.0 18.0 1949.0 0.12041974883880954
37 49 43 0.0 0.0 813.0 0.0 11870.0 19.0 6117.0 0.09527698380291275
37 49 44 0.0 0.0 443.0 0.0 8679.0 25.0 1525.0 0.12604663725578463
37 49 45 0.0 0.0 476.0 0.0 9381.0 20.0 2284.0 0.11818335303055881
37 49 46 0.0 0.0 375.0 0.0 7946.0 18.0 1210.0 0.13576415826221874
37 49 47 0.0 0.0 215.0 0.0 4696.0 15.0 256.0 0.20301624129930393
37 49 48 0.0 0.0 66.0 0.0 2192.0 10.0 41.0 0.32956685499058375
37 49 49 0.0 0.0 11.0 0.0 284.0 3.0 1.0 0.6110868616324747
37 50 34 0.0 0.0 0.0 0.0 5.0 0.0 0.0 0.6982543640897755
37 50 35 0.0 0.0 0.0 0.0 17.0 0.0 0.0 0.694100148735746
37 50 36 0.0 0.0 1.0 0.0 44.0 0.0 0.0 0.6845965770171147
37 50 37 0.0 0.0 95.0 0.0 2354.0 12.0 34.0 0.3154574132492113
37 50 38 0.0 0.0 75.0 0.0 1589.0 8.0 12.0 0.38282745419742953
37 50 39 0.0 0.0 102.0 0.0 2577.0 15.0 31.0 0.3001715265866209
37 50 40 0.0 0.0 382.0 0.0 7557.0 17.0 912.0 0.1410579345088161
37 50 41 0.0 0.0 475.0 0.0 9155.0 25.0 1996.0 0.12052341597796143
37 50 42 0.0 0.0 163.0 0.0 4460.0 12.0 226.0 0.21180030257186078
37 50 43 0.0 0.0 263.0 0.0 5500.0 17.0 331.0 0.18062185524448454
37 50 44 0.0 0.0 118.0 0.0 2893.0 9.0 70.0 0.2798880447820872
37 50 45 0.0 0.0 81.0 0.0 1758.0 14.0 26.0 0.3661087866108786
37 50 46 0.0 0.0 25.0 0.0 581.0 9.0 1.0 0.5390835579514823
37 50 47 0.0 0.0 0.0 0.0 44.0 1.0 0.0 0.6852667645619186
37 50 48 0.0 0.0 0.0 0.0 12.0 0.0 0.0 0.6958250497017892
37 50 49 0.0 0.0 0.0 0.0 5.0 0.0 0.0 0.6982543640897755
37 51 36 0.0 0.0 0.0 0.0 1.0 0.0 0.0 0.6996501749125437
37 51 37 0.0 0.0 0.0 0.0 6.0 0.0 0.0 0.6979062811565303
37 51 38 0.0 0.0 0.0 0.0 9.0 0.0 0.0 0.6968641114982577
37 51 39 0.0 0.0 0.0 0.0 23.0 0.0 0.0 0.6920415224913494
37 51 40 0.0 0.0 0.0 0.0 26.0 0.0 0.0 0.6910167818361302
37 51 41 0.0 0.0 0.0 0.0 38.0 0.0 0.0 0.6869479882237487
37 51 42 0.0 0.0 0.0 0.0 37.0 0.0 0.0 0.6876227897838899
37 51 43 0.0 0.0 4.0 0.0 50.0 2.0 0.0 0.6822612085769979
37 51 44 0.0 0.0 0.0 0.0 11.0 0.0 0.0 0.6961710591745399
37 51 45 0.0 0.0 0.0 0.0 2.0 0.0 0.0 0.6993006993006992
37 51 48 0.0 0.0 0.0 0.0 1.0 0.0 0.0 0.6996501749125437
37 52 40 0.0 0.0 8.0 0.0 102.0 1.0 0.0 0.6638217164532954
38 28 39 0.0 0.0 0.0 0.0 2.0 0.0 0.0 0.6993006993006992
38 28 40 0.0 0.0 0.0 0.0 11.0 0.0 0.0 0.6961710591745399
38 28 41 0.0 0.0 0.0 0.0 3.0 0.0 0.0 0.6989515726410384
38 28 42 0.0 0.0 0.0 0.0 1.0 0.0 0.0 0.6996501749125437
38 29 35 0.0 0.0 0.0 0.0 3.0 0.0 0.0 0.6989515726410384
38 29 36 0.0 0.0 34.0 0.0 594.0 7.0 3.0 0.5341472720335749
38 29 37 0.0 0.0 0.0 0.0 12.0 0.0 0.0 0.6961710591745399
38 29 38 0.0 0.0 0.0 0.0 28.0 0.0 0.0 0.690335305719921
38 29 39 0.0 0.0 41.0 0.0 1124.0 13.0 4.0 0.44416243654822324
38 29 40 0.0 0.0 10.0 0.0 211.0 7.0 0.0 0.6323396567299006
38 29 41 0.0 0.0 124.0 0.0 2682.0 15.0 54.0 0.2922145689835107
38 29 42 0.0 0.0 1.0 0.0 95.0 1.0 0.0 0.6682577565632457
38 29 43 0.0 0.0 0.0 0.0 6.0 0.0 0.0 0.6979062811565303
38 29 44 0.0 0.0 0.0 0.0 4.0 0.0 0.0 0.6986027944111775
38 30 33 0.0 0.0 0.0 0.0 5.0 0.0 0.0 0.6982543640897755
38 30 34 0.0 0.0 6.0 0.0 113.0 1.0 0.0 0.6610009442870631
38 30 35 0.0 0.0 42.0 0.0 758.0 9.0 1.0 0.5016123253314223
38 30 36 0.0 0.0 57.0 0.0 1287.0 7.0 6.0 0.4195385076415942
38 30 37 0.0 0.0 15.0 0.0 376.0 4.0 0.0 0.5867560771165129
38 30 38 0.0 0.0 298.0 0.0 6112.0 15.0 549.0 0.16672621174228888
38 30 39 0.0 0.0 196.0 0.0 4140.0 17.0 197.0 0.22141388581369598
38 30 40 0.0 0.0 131.0 0.0 3345.0 14.0 87.0 0.2563633034242812
38 30 41 0.0 0.0 365.0 0.0 7622.0 15.0 1002.0 0.14029461869926846
38 30 42 0.0 0.0 226.0 0.0 5202.0 21.0 330.0 0.18890837943597352
38 30 43 0.0 0.0 232.0 0.0 5090.0 14.0 267.0 0.19151846785225712
38 30 44 0.0 0.0 107.0 0.0 2484.0 18.0 48.0 0.30614476273780883
38 30 45 0.0 0.0 19.0 0.0 716.0 7.0 3.0 0.5131964809384163
38 30 46 0.0 0.0 0.0 0.0 42.0 0.0 0.0 0.6856023506366307
38 30 47 0.0 0.0 0.0 0.0 10.0 0.0 0.0 0.6968641114982577
38 31 32 0.0 0.0 1.0 0.0 9.0 0.0 0.0 0.6965174129353233
38 31 33 0.0 0.0 5.0 0.0 146.0 1.0 0.0 0.6511627906976742
38 31 34 0.0 0.0 279.0 0.0 5570.0 20.0 367.0 0.17879948914431668
38 31 35 0.0 0.0 244.0 0.0 6500.0 21.0 762.0 0.1604032997250229
38 31 36 0.0 0.0 180.0 0.0 4730.0 13.0 228.0 0.20298680585761925
38 31 37 0.0 0.0 370.0 0.0 7674.0 29.0 984.0 0.13974845278498702
38 31 38 0.0 0.0 850.0 0.0 12205.0 31.0 6807.0 0.09305417082087071
38 31 39 0.0 0.0 564.0 0.0 10019.0 20.0 2410.0 0.11133200795228626
38 31 40 0.0 0.0 1039.0 0.0 12573.0 32.0 11737.0 0.08971483498878563
38 31 41 0.0 0.0 898.0 0.0 12385.0 27.0 7605.0 0.09161104567464991
38 31 42 0.0 0.0 696.0 0.0 11171.0 29.0 4072.0 0.1010392609699769
38 31 43 0.0 0.0 601.0 0.0 10547.0 19.0 3050.0 0.10655301012253594
38 31 44 0.0 0.0 873.0 0.0 12107.0 30.0 9139.0 0.09350163627863486
38 31 45 0.0 0.0 316.0 0.0 6670.0 17.0 673.0 0.15602362643486012
38 31 46 0.0 0.0 79.0 0.0 2262.0 13.0 40.0 0.3234750462107208
38 31 47 0.0 0.0 135.0 0.0 2865.0 16.0 48.0 0.2808425275827482
38 31 48 0.0 0.0 0.0 0.0 3.0 0.0 0.0 0.6989515726410384
38 32 30 0.0 0.0 0.0 0.0 1.0 0.0 0.0 0.6996501749125437
38 32 31 0.0 0.0 0.0 0.0 12.0 0.0 0.0 0.6958250497017892
38 32 32 0.0 0.0 33.0 0.0 1053.0 7.0 12.0 0.4546930821695355
38 32 33 0.0 0.0 26.0 0.0 809.0 7.0 4.0 0.495049504950495
38 32 34 0.0 0.0 381.0 0.0 8126.0 24.0 1299.0 0.13348588863463004
38 32 35 0.0 0.0 699.0 0.0 11342.0 28.0 4939.0 0.0997506234413965
38 32 36 0.0 0.0 926.0 0.0 12576.0 40.0 8357.0 0.09039256198347106
38 32 37 0.0 0.0 980.0 0.0 12612.0 33.0 8721.0 0.08977811978966267
38 32 38 0.0 0.0 1363.0 0.0 12889.0 41.0 18192.0 0.08616445100935499
38 32 39 0.0 0.0 1237.0 0.0 12928.0 28.0 14498.0 0.08661758336942398
38 32 40 0.0 0.0 1087.0 0.0 13066.0 37.0 10330.0 0.08673026886383346
38 32 41 0.0 0.0 1687.0 0.0 12701.0 46.0 24348.0 0.08538667967797023
38 32 42 0.0 0.0 1216.0 0.0 13220.0 34.0 13656.0 0.08522035549062575
38 32 43 0.0 0.0 1275.0 0.0 13072.0 39.0 14753.0 0.08566358685675823
38 32 44 0.0 0.0 1135.0 0.0 12717.0 40.0 13528.0 0.08839499936860713
38 32 45 0.0 0.0 1069.0 0.0 12739.0 35.0 11193.0 0.08853474988933156
38 32 46 0.0 0.0 510.0 0.0 9820.0 24.0 2553.0 0.11365481409319693
38 32 47 0.0 0.0 22.0 0.0 715.0 5.0 2.0 0.5124450951683748
38 32 48 0.0 0.0 0.0 0.0 35.0 0.0 0.0 0.6882989183874139
38 32 49 0.0 0.0 0.0 0.0 4.0 0.0 0.0 0.6986027944111775
38 32 50 0.0 0.0 0.0 0.0 2.0 0.0 0.0 0.6993006993006992
38 33 31 0.0 0.0 9.0 0.0 368.0 1.0 1.0 0.5894736842105263
38 33 32 0.0 0.0 324.0 0.0 6948.0 23.0 796.0 0.15125324114088157
38 33 33 0.0 0.0 380.0 0.0 7316.0 25.0 821.0 0.1446280991735537
38 33 34 0.0 0.0 974.0 0.0 12453.0 34.0 9106.0 0.09086778736937755
38 33 35 0.0 0.0 1547.0 0.0 13065.0 29.0 20535.0 0.08419533317296125
38 33 36 0.0 0.0 1521.0 0.0 13014.0 46.0 19933.0 0.08469961885171516
38 33 37 0.0 0.0 2245.0 0.0 12332.0 51.0 34704.0 0.08452575016603271
38 33 38 0.0 0.0 2571.0 0.0 12217.0 50.0 39056.0 0.08339786739739083
38 33 39 0.0 0.0 2696.0 0.0 12384.0 71.0 38834.0 0.08197681227309989
38 33 40 0.0 0.0 3334.0 0.0 10068.0 62.0 62519.0 0.09086778736937755
38 33 41 0.0 0.0 3224.0 0.0 10820.0 66.0 55337.0 0.08726003490401395
38 33 42 0.0 0.0 2983.0 0.0 11427.0 78.0 49153.0 0.08536585365853656
38 33 43 0.0 0.0 2135.0 0.0 13080.0 55.0 28511.0 0.08127721335268505
38 33 44 0.0 0.0 2120.0 0.0 12003.0 57.0 34657.0 0.08689715101483458
38 33 45 0.0 0.0 1284.0 0.0 13081.0 38.0 14076.0 0.08556934172727827
38 33 46 0.0 0.0 572.0 0.0 10527.0 30.0 3367.0 0.10702545676936012
38 33 47 0.0 0.0 479.0 0.0 9253.0 16.0 1983.0 0.11942335579629786
38 33 48 0.0 0.0 154.0 0.0 3781.0 20.0 154.0 0.2366463826910074
38 33 49 0.0 0.0 165.0 0.0 3328.0 18.0 85.0 0.25570776255707756
38 33 50 0.0 0.0 19.0 0.0 190.0 7.0 0.0 0.6357856494096276
38 34 30 0.0 0.0 0.0 0.0 15.0 0.0 0.0 0.694789081885856
38 34 31 0.0 0.0 46.0 0.0 1303.0 8.0 8.0 0.4191616766467065
38 34 32 0.0 0.0 255.0 0.0 5626.0 16.0 404.0 0.1779359430604982
38 34 33 0.0 0.0 645.0 0.0 11113.0 29.0 4146.0 0.10187745597438508
38 34 34 0.0 0.0 1385.0 0.0 13481.0 36.0 14056.0 0.08301707779886147
38 34 35 0.0 0.0 2219.0 0.0 12771.0 61.0 31422.0 0.08237232289950576
38 34 36 0.0 0.0 3139.0 0.0 11029.0 72.0 53169.0 0.08659615265664625
38 34 37 0.0 0.0 3549.0 0.0 11331.0 76.0 54136.0 0.08296296296296296
38 34 38 0.0 0.0 4468.0 0.0 9129.0 79.0 79851.0 0.08973783731812063
38 34 39 0.0 0.0 4771.0 0.0 9572.0 79.0 78672.0 0.0856269113149847
38 34 40 0.0 0.0 5077.0 0.0 9003.0 80.0 85630.0 0.0869943453675511
38 34 41 0.0 0.0 5030.0 0.0 10080.0 88.0 76266.0 0.08187134502923976
38 34 42 0.0 0.0 4666.0 0.0 10168.0 91.0 73040.0 0.083184789067142
38 34 43 0.0 0.0 4314.0 0.0 9256.0 80.0 77870.0 0.08992228145674096
38 34 44 0.0 0.0 3443.0 0.0 11081.0 60.0 54809.0 0.08465352521465715
38 34 45 0.0 0.0 2374.0 0.0 12595.0 54.0 33725.0 0.08252284114353078
38 34 46 0.0 0.0 1518.0 0.0 13602.0 42.0 17093.0 0.08173750583839326
38 34 47 0.0 0.0 1230.0 0.0 12679.0 28.0 15739.0 0.08798944126704794
38 34 48 0.0 0.0 634.0 0.0 10967.0 33.0 4182.0 0.10302450511443077
38 34 49 0.0 0.0 244.0 0.0 5774.0 23.0 437.0 0.17504376094023502
38 34 50 0.0 0.0 0.0 0.0 19.0 0.0 0.0 0.6937561942517343
38 34 51 0.0 0.0 0.0 0.0 5.0 0.0 0.0 0.6982543640897755
38 35 30 0.0 0.0 0.0 0.0 14.0 0.0 0.0 0.6951340615690167
38 35 31 0.0 0.0 65.0 0.0 1724.0 10.0 20.0 0.3704683778777454
38 35 32 0.0 0.0 656.0 0.0 10728.0 25.0 3027.0 0.10464160251139844
38 35 33 0.0 0.0 1163.0 0.0 12956.0 29.0 12251.0 0.0868540232024319
38 35 34 0.0 0.0 2056.0 0.0 12740.0 49.0 29282.0 0.08335317932841152
38 35 35 0.0 0.0 3599.0 0.0 11098.0 67.0 56761.0 0.08383233532934131
38 35 36 0.0 0.0 4819.0 0.0 9663.0 90.0 78297.0 0.08493599466116604
38 35 37 0.0 0.0 5613.0 0.0 7400.0 75.0 104341.0 0.09329601492736238
38 35 38 0.0 0.0 6531.0 0.0 6734.0 85.0 114470.0 0.09178522257916474
38 35 39 0.0 0.0 6926.0 0.0 6352.0 75.0 120469.0 0.09149728775897
38 35 40 0.0 0.0 6670.0 0.0 5515.0 75.0 129915.0 0.09872364431281291
38 35 41 0.0 0.0 6727.0 0.0 5937.0 76.0 124942.0 0.09541334423771552
38 35 42 0.0 0.0 6813.0 0.0 7509.0 82.0 107581.0 0.08575803981623276
38 35 43 0.0 0.0 6172.0 0.0 7146.0 82.0 109391.0 0.0913957435696566
38 35 44 0.0 0.0 5139.0 0.0 7256.0 80.0 103872.0 0.0973100715924098
38 35 45 0.0 0.0 3604.0 0.0 11522.0 86.0 53180.0 0.08177092459552596
38 35 46 0.0 0.0 2539.0 0.0 11949.0 47.0 40972.0 0.08488964346349745
38 35 47 0.0 0.0 1618.0 0.0 12847.0 45.0 22826.0 0.08507535245503159
38 35 48 0.0 0.0 1127.0 0.0 12987.0 47.0 10680.0 0.08699975142928162
38 35 49 0.0 0.0 201.0 0.0 4582.0 17.0 248.0 0.20679468242245197
38 35 50 0.0 0.0 58.0 0.0 1328.0 9.0 12.0 0.41456914421083796
38 35 51 0.0 0.0 0.0 0.0 3.0 0.0 0.0 0.6989515726410384
38 36 29 0.0 0.0 0.0 0.0 16.0 0.0 0.0 0.6944444444444444
38 36 30 0.0 0.0 2.0 0.0 70.0 0.0 0.0 0.6756756756756755
38 36 31 0.0 0.0 127.0 0.0 2893.0 22.0 79.0 0.28005601120224044
38 36 32 0.0 0.0 694.0 0.0 11232.0 30.0 4478.0 0.10064701653486699
38 36 33 0.0 0.0 1771.0 0.0 13000.0 56.0 23795.0 0.0835421888053467
38 36 34 0.0 0.0 3400.0 0.0 10670.0 77.0 58305.0 0.08713512167797348
38 36 35 0.0 0.0 4752.0 0.0 9749.0 73.0 76968.0 0.08475602373168664
38 36 36 0.0 0.0 6158.0 0.0 6853.0 89.0 113159.0 0.09327115256495667
38 36 37 0.0 0.0 6080.0 0.0 3765.0 65.0 148372.0 0.11810359372363757
38 36 38 0.0 0.0 7815.0 0.0 4294.0 64.0 145691.0 0.09926965893781463
38 36 39 0.0 0.0 8197.0 0.0 3792.0 56.0 151441.0 0.10007147962830593
38 36 40 0.0 0.0 7931.0 0.0 3038.0 52.0 158851.0 0.10803302723975614
38 36 41 0.0 0.0 7917.0 0.0 3345.0 49.0 156796.0 0.10552498680937664
38 36 42 0.0 0.0 8279.0 0.0 4185.0 62.0 147665.0 0.0966984390109131
38 36 43 0.0 0.0 6892.0 0.0 3911.0 45.0 147887.0 0.10939209251445536
38 36 44 0.0 0.0 6238.0 0.0 5909.0 63.0 122323.0 0.09874453378473691
38 36 45 0.0 0.0 4664.0 0.0 11001.0 69.0 66271.0 0.07923033389926427
38 36 46 0.0 0.0 2825.0 0.0 12538.0 66.0 39994.0 0.08062658373646625
38 36 47 0.0 0.0 2242.0 0.0 12222.0 43.0 34090.0 0.08489993935718616
38 36 48 0.0 0.0 1750.0 0.0 12306.0 39.0 27001.0 0.08701597364659083
38 36 49 0.0 0.0 738.0 0.0 11424.0 33.0 6467.0 0.09891895711156644
38 36 50 0.0 0.0 3.0 0.0 324.0 1.0 1.0 0.6024096385542168
38 36 51 0.0 0.0 0.0 0.0 2.0 0.0 0.0 0.6993006993006992
38 37 29 0.0 0.0 0.0 0.0 17.0 0.0 0.0 0.6944444444444444
38 37 30 0.0 0.0 188.0 0.0 4325.0 12.0 195.0 0.21525215252152516
38 37 31 0.0 0.0 512.0 0.0 9183.0 27.0 1729.0 0.11983223487118032
38 37 32 0.0 0.0 1159.0 0.0 12908.0 35.0 13766.0 0.08714054525084028
38 37 33 0.0 0.0 1891.0 0.0 13446.0 49.0 23461.0 0.08070559750965584
38 37 34 0.0 0.0 4002.0 0.0 9804.0 72.0 72053.0 0.08860198721599898
38 37 35 0.0 0.0 5890.0 0.0 7937.0 89.0 99966.0 0.08851236011885943
38 37 36 0.0 0.0 6008.0 0.0 3918.0 46.0 146818.0 0.1172431119671719
38 37 37 0.0 0.0 9023.0 0.0 4238.0 52.0 147609.0 0.09173109684182937
38 37 38 0.0 0.0 7422.0 0.0 2124.0 28.0 169238.0 0.1212331139591271
38 37 39 0.0 2.0 9049.0 0.0 2088.0 35.0 169258.0 0.10641532380662813
38 37 40 0.0 0.0 7594.0 0.0 1495.0 21.0 177658.0 0.12626262626262624
38 37 41 0.0 0.0 8546.0 0.0 1789.0 21.0 173261.0 0.11348897535667962
38 37 42 0.0 0.0 6824.0 0.0 1729.0 25.0 174410.0 0.1326259946949602
38 37 43 0.0 1.0 6517.0 1.0 2437.0 34.0 165105.0 0.1278188624121245
38 37 44 0.0 0.0 6710.0 0.0 4295.0 65.0 143203.0 0.10773374374759521
38 37 45 0.0 0.0 6181.0 0.0 8538.0 81.0 95632.0 0.08374207441081469
38 37 46 0.0 0.0 4657.0 0.0 7751.0 84.0 95546.0 0.09708064627973094
38 37 47 0.0 0.0 2702.0 0.0 12235.0 66.0 40102.0 0.08260074340669064
38 37 48 0.0 0.0 1356.0 0.0 13190.0 42.0 15528.0 0.08463305525329463
38 37 49 0.0 0.0 859.0 0.0 12075.0 31.0 8510.0 0.09377721213745058
38 37 50 0.0 0.0 123.0 0.0 2975.0 12.0 68.0 0.2753195673549656
38 37 51 0.0 0.0 1.0 0.0 10.0 0.0 0.0 0.6961710591745399
38 38 29 0.0 0.0 0.0 0.0 22.0 0.0 0.0 0.6923837784371908
38 38 30 0.0 0.0 18.0 0.0 318.0 6.0 0.0 0.6008583690987124
38 38 31 0.0 0.0 554.0 0.0 10293.0 26.0 3515.0 0.10905125408942201
38 38 32 0.0 0.0 958.0 0.0 12553.0 32.0 8358.0 0.09031092762224228
38 38 33 0.0 0.0 2916.0 0.0 10734.0 83.0 51889.0 0.08952551477170992
38 38 34 0.0 0.0 4140.0 0.0 10832.0 75.0 63003.0 0.08245479710230284
38 38 35 0.0 0.0 6027.0 0.0 5956.0 47.0 122966.0 0.09989297181591152
38 38 36 0.0 0.0 7109.0 0.0 3708.0 45.0 150930.0 0.10908524232507401
38 38 37 0.0 0.0 8654.0 0.0 2822.0 53.0 162142.0 0.10379596678529061
38 38 38 1.0 0.0 7172.0 0.0 1294.0 25.0 179074.0 0.13392003061029267
38 38 39 0.0 0.0 7475.0 0.0 958.0 21.0 182809.0 0.1341638715860086
38 38 40 0.0 2.0 6985.0 1.0 729.0 20.0 185642.0 0.14409221902017288
38 38 41 0.0 0.0 6770.0 0.0 901.0 13.0 184304.0 0.14471780028943557
38 38 42 0.0 0.0 7302.0 0.0 1352.0 23.0 179121.0 0.13144305698995395
38 38 43 0.0 0.0 8445.0 0.0 2472.0 33.0 165280.0 0.10836752070593697
38 38 44 0.0 0.0 7896.0 0.0 4162.0 62.0 145853.0 0.09954493742889646
38 38 45 0.0 0.0 5314.0 0.0 3866.0 54.0 144418.0 0.12516763522574875
38 38 46 0.0 0.0 4714.0 0.0 6417.0 75.0 111732.0 0.10671545087277992
38 38 47 0.0 0.0 3185.0 0.0 11138.0 75.0 53360.0 0.0858000858000858
38 38 48 0.0 0.0 1399.0 0.0 12972.0 34.0 17631.0 0.08548574219942602
38 38 49 0.0 0.0 428.0 0.0 8484.0 14.0 1413.0 0.12841680425609978
38 38 50 0.0 0.0 118.0 0.0 2875.0 16.0 70.0 0.28106805862276646
38 38 51 0.0 0.0 1.0 0.0 31.0 0.0 0.0 0.6889763779527558
38 39 29 0.0 0.0 30.0 0.0 548.0 9.0 3.0 0.544959128065395
38 39 30 0.0 0.0 201.0 0.0 4711.0 13.0 250.0 0.20289855072463764
38 39 31 0.0 0.0 505.0 0.0 9519.0 29.0 2053.0 0.11658894070619585
38 39 32 0.0 0.0 1391.0 0.0 13024.0 40.0 17323.0 0.08526187576126673
38 39 33 0.0 0.0 2737.0 0.0 11822.0 52.0 42464.0 0.08452064718666988
38 39 34 0.0 0.0 4868.0 0.0 9055.0 75.0 84919.0 0.08793417498900821
38 39 35 0.0 0.0 6193.0 0.0 5474.0 64.0 128534.0 0.10229431535876077
38 39 36 0.0 0.0 8691.0 0.0 4269.0 59.0 145699.0 0.09347042328748831
38 39 37 0.0 0.0 8094.0 0.0 1978.0 31.0 171698.0 0.11597084161696486
38 39 38 0.0 0.0 6625.0 0.0 864.0 14.0 184398.0 0.14752370916754476
38 39 39 0.0 0.0 6697.0 0.0 585.0 6.0 187585.0 0.15066724063710718
38 39 40 0.0 1.0 6942.0 0.0 529.0 11.0 188121.0 0.1479133650290544
38 39 41 0.0 0.0 6782.0 0.0 641.0 15.0 186647.0 0.14865151836908047
38 39 42 0.0 0.0 7870.0 0.0 1153.0 17.0 180480.0 0.12690355329949238
38 39 43 0.0 0.0 6822.0 0.0 1677.0 21.0 174210.0 0.1332952489764829
38 39 44 0.0 0.0 7775.0 0.0 3899.0 71.0 150538.0 0.10247401551749376
38 39 45 0.0 0.0 6199.0 0.0 5159.0 76.0 131453.0 0.10489248520266725
38 39 46 0.0 0.0 4992.0 0.0 8619.0 73.0 88109.0 0.08949689957169339
38 39 47 0.0 0.0 2723.0 0.0 12678.0 62.0 37475.0 0.08052455999079719
38 39 48 0.0 0.0 1553.0 0.0 13206.0 41.0 19043.0 0.08356712230645257
38 39 49 0.0 0.0 648.0 0.0 10839.0 28.0 3749.0 0.10388068561252502
38 39 50 0.0 0.0 158.0 0.0 3891.0 9.0 122.0 0.23182646133465798
38 39 51 0.0 0.0 0.0 0.0 8.0 0.0 0.0 0.697211155378486
38 40 29 0.0 0.0 0.0 0.0 10.0 0.0 0.0 0.6965174129353233
38 40 30 0.0 0.0 169.0 0.0 4098.0 15.0 165.0 0.22382094324540364
38 40 31 0.0 0.0 680.0 0.0 11465.0 38.0 4931.0 0.09910802775024775
38 40 32 0.0 0.0 1182.0 0.0 13022.0 31.0 12296.0 0.08640908529811134
38 40 33 0.0 0.0 2926.0 0.0 11609.0 63.0 45979.0 0.0846740050804403
38 40 34 0.0 0.0 4899.0 0.0 8996.0 73.0 84695.0 0.08796179944709724
38 40 35 0.0 0.0 6843.0 0.0 6569.0 92.0 117879.0 0.09086778736937755
38 40 36 0.0 0.0 8452.0 0.0 4206.0 75.0 147508.0 0.09563494774233212
38 40 37 0.0 0.0 8097.0 0.0 1759.0 25.0 173699.0 0.11808367071524965
38 40 38 0.0 0.0 6997.0 0.0 835.0 13.0 184907.0 0.14231981295110296
38 40 39 0.0 1.0 5824.0 0.0 470.0 7.0 189509.0 0.16871535309713181
38 40 40 0.0 0.0 6444.0 0.0 466.0 8.0 188982.0 0.15702108568864961
38 40 41 0.0 0.0 7725.0 0.0 681.0 9.0 185365.0 0.13448607108549468
38 40 42 1.0 0.0 6863.0 0.0 986.0 12.0 183615.0 0.1421464108031272
38 40 43 0.0 0.0 8188.0 0.0 2084.0 43.0 170121.0 0.11411803064884249
38 40 44 0.0 0.0 8620.0 0.0 4978.0 52.0 137822.0 0.08956560680698611
38 40 45 0.0 0.0 6095.0 0.0 5986.0 75.0 122656.0 0.09941769634995028
38 40 46 0.0 0.0 4497.0 0.0 7508.0 64.0 95811.0 0.09984310369419482
38 40 47 0.0 0.0 2751.0 0.0 11573.0 64.0 45621.0 0.0858000858000858
38 40 48 0.0 0.0 1417.0 0.0 13252.0 40.0 16339.0 0.0840134421507441
38 40 49 0.0 0.0 609.0 0.0 10537.0 21.0 3168.0 0.10658545869813474
38 40 50 0.0 0.0 37.0 0.0 1122.0 7.0 11.0 0.4447268106734434
38 40 51 0.0 0.0 0.0 0.0 7.0 0.0 0.0 0.6975585450921773
38 41 29 0.0 0.0 0.0 0.0 8.0 0.0 0.0 0.697211155378486
38 41 30 0.0 0.0 10.0 0.0 394.0 3.0 1.0 0.5830903790087463
38 41 31 0.0 0.0 490.0 0.0 9178.0 32.0 1779.0 0.1201201201201201
38 41 32 0.0 0.0 1358.0 0.0 12895.0 33.0 16923.0 0.08616445100935499
38 41 33 0.0 0.0 3142.0 0.0 11215.0 70.0 51900.0 0.08561120283739986
38 41 34 0.0 0.0 4867.0 0.0 9403.0 86.0 81611.0 0.08598452278589852
38 41 35 0.0 0.0 6823.0 0.0 7674.0 82.0 107133.0 0.08481250378627248
38 41 36 0.0 0.0 8886.0 0.0 4690.0 67.0 141613.0 0.08989918448596929
38 41 37 0.0 0.0 8422.0 0.0 2075.0 34.0 170453.0 0.11207172590457891
38 41 38 0.0 1.0 7766.0 1.0 1003.0 16.0 182397.0 0.13003901170351104
38 41 39 0.0 0.0 6262.0 0.0 553.0 13.0 188145.0 0.15878416695020978
38 41 40 0.0 0.0 6429.0 0.0 464.0 9.0 188719.0 0.15744489428699954
38 41 41 0.0 3.0 7530.0 0.0 731.0 13.0 185413.0 0.13637249172024157
38 41 42 0.0 0.0 7764.0 0.0 1226.0 21.0 180065.0 0.12738853503184713
38 41 43 0.0 0.0 9046.0 0.0 2810.0 44.0 162316.0 0.10096639261502956
38 41 44 0.0 0.0 6659.0 0.0 3687.0 46.0 149831.0 0.11344299489506522
38 41 45 0.0 0.0 6126.0 0.0 6746.0 79.0 115182.0 0.09418729817007535
38 41 46 0.0 0.0 4230.0 0.0 10466.0 72.0 67290.0 0.08382229673093042
38 41 47 0.0 0.0 2434.0 0.0 12564.0 54.0 34986.0 0.08236263089775267
38 41 48 0.0 0.0 1170.0 0.0 13299.0 43.0 10249.0 0.0850856934484016
38 41 49 0.0 0.0 408.0 0.0 8896.0 24.0 2048.0 0.12401452741606872
38 41 50 0.0 0.0 28.0 0.0 657.0 8.0 2.0 0.522973477773627
38 41 51 0.0 0.0 0.0 0.0 8.0 0.0 0.0 0.697211155378486
38 42 29 0.0 0.0 1.0 0.0 26.0 1.0 0.0 0.6910167818361302
38 42 30 0.0 0.0 17.0 0.0 748.0 4.0 4.0 0.5070626584570807
38 42 31 0.0 0.0 532.0 0.0 10052.0 27.0 2657.0 0.11142061281337047
38 42 32 0.0 0.0 1228.0 0.0 13204.0 37.0 12318.0 0.0852307317667113
38 42 33 0.0 0.0 2573.0 0.0 12377.0 65.0 37366.0 0.08266414737836561
38 42 34 0.0 0.0 4833.0 0.0 8345.0 85.0 91030.0 0.09221446449743116
38 42 35 0.0 0.0 6604.0 0.0 7993.0 99.0 103232.0 0.08452575016603271
38 42 36 0.0 0.0 7211.0 0.0 3818.0 48.0 149888.0 0.10736196319018404
38 42 37 0.0 1.0 8169.0 1.0 2517.0 46.0 165569.0 0.11031439602868172
38 42 38 0.0 3.0 7326.0 0.0 1284.0 33.0 179706.0 0.1319634272787256
38 42 39 0.0 0.0 6650.0 0.0 838.0 14.0 185038.0 0.14758591608686483
38 42 40 0.0 0.0 7053.0 0.0 819.0 12.0 185186.0 0.14187271990271583
38 42 41 0.0 0.0 6041.0 0.0 767.0 12.0 185717.0 0.1587301587301587
38 42 42 0.0 0.0 7461.0 0.0 1540.0 23.0 176569.0 0.12709940989559687
38 42 43 0.0 0.0 8993.0 0.0 3607.0 52.0 153443.0 0.09584445813650988
38 42 44 0.0 0.0 7161.0 0.0 4969.0 68.0 136279.0 0.09897490279250618
38 42 45 0.0 0.0 5793.0 0.0 7416.0 66.0 104567.0 0.09188160399028679
38 42 46 0.0 0.0 4224.0 0.0 8937.0 63.0 80160.0 0.09225092250922508
38 42 47 0.0 0.0 2432.0 0.0 12517.0 73.0 34345.0 0.0826153664581612
38 42 48 0.0 0.0 1482.0 0.0 12480.0 49.0 22083.0 0.08771929824561402
38 42 49 0.0 0.0 548.0 0.0 10390.0 20.0 3141.0 0.10826695537854768
38 42 50 0.0 0.0 102.0 0.0 2319.0 14.0 42.0 0.31767642387111406
38 42 51 0.0 0.0 0.0 0.0 5.0 0.0 0.0 0.6982543640897755
38 43 29 0.0 0.0 0.0 0.0 15.0 0.0 0.0 0.694789081885856
38 43 30 0.0 0.0 103.0 0.0 2534.0 11.0 49.0 0.30250648228176313
38 43 31 0.0 0.0 910.0 0.0 12561.0 28.0 7787.0 0.09051529061873666
38 43 32 0.0 0.0 987.0 0.0 12404.0 36.0 11275.0 0.09103322712790167
38 43 33 0.0 0.0 2955.0 0.0 11342.0 65.0 47811.0 0.08590011044299914
38 43 34 0.0 0.0 4548.0 0.0 8429.0 101.0 88397.0 0.0935891436593355
38 43 35 0.0 0.0 5944.0 0.0 8422.0 94.0 95644.0 0.08563738683631024
38 43 36 0.0 0.0 6896.0 0.0 4992.0 95.0 136383.0 0.10090817356205851
38 43 37 0.0 0.0 7405.0 0.0 3081.0 61.0 158477.0 0.112260444230615
38 43 38 0.0 0.0 7447.0 0.0 2099.0 38.0 170374.0 0.121317157712305
38 43 39 0.0 0.0 8316.0 0.0 1757.0 17.0 173944.0 0.11579818031430933
38 43 40 1.0 2.0 7823.0 1.0 1473.0 26.0 177474.0 0.1237295625276182
38 43 41 0.0 0.0 8031.0 0.0 1706.0 29.0 174817.0 0.11926058437686342
38 43 42 0.0 0.0 7644.0 0.0 2256.0 38.0 169070.0 0.11756802149815249
38 43 43 0.0 0.0 8103.0 0.0 4054.0 58.0 146761.0 0.0987724001693241
38 43 44 0.0 0.0 6797.0 0.0 7096.0 76.0 112280.0 0.08796179944709724
38 43 45 0.0 0.0 5009.0 0.0 8330.0 74.0 92440.0 0.09127061738053327
38 43 46 0.0 0.0 3752.0 0.0 10192.0 80.0 65687.0 0.08771380239333373
38 43 47 0.0 0.0 2174.0 0.0 12723.0 67.0 30182.0 0.08289909995262908
38 43 48 0.0 0.0 1086.0 0.0 12871.0 39.0 11782.0 0.08785140562248994
38 43 49 0.0 0.0 745.0 0.0 11592.0 35.0 5924.0 0.09776536312849161
38 43 50 0.0 0.0 12.0 0.0 422.0 1.0 0.0 0.5754212905877516
38 43 51 0.0 0.0 0.0 0.0 11.0 0.0 0.0 0.6961710591745399
38 44 29 0.0 0.0 5.0 0.0 167.0 3.0 1.0 0.6454587367450437
38 44 30 0.0 0.0 234.0 0.0 4667.0 30.0 203.0 0.20363636363636362
38 44 31 0.0 0.0 612.0 0.0 10506.0 21.0 3217.0 0.10683760683760683
38 44 32 0.0 0.0 1941.0 0.0 12341.0 48.0 30106.0 0.08592647149082427
38 44 33 0.0 0.0 2386.0 0.0 11790.0 55.0 38603.0 0.08641975308641973
38 44 34 0.0 0.0 3558.0 0.0 10416.0 75.0 61758.0 0.08758758758758757
38 44 35 0.0 0.0 4971.0 0.0 9317.0 75.0 82442.0 0.08594229588704726
38 44 36 0.0 0.0 5799.0 0.0 5950.0 81.0 121536.0 0.10189228529839882
38 44 37 0.0 0.0 7435.0 0.0 6144.0 63.0 123789.0 0.08981843844229165
38 44 38 0.0 0.0 7457.0 0.0 3897.0 57.0 149250.0 0.1048767697954903
38 44 39 0.0 0.0 8062.0 0.0 3109.0 57.0 158699.0 0.1062779928641919
38 44 40 0.0 0.0 7886.0 1.0 2700.0 42.0 164402.0 0.1111728738187882
38 44 41 0.0 0.0 7180.0 0.0 2462.0 41.0 165397.0 0.12027491408934705
38 44 42 0.0 0.0 8348.0 0.0 4430.0 70.0 143564.0 0.09478672985781988
38 44 43 0.0 0.0 6862.0 0.0 5148.0 64.0 134344.0 0.09967960128159485
38 44 44 0.0 0.0 5948.0 0.0 8426.0 70.0 95184.0 0.08539709649871903
38 44 45 0.0 0.0 4088.0 0.0 10104.0 82.0 68356.0 0.0864410965670536
38 44 46 0.0 0.0 2768.0 0.0 10958.0 62.0 49420.0 0.08902454533892916
38 44 47 0.0 0.0 1764.0 0.0 12883.0 38.0 23647.0 0.08406893652795291
38 44 48 0.0 0.0 728.0 0.0 11561.0 30.0 5344.0 0.0980186235384723
38 44 49 0.0 0.0 700.0 0.0 11429.0 18.0 5851.0 0.09908698421685892
38 44 50 0.0 0.0 126.0 0.0 3267.0 17.0 98.0 0.26041666666666663
38 44 51 0.0 0.0 1.0 0.0 7.0 0.0 0.0 0.697211155378486
38 45 29 0.0 0.0 0.0 0.0 13.0 0.0 0.0 0.6958250497017892
38 45 30 0.0 0.0 23.0 0.0 862.0 4.0 6.0 0.486111111111111
38 45 31 0.0 0.0 358.0 0.0 8197.0 16.0 1330.0 0.13276434329065906
38 45 32 0.0 0.0 793.0 0.0 11801.0 25.0 6936.0 0.09590354843129195
38 45 33 0.0 0.0 1577.0 0.0 12610.0 51.0 23295.0 0.08653192409914084
38 45 34 0.0 0.0 2637.0 0.0 11983.0 65.0 41363.0 0.08421052631578946
38 45 35 0.0 0.0 3900.0 0.0 8346.0 60.0 83515.0 0.09814918676388108
38 45 36 0.0 0.0 4217.0 0.0 10983.0 76.0 62185.0 0.08132442637234968
38 45 37 0.0 0.0 5579.0 0.0 9345.0 81.0 84952.0 0.08271787296898078
38 45 38 0.0 0.0 6016.0 0.0 6020.0 76.0 121418.0 0.0998217468805704
38 45 39 0.0 0.0 6446.0 0.0 4579.0 53.0 139719.0 0.1074361138822807
38 45 40 0.0 0.0 6125.0 0.0 3628.0 52.0 150405.0 0.11897679952409278
38 45 41 0.0 0.0 5988.0 0.0 3530.0 56.0 152476.0 0.12180267965895249
38 45 42 0.0 0.0 6758.0 0.0 5277.0 69.0 132711.0 0.09964412811387899
38 45 43 0.0 0.0 5833.0 0.0 7110.0 81.0 108748.0 0.0937269866773783
38 45 44 0.0 0.0 4101.0 0.0 10877.0 83.0 64305.0 0.0824742268041237
38 45 45 0.0 0.0 3356.0 0.0 10003.0 63.0 62254.0 0.09101547263034715
38 45 46 0.0 0.0 1996.0 0.0 12975.0 46.0 27424.0 0.0824742268041237
38 45 47 0.0 0.0 1296.0 0.0 12900.0 45.0 16040.0 0.08651588184402421
38 45 48 0.0 0.0 588.0 0.0 10376.0 26.0 2873.0 0.10804970286331711
38 45 49 0.0 0.0 250.0 0.0 4869.0 22.0 240.0 0.19726645061293502
38 45 50 0.0 0.0 33.0 0.0 926.0 6.0 3.0 0.4740941415509651
38 45 51 0.0 0.0 0.0 0.0 3.0 0.0 0.0 0.6989515726410384
38 46 29 0.0 0.0 0.0 0.0 3.0 0.0 0.0 0.6989515726410384
38 46 30 0.0 0.0 0.0 0.0 92.0 0.0 0.0 0.6692160611854684
38 46 31 0.0 0.0 155.0 0.0 3579.0 12.0 122.0 0.24462694391053638
38 46 32 0.0 0.0 1183.0 0.0 12717.0 34.0 13732.0 0.08805585256934396
38 46 33 0.0 0.0 1320.0 0.0 12475.0 37.0 18418.0 0.08866932674646906
38 46 34 0.0 0.0 1859.0 0.0 12525.0 51.0 27061.0 0.08538147222052814
38 46 35 0.0 0.0 2544.0 0.0 11470.0 56.0 43114.0 0.0874508089199825
38 46 36 0.0 0.0 2711.0 0.0 12778.0 72.0 37925.0 0.08014655369819096
38 46 37 0.0 0.0 3564.0 0.0 11364.0 70.0 53723.0 0.08268855944716791
38 46 38 0.0 0.0 4584.0 0.0 8797.0 89.0 84856.0 0.09108653220559532
38 46 39 0.0 0.0 5484.0 0.0 8711.0 77.0 90377.0 0.08635045950780237
38 46 40 0.0 0.0 5744.0 0.0 7255.0 75.0 106017.0 0.09330845107971207
38 46 41 0.0 0.0 5433.0 0.0 6097.0 82.0 117657.0 0.10350436196954013
38 46 42 0.0 0.0 5120.0 0.0 9855.0 105.0 77668.0 0.08262024195928001
38 46 43 0.0 0.0 4465.0 0.0 8038.0 71.0 91050.0 0.09643201542912246
38 46 44 0.0 0.0 3330.0 0.0 11672.0 55.0 50675.0 0.08235294117647059
38 46 45 0.0 0.0 2825.0 0.0 10726.0 64.0 51517.0 0.090032154340836
38 46 46 0.0 0.0 1348.0 0.0 13013.0 41.0 16688.0 0.0855798031664527
38 46 47 0.0 0.0 893.0 0.0 12463.0 31.0 7711.0 0.09125871846685352
38 46 48 0.0 0.0 522.0 0.0 10084.0 26.0 2582.0 0.11121703209405782
38 46 49 0.0 0.0 95.0 0.0 2370.0 12.0 39.0 0.3143242029636282
38 46 50 0.0 0.0 5.0 0.0 20.0 1.0 0.0 0.6916996047430829
38 47 30 0.0 0.0 1.0 0.0 28.0 0.0 0.0 0.6899950714637751
38 47 31 0.0 0.0 267.0 0.0 5828.0 20.0 445.0 0.17331022530329285
38 47 32 0.0 0.0 175.0 0.0 4491.0 15.0 246.0 0.2104630186410102
38 47 33 0.0 0.0 471.0 0.0 9696.0 20.0 2658.0 0.11514104778353482
38 47 34 0.0 0.0 1183.0 0.0 13111.0 28.0 12276.0 0.08591592513040809
38 47 35 0.0 0.0 1129.0 0.0 12996.0 34.0 10747.0 0.08683786130753007
38 47 36 0.0 0.0 1913.0 0.0 12831.0 55.0 26825.0 0.08365200764818355
38 47 37 0.0 0.0 2101.0 0.0 12253.0 49.0 32428.0 0.0855798031664527
38 47 38 0.0 0.0 2283.0 0.0 13321.0 51.0 29517.0 0.07959520154642104
38 47 39 0.0 0.0 2865.0 0.0 12611.0 63.0 39084.0 0.08011903399336155
38 47 40 0.0 0.0 3701.0 0.0 10383.0 75.0 64117.0 0.0869619231008137
38 47 41 0.0 0.0 3979.0 0.0 9800.0 70.0 68802.0 0.08875927217396817
38 47 42 0.0 0.0 3160.0 0.0 12193.0 74.0 45179.0 0.08066374740723668
38 47 43 0.0 0.0 2652.0 0.0 11893.0 62.0 42024.0 0.08459725663182065
38 47 44 0.0 0.0 2307.0 0.0 12529.0 58.0 33149.0 0.08309098462816783
38 47 45 0.0 0.0 1745.0 0.0 12533.0 44.0 25363.0 0.08593174564203289
38 47 46 0.0 0.0 1502.0 0.0 12600.0 47.0 21104.0 0.08697272783748523
38 47 47 0.0 0.0 1029.0 0.0 12642.0 25.0 11745.0 0.08931989281612861
38 47 48 0.0 0.0 585.0 0.0 10706.0 25.0 3641.0 0.10544550726820816
38 47 49 0.0 0.0 17.0 0.0 442.0 8.0 1.0 0.5714285714285713
38 47 50 0.0 0.0 0.0 0.0 6.0 0.0 0.0 0.6979062811565303
38 48 30 0.0 0.0 0.0 0.0 3.0 0.0 0.0 0.6989515726410384
38 48 31 0.0 0.0 11.0 0.0 109.0 1.0 0.0 0.6606890042472864
38 48 32 0.0 0.0 62.0 0.0 1435.0 11.0 8.0 0.4016064257028112
38 48 33 0.0 0.0 97.0 0.0 2694.0 16.0 55.0 0.2931323283082077
38 48 34 0.0 0.0 199.0 0.0 4571.0 21.0 227.0 0.20737668493556508
38 48 35 0.0 0.0 399.0 0.0 7734.0 24.0 1091.0 0.13842198932173222
38 48 36 0.0 0.0 685.0 0.0 11640.0 29.0 5285.0 0.0978131768322504
38 48 37 0.0 0.0 1065.0 0.0 12896.0 31.0 10079.0 0.08774678784080225
38 48 38 0.0 0.0 1077.0 0.0 12868.0 29.0 9904.0 0.08779080704834764
38 48 39 0.0 0.0 1345.0 0.0 12492.0 44.0 18558.0 0.08852915138484886
38 48 40 0.0 0.0 2262.0 0.0 12358.0 57.0 33707.0 0.08428150021070374
38 48 41 0.0 0.0 2156.0 0.0 12093.0 55.0 33631.0 0.08611674970781817
38 48 42 0.0 0.0 1677.0 0.0 12867.0 34.0 22292.0 0.08451044307618012
38 48 43 0.0 0.0 1457.0 0.0 13167.0 41.0 17493.0 0.08424599831508003
38 48 44 0.0 0.0 1178.0 0.0 13017.0 38.0 12885.0 0.08648381517173213
38 48 45 0.0 0.0 1104.0 0.0 13031.0 37.0 10681.0 0.08681632146843606
38 48 46 0.0 0.0 1011.0 0.0 12397.0 32.0 10802.0 0.09091499448016103
38 48 47 0.0 0.0 928.0 0.0 12113.0 30.0 10375.0 0.093103677595265
38 48 48 0.0 0.0 656.0 0.0 11137.0 24.0 5636.0 0.10148604566872055
38 48 49 0.0 0.0 36.0 0.0 759.0 10.0 3.0 0.5026929982046677
38 49 31 0.0 0.0 0.0 0.0 2.0 0.0 0.0 0.6996501749125437
38 49 32 0.0 0.0 0.0 0.0 9.0 0.0 0.0 0.6968641114982577
38 49 33 0.0 0.0 0.0 0.0 30.0 0.0 0.0 0.689655172413793
38 49 34 0.0 0.0 8.0 0.0 395.0 4.0 2.0 0.5838198498748957
38 49 35 0.0 0.0 244.0 0.0 5184.0 19.0 324.0 0.1889338731443994
38 49 36 0.0 0.0 259.0 0.0 5954.0 17.0 479.0 0.17073170731707313
38 49 37 0.0 0.0 491.0 0.0 8758.0 24.0 1386.0 0.12468827930174563
38 49 38 0.0 0.0 654.0 0.0 11038.0 36.0 4065.0 0.10242903131401813
38 49 39 0.0 0.0 933.0 0.0 12374.0 30.0 9719.0 0.09146739840585391
38 49 40 0.0 0.0 1362.0 0.0 12812.0 38.0 17763.0 0.08658008658008658
38 49 41 0.0 0.0 1074.0 0.0 12851.0 39.0 10468.0 0.08796732642161482
38 49 42 0.0 0.0 726.0 0.0 11476.0 29.0 5148.0 0.09866798223976318
38 49 43 0.0 0.0 611.0 0.0 10689.0 24.0 3525.0 0.1053502897132967
38 49 44 0.0 0.0 526.0 0.0 9672.0 29.0 2231.0 0.11495196649971261
38 49 45 0.0 0.0 401.0 0.0 7817.0 18.0 1050.0 0.13717421124828533
38 49 46 0.0 0.0 539.0 0.0 9702.0 20.0 2236.0 0.11442582754393132
38 49 47 0.0 0.0 252.0 0.0 6130.0 20.0 519.0 0.16736401673640164
38 49 48 0.0 0.0 285.0 0.0 6511.0 9.0 695.0 0.15925378227732906
38 49 49 0.0 0.0 21.0 0.0 332.0 6.0 0.0 0.5967604433077578
38 50 33 0.0 0.0 0.0 0.0 2.0 0.0 0.0 0.6993006993006992
38 50 34 0.0 0.0 0.0 0.0 24.0 0.0 0.0 0.6916996047430829
38 50 35 0.0 0.0 0.0 0.0 20.0 0.0 0.0 0.6930693069306929
38 50 36 0.0 0.0 2.0 0.0 76.0 0.0 0.0 0.6737247353224253
38 50 37 0.0 0.0 131.0 0.0 3116.0 21.0 88.0 0.26784006122058535
38 50 38 0.0 0.0 149.0 0.0 3747.0 14.0 131.0 0.2379738228794832
38 50 39 0.0 0.0 144.0 0.0 3931.0 14.0 166.0 0.2310612312262749
38 50 40 0.0 0.0 418.0 0.0 7819.0 26.0 944.0 0.13702652442008414
38 50 41 0.0 0.0 206.0 0.0 5259.0 24.0 344.0 0.1880961977697165
38 50 42 0.0 0.0 317.0 0.0 6576.0 26.0 578.0 0.15779981965734896
38 50 43 0.0 0.0 46.0 0.0 1283.0 16.0 10.0 0.4224502112251055
38 50 44 0.0 0.0 30.0 0.0 777.0 9.0 5.0 0.5003573981415296
38 50 45 0.0 0.0 19.0 0.0 528.0 6.0 1.0 0.5509641873278236
38 50 46 0.0 0.0 25.0 0.0 566.0 5.0 1.0 0.5411673753382295
38 50 47 0.0 0.0 87.0 0.0 1762.0 8.0 10.0 0.364488414475397
38 50 48 0.0 0.0 6.0 0.0 31.0 1.0 0.0 0.6876227897838899
38 50 49 0.0 0.0 0.0 0.0 7.0 0.0 0.0 0.6975585450921773
38 51 36 0.0 0.0 0.0 0.0 1.0 0.0 0.0 0.6996501749125437
38 51 37 0.0 0.0 0.0 0.0 20.0 0.0 0.0 0.6930693069306929
38 51 38 0.0 0.0 16.0 0.0 291.0 4.0 0.0 0.60790273556231
38 51 39 0.0 0.0 74.0 0.0 2001.0 8.0 24.0 0.34414945919370693
38 51 40 0.0 0.0 7.0 0.0 109.0 1.0 0.0 0.6619385342789597
38 51 41 0.0 0.0 2.0 0.0 134.0 1.0 0.0 0.6557377049180326
38 51 42 0.0 0.0 4.0 0.0 210.0 2.0 0.0 0.6329113924050632
38 51 43 0.0 0.0 1.0 0.0 34.0 0.0 0.0 0.6879606879606879
38 51 44 0.0 0.0 0.0 0.0 2.0 0.0 0.0 0.6993006993006992
38 51 46 0.0 0.0 0.0 0.0 1.0 0.0 0.0 0.6996501749125437
38 52 38 0.0 0.0 0.0 0.0 4.0 0.0 0.0 0.6986027944111775
38 52 39 0.0 0.0 0.0 0.0 2.0 0.0 0.0 0.6993006993006992
38 52 40 0.0 0.0 0.0 0.0 1.0 0.0 0.0 0.6996501749125437
39 28 39 0.0 0.0 0.0 0.0 4.0 0.0 0.0 0.6986027944111775
39 28 40 0.0 0.0 0.0 0.0 4.0 0.0 0.0 0.6986027944111775
39 28 41 0.0 0.0 0.0 0.0 5.0 0.0 0.0 0.6982543640897755
39 28 42 0.0 0.0 0.0 0.0 3.0 0.0 0.0 0.6989515726410384
39 29 35 0.0 0.0 14.0 0.0 143.0 2.0 0.0 0.6496519721577725
39 29 36 0.0 0.0 0.0 0.0 5.0 0.0 0.0 0.6982543640897755
39 29 37 0.0 0.0 0.0 0.0 29.0 0.0 0.0 0.6899950714637751
39 29 38 0.0 0.0 0.0 0.0 17.0 0.0 0.0 0.694100148735746
39 29 39 0.0 0.0 95.0 0.0 2528.0 19.0 54.0 0.30408340573414416
39 29 40 0.0 0.0 22.0 0.0 583.0 3.0 1.0 0.5380476556495004
39 29 41 0.0 0.0 175.0 0.0 3849.0 23.0 154.0 0.23325558147284234
39 29 42 0.0 0.0 34.0 0.0 725.0 9.0 4.0 0.509090909090909
39 29 43 0.0 0.0 2.0 0.0 49.0 0.0 0.0 0.68259385665529
39 29 44 0.0 0.0 0.0 0.0 17.0 0.0 0.0 0.694100148735746
39 29 45 0.0 0.0 0.0 0.0 4.0 0.0 0.0 0.6986027944111775
39 29 46 0.0 0.0 0.0 0.0 1.0 0.0 0.0 0.6996501749125437
39 30 33 0.0 0.0 0.0 0.0 9.0 0.0 0.0 0.6968641114982577
39 30 34 0.0 0.0 1.0 0.0 74.0 0.0 0.0 0.6746987951807227
39 30 35 0.0 0.0 22.0 0.0 483.0 4.0 0.0 0.5597760895641744
39 30 36 0.0 0.0 278.0 0.0 6413.0 23.0 618.0 0.16138328530259366
39 30 37 0.0 0.0 115.0 0.0 2509.0 15.0 55.0 0.30355594102341715
39 30 38 0.0 0.0 174.0 0.0 4158.0 20.0 198.0 0.22176461270394424
39 30 39 0.0 0.0 502.0 0.0 9668.0 18.0 2237.0 0.11508425811755034
39 30 40 0.0 0.0 362.0 0.0 7739.0 18.0 1070.0 0.13869625520110954
39 30 41 0.0 0.0 412.0 0.0 8669.0 23.0 1782.0 0.1265022137887413
39 30 42 0.0 0.0 166.0 0.0 4169.0 16.0 192.0 0.2215540433612913
39 30 43 0.0 0.0 22.0 0.0 898.0 6.0 7.0 0.48027444253859347
39 30 44 0.0 0.0 143.0 0.0 3706.0 12.0 133.0 0.23976708340469252
39 30 45 0.0 0.0 97.0 0.0 2288.0 16.0 48.0 0.32043945983062483
39 30 46 0.0 0.0 0.0 0.0 52.0 0.0 0.0 0.6822612085769979
39 30 47 0.0 0.0 2.0 0.0 62.0 0.0 0.0 0.6782945736434108
39 31 31 0.0 0.0 0.0 0.0 8.0 0.0 0.0 0.697211155378486
39 31 32 0.0 0.0 1.0 0.0 22.0 0.0 0.0 0.6923837784371908
39 31 33 0.0 0.0 25.0 0.0 599.0 4.0 0.0 0.5345551737304314
39 31 34 0.0 0.0 145.0 0.0 3341.0 15.0 98.0 0.2558947176019009
39 31 35 0.0 0.0 216.0 0.0 5967.0 15.0 557.0 0.1713796058269066
39 31 36 0.0 0.0 480.0 0.0 9033.0 22.0 1746.0 0.12173913043478259
39 31 37 0.0 0.0 619.0 0.0 10752.0 15.0 3668.0 0.10474337872213077
39 31 38 0.0 0.0 440.0 0.0 8990.0 19.0 1882.0 0.12255974787709006
39 31 39 0.0 0.0 1035.0 0.0 12623.0 35.0 9854.0 0.08947973923047424
39 31 40 0.0 0.0 714.0 0.0 11681.0 32.0 5533.0 0.09734390209984703
39 31 41 0.0 0.0 677.0 0.0 11292.0 30.0 3950.0 0.10035122930255895
39 31 42 0.0 0.0 949.0 0.0 12556.0 32.0 9866.0 0.09035755776429584
39 31 43 0.0 0.0 682.0 0.0 11270.0 32.0 4747.0 0.10043762106320396
39 31 44 0.0 0.0 645.0 0.0 11120.0 13.0 5341.0 0.10167768174885611
39 31 45 0.0 0.0 502.0 0.0 9254.0 35.0 1921.0 0.11937244201909958
39 31 46 0.0 0.0 332.0 0.0 6379.0 23.0 556.0 0.16108618110689218
39 31 47 0.0 0.0 3.0 0.0 140.0 2.0 0.0 0.6539000467071461
39 31 48 0.0 0.0 0.0 0.0 1.0 0.0 0.0 0.6996501749125437
39 32 31 0.0 0.0 38.0 0.0 806.0 6.0 1.0 0.4933051444679351
39 32 32 0.0 0.0 12.0 0.0 365.0 2.0 0.0 0.5897219882055602
39 32 33 0.0 0.0 253.0 0.0 5944.0 23.0 485.0 0.1711700696906712
39 32 34 0.0 0.0 210.0 0.0 5153.0 20.0 315.0 0.19065776930409914
39 32 35 0.0 0.0 539.0 0.0 10033.0 27.0 2809.0 0.11153601019757806
39 32 36 0.0 0.0 930.0 0.0 12363.0 29.0 8462.0 0.09161704076958313
39 32 37 0.0 0.0 1368.0 0.0 12790.0 32.0 18145.0 0.08666047663262147
39 32 38 0.0 0.0 1390.0 0.0 13478.0 37.0 14632.0 0.08301215535131928
39 32 39 0.0 0.0 1893.0 0.0 12368.0 58.0 29142.0 0.08615914825527723
39 32 40 0.0 0.0 2389.0 0.0 11651.0 62.0 39610.0 0.08741804558226662
39 32 41 0.0 0.0 1382.0 0.0 13302.0 36.0 15699.0 0.08387753879336168
39 32 42 0.0 0.0 1501.0 0.0 12831.0 45.0 20277.0 0.08578431372549018
39 32 43 0.0 0.0 1335.0 0.0 13059.0 34.0 15482.0 0.08538667967797023
39 32 44 0.0 0.0 1687.0 0.0 12403.0 47.0 25321.0 0.08698893997763141
39 32 45 0.0 0.0 913.0 0.0 12354.0 36.0 8875.0 0.09173710766004847
39 32 46 0.0 0.0 286.0 0.0 6607.0 23.0 653.0 0.15779981965734896
39 32 47 0.0 0.0 78.0 0.0 1714.0 11.0 20.0 0.3702724147051044
39 32 48 0.0 0.0 1.0 0.0 46.0 0.0 0.0 0.6839276990718123
39 32 49 0.0 0.0 0.0 0.0 6.0 0.0 0.0 0.6979062811565303
39 32 50 0.0 0.0 0.0 0.0 1.0 0.0 0.0 0.6996501749125437
39 33 30 0.0 0.0 0.0 0.0 9.0 0.0 0.0 0.6968641114982577
39 33 31 0.0 0.0 2.0 0.0 115.0 1.0 0.0 0.661625708884688
39 33 32 0.0 0.0 318.0 0.0 6450.0 15.0 567.0 0.15983559767096697
39 33 33 0.0 0.0 657.0 0.0 11084.0 36.0 4325.0 0.10204081632653059
39 33 34 0.0 0.0 749.0 0.0 11613.0 33.0 5427.0 0.0975269940787182
39 33 35 0.0 0.0 1192.0 0.0 13273.0 44.0 11242.0 0.08509603695599319
39 33 36 0.0 0.0 1313.0 0.0 13329.0 35.0 14524.0 0.08413461538461538
39 33 37 0.0 0.0 2919.0 0.0 11444.0 70.0 48174.0 0.08557457212713934
39 33 38 0.0 0.0 2716.0 0.0 11984.0 54.0 41052.0 0.08387251377905583
39 33 39 0.0 0.0 2896.0 0.0 12668.0 70.0 40204.0 0.07979936160510716
39 33 40 0.0 0.0 3121.0 0.0 12213.0 56.0 44623.0 0.08066839527513683
39 33 41 0.0 0.0 2952.0 0.0 12383.0 72.0 41975.0 0.08075214858395338
39 33 42 0.0 0.0 2926.0 0.0 12596.0 59.0 40204.0 0.07990411506192568
39 33 43 0.0 0.0 2924.0 0.0 11249.0 58.0 49602.0 0.08651053574738922
39 33 44 0.0 0.0 2486.0 0.0 11355.0 51.0 42911.0 0.08825012607160866
39 33 45 0.0 0.0 1610.0 0.0 13199.0 41.0 20119.0 0.08323919376895178
39 33 46 0.0 0.0 1050.0 0.0 12650.0 24.0 11766.0 0.08915493854677449
39 33 47 0.0 0.0 300.0 0.0 6903.0 19.0 726.0 0.1523892456732339
39 33 48 0.0 0.0 191.0 0.0 4086.0 14.0 162.0 0.22353504710202773
39 33 49 0.0 0.0 1.0 0.0 124.0 0.0 0.0 0.6591337099811675
39 33 50 0.0 0.0 6.0 0.0 265.0 0.0 2.0 0.6164685160722148
39 34 30 0.0 0.0 0.0 0.0 30.0 0.0 0.0 0.689655172413793
39 34 31 0.0 0.0 226.0 0.0 5036.0 15.0 318.0 0.1931567328918322
39 34 32 0.0 0.0 350.0 0.0 7479.0 19.0 910.0 0.14258071086668703
39 34 33 0.0 0.0 1004.0 0.0 12663.0 31.0 10342.0 0.0893712097031599
39 34 34 0.0 0.0 2089.0 0.0 12419.0 63.0 31247.0 0.08488964346349745
39 34 35 0.0 0.0 2807.0 0.0 11551.0 59.0 45133.0 0.0855327468230694
39 34 36 0.0 0.0 3551.0 0.0 10902.0 66.0 58114.0 0.08509603695599319
39 34 37 0.0 0.0 4604.0 0.0 10070.0 94.0 74071.0 0.08399832003359932
39 34 38 0.0 0.0 5174.0 0.0 8760.0 95.0 89096.0 0.08800050286001633
39 34 39 0.0 0.0 5426.0 0.0 8254.0 96.0 95156.0 0.08933699189585859
39 34 40 0.0 0.0 5370.0 0.0 6923.0 89.0 108391.0 0.0980804259492784
39 34 41 0.0 0.0 5348.0 0.0 7335.0 86.0 102773.0 0.09536135140657992
39 34 42 0.0 0.0 5057.0 0.0 9252.0 85.0 84091.0 0.08591592513040809
39 34 43 0.0 0.0 4605.0 0.0 7342.0 69.0 99928.0 0.10027934961678961
39 34 44 0.0 0.0 3792.0 0.0 11123.0 59.0 58471.0 0.08260074340669064
39 34 45 0.0 0.0 2937.0 0.0 11399.0 69.0 48151.0 0.08574753475837568
39 34 46 0.0 0.0 1645.0 0.0 13441.0 49.0 19261.0 0.08200562324273664
39 34 47 0.0 0.0 1276.0 0.0 12822.0 48.0 16073.0 0.08703761268262356
39 34 48 0.0 0.0 542.0 0.0 10161.0 26.0 3024.0 0.11034917632221959
39 34 49 0.0 0.0 133.0 0.0 3146.0 17.0 100.0 0.26600798023940714
39 34 50 0.0 0.0 1.0 0.0 28.0 0.0 0.0 0.6899950714637751
39 34 51 0.0 0.0 6.0 0.0 115.0 0.0 0.0 0.66006600660066
39 35 29 0.0 0.0 20.0 0.0 513.0 4.0 0.0 0.55357848952155
39 35 30 0.0 0.0 12.0 0.0 293.0 3.0 0.0 0.6081668114682883
39 35 31 0.0 0.0 168.0 0.0 4035.0 18.0 168.0 0.22628091158881522
39 35 32 0.0 0.0 837.0 0.0 12072.0 27.0 6848.0 0.09394081728511038
39 35 33 0.0 0.0 1652.0 0.0 13005.0 40.0 22389.0 0.08406388855530202
39 35 34 0.0 0.0 2901.0 0.0 11360.0 65.0 47325.0 0.08613264427217915
39 35 35 0.0 0.0 4220.0 0.0 8534.0 70.0 84506.0 0.09478031277503214
39 35 36 0.0 0.0 5242.0 0.0 9432.0 88.0 82912.0 0.08393285371702637
39 35 37 0.0 0.0 6485.0 0.0 7884.0 82.0 103848.0 0.0855170728727628
39 35 38 0.0 0.0 7028.0 0.0 6412.0 86.0 120867.0 0.09069707178025394
39 35 39 0.0 0.0 6819.0 0.0 4526.0 48.0 141084.0 0.10476689366160293
39 35 40 0.0 0.0 7871.0 0.0 5605.0 58.0 131281.0 0.09030510223827645
39 35 41 0.0 0.0 6414.0 0.0 4004.0 49.0 146273.0 0.11270326839478344
39 35 42 0.0 0.0 6292.0 0.0 4530.0 74.0 140082.0 0.10942629357511331
39 35 43 0.0 0.0 6119.0 0.0 5523.0 70.0 127806.0 0.1026694045174538
39 35 44 0.0 0.0 5454.0 0.0 6662.0 83.0 112445.0 0.0993330495246204
39 35 45 0.0 0.0 4201.0 0.0 9976.0 66.0 71279.0 0.08645711109738775
39 35 46 0.0 0.0 2617.0 0.0 12443.0 46.0 37503.0 0.08204406938584154
39 35 47 0.0 0.0 2138.0 0.0 11764.0 56.0 35494.0 0.08805585256934396
39 35 48 0.0 0.0 1192.0 0.0 12968.0 30.0 13486.0 0.08663902469212202
39 35 49 0.0 0.0 273.0 0.0 6251.0 22.0 524.0 0.16466713714420134
39 35 50 0.0 0.0 163.0 0.0 3434.0 11.0 92.0 0.25053686471009307
39 35 51 0.0 0.0 0.0 0.0 2.0 0.0 0.0 0.6993006993006992
39 36 29 0.0 0.0 1.0 0.0 34.0 0.0 0.0 0.6879606879606879
39 36 30 0.0 0.0 49.0 0.0 1052.0 8.0 12.0 0.4526349822179113
39 36 31 0.0 0.0 346.0 0.0 7725.0 21.0 1015.0 0.13919268244183733
39 36 32 0.0 0.0 735.0 0.0 11868.0 30.0 5678.0 0.09596928982725526
39 36 33 0.0 0.0 1860.0 0.0 12637.0 40.0 26925.0 0.08486905916585838
39 36 34 0.0 0.0 3558.0 0.0 10391.0 70.0 62743.0 0.0877577885037297
39 36 35 0.0 0.0 5351.0 0.0 7555.0 80.0 102380.0 0.09399758291929634
39 36 36 0.0 0.0 6097.0 0.0 5024.0 68.0 133456.0 0.1066910531931108
39 36 37 0.0 0.0 7154.0 0.0 3790.0 56.0 150188.0 0.10815822002472186
39 36 38 0.0 0.0 7302.0 0.0 2862.0 37.0 161052.0 0.11498028909329829
39 36 39 0.0 3.0 9427.0 2.0 3448.0 48.0 155821.0 0.09403546480386887
39 36 40 0.0 0.0 8509.0 0.0 2750.0 63.0 162333.0 0.10582010582010581
39 36 41 0.0 0.0 7312.0 0.0 2084.0 33.0 169300.0 0.12279624594333828
39 36 42 0.0 0.0 8327.0 0.0 3025.0 33.0 160269.0 0.10475121586232695
39 36 43 0.0 0.0 7729.0 0.0 3912.0 65.0 149476.0 0.10264682161448785
39 36 44 0.0 0.0 7469.0 0.0 6838.0 91.0 117955.0 0.08595812611285072
39 36 45 0.0 0.0 5519.0 0.0 8620.0 72.0 92361.0 0.0866658412777021
39 36 46 0.0 0.0 4046.0 0.0 9649.0 78.0 72295.0 0.08914926133469178
39 36 47 0.0 0.0 2398.0 0.0 12261.0 58.0 37046.0 0.08405379442843419
39 36 48 0.0 0.0 1227.0 0.0 13232.0 34.0 12759.0 0.08501335924216662
39 36 49 0.0 0.0 582.0 0.0 10612.0 25.0 3466.0 0.10619737540772205
39 36 50 0.0 0.0 1.0 0.0 210.0 0.0 1.0 0.6331976481230212
39 36 51 0.0 0.0 0.0 0.0 16.0 0.0 0.0 0.6944444444444444
39 37 29 0.0 0.0 1.0 0.0 39.0 1.0 0.0 0.6866110838646394
39 37 30 0.0 0.0 388.0 0.0 8253.0 27.0 1534.0 0.1317771084337349
39 37 31 0.0 0.0 345.0 0.0 7658.0 20.0 975.0 0.14014014014014012
39 37 32 0.0 0.0 1541.0 0.0 12595.0 50.0 21936.0 0.08677865245149692
39 37 33 0.0 0.0 2108.0 0.0 12579.0 41.0 30384.0 0.08388256440982624
39 37 34 0.0 0.0 4355.0 0.0 10127.0 86.0 71655.0 0.08494114791894186
39 37 35 0.0 0.0 5933.0 0.0 5888.0 81.0 123460.0 0.10128047457136655
39 37 36 0.0 0.0 7837.0 0.0 4449.0 69.0 142930.0 0.09801176141136934
39 37 37 0.0 0.0 6157.0 0.0 1766.0 32.0 172902.0 0.1410153102336825
39 37 38 0.0 1.0 8076.0 1.0 1759.0 27.0 173764.0 0.1180139930877518
39 37 39 0.0 1.0 8679.0 1.0 1480.0 22.0 177089.0 0.11527377521613832
39 37 40 0.0 0.0 7694.0 0.0 1106.0 16.0 180970.0 0.12958163643095147
39 37 41 0.0 0.0 6289.0 0.0 877.0 12.0 183796.0 0.1527550463720676
39 37 42 0.0 0.0 6757.0 0.0 1216.0 13.0 180129.0 0.1402524544179523
39 37 43 0.0 0.0 8117.0 0.0 2393.0 41.0 167133.0 0.11197312644965207
39 37 44 0.0 0.0 8372.0 0.0 4878.0 81.0 139133.0 0.09186954524575103
39 37 45 0.0 0.0 6537.0 0.0 6346.0 75.0 119464.0 0.09404809888485825
39 37 46 0.0 0.0 4774.0 0.0 10381.0 89.0 72299.0 0.08172319187437976
39 37 47 0.0 0.0 3148.0 0.0 10126.0 63.0 61136.0 0.09170105456212746
39 37 48 0.0 0.0 1948.0 0.0 12009.0 50.0 31667.0 0.08763693270735524
39 37 49 0.0 0.0 645.0 0.0 10846.0 21.0 4027.0 0.10381135992881506
39 37 50 0.0 0.0 132.0 0.0 3433.0 9.0 107.0 0.25207057976233344
39 37 51 0.0 0.0 0.0 0.0 5.0 0.0 0.0 0.6982543640897755
39 38 29 0.0 0.0 0.0 0.0 23.0 0.0 0.0 0.6920415224913494
39 38 30 0.0 0.0 184.0 0.0 4105.0 20.0 148.0 0.2232142857142857
39 38 31 0.0 0.0 613.0 0.0 10776.0 17.0 3658.0 0.10459469555472542
39 38 32 0.0 0.0 1021.0 0.0 12687.0 31.0 9376.0 0.08918901700961966
39 38 33 0.0 0.0 2287.0 0.0 13327.0 54.0 28978.0 0.07951834601840281
39 38 34 0.0 0.0 4751.0 0.0 9406.0 82.0 79695.0 0.08673026886383346
39 38 35 0.0 0.0 6807.0 0.0 5368.0 71.0 130712.0 0.09875149890667982
39 38 36 0.0 0.0 7728.0 0.0 3136.0 42.0 157490.0 0.10883084577114427
39 38 37 0.0 0.0 6454.0 0.0 1343.0 24.0 178559.0 0.14282799428688023
39 38 38 0.0 0.0 7719.0 0.0 1012.0 11.0 182480.0 0.13043883350414606
39 38 39 1.0 3.0 7618.0 1.0 658.0 10.0 185890.0 0.13612056392805055
39 38 40 0.0 0.0 6261.0 0.0 482.0 6.0 189295.0 0.16027475672581568
39 38 41 0.0 0.0 6345.0 0.0 462.0 7.0 188464.0 0.15896446008856588
39 38 42 0.0 0.0 8095.0 0.0 950.0 14.0 182476.0 0.12671976828385226
39 38 43 0.0 0.0 9205.0 0.0 1988.0 38.0 170862.0 0.10602847621932747
39 38 44 0.0 0.0 6053.0 0.0 2314.0 37.0 167337.0 0.1348617666891436
39 38 45 0.0 0.0 6988.0 0.0 5583.0 64.0 128798.0 0.09598902982516283
39 38 46 0.0 0.0 5273.0 0.0 8759.0 78.0 88654.0 0.08735259250015598
39 38 47 0.0 0.0 2632.0 0.0 12534.0 65.0 37376.0 0.0816231343283582
39 38 48 0.0 0.0 1445.0 0.0 13520.0 49.0 15274.0 0.08263487191594852
39 38 49 0.0 0.0 735.0 0.0 11575.0 28.0 5297.0 0.097888407215774
39 38 50 0.0 0.0 96.0 0.0 2161.0 11.0 27.0 0.32972209138012243
39 38 51 0.0 0.0 0.0 0.0 8.0 0.0 0.0 0.697211155378486
39 39 28 0.0 0.0 0.0 0.0 1.0 0.0 0.0 0.6996501749125437
39 39 29 0.0 0.0 1.0 0.0 35.0 1.0 0.0 0.6882989183874139
39 39 30 0.0 0.0 104.0 0.0 2287.0 13.0 56.0 0.31970769582096364
39 39 31 0.0 0.0 575.0 0.0 10234.0 26.0 2903.0 0.10940919037199123
39 39 32 0.0 0.0 1908.0 0.0 12582.0 56.0 27388.0 0.08493599466116604
39 39 33 0.0 0.0 2888.0 0.0 12087.0 43.0 43632.0 0.08240626287597856
39 39 34 0.0 0.0 5286.0 0.0 8049.0 84.0 95113.0 0.09128847157016169
39 39 35 0.0 0.0 7228.0 0.0 5516.0 74.0 129723.0 0.09501832496267136
39 39 36 0.0 0.0 7010.0 0.0 2337.0 47.0 167140.0 0.12341325811001408
39 39 37 0.0 0.0 7427.0 0.0 1194.0 21.0 180207.0 0.1317275122318404
39 39 38 0.0 0.0 7461.0 0.0 636.0 8.0 186565.0 0.13865504605328313
39 39 39 0.0 0.0 6259.0 0.0 305.0 9.0 190481.0 0.1636661211129296
39 39 40 0.0 2.0 5729.0 0.0 225.0 1.0 192302.0 0.17603420093046646
39 39 41 0.0 0.0 5862.0 0.0 291.0 9.0 191261.0 0.1717580664949086
39 39 42 0.0 1.0 8160.0 0.0 775.0 18.0 184388.0 0.12812299807815503
39 39 43 0.0 0.0 8538.0 0.0 1513.0 25.0 175785.0 0.11618257261410786
39 39 44 0.0 0.0 8580.0 0.0 3319.0 51.0 156656.0 0.10063254744105807
39 39 45 0.0 0.0 7508.0 0.0 7025.0 73.0 114606.0 0.08457681387059747
39 39 46 0.0 0.0 5330.0 0.0 8870.0 80.0 88591.0 0.08631319358816275
39 39 47 0.0 0.0 3306.0 0.0 11254.0 80.0 52783.0 0.0846279393096778
39 39 48 0.0 0.0 1717.0 0.0 12573.0 49.0 25230.0 0.08583690987124462
39 39 49 0.0 0.0 877.0 0.0 12457.0 29.0 7855.0 0.09130633274636403
39 39 50 0.0 0.0 159.0 0.0 4060.0 13.0 198.0 0.2254428341384863
39 39 51 0.0 0.0 0.0 0.0 10.0 0.0 0.0 0.6965174129353233
39 40 29 0.0 0.0 0.0 0.0 8.0 0.0 0.0 0.697211155378486
39 40 30 0.0 0.0 15.0 0.0 681.0 6.0 3.0 0.520639642989959
39 40 31 0.0 0.0 725.0 0.0 11644.0 21.0 5872.0 0.09739807986642549
39 40 32 0.0 0.0 1574.0 0.0 12702.0 42.0 22756.0 0.08597924215439413
39 40 33 0.0 0.0 3124.0 0.0 11470.0 63.0 48796.0 0.08437292834327728
39 40 34 0.0 0.0 5345.0 0.0 7859.0 75.0 98198.0 0.0920447074293228
39 40 35 0.0 0.0 7583.0 0.0 5592.0 78.0 130642.0 0.09238484888478288
39 40 36 0.0 0.0 8476.0 0.0 2918.0 53.0 160585.0 0.10458688181682353
39 40 37 0.0 3.0 8983.0 0.0 1415.0 27.0 177191.0 0.1129761136216914
39 40 38 0.0 1.0 6701.0 0.0 528.0 10.0 188144.0 0.1515643607231785
39 40 39 2.0 0.0 5338.0 0.0 235.0 1.0 192483.0 0.18445322793148874
39 40 40 0.0 0.0 6139.0 0.0 229.0 1.0 191564.0 0.1673440114750179
39 40 41 0.0 0.0 6939.0 0.0 385.0 6.0 189543.0 0.15019847655830915
39 40 42 0.0 0.0 7786.0 0.0 709.0 4.0 185524.0 0.1333587349971423
39 40 43 0.0 0.0 9467.0 0.0 1813.0 29.0 172190.0 0.10546933855657677
39 40 44 0.0 0.0 7547.0 0.0 2958.0 44.0 160514.0 0.11178537208559565
39 40 45 0.0 0.0 7475.0 0.0 7351.0 79.0 112776.0 0.083184789067142
39 40 46 0.0 0.0 4667.0 0.0 9604.0 68.0 76710.0 0.08600036857300815
39 40 47 0.0 0.0 3121.0 0.0 10899.0 72.0 53107.0 0.08745627186406796
39 40 48 0.0 0.0 1496.0 0.0 13306.0 35.0 17981.0 0.08334325514942255
39 40 49 0.0 0.0 734.0 0.0 11363.0 37.0 4460.0 0.09942475676443434
39 40 50 0.0 0.0 117.0 0.0 2599.0 18.0 49.0 0.2981895633652822
39 40 51 0.0 0.0 0.0 0.0 5.0 0.0 0.0 0.6982543640897755
39 41 29 0.0 0.0 0.0 0.0 5.0 0.0 0.0 0.6982543640897755
39 41 30 0.0 0.0 205.0 0.0 4249.0 13.0 166.0 0.21722265321955
39 41 31 0.0 0.0 423.0 0.0 8535.0 17.0 1510.0 0.12788891933863158
39 41 32 0.0 0.0 1492.0 0.0 13058.0 36.0 17817.0 0.0845461682468748
39 41 33 0.0 0.0 3332.0 0.0 10742.0 78.0 56902.0 0.08715139442231075
39 41 34 0.0 0.0 5527.0 0.0 7685.0 99.0 101410.0 0.0920568122041031
39 41 35 0.0 0.0 6716.0 0.0 4422.0 54.0 142986.0 0.10652058129802935
39 41 36 0.0 0.0 8242.0 0.0 2895.0 52.0 161203.0 0.10656923194032121
39 41 37 0.0 1.0 8461.0 1.0 1388.0 25.0 176762.0 0.11794439764111203
39 41 38 0.0 1.0 7283.0 0.0 637.0 8.0 186167.0 0.14120020171457387
39 41 39 0.0 1.0 5796.0 0.0 342.0 5.0 190888.0 0.17192680830160872
39 41 40 0.0 1.0 6053.0 0.0 235.0 4.0 191535.0 0.1687967205208584
39 41 41 0.0 0.0 5923.0 0.0 369.0 5.0 190531.0 0.16895969104513636
39 41 42 0.0 1.0 8040.0 0.0 895.0 15.0 183561.0 0.1281581838154522
39 41 43 0.0 0.0 6732.0 0.0 1475.0 18.0 177467.0 0.13716077201920251
39 41 44 0.0 0.0 8173.0 0.0 3741.0 53.0 152333.0 0.10060362173038229
39 41 45 0.0 0.0 6774.0 0.0 6505.0 64.0 118144.0 0.0913897774006136
39 41 46 0.0 0.0 4781.0 0.0 9721.0 87.0 76716.0 0.08485877076009213
39 41 47 0.0 0.0 2434.0 0.0 13281.0 61.0 31279.0 0.07910945357970277
39 41 48 0.0 0.0 1461.0 0.0 13112.0 34.0 18274.0 0.08439327265055156
39 41 49 0.0 0.0 426.0 0.0 8268.0 24.0 1381.0 0.13114754098360654
39 41 50 0.0 0.0 74.0 0.0 1844.0 13.0 24.0 0.35842293906810024
39 41 51 0.0 0.0 2.0 0.0 60.0 0.0 0.0 0.6789524733268669
39 42 29 0.0 0.0 0.0 0.0 7.0 0.0 0.0 0.6975585450921773
39 42 30 0.0 0.0 134.0 0.0 3393.0 20.0 89.0 0.2541757443718228
39 42 31 0.0 0.0 507.0 0.0 9777.0 29.0 2581.0 0.1141645600587132
39 42 32 0.0 0.0 1333.0 0.0 12977.0 37.0 15312.0 0.08581586367537083
39 42 33 0.0 0.0 2886.0 0.0 12191.0 66.0 42001.0 0.08203445447087776
39 42 34 0.0 0.0 5292.0 0.0 8306.0 82.0 93613.0 0.0897666068222621
39 42 35 0.0 0.0 6530.0 0.0 4794.0 67.0 136875.0 0.10501050105010501
39 42 36 0.0 0.0 7909.0 0.0 3255.0 38.0 156410.0 0.10626992561105207
39 42 37 0.0 2.0 7859.0 0.0 1714.0 33.0 174290.0 0.12089810017271155
39 42 38 0.0 1.0 7432.0 0.0 956.0 11.0 183081.0 0.13466717968449401
39 42 39 0.0 1.0 8052.0 0.0 734.0 11.0 184965.0 0.12976179442024283
39 42 40 0.0 1.0 6950.0 0.0 559.0 16.0 187686.0 0.1472134595162986
39 42 41 0.0 1.0 7689.0 0.0 744.0 9.0 185196.0 0.13413816230717637
39 42 42 0.0 1.0 8392.0 0.0 1407.0 31.0 177511.0 0.11854360711261641
39 42 43 0.0 3.0 8680.0 0.0 2646.0 42.0 164065.0 0.10501837821618783
39 42 44 0.0 1.0 7394.0 0.0 4039.0 58.0 147488.0 0.10425199195770347
39 42 45 0.0 0.0 5748.0 0.0 5550.0 71.0 127359.0 0.10519987977156596
39 42 46 0.0 0.0 4637.0 0.0 7931.0 69.0 93034.0 0.09602853419301735
39 42 47 0.0 0.0 3407.0 0.0 9877.0 62.0 64929.0 0.09156311314584696
39 42 48 0.0 0.0 1877.0 0.0 12259.0 58.0 29371.0 0.0868001736003472
39 42 49 0.0 0.0 835.0 0.0 12056.0 30.0 6339.0 0.09412397472098963
39 42 50 0.0 0.0 309.0 0.0 6608.0 26.0 658.0 0.15740948954351247
39 42 51 0.0 0.0 1.0 0.0 83.0 0.0 0.0 0.6717850287907868
39 43 29 0.0 0.0 0.0 0.0 12.0 0.0 0.0 0.6958250497017892
39 43 30 0.0 0.0 331.0 0.0 6794.0 23.0 690.0 0.15366041049281087
39 43 31 0.0 0.0 439.0 0.0 8919.0 22.0 1913.0 0.12343502027861045
39 43 32 0.0 0.0 1175.0 0.0 13155.0 33.0 11496.0 0.08574753475837568
39 43 33 0.0 0.0 3059.0 0.0 11592.0 60.0 48967.0 0.08405379442843419
39 43 34 0.0 0.0 5013.0 0.0 8390.0 82.0 92815.0 0.09099181073703366
39 43 35 0.0 0.0 4925.0 0.0 4025.0 51.0 143157.0 0.1278188624121245
39 43 36 0.0 0.0 7989.0 0.0 5235.0 74.0 136041.0 0.09191779922526425
39 43 37 0.0 1.0 8068.0 0.0 2925.0 36.0 161073.0 0.10770059235325792
39 43 38 0.0 2.0 8295.0 0.0 1972.0 25.0 171275.0 0.11393229166666664
39 43 39 0.0 0.0 7953.0 0.0 1310.0 17.0 178506.0 0.12434496846966868
39 43 40 0.0 1.0 6893.0 1.0 983.0 18.0 182878.0 0.1416000809143319
39 43 41 0.0 0.0 9462.0 0.0 1649.0 27.0 175075.0 0.10682130321989927
39 43 42 0.0 0.0 6739.0 0.0 1615.0 26.0 175214.0 0.13510905230650452
39 43 43 0.0 0.0 8670.0 0.0 3951.0 60.0 149485.0 0.0958182191499555
39 43 44 0.0 0.0 7208.0 0.0 5552.0 93.0 129928.0 0.09502477431616099
39 43 45 0.0 0.0 5516.0 0.0 7413.0 71.0 102695.0 0.09368935287425549
39 43 46 0.0 0.0 4176.0 0.0 9115.0 80.0 78165.0 0.09156311314584696
39 43 47 0.0 0.0 2512.0 0.0 12224.0 45.0 38899.0 0.0835820895522388
39 43 48 0.0 0.0 1339.0 0.0 13121.0 37.0 16433.0 0.08507535245503159
39 43 49 0.0 0.0 576.0 0.0 10252.0 26.0 2885.0 0.1092555017949118
39 43 50 0.0 0.0 169.0 0.0 3577.0 19.0 112.0 0.2443280977312391
39 43 51 0.0 0.0 0.0 0.0 12.0 0.0 0.0 0.6958250497017892
39 44 29 0.0 0.0 0.0 0.0 26.0 0.0 0.0 0.6910167818361302
39 44 30 0.0 0.0 156.0 0.0 3740.0 11.0 130.0 0.23781212841854932
39 44 31 0.0 0.0 630.0 0.0 11041.0 29.0 4498.0 0.10247401551749376
39 44 32 0.0 0.0 1789.0 0.0 12626.0 40.0 26693.0 0.0852255433128386
39 44 33 0.0 0.0 2343.0 0.0 12522.0 70.0 34657.0 0.0830564784053156
39 44 34 0.0 0.0 3923.0 0.0 10162.0 68.0 66928.0 0.08698353525939732
39 44 35 0.0 0.0 5330.0 0.0 8090.0 85.0 96748.0 0.0907205806117159
39 44 36 0.0 0.0 6431.0 0.0 6417.0 71.0 118665.0 0.09430149535228344
39 44 37 0.0 0.0 7320.0 0.0 4854.0 64.0 138879.0 0.09874453378473691
39 44 38 0.0 0.0 8214.0 0.0 3862.0 55.0 149895.0 0.09925558312655085
39 44 39 0.0 0.0 6990.0 0.0 2280.0 35.0 167914.0 0.12415750266051788
39 44 40 0.0 0.0 7369.0 0.0 2092.0 39.0 170718.0 0.12222804260520341
39 44 41 0.0 0.0 6254.0 0.0 1947.0 43.0 171896.0 0.13740308175483362
39 44 42 0.0 0.0 6628.0 0.0 2748.0 43.0 162630.0 0.12302284710017572
39 44 43 0.0 0.0 7030.0 0.0 4344.0 55.0 143081.0 0.10455563853622105
39 44 44 0.0 0.0 5919.0 0.0 7339.0 79.0 107603.0 0.09172508681124286
39 44 45 0.0 0.0 4365.0 0.0 10230.0 68.0 69826.0 0.08425613866153105
39 44 46 0.0 0.0 2815.0 0.0 11743.0 67.0 44103.0 0.08460236886632824
39 44 47 0.0 0.0 1678.0 0.0 12695.0 30.0 24001.0 0.08546486783468651
39 44 48 0.0 0.0 1054.0 0.0 12951.0 34.0 10216.0 0.08748359682559519
39 44 49 0.0 0.0 443.0 0.0 8779.0 18.0 1729.0 0.12484394506866416
39 44 50 0.0 0.0 89.0 0.0 2312.0 9.0 44.0 0.3187613843351548
39 44 51 0.0 0.0 1.0 0.0 13.0 0.0 0.0 0.6951340615690167
39 45 29 0.0 0.0 33.0 0.0 682.0 6.0 0.0 0.5167958656330748
39 45 30 0.0 0.0 45.0 0.0 953.0 10.0 5.0 0.46885465505693225
39 45 31 0.0 0.0 751.0 0.0 11538.0 23.0 4525.0 0.09804608165837943
39 45 32 0.0 0.0 1485.0 0.0 12731.0 36.0 20294.0 0.08633980881899475
39 45 33 0.0 0.0 2574.0 0.0 11020.0 56.0 46508.0 0.08976085144579084
39 45 34 0.0 0.0 3157.0 0.0 10924.0 83.0 53047.0 0.08715139442231075
39 45 35 0.0 0.0 3549.0 0.0 12158.0 86.0 48521.0 0.07913181098801716
39 45 36 0.0 0.0 4828.0 0.0 8039.0 83.0 92930.0 0.09421265141318977
39 45 37 0.0 0.0 5871.0 0.0 10264.0 110.0 78943.0 0.07728401876897598
39 45 38 0.0 0.0 6734.0 0.0 5949.0 71.0 123614.0 0.0951927653498334
39 45 39 0.0 0.0 7188.0 0.0 5066.0 71.0 135428.0 0.0981973767272217
39 45 40 0.0 0.0 7886.0 0.0 4717.0 81.0 140736.0 0.09594298245614034
39 45 41 0.0 0.0 7278.0 0.0 4484.0 54.0 143448.0 0.1016260162601626
39 45 42 0.0 0.0 6217.0 0.0 4449.0 64.0 141349.0 0.11049723756906077
39 45 43 0.0 0.0 6186.0 0.0 7120.0 90.0 109865.0 0.0916350307631889
39 45 44 0.0 0.0 4969.0 0.0 6798.0 74.0 107796.0 0.10161863976192204
39 45 45 0.0 0.0 2864.0 0.0 13008.0 52.0 37506.0 0.07827788649706457
39 45 46 0.0 0.0 1866.0 0.0 13256.0 49.0 24777.0 0.08176614881439084
39 45 47 0.0 0.0 1160.0 0.0 13128.0 45.0 11077.0 0.08600036857300815
39 45 48 0.0 0.0 807.0 0.0 12095.0 39.0 6383.0 0.0940291490362012
39 45 49 0.0 0.0 121.0 0.0 2738.0 17.0 65.0 0.28913672036348614
39 45 50 0.0 0.0 62.0 0.0 1683.0 9.0 23.0 0.37463205780037456
39 45 51 0.0 0.0 0.0 0.0 5.0 0.0 0.0 0.6982543640897755
39 46 29 0.0 0.0 0.0 0.0 6.0 0.0 0.0 0.6979062811565303
39 46 30 0.0 0.0 103.0 0.0 2879.0 17.0 53.0 0.2818602778337024
39 46 31 0.0 0.0 316.0 0.0 7197.0 27.0 847.0 0.1475392559806091
39 46 32 0.0 0.0 1185.0 0.0 12919.0 38.0 14228.0 0.08694572102844365
39 46 33 0.0 0.0 1288.0 0.0 13075.0 36.0 14314.0 0.08555365436323636
39 46 34 0.0 0.0 1877.0 0.0 12789.0 53.0 26499.0 0.08399832003359932
39 46 35 0.0 0.0 2554.0 0.0 11727.0 68.0 41658.0 0.08607439286812173
39 46 36 0.0 0.0 2685.0 0.0 13137.0 62.0 34471.0 0.07861635220125786
39 46 37 0.0 0.0 4262.0 0.0 8800.0 100.0 82297.0 0.09309129596382737
39 46 38 0.0 0.0 4775.0 0.0 9387.0 88.0 80197.0 0.08662830270404058
39 46 39 0.0 0.0 5632.0 0.0 8730.0 88.0 91664.0 0.0855222968845449
39 46 40 0.0 0.0 5777.0 0.0 6709.0 58.0 112714.0 0.09639881567169317
39 46 41 0.0 0.0 5916.0 0.0 6888.0 77.0 110749.0 0.09469056476158268
39 46 42 0.0 0.0 5562.0 0.0 8716.0 71.0 92189.0 0.08597924215439413
39 46 43 0.0 0.0 4602.0 0.0 7890.0 80.0 94037.0 0.09653840849537994
39 46 44 0.0 0.0 3697.0 0.0 9941.0 65.0 67038.0 0.08949689957169339
39 46 45 0.0 0.0 2565.0 0.0 11622.0 61.0 42096.0 0.08651053574738922
39 46 46 0.0 0.0 1846.0 0.0 12312.0 43.0 28933.0 0.08662294270511074
39 46 47 0.0 0.0 1122.0 0.0 12660.0 46.0 14170.0 0.08881558079045866
39 46 48 0.0 0.0 863.0 0.0 12440.0 45.0 7322.0 0.09162903331369852
39 46 49 0.0 0.0 309.0 0.0 6711.0 19.0 654.0 0.15541740674955593
39 46 50 0.0 0.0 0.0 0.0 15.0 0.0 0.0 0.694789081885856
39 47 30 0.0 0.0 6.0 0.0 83.0 2.0 0.0 0.670819357930043
39 47 31 0.0 0.0 60.0 0.0 1619.0 8.0 9.0 0.3815753611338239
39 47 32 0.0 0.0 370.0 0.0 7196.0 22.0 803.0 0.1464894841477451
39 47 33 0.0 0.0 811.0 0.0 12034.0 34.0 6458.0 0.09438414346389805
39 47 34 0.0 0.0 1285.0 0.0 13312.0 31.0 13543.0 0.0843221104619647
39 47 35 0.0 0.0 1649.0 0.0 13333.0 43.0 19972.0 0.08240626287597856
39 47 36 0.0 0.0 2352.0 0.0 12220.0 60.0 37096.0 0.08446965126101122
39 47 37 0.0 0.0 2009.0 0.0 12916.0 61.0 27864.0 0.08274231678486997
39 47 38 0.0 0.0 2283.0 0.0 12788.0 58.0 31869.0 0.0819384291232588
39 47 39 0.0 0.0 3120.0 0.0 12409.0 70.0 44245.0 0.0797902655875983
39 47 40 0.0 0.0 3891.0 0.0 9317.0 66.0 75216.0 0.09195402298850575
39 47 41 0.0 0.0 3946.0 0.0 10394.0 94.0 66417.0 0.0856898029134533
39 47 42 0.0 0.0 3319.0 0.0 11003.0 76.0 55100.0 0.08575278696557637
39 47 43 0.0 0.0 2149.0 0.0 13496.0 49.0 26037.0 0.07933359777865925
39 47 44 0.0 0.0 2091.0 0.0 12648.0 65.0 30499.0 0.08374708380690314
39 47 45 0.0 0.0 1827.0 0.0 12504.0 53.0 27216.0 0.08572653236176596
39 47 46 0.0 0.0 2066.0 0.0 11765.0 61.0 34527.0 0.08841174613198609
39 47 47 0.0 0.0 932.0 0.0 12319.0 24.0 9711.0 0.09173710766004847
39 47 48 0.0 0.0 163.0 0.0 3864.0 18.0 153.0 0.23282887077997666
39 47 49 0.0 0.0 77.0 0.0 2026.0 14.0 35.0 0.3423820004891171
39 47 50 0.0 0.0 0.0 0.0 11.0 1.0 0.0 0.6965174129353233
39 48 30 0.0 0.0 0.0 0.0 6.0 0.0 0.0 0.6979062811565303
39 48 31 0.0 0.0 7.0 0.0 160.0 1.0 0.0 0.6463527239150507
39 48 32 0.0 0.0 267.0 0.0 5696.0 22.0 411.0 0.17618927762396172
39 48 33 0.0 0.0 181.0 0.0 4324.0 22.0 166.0 0.21584952204748686
39 48 34 0.0 0.0 414.0 0.0 8805.0 20.0 1818.0 0.12488849241748437
39 48 35 0.0 0.0 821.0 0.0 11906.0 33.0 5907.0 0.09514101257220522
39 48 36 0.0 0.0 933.0 0.0 12356.0 28.0 9270.0 0.09161104567464991
39 48 37 0.0 0.0 1265.0 0.0 13032.0 40.0 16025.0 0.08586323213738116
39 48 38 0.0 0.0 1440.0 0.0 13030.0 44.0 18184.0 0.08509086488786238
39 48 39 0.0 0.0 1851.0 0.0 12752.0 58.0 26861.0 0.08436275986742994
39 48 40 0.0 0.0 1767.0 0.0 13574.0 54.0 20605.0 0.08082207597275141
39 48 41 0.0 0.0 2581.0 0.0 10909.0 66.0 48382.0 0.09036922282468371
39 48 42 0.0 0.0 1372.0 0.0 13484.0 37.0 14806.0 0.08308605341246289
39 48 43 0.0 0.0 1375.0 0.0 13345.0 34.0 14580.0 0.08369701679918692
39 48 44 0.0 0.0 819.0 0.0 12056.0 41.0 5353.0 0.09420631182289213
39 48 45 0.0 0.0 1089.0 0.0 12962.0 31.0 11795.0 0.08726003490401395
39 48 46 0.0 0.0 642.0 0.0 10967.0 34.0 4068.0 0.10297903641044501
39 48 47 0.0 0.0 586.0 0.0 10014.0 29.0 2492.0 0.1112523839796567
39 48 48 0.0 0.0 109.0 0.0 2614.0 12.0 44.0 0.2972399150743099
39 48 49 0.0 0.0 56.0 0.0 1494.0 12.0 16.0 0.39570378745053697
39 48 50 0.0 0.0 1.0 0.0 33.0 0.0 0.0 0.6882989183874139
39 49 30 0.0 0.0 0.0 0.0 2.0 0.0 0.0 0.6993006993006992
39 49 31 0.0 0.0 0.0 0.0 6.0 0.0 0.0 0.6979062811565303
39 49 32 0.0 0.0 3.0 0.0 78.0 1.0 0.0 0.6730769230769229
39 49 33 0.0 0.0 79.0 0.0 1668.0 8.0 16.0 0.37423148890670943
39 49 34 0.0 0.0 14.0 0.0 357.0 2.0 0.0 0.5914659907055343
39 49 35 0.0 0.0 298.0 0.0 6492.0 16.0 587.0 0.1595078044890053
39 49 36 0.0 0.0 467.0 0.0 8712.0 35.0 1450.0 0.12558306422676713
39 49 37 0.0 0.0 452.0 0.0 9237.0 13.0 2005.0 0.1198014718466541
39 49 38 0.0 0.0 576.0 0.0 10567.0 27.0 3029.0 0.10660980810234541
39 49 39 0.0 0.0 947.0 0.0 12382.0 33.0 9919.0 0.09137188356611407
39 49 40 0.0 0.0 840.0 0.0 12143.0 26.0 7161.0 0.09352037408149631
39 49 41 0.0 0.0 823.0 0.0 11945.0 24.0 6297.0 0.09481882831019302
39 49 42 0.0 0.0 1050.0 0.0 12616.0 37.0 10583.0 0.08944543828264757
39 49 43 0.0 0.0 636.0 0.0 11019.0 25.0 4003.0 0.10256410256410256
39 49 44 0.0 0.0 260.0 0.0 5809.0 26.0 465.0 0.17404276479363498
39 49 45 0.0 0.0 322.0 0.0 7452.0 20.0 1098.0 0.14350143501435011
39 49 46 0.0 0.0 206.0 0.0 4494.0 21.0 202.0 0.209612217397814
39 49 47 0.0 0.0 501.0 0.0 9032.0 22.0 1489.0 0.12152777777777775
39 49 48 0.0 0.0 3.0 0.0 223.0 0.0 1.0 0.6289308176100628
39 49 49 0.0 0.0 3.0 0.0 177.0 2.0 0.0 0.6427915518824608
39 50 32 0.0 0.0 0.0 0.0 2.0 0.0 0.0 0.6993006993006992
39 50 34 0.0 0.0 1.0 0.0 31.0 1.0 0.0 0.6893156080748399
39 50 35 0.0 0.0 1.0 0.0 64.0 0.0 0.0 0.6779661016949151
39 50 36 0.0 0.0 32.0 0.0 927.0 7.0 3.0 0.4742547425474254
39 50 37 0.0 0.0 93.0 0.0 1826.0 15.0 12.0 0.3586065573770491
39 50 38 0.0 0.0 485.0 0.0 9019.0 24.0 1632.0 0.1218344791576016
39 50 39 0.0 0.0 168.0 0.0 4162.0 15.0 202.0 0.22165927802406582
39 50 40 0.0 0.0 324.0 0.0 6956.0 23.0 815.0 0.15118790496760254
39 50 41 0.0 0.0 301.0 0.0 6565.0 18.0 659.0 0.15806706559783218
39 50 42 0.0 0.0 420.0 0.0 8644.0 22.0 1710.0 0.12667390517553384
39 50 43 0.0 0.0 105.0 0.0 2347.0 12.0 25.0 0.31531531531531526
39 50 44 0.0 0.0 4.0 0.0 252.0 4.0 1.0 0.6216696269982237
39 50 45 0.0 0.0 1.0 0.0 73.0 1.0 0.0 0.6753497346840327
39 50 46 0.0 0.0 7.0 0.0 134.0 1.0 0.0 0.6542056074766354
39 50 47 0.0 0.0 12.0 0.0 262.0 2.0 0.0 0.6161971830985915
39 50 48 0.0 0.0 2.0 0.0 82.0 1.0 0.0 0.6721075372059528
39 50 49 0.0 0.0 0.0 0.0 11.0 0.0 0.0 0.6961710591745399
39 51 36 0.0 0.0 0.0 0.0 4.0 0.0 0.0 0.6986027944111775
39 51 37 0.0 0.0 0.0 0.0 23.0 0.0 0.0 0.6920415224913494
39 51 38 0.0 0.0 1.0 0.0 56.0 0.0 0.0 0.6806028196402526
39 51 39 0.0 0.0 101.0 0.0 2149.0 13.0 25.0 0.3302665723047888
39 51 40 0.0 0.0 2.0 0.0 54.0 0.0 0.0 0.6812652068126519
39 51 41 0.0 0.0 3.0 0.0 84.0 1.0 0.0 0.6711409395973154
39 51 42 0.0 0.0 2.0 0.0 44.0 0.0 0.0 0.6845965770171147
39 51 43 0.0 0.0 1.0 0.0 46.0 1.0 0.0 0.6842619745845552
39 51 44 0.0 0.0 0.0 0.0 6.0 0.0 0.0 0.6979062811565303
39 51 46 0.0 0.0 0.0 0.0 1.0 0.0 0.0 0.6996501749125437
39 52 38 0.0 0.0 0.0 0.0 1.0 0.0 0.0 0.6996501749125437
39 52 39 0.0 0.0 0.0 0.0 2.0 0.0 0.0 0.6993006993006992
40 28 40 0.0 0.0 0.0 0.0 1.0 0.0 0.0 0.6996501749125437
40 28 41 0.0 0.0 0.0 0.0 2.0 0.0 0.0 0.6993006993006992
40 29 35 0.0 0.0 0.0 0.0 1.0 0.0 0.0 0.6996501749125437
40 29 36 0.0 0.0 0.0 0.0 4.0 0.0 0.0 0.6986027944111775
40 29 37 0.0 0.0 2.0 0.0 77.0 0.0 0.0 0.6734006734006733
40 29 38 0.0 0.0 7.0 0.0 109.0 2.0 0.0 0.6625650733554187
40 29 39 0.0 0.0 14.0 0.0 484.0 4.0 1.0 0.5613472333600641
40 29 40 0.0 0.0 35.0 0.0 638.0 8.0 4.0 0.5253283302063789
40 29 41 0.0 0.0 91.0 0.0 2031.0 11.0 24.0 0.34046692607003887
40 29 42 0.0 0.0 34.0 0.0 658.0 6.0 1.0 0.5212211466865226
40 29 43 0.0 0.0 0.0 0.0 33.0 0.0 0.0 0.6886374815543531
40 29 44 0.0 0.0 2.0 0.0 24.0 1.0 0.0 0.6913580246913579
40 29 45 0.0 0.0 0.0 0.0 4.0 0.0 0.0 0.6986027944111775
40 30 32 0.0 0.0 0.0 0.0 4.0 0.0 0.0 0.6986027944111775
40 30 33 0.0 0.0 3.0 0.0 44.0 0.0 0.0 0.6839276990718123
40 30 34 0.0 0.0 19.0 0.0 534.0 6.0 2.0 0.5496662740478994
40 30 35 0.0 0.0 27.0 0.0 451.0 8.0 2.0 0.5670311867152693
40 30 36 0.0 0.0 74.0 0.0 2084.0 9.0 34.0 0.33743070619426363
40 30 37 0.0 0.0 179.0 0.0 4118.0 20.0 187.0 0.2230009557183816
40 30 38 0.0 0.0 186.0 0.0 4288.0 16.0 186.0 0.21671826625386995
40 30 39 0.0 0.0 195.0 0.0 4335.0 13.0 186.0 0.214888718342287
40 30 40 0.0 0.0 265.0 0.0 5804.0 15.0 415.0 0.17376194613379667
40 30 41 0.0 0.0 586.0 0.0 10538.0 24.0 3655.0 0.10670731707317072
40 30 42 0.0 0.0 142.0 0.0 3447.0 11.0 101.0 0.2510310202617894
40 30 43 0.0 0.0 300.0 0.0 6556.0 21.0 662.0 0.15831731312902858
40 30 44 0.0 0.0 28.0 0.0 820.0 5.0 0.0 0.4926108374384236
40 30 45 0.0 0.0 1.0 0.0 85.0 1.0 0.0 0.6717850287907868
40 30 46 0.0 0.0 0.0 0.0 21.0 0.0 0.0 0.6927263730826323
40 30 47 0.0 0.0 18.0 0.0 523.0 4.0 1.0 0.5516154452324664
40 31 31 0.0 0.0 0.0 0.0 12.0 0.0 0.0 0.6958250497017892
40 31 32 0.0 0.0 78.0 0.0 1626.0 12.0 14.0 0.3789929615592853
40 31 33 0.0 0.0 10.0 0.0 278.0 3.0 0.0 0.612691466083151
40 31 34 0.0 0.0 93.0 0.0 2027.0 16.0 15.0 0.341130604288499
40 31 35 0.0 0.0 657.0 0.0 11088.0 30.0 4487.0 0.10195164579085347
40 31 36 0.0 0.0 619.0 0.0 10608.0 28.0 3099.0 0.10598031794095382
40 31 37 0.0 0.0 666.0 0.0 11039.0 37.0 3901.0 0.1023167434042242
40 31 38 0.0 0.0 988.0 0.0 12781.0 30.0 8519.0 0.08880994671403196
40 31 39 0.0 0.0 880.0 0.0 12193.0 41.0 7339.0 0.09291829826773744
40 31 40 0.0 0.0 1146.0 0.0 12581.0 33.0 14418.0 0.08894536213468868
40 31 41 0.0 0.0 435.0 0.0 8684.0 17.0 1611.0 0.1260239445494644
40 31 42 0.0 0.0 743.0 0.0 11627.0 31.0 4944.0 0.09749303621169916
40 31 43 0.0 0.0 603.0 0.0 10651.0 19.0 3515.0 0.10570026425066062
40 31 44 0.0 0.0 376.0 0.0 8409.0 25.0 1702.0 0.1300631735414344
40 31 45 0.0 0.0 333.0 0.0 6994.0 17.0 820.0 0.15029522275899085
40 31 46 0.0 0.0 97.0 0.0 2480.0 15.0 45.0 0.306815691431076
40 31 47 0.0 0.0 0.0 0.0 15.0 0.0 0.0 0.694789081885856
40 31 48 0.0 0.0 0.0 0.0 3.0 0.0 0.0 0.6989515726410384
40 31 49 0.0 0.0 0.0 0.0 4.0 0.0 0.0 0.6986027944111775
40 32 30 0.0 0.0 0.0 0.0 3.0 0.0 0.0 0.6989515726410384
40 32 31 0.0 0.0 4.0 0.0 63.0 1.0 0.0 0.6776379477250725
40 32 32 0.0 0.0 275.0 0.0 5826.0 8.0 473.0 0.172946263125386
40 32 33 0.0 0.0 362.0 0.0 7816.0 14.0 1201.0 0.13757861635220123
40 32 34 0.0 0.0 276.0 0.0 5842.0 27.0 417.0 0.17288219313410716
40 32 35 0.0 0.0 994.0 0.0 12675.0 30.0 8711.0 0.089354097523615
40 32 36 0.0 0.0 1485.0 0.0 13000.0 58.0 17876.0 0.08505467800729039
40 32 37 0.0 0.0 1394.0 0.0 13243.0 44.0 15687.0 0.0841902700102231
40 32 38 0.0 0.0 1648.0 0.0 13026.0 44.0 22165.0 0.08391273076000957
40 32 39 0.0 0.0 1379.0 0.0 13600.0 50.0 12962.0 0.08256664307619721
40 32 40 0.0 0.0 1686.0 0.0 13066.0 48.0 22034.0 0.08362202843148965
40 32 41 0.0 0.0 1859.0 0.0 12888.0 55.0 25861.0 0.08353720389044691
40 32 42 0.0 0.0 1496.0 0.0 13159.0 44.0 18880.0 0.08406388855530202
40 32 43 0.0 0.0 1722.0 0.0 13001.0 42.0 23488.0 0.08371203061468546
40 32 44 0.0 0.0 970.0 0.0 12758.0 26.0 9689.0 0.08900756564307966
40 32 45 0.0 0.0 639.0 0.0 10867.0 26.0 3939.0 0.10373443983402489
40 32 46 0.0 0.0 242.0 0.0 5397.0 26.0 340.0 0.18377526909950115
40 32 47 0.0 0.0 144.0 0.0 3573.0 14.0 113.0 0.24548483254427492
40 32 48 0.0 0.0 46.0 0.0 1320.0 13.0 13.0 0.417536534446764
40 32 49 0.0 0.0 0.0 0.0 19.0 0.0 0.0 0.6934125804853887
40 33 30 0.0 0.0 0.0 0.0 7.0 0.0 0.0 0.6975585450921773
40 33 31 0.0 0.0 18.0 0.0 446.0 9.0 0.0 0.570264765784114
40 33 32 0.0 0.0 43.0 0.0 1647.0 7.0 22.0 0.3801248981808308
40 33 33 0.0 0.0 443.0 0.0 8846.0 19.0 1696.0 0.12416851441241684
40 33 34 0.0 0.0 1047.0 0.0 12922.0 44.0 10518.0 0.0877577885037297
40 33 35 0.0 0.0 1996.0 0.0 11906.0 68.0 32977.0 0.08813900780659782
40 33 36 0.0 0.0 2555.0 0.0 11661.0 56.0 41755.0 0.08629191321499012
40 33 37 0.0 0.0 3414.0 0.0 10656.0 74.0 57133.0 0.08716224629560453
40 33 38 0.0 0.0 3738.0 0.0 10156.0 72.0 66018.0 0.08807247106190234
40 33 39 0.0 0.0 3494.0 0.0 10471.0 73.0 60039.0 0.08779631255487269
40 33 40 0.0 0.0 3611.0 0.0 11123.0 67.0 57053.0 0.08360205422190373
40 33 41 0.0 0.0 3759.0 0.0 10017.0 67.0 66662.0 0.0886580963840162
40 33 42 0.0 0.0 3640.0 0.0 9495.0 78.0 71912.0 0.0924824943849914
40 33 43 0.0 0.0 2920.0 0.0 11639.0 68.0 46346.0 0.0845359579735523
40 33 44 0.0 0.0 1984.0 0.0 12784.0 55.0 26963.0 0.0835421888053467
40 33 45 0.0 0.0 1192.0 0.0 13342.0 32.0 10721.0 0.08473037583973853
40 33 46 0.0 0.0 596.0 0.0 10516.0 29.0 2909.0 0.10688654756451364
40 33 47 0.0 0.0 351.0 0.0 7076.0 23.0 844.0 0.14873047912461487
40 33 48 0.0 0.0 277.0 0.0 6578.0 18.0 698.0 0.1582994120307553
40 33 49 0.0 0.0 71.0 0.0 1724.0 9.0 17.0 0.3698811096433288
40 33 50 0.0 0.0 0.0 0.0 29.0 0.0 0.0 0.6899950714637751
40 33 51 0.0 0.0 0.0 0.0 2.0 0.0 0.0 0.6993006993006992
40 34 30 0.0 0.0 1.0 0.0 45.0 0.0 0.0 0.6842619745845552
40 34 31 0.0 0.0 206.0 0.0 4502.0 16.0 214.0 0.20923628755044085
40 34 32 0.0 0.0 666.0 0.0 11103.0 25.0 3763.0 0.10174418604651161
40 34 33 0.0 0.0 912.0 0.0 12455.0 27.0 8132.0 0.09113989974611027
40 34 34 0.0 0.0 1629.0 0.0 13495.0 48.0 19286.0 0.08181393174380551
40 34 35 0.0 0.0 2533.0 0.0 12469.0 53.0 36171.0 0.08231904509907684
40 34 36 0.0 0.0 3628.0 0.0 11537.0 63.0 54163.0 0.08146639511201628
40 34 37 0.0 0.0 4889.0 0.0 9285.0 78.0 81433.0 0.08646779074794639
40 34 38 0.0 0.0 5420.0 0.0 7220.0 76.0 105309.0 0.09560229445506692
40 34 39 0.0 0.0 5969.0 0.0 8290.0 103.0 97941.0 0.08622282441337685
40 34 40 0.0 0.0 5681.0 0.0 7735.0 75.0 101023.0 0.0907088246728003
40 34 41 0.0 0.0 5467.0 0.0 8657.0 71.0 90946.0 0.08673026886383346
40 34 42 0.0 0.0 5225.0 0.0 9143.0 81.0 83973.0 0.08543878921030147
40 34 43 0.0 0.0 4489.0 0.0 10009.0 70.0 72845.0 0.08490508824064527
40 34 44 0.0 0.0 3808.0 0.0 10788.0 70.0 60707.0 0.08431195423065341
40 34 45 0.0 0.0 2851.0 0.0 11727.0 65.0 44559.0 0.08439327265055156
40 34 46 0.0 0.0 1739.0 0.0 13297.0 48.0 21169.0 0.082174091682808
40 34 47 0.0 0.0 1077.0 0.0 12661.0 36.0 11770.0 0.08897362567524625
40 34 48 0.0 0.0 545.0 0.0 10307.0 18.0 3109.0 0.10902577680865976
40 34 49 0.0 0.0 458.0 0.0 8791.0 18.0 1622.0 0.1245662425482694
40 34 50 0.0 0.0 147.0 0.0 2864.0 18.0 53.0 0.28033640368442125
40 34 51 0.0 0.0 0.0 0.0 7.0 0.0 0.0 0.6975585450921773
40 35 29 0.0 0.0 0.0 0.0 16.0 0.0 0.0 0.6944444444444444
40 35 30 0.0 0.0 145.0 0.0 3275.0 26.0 90.0 0.2595476455320726
40 35 31 0.0 0.0 396.0 0.0 8408.0 21.0 1486.0 0.12978585334198572
40 35 32 0.0 0.0 1044.0 0.0 12733.0 32.0 10825.0 0.08879304877275321
40 35 33 0.0 0.0 1186.0 0.0 13078.0 30.0 12678.0 0.08610615659019619
40 35 34 0.0 0.0 3163.0 0.0 10298.0 61.0 59278.0 0.09040423608420509
40 35 35 0.0 0.0 4335.0 0.0 8505.0 77.0 87188.0 0.09437778077389779
40 35 36 0.0 0.0 5563.0 0.0 8144.0 87.0 97616.0 0.0891606164819768
40 35 37 0.0 0.0 6543.0 0.0 6292.0 68.0 119666.0 0.09430149535228344
40 35 38 0.0 0.0 7226.0 0.0 5176.0 73.0 134084.0 0.09718172983479104
40 35 39 0.0 0.0 7241.0 0.0 4397.0 66.0 143979.0 0.10270706477881299
40 35 40 0.0 0.0 7576.0 0.0 4402.0 54.0 143483.0 0.10010010010010008
40 35 41 0.0 0.0 8100.0 0.0 5828.0 75.0 129038.0 0.08787346221441124
40 35 42 0.0 0.0 7998.0 0.0 6498.0 82.0 121156.0 0.08488964346349745
40 35 43 0.0 0.0 7055.0 0.0 7090.0 72.0 111990.0 0.08668193919881122
40 35 44 0.0 0.0 5649.0 0.0 6651.0 71.0 112614.0 0.09788156330839684
40 35 45 0.0 0.0 4539.0 0.0 9839.0 76.0 74729.0 0.08546486783468651
40 35 46 0.0 0.0 3416.0 0.0 10115.0 73.0 62240.0 0.09017713365539452
40 35 47 0.0 0.0 1963.0 0.0 12511.0 59.0 28776.0 0.08510638297872339
40 35 48 0.0 0.0 1011.0 0.0 12465.0 33.0 10945.0 0.09044511919374636
40 35 49 0.0 0.0 351.0 0.0 7479.0 24.0 956.0 0.14263881813550686
40 35 50 0.0 0.0 20.0 0.0 578.0 2.0 6.0 0.5392912172573189
40 35 51 0.0 0.0 0.0 0.0 5.0 0.0 0.0 0.6982543640897755
40 36 29 0.0 0.0 0.0 0.0 24.0 0.0 0.0 0.6916996047430829
40 36 30 0.0 0.0 288.0 0.0 6336.0 19.0 595.0 0.16265830138259554
40 36 31 0.0 0.0 370.0 0.0 7858.0 25.0 1157.0 0.1370936153544849
40 36 32 0.0 0.0 983.0 0.0 12709.0 37.0 8974.0 0.08930280028066592
40 36 33 0.0 0.0 2107.0 0.0 12980.0 41.0 29078.0 0.08189050070191857
40 36 34 0.0 0.0 3709.0 0.0 10674.0 69.0 60779.0 0.08537626539821928
40 36 35 0.0 0.0 5454.0 0.0 8416.0 81.0 93815.0 0.08829465186680119
40 36 36 0.0 0.0 6861.0 0.0 5584.0 62.0 128780.0 0.09684560044272274
40 36 37 0.0 0.0 7681.0 0.0 4002.0 63.0 148694.0 0.10246651540657248
40 36 38 0.0 0.0 7569.0 0.0 2626.0 42.0 162404.0 0.11468829360203162
40 36 39 0.0 1.0 8085.0 0.0 2299.0 38.0 167725.0 0.11303084127240433
40 36 40 0.0 0.0 8949.0 0.0 2546.0 43.0 164627.0 0.10379596678529061
40 36 41 0.0 0.0 8060.0 0.0 2232.0 30.0 168408.0 0.11387668781519439
40 36 42 0.0 0.0 8277.0 0.0 2574.0 51.0 164772.0 0.10906824555936427
40 36 43 0.0 0.0 7528.0 0.0 3151.0 59.0 157696.0 0.11050595942852633
40 36 44 0.0 0.0 6904.0 0.0 4589.0 62.0 141051.0 0.10381135992881506
40 36 45 0.0 0.0 5613.0 0.0 6396.0 81.0 115409.0 0.09994288977727012
40 36 46 0.0 0.0 4443.0 0.0 8780.0 76.0 83057.0 0.09196006305832895
40 36 47 0.0 0.0 2300.0 0.0 12670.0 54.0 32990.0 0.08248394508925941
40 36 48 0.0 0.0 1168.0 0.0 12995.0 29.0 13453.0 0.08660686668728734
40 36 49 0.0 0.0 519.0 0.0 9717.0 22.0 2380.0 0.11445389143230868
40 36 50 0.0 0.0 69.0 0.0 2088.0 11.0 34.0 0.3377563329312424
40 36 51 0.0 0.0 1.0 0.0 52.0 1.0 0.0 0.6822612085769979
40 36 52 0.0 0.0 0.0 0.0 1.0 0.0 0.0 0.6996501749125437
40 37 29 0.0 0.0 2.0 0.0 61.0 0.0 0.0 0.6786233640329616
40 37 30 0.0 0.0 140.0 0.0 3194.0 22.0 76.0 0.263653483992467
40 37 31 0.0 0.0 706.0 0.0 11409.0 25.0 5013.0 0.09923447689254322
40 37 32 0.0 0.0 1290.0 0.0 13149.0 39.0 14122.0 0.0851996105160662
40 37 33 0.0 0.0 2100.0 0.0 13110.0 40.0 26992.0 0.08129137150156776
40 37 34 0.0 0.0 4386.0 0.0 10076.0 78.0 71597.0 0.0850805226374962
40 37 35 0.0 0.0 6494.0 0.0 7236.0 74.0 109550.0 0.08900756564307966
40 37 36 0.0 0.0 6508.0 0.0 3301.0 34.0 155858.0 0.11837321383275554
40 37 37 0.0 0.0 7378.0 0.0 2194.0 41.0 168955.0 0.12115967113803547
40 37 38 0.0 1.0 6998.0 0.0 1242.0 32.0 179894.0 0.1368390186687518
40 37 39 0.0 2.0 8412.0 1.0 1313.0 24.0 178782.0 0.11927074459021979
40 37 40 1.0 0.0 9049.0 0.0 1187.0 20.0 180178.0 0.11441647597254004
40 37 41 0.0 0.0 7271.0 0.0 872.0 18.0 183517.0 0.1379310344827586
40 37 42 0.0 0.0 8048.0 0.0 1238.0 25.0 179239.0 0.12394864984506418
40 37 43 0.0 0.0 7516.0 0.0 1796.0 34.0 173088.0 0.1237295625276182
40 37 44 0.0 0.0 6925.0 0.0 3023.0 51.0 158675.0 0.11688094840540991
40 37 45 0.0 0.0 6692.0 0.0 5849.0 77.0 125227.0 0.09634574358268529
40 37 46 0.0 0.0 4969.0 0.0 9479.0 71.0 79604.0 0.08498239650358139
40 37 47 0.0 0.0 2941.0 0.0 11603.0 68.0 46068.0 0.0846279393096778
40 37 48 0.0 0.0 1578.0 0.0 12927.0 44.0 20279.0 0.08484334282770739
40 37 49 0.0 0.0 573.0 0.0 10225.0 26.0 2462.0 0.10957188698442512
40 37 50 0.0 0.0 236.0 0.0 5433.0 12.0 343.0 0.18274376713222815
40 37 51 0.0 0.0 1.0 0.0 56.0 0.0 0.0 0.6806028196402526
40 38 29 0.0 0.0 0.0 0.0 22.0 0.0 0.0 0.6923837784371908
40 38 30 0.0 0.0 215.0 0.0 4537.0 23.0 189.0 0.20799286881592627
40 38 31 0.0 0.0 875.0 0.0 12466.0 36.0 7759.0 0.09130633274636403
40 38 32 0.0 0.0 1026.0 0.0 12810.0 40.0 9556.0 0.0885459490228322
40 38 33 0.0 0.0 2740.0 0.0 12305.0 64.0 40316.0 0.0821307051507685
40 38 34 0.0 0.0 5159.0 0.0 8343.0 83.0 93262.0 0.0902294405774684
40 38 35 0.0 0.0 6705.0 0.0 5069.0 62.0 133690.0 0.10149340292880962
40 38 36 0.0 0.0 8991.0 0.0 3876.0 48.0 151278.0 0.0939786534201517
40 38 37 0.0 0.0 8777.0 0.0 1837.0 27.0 173000.0 0.11080332409972297
40 38 38 0.0 0.0 6252.0 0.0 639.0 11.0 187112.0 0.1575512041413459
40 38 39 0.0 0.0 8684.0 0.0 608.0 9.0 185496.0 0.12389380530973448
40 38 40 0.0 0.0 7290.0 0.0 432.0 3.0 188327.0 0.14389968136499123
40 38 41 0.0 0.0 7210.0 0.0 470.0 12.0 188480.0 0.14473276129432439
40 38 42 0.0 0.0 6012.0 0.0 524.0 6.0 188523.0 0.16378100140383714
40 38 43 0.0 0.0 7575.0 0.0 1272.0 18.0 179580.0 0.12906794505393196
40 38 44 0.0 0.0 8760.0 0.0 3260.0 57.0 156416.0 0.09987159366528749
40 38 45 0.0 0.0 6639.0 0.0 4875.0 71.0 136744.0 0.10344318013890941
40 38 46 0.0 0.0 5476.0 0.0 7967.0 82.0 98364.0 0.09074998379464574
40 38 47 0.0 0.0 3381.0 0.0 10499.0 80.0 59488.0 0.08821676118462507
40 38 48 0.0 0.0 1660.0 0.0 12925.0 30.0 22584.0 0.08431703204047217
40 38 49 0.0 0.0 655.0 0.0 10997.0 28.0 3830.0 0.10263177186423281
40 38 50 0.0 0.0 38.0 0.0 1440.0 5.0 11.0 0.4031097034264324
40 38 51 0.0 0.0 0.0 0.0 15.0 0.0 0.0 0.694789081885856
40 38 52 0.0 0.0 0.0 0.0 1.0 0.0 0.0 0.6996501749125437
40 39 29 0.0 0.0 0.0 0.0 15.0 0.0 0.0 0.694789081885856
40 39 30 0.0 0.0 148.0 0.0 3648.0 9.0 124.0 0.24183796856106407
40 39 31 0.0 0.0 642.0 0.0 10907.0 21.0 4523.0 0.1033286589416193
40 39 32 0.0 0.0 1143.0 0.0 12899.0 31.0 12862.0 0.08724915866882711
40 39 33 0.0 0.0 2827.0 0.0 12531.0 64.0 39907.0 0.08066374740723668
40 39 34 0.0 0.0 5368.0 0.0 9614.0 108.0 82595.0 0.08254230293025175
40 39 35 0.0 0.0 7615.0 0.0 5115.0 81.0 134867.0 0.0950570342205323
40 39 36 0.0 0.0 7694.0 0.0 2291.0 35.0 168161.0 0.11676396997497913
40 39 37 0.0 0.0 8195.0 0.0 1244.0 21.0 179193.0 0.12248468941382326
40 39 38 0.0 0.0 7701.0 0.0 609.0 12.0 186528.0 0.13590913503543345
40 39 39 0.0 2.0 6106.0 0.0 279.0 5.0 191187.0 0.16680567139282734
40 39 40 0.0 0.0 5823.0 0.0 209.0 6.0 192028.0 0.17443309244953897
40 39 41 0.0 0.0 5610.0 0.0 214.0 4.0 192202.0 0.1789366053169734
40 39 42 0.0 1.0 7073.0 0.0 483.0 6.0 188273.0 0.14630577907827355
40 39 43 0.0 0.0 7680.0 0.0 1179.0 16.0 181156.0 0.12899659080438586
40 39 44 0.0 0.0 9782.0 0.0 3432.0 45.0 155548.0 0.09209314563873174
40 39 45 0.0 0.0 7327.0 0.0 5284.0 65.0 131156.0 0.09579199452617174
40 39 46 0.0 0.0 5359.0 0.0 9635.0 77.0 81352.0 0.08227067050596462
40 39 47 0.0 0.0 3433.0 0.0 11014.0 73.0 56917.0 0.08507535245503159
40 39 48 0.0 0.0 2078.0 0.0 12577.0 49.0 30219.0 0.08406893652795291
40 39 49 0.0 0.0 650.0 0.0 10966.0 29.0 4458.0 0.10285798251414296
40 39 50 0.0 0.0 56.0 0.0 1416.0 8.0 11.0 0.40415704387990753
40 39 51 0.0 0.0 0.0 0.0 23.0 0.0 0.0 0.6920415224913494
40 40 29 0.0 0.0 0.0 0.0 16.0 0.0 0.0 0.6944444444444444
40 40 30 0.0 0.0 105.0 0.0 2571.0 14.0 39.0 0.30030030030030025
40 40 31 0.0 0.0 857.0 0.0 12248.0 32.0 6786.0 0.09273365569318406
40 40 32 0.0 0.0 900.0 0.0 12263.0 41.0 6907.0 0.09247027741083222
40 40 33 0.0 0.0 2790.0 0.0 12417.0 64.0 39861.0 0.0813953488372093
40 40 34 0.0 0.0 5634.0 0.0 8643.0 90.0 92789.0 0.08592647149082427
40 40 35 0.0 0.0 6756.0 0.0 3881.0 51.0 148555.0 0.11075949367088607
40 40 36 0.0 0.0 7160.0 0.0 1852.0 27.0 172294.0 0.12693807235470123
40 40 37 0.0 1.0 7017.0 0.0 935.0 22.0 183397.0 0.14061872237846523
40 40 38 0.0 2.0 7925.0 0.0 491.0 7.0 187363.0 0.13433122241412396
40 40 39 0.0 2.0 6810.0 0.0 250.0 5.0 190581.0 0.15469613259668505
40 40 40 0.0 1.0 4858.0 0.0 83.0 4.0 194354.0 0.20178725857595847
40 40 41 0.0 1.0 6767.0 0.0 313.0 2.0 190398.0 0.1542020046260601
40 40 42 0.0 0.0 7976.0 0.0 574.0 4.0 186521.0 0.13248793413456988
40 40 43 0.0 1.0 9062.0 0.0 1363.0 21.0 178096.0 0.112748651042925
40 40 44 0.0 0.0 8860.0 0.0 3083.0 58.0 159437.0 0.10051694428489373
40 40 45 0.0 0.0 7449.0 0.0 5973.0 61.0 126520.0 0.09073822023462311
40 40 46 0.0 0.0 5048.0 0.0 6753.0 65.0 109101.0 0.10122189284939627
40 40 47 0.0 0.0 2832.0 0.0 12036.0 55.0 42920.0 0.08294821661334281
40 40 48 0.0 0.0 1582.0 0.0 12802.0 37.0 21728.0 0.08542314967356153
40 40 49 0.0 0.0 690.0 0.0 11053.0 25.0 3375.0 0.1019739238109112
40 40 50 0.0 0.0 52.0 0.0 1450.0 4.0 19.0 0.40034315127251924
40 40 51 0.0 0.0 1.0 0.0 29.0 0.0 0.0 0.6899950714637751
40 41 29 0.0 0.0 0.0 0.0 13.0 0.0 0.0 0.695479384003974
40 41 30 0.0 0.0 100.0 0.0 2653.0 11.0 57.0 0.2952963509808057
40 41 31 0.0 0.0 906.0 0.0 12356.0 30.0 8451.0 0.09178522257916474
40 41 32 0.0 0.0 1664.0 0.0 12907.0 37.0 22538.0 0.08436784379896348
40 41 33 0.0 0.0 2985.0 0.0 11794.0 60.0 46416.0 0.08339289969025493
40 41 34 0.0 0.0 5740.0 0.0 8390.0 82.0 93442.0 0.08677865245149692
40 41 35 0.0 0.0 7479.0 0.0 4669.0 76.0 140156.0 0.09895391574780886
40 41 36 0.0 0.0 8153.0 0.0 2528.0 35.0 165681.0 0.11028832519300455
40 41 37 0.0 0.0 7407.0 0.0 1026.0 14.0 182518.0 0.13413816230717637
40 41 38 0.0 0.0 6284.0 0.0 511.0 10.0 188481.0 0.1590366920368056
40 41 39 0.0 1.0 6526.0 0.0 359.0 7.0 190291.0 0.15758667266996845
40 41 40 0.0 0.0 6457.0 0.0 269.0 6.0 190919.0 0.16025641025641021
40 41 41 0.0 0.0 5952.0 0.0 339.0 7.0 190888.0 0.16893930252202244
40 41 42 0.0 0.0 7985.0 0.0 740.0 11.0 185009.0 0.13049962714392244
40 41 43 0.0 1.0 7487.0 0.0 1365.0 14.0 178780.0 0.128972823583602
40 41 44 0.0 0.0 9467.0 0.0 3864.0 61.0 151355.0 0.091324200913242
40 41 45 0.0 0.0 7190.0 0.0 5714.0 82.0 128679.0 0.0939786534201517
40 41 46 0.0 0.0 4986.0 0.0 9477.0 83.0 80902.0 0.0850856934484016
40 41 47 0.0 0.0 3024.0 0.0 11825.0 69.0 47268.0 0.0831551437396056
40 41 48 0.0 0.0 1578.0 0.0 12704.0 34.0 22225.0 0.08588430157659038
40 41 49 0.0 0.0 698.0 0.0 11189.0 29.0 4630.0 0.10088635872306694
40 41 50 0.0 0.0 371.0 0.0 7357.0 19.0 838.0 0.14409221902017288
40 41 51 0.0 0.0 0.0 0.0 23.0 0.0 0.0 0.6923837784371908
40 42 29 0.0 0.0 0.0 0.0 13.0 0.0 0.0 0.695479384003974
40 42 30 0.0 0.0 81.0 0.0 1809.0 13.0 21.0 0.36110394635027077
40 42 31 0.0 0.0 605.0 0.0 10782.0 27.0 3773.0 0.10466507177033492
40 42 32 0.0 0.0 1102.0 0.0 13009.0 44.0 10112.0 0.08698893997763141
40 42 33 0.0 0.0 2575.0 0.0 12764.0 57.0 35947.0 0.0807568066451315
40 42 34 0.0 0.0 5663.0 0.0 8399.0 96.0 94712.0 0.08725459644749142
40 42 35 0.0 0.0 7174.0 0.0 4904.0 75.0 136385.0 0.09938240931355148
40 42 36 0.0 0.0 5854.0 0.0 2123.0 32.0 170933.0 0.14018223690798035
40 42 37 0.0 0.0 8035.0 0.0 1671.0 31.0 175191.0 0.11971951428082776
40 42 38 0.0 1.0 7766.0 0.0 958.0 14.0 182698.0 0.13036595586181207
40 42 39 0.0 1.0 6270.0 0.0 513.0 6.0 188650.0 0.15930814747382793
40 42 40 0.0 0.0 8130.0 0.0 621.0 12.0 186067.0 0.13019622430949498
40 42 41 0.0 0.0 6503.0 2.0 547.0 6.0 187893.0 0.15474743008732172
40 42 42 0.0 2.0 8191.0 0.0 1171.0 21.0 180352.0 0.12335888624548418
40 42 43 0.0 0.0 8753.0 0.0 2259.0 44.0 168177.0 0.10753514094784544
40 42 44 0.0 0.0 6629.0 0.0 3104.0 57.0 157421.0 0.11941316956670076
40 42 45 0.0 0.0 6474.0 0.0 6454.0 81.0 119155.0 0.09373953799799128
40 42 46 0.0 0.0 4982.0 0.0 8864.0 76.0 85970.0 0.08833922261484098
40 42 47 0.0 0.0 2986.0 0.0 10933.0 55.0 52352.0 0.08787346221441124
40 42 48 0.0 0.0 1742.0 0.0 13113.0 56.0 22602.0 0.08314526665874807
40 42 49 0.0 0.0 597.0 0.0 10474.0 28.0 3045.0 0.10719754977029095
40 42 50 0.0 0.0 120.0 0.0 3134.0 15.0 96.0 0.2671245945430261
40 42 51 0.0 0.0 0.0 0.0 33.0 0.0 1.0 0.6886374815543531
40 43 29 0.0 0.0 0.0 0.0 20.0 0.0 0.0 0.6930693069306929
40 43 30 0.0 0.0 229.0 0.0 4628.0 18.0 241.0 0.20464844321005699
40 43 31 0.0 0.0 665.0 0.0 11033.0 22.0 4319.0 0.10215995329830704
40 43 32 0.0 0.0 1124.0 0.0 12833.0 35.0 11953.0 0.08781834148789361
40 43 33 0.0 0.0 3129.0 0.0 11192.0 62.0 50600.0 0.08574753475837568
40 43 34 0.0 0.0 5218.0 0.0 9374.0 83.0 83411.0 0.08439836026042921
40 43 35 0.0 0.0 6264.0 0.0 5374.0 81.0 130431.0 0.10281266064478226
40 43 36 0.0 0.0 7419.0 0.0 3942.0 60.0 149800.0 0.10473554275454476
40 43 37 0.0 0.0 7777.0 0.0 2714.0 41.0 163604.0 0.11207172590457891
40 43 38 0.0 0.0 9548.0 0.0 2234.0 35.0 168043.0 0.1015154811108694
40 43 39 0.0 1.0 7655.0 0.0 1306.0 22.0 179005.0 0.1279239766081871
40 43 40 0.0 0.0 7284.0 0.0 999.0 13.0 182067.0 0.13605442176870744
40 43 41 0.0 1.0 8147.0 1.0 1348.0 25.0 178255.0 0.12170738068329999
40 43 42 0.0 3.0 8298.0 0.0 2012.0 34.0 170692.0 0.11370096645821488
40 43 43 0.0 0.0 7559.0 0.0 2996.0 47.0 159925.0 0.1115271249900422
40 43 44 0.0 1.0 7406.0 0.0 5760.0 64.0 128745.0 0.0922387666359204
40 43 45 0.0 0.0 5459.0 0.0 5760.0 85.0 121845.0 0.10595625520320896
40 43 46 0.0 0.0 4289.0 0.0 9121.0 86.0 78698.0 0.0909090909090909
40 43 47 0.0 0.0 2476.0 0.0 12147.0 66.0 38001.0 0.08429672447013487
40 43 48 0.0 0.0 1291.0 0.0 12885.0 32.0 15871.0 0.08658008658008658
40 43 49 0.0 0.0 827.0 0.0 11930.0 19.0 6664.0 0.09487023107677711
40 43 50 0.0 0.0 206.0 0.0 4659.0 15.0 257.0 0.2042007001166861
40 43 51 0.0 0.0 0.0 0.0 29.0 0.0 0.0 0.6899950714637751
40 44 29 0.0 0.0 2.0 0.0 27.0 1.0 0.0 0.6906758756783422
40 44 30 0.0 0.0 258.0 0.0 5577.0 20.0 393.0 0.17902813299232734
40 44 31 0.0 0.0 867.0 0.0 12214.0 24.0 7533.0 0.092899800928998
40 44 32 0.0 0.0 1594.0 0.0 12498.0 41.0 24184.0 0.08693492300049675
40 44 33 0.0 0.0 2949.0 0.0 11178.0 83.0 49324.0 0.08690254500310365
40 44 34 0.0 0.0 4625.0 0.0 7398.0 84.0 99871.0 0.0999857163262391
40 44 35 0.0 0.0 5834.0 0.0 8050.0 70.0 98453.0 0.08805585256934396
40 44 36 0.0 0.0 6850.0 0.0 6733.0 83.0 115335.0 0.08988186954288648
40 44 37 0.0 1.0 8121.0 0.0 5714.0 77.0 130828.0 0.08848998166993235
40 44 38 0.0 0.0 8580.0 0.0 3881.0 42.0 150032.0 0.09663836543107612
40 44 39 0.0 0.0 7545.0 0.0 2386.0 43.0 166049.0 0.11729222520107238
40 44 40 0.0 0.0 7866.0 0.0 2314.0 35.0 166980.0 0.1150086256469235
40 44 41 0.0 0.0 8892.0 0.0 3055.0 41.0 159024.0 0.10027934961678961
40 44 42 0.0 0.0 7347.0 0.0 3277.0 40.0 156534.0 0.11073321205410107
40 44 43 0.0 0.0 7220.0 0.0 5015.0 78.0 137266.0 0.09841827768014058
40 44 44 0.0 0.0 6150.0 0.0 8300.0 88.0 97853.0 0.08507535245503159
40 44 45 0.0 0.0 4464.0 0.0 9362.0 84.0 78782.0 0.08848998166993235
40 44 46 0.0 0.0 2996.0 0.0 11897.0 70.0 45416.0 0.08285494466473338
40 44 47 0.0 0.0 1923.0 0.0 12545.0 55.0 27632.0 0.08499271491015055
40 44 48 0.0 0.0 1248.0 0.0 12734.0 37.0 15443.0 0.08758758758758757
40 44 49 0.0 0.0 619.0 0.0 10675.0 23.0 3167.0 0.10543756589847866
40 44 50 0.0 0.0 0.0 0.0 150.0 1.0 0.0 0.6514657980456026
40 44 51 0.0 0.0 1.0 0.0 22.0 0.0 0.0 0.6920415224913494
40 45 29 0.0 0.0 0.0 0.0 11.0 0.0 0.0 0.6961710591745399
40 45 30 0.0 0.0 228.0 0.0 5156.0 15.0 287.0 0.1899850726014384
40 45 31 0.0 0.0 503.0 0.0 9400.0 21.0 2050.0 0.117755908823282
40 45 32 0.0 0.0 1542.0 0.0 13138.0 42.0 19579.0 0.08390770152831883
40 45 33 0.0 0.0 2997.0 0.0 9871.0 81.0 61089.0 0.09421265141318977
40 45 34 0.0 0.0 3563.0 0.0 10204.0 70.0 63583.0 0.08886067914947635
40 45 35 0.0 0.0 4215.0 0.0 10321.0 86.0 67854.0 0.0846279393096778
40 45 36 0.0 0.0 5351.0 0.0 9660.0 91.0 80746.0 0.08233356857210067
40 45 37 0.0 0.0 6016.0 0.0 7666.0 72.0 104273.0 0.08933699189585859
40 45 38 0.0 0.0 6562.0 0.0 5454.0 54.0 129549.0 0.09984310369419482
40 45 39 0.0 0.0 7496.0 0.0 5337.0 71.0 133628.0 0.09444144630329196
40 45 40 0.0 0.0 7365.0 0.0 4753.0 64.0 138321.0 0.09904492394764768
40 45 41 0.0 0.0 7665.0 0.0 5585.0 65.0 131158.0 0.09168303863785199
40 45 42 0.0 0.0 6971.0 0.0 5920.0 82.0 125103.0 0.09406073636119322
40 45 43 0.0 0.0 5798.0 0.0 6631.0 79.0 114262.0 0.09703354588300525
40 45 44 0.0 0.0 4715.0 0.0 9818.0 74.0 75599.0 0.08466376390904692
40 45 45 0.0 0.0 3021.0 0.0 12456.0 61.0 41982.0 0.08009153318077802
40 45 46 0.0 0.0 2321.0 0.0 12037.0 56.0 37010.0 0.08553797275004581
40 45 47 0.0 0.0 1047.0 0.0 13002.0 49.0 9321.0 0.08734169318110924
40 45 48 0.0 0.0 610.0 0.0 10659.0 23.0 3480.0 0.10561255280627638
40 45 49 0.0 0.0 289.0 0.0 6070.0 17.0 513.0 0.16774502755811166
40 45 50 0.0 0.0 29.0 0.0 861.0 6.0 3.0 0.48543689320388345
40 45 51 0.0 0.0 0.0 0.0 1.0 0.0 0.0 0.6996501749125437
40 46 29 0.0 0.0 0.0 0.0 13.0 0.0 0.0 0.695479384003974
40 46 30 0.0 0.0 104.0 0.0 2347.0 18.0 25.0 0.31581321903902543
40 46 31 0.0 0.0 600.0 0.0 10345.0 23.0 2843.0 0.10821674267604543
40 46 32 0.0 0.0 1460.0 0.0 12529.0 41.0 20049.0 0.08756019763587465
40 46 33 0.0 0.0 1455.0 0.0 13147.0 41.0 17993.0 0.08436784379896348
40 46 34 0.0 0.0 1846.0 0.0 12970.0 46.0 25035.0 0.083184789067142
40 46 35 0.0 0.0 3062.0 0.0 10438.0 58.0 56844.0 0.09025852620720778
40 46 36 0.0 0.0 3341.0 0.0 11283.0 80.0 54681.0 0.08429672447013487
40 46 37 0.0 0.0 4341.0 0.0 9031.0 74.0 79019.0 0.09116363873152307
40 46 38 0.0 0.0 4904.0 0.0 9029.0 86.0 84574.0 0.08793417498900821
40 46 39 0.0 0.0 5421.0 0.0 8626.0 101.0 90020.0 0.08729812309035354
40 46 40 0.0 0.0 5740.0 0.0 8897.0 87.0 89517.0 0.08410934214478821
40 46 41 0.0 0.0 5339.0 0.0 6858.0 79.0 108603.0 0.09859849285160927
40 46 42 0.0 0.0 4961.0 0.0 10372.0 89.0 73077.0 0.08077078405353948
40 46 43 0.0 0.0 4034.0 0.0 10873.0 65.0 62503.0 0.08268367587999054
40 46 44 0.0 0.0 3123.0 0.0 11756.0 79.0 47970.0 0.08296787957804906
40 46 45 0.0 0.0 3132.0 0.0 9428.0 74.0 65697.0 0.09608125729188112
40 46 46 0.0 0.0 1254.0 0.0 13311.0 37.0 12243.0 0.08455638098689376
40 46 47 0.0 0.0 985.0 0.0 12928.0 33.0 8360.0 0.0879396984924623
40 46 48 0.0 0.0 542.0 0.0 10254.0 22.0 3130.0 0.10955473824242896
40 46 49 0.0 0.0 99.0 0.0 2481.0 18.0 37.0 0.30688294607628225
40 46 50 0.0 0.0 1.0 0.0 21.0 1.0 0.0 0.6927263730826323
40 47 29 0.0 0.0 0.0 0.0 3.0 0.0 0.0 0.6989515726410384
40 47 30 0.0 0.0 40.0 0.0 1251.0 5.0 9.0 0.42617960426179596
40 47 31 0.0 0.0 244.0 0.0 5320.0 22.0 342.0 0.1855779427359491
40 47 32 0.0 0.0 433.0 0.0 8888.0 24.0 1809.0 0.12382805589952237
40 47 33 0.0 0.0 1088.0 0.0 12882.0 37.0 11099.0 0.08770830722967045
40 47 34 0.0 0.0 1199.0 0.0 13217.0 39.0 13059.0 0.08537626539821928
40 47 35 0.0 0.0 2226.0 0.0 11825.0 50.0 37135.0 0.08720024914356897
40 47 36 0.0 0.0 1587.0 0.0 13202.0 38.0 19680.0 0.08332341387930008
40 47 37 0.0 0.0 2392.0 0.0 12136.0 65.0 36495.0 0.0848279205041202
40 47 38 0.0 0.0 2632.0 0.0 12535.0 61.0 37218.0 0.08155656530350691
40 47 39 0.0 0.0 3065.0 0.0 12096.0 65.0 44722.0 0.08141901715615003
40 47 40 0.0 0.0 3736.0 0.0 10204.0 66.0 64976.0 0.0878679470281805
40 47 41 0.0 0.0 3424.0 0.0 11169.0 71.0 55520.0 0.08439327265055156
40 47 42 0.0 0.0 2728.0 0.0 12181.0 65.0 40327.0 0.08283533518726702
40 47 43 0.0 0.0 2489.0 0.0 12363.0 47.0 35970.0 0.08302692444549875
40 47 44 0.0 0.0 1695.0 0.0 13019.0 48.0 22521.0 0.08375209380234505
40 47 45 0.0 0.0 2214.0 0.0 11877.0 63.0 35796.0 0.08704843623702044
40 47 46 0.0 0.0 1646.0 0.0 12622.0 62.0 24260.0 0.08609556607834695
40 47 47 0.0 0.0 371.0 0.0 7328.0 30.0 876.0 0.14476269258608207
40 47 48 0.0 0.0 910.0 0.0 12264.0 28.0 10429.0 0.09225092250922508
40 47 49 0.0 0.0 28.0 0.0 1048.0 5.0 11.0 0.45587756431129917
40 47 50 0.0 0.0 0.0 0.0 8.0 0.0 0.0 0.697211155378486
40 48 30 0.0 0.0 0.0 0.0 11.0 0.0 0.0 0.6961710591745399
40 48 31 0.0 0.0 2.0 0.0 189.0 1.0 0.0 0.639269406392694
40 48 32 0.0 0.0 271.0 0.0 6107.0 24.0 577.0 0.16756433273488924
40 48 33 0.0 0.0 485.0 0.0 9074.0 23.0 1721.0 0.12128562765312308
40 48 34 0.0 0.0 694.0 0.0 11442.0 32.0 5125.0 0.09914312017562495
40 48 35 0.0 0.0 724.0 0.0 11556.0 28.0 5306.0 0.09809417040358744
40 48 36 0.0 0.0 976.0 0.0 12823.0 27.0 7751.0 0.08861320336730172
40 48 37 0.0 0.0 861.0 0.0 12268.0 29.0 7255.0 0.0925681036762761
40 48 38 0.0 0.0 1053.0 0.0 12684.0 28.0 11193.0 0.0889792805389602
40 48 39 0.0 0.0 1869.0 0.0 13079.0 66.0 25559.0 0.08268855944716791
40 48 40 0.0 0.0 1563.0 0.0 13617.0 37.0 17477.0 0.08145217593670001
40 48 41 0.0 0.0 1840.0 0.0 12534.0 51.0 27613.0 0.08555365436323636
40 48 42 0.0 0.0 1555.0 0.0 12594.0 39.0 21959.0 0.08665511265164644
40 48 43 0.0 0.0 940.0 0.0 12710.0 29.0 6943.0 0.08945115328094051
40 48 44 0.0 0.0 1139.0 0.0 12721.0 32.0 13729.0 0.08822788001008318
40 48 45 0.0 0.0 703.0 0.0 11527.0 33.0 4572.0 0.09850137198339547
40 48 46 0.0 0.0 563.0 0.0 10073.0 21.0 2755.0 0.11081209434858318
40 48 47 0.0 0.0 373.0 0.0 7597.0 23.0 1040.0 0.14061872237846523
40 48 48 0.0 0.0 304.0 0.0 5748.0 17.0 402.0 0.1741076980475065
40 48 49 0.0 0.0 88.0 0.0 1958.0 12.0 25.0 0.34705007436787305
40 48 50 0.0 0.0 0.0 0.0 9.0 0.0 0.0 0.6968641114982577
40 49 30 0.0 0.0 0.0 0.0 1.0 0.0 0.0 0.6996501749125437
40 49 31 0.0 0.0 84.0 0.0 1962.0 8.0 29.0 0.34670629024269434
40 49 32 0.0 0.0 33.0 0.0 684.0 8.0 4.0 0.5167958656330748
40 49 33 0.0 0.0 30.0 0.0 770.0 5.0 2.0 0.5008944543828264
40 49 34 0.0 0.0 127.0 0.0 3183.0 10.0 106.0 0.26415094339622636
40 49 35 0.0 0.0 266.0 0.0 5847.0 12.0 458.0 0.17269026766991488
40 49 36 0.0 0.0 331.0 0.0 7497.0 20.0 1048.0 0.14266788953429121
40 49 37 0.0 0.0 337.0 0.0 6714.0 16.0 642.0 0.15490152688647932
40 49 38 0.0 0.0 671.0 0.0 11185.0 26.0 4810.0 0.10111223458038421
40 49 39 0.0 0.0 750.0 0.0 11643.0 28.0 4295.0 0.09734390209984703
40 49 40 0.0 0.0 1238.0 0.0 12355.0 36.0 17121.0 0.08979539477903918
40 49 41 0.0 0.0 775.0 0.0 11805.0 27.0 5833.0 0.09606147934678193
40 49 42 0.0 0.0 641.0 0.0 10995.0 26.0 4364.0 0.10272213662044169
40 49 43 0.0 0.0 644.0 0.0 11187.0 42.0 4405.0 0.10141253169141613
40 49 44 0.0 0.0 266.0 0.0 5901.0 24.0 426.0 0.1718213058419244
40 49 45 0.0 0.0 42.0 0.0 1274.0 11.0 9.0 0.42372881355932196
40 49 46 0.0 0.0 277.0 0.0 5542.0 24.0 400.0 0.17948717948717946
40 49 47 0.0 0.0 74.0 0.0 1851.0 7.0 19.0 0.35741639009445997
40 49 48 0.0 0.0 201.0 0.0 4481.0 19.0 208.0 0.21008403361344533
40 49 49 0.0 0.0 13.0 0.0 309.0 5.0 0.0 0.6042296072507551
40 49 50 0.0 0.0 0.0 0.0 3.0 0.0 0.0 0.6989515726410384
40 50 30 0.0 0.0 0.0 0.0 2.0 0.0 0.0 0.6993006993006992
40 50 31 0.0 0.0 0.0 0.0 4.0 0.0 0.0 0.6986027944111775
40 50 32 0.0 0.0 2.0 0.0 48.0 1.0 0.0 0.6832601268911663
40 50 33 0.0 0.0 0.0 0.0 11.0 0.0 0.0 0.6961710591745399
40 50 34 0.0 0.0 44.0 0.0 1184.0 7.0 4.0 0.43464762496119214
40 50 35 0.0 0.0 0.0 0.0 38.0 0.0 0.0 0.6869479882237487
40 50 36 0.0 0.0 7.0 0.0 143.0 2.0 0.0 0.6517690875232773
40 50 37 0.0 0.0 223.0 0.0 5448.0 16.0 408.0 0.1827914871393132
40 50 38 0.0 0.0 153.0 0.0 3431.0 14.0 93.0 0.25134649910233386
40 50 39 0.0 0.0 438.0 0.0 8431.0 27.0 1455.0 0.12903225806451613
40 50 40 0.0 0.0 118.0 0.0 3165.0 20.0 102.0 0.26605853287723297
40 50 41 0.0 0.0 288.0 0.0 6598.0 26.0 732.0 0.15797788309636648
40 50 42 0.0 0.0 104.0 0.0 2249.0 11.0 42.0 0.3223578171770665
40 50 43 0.0 0.0 92.0 0.0 2119.0 9.0 28.0 0.3331746787244169
40 50 44 0.0 0.0 154.0 0.0 3255.0 14.0 76.0 0.2594514455151964
40 50 45 0.0 0.0 1.0 0.0 33.0 1.0 0.0 0.6886374815543531
40 50 46 0.0 0.0 1.0 0.0 48.0 0.0 0.0 0.6832601268911663
40 50 47 0.0 0.0 0.0 0.0 28.0 0.0 0.0 0.690335305719921
40 50 48 0.0 0.0 0.0 0.0 13.0 1.0 0.0 0.6958250497017892
40 50 49 0.0 0.0 0.0 0.0 2.0 0.0 0.0 0.6993006993006992
40 51 36 0.0 0.0 0.0 0.0 8.0 0.0 0.0 0.697211155378486
40 51 37 0.0 0.0 0.0 0.0 13.0 0.0 0.0 0.695479384003974
40 51 38 0.0 0.0 0.0 0.0 36.0 0.0 0.0 0.6876227897838899
40 51 39 0.0 0.0 20.0 0.0 494.0 3.0 1.0 0.557991231566361
40 51 40 0.0 0.0 4.0 0.0 126.0 1.0 0.0 0.6575857209957726
40 51 41 0.0 0.0 0.0 0.0 28.0 0.0 0.0 0.690335305719921
40 51 42 0.0 0.0 1.0 0.0 33.0 0.0 0.0 0.6886374815543531
40 51 43 0.0 0.0 0.0 0.0 14.0 0.0 0.0 0.6951340615690167
40 51 44 0.0 0.0 0.0 0.0 1.0 0.0 0.0 0.6996501749125437
40 51 45 0.0 0.0 0.0 0.0 1.0 0.0 0.0 0.6996501749125437
40 52 40 0.0 0.0 0.0 0.0 1.0 0.0 0.0 0.6996501749125437
41 28 35 0.0 0.0 0.0 0.0 1.0 0.0 0.0 0.6996501749125437
41 28 38 0.0 0.0 0.0 0.0 1.0 0.0 0.0 0.6996501749125437
41 28 41 0.0 0.0 0.0 0.0 4.0 0.0 0.0 0.6986027944111775
41 29 35 0.0 0.0 2.0 0.0 62.0 1.0 0.0 0.6786233640329616
41 29 36 0.0 0.0 27.0 0.0 804.0 6.0 7.0 0.49575070821529743
41 29 37 0.0 0.0 0.0 0.0 22.0 0.0 0.0 0.6923837784371908
41 29 38 0.0 0.0 2.0 0.0 46.0 1.0 0.0 0.6839276990718123
41 29 39 0.0 0.0 2.0 0.0 112.0 0.0 0.0 0.662251655629139
41 29 40 0.0 0.0 0.0 0.0 92.0 1.0 0.0 0.6698564593301434
41 29 41 0.0 0.0 11.0 0.0 261.0 4.0 0.0 0.6172839506172839
41 29 42 0.0 0.0 104.0 0.0 1953.0 15.0 16.0 0.3464488987874288
41 29 43 0.0 0.0 14.0 0.0 224.0 1.0 0.0 0.6258381761287437
41 29 44 0.0 0.0 2.0 0.0 41.0 1.0 0.0 0.6856023506366307
41 29 45 0.0 0.0 0.0 0.0 3.0 0.0 0.0 0.6989515726410384
41 29 46 0.0 0.0 0.0 0.0 1.0 0.0 0.0 0.6996501749125437
41 30 32 0.0 0.0 0.0 0.0 4.0 0.0 0.0 0.6986027944111775
41 30 33 0.0 0.0 0.0 0.0 12.0 0.0 0.0 0.6958250497017892
41 30 34 0.0 0.0 7.0 0.0 204.0 1.0 0.0 0.6334841628959276
41 30 35 0.0 0.0 9.0 0.0 308.0 3.0 0.0 0.6050129645635263
41 30 36 0.0 0.0 92.0 0.0 2102.0 8.0 33.0 0.3345280764635603
41 30 37 0.0 0.0 158.0 0.0 3918.0 16.0 161.0 0.2310612312262749
41 30 38 0.0 0.0 157.0 0.0 3742.0 19.0 109.0 0.23801428085685136
41 30 39 0.0 0.0 268.0 0.0 6135.0 24.0 535.0 0.16708437761069336
41 30 40 0.0 0.0 303.0 0.0 7154.0 20.0 900.0 0.14828937612541043
41 30 41 0.0 0.0 412.0 0.0 8565.0 16.0 1635.0 0.12766733540032826
41 30 42 0.0 0.0 217.0 0.0 4725.0 13.0 255.0 0.20187454938716654
41 30 43 0.0 0.0 365.0 0.0 7802.0 24.0 1300.0 0.1379854129706288
41 30 44 0.0 0.0 33.0 0.0 888.0 13.0 8.0 0.4814305364511691
41 30 45 0.0 0.0 22.0 0.0 504.0 9.0 0.0 0.5562177195073499
41 30 46 0.0 0.0 1.0 0.0 48.0 1.0 0.0 0.6835937499999999
41 30 47 0.0 0.0 15.0 0.0 344.0 1.0 1.0 0.5937234944868531
41 30 48 0.0 0.0 0.0 0.0 2.0 0.0 0.0 0.6993006993006992
41 31 31 0.0 0.0 1.0 0.0 12.0 1.0 0.0 0.6958250497017892
41 31 32 0.0 0.0 0.0 0.0 38.0 0.0 0.0 0.6872852233676975
41 31 33 0.0 0.0 227.0 0.0 4891.0 21.0 258.0 0.19709981697874138
41 31 34 0.0 0.0 37.0 0.0 1405.0 8.0 13.0 0.40768782760628997
41 31 35 0.0 0.0 428.0 0.0 8700.0 28.0 1573.0 0.1260806916426513
41 31 36 0.0 0.0 315.0 0.0 7119.0 21.0 844.0 0.14866730381225443
41 31 37 0.0 0.0 798.0 0.0 11896.0 25.0 6164.0 0.09532239395383671
41 31 38 0.0 0.0 734.0 0.0 11526.0 23.0 4588.0 0.09821804405780832
41 31 39 0.0 0.0 649.0 0.0 10913.0 21.0 4039.0 0.10324483775811208
41 31 40 0.0 0.0 950.0 0.0 12453.0 33.0 8822.0 0.09095634095634093
41 31 41 0.0 0.0 637.0 0.0 11271.0 21.0 4681.0 0.10066148979004888
41 31 42 0.0 0.0 1068.0 0.0 12671.0 27.0 11938.0 0.0889001778003556
41 31 43 0.0 0.0 1031.0 0.0 12806.0 32.0 9405.0 0.08843408502305602
41 31 44 0.0 0.0 487.0 0.0 9530.0 25.0 2118.0 0.11668611435239205
41 31 45 0.0 0.0 195.0 0.0 4497.0 14.0 226.0 0.20964360587002093
41 31 46 0.0 0.0 64.0 0.0 1865.0 10.0 15.0 0.3570517725070135
41 31 47 0.0 0.0 10.0 0.0 242.0 3.0 0.0 0.622498888394842
41 31 48 0.0 0.0 0.0 0.0 27.0 0.0 0.0 0.6906758756783422
41 32 30 0.0 0.0 0.0 0.0 3.0 0.0 0.0 0.6989515726410384
41 32 31 0.0 0.0 11.0 0.0 197.0 5.0 1.0 0.6354970494779845
41 32 32 0.0 0.0 1.0 0.0 374.0 3.0 3.0 0.5902192242833051
41 32 33 0.0 0.0 514.0 0.0 9108.0 33.0 1923.0 0.12072087608864361
41 32 34 0.0 0.0 739.0 0.0 11502.0 38.0 6012.0 0.09845288326300984
41 32 35 0.0 0.0 908.0 0.0 12417.0 35.0 7606.0 0.09141364675155075
41 32 36 0.0 0.0 1909.0 0.0 12004.0 56.0 31043.0 0.08801710046523324
41 32 37 0.0 0.0 1847.0 0.0 13270.0 62.0 23597.0 0.08190008190008188
41 32 38 0.0 0.0 2030.0 0.0 12323.0 71.0 30490.0 0.0856898029134533
41 32 39 0.0 0.0 2431.0 0.0 11892.0 59.0 40463.0 0.08572128337007102
41 32 40 0.0 0.0 1506.0 0.0 13682.0 46.0 15149.0 0.08151857458949574
41 32 41 0.0 0.0 2158.0 0.0 12107.0 49.0 34771.0 0.08605323006945724
41 32 42 0.0 0.0 1774.0 0.0 13202.0 39.0 22680.0 0.08244994110718491
41 32 43 0.0 0.0 1455.0 0.0 13182.0 51.0 16794.0 0.08421559191530316
41 32 44 0.0 0.0 1023.0 0.0 12728.0 39.0 9151.0 0.0889679715302491
41 32 45 0.0 0.0 1136.0 0.0 13111.0 24.0 10151.0 0.08614324390844202
41 32 46 0.0 0.0 288.0 0.0 6117.0 22.0 444.0 0.1669648181276088
41 32 47 0.0 0.0 207.0 0.0 4763.0 15.0 237.0 0.20120724346076457
41 32 48 0.0 0.0 34.0 0.0 849.0 6.0 0.0 0.4867872044506258
41 32 49 0.0 0.0 36.0 0.0 674.0 10.0 1.0 0.5185185185185184
41 32 50 0.0 0.0 1.0 0.0 49.0 0.0 0.0 0.6829268292682925
41 33 30 0.0 0.0 0.0 0.0 8.0 0.0 0.0 0.697211155378486
41 33 31 0.0 0.0 145.0 0.0 3080.0 20.0 66.0 0.2689721421709894
41 33 32 0.0 0.0 441.0 0.0 8321.0 26.0 1340.0 0.1302931596091205
41 33 33 0.0 0.0 696.0 0.0 11256.0 24.0 4912.0 0.10035842293906809
41 33 34 0.0 0.0 844.0 0.0 12299.0 30.0 7186.0 0.09248860408271123
41 33 35 0.0 0.0 1430.0 0.0 13517.0 31.0 14776.0 0.08255203726634824
41 33 36 0.0 0.0 3005.0 0.0 10107.0 66.0 58364.0 0.09270909211310509
41 33 37 0.0 0.0 3681.0 0.0 9911.0 63.0 67252.0 0.0897666068222621
41 33 38 0.0 0.0 3809.0 0.0 8989.0 76.0 76979.0 0.09472900737532985
41 33 39 0.0 0.0 3308.0 0.0 12234.0 71.0 45809.0 0.07979936160510716
41 33 40 0.0 0.0 3700.0 0.0 11104.0 56.0 57321.0 0.08325404376784014
41 33 41 0.0 0.0 3256.0 0.0 11869.0 72.0 49475.0 0.08176137359107633
41 33 42 0.0 0.0 2721.0 0.0 12548.0 69.0 37842.0 0.08111709832551132
41 33 43 0.0 0.0 2905.0 0.0 11646.0 82.0 46365.0 0.08468937148387877
41 33 44 0.0 0.0 2075.0 0.0 12184.0 52.0 32017.0 0.08598452278589852
41 33 45 0.0 0.0 1241.0 0.0 13366.0 50.0 12352.0 0.08436784379896348
41 33 46 0.0 0.0 1161.0 0.0 12654.0 38.0 13127.0 0.08852355358836546
41 33 47 0.0 0.0 250.0 0.0 6040.0 23.0 542.0 0.16926611050658927
41 33 48 0.0 0.0 249.0 0.0 6043.0 19.0 508.0 0.16918429003021143
41 33 49 0.0 0.0 79.0 0.0 1981.0 11.0 33.0 0.3457643862682143
41 33 50 0.0 0.0 104.0 0.0 1900.0 24.0 18.0 0.3517587939698492
41 33 51 0.0 0.0 0.0 0.0 2.0 0.0 0.0 0.6993006993006992
41 34 30 0.0 0.0 1.0 0.0 111.0 0.0 0.0 0.6628787878787878
41 34 31 0.0 0.0 332.0 0.0 5996.0 32.0 364.0 0.16871535309713181
41 34 32 0.0 0.0 504.0 0.0 9672.0 30.0 2225.0 0.11523582187834387
41 34 33 0.0 0.0 1309.0 0.0 12833.0 32.0 15609.0 0.08674101610904583
41 34 34 0.0 0.0 1973.0 0.0 12385.0 45.0 29876.0 0.08552752153460809
41 34 35 0.0 0.0 2157.0 0.0 13234.0 53.0 27209.0 0.08041817450743867
41 34 36 0.0 0.0 3724.0 0.0 11476.0 70.0 55004.0 0.08133387555917039
41 34 37 0.0 0.0 4748.0 0.0 5915.0 58.0 117967.0 0.11034917632221959
41 34 38 0.0 0.0 5769.0 0.0 8811.0 90.0 91295.0 0.08437292834327728
41 34 39 0.0 0.0 6073.0 0.0 8382.0 70.0 96924.0 0.08498755539367449
41 34 40 0.0 0.0 5843.0 0.0 7067.0 76.0 108246.0 0.09382120359201179
41 34 41 0.0 0.0 5375.0 0.0 8244.0 72.0 95047.0 0.08958853266781851
41 34 42 0.0 0.0 5057.0 0.0 10340.0 83.0 73858.0 0.08039970137253774
41 34 43 0.0 0.0 4471.0 0.0 9046.0 90.0 80316.0 0.0903750564844103
41 34 44 0.0 0.0 3531.0 0.0 11330.0 75.0 53741.0 0.0830367734282325
41 34 45 0.0 0.0 2784.0 0.0 11931.0 63.0 41443.0 0.08371703641691082
41 34 46 0.0 0.0 1760.0 0.0 12853.0 45.0 24354.0 0.0842713537591043
41 34 47 0.0 0.0 1256.0 0.0 12919.0 37.0 14763.0 0.08659615265664625
41 34 48 0.0 0.0 1068.0 0.0 12685.0 37.0 11797.0 0.08886631966484702
41 34 49 0.0 0.0 352.0 0.0 7673.0 21.0 939.0 0.13983220135836993
41 34 50 0.0 0.0 183.0 0.0 4410.0 13.0 225.0 0.21263669501822596
41 34 51 0.0 0.0 0.0 0.0 16.0 0.0 0.0 0.6944444444444444
41 35 29 0.0 0.0 0.0 0.0 9.0 0.0 0.0 0.6968641114982577
41 35 30 0.0 0.0 26.0 0.0 779.0 4.0 3.0 0.49982149232416984
41 35 31 0.0 0.0 586.0 0.0 10488.0 23.0 4104.0 0.10701727564592568
41 35 32 0.0 0.0 1065.0 0.0 12834.0 33.0 10718.0 0.08804477705804666
41 35 33 0.0 0.0 1746.0 0.0 12388.0 56.0 26621.0 0.08682170542635657
41 35 34 0.0 0.0 2423.0 0.0 13081.0 62.0 31522.0 0.08003658815458493
41 35 35 0.0 0.0 4215.0 0.0 9559.0 74.0 75407.0 0.08875364523900088
41 35 36 0.0 0.0 5228.0 0.0 9556.0 88.0 82191.0 0.08341277407054336
41 35 37 0.0 0.0 6433.0 0.0 6375.0 63.0 118389.0 0.09438414346389805
41 35 38 0.0 0.0 5785.0 0.0 3592.0 60.0 149313.0 0.12317437972901635
41 35 39 0.0 0.0 7520.0 0.0 4148.0 56.0 145648.0 0.10239157463614422
41 35 40 0.0 0.0 7644.0 0.0 4587.0 60.0 143175.0 0.09834913944502985
41 35 41 0.0 0.0 7440.0 0.0 4785.0 69.0 138386.0 0.09842519685039368
41 35 42 0.0 0.0 7132.0 0.0 5307.0 64.0 131564.0 0.09689922480620153
41 35 43 0.0 0.0 6885.0 0.0 6872.0 76.0 114673.0 0.0887817870505422
41 35 44 0.0 0.0 5950.0 0.0 7805.0 86.0 101755.0 0.08884940026654818
41 35 45 0.0 0.0 4516.0 0.0 10070.0 87.0 72688.0 0.08445945945945946
41 35 46 0.0 0.0 2618.0 0.0 13327.0 58.0 32904.0 0.0779727095516569
41 35 47 0.0 0.0 2468.0 0.0 11938.0 69.0 40024.0 0.08540230586225828
41 35 48 0.0 0.0 748.0 0.0 11678.0 34.0 5343.0 0.0970873786407767
41 35 49 0.0 0.0 319.0 0.0 7271.0 22.0 853.0 0.14622937121370377
41 35 50 0.0 0.0 259.0 0.0 5826.0 23.0 411.0 0.17356806347632034
41 35 51 0.0 0.0 0.0 0.0 11.0 0.0 0.0 0.6965174129353233
41 35 52 0.0 0.0 0.0 0.0 1.0 0.0 0.0 0.6996501749125437
41 36 29 0.0 0.0 16.0 0.0 370.0 4.0 0.0 0.5877413937867337
41 36 30 0.0 0.0 94.0 0.0 2248.0 18.0 38.0 0.3237742830712303
41 36 31 0.0 0.0 412.0 0.0 8675.0 30.0 1724.0 0.1265250790781744
41 36 32 0.0 0.0 1757.0 0.0 12178.0 44.0 27498.0 0.08787346221441124
41 36 33 0.0 0.0 2866.0 0.0 11033.0 62.0 49766.0 0.08797285409073771
41 36 34 0.0 0.0 3717.0 0.0 10200.0 78.0 64768.0 0.08804477705804666
41 36 35 0.0 0.0 5333.0 0.0 7332.0 67.0 103697.0 0.09536784741144413
41 36 36 0.0 0.0 6251.0 0.0 5596.0 68.0 127398.0 0.10086455331412102
41 36 37 0.0 0.0 7918.0 0.0 4914.0 69.0 138423.0 0.09442870632672332
41 36 38 0.0 0.0 8509.0 0.0 3132.0 41.0 158059.0 0.10256410256410256
41 36 39 0.0 0.0 6638.0 0.0 1726.0 28.0 174561.0 0.13505691684352691
41 36 40 0.0 0.0 8555.0 0.0 2271.0 38.0 168975.0 0.10929814973846513
41 36 41 0.0 0.0 8893.0 0.0 2542.0 40.0 165100.0 0.10409695888170123
41 36 42 0.0 0.0 8913.0 0.0 2982.0 44.0 160356.0 0.10068320747932397
41 36 43 0.0 0.0 7505.0 0.0 3180.0 47.0 157157.0 0.11020151133501259
41 36 44 0.0 0.0 7452.0 0.0 5103.0 59.0 136077.0 0.09614724263443444
41 36 45 0.0 0.0 6254.0 0.0 7479.0 83.0 107451.0 0.08904719501335706
41 36 46 0.0 0.0 4287.0 0.0 9615.0 77.0 74980.0 0.08800050286001633
41 36 47 0.0 0.0 2804.0 0.0 11225.0 59.0 47671.0 0.08729267988527246
41 36 48 0.0 0.0 1140.0 0.0 12932.0 28.0 12300.0 0.08709717556302102
41 36 49 0.0 0.0 700.0 0.0 11126.0 25.0 4161.0 0.10138315591281047
41 36 50 0.0 0.0 146.0 0.0 2636.0 23.0 41.0 0.2943031322261929
41 36 51 0.0 0.0 53.0 0.0 1342.0 12.0 8.0 0.41383387525864607
41 37 29 0.0 0.0 0.0 0.0 8.0 1.0 0.0 0.6975585450921773
41 37 30 0.0 0.0 153.0 0.0 3029.0 15.0 77.0 0.2707930367504835
41 37 31 0.0 0.0 583.0 0.0 10332.0 21.0 3029.0 0.10851030847930553
41 37 32 0.0 0.0 1044.0 0.0 12597.0 29.0 11153.0 0.08955987717502559
41 37 33 0.0 0.0 2994.0 0.0 11089.0 66.0 51795.0 0.08708092305778439
41 37 34 0.0 0.0 4546.0 0.0 10174.0 75.0 72784.0 0.08372204281784475
41 37 35 0.0 0.0 6539.0 0.0 8300.0 83.0 100322.0 0.08307619273676714
41 37 36 0.0 0.0 7678.0 0.0 4679.0 64.0 140334.0 0.09756097560975609
41 37 37 0.0 0.0 7393.0 0.0 2555.0 49.0 165247.0 0.11730205278592375
41 37 38 0.0 1.0 8973.0 0.0 1942.0 25.0 171711.0 0.10829207920792079
41 37 39 0.0 0.0 7437.0 0.0 1147.0 16.0 181626.0 0.13228763110649153
41 37 40 0.0 0.0 8414.0 0.0 1039.0 14.0 181516.0 0.1220362622036262
41 37 41 0.0 0.0 8361.0 0.0 1065.0 21.0 181087.0 0.12246326102169348
41 37 42 0.0 0.0 7210.0 0.0 1098.0 16.0 181563.0 0.1358300184340739
41 37 43 0.0 0.0 6679.0 0.0 1460.0 24.0 177023.0 0.13818971473694597
41 37 44 0.0 0.0 8294.0 0.0 3730.0 49.0 151294.0 0.09980039920159679
41 37 45 0.0 0.0 6581.0 0.0 5099.0 57.0 134289.0 0.10218232245821471
41 37 46 0.0 0.0 5217.0 0.0 9037.0 82.0 86715.0 0.08619628124615193
41 37 47 0.0 0.0 3167.0 0.0 11046.0 57.0 52793.0 0.08632383771118508
41 37 48 0.0 0.0 1603.0 0.0 12745.0 38.0 21769.0 0.08554842652001221
41 37 49 0.0 0.0 916.0 0.0 12513.0 39.0 8019.0 0.0908265213442325
41 37 50 0.0 0.0 83.0 0.0 2099.0 13.0 40.0 0.33597312215022795
41 37 51 0.0 0.0 0.0 0.0 32.0 0.0 0.0 0.6893156080748399
41 37 52 0.0 0.0 0.0 0.0 1.0 0.0 0.0 0.6996501749125437
41 38 29 0.0 0.0 0.0 0.0 19.0 0.0 0.0 0.6934125804853887
41 38 30 0.0 0.0 236.0 0.0 5124.0 22.0 251.0 0.19076168415315436
41 38 31 0.0 0.0 825.0 0.0 12100.0 34.0 6323.0 0.09385894341646553
41 38 32 0.0 0.0 1704.0 0.0 13124.0 43.0 22040.0 0.0831551437396056
41 38 33 0.0 0.0 2757.0 0.0 11974.0 65.0 41896.0 0.08371203061468546
41 38 34 0.0 0.0 5096.0 0.0 9101.0 98.0 84648.0 0.0865533230293663
41 38 35 0.0 0.0 6331.0 0.0 4765.0 74.0 137012.0 0.10709914320685435
41 38 36 0.0 0.0 8745.0 0.0 3977.0 49.0 148771.0 0.0951022349025202
41 38 37 0.0 1.0 7664.0 0.0 1631.0 26.0 175531.0 0.12400354295837022
41 38 38 0.0 1.0 7816.0 0.0 981.0 18.0 182204.0 0.1297257227575982
41 38 39 0.0 1.0 7593.0 0.0 600.0 8.0 186832.0 0.13732221677292789
41 38 40 0.0 0.0 6636.0 0.0 430.0 9.0 189247.0 0.1544401544401544
41 38 41 0.0 0.0 6797.0 0.0 440.0 7.0 188840.0 0.15158077089649197
41 38 42 1.0 0.0 5781.0 0.0 537.0 7.0 188648.0 0.16849199663016007
41 38 43 0.0 1.0 7222.0 0.0 1210.0 28.0 180745.0 0.13404825737265413
41 38 44 0.0 0.0 7862.0 0.0 2617.0 37.0 164034.0 0.11204481792717084
41 38 45 0.0 0.0 7257.0 0.0 5093.0 57.0 136412.0 0.09749982589316804
41 38 46 0.0 0.0 5157.0 0.0 6319.0 72.0 114183.0 0.10384215991692626
41 38 47 0.0 0.0 3252.0 0.0 12257.0 71.0 46125.0 0.07995887829116453
41 38 48 0.0 0.0 2117.0 0.0 12195.0 51.0 32649.0 0.08582112425672776
41 38 49 0.0 0.0 805.0 0.0 11988.0 33.0 5662.0 0.094684160692547
41 38 50 0.0 0.0 195.0 0.0 4675.0 22.0 253.0 0.20443925233644855
41 38 51 0.0 0.0 72.0 0.0 1441.0 16.0 11.0 0.40034315127251924
41 39 29 0.0 0.0 0.0 0.0 29.0 0.0 0.0 0.690335305719921
41 39 30 0.0 0.0 219.0 0.0 5248.0 26.0 310.0 0.18802041364491
41 39 31 0.0 0.0 346.0 0.0 7563.0 26.0 1021.0 0.14157144301749416
41 39 32 0.0 0.0 1318.0 0.0 13273.0 46.0 15130.0 0.08444417636769407
41 39 33 0.0 0.0 2833.0 0.0 12308.0 61.0 41587.0 0.0816231343283582
41 39 34 0.0 0.0 5332.0 0.0 10812.0 75.0 72845.0 0.07713923632156042
41 39 35 0.0 0.0 7670.0 0.0 5522.0 71.0 131427.0 0.09200236577511992
41 39 36 0.0 0.0 7030.0 0.0 2323.0 31.0 168115.0 0.12323943661971828
41 39 37 1.0 0.0 9068.0 0.0 1603.0 23.0 174989.0 0.1103404791929382
41 39 38 0.0 0.0 7213.0 0.0 641.0 10.0 186450.0 0.14203104392817287
41 39 39 0.0 2.0 6752.0 0.0 364.0 4.0 189835.0 0.1536435469710272
41 39 40 0.0 1.0 5487.0 0.0 185.0 3.0 192598.0 0.1822442072376985
41 39 41 0.0 0.0 5001.0 0.0 190.0 1.0 193239.0 0.19439044709802833
41 39 42 0.0 2.0 6349.0 0.0 447.0 6.0 189329.0 0.15885623510722796
41 39 43 0.0 0.0 7989.0 0.0 1083.0 14.0 181331.0 0.12638801119436668
41 39 44 0.0 0.0 7970.0 0.0 2375.0 36.0 166801.0 0.11333279365336353
41 39 45 0.0 0.0 8064.0 0.0 6076.0 71.0 126640.0 0.08670341239858796
41 39 46 0.0 0.0 5411.0 0.0 10205.0 87.0 77564.0 0.07956805910770104
41 39 47 0.0 0.0 3645.0 0.0 9771.0 61.0 68532.0 0.09073233959818534
41 39 48 0.0 0.0 1862.0 0.0 12624.0 66.0 27598.0 0.08499787505312366
41 39 49 0.0 0.0 990.0 0.0 12675.0 34.0 8094.0 0.08944543828264757
41 39 50 0.0 0.0 445.0 0.0 8761.0 25.0 1628.0 0.12517882689556506
41 39 51 0.0 0.0 1.0 0.0 38.0 0.0 0.0 0.6866110838646394
41 40 29 0.0 0.0 17.0 0.0 307.0 2.0 0.0 0.6031882809133993
41 40 30 0.0 0.0 345.0 0.0 7191.0 11.0 866.0 0.1468274777136864
41 40 31 0.0 0.0 697.0 0.0 11400.0 25.0 4572.0 0.09945300845350571
41 40 32 0.0 0.0 1066.0 0.0 12913.0 26.0 10583.0 0.08763693270735524
41 40 33 0.0 0.0 2755.0 0.0 12621.0 70.0 38637.0 0.08060801473975125
41 40 34 0.0 0.0 5508.0 0.0 9213.0 86.0 86651.0 0.08369201339072213
41 40 35 0.0 0.0 7033.0 0.0 4267.0 45.0 144982.0 0.10502625656414102
41 40 36 0.0 0.0 6872.0 0.0 1971.0 26.0 171277.0 0.12911555842479017
41 40 37 0.0 0.0 8530.0 0.0 1272.0 17.0 179015.0 0.11853357040047412
41 40 38 0.0 0.0 7084.0 0.0 579.0 7.0 187327.0 0.14468788755684164
41 40 39 0.0 0.0 5795.0 0.0 220.0 2.0 191817.0 0.17458535977054493
41 40 40 0.0 2.0 7911.0 0.0 322.0 3.0 189173.0 0.13659869255537122
41 40 41 0.0 0.0 6149.0 0.0 244.0 9.0 191406.0 0.1670445054289464
41 40 42 0.0 0.0 6115.0 0.0 425.0 6.0 189771.0 0.16399203467260157
41 40 43 0.0 0.0 6802.0 0.0 954.0 15.0 183894.0 0.1435161455663762
41 40 44 0.0 0.0 6859.0 0.0 1949.0 33.0 171456.0 0.12947378155923422
41 40 45 0.0 0.0 7447.0 0.0 5221.0 53.0 134209.0 0.09532239395383671
41 40 46 0.0 0.0 5582.0 0.0 8254.0 85.0 96092.0 0.0884564352056612
41 40 47 0.0 0.0 3108.0 0.0 12091.0 59.0 45542.0 0.08137169427492008
41 40 48 0.0 0.0 1594.0 0.0 13148.0 56.0 20268.0 0.08365700627427547
41 40 49 0.0 0.0 885.0 0.0 12169.0 28.0 7526.0 0.09301089556205154
41 40 50 0.0 0.0 29.0 0.0 826.0 6.0 3.0 0.4914004914004913
41 40 51 0.0 0.0 0.0 0.0 33.0 0.0 0.0 0.6886374815543531
41 41 29 0.0 0.0 0.0 0.0 19.0 0.0 0.0 0.6934125804853887
41 41 30 0.0 0.0 172.0 0.0 4061.0 20.0 152.0 0.22526146419951726
41 41 31 0.0 0.0 548.0 0.0 10002.0 19.0 2573.0 0.11160714285714285
41 41 32 0.0 0.0 1733.0 0.0 12300.0 55.0 26924.0 0.08739076154806491
41 41 33 0.0 0.0 2773.0 0.0 12142.0 52.0 40508.0 0.08275209835677975
41 41 34 0.0 0.0 5332.0 0.0 9223.0 102.0 84975.0 0.08458703401607152
41 41 35 0.0 0.0 7257.0 0.0 4908.0 58.0 138305.0 0.09876543209876543
41 41 36 0.0 0.0 8647.0 0.0 2862.0 42.0 162385.0 0.10361160449970395
41 41 37 0.0 0.0 7089.0 0.0 1142.0 13.0 181287.0 0.1365853658536585
41 41 38 0.0 1.0 7355.0 0.0 697.0 10.0 186066.0 0.13930348258706465
41 41 39 0.0 1.0 5909.0 0.0 384.0 3.0 190385.0 0.16863406408094433
41 41 40 0.0 1.0 5679.0 0.0 260.0 4.0 191804.0 0.17656703241266236
41 41 41 0.0 2.0 7065.0 0.0 495.0 8.0 188738.0 0.14642819788725028
41 41 42 0.0 1.0 8219.0 0.0 816.0 12.0 184133.0 0.1267771438920583
41 41 43 0.0 1.0 7724.0 0.0 1300.0 29.0 178630.0 0.12706480304955525
41 41 44 0.0 0.0 8043.0 0.0 2850.0 44.0 162063.0 0.10847667751433442
41 41 45 0.0 0.0 7025.0 0.0 4923.0 68.0 135815.0 0.1003656176069969
41 41 46 0.0 0.0 5142.0 0.0 7926.0 83.0 96000.0 0.09293063391968137
41 41 47 0.0 0.0 2704.0 0.0 12251.0 65.0 40198.0 0.08259587020648966
41 41 48 0.0 0.0 835.0 0.0 12108.0 19.0 7353.0 0.09362669698388282
41 41 49 0.0 0.0 427.0 0.0 8677.0 24.0 1554.0 0.1262740146117074
41 41 50 0.0 0.0 158.0 0.0 3225.0 15.0 81.0 0.26075619295958274
41 41 51 0.0 0.0 8.0 0.0 295.0 3.0 1.0 0.608695652173913
41 42 29 0.0 0.0 0.0 0.0 5.0 0.0 0.0 0.6982543640897755
41 42 30 0.0 0.0 112.0 0.0 2415.0 17.0 47.0 0.31049013084941224
41 42 31 0.0 0.0 793.0 0.0 11973.0 27.0 7274.0 0.09474824038982133
41 42 32 0.0 0.0 1571.0 0.0 12871.0 41.0 20992.0 0.08516333110286513
41 42 33 0.0 0.0 2292.0 0.0 13495.0 56.0 28714.0 0.07869589657110734
41 42 34 0.0 0.0 5221.0 0.0 10163.0 72.0 76063.0 0.0804690194275204
41 42 35 0.0 0.0 7072.0 0.0 5235.0 72.0 133215.0 0.09797060881735478
41 42 36 0.0 0.0 6388.0 0.0 2479.0 29.0 165507.0 0.1287119610186632
41 42 37 0.0 0.0 7410.0 0.0 1624.0 16.0 175406.0 0.12680010868580743
41 42 38 0.0 0.0 8566.0 0.0 1211.0 14.0 179550.0 0.11877492152371255
41 42 39 0.0 0.0 8063.0 0.0 863.0 14.0 183582.0 0.1280761138047754
41 42 40 0.0 2.0 7747.0 0.0 702.0 18.0 185461.0 0.1340610935554917
41 42 41 0.0 1.0 7384.0 0.0 785.0 13.0 185085.0 0.13783597518952445
41 42 42 0.0 1.0 8846.0 0.0 1421.0 31.0 177900.0 0.11422976501305482
41 42 43 1.0 0.0 8556.0 0.0 2354.0 31.0 167436.0 0.10845986984815617
41 42 44 0.0 0.0 7755.0 0.0 3795.0 55.0 150421.0 0.10322961215160004
41 42 45 0.0 0.0 6338.0 0.0 5757.0 76.0 125973.0 0.09931191033553237
41 42 46 0.0 0.0 4722.0 0.0 9677.0 90.0 77657.0 0.08528265107212475
41 42 47 0.0 0.0 2916.0 0.0 11437.0 70.0 47950.0 0.08567931456548346
41 42 48 0.0 0.0 888.0 0.0 12327.0 39.0 7669.0 0.09208708807472209
41 42 49 0.0 0.0 723.0 0.0 11602.0 26.0 5484.0 0.0977585364150548
41 42 50 0.0 0.0 196.0 0.0 4277.0 20.0 189.0 0.21695335502866883
41 42 51 0.0 0.0 0.0 0.0 12.0 0.0 0.0 0.6958250497017892
41 43 29 0.0 0.0 6.0 0.0 113.0 1.0 0.0 0.6610009442870631
41 43 30 0.0 0.0 5.0 0.0 311.0 1.0 0.0 0.6050129645635263
41 43 31 0.0 0.0 536.0 0.0 9646.0 24.0 2260.0 0.11503697617091206
41 43 32 0.0 0.0 942.0 0.0 12616.0 34.0 7785.0 0.09005531969638492
41 43 33 0.0 0.0 2952.0 0.0 11886.0 58.0 45561.0 0.08309098462816783
41 43 34 0.0 0.0 4824.0 0.0 8678.0 59.0 87324.0 0.09032258064516129
41 43 35 0.0 0.0 5833.0 0.0 5025.0 58.0 133602.0 0.10871253300201893
41 43 36 0.0 0.0 8084.0 0.0 5242.0 67.0 134014.0 0.09131824408062095
41 43 37 0.0 0.0 7863.0 0.0 2878.0 41.0 160729.0 0.10980392156862745
41 43 38 0.0 0.0 8489.0 0.0 2259.0 39.0 167757.0 0.10972646759150402
41 43 39 0.0 0.0 7688.0 0.0 1484.0 25.0 177104.0 0.12548176032983774
41 43 40 0.0 3.0 9023.0 1.0 1556.0 18.0 174932.0 0.11122586795900531
41 43 41 0.0 1.0 8142.0 0.0 1657.0 29.0 175365.0 0.11865412323078227
41 43 42 0.0 2.0 6366.0 0.0 1658.0 35.0 174861.0 0.1397624039133473
41 43 43 0.0 0.0 7704.0 0.0 3646.0 43.0 153262.0 0.10473554275454476
41 43 44 0.0 0.0 7386.0 0.0 6369.0 69.0 121498.0 0.08886067914947635
41 43 45 0.0 0.0 5765.0 0.0 8709.0 87.0 91552.0 0.08501335924216662
41 43 46 0.0 0.0 4247.0 0.0 9096.0 58.0 79014.0 0.0910924588457284
41 43 47 0.0 0.0 1839.0 0.0 13671.0 49.0 21319.0 0.07997714938588973
41 43 48 0.0 0.0 1077.0 0.0 13090.0 32.0 9154.0 0.08661758336942398
41 43 49 0.0 0.0 315.0 0.0 7058.0 26.0 814.0 0.14957264957264957
41 43 50 0.0 0.0 196.0 0.0 4300.0 15.0 184.0 0.2160160469063416
41 43 51 0.0 0.0 2.0 0.0 104.0 0.0 0.0 0.664767331433998
41 44 29 0.0 0.0 0.0 0.0 10.0 0.0 0.0 0.6965174129353233
41 44 30 0.0 0.0 19.0 0.0 586.0 5.0 1.0 0.5384615384615384
41 44 31 0.0 0.0 347.0 0.0 6871.0 26.0 722.0 0.15219045548429178
41 44 32 0.0 0.0 1084.0 0.0 13012.0 28.0 11373.0 0.08692952499223842
41 44 33 0.0 0.0 2538.0 0.0 12295.0 74.0 37922.0 0.08321445553970516
41 44 34 0.0 0.0 4327.0 0.0 9378.0 82.0 77368.0 0.08921743563599285
41 44 35 0.0 0.0 5093.0 0.0 6044.0 74.0 116232.0 0.10654490106544899
41 44 36 0.0 0.0 6159.0 0.0 5502.0 64.0 127700.0 0.10248901903367494
41 44 37 0.0 0.0 7373.0 0.0 5368.0 67.0 132584.0 0.09486380268329041
41 44 38 0.0 1.0 6391.0 0.0 2914.0 60.0 160797.0 0.12393767705382433
41 44 39 0.0 0.0 8127.0 0.0 3455.0 53.0 155645.0 0.10312315851502651
41 44 40 0.0 0.0 8895.0 0.0 3439.0 54.0 155190.0 0.09771077610273589
41 44 41 0.0 1.0 7157.0 1.0 2729.0 38.0 162092.0 0.11752854264607117
41 44 42 0.0 0.0 8470.0 0.0 4700.0 75.0 139805.0 0.09237265769332276
41 44 43 0.0 0.0 6992.0 0.0 5458.0 71.0 130396.0 0.09691934925579783
41 44 44 0.0 0.0 5607.0 0.0 7767.0 80.0 99297.0 0.0910450673083176
41 44 45 0.0 0.0 4164.0 0.0 10895.0 81.0 64209.0 0.08208255159474671
41 44 46 0.0 0.0 3291.0 0.0 11297.0 58.0 53579.0 0.08430180044559522
41 44 47 0.0 0.0 2131.0 0.0 12522.0 63.0 31372.0 0.08414978662018392
41 44 48 0.0 0.0 1231.0 0.0 12783.0 43.0 14120.0 0.08742350443362058
41 44 49 0.0 0.0 314.0 0.0 7208.0 24.0 846.0 0.1473839351510685
41 44 50 0.0 0.0 28.0 0.0 535.0 6.0 2.0 0.5475166210402814
41 44 51 0.0 0.0 0.0 0.0 16.0 0.0 0.0 0.6944444444444444
41 45 29 0.0 0.0 9.0 0.0 194.0 2.0 0.0 0.6360745115856428
41 45 30 0.0 0.0 158.0 0.0 3833.0 15.0 156.0 0.23427041499330653
41 45 31 0.0 0.0 544.0 0.0 10059.0 20.0 2767.0 0.11115522032552598
41 45 32 0.0 0.0 977.0 0.0 12552.0 37.0 9660.0 0.09021781157365638
41 45 33 0.0 0.0 1900.0 0.0 12642.0 61.0 27621.0 0.08471499455403605
41 45 34 0.0 0.0 3864.0 0.0 9535.0 74.0 72618.0 0.09078529278256921
41 45 35 0.0 0.0 4362.0 0.0 7366.0 71.0 98498.0 0.10189228529839882
41 45 36 0.0 0.0 5100.0 0.0 8188.0 78.0 93998.0 0.09161104567464991
41 45 37 0.0 0.0 5246.0 0.0 5427.0 66.0 127188.0 0.11047979797979796
41 45 38 0.0 0.0 6600.0 0.0 6215.0 95.0 122207.0 0.09462016761286833
41 45 39 0.0 0.0 7212.0 0.0 6071.0 79.0 125085.0 0.09159306509649982
41 45 40 0.0 0.0 7053.0 0.0 5129.0 56.0 134134.0 0.09860543738554725
41 45 41 0.0 1.0 6935.0 1.0 5714.0 75.0 127105.0 0.09541984732824427
41 45 42 0.0 0.0 6541.0 0.0 7367.0 84.0 108295.0 0.08808355354221718
41 45 43 0.0 0.0 5234.0 0.0 7368.0 81.0 103644.0 0.09593640786678544
41 45 44 0.0 0.0 4176.0 0.0 10626.0 84.0 64765.0 0.08330358205402831
41 45 45 0.0 0.0 3357.0 0.0 10561.0 82.0 58544.0 0.08800603469952224
41 45 46 0.0 0.0 2744.0 0.0 11014.0 65.0 49091.0 0.08884940026654818
41 45 47 0.0 0.0 1743.0 0.0 12800.0 38.0 24103.0 0.08456148828219376
41 45 48 0.0 0.0 982.0 0.0 12518.0 26.0 10881.0 0.09034589571502322
41 45 49 0.0 0.0 278.0 0.0 5956.0 21.0 466.0 0.17046146353342256
41 45 50 0.0 0.0 3.0 0.0 104.0 0.0 0.0 0.6644518272425248
41 46 29 0.0 0.0 0.0 0.0 10.0 1.0 0.0 0.6968641114982577
41 46 30 0.0 0.0 127.0 0.0 2540.0 17.0 35.0 0.30107526881720426
41 46 31 0.0 0.0 607.0 0.0 10490.0 33.0 2970.0 0.1070827596756922
41 46 32 0.0 0.0 669.0 0.0 11238.0 27.0 4883.0 0.10080645161290322
41 46 33 0.0 0.0 1991.0 0.0 12362.0 68.0 31054.0 0.0857685474483857
41 46 34 0.0 0.0 2336.0 0.0 11597.0 51.0 38798.0 0.08780732563973907
41 46 35 0.0 0.0 2307.0 0.0 13142.0 43.0 29909.0 0.08022922636103151
41 46 36 0.0 0.0 3830.0 0.0 9590.0 62.0 70337.0 0.09074410163339382
41 46 37 0.0 0.0 4262.0 0.0 9523.0 80.0 74266.0 0.08869179600886917
41 46 38 0.0 0.0 4916.0 0.0 9009.0 79.0 83970.0 0.08786243253420359
41 46 39 0.0 0.0 5030.0 0.0 7543.0 71.0 99016.0 0.09606807109037259
41 46 40 0.0 0.0 5131.0 0.0 10296.0 92.0 74945.0 0.08034433285509325
41 46 41 0.0 0.0 5030.0 0.0 7762.0 52.0 97081.0 0.09438414346389805
41 46 42 0.0 0.0 4405.0 0.0 10663.0 86.0 65932.0 0.08212106992022523
41 46 43 0.0 0.0 3734.0 0.0 10749.0 74.0 60691.0 0.08492053863884506
41 46 44 0.0 0.0 3347.0 0.0 10092.0 52.0 61516.0 0.09055627425614488
41 46 45 0.0 0.0 1715.0 0.0 13186.0 39.0 22093.0 0.08282063416942734
41 46 46 0.0 0.0 1139.0 0.0 13034.0 27.0 12122.0 0.08656402646385951
41 46 47 0.0 0.0 1546.0 0.0 12592.0 37.0 22131.0 0.08676789587852494
41 46 48 0.0 0.0 820.0 0.0 12030.0 27.0 6532.0 0.09428879310344826
41 46 49 0.0 0.0 173.0 0.0 4567.0 11.0 240.0 0.20808561236623063
41 46 50 0.0 0.0 36.0 0.0 960.0 10.0 2.0 0.46885465505693225
41 47 30 0.0 0.0 0.0 0.0 47.0 0.0 0.0 0.6839276990718123
41 47 31 0.0 0.0 198.0 0.0 4698.0 13.0 222.0 0.20337013364323064
41 47 32 0.0 0.0 479.0 0.0 8792.0 31.0 1521.0 0.12444444444444443
41 47 33 0.0 0.0 1378.0 0.0 12929.0 37.0 17472.0 0.08585270129392285
41 47 34 0.0 0.0 1308.0 0.0 12887.0 35.0 15637.0 0.08646779074794639
41 47 35 0.0 0.0 1472.0 0.0 12902.0 32.0 19507.0 0.08549096238397655
41 47 36 0.0 0.0 2063.0 0.0 12749.0 51.0 30007.0 0.08324414317992626
41 47 37 0.0 0.0 2405.0 0.0 12493.0 64.0 35383.0 0.08291873963515753
41 47 38 0.0 0.0 2445.0 0.0 12137.0 47.0 37308.0 0.08438818565400844
41 47 39 0.0 0.0 2894.0 0.0 11833.0 72.0 44495.0 0.08377715277362216
41 47 40 0.0 0.0 3291.0 0.0 10495.0 69.0 58839.0 0.08871989860583016
41 47 41 0.0 0.0 2602.0 0.0 12504.0 70.0 37091.0 0.08184741303712363
41 47 42 0.0 0.0 2188.0 0.0 13206.0 37.0 28967.0 0.08041817450743867
41 47 43 0.0 0.0 1572.0 0.0 13294.0 35.0 18321.0 0.0830072334874896
41 47 44 0.0 0.0 1621.0 0.0 12820.0 37.0 22827.0 0.08513743614692287
41 47 45 0.0 0.0 1716.0 0.0 12702.0 47.0 24528.0 0.0851996105160662
41 47 46 0.0 0.0 1003.0 0.0 12552.0 29.0 9556.0 0.08994539029874718
41 47 47 0.0 0.0 332.0 0.0 7066.0 22.0 819.0 0.1492060108707236
41 47 48 0.0 0.0 277.0 0.0 6441.0 19.0 667.0 0.16088255573431393
41 47 49 0.0 0.0 170.0 0.0 4280.0 14.0 227.0 0.2174588381484933
41 47 50 0.0 0.0 2.0 0.0 24.0 0.0 0.0 0.6910167818361302
41 48 30 0.0 0.0 1.0 0.0 25.0 0.0 0.0 0.6910167818361302
41 48 31 0.0 0.0 165.0 0.0 4033.0 21.0 130.0 0.2266105535772094
41 48 32 0.0 0.0 711.0 0.0 11663.0 40.0 5977.0 0.09756777475782283
41 48 33 0.0 0.0 495.0 0.0 9554.0 33.0 2222.0 0.11635638297872339
41 48 34 0.0 0.0 685.0 0.0 11397.0 30.0 5386.0 0.09950248756218905
41 48 35 0.0 0.0 863.0 0.0 11982.0 30.0 8361.0 0.09433962264150943
41 48 36 0.0 0.0 839.0 0.0 12224.0 29.0 7849.0 0.09295531505212136
41 48 37 0.0 0.0 636.0 0.0 10164.0 30.0 2460.0 0.10946907498631636
41 48 38 0.0 0.0 1111.0 0.0 12988.0 32.0 10943.0 0.08698893997763141
41 48 39 0.0 0.0 1468.0 0.0 13230.0 48.0 18154.0 0.08388759062855772
41 48 40 0.0 0.0 1100.0 0.0 12953.0 25.0 10443.0 0.08720568082720817
41 48 41 0.0 0.0 1208.0 0.0 13065.0 38.0 13033.0 0.0860479409956976
41 48 42 0.0 0.0 1064.0 0.0 12958.0 28.0 9523.0 0.08742896396677699
41 48 43 0.0 0.0 736.0 0.0 11544.0 23.0 4752.0 0.09809417040358744
41 48 44 0.0 0.0 489.0 0.0 8891.0 22.0 1510.0 0.12312021809867205
41 48 45 0.0 0.0 266.0 0.0 6525.0 14.0 737.0 0.15939883866560398
41 48 46 0.0 0.0 307.0 0.0 6909.0 17.0 784.0 0.15210777922642327
41 48 47 0.0 0.0 882.0 0.0 12141.0 28.0 7924.0 0.09319044132330426
41 48 48 0.0 0.0 331.0 0.0 7537.0 18.0 1079.0 0.14198782961460446
41 48 49 0.0 0.0 57.0 0.0 1428.0 7.0 12.0 0.40229885057471254
41 48 50 0.0 0.0 0.0 0.0 5.0 0.0 0.0 0.6982543640897755
41 49 30 0.0 0.0 0.0 0.0 8.0 0.0 0.0 0.697211155378486
41 49 31 0.0 0.0 182.0 0.0 4226.0 11.0 193.0 0.21874999999999997
41 49 32 0.0 0.0 58.0 0.0 1389.0 14.0 10.0 0.40780658316341384
41 49 33 0.0 0.0 450.0 0.0 8556.0 26.0 1421.0 0.1274117218784128
41 49 34 0.0 0.0 121.0 0.0 2742.0 10.0 59.0 0.288481351741191
41 49 35 0.0 0.0 117.0 0.0 2920.0 18.0 58.0 0.27905122583217057
41 49 36 0.0 0.0 301.0 0.0 6777.0 27.0 720.0 0.15466195315952275
41 49 37 0.0 0.0 188.0 0.0 4285.0 17.0 208.0 0.2168189561715967
41 49 38 0.0 0.0 331.0 0.0 7682.0 21.0 1125.0 0.1399720055988802
41 49 39 0.0 0.0 457.0 0.0 9013.0 28.0 2083.0 0.12232415902140671
41 49 40 0.0 0.0 485.0 0.0 9498.0 21.0 2219.0 0.11691999331885751
41 49 41 0.0 0.0 520.0 0.0 9919.0 30.0 2679.0 0.11273957158962794
41 49 42 0.0 0.0 420.0 0.0 8309.0 30.0 1344.0 0.13074336944340678
41 49 43 0.0 0.0 101.0 0.0 2750.0 15.0 51.0 0.2894954507857733
41 49 44 0.0 0.0 196.0 0.0 3963.0 13.0 122.0 0.22775337563038878
41 49 45 0.0 0.0 335.0 0.0 7363.0 13.0 902.0 0.14444903012794055
41 49 46 0.0 0.0 27.0 0.0 752.0 7.0 4.0 0.5055976886962801
41 49 47 0.0 0.0 133.0 0.0 2930.0 15.0 62.0 0.2772277227722772
41 49 48 0.0 0.0 94.0 0.0 2536.0 13.0 41.0 0.3032272038119991
41 49 49 0.0 0.0 0.0 0.0 14.0 1.0 0.0 0.695479384003974
41 50 30 0.0 0.0 0.0 0.0 2.0 0.0 0.0 0.6993006993006992
41 50 31 0.0 0.0 0.0 0.0 6.0 0.0 0.0 0.6979062811565303
41 50 32 0.0 0.0 0.0 0.0 21.0 0.0 0.0 0.6927263730826323
41 50 33 0.0 0.0 2.0 0.0 37.0 1.0 0.0 0.6869479882237487
41 50 34 0.0 0.0 4.0 0.0 78.0 1.0 0.0 0.6727534839019701
41 50 35 0.0 0.0 3.0 0.0 150.0 1.0 0.0 0.6505576208178437
41 50 36 0.0 0.0 2.0 0.0 85.0 0.0 0.0 0.670819357930043
41 50 37 0.0 0.0 1.0 0.0 130.0 0.0 0.0 0.6569685593618019
41 50 38 0.0 0.0 97.0 0.0 2259.0 13.0 27.0 0.3222836095764272
41 50 39 0.0 0.0 264.0 0.0 6148.0 17.0 572.0 0.16666666666666663
41 50 40 0.0 0.0 179.0 0.0 4450.0 18.0 222.0 0.2117362371445856
41 50 41 0.0 0.0 134.0 0.0 3149.0 17.0 82.0 0.26575550493545935
41 50 42 0.0 0.0 124.0 0.0 2995.0 18.0 58.0 0.2741335421969845
41 50 43 0.0 0.0 103.0 0.0 2539.0 12.0 45.0 0.30237580993520513
41 50 44 0.0 0.0 0.0 0.0 63.0 0.0 0.0 0.6789524733268669
41 50 45 0.0 0.0 0.0 0.0 35.0 0.0 0.0 0.6879606879606879
41 50 46 0.0 0.0 0.0 0.0 21.0 0.0 0.0 0.6927263730826323
41 50 47 0.0 0.0 0.0 0.0 11.0 0.0 0.0 0.6961710591745399
41 50 48 0.0 0.0 0.0 0.0 5.0 0.0 0.0 0.6982543640897755
41 50 49 0.0 0.0 0.0 0.0 1.0 0.0 0.0 0.6996501749125437
41 51 36 0.0 0.0 0.0 0.0 2.0 0.0 0.0 0.6993006993006992
41 51 37 0.0 0.0 0.0 0.0 1.0 0.0 0.0 0.6996501749125437
41 51 38 0.0 0.0 30.0 0.0 664.0 4.0 3.0 0.520446096654275
41 51 39 0.0 0.0 21.0 0.0 544.0 8.0 5.0 0.5475166210402814
41 51 40 0.0 0.0 0.0 0.0 48.0 1.0 0.0 0.6839276990718123
41 51 41 0.0 0.0 1.0 0.0 24.0 0.0 0.0 0.6916996047430829
41 51 42 0.0 0.0 0.0 0.0 20.0 0.0 0.0 0.6930693069306929
41 51 43 0.0 0.0 1.0 0.0 8.0 1.0 0.0 0.697211155378486
41 51 44 0.0 0.0 0.0 0.0 2.0 0.0 0.0 0.6993006993006992
41 52 39 0.0 0.0 0.0 0.0 1.0 0.0 0.0 0.6996501749125437
42 28 42 0.0 0.0 0.0 0.0 1.0 0.0 0.0 0.6996501749125437
42 29 35 0.0 0.0 0.0 0.0 3.0 0.0 0.0 0.6989515726410384
42 29 36 0.0 0.0 0.0 0.0 17.0 0.0 0.0 0.694100148735746
42 29 37 0.0 0.0 0.0 0.0 28.0 0.0 0.0 0.690335305719921
42 29 38 0.0 0.0 14.0 0.0 394.0 6.0 1.0 0.5828476269775186
42 29 39 0.0 0.0 0.0 0.0 38.0 0.0 0.0 0.6869479882237487
42 29 40 0.0 0.0 10.0 0.0 216.0 1.0 0.0 0.6294964028776977
42 29 41 0.0 0.0 0.0 0.0 58.0 0.0 0.0 0.6802721088435373
42 29 42 0.0 0.0 26.0 0.0 852.0 6.0 7.0 0.48746518105849573
42 29 43 0.0 0.0 41.0 0.0 725.0 6.0 1.0 0.5072463768115941
42 29 44 0.0 0.0 0.0 0.0 18.0 0.0 0.0 0.6937561942517343
42 29 45 0.0 0.0 0.0 0.0 5.0 0.0 0.0 0.6982543640897755
42 29 47 0.0 0.0 0.0 0.0 1.0 0.0 0.0 0.6996501749125437
42 30 32 0.0 0.0 0.0 0.0 2.0 0.0 0.0 0.6993006993006992
42 30 33 0.0 0.0 0.0 0.0 5.0 0.0 0.0 0.6982543640897755
42 30 34 0.0 0.0 3.0 0.0 70.0 2.0 0.0 0.6760019314340897
42 30 35 0.0 0.0 68.0 0.0 1610.0 14.0 17.0 0.3820960698689955
42 30 36 0.0 0.0 132.0 0.0 3194.0 21.0 67.0 0.2639019792648445
42 30 37 0.0 0.0 380.0 0.0 7391.0 22.0 914.0 0.1434867274777083
42 30 38 0.0 0.0 369.0 0.0 8056.0 16.0 1285.0 0.1344086021505376
42 30 39 0.0 0.0 180.0 0.0 3549.0 18.0 105.0 0.24522683482221053
42 30 40 0.0 0.0 207.0 0.0 5013.0 21.0 274.0 0.1944174420219414
42 30 41 0.0 0.0 514.0 0.0 9739.0 25.0 2265.0 0.11437908496732026
42 30 42 0.0 0.0 208.0 0.0 4087.0 17.0 166.0 0.22296544035674468
42 30 43 0.0 0.0 89.0 0.0 2068.0 11.0 23.0 0.33759344104171685
42 30 44 0.0 0.0 109.0 0.0 2374.0 14.0 37.0 0.31333930170098473
42 30 45 0.0 0.0 142.0 0.0 3195.0 18.0 69.0 0.2632073698063545
42 30 46 0.0 0.0 60.0 0.0 1810.0 10.0 22.0 0.36269430051813467
42 30 47 0.0 0.0 0.0 0.0 24.0 0.0 0.0 0.6920415224913494
42 30 48 0.0 0.0 0.0 0.0 8.0 0.0 0.0 0.697211155378486
42 31 31 0.0 0.0 0.0 0.0 2.0 0.0 0.0 0.6993006993006992
42 31 32 0.0 0.0 13.0 0.0 209.0 5.0 0.0 0.6314839873703202
42 31 33 0.0 0.0 1.0 0.0 118.0 0.0 1.0 0.6606890042472864
42 31 34 0.0 0.0 147.0 0.0 3843.0 19.0 156.0 0.23442732752846618
42 31 35 0.0 0.0 445.0 0.0 8334.0 24.0 1328.0 0.13008734435978442
42 31 36 0.0 0.0 746.0 0.0 11504.0 26.0 5927.0 0.09829389875728427
42 31 37 0.0 0.0 757.0 0.0 11883.0 24.0 5881.0 0.09563494774233212
42 31 38 0.0 0.0 1026.0 0.0 12670.0 37.0 11807.0 0.08923449550640576
42 31 39 0.0 0.0 911.0 0.0 12598.0 25.0 7967.0 0.09031092762224228
42 31 40 0.0 0.0 1401.0 0.0 12846.0 42.0 19441.0 0.08618036318867342
42 31 41 0.0 0.0 752.0 0.0 11675.0 31.0 5559.0 0.09714801193532717
42 31 42 0.0 0.0 629.0 0.0 11146.0 20.0 4986.0 0.10165553296543711
42 31 43 0.0 0.0 622.0 0.0 10803.0 29.0 3716.0 0.10442306257924963
42 31 44 0.0 0.0 484.0 0.0 9537.0 28.0 2602.0 0.1166375072898442
42 31 45 0.0 0.0 457.0 0.0 9184.0 27.0 1962.0 0.12046119428669762
42 31 46 0.0 0.0 454.0 0.0 9225.0 25.0 2215.0 0.12003772614250191
42 31 47 0.0 0.0 274.0 0.0 5644.0 26.0 384.0 0.17739483020780533
42 31 48 0.0 0.0 26.0 0.0 611.0 7.0 1.0 0.5325218714340052
42 31 49 0.0 0.0 0.0 0.0 2.0 0.0 0.0 0.6993006993006992
42 32 30 0.0 0.0 0.0 0.0 1.0 0.0 0.0 0.6996501749125437
42 32 31 0.0 0.0 0.0 0.0 33.0 0.0 0.0 0.6889763779527558
42 32 32 0.0 0.0 168.0 0.0 4142.0 9.0 183.0 0.22211645248294457
42 32 33 0.0 0.0 145.0 0.0 3764.0 13.0 117.0 0.23736859952526274
42 32 34 0.0 0.0 258.0 0.0 5852.0 21.0 422.0 0.17286084701815035
42 32 35 0.0 0.0 1164.0 0.0 12828.0 28.0 13604.0 0.08749999999999998
42 32 36 0.0 0.0 1158.0 0.0 13242.0 31.0 12277.0 0.08535544445799291
42 32 37 0.0 0.0 1740.0 0.0 13185.0 37.0 22207.0 0.08264462809917354
42 32 38 0.0 0.0 1822.0 0.0 12789.0 33.0 25554.0 0.08426628144938003
42 32 39 0.0 0.0 2208.0 0.0 11852.0 66.0 36499.0 0.08716767324575056
42 32 40 0.0 0.0 1825.0 0.0 12779.0 45.0 26248.0 0.08429164910590642
42 32 41 0.0 0.0 1405.0 0.0 13527.0 33.0 15826.0 0.08262024195928001
42 32 42 0.0 0.0 1761.0 0.0 12536.0 51.0 26933.0 0.08590011044299914
42 32 43 0.0 0.0 1151.0 0.0 12930.0 25.0 10875.0 0.08697813121272366
42 32 44 0.0 0.0 1487.0 0.0 12819.0 45.0 20377.0 0.08583690987124462
42 32 45 0.0 0.0 1215.0 0.0 12897.0 35.0 13642.0 0.08679479231246125
42 32 46 0.0 0.0 379.0 0.0 7851.0 28.0 1068.0 0.13717421124828533
42 32 47 0.0 0.0 574.0 0.0 10104.0 28.0 2894.0 0.11053213327017211
42 32 48 0.0 0.0 7.0 0.0 341.0 0.0 0.0 0.5962521294718909
42 32 49 0.0 0.0 0.0 0.0 31.0 0.0 0.0 0.6893156080748399
42 32 50 0.0 0.0 0.0 0.0 7.0 0.0 0.0 0.6975585450921773
42 32 51 0.0 0.0 0.0 0.0 1.0 0.0 0.0 0.6996501749125437
42 33 30 0.0 0.0 0.0 0.0 3.0 0.0 0.0 0.6989515726410384
42 33 31 0.0 0.0 30.0 0.0 922.0 9.0 5.0 0.4757050628610261
42 33 32 0.0 0.0 380.0 0.0 6870.0 19.0 635.0 0.1516300227445034
42 33 33 0.0 0.0 471.0 0.0 8840.0 18.0 1596.0 0.12393767705382433
42 33 34 0.0 0.0 730.0 0.0 11641.0 32.0 4958.0 0.09758137589740014
42 33 35 0.0 0.0 1453.0 0.0 13321.0 41.0 17399.0 0.0834625014904018
42 33 36 0.0 0.0 2535.0 0.0 11751.0 60.0 41522.0 0.08596868283696653
42 33 37 0.0 0.0 3378.0 0.0 10697.0 61.0 57431.0 0.08703761268262356
42 33 38 0.0 0.0 3388.0 0.0 11354.0 76.0 53604.0 0.08371703641691082
42 33 39 0.0 0.0 3416.0 0.0 10769.0 79.0 57216.0 0.08652657601977749
42 33 40 0.0 0.0 3461.0 0.0 11610.0 69.0 52669.0 0.08198641368001873
42 33 41 0.0 0.0 3625.0 0.0 10045.0 71.0 65490.0 0.08921175046198941
42 33 42 0.0 0.0 3088.0 0.0 11297.0 86.0 51204.0 0.0855170728727628
42 33 43 0.0 0.0 2805.0 0.0 11620.0 66.0 45481.0 0.08526187576126673
42 33 44 0.0 0.0 2748.0 0.0 11015.0 65.0 48936.0 0.08888888888888888
42 33 45 0.0 0.0 1185.0 0.0 13241.0 32.0 12159.0 0.08525668351501126
42 33 46 0.0 0.0 1114.0 0.0 12868.0 31.0 11781.0 0.08761499468051817
42 33 47 0.0 0.0 882.0 0.0 12313.0 32.0 6758.0 0.09220231822971549
42 33 48 0.0 0.0 210.0 0.0 5205.0 8.0 389.0 0.1890103955717564
42 33 49 0.0 0.0 417.0 0.0 8112.0 23.0 1274.0 0.13311780926119612
42 33 50 0.0 0.0 17.0 0.0 314.0 4.0 1.0 0.6018916595012896
42 33 51 0.0 0.0 0.0 0.0 1.0 0.0 0.0 0.6996501749125437
42 34 29 0.0 0.0 0.0 0.0 1.0 0.0 0.0 0.6996501749125437
42 34 30 0.0 0.0 19.0 0.0 281.0 2.0 0.0 0.609225413402959
42 34 31 0.0 0.0 43.0 0.0 1603.0 6.0 13.0 0.38472107721901616
42 34 32 0.0 0.0 574.0 0.0 10285.0 30.0 3141.0 0.1090427603395903
42 34 33 0.0 0.0 1292.0 0.0 13079.0 41.0 14150.0 0.08554319931565439
42 34 34 0.0 0.0 1515.0 0.0 13237.0 60.0 18285.0 0.08370702541106127
42 34 35 0.0 0.0 2017.0 0.0 13271.0 45.0 25911.0 0.08099976857208979
42 34 36 0.0 0.0 3771.0 0.0 9530.0 75.0 71028.0 0.09148532967392013
42 34 37 0.0 0.0 4840.0 0.0 7398.0 75.0 99855.0 0.09821115398105927
42 34 38 0.0 0.0 5458.0 0.0 9059.0 79.0 88011.0 0.08467912659529425
42 34 39 0.0 0.0 5918.0 0.0 8640.0 85.0 93264.0 0.084433990712261
42 34 40 0.0 0.0 5744.0 0.0 8938.0 96.0 90023.0 0.08398824164616953
42 34 41 0.0 0.0 5391.0 0.0 7628.0 75.0 100911.0 0.09326493904470054
42 34 42 0.0 0.0 4593.0 0.0 11288.0 101.0 62164.0 0.07842258570468294
42 34 43 0.0 0.0 4581.0 0.0 7856.0 58.0 93107.0 0.09687910871219983
42 34 44 0.0 0.0 3257.0 0.0 12191.0 61.0 45374.0 0.08016491067338524
42 34 45 0.0 0.0 3023.0 0.0 11083.0 63.0 50282.0 0.0869403216791902
42 34 46 0.0 0.0 1883.0 0.0 13063.0 45.0 25116.0 0.08253743662303974
42 34 47 0.0 0.0 1170.0 0.0 12749.0 28.0 14564.0 0.0878679470281805
42 34 48 0.0 0.0 1031.0 0.0 12787.0 44.0 9093.0 0.08860198721599898
42 34 49 0.0 0.0 256.0 0.0 5845.0 19.0 452.0 0.17311734883145788
42 34 50 0.0 0.0 10.0 0.0 334.0 5.0 1.0 0.5988023952095808
42 34 51 0.0 0.0 0.0 0.0 9.0 0.0 0.0 0.6968641114982577
42 35 29 0.0 0.0 0.0 0.0 3.0 0.0 0.0 0.6989515726410384
42 35 30 0.0 0.0 107.0 0.0 3033.0 11.0 92.0 0.2729576915578085
42 35 31 0.0 0.0 187.0 0.0 4564.0 14.0 227.0 0.20777678836449984
42 35 32 0.0 0.0 1075.0 0.0 12809.0 42.0 11039.0 0.08821120282275849
42 35 33 0.0 0.0 1471.0 0.0 13240.0 36.0 17809.0 0.08373706561397212
42 35 34 0.0 0.0 3133.0 0.0 10931.0 75.0 53632.0 0.08713512167797348
42 35 35 0.0 0.0 4049.0 0.0 9443.0 99.0 74679.0 0.0905211431527221
42 35 36 0.0 0.0 4520.0 0.0 11614.0 71.0 61160.0 0.07717325395512925
42 35 37 0.0 0.0 6114.0 0.0 6637.0 90.0 114862.0 0.0949603201519365
42 35 38 0.0 0.0 6459.0 0.0 4770.0 70.0 137818.0 0.10581210792835008
42 35 39 0.0 0.0 7116.0 0.0 4134.0 55.0 146419.0 0.10566835232847761
42 35 40 0.0 0.0 7945.0 0.0 5097.0 83.0 135801.0 0.09320284934425137
42 35 41 0.0 0.0 7551.0 0.0 5210.0 65.0 135799.0 0.09480598632085052
42 35 42 0.0 0.0 7541.0 0.0 6180.0 86.0 124200.0 0.08900190718372536
42 35 43 0.0 0.0 6268.0 0.0 5895.0 78.0 122787.0 0.09882818014965408
42 35 44 0.0 0.0 5564.0 0.0 8196.0 102.0 97022.0 0.08895101340618844
42 35 45 0.0 0.0 4430.0 0.0 10128.0 91.0 72473.0 0.08449004224502112
42 35 46 0.0 0.0 2913.0 0.0 11811.0 55.0 45396.0 0.08362702347530016
42 35 47 0.0 0.0 1787.0 0.0 13197.0 41.0 23096.0 0.08237716975581053
42 35 48 0.0 0.0 1625.0 0.0 12123.0 47.0 26007.0 0.08885503935008884
42 35 49 0.0 0.0 665.0 0.0 11366.0 28.0 4872.0 0.09985022466300547
42 35 50 0.0 0.0 43.0 0.0 1217.0 12.0 12.0 0.4310344827586206
42 35 51 0.0 0.0 0.0 0.0 13.0 0.0 0.0 0.695479384003974
42 36 29 0.0 0.0 0.0 0.0 2.0 0.0 0.0 0.6993006993006992
42 36 30 0.0 0.0 3.0 0.0 243.0 1.0 0.0 0.623885918003565
42 36 31 0.0 0.0 384.0 0.0 8317.0 16.0 1625.0 0.13093901982790868
42 36 32 0.0 0.0 1223.0 0.0 13235.0 36.0 13576.0 0.0850805226374962
42 36 33 0.0 0.0 2740.0 0.0 11083.0 74.0 48814.0 0.08845084660096031
42 36 34 0.0 0.0 3882.0 0.0 9737.0 83.0 70572.0 0.08974358974358973
42 36 35 0.0 0.0 5147.0 0.0 8224.0 70.0 92882.0 0.09105098855358999
42 36 36 0.0 0.0 5698.0 0.0 5761.0 65.0 123315.0 0.10392695419790661
42 36 37 0.0 0.0 7491.0 0.0 5930.0 85.0 126485.0 0.09079706855178675
42 36 38 0.0 0.0 8149.0 0.0 3813.0 41.0 151243.0 0.10010010010010008
42 36 39 0.0 0.0 6762.0 0.0 2142.0 22.0 169930.0 0.12812299807815503
42 36 40 0.0 0.0 8852.0 0.0 2580.0 37.0 164451.0 0.10408148093078581
42 36 41 0.0 0.0 7450.0 0.0 2274.0 43.0 168849.0 0.11964789334244934
42 36 42 0.0 0.0 7959.0 0.0 2956.0 37.0 160153.0 0.1083088349063902
42 36 43 0.0 0.0 6953.0 0.0 3232.0 39.0 156944.0 0.11484823625922885
42 36 44 0.0 0.0 7381.0 0.0 5823.0 86.0 127130.0 0.09228132621448815
42 36 45 0.0 0.0 5871.0 0.0 7948.0 86.0 100714.0 0.08843967150979153
42 36 46 0.0 0.0 4331.0 0.0 8499.0 71.0 85336.0 0.09440323668240053
42 36 47 0.0 0.0 2581.0 0.0 11961.0 66.0 40381.0 0.08472524812394092
42 36 48 0.0 0.0 1508.0 0.0 12462.0 57.0 22045.0 0.0877577885037297
42 36 49 0.0 0.0 759.0 0.0 11546.0 25.0 5132.0 0.09795004547680682
42 36 50 0.0 0.0 250.0 0.0 5335.0 18.0 320.0 0.18486729169417665
42 36 51 0.0 0.0 86.0 0.0 2041.0 21.0 23.0 0.340881421962503
42 37 29 0.0 0.0 0.0 0.0 8.0 0.0 0.0 0.697211155378486
42 37 30 0.0 0.0 86.0 0.0 2286.0 10.0 49.0 0.3208801283520513
42 37 31 0.0 0.0 542.0 0.0 10264.0 23.0 2759.0 0.10941774130519732
42 37 32 0.0 0.0 1894.0 0.0 12522.0 54.0 27740.0 0.08531383302864107
42 37 33 0.0 0.0 2891.0 0.0 12275.0 58.0 42119.0 0.081537565521258
42 37 34 0.0 0.0 4496.0 0.0 7247.0 81.0 101039.0 0.10175158078348716
42 37 35 0.0 0.0 5685.0 0.0 6093.0 58.0 119264.0 0.10146398028699811
42 37 36 0.0 0.0 7179.0 0.0 6159.0 69.0 124127.0 0.09112210361884925
42 37 37 0.0 0.0 8173.0 0.0 4220.0 58.0 147466.0 0.09732360097323599
42 37 38 0.0 0.0 8241.0 0.0 2323.0 39.0 166999.0 0.11144722177997134
42 37 39 0.0 0.0 7000.0 0.0 1334.0 21.0 179432.0 0.1355407106205828
42 37 40 0.0 0.0 6447.0 0.0 879.0 18.0 184384.0 0.15015015015015012
42 37 41 0.0 0.0 6632.0 0.0 957.0 6.0 183278.0 0.14609203798392983
42 37 42 0.0 0.0 8403.0 0.0 1529.0 22.0 176441.0 0.1172431119671719
42 37 43 0.0 0.0 6620.0 0.0 1627.0 26.0 175262.0 0.13675881605939239
42 37 44 0.0 0.0 6991.0 0.0 3064.0 54.0 158723.0 0.11602850986242334
42 37 45 0.0 0.0 5836.0 0.0 4426.0 56.0 139558.0 0.1141552511415525
42 37 46 0.0 0.0 5099.0 0.0 9702.0 83.0 79657.0 0.08329366968110423
42 37 47 0.0 0.0 2638.0 0.0 12976.0 66.0 34637.0 0.07949576968939866
42 37 48 0.0 0.0 1963.0 0.0 12230.0 59.0 31107.0 0.08654797230464886
42 37 49 0.0 0.0 947.0 0.0 12589.0 38.0 9615.0 0.09013068949977465
42 37 50 0.0 0.0 443.0 0.0 8495.0 25.0 1438.0 0.1281816517121406
42 37 51 0.0 0.0 1.0 0.0 31.0 0.0 0.0 0.6889763779527558
42 38 28 0.0 0.0 0.0 0.0 1.0 0.0 0.0 0.6996501749125437
42 38 29 0.0 0.0 0.0 0.0 25.0 0.0 0.0 0.6913580246913579
42 38 30 0.0 0.0 124.0 0.0 2986.0 15.0 77.0 0.27488709994109556
42 38 31 0.0 0.0 814.0 0.0 12014.0 33.0 7334.0 0.09450519778587821
42 38 32 0.0 0.0 2081.0 0.0 12534.0 54.0 30265.0 0.0842713537591043
42 38 33 0.0 0.0 3742.0 0.0 8417.0 67.0 80643.0 0.09877936922317081
42 38 34 0.0 0.0 5024.0 0.0 7037.0 55.0 104411.0 0.09941063693815236
42 38 35 0.0 0.0 6564.0 0.0 6188.0 63.0 122391.0 0.09481882831019302
42 38 36 0.0 0.0 6960.0 0.0 3722.0 58.0 152417.0 0.11059325381151748
42 38 37 1.0 0.0 9457.0 0.0 3052.0 39.0 159337.0 0.09639217846323327
42 38 38 0.0 0.0 7562.0 0.0 1369.0 24.0 178452.0 0.1282168696767103
42 38 39 0.0 0.0 7713.0 0.0 814.0 18.0 184051.0 0.13307984790874522
42 38 40 0.0 0.0 5871.0 0.0 533.0 10.0 188640.0 0.1665675193337299
42 38 41 0.0 0.0 6006.0 0.0 479.0 7.0 189442.0 0.16468650746970942
42 38 42 0.0 0.0 7681.0 0.0 914.0 15.0 183370.0 0.1319385543304118
42 38 43 0.0 0.0 8822.0 0.0 1713.0 26.0 174036.0 0.11167836630504147
42 38 44 0.0 0.0 8011.0 0.0 2988.0 40.0 160162.0 0.10753514094784544
42 38 45 0.0 0.0 7158.0 0.0 5343.0 58.0 132557.0 0.096325856612082
42 38 46 0.0 0.0 5341.0 0.0 8884.0 79.0 88248.0 0.08628127696289904
42 38 47 0.0 0.0 3865.0 0.0 8380.0 62.0 84171.0 0.0980666853460353
42 38 48 0.0 0.0 1483.0 0.0 13460.0 42.0 16547.0 0.08263974971961513
42 38 49 0.0 0.0 771.0 0.0 11822.0 42.0 5697.0 0.0960746637386769
42 38 50 0.0 0.0 39.0 0.0 1240.0 6.0 7.0 0.427742132600061
42 38 51 0.0 0.0 0.0 0.0 27.0 1.0 0.0 0.6910167818361302
42 39 29 0.0 0.0 1.0 0.0 32.0 0.0 0.0 0.6886374815543531
42 39 30 0.0 0.0 120.0 0.0 2623.0 17.0 45.0 0.29610829103214886
42 39 31 0.0 0.0 575.0 0.0 10257.0 27.0 2821.0 0.10916179337231968
42 39 32 0.0 0.0 1760.0 0.0 13073.0 52.0 22791.0 0.08321445553970516
42 39 33 0.0 0.0 3164.0 0.0 10656.0 63.0 56085.0 0.08842849924204144
42 39 34 0.0 0.0 5152.0 0.0 8767.0 85.0 88413.0 0.08795627316705408
42 39 35 0.0 0.0 6463.0 0.0 5008.0 73.0 133477.0 0.10402734433050971
42 39 36 0.0 0.0 7657.0 0.0 3269.0 43.0 156558.0 0.10826695537854768
42 39 37 0.0 0.0 7445.0 0.0 1599.0 26.0 175268.0 0.1266624445851805
42 39 38 0.0 0.0 8277.0 0.0 1103.0 13.0 180871.0 0.12301203760653719
42 39 39 0.0 1.0 7295.0 0.0 632.0 16.0 186802.0 0.14102951546287898
42 39 40 0.0 3.0 6450.0 0.0 383.0 4.0 189609.0 0.15846066779852858
42 39 41 0.0 0.0 6988.0 0.0 432.0 8.0 188760.0 0.14884116521369337
42 39 42 0.0 0.0 5850.0 0.0 515.0 8.0 189054.0 0.16736401673640164
42 39 43 0.0 0.0 8617.0 0.0 1323.0 15.0 178206.0 0.11721366376423306
42 39 44 0.0 0.0 8129.0 0.0 2646.0 57.0 165496.0 0.1097867001254705
42 39 45 0.0 0.0 7694.0 0.0 5578.0 85.0 130997.0 0.09167703490275685
42 39 46 0.0 0.0 5418.0 0.0 8686.0 72.0 89922.0 0.08681093817821045
42 39 47 0.0 0.0 3360.0 0.0 11397.0 79.0 52006.0 0.08359706216038693
42 39 48 0.0 0.0 1892.0 0.0 12826.0 56.0 25626.0 0.08374207441081469
42 39 49 0.0 0.0 945.0 0.0 12339.0 30.0 7580.0 0.09166502979113467
42 39 50 0.0 0.0 66.0 0.0 1889.0 10.0 17.0 0.3548795944233206
42 39 51 0.0 0.0 1.0 0.0 36.0 0.0 0.0 0.6872852233676975
42 40 29 0.0 0.0 40.0 0.0 703.0 15.0 1.0 0.5131964809384163
42 40 30 0.0 0.0 79.0 0.0 1901.0 10.0 27.0 0.35264483627204024
42 40 31 0.0 0.0 861.0 0.0 12439.0 28.0 8391.0 0.0914733747141457
42 40 32 0.0 0.0 1263.0 0.0 13186.0 34.0 14349.0 0.08516851198442632
42 40 33 0.0 0.0 2695.0 0.0 12982.0 71.0 34791.0 0.07924827351975545
42 40 34 0.0 0.0 5326.0 0.0 8640.0 97.0 91387.0 0.0879396984924623
42 40 35 0.0 0.0 6599.0 0.0 4664.0 73.0 139112.0 0.10558865676144503
42 40 36 0.0 0.0 8868.0 0.0 3571.0 53.0 153665.0 0.09694619486185167
42 40 37 0.0 0.0 8114.0 0.0 1760.0 31.0 174245.0 0.11793446213461375
42 40 38 0.0 0.0 6841.0 0.0 773.0 12.0 185833.0 0.145681581685744
42 40 39 1.0 0.0 7482.0 0.0 557.0 4.0 187000.0 0.13953951958536825
42 40 40 0.0 0.0 7020.0 0.0 473.0 8.0 188717.0 0.1474149731494156
42 40 41 2.0 0.0 6654.0 0.0 463.0 3.0 188826.0 0.15342465753424656
42 40 42 0.0 0.0 6072.0 0.0 601.0 8.0 188032.0 0.16134608735738154
42 40 43 0.0 1.0 7662.0 0.0 1207.0 22.0 180127.0 0.12879484820607176
42 40 44 0.0 0.0 6797.0 0.0 2137.0 30.0 170297.0 0.12802926383173294
42 40 45 0.0 0.0 6967.0 0.0 4946.0 60.0 135866.0 0.10053859964093356
42 40 46 0.0 0.0 5103.0 0.0 9390.0 63.0 82685.0 0.08481250378627248
42 40 47 0.0 0.0 3036.0 0.0 11476.0 53.0 49354.0 0.0847098686997035
42 40 48 0.0 0.0 1537.0 0.0 13215.0 30.0 18867.0 0.08349236641221373
42 40 49 0.0 0.0 523.0 0.0 9903.0 20.0 2737.0 0.11270326839478344
42 40 50 0.0 0.0 104.0 0.0 2894.0 16.0 62.0 0.280955247842665
42 40 51 0.0 0.0 3.0 0.0 76.0 1.0 0.0 0.6737247353224253
42 41 29 0.0 0.0 0.0 0.0 20.0 0.0 0.0 0.6930693069306929
42 41 30 0.0 0.0 54.0 0.0 1294.0 13.0 7.0 0.4199160167966406
42 41 31 0.0 0.0 942.0 0.0 12403.0 28.0 9917.0 0.09124087591240874
42 41 32 0.0 0.0 1417.0 0.0 13276.0 43.0 16175.0 0.0839278220730172
42 41 33 0.0 0.0 3182.0 0.0 10441.0 70.0 58164.0 0.08949689957169339
42 41 34 0.0 0.0 5188.0 0.0 7772.0 91.0 98925.0 0.09365174928088833
42 41 35 0.0 0.0 6999.0 0.0 5652.0 75.0 128336.0 0.09547841505831002
42 41 36 0.0 0.0 8328.0 0.0 3656.0 47.0 153288.0 0.10010010010010008
42 41 37 0.0 0.0 8838.0 0.0 1920.0 27.0 171263.0 0.10975227343994981
42 41 38 0.0 0.0 7387.0 0.0 952.0 14.0 182746.0 0.13540961408259986
42 41 39 0.0 0.0 7400.0 0.0 685.0 11.0 185776.0 0.1388337961126537
42 41 40 0.0 1.0 7662.0 0.0 652.0 13.0 185956.0 0.1356457707586474
42 41 41 0.0 0.0 9195.0 0.0 861.0 9.0 182153.0 0.11598044901002401
42 41 42 0.0 2.0 7253.0 0.0 912.0 11.0 183649.0 0.1375515818431912
42 41 43 0.0 1.0 7129.0 0.0 1549.0 27.0 176720.0 0.13117211655579497
42 41 44 0.0 0.0 7555.0 0.0 2847.0 46.0 161299.0 0.11299435028248586
42 41 45 0.0 0.0 7011.0 0.0 5275.0 73.0 133144.0 0.0980254866265229
42 41 46 0.0 0.0 4730.0 0.0 10377.0 85.0 70765.0 0.0818952910207663
42 41 47 0.0 0.0 2326.0 0.0 13707.0 54.0 26926.0 0.07765267069721005
42 41 48 0.0 0.0 1082.0 0.0 12955.0 24.0 9176.0 0.0873144567793439
42 41 49 0.0 0.0 548.0 0.0 10121.0 24.0 2773.0 0.11060199083583504
42 41 50 0.0 0.0 104.0 0.0 2555.0 20.0 41.0 0.3018542475204829
42 41 51 0.0 0.0 0.0 0.0 3.0 0.0 0.0 0.6989515726410384
42 42 28 0.0 0.0 0.0 0.0 1.0 0.0 0.0 0.6996501749125437
42 42 29 0.0 0.0 0.0 0.0 11.0 0.0 0.0 0.6961710591745399
42 42 30 0.0 0.0 45.0 0.0 1446.0 7.0 19.0 0.40195233993683593
42 42 31 0.0 0.0 350.0 0.0 7365.0 27.0 918.0 0.14444903012794055
42 42 32 0.0 0.0 1292.0 0.0 12762.0 33.0 16198.0 0.08716767324575056
42 42 33 0.0 0.0 2349.0 0.0 13442.0 44.0 29285.0 0.07867820613690006
42 42 34 0.0 0.0 4612.0 0.0 10428.0 67.0 69241.0 0.08211625315267757
42 42 35 0.0 0.0 7046.0 0.0 7448.0 68.0 109091.0 0.08480736612551489
42 42 36 0.0 0.0 7013.0 0.0 3297.0 50.0 155094.0 0.11381188521258434
42 42 37 0.0 0.0 9035.0 0.0 2832.0 47.0 161296.0 0.1009809578765147
42 42 38 0.0 2.0 6533.0 0.0 1233.0 19.0 180655.0 0.1433251433251433
42 42 39 1.0 0.0 6993.0 0.0 1015.0 16.0 182598.0 0.13974845278498702
42 42 40 0.0 1.0 8760.0 0.0 1224.0 17.0 178931.0 0.11691999331885751
42 42 41 0.0 2.0 6273.0 0.0 938.0 10.0 183811.0 0.15199218325914665
42 42 42 0.0 4.0 8351.0 0.0 1686.0 21.0 174059.0 0.1162597575153629
42 42 43 0.0 0.0 9238.0 0.0 3435.0 54.0 156308.0 0.09545888449474975
42 42 44 0.0 0.0 7495.0 0.0 4465.0 45.0 142774.0 0.10018605982539
42 42 45 0.0 0.0 6599.0 0.0 7463.0 78.0 107291.0 0.08712969878018421
42 42 46 0.0 0.0 4743.0 0.0 8872.0 77.0 85882.0 0.08957133717210491
42 42 47 0.0 0.0 2638.0 0.0 12111.0 71.0 40211.0 0.0836470096194061
42 42 48 0.0 0.0 818.0 0.0 11899.0 35.0 5986.0 0.09518629317378297
42 42 49 0.0 0.0 519.0 0.0 9961.0 21.0 2672.0 0.11227845055738231
42 42 50 0.0 0.0 31.0 0.0 551.0 5.0 2.0 0.5434782608695652
42 42 51 0.0 0.0 0.0 0.0 10.0 0.0 0.0 0.6965174129353233
42 43 29 0.0 0.0 0.0 0.0 11.0 0.0 0.0 0.6961710591745399
42 43 30 0.0 0.0 51.0 0.0 1022.0 17.0 2.0 0.4582651391162029
42 43 31 0.0 0.0 577.0 0.0 10038.0 29.0 2493.0 0.11109347722583716
42 43 32 0.0 0.0 1200.0 0.0 13110.0 30.0 12486.0 0.08590538135853223
42 43 33 0.0 0.0 2139.0 0.0 13380.0 55.0 26564.0 0.07995887829116453
42 43 34 0.0 0.0 4407.0 0.0 9428.0 86.0 77044.0 0.08845084660096031
42 43 35 0.0 0.0 5956.0 0.0 7472.0 90.0 104593.0 0.09080884737627293
42 43 36 0.0 1.0 7273.0 2.0 6062.0 59.0 124870.0 0.09111024339450735
42 43 37 0.0 0.0 7611.0 0.0 3551.0 48.0 151963.0 0.106318347509113
42 43 38 0.0 0.0 8220.0 0.0 2792.0 37.0 162247.0 0.10745260572568884
42 43 39 0.0 1.0 8291.0 0.0 2256.0 29.0 168032.0 0.11135857461024497
42 43 40 0.0 0.0 9843.0 0.0 2635.0 49.0 163950.0 0.09663836543107612
42 43 41 0.0 1.0 7374.0 0.0 2082.0 30.0 170877.0 0.12213207711768295
42 43 42 0.0 2.0 7431.0 1.0 2783.0 43.0 162674.0 0.11450069518279218
42 43 43 0.0 0.0 8081.0 0.0 5076.0 72.0 137887.0 0.09239704329461455
42 43 44 0.0 0.0 6838.0 0.0 7254.0 82.0 111167.0 0.08698893997763141
42 43 45 0.0 0.0 4926.0 0.0 6122.0 63.0 115255.0 0.10717293117966775
42 43 46 0.0 0.0 4317.0 0.0 8661.0 77.0 83998.0 0.09345794392523364
42 43 47 0.0 0.0 2032.0 0.0 13472.0 42.0 24786.0 0.07994974587402202
42 43 48 0.0 0.0 1071.0 0.0 12876.0 43.0 11601.0 0.08781283321834032
42 43 49 0.0 0.0 282.0 0.0 5965.0 18.0 432.0 0.17004737033888007
42 43 50 0.0 0.0 381.0 0.0 7143.0 26.0 763.0 0.1472599137477648
42 43 51 0.0 0.0 4.0 0.0 30.0 0.0 0.0 0.6882989183874139
42 44 29 0.0 0.0 0.0 0.0 7.0 0.0 0.0 0.6975585450921773
42 44 30 0.0 0.0 13.0 0.0 461.0 0.0 2.0 0.5661140315406388
42 44 31 0.0 0.0 455.0 0.0 8604.0 21.0 1346.0 0.12680010868580743
42 44 32 0.0 0.0 978.0 0.0 12462.0 32.0 9766.0 0.09071470226138792
42 44 33 0.0 0.0 2494.0 0.0 11888.0 58.0 39542.0 0.08554319931565439
42 44 34 0.0 0.0 3869.0 0.0 9657.0 82.0 71250.0 0.0901539055959817
42 44 35 0.0 0.0 4954.0 0.0 7731.0 85.0 98236.0 0.09535485628660945
42 44 36 0.0 0.0 6157.0 1.0 7400.0 96.0 106364.0 0.0901481004507405
42 44 37 0.0 0.0 7353.0 0.0 6564.0 89.0 119532.0 0.08802263439170072
42 44 38 0.0 0.0 7560.0 0.0 5041.0 71.0 136508.0 0.09592983417842949
42 44 39 0.0 0.0 8503.0 0.0 5091.0 68.0 137521.0 0.08971483498878563
42 44 40 0.0 0.0 6608.0 0.0 3065.0 43.0 159463.0 0.11975023522367631
42 44 41 0.0 1.0 8138.0 0.0 4492.0 71.0 143879.0 0.09573958831977022
42 44 42 0.0 0.0 7369.0 0.0 4987.0 64.0 135825.0 0.09744553490638266
42 44 43 0.0 0.0 6503.0 0.0 6522.0 99.0 116680.0 0.09336445481827274
42 44 44 0.0 1.0 5078.0 3.0 9053.0 101.0 84953.0 0.08690254500310365
42 44 45 0.0 0.0 4104.0 0.0 9792.0 74.0 70978.0 0.08801156723455082
42 44 46 0.0 0.0 3339.0 0.0 9837.0 81.0 64215.0 0.09234219378668952
42 44 47 0.0 0.0 1932.0 0.0 12109.0 50.0 30592.0 0.08729267988527246
42 44 48 0.0 0.0 862.0 0.0 12268.0 32.0 7527.0 0.0925681036762761
42 44 49 0.0 0.0 578.0 0.0 10087.0 33.0 2549.0 0.11073321205410107
42 44 50 0.0 0.0 19.0 0.0 369.0 5.0 1.0 0.5874947545111203
42 44 51 0.0 0.0 3.0 0.0 82.0 1.0 1.0 0.6717850287907868
42 45 29 0.0 0.0 0.0 0.0 4.0 0.0 0.0 0.6986027944111775
42 45 30 0.0 0.0 27.0 0.0 678.0 4.0 3.0 0.5183265457238059
42 45 31 0.0 0.0 417.0 0.0 7649.0 19.0 892.0 0.1392065228199264
42 45 32 0.0 0.0 816.0 0.0 11798.0 33.0 5761.0 0.09587727708533077
42 45 33 0.0 0.0 2143.0 0.0 12376.0 59.0 31470.0 0.08480222908716456
42 45 34 0.0 0.0 3482.0 0.0 9641.0 82.0 68003.0 0.09258034651501124
42 45 35 0.0 0.0 3380.0 0.0 13220.0 63.0 40995.0 0.07531335736188068
42 45 36 0.0 0.0 4772.0 0.0 10200.0 81.0 72801.0 0.08242081714352995
42 45 37 0.0 0.0 5252.0 0.0 6018.0 75.0 118334.0 0.10567632850241546
42 45 38 0.0 0.0 6078.0 0.0 8837.0 99.0 92089.0 0.08285984848484848
42 45 39 0.0 0.0 5821.0 0.0 5325.0 72.0 129149.0 0.10641532380662813
42 45 40 0.0 0.0 5703.0 0.0 4687.0 52.0 136442.0 0.11286681715575621
42 45 41 0.0 0.0 6610.0 0.0 7469.0 79.0 107266.0 0.08695112104838207
42 45 42 0.0 0.0 5579.0 0.0 6567.0 79.0 112310.0 0.09891895711156644
42 45 43 0.0 0.0 4620.0 0.0 10256.0 85.0 72458.0 0.08290400900100668
42 45 44 0.0 0.0 3851.0 0.0 9937.0 68.0 68118.0 0.08865248226950354
42 45 45 0.0 0.0 2339.0 0.0 12791.0 49.0 31818.0 0.08173750583839326
42 45 46 0.0 0.0 1599.0 0.0 13295.0 52.0 19694.0 0.08293838862559241
42 45 47 0.0 0.0 1646.0 0.0 11957.0 50.0 27478.0 0.08970908624887863
42 45 48 0.0 0.0 1051.0 0.0 12592.0 44.0 12020.0 0.08953696597595291
42 45 49 0.0 0.0 130.0 0.0 3658.0 18.0 133.0 0.24255024255024252
42 45 50 0.0 0.0 0.0 0.0 53.0 0.0 0.0 0.6819288845591815
42 46 30 0.0 0.0 0.0 0.0 64.0 0.0 0.0 0.6782945736434108
42 46 31 0.0 0.0 147.0 0.0 2996.0 10.0 79.0 0.27269185820023367
42 46 32 0.0 0.0 957.0 0.0 12575.0 32.0 9705.0 0.0902061855670103
42 46 33 0.0 0.0 1825.0 0.0 12457.0 32.0 27924.0 0.08586849852796859
42 46 34 0.0 0.0 2965.0 0.0 9999.0 63.0 59957.0 0.09350163627863486
42 46 35 0.0 0.0 3101.0 0.0 10325.0 59.0 58509.0 0.0907088246728003
42 46 36 0.0 0.0 3412.0 0.0 10968.0 80.0 56274.0 0.08544400366188586
42 46 37 0.0 0.0 3920.0 0.0 9060.0 78.0 76224.0 0.09326493904470054
42 46 38 0.0 0.0 3797.0 0.0 11904.0 66.0 53233.0 0.07910945357970277
42 46 39 0.0 0.0 4684.0 0.0 9022.0 89.0 82890.0 0.08914926133469178
42 46 40 0.0 0.0 4580.0 0.0 8475.0 84.0 88907.0 0.09305417082087071
42 46 41 0.0 0.0 4306.0 0.0 10883.0 82.0 64333.0 0.08146639511201628
42 46 42 0.0 0.0 4157.0 0.0 9289.0 78.0 77076.0 0.09063835297164313
42 46 43 0.0 0.0 2872.0 0.0 12716.0 62.0 39357.0 0.07953189797193659
42 46 44 0.0 0.0 2781.0 0.0 11354.0 48.0 47401.0 0.08674101610904583
42 46 45 0.0 0.0 1426.0 0.0 13324.0 43.0 16964.0 0.08362702347530016
42 46 46 0.0 0.0 1054.0 0.0 12711.0 24.0 10487.0 0.08879304877275321
42 46 47 0.0 0.0 508.0 0.0 9667.0 25.0 2146.0 0.1151126459463904
42 46 48 0.0 0.0 591.0 0.0 10491.0 21.0 2752.0 0.10703363914373087
42 46 49 0.0 0.0 291.0 0.0 6798.0 18.0 759.0 0.1542529748788012
42 46 50 0.0 0.0 1.0 0.0 31.0 0.0 0.0 0.6889763779527558
42 47 29 0.0 0.0 0.0 0.0 2.0 0.0 0.0 0.6993006993006992
42 47 30 0.0 0.0 19.0 0.0 398.0 5.0 0.0 0.5804311774461027
42 47 31 0.0 0.0 99.0 0.0 2747.0 17.0 69.0 0.28991509629322837
42 47 32 0.0 0.0 900.0 0.0 12309.0 33.0 8308.0 0.09211738386629818
42 47 33 0.0 0.0 1921.0 0.0 12376.0 51.0 28914.0 0.08595812611285072
42 47 34 0.0 0.0 1635.0 0.0 13083.0 41.0 22043.0 0.08377715277362216
42 47 35 0.0 0.0 1913.0 0.0 12857.0 49.0 26545.0 0.08344260340922637
42 47 36 0.0 0.0 1833.0 0.0 13244.0 52.0 23821.0 0.08200082000820007
42 47 37 0.0 0.0 2398.0 0.0 12783.0 46.0 33529.0 0.08142375247179248
42 47 38 0.0 0.0 2199.0 0.0 12905.0 64.0 30888.0 0.08185698415482663
42 47 39 0.0 0.0 2409.0 0.0 12642.0 36.0 34066.0 0.0819816126954383
42 47 40 0.0 0.0 2607.0 0.0 12497.0 53.0 37387.0 0.08177570093457943
42 47 41 0.0 0.0 2518.0 0.0 12252.0 74.0 38224.0 0.08359207069500835
42 47 42 0.0 0.0 2471.0 0.0 12411.0 68.0 36711.0 0.0830515512843329
42 47 43 0.0 0.0 1393.0 0.0 13136.0 42.0 16428.0 0.08467912659529425
42 47 44 0.0 0.0 1486.0 0.0 12677.0 44.0 19859.0 0.08661758336942398
42 47 45 0.0 0.0 943.0 0.0 12494.0 33.0 8876.0 0.09070294784580497
42 47 46 0.0 0.0 378.0 0.0 8452.0 21.0 1633.0 0.12940197800166373
42 47 47 0.0 0.0 891.0 0.0 12326.0 39.0 8414.0 0.0921113231133627
42 47 48 0.0 0.0 334.0 0.0 6633.0 24.0 580.0 0.15645954403218593
42 47 49 0.0 0.0 125.0 0.0 3376.0 19.0 117.0 0.2553346708006565
42 47 50 0.0 0.0 0.0 0.0 38.0 1.0 0.0 0.6872852233676975
42 48 30 0.0 0.0 0.0 0.0 12.0 0.0 0.0 0.6958250497017892
42 48 31 0.0 0.0 160.0 0.0 3671.0 13.0 148.0 0.24059116686715926
42 48 32 0.0 0.0 562.0 0.0 10185.0 25.0 3033.0 0.10995052226498074
42 48 33 0.0 0.0 457.0 0.0 8790.0 26.0 1540.0 0.1246660730186999
42 48 34 0.0 0.0 959.0 0.0 12596.0 34.0 8890.0 0.09002057613168724
42 48 35 0.0 0.0 487.0 0.0 9122.0 25.0 1919.0 0.12071046732195204
42 48 36 0.0 0.0 1319.0 0.0 12742.0 48.0 16746.0 0.08726547403852146
42 48 37 0.0 0.0 690.0 0.0 11107.0 18.0 4066.0 0.10149340292880962
42 48 38 0.0 0.0 989.0 0.0 12757.0 32.0 8423.0 0.08895666539585714
42 48 39 0.0 0.0 1083.0 0.0 13017.0 38.0 9133.0 0.08698353525939732
42 48 40 0.0 0.0 1171.0 0.0 13237.0 34.0 11699.0 0.08531903223840574
42 48 41 0.0 0.0 1302.0 0.0 12926.0 49.0 16903.0 0.08635045950780237
42 48 42 0.0 0.0 1083.0 0.0 12915.0 26.0 9973.0 0.08751640932674876
42 48 43 0.0 0.0 495.0 0.0 9168.0 30.0 1777.0 0.12024392338744308
42 48 44 0.0 0.0 508.0 0.0 9735.0 31.0 2612.0 0.1145475372279496
42 48 45 0.0 0.0 594.0 0.0 10364.0 33.0 3035.0 0.10822510822510821
42 48 46 0.0 0.0 383.0 0.0 8119.0 30.0 1295.0 0.13362603798797362
42 48 47 0.0 0.0 314.0 0.0 6145.0 27.0 506.0 0.1659357591560981
42 48 48 0.0 0.0 7.0 0.0 298.0 3.0 0.0 0.608695652173913
42 48 49 0.0 0.0 0.0 0.0 26.0 0.0 0.0 0.6913580246913579
42 48 50 0.0 0.0 0.0 0.0 2.0 0.0 0.0 0.6993006993006992
42 49 30 0.0 0.0 0.0 0.0 5.0 0.0 0.0 0.6982543640897755
42 49 31 0.0 0.0 60.0 0.0 1838.0 7.0 42.0 0.3597122302158273
42 49 32 0.0 0.0 136.0 0.0 3207.0 12.0 101.0 0.2625164072754546
42 49 33 0.0 0.0 245.0 0.0 5895.0 18.0 481.0 0.17228648781688405
42 49 34 0.0 0.0 249.0 0.0 5410.0 20.0 295.0 0.1832460732984293
42 49 35 0.0 0.0 417.0 0.0 7930.0 25.0 1054.0 0.13547513063673308
42 49 36 0.0 0.0 171.0 0.0 3836.0 13.0 113.0 0.23352793994995827
42 49 37 0.0 0.0 42.0 0.0 1552.0 7.0 29.0 0.39029829941455246
42 49 38 0.0 0.0 329.0 0.0 6718.0 23.0 635.0 0.15503875968992245
42 49 39 0.0 0.0 620.0 0.0 10624.0 25.0 3688.0 0.10574816829065638
42 49 40 0.0 0.0 678.0 0.0 11451.0 37.0 5620.0 0.0992063492063492
42 49 41 0.0 0.0 244.0 0.0 6201.0 24.0 551.0 0.1661918328584995
42 49 42 0.0 0.0 565.0 0.0 9837.0 24.0 2615.0 0.1129761136216914
42 49 43 0.0 0.0 123.0 0.0 2854.0 17.0 59.0 0.28225806451612895
42 49 44 0.0 0.0 48.0 0.0 1146.0 8.0 5.0 0.4394224733207784
42 49 45 0.0 0.0 2.0 0.0 114.0 1.0 0.0 0.6619385342789597
42 49 46 0.0 0.0 11.0 0.0 755.0 4.0 9.0 0.506879073135409
42 49 47 0.0 0.0 8.0 0.0 341.0 2.0 0.0 0.5965061780997016
42 49 48 0.0 0.0 20.0 0.0 419.0 3.0 0.0 0.5747126436781609
42 49 49 0.0 0.0 0.0 0.0 14.0 0.0 0.0 0.6951340615690167
42 50 30 0.0 0.0 0.0 0.0 3.0 0.0 0.0 0.6989515726410384
42 50 31 0.0 0.0 2.0 0.0 9.0 0.0 0.0 0.6961710591745399
42 50 32 0.0 0.0 1.0 0.0 25.0 1.0 0.0 0.6913580246913579
42 50 33 0.0 0.0 4.0 0.0 97.0 2.0 0.0 0.6673021925643469
42 50 34 0.0 0.0 1.0 0.0 96.0 0.0 0.0 0.6676204101096804
42 50 35 0.0 0.0 0.0 0.0 41.0 0.0 0.0 0.6859382655560998
42 50 36 0.0 0.0 7.0 0.0 229.0 2.0 0.0 0.6266786034019695
42 50 37 0.0 0.0 1.0 0.0 38.0 0.0 0.0 0.6866110838646394
42 50 38 0.0 0.0 30.0 0.0 856.0 11.0 3.0 0.48695652173913034
42 50 39 0.0 0.0 181.0 0.0 4673.0 23.0 239.0 0.20497803806734988
42 50 40 0.0 0.0 27.0 0.0 753.0 5.0 2.0 0.5046863734679162
42 50 41 0.0 0.0 229.0 0.0 4798.0 19.0 218.0 0.199657729606389
42 50 42 0.0 0.0 105.0 0.0 2254.0 20.0 32.0 0.32250633494586495
42 50 43 0.0 0.0 33.0 0.0 887.0 6.0 6.0 0.4804392587508579
42 50 44 0.0 0.0 1.0 0.0 67.0 1.0 0.0 0.6773101112723753
42 50 45 0.0 0.0 0.0 0.0 12.0 0.0 0.0 0.6958250497017892
42 50 46 0.0 0.0 0.0 0.0 3.0 0.0 0.0 0.6989515726410384
42 50 47 0.0 0.0 0.0 0.0 2.0 0.0 0.0 0.6993006993006992
42 50 48 0.0 0.0 0.0 0.0 1.0 0.0 0.0 0.6996501749125437
42 51 35 0.0 0.0 0.0 0.0 1.0 0.0 0.0 0.6996501749125437
42 51 38 0.0 0.0 1.0 0.0 15.0 1.0 0.0 0.694789081885856
42 51 39 0.0 0.0 0.0 0.0 17.0 0.0 0.0 0.694100148735746
42 51 40 0.0 0.0 0.0 0.0 14.0 0.0 0.0 0.6951340615690167
42 51 41 0.0 0.0 28.0 0.0 427.0 5.0 0.0 0.5714285714285713
42 51 42 0.0 0.0 0.0 0.0 5.0 0.0 0.0 0.6986027944111775
42 51 43 0.0 0.0 3.0 0.0 20.0 1.0 0.0 0.6923837784371908
43 28 41 0.0 0.0 2.0 0.0 12.0 1.0 0.0 0.695479384003974
43 29 34 0.0 0.0 0.0 0.0 2.0 0.0 0.0 0.6993006993006992
43 29 35 0.0 0.0 0.0 0.0 4.0 0.0 0.0 0.6986027944111775
43 29 36 0.0 0.0 24.0 0.0 666.0 3.0 2.0 0.5210271678451804
43 29 37 0.0 0.0 1.0 0.0 44.0 1.0 0.0 0.684931506849315
43 29 38 0.0 0.0 1.0 0.0 46.0 3.0 0.0 0.684931506849315
43 29 39 0.0 0.0 0.0 0.0 33.0 0.0 0.0 0.6886374815543531
43 29 40 0.0 0.0 1.0 0.0 43.0 0.0 0.0 0.684931506849315
43 29 41 0.0 0.0 2.0 0.0 89.0 0.0 0.0 0.669536107125777
43 29 42 0.0 0.0 44.0 0.0 1010.0 10.0 4.0 0.45992115637319314
43 29 43 0.0 0.0 1.0 0.0 14.0 0.0 0.0 0.694789081885856
43 29 44 0.0 0.0 0.0 0.0 8.0 0.0 0.0 0.697211155378486
43 29 45 0.0 0.0 1.0 0.0 62.0 1.0 0.0 0.6789524733268669
43 29 46 0.0 0.0 1.0 0.0 13.0 0.0 0.0 0.695479384003974
43 30 33 0.0 0.0 0.0 0.0 1.0 0.0 0.0 0.6996501749125437
43 30 34 0.0 0.0 0.0 0.0 32.0 1.0 0.0 0.6893156080748399
43 30 35 0.0 0.0 88.0 0.0 2177.0 4.0 26.0 0.32833020637898686
43 30 36 0.0 0.0 142.0 0.0 3410.0 12.0 91.0 0.25270758122743675
43 30 37 0.0 0.0 363.0 0.0 6740.0 27.0 642.0 0.1541510680466857
43 30 38 0.0 0.0 169.0 0.0 3711.0 21.0 131.0 0.2388670875277256
43 30 39 0.0 0.0 221.0 0.0 4560.0 19.0 199.0 0.20697811945594316
43 30 40 0.0 0.0 134.0 0.0 3143.0 20.0 84.0 0.26621030614185204
43 30 41 0.0 0.0 193.0 0.0 5173.0 17.0 356.0 0.1904502788736226
43 30 42 0.0 0.0 153.0 0.0 4176.0 12.0 215.0 0.2215540433612913
43 30 43 0.0 0.0 55.0 0.0 1158.0 9.0 8.0 0.43709022791133306
43 30 44 0.0 0.0 64.0 0.0 2527.0 10.0 62.0 0.30561012879283994
43 30 45 0.0 0.0 49.0 0.0 1498.0 15.0 16.0 0.3963759909399773
43 30 46 0.0 0.0 88.0 0.0 2159.0 10.0 39.0 0.3302665723047888
43 30 47 0.0 0.0 0.0 0.0 47.0 0.0 0.0 0.6842619745845552
43 30 48 0.0 0.0 0.0 0.0 1.0 0.0 0.0 0.6996501749125437
43 31 31 0.0 0.0 0.0 0.0 5.0 0.0 0.0 0.6982543640897755
43 31 32 0.0 0.0 3.0 0.0 27.0 0.0 0.0 0.689655172413793
43 31 33 0.0 0.0 0.0 0.0 68.0 0.0 0.0 0.6769825918762088
43 31 34 0.0 0.0 145.0 0.0 3290.0 20.0 68.0 0.25854108956602023
43 31 35 0.0 0.0 396.0 0.0 8085.0 27.0 1205.0 0.13380483608907578
43 31 36 0.0 0.0 704.0 0.0 11421.0 28.0 4983.0 0.09917121201388396
43 31 37 0.0 0.0 522.0 0.0 9094.0 16.0 1788.0 0.12059608924110603
43 31 38 0.0 0.0 593.0 0.0 10520.0 21.0 3175.0 0.10685391543275835
43 31 39 0.0 0.0 780.0 0.0 11797.0 21.0 5299.0 0.09602194787379972
43 31 40 0.0 0.0 721.0 0.0 11481.0 24.0 4705.0 0.09857766511758907
43 31 41 0.0 0.0 544.0 0.0 9795.0 28.0 2382.0 0.11359948068808828
43 31 42 0.0 0.0 431.0 0.0 8918.0 20.0 1861.0 0.12347856764861524
43 31 43 0.0 0.0 271.0 0.0 6573.0 24.0 783.0 0.15867618723790092
43 31 44 0.0 0.0 589.0 0.0 9936.0 24.0 2603.0 0.11183001837207443
43 31 45 0.0 0.0 1045.0 0.0 12623.0 27.0 11029.0 0.08931419457735246
43 31 46 0.0 0.0 293.0 0.0 6609.0 21.0 698.0 0.1576399054160567
43 31 47 0.0 0.0 4.0 0.0 252.0 4.0 0.0 0.6216696269982237
43 31 48 0.0 0.0 1.0 0.0 38.0 0.0 0.0 0.6869479882237487
43 31 49 0.0 0.0 1.0 0.0 37.0 0.0 0.0 0.6869479882237487
43 32 31 0.0 0.0 0.0 0.0 22.0 0.0 0.0 0.6923837784371908
43 32 32 0.0 0.0 192.0 0.0 3942.0 22.0 132.0 0.22905759162303663
43 32 33 0.0 0.0 340.0 0.0 6725.0 25.0 693.0 0.15483300154833
43 32 34 0.0 0.0 692.0 0.0 11100.0 20.0 4565.0 0.10150812064965196
43 32 35 0.0 0.0 470.0 0.0 9209.0 22.0 1968.0 0.12002743484224963
43 32 36 0.0 0.0 1557.0 0.0 12617.0 48.0 22780.0 0.08658544127651678
43 32 37 0.0 0.0 1480.0 0.0 12976.0 43.0 19112.0 0.08510638297872339
43 32 38 0.0 0.0 1371.0 0.0 13426.0 39.0 14343.0 0.08334325514942255
43 32 39 0.0 0.0 1996.0 0.0 12482.0 51.0 30173.0 0.08492053863884506
43 32 40 0.0 0.0 1668.0 0.0 13161.0 56.0 21160.0 0.08326889906619876
43 32 41 0.0 0.0 1642.0 0.0 13037.0 36.0 21036.0 0.08382731572959702
43 32 42 0.0 0.0 833.0 0.0 11940.0 38.0 5014.0 0.09486380268329041
43 32 43 0.0 0.0 992.0 0.0 12620.0 27.0 10766.0 0.08963441961713296
43 32 44 0.0 0.0 947.0 0.0 12521.0 36.0 8535.0 0.09058557101261726
43 32 45 0.0 0.0 1650.0 0.0 12295.0 40.0 25486.0 0.08778530223225482
43 32 46 0.0 0.0 340.0 0.0 7812.0 29.0 1217.0 0.13823064770932067
43 32 47 0.0 0.0 270.0 0.0 5977.0 24.0 452.0 0.17006802721088435
43 32 48 0.0 0.0 253.0 0.0 5740.0 18.0 466.0 0.1754825770869892
43 32 49 0.0 0.0 0.0 0.0 26.0 0.0 0.0 0.6910167818361302
43 32 50 0.0 0.0 2.0 0.0 116.0 2.0 0.0 0.661625708884688
43 33 30 0.0 0.0 0.0 0.0 8.0 0.0 0.0 0.697211155378486
43 33 31 0.0 0.0 11.0 0.0 324.0 3.0 0.0 0.6006006006006005
43 33 32 0.0 0.0 337.0 0.0 6454.0 21.0 504.0 0.15954415954415954
43 33 33 0.0 0.0 1144.0 0.0 12391.0 32.0 15754.0 0.09009009009009007
43 33 34 0.0 0.0 438.0 0.0 8701.0 16.0 1579.0 0.1257974660796118
43 33 35 0.0 0.0 1153.0 0.0 12986.0 35.0 11917.0 0.0867894116917736
43 33 36 0.0 0.0 1694.0 0.0 12463.0 54.0 25024.0 0.08668730650154798
43 33 37 0.0 0.0 2262.0 0.0 12962.0 56.0 31245.0 0.0812677773262901
43 33 38 0.0 0.0 2647.0 0.0 11973.0 38.0 41243.0 0.0841194496184582
43 33 39 0.0 0.0 3424.0 0.0 10333.0 89.0 61328.0 0.08893406174564857
43 33 40 0.0 0.0 3073.0 0.0 11592.0 72.0 47887.0 0.08401848406649462
43 33 41 0.0 0.0 2919.0 0.0 12366.0 64.0 41227.0 0.08102320736153712
43 33 42 0.0 0.0 2570.0 0.0 12520.0 68.0 36802.0 0.08201523140011716
43 33 43 0.0 0.0 2479.0 0.0 11116.0 66.0 44452.0 0.0898472596585804
43 33 44 0.0 0.0 2343.0 0.0 12198.0 61.0 36415.0 0.0846484067960578
43 33 45 0.0 0.0 1552.0 0.0 12901.0 29.0 20621.0 0.08502884907379288
43 33 46 0.0 0.0 1328.0 0.0 12600.0 34.0 18555.0 0.08781834148789361
43 33 47 0.0 0.0 1050.0 0.0 12791.0 32.0 11535.0 0.08836710219024174
43 33 48 0.0 0.0 285.0 0.0 6303.0 18.0 528.0 0.16328434802892466
43 33 49 0.0 0.0 89.0 0.0 1987.0 16.0 27.0 0.34474267421817284
43 33 50 0.0 0.0 0.0 0.0 30.0 1.0 0.0 0.6899950714637751
43 33 51 0.0 0.0 0.0 0.0 1.0 0.0 0.0 0.6996501749125437
43 34 30 0.0 0.0 13.0 0.0 407.0 5.0 2.0 0.5797101449275361
43 34 31 0.0 0.0 62.0 0.0 1582.0 10.0 15.0 0.3852504127682993
43 34 32 0.0 0.0 674.0 0.0 10939.0 24.0 3612.0 0.10289578127296779
43 34 33 0.0 0.0 1194.0 0.0 13018.0 39.0 13521.0 0.08639842014317452
43 34 34 0.0 0.0 1802.0 0.0 12651.0 41.0 25429.0 0.08506501397496657
43 34 35 0.0 0.0 1890.0 0.0 12924.0 55.0 25654.0 0.08330853912526033
43 34 36 0.0 0.0 3084.0 0.0 11997.0 79.0 45782.0 0.08206330597889801
43 34 37 0.0 0.0 4301.0 0.0 9380.0 65.0 77015.0 0.08926294312675337
43 34 38 0.0 0.0 4876.0 0.0 10250.0 88.0 74438.0 0.08171365201657618
43 34 39 0.0 0.0 5285.0 0.0 8201.0 83.0 94164.0 0.09036338991802748
43 34 40 0.0 0.0 5285.0 0.0 7590.0 87.0 100549.0 0.09410499428648247
43 34 41 0.0 0.0 5255.0 0.0 8235.0 72.0 93796.0 0.09022362570084422
43 34 42 0.0 0.0 4734.0 0.0 9827.0 76.0 77076.0 0.08450024142926121
43 34 43 0.0 0.0 4032.0 0.0 10822.0 85.0 62409.0 0.08307619273676714
43 34 44 0.0 0.0 3250.0 0.0 11627.0 63.0 49121.0 0.08297279677591417
43 34 45 0.0 0.0 2712.0 0.0 12534.0 69.0 38770.0 0.08115001159285878
43 34 46 0.0 0.0 2082.0 0.0 12441.0 55.0 31421.0 0.08469449485783423
43 34 47 0.0 0.0 1527.0 0.0 12799.0 42.0 22111.0 0.08574228319451248
43 34 48 0.0 0.0 869.0 0.0 12325.0 27.0 7851.0 0.09212950776520136
43 34 49 0.0 0.0 401.0 0.0 7696.0 19.0 1024.0 0.1388337961126537
43 34 50 0.0 0.0 59.0 0.0 1345.0 12.0 8.0 0.4126142057176539
43 35 29 0.0 0.0 0.0 0.0 3.0 0.0 0.0 0.6989515726410384
43 35 30 0.0 0.0 1.0 0.0 154.0 0.0 1.0 0.6496519721577725
43 35 31 0.0 0.0 483.0 0.0 8824.0 18.0 1475.0 0.1239157372986369
43 35 32 0.0 0.0 1056.0 0.0 12744.0 29.0 10999.0 0.08861320336730172
43 35 33 0.0 0.0 2216.0 0.0 11785.0 48.0 37777.0 0.0873962169923216
43 35 34 0.0 0.0 2341.0 0.0 12713.0 69.0 32983.0 0.08214516223669541
43 35 35 0.0 0.0 3035.0 0.0 10870.0 65.0 53984.0 0.08803370433251587
43 35 36 0.0 0.0 4444.0 0.0 8864.0 108.0 83647.0 0.09170105456212746
43 35 37 0.0 0.0 5135.0 0.0 10276.0 93.0 75113.0 0.08045977011494253
43 35 38 0.0 0.0 5786.0 0.0 5456.0 81.0 128271.0 0.10564443102927859
43 35 39 0.0 0.0 6890.0 0.0 5795.0 70.0 126754.0 0.09514747859181731
43 35 40 0.0 0.0 6775.0 0.0 4771.0 58.0 137663.0 0.10335917312661497
43 35 41 0.0 0.0 7277.0 0.0 5758.0 69.0 126417.0 0.09301089556205154
43 35 42 0.0 0.0 6957.0 0.0 7193.0 87.0 112376.0 0.08673564215352207
43 35 43 0.0 0.0 6139.0 0.0 6756.0 64.0 113172.0 0.09399127223900637
43 35 44 0.0 0.0 5434.0 0.0 8425.0 68.0 92693.0 0.08818897637795275
43 35 45 0.0 0.0 4502.0 0.0 9040.0 85.0 80188.0 0.09000900090009
43 35 46 0.0 0.0 3084.0 0.0 10964.0 70.0 52402.0 0.08731990270067984
43 35 47 0.0 0.0 1376.0 0.0 13580.0 56.0 14727.0 0.08269832831236339
43 35 48 0.0 0.0 1183.0 0.0 12943.0 35.0 13565.0 0.08676251859196826
43 35 49 0.0 0.0 477.0 0.0 8843.0 25.0 1540.0 0.1238609218791471
43 35 50 0.0 0.0 66.0 0.0 1746.0 8.0 26.0 0.3680336487907465
43 35 51 0.0 0.0 0.0 0.0 9.0 0.0 0.0 0.6968641114982577
43 36 29 0.0 0.0 0.0 0.0 3.0 0.0 0.0 0.6989515726410384
43 36 30 0.0 0.0 3.0 0.0 277.0 2.0 0.0 0.6145741878841088
43 36 31 0.0 0.0 682.0 0.0 11140.0 25.0 4359.0 0.10138315591281047
43 36 32 0.0 0.0 1300.0 0.0 12709.0 27.0 16625.0 0.0873307965816231
43 36 33 0.0 0.0 2703.0 0.0 11321.0 62.0 46319.0 0.08740167311774252
43 36 34 0.0 0.0 3622.0 0.0 10311.0 58.0 62911.0 0.0877577885037297
43 36 35 0.0 0.0 4153.0 0.0 9950.0 77.0 70302.0 0.08698893997763141
43 36 36 0.0 0.0 5042.0 0.0 10741.0 87.0 71378.0 0.0787445863096912
43 36 37 0.0 0.0 6396.0 0.0 6736.0 75.0 114562.0 0.09250082590023123
43 36 38 0.0 0.0 7614.0 0.0 5053.0 72.0 136388.0 0.09551098376313275
43 36 39 0.0 0.0 6301.0 0.0 2739.0 43.0 162053.0 0.1266624445851805
43 36 40 0.0 0.0 8111.0 0.0 3117.0 53.0 157847.0 0.10580411124546553
43 36 41 0.0 0.0 7306.0 0.0 3089.0 34.0 158970.0 0.1128850185453959
43 36 42 0.0 0.0 6674.0 0.0 2761.0 44.0 161548.0 0.12247397428046539
43 36 43 0.0 0.0 7162.0 0.0 4241.0 57.0 145064.0 0.10438413361169102
43 36 44 0.0 0.0 5457.0 0.0 3821.0 55.0 146977.0 0.1240804750509616
43 36 45 0.0 0.0 5469.0 0.0 7311.0 77.0 105632.0 0.09464575446187126
43 36 46 0.0 0.0 3916.0 0.0 10273.0 71.0 67522.0 0.08646245059288536
43 36 47 0.0 0.0 2708.0 0.0 11358.0 61.0 45373.0 0.08712969878018421
43 36 48 0.0 0.0 985.0 0.0 12675.0 31.0 8789.0 0.08942829766847651
43 36 49 0.0 0.0 814.0 0.0 12095.0 27.0 7119.0 0.09399758291929634
43 36 50 0.0 0.0 220.0 0.0 4988.0 18.0 311.0 0.19476905954368387
43 36 51 0.0 0.0 0.0 0.0 20.0 0.0 0.0 0.6934125804853887
43 37 28 0.0 0.0 0.0 0.0 2.0 0.0 0.0 0.6993006993006992
43 37 29 0.0 0.0 0.0 0.0 23.0 0.0 0.0 0.6920415224913494
43 37 30 0.0 0.0 70.0 0.0 1733.0 16.0 15.0 0.36968576709796663
43 37 31 0.0 0.0 681.0 0.0 10927.0 44.0 3608.0 0.10310796877301515
43 37 32 0.0 0.0 1511.0 0.0 12831.0 36.0 20828.0 0.08560596795890912
43 37 33 0.0 0.0 2841.0 0.0 11404.0 57.0 45628.0 0.08616445100935499
43 37 34 0.0 0.0 4151.0 0.0 9183.0 76.0 77559.0 0.09128251939753536
43 37 35 0.0 0.0 5104.0 0.0 7481.0 70.0 101768.0 0.09592983417842949
43 37 36 0.0 0.0 6383.0 0.0 7140.0 78.0 111674.0 0.0902759865875677
43 37 37 0.0 0.0 8035.0 0.0 6466.0 76.0 122991.0 0.08483306065563835
43 37 38 0.0 0.0 7171.0 0.0 2874.0 48.0 160736.0 0.11601889450567662
43 37 39 0.0 0.0 7691.0 0.0 2183.0 40.0 169492.0 0.11802394199966276
43 37 40 0.0 0.0 7488.0 0.0 1683.0 25.0 175235.0 0.12516763522574875
43 37 41 0.0 0.0 7632.0 0.0 1699.0 21.0 174997.0 0.12350035285815099
43 37 42 0.0 0.0 8656.0 0.0 2349.0 47.0 167424.0 0.1076674613550719
43 37 43 0.0 0.0 6466.0 0.0 2175.0 49.0 168717.0 0.13173990778206454
43 37 44 0.0 0.0 7461.0 0.0 4387.0 58.0 143680.0 0.10098824208324315
43 37 45 0.0 0.0 6517.0 0.0 7435.0 90.0 107804.0 0.08780732563973907
43 37 46 0.0 0.0 4774.0 0.0 8810.0 72.0 85657.0 0.08981843844229165
43 37 47 0.0 0.0 2589.0 0.0 12237.0 61.0 37739.0 0.083184789067142
43 37 48 0.0 0.0 1345.0 0.0 13198.0 50.0 15293.0 0.08466888418506198
43 37 49 0.0 0.0 624.0 0.0 10836.0 31.0 3828.0 0.10416666666666664
43 37 50 0.0 0.0 259.0 0.0 5183.0 26.0 295.0 0.18878101402373243
43 37 51 0.0 0.0 2.0 0.0 27.0 1.0 0.0 0.690335305719921
43 38 28 0.0 0.0 0.0 0.0 10.0 0.0 0.0 0.6965174129353233
43 38 29 0.0 0.0 160.0 0.0 3841.0 15.0 127.0 0.2338790511192783
43 38 30 0.0 0.0 306.0 0.0 6246.0 22.0 566.0 0.16397282736003743
43 38 31 0.0 0.0 856.0 0.0 12220.0 31.0 6925.0 0.09289363678588015
43 38 32 0.0 0.0 1428.0 0.0 13215.0 43.0 16705.0 0.08416496332812311
43 38 33 0.0 0.0 3434.0 0.0 10186.0 74.0 62733.0 0.08961147026819431
43 38 34 0.0 0.0 4692.0 0.0 9358.0 74.0 80703.0 0.08725459644749142
43 38 35 0.0 0.0 6051.0 0.0 8633.0 72.0 94341.0 0.08390267289943663
43 38 36 0.0 0.0 6437.0 0.0 4475.0 55.0 139167.0 0.10840108401084009
43 38 37 0.0 0.0 9107.0 0.0 4925.0 62.0 139960.0 0.0873035669743078
43 38 38 0.0 2.0 7610.0 0.0 2173.0 35.0 169180.0 0.11886568177958906
43 38 39 0.0 0.0 8116.0 0.0 1664.0 25.0 175080.0 0.11864406779661014
43 38 40 0.0 0.0 7863.0 0.0 1236.0 18.0 180058.0 0.1261829652996845
43 38 41 0.0 0.0 7450.0 0.0 1115.0 22.0 181130.0 0.1326385599242065
43 38 42 0.0 0.0 7536.0 0.0 1382.0 21.0 178542.0 0.12832263978001832
43 38 43 0.0 0.0 6499.0 0.0 1666.0 32.0 175088.0 0.1379310344827586
43 38 44 0.0 0.0 7976.0 0.0 3766.0 62.0 150678.0 0.10189970157944535
43 38 45 0.0 0.0 6803.0 0.0 6282.0 74.0 121160.0 0.09277052547876216
43 38 46 0.0 0.0 4675.0 0.0 7030.0 70.0 103735.0 0.10208546011375236
43 38 47 0.0 0.0 2718.0 0.0 12868.0 64.0 35866.0 0.07965860597439543
43 38 48 0.0 0.0 1918.0 0.0 12421.0 37.0 29389.0 0.08565310492505353
43 38 49 0.0 0.0 566.0 0.0 10418.0 25.0 3473.0 0.10788317793018415
43 38 50 0.0 0.0 134.0 0.0 3615.0 12.0 112.0 0.24398745207389327
43 38 51 0.0 0.0 0.0 0.0 15.0 0.0 0.0 0.694789081885856
43 39 28 0.0 0.0 0.0 0.0 2.0 0.0 0.0 0.6993006993006992
43 39 29 0.0 0.0 1.0 0.0 86.0 1.0 0.0 0.6711409395973154
43 39 30 0.0 0.0 144.0 0.0 3776.0 20.0 137.0 0.23732836073910826
43 39 31 0.0 0.0 901.0 0.0 12322.0 25.0 8513.0 0.09200841219768663
43 39 32 0.0 0.0 2241.0 0.0 11872.0 65.0 36732.0 0.08692952499223842
43 39 33 0.0 0.0 3410.0 0.0 10623.0 73.0 59176.0 0.0873253493013972
43 39 34 0.0 0.0 4977.0 0.0 8649.0 103.0 87950.0 0.08965163934426228
43 39 35 0.0 0.0 6648.0 0.0 7033.0 82.0 111452.0 0.089126559714795
43 39 36 0.0 0.0 7483.0 0.0 4478.0 57.0 143632.0 0.10024344837462407
43 39 37 0.0 0.0 8505.0 0.0 3040.0 50.0 159653.0 0.10331340860453102
43 39 38 0.0 0.0 8347.0 0.0 1963.0 34.0 171969.0 0.11371943790106406
43 39 39 0.0 0.0 8101.0 0.0 1295.0 22.0 179159.0 0.12286090390522159
43 39 40 0.0 0.0 7410.0 0.0 895.0 17.0 183182.0 0.1358563803978651
43 39 41 0.0 0.0 8340.0 0.0 1063.0 11.0 181410.0 0.12271014111666227
43 39 42 0.0 0.0 7227.0 0.0 1101.0 16.0 181804.0 0.13547513063673308
43 39 43 0.0 0.0 6779.0 0.0 1467.0 18.0 177148.0 0.13666536509176103
43 39 44 0.0 0.0 7723.0 0.0 3270.0 44.0 157340.0 0.1076178030594204
43 39 45 0.0 0.0 7114.0 0.0 6469.0 70.0 119718.0 0.08974934290659656
43 39 46 0.0 0.0 4719.0 0.0 9943.0 82.0 75218.0 0.083978165676924
43 39 47 0.0 0.0 2955.0 0.0 11655.0 62.0 46634.0 0.08421559191530316
43 39 48 0.0 0.0 1856.0 0.0 12613.0 48.0 27214.0 0.08499787505312366
43 39 49 0.0 0.0 698.0 0.0 11426.0 28.0 5363.0 0.09922041105598865
43 39 50 0.0 0.0 127.0 0.0 2797.0 20.0 57.0 0.2854812398042414
43 39 51 0.0 0.0 1.0 0.0 19.0 1.0 0.0 0.6934125804853887
43 40 28 0.0 0.0 0.0 0.0 1.0 0.0 0.0 0.6996501749125437
43 40 29 0.0 0.0 0.0 0.0 58.0 0.0 0.0 0.6802721088435373
43 40 30 0.0 0.0 430.0 0.0 8309.0 20.0 1288.0 0.1304631441617743
43 40 31 0.0 0.0 622.0 0.0 10860.0 21.0 4349.0 0.10391152675721814
43 40 32 0.0 0.0 1933.0 0.0 12449.0 51.0 28677.0 0.08539709649871903
43 40 33 0.0 0.0 2627.0 0.0 12590.0 56.0 37488.0 0.08128665157057423
43 40 34 0.0 0.0 4657.0 0.0 9841.0 80.0 75394.0 0.08483820143012967
43 40 35 0.0 0.0 7069.0 0.0 6999.0 80.0 114398.0 0.087173100871731
43 40 36 0.0 0.0 8479.0 0.0 4742.0 82.0 139825.0 0.09218410482649635
43 40 37 0.0 0.0 7173.0 0.0 2266.0 41.0 168633.0 0.12246326102169348
43 40 38 0.0 1.0 7348.0 0.0 1501.0 36.0 177209.0 0.12913937828613595
43 40 39 0.0 0.0 8111.0 0.0 1236.0 18.0 179565.0 0.12341325811001408
43 40 40 0.0 0.0 8178.0 0.0 1065.0 18.0 181569.0 0.12444444444444443
43 40 41 0.0 0.0 7000.0 0.0 896.0 6.0 183825.0 0.14131422226708384
43 40 42 0.0 1.0 8078.0 1.0 1309.0 20.0 178946.0 0.12296881862099251
43 40 43 0.0 0.0 7218.0 0.0 1630.0 28.0 175466.0 0.12913937828613595
43 40 44 0.0 0.0 7827.0 0.0 3282.0 44.0 157258.0 0.10674799847502857
43 40 45 0.0 0.0 6626.0 0.0 5034.0 63.0 135475.0 0.10245901639344261
43 40 46 0.0 0.0 4914.0 0.0 9217.0 87.0 82745.0 0.08674639073052852
43 40 47 0.0 0.0 3011.0 0.0 11099.0 69.0 51267.0 0.08690793966105903
43 40 48 0.0 0.0 1018.0 0.0 12874.0 30.0 7322.0 0.08813345923827509
43 40 49 0.0 0.0 502.0 0.0 9113.0 30.0 1541.0 0.12078336640496935
43 40 50 0.0 0.0 93.0 0.0 1675.0 14.0 12.0 0.3729355354288758
43 40 51 0.0 0.0 0.0 0.0 7.0 0.0 0.0 0.6975585450921773
43 41 28 0.0 0.0 0.0 0.0 1.0 0.0 0.0 0.6996501749125437
43 41 29 0.0 0.0 4.0 0.0 62.0 1.0 0.0 0.6779661016949151
43 41 30 0.0 0.0 356.0 0.0 7220.0 19.0 823.0 0.14642819788725028
43 41 31 0.0 0.0 666.0 0.0 10966.0 29.0 4098.0 0.10282776349614395
43 41 32 0.0 0.0 1517.0 0.0 12897.0 43.0 19849.0 0.0853346336706083
43 41 33 0.0 0.0 3203.0 0.0 10865.0 75.0 54981.0 0.08708092305778439
43 41 34 0.0 0.0 4953.0 0.0 7975.0 81.0 93670.0 0.09377721213745058
43 41 35 0.0 0.0 6074.0 0.0 5207.0 56.0 129969.0 0.10527898932170249
43 41 36 0.0 0.0 7727.0 0.0 4098.0 62.0 147618.0 0.10128047457136655
43 41 37 0.0 0.0 5223.0 0.0 1682.0 24.0 175109.0 0.15707393694603386
43 41 38 0.0 0.0 8957.0 0.0 2061.0 40.0 170776.0 0.10768402430582262
43 41 39 0.0 0.0 7437.0 1.0 1349.0 23.0 179022.0 0.1296656478651477
43 41 40 0.0 1.0 6542.0 0.0 1050.0 21.0 182215.0 0.14580295771714225
43 41 41 0.0 0.0 9696.0 0.0 1743.0 28.0 173319.0 0.10413567390657541
43 41 42 0.0 0.0 7817.0 0.0 1699.0 32.0 174480.0 0.12155943388035077
43 41 43 0.0 0.0 7540.0 0.0 2203.0 33.0 168714.0 0.11906786868515053
43 41 44 0.0 0.0 7247.0 0.0 3498.0 51.0 154019.0 0.10989010989010987
43 41 45 0.0 0.0 6606.0 0.0 5765.0 76.0 127533.0 0.09739807986642549
43 41 46 0.0 0.0 4614.0 0.0 9476.0 71.0 77422.0 0.08690254500310365
43 41 47 0.0 0.0 2914.0 0.0 11415.0 69.0 47664.0 0.08577380223011885
43 41 48 0.0 0.0 1358.0 0.0 12876.0 32.0 17115.0 0.08620158857213224
43 41 49 0.0 0.0 532.0 0.0 9886.0 22.0 2649.0 0.11283952607399049
43 41 50 0.0 0.0 22.0 0.0 553.0 5.0 0.0 0.544959128065395
43 41 51 0.0 0.0 0.0 0.0 4.0 0.0 0.0 0.6986027944111775
43 42 29 0.0 0.0 13.0 0.0 340.0 6.0 0.0 0.5965061780997016
43 42 30 0.0 0.0 163.0 0.0 3332.0 21.0 87.0 0.25580120591997074
43 42 31 0.0 0.0 632.0 0.0 10889.0 20.0 4239.0 0.10360393694960408
43 42 32 0.0 0.0 820.0 0.0 11827.0 29.0 6853.0 0.09564801530368244
43 42 33 0.0 0.0 2568.0 0.0 12032.0 60.0 40220.0 0.08422572494284682
43 42 34 0.0 0.0 4689.0 0.0 8631.0 73.0 87129.0 0.09128251939753536
43 42 35 0.0 0.0 6316.0 0.0 7486.0 79.0 106537.0 0.08857395925597873
43 42 36 0.0 0.0 7875.0 0.0 5582.0 68.0 130958.0 0.09045680687471731
43 42 37 0.0 0.0 7522.0 0.0 3000.0 33.0 159531.0 0.11150935882118676
43 42 38 0.0 0.0 7231.0 0.0 2219.0 34.0 169220.0 0.12216404886561952
43 42 39 0.0 0.0 7279.0 0.0 1664.0 28.0 174290.0 0.12814645308924483
43 42 40 0.0 0.0 8524.0 0.0 2206.0 37.0 169913.0 0.10995052226498074
43 42 41 0.0 0.0 8528.0 0.0 2289.0 31.0 167996.0 0.10910224438902741
43 42 42 0.0 0.0 9416.0 0.0 3280.0 35.0 155957.0 0.09512808316912413
43 42 43 0.0 1.0 7165.0 1.0 3388.0 57.0 155307.0 0.11154489682097042
43 42 44 0.0 0.0 6746.0 0.0 4977.0 62.0 135667.0 0.10204081632653059
43 42 45 0.0 0.0 5734.0 0.0 6168.0 65.0 118028.0 0.10062531445410766
43 42 46 0.0 0.0 4414.0 0.0 9868.0 78.0 72569.0 0.08587376556462
43 42 47 0.0 0.0 2270.0 0.0 12971.0 45.0 31360.0 0.08113590263691682
43 42 48 0.0 0.0 1305.0 0.0 12592.0 52.0 16973.0 0.08815565770417479
43 42 49 0.0 0.0 424.0 0.0 7827.0 24.0 1062.0 0.13677217663149666
43 42 50 0.0 0.0 57.0 0.0 1389.0 14.0 6.0 0.40780658316341384
43 42 51 0.0 0.0 34.0 0.0 525.0 9.0 0.0 0.5490196078431372
43 43 29 0.0 0.0 0.0 0.0 10.0 0.0 0.0 0.6965174129353233
43 43 30 0.0 0.0 116.0 0.0 3196.0 17.0 95.0 0.26430054747970544
43 43 31 0.0 0.0 436.0 0.0 9118.0 19.0 2091.0 0.12126461671719357
43 43 32 0.0 0.0 913.0 0.0 12177.0 25.0 9524.0 0.092758232293116
43 43 33 0.0 0.0 2089.0 0.0 13437.0 47.0 26253.0 0.07987676156786672
43 43 34 0.0 0.0 3646.0 0.0 10059.0 74.0 65489.0 0.0891662951404369
43 43 35 0.0 0.0 5252.0 0.0 8146.0 97.0 95185.0 0.0909208988180283
43 43 36 0.0 0.0 6786.0 0.0 6875.0 85.0 116141.0 0.08941116362242942
43 43 37 0.0 0.0 6908.0 0.0 4419.0 45.0 143316.0 0.10494752623688154
43 43 38 0.0 0.0 7755.0 0.0 3882.0 50.0 149776.0 0.10263177186423281
43 43 39 0.0 0.0 7486.0 0.0 3098.0 54.0 158003.0 0.11139401654996817
43 43 40 0.0 1.0 7943.0 0.0 3269.0 51.0 156545.0 0.10600439161050956
43 43 41 0.0 0.0 7052.0 0.0 2985.0 44.0 159622.0 0.11625010379473552
43 43 42 0.0 0.0 7314.0 0.0 4029.0 53.0 147832.0 0.10482965181579933
43 43 43 0.0 0.0 7223.0 0.0 6416.0 65.0 119550.0 0.08951979026791992
43 43 44 0.0 0.0 6022.0 0.0 7402.0 81.0 105796.0 0.09084420219323859
43 43 45 0.0 0.0 4756.0 0.0 10466.0 80.0 71597.0 0.08134332694207191
43 43 46 0.0 0.0 3830.0 0.0 10053.0 67.0 67468.0 0.08805585256934396
43 43 47 0.0 0.0 2270.0 0.0 12028.0 39.0 35641.0 0.08581586367537083
43 43 48 0.0 0.0 877.0 0.0 12330.0 33.0 7866.0 0.09212950776520136
43 43 49 0.0 0.0 373.0 0.0 7386.0 27.0 864.0 0.14378145219266714
43 43 50 0.0 0.0 74.0 0.0 1540.0 11.0 12.0 0.38867295946696273
43 43 51 0.0 0.0 8.0 0.0 178.0 2.0 0.0 0.641025641025641
43 44 29 0.0 0.0 0.0 0.0 4.0 0.0 0.0 0.6986027944111775
43 44 30 0.0 0.0 267.0 0.0 5524.0 17.0 397.0 0.17997171872991385
43 44 31 0.0 0.0 483.0 0.0 8883.0 21.0 1503.0 0.12327199084265208
43 44 32 0.0 0.0 1196.0 0.0 12609.0 39.0 15919.0 0.08855154965211891
43 44 33 0.0 0.0 1962.0 0.0 12454.0 37.0 29383.0 0.08523592085235919
43 44 34 0.0 0.0 2717.0 0.0 12505.0 56.0 37900.0 0.08130081300813008
43 44 35 0.0 0.0 4372.0 0.0 9894.0 79.0 72299.0 0.08600036857300815
43 44 36 0.0 0.0 5469.0 0.0 9746.0 78.0 80844.0 0.08124891184493063
43 44 37 0.0 0.0 5688.0 0.0 5441.0 78.0 126013.0 0.10672358591248664
43 44 38 0.0 0.0 7286.0 0.0 6965.0 85.0 114280.0 0.08621220518504832
43 44 39 0.0 0.0 7212.0 0.0 6311.0 90.0 121702.0 0.09029927760577915
43 44 40 0.0 0.0 7523.0 0.0 5646.0 67.0 129399.0 0.09227524387028735
43 44 41 0.0 0.0 6422.0 0.0 4421.0 65.0 140444.0 0.10905974916257691
43 44 42 0.0 2.0 6487.0 1.0 5974.0 71.0 124265.0 0.09669176048069618
43 44 43 0.0 0.0 5457.0 0.0 9152.0 77.0 85486.0 0.08423079237109679
43 44 44 0.0 0.0 4642.0 0.0 9108.0 70.0 82979.0 0.0888832455082217
43 44 45 0.0 0.0 3434.0 0.0 10755.0 79.0 58051.0 0.08660150934059135
43 44 46 0.0 0.0 2924.0 0.0 11354.0 63.0 48425.0 0.08605323006945724
43 44 47 0.0 0.0 1934.0 0.0 12262.0 50.0 30164.0 0.08647313156269301
43 44 48 0.0 0.0 877.0 0.0 12223.0 34.0 8256.0 0.09281973082278061
43 44 49 0.0 0.0 392.0 0.0 7637.0 21.0 1005.0 0.1397624039133473
43 44 50 0.0 0.0 55.0 0.0 1394.0 7.0 11.0 0.40685847137460035
43 44 51 0.0 0.0 0.0 0.0 8.0 0.0 0.0 0.697211155378486
43 45 29 0.0 0.0 0.0 0.0 1.0 0.0 0.0 0.6996501749125437
43 45 30 0.0 0.0 12.0 0.0 315.0 3.0 0.0 0.6024096385542168
43 45 31 0.0 0.0 324.0 0.0 7054.0 20.0 845.0 0.1494927923117992
43 45 32 0.0 0.0 969.0 0.0 12633.0 40.0 9785.0 0.08984149393569915
43 45 33 0.0 0.0 2023.0 0.0 12108.0 50.0 32052.0 0.08677327383165984
43 45 34 0.0 0.0 1965.0 0.0 13336.0 52.0 24905.0 0.08092017802439165
43 45 35 0.0 0.0 3043.0 0.0 12086.0 64.0 44227.0 0.08173750583839326
43 45 36 0.0 0.0 4272.0 0.0 9990.0 73.0 72615.0 0.08610086100861007
43 45 37 0.0 0.0 4318.0 0.0 10783.0 82.0 65851.0 0.08192883895131085
43 45 38 0.0 0.0 5006.0 0.0 8851.0 71.0 86831.0 0.0882890836854386
43 45 39 0.0 0.0 5472.0 0.0 10015.0 89.0 79361.0 0.08014196576793176
43 45 40 0.0 0.0 5739.0 0.0 7235.0 82.0 105721.0 0.09342052582410248
43 45 41 0.0 0.0 5703.0 0.0 7413.0 77.0 104066.0 0.09259871684635226
43 45 42 0.0 0.0 4904.0 0.0 9061.0 80.0 83550.0 0.08771929824561402
43 45 43 0.0 0.0 4235.0 0.0 8750.0 76.0 83159.0 0.0934454678948071
43 45 44 0.0 0.0 3017.0 0.0 11351.0 67.0 48865.0 0.08548052265233849
43 45 45 0.0 0.0 1744.0 0.0 13206.0 40.0 22613.0 0.08254716981132075
43 45 46 0.0 0.0 1614.0 0.0 12870.0 35.0 21519.0 0.08491023774866568
43 45 47 0.0 0.0 975.0 0.0 12518.0 46.0 9586.0 0.0905211431527221
43 45 48 0.0 0.0 761.0 0.0 11592.0 29.0 6705.0 0.09764943851572852
43 45 49 0.0 0.0 349.0 0.0 6953.0 21.0 756.0 0.15079707022834982
43 45 50 0.0 0.0 11.0 0.0 164.0 4.0 0.0 0.64486411791801
43 45 51 0.0 0.0 0.0 0.0 1.0 0.0 0.0 0.6996501749125437
43 46 30 0.0 0.0 27.0 0.0 601.0 6.0 0.0 0.5339435545385202
43 46 31 0.0 0.0 182.0 0.0 4726.0 17.0 255.0 0.20313406848520021
43 46 32 0.0 0.0 871.0 0.0 12159.0 36.0 6639.0 0.09324630345011321
43 46 33 0.0 0.0 1673.0 0.0 12766.0 46.0 23852.0 0.08518405841192576
43 46 34 0.0 0.0 2786.0 0.0 10504.0 66.0 52574.0 0.09155712510627165
43 46 35 0.0 0.0 2048.0 0.0 12904.0 60.0 28177.0 0.08257638315441783
43 46 36 0.0 0.0 3263.0 0.0 10242.0 88.0 59837.0 0.09039256198347106
43 46 37 0.0 0.0 3359.0 0.0 9752.0 60.0 63855.0 0.09260484191030559
43 46 38 0.0 0.0 3385.0 0.0 11403.0 75.0 52172.0 0.08342768607353554
43 46 39 0.0 0.0 3559.0 0.0 11097.0 59.0 56311.0 0.08402856971370265
43 46 40 0.0 0.0 4250.0 0.0 9091.0 93.0 78621.0 0.0913420760749005
43 46 41 0.0 0.0 3989.0 0.0 9692.0 63.0 71543.0 0.08914358484559057
43 46 42 0.0 0.0 2911.0 0.0 12498.0 66.0 41323.0 0.08046439450543134
43 46 43 0.0 0.0 2642.0 0.0 11562.0 52.0 42218.0 0.08631851532153645
43 46 44 0.0 0.0 1824.0 0.0 12595.0 44.0 27365.0 0.08521516829995739
43 46 45 0.0 0.0 970.0 0.0 12827.0 33.0 8075.0 0.08870865543023697
43 46 46 0.0 0.0 786.0 0.0 11850.0 33.0 5936.0 0.09572649572649572
43 46 47 0.0 0.0 541.0 0.0 10222.0 22.0 2992.0 0.10969207866489068
43 46 48 0.0 0.0 683.0 0.0 11080.0 30.0 3560.0 0.10178117048346055
43 46 49 0.0 0.0 257.0 0.0 5636.0 16.0 432.0 0.1776424311635579
43 46 50 0.0 0.0 13.0 0.0 273.0 5.0 0.0 0.6137658921525645
43 47 30 0.0 0.0 1.0 0.0 23.0 0.0 0.0 0.6920415224913494
43 47 31 0.0 0.0 240.0 0.0 5413.0 19.0 350.0 0.1833180568285976
43 47 32 0.0 0.0 676.0 0.0 11029.0 24.0 3971.0 0.10221962616822429
43 47 33 0.0 0.0 1765.0 0.0 11995.0 54.0 29922.0 0.0888437618987181
43 47 34 0.0 0.0 946.0 0.0 12567.0 30.0 7890.0 0.0903400658191908
43 47 35 0.0 0.0 1636.0 0.0 12626.0 47.0 23329.0 0.08615384615384615
43 47 36 0.0 0.0 1414.0 0.0 13261.0 51.0 16353.0 0.08401848406649462
43 47 37 0.0 0.0 2225.0 0.0 11506.0 53.0 37937.0 0.08900756564307966
43 47 38 0.0 0.0 1877.0 0.0 12648.0 36.0 26189.0 0.08460748171874055
43 47 39 0.0 0.0 2305.0 0.0 11825.0 70.0 37213.0 0.086848635235732
43 47 40 0.0 0.0 2372.0 0.0 12470.0 55.0 34746.0 0.08312551953449708
43 47 41 0.0 0.0 2810.0 0.0 10639.0 60.0 51741.0 0.09057385003558258
43 47 42 0.0 0.0 2049.0 0.0 12772.0 54.0 27889.0 0.08319961965888155
43 47 43 0.0 0.0 1591.0 0.0 12757.0 50.0 21639.0 0.08567407135426228
43 47 44 0.0 0.0 1117.0 0.0 12913.0 34.0 12934.0 0.0873689465801298
43 47 45 0.0 0.0 701.0 0.0 11446.0 34.0 5680.0 0.09905193151266449
43 47 46 0.0 0.0 237.0 0.0 5054.0 17.0 280.0 0.19246631839428097
43 47 47 0.0 0.0 213.0 0.0 4938.0 26.0 258.0 0.19646365422396853
43 47 48 0.0 0.0 190.0 0.0 3956.0 11.0 122.0 0.2282732757215066
43 47 49 0.0 0.0 10.0 0.0 211.0 2.0 0.0 0.6311992786293958
43 47 50 0.0 0.0 1.0 0.0 27.0 0.0 0.0 0.690335305719921
43 48 30 0.0 0.0 0.0 0.0 8.0 0.0 0.0 0.697211155378486
43 48 31 0.0 0.0 119.0 0.0 2430.0 16.0 33.0 0.30884623869402156
43 48 32 0.0 0.0 430.0 0.0 8795.0 25.0 1650.0 0.12489963422249976
43 48 33 0.0 0.0 600.0 0.0 10656.0 28.0 3472.0 0.10566835232847761
43 48 34 0.0 0.0 947.0 0.0 12502.0 33.0 9431.0 0.09067944815078696
43 48 35 0.0 0.0 496.0 0.0 9172.0 20.0 1768.0 0.12006861063464834
43 48 36 0.0 0.0 1169.0 0.0 12971.0 37.0 13859.0 0.08673026886383346
43 48 37 0.0 0.0 964.0 0.0 12674.0 28.0 9418.0 0.08951406649616367
43 48 38 0.0 0.0 971.0 0.0 12720.0 32.0 8333.0 0.08920038228735265
43 48 39 0.0 0.0 1002.0 0.0 12701.0 38.0 9781.0 0.08918333545674607
43 48 40 0.0 0.0 1183.0 0.0 12892.0 40.0 13803.0 0.08714054525084028
43 48 41 0.0 0.0 1249.0 0.0 13127.0 33.0 13408.0 0.08552752153460809
43 48 42 0.0 0.0 773.0 0.0 11862.0 27.0 5855.0 0.09571995077259672
43 48 43 0.0 0.0 698.0 0.0 11344.0 25.0 4615.0 0.09978617248752672
43 48 44 0.0 0.0 442.0 0.0 8513.0 20.0 1455.0 0.12793566663620579
43 48 45 0.0 0.0 506.0 0.0 9402.0 29.0 2034.0 0.11777572137629341
43 48 46 0.0 0.0 34.0 0.0 893.0 10.0 2.0 0.4799451491258141
43 48 47 0.0 0.0 7.0 0.0 271.0 1.0 0.0 0.6148440931049626
43 48 48 0.0 0.0 227.0 0.0 4977.0 22.0 319.0 0.19479615973285094
43 48 49 0.0 0.0 0.0 0.0 6.0 0.0 0.0 0.6979062811565303
43 48 50 0.0 0.0 0.0 0.0 2.0 0.0 0.0 0.6993006993006992
43 49 31 0.0 0.0 0.0 0.0 44.0 0.0 0.0 0.684931506849315
43 49 32 0.0 0.0 47.0 0.0 871.0 8.0 0.0 0.4810996563573882
43 49 33 0.0 0.0 150.0 0.0 3832.0 15.0 159.0 0.2345451499413637
43 49 34 0.0 0.0 176.0 0.0 4402.0 9.0 179.0 0.21305737330695476
43 49 35 0.0 0.0 309.0 0.0 6495.0 27.0 639.0 0.15941698929628784
43 49 36 0.0 0.0 269.0 0.0 5913.0 24.0 405.0 0.17156862745098037
43 49 37 0.0 0.0 407.0 0.0 7884.0 17.0 1107.0 0.13618677042801555
43 49 38 0.0 0.0 113.0 0.0 2705.0 20.0 63.0 0.29178824510212586
43 49 39 0.0 0.0 828.0 0.0 12023.0 39.0 5994.0 0.09433962264150943
43 49 40 0.0 0.0 444.0 0.0 9147.0 23.0 2049.0 0.12098167991704112
43 49 41 0.0 0.0 573.0 0.0 10394.0 16.0 3097.0 0.10794972627033696
43 49 42 0.0 0.0 348.0 0.0 7336.0 22.0 881.0 0.14483757500517275
43 49 43 0.0 0.0 544.0 0.0 9961.0 13.0 2728.0 0.11193731510354202
43 49 44 0.0 0.0 101.0 0.0 2517.0 11.0 52.0 0.30375352571056624
43 49 45 0.0 0.0 21.0 0.0 453.0 3.0 1.0 0.5665722379603398
43 49 46 0.0 0.0 35.0 0.0 784.0 5.0 8.0 0.49751243781094523
43 49 47 0.0 0.0 4.0 0.0 56.0 3.0 0.0 0.6806028196402526
43 49 48 0.0 0.0 1.0 0.0 13.0 1.0 0.0 0.695479384003974
43 49 49 0.0 0.0 0.0 0.0 3.0 0.0 0.0 0.6989515726410384
43 50 30 0.0 0.0 0.0 0.0 1.0 0.0 0.0 0.6996501749125437
43 50 32 0.0 0.0 0.0 0.0 5.0 0.0 0.0 0.6982543640897755
43 50 33 0.0 0.0 0.0 0.0 17.0 0.0 0.0 0.694100148735746
43 50 34 0.0 0.0 6.0 0.0 88.0 1.0 0.0 0.668896321070234
43 50 35 0.0 0.0 147.0 0.0 3002.0 24.0 78.0 0.2731707317073171
43 50 36 0.0 0.0 2.0 0.0 89.0 2.0 0.0 0.6704980842911876
43 50 37 0.0 0.0 0.0 0.0 36.0 0.0 0.0 0.6876227897838899
43 50 38 0.0 0.0 43.0 0.0 1074.0 3.0 7.0 0.44943820224719094
43 50 39 0.0 0.0 40.0 0.0 1050.0 6.0 5.0 0.4539559014267185
43 50 40 0.0 0.0 39.0 0.0 1087.0 11.0 6.0 0.44943820224719094
43 50 41 0.0 0.0 2.0 0.0 171.0 1.0 1.0 0.64486411791801
43 50 42 0.0 0.0 55.0 0.0 1141.0 13.0 9.0 0.4401131719585035
43 50 43 0.0 0.0 2.0 0.0 80.0 0.0 0.0 0.6724303554274734
43 50 44 0.0 0.0 7.0 0.0 122.0 2.0 1.0 0.6578947368421051
43 50 45 0.0 0.0 0.0 0.0 4.0 0.0 0.0 0.6986027944111775
43 51 34 0.0 0.0 0.0 0.0 3.0 0.0 0.0 0.6989515726410384
43 51 36 0.0 0.0 0.0 0.0 1.0 0.0 0.0 0.6996501749125437
43 51 38 0.0 0.0 0.0 0.0 1.0 0.0 0.0 0.6996501749125437
43 51 39 0.0 0.0 0.0 0.0 10.0 1.0 0.0 0.6968641114982577
43 51 40 0.0 0.0 0.0 0.0 3.0 0.0 0.0 0.6989515726410384
43 51 41 0.0 0.0 0.0 0.0 10.0 0.0 0.0 0.6965174129353233
43 51 42 0.0 0.0 0.0 0.0 1.0 0.0 0.0 0.6996501749125437
43 51 43 0.0 0.0 0.0 0.0 1.0 0.0 0.0 0.6996501749125437
44 28 39 0.0 0.0 0.0 0.0 3.0 0.0 0.0 0.6989515726410384
44 29 35 0.0 0.0 0.0 0.0 6.0 0.0 0.0 0.6979062811565303
44 29 36 0.0 0.0 0.0 0.0 21.0 1.0 0.0 0.6930693069306929
44 29 37 0.0 0.0 0.0 0.0 29.0 0.0 0.0 0.6899950714637751
44 29 38 0.0 0.0 0.0 0.0 26.0 0.0 0.0 0.6910167818361302
44 29 39 0.0 0.0 2.0 0.0 89.0 1.0 0.0 0.6701771182383915
44 29 40 0.0 0.0 55.0 0.0 1692.0 10.0 20.0 0.3745318352059924
44 29 41 0.0 0.0 0.0 0.0 30.0 0.0 0.0 0.689655172413793
44 29 42 0.0 0.0 0.0 0.0 19.0 0.0 0.0 0.6934125804853887
44 29 43 0.0 0.0 0.0 0.0 13.0 0.0 0.0 0.695479384003974
44 29 44 0.0 0.0 6.0 0.0 161.0 3.0 0.0 0.6469500924214416
44 29 45 0.0 0.0 0.0 0.0 5.0 0.0 0.0 0.6982543640897755
44 30 33 0.0 0.0 0.0 0.0 1.0 0.0 0.0 0.6996501749125437
44 30 34 0.0 0.0 2.0 0.0 104.0 0.0 0.0 0.664767331433998
44 30 35 0.0 0.0 31.0 0.0 575.0 4.0 1.0 0.5380476556495004
44 30 36 0.0 0.0 63.0 0.0 1582.0 14.0 15.0 0.38546255506607924
44 30 37 0.0 0.0 174.0 0.0 3778.0 14.0 139.0 0.23588879528222406
44 30 38 0.0 0.0 173.0 0.0 3444.0 14.0 101.0 0.2498215560314061
44 30 39 0.0 0.0 243.0 0.0 5767.0 18.0 414.0 0.1750875437718859
44 30 40 0.0 0.0 411.0 0.0 7978.0 24.0 1116.0 0.13496577653523567
44 30 41 0.0 0.0 160.0 0.0 4059.0 12.0 189.0 0.22551546391752575
44 30 42 0.0 0.0 228.0 0.0 5140.0 23.0 324.0 0.19052803483941202
44 30 43 0.0 0.0 84.0 0.0 1777.0 13.0 20.0 0.36382536382536373
44 30 44 0.0 0.0 161.0 0.0 4226.0 20.0 182.0 0.21978021978021975
44 30 45 0.0 0.0 85.0 0.0 1687.0 12.0 21.0 0.37224142515288483
44 30 46 0.0 0.0 48.0 0.0 1157.0 7.0 5.0 0.43763676148796493
44 30 47 0.0 0.0 0.0 0.0 16.0 0.0 0.0 0.6944444444444444
44 31 31 0.0 0.0 0.0 0.0 2.0 0.0 0.0 0.6993006993006992
44 31 32 0.0 0.0 1.0 0.0 40.0 0.0 0.0 0.6859382655560998
44 31 33 0.0 0.0 0.0 0.0 53.0 0.0 0.0 0.6819288845591815
44 31 34 0.0 0.0 194.0 0.0 4261.0 19.0 171.0 0.21749262078608042
44 31 35 0.0 0.0 545.0 0.0 10159.0 17.0 2665.0 0.11024490117332073
44 31 36 0.0 0.0 582.0 0.0 10188.0 27.0 2880.0 0.10977809142946755
44 31 37 0.0 0.0 726.0 0.0 11602.0 24.0 5008.0 0.09779267951941882
44 31 38 0.0 0.0 829.0 0.0 12065.0 23.0 7473.0 0.09402283411685694
44 31 39 0.0 0.0 637.0 0.0 10605.0 26.0 3033.0 0.1057641459545214
44 31 40 0.0 0.0 846.0 0.0 12207.0 29.0 6911.0 0.09304798617572776
44 31 41 0.0 0.0 368.0 0.0 7626.0 16.0 916.0 0.14019627478469854
44 31 42 0.0 0.0 311.0 0.0 6467.0 14.0 621.0 0.15965332421028622
44 31 43 0.0 0.0 195.0 0.0 4710.0 12.0 242.0 0.20301624129930393
44 31 44 0.0 0.0 486.0 0.0 9367.0 28.0 2119.0 0.11833319246048515
44 31 45 0.0 0.0 585.0 0.0 10452.0 26.0 2966.0 0.1075268817204301
44 31 46 0.0 0.0 277.0 0.0 6038.0 30.0 503.0 0.16885779761186828
44 31 47 0.0 0.0 7.0 0.0 206.0 3.0 0.0 0.6337709370755997
44 31 48 0.0 0.0 0.0 0.0 14.0 0.0 0.0 0.6951340615690167
44 31 49 0.0 0.0 0.0 0.0 11.0 0.0 0.0 0.6961710591745399
44 32 31 0.0 0.0 0.0 0.0 4.0 0.0 0.0 0.6986027944111775
44 32 32 0.0 0.0 8.0 0.0 306.0 3.0 0.0 0.6057983556901773
44 32 33 0.0 0.0 285.0 0.0 6570.0 25.0 594.0 0.1584068793844761
44 32 34 0.0 0.0 157.0 0.0 3740.0 15.0 112.0 0.2379738228794832
44 32 35 0.0 0.0 296.0 0.0 7238.0 20.0 928.0 0.14707427250761634
44 32 36 0.0 0.0 770.0 0.0 11750.0 26.0 4592.0 0.09645194626248707
44 32 37 0.0 0.0 1062.0 0.0 13131.0 30.0 10119.0 0.08643575970858801
44 32 38 0.0 0.0 1089.0 0.0 12913.0 31.0 10212.0 0.08751640932674876
44 32 39 0.0 0.0 1551.0 0.0 12971.0 39.0 20015.0 0.08475602373168664
44 32 40 0.0 0.0 1338.0 0.0 13453.0 41.0 13083.0 0.08339786739739083
44 32 41 0.0 0.0 1815.0 0.0 12403.0 48.0 27020.0 0.08631851532153645
44 32 42 0.0 0.0 1006.0 0.0 12663.0 36.0 9627.0 0.08936550491510276
44 32 43 0.0 0.0 899.0 0.0 12331.0 35.0 7015.0 0.09196006305832895
44 32 44 0.0 0.0 646.0 0.0 10874.0 30.0 3435.0 0.10369602251685059
44 32 45 0.0 0.0 407.0 0.0 8182.0 23.0 1233.0 0.13247539742619227
44 32 46 0.0 0.0 538.0 0.0 10228.0 24.0 3043.0 0.10977809142946755
44 32 47 0.0 0.0 153.0 0.0 4496.0 12.0 260.0 0.21097046413502107
44 32 48 0.0 0.0 162.0 0.0 3172.0 21.0 78.0 0.2634054562558795
44 32 49 0.0 0.0 2.0 0.0 39.0 1.0 0.0 0.6862745098039215
44 33 30 0.0 0.0 0.0 0.0 1.0 0.0 0.0 0.6996501749125437
44 33 31 0.0 0.0 3.0 0.0 93.0 1.0 0.0 0.6685768863419292
44 33 32 0.0 0.0 246.0 0.0 5411.0 19.0 315.0 0.18317414627763964
44 33 33 0.0 0.0 234.0 0.0 5978.0 17.0 529.0 0.17081503172279155
44 33 34 0.0 0.0 768.0 0.0 11771.0 28.0 6227.0 0.09634574358268529
44 33 35 0.0 0.0 668.0 0.0 11328.0 24.0 4661.0 0.10008578781812981
44 33 36 0.0 0.0 1467.0 0.0 12754.0 31.0 19892.0 0.08626001232285889
44 33 37 0.0 0.0 2213.0 0.0 12059.0 63.0 35461.0 0.08603736479842673
44 33 38 0.0 0.0 2533.0 0.0 12143.0 62.0 38530.0 0.08399832003359932
44 33 39 0.0 0.0 3080.0 0.0 10906.0 61.0 53399.0 0.08755472170106315
44 33 40 0.0 0.0 3490.0 0.0 9949.0 65.0 63670.0 0.09064422143088377
44 33 41 0.0 0.0 2591.0 0.0 12239.0 68.0 39990.0 0.0833134967864794
44 33 42 0.0 0.0 2483.0 0.0 11274.0 69.0 44176.0 0.08894536213468868
44 33 43 0.0 0.0 1579.0 0.0 13174.0 54.0 19052.0 0.08360205422190373
44 33 44 0.0 0.0 1732.0 0.0 12677.0 40.0 25533.0 0.08528265107212475
44 33 45 0.0 0.0 1359.0 0.0 12853.0 37.0 17130.0 0.08631319358816275
44 33 46 0.0 0.0 1197.0 0.0 13133.0 35.0 12935.0 0.0857632933104631
44 33 47 0.0 0.0 1139.0 0.0 12955.0 34.0 11782.0 0.08702679181948156
44 33 48 0.0 0.0 412.0 0.0 8224.0 21.0 1224.0 0.13178951332015437
44 33 49 0.0 0.0 6.0 0.0 301.0 0.0 0.0 0.6068487212830515
44 33 50 0.0 0.0 2.0 0.0 41.0 1.0 0.0 0.6856023506366307
44 34 30 0.0 0.0 3.0 0.0 96.0 1.0 0.0 0.6673021925643469
44 34 31 0.0 0.0 247.0 0.0 5155.0 27.0 277.0 0.18983050847457625
44 34 32 0.0 0.0 400.0 0.0 8575.0 17.0 1679.0 0.12771392081736907
44 34 33 0.0 0.0 780.0 0.0 11897.0 40.0 6863.0 0.09548492702223434
44 34 34 0.0 0.0 968.0 0.0 12610.0 37.0 8355.0 0.0899107314880226
44 34 35 0.0 0.0 1550.0 0.0 13206.0 58.0 19348.0 0.08358707982566123
44 34 36 0.0 0.0 1983.0 0.0 13078.0 48.0 27035.0 0.08207292765857661
44 34 37 0.0 0.0 3595.0 0.0 9592.0 87.0 69256.0 0.09233001384950207
44 34 38 0.0 0.0 4027.0 0.0 9796.0 82.0 72321.0 0.08849557522123892
44 34 39 0.0 0.0 4721.0 0.0 9097.0 93.0 82252.0 0.08860759493670885
44 34 40 0.0 0.0 4616.0 0.0 11025.0 72.0 65973.0 0.0793246076264944
44 34 41 0.0 0.0 4505.0 0.0 8026.0 83.0 91867.0 0.09641209283107223
44 34 42 0.0 0.0 3505.0 0.0 12292.0 53.0 47205.0 0.078559003422928
44 34 43 0.0 0.0 3549.0 0.0 11418.0 69.0 53245.0 0.08254230293025175
44 34 44 0.0 0.0 3035.0 0.0 11763.0 69.0 47436.0 0.08338296605122095
44 34 45 0.0 0.0 2775.0 0.0 11974.0 58.0 42749.0 0.08347743128018603
44 34 46 0.0 0.0 2493.0 0.0 11522.0 61.0 42059.0 0.0874508089199825
44 34 47 0.0 0.0 1238.0 0.0 12835.0 34.0 14915.0 0.08711343413602139
44 34 48 0.0 0.0 712.0 0.0 11411.0 29.0 4061.0 0.09919229134192999
44 34 49 0.0 0.0 247.0 0.0 5548.0 18.0 363.0 0.1799254594525125
44 34 50 0.0 0.0 12.0 0.0 191.0 1.0 0.0 0.6357856494096276
44 35 29 0.0 0.0 0.0 0.0 2.0 0.0 0.0 0.6993006993006992
44 35 30 0.0 0.0 0.0 0.0 96.0 0.0 0.0 0.6679389312977099
44 35 31 0.0 0.0 597.0 0.0 10444.0 33.0 3443.0 0.10751862376161583
44 35 32 0.0 0.0 770.0 0.0 11812.0 33.0 6510.0 0.09612083762444215
44 35 33 0.0 0.0 1230.0 0.0 13263.0 37.0 12179.0 0.08488449645304068
44 35 34 0.0 0.0 1784.0 0.0 12658.0 58.0 25827.0 0.08520998174071819
44 35 35 0.0 0.0 2072.0 0.0 12387.0 58.0 32101.0 0.08509603695599319
44 35 36 0.0 0.0 3396.0 0.0 10207.0 76.0 62699.0 0.08981843844229165
44 35 37 0.0 0.0 4111.0 0.0 10079.0 71.0 69310.0 0.08640908529811134
44 35 38 0.0 0.0 5241.0 0.0 9534.0 77.0 81972.0 0.08339289969025493
44 35 39 0.0 0.0 5229.0 0.0 4858.0 69.0 133500.0 0.11596123581545596
44 35 40 0.0 0.0 5911.0 0.0 5687.0 72.0 123302.0 0.10295631710545666
44 35 41 0.0 0.0 5894.0 0.0 6226.0 76.0 118598.0 0.09910101224605364
44 35 42 0.0 0.0 5773.0 0.0 7504.0 76.0 105956.0 0.09172508681124286
44 35 43 0.0 0.0 5530.0 0.0 8193.0 91.0 96518.0 0.08907552331869949
44 35 44 0.0 0.0 4885.0 0.0 7712.0 70.0 97557.0 0.09575923392612859
44 35 45 0.0 0.0 4266.0 0.0 8038.0 76.0 89898.0 0.09786103732699565
44 35 46 0.0 0.0 3048.0 0.0 10635.0 79.0 54476.0 0.08934839491990554
44 35 47 0.0 0.0 1135.0 0.0 13020.0 21.0 11183.0 0.08659079663532904
44 35 48 0.0 0.0 1006.0 0.0 12826.0 42.0 9676.0 0.08849557522123892
44 35 49 0.0 0.0 281.0 0.0 5350.0 20.0 313.0 0.1839442911575351
44 35 50 0.0 0.0 9.0 0.0 229.0 1.0 0.0 0.6258381761287437
44 35 51 0.0 0.0 0.0 0.0 4.0 0.0 0.0 0.6986027944111775
44 36 29 0.0 0.0 0.0 0.0 6.0 0.0 0.0 0.6979062811565303
44 36 30 0.0 0.0 139.0 0.0 2915.0 23.0 54.0 0.2782193958664546
44 36 31 0.0 0.0 415.0 0.0 8540.0 20.0 1502.0 0.1279707495429616
44 36 32 0.0 0.0 1481.0 0.0 12689.0 41.0 20412.0 0.08662830270404058
44 36 33 0.0 0.0 1666.0 0.0 13087.0 44.0 23073.0 0.08351727017836902
44 36 34 0.0 0.0 2677.0 0.0 11232.0 54.0 46089.0 0.08795627316705408
44 36 35 0.0 0.0 3458.0 0.0 10422.0 70.0 60571.0 0.08813345923827509
44 36 36 0.0 0.0 3906.0 0.0 11152.0 82.0 59910.0 0.08212588725288905
44 36 37 0.0 0.0 5228.0 0.0 8797.0 72.0 88123.0 0.08724915866882711
44 36 38 0.0 0.0 6491.0 0.0 6975.0 82.0 112764.0 0.09053870529651425
44 36 39 0.0 0.0 7807.0 0.0 6572.0 83.0 122343.0 0.08543357539513027
44 36 40 0.0 0.0 7588.0 0.0 4773.0 67.0 139592.0 0.09739807986642549
44 36 41 0.0 0.0 7078.0 0.0 4052.0 38.0 145834.0 0.10639106315069533
44 36 42 0.0 0.0 7466.0 0.0 5232.0 75.0 133481.0 0.09521866285792015
44 36 43 0.0 0.0 6742.0 0.0 5417.0 68.0 131483.0 0.09877936922317081
44 36 44 0.0 0.0 6194.0 0.0 6837.0 77.0 112719.0 0.09310986964618248
44 36 45 0.0 0.0 5188.0 0.0 8159.0 73.0 94103.0 0.09107468123861565
44 36 46 0.0 0.0 3209.0 0.0 11304.0 65.0 51521.0 0.08477655322756449
44 36 47 0.0 0.0 2133.0 0.0 12431.0 58.0 32016.0 0.08455638098689376
44 36 48 0.0 0.0 1329.0 0.0 13169.0 27.0 14837.0 0.08481250378627248
44 36 49 0.0 0.0 661.0 0.0 11105.0 22.0 4575.0 0.10170722847802396
44 36 50 0.0 0.0 125.0 0.0 2656.0 19.0 49.0 0.2939941201175976
44 36 51 0.0 0.0 0.0 0.0 11.0 0.0 0.0 0.6961710591745399
44 37 29 0.0 0.0 26.0 0.0 614.0 1.0 2.0 0.5305039787798408
44 37 30 0.0 0.0 106.0 0.0 2873.0 12.0 83.0 0.2818602778337024
44 37 31 0.0 0.0 660.0 0.0 11309.0 27.0 4911.0 0.10025062656641602
44 37 32 0.0 0.0 1110.0 0.0 12995.0 37.0 10664.0 0.08698893997763141
44 37 33 0.0 0.0 1857.0 0.0 13142.0 44.0 23703.0 0.08229968843689377
44 37 34 0.0 0.0 2889.0 0.0 12142.0 68.0 41694.0 0.08220786846741045
44 37 35 0.0 0.0 3863.0 0.0 11559.0 76.0 56339.0 0.08037200757793213
44 37 36 0.0 0.0 5022.0 0.0 9028.0 89.0 83718.0 0.08726547403852146
44 37 37 0.0 0.0 5911.0 0.0 5970.0 77.0 121869.0 0.10082097076191847
44 37 38 0.0 0.0 7119.0 0.0 4945.0 52.0 136219.0 0.09950248756218905
44 37 39 0.0 0.0 7846.0 0.0 4076.0 63.0 147341.0 0.10055304172951231
44 37 40 0.0 0.0 7717.0 0.0 3043.0 41.0 158720.0 0.10968348480100282
44 37 41 0.0 0.0 8318.0 0.0 3500.0 63.0 154497.0 0.10137581462708181
44 37 42 0.0 1.0 8501.0 0.0 3871.0 47.0 150621.0 0.09732360097323599
44 37 43 0.0 0.0 6625.0 0.0 3323.0 46.0 154458.0 0.11696883616008019
44 37 44 0.0 0.0 5862.0 0.0 4010.0 56.0 144657.0 0.1178748842300244
44 37 45 0.0 0.0 5591.0 0.0 7414.0 91.0 104106.0 0.09337690922430467
44 37 46 0.0 0.0 3938.0 0.0 10817.0 90.0 61267.0 0.08363201911589008
44 37 47 0.0 0.0 2735.0 0.0 10719.0 59.0 50714.0 0.09053285049146403
44 37 48 0.0 0.0 1327.0 0.0 12878.0 50.0 16918.0 0.086446434084594
44 37 49 0.0 0.0 616.0 0.0 10939.0 27.0 3967.0 0.10337443697851287
44 37 50 0.0 0.0 155.0 0.0 3291.0 13.0 87.0 0.257494942063638
44 37 51 0.0 0.0 1.0 0.0 24.0 0.0 0.0 0.6913580246913579
44 38 28 0.0 0.0 0.0 0.0 1.0 0.0 0.0 0.6996501749125437
44 38 29 0.0 0.0 37.0 0.0 831.0 6.0 6.0 0.48916841369671554
44 38 30 0.0 0.0 657.0 0.0 11013.0 30.0 4001.0 0.10248901903367494
44 38 31 0.0 0.0 569.0 0.0 10221.0 24.0 2711.0 0.10957188698442512
44 38 32 0.0 0.0 1901.0 0.0 12010.0 49.0 31343.0 0.0880281690140845
44 38 33 0.0 0.0 2680.0 0.0 11671.0 48.0 43299.0 0.0855170728727628
44 38 34 0.0 0.0 4226.0 0.0 8625.0 76.0 83852.0 0.09431420102398275
44 38 35 0.0 0.0 5186.0 0.0 8697.0 74.0 89159.0 0.08807247106190234
44 38 36 0.0 0.0 6376.0 0.0 7749.0 84.0 102726.0 0.0868001736003472
44 38 37 0.0 0.0 6646.0 0.0 4955.0 66.0 136165.0 0.1027824682475589
44 38 38 0.0 0.0 7203.0 1.0 3797.0 49.0 149408.0 0.10774203478528549
44 38 39 0.0 0.0 8316.0 0.0 3353.0 57.0 156315.0 0.10248901903367494
44 38 40 0.0 0.0 8338.0 0.0 2649.0 32.0 163403.0 0.10763435073422002
44 38 41 0.0 0.0 6597.0 0.0 1988.0 17.0 171922.0 0.13215027373985272
44 38 42 0.0 0.0 8700.0 0.0 2752.0 40.0 161828.0 0.10405053883314752
44 38 43 0.0 0.0 7282.0 0.0 3239.0 62.0 157316.0 0.11193731510354202
44 38 44 0.0 0.0 7911.0 0.0 5737.0 74.0 129800.0 0.08936550491510276
44 38 45 0.0 0.0 5994.0 0.0 8260.0 78.0 97653.0 0.0861273454321747
44 38 46 0.0 0.0 4238.0 0.0 9530.0 71.0 75424.0 0.08879304877275321
44 38 47 0.0 0.0 3115.0 0.0 10594.0 71.0 54995.0 0.0891662951404369
44 38 48 0.0 0.0 1073.0 0.0 13056.0 20.0 9419.0 0.08675714197186588
44 38 49 0.0 0.0 963.0 0.0 12665.0 30.0 8327.0 0.08960573476702507
44 38 50 0.0 0.0 208.0 0.0 4976.0 12.0 298.0 0.19514914970727623
44 38 51 0.0 0.0 0.0 0.0 20.0 0.0 0.0 0.6930693069306929
44 39 28 0.0 0.0 0.0 0.0 6.0 0.0 0.0 0.6979062811565303
44 39 29 0.0 0.0 127.0 0.0 2670.0 18.0 51.0 0.29294831554718553
44 39 30 0.0 0.0 339.0 0.0 7337.0 21.0 970.0 0.14495754814661418
44 39 31 0.0 0.0 1477.0 0.0 13270.0 38.0 17537.0 0.08353720389044691
44 39 32 0.0 0.0 1607.0 0.0 12917.0 44.0 20410.0 0.0847098686997035
44 39 33 0.0 0.0 2672.0 0.0 12272.0 63.0 39929.0 0.08266414737836561
44 39 34 0.0 0.0 4235.0 0.0 10521.0 84.0 66797.0 0.08360205422190373
44 39 35 0.0 0.0 5587.0 0.0 6429.0 65.0 115235.0 0.09981462997290744
44 39 36 0.0 0.0 6713.0 0.0 5231.0 72.0 132346.0 0.10042321210817012
44 39 37 0.0 0.0 7402.0 0.0 4421.0 64.0 144156.0 0.10120725800621701
44 39 38 0.0 0.0 8327.0 0.0 3977.0 65.0 148749.0 0.0978952520802741
44 39 39 0.0 0.0 8544.0 0.0 3156.0 56.0 158590.0 0.1022644265887509
44 39 40 0.0 0.0 9326.0 0.0 2696.0 41.0 163998.0 0.09990009990009989
44 39 41 0.0 0.0 7118.0 0.0 1930.0 31.0 172651.0 0.12667390517553384
44 39 42 0.0 0.0 8630.0 0.0 2563.0 47.0 164917.0 0.10605257177486553
44 39 43 0.0 0.0 9001.0 0.0 4052.0 55.0 149197.0 0.09306035628822121
44 39 44 0.0 0.0 7832.0 0.0 5055.0 82.0 136444.0 0.09407969894496337
44 39 45 0.0 0.0 6419.0 0.0 7221.0 72.0 110436.0 0.08946258546872005
44 39 46 0.0 0.0 4416.0 0.0 10336.0 64.0 69435.0 0.08346747749359087
44 39 47 0.0 0.0 2807.0 0.0 11378.0 51.0 45854.0 0.08636644046884638
44 39 48 0.0 0.0 1101.0 0.0 12997.0 42.0 10165.0 0.08703761268262356
44 39 49 0.0 0.0 650.0 0.0 10801.0 21.0 3586.0 0.10413567390657541
44 39 50 0.0 0.0 280.0 0.0 5641.0 24.0 367.0 0.17719276041007465
44 39 51 0.0 0.0 0.0 0.0 15.0 0.0 0.0 0.694789081885856
44 40 28 0.0 0.0 0.0 0.0 2.0 0.0 0.0 0.6993006993006992
44 40 29 0.0 0.0 129.0 0.0 2805.0 15.0 37.0 0.28461069323033134
44 40 30 0.0 0.0 347.0 0.0 7262.0 22.0 839.0 0.14593974773272175
44 40 31 0.0 0.0 541.0 0.0 10033.0 23.0 2519.0 0.11141174598121915
44 40 32 0.0 0.0 1687.0 0.0 12313.0 43.0 25508.0 0.08744534665833853
44 40 33 0.0 0.0 3193.0 0.0 10950.0 58.0 54110.0 0.08673564215352207
44 40 34 0.0 0.0 4683.0 0.0 8382.0 87.0 89692.0 0.0929985385943935
44 40 35 0.0 0.0 6317.0 0.0 7548.0 99.0 105120.0 0.08829465186680119
44 40 36 0.0 0.0 4837.0 0.0 2926.0 38.0 156651.0 0.1432664756446991
44 40 37 0.0 0.0 8026.0 0.0 4186.0 48.0 146727.0 0.0984113594826374
44 40 38 0.0 0.0 8096.0 0.0 3326.0 50.0 156815.0 0.1042054335690361
44 40 39 0.0 0.0 8499.0 0.0 2760.0 35.0 162497.0 0.1054772847133278
44 40 40 0.0 0.0 7625.0 0.0 2188.0 26.0 169064.0 0.11843329667540814
44 40 41 0.0 0.0 9388.0 0.0 2706.0 34.0 162815.0 0.09919931977609295
44 40 42 0.0 0.0 7692.0 0.0 2468.0 37.0 165975.0 0.11504642945188592
44 40 43 0.0 0.0 7352.0 0.0 2919.0 38.0 160876.0 0.11396011396011395
44 40 44 0.0 0.0 4855.0 0.0 2630.0 31.0 162128.0 0.1475703594392326
44 40 45 0.0 0.0 6356.0 0.0 6866.0 78.0 114388.0 0.0920326058374967
44 40 46 0.0 0.0 4365.0 0.0 9951.0 77.0 73269.0 0.08578431372549018
44 40 47 0.0 0.0 1998.0 0.0 13332.0 52.0 24583.0 0.0808080808080808
44 40 48 0.0 0.0 1331.0 0.0 13408.0 41.0 14363.0 0.08365200764818355
44 40 49 0.0 0.0 257.0 0.0 5804.0 15.0 464.0 0.17389144205688728
44 40 50 0.0 0.0 102.0 0.0 2914.0 16.0 77.0 0.2799440111977604
44 40 51 0.0 0.0 0.0 0.0 5.0 0.0 0.0 0.6982543640897755
44 41 29 0.0 0.0 9.0 0.0 116.0 1.0 0.0 0.6591337099811675
44 41 30 0.0 0.0 56.0 0.0 1564.0 8.0 15.0 0.388134183532021
44 41 31 0.0 0.0 188.0 0.0 4707.0 18.0 289.0 0.20351795319087077
44 41 32 0.0 0.0 1157.0 0.0 12940.0 32.0 11977.0 0.08701056556867619
44 41 33 0.0 0.0 2895.0 0.0 10831.0 67.0 51786.0 0.08904719501335706
44 41 34 0.0 0.0 4239.0 0.0 10120.0 83.0 70002.0 0.08552752153460809
44 41 35 0.0 0.0 5920.0 0.0 5916.0 62.0 122352.0 0.10114876092767862
44 41 36 0.0 0.0 7145.0 0.0 4677.0 57.0 140125.0 0.10117068940598352
44 41 37 0.0 0.0 6963.0 0.0 3445.0 40.0 154306.0 0.11263073209975863
44 41 38 0.0 0.0 8460.0 0.0 3667.0 61.0 152670.0 0.09915014164305949
44 41 39 0.0 2.0 8155.0 0.0 2824.0 38.0 161584.0 0.10771716549973069
44 41 40 0.0 0.0 7943.0 0.0 2663.0 44.0 163957.0 0.111014193957656
44 41 41 0.0 0.0 6514.0 0.0 2167.0 36.0 169423.0 0.1309880239520958
44 41 42 0.0 0.0 7398.0 0.0 2988.0 51.0 160007.0 0.1130673558391213
44 41 43 0.0 0.0 8218.0 0.0 4667.0 86.0 141214.0 0.0942951438000943
44 41 44 0.0 0.0 6418.0 0.0 4296.0 80.0 143530.0 0.11041009463722397
44 41 45 0.0 0.0 6126.0 0.0 6992.0 68.0 111088.0 0.09260484191030559
44 41 46 0.0 0.0 4223.0 0.0 9650.0 81.0 74549.0 0.08829465186680119
44 41 47 0.0 0.0 2081.0 0.0 12839.0 55.0 28748.0 0.08268367587999054
44 41 48 0.0 0.0 955.0 0.0 12576.0 29.0 9241.0 0.0901481004507405
44 41 49 0.0 0.0 555.0 0.0 10425.0 28.0 3027.0 0.10795805058605798
44 41 50 0.0 0.0 85.0 0.0 1833.0 10.0 17.0 0.3582395087001023
44 41 51 0.0 0.0 0.0 0.0 10.0 0.0 0.0 0.6965174129353233
44 42 29 0.0 0.0 4.0 0.0 154.0 3.0 0.0 0.6496519721577725
44 42 30 0.0 0.0 98.0 0.0 2709.0 19.0 69.0 0.2922145689835107
44 42 31 0.0 0.0 365.0 0.0 7937.0 29.0 1158.0 0.13618677042801555
44 42 32 0.0 0.0 920.0 0.0 12415.0 38.0 8582.0 0.09135995823544765
44 42 33 0.0 0.0 2352.0 0.0 11736.0 53.0 39182.0 0.0869943453675511
44 42 34 0.0 0.0 4095.0 0.0 11008.0 71.0 62008.0 0.0818282775147583
44 42 35 0.0 0.0 6086.0 0.0 8205.0 88.0 98210.0 0.08596340415080436
44 42 36 0.0 0.0 4068.0 0.0 2868.0 41.0 156162.0 0.15656452695146497
44 42 37 0.0 0.0 7833.0 0.0 5090.0 59.0 136124.0 0.09376465072667603
44 42 38 0.0 0.0 8039.0 0.0 4274.0 57.0 144830.0 0.0976222020779583
44 42 39 0.0 0.0 7516.0 0.0 3562.0 48.0 153587.0 0.10706638115631689
44 42 40 0.0 0.0 7565.0 0.0 3375.0 58.0 155432.0 0.10820001545714505
44 42 41 0.0 0.0 8066.0 0.0 4125.0 66.0 147741.0 0.09873756964525002
44 42 42 0.0 0.0 8092.0 0.0 5029.0 69.0 135797.0 0.09261709446943635
44 42 43 0.0 0.0 7522.0 0.0 6498.0 82.0 121599.0 0.08731990270067984
44 42 44 0.0 1.0 6550.0 2.0 7525.0 89.0 107313.0 0.08709175738724727
44 42 45 0.0 0.0 5019.0 0.0 6626.0 89.0 110251.0 0.10275983558426305
44 42 46 0.0 0.0 3770.0 0.0 10915.0 77.0 60076.0 0.08390770152831883
44 42 47 0.0 0.0 1925.0 0.0 12849.0 47.0 26206.0 0.08340283569641367
44 42 48 0.0 0.0 937.0 0.0 12575.0 34.0 8492.0 0.0902759865875677
44 42 49 0.0 0.0 94.0 0.0 2772.0 15.0 74.0 0.2886002886002886
44 42 50 0.0 0.0 97.0 0.0 2132.0 21.0 20.0 0.332699619771863
44 42 51 0.0 0.0 0.0 0.0 1.0 0.0 0.0 0.6996501749125437
44 43 29 0.0 0.0 0.0 0.0 7.0 0.0 0.0 0.6975585450921773
44 43 30 0.0 0.0 29.0 0.0 888.0 8.0 6.0 0.4812650395324853
44 43 31 0.0 0.0 173.0 0.0 4704.0 12.0 238.0 0.20378457059679764
44 43 32 0.0 0.0 770.0 0.0 11558.0 25.0 5408.0 0.0977585364150548
44 43 33 0.0 0.0 1868.0 0.0 13136.0 66.0 24743.0 0.08242566970856637
44 43 34 0.0 0.0 3522.0 0.0 11636.0 67.0 52328.0 0.081570820952048
44 43 35 0.0 0.0 4927.0 0.0 7108.0 78.0 104315.0 0.09977194982896236
44 43 36 0.0 0.0 5885.0 0.0 6044.0 56.0 120639.0 0.10045203415369161
44 43 37 0.0 0.0 6376.0 0.0 5522.0 67.0 128659.0 0.10071217897992948
44 43 38 0.0 0.0 6994.0 0.0 5917.0 50.0 124987.0 0.09363922145675872
44 43 39 0.0 0.0 7106.0 0.0 5505.0 57.0 129099.0 0.09559576647319903
44 43 40 0.0 0.0 7141.0 0.0 5308.0 78.0 132870.0 0.09685900096859
44 43 41 0.0 0.0 7591.0 0.0 6647.0 74.0 118987.0 0.08620158857213224
44 43 42 0.0 0.0 6041.0 0.0 4767.0 70.0 135425.0 0.10929814973846513
44 43 43 0.0 0.0 5851.0 0.0 6560.0 65.0 115979.0 0.09707391485230897
44 43 44 0.0 0.0 5095.0 0.0 8934.0 98.0 86488.0 0.0873144567793439
44 43 45 0.0 0.0 4222.0 0.0 9133.0 90.0 79062.0 0.09105098855358999
44 43 46 0.0 0.0 3416.0 0.0 10150.0 66.0 62363.0 0.08980691513246519
44 43 47 0.0 0.0 1713.0 0.0 13517.0 59.0 20629.0 0.08136696501220503
44 43 48 0.0 0.0 834.0 0.0 12279.0 28.0 6144.0 0.09269067796610168
44 43 49 0.0 0.0 347.0 0.0 7709.0 30.0 1084.0 0.13952561291608528
44 43 50 0.0 0.0 2.0 0.0 85.0 1.0 0.0 0.6711409395973154
44 44 29 0.0 0.0 1.0 0.0 12.0 0.0 0.0 0.695479384003974
44 44 30 0.0 0.0 18.0 0.0 410.0 3.0 0.0 0.5773195876288658
44 44 31 0.0 0.0 184.0 0.0 4732.0 19.0 289.0 0.20301624129930393
44 44 32 0.0 0.0 754.0 0.0 11639.0 26.0 4853.0 0.0973777561382764
44 44 33 0.0 0.0 1719.0 0.0 12770.0 47.0 24040.0 0.08495661144486923
44 44 34 0.0 0.0 2873.0 0.0 11695.0 61.0 46376.0 0.08441871683550409
44 44 35 0.0 0.0 3801.0 0.0 11458.0 66.0 56981.0 0.08113120074177096
44 44 36 0.0 0.0 5062.0 0.0 8015.0 85.0 95869.0 0.09298000929800092
44 44 37 0.0 0.0 5423.0 0.0 6904.0 70.0 107991.0 0.0976222020779583
44 44 38 0.0 0.0 5846.0 0.0 8334.0 89.0 97325.0 0.08650519031141868
44 44 39 0.0 0.0 5819.0 0.0 8307.0 81.0 95926.0 0.08676251859196826
44 44 40 0.0 0.0 6032.0 0.0 7711.0 87.0 102052.0 0.0889058233314282
44 44 41 0.0 0.0 5508.0 0.0 5922.0 93.0 119373.0 0.10450880859958196
44 44 42 0.0 0.0 5454.0 0.0 8916.0 91.0 88668.0 0.0856269113149847
44 44 43 0.0 0.0 4330.0 0.0 10942.0 87.0 64424.0 0.08107951583946255
44 44 44 0.0 0.0 3390.0 0.0 11752.0 65.0 50083.0 0.0816850458019721
44 44 45 0.0 0.0 2424.0 0.0 12769.0 44.0 33462.0 0.08137169427492008
44 44 46 0.0 0.0 1611.0 0.0 13776.0 57.0 18222.0 0.08048289738430582
44 44 47 0.0 0.0 1788.0 0.0 12086.0 51.0 28258.0 0.08820564516129031
44 44 48 0.0 0.0 918.0 0.0 12468.0 34.0 8182.0 0.0910924588457284
44 44 49 0.0 0.0 172.0 0.0 4063.0 25.0 144.0 0.22518899790895927
44 44 50 0.0 0.0 1.0 0.0 38.0 0.0 0.0 0.6866110838646394
44 45 29 0.0 0.0 0.0 0.0 3.0 0.0 0.0 0.6989515726410384
44 45 30 0.0 0.0 3.0 0.0 127.0 0.0 0.0 0.6572769953051641
44 45 31 0.0 0.0 527.0 0.0 9610.0 26.0 2134.0 0.11549249298795577
44 45 32 0.0 0.0 555.0 0.0 10299.0 28.0 3056.0 0.10903426791277257
44 45 33 0.0 0.0 1798.0 0.0 12714.0 57.0 26172.0 0.08483306065563835
44 45 34 0.0 0.0 2031.0 0.0 12643.0 55.0 29838.0 0.08399328053755699
44 45 35 0.0 0.0 2849.0 0.0 11042.0 63.0 49730.0 0.08807801195344447
44 45 36 0.0 0.0 3974.0 0.0 7756.0 65.0 90924.0 0.10204081632653059
44 45 37 0.0 0.0 4009.0 0.0 9809.0 85.0 70217.0 0.08841174613198609
44 45 38 0.0 0.0 4042.0 0.0 9850.0 83.0 70634.0 0.08810572687224669
44 45 39 0.0 0.0 4146.0 0.0 10535.0 68.0 67522.0 0.08388759062855772
44 45 40 0.0 0.0 4716.0 0.0 7869.0 73.0 94255.0 0.09596928982725526
44 45 41 0.0 0.0 4477.0 0.0 9055.0 79.0 81403.0 0.09023525620367386
44 45 42 0.0 0.0 3588.0 0.0 11529.0 75.0 54265.0 0.08180915093788348
44 45 43 0.0 0.0 3022.0 0.0 11903.0 65.0 45572.0 0.08282063416942734
44 45 44 0.0 0.0 1949.0 0.0 13393.0 56.0 23971.0 0.08079875339066196
44 45 45 0.0 0.0 1843.0 0.0 12698.0 45.0 26427.0 0.0846177092777274
44 45 46 0.0 0.0 1272.0 0.0 12941.0 42.0 14827.0 0.08643042350907518
44 45 47 0.0 0.0 809.0 0.0 11912.0 37.0 6309.0 0.09523809523809523
44 45 48 0.0 0.0 701.0 0.0 11333.0 24.0 4833.0 0.09985734664764621
44 45 49 0.0 0.0 334.0 0.0 6764.0 28.0 675.0 0.15432098765432098
44 45 50 0.0 0.0 0.0 0.0 34.0 0.0 0.0 0.6882989183874139
44 46 29 0.0 0.0 0.0 0.0 5.0 0.0 0.0 0.6982543640897755
44 46 30 0.0 0.0 12.0 0.0 333.0 6.0 1.0 0.5988023952095808
44 46 31 0.0 0.0 145.0 0.0 4103.0 13.0 176.0 0.22453889334402563
44 46 32 0.0 0.0 716.0 0.0 11631.0 23.0 5348.0 0.09758137589740014
44 46 33 0.0 0.0 1140.0 0.0 13006.0 33.0 11247.0 0.08673026886383346
44 46 34 0.0 0.0 1136.0 0.0 13076.0 34.0 11256.0 0.08633980881899475
44 46 35 0.0 0.0 2249.0 0.0 11796.0 40.0 37914.0 0.08716767324575056
44 46 36 0.0 0.0 2029.0 0.0 13000.0 58.0 27341.0 0.08225616921269095
44 46 37 0.0 0.0 2722.0 0.0 11880.0 61.0 43149.0 0.08443908323281062
44 46 38 0.0 0.0 2056.0 0.0 12889.0 64.0 28643.0 0.08268855944716791
44 46 39 0.0 0.0 2861.0 0.0 11278.0 70.0 48230.0 0.08677327383165984
44 46 40 0.0 0.0 2901.0 0.0 12226.0 71.0 41659.0 0.08177570093457943
44 46 41 0.0 0.0 2586.0 0.0 12546.0 67.0 37767.0 0.08171365201657618
44 46 42 0.0 0.0 2377.0 0.0 12029.0 60.0 37845.0 0.08539709649871903
44 46 43 0.0 0.0 1652.0 0.0 12942.0 42.0 21910.0 0.08432718949524153
44 46 44 0.0 0.0 1397.0 0.0 13257.0 52.0 16441.0 0.08412450426631413
44 46 45 0.0 0.0 738.0 0.0 11779.0 19.0 5713.0 0.09646523806242678
44 46 46 0.0 0.0 414.0 0.0 8628.0 17.0 1595.0 0.12684606324182293
44 46 47 0.0 0.0 355.0 0.0 7487.0 22.0 943.0 0.14243564960830193
44 46 48 0.0 0.0 145.0 0.0 3388.0 10.0 103.0 0.25348542458808615
44 46 49 0.0 0.0 7.0 0.0 344.0 4.0 0.0 0.5965061780997016
44 46 50 0.0 0.0 0.0 0.0 16.0 0.0 0.0 0.6944444444444444
44 46 51 0.0 0.0 1.0 0.0 7.0 1.0 0.0 0.6975585450921773
44 47 30 0.0 0.0 1.0 0.0 20.0 0.0 0.0 0.6927263730826323
44 47 31 0.0 0.0 57.0 0.0 1361.0 12.0 15.0 0.41116005873715117
44 47 32 0.0 0.0 314.0 0.0 6618.0 20.0 602.0 0.1570034765055512
44 47 33 0.0 0.0 819.0 0.0 12021.0 37.0 8247.0 0.09442233762730154
44 47 34 0.0 0.0 634.0 0.0 10690.0 31.0 3277.0 0.10514457378895982
44 47 35 0.0 0.0 1179.0 0.0 12698.0 32.0 13109.0 0.08813345923827509
44 47 36 0.0 0.0 1209.0 0.0 13141.0 39.0 12707.0 0.08565310492505353
44 47 37 0.0 0.0 1408.0 0.0 13192.0 42.0 16997.0 0.08436784379896348
44 47 38 0.0 0.0 1152.0 0.0 13095.0 31.0 12158.0 0.08613794376422813
44 47 39 0.0 0.0 1685.0 0.0 13191.0 36.0 21225.0 0.08294821661334281
44 47 40 0.0 0.0 2853.0 0.0 10150.0 73.0 57195.0 0.0932773669131854
44 47 41 0.0 0.0 2075.0 0.0 12101.0 60.0 33189.0 0.08653192409914084
44 47 42 0.0 0.0 2088.0 0.0 11886.0 58.0 35051.0 0.08768633345859951
44 47 43 0.0 0.0 966.0 0.0 12738.0 28.0 8908.0 0.089126559714795
44 47 44 0.0 0.0 339.0 0.0 7361.0 20.0 939.0 0.1445385091885195
44 47 45 0.0 0.0 179.0 0.0 4562.0 20.0 258.0 0.20820939916716236
44 47 46 0.0 0.0 313.0 0.0 6200.0 27.0 465.0 0.16489988221436983
44 47 47 0.0 0.0 180.0 0.0 3844.0 18.0 133.0 0.23298385754701278
44 47 48 0.0 0.0 20.0 0.0 556.0 8.0 1.0 0.5451713395638628
44 47 49 0.0 0.0 5.0 0.0 148.0 3.0 0.0 0.6511627906976742
44 47 50 0.0 0.0 2.0 0.0 16.0 0.0 0.0 0.6937561942517343
44 48 30 0.0 0.0 0.0 0.0 4.0 0.0 0.0 0.6986027944111775
44 48 31 0.0 0.0 7.0 0.0 315.0 2.0 1.0 0.6034482758620688
44 48 32 0.0 0.0 471.0 0.0 8736.0 17.0 1633.0 0.12487735260012486
44 48 33 0.0 0.0 328.0 0.0 6972.0 25.0 744.0 0.15082956259426844
44 48 34 0.0 0.0 411.0 0.0 8293.0 18.0 1251.0 0.1309757694826457
44 48 35 0.0 0.0 362.0 0.0 7747.0 17.0 988.0 0.13862758688979104
44 48 36 0.0 0.0 655.0 0.0 11048.0 22.0 4184.0 0.1021524990879241
44 48 37 0.0 0.0 661.0 0.0 11143.0 22.0 3968.0 0.10144192449822474
44 48 38 0.0 0.0 871.0 0.0 12075.0 27.0 8139.0 0.09362669698388282
44 48 39 0.0 0.0 978.0 0.0 12561.0 21.0 8275.0 0.09005531969638492
44 48 40 0.0 0.0 1141.0 0.0 12747.0 37.0 13062.0 0.08809463881198086
44 48 41 0.0 0.0 1215.0 0.0 12806.0 42.0 14447.0 0.0873689465801298
44 48 42 0.0 0.0 947.0 0.0 12594.0 26.0 7772.0 0.09013649240278135
44 48 43 0.0 0.0 1138.0 0.0 12779.0 44.0 12128.0 0.08801156723455082
44 48 44 0.0 0.0 491.0 0.0 9260.0 22.0 2423.0 0.11921996082772714
44 48 45 0.0 0.0 126.0 0.0 3353.0 13.0 116.0 0.2561287961946579
44 48 46 0.0 0.0 1.0 0.0 112.0 1.0 0.0 0.6628787878787878
44 48 47 0.0 0.0 0.0 0.0 15.0 0.0 0.0 0.694789081885856
44 48 48 0.0 0.0 0.0 0.0 10.0 0.0 0.0 0.6965174129353233
44 48 49 0.0 0.0 0.0 0.0 5.0 0.0 0.0 0.6982543640897755
44 49 31 0.0 0.0 0.0 0.0 30.0 0.0 0.0 0.689655172413793
44 49 32 0.0 0.0 38.0 0.0 875.0 9.0 7.0 0.4822597313124354
44 49 33 0.0 0.0 64.0 0.0 1705.0 8.0 13.0 0.37224142515288483
44 49 34 0.0 0.0 218.0 0.0 4730.0 11.0 223.0 0.20181634712411703
44 49 35 0.0 0.0 454.0 0.0 8782.0 17.0 1608.0 0.12463277842072464
44 49 36 0.0 0.0 67.0 0.0 1706.0 7.0 15.0 0.3717472118959107
44 49 37 0.0 0.0 186.0 0.0 4504.0 21.0 211.0 0.2099580083983203
44 49 38 0.0 0.0 313.0 0.0 6650.0 20.0 664.0 0.15651201788708774
44 49 39 0.0 0.0 375.0 0.0 8064.0 18.0 1298.0 0.13422818791946306
44 49 40 0.0 0.0 322.0 0.0 7350.0 19.0 897.0 0.14494254063567655
44 49 41 0.0 0.0 338.0 0.0 7010.0 22.0 694.0 0.1500375093773443
44 49 42 0.0 0.0 225.0 0.0 5342.0 13.0 380.0 0.1852341889388727
44 49 43 0.0 0.0 184.0 0.0 4138.0 15.0 151.0 0.22201078338090705
44 49 44 0.0 0.0 91.0 0.0 2237.0 9.0 21.0 0.32422417786012037
44 49 45 0.0 0.0 24.0 0.0 526.0 7.0 2.0 0.5505308690523003
44 49 46 0.0 0.0 0.0 0.0 21.0 0.0 0.0 0.6927263730826323
44 49 47 0.0 0.0 0.0 0.0 1.0 0.0 0.0 0.6996501749125437
44 49 48 0.0 0.0 0.0 0.0 5.0 0.0 0.0 0.6982543640897755
44 50 32 0.0 0.0 0.0 0.0 3.0 0.0 0.0 0.6989515726410384
44 50 33 0.0 0.0 0.0 0.0 4.0 0.0 0.0 0.6986027944111775
44 50 34 0.0 0.0 0.0 0.0 23.0 0.0 0.0 0.6920415224913494
44 50 35 0.0 0.0 1.0 0.0 29.0 0.0 0.0 0.689655172413793
44 50 36 0.0 0.0 56.0 0.0 1032.0 10.0 5.0 0.4548408057179986
44 50 37 0.0 0.0 0.0 0.0 23.0 0.0 0.0 0.6920415224913494
44 50 38 0.0 0.0 0.0 0.0 58.0 0.0 0.0 0.6802721088435373
44 50 39 0.0 0.0 24.0 0.0 567.0 6.0 1.0 0.541586073500967
44 50 40 0.0 0.0 212.0 0.0 4456.0 15.0 172.0 0.21033653846153844
44 50 41 0.0 0.0 9.0 0.0 194.0 3.0 0.0 0.6363636363636362
44 50 42 0.0 0.0 152.0 0.0 3691.0 18.0 118.0 0.24021962937542896
44 50 43 0.0 0.0 6.0 0.0 133.0 3.0 0.0 0.6554307116104868
44 50 44 0.0 0.0 0.0 0.0 24.0 0.0 0.0 0.6916996047430829
44 50 45 0.0 0.0 0.0 0.0 7.0 0.0 0.0 0.6975585450921773
44 50 47 0.0 0.0 0.0 0.0 1.0 0.0 0.0 0.6996501749125437
44 51 35 0.0 0.0 0.0 0.0 5.0 0.0 0.0 0.6982543640897755
44 51 39 0.0 0.0 0.0 0.0 5.0 0.0 0.0 0.6982543640897755
44 51 40 0.0 0.0 0.0 0.0 5.0 0.0 0.0 0.6982543640897755
44 51 41 0.0 0.0 0.0 0.0 2.0 0.0 0.0 0.6993006993006992
44 51 42 0.0 0.0 6.0 0.0 54.0 2.0 0.0 0.6802721088435373
44 51 43 0.0 0.0 0.0 0.0 2.0 0.0 0.0 0.6993006993006992
45 28 43 0.0 0.0 0.0 0.0 1.0 0.0 0.0 0.6996501749125437
45 29 36 0.0 0.0 0.0 0.0 8.0 0.0 0.0 0.697211155378486
45 29 37 0.0 0.0 0.0 0.0 16.0 0.0 0.0 0.6944444444444444
45 29 38 0.0 0.0 0.0 0.0 8.0 0.0 0.0 0.697211155378486
45 29 39 0.0 0.0 3.0 0.0 24.0 0.0 0.0 0.6906758756783422
45 29 40 0.0 0.0 0.0 0.0 31.0 0.0 0.0 0.6893156080748399
45 29 41 0.0 0.0 10.0 0.0 185.0 4.0 0.0 0.6389776357827475
45 29 42 0.0 0.0 0.0 0.0 11.0 0.0 0.0 0.6961710591745399
45 29 43 0.0 0.0 17.0 0.0 367.0 6.0 0.0 0.5887300252312867
45 29 44 0.0 0.0 0.0 0.0 6.0 0.0 0.0 0.6979062811565303
45 29 45 0.0 0.0 0.0 0.0 2.0 0.0 0.0 0.6993006993006992
45 30 33 0.0 0.0 0.0 0.0 3.0 0.0 0.0 0.6989515726410384
45 30 34 0.0 0.0 18.0 0.0 513.0 6.0 1.0 0.5544554455445544
45 30 35 0.0 0.0 1.0 0.0 66.0 1.0 0.0 0.6776379477250725
45 30 36 0.0 0.0 18.0 0.0 329.0 7.0 0.0 0.5982905982905982
45 30 37 0.0 0.0 304.0 0.0 6169.0 18.0 524.0 0.16552376448332937
45 30 38 0.0 0.0 93.0 0.0 2442.0 13.0 53.0 0.309529073623701
45 30 39 0.0 0.0 76.0 0.0 2032.0 8.0 27.0 0.34146341463414626
45 30 40 0.0 0.0 162.0 0.0 3837.0 12.0 142.0 0.23383998663771502
45 30 41 0.0 0.0 430.0 0.0 8057.0 23.0 1171.0 0.13375370211139773
45 30 42 0.0 0.0 10.0 0.0 523.0 4.0 3.0 0.55357848952155
45 30 43 0.0 0.0 22.0 0.0 623.0 5.0 2.0 0.5303030303030303
45 30 44 0.0 0.0 19.0 0.0 489.0 2.0 2.0 0.5586592178770949
45 30 45 0.0 0.0 34.0 0.0 872.0 10.0 2.0 0.4834254143646408
45 30 46 0.0 0.0 103.0 0.0 2280.0 10.0 40.0 0.31999999999999995
45 30 47 0.0 0.0 0.0 0.0 1.0 0.0 0.0 0.6996501749125437
45 31 32 0.0 0.0 0.0 0.0 2.0 0.0 0.0 0.6993006993006992
45 31 33 0.0 0.0 6.0 0.0 86.0 1.0 0.0 0.669536107125777
45 31 34 0.0 0.0 87.0 0.0 2440.0 22.0 44.0 0.31062791213667623
45 31 35 0.0 0.0 94.0 0.0 2008.0 13.0 26.0 0.3423820004891171
45 31 36 0.0 0.0 20.0 0.0 755.0 1.0 3.0 0.5045045045045045
45 31 37 0.0 0.0 520.0 0.0 9769.0 18.0 2529.0 0.11396011396011395
45 31 38 0.0 0.0 141.0 0.0 3512.0 13.0 121.0 0.24813895781637713
45 31 39 0.0 0.0 712.0 0.0 11507.0 19.0 4665.0 0.09845980730009142
45 31 40 0.0 0.0 697.0 0.0 11488.0 29.0 5933.0 0.09879331028156092
45 31 41 0.0 0.0 444.0 0.0 8915.0 16.0 2052.0 0.12322858903265556
45 31 42 0.0 0.0 1092.0 0.0 12789.0 35.0 11648.0 0.08817231389343745
45 31 43 0.0 0.0 293.0 0.0 6643.0 20.0 707.0 0.15689790429227835
45 31 44 0.0 0.0 519.0 0.0 9205.0 24.0 1801.0 0.11957635804578065
45 31 45 0.0 0.0 75.0 0.0 1826.0 10.0 20.0 0.35980467746080697
45 31 46 0.0 0.0 37.0 0.0 770.0 9.0 3.0 0.5003573981415296
45 31 47 0.0 0.0 7.0 0.0 165.0 1.0 0.0 0.64486411791801
45 31 48 0.0 0.0 0.0 0.0 8.0 0.0 0.0 0.697211155378486
45 32 31 0.0 0.0 0.0 0.0 3.0 0.0 0.0 0.6989515726410384
45 32 32 0.0 0.0 0.0 0.0 28.0 0.0 0.0 0.690335305719921
45 32 33 0.0 0.0 52.0 0.0 1343.0 9.0 10.0 0.41346721795629054
45 32 34 0.0 0.0 28.0 0.0 796.0 10.0 2.0 0.49751243781094523
45 32 35 0.0 0.0 176.0 0.0 4018.0 16.0 150.0 0.2265372168284789
45 32 36 0.0 0.0 521.0 0.0 9639.0 24.0 2148.0 0.1152547954227381
45 32 37 0.0 0.0 750.0 0.0 11766.0 35.0 5445.0 0.09655838333678184
45 32 38 0.0 0.0 1187.0 0.0 13105.0 47.0 12785.0 0.08601093567610739
45 32 39 0.0 0.0 1679.0 0.0 12367.0 51.0 25462.0 0.08723284939871642
45 32 40 0.0 0.0 1334.0 0.0 12915.0 33.0 16314.0 0.08614854470494122
45 32 41 0.0 0.0 1592.0 0.0 12944.0 36.0 21442.0 0.08463817181548877
45 32 42 0.0 0.0 998.0 0.0 12714.0 23.0 9773.0 0.0891095410858634
45 32 43 0.0 0.0 641.0 0.0 10933.0 24.0 3429.0 0.10321439103509288
45 32 44 0.0 0.0 1051.0 0.0 12752.0 46.0 11220.0 0.08874801901743264
45 32 45 0.0 0.0 773.0 0.0 11779.0 28.0 5685.0 0.09623977452395681
45 32 46 0.0 0.0 506.0 0.0 9808.0 28.0 2413.0 0.11384890623729363
45 32 47 0.0 0.0 121.0 0.0 2942.0 16.0 76.0 0.27750247770069375
45 32 48 0.0 0.0 15.0 0.0 411.0 3.0 0.0 0.5782734407269723
45 32 49 0.0 0.0 0.0 0.0 9.0 0.0 0.0 0.6968641114982577
45 33 30 0.0 0.0 0.0 0.0 4.0 0.0 0.0 0.6986027944111775
45 33 31 0.0 0.0 0.0 0.0 33.0 0.0 0.0 0.6886374815543531
45 33 32 0.0 0.0 62.0 0.0 1489.0 14.0 16.0 0.3959276018099547
45 33 33 0.0 0.0 83.0 0.0 2026.0 17.0 36.0 0.34221461745294546
45 33 34 0.0 0.0 281.0 0.0 6032.0 19.0 536.0 0.16873568759792693
45 33 35 0.0 0.0 694.0 0.0 11290.0 38.0 4094.0 0.10030808913090206
45 33 36 0.0 0.0 888.0 0.0 12284.0 28.0 8291.0 0.09226308158692499
45 33 37 0.0 0.0 1560.0 0.0 12863.0 47.0 21284.0 0.08527226215129735
45 33 38 0.0 0.0 1612.0 0.0 13448.0 52.0 18896.0 0.08210180623973726
45 33 39 0.0 0.0 2097.0 0.0 12853.0 65.0 29828.0 0.08265438658637382
45 33 40 0.0 0.0 2127.0 0.0 12693.0 57.0 29981.0 0.08322434906669837
45 33 41 0.0 0.0 2515.0 0.0 11152.0 62.0 45718.0 0.08939974457215835
45 33 42 0.0 0.0 2036.0 0.0 12818.0 51.0 28782.0 0.08314032899815903
45 33 43 0.0 0.0 1666.0 0.0 13340.0 57.0 20512.0 0.08241111372733693
45 33 44 0.0 0.0 1753.0 0.0 12749.0 56.0 24984.0 0.08495661144486923
45 33 45 0.0 0.0 1207.0 0.0 12710.0 38.0 15097.0 0.08800603469952224
45 33 46 0.0 0.0 910.0 0.0 12605.0 35.0 7535.0 0.09025852620720778
45 33 47 0.0 0.0 563.0 0.0 9749.0 29.0 2154.0 0.11378413524057217
45 33 48 0.0 0.0 220.0 0.0 4701.0 17.0 246.0 0.20269292022585778
45 33 49 0.0 0.0 18.0 0.0 364.0 2.0 0.0 0.588235294117647
45 33 50 0.0 0.0 0.0 0.0 3.0 0.0 0.0 0.6989515726410384
45 34 30 0.0 0.0 52.0 0.0 1293.0 13.0 5.0 0.42016806722689065
45 34 31 0.0 0.0 95.0 0.0 1859.0 8.0 20.0 0.35478966041561066
45 34 32 0.0 0.0 480.0 0.0 9567.0 30.0 2391.0 0.11635638297872339
45 34 33 0.0 0.0 108.0 0.0 3006.0 8.0 96.0 0.2741335421969845
45 34 34 0.0 0.0 726.0 0.0 11599.0 30.0 4701.0 0.09780634343998881
45 34 35 0.0 0.0 856.0 0.0 12234.0 24.0 8608.0 0.09282588516111921
45 34 36 0.0 0.0 2022.0 0.0 11624.0 49.0 34473.0 0.08947973923047424
45 34 37 0.0 0.0 2188.0 0.0 13111.0 63.0 29832.0 0.08094357076780757
45 34 38 0.0 0.0 3606.0 0.0 8870.0 76.0 75202.0 0.09670511846377011
45 34 39 0.0 0.0 3665.0 0.0 10515.0 81.0 61715.0 0.08656937917388077
45 34 40 0.0 0.0 3453.0 0.0 11331.0 55.0 54667.0 0.08331845503779085
45 34 41 0.0 0.0 3627.0 0.0 10350.0 72.0 63476.0 0.08766986035443672
45 34 42 0.0 0.0 3455.0 0.0 10612.0 84.0 59572.0 0.08719481813652216
45 34 43 0.0 0.0 3204.0 0.0 10583.0 67.0 56635.0 0.08860759493670885
45 34 44 0.0 0.0 2780.0 0.0 12016.0 63.0 41914.0 0.0833134967864794
45 34 45 0.0 0.0 2752.0 0.0 11005.0 59.0 49055.0 0.08886067914947635
45 34 46 0.0 0.0 1861.0 0.0 12436.0 45.0 27283.0 0.08587903324745429
45 34 47 0.0 0.0 1114.0 0.0 12879.0 28.0 12424.0 0.08757662955085699
45 34 48 0.0 0.0 304.0 0.0 6973.0 17.0 734.0 0.1511389398682932
45 34 49 0.0 0.0 83.0 0.0 1824.0 11.0 18.0 0.3592507056710289
45 34 50 0.0 0.0 11.0 0.0 225.0 2.0 0.0 0.6266786034019695
45 35 29 0.0 0.0 0.0 0.0 1.0 0.0 0.0 0.6996501749125437
45 35 30 0.0 0.0 0.0 0.0 80.0 0.0 1.0 0.6737247353224253
45 35 31 0.0 0.0 238.0 0.0 5386.0 13.0 406.0 0.18384766907419564
45 35 32 0.0 0.0 541.0 0.0 10034.0 27.0 2615.0 0.11143835071240944
45 35 33 0.0 0.0 494.0 0.0 9875.0 26.0 2581.0 0.1133052767886047
45 35 34 0.0 0.0 940.0 0.0 12558.0 25.0 6897.0 0.090351726363343
45 35 35 0.0 0.0 1766.0 0.0 12611.0 46.0 25527.0 0.08547530374259721
45 35 36 0.0 0.0 2159.0 0.0 12434.0 73.0 32593.0 0.08447984552256818
45 35 37 0.0 0.0 2809.0 0.0 12200.0 52.0 41508.0 0.08216926869350862
45 35 38 0.0 0.0 4198.0 0.0 9456.0 87.0 74576.0 0.08961147026819431
45 35 39 0.0 0.0 4800.0 0.0 10206.0 96.0 72926.0 0.08235294117647059
45 35 40 0.0 0.0 5273.0 0.0 9093.0 82.0 86655.0 0.0855798031664527
45 35 41 0.0 0.0 4773.0 0.0 10830.0 77.0 67776.0 0.07955449482895782
45 35 42 0.0 0.0 4822.0 0.0 8794.0 86.0 86319.0 0.08946258546872005
45 35 43 0.0 0.0 4530.0 0.0 8562.0 71.0 86055.0 0.09268454154253558
45 35 44 0.0 0.0 3845.0 0.0 10296.0 69.0 64838.0 0.08678403173816017
45 35 45 0.0 0.0 3243.0 0.0 10793.0 78.0 55409.0 0.0873307965816231
45 35 46 0.0 0.0 2022.0 0.0 12778.0 49.0 28222.0 0.08325899494498959
45 35 47 0.0 0.0 1274.0 0.0 12706.0 36.0 16931.0 0.08753829800537735
45 35 48 0.0 0.0 859.0 0.0 12279.0 22.0 6633.0 0.09249471458773784
45 35 49 0.0 0.0 230.0 0.0 5237.0 18.0 337.0 0.18791946308724827
45 35 50 0.0 0.0 6.0 0.0 212.0 3.0 0.0 0.6320541760722347
45 36 29 0.0 0.0 0.0 0.0 13.0 0.0 0.0 0.695479384003974
45 36 30 0.0 0.0 101.0 0.0 2596.0 17.0 48.0 0.2990813928647724
45 36 31 0.0 0.0 252.0 0.0 5508.0 17.0 380.0 0.1807151155285917
45 36 32 0.0 0.0 805.0 0.0 12082.0 24.0 6219.0 0.09407969894496337
45 36 33 0.0 0.0 1203.0 0.0 12680.0 37.0 14376.0 0.08822232024702249
45 36 34 0.0 0.0 1599.0 0.0 12991.0 48.0 21338.0 0.08444417636769407
45 36 35 0.0 0.0 2327.0 0.0 12297.0 52.0 35264.0 0.08421052631578946
45 36 36 0.0 0.0 2737.0 0.0 12607.0 61.0 38420.0 0.08067304367869078
45 36 37 0.0 0.0 4048.0 0.0 10319.0 82.0 66502.0 0.08556934172727827
45 36 38 0.0 0.0 5132.0 0.0 9150.0 87.0 84498.0 0.08604265257206072
45 36 39 0.0 0.0 5730.0 0.0 6417.0 56.0 115563.0 0.09889100798191706
45 36 40 0.0 0.0 6413.0 0.0 7076.0 80.0 113185.0 0.0902061855670103
45 36 41 0.0 0.0 6021.0 0.0 5812.0 67.0 123550.0 0.1010757346039997
45 36 42 0.0 0.0 6384.0 0.0 8467.0 83.0 97424.0 0.08302200083021999
45 36 43 0.0 0.0 5499.0 0.0 7242.0 79.0 106689.0 0.09500542888165037
45 36 44 0.0 0.0 5131.0 0.0 8586.0 70.0 88769.0 0.0889792805389602
45 36 45 0.0 0.0 4053.0 0.0 9910.0 68.0 68848.0 0.08766986035443672
45 36 46 0.0 0.0 2846.0 0.0 11520.0 74.0 46820.0 0.0855798031664527
45 36 47 0.0 0.0 1214.0 0.0 13210.0 35.0 13651.0 0.08527226215129735
45 36 48 0.0 0.0 693.0 0.0 11374.0 29.0 4564.0 0.09969379762159081
45 36 49 0.0 0.0 482.0 0.0 8975.0 14.0 1752.0 0.12224938875305623
45 36 50 0.0 0.0 119.0 0.0 3043.0 14.0 87.0 0.2719502719502719
45 36 51 0.0 0.0 0.0 0.0 7.0 0.0 0.0 0.6975585450921773
45 37 29 0.0 0.0 1.0 0.0 34.0 0.0 0.0 0.6879606879606879
45 37 30 0.0 0.0 267.0 0.0 5890.0 16.0 480.0 0.17188459177409451
45 37 31 0.0 0.0 616.0 0.0 10863.0 18.0 3993.0 0.10390381475434168
45 37 32 0.0 0.0 880.0 0.0 12405.0 22.0 7563.0 0.09154515137644673
45 37 33 0.0 0.0 2499.0 0.0 10972.0 56.0 46394.0 0.09040423608420509
45 37 34 0.0 0.0 2900.0 0.0 11680.0 72.0 46719.0 0.08449514152936205
45 37 35 0.0 0.0 3192.0 0.0 10806.0 65.0 55557.0 0.08750546909181822
45 37 36 0.0 0.0 4230.0 0.0 7903.0 64.0 90636.0 0.09894692204396069
45 37 37 0.0 0.0 4913.0 0.0 9478.0 81.0 81157.0 0.08536585365853656
45 37 38 0.0 0.0 5894.0 0.0 8203.0 80.0 97381.0 0.08690793966105903
45 37 39 0.0 0.0 6069.0 0.0 5221.0 63.0 131570.0 0.10527898932170249
45 37 40 0.0 0.0 5768.0 0.0 4148.0 66.0 142825.0 0.11742011238782184
45 37 41 0.0 0.0 7087.0 0.0 5244.0 78.0 132453.0 0.0977039570102589
45 37 42 0.0 0.0 5905.0 0.0 4269.0 59.0 142026.0 0.11487650775416428
45 37 43 0.0 0.0 6556.0 0.0 6087.0 73.0 122065.0 0.09557618787547786
45 37 44 0.0 0.0 5433.0 0.0 5804.0 79.0 121221.0 0.10582010582010581
45 37 45 0.0 0.0 4808.0 0.0 7236.0 74.0 101046.0 0.09967960128159485
45 37 46 0.0 0.0 3238.0 0.0 12114.0 66.0 46067.0 0.08071490343038339
45 37 47 0.0 0.0 1612.0 0.0 13119.0 41.0 21026.0 0.08370702541106127
45 37 48 0.0 0.0 1486.0 0.0 12698.0 51.0 21052.0 0.08656402646385951
45 37 49 0.0 0.0 254.0 0.0 5957.0 16.0 509.0 0.17071088891598582
45 37 50 0.0 0.0 135.0 0.0 2850.0 22.0 57.0 0.282030620467365
45 37 51 0.0 0.0 0.0 0.0 8.0 0.0 0.0 0.697211155378486
45 38 29 0.0 0.0 27.0 0.0 727.0 5.0 4.0 0.5092761004001454
45 38 30 0.0 0.0 100.0 0.0 2186.0 19.0 32.0 0.32825322391559203
45 38 31 0.0 0.0 1162.0 0.0 12660.0 33.0 14202.0 0.08851236011885943
45 38 32 0.0 0.0 1081.0 0.0 12786.0 33.0 12268.0 0.08829465186680119
45 38 33 0.0 0.0 2601.0 0.0 11558.0 59.0 43380.0 0.08656402646385951
45 38 34 0.0 0.0 3493.0 0.0 10876.0 85.0 58047.0 0.08558503484533561
45 38 35 0.0 0.0 4422.0 0.0 9866.0 69.0 74182.0 0.08590011044299914
45 38 36 0.0 0.0 5131.0 0.0 8713.0 74.0 89169.0 0.08812236419714231
45 38 37 0.0 0.0 5894.0 0.0 8591.0 90.0 94154.0 0.08502884907379288
45 38 38 0.0 0.0 6531.0 0.0 7911.0 85.0 104078.0 0.08521516829995739
45 38 39 0.0 0.0 7248.0 0.0 6648.0 94.0 118197.0 0.08810018249323516
45 38 40 0.0 0.0 7930.0 0.0 6344.0 77.0 123133.0 0.08610086100861007
45 38 41 0.0 0.0 7026.0 0.0 4246.0 68.0 143154.0 0.10553294135383687
45 38 42 0.0 0.0 7564.0 0.0 5155.0 75.0 135398.0 0.09516041326808046
45 38 43 0.0 0.0 6244.0 0.0 4684.0 70.0 138511.0 0.10838429976000617
45 38 44 0.0 0.0 6452.0 0.0 8178.0 85.0 101359.0 0.08415990381725277
45 38 45 0.0 0.0 4963.0 0.0 6597.0 75.0 109971.0 0.10316875460574797
45 38 46 0.0 0.0 3203.0 0.0 12063.0 69.0 46112.0 0.08108890819577179
45 38 47 0.0 0.0 1665.0 0.0 13503.0 39.0 19254.0 0.08157557394243095
45 38 48 0.0 0.0 1320.0 0.0 12660.0 34.0 17588.0 0.08754377188594296
45 38 49 0.0 0.0 607.0 0.0 10157.0 25.0 2499.0 0.1097867001254705
45 38 50 0.0 0.0 125.0 0.0 3173.0 11.0 102.0 0.2649006622516556
45 38 51 0.0 0.0 0.0 0.0 27.0 0.0 0.0 0.6906758756783422
45 39 28 0.0 0.0 0.0 0.0 1.0 0.0 0.0 0.6996501749125437
45 39 29 0.0 0.0 1.0 0.0 94.0 0.0 0.0 0.6682577565632457
45 39 30 0.0 0.0 237.0 0.0 4991.0 17.0 300.0 0.19404019404019401
45 39 31 0.0 0.0 361.0 0.0 7666.0 17.0 971.0 0.13977635782747602
45 39 32 0.0 0.0 1291.0 0.0 13118.0 34.0 13956.0 0.08541793776693105
45 39 33 0.0 0.0 2486.0 0.0 12753.0 54.0 34851.0 0.08123948238844077
45 39 34 0.0 0.0 4357.0 0.0 6660.0 63.0 106411.0 0.1074031453778289
45 39 35 0.0 0.0 4549.0 0.0 5054.0 63.0 126554.0 0.120627261761158
45 39 36 0.0 0.0 5718.0 0.0 6405.0 87.0 116992.0 0.09930486593843098
45 39 37 0.0 0.0 6063.0 0.0 5682.0 69.0 125471.0 0.10186263096623979
45 39 38 0.0 0.0 6650.0 0.0 6243.0 78.0 121714.0 0.09406705637304306
45 39 39 0.0 0.0 7774.0 0.0 7205.0 85.0 113652.0 0.08246936852026389
45 39 40 0.0 0.0 7666.0 0.0 5377.0 69.0 133418.0 0.09304180235262842
45 39 41 0.0 0.0 7588.0 0.0 4874.0 61.0 138877.0 0.09668508287292817
45 39 42 0.0 0.0 7556.0 0.0 4835.0 66.0 138434.0 0.09723572718433116
45 39 43 0.0 0.0 7153.0 0.0 5568.0 77.0 130271.0 0.09512808316912413
45 39 44 0.0 0.0 6645.0 0.0 6786.0 81.0 115151.0 0.09083241419580872
45 39 45 0.0 0.0 5291.0 0.0 8601.0 85.0 91492.0 0.08807247106190234
45 39 46 0.0 0.0 3691.0 0.0 11720.0 91.0 53811.0 0.08047827086686593
45 39 47 0.0 0.0 2178.0 0.0 12026.0 52.0 34677.0 0.08639308855291576
45 39 48 0.0 0.0 1460.0 0.0 13054.0 32.0 17719.0 0.08470474346563406
45 39 49 0.0 0.0 587.0 0.0 10371.0 26.0 3400.0 0.1081081081081081
45 39 50 0.0 0.0 28.0 0.0 1098.0 4.0 10.0 0.4484304932735425
45 39 51 0.0 0.0 0.0 0.0 25.0 0.0 0.0 0.6913580246913579
45 40 28 0.0 0.0 0.0 0.0 1.0 0.0 0.0 0.6996501749125437
45 40 29 0.0 0.0 5.0 0.0 134.0 1.0 1.0 0.6551240056153486
45 40 30 0.0 0.0 286.0 0.0 6830.0 21.0 783.0 0.1538461538461538
45 40 31 0.0 0.0 427.0 0.0 8899.0 24.0 1945.0 0.1237295625276182
45 40 32 0.0 0.0 1062.0 0.0 12953.0 37.0 10335.0 0.08741804558226662
45 40 33 0.0 0.0 2941.0 0.0 10854.0 73.0 51431.0 0.08870865543023697
45 40 34 0.0 0.0 4535.0 0.0 8678.0 96.0 84103.0 0.09209920399973685
45 40 35 0.0 0.0 5425.0 0.0 7558.0 85.0 102847.0 0.09342676009342675
45 40 36 0.0 0.0 6339.0 0.0 6879.0 76.0 113073.0 0.09206286578549351
45 40 37 0.0 0.0 6249.0 0.0 5222.0 65.0 130845.0 0.10399643440796313
45 40 38 0.0 0.0 7221.0 1.0 6651.0 86.0 117622.0 0.08811681772406847
45 40 39 0.0 0.0 7459.0 0.0 6398.0 70.0 121780.0 0.08822788001008318
45 40 40 0.0 0.0 7798.0 0.0 5376.0 65.0 133308.0 0.09213557091148403
45 40 41 0.0 0.0 7936.0 0.0 5440.0 63.0 132157.0 0.09100955600338034
45 40 42 0.0 0.0 6450.0 0.0 4025.0 52.0 146665.0 0.1122874558870709
45 40 43 0.0 0.0 7283.0 0.0 6338.0 96.0 122934.0 0.08970333824565899
45 40 44 0.0 0.0 6563.0 0.0 6444.0 74.0 117775.0 0.09327115256495667
45 40 45 0.0 0.0 4192.0 0.0 4396.0 61.0 134914.0 0.13223764994804948
45 40 46 0.0 0.0 4047.0 0.0 10211.0 84.0 67561.0 0.08622813500862281
45 40 47 0.0 0.0 2007.0 0.0 13641.0 55.0 24089.0 0.07939658594680428
45 40 48 0.0 0.0 1338.0 0.0 13087.0 47.0 16545.0 0.08527745629530364
45 40 49 0.0 0.0 670.0 0.0 10965.0 29.0 3467.0 0.10284287078527878
45 40 50 0.0 0.0 17.0 0.0 740.0 6.0 2.0 0.5089058524173027
45 40 51 0.0 0.0 0.0 0.0 17.0 0.0 0.0 0.694100148735746
45 41 29 0.0 0.0 1.0 0.0 43.0 1.0 0.0 0.6852667645619186
45 41 30 0.0 0.0 309.0 0.0 6338.0 18.0 653.0 0.16207455429497564
45 41 31 0.0 0.0 691.0 0.0 11524.0 29.0 5643.0 0.09848058525604951
45 41 32 0.0 0.0 1307.0 0.0 12997.0 37.0 14695.0 0.085831647354546
45 41 33 0.0 0.0 2110.0 0.0 12702.0 58.0 30167.0 0.08323424494649227
45 41 34 0.0 0.0 4114.0 0.0 10001.0 74.0 69853.0 0.08691333498882542
45 41 35 0.0 0.0 5526.0 0.0 7461.0 72.0 104531.0 0.09342676009342675
45 41 36 0.0 0.0 5814.0 0.0 5658.0 71.0 126529.0 0.10381905821282905
45 41 37 0.0 0.0 6777.0 0.0 6812.0 77.0 115326.0 0.08977236293683871
45 41 38 0.0 0.0 6785.0 0.0 6710.0 64.0 115264.0 0.090351726363343
45 41 39 0.0 0.0 6676.0 0.0 5257.0 72.0 131976.0 0.10050972790580802
45 41 40 0.0 0.0 7088.0 0.0 5155.0 67.0 135078.0 0.09827319949459495
45 41 41 0.0 0.0 7182.0 0.0 5010.0 79.0 135740.0 0.09857766511758907
45 41 42 0.0 0.0 7130.0 0.0 5359.0 64.0 131480.0 0.09659169311439215
45 41 43 0.0 0.0 6020.0 0.0 4783.0 63.0 135274.0 0.10927255697783327
45 41 44 0.0 0.0 6103.0 0.0 7106.0 82.0 109901.0 0.09208103130755063
45 41 45 0.0 0.0 5141.0 0.0 9723.0 87.0 79590.0 0.0830318486448016
45 41 46 0.0 0.0 3827.0 0.0 10977.0 74.0 61388.0 0.0832887143792016
45 41 47 0.0 0.0 2329.0 0.0 12430.0 60.0 35339.0 0.08347743128018603
45 41 48 0.0 0.0 875.0 0.0 12366.0 35.0 7312.0 0.09188160399028679
45 41 49 0.0 0.0 200.0 0.0 4559.0 12.0 212.0 0.20749962946494735
45 41 50 0.0 0.0 0.0 0.0 66.0 0.0 1.0 0.6776379477250725
45 42 29 0.0 0.0 0.0 0.0 8.0 0.0 0.0 0.697211155378486
45 42 30 0.0 0.0 93.0 0.0 2117.0 12.0 22.0 0.33349213911386366
45 42 31 0.0 0.0 225.0 0.0 5025.0 14.0 262.0 0.19342359767891681
45 42 32 0.0 0.0 779.0 0.0 12058.0 27.0 5577.0 0.09441596978688965
45 42 33 0.0 0.0 1836.0 0.0 12992.0 58.0 24162.0 0.08319961965888155
45 42 34 0.0 0.0 3561.0 0.0 11156.0 64.0 56254.0 0.08367700675392982
45 42 35 0.0 0.0 5291.0 0.0 7274.0 73.0 104410.0 0.09623977452395681
45 42 36 0.0 0.0 5320.0 0.0 4998.0 78.0 132633.0 0.11365481409319693
45 42 37 0.0 0.0 6637.0 0.0 7812.0 72.0 104216.0 0.08501852189226937
45 42 38 0.0 0.0 6667.0 0.0 7766.0 86.0 104036.0 0.08521516829995739
45 42 39 0.0 0.0 6898.0 0.0 7376.0 82.0 108744.0 0.08595284872298624
45 42 40 0.0 0.0 6842.0 0.0 6712.0 71.0 116994.0 0.08995116936520174
45 42 41 0.0 0.0 6703.0 0.0 6500.0 75.0 118600.0 0.09197214557876757
45 42 42 0.0 0.0 5626.0 0.0 5270.0 77.0 130189.0 0.10866190624029803
45 42 43 0.0 0.0 5847.0 0.0 8065.0 81.0 100455.0 0.08792865217937444
45 42 44 0.0 0.0 5165.0 0.0 8424.0 96.0 91994.0 0.08977236293683871
45 42 45 0.0 0.0 4240.0 0.0 9555.0 64.0 75397.0 0.08852915138484886
45 42 46 0.0 0.0 2898.0 0.0 11659.0 58.0 45580.0 0.08447984552256818
45 42 47 0.0 0.0 1809.0 0.0 12985.0 41.0 24489.0 0.08335317932841152
45 42 48 0.0 0.0 835.0 0.0 12221.0 29.0 6663.0 0.09306035628822121
45 42 49 0.0 0.0 289.0 0.0 6208.0 24.0 513.0 0.1651917404129793
45 42 50 0.0 0.0 1.0 0.0 52.0 1.0 0.0 0.6822612085769979
45 42 51 0.0 0.0 0.0 0.0 2.0 0.0 0.0 0.6993006993006992
45 43 29 0.0 0.0 0.0 0.0 1.0 0.0 0.0 0.6996501749125437
45 43 30 0.0 0.0 0.0 0.0 50.0 0.0 0.0 0.6832601268911663
45 43 31 0.0 0.0 422.0 0.0 8263.0 22.0 1270.0 0.13127051101734644
45 43 32 0.0 0.0 508.0 0.0 9564.0 21.0 2426.0 0.1160573654978032
45 43 33 0.0 0.0 1458.0 0.0 13376.0 40.0 16818.0 0.08319961965888155
45 43 34 0.0 0.0 3398.0 0.0 11112.0 56.0 54414.0 0.08465864425228276
45 43 35 0.0 0.0 4394.0 0.0 6277.0 64.0 110447.0 0.11041009463722397
45 43 36 0.0 0.0 5514.0 0.0 8498.0 83.0 92839.0 0.0873962169923216
45 43 37 0.0 0.0 4566.0 0.0 4387.0 59.0 136098.0 0.1278071937191893
45 43 38 0.0 0.0 5606.0 0.0 7246.0 73.0 106704.0 0.09418096199125461
45 43 39 0.0 0.0 5722.0 0.0 7492.0 78.0 103664.0 0.09200841219768663
45 43 40 0.0 0.0 5593.0 0.0 8256.0 83.0 95848.0 0.08841732979664013
45 43 41 0.0 0.0 5549.0 0.0 8501.0 81.0 92791.0 0.08720024914356897
45 43 42 0.0 0.0 5204.0 0.0 9560.0 81.0 82299.0 0.08343763037129745
45 43 43 0.0 0.0 4578.0 0.0 8872.0 74.0 84226.0 0.09050943884147918
45 43 44 0.0 0.0 3584.0 0.0 11790.0 88.0 52200.0 0.08068234209313047
45 43 45 0.0 0.0 3128.0 0.0 11797.0 72.0 47886.0 0.08272764876203981
45 43 46 0.0 0.0 2604.0 0.0 11870.0 71.0 41426.0 0.08510638297872339
45 43 47 0.0 0.0 2013.0 0.0 12131.0 52.0 32460.0 0.08675176601809392
45 43 48 0.0 0.0 831.0 0.0 12219.0 21.0 6666.0 0.09304180235262842
45 43 49 0.0 0.0 110.0 0.0 2478.0 11.0 37.0 0.30581039755351674
45 43 50 0.0 0.0 15.0 0.0 247.0 3.0 0.0 0.6197432492253209
45 44 29 0.0 0.0 0.0 0.0 1.0 0.0 0.0 0.6996501749125437
45 44 30 0.0 0.0 4.0 0.0 84.0 4.0 0.0 0.6717850287907868
45 44 31 0.0 0.0 69.0 0.0 1729.0 12.0 14.0 0.3697834125726359
45 44 32 0.0 0.0 732.0 0.0 11597.0 24.0 5343.0 0.09772441714365487
45 44 33 0.0 0.0 1530.0 0.0 12989.0 40.0 19364.0 0.08473550417624984
45 44 34 0.0 0.0 3464.0 0.0 8835.0 74.0 76358.0 0.09792264111352031
45 44 35 0.0 0.0 3749.0 0.0 10113.0 76.0 66423.0 0.0882556893399735
45 44 36 0.0 0.0 4434.0 0.0 9113.0 78.0 79725.0 0.08998585936495693
45 44 37 0.0 0.0 4508.0 0.0 10263.0 79.0 70228.0 0.08356712230645257
45 44 38 0.0 0.0 4582.0 0.0 8188.0 99.0 89841.0 0.09495387954422137
45 44 39 0.0 0.0 4358.0 0.0 10179.0 75.0 70616.0 0.0846279393096778
45 44 40 0.0 0.0 4351.0 0.0 10746.0 89.0 65723.0 0.08185698415482663
45 44 41 0.0 0.0 4223.0 0.0 9539.0 77.0 75417.0 0.08884940026654818
45 44 42 0.0 0.0 3955.0 0.0 10342.0 76.0 65269.0 0.08596340415080436
45 44 43 0.0 0.0 3591.0 0.0 9893.0 68.0 66896.0 0.090351726363343
45 44 44 0.0 0.0 2883.0 0.0 11329.0 73.0 47273.0 0.08636111282462525
45 44 45 0.0 0.0 2767.0 0.0 10627.0 67.0 51485.0 0.09095043201455205
45 44 46 0.0 0.0 2528.0 0.0 10812.0 69.0 46967.0 0.09122898475172683
45 44 47 0.0 0.0 1402.0 0.0 12920.0 35.0 17606.0 0.08574753475837568
45 44 48 0.0 0.0 913.0 0.0 12285.0 33.0 9461.0 0.09212344541685857
45 44 49 0.0 0.0 219.0 0.0 4969.0 25.0 262.0 0.1954215522054718
45 44 50 0.0 0.0 0.0 0.0 34.0 0.0 0.0 0.6882989183874139
45 45 29 0.0 0.0 2.0 0.0 32.0 0.0 0.0 0.6882989183874139
45 45 30 0.0 0.0 64.0 0.0 1589.0 7.0 15.0 0.3839824465167306
45 45 31 0.0 0.0 77.0 0.0 1899.0 23.0 28.0 0.35416139640779154
45 45 32 0.0 0.0 300.0 0.0 6868.0 24.0 796.0 0.1530054644808743
45 45 33 0.0 0.0 1645.0 0.0 12255.0 49.0 25449.0 0.08803370433251587
45 45 34 0.0 0.0 2109.0 0.0 12400.0 44.0 31389.0 0.08466888418506198
45 45 35 0.0 0.0 2402.0 0.0 12435.0 54.0 36139.0 0.08313045543613799
45 45 36 0.0 0.0 3048.0 0.0 11214.0 58.0 51068.0 0.08596868283696653
45 45 37 0.0 0.0 2948.0 0.0 12476.0 67.0 41851.0 0.0803904679873672
45 45 38 0.0 0.0 2521.0 0.0 12902.0 56.0 34772.0 0.08035816783377338
45 45 39 0.0 0.0 2690.0 0.0 12613.0 45.0 37364.0 0.08081274532440544
45 45 40 0.0 0.0 3691.0 0.0 8970.0 71.0 75899.0 0.09551098376313275
45 45 41 0.0 0.0 2945.0 0.0 11973.0 69.0 44480.0 0.08277656240761544
45 45 42 0.0 0.0 2403.0 0.0 12795.0 57.0 32596.0 0.08136696501220503
45 45 43 0.0 0.0 1803.0 0.0 13002.0 38.0 24410.0 0.0832045643646737
45 45 44 0.0 0.0 1358.0 0.0 13521.0 45.0 14087.0 0.0830072334874896
45 45 45 0.0 0.0 1585.0 0.0 12624.0 36.0 23055.0 0.08631851532153645
45 45 46 0.0 0.0 1020.0 0.0 12969.0 22.0 8997.0 0.0875109388673584
45 45 47 0.0 0.0 1189.0 0.0 12851.0 35.0 13464.0 0.08726547403852146
45 45 48 0.0 0.0 704.0 0.0 11034.0 22.0 4041.0 0.10195164579085347
45 45 49 0.0 0.0 51.0 0.0 1152.0 7.0 10.0 0.4380475594493116
45 45 50 0.0 0.0 2.0 0.0 9.0 1.0 0.0 0.6965174129353233
45 46 29 0.0 0.0 0.0 0.0 2.0 0.0 0.0 0.6993006993006992
45 46 30 0.0 0.0 155.0 0.0 3669.0 21.0 118.0 0.2411298656562177
45 46 31 0.0 0.0 1.0 0.0 203.0 1.0 0.0 0.6354970494779845
45 46 32 0.0 0.0 507.0 0.0 9538.0 23.0 2201.0 0.11629838843661737
45 46 33 0.0 0.0 983.0 0.0 12687.0 38.0 7753.0 0.08941116362242942
45 46 34 0.0 0.0 952.0 0.0 12794.0 29.0 8124.0 0.0888832455082217
45 46 35 0.0 0.0 1782.0 0.0 13014.0 47.0 24345.0 0.08338296605122095
45 46 36 0.0 0.0 2043.0 0.0 12348.0 55.0 30752.0 0.08538147222052814
45 46 37 0.0 0.0 2076.0 0.0 11894.0 61.0 34361.0 0.08766437069505321
45 46 38 0.0 0.0 1517.0 0.0 13196.0 34.0 18525.0 0.08372204281784475
45 46 39 0.0 0.0 2455.0 0.0 11312.0 60.0 42335.0 0.0887648998224702
45 46 40 0.0 0.0 2068.0 0.0 13051.0 51.0 26588.0 0.08183784415736246
45 46 41 0.0 0.0 2249.0 0.0 11838.0 57.0 36231.0 0.08708633988554366
45 46 42 0.0 0.0 1299.0 0.0 13404.0 38.0 12581.0 0.0838423763324949
45 46 43 0.0 0.0 1061.0 0.0 12848.0 35.0 11041.0 0.08805031446540879
45 46 44 0.0 0.0 994.0 0.0 12704.0 25.0 9988.0 0.08920038228735265
45 46 45 0.0 0.0 813.0 0.0 12001.0 29.0 6472.0 0.09458181326847723
45 46 46 0.0 0.0 645.0 0.0 10932.0 28.0 3768.0 0.10322200103222
45 46 47 0.0 0.0 387.0 0.0 8152.0 19.0 1324.0 0.13292821876186856
45 46 48 0.0 0.0 272.0 0.0 5154.0 17.0 249.0 0.1888828926065839
45 46 49 0.0 0.0 78.0 0.0 1726.0 12.0 23.0 0.3691983122362869
45 46 50 0.0 0.0 2.0 0.0 8.0 0.0 0.0 0.6965174129353233
45 47 29 0.0 0.0 0.0 0.0 2.0 0.0 0.0 0.6996501749125437
45 47 30 0.0 0.0 5.0 0.0 113.0 0.0 0.0 0.6610009442870631
45 47 31 0.0 0.0 6.0 0.0 295.0 0.0 1.0 0.6084311169056931
45 47 32 0.0 0.0 230.0 0.0 5460.0 24.0 390.0 0.18257694314032336
45 47 33 0.0 0.0 427.0 0.0 8700.0 21.0 1631.0 0.12598992080633548
45 47 34 0.0 0.0 557.0 0.0 10092.0 17.0 2797.0 0.11064569667272582
45 47 35 0.0 0.0 615.0 0.0 10332.0 24.0 2736.0 0.1082334750676459
45 47 36 0.0 0.0 1386.0 0.0 12820.0 42.0 18513.0 0.08638242734620842
45 47 37 0.0 0.0 1033.0 0.0 12660.0 42.0 10369.0 0.08930849706557793
45 47 38 0.0 0.0 1112.0 0.0 12853.0 33.0 12547.0 0.08769731896767727
45 47 39 0.0 0.0 1938.0 0.0 12337.0 71.0 29435.0 0.08610615659019619
45 47 40 0.0 0.0 1314.0 0.0 13467.0 40.0 13984.0 0.08345255126371005
45 47 41 0.0 0.0 1275.0 0.0 12794.0 27.0 15184.0 0.08707009142359598
45 47 42 0.0 0.0 1219.0 0.0 12729.0 46.0 15351.0 0.08785691873235017
45 47 43 0.0 0.0 838.0 0.0 12183.0 25.0 6009.0 0.09324009324009323
45 47 44 0.0 0.0 333.0 0.0 6628.0 16.0 566.0 0.15642458100558657
45 47 45 0.0 0.0 266.0 0.0 5540.0 25.0 397.0 0.1799485861182519
45 47 46 0.0 0.0 85.0 0.0 2229.0 11.0 42.0 0.3252032520325203
45 47 47 0.0 0.0 110.0 0.0 2825.0 9.0 79.0 0.2841485691089912
45 47 48 0.0 0.0 4.0 0.0 209.0 2.0 1.0 0.6331976481230212
45 47 49 0.0 0.0 0.0 0.0 10.0 0.0 0.0 0.6965174129353233
45 47 50 0.0 0.0 1.0 0.0 7.0 0.0 0.0 0.697211155378486
45 48 31 0.0 0.0 0.0 0.0 26.0 0.0 0.0 0.6910167818361302
45 48 32 0.0 0.0 3.0 0.0 192.0 1.0 0.0 0.6381039197812214
45 48 33 0.0 0.0 64.0 0.0 1442.0 12.0 10.0 0.4008016032064127
45 48 34 0.0 0.0 401.0 0.0 8647.0 20.0 1726.0 0.12691505756504395
45 48 35 0.0 0.0 612.0 0.0 10403.0 27.0 3190.0 0.10770059235325792
45 48 36 0.0 0.0 148.0 0.0 3862.0 13.0 148.0 0.23341113704568184
45 48 37 0.0 0.0 588.0 0.0 10449.0 31.0 2957.0 0.1075268817204301
45 48 38 0.0 0.0 389.0 0.0 8015.0 23.0 1154.0 0.13478386444594204
45 48 39 0.0 0.0 791.0 0.0 11904.0 19.0 6034.0 0.09522513943681131
45 48 40 0.0 0.0 500.0 0.0 9664.0 25.0 2349.0 0.11522633744855965
45 48 41 0.0 0.0 783.0 0.0 11879.0 26.0 6034.0 0.09555661729574771
45 48 42 0.0 0.0 745.0 0.0 11871.0 22.0 6881.0 0.0957985493362529
45 48 43 0.0 0.0 689.0 0.0 11499.0 25.0 5038.0 0.09868189187284132
45 48 44 0.0 0.0 171.0 0.0 4113.0 24.0 174.0 0.22360645264334764
45 48 45 0.0 0.0 15.0 0.0 430.0 7.0 0.0 0.5742411812961443
45 48 46 0.0 0.0 0.0 0.0 12.0 0.0 0.0 0.6958250497017892
45 48 47 0.0 0.0 0.0 0.0 5.0 0.0 0.0 0.6982543640897755
45 48 48 0.0 0.0 0.0 0.0 5.0 0.0 0.0 0.6982543640897755
45 49 31 0.0 0.0 5.0 0.0 57.0 2.0 0.0 0.6796116504854368
45 49 32 0.0 0.0 4.0 0.0 197.0 0.0 0.0 0.6360745115856428
45 49 33 0.0 0.0 1.0 0.0 63.0 0.0 1.0 0.6782945736434108
45 49 34 0.0 0.0 10.0 0.0 217.0 2.0 0.0 0.6292134831460673
45 49 35 0.0 0.0 128.0 0.0 2725.0 7.0 56.0 0.288838456777388
45 49 36 0.0 0.0 104.0 0.0 1945.0 14.0 23.0 0.34696406443618333
45 49 37 0.0 0.0 181.0 0.0 3641.0 18.0 111.0 0.241254523522316
45 49 38 0.0 0.0 268.0 0.0 5839.0 22.0 428.0 0.17303176368804846
45 49 39 0.0 0.0 29.0 0.0 1063.0 8.0 10.0 0.4541031462860849
45 49 40 0.0 0.0 208.0 0.0 4667.0 11.0 240.0 0.20390329158170692
45 49 41 0.0 0.0 160.0 0.0 3922.0 22.0 138.0 0.23098498597591152
45 49 42 0.0 0.0 329.0 0.0 6886.0 19.0 760.0 0.15215737419845665
45 49 43 0.0 0.0 187.0 0.0 4176.0 18.0 156.0 0.2206114087614245
45 49 44 0.0 0.0 441.0 0.0 8549.0 24.0 1485.0 0.12755102040816324
45 49 45 0.0 0.0 0.0 0.0 26.0 0.0 0.0 0.6910167818361302
45 49 46 0.0 0.0 0.0 0.0 1.0 0.0 0.0 0.6996501749125437
45 50 32 0.0 0.0 0.0 0.0 1.0 0.0 0.0 0.6996501749125437
45 50 33 0.0 0.0 0.0 0.0 3.0 0.0 0.0 0.6989515726410384
45 50 34 0.0 0.0 1.0 0.0 18.0 1.0 0.0 0.6937561942517343
45 50 35 0.0 0.0 0.0 0.0 8.0 0.0 0.0 0.697211155378486
45 50 36 0.0 0.0 0.0 0.0 19.0 0.0 0.0 0.6934125804853887
45 50 37 0.0 0.0 0.0 0.0 24.0 1.0 0.0 0.6923837784371908
45 50 38 0.0 0.0 0.0 0.0 19.0 0.0 0.0 0.6937561942517343
45 50 39 0.0 0.0 1.0 0.0 55.0 1.0 0.0 0.6812652068126519
45 50 40 0.0 0.0 0.0 0.0 28.0 0.0 0.0 0.690335305719921
45 50 41 0.0 0.0 23.0 0.0 406.0 3.0 2.0 0.5770816158285242
45 50 42 0.0 0.0 3.0 0.0 74.0 0.0 0.0 0.6740491092922483
45 50 43 0.0 0.0 0.0 0.0 32.0 0.0 0.0 0.6893156080748399
45 50 44 0.0 0.0 0.0 0.0 12.0 0.0 0.0 0.6958250497017892
45 50 45 0.0 0.0 0.0 0.0 9.0 0.0 0.0 0.6968641114982577
45 51 39 0.0 0.0 0.0 0.0 3.0 0.0 0.0 0.6989515726410384
45 51 40 0.0 0.0 0.0 0.0 5.0 0.0 0.0 0.6982543640897755
45 51 41 0.0 0.0 0.0 0.0 2.0 0.0 0.0 0.6993006993006992
45 51 42 0.0 0.0 0.0 0.0 7.0 0.0 0.0 0.6975585450921773
45 51 43 0.0 0.0 0.0 0.0 1.0 0.0 0.0 0.6996501749125437
46 29 36 0.0 0.0 0.0 0.0 3.0 0.0 0.0 0.6989515726410384
46 29 37 0.0 0.0 3.0 0.0 20.0 0.0 0.0 0.6920415224913494
46 29 38 0.0 0.0 0.0 0.0 7.0 0.0 0.0 0.6975585450921773
46 29 39 0.0 0.0 0.0 0.0 2.0 0.0 0.0 0.6993006993006992
46 29 40 0.0 0.0 1.0 0.0 17.0 0.0 0.0 0.6937561942517343
46 29 41 0.0 0.0 0.0 0.0 13.0 0.0 0.0 0.695479384003974
46 29 42 0.0 0.0 51.0 0.0 1103.0 11.0 4.0 0.44543429844097987
46 29 43 0.0 0.0 5.0 0.0 89.0 3.0 0.0 0.669536107125777
46 29 47 0.0 0.0 0.0 0.0 1.0 0.0 0.0 0.0
46 30 33 0.0 0.0 0.0 0.0 1.0 0.0 0.0 0.6996501749125437
46 30 34 0.0 0.0 0.0 0.0 1.0 0.0 0.0 0.6996501749125437
46 30 35 0.0 0.0 1.0 0.0 5.0 0.0 0.0 0.6979062811565303
46 30 36 0.0 0.0 0.0 0.0 35.0 0.0 0.0 0.6879606879606879
46 30 37 0.0 0.0 41.0 0.0 1318.0 9.0 7.0 0.417785735601313
46 30 38 0.0 0.0 48.0 0.0 1280.0 12.0 7.0 0.42219541616405304
46 30 39 0.0 0.0 17.0 0.0 481.0 4.0 3.0 0.5615724027276373
46 30 40 0.0 0.0 4.0 0.0 262.0 1.0 0.0 0.6181015452538631
46 30 41 0.0 0.0 61.0 0.0 1687.0 10.0 19.0 0.3745318352059924
46 30 42 0.0 0.0 149.0 0.0 3342.0 26.0 81.0 0.2561756633119853
46 30 43 0.0 0.0 0.0 0.0 209.0 0.0 0.0 0.6337709370755997
46 30 44 0.0 0.0 2.0 0.0 55.0 1.0 0.0 0.6809338521400777
46 30 45 0.0 0.0 0.0 0.0 10.0 0.0 0.0 0.6965174129353233
46 30 46 0.0 0.0 0.0 0.0 2.0 0.0 0.0 0.6993006993006992
46 30 47 0.0 0.0 0.0 0.0 1.0 0.0 0.0 0.6996501749125437
46 31 33 0.0 0.0 4.0 0.0 51.0 2.0 0.0 0.6819288845591815
46 31 34 0.0 0.0 0.0 0.0 5.0 0.0 0.0 0.6982543640897755
46 31 35 0.0 0.0 0.0 0.0 21.0 0.0 0.0 0.6927263730826323
46 31 36 0.0 0.0 63.0 0.0 1309.0 11.0 10.0 0.41654269562630164
46 31 37 0.0 0.0 122.0 0.0 3028.0 10.0 68.0 0.2723205602022952
46 31 38 0.0 0.0 271.0 0.0 6305.0 13.0 538.0 0.16337962422686425
46 31 39 0.0 0.0 451.0 0.0 8684.0 28.0 1548.0 0.1259559154295996
46 31 40 0.0 0.0 510.0 0.0 8844.0 25.0 1405.0 0.12350035285815099
46 31 41 0.0 0.0 686.0 0.0 11167.0 27.0 3882.0 0.10115606936416183
46 31 42 0.0 0.0 385.0 0.0 7861.0 22.0 1111.0 0.13681227401544022
46 31 43 0.0 0.0 277.0 0.0 6377.0 20.0 602.0 0.16207455429497564
46 31 44 0.0 0.0 153.0 0.0 3754.0 13.0 144.0 0.23744911804613295
46 31 45 0.0 0.0 64.0 0.0 1617.0 17.0 14.0 0.3820960698689955
46 31 46 0.0 0.0 12.0 0.0 296.0 4.0 0.0 0.6076388888888887
46 31 47 0.0 0.0 0.0 0.0 24.0 0.0 0.0 0.6916996047430829
46 31 48 0.0 0.0 0.0 0.0 1.0 0.0 0.0 0.6996501749125437
46 32 32 0.0 0.0 0.0 0.0 3.0 0.0 0.0 0.6989515726410384
46 32 33 0.0 0.0 0.0 0.0 9.0 0.0 0.0 0.6968641114982577
46 32 34 0.0 0.0 5.0 0.0 133.0 0.0 0.0 0.6548175865294666
46 32 35 0.0 0.0 13.0 0.0 427.0 1.0 2.0 0.5740057400574005
46 32 36 0.0 0.0 387.0 0.0 8237.0 33.0 1443.0 0.13208793282385128
46 32 37 0.0 0.0 550.0 0.0 9674.0 30.0 2168.0 0.11473528929683657
46 32 38 0.0 0.0 742.0 0.0 11735.0 33.0 5841.0 0.09684560044272274
46 32 39 0.0 0.0 849.0 0.0 12280.0 36.0 8269.0 0.09258646914886581
46 32 40 0.0 0.0 1052.0 0.0 12730.0 37.0 10692.0 0.08875364523900088
46 32 41 0.0 0.0 794.0 0.0 11927.0 30.0 6145.0 0.09517335146159074
46 32 42 0.0 0.0 988.0 0.0 12642.0 27.0 10368.0 0.08958853266781851
46 32 43 0.0 0.0 798.0 0.0 11946.0 29.0 5748.0 0.09504412763068566
46 32 44 0.0 0.0 299.0 0.0 6916.0 19.0 751.0 0.15219045548429178
46 32 45 0.0 0.0 121.0 0.0 3223.0 21.0 78.0 0.2629107981220657
46 32 46 0.0 0.0 161.0 0.0 3974.0 16.0 178.0 0.2286834367853642
46 32 47 0.0 0.0 112.0 0.0 2642.0 15.0 51.0 0.2954209748892171
46 32 48 0.0 0.0 0.0 0.0 22.0 0.0 0.0 0.6923837784371908
46 33 31 0.0 0.0 0.0 0.0 19.0 0.0 0.0 0.6934125804853887
46 33 32 0.0 0.0 45.0 0.0 953.0 10.0 5.0 0.46854082998661306
46 33 33 0.0 0.0 0.0 0.0 106.0 0.0 0.0 0.664767331433998
46 33 34 0.0 0.0 237.0 0.0 4932.0 29.0 255.0 0.19599608007839842
46 33 35 0.0 0.0 291.0 0.0 6505.0 19.0 661.0 0.15941698929628784
46 33 36 0.0 0.0 739.0 0.0 11765.0 25.0 5714.0 0.09661169001449174
46 33 37 0.0 0.0 1313.0 0.0 12756.0 40.0 16798.0 0.08716224629560453
46 33 38 0.0 0.0 1762.0 0.0 12012.0 42.0 28973.0 0.08874239350912777
46 33 39 0.0 0.0 1274.0 0.0 13512.0 39.0 12432.0 0.0834575260804769
46 33 40 0.0 0.0 1919.0 0.0 12482.0 39.0 29054.0 0.08528265107212475
46 33 41 0.0 0.0 1126.0 0.0 13306.0 29.0 9391.0 0.08518924181574783
46 33 42 0.0 0.0 1444.0 0.0 13044.0 38.0 18739.0 0.08486391465114869
46 33 43 0.0 0.0 1294.0 0.0 12767.0 50.0 15899.0 0.08727635434199861
46 33 44 0.0 0.0 1034.0 0.0 12722.0 43.0 10234.0 0.08895666539585714
46 33 45 0.0 0.0 985.0 0.0 12684.0 32.0 9727.0 0.08934839491990554
46 33 46 0.0 0.0 686.0 0.0 11271.0 18.0 4821.0 0.10033684512291263
46 33 47 0.0 0.0 181.0 0.0 4082.0 22.0 160.0 0.22428708747196405
46 33 48 0.0 0.0 83.0 0.0 2073.0 9.0 25.0 0.3375120540019286
46 33 49 0.0 0.0 1.0 0.0 37.0 0.0 0.0 0.6869479882237487
46 34 30 0.0 0.0 2.0 0.0 85.0 3.0 0.0 0.6717850287907868
46 34 31 0.0 0.0 5.0 0.0 155.0 1.0 0.0 0.6484483557202407
46 34 32 0.0 0.0 14.0 0.0 423.0 2.0 3.0 0.5749486652977411
46 34 33 0.0 0.0 252.0 0.0 6117.0 21.0 478.0 0.16774502755811166
46 34 34 0.0 0.0 475.0 0.0 9519.0 12.0 2374.0 0.11669584062682337
46 34 35 0.0 0.0 491.0 0.0 9501.0 33.0 2227.0 0.11689070718877848
46 34 36 0.0 0.0 812.0 0.0 12066.0 25.0 6923.0 0.09415562579864145
46 34 37 0.0 0.0 1293.0 0.0 13167.0 40.0 15102.0 0.08507018290089323
46 34 38 0.0 0.0 2170.0 0.0 12087.0 58.0 34578.0 0.08606381016782443
46 34 39 0.0 0.0 1968.0 0.0 13414.0 47.0 24291.0 0.08050140877465355
46 34 40 0.0 0.0 2423.0 0.0 12733.0 51.0 33839.0 0.08154706430568498
46 34 41 0.0 0.0 2905.0 0.0 10809.0 82.0 51335.0 0.08924018357980622
46 34 42 0.0 0.0 2952.0 0.0 10674.0 66.0 54878.0 0.08952551477170992
46 34 43 0.0 0.0 2596.0 0.0 11448.0 57.0 45354.0 0.08721111318756618
46 34 44 0.0 0.0 2032.0 0.0 12384.0 44.0 30591.0 0.08528784648187633
46 34 45 0.0 0.0 1495.0 0.0 13383.0 52.0 16279.0 0.0830564784053156
46 34 46 0.0 0.0 1105.0 0.0 13009.0 36.0 10931.0 0.08690793966105903
46 34 47 0.0 0.0 659.0 0.0 11228.0 34.0 4562.0 0.1009809578765147
46 34 48 0.0 0.0 397.0 0.0 7939.0 35.0 1100.0 0.13588275259633115
46 34 49 0.0 0.0 19.0 0.0 734.0 6.0 2.0 0.5096468875136512
46 34 50 0.0 0.0 1.0 0.0 10.0 0.0 0.0 0.6961710591745399
46 35 30 0.0 0.0 5.0 0.0 109.0 2.0 0.0 0.6628787878787878
46 35 31 0.0 0.0 278.0 0.0 5699.0 24.0 390.0 0.17601206939904446
46 35 32 0.0 0.0 135.0 0.0 3624.0 16.0 142.0 0.24377503047187876
46 35 33 0.0 0.0 328.0 0.0 7072.0 18.0 840.0 0.14911066141229096
46 35 34 0.0 0.0 860.0 0.0 12177.0 29.0 6980.0 0.09312225621923638
46 35 35 0.0 0.0 1043.0 0.0 12835.0 33.0 9471.0 0.0881445570736007
46 35 36 0.0 0.0 1139.0 0.0 13196.0 48.0 10167.0 0.08578431372549018
46 35 37 0.0 0.0 1814.0 0.0 13205.0 48.0 23079.0 0.08226583617346338
46 35 38 0.0 0.0 2716.0 0.0 12027.0 75.0 40705.0 0.08379219535551831
46 35 39 0.0 0.0 3643.0 0.0 9723.0 54.0 68043.0 0.09096816114359974
46 35 40 0.0 0.0 4058.0 0.0 8631.0 69.0 82541.0 0.09519923840609275
46 35 41 0.0 0.0 3863.0 0.0 10475.0 71.0 63748.0 0.08572128337007102
46 35 42 0.0 0.0 3832.0 0.0 8264.0 62.0 82542.0 0.09931191033553237
46 35 43 0.0 0.0 3007.0 0.0 11326.0 68.0 49094.0 0.08571078731480347
46 35 44 0.0 0.0 2756.0 0.0 11621.0 59.0 44350.0 0.08542314967356153
46 35 45 0.0 0.0 2588.0 0.0 11415.0 66.0 44395.0 0.08748906386701662
46 35 46 0.0 0.0 1590.0 0.0 12892.0 44.0 21127.0 0.08493599466116604
46 35 47 0.0 0.0 673.0 0.0 11257.0 30.0 4326.0 0.10059639290076884
46 35 48 0.0 0.0 660.0 0.0 11261.0 28.0 4803.0 0.10061808250682765
46 35 49 0.0 0.0 282.0 0.0 5768.0 21.0 424.0 0.174194351126042
46 35 50 0.0 0.0 33.0 0.0 506.0 4.0 0.0 0.5522682445759368
46 35 51 0.0 0.0 0.0 0.0 1.0 0.0 0.0 0.6996501749125437
46 36 29 0.0 0.0 0.0 0.0 5.0 0.0 0.0 0.6982543640897755
46 36 30 0.0 0.0 7.0 0.0 209.0 1.0 0.0 0.6320541760722347
46 36 31 0.0 0.0 170.0 0.0 4313.0 23.0 228.0 0.21671826625386995
46 36 32 0.0 0.0 816.0 0.0 11890.0 23.0 5996.0 0.09518629317378297
46 36 33 0.0 0.0 1332.0 0.0 13064.0 37.0 16219.0 0.08536585365853656
46 36 34 0.0 0.0 1155.0 0.0 13066.0 38.0 11219.0 0.08635045950780237
46 36 35 0.0 0.0 1351.0 0.0 13369.0 36.0 14358.0 0.08375710439724797
46 36 36 0.0 0.0 1781.0 0.0 13263.0 51.0 23485.0 0.08214516223669541
46 36 37 0.0 0.0 2105.0 0.0 12875.0 64.0 29264.0 0.08246451080874123
46 36 38 0.0 0.0 3664.0 0.0 10155.0 72.0 64758.0 0.08850116947973954
46 36 39 0.0 0.0 3979.0 0.0 11422.0 89.0 57489.0 0.08050603795284646
46 36 40 0.0 0.0 4793.0 0.0 7517.0 78.0 99522.0 0.0978131768322504
46 36 41 0.0 0.0 4883.0 0.0 9409.0 70.0 82338.0 0.08580534444716842
46 36 42 0.0 0.0 4513.0 0.0 9277.0 85.0 80282.0 0.08871427666180849
46 36 43 0.0 0.0 4176.0 0.0 9932.0 68.0 70331.0 0.08687019111442044
46 36 44 0.0 0.0 3970.0 0.0 10173.0 72.0 67567.0 0.08670878236095626
46 36 45 0.0 0.0 2800.0 0.0 11864.0 54.0 44105.0 0.08388759062855772
46 36 46 0.0 0.0 1706.0 0.0 13311.0 45.0 21918.0 0.08223201174743024
46 36 47 0.0 0.0 825.0 0.0 12244.0 28.0 6462.0 0.09291213166976374
46 36 48 0.0 0.0 629.0 0.0 10641.0 22.0 2986.0 0.1055727320714878
46 36 49 0.0 0.0 137.0 0.0 3803.0 13.0 139.0 0.2361673414304993
46 36 50 0.0 0.0 12.0 0.0 425.0 4.0 0.0 0.5754212905877516
46 36 51 0.0 0.0 0.0 0.0 1.0 0.0 0.0 0.6996501749125437
46 37 29 0.0 0.0 0.0 0.0 6.0 0.0 0.0 0.6979062811565303
46 37 30 0.0 0.0 148.0 0.0 2934.0 17.0 63.0 0.2764067127344521
46 37 31 0.0 0.0 465.0 0.0 9197.0 17.0 2101.0 0.1201201201201201
46 37 32 0.0 0.0 938.0 0.0 12416.0 32.0 8679.0 0.09122304033361568
46 37 33 0.0 0.0 2253.0 0.0 11270.0 58.0 40025.0 0.0901945625563716
46 37 34 0.0 0.0 1989.0 0.0 12904.0 38.0 27936.0 0.08279614406529066
46 37 35 0.0 0.0 2408.0 0.0 12625.0 46.0 34590.0 0.0820969917316601
46 37 36 0.0 0.0 2565.0 0.0 12110.0 62.0 38779.0 0.08393285371702637
46 37 37 0.0 0.0 3163.0 0.0 12359.0 73.0 44299.0 0.0799177988354835
46 37 38 0.0 0.0 4046.0 0.0 10520.0 66.0 66137.0 0.08450534194483007
46 37 39 0.0 0.0 4949.0 0.0 7782.0 90.0 97129.0 0.09507640067911714
46 37 40 0.0 0.0 5415.0 0.0 8618.0 85.0 90180.0 0.08734714250062389
46 37 41 0.0 0.0 5357.0 0.0 8371.0 82.0 93102.0 0.08903586873569065
46 37 42 0.0 0.0 5323.0 0.0 8033.0 61.0 96214.0 0.09103322712790167
46 37 43 0.0 0.0 4926.0 0.0 8150.0 63.0 93178.0 0.09269067796610168
46 37 44 0.0 0.0 4248.0 0.0 10351.0 72.0 69617.0 0.08430180044559522
46 37 45 0.0 0.0 3296.0 0.0 11493.0 73.0 51383.0 0.08341774414586187
46 37 46 0.0 0.0 2631.0 0.0 11081.0 58.0 45759.0 0.08899624944377343
46 37 47 0.0 0.0 1103.0 0.0 12803.0 31.0 13842.0 0.08803924034712614
46 37 48 0.0 0.0 563.0 0.0 10483.0 20.0 3429.0 0.10733726903319787
46 37 49 0.0 0.0 481.0 0.0 9137.0 25.0 2195.0 0.1206584504007584
46 37 50 0.0 0.0 126.0 0.0 2510.0 12.0 36.0 0.3027681660899653
46 37 51 0.0 0.0 3.0 0.0 48.0 1.0 0.0 0.6829268292682925
46 38 29 0.0 0.0 0.0 0.0 19.0 0.0 0.0 0.6934125804853887
46 38 30 0.0 0.0 278.0 0.0 5623.0 16.0 365.0 0.1774622892635315
46 38 31 0.0 0.0 491.0 0.0 9171.0 24.0 1888.0 0.12024392338744308
46 38 32 0.0 0.0 900.0 0.0 12389.0 29.0 7058.0 0.09164702801780569
46 38 33 0.0 0.0 2782.0 0.0 11168.0 54.0 47881.0 0.08771380239333373
46 38 34 0.0 0.0 3399.0 0.0 9572.0 82.0 67616.0 0.09361417586091607
46 38 35 0.0 0.0 3892.0 0.0 9093.0 57.0 76396.0 0.09331467039925348
46 38 36 0.0 0.0 3842.0 0.0 10262.0 76.0 65897.0 0.08692412765429032
46 38 37 0.0 0.0 4336.0 0.0 9112.0 78.0 80022.0 0.09060315816722753
46 38 38 0.0 0.0 4625.0 0.0 8015.0 86.0 90934.0 0.09564801530368244
46 38 39 0.0 0.0 4918.0 0.0 8363.0 92.0 91803.0 0.09174311926605504
46 38 40 0.0 0.0 5433.0 0.0 9539.0 91.0 82890.0 0.08251797713073204
46 38 41 0.0 0.0 5490.0 0.0 7240.0 89.0 105403.0 0.0951151572797065
46 38 42 0.0 0.0 5557.0 0.0 8418.0 76.0 95370.0 0.08759306763436149
46 38 43 0.0 0.0 5340.0 0.0 9042.0 91.0 87772.0 0.0855170728727628
46 38 44 0.0 0.0 4699.0 0.0 9270.0 87.0 80566.0 0.0877577885037297
46 38 45 0.0 0.0 4154.0 0.0 9762.0 76.0 73338.0 0.08784589320449268
46 38 46 0.0 0.0 2680.0 0.0 11600.0 70.0 43770.0 0.08602679120068821
46 38 47 0.0 0.0 963.0 0.0 12601.0 27.0 8428.0 0.0899165061014772
46 38 48 0.0 0.0 677.0 0.0 11330.0 34.0 4400.0 0.10008578781812981
46 38 49 0.0 0.0 678.0 0.0 10991.0 36.0 3898.0 0.10260168559912054
46 38 50 0.0 0.0 151.0 0.0 3204.0 23.0 89.0 0.26256564141035255
46 38 51 0.0 0.0 0.0 0.0 5.0 0.0 0.0 0.6982543640897755
46 39 29 0.0 0.0 0.0 0.0 14.0 0.0 0.0 0.6958250497017892
46 39 30 0.0 0.0 13.0 0.0 512.0 4.0 2.0 0.5553351844506148
46 39 31 0.0 0.0 510.0 0.0 9354.0 30.0 2157.0 0.11822327309576082
46 39 32 0.0 0.0 1144.0 0.0 13046.0 34.0 11642.0 0.086446434084594
46 39 33 0.0 0.0 2471.0 0.0 12097.0 58.0 37704.0 0.08439836026042921
46 39 34 0.0 0.0 3717.0 0.0 10930.0 72.0 59708.0 0.08409923709977772
46 39 35 0.0 0.0 4305.0 0.0 8615.0 79.0 84689.0 0.09393451422436928
46 39 36 0.0 0.0 4540.0 0.0 8906.0 62.0 82781.0 0.0905211431527221
46 39 37 0.0 0.0 4546.0 0.0 9578.0 72.0 78335.0 0.08678403173816017
46 39 38 0.0 0.0 4500.0 0.0 10849.0 81.0 66703.0 0.08065445327802741
46 39 39 0.0 0.0 4950.0 0.0 10049.0 81.0 75449.0 0.08235294117647059
46 39 40 0.0 0.0 5077.0 0.0 10652.0 77.0 70547.0 0.07887768324976055
46 39 41 0.0 0.0 5528.0 0.0 7479.0 63.0 103798.0 0.09328358208955223
46 39 42 0.0 0.0 5803.0 0.0 8236.0 79.0 96539.0 0.08716224629560453
46 39 43 0.0 0.0 5406.0 0.0 7146.0 74.0 105942.0 0.09614724263443444
46 39 44 0.0 0.0 4860.0 0.0 6775.0 81.0 107513.0 0.10290334435869164
46 39 45 0.0 0.0 4429.0 0.0 8952.0 81.0 83086.0 0.09099772505687358
46 39 46 0.0 0.0 3820.0 0.0 8969.0 71.0 77783.0 0.09452434001755451
46 39 47 0.0 0.0 1868.0 0.0 12816.0 49.0 25832.0 0.08391776059461727
46 39 48 0.0 0.0 1450.0 0.0 13040.0 51.0 17551.0 0.08491023774866568
46 39 49 0.0 0.0 818.0 0.0 12071.0 23.0 6782.0 0.09404178142003089
46 39 50 0.0 0.0 252.0 0.0 5698.0 17.0 444.0 0.17632241813602012
46 39 51 0.0 0.0 6.0 0.0 46.0 2.0 0.0 0.6829268292682925
46 40 29 0.0 0.0 1.0 0.0 34.0 0.0 0.0 0.6882989183874139
46 40 30 0.0 0.0 149.0 0.0 4019.0 16.0 149.0 0.22753128555176336
46 40 31 0.0 0.0 300.0 0.0 6456.0 15.0 634.0 0.16012810248198556
46 40 32 0.0 0.0 1140.0 0.0 13104.0 31.0 10371.0 0.08613264427217915
46 40 33 0.0 0.0 2603.0 0.0 11387.0 57.0 44948.0 0.08751640932674876
46 40 34 0.0 0.0 3956.0 0.0 7830.0 78.0 90346.0 0.10153020523605771
46 40 35 0.0 0.0 4062.0 0.0 10717.0 80.0 65007.0 0.0834824090638044
46 40 36 0.0 0.0 4508.0 0.0 10389.0 77.0 70581.0 0.08287456342863907
46 40 37 0.0 0.0 4840.0 0.0 10080.0 83.0 75332.0 0.08266902863891348
46 40 38 0.0 0.0 4979.0 0.0 8248.0 82.0 93321.0 0.09188763454975057
46 40 39 0.0 0.0 5091.0 0.0 8459.0 69.0 90369.0 0.08995116936520174
46 40 40 0.0 0.0 5190.0 0.0 9825.0 86.0 78047.0 0.08231904509907684
46 40 41 0.0 0.0 5613.0 0.0 7909.0 93.0 99005.0 0.09017713365539452
46 40 42 0.0 0.0 5603.0 0.0 9768.0 84.0 81498.0 0.0805709023941068
46 40 43 0.0 0.0 5219.0 0.0 7716.0 88.0 100284.0 0.09378977691431634
46 40 44 0.0 0.0 4879.0 0.0 9264.0 84.0 82155.0 0.08669267446900736
46 40 45 0.0 0.0 4484.0 0.0 7703.0 73.0 95771.0 0.09870276367738295
46 40 46 0.0 0.0 3840.0 0.0 8594.0 69.0 80609.0 0.09693277020009693
46 40 47 0.0 0.0 2759.0 0.0 11155.0 63.0 48038.0 0.08800050286001633
46 40 48 0.0 0.0 1036.0 0.0 12881.0 32.0 9441.0 0.08796179944709724
46 40 49 0.0 0.0 260.0 0.0 6160.0 18.0 616.0 0.1665675193337299
46 40 50 0.0 0.0 4.0 0.0 167.0 3.0 0.0 0.6457564575645756
46 40 51 0.0 0.0 0.0 0.0 3.0 0.0 0.0 0.6989515726410384
46 41 29 0.0 0.0 63.0 0.0 1365.0 13.0 13.0 0.40983606557377045
46 41 30 0.0 0.0 154.0 0.0 3477.0 14.0 104.0 0.2491546538529987
46 41 31 0.0 0.0 270.0 0.0 6245.0 20.0 559.0 0.16468650746970942
46 41 32 0.0 0.0 1179.0 0.0 12939.0 34.0 13019.0 0.08686480114165165
46 41 33 0.0 0.0 1454.0 0.0 13652.0 40.0 14990.0 0.0818282775147583
46 41 34 0.0 0.0 2977.0 0.0 12080.0 75.0 44675.0 0.0820969917316601
46 41 35 0.0 0.0 4076.0 0.0 10597.0 85.0 64727.0 0.08398824164616953
46 41 36 0.0 0.0 4686.0 0.0 7396.0 87.0 100013.0 0.09955909543450432
46 41 37 0.0 0.0 4863.0 0.0 8233.0 68.0 91321.0 0.09264774005691216
46 41 38 0.0 0.0 4634.0 0.0 10611.0 76.0 69240.0 0.08117353742679885
46 41 39 0.0 0.0 5166.0 0.0 9436.0 85.0 80709.0 0.08426120975022569
46 41 40 0.0 0.0 5312.0 0.0 9048.0 87.0 86465.0 0.08556411196675222
46 41 41 0.0 0.0 5291.0 0.0 6949.0 80.0 107199.0 0.09832151134208862
46 41 42 0.0 0.0 5310.0 0.0 9111.0 87.0 87254.0 0.08525668351501126
46 41 43 0.0 0.0 5041.0 0.0 8370.0 79.0 91543.0 0.09078529278256921
46 41 44 0.0 0.0 4510.0 0.0 6899.0 73.0 103055.0 0.10445422666567185
46 41 45 0.0 0.0 4100.0 0.0 9862.0 90.0 71637.0 0.08777979810646434
46 41 46 0.0 0.0 3654.0 0.0 9277.0 82.0 71572.0 0.09374581491897682
46 41 47 0.0 0.0 2511.0 0.0 11615.0 62.0 42508.0 0.08674639073052852
46 41 48 0.0 0.0 1253.0 0.0 12910.0 41.0 14540.0 0.0866497493346537
46 41 49 0.0 0.0 121.0 0.0 3735.0 12.0 137.0 0.2396029436933082
46 41 50 0.0 0.0 64.0 0.0 1462.0 8.0 12.0 0.39795338260375207
46 42 29 0.0 0.0 2.0 0.0 17.0 0.0 0.0 0.6934125804853887
46 42 30 0.0 0.0 51.0 0.0 1251.0 7.0 5.0 0.42488619119878596
46 42 31 0.0 0.0 312.0 0.0 6620.0 15.0 634.0 0.15689790429227835
46 42 32 0.0 0.0 815.0 0.0 12005.0 25.0 6229.0 0.09446693657219972
46 42 33 0.0 0.0 1589.0 0.0 12677.0 41.0 22110.0 0.08605323006945724
46 42 34 0.0 0.0 3014.0 0.0 11185.0 55.0 50671.0 0.08636111282462525
46 42 35 0.0 0.0 4111.0 0.0 9140.0 68.0 77853.0 0.09174311926605504
46 42 36 0.0 0.0 4643.0 0.0 8671.0 71.0 86076.0 0.09144350097975179
46 42 37 0.0 0.0 4675.0 0.0 10189.0 84.0 73015.0 0.08301707779886147
46 42 38 0.0 0.0 4570.0 0.0 7706.0 74.0 94570.0 0.0980254866265229
46 42 39 0.0 0.0 4671.0 0.0 7973.0 74.0 94126.0 0.09553705472908419
46 42 40 0.0 0.0 4484.0 0.0 10098.0 76.0 73008.0 0.08444417636769407
46 42 41 0.0 0.0 4767.0 0.0 8827.0 81.0 85929.0 0.08980691513246519
46 42 42 0.0 0.0 4910.0 0.0 8069.0 60.0 92975.0 0.09334577943725829
46 42 43 0.0 0.0 4513.0 0.0 8527.0 69.0 87132.0 0.09304180235262842
46 42 44 0.0 0.0 3598.0 0.0 10901.0 71.0 58667.0 0.08492053863884506
46 42 45 0.0 0.0 3069.0 0.0 11269.0 56.0 50089.0 0.08567407135426228
46 42 46 0.0 0.0 2036.0 0.0 12940.0 52.0 28053.0 0.08251311369128307
46 42 47 0.0 0.0 2212.0 0.0 12315.0 45.0 34589.0 0.08461259518916958
46 42 48 0.0 0.0 1163.0 0.0 12818.0 48.0 12892.0 0.08764790584110686
46 42 49 0.0 0.0 220.0 0.0 5576.0 10.0 474.0 0.17974065990499416
46 42 50 0.0 0.0 1.0 0.0 42.0 1.0 0.0 0.6856023506366307
46 42 51 0.0 0.0 0.0 0.0 1.0 0.0 0.0 0.6996501749125437
46 43 29 0.0 0.0 0.0 0.0 1.0 0.0 0.0 0.6996501749125437
46 43 30 0.0 0.0 1.0 0.0 48.0 1.0 0.0 0.6835937499999999
46 43 31 0.0 0.0 53.0 0.0 1415.0 9.0 10.0 0.4047412546978895
46 43 32 0.0 0.0 557.0 0.0 10004.0 22.0 3125.0 0.11156267431667861
46 43 33 0.0 0.0 1663.0 0.0 12968.0 36.0 23070.0 0.08412450426631413
46 43 34 0.0 0.0 3254.0 0.0 9600.0 63.0 65215.0 0.09423167530457023
46 43 35 0.0 0.0 3988.0 0.0 8775.0 72.0 80504.0 0.09482525060959089
46 43 36 0.0 0.0 4305.0 0.0 8586.0 69.0 84295.0 0.09401020682245499
46 43 37 0.0 0.0 4388.0 0.0 8707.0 69.0 83875.0 0.09271523178807946
46 43 38 0.0 0.0 3919.0 0.0 11532.0 81.0 56753.0 0.08029825064525378
46 43 39 0.0 0.0 3642.0 0.0 11454.0 90.0 54539.0 0.08201042704000937
46 43 40 0.0 0.0 3747.0 0.0 10521.0 61.0 62588.0 0.08600565179997542
46 43 41 0.0 0.0 3947.0 0.0 10164.0 67.0 67453.0 0.08681632146843606
46 43 42 0.0 0.0 4038.0 0.0 9238.0 78.0 76308.0 0.09165302782324057
46 43 43 0.0 0.0 3400.0 0.0 10878.0 69.0 56326.0 0.08585796639273886
46 43 44 0.0 0.0 2993.0 0.0 10732.0 57.0 53371.0 0.088984936121528
46 43 45 0.0 0.0 2051.0 0.0 12754.0 53.0 29978.0 0.0833134967864794
46 43 46 0.0 0.0 2567.0 0.0 11361.0 46.0 43794.0 0.08790104853393607
46 43 47 0.0 0.0 909.0 0.0 12494.0 29.0 7223.0 0.09099181073703366
46 43 48 0.0 0.0 1058.0 0.0 12997.0 24.0 10530.0 0.08714054525084028
46 43 49 0.0 0.0 180.0 0.0 4577.0 24.0 238.0 0.2078693392724573
46 43 50 0.0 0.0 31.0 0.0 453.0 8.0 0.0 0.5654281098546041
46 44 30 0.0 0.0 4.0 0.0 53.0 0.0 0.0 0.6806028196402526
46 44 31 0.0 0.0 223.0 0.0 4595.0 25.0 212.0 0.2060035314891112
46 44 32 0.0 0.0 517.0 0.0 9784.0 19.0 2428.0 0.11386742578283854
46 44 33 0.0 0.0 1572.0 0.0 12791.0 42.0 22249.0 0.08554842652001221
46 44 34 0.0 0.0 3044.0 0.0 9966.0 68.0 60204.0 0.093103677595265
46 44 35 0.0 0.0 2414.0 0.0 12755.0 53.0 34197.0 0.08145217593670001
46 44 36 0.0 0.0 3436.0 0.0 10863.0 67.0 57419.0 0.0859106529209622
46 44 37 0.0 0.0 3744.0 0.0 9395.0 59.0 72064.0 0.09231783712495878
46 44 38 0.0 0.0 3557.0 0.0 10328.0 84.0 62809.0 0.08822788001008318
46 44 39 0.0 0.0 2553.0 0.0 13471.0 51.0 31928.0 0.07769145394006659
46 44 40 0.0 0.0 2624.0 0.0 11860.0 64.0 41762.0 0.08493084202863381
46 44 41 0.0 0.0 2443.0 0.0 12561.0 53.0 36171.0 0.08230452674897118
46 44 42 0.0 0.0 2742.0 0.0 11372.0 72.0 46483.0 0.08692412765429032
46 44 43 0.0 0.0 2091.0 0.0 12873.0 45.0 28842.0 0.08255203726634824
46 44 44 0.0 0.0 2068.0 0.0 12729.0 51.0 29979.0 0.08333829394606822
46 44 45 0.0 0.0 1804.0 0.0 13188.0 46.0 23191.0 0.08240141259564449
46 44 46 0.0 0.0 1242.0 0.0 12826.0 40.0 14666.0 0.08710801393728222
46 44 47 0.0 0.0 1076.0 0.0 12545.0 29.0 13138.0 0.08959999999999999
46 44 48 0.0 0.0 714.0 0.0 11277.0 22.0 4634.0 0.10011441647597252
46 44 49 0.0 0.0 99.0 0.0 2247.0 15.0 30.0 0.32325098129762175
46 44 50 0.0 0.0 4.0 0.0 115.0 3.0 0.0 0.661625708884688
46 45 29 0.0 0.0 0.0 0.0 2.0 0.0 0.0 0.6993006993006992
46 45 30 0.0 0.0 0.0 0.0 2.0 0.0 0.0 0.6993006993006992
46 45 31 0.0 0.0 9.0 0.0 399.0 1.0 2.0 0.5816368923971748
46 45 32 0.0 0.0 664.0 0.0 11156.0 31.0 4827.0 0.10136113524471473
46 45 33 0.0 0.0 1094.0 0.0 13006.0 42.0 10192.0 0.08703220191470844
46 45 34 0.0 0.0 1768.0 0.0 12416.0 54.0 27498.0 0.08654262224145391
46 45 35 0.0 0.0 1614.0 0.0 13284.0 40.0 18734.0 0.08291873963515753
46 45 36 0.0 0.0 1987.0 0.0 12778.0 32.0 27604.0 0.08337303477846593
46 45 37 0.0 0.0 1720.0 0.0 13791.0 46.0 18783.0 0.07995887829116453
46 45 38 0.0 0.0 2013.0 0.0 12536.0 60.0 29008.0 0.08460236886632824
46 45 39 0.0 0.0 1793.0 0.0 13481.0 44.0 21554.0 0.08102320736153712
46 45 40 0.0 0.0 1888.0 0.0 12954.0 57.0 25123.0 0.08321445553970516
46 45 41 0.0 0.0 2176.0 0.0 12402.0 53.0 32209.0 0.08446455505279034
46 45 42 0.0 0.0 1614.0 0.0 12880.0 48.0 21634.0 0.08489479109817476
46 45 43 0.0 0.0 1602.0 0.0 13028.0 45.0 22200.0 0.08425106818318588
46 45 44 0.0 0.0 1632.0 0.0 12295.0 52.0 25392.0 0.08798944126704794
46 45 45 0.0 0.0 1432.0 0.0 12861.0 42.0 19538.0 0.08584743684081432
46 45 46 0.0 0.0 977.0 0.0 12618.0 31.0 8228.0 0.08978387738087602
46 45 47 0.0 0.0 325.0 0.0 6825.0 18.0 774.0 0.15320639089516305
46 45 48 0.0 0.0 387.0 0.0 8091.0 27.0 1236.0 0.13386880856760372
46 45 49 0.0 0.0 24.0 0.0 734.0 4.0 3.0 0.5083514887436454
46 45 50 0.0 0.0 0.0 0.0 6.0 0.0 0.0 0.6979062811565303
46 46 29 0.0 0.0 0.0 0.0 2.0 0.0 0.0 0.6993006993006992
46 46 30 0.0 0.0 0.0 0.0 7.0 0.0 0.0 0.6975585450921773
46 46 31 0.0 0.0 15.0 0.0 436.0 5.0 0.0 0.5728314238952537
46 46 32 0.0 0.0 301.0 0.0 6631.0 22.0 630.0 0.15703869882220975
46 46 33 0.0 0.0 501.0 0.0 9186.0 18.0 1631.0 0.1198630136986301
46 46 34 0.0 0.0 1272.0 0.0 12932.0 32.0 15844.0 0.08637176877043617
46 46 35 0.0 0.0 736.0 0.0 11470.0 28.0 4636.0 0.0985637848493382
46 46 36 0.0 0.0 907.0 0.0 12384.0 31.0 8004.0 0.09162303664921465
46 46 37 0.0 0.0 811.0 0.0 12165.0 42.0 6062.0 0.09357663257803622
46 46 38 0.0 0.0 885.0 0.0 12433.0 38.0 7249.0 0.09151523074911752
46 46 39 0.0 0.0 1181.0 0.0 12997.0 39.0 12352.0 0.08659079663532904
46 46 40 0.0 0.0 1578.0 0.0 12581.0 32.0 22328.0 0.08652122860144612
46 46 41 0.0 0.0 1346.0 0.0 12857.0 37.0 16862.0 0.08638242734620842
46 46 42 0.0 0.0 824.0 0.0 12221.0 35.0 5976.0 0.09316563518999134
46 46 43 0.0 0.0 920.0 0.0 12476.0 26.0 8062.0 0.09095043201455205
46 46 44 0.0 0.0 580.0 0.0 10380.0 21.0 3034.0 0.10815822002472186
46 46 45 0.0 0.0 258.0 0.0 5450.0 16.0 330.0 0.18193632228719944
46 46 46 0.0 0.0 373.0 0.0 7957.0 24.0 1211.0 0.1357246728065923
46 46 47 0.0 0.0 355.0 0.0 7550.0 21.0 996.0 0.14154281670205235
46 46 48 0.0 0.0 26.0 0.0 1048.0 8.0 9.0 0.45662100456621
46 46 49 0.0 0.0 69.0 0.0 1596.0 9.0 9.0 0.3829321663019693
46 46 50 0.0 0.0 0.0 0.0 7.0 0.0 0.0 0.6975585450921773
46 47 29 0.0 0.0 0.0 0.0 1.0 0.0 0.0 0.6996501749125437
46 47 31 0.0 0.0 0.0 0.0 42.0 0.0 0.0 0.6856023506366307
46 47 32 0.0 0.0 225.0 0.0 4556.0 18.0 185.0 0.2070699600650791
46 47 33 0.0 0.0 173.0 0.0 4316.0 11.0 192.0 0.21604938271604934
46 47 34 0.0 0.0 808.0 0.0 11889.0 29.0 7621.0 0.09529643999727723
46 47 35 0.0 0.0 541.0 0.0 10054.0 23.0 2584.0 0.1112523839796567
46 47 36 0.0 0.0 860.0 0.0 12350.0 33.0 7009.0 0.09209314563873174
46 47 37 0.0 0.0 677.0 0.0 11097.0 37.0 3530.0 0.10180337405468294
46 47 38 0.0 0.0 655.0 0.0 11065.0 23.0 4440.0 0.10213014298220016
46 47 39 0.0 0.0 1330.0 0.0 12743.0 31.0 18101.0 0.08710259441299073
46 47 40 0.0 0.0 765.0 0.0 11946.0 27.0 7550.0 0.09515394549038264
46 47 41 0.0 0.0 906.0 0.0 12300.0 26.0 8244.0 0.0920507594187652
46 47 42 0.0 0.0 178.0 0.0 4867.0 18.0 312.0 0.19928825622775795
46 47 43 0.0 0.0 437.0 0.0 8209.0 27.0 1245.0 0.13176470588235292
46 47 44 0.0 0.0 245.0 0.0 5427.0 18.0 378.0 0.1827676240208877
46 47 45 0.0 0.0 19.0 0.0 728.0 5.0 1.0 0.5105762217359591
46 47 46 0.0 0.0 41.0 0.0 776.0 12.0 1.0 0.499108734402852
46 47 47 0.0 0.0 1.0 0.0 57.0 0.0 0.0 0.6802721088435373
46 47 48 0.0 0.0 0.0 0.0 35.0 0.0 0.0 0.6879606879606879
46 47 49 0.0 0.0 0.0 0.0 1.0 0.0 0.0 0.6996501749125437
46 48 31 0.0 0.0 0.0 0.0 8.0 0.0 0.0 0.697211155378486
46 48 32 0.0 0.0 3.0 0.0 42.0 1.0 0.0 0.684931506849315
46 48 33 0.0 0.0 220.0 0.0 5007.0 18.0 299.0 0.1941209095951192
46 48 34 0.0 0.0 106.0 0.0 2856.0 6.0 60.0 0.28231498285944745
46 48 35 0.0 0.0 154.0 0.0 3293.0 20.0 104.0 0.2579694121982679
46 48 36 0.0 0.0 309.0 0.0 6915.0 24.0 770.0 0.15214083894805475
46 48 37 0.0 0.0 425.0 0.0 8628.0 23.0 1537.0 0.12686905301313997
46 48 38 0.0 0.0 810.0 0.0 12011.0 38.0 8110.0 0.09452434001755451
46 48 39 0.0 0.0 479.0 0.0 9439.0 19.0 2320.0 0.11752854264607117
46 48 40 0.0 0.0 472.0 0.0 9911.0 24.0 3391.0 0.11317704122877928
46 48 41 0.0 0.0 243.0 0.0 5195.0 16.0 288.0 0.18855218855218855
46 48 42 0.0 0.0 536.0 0.0 9331.0 35.0 1998.0 0.11824324324324322
46 48 43 0.0 0.0 355.0 0.0 6871.0 26.0 675.0 0.15205821657434557
46 48 44 0.0 0.0 14.0 0.0 393.0 3.0 1.0 0.5823627287853577
46 48 45 0.0 0.0 0.0 0.0 17.0 0.0 0.0 0.694100148735746
46 48 46 0.0 0.0 0.0 0.0 4.0 0.0 0.0 0.6986027944111775
46 48 47 0.0 0.0 0.0 0.0 2.0 0.0 0.0 0.6993006993006992
46 49 32 0.0 0.0 0.0 0.0 3.0 0.0 0.0 0.6989515726410384
46 49 33 0.0 0.0 4.0 0.0 63.0 0.0 0.0 0.6773101112723753
46 49 34 0.0 0.0 20.0 0.0 386.0 3.0 0.0 0.5826050769870994
46 49 35 0.0 0.0 3.0 0.0 87.0 2.0 0.0 0.6704980842911876
46 49 36 0.0 0.0 0.0 0.0 104.0 0.0 0.0 0.6653992395437262
46 49 37 0.0 0.0 181.0 0.0 3824.0 22.0 115.0 0.2339963229149256
46 49 38 0.0 0.0 259.0 0.0 6019.0 18.0 556.0 0.1693480101608806
46 49 39 0.0 0.0 215.0 0.0 4483.0 23.0 210.0 0.20964360587002093
46 49 40 0.0 0.0 6.0 0.0 314.0 1.0 1.0 0.6037084950409658
46 49 41 0.0 0.0 34.0 0.0 1035.0 14.0 11.0 0.4582651391162029
46 49 42 0.0 0.0 147.0 0.0 3157.0 15.0 79.0 0.2646502835538752
46 49 43 0.0 0.0 4.0 0.0 153.0 1.0 0.0 0.6493506493506492
46 49 44 0.0 0.0 100.0 0.0 2115.0 17.0 29.0 0.333412717313646
46 49 45 0.0 0.0 0.0 0.0 17.0 0.0 0.0 0.694100148735746
46 50 34 0.0 0.0 0.0 0.0 1.0 0.0 0.0 0.6996501749125437
46 50 36 0.0 0.0 0.0 0.0 11.0 0.0 0.0 0.6961710591745399
46 50 37 0.0 0.0 4.0 0.0 95.0 1.0 0.0 0.6673021925643469
46 50 38 0.0 0.0 3.0 0.0 49.0 0.0 0.0 0.6822612085769979
46 50 39 0.0 0.0 0.0 0.0 25.0 0.0 0.0 0.6913580246913579
46 50 40 0.0 0.0 0.0 0.0 3.0 0.0 0.0 0.6989515726410384
46 50 41 0.0 0.0 1.0 0.0 35.0 0.0 0.0 0.6876227897838899
46 50 42 0.0 0.0 0.0 0.0 6.0 0.0 0.0 0.6979062811565303
46 50 43 0.0 0.0 20.0 0.0 498.0 5.0 0.0 0.5571030640668523
46 50 44 0.0 0.0 0.0 0.0 10.0 0.0 0.0 0.6965174129353233
46 50 45 0.0 0.0 0.0 0.0 5.0 0.0 0.0 0.6982543640897755
47 29 38 0.0 0.0 0.0 0.0 1.0 0.0 0.0 0.6996501749125437
47 29 41 0.0 0.0 0.0 0.0 1.0 0.0 0.0 0.6996501749125437
47 29 42 0.0 0.0 0.0 0.0 1.0 0.0 0.0 0.6996501749125437
47 29 44 0.0 0.0 0.0 0.0 2.0 0.0 0.0 0.6993006993006992
47 30 36 0.0 0.0 0.0 0.0 1.0 0.0 0.0 0.6996501749125437
47 30 37 0.0 0.0 1.0 0.0 8.0 1.0 0.0 0.697211155378486
47 30 38 0.0 0.0 1.0 0.0 21.0 0.0 0.0 0.6927263730826323
47 30 39 0.0 0.0 0.0 0.0 29.0 0.0 0.0 0.6899950714637751
47 30 40 0.0 0.0 16.0 0.0 345.0 6.0 2.0 0.5944798301486198
47 30 41 0.0 0.0 0.0 0.0 67.0 0.0 0.0 0.6776379477250725
47 30 42 0.0 0.0 124.0 0.0 2503.0 18.0 44.0 0.30375352571056624
47 30 43 0.0 0.0 10.0 0.0 240.0 3.0 0.0 0.6230529595015576
47 30 44 0.0 0.0 0.0 0.0 7.0 0.0 0.0 0.6975585450921773
47 30 45 0.0 0.0 0.0 0.0 2.0 0.0 0.0 0.6993006993006992
47 30 46 0.0 0.0 0.0 0.0 1.0 0.0 0.0 0.6996501749125437
47 30 47 0.0 0.0 0.0 0.0 1.0 0.0 0.0 0.6996501749125437
47 31 35 0.0 0.0 4.0 0.0 59.0 1.0 0.0 0.6789524733268669
47 31 36 0.0 0.0 61.0 0.0 1884.0 10.0 23.0 0.3557814485387547
47 31 37 0.0 0.0 64.0 0.0 1756.0 10.0 14.0 0.36745406824146976
47 31 38 0.0 0.0 218.0 0.0 4009.0 18.0 106.0 0.2254428341384863
47 31 39 0.0 0.0 198.0 0.0 4751.0 15.0 239.0 0.20184544405997693
47 31 40 0.0 0.0 155.0 0.0 3686.0 16.0 137.0 0.24030209406110536
47 31 41 0.0 0.0 126.0 0.0 2638.0 16.0 51.0 0.2947989050326384
47 31 42 0.0 0.0 215.0 0.0 5351.0 12.0 349.0 0.18525870054254331
47 31 43 0.0 0.0 140.0 0.0 3430.0 11.0 111.0 0.25166277188567315
47 31 44 0.0 0.0 65.0 0.0 1548.0 8.0 10.0 0.3882418191902384
47 31 45 0.0 0.0 2.0 0.0 39.0 0.0 0.0 0.6859382655560998
47 31 46 0.0 0.0 20.0 0.0 381.0 4.0 0.0 0.5840634125990821
47 31 47 0.0 0.0 0.0 0.0 2.0 0.0 0.0 0.6993006993006992
47 31 48 0.0 0.0 0.0 0.0 1.0 0.0 0.0 0.6996501749125437
47 32 32 0.0 0.0 0.0 0.0 1.0 0.0 0.0 0.6996501749125437
47 32 33 0.0 0.0 0.0 0.0 5.0 0.0 0.0 0.6982543640897755
47 32 34 0.0 0.0 0.0 0.0 5.0 0.0 0.0 0.6982543640897755
47 32 35 0.0 0.0 22.0 0.0 519.0 4.0 1.0 0.5518328734726053
47 32 36 0.0 0.0 466.0 0.0 9054.0 29.0 1746.0 0.12174971736672752
47 32 37 0.0 0.0 462.0 0.0 9278.0 26.0 1990.0 0.11941316956670076
47 32 38 0.0 0.0 383.0 0.0 7894.0 21.0 1205.0 0.13634592910011684
47 32 39 0.0 0.0 1235.0 0.0 12829.0 34.0 14312.0 0.08708633988554366
47 32 40 0.0 0.0 416.0 0.0 8579.0 22.0 1612.0 0.12753940056481733
47 32 41 0.0 0.0 588.0 0.0 10569.0 26.0 3433.0 0.10655301012253594
47 32 42 0.0 0.0 438.0 0.0 8650.0 24.0 1536.0 0.12649078424286228
47 32 43 0.0 0.0 756.0 0.0 11698.0 29.0 5257.0 0.09690593202741052
47 32 44 0.0 0.0 156.0 0.0 4033.0 16.0 154.0 0.22683084899546338
47 32 45 0.0 0.0 188.0 0.0 4529.0 28.0 201.0 0.2092675635276532
47 32 46 0.0 0.0 45.0 0.0 1192.0 15.0 8.0 0.4345127250155182
47 32 47 0.0 0.0 1.0 0.0 37.0 1.0 0.0 0.6876227897838899
47 32 48 0.0 0.0 0.0 0.0 2.0 0.0 0.0 0.6993006993006992
47 33 32 0.0 0.0 9.0 0.0 214.0 1.0 0.0 0.63006300630063
47 33 33 0.0 0.0 0.0 0.0 46.0 0.0 0.0 0.6842619745845552
47 33 34 0.0 0.0 18.0 0.0 386.0 2.0 1.0 0.5828476269775186
47 33 35 0.0 0.0 143.0 0.0 3306.0 13.0 71.0 0.257494942063638
47 33 36 0.0 0.0 151.0 0.0 3629.0 16.0 132.0 0.24292903001908725
47 33 37 0.0 0.0 856.0 0.0 12223.0 32.0 6997.0 0.09294297284737435
47 33 38 0.0 0.0 1122.0 0.0 12857.0 36.0 12835.0 0.08766986035443672
47 33 39 0.0 0.0 658.0 0.0 11077.0 36.0 3942.0 0.1020780167699599
47 33 40 0.0 0.0 902.0 0.0 12510.0 33.0 7783.0 0.09084420219323859
47 33 41 0.0 0.0 867.0 0.0 12169.0 27.0 7947.0 0.09316563518999134
47 33 42 0.0 0.0 1775.0 0.0 12169.0 39.0 27384.0 0.08782385044852893
47 33 43 0.0 0.0 1017.0 0.0 12588.0 31.0 10457.0 0.08968609865470852
47 33 44 0.0 0.0 262.0 0.0 6326.0 24.0 611.0 0.16347501167678652
47 33 45 0.0 0.0 495.0 0.0 9423.0 22.0 2370.0 0.11754827875734675
47 33 46 0.0 0.0 403.0 0.0 7746.0 24.0 1109.0 0.13821700069108497
47 33 47 0.0 0.0 79.0 0.0 1791.0 11.0 20.0 0.36278828712101574
47 33 48 0.0 0.0 27.0 0.0 597.0 6.0 1.0 0.53475935828877
47 33 49 0.0 0.0 0.0 0.0 11.0 0.0 0.0 0.6961710591745399
47 34 30 0.0 0.0 0.0 0.0 4.0 0.0 0.0 0.6986027944111775
47 34 31 0.0 0.0 0.0 0.0 16.0 0.0 0.0 0.6944444444444444
47 34 32 0.0 0.0 17.0 0.0 591.0 8.0 0.0 0.5384615384615384
47 34 33 0.0 0.0 72.0 0.0 1604.0 12.0 16.0 0.3820960698689955
47 34 34 0.0 0.0 279.0 0.0 6362.0 23.0 539.0 0.1623564884610924
47 34 35 0.0 0.0 345.0 0.0 7052.0 13.0 735.0 0.1490947816826411
47 34 36 0.0 0.0 612.0 0.0 10791.0 29.0 3908.0 0.10454783063251437
47 34 37 0.0 0.0 1118.0 0.0 12674.0 34.0 13229.0 0.08860198721599898
47 34 38 0.0 0.0 1047.0 0.0 12780.0 26.0 9712.0 0.08842849924204144
47 34 39 0.0 0.0 1951.0 0.0 12510.0 50.0 29631.0 0.08501335924216662
47 34 40 0.0 0.0 1554.0 0.0 13193.0 45.0 19461.0 0.08359207069500835
47 34 41 0.0 0.0 2270.0 0.0 12002.0 57.0 36424.0 0.08603736479842673
47 34 42 0.0 0.0 1486.0 0.0 13091.0 47.0 18242.0 0.08445945945945946
47 34 43 0.0 0.0 1432.0 0.0 13153.0 43.0 17842.0 0.08445945945945946
47 34 44 0.0 0.0 1325.0 0.0 13224.0 39.0 14298.0 0.08466376390904692
47 34 45 0.0 0.0 639.0 0.0 10964.0 25.0 4508.0 0.10297146219476316
47 34 46 0.0 0.0 651.0 0.0 10799.0 22.0 3566.0 0.1041511679809552
47 34 47 0.0 0.0 127.0 0.0 2641.0 16.0 49.0 0.29461279461279455
47 34 48 0.0 0.0 207.0 0.0 4687.0 22.0 290.0 0.20363636363636362
47 34 49 0.0 0.0 3.0 0.0 97.0 1.0 0.0 0.6673021925643469
47 34 50 0.0 0.0 0.0 0.0 3.0 0.0 0.0 0.6989515726410384
47 35 30 0.0 0.0 0.0 0.0 4.0 0.0 0.0 0.6986027944111775
47 35 31 0.0 0.0 6.0 0.0 321.0 4.0 1.0 0.6026689625484287
47 35 32 0.0 0.0 494.0 0.0 9785.0 22.0 2772.0 0.11412733349637239
47 35 33 0.0 0.0 646.0 0.0 11046.0 27.0 3798.0 0.1023167434042242
47 35 34 0.0 0.0 562.0 0.0 9978.0 34.0 2677.0 0.11189258312020459
47 35 35 0.0 0.0 398.0 0.0 7810.0 28.0 1064.0 0.13737611618094395
47 35 36 0.0 0.0 1000.0 0.0 12864.0 37.0 8728.0 0.08834479712248375
47 35 37 0.0 0.0 1879.0 0.0 11649.0 45.0 32612.0 0.0901539055959817
47 35 38 0.0 0.0 1384.0 0.0 13737.0 39.0 12681.0 0.08179003330022784
47 35 39 0.0 0.0 2399.0 0.0 12348.0 64.0 36194.0 0.08360205422190373
47 35 40 0.0 0.0 2674.0 0.0 11128.0 67.0 46531.0 0.08850676444556832
47 35 41 0.0 0.0 3161.0 0.0 10624.0 77.0 55947.0 0.08869741510390268
47 35 42 0.0 0.0 2686.0 0.0 11448.0 81.0 45672.0 0.0868540232024319
47 35 43 0.0 0.0 2070.0 0.0 12281.0 45.0 31595.0 0.08560073372057474
47 35 44 0.0 0.0 1982.0 0.0 12243.0 52.0 30524.0 0.08629191321499012
47 35 45 0.0 0.0 1346.0 0.0 12858.0 41.0 17799.0 0.0864410965670536
47 35 46 0.0 0.0 600.0 0.0 10325.0 28.0 2713.0 0.10845146796808428
47 35 47 0.0 0.0 404.0 0.0 8413.0 24.0 1513.0 0.12958163643095147
47 35 48 0.0 0.0 224.0 0.0 5115.0 17.0 311.0 0.19120458891013384
47 35 49 0.0 0.0 49.0 0.0 1024.0 12.0 10.0 0.4573668735707284
47 35 50 0.0 0.0 0.0 0.0 13.0 0.0 0.0 0.695479384003974
47 36 29 0.0 0.0 0.0 0.0 2.0 0.0 0.0 0.6993006993006992
47 36 30 0.0 0.0 0.0 0.0 20.0 0.0 0.0 0.6930693069306929
47 36 31 0.0 0.0 144.0 0.0 3607.0 17.0 124.0 0.24415765608650153
47 36 32 0.0 0.0 631.0 0.0 11237.0 35.0 4441.0 0.1010319694017464
47 36 33 0.0 0.0 1066.0 0.0 12548.0 35.0 12738.0 0.08969759097898512
47 36 34 0.0 0.0 969.0 0.0 12578.0 19.0 8755.0 0.09000900090009
47 36 35 0.0 0.0 1333.0 0.0 12690.0 38.0 17962.0 0.08738530678484488
47 36 36 0.0 0.0 1454.0 0.0 13188.0 28.0 17856.0 0.08407398510689405
47 36 37 0.0 0.0 1850.0 0.0 12374.0 70.0 28511.0 0.08641441886303314
47 36 38 0.0 0.0 2930.0 0.0 10280.0 61.0 55903.0 0.09200236577511992
47 36 39 0.0 0.0 3190.0 0.0 10589.0 60.0 57913.0 0.08865248226950354
47 36 40 0.0 0.0 3411.0 0.0 10291.0 76.0 61309.0 0.08918333545674607
47 36 41 0.0 0.0 3389.0 0.0 10380.0 68.0 60437.0 0.08866371120962634
47 36 42 0.0 0.0 2356.0 0.0 12668.0 55.0 33285.0 0.08224650452355774
47 36 43 0.0 0.0 2658.0 0.0 12048.0 58.0 41161.0 0.08377715277362216
47 36 44 0.0 0.0 1972.0 0.0 13376.0 38.0 25273.0 0.08068234209313047
47 36 45 0.0 0.0 1717.0 0.0 12941.0 37.0 23030.0 0.08393285371702637
47 36 46 0.0 0.0 974.0 0.0 12672.0 26.0 10394.0 0.08947973923047424
47 36 47 0.0 0.0 1359.0 0.0 12095.0 39.0 21824.0 0.09053285049146403
47 36 48 0.0 0.0 565.0 0.0 10502.0 23.0 3851.0 0.1072221796737382
47 36 49 0.0 0.0 439.0 0.0 8115.0 22.0 1129.0 0.13275175421960933
47 36 50 0.0 0.0 10.0 0.0 275.0 2.0 1.0 0.6132282084975909
47 37 29 0.0 0.0 0.0 0.0 1.0 0.0 0.0 0.6996501749125437
47 37 30 0.0 0.0 8.0 0.0 159.0 1.0 0.0 0.6469500924214416
47 37 31 0.0 0.0 100.0 0.0 2194.0 28.0 27.0 0.32825322391559203
47 37 32 0.0 0.0 894.0 0.0 12294.0 32.0 7368.0 0.09225092250922508
47 37 33 0.0 0.0 2102.0 0.0 12103.0 41.0 33409.0 0.08634513383495744
47 37 34 0.0 0.0 2319.0 0.0 10777.0 68.0 43671.0 0.0928012727031685
47 37 35 0.0 0.0 2086.0 0.0 11291.0 60.0 37077.0 0.09108653220559532
47 37 36 0.0 0.0 1625.0 0.0 13560.0 44.0 17849.0 0.08142375247179248
47 37 37 0.0 0.0 2072.0 0.0 12919.0 64.0 27761.0 0.08244994110718491
47 37 38 0.0 0.0 3010.0 0.0 10898.0 72.0 52644.0 0.08795627316705408
47 37 39 0.0 0.0 3146.0 0.0 11554.0 58.0 48676.0 0.08376712738586728
47 37 40 0.0 0.0 3609.0 0.0 10020.0 84.0 65772.0 0.08957133717210491
47 37 41 0.0 0.0 3133.0 0.0 11670.0 61.0 49072.0 0.08334821694350181
47 37 42 0.0 0.0 3042.0 0.0 12138.0 79.0 44767.0 0.08149010477299184
47 37 43 0.0 0.0 2864.0 0.0 12168.0 58.0 43620.0 0.08216444627032102
47 37 44 0.0 0.0 2557.0 0.0 12105.0 73.0 39551.0 0.08405884118883218
47 37 45 0.0 0.0 2076.0 0.0 12466.0 55.0 31229.0 0.08465864425228276
47 37 46 0.0 0.0 1594.0 0.0 12982.0 52.0 21152.0 0.08440853732063185
47 37 47 0.0 0.0 1175.0 0.0 12741.0 45.0 14261.0 0.08801156723455082
47 37 48 0.0 0.0 564.0 0.0 10316.0 21.0 3160.0 0.10875475802066338
47 37 49 0.0 0.0 90.0 0.0 2594.0 18.0 66.0 0.2999785729590743
47 37 50 0.0 0.0 57.0 0.0 1362.0 8.0 12.0 0.41043682204632065
47 37 51 0.0 0.0 0.0 0.0 1.0 0.0 0.0 0.6996501749125437
47 38 29 0.0 0.0 0.0 0.0 4.0 0.0 0.0 0.6986027944111775
47 38 30 0.0 0.0 29.0 0.0 603.0 6.0 1.0 0.5331302361005331
47 38 31 0.0 0.0 129.0 0.0 3166.0 19.0 82.0 0.26530225506916805
47 38 32 0.0 0.0 1253.0 0.0 13079.0 37.0 14550.0 0.0857685474483857
47 38 33 0.0 0.0 1212.0 0.0 13027.0 37.0 13099.0 0.08616975441619991
47 38 34 0.0 0.0 1947.0 0.0 13198.0 46.0 25468.0 0.08166122258516098
47 38 35 0.0 0.0 2617.0 0.0 11766.0 65.0 42137.0 0.08545443447476041
47 38 36 0.0 0.0 2796.0 0.0 11202.0 56.0 48886.0 0.08731990270067984
47 38 37 0.0 0.0 2791.0 0.0 11286.0 54.0 47049.0 0.08708092305778439
47 38 38 0.0 0.0 2898.0 0.0 11005.0 77.0 50290.0 0.08800050286001633
47 38 39 0.0 0.0 3102.0 0.0 11827.0 79.0 47272.0 0.08279614406529066
47 38 40 0.0 0.0 2843.0 0.0 12519.0 62.0 39171.0 0.08066839527513683
47 38 41 0.0 0.0 3327.0 0.0 10947.0 63.0 55931.0 0.08596340415080436
47 38 42 0.0 0.0 3390.0 0.0 11127.0 62.0 54831.0 0.08466888418506198
47 38 43 0.0 0.0 2980.0 0.0 11696.0 66.0 47177.0 0.08390770152831883
47 38 44 0.0 0.0 3413.0 0.0 10109.0 61.0 62445.0 0.09017132551848511
47 38 45 0.0 0.0 2649.0 0.0 11966.0 67.0 40991.0 0.08430687703239792
47 38 46 0.0 0.0 1813.0 0.0 12954.0 47.0 24933.0 0.08351228823669767
47 38 47 0.0 0.0 1188.0 0.0 13147.0 39.0 12437.0 0.08574228319451248
47 38 48 0.0 0.0 380.0 0.0 7807.0 20.0 1032.0 0.1376191880467905
47 38 49 0.0 0.0 688.0 0.0 11152.0 30.0 4658.0 0.10127314814814813
47 38 50 0.0 0.0 3.0 0.0 170.0 2.0 0.0 0.64486411791801
47 38 51 0.0 0.0 0.0 0.0 3.0 0.0 0.0 0.6989515726410384
47 39 29 0.0 0.0 0.0 0.0 12.0 0.0 0.0 0.6958250497017892
47 39 30 0.0 0.0 14.0 0.0 407.0 5.0 0.0 0.5797101449275361
47 39 31 0.0 0.0 740.0 0.0 11694.0 26.0 5339.0 0.09699321047526673
47 39 32 0.0 0.0 1126.0 0.0 12907.0 43.0 12764.0 0.08740712992445525
47 39 33 0.0 0.0 1533.0 0.0 13131.0 40.0 19727.0 0.08405884118883218
47 39 34 0.0 0.0 2327.0 0.0 12363.0 53.0 34404.0 0.08387251377905583
47 39 35 0.0 0.0 2775.0 0.0 11085.0 70.0 47723.0 0.08831693161746151
47 39 36 0.0 0.0 2354.0 0.0 12587.0 69.0 33383.0 0.08272276057669581
47 39 37 0.0 0.0 2863.0 0.0 11778.0 57.0 45063.0 0.08409923709977772
47 39 38 0.0 0.0 3354.0 0.0 10381.0 74.0 60993.0 0.08893406174564857
47 39 39 0.0 0.0 3037.0 0.0 11514.0 78.0 47274.0 0.0846279393096778
47 39 40 0.0 0.0 2975.0 0.0 12290.0 56.0 43098.0 0.08108421174562723
47 39 41 0.0 0.0 3302.0 0.0 10980.0 58.0 55648.0 0.08591592513040809
47 39 42 0.0 0.0 3281.0 0.0 11549.0 91.0 50262.0 0.08332341387930008
47 39 43 0.0 0.0 3407.0 0.0 11329.0 66.0 52771.0 0.08361703398435165
47 39 44 0.0 0.0 3309.0 0.0 10811.0 51.0 55663.0 0.08675714197186588
47 39 45 0.0 0.0 3228.0 0.0 10630.0 70.0 57612.0 0.0882779494293461
47 39 46 0.0 0.0 2758.0 0.0 11571.0 58.0 44916.0 0.08580534444716842
47 39 47 0.0 0.0 1606.0 0.0 13148.0 49.0 20180.0 0.08365200764818355
47 39 48 0.0 0.0 1537.0 0.0 12246.0 49.0 24213.0 0.08869741510390268
47 39 49 0.0 0.0 374.0 0.0 8066.0 23.0 1265.0 0.1343441128490548
47 39 50 0.0 0.0 113.0 0.0 2546.0 17.0 39.0 0.3015941404566997
47 39 51 0.0 0.0 1.0 0.0 10.0 0.0 0.0 0.6961710591745399
47 40 29 0.0 0.0 0.0 0.0 13.0 0.0 0.0 0.695479384003974
47 40 30 0.0 0.0 315.0 0.0 6104.0 25.0 415.0 0.16672621174228888
47 40 31 0.0 0.0 622.0 0.0 10477.0 24.0 3038.0 0.10699273977837218
47 40 32 0.0 0.0 1040.0 0.0 12663.0 34.0 10468.0 0.08918901700961966
47 40 33 0.0 0.0 2419.0 0.0 10778.0 69.0 45733.0 0.09212950776520136
47 40 34 0.0 0.0 2406.0 0.0 12348.0 43.0 36352.0 0.08345255126371005
47 40 35 0.0 0.0 2928.0 0.0 11462.0 60.0 48629.0 0.08536585365853656
47 40 36 0.0 0.0 3111.0 0.0 10665.0 59.0 56171.0 0.08870865543023697
47 40 37 0.0 0.0 2679.0 0.0 12280.0 67.0 40186.0 0.0825715128280743
47 40 38 0.0 0.0 2817.0 0.0 12051.0 55.0 42844.0 0.08299247139723752
47 40 39 0.0 0.0 3180.0 0.0 11095.0 73.0 52719.0 0.0860162202015237
47 40 40 0.0 0.0 3782.0 0.0 8556.0 83.0 80591.0 0.0977721907954466
47 40 41 0.0 0.0 3061.0 0.0 12454.0 63.0 43541.0 0.079945180447693
47 40 42 0.0 0.0 3401.0 0.0 11332.0 59.0 52892.0 0.08353221957040573
47 40 43 0.0 0.0 3451.0 0.0 11047.0 76.0 56763.0 0.08493599466116604
47 40 44 0.0 0.0 3533.0 0.0 9985.0 66.0 65261.0 0.0901248873438908
47 40 45 0.0 0.0 3146.0 0.0 10870.0 60.0 54622.0 0.08731990270067984
47 40 46 0.0 0.0 2568.0 0.0 12629.0 62.0 36952.0 0.08152806894945258
47 40 47 0.0 0.0 2470.0 0.0 11481.0 64.0 42723.0 0.08780732563973907
47 40 48 0.0 0.0 1254.0 0.0 12783.0 28.0 15266.0 0.08722741433021806
47 40 49 0.0 0.0 319.0 0.0 6767.0 26.0 694.0 0.15449128227764286
47 40 50 0.0 0.0 51.0 0.0 1107.0 14.0 0.0 0.4452926208651399
47 40 51 0.0 0.0 0.0 0.0 4.0 0.0 0.0 0.6986027944111775
47 41 29 0.0 0.0 0.0 0.0 4.0 0.0 0.0 0.6986027944111775
47 41 30 0.0 0.0 35.0 0.0 587.0 4.0 0.0 0.53475935828877
47 41 31 0.0 0.0 533.0 0.0 9551.0 25.0 2135.0 0.11601889450567662
47 41 32 0.0 0.0 1227.0 0.0 13067.0 39.0 14154.0 0.08587903324745429
47 41 33 0.0 0.0 1517.0 0.0 12799.0 43.0 20574.0 0.08580534444716842
47 41 34 0.0 0.0 2363.0 0.0 11911.0 62.0 38397.0 0.08597396217145663
47 41 35 0.0 0.0 3324.0 0.0 9794.0 74.0 65527.0 0.09266000397114302
47 41 36 0.0 0.0 2695.0 0.0 12631.0 51.0 37277.0 0.0807801050141365
47 41 37 0.0 0.0 2549.0 0.0 12671.0 54.0 35521.0 0.08125362739408008
47 41 38 0.0 0.0 2893.0 0.0 11640.0 48.0 45811.0 0.08460748171874055
47 41 39 0.0 0.0 2516.0 0.0 13019.0 65.0 33386.0 0.0798630918425556
47 41 40 0.0 0.0 2969.0 0.0 11964.0 71.0 44296.0 0.0826787928896238
47 41 41 0.0 0.0 3653.0 0.0 9998.0 68.0 65901.0 0.08942829766847651
47 41 42 0.0 0.0 3051.0 0.0 11898.0 51.0 45981.0 0.08246451080874123
47 41 43 0.0 0.0 3121.0 0.0 12080.0 74.0 44717.0 0.08143796172415797
47 41 44 0.0 0.0 3020.0 0.0 11213.0 66.0 50394.0 0.08626001232285889
47 41 45 0.0 0.0 2625.0 0.0 12207.0 57.0 38939.0 0.0831353919239905
47 41 46 0.0 0.0 2662.0 0.0 11439.0 67.0 44216.0 0.0869943453675511
47 41 47 0.0 0.0 2190.0 0.0 12232.0 68.0 33449.0 0.0853346336706083
47 41 48 0.0 0.0 883.0 0.0 12300.0 24.0 6965.0 0.0922387666359204
47 41 49 0.0 0.0 439.0 0.0 8313.0 17.0 1240.0 0.13039023935922509
47 41 50 0.0 0.0 76.0 0.0 1775.0 6.0 16.0 0.3640145605824232
47 41 51 0.0 0.0 0.0 0.0 3.0 0.0 0.0 0.6989515726410384
47 42 29 0.0 0.0 0.0 0.0 2.0 0.0 0.0 0.6993006993006992
47 42 30 0.0 0.0 6.0 0.0 144.0 0.0 0.0 0.6514657980456026
47 42 31 0.0 0.0 201.0 0.0 4602.0 20.0 236.0 0.20639834881320948
47 42 32 0.0 0.0 699.0 0.0 11162.0 29.0 4291.0 0.10111223458038421
47 42 33 0.0 0.0 1126.0 0.0 12882.0 34.0 11717.0 0.08742896396677699
47 42 34 0.0 0.0 1494.0 0.0 13619.0 39.0 16489.0 0.08180437069066261
47 42 35 0.0 0.0 2090.0 0.0 13245.0 54.0 26623.0 0.08081274532440544
47 42 36 0.0 0.0 2846.0 0.0 11512.0 67.0 46305.0 0.08556934172727827
47 42 37 0.0 0.0 2762.0 0.0 11997.0 62.0 42647.0 0.08352723584511663
47 42 38 0.0 0.0 3019.0 0.0 11221.0 78.0 50936.0 0.08624407072013798
47 42 39 0.0 0.0 2933.0 0.0 11650.0 60.0 46599.0 0.08438309927068892
47 42 40 0.0 0.0 3238.0 0.0 10345.0 77.0 58931.0 0.08981843844229165
47 42 41 0.0 0.0 2726.0 0.0 12028.0 58.0 42388.0 0.08361204013377925
47 42 42 0.0 0.0 2774.0 0.0 12277.0 60.0 39884.0 0.08216926869350862
47 42 43 0.0 0.0 3139.0 0.0 11172.0 66.0 53124.0 0.08580534444716842
47 42 44 0.0 0.0 2601.0 0.0 11515.0 61.0 44558.0 0.08691873098652758
47 42 45 0.0 0.0 2072.0 0.0 12962.0 43.0 27981.0 0.08219821512447158
47 42 46 0.0 0.0 1692.0 0.0 13432.0 52.0 19647.0 0.08182349503214494
47 42 47 0.0 0.0 927.0 0.0 12460.0 31.0 8736.0 0.09101547263034715
47 42 48 0.0 0.0 926.0 0.0 12220.0 40.0 10201.0 0.0925252792280748
47 42 49 0.0 0.0 282.0 0.0 5652.0 25.0 353.0 0.17694641051567234
47 42 50 0.0 0.0 4.0 0.0 92.0 3.0 0.0 0.668896321070234
47 42 51 0.0 0.0 0.0 0.0 3.0 0.0 0.0 0.6993006993006992
47 43 30 0.0 0.0 17.0 0.0 438.0 5.0 0.0 0.5714285714285713
47 43 31 0.0 0.0 124.0 0.0 2776.0 12.0 60.0 0.2864157119476268
47 43 32 0.0 0.0 476.0 0.0 9463.0 23.0 2369.0 0.11732171289700828
47 43 33 0.0 0.0 1740.0 0.0 11846.0 58.0 28736.0 0.0898703299524971
47 43 34 0.0 0.0 1655.0 0.0 13251.0 50.0 20087.0 0.08286965786669823
47 43 35 0.0 0.0 2068.0 0.0 12854.0 48.0 28065.0 0.0826104915324246
47 43 36 0.0 0.0 2476.0 0.0 12270.0 57.0 37624.0 0.08357709987463434
47 43 37 0.0 0.0 2776.0 0.0 11508.0 64.0 45331.0 0.08609027179928666
47 43 38 0.0 0.0 3039.0 0.0 10385.0 73.0 55948.0 0.09066183136899364
47 43 39 0.0 0.0 2436.0 0.0 11860.0 58.0 38791.0 0.08588430157659038
47 43 40 0.0 0.0 2408.0 0.0 12032.0 55.0 38288.0 0.08506501397496657
47 43 41 0.0 0.0 2383.0 0.0 12116.0 47.0 37016.0 0.08478168715557438
47 43 42 0.0 0.0 1779.0 0.0 12785.0 53.0 25213.0 0.08465352521465715
47 43 43 0.0 0.0 2305.0 0.0 12277.0 57.0 35102.0 0.08444927011702255
47 43 44 0.0 0.0 1623.0 0.0 13216.0 38.0 20583.0 0.08308112278203073
47 43 45 0.0 0.0 1790.0 0.0 12221.0 45.0 28129.0 0.08741258741258741
47 43 46 0.0 0.0 1277.0 0.0 13051.0 30.0 14357.0 0.08570554025099479
47 43 47 0.0 0.0 849.0 0.0 12034.0 21.0 9382.0 0.09404178142003089
47 43 48 0.0 0.0 523.0 0.0 9537.0 23.0 1978.0 0.11616329239960171
47 43 49 0.0 0.0 390.0 0.0 8179.0 24.0 1349.0 0.13270142180094782
47 43 50 0.0 0.0 0.0 0.0 37.0 0.0 0.0 0.6872852233676975
47 44 30 0.0 0.0 4.0 0.0 86.0 0.0 0.0 0.6698564593301434
47 44 31 0.0 0.0 81.0 0.0 2268.0 11.0 29.0 0.3228037814157251
47 44 32 0.0 0.0 734.0 0.0 11716.0 21.0 5433.0 0.09695290858725761
47 44 33 0.0 0.0 2203.0 0.0 11734.0 45.0 36996.0 0.08784589320449268
47 44 34 0.0 0.0 2017.0 0.0 12425.0 54.0 30955.0 0.08512708257327009
47 44 35 0.0 0.0 2068.0 0.0 12458.0 52.0 30383.0 0.08478168715557438
47 44 36 0.0 0.0 2055.0 0.0 11818.0 50.0 33989.0 0.08823344047393962
47 44 37 0.0 0.0 2335.0 0.0 12072.0 51.0 36083.0 0.08527745629530364
47 44 38 0.0 0.0 1950.0 0.0 13062.0 44.0 26938.0 0.08224167303060564
47 44 39 0.0 0.0 1465.0 0.0 13539.0 50.0 16190.0 0.082382017182535
47 44 40 0.0 0.0 1443.0 0.0 13049.0 41.0 18175.0 0.08492053863884506
47 44 41 0.0 0.0 1672.0 0.0 12490.0 44.0 24279.0 0.08664438668151997
47 44 42 0.0 0.0 1673.0 0.0 12758.0 38.0 22754.0 0.08515297123046042
47 44 43 0.0 0.0 1261.0 0.0 13017.0 45.0 14572.0 0.08610086100861007
47 44 44 0.0 0.0 1729.0 0.0 12945.0 41.0 23414.0 0.08386246555648735
47 44 45 0.0 0.0 1513.0 0.0 12822.0 45.0 20838.0 0.08577905765578088
47 44 46 0.0 0.0 756.0 0.0 11771.0 27.0 6354.0 0.09644530173601543
47 44 47 0.0 0.0 698.0 0.0 11468.0 37.0 5026.0 0.09891196834817012
47 44 48 0.0 0.0 124.0 0.0 3736.0 11.0 158.0 0.2392344497607655
47 44 49 0.0 0.0 158.0 0.0 3796.0 18.0 138.0 0.23580933131211046
47 44 50 0.0 0.0 12.0 0.0 252.0 3.0 0.0 0.6191950464396283
47 45 30 0.0 0.0 3.0 0.0 64.0 1.0 0.0 0.6779661016949151
47 45 31 0.0 0.0 197.0 0.0 4220.0 20.0 148.0 0.21881838074398247
47 45 32 0.0 0.0 549.0 0.0 10139.0 14.0 3068.0 0.1103317834344708
47 45 33 0.0 0.0 1108.0 0.0 12895.0 36.0 11198.0 0.087527352297593
47 45 34 0.0 0.0 1012.0 0.0 12763.0 25.0 10113.0 0.08875364523900088
47 45 35 0.0 0.0 1006.0 0.0 12870.0 30.0 8210.0 0.08821676118462507
47 45 36 0.0 0.0 1261.0 0.0 12928.0 50.0 15172.0 0.08658008658008658
47 45 37 0.0 0.0 1539.0 0.0 12763.0 51.0 21094.0 0.08591592513040809
47 45 38 0.0 0.0 1185.0 0.0 12983.0 43.0 12596.0 0.08662830270404058
47 45 39 0.0 0.0 1719.0 0.0 12063.0 38.0 27850.0 0.08864686886595327
47 45 40 0.0 0.0 1328.0 0.0 12849.0 27.0 17018.0 0.08649450142098108
47 45 41 0.0 0.0 1306.0 0.0 13233.0 51.0 14478.0 0.08468937148387877
47 45 42 0.0 0.0 916.0 0.0 12431.0 37.0 8044.0 0.09130633274636403
47 45 43 0.0 0.0 1417.0 0.0 12984.0 47.0 18383.0 0.08541272649624793
47 45 44 0.0 0.0 633.0 0.0 11070.0 30.0 4675.0 0.10227936879018117
47 45 45 0.0 0.0 698.0 0.0 11488.0 36.0 4744.0 0.09884213499011577
47 45 46 0.0 0.0 416.0 0.0 8977.0 33.0 1758.0 0.12301203760653719
47 45 47 0.0 0.0 226.0 0.0 5543.0 17.0 407.0 0.180528691166989
47 45 48 0.0 0.0 55.0 0.0 1487.0 5.0 13.0 0.39581566299123544
47 45 49 0.0 0.0 278.0 0.0 6122.0 21.0 518.0 0.16702457647339533
47 45 50 0.0 0.0 7.0 0.0 184.0 2.0 1.0 0.639561443581544
47 46 30 0.0 0.0 0.0 0.0 1.0 0.0 0.0 0.6996501749125437
47 46 31 0.0 0.0 22.0 0.0 676.0 4.0 5.0 0.5196733481811432
47 46 32 0.0 0.0 198.0 0.0 4282.0 21.0 207.0 0.21671826625386995
47 46 33 0.0 0.0 519.0 0.0 9854.0 24.0 2911.0 0.11327777328262803
47 46 34 0.0 0.0 547.0 0.0 9503.0 28.0 1938.0 0.11635638297872339
47 46 35 0.0 0.0 427.0 0.0 8475.0 21.0 1314.0 0.12870012870012867
47 46 36 0.0 0.0 574.0 0.0 10402.0 22.0 3147.0 0.1079414032382421
47 46 37 0.0 0.0 1426.0 0.0 12456.0 35.0 20554.0 0.08813345923827509
47 46 38 0.0 0.0 662.0 0.0 10928.0 30.0 3361.0 0.10305483989694515
47 46 39 0.0 0.0 692.0 0.0 11114.0 27.0 4187.0 0.10147133434804667
47 46 40 0.0 0.0 1031.0 0.0 12798.0 33.0 9466.0 0.08850116947973954
47 46 41 0.0 0.0 547.0 0.0 10043.0 25.0 2798.0 0.1113143038880496
47 46 42 0.0 0.0 494.0 0.0 9893.0 19.0 2865.0 0.11309475725018175
47 46 43 0.0 0.0 695.0 0.0 11396.0 26.0 5268.0 0.09940357852882702
47 46 44 0.0 0.0 419.0 0.0 8548.0 18.0 1613.0 0.12772557248426236
47 46 45 0.0 0.0 273.0 0.0 6092.0 30.0 522.0 0.16790597265531298
47 46 46 0.0 0.0 98.0 0.0 2053.0 13.0 36.0 0.33840947546531297
47 46 47 0.0 0.0 21.0 0.0 379.0 4.0 0.0 0.5843071786310516
47 46 48 0.0 0.0 2.0 0.0 61.0 0.0 0.0 0.6786233640329616
47 46 49 0.0 0.0 0.0 0.0 14.0 1.0 0.0 0.695479384003974
47 46 50 0.0 0.0 0.0 0.0 3.0 0.0 0.0 0.6989515726410384
47 47 31 0.0 0.0 0.0 0.0 6.0 0.0 0.0 0.6979062811565303
47 47 32 0.0 0.0 1.0 0.0 109.0 0.0 0.0 0.6635071090047392
47 47 33 0.0 0.0 52.0 0.0 1584.0 8.0 17.0 0.3859939343810311
47 47 34 0.0 0.0 134.0 0.0 3180.0 12.0 101.0 0.26410111299754757
47 47 35 0.0 0.0 638.0 0.0 11004.0 31.0 4179.0 0.10271460014673513
47 47 36 0.0 0.0 136.0 0.0 3427.0 7.0 108.0 0.251889168765743
47 47 37 0.0 0.0 583.0 0.0 10070.0 28.0 2554.0 0.11079455523899967
47 47 38 0.0 0.0 525.0 0.0 9481.0 24.0 2071.0 0.11671529804085035
47 47 39 0.0 0.0 225.0 0.0 4979.0 18.0 293.0 0.19479615973285094
47 47 40 0.0 0.0 590.0 0.0 10235.0 31.0 2990.0 0.10930668332292316
47 47 41 0.0 0.0 359.0 0.0 7799.0 21.0 1219.0 0.13802622498274672
47 47 42 0.0 0.0 492.0 0.0 9449.0 18.0 2393.0 0.11730205278592375
47 47 43 0.0 0.0 243.0 0.0 5125.0 29.0 274.0 0.19073569482288827
47 47 44 0.0 0.0 66.0 0.0 1863.0 11.0 24.0 0.3573251659009698
47 47 45 0.0 0.0 50.0 0.0 1028.0 10.0 7.0 0.45647212259536996
47 47 46 0.0 0.0 0.0 0.0 31.0 0.0 0.0 0.6893156080748399
47 47 47 0.0 0.0 0.0 0.0 17.0 0.0 0.0 0.694100148735746
47 47 48 0.0 0.0 15.0 0.0 453.0 3.0 1.0 0.5679513184584178
47 47 49 0.0 0.0 0.0 0.0 5.0 0.0 0.0 0.6982543640897755
47 48 31 0.0 0.0 0.0 0.0 2.0 0.0 0.0 0.6993006993006992
47 48 32 0.0 0.0 0.0 0.0 10.0 0.0 0.0 0.6965174129353233
47 48 33 0.0 0.0 1.0 0.0 75.0 0.0 1.0 0.6746987951807227
47 48 34 0.0 0.0 349.0 0.0 6753.0 21.0 642.0 0.15410016510731972
47 48 35 0.0 0.0 10.0 0.0 359.0 2.0 0.0 0.5914659907055343
47 48 36 0.0 0.0 32.0 0.0 899.0 7.0 8.0 0.4787961696306429
47 48 37 0.0 0.0 429.0 0.0 9146.0 22.0 2105.0 0.12110726643598613
47 48 38 0.0 0.0 122.0 0.0 2729.0 12.0 47.0 0.28919644701507946
47 48 39 0.0 0.0 479.0 0.0 8950.0 18.0 1703.0 0.12259194395796845
47 48 40 0.0 0.0 82.0 0.0 2469.0 12.0 58.0 0.3083700440528634
47 48 41 0.0 0.0 186.0 0.0 4297.0 13.0 214.0 0.2164167568403153
47 48 42 0.0 0.0 16.0 0.0 379.0 3.0 1.0 0.5855290673358426
47 48 43 0.0 0.0 23.0 0.0 493.0 9.0 0.0 0.5584363781412045
47 48 44 0.0 0.0 0.0 0.0 30.0 0.0 0.0 0.689655172413793
47 48 45 0.0 0.0 0.0 0.0 7.0 0.0 0.0 0.6975585450921773
47 49 32 0.0 0.0 0.0 0.0 5.0 0.0 0.0 0.6982543640897755
47 49 33 0.0 0.0 0.0 0.0 7.0 0.0 0.0 0.6975585450921773
47 49 34 0.0 0.0 0.0 0.0 20.0 0.0 0.0 0.6930693069306929
47 49 35 0.0 0.0 0.0 0.0 14.0 0.0 0.0 0.6951340615690167
47 49 36 0.0 0.0 12.0 0.0 255.0 1.0 0.0 0.6178287731685789
47 49 37 0.0 0.0 356.0 0.0 7694.0 23.0 1036.0 0.13947001394700137
47 49 38 0.0 0.0 60.0 0.0 1567.0 8.0 19.0 0.38684719535783363
47 49 39 0.0 0.0 55.0 0.0 1014.0 10.0 5.0 0.45766590389016015
47 49 40 0.0 0.0 60.0 0.0 1305.0 4.0 8.0 0.4164187983343247
47 49 41 0.0 0.0 3.0 0.0 150.0 1.0 1.0 0.6505576208178437
47 49 42 0.0 0.0 3.0 0.0 128.0 0.0 0.0 0.6569685593618019
47 49 43 0.0 0.0 1.0 0.0 38.0 1.0 0.0 0.6869479882237487
47 49 44 0.0 0.0 1.0 0.0 6.0 0.0 0.0 0.6975585450921773
47 50 36 0.0 0.0 2.0 0.0 31.0 1.0 0.0 0.6889763779527558
47 50 37 0.0 0.0 5.0 0.0 116.0 3.0 0.0 0.6610009442870631
47 50 38 0.0 0.0 13.0 0.0 260.0 3.0 0.0 0.6167400881057268
47 50 39 0.0 0.0 0.0 0.0 4.0 0.0 0.0 0.6986027944111775
47 50 40 0.0 0.0 0.0 0.0 1.0 0.0 0.0 0.6996501749125437
47 50 41 0.0 0.0 0.0 0.0 1.0 0.0 0.0 0.6996501749125437
47 50 42 0.0 0.0 0.0 0.0 4.0 0.0 0.0 0.6986027944111775
48 30 35 0.0 0.0 0.0 0.0 1.0 0.0 0.0 0.6996501749125437
48 30 36 0.0 0.0 0.0 0.0 2.0 0.0 0.0 0.6993006993006992
48 30 37 0.0 0.0 0.0 0.0 1.0 0.0 0.0 0.6996501749125437
48 30 38 0.0 0.0 4.0 0.0 81.0 0.0 0.0 0.6714628297362109
48 30 39 0.0 0.0 0.0 0.0 6.0 0.0 0.0 0.6979062811565303
48 30 40 0.0 0.0 0.0 0.0 19.0 0.0 0.0 0.6934125804853887
48 30 41 0.0 0.0 0.0 0.0 4.0 0.0 0.0 0.6986027944111775
48 30 42 0.0 0.0 2.0 0.0 14.0 0.0 0.0 0.6944444444444444
48 30 43 0.0 0.0 0.0 0.0 17.0 0.0 0.0 0.694100148735746
48 30 44 0.0 0.0 0.0 0.0 5.0 0.0 0.0 0.6982543640897755
48 30 45 0.0 0.0 0.0 0.0 1.0 0.0 0.0 0.6996501749125437
48 31 35 0.0 0.0 4.0 0.0 78.0 1.0 0.0 0.6727534839019701
48 31 36 0.0 0.0 6.0 0.0 162.0 1.0 0.0 0.646054453161052
48 31 37 0.0 0.0 15.0 0.0 357.0 3.0 0.0 0.590966652596032
48 31 38 0.0 0.0 108.0 0.0 2646.0 19.0 57.0 0.2956705385427666
48 31 39 0.0 0.0 267.0 0.0 5717.0 21.0 433.0 0.17572486506840718
48 31 40 0.0 0.0 7.0 0.0 388.0 1.0 1.0 0.5847953216374269
48 31 41 0.0 0.0 7.0 0.0 195.0 2.0 0.0 0.6363636363636362
48 31 42 0.0 0.0 80.0 0.0 2231.0 12.0 32.0 0.325657129565015
48 31 43 0.0 0.0 83.0 0.0 2109.0 8.0 30.0 0.3345280764635603
48 31 44 0.0 0.0 73.0 0.0 1735.0 11.0 8.0 0.3687121411640768
48 31 45 0.0 0.0 0.0 0.0 6.0 0.0 0.0 0.6979062811565303
48 31 46 0.0 0.0 0.0 0.0 1.0 0.0 0.0 0.6996501749125437
48 32 34 0.0 0.0 0.0 0.0 1.0 0.0 0.0 0.6996501749125437
48 32 35 0.0 0.0 0.0 0.0 15.0 0.0 0.0 0.694789081885856
48 32 36 0.0 0.0 12.0 0.0 465.0 5.0 0.0 0.5663430420711973
48 32 37 0.0 0.0 425.0 0.0 8796.0 26.0 1617.0 0.12493307156880241
48 32 38 0.0 0.0 159.0 0.0 3675.0 15.0 105.0 0.2405498281786941
48 32 39 0.0 0.0 199.0 0.0 3860.0 15.0 142.0 0.23167301009432398
48 32 40 0.0 0.0 217.0 0.0 4937.0 18.0 241.0 0.1960509732530458
48 32 41 0.0 0.0 322.0 0.0 6610.0 20.0 646.0 0.15709156193895868
48 32 42 0.0 0.0 513.0 0.0 9749.0 26.0 2281.0 0.11426705843943843
48 32 43 0.0 0.0 476.0 0.0 9422.0 18.0 2341.0 0.11771630370806355
48 32 44 0.0 0.0 26.0 0.0 498.0 6.0 1.0 0.5559968228752977
48 32 45 0.0 0.0 5.0 0.0 316.0 3.0 1.0 0.6039689387402932
48 32 46 0.0 0.0 5.0 0.0 64.0 1.0 0.0 0.6769825918762088
48 32 47 0.0 0.0 0.0 0.0 3.0 0.0 0.0 0.6989515726410384
48 33 32 0.0 0.0 0.0 0.0 2.0 0.0 0.0 0.6993006993006992
48 33 33 0.0 0.0 0.0 0.0 6.0 0.0 0.0 0.6979062811565303
48 33 34 0.0 0.0 2.0 0.0 102.0 1.0 0.0 0.6657156443176413
48 33 35 0.0 0.0 16.0 0.0 722.0 4.0 8.0 0.5122575923893158
48 33 36 0.0 0.0 38.0 0.0 1091.0 11.0 9.0 0.44914982354828353
48 33 37 0.0 0.0 273.0 0.0 5927.0 21.0 455.0 0.17112822393350444
48 33 38 0.0 0.0 202.0 0.0 4862.0 19.0 278.0 0.19869429463525398
48 33 39 0.0 0.0 360.0 0.0 7999.0 28.0 1302.0 0.13546202225447507
48 33 40 0.0 0.0 867.0 0.0 12407.0 36.0 8021.0 0.09170105456212746
48 33 41 0.0 0.0 731.0 0.0 11656.0 24.0 5097.0 0.09733036707452723
48 33 42 0.0 0.0 355.0 0.0 7612.0 28.0 1059.0 0.14077425842131724
48 33 43 0.0 0.0 308.0 0.0 6645.0 23.0 759.0 0.15672226575618492
48 33 44 0.0 0.0 115.0 0.0 2681.0 15.0 50.0 0.2927645336679213
48 33 45 0.0 0.0 115.0 0.0 2429.0 12.0 36.0 0.30884623869402156
48 33 46 0.0 0.0 44.0 0.0 1203.0 7.0 4.0 0.4320987654320987
48 33 47 0.0 0.0 0.0 0.0 32.0 0.0 0.0 0.6889763779527558
48 33 48 0.0 0.0 0.0 0.0 2.0 0.0 0.0 0.6993006993006992
48 33 49 0.0 0.0 30.0 0.0 434.0 3.0 1.0 0.5688744412840308
48 34 31 0.0 0.0 10.0 0.0 143.0 2.0 0.0 0.6508600650860064
48 34 32 0.0 0.0 4.0 0.0 201.0 2.0 0.0 0.6354970494779845
48 34 33 0.0 0.0 139.0 0.0 3191.0 16.0 79.0 0.2634054562558795
48 34 34 0.0 0.0 33.0 0.0 663.0 7.0 3.0 0.520639642989959
48 34 35 0.0 0.0 180.0 0.0 4577.0 18.0 278.0 0.20771513353115723
48 34 36 0.0 0.0 792.0 0.0 11772.0 28.0 6195.0 0.096193486326783
48 34 37 0.0 0.0 850.0 0.0 12182.0 42.0 6260.0 0.09331467039925348
48 34 38 0.0 0.0 609.0 0.0 10825.0 34.0 3583.0 0.10441527446300715
48 34 39 0.0 0.0 857.0 0.0 12266.0 35.0 6660.0 0.09262322196493548
48 34 40 0.0 0.0 1470.0 0.0 12873.0 40.0 19892.0 0.08565834557023982
48 34 41 0.0 0.0 1151.0 0.0 12866.0 35.0 11899.0 0.08742896396677699
48 34 42 0.0 0.0 616.0 0.0 10754.0 29.0 3557.0 0.10479826334306458
48 34 43 0.0 0.0 907.0 0.0 12390.0 31.0 8656.0 0.09155712510627165
48 34 44 0.0 0.0 592.0 0.0 10061.0 23.0 2430.0 0.11076825698235619
48 34 45 0.0 0.0 253.0 0.0 6348.0 19.0 748.0 0.16309412861136996
48 34 46 0.0 0.0 86.0 0.0 2021.0 7.0 23.0 0.34146341463414626
48 34 47 0.0 0.0 1.0 0.0 82.0 1.0 0.0 0.6724303554274734
48 34 48 0.0 0.0 13.0 0.0 196.0 2.0 0.0 0.6343452650657
48 34 49 0.0 0.0 2.0 0.0 91.0 1.0 0.0 0.6692160611854684
48 34 50 0.0 0.0 0.0 0.0 1.0 0.0 0.0 0.6996501749125437
48 35 31 0.0 0.0 24.0 0.0 599.0 8.0 0.0 0.5353728489483747
48 35 32 0.0 0.0 242.0 0.0 5624.0 11.0 440.0 0.17823042647994905
48 35 33 0.0 0.0 109.0 0.0 2797.0 19.0 65.0 0.2865329512893982
48 35 34 0.0 0.0 487.0 0.0 9614.0 19.0 2375.0 0.11579818031430933
48 35 35 0.0 0.0 179.0 0.0 5097.0 15.0 338.0 0.19275781357565744
48 35 36 0.0 0.0 935.0 0.0 12463.0 28.0 8897.0 0.09091499448016103
48 35 37 0.0 0.0 1238.0 0.0 13165.0 28.0 14263.0 0.08530343650987082
48 35 38 0.0 0.0 2360.0 0.0 11246.0 48.0 41442.0 0.08961720650364868
48 35 39 0.0 0.0 1898.0 0.0 12549.0 63.0 28414.0 0.08513225904530251
48 35 40 0.0 0.0 1822.0 0.0 12277.0 51.0 29141.0 0.08698353525939732
48 35 41 0.0 0.0 1411.0 0.0 13145.0 47.0 16935.0 0.08466376390904692
48 35 42 0.0 0.0 1141.0 0.0 13024.0 41.0 11318.0 0.08662294270511074
48 35 43 0.0 0.0 1181.0 0.0 12889.0 28.0 13542.0 0.08710801393728222
48 35 44 0.0 0.0 778.0 0.0 11777.0 31.0 5880.0 0.09625962596259625
48 35 45 0.0 0.0 369.0 0.0 7445.0 17.0 848.0 0.14285714285714285
48 35 46 0.0 0.0 435.0 0.0 8249.0 16.0 1242.0 0.13113525665043085
48 35 47 0.0 0.0 498.0 0.0 8934.0 29.0 1646.0 0.12266713397003416
48 35 48 0.0 0.0 138.0 0.0 3115.0 21.0 56.0 0.2675329638830498
48 35 49 0.0 0.0 124.0 0.0 2955.0 8.0 74.0 0.27602523659305983
48 35 50 0.0 0.0 0.0 0.0 13.0 0.0 0.0 0.695479384003974
48 36 30 0.0 0.0 0.0 0.0 8.0 0.0 0.0 0.697211155378486
48 36 31 0.0 0.0 9.0 0.0 332.0 2.0 0.0 0.5985463873450192
48 36 32 0.0 0.0 610.0 0.0 10353.0 32.0 2751.0 0.10818329340854646
48 36 33 0.0 0.0 840.0 0.0 12267.0 39.0 7061.0 0.092758232293116
48 36 34 0.0 0.0 869.0 0.0 12106.0 25.0 6883.0 0.09349539201282221
48 36 35 0.0 0.0 859.0 0.0 12268.0 31.0 7222.0 0.09264774005691216
48 36 36 0.0 0.0 1123.0 0.0 13105.0 28.0 11559.0 0.08626532750015403
48 36 37 0.0 0.0 974.0 0.0 12886.0 35.0 8851.0 0.08829465186680119
48 36 38 0.0 0.0 1458.0 0.0 13001.0 38.0 19144.0 0.08505467800729039
48 36 39 0.0 0.0 1444.0 0.0 13426.0 47.0 16684.0 0.08300231220726861
48 36 40 0.0 0.0 2236.0 0.0 11962.0 60.0 36281.0 0.08656402646385951
48 36 41 0.0 0.0 1695.0 0.0 12877.0 39.0 22186.0 0.08441362677117877
48 36 42 0.0 0.0 1413.0 0.0 12656.0 42.0 19623.0 0.08718395815170008
48 36 43 0.0 0.0 700.0 0.0 11375.0 24.0 4263.0 0.09950248756218905
48 36 44 0.0 0.0 977.0 0.0 12580.0 39.0 9023.0 0.09007270153766968
48 36 45 0.0 0.0 809.0 0.0 12103.0 36.0 6787.0 0.09395973154362415
48 36 46 0.0 0.0 998.0 0.0 12425.0 31.0 11781.0 0.09079118028534369
48 36 47 0.0 0.0 180.0 0.0 4722.0 18.0 290.0 0.2033110659308742
48 36 48 0.0 0.0 346.0 0.0 6941.0 21.0 702.0 0.15107370238480627
48 36 49 0.0 0.0 60.0 0.0 1311.0 16.0 7.0 0.4172876304023844
48 36 50 0.0 0.0 1.0 0.0 33.0 0.0 0.0 0.6882989183874139
48 37 30 0.0 0.0 0.0 0.0 6.0 0.0 0.0 0.6979062811565303
48 37 31 0.0 0.0 195.0 0.0 4467.0 14.0 210.0 0.21036814425244177
48 37 32 0.0 0.0 567.0 0.0 10104.0 23.0 2358.0 0.11054958938723941
48 37 33 0.0 0.0 1520.0 0.0 12862.0 42.0 20423.0 0.08546486783468651
48 37 34 0.0 0.0 927.0 0.0 12395.0 31.0 10378.0 0.0913957435696566
48 37 35 0.0 0.0 768.0 0.0 11743.0 23.0 5725.0 0.09645194626248707
48 37 36 0.0 0.0 1409.0 0.0 12430.0 42.0 21385.0 0.08838383838383837
48 37 37 0.0 0.0 1774.0 0.0 12295.0 55.0 26196.0 0.08720568082720817
48 37 38 0.0 0.0 1814.0 0.0 12498.0 32.0 27019.0 0.0857632933104631
48 37 39 0.0 0.0 1519.0 0.0 13612.0 36.0 17161.0 0.08172319187437976
48 37 40 0.0 0.0 1520.0 0.0 13348.0 45.0 18222.0 0.0830072334874896
48 37 41 0.0 0.0 1598.0 0.0 13171.0 37.0 20032.0 0.08352723584511663
48 37 42 0.0 0.0 1487.0 0.0 13288.0 48.0 16905.0 0.083552160420148
48 37 43 0.0 0.0 1743.0 0.0 12489.0 49.0 25730.0 0.08627595982005298
48 37 44 0.0 0.0 1090.0 0.0 12959.0 31.0 9504.0 0.0872437215678943
48 37 45 0.0 0.0 1587.0 0.0 12668.0 48.0 23564.0 0.08617505847593253
48 37 46 0.0 0.0 794.0 0.0 12148.0 31.0 6378.0 0.09370189411685964
48 37 47 0.0 0.0 838.0 0.0 12252.0 35.0 6835.0 0.0928813109533603
48 37 48 0.0 0.0 511.0 0.0 9701.0 21.0 2313.0 0.11475409836065573
48 37 49 0.0 0.0 44.0 0.0 960.0 10.0 6.0 0.46744574290484137
48 37 50 0.0 0.0 0.0 0.0 17.0 1.0 0.0 0.6944444444444444
48 38 30 0.0 0.0 0.0 0.0 61.0 0.0 0.0 0.6792819019893255
48 38 31 0.0 0.0 54.0 0.0 1540.0 5.0 19.0 0.38997214484679665
48 38 32 0.0 0.0 541.0 0.0 10136.0 23.0 3146.0 0.11047979797979796
48 38 33 0.0 0.0 849.0 0.0 12011.0 26.0 7628.0 0.09417462666487286
48 38 34 0.0 0.0 968.0 0.0 12602.0 34.0 8633.0 0.09001478814376646
48 38 35 0.0 0.0 1334.0 0.0 13057.0 57.0 16206.0 0.08551184949914488
48 38 36 0.0 0.0 1674.0 0.0 13087.0 36.0 22283.0 0.0834326579261025
48 38 37 0.0 0.0 1467.0 0.0 13230.0 51.0 17642.0 0.0839680921249925
48 38 38 0.0 0.0 1544.0 0.0 12670.0 42.0 21586.0 0.08639842014317452
48 38 39 0.0 0.0 1801.0 0.0 12656.0 49.0 25896.0 0.08502884907379288
48 38 40 0.0 0.0 1582.0 0.0 13235.0 39.0 18686.0 0.08323919376895178
48 38 41 0.0 0.0 1927.0 0.0 12628.0 40.0 27568.0 0.08453085376162298
48 38 42 0.0 0.0 1364.0 0.0 13212.0 46.0 16440.0 0.08448494357612696
48 38 43 0.0 0.0 1971.0 0.0 12470.0 54.0 30063.0 0.08516851198442632
48 38 44 0.0 0.0 1253.0 0.0 13537.0 42.0 12424.0 0.0834326579261025
48 38 45 0.0 0.0 1267.0 0.0 13364.0 32.0 13328.0 0.08419533317296125
48 38 46 0.0 0.0 912.0 0.0 12400.0 32.0 8980.0 0.09149728775897
48 38 47 0.0 0.0 846.0 0.0 11919.0 33.0 8385.0 0.09487666034155597
48 38 48 0.0 0.0 293.0 0.0 6122.0 18.0 509.0 0.166706358656823
48 38 49 0.0 0.0 152.0 0.0 2985.0 20.0 72.0 0.2735978112175102
48 38 50 0.0 0.0 29.0 0.0 371.0 7.0 1.0 0.5852842809364547
48 38 51 0.0 0.0 0.0 0.0 1.0 0.0 0.0 0.6996501749125437
48 39 29 0.0 0.0 0.0 0.0 3.0 0.0 0.0 0.6989515726410384
48 39 30 0.0 0.0 0.0 0.0 125.0 0.0 0.0 0.6588235294117646
48 39 31 0.0 0.0 267.0 0.0 5744.0 12.0 405.0 0.1749562609347663
48 39 32 0.0 0.0 604.0 0.0 10806.0 25.0 3933.0 0.1044698156853966
48 39 33 0.0 0.0 1058.0 0.0 12761.0 30.0 11012.0 0.08856835579173783
48 39 34 0.0 0.0 1229.0 0.0 13259.0 40.0 12985.0 0.08493084202863381
48 39 35 0.0 0.0 1276.0 0.0 13529.0 38.0 12420.0 0.08337303477846593
48 39 36 0.0 0.0 1761.0 0.0 12362.0 48.0 26655.0 0.08683247534577931
48 39 37 0.0 0.0 1758.0 0.0 12537.0 52.0 26065.0 0.08598452278589852
48 39 38 0.0 0.0 1545.0 0.0 13478.0 55.0 17462.0 0.08239171374764594
48 39 39 0.0 0.0 1276.0 0.0 13400.0 30.0 12448.0 0.08397312859884835
48 39 40 0.0 0.0 1785.0 0.0 12985.0 44.0 23679.0 0.08347743128018603
48 39 41 0.0 0.0 2009.0 0.0 12541.0 54.0 29606.0 0.08467912659529425
48 39 42 0.0 0.0 1520.0 0.0 13199.0 39.0 18485.0 0.08378216636744464
48 39 43 0.0 0.0 1349.0 0.0 13391.0 53.0 13693.0 0.08372204281784475
48 39 44 0.0 0.0 1656.0 0.0 13282.0 54.0 20215.0 0.08272764876203981
48 39 45 0.0 0.0 1555.0 0.0 12744.0 49.0 21529.0 0.08590011044299914
48 39 46 0.0 0.0 1819.0 0.0 12052.0 40.0 29731.0 0.08818342151675483
48 39 47 0.0 0.0 1006.0 0.0 12711.0 28.0 9734.0 0.08906418983395889
48 39 48 0.0 0.0 917.0 0.0 12230.0 37.0 8930.0 0.09254362771020623
48 39 49 0.0 0.0 344.0 0.0 7833.0 25.0 1180.0 0.13779527559055116
48 39 50 0.0 0.0 6.0 0.0 261.0 0.0 0.0 0.6175562417291574
48 39 51 0.0 0.0 0.0 0.0 1.0 0.0 0.0 0.6996501749125437
48 40 29 0.0 0.0 0.0 0.0 1.0 0.0 0.0 0.6996501749125437
48 40 30 0.0 0.0 15.0 0.0 348.0 7.0 2.0 0.5942275042444821
48 40 31 0.0 0.0 476.0 0.0 9579.0 23.0 2690.0 0.11623080116230801
48 40 32 0.0 0.0 724.0 0.0 11422.0 33.0 5447.0 0.09907296015851673
48 40 33 0.0 0.0 1585.0 0.0 12402.0 46.0 23957.0 0.0875821082264623
48 40 34 0.0 0.0 966.0 0.0 12547.0 26.0 8514.0 0.0902061855670103
48 40 35 0.0 0.0 1417.0 0.0 13347.0 40.0 15620.0 0.08351727017836902
48 40 36 0.0 0.0 1334.0 0.0 13173.0 34.0 15921.0 0.08476115517345764
48 40 37 0.0 0.0 1009.0 0.0 12778.0 25.0 8993.0 0.08866932674646906
48 40 38 0.0 0.0 1581.0 0.0 13227.0 40.0 20259.0 0.08329366968110423
48 40 39 0.0 0.0 2007.0 0.0 12692.0 54.0 28720.0 0.08385744234800838
48 40 40 0.0 0.0 1955.0 0.0 12746.0 58.0 28284.0 0.0838423763324949
48 40 41 0.0 0.0 1846.0 0.0 12425.0 47.0 28546.0 0.08601093567610739
48 40 42 0.0 0.0 1595.0 0.0 12955.0 45.0 20767.0 0.08466376390904692
48 40 43 0.0 0.0 2104.0 0.0 12343.0 55.0 32047.0 0.08514261387824605
48 40 44 0.0 0.0 1792.0 0.0 13108.0 45.0 24427.0 0.08282553392888835
48 40 45 0.0 0.0 1301.0 0.0 13014.0 45.0 14771.0 0.08581060373889059
48 40 46 0.0 0.0 1817.0 0.0 12839.0 47.0 25227.0 0.08399832003359932
48 40 47 0.0 0.0 1293.0 0.0 13202.0 40.0 15240.0 0.08483820143012967
48 40 48 0.0 0.0 581.0 0.0 10416.0 20.0 3668.0 0.10776691555692403
48 40 49 0.0 0.0 257.0 0.0 6345.0 20.0 637.0 0.163075131042516
48 40 50 0.0 0.0 140.0 0.0 2716.0 16.0 60.0 0.28925619834710736
48 40 51 0.0 0.0 0.0 0.0 2.0 0.0 0.0 0.6993006993006992
48 41 29 0.0 0.0 0.0 0.0 3.0 0.0 0.0 0.6989515726410384
48 41 30 0.0 0.0 23.0 0.0 472.0 6.0 1.0 0.5624748895138609
48 41 31 0.0 0.0 274.0 0.0 6077.0 14.0 516.0 0.1678657074340527
48 41 32 0.0 0.0 869.0 0.0 12303.0 23.0 7413.0 0.09229349330872173
48 41 33 0.0 0.0 1106.0 0.0 12708.0 36.0 12744.0 0.08855154965211891
48 41 34 0.0 0.0 1208.0 0.0 13020.0 31.0 13371.0 0.08624407072013798
48 41 35 0.0 0.0 1043.0 0.0 12939.0 41.0 9244.0 0.08768633345859951
48 41 36 0.0 0.0 1640.0 0.0 12600.0 37.0 23337.0 0.08621751447222563
48 41 37 0.0 0.0 1279.0 0.0 13185.0 28.0 13695.0 0.0849514563106796
48 41 38 0.0 0.0 1753.0 0.0 12748.0 61.0 24703.0 0.08491538788136106
48 41 39 0.0 0.0 2165.0 0.0 12215.0 65.0 33872.0 0.08544400366188586
48 41 40 0.0 0.0 1726.0 0.0 12556.0 39.0 24834.0 0.08594229588704726
48 41 41 0.0 0.0 2143.0 0.0 11753.0 55.0 36245.0 0.08804477705804666
48 41 42 0.0 0.0 1537.0 0.0 13017.0 53.0 19048.0 0.08466888418506198
48 41 43 0.0 0.0 2037.0 0.0 11606.0 52.0 35232.0 0.08948545861297538
48 41 44 0.0 0.0 1698.0 0.0 12814.0 48.0 23008.0 0.08480736612551489
48 41 45 0.0 0.0 1073.0 0.0 13124.0 33.0 8759.0 0.08645711109738775
48 41 46 0.0 0.0 1580.0 0.0 13167.0 42.0 19623.0 0.08359207069500835
48 41 47 0.0 0.0 968.0 0.0 12493.0 34.0 9886.0 0.09056799068443523
48 41 48 0.0 0.0 658.0 0.0 10732.0 25.0 3625.0 0.10461032653366209
48 41 49 0.0 0.0 670.0 0.0 11066.0 14.0 4174.0 0.10187004293094665
48 41 50 0.0 0.0 100.0 0.0 2833.0 11.0 81.0 0.28437944342880356
48 41 51 0.0 0.0 0.0 0.0 7.0 0.0 0.0 0.6975585450921773
48 42 30 0.0 0.0 0.0 0.0 31.0 1.0 0.0 0.689655172413793
48 42 31 0.0 0.0 356.0 0.0 7595.0 27.0 982.0 0.1410011078658475
48 42 32 0.0 0.0 422.0 0.0 8154.0 16.0 1219.0 0.13251301467108376
48 42 33 0.0 0.0 401.0 0.0 7777.0 20.0 1001.0 0.13778171439818915
48 42 34 0.0 0.0 1179.0 0.0 13049.0 50.0 13384.0 0.08640375239153242
48 42 35 0.0 0.0 1250.0 0.0 13079.0 38.0 14371.0 0.08577380223011885
48 42 36 0.0 0.0 1318.0 0.0 12962.0 33.0 15540.0 0.08597924215439413
48 42 37 0.0 0.0 1680.0 0.0 12696.0 49.0 23597.0 0.08543878921030147
48 42 38 0.0 0.0 1243.0 0.0 13333.0 39.0 13138.0 0.08452064718666988
48 42 39 0.0 0.0 1296.0 0.0 13219.0 32.0 15107.0 0.08480222908716456
48 42 40 0.0 0.0 1972.0 0.0 12384.0 49.0 30287.0 0.0855798031664527
48 42 41 0.0 0.0 1551.0 0.0 12754.0 45.0 21351.0 0.0857948277975242
48 42 42 0.0 0.0 1496.0 0.0 13370.0 38.0 17372.0 0.08299247139723752
48 42 43 0.0 0.0 1323.0 0.0 13506.0 37.0 13066.0 0.08319467554076537
48 42 44 0.0 0.0 1590.0 0.0 12488.0 45.0 22915.0 0.08703761268262356
48 42 45 0.0 0.0 981.0 0.0 12633.0 36.0 8840.0 0.08968035359682275
48 42 46 0.0 0.0 1208.0 0.0 13096.0 33.0 12780.0 0.0859106529209622
48 42 47 0.0 0.0 568.0 0.0 10535.0 31.0 3387.0 0.10705000764642911
48 42 48 0.0 0.0 488.0 0.0 9173.0 16.0 1842.0 0.12014073629108382
48 42 49 0.0 0.0 85.0 0.0 2437.0 19.0 56.0 0.31076581576026635
48 42 50 0.0 0.0 8.0 0.0 236.0 1.0 0.0 0.6241640659830583
48 42 51 0.0 0.0 0.0 0.0 1.0 0.0 0.0 0.6996501749125437
48 43 30 0.0 0.0 1.0 0.0 53.0 0.0 0.0 0.6815968841285296
48 43 31 0.0 0.0 84.0 0.0 2412.0 10.0 56.0 0.31208203299152915
48 43 32 0.0 0.0 941.0 0.0 12511.0 36.0 9078.0 0.09065596062941138
48 43 33 0.0 0.0 521.0 0.0 9724.0 21.0 2459.0 0.11438843042732248
48 43 34 0.0 0.0 775.0 0.0 11905.0 31.0 5838.0 0.09544586855740386
48 43 35 0.0 0.0 831.0 0.0 12353.0 28.0 7479.0 0.09222661396574439
48 43 36 0.0 0.0 1377.0 0.0 12985.0 44.0 16931.0 0.0855222968845449
48 43 37 0.0 0.0 1239.0 0.0 13015.0 30.0 13792.0 0.08609556607834695
48 43 38 0.0 0.0 1103.0 0.0 13193.0 32.0 9794.0 0.0859106529209622
48 43 39 0.0 0.0 1933.0 0.0 11744.0 59.0 32878.0 0.08940545373267768
48 43 40 0.0 0.0 1435.0 0.0 13331.0 36.0 16600.0 0.08344260340922637
48 43 41 0.0 0.0 882.0 0.0 12392.0 33.0 8021.0 0.09172508681124286
48 43 42 0.0 0.0 940.0 0.0 12550.0 33.0 8347.0 0.09041591320072331
48 43 43 0.0 0.0 1025.0 0.0 12854.0 35.0 9918.0 0.0882556893399735
48 43 44 0.0 0.0 1544.0 0.0 12809.0 41.0 21014.0 0.0856478649210816
48 43 45 0.0 0.0 1217.0 0.0 12907.0 42.0 14294.0 0.08687558175612782
48 43 46 0.0 0.0 488.0 0.0 9819.0 18.0 2943.0 0.11385816525699413
48 43 47 0.0 0.0 706.0 0.0 11521.0 17.0 5119.0 0.09839061072457655
48 43 48 0.0 0.0 275.0 0.0 6186.0 19.0 516.0 0.16579819990525815
48 43 49 0.0 0.0 365.0 0.0 6982.0 16.0 693.0 0.14994109456999036
48 43 50 0.0 0.0 11.0 0.0 153.0 1.0 0.0 0.6472491909385112
48 43 51 0.0 0.0 0.0 0.0 2.0 0.0 0.0 0.6993006993006992
48 44 29 0.0 0.0 0.0 0.0 1.0 0.0 0.0 0.6996501749125437
48 44 30 0.0 0.0 18.0 0.0 583.0 4.0 1.0 0.5390835579514823
48 44 31 0.0 0.0 453.0 0.0 8875.0 24.0 1687.0 0.12378426171529619
48 44 32 0.0 0.0 976.0 0.0 12579.0 33.0 10935.0 0.09004373552868536
48 44 33 0.0 0.0 848.0 0.0 12210.0 37.0 6498.0 0.09306654257794322
48 44 34 0.0 0.0 656.0 0.0 10793.0 34.0 4024.0 0.10424422933730454
48 44 35 0.0 0.0 912.0 0.0 12694.0 28.0 8182.0 0.08970908624887863
48 44 36 0.0 0.0 937.0 0.0 12596.0 34.0 9237.0 0.09018294254058232
48 44 37 0.0 0.0 1159.0 0.0 12977.0 30.0 12326.0 0.08673564215352207
48 44 38 0.0 0.0 1113.0 0.0 12627.0 45.0 14393.0 0.0889679715302491
48 44 39 0.0 0.0 858.0 0.0 12390.0 25.0 7043.0 0.0918514630625902
48 44 40 0.0 0.0 975.0 0.0 12619.0 32.0 9399.0 0.0897666068222621
48 44 41 0.0 0.0 897.0 0.0 12335.0 28.0 6407.0 0.0919781880296958
48 44 42 0.0 0.0 826.0 0.0 12161.0 19.0 6309.0 0.09345794392523364
48 44 43 0.0 0.0 1150.0 0.0 12916.0 35.0 12893.0 0.08717852917367207
48 44 44 0.0 0.0 825.0 0.0 11886.0 34.0 5460.0 0.09516688192509005
48 44 45 0.0 0.0 521.0 0.0 9643.0 21.0 2502.0 0.11517893870835046
48 44 46 0.0 0.0 556.0 0.0 9992.0 31.0 2859.0 0.11170509853985476
48 44 47 0.0 0.0 36.0 0.0 1191.0 12.0 11.0 0.43559427504667075
48 44 48 0.0 0.0 37.0 0.0 992.0 7.0 3.0 0.46326935804103236
48 44 49 0.0 0.0 16.0 0.0 352.0 1.0 0.0 0.5914659907055343
48 44 50 0.0 0.0 0.0 0.0 25.0 0.0 0.0 0.6913580246913579
48 44 51 0.0 0.0 0.0 0.0 1.0 0.0 0.0 0.6996501749125437
48 45 30 0.0 0.0 0.0 0.0 26.0 0.0 0.0 0.6910167818361302
48 45 31 0.0 0.0 36.0 0.0 950.0 7.0 1.0 0.46995636119503187
48 45 32 0.0 0.0 345.0 0.0 6231.0 24.0 490.0 0.16364699006428984
48 45 33 0.0 0.0 532.0 0.0 9643.0 24.0 2072.0 0.11508425811755034
48 45 34 0.0 0.0 912.0 0.0 12536.0 27.0 9456.0 0.09060902206976894
48 45 35 0.0 0.0 848.0 0.0 12146.0 34.0 6586.0 0.09346418318979904
48 45 36 0.0 0.0 771.0 0.0 11736.0 29.0 5499.0 0.09659835782791691
48 45 37 0.0 0.0 982.0 0.0 12475.0 30.0 11317.0 0.09060315816722753
48 45 38 0.0 0.0 619.0 0.0 10776.0 33.0 3477.0 0.10466507177033492
48 45 39 0.0 0.0 725.0 0.0 11636.0 28.0 5375.0 0.09754058385006617
48 45 40 0.0 0.0 692.0 0.0 11225.0 19.0 3960.0 0.10068320747932397
48 45 41 0.0 0.0 635.0 0.0 11017.0 27.0 3848.0 0.1026694045174538
48 45 42 0.0 0.0 780.0 0.0 11800.0 25.0 6767.0 0.09602194787379972
48 45 43 0.0 0.0 283.0 0.0 6457.0 17.0 624.0 0.16036655211912942
48 45 44 0.0 0.0 440.0 0.0 8245.0 22.0 1202.0 0.13119670134008055
48 45 45 0.0 0.0 530.0 0.0 9509.0 34.0 2120.0 0.11655011655011653
48 45 46 0.0 0.0 501.0 0.0 9096.0 27.0 1819.0 0.1208563535911602
48 45 47 0.0 0.0 270.0 0.0 6302.0 21.0 603.0 0.163627863487611
48 45 48 0.0 0.0 3.0 0.0 128.0 2.0 0.0 0.6575857209957726
48 45 49 0.0 0.0 18.0 0.0 379.0 6.0 0.0 0.5855290673358426
48 45 50 0.0 0.0 0.0 0.0 9.0 0.0 0.0 0.6968641114982577
48 45 51 0.0 0.0 0.0 0.0 3.0 0.0 0.0 0.6989515726410384
48 46 31 0.0 0.0 1.0 0.0 28.0 0.0 0.0 0.6899950714637751
48 46 32 0.0 0.0 201.0 0.0 4460.0 21.0 209.0 0.21084337349397586
48 46 33 0.0 0.0 250.0 0.0 5294.0 21.0 316.0 0.18604651162790697
48 46 34 0.0 0.0 10.0 0.0 687.0 2.0 7.0 0.5196733481811432
48 46 35 0.0 0.0 280.0 0.0 6183.0 27.0 516.0 0.1658964332266856
48 46 36 0.0 0.0 291.0 0.0 6893.0 25.0 754.0 0.15280506439641997
48 46 37 0.0 0.0 387.0 0.0 8445.0 21.0 1586.0 0.12948575656677763
48 46 38 0.0 0.0 490.0 0.0 8991.0 16.0 1588.0 0.12200435729847493
48 46 39 0.0 0.0 624.0 0.0 10785.0 19.0 3727.0 0.10439970171513795
48 46 40 0.0 0.0 684.0 0.0 11576.0 24.0 5092.0 0.09821115398105927
48 46 41 0.0 0.0 291.0 0.0 6111.0 20.0 525.0 0.16694490818030047
48 46 42 0.0 0.0 453.0 0.0 9164.0 18.0 1889.0 0.1205857019810508
48 46 43 0.0 0.0 203.0 0.0 4880.0 23.0 269.0 0.19830028328611898
48 46 44 0.0 0.0 348.0 0.0 6850.0 18.0 721.0 0.15252206122671313
48 46 45 0.0 0.0 152.0 0.0 3277.0 17.0 70.0 0.25858884373845575
48 46 46 0.0 0.0 56.0 0.0 1368.0 14.0 7.0 0.41055718475073305
48 46 47 0.0 0.0 0.0 0.0 41.0 1.0 0.0 0.6862745098039215
48 46 48 0.0 0.0 0.0 0.0 21.0 0.0 0.0 0.6930693069306929
48 46 49 0.0 0.0 0.0 0.0 2.0 0.0 0.0 0.6993006993006992
48 46 50 0.0 0.0 23.0 0.0 416.0 5.0 0.0 0.5751848808545603
48 47 32 0.0 0.0 3.0 0.0 117.0 1.0 0.0 0.6606890042472864
48 47 33 0.0 0.0 0.0 0.0 33.0 0.0 0.0 0.6886374815543531
48 47 34 0.0 0.0 42.0 0.0 1181.0 9.0 6.0 0.43559427504667075
48 47 35 0.0 0.0 74.0 0.0 1297.0 14.0 10.0 0.4169148302561048
48 47 36 0.0 0.0 20.0 0.0 678.0 4.0 5.0 0.5196733481811432
48 47 37 0.0 0.0 114.0 0.0 2736.0 10.0 63.0 0.28913672036348614
48 47 38 0.0 0.0 265.0 0.0 5600.0 16.0 440.0 0.17832123296395358
48 47 39 0.0 0.0 86.0 0.0 1827.0 20.0 21.0 0.3597122302158273
48 47 40 0.0 0.0 240.0 0.0 4903.0 22.0 255.0 0.19651880965749574
48 47 41 0.0 0.0 265.0 0.0 6209.0 15.0 556.0 0.16546507505023045
48 47 42 0.0 0.0 65.0 0.0 1629.0 10.0 16.0 0.3801248981808308
48 47 43 0.0 0.0 34.0 0.0 929.0 4.0 2.0 0.47313281514025
48 47 44 0.0 0.0 4.0 0.0 142.0 3.0 1.0 0.6532897806812878
48 47 45 0.0 0.0 0.0 0.0 36.0 0.0 0.0 0.6876227897838899
48 47 46 0.0 0.0 0.0 0.0 13.0 0.0 0.0 0.695479384003974
48 48 33 0.0 0.0 0.0 0.0 5.0 0.0 0.0 0.6982543640897755
48 48 34 0.0 0.0 24.0 0.0 473.0 8.0 0.0 0.5624748895138609
48 48 35 0.0 0.0 138.0 0.0 2951.0 18.0 68.0 0.2760796687043975
48 48 36 0.0 0.0 0.0 0.0 47.0 0.0 0.0 0.6839276990718123
48 48 37 0.0 0.0 3.0 0.0 125.0 2.0 0.0 0.6585136406396989
48 48 38 0.0 0.0 0.0 0.0 73.0 0.0 0.0 0.6756756756756755
48 48 39 0.0 0.0 64.0 0.0 1274.0 10.0 5.0 0.42067307692307687
48 48 40 0.0 0.0 3.0 0.0 145.0 0.0 0.0 0.6517690875232773
48 48 41 0.0 0.0 0.0 0.0 53.0 0.0 0.0 0.6819288845591815
48 48 42 0.0 0.0 0.0 0.0 28.0 0.0 0.0 0.690335305719921
48 48 43 0.0 0.0 91.0 0.0 1855.0 13.0 29.0 0.3559623696923468
48 48 44 0.0 0.0 0.0 0.0 3.0 0.0 0.0 0.6989515726410384
48 48 45 0.0 0.0 0.0 0.0 1.0 0.0 0.0 0.6996501749125437
48 49 33 0.0 0.0 0.0 0.0 2.0 0.0 0.0 0.6993006993006992
48 49 34 0.0 0.0 0.0 0.0 6.0 0.0 0.0 0.6979062811565303
48 49 35 0.0 0.0 0.0 0.0 7.0 0.0 0.0 0.6975585450921773
48 49 36 0.0 0.0 0.0 0.0 31.0 0.0 0.0 0.6893156080748399
48 49 37 0.0 0.0 86.0 0.0 1599.0 15.0 10.0 0.38147138964577654
48 49 38 0.0 0.0 0.0 0.0 17.0 0.0 0.0 0.694100148735746
48 49 39 0.0 0.0 0.0 0.0 21.0 0.0 0.0 0.6927263730826323
48 49 40 0.0 0.0 6.0 0.0 55.0 3.0 0.0 0.6802721088435373
48 49 41 0.0 0.0 0.0 0.0 3.0 0.0 0.0 0.6989515726410384
48 49 42 0.0 0.0 0.0 0.0 2.0 0.0 0.0 0.6993006993006992
48 50 36 0.0 0.0 0.0 0.0 6.0 0.0 0.0 0.6979062811565303
48 50 37 0.0 0.0 0.0 0.0 14.0 0.0 0.0 0.6951340615690167
48 50 38 0.0 0.0 0.0 0.0 10.0 0.0 0.0 0.6965174129353233
48 50 40 0.0 0.0 0.0 0.0 2.0 0.0 0.0 0.6993006993006992
49 30 38 0.0 0.0 0.0 0.0 5.0 0.0 0.0 0.6982543640897755
49 30 39 0.0 0.0 0.0 0.0 3.0 0.0 0.0 0.6989515726410384
49 30 40 0.0 0.0 0.0 0.0 1.0 0.0 0.0 0.6996501749125437
49 30 42 0.0 0.0 0.0 0.0 1.0 0.0 0.0 0.6996501749125437
49 30 43 0.0 0.0 0.0 0.0 2.0 0.0 0.0 0.6993006993006992
49 30 44 0.0 0.0 0.0 0.0 1.0 0.0 0.0 0.6996501749125437
49 31 35 0.0 0.0 0.0 0.0 1.0 0.0 0.0 0.6996501749125437
49 31 36 0.0 0.0 0.0 0.0 2.0 0.0 0.0 0.6993006993006992
49 31 37 0.0 0.0 8.0 0.0 416.0 3.0 1.0 0.5782734407269723
49 31 38 0.0 0.0 0.0 0.0 17.0 0.0 0.0 0.694100148735746
49 31 39 0.0 0.0 0.0 0.0 9.0 0.0 0.0 0.6968641114982577
49 31 40 0.0 0.0 0.0 0.0 20.0 0.0 0.0 0.6930693069306929
49 31 41 0.0 0.0 0.0 0.0 22.0 0.0 0.0 0.6923837784371908
49 31 42 0.0 0.0 0.0 0.0 18.0 0.0 0.0 0.6937561942517343
49 31 43 0.0 0.0 0.0 0.0 58.0 0.0 0.0 0.6802721088435373
49 31 44 0.0 0.0 0.0 0.0 25.0 0.0 0.0 0.6913580246913579
49 32 35 0.0 0.0 0.0 0.0 3.0 0.0 0.0 0.6989515726410384
49 32 36 0.0 0.0 77.0 0.0 1479.0 8.0 12.0 0.3944773175542406
49 32 37 0.0 0.0 28.0 0.0 550.0 2.0 0.0 0.5434782608695652
49 32 38 0.0 0.0 1.0 0.0 61.0 0.0 0.0 0.6789524733268669
49 32 39 0.0 0.0 5.0 0.0 289.0 1.0 0.0 0.6105538595726122
49 32 40 0.0 0.0 84.0 0.0 2108.0 6.0 19.0 0.334448160535117
49 32 41 0.0 0.0 78.0 0.0 2477.0 14.0 64.0 0.3082342580361074
49 32 42 0.0 0.0 62.0 0.0 1411.0 11.0 14.0 0.4045073678127708
49 32 43 0.0 0.0 0.0 0.0 122.0 0.0 1.0 0.6597549481621111
49 32 44 0.0 0.0 27.0 0.0 528.0 7.0 0.0 0.5496662740478994
49 32 45 0.0 0.0 0.0 0.0 1.0 0.0 0.0 0.6996501749125437
49 32 46 0.0 0.0 0.0 0.0 1.0 0.0 0.0 0.6996501749125437
49 32 49 0.0 0.0 0.0 0.0 1.0 0.0 0.0 0.6996501749125437
49 33 32 0.0 0.0 0.0 0.0 1.0 0.0 0.0 0.6996501749125437
49 33 33 0.0 0.0 0.0 0.0 4.0 0.0 0.0 0.6986027944111775
49 33 34 0.0 0.0 0.0 0.0 7.0 0.0 0.0 0.6975585450921773
49 33 35 0.0 0.0 54.0 0.0 1366.0 17.0 11.0 0.41140170437848944
49 33 36 0.0 0.0 238.0 0.0 5831.0 18.0 484.0 0.1738698460009935
49 33 37 0.0 0.0 92.0 0.0 2693.0 18.0 57.0 0.29387069689336687
49 33 38 0.0 0.0 157.0 0.0 3959.0 12.0 171.0 0.22932022932022927
49 33 39 0.0 0.0 373.0 0.0 7570.0 25.0 963.0 0.1411148069751033
49 33 40 0.0 0.0 457.0 0.0 8953.0 22.0 1714.0 0.12289325842696629
49 33 41 0.0 0.0 207.0 0.0 4742.0 18.0 252.0 0.2019619157530294
49 33 42 0.0 0.0 50.0 0.0 1498.0 18.0 21.0 0.39660056657223797
49 33 43 0.0 0.0 456.0 0.0 8309.0 26.0 1204.0 0.13020833333333331
49 33 44 0.0 0.0 139.0 0.0 2826.0 17.0 43.0 0.28294260307194824
49 33 45 0.0 0.0 25.0 0.0 520.0 6.0 2.0 0.5516154452324664
49 33 46 0.0 0.0 0.0 0.0 9.0 0.0 0.0 0.6968641114982577
49 34 31 0.0 0.0 0.0 0.0 2.0 0.0 0.0 0.6993006993006992
49 34 32 0.0 0.0 0.0 0.0 5.0 0.0 0.0 0.6982543640897755
49 34 33 0.0 0.0 27.0 0.0 501.0 5.0 3.0 0.5548949663099484
49 34 34 0.0 0.0 60.0 0.0 1097.0 12.0 5.0 0.44515103338632744
49 34 35 0.0 0.0 29.0 0.0 848.0 5.0 11.0 0.48729550991994425
49 34 36 0.0 0.0 311.0 0.0 6595.0 14.0 629.0 0.157268029656257
49 34 37 0.0 0.0 439.0 0.0 8833.0 23.0 1607.0 0.1243118451429586
49 34 38 0.0 0.0 1029.0 0.0 12448.0 30.0 11089.0 0.09044511919374636
49 34 39 0.0 0.0 496.0 0.0 9378.0 22.0 1950.0 0.11804384485666101
49 34 40 0.0 0.0 519.0 0.0 9842.0 24.0 2729.0 0.11340623734305386
49 34 41 0.0 0.0 586.0 0.0 10631.0 12.0 3587.0 0.10586011342155008
49 34 42 0.0 0.0 316.0 0.0 6759.0 26.0 750.0 0.1545765706083692
49 34 43 0.0 0.0 196.0 0.0 4725.0 24.0 259.0 0.20286914939863784
49 34 44 0.0 0.0 267.0 0.0 5290.0 18.0 353.0 0.1856271546009016
49 34 45 0.0 0.0 108.0 0.0 2330.0 11.0 37.0 0.31609844208624965
49 34 46 0.0 0.0 0.0 0.0 42.0 0.0 0.0 0.6856023506366307
49 34 47 0.0 0.0 0.0 0.0 42.0 1.0 0.0 0.6859382655560998
49 34 48 0.0 0.0 2.0 0.0 94.0 0.0 1.0 0.6679389312977099
49 34 49 0.0 0.0 0.0 0.0 3.0 0.0 0.0 0.6989515726410384
49 35 31 0.0 0.0 0.0 0.0 25.0 0.0 0.0 0.6913580246913579
49 35 32 0.0 0.0 22.0 0.0 590.0 1.0 3.0 0.5361930294906165
49 35 33 0.0 0.0 129.0 0.0 3230.0 18.0 70.0 0.26212319790301436
49 35 34 0.0 0.0 65.0 0.0 1547.0 16.0 11.0 0.38942976356050063
49 35 35 0.0 0.0 337.0 0.0 7364.0 24.0 860.0 0.14459822350753976
49 35 36 0.0 0.0 132.0 0.0 3718.0 16.0 147.0 0.23989033584647015
49 35 37 0.0 0.0 715.0 0.0 11330.0 30.0 4864.0 0.09974351667141636
49 35 38 0.0 0.0 1010.0 0.0 12424.0 38.0 10543.0 0.09073822023462311
49 35 39 0.0 0.0 1257.0 0.0 12578.0 51.0 16730.0 0.08851236011885943
49 35 40 0.0 0.0 605.0 0.0 10509.0 22.0 3363.0 0.10682130321989927
49 35 41 0.0 0.0 663.0 0.0 10866.0 30.0 3151.0 0.10356561621541646
49 35 42 0.0 0.0 428.0 0.0 8353.0 19.0 1417.0 0.12999071494893222
49 35 43 0.0 0.0 393.0 0.0 8149.0 19.0 1234.0 0.13296609364612022
49 35 44 0.0 0.0 352.0 0.0 7491.0 27.0 955.0 0.1425371614742415
49 35 45 0.0 0.0 292.0 0.0 5980.0 21.0 400.0 0.16955310645512894
49 35 46 0.0 0.0 142.0 0.0 3553.0 25.0 111.0 0.24682651622002816
49 35 47 0.0 0.0 0.0 0.0 171.0 0.0 0.0 0.64486411791801
49 35 48 0.0 0.0 2.0 0.0 46.0 0.0 0.0 0.6835937499999999
49 35 49 0.0 0.0 0.0 0.0 2.0 0.0 0.0 0.6993006993006992
49 36 30 0.0 0.0 0.0 0.0 1.0 0.0 0.0 0.6996501749125437
49 36 31 0.0 0.0 6.0 0.0 73.0 1.0 1.0 0.6737247353224253
49 36 32 0.0 0.0 308.0 0.0 6216.0 25.0 498.0 0.16460905349794236
49 36 33 0.0 0.0 394.0 0.0 7666.0 21.0 953.0 0.13926191186710432
49 36 34 0.0 0.0 362.0 0.0 7488.0 19.0 1020.0 0.14234875444839856
49 36 35 0.0 0.0 367.0 0.0 7769.0 20.0 945.0 0.13835359225219881
49 36 36 0.0 0.0 572.0 0.0 10362.0 15.0 3210.0 0.10828370330265294
49 36 37 0.0 0.0 1083.0 0.0 12487.0 38.0 14088.0 0.0899396119748169
49 36 38 0.0 0.0 886.0 0.0 12345.0 30.0 8542.0 0.09190573097879602
49 36 39 0.0 0.0 1078.0 0.0 12660.0 33.0 11458.0 0.0889792805389602
49 36 40 0.0 0.0 485.0 0.0 9307.0 16.0 2072.0 0.1187849991515357
49 36 41 0.0 0.0 665.0 0.0 11008.0 29.0 4128.0 0.10246651540657248
49 36 42 0.0 0.0 764.0 0.0 11834.0 26.0 5390.0 0.09594298245614034
49 36 43 0.0 0.0 710.0 0.0 11325.0 28.0 4149.0 0.09985734664764621
49 36 44 0.0 0.0 661.0 0.0 10890.0 24.0 4630.0 0.1033286589416193
49 36 45 0.0 0.0 622.0 0.0 10557.0 30.0 3061.0 0.10637489552465616
49 36 46 0.0 0.0 722.0 0.0 11431.0 36.0 5675.0 0.09903791737408035
49 36 47 0.0 0.0 119.0 0.0 2674.0 12.0 55.0 0.2928257686676427
49 36 48 0.0 0.0 25.0 0.0 548.0 7.0 3.0 0.5453837164004673
49 36 49 0.0 0.0 7.0 0.0 108.0 2.0 0.0 0.6625650733554187
49 36 50 0.0 0.0 0.0 0.0 3.0 0.0 0.0 0.6989515726410384
49 37 30 0.0 0.0 0.0 0.0 12.0 0.0 0.0 0.6958250497017892
49 37 31 0.0 0.0 5.0 0.0 181.0 0.0 0.0 0.6404391582799633
49 37 32 0.0 0.0 245.0 0.0 5579.0 12.0 441.0 0.17911975435005115
49 37 33 0.0 0.0 499.0 0.0 9438.0 31.0 2080.0 0.1174496644295302
49 37 34 0.0 0.0 541.0 0.0 9514.0 31.0 1962.0 0.11635638297872339
49 37 35 0.0 0.0 814.0 0.0 11990.0 27.0 7056.0 0.09459459459459459
49 37 36 0.0 0.0 565.0 0.0 10404.0 27.0 3276.0 0.10806638363566189
49 37 37 0.0 0.0 472.0 0.0 9234.0 37.0 1903.0 0.11989380834118352
49 37 38 0.0 0.0 939.0 0.0 12458.0 29.0 8467.0 0.09097407238936903
49 37 39 0.0 0.0 924.0 0.0 12415.0 24.0 7472.0 0.09125277017338025
49 37 40 0.0 0.0 1067.0 0.0 12882.0 32.0 11340.0 0.0878293601003764
49 37 41 0.0 0.0 713.0 0.0 11453.0 29.0 4836.0 0.09891895711156644
49 37 42 0.0 0.0 538.0 0.0 9818.0 20.0 2228.0 0.11336032388663965
49 37 43 0.0 0.0 653.0 0.0 11105.0 28.0 3569.0 0.1018848700967906
49 37 44 0.0 0.0 797.0 0.0 11895.0 21.0 6453.0 0.09523809523809523
49 37 45 0.0 0.0 549.0 0.0 10634.0 20.0 3656.0 0.10626185958254268
49 37 46 0.0 0.0 561.0 0.0 10087.0 38.0 2775.0 0.11093502377179079
49 37 47 0.0 0.0 144.0 0.0 4245.0 18.0 228.0 0.2197457228064668
49 37 48 0.0 0.0 69.0 0.0 1279.0 14.0 8.0 0.4199160167966406
49 37 49 0.0 0.0 0.0 0.0 35.0 0.0 0.0 0.6879606879606879
49 38 30 0.0 0.0 2.0 0.0 13.0 1.0 0.0 0.6951340615690167
49 38 31 0.0 0.0 80.0 0.0 2030.0 13.0 25.0 0.34188034188034183
49 38 32 0.0 0.0 818.0 0.0 11982.0 30.0 6339.0 0.0946521533364884
49 38 33 0.0 0.0 642.0 0.0 10658.0 29.0 3764.0 0.10537407797681769
49 38 34 0.0 0.0 589.0 0.0 10394.0 32.0 2938.0 0.1079414032382421
49 38 35 0.0 0.0 734.0 0.0 11361.0 34.0 4745.0 0.0994388806023155
49 38 36 0.0 0.0 604.0 0.0 10602.0 23.0 3228.0 0.10610883735031075
49 38 37 0.0 0.0 603.0 0.0 10591.0 19.0 3363.0 0.10608471622338408
49 38 38 0.0 0.0 810.0 0.0 12042.0 33.0 6625.0 0.09431420102398275
49 38 39 0.0 0.0 589.0 0.0 10386.0 31.0 2939.0 0.10803302723975614
49 38 40 0.0 0.0 1029.0 0.0 12636.0 30.0 11654.0 0.0893883284382582
49 38 41 0.0 0.0 1233.0 0.0 12944.0 25.0 15598.0 0.08647847303724751
49 38 42 0.0 0.0 887.0 0.0 12312.0 35.0 6591.0 0.09219624629568653
49 38 43 0.0 0.0 649.0 0.0 10893.0 37.0 3640.0 0.10348905972797161
49 38 44 0.0 0.0 827.0 0.0 12006.0 27.0 6954.0 0.09439687141797584
49 38 45 0.0 0.0 591.0 0.0 10579.0 32.0 3182.0 0.1064800730149072
49 38 46 0.0 0.0 899.0 0.0 12360.0 24.0 8589.0 0.09164102899783988
49 38 47 0.0 0.0 416.0 0.0 8375.0 18.0 1286.0 0.12980992118683354
49 38 48 0.0 0.0 30.0 0.0 1000.0 9.0 10.0 0.4634227077126778
49 38 49 0.0 0.0 16.0 0.0 292.0 5.0 0.0 0.6081668114682883
49 38 50 0.0 0.0 1.0 0.0 18.0 2.0 0.0 0.694100148735746
49 39 29 0.0 0.0 0.0 0.0 1.0 0.0 0.0 0.6996501749125437
49 39 30 0.0 0.0 60.0 0.0 1510.0 6.0 13.0 0.392817059483726
49 39 31 0.0 0.0 134.0 0.0 4113.0 14.0 238.0 0.2245028864656831
49 39 32 0.0 0.0 314.0 0.0 6416.0 23.0 531.0 0.16071633566754676
49 39 33 0.0 0.0 276.0 0.0 6299.0 19.0 618.0 0.16355140186915884
49 39 34 0.0 0.0 961.0 0.0 12386.0 34.0 9470.0 0.09128847157016169
49 39 35 0.0 0.0 326.0 0.0 7225.0 18.0 923.0 0.14684287812041114
49 39 36 0.0 0.0 397.0 0.0 7579.0 28.0 908.0 0.1406893779519646
49 39 37 0.0 0.0 746.0 0.0 11680.0 22.0 6121.0 0.09701337398655671
49 39 38 0.0 0.0 988.0 0.0 12351.0 33.0 10490.0 0.09131824408062095
49 39 39 0.0 0.0 1015.0 0.0 12740.0 35.0 8462.0 0.08885503935008884
49 39 40 0.0 0.0 857.0 0.0 12327.0 27.0 6847.0 0.09220839096357768
49 39 41 0.0 0.0 829.0 0.0 11956.0 43.0 6216.0 0.09487023107677711
49 39 42 0.0 0.0 708.0 0.0 11481.0 32.0 4424.0 0.09881422924901184
49 39 43 0.0 0.0 697.0 0.0 11068.0 23.0 3693.0 0.10178857059764432
49 39 44 0.0 0.0 593.0 0.0 10781.0 22.0 4084.0 0.10474337872213077
49 39 45 0.0 0.0 358.0 0.0 6663.0 26.0 614.0 0.15553827352516383
49 39 46 0.0 0.0 900.0 0.0 12275.0 25.0 7897.0 0.0922387666359204
49 39 47 0.0 0.0 443.0 0.0 8708.0 20.0 1448.0 0.12568453182511893
49 39 48 0.0 0.0 143.0 0.0 3773.0 14.0 147.0 0.23716754192783326
49 39 49 0.0 0.0 27.0 0.0 801.0 8.0 3.0 0.49645390070921974
49 39 50 0.0 0.0 2.0 0.0 100.0 0.0 0.0 0.6663493574488338
49 40 30 0.0 0.0 0.0 0.0 51.0 0.0 0.0 0.68259385665529
49 40 31 0.0 0.0 104.0 0.0 2639.0 17.0 43.0 0.29623360135421073
49 40 32 0.0 0.0 150.0 0.0 3715.0 14.0 147.0 0.2391527160915613
49 40 33 0.0 0.0 169.0 0.0 4349.0 11.0 195.0 0.21511985248924398
49 40 34 0.0 0.0 655.0 0.0 11225.0 29.0 3733.0 0.10095911155981827
49 40 35 0.0 0.0 659.0 0.0 11023.0 33.0 4520.0 0.10235414534288638
49 40 36 0.0 0.0 904.0 0.0 12193.0 32.0 9002.0 0.09277667329357188
49 40 37 0.0 0.0 508.0 0.0 9528.0 27.0 2110.0 0.11649192877350639
49 40 38 0.0 0.0 651.0 0.0 10902.0 29.0 3938.0 0.10346611484738748
49 40 39 0.0 0.0 919.0 0.0 12289.0 27.0 9586.0 0.09208103130755063
49 40 40 0.0 0.0 920.0 0.0 12320.0 28.0 8292.0 0.09186954524575103
49 40 41 0.0 0.0 778.0 0.0 11756.0 20.0 5395.0 0.09629272989889262
49 40 42 0.0 0.0 698.0 0.0 11395.0 28.0 4991.0 0.09942475676443434
49 40 43 0.0 0.0 726.0 0.0 11350.0 29.0 4386.0 0.09953785993601136
49 40 44 0.0 0.0 525.0 0.0 9759.0 26.0 2261.0 0.11411803064884249
49 40 45 0.0 0.0 683.0 0.0 11126.0 26.0 4031.0 0.10149340292880962
49 40 46 0.0 0.0 1072.0 0.0 12612.0 42.0 11982.0 0.08926294312675337
49 40 47 0.0 0.0 713.0 0.0 11360.0 22.0 5172.0 0.09953078344945257
49 40 48 0.0 0.0 61.0 0.0 1853.0 14.0 23.0 0.3588823378620866
49 40 49 0.0 0.0 174.0 0.0 4153.0 20.0 183.0 0.22201078338090705
49 40 50 0.0 0.0 0.0 0.0 41.0 0.0 0.0 0.6859382655560998
49 40 51 0.0 0.0 0.0 0.0 2.0 0.0 0.0 0.6993006993006992
49 41 30 0.0 0.0 6.0 0.0 174.0 4.0 0.0 0.6433823529411764
49 41 31 0.0 0.0 8.0 0.0 322.0 2.0 0.0 0.6013745704467354
49 41 32 0.0 0.0 167.0 0.0 3770.0 17.0 129.0 0.23644654619152164
49 41 33 0.0 0.0 450.0 0.0 9299.0 18.0 2146.0 0.11926058437686342
49 41 34 0.0 0.0 459.0 0.0 9265.0 23.0 2136.0 0.11952531375394859
49 41 35 0.0 0.0 430.0 0.0 8140.0 21.0 1142.0 0.13267626990144046
49 41 36 0.0 0.0 693.0 0.0 11310.0 24.0 4610.0 0.0999857163262391
49 41 37 0.0 0.0 489.0 0.0 9506.0 24.0 2562.0 0.11684192956100815
49 41 38 0.0 0.0 1140.0 0.0 12915.0 31.0 11973.0 0.08714596949891067
49 41 39 0.0 0.0 819.0 0.0 12029.0 27.0 6915.0 0.09427609427609426
49 41 40 0.0 0.0 1045.0 0.0 12864.0 41.0 8354.0 0.08813345923827509
49 41 41 0.0 0.0 785.0 0.0 11648.0 18.0 5704.0 0.09701337398655671
49 41 42 0.0 0.0 822.0 0.0 11970.0 15.0 6081.0 0.09460098655314547
49 41 43 0.0 0.0 671.0 0.0 11164.0 27.0 5254.0 0.10122921185827909
49 41 44 0.0 0.0 398.0 0.0 8355.0 22.0 1460.0 0.13039023935922509
49 41 45 0.0 0.0 590.0 0.0 10225.0 19.0 2724.0 0.10931521824002498
49 41 46 0.0 0.0 480.0 0.0 9590.0 24.0 2122.0 0.11608623548922055
49 41 47 0.0 0.0 459.0 0.0 9113.0 17.0 1981.0 0.1210235131396957
49 41 48 0.0 0.0 257.0 0.0 5779.0 24.0 476.0 0.17460713394861557
49 41 49 0.0 0.0 45.0 0.0 869.0 8.0 3.0 0.48176187198898823
49 41 50 0.0 0.0 145.0 0.0 3931.0 13.0 149.0 0.23083264633140968
49 41 51 0.0 0.0 0.0 0.0 5.0 0.0 0.0 0.6982543640897755
49 42 30 0.0 0.0 0.0 0.0 11.0 0.0 0.0 0.6961710591745399
49 42 31 0.0 0.0 69.0 0.0 2071.0 10.0 23.0 0.33890099249576366
49 42 32 0.0 0.0 123.0 0.0 3607.0 13.0 119.0 0.244798041615667
49 42 33 0.0 0.0 311.0 0.0 6839.0 17.0 729.0 0.15323992994746058
49 42 34 0.0 0.0 273.0 0.0 6092.0 21.0 483.0 0.16778523489932884
49 42 35 0.0 0.0 698.0 0.0 11180.0 23.0 4409.0 0.10090817356205851
49 42 36 0.0 0.0 975.0 0.0 12643.0 34.0 8488.0 0.08967460927491673
49 42 37 0.0 0.0 570.0 0.0 10169.0 17.0 2749.0 0.10996779514570733
49 42 38 0.0 0.0 690.0 0.0 11080.0 26.0 3641.0 0.10180337405468294
49 42 39 0.0 0.0 746.0 0.0 11608.0 28.0 4580.0 0.09760858955588092
49 42 40 0.0 0.0 707.0 0.0 11509.0 32.0 4533.0 0.0986123828977953
49 42 41 0.0 0.0 1369.0 0.0 12864.0 44.0 17771.0 0.0862493839329719
49 42 42 0.0 0.0 879.0 0.0 12314.0 31.0 7063.0 0.09221446449743116
49 42 43 0.0 0.0 645.0 0.0 10914.0 20.0 3523.0 0.10329054153755349
49 42 44 0.0 0.0 563.0 0.0 10149.0 21.0 2855.0 0.11016682404784388
49 42 45 0.0 0.0 1020.0 0.0 12537.0 36.0 11024.0 0.08998585936495693
49 42 46 0.0 0.0 453.0 0.0 8399.0 26.0 1206.0 0.1291512915129151
49 42 47 0.0 0.0 214.0 0.0 4387.0 17.0 181.0 0.21253985122210411
49 42 48 0.0 0.0 73.0 0.0 2219.0 9.0 41.0 0.32687368666822314
49 42 49 0.0 0.0 70.0 0.0 1530.0 12.0 15.0 0.3901895206243032
49 42 50 0.0 0.0 0.0 0.0 45.0 0.0 0.0 0.6845965770171147
49 42 51 0.0 0.0 13.0 0.0 175.0 1.0 0.0 0.6401463191586647
49 43 30 0.0 0.0 0.0 0.0 17.0 0.0 0.0 0.694100148735746
49 43 31 0.0 0.0 87.0 0.0 2302.0 12.0 37.0 0.31970769582096364
49 43 32 0.0 0.0 356.0 0.0 7578.0 15.0 1011.0 0.1410153102336825
49 43 33 0.0 0.0 204.0 0.0 4833.0 19.0 248.0 0.19943019943019943
49 43 34 0.0 0.0 403.0 0.0 8154.0 27.0 1278.0 0.13285253368760674
49 43 35 0.0 0.0 704.0 0.0 11387.0 22.0 4508.0 0.0994388806023155
49 43 36 0.0 0.0 335.0 0.0 7888.0 25.0 1270.0 0.13717421124828533
49 43 37 0.0 0.0 365.0 0.0 7633.0 38.0 1002.0 0.1404776239213325
49 43 38 0.0 0.0 722.0 0.0 11431.0 12.0 5145.0 0.09886307464162135
49 43 39 0.0 0.0 946.0 0.0 12599.0 36.0 9962.0 0.09005531969638492
49 43 40 0.0 0.0 651.0 0.0 10875.0 26.0 3700.0 0.10355795547007914
49 43 41 0.0 0.0 584.0 0.0 10228.0 23.0 2757.0 0.10931521824002498
49 43 42 0.0 0.0 528.0 0.0 9476.0 24.0 1976.0 0.11678345011678343
49 43 43 0.0 0.0 189.0 0.0 4666.0 16.0 271.0 0.20467836257309938
49 43 44 0.0 0.0 856.0 0.0 12260.0 24.0 7181.0 0.09267840593141798
49 43 45 0.0 0.0 487.0 0.0 9100.0 21.0 1861.0 0.12089810017271155
49 43 46 0.0 0.0 206.0 0.0 5033.0 26.0 307.0 0.19404019404019401
49 43 47 0.0 0.0 83.0 0.0 2534.0 11.0 53.0 0.30408340573414416
49 43 48 0.0 0.0 51.0 0.0 1123.0 8.0 2.0 0.44219835754895764
49 43 49 0.0 0.0 1.0 0.0 37.0 1.0 0.0 0.6872852233676975
49 43 50 0.0 0.0 0.0 0.0 11.0 0.0 0.0 0.6961710591745399
49 43 51 0.0 0.0 0.0 0.0 4.0 0.0 0.0 0.6986027944111775
49 44 30 0.0 0.0 84.0 0.0 1728.0 14.0 13.0 0.36851803106080544
49 44 31 0.0 0.0 111.0 0.0 2789.0 14.0 41.0 0.28659160696008185
49 44 32 0.0 0.0 164.0 0.0 3500.0 11.0 112.0 0.2476999292285916
49 44 33 0.0 0.0 176.0 0.0 3844.0 23.0 144.0 0.23333333333333328
49 44 34 0.0 0.0 510.0 0.0 9759.0 30.0 2612.0 0.11432304425934998
49 44 35 0.0 0.0 624.0 0.0 10890.0 17.0 4365.0 0.10362694300518134
49 44 36 0.0 0.0 273.0 0.0 5847.0 21.0 474.0 0.17275419545903256
49 44 37 0.0 0.0 312.0 0.0 7284.0 23.0 1004.0 0.1461530431151477
49 44 38 0.0 0.0 759.0 0.0 11690.0 26.0 6096.0 0.096973055343908
49 44 39 0.0 0.0 566.0 0.0 9949.0 22.0 2503.0 0.11184788687385155
49 44 40 0.0 0.0 567.0 0.0 10233.0 16.0 2988.0 0.10937499999999999
49 44 41 0.0 0.0 253.0 0.0 6092.0 11.0 492.0 0.16790597265531298
49 44 42 0.0 0.0 179.0 0.0 4112.0 20.0 159.0 0.22317870237525902
49 44 43 0.0 0.0 130.0 0.0 3762.0 12.0 171.0 0.2379738228794832
49 44 44 0.0 0.0 123.0 0.0 3327.0 14.0 125.0 0.257494942063638
49 44 45 0.0 0.0 235.0 0.0 5307.0 14.0 317.0 0.185898287080069
49 44 46 0.0 0.0 181.0 0.0 4019.0 20.0 160.0 0.22646392753154312
49 44 47 0.0 0.0 5.0 0.0 218.0 3.0 0.0 0.6306306306306305
49 44 48 0.0 0.0 186.0 0.0 4230.0 12.0 198.0 0.2186133666458463
49 44 49 0.0 0.0 3.0 0.0 80.0 1.0 0.0 0.6724303554274734
49 44 50 0.0 0.0 224.0 0.0 4847.0 23.0 252.0 0.19860973187686193
49 44 51 0.0 0.0 0.0 0.0 2.0 0.0 0.0 0.6993006993006992
49 45 29 0.0 0.0 0.0 0.0 1.0 0.0 0.0 0.6996501749125437
49 45 30 0.0 0.0 0.0 0.0 3.0 0.0 0.0 0.6989515726410384
49 45 31 0.0 0.0 5.0 0.0 309.0 1.0 2.0 0.6052745352356247
49 45 32 0.0 0.0 70.0 0.0 2026.0 8.0 42.0 0.34246575342465746
49 45 33 0.0 0.0 247.0 0.0 5532.0 7.0 366.0 0.18006430868167198
49 45 34 0.0 0.0 93.0 0.0 2049.0 21.0 23.0 0.3398058252427184
49 45 35 0.0 0.0 641.0 0.0 10914.0 19.0 3799.0 0.10333628579864186
49 45 36 0.0 0.0 218.0 0.0 5013.0 19.0 239.0 0.1940670917660105
49 45 37 0.0 0.0 128.0 0.0 3257.0 11.0 75.0 0.2604651162790697
49 45 38 0.0 0.0 486.0 0.0 9250.0 20.0 1903.0 0.11941316956670076
49 45 39 0.0 0.0 203.0 0.0 4699.0 23.0 237.0 0.20357714119528864
49 45 40 0.0 0.0 163.0 0.0 4479.0 10.0 280.0 0.2110022607385079
49 45 41 0.0 0.0 112.0 0.0 2827.0 16.0 66.0 0.2843216896831844
49 45 42 0.0 0.0 122.0 0.0 3255.0 14.0 97.0 0.26104792093977247
49 45 43 0.0 0.0 257.0 0.0 5636.0 20.0 418.0 0.17780035560071117
49 45 44 0.0 0.0 100.0 0.0 2366.0 18.0 36.0 0.31467745560800175
49 45 45 0.0 0.0 71.0 0.0 1372.0 15.0 11.0 0.4084014002333722
49 45 46 0.0 0.0 355.0 0.0 6899.0 23.0 659.0 0.15154795410261962
49 45 47 0.0 0.0 14.0 0.0 361.0 2.0 0.0 0.5902192242833051
49 45 48 0.0 0.0 0.0 0.0 6.0 0.0 0.0 0.6979062811565303
49 45 49 0.0 0.0 0.0 0.0 2.0 0.0 0.0 0.6993006993006992
49 45 50 0.0 0.0 0.0 0.0 3.0 0.0 0.0 0.6989515726410384
49 45 51 0.0 0.0 0.0 0.0 2.0 0.0 0.0 0.6993006993006992
49 46 31 0.0 0.0 0.0 0.0 5.0 0.0 0.0 0.6982543640897755
49 46 32 0.0 0.0 6.0 0.0 103.0 2.0 0.0 0.6644518272425248
49 46 33 0.0 0.0 62.0 0.0 1488.0 12.0 14.0 0.39581566299123544
49 46 34 0.0 0.0 50.0 0.0 1405.0 15.0 9.0 0.40697674418604646
49 46 35 0.0 0.0 126.0 0.0 2963.0 14.0 60.0 0.2758620689655172
49 46 36 0.0 0.0 120.0 0.0 2886.0 16.0 55.0 0.2805611222444889
49 46 37 0.0 0.0 79.0 0.0 2130.0 15.0 27.0 0.33373063170441
49 46 38 0.0 0.0 135.0 0.0 2468.0 23.0 30.0 0.30561012879283994
49 46 39 0.0 0.0 90.0 0.0 2492.0 6.0 64.0 0.30581039755351674
49 46 40 0.0 0.0 112.0 0.0 2686.0 12.0 56.0 0.2925809822361546
49 46 41 0.0 0.0 23.0 0.0 488.0 7.0 2.0 0.5593288054334797
49 46 42 0.0 0.0 276.0 0.0 5214.0 23.0 279.0 0.18744142455482657
49 46 43 0.0 0.0 7.0 0.0 261.0 0.0 0.0 0.6172839506172839
49 46 44 0.0 0.0 11.0 0.0 135.0 6.0 0.0 0.6542056074766354
49 46 45 0.0 0.0 2.0 0.0 99.0 2.0 0.0 0.6669842782277274
49 46 46 0.0 0.0 0.0 0.0 49.0 0.0 1.0 0.6835937499999999
49 46 47 0.0 0.0 0.0 0.0 20.0 0.0 0.0 0.6930693069306929
49 46 48 0.0 0.0 0.0 0.0 7.0 0.0 0.0 0.6975585450921773
49 47 31 0.0 0.0 1.0 0.0 26.0 0.0 0.0 0.6906758756783422
49 47 32 0.0 0.0 0.0 0.0 3.0 0.0 0.0 0.6989515726410384
49 47 33 0.0 0.0 0.0 0.0 16.0 0.0 0.0 0.6944444444444444
49 47 34 0.0 0.0 0.0 0.0 13.0 0.0 0.0 0.695479384003974
49 47 35 0.0 0.0 38.0 0.0 1051.0 6.0 9.0 0.4541031462860849
49 47 36 0.0 0.0 0.0 0.0 25.0 0.0 0.0 0.6913580246913579
49 47 37 0.0 0.0 111.0 0.0 2547.0 22.0 38.0 0.3018542475204829
49 47 38 0.0 0.0 48.0 0.0 1077.0 11.0 4.0 0.44958253050738595
49 47 39 0.0 0.0 3.0 0.0 171.0 2.0 1.0 0.6445672191528544
49 47 40 0.0 0.0 4.0 0.0 196.0 1.0 1.0 0.6366530241018644
49 47 41 0.0 0.0 9.0 0.0 239.0 0.0 2.0 0.6227758007117437
49 47 42 0.0 0.0 0.0 0.0 43.0 0.0 0.0 0.6852667645619186
49 47 43 0.0 0.0 2.0 0.0 53.0 1.0 0.0 0.6815968841285296
49 47 44 0.0 0.0 13.0 0.0 182.0 0.0 0.0 0.6378132118451024
49 47 45 0.0 0.0 7.0 0.0 111.0 2.0 0.0 0.661625708884688
49 47 46 0.0 0.0 0.0 0.0 1.0 0.0 0.0 0.6996501749125437
49 48 34 0.0 0.0 0.0 0.0 1.0 0.0 0.0 0.6996501749125437
49 48 35 0.0 0.0 0.0 0.0 1.0 0.0 0.0 0.6996501749125437
49 48 36 0.0 0.0 0.0 0.0 3.0 0.0 0.0 0.6989515726410384
49 48 37 0.0 0.0 0.0 0.0 15.0 0.0 0.0 0.694789081885856
49 48 38 0.0 0.0 0.0 0.0 7.0 0.0 0.0 0.6975585450921773
49 48 39 0.0 0.0 20.0 0.0 318.0 6.0 0.0 0.6003430531732418
49 48 40 0.0 0.0 0.0 0.0 6.0 0.0 0.0 0.6979062811565303
49 48 41 0.0 0.0 0.0 0.0 3.0 0.0 0.0 0.6989515726410384
49 48 42 0.0 0.0 0.0 0.0 4.0 0.0 0.0 0.6986027944111775
49 49 34 0.0 0.0 0.0 0.0 2.0 0.0 0.0 0.6993006993006992
49 49 35 0.0 0.0 0.0 0.0 2.0 0.0 0.0 0.6993006993006992
49 49 36 0.0 0.0 0.0 0.0 3.0 0.0 0.0 0.6989515726410384
49 49 38 0.0 0.0 0.0 0.0 1.0 0.0 0.0 0.6996501749125437
49 49 39 0.0 0.0 0.0 0.0 1.0 0.0 0.0 0.6996501749125437
49 49 44 0.0 0.0 0.0 0.0 2.0 0.0 0.0 0.6993006993006992
50 31 39 0.0 0.0 0.0 0.0 2.0 0.0 0.0 0.6993006993006992
50 31 40 0.0 0.0 0.0 0.0 1.0 0.0 0.0 0.6996501749125437
50 31 41 0.0 0.0 0.0 0.0 3.0 0.0 0.0 0.6989515726410384
50 31 42 0.0 0.0 0.0 0.0 1.0 0.0 0.0 0.6996501749125437
50 32 34 0.0 0.0 0.0 0.0 1.0 0.0 0.0 0.6996501749125437
50 32 35 0.0 0.0 0.0 0.0 2.0 0.0 0.0 0.6993006993006992
50 32 36 0.0 0.0 19.0 0.0 346.0 2.0 1.0 0.5924672027084215
50 32 37 0.0 0.0 1.0 0.0 21.0 1.0 0.0 0.6930693069306929
50 32 38 0.0 0.0 23.0 0.0 428.0 5.0 1.0 0.5723630417007358
50 32 39 0.0 0.0 0.0 0.0 34.0 0.0 0.0 0.6882989183874139
50 32 40 0.0 0.0 0.0 0.0 33.0 0.0 0.0 0.6886374815543531
50 32 41 0.0 0.0 0.0 0.0 19.0 0.0 0.0 0.6934125804853887
50 32 42 0.0 0.0 0.0 0.0 9.0 0.0 0.0 0.6968641114982577
50 32 43 0.0 0.0 3.0 0.0 27.0 1.0 0.0 0.6899950714637751
50 32 44 0.0 0.0 0.0 0.0 2.0 0.0 0.0 0.6993006993006992
50 33 35 0.0 0.0 0.0 0.0 5.0 0.0 0.0 0.6982543640897755
50 33 36 0.0 0.0 0.0 0.0 46.0 0.0 0.0 0.6842619745845552
50 33 37 0.0 0.0 396.0 0.0 8037.0 27.0 1246.0 0.1344473254585614
50 33 38 0.0 0.0 210.0 0.0 4979.0 17.0 336.0 0.19498607242339833
50 33 39 0.0 0.0 43.0 0.0 966.0 11.0 4.0 0.46697798532354895
50 33 40 0.0 0.0 16.0 0.0 258.0 2.0 0.0 0.6164685160722148
50 33 41 0.0 0.0 254.0 0.0 5514.0 21.0 461.0 0.18050541516245483
50 33 42 0.0 0.0 17.0 0.0 372.0 4.0 0.0 0.5870020964360586
50 33 43 0.0 0.0 1.0 0.0 24.0 0.0 0.0 0.6916996047430829
50 33 44 0.0 0.0 0.0 0.0 30.0 0.0 0.0 0.689655172413793
50 33 45 0.0 0.0 0.0 0.0 1.0 0.0 0.0 0.6996501749125437
50 33 46 0.0 0.0 0.0 0.0 1.0 0.0 0.0 0.6996501749125437
50 34 32 0.0 0.0 0.0 0.0 1.0 0.0 0.0 0.6996501749125437
50 34 33 0.0 0.0 0.0 0.0 1.0 0.0 0.0 0.6996501749125437
50 34 34 0.0 0.0 0.0 0.0 9.0 0.0 0.0 0.6968641114982577
50 34 35 0.0 0.0 0.0 0.0 20.0 0.0 0.0 0.6930693069306929
50 34 36 0.0 0.0 6.0 0.0 173.0 2.0 0.0 0.6430868167202571
50 34 37 0.0 0.0 104.0 0.0 3479.0 15.0 155.0 0.2514367816091954
50 34 38 0.0 0.0 653.0 0.0 10764.0 25.0 3495.0 0.10439191708299157
50 34 39 0.0 0.0 237.0 0.0 5126.0 21.0 304.0 0.19057990743261632
50 34 40 0.0 0.0 46.0 0.0 1501.0 9.0 16.0 0.39581566299123544
50 34 41 0.0 0.0 50.0 0.0 1273.0 3.0 11.0 0.42194092827004215
50 34 42 0.0 0.0 2.0 0.0 120.0 2.0 0.0 0.6603773584905659
50 34 43 0.0 0.0 0.0 0.0 45.0 0.0 0.0 0.6845965770171147
50 34 44 0.0 0.0 6.0 0.0 156.0 2.0 0.0 0.648148148148148
50 34 45 0.0 0.0 0.0 0.0 20.0 0.0 0.0 0.6934125804853887
50 34 46 0.0 0.0 0.0 0.0 4.0 0.0 0.0 0.6986027944111775
50 34 47 0.0 0.0 0.0 0.0 5.0 0.0 0.0 0.6982543640897755
50 34 48 0.0 0.0 0.0 0.0 1.0 0.0 0.0 0.6996501749125437
50 35 31 0.0 0.0 0.0 0.0 2.0 0.0 0.0 0.6993006993006992
50 35 32 0.0 0.0 1.0 0.0 44.0 1.0 0.0 0.684931506849315
50 35 33 0.0 0.0 7.0 0.0 98.0 2.0 0.0 0.6657156443176413
50 35 34 0.0 0.0 98.0 0.0 2382.0 11.0 37.0 0.31319910514541377
50 35 35 0.0 0.0 1.0 0.0 110.0 0.0 0.0 0.6631927996210326
50 35 36 0.0 0.0 66.0 0.0 1547.0 14.0 14.0 0.3889969435954431
50 35 37 0.0 0.0 168.0 0.0 4086.0 20.0 175.0 0.2245749117741418
50 35 38 0.0 0.0 682.0 0.0 11100.0 34.0 4008.0 0.10168506682161532
50 35 39 0.0 0.0 332.0 0.0 6784.0 22.0 658.0 0.15386306187493126
50 35 40 0.0 0.0 321.0 0.0 6799.0 24.0 723.0 0.15369414864419803
50 35 41 0.0 0.0 9.0 0.0 290.0 3.0 0.0 0.6097560975609755
50 35 42 0.0 0.0 94.0 0.0 1833.0 13.0 19.0 0.3575989782886334
50 35 43 0.0 0.0 16.0 0.0 526.0 6.0 0.0 0.5522682445759368
50 35 44 0.0 0.0 148.0 0.0 3552.0 25.0 124.0 0.2466525722339675
50 35 45 0.0 0.0 5.0 0.0 202.0 3.0 0.0 0.6352087114337567
50 35 46 0.0 0.0 14.0 0.0 313.0 7.0 0.0 0.6034482758620688
50 35 47 0.0 0.0 155.0 0.0 4072.0 15.0 206.0 0.22529771483746378
50 35 48 0.0 0.0 2.0 0.0 4.0 1.0 0.0 0.6982543640897755
50 36 31 0.0 0.0 0.0 0.0 13.0 0.0 0.0 0.695479384003974
50 36 32 0.0 0.0 0.0 0.0 40.0 0.0 0.0 0.6862745098039215
50 36 33 0.0 0.0 7.0 0.0 177.0 1.0 0.0 0.6413192853870818
50 36 34 0.0 0.0 106.0 0.0 2435.0 11.0 43.0 0.3089825645552858
50 36 35 0.0 0.0 17.0 0.0 370.0 4.0 2.0 0.5874947545111203
50 36 36 0.0 0.0 306.0 0.0 6805.0 22.0 663.0 0.1539645881447267
50 36 37 0.0 0.0 257.0 0.0 5935.0 13.0 527.0 0.17112822393350444
50 36 38 0.0 0.0 329.0 0.0 6679.0 17.0 692.0 0.155659328441183
50 36 39 0.0 0.0 230.0 0.0 5464.0 17.0 339.0 0.18231540565177756
50 36 40 0.0 0.0 412.0 0.0 8276.0 19.0 1335.0 0.13112297461833847
50 36 41 0.0 0.0 23.0 0.0 739.0 8.0 4.0 0.5083514887436454
50 36 42 0.0 0.0 42.0 0.0 953.0 16.0 11.0 0.4701141705842847
50 36 43 0.0 0.0 159.0 0.0 3461.0 20.0 103.0 0.24995536511337257
50 36 44 0.0 0.0 247.0 0.0 5207.0 21.0 306.0 0.18832391713747643
50 36 45 0.0 0.0 13.0 0.0 719.0 3.0 1.0 0.5130084279956026
50 36 46 0.0 0.0 172.0 0.0 3504.0 23.0 89.0 0.2476999292285916
50 36 47 0.0 0.0 0.0 0.0 49.0 0.0 0.0 0.6832601268911663
50 36 48 0.0 0.0 0.0 0.0 9.0 0.0 0.0 0.6968641114982577
50 37 31 0.0 0.0 71.0 0.0 1469.0 16.0 16.0 0.3971631205673758
50 37 32 0.0 0.0 21.0 0.0 499.0 6.0 0.0 0.5568814638027048
50 37 33 0.0 0.0 8.0 0.0 351.0 2.0 2.0 0.5944798301486198
50 37 34 0.0 0.0 145.0 0.0 2940.0 18.0 73.0 0.2762430939226519
50 37 35 0.0 0.0 24.0 0.0 741.0 3.0 6.0 0.506879073135409
50 37 36 0.0 0.0 142.0 0.0 3269.0 19.0 95.0 0.25964391691394656
50 37 37 0.0 0.0 166.0 0.0 3713.0 24.0 118.0 0.23907103825136608
50 37 38 0.0 0.0 632.0 0.0 10713.0 23.0 3212.0 0.10494752623688154
50 37 39 0.0 0.0 669.0 0.0 10936.0 37.0 3254.0 0.10311556308462841
50 37 40 0.0 0.0 209.0 0.0 4742.0 21.0 247.0 0.20204935777168417
50 37 41 0.0 0.0 211.0 0.0 5016.0 13.0 277.0 0.19393267765618505
50 37 42 0.0 0.0 153.0 0.0 3789.0 16.0 115.0 0.23612750885478156
50 37 43 0.0 0.0 127.0 0.0 3047.0 18.0 73.0 0.2715283165244375
50 37 44 0.0 0.0 24.0 0.0 830.0 6.0 3.0 0.49157303370786515
50 37 45 0.0 0.0 16.0 0.0 843.0 7.0 3.0 0.49088359046283303
50 37 46 0.0 0.0 71.0 0.0 2072.0 16.0 30.0 0.33906514894647605
50 37 47 0.0 0.0 67.0 0.0 1726.0 9.0 18.0 0.3698811096433288
50 37 48 0.0 0.0 0.0 0.0 23.0 0.0 0.0 0.6920415224913494
50 38 30 0.0 0.0 0.0 0.0 4.0 0.0 0.0 0.6986027944111775
50 38 31 0.0 0.0 3.0 0.0 131.0 3.0 0.0 0.6569685593618019
50 38 32 0.0 0.0 372.0 0.0 7016.0 13.0 734.0 0.1492060108707236
50 38 33 0.0 0.0 272.0 0.0 5824.0 20.0 459.0 0.17326732673267323
50 38 34 0.0 0.0 381.0 0.0 7333.0 22.0 791.0 0.1443745488295349
50 38 35 0.0 0.0 21.0 0.0 768.0 7.0 2.0 0.5032350826743349
50 38 36 0.0 0.0 90.0 0.0 2305.0 15.0 48.0 0.31963470319634696
50 38 37 0.0 0.0 92.0 0.0 1997.0 17.0 24.0 0.3438958486858265
50 38 38 0.0 0.0 187.0 0.0 4324.0 20.0 183.0 0.21568325373594205
50 38 39 0.0 0.0 619.0 0.0 10424.0 33.0 2843.0 0.10749385749385748
50 38 40 0.0 0.0 631.0 0.0 10705.0 28.0 3079.0 0.10506566604127579
50 38 41 0.0 0.0 168.0 0.0 4028.0 13.0 154.0 0.22646392753154312
50 38 42 0.0 0.0 241.0 0.0 5513.0 24.0 402.0 0.18108912171775962
50 38 43 0.0 0.0 215.0 0.0 4365.0 20.0 189.0 0.21341463414634143
50 38 44 0.0 0.0 200.0 0.0 4475.0 25.0 214.0 0.21043138433789266
50 38 45 0.0 0.0 215.0 0.0 4006.0 22.0 124.0 0.22580645161290316
50 38 46 0.0 0.0 265.0 0.0 5372.0 16.0 354.0 0.18360655737704917
50 38 47 0.0 0.0 131.0 0.0 2968.0 14.0 78.0 0.2753195673549656
50 38 48 0.0 0.0 22.0 0.0 422.0 4.0 2.0 0.5737704918032785
50 38 49 0.0 0.0 0.0 0.0 1.0 0.0 0.0 0.6996501749125437
50 39 30 0.0 0.0 0.0 0.0 5.0 0.0 0.0 0.6982543640897755
50 39 31 0.0 0.0 38.0 0.0 980.0 10.0 4.0 0.46542553191489355
50 39 32 0.0 0.0 41.0 0.0 804.0 10.0 1.0 0.4938271604938271
50 39 33 0.0 0.0 200.0 0.0 3967.0 12.0 119.0 0.2274573517465475
50 39 34 0.0 0.0 157.0 0.0 3880.0 18.0 144.0 0.23251951503072574
50 39 35 0.0 0.0 140.0 0.0 3237.0 18.0 100.0 0.26114530871106134
50 39 36 0.0 0.0 216.0 0.0 4844.0 22.0 270.0 0.19886363636363635
50 39 37 0.0 0.0 15.0 0.0 718.0 3.0 2.0 0.5128205128205128
50 39 38 0.0 0.0 98.0 0.0 2815.0 11.0 82.0 0.2855977152182782
50 39 39 0.0 0.0 241.0 0.0 5663.0 13.0 403.0 0.17728251234646064
50 39 40 0.0 0.0 252.0 0.0 5593.0 17.0 389.0 0.17877665687651637
50 39 41 0.0 0.0 353.0 0.0 7395.0 20.0 926.0 0.14387010584729212
50 39 42 0.0 0.0 215.0 0.0 5377.0 23.0 363.0 0.18481848184818478
50 39 43 0.0 0.0 152.0 0.0 3149.0 25.0 73.0 0.2654531664770572
50 39 44 0.0 0.0 119.0 0.0 3230.0 18.0 90.0 0.26261489401613203
50 39 45 0.0 0.0 361.0 0.0 7230.0 15.0 733.0 0.14610728449175536
50 39 46 0.0 0.0 365.0 0.0 6795.0 20.0 671.0 0.15303891560996938
50 39 47 0.0 0.0 101.0 0.0 2391.0 11.0 41.0 0.31249999999999994
50 39 48 0.0 0.0 5.0 0.0 210.0 3.0 0.0 0.6329113924050632
50 39 49 0.0 0.0 0.0 0.0 7.0 0.0 0.0 0.6979062811565303
50 39 50 0.0 0.0 0.0 0.0 3.0 0.0 0.0 0.6989515726410384
50 40 29 0.0 0.0 0.0 0.0 1.0 0.0 0.0 0.6996501749125437
50 40 30 0.0 0.0 0.0 0.0 6.0 0.0 0.0 0.6979062811565303
50 40 31 0.0 0.0 2.0 0.0 44.0 0.0 0.0 0.6842619745845552
50 40 32 0.0 0.0 4.0 0.0 118.0 1.0 0.0 0.6603773584905659
50 40 33 0.0 0.0 231.0 0.0 5344.0 14.0 320.0 0.18508725542041246
50 40 34 0.0 0.0 26.0 0.0 832.0 11.0 3.0 0.4917456972251492
50 40 35 0.0 0.0 102.0 0.0 2820.0 15.0 81.0 0.2853648593558907
50 40 36 0.0 0.0 363.0 0.0 7124.0 25.0 798.0 0.14788211682687227
50 40 37 0.0 0.0 146.0 0.0 3346.0 7.0 94.0 0.2551950419248997
50 40 38 0.0 0.0 251.0 0.0 5404.0 19.0 359.0 0.1832700615263778
50 40 39 0.0 0.0 409.0 0.0 8276.0 26.0 1346.0 0.13124589856566982
50 40 40 0.0 0.0 76.0 0.0 2154.0 10.0 31.0 0.3317535545023696
50 40 41 0.0 0.0 421.0 0.0 8558.0 17.0 1539.0 0.12756264236902048
50 40 42 0.0 0.0 330.0 0.0 7035.0 15.0 713.0 0.14965259219668625
50 40 43 0.0 0.0 44.0 0.0 1049.0 8.0 3.0 0.4538087520259319
50 40 44 0.0 0.0 138.0 0.0 2877.0 13.0 47.0 0.2798321007395563
50 40 45 0.0 0.0 186.0 0.0 4186.0 20.0 173.0 0.22033364809568776
50 40 46 0.0 0.0 257.0 0.0 6765.0 21.0 822.0 0.1555209953343701
50 40 47 0.0 0.0 155.0 0.0 3026.0 21.0 57.0 0.2713178294573643
50 40 48 0.0 0.0 38.0 0.0 1329.0 8.0 16.0 0.4167907115212861
50 40 49 0.0 0.0 2.0 0.0 37.0 0.0 0.0 0.6866110838646394
50 40 50 0.0 0.0 0.0 0.0 11.0 0.0 0.0 0.6961710591745399
50 40 51 0.0 0.0 0.0 0.0 1.0 0.0 0.0 0.6996501749125437
50 41 30 0.0 0.0 0.0 0.0 2.0 0.0 0.0 0.6993006993006992
50 41 31 0.0 0.0 0.0 0.0 6.0 0.0 0.0 0.6979062811565303
50 41 32 0.0 0.0 60.0 0.0 1338.0 7.0 2.0 0.4128575641403715
50 41 33 0.0 0.0 171.0 0.0 3727.0 23.0 113.0 0.2382167772673132
50 41 34 0.0 0.0 174.0 0.0 4133.0 20.0 180.0 0.22264631043256994
50 41 35 0.0 0.0 131.0 0.0 3096.0 19.0 77.0 0.26892047637341526
50 41 36 0.0 0.0 76.0 0.0 2017.0 10.0 34.0 0.34280117531831533
50 41 37 0.0 0.0 106.0 0.0 2449.0 16.0 30.0 0.3083021360933715
50 41 38 0.0 0.0 230.0 0.0 5901.0 18.0 511.0 0.1724775163237649
50 41 39 0.0 0.0 421.0 0.0 8600.0 18.0 1703.0 0.12713403559752995
50 41 40 0.0 0.0 475.0 0.0 8972.0 22.0 1752.0 0.12240972282941327
50 41 41 0.0 0.0 349.0 0.0 7312.0 30.0 845.0 0.1453035806953814
50 41 42 0.0 0.0 474.0 0.0 9297.0 19.0 2077.0 0.11907799608743726
50 41 43 0.0 0.0 110.0 0.0 2832.0 23.0 58.0 0.2845528455284552
50 41 44 0.0 0.0 178.0 0.0 4744.0 14.0 273.0 0.20263424518743664
50 41 45 0.0 0.0 141.0 0.0 3194.0 18.0 78.0 0.2633063757758134
50 41 46 0.0 0.0 413.0 0.0 8178.0 21.0 1273.0 0.13237518910741297
50 41 47 0.0 0.0 40.0 0.0 957.0 8.0 7.0 0.46838407494145196
50 41 48 0.0 0.0 6.0 0.0 251.0 2.0 2.0 0.6211180124223601
50 41 49 0.0 0.0 0.0 0.0 10.0 0.0 0.0 0.6965174129353233
50 41 50 0.0 0.0 0.0 0.0 3.0 0.0 0.0 0.6989515726410384
50 41 51 0.0 0.0 0.0 0.0 2.0 0.0 0.0 0.6993006993006992
50 42 31 0.0 0.0 0.0 0.0 15.0 0.0 0.0 0.694789081885856
50 42 32 0.0 0.0 0.0 0.0 30.0 1.0 0.0 0.6899950714637751
50 42 33 0.0 0.0 10.0 0.0 242.0 4.0 0.0 0.6230529595015576
50 42 34 0.0 0.0 21.0 0.0 536.0 11.0 2.0 0.5498821681068342
50 42 35 0.0 0.0 77.0 0.0 1873.0 13.0 23.0 0.3555104113763331
50 42 36 0.0 0.0 352.0 0.0 7362.0 20.0 852.0 0.1443745488295349
50 42 37 0.0 0.0 191.0 0.0 4756.0 14.0 259.0 0.20193278523005911
50 42 38 0.0 0.0 251.0 0.0 5715.0 23.0 445.0 0.17618927762396172
50 42 39 0.0 0.0 190.0 0.0 4313.0 19.0 173.0 0.2158162478803761
50 42 40 0.0 0.0 296.0 0.0 6604.0 23.0 673.0 0.15765765765765763
50 42 41 0.0 0.0 283.0 0.0 6225.0 11.0 547.0 0.16466713714420134
50 42 42 0.0 0.0 124.0 0.0 3194.0 15.0 90.0 0.2639019792648445
50 42 43 0.0 0.0 53.0 0.0 1498.0 10.0 8.0 0.39536853996046306
50 42 44 0.0 0.0 162.0 0.0 3828.0 10.0 154.0 0.23407456946998825
50 42 45 0.0 0.0 143.0 0.0 3384.0 18.0 108.0 0.25412960609911056
50 42 46 0.0 0.0 121.0 0.0 3231.0 15.0 132.0 0.2622705133008617
50 42 47 0.0 0.0 8.0 0.0 220.0 2.0 0.0 0.6292134831460673
50 42 48 0.0 0.0 9.0 0.0 235.0 1.0 0.0 0.6241640659830583
50 42 49 0.0 0.0 0.0 0.0 2.0 0.0 0.0 0.6993006993006992
50 42 50 0.0 0.0 0.0 0.0 2.0 0.0 0.0 0.6993006993006992
50 43 30 0.0 0.0 0.0 0.0 1.0 0.0 0.0 0.6996501749125437
50 43 31 0.0 0.0 8.0 0.0 190.0 1.0 0.0 0.6372325898953117
50 43 32 0.0 0.0 0.0 0.0 12.0 0.0 0.0 0.6958250497017892
50 43 33 0.0 0.0 14.0 0.0 296.0 1.0 1.0 0.606585788561525
50 43 34 0.0 0.0 145.0 0.0 2839.0 18.0 50.0 0.28191703584373734
50 43 35 0.0 0.0 338.0 0.0 6733.0 24.0 634.0 0.15467904098994584
50 43 36 0.0 0.0 158.0 0.0 3904.0 9.0 132.0 0.23125206475057808
50 43 37 0.0 0.0 183.0 0.0 3873.0 15.0 134.0 0.23167301009432398
50 43 38 0.0 0.0 161.0 0.0 3105.0 22.0 80.0 0.26702269692923897
50 43 39 0.0 0.0 511.0 0.0 9715.0 13.0 2368.0 0.11453816575308844
50 43 40 0.0 0.0 851.0 0.0 12113.0 30.0 6266.0 0.09360791655522865
50 43 41 0.0 0.0 311.0 0.0 6567.0 18.0 636.0 0.15792442188381273
50 43 42 0.0 0.0 30.0 0.0 960.0 5.0 7.0 0.4690117252931323
50 43 43 0.0 0.0 152.0 0.0 3459.0 15.0 96.0 0.25004465083050537
50 43 44 0.0 0.0 11.0 0.0 416.0 4.0 1.0 0.5777961205117622
50 43 45 0.0 0.0 15.0 0.0 363.0 6.0 2.0 0.5902192242833051
50 43 46 0.0 0.0 5.0 0.0 158.0 1.0 0.0 0.6475485661424606
50 43 47 0.0 0.0 0.0 0.0 15.0 0.0 0.0 0.694789081885856
50 43 48 0.0 0.0 0.0 0.0 5.0 0.0 0.0 0.6982543640897755
50 43 49 0.0 0.0 0.0 0.0 6.0 0.0 0.0 0.6979062811565303
50 43 50 0.0 0.0 0.0 0.0 3.0 0.0 0.0 0.6989515726410384
50 43 51 0.0 0.0 0.0 0.0 2.0 0.0 0.0 0.6993006993006992
50 44 31 0.0 0.0 0.0 0.0 6.0 0.0 0.0 0.6979062811565303
50 44 32 0.0 0.0 12.0 0.0 333.0 3.0 1.0 0.5977796754910332
50 44 33 0.0 0.0 16.0 0.0 399.0 4.0 0.0 0.5806719203649937
50 44 34 0.0 0.0 121.0 0.0 2697.0 17.0 51.0 0.29166666666666663
50 44 35 0.0 0.0 30.0 0.0 669.0 6.0 2.0 0.5200594353640415
50 44 36 0.0 0.0 0.0 0.0 151.0 0.0 0.0 0.6511627906976742
50 44 37 0.0 0.0 13.0 0.0 572.0 7.0 2.0 0.543056633048875
50 44 38 0.0 0.0 26.0 0.0 955.0 3.0 5.0 0.47027208599260995
50 44 39 0.0 0.0 129.0 0.0 2808.0 22.0 56.0 0.28472645922310347
50 44 40 0.0 0.0 6.0 0.0 335.0 3.0 0.0 0.5988023952095808
50 44 41 0.0 0.0 4.0 0.0 190.0 1.0 0.0 0.6383948928408572
50 44 42 0.0 0.0 23.0 0.0 683.0 3.0 2.0 0.5179430262671106
50 44 43 0.0 0.0 355.0 0.0 7416.0 17.0 936.0 0.14333981775366025
50 44 44 0.0 0.0 0.0 0.0 73.0 1.0 0.0 0.6756756756756755
50 44 45 0.0 0.0 3.0 0.0 166.0 2.0 1.0 0.646054453161052
50 44 46 0.0 0.0 8.0 0.0 132.0 1.0 0.0 0.6545114539504441
50 44 47 0.0 0.0 0.0 0.0 24.0 0.0 0.0 0.6916996047430829
50 44 48 0.0 0.0 0.0 0.0 6.0 0.0 0.0 0.6979062811565303
50 44 49 0.0 0.0 0.0 0.0 5.0 0.0 0.0 0.6982543640897755
50 44 50 0.0 0.0 0.0 0.0 2.0 0.0 0.0 0.6993006993006992
50 44 51 0.0 0.0 0.0 0.0 2.0 0.0 0.0 0.6993006993006992
50 45 30 0.0 0.0 0.0 0.0 3.0 0.0 0.0 0.6989515726410384
50 45 31 0.0 0.0 0.0 0.0 1.0 0.0 0.0 0.6996501749125437
50 45 32 0.0 0.0 1.0 0.0 2.0 0.0 0.0 0.6989515726410384
50 45 33 0.0 0.0 0.0 0.0 48.0 0.0 0.0 0.6835937499999999
50 45 34 0.0 0.0 228.0 0.0 4405.0 26.0 175.0 0.21183234982599483
50 45 35 0.0 0.0 128.0 0.0 2779.0 19.0 65.0 0.28647431962349085
50 45 36 0.0 0.0 31.0 0.0 798.0 14.0 2.0 0.4973357015985789
50 45 37 0.0 0.0 430.0 0.0 8152.0 20.0 1225.0 0.13247539742619227
50 45 38 0.0 0.0 10.0 0.0 311.0 1.0 0.0 0.6034482758620688
50 45 39 0.0 0.0 42.0 0.0 958.0 5.0 10.0 0.46744574290484137
50 45 40 0.0 0.0 14.0 0.0 492.0 7.0 4.0 0.5602240896358542
50 45 41 0.0 0.0 0.0 0.0 22.0 0.0 0.0 0.6923837784371908
50 45 42 0.0 0.0 0.0 0.0 32.0 0.0 0.0 0.6889763779527558
50 45 43 0.0 0.0 0.0 0.0 37.0 0.0 0.0 0.6872852233676975
50 45 44 0.0 0.0 1.0 0.0 32.0 0.0 0.0 0.6886374815543531
50 45 45 0.0 0.0 0.0 0.0 15.0 0.0 0.0 0.694789081885856
50 45 46 0.0 0.0 0.0 0.0 11.0 0.0 0.0 0.6961710591745399
50 45 47 0.0 0.0 0.0 0.0 10.0 0.0 0.0 0.6968641114982577
50 45 48 0.0 0.0 0.0 0.0 6.0 0.0 0.0 0.6979062811565303
50 45 49 0.0 0.0 0.0 0.0 2.0 0.0 0.0 0.6993006993006992
50 45 50 0.0 0.0 0.0 0.0 2.0 0.0 0.0 0.6993006993006992
50 45 51 0.0 0.0 1.0 0.0 10.0 0.0 0.0 0.6961710591745399
50 46 32 0.0 0.0 0.0 0.0 1.0 0.0 0.0 0.6996501749125437
50 46 33 0.0 0.0 0.0 0.0 10.0 0.0 0.0 0.6965174129353233
50 46 34 0.0 0.0 0.0 0.0 32.0 0.0 0.0 0.6893156080748399
50 46 35 0.0 0.0 18.0 0.0 370.0 4.0 0.0 0.587248322147651
50 46 36 0.0 0.0 146.0 0.0 2891.0 16.0 49.0 0.27877339705296694
50 46 37 0.0 0.0 7.0 0.0 156.0 0.0 0.0 0.6472491909385112
50 46 38 0.0 0.0 2.0 0.0 85.0 0.0 0.0 0.670819357930043
50 46 39 0.0 0.0 21.0 0.0 432.0 6.0 0.0 0.5721291377196566
50 46 40 0.0 0.0 0.0 0.0 9.0 0.0 0.0 0.6968641114982577
50 46 41 0.0 0.0 0.0 0.0 1.0 0.0 0.0 0.6996501749125437
50 46 42 0.0 0.0 9.0 0.0 221.0 2.0 0.0 0.6283662477558347
50 46 43 0.0 0.0 0.0 0.0 7.0 0.0 0.0 0.6975585450921773
50 46 44 0.0 0.0 0.0 0.0 3.0 0.0 0.0 0.6989515726410384
50 46 45 0.0 0.0 0.0 0.0 3.0 0.0 0.0 0.6989515726410384
50 46 46 0.0 0.0 0.0 0.0 6.0 0.0 0.0 0.6979062811565303
50 46 47 0.0 0.0 0.0 0.0 8.0 0.0 0.0 0.697211155378486
50 46 48 0.0 0.0 0.0 0.0 1.0 0.0 0.0 0.6996501749125437
50 47 35 0.0 0.0 0.0 0.0 3.0 0.0 0.0 0.6989515726410384
50 47 36 0.0 0.0 0.0 0.0 3.0 0.0 0.0 0.6989515726410384
50 47 37 0.0 0.0 0.0 0.0 5.0 0.0 0.0 0.6982543640897755
50 47 38 0.0 0.0 0.0 0.0 2.0 0.0 0.0 0.6996501749125437
50 47 41 0.0 0.0 0.0 0.0 1.0 0.0 0.0 0.6996501749125437
50 47 42 0.0 0.0 0.0 0.0 2.0 0.0 0.0 0.6993006993006992
50 47 43 0.0 0.0 0.0 0.0 2.0 0.0 0.0 0.6993006993006992
50 48 37 0.0 0.0 2.0 0.0 23.0 1.0 0.0 0.6916996047430829
50 48 38 0.0 0.0 0.0 0.0 1.0 0.0 0.0 0.6996501749125437
51 32 36 0.0 0.0 0.0 0.0 9.0 0.0 0.0 0.6968641114982577
51 32 37 0.0 0.0 1.0 0.0 45.0 0.0 0.0 0.6842619745845552
51 32 38 0.0 0.0 0.0 0.0 11.0 0.0 0.0 0.6961710591745399
51 32 39 0.0 0.0 1.0 0.0 34.0 1.0 0.0 0.6882989183874139
51 32 40 0.0 0.0 7.0 0.0 87.0 5.0 0.0 0.6701771182383915
51 32 41 0.0 0.0 1.0 0.0 10.0 0.0 0.0 0.6961710591745399
51 32 42 0.0 0.0 0.0 0.0 3.0 0.0 0.0 0.6989515726410384
51 33 36 0.0 0.0 0.0 0.0 19.0 0.0 0.0 0.6934125804853887
51 33 37 0.0 0.0 1.0 0.0 49.0 0.0 0.0 0.6829268292682925
51 33 38 0.0 0.0 227.0 0.0 5096.0 16.0 270.0 0.1914922719190261
51 33 39 0.0 0.0 0.0 0.0 48.0 0.0 0.0 0.6835937499999999
51 33 40 0.0 0.0 0.0 0.0 17.0 1.0 0.0 0.6944444444444444
51 33 41 0.0 0.0 0.0 0.0 7.0 0.0 0.0 0.6975585450921773
51 33 42 0.0 0.0 0.0 0.0 5.0 0.0 0.0 0.6982543640897755
51 34 34 0.0 0.0 0.0 0.0 1.0 0.0 0.0 0.6996501749125437
51 34 35 0.0 0.0 0.0 0.0 2.0 0.0 0.0 0.6993006993006992
51 34 36 0.0 0.0 3.0 0.0 55.0 0.0 0.0 0.6802721088435373
51 34 37 0.0 0.0 11.0 0.0 413.0 2.0 2.0 0.5780346820809247
51 34 38 0.0 0.0 79.0 0.0 1977.0 10.0 27.0 0.3459352606869285
51 34 39 0.0 0.0 3.0 0.0 76.0 0.0 0.0 0.6734006734006733
51 34 40 0.0 0.0 0.0 0.0 12.0 0.0 0.0 0.6958250497017892
51 34 41 0.0 0.0 0.0 0.0 9.0 0.0 0.0 0.6968641114982577
51 34 42 0.0 0.0 0.0 0.0 5.0 0.0 0.0 0.6982543640897755
51 34 45 0.0 0.0 2.0 0.0 15.0 1.0 0.0 0.6944444444444444
51 34 46 0.0 0.0 0.0 0.0 1.0 0.0 0.0 0.6996501749125437
51 34 47 0.0 0.0 0.0 0.0 1.0 0.0 0.0 0.6996501749125437
51 34 48 0.0 0.0 0.0 0.0 1.0 0.0 0.0 0.6996501749125437
51 35 33 0.0 0.0 0.0 0.0 2.0 0.0 0.0 0.6993006993006992
51 35 35 0.0 0.0 0.0 0.0 3.0 0.0 0.0 0.6989515726410384
51 35 36 0.0 0.0 0.0 0.0 15.0 0.0 0.0 0.694789081885856
51 35 37 0.0 0.0 77.0 0.0 1968.0 15.0 32.0 0.347394540942928
51 35 38 0.0 0.0 7.0 0.0 219.0 3.0 0.0 0.63006300630063
51 35 39 0.0 0.0 0.0 0.0 112.0 0.0 0.0 0.6635071090047392
51 35 40 0.0 0.0 0.0 0.0 42.0 0.0 0.0 0.6856023506366307
51 35 41 0.0 0.0 0.0 0.0 18.0 0.0 0.0 0.6937561942517343
51 35 43 0.0 0.0 0.0 0.0 6.0 0.0 0.0 0.6979062811565303
51 35 44 0.0 0.0 0.0 0.0 1.0 0.0 0.0 0.6996501749125437
51 35 45 0.0 0.0 0.0 0.0 6.0 0.0 0.0 0.6979062811565303
51 35 46 0.0 0.0 1.0 0.0 14.0 0.0 0.0 0.694789081885856
51 35 47 0.0 0.0 0.0 0.0 6.0 0.0 0.0 0.6979062811565303
51 35 48 0.0 0.0 0.0 0.0 2.0 0.0 0.0 0.6993006993006992
51 36 34 0.0 0.0 0.0 0.0 2.0 0.0 0.0 0.6993006993006992
51 36 35 0.0 0.0 0.0 0.0 9.0 0.0 0.0 0.6968641114982577
51 36 36 0.0 0.0 0.0 0.0 29.0 1.0 0.0 0.6906758756783422
51 36 37 0.0 0.0 23.0 0.0 593.0 6.0 2.0 0.5366040628593329
51 36 38 0.0 0.0 52.0 0.0 1209.0 14.0 7.0 0.4311672312904219
51 36 39 0.0 0.0 2.0 0.0 186.0 2.0 0.0 0.6404391582799633
51 36 40 0.0 0.0 14.0 0.0 220.0 4.0 0.0 0.6278026905829596
51 36 41 0.0 0.0 1.0 0.0 103.0 1.0 1.0 0.6657156443176413
51 36 42 0.0 0.0 0.0 0.0 6.0 0.0 0.0 0.6979062811565303
51 36 43 0.0 0.0 0.0 0.0 8.0 0.0 0.0 0.697211155378486
51 36 44 0.0 0.0 0.0 0.0 8.0 0.0 0.0 0.697211155378486
51 36 45 0.0 0.0 0.0 0.0 4.0 0.0 0.0 0.6986027944111775
51 36 46 0.0 0.0 0.0 0.0 8.0 0.0 0.0 0.697211155378486
51 36 47 0.0 0.0 0.0 0.0 4.0 0.0 0.0 0.6986027944111775
51 36 48 0.0 0.0 0.0 0.0 4.0 0.0 0.0 0.6986027944111775
51 37 31 0.0 0.0 0.0 0.0 4.0 0.0 0.0 0.6986027944111775
51 37 32 0.0 0.0 3.0 0.0 64.0 0.0 0.0 0.6773101112723753
51 37 33 0.0 0.0 2.0 0.0 66.0 0.0 0.0 0.6769825918762088
51 37 34 0.0 0.0 0.0 0.0 8.0 0.0 0.0 0.697211155378486
51 37 35 0.0 0.0 0.0 0.0 12.0 0.0 0.0 0.6958250497017892
51 37 36 0.0 0.0 9.0 0.0 216.0 2.0 0.0 0.6297795771479981
51 37 37 0.0 0.0 59.0 0.0 1494.0 8.0 9.0 0.3949224259520451
51 37 38 0.0 0.0 5.0 0.0 278.0 1.0 0.0 0.6134969325153373
51 37 39 0.0 0.0 284.0 0.0 5798.0 20.0 443.0 0.17350353203618787
51 37 40 0.0 0.0 28.0 0.0 723.0 5.0 1.0 0.5100182149362477
51 37 41 0.0 0.0 1.0 0.0 54.0 0.0 0.0 0.6812652068126519
51 37 42 0.0 0.0 0.0 0.0 8.0 0.0 0.0 0.697211155378486
51 37 43 0.0 0.0 1.0 0.0 11.0 0.0 0.0 0.6961710591745399
51 37 44 0.0 0.0 0.0 0.0 10.0 0.0 0.0 0.6965174129353233
51 37 45 0.0 0.0 0.0 0.0 13.0 0.0 0.0 0.6958250497017892
51 37 46 0.0 0.0 2.0 0.0 52.0 0.0 0.0 0.6815968841285296
51 37 47 0.0 0.0 0.0 0.0 6.0 0.0 0.0 0.6979062811565303
51 37 48 0.0 0.0 0.0 0.0 1.0 0.0 0.0 0.6996501749125437
51 38 31 0.0 0.0 0.0 0.0 12.0 0.0 0.0 0.6958250497017892
51 38 32 0.0 0.0 0.0 0.0 12.0 0.0 0.0 0.6958250497017892
51 38 33 0.0 0.0 6.0 0.0 198.0 2.0 0.0 0.6357856494096276
51 38 34 0.0 0.0 1.0 0.0 17.0 0.0 0.0 0.6937561942517343
51 38 35 0.0 0.0 0.0 0.0 15.0 0.0 0.0 0.694789081885856
51 38 36 0.0 0.0 0.0 0.0 12.0 0.0 0.0 0.6958250497017892
51 38 37 0.0 0.0 0.0 0.0 31.0 0.0 0.0 0.6893156080748399
51 38 38 0.0 0.0 34.0 0.0 630.0 8.0 1.0 0.5271084337349397
51 38 39 0.0 0.0 63.0 0.0 1670.0 13.0 15.0 0.3763440860215053
51 38 40 0.0 0.0 87.0 0.0 2057.0 11.0 22.0 0.33873699491894504
51 38 41 0.0 0.0 11.0 0.0 283.0 2.0 1.0 0.6108202443280977
51 38 42 0.0 0.0 3.0 0.0 172.0 1.0 0.0 0.6439742410303587
51 38 43 0.0 0.0 0.0 0.0 13.0 0.0 0.0 0.695479384003974
51 38 44 0.0 0.0 2.0 0.0 15.0 1.0 0.0 0.6944444444444444
51 38 45 0.0 0.0 0.0 0.0 29.0 0.0 0.0 0.6899950714637751
51 38 46 0.0 0.0 3.0 0.0 37.0 3.0 0.0 0.6872852233676975
51 38 47 0.0 0.0 0.0 0.0 5.0 0.0 0.0 0.6982543640897755
51 39 31 0.0 0.0 0.0 0.0 1.0 0.0 0.0 0.6996501749125437
51 39 32 0.0 0.0 0.0 0.0 18.0 0.0 0.0 0.6937561942517343
51 39 33 0.0 0.0 1.0 0.0 79.0 1.0 0.0 0.6734006734006733
51 39 34 0.0 0.0 1.0 0.0 21.0 1.0 0.0 0.6927263730826323
51 39 35 0.0 0.0 0.0 0.0 19.0 0.0 0.0 0.6934125804853887
51 39 36 0.0 0.0 1.0 0.0 25.0 1.0 0.0 0.6913580246913579
51 39 37 0.0 0.0 1.0 0.0 16.0 0.0 0.0 0.694100148735746
51 39 38 0.0 0.0 2.0 0.0 36.0 1.0 0.0 0.6872852233676975
51 39 39 0.0 0.0 0.0 0.0 77.0 0.0 0.0 0.6740491092922483
51 39 40 0.0 0.0 140.0 0.0 3073.0 22.0 77.0 0.2696456086286594
51 39 41 0.0 0.0 1.0 0.0 111.0 2.0 0.0 0.6638217164532954
51 39 42 0.0 0.0 0.0 0.0 45.0 0.0 0.0 0.6845965770171147
51 39 43 0.0 0.0 0.0 0.0 13.0 0.0 0.0 0.695479384003974
51 39 44 0.0 0.0 0.0 0.0 14.0 0.0 0.0 0.6951340615690167
51 39 45 0.0 0.0 2.0 0.0 62.0 1.0 1.0 0.6786233640329616
51 39 46 0.0 0.0 11.0 0.0 331.0 2.0 1.0 0.5982905982905982
51 39 47 0.0 0.0 1.0 0.0 58.0 0.0 0.0 0.6799417192812044
51 39 48 0.0 0.0 0.0 0.0 4.0 0.0 0.0 0.6986027944111775
51 40 32 0.0 0.0 0.0 0.0 6.0 0.0 0.0 0.6979062811565303
51 40 33 0.0 0.0 1.0 0.0 21.0 0.0 0.0 0.6923837784371908
51 40 34 0.0 0.0 0.0 0.0 12.0 0.0 0.0 0.6958250497017892
51 40 35 0.0 0.0 0.0 0.0 11.0 0.0 0.0 0.6961710591745399
51 40 36 0.0 0.0 10.0 0.0 271.0 2.0 0.0 0.6143045195261079
51 40 37 0.0 0.0 0.0 0.0 28.0 0.0 0.0 0.690335305719921
51 40 38 0.0 0.0 20.0 0.0 419.0 8.0 1.0 0.5758946935417523
51 40 39 0.0 0.0 82.0 0.0 2017.0 13.0 35.0 0.3426333822809593
51 40 40 0.0 0.0 27.0 0.0 614.0 6.0 1.0 0.5313092979127134
51 40 41 0.0 0.0 108.0 0.0 2501.0 14.0 45.0 0.3047453199825859
51 40 42 0.0 0.0 86.0 0.0 1660.0 15.0 9.0 0.37523452157598497
51 40 43 0.0 0.0 0.0 0.0 25.0 0.0 0.0 0.6913580246913579
51 40 44 0.0 0.0 0.0 0.0 16.0 0.0 0.0 0.6944444444444444
51 40 45 0.0 0.0 7.0 0.0 216.0 2.0 1.0 0.6303466906798738
51 40 46 0.0 0.0 3.0 0.0 38.0 0.0 0.0 0.6859382655560998
51 40 47 0.0 0.0 0.0 0.0 29.0 0.0 0.0 0.690335305719921
51 40 48 0.0 0.0 0.0 0.0 2.0 0.0 0.0 0.6993006993006992
51 41 31 0.0 0.0 0.0 0.0 1.0 0.0 0.0 0.6996501749125437
51 41 32 0.0 0.0 4.0 0.0 85.0 4.0 0.0 0.6714628297362109
51 41 33 0.0 0.0 0.0 0.0 5.0 0.0 0.0 0.6982543640897755
51 41 34 0.0 0.0 0.0 0.0 7.0 0.0 0.0 0.6975585450921773
51 41 35 0.0 0.0 4.0 0.0 160.0 0.0 1.0 0.6469500924214416
51 41 36 0.0 0.0 0.0 0.0 19.0 0.0 0.0 0.6934125804853887
51 41 37 0.0 0.0 0.0 0.0 41.0 0.0 0.0 0.6859382655560998
51 41 38 0.0 0.0 11.0 0.0 289.0 5.0 2.0 0.6100217864923746
51 41 39 0.0 0.0 33.0 0.0 766.0 6.0 2.0 0.5014326647564469
51 41 40 0.0 0.0 54.0 0.0 1133.0 10.0 10.0 0.4406672961913755
51 41 41 0.0 0.0 3.0 0.0 84.0 0.0 0.0 0.670819357930043
51 41 42 0.0 0.0 9.0 0.0 239.0 1.0 2.0 0.6230529595015576
51 41 43 0.0 0.0 6.0 0.0 106.0 3.0 0.0 0.6638217164532954
51 41 44 0.0 0.0 0.0 0.0 11.0 0.0 0.0 0.6961710591745399
51 41 45 0.0 0.0 8.0 0.0 119.0 5.0 0.0 0.6597549481621111
51 41 46 0.0 0.0 5.0 0.0 80.0 0.0 0.0 0.6714628297362109
51 41 47 0.0 0.0 1.0 0.0 37.0 0.0 0.0 0.6872852233676975
51 41 48 0.0 0.0 0.0 0.0 6.0 0.0 0.0 0.6979062811565303
51 42 33 0.0 0.0 22.0 0.0 459.0 4.0 1.0 0.5651998385143318
51 42 34 0.0 0.0 2.0 0.0 74.0 1.0 0.0 0.6746987951807227
51 42 35 0.0 0.0 1.0 0.0 9.0 0.0 0.0 0.6965174129353233
51 42 36 0.0 0.0 8.0 0.0 159.0 1.0 0.0 0.6463527239150507
51 42 37 0.0 0.0 47.0 0.0 1310.0 9.0 6.0 0.4181600955794504
51 42 38 0.0 0.0 44.0 0.0 1169.0 11.0 8.0 0.4372267332916926
51 42 39 0.0 0.0 6.0 0.0 325.0 1.0 2.0 0.6011163589523401
51 42 40 0.0 0.0 111.0 0.0 2631.0 13.0 41.0 0.2959205242020714
51 42 41 0.0 0.0 1.0 0.0 87.0 0.0 0.0 0.6704980842911876
51 42 42 0.0 0.0 57.0 0.0 1482.0 7.0 16.0 0.3963759909399773
51 42 43 0.0 0.0 4.0 0.0 118.0 1.0 0.0 0.66006600660066
51 42 44 0.0 0.0 0.0 0.0 2.0 0.0 0.0 0.6993006993006992
51 42 45 0.0 0.0 0.0 0.0 21.0 0.0 0.0 0.6927263730826323
51 42 46 0.0 0.0 0.0 0.0 11.0 0.0 0.0 0.6961710591745399
51 42 47 0.0 0.0 0.0 0.0 12.0 0.0 0.0 0.6958250497017892
51 42 48 0.0 0.0 0.0 0.0 1.0 0.0 0.0 0.6996501749125437
51 43 34 0.0 0.0 0.0 0.0 3.0 0.0 0.0 0.6989515726410384
51 43 35 0.0 0.0 0.0 0.0 14.0 0.0 0.0 0.6951340615690167
51 43 36 0.0 0.0 1.0 0.0 19.0 1.0 0.0 0.6934125804853887
51 43 37 0.0 0.0 0.0 0.0 10.0 0.0 0.0 0.6965174129353233
51 43 38 0.0 0.0 0.0 0.0 44.0 0.0 0.0 0.684931506849315
51 43 39 0.0 0.0 23.0 0.0 414.0 7.0 1.0 0.5761316872427983
51 43 40 0.0 0.0 126.0 0.0 3188.0 14.0 93.0 0.26415094339622636
51 43 41 0.0 0.0 4.0 0.0 146.0 0.0 0.0 0.6511627906976742
51 43 42 0.0 0.0 1.0 0.0 29.0 1.0 0.0 0.6899950714637751
51 43 43 0.0 0.0 0.0 0.0 13.0 0.0 0.0 0.6961710591745399
51 43 44 0.0 0.0 4.0 0.0 64.0 2.0 0.0 0.6776379477250725
51 43 45 0.0 0.0 0.0 0.0 7.0 0.0 0.0 0.6975585450921773
51 43 46 0.0 0.0 0.0 0.0 3.0 0.0 0.0 0.6989515726410384
51 44 34 0.0 0.0 5.0 0.0 48.0 2.0 0.0 0.68259385665529
51 44 35 0.0 0.0 0.0 0.0 5.0 0.0 0.0 0.6982543640897755
51 44 36 0.0 0.0 0.0 0.0 16.0 0.0 0.0 0.6944444444444444
51 44 37 0.0 0.0 0.0 0.0 16.0 0.0 0.0 0.6944444444444444
51 44 38 0.0 0.0 1.0 0.0 57.0 1.0 0.0 0.6806028196402526
51 44 39 0.0 0.0 34.0 0.0 1123.0 3.0 14.0 0.4438807863031071
51 44 40 0.0 0.0 1.0 0.0 76.0 0.0 0.0 0.6740491092922483
51 44 41 0.0 0.0 0.0 0.0 68.0 0.0 0.0 0.6773101112723753
51 44 42 0.0 0.0 0.0 0.0 17.0 0.0 0.0 0.694100148735746
51 44 43 0.0 0.0 0.0 0.0 16.0 0.0 0.0 0.6944444444444444
51 44 44 0.0 0.0 2.0 0.0 30.0 0.0 0.0 0.6889763779527558
51 45 33 0.0 0.0 0.0 0.0 3.0 0.0 0.0 0.6989515726410384
51 45 34 0.0 0.0 0.0 0.0 1.0 0.0 0.0 0.6996501749125437
51 45 35 0.0 0.0 0.0 0.0 1.0 0.0 0.0 0.6996501749125437
51 45 36 0.0 0.0 0.0 0.0 11.0 0.0 0.0 0.6961710591745399
51 45 37 0.0 0.0 1.0 0.0 37.0 0.0 0.0 0.6869479882237487
51 45 38 0.0 0.0 0.0 0.0 14.0 0.0 0.0 0.6951340615690167
51 45 40 0.0 0.0 0.0 0.0 1.0 0.0 0.0 0.6996501749125437
51 45 42 0.0 0.0 0.0 0.0 11.0 0.0 0.0 0.6961710591745399
51 45 43 0.0 0.0 119.0 0.0 2995.0 8.0 69.0 0.27418723070896983
51 45 44 0.0 0.0 0.0 0.0 8.0 0.0 0.0 0.697211155378486
51 46 33 0.0 0.0 0.0 0.0 1.0 0.0 0.0 0.6996501749125437
51 46 34 0.0 0.0 1.0 0.0 44.0 0.0 0.0 0.6845965770171147
51 46 35 0.0 0.0 0.0 0.0 2.0 0.0 0.0 0.6993006993006992
51 46 36 0.0 0.0 0.0 0.0 9.0 0.0 0.0 0.6968641114982577
51 46 37 0.0 0.0 0.0 0.0 8.0 0.0 0.0 0.697211155378486
51 46 38 0.0 0.0 0.0 0.0 9.0 0.0 0.0 0.6968641114982577
51 46 43 0.0 0.0 0.0 0.0 1.0 0.0 0.0 0.6996501749125437
51 46 44 0.0 0.0 0.0 0.0 1.0 0.0 0.0 0.6996501749125437
51 47 36 0.0 0.0 0.0 0.0 2.0 0.0 0.0 0.6993006993006992
52 32 38 0.0 0.0 0.0 0.0 4.0 0.0 0.0 0.6986027944111775
52 32 39 0.0 0.0 0.0 0.0 1.0 0.0 0.0 0.6996501749125437
52 33 37 0.0 0.0 0.0 0.0 5.0 0.0 0.0 0.6982543640897755
52 33 38 0.0 0.0 0.0 0.0 4.0 0.0 0.0 0.6986027944111775
52 33 39 0.0 0.0 0.0 0.0 12.0 0.0 0.0 0.6958250497017892
52 34 38 0.0 0.0 2.0 0.0 93.0 1.0 0.0 0.6685768863419292
52 34 39 0.0 0.0 0.0 0.0 4.0 0.0 0.0 0.6986027944111775
52 35 38 0.0 0.0 0.0 0.0 3.0 0.0 0.0 0.6989515726410384
52 35 39 0.0 0.0 0.0 0.0 1.0 0.0 0.0 0.6996501749125437
52 36 36 0.0 0.0 0.0 0.0 3.0 0.0 0.0 0.6989515726410384
52 36 38 0.0 0.0 0.0 0.0 9.0 0.0 0.0 0.6968641114982577
52 36 39 0.0 0.0 0.0 0.0 2.0 0.0 0.0 0.6993006993006992
52 36 40 0.0 0.0 0.0 0.0 4.0 0.0 0.0 0.6986027944111775
52 37 38 0.0 0.0 0.0 0.0 10.0 0.0 0.0 0.6965174129353233
52 37 39 0.0 0.0 0.0 0.0 10.0 0.0 0.0 0.6965174129353233
52 37 40 0.0 0.0 0.0 0.0 2.0 0.0 0.0 0.6993006993006992
52 38 38 0.0 0.0 3.0 0.0 23.0 0.0 0.0 0.6910167818361302
52 38 39 0.0 0.0 0.0 0.0 3.0 0.0 0.0 0.6989515726410384
52 38 40 0.0 0.0 0.0 0.0 13.0 0.0 0.0 0.695479384003974
52 38 41 0.0 0.0 0.0 0.0 1.0 0.0 0.0 0.6996501749125437
52 39 38 0.0 0.0 0.0 0.0 2.0 0.0 0.0 0.6996501749125437
52 39 39 0.0 0.0 0.0 0.0 1.0 0.0 0.0 0.6996501749125437
52 39 40 0.0 0.0 0.0 0.0 2.0 0.0 0.0 0.6993006993006992
52 39 41 0.0 0.0 2.0 0.0 7.0 0.0 0.0 0.6968641114982577
52 39 43 0.0 0.0 0.0 0.0 1.0 0.0 0.0 0.6996501749125437
52 40 41 0.0 0.0 0.0 0.0 2.0 0.0 0.0 0.6993006993006992
52 41 38 0.0 0.0 0.0 0.0 1.0 0.0 0.0 0.6996501749125437
52 41 39 0.0 0.0 0.0 0.0 5.0 0.0 0.0 0.6982543640897755
52 41 40 0.0 0.0 0.0 0.0 3.0 0.0 0.0 0.6989515726410384
52 41 41 0.0 0.0 0.0 0.0 1.0 0.0 0.0 0.6996501749125437
52 41 42 0.0 0.0 0.0 0.0 1.0 0.0 0.0 0.6996501749125437
52 42 38 0.0 0.0 0.0 0.0 3.0 0.0 0.0 0.6989515726410384
52 42 39 0.0 0.0 0.0 0.0 1.0 0.0 0.0 0.6996501749125437
52 42 40 0.0 0.0 0.0 0.0 2.0 0.0 0.0 0.6993006993006992
52 42 41 0.0 0.0 0.0 0.0 1.0 0.0 0.0 0.6996501749125437
52 42 42 0.0 0.0 0.0 0.0 2.0 0.0 0.0 0.6993006993006992
52 43 37 0.0 0.0 0.0 0.0 3.0 0.0 0.0 0.6989515726410384
52 43 39 0.0 0.0 0.0 0.0 4.0 0.0 0.0 0.6986027944111775
52 44 38 0.0 0.0 0.0 0.0 1.0 0.0 0.0 0.6996501749125437
52 44 39 0.0 0.0 0.0 0.0 8.0 0.0 0.0 0.697211155378486
52 44 42 0.0 0.0 0.0 0.0 4.0 0.0 0.0 0.6986027944111775
52 44 44 0.0 0.0 0.0 0.0 1.0 0.0 0.0 0.6996501749125437
52 45 43 0.0 0.0 0.0 0.0 4.0 0.0 0.0 0.6986027944111775
52 46 43 0.0 0.0 0.0 0.0 1.0 0.0 0.0 0.6996501749125437
