32 37 40 0.0 0.0 0.0 0.0 1.0 0.0 0.0 0.6996501749125437
32 37 41 0.0 0.0 0.0 0.0 1.0 0.0 0.0 0.6996501749125437
32 38 39 0.0 0.0 1.0 0.0 51.0 0.0 0.0 0.6822612085769979
32 38 40 0.0 0.0 0.0 0.0 1.0 0.0 0.0 0.6996501749125437
32 39 39 0.0 0.0 5.0 0.0 24.0 3.0 0.0 0.6910167818361302
32 39 41 0.0 0.0 0.0 0.0 1.0 0.0 0.0 0.6996501749125437
32 40 42 0.0 0.0 0.0 0.0 2.0 0.0 0.0 0.6993006993006992
33 36 37 0.0 0.0 0.0 0.0 2.0 0.0 0.0 0.6993006993006992
33 36 38 0.0 0.0 0.0 0.0 14.0 0.0 0.0 0.6951340615690167
33 36 39 0.0 0.0 0.0 0.0 13.0 0.0 0.0 0.695479384003974
33 36 40 0.0 0.0 0.0 0.0 9.0 0.0 0.0 0.6968641114982577
33 36 41 0.0 0.0 0.0 0.0 11.0 0.0 0.0 0.6961710591745399
33 37 36 0.0 0.0 0.0 0.0 1.0 0.0 0.0 0.6996501749125437
33 37 38 0.0 0.0 0.0 0.0 14.0 0.0 0.0 0.6951340615690167
33 37 39 0.0 0.0 4.0 0.0 57.0 1.0 0.0 0.6796116504854368
33 37 40 0.0 0.0 10.0 0.0 224.0 3.0 0.0 0.6275212909009411
33 37 41 0.0 0.0 0.0 0.0 59.0 0.0 0.0 0.6799417192812044
33 37 42 0.0 0.0 0.0 0.0 4.0 0.0 0.0 0.6986027944111775
33 37 43 0.0 0.0 1.0 0.0 9.0 0.0 0.0 0.6965174129353233
33 38 35 0.0 0.0 0.0 0.0 1.0 0.0 0.0 0.6996501749125437
33 38 36 0.0 0.0 0.0 0.0 6.0 0.0 0.0 0.6979062811565303
33 38 37 0.0 0.0 0.0 0.0 11.0 0.0 0.0 0.6961710591745399
33 38 38 0.0 0.0 4.0 0.0 137.0 0.0 0.0 0.6539000467071461
33 38 39 0.0 0.0 149.0 0.0 2958.0 24.0 53.0 0.27542789691127284
33 38 40 0.0 0.0 72.0 0.0 1616.0 16.0 14.0 0.38126361655773416
33 38 41 0.0 0.0 3.0 0.0 176.0 1.0 0.0 0.6427915518824608
33 38 42 0.0 0.0 0.0 0.0 8.0 0.0 0.0 0.697211155378486
33 39 34 0.0 0.0 0.0 0.0 1.0 0.0 0.0 0.6996501749125437
33 39 35 0.0 0.0 0.0 0.0 1.0 0.0 0.0 0.6996501749125437
33 39 36 0.0 0.0 0.0 0.0 1.0 0.0 0.0 0.6996501749125437
33 39 37 0.0 0.0 2.0 0.0 60.0 1.0 0.0 0.6792819019893255
33 39 38 0.0 0.0 1.0 0.0 29.0 0.0 0.0 0.690335305719921
33 39 39 0.0 0.0 1.0 0.0 84.0 0.0 0.0 0.6717850287907868
33 39 40 0.0 0.0 119.0 0.0 2812.0 21.0 77.0 0.28507432294848295
33 39 41 0.0 0.0 9.0 0.0 195.0 2.0 0.0 0.6357856494096276
33 39 42 0.0 0.0 0.0 0.0 11.0 0.0 0.0 0.6961710591745399
33 39 43 0.0 0.0 88.0 0.0 1860.0 14.0 24.0 0.3558718861209964
33 39 44 0.0 0.0 0.0 0.0 1.0 0.0 0.0 0.6996501749125437
33 40 36 0.0 0.0 0.0 0.0 7.0 0.0 0.0 0.6975585450921773
33 40 37 0.0 0.0 0.0 0.0 23.0 0.0 0.0 0.6920415224913494
33 40 38 0.0 0.0 3.0 0.0 153.0 1.0 0.0 0.649953574744661
33 40 39 0.0 0.0 43.0 0.0 761.0 13.0 5.0 0.5016123253314223
33 40 40 0.0 0.0 21.0 0.0 366.0 9.0 0.0 0.5887300252312867
33 40 41 0.0 0.0 0.0 0.0 24.0 0.0 0.0 0.6916996047430829
33 40 42 0.0 0.0 0.0 0.0 5.0 0.0 0.0 0.6982543640897755
33 40 43 0.0 0.0 0.0 0.0 6.0 0.0 0.0 0.6979062811565303
33 40 44 0.0 0.0 0.0 0.0 4.0 0.0 0.0 0.6986027944111775
33 41 35 0.0 0.0 0.0 0.0 3.0 0.0 0.0 0.6989515726410384
33 41 36 0.0 0.0 0.0 0.0 16.0 0.0 0.0 0.6944444444444444
33 41 37 0.0 0.0 6.0 0.0 228.0 3.0 1.0 0.6275212909009411
33 41 38 0.0 0.0 23.0 0.0 452.0 5.0 1.0 0.5668016194331983
33 41 39 0.0 0.0 4.0 0.0 102.0 0.0 0.0 0.664767331433998
33 41 40 0.0 0.0 0.0 0.0 15.0 0.0 0.0 0.6951340615690167
33 41 41 0.0 0.0 3.0 0.0 30.0 1.0 0.0 0.6889763779527558
33 41 42 0.0 0.0 0.0 0.0 11.0 0.0 0.0 0.6961710591745399
33 41 43 0.0 0.0 13.0 0.0 479.0 1.0 4.0 0.5617977528089887
33 41 44 0.0 0.0 0.0 0.0 2.0 0.0 0.0 0.6993006993006992
33 42 35 0.0 0.0 0.0 0.0 2.0 0.0 0.0 0.6993006993006992
33 42 36 0.0 0.0 0.0 0.0 18.0 0.0 0.0 0.6937561942517343
33 42 37 0.0 0.0 0.0 0.0 28.0 0.0 0.0 0.6906758756783422
33 42 38 0.0 0.0 0.0 0.0 21.0 0.0 0.0 0.6927263730826323
33 42 39 0.0 0.0 9.0 0.0 368.0 3.0 1.0 0.5897219882055602
33 42 40 0.0 0.0 18.0 0.0 296.0 6.0 0.0 0.606585788561525
33 42 41 0.0 0.0 1.0 0.0 29.0 0.0 0.0 0.6899950714637751
33 42 42 0.0 0.0 0.0 0.0 19.0 0.0 0.0 0.6934125804853887
33 42 43 0.0 0.0 0.0 0.0 14.0 0.0 0.0 0.695479384003974
33 42 44 0.0 0.0 0.0 0.0 5.0 0.0 0.0 0.6982543640897755
33 42 45 0.0 0.0 0.0 0.0 4.0 0.0 0.0 0.6986027944111775
33 43 35 0.0 0.0 0.0 0.0 1.0 0.0 0.0 0.6996501749125437
33 43 36 0.0 0.0 0.0 0.0 7.0 0.0 0.0 0.6975585450921773
33 43 37 0.0 0.0 0.0 0.0 22.0 1.0 0.0 0.6927263730826323
33 43 38 0.0 0.0 8.0 0.0 141.0 0.0 0.0 0.6514657980456026
33 43 39 0.0 0.0 0.0 0.0 17.0 0.0 0.0 0.694100148735746
33 43 40 0.0 0.0 0.0 0.0 25.0 0.0 0.0 0.6913580246913579
33 43 41 0.0 0.0 2.0 0.0 49.0 0.0 0.0 0.68259385665529
33 43 42 0.0 0.0 1.0 0.0 19.0 1.0 0.0 0.6934125804853887
33 43 43 0.0 0.0 0.0 0.0 8.0 0.0 0.0 0.697211155378486
33 43 44 0.0 0.0 0.0 0.0 7.0 0.0 0.0 0.6975585450921773
33 43 45 0.0 0.0 0.0 0.0 3.0 0.0 0.0 0.6989515726410384
33 44 38 0.0 0.0 0.0 0.0 2.0 0.0 0.0 0.6993006993006992
33 44 39 0.0 0.0 7.0 0.0 91.0 2.0 0.0 0.6679389312977099
33 44 40 0.0 0.0 0.0 0.0 26.0 0.0 0.0 0.6910167818361302
33 44 41 0.0 0.0 14.0 0.0 424.0 4.0 0.0 0.5751848808545603
33 44 42 0.0 0.0 4.0 0.0 108.0 1.0 0.0 0.6631927996210326
33 44 43 0.0 0.0 0.0 0.0 7.0 1.0 0.0 0.6979062811565303
33 44 44 0.0 0.0 2.0 0.0 7.0 0.0 0.0 0.6968641114982577
33 44 45 0.0 0.0 0.0 0.0 2.0 0.0 0.0 0.6993006993006992
33 45 39 0.0 0.0 0.0 0.0 2.0 0.0 0.0 0.6993006993006992
33 45 40 0.0 0.0 0.0 0.0 10.0 0.0 0.0 0.6965174129353233
33 45 41 0.0 0.0 0.0 0.0 8.0 0.0 0.0 0.697211155378486
33 45 42 0.0 0.0 0.0 0.0 4.0 0.0 0.0 0.6986027944111775
33 45 43 0.0 0.0 1.0 0.0 20.0 1.0 0.0 0.6930693069306929
33 45 44 0.0 0.0 0.0 0.0 1.0 0.0 0.0 0.6996501749125437
33 46 39 0.0 0.0 0.0 0.0 1.0 0.0 0.0 0.6996501749125437
33 46 40 0.0 0.0 0.0 0.0 3.0 0.0 0.0 0.6989515726410384
33 46 41 0.0 0.0 0.0 0.0 2.0 0.0 0.0 0.6993006993006992
33 46 43 0.0 0.0 0.0 0.0 1.0 0.0 0.0 0.6996501749125437
34 33 40 0.0 0.0 0.0 0.0 3.0 0.0 0.0 0.6989515726410384
34 34 37 0.0 0.0 0.0 0.0 1.0 0.0 0.0 0.6996501749125437
34 34 39 0.0 0.0 0.0 0.0 3.0 0.0 0.0 0.6989515726410384
34 34 40 0.0 0.0 0.0 0.0 13.0 0.0 0.0 0.695479384003974
34 34 41 0.0 0.0 0.0 0.0 4.0 0.0 0.0 0.6986027944111775
34 34 42 0.0 0.0 0.0 0.0 2.0 0.0 0.0 0.6993006993006992
34 35 37 0.0 0.0 0.0 0.0 7.0 0.0 0.0 0.6975585450921773
34 35 38 0.0 0.0 0.0 0.0 12.0 0.0 0.0 0.6958250497017892
34 35 39 0.0 0.0 8.0 0.0 247.0 2.0 0.0 0.6213936972924988
34 35 40 0.0 0.0 0.0 0.0 30.0 1.0 0.0 0.6899950714637751
34 35 41 0.0 0.0 3.0 0.0 78.0 0.0 0.0 0.6727534839019701
34 35 42 0.0 0.0 0.0 0.0 28.0 1.0 0.0 0.6906758756783422
34 35 43 0.0 0.0 0.0 0.0 11.0 0.0 0.0 0.6961710591745399
34 35 44 0.0 0.0 0.0 0.0 2.0 0.0 0.0 0.6993006993006992
34 36 36 0.0 0.0 10.0 0.0 137.0 4.0 0.0 0.6532897806812878
34 36 37 0.0 0.0 0.0 0.0 14.0 0.0 0.0 0.6951340615690167
34 36 38 0.0 0.0 0.0 0.0 37.0 0.0 0.0 0.6876227897838899
34 36 39 0.0 0.0 36.0 0.0 619.0 11.0 1.0 0.5295007564296519
34 36 40 0.0 0.0 2.0 0.0 68.0 0.0 0.0 0.6763285024154588
34 36 41 0.0 0.0 9.0 0.0 211.0 1.0 0.0 0.6309148264984226
34 36 42 0.0 0.0 19.0 0.0 512.0 5.0 1.0 0.5544554455445544
34 36 43 0.0 0.0 0.0 0.0 28.0 0.0 0.0 0.690335305719921
34 37 36 0.0 0.0 0.0 0.0 12.0 0.0 0.0 0.6958250497017892
34 37 37 0.0 0.0 35.0 0.0 767.0 7.0 2.0 0.5008944543828264
34 37 38 0.0 0.0 71.0 0.0 1644.0 13.0 29.0 0.37817396002160986
34 37 39 0.0 0.0 296.0 0.0 6670.0 16.0 703.0 0.15638963360142982
34 37 40 0.0 0.0 242.0 0.0 5482.0 20.0 352.0 0.18170019467878
34 37 41 0.0 0.0 56.0 0.0 1540.0 15.0 18.0 0.39095224797542577
34 37 42 0.0 0.0 65.0 0.0 1498.0 8.0 13.0 0.3937007874015747
34 37 43 0.0 0.0 43.0 0.0 975.0 6.0 3.0 0.4648074369189906
34 37 44 0.0 0.0 0.0 0.0 13.0 0.0 0.0 0.695479384003974
34 37 45 0.0 0.0 0.0 0.0 2.0 0.0 0.0 0.6993006993006992
34 38 35 0.0 0.0 23.0 0.0 484.0 7.0 2.0 0.5599999999999999
34 38 36 0.0 0.0 0.0 0.0 52.0 0.0 0.0 0.6822612085769979
34 38 37 0.0 0.0 36.0 0.0 872.0 9.0 5.0 0.48292514660227653
34 38 38 0.0 0.0 132.0 0.0 2968.0 12.0 62.0 0.27499508937340394
34 38 39 0.0 0.0 386.0 0.0 7895.0 15.0 1223.0 0.13627956779908496
34 38 40 0.0 0.0 546.0 0.0 10262.0 27.0 3354.0 0.10941774130519732
34 38 41 0.0 0.0 297.0 0.0 6350.0 18.0 522.0 0.16214964095436646
34 38 42 0.0 0.0 119.0 0.0 2483.0 16.0 39.0 0.3052103771528232
34 38 43 0.0 0.0 14.0 0.0 338.0 5.0 0.0 0.5965061780997016
34 38 44 0.0 0.0 1.0 0.0 40.0 0.0 0.0 0.6859382655560998
34 38 45 0.0 0.0 0.0 0.0 5.0 0.0 0.0 0.6982543640897755
34 39 34 0.0 0.0 0.0 0.0 1.0 0.0 0.0 0.6996501749125437
34 39 35 0.0 0.0 0.0 0.0 28.0 0.0 0.0 0.690335305719921
34 39 36 0.0 0.0 43.0 0.0 893.0 8.0 4.0 0.4783054321831226
34 39 37 0.0 0.0 231.0 0.0 5718.0 19.0 503.0 0.1764780032774486
34 39 38 0.0 0.0 321.0 0.0 7375.0 19.0 1049.0 0.14455343314403712
34 39 39 0.0 0.0 70.0 0.0 1866.0 13.0 34.0 0.3568697425439714
34 39 40 0.0 0.0 361.0 0.0 7559.0 24.0 1027.0 0.14134275618374553
34 39 41 0.0 0.0 142.0 0.0 3154.0 13.0 86.0 0.26500094643195155
34 39 42 0.0 0.0 39.0 0.0 957.0 11.0 2.0 0.4691689008042895
34 39 43 0.0 0.0 32.0 0.0 625.0 7.0 2.0 0.5283018867924527
34 39 44 0.0 0.0 2.0 0.0 74.0 0.0 0.0 0.6743737957610789
34 39 45 0.0 0.0 0.0 0.0 6.0 0.0 0.0 0.6979062811565303
34 39 46 0.0 0.0 0.0 0.0 5.0 0.0 0.0 0.6982543640897755
34 40 34 0.0 0.0 0.0 0.0 2.0 0.0 0.0 0.6993006993006992
34 40 35 0.0 0.0 23.0 0.0 749.0 7.0 4.0 0.5063291139240506
34 40 36 0.0 0.0 188.0 0.0 3745.0 15.0 98.0 0.23656640757012498
34 40 37 0.0 0.0 107.0 0.0 2998.0 19.0 73.0 0.2753195673549656
34 40 38 0.0 0.0 156.0 0.0 4163.0 18.0 166.0 0.22208121827411162
34 40 39 0.0 0.0 202.0 0.0 5064.0 14.0 316.0 0.19302357645112364
34 40 40 0.0 0.0 306.0 0.0 6290.0 19.0 570.0 0.1631891828884485
34 40 41 0.0 0.0 123.0 0.0 2912.0 15.0 63.0 0.27877339705296694
34 40 42 0.0 0.0 285.0 0.0 6190.0 21.0 597.0 0.16546507505023045
34 40 43 0.0 0.0 100.0 0.0 2356.0 16.0 42.0 0.315031503150315
34 40 44 0.0 0.0 2.0 0.0 75.0 0.0 0.0 0.6743737957610789
34 40 45 0.0 0.0 0.0 0.0 5.0 0.0 0.0 0.6982543640897755
34 41 34 0.0 0.0 0.0 0.0 3.0 0.0 0.0 0.6989515726410384
34 41 35 0.0 0.0 1.0 0.0 40.0 0.0 0.0 0.6859382655560998
34 41 36 0.0 0.0 138.0 0.0 3634.0 16.0 153.0 0.24318221295813786
34 41 37 0.0 0.0 221.0 0.0 4819.0 21.0 237.0 0.19937339789233835
34 41 38 0.0 0.0 378.0 0.0 8471.0 20.0 1620.0 0.12913937828613595
34 41 39 0.0 0.0 65.0 0.0 2054.0 11.0 25.0 0.3407984420642648
34 41 40 0.0 0.0 149.0 0.0 3309.0 14.0 100.0 0.25692787667461914
34 41 41 0.0 0.0 180.0 0.0 3918.0 14.0 139.0 0.2300361485376273
34 41 42 0.0 0.0 124.0 0.0 2986.0 14.0 63.0 0.2746713753188149
34 41 43 0.0 0.0 149.0 0.0 3733.0 11.0 136.0 0.2384196185286103
34 41 44 0.0 0.0 60.0 0.0 1941.0 15.0 26.0 0.3512293025589563
34 41 45 0.0 0.0 0.0 0.0 37.0 1.0 0.0 0.6876227897838899
34 42 35 0.0 0.0 9.0 0.0 136.0 3.0 0.0 0.65359477124183
34 42 36 0.0 0.0 256.0 0.0 5394.0 15.0 357.0 0.18322209134929981
34 42 37 0.0 0.0 249.0 0.0 5994.0 18.0 504.0 0.17006802721088435
34 42 38 0.0 0.0 183.0 0.0 3903.0 19.0 135.0 0.23071852340145022
34 42 39 0.0 0.0 165.0 0.0 4210.0 14.0 181.0 0.22009118063197605
34 42 40 0.0 0.0 158.0 0.0 2813.0 29.0 51.0 0.2832288084159417
34 42 41 0.0 0.0 201.0 0.0 4383.0 19.0 203.0 0.21318714786051465
34 42 42 0.0 0.0 108.0 0.0 2765.0 13.0 64.0 0.28800658300761156
34 42 43 0.0 0.0 65.0 0.0 1608.0 10.0 12.0 0.38220038220038216
34 42 44 0.0 0.0 13.0 0.0 285.0 3.0 0.0 0.6100217864923746
34 42 45 0.0 0.0 31.0 0.0 615.0 8.0 0.0 0.5307050796057619
34 43 34 0.0 0.0 0.0 0.0 2.0 0.0 0.0 0.6993006993006992
34 43 35 0.0 0.0 0.0 0.0 6.0 0.0 0.0 0.6979062811565303
34 43 36 0.0 0.0 2.0 0.0 99.0 0.0 0.0 0.6663493574488338
34 43 37 0.0 0.0 4.0 0.0 220.0 2.0 0.0 0.6303466906798738
34 43 38 0.0 0.0 198.0 0.0 4606.0 24.0 191.0 0.20648967551622416
34 43 39 0.0 0.0 312.0 0.0 6260.0 27.0 509.0 0.16380016380016377
34 43 40 0.0 0.0 388.0 0.0 7321.0 23.0 803.0 0.14444903012794055
34 43 41 0.0 0.0 264.0 0.0 6067.0 33.0 521.0 0.16869502349680682
34 43 42 0.0 0.0 17.0 0.0 455.0 5.0 0.0 0.5674908796108633
34 43 43 0.0 0.0 140.0 0.0 3321.0 15.0 85.0 0.25702221406278686
34 43 44 0.0 0.0 231.0 0.0 5017.0 24.0 264.0 0.1937984496124031
34 43 45 0.0 0.0 1.0 0.0 19.0 0.0 0.0 0.6930693069306929
34 44 36 0.0 0.0 0.0 0.0 13.0 0.0 0.0 0.6958250497017892
34 44 37 0.0 0.0 57.0 0.0 1335.0 16.0 10.0 0.41456914421083796
34 44 38 0.0 0.0 3.0 0.0 164.0 1.0 0.0 0.6469500924214416
34 44 39 0.0 0.0 6.0 0.0 331.0 5.0 0.0 0.6008583690987124
34 44 40 0.0 0.0 89.0 0.0 2445.0 17.0 51.0 0.31000885739592554
34 44 41 0.0 0.0 212.0 0.0 5112.0 19.0 369.0 0.1915708812260536
34 44 42 0.0 0.0 31.0 0.0 935.0 4.0 7.0 0.47297297297297286
34 44 43 0.0 0.0 14.0 0.0 539.0 5.0 2.0 0.5496662740478994
34 44 44 0.0 0.0 227.0 0.0 4627.0 22.0 181.0 0.20491803278688522
34 44 45 0.0 0.0 0.0 0.0 3.0 0.0 0.0 0.6989515726410384
34 45 36 0.0 0.0 0.0 0.0 1.0 0.0 0.0 0.6996501749125437
34 45 37 0.0 0.0 58.0 0.0 1040.0 10.0 3.0 0.45336787564766834
34 45 38 0.0 0.0 0.0 0.0 53.0 0.0 0.0 0.6819288845591815
34 45 39 0.0 0.0 67.0 0.0 1518.0 6.0 17.0 0.3911707180776753
34 45 40 0.0 0.0 155.0 0.0 3853.0 21.0 142.0 0.23383998663771502
34 45 41 0.0 0.0 160.0 0.0 3846.0 19.0 141.0 0.23372287145242068
34 45 42 0.0 0.0 67.0 0.0 1496.0 11.0 8.0 0.39414414414414406
34 45 43 0.0 0.0 0.0 0.0 53.0 0.0 0.0 0.6819288845591815
34 45 44 0.0 0.0 25.0 0.0 459.0 7.0 1.0 0.5651998385143318
34 45 45 0.0 0.0 0.0 0.0 2.0 0.0 0.0 0.6993006993006992
34 46 36 0.0 0.0 0.0 0.0 1.0 0.0 0.0 0.6996501749125437
34 46 37 0.0 0.0 0.0 0.0 1.0 0.0 0.0 0.6996501749125437
34 46 38 0.0 0.0 35.0 0.0 692.0 9.0 0.0 0.5150846210448858
34 46 39 0.0 0.0 0.0 0.0 1.0 0.0 0.0 0.6996501749125437
34 46 40 0.0 0.0 0.0 0.0 15.0 0.0 0.0 0.694789081885856
34 46 41 0.0 0.0 0.0 0.0 12.0 0.0 0.0 0.6958250497017892
34 46 42 0.0 0.0 0.0 0.0 8.0 0.0 0.0 0.697211155378486
34 46 43 0.0 0.0 0.0 0.0 2.0 0.0 0.0 0.6993006993006992
34 46 44 0.0 0.0 0.0 0.0 1.0 0.0 0.0 0.6996501749125437
34 46 45 0.0 0.0 5.0 0.0 150.0 1.0 0.0 0.649953574744661
34 47 37 0.0 0.0 0.0 0.0 1.0 0.0 0.0 0.6996501749125437
34 47 40 0.0 0.0 0.0 0.0 1.0 0.0 0.0 0.6996501749125437
34 47 41 0.0 0.0 0.0 0.0 1.0 0.0 0.0 0.6996501749125437
35 33 37 0.0 0.0 0.0 0.0 1.0 0.0 0.0 0.6996501749125437
35 34 37 0.0 0.0 0.0 0.0 1.0 0.0 0.0 0.6996501749125437
35 34 39 0.0 0.0 0.0 0.0 16.0 0.0 0.0 0.6944444444444444
35 34 40 0.0 0.0 3.0 0.0 60.0 1.0 0.0 0.6789524733268669
35 34 41 0.0 0.0 42.0 0.0 853.0 5.0 4.0 0.48459674627898913
35 34 42 0.0 0.0 0.0 0.0 14.0 0.0 0.0 0.6951340615690167
35 34 43 0.0 0.0 0.0 0.0 4.0 0.0 0.0 0.6986027944111775
35 34 44 0.0 0.0 0.0 0.0 1.0 0.0 0.0 0.6996501749125437
35 35 37 0.0 0.0 0.0 0.0 22.0 0.0 0.0 0.6923837784371908
35 35 38 0.0 0.0 92.0 0.0 2646.0 9.0 66.0 0.29610829103214886
35 35 39 0.0 0.0 1.0 0.0 120.0 0.0 0.0 0.66006600660066
35 35 40 0.0 0.0 147.0 0.0 3176.0 10.0 85.0 0.26345502446368074
35 35 41 0.0 0.0 274.0 0.0 5982.0 23.0 500.0 0.17000607164541587
35 35 42 0.0 0.0 174.0 0.0 3411.0 18.0 111.0 0.2514367816091954
35 35 43 0.0 0.0 7.0 0.0 219.0 3.0 1.0 0.63006300630063
35 35 44 0.0 0.0 4.0 0.0 128.0 1.0 2.0 0.6569685593618019
35 35 45 0.0 0.0 0.0 0.0 3.0 0.0 0.0 0.6989515726410384
35 36 35 0.0 0.0 0.0 0.0 5.0 0.0 0.0 0.6982543640897755
35 36 36 0.0 0.0 0.0 0.0 43.0 0.0 0.0 0.6852667645619186
35 36 37 0.0 0.0 16.0 0.0 452.0 6.0 1.0 0.5688744412840308
35 36 38 0.0 0.0 120.0 0.0 3155.0 14.0 95.0 0.26600798023940714
35 36 39 0.0 0.0 461.0 0.0 8752.0 21.0 1534.0 0.12499999999999997
35 36 40 0.0 0.0 171.0 0.0 4380.0 15.0 230.0 0.21410001529285821
35 36 41 0.0 0.0 279.0 0.0 6133.0 7.0 551.0 0.1665477040209374
35 36 42 0.0 0.0 340.0 0.0 7006.0 24.0 763.0 0.15002143163309042
35 36 43 0.0 0.0 226.0 0.0 5014.0 15.0 250.0 0.19361084220716357
35 36 44 0.0 0.0 5.0 0.0 71.0 1.0 0.0 0.6753497346840327
35 36 45 0.0 0.0 4.0 0.0 34.0 2.0 0.0 0.6876227897838899
35 36 46 0.0 0.0 0.0 0.0 1.0 0.0 0.0 0.6996501749125437
35 37 35 0.0 0.0 0.0 0.0 24.0 0.0 0.0 0.6916996047430829
35 37 36 0.0 0.0 71.0 0.0 1524.0 10.0 17.0 0.3905160390516038
35 37 37 0.0 0.0 326.0 0.0 6935.0 28.0 792.0 0.15158077089649197
35 37 38 0.0 0.0 152.0 0.0 3876.0 12.0 188.0 0.232674090078112
35 37 39 0.0 0.0 456.0 0.0 8541.0 23.0 1381.0 0.12749294235497677
35 37 40 0.0 0.0 340.0 0.0 7598.0 17.0 1067.0 0.1411290322580645
35 37 41 0.0 0.0 509.0 0.0 9088.0 32.0 1674.0 0.12098167991704112
35 37 42 0.0 0.0 432.0 0.0 8520.0 24.0 1450.0 0.1279941488389102
35 37 43 0.0 0.0 8.0 0.0 464.0 1.0 1.0 0.5665722379603398
35 37 44 0.0 0.0 15.0 0.0 530.0 4.0 1.0 0.5509641873278236
35 37 45 0.0 0.0 1.0 0.0 45.0 0.0 0.0 0.6845965770171147
35 37 46 0.0 0.0 0.0 0.0 10.0 0.0 0.0 0.6965174129353233
35 38 34 0.0 0.0 0.0 0.0 1.0 0.0 0.0 0.6996501749125437
35 38 35 0.0 0.0 0.0 0.0 66.0 0.0 0.0 0.6776379477250725
35 38 36 0.0 0.0 123.0 0.0 2763.0 22.0 62.0 0.2877106452938758
35 38 37 0.0 0.0 271.0 0.0 6066.0 20.0 504.0 0.16828945786753213
35 38 38 0.0 0.0 399.0 0.0 7858.0 32.0 1019.0 0.13681227401544022
35 38 39 0.0 0.0 652.0 0.0 10850.0 29.0 3664.0 0.10379596678529061
35 38 40 0.0 0.0 1035.0 0.0 12366.0 30.0 12822.0 0.0909208988180283
35 38 41 0.0 0.0 951.0 0.0 12378.0 32.0 11400.0 0.0913897774006136
35 38 42 0.0 0.0 181.0 0.0 3938.0 19.0 156.0 0.2294329727958046
35 38 43 0.0 0.0 161.0 0.0 3811.0 14.0 149.0 0.23497818059751588
35 38 44 0.0 0.0 282.0 0.0 5566.0 14.0 328.0 0.17863978563225721
35 38 45 0.0 0.0 154.0 0.0 3409.0 12.0 94.0 0.2522068095838587
35 38 46 0.0 0.0 0.0 0.0 16.0 0.0 0.0 0.6944444444444444
35 39 34 0.0 0.0 0.0 0.0 1.0 0.0 0.0 0.6996501749125437
35 39 35 0.0 0.0 72.0 0.0 2012.0 11.0 21.0 0.34372698256813156
35 39 36 0.0 0.0 267.0 0.0 6864.0 14.0 948.0 0.153407845715538
35 39 37 0.0 0.0 435.0 0.0 9181.0 30.0 2328.0 0.12068965517241377
35 39 38 0.0 0.0 1111.0 0.0 12658.0 33.0 13850.0 0.08881558079045866
35 39 39 0.0 0.0 763.0 0.0 11803.0 28.0 6342.0 0.09614064002197499
35 39 40 0.0 0.0 687.0 0.0 11176.0 21.0 4441.0 0.10109033143187232
35 39 41 0.0 0.0 901.0 0.0 12432.0 27.0 7112.0 0.09131228802504564
35 39 42 0.0 0.0 540.0 0.0 9635.0 27.0 2172.0 0.11516946363935504
35 39 43 0.0 0.0 266.0 0.0 6009.0 19.0 535.0 0.16955310645512894
35 39 44 0.0 0.0 149.0 0.0 3565.0 14.0 117.0 0.24552788495264816
35 39 45 0.0 0.0 6.0 0.0 148.0 2.0 0.0 0.6505576208178437
35 39 46 0.0 0.0 10.0 0.0 216.0 2.0 0.0 0.6294964028776977
35 40 33 0.0 0.0 0.0 0.0 3.0 0.0 0.0 0.6989515726410384
35 40 34 0.0 0.0 0.0 0.0 9.0 0.0 0.0 0.697211155378486
35 40 35 0.0 0.0 9.0 0.0 581.0 6.0 0.0 0.5420054200542004
35 40 36 0.0 0.0 588.0 0.0 10222.0 25.0 2637.0 0.10931521824002498
35 40 37 0.0 0.0 959.0 0.0 12603.0 30.0 8830.0 0.09006111289803795
35 40 38 0.0 0.0 1333.0 0.0 12886.0 29.0 16490.0 0.08623875816188246
35 40 39 0.0 0.0 816.0 0.0 11899.0 30.0 6137.0 0.09523161689680973
35 40 40 0.0 0.0 904.0 0.0 12423.0 29.0 7953.0 0.09140767824497256
35 40 41 0.0 0.0 702.0 0.0 11465.0 27.0 5129.0 0.09889799378355467
35 40 42 0.0 0.0 573.0 0.0 9803.0 25.0 2344.0 0.11325944502871935
35 40 43 0.0 0.0 211.0 0.0 5214.0 14.0 375.0 0.18880647336480105
35 40 44 0.0 0.0 193.0 0.0 4403.0 23.0 180.0 0.21299254526091585
35 40 45 0.0 0.0 1.0 0.0 71.0 1.0 0.0 0.6760019314340897
35 40 46 0.0 0.0 0.0 0.0 1.0 0.0 0.0 0.6996501749125437
35 41 33 0.0 0.0 0.0 0.0 5.0 0.0 0.0 0.6982543640897755
35 41 34 0.0 0.0 7.0 0.0 202.0 2.0 0.0 0.6343452650657
35 41 35 0.0 0.0 2.0 0.0 145.0 1.0 0.0 0.6526806526806526
35 41 36 0.0 0.0 418.0 0.0 8276.0 16.0 1298.0 0.13100028071488723
35 41 37 0.0 0.0 733.0 0.0 11736.0 21.0 7710.0 0.09673184550542388
35 41 38 0.0 0.0 1026.0 0.0 12664.0 38.0 11187.0 0.08925725215173731
35 41 39 0.0 0.0 807.0 0.0 12020.0 29.0 6464.0 0.09447968686732351
35 41 40 0.0 0.0 948.0 0.0 12427.0 22.0 8103.0 0.09100955600338034
35 41 41 0.0 0.0 484.0 0.0 9402.0 24.0 2108.0 0.11793446213461375
35 41 42 0.0 0.0 642.0 0.0 10863.0 22.0 3647.0 0.10373443983402489
35 41 43 0.0 0.0 828.0 0.0 12089.0 32.0 6067.0 0.09391561011605286
35 41 44 0.0 0.0 268.0 0.0 6721.0 16.0 746.0 0.15588464536243177
35 41 45 0.0 0.0 38.0 0.0 891.0 4.0 4.0 0.4786324786324786
35 42 33 0.0 0.0 1.0 0.0 59.0 0.0 0.0 0.6796116504854368
35 42 34 0.0 0.0 0.0 0.0 48.0 0.0 0.0 0.6839276990718123
35 42 35 0.0 0.0 150.0 0.0 3064.0 19.0 60.0 0.26954177897574116
35 42 36 0.0 0.0 444.0 0.0 8229.0 25.0 1173.0 0.13138138138138136
35 42 37 0.0 0.0 778.0 0.0 11704.0 20.0 4795.0 0.09671179883945841
35 42 38 0.0 0.0 618.0 0.0 10684.0 29.0 3609.0 0.105318588730911
35 42 39 0.0 0.0 694.0 0.0 11291.0 15.0 4591.0 0.10010010010010008
35 42 40 0.0 0.0 849.0 0.0 12195.0 22.0 6560.0 0.09306654257794322
35 42 41 0.0 0.0 527.0 0.0 9633.0 22.0 2205.0 0.11524530786960814
35 42 42 0.0 0.0 545.0 0.0 9809.0 22.0 2248.0 0.11341542449773169
35 42 43 0.0 0.0 765.0 0.0 11633.0 30.0 4953.0 0.09728978457261986
35 42 44 0.0 0.0 397.0 0.0 8606.0 18.0 1609.0 0.12736535662299853
35 42 45 0.0 0.0 13.0 0.0 333.0 1.0 0.0 0.5970149253731343
35 43 33 0.0 0.0 0.0 0.0 1.0 0.0 0.0 0.6996501749125437
35 43 34 0.0 0.0 0.0 0.0 10.0 0.0 0.0 0.6965174129353233
35 43 35 0.0 0.0 8.0 0.0 231.0 1.0 0.0 0.6258381761287437
35 43 36 0.0 0.0 147.0 0.0 3203.0 17.0 86.0 0.26241799437675717
35 43 37 0.0 0.0 545.0 0.0 9884.0 18.0 2306.0 0.11272141706924314
35 43 38 0.0 0.0 466.0 0.0 9324.0 21.0 2076.0 0.1188455008488964
35 43 39 0.0 0.0 758.0 0.0 11549.0 12.0 5815.0 0.0978336827393431
35 43 40 0.0 0.0 649.0 0.0 11147.0 30.0 4699.0 0.1015965166908563
35 43 41 0.0 0.0 623.0 0.0 10866.0 15.0 3620.0 0.10374212671359763
35 43 42 0.0 0.0 421.0 0.0 8722.0 19.0 1607.0 0.125752268031977
35 43 43 0.0 0.0 817.0 0.0 12028.0 21.0 6417.0 0.0942951438000943
35 43 44 0.0 0.0 150.0 0.0 2999.0 15.0 57.0 0.2724265421288188
35 43 45 0.0 0.0 18.0 0.0 461.0 1.0 0.0 0.5651998385143318
35 44 33 0.0 0.0 0.0 0.0 3.0 0.0 0.0 0.6989515726410384
35 44 34 0.0 0.0 0.0 0.0 1.0 0.0 0.0 0.6996501749125437
35 44 35 0.0 0.0 1.0 0.0 31.0 0.0 0.0 0.6889763779527558
35 44 36 0.0 0.0 8.0 0.0 234.0 3.0 0.0 0.6252791424743188
35 44 37 0.0 0.0 91.0 0.0 2648.0 16.0 61.0 0.2964845404489623
35 44 38 0.0 0.0 474.0 0.0 9072.0 36.0 2025.0 0.12145397761776697
35 44 39 0.0 0.0 749.0 0.0 11537.0 23.0 5196.0 0.0980254866265229
35 44 40 0.0 0.0 851.0 0.0 12205.0 35.0 7774.0 0.09309129596382737
35 44 41 0.0 0.0 669.0 0.0 10944.0 31.0 3888.0 0.10285042609462239
35 44 42 0.0 0.0 721.0 0.0 11568.0 27.0 5929.0 0.09801176141136934
35 44 43 0.0 0.0 620.0 0.0 10574.0 24.0 3428.0 0.10618126659082289
35 44 44 0.0 0.0 43.0 0.0 1459.0 9.0 10.0 0.40091638029782356
35 44 45 0.0 0.0 0.0 0.0 20.0 0.0 0.0 0.6930693069306929
35 45 35 0.0 0.0 0.0 0.0 1.0 0.0 0.0 0.6996501749125437
35 45 36 0.0 0.0 0.0 0.0 39.0 0.0 0.0 0.6866110838646394
35 45 37 0.0 0.0 142.0 0.0 2894.0 19.0 56.0 0.27894002789400274
35 45 38 0.0 0.0 37.0 0.0 1196.0 10.0 11.0 0.4345127250155182
35 45 39 0.0 0.0 280.0 0.0 5282.0 23.0 299.0 0.18555334658714379
35 45 40 0.0 0.0 59.0 0.0 1938.0 9.0 40.0 0.35105315947843524
35 45 41 0.0 0.0 320.0 0.0 6553.0 25.0 616.0 0.15810276679841898
35 45 42 0.0 0.0 163.0 0.0 3397.0 17.0 95.0 0.2524797114517583
35 45 43 0.0 0.0 22.0 0.0 831.0 7.0 3.0 0.49191848208011235
35 45 44 0.0 0.0 96.0 0.0 2405.0 17.0 41.0 0.31215161649944256
35 45 45 0.0 0.0 0.0 0.0 19.0 0.0 0.0 0.6934125804853887
35 46 35 0.0 0.0 0.0 0.0 1.0 0.0 0.0 0.6996501749125437
35 46 36 0.0 0.0 103.0 0.0 2294.0 12.0 37.0 0.31927023945267957
35 46 37 0.0 0.0 28.0 0.0 605.0 6.0 1.0 0.5329272934906736
35 46 38 0.0 0.0 3.0 0.0 51.0 0.0 0.0 0.6815968841285296
35 46 39 0.0 0.0 0.0 0.0 28.0 0.0 0.0 0.690335305719921
35 46 40 0.0 0.0 3.0 0.0 180.0 1.0 0.0 0.6416131989000916
35 46 41 0.0 0.0 95.0 0.0 2233.0 14.0 44.0 0.32452480296708386
35 46 42 0.0 0.0 1.0 0.0 93.0 0.0 0.0 0.6685768863419292
35 46 43 0.0 0.0 0.0 0.0 30.0 0.0 0.0 0.689655172413793
35 46 44 0.0 0.0 0.0 0.0 3.0 0.0 0.0 0.6989515726410384
35 46 45 0.0 0.0 0.0 0.0 2.0 0.0 0.0 0.6993006993006992
35 47 36 0.0 0.0 0.0 0.0 1.0 0.0 0.0 0.6996501749125437
35 47 40 0.0 0.0 25.0 0.0 612.0 11.0 1.0 0.5331302361005331
35 47 41 0.0 0.0 8.0 0.0 255.0 2.0 1.0 0.6191950464396283
35 47 42 0.0 0.0 0.0 0.0 9.0 0.0 0.0 0.6968641114982577
35 48 40 0.0 0.0 0.0 0.0 1.0 0.0 0.0 0.6996501749125437
35 48 42 0.0 0.0 0.0 0.0 2.0 0.0 0.0 0.6993006993006992
36 33 36 0.0 0.0 0.0 0.0 1.0 0.0 0.0 0.6996501749125437
36 33 39 0.0 0.0 0.0 0.0 1.0 0.0 0.0 0.6996501749125437
36 34 36 0.0 0.0 1.0 0.0 52.0 1.0 0.0 0.6822612085769979
36 34 37 0.0 0.0 40.0 0.0 844.0 9.0 3.0 0.48695652173913034
36 34 38 0.0 0.0 5.0 0.0 134.0 1.0 0.0 0.6551240056153486
36 34 39 0.0 0.0 4.0 0.0 159.0 1.0 0.0 0.6475485661424606
36 34 40 0.0 0.0 87.0 0.0 1919.0 14.0 20.0 0.3507014028056112
36 34 41 0.0 0.0 0.0 0.0 60.0 0.0 0.0 0.6796116504854368
36 34 42 0.0 0.0 26.0 0.0 580.0 3.0 3.0 0.5378409527468304
36 34 43 0.0 0.0 4.0 0.0 76.0 0.0 0.0 0.6730769230769229
36 34 44 0.0 0.0 40.0 0.0 903.0 9.0 8.0 0.4771642808452624
36 34 45 0.0 0.0 0.0 0.0 2.0 0.0 0.0 0.6993006993006992
36 34 46 0.0 0.0 0.0 0.0 1.0 0.0 0.0 0.6996501749125437
36 35 34 0.0 0.0 0.0 0.0 1.0 0.0 0.0 0.6996501749125437
36 35 35 0.0 0.0 0.0 0.0 30.0 0.0 0.0 0.689655172413793
36 35 36 0.0 0.0 64.0 0.0 1316.0 6.0 13.0 0.4149377593360995
36 35 37 0.0 0.0 23.0 0.0 607.0 6.0 1.0 0.5335365853658536
36 35 38 0.0 0.0 104.0 0.0 2754.0 11.0 65.0 0.2888980602558811
36 35 39 0.0 0.0 82.0 0.0 1908.0 5.0 26.0 0.3513174404015056
36 35 40 0.0 0.0 435.0 0.0 8355.0 21.0 1392.0 0.12994245405606086
36 35 41 0.0 0.0 245.0 0.0 5250.0 24.0 327.0 0.18739124615178687
36 35 42 0.0 0.0 258.0 0.0 6196.0 14.0 555.0 0.16575893914278947
36 35 43 0.0 0.0 106.0 0.0 2937.0 12.0 90.0 0.27827469687934797
36 35 44 0.0 0.0 64.0 0.0 1424.0 14.0 10.0 0.4029936672423718
36 35 45 0.0 0.0 71.0 0.0 1456.0 13.0 5.0 0.39840637450199196
36 35 46 0.0 0.0 1.0 0.0 13.0 0.0 0.0 0.6951340615690167
36 36 33 0.0 0.0 1.0 0.0 7.0 0.0 0.0 0.697211155378486
36 36 34 0.0 0.0 0.0 0.0 3.0 0.0 0.0 0.6989515726410384
36 36 35 0.0 0.0 1.0 0.0 65.0 0.0 0.0 0.6776379477250725
36 36 36 0.0 0.0 61.0 0.0 1517.0 9.0 15.0 0.3922667413841412
36 36 37 0.0 0.0 28.0 0.0 1015.0 7.0 8.0 0.46128500823723223
36 36 38 0.0 0.0 456.0 0.0 8649.0 20.0 1647.0 0.12617159336697906
36 36 39 0.0 0.0 624.0 0.0 10690.0 26.0 3446.0 0.10519987977156596
36 36 40 0.0 0.0 678.0 0.0 11202.0 22.0 4298.0 0.10095911155981827
36 36 41 0.0 0.0 1106.0 0.0 12857.0 28.0 11687.0 0.0876753507014028
36 36 42 0.0 0.0 894.0 0.0 12236.0 31.0 7677.0 0.09255586407510247
36 36 43 0.0 0.0 330.0 0.0 7312.0 22.0 963.0 0.14546965918536986
36 36 44 0.0 0.0 288.0 0.0 6483.0 15.0 678.0 0.15979910969067454
36 36 45 0.0 0.0 1.0 0.0 121.0 0.0 0.0 0.6597549481621111
36 36 46 0.0 0.0 15.0 0.0 291.0 3.0 0.0 0.60790273556231
36 36 47 0.0 0.0 0.0 0.0 4.0 0.0 0.0 0.6989515726410384
36 36 48 0.0 0.0 0.0 0.0 4.0 0.0 0.0 0.6986027944111775
36 37 34 0.0 0.0 6.0 0.0 116.0 5.0 0.0 0.6613131790269249
36 37 35 0.0 0.0 39.0 0.0 1008.0 13.0 7.0 0.4611330698287219
36 37 36 0.0 0.0 290.0 0.0 6234.0 26.0 524.0 0.16462841015992472
36 37 37 0.0 0.0 532.0 0.0 9814.0 23.0 2654.0 0.11355341065779867
36 37 38 0.0 0.0 1047.0 0.0 12514.0 29.0 11780.0 0.08994539029874718
36 37 39 0.0 0.0 1162.0 0.0 12804.0 48.0 13018.0 0.08770830722967045
36 37 40 0.0 0.0 1285.0 0.0 13053.0 41.0 15075.0 0.08568455841850785
36 37 41 0.0 0.0 973.0 0.0 12720.0 37.0 8551.0 0.08925725215173731
36 37 42 0.0 0.0 1183.0 0.0 12966.0 31.0 13021.0 0.0866122246968572
36 37 43 0.0 0.0 735.0 0.0 11625.0 23.0 4890.0 0.09752020061298411
36 37 44 0.0 0.0 422.0 0.0 8395.0 18.0 1443.0 0.12958163643095147
36 37 45 0.0 0.0 165.0 0.0 3975.0 16.0 165.0 0.22857142857142854
36 37 46 0.0 0.0 0.0 0.0 84.0 1.0 0.0 0.6721075372059528
36 37 47 0.0 0.0 0.0 0.0 4.0 0.0 0.0 0.6986027944111775
36 37 48 0.0 0.0 0.0 0.0 2.0 0.0 0.0 0.6993006993006992
36 38 33 0.0 0.0 0.0 0.0 1.0 0.0 0.0 0.6996501749125437
36 38 34 0.0 0.0 9.0 0.0 258.0 2.0 0.0 0.6181015452538631
36 38 35 0.0 0.0 74.0 0.0 1687.0 12.0 13.0 0.3735325506937032
36 38 36 0.0 0.0 506.0 0.0 9724.0 22.0 2223.0 0.11455691023647818
36 38 37 0.0 0.0 912.0 0.0 12280.0 35.0 7810.0 0.09220231822971549
36 38 38 0.0 0.0 1088.0 0.0 13134.0 32.0 10162.0 0.08630787251094259
36 38 39 0.0 0.0 1427.0 0.0 13229.0 35.0 17019.0 0.08396305625524768
36 38 40 0.0 0.0 2022.0 0.0 11911.0 62.0 33963.0 0.08790104853393607
36 38 41 0.0 0.0 1337.0 0.0 13018.0 43.0 15865.0 0.0856269113149847
36 38 42 0.0 0.0 596.0 0.0 10579.0 21.0 3450.0 0.10630220197418375
36 38 43 0.0 0.0 488.0 0.0 9768.0 24.0 2665.0 0.11431370947987261
36 38 44 0.0 0.0 150.0 0.0 3739.0 12.0 151.0 0.23801428085685136
36 38 45 0.0 0.0 398.0 0.0 8424.0 18.0 1656.0 0.1294259036701488
36 38 46 0.0 0.0 3.0 0.0 164.0 1.0 0.0 0.6463527239150507
36 38 47 0.0 0.0 0.0 0.0 12.0 0.0 0.0 0.6958250497017892
36 39 34 0.0 0.0 49.0 0.0 1301.0 6.0 10.0 0.4186602870813396
36 39 35 0.0 0.0 75.0 0.0 2021.0 7.0 32.0 0.34246575342465746
36 39 36 0.0 0.0 636.0 0.0 11176.0 23.0 4469.0 0.10140518615094885
36 39 37 0.0 0.0 1108.0 0.0 12856.0 34.0 11158.0 0.08770830722967045
36 39 38 0.0 0.0 1314.0 0.0 13179.0 42.0 15433.0 0.08489993935718616
36 39 39 0.0 0.0 2176.0 0.0 11563.0 68.0 37745.0 0.08900190718372536
36 39 40 0.0 0.0 1723.0 0.0 12156.0 39.0 27536.0 0.08816120906801006
36 39 41 0.0 0.0 1070.0 0.0 12897.0 33.0 10202.0 0.08766437069505321
36 39 42 0.0 0.0 841.0 0.0 12154.0 24.0 7047.0 0.09336445481827274
36 39 43 0.0 0.0 468.0 0.0 9507.0 28.0 2656.0 0.11709601873536299
36 39 44 0.0 0.0 348.0 0.0 7849.0 22.0 1125.0 0.13743005791695295
36 39 45 0.0 0.0 149.0 0.0 3196.0 19.0 76.0 0.2628614344723995
36 39 46 0.0 0.0 1.0 0.0 100.0 1.0 0.0 0.6666666666666665
36 39 47 0.0 0.0 0.0 0.0 8.0 0.0 0.0 0.697211155378486
36 39 48 0.0 0.0 0.0 0.0 1.0 0.0 0.0 0.6996501749125437
36 40 33 0.0 0.0 0.0 0.0 17.0 0.0 0.0 0.694100148735746
36 40 34 0.0 0.0 11.0 0.0 241.0 4.0 1.0 0.6227758007117437
36 40 35 0.0 0.0 163.0 0.0 4002.0 17.0 124.0 0.22771633051398826
36 40 36 0.0 0.0 486.0 0.0 9775.0 29.0 2648.0 0.11443518064410657
36 40 37 0.0 0.0 1446.0 0.0 13403.0 33.0 16996.0 0.0830614061109463
36 40 38 0.0 0.0 2588.0 0.0 10594.0 45.0 48151.0 0.09202050742736952
36 40 39 0.0 0.0 2334.0 0.0 11778.0 59.0 37763.0 0.08684324793747285
36 40 40 0.0 0.0 1519.0 0.0 13504.0 32.0 17296.0 0.08220304151253595
36 40 41 0.0 0.0 1425.0 0.0 12793.0 43.0 18193.0 0.08632383771118508
36 40 42 0.0 0.0 1089.0 0.0 12920.0 30.0 10709.0 0.08739076154806491
36 40 43 0.0 0.0 1180.0 0.0 12993.0 25.0 12271.0 0.08652122860144612
36 40 44 0.0 0.0 599.0 0.0 10212.0 21.0 2803.0 0.10937499999999999
36 40 45 0.0 0.0 86.0 0.0 1871.0 14.0 21.0 0.3550595992898808
36 40 46 0.0 0.0 0.0 0.0 21.0 0.0 0.0 0.6927263730826323
36 40 47 0.0 0.0 0.0 0.0 5.0 0.0 0.0 0.6982543640897755
36 41 33 0.0 0.0 0.0 0.0 15.0 0.0 0.0 0.694789081885856
36 41 34 0.0 0.0 331.0 0.0 7165.0 25.0 844.0 0.14764817549040282
36 41 35 0.0 0.0 191.0 0.0 4671.0 24.0 262.0 0.20467836257309938
36 41 36 0.0 0.0 386.0 0.0 7463.0 24.0 985.0 0.14240667276980976
36 41 37 0.0 0.0 1376.0 0.0 12976.0 31.0 17420.0 0.08556411196675222
36 41 38 0.0 0.0 2304.0 0.0 11482.0 60.0 41412.0 0.08873676871395067
36 41 39 0.0 0.0 1432.0 0.0 13648.0 46.0 13891.0 0.08204887768856589
36 41 40 0.0 0.0 2129.0 0.0 12125.0 50.0 33141.0 0.08613794376422813
36 41 41 0.0 0.0 1572.0 0.0 12797.0 40.0 22024.0 0.08549618320610686
36 41 42 0.0 0.0 1483.0 0.0 12888.0 50.0 19911.0 0.08549096238397655
36 41 43 0.0 0.0 893.0 0.0 12480.0 37.0 7510.0 0.09116957541026308
36 41 44 0.0 0.0 212.0 0.0 4636.0 16.0 251.0 0.2047981275599766
36 41 45 0.0 0.0 50.0 0.0 1335.0 13.0 14.0 0.4151838671411624
36 41 46 0.0 0.0 0.0 0.0 12.0 0.0 0.0 0.6958250497017892
36 42 33 0.0 0.0 0.0 0.0 7.0 0.0 0.0 0.6975585450921773
36 42 34 0.0 0.0 5.0 0.0 135.0 2.0 0.0 0.6548175865294666
36 42 35 0.0 0.0 243.0 0.0 5608.0 22.0 407.0 0.17875383043922366
36 42 36 0.0 0.0 362.0 0.0 7867.0 17.0 1091.0 0.13706677109849225
36 42 37 0.0 0.0 633.0 0.0 11001.0 28.0 3911.0 0.10280511088265529
36 42 38 0.0 0.0 1638.0 0.0 12904.0 47.0 22505.0 0.08466376390904692
36 42 39 0.0 0.0 1286.0 0.0 13312.0 42.0 14192.0 0.08436275986742994
36 42 40 0.0 0.0 1582.0 0.0 12933.0 48.0 20837.0 0.08479195687723336
36 42 41 0.0 0.0 1453.0 0.0 13293.0 45.0 17680.0 0.08364201218783605
36 42 42 0.0 0.0 1307.0 0.0 12933.0 41.0 16278.0 0.0862493839329719
36 42 43 0.0 0.0 1305.0 0.0 12415.0 29.0 18911.0 0.088984936121528
36 42 44 0.0 0.0 349.0 0.0 7829.0 25.0 1149.0 0.13778171439818915
36 42 45 0.0 0.0 5.0 0.0 304.0 2.0 0.0 0.6071118820468342
36 42 46 0.0 0.0 0.0 0.0 5.0 1.0 0.0 0.6986027944111775
36 42 47 0.0 0.0 0.0 0.0 1.0 0.0 0.0 0.6996501749125437
36 43 34 0.0 0.0 147.0 0.0 3530.0 18.0 112.0 0.24739353242622367
36 43 35 0.0 0.0 113.0 0.0 2347.0 28.0 33.0 0.31588447653429597
36 43 36 0.0 0.0 470.0 0.0 9787.0 24.0 3161.0 0.1142763856011754
36 43 37 0.0 0.0 699.0 0.0 11319.0 29.0 4537.0 0.0999357555856949
36 43 38 0.0 0.0 1382.0 0.0 13234.0 32.0 14930.0 0.08422572494284682
36 43 39 0.0 0.0 1197.0 0.0 13023.0 42.0 12869.0 0.08633980881899475
36 43 40 0.0 0.0 1350.0 0.0 12961.0 45.0 16458.0 0.08590538135853223
36 43 41 0.0 0.0 1189.0 0.0 13070.0 32.0 12767.0 0.08613794376422813
36 43 42 0.0 0.0 1218.0 0.0 13129.0 30.0 13056.0 0.08566358685675823
36 43 43 0.0 0.0 866.0 0.0 12174.0 28.0 7109.0 0.09308510638297872
36 43 44 0.0 0.0 319.0 0.0 6292.0 22.0 502.0 0.16292330967066215
36 43 45 0.0 0.0 16.0 0.0 423.0 5.0 1.0 0.5751848808545603
36 43 46 0.0 0.0 0.0 0.0 8.0 0.0 0.0 0.697211155378486
36 44 34 0.0 0.0 0.0 0.0 7.0 0.0 0.0 0.6975585450921773
36 44 35 0.0 0.0 3.0 0.0 125.0 2.0 0.0 0.6585136406396989
36 44 36 0.0 0.0 117.0 0.0 2405.0 21.0 36.0 0.31111111111111106
36 44 37 0.0 0.0 358.0 0.0 7824.0 29.0 1233.0 0.13778171439818915
36 44 38 0.0 0.0 853.0 0.0 11898.0 23.0 6930.0 0.09488952148569878
36 44 39 0.0 0.0 1169.0 0.0 12750.0 28.0 14426.0 0.08793417498900821
36 44 40 0.0 0.0 814.0 0.0 12194.0 26.0 6371.0 0.09325872635225152
36 44 41 0.0 0.0 1339.0 0.0 12879.0 38.0 17426.0 0.08633448445979279
36 44 42 0.0 0.0 1111.0 0.0 12818.0 29.0 13072.0 0.08790656787642848
36 44 43 0.0 0.0 522.0 0.0 9698.0 26.0 2350.0 0.11474469305794606
36 44 44 0.0 0.0 366.0 0.0 7890.0 25.0 1271.0 0.1367454580972846
36 44 45 0.0 0.0 22.0 0.0 458.0 3.0 0.0 0.5651998385143318
36 44 46 0.0 0.0 0.0 0.0 10.0 0.0 0.0 0.6965174129353233
36 45 34 0.0 0.0 0.0 0.0 2.0 0.0 0.0 0.6993006993006992
36 45 35 0.0 0.0 1.0 0.0 28.0 0.0 0.0 0.6899950714637751
36 45 36 0.0 0.0 0.0 0.0 60.0 0.0 1.0 0.6796116504854368
36 45 37 0.0 0.0 454.0 0.0 8663.0 23.0 1454.0 0.1260806916426513
36 45 38 0.0 0.0 210.0 0.0 4579.0 19.0 228.0 0.20667257159728372
36 45 39 0.0 0.0 397.0 0.0 8152.0 25.0 1225.0 0.13292821876186856
36 45 40 0.0 0.0 516.0 0.0 9689.0 30.0 2271.0 0.11489536315141567
36 45 41 0.0 0.0 438.0 0.0 9222.0 33.0 2369.0 0.12030592076995789
36 45 42 0.0 0.0 386.0 0.0 8426.0 26.0 1597.0 0.12968967114404814
36 45 43 0.0 0.0 291.0 0.0 6123.0 23.0 529.0 0.16678579938050983
36 45 44 0.0 0.0 72.0 0.0 1943.0 9.0 33.0 0.3494757863205192
36 45 45 0.0 0.0 0.0 0.0 22.0 0.0 0.0 0.6923837784371908
36 46 36 0.0 0.0 0.0 0.0 27.0 0.0 0.0 0.6906758756783422
36 46 37 0.0 0.0 3.0 0.0 86.0 0.0 0.0 0.6701771182383915
36 46 38 0.0 0.0 9.0 0.0 264.0 2.0 1.0 0.6164685160722148
36 46 39 0.0 0.0 8.0 0.0 272.0 2.0 1.0 0.6148440931049626
36 46 40 0.0 0.0 135.0 0.0 3554.0 13.0 114.0 0.2466525722339675
36 46 41 0.0 0.0 490.0 0.0 9296.0 20.0 1944.0 0.11888586956521738
36 46 42 0.0 0.0 35.0 0.0 683.0 10.0 4.0 0.5169867060561298
36 46 43 0.0 0.0 9.0 0.0 175.0 1.0 0.0 0.6416131989000916
36 46 44 0.0 0.0 17.0 0.0 212.0 8.0 0.0 0.6303466906798738
36 46 45 0.0 0.0 0.0 0.0 2.0 0.0 0.0 0.6993006993006992
36 47 36 0.0 0.0 0.0 0.0 1.0 0.0 0.0 0.6996501749125437
36 47 38 0.0 0.0 4.0 0.0 61.0 1.0 0.0 0.6782945736434108
36 47 39 0.0 0.0 0.0 0.0 3.0 0.0 0.0 0.6989515726410384
36 47 40 0.0 0.0 0.0 0.0 20.0 1.0 0.0 0.6934125804853887
36 47 41 0.0 0.0 84.0 0.0 1844.0 9.0 19.0 0.3571428571428571
36 47 42 0.0 0.0 2.0 0.0 93.0 0.0 0.0 0.6682577565632457
36 47 43 0.0 0.0 0.0 0.0 32.0 0.0 0.0 0.6889763779527558
36 48 40 0.0 0.0 0.0 0.0 1.0 0.0 0.0 0.6996501749125437
36 48 43 0.0 0.0 0.0 0.0 1.0 0.0 0.0 0.6996501749125437
36 48 44 0.0 0.0 0.0 0.0 1.0 0.0 0.0 0.6996501749125437
37 32 41 0.0 0.0 0.0 0.0 1.0 0.0 0.0 0.6996501749125437
37 33 38 0.0 0.0 0.0 0.0 7.0 0.0 0.0 0.6975585450921773
37 33 39 0.0 0.0 0.0 0.0 13.0 0.0 0.0 0.695479384003974
37 33 40 0.0 0.0 0.0 0.0 15.0 1.0 0.0 0.6951340615690167
37 33 41 0.0 0.0 1.0 0.0 18.0 0.0 0.0 0.6934125804853887
37 33 42 0.0 0.0 0.0 0.0 5.0 0.0 0.0 0.6986027944111775
37 33 43 0.0 0.0 0.0 0.0 4.0 0.0 0.0 0.6986027944111775
37 33 44 0.0 0.0 0.0 0.0 4.0 0.0 0.0 0.6986027944111775
37 34 35 0.0 0.0 1.0 0.0 5.0 0.0 0.0 0.6979062811565303
37 34 36 0.0 0.0 30.0 0.0 714.0 6.0 2.0 0.5113221329437544
37 34 37 0.0 0.0 27.0 0.0 562.0 5.0 0.0 0.5417956656346749
37 34 38 0.0 0.0 75.0 0.0 1314.0 7.0 12.0 0.4139562389118863
37 34 39 0.0 0.0 23.0 0.0 761.0 5.0 2.0 0.5035971223021581
37 34 40 0.0 0.0 38.0 0.0 979.0 9.0 3.0 0.46542553191489355
37 34 41 0.0 0.0 72.0 0.0 1502.0 13.0 14.0 0.39303761931499154
37 34 42 0.0 0.0 1.0 0.0 139.0 3.0 0.0 0.6551240056153486
37 34 43 0.0 0.0 23.0 0.0 744.0 3.0 5.0 0.5066956207021354
37 34 44 0.0 0.0 1.0 0.0 67.0 1.0 0.0 0.6773101112723753
37 34 45 0.0 0.0 2.0 0.0 41.0 0.0 0.0 0.6852667645619186
37 35 34 0.0 0.0 0.0 0.0 2.0 0.0 0.0 0.6993006993006992
37 35 35 0.0 0.0 18.0 0.0 405.0 8.0 0.0 0.5797101449275361
37 35 36 0.0 0.0 7.0 0.0 444.0 3.0 1.0 0.5718954248366012
37 35 37 0.0 0.0 644.0 0.0 10906.0 28.0 4129.0 0.10340497821109386
37 35 38 0.0 0.0 358.0 0.0 7768.0 31.0 1148.0 0.1386001386001386
37 35 39 0.0 0.0 655.0 0.0 11025.0 29.0 4306.0 0.10242153778623161
37 35 40 0.0 0.0 414.0 0.0 8804.0 19.0 1689.0 0.12494422132976347
37 35 41 0.0 0.0 431.0 0.0 8442.0 41.0 1319.0 0.1291512915129151
37 35 42 0.0 0.0 279.0 0.0 6110.0 22.0 449.0 0.16722408026755853
37 35 43 0.0 0.0 343.0 0.0 7208.0 23.0 803.0 0.14687368862778008
37 35 44 0.0 0.0 106.0 0.0 3106.0 16.0 85.0 0.26938618433711753
37 35 45 0.0 0.0 105.0 0.0 2901.0 19.0 58.0 0.2807298977341086
37 35 46 0.0 0.0 0.0 0.0 1.0 0.0 0.0 0.6996501749125437
37 36 34 0.0 0.0 2.0 0.0 36.0 0.0 0.0 0.6869479882237487
37 36 35 0.0 0.0 112.0 0.0 2923.0 13.0 68.0 0.27877339705296694
37 36 36 0.0 0.0 426.0 0.0 8730.0 22.0 1625.0 0.12561686855091966
37 36 37 0.0 0.0 318.0 0.0 7318.0 21.0 857.0 0.14548477605736254
37 36 38 0.0 0.0 705.0 0.0 11374.0 33.0 4294.0 0.09956617594765664
37 36 39 0.0 0.0 925.0 0.0 12577.0 25.0 8142.0 0.090351726363343
37 36 40 0.0 0.0 1176.0 0.0 13029.0 36.0 12638.0 0.08641975308641973
37 36 41 0.0 0.0 973.0 0.0 12648.0 33.0 9743.0 0.08969184444871547
37 36 42 0.0 0.0 810.0 0.0 12080.0 30.0 6805.0 0.09413030323404827
37 36 43 0.0 0.0 1358.0 0.0 12570.0 45.0 19109.0 0.08789001192793018
37 36 44 0.0 0.0 438.0 0.0 9210.0 22.0 2238.0 0.12030592076995789
37 36 45 0.0 0.0 88.0 0.0 1830.0 18.0 14.0 0.3587903639159405
37 36 46 0.0 0.0 0.0 0.0 43.0 0.0 0.0 0.6852667645619186
37 36 47 0.0 0.0 0.0 0.0 24.0 0.0 0.0 0.6916996047430829
37 36 48 0.0 0.0 0.0 0.0 4.0 0.0 0.0 0.6986027944111775
37 37 33 0.0 0.0 0.0 0.0 2.0 0.0 0.0 0.6993006993006992
37 37 34 0.0 0.0 72.0 0.0 1411.0 7.0 4.0 0.4027617951668584
37 37 35 0.0 0.0 171.0 0.0 4605.0 15.0 245.0 0.20697811945594316
37 37 36 0.0 0.0 629.0 0.0 10978.0 25.0 4374.0 0.10297903641044501
37 37 37 0.0 0.0 975.0 0.0 12588.0 38.0 9446.0 0.09002057613168724
37 37 38 0.0 0.0 1257.0 0.0 13279.0 42.0 13021.0 0.08470474346563406
37 37 39 0.0 0.0 2280.0 0.0 11872.0 51.0 37054.0 0.08662294270511074
37 37 40 0.0 0.0 2849.0 0.0 10442.0 71.0 54463.0 0.09162903331369852
37 37 41 0.0 0.0 2093.0 0.0 12281.0 46.0 32843.0 0.0855014046659338
37 37 42 0.0 0.0 1503.0 0.0 13070.0 48.0 18794.0 0.08447984552256818
37 37 43 0.0 0.0 1241.0 0.0 12825.0 38.0 15318.0 0.08720024914356897
37 37 44 0.0 0.0 455.0 0.0 8844.0 22.0 1634.0 0.1240584847142224
37 37 45 0.0 0.0 601.0 0.0 10315.0 28.0 3015.0 0.10854396030392308
37 37 46 0.0 0.0 139.0 0.0 3147.0 9.0 88.0 0.26530225506916805
37 37 47 0.0 0.0 190.0 0.0 3899.0 17.0 122.0 0.2304526748971193
37 37 48 0.0 0.0 0.0 0.0 3.0 0.0 0.0 0.6989515726410384
37 38 33 0.0 0.0 0.0 0.0 3.0 0.0 0.0 0.6989515726410384
37 38 34 0.0 0.0 21.0 0.0 562.0 6.0 1.0 0.5432673651532789
37 38 35 0.0 0.0 263.0 0.0 6280.0 18.0 572.0 0.16418435557640434
37 38 36 0.0 0.0 272.0 0.0 6360.0 29.0 650.0 0.16260162601626016
37 38 37 0.0 0.0 998.0 0.0 12690.0 36.0 9019.0 0.08933699189585859
37 38 38 0.0 0.0 2107.0 0.0 12108.0 57.0 32464.0 0.08630255208975464
37 38 39 0.0 0.0 2395.0 0.0 12844.0 61.0 33475.0 0.08131025670809618
37 38 40 0.0 0.0 2447.0 0.0 13244.0 58.0 31053.0 0.07910051415334199
37 38 41 0.0 0.0 2776.0 0.0 11772.0 72.0 43599.0 0.08458192363460608
37 38 42 0.0 0.0 1688.0 0.0 13383.0 45.0 19300.0 0.08200562324273664
37 38 43 0.0 0.0 1739.0 0.0 12346.0 48.0 25287.0 0.08702138239681749
37 38 44 0.0 0.0 1433.0 0.0 12747.0 36.0 19855.0 0.08652122860144612
37 38 45 0.0 0.0 675.0 0.0 11340.0 33.0 4961.0 0.10001428775539362
37 38 46 0.0 0.0 337.0 0.0 7150.0 22.0 861.0 0.1478352692713833
37 38 47 0.0 0.0 37.0 0.0 1082.0 6.0 5.0 0.44972695149373587
37 38 48 0.0 0.0 0.0 0.0 4.0 0.0 0.0 0.6986027944111775
37 39 33 0.0 0.0 13.0 0.0 181.0 2.0 0.0 0.6386861313868613
37 39 34 0.0 0.0 22.0 0.0 656.0 6.0 6.0 0.5239520958083832
37 39 35 0.0 0.0 541.0 0.0 9837.0 24.0 2730.0 0.11325028312570781
37 39 36 0.0 0.0 674.0 0.0 11229.0 26.0 4516.0 0.10076291924571756
37 39 37 0.0 0.0 2230.0 0.0 12416.0 60.0 33109.0 0.08412450426631413
37 39 38 0.0 0.0 2849.0 0.0 11919.0 68.0 44565.0 0.08341774414586187
37 39 39 0.0 0.0 3477.0 0.0 10995.0 55.0 56428.0 0.08486905916585838
37 39 40 0.0 0.0 3322.0 0.0 11634.0 60.0 49737.0 0.08253257088958321
37 39 41 0.0 0.0 2886.0 0.0 11729.0 69.0 45282.0 0.08431703204047217
37 39 42 0.0 0.0 1875.0 0.0 13414.0 54.0 23827.0 0.0810278967473087
37 39 43 0.0 0.0 1270.0 0.0 13140.0 35.0 14130.0 0.08530863445250136
37 39 44 0.0 0.0 915.0 0.0 12312.0 38.0 7583.0 0.09207497533706017
37 39 45 0.0 0.0 536.0 0.0 9752.0 20.0 2314.0 0.1140343732182129
37 39 46 0.0 0.0 156.0 0.0 3598.0 16.0 128.0 0.24390243902439018
37 39 47 0.0 0.0 57.0 0.0 1317.0 12.0 9.0 0.41629497472494786
37 39 48 0.0 0.0 0.0 0.0 1.0 0.0 0.0 0.6996501749125437
37 40 33 0.0 0.0 10.0 0.0 167.0 2.0 0.0 0.6436781609195401
37 40 34 0.0 0.0 27.0 0.0 689.0 6.0 3.0 0.5166051660516604
37 40 35 0.0 0.0 292.0 0.0 6596.0 20.0 662.0 0.15779981965734896
37 40 36 0.0 0.0 1143.0 0.0 12929.0 42.0 12757.0 0.08722197993894461
37 40 37 0.0 0.0 1798.0 0.0 13218.0 53.0 22765.0 0.08229968843689377
37 40 38 0.0 0.0 2610.0 0.0 12561.0 63.0 36505.0 0.08156606851549755
37 40 39 0.0 0.0 4059.0 0.0 8742.0 62.0 80603.0 0.0944924406047516
37 40 40 0.0 0.0 3761.0 0.0 10519.0 79.0 61584.0 0.08610615659019619
37 40 41 0.0 1.0 3223.0 2.0 11006.0 95.0 54233.0 0.08636644046884638
37 40 42 0.0 0.0 2357.0 0.0 12697.0 63.0 33681.0 0.08211143695014661
37 40 43 0.0 0.0 1686.0 0.0 12679.0 52.0 23807.0 0.0855798031664527
37 40 44 0.0 0.0 732.0 0.0 11673.0 17.0 5318.0 0.09720197181142817
37 40 45 0.0 0.0 372.0 0.0 7822.0 25.0 1128.0 0.13759213759213756
37 40 46 0.0 0.0 135.0 0.0 3920.0 12.0 190.0 0.2315580549123387
37 40 47 0.0 0.0 7.0 0.0 114.0 8.0 0.0 0.6625650733554187
37 40 48 0.0 0.0 0.0 0.0 1.0 0.0 0.0 0.6996501749125437
37 41 33 0.0 0.0 0.0 0.0 36.0 2.0 0.0 0.6882989183874139
37 41 34 0.0 0.0 44.0 0.0 1128.0 16.0 4.0 0.4435994930291508
37 41 35 0.0 0.0 368.0 0.0 8170.0 22.0 1409.0 0.13302926643861648
37 41 36 0.0 0.0 1493.0 0.0 12841.0 44.0 20691.0 0.08572653236176596
37 41 37 0.0 0.0 1805.0 0.0 12954.0 44.0 24828.0 0.08352723584511663
37 41 38 0.0 0.0 2420.0 0.0 13186.0 58.0 31493.0 0.0795138297268132
37 41 39 0.0 0.0 3497.0 0.0 10996.0 70.0 56676.0 0.08488449645304068
37 41 40 0.0 0.0 3503.0 0.0 11328.0 64.0 54546.0 0.08316502316739931
37 41 41 0.0 0.0 2947.0 0.0 11787.0 56.0 45072.0 0.08361703398435165
37 41 42 0.0 0.0 1925.0 0.0 13025.0 55.0 25853.0 0.08259587020648966
37 41 43 0.0 0.0 1374.0 0.0 13079.0 41.0 16976.0 0.08514261387824605
37 41 44 0.0 0.0 741.0 0.0 11789.0 27.0 6128.0 0.09639217846323327
37 41 45 0.0 0.0 38.0 0.0 1573.0 8.0 16.0 0.3885650846516791
37 41 46 0.0 0.0 145.0 0.0 3366.0 13.0 106.0 0.2546380502000727
37 41 47 0.0 0.0 0.0 0.0 30.0 0.0 0.0 0.689655172413793
37 42 33 0.0 0.0 0.0 0.0 23.0 0.0 0.0 0.6920415224913494
37 42 34 0.0 0.0 15.0 0.0 564.0 5.0 5.0 0.544111931597357
37 42 35 0.0 0.0 840.0 0.0 12054.0 31.0 8437.0 0.09403546480386887
37 42 36 0.0 0.0 540.0 0.0 9809.0 26.0 2142.0 0.11358104819081616
37 42 37 0.0 0.0 1516.0 0.0 13217.0 36.0 18292.0 0.08363201911589008
37 42 38 0.0 0.0 1668.0 0.0 13274.0 43.0 20481.0 0.08262999468807176
37 42 39 0.0 0.0 2990.0 0.0 11024.0 75.0 51307.0 0.08746719980007496
37 42 40 0.0 0.0 3596.0 0.0 9750.0 79.0 67807.0 0.091294424519074
37 42 41 0.0 0.0 2755.0 0.0 11656.0 58.0 44705.0 0.08529823920063363
37 42 42 0.0 0.0 2659.0 0.0 11135.0 64.0 47704.0 0.08864125617323033
37 42 43 0.0 0.0 1143.0 0.0 12785.0 39.0 12795.0 0.08791760864104495
37 42 44 0.0 0.0 819.0 0.0 12017.0 33.0 6595.0 0.09444144630329196
37 42 45 0.0 0.0 176.0 0.0 4332.0 18.0 184.0 0.21568325373594205
37 42 46 0.0 0.0 5.0 0.0 156.0 2.0 0.0 0.6484483557202407
37 42 47 0.0 0.0 2.0 0.0 48.0 0.0 0.0 0.6829268292682925
37 43 33 0.0 0.0 0.0 0.0 36.0 0.0 0.0 0.6876227897838899
37 43 34 0.0 0.0 2.0 0.0 169.0 1.0 0.0 0.6451612903225805
37 43 35 0.0 0.0 204.0 0.0 4460.0 19.0 203.0 0.21071643588199873
37 43 36 0.0 0.0 446.0 0.0 8874.0 18.0 1836.0 0.12380615493455958
37 43 37 0.0 0.0 1359.0 0.0 13033.0 35.0 16688.0 0.08537626539821928
37 43 38 0.0 0.0 1977.0 0.0 11596.0 42.0 33852.0 0.08985879332477534
37 43 39 0.0 0.0 2403.0 0.0 11266.0 64.0 42380.0 0.08937691521961184
37 43 40 0.0 0.0 2474.0 0.0 11586.0 53.0 41562.0 0.08711343413602139
37 43 41 0.0 0.0 2100.0 0.0 12341.0 57.0 31243.0 0.08523592085235919
37 43 42 0.0 0.0 1569.0 0.0 13201.0 35.0 19965.0 0.08349734597721714
37 43 43 0.0 0.0 1412.0 0.0 12693.0 41.0 19417.0 0.0869619231008137
37 43 44 0.0 0.0 271.0 0.0 6278.0 19.0 555.0 0.1640496836184673
37 43 45 0.0 0.0 320.0 0.0 6757.0 25.0 645.0 0.1545765706083692
37 43 46 0.0 0.0 1.0 0.0 49.0 1.0 0.0 0.6832601268911663
37 43 47 0.0 0.0 0.0 0.0 8.0 0.0 0.0 0.697211155378486
37 44 33 0.0 0.0 0.0 0.0 2.0 0.0 0.0 0.6993006993006992
37 44 34 0.0 0.0 0.0 0.0 22.0 0.0 0.0 0.6923837784371908
37 44 35 0.0 0.0 262.0 0.0 5524.0 19.0 362.0 0.18022657054582905
37 44 36 0.0 0.0 383.0 0.0 7939.0 18.0 1217.0 0.13579049466537338
37 44 37 0.0 0.0 421.0 0.0 8863.0 30.0 1930.0 0.12424565140220091
37 44 38 0.0 0.0 918.0 0.0 12532.0 33.0 7507.0 0.09066183136899364
37 44 39 0.0 0.0 1365.0 0.0 12820.0 35.0 16570.0 0.08652122860144612
37 44 40 0.0 0.0 1340.0 0.0 12991.0 31.0 16519.0 0.08575278696557637
37 44 41 0.0 0.0 1554.0 0.0 12510.0 50.0 23334.0 0.08720024914356897
37 44 42 0.0 0.0 1254.0 0.0 12396.0 34.0 16899.0 0.08944543828264757
37 44 43 0.0 0.0 671.0 0.0 11194.0 22.0 4032.0 0.10099552734093202
37 44 44 0.0 0.0 201.0 0.0 4767.0 14.0 259.0 0.20132297958009776
37 44 45 0.0 0.0 0.0 0.0 69.0 1.0 0.0 0.6769825918762088
37 44 46 0.0 0.0 0.0 0.0 12.0 0.0 0.0 0.6958250497017892
37 45 34 0.0 0.0 0.0 0.0 20.0 0.0 0.0 0.6930693069306929
37 45 35 0.0 0.0 13.0 0.0 281.0 3.0 0.0 0.6113537117903929
37 45 36 0.0 0.0 141.0 0.0 3222.0 14.0 96.0 0.2617311647036829
37 45 37 0.0 0.0 318.0 0.0 7484.0 17.0 1051.0 0.14301767289815095
37 45 38 0.0 0.0 454.0 0.0 8991.0 23.0 1723.0 0.12245254963701564
37 45 39 0.0 0.0 474.0 0.0 9393.0 16.0 2229.0 0.11805379880259717
37 45 40 0.0 0.0 759.0 0.0 11714.0 31.0 4640.0 0.09684560044272274
37 45 41 0.0 0.0 845.0 0.0 12180.0 33.0 6747.0 0.09325872635225152
37 45 42 0.0 0.0 375.0 0.0 8061.0 27.0 1306.0 0.13435700575815737
37 45 43 0.0 0.0 437.0 0.0 7728.0 20.0 936.0 0.13789027873534912
37 45 44 0.0 0.0 170.0 0.0 3674.0 12.0 91.0 0.24005486968449927
37 45 45 0.0 0.0 39.0 0.0 1176.0 8.0 7.0 0.43640897755610963
37 46 34 0.0 0.0 0.0 0.0 5.0 0.0 0.0 0.6982543640897755
37 46 35 0.0 0.0 0.0 0.0 3.0 0.0 0.0 0.6989515726410384
37 46 36 0.0 0.0 11.0 0.0 241.0 4.0 0.0 0.6227758007117437
37 46 37 0.0 0.0 26.0 0.0 676.0 3.0 1.0 0.5187106335679881
37 46 38 0.0 0.0 14.0 0.0 536.0 3.0 1.0 0.5496662740478994
37 46 39 0.0 0.0 271.0 0.0 6082.0 22.0 503.0 0.16796640671865623
37 46 40 0.0 0.0 178.0 0.0 3801.0 18.0 140.0 0.234820530023482
37 46 41 0.0 0.0 277.0 0.0 6357.0 32.0 566.0 0.16265830138259554
37 46 42 0.0 0.0 512.0 0.0 9893.0 23.0 3072.0 0.11296699749858789
37 46 43 0.0 0.0 54.0 0.0 1166.0 6.0 8.0 0.43559427504667075
37 46 44 0.0 0.0 1.0 0.0 50.0 0.0 0.0 0.6829268292682925
37 47 38 0.0 0.0 0.0 0.0 11.0 0.0 0.0 0.6961710591745399
37 47 39 0.0 0.0 3.0 0.0 176.0 1.0 0.0 0.6427915518824608
37 47 40 0.0 0.0 59.0 0.0 1046.0 17.0 3.0 0.45336787564766834
37 47 41 0.0 0.0 4.0 0.0 249.0 3.0 0.0 0.6222222222222221
37 47 42 0.0 0.0 98.0 0.0 1875.0 16.0 28.0 0.3539823008849557
37 47 43 0.0 0.0 79.0 0.0 1798.0 11.0 25.0 0.3621314019658561
37 47 44 0.0 0.0 0.0 0.0 10.0 0.0 0.0 0.6965174129353233
37 48 40 0.0 0.0 0.0 0.0 1.0 0.0 0.0 0.6996501749125437
37 48 41 0.0 0.0 0.0 0.0 2.0 0.0 0.0 0.6993006993006992
37 48 42 0.0 0.0 0.0 0.0 2.0 0.0 0.0 0.6993006993006992
37 48 43 0.0 0.0 0.0 0.0 1.0 0.0 0.0 0.6996501749125437
38 33 36 0.0 0.0 0.0 0.0 1.0 0.0 0.0 0.6996501749125437
38 33 37 0.0 0.0 0.0 0.0 6.0 0.0 0.0 0.6979062811565303
38 33 38 0.0 0.0 0.0 0.0 21.0 0.0 0.0 0.6927263730826323
38 33 39 0.0 0.0 1.0 0.0 73.0 0.0 0.0 0.6750241080038573
38 33 40 0.0 0.0 87.0 0.0 1742.0 14.0 12.0 0.3669724770642201
38 33 41 0.0 0.0 32.0 0.0 846.0 7.0 1.0 0.487634970393591
38 33 42 0.0 0.0 12.0 0.0 347.0 5.0 1.0 0.594732370433305
38 33 43 0.0 0.0 0.0 0.0 28.0 1.0 0.0 0.6906758756783422
38 33 44 0.0 0.0 0.0 0.0 19.0 0.0 0.0 0.6934125804853887
38 34 34 0.0 0.0 0.0 0.0 6.0 0.0 0.0 0.6979062811565303
38 34 35 0.0 0.0 1.0 0.0 17.0 0.0 0.0 0.6937561942517343
38 34 36 0.0 0.0 22.0 0.0 507.0 5.0 0.0 0.5546751188589539
38 34 37 0.0 0.0 19.0 0.0 528.0 6.0 0.0 0.5511811023622046
38 34 38 0.0 0.0 230.0 0.0 5058.0 20.0 277.0 0.19257221458046764
38 34 39 0.0 0.0 173.0 0.0 3895.0 19.0 143.0 0.23140495867768593
38 34 40 0.0 0.0 253.0 0.0 5499.0 22.0 418.0 0.18101887768295832
38 34 41 0.0 0.0 107.0 0.0 2585.0 15.0 53.0 0.29927319367250954
38 34 42 0.0 0.0 101.0 0.0 2721.0 11.0 65.0 0.29087886972782045
38 34 43 0.0 0.0 221.0 0.0 5484.0 10.0 394.0 0.18179457213348912
38 34 44 0.0 0.0 16.0 0.0 331.0 5.0 1.0 0.5982905982905982
38 34 45 0.0 0.0 1.0 0.0 157.0 1.0 0.0 0.6490496059341677
38 34 46 0.0 0.0 0.0 0.0 4.0 0.0 0.0 0.6986027944111775
38 35 34 0.0 0.0 1.0 0.0 22.0 0.0 0.0 0.6920415224913494
38 35 35 0.0 0.0 32.0 0.0 769.0 6.0 5.0 0.5008944543828264
38 35 36 0.0 0.0 157.0 0.0 3913.0 23.0 137.0 0.23148148148148145
38 35 37 0.0 0.0 494.0 0.0 9280.0 25.0 2080.0 0.11907799608743726
38 35 38 0.0 0.0 616.0 0.0 10774.0 27.0 3492.0 0.10468072379243308
38 35 39 0.0 0.0 638.0 0.0 11058.0 29.0 4486.0 0.10236162901221027
38 35 40 0.0 0.0 870.0 0.0 12332.0 34.0 7468.0 0.09215376513954711
38 35 41 0.0 0.0 765.0 0.0 11731.0 34.0 5794.0 0.09667173042397459
38 35 42 0.0 0.0 417.0 0.0 8909.0 20.0 2008.0 0.12368583797155223
38 35 43 0.0 0.0 559.0 0.0 10002.0 27.0 2539.0 0.11162494020092488
38 35 44 0.0 0.0 535.0 0.0 9946.0 22.0 2489.0 0.11229646266142616
38 35 45 0.0 0.0 10.0 0.0 320.0 5.0 0.0 0.6024096385542168
38 35 46 0.0 0.0 1.0 0.0 8.0 1.0 0.0 0.697211155378486
38 36 33 0.0 0.0 0.0 0.0 1.0 0.0 0.0 0.6996501749125437
38 36 34 0.0 0.0 92.0 0.0 2351.0 14.0 36.0 0.31609844208624965
38 36 35 0.0 0.0 159.0 0.0 3815.0 24.0 123.0 0.23517554174365862
38 36 36 0.0 0.0 584.0 0.0 10357.0 27.0 3000.0 0.10835074684621931
38 36 37 0.0 0.0 1425.0 0.0 12661.0 51.0 19597.0 0.08704843623702044
38 36 38 0.0 0.0 1179.0 0.0 12946.0 34.0 12945.0 0.08680555555555555
38 36 39 0.0 0.0 1340.0 0.0 13254.0 35.0 15650.0 0.08436275986742994
38 36 40 0.0 0.0 1643.0 0.0 12605.0 40.0 24437.0 0.08615914825527723
38 36 41 0.0 0.0 1553.0 0.0 12817.0 48.0 20171.0 0.08555365436323636
38 36 42 0.0 0.0 1190.0 0.0 13081.0 30.0 12009.0 0.08598452278589852
38 36 43 0.0 0.0 1376.0 0.0 13063.0 39.0 16010.0 0.08518405841192576
38 36 44 0.0 0.0 766.0 0.0 11552.0 30.0 4815.0 0.09779267951941882
38 36 45 0.0 0.0 68.0 0.0 1740.0 16.0 18.0 0.3691983122362869
38 36 46 0.0 0.0 2.0 0.0 146.0 1.0 0.0 0.6520726595249184
38 36 47 0.0 0.0 1.0 0.0 19.0 1.0 0.0 0.6934125804853887
38 36 48 0.0 0.0 0.0 0.0 1.0 0.0 0.0 0.6996501749125437
38 37 33 0.0 0.0 0.0 0.0 7.0 0.0 0.0 0.6975585450921773
38 37 34 0.0 0.0 169.0 0.0 3560.0 12.0 112.0 0.24471246285614398
38 37 35 0.0 0.0 368.0 0.0 7869.0 21.0 1180.0 0.13695949911954605
38 37 36 0.0 0.0 1435.0 0.0 12747.0 42.0 19007.0 0.08651588184402421
38 37 37 0.0 0.0 1143.0 0.0 13013.0 33.0 11327.0 0.0866765725606736
38 37 38 0.0 0.0 2374.0 0.0 11928.0 68.0 38671.0 0.08598452278589852
38 37 39 0.0 0.0 2247.0 0.0 12946.0 57.0 31665.0 0.08146639511201628
38 37 40 0.0 0.0 3206.0 0.0 10833.0 79.0 54983.0 0.08734169318110924
38 37 41 0.0 0.0 2861.0 0.0 12367.0 50.0 40531.0 0.08121591831999071
38 37 42 0.0 0.0 2813.0 0.0 10811.0 50.0 50954.0 0.08953696597595291
38 37 43 0.0 0.0 2133.0 0.0 11452.0 46.0 37310.0 0.0898299647096567
38 37 44 0.0 0.0 1210.0 0.0 12744.0 43.0 15353.0 0.08783487044356608
38 37 45 0.0 0.0 292.0 0.0 6056.0 20.0 465.0 0.16802688430148824
38 37 46 0.0 0.0 437.0 0.0 8541.0 23.0 1367.0 0.12766733540032826
38 37 47 0.0 0.0 1.0 0.0 84.0 1.0 0.0 0.6730769230769229
38 38 33 0.0 0.0 23.0 0.0 478.0 5.0 0.0 0.5608974358974358
38 38 34 0.0 0.0 50.0 0.0 1261.0 14.0 14.0 0.4246284501061571
38 38 35 0.0 0.0 812.0 0.0 12046.0 28.0 5977.0 0.09425070688030159
38 38 36 0.0 0.0 1429.0 0.0 12905.0 33.0 18617.0 0.08564262555820638
38 38 37 0.0 0.0 1862.0 0.0 13165.0 51.0 23839.0 0.08224650452355774
38 38 38 0.0 0.0 3340.0 0.0 9950.0 76.0 62552.0 0.09157509157509157
38 38 39 0.0 0.0 4133.0 0.0 9727.0 68.0 73009.0 0.08816120906801006
38 38 40 0.0 0.0 4569.0 0.0 8331.0 72.0 90288.0 0.09397234528124579
38 38 41 0.0 0.0 4321.0 0.0 8730.0 78.0 83135.0 0.0930294371719051
38 38 42 0.0 0.0 3458.0 0.0 10318.0 61.0 62426.0 0.08860198721599898
38 38 43 0.0 0.0 2067.0 0.0 13322.0 65.0 27240.0 0.08053845711327158
38 38 44 0.0 0.0 1200.0 0.0 13347.0 37.0 11996.0 0.08464328899637243
38 38 45 0.0 0.0 1467.0 0.0 13071.0 35.0 19000.0 0.08466888418506198
38 38 46 0.0 0.0 680.0 0.0 11428.0 20.0 4847.0 0.09922744347579558
38 38 47 0.0 0.0 36.0 0.0 861.0 10.0 1.0 0.4849324558365084
38 38 48 0.0 0.0 0.0 0.0 1.0 0.0 0.0 0.6996501749125437
38 39 33 0.0 0.0 2.0 0.0 36.0 1.0 0.0 0.6876227897838899
38 39 34 0.0 0.0 260.0 0.0 5465.0 21.0 382.0 0.18160591516409386
38 39 35 0.0 0.0 905.0 0.0 12326.0 21.0 8475.0 0.09187557422233887
38 39 36 0.0 0.0 1103.0 0.0 12855.0 43.0 11920.0 0.08781834148789361
38 39 37 0.0 0.0 2607.0 0.0 12305.0 67.0 38511.0 0.08285004142502071
38 39 38 0.0 0.0 4278.0 0.0 8667.0 93.0 84161.0 0.09368935287425549
38 39 39 0.0 0.0 5064.0 0.0 7185.0 74.0 103713.0 0.0983284169124877
38 39 40 0.0 0.0 5513.0 0.0 7414.0 73.0 105565.0 0.09377721213745058
38 39 41 0.0 0.0 4786.0 0.0 7751.0 73.0 97191.0 0.09624639076034647
38 39 42 0.0 0.0 3674.0 0.0 10405.0 63.0 63318.0 0.0870430241233524
38 39 43 0.0 0.0 2839.0 0.0 10993.0 64.0 50626.0 0.08841174613198609
38 39 44 0.0 0.0 1367.0 0.0 12801.0 43.0 17293.0 0.08666047663262147
38 39 45 0.0 0.0 969.0 0.0 12508.0 22.0 9798.0 0.09042759333419453
38 39 46 0.0 0.0 286.0 0.0 5598.0 27.0 360.0 0.17813971243160703
38 39 47 0.0 0.0 0.0 0.0 101.0 0.0 0.0 0.6663493574488338
38 40 33 0.0 0.0 17.0 0.0 453.0 7.0 1.0 0.5684125050751115
38 40 34 0.0 0.0 232.0 0.0 5498.0 15.0 378.0 0.1813706438657857
38 40 35 0.0 0.0 637.0 0.0 10683.0 27.0 3429.0 0.10518407212622088
38 40 36 0.0 0.0 1193.0 0.0 13112.0 48.0 12931.0 0.08596340415080436
38 40 37 0.0 0.0 2860.0 0.0 11997.0 49.0 43010.0 0.08296296296296296
38 40 38 0.0 0.0 4487.0 0.0 8713.0 77.0 84492.0 0.0919963201471941
38 40 39 0.0 0.0 5081.0 0.0 6063.0 70.0 119151.0 0.10648817220658705
38 40 40 0.0 0.0 5714.0 1.0 6683.0 89.0 113643.0 0.09726274836737528
38 40 41 0.0 4.0 4989.0 6.0 8945.0 82.0 85718.0 0.08783487044356608
38 40 42 0.0 0.0 4107.0 1.0 9113.0 74.0 78260.0 0.09183338799606428
38 40 43 0.0 0.0 2439.0 0.0 12174.0 57.0 37697.0 0.08428657435279951
38 40 44 0.0 0.0 854.0 0.0 12250.0 31.0 6693.0 0.09275208692195573
38 40 45 0.0 0.0 751.0 0.0 11671.0 31.0 7166.0 0.09714801193532717
38 40 46 0.0 0.0 472.0 0.0 9537.0 32.0 2282.0 0.11677370923346399
38 40 47 0.0 0.0 8.0 0.0 179.0 5.0 0.0 0.6416131989000916
38 41 33 0.0 0.0 13.0 0.0 356.0 5.0 0.0 0.5922165820642977
38 41 34 0.0 0.0 195.0 0.0 4514.0 24.0 198.0 0.20929884885633127
38 41 35 0.0 0.0 424.0 0.0 8291.0 30.0 1197.0 0.13093901982790868
38 41 36 0.0 0.0 935.0 0.0 12536.0 25.0 9082.0 0.09051529061873666
38 41 37 0.0 0.0 2431.0 0.0 12356.0 63.0 35973.0 0.08341774414586187
38 41 38 0.0 0.0 4159.0 0.0 9944.0 92.0 70549.0 0.08701056556867619
38 41 39 0.0 0.0 4996.0 0.0 6949.0 76.0 106466.0 0.10048087274815186
38 41 40 0.0 0.0 5170.0 0.0 6566.0 89.0 111545.0 0.1018848700967906
38 41 41 0.0 1.0 4925.0 3.0 8633.0 88.0 88570.0 0.08997429305912595
38 41 42 0.0 0.0 3690.0 0.0 10690.0 93.0 61691.0 0.08556934172727827
38 41 43 0.0 0.0 1818.0 0.0 13010.0 50.0 24217.0 0.08319961965888155
38 41 44 0.0 0.0 1465.0 0.0 12829.0 46.0 19991.0 0.08594757198109153
38 41 45 0.0 0.0 649.0 0.0 11071.0 21.0 4022.0 0.10205569324974485
38 41 46 0.0 0.0 103.0 0.0 2552.0 14.0 47.0 0.30165912518853694
38 41 47 0.0 0.0 2.0 0.0 63.0 2.0 0.0 0.6786233640329616
38 42 33 0.0 0.0 1.0 0.0 63.0 2.0 0.0 0.6789524733268669
38 42 34 0.0 0.0 346.0 0.0 7484.0 12.0 996.0 0.14250814332247558
38 42 35 0.0 0.0 367.0 0.0 8015.0 18.0 1175.0 0.13499180406903863
38 42 36 0.0 0.0 1351.0 0.0 12645.0 40.0 18687.0 0.08756019763587465
38 42 37 0.0 0.0 2034.0 0.0 12433.0 42.0 30628.0 0.08496176720475786
38 42 38 0.0 0.0 3472.0 0.0 10049.0 71.0 62821.0 0.09028180821564454
38 42 39 0.0 0.0 4110.0 0.0 8076.0 73.0 89173.0 0.09867493656611219
38 42 40 0.0 0.0 4494.0 0.0 8462.0 63.0 86969.0 0.09339559706470979
38 42 41 0.0 0.0 4268.0 0.0 7751.0 83.0 93177.0 0.09988584474885844
38 42 42 0.0 0.0 3191.0 0.0 11197.0 66.0 52459.0 0.08540230586225828
38 42 43 0.0 0.0 1371.0 0.0 13433.0 44.0 14281.0 0.08340283569641367
38 42 44 0.0 0.0 985.0 0.0 12744.0 24.0 9814.0 0.0889905924230867
38 42 45 0.0 0.0 476.0 0.0 8936.0 36.0 1663.0 0.12297962052002809
38 42 46 0.0 0.0 233.0 0.0 5079.0 18.0 283.0 0.19193857965451053
38 42 47 0.0 0.0 0.0 0.0 21.0 0.0 0.0 0.6927263730826323
38 43 32 0.0 0.0 0.0 0.0 1.0 0.0 0.0 0.6996501749125437
38 43 33 0.0 0.0 17.0 0.0 568.0 5.0 3.0 0.5426356589147286
38 43 34 0.0 0.0 319.0 0.0 6905.0 19.0 719.0 0.1519756838905775
38 43 35 0.0 0.0 308.0 0.0 6851.0 30.0 723.0 0.1532567049808429
38 43 36 0.0 0.0 1016.0 0.0 12641.0 37.0 9928.0 0.08945115328094051
38 43 37 0.0 0.0 1743.0 0.0 12894.0 45.0 23568.0 0.08413461538461538
38 43 38 0.0 0.0 2520.0 0.0 11818.0 65.0 40631.0 0.08566882878472645
38 43 39 0.0 0.0 2821.0 0.0 11992.0 76.0 43426.0 0.08329366968110423
38 43 40 0.0 0.0 3157.0 0.0 10662.0 70.0 55480.0 0.08848438882568574
38 43 41 0.0 0.0 2773.0 0.0 11131.0 59.0 48346.0 0.08796179944709724
38 43 42 0.0 0.0 2411.0 0.0 11958.0 52.0 37457.0 0.0855327468230694
38 43 43 0.0 0.0 1216.0 0.0 13020.0 49.0 13581.0 0.08630255208975464
38 43 44 0.0 0.0 498.0 0.0 9399.0 19.0 1983.0 0.11782528193906747
38 43 45 0.0 0.0 392.0 0.0 7558.0 20.0 977.0 0.14088759182851965
38 43 46 0.0 0.0 87.0 0.0 1566.0 22.0 13.0 0.38546255506607924
38 43 47 0.0 0.0 0.0 0.0 28.0 0.0 0.0 0.690335305719921
38 44 33 0.0 0.0 1.0 0.0 32.0 1.0 0.0 0.6889763779527558
38 44 34 0.0 0.0 70.0 0.0 1613.0 11.0 14.0 0.3813674748025061
38 44 35 0.0 0.0 216.0 0.0 5109.0 21.0 280.0 0.19159709867250577
38 44 36 0.0 0.0 790.0 0.0 12024.0 32.0 5867.0 0.09458181326847723
38 44 37 0.0 0.0 664.0 0.0 11247.0 26.0 4755.0 0.10068320747932397
38 44 38 0.0 0.0 1375.0 0.0 13184.0 48.0 15728.0 0.08459725663182065
38 44 39 0.0 0.0 1628.0 0.0 12753.0 42.0 23305.0 0.08546486783468651
38 44 40 0.0 0.0 1991.0 0.0 12626.0 50.0 28679.0 0.08426120975022569
38 44 41 0.0 0.0 2106.0 0.0 11954.0 48.0 34076.0 0.08714054525084028
38 44 42 0.0 0.0 1075.0 0.0 12805.0 30.0 10650.0 0.0881778673552938
38 44 43 0.0 0.0 958.0 0.0 12609.0 30.0 8918.0 0.0899107314880226
38 44 44 0.0 0.0 299.0 0.0 6503.0 25.0 644.0 0.15943514406104084
38 44 45 0.0 0.0 124.0 0.0 3000.0 13.0 69.0 0.27386541471048503
38 44 46 0.0 0.0 23.0 0.0 767.0 5.0 3.0 0.5026929982046677
38 44 47 0.0 0.0 0.0 0.0 1.0 0.0 0.0 0.6996501749125437
38 45 34 0.0 0.0 0.0 0.0 20.0 0.0 0.0 0.6930693069306929
38 45 35 0.0 0.0 336.0 0.0 6756.0 23.0 643.0 0.15430397883831146
38 45 36 0.0 0.0 28.0 0.0 650.0 5.0 0.0 0.5241482590789965
38 45 37 0.0 0.0 211.0 0.0 5256.0 28.0 356.0 0.18817204301075266
38 45 38 0.0 0.0 821.0 0.0 12134.0 33.0 5277.0 0.09365801445009364
38 45 39 0.0 0.0 1179.0 0.0 12890.0 47.0 13283.0 0.08722197993894461
38 45 40 0.0 0.0 1543.0 0.0 12878.0 34.0 20792.0 0.08521516829995739
38 45 41 0.0 0.0 1586.0 0.0 12488.0 45.0 23733.0 0.08710801393728222
38 45 42 0.0 0.0 935.0 0.0 12444.0 33.0 9327.0 0.0910450673083176
38 45 43 0.0 0.0 544.0 0.0 9966.0 26.0 2788.0 0.11200896071685734
38 45 44 0.0 0.0 61.0 0.0 1521.0 15.0 16.0 0.39248668348752447
38 45 45 0.0 0.0 105.0 0.0 2308.0 13.0 41.0 0.3180372557928214
38 45 46 0.0 0.0 0.0 0.0 1.0 0.0 0.0 0.6996501749125437
38 46 34 0.0 0.0 0.0 0.0 6.0 0.0 0.0 0.6979062811565303
38 46 35 0.0 0.0 6.0 0.0 175.0 2.0 0.0 0.6424965580541532
38 46 36 0.0 0.0 0.0 0.0 32.0 1.0 0.0 0.6899950714637751
38 46 37 0.0 0.0 7.0 0.0 279.0 2.0 0.0 0.6132282084975909
38 46 38 0.0 0.0 259.0 0.0 5538.0 24.0 335.0 0.1799948572897917
38 46 39 0.0 0.0 269.0 0.0 6435.0 23.0 659.0 0.16117890858853326
38 46 40 0.0 0.0 498.0 0.0 9534.0 19.0 2375.0 0.11642411642411642
38 46 41 0.0 0.0 744.0 0.0 11578.0 19.0 6027.0 0.09773123909249562
38 46 42 0.0 0.0 124.0 0.0 3616.0 18.0 129.0 0.24466969591052076
38 46 43 0.0 0.0 400.0 0.0 7987.0 16.0 1157.0 0.1349007515899017
38 46 44 0.0 0.0 8.0 0.0 168.0 1.0 0.0 0.6439742410303587
38 46 45 0.0 0.0 23.0 0.0 381.0 7.0 0.0 0.5840634125990821
38 47 36 0.0 0.0 0.0 0.0 5.0 0.0 0.0 0.6982543640897755
38 47 37 0.0 0.0 0.0 0.0 4.0 0.0 0.0 0.6986027944111775
38 47 38 0.0 0.0 0.0 0.0 29.0 0.0 0.0 0.6899950714637751
38 47 39 0.0 0.0 0.0 0.0 79.0 0.0 0.0 0.6734006734006733
38 47 40 0.0 0.0 91.0 0.0 2302.0 14.0 28.0 0.31963470319634696
38 47 41 0.0 0.0 95.0 0.0 2297.0 15.0 47.0 0.319780721790772
38 47 42 0.0 0.0 4.0 0.0 164.0 1.0 0.0 0.646054453161052
38 47 43 0.0 0.0 3.0 0.0 90.0 2.0 0.0 0.669536107125777
38 47 44 0.0 0.0 0.0 0.0 12.0 0.0 0.0 0.6958250497017892
38 48 39 0.0 0.0 0.0 0.0 2.0 0.0 0.0 0.6993006993006992
38 48 40 0.0 0.0 0.0 0.0 2.0 0.0 0.0 0.6993006993006992
38 48 41 0.0 0.0 0.0 0.0 7.0 0.0 0.0 0.6975585450921773
38 48 42 0.0 0.0 0.0 0.0 2.0 0.0 0.0 0.6993006993006992
39 32 37 0.0 0.0 0.0 0.0 1.0 0.0 0.0 0.6996501749125437
39 32 39 0.0 0.0 0.0 0.0 3.0 0.0 0.0 0.6989515726410384
39 32 40 0.0 0.0 2.0 0.0 22.0 0.0 0.0 0.6916996047430829
39 32 41 0.0 0.0 0.0 0.0 2.0 0.0 0.0 0.6993006993006992
39 32 42 0.0 0.0 0.0 0.0 4.0 0.0 0.0 0.6986027944111775
39 32 43 0.0 0.0 0.0 0.0 2.0 0.0 0.0 0.6993006993006992
39 33 35 0.0 0.0 0.0 0.0 1.0 0.0 0.0 0.6996501749125437
39 33 36 0.0 0.0 0.0 0.0 4.0 0.0 0.0 0.6986027944111775
39 33 37 0.0 0.0 11.0 0.0 285.0 6.0 1.0 0.6113537117903929
39 33 38 0.0 0.0 7.0 0.0 156.0 2.0 0.0 0.6478482184173993
39 33 39 0.0 0.0 1.0 0.0 78.0 0.0 0.0 0.6734006734006733
39 33 40 0.0 0.0 3.0 0.0 148.0 1.0 0.0 0.6514657980456026
39 33 41 0.0 0.0 0.0 0.0 101.0 0.0 0.0 0.6663493574488338
39 33 42 0.0 0.0 0.0 0.0 48.0 0.0 0.0 0.6835937499999999
39 33 43 0.0 0.0 17.0 0.0 290.0 3.0 0.0 0.6076388888888887
39 33 44 0.0 0.0 2.0 0.0 70.0 1.0 0.0 0.6760019314340897
39 34 34 0.0 0.0 0.0 0.0 10.0 0.0 0.0 0.6965174129353233
39 34 35 0.0 0.0 1.0 0.0 38.0 0.0 0.0 0.6866110838646394
39 34 36 0.0 0.0 43.0 0.0 693.0 9.0 2.0 0.5133846718005133
39 34 37 0.0 0.0 163.0 0.0 3892.0 22.0 132.0 0.23201856148491876
39 34 38 0.0 0.0 309.0 0.0 6219.0 20.0 512.0 0.1644350481559784
39 34 39 0.0 0.0 324.0 0.0 7250.0 21.0 910.0 0.14642819788725028
39 34 40 0.0 0.0 631.0 0.0 10661.0 21.0 3449.0 0.10537407797681769
39 34 41 0.0 0.0 516.0 0.0 9542.0 25.0 2199.0 0.11621150493898894
39 34 42 0.0 0.0 214.0 0.0 5082.0 17.0 316.0 0.19222847727584785
39 34 43 0.0 0.0 513.0 0.0 9776.0 24.0 2394.0 0.11402508551881413
39 34 44 0.0 0.0 25.0 0.0 745.0 6.0 4.0 0.5065123010130245
39 34 45 0.0 0.0 5.0 0.0 184.0 0.0 0.0 0.639853747714808
39 34 46 0.0 0.0 0.0 0.0 1.0 0.0 0.0 0.6996501749125437
39 35 33 0.0 0.0 0.0 0.0 2.0 0.0 0.0 0.6993006993006992
39 35 34 0.0 0.0 2.0 0.0 83.0 0.0 0.0 0.6714628297362109
39 35 35 0.0 0.0 315.0 0.0 7080.0 22.0 835.0 0.1493014823504319
39 35 36 0.0 0.0 205.0 0.0 4788.0 18.0 244.0 0.20060180541624872
39 35 37 0.0 0.0 424.0 0.0 8643.0 26.0 1584.0 0.12667390517553384
39 35 38 0.0 0.0 659.0 0.0 10828.0 26.0 3538.0 0.10388839418224992
39 35 39 0.0 0.0 1156.0 0.0 12828.0 36.0 13060.0 0.08761499468051817
39 35 40 0.0 0.0 844.0 0.0 12076.0 40.0 5851.0 0.09393451422436928
39 35 41 0.0 0.0 1362.0 0.0 12994.0 31.0 17065.0 0.0855222968845449
39 35 42 0.0 0.0 1218.0 0.0 12916.0 46.0 13895.0 0.08681093817821045
39 35 43 0.0 0.0 872.0 0.0 12204.0 19.0 7603.0 0.09280742459396751
39 35 44 0.0 0.0 659.0 0.0 11078.0 30.0 3793.0 0.10202594373997957
39 35 45 0.0 0.0 150.0 0.0 3301.0 18.0 83.0 0.2576370997423628
39 35 46 0.0 0.0 2.0 0.0 66.0 2.0 0.0 0.6776379477250725
39 35 47 0.0 0.0 1.0 0.0 4.0 0.0 0.0 0.6982543640897755
39 36 33 0.0 0.0 0.0 0.0 2.0 0.0 0.0 0.6993006993006992
39 36 34 0.0 0.0 77.0 0.0 1811.0 9.0 28.0 0.3609177623098736
39 36 35 0.0 0.0 449.0 0.0 9062.0 27.0 1973.0 0.12182387747998606
39 36 36 0.0 0.0 984.0 0.0 12396.0 31.0 11699.0 0.09105691056910567
39 36 37 0.0 0.0 1389.0 0.0 12948.0 41.0 17958.0 0.08571603502112288
39 36 38 0.0 0.0 1871.0 0.0 12189.0 49.0 29001.0 0.08715682002116665
39 36 39 0.0 0.0 1508.0 0.0 13565.0 38.0 16156.0 0.08200082000820007
39 36 40 0.0 0.0 1808.0 0.0 12775.0 54.0 25309.0 0.08443908323281062
39 36 41 0.0 0.0 2475.0 0.0 11941.0 55.0 38334.0 0.08527226215129735
39 36 42 0.0 0.0 1722.0 0.0 12966.0 49.0 23314.0 0.08394795226959284
39 36 43 0.0 0.0 1377.0 0.0 13398.0 42.0 14850.0 0.08348738744111156
39 36 44 0.0 0.0 534.0 0.0 9914.0 20.0 2736.0 0.11251305955155508
39 36 45 0.0 0.0 287.0 0.0 6895.0 13.0 813.0 0.1525885558583106
39 36 46 0.0 0.0 156.0 0.0 3671.0 20.0 136.0 0.2410883416566213
39 36 47 0.0 0.0 1.0 0.0 34.0 0.0 0.0 0.6879606879606879
39 37 33 0.0 0.0 0.0 0.0 13.0 0.0 0.0 0.6958250497017892
39 37 34 0.0 0.0 92.0 0.0 2289.0 15.0 42.0 0.32073310423825885
39 37 35 0.0 0.0 846.0 0.0 12078.0 27.0 6856.0 0.09384006970976606
39 37 36 0.0 0.0 1090.0 0.0 12813.0 43.0 11446.0 0.08805031446540879
39 37 37 0.0 0.0 2765.0 0.0 10754.0 67.0 50906.0 0.09011908593498551
39 37 38 0.0 0.0 2684.0 0.0 11513.0 72.0 44885.0 0.08643042350907518
39 37 39 0.0 0.0 3201.0 0.0 11840.0 55.0 48082.0 0.08214998239643234
39 37 40 0.0 0.0 3741.0 0.0 10182.0 85.0 65931.0 0.08798391151332327
39 37 41 0.0 0.0 4019.0 0.0 8493.0 76.0 83044.0 0.09645194626248707
39 37 42 0.0 0.0 3493.0 0.0 9442.0 84.0 67808.0 0.09378977691431634
39 37 43 0.0 0.0 2211.0 0.0 12466.0 45.0 32382.0 0.08391776059461727
39 37 44 0.0 0.0 912.0 0.0 12420.0 24.0 8921.0 0.09137188356611407
39 37 45 0.0 0.0 691.0 0.0 11333.0 35.0 3990.0 0.09996429846483397
39 37 46 0.0 0.0 78.0 0.0 2360.0 12.0 54.0 0.3163841807909604
39 37 47 0.0 0.0 104.0 0.0 2388.0 14.0 37.0 0.3126395712371594
39 37 48 0.0 0.0 1.0 0.0 9.0 0.0 0.0 0.6965174129353233
39 38 33 0.0 0.0 0.0 0.0 30.0 0.0 0.0 0.6899950714637751
39 38 34 0.0 0.0 190.0 0.0 4187.0 19.0 195.0 0.2202643171806167
39 38 35 0.0 0.0 855.0 0.0 12168.0 34.0 8472.0 0.09322767530132516
39 38 36 0.0 0.0 1630.0 0.0 12624.0 52.0 22982.0 0.08617505847593253
39 38 37 0.0 0.0 3180.0 0.0 9534.0 78.0 64210.0 0.09523161689680973
39 38 38 0.0 0.0 4082.0 0.0 9656.0 74.0 72412.0 0.08895101340618844
39 38 39 0.0 3.0 4960.0 3.0 8442.0 75.0 90253.0 0.09080884737627293
39 38 40 0.0 0.0 5033.0 0.0 6072.0 65.0 117209.0 0.10674799847502857
39 38 41 0.0 0.0 5235.0 0.0 6796.0 66.0 109543.0 0.09975773122416987
39 38 42 0.0 0.0 4220.0 0.0 10027.0 87.0 70954.0 0.08624407072013798
39 38 43 0.0 0.0 2480.0 0.0 12859.0 63.0 34785.0 0.0807801050141365
39 38 44 0.0 0.0 2295.0 0.0 11057.0 36.0 42724.0 0.09107468123861565
39 38 45 0.0 0.0 838.0 0.0 11996.0 44.0 5773.0 0.09448606330566241
39 38 46 0.0 0.0 271.0 0.0 5662.0 25.0 423.0 0.17701352889113667
39 38 47 0.0 0.0 3.0 0.0 133.0 1.0 0.0 0.6557377049180326
39 38 48 0.0 0.0 0.0 0.0 4.0 0.0 0.0 0.6986027944111775
39 39 33 0.0 0.0 3.0 0.0 59.0 1.0 0.0 0.6792819019893255
39 39 34 0.0 0.0 373.0 0.0 7265.0 16.0 783.0 0.14537902388369675
39 39 35 0.0 0.0 853.0 0.0 12130.0 38.0 6111.0 0.09355162044771131
39 39 36 0.0 0.0 2275.0 0.0 11727.0 60.0 37526.0 0.0874508089199825
39 39 37 0.0 0.0 3557.0 0.0 9845.0 77.0 66372.0 0.09088548428979484
39 39 38 0.0 0.0 5210.0 0.0 8114.0 88.0 94581.0 0.0913957435696566
39 39 39 2.0 0.0 5850.0 0.0 5422.0 83.0 127805.0 0.10559662090813092
39 39 40 0.0 1.0 4831.0 0.0 3784.0 47.0 146311.0 0.1318764129615674
39 39 41 0.0 0.0 5196.0 0.0 4526.0 63.0 135098.0 0.11926058437686342
39 39 42 0.0 1.0 4748.0 1.0 9237.0 86.0 81278.0 0.08768633345859951
39 39 43 0.0 0.0 2996.0 0.0 11615.0 60.0 46903.0 0.08419533317296125
39 39 44 0.0 0.0 1595.0 0.0 13594.0 46.0 18584.0 0.08141901715615003
39 39 45 0.0 0.0 494.0 0.0 9605.0 23.0 2274.0 0.11588444665176723
39 39 46 0.0 0.0 304.0 0.0 6539.0 23.0 616.0 0.15865820489573887
39 39 47 0.0 0.0 5.0 0.0 149.0 2.0 0.0 0.6505576208178437
39 39 48 0.0 0.0 0.0 0.0 6.0 0.0 0.0 0.6979062811565303
39 40 33 0.0 0.0 11.0 0.0 322.0 4.0 0.0 0.6011163589523401
39 40 34 0.0 0.0 423.0 0.0 8711.0 28.0 1604.0 0.1259559154295996
39 40 35 0.0 0.0 792.0 0.0 11982.0 32.0 6350.0 0.09476106673886556
39 40 36 0.0 0.0 1763.0 0.0 13135.0 44.0 22746.0 0.08275699001004906
39 40 37 0.0 0.0 3228.0 0.0 11493.0 57.0 49932.0 0.08366200549778892
39 40 38 0.0 0.0 5293.0 0.0 7099.0 72.0 106086.0 0.09718172983479104
39 40 39 1.0 2.0 4567.0 1.0 3559.0 53.0 148949.0 0.1380534464056799
39 40 40 2.0 3.0 6101.0 3.0 4381.0 67.0 140871.0 0.11215252743731474
39 40 41 0.0 3.0 6140.0 3.0 6179.0 70.0 120576.0 0.0977585364150548
39 40 42 0.0 0.0 4830.0 0.0 8351.0 75.0 89891.0 0.09208103130755063
39 40 43 0.0 0.0 2654.0 0.0 13036.0 57.0 35281.0 0.07912733849545017
39 40 44 0.0 0.0 1871.0 0.0 12655.0 59.0 26012.0 0.08476628723661903
39 40 45 0.0 0.0 434.0 0.0 9360.0 15.0 2188.0 0.11877492152371255
39 40 46 0.0 0.0 191.0 0.0 4418.0 18.0 200.0 0.21237864077669902
39 40 47 0.0 0.0 17.0 0.0 497.0 6.0 2.0 0.5582137161084528
39 41 33 0.0 0.0 52.0 0.0 997.0 11.0 1.0 0.46098123147843256
39 41 34 0.0 0.0 461.0 0.0 8902.0 26.0 1725.0 0.1233915036136083
39 41 35 0.0 0.0 1229.0 0.0 13053.0 29.0 13690.0 0.08593174564203289
39 41 36 0.0 0.0 1853.0 0.0 13307.0 50.0 23881.0 0.0815803274867432
39 41 37 0.0 0.0 3070.0 1.0 11134.0 71.0 50615.0 0.08640375239153242
39 41 38 0.0 2.0 4882.0 4.0 8255.0 70.0 91995.0 0.09243364584708834
39 41 39 0.0 1.0 5496.0 3.0 5113.0 69.0 130818.0 0.11102299762093576
39 41 40 0.0 0.0 5479.0 0.0 4509.0 76.0 138673.0 0.11705685618729096
39 41 41 0.0 0.0 5163.0 0.0 5144.0 71.0 128543.0 0.11373791534649441
39 41 42 0.0 0.0 4509.0 0.0 9480.0 75.0 76359.0 0.0874945315917755
39 41 43 0.0 0.0 3157.0 0.0 10136.0 68.0 58982.0 0.09151523074911752
39 41 44 0.0 0.0 1420.0 0.0 13119.0 48.0 17576.0 0.08466376390904692
39 41 45 0.0 0.0 655.0 0.0 11083.0 29.0 3745.0 0.10204825424593628
39 41 46 0.0 0.0 113.0 0.0 2998.0 16.0 80.0 0.27461749705766964
39 41 47 0.0 0.0 0.0 0.0 65.0 0.0 0.0 0.6779661016949151
39 42 33 0.0 0.0 6.0 0.0 233.0 0.0 0.0 0.6255585344057193
39 42 34 0.0 0.0 318.0 0.0 6821.0 23.0 753.0 0.1535087719298245
39 42 35 0.0 0.0 1047.0 0.0 12775.0 29.0 10862.0 0.08853474988933156
39 42 36 0.0 0.0 1640.0 0.0 12998.0 38.0 21614.0 0.08415484491464294
39 42 37 0.0 0.0 2801.0 0.0 11519.0 68.0 46300.0 0.0858000858000858
39 42 38 0.0 0.0 4154.0 0.0 9401.0 76.0 76751.0 0.090032154340836
39 42 39 0.0 0.0 5031.0 0.0 9151.0 102.0 83364.0 0.0865533230293663
39 42 40 0.0 0.0 5249.0 0.0 7303.0 74.0 103022.0 0.0961076405574243
39 42 41 0.0 0.0 4773.0 0.0 8958.0 72.0 84960.0 0.08893406174564857
39 42 42 0.0 0.0 3238.0 0.0 11410.0 60.0 52108.0 0.08410934214478821
39 42 43 0.0 0.0 2017.0 0.0 13132.0 53.0 26091.0 0.08166122258516098
39 42 44 0.0 0.0 1348.0 0.0 13104.0 37.0 14976.0 0.08510120965290863
39 42 45 0.0 0.0 927.0 0.0 12406.0 34.0 8615.0 0.09137188356611407
39 42 46 0.0 0.0 422.0 0.0 8578.0 20.0 1536.0 0.1274117218784128
39 42 47 0.0 0.0 100.0 0.0 2086.0 12.0 27.0 0.3352490421455938
39 42 48 0.0 0.0 0.0 0.0 1.0 0.0 0.0 0.6996501749125437
39 43 33 0.0 0.0 4.0 0.0 98.0 2.0 0.0 0.6666666666666665
39 43 34 0.0 0.0 363.0 0.0 7444.0 21.0 892.0 0.1429738562091503
39 43 35 0.0 0.0 1391.0 0.0 12430.0 40.0 20409.0 0.08848998166993235
39 43 36 0.0 0.0 891.0 0.0 12311.0 30.0 7227.0 0.09213557091148403
39 43 37 0.0 0.0 1844.0 0.0 12783.0 49.0 25392.0 0.08425613866153105
39 43 38 0.0 0.0 2524.0 0.0 12374.0 69.0 38066.0 0.08291873963515753
39 43 39 0.0 0.0 3335.0 0.0 10726.0 68.0 57470.0 0.08717852917367207
39 43 40 0.0 0.0 3880.0 0.0 8825.0 71.0 77946.0 0.09525105456524696
39 43 41 0.0 0.0 2875.0 0.0 11820.0 59.0 44415.0 0.08385241974125539
39 43 42 0.0 0.0 2951.0 0.0 10481.0 68.0 54912.0 0.09070294784580497
39 43 43 0.0 0.0 1261.0 0.0 13045.0 33.0 14118.0 0.08578431372549018
39 43 44 0.0 0.0 900.0 0.0 12330.0 26.0 6784.0 0.09193590753874441
39 43 45 0.0 0.0 474.0 0.0 9128.0 31.0 2071.0 0.12091898428053201
39 43 46 0.0 0.0 229.0 0.0 4814.0 21.0 270.0 0.19925989183034437
39 43 47 0.0 0.0 2.0 0.0 53.0 1.0 0.0 0.6815968841285296
39 43 48 0.0 0.0 0.0 0.0 1.0 0.0 0.0 0.6996501749125437
39 44 32 0.0 0.0 1.0 0.0 2.0 0.0 0.0 0.6989515726410384
39 44 33 0.0 0.0 2.0 0.0 96.0 0.0 0.0 0.6673021925643469
39 44 34 0.0 0.0 119.0 0.0 3254.0 15.0 97.0 0.261291526689063
39 44 35 0.0 0.0 413.0 0.0 8402.0 28.0 1373.0 0.1296656478651477
39 44 36 0.0 0.0 675.0 0.0 11177.0 30.0 4893.0 0.10116337885685381
39 44 37 0.0 0.0 1052.0 0.0 12893.0 45.0 9845.0 0.08785140562248994
39 44 38 0.0 0.0 1291.0 0.0 13244.0 38.0 13912.0 0.08468424872973626
39 44 39 0.0 0.0 2297.0 0.0 11441.0 46.0 39916.0 0.08896231810383172
39 44 40 0.0 0.0 2542.0 0.0 11806.0 64.0 40540.0 0.0856478649210816
39 44 41 0.0 0.0 2614.0 0.0 10638.0 54.0 49167.0 0.09174311926605504
39 44 42 0.0 0.0 1936.0 0.0 11786.0 46.0 32412.0 0.08895666539585714
39 44 43 0.0 0.0 1209.0 0.0 12998.0 33.0 13265.0 0.08641975308641973
39 44 44 0.0 0.0 524.0 0.0 9735.0 25.0 2346.0 0.11428571428571427
39 44 45 0.0 0.0 103.0 0.0 2360.0 22.0 40.0 0.31531531531531526
39 44 46 0.0 0.0 4.0 0.0 155.0 1.0 0.0 0.6487488415199257
39 44 47 0.0 0.0 0.0 0.0 8.0 0.0 0.0 0.697211155378486
39 45 33 0.0 0.0 14.0 0.0 200.0 2.0 0.0 0.6329113924050632
39 45 34 0.0 0.0 14.0 0.0 221.0 5.0 0.0 0.6278026905829596
39 45 35 0.0 0.0 5.0 0.0 246.0 0.0 0.0 0.6219458018658373
39 45 36 0.0 0.0 381.0 0.0 7952.0 19.0 1207.0 0.13567206124624479
39 45 37 0.0 0.0 102.0 0.0 2517.0 14.0 44.0 0.30408340573414416
39 45 38 0.0 0.0 758.0 0.0 11739.0 25.0 5867.0 0.09661835748792269
39 45 39 0.0 0.0 938.0 0.0 12440.0 32.0 9281.0 0.0910924588457284
39 45 40 0.0 0.0 1083.0 0.0 13030.0 32.0 9579.0 0.08688097306689835
39 45 41 0.0 0.0 1211.0 0.0 13048.0 35.0 13583.0 0.08611145282322548
39 45 42 0.0 0.0 1262.0 0.0 12953.0 38.0 14900.0 0.08640908529811134
39 45 43 0.0 0.0 534.0 0.0 9793.0 29.0 2442.0 0.11377488825680618
39 45 44 0.0 0.0 657.0 0.0 10515.0 38.0 2843.0 0.10648817220658705
39 45 45 0.0 0.0 0.0 0.0 52.0 0.0 0.0 0.6822612085769979
39 45 46 0.0 0.0 0.0 0.0 2.0 0.0 0.0 0.6993006993006992
39 46 33 0.0 0.0 0.0 0.0 2.0 0.0 0.0 0.6993006993006992
39 46 34 0.0 0.0 0.0 0.0 1.0 0.0 0.0 0.6996501749125437
39 46 35 0.0 0.0 5.0 0.0 125.0 1.0 0.0 0.6575857209957726
39 46 36 0.0 0.0 0.0 0.0 31.0 0.0 0.0 0.6893156080748399
39 46 37 0.0 0.0 304.0 0.0 6087.0 15.0 425.0 0.16700465227245614
39 46 38 0.0 0.0 182.0 0.0 4120.0 17.0 160.0 0.22282349196243828
39 46 39 0.0 0.0 290.0 0.0 6248.0 17.0 607.0 0.1641073731098347
39 46 40 0.0 0.0 635.0 0.0 10749.0 34.0 3588.0 0.10478257615447945
39 46 41 0.0 0.0 582.0 0.0 9941.0 31.0 2438.0 0.11191047162270182
39 46 42 0.0 0.0 294.0 0.0 6408.0 25.0 636.0 0.1612160294795025
39 46 43 0.0 0.0 409.0 0.0 8084.0 23.0 1201.0 0.13363879343260784
39 46 44 0.0 0.0 132.0 0.0 2683.0 29.0 55.0 0.2925809822361546
39 46 45 0.0 0.0 0.0 0.0 25.0 0.0 0.0 0.6913580246913579
39 46 46 0.0 0.0 0.0 0.0 2.0 0.0 0.0 0.6993006993006992
39 47 36 0.0 0.0 0.0 0.0 5.0 0.0 0.0 0.6982543640897755
39 47 37 0.0 0.0 0.0 0.0 10.0 0.0 0.0 0.6965174129353233
39 47 38 0.0 0.0 0.0 0.0 26.0 1.0 0.0 0.6913580246913579
39 47 39 0.0 0.0 3.0 0.0 212.0 2.0 0.0 0.632625395390872
39 47 40 0.0 0.0 227.0 0.0 4982.0 19.0 278.0 0.19463367162519113
39 47 41 0.0 0.0 102.0 0.0 2463.0 12.0 40.0 0.3075571177504393
39 47 42 0.0 0.0 35.0 0.0 1104.0 8.0 6.0 0.44714148834238254
39 47 43 0.0 0.0 0.0 0.0 36.0 0.0 0.0 0.6876227897838899
39 47 44 0.0 0.0 3.0 0.0 66.0 2.0 0.0 0.6773101112723753
39 47 45 0.0 0.0 0.0 0.0 2.0 0.0 0.0 0.6993006993006992
39 47 46 0.0 0.0 3.0 0.0 39.0 1.0 0.0 0.6859382655560998
39 48 39 0.0 0.0 0.0 0.0 2.0 0.0 0.0 0.6993006993006992
39 48 40 0.0 0.0 0.0 0.0 4.0 0.0 0.0 0.6986027944111775
39 48 41 0.0 0.0 22.0 0.0 469.0 6.0 0.0 0.5633802816901408
39 48 43 0.0 0.0 0.0 0.0 1.0 0.0 0.0 0.6996501749125437
40 32 37 0.0 0.0 0.0 0.0 3.0 0.0 0.0 0.6989515726410384
40 32 38 0.0 0.0 0.0 0.0 4.0 0.0 0.0 0.6986027944111775
40 32 39 0.0 0.0 0.0 0.0 3.0 0.0 0.0 0.6989515726410384
40 32 41 0.0 0.0 0.0 0.0 4.0 0.0 0.0 0.6986027944111775
40 32 42 0.0 0.0 0.0 0.0 3.0 0.0 0.0 0.6989515726410384
40 33 36 0.0 0.0 1.0 0.0 60.0 0.0 0.0 0.6796116504854368
40 33 37 0.0 0.0 16.0 0.0 243.0 5.0 0.0 0.6213936972924988
40 33 38 0.0 0.0 80.0 0.0 2043.0 12.0 27.0 0.3405497445876915
40 33 39 0.0 0.0 65.0 0.0 1537.0 9.0 14.0 0.3896465349290286
40 33 40 0.0 0.0 20.0 0.0 422.0 6.0 0.0 0.5749486652977411
40 33 41 0.0 0.0 105.0 0.0 2496.0 14.0 48.0 0.3052103771528232
40 33 42 0.0 0.0 203.0 0.0 4392.0 19.0 184.0 0.21279829761361907
40 33 43 0.0 0.0 8.0 0.0 214.0 0.0 0.0 0.63006300630063
40 33 44 0.0 0.0 0.0 0.0 20.0 1.0 0.0 0.6934125804853887
40 34 33 0.0 0.0 0.0 0.0 2.0 0.0 0.0 0.6993006993006992
40 34 34 0.0 0.0 0.0 0.0 19.0 0.0 0.0 0.6934125804853887
40 34 35 0.0 0.0 0.0 0.0 32.0 1.0 0.0 0.6893156080748399
40 34 36 0.0 0.0 6.0 0.0 378.0 2.0 3.0 0.5877413937867337
40 34 37 0.0 0.0 209.0 0.0 5463.0 18.0 415.0 0.18288700195950355
40 34 38 0.0 0.0 527.0 0.0 9851.0 20.0 2316.0 0.11317704122877928
40 34 39 0.0 0.0 377.0 0.0 7853.0 26.0 1029.0 0.13717421124828533
40 34 40 0.0 0.0 438.0 0.0 8817.0 29.0 1646.0 0.12468827930174563
40 34 41 0.0 0.0 301.0 0.0 6605.0 22.0 698.0 0.15760441292356184
40 34 42 0.0 0.0 211.0 0.0 4587.0 21.0 207.0 0.20658108307510697
40 34 43 0.0 0.0 119.0 0.0 2495.0 15.0 47.0 0.3045464433326082
40 34 44 0.0 0.0 55.0 0.0 1407.0 8.0 10.0 0.40532715691951354
40 34 45 0.0 0.0 5.0 0.0 268.0 0.0 1.0 0.6159260888693356
40 34 46 0.0 0.0 0.0 0.0 3.0 0.0 0.0 0.6989515726410384
40 35 33 0.0 0.0 0.0 0.0 2.0 0.0 0.0 0.6993006993006992
40 35 34 0.0 0.0 76.0 0.0 1621.0 11.0 18.0 0.3798155181768854
40 35 35 0.0 0.0 344.0 0.0 6860.0 21.0 696.0 0.15237265999129296
40 35 36 0.0 0.0 403.0 0.0 8191.0 20.0 1382.0 0.132212673529134
40 35 37 0.0 0.0 700.0 0.0 11306.0 21.0 4206.0 0.09997143673236217
40 35 38 0.0 0.0 907.0 0.0 12331.0 30.0 7891.0 0.09191176470588233
40 35 39 0.0 0.0 1201.0 0.0 12966.0 38.0 13768.0 0.08654797230464886
40 35 40 0.0 0.0 1139.0 0.0 12780.0 40.0 13508.0 0.08804477705804666
40 35 41 0.0 0.0 698.0 0.0 11615.0 25.0 5927.0 0.097888407215774
40 35 42 0.0 0.0 579.0 0.0 10557.0 25.0 3204.0 0.10662604722010662
40 35 43 0.0 0.0 488.0 0.0 9201.0 20.0 1905.0 0.1199040767386091
40 35 44 0.0 0.0 610.0 0.0 10807.0 31.0 3999.0 0.1045010076882884
40 35 45 0.0 0.0 130.0 0.0 3223.0 14.0 82.0 0.26212319790301436
40 35 46 0.0 0.0 62.0 0.0 1255.0 8.0 10.0 0.42308854638863697
40 35 47 0.0 0.0 0.0 0.0 5.0 0.0 0.0 0.6982543640897755
40 36 33 0.0 0.0 0.0 0.0 1.0 0.0 0.0 0.6996501749125437
40 36 34 0.0 0.0 77.0 0.0 1627.0 9.0 12.0 0.3788903924221921
40 36 35 0.0 0.0 343.0 0.0 7074.0 25.0 745.0 0.1490471627807942
40 36 36 0.0 0.0 849.0 0.0 12141.0 29.0 6735.0 0.09342676009342675
40 36 37 0.0 0.0 1290.0 0.0 12996.0 43.0 15619.0 0.0860162202015237
40 36 38 0.0 0.0 1912.0 0.0 12731.0 36.0 27369.0 0.08406388855530202
40 36 39 0.0 0.0 2154.0 0.0 12284.0 59.0 34197.0 0.0852411105698977
40 36 40 0.0 0.0 1917.0 0.0 12775.0 50.0 26877.0 0.08388256440982624
40 36 41 0.0 0.0 2166.0 0.0 11708.0 50.0 36320.0 0.08813345923827509
40 36 42 0.0 0.0 2054.0 0.0 12805.0 52.0 28566.0 0.08311564948943242
40 36 43 0.0 0.0 1660.0 0.0 12669.0 43.0 23082.0 0.08575278696557637
40 36 44 0.0 0.0 1153.0 0.0 13090.0 30.0 12581.0 0.08619097457366248
40 36 45 0.0 0.0 676.0 0.0 11159.0 30.0 3842.0 0.1013317892298784
40 36 46 0.0 0.0 303.0 0.0 6527.0 29.0 660.0 0.15891032917139614
40 36 47 0.0 0.0 0.0 0.0 12.0 0.0 0.0 0.6958250497017892
40 37 33 0.0 0.0 0.0 0.0 16.0 0.0 0.0 0.6944444444444444
40 37 34 0.0 0.0 125.0 0.0 3038.0 10.0 95.0 0.27158098933074676
40 37 35 0.0 0.0 493.0 0.0 9688.0 22.0 2150.0 0.11503697617091206
40 37 36 0.0 0.0 1660.0 0.0 12628.0 41.0 24000.0 0.08590538135853223
40 37 37 0.0 0.0 2466.0 0.0 12325.0 63.0 36823.0 0.08340780458742923
40 37 38 0.0 0.0 3462.0 0.0 9844.0 75.0 66390.0 0.09149130832570905
40 37 39 0.0 0.0 3506.0 0.0 11165.0 76.0 56051.0 0.08403865778257998
40 37 40 0.0 0.0 3849.0 0.0 11090.0 79.0 58941.0 0.08271298593879238
40 37 41 0.0 0.0 4173.0 0.0 9042.0 87.0 78806.0 0.09202050742736952
40 37 42 0.0 0.0 3501.0 0.0 10812.0 61.0 59139.0 0.08582112425672776
40 37 43 0.0 0.0 2810.0 0.0 11857.0 75.0 43782.0 0.08391776059461727
40 37 44 0.0 0.0 1758.0 0.0 12457.0 34.0 26199.0 0.08628127696289904
40 37 45 0.0 0.0 790.0 0.0 11971.0 30.0 5883.0 0.09488952148569878
40 37 46 0.0 0.0 193.0 0.0 4888.0 14.0 299.0 0.19804781440090533
40 37 47 0.0 0.0 7.0 0.0 301.0 1.0 0.0 0.6068487212830515
40 38 33 0.0 0.0 0.0 0.0 34.0 0.0 0.0 0.6886374815543531
40 38 34 0.0 0.0 349.0 0.0 7082.0 23.0 706.0 0.14866730381225443
40 38 35 0.0 0.0 958.0 0.0 12738.0 29.0 7708.0 0.08921175046198941
40 38 36 0.0 0.0 1185.0 0.0 12904.0 45.0 13629.0 0.08709175738724727
40 38 37 0.0 0.0 2682.0 0.0 12321.0 52.0 38951.0 0.08235294117647059
40 38 38 0.0 0.0 4339.0 0.0 6696.0 53.0 104284.0 0.1072221796737382
40 38 39 0.0 0.0 5393.0 0.0 9085.0 98.0 87228.0 0.08503401360544216
40 38 40 0.0 0.0 6042.0 0.0 7087.0 71.0 109440.0 0.09245195800039621
40 38 41 0.0 0.0 5595.0 0.0 6841.0 81.0 110289.0 0.09709411193564046
40 38 42 0.0 0.0 4922.0 0.0 6639.0 66.0 109519.0 0.10319917440660474
40 38 43 0.0 0.0 3515.0 0.0 10542.0 69.0 60820.0 0.08716224629560453
40 38 44 0.0 0.0 1568.0 0.0 13650.0 53.0 17337.0 0.08137169427492008
40 38 45 0.0 0.0 1102.0 0.0 13007.0 37.0 10827.0 0.08695652173913042
40 38 46 0.0 0.0 423.0 0.0 8311.0 16.0 1336.0 0.13053613053613053
40 38 47 0.0 0.0 69.0 0.0 1797.0 17.0 22.0 0.3636363636363636
40 38 48 0.0 0.0 0.0 0.0 2.0 0.0 0.0 0.6993006993006992
40 39 33 0.0 0.0 1.0 0.0 44.0 0.0 0.0 0.684931506849315
40 39 34 0.0 0.0 176.0 0.0 4345.0 24.0 184.0 0.21545090797168356
40 39 35 0.0 0.0 875.0 0.0 12449.0 43.0 8112.0 0.0914733747141457
40 39 36 0.0 0.0 2150.0 0.0 11951.0 40.0 35189.0 0.08676789587852494
40 39 37 0.0 0.0 3491.0 0.0 10726.0 62.0 59177.0 0.08629191321499012
40 39 38 0.0 0.0 5156.0 0.0 8290.0 82.0 95152.0 0.09070294784580497
40 39 39 0.0 0.0 5537.0 1.0 4630.0 71.0 136576.0 0.11514104778353482
40 39 40 0.0 0.0 6001.0 0.0 4048.0 59.0 145614.0 0.11619221512158684
40 39 41 1.0 0.0 5327.0 0.0 3925.0 48.0 145876.0 0.12436706049569154
40 39 42 0.0 0.0 5514.0 0.0 6989.0 69.0 108400.0 0.09630597784962508
40 39 43 0.0 0.0 3820.0 0.0 10277.0 77.0 66214.0 0.08687558175612782
40 39 44 0.0 0.0 1378.0 0.0 13198.0 37.0 15007.0 0.08443908323281062
40 39 45 0.0 0.0 857.0 0.0 12338.0 37.0 6753.0 0.09217803529101921
40 39 46 0.0 0.0 147.0 0.0 3106.0 20.0 86.0 0.2674818494459304
40 39 47 0.0 0.0 42.0 0.0 950.0 12.0 2.0 0.469641060046964
40 39 48 0.0 0.0 0.0 0.0 1.0 0.0 0.0 0.6996501749125437
40 40 33 0.0 0.0 1.0 0.0 52.0 0.0 0.0 0.6819288845591815
40 40 34 0.0 0.0 312.0 0.0 6701.0 20.0 709.0 0.15557284142682515
40 40 35 0.0 0.0 1382.0 0.0 13035.0 40.0 17717.0 0.08525149190110826
40 40 36 0.0 0.0 2617.0 0.0 11346.0 58.0 44812.0 0.08766437069505321
40 40 37 0.0 0.0 3988.0 0.0 8963.0 58.0 78723.0 0.09352662168481526
40 40 38 0.0 0.0 5590.0 0.0 7788.0 71.0 100675.0 0.0909386164339071
40 40 39 1.0 2.0 6591.0 2.0 5264.0 71.0 132694.0 0.1009809578765147
40 40 40 0.0 1.0 3224.0 1.0 2039.0 33.0 167901.0 0.19267822736030824
40 40 41 1.0 4.0 6687.0 4.0 5381.0 81.0 130542.0 0.09955201592832254
40 40 42 0.0 0.0 5519.0 0.0 8153.0 69.0 96331.0 0.0891606164819768
40 40 43 0.0 0.0 3411.0 0.0 11541.0 82.0 52147.0 0.08271298593879238
40 40 44 0.0 0.0 1762.0 0.0 13402.0 41.0 20541.0 0.08154231463684547
40 40 45 0.0 0.0 746.0 0.0 11720.0 24.0 5855.0 0.09682550660488276
40 40 46 0.0 0.0 643.0 0.0 10704.0 29.0 3721.0 0.10494752623688154
40 40 47 0.0 0.0 9.0 0.0 284.0 2.0 0.0 0.6110868616324747
40 40 48 0.0 0.0 0.0 0.0 1.0 0.0 0.0 0.0
40 41 33 0.0 0.0 6.0 0.0 125.0 1.0 0.0 0.6575857209957726
40 41 34 0.0 0.0 319.0 0.0 6549.0 16.0 582.0 0.15812062344702957
40 41 35 0.0 0.0 1012.0 0.0 12643.0 26.0 10342.0 0.08938262146459809
40 41 36 0.0 0.0 2005.0 0.0 12399.0 50.0 31128.0 0.08528784648187633
40 41 37 0.0 0.0 3976.0 0.0 9487.0 68.0 73140.0 0.0903750564844103
40 41 38 0.0 0.0 5292.0 0.0 6780.0 70.0 109725.0 0.09945300845350571
40 41 39 0.0 2.0 5955.0 1.0 5547.0 80.0 126464.0 0.10371906949177655
40 41 40 2.0 10.0 6105.0 7.0 4776.0 55.0 135717.0 0.10847667751433442
40 41 41 0.0 1.0 5135.0 1.0 4745.0 55.0 132484.0 0.11774600504625735
40 41 42 0.0 0.0 4931.0 0.0 9265.0 79.0 82905.0 0.08645177226133136
40 41 43 0.0 0.0 3388.0 0.0 10550.0 65.0 59434.0 0.0877302920165434
40 41 44 0.0 0.0 1266.0 0.0 13564.0 42.0 12001.0 0.08326889906619876
40 41 45 0.0 0.0 852.0 0.0 12077.0 18.0 5183.0 0.09371443871745096
40 41 46 0.0 0.0 168.0 0.0 3853.0 27.0 118.0 0.23348899266177447
40 41 47 0.0 0.0 2.0 0.0 97.0 1.0 0.0 0.6673021925643469
40 41 48 0.0 0.0 0.0 0.0 1.0 0.0 0.0 0.6996501749125437
40 42 33 0.0 0.0 0.0 0.0 50.0 0.0 0.0 0.6832601268911663
40 42 34 0.0 0.0 307.0 0.0 6824.0 21.0 771.0 0.15359297860669224
40 42 35 0.0 0.0 1022.0 0.0 12862.0 30.0 8711.0 0.08816676113105358
40 42 36 0.0 0.0 2645.0 0.0 10795.0 72.0 49281.0 0.09074998379464574
40 42 37 0.0 0.0 2849.0 0.0 11280.0 65.0 48142.0 0.08683786130753007
40 42 38 0.0 0.0 4206.0 0.0 9895.0 75.0 73178.0 0.08688097306689835
40 42 39 0.0 0.0 4848.0 0.0 6521.0 70.0 112225.0 0.10466507177033492
40 42 40 0.0 1.0 5516.0 3.0 8752.0 99.0 90808.0 0.08621751447222563
40 42 41 0.0 0.0 4825.0 0.0 6891.0 77.0 105484.0 0.10209290454313424
40 42 42 0.0 1.0 3769.0 3.0 10724.0 59.0 60880.0 0.08480222908716456
40 42 43 0.0 0.0 2216.0 0.0 12497.0 56.0 32901.0 0.08374708380690314
40 42 44 0.0 0.0 1670.0 0.0 12028.0 47.0 27497.0 0.08918901700961966
40 42 45 0.0 0.0 655.0 0.0 11117.0 27.0 5245.0 0.10171461784365009
40 42 46 0.0 0.0 266.0 0.0 5574.0 18.0 408.0 0.17891373801916932
40 42 47 0.0 0.0 32.0 0.0 585.0 13.0 3.0 0.5378409527468304
40 42 48 0.0 0.0 0.0 0.0 1.0 0.0 0.0 0.6996501749125437
40 43 33 0.0 0.0 14.0 0.0 240.0 4.0 1.0 0.622498888394842
40 43 34 0.0 0.0 207.0 0.0 4532.0 16.0 184.0 0.20814748736247393
40 43 35 0.0 0.0 943.0 0.0 12841.0 31.0 8013.0 0.08873676871395067
40 43 36 0.0 0.0 1379.0 0.0 13008.0 48.0 16696.0 0.08543357539513027
40 43 37 0.0 0.0 1914.0 0.0 12288.0 39.0 29598.0 0.08635578583765112
40 43 38 0.0 0.0 2214.0 0.0 13124.0 46.0 28802.0 0.08071955719557194
40 43 39 0.0 0.0 3407.0 0.0 10444.0 71.0 60068.0 0.08836710219024174
40 43 40 0.0 0.0 3878.0 0.0 9400.0 67.0 73230.0 0.09159905783826222
40 43 41 0.0 0.0 3370.0 0.0 11021.0 65.0 56321.0 0.08543357539513027
40 43 42 0.0 0.0 2443.0 1.0 12145.0 67.0 38013.0 0.08441362677117877
40 43 43 0.0 0.0 1818.0 0.0 12904.0 39.0 25656.0 0.08366700531883105
40 43 44 0.0 0.0 740.0 0.0 11890.0 32.0 5884.0 0.09575923392612859
40 43 45 0.0 0.0 810.0 0.0 11821.0 28.0 7936.0 0.09573304157549234
40 43 46 0.0 0.0 217.0 0.0 4531.0 21.0 216.0 0.20808561236623063
40 43 47 0.0 0.0 1.0 0.0 26.0 1.0 0.0 0.6910167818361302
40 44 33 0.0 0.0 5.0 0.0 120.0 1.0 0.0 0.6591337099811675
40 44 34 0.0 0.0 545.0 0.0 9885.0 22.0 2274.0 0.11275773195876287
40 44 35 0.0 0.0 385.0 0.0 8011.0 13.0 1103.0 0.13484877672895396
40 44 36 0.0 0.0 552.0 0.0 10040.0 23.0 2504.0 0.11130545396724438
40 44 37 0.0 0.0 786.0 0.0 11955.0 25.0 5270.0 0.0950570342205323
40 44 38 0.0 0.0 1288.0 0.0 13232.0 27.0 14575.0 0.0847098686997035
40 44 39 0.0 0.0 2097.0 0.0 11876.0 51.0 33692.0 0.0876753507014028
40 44 40 0.0 0.0 2159.0 0.0 12231.0 43.0 33721.0 0.08535544445799291
40 44 41 0.0 0.0 1608.0 0.0 13511.0 43.0 19725.0 0.08175659892548469
40 44 42 0.0 0.0 1604.0 0.0 12746.0 37.0 23308.0 0.08562167451532016
40 44 43 0.0 0.0 968.0 0.0 12403.0 30.0 10837.0 0.09107468123861565
40 44 44 0.0 0.0 323.0 0.0 6831.0 22.0 729.0 0.15323992994746058
40 44 45 0.0 0.0 190.0 0.0 4336.0 14.0 192.0 0.21492170709241631
40 44 46 0.0 0.0 3.0 0.0 132.0 3.0 0.0 0.6566604127579737
40 44 47 0.0 0.0 0.0 0.0 3.0 0.0 0.0 0.6989515726410384
40 45 33 0.0 0.0 98.0 0.0 1700.0 12.0 17.0 0.36968576709796663
40 45 34 0.0 0.0 70.0 0.0 1930.0 14.0 21.0 0.35114120892901923
40 45 35 0.0 0.0 86.0 0.0 2544.0 10.0 67.0 0.3028991778450887
40 45 36 0.0 0.0 153.0 0.0 4391.0 13.0 209.0 0.21432945499081443
40 45 37 0.0 0.0 457.0 0.0 8823.0 25.0 1717.0 0.12427873945849977
40 45 38 0.0 0.0 921.0 0.0 12541.0 34.0 8632.0 0.090591432638799
40 45 39 0.0 0.0 905.0 0.0 12429.0 29.0 8284.0 0.09131228802504564
40 45 40 0.0 0.0 1032.0 0.0 12804.0 37.0 10402.0 0.08845084660096031
40 45 41 0.0 0.0 826.0 0.0 11736.0 37.0 6144.0 0.09624639076034647
40 45 42 0.0 0.0 745.0 0.0 11505.0 23.0 5032.0 0.09823872008981825
40 45 43 0.0 0.0 658.0 0.0 11047.0 27.0 4091.0 0.10214504596527067
40 45 44 0.0 0.0 159.0 0.0 3792.0 16.0 150.0 0.23576961940047148
40 45 45 0.0 0.0 1.0 0.0 91.0 1.0 0.0 0.669536107125777
40 45 46 0.0 0.0 1.0 0.0 51.0 0.0 0.0 0.6822612085769979
40 46 34 0.0 0.0 0.0 0.0 35.0 0.0 0.0 0.6879606879606879
40 46 35 0.0 0.0 65.0 0.0 1322.0 13.0 3.0 0.4149377593360995
40 46 36 0.0 0.0 21.0 0.0 484.0 2.0 0.0 0.5593288054334797
40 46 37 0.0 0.0 199.0 0.0 4445.0 30.0 195.0 0.21151231303822327
40 46 38 0.0 0.0 259.0 0.0 5722.0 14.0 440.0 0.17561465127947812
40 46 39 0.0 0.0 250.0 0.0 6145.0 16.0 561.0 0.16694490818030047
40 46 40 0.0 0.0 269.0 0.0 5463.0 17.0 341.0 0.18139414356050787
40 46 41 0.0 0.0 598.0 0.0 10429.0 25.0 3157.0 0.10749385749385748
40 46 42 0.0 0.0 94.0 0.0 2458.0 11.0 62.0 0.3083021360933715
40 46 43 0.0 0.0 49.0 0.0 1411.0 12.0 12.0 0.40603248259860786
40 46 44 0.0 0.0 6.0 0.0 172.0 2.0 0.0 0.6436781609195401
40 46 45 0.0 0.0 180.0 0.0 4154.0 10.0 169.0 0.22130888397091364
40 46 46 0.0 0.0 0.0 0.0 3.0 0.0 0.0 0.6989515726410384
40 47 36 0.0 0.0 0.0 0.0 8.0 0.0 0.0 0.697211155378486
40 47 37 0.0 0.0 0.0 0.0 18.0 0.0 0.0 0.6937561942517343
40 47 38 0.0 0.0 0.0 0.0 31.0 0.0 0.0 0.6893156080748399
40 47 39 0.0 0.0 1.0 0.0 87.0 1.0 0.0 0.670819357930043
40 47 40 0.0 0.0 95.0 0.0 2151.0 16.0 31.0 0.33096926713947983
40 47 41 0.0 0.0 11.0 0.0 210.0 3.0 1.0 0.6311992786293958
40 47 42 0.0 0.0 3.0 0.0 83.0 1.0 0.0 0.6717850287907868
40 47 43 0.0 0.0 1.0 0.0 65.0 0.0 0.0 0.6776379477250725
40 47 44 0.0 0.0 0.0 0.0 10.0 1.0 0.0 0.6968641114982577
40 47 45 0.0 0.0 0.0 0.0 4.0 0.0 0.0 0.6986027944111775
40 47 46 0.0 0.0 0.0 0.0 2.0 0.0 0.0 0.6993006993006992
40 48 39 0.0 0.0 0.0 0.0 4.0 0.0 0.0 0.6986027944111775
40 48 41 0.0 0.0 0.0 0.0 4.0 0.0 0.0 0.6986027944111775
40 48 42 0.0 0.0 0.0 0.0 1.0 0.0 0.0 0.6996501749125437
41 32 37 0.0 0.0 0.0 0.0 5.0 0.0 0.0 0.6982543640897755
41 32 38 0.0 0.0 0.0 0.0 10.0 0.0 0.0 0.6965174129353233
41 32 39 0.0 0.0 2.0 0.0 7.0 0.0 0.0 0.6968641114982577
41 32 40 0.0 0.0 0.0 0.0 2.0 0.0 0.0 0.6993006993006992
41 32 41 0.0 0.0 4.0 0.0 78.0 3.0 0.0 0.6734006734006733
41 32 42 0.0 0.0 0.0 0.0 3.0 0.0 0.0 0.6989515726410384
41 32 43 0.0 0.0 0.0 0.0 4.0 0.0 0.0 0.6986027944111775
41 33 35 0.0 0.0 0.0 0.0 2.0 0.0 0.0 0.6993006993006992
41 33 36 0.0 0.0 49.0 0.0 893.0 12.0 3.0 0.47781569965870296
41 33 37 0.0 0.0 128.0 0.0 3118.0 17.0 74.0 0.26773761713520744
41 33 38 0.0 0.0 267.0 0.0 5563.0 17.0 370.0 0.17909684022003322
41 33 39 0.0 0.0 5.0 0.0 275.0 3.0 1.0 0.6148440931049626
41 33 40 0.0 0.0 26.0 0.0 437.0 4.0 0.0 0.5695687550854353
41 33 41 0.0 0.0 15.0 0.0 435.0 5.0 2.0 0.5725971370143148
41 33 42 0.0 0.0 1.0 0.0 56.0 0.0 0.0 0.6809338521400777
41 33 43 0.0 0.0 1.0 0.0 33.0 0.0 0.0 0.6882989183874139
41 33 44 0.0 0.0 0.0 0.0 15.0 0.0 0.0 0.694789081885856
41 34 34 0.0 0.0 0.0 0.0 5.0 0.0 0.0 0.6982543640897755
41 34 35 0.0 0.0 0.0 0.0 39.0 0.0 0.0 0.6866110838646394
41 34 36 0.0 0.0 22.0 0.0 700.0 3.0 2.0 0.5150846210448858
41 34 37 0.0 0.0 863.0 0.0 11980.0 29.0 6482.0 0.09433326595242908
41 34 38 0.0 0.0 252.0 0.0 6024.0 18.0 554.0 0.16945049624788183
41 34 39 0.0 0.0 329.0 0.0 7280.0 18.0 803.0 0.14590932777488275
41 34 40 0.0 0.0 564.0 0.0 9900.0 22.0 2359.0 0.11236856890601171
41 34 41 0.0 0.0 388.0 0.0 7510.0 26.0 875.0 0.14174344436569808
41 34 42 0.0 0.0 108.0 0.0 2937.0 10.0 74.0 0.27799841143764886
41 34 43 0.0 0.0 242.0 0.0 5539.0 21.0 394.0 0.18036588508116463
41 34 44 0.0 0.0 23.0 0.0 629.0 6.0 2.0 0.5293005671077504
41 34 45 0.0 0.0 1.0 0.0 63.0 0.0 0.0 0.6786233640329616
41 34 46 0.0 0.0 0.0 0.0 2.0 0.0 0.0 0.6993006993006992
41 35 33 0.0 0.0 0.0 0.0 1.0 0.0 0.0 0.6996501749125437
41 35 34 0.0 0.0 0.0 0.0 40.0 0.0 0.0 0.6862745098039215
41 35 35 0.0 0.0 200.0 0.0 4032.0 18.0 156.0 0.2252252252252252
41 35 36 0.0 0.0 186.0 0.0 4413.0 20.0 200.0 0.21276595744680848
41 35 37 0.0 0.0 673.0 0.0 11130.0 33.0 4268.0 0.10154493363313265
41 35 38 0.0 0.0 1510.0 0.0 12738.0 54.0 21046.0 0.08622282441337685
41 35 39 0.0 0.0 1246.0 0.0 12886.0 38.0 14442.0 0.08675714197186588
41 35 40 0.0 0.0 1132.0 0.0 12924.0 30.0 12759.0 0.08714054525084028
41 35 41 0.0 0.0 987.0 0.0 12581.0 43.0 9871.0 0.0899338343932678
41 35 42 0.0 0.0 897.0 0.0 12391.0 33.0 7434.0 0.09159306509649982
41 35 43 0.0 0.0 552.0 0.0 9975.0 29.0 2645.0 0.11191047162270182
41 35 44 0.0 0.0 410.0 0.0 8251.0 27.0 1289.0 0.13154185849854363
41 35 45 0.0 0.0 129.0 0.0 3242.0 13.0 95.0 0.2612427691733532
41 35 46 0.0 0.0 1.0 0.0 93.0 0.0 0.0 0.6685768863419292
41 35 47 0.0 0.0 0.0 0.0 6.0 0.0 0.0 0.6979062811565303
41 36 33 0.0 0.0 13.0 0.0 313.0 2.0 0.0 0.6024096385542168
41 36 34 0.0 0.0 118.0 0.0 2515.0 16.0 44.0 0.3032272038119991
41 36 35 0.0 0.0 500.0 0.0 9351.0 28.0 2068.0 0.1182632201385369
41 36 36 0.0 0.0 868.0 0.0 12255.0 37.0 8230.0 0.09267840593141798
41 36 37 0.0 0.0 1007.0 0.0 12608.0 26.0 9085.0 0.08963441961713296
41 36 38 0.0 0.0 1614.0 0.0 13058.0 45.0 20722.0 0.0839680921249925
41 36 39 0.0 0.0 2790.0 0.0 10364.0 58.0 54429.0 0.0922387666359204
41 36 40 0.0 0.0 2353.0 0.0 12415.0 60.0 34003.0 0.0834824090638044
41 36 41 0.0 0.0 2018.0 0.0 13137.0 67.0 26879.0 0.08172796263864564
41 36 42 0.0 0.0 1719.0 0.0 13454.0 43.0 19317.0 0.08151382823871905
41 36 43 0.0 0.0 1677.0 0.0 12678.0 63.0 22882.0 0.08567407135426228
41 36 44 0.0 0.0 966.0 0.0 12564.0 33.0 8072.0 0.09017713365539452
41 36 45 0.0 0.0 495.0 0.0 9128.0 37.0 1768.0 0.12068965517241377
41 36 46 0.0 0.0 182.0 0.0 4013.0 16.0 151.0 0.2265372168284789
41 36 47 0.0 0.0 28.0 0.0 698.0 8.0 0.0 0.5150846210448858
41 37 32 0.0 0.0 0.0 0.0 1.0 0.0 0.0 0.6996501749125437
41 37 33 0.0 0.0 23.0 0.0 384.0 4.0 0.0 0.5830903790087463
41 37 34 0.0 0.0 166.0 0.0 3772.0 17.0 141.0 0.23640661938534274
41 37 35 0.0 0.0 344.0 0.0 7748.0 17.0 1158.0 0.13888888888888887
41 37 36 0.0 0.0 1032.0 0.0 12862.0 35.0 10926.0 0.08808355354221718
41 37 37 0.0 0.0 2048.0 0.0 12187.0 47.0 32596.0 0.08622813500862281
41 37 38 0.0 0.0 2603.0 0.0 12787.0 65.0 35524.0 0.0805291918320391
41 37 39 1.0 0.0 3792.0 0.0 9700.0 70.0 69959.0 0.0903750564844103
41 37 40 0.0 0.0 4119.0 0.0 10583.0 73.0 64411.0 0.08380222674488207
41 37 41 0.0 0.0 3816.0 0.0 10381.0 92.0 65244.0 0.0864998455359901
41 37 42 0.0 0.0 3842.0 0.0 9799.0 67.0 69458.0 0.08941116362242942
41 37 43 0.0 0.0 3247.0 0.0 10599.0 82.0 56843.0 0.08843408502305602
41 37 44 0.0 0.0 1363.0 0.0 13358.0 45.0 14796.0 0.08382731572959702
41 37 45 0.0 0.0 998.0 0.0 12645.0 24.0 9533.0 0.08944543828264757
41 37 46 0.0 0.0 256.0 0.0 5523.0 18.0 370.0 0.18031942297784645
41 37 47 0.0 0.0 47.0 0.0 1140.0 11.0 4.0 0.44080604534005036
41 37 48 0.0 0.0 0.0 0.0 1.0 0.0 0.0 0.6996501749125437
41 38 32 0.0 0.0 0.0 0.0 2.0 0.0 0.0 0.6993006993006992
41 38 33 0.0 0.0 4.0 0.0 100.0 1.0 0.0 0.6657156443176413
41 38 34 0.0 0.0 234.0 0.0 5679.0 10.0 455.0 0.17699115044247782
41 38 35 0.0 0.0 1109.0 0.0 12986.0 38.0 11197.0 0.08701597364659083
41 38 36 0.0 0.0 1210.0 0.0 12990.0 34.0 13439.0 0.08640908529811134
41 38 37 0.0 0.0 2901.0 0.0 10871.0 53.0 51806.0 0.08871989860583016
41 38 38 0.0 0.0 4059.0 0.0 9869.0 72.0 70114.0 0.0878679470281805
41 38 39 0.0 1.0 5049.0 0.0 7816.0 83.0 97552.0 0.09421899185678713
41 38 40 0.0 0.0 5634.0 0.0 6383.0 66.0 116136.0 0.09992149025765469
41 38 41 0.0 0.0 5762.0 0.0 6704.0 69.0 113082.0 0.09674521456706515
41 38 42 0.0 0.0 4718.0 0.0 6372.0 62.0 111551.0 0.10681315327687495
41 38 43 0.0 0.0 3724.0 0.0 10244.0 80.0 65165.0 0.08773578993545152
41 38 44 0.0 0.0 1893.0 0.0 12102.0 48.0 30428.0 0.08756019763587465
41 38 45 0.0 0.0 979.0 0.0 12710.0 29.0 9629.0 0.08924018357980622
41 38 46 0.0 0.0 738.0 0.0 11291.0 37.0 4081.0 0.09992149025765469
41 38 47 0.0 0.0 0.0 0.0 119.0 1.0 0.0 0.6610009442870631
41 38 48 0.0 0.0 0.0 0.0 14.0 0.0 0.0 0.6951340615690167
41 39 32 0.0 0.0 0.0 0.0 3.0 0.0 0.0 0.6989515726410384
41 39 33 0.0 0.0 3.0 0.0 126.0 2.0 0.0 0.6582040432534085
41 39 34 0.0 0.0 54.0 0.0 1766.0 10.0 25.0 0.3676470588235293
41 39 35 0.0 0.0 831.0 0.0 12065.0 36.0 5553.0 0.09411132024737831
41 39 36 0.0 0.0 2350.0 0.0 11728.0 51.0 39842.0 0.08708092305778439
41 39 37 0.0 0.0 2963.0 0.0 12099.0 67.0 43766.0 0.08208736440926413
41 39 38 0.0 0.0 5054.0 0.0 8329.0 68.0 92205.0 0.09093270979475188
41 39 39 2.0 2.0 5876.0 4.0 5763.0 53.0 123584.0 0.10243652593839174
41 39 40 1.0 0.0 5045.0 0.0 3577.0 64.0 150222.0 0.13164080865068167
41 39 41 0.0 0.0 3953.0 0.0 2898.0 47.0 155242.0 0.15794223826714798
41 39 42 0.0 1.0 5561.0 1.0 6336.0 81.0 116056.0 0.10073391854943156
41 39 43 0.0 0.0 3934.0 0.0 10513.0 76.0 64888.0 0.0850856934484016
41 39 44 0.0 0.0 2183.0 0.0 12344.0 61.0 33060.0 0.08473550417624984
41 39 45 0.0 0.0 677.0 0.0 11297.0 30.0 4103.0 0.10030808913090206
41 39 46 0.0 0.0 122.0 0.0 3358.0 12.0 123.0 0.25603511338697876
41 39 47 0.0 0.0 187.0 0.0 4227.0 19.0 168.0 0.21881838074398247
41 39 48 0.0 0.0 0.0 0.0 3.0 0.0 0.0 0.6989515726410384
41 40 33 0.0 0.0 4.0 0.0 91.0 1.0 0.0 0.6685768863419292
41 40 34 0.0 0.0 221.0 0.0 4746.0 18.0 204.0 0.2013808975834292
41 40 35 0.0 0.0 1266.0 0.0 13147.0 42.0 13845.0 0.08532423208191126
41 40 36 0.0 0.0 2420.0 0.0 10676.0 48.0 47542.0 0.09266000397114302
41 40 37 0.0 0.0 3462.0 0.0 11067.0 72.0 56668.0 0.0846740050804403
41 40 38 0.0 0.0 4976.0 0.0 7244.0 66.0 102835.0 0.09833532345297463
41 40 39 0.0 1.0 5181.0 1.0 4272.0 74.0 140795.0 0.12230278675635536
41 40 40 0.0 1.0 7049.0 2.0 6152.0 78.0 124025.0 0.09207497533706017
41 40 41 0.0 0.0 5635.0 0.0 4560.0 52.0 137560.0 0.11478232352217757
41 40 42 0.0 0.0 5226.0 1.0 5810.0 69.0 121988.0 0.10732081257186661
41 40 43 0.0 0.0 4134.0 0.0 8862.0 67.0 80673.0 0.09322767530132516
41 40 44 0.0 0.0 2643.0 0.0 11422.0 68.0 44705.0 0.08720568082720817
41 40 45 0.0 0.0 923.0 0.0 12409.0 27.0 8283.0 0.09130633274636403
41 40 46 0.0 0.0 356.0 0.0 7294.0 22.0 855.0 0.1453035806953814
41 40 47 0.0 0.0 4.0 0.0 132.0 0.0 0.0 0.6557377049180326
41 40 48 0.0 0.0 0.0 0.0 1.0 0.0 0.0 0.6996501749125437
41 41 33 0.0 0.0 2.0 0.0 71.0 0.0 0.0 0.6753497346840327
41 41 34 0.0 0.0 233.0 0.0 5489.0 24.0 369.0 0.18179457213348912
41 41 35 0.0 0.0 1027.0 0.0 12549.0 40.0 10219.0 0.0899396119748169
41 41 36 0.0 0.0 1854.0 0.0 12992.0 51.0 24982.0 0.08308605341246289
41 41 37 0.0 0.0 3659.0 0.0 9565.0 61.0 70489.0 0.09199027531375253
41 41 38 0.0 1.0 5016.0 0.0 8378.0 79.0 90611.0 0.09099181073703366
41 41 39 0.0 2.0 5163.0 3.0 5296.0 73.0 128000.0 0.11244076780981445
41 41 40 0.0 1.0 4655.0 0.0 3934.0 58.0 142434.0 0.13220018885741264
41 41 41 0.0 5.0 5799.0 5.0 6714.0 67.0 113125.0 0.09629272989889262
41 41 42 0.0 0.0 4762.0 0.0 9543.0 73.0 78959.0 0.085831647354546
41 41 43 0.0 0.0 3373.0 0.0 10809.0 62.0 56699.0 0.08645177226133136
41 41 44 0.0 0.0 1773.0 0.0 12335.0 51.0 27120.0 0.08696732513355694
41 41 45 0.0 0.0 1018.0 0.0 12806.0 30.0 8942.0 0.0884564352056612
41 41 46 0.0 0.0 408.0 0.0 8487.0 32.0 1564.0 0.12879484820607176
41 41 47 0.0 0.0 0.0 0.0 103.0 0.0 0.0 0.6660323501427211
41 42 33 0.0 0.0 0.0 0.0 40.0 0.0 0.0 0.6862745098039215
41 42 34 0.0 0.0 106.0 0.0 2493.0 14.0 37.0 0.30534351145038163
41 42 35 0.0 0.0 954.0 0.0 12440.0 35.0 7570.0 0.09102730819245773
41 42 36 0.0 0.0 2206.0 0.0 11675.0 71.0 37704.0 0.08821676118462507
41 42 37 0.0 0.0 2910.0 0.0 11015.0 68.0 50673.0 0.08785691873235017
41 42 38 0.0 0.0 3633.0 0.0 11055.0 72.0 58176.0 0.08380724334031725
41 42 39 0.0 0.0 4525.0 0.0 9885.0 87.0 75254.0 0.08546486783468651
41 42 40 0.0 2.0 5052.0 2.0 8901.0 69.0 87755.0 0.08764241893076248
41 42 41 0.0 0.0 4440.0 0.0 8759.0 66.0 85057.0 0.09206286578549351
41 42 42 0.0 0.0 3371.0 0.0 11394.0 64.0 51930.0 0.08347245409015024
41 42 43 0.0 0.0 2141.0 0.0 12272.0 62.0 32398.0 0.08538147222052814
41 42 44 0.0 0.0 1410.0 0.0 12950.0 40.0 16609.0 0.08559026716390536
41 42 45 0.0 0.0 822.0 0.0 12009.0 28.0 7182.0 0.09442233762730154
41 42 46 0.0 0.0 159.0 0.0 3673.0 24.0 131.0 0.24104683195592286
41 42 47 0.0 0.0 17.0 0.0 493.0 3.0 2.0 0.5584363781412045
41 43 33 0.0 0.0 3.0 0.0 91.0 1.0 0.0 0.668896321070234
41 43 34 0.0 0.0 292.0 0.0 6625.0 18.0 679.0 0.15719739501459687
41 43 35 0.0 0.0 1000.0 0.0 12492.0 39.0 10390.0 0.09042175289026673
41 43 36 0.0 0.0 826.0 0.0 11947.0 32.0 6460.0 0.09483809781872374
41 43 37 0.0 0.0 1811.0 0.0 12693.0 50.0 25984.0 0.08480736612551489
41 43 38 0.0 0.0 2222.0 0.0 12698.0 48.0 31361.0 0.082703213610586
41 43 39 0.0 0.0 3049.0 0.0 10720.0 76.0 55403.0 0.08877615726062142
41 43 40 0.0 0.0 2923.0 0.0 12141.0 64.0 42811.0 0.08204406938584154
41 43 41 0.0 0.0 2889.0 0.0 11101.0 70.0 48663.0 0.08746719980007496
41 43 42 0.0 0.0 2972.0 0.0 10648.0 69.0 53895.0 0.08961720650364868
41 43 43 0.0 0.0 1495.0 0.0 13189.0 50.0 18043.0 0.08396305625524768
41 43 44 0.0 0.0 647.0 0.0 11074.0 29.0 3974.0 0.10211524434719182
41 43 45 0.0 0.0 248.0 0.0 5970.0 20.0 499.0 0.17071088891598582
41 43 46 0.0 0.0 210.0 0.0 5010.0 14.0 301.0 0.19422863485016642
41 43 47 0.0 0.0 0.0 0.0 17.0 0.0 0.0 0.694100148735746
41 44 33 0.0 0.0 0.0 0.0 25.0 0.0 0.0 0.6913580246913579
41 44 34 0.0 0.0 187.0 0.0 4297.0 18.0 179.0 0.21645021645021642
41 44 35 0.0 0.0 753.0 0.0 11729.0 35.0 6798.0 0.09673184550542388
41 44 36 0.0 0.0 876.0 0.0 12258.0 36.0 8746.0 0.09250082590023123
41 44 37 0.0 0.0 833.0 0.0 12200.0 48.0 7299.0 0.09329601492736238
41 44 38 0.0 0.0 1979.0 0.0 11961.0 55.0 31855.0 0.08785140562248994
41 44 39 0.0 0.0 1493.0 0.0 12778.0 39.0 19945.0 0.08604265257206072
41 44 40 0.0 0.0 1436.0 0.0 13406.0 42.0 15881.0 0.08312551953449708
41 44 41 0.0 0.0 2024.0 0.0 12393.0 50.0 29636.0 0.08527745629530364
41 44 42 0.0 0.0 983.0 0.0 12638.0 34.0 7287.0 0.08965738072366312
41 44 43 0.0 0.0 847.0 0.0 12126.0 27.0 6762.0 0.09353287012292891
41 44 44 0.0 0.0 412.0 0.0 8416.0 26.0 1458.0 0.12950971322849214
41 44 45 0.0 0.0 79.0 0.0 2142.0 13.0 37.0 0.33262057495842234
41 44 46 0.0 0.0 19.0 0.0 536.0 4.0 3.0 0.5488043904351234
41 44 47 0.0 0.0 0.0 0.0 11.0 0.0 0.0 0.6961710591745399
41 45 33 0.0 0.0 0.0 0.0 18.0 0.0 0.0 0.6937561942517343
41 45 34 0.0 0.0 173.0 0.0 3608.0 18.0 93.0 0.24292903001908725
41 45 35 0.0 0.0 496.0 0.0 9954.0 22.0 3296.0 0.11252210255585918
41 45 36 0.0 0.0 361.0 0.0 7418.0 32.0 867.0 0.14357501794687721
41 45 37 0.0 0.0 1028.0 0.0 12829.0 31.0 9786.0 0.0882890836854386
41 45 38 0.0 0.0 731.0 0.0 11335.0 29.0 4772.0 0.09962285632960932
41 45 39 0.0 0.0 750.0 0.0 11802.0 25.0 5760.0 0.09625962596259625
41 45 40 0.0 0.0 928.0 0.0 12360.0 41.0 9543.0 0.09164702801780569
41 45 41 0.0 0.0 847.0 0.0 12093.0 23.0 6217.0 0.09373326191751472
41 45 42 0.0 0.0 480.0 0.0 9087.0 25.0 1838.0 0.12120162756471299
41 45 43 0.0 0.0 537.0 0.0 10035.0 24.0 2924.0 0.11142948105698822
41 45 44 0.0 0.0 56.0 0.0 1290.0 14.0 11.0 0.4204204204204203
41 45 45 0.0 0.0 29.0 0.0 589.0 6.0 1.0 0.5359877488514548
41 45 46 0.0 0.0 9.0 0.0 93.0 0.0 0.0 0.6660323501427211
41 45 47 0.0 0.0 1.0 0.0 43.0 0.0 0.0 0.684931506849315
41 46 33 0.0 0.0 0.0 0.0 5.0 0.0 0.0 0.6982543640897755
41 46 34 0.0 0.0 4.0 0.0 132.0 1.0 0.0 0.6557377049180326
41 46 35 0.0 0.0 0.0 0.0 82.0 1.0 0.0 0.6727534839019701
41 46 36 0.0 0.0 126.0 0.0 2834.0 21.0 54.0 0.28345818991698724
41 46 37 0.0 0.0 166.0 0.0 4135.0 12.0 195.0 0.22246941045606228
41 46 38 0.0 0.0 239.0 0.0 4896.0 24.0 241.0 0.19685039370078736
41 46 39 0.0 0.0 462.0 0.0 8475.0 35.0 1317.0 0.1282991202346041
41 46 40 0.0 0.0 103.0 0.0 2491.0 18.0 49.0 0.305877212147695
41 46 41 0.0 0.0 453.0 0.0 8868.0 18.0 1791.0 0.12370769638596799
41 46 42 0.0 0.0 35.0 0.0 796.0 8.0 5.0 0.49645390070921974
41 46 43 0.0 0.0 30.0 0.0 674.0 4.0 2.0 0.5185185185185184
41 46 44 0.0 0.0 85.0 0.0 2079.0 17.0 29.0 0.33759344104171685
41 46 45 0.0 0.0 0.0 0.0 4.0 0.0 0.0 0.6986027944111775
41 46 46 0.0 0.0 0.0 0.0 1.0 0.0 0.0 0.6996501749125437
41 47 34 0.0 0.0 0.0 0.0 1.0 0.0 0.0 0.6996501749125437
41 47 36 0.0 0.0 0.0 0.0 5.0 0.0 0.0 0.6982543640897755
41 47 37 0.0 0.0 0.0 0.0 8.0 0.0 0.0 0.697211155378486
41 47 38 0.0 0.0 2.0 0.0 31.0 2.0 0.0 0.6893156080748399
41 47 39 0.0 0.0 9.0 0.0 206.0 1.0 0.0 0.6323396567299006
41 47 40 0.0 0.0 48.0 0.0 1165.0 10.0 11.0 0.43709022791133306
41 47 41 0.0 0.0 0.0 0.0 41.0 1.0 0.0 0.6862745098039215
41 47 42 0.0 0.0 0.0 0.0 57.0 0.0 0.0 0.6806028196402526
41 47 43 0.0 0.0 0.0 0.0 1.0 0.0 0.0 0.6996501749125437
41 47 45 0.0 0.0 0.0 0.0 3.0 0.0 0.0 0.6989515726410384
41 48 40 0.0 0.0 0.0 0.0 1.0 0.0 0.0 0.6996501749125437
42 32 37 0.0 0.0 0.0 0.0 7.0 0.0 0.0 0.6975585450921773
42 32 38 0.0 0.0 0.0 0.0 7.0 0.0 0.0 0.6975585450921773
42 32 39 0.0 0.0 2.0 0.0 5.0 1.0 0.0 0.6979062811565303
42 32 40 0.0 0.0 0.0 0.0 1.0 0.0 0.0 0.6996501749125437
42 32 41 0.0 0.0 0.0 0.0 2.0 0.0 0.0 0.6993006993006992
42 33 35 0.0 0.0 0.0 0.0 3.0 0.0 0.0 0.6989515726410384
42 33 36 0.0 0.0 5.0 0.0 144.0 2.0 0.0 0.6520726595249184
42 33 37 0.0 0.0 24.0 0.0 495.0 5.0 1.0 0.5568814638027048
42 33 38 0.0 0.0 31.0 0.0 726.0 5.0 2.0 0.508720930232558
42 33 39 0.0 0.0 49.0 0.0 1276.0 13.0 15.0 0.4228329809725158
42 33 40 0.0 0.0 8.0 0.0 186.0 1.0 0.0 0.6383948928408572
42 33 41 0.0 0.0 117.0 0.0 2983.0 15.0 58.0 0.2753737214791503
42 33 42 0.0 0.0 19.0 0.0 460.0 4.0 0.0 0.5656565656565656
42 33 43 0.0 0.0 4.0 0.0 127.0 3.0 0.0 0.6578947368421051
42 33 44 0.0 0.0 13.0 0.0 292.0 5.0 1.0 0.608695652173913
42 34 34 0.0 0.0 0.0 0.0 2.0 0.0 0.0 0.6993006993006992
42 34 35 0.0 0.0 1.0 0.0 29.0 0.0 0.0 0.689655172413793
42 34 36 0.0 0.0 172.0 0.0 4093.0 15.0 176.0 0.22392834293026231
42 34 37 0.0 0.0 498.0 0.0 9027.0 21.0 1743.0 0.12161223071577483
42 34 38 0.0 0.0 252.0 0.0 6028.0 18.0 539.0 0.16940948693126812
42 34 39 0.0 0.0 306.0 0.0 6625.0 16.0 660.0 0.1569858712715855
42 34 40 0.0 0.0 236.0 0.0 4781.0 14.0 217.0 0.20002857551078723
42 34 41 0.0 0.0 437.0 0.0 9067.0 20.0 1808.0 0.12181327764726355
42 34 42 0.0 0.0 39.0 0.0 1230.0 7.0 6.0 0.4291845493562231
42 34 43 0.0 0.0 448.0 0.0 8532.0 22.0 1387.0 0.12769062385990512
42 34 44 0.0 0.0 4.0 0.0 189.0 2.0 1.0 0.6389776357827475
42 34 45 0.0 0.0 15.0 0.0 399.0 2.0 0.0 0.5806719203649937
42 34 46 0.0 0.0 0.0 0.0 3.0 0.0 0.0 0.6989515726410384
42 35 33 0.0 0.0 0.0 0.0 5.0 0.0 0.0 0.6982543640897755
42 35 34 0.0 0.0 20.0 0.0 369.0 6.0 0.0 0.5874947545111203
42 35 35 0.0 0.0 174.0 0.0 4058.0 15.0 159.0 0.2251165782280109
42 35 36 0.0 0.0 18.0 0.0 745.0 7.0 3.0 0.5081669691470053
42 35 37 0.0 0.0 645.0 0.0 10734.0 23.0 3179.0 0.10472770795930579
42 35 38 0.0 0.0 1118.0 0.0 13141.0 43.0 10947.0 0.08614324390844202
42 35 39 0.0 0.0 1261.0 0.0 13124.0 36.0 14206.0 0.08545443447476041
42 35 40 0.0 0.0 915.0 0.0 12448.0 22.0 6768.0 0.09108060633660789
42 35 41 0.0 0.0 952.0 0.0 12465.0 42.0 8959.0 0.09096225066597362
42 35 42 0.0 0.0 687.0 0.0 10950.0 29.0 3673.0 0.10272213662044169
42 35 43 0.0 0.0 773.0 0.0 11861.0 21.0 6004.0 0.09568723942314263
42 35 44 0.0 0.0 360.0 0.0 8281.0 23.0 1486.0 0.13173990778206454
42 35 45 0.0 0.0 146.0 0.0 3321.0 15.0 90.0 0.25669233590025664
42 35 46 0.0 0.0 1.0 0.0 98.0 0.0 0.0 0.6669842782277274
42 35 47 0.0 0.0 0.0 0.0 3.0 0.0 0.0 0.6989515726410384
42 35 48 0.0 0.0 0.0 0.0 3.0 0.0 0.0 0.6989515726410384
42 36 33 0.0 0.0 11.0 0.0 262.0 3.0 1.0 0.6167400881057268
42 36 34 0.0 0.0 157.0 0.0 4006.0 17.0 163.0 0.22775337563038878
42 36 35 0.0 0.0 332.0 0.0 6650.0 15.0 614.0 0.15607580824972128
42 36 36 0.0 0.0 862.0 0.0 12014.0 35.0 7908.0 0.09420631182289213
42 36 37 0.0 0.0 742.0 0.0 11539.0 24.0 4657.0 0.09813542688910695
42 36 38 0.0 0.0 1313.0 0.0 13078.0 40.0 16489.0 0.08549618320610686
42 36 39 0.0 0.0 2510.0 0.0 11280.0 64.0 43563.0 0.08873676871395067
42 36 40 0.0 0.0 1934.0 0.0 12951.0 44.0 26457.0 0.08289909995262908
42 36 41 0.0 0.0 2374.0 0.0 11999.0 43.0 37275.0 0.08541793776693105
42 36 42 0.0 0.0 1764.0 0.0 12940.0 47.0 24316.0 0.08380724334031725
42 36 43 0.0 0.0 1709.0 0.0 12628.0 49.0 24390.0 0.08574228319451248
42 36 44 0.0 0.0 764.0 0.0 11641.0 34.0 4698.0 0.09734390209984703
42 36 45 0.0 0.0 382.0 0.0 7823.0 18.0 1135.0 0.13737611618094395
42 36 46 0.0 0.0 333.0 0.0 7378.0 22.0 939.0 0.14444903012794055
42 36 47 0.0 0.0 9.0 0.0 169.0 0.0 0.0 0.6430868167202571
42 37 32 0.0 0.0 0.0 0.0 3.0 0.0 0.0 0.6989515726410384
42 37 33 0.0 0.0 4.0 0.0 264.0 1.0 0.0 0.6175562417291574
42 37 34 0.0 0.0 520.0 0.0 10225.0 16.0 3518.0 0.1098556183301946
42 37 35 0.0 0.0 732.0 0.0 11625.0 27.0 5596.0 0.09753378849101295
42 37 36 0.0 0.0 714.0 0.0 11396.0 24.0 4294.0 0.09922744347579558
42 37 37 0.0 0.0 1195.0 0.0 12948.0 46.0 13162.0 0.08683247534577931
42 37 38 0.0 0.0 2102.0 0.0 12345.0 67.0 31819.0 0.08520479581279289
42 37 39 0.0 0.0 3462.0 0.0 10205.0 72.0 62569.0 0.08939403614073174
42 37 40 0.0 0.0 4064.0 0.0 8246.0 69.0 85061.0 0.09774488584793688
42 37 41 0.0 0.0 4154.0 0.0 9160.0 65.0 78609.0 0.09133015852306085
42 37 42 0.0 0.0 3121.0 0.0 11591.0 83.0 48249.0 0.08379721074998503
42 37 43 0.0 0.0 2947.0 0.0 10374.0 58.0 55691.0 0.09133611691022964
42 37 44 0.0 0.0 1772.0 0.0 12578.0 45.0 25626.0 0.08553797275004581
42 37 45 0.0 0.0 1232.0 0.0 12724.0 27.0 14787.0 0.08766437069505321
42 37 46 0.0 0.0 166.0 0.0 3902.0 15.0 128.0 0.23117569352708053
42 37 47 0.0 0.0 0.0 0.0 80.0 0.0 0.0 0.6730769230769229
42 37 48 0.0 0.0 0.0 0.0 6.0 0.0 0.0 0.6979062811565303
42 38 32 0.0 0.0 0.0 0.0 7.0 0.0 0.0 0.6975585450921773
42 38 33 0.0 0.0 293.0 0.0 5841.0 22.0 411.0 0.17252002464571778
42 38 34 0.0 0.0 574.0 0.0 10191.0 26.0 2855.0 0.10972646759150402
42 38 35 0.0 0.0 732.0 0.0 11464.0 31.0 5549.0 0.09866102889358702
42 38 36 0.0 0.0 1480.0 0.0 12443.0 35.0 21814.0 0.08787897809302617
42 38 37 0.0 0.0 1679.0 0.0 13706.0 40.0 18310.0 0.0805477245267821
42 38 38 0.0 0.0 3419.0 0.0 10665.0 78.0 58621.0 0.08703761268262356
42 38 39 0.0 0.0 4371.0 0.0 9313.0 74.0 78460.0 0.08923449550640576
42 38 40 0.0 0.0 4765.0 0.0 6236.0 68.0 112944.0 0.1076674613550719
42 38 41 0.0 0.0 4824.0 0.0 5875.0 69.0 118481.0 0.11021886317115413
42 38 42 0.0 0.0 4253.0 0.0 9393.0 79.0 76002.0 0.08938262146459809
42 38 43 0.0 0.0 2834.0 0.0 12264.0 55.0 41471.0 0.08181871310852666
42 38 44 0.0 0.0 1723.0 0.0 12902.0 51.0 24132.0 0.08427642667950878
42 38 45 0.0 0.0 919.0 0.0 12501.0 24.0 8054.0 0.09083830781209445
42 38 46 0.0 0.0 247.0 0.0 5591.0 19.0 378.0 0.17895947846094848
42 38 47 0.0 0.0 329.0 0.0 6574.0 17.0 594.0 0.15746260263187492
42 38 48 0.0 0.0 0.0 0.0 12.0 0.0 0.0 0.6958250497017892
42 39 32 0.0 0.0 0.0 0.0 3.0 0.0 0.0 0.6989515726410384
42 39 33 0.0 0.0 40.0 0.0 1087.0 3.0 5.0 0.4481434058898847
42 39 34 0.0 0.0 280.0 0.0 6421.0 28.0 627.0 0.16127174288676416
42 39 35 0.0 0.0 982.0 0.0 12359.0 32.0 10810.0 0.09133611691022964
42 39 36 0.0 0.0 1642.0 0.0 13037.0 42.0 21421.0 0.08392279103225031
42 39 37 0.0 0.0 2913.0 0.0 10896.0 54.0 51025.0 0.08847320525783618
42 39 38 0.0 0.0 3829.0 0.0 10361.0 91.0 64050.0 0.08658544127651678
42 39 39 0.0 0.0 5290.0 0.0 7837.0 79.0 97711.0 0.09250082590023123
42 39 40 0.0 0.0 5539.0 0.0 6095.0 72.0 119072.0 0.1025340559542991
42 39 41 0.0 0.0 5699.0 0.0 6699.0 85.0 112484.0 0.09712779242403217
42 39 42 0.0 1.0 4700.0 3.0 5926.0 54.0 116683.0 0.11078578776608371
42 39 43 0.0 0.0 3434.0 0.0 11616.0 62.0 51080.0 0.08206330597889801
42 39 44 0.0 0.0 2037.0 0.0 12623.0 62.0 29951.0 0.08412450426631413
42 39 45 0.0 0.0 781.0 0.0 11964.0 25.0 6081.0 0.09499898215376262
42 39 46 0.0 0.0 293.0 0.0 6077.0 14.0 515.0 0.1674440856356895
42 39 47 0.0 0.0 15.0 0.0 414.0 3.0 0.0 0.5777961205117622
42 39 48 0.0 0.0 0.0 0.0 7.0 0.0 0.0 0.6975585450921773
42 40 33 0.0 0.0 0.0 0.0 57.0 1.0 0.0 0.6809338521400777
42 40 34 0.0 0.0 323.0 0.0 7260.0 12.0 980.0 0.14618356479064423
42 40 35 0.0 0.0 1119.0 0.0 12782.0 43.0 13095.0 0.08802263439170072
42 40 36 0.0 0.0 1340.0 0.0 12925.0 48.0 15966.0 0.08611145282322548
42 40 37 0.0 0.0 2885.0 0.0 11624.0 72.0 45531.0 0.0848536274925753
42 40 38 0.0 0.0 4304.0 0.0 7770.0 76.0 93012.0 0.09956617594765664
42 40 39 0.0 0.0 5237.0 0.0 7725.0 87.0 97988.0 0.09371443871745096
42 40 40 1.0 0.0 5607.0 0.0 6614.0 60.0 112424.0 0.0983767830791933
42 40 41 0.0 0.0 5518.0 0.0 6513.0 76.0 113198.0 0.09965831435079725
42 40 42 0.0 0.0 4901.0 0.0 6975.0 75.0 105930.0 0.1008500216107189
42 40 43 0.0 0.0 3497.0 0.0 10229.0 70.0 63168.0 0.0890925289550719
42 40 44 0.0 0.0 2503.0 0.0 11605.0 44.0 41616.0 0.08690254500310365
42 40 45 0.0 0.0 983.0 0.0 12411.0 35.0 10401.0 0.09100364014560582
42 40 46 0.0 0.0 208.0 0.0 5233.0 10.0 396.0 0.18832391713747643
42 40 47 0.0 0.0 3.0 0.0 89.0 0.0 0.0 0.6692160611854684
42 40 48 0.0 0.0 0.0 0.0 3.0 0.0 0.0 0.6989515726410384
42 41 33 0.0 0.0 82.0 0.0 1630.0 13.0 14.0 0.3784806704514733
42 41 34 0.0 0.0 434.0 0.0 8607.0 28.0 1399.0 0.12700716683298555
42 41 35 0.0 0.0 830.0 0.0 12069.0 34.0 6780.0 0.09395342594456747
42 41 36 0.0 0.0 1407.0 0.0 13323.0 43.0 16608.0 0.08372704981759464
42 41 37 0.0 0.0 2530.0 0.0 12598.0 69.0 35861.0 0.08172319187437976
42 41 38 0.0 0.0 3978.0 0.0 9464.0 77.0 75090.0 0.09062661833247021
42 41 39 0.0 1.0 4849.0 1.0 8437.0 77.0 90050.0 0.09155712510627165
42 41 40 0.0 1.0 4982.0 2.0 8455.0 96.0 90598.0 0.09073822023462311
42 41 41 0.0 0.0 4546.0 0.0 10990.0 79.0 65708.0 0.079844872818524
42 41 42 0.0 0.0 4129.0 0.0 8886.0 77.0 80356.0 0.09316563518999134
42 41 43 0.0 0.0 3232.0 0.0 10998.0 68.0 54256.0 0.08613794376422813
42 41 44 0.0 0.0 1827.0 0.0 12566.0 47.0 27021.0 0.08548052265233849
42 41 45 0.0 0.0 974.0 0.0 12697.0 27.0 8218.0 0.08931419457735246
42 41 46 0.0 0.0 85.0 0.0 2459.0 10.0 70.0 0.30884623869402156
42 41 47 0.0 0.0 0.0 0.0 33.0 0.0 0.0 0.6886374815543531
42 42 33 0.0 0.0 0.0 0.0 41.0 0.0 0.0 0.6859382655560998
42 42 34 0.0 0.0 36.0 0.0 1028.0 11.0 5.0 0.4588659455916092
42 42 35 0.0 0.0 434.0 0.0 8932.0 21.0 1686.0 0.12326113752421199
42 42 36 0.0 0.0 1585.0 0.0 12715.0 41.0 22173.0 0.08592647149082427
42 42 37 0.0 0.0 1818.0 0.0 13543.0 45.0 21250.0 0.0806312273224673
42 42 38 0.0 0.0 3442.0 0.0 9192.0 72.0 70318.0 0.09568723942314263
42 42 39 0.0 0.0 3902.0 0.0 9139.0 66.0 76785.0 0.09306654257794322
42 42 40 0.0 0.0 3441.0 0.0 11021.0 82.0 55698.0 0.08518405841192576
42 42 41 0.0 1.0 4157.0 2.0 8777.0 77.0 82569.0 0.09374581491897682
42 42 42 0.0 8.0 2861.0 32.0 11964.0 63.0 43332.0 0.08302200083021999
42 42 43 0.0 0.0 1507.0 0.0 13589.0 40.0 16329.0 0.08191445790181966
42 42 44 0.0 0.0 1139.0 0.0 12810.0 34.0 12945.0 0.08777429467084638
42 42 45 0.0 0.0 419.0 0.0 8941.0 24.0 2014.0 0.12335888624548418
42 42 46 0.0 0.0 262.0 0.0 6290.0 19.0 642.0 0.16403046280023428
42 42 47 0.0 0.0 0.0 0.0 41.0 0.0 0.0 0.6862745098039215
42 43 33 0.0 0.0 0.0 0.0 18.0 0.0 0.0 0.6937561942517343
42 43 34 0.0 0.0 206.0 0.0 4218.0 24.0 144.0 0.2186475089801655
42 43 35 0.0 0.0 448.0 0.0 8697.0 29.0 1638.0 0.12585400934915497
42 43 36 0.0 0.0 686.0 0.0 11386.0 20.0 4261.0 0.09948834565093802
42 43 37 0.0 0.0 1466.0 0.0 13152.0 41.0 17272.0 0.08425106818318588
42 43 38 0.0 0.0 1843.0 0.0 12861.0 42.0 25939.0 0.08377715277362216
42 43 39 0.0 0.0 2258.0 0.0 12534.0 63.0 33486.0 0.08333829394606822
42 43 40 0.0 0.0 1894.0 0.0 13624.0 62.0 22103.0 0.079945180447693
42 43 41 0.0 0.0 2491.0 0.0 11522.0 46.0 42049.0 0.08729267988527246
42 43 42 0.0 0.0 1932.0 0.0 12239.0 55.0 29897.0 0.08664438668151997
42 43 43 0.0 0.0 978.0 1.0 12518.0 31.0 8674.0 0.090351726363343
42 43 44 0.0 0.0 489.0 0.0 9412.0 20.0 2411.0 0.11773610293499283
42 43 45 0.0 0.0 767.0 0.0 11898.0 25.0 6879.0 0.0955044682447643
42 43 46 0.0 0.0 315.0 0.0 5905.0 23.0 418.0 0.17069007559131916
42 43 47 0.0 0.0 0.0 0.0 36.0 0.0 0.0 0.6876227897838899
42 44 33 0.0 0.0 0.0 0.0 13.0 0.0 0.0 0.695479384003974
42 44 34 0.0 0.0 165.0 0.0 3489.0 16.0 100.0 0.24835905623558624
42 44 35 0.0 0.0 464.0 0.0 9245.0 21.0 1971.0 0.11972975284358162
42 44 36 0.0 0.0 450.0 0.0 9077.0 18.0 2111.0 0.12155943388035077
42 44 37 0.0 0.0 588.0 0.0 10357.0 25.0 2906.0 0.10826695537854768
42 44 38 0.0 0.0 943.0 0.0 12565.0 32.0 8615.0 0.09032840828440543
42 44 39 0.0 0.0 943.0 0.0 12681.0 29.0 7426.0 0.08961720650364868
42 44 40 0.0 0.0 1943.0 0.0 12374.0 54.0 29815.0 0.08581586367537083
42 44 41 0.0 0.0 1048.0 0.0 12684.0 41.0 11472.0 0.08902454533892916
42 44 42 0.0 0.0 932.0 0.0 12581.0 29.0 7286.0 0.09028180821564454
42 44 43 0.0 0.0 628.0 0.0 10832.0 29.0 4270.0 0.10410469958358119
42 44 44 0.0 0.0 262.0 0.0 6147.0 17.0 590.0 0.16678579938050983
42 44 45 0.0 0.0 118.0 0.0 2631.0 11.0 51.0 0.2953586497890295
42 44 46 0.0 0.0 113.0 0.0 2478.0 17.0 38.0 0.30614476273780883
42 44 47 0.0 0.0 0.0 0.0 7.0 0.0 0.0 0.6975585450921773
42 45 33 0.0 0.0 0.0 0.0 3.0 0.0 0.0 0.6989515726410384
42 45 34 0.0 0.0 177.0 0.0 4231.0 19.0 180.0 0.21892103205629398
42 45 35 0.0 0.0 0.0 0.0 196.0 0.0 1.0 0.6378132118451024
42 45 36 0.0 0.0 97.0 0.0 2870.0 9.0 70.0 0.28231498285944745
42 45 37 0.0 0.0 771.0 0.0 11659.0 21.0 5775.0 0.0969797727902466
42 45 38 0.0 0.0 264.0 0.0 6220.0 14.0 540.0 0.1652502360717658
42 45 39 0.0 0.0 948.0 0.0 12254.0 30.0 9276.0 0.0921113231133627
42 45 40 0.0 0.0 1156.0 0.0 12946.0 38.0 12054.0 0.08700515816294822
42 45 41 0.0 0.0 445.0 0.0 9091.0 13.0 1838.0 0.12130664587124164
42 45 42 0.0 0.0 664.0 0.0 10979.0 22.0 3813.0 0.1026694045174538
42 45 43 0.0 0.0 115.0 0.0 2793.0 13.0 60.0 0.2860061287027579
42 45 44 0.0 0.0 121.0 0.0 2149.0 24.0 25.0 0.32972209138012243
42 45 45 0.0 0.0 0.0 0.0 20.0 0.0 0.0 0.6930693069306929
42 45 46 0.0 0.0 0.0 0.0 4.0 0.0 0.0 0.6986027944111775
42 46 33 0.0 0.0 0.0 0.0 1.0 0.0 0.0 0.6996501749125437
42 46 34 0.0 0.0 66.0 0.0 1224.0 10.0 7.0 0.42682926829268286
42 46 35 0.0 0.0 84.0 0.0 1883.0 20.0 19.0 0.3546099290780141
42 46 36 0.0 0.0 26.0 0.0 737.0 4.0 3.0 0.5076142131979694
42 46 37 0.0 0.0 244.0 0.0 5239.0 12.0 355.0 0.1872408720074896
42 46 38 0.0 0.0 14.0 0.0 572.0 2.0 1.0 0.5417956656346749
42 46 39 0.0 0.0 254.0 0.0 5079.0 17.0 280.0 0.191309100847226
42 46 40 0.0 0.0 351.0 0.0 7849.0 13.0 1218.0 0.13736263736263735
42 46 41 0.0 0.0 48.0 0.0 1202.0 8.0 7.0 0.4320987654320987
42 46 42 0.0 0.0 175.0 0.0 3901.0 16.0 126.0 0.23087071240105536
42 46 43 0.0 0.0 0.0 0.0 73.0 0.0 0.0 0.6753497346840327
42 46 44 0.0 0.0 14.0 0.0 242.0 1.0 0.0 0.6208425720620842
42 47 36 0.0 0.0 0.0 0.0 10.0 0.0 0.0 0.6965174129353233
42 47 37 0.0 0.0 1.0 0.0 9.0 0.0 0.0 0.6965174129353233
42 47 38 0.0 0.0 1.0 0.0 30.0 0.0 0.0 0.6893156080748399
42 47 39 0.0 0.0 0.0 0.0 50.0 0.0 0.0 0.6832601268911663
42 47 40 0.0 0.0 0.0 0.0 50.0 1.0 0.0 0.6832601268911663
42 47 41 0.0 0.0 1.0 0.0 46.0 0.0 0.0 0.6839276990718123
42 47 42 0.0 0.0 2.0 0.0 45.0 1.0 0.0 0.6842619745845552
42 47 43 0.0 0.0 0.0 0.0 1.0 0.0 0.0 0.6996501749125437
43 32 38 0.0 0.0 0.0 0.0 1.0 0.0 0.0 0.6996501749125437
43 32 39 0.0 0.0 0.0 0.0 1.0 0.0 0.0 0.6996501749125437
43 32 41 0.0 0.0 0.0 0.0 5.0 0.0 0.0 0.6982543640897755
43 32 42 0.0 0.0 0.0 0.0 1.0 0.0 0.0 0.6996501749125437
43 33 35 0.0 0.0 0.0 0.0 3.0 0.0 0.0 0.6989515726410384
43 33 36 0.0 0.0 0.0 0.0 25.0 0.0 0.0 0.6913580246913579
43 33 37 0.0 0.0 0.0 0.0 14.0 0.0 0.0 0.6951340615690167
43 33 38 0.0 0.0 3.0 0.0 110.0 0.0 0.0 0.6628787878787878
43 33 39 0.0 0.0 63.0 0.0 1794.0 11.0 21.0 0.36391993761372493
43 33 40 0.0 0.0 3.0 0.0 84.0 1.0 0.0 0.6714628297362109
43 33 41 0.0 0.0 0.0 0.0 88.0 0.0 0.0 0.6704980842911876
43 33 42 0.0 0.0 0.0 0.0 67.0 0.0 0.0 0.6773101112723753
43 33 43 0.0 0.0 11.0 0.0 125.0 1.0 0.0 0.6557377049180326
43 33 44 0.0 0.0 0.0 0.0 9.0 0.0 0.0 0.6968641114982577
43 34 34 0.0 0.0 0.0 0.0 4.0 0.0 0.0 0.6986027944111775
43 34 35 0.0 0.0 0.0 0.0 15.0 1.0 0.0 0.6951340615690167
43 34 36 0.0 0.0 2.0 0.0 55.0 1.0 0.0 0.6809338521400777
43 34 37 0.0 0.0 155.0 0.0 3386.0 19.0 106.0 0.2535313292285403
43 34 38 0.0 0.0 124.0 0.0 2710.0 16.0 53.0 0.2906373261365995
43 34 39 0.0 0.0 373.0 0.0 7715.0 17.0 1021.0 0.13888888888888887
43 34 40 0.0 0.0 450.0 0.0 9160.0 18.0 2105.0 0.12066885019824165
43 34 41 0.0 0.0 342.0 0.0 6823.0 24.0 717.0 0.15308911973756148
43 34 42 0.0 0.0 144.0 0.0 3830.0 13.0 164.0 0.2348599228317396
43 34 43 0.0 0.0 42.0 0.0 929.0 13.0 4.0 0.4736129905277401
43 34 44 0.0 0.0 17.0 0.0 530.0 5.0 1.0 0.5507474429583004
43 34 45 0.0 0.0 0.0 0.0 51.0 0.0 0.0 0.68259385665529
43 34 46 0.0 0.0 0.0 0.0 15.0 0.0 0.0 0.694789081885856
43 35 33 0.0 0.0 1.0 0.0 30.0 0.0 0.0 0.6893156080748399
43 35 34 0.0 0.0 0.0 0.0 11.0 0.0 0.0 0.6961710591745399
43 35 35 0.0 0.0 38.0 0.0 943.0 6.0 7.0 0.47074646940147946
43 35 36 0.0 0.0 286.0 0.0 5818.0 24.0 472.0 0.17318159327065807
43 35 37 0.0 0.0 123.0 0.0 3496.0 12.0 156.0 0.2496878901373283
43 35 38 0.0 0.0 873.0 0.0 12196.0 35.0 9033.0 0.09298618490967055
43 35 39 0.0 0.0 812.0 0.0 12032.0 34.0 5767.0 0.09440323668240053
43 35 40 0.0 0.0 1044.0 0.0 12636.0 32.0 12070.0 0.08930280028066592
43 35 41 0.0 0.0 751.0 0.0 11631.0 33.0 4693.0 0.09749303621169916
43 35 42 0.0 0.0 478.0 0.0 9338.0 26.0 2192.0 0.11864406779661014
43 35 43 0.0 0.0 600.0 0.0 10594.0 28.0 3247.0 0.10621348911311736
43 35 44 0.0 0.0 323.0 0.0 7074.0 19.0 864.0 0.14919011082693945
43 35 45 0.0 0.0 224.0 0.0 4785.0 16.0 289.0 0.20020020020020016
43 35 46 0.0 0.0 22.0 0.0 681.0 3.0 1.0 0.5185185185185184
43 35 47 0.0 0.0 0.0 0.0 16.0 0.0 0.0 0.6944444444444444
43 36 33 0.0 0.0 0.0 0.0 26.0 0.0 0.0 0.6910167818361302
43 36 34 0.0 0.0 76.0 0.0 1636.0 14.0 19.0 0.37837837837837834
43 36 35 0.0 0.0 132.0 0.0 3309.0 15.0 110.0 0.25806451612903225
43 36 36 0.0 0.0 88.0 0.0 2371.0 8.0 37.0 0.314536059312514
43 36 37 0.0 0.0 598.0 0.0 10393.0 20.0 3200.0 0.10784162686797102
43 36 38 0.0 0.0 917.0 0.0 12436.0 33.0 8112.0 0.09121709669012248
43 36 39 0.0 0.0 2046.0 0.0 11981.0 44.0 33028.0 0.08735259250015598
43 36 40 0.0 0.0 1633.0 0.0 13238.0 60.0 20867.0 0.08307126327656796
43 36 41 0.0 0.0 1829.0 0.0 12579.0 49.0 25947.0 0.08530863445250136
43 36 42 0.0 0.0 1877.0 0.0 12020.0 41.0 30265.0 0.08802263439170072
43 36 43 0.0 0.0 1247.0 0.0 12954.0 32.0 14126.0 0.0864250879683931
43 36 44 0.0 0.0 1481.0 0.0 12621.0 36.0 20954.0 0.08693492300049675
43 36 45 0.0 0.0 509.0 0.0 9811.0 10.0 2723.0 0.11359948068808828
43 36 46 0.0 0.0 92.0 0.0 2267.0 18.0 35.0 0.32250633494586495
43 36 47 0.0 0.0 4.0 0.0 88.0 1.0 0.0 0.6698564593301434
43 37 33 0.0 0.0 8.0 0.0 267.0 2.0 0.0 0.6159260888693356
43 37 34 0.0 0.0 221.0 0.0 5659.0 10.0 524.0 0.17775520568816655
43 37 35 0.0 0.0 525.0 0.0 9661.0 30.0 2215.0 0.11504642945188592
43 37 36 0.0 0.0 534.0 0.0 9863.0 20.0 2369.0 0.11303996770286637
43 37 37 0.0 0.0 616.0 0.0 10592.0 28.0 3313.0 0.10606060606060605
43 37 38 0.0 0.0 1862.0 0.0 12401.0 51.0 28600.0 0.08606910119267182
43 37 39 0.0 0.0 2463.0 0.0 12342.0 66.0 37004.0 0.08337303477846593
43 37 40 0.0 0.0 2956.0 0.0 11509.0 56.0 48147.0 0.08498755539367449
43 37 41 0.0 0.0 2870.0 0.0 11357.0 66.0 48881.0 0.08616975441619991
43 37 42 0.0 0.0 2196.0 0.0 12478.0 45.0 31311.0 0.0839529863276565
43 37 43 0.0 0.0 2442.0 0.0 11550.0 62.0 41394.0 0.08753829800537735
43 37 44 0.0 0.0 1122.0 0.0 12844.0 35.0 12062.0 0.08763693270735524
43 37 45 0.0 0.0 432.0 0.0 8833.0 19.0 1791.0 0.1244223249200142
43 37 46 0.0 0.0 258.0 0.0 6104.0 12.0 521.0 0.16754427955959786
43 37 47 0.0 0.0 0.0 0.0 51.0 0.0 0.0 0.68259385665529
43 37 48 0.0 0.0 0.0 0.0 8.0 0.0 0.0 0.697211155378486
43 38 32 0.0 0.0 0.0 0.0 5.0 0.0 0.0 0.6982543640897755
43 38 33 0.0 0.0 75.0 0.0 1503.0 14.0 14.0 0.39303761931499154
43 38 34 0.0 0.0 212.0 0.0 4430.0 14.0 172.0 0.21122510561255275
43 38 35 0.0 0.0 279.0 0.0 6805.0 23.0 814.0 0.15447423590422593
43 38 36 0.0 0.0 1117.0 0.0 12848.0 37.0 12676.0 0.0877412885434946
43 38 37 0.0 0.0 934.0 0.0 12496.0 32.0 7047.0 0.09077940604331473
43 38 38 0.0 0.0 2344.0 0.0 11712.0 54.0 38745.0 0.08717852917367207
43 38 39 0.0 0.0 2986.0 0.0 11890.0 68.0 45987.0 0.08290891863081841
43 38 40 0.0 0.0 3597.0 0.0 10758.0 55.0 60789.0 0.08547530374259721
43 38 41 0.0 0.0 3860.0 0.0 10270.0 68.0 65616.0 0.0866658412777021
43 38 42 0.0 0.0 3332.0 0.0 10821.0 68.0 57133.0 0.08663902469212202
43 38 43 0.0 0.0 2989.0 0.0 10785.0 62.0 53737.0 0.08882685108812892
43 38 44 0.0 0.0 1384.0 0.0 13287.0 40.0 16006.0 0.08398824164616953
43 38 45 0.0 0.0 699.0 0.0 11141.0 30.0 4092.0 0.10123653192566345
43 38 46 0.0 0.0 580.0 0.0 10477.0 19.0 3452.0 0.10719754977029095
43 38 47 0.0 0.0 0.0 0.0 53.0 0.0 0.0 0.6819288845591815
43 38 48 0.0 0.0 0.0 0.0 10.0 0.0 0.0 0.6965174129353233
43 39 32 0.0 0.0 0.0 0.0 7.0 0.0 0.0 0.6975585450921773
43 39 33 0.0 0.0 54.0 0.0 1780.0 9.0 19.0 0.3660130718954248
43 39 34 0.0 0.0 296.0 0.0 5484.0 20.0 316.0 0.1803891251127432
43 39 35 0.0 0.0 506.0 0.0 9693.0 20.0 2561.0 0.11481997867628965
43 39 36 0.0 0.0 1136.0 0.0 12903.0 27.0 13493.0 0.0873035669743078
43 39 37 0.0 0.0 1694.0 0.0 12874.0 51.0 23399.0 0.08443908323281062
43 39 38 0.0 0.0 2581.0 0.0 11650.0 69.0 42130.0 0.0862546978005052
43 39 39 0.0 0.0 3409.0 0.0 10762.0 74.0 57822.0 0.08654262224145391
43 39 40 0.0 0.0 4225.0 0.0 9236.0 68.0 76182.0 0.09045096265667397
43 39 41 0.0 0.0 4092.0 0.0 10827.0 82.0 64384.0 0.08272764876203981
43 39 42 0.0 0.0 3806.0 0.0 9717.0 74.0 70573.0 0.09022362570084422
43 39 43 0.0 0.0 3118.0 0.0 10345.0 68.0 57979.0 0.09050943884147918
43 39 44 0.0 0.0 1650.0 0.0 12890.0 35.0 22784.0 0.0846279393096778
43 39 45 0.0 0.0 586.0 0.0 10379.0 16.0 3087.0 0.10807472595337346
43 39 46 0.0 0.0 138.0 0.0 3968.0 6.0 167.0 0.22954582718478433
43 39 47 0.0 0.0 10.0 0.0 134.0 2.0 0.0 0.65359477124183
43 39 48 0.0 0.0 0.0 0.0 20.0 0.0 0.0 0.6930693069306929
43 40 33 0.0 0.0 0.0 0.0 76.0 1.0 0.0 0.6746987951807227
43 40 34 0.0 0.0 167.0 0.0 3844.0 14.0 130.0 0.2332944509248458
43 40 35 0.0 0.0 524.0 0.0 9809.0 13.0 2343.0 0.11354420113544199
43 40 36 0.0 0.0 984.0 0.0 12673.0 31.0 7579.0 0.08946258546872005
43 40 37 0.0 0.0 2389.0 0.0 12251.0 50.0 37032.0 0.08409418548774626
43 40 38 0.0 0.0 3062.0 0.0 10399.0 73.0 56721.0 0.09056799068443523
43 40 39 0.0 0.0 3545.0 0.0 10755.0 60.0 59764.0 0.08584217303329449
43 40 40 0.0 0.0 4018.0 0.0 10438.0 74.0 66475.0 0.08513743614692287
43 40 41 0.0 0.0 4239.0 0.0 9011.0 73.0 80057.0 0.09184543724988518
43 40 42 0.0 0.0 3486.0 0.0 10924.0 78.0 57504.0 0.0853346336706083
43 40 43 0.0 0.0 3026.0 0.0 11033.0 60.0 51117.0 0.08712427655734643
43 40 44 0.0 0.0 1593.0 0.0 12791.0 45.0 21456.0 0.08546486783468651
43 40 45 0.0 0.0 1040.0 0.0 12691.0 31.0 10834.0 0.08901888472054428
43 40 46 0.0 0.0 250.0 0.0 5942.0 20.0 459.0 0.17125382262996938
43 40 47 0.0 0.0 35.0 0.0 711.0 14.0 2.0 0.5124450951683748
43 41 33 0.0 0.0 17.0 0.0 343.0 5.0 0.0 0.594732370433305
43 41 34 0.0 0.0 379.0 0.0 8058.0 30.0 1262.0 0.1344344152102938
43 41 35 0.0 0.0 945.0 0.0 12393.0 37.0 9218.0 0.09127061738053327
43 41 36 0.0 0.0 1312.0 0.0 13092.0 47.0 14276.0 0.08544921874999999
43 41 37 0.0 0.0 2864.0 0.0 9424.0 68.0 62134.0 0.09800490024501224
43 41 38 0.0 0.0 2437.0 0.0 12513.0 61.0 34812.0 0.08257638315441783
43 41 39 0.0 0.0 3497.0 0.0 10502.0 86.0 60121.0 0.08756019763587465
43 41 40 0.0 0.0 3750.0 0.0 9041.0 76.0 76069.0 0.09462016761286833
43 41 41 0.0 0.0 2683.0 0.0 12827.0 59.0 37993.0 0.0799177988354835
43 41 42 0.0 0.0 2853.0 0.0 11298.0 63.0 47202.0 0.08663366336633661
43 41 43 0.0 0.0 2325.0 0.0 11990.0 61.0 36831.0 0.0857948277975242
43 41 44 0.0 0.0 1584.0 0.0 13080.0 37.0 20188.0 0.08399328053755699
43 41 45 0.0 0.0 846.0 0.0 12112.0 25.0 6962.0 0.09365801445009364
43 41 46 0.0 0.0 162.0 0.0 4630.0 18.0 312.0 0.20645922430320007
43 41 47 0.0 0.0 1.0 0.0 20.0 0.0 0.0 0.6927263730826323
43 42 33 0.0 0.0 6.0 0.0 142.0 3.0 0.0 0.6526806526806526
43 42 34 0.0 0.0 315.0 0.0 6089.0 26.0 476.0 0.16710432084029597
43 42 35 0.0 0.0 479.0 0.0 9348.0 26.0 2023.0 0.11860386309725514
43 42 36 0.0 0.0 766.0 0.0 11840.0 27.0 5690.0 0.09596271163205153
43 42 37 0.0 0.0 1816.0 0.0 12878.0 48.0 25200.0 0.08387251377905583
43 42 38 0.0 0.0 2470.0 0.0 12150.0 47.0 39167.0 0.08407903429223469
43 42 39 0.0 0.0 2830.0 0.0 11081.0 71.0 48947.0 0.08801710046523324
43 42 40 0.0 0.0 2408.0 0.0 12271.0 62.0 36037.0 0.0839529863276565
43 42 41 0.0 0.0 2255.0 0.0 12442.0 47.0 32855.0 0.08379219535551831
43 42 42 0.0 0.0 1453.0 0.0 13551.0 52.0 15919.0 0.08243052284503061
43 42 43 0.0 0.0 1593.0 0.0 12907.0 46.0 21865.0 0.08490508824064527
43 42 44 0.0 0.0 981.0 0.0 12479.0 33.0 9886.0 0.09057971014492752
43 42 45 0.0 0.0 745.0 0.0 11681.0 30.0 5451.0 0.0970873786407767
43 42 46 0.0 0.0 135.0 0.0 3315.0 21.0 93.0 0.25782688766114176
43 42 47 0.0 0.0 0.0 0.0 18.0 0.0 0.0 0.694100148735746
43 43 33 0.0 0.0 0.0 0.0 6.0 0.0 0.0 0.6979062811565303
43 43 34 0.0 0.0 102.0 0.0 2223.0 13.0 34.0 0.32475063790303865
43 43 35 0.0 0.0 359.0 0.0 7852.0 23.0 1187.0 0.13728181996469893
43 43 36 0.0 0.0 614.0 0.0 10665.0 20.0 3069.0 0.10550113036925395
43 43 37 0.0 0.0 1278.0 0.0 13253.0 29.0 13746.0 0.0846740050804403
43 43 38 0.0 0.0 1285.0 0.0 12855.0 44.0 16039.0 0.08683247534577931
43 43 39 0.0 0.0 1725.0 0.0 12862.0 38.0 23269.0 0.08437292834327728
43 43 40 0.0 0.0 1549.0 0.0 12927.0 42.0 20949.0 0.08500819721901753
43 43 41 0.0 0.0 1833.0 0.0 12405.0 52.0 27383.0 0.08621751447222563
43 43 42 0.0 0.0 1334.0 0.0 13274.0 38.0 14983.0 0.0842713537591043
43 43 43 0.0 0.0 614.0 1.0 10377.0 23.0 2567.0 0.10786655366361043
43 43 44 0.0 0.0 504.0 0.0 9106.0 20.0 1803.0 0.12070006035003014
43 43 45 0.0 0.0 84.0 0.0 2191.0 16.0 32.0 0.3286384976525821
43 43 46 0.0 0.0 126.0 0.0 2996.0 20.0 66.0 0.274294670846395
43 43 47 0.0 0.0 0.0 0.0 15.0 0.0 0.0 0.694789081885856
43 44 33 0.0 0.0 0.0 0.0 9.0 1.0 0.0 0.697211155378486
43 44 34 0.0 0.0 4.0 0.0 140.0 3.0 0.0 0.6542056074766354
43 44 35 0.0 0.0 88.0 0.0 2316.0 12.0 47.0 0.3187613843351548
43 44 36 0.0 0.0 157.0 0.0 4194.0 25.0 171.0 0.22130888397091364
43 44 37 0.0 0.0 881.0 0.0 12362.0 24.0 9150.0 0.09183941222776174
43 44 38 0.0 0.0 551.0 0.0 10066.0 32.0 2700.0 0.11116404637128789
43 44 39 0.0 0.0 669.0 0.0 11205.0 21.0 4048.0 0.10094455259932222
43 44 40 0.0 0.0 798.0 0.0 11768.0 23.0 5534.0 0.09612083762444215
43 44 41 0.0 0.0 1210.0 0.0 13062.0 33.0 13405.0 0.08606381016782443
43 44 42 0.0 0.0 788.0 0.0 11902.0 35.0 5518.0 0.09545237608236175
43 44 43 0.0 0.0 228.0 0.0 5022.0 17.0 289.0 0.19337016574585633
43 44 44 0.0 0.0 223.0 0.0 4520.0 24.0 174.0 0.2083023359619104
43 44 45 0.0 0.0 61.0 0.0 1464.0 7.0 12.0 0.39795338260375207
43 44 46 0.0 0.0 19.0 0.0 542.0 4.0 3.0 0.5475166210402814
43 44 47 0.0 0.0 0.0 0.0 4.0 0.0 0.0 0.6986027944111775
43 45 33 0.0 0.0 2.0 0.0 50.0 0.0 0.0 0.6822612085769979
43 45 34 0.0 0.0 0.0 0.0 12.0 0.0 0.0 0.6958250497017892
43 45 35 0.0 0.0 4.0 0.0 232.0 2.0 1.0 0.6266786034019695
43 45 36 0.0 0.0 106.0 0.0 2641.0 16.0 53.0 0.2959205242020714
43 45 37 0.0 0.0 46.0 0.0 1359.0 6.0 15.0 0.41188584877905265
43 45 38 0.0 0.0 283.0 0.0 6183.0 19.0 574.0 0.16566086853626788
43 45 39 0.0 0.0 129.0 0.0 3546.0 16.0 113.0 0.24734982332155472
43 45 40 0.0 0.0 509.0 0.0 9714.0 25.0 2635.0 0.11465072475636719
43 45 41 0.0 0.0 482.0 0.0 8943.0 18.0 1684.0 0.12267788293024885
43 45 42 0.0 0.0 241.0 0.0 5563.0 15.0 429.0 0.1796714579055441
43 45 43 0.0 0.0 299.0 0.0 6690.0 27.0 705.0 0.15604101649576457
43 45 44 0.0 0.0 3.0 0.0 53.0 1.0 0.0 0.6812652068126519
43 45 45 0.0 0.0 0.0 0.0 2.0 0.0 0.0 0.6993006993006992
43 46 33 0.0 0.0 0.0 0.0 4.0 0.0 0.0 0.6986027944111775
43 46 34 0.0 0.0 27.0 0.0 516.0 5.0 1.0 0.5516154452324664
43 46 35 0.0 0.0 0.0 0.0 14.0 0.0 0.0 0.6951340615690167
43 46 36 0.0 0.0 99.0 0.0 2261.0 10.0 45.0 0.32176511146862785
43 46 37 0.0 0.0 139.0 0.0 3310.0 17.0 110.0 0.2576370997423628
43 46 38 0.0 0.0 14.0 0.0 395.0 6.0 1.0 0.5826050769870994
43 46 39 0.0 0.0 27.0 0.0 999.0 5.0 10.0 0.4634227077126778
43 46 40 0.0 0.0 217.0 0.0 5239.0 24.0 354.0 0.1883492533297457
43 46 41 0.0 0.0 147.0 0.0 3309.0 13.0 82.0 0.25716385011021303
43 46 42 0.0 0.0 2.0 0.0 96.0 1.0 0.0 0.6676204101096804
43 46 43 0.0 0.0 8.0 0.0 355.0 4.0 0.0 0.5937234944868531
43 46 44 0.0 0.0 0.0 0.0 3.0 0.0 0.0 0.6989515726410384
43 46 45 0.0 0.0 0.0 0.0 1.0 0.0 0.0 0.6996501749125437
43 47 35 0.0 0.0 0.0 0.0 2.0 0.0 0.0 0.6993006993006992
43 47 36 0.0 0.0 0.0 0.0 6.0 0.0 0.0 0.6979062811565303
43 47 37 0.0 0.0 1.0 0.0 26.0 0.0 0.0 0.6906758756783422
43 47 38 0.0 0.0 0.0 0.0 3.0 0.0 0.0 0.6989515726410384
43 47 39 0.0 0.0 4.0 0.0 115.0 3.0 0.0 0.661625708884688
43 47 40 0.0 0.0 0.0 0.0 21.0 0.0 1.0 0.6927263730826323
43 47 41 0.0 0.0 28.0 0.0 487.0 9.0 0.0 0.5586592178770949
43 47 42 0.0 0.0 0.0 0.0 11.0 0.0 0.0 0.6961710591745399
43 47 43 0.0 0.0 0.0 0.0 2.0 0.0 0.0 0.6993006993006992
43 48 41 0.0 0.0 0.0 0.0 1.0 0.0 0.0 0.6996501749125437
44 32 39 0.0 0.0 0.0 0.0 1.0 0.0 0.0 0.6996501749125437
44 32 40 0.0 0.0 0.0 0.0 1.0 0.0 0.0 0.6996501749125437
44 33 36 0.0 0.0 0.0 0.0 1.0 0.0 0.0 0.6996501749125437
44 33 37 0.0 0.0 0.0 0.0 6.0 0.0 0.0 0.6979062811565303
44 33 38 0.0 0.0 0.0 0.0 17.0 0.0 0.0 0.694100148735746
44 33 39 0.0 0.0 31.0 0.0 663.0 8.0 1.0 0.5212211466865226
44 33 40 0.0 0.0 63.0 0.0 888.0 14.0 1.0 0.4766768811712631
44 33 41 0.0 0.0 0.0 0.0 75.0 0.0 0.0 0.6746987951807227
44 33 42 0.0 0.0 9.0 0.0 240.0 3.0 0.0 0.6233303650934995
44 33 43 0.0 0.0 0.0 0.0 3.0 0.0 0.0 0.6989515726410384
44 34 35 0.0 0.0 0.0 0.0 4.0 0.0 0.0 0.6986027944111775
44 34 36 0.0 0.0 0.0 0.0 12.0 0.0 0.0 0.6958250497017892
44 34 37 0.0 0.0 158.0 0.0 3042.0 17.0 57.0 0.26990553306342774
44 34 38 0.0 0.0 168.0 0.0 3921.0 21.0 137.0 0.2306045132597595
44 34 39 0.0 0.0 218.0 0.0 5049.0 17.0 263.0 0.19310344827586204
44 34 40 0.0 0.0 31.0 0.0 977.0 6.0 4.0 0.4665111629456847
44 34 41 0.0 0.0 389.0 0.0 8457.0 23.0 1476.0 0.1292586095466716
44 34 42 0.0 0.0 1.0 0.0 183.0 0.0 0.0 0.641025641025641
44 34 43 0.0 0.0 11.0 0.0 521.0 2.0 1.0 0.5533596837944663
44 34 44 0.0 0.0 6.0 0.0 241.0 1.0 0.0 0.6233303650934995
44 34 45 0.0 0.0 4.0 0.0 168.0 1.0 0.0 0.64486411791801
44 34 46 0.0 0.0 2.0 0.0 50.0 0.0 0.0 0.6822612085769979
44 35 35 0.0 0.0 1.0 0.0 79.0 0.0 0.0 0.6734006734006733
44 35 36 0.0 0.0 97.0 0.0 2129.0 12.0 34.0 0.3322259136212624
44 35 37 0.0 0.0 106.0 0.0 2321.0 12.0 38.0 0.31688546853779986
44 35 38 0.0 0.0 157.0 0.0 3691.0 10.0 128.0 0.23984923762206606
44 35 39 0.0 0.0 1125.0 0.0 12829.0 36.0 12122.0 0.08776328986960882
44 35 40 0.0 0.0 790.0 0.0 11703.0 26.0 6459.0 0.09661169001449174
44 35 41 0.0 0.0 695.0 0.0 11477.0 27.0 4926.0 0.09884911388830048
44 35 42 0.0 0.0 482.0 0.0 9349.0 27.0 1953.0 0.11847338580011846
44 35 43 0.0 0.0 340.0 0.0 7173.0 25.0 855.0 0.14744602422327538
44 35 44 0.0 0.0 464.0 0.0 9118.0 15.0 2082.0 0.12095032397408206
44 35 45 0.0 0.0 360.0 0.0 8053.0 18.0 1312.0 0.13462832964708144
44 35 46 0.0 0.0 48.0 0.0 1271.0 13.0 10.0 0.4234724742891712
44 35 47 0.0 0.0 0.0 0.0 1.0 0.0 0.0 0.6996501749125437
44 36 33 0.0 0.0 0.0 0.0 4.0 0.0 0.0 0.6986027944111775
44 36 34 0.0 0.0 14.0 0.0 298.0 1.0 0.0 0.6057983556901773
44 36 35 0.0 0.0 35.0 0.0 647.0 4.0 1.0 0.5227781926811051
44 36 36 0.0 0.0 50.0 0.0 1131.0 8.0 8.0 0.44108380592312535
44 36 37 0.0 0.0 271.0 0.0 6481.0 19.0 648.0 0.16020139604073688
44 36 38 0.0 0.0 548.0 0.0 10012.0 24.0 2760.0 0.1115004778591908
44 36 39 0.0 0.0 616.0 0.0 10645.0 18.0 2949.0 0.10566037735849056
44 36 40 0.0 0.0 1082.0 0.0 13059.0 36.0 9682.0 0.08681632146843606
44 36 41 0.0 0.0 1212.0 0.0 12477.0 41.0 16669.0 0.08927432725417675
44 36 42 0.0 0.0 906.0 0.0 12186.0 28.0 6654.0 0.09277667329357188
44 36 43 0.0 0.0 900.0 0.0 12405.0 31.0 8202.0 0.09151523074911752
44 36 44 0.0 0.0 505.0 0.0 10091.0 21.0 3426.0 0.1112523839796567
44 36 45 0.0 0.0 345.0 0.0 7894.0 25.0 1169.0 0.13695949911954605
44 36 46 0.0 0.0 26.0 0.0 549.0 8.0 1.0 0.5453837164004673
44 36 47 0.0 0.0 0.0 0.0 9.0 0.0 0.0 0.6968641114982577
44 37 32 0.0 0.0 0.0 0.0 1.0 0.0 0.0 0.6996501749125437
44 37 33 0.0 0.0 0.0 0.0 9.0 0.0 0.0 0.6968641114982577
44 37 34 0.0 0.0 1.0 0.0 71.0 0.0 0.0 0.6756756756756755
44 37 35 0.0 0.0 17.0 0.0 548.0 3.0 1.0 0.5464480874316939
44 37 36 0.0 0.0 239.0 0.0 5358.0 17.0 346.0 0.1846965699208443
44 37 37 0.0 0.0 780.0 0.0 11884.0 30.0 5760.0 0.09556313993174059
44 37 38 0.0 0.0 1026.0 0.0 12620.0 37.0 9645.0 0.08951406649616367
44 37 39 0.0 0.0 1318.0 0.0 13479.0 28.0 13877.0 0.08329366968110423
44 37 40 0.0 0.0 1646.0 0.0 12683.0 31.0 23903.0 0.08567407135426228
44 37 41 0.0 0.0 1471.0 0.0 13031.0 39.0 18602.0 0.08484848484848484
44 37 42 0.0 0.0 1286.0 0.0 13280.0 30.0 14804.0 0.08450534194483007
44 37 43 0.0 0.0 1648.0 0.0 12799.0 52.0 22992.0 0.0851996105160662
44 37 44 0.0 0.0 1366.0 0.0 12887.0 41.0 17050.0 0.08616975441619991
44 37 45 0.0 0.0 462.0 0.0 9489.0 16.0 2252.0 0.11719403984597353
44 37 46 0.0 0.0 62.0 0.0 1524.0 8.0 13.0 0.3913894324853228
44 37 47 0.0 0.0 37.0 0.0 739.0 8.0 3.0 0.5057803468208091
44 38 33 0.0 0.0 1.0 0.0 77.0 0.0 0.0 0.6740491092922483
44 38 34 0.0 0.0 315.0 0.0 6693.0 20.0 661.0 0.15560742469712124
44 38 35 0.0 0.0 295.0 0.0 6394.0 22.0 640.0 0.16140189070786257
44 38 36 0.0 0.0 369.0 0.0 7823.0 22.0 1250.0 0.13756509776948017
44 38 37 0.0 0.0 1077.0 0.0 12883.0 37.0 10227.0 0.08776879192527114
44 38 38 0.0 0.0 1344.0 0.0 12582.0 40.0 18882.0 0.0878679470281805
44 38 39 0.0 0.0 1582.0 0.0 13225.0 51.0 19605.0 0.08333333333333333
44 38 40 0.0 0.0 1849.0 0.0 12677.0 48.0 27213.0 0.08471499455403605
44 38 41 0.0 0.0 2600.0 0.0 11285.0 79.0 45352.0 0.0881778673552938
44 38 42 0.0 0.0 1814.0 0.0 12912.0 49.0 24270.0 0.08374708380690314
44 38 43 0.0 0.0 1628.0 0.0 12540.0 42.0 24170.0 0.08655867441572894
44 38 44 0.0 0.0 752.0 0.0 11652.0 27.0 5409.0 0.09725599166377213
44 38 45 0.0 0.0 368.0 0.0 7565.0 23.0 960.0 0.14118596208148446
44 38 46 0.0 0.0 157.0 0.0 3057.0 16.0 73.0 0.2692825543373725
44 38 47 0.0 0.0 30.0 0.0 512.0 12.0 1.0 0.5533596837944663
44 39 33 0.0 0.0 1.0 0.0 112.0 1.0 0.0 0.6628787878787878
44 39 34 0.0 0.0 73.0 0.0 2297.0 9.0 41.0 0.3209536909674461
44 39 35 0.0 0.0 647.0 0.0 11142.0 25.0 5765.0 0.10158914447427617
44 39 36 0.0 0.0 879.0 0.0 12249.0 24.0 9308.0 0.09255586407510247
44 39 37 0.0 0.0 1227.0 0.0 12713.0 38.0 14676.0 0.08782385044852893
44 39 38 0.0 0.0 1249.0 0.0 13070.0 32.0 13179.0 0.0858000858000858
44 39 39 0.0 0.0 1689.0 0.0 13217.0 40.0 21046.0 0.082805938368723
44 39 40 0.0 0.0 1899.0 0.0 13190.0 52.0 25019.0 0.08192883895131085
44 39 41 0.0 0.0 2748.0 0.0 11484.0 62.0 45995.0 0.08623344625808438
44 39 42 0.0 0.0 2097.0 0.0 13090.0 51.0 27372.0 0.08141428239125377
44 39 43 0.0 0.0 1163.0 0.0 13265.0 35.0 11710.0 0.08523592085235919
44 39 44 0.0 0.0 888.0 0.0 12399.0 24.0 8040.0 0.09158108196506835
44 39 45 0.0 0.0 501.0 0.0 9690.0 33.0 2317.0 0.11502752444334892
44 39 46 0.0 0.0 89.0 0.0 2148.0 21.0 24.0 0.3320683111954459
44 39 47 0.0 0.0 6.0 0.0 115.0 3.0 0.0 0.6610009442870631
44 40 33 0.0 0.0 37.0 0.0 768.0 9.0 5.0 0.5007153075822602
44 40 34 0.0 0.0 353.0 0.0 7164.0 14.0 826.0 0.14722894100326003
44 40 35 0.0 0.0 435.0 0.0 8882.0 25.0 1777.0 0.12392670620518718
44 40 36 0.0 0.0 1900.0 0.0 11500.0 47.0 33797.0 0.09080884737627293
44 40 37 0.0 0.0 1182.0 0.0 13043.0 42.0 13268.0 0.08635578583765112
44 40 38 0.0 0.0 1629.0 0.0 12903.0 46.0 21475.0 0.0846279393096778
44 40 39 0.0 0.0 1926.0 0.0 13082.0 44.0 25479.0 0.08227067050596462
44 40 40 0.0 0.0 2304.0 0.0 11739.0 47.0 38197.0 0.08731990270067984
44 40 41 0.0 0.0 1786.0 0.0 13472.0 48.0 21065.0 0.08116883116883115
44 40 42 0.0 0.0 2085.0 0.0 12039.0 57.0 33608.0 0.0868917576961271
44 40 43 0.0 0.0 1776.0 0.0 12381.0 32.0 26794.0 0.0865533230293663
44 40 44 0.0 0.0 2165.0 0.0 11280.0 47.0 39374.0 0.09056799068443523
44 40 45 0.0 0.0 566.0 0.0 10329.0 29.0 3165.0 0.10871253300201893
44 40 46 0.0 0.0 141.0 0.0 3438.0 13.0 98.0 0.2514367816091954
44 40 47 0.0 0.0 0.0 0.0 11.0 0.0 0.0 0.6961710591745399
44 41 33 0.0 0.0 24.0 0.0 577.0 4.0 2.0 0.5390835579514823
44 41 34 0.0 0.0 102.0 0.0 2838.0 8.0 56.0 0.283860502838605
44 41 35 0.0 0.0 789.0 0.0 11745.0 25.0 5692.0 0.09631922944616442
44 41 36 0.0 0.0 1095.0 0.0 12991.0 40.0 11351.0 0.08711343413602139
44 41 37 0.0 0.0 1589.0 0.0 12782.0 39.0 21600.0 0.08546486783468651
44 41 38 0.0 0.0 1409.0 0.0 13475.0 31.0 15217.0 0.08290891863081841
44 41 39 0.0 0.0 1885.0 0.0 13490.0 42.0 22630.0 0.08052455999079719
44 41 40 0.0 0.0 1962.0 0.0 12658.0 43.0 28963.0 0.0841902700102231
44 41 41 0.0 0.0 2318.0 0.0 10913.0 60.0 43934.0 0.09188160399028679
44 41 42 0.0 0.0 1863.0 0.0 12729.0 30.0 26264.0 0.08429672447013487
44 41 43 0.0 0.0 1023.0 0.0 12747.0 34.0 8861.0 0.08879868070531523
44 41 44 0.0 0.0 1281.0 0.0 12756.0 37.0 16002.0 0.08731990270067984
44 41 45 0.0 0.0 485.0 0.0 9515.0 25.0 2343.0 0.11677370923346399
44 41 46 0.0 0.0 142.0 0.0 3804.0 15.0 137.0 0.23604788399932558
44 41 47 0.0 0.0 0.0 0.0 5.0 0.0 0.0 0.6982543640897755
44 42 33 0.0 0.0 1.0 0.0 8.0 0.0 0.0 0.6968641114982577
44 42 34 0.0 0.0 42.0 0.0 892.0 7.0 6.0 0.4783054321831226
44 42 35 0.0 0.0 322.0 0.0 7411.0 18.0 931.0 0.14406256431364478
44 42 36 0.0 0.0 1993.0 0.0 11371.0 44.0 35979.0 0.09102139002665625
44 42 37 0.0 0.0 948.0 0.0 12754.0 36.0 8665.0 0.08925156190233328
44 42 38 0.0 0.0 1141.0 0.0 13048.0 29.0 11233.0 0.0864410965670536
44 42 39 0.0 0.0 1566.0 0.0 13138.0 45.0 19414.0 0.0838423763324949
44 42 40 0.0 0.0 1627.0 0.0 13083.0 40.0 20147.0 0.08375209380234505
44 42 41 0.0 0.0 1231.0 0.0 13104.0 43.0 13512.0 0.08571078731480347
44 42 42 0.0 0.0 933.0 0.0 12306.0 34.0 8391.0 0.09191779922526425
44 42 43 0.0 0.0 630.0 0.0 10962.0 22.0 4120.0 0.10306242638398114
44 42 44 0.0 0.0 431.0 0.0 8631.0 24.0 1703.0 0.12667390517553384
44 42 45 0.0 0.0 650.0 0.0 11104.0 24.0 5031.0 0.10181077739800741
44 42 46 0.0 0.0 61.0 0.0 1307.0 10.0 3.0 0.4169148302561048
44 42 47 0.0 0.0 0.0 0.0 5.0 0.0 0.0 0.6982543640897755
44 43 33 0.0 0.0 0.0 0.0 11.0 0.0 0.0 0.6961710591745399
44 43 34 0.0 0.0 12.0 0.0 306.0 4.0 0.0 0.6050129645635263
44 43 35 0.0 0.0 551.0 0.0 9871.0 26.0 2479.0 0.11277589817947477
44 43 36 0.0 0.0 778.0 0.0 11771.0 32.0 5710.0 0.09633248469001582
44 43 37 0.0 0.0 828.0 0.0 12114.0 26.0 7651.0 0.09374581491897682
44 43 38 0.0 0.0 717.0 0.0 11520.0 29.0 4741.0 0.09842519685039368
44 43 39 0.0 0.0 827.0 0.0 12133.0 22.0 6504.0 0.09352037408149631
44 43 40 0.0 0.0 922.0 0.0 12408.0 37.0 7297.0 0.09144947416552354
44 43 41 0.0 0.0 543.0 0.0 10111.0 21.0 2910.0 0.11079455523899967
44 43 42 0.0 0.0 1085.0 0.0 12467.0 34.0 13178.0 0.09002636486399589
44 43 43 0.0 0.0 662.0 0.0 11207.0 24.0 5046.0 0.101010101010101
44 43 44 0.0 0.0 248.0 0.0 5719.0 18.0 419.0 0.17607848069425225
44 43 45 0.0 0.0 260.0 0.0 5378.0 17.0 346.0 0.18367882445552347
44 43 46 0.0 0.0 75.0 0.0 1775.0 18.0 24.0 0.36524915210018255
44 43 47 0.0 0.0 0.0 0.0 3.0 0.0 0.0 0.6989515726410384
44 44 33 0.0 0.0 0.0 0.0 1.0 0.0 0.0 0.6996501749125437
44 44 34 0.0 0.0 9.0 0.0 157.0 1.0 0.0 0.6466512702078521
44 44 35 0.0 0.0 28.0 0.0 761.0 8.0 2.0 0.5035971223021581
44 44 36 0.0 0.0 374.0 0.0 8105.0 19.0 1242.0 0.1337920489296636
44 44 37 0.0 0.0 590.0 0.0 10659.0 26.0 3333.0 0.10575615651911163
44 44 38 0.0 0.0 368.0 0.0 7877.0 25.0 1051.0 0.13697289893356812
44 44 39 0.0 0.0 315.0 0.0 7539.0 27.0 1167.0 0.1423921887713588
44 44 40 0.0 0.0 443.0 0.0 8637.0 21.0 1461.0 0.12649078424286228
44 44 41 0.0 0.0 765.0 0.0 11851.0 27.0 6908.0 0.09581166164796057
44 44 42 0.0 0.0 235.0 0.0 5195.0 15.0 315.0 0.18878101402373243
44 44 43 0.0 0.0 64.0 0.0 1488.0 11.0 17.0 0.39525691699604737
44 44 44 0.0 0.0 5.0 0.0 223.0 2.0 0.0 0.6292134831460673
44 44 45 0.0 0.0 0.0 0.0 27.0 0.0 0.0 0.6906758756783422
44 44 46 0.0 0.0 0.0 0.0 3.0 0.0 0.0 0.6989515726410384
44 44 47 0.0 0.0 0.0 0.0 4.0 0.0 0.0 0.6986027944111775
44 45 33 0.0 0.0 0.0 0.0 3.0 0.0 0.0 0.6989515726410384
44 45 34 0.0 0.0 0.0 0.0 7.0 0.0 0.0 0.6975585450921773
44 45 35 0.0 0.0 24.0 0.0 631.0 9.0 0.0 0.5291005291005291
44 45 36 0.0 0.0 449.0 0.0 8646.0 27.0 1448.0 0.12638801119436668
44 45 37 0.0 0.0 131.0 0.0 2825.0 16.0 65.0 0.28340080971659914
44 45 38 0.0 0.0 131.0 0.0 3218.0 19.0 95.0 0.26261489401613203
44 45 39 0.0 0.0 102.0 0.0 2223.0 14.0 33.0 0.32482598607888624
44 45 40 0.0 0.0 436.0 0.0 8614.0 11.0 1648.0 0.12673123925047522
44 45 41 0.0 0.0 224.0 0.0 5136.0 26.0 308.0 0.19086571233810495
44 45 42 0.0 0.0 20.0 0.0 638.0 8.0 2.0 0.5283018867924527
44 45 43 0.0 0.0 5.0 0.0 143.0 0.0 0.0 0.6517690875232773
44 45 44 0.0 0.0 0.0 0.0 8.0 0.0 0.0 0.697211155378486
44 45 45 0.0 0.0 0.0 0.0 3.0 0.0 0.0 0.6989515726410384
44 46 35 0.0 0.0 1.0 0.0 23.0 0.0 0.0 0.6916996047430829
44 46 36 0.0 0.0 0.0 0.0 21.0 0.0 0.0 0.6927263730826323
44 46 37 0.0 0.0 1.0 0.0 16.0 0.0 0.0 0.694100148735746
44 46 38 0.0 0.0 0.0 0.0 10.0 0.0 0.0 0.6965174129353233
44 46 39 0.0 0.0 13.0 0.0 329.0 5.0 1.0 0.5990586221651689
44 46 40 0.0 0.0 0.0 0.0 67.0 0.0 0.0 0.6773101112723753
44 46 41 0.0 0.0 0.0 0.0 57.0 0.0 0.0 0.6806028196402526
44 46 42 0.0 0.0 0.0 0.0 31.0 0.0 0.0 0.6893156080748399
44 46 43 0.0 0.0 0.0 0.0 12.0 0.0 0.0 0.6958250497017892
44 46 44 0.0 0.0 0.0 0.0 3.0 0.0 0.0 0.6989515726410384
44 47 36 0.0 0.0 0.0 0.0 3.0 0.0 0.0 0.6989515726410384
44 47 37 0.0 0.0 0.0 0.0 2.0 0.0 0.0 0.6993006993006992
44 47 38 0.0 0.0 0.0 0.0 2.0 0.0 0.0 0.6993006993006992
44 47 40 0.0 0.0 103.0 0.0 2308.0 21.0 28.0 0.3188339785925757
44 47 41 0.0 0.0 0.0 0.0 7.0 0.0 0.0 0.6975585450921773
44 47 42 0.0 0.0 0.0 0.0 2.0 0.0 0.0 0.6993006993006992
44 48 40 0.0 0.0 0.0 0.0 3.0 0.0 0.0 0.6989515726410384
45 33 36 0.0 0.0 0.0 0.0 1.0 0.0 0.0 0.6996501749125437
45 33 37 0.0 0.0 0.0 0.0 13.0 0.0 0.0 0.695479384003974
45 33 38 0.0 0.0 0.0 0.0 9.0 0.0 0.0 0.697211155378486
45 33 39 0.0 0.0 0.0 0.0 9.0 0.0 0.0 0.6968641114982577
45 33 40 0.0 0.0 0.0 0.0 13.0 0.0 0.0 0.6958250497017892
45 33 41 0.0 0.0 7.0 0.0 125.0 0.0 0.0 0.6566604127579737
45 33 42 0.0 0.0 0.0 0.0 7.0 0.0 0.0 0.6975585450921773
45 34 36 0.0 0.0 0.0 0.0 2.0 0.0 0.0 0.6993006993006992
45 34 37 0.0 0.0 0.0 0.0 8.0 0.0 0.0 0.697211155378486
45 34 38 0.0 0.0 247.0 0.0 4890.0 27.0 220.0 0.19685039370078736
45 34 39 0.0 0.0 36.0 0.0 891.0 9.0 9.0 0.4797806716929403
45 34 40 0.0 0.0 28.0 0.0 767.0 6.0 3.0 0.5019720329867334
45 34 41 0.0 0.0 70.0 0.0 1580.0 11.0 11.0 0.3846153846153846
45 34 42 0.0 0.0 72.0 0.0 1530.0 12.0 14.0 0.3898635477582845
45 34 43 0.0 0.0 64.0 0.0 1679.0 15.0 10.0 0.3755364806866952
45 34 44 0.0 0.0 1.0 0.0 69.0 0.0 0.0 0.6763285024154588
45 34 45 0.0 0.0 18.0 0.0 398.0 4.0 1.0 0.5809128630705394
45 34 46 0.0 0.0 0.0 0.0 9.0 0.0 1.0 0.6968641114982577
45 35 35 0.0 0.0 0.0 0.0 1.0 0.0 0.0 0.6996501749125437
45 35 36 0.0 0.0 0.0 0.0 10.0 0.0 0.0 0.6965174129353233
45 35 37 0.0 0.0 4.0 0.0 57.0 2.0 0.0 0.6799417192812044
45 35 38 0.0 0.0 148.0 0.0 3065.0 21.0 71.0 0.2696456086286594
45 35 39 0.0 0.0 92.0 0.0 2197.0 13.0 32.0 0.3271792474877307
45 35 40 0.0 0.0 232.0 0.0 5649.0 21.0 414.0 0.17804909067785832
45 35 41 0.0 0.0 61.0 0.0 1596.0 5.0 14.0 0.3835616438356164
45 35 42 0.0 0.0 299.0 0.0 6744.0 28.0 739.0 0.1551762358678785
45 35 43 0.0 0.0 329.0 0.0 7195.0 29.0 822.0 0.14735291021997685
45 35 44 0.0 0.0 84.0 0.0 2364.0 10.0 47.0 0.31538634827663886
45 35 45 0.0 0.0 42.0 0.0 649.0 4.0 2.0 0.5208333333333333
45 35 46 0.0 0.0 0.0 0.0 42.0 0.0 0.0 0.6856023506366307
45 36 35 0.0 0.0 0.0 0.0 19.0 0.0 0.0 0.6934125804853887
45 36 36 0.0 0.0 0.0 0.0 47.0 0.0 0.0 0.6839276990718123
45 36 37 0.0 0.0 92.0 0.0 2106.0 17.0 27.0 0.33484812245874185
45 36 38 0.0 0.0 219.0 0.0 4617.0 17.0 228.0 0.20521841102316032
45 36 39 0.0 0.0 672.0 0.0 11305.0 27.0 4612.0 0.10026498603451979
45 36 40 0.0 0.0 539.0 0.0 9823.0 24.0 2217.0 0.11333279365336353
45 36 41 0.0 0.0 795.0 0.0 11946.0 27.0 6190.0 0.09499253630071922
45 36 42 0.0 0.0 285.0 0.0 7045.0 18.0 847.0 0.15029522275899085
45 36 43 0.0 0.0 541.0 0.0 10445.0 23.0 3517.0 0.10793308148947652
45 36 44 0.0 0.0 244.0 0.0 5895.0 18.0 453.0 0.1723076923076923
45 36 45 0.0 0.0 115.0 0.0 3032.0 17.0 68.0 0.2729044834307992
45 36 46 0.0 0.0 6.0 0.0 108.0 3.0 0.0 0.6631927996210326
45 37 33 0.0 0.0 12.0 0.0 140.0 5.0 0.0 0.6520726595249184
45 37 34 0.0 0.0 14.0 0.0 368.0 5.0 0.0 0.5889777029869583
45 37 35 0.0 0.0 38.0 0.0 1052.0 6.0 5.0 0.4539559014267185
45 37 36 0.0 0.0 370.0 0.0 7753.0 18.0 1208.0 0.13844936708860756
45 37 37 0.0 0.0 200.0 0.0 4775.0 22.0 266.0 0.20129403306973398
45 37 38 0.0 0.0 357.0 0.0 7447.0 20.0 909.0 0.1429154757043691
45 37 39 0.0 0.0 983.0 0.0 12591.0 40.0 8946.0 0.08998007584034963
45 37 40 0.0 0.0 1328.0 0.0 12769.0 34.0 17129.0 0.08705384902375325
45 37 41 0.0 0.0 914.0 0.0 12416.0 37.0 7719.0 0.09137188356611407
45 37 42 0.0 0.0 1229.0 0.0 12353.0 36.0 16645.0 0.08988764044943819
45 37 43 0.0 0.0 718.0 0.0 11580.0 21.0 4474.0 0.097929490766648
45 37 44 0.0 0.0 770.0 0.0 11643.0 30.0 7946.0 0.09717498438259178
45 37 45 0.0 0.0 501.0 0.0 9340.0 24.0 2107.0 0.11838322340605444
45 37 46 0.0 0.0 4.0 0.0 217.0 0.0 0.0 0.6303466906798738
45 37 47 0.0 0.0 0.0 0.0 1.0 0.0 0.0 0.6996501749125437
45 38 33 0.0 0.0 6.0 0.0 173.0 1.0 0.0 0.6427915518824608
45 38 34 0.0 0.0 43.0 0.0 1196.0 7.0 8.0 0.43316831683168305
45 38 35 0.0 0.0 179.0 0.0 4003.0 28.0 150.0 0.2274204028589993
45 38 36 0.0 0.0 283.0 0.0 6756.0 16.0 774.0 0.15505593088935649
45 38 37 0.0 0.0 303.0 0.0 7159.0 22.0 935.0 0.14827367083245072
45 38 38 0.0 0.0 391.0 0.0 8133.0 24.0 1255.0 0.1333079413445058
45 38 39 0.0 0.0 581.0 0.0 10392.0 23.0 3003.0 0.10804970286331711
45 38 40 0.0 0.0 597.0 0.0 10852.0 21.0 3826.0 0.1041279285979918
45 38 41 0.0 0.0 1203.0 0.0 12973.0 36.0 13366.0 0.08651588184402421
45 38 42 0.0 0.0 948.0 0.0 12689.0 30.0 7992.0 0.08954842011001661
45 38 43 0.0 0.0 1148.0 0.0 12604.0 31.0 13218.0 0.08886631966484702
45 38 44 0.0 0.0 355.0 0.0 7227.0 21.0 868.0 0.14635166213673423
45 38 45 0.0 0.0 659.0 0.0 11225.0 38.0 4249.0 0.101010101010101
45 38 46 0.0 0.0 2.0 0.0 153.0 0.0 0.0 0.649953574744661
45 38 47 0.0 0.0 0.0 0.0 13.0 0.0 0.0 0.695479384003974
45 39 33 0.0 0.0 0.0 0.0 98.0 1.0 1.0 0.6679389312977099
45 39 34 0.0 0.0 607.0 0.0 10663.0 27.0 3841.0 0.10553294135383687
45 39 35 0.0 0.0 1027.0 0.0 12543.0 20.0 11313.0 0.08981267641775724
45 39 36 0.0 0.0 722.0 0.0 11331.0 30.0 4278.0 0.09966540898412471
45 39 37 0.0 0.0 816.0 0.0 12053.0 31.0 6881.0 0.09423167530457023
45 39 38 0.0 0.0 729.0 0.0 11407.0 17.0 5248.0 0.09903091179175214
45 39 39 0.0 0.0 465.0 0.0 8587.0 19.0 1339.0 0.1268345714803406
45 39 40 0.0 0.0 828.0 0.0 12130.0 29.0 7092.0 0.09363922145675872
45 39 41 0.0 0.0 1031.0 0.0 12661.0 34.0 10783.0 0.0892800204068618
45 39 42 0.0 0.0 1055.0 0.0 12623.0 43.0 10104.0 0.08942829766847651
45 39 43 0.0 0.0 845.0 0.0 12190.0 31.0 7258.0 0.0931408422593307
45 39 44 0.0 0.0 599.0 0.0 10387.0 20.0 2907.0 0.1078499345196826
45 39 45 0.0 0.0 315.0 0.0 7101.0 15.0 917.0 0.14885699096225408
45 39 46 0.0 0.0 22.0 0.0 785.0 3.0 7.0 0.4992867332382311
45 39 47 0.0 0.0 1.0 0.0 17.0 0.0 0.0 0.6937561942517343
45 40 33 0.0 0.0 34.0 0.0 661.0 11.0 0.0 0.5216095380029805
45 40 34 0.0 0.0 272.0 0.0 5947.0 20.0 465.0 0.1706692673412166
45 40 35 0.0 0.0 447.0 0.0 9041.0 25.0 1975.0 0.1220362622036262
45 40 36 0.0 0.0 548.0 0.0 9951.0 22.0 2446.0 0.11205378581719223
45 40 37 0.0 0.0 941.0 0.0 12381.0 32.0 10062.0 0.09137188356611407
45 40 38 0.0 0.0 571.0 0.0 10426.0 29.0 3609.0 0.10789149198520344
45 40 39 0.0 0.0 623.0 0.0 10735.0 39.0 3439.0 0.10499475026248688
45 40 40 0.0 0.0 868.0 0.0 12197.0 38.0 6423.0 0.09306654257794322
45 40 41 0.0 0.0 833.0 0.0 12233.0 30.0 5809.0 0.09299236134174692
45 40 42 0.0 0.0 1408.0 0.0 13159.0 38.0 17655.0 0.08444927011702255
45 40 43 0.0 0.0 659.0 0.0 11056.0 26.0 3632.0 0.10217486498321411
45 40 44 0.0 0.0 626.0 0.0 11042.0 22.0 4624.0 0.10247401551749376
45 40 45 0.0 0.0 1246.0 0.0 12551.0 41.0 16558.0 0.08866932674646906
45 40 46 0.0 0.0 73.0 0.0 1790.0 11.0 26.0 0.3634475597092419
45 40 47 0.0 0.0 0.0 0.0 16.0 0.0 0.0 0.6944444444444444
45 41 33 0.0 0.0 1.0 0.0 39.0 0.0 0.0 0.6862745098039215
45 41 34 0.0 0.0 106.0 0.0 1932.0 20.0 21.0 0.34843205574912883
45 41 35 0.0 0.0 496.0 0.0 9453.0 26.0 2344.0 0.11730205278592375
45 41 36 0.0 0.0 903.0 0.0 12259.0 32.0 8027.0 0.09241534094659713
45 41 37 0.0 0.0 539.0 0.0 10061.0 30.0 2763.0 0.1112523839796567
45 41 38 0.0 0.0 615.0 0.0 10256.0 23.0 2571.0 0.10883930653813262
45 41 39 0.0 0.0 935.0 0.0 12523.0 37.0 8511.0 0.09062661833247021
45 41 40 0.0 0.0 973.0 0.0 12567.0 41.0 9725.0 0.09015971148892322
45 41 41 0.0 0.0 975.0 0.0 12800.0 28.0 9479.0 0.08875927217396817
45 41 42 0.0 0.0 845.0 0.0 12107.0 32.0 7064.0 0.0937269866773783
45 41 43 0.0 0.0 1101.0 0.0 12700.0 34.0 12014.0 0.08865248226950354
45 41 44 0.0 0.0 548.0 0.0 9718.0 20.0 2413.0 0.11422044545973728
45 41 45 0.0 0.0 145.0 0.0 3735.0 19.0 129.0 0.23878560463926313
45 41 46 0.0 0.0 38.0 0.0 1027.0 8.0 13.0 0.4579653254824991
45 41 47 0.0 0.0 0.0 0.0 9.0 0.0 0.0 0.6968641114982577
45 42 33 0.0 0.0 0.0 0.0 2.0 0.0 0.0 0.6993006993006992
45 42 34 0.0 0.0 19.0 0.0 646.0 5.0 1.0 0.5263157894736842
45 42 35 0.0 0.0 510.0 0.0 9496.0 21.0 2107.0 0.11677370923346399
45 42 36 0.0 0.0 1040.0 0.0 12382.0 28.0 12439.0 0.09078529278256921
45 42 37 0.0 0.0 373.0 0.0 7414.0 18.0 834.0 0.14322250639386186
45 42 38 0.0 0.0 390.0 0.0 8021.0 31.0 1178.0 0.13482280431432972
45 42 39 0.0 0.0 437.0 0.0 8894.0 22.0 1666.0 0.12370769638596799
45 42 40 0.0 0.0 630.0 0.0 10671.0 25.0 3305.0 0.10532651218778212
45 42 41 0.0 0.0 636.0 0.0 10882.0 35.0 3606.0 0.10373443983402489
45 42 42 0.0 0.0 991.0 0.0 12373.0 23.0 10623.0 0.09106283335501494
45 42 43 0.0 0.0 422.0 0.0 8580.0 27.0 1596.0 0.1274581209031318
45 42 44 0.0 0.0 340.0 0.0 7627.0 21.0 1005.0 0.14064697609001403
45 42 45 0.0 0.0 182.0 0.0 3774.0 21.0 116.0 0.23592854735422983
45 42 46 0.0 0.0 2.0 0.0 121.0 0.0 0.0 0.6594441827602449
45 42 47 0.0 0.0 0.0 0.0 4.0 0.0 0.0 0.6986027944111775
45 43 33 0.0 0.0 0.0 0.0 4.0 0.0 0.0 0.6986027944111775
45 43 34 0.0 0.0 23.0 0.0 562.0 6.0 1.0 0.5428460643660332
45 43 35 0.0 0.0 648.0 0.0 11104.0 24.0 5133.0 0.10183299389002036
45 43 36 0.0 0.0 281.0 0.0 6787.0 14.0 857.0 0.15459363957597172
45 43 37 0.0 0.0 1287.0 0.0 12770.0 36.0 15358.0 0.08716224629560453
45 43 38 0.0 0.0 530.0 0.0 10013.0 23.0 2707.0 0.1116872756282409
45 43 39 0.0 0.0 470.0 0.0 9156.0 23.0 1967.0 0.12057531651020582
45 43 40 0.0 0.0 374.0 0.0 7609.0 20.0 997.0 0.1404776239213325
45 43 41 0.0 0.0 301.0 0.0 6358.0 29.0 616.0 0.16220600162206
45 43 42 0.0 0.0 214.0 0.0 5635.0 17.0 442.0 0.17861699413115587
45 43 43 0.0 0.0 272.0 0.0 5605.0 17.0 401.0 0.1779811848461734
45 43 44 0.0 0.0 11.0 0.0 425.0 1.0 1.0 0.5758946935417523
45 43 45 0.0 0.0 8.0 0.0 231.0 0.0 1.0 0.6252791424743188
45 43 46 0.0 0.0 1.0 0.0 20.0 1.0 0.0 0.6930693069306929
45 44 33 0.0 0.0 0.0 0.0 10.0 0.0 0.0 0.6965174129353233
45 44 34 0.0 0.0 264.0 0.0 5576.0 22.0 395.0 0.1790052422963815
45 44 35 0.0 0.0 93.0 0.0 2049.0 13.0 29.0 0.33914728682170536
45 44 36 0.0 0.0 210.0 0.0 4370.0 22.0 205.0 0.2133821063862216
45 44 37 0.0 0.0 85.0 0.0 2629.0 13.0 47.0 0.2978089768134439
45 44 38 0.0 0.0 367.0 0.0 7950.0 24.0 1212.0 0.13590913503543345
45 44 39 0.0 0.0 91.0 0.0 2658.0 20.0 53.0 0.29598308668076106
45 44 40 0.0 0.0 84.0 0.0 2321.0 13.0 35.0 0.3188339785925757
45 44 41 0.0 0.0 199.0 0.0 4611.0 19.0 274.0 0.20606417427141593
45 44 42 0.0 0.0 74.0 0.0 1780.0 13.0 16.0 0.3645833333333333
45 44 43 0.0 0.0 125.0 0.0 2661.0 21.0 53.0 0.29380902413431265
45 44 44 0.0 0.0 3.0 0.0 253.0 0.0 0.0 0.6208425720620842
45 44 45 0.0 0.0 41.0 0.0 1006.0 2.0 5.0 0.4597701149425287
45 44 46 0.0 0.0 6.0 0.0 41.0 2.0 0.0 0.6845965770171147
45 45 33 0.0 0.0 0.0 0.0 4.0 0.0 0.0 0.6986027944111775
45 45 34 0.0 0.0 0.0 0.0 2.0 0.0 0.0 0.6993006993006992
45 45 35 0.0 0.0 0.0 0.0 20.0 0.0 0.0 0.6934125804853887
45 45 36 0.0 0.0 7.0 0.0 126.0 4.0 0.0 0.6575857209957726
45 45 37 0.0 0.0 2.0 0.0 137.0 1.0 0.0 0.6551240056153486
45 45 38 0.0 0.0 1.0 0.0 70.0 0.0 0.0 0.6760019314340897
45 45 39 0.0 0.0 1.0 0.0 62.0 1.0 0.0 0.6789524733268669
45 45 40 0.0 0.0 241.0 0.0 5256.0 21.0 319.0 0.1872408720074896
45 45 41 0.0 0.0 3.0 0.0 227.0 0.0 0.0 0.6278026905829596
45 45 42 0.0 0.0 0.0 0.0 39.0 0.0 0.0 0.6866110838646394
45 45 43 0.0 0.0 0.0 0.0 2.0 0.0 0.0 0.6993006993006992
45 46 35 0.0 0.0 0.0 0.0 10.0 0.0 0.0 0.6965174129353233
45 46 36 0.0 0.0 0.0 0.0 2.0 0.0 0.0 0.6993006993006992
45 46 37 0.0 0.0 2.0 0.0 55.0 0.0 0.0 0.6806028196402526
45 46 38 0.0 0.0 0.0 0.0 4.0 0.0 0.0 0.6986027944111775
45 46 39 0.0 0.0 6.0 0.0 204.0 1.0 0.0 0.6337709370755997
45 46 40 0.0 0.0 0.0 0.0 25.0 0.0 0.0 0.6913580246913579
45 46 41 0.0 0.0 0.0 0.0 19.0 0.0 0.0 0.6934125804853887
45 46 42 0.0 0.0 0.0 0.0 2.0 0.0 0.0 0.6993006993006992
45 47 39 0.0 0.0 0.0 0.0 1.0 0.0 0.0 0.6996501749125437
45 48 41 0.0 0.0 0.0 0.0 1.0 0.0 0.0 0.6996501749125437
46 33 37 0.0 0.0 0.0 0.0 3.0 0.0 0.0 0.6989515726410384
46 33 38 0.0 0.0 1.0 0.0 20.0 1.0 0.0 0.6930693069306929
46 33 39 0.0 0.0 0.0 0.0 1.0 0.0 0.0 0.6996501749125437
46 33 41 0.0 0.0 0.0 0.0 2.0 0.0 0.0 0.6993006993006992
46 34 38 0.0 0.0 0.0 0.0 4.0 0.0 0.0 0.6986027944111775
46 34 39 0.0 0.0 0.0 0.0 8.0 0.0 0.0 0.697211155378486
46 34 40 0.0 0.0 0.0 0.0 10.0 0.0 0.0 0.6968641114982577
46 34 41 0.0 0.0 31.0 0.0 590.0 5.0 2.0 0.5351681957186544
46 34 42 0.0 0.0 69.0 0.0 1729.0 12.0 16.0 0.3697834125726359
46 34 43 0.0 0.0 8.0 0.0 107.0 2.0 0.0 0.6625650733554187
46 34 44 0.0 0.0 1.0 0.0 18.0 0.0 0.0 0.6934125804853887
46 35 37 0.0 0.0 0.0 0.0 8.0 0.0 0.0 0.697211155378486
46 35 38 0.0 0.0 1.0 0.0 59.0 0.0 0.0 0.6796116504854368
46 35 39 0.0 0.0 103.0 0.0 2042.0 12.0 26.0 0.3386550556361877
46 35 40 0.0 0.0 298.0 0.0 5736.0 19.0 374.0 0.17460713394861557
46 35 41 0.0 0.0 53.0 0.0 1016.0 12.0 3.0 0.4579653254824991
46 35 42 0.0 0.0 327.0 0.0 7279.0 20.0 906.0 0.1459245361684386
46 35 43 0.0 0.0 29.0 0.0 811.0 5.0 4.0 0.49400141143260407
46 35 44 0.0 0.0 11.0 0.0 290.0 2.0 0.0 0.6089604175728577
46 35 45 0.0 0.0 8.0 0.0 141.0 3.0 0.0 0.6523765144454798
46 36 35 0.0 0.0 0.0 0.0 6.0 0.0 0.0 0.6979062811565303
46 36 36 0.0 0.0 0.0 0.0 14.0 0.0 0.0 0.6951340615690167
46 36 37 0.0 0.0 0.0 0.0 33.0 0.0 0.0 0.6886374815543531
46 36 38 0.0 0.0 99.0 0.0 2852.0 11.0 70.0 0.28340080971659914
46 36 39 0.0 0.0 25.0 0.0 962.0 3.0 6.0 0.4693261816962789
46 36 40 0.0 0.0 479.0 0.0 9296.0 27.0 2127.0 0.11902737629654818
46 36 41 0.0 0.0 196.0 0.0 4451.0 15.0 194.0 0.21109770808202652
46 36 42 0.0 0.0 216.0 0.0 5161.0 10.0 376.0 0.1900108577633007
46 36 43 0.0 0.0 121.0 0.0 3145.0 14.0 93.0 0.26656511805026656
46 36 44 0.0 0.0 95.0 0.0 2169.0 12.0 32.0 0.32925682031984943
46 36 45 0.0 0.0 5.0 0.0 145.0 2.0 0.0 0.6517690875232773
46 36 46 0.0 0.0 0.0 0.0 14.0 0.0 0.0 0.6951340615690167
46 37 33 0.0 0.0 6.0 0.0 77.0 1.0 0.0 0.6724303554274734
46 37 34 0.0 0.0 0.0 0.0 10.0 0.0 0.0 0.6965174129353233
46 37 35 0.0 0.0 0.0 0.0 25.0 0.0 0.0 0.6916996047430829
46 37 36 0.0 0.0 3.0 0.0 61.0 0.0 0.0 0.6782945736434108
46 37 37 0.0 0.0 2.0 0.0 111.0 1.0 0.0 0.6628787878787878
46 37 38 0.0 0.0 112.0 0.0 2963.0 9.0 80.0 0.27629761199921055
46 37 39 0.0 0.0 448.0 0.0 8737.0 22.0 1639.0 0.1252684323550465
46 37 40 0.0 0.0 264.0 0.0 5785.0 19.0 463.0 0.17430278884462147
46 37 41 0.0 0.0 343.0 0.0 6750.0 24.0 617.0 0.15430397883831146
46 37 42 0.0 0.0 399.0 0.0 7801.0 24.0 1039.0 0.1374840420308357
46 37 43 0.0 0.0 360.0 0.0 6862.0 28.0 692.0 0.15217391304347822
46 37 44 0.0 0.0 105.0 0.0 3000.0 15.0 94.0 0.2751031636863824
46 37 45 0.0 0.0 13.0 0.0 416.0 2.0 2.0 0.5766062602965403
46 37 46 0.0 0.0 19.0 0.0 570.0 4.0 2.0 0.541586073500967
46 38 33 0.0 0.0 24.0 0.0 536.0 6.0 4.0 0.547945205479452
46 38 34 0.0 0.0 133.0 0.0 3442.0 13.0 100.0 0.25170801869830994
46 38 35 0.0 0.0 214.0 0.0 4298.0 26.0 181.0 0.21571648690292755
46 38 36 0.0 0.0 87.0 0.0 1813.0 8.0 15.0 0.3597122302158273
46 38 37 0.0 0.0 229.0 0.0 4559.0 14.0 176.0 0.20664206642066418
46 38 38 0.0 0.0 356.0 0.0 7753.0 23.0 1117.0 0.1387237415774871
46 38 39 0.0 0.0 354.0 0.0 7192.0 18.0 833.0 0.14675052410901468
46 38 40 0.0 0.0 167.0 0.0 4354.0 20.0 231.0 0.21525215252152516
46 38 41 0.0 0.0 496.0 0.0 9598.0 31.0 2514.0 0.1159324279562769
46 38 42 0.0 0.0 368.0 0.0 7060.0 19.0 673.0 0.14871468026343743
46 38 43 0.0 0.0 241.0 0.0 5360.0 24.0 353.0 0.18476969776956575
46 38 44 0.0 0.0 197.0 0.0 4882.0 16.0 248.0 0.19810386302532895
46 38 45 0.0 0.0 160.0 0.0 3721.0 29.0 105.0 0.2392344497607655
46 38 46 0.0 0.0 7.0 0.0 185.0 3.0 0.0 0.639561443581544
46 38 47 0.0 0.0 0.0 0.0 9.0 0.0 0.0 0.6968641114982577
46 39 33 0.0 0.0 4.0 0.0 160.0 1.0 0.0 0.6472491909385112
46 39 34 0.0 0.0 31.0 0.0 901.0 9.0 5.0 0.47895997263085865
46 39 35 0.0 0.0 289.0 0.0 5937.0 25.0 457.0 0.17060687301974164
46 39 36 0.0 0.0 274.0 0.0 5848.0 21.0 402.0 0.17283950617283947
46 39 37 0.0 0.0 192.0 0.0 4371.0 19.0 204.0 0.2138710663000305
46 39 38 0.0 0.0 60.0 0.0 2057.0 12.0 24.0 0.3410475030450669
46 39 39 0.0 0.0 103.0 0.0 2680.0 19.0 53.0 0.2939323955490237
46 39 40 0.0 0.0 60.0 0.0 1692.0 12.0 14.0 0.374331550802139
46 39 41 0.0 0.0 512.0 0.0 9607.0 24.0 2157.0 0.11560693641618495
46 39 42 0.0 0.0 350.0 0.0 7432.0 20.0 907.0 0.14335449518738477
46 39 43 0.0 0.0 525.0 0.0 10066.0 24.0 2908.0 0.11134086209638935
46 39 44 0.0 0.0 600.0 0.0 10648.0 30.0 3635.0 0.10585210948132465
46 39 45 0.0 0.0 276.0 0.0 5875.0 19.0 389.0 0.17211703958691907
46 39 46 0.0 0.0 278.0 0.0 6048.0 19.0 496.0 0.1684717208182912
46 39 47 0.0 0.0 0.0 0.0 10.0 0.0 0.0 0.6965174129353233
46 40 33 0.0 0.0 7.0 0.0 156.0 3.0 0.0 0.648148148148148
46 40 34 0.0 0.0 423.0 0.0 8411.0 20.0 1407.0 0.1293422025129342
46 40 35 0.0 0.0 62.0 0.0 1863.0 9.0 32.0 0.3575076608784473
46 40 36 0.0 0.0 94.0 0.0 2394.0 14.0 49.0 0.31291908806437185
46 40 37 0.0 0.0 126.0 0.0 3539.0 10.0 141.0 0.24752475247524747
46 40 38 0.0 0.0 393.0 0.0 8095.0 21.0 1247.0 0.13357504054956587
46 40 39 0.0 0.0 343.0 0.0 7247.0 25.0 896.0 0.14618356479064423
46 40 40 0.0 0.0 171.0 0.0 3510.0 18.0 88.0 0.24717514124293782
46 40 41 0.0 0.0 397.0 0.0 7790.0 31.0 1122.0 0.1377410468319559
46 40 42 0.0 0.0 182.0 0.0 4252.0 22.0 166.0 0.21834061135371177
46 40 43 0.0 0.0 505.0 0.0 9414.0 27.0 1853.0 0.11759764804703904
46 40 44 0.0 0.0 195.0 0.0 4893.0 16.0 299.0 0.19782393669634024
46 40 45 0.0 0.0 465.0 0.0 9015.0 16.0 1914.0 0.12205754141238011
46 40 46 0.0 0.0 287.0 0.0 6096.0 14.0 494.0 0.16716417910447756
46 40 47 0.0 0.0 7.0 0.0 80.0 2.0 0.0 0.6714628297362109
46 41 33 0.0 0.0 0.0 0.0 16.0 0.0 0.0 0.6944444444444444
46 41 34 0.0 0.0 0.0 0.0 77.0 1.0 0.0 0.6746987951807227
46 41 35 0.0 0.0 85.0 0.0 2263.0 13.0 34.0 0.323027226580526
46 41 36 0.0 0.0 495.0 0.0 9931.0 20.0 2749.0 0.11276681433749496
46 41 37 0.0 0.0 358.0 0.0 7364.0 25.0 895.0 0.14431501907019895
46 41 38 0.0 0.0 61.0 0.0 1741.0 11.0 18.0 0.3693931398416886
46 41 39 0.0 0.0 141.0 0.0 2727.0 15.0 48.0 0.288421920065925
46 41 40 0.0 0.0 254.0 0.0 5776.0 23.0 398.0 0.17484700886724117
46 41 41 0.0 0.0 558.0 0.0 10395.0 28.0 3586.0 0.10814986481266897
46 41 42 0.0 0.0 212.0 0.0 5246.0 16.0 340.0 0.18802041364491
46 41 43 0.0 0.0 321.0 0.0 7057.0 16.0 817.0 0.1494927923117992
46 41 44 0.0 0.0 570.0 0.0 10289.0 24.0 2947.0 0.1089578955560744
46 41 45 0.0 0.0 156.0 0.0 3928.0 12.0 187.0 0.2304526748971193
46 41 46 0.0 0.0 156.0 0.0 3533.0 15.0 105.0 0.24673951357067322
46 41 47 0.0 0.0 4.0 0.0 62.0 0.0 0.0 0.6776379477250725
46 42 33 0.0 0.0 0.0 0.0 1.0 0.0 0.0 0.6996501749125437
46 42 34 0.0 0.0 27.0 0.0 566.0 9.0 0.0 0.5417956656346749
46 42 35 0.0 0.0 220.0 0.0 4488.0 20.0 218.0 0.20917376363364706
46 42 36 0.0 0.0 321.0 0.0 7166.0 26.0 830.0 0.1479289940828402
46 42 37 0.0 0.0 108.0 0.0 2935.0 10.0 78.0 0.278164116828929
46 42 38 0.0 0.0 481.0 0.0 9181.0 21.0 1955.0 0.12017167381974247
46 42 39 0.0 0.0 429.0 0.0 7936.0 25.0 1017.0 0.13525263259588444
46 42 40 0.0 0.0 116.0 0.0 3310.0 16.0 108.0 0.25878003696857665
46 42 41 0.0 0.0 297.0 0.0 6093.0 22.0 458.0 0.16720410844380748
46 42 42 0.0 0.0 388.0 0.0 7546.0 16.0 902.0 0.14108636501058147
46 42 43 0.0 0.0 294.0 0.0 6920.0 15.0 729.0 0.15214083894805475
46 42 44 0.0 0.0 69.0 0.0 1638.0 9.0 11.0 0.37858301784748505
46 42 45 0.0 0.0 16.0 0.0 666.0 3.0 3.0 0.522583053378126
46 42 46 0.0 0.0 0.0 0.0 8.0 0.0 0.0 0.697211155378486
46 42 47 0.0 0.0 0.0 0.0 2.0 0.0 0.0 0.6993006993006992
46 43 33 0.0 0.0 0.0 0.0 10.0 0.0 0.0 0.6965174129353233
46 43 34 0.0 0.0 143.0 0.0 3851.0 13.0 148.0 0.23407456946998825
46 43 35 0.0 0.0 282.0 0.0 6129.0 20.0 480.0 0.16678579938050983
46 43 36 0.0 0.0 281.0 0.0 5948.0 27.0 468.0 0.17060687301974164
46 43 37 0.0 0.0 264.0 0.0 6449.0 20.0 744.0 0.16088255573431393
46 43 38 0.0 0.0 21.0 0.0 933.0 7.0 8.0 0.4752206381534283
46 43 39 0.0 0.0 23.0 0.0 493.0 5.0 2.0 0.5575467941059339
46 43 40 0.0 0.0 93.0 0.0 2572.0 9.0 43.0 0.30062271848829714
46 43 41 0.0 0.0 112.0 0.0 2308.0 15.0 38.0 0.31774852473899223
46 43 42 0.0 0.0 198.0 0.0 4555.0 12.0 235.0 0.20771513353115723
46 43 43 0.0 0.0 45.0 0.0 1326.0 4.0 10.0 0.41580041580041577
46 43 44 0.0 0.0 34.0 0.0 716.0 5.0 3.0 0.510204081632653
46 43 45 0.0 0.0 0.0 0.0 6.0 0.0 0.0 0.6979062811565303
46 43 46 0.0 0.0 6.0 0.0 33.0 2.0 0.0 0.6872852233676975
46 44 33 0.0 0.0 0.0 0.0 8.0 0.0 0.0 0.697211155378486
46 44 34 0.0 0.0 87.0 0.0 2148.0 13.0 24.0 0.3315963998105163
46 44 35 0.0 0.0 0.0 0.0 61.0 1.0 0.0 0.6796116504854368
46 44 36 0.0 0.0 30.0 0.0 1025.0 10.0 8.0 0.45992115637319314
46 44 37 0.0 0.0 171.0 0.0 3641.0 14.0 110.0 0.24146257330113827
46 44 38 0.0 0.0 67.0 0.0 1385.0 11.0 9.0 0.4067402672864613
46 44 39 0.0 0.0 0.0 0.0 63.0 0.0 0.0 0.6786233640329616
46 44 40 0.0 0.0 3.0 0.0 90.0 1.0 0.0 0.6692160611854684
46 44 41 0.0 0.0 2.0 0.0 91.0 0.0 0.0 0.668896321070234
46 44 42 0.0 0.0 6.0 0.0 179.0 4.0 0.0 0.6419073819348922
46 44 43 0.0 0.0 0.0 0.0 15.0 0.0 0.0 0.694789081885856
46 44 44 0.0 0.0 0.0 0.0 3.0 0.0 0.0 0.6989515726410384
46 45 33 0.0 0.0 0.0 0.0 3.0 0.0 0.0 0.6989515726410384
46 45 34 0.0 0.0 0.0 0.0 4.0 0.0 0.0 0.6986027944111775
46 45 35 0.0 0.0 0.0 0.0 5.0 0.0 0.0 0.6982543640897755
46 45 36 0.0 0.0 0.0 0.0 7.0 0.0 0.0 0.6975585450921773
46 45 37 0.0 0.0 0.0 0.0 9.0 0.0 0.0 0.6968641114982577
46 45 38 0.0 0.0 0.0 0.0 7.0 0.0 0.0 0.6975585450921773
46 45 39 0.0 0.0 0.0 0.0 15.0 0.0 0.0 0.694789081885856
46 45 40 0.0 0.0 0.0 0.0 9.0 0.0 0.0 0.6968641114982577
46 45 41 0.0 0.0 0.0 0.0 6.0 0.0 0.0 0.6979062811565303
46 45 42 0.0 0.0 0.0 0.0 4.0 0.0 0.0 0.6986027944111775
46 46 39 0.0 0.0 0.0 0.0 2.0 0.0 0.0 0.6993006993006992
46 46 40 0.0 0.0 0.0 0.0 7.0 0.0 0.0 0.6975585450921773
46 46 41 0.0 0.0 0.0 0.0 2.0 0.0 0.0 0.6993006993006992
47 33 40 0.0 0.0 0.0 0.0 1.0 0.0 0.0 0.6996501749125437
47 33 41 0.0 0.0 0.0 0.0 2.0 0.0 0.0 0.6993006993006992
47 34 39 0.0 0.0 0.0 0.0 1.0 0.0 0.0 0.6996501749125437
47 34 40 0.0 0.0 0.0 0.0 4.0 0.0 0.0 0.6986027944111775
47 34 41 0.0 0.0 0.0 0.0 14.0 0.0 0.0 0.6951340615690167
47 34 42 0.0 0.0 0.0 0.0 7.0 0.0 0.0 0.6975585450921773
47 34 43 0.0 0.0 0.0 0.0 8.0 1.0 0.0 0.6975585450921773
47 35 37 0.0 0.0 3.0 0.0 42.0 1.0 0.0 0.684931506849315
47 35 38 0.0 0.0 0.0 0.0 1.0 0.0 0.0 0.6996501749125437
47 35 39 0.0 0.0 0.0 0.0 24.0 0.0 0.0 0.6916996047430829
47 35 40 0.0 0.0 8.0 0.0 321.0 2.0 0.0 0.6016330038676406
47 35 41 0.0 0.0 34.0 0.0 602.0 8.0 3.0 0.5327245053272449
47 35 42 0.0 0.0 2.0 0.0 43.0 0.0 0.0 0.6845965770171147
47 35 43 0.0 0.0 1.0 0.0 24.0 0.0 0.0 0.6913580246913579
47 35 44 0.0 0.0 0.0 0.0 1.0 0.0 0.0 0.6996501749125437
47 36 37 0.0 0.0 0.0 0.0 1.0 0.0 0.0 0.6996501749125437
47 36 38 0.0 0.0 73.0 0.0 1613.0 15.0 17.0 0.3813674748025061
47 36 39 0.0 0.0 52.0 0.0 956.0 11.0 3.0 0.4672897196261681
47 36 40 0.0 0.0 75.0 0.0 1447.0 15.0 13.0 0.39920159680638717
47 36 41 0.0 0.0 40.0 0.0 899.0 10.0 3.0 0.4779788323659951
47 36 42 0.0 0.0 0.0 0.0 62.0 3.0 0.0 0.6799417192812044
47 36 43 0.0 0.0 6.0 0.0 130.0 1.0 0.0 0.6557377049180326
47 36 44 0.0 0.0 0.0 0.0 9.0 0.0 0.0 0.6968641114982577
47 37 34 0.0 0.0 12.0 0.0 260.0 1.0 0.0 0.6164685160722148
47 37 35 0.0 0.0 1.0 0.0 6.0 1.0 0.0 0.6979062811565303
47 37 36 0.0 0.0 0.0 0.0 2.0 0.0 0.0 0.6993006993006992
47 37 37 0.0 0.0 0.0 0.0 22.0 0.0 0.0 0.6923837784371908
47 37 38 0.0 0.0 21.0 0.0 362.0 5.0 0.0 0.5887300252312867
47 37 39 0.0 0.0 7.0 0.0 166.0 0.0 0.0 0.6451612903225805
47 37 40 0.0 0.0 101.0 0.0 2135.0 9.0 27.0 0.3312041637094866
47 37 41 0.0 0.0 20.0 0.0 429.0 4.0 1.0 0.5730659025787964
47 37 42 0.0 0.0 5.0 0.0 177.0 3.0 0.0 0.6424965580541532
47 37 43 0.0 0.0 1.0 0.0 32.0 0.0 0.0 0.6886374815543531
47 37 44 0.0 0.0 0.0 0.0 17.0 0.0 0.0 0.694100148735746
47 37 45 0.0 0.0 4.0 0.0 99.0 3.0 0.0 0.6666666666666665
47 38 34 0.0 0.0 0.0 0.0 7.0 0.0 0.0 0.6975585450921773
47 38 35 0.0 0.0 6.0 0.0 142.0 2.0 0.0 0.6523765144454798
47 38 36 0.0 0.0 13.0 0.0 171.0 4.0 0.0 0.6422018348623851
47 38 37 0.0 0.0 8.0 0.0 131.0 1.0 0.0 0.6548175865294666
47 38 38 0.0 0.0 25.0 0.0 676.0 8.0 2.0 0.5198663200891199
47 38 39 0.0 0.0 3.0 0.0 84.0 1.0 0.0 0.6714628297362109
47 38 40 0.0 0.0 0.0 0.0 59.0 0.0 0.0 0.6799417192812044
47 38 41 0.0 0.0 17.0 0.0 416.0 3.0 1.0 0.5761316872427983
47 38 42 0.0 0.0 32.0 0.0 591.0 12.0 1.0 0.5361930294906165
47 38 43 0.0 0.0 9.0 0.0 239.0 1.0 0.0 0.6230529595015576
47 38 44 0.0 0.0 68.0 0.0 1510.0 8.0 6.0 0.39215686274509803
47 38 45 0.0 0.0 0.0 0.0 24.0 0.0 0.0 0.6916996047430829
47 38 46 0.0 0.0 0.0 0.0 9.0 0.0 0.0 0.6968641114982577
47 38 47 0.0 0.0 0.0 0.0 1.0 0.0 0.0 0.6996501749125437
47 39 33 0.0 0.0 0.0 0.0 10.0 0.0 0.0 0.6965174129353233
47 39 34 0.0 0.0 0.0 0.0 19.0 0.0 0.0 0.6934125804853887
47 39 35 0.0 0.0 16.0 0.0 321.0 5.0 1.0 0.6003430531732418
47 39 36 0.0 0.0 1.0 0.0 44.0 0.0 0.0 0.6845965770171147
47 39 37 0.0 0.0 0.0 0.0 13.0 0.0 0.0 0.6958250497017892
47 39 38 0.0 0.0 74.0 0.0 1669.0 14.0 23.0 0.3754357736658621
47 39 39 0.0 0.0 14.0 0.0 336.0 5.0 0.0 0.5975245411865129
47 39 40 0.0 0.0 2.0 0.0 143.0 1.0 0.0 0.6529850746268656
47 39 41 0.0 0.0 43.0 0.0 850.0 11.0 0.0 0.48577376821651624
47 39 42 0.0 0.0 5.0 0.0 138.0 1.0 0.0 0.65359477124183
47 39 43 0.0 0.0 10.0 0.0 436.0 3.0 1.0 0.5730659025787964
47 39 44 0.0 0.0 21.0 0.0 439.0 5.0 2.0 0.570264765784114
47 39 45 0.0 0.0 66.0 0.0 1624.0 11.0 11.0 0.38064165307232184
47 39 46 0.0 0.0 10.0 0.0 271.0 4.0 0.0 0.6148440931049626
47 39 47 0.0 0.0 0.0 0.0 9.0 0.0 0.0 0.6968641114982577
47 40 33 0.0 0.0 7.0 0.0 122.0 1.0 0.0 0.6578947368421051
47 40 34 0.0 0.0 0.0 0.0 11.0 0.0 0.0 0.6961710591745399
47 40 35 0.0 0.0 10.0 0.0 128.0 2.0 1.0 0.6554307116104868
47 40 36 0.0 0.0 34.0 0.0 829.0 5.0 2.0 0.48985304408677394
47 40 37 0.0 0.0 3.0 0.0 164.0 2.0 0.0 0.6466512702078521
47 40 38 0.0 0.0 3.0 0.0 41.0 1.0 0.0 0.6852667645619186
47 40 39 0.0 0.0 12.0 0.0 220.0 1.0 0.0 0.6275212909009411
47 40 40 0.0 0.0 300.0 0.0 6559.0 24.0 575.0 0.15837104072398187
47 40 41 0.0 0.0 3.0 0.0 91.0 2.0 0.0 0.6692160611854684
47 40 42 0.0 0.0 20.0 0.0 686.0 6.0 4.0 0.5187106335679881
47 40 43 0.0 0.0 50.0 0.0 836.0 9.0 2.0 0.48661800486617995
47 40 44 0.0 0.0 108.0 0.0 2984.0 14.0 67.0 0.2756990941315478
47 40 45 0.0 0.0 47.0 0.0 1074.0 7.0 5.0 0.44958253050738595
47 40 46 0.0 0.0 1.0 0.0 54.0 1.0 0.0 0.6815968841285296
47 40 47 0.0 0.0 0.0 0.0 10.0 0.0 0.0 0.6965174129353233
47 41 33 0.0 0.0 0.0 0.0 9.0 0.0 0.0 0.6968641114982577
47 41 34 0.0 0.0 0.0 0.0 23.0 0.0 0.0 0.6920415224913494
47 41 35 0.0 0.0 126.0 0.0 2556.0 10.0 41.0 0.2996575342465753
47 41 36 0.0 0.0 2.0 0.0 128.0 0.0 0.0 0.6572769953051641
47 41 37 0.0 0.0 0.0 0.0 103.0 1.0 0.0 0.6660323501427211
47 41 38 0.0 0.0 6.0 0.0 163.0 1.0 0.0 0.6457564575645756
47 41 39 0.0 0.0 0.0 0.0 58.0 0.0 0.0 0.6802721088435373
47 41 40 0.0 0.0 6.0 0.0 260.0 2.0 0.0 0.6183745583038868
47 41 41 0.0 0.0 135.0 0.0 2943.0 12.0 72.0 0.27635215159889454
47 41 42 0.0 0.0 7.0 0.0 193.0 4.0 1.0 0.6375227686703095
47 41 43 0.0 0.0 0.0 0.0 61.0 1.0 0.0 0.6796116504854368
47 41 44 0.0 0.0 25.0 0.0 832.0 6.0 1.0 0.4910557699052963
47 41 45 0.0 0.0 2.0 0.0 91.0 0.0 0.0 0.668896321070234
47 41 46 0.0 0.0 4.0 0.0 110.0 0.0 0.0 0.6625650733554187
47 41 47 0.0 0.0 0.0 0.0 4.0 0.0 0.0 0.6986027944111775
47 42 33 0.0 0.0 0.0 0.0 1.0 0.0 0.0 0.6996501749125437
47 42 34 0.0 0.0 0.0 0.0 6.0 0.0 0.0 0.6979062811565303
47 42 35 0.0 0.0 0.0 0.0 59.0 1.0 0.0 0.6802721088435373
47 42 36 0.0 0.0 7.0 0.0 235.0 0.0 0.0 0.6244424620874218
47 42 37 0.0 0.0 7.0 0.0 226.0 2.0 0.0 0.6275212909009411
47 42 38 0.0 0.0 21.0 0.0 573.0 5.0 3.0 0.5409582689335393
47 42 39 0.0 0.0 6.0 0.0 153.0 3.0 0.0 0.6493506493506492
47 42 40 0.0 0.0 59.0 0.0 1361.0 5.0 6.0 0.40995607613469975
47 42 41 0.0 0.0 3.0 0.0 69.0 1.0 0.0 0.6760019314340897
47 42 42 0.0 0.0 1.0 0.0 121.0 0.0 0.0 0.6597549481621111
47 42 43 0.0 0.0 20.0 0.0 423.0 4.0 0.0 0.5740057400574005
47 42 44 0.0 0.0 5.0 0.0 192.0 4.0 0.0 0.6383948928408572
47 42 45 0.0 0.0 0.0 0.0 22.0 0.0 0.0 0.6923837784371908
47 42 47 0.0 0.0 0.0 0.0 5.0 0.0 0.0 0.6982543640897755
47 43 33 0.0 0.0 1.0 0.0 8.0 0.0 0.0 0.6968641114982577
47 43 34 0.0 0.0 0.0 0.0 9.0 0.0 0.0 0.6968641114982577
47 43 35 0.0 0.0 0.0 0.0 8.0 0.0 0.0 0.697211155378486
47 43 36 0.0 0.0 0.0 0.0 26.0 0.0 0.0 0.6910167818361302
47 43 37 0.0 0.0 4.0 0.0 109.0 1.0 0.0 0.6628787878787878
47 43 38 0.0 0.0 45.0 0.0 722.0 13.0 2.0 0.5083514887436454
47 43 39 0.0 0.0 0.0 0.0 14.0 0.0 0.0 0.6951340615690167
47 43 40 0.0 0.0 2.0 0.0 42.0 0.0 0.0 0.684931506849315
47 43 41 0.0 0.0 0.0 0.0 12.0 0.0 0.0 0.6958250497017892
47 43 42 0.0 0.0 1.0 0.0 54.0 0.0 0.0 0.6815968841285296
47 43 43 0.0 0.0 4.0 0.0 23.0 2.0 0.0 0.6913580246913579
47 43 44 0.0 0.0 0.0 0.0 1.0 0.0 0.0 0.6996501749125437
47 44 34 0.0 0.0 0.0 0.0 10.0 0.0 0.0 0.6965174129353233
47 44 35 0.0 0.0 0.0 0.0 15.0 0.0 0.0 0.694789081885856
47 44 36 0.0 0.0 1.0 0.0 33.0 0.0 0.0 0.6882989183874139
47 44 37 0.0 0.0 3.0 0.0 126.0 0.0 0.0 0.6575857209957726
47 44 38 0.0 0.0 0.0 0.0 11.0 0.0 0.0 0.6961710591745399
47 44 41 0.0 0.0 0.0 0.0 4.0 0.0 0.0 0.6986027944111775
47 45 33 0.0 0.0 0.0 0.0 2.0 0.0 0.0 0.6993006993006992
47 45 34 0.0 0.0 0.0 0.0 1.0 0.0 0.0 0.6996501749125437
47 45 37 0.0 0.0 0.0 0.0 2.0 0.0 0.0 0.6993006993006992
48 35 38 0.0 0.0 0.0 0.0 1.0 0.0 0.0 0.6996501749125437
48 36 39 0.0 0.0 0.0 0.0 1.0 0.0 0.0 0.6996501749125437
48 36 41 0.0 0.0 0.0 0.0 3.0 0.0 0.0 0.6989515726410384
48 37 38 0.0 0.0 0.0 0.0 1.0 0.0 0.0 0.6996501749125437
48 37 39 0.0 0.0 0.0 0.0 3.0 0.0 0.0 0.6989515726410384
48 37 40 0.0 0.0 0.0 0.0 1.0 0.0 0.0 0.6996501749125437
48 37 43 0.0 0.0 0.0 0.0 1.0 0.0 0.0 0.6996501749125437
48 38 39 0.0 0.0 0.0 0.0 1.0 0.0 0.0 0.6996501749125437
48 38 40 0.0 0.0 0.0 0.0 3.0 0.0 0.0 0.6989515726410384
48 38 41 0.0 0.0 0.0 0.0 1.0 0.0 0.0 0.6996501749125437
48 38 44 0.0 0.0 0.0 0.0 1.0 0.0 0.0 0.6996501749125437
48 39 39 0.0 0.0 0.0 0.0 6.0 0.0 0.0 0.6979062811565303
48 39 40 0.0 0.0 0.0 0.0 12.0 0.0 0.0 0.6958250497017892
48 39 41 0.0 0.0 0.0 0.0 2.0 0.0 0.0 0.6993006993006992
48 39 42 0.0 0.0 0.0 0.0 2.0 0.0 0.0 0.6993006993006992
48 39 43 0.0 0.0 0.0 0.0 2.0 0.0 0.0 0.6993006993006992
48 39 44 0.0 0.0 0.0 0.0 1.0 0.0 0.0 0.6996501749125437
48 39 46 0.0 0.0 3.0 0.0 87.0 1.0 0.0 0.6701771182383915
48 40 34 0.0 0.0 0.0 0.0 3.0 0.0 0.0 0.6989515726410384
48 40 36 0.0 0.0 0.0 0.0 2.0 0.0 0.0 0.6993006993006992
48 40 39 0.0 0.0 0.0 0.0 1.0 0.0 0.0 0.6996501749125437
48 40 40 0.0 0.0 0.0 0.0 8.0 0.0 0.0 0.697211155378486
48 40 41 0.0 0.0 0.0 0.0 6.0 0.0 0.0 0.6979062811565303
48 40 44 0.0 0.0 0.0 0.0 1.0 0.0 0.0 0.6996501749125437
48 41 35 0.0 0.0 0.0 0.0 2.0 0.0 0.0 0.6993006993006992
48 41 39 0.0 0.0 0.0 0.0 10.0 0.0 0.0 0.6965174129353233
48 41 40 0.0 0.0 0.0 0.0 16.0 0.0 0.0 0.6944444444444444
48 41 41 0.0 0.0 4.0 0.0 303.0 5.0 0.0 0.6081668114682883
48 41 43 0.0 0.0 3.0 0.0 16.0 2.0 0.0 0.694100148735746
48 42 34 0.0 0.0 0.0 0.0 1.0 0.0 0.0 0.6996501749125437
48 42 36 0.0 0.0 0.0 0.0 3.0 1.0 0.0 0.6993006993006992
48 42 41 0.0 0.0 0.0 0.0 5.0 0.0 0.0 0.6982543640897755
48 43 40 0.0 0.0 0.0 0.0 4.0 0.0 0.0 0.6986027944111775
