26 35 38 0.0 0.0 0.0 0.0 2.0 0.0 0.0 0.6993006993006992
26 35 39 0.0 0.0 0.0 0.0 1.0 0.0 0.0 0.6996501749125437
26 36 37 0.0 0.0 0.0 0.0 2.0 0.0 0.0 0.6993006993006992
26 36 38 0.0 0.0 0.0 0.0 2.0 0.0 0.0 0.6993006993006992
26 37 38 0.0 0.0 14.0 0.0 263.0 5.0 0.0 0.6161971830985915
26 37 39 0.0 0.0 0.0 0.0 1.0 0.0 0.0 0.6996501749125437
26 39 39 0.0 0.0 0.0 0.0 1.0 0.0 0.0 0.6996501749125437
26 39 40 0.0 0.0 0.0 0.0 1.0 0.0 0.0 0.6996501749125437
26 40 40 0.0 0.0 0.0 0.0 2.0 0.0 0.0 0.6993006993006992
26 40 41 0.0 0.0 3.0 0.0 16.0 0.0 0.0 0.6934125804853887
26 40 42 0.0 0.0 0.0 0.0 1.0 0.0 0.0 0.6996501749125437
26 41 37 0.0 0.0 0.0 0.0 1.0 0.0 0.0 0.6996501749125437
26 41 39 0.0 0.0 0.0 0.0 1.0 0.0 0.0 0.6996501749125437
27 33 38 0.0 0.0 2.0 0.0 25.0 0.0 0.0 0.6906758756783422
27 33 39 0.0 0.0 0.0 0.0 3.0 0.0 0.0 0.6989515726410384
27 33 40 0.0 0.0 0.0 0.0 2.0 0.0 0.0 0.6993006993006992
27 34 35 0.0 0.0 0.0 0.0 4.0 0.0 0.0 0.6986027944111775
27 34 36 0.0 0.0 0.0 0.0 9.0 0.0 0.0 0.6968641114982577
27 34 37 0.0 0.0 0.0 0.0 22.0 0.0 0.0 0.6923837784371908
27 34 38 0.0 0.0 0.0 0.0 10.0 0.0 0.0 0.6965174129353233
27 34 39 0.0 0.0 2.0 0.0 19.0 2.0 0.0 0.6934125804853887
27 34 40 0.0 0.0 0.0 0.0 4.0 0.0 0.0 0.6986027944111775
27 35 35 0.0 0.0 0.0 0.0 2.0 0.0 0.0 0.6993006993006992
27 35 36 0.0 0.0 0.0 0.0 24.0 0.0 0.0 0.6916996047430829
27 35 37 0.0 0.0 2.0 0.0 110.0 0.0 0.0 0.6628787878787878
27 35 38 0.0 0.0 1.0 0.0 51.0 0.0 0.0 0.6822612085769979
27 35 39 0.0 0.0 0.0 0.0 23.0 0.0 0.0 0.6920415224913494
27 35 40 0.0 0.0 0.0 0.0 9.0 0.0 0.0 0.6968641114982577
27 35 41 0.0 0.0 0.0 0.0 2.0 0.0 0.0 0.6993006993006992
27 35 42 0.0 0.0 0.0 0.0 1.0 0.0 0.0 0.6996501749125437
27 36 35 0.0 0.0 0.0 0.0 4.0 0.0 0.0 0.6986027944111775
27 36 36 0.0 0.0 0.0 0.0 17.0 0.0 0.0 0.694100148735746
27 36 37 0.0 0.0 0.0 0.0 18.0 0.0 0.0 0.6937561942517343
27 36 38 0.0 0.0 178.0 0.0 3884.0 22.0 121.0 0.2317880794701986
27 36 39 0.0 0.0 0.0 0.0 29.0 0.0 0.0 0.6899950714637751
27 36 40 0.0 0.0 14.0 0.0 353.0 7.0 2.0 0.5932203389830507
27 36 41 0.0 0.0 0.0 0.0 17.0 1.0 0.0 0.6944444444444444
27 36 42 0.0 0.0 0.0 0.0 7.0 0.0 0.0 0.6975585450921773
27 36 43 0.0 0.0 0.0 0.0 2.0 0.0 0.0 0.6993006993006992
27 37 36 0.0 0.0 0.0 0.0 19.0 0.0 0.0 0.6934125804853887
27 37 37 0.0 0.0 0.0 0.0 16.0 0.0 0.0 0.6944444444444444
27 37 38 0.0 0.0 1.0 0.0 57.0 0.0 0.0 0.6802721088435373
27 37 39 0.0 0.0 1.0 0.0 75.0 0.0 0.0 0.6746987951807227
27 37 40 0.0 0.0 6.0 0.0 122.0 1.0 0.0 0.6585136406396989
27 37 41 0.0 0.0 0.0 0.0 54.0 0.0 0.0 0.6815968841285296
27 37 42 0.0 0.0 0.0 0.0 18.0 0.0 0.0 0.694100148735746
27 37 43 0.0 0.0 0.0 0.0 5.0 0.0 0.0 0.6982543640897755
27 38 33 0.0 0.0 0.0 0.0 1.0 0.0 0.0 0.6996501749125437
27 38 34 0.0 0.0 0.0 0.0 1.0 0.0 0.0 0.6996501749125437
27 38 35 0.0 0.0 0.0 0.0 4.0 0.0 0.0 0.6986027944111775
27 38 36 0.0 0.0 0.0 0.0 6.0 0.0 0.0 0.6982543640897755
27 38 37 0.0 0.0 7.0 0.0 140.0 1.0 0.0 0.6526806526806526
27 38 38 0.0 0.0 5.0 0.0 157.0 2.0 0.0 0.648148148148148
27 38 39 0.0 0.0 10.0 0.0 190.0 4.0 0.0 0.6375227686703095
27 38 40 0.0 0.0 11.0 0.0 340.0 3.0 2.0 0.5967604433077578
27 38 41 0.0 0.0 3.0 0.0 149.0 0.0 0.0 0.6505576208178437
27 38 42 0.0 0.0 0.0 0.0 30.0 0.0 0.0 0.689655172413793
27 38 45 0.0 0.0 0.0 0.0 1.0 0.0 0.0 0.6996501749125437
27 39 35 0.0 0.0 0.0 0.0 15.0 0.0 0.0 0.694789081885856
27 39 36 0.0 0.0 1.0 0.0 22.0 0.0 0.0 0.6920415224913494
27 39 37 0.0 0.0 4.0 0.0 90.0 1.0 0.0 0.668896321070234
27 39 38 0.0 0.0 14.0 0.0 291.0 6.0 0.0 0.6089604175728577
27 39 39 0.0 0.0 7.0 0.0 204.0 2.0 0.0 0.6337709370755997
27 39 40 0.0 0.0 15.0 0.0 295.0 4.0 0.0 0.6071118820468342
27 39 41 0.0 0.0 82.0 0.0 1765.0 10.0 25.0 0.3648683867604899
27 39 42 0.0 0.0 1.0 0.0 49.0 0.0 0.0 0.6829268292682925
27 39 43 0.0 0.0 0.0 0.0 4.0 0.0 0.0 0.6986027944111775
27 39 44 0.0 0.0 0.0 0.0 2.0 0.0 0.0 0.6993006993006992
27 39 45 0.0 0.0 0.0 0.0 1.0 0.0 0.0 0.6996501749125437
27 39 46 0.0 0.0 0.0 0.0 1.0 0.0 0.0 0.6996501749125437
27 40 35 0.0 0.0 2.0 0.0 34.0 0.0 0.0 0.6876227897838899
27 40 36 0.0 0.0 1.0 0.0 37.0 0.0 0.0 0.6869479882237487
27 40 37 0.0 0.0 39.0 0.0 895.0 8.0 3.0 0.478468899521531
27 40 38 0.0 0.0 0.0 0.0 42.0 0.0 0.0 0.6856023506366307
27 40 39 0.0 0.0 90.0 0.0 2361.0 13.0 43.0 0.3154574132492113
27 40 40 0.0 0.0 6.0 0.0 206.0 1.0 0.0 0.6331976481230212
27 40 41 0.0 0.0 15.0 0.0 291.0 5.0 0.0 0.6084311169056931
27 40 42 0.0 0.0 0.0 0.0 20.0 0.0 0.0 0.6930693069306929
27 40 43 0.0 0.0 1.0 0.0 8.0 1.0 0.0 0.697211155378486
27 40 44 0.0 0.0 0.0 0.0 2.0 0.0 0.0 0.6993006993006992
27 40 45 0.0 0.0 0.0 0.0 2.0 0.0 0.0 0.6993006993006992
27 41 35 0.0 0.0 0.0 0.0 5.0 0.0 0.0 0.6986027944111775
27 41 36 0.0 0.0 2.0 0.0 24.0 0.0 0.0 0.6910167818361302
27 41 37 0.0 0.0 0.0 0.0 2.0 0.0 0.0 0.6993006993006992
27 41 38 0.0 0.0 2.0 0.0 12.0 0.0 0.0 0.6951340615690167
27 41 39 0.0 0.0 0.0 0.0 32.0 0.0 0.0 0.689655172413793
27 41 40 0.0 0.0 4.0 0.0 83.0 1.0 0.0 0.6711409395973154
27 41 41 0.0 0.0 4.0 0.0 56.0 1.0 0.0 0.6799417192812044
27 41 42 0.0 0.0 9.0 0.0 380.0 1.0 1.0 0.5862646566164154
27 41 43 0.0 0.0 4.0 0.0 106.0 1.0 0.0 0.6638217164532954
27 41 44 0.0 0.0 1.0 0.0 28.0 0.0 0.0 0.6899950714637751
27 41 45 0.0 0.0 4.0 0.0 93.0 2.0 0.0 0.6682577565632457
27 41 46 0.0 0.0 7.0 0.0 127.0 0.0 0.0 0.6560449859418931
27 42 32 0.0 0.0 0.0 0.0 1.0 0.0 0.0 0.6996501749125437
27 42 34 0.0 0.0 0.0 0.0 1.0 0.0 0.0 0.0
27 42 35 0.0 0.0 0.0 0.0 7.0 0.0 0.0 0.6975585450921773
27 42 36 0.0 0.0 0.0 0.0 1.0 0.0 0.0 0.6996501749125437
27 42 37 0.0 0.0 0.0 0.0 8.0 0.0 0.0 0.697211155378486
27 42 38 0.0 0.0 4.0 0.0 97.0 2.0 0.0 0.6669842782277274
27 42 39 0.0 0.0 18.0 0.0 381.0 3.0 3.0 0.5840634125990821
27 42 40 0.0 0.0 0.0 0.0 27.0 0.0 0.0 0.6906758756783422
27 42 41 0.0 0.0 0.0 0.0 21.0 0.0 0.0 0.6927263730826323
27 42 42 0.0 0.0 0.0 0.0 13.0 0.0 0.0 0.695479384003974
27 42 43 0.0 0.0 5.0 0.0 173.0 1.0 0.0 0.6430868167202571
27 42 44 0.0 0.0 0.0 0.0 17.0 0.0 0.0 0.694100148735746
27 42 45 0.0 0.0 2.0 0.0 55.0 2.0 0.0 0.6812652068126519
27 42 46 0.0 0.0 0.0 0.0 6.0 0.0 0.0 0.6979062811565303
27 43 35 0.0 0.0 0.0 0.0 10.0 0.0 0.0 0.6965174129353233
27 43 36 0.0 0.0 0.0 0.0 9.0 0.0 0.0 0.6968641114982577
27 43 37 0.0 0.0 0.0 0.0 6.0 0.0 0.0 0.6979062811565303
27 43 38 0.0 0.0 0.0 0.0 13.0 0.0 0.0 0.695479384003974
27 43 39 0.0 0.0 0.0 0.0 9.0 0.0 0.0 0.6968641114982577
27 43 40 0.0 0.0 0.0 0.0 8.0 0.0 0.0 0.697211155378486
27 43 41 0.0 0.0 0.0 0.0 3.0 0.0 0.0 0.6989515726410384
27 43 42 0.0 0.0 0.0 0.0 19.0 0.0 0.0 0.6937561942517343
27 43 43 0.0 0.0 0.0 0.0 4.0 0.0 0.0 0.6986027944111775
27 43 44 0.0 0.0 18.0 0.0 189.0 6.0 0.0 0.6360745115856428
27 43 45 0.0 0.0 0.0 0.0 8.0 0.0 0.0 0.697211155378486
27 43 46 0.0 0.0 0.0 0.0 4.0 0.0 0.0 0.6986027944111775
27 44 35 0.0 0.0 1.0 0.0 49.0 0.0 0.0 0.6829268292682925
27 44 36 0.0 0.0 0.0 0.0 11.0 0.0 0.0 0.6961710591745399
27 44 37 0.0 0.0 0.0 0.0 8.0 0.0 0.0 0.697211155378486
27 44 38 0.0 0.0 0.0 0.0 10.0 0.0 0.0 0.6965174129353233
27 44 39 0.0 0.0 1.0 0.0 18.0 0.0 0.0 0.6934125804853887
27 44 40 0.0 0.0 0.0 0.0 3.0 0.0 0.0 0.6989515726410384
27 44 45 0.0 0.0 0.0 0.0 1.0 0.0 0.0 0.6996501749125437
27 44 47 0.0 0.0 0.0 0.0 1.0 0.0 0.0 0.6996501749125437
27 45 35 0.0 0.0 0.0 0.0 3.0 0.0 0.0 0.6989515726410384
27 45 36 0.0 0.0 1.0 0.0 13.0 0.0 0.0 0.6951340615690167
27 45 37 0.0 0.0 1.0 0.0 53.0 0.0 0.0 0.6815968841285296
27 45 38 0.0 0.0 17.0 0.0 247.0 5.0 0.0 0.6197432492253209
27 45 39 0.0 0.0 0.0 0.0 1.0 0.0 0.0 0.6996501749125437
27 45 40 0.0 0.0 0.0 0.0 1.0 0.0 0.0 0.6996501749125437
27 46 36 0.0 0.0 0.0 0.0 9.0 0.0 0.0 0.6968641114982577
27 46 37 0.0 0.0 5.0 0.0 117.0 2.0 0.0 0.6603773584905659
27 46 38 0.0 0.0 0.0 0.0 10.0 0.0 0.0 0.6965174129353233
27 47 35 0.0 0.0 0.0 0.0 4.0 0.0 0.0 0.6986027944111775
27 47 36 0.0 0.0 0.0 0.0 2.0 0.0 0.0 0.6993006993006992
27 47 37 0.0 0.0 0.0 0.0 4.0 0.0 0.0 0.6986027944111775
28 31 40 0.0 0.0 0.0 0.0 1.0 0.0 0.0 0.6996501749125437
28 32 38 0.0 0.0 0.0 0.0 1.0 0.0 0.0 0.6996501749125437
28 32 39 0.0 0.0 0.0 0.0 4.0 0.0 0.0 0.6986027944111775
28 32 43 0.0 0.0 0.0 0.0 3.0 0.0 0.0 0.6989515726410384
28 32 44 0.0 0.0 0.0 0.0 8.0 0.0 0.0 0.697211155378486
28 32 45 0.0 0.0 0.0 0.0 3.0 0.0 0.0 0.6989515726410384
28 33 36 0.0 0.0 0.0 0.0 4.0 0.0 0.0 0.6986027944111775
28 33 37 0.0 0.0 0.0 0.0 9.0 0.0 0.0 0.6968641114982577
28 33 38 0.0 0.0 1.0 0.0 17.0 1.0 0.0 0.694100148735746
28 33 39 0.0 0.0 16.0 0.0 361.0 2.0 0.0 0.5897219882055602
28 33 40 0.0 0.0 1.0 0.0 43.0 0.0 0.0 0.684931506849315
28 33 41 0.0 0.0 0.0 0.0 7.0 0.0 0.0 0.6975585450921773
28 33 43 0.0 0.0 10.0 0.0 104.0 1.0 0.0 0.6625650733554187
28 33 44 0.0 0.0 1.0 0.0 28.0 1.0 0.0 0.690335305719921
28 33 45 0.0 0.0 0.0 0.0 2.0 0.0 0.0 0.6993006993006992
28 34 35 0.0 0.0 0.0 0.0 5.0 0.0 0.0 0.6982543640897755
28 34 36 0.0 0.0 0.0 0.0 67.0 0.0 0.0 0.6773101112723753
28 34 37 0.0 0.0 8.0 0.0 331.0 5.0 1.0 0.5998286203941731
28 34 38 0.0 0.0 95.0 0.0 2316.0 13.0 24.0 0.3183265120509322
28 34 39 0.0 0.0 211.0 0.0 4292.0 17.0 180.0 0.21578298397040688
28 34 40 0.0 0.0 0.0 0.0 43.0 0.0 0.0 0.6852667645619186
28 34 41 0.0 0.0 100.0 0.0 2004.0 8.0 27.0 0.34179687499999994
28 34 42 0.0 0.0 0.0 0.0 2.0 0.0 0.0 0.6993006993006992
28 34 44 0.0 0.0 0.0 0.0 2.0 0.0 0.0 0.6993006993006992
28 34 45 0.0 0.0 0.0 0.0 3.0 0.0 0.0 0.6989515726410384
28 35 33 0.0 0.0 0.0 0.0 1.0 0.0 0.0 0.6996501749125437
28 35 34 0.0 0.0 0.0 0.0 3.0 0.0 0.0 0.6989515726410384
28 35 35 0.0 0.0 0.0 0.0 15.0 0.0 0.0 0.694789081885856
28 35 36 0.0 0.0 208.0 0.0 4220.0 21.0 159.0 0.21840873634945396
28 35 37 0.0 0.0 416.0 0.0 8429.0 17.0 1533.0 0.12924667651403246
28 35 38 0.0 0.0 41.0 0.0 952.0 13.0 9.0 0.46995636119503187
28 35 39 0.0 0.0 86.0 0.0 2054.0 11.0 19.0 0.33906514894647605
28 35 40 0.0 0.0 62.0 0.0 1507.0 8.0 14.0 0.3931479921370401
28 35 41 0.0 0.0 13.0 0.0 288.0 0.0 1.0 0.6084311169056931
28 35 42 0.0 0.0 0.0 0.0 19.0 1.0 0.0 0.6937561942517343
28 35 43 0.0 0.0 0.0 0.0 14.0 0.0 0.0 0.6951340615690167
28 35 44 0.0 0.0 0.0 0.0 7.0 0.0 0.0 0.6975585450921773
28 35 45 0.0 0.0 0.0 0.0 5.0 0.0 0.0 0.6982543640897755
28 36 34 0.0 0.0 1.0 0.0 11.0 0.0 0.0 0.6958250497017892
28 36 35 0.0 0.0 10.0 0.0 206.0 4.0 0.0 0.6329113924050632
28 36 36 0.0 0.0 152.0 0.0 3192.0 15.0 70.0 0.26261489401613203
28 36 37 0.0 0.0 199.0 0.0 4875.0 15.0 343.0 0.1981879954699886
28 36 38 0.0 0.0 264.0 0.0 5622.0 23.0 402.0 0.1779133307917143
28 36 39 0.0 0.0 377.0 0.0 7959.0 21.0 1315.0 0.1356457707586474
28 36 40 0.0 0.0 57.0 0.0 1559.0 8.0 15.0 0.38802660753880264
28 36 41 0.0 0.0 30.0 0.0 751.0 9.0 3.0 0.5052327679538072
28 36 42 0.0 0.0 17.0 0.0 772.0 3.0 6.0 0.5025125628140703
28 36 43 0.0 0.0 70.0 0.0 1727.0 8.0 15.0 0.36949063077329103
28 36 44 0.0 0.0 0.0 0.0 25.0 0.0 0.0 0.6913580246913579
28 36 45 0.0 0.0 0.0 0.0 10.0 0.0 0.0 0.6965174129353233
28 36 46 0.0 0.0 0.0 0.0 2.0 0.0 0.0 0.6993006993006992
28 37 34 0.0 0.0 4.0 0.0 267.0 0.0 1.0 0.6164685160722148
28 37 35 0.0 0.0 4.0 0.0 64.0 2.0 0.0 0.6776379477250725
28 37 36 0.0 0.0 6.0 0.0 264.0 1.0 0.0 0.6170118995152049
28 37 37 0.0 0.0 111.0 0.0 2395.0 10.0 52.0 0.311318656882366
28 37 38 0.0 0.0 166.0 0.0 3862.0 12.0 138.0 0.23271276595744678
28 37 39 0.0 0.0 102.0 0.0 2855.0 18.0 65.0 0.28340080971659914
28 37 40 0.0 0.0 237.0 0.0 4985.0 19.0 277.0 0.19439044709802833
28 37 41 0.0 0.0 420.0 0.0 8291.0 26.0 1404.0 0.1308411214953271
28 37 42 0.0 0.0 22.0 0.0 767.0 8.0 2.0 0.5034160373966199
28 37 43 0.0 0.0 2.0 0.0 52.0 0.0 0.0 0.6815968841285296
28 37 44 0.0 0.0 9.0 0.0 173.0 4.0 0.0 0.6427915518824608
28 37 45 0.0 0.0 0.0 0.0 12.0 0.0 0.0 0.6958250497017892
28 37 46 0.0 0.0 0.0 0.0 2.0 0.0 0.0 0.6993006993006992
28 37 47 0.0 0.0 0.0 0.0 2.0 0.0 0.0 0.6993006993006992
28 38 31 0.0 0.0 0.0 0.0 2.0 0.0 0.0 0.6993006993006992
28 38 33 0.0 0.0 0.0 0.0 1.0 0.0 0.0 0.6996501749125437
28 38 34 0.0 0.0 0.0 0.0 6.0 0.0 0.0 0.6979062811565303
28 38 35 0.0 0.0 10.0 0.0 296.0 0.0 1.0 0.6071118820468342
28 38 36 0.0 0.0 30.0 0.0 837.0 8.0 2.0 0.4895104895104894
28 38 37 0.0 0.0 249.0 0.0 5947.0 20.0 533.0 0.17119100024455855
28 38 38 0.0 0.0 103.0 0.0 2989.0 18.0 87.0 0.2759164367363027
28 38 39 0.0 0.0 394.0 0.0 8503.0 27.0 1483.0 0.12867647058823528
28 38 40 0.0 0.0 518.0 0.0 9364.0 21.0 1858.0 0.11794439764111203
28 38 41 0.0 0.0 299.0 0.0 6238.0 19.0 510.0 0.164261410301537
28 38 42 0.0 0.0 229.0 0.0 5113.0 24.0 330.0 0.1912568306010929
28 38 43 0.0 0.0 2.0 0.0 103.0 0.0 0.0 0.6653992395437262
28 38 44 0.0 0.0 36.0 0.0 775.0 10.0 2.0 0.49982149232416984
28 38 45 0.0 0.0 0.0 0.0 3.0 0.0 0.0 0.6989515726410384
28 38 46 0.0 0.0 0.0 0.0 3.0 0.0 0.0 0.6989515726410384
28 39 34 0.0 0.0 4.0 0.0 99.0 0.0 0.0 0.6657156443176413
28 39 35 0.0 0.0 49.0 0.0 1072.0 8.0 3.0 0.4498714652956297
28 39 36 0.0 0.0 234.0 0.0 5781.0 21.0 436.0 0.17506564961860693
28 39 37 0.0 0.0 101.0 0.0 2705.0 16.0 67.0 0.2922755741127348
28 39 38 0.0 0.0 609.0 0.0 10404.0 22.0 3242.0 0.1076426264800861
28 39 39 0.0 0.0 442.0 0.0 8232.0 18.0 1273.0 0.13127051101734644
28 39 40 0.0 0.0 473.0 0.0 8972.0 28.0 1716.0 0.12252756870295815
28 39 41 0.0 0.0 380.0 0.0 7260.0 25.0 814.0 0.14557554330872413
28 39 42 0.0 0.0 32.0 0.0 705.0 9.0 1.0 0.5133846718005133
28 39 43 0.0 0.0 38.0 0.0 766.0 10.0 1.0 0.5010737294201861
28 39 44 0.0 0.0 0.0 0.0 57.0 0.0 0.0 0.6809338521400777
28 39 45 0.0 0.0 75.0 0.0 1650.0 12.0 14.0 0.3770535954753568
28 39 46 0.0 0.0 0.0 0.0 12.0 0.0 0.0 0.6958250497017892
28 39 47 0.0 0.0 0.0 0.0 9.0 0.0 0.0 0.6968641114982577
28 40 31 0.0 0.0 0.0 0.0 1.0 0.0 0.0 0.6996501749125437
28 40 33 0.0 0.0 0.0 0.0 4.0 0.0 0.0 0.6986027944111775
28 40 34 0.0 0.0 0.0 0.0 10.0 0.0 0.0 0.6965174129353233
28 40 35 0.0 0.0 42.0 0.0 950.0 6.0 5.0 0.46885465505693225
28 40 36 0.0 0.0 153.0 0.0 3633.0 22.0 110.0 0.24280263614290667
28 40 37 0.0 0.0 193.0 0.0 4352.0 21.0 158.0 0.21442793689692138
28 40 38 0.0 0.0 221.0 0.0 4808.0 12.0 287.0 0.19943019943019943
28 40 39 0.0 0.0 72.0 0.0 1851.0 18.0 18.0 0.3586984370996669
28 40 40 0.0 0.0 271.0 0.0 5569.0 18.0 363.0 0.17889087656529515
28 40 41 0.0 0.0 55.0 0.0 1232.0 14.0 9.0 0.427742132600061
28 40 42 0.0 0.0 142.0 0.0 3883.0 14.0 149.0 0.2328675981370592
28 40 43 0.0 0.0 54.0 0.0 1315.0 10.0 9.0 0.4169148302561048
28 40 44 0.0 0.0 115.0 0.0 2548.0 8.0 51.0 0.3006872852233677
28 40 45 0.0 0.0 43.0 0.0 1118.0 11.0 4.0 0.4445855827246744
28 40 46 0.0 0.0 19.0 0.0 508.0 6.0 3.0 0.5551149881046787
28 40 47 0.0 0.0 1.0 0.0 76.0 0.0 0.0 0.6743737957610789
28 40 48 0.0 0.0 0.0 0.0 1.0 0.0 0.0 0.6996501749125437
28 41 31 0.0 0.0 0.0 0.0 3.0 0.0 0.0 0.6989515726410384
28 41 32 0.0 0.0 2.0 0.0 43.0 1.0 0.0 0.684931506849315
28 41 33 0.0 0.0 69.0 0.0 1729.0 7.0 20.0 0.3692957003429174
28 41 34 0.0 0.0 1.0 0.0 141.0 1.0 1.0 0.6539000467071461
28 41 35 0.0 0.0 62.0 0.0 1282.0 13.0 7.0 0.42029420594416084
28 41 36 0.0 0.0 197.0 0.0 4589.0 22.0 208.0 0.2068557919621749
28 41 37 0.0 0.0 5.0 0.0 406.0 2.0 1.0 0.58115400581154
28 41 38 0.0 0.0 69.0 0.0 1815.0 13.0 32.0 0.36166365280289325
28 41 39 0.0 0.0 240.0 0.0 5209.0 23.0 344.0 0.1883999461714439
28 41 40 0.0 0.0 317.0 0.0 6222.0 20.0 496.0 0.1642806852851443
28 41 41 0.0 0.0 118.0 0.0 3135.0 11.0 76.0 0.2671245945430261
28 41 42 0.0 0.0 191.0 0.0 4745.0 15.0 286.0 0.20219526285384168
28 41 43 0.0 0.0 33.0 0.0 814.0 7.0 2.0 0.49295774647887314
28 41 44 0.0 0.0 112.0 0.0 2548.0 20.0 36.0 0.3017891787023065
28 41 45 0.0 0.0 98.0 0.0 2172.0 17.0 26.0 0.32910202162670427
28 41 46 0.0 0.0 63.0 0.0 1356.0 16.0 4.0 0.41140170437848944
28 41 47 0.0 0.0 1.0 0.0 23.0 0.0 0.0 0.6916996047430829
28 41 48 0.0 0.0 9.0 0.0 140.0 3.0 0.0 0.6523765144454798
28 42 32 0.0 0.0 59.0 0.0 1166.0 16.0 2.0 0.4362729822374571
28 42 33 0.0 0.0 49.0 0.0 770.0 8.0 0.0 0.49804340092493765
28 42 34 0.0 0.0 5.0 0.0 191.0 3.0 0.0 0.6383948928408572
28 42 35 0.0 0.0 36.0 0.0 792.0 10.0 2.0 0.4966300106420715
28 42 36 0.0 0.0 74.0 0.0 1741.0 16.0 15.0 0.36851803106080544
28 42 37 0.0 0.0 62.0 0.0 1652.0 12.0 13.0 0.3782761415833558
28 42 38 0.0 0.0 73.0 0.0 2278.0 12.0 45.0 0.3226549896289467
28 42 39 0.0 0.0 133.0 0.0 2995.0 18.0 58.0 0.273972602739726
28 42 40 0.0 0.0 167.0 0.0 3896.0 19.0 126.0 0.23163467902051618
28 42 41 0.0 0.0 129.0 0.0 3163.0 20.0 76.0 0.2655035084392186
28 42 42 0.0 0.0 159.0 0.0 3491.0 13.0 85.0 0.24831500532103576
28 42 43 0.0 0.0 499.0 0.0 8904.0 35.0 1587.0 0.12304447178766037
28 42 44 0.0 0.0 57.0 0.0 884.0 6.0 2.0 0.47700170357751276
28 42 45 0.0 0.0 352.0 0.0 7112.0 28.0 859.0 0.1483207966945651
28 42 46 0.0 0.0 36.0 0.0 824.0 5.0 3.0 0.4903677758318738
28 42 47 0.0 0.0 0.0 0.0 35.0 0.0 0.0 0.6879606879606879
28 43 32 0.0 0.0 0.0 0.0 3.0 0.0 0.0 0.6989515726410384
28 43 33 0.0 0.0 2.0 0.0 34.0 0.0 0.0 0.6876227897838899
28 43 34 0.0 0.0 1.0 0.0 82.0 0.0 0.0 0.6721075372059528
28 43 35 0.0 0.0 0.0 0.0 48.0 0.0 0.0 0.6839276990718123
28 43 36 0.0 0.0 258.0 0.0 5225.0 24.0 318.0 0.18754186202277293
28 43 37 0.0 0.0 99.0 0.0 2477.0 14.0 51.0 0.3070175438596491
28 43 38 0.0 0.0 45.0 0.0 1237.0 6.0 12.0 0.4274809160305343
28 43 39 0.0 0.0 276.0 0.0 5539.0 21.0 328.0 0.17960230917254646
28 43 40 0.0 0.0 19.0 0.0 609.0 4.0 1.0 0.5337399923751428
28 43 41 0.0 0.0 6.0 0.0 248.0 2.0 0.0 0.6216696269982237
28 43 42 0.0 0.0 64.0 0.0 1347.0 12.0 11.0 0.41188584877905265
28 43 43 0.0 0.0 2.0 0.0 163.0 0.0 0.0 0.6469500924214416
28 43 44 0.0 0.0 62.0 0.0 1570.0 12.0 23.0 0.38674033149171266
28 43 45 0.0 0.0 94.0 0.0 2146.0 7.0 36.0 0.33057851239669417
28 43 46 0.0 0.0 18.0 0.0 503.0 9.0 1.0 0.5573248407643311
28 43 47 0.0 0.0 23.0 0.0 499.0 6.0 3.0 0.5564387917329093
28 44 33 0.0 0.0 1.0 0.0 13.0 0.0 0.0 0.695479384003974
28 44 34 0.0 0.0 1.0 0.0 59.0 1.0 0.0 0.6799417192812044
28 44 35 0.0 0.0 0.0 0.0 76.0 0.0 0.0 0.6750241080038573
28 44 36 0.0 0.0 226.0 0.0 5191.0 22.0 337.0 0.18921475875118257
28 44 37 0.0 0.0 4.0 0.0 245.0 0.0 0.0 0.622498888394842
28 44 38 0.0 0.0 154.0 0.0 3984.0 18.0 186.0 0.22853411687887687
28 44 39 0.0 0.0 96.0 0.0 1963.0 12.0 19.0 0.34610630407910997
28 44 40 0.0 0.0 2.0 0.0 213.0 1.0 0.0 0.6323396567299006
28 44 41 0.0 0.0 4.0 0.0 113.0 1.0 0.0 0.661625708884688
28 44 42 0.0 0.0 11.0 0.0 512.0 6.0 1.0 0.5562177195073499
28 44 43 0.0 0.0 0.0 0.0 52.0 0.0 0.0 0.6822612085769979
28 44 44 0.0 0.0 5.0 0.0 95.0 1.0 0.0 0.6669842782277274
28 44 45 0.0 0.0 0.0 0.0 18.0 0.0 0.0 0.6937561942517343
28 44 46 0.0 0.0 0.0 0.0 6.0 0.0 0.0 0.6979062811565303
28 45 33 0.0 0.0 2.0 0.0 68.0 1.0 0.0 0.6766553890768486
28 45 34 0.0 0.0 2.0 0.0 33.0 1.0 0.0 0.6882989183874139
28 45 35 0.0 0.0 22.0 0.0 713.0 4.0 3.0 0.5126327352618087
28 45 36 0.0 0.0 12.0 0.0 321.0 4.0 1.0 0.6011163589523401
28 45 37 0.0 0.0 281.0 0.0 5916.0 20.0 470.0 0.17114914425427868
28 45 38 0.0 0.0 22.0 0.0 399.0 5.0 1.0 0.5794701986754967
28 45 39 0.0 0.0 21.0 0.0 663.0 6.0 4.0 0.522973477773627
28 45 40 0.0 0.0 4.0 0.0 110.0 0.0 1.0 0.662251655629139
28 45 41 0.0 0.0 0.0 0.0 68.0 0.0 0.0 0.6769825918762088
28 45 42 0.0 0.0 0.0 0.0 50.0 0.0 0.0 0.6829268292682925
28 45 43 0.0 0.0 0.0 0.0 29.0 0.0 0.0 0.6899950714637751
28 45 44 0.0 0.0 0.0 0.0 21.0 0.0 0.0 0.6927263730826323
28 45 45 0.0 0.0 0.0 0.0 12.0 0.0 0.0 0.6958250497017892
28 45 46 0.0 0.0 0.0 0.0 6.0 1.0 0.0 0.6982543640897755
28 46 33 0.0 0.0 0.0 0.0 1.0 0.0 0.0 0.6996501749125437
28 46 34 0.0 0.0 3.0 0.0 27.0 1.0 0.0 0.690335305719921
28 46 35 0.0 0.0 0.0 0.0 36.0 0.0 0.0 0.6876227897838899
28 46 36 0.0 0.0 205.0 0.0 4527.0 16.0 245.0 0.2083333333333333
28 46 37 0.0 0.0 14.0 0.0 313.0 1.0 1.0 0.6021505376344085
28 46 38 0.0 0.0 20.0 0.0 438.0 5.0 0.0 0.5707297187117814
28 46 39 0.0 0.0 1.0 0.0 15.0 0.0 0.0 0.6944444444444444
28 46 40 0.0 0.0 1.0 0.0 16.0 0.0 0.0 0.694100148735746
28 46 41 0.0 0.0 0.0 0.0 12.0 0.0 0.0 0.6958250497017892
28 46 42 0.0 0.0 3.0 0.0 56.0 1.0 0.0 0.6802721088435373
28 46 43 0.0 0.0 0.0 0.0 27.0 0.0 0.0 0.6906758756783422
28 46 44 0.0 0.0 2.0 0.0 51.0 2.0 0.0 0.68259385665529
28 46 45 0.0 0.0 0.0 0.0 10.0 0.0 0.0 0.6965174129353233
28 46 46 0.0 0.0 0.0 0.0 3.0 0.0 0.0 0.6989515726410384
28 47 34 0.0 0.0 0.0 0.0 3.0 0.0 0.0 0.6989515726410384
28 47 35 0.0 0.0 0.0 0.0 1.0 0.0 0.0 0.6996501749125437
28 47 36 0.0 0.0 1.0 0.0 10.0 0.0 0.0 0.6961710591745399
28 47 37 0.0 0.0 0.0 0.0 2.0 0.0 0.0 0.6993006993006992
28 47 38 0.0 0.0 0.0 0.0 5.0 0.0 0.0 0.6982543640897755
28 47 39 0.0 0.0 0.0 0.0 7.0 0.0 0.0 0.6975585450921773
28 47 40 0.0 0.0 0.0 0.0 4.0 0.0 0.0 0.6986027944111775
28 47 41 0.0 0.0 0.0 0.0 4.0 0.0 0.0 0.6986027944111775
28 47 42 0.0 0.0 0.0 0.0 6.0 0.0 0.0 0.6979062811565303
28 47 43 0.0 0.0 0.0 0.0 2.0 0.0 0.0 0.6993006993006992
28 47 44 0.0 0.0 0.0 0.0 8.0 0.0 0.0 0.697211155378486
28 47 45 0.0 0.0 0.0 0.0 2.0 0.0 0.0 0.6993006993006992
28 47 46 0.0 0.0 0.0 0.0 2.0 0.0 0.0 0.6993006993006992
28 48 41 0.0 0.0 0.0 0.0 1.0 0.0 0.0 0.6996501749125437
28 48 42 0.0 0.0 0.0 0.0 1.0 0.0 0.0 0.6996501749125437
29 30 38 0.0 0.0 0.0 0.0 1.0 0.0 0.0 0.6996501749125437
29 30 39 0.0 0.0 0.0 0.0 7.0 0.0 0.0 0.6975585450921773
29 30 40 0.0 0.0 0.0 0.0 2.0 0.0 0.0 0.6993006993006992
29 30 41 0.0 0.0 0.0 0.0 10.0 0.0 0.0 0.6965174129353233
29 31 36 0.0 0.0 0.0 0.0 1.0 0.0 0.0 0.6996501749125437
29 31 37 0.0 0.0 1.0 0.0 22.0 0.0 0.0 0.6923837784371908
29 31 38 0.0 0.0 84.0 0.0 1913.0 16.0 12.0 0.3516704345641798
29 31 39 0.0 0.0 17.0 0.0 717.0 4.0 5.0 0.5128205128205128
29 31 40 0.0 0.0 0.0 0.0 30.0 0.0 0.0 0.689655172413793
29 31 41 0.0 0.0 20.0 0.0 398.0 5.0 1.0 0.5801906340654785
29 31 42 0.0 0.0 4.0 0.0 107.0 1.0 0.0 0.6635071090047392
29 31 43 0.0 0.0 2.0 0.0 56.0 0.0 0.0 0.6802721088435373
29 31 44 0.0 0.0 1.0 0.0 66.0 0.0 0.0 0.6773101112723753
29 31 45 0.0 0.0 0.0 0.0 2.0 0.0 0.0 0.6993006993006992
29 32 35 0.0 0.0 0.0 0.0 3.0 0.0 0.0 0.6989515726410384
29 32 36 0.0 0.0 0.0 0.0 19.0 0.0 0.0 0.6934125804853887
29 32 37 0.0 0.0 0.0 0.0 55.0 1.0 0.0 0.6815968841285296
29 32 38 0.0 0.0 1.0 0.0 103.0 1.0 0.0 0.6657156443176413
29 32 39 0.0 0.0 38.0 0.0 789.0 7.0 2.0 0.49645390070921974
29 32 40 0.0 0.0 4.0 0.0 159.0 0.0 0.0 0.6475485661424606
29 32 41 0.0 0.0 7.0 0.0 108.0 2.0 0.0 0.6625650733554187
29 32 42 0.0 0.0 0.0 0.0 36.0 0.0 0.0 0.6876227897838899
29 32 43 0.0 0.0 16.0 0.0 445.0 5.0 2.0 0.5700325732899022
29 32 44 0.0 0.0 4.0 0.0 167.0 1.0 0.0 0.6451612903225805
29 32 45 0.0 0.0 1.0 0.0 18.0 0.0 0.0 0.6934125804853887
29 33 34 0.0 0.0 56.0 0.0 1200.0 5.0 10.0 0.4306367271608735
29 33 35 0.0 0.0 0.0 0.0 13.0 0.0 0.0 0.695479384003974
29 33 36 0.0 0.0 0.0 0.0 26.0 1.0 0.0 0.6913580246913579
29 33 37 0.0 0.0 2.0 0.0 95.0 0.0 0.0 0.6676204101096804
29 33 38 0.0 0.0 105.0 0.0 2605.0 11.0 49.0 0.29787234042553185
29 33 39 0.0 0.0 25.0 0.0 691.0 5.0 2.0 0.5164146071560309
29 33 40 0.0 0.0 12.0 0.0 396.0 2.0 0.0 0.5818786367414795
29 33 41 0.0 0.0 1.0 0.0 126.0 0.0 0.0 0.6582040432534085
29 33 42 0.0 0.0 28.0 0.0 472.0 6.0 1.0 0.5613472333600641
29 33 43 0.0 0.0 9.0 0.0 225.0 3.0 0.0 0.6275212909009411
29 33 44 0.0 0.0 234.0 0.0 5068.0 18.0 286.0 0.19212295869356383
29 33 45 0.0 0.0 0.0 0.0 25.0 0.0 0.0 0.6916996047430829
29 33 47 0.0 0.0 1.0 0.0 36.0 1.0 0.0 0.6876227897838899
29 34 33 0.0 0.0 0.0 0.0 2.0 0.0 0.0 0.6993006993006992
29 34 34 0.0 0.0 39.0 0.0 901.0 9.0 4.0 0.477652678266803
29 34 35 0.0 0.0 11.0 0.0 255.0 1.0 1.0 0.6181015452538631
29 34 36 0.0 0.0 34.0 0.0 962.0 7.0 2.0 0.46838407494145196
29 34 37 0.0 0.0 204.0 0.0 5148.0 15.0 332.0 0.19078768056691195
29 34 38 0.0 0.0 344.0 0.0 7163.0 19.0 942.0 0.14743049705139005
29 34 39 0.0 0.0 223.0 0.0 5080.0 18.0 256.0 0.19214932747735378
29 34 40 0.0 0.0 440.0 0.0 8297.0 21.0 1247.0 0.13056047747831762
29 34 41 0.0 0.0 116.0 0.0 2556.0 14.0 35.0 0.3004291845493562
29 34 42 0.0 0.0 50.0 0.0 1396.0 9.0 11.0 0.40733197556008144
29 34 43 0.0 0.0 135.0 0.0 2515.0 11.0 49.0 0.3017891787023065
29 34 44 0.0 0.0 5.0 0.0 109.0 1.0 0.0 0.6625650733554187
29 34 45 0.0 0.0 0.0 0.0 15.0 0.0 0.0 0.694789081885856
29 34 46 0.0 0.0 1.0 0.0 16.0 0.0 0.0 0.694100148735746
29 34 47 0.0 0.0 0.0 0.0 20.0 0.0 0.0 0.6930693069306929
29 35 33 0.0 0.0 0.0 0.0 10.0 0.0 0.0 0.6965174129353233
29 35 34 0.0 0.0 45.0 0.0 1476.0 10.0 10.0 0.398633257403189
29 35 35 0.0 0.0 102.0 0.0 2334.0 16.0 36.0 0.316670436552816
29 35 36 0.0 0.0 158.0 0.0 3937.0 17.0 161.0 0.23030103635466354
29 35 37 0.0 0.0 759.0 0.0 11791.0 24.0 6689.0 0.09623977452395681
29 35 38 0.0 0.0 487.0 0.0 9520.0 20.0 2386.0 0.11666666666666665
29 35 39 0.0 0.0 662.0 0.0 11152.0 14.0 4345.0 0.10132445538105232
29 35 40 0.0 0.0 399.0 0.0 7908.0 22.0 1152.0 0.13601476731759446
29 35 41 0.0 0.0 63.0 0.0 1318.0 9.0 11.0 0.41543026706231445
29 35 42 0.0 0.0 107.0 0.0 2353.0 19.0 38.0 0.31531531531531526
29 35 43 0.0 0.0 40.0 0.0 1282.0 5.0 8.0 0.42206813385589387
29 35 44 0.0 0.0 122.0 0.0 2690.0 22.0 54.0 0.2922755741127348
29 35 45 0.0 0.0 1.0 0.0 83.0 0.0 0.0 0.6717850287907868
29 35 46 0.0 0.0 0.0 0.0 34.0 0.0 0.0 0.6886374815543531
29 35 47 0.0 0.0 0.0 0.0 19.0 0.0 0.0 0.6934125804853887
29 36 31 0.0 0.0 0.0 0.0 1.0 0.0 0.0 0.6996501749125437
29 36 32 0.0 0.0 13.0 0.0 219.0 3.0 0.0 0.6280843427545983
29 36 33 0.0 0.0 7.0 0.0 98.0 0.0 0.0 0.6650831353919239
29 36 34 0.0 0.0 85.0 0.0 2111.0 10.0 40.0 0.334448160535117
29 36 35 0.0 0.0 290.0 0.0 6332.0 16.0 559.0 0.16260162601626016
29 36 36 0.0 0.0 138.0 0.0 3594.0 22.0 130.0 0.24522683482221053
29 36 37 0.0 0.0 412.0 0.0 8755.0 19.0 1686.0 0.12548176032983774
29 36 38 0.0 0.0 829.0 0.0 12042.0 23.0 6426.0 0.09418729817007535
29 36 39 0.0 0.0 522.0 0.0 9580.0 22.0 2204.0 0.115807759119861
29 36 40 0.0 0.0 249.0 0.0 5722.0 17.0 380.0 0.17598994343180385
29 36 41 0.0 0.0 548.0 0.0 9752.0 16.0 2048.0 0.11387668781519439
29 36 42 0.0 0.0 130.0 0.0 2986.0 15.0 62.0 0.2744021952175617
29 36 43 0.0 0.0 376.0 0.0 7567.0 23.0 928.0 0.1410579345088161
29 36 44 0.0 0.0 175.0 0.0 4264.0 19.0 181.0 0.21800062285892238
29 36 45 0.0 0.0 16.0 0.0 433.0 4.0 1.0 0.5725971370143148
29 36 46 0.0 0.0 116.0 0.0 2755.0 13.0 61.0 0.28806584362139914
29 36 47 0.0 0.0 23.0 0.0 317.0 4.0 1.0 0.5993150684931505
29 37 32 0.0 0.0 0.0 0.0 36.0 0.0 0.0 0.6876227897838899
29 37 33 0.0 0.0 21.0 0.0 510.0 3.0 1.0 0.5537974683544302
29 37 34 0.0 0.0 34.0 0.0 1047.0 8.0 6.0 0.4557291666666666
29 37 35 0.0 0.0 282.0 0.0 5908.0 19.0 437.0 0.17123287671232873
29 37 36 0.0 0.0 258.0 0.0 5749.0 16.0 484.0 0.17510944340212628
29 37 37 0.0 0.0 411.0 0.0 8428.0 28.0 1416.0 0.12940197800166373
29 37 38 0.0 0.0 880.0 0.0 12192.0 27.0 6950.0 0.09288747346072185
29 37 39 0.0 0.0 569.0 0.0 10223.0 30.0 3226.0 0.10960620057934704
29 37 40 0.0 0.0 1501.0 0.0 12921.0 49.0 19450.0 0.08532943255927347
29 37 41 0.0 0.0 698.0 0.0 11203.0 23.0 4445.0 0.10080645161290322
29 37 42 0.0 0.0 477.0 0.0 9625.0 16.0 2342.0 0.11572160687716977
29 37 43 0.0 0.0 306.0 0.0 6213.0 23.0 452.0 0.16466713714420134
29 37 44 0.0 0.0 144.0 0.0 4964.0 9.0 352.0 0.19715533023517814
29 37 45 0.0 0.0 152.0 0.0 3543.0 22.0 115.0 0.2467830072272166
29 37 46 0.0 0.0 0.0 0.0 31.0 0.0 0.0 0.6893156080748399
29 37 47 0.0 0.0 0.0 0.0 6.0 0.0 0.0 0.6979062811565303
29 38 31 0.0 0.0 0.0 0.0 3.0 0.0 0.0 0.6989515726410384
29 38 32 0.0 0.0 41.0 0.0 894.0 5.0 3.0 0.47781569965870296
29 38 33 0.0 0.0 6.0 0.0 178.0 3.0 1.0 0.6419073819348922
29 38 34 0.0 0.0 16.0 0.0 675.0 3.0 2.0 0.5210271678451804
29 38 35 0.0 0.0 297.0 0.0 6859.0 20.0 698.0 0.1531728665207877
29 38 36 0.0 0.0 486.0 0.0 9573.0 15.0 2602.0 0.11607661056297155
29 38 37 0.0 0.0 569.0 0.0 10474.0 24.0 2966.0 0.1074361138822807
29 38 38 0.0 0.0 1033.0 0.0 12720.0 26.0 9330.0 0.08882685108812892
29 38 39 0.0 0.0 1299.0 0.0 12701.0 33.0 16417.0 0.08751640932674876
29 38 40 0.0 0.0 1079.0 0.0 12886.0 29.0 11086.0 0.08765888172312315
29 38 41 0.0 0.0 645.0 0.0 10906.0 21.0 4257.0 0.10330578512396693
29 38 42 0.0 0.0 349.0 0.0 7090.0 25.0 863.0 0.14868309260832624
29 38 43 0.0 0.0 174.0 0.0 4345.0 27.0 206.0 0.2156168181118127
29 38 44 0.0 0.0 209.0 0.0 5400.0 18.0 378.0 0.18430753027909422
29 38 45 0.0 0.0 41.0 0.0 1095.0 11.0 4.0 0.44799999999999995
29 38 46 0.0 0.0 124.0 0.0 2951.0 14.0 63.0 0.276625172890733
29 38 47 0.0 0.0 0.0 0.0 22.0 0.0 0.0 0.6923837784371908
29 38 48 0.0 0.0 0.0 0.0 1.0 0.0 0.0 0.6996501749125437
29 39 31 0.0 0.0 0.0 0.0 40.0 0.0 0.0 0.6862745098039215
29 39 32 0.0 0.0 89.0 0.0 1990.0 20.0 22.0 0.34474267421817284
29 39 33 0.0 0.0 16.0 0.0 580.0 3.0 0.0 0.5399151561897415
29 39 34 0.0 0.0 15.0 0.0 759.0 4.0 3.0 0.5054151624548735
29 39 35 0.0 0.0 211.0 0.0 4888.0 20.0 322.0 0.19771218754413217
29 39 36 0.0 0.0 258.0 0.0 6161.0 19.0 563.0 0.1666269935729588
29 39 37 0.0 0.0 785.0 0.0 11666.0 30.0 5958.0 0.0969394820661958
29 39 38 0.0 0.0 313.0 0.0 7401.0 22.0 1058.0 0.144419228388694
29 39 39 0.0 0.0 1038.0 0.0 12827.0 23.0 10577.0 0.08820008820008819
29 39 40 0.0 0.0 909.0 0.0 12519.0 34.0 7809.0 0.09077352006743175
29 39 41 0.0 0.0 705.0 0.0 11564.0 26.0 6875.0 0.09816295049782639
29 39 42 0.0 0.0 353.0 0.0 7530.0 21.0 988.0 0.14180087106249364
29 39 43 0.0 0.0 271.0 0.0 5623.0 19.0 385.0 0.17766497461928932
29 39 44 0.0 0.0 262.0 0.0 5663.0 22.0 445.0 0.17705830276969772
29 39 45 0.0 0.0 133.0 0.0 2790.0 18.0 52.0 0.2854812398042414
29 39 46 0.0 0.0 29.0 0.0 677.0 10.0 2.0 0.5194805194805194
29 39 47 0.0 0.0 4.0 0.0 81.0 0.0 0.0 0.6714628297362109
29 39 48 0.0 0.0 0.0 0.0 2.0 0.0 0.0 0.6993006993006992
29 40 31 0.0 0.0 84.0 0.0 2271.0 9.0 43.0 0.32213529682466635
29 40 32 0.0 0.0 26.0 0.0 619.0 6.0 2.0 0.5305039787798408
29 40 33 0.0 0.0 15.0 0.0 425.0 1.0 0.0 0.5742411812961443
29 40 34 0.0 0.0 145.0 0.0 3891.0 17.0 176.0 0.23259677687323468
29 40 35 0.0 0.0 202.0 0.0 4354.0 27.0 180.0 0.21432945499081443
29 40 36 0.0 0.0 582.0 0.0 10260.0 25.0 3082.0 0.10907674328009348
29 40 37 0.0 0.0 604.0 0.0 10382.0 23.0 3061.0 0.10791644184074617
29 40 38 0.0 0.0 864.0 0.0 12258.0 25.0 7269.0 0.09250082590023123
29 40 39 0.0 0.0 563.0 0.0 10081.0 30.0 2639.0 0.11092623405435384
29 40 40 0.0 0.0 696.0 0.0 11296.0 34.0 4075.0 0.10022191996563819
29 40 41 0.0 0.0 246.0 0.0 5351.0 26.0 334.0 0.18486729169417665
29 40 42 0.0 0.0 500.0 0.0 9902.0 27.0 2869.0 0.11299435028248586
29 40 43 0.0 0.0 512.0 0.0 9497.0 30.0 1880.0 0.11676396997497913
29 40 44 0.0 0.0 336.0 0.0 7593.0 23.0 1085.0 0.1412856998688061
29 40 45 0.0 0.0 394.0 0.0 8567.0 31.0 1720.0 0.1279941488389102
29 40 46 0.0 0.0 366.0 0.0 7274.0 29.0 848.0 0.14565126924677485
29 40 47 0.0 0.0 26.0 0.0 794.0 6.0 3.0 0.49751243781094523
29 40 48 0.0 0.0 17.0 0.0 289.0 6.0 0.0 0.608695652173913
29 40 49 0.0 0.0 0.0 0.0 1.0 0.0 0.0 0.6996501749125437
29 41 30 0.0 0.0 0.0 0.0 1.0 0.0 0.0 0.6996501749125437
29 41 31 0.0 0.0 29.0 0.0 694.0 6.0 3.0 0.5152741994847257
29 41 32 0.0 0.0 49.0 0.0 1054.0 11.0 8.0 0.4527813712807244
29 41 33 0.0 0.0 58.0 0.0 1298.0 15.0 8.0 0.4190362167015863
29 41 34 0.0 0.0 311.0 0.0 6283.0 22.0 561.0 0.16326530612244894
29 41 35 0.0 0.0 90.0 0.0 2231.0 18.0 27.0 0.3254300325430032
29 41 36 0.0 0.0 142.0 0.0 4074.0 17.0 190.0 0.22584287788352958
29 41 37 0.0 0.0 886.0 0.0 12125.0 23.0 7772.0 0.09322146757224663
29 41 38 0.0 0.0 739.0 0.0 11475.0 28.0 5283.0 0.0985637848493382
29 41 39 0.0 0.0 494.0 0.0 9613.0 19.0 2448.0 0.11572160687716977
29 41 40 0.0 0.0 790.0 0.0 12035.0 33.0 5863.0 0.09451795841209829
29 41 41 0.0 0.0 430.0 0.0 8355.0 31.0 1366.0 0.13012361743656473
29 41 42 0.0 0.0 605.0 0.0 10729.0 21.0 3809.0 0.10504989870188339
29 41 43 0.0 0.0 624.0 0.0 10671.0 22.0 3366.0 0.105318588730911
29 41 44 0.0 0.0 334.0 0.0 6909.0 17.0 685.0 0.15167930660888404
29 41 45 0.0 0.0 768.0 0.0 11721.0 28.0 6447.0 0.09673184550542388
29 41 46 0.0 0.0 329.0 0.0 6515.0 18.0 607.0 0.15851449275362317
29 41 47 0.0 0.0 202.0 0.0 4352.0 19.0 179.0 0.2142310635042081
29 41 48 0.0 0.0 85.0 0.0 1604.0 17.0 15.0 0.38126361655773416
29 42 30 0.0 0.0 0.0 0.0 2.0 0.0 0.0 0.6993006993006992
29 42 31 0.0 0.0 0.0 0.0 30.0 0.0 0.0 0.689655172413793
29 42 32 0.0 0.0 2.0 0.0 52.0 0.0 0.0 0.6815968841285296
29 42 33 0.0 0.0 345.0 0.0 7342.0 20.0 831.0 0.14471780028943557
29 42 34 0.0 0.0 326.0 0.0 6248.0 24.0 465.0 0.16374269005847952
29 42 35 0.0 0.0 638.0 0.0 10614.0 31.0 3240.0 0.10579611577117812
29 42 36 0.0 0.0 322.0 0.0 6855.0 15.0 692.0 0.1527883880825057
29 42 37 0.0 0.0 342.0 0.0 7636.0 15.0 1123.0 0.14043534958370946
29 42 38 0.0 0.0 618.0 0.0 10757.0 24.0 3971.0 0.10470421060504076
29 42 39 0.0 0.0 556.0 0.0 9249.0 14.0 1697.0 0.11867423921335932
29 42 40 0.0 0.0 727.0 0.0 11574.0 25.0 6148.0 0.09795004547680682
29 42 41 0.0 0.0 533.0 0.0 9632.0 29.0 2059.0 0.11526428453811954
29 42 42 0.0 0.0 928.0 0.0 12496.0 34.0 7964.0 0.09077940604331473
29 42 43 0.0 0.0 413.0 0.0 8167.0 23.0 1227.0 0.13250047321597577
29 42 44 0.0 0.0 246.0 0.0 5611.0 19.0 403.0 0.1786625829504849
29 42 45 0.0 0.0 812.0 0.0 11858.0 30.0 6452.0 0.09543285616905248
29 42 46 0.0 0.0 461.0 0.0 8827.0 18.0 1705.0 0.12404749246854509
29 42 47 0.0 0.0 26.0 0.0 511.0 6.0 1.0 0.5531410509679968
29 42 48 0.0 0.0 0.0 0.0 15.0 1.0 0.0 0.6951340615690167
29 42 49 0.0 0.0 0.0 0.0 6.0 0.0 0.0 0.6979062811565303
29 43 29 0.0 0.0 0.0 0.0 4.0 0.0 0.0 0.6986027944111775
29 43 30 0.0 0.0 0.0 0.0 4.0 0.0 0.0 0.6986027944111775
29 43 31 0.0 0.0 2.0 0.0 39.0 1.0 0.0 0.6862745098039215
29 43 32 0.0 0.0 0.0 0.0 28.0 0.0 0.0 0.690335305719921
29 43 33 0.0 0.0 137.0 0.0 3260.0 26.0 84.0 0.2606105733432613
29 43 34 0.0 0.0 222.0 0.0 4980.0 8.0 276.0 0.19457956914523972
29 43 35 0.0 0.0 223.0 0.0 5056.0 12.0 295.0 0.19259870683725405
29 43 36 0.0 0.0 351.0 0.0 6803.0 21.0 640.0 0.15323992994746058
29 43 37 0.0 0.0 697.0 0.0 11387.0 40.0 4752.0 0.09951663349445548
29 43 38 0.0 0.0 664.0 0.0 11122.0 35.0 4563.0 0.10168506682161532
29 43 39 0.0 0.0 774.0 0.0 11664.0 35.0 5611.0 0.09706045479755962
29 43 40 0.0 0.0 190.0 0.0 4775.0 15.0 255.0 0.2014968336211859
29 43 41 0.0 0.0 443.0 0.0 8765.0 27.0 1529.0 0.12506700017866715
29 43 42 0.0 0.0 374.0 0.0 8079.0 15.0 1249.0 0.13408677329757684
29 43 43 0.0 0.0 420.0 0.0 8914.0 29.0 1766.0 0.12378426171529619
29 43 44 0.0 0.0 287.0 0.0 6441.0 19.0 608.0 0.16071633566754676
29 43 45 0.0 0.0 88.0 0.0 2287.0 12.0 37.0 0.3208065994500458
29 43 46 0.0 0.0 46.0 0.0 1244.0 11.0 12.0 0.42695943885330884
29 43 47 0.0 0.0 1.0 0.0 43.0 1.0 0.0 0.6856023506366307
29 43 48 0.0 0.0 0.0 0.0 7.0 0.0 0.0 0.6975585450921773
29 44 29 0.0 0.0 0.0 0.0 10.0 0.0 0.0 0.6965174129353233
29 44 30 0.0 0.0 0.0 0.0 12.0 0.0 0.0 0.6958250497017892
29 44 31 0.0 0.0 3.0 0.0 48.0 1.0 0.0 0.6829268292682925
29 44 32 0.0 0.0 0.0 0.0 17.0 0.0 0.0 0.694100148735746
29 44 33 0.0 0.0 15.0 0.0 380.0 4.0 0.0 0.5855290673358426
29 44 34 0.0 0.0 193.0 0.0 4786.0 14.0 272.0 0.20097616996841797
29 44 35 0.0 0.0 417.0 0.0 8159.0 21.0 1163.0 0.1325506532853626
29 44 36 0.0 0.0 309.0 0.0 6980.0 25.0 815.0 0.1509922346850733
29 44 37 0.0 0.0 404.0 0.0 8075.0 21.0 1280.0 0.13380483608907578
29 44 38 0.0 0.0 649.0 0.0 10867.0 30.0 3476.0 0.10372675409350225
29 44 39 0.0 0.0 383.0 0.0 7781.0 23.0 1087.0 0.13789027873534912
29 44 40 0.0 0.0 517.0 0.0 9857.0 25.0 2802.0 0.11326860841423947
29 44 41 0.0 0.0 405.0 0.0 8205.0 20.0 1249.0 0.1321003963011889
29 44 42 0.0 0.0 282.0 0.0 5833.0 12.0 408.0 0.17279684028634903
29 44 43 0.0 0.0 248.0 0.0 5808.0 22.0 517.0 0.17421602787456442
29 44 44 0.0 0.0 127.0 0.0 3140.0 18.0 85.0 0.2667174699942846
29 44 45 0.0 0.0 164.0 0.0 4098.0 14.0 162.0 0.22407170294494236
29 44 46 0.0 0.0 38.0 0.0 1203.0 8.0 6.0 0.43316831683168305
29 44 47 0.0 0.0 0.0 0.0 36.0 0.0 0.0 0.6876227897838899
29 44 48 0.0 0.0 1.0 0.0 19.0 0.0 0.0 0.6930693069306929
29 45 29 0.0 0.0 0.0 0.0 3.0 0.0 0.0 0.6989515726410384
29 45 30 0.0 0.0 4.0 0.0 86.0 0.0 0.0 0.6698564593301434
29 45 31 0.0 0.0 0.0 0.0 8.0 0.0 0.0 0.697211155378486
29 45 32 0.0 0.0 1.0 0.0 56.0 0.0 0.0 0.6806028196402526
29 45 33 0.0 0.0 40.0 0.0 922.0 10.0 2.0 0.47441545238902055
29 45 34 0.0 0.0 163.0 0.0 3284.0 25.0 72.0 0.25820730357801547
29 45 35 0.0 0.0 573.0 0.0 10431.0 28.0 3768.0 0.10774203478528549
29 45 36 0.0 0.0 170.0 0.0 4366.0 14.0 194.0 0.21465808034345288
29 45 37 0.0 0.0 208.0 0.0 5112.0 15.0 337.0 0.19154467095361877
29 45 38 0.0 0.0 213.0 0.0 4782.0 15.0 235.0 0.20057306590257878
29 45 39 0.0 0.0 240.0 0.0 5277.0 21.0 301.0 0.18661690215942414
29 45 40 0.0 0.0 103.0 0.0 2901.0 17.0 68.0 0.2806173581880136
29 45 41 0.0 0.0 82.0 0.0 2218.0 8.0 41.0 0.3261882572227399
29 45 42 0.0 0.0 366.0 0.0 8060.0 21.0 1380.0 0.13439569933762116
29 45 43 0.0 0.0 316.0 0.0 6838.0 22.0 720.0 0.15313935681470134
29 45 44 0.0 0.0 187.0 0.0 4508.0 18.0 201.0 0.20954946864241877
29 45 45 0.0 0.0 140.0 0.0 3318.0 16.0 98.0 0.25716385011021303
29 45 46 0.0 0.0 3.0 0.0 220.0 1.0 0.0 0.63006300630063
29 45 47 0.0 0.0 0.0 0.0 78.0 0.0 0.0 0.6737247353224253
29 45 48 0.0 0.0 0.0 0.0 27.0 0.0 0.0 0.6906758756783422
29 45 49 0.0 0.0 0.0 0.0 1.0 0.0 0.0 0.6996501749125437
29 46 32 0.0 0.0 36.0 0.0 819.0 6.0 5.0 0.4914004914004913
29 46 33 0.0 0.0 3.0 0.0 109.0 1.0 0.0 0.6635071090047392
29 46 34 0.0 0.0 13.0 0.0 215.0 1.0 0.0 0.6286484059272563
29 46 35 0.0 0.0 197.0 0.0 3976.0 12.0 130.0 0.2271989613761765
29 46 36 0.0 0.0 51.0 0.0 887.0 5.0 3.0 0.47732696897374693
29 46 37 0.0 0.0 82.0 0.0 1531.0 15.0 15.0 0.38888888888888884
29 46 38 0.0 0.0 134.0 0.0 2748.0 16.0 47.0 0.2876515307170741
29 46 39 0.0 0.0 214.0 0.0 4593.0 13.0 229.0 0.20603384841795436
29 46 40 0.0 0.0 89.0 0.0 2229.0 23.0 45.0 0.3258845437616387
29 46 41 0.0 0.0 146.0 0.0 3705.0 17.0 139.0 0.2399314481576692
29 46 42 0.0 0.0 180.0 0.0 4192.0 22.0 182.0 0.22047244094488186
29 46 43 0.0 0.0 0.0 0.0 89.0 0.0 0.0 0.6701771182383915
29 46 44 0.0 0.0 122.0 0.0 3586.0 18.0 125.0 0.2460889435753208
29 46 45 0.0 0.0 201.0 0.0 4803.0 11.0 280.0 0.20005715918833952
29 46 46 0.0 0.0 18.0 0.0 640.0 4.0 1.0 0.5275056518462696
29 46 47 0.0 0.0 3.0 0.0 129.0 2.0 0.0 0.6572769953051641
29 46 48 0.0 0.0 0.0 0.0 32.0 0.0 0.0 0.6893156080748399
29 46 49 0.0 0.0 0.0 0.0 1.0 0.0 0.0 0.6996501749125437
29 47 31 0.0 0.0 0.0 0.0 1.0 0.0 0.0 0.6996501749125437
29 47 32 0.0 0.0 2.0 0.0 71.0 1.0 0.0 0.6756756756756755
29 47 33 0.0 0.0 0.0 0.0 54.0 0.0 0.0 0.6815968841285296
29 47 34 0.0 0.0 13.0 0.0 259.0 3.0 1.0 0.6170118995152049
29 47 35 0.0 0.0 5.0 0.0 59.0 0.0 0.0 0.6782945736434108
29 47 36 0.0 0.0 68.0 0.0 1590.0 9.0 15.0 0.3835616438356164
29 47 37 0.0 0.0 0.0 0.0 77.0 0.0 0.0 0.6740491092922483
29 47 38 0.0 0.0 9.0 0.0 293.0 2.0 1.0 0.608695652173913
29 47 39 0.0 0.0 2.0 0.0 110.0 1.0 0.0 0.6631927996210326
29 47 40 0.0 0.0 65.0 0.0 1761.0 8.0 11.0 0.3666841278156102
29 47 41 0.0 0.0 20.0 0.0 545.0 4.0 0.0 0.5466614603670441
29 47 42 0.0 0.0 73.0 0.0 1284.0 18.0 5.0 0.41928721174004185
29 47 43 0.0 0.0 0.0 0.0 36.0 0.0 0.0 0.6876227897838899
29 47 44 0.0 0.0 42.0 0.0 688.0 10.0 1.0 0.5147058823529411
29 47 45 0.0 0.0 2.0 0.0 129.0 1.0 0.0 0.6572769953051641
29 47 46 0.0 0.0 5.0 0.0 148.0 1.0 0.0 0.6505576208178437
29 47 47 0.0 0.0 2.0 0.0 59.0 2.0 0.0 0.6799417192812044
29 47 48 0.0 0.0 0.0 0.0 6.0 0.0 0.0 0.6979062811565303
29 48 33 0.0 0.0 0.0 0.0 1.0 0.0 0.0 0.6996501749125437
29 48 34 0.0 0.0 0.0 0.0 6.0 0.0 0.0 0.6979062811565303
29 48 35 0.0 0.0 1.0 0.0 65.0 0.0 0.0 0.6776379477250725
29 48 36 0.0 0.0 3.0 0.0 40.0 0.0 0.0 0.6852667645619186
29 48 37 0.0 0.0 0.0 0.0 9.0 0.0 0.0 0.6968641114982577
29 48 38 0.0 0.0 0.0 0.0 5.0 0.0 0.0 0.6982543640897755
29 48 39 0.0 0.0 0.0 0.0 24.0 1.0 0.0 0.6920415224913494
29 48 40 0.0 0.0 4.0 0.0 180.0 2.0 0.0 0.6419073819348922
29 48 41 0.0 0.0 60.0 0.0 1263.0 10.0 12.0 0.4227053140096617
29 48 42 0.0 0.0 78.0 0.0 1698.0 10.0 16.0 0.3717472118959107
29 48 43 0.0 0.0 19.0 0.0 406.0 6.0 0.0 0.5787515502273666
29 48 44 0.0 0.0 0.0 0.0 12.0 0.0 0.0 0.6958250497017892
29 48 45 0.0 0.0 3.0 0.0 68.0 2.0 0.0 0.6766553890768486
29 48 46 0.0 0.0 0.0 0.0 8.0 0.0 0.0 0.697211155378486
29 49 31 0.0 0.0 0.0 0.0 2.0 0.0 0.0 0.6993006993006992
29 49 34 0.0 0.0 14.0 0.0 332.0 3.0 0.0 0.5975245411865129
29 49 35 0.0 0.0 0.0 0.0 4.0 0.0 0.0 0.6986027944111775
29 49 36 0.0 0.0 0.0 0.0 3.0 0.0 0.0 0.6989515726410384
29 49 37 0.0 0.0 0.0 0.0 2.0 0.0 0.0 0.6993006993006992
29 49 38 0.0 0.0 4.0 0.0 69.0 1.0 0.0 0.6756756756756755
29 49 39 0.0 0.0 0.0 0.0 24.0 0.0 0.0 0.6916996047430829
29 49 40 0.0 0.0 3.0 0.0 135.0 1.0 0.0 0.6551240056153486
29 49 41 0.0 0.0 0.0 0.0 78.0 0.0 0.0 0.6740491092922483
29 49 42 0.0 0.0 2.0 0.0 58.0 0.0 0.0 0.6796116504854368
29 49 43 0.0 0.0 0.0 0.0 38.0 0.0 0.0 0.6869479882237487
29 49 45 0.0 0.0 0.0 0.0 1.0 0.0 0.0 0.6996501749125437
29 49 46 0.0 0.0 0.0 0.0 1.0 0.0 0.0 0.6996501749125437
29 50 36 0.0 0.0 0.0 0.0 1.0 0.0 0.0 0.6996501749125437
29 50 39 0.0 0.0 0.0 0.0 8.0 0.0 0.0 0.697211155378486
29 50 40 0.0 0.0 54.0 0.0 1497.0 7.0 14.0 0.39514535704205467
29 50 41 0.0 0.0 0.0 0.0 5.0 0.0 0.0 0.6982543640897755
29 50 42 0.0 0.0 0.0 0.0 4.0 0.0 0.0 0.6986027944111775
29 50 43 0.0 0.0 0.0 0.0 1.0 0.0 0.0 0.6996501749125437
30 29 41 0.0 0.0 0.0 0.0 3.0 0.0 0.0 0.6989515726410384
30 29 42 0.0 0.0 0.0 0.0 1.0 0.0 0.0 0.6996501749125437
30 30 38 0.0 0.0 0.0 0.0 1.0 0.0 0.0 0.6996501749125437
30 30 39 0.0 0.0 12.0 0.0 117.0 2.0 0.0 0.6582040432534085
30 30 40 0.0 0.0 3.0 0.0 25.0 1.0 0.0 0.6906758756783422
30 30 41 0.0 0.0 0.0 0.0 10.0 0.0 0.0 0.6965174129353233
30 30 42 0.0 0.0 0.0 0.0 3.0 0.0 0.0 0.6989515726410384
30 30 43 0.0 0.0 2.0 0.0 17.0 0.0 0.0 0.6934125804853887
30 30 44 0.0 0.0 0.0 0.0 10.0 0.0 0.0 0.6965174129353233
30 31 34 0.0 0.0 0.0 0.0 1.0 0.0 0.0 0.6996501749125437
30 31 35 0.0 0.0 0.0 0.0 6.0 0.0 0.0 0.6979062811565303
30 31 36 0.0 0.0 0.0 0.0 7.0 0.0 0.0 0.6975585450921773
30 31 37 0.0 0.0 0.0 0.0 24.0 0.0 0.0 0.6916996047430829
30 31 38 0.0 0.0 76.0 0.0 1412.0 21.0 10.0 0.40380732621863275
30 31 39 0.0 0.0 15.0 0.0 423.0 4.0 3.0 0.5751848808545603
30 31 40 0.0 0.0 279.0 0.0 6061.0 25.0 475.0 0.16828945786753213
30 31 41 0.0 0.0 2.0 0.0 124.0 1.0 1.0 0.6588235294117646
30 31 42 0.0 0.0 3.0 0.0 114.0 2.0 0.0 0.6619385342789597
30 31 43 0.0 0.0 5.0 0.0 121.0 1.0 1.0 0.6588235294117646
30 31 44 0.0 0.0 3.0 0.0 260.0 1.0 0.0 0.6189213085764809
30 31 45 0.0 0.0 7.0 0.0 135.0 2.0 0.0 0.6542056074766354
30 31 46 0.0 0.0 0.0 0.0 6.0 0.0 0.0 0.6979062811565303
30 32 32 0.0 0.0 0.0 0.0 2.0 0.0 0.0 0.6993006993006992
30 32 33 0.0 0.0 0.0 0.0 1.0 0.0 0.0 0.6996501749125437
30 32 34 0.0 0.0 0.0 0.0 3.0 0.0 0.0 0.6989515726410384
30 32 35 0.0 0.0 62.0 0.0 1538.0 11.0 12.0 0.38997214484679665
30 32 36 0.0 0.0 105.0 0.0 2317.0 20.0 28.0 0.31796502384737674
30 32 37 0.0 0.0 384.0 0.0 7234.0 21.0 788.0 0.14575741801145234
30 32 38 0.0 0.0 377.0 0.0 8039.0 30.0 1266.0 0.13474494706448506
30 32 39 0.0 0.0 703.0 0.0 11288.0 28.0 4669.0 0.1002004008016032
30 32 40 0.0 0.0 145.0 0.0 3844.0 12.0 169.0 0.23407456946998825
30 32 41 0.0 0.0 177.0 0.0 3583.0 25.0 107.0 0.24407252440725236
30 32 42 0.0 0.0 227.0 0.0 4812.0 23.0 257.0 0.19945861233793988
30 32 43 0.0 0.0 443.0 0.0 9051.0 23.0 1932.0 0.12195121951219509
30 32 44 0.0 0.0 389.0 0.0 8354.0 30.0 1468.0 0.13059701492537312
30 32 45 0.0 0.0 54.0 0.0 1394.0 13.0 18.0 0.40745052386495917
30 32 46 0.0 0.0 0.0 0.0 12.0 0.0 0.0 0.6958250497017892
30 32 48 0.0 0.0 0.0 0.0 1.0 0.0 0.0 0.6996501749125437
30 33 32 0.0 0.0 0.0 0.0 2.0 0.0 0.0 0.6993006993006992
30 33 33 0.0 0.0 0.0 0.0 2.0 0.0 0.0 0.6993006993006992
30 33 34 0.0 0.0 2.0 0.0 30.0 1.0 0.0 0.6893156080748399
30 33 35 0.0 0.0 63.0 0.0 1575.0 12.0 15.0 0.38610038610038605
30 33 36 0.0 0.0 130.0 0.0 3336.0 15.0 104.0 0.25673940949935814
30 33 37 0.0 0.0 55.0 0.0 1581.0 10.0 18.0 0.3862068965517241
30 33 38 0.0 0.0 453.0 0.0 8971.0 24.0 1875.0 0.12268863377442817
30 33 39 0.0 0.0 238.0 0.0 5602.0 15.0 419.0 0.1789366053169734
30 33 40 0.0 0.0 195.0 0.0 4539.0 22.0 199.0 0.20839535576064305
30 33 41 0.0 0.0 439.0 0.0 8238.0 27.0 1223.0 0.13138138138138136
30 33 42 0.0 0.0 204.0 0.0 5010.0 20.0 307.0 0.19457956914523972
30 33 43 0.0 0.0 231.0 0.0 5401.0 15.0 333.0 0.18382352941176466
30 33 44 0.0 0.0 127.0 0.0 2825.0 16.0 69.0 0.2836304700162074
30 33 45 0.0 0.0 6.0 0.0 239.0 0.0 0.0 0.6236080178173719
30 33 46 0.0 0.0 4.0 0.0 112.0 1.0 0.0 0.6619385342789597
30 33 47 0.0 0.0 3.0 0.0 37.0 1.0 0.0 0.6866110838646394
30 33 48 0.0 0.0 0.0 0.0 4.0 0.0 0.0 0.6986027944111775
30 33 49 0.0 0.0 0.0 0.0 1.0 0.0 0.0 0.6996501749125437
30 34 32 0.0 0.0 0.0 0.0 1.0 0.0 0.0 0.6996501749125437
30 34 33 0.0 0.0 1.0 0.0 37.0 1.0 0.0 0.6872852233676975
30 34 34 0.0 0.0 1.0 0.0 124.0 1.0 0.0 0.6591337099811675
30 34 35 0.0 0.0 420.0 0.0 7832.0 25.0 1014.0 0.1368256450351837
30 34 36 0.0 0.0 245.0 0.0 5240.0 12.0 333.0 0.1872909698996655
30 34 37 0.0 0.0 423.0 0.0 8587.0 23.0 1609.0 0.1273421866472621
30 34 38 0.0 0.0 152.0 0.0 3992.0 17.0 163.0 0.22845953002610964
30 34 39 0.0 0.0 594.0 0.0 10311.0 25.0 2979.0 0.10861975327798898
30 34 40 0.0 0.0 506.0 0.0 9701.0 25.0 2391.0 0.1148293963254593
30 34 41 0.0 0.0 603.0 0.0 10508.0 24.0 3015.0 0.10682130321989927
30 34 42 0.0 0.0 286.0 0.0 5643.0 27.0 382.0 0.17710309930423782
30 34 43 0.0 0.0 375.0 0.0 8026.0 23.0 1231.0 0.13479684190256114
30 34 44 0.0 0.0 79.0 0.0 1880.0 11.0 21.0 0.35478966041561066
30 34 45 0.0 0.0 9.0 0.0 404.0 4.0 0.0 0.58115400581154
30 34 46 0.0 0.0 87.0 0.0 1841.0 14.0 13.0 0.35741639009445997
30 34 47 0.0 0.0 6.0 0.0 162.0 0.0 0.0 0.6457564575645756
30 34 48 0.0 0.0 1.0 0.0 11.0 0.0 0.0 0.6958250497017892
30 34 49 0.0 0.0 4.0 0.0 145.0 2.0 0.0 0.6520726595249184
30 35 32 0.0 0.0 0.0 0.0 9.0 0.0 0.0 0.6968641114982577
30 35 33 0.0 0.0 4.0 0.0 120.0 0.0 0.0 0.6591337099811675
30 35 34 0.0 0.0 129.0 0.0 3037.0 11.0 80.0 0.27158098933074676
30 35 35 0.0 0.0 320.0 0.0 6913.0 15.0 724.0 0.15184381778741862
30 35 36 0.0 0.0 647.0 0.0 10968.0 31.0 3998.0 0.10293360782295417
30 35 37 0.0 0.0 504.0 0.0 9733.0 31.0 2417.0 0.11456628477905073
30 35 38 0.0 0.0 1149.0 0.0 12737.0 28.0 14198.0 0.08807247106190234
30 35 39 0.0 0.0 973.0 0.0 12601.0 28.0 8917.0 0.08989918448596929
30 35 40 0.0 0.0 1116.0 0.0 12624.0 30.0 12826.0 0.0889171165449349
30 35 41 0.0 0.0 682.0 0.0 11256.0 31.0 5099.0 0.10047366154729438
30 35 42 0.0 0.0 565.0 0.0 10490.0 23.0 3494.0 0.10733726903319787
30 35 43 0.0 0.0 448.0 0.0 8111.0 23.0 1152.0 0.13282732447817835
30 35 44 0.0 0.0 128.0 0.0 3375.0 13.0 102.0 0.2549162418062636
30 35 45 0.0 0.0 124.0 0.0 2824.0 10.0 72.0 0.2835730200526635
30 35 46 0.0 0.0 333.0 0.0 7275.0 21.0 910.0 0.14590932777488275
30 35 47 0.0 0.0 13.0 0.0 315.0 1.0 0.0 0.6018916595012896
30 35 48 0.0 0.0 0.0 0.0 9.0 0.0 0.0 0.697211155378486
30 35 49 0.0 0.0 0.0 0.0 4.0 0.0 0.0 0.6986027944111775
30 35 50 0.0 0.0 0.0 0.0 3.0 0.0 0.0 0.6989515726410384
30 35 51 0.0 0.0 2.0 0.0 13.0 0.0 0.0 0.694789081885856
30 36 31 0.0 0.0 0.0 0.0 2.0 0.0 0.0 0.6993006993006992
30 36 32 0.0 0.0 59.0 0.0 1244.0 9.0 7.0 0.4250151791135397
30 36 33 0.0 0.0 29.0 0.0 606.0 8.0 2.0 0.5329272934906736
30 36 34 0.0 0.0 499.0 0.0 9072.0 27.0 1840.0 0.12108631724615115
30 36 35 0.0 0.0 961.0 0.0 12517.0 35.0 9346.0 0.09048603929679419
30 36 36 0.0 0.0 731.0 0.0 11402.0 33.0 6429.0 0.09915716410510658
30 36 37 0.0 0.0 541.0 0.0 10010.0 25.0 2705.0 0.11166945840312673
30 36 38 0.0 0.0 1577.0 0.0 12528.0 39.0 24091.0 0.0869619231008137
30 36 39 0.0 0.0 1194.0 0.0 12744.0 32.0 14609.0 0.08789001192793018
30 36 40 0.0 0.0 962.0 0.0 12680.0 33.0 7194.0 0.08958853266781851
30 36 41 0.0 0.0 794.0 0.0 11927.0 29.0 5001.0 0.0951345474313672
30 36 42 0.0 0.0 449.0 0.0 8788.0 20.0 1716.0 0.12469938541017189
30 36 43 0.0 0.0 695.0 0.0 11405.0 26.0 5111.0 0.0992978225406057
30 36 44 0.0 0.0 537.0 0.0 10128.0 30.0 3060.0 0.11073321205410107
30 36 45 0.0 0.0 240.0 0.0 5361.0 25.0 337.0 0.18462349993406302
30 36 46 0.0 0.0 196.0 0.0 4629.0 19.0 244.0 0.20564042303172733
30 36 47 0.0 0.0 14.0 0.0 298.0 5.0 0.0 0.6068487212830515
30 36 48 0.0 0.0 0.0 0.0 33.0 0.0 0.0 0.6886374815543531
30 36 49 0.0 0.0 0.0 0.0 5.0 0.0 0.0 0.6982543640897755
30 36 50 0.0 0.0 0.0 0.0 2.0 0.0 0.0 0.6993006993006992
30 36 51 0.0 0.0 0.0 0.0 2.0 0.0 0.0 0.6993006993006992
30 37 30 0.0 0.0 0.0 0.0 1.0 0.0 0.0 0.6996501749125437
30 37 31 0.0 0.0 0.0 0.0 8.0 0.0 0.0 0.697211155378486
30 37 32 0.0 0.0 120.0 0.0 2607.0 14.0 42.0 0.2970507107999151
30 37 33 0.0 0.0 527.0 0.0 9641.0 27.0 2242.0 0.11523582187834387
30 37 34 0.0 0.0 299.0 0.0 6929.0 21.0 797.0 0.15199218325914665
30 37 35 0.0 0.0 431.0 0.0 8467.0 25.0 1537.0 0.12867647058823528
30 37 36 0.0 0.0 755.0 0.0 11475.0 32.0 4379.0 0.09852910127384051
30 37 37 0.0 0.0 1133.0 0.0 12890.0 49.0 12830.0 0.08747813046738315
30 37 38 0.0 0.0 1213.0 0.0 12930.0 31.0 13664.0 0.08672489623985627
30 37 39 0.0 0.0 1721.0 0.0 12915.0 36.0 23971.0 0.08413967185527976
30 37 40 0.0 0.0 1524.0 0.0 13569.0 55.0 17703.0 0.08197681227309989
30 37 41 0.0 0.0 1288.0 0.0 13077.0 40.0 14610.0 0.0855798031664527
30 37 42 0.0 0.0 1051.0 0.0 12891.0 39.0 10247.0 0.08790104853393607
30 37 43 0.0 0.0 860.0 0.0 12120.0 30.0 7323.0 0.09346418318979904
30 37 44 0.0 0.0 692.0 0.0 11321.0 28.0 4485.0 0.09995002498750623
30 37 45 0.0 0.0 468.0 0.0 9166.0 23.0 1959.0 0.12051304123267624
30 37 46 0.0 0.0 148.0 0.0 2875.0 18.0 61.0 0.27972027972027974
30 37 47 0.0 0.0 2.0 0.0 105.0 1.0 1.0 0.664767331433998
30 37 48 0.0 0.0 22.0 0.0 446.0 5.0 2.0 0.5684125050751115
30 37 49 0.0 0.0 10.0 0.0 135.0 1.0 0.0 0.6529850746268656
30 37 50 0.0 0.0 0.0 0.0 2.0 1.0 0.0 0.6996501749125437
30 38 30 0.0 0.0 0.0 0.0 9.0 0.0 0.0 0.6968641114982577
30 38 31 0.0 0.0 0.0 0.0 15.0 0.0 0.0 0.694789081885856
30 38 32 0.0 0.0 42.0 0.0 1151.0 11.0 10.0 0.43983663210807405
30 38 33 0.0 0.0 240.0 0.0 4985.0 15.0 279.0 0.19420169232903312
30 38 34 0.0 0.0 469.0 0.0 9077.0 26.0 1826.0 0.12140131807145334
30 38 35 0.0 0.0 1053.0 0.0 12765.0 32.0 10917.0 0.08848998166993235
30 38 36 0.0 0.0 1055.0 0.0 12684.0 28.0 10100.0 0.0889905924230867
30 38 37 0.0 0.0 1380.0 0.0 13075.0 41.0 16917.0 0.08511673151750972
30 38 38 0.0 0.0 1948.0 0.0 12070.0 47.0 31721.0 0.08741804558226662
30 38 39 0.0 0.0 1949.0 0.0 12631.0 53.0 28135.0 0.08436784379896348
30 38 40 0.0 0.0 2394.0 0.0 11274.0 51.0 43281.0 0.08931419457735246
30 38 41 0.0 0.0 1479.0 0.0 13129.0 47.0 18779.0 0.08434751174840342
30 38 42 0.0 0.0 1054.0 0.0 12751.0 24.0 9838.0 0.08850676444556832
30 38 43 0.0 0.0 870.0 0.0 12117.0 34.0 8706.0 0.09351412731280474
30 38 44 0.0 0.0 983.0 0.0 12585.0 32.0 9080.0 0.0899338343932678
30 38 45 0.0 0.0 383.0 0.0 7338.0 24.0 821.0 0.1443001443001443
30 38 46 0.0 0.0 37.0 0.0 1566.0 7.0 25.0 0.38942976356050063
30 38 47 0.0 0.0 39.0 0.0 1056.0 3.0 5.0 0.4527813712807244
30 38 48 0.0 0.0 0.0 0.0 35.0 0.0 0.0 0.6879606879606879
30 38 49 0.0 0.0 0.0 0.0 11.0 0.0 0.0 0.6961710591745399
30 38 50 0.0 0.0 0.0 0.0 1.0 0.0 0.0 0.6996501749125437
30 39 30 0.0 0.0 0.0 0.0 22.0 0.0 0.0 0.6923837784371908
30 39 31 0.0 0.0 12.0 0.0 379.0 3.0 2.0 0.5862646566164154
30 39 32 0.0 0.0 96.0 0.0 2943.0 8.0 80.0 0.27833001988071565
30 39 33 0.0 0.0 386.0 0.0 7654.0 21.0 953.0 0.1396508728179551
30 39 34 0.0 0.0 521.0 0.0 9412.0 24.0 1905.0 0.11749895090222408
30 39 35 0.0 0.0 515.0 0.0 9742.0 22.0 2449.0 0.1143603986276752
30 39 36 0.0 0.0 952.0 0.0 12540.0 36.0 8900.0 0.09045096265667397
30 39 37 0.0 0.0 1313.0 0.0 13349.0 30.0 13956.0 0.08400336013440536
30 39 38 0.0 0.0 1843.0 0.0 12570.0 46.0 26847.0 0.08529823920063363
30 39 39 0.0 0.0 2142.0 0.0 12370.0 49.0 32399.0 0.08483306065563835
30 39 40 0.0 0.0 1657.0 0.0 13196.0 41.0 21097.0 0.0830072334874896
30 39 41 0.0 0.0 1356.0 0.0 13176.0 40.0 16621.0 0.08471499455403605
30 39 42 0.0 0.0 1120.0 0.0 13219.0 34.0 10973.0 0.08571078731480347
30 39 43 0.0 0.0 929.0 0.0 12557.0 29.0 7485.0 0.09042175289026673
30 39 44 0.0 0.0 751.0 0.0 11554.0 32.0 5978.0 0.09794319294809009
30 39 45 0.0 0.0 366.0 0.0 7919.0 22.0 1265.0 0.13641235506187274
30 39 46 0.0 0.0 493.0 0.0 9487.0 25.0 2284.0 0.11700793982448807
30 39 47 0.0 0.0 73.0 0.0 1607.0 14.0 8.0 0.38188761593016907
30 39 48 0.0 0.0 1.0 0.0 43.0 0.0 0.0 0.684931506849315
30 39 49 0.0 0.0 0.0 0.0 16.0 2.0 0.0 0.6951340615690167
30 40 30 0.0 0.0 0.0 0.0 8.0 0.0 0.0 0.697211155378486
30 40 31 0.0 0.0 77.0 0.0 1610.0 11.0 10.0 0.3808487486398258
30 40 32 0.0 0.0 591.0 0.0 10420.0 30.0 3499.0 0.10773374374759521
30 40 33 0.0 0.0 726.0 0.0 11373.0 27.0 4531.0 0.09936124911284598
30 40 34 0.0 0.0 119.0 0.0 3286.0 16.0 118.0 0.2596920793915785
30 40 35 0.0 0.0 615.0 0.0 10564.0 33.0 3131.0 0.10634257500949486
30 40 36 0.0 0.0 1116.0 0.0 13109.0 37.0 11383.0 0.08631851532153645
30 40 37 0.0 0.0 1677.0 0.0 12498.0 46.0 25758.0 0.08649450142098108
30 40 38 0.0 0.0 2149.0 0.0 11782.0 49.0 35595.0 0.08779631255487269
30 40 39 0.0 0.0 1601.0 0.0 12726.0 48.0 23239.0 0.08577380223011885
30 40 40 0.0 0.0 1152.0 0.0 13429.0 23.0 10341.0 0.08438818565400844
30 40 41 0.0 0.0 760.0 0.0 11900.0 29.0 5711.0 0.09555009555009554
30 40 42 0.0 0.0 1005.0 0.0 12796.0 32.0 8786.0 0.08864125617323033
30 40 43 0.0 0.0 943.0 0.0 12759.0 34.0 7747.0 0.08919469928644239
30 40 44 0.0 0.0 717.0 0.0 11516.0 21.0 4836.0 0.0984321169936019
30 40 45 0.0 0.0 997.0 0.0 12593.0 34.0 9800.0 0.08986456126837408
30 40 46 0.0 0.0 597.0 0.0 10685.0 26.0 3642.0 0.10550113036925395
30 40 47 0.0 0.0 235.0 0.0 5635.0 17.0 457.0 0.1782077393075356
30 40 48 0.0 0.0 56.0 0.0 1604.0 4.0 17.0 0.3829321663019693
30 40 49 0.0 0.0 5.0 0.0 81.0 2.0 0.0 0.6717850287907868
30 40 50 0.0 0.0 0.0 0.0 6.0 0.0 0.0 0.6979062811565303
30 41 28 0.0 0.0 0.0 0.0 1.0 0.0 0.0 0.6996501749125437
30 41 30 0.0 0.0 10.0 0.0 225.0 2.0 0.0 0.6269592476489028
30 41 31 0.0 0.0 127.0 0.0 2282.0 14.0 43.0 0.31861629494765586
30 41 32 0.0 0.0 632.0 0.0 10381.0 21.0 2849.0 0.10767574219350867
30 41 33 0.0 0.0 305.0 0.0 6099.0 22.0 415.0 0.16694490818030047
30 41 34 0.0 0.0 676.0 0.0 11336.0 25.0 4599.0 0.09997143673236217
30 41 35 0.0 0.0 764.0 0.0 11518.0 22.0 4528.0 0.0979980400391992
30 41 36 0.0 0.0 997.0 0.0 12783.0 35.0 8845.0 0.08878741755454084
30 41 37 0.0 0.0 1177.0 0.0 13077.0 43.0 12560.0 0.08615384615384615
30 41 38 0.0 0.0 1735.0 0.0 11835.0 52.0 28573.0 0.08987609937728701
30 41 39 0.0 0.0 1210.0 0.0 13242.0 31.0 11963.0 0.08512190673071075
30 41 40 0.0 0.0 1180.0 0.0 13300.0 35.0 11237.0 0.08494114791894186
30 41 41 0.0 0.0 1817.0 0.0 12537.0 45.0 27086.0 0.08563214875527554
30 41 42 0.0 0.0 1323.0 0.0 13283.0 32.0 14253.0 0.08430180044559522
30 41 43 0.0 0.0 1012.0 0.0 12759.0 34.0 9153.0 0.08877052818464269
30 41 44 0.0 0.0 1248.0 0.0 13253.0 35.0 12644.0 0.08483820143012967
30 41 45 0.0 0.0 1398.0 0.0 12608.0 57.0 18489.0 0.087527352297593
30 41 46 0.0 0.0 759.0 0.0 11570.0 23.0 4839.0 0.09776536312849161
30 41 47 0.0 0.0 289.0 0.0 6365.0 24.0 639.0 0.1621684234912545
30 41 48 0.0 0.0 84.0 0.0 1576.0 19.0 13.0 0.38450975006866245
30 41 49 0.0 0.0 0.0 0.0 21.0 0.0 0.0 0.6927263730826323
30 41 50 0.0 0.0 0.0 0.0 1.0 0.0 0.0 0.6996501749125437
30 42 30 0.0 0.0 0.0 0.0 40.0 0.0 0.0 0.6862745098039215
30 42 31 0.0 0.0 111.0 0.0 2587.0 16.0 47.0 0.2990813928647724
30 42 32 0.0 0.0 235.0 0.0 4962.0 22.0 262.0 0.19504040122596822
30 42 33 0.0 0.0 168.0 0.0 3962.0 15.0 167.0 0.22887036128821314
30 42 34 0.0 0.0 317.0 0.0 7155.0 24.0 792.0 0.14811680067710536
30 42 35 0.0 0.0 648.0 0.0 11188.0 34.0 4433.0 0.1013464601129289
30 42 36 0.0 0.0 945.0 0.0 12666.0 42.0 7451.0 0.08978387738087602
30 42 37 0.0 0.0 946.0 0.0 12698.0 29.0 7414.0 0.08944543828264757
30 42 38 0.0 0.0 652.0 0.0 11124.0 22.0 4333.0 0.10163339382940108
30 42 39 0.0 0.0 1180.0 0.0 13443.0 33.0 12078.0 0.08425613866153105
30 42 40 0.0 0.0 1517.0 0.0 12705.0 51.0 21233.0 0.08638242734620842
30 42 41 0.0 0.0 1275.0 0.0 13405.0 24.0 13694.0 0.08390267289943663
30 42 42 0.0 0.0 1294.0 0.0 13221.0 37.0 13678.0 0.08481250378627248
30 42 43 0.0 0.0 876.0 0.0 12401.0 38.0 7451.0 0.09174913166000392
30 42 44 0.0 0.0 1023.0 0.0 12631.0 39.0 11092.0 0.08949689957169339
30 42 45 0.0 0.0 940.0 0.0 12465.0 34.0 7838.0 0.09095634095634093
30 42 46 0.0 0.0 311.0 0.0 7045.0 25.0 840.0 0.14989293361884368
30 42 47 0.0 0.0 421.0 0.0 8011.0 23.0 1052.0 0.13439569933762116
30 42 48 0.0 0.0 95.0 0.0 1804.0 11.0 13.0 0.3600823045267489
30 42 49 0.0 0.0 7.0 0.0 171.0 5.0 0.0 0.6442705936493326
30 42 50 0.0 0.0 0.0 0.0 1.0 0.0 0.0 0.6996501749125437
30 43 28 0.0 0.0 0.0 0.0 2.0 0.0 0.0 0.6993006993006992
30 43 29 0.0 0.0 0.0 0.0 11.0 0.0 0.0 0.6961710591745399
30 43 30 0.0 0.0 13.0 0.0 215.0 2.0 1.0 0.6294964028776977
30 43 31 0.0 0.0 43.0 0.0 1153.0 7.0 8.0 0.43900909375979924
30 43 32 0.0 0.0 91.0 0.0 2059.0 10.0 19.0 0.3380825887466795
30 43 33 0.0 0.0 159.0 0.0 4251.0 17.0 177.0 0.21905805038335158
30 43 34 0.0 0.0 906.0 0.0 12196.0 24.0 9663.0 0.09270909211310509
30 43 35 0.0 0.0 1077.0 0.0 12610.0 34.0 12042.0 0.08930849706557793
30 43 36 0.0 0.0 1073.0 0.0 12808.0 40.0 9731.0 0.08817231389343745
30 43 37 0.0 0.0 1023.0 0.0 12283.0 29.0 12352.0 0.09155113784985612
30 43 38 0.0 0.0 829.0 0.0 12171.0 34.0 6339.0 0.09340182800720527
30 43 39 0.0 0.0 1761.0 0.0 12480.0 55.0 25849.0 0.08624407072013798
30 43 40 0.0 0.0 1260.0 0.0 13036.0 40.0 14233.0 0.08587903324745429
30 43 41 0.0 0.0 1800.0 0.0 12514.0 50.0 27007.0 0.08585796639273886
30 43 42 0.0 0.0 1556.0 0.0 12743.0 46.0 20476.0 0.08597396217145663
30 43 43 0.0 0.0 1373.0 0.0 13125.0 26.0 16442.0 0.08480222908716456
30 43 44 0.0 0.0 1118.0 0.0 12838.0 40.0 12720.0 0.08776879192527114
30 43 45 0.0 0.0 745.0 0.0 11816.0 26.0 6423.0 0.096160450580397
30 43 46 0.0 0.0 238.0 0.0 5320.0 17.0 375.0 0.18555334658714379
30 43 47 0.0 0.0 44.0 0.0 1185.0 9.0 5.0 0.4350528278433809
30 43 48 0.0 0.0 5.0 0.0 206.0 2.0 0.0 0.6340579710144926
30 43 49 0.0 0.0 0.0 0.0 2.0 0.0 0.0 0.6993006993006992
30 44 28 0.0 0.0 0.0 0.0 8.0 0.0 0.0 0.697211155378486
30 44 29 0.0 0.0 0.0 0.0 8.0 0.0 0.0 0.697211155378486
30 44 30 0.0 0.0 228.0 0.0 4909.0 24.0 239.0 0.1967120977940143
30 44 31 0.0 0.0 300.0 0.0 6259.0 22.0 489.0 0.16393442622950816
30 44 32 0.0 0.0 223.0 0.0 5236.0 20.0 331.0 0.18814675446848542
30 44 33 0.0 0.0 367.0 0.0 7701.0 34.0 1093.0 0.1394422310756972
30 44 34 0.0 0.0 578.0 0.0 10297.0 23.0 2879.0 0.10875475802066338
30 44 35 0.0 0.0 916.0 0.0 12350.0 39.0 9658.0 0.09178522257916474
30 44 36 0.0 0.0 1072.0 0.0 12949.0 26.0 11541.0 0.08735804317983276
30 44 37 0.0 0.0 1465.0 0.0 12254.0 29.0 22670.0 0.08905852417302798
30 44 38 0.0 0.0 617.0 0.0 10375.0 14.0 2556.0 0.10779180782260547
30 44 39 0.0 0.0 879.0 0.0 12313.0 29.0 7424.0 0.0921901751613328
30 44 40 0.0 0.0 705.0 0.0 11436.0 28.0 4707.0 0.09913609970259168
30 44 41 0.0 0.0 471.0 0.0 9330.0 28.0 2085.0 0.11882532676964859
30 44 42 0.0 0.0 1127.0 0.0 12688.0 35.0 13855.0 0.08851236011885943
30 44 43 0.0 0.0 1198.0 0.0 12787.0 37.0 13771.0 0.08756019763587465
30 44 44 0.0 0.0 908.0 0.0 12508.0 21.0 7032.0 0.09077352006743175
30 44 45 0.0 0.0 713.0 0.0 11292.0 43.0 5086.0 0.100121576199671
30 44 46 0.0 0.0 312.0 0.0 6449.0 21.0 621.0 0.16009148084619781
30 44 47 0.0 0.0 326.0 0.0 6943.0 20.0 825.0 0.15125324114088157
30 44 48 0.0 0.0 0.0 0.0 148.0 0.0 0.0 0.6517690875232773
30 44 49 0.0 0.0 0.0 0.0 9.0 0.0 0.0 0.6968641114982577
30 45 28 0.0 0.0 0.0 0.0 6.0 0.0 0.0 0.6979062811565303
30 45 29 0.0 0.0 0.0 0.0 5.0 0.0 0.0 0.6982543640897755
30 45 30 0.0 0.0 0.0 0.0 21.0 0.0 0.0 0.6927263730826323
30 45 31 0.0 0.0 25.0 0.0 375.0 8.0 0.0 0.5852842809364547
30 45 32 0.0 0.0 61.0 0.0 1651.0 9.0 15.0 0.37807183364839314
30 45 33 0.0 0.0 162.0 0.0 3057.0 19.0 75.0 0.269179004037685
30 45 34 0.0 0.0 275.0 0.0 5662.0 22.0 396.0 0.17685699848408284
30 45 35 0.0 0.0 372.0 0.0 8443.0 17.0 1638.0 0.12955765315565426
30 45 36 0.0 0.0 705.0 0.0 11177.0 19.0 3765.0 0.10088635872306694
30 45 37 0.0 0.0 602.0 0.0 10401.0 40.0 3059.0 0.10790812394018805
30 45 38 0.0 0.0 611.0 0.0 10276.0 33.0 2674.0 0.10873786407766989
30 45 39 0.0 0.0 1042.0 0.0 12815.0 28.0 10256.0 0.08821676118462507
30 45 40 0.0 0.0 927.0 0.0 12232.0 32.0 10403.0 0.09237875288683602
30 45 41 0.0 0.0 755.0 0.0 11684.0 24.0 4611.0 0.09701337398655671
30 45 42 0.0 0.0 267.0 0.0 5728.0 20.0 427.0 0.17554858934169276
30 45 43 0.0 0.0 318.0 0.0 6744.0 16.0 725.0 0.15474743008732172
30 45 44 0.0 0.0 402.0 0.0 7772.0 28.0 986.0 0.1379310344827586
30 45 45 0.0 0.0 1019.0 0.0 12854.0 35.0 8479.0 0.08826125330979699
30 45 46 0.0 0.0 406.0 0.0 8414.0 23.0 1452.0 0.12959363139868554
30 45 47 0.0 0.0 379.0 0.0 7028.0 23.0 665.0 0.1490789053348951
30 45 48 0.0 0.0 132.0 0.0 3030.0 20.0 79.0 0.27216174183514774
30 45 49 0.0 0.0 0.0 0.0 4.0 0.0 0.0 0.6986027944111775
30 46 31 0.0 0.0 1.0 0.0 18.0 0.0 0.0 0.6934125804853887
30 46 32 0.0 0.0 9.0 0.0 338.0 3.0 1.0 0.5972696245733787
30 46 33 0.0 0.0 741.0 0.0 11455.0 25.0 5175.0 0.0986401747340238
30 46 34 0.0 0.0 229.0 0.0 5188.0 21.0 305.0 0.18921475875118257
30 46 35 0.0 0.0 124.0 0.0 2721.0 17.0 75.0 0.2897950734837507
30 46 36 0.0 0.0 189.0 0.0 4391.0 22.0 217.0 0.21347971942665442
30 46 37 0.0 0.0 814.0 0.0 12168.0 28.0 5877.0 0.09346418318979904
30 46 38 0.0 0.0 394.0 0.0 8094.0 17.0 1328.0 0.13357504054956587
30 46 39 0.0 0.0 571.0 0.0 10361.0 22.0 2906.0 0.10832559579077684
30 46 40 0.0 0.0 766.0 0.0 11828.0 30.0 6088.0 0.09602194787379972
30 46 41 0.0 0.0 731.0 0.0 11535.0 23.0 5891.0 0.09816295049782639
30 46 42 0.0 0.0 313.0 0.0 6890.0 25.0 753.0 0.15253867945086075
30 46 43 0.0 0.0 167.0 0.0 4708.0 17.0 320.0 0.20405188747995914
30 46 44 0.0 0.0 502.0 0.0 8886.0 24.0 1601.0 0.12305528698250855
30 46 45 0.0 0.0 217.0 0.0 4738.0 18.0 234.0 0.20178725857595847
30 46 46 0.0 0.0 404.0 0.0 8500.0 22.0 1517.0 0.12858192505510652
30 46 47 0.0 0.0 465.0 0.0 9105.0 27.0 1807.0 0.1212121212121212
30 46 48 0.0 0.0 24.0 0.0 586.0 6.0 2.0 0.5378409527468304
30 46 49 0.0 0.0 0.0 0.0 9.0 2.0 0.0 0.6975585450921773
30 47 31 0.0 0.0 0.0 0.0 3.0 0.0 0.0 0.6989515726410384
30 47 32 0.0 0.0 0.0 0.0 82.0 0.0 0.0 0.6724303554274734
30 47 33 0.0 0.0 167.0 0.0 3951.0 18.0 150.0 0.22950819672131142
30 47 34 0.0 0.0 213.0 0.0 4916.0 14.0 286.0 0.1967120977940143
30 47 35 0.0 0.0 170.0 0.0 3561.0 22.0 123.0 0.24522683482221053
30 47 36 0.0 0.0 86.0 0.0 2282.0 18.0 45.0 0.32176511146862785
30 47 37 0.0 0.0 212.0 0.0 4721.0 16.0 282.0 0.20234137881196704
30 47 38 0.0 0.0 151.0 0.0 3592.0 20.0 120.0 0.24471246285614398
30 47 39 0.0 0.0 136.0 0.0 3066.0 13.0 80.0 0.2698535080956052
30 47 40 0.0 0.0 160.0 0.0 4178.0 14.0 193.0 0.2213438735177865
30 47 41 0.0 0.0 308.0 0.0 7084.0 20.0 836.0 0.14931740614334468
30 47 42 0.0 0.0 212.0 0.0 4666.0 14.0 241.0 0.20393299344501087
30 47 43 0.0 0.0 190.0 0.0 4083.0 14.0 136.0 0.2236421725239616
30 47 44 0.0 0.0 211.0 0.0 4713.0 14.0 244.0 0.202516996962245
30 47 45 0.0 0.0 320.0 0.0 6253.0 20.0 518.0 0.16364699006428984
30 47 46 0.0 0.0 8.0 0.0 457.0 3.0 1.0 0.5686433793663687
30 47 47 0.0 0.0 15.0 0.0 422.0 7.0 1.0 0.5761316872427983
30 47 48 0.0 0.0 1.0 0.0 75.0 0.0 0.0 0.6743737957610789
30 47 49 0.0 0.0 0.0 0.0 6.0 0.0 0.0 0.6979062811565303
30 48 32 0.0 0.0 77.0 0.0 2070.0 14.0 32.0 0.33881897386253623
30 48 33 0.0 0.0 64.0 0.0 1322.0 9.0 11.0 0.41456914421083796
30 48 34 0.0 0.0 15.0 0.0 399.0 5.0 1.0 0.58115400581154
30 48 35 0.0 0.0 251.0 0.0 5546.0 23.0 409.0 0.18006430868167198
30 48 36 0.0 0.0 3.0 0.0 186.0 4.0 1.0 0.6407322654462241
30 48 37 0.0 0.0 53.0 0.0 1332.0 11.0 6.0 0.41481481481481475
30 48 38 0.0 0.0 7.0 0.0 310.0 3.0 0.0 0.6050129645635263
30 48 39 0.0 0.0 76.0 0.0 1955.0 7.0 25.0 0.34791252485089463
30 48 40 0.0 0.0 531.0 0.0 9670.0 31.0 2244.0 0.11493309252113947
30 48 41 0.0 0.0 391.0 0.0 8058.0 25.0 1233.0 0.13417672992141075
30 48 42 0.0 0.0 587.0 0.0 10298.0 24.0 3096.0 0.1086787765874864
30 48 43 0.0 0.0 5.0 0.0 333.0 2.0 1.0 0.5993150684931505
30 48 44 0.0 0.0 10.0 0.0 360.0 3.0 0.0 0.5917159763313609
30 48 45 0.0 0.0 154.0 0.0 3580.0 29.0 123.0 0.2453557658604977
30 48 46 0.0 0.0 28.0 0.0 641.0 7.0 1.0 0.5259203606311044
30 48 47 0.0 0.0 1.0 0.0 39.0 0.0 0.0 0.6862745098039215
30 48 48 0.0 0.0 0.0 0.0 4.0 0.0 0.0 0.6986027944111775
30 48 49 0.0 0.0 0.0 0.0 2.0 0.0 0.0 0.6993006993006992
30 49 31 0.0 0.0 0.0 0.0 3.0 0.0 0.0 0.6989515726410384
30 49 32 0.0 0.0 0.0 0.0 4.0 0.0 0.0 0.6986027944111775
30 49 33 0.0 0.0 0.0 0.0 1.0 0.0 0.0 0.6996501749125437
30 49 34 0.0 0.0 0.0 0.0 6.0 0.0 0.0 0.6979062811565303
30 49 35 0.0 0.0 0.0 0.0 13.0 0.0 0.0 0.695479384003974
30 49 36 0.0 0.0 0.0 0.0 40.0 0.0 0.0 0.6862745098039215
30 49 37 0.0 0.0 123.0 0.0 2897.0 12.0 59.0 0.27955271565495204
30 49 38 0.0 0.0 95.0 0.0 1780.0 19.0 9.0 0.36307053941908707
30 49 39 0.0 0.0 28.0 0.0 698.0 4.0 3.0 0.5143277002204261
30 49 40 0.0 0.0 494.0 0.0 8976.0 24.0 1749.0 0.12222804260520341
30 49 41 0.0 0.0 65.0 0.0 1869.0 7.0 21.0 0.35650623885918
30 49 42 0.0 0.0 209.0 0.0 4341.0 28.0 213.0 0.21462517246665638
30 49 43 0.0 0.0 33.0 0.0 879.0 6.0 7.0 0.48176187198898823
30 49 44 0.0 0.0 4.0 0.0 127.0 1.0 1.0 0.6572769953051641
30 49 45 0.0 0.0 54.0 0.0 1085.0 12.0 5.0 0.4477134633834345
30 49 46 0.0 0.0 25.0 0.0 438.0 11.0 2.0 0.5709624796084828
30 49 47 0.0 0.0 2.0 0.0 15.0 1.0 0.0 0.6944444444444444
30 50 34 0.0 0.0 0.0 0.0 1.0 0.0 0.0 0.6996501749125437
30 50 35 0.0 0.0 0.0 0.0 5.0 0.0 0.0 0.6982543640897755
30 50 36 0.0 0.0 14.0 0.0 317.0 6.0 0.0 0.6021505376344085
30 50 37 0.0 0.0 0.0 0.0 9.0 0.0 0.0 0.6968641114982577
30 50 38 0.0 0.0 0.0 0.0 13.0 0.0 0.0 0.695479384003974
30 50 39 0.0 0.0 4.0 0.0 134.0 2.0 1.0 0.6554307116104868
30 50 40 0.0 0.0 0.0 0.0 49.0 0.0 0.0 0.6832601268911663
30 50 41 0.0 0.0 1.0 0.0 47.0 1.0 0.0 0.6842619745845552
30 50 42 0.0 0.0 3.0 0.0 28.0 0.0 0.0 0.6893156080748399
30 50 43 0.0 0.0 8.0 0.0 173.0 1.0 0.0 0.6422018348623851
30 50 44 0.0 0.0 38.0 0.0 682.0 7.0 2.0 0.5160339107998525
30 50 45 0.0 0.0 19.0 0.0 334.0 7.0 0.0 0.5967604433077578
30 50 46 0.0 0.0 4.0 0.0 50.0 1.0 0.0 0.6819288845591815
30 50 47 0.0 0.0 0.0 0.0 6.0 0.0 0.0 0.6979062811565303
30 51 35 0.0 0.0 0.0 0.0 5.0 0.0 0.0 0.6982543640897755
30 51 36 0.0 0.0 0.0 0.0 1.0 0.0 0.0 0.6996501749125437
30 51 37 0.0 0.0 0.0 0.0 12.0 0.0 0.0 0.6958250497017892
30 51 39 0.0 0.0 0.0 0.0 6.0 0.0 0.0 0.6979062811565303
30 51 40 0.0 0.0 0.0 0.0 4.0 0.0 0.0 0.6986027944111775
30 51 41 0.0 0.0 0.0 0.0 1.0 0.0 0.0 0.6996501749125437
30 51 43 0.0 0.0 0.0 0.0 1.0 0.0 0.0 0.6996501749125437
30 51 46 0.0 0.0 0.0 0.0 1.0 0.0 0.0 0.6996501749125437
30 51 47 0.0 0.0 0.0 0.0 1.0 0.0 0.0 0.6996501749125437
30 52 46 0.0 0.0 0.0 0.0 4.0 0.0 0.0 0.6986027944111775
31 29 35 0.0 0.0 0.0 0.0 2.0 0.0 0.0 0.6993006993006992
31 29 36 0.0 0.0 0.0 0.0 1.0 0.0 0.0 0.6996501749125437
31 29 41 0.0 0.0 0.0 0.0 5.0 0.0 0.0 0.6986027944111775
31 29 42 0.0 0.0 1.0 0.0 2.0 0.0 0.0 0.6989515726410384
31 29 44 0.0 0.0 0.0 0.0 2.0 0.0 0.0 0.6993006993006992
31 30 33 0.0 0.0 0.0 0.0 2.0 0.0 0.0 0.6993006993006992
31 30 34 0.0 0.0 0.0 0.0 4.0 0.0 0.0 0.6986027944111775
31 30 35 0.0 0.0 0.0 0.0 4.0 0.0 0.0 0.6986027944111775
31 30 36 0.0 0.0 0.0 0.0 1.0 0.0 0.0 0.6996501749125437
31 30 37 0.0 0.0 0.0 0.0 7.0 0.0 0.0 0.6975585450921773
31 30 38 0.0 0.0 0.0 0.0 20.0 0.0 0.0 0.6930693069306929
31 30 39 0.0 0.0 1.0 0.0 49.0 0.0 1.0 0.6829268292682925
31 30 40 0.0 0.0 23.0 0.0 953.0 3.0 7.0 0.47074646940147946
31 30 41 0.0 0.0 85.0 0.0 1786.0 16.0 12.0 0.36307053941908707
31 30 42 0.0 0.0 82.0 0.0 1890.0 10.0 23.0 0.3533568904593639
31 30 43 0.0 0.0 0.0 0.0 92.0 0.0 0.0 0.6692160611854684
31 30 44 0.0 0.0 1.0 0.0 19.0 0.0 0.0 0.6930693069306929
31 30 45 0.0 0.0 1.0 0.0 8.0 1.0 0.0 0.697211155378486
31 31 32 0.0 0.0 0.0 0.0 15.0 0.0 0.0 0.694789081885856
31 31 33 0.0 0.0 0.0 0.0 14.0 0.0 0.0 0.6951340615690167
31 31 34 0.0 0.0 0.0 0.0 14.0 0.0 0.0 0.6951340615690167
31 31 35 0.0 0.0 0.0 0.0 20.0 0.0 0.0 0.6930693069306929
31 31 36 0.0 0.0 0.0 0.0 27.0 0.0 0.0 0.6906758756783422
31 31 37 0.0 0.0 25.0 0.0 384.0 1.0 0.0 0.5813953488372092
31 31 38 0.0 0.0 32.0 0.0 926.0 10.0 11.0 0.4747371990505256
31 31 39 0.0 0.0 21.0 0.0 897.0 6.0 6.0 0.48093438680865674
31 31 40 0.0 0.0 248.0 0.0 4674.0 23.0 201.0 0.2028103723018977
31 31 41 0.0 0.0 138.0 0.0 3503.0 21.0 118.0 0.2491546538529987
31 31 42 0.0 0.0 49.0 0.0 1004.0 9.0 2.0 0.45992115637319314
31 31 43 0.0 0.0 329.0 0.0 6712.0 21.0 698.0 0.15505593088935649
31 31 44 0.0 0.0 85.0 0.0 1722.0 12.0 20.0 0.3687121411640768
31 31 45 0.0 0.0 0.0 0.0 58.0 0.0 0.0 0.6806028196402526
31 31 46 0.0 0.0 0.0 0.0 10.0 0.0 0.0 0.6965174129353233
31 31 48 0.0 0.0 0.0 0.0 1.0 0.0 0.0 0.6996501749125437
31 31 49 0.0 0.0 0.0 0.0 1.0 0.0 0.0 0.6996501749125437
31 32 31 0.0 0.0 0.0 0.0 4.0 0.0 0.0 0.6986027944111775
31 32 32 0.0 0.0 0.0 0.0 9.0 0.0 0.0 0.6968641114982577
31 32 33 0.0 0.0 5.0 0.0 144.0 2.0 0.0 0.6520726595249184
31 32 34 0.0 0.0 52.0 0.0 938.0 17.0 3.0 0.47074646940147946
31 32 35 0.0 0.0 115.0 0.0 2630.0 16.0 50.0 0.29604567561852396
31 32 36 0.0 0.0 228.0 0.0 5561.0 23.0 440.0 0.18034265103697023
31 32 37 0.0 0.0 129.0 0.0 2822.0 17.0 44.0 0.28374543980543165
31 32 38 0.0 0.0 312.0 0.0 6848.0 21.0 691.0 0.1531226074592584
31 32 39 0.0 0.0 574.0 0.0 10334.0 25.0 3095.0 0.10856921287320664
31 32 40 0.0 0.0 813.0 0.0 12077.0 30.0 6781.0 0.09404178142003089
31 32 41 0.0 0.0 603.0 0.0 10477.0 22.0 3349.0 0.10716472749540722
31 32 42 0.0 0.0 627.0 0.0 10708.0 37.0 3164.0 0.10512088902237571
31 32 43 0.0 0.0 564.0 0.0 9890.0 28.0 2457.0 0.11258544431041413
31 32 44 0.0 0.0 190.0 0.0 4568.0 16.0 215.0 0.2075611564121571
31 32 45 0.0 0.0 331.0 0.0 6570.0 17.0 580.0 0.1574803149606299
31 32 46 0.0 0.0 0.0 0.0 77.0 0.0 0.0 0.6743737957610789
31 32 47 0.0 0.0 0.0 0.0 26.0 0.0 0.0 0.6910167818361302
31 32 48 0.0 0.0 1.0 0.0 19.0 0.0 0.0 0.6934125804853887
31 32 49 0.0 0.0 0.0 0.0 3.0 0.0 0.0 0.6989515726410384
31 33 31 0.0 0.0 0.0 0.0 1.0 0.0 0.0 0.6996501749125437
31 33 32 0.0 0.0 62.0 0.0 1884.0 9.0 26.0 0.35560071120142234
31 33 33 0.0 0.0 35.0 0.0 727.0 11.0 2.0 0.5089058524173027
31 33 34 0.0 0.0 69.0 0.0 1635.0 9.0 15.0 0.37878787878787873
31 33 35 0.0 0.0 244.0 0.0 5507.0 16.0 398.0 0.18092530369604545
31 33 36 0.0 0.0 619.0 0.0 10818.0 22.0 4779.0 0.10425975573428656
31 33 37 0.0 0.0 744.0 0.0 11617.0 27.0 5856.0 0.0974319716055397
31 33 38 0.0 0.0 1333.0 0.0 12582.0 44.0 18002.0 0.08797838245459687
31 33 39 0.0 0.0 472.0 0.0 9132.0 18.0 1882.0 0.12074169900819318
31 33 40 0.0 0.0 1049.0 0.0 12775.0 27.0 10457.0 0.0884564352056612
31 33 41 0.0 0.0 937.0 0.0 12384.0 25.0 9215.0 0.09143752857422766
31 33 42 0.0 0.0 928.0 0.0 12308.0 23.0 9964.0 0.09182736455463728
31 33 43 0.0 0.0 1210.0 0.0 12976.0 39.0 13268.0 0.08648915796626921
31 33 44 0.0 0.0 817.0 0.0 11953.0 27.0 6761.0 0.09485094850948508
31 33 45 0.0 0.0 229.0 0.0 4878.0 15.0 218.0 0.19734987313222438
31 33 46 0.0 0.0 0.0 0.0 178.0 1.0 0.0 0.6430868167202571
31 33 47 0.0 0.0 70.0 0.0 1346.0 7.0 7.0 0.4106776180698152
31 33 48 0.0 0.0 3.0 0.0 41.0 1.0 0.0 0.6852667645619186
31 33 49 0.0 0.0 8.0 0.0 96.0 2.0 0.0 0.6660323501427211
31 33 50 0.0 0.0 7.0 0.0 257.0 3.0 0.0 0.6191950464396283
31 33 51 0.0 0.0 0.0 0.0 7.0 0.0 0.0 0.6975585450921773
31 34 30 0.0 0.0 0.0 0.0 1.0 0.0 0.0 0.6996501749125437
31 34 31 0.0 0.0 0.0 0.0 2.0 0.0 0.0 0.6993006993006992
31 34 32 0.0 0.0 2.0 0.0 30.0 0.0 0.0 0.6889763779527558
31 34 33 0.0 0.0 106.0 0.0 2303.0 28.0 35.0 0.31948881789137373
31 34 34 0.0 0.0 109.0 0.0 2656.0 18.0 57.0 0.2949231093322098
31 34 35 0.0 0.0 189.0 0.0 4847.0 19.0 279.0 0.1995438996579247
31 34 36 0.0 0.0 531.0 0.0 9987.0 22.0 2617.0 0.11189258312020459
31 34 37 0.0 0.0 796.0 0.0 11939.0 28.0 6354.0 0.09506994431617546
31 34 38 0.0 0.0 832.0 0.0 12068.0 31.0 6232.0 0.09403546480386887
31 34 39 0.0 0.0 939.0 0.0 12436.0 33.0 9958.0 0.09111617312072892
31 34 40 0.0 0.0 1002.0 0.0 12884.0 28.0 8775.0 0.08811681772406847
31 34 41 0.0 0.0 1288.0 0.0 13094.0 32.0 14630.0 0.0855014046659338
31 34 42 0.0 0.0 1049.0 0.0 12754.0 31.0 10044.0 0.08862442235867568
31 34 43 0.0 0.0 807.0 0.0 12119.0 27.0 7690.0 0.09387782471669012
31 34 44 0.0 0.0 617.0 0.0 10569.0 30.0 3401.0 0.10635065329687024
31 34 45 0.0 0.0 450.0 0.0 8794.0 24.0 1827.0 0.12471049349723853
31 34 46 0.0 0.0 233.0 0.0 5491.0 20.0 387.0 0.18165304268846502
31 34 47 0.0 0.0 194.0 0.0 4205.0 19.0 175.0 0.21943573667711597
31 34 48 0.0 0.0 125.0 0.0 3198.0 14.0 86.0 0.263653483992467
31 34 49 0.0 0.0 0.0 0.0 28.0 0.0 0.0 0.690335305719921
31 34 50 0.0 0.0 1.0 0.0 48.0 0.0 0.0 0.6832601268911663
31 34 51 0.0 0.0 2.0 0.0 17.0 1.0 0.0 0.6937561942517343
31 35 30 0.0 0.0 0.0 0.0 4.0 0.0 0.0 0.6986027944111775
31 35 31 0.0 0.0 9.0 0.0 140.0 3.0 0.0 0.6523765144454798
31 35 32 0.0 0.0 17.0 0.0 267.0 4.0 0.0 0.6140350877192982
31 35 33 0.0 0.0 68.0 0.0 2122.0 14.0 37.0 0.3352490421455938
31 35 34 0.0 0.0 356.0 0.0 7622.0 18.0 1044.0 0.14051992371775568
31 35 35 0.0 0.0 789.0 0.0 11932.0 26.0 6299.0 0.0951798218777619
31 35 36 0.0 0.0 844.0 0.0 12237.0 34.0 7165.0 0.09285666909862704
31 35 37 0.0 0.0 946.0 0.0 12762.0 22.0 8301.0 0.0891095410858634
31 35 38 0.0 0.0 1584.0 0.0 12649.0 34.0 22823.0 0.08624407072013798
31 35 39 0.0 0.0 1235.0 0.0 13140.0 42.0 13225.0 0.08553797275004581
31 35 40 0.0 0.0 1359.0 0.0 13245.0 44.0 15272.0 0.08434751174840342
31 35 41 0.0 0.0 1240.0 0.0 13357.0 28.0 12397.0 0.08430687703239792
31 35 42 0.0 0.0 982.0 0.0 12787.0 37.0 6583.0 0.08878741755454084
31 35 43 0.0 0.0 1012.0 0.0 12861.0 34.0 9618.0 0.08826125330979699
31 35 44 0.0 0.0 950.0 0.0 12625.0 35.0 7882.0 0.08990495761623427
31 35 45 0.0 0.0 764.0 0.0 11652.0 27.0 5700.0 0.0971614962870428
31 35 46 0.0 0.0 356.0 0.0 7511.0 14.0 1089.0 0.14197343068654295
31 35 47 0.0 0.0 269.0 0.0 5814.0 22.0 406.0 0.1736326429368721
31 35 48 0.0 0.0 250.0 0.0 5979.0 14.0 573.0 0.17041996348143634
31 35 49 0.0 0.0 77.0 0.0 1596.0 12.0 15.0 0.38230475150191146
31 35 50 0.0 0.0 119.0 0.0 2682.0 11.0 48.0 0.2922755741127348
31 35 51 0.0 0.0 2.0 0.0 7.0 1.0 0.0 0.697211155378486
31 36 29 0.0 0.0 0.0 0.0 1.0 0.0 0.0 0.6996501749125437
31 36 30 0.0 0.0 2.0 0.0 38.0 0.0 0.0 0.6862745098039215
31 36 31 0.0 0.0 0.0 0.0 22.0 0.0 0.0 0.6923837784371908
31 36 32 0.0 0.0 3.0 0.0 213.0 2.0 1.0 0.6323396567299006
31 36 33 0.0 0.0 377.0 0.0 7944.0 17.0 1089.0 0.13580366669900085
31 36 34 0.0 0.0 428.0 0.0 8801.0 24.0 1606.0 0.12486621476988939
31 36 35 0.0 0.0 971.0 0.0 12458.0 31.0 9278.0 0.09076763485477178
31 36 36 0.0 0.0 1464.0 0.0 12433.0 30.0 21591.0 0.08792313006343025
31 36 37 0.0 0.0 1294.0 0.0 13238.0 41.0 13855.0 0.08472524812394092
31 36 38 0.0 0.0 1567.0 0.0 13500.0 37.0 17967.0 0.08197681227309989
31 36 39 0.0 0.0 2879.0 0.0 9933.0 56.0 58349.0 0.09443507588532883
31 36 40 0.0 0.0 1737.0 0.0 13046.0 41.0 23350.0 0.08337800011911142
31 36 41 0.0 0.0 1733.0 0.0 13258.0 39.0 21742.0 0.08240141259564449
31 36 42 0.0 0.0 1999.0 0.0 12385.0 49.0 29597.0 0.08542836221625578
31 36 43 0.0 0.0 1328.0 0.0 13003.0 50.0 15878.0 0.0858000858000858
31 36 44 0.0 0.0 1078.0 0.0 12664.0 37.0 11627.0 0.0889905924230867
31 36 45 0.0 0.0 1154.0 0.0 12992.0 34.0 12486.0 0.08665511265164644
31 36 46 0.0 0.0 305.0 0.0 7339.0 22.0 926.0 0.1453488372093023
31 36 47 0.0 0.0 314.0 0.0 6652.0 32.0 641.0 0.15661707126076738
31 36 48 0.0 0.0 175.0 0.0 3976.0 13.0 141.0 0.22793878215564958
31 36 49 0.0 0.0 0.0 0.0 127.0 1.0 0.0 0.6585136406396989
31 36 50 0.0 0.0 7.0 0.0 115.0 0.0 0.0 0.6597549481621111
31 36 51 0.0 0.0 0.0 0.0 3.0 0.0 0.0 0.6989515726410384
31 37 30 0.0 0.0 0.0 0.0 1.0 0.0 0.0 0.6996501749125437
31 37 31 0.0 0.0 4.0 0.0 83.0 1.0 0.0 0.6711409395973154
31 37 32 0.0 0.0 208.0 0.0 4744.0 20.0 242.0 0.20190366310931637
31 37 33 0.0 0.0 610.0 0.0 10592.0 22.0 3441.0 0.1061490636136174
31 37 34 0.0 0.0 868.0 0.0 12411.0 24.0 8032.0 0.09162303664921465
31 37 35 0.0 0.0 1377.0 0.0 13157.0 30.0 14968.0 0.08463817181548877
31 37 36 0.0 0.0 2089.0 0.0 11868.0 60.0 35113.0 0.08775228782750406
31 37 37 0.0 0.0 2010.0 0.0 12319.0 49.0 31695.0 0.08569504805043765
31 37 38 0.0 0.0 2020.0 0.0 13024.0 54.0 26718.0 0.0820969917316601
31 37 39 0.0 0.0 2770.0 0.0 11513.0 60.0 44964.0 0.08594229588704726
31 37 40 0.0 0.0 2307.0 0.0 13132.0 57.0 30469.0 0.08038585209003214
31 37 41 0.0 0.0 2785.0 0.0 11000.0 69.0 49165.0 0.08870865543023697
31 37 42 0.0 0.0 2110.0 0.0 12919.0 43.0 29223.0 0.08215962441314553
31 37 43 0.0 0.0 1543.0 0.0 12836.0 48.0 20671.0 0.08559026716390536
31 37 44 0.0 0.0 1179.0 0.0 13159.0 22.0 11601.0 0.08562167451532016
31 37 45 0.0 0.0 943.0 0.0 12648.0 27.0 7555.0 0.08980115458627325
31 37 46 0.0 0.0 337.0 0.0 6933.0 17.0 690.0 0.1512042337185441
31 37 47 0.0 0.0 339.0 0.0 6599.0 21.0 586.0 0.15689790429227835
31 37 48 0.0 0.0 172.0 0.0 3715.0 15.0 105.0 0.2383790226460071
31 37 49 0.0 0.0 5.0 0.0 230.0 1.0 0.0 0.6266786034019695
31 37 50 0.0 0.0 20.0 0.0 699.0 3.0 2.0 0.5154639175257731
31 37 51 0.0 0.0 0.0 0.0 1.0 0.0 0.0 0.6996501749125437
31 38 30 0.0 0.0 0.0 0.0 18.0 0.0 0.0 0.6937561942517343
31 38 31 0.0 0.0 87.0 0.0 2098.0 14.0 31.0 0.3356509230400383
31 38 32 0.0 0.0 161.0 0.0 3911.0 11.0 154.0 0.23087071240105536
31 38 33 0.0 0.0 850.0 0.0 12036.0 27.0 6737.0 0.0940291490362012
31 38 34 0.0 0.0 996.0 0.0 12439.0 36.0 9885.0 0.0907205806117159
31 38 35 0.0 0.0 1603.0 0.0 12684.0 44.0 23391.0 0.08597396217145663
31 38 36 0.0 0.0 2055.0 0.0 11681.0 57.0 35543.0 0.0889171165449349
31 38 37 0.0 0.0 2169.0 0.0 12869.0 56.0 30983.0 0.08222718195700691
31 38 38 0.0 0.0 2479.0 0.0 13126.0 58.0 31941.0 0.07949125596184418
31 38 39 0.0 0.0 3780.0 0.0 9151.0 79.0 74233.0 0.0938149165717349
31 38 40 0.0 0.0 2650.0 0.0 12731.0 58.0 37484.0 0.0804690194275204
31 38 41 0.0 0.0 2752.0 0.0 11122.0 52.0 47480.0 0.08807247106190234
31 38 42 0.0 0.0 2541.0 0.0 11969.0 66.0 39792.0 0.08483820143012967
31 38 43 0.0 0.0 2022.0 0.0 12233.0 37.0 31434.0 0.08610615659019619
31 38 44 0.0 0.0 1281.0 0.0 13145.0 29.0 14274.0 0.08520479581279289
31 38 45 0.0 0.0 708.0 0.0 11226.0 41.0 3817.0 0.10066148979004888
31 38 46 0.0 0.0 493.0 0.0 9792.0 20.0 2393.0 0.11409013120365087
31 38 47 0.0 0.0 152.0 0.0 3284.0 8.0 70.0 0.25782688766114176
31 38 48 0.0 0.0 301.0 0.0 7135.0 20.0 914.0 0.14861995753715498
31 38 49 0.0 0.0 136.0 0.0 3086.0 23.0 58.0 0.2692825543373725
31 38 50 0.0 0.0 0.0 0.0 10.0 0.0 0.0 0.6965174129353233
31 38 51 0.0 0.0 0.0 0.0 3.0 0.0 0.0 0.6989515726410384
31 39 30 0.0 0.0 30.0 0.0 717.0 4.0 3.0 0.5103900838497994
31 39 31 0.0 0.0 363.0 0.0 7922.0 26.0 1104.0 0.1363592091165871
31 39 32 0.0 0.0 357.0 0.0 7010.0 24.0 692.0 0.14971660784942784
31 39 33 0.0 0.0 1168.0 0.0 12891.0 40.0 12306.0 0.08723284939871642
31 39 34 0.0 0.0 1600.0 0.0 12616.0 46.0 22959.0 0.08634513383495744
31 39 35 0.0 0.0 1091.0 0.0 12950.0 39.0 9876.0 0.08735259250015598
31 39 36 0.0 0.0 1762.0 0.0 13010.0 45.0 22462.0 0.0835222527144732
31 39 37 0.0 0.0 2109.0 0.0 12619.0 54.0 29770.0 0.08376712738586728
31 39 38 0.0 0.0 3598.0 0.0 9650.0 80.0 67773.0 0.09177920545430705
31 39 39 0.0 0.0 3393.0 0.0 10289.0 72.0 62096.0 0.08928571428571427
31 39 40 0.0 0.0 3009.0 0.0 11627.0 66.0 47734.0 0.08417508417508417
31 39 41 0.0 0.0 1932.0 0.0 12999.0 54.0 25248.0 0.08272276057669581
31 39 42 0.0 0.0 2077.0 0.0 12731.0 65.0 29539.0 0.08337303477846593
31 39 43 0.0 0.0 1943.0 0.0 12894.0 54.0 27112.0 0.08317490494296577
31 39 44 0.0 0.0 1428.0 0.0 13078.0 42.0 17762.0 0.08478168715557438
31 39 45 0.0 0.0 1650.0 0.0 12870.0 52.0 23414.0 0.08479195687723336
31 39 46 0.0 0.0 422.0 0.0 8641.0 20.0 1673.0 0.12671976828385226
31 39 47 0.0 0.0 173.0 0.0 3854.0 7.0 99.0 0.23259677687323468
31 39 48 0.0 0.0 331.0 0.0 6869.0 27.0 669.0 0.15255530129672004
31 39 49 0.0 0.0 28.0 0.0 635.0 7.0 1.0 0.5271084337349397
31 39 50 0.0 0.0 1.0 0.0 31.0 0.0 0.0 0.6889763779527558
31 39 51 0.0 0.0 0.0 0.0 11.0 0.0 0.0 0.6961710591745399
31 40 29 0.0 0.0 0.0 0.0 1.0 0.0 0.0 0.6996501749125437
31 40 30 0.0 0.0 7.0 0.0 272.0 1.0 0.0 0.6145741878841088
31 40 31 0.0 0.0 416.0 0.0 8371.0 25.0 1461.0 0.12996658002227995
31 40 32 0.0 0.0 635.0 0.0 10836.0 22.0 3288.0 0.1039809863339275
31 40 33 0.0 0.0 1668.0 0.0 12402.0 53.0 24515.0 0.08712427655734643
31 40 34 0.0 0.0 948.0 0.0 12583.0 39.0 7654.0 0.09022362570084422
31 40 35 0.0 0.0 1218.0 0.0 13138.0 26.0 12933.0 0.08555365436323636
31 40 36 0.0 0.0 2145.0 0.0 12263.0 44.0 33419.0 0.08531383302864107
31 40 37 0.0 0.0 2463.0 0.0 12052.0 65.0 38958.0 0.08475602373168664
31 40 38 0.0 0.0 3519.0 0.0 9299.0 85.0 72365.0 0.09460737937559129
31 40 39 0.0 0.0 2455.0 0.0 13357.0 63.0 30310.0 0.07866936390200044
31 40 40 0.0 0.0 2110.0 0.0 13290.0 60.0 27131.0 0.0805106676634654
31 40 41 0.0 0.0 1951.0 0.0 13144.0 58.0 25053.0 0.08196241437854926
31 40 42 0.0 0.0 2432.0 0.0 11981.0 66.0 37396.0 0.08531383302864107
31 40 43 0.0 0.0 2030.0 0.0 13325.0 54.0 24906.0 0.08067769261799111
31 40 44 0.0 0.0 2098.0 0.0 12120.0 60.0 33683.0 0.08630787251094259
31 40 45 0.0 0.0 1290.0 0.0 12968.0 37.0 14895.0 0.08610086100861007
31 40 46 0.0 0.0 758.0 0.0 11699.0 33.0 5564.0 0.09690593202741052
31 40 47 0.0 0.0 288.0 0.0 6710.0 23.0 647.0 0.15586729013582717
31 40 48 0.0 0.0 132.0 0.0 3372.0 13.0 96.0 0.2550555656768081
31 40 49 0.0 0.0 16.0 0.0 516.0 7.0 0.0 0.5544554455445544
31 40 50 0.0 0.0 6.0 0.0 174.0 1.0 0.0 0.6424965580541532
31 40 51 0.0 0.0 0.0 0.0 5.0 0.0 0.0 0.6982543640897755
31 41 29 0.0 0.0 39.0 0.0 871.0 11.0 2.0 0.48292514660227653
31 41 30 0.0 0.0 71.0 0.0 1428.0 8.0 15.0 0.40103122314523054
31 41 31 0.0 0.0 257.0 0.0 5582.0 21.0 395.0 0.17895947846094848
31 41 32 0.0 0.0 662.0 0.0 10861.0 29.0 3512.0 0.10366530914476119
31 41 33 0.0 0.0 876.0 0.0 12353.0 37.0 6758.0 0.0920326058374967
31 41 34 0.0 0.0 872.0 0.0 12261.0 17.0 6583.0 0.0924824943849914
31 41 35 0.0 0.0 1471.0 0.0 13548.0 41.0 16203.0 0.08229001351907364
31 41 36 0.0 0.0 2158.0 0.0 12418.0 45.0 32845.0 0.08436275986742994
31 41 37 0.0 0.0 2088.0 0.0 13207.0 59.0 27097.0 0.08097165991902833
31 41 38 0.0 0.0 1999.0 0.0 13524.0 53.0 23908.0 0.07996801279488204
31 41 39 0.0 0.0 2255.0 0.0 12973.0 62.0 30765.0 0.0813149793808445
31 41 40 0.0 0.0 2132.0 0.0 13003.0 45.0 28777.0 0.0816374132602484
31 41 41 0.0 0.0 2063.0 0.0 12814.0 58.0 28729.0 0.08304662474789416
31 41 42 0.0 0.0 1979.0 0.0 12903.0 46.0 26465.0 0.08287946957139473
31 41 43 0.0 0.0 2512.0 0.0 11978.0 42.0 39714.0 0.08475602373168664
31 41 44 0.0 0.0 2613.0 0.0 11170.0 59.0 45173.0 0.08873676871395067
31 41 45 0.0 0.0 2276.0 0.0 11632.0 53.0 39193.0 0.08801156723455082
31 41 46 0.0 0.0 1309.0 0.0 12996.0 38.0 16647.0 0.08590011044299914
31 41 47 0.0 0.0 853.0 0.0 12016.0 37.0 8377.0 0.09423167530457023
31 41 48 0.0 0.0 398.0 0.0 8281.0 24.0 1416.0 0.13127051101734644
31 41 49 0.0 0.0 195.0 0.0 4535.0 15.0 213.0 0.20839535576064305
31 41 50 0.0 0.0 0.0 0.0 53.0 0.0 0.0 0.6819288845591815
31 41 51 0.0 0.0 0.0 0.0 2.0 0.0 0.0 0.6993006993006992
31 42 28 0.0 0.0 2.0 0.0 4.0 2.0 0.0 0.6986027944111775
31 42 29 0.0 0.0 4.0 0.0 190.0 2.0 0.0 0.6386861313868613
31 42 30 0.0 0.0 29.0 0.0 967.0 10.0 5.0 0.46885465505693225
31 42 31 0.0 0.0 211.0 0.0 4871.0 21.0 251.0 0.19824412347776835
31 42 32 0.0 0.0 406.0 0.0 8544.0 18.0 1604.0 0.1279122887163088
31 42 33 0.0 0.0 1010.0 0.0 12552.0 38.0 9336.0 0.090032154340836
31 42 34 0.0 0.0 1366.0 0.0 13119.0 36.0 14866.0 0.08488964346349745
31 42 35 0.0 0.0 1369.0 0.0 13332.0 47.0 16101.0 0.08391273076000957
31 42 36 0.0 0.0 2365.0 0.0 11406.0 50.0 40694.0 0.0887648998224702
31 42 37 0.0 0.0 2198.0 0.0 12521.0 48.0 32196.0 0.08371203061468546
31 42 38 0.0 0.0 2263.0 0.0 11961.0 68.0 36923.0 0.08640375239153242
31 42 39 0.0 0.0 1838.0 0.0 13295.0 54.0 23147.0 0.08176614881439084
31 42 40 0.0 0.0 3017.0 0.0 10766.0 72.0 52503.0 0.08873114463176573
31 42 41 0.0 0.0 2656.0 0.0 11268.0 75.0 45049.0 0.08800050286001633
31 42 42 0.0 0.0 2583.0 0.0 11702.0 52.0 41611.0 0.08592647149082427
31 42 43 0.0 0.0 2701.0 0.0 11299.0 65.0 46552.0 0.0874945315917755
31 42 44 0.0 0.0 2010.0 0.0 12845.0 42.0 28098.0 0.0830367734282325
31 42 45 0.0 0.0 1544.0 0.0 13435.0 42.0 18206.0 0.08240141259564449
31 42 46 0.0 0.0 1056.0 0.0 12931.0 31.0 9688.0 0.08757662955085699
31 42 47 0.0 0.0 745.0 0.0 11408.0 33.0 4376.0 0.09905193151266449
31 42 48 0.0 0.0 162.0 0.0 4123.0 12.0 169.0 0.2231075697211155
31 42 49 0.0 0.0 18.0 0.0 398.0 6.0 1.0 0.5809128630705394
31 42 50 0.0 0.0 13.0 0.0 327.0 4.0 1.0 0.5993150684931505
31 42 51 0.0 0.0 17.0 0.0 288.0 2.0 0.0 0.60790273556231
31 43 28 0.0 0.0 0.0 0.0 2.0 0.0 0.0 0.6993006993006992
31 43 29 0.0 0.0 28.0 0.0 768.0 8.0 3.0 0.5021520803443327
31 43 30 0.0 0.0 110.0 0.0 2926.0 21.0 72.0 0.27921818907060225
31 43 31 0.0 0.0 596.0 0.0 10851.0 20.0 4244.0 0.10412018444146957
31 43 32 0.0 0.0 541.0 0.0 9784.0 33.0 2292.0 0.11379338372754612
31 43 33 0.0 0.0 604.0 0.0 10416.0 32.0 2668.0 0.10770059235325792
31 43 34 0.0 0.0 865.0 0.0 12301.0 27.0 6754.0 0.09234828496042215
31 43 35 0.0 0.0 1933.0 0.0 12158.0 45.0 31097.0 0.0869403216791902
31 43 36 0.0 0.0 2500.0 0.0 10987.0 62.0 46273.0 0.09042759333419453
31 43 37 0.0 0.0 1452.0 0.0 13583.0 45.0 15223.0 0.08219338930311747
31 43 38 0.0 0.0 1490.0 0.0 13457.0 49.0 16246.0 0.08265438658637382
31 43 39 0.0 0.0 2202.0 0.0 12249.0 52.0 33843.0 0.08511673151750972
31 43 40 0.0 0.0 2570.0 0.0 11236.0 51.0 45293.0 0.0883894185238967
31 43 41 0.0 0.0 2759.0 0.0 10852.0 68.0 49383.0 0.08962294347352921
31 43 42 0.0 0.0 2291.0 0.0 12950.0 51.0 31451.0 0.08123005512039454
31 43 43 0.0 0.0 2217.0 0.0 11645.0 46.0 37379.0 0.08821676118462507
31 43 44 0.0 0.0 1875.0 0.0 12792.0 42.0 26181.0 0.0839680921249925
31 43 45 0.0 0.0 1270.0 0.0 13421.0 29.0 12540.0 0.08381226053639845
31 43 46 0.0 0.0 1058.0 0.0 12933.0 33.0 9831.0 0.08756019763587465
31 43 47 0.0 0.0 646.0 0.0 11035.0 26.0 4242.0 0.10227936879018117
31 43 48 0.0 0.0 242.0 0.0 5393.0 23.0 328.0 0.18384766907419564
31 43 49 0.0 0.0 2.0 0.0 138.0 1.0 0.0 0.6545114539504441
31 43 50 0.0 0.0 0.0 0.0 33.0 0.0 0.0 0.6886374815543531
31 43 51 0.0 0.0 0.0 0.0 5.0 0.0 0.0 0.6982543640897755
31 44 28 0.0 0.0 1.0 0.0 11.0 1.0 0.0 0.6961710591745399
31 44 29 0.0 0.0 182.0 0.0 4351.0 17.0 192.0 0.21469099831314212
31 44 30 0.0 0.0 95.0 0.0 2748.0 16.0 53.0 0.29003521856225395
31 44 31 0.0 0.0 361.0 0.0 7537.0 22.0 1090.0 0.14165739148031972
31 44 32 0.0 0.0 665.0 0.0 11118.0 26.0 3808.0 0.10168506682161532
31 44 33 0.0 0.0 800.0 0.0 12203.0 35.0 7485.0 0.09342676009342675
31 44 34 0.0 0.0 976.0 0.0 12750.0 35.0 8247.0 0.08902454533892916
31 44 35 0.0 0.0 1474.0 0.0 13196.0 42.0 18313.0 0.08399832003359932
31 44 36 0.0 0.0 1481.0 0.0 12771.0 42.0 20316.0 0.08609556607834695
31 44 37 0.0 0.0 1572.0 0.0 13189.0 36.0 19723.0 0.08343763037129745
31 44 38 0.0 0.0 1686.0 0.0 12905.0 46.0 22569.0 0.08434243026688354
31 44 39 0.0 0.0 1792.0 0.0 12970.0 46.0 24542.0 0.0835571471202626
31 44 40 0.0 0.0 2185.0 0.0 12136.0 67.0 33834.0 0.08593702044073413
31 44 41 0.0 0.0 1871.0 0.0 12957.0 48.0 25669.0 0.0832639467110741
31 44 42 0.0 0.0 1548.0 0.0 13327.0 39.0 18410.0 0.0829875518672199
31 44 43 0.0 0.0 1614.0 0.0 12822.0 58.0 21339.0 0.08520998174071819
31 44 44 0.0 0.0 1783.0 0.0 12199.0 49.0 28988.0 0.0876204781574665
31 44 45 0.0 0.0 1072.0 0.0 12825.0 32.0 9391.0 0.08811681772406847
31 44 46 0.0 0.0 763.0 0.0 11881.0 32.0 5695.0 0.09567416114262282
31 44 47 0.0 0.0 682.0 0.0 11357.0 29.0 4891.0 0.09981462997290744
31 44 48 0.0 0.0 118.0 0.0 2885.0 18.0 63.0 0.28078620136381865
31 44 49 0.0 0.0 23.0 0.0 544.0 5.0 2.0 0.5466614603670441
31 44 50 0.0 0.0 0.0 0.0 25.0 0.0 0.0 0.6913580246913579
31 45 28 0.0 0.0 0.0 0.0 1.0 0.0 0.0 0.6996501749125437
31 45 29 0.0 0.0 1.0 0.0 36.0 1.0 0.0 0.6879606879606879
31 45 30 0.0 0.0 38.0 0.0 973.0 9.0 6.0 0.4663557628247834
31 45 31 0.0 0.0 44.0 0.0 1157.0 11.0 10.0 0.43887147335423193
31 45 32 0.0 0.0 267.0 0.0 6830.0 22.0 793.0 0.1542699724517906
31 45 33 0.0 0.0 288.0 0.0 6454.0 22.0 602.0 0.16047684548372304
31 45 34 0.0 0.0 972.0 0.0 12621.0 29.0 8771.0 0.0898242012062107
31 45 35 0.0 0.0 1002.0 0.0 12562.0 47.0 10533.0 0.090032154340836
31 45 36 0.0 0.0 1030.0 0.0 12862.0 41.0 9960.0 0.08811681772406847
31 45 37 0.0 0.0 1470.0 0.0 12858.0 41.0 19985.0 0.08574753475837568
31 45 38 0.0 0.0 1703.0 0.0 12692.0 34.0 24096.0 0.08531903223840574
31 45 39 0.0 0.0 1668.0 0.0 13145.0 42.0 21812.0 0.0832738520104687
31 45 40 0.0 0.0 1607.0 0.0 13333.0 43.0 19477.0 0.08266414737836561
31 45 41 0.0 0.0 1356.0 0.0 12855.0 52.0 16840.0 0.086446434084594
31 45 42 0.0 0.0 1177.0 0.0 13307.0 32.0 10979.0 0.0849463018020751
31 45 43 0.0 0.0 1208.0 0.0 13213.0 41.0 12213.0 0.08527745629530364
31 45 44 0.0 0.0 1040.0 0.0 12813.0 32.0 10256.0 0.0883336488106505
31 45 45 0.0 0.0 1094.0 0.0 12660.0 33.0 12583.0 0.08891146957957576
31 45 46 0.0 0.0 1221.0 0.0 13107.0 56.0 13375.0 0.08587376556462
31 45 47 0.0 0.0 832.0 0.0 12005.0 26.0 5599.0 0.09444144630329196
31 45 48 0.0 0.0 113.0 0.0 2961.0 19.0 68.0 0.2768987341772151
31 45 49 0.0 0.0 56.0 0.0 1297.0 11.0 8.0 0.4187855219862398
31 45 50 0.0 0.0 0.0 0.0 5.0 0.0 0.0 0.6982543640897755
31 46 30 0.0 0.0 0.0 0.0 3.0 0.0 0.0 0.6989515726410384
31 46 31 0.0 0.0 1.0 0.0 55.0 0.0 0.0 0.6809338521400777
31 46 32 0.0 0.0 192.0 0.0 4532.0 12.0 235.0 0.20839535576064305
31 46 33 0.0 0.0 430.0 0.0 8451.0 19.0 1418.0 0.12881854987118144
31 46 34 0.0 0.0 643.0 0.0 10925.0 26.0 4029.0 0.10319917440660474
31 46 35 0.0 0.0 469.0 0.0 9507.0 26.0 2598.0 0.11705685618729096
31 46 36 0.0 0.0 1150.0 0.0 12695.0 35.0 14118.0 0.08832250331209386
31 46 37 0.0 0.0 1187.0 0.0 12799.0 32.0 13787.0 0.08759854836691276
31 46 38 0.0 0.0 882.0 0.0 12346.0 44.0 8058.0 0.09207497533706017
31 46 39 0.0 0.0 1131.0 0.0 12793.0 46.0 12304.0 0.08797838245459687
31 46 40 0.0 0.0 975.0 0.0 12706.0 40.0 9349.0 0.08940545373267768
31 46 41 0.0 0.0 1409.0 0.0 12778.0 63.0 18141.0 0.08661758336942398
31 46 42 0.0 0.0 840.0 0.0 12116.0 25.0 6114.0 0.0936329588014981
31 46 43 0.0 0.0 1064.0 0.0 12662.0 34.0 10726.0 0.08903586873569065
31 46 44 0.0 0.0 845.0 0.0 12325.0 38.0 8199.0 0.09237265769332276
31 46 45 0.0 0.0 808.0 0.0 12214.0 26.0 7130.0 0.09315943571998934
31 46 46 0.0 0.0 832.0 0.0 12141.0 35.0 5828.0 0.09360791655522865
31 46 47 0.0 0.0 701.0 0.0 11320.0 38.0 4512.0 0.09999285765302476
31 46 48 0.0 0.0 73.0 0.0 1794.0 14.0 22.0 0.3633532312483778
31 46 49 0.0 0.0 0.0 0.0 41.0 0.0 0.0 0.6859382655560998
31 47 31 0.0 0.0 21.0 0.0 428.0 6.0 0.0 0.5730659025787964
31 47 32 0.0 0.0 100.0 0.0 2132.0 16.0 31.0 0.3320683111954459
31 47 33 0.0 0.0 499.0 0.0 9601.0 27.0 2556.0 0.11586526524869652
31 47 34 0.0 0.0 254.0 0.0 6465.0 21.0 623.0 0.1608455882352941
31 47 35 0.0 0.0 219.0 0.0 5615.0 17.0 422.0 0.1790052422963815
31 47 36 0.0 0.0 627.0 0.0 10870.0 27.0 4278.0 0.10383445820663055
31 47 37 0.0 0.0 485.0 0.0 9370.0 20.0 2175.0 0.11816340310600944
31 47 38 0.0 0.0 749.0 0.0 11492.0 30.0 4656.0 0.09835604889700715
31 47 39 0.0 0.0 709.0 0.0 11612.0 23.0 5276.0 0.09776536312849161
31 47 40 0.0 0.0 668.0 0.0 10960.0 26.0 3478.0 0.10282776349614395
31 47 41 0.0 0.0 748.0 0.0 11443.0 33.0 4601.0 0.09877936922317081
31 47 42 0.0 0.0 740.0 0.0 11728.0 34.0 4885.0 0.09685900096859
31 47 43 0.0 0.0 381.0 0.0 7888.0 25.0 1073.0 0.13661202185792345
31 47 44 0.0 0.0 608.0 0.0 10983.0 22.0 4193.0 0.10310796877301515
31 47 45 0.0 0.0 916.0 0.0 12297.0 23.0 7607.0 0.0920568122041031
31 47 46 0.0 0.0 657.0 0.0 10945.0 21.0 3562.0 0.10294874623134052
31 47 47 0.0 0.0 197.0 0.0 4975.0 18.0 310.0 0.1956947162426614
31 47 48 0.0 0.0 140.0 0.0 3705.0 16.0 148.0 0.24013722126929674
31 47 49 0.0 0.0 0.0 0.0 7.0 0.0 0.0 0.6979062811565303
31 48 31 0.0 0.0 0.0 0.0 3.0 0.0 0.0 0.6989515726410384
31 48 32 0.0 0.0 0.0 0.0 24.0 0.0 0.0 0.6916996047430829
31 48 33 0.0 0.0 101.0 0.0 2164.0 8.0 20.0 0.3287928604978863
31 48 34 0.0 0.0 40.0 0.0 1078.0 6.0 4.0 0.44972695149373587
31 48 35 0.0 0.0 60.0 0.0 1810.0 8.0 21.0 0.3623188405797101
31 48 36 0.0 0.0 341.0 0.0 7359.0 29.0 923.0 0.14465798718743542
31 48 37 0.0 0.0 432.0 0.0 8429.0 28.0 1397.0 0.12912746725696364
31 48 38 0.0 0.0 683.0 0.0 11492.0 25.0 4568.0 0.09880028228652081
31 48 39 0.0 0.0 652.0 0.0 11006.0 34.0 3754.0 0.1026694045174538
31 48 40 0.0 0.0 534.0 0.0 10171.0 33.0 3564.0 0.11041009463722397
31 48 41 0.0 0.0 1250.0 0.0 12535.0 34.0 17372.0 0.08864686886595327
31 48 42 0.0 0.0 854.0 0.0 12143.0 30.0 6897.0 0.09342052582410248
31 48 43 0.0 0.0 83.0 0.0 2101.0 13.0 45.0 0.3357314148681054
31 48 44 0.0 0.0 222.0 0.0 4681.0 20.0 228.0 0.2033110659308742
31 48 45 0.0 0.0 413.0 0.0 8596.0 24.0 1534.0 0.127295871976723
31 48 46 0.0 0.0 322.0 0.0 6671.0 23.0 648.0 0.15597147950089127
31 48 47 0.0 0.0 139.0 0.0 3344.0 19.0 96.0 0.2560819462227913
31 48 48 0.0 0.0 27.0 0.0 528.0 5.0 6.0 0.5490196078431372
31 48 49 0.0 0.0 0.0 0.0 6.0 0.0 0.0 0.6979062811565303
31 49 31 0.0 0.0 0.0 0.0 2.0 0.0 0.0 0.6993006993006992
31 49 32 0.0 0.0 0.0 0.0 2.0 0.0 0.0 0.6993006993006992
31 49 33 0.0 0.0 3.0 0.0 55.0 1.0 0.0 0.6806028196402526
31 49 34 0.0 0.0 27.0 0.0 547.0 7.0 2.0 0.5455962587685113
31 49 35 0.0 0.0 161.0 0.0 3146.0 16.0 67.0 0.2646002646002646
31 49 36 0.0 0.0 74.0 0.0 1918.0 13.0 22.0 0.3517587939698492
31 49 37 0.0 0.0 102.0 0.0 2560.0 13.0 42.0 0.3012696363245104
31 49 38 0.0 0.0 178.0 0.0 4566.0 13.0 239.0 0.2078693392724573
31 49 39 0.0 0.0 483.0 0.0 9085.0 18.0 1950.0 0.1210758453688489
31 49 40 0.0 0.0 336.0 0.0 7228.0 23.0 813.0 0.14668901927912822
31 49 41 0.0 0.0 63.0 0.0 1820.0 12.0 27.0 0.36157024793388426
31 49 42 0.0 0.0 293.0 0.0 6383.0 18.0 583.0 0.1616814874696847
31 49 43 0.0 0.0 164.0 0.0 3759.0 12.0 118.0 0.2368064952638701
31 49 44 0.0 0.0 481.0 0.0 9534.0 22.0 2519.0 0.11660836248542393
31 49 45 0.0 0.0 384.0 0.0 7532.0 26.0 870.0 0.14148559878726627
31 49 46 0.0 0.0 235.0 0.0 5340.0 25.0 385.0 0.18538135593220334
31 49 47 0.0 0.0 0.0 0.0 53.0 0.0 0.0 0.6819288845591815
31 49 48 0.0 0.0 0.0 0.0 9.0 0.0 0.0 0.6968641114982577
31 50 34 0.0 0.0 0.0 0.0 8.0 0.0 0.0 0.697211155378486
31 50 35 0.0 0.0 2.0 0.0 165.0 3.0 1.0 0.6469500924214416
31 50 36 0.0 0.0 260.0 0.0 5714.0 19.0 453.0 0.1759457081814754
31 50 37 0.0 0.0 13.0 0.0 307.0 3.0 0.0 0.6042296072507551
31 50 38 0.0 0.0 37.0 0.0 946.0 8.0 3.0 0.47058823529411764
31 50 39 0.0 0.0 0.0 0.0 92.0 0.0 0.0 0.6692160611854684
31 50 40 0.0 0.0 123.0 0.0 3272.0 12.0 110.0 0.25998142989786444
31 50 41 0.0 0.0 3.0 0.0 97.0 1.0 0.0 0.6669842782277274
31 50 42 0.0 0.0 10.0 0.0 179.0 3.0 2.0 0.6404391582799633
31 50 43 0.0 0.0 15.0 0.0 368.0 4.0 0.0 0.5884825556956704
31 50 44 0.0 0.0 90.0 0.0 2406.0 14.0 63.0 0.31243026110243244
31 50 45 0.0 0.0 12.0 0.0 338.0 5.0 0.0 0.5972696245733787
31 50 46 0.0 0.0 1.0 0.0 72.0 0.0 0.0 0.6753497346840327
31 50 47 0.0 0.0 0.0 0.0 6.0 0.0 0.0 0.6979062811565303
31 51 35 0.0 0.0 0.0 0.0 5.0 0.0 0.0 0.6982543640897755
31 51 36 0.0 0.0 36.0 0.0 742.0 11.0 3.0 0.5059631369714491
31 51 37 0.0 0.0 0.0 0.0 3.0 0.0 0.0 0.6989515726410384
31 51 39 0.0 0.0 11.0 0.0 315.0 3.0 0.0 0.6026689625484287
31 51 40 0.0 0.0 0.0 0.0 19.0 0.0 0.0 0.6934125804853887
31 51 41 0.0 0.0 0.0 0.0 24.0 0.0 0.0 0.6916996047430829
31 51 42 0.0 0.0 3.0 0.0 53.0 1.0 0.0 0.6812652068126519
31 51 43 0.0 0.0 4.0 0.0 78.0 3.0 0.0 0.6734006734006733
31 51 44 0.0 0.0 0.0 0.0 31.0 0.0 0.0 0.689655172413793
31 51 45 0.0 0.0 0.0 0.0 9.0 0.0 0.0 0.697211155378486
31 51 46 0.0 0.0 140.0 0.0 2898.0 17.0 49.0 0.27882891854212305
31 51 47 0.0 0.0 0.0 0.0 1.0 0.0 0.0 0.6996501749125437
31 52 38 0.0 0.0 0.0 0.0 1.0 0.0 0.0 0.6996501749125437
31 52 39 0.0 0.0 0.0 0.0 3.0 0.0 0.0 0.6989515726410384
31 52 40 0.0 0.0 0.0 0.0 1.0 0.0 0.0 0.6996501749125437
31 52 45 0.0 0.0 0.0 0.0 1.0 0.0 0.0 0.6996501749125437
31 52 46 0.0 0.0 0.0 0.0 2.0 0.0 0.0 0.6993006993006992
31 52 47 0.0 0.0 0.0 0.0 2.0 0.0 0.0 0.6993006993006992
32 28 35 0.0 0.0 0.0 0.0 1.0 0.0 0.0 0.6996501749125437
32 28 36 0.0 0.0 1.0 0.0 1.0 0.0 0.0 0.6993006993006992
32 28 37 0.0 0.0 0.0 0.0 3.0 0.0 0.0 0.6989515726410384
32 28 40 0.0 0.0 0.0 0.0 1.0 0.0 0.0 0.6996501749125437
32 29 34 0.0 0.0 0.0 0.0 1.0 0.0 0.0 0.6996501749125437
32 29 35 0.0 0.0 0.0 0.0 1.0 0.0 0.0 0.6996501749125437
32 29 36 0.0 0.0 77.0 0.0 1439.0 10.0 5.0 0.399315459212778
32 29 37 0.0 0.0 0.0 0.0 42.0 0.0 0.0 0.6856023506366307
32 29 38 0.0 0.0 1.0 0.0 17.0 0.0 0.0 0.6937561942517343
32 29 39 0.0 0.0 0.0 0.0 8.0 0.0 0.0 0.697211155378486
32 29 40 0.0 0.0 0.0 0.0 14.0 0.0 0.0 0.6951340615690167
32 29 41 0.0 0.0 0.0 0.0 13.0 0.0 0.0 0.695479384003974
32 29 42 0.0 0.0 0.0 0.0 10.0 0.0 0.0 0.6965174129353233
32 29 43 0.0 0.0 0.0 0.0 5.0 0.0 0.0 0.6982543640897755
32 29 44 0.0 0.0 0.0 0.0 8.0 0.0 0.0 0.697211155378486
32 29 45 0.0 0.0 0.0 0.0 5.0 0.0 0.0 0.6982543640897755
32 29 46 0.0 0.0 0.0 0.0 2.0 0.0 0.0 0.6993006993006992
32 30 31 0.0 0.0 0.0 0.0 4.0 0.0 0.0 0.6986027944111775
32 30 32 0.0 0.0 0.0 0.0 34.0 1.0 0.0 0.6886374815543531
32 30 33 0.0 0.0 7.0 0.0 149.0 4.0 0.0 0.6505576208178437
32 30 34 0.0 0.0 68.0 0.0 1569.0 4.0 21.0 0.3853564547206165
32 30 35 0.0 0.0 0.0 0.0 23.0 0.0 0.0 0.6920415224913494
32 30 36 0.0 0.0 57.0 0.0 1205.0 16.0 4.0 0.43130006161429446
32 30 37 0.0 0.0 4.0 0.0 264.0 1.0 0.0 0.6175562417291574
32 30 38 0.0 0.0 7.0 0.0 245.0 3.0 0.0 0.622498888394842
32 30 39 0.0 0.0 47.0 0.0 1212.0 13.0 4.0 0.43130006161429446
32 30 40 0.0 0.0 4.0 0.0 220.0 0.0 0.0 0.6294964028776977
32 30 41 0.0 0.0 35.0 0.0 950.0 9.0 4.0 0.47058823529411764
32 30 42 0.0 0.0 212.0 0.0 4559.0 27.0 205.0 0.20746887966804975
32 30 43 0.0 0.0 230.0 0.0 5188.0 25.0 304.0 0.18926591861565498
32 30 44 0.0 0.0 0.0 0.0 35.0 0.0 0.0 0.6886374815543531
32 30 45 0.0 0.0 1.0 0.0 34.0 1.0 0.0 0.6882989183874139
32 30 46 0.0 0.0 0.0 0.0 6.0 0.0 0.0 0.6979062811565303
32 30 47 0.0 0.0 0.0 0.0 1.0 0.0 0.0 0.6996501749125437
32 31 31 0.0 0.0 0.0 0.0 5.0 0.0 0.0 0.6982543640897755
32 31 32 0.0 0.0 2.0 0.0 121.0 1.0 0.0 0.6597549481621111
32 31 33 0.0 0.0 4.0 0.0 237.0 2.0 1.0 0.6255585344057193
32 31 34 0.0 0.0 123.0 0.0 2961.0 14.0 68.0 0.2760796687043975
32 31 35 0.0 0.0 259.0 0.0 5634.0 19.0 417.0 0.17775520568816655
32 31 36 0.0 0.0 150.0 0.0 3261.0 19.0 88.0 0.25959577229742253
32 31 37 0.0 0.0 59.0 0.0 1440.0 11.0 9.0 0.4017216642754662
32 31 38 0.0 0.0 231.0 0.0 5405.0 18.0 370.0 0.18372703412073488
32 31 39 0.0 0.0 177.0 0.0 4501.0 19.0 220.0 0.21024177804475142
32 31 40 0.0 0.0 597.0 0.0 10467.0 31.0 3166.0 0.10728791478274197
32 31 41 0.0 0.0 758.0 0.0 11797.0 19.0 6270.0 0.09618687736173136
32 31 42 0.0 0.0 648.0 0.0 11098.0 24.0 4610.0 0.10187745597438508
32 31 43 0.0 0.0 160.0 0.0 4366.0 12.0 234.0 0.21485573971761815
32 31 44 0.0 0.0 179.0 0.0 3957.0 12.0 152.0 0.22857142857142854
32 31 45 0.0 0.0 21.0 0.0 593.0 4.0 0.0 0.5363984674329502
32 31 46 0.0 0.0 70.0 0.0 1719.0 3.0 19.0 0.3695881731784582
32 31 47 0.0 0.0 0.0 0.0 25.0 0.0 0.0 0.6913580246913579
32 31 48 0.0 0.0 0.0 0.0 23.0 0.0 0.0 0.6920415224913494
32 31 49 0.0 0.0 1.0 0.0 33.0 0.0 0.0 0.6882989183874139
32 31 50 0.0 0.0 0.0 0.0 3.0 0.0 0.0 0.6989515726410384
32 32 30 0.0 0.0 0.0 0.0 1.0 0.0 0.0 0.6996501749125437
32 32 31 0.0 0.0 0.0 0.0 19.0 0.0 0.0 0.6934125804853887
32 32 32 0.0 0.0 67.0 0.0 1917.0 12.0 25.0 0.3525560312263913
32 32 33 0.0 0.0 217.0 0.0 5454.0 21.0 393.0 0.1829347968117078
32 32 34 0.0 0.0 299.0 0.0 6594.0 21.0 720.0 0.15774647887323942
32 32 35 0.0 0.0 80.0 0.0 2366.0 15.0 54.0 0.3160270880361173
32 32 36 0.0 0.0 235.0 0.0 5147.0 21.0 276.0 0.19006244909041536
32 32 37 0.0 0.0 318.0 0.0 7286.0 22.0 891.0 0.14604631754642183
32 32 38 0.0 0.0 709.0 0.0 11029.0 32.0 3329.0 0.10203337949129071
32 32 39 0.0 0.0 634.0 0.0 10738.0 27.0 3569.0 0.104806108698907
32 32 40 0.0 0.0 928.0 0.0 12337.0 25.0 9305.0 0.09174311926605504
32 32 41 0.0 0.0 409.0 0.0 8456.0 33.0 1420.0 0.1291989664082687
32 32 42 0.0 0.0 1114.0 0.0 12817.0 23.0 12229.0 0.08785691873235017
32 32 43 0.0 0.0 600.0 0.0 10281.0 30.0 2463.0 0.10886469673405909
32 32 44 0.0 0.0 721.0 0.0 11473.0 27.0 5437.0 0.0987097229077064
32 32 45 0.0 0.0 251.0 0.0 5868.0 19.0 513.0 0.17273288093769276
32 32 46 0.0 0.0 28.0 0.0 912.0 5.0 1.0 0.47732696897374693
32 32 47 0.0 0.0 68.0 0.0 1684.0 10.0 18.0 0.3740315255142933
32 32 48 0.0 0.0 139.0 0.0 3284.0 20.0 116.0 0.25906735751295334
32 32 49 0.0 0.0 0.0 0.0 133.0 0.0 0.0 0.6563525550867322
32 32 50 0.0 0.0 0.0 0.0 15.0 0.0 0.0 0.694789081885856
32 32 51 0.0 0.0 0.0 0.0 2.0 0.0 0.0 0.6993006993006992
32 33 29 0.0 0.0 0.0 0.0 3.0 0.0 0.0 0.6989515726410384
32 33 30 0.0 0.0 0.0 0.0 10.0 0.0 0.0 0.6965174129353233
32 33 31 0.0 0.0 4.0 0.0 102.0 2.0 0.0 0.6653992395437262
32 33 32 0.0 0.0 4.0 0.0 357.0 3.0 0.0 0.5937234944868531
32 33 33 0.0 0.0 293.0 0.0 6315.0 16.0 471.0 0.16288539848749267
32 33 34 0.0 0.0 687.0 0.0 11275.0 27.0 5321.0 0.10029371731499391
32 33 35 0.0 0.0 470.0 0.0 9445.0 25.0 2265.0 0.1176272895311712
32 33 36 0.0 0.0 505.0 0.0 10117.0 22.0 2903.0 0.11097899326198968
32 33 37 0.0 0.0 590.0 0.0 10800.0 20.0 3920.0 0.10459469555472542
32 33 38 0.0 0.0 1285.0 0.0 12959.0 40.0 15475.0 0.08620689655172413
32 33 39 0.0 0.0 1950.0 0.0 11939.0 55.0 31712.0 0.08817231389343745
32 33 40 0.0 0.0 1764.0 0.0 12737.0 59.0 24932.0 0.08484334282770739
32 33 41 0.0 0.0 1258.0 0.0 13389.0 38.0 12603.0 0.08409418548774626
32 33 42 0.0 0.0 1139.0 0.0 13021.0 35.0 10681.0 0.08669804310131285
32 33 43 0.0 0.0 1000.0 0.0 12766.0 36.0 9791.0 0.08887760284408329
32 33 44 0.0 0.0 1250.0 0.0 12853.0 29.0 14977.0 0.08688097306689835
32 33 45 0.0 0.0 527.0 0.0 9980.0 22.0 2778.0 0.11197312644965207
32 33 46 0.0 0.0 651.0 0.0 10770.0 21.0 3245.0 0.10430636268812396
32 33 47 0.0 0.0 221.0 0.0 5312.0 19.0 372.0 0.18629407850964733
32 33 48 0.0 0.0 270.0 0.0 6077.0 11.0 502.0 0.16782546152001915
32 33 49 0.0 0.0 27.0 0.0 775.0 5.0 5.0 0.5005362888809438
32 33 50 0.0 0.0 4.0 0.0 128.0 2.0 0.0 0.6572769953051641
32 33 51 0.0 0.0 1.0 0.0 47.0 0.0 0.0 0.6835937499999999
32 33 52 0.0 0.0 0.0 0.0 1.0 0.0 0.0 0.6996501749125437
32 34 29 0.0 0.0 0.0 0.0 4.0 0.0 0.0 0.6986027944111775
32 34 30 0.0 0.0 77.0 0.0 1446.0 10.0 11.0 0.39851978366068874
32 34 31 0.0 0.0 33.0 0.0 870.0 8.0 5.0 0.4835924006908462
32 34 32 0.0 0.0 72.0 0.0 1871.0 8.0 22.0 0.355691056910569
32 34 33 0.0 0.0 421.0 0.0 8700.0 24.0 1621.0 0.12604663725578463
32 34 34 0.0 0.0 554.0 0.0 9990.0 19.0 2375.0 0.11169618637306525
32 34 35 0.0 0.0 612.0 0.0 10705.0 23.0 3570.0 0.10519987977156596
32 34 36 0.0 0.0 1483.0 0.0 12900.0 37.0 19224.0 0.08540230586225828
32 34 37 0.0 0.0 2083.0 0.0 11954.0 53.0 34331.0 0.08719481813652216
32 34 38 0.0 0.0 1672.0 0.0 13386.0 32.0 20725.0 0.08201523140011716
32 34 39 0.0 0.0 1554.0 0.0 13314.0 46.0 17608.0 0.08302692444549875
32 34 40 0.0 0.0 2179.0 0.0 12140.0 46.0 34326.0 0.08578957043936514
32 34 41 0.0 0.0 2377.0 0.0 11693.0 63.0 38851.0 0.08718395815170008
32 34 42 0.0 0.0 1979.0 0.0 12487.0 42.0 29464.0 0.08488964346349745
32 34 43 0.0 0.0 1533.0 0.0 13584.0 52.0 17305.0 0.0818282775147583
32 34 44 0.0 0.0 2061.0 0.0 11777.0 59.0 35293.0 0.08837268021714428
32 34 45 0.0 0.0 847.0 0.0 12071.0 25.0 7627.0 0.09385265133740027
32 34 46 0.0 0.0 456.0 0.0 9058.0 27.0 1733.0 0.12185568804943858
32 34 47 0.0 0.0 374.0 0.0 8081.0 16.0 1403.0 0.13397129186602869
32 34 48 0.0 0.0 216.0 0.0 5186.0 21.0 364.0 0.1895477931221229
32 34 49 0.0 0.0 130.0 0.0 3078.0 15.0 64.0 0.2695936838051222
32 34 50 0.0 0.0 296.0 0.0 6744.0 22.0 764.0 0.15514184397163117
32 34 51 0.0 0.0 0.0 0.0 19.0 0.0 0.0 0.6934125804853887
32 35 29 0.0 0.0 0.0 0.0 4.0 0.0 0.0 0.6986027944111775
32 35 30 0.0 0.0 111.0 0.0 2194.0 16.0 36.0 0.32641641408253663
32 35 31 0.0 0.0 2.0 0.0 188.0 0.0 0.0 0.639269406392694
32 35 32 0.0 0.0 96.0 0.0 2167.0 9.0 33.0 0.32910202162670427
32 35 33 0.0 0.0 349.0 0.0 7120.0 22.0 759.0 0.14811680067710536
32 35 34 0.0 0.0 575.0 0.0 10234.0 18.0 2733.0 0.10930668332292316
32 35 35 0.0 0.0 1409.0 0.0 13026.0 41.0 17595.0 0.08514779223938693
32 35 36 0.0 0.0 1440.0 0.0 13298.0 47.0 16935.0 0.08371203061468546
32 35 37 0.0 0.0 2015.0 0.0 12982.0 43.0 27745.0 0.0823868651797799
32 35 38 0.0 0.0 2371.0 0.0 12020.0 58.0 37599.0 0.08548574219942602
32 35 39 0.0 0.0 2557.0 0.0 11961.0 56.0 39851.0 0.08476115517345764
32 35 40 0.0 0.0 3240.0 0.0 9957.0 73.0 61350.0 0.09210526315789473
32 35 41 0.0 0.0 2474.0 0.0 12490.0 49.0 36088.0 0.08255203726634824
32 35 42 0.0 0.0 2193.0 0.0 13056.0 66.0 29478.0 0.08124419684308262
32 35 43 0.0 0.0 1733.0 0.0 12822.0 64.0 23637.0 0.08466376390904692
32 35 44 0.0 0.0 1745.0 0.0 13182.0 37.0 21604.0 0.08264950705472578
32 35 45 0.0 0.0 1538.0 0.0 12795.0 41.0 20298.0 0.08577380223011885
32 35 46 0.0 0.0 756.0 0.0 11684.0 27.0 4708.0 0.09699993071433519
32 35 47 0.0 0.0 1098.0 0.0 12726.0 35.0 12462.0 0.08849557522123892
32 35 48 0.0 0.0 270.0 0.0 5746.0 22.0 400.0 0.17510944340212628
32 35 49 0.0 0.0 382.0 0.0 7148.0 29.0 807.0 0.14730639730639727
32 35 50 0.0 0.0 31.0 0.0 874.0 2.0 5.0 0.4822597313124354
32 35 51 0.0 0.0 4.0 0.0 36.0 0.0 0.0 0.6862745098039215
32 35 52 0.0 0.0 0.0 0.0 3.0 0.0 0.0 0.6989515726410384
32 36 29 0.0 0.0 0.0 0.0 5.0 0.0 0.0 0.6982543640897755
32 36 30 0.0 0.0 18.0 0.0 521.0 5.0 3.0 0.5524861878453038
32 36 31 0.0 0.0 222.0 0.0 4777.0 25.0 208.0 0.20063055316709658
32 36 32 0.0 0.0 187.0 0.0 4621.0 15.0 259.0 0.2060035314891112
32 36 33 0.0 0.0 472.0 0.0 9928.0 20.0 3212.0 0.1129852312162053
32 36 34 0.0 0.0 1050.0 0.0 12911.0 40.0 8491.0 0.0878293601003764
32 36 35 0.0 0.0 1632.0 0.0 12533.0 38.0 24184.0 0.08654262224145391
32 36 36 0.0 0.0 2098.0 0.0 12906.0 49.0 28818.0 0.08233841086867023
32 36 37 0.0 0.0 2496.0 0.0 12419.0 73.0 36633.0 0.08283043426813394
32 36 38 0.0 0.0 2771.0 0.0 12157.0 76.0 41067.0 0.08273253752511522
32 36 39 0.0 0.0 3144.0 0.0 12236.0 59.0 44989.0 0.0805291918320391
32 36 40 0.0 0.0 3556.0 0.0 10469.0 80.0 61230.0 0.0873743993010048
32 36 41 0.0 0.0 3259.0 0.0 11482.0 54.0 50201.0 0.08356213441566192
32 36 42 0.0 0.0 2837.0 0.0 12004.0 51.0 42410.0 0.0830318486448016
32 36 43 0.0 0.0 2818.0 0.0 11852.0 64.0 44779.0 0.08403865778257998
32 36 44 0.0 0.0 2109.0 0.0 12574.0 51.0 30377.0 0.08385241974125539
32 36 45 0.0 0.0 1905.0 0.0 12343.0 47.0 29106.0 0.08616975441619991
32 36 46 0.0 0.0 741.0 0.0 11848.0 31.0 5660.0 0.09606807109037259
32 36 47 0.0 0.0 1164.0 0.0 13199.0 43.0 12580.0 0.08564262555820638
32 36 48 0.0 0.0 832.0 0.0 12098.0 24.0 6584.0 0.09375209268064018
32 36 49 0.0 0.0 557.0 0.0 10135.0 26.0 2752.0 0.11048851708625994
32 36 50 0.0 0.0 92.0 0.0 2885.0 17.0 101.0 0.2822011691191292
32 36 51 0.0 0.0 0.0 0.0 45.0 0.0 0.0 0.6845965770171147
32 36 52 0.0 0.0 0.0 0.0 3.0 0.0 0.0 0.6989515726410384
32 37 29 0.0 0.0 0.0 0.0 10.0 0.0 0.0 0.6965174129353233
32 37 30 0.0 0.0 1.0 0.0 55.0 0.0 0.0 0.6812652068126519
32 37 31 0.0 0.0 208.0 0.0 4442.0 16.0 190.0 0.21103406692794693
32 37 32 0.0 0.0 329.0 0.0 6981.0 22.0 698.0 0.15068345710903022
32 37 33 0.0 0.0 497.0 0.0 9055.0 18.0 1766.0 0.12127512127512126
32 37 34 0.0 0.0 1087.0 0.0 13093.0 29.0 9245.0 0.08653727283965879
32 37 35 0.0 0.0 1698.0 0.0 13087.0 46.0 22371.0 0.08330853912526033
32 37 36 0.0 0.0 2568.0 0.0 11972.0 66.0 40421.0 0.08469961885171516
32 37 37 0.0 0.0 2888.0 0.0 12268.0 54.0 41728.0 0.08149010477299184
32 37 38 0.0 0.0 4204.0 0.0 9943.0 72.0 70223.0 0.08658544127651678
32 37 39 0.0 0.0 4520.0 0.0 8653.0 80.0 85615.0 0.09226916232781913
32 37 40 0.0 0.0 4678.0 0.0 9010.0 86.0 82945.0 0.08921175046198941
32 37 41 0.0 0.0 4133.0 0.0 8880.0 78.0 80996.0 0.09328979809422269
32 37 42 0.0 0.0 3622.0 0.0 10689.0 75.0 60871.0 0.08574753475837568
32 37 43 0.0 0.0 3091.0 0.0 12041.0 74.0 45477.0 0.08177092459552596
32 37 44 0.0 0.0 2832.0 0.0 10980.0 73.0 50036.0 0.0885459490228322
32 37 45 0.0 0.0 2219.0 0.0 12099.0 49.0 35502.0 0.08581586367537083
32 37 46 0.0 0.0 1242.0 0.0 12992.0 34.0 13720.0 0.08630787251094259
32 37 47 0.0 0.0 757.0 0.0 11605.0 32.0 5216.0 0.0975269940787182
32 37 48 0.0 0.0 640.0 0.0 10816.0 33.0 3807.0 0.1042054335690361
32 37 49 0.0 0.0 199.0 0.0 5169.0 11.0 385.0 0.19013988863235093
32 37 50 0.0 0.0 18.0 0.0 401.0 5.0 1.0 0.5801906340654785
32 37 51 0.0 0.0 10.0 0.0 168.0 3.0 0.0 0.6436781609195401
32 38 29 0.0 0.0 0.0 0.0 21.0 0.0 0.0 0.6927263730826323
32 38 30 0.0 0.0 98.0 0.0 1971.0 13.0 17.0 0.3451676528599605
32 38 31 0.0 0.0 76.0 0.0 1405.0 20.0 8.0 0.4045073678127708
32 38 32 0.0 0.0 479.0 0.0 8884.0 18.0 1713.0 0.12333715091181392
32 38 33 0.0 0.0 1255.0 0.0 13170.0 41.0 13657.0 0.08530343650987082
32 38 34 0.0 0.0 1913.0 0.0 12809.0 55.0 27022.0 0.08366700531883105
32 38 35 0.0 0.0 2453.0 0.0 12050.0 53.0 39215.0 0.08480736612551489
32 38 36 0.0 0.0 3816.0 0.0 9245.0 66.0 73497.0 0.09288747346072185
32 38 37 0.0 0.0 3591.0 0.0 11729.0 82.0 52836.0 0.08087343307723412
32 38 38 0.0 0.0 4682.0 0.0 9188.0 76.0 81607.0 0.08819453193901977
32 38 39 0.0 0.0 5002.0 0.0 7386.0 80.0 101916.0 0.09726274836737528
32 38 40 0.0 0.0 4976.0 0.0 9659.0 95.0 79990.0 0.08422065812428561
32 38 41 0.0 0.0 4580.0 0.0 9807.0 87.0 75460.0 0.08539709649871903
32 38 42 0.0 0.0 4223.0 0.0 8703.0 67.0 84012.0 0.09377093101138645
32 38 43 0.0 0.0 3497.0 0.0 10549.0 66.0 59772.0 0.08718395815170008
32 38 44 0.0 0.0 2645.0 0.0 11686.0 63.0 42569.0 0.08566358685675823
32 38 45 0.0 0.0 1607.0 0.0 13213.0 52.0 19736.0 0.08331845503779085
32 38 46 0.0 0.0 1290.0 0.0 13265.0 42.0 13818.0 0.0846177092777274
32 38 47 0.0 0.0 1061.0 0.0 12514.0 34.0 12903.0 0.08995116936520174
32 38 48 0.0 0.0 709.0 0.0 11388.0 27.0 4117.0 0.09939652112176073
32 38 49 0.0 0.0 379.0 0.0 7741.0 24.0 1043.0 0.13857270117786794
32 38 50 0.0 0.0 6.0 0.0 389.0 1.0 2.0 0.5850396991224404
32 38 51 0.0 0.0 23.0 0.0 965.0 3.0 10.0 0.4690117252931323
32 38 53 0.0 0.0 0.0 0.0 1.0 0.0 0.0 0.6996501749125437
32 39 29 0.0 0.0 1.0 0.0 49.0 0.0 0.0 0.6829268292682925
32 39 30 0.0 0.0 95.0 0.0 2469.0 15.0 43.0 0.30775994724115185
32 39 31 0.0 0.0 211.0 0.0 4421.0 22.0 177.0 0.21176826501285734
32 39 32 0.0 0.0 762.0 0.0 11549.0 27.0 4159.0 0.0978952520802741
32 39 33 0.0 0.0 1570.0 0.0 12942.0 51.0 20740.0 0.08488964346349745
32 39 34 0.0 0.0 2549.0 0.0 11412.0 48.0 44069.0 0.08766437069505321
32 39 35 0.0 0.0 2302.0 0.0 13228.0 56.0 29879.0 0.07988131918292822
32 39 36 0.0 0.0 3468.0 0.0 10581.0 62.0 59174.0 0.08708633988554366
32 39 37 0.0 0.0 4397.0 0.0 9748.0 90.0 74672.0 0.08677327383165984
32 39 38 0.0 0.0 4824.0 0.0 8414.0 88.0 90332.0 0.09182134190332523
32 39 39 0.0 0.0 4868.0 0.0 7147.0 74.0 104009.0 0.09987159366528749
32 39 40 0.0 0.0 4958.0 0.0 9276.0 100.0 81534.0 0.08627595982005298
32 39 41 0.0 0.0 4319.0 0.0 11049.0 93.0 63333.0 0.08072421149743411
32 39 42 0.0 0.0 3755.0 0.0 11073.0 67.0 58183.0 0.08319467554076537
32 39 43 0.0 0.0 3580.0 0.0 11429.0 86.0 53986.0 0.08239656288623387
32 39 44 0.0 0.0 3146.0 0.0 11023.0 74.0 52847.0 0.08663366336633661
32 39 45 0.0 0.0 1660.0 0.0 13483.0 34.0 19168.0 0.0816231343283582
32 39 46 0.0 0.0 993.0 0.0 12888.0 26.0 7472.0 0.08816120906801006
32 39 47 0.0 0.0 902.0 0.0 12195.0 23.0 8582.0 0.09275208692195573
32 39 48 0.0 0.0 700.0 0.0 10922.0 22.0 3343.0 0.10279001468428779
32 39 49 0.0 0.0 318.0 0.0 6958.0 23.0 717.0 0.15115525804361904
32 39 50 0.0 0.0 370.0 0.0 7560.0 23.0 962.0 0.14125718898193923
32 39 51 0.0 0.0 49.0 0.0 990.0 10.0 5.0 0.46235138705416107
32 39 53 0.0 0.0 0.0 0.0 1.0 0.0 0.0 0.6996501749125437
32 40 28 0.0 0.0 0.0 0.0 4.0 0.0 0.0 0.6986027944111775
32 40 29 0.0 0.0 4.0 0.0 101.0 2.0 0.0 0.6657156443176413
32 40 30 0.0 0.0 102.0 0.0 2194.0 19.0 38.0 0.3274087932647333
32 40 31 0.0 0.0 280.0 0.0 6407.0 25.0 575.0 0.1614949821201984
32 40 32 0.0 0.0 909.0 0.0 12244.0 33.0 8866.0 0.09246417013407304
32 40 33 0.0 0.0 1491.0 0.0 13160.0 36.0 18003.0 0.08406388855530202
32 40 34 0.0 0.0 2489.0 0.0 11579.0 50.0 42080.0 0.08704843623702044
32 40 35 0.0 0.0 2476.0 0.0 13385.0 67.0 30162.0 0.07840940912909548
32 40 36 0.0 0.0 3606.0 0.0 10817.0 71.0 57930.0 0.08528265107212475
32 40 37 0.0 0.0 3742.0 0.0 12157.0 73.0 50702.0 0.07826038347587903
32 40 38 0.0 0.0 4812.0 0.0 9429.0 76.0 81107.0 0.08622282441337685
32 40 39 0.0 0.0 4641.0 0.0 9643.0 88.0 77112.0 0.08598452278589852
32 40 40 0.0 0.0 4654.0 0.0 10493.0 86.0 70008.0 0.08168981211343213
32 40 41 0.0 0.0 4112.0 0.0 11290.0 71.0 59166.0 0.0804551462559623
32 40 42 0.0 0.0 4442.0 0.0 9704.0 88.0 74691.0 0.08676789587852494
32 40 43 0.0 0.0 3966.0 0.0 10161.0 76.0 67125.0 0.08687019111442044
32 40 44 0.0 0.0 3638.0 0.0 9915.0 75.0 67424.0 0.09000900090009
32 40 45 0.0 0.0 1839.0 0.0 13372.0 48.0 23056.0 0.08137169427492008
32 40 46 0.0 0.0 1599.0 0.0 12681.0 49.0 23025.0 0.08603736479842673
32 40 47 0.0 0.0 742.0 0.0 11640.0 24.0 5184.0 0.09735067102426813
32 40 48 0.0 0.0 656.0 0.0 11122.0 26.0 4388.0 0.10166291482100065
32 40 49 0.0 0.0 286.0 0.0 6130.0 13.0 524.0 0.1665675193337299
32 40 50 0.0 0.0 143.0 0.0 3295.0 13.0 78.0 0.2579218865143699
32 40 51 0.0 0.0 11.0 0.0 213.0 4.0 0.0 0.6311992786293958
32 40 52 0.0 0.0 0.0 0.0 1.0 0.0 0.0 0.6996501749125437
32 41 28 0.0 0.0 0.0 0.0 18.0 0.0 0.0 0.6937561942517343
32 41 29 0.0 0.0 91.0 0.0 1983.0 12.0 25.0 0.34465780403741997
32 41 30 0.0 0.0 238.0 0.0 5614.0 15.0 384.0 0.1785486545083535
32 41 31 0.0 0.0 906.0 0.0 12183.0 28.0 8657.0 0.09285666909862704
32 41 32 0.0 0.0 1002.0 0.0 12789.0 40.0 8468.0 0.08877052818464269
32 41 33 0.0 0.0 1363.0 0.0 13222.0 43.0 15935.0 0.08445945945945946
32 41 34 0.0 0.0 2324.0 0.0 12533.0 48.0 34192.0 0.08301215535131928
32 41 35 0.0 0.0 3170.0 0.0 11130.0 72.0 52547.0 0.08587376556462
32 41 36 0.0 0.0 3510.0 0.0 11654.0 95.0 53340.0 0.08161361781508684
32 41 37 0.0 0.0 4059.0 0.0 9667.0 85.0 72546.0 0.08904153151434203
32 41 38 0.0 0.0 4336.0 0.0 10129.0 63.0 68851.0 0.08499271491015055
32 41 39 0.0 0.0 4613.0 0.0 9810.0 76.0 76219.0 0.08520479581279289
32 41 40 0.0 0.0 4400.0 0.0 10693.0 63.0 66254.0 0.08190008190008188
32 41 41 0.0 0.0 4330.0 0.0 10630.0 65.0 66626.0 0.08245479710230284
32 41 42 0.0 0.0 4151.0 0.0 10733.0 72.0 63513.0 0.08286475288546906
32 41 43 0.0 0.0 4272.0 0.0 7701.0 70.0 94671.0 0.10022909507445589
32 41 44 0.0 0.0 3852.0 0.0 9441.0 79.0 73425.0 0.09158707313881982
32 41 45 0.0 0.0 2469.0 0.0 12290.0 73.0 36407.0 0.08366200549778892
32 41 46 0.0 0.0 2093.0 0.0 12532.0 47.0 31100.0 0.08416496332812311
32 41 47 0.0 0.0 904.0 0.0 12485.0 28.0 6774.0 0.09101547263034715
32 41 48 0.0 0.0 542.0 0.0 9604.0 16.0 2124.0 0.11534025374855823
32 41 49 0.0 0.0 651.0 0.0 11102.0 31.0 4156.0 0.10191453738079638
32 41 50 0.0 0.0 25.0 0.0 775.0 7.0 6.0 0.5014326647564469
32 41 51 0.0 0.0 2.0 0.0 44.0 0.0 0.0 0.6842619745845552
32 41 52 0.0 0.0 0.0 0.0 2.0 0.0 0.0 0.6993006993006992
32 42 28 0.0 0.0 0.0 0.0 25.0 0.0 0.0 0.6913580246913579
32 42 29 0.0 0.0 148.0 0.0 3262.0 12.0 100.0 0.2592592592592592
32 42 30 0.0 0.0 748.0 0.0 11767.0 31.0 6363.0 0.09653840849537994
32 42 31 0.0 0.0 579.0 0.0 10029.0 21.0 2498.0 0.11111993015318675
32 42 32 0.0 0.0 954.0 0.0 12657.0 38.0 7076.0 0.08978963571062083
32 42 33 0.0 0.0 1421.0 0.0 13418.0 43.0 15629.0 0.0831353919239905
32 42 34 0.0 0.0 2108.0 0.0 12554.0 58.0 31146.0 0.08406893652795291
32 42 35 0.0 0.0 2863.0 0.0 11109.0 88.0 49715.0 0.08780181875195985
32 42 36 0.0 0.0 3899.0 0.0 8669.0 83.0 80471.0 0.09612743751716561
32 42 37 0.0 0.0 4186.0 0.0 9914.0 91.0 72885.0 0.08716767324575056
32 42 38 0.0 0.0 3993.0 0.0 10620.0 54.0 63501.0 0.08412955952166334
32 42 39 0.0 0.0 3809.0 0.0 10949.0 75.0 58211.0 0.08361204013377925
32 42 40 0.0 0.0 4302.0 0.0 9428.0 76.0 77646.0 0.0889679715302491
32 42 41 0.0 0.0 4358.0 0.0 10763.0 85.0 66043.0 0.08179959100204498
32 42 42 0.0 0.0 4152.0 0.0 10748.0 88.0 65012.0 0.08297279677591417
32 42 43 0.0 0.0 4094.0 0.0 9883.0 67.0 70749.0 0.087527352297593
32 42 44 0.0 0.0 4057.0 0.0 9302.0 67.0 74414.0 0.09110431444003383
32 42 45 0.0 0.0 2770.0 0.0 12231.0 61.0 40711.0 0.08231904509907684
32 42 46 0.0 0.0 2270.0 0.0 12106.0 52.0 36052.0 0.08548052265233849
32 42 47 0.0 0.0 1558.0 0.0 12624.0 32.0 22060.0 0.0864250879683931
32 42 48 0.0 0.0 688.0 0.0 11367.0 27.0 4536.0 0.09970089730807576
32 42 49 0.0 0.0 306.0 0.0 6632.0 17.0 678.0 0.15684517140936588
32 42 50 0.0 0.0 368.0 0.0 8059.0 17.0 1221.0 0.1344473254585614
32 42 51 0.0 0.0 0.0 0.0 39.0 0.0 0.0 0.6866110838646394
32 42 53 0.0 0.0 0.0 0.0 1.0 0.0 0.0 0.6996501749125437
32 43 28 0.0 0.0 0.0 0.0 16.0 0.0 0.0 0.6944444444444444
32 43 29 0.0 0.0 108.0 0.0 2719.0 18.0 44.0 0.2911208151382823
32 43 30 0.0 0.0 354.0 0.0 6919.0 17.0 637.0 0.1512205659969756
32 43 31 0.0 0.0 1300.0 0.0 12327.0 44.0 18010.0 0.08957133717210491
32 43 32 0.0 0.0 1428.0 0.0 13283.0 47.0 16515.0 0.08377213977979894
32 43 33 0.0 0.0 893.0 0.0 12506.0 36.0 6472.0 0.09095043201455205
32 43 34 0.0 0.0 1834.0 0.0 13270.0 48.0 23456.0 0.08179003330022784
32 43 35 0.0 0.0 2565.0 0.0 12136.0 54.0 39871.0 0.08381226053639845
32 43 36 0.0 0.0 3178.0 0.0 11322.0 61.0 51069.0 0.08475089291119317
32 43 37 0.0 0.0 3171.0 0.0 12358.0 82.0 44810.0 0.07993605115907274
32 43 38 0.0 0.0 3333.0 0.0 12252.0 58.0 45294.0 0.07958615200955033
32 43 39 0.0 0.0 3942.0 0.0 10948.0 67.0 62178.0 0.08283533518726702
32 43 40 0.0 0.0 4200.0 0.0 9627.0 77.0 73954.0 0.08854034910194788
32 43 41 0.0 0.0 4217.0 0.0 9097.0 68.0 78925.0 0.09142558610331089
32 43 42 0.0 0.0 4340.0 0.0 8511.0 100.0 85331.0 0.09425070688030159
32 43 43 0.0 0.0 3979.0 0.0 9946.0 71.0 69436.0 0.0878679470281805
32 43 44 0.0 0.0 3252.0 0.0 11168.0 59.0 54997.0 0.08518924181574783
32 43 45 0.0 0.0 3282.0 0.0 10617.0 62.0 57956.0 0.08811681772406847
32 43 46 0.0 0.0 2317.0 0.0 12282.0 55.0 34770.0 0.08435259384226064
32 43 47 0.0 0.0 868.0 0.0 12316.0 29.0 7422.0 0.09218410482649635
32 43 48 0.0 0.0 429.0 0.0 8644.0 24.0 1775.0 0.1265593925149159
32 43 49 0.0 0.0 37.0 0.0 1176.0 3.0 5.0 0.4361370716510903
32 43 50 0.0 0.0 152.0 0.0 3557.0 24.0 100.0 0.24621878297572983
32 43 51 0.0 0.0 2.0 0.0 45.0 0.0 0.0 0.6839276990718123
32 44 28 0.0 0.0 0.0 0.0 4.0 0.0 0.0 0.6986027944111775
32 44 29 0.0 0.0 15.0 0.0 394.0 5.0 1.0 0.5823627287853577
32 44 30 0.0 0.0 565.0 0.0 10049.0 26.0 2863.0 0.11109347722583716
32 44 31 0.0 0.0 348.0 0.0 7529.0 26.0 1064.0 0.1420166362345303
32 44 32 0.0 0.0 1014.0 0.0 12571.0 34.0 10367.0 0.0898703299524971
32 44 33 0.0 0.0 1037.0 0.0 12833.0 46.0 10926.0 0.08829465186680119
32 44 34 0.0 0.0 2286.0 0.0 11428.0 53.0 39882.0 0.08915493854677449
32 44 35 0.0 0.0 2409.0 0.0 11827.0 73.0 39248.0 0.08631851532153645
32 44 36 0.0 0.0 2305.0 0.0 12952.0 47.0 31196.0 0.0811076994380395
32 44 37 0.0 0.0 2722.0 0.0 11967.0 58.0 42076.0 0.08391776059461727
32 44 38 0.0 0.0 3094.0 0.0 11630.0 54.0 47528.0 0.08361204013377925
32 44 39 0.0 0.0 3752.0 0.0 11018.0 85.0 59759.0 0.08358707982566123
32 44 40 0.0 0.0 3872.0 0.0 10437.0 86.0 64792.0 0.08582112425672776
32 44 41 0.0 0.0 3649.0 0.0 11636.0 85.0 53610.0 0.08107482047718322
32 44 42 0.0 0.0 3524.0 0.0 11537.0 74.0 52456.0 0.08214034264257215
32 44 43 0.0 0.0 3367.0 0.0 11019.0 68.0 55353.0 0.08545443447476041
32 44 44 0.0 0.0 2565.0 0.0 13133.0 58.0 33074.0 0.07905584730927775
32 44 45 0.0 0.0 2579.0 0.0 12201.0 65.0 39178.0 0.08343763037129745
32 44 46 0.0 0.0 1976.0 0.0 12879.0 60.0 27100.0 0.083184789067142
32 44 47 0.0 0.0 1274.0 0.0 12935.0 35.0 15860.0 0.08639842014317452
32 44 48 0.0 0.0 446.0 0.0 8820.0 20.0 1702.0 0.12443338369922673
32 44 49 0.0 0.0 372.0 0.0 7895.0 19.0 1037.0 0.136518771331058
32 44 50 0.0 0.0 16.0 0.0 274.0 3.0 0.0 0.6121556624398775
32 44 51 0.0 0.0 0.0 0.0 7.0 0.0 0.0 0.6975585450921773
32 45 28 0.0 0.0 0.0 0.0 7.0 0.0 0.0 0.6975585450921773
32 45 29 0.0 0.0 35.0 0.0 1106.0 8.0 15.0 0.44685604851579946
32 45 30 0.0 0.0 120.0 0.0 2476.0 19.0 57.0 0.30581039755351674
32 45 31 0.0 0.0 140.0 0.0 3087.0 18.0 65.0 0.2687655980034555
32 45 32 0.0 0.0 406.0 0.0 8012.0 21.0 1128.0 0.1345895020188425
32 45 33 0.0 0.0 1516.0 0.0 12789.0 33.0 20819.0 0.08582638548307993
32 45 34 0.0 0.0 1449.0 0.0 12964.0 31.0 18263.0 0.08527226215129735
32 45 35 0.0 0.0 1953.0 0.0 12248.0 45.0 30410.0 0.08634513383495744
32 45 36 0.0 0.0 1931.0 0.0 12746.0 41.0 27555.0 0.08389764487325461
32 45 37 0.0 0.0 2443.0 0.0 12428.0 45.0 36014.0 0.08290891863081841
32 45 38 0.0 0.0 2789.0 0.0 12292.0 69.0 40820.0 0.08195761620419154
32 45 39 0.0 0.0 2948.0 0.0 11794.0 54.0 45228.0 0.0835571471202626
32 45 40 0.0 0.0 3164.0 0.0 11159.0 66.0 52530.0 0.08574753475837568
32 45 41 0.0 0.0 2778.0 0.0 12801.0 68.0 38054.0 0.07959972708664997
32 45 42 0.0 0.0 2778.0 0.0 12903.0 54.0 37030.0 0.07921240239900418
32 45 43 0.0 0.0 3013.0 0.0 11309.0 60.0 49853.0 0.0856898029134533
32 45 44 0.0 0.0 2370.0 0.0 12915.0 52.0 32382.0 0.08098102730217491
32 45 45 0.0 0.0 1857.0 0.0 12584.0 39.0 26366.0 0.08510638297872339
32 45 46 0.0 0.0 1807.0 0.0 12231.0 49.0 27946.0 0.08720024914356897
32 45 47 0.0 0.0 1183.0 0.0 12655.0 36.0 13764.0 0.08839499936860713
32 45 48 0.0 0.0 398.0 0.0 8532.0 23.0 1584.0 0.1282991202346041
32 45 49 0.0 0.0 68.0 0.0 1511.0 8.0 14.0 0.3920470456454774
32 45 50 0.0 0.0 0.0 0.0 16.0 0.0 0.0 0.6944444444444444
32 46 30 0.0 0.0 0.0 0.0 25.0 0.0 0.0 0.6913580246913579
32 46 31 0.0 0.0 114.0 0.0 2402.0 9.0 37.0 0.31062791213667623
32 46 32 0.0 0.0 533.0 0.0 10075.0 24.0 2967.0 0.11111993015318675
32 46 33 0.0 0.0 1133.0 0.0 12516.0 25.0 14484.0 0.08937691521961184
32 46 34 0.0 0.0 1485.0 0.0 12836.0 35.0 20184.0 0.08575278696557637
32 46 35 0.0 0.0 822.0 0.0 12056.0 24.0 6091.0 0.09411764705882351
32 46 36 0.0 0.0 2523.0 0.0 11430.0 57.0 43362.0 0.08770281275449476
32 46 37 0.0 0.0 2334.0 0.0 11856.0 54.0 37424.0 0.08650519031141868
32 46 38 0.0 0.0 2900.0 0.0 10974.0 75.0 50247.0 0.0882556893399735
32 46 39 0.0 0.0 2268.0 0.0 12362.0 50.0 34110.0 0.08416496332812311
32 46 40 0.0 0.0 2531.0 0.0 12194.0 70.0 37923.0 0.08378216636744464
32 46 41 0.0 0.0 1747.0 0.0 13800.0 36.0 19232.0 0.07974027453437374
32 46 42 0.0 0.0 2196.0 0.0 12870.0 63.0 29783.0 0.08208736440926413
32 46 43 0.0 0.0 1921.0 0.0 13526.0 64.0 23008.0 0.08032589362556657
32 46 44 0.0 0.0 2190.0 0.0 12370.0 53.0 32499.0 0.08456148828219376
32 46 45 0.0 0.0 1904.0 0.0 12897.0 50.0 25752.0 0.08339289969025493
32 46 46 0.0 0.0 1688.0 0.0 12752.0 45.0 23544.0 0.08514779223938693
32 46 47 0.0 0.0 1068.0 0.0 12886.0 35.0 9165.0 0.08778530223225482
32 46 48 0.0 0.0 386.0 0.0 8516.0 19.0 1671.0 0.1285111070313934
32 46 49 0.0 0.0 8.0 0.0 262.0 1.0 0.0 0.6170118995152049
32 46 50 0.0 0.0 0.0 0.0 8.0 0.0 0.0 0.697211155378486
32 47 30 0.0 0.0 0.0 0.0 10.0 1.0 0.0 0.6968641114982577
32 47 31 0.0 0.0 113.0 0.0 3223.0 19.0 107.0 0.26325686348251215
32 47 32 0.0 0.0 68.0 0.0 2193.0 11.0 44.0 0.3294117647058823
32 47 33 0.0 0.0 357.0 0.0 7765.0 22.0 1024.0 0.13858641853098394
32 47 34 0.0 0.0 702.0 0.0 11352.0 23.0 4794.0 0.09968669894616916
32 47 35 0.0 0.0 924.0 0.0 12503.0 18.0 8733.0 0.09073822023462311
32 47 36 0.0 0.0 1020.0 0.0 12657.0 31.0 10592.0 0.08929710422247734
32 47 37 0.0 0.0 1456.0 0.0 13603.0 46.0 15226.0 0.08208736440926413
32 47 38 0.0 0.0 2197.0 0.0 12493.0 44.0 32874.0 0.08379219535551831
32 47 39 0.0 0.0 1911.0 0.0 12643.0 55.0 28106.0 0.08463305525329463
32 47 40 0.0 0.0 1931.0 0.0 11634.0 61.0 33178.0 0.09007270153766968
32 47 41 0.0 0.0 2155.0 0.0 12189.0 52.0 33381.0 0.08563738683631024
32 47 42 0.0 0.0 1620.0 0.0 12874.0 42.0 21067.0 0.08484848484848484
32 47 43 0.0 0.0 1422.0 0.0 13051.0 40.0 16759.0 0.08501335924216662
32 47 44 0.0 0.0 1377.0 0.0 12899.0 33.0 16777.0 0.08599508599508598
32 47 45 0.0 0.0 1504.0 0.0 13176.0 51.0 18777.0 0.08395802098950524
32 47 46 0.0 0.0 1265.0 0.0 12716.0 28.0 16226.0 0.08756019763587465
32 47 47 0.0 0.0 636.0 0.0 10921.0 25.0 4159.0 0.10330578512396693
32 47 48 0.0 0.0 161.0 0.0 4062.0 20.0 178.0 0.22566086395873625
32 47 49 0.0 0.0 4.0 0.0 64.0 0.0 0.0 0.6769825918762088
32 48 30 0.0 0.0 0.0 0.0 8.0 0.0 0.0 0.697211155378486
32 48 31 0.0 0.0 0.0 0.0 13.0 0.0 0.0 0.695479384003974
32 48 32 0.0 0.0 107.0 0.0 2446.0 12.0 45.0 0.3082342580361074
32 48 33 0.0 0.0 4.0 0.0 405.0 3.0 5.0 0.5818786367414795
32 48 34 0.0 0.0 581.0 0.0 10021.0 24.0 2690.0 0.11120819763285407
32 48 35 0.0 0.0 457.0 0.0 9022.0 26.0 1800.0 0.12211077191452244
32 48 36 0.0 0.0 793.0 0.0 11970.0 26.0 6382.0 0.09485737516091876
32 48 37 0.0 0.0 754.0 0.0 11711.0 30.0 6051.0 0.09681881051175656
32 48 38 0.0 0.0 915.0 0.0 12018.0 23.0 9688.0 0.0937834941050375
32 48 39 0.0 0.0 881.0 0.0 12263.0 25.0 7505.0 0.09244585314315899
32 48 40 0.0 0.0 872.0 0.0 12112.0 37.0 7094.0 0.09351412731280474
32 48 41 0.0 0.0 722.0 0.0 11528.0 30.0 4619.0 0.09830080044937509
32 48 42 0.0 0.0 796.0 0.0 11806.0 26.0 5552.0 0.09587071149763747
32 48 43 0.0 0.0 884.0 0.0 12312.0 34.0 8285.0 0.09219624629568653
32 48 44 0.0 0.0 583.0 0.0 10335.0 28.0 3029.0 0.10847667751433442
32 48 45 0.0 0.0 1238.0 0.0 12545.0 37.0 16528.0 0.08870303491098015
32 48 46 0.0 0.0 644.0 0.0 11057.0 26.0 4707.0 0.102271897143692
32 48 47 0.0 0.0 283.0 0.0 6097.0 16.0 494.0 0.16736401673640164
32 48 48 0.0 0.0 17.0 0.0 516.0 4.0 1.0 0.55357848952155
32 48 49 0.0 0.0 0.0 0.0 7.0 0.0 0.0 0.6975585450921773
32 49 31 0.0 0.0 0.0 0.0 2.0 0.0 0.0 0.6993006993006992
32 49 32 0.0 0.0 0.0 0.0 1.0 0.0 0.0 0.6996501749125437
32 49 33 0.0 0.0 10.0 0.0 221.0 3.0 0.0 0.6283662477558347
32 49 34 0.0 0.0 116.0 0.0 3621.0 13.0 136.0 0.24445608521040682
32 49 35 0.0 0.0 346.0 0.0 7177.0 25.0 828.0 0.1473374026520732
32 49 36 0.0 0.0 743.0 0.0 11605.0 26.0 5860.0 0.09759498082955732
32 49 37 0.0 0.0 767.0 0.0 11791.0 33.0 6489.0 0.09624639076034647
32 49 38 0.0 0.0 595.0 0.0 10539.0 20.0 3466.0 0.1066585403016913
32 49 39 0.0 0.0 428.0 0.0 9013.0 19.0 1947.0 0.12246326102169348
32 49 40 0.0 0.0 164.0 0.0 4328.0 16.0 192.0 0.21611608521148498
32 49 41 0.0 0.0 371.0 0.0 7553.0 25.0 1113.0 0.14135702746365103
32 49 42 0.0 0.0 580.0 0.0 9897.0 17.0 2542.0 0.11226944667201282
32 49 43 0.0 0.0 172.0 0.0 4336.0 11.0 216.0 0.21525215252152516
32 49 44 0.0 0.0 541.0 0.0 9526.0 25.0 2148.0 0.11614401858304296
32 49 45 0.0 0.0 506.0 0.0 9612.0 26.0 2727.0 0.11564513464397819
32 49 46 0.0 0.0 246.0 0.0 5511.0 20.0 371.0 0.18080847216841017
32 49 47 0.0 0.0 29.0 0.0 595.0 7.0 4.0 0.5353728489483747
32 49 48 0.0 0.0 6.0 0.0 172.0 1.0 0.0 0.6433823529411764
32 49 49 0.0 0.0 0.0 0.0 4.0 0.0 0.0 0.6986027944111775
32 50 33 0.0 0.0 1.0 0.0 22.0 0.0 0.0 0.6920415224913494
32 50 34 0.0 0.0 14.0 0.0 256.0 6.0 0.0 0.618647812638091
32 50 35 0.0 0.0 27.0 0.0 458.0 4.0 1.0 0.5642885933091495
32 50 36 0.0 0.0 69.0 0.0 1838.0 10.0 19.0 0.3592507056710289
32 50 37 0.0 0.0 2.0 0.0 342.0 2.0 2.0 0.5977796754910332
32 50 38 0.0 0.0 119.0 0.0 2811.0 16.0 59.0 0.28490028490028485
32 50 39 0.0 0.0 75.0 0.0 1653.0 12.0 12.0 0.37664783427495285
32 50 40 0.0 0.0 307.0 0.0 6039.0 21.0 451.0 0.1680672268907563
32 50 41 0.0 0.0 436.0 0.0 8575.0 26.0 1471.0 0.12740012740012738
32 50 42 0.0 0.0 147.0 0.0 3667.0 14.0 122.0 0.24142093464390407
32 50 43 0.0 0.0 280.0 0.0 5911.0 21.0 474.0 0.17129572984216318
32 50 44 0.0 0.0 224.0 0.0 5199.0 25.0 341.0 0.18921475875118257
32 50 45 0.0 0.0 351.0 0.0 7401.0 17.0 940.0 0.14370765756518167
32 50 46 0.0 0.0 47.0 0.0 1158.0 9.0 6.0 0.4380475594493116
32 50 47 0.0 0.0 13.0 0.0 138.0 3.0 0.0 0.6517690875232773
32 50 48 0.0 0.0 0.0 0.0 17.0 0.0 0.0 0.694100148735746
32 50 49 0.0 0.0 0.0 0.0 4.0 0.0 0.0 0.6986027944111775
32 50 50 0.0 0.0 0.0 0.0 1.0 0.0 0.0 0.6996501749125437
32 51 34 0.0 0.0 0.0 0.0 1.0 0.0 0.0 0.6996501749125437
32 51 35 0.0 0.0 1.0 0.0 4.0 1.0 0.0 0.6986027944111775
32 51 36 0.0 0.0 14.0 0.0 258.0 4.0 0.0 0.6172839506172839
32 51 37 0.0 0.0 0.0 0.0 19.0 0.0 0.0 0.6934125804853887
32 51 38 0.0 0.0 39.0 0.0 968.0 11.0 6.0 0.4672897196261681
32 51 39 0.0 0.0 10.0 0.0 314.0 4.0 0.0 0.6034482758620688
32 51 40 0.0 0.0 108.0 0.0 2710.0 10.0 45.0 0.2911208151382823
32 51 41 0.0 0.0 2.0 0.0 100.0 3.0 0.0 0.6669842782277274
32 51 42 0.0 0.0 1.0 0.0 93.0 0.0 0.0 0.668896321070234
32 51 43 0.0 0.0 28.0 0.0 620.0 2.0 3.0 0.5291005291005291
32 51 44 0.0 0.0 0.0 0.0 39.0 0.0 0.0 0.6866110838646394
32 51 45 0.0 0.0 0.0 0.0 32.0 0.0 0.0 0.6889763779527558
32 51 46 0.0 0.0 0.0 0.0 7.0 0.0 0.0 0.6975585450921773
32 51 47 0.0 0.0 23.0 0.0 188.0 4.0 0.0 0.6343452650657
32 52 37 0.0 0.0 0.0 0.0 1.0 0.0 0.0 0.6996501749125437
32 52 38 0.0 0.0 3.0 0.0 112.0 1.0 0.0 0.662251655629139
32 52 39 0.0 0.0 0.0 0.0 35.0 0.0 0.0 0.6879606879606879
32 52 40 0.0 0.0 0.0 0.0 35.0 0.0 0.0 0.6879606879606879
32 52 41 0.0 0.0 0.0 0.0 31.0 0.0 0.0 0.6893156080748399
32 52 42 0.0 0.0 0.0 0.0 5.0 0.0 0.0 0.6982543640897755
32 52 43 0.0 0.0 0.0 0.0 7.0 0.0 0.0 0.6979062811565303
32 52 44 0.0 0.0 0.0 0.0 2.0 0.0 0.0 0.6993006993006992
32 52 45 0.0 0.0 0.0 0.0 2.0 0.0 0.0 0.6993006993006992
32 52 46 0.0 0.0 0.0 0.0 2.0 0.0 0.0 0.6993006993006992
32 52 47 0.0 0.0 0.0 0.0 1.0 0.0 0.0 0.6996501749125437
32 53 37 0.0 0.0 0.0 0.0 2.0 0.0 0.0 0.6993006993006992
32 53 38 0.0 0.0 0.0 0.0 1.0 0.0 0.0 0.6996501749125437
32 53 39 0.0 0.0 0.0 0.0 3.0 0.0 0.0 0.6989515726410384
33 28 35 0.0 0.0 0.0 0.0 11.0 0.0 0.0 0.6961710591745399
33 28 36 0.0 0.0 0.0 0.0 2.0 0.0 0.0 0.6993006993006992
33 28 37 0.0 0.0 0.0 0.0 2.0 0.0 0.0 0.6993006993006992
33 28 39 0.0 0.0 0.0 0.0 1.0 0.0 0.0 0.6996501749125437
33 28 40 0.0 0.0 0.0 0.0 7.0 0.0 0.0 0.6975585450921773
33 28 41 0.0 0.0 0.0 0.0 11.0 0.0 0.0 0.6961710591745399
33 28 42 0.0 0.0 6.0 0.0 142.0 0.0 0.0 0.6517690875232773
33 28 43 0.0 0.0 0.0 0.0 3.0 0.0 0.0 0.6989515726410384
33 29 32 0.0 0.0 0.0 0.0 1.0 0.0 0.0 0.6996501749125437
33 29 33 0.0 0.0 0.0 0.0 2.0 0.0 0.0 0.6993006993006992
33 29 34 0.0 0.0 2.0 0.0 35.0 0.0 0.0 0.6872852233676975
33 29 35 0.0 0.0 0.0 0.0 18.0 0.0 0.0 0.6937561942517343
33 29 36 0.0 0.0 206.0 0.0 4633.0 23.0 268.0 0.2053388090349076
33 29 37 0.0 0.0 19.0 0.0 438.0 6.0 0.0 0.5711954304365564
33 29 38 0.0 0.0 25.0 0.0 404.0 4.0 0.0 0.5775577557755774
33 29 39 0.0 0.0 6.0 0.0 128.0 1.0 0.0 0.6563525550867322
33 29 40 0.0 0.0 2.0 0.0 74.0 0.0 0.0 0.6743737957610789
33 29 41 0.0 0.0 40.0 0.0 824.0 7.0 2.0 0.4900245012250612
33 29 42 0.0 0.0 68.0 0.0 1662.0 14.0 12.0 0.376850605652759
33 29 43 0.0 0.0 37.0 0.0 800.0 8.0 5.0 0.4948745139625308
33 29 44 0.0 0.0 3.0 0.0 22.0 1.0 0.0 0.6916996047430829
33 29 45 0.0 0.0 0.0 0.0 4.0 0.0 0.0 0.6986027944111775
33 29 46 0.0 0.0 0.0 0.0 3.0 0.0 0.0 0.6989515726410384
33 30 31 0.0 0.0 0.0 0.0 1.0 0.0 0.0 0.6996501749125437
33 30 32 0.0 0.0 7.0 0.0 163.0 1.0 0.0 0.6454587367450437
33 30 33 0.0 0.0 16.0 0.0 398.0 3.0 1.0 0.5806719203649937
33 30 34 0.0 0.0 69.0 0.0 1420.0 11.0 7.0 0.40253018976423227
33 30 35 0.0 0.0 139.0 0.0 3333.0 19.0 94.0 0.25683360851219955
33 30 36 0.0 0.0 208.0 0.0 4329.0 18.0 207.0 0.21469099831314212
33 30 37 0.0 0.0 479.0 0.0 9652.0 30.0 2477.0 0.11557830430116402
33 30 38 0.0 0.0 192.0 0.0 4306.0 21.0 178.0 0.21611608521148498
33 30 39 0.0 0.0 180.0 0.0 3335.0 15.0 94.0 0.25449918196691507
33 30 40 0.0 0.0 360.0 0.0 7093.0 24.0 742.0 0.14839940640237437
33 30 41 0.0 0.0 195.0 0.0 4217.0 18.0 182.0 0.21888680425265786
33 30 42 0.0 0.0 141.0 0.0 3417.0 15.0 90.0 0.2525708100306693
33 30 43 0.0 0.0 139.0 0.0 2775.0 17.0 52.0 0.2859477124183006
33 30 44 0.0 0.0 278.0 0.0 5705.0 21.0 427.0 0.17576898932831134
33 30 45 0.0 0.0 198.0 0.0 4687.0 14.0 265.0 0.20366598778004072
33 30 46 0.0 0.0 0.0 0.0 13.0 0.0 0.0 0.695479384003974
33 30 47 0.0 0.0 2.0 0.0 7.0 1.0 0.0 0.697211155378486
33 31 30 0.0 0.0 0.0 0.0 1.0 0.0 0.0 0.6996501749125437
33 31 31 0.0 0.0 9.0 0.0 200.0 1.0 0.0 0.6340579710144926
33 31 32 0.0 0.0 208.0 0.0 4261.0 16.0 177.0 0.21678538247135332
33 31 33 0.0 0.0 456.0 0.0 8864.0 19.0 1793.0 0.1237295625276182
33 31 34 0.0 0.0 72.0 0.0 2149.0 16.0 35.0 0.3327787021630615
33 31 35 0.0 0.0 276.0 0.0 6298.0 21.0 580.0 0.163627863487611
33 31 36 0.0 0.0 451.0 0.0 8918.0 19.0 1583.0 0.12326113752421199
33 31 37 0.0 0.0 692.0 0.0 11399.0 33.0 4864.0 0.09943181818181818
33 31 38 0.0 0.0 291.0 0.0 6572.0 10.0 693.0 0.15804922104312483
33 31 39 0.0 0.0 527.0 0.0 9845.0 22.0 2308.0 0.11316789265217038
33 31 40 0.0 0.0 831.0 0.0 11958.0 37.0 6745.0 0.09476748121573139
33 31 41 0.0 0.0 695.0 0.0 11291.0 28.0 3852.0 0.10017889087656529
33 31 42 0.0 0.0 777.0 0.0 11694.0 25.0 5987.0 0.09679872778814906
33 31 43 0.0 0.0 474.0 0.0 9207.0 33.0 1882.0 0.12004801920768304
33 31 44 0.0 0.0 348.0 0.0 7117.0 20.0 803.0 0.14816382685998516
33 31 45 0.0 0.0 222.0 0.0 4962.0 24.0 262.0 0.1954761239877129
33 31 46 0.0 0.0 70.0 0.0 1430.0 10.0 11.0 0.40126110633419315
33 31 47 0.0 0.0 52.0 0.0 996.0 11.0 4.0 0.46098123147843256
33 31 48 0.0 0.0 1.0 0.0 56.0 0.0 0.0 0.6806028196402526
33 31 49 0.0 0.0 0.0 0.0 13.0 0.0 0.0 0.695479384003974
33 31 50 0.0 0.0 1.0 0.0 13.0 1.0 0.0 0.695479384003974
33 32 30 0.0 0.0 0.0 0.0 2.0 0.0 0.0 0.6993006993006992
33 32 31 0.0 0.0 78.0 0.0 2071.0 15.0 31.0 0.33857315598548965
33 32 32 0.0 0.0 304.0 0.0 6467.0 20.0 600.0 0.15992689056431345
33 32 33 0.0 0.0 871.0 0.0 12101.0 23.0 6538.0 0.09351412731280474
33 32 34 0.0 0.0 985.0 0.0 12567.0 32.0 10132.0 0.09002057613168724
33 32 35 0.0 0.0 811.0 0.0 12163.0 29.0 6538.0 0.09358288770053474
33 32 36 0.0 0.0 740.0 0.0 11688.0 30.0 5617.0 0.09714801193532717
33 32 37 0.0 0.0 948.0 0.0 12563.0 28.0 7189.0 0.09031675375782207
33 32 38 0.0 0.0 1201.0 0.0 12942.0 46.0 12904.0 0.08677327383165984
33 32 39 0.0 0.0 1381.0 0.0 12900.0 35.0 17496.0 0.08603736479842673
33 32 40 0.0 0.0 1431.0 0.0 12839.0 44.0 18103.0 0.0860479409956976
33 32 41 0.0 0.0 1272.0 0.0 13146.0 32.0 13456.0 0.08528784648187633
33 32 42 0.0 0.0 1421.0 0.0 12624.0 45.0 19246.0 0.08724915866882711
33 32 43 0.0 0.0 1288.0 0.0 12933.0 28.0 14632.0 0.08623875816188246
33 32 44 0.0 0.0 917.0 0.0 12562.0 22.0 7814.0 0.09040423608420509
33 32 45 0.0 0.0 687.0 0.0 11355.0 39.0 4693.0 0.09985022466300547
33 32 46 0.0 0.0 420.0 0.0 8786.0 31.0 1691.0 0.12517882689556506
33 32 47 0.0 0.0 91.0 0.0 2136.0 15.0 22.0 0.33254156769596194
33 32 48 0.0 0.0 451.0 0.0 8672.0 34.0 1502.0 0.1261829652996845
33 32 49 0.0 0.0 248.0 0.0 5365.0 14.0 326.0 0.18416206261510126
33 32 50 0.0 0.0 4.0 0.0 126.0 3.0 0.0 0.6582040432534085
33 32 51 0.0 0.0 0.0 0.0 5.0 0.0 0.0 0.6982543640897755
33 33 29 0.0 0.0 0.0 0.0 2.0 0.0 0.0 0.6993006993006992
33 33 30 0.0 0.0 3.0 0.0 81.0 0.0 0.0 0.6717850287907868
33 33 31 0.0 0.0 39.0 0.0 912.0 10.0 1.0 0.4760285617137027
33 33 32 0.0 0.0 484.0 0.0 9199.0 35.0 2009.0 0.12010981468771448
33 33 33 0.0 0.0 866.0 0.0 12217.0 28.0 7838.0 0.09284435307381125
33 33 34 0.0 0.0 858.0 0.0 12250.0 38.0 6661.0 0.09272751357795733
33 33 35 0.0 0.0 1271.0 0.0 13108.0 60.0 13933.0 0.08560596795890912
33 33 36 0.0 0.0 1320.0 0.0 13042.0 32.0 14988.0 0.08554319931565439
33 33 37 0.0 0.0 1584.0 0.0 13398.0 32.0 19462.0 0.08239656288623387
33 33 38 0.0 0.0 1254.0 0.0 13174.0 46.0 13875.0 0.08526187576126673
33 33 39 0.0 0.0 2330.0 0.0 11880.0 56.0 37080.0 0.08635045950780237
33 33 40 0.0 0.0 2464.0 0.0 12364.0 61.0 36862.0 0.08323919376895178
33 33 41 0.0 0.0 2331.0 0.0 12808.0 56.0 31673.0 0.0816755148474418
33 33 42 0.0 0.0 2481.0 0.0 12076.0 73.0 37677.0 0.08456148828219376
33 33 43 0.0 0.0 2390.0 0.0 11149.0 62.0 42305.0 0.09007849697593616
33 33 44 0.0 0.0 1361.0 0.0 13102.0 40.0 16225.0 0.08499271491015055
33 33 45 0.0 0.0 796.0 0.0 11834.0 24.0 4778.0 0.09568723942314263
33 33 46 0.0 0.0 791.0 0.0 11824.0 34.0 7241.0 0.09588384357235805
33 33 47 0.0 0.0 736.0 0.0 11649.0 22.0 6242.0 0.0973777561382764
33 33 48 0.0 0.0 1057.0 0.0 12401.0 36.0 12155.0 0.09066770286898516
33 33 49 0.0 0.0 294.0 0.0 6254.0 20.0 525.0 0.1641073731098347
33 33 50 0.0 0.0 145.0 0.0 3754.0 19.0 117.0 0.2379738228794832
33 33 51 0.0 0.0 7.0 0.0 94.0 0.0 0.0 0.6663493574488338
33 34 29 0.0 0.0 0.0 0.0 10.0 0.0 0.0 0.6965174129353233
33 34 30 0.0 0.0 274.0 0.0 5550.0 16.0 357.0 0.17923441300729737
33 34 31 0.0 0.0 231.0 0.0 5767.0 20.0 461.0 0.1754166144593409
33 34 32 0.0 0.0 504.0 0.0 9284.0 26.0 1865.0 0.11890606420927466
33 34 33 0.0 0.0 868.0 0.0 12110.0 29.0 6155.0 0.09354536950420954
33 34 34 0.0 0.0 1316.0 0.0 13019.0 22.0 14930.0 0.08556934172727827
33 34 35 0.0 0.0 1540.0 0.0 13157.0 45.0 18891.0 0.08387753879336168
33 34 36 0.0 0.0 1962.0 0.0 13093.0 59.0 25949.0 0.08222235273389321
33 34 37 0.0 0.0 2127.0 0.0 12805.0 54.0 29460.0 0.08271787296898078
33 34 38 0.0 0.0 2502.0 0.0 12260.0 47.0 37484.0 0.08354717431521155
33 34 39 0.0 0.0 3169.0 0.0 11075.0 81.0 52969.0 0.08626532750015403
33 34 40 0.0 0.0 3716.0 0.0 10452.0 57.0 63659.0 0.08640908529811134
33 34 41 0.0 0.0 3892.0 0.0 10563.0 71.0 64092.0 0.08504951096531194
33 34 42 0.0 0.0 3184.0 0.0 11092.0 56.0 54186.0 0.0859106529209622
33 34 43 0.0 0.0 2484.0 0.0 12693.0 53.0 34971.0 0.08146639511201628
33 34 44 0.0 0.0 1688.0 0.0 13439.0 39.0 20287.0 0.08168028004667444
33 34 45 0.0 0.0 1532.0 0.0 13335.0 53.0 18893.0 0.0830072334874896
33 34 46 0.0 0.0 712.0 0.0 11301.0 30.0 4727.0 0.10005002501250625
33 34 47 0.0 0.0 897.0 0.0 12387.0 24.0 8214.0 0.09162903331369852
33 34 48 0.0 0.0 705.0 0.0 11580.0 22.0 5369.0 0.0980529485922398
33 34 49 0.0 0.0 969.0 0.0 12366.0 27.0 10484.0 0.09128847157016169
33 34 50 0.0 0.0 96.0 0.0 2241.0 13.0 40.0 0.32369942196531787
33 34 51 0.0 0.0 2.0 0.0 151.0 0.0 0.0 0.6505576208178437
33 35 29 0.0 0.0 1.0 0.0 36.0 0.0 0.0 0.6872852233676975
33 35 30 0.0 0.0 37.0 0.0 1027.0 7.0 3.0 0.4579653254824991
33 35 31 0.0 0.0 677.0 0.0 11313.0 15.0 5033.0 0.10003572704537333
33 35 32 0.0 0.0 272.0 0.0 6309.0 21.0 598.0 0.16343684333411157
33 35 33 0.0 0.0 748.0 0.0 11665.0 27.0 5467.0 0.0971614962870428
33 35 34 0.0 0.0 1416.0 0.0 12986.0 40.0 16968.0 0.08544400366188586
33 35 35 0.0 0.0 2076.0 0.0 12770.0 52.0 29844.0 0.08310578178796152
33 35 36 0.0 0.0 2635.0 0.0 12110.0 57.0 40785.0 0.0835820895522388
33 35 37 0.0 0.0 3838.0 0.0 8199.0 79.0 83139.0 0.0997506234413965
33 35 38 0.0 0.0 3673.0 0.0 10808.0 92.0 60253.0 0.08499271491015055
33 35 39 0.0 0.0 4089.0 0.0 11075.0 87.0 61550.0 0.08168028004667444
33 35 40 0.0 0.0 4296.0 0.0 9740.0 74.0 73916.0 0.0873144567793439
33 35 41 0.0 0.0 4440.0 0.0 9279.0 91.0 79400.0 0.08907552331869949
33 35 42 0.0 0.0 4145.0 0.0 10498.0 70.0 66900.0 0.08406893652795291
33 35 43 0.0 0.0 3996.0 0.0 8530.0 65.0 84054.0 0.09621993127147765
33 35 44 0.0 0.0 2572.0 0.0 12619.0 71.0 36725.0 0.08155181452787323
33 35 45 0.0 0.0 2266.0 0.0 12056.0 70.0 35885.0 0.08578957043936514
33 35 46 0.0 0.0 1931.0 0.0 12617.0 58.0 27716.0 0.08463817181548877
33 35 47 0.0 0.0 1125.0 0.0 13045.0 38.0 10804.0 0.0866122246968572
33 35 48 0.0 0.0 782.0 0.0 11913.0 32.0 6179.0 0.09530941520865953
33 35 49 0.0 0.0 755.0 0.0 11417.0 30.0 5909.0 0.09891196834817012
33 35 50 0.0 0.0 164.0 0.0 4260.0 11.0 174.0 0.21820448877805482
33 35 51 0.0 0.0 1.0 0.0 36.0 1.0 0.0 0.6876227897838899
33 35 52 0.0 0.0 0.0 0.0 2.0 0.0 0.0 0.6993006993006992
33 36 28 0.0 0.0 0.0 0.0 2.0 0.0 0.0 0.6993006993006992
33 36 29 0.0 0.0 1.0 0.0 66.0 0.0 0.0 0.6773101112723753
33 36 30 0.0 0.0 264.0 0.0 5651.0 27.0 447.0 0.17730496453900704
33 36 31 0.0 0.0 561.0 0.0 10405.0 23.0 3446.0 0.10799136069114469
33 36 32 0.0 0.0 847.0 0.0 12222.0 33.0 6407.0 0.09296766053522809
33 36 33 0.0 0.0 1142.0 0.0 12905.0 28.0 13732.0 0.08726003490401395
33 36 34 0.0 0.0 1577.0 0.0 13273.0 30.0 19075.0 0.0831008488158129
33 36 35 0.0 0.0 2543.0 0.0 12345.0 70.0 36775.0 0.08301215535131928
33 36 36 0.0 0.0 3700.0 0.0 9331.0 78.0 73394.0 0.09327115256495667
33 36 37 0.0 0.0 3907.0 0.0 10945.0 68.0 60102.0 0.08296787957804906
33 36 38 0.0 0.0 4779.0 0.0 10203.0 75.0 72971.0 0.08244023083264633
33 36 39 0.0 0.0 5179.0 0.0 8844.0 88.0 88167.0 0.08734714250062389
33 36 40 0.0 0.0 5279.0 0.0 10182.0 86.0 76824.0 0.08009153318077802
33 36 41 0.0 0.0 5191.0 0.0 8234.0 82.0 94733.0 0.09078529278256921
33 36 42 0.0 0.0 4924.0 0.0 9440.0 80.0 79506.0 0.0855222968845449
33 36 43 0.0 0.0 4344.0 0.0 9914.0 79.0 72391.0 0.0862546978005052
33 36 44 0.0 0.0 3603.0 0.0 10516.0 77.0 61750.0 0.08688097306689835
33 36 45 0.0 0.0 2907.0 0.0 11236.0 65.0 48889.0 0.08675176601809392
33 36 46 0.0 0.0 1641.0 0.0 13475.0 38.0 19938.0 0.08179481187193269
33 36 47 0.0 0.0 1950.0 0.0 11469.0 60.0 35612.0 0.09083830781209445
33 36 48 0.0 0.0 873.0 0.0 12326.0 31.0 6795.0 0.09209920399973685
33 36 49 0.0 0.0 557.0 0.0 10100.0 27.0 2737.0 0.11069818929390368
33 36 50 0.0 0.0 310.0 0.0 6399.0 27.0 529.0 0.16119746689694875
33 36 51 0.0 0.0 154.0 0.0 3552.0 14.0 93.0 0.24591603723871416
33 36 52 0.0 0.0 2.0 0.0 24.0 1.0 0.0 0.6913580246913579
33 37 28 0.0 0.0 0.0 0.0 6.0 0.0 0.0 0.6979062811565303
33 37 29 0.0 0.0 138.0 0.0 3474.0 21.0 98.0 0.2503576537911301
33 37 30 0.0 0.0 179.0 0.0 4066.0 21.0 175.0 0.22489959839357426
33 37 31 0.0 0.0 277.0 0.0 6447.0 25.0 583.0 0.16095654173373186
33 37 32 0.0 0.0 643.0 0.0 10760.0 25.0 3546.0 0.10451661067562523
33 37 33 0.0 0.0 1226.0 0.0 13316.0 26.0 11560.0 0.0845359579735523
33 37 34 0.0 0.0 2295.0 0.0 12655.0 48.0 31565.0 0.08253257088958321
33 37 35 0.0 0.0 3515.0 0.0 10074.0 73.0 63250.0 0.08976085144579084
33 37 36 0.0 0.0 4131.0 0.0 11339.0 85.0 59561.0 0.08015114215377568
33 37 37 0.0 0.0 5168.0 0.0 8920.0 67.0 86599.0 0.0868917576961271
33 37 38 0.0 0.0 5790.0 0.0 8763.0 89.0 91825.0 0.08464328899637243
33 37 39 0.0 0.0 6180.0 0.0 7457.0 113.0 106499.0 0.08970333824565899
33 37 40 0.0 0.0 6145.0 0.0 6142.0 72.0 121420.0 0.09796375341123784
33 37 41 0.0 0.0 6175.0 0.0 7376.0 91.0 106657.0 0.09009588776626551
33 37 42 0.0 0.0 5595.0 0.0 9198.0 81.0 87806.0 0.08332837331111242
33 37 43 0.0 0.0 4856.0 0.0 7473.0 77.0 98662.0 0.09771759614713477
33 37 44 0.0 0.0 4199.0 0.0 8864.0 72.0 80306.0 0.09291829826773744
33 37 45 0.0 0.0 3075.0 0.0 11530.0 60.0 49336.0 0.0842358604091456
33 37 46 0.0 0.0 2293.0 0.0 12115.0 73.0 36540.0 0.08543357539513027
33 37 47 0.0 0.0 1485.0 0.0 13091.0 46.0 18296.0 0.08450024142926121
33 37 48 0.0 0.0 1725.0 0.0 12065.0 51.0 27044.0 0.08864686886595327
33 37 49 0.0 0.0 1025.0 0.0 12598.0 44.0 10191.0 0.08966886568884903
33 37 50 0.0 0.0 686.0 0.0 11405.0 29.0 6101.0 0.09938946471674001
33 37 51 0.0 0.0 124.0 0.0 2787.0 14.0 54.0 0.2858309514087382
33 37 52 0.0 0.0 0.0 0.0 17.0 0.0 0.0 0.694100148735746
33 37 53 0.0 0.0 7.0 0.0 58.0 2.0 0.0 0.6786233640329616
33 38 28 0.0 0.0 0.0 0.0 3.0 0.0 0.0 0.6993006993006992
33 38 29 0.0 0.0 3.0 0.0 130.0 0.0 0.0 0.6563525550867322
33 38 30 0.0 0.0 390.0 0.0 7595.0 21.0 904.0 0.14037902336308028
33 38 31 0.0 0.0 223.0 0.0 5528.0 26.0 400.0 0.18118286527759803
33 38 32 0.0 0.0 1136.0 0.0 12929.0 34.0 11041.0 0.08715682002116665
33 38 33 0.0 0.0 2001.0 0.0 12895.0 37.0 27968.0 0.08286475288546906
33 38 34 0.0 0.0 3053.0 0.0 11820.0 52.0 47709.0 0.08288928359976316
33 38 35 0.0 0.0 4144.0 0.0 9265.0 84.0 75996.0 0.09089728606674456
33 38 36 0.0 0.0 4837.0 0.0 9858.0 84.0 77253.0 0.08390267289943663
33 38 37 0.0 0.0 5809.0 0.0 8025.0 77.0 99194.0 0.0882556893399735
33 38 38 0.0 0.0 6345.0 0.0 6391.0 79.0 117778.0 0.09499898215376262
33 38 39 0.0 0.0 6049.0 0.0 4752.0 57.0 137127.0 0.10924697619976588
33 38 40 0.0 0.0 6317.0 0.0 5175.0 59.0 130842.0 0.10367298578199051
33 38 41 0.0 0.0 6655.0 0.0 7038.0 82.0 112658.0 0.0891208861162391
33 38 42 0.0 0.0 5894.0 0.0 7977.0 85.0 100414.0 0.08818342151675483
33 38 43 0.0 0.0 5480.0 0.0 9653.0 96.0 83143.0 0.08176614881439084
33 38 44 0.0 0.0 4115.0 0.0 11229.0 81.0 59746.0 0.08073352171155065
33 38 45 0.0 0.0 3382.0 0.0 10764.0 68.0 58011.0 0.08658544127651678
33 38 46 0.0 0.0 2320.0 0.0 13326.0 63.0 29932.0 0.07935158419769879
33 38 47 0.0 0.0 2251.0 0.0 11505.0 45.0 39018.0 0.08880431335236282
33 38 48 0.0 0.0 1590.0 0.0 13001.0 44.0 20834.0 0.08442889880593413
33 38 49 0.0 0.0 1140.0 0.0 13093.0 39.0 11249.0 0.08630787251094259
33 38 50 0.0 0.0 425.0 0.0 8740.0 24.0 1724.0 0.12556053811659193
33 38 51 0.0 0.0 22.0 0.0 541.0 4.0 1.0 0.5470887065259866
33 38 52 0.0 0.0 13.0 0.0 269.0 4.0 0.0 0.6145741878841088
33 38 53 0.0 0.0 0.0 0.0 6.0 0.0 0.0 0.6979062811565303
33 38 54 0.0 0.0 0.0 0.0 5.0 0.0 0.0 0.6982543640897755
33 39 28 0.0 0.0 0.0 0.0 2.0 0.0 0.0 0.6996501749125437
33 39 29 0.0 0.0 0.0 0.0 43.0 0.0 0.0 0.6859382655560998
33 39 30 0.0 0.0 358.0 0.0 7404.0 25.0 964.0 0.1437371663244353
33 39 31 0.0 0.0 696.0 0.0 11320.0 24.0 5041.0 0.09992149025765469
33 39 32 0.0 0.0 1022.0 0.0 12893.0 36.0 8908.0 0.08798391151332327
33 39 33 0.0 0.0 2194.0 0.0 12482.0 60.0 32261.0 0.08391776059461727
33 39 34 0.0 0.0 3517.0 0.0 10422.0 72.0 61883.0 0.08779080704834764
33 39 35 0.0 0.0 4661.0 0.0 8509.0 86.0 88509.0 0.09247638549441838
33 39 36 0.0 0.0 5677.0 0.0 8352.0 75.0 95408.0 0.08726003490401395
33 39 37 0.0 0.0 5951.0 0.0 6120.0 78.0 118923.0 0.09950248756218905
33 39 38 0.0 0.0 7078.0 0.0 7558.0 92.0 108199.0 0.08419533317296125
33 39 39 0.0 0.0 7179.0 0.0 6586.0 93.0 118488.0 0.08882685108812892
33 39 40 0.0 0.0 6484.0 0.0 5007.0 54.0 134651.0 0.10371906949177655
33 39 41 0.0 0.0 6718.0 0.0 6354.0 84.0 119536.0 0.09287514926363273
33 39 42 0.0 0.0 6225.0 0.0 7735.0 68.0 102668.0 0.08768084173608065
33 39 43 0.0 0.0 5051.0 0.0 5335.0 64.0 125893.0 0.11286681715575621
33 39 44 0.0 0.0 4629.0 0.0 10073.0 81.0 74129.0 0.08392279103225031
33 39 45 0.0 0.0 3343.0 0.0 11758.0 63.0 49992.0 0.08184741303712363
33 39 46 0.0 0.0 2183.0 0.0 12928.0 59.0 29949.0 0.08185698415482663
33 39 47 0.0 0.0 1693.0 0.0 13283.0 69.0 20726.0 0.08259099758126363
33 39 48 0.0 0.0 1232.0 0.0 13301.0 39.0 12416.0 0.08469961885171516
33 39 49 0.0 0.0 561.0 0.0 10140.0 24.0 3031.0 0.11034917632221959
33 39 50 0.0 0.0 447.0 0.0 8484.0 31.0 1448.0 0.12834616795012832
33 39 51 0.0 0.0 34.0 0.0 1104.0 8.0 11.0 0.44728434504792325
33 39 52 0.0 0.0 13.0 0.0 296.0 4.0 0.0 0.6073752711496745
33 39 53 0.0 0.0 55.0 0.0 1077.0 9.0 6.0 0.44828690361831564
33 40 28 0.0 0.0 0.0 0.0 9.0 0.0 0.0 0.6968641114982577
33 40 29 0.0 0.0 23.0 0.0 487.0 4.0 2.0 0.5586592178770949
33 40 30 0.0 0.0 186.0 0.0 4192.0 14.0 174.0 0.21998742928975482
33 40 31 0.0 0.0 777.0 0.0 11742.0 29.0 6969.0 0.09647853352629039
33 40 32 0.0 0.0 1450.0 0.0 12967.0 52.0 17973.0 0.08529823920063363
33 40 33 0.0 0.0 2367.0 0.0 11692.0 70.0 38290.0 0.0872437215678943
33 40 34 0.0 0.0 3532.0 0.0 10444.0 73.0 61450.0 0.08769182586908862
33 40 35 0.0 0.0 4954.0 0.0 8623.0 73.0 87243.0 0.08996851102114259
33 40 36 0.0 0.0 5820.0 0.0 7806.0 94.0 100944.0 0.08965738072366312
33 40 37 0.0 0.0 6585.0 0.0 8203.0 92.0 100132.0 0.0834575260804769
33 40 38 0.0 0.0 6828.0 0.0 7388.0 86.0 108651.0 0.08632916075723006
33 40 39 0.0 0.0 6444.0 0.0 5520.0 66.0 129326.0 0.10016455605637833
33 40 40 0.0 0.0 6642.0 0.0 6116.0 76.0 122113.0 0.09491525423728812
33 40 41 0.0 0.0 6815.0 0.0 7238.0 79.0 110207.0 0.08715139442231075
33 40 42 0.0 0.0 6483.0 0.0 7145.0 96.0 110015.0 0.08961720650364868
33 40 43 0.0 0.0 5949.0 0.0 7206.0 57.0 108734.0 0.09217196655474356
33 40 44 0.0 0.0 5138.0 0.0 8024.0 90.0 96213.0 0.09242144177449167
33 40 45 0.0 0.0 3231.0 0.0 12513.0 66.0 43580.0 0.07886435331230282
33 40 46 0.0 0.0 2448.0 0.0 12193.0 65.0 38408.0 0.0841902700102231
33 40 47 0.0 0.0 1704.0 0.0 12898.0 38.0 23455.0 0.08433734939759036
33 40 48 0.0 0.0 1125.0 0.0 12664.0 28.0 13767.0 0.08865248226950354
33 40 49 0.0 0.0 606.0 0.0 10616.0 26.0 4421.0 0.1059642749016046
33 40 50 0.0 0.0 456.0 0.0 8565.0 23.0 1407.0 0.12721490231712856
33 40 51 0.0 0.0 10.0 0.0 289.0 0.0 1.0 0.6089604175728577
33 40 52 0.0 0.0 16.0 0.0 319.0 2.0 0.0 0.6003430531732418
33 40 53 0.0 0.0 0.0 0.0 32.0 0.0 0.0 0.6889763779527558
33 40 54 0.0 0.0 0.0 0.0 1.0 0.0 0.0 0.6996501749125437
33 41 28 0.0 0.0 0.0 0.0 17.0 0.0 0.0 0.694100148735746
33 41 29 0.0 0.0 277.0 0.0 6106.0 18.0 466.0 0.16726403823178015
33 41 30 0.0 0.0 401.0 0.0 8164.0 30.0 1218.0 0.13270142180094782
33 41 31 0.0 0.0 538.0 0.0 10210.0 17.0 2930.0 0.10994188785927436
33 41 32 0.0 0.0 1134.0 0.0 13040.0 45.0 11470.0 0.08658544127651678
33 41 33 0.0 0.0 2513.0 0.0 12262.0 59.0 37281.0 0.0835421888053467
33 41 34 0.0 0.0 3889.0 0.0 9149.0 70.0 76122.0 0.09298618490967055
33 41 35 0.0 0.0 5096.0 0.0 7766.0 83.0 97405.0 0.09416829219075805
33 41 36 0.0 0.0 6027.0 0.0 8736.0 83.0 93783.0 0.08350232613622807
33 41 37 0.0 0.0 6367.0 0.0 6720.0 68.0 113880.0 0.09272137227630968
33 41 38 0.0 0.0 6352.0 0.0 6085.0 85.0 122528.0 0.09710758132759935
33 41 39 0.0 0.0 7049.0 0.0 6542.0 85.0 119605.0 0.08980691513246519
33 41 40 0.0 0.0 7048.0 0.0 7176.0 83.0 112097.0 0.08617505847593253
33 41 41 0.0 0.0 6421.0 0.0 6118.0 76.0 120538.0 0.09634574358268529
33 41 42 0.0 0.0 6414.0 0.0 7639.0 79.0 105570.0 0.08712969878018421
33 41 43 0.0 0.0 5750.0 0.0 6236.0 70.0 119107.0 0.10005717552887364
33 41 44 0.0 0.0 5308.0 0.0 10109.0 79.0 78216.0 0.0803627805522071
33 41 45 0.0 0.0 4299.0 0.0 10466.0 75.0 67996.0 0.0835073068893528
33 41 46 0.0 0.0 3010.0 0.0 11723.0 58.0 47216.0 0.08360205422190373
33 41 47 0.0 0.0 1567.0 0.0 13477.0 44.0 17322.0 0.08212588725288905
33 41 48 0.0 0.0 532.0 0.0 10127.0 21.0 2659.0 0.110706942906848
33 41 49 0.0 0.0 919.0 0.0 12427.0 35.0 8518.0 0.09125277017338025
33 41 50 0.0 0.0 247.0 0.0 5737.0 22.0 461.0 0.17581313575285695
33 41 51 0.0 0.0 1.0 0.0 103.0 1.0 0.0 0.6657156443176413
33 41 52 0.0 0.0 127.0 0.0 2915.0 15.0 67.0 0.2784407319013524
33 41 53 0.0 0.0 15.0 0.0 359.0 3.0 0.0 0.5904681568958244
33 42 28 0.0 0.0 0.0 0.0 27.0 0.0 0.0 0.6906758756783422
33 42 29 0.0 0.0 389.0 0.0 8096.0 20.0 1329.0 0.13361328497804922
33 42 30 0.0 0.0 699.0 0.0 11214.0 35.0 6068.0 0.10073391854943156
33 42 31 0.0 0.0 901.0 0.0 12322.0 38.0 7832.0 0.09202050742736952
33 42 32 0.0 0.0 1716.0 0.0 12800.0 58.0 24055.0 0.08483820143012967
33 42 33 0.0 0.0 2112.0 0.0 12341.0 64.0 32088.0 0.08510638297872339
33 42 34 0.0 0.0 3621.0 0.0 10164.0 72.0 64208.0 0.08869741510390268
33 42 35 0.0 0.0 4625.0 0.0 9660.0 83.0 77607.0 0.0858948401742438
33 42 36 0.0 0.0 5606.0 0.0 9027.0 89.0 88823.0 0.08419533317296125
33 42 37 0.0 0.0 6063.0 0.0 7152.0 63.0 109386.0 0.09180327868852459
33 42 38 0.0 0.0 6580.0 0.0 8348.0 79.0 100205.0 0.08260561718196836
33 42 39 0.0 0.0 6519.0 0.0 6386.0 82.0 118909.0 0.09404809888485825
33 42 40 0.0 0.0 6562.0 0.0 6127.0 76.0 121351.0 0.09525753555147308
33 42 41 0.0 0.0 6576.0 0.0 6925.0 68.0 112886.0 0.09026434558349451
33 42 42 0.0 0.0 6271.0 0.0 7670.0 94.0 105427.0 0.08784589320449268
33 42 43 0.0 0.0 6118.0 0.0 8508.0 83.0 95759.0 0.08414472893376607
33 42 44 0.0 0.0 5425.0 0.0 8897.0 80.0 89140.0 0.08578957043936514
33 42 45 0.0 0.0 4511.0 0.0 6977.0 75.0 102667.0 0.10394238622020936
33 42 46 0.0 0.0 3660.0 0.0 9977.0 71.0 66806.0 0.08951406649616367
33 42 47 0.0 0.0 1862.0 0.0 12259.0 56.0 28819.0 0.08687558175612782
33 42 48 0.0 0.0 1196.0 0.0 12600.0 45.0 15472.0 0.0886580963840162
33 42 49 0.0 0.0 846.0 0.0 12319.0 31.0 7311.0 0.09238484888478288
33 42 50 0.0 0.0 171.0 0.0 3822.0 22.0 156.0 0.2343488449949782
33 42 51 0.0 0.0 17.0 0.0 570.0 6.0 4.0 0.5424254165052305
33 42 52 0.0 0.0 11.0 0.0 140.0 4.0 0.0 0.6523765144454798
33 42 53 0.0 0.0 7.0 0.0 166.0 5.0 0.0 0.6457564575645756
33 43 28 0.0 0.0 5.0 0.0 129.0 1.0 0.0 0.6563525550867322
33 43 29 0.0 0.0 32.0 0.0 882.0 4.0 6.0 0.4814305364511691
33 43 30 0.0 0.0 397.0 0.0 8335.0 21.0 1431.0 0.13054830287206265
33 43 31 0.0 0.0 1663.0 0.0 12103.0 41.0 26323.0 0.08874801901743264
33 43 32 0.0 0.0 2434.0 0.0 11001.0 58.0 45195.0 0.09056213209133837
33 43 33 0.0 0.0 2495.0 0.0 11409.0 64.0 42714.0 0.08806139136998363
33 43 34 0.0 0.0 3234.0 0.0 11311.0 65.0 52936.0 0.08461259518916958
33 43 35 0.0 0.0 4267.0 0.0 8047.0 72.0 88606.0 0.09772441714365487
33 43 36 0.0 0.0 4848.0 0.0 9649.0 96.0 78772.0 0.0849514563106796
33 43 37 0.0 0.0 5457.0 0.0 8702.0 96.0 89155.0 0.08662830270404058
33 43 38 0.0 0.0 5754.0 0.0 6337.0 83.0 117112.0 0.09935419771485345
33 43 39 0.0 0.0 6515.0 0.0 7440.0 89.0 106855.0 0.08781834148789361
33 43 40 0.0 0.0 6737.0 0.0 8120.0 80.0 102287.0 0.08294330232833698
33 43 41 0.0 0.0 6482.0 0.0 7530.0 94.0 105604.0 0.08759854836691276
33 43 42 0.0 0.0 6136.0 0.0 6273.0 78.0 118209.0 0.09717498438259178
33 43 43 0.0 0.0 5818.0 0.0 7978.0 95.0 99599.0 0.08871427666180849
33 43 44 0.0 0.0 5544.0 0.0 8496.0 89.0 93553.0 0.08726003490401395
33 43 45 0.0 0.0 4543.0 0.0 9462.0 92.0 78208.0 0.08754924645112876
33 43 46 0.0 0.0 3188.0 0.0 11721.0 85.0 49414.0 0.08288928359976316
33 43 47 0.0 0.0 1886.0 0.0 13070.0 49.0 24900.0 0.08262024195928001
33 43 48 0.0 0.0 974.0 0.0 12630.0 30.0 8775.0 0.08965738072366312
33 43 49 0.0 0.0 538.0 0.0 10214.0 27.0 3598.0 0.10989873616453409
33 43 50 0.0 0.0 276.0 0.0 5726.0 20.0 425.0 0.17537266691719902
33 43 51 0.0 0.0 5.0 0.0 181.0 0.0 0.0 0.6407322654462241
33 43 52 0.0 0.0 0.0 0.0 6.0 0.0 0.0 0.6979062811565303
33 43 53 0.0 0.0 0.0 0.0 11.0 0.0 0.0 0.6961710591745399
33 44 28 0.0 0.0 0.0 0.0 15.0 0.0 0.0 0.694789081885856
33 44 29 0.0 0.0 264.0 0.0 5746.0 27.0 420.0 0.17526289434151227
33 44 30 0.0 0.0 491.0 0.0 9491.0 34.0 2260.0 0.11707643418631877
33 44 31 0.0 0.0 896.0 0.0 12331.0 37.0 6039.0 0.09202050742736952
33 44 32 0.0 0.0 1232.0 0.0 13142.0 54.0 12779.0 0.08567407135426228
33 44 33 0.0 0.0 2029.0 0.0 12547.0 46.0 29505.0 0.08440853732063185
33 44 34 0.0 0.0 2254.0 0.0 13118.0 61.0 29634.0 0.0805616296466797
33 44 35 0.0 0.0 3737.0 0.0 9875.0 81.0 68792.0 0.08971483498878563
33 44 36 0.0 0.0 4032.0 0.0 9836.0 67.0 70523.0 0.08816120906801006
33 44 37 0.0 0.0 4788.0 0.0 9001.0 80.0 84228.0 0.08871427666180849
33 44 38 0.0 0.0 5422.0 0.0 9066.0 98.0 87947.0 0.08489479109817476
33 44 39 0.0 0.0 5521.0 0.0 6562.0 77.0 112376.0 0.09931191033553237
33 44 40 0.0 0.0 6273.0 0.0 8895.0 95.0 93459.0 0.08153281695882592
33 44 41 0.0 0.0 5961.0 0.0 6417.0 74.0 116376.0 0.09740485632783691
33 44 42 0.0 0.0 5483.0 0.0 6511.0 79.0 112091.0 0.10006432706740045
33 44 43 0.0 0.0 5541.0 0.0 9197.0 102.0 87916.0 0.08371703641691082
33 44 44 0.0 0.0 4859.0 0.0 7635.0 85.0 99266.0 0.09662502588170335
33 44 45 0.0 0.0 4356.0 0.0 8597.0 70.0 84832.0 0.09343923112861242
33 44 46 0.0 0.0 3120.0 0.0 10969.0 70.0 53852.0 0.08693492300049675
33 44 47 0.0 0.0 1493.0 0.0 13080.0 36.0 18203.0 0.08451044307618012
33 44 48 0.0 0.0 886.0 0.0 12329.0 37.0 8202.0 0.09207497533706017
33 44 49 0.0 0.0 170.0 0.0 4473.0 16.0 209.0 0.21116138763197584
33 44 50 0.0 0.0 0.0 0.0 106.0 0.0 0.0 0.664767331433998
33 44 51 0.0 0.0 0.0 0.0 5.0 0.0 0.0 0.6982543640897755
33 45 28 0.0 0.0 0.0 0.0 9.0 0.0 0.0 0.6968641114982577
33 45 29 0.0 0.0 35.0 0.0 988.0 10.0 7.0 0.46465316959840686
33 45 30 0.0 0.0 120.0 0.0 2865.0 13.0 72.0 0.28152020912929815
33 45 31 0.0 0.0 316.0 0.0 6890.0 13.0 738.0 0.15217391304347822
33 45 32 0.0 0.0 781.0 0.0 12071.0 28.0 5735.0 0.09430149535228344
33 45 33 0.0 0.0 1187.0 0.0 13011.0 40.0 12805.0 0.08648915796626921
33 45 34 0.0 0.0 2673.0 0.0 10276.0 58.0 53270.0 0.09362669698388282
33 45 35 0.0 0.0 2321.0 0.0 12855.0 72.0 31753.0 0.0815233214930414
33 45 36 0.0 0.0 3739.0 0.0 10150.0 69.0 65628.0 0.08812236419714231
33 45 37 0.0 0.0 4245.0 0.0 10576.0 80.0 67042.0 0.0832887143792016
33 45 38 0.0 0.0 4839.0 0.0 9828.0 65.0 75237.0 0.08385744234800838
33 45 39 0.0 0.0 5045.0 0.0 8273.0 67.0 92813.0 0.09127061738053327
33 45 40 0.0 0.0 5537.0 0.0 8922.0 86.0 89725.0 0.08515297123046042
33 45 41 0.0 0.0 5421.0 0.0 7809.0 82.0 99694.0 0.09200236577511992
33 45 42 0.0 0.0 4808.0 0.0 10594.0 79.0 70803.0 0.08041817450743867
33 45 43 0.0 0.0 4686.0 0.0 7331.0 65.0 100068.0 0.09980751407998859
33 45 44 0.0 0.0 4177.0 0.0 10492.0 86.0 66683.0 0.08393788596438635
33 45 45 0.0 0.0 3750.0 0.0 10136.0 78.0 64598.0 0.08818342151675483
33 45 46 0.0 0.0 2700.0 0.0 11111.0 58.0 47744.0 0.08853474988933156
33 45 47 0.0 0.0 1464.0 0.0 13264.0 44.0 17338.0 0.08374708380690314
33 45 48 0.0 0.0 756.0 0.0 11866.0 24.0 6559.0 0.0957657842533689
33 45 49 0.0 0.0 211.0 0.0 5104.0 26.0 322.0 0.19201755589082425
33 45 50 0.0 0.0 0.0 0.0 47.0 0.0 0.0 0.6839276990718123
33 45 51 0.0 0.0 0.0 0.0 1.0 0.0 0.0 0.6996501749125437
33 46 28 0.0 0.0 0.0 0.0 6.0 1.0 0.0 0.6982543640897755
33 46 29 0.0 0.0 0.0 0.0 18.0 0.0 0.0 0.6937561942517343
33 46 30 0.0 0.0 24.0 0.0 537.0 3.0 0.0 0.5473025801407349
33 46 31 0.0 0.0 216.0 0.0 5074.0 20.0 270.0 0.19233411182854787
33 46 32 0.0 0.0 915.0 0.0 12567.0 28.0 8406.0 0.09046849757673665
33 46 33 0.0 0.0 1553.0 0.0 12695.0 41.0 21691.0 0.08613794376422813
33 46 34 0.0 0.0 1406.0 0.0 13354.0 37.0 15551.0 0.08353221957040573
33 46 35 0.0 0.0 2142.0 0.0 12444.0 46.0 32411.0 0.08431195423065341
33 46 36 0.0 0.0 2994.0 0.0 11465.0 60.0 48604.0 0.08507018290089323
33 46 37 0.0 0.0 4039.0 0.0 9022.0 69.0 76627.0 0.0929244656843223
33 46 38 0.0 0.0 4305.0 0.0 8320.0 71.0 85831.0 0.09570032127964999
33 46 39 0.0 0.0 4254.0 0.0 9147.0 98.0 78420.0 0.09097998440343123
33 46 40 0.0 0.0 4138.0 0.0 10431.0 82.0 65922.0 0.08453085376162298
33 46 41 0.0 0.0 4270.0 0.0 9103.0 67.0 78961.0 0.09100955600338034
33 46 42 0.0 0.0 4228.0 0.0 9499.0 82.0 75099.0 0.08904153151434203
33 46 43 0.0 0.0 3628.0 0.0 10612.0 80.0 59978.0 0.08617505847593253
33 46 44 0.0 0.0 3460.0 0.0 10419.0 71.0 62058.0 0.08816676113105358
33 46 45 0.0 0.0 2949.0 0.0 10870.0 51.0 52268.0 0.08837268021714428
33 46 46 0.0 0.0 2412.0 0.0 11466.0 54.0 42140.0 0.08809463881198086
33 46 47 0.0 0.0 822.0 0.0 12225.0 21.0 7143.0 0.09297383450657457
33 46 48 0.0 0.0 358.0 0.0 7366.0 25.0 892.0 0.1442852725961043
33 46 49 0.0 0.0 60.0 0.0 1939.0 5.0 33.0 0.3503503503503503
33 46 50 0.0 0.0 0.0 0.0 6.0 0.0 0.0 0.6979062811565303
33 47 29 0.0 0.0 0.0 0.0 5.0 0.0 0.0 0.6982543640897755
33 47 30 0.0 0.0 0.0 0.0 59.0 0.0 0.0 0.6799417192812044
33 47 31 0.0 0.0 298.0 0.0 6285.0 31.0 480.0 0.16368525663509878
33 47 32 0.0 0.0 594.0 0.0 10403.0 31.0 2955.0 0.10778350912310417
33 47 33 0.0 0.0 479.0 0.0 9389.0 18.0 2035.0 0.11804384485666101
33 47 34 0.0 0.0 942.0 0.0 12500.0 32.0 9030.0 0.0907088246728003
33 47 35 0.0 0.0 1820.0 0.0 12274.0 51.0 27879.0 0.08691873098652758
33 47 36 0.0 0.0 2128.0 0.0 12518.0 56.0 31326.0 0.08407398510689405
33 47 37 0.0 0.0 2524.0 0.0 11772.0 56.0 40901.0 0.08587376556462
33 47 38 0.0 0.0 2653.0 0.0 11783.0 76.0 41157.0 0.08524630091944223
33 47 39 0.0 0.0 3146.0 0.0 10800.0 66.0 54494.0 0.08780181875195985
33 47 40 0.0 0.0 2821.0 0.0 12153.0 57.0 42380.0 0.08241596514982044
33 47 41 0.0 0.0 2415.0 0.0 12857.0 63.0 33340.0 0.08103727714748783
33 47 42 0.0 0.0 2393.0 0.0 12096.0 64.0 37823.0 0.08491538788136106
33 47 43 0.0 0.0 1910.0 0.0 13151.0 56.0 24216.0 0.08206811653672548
33 47 44 0.0 0.0 2293.0 0.0 12050.0 40.0 36042.0 0.08563214875527554
33 47 45 0.0 0.0 2830.0 0.0 11023.0 66.0 49989.0 0.08830579033682351
33 47 46 0.0 0.0 1609.0 0.0 13013.0 58.0 21181.0 0.08420039694472845
33 47 47 0.0 0.0 745.0 0.0 11706.0 25.0 6323.0 0.09691934925579783
33 47 48 0.0 0.0 148.0 0.0 3744.0 17.0 112.0 0.23817625042531468
33 47 49 0.0 0.0 7.0 0.0 140.0 6.0 0.0 0.6539000467071461
33 47 50 0.0 0.0 0.0 0.0 4.0 0.0 0.0 0.6986027944111775
33 48 29 0.0 0.0 0.0 0.0 2.0 0.0 0.0 0.6993006993006992
33 48 30 0.0 0.0 0.0 0.0 15.0 0.0 0.0 0.694789081885856
33 48 31 0.0 0.0 1.0 0.0 97.0 1.0 0.0 0.6676204101096804
33 48 32 0.0 0.0 25.0 0.0 775.0 5.0 4.0 0.5010737294201861
33 48 33 0.0 0.0 266.0 0.0 5985.0 19.0 517.0 0.16998542982030107
33 48 34 0.0 0.0 613.0 0.0 10403.0 30.0 2480.0 0.10774203478528549
33 48 35 0.0 0.0 808.0 0.0 12139.0 40.0 7587.0 0.09374581491897682
33 48 36 0.0 0.0 1136.0 0.0 12901.0 38.0 12945.0 0.08733624454148471
33 48 37 0.0 0.0 1721.0 0.0 12606.0 41.0 25363.0 0.08571603502112288
33 48 38 0.0 0.0 1679.0 0.0 12704.0 54.0 23957.0 0.08545443447476041
33 48 39 0.0 0.0 1589.0 0.0 13096.0 38.0 20399.0 0.08388759062855772
33 48 40 0.0 0.0 1707.0 0.0 12438.0 48.0 26283.0 0.08671415298854133
33 48 41 0.0 0.0 1330.0 0.0 13165.0 32.0 14230.0 0.08485877076009213
33 48 42 0.0 0.0 1174.0 0.0 13258.0 40.0 11643.0 0.08529823920063363
33 48 43 0.0 0.0 1150.0 0.0 13059.0 37.0 11282.0 0.0864410965670536
33 48 44 0.0 0.0 1474.0 0.0 13102.0 38.0 18401.0 0.08443908323281062
33 48 45 0.0 0.0 1753.0 0.0 12414.0 57.0 26816.0 0.08665511265164644
33 48 46 0.0 0.0 1061.0 0.0 12895.0 34.0 9134.0 0.08776879192527114
33 48 47 0.0 0.0 731.0 0.0 11459.0 15.0 5022.0 0.09860543738554725
33 48 48 0.0 0.0 144.0 0.0 3055.0 20.0 71.0 0.27032245607260086
33 48 49 0.0 0.0 0.0 0.0 23.0 1.0 0.0 0.6923837784371908
33 48 50 0.0 0.0 0.0 0.0 1.0 0.0 0.0 0.6996501749125437
33 49 31 0.0 0.0 0.0 0.0 2.0 0.0 0.0 0.6993006993006992
33 49 32 0.0 0.0 0.0 0.0 17.0 0.0 0.0 0.694100148735746
33 49 33 0.0 0.0 146.0 0.0 3254.0 18.0 96.0 0.2601263470828688
33 49 34 0.0 0.0 419.0 0.0 7781.0 26.0 1004.0 0.13752455795677798
33 49 35 0.0 0.0 431.0 0.0 8629.0 17.0 1683.0 0.12671976828385226
33 49 36 0.0 0.0 538.0 0.0 10134.0 26.0 2499.0 0.11055831951354339
33 49 37 0.0 0.0 600.0 0.0 10397.0 20.0 3034.0 0.10772545398584178
33 49 38 0.0 0.0 751.0 0.0 11884.0 24.0 5215.0 0.09570686354935738
33 49 39 0.0 0.0 549.0 0.0 9792.0 24.0 2468.0 0.1135626216742375
33 49 40 0.0 0.0 1010.0 0.0 12719.0 37.0 10071.0 0.08901888472054428
33 49 41 0.0 0.0 900.0 0.0 12297.0 31.0 8153.0 0.09210526315789473
33 49 42 0.0 0.0 1387.0 0.0 12833.0 43.0 17740.0 0.08631319358816275
33 49 43 0.0 0.0 607.0 0.0 10761.0 21.0 3139.0 0.10475905417539658
33 49 44 0.0 0.0 1100.0 0.0 12638.0 31.0 14004.0 0.08896231810383172
33 49 45 0.0 0.0 755.0 0.0 11664.0 29.0 5448.0 0.09712779242403217
33 49 46 0.0 0.0 414.0 0.0 8835.0 23.0 1714.0 0.12469938541017189
33 49 47 0.0 0.0 378.0 0.0 7790.0 18.0 1087.0 0.1378495470657739
33 49 48 0.0 0.0 292.0 0.0 6393.0 23.0 532.0 0.16156953260242352
33 49 49 0.0 0.0 45.0 0.0 1225.0 8.0 6.0 0.4291845493562231
33 49 50 0.0 0.0 0.0 0.0 1.0 0.0 0.0 0.6996501749125437
33 50 33 0.0 0.0 4.0 0.0 86.0 1.0 0.0 0.6701771182383915
33 50 34 0.0 0.0 0.0 0.0 59.0 0.0 0.0 0.6799417192812044
33 50 35 0.0 0.0 117.0 0.0 2562.0 14.0 73.0 0.2999785729590743
33 50 36 0.0 0.0 68.0 0.0 1557.0 12.0 16.0 0.3874896208137282
33 50 37 0.0 0.0 150.0 0.0 3425.0 19.0 117.0 0.2519798416126709
33 50 38 0.0 0.0 359.0 0.0 7648.0 20.0 1026.0 0.14011208967173736
33 50 39 0.0 0.0 812.0 0.0 11995.0 29.0 6489.0 0.09458820349976352
33 50 40 0.0 0.0 540.0 0.0 10057.0 24.0 2452.0 0.11129660545353365
33 50 41 0.0 0.0 505.0 0.0 9530.0 21.0 2104.0 0.11646285666749853
33 50 42 0.0 0.0 797.0 0.0 11951.0 38.0 5697.0 0.0950376756499898
33 50 43 0.0 0.0 285.0 0.0 6013.0 20.0 452.0 0.16906170752324595
33 50 44 0.0 0.0 339.0 0.0 7364.0 32.0 899.0 0.1446430416365327
33 50 45 0.0 0.0 106.0 0.0 2627.0 21.0 53.0 0.2970507107999151
33 50 46 0.0 0.0 78.0 0.0 1902.0 13.0 19.0 0.35291152004033266
33 50 47 0.0 0.0 49.0 0.0 864.0 13.0 0.0 0.4827586206896551
33 50 48 0.0 0.0 0.0 0.0 49.0 0.0 0.0 0.6832601268911663
33 50 49 0.0 0.0 0.0 0.0 13.0 0.0 0.0 0.695479384003974
33 50 50 0.0 0.0 0.0 0.0 1.0 0.0 0.0 0.6996501749125437
33 51 34 0.0 0.0 0.0 0.0 3.0 0.0 0.0 0.6989515726410384
33 51 35 0.0 0.0 0.0 0.0 4.0 0.0 0.0 0.6986027944111775
33 51 36 0.0 0.0 0.0 0.0 28.0 0.0 0.0 0.690335305719921
33 51 37 0.0 0.0 1.0 0.0 42.0 0.0 0.0 0.6852667645619186
33 51 38 0.0 0.0 159.0 0.0 3327.0 16.0 75.0 0.2559882976778204
33 51 39 0.0 0.0 394.0 0.0 8396.0 20.0 1708.0 0.1299183370452858
33 51 40 0.0 0.0 571.0 0.0 10085.0 32.0 2476.0 0.11079455523899967
33 51 41 0.0 0.0 135.0 0.0 3436.0 17.0 107.0 0.25207057976233344
33 51 42 0.0 0.0 148.0 0.0 3872.0 15.0 158.0 0.23313905079100747
33 51 43 0.0 0.0 209.0 0.0 5270.0 17.0 367.0 0.18751674256630055
33 51 44 0.0 0.0 131.0 0.0 3331.0 12.0 116.0 0.2567865003668378
33 51 45 0.0 0.0 2.0 0.0 106.0 1.0 0.0 0.6644518272425248
33 51 46 0.0 0.0 0.0 0.0 30.0 0.0 0.0 0.689655172413793
33 51 47 0.0 0.0 0.0 0.0 1.0 0.0 0.0 0.6996501749125437
33 51 48 0.0 0.0 0.0 0.0 2.0 0.0 0.0 0.6993006993006992
33 52 37 0.0 0.0 0.0 0.0 5.0 0.0 0.0 0.6982543640897755
33 52 38 0.0 0.0 186.0 0.0 4191.0 23.0 182.0 0.22022966808242878
33 52 39 0.0 0.0 90.0 0.0 2382.0 11.0 41.0 0.31383097960098627
33 52 40 0.0 0.0 38.0 0.0 845.0 4.0 3.0 0.4862799583188606
33 52 41 0.0 0.0 7.0 0.0 142.0 2.0 0.0 0.6520726595249184
33 52 42 0.0 0.0 2.0 0.0 44.0 1.0 0.0 0.6845965770171147
33 52 43 0.0 0.0 0.0 0.0 36.0 0.0 0.0 0.6876227897838899
33 52 44 0.0 0.0 0.0 0.0 23.0 0.0 0.0 0.6920415224913494
33 52 45 0.0 0.0 1.0 0.0 40.0 0.0 0.0 0.6859382655560998
33 53 38 0.0 0.0 0.0 0.0 2.0 0.0 0.0 0.6993006993006992
33 53 39 0.0 0.0 0.0 0.0 5.0 0.0 0.0 0.6982543640897755
33 53 40 0.0 0.0 0.0 0.0 6.0 0.0 0.0 0.6979062811565303
33 53 41 0.0 0.0 0.0 0.0 4.0 0.0 0.0 0.6986027944111775
33 53 42 0.0 0.0 1.0 0.0 0.0 0.0 0.0 0.0
34 28 31 0.0 0.0 0.0 0.0 1.0 0.0 0.0 0.6996501749125437
34 28 32 0.0 0.0 0.0 0.0 1.0 0.0 0.0 0.6996501749125437
34 28 33 0.0 0.0 0.0 0.0 4.0 0.0 0.0 0.6986027944111775
34 28 35 0.0 0.0 0.0 0.0 3.0 0.0 0.0 0.6989515726410384
34 28 36 0.0 0.0 3.0 0.0 35.0 1.0 0.0 0.6872852233676975
34 28 37 0.0 0.0 4.0 0.0 92.0 2.0 1.0 0.6685768863419292
34 28 38 0.0 0.0 7.0 0.0 77.0 5.0 0.0 0.6734006734006733
34 28 39 0.0 0.0 0.0 0.0 5.0 0.0 0.0 0.6982543640897755
34 28 40 0.0 0.0 0.0 0.0 22.0 0.0 0.0 0.6923837784371908
34 28 41 0.0 0.0 0.0 0.0 32.0 0.0 0.0 0.6893156080748399
34 28 42 0.0 0.0 0.0 0.0 33.0 0.0 0.0 0.6889763779527558
34 28 43 0.0 0.0 0.0 0.0 8.0 0.0 0.0 0.697211155378486
34 28 44 0.0 0.0 0.0 0.0 1.0 0.0 0.0 0.6996501749125437
34 29 31 0.0 0.0 0.0 0.0 2.0 0.0 0.0 0.6993006993006992
34 29 32 0.0 0.0 0.0 0.0 8.0 0.0 0.0 0.697211155378486
34 29 33 0.0 0.0 0.0 0.0 6.0 0.0 0.0 0.6979062811565303
34 29 34 0.0 0.0 0.0 0.0 23.0 0.0 0.0 0.6920415224913494
34 29 35 0.0 0.0 0.0 0.0 24.0 0.0 0.0 0.6920415224913494
34 29 36 0.0 0.0 0.0 0.0 55.0 0.0 0.0 0.6812652068126519
34 29 37 0.0 0.0 71.0 0.0 1652.0 19.0 13.0 0.3779697624190064
34 29 38 0.0 0.0 35.0 0.0 779.0 7.0 2.0 0.4987531172069825
34 29 39 0.0 0.0 67.0 0.0 1464.0 13.0 13.0 0.39806653397782193
34 29 40 0.0 0.0 20.0 0.0 477.0 4.0 1.0 0.5615724027276373
34 29 41 0.0 0.0 406.0 0.0 7883.0 25.0 1090.0 0.1362928348909657
34 29 42 0.0 0.0 223.0 0.0 6078.0 12.0 605.0 0.16881707464126366
34 29 43 0.0 0.0 43.0 0.0 1160.0 8.0 8.0 0.43818466353677615
34 29 44 0.0 0.0 6.0 0.0 180.0 0.0 0.0 0.6404391582799633
34 29 45 0.0 0.0 0.0 0.0 28.0 0.0 0.0 0.690335305719921
34 29 46 0.0 0.0 4.0 0.0 45.0 1.0 0.0 0.6839276990718123
34 30 30 0.0 0.0 0.0 0.0 1.0 0.0 0.0 0.6996501749125437
34 30 31 0.0 0.0 3.0 0.0 37.0 2.0 0.0 0.6869479882237487
34 30 32 0.0 0.0 53.0 0.0 1074.0 8.0 3.0 0.4490057729313662
34 30 33 0.0 0.0 8.0 0.0 272.0 4.0 0.0 0.6151142355008786
34 30 34 0.0 0.0 209.0 0.0 4188.0 16.0 170.0 0.21922956467272153
34 30 35 0.0 0.0 150.0 0.0 3836.0 16.0 172.0 0.23446658851113716
34 30 36 0.0 0.0 233.0 0.0 5022.0 17.0 252.0 0.19342359767891681
34 30 37 0.0 0.0 57.0 0.0 1688.0 6.0 16.0 0.374331550802139
34 30 38 0.0 0.0 340.0 0.0 7045.0 22.0 817.0 0.1494449188727583
34 30 39 0.0 0.0 343.0 0.0 7179.0 24.0 824.0 0.14730639730639727
34 30 40 0.0 0.0 355.0 0.0 7324.0 25.0 922.0 0.1449125349342718
34 30 41 0.0 0.0 292.0 0.0 6205.0 26.0 487.0 0.1652502360717658
34 30 42 0.0 0.0 338.0 0.0 7231.0 18.0 963.0 0.1465201465201465
34 30 43 0.0 0.0 220.0 0.0 4984.0 17.0 267.0 0.19476905954368387
34 30 44 0.0 0.0 242.0 0.0 5422.0 23.0 346.0 0.18305439330543927
34 30 45 0.0 0.0 200.0 0.0 3985.0 14.0 123.0 0.22675736961451246
34 30 46 0.0 0.0 7.0 0.0 227.0 2.0 0.0 0.6272401433691756
34 30 47 0.0 0.0 0.0 0.0 15.0 0.0 0.0 0.694789081885856
34 30 48 0.0 0.0 0.0 0.0 1.0 0.0 0.0 0.6996501749125437
34 31 30 0.0 0.0 0.0 0.0 15.0 0.0 0.0 0.694789081885856
34 31 31 0.0 0.0 1.0 0.0 74.0 0.0 0.0 0.6746987951807227
34 31 32 0.0 0.0 343.0 0.0 7292.0 26.0 818.0 0.145681581685744
34 31 33 0.0 0.0 298.0 0.0 6443.0 20.0 565.0 0.16047684548372304
34 31 34 0.0 0.0 736.0 0.0 11588.0 22.0 5487.0 0.09775171065493646
34 31 35 0.0 0.0 846.0 0.0 12158.0 26.0 7219.0 0.09330223258913695
34 31 36 0.0 0.0 1076.0 0.0 12815.0 43.0 11482.0 0.08815565770417479
34 31 37 0.0 0.0 568.0 0.0 10434.0 21.0 3480.0 0.10772545398584178
34 31 38 0.0 0.0 576.0 0.0 10316.0 29.0 2783.0 0.10881392818280738
34 31 39 0.0 0.0 994.0 0.0 12811.0 36.0 9289.0 0.08860198721599898
34 31 40 0.0 0.0 1105.0 0.0 12931.0 33.0 11761.0 0.08728723735893758
34 31 41 0.0 0.0 750.0 0.0 11811.0 22.0 5545.0 0.09614724263443444
34 31 42 0.0 0.0 952.0 0.0 12802.0 26.0 8930.0 0.08888888888888888
34 31 43 0.0 0.0 947.0 0.0 12526.0 30.0 9032.0 0.09048019130097587
34 31 44 0.0 0.0 823.0 0.0 11833.0 44.0 5989.0 0.0957134067136118
34 31 45 0.0 0.0 399.0 0.0 8333.0 31.0 1351.0 0.13073116070594826
34 31 46 0.0 0.0 106.0 0.0 2442.0 14.0 39.0 0.3087100330760749
34 31 47 0.0 0.0 30.0 0.0 880.0 10.0 2.0 0.4827586206896551
34 31 48 0.0 0.0 8.0 0.0 349.0 3.0 0.0 0.594732370433305
34 31 49 0.0 0.0 0.0 0.0 36.0 0.0 0.0 0.6876227897838899
34 31 50 0.0 0.0 0.0 0.0 4.0 0.0 0.0 0.6986027944111775
34 32 30 0.0 0.0 20.0 0.0 399.0 9.0 0.0 0.5809128630705394
34 32 31 0.0 0.0 180.0 0.0 3157.0 14.0 57.0 0.2630095810633101
34 32 32 0.0 0.0 170.0 0.0 4187.0 20.0 176.0 0.2209595959595959
34 32 33 0.0 0.0 1138.0 0.0 12397.0 33.0 13742.0 0.09013068949977465
34 32 34 0.0 0.0 1120.0 0.0 12879.0 45.0 12921.0 0.08756567425569176
34 32 35 0.0 0.0 1080.0 0.0 13043.0 43.0 9611.0 0.08691873098652758
34 32 36 0.0 0.0 1556.0 0.0 12909.0 39.0 20163.0 0.08507535245503159
34 32 37 0.0 0.0 1435.0 0.0 12776.0 38.0 19611.0 0.08641975308641973
34 32 38 0.0 0.0 1324.0 0.0 13040.0 37.0 15066.0 0.08558503484533561
34 32 39 0.0 0.0 2079.0 0.0 12510.0 50.0 30809.0 0.08439327265055156
34 32 40 0.0 0.0 1781.0 0.0 13197.0 54.0 21885.0 0.08251311369128307
34 32 41 0.0 0.0 1813.0 0.0 12842.0 49.0 25141.0 0.08403865778257998
34 32 42 0.0 0.0 1836.0 0.0 13261.0 41.0 23109.0 0.08181393174380551
34 32 43 0.0 0.0 2171.0 0.0 12204.0 70.0 33612.0 0.08559550012227927
34 32 44 0.0 0.0 1697.0 0.0 13020.0 55.0 22616.0 0.08379219535551831
34 32 45 0.0 0.0 986.0 0.0 12670.0 32.0 8774.0 0.08949117872666836
34 32 46 0.0 0.0 584.0 0.0 10216.0 25.0 3176.0 0.10949475989363365
34 32 47 0.0 0.0 459.0 0.0 8724.0 32.0 1412.0 0.1254480286738351
34 32 48 0.0 0.0 197.0 0.0 4860.0 15.0 287.0 0.1987507098239636
34 32 49 0.0 0.0 167.0 0.0 3632.0 20.0 91.0 0.24225644575186012
34 32 50 0.0 0.0 83.0 0.0 1764.0 18.0 16.0 0.36563071297989025
34 32 51 0.0 0.0 0.0 0.0 10.0 0.0 0.0 0.6965174129353233
34 33 29 0.0 0.0 1.0 0.0 13.0 0.0 0.0 0.6951340615690167
34 33 30 0.0 0.0 22.0 0.0 713.0 4.0 4.0 0.5126327352618087
34 33 31 0.0 0.0 227.0 0.0 4913.0 17.0 279.0 0.19649122807017538
34 33 32 0.0 0.0 426.0 0.0 8704.0 18.0 1517.0 0.12588795971585287
34 33 33 0.0 0.0 1172.0 0.0 13003.0 45.0 10973.0 0.08663902469212202
34 33 34 0.0 0.0 2154.0 0.0 12015.0 54.0 34889.0 0.08653727283965879
34 33 35 0.0 0.0 2111.0 0.0 12529.0 49.0 30826.0 0.08413967185527976
34 33 36 0.0 0.0 3163.0 0.0 9640.0 66.0 64783.0 0.09451157766826435
34 33 37 0.0 0.0 2579.0 0.0 11774.0 59.0 41077.0 0.08563214875527554
34 33 38 0.0 0.0 2783.0 0.0 11716.0 60.0 44897.0 0.08487935006669091
34 33 39 0.0 0.0 3422.0 0.0 10996.0 68.0 56700.0 0.0852255433128386
34 33 40 0.0 0.0 3715.0 0.0 9883.0 82.0 67468.0 0.08987609937728701
34 33 41 0.0 0.0 3611.0 0.0 10337.0 62.0 62703.0 0.08770281275449476
34 33 42 0.0 0.0 3521.0 0.0 9749.0 72.0 66927.0 0.09179124049305007
34 33 43 0.0 0.0 3235.0 0.0 10793.0 69.0 55802.0 0.08734169318110924
34 33 44 0.0 0.0 1997.0 0.0 12699.0 42.0 28176.0 0.08370202080593088
34 33 45 0.0 0.0 1730.0 0.0 13202.0 37.0 22431.0 0.0826787928896238
34 33 46 0.0 0.0 958.0 0.0 12609.0 32.0 8501.0 0.08999742864489585
34 33 47 0.0 0.0 1007.0 0.0 12753.0 42.0 8225.0 0.0888719608963372
34 33 48 0.0 0.0 431.0 0.0 8779.0 17.0 1810.0 0.12498884028211764
34 33 49 0.0 0.0 764.0 0.0 11438.0 34.0 4358.0 0.09872364431281291
34 33 50 0.0 0.0 382.0 0.0 7651.0 27.0 980.0 0.13980427401637704
34 33 51 0.0 0.0 0.0 0.0 19.0 0.0 0.0 0.6934125804853887
34 34 29 0.0 0.0 0.0 0.0 5.0 0.0 0.0 0.6982543640897755
34 34 30 0.0 0.0 72.0 0.0 1484.0 11.0 13.0 0.39469974626444876
34 34 31 0.0 0.0 403.0 0.0 8030.0 21.0 1265.0 0.13438279900172775
34 34 32 0.0 0.0 681.0 0.0 11040.0 30.0 3794.0 0.1021375939301087
34 34 33 0.0 0.0 1361.0 0.0 13274.0 46.0 16162.0 0.08421559191530316
34 34 34 0.0 0.0 2531.0 0.0 11027.0 69.0 45853.0 0.08996851102114259
34 34 35 0.0 0.0 2677.0 0.0 12420.0 56.0 39762.0 0.08188092174523336
34 34 36 0.0 0.0 3361.0 0.0 10586.0 69.0 57551.0 0.08769182586908862
34 34 37 0.0 0.0 3345.0 0.0 11120.0 52.0 54059.0 0.08488964346349745
34 34 38 0.0 0.0 3823.0 0.0 11401.0 70.0 55795.0 0.08126306013466449
34 34 39 0.0 0.0 4665.0 0.0 8065.0 64.0 92340.0 0.09494743981010512
34 34 40 0.0 0.0 5011.0 0.0 8479.0 87.0 90859.0 0.09043343453265291
34 34 41 0.0 0.0 5032.0 0.0 7339.0 82.0 101908.0 0.0975269940787182
34 34 42 0.0 0.0 4946.0 0.0 8435.0 78.0 90648.0 0.09100955600338034
34 34 43 0.0 0.0 4227.0 0.0 10015.0 96.0 71975.0 0.08623344625808438
34 34 44 0.0 0.0 2919.0 0.0 12254.0 62.0 41801.0 0.08151857458949574
34 34 45 0.0 0.0 2268.0 0.0 13635.0 51.0 27094.0 0.07812064058925282
34 34 46 0.0 0.0 2086.0 0.0 12794.0 44.0 30038.0 0.08289419148558232
34 34 47 0.0 0.0 1778.0 0.0 12217.0 51.0 26873.0 0.08746719980007496
34 34 48 0.0 0.0 1730.0 0.0 12290.0 42.0 27023.0 0.08734169318110924
34 34 49 0.0 0.0 484.0 0.0 8984.0 25.0 1616.0 0.12218537266538661
34 34 50 0.0 0.0 145.0 0.0 3435.0 23.0 104.0 0.25166277188567315
34 34 51 0.0 0.0 1.0 0.0 26.0 0.0 0.0 0.6910167818361302
34 35 29 0.0 0.0 39.0 0.0 1121.0 7.0 6.0 0.4440215667618141
34 35 30 0.0 0.0 34.0 0.0 997.0 10.0 9.0 0.4635761589403972
34 35 31 0.0 0.0 560.0 0.0 10514.0 19.0 3503.0 0.10715652506697282
34 35 32 0.0 0.0 993.0 0.0 12537.0 24.0 10627.0 0.09010748535753361
34 35 33 0.0 0.0 1672.0 0.0 12622.0 50.0 23720.0 0.0859106529209622
34 35 34 0.0 0.0 1815.0 0.0 13297.0 46.0 23165.0 0.08179959100204498
34 35 35 0.0 0.0 3298.0 0.0 10897.0 80.0 55249.0 0.08658008658008658
34 35 36 0.0 0.0 3983.0 0.0 11193.0 92.0 60554.0 0.08158508158508158
34 35 37 0.0 0.0 4665.0 0.0 8025.0 67.0 92625.0 0.09529643999727723
34 35 38 0.0 0.0 5323.0 0.0 9179.0 84.0 85676.0 0.08480222908716456
34 35 39 0.0 0.0 5820.0 0.0 6811.0 72.0 111826.0 0.09563494774233212
34 35 40 0.0 0.0 6212.0 0.0 7018.0 82.0 111088.0 0.09191779922526425
34 35 41 0.0 0.0 6213.0 0.0 6407.0 80.0 117142.0 0.0957985493362529
34 35 42 0.0 0.0 6170.0 0.0 7717.0 73.0 103620.0 0.08800050286001633
34 35 43 0.0 0.0 5276.0 0.0 9037.0 76.0 85759.0 0.08573178199632576
34 35 44 0.0 0.0 4206.0 0.0 11239.0 93.0 60511.0 0.08034894398530762
34 35 45 0.0 0.0 3709.0 0.0 9811.0 59.0 68041.0 0.0901248873438908
34 35 46 0.0 0.0 2963.0 0.0 11124.0 61.0 50432.0 0.08694572102844365
34 35 47 0.0 0.0 1798.0 0.0 13083.0 52.0 24659.0 0.08298263292039594
34 35 48 0.0 0.0 1703.0 0.0 12224.0 42.0 26931.0 0.08787346221441124
34 35 49 0.0 0.0 822.0 0.0 12153.0 25.0 7640.0 0.09352662168481526
34 35 50 0.0 0.0 117.0 0.0 3209.0 11.0 86.0 0.26345502446368074
34 35 51 0.0 0.0 0.0 0.0 35.0 0.0 0.0 0.6879606879606879
34 35 52 0.0 0.0 0.0 0.0 12.0 0.0 0.0 0.6958250497017892
34 36 29 0.0 0.0 0.0 0.0 60.0 0.0 0.0 0.6796116504854368
34 36 30 0.0 0.0 204.0 0.0 4183.0 17.0 154.0 0.21978021978021975
34 36 31 0.0 0.0 739.0 0.0 11692.0 31.0 5464.0 0.09710758132759935
34 36 32 0.0 0.0 1028.0 0.0 12612.0 38.0 10471.0 0.08952551477170992
34 36 33 0.0 0.0 1755.0 0.0 12652.0 41.0 25405.0 0.08529304252467405
34 36 34 0.0 0.0 2599.0 0.0 12342.0 68.0 38266.0 0.08265926669421975
34 36 35 0.0 0.0 4025.0 0.0 9983.0 85.0 69674.0 0.087527352297593
34 36 36 0.0 0.0 4783.0 0.0 6168.0 84.0 114812.0 0.1082753286929621
34 36 37 0.0 0.0 5755.0 0.0 7956.0 76.0 101042.0 0.0890925289550719
34 36 38 0.0 0.0 6924.0 0.0 8014.0 100.0 104325.0 0.08262024195928001
34 36 39 0.0 0.0 6568.0 0.0 5604.0 70.0 127747.0 0.09876543209876543
34 36 40 0.0 0.0 7215.0 0.0 6443.0 60.0 120815.0 0.0893712097031599
34 36 41 0.0 0.0 7253.0 0.0 6414.0 83.0 121196.0 0.0893712097031599
34 36 42 0.0 0.0 6648.0 0.0 5727.0 88.0 127094.0 0.09746588693957113
34 36 43 0.0 0.0 6057.0 0.0 6965.0 83.0 111371.0 0.09332711152589826
34 36 44 0.0 0.0 4989.0 0.0 9521.0 82.0 81056.0 0.08483820143012967
34 36 45 0.0 0.0 4014.0 0.0 10531.0 82.0 65763.0 0.08466376390904692
34 36 46 0.0 0.0 3048.0 0.0 11855.0 60.0 46380.0 0.08276188224166468
34 36 47 0.0 0.0 2058.0 0.0 13175.0 47.0 27593.0 0.08122534230679972
34 36 48 0.0 0.0 1569.0 0.0 12761.0 52.0 21718.0 0.0857685474483857
34 36 49 0.0 0.0 926.0 0.0 12372.0 35.0 8436.0 0.09153916568588988
34 36 50 0.0 0.0 312.0 0.0 6805.0 24.0 735.0 0.1538968890843135
34 36 51 0.0 0.0 223.0 0.0 5071.0 22.0 258.0 0.19246631839428097
34 36 52 0.0 0.0 0.0 0.0 49.0 0.0 0.0 0.6832601268911663
34 37 28 0.0 0.0 0.0 0.0 12.0 0.0 0.0 0.6958250497017892
34 37 29 0.0 0.0 28.0 0.0 761.0 7.0 2.0 0.5032350826743349
34 37 30 0.0 0.0 772.0 0.0 11594.0 33.0 5151.0 0.09755417740923976
34 37 31 0.0 0.0 900.0 0.0 12192.0 35.0 9640.0 0.09284435307381125
34 37 32 0.0 0.0 1299.0 0.0 13054.0 52.0 15844.0 0.08570029382957883
34 37 33 0.0 0.0 1968.0 0.0 13391.0 54.0 24271.0 0.0806498070165332
34 37 34 0.0 0.0 3358.0 0.0 11965.0 70.0 49913.0 0.08075214858395338
34 37 35 0.0 0.0 4692.0 0.0 9849.0 90.0 76329.0 0.08466376390904692
34 37 36 0.0 0.0 5952.0 0.0 9610.0 92.0 84298.0 0.0797857183564142
34 37 37 0.0 0.0 6439.0 0.0 5593.0 79.0 128337.0 0.09970799800584004
34 37 38 0.0 0.0 7283.0 0.0 5044.0 66.0 136158.0 0.09764943851572852
34 37 39 0.0 0.0 6821.0 0.0 3722.0 49.0 151578.0 0.11144722177997134
34 37 40 0.0 0.0 7312.0 0.0 3782.0 58.0 150660.0 0.10689470871191874
34 37 41 0.0 0.0 7905.0 0.0 4743.0 75.0 138792.0 0.09559576647319903
34 37 42 0.0 0.0 7244.0 0.0 5207.0 79.0 134364.0 0.09694619486185167
34 37 43 0.0 0.0 6380.0 0.0 5691.0 71.0 126219.0 0.09956617594765664
34 37 44 0.0 0.0 5556.0 0.0 9056.0 72.0 87496.0 0.08417002344736367
34 37 45 0.0 0.0 4821.0 0.0 8526.0 81.0 88909.0 0.09130633274636403
34 37 46 0.0 0.0 3822.0 0.0 9356.0 68.0 73059.0 0.09207497533706017
34 37 47 0.0 0.0 2477.0 0.0 12603.0 50.0 35019.0 0.0818952910207663
34 37 48 0.0 0.0 1284.0 0.0 13345.0 30.0 13286.0 0.08409923709977772
34 37 49 0.0 0.0 1059.0 0.0 12955.0 42.0 10746.0 0.08747266479225241
34 37 50 0.0 0.0 765.0 0.0 11626.0 29.0 4984.0 0.09733036707452723
34 37 51 0.0 0.0 203.0 0.0 4376.0 24.0 169.0 0.21351227695592492
34 37 52 0.0 0.0 2.0 0.0 121.0 0.0 0.0 0.6594441827602449
34 38 28 0.0 0.0 0.0 0.0 6.0 0.0 0.0 0.6979062811565303
34 38 29 0.0 0.0 43.0 0.0 1161.0 3.0 7.0 0.43749999999999994
34 38 30 0.0 0.0 416.0 0.0 8623.0 22.0 1594.0 0.1269265639165911
34 38 31 0.0 0.0 1048.0 0.0 12850.0 27.0 10322.0 0.08804477705804666
34 38 32 0.0 0.0 1448.0 0.0 13533.0 39.0 15337.0 0.08240626287597856
34 38 33 0.0 0.0 2892.0 0.0 11877.0 65.0 44122.0 0.08345255126371005
34 38 34 0.0 0.0 4403.0 0.0 8097.0 75.0 90120.0 0.09655838333678184
34 38 35 0.0 0.0 5157.0 0.0 6213.0 91.0 115446.0 0.10464942442816563
34 38 36 0.0 0.0 6906.0 0.0 7063.0 87.0 113794.0 0.08769731896767727
34 38 37 0.0 0.0 7372.0 0.0 4851.0 74.0 138167.0 0.09845288326300984
34 38 38 0.0 0.0 8037.0 0.0 4123.0 69.0 147421.0 0.09900289937062443
34 38 39 0.0 0.0 7516.0 0.0 3019.0 39.0 158547.0 0.1116516468617912
34 38 40 0.0 0.0 6808.0 0.0 2770.0 52.0 162755.0 0.12095032397408206
34 38 41 0.0 0.0 7406.0 0.0 3582.0 46.0 153136.0 0.10758472296933835
34 38 42 0.0 0.0 7400.0 0.0 4475.0 59.0 141621.0 0.10081371066465038
34 38 43 0.0 0.0 7081.0 0.0 6138.0 83.0 124117.0 0.0919781880296958
34 38 44 0.0 0.0 6105.0 0.0 7088.0 68.0 110381.0 0.0920447074293228
34 38 45 0.0 0.0 4993.0 0.0 9775.0 78.0 78385.0 0.08351228823669767
34 38 46 0.0 0.0 4099.0 0.0 9106.0 80.0 78394.0 0.09206286578549351
34 38 47 0.0 0.0 2824.0 0.0 11804.0 66.0 44209.0 0.08420039694472845
34 38 48 0.0 0.0 2621.0 0.0 11188.0 62.0 45990.0 0.08860198721599898
34 38 49 0.0 0.0 1710.0 0.0 12100.0 46.0 27512.0 0.08855715098994243
34 38 50 0.0 0.0 841.0 0.0 11994.0 24.0 6970.0 0.09433326595242908
34 38 51 0.0 0.0 324.0 0.0 6981.0 20.0 815.0 0.15061861215707367
34 38 52 0.0 0.0 235.0 0.0 5350.0 19.0 348.0 0.18491612732796192
34 38 53 0.0 0.0 0.0 0.0 15.0 0.0 0.0 0.694789081885856
34 39 28 0.0 0.0 0.0 0.0 14.0 0.0 0.0 0.6951340615690167
34 39 29 0.0 0.0 153.0 0.0 3600.0 9.0 114.0 0.24373259052924787
34 39 30 0.0 0.0 256.0 0.0 6052.0 14.0 504.0 0.16871535309713181
34 39 31 0.0 0.0 1030.0 0.0 12982.0 29.0 8253.0 0.08742350443362058
34 39 32 0.0 0.0 2027.0 0.0 12345.0 52.0 29965.0 0.08551184949914488
34 39 33 0.0 0.0 3463.0 0.0 10123.0 69.0 63065.0 0.08973783731812063
34 39 34 0.0 0.0 4343.0 0.0 10832.0 80.0 65354.0 0.08143796172415797
34 39 35 0.0 0.0 6202.0 0.0 8229.0 80.0 98226.0 0.08519442585042292
34 39 36 0.0 0.0 6928.0 0.0 4905.0 66.0 136471.0 0.10122189284939627
34 39 37 0.0 0.0 7311.0 0.0 3929.0 49.0 149472.0 0.10570824524312895
34 39 38 0.0 0.0 7548.0 0.0 3322.0 57.0 156518.0 0.10884776862074326
34 39 39 0.0 0.0 9585.0 0.0 4015.0 60.0 149849.0 0.08970333824565899
34 39 40 0.0 0.0 7928.0 0.0 3149.0 47.0 158203.0 0.10697638878276151
34 39 41 0.0 0.0 8288.0 0.0 3889.0 52.0 150646.0 0.09859849285160927
34 39 42 0.0 0.0 8404.0 0.0 4797.0 62.0 139299.0 0.0921113231133627
34 39 43 0.0 0.0 7398.0 0.0 5439.0 68.0 130107.0 0.09424436216762032
34 39 44 0.0 0.0 6344.0 0.0 7038.0 95.0 111417.0 0.09109838625715773
34 39 45 0.0 0.0 5327.0 0.0 8541.0 69.0 92717.0 0.08819453193901977
34 39 46 0.0 0.0 3955.0 0.0 11066.0 91.0 60480.0 0.08228034087569791
34 39 47 0.0 0.0 2575.0 0.0 13105.0 61.0 34227.0 0.07914523149980213
34 39 48 0.0 0.0 3078.0 0.0 9738.0 63.0 62863.0 0.0944096028053139
34 39 49 0.0 0.0 1260.0 0.0 13124.0 43.0 13084.0 0.08549096238397655
34 39 50 0.0 0.0 447.0 0.0 8813.0 20.0 1802.0 0.12452192475317973
34 39 51 0.0 0.0 171.0 0.0 4496.0 28.0 209.0 0.21071643588199873
34 39 52 0.0 0.0 190.0 0.0 4369.0 16.0 192.0 0.21393643031784837
34 39 53 0.0 0.0 136.0 0.0 3200.0 12.0 93.0 0.2628120893561104
34 39 54 0.0 0.0 0.0 0.0 1.0 0.0 0.0 0.6996501749125437
34 40 28 0.0 0.0 1.0 0.0 25.0 1.0 0.0 0.6913580246913579
34 40 29 0.0 0.0 94.0 0.0 2163.0 18.0 36.0 0.33018867924528295
34 40 30 0.0 0.0 316.0 0.0 7220.0 33.0 856.0 0.14724442574673957
34 40 31 0.0 0.0 900.0 0.0 12235.0 36.0 8896.0 0.09255586407510247
34 40 32 0.0 0.0 1808.0 0.0 13544.0 40.0 22182.0 0.08064051609930303
34 40 33 0.0 0.0 3201.0 0.0 11741.0 87.0 47891.0 0.0826934435912581
34 40 34 0.0 0.0 4835.0 0.0 8392.0 95.0 90352.0 0.09196006305832895
34 40 35 0.0 0.0 5871.0 0.0 5977.0 78.0 121872.0 0.10098824208324315
34 40 36 0.0 0.0 6420.0 0.0 4066.0 51.0 145232.0 0.11207172590457891
34 40 37 0.0 0.0 8517.0 0.0 4203.0 74.0 146306.0 0.0951022349025202
34 40 38 0.0 0.0 9015.0 0.0 3849.0 57.0 151055.0 0.0942633988688392
34 40 39 0.0 0.0 8811.0 0.0 3661.0 52.0 153652.0 0.09662502588170335
34 40 40 0.0 0.0 8098.0 0.0 3182.0 49.0 157279.0 0.10544550726820816
34 40 41 0.0 0.0 8925.0 0.0 4024.0 44.0 149531.0 0.09355162044771131
34 40 42 0.0 0.0 7328.0 0.0 3722.0 60.0 151438.0 0.10730436115582126
34 40 43 0.0 0.0 7165.0 0.0 4697.0 53.0 139592.0 0.10082097076191847
34 40 44 0.0 0.0 6827.0 0.0 6622.0 82.0 117675.0 0.09060315816722753
34 40 45 0.0 0.0 5564.0 0.0 8508.0 73.0 93291.0 0.08701597364659083
34 40 46 0.0 0.0 4117.0 0.0 9660.0 77.0 72518.0 0.08877615726062142
34 40 47 0.0 0.0 3143.0 0.0 10659.0 65.0 56093.0 0.08855154965211891
34 40 48 0.0 0.0 1943.0 0.0 12547.0 48.0 28274.0 0.08482278097546196
34 40 49 0.0 0.0 1118.0 0.0 13207.0 27.0 12132.0 0.08572653236176596
34 40 50 0.0 0.0 518.0 0.0 9602.0 26.0 2147.0 0.11561648360723427
34 40 51 0.0 0.0 272.0 0.0 5897.0 23.0 494.0 0.1717580664949086
34 40 52 0.0 0.0 533.0 0.0 9568.0 25.0 2123.0 0.11586526524869652
34 40 53 0.0 0.0 0.0 0.0 17.0 0.0 0.0 0.694100148735746
34 41 28 0.0 0.0 0.0 0.0 16.0 0.0 0.0 0.6944444444444444
34 41 29 0.0 0.0 241.0 0.0 5466.0 19.0 432.0 0.1820072802912116
34 41 30 0.0 0.0 317.0 0.0 6684.0 10.0 701.0 0.15560742469712124
34 41 31 0.0 0.0 801.0 0.0 12089.0 34.0 5868.0 0.09407337723424271
34 41 32 0.0 0.0 1811.0 0.0 12622.0 38.0 25602.0 0.0851996105160662
34 41 33 0.0 0.0 3340.0 0.0 11318.0 71.0 52813.0 0.08405884118883218
34 41 34 0.0 0.0 4969.0 0.0 10121.0 92.0 75691.0 0.0819384291232588
34 41 35 0.0 0.0 6400.0 0.0 7081.0 97.0 111330.0 0.09046265184802273
34 41 36 0.0 0.0 6916.0 0.0 4642.0 43.0 140252.0 0.1029260402881929
34 41 37 0.0 0.0 7634.0 0.0 3667.0 56.0 152109.0 0.1052473312283867
34 41 38 0.0 0.0 7567.0 0.0 3063.0 49.0 159200.0 0.11093502377179079
34 41 39 0.0 0.0 9230.0 0.0 3981.0 58.0 149424.0 0.09198423127463862
34 41 40 0.0 0.0 9100.0 0.0 3737.0 48.0 151560.0 0.09431420102398275
34 41 41 0.0 0.0 8327.0 0.0 3900.0 54.0 150124.0 0.09851523467736259
34 41 42 0.0 0.0 8216.0 0.0 4344.0 54.0 144884.0 0.09611423863792391
34 41 43 0.0 0.0 7229.0 0.0 4444.0 56.0 143490.0 0.10227936879018117
34 41 44 0.0 0.0 6648.0 0.0 5579.0 72.0 127625.0 0.09828009828009826
34 41 45 0.0 0.0 5782.0 0.0 8865.0 76.0 91351.0 0.08386748936680044
34 41 46 0.0 0.0 4252.0 0.0 8993.0 81.0 79932.0 0.09171907756813416
34 41 47 0.0 0.0 1989.0 0.0 13956.0 49.0 22330.0 0.0779336450679136
34 41 48 0.0 0.0 1810.0 0.0 12423.0 41.0 27381.0 0.08621751447222563
34 41 49 0.0 0.0 1238.0 0.0 12733.0 35.0 15189.0 0.08770830722967045
34 41 50 0.0 0.0 358.0 0.0 7211.0 21.0 882.0 0.1465354825204103
34 41 51 0.0 0.0 428.0 0.0 8768.0 28.0 1560.0 0.12525722465777933
34 41 52 0.0 0.0 72.0 0.0 1682.0 6.0 21.0 0.3735325506937032
34 41 53 0.0 0.0 100.0 0.0 2449.0 15.0 44.0 0.3087781208645787
34 42 28 0.0 0.0 0.0 0.0 21.0 0.0 0.0 0.6927263730826323
34 42 29 0.0 0.0 192.0 0.0 3850.0 12.0 111.0 0.2321724709784411
34 42 30 0.0 0.0 876.0 0.0 12226.0 36.0 9158.0 0.09280742459396751
34 42 31 0.0 0.0 974.0 0.0 12692.0 30.0 8697.0 0.08941116362242942
34 42 32 0.0 0.0 1816.0 0.0 12921.0 43.0 24518.0 0.08356213441566192
34 42 33 0.0 0.0 3415.0 0.0 10786.0 71.0 58552.0 0.08635045950780237
34 42 34 0.0 0.0 4640.0 0.0 7147.0 86.0 102521.0 0.10161126433444621
34 42 35 0.0 0.0 6041.0 0.0 6455.0 76.0 117752.0 0.09661169001449174
34 42 36 0.0 0.0 6067.0 0.0 4041.0 55.0 145046.0 0.11557830430116402
34 42 37 0.0 0.0 7205.0 0.0 3755.0 51.0 149804.0 0.10787486515641853
34 42 38 0.0 0.0 8235.0 0.0 3733.0 53.0 150988.0 0.10020757282943238
34 42 39 0.0 0.0 8573.0 0.0 3720.0 59.0 152039.0 0.0980254866265229
34 42 40 0.0 0.0 8375.0 0.0 3637.0 53.0 152991.0 0.0999357555856949
34 42 41 0.0 0.0 8220.0 0.0 3903.0 57.0 149896.0 0.09917121201388396
34 42 42 0.0 0.0 8081.0 0.0 4369.0 59.0 145310.0 0.09686570262229294
34 42 43 0.0 0.0 8024.0 0.0 4854.0 64.0 138440.0 0.0940986691759645
34 42 44 0.0 0.0 7242.0 0.0 5836.0 68.0 126986.0 0.0928012727031685
34 42 45 0.0 0.0 5346.0 0.0 5558.0 76.0 123680.0 0.10851871947911014
34 42 46 0.0 0.0 4296.0 0.0 9419.0 81.0 76662.0 0.08910386965376782
34 42 47 0.0 0.0 2031.0 0.0 13044.0 51.0 27421.0 0.0819816126954383
34 42 48 0.0 0.0 1190.0 0.0 13161.0 44.0 12530.0 0.08572653236176596
34 42 49 0.0 0.0 941.0 0.0 12379.0 28.0 9877.0 0.09142558610331089
34 42 50 0.0 0.0 429.0 0.0 8426.0 25.0 1480.0 0.12917512456172722
34 42 51 0.0 0.0 271.0 0.0 5818.0 26.0 493.0 0.17352503718393653
34 42 52 0.0 0.0 315.0 0.0 6963.0 23.0 780.0 0.15115525804361904
34 42 53 0.0 0.0 2.0 0.0 21.0 1.0 0.0 0.6923837784371908
34 43 28 0.0 0.0 4.0 0.0 69.0 1.0 0.0 0.6756756756756755
34 43 29 0.0 0.0 237.0 0.0 5191.0 19.0 295.0 0.18890837943597352
34 43 30 0.0 0.0 619.0 0.0 10859.0 22.0 3743.0 0.10392695419790661
34 43 31 0.0 0.0 809.0 0.0 11871.0 28.0 4960.0 0.09541334423771552
34 43 32 0.0 0.0 2039.0 0.0 12674.0 56.0 29908.0 0.08384739773612025
34 43 33 0.0 0.0 3605.0 0.0 9803.0 77.0 67656.0 0.0909090909090909
34 43 34 0.0 0.0 4156.0 0.0 10642.0 77.0 64968.0 0.08324414317992626
34 43 35 0.0 0.0 5631.0 0.0 8782.0 71.0 92356.0 0.08522035549062575
34 43 36 0.0 0.0 6707.0 0.0 6351.0 75.0 120533.0 0.09303561935140882
34 43 37 0.0 0.0 7817.0 0.0 6477.0 94.0 120953.0 0.08599508599508598
34 43 38 0.0 0.0 7181.0 0.0 3809.0 67.0 148799.0 0.10793308148947652
34 43 39 0.0 0.0 7316.0 0.0 3482.0 59.0 153750.0 0.10943484718205267
34 43 40 0.0 0.0 7385.0 0.0 3148.0 42.0 157249.0 0.11158935118762951
34 43 41 0.0 0.0 7570.0 0.0 3605.0 55.0 152960.0 0.10610883735031075
34 43 42 0.0 0.0 8657.0 0.0 5130.0 84.0 136818.0 0.08874239350912777
34 43 43 0.0 0.0 6927.0 0.0 4293.0 58.0 143982.0 0.10582810492100687
34 43 44 0.0 0.0 5800.0 0.0 4190.0 68.0 143601.0 0.1169981614574628
34 43 45 0.0 0.0 5702.0 0.0 7407.0 76.0 105135.0 0.09259259259259259
34 43 46 0.0 0.0 4078.0 0.0 9723.0 84.0 72783.0 0.08865248226950354
34 43 47 0.0 0.0 3080.0 0.0 10598.0 60.0 55566.0 0.08922880815806246
34 43 48 0.0 0.0 1801.0 0.0 12430.0 47.0 27817.0 0.08626001232285889
34 43 49 0.0 0.0 743.0 0.0 11485.0 32.0 4653.0 0.09845980730009142
34 43 50 0.0 0.0 387.0 0.0 7314.0 23.0 818.0 0.1445385091885195
34 43 51 0.0 0.0 7.0 0.0 195.0 0.0 0.0 0.6357856494096276
34 43 52 0.0 0.0 0.0 0.0 15.0 0.0 0.0 0.694789081885856
34 43 53 0.0 0.0 0.0 0.0 7.0 0.0 0.0 0.6975585450921773
34 44 28 0.0 0.0 6.0 0.0 95.0 3.0 0.0 0.6676204101096804
34 44 29 0.0 0.0 181.0 0.0 4436.0 30.0 216.0 0.2125721226844822
34 44 30 0.0 0.0 718.0 0.0 11472.0 27.0 5532.0 0.09866102889358702
34 44 31 0.0 0.0 852.0 0.0 12455.0 35.0 7212.0 0.09160505136426093
34 44 32 0.0 0.0 1873.0 0.0 12886.0 40.0 25787.0 0.08347743128018603
34 44 33 0.0 0.0 2200.0 0.0 13036.0 54.0 29345.0 0.08127721335268505
34 44 34 0.0 0.0 3230.0 0.0 12265.0 64.0 45758.0 0.08000457168981084
34 44 35 0.0 0.0 4484.0 0.0 10142.0 82.0 72308.0 0.08412955952166334
34 44 36 0.0 0.0 5606.0 0.0 9364.0 101.0 86015.0 0.08257638315441783
34 44 37 0.0 0.0 6341.0 0.0 6021.0 71.0 123015.0 0.09749303621169916
34 44 38 0.0 0.0 7604.0 0.0 6289.0 62.0 123697.0 0.08798391151332327
34 44 39 0.0 0.0 8032.0 0.0 5366.0 86.0 133063.0 0.09096225066597362
34 44 40 0.0 0.0 7778.0 0.0 4635.0 68.0 142119.0 0.09717498438259178
34 44 41 0.0 0.0 7179.0 0.0 3988.0 61.0 147248.0 0.10626992561105207
34 44 42 0.0 0.0 7908.0 0.0 5377.0 79.0 132511.0 0.09170105456212746
34 44 43 0.0 0.0 7494.0 0.0 5978.0 66.0 126490.0 0.09049773755656108
34 44 44 0.0 0.0 5349.0 0.0 4123.0 47.0 142425.0 0.12165450121654499
34 44 45 0.0 0.0 5290.0 0.0 8068.0 73.0 96659.0 0.09116957541026308
34 44 46 0.0 0.0 3701.0 0.0 11212.0 67.0 56563.0 0.0826739104759655
34 44 47 0.0 0.0 2616.0 0.0 11456.0 59.0 44723.0 0.08712969878018421
34 44 48 0.0 0.0 1438.0 0.0 13003.0 35.0 18518.0 0.08515815085158149
34 44 49 0.0 0.0 496.0 0.0 9400.0 26.0 2051.0 0.11779554059739164
34 44 50 0.0 0.0 134.0 0.0 2710.0 14.0 42.0 0.28985507246376807
34 44 51 0.0 0.0 10.0 0.0 285.0 3.0 2.0 0.6108202443280977
34 44 52 0.0 0.0 0.0 0.0 6.0 0.0 0.0 0.6979062811565303
34 45 27 0.0 0.0 0.0 0.0 1.0 0.0 0.0 0.6996501749125437
34 45 28 0.0 0.0 0.0 0.0 11.0 0.0 0.0 0.6961710591745399
34 45 29 0.0 0.0 69.0 0.0 1735.0 12.0 19.0 0.3691983122362869
34 45 30 0.0 0.0 406.0 0.0 8014.0 17.0 1176.0 0.13448607108549468
34 45 31 0.0 0.0 938.0 0.0 12478.0 30.0 9428.0 0.09080884737627293
34 45 32 0.0 0.0 1492.0 0.0 13337.0 45.0 19138.0 0.08321940200915412
34 45 33 0.0 0.0 2375.0 0.0 12236.0 49.0 36113.0 0.08418014551139437
34 45 34 0.0 0.0 2920.0 0.0 11438.0 68.0 48190.0 0.08559550012227927
34 45 35 0.0 0.0 3903.0 0.0 9754.0 76.0 70914.0 0.08934269304403318
34 45 36 0.0 0.0 4893.0 0.0 8739.0 64.0 87264.0 0.08945115328094051
34 45 37 0.0 0.0 5293.0 0.0 5644.0 64.0 123104.0 0.10805804260574249
34 45 38 0.0 0.0 6468.0 0.0 7079.0 94.0 111960.0 0.09024688970540835
34 45 39 0.0 0.0 6383.0 0.0 5306.0 77.0 132136.0 0.10209290454313424
34 45 40 0.0 0.0 6203.0 0.0 4430.0 55.0 140294.0 0.11082963901203291
34 45 41 0.0 0.0 6109.0 0.0 4645.0 74.0 138971.0 0.10991599277694904
34 45 42 0.0 0.0 6229.0 0.0 5047.0 56.0 133587.0 0.10533443683695733
34 45 43 0.0 0.0 6573.0 0.0 8429.0 98.0 97040.0 0.08239171374764594
34 45 44 0.0 0.0 5319.0 0.0 6408.0 69.0 114223.0 0.10203337949129071
34 45 45 0.0 0.0 4607.0 0.0 9498.0 67.0 78667.0 0.086848635235732
34 45 46 0.0 0.0 3302.0 0.0 10687.0 72.0 56176.0 0.08752188047011751
34 45 47 0.0 0.0 1290.0 0.0 13416.0 38.0 12702.0 0.08383233532934131
34 45 48 0.0 0.0 995.0 0.0 12645.0 32.0 9059.0 0.08950262114819076
34 45 49 0.0 0.0 306.0 0.0 6668.0 16.0 711.0 0.15612802498048398
34 45 50 0.0 0.0 78.0 0.0 1918.0 18.0 21.0 0.351935646053293
34 45 51 0.0 0.0 0.0 0.0 39.0 0.0 0.0 0.6866110838646394
34 46 28 0.0 0.0 13.0 0.0 195.0 5.0 1.0 0.6354970494779845
34 46 29 0.0 0.0 258.0 0.0 5731.0 20.0 404.0 0.17559262510974535
34 46 30 0.0 0.0 390.0 0.0 7514.0 26.0 840.0 0.14167172637117992
34 46 31 0.0 0.0 682.0 0.0 11436.0 24.0 6367.0 0.09917121201388396
34 46 32 0.0 0.0 557.0 0.0 10153.0 20.0 2668.0 0.11021018657010154
34 46 33 0.0 0.0 1629.0 0.0 13133.0 56.0 21248.0 0.08357709987463434
34 46 34 0.0 0.0 1821.0 0.0 13132.0 59.0 24331.0 0.08262511803588289
34 46 35 0.0 0.0 2751.0 0.0 12887.0 60.0 36779.0 0.07931112621799229
34 46 36 0.0 0.0 4333.0 0.0 8656.0 62.0 83699.0 0.09335200373408013
34 46 37 0.0 0.0 4814.0 0.0 10764.0 95.0 69212.0 0.07976753461341232
34 46 38 0.0 0.0 5113.0 0.0 5864.0 81.0 119785.0 0.10799969142945305
34 46 39 0.0 0.0 5533.0 0.0 9081.0 78.0 88367.0 0.08431195423065341
34 46 40 0.0 0.0 5823.0 0.0 7466.0 79.0 105803.0 0.09143752857422766
34 46 41 0.0 0.0 5817.0 0.0 8162.0 82.0 97814.0 0.08760402978537012
34 46 42 0.0 0.0 5724.0 0.0 7609.0 71.0 102692.0 0.09133015852306085
34 46 43 0.0 0.0 4956.0 0.0 7173.0 82.0 102609.0 0.09899589874133784
34 46 44 0.0 0.0 4399.0 0.0 10244.0 68.0 70436.0 0.083978165676924
34 46 45 0.0 0.0 3997.0 0.0 7309.0 76.0 95902.0 0.10519987977156596
34 46 46 0.0 0.0 2847.0 0.0 11024.0 64.0 49403.0 0.08820564516129031
34 46 47 0.0 0.0 1247.0 0.0 12931.0 44.0 13442.0 0.08659079663532904
34 46 48 0.0 0.0 481.0 0.0 9054.0 15.0 1709.0 0.12145397761776697
34 46 49 0.0 0.0 138.0 0.0 3870.0 11.0 161.0 0.2332944509248458
34 46 50 0.0 0.0 2.0 0.0 154.0 1.0 0.0 0.649953574744661
34 46 51 0.0 0.0 4.0 0.0 73.0 1.0 0.0 0.6743737957610789
34 47 28 0.0 0.0 0.0 0.0 1.0 0.0 0.0 0.6996501749125437
34 47 29 0.0 0.0 0.0 0.0 38.0 0.0 0.0 0.6869479882237487
34 47 30 0.0 0.0 261.0 0.0 5837.0 25.0 426.0 0.17326732673267323
34 47 31 0.0 0.0 256.0 0.0 6189.0 26.0 568.0 0.16621156357592304
34 47 32 0.0 0.0 819.0 0.0 12262.0 35.0 6784.0 0.09293680297397769
34 47 33 0.0 0.0 971.0 0.0 12682.0 27.0 7833.0 0.08948545861297538
34 47 34 0.0 0.0 1903.0 0.0 12517.0 49.0 27998.0 0.08529823920063363
34 47 35 0.0 0.0 1944.0 0.0 13200.0 39.0 24767.0 0.08161361781508684
34 47 36 0.0 0.0 3349.0 0.0 10572.0 61.0 59556.0 0.08789001192793018
34 47 37 0.0 0.0 4181.0 0.0 9071.0 68.0 78686.0 0.09174311926605504
34 47 38 0.0 0.0 3857.0 0.0 10803.0 76.0 61161.0 0.0841194496184582
34 47 39 0.0 0.0 4150.0 0.0 9292.0 83.0 76166.0 0.09064422143088377
34 47 40 0.0 0.0 3971.0 0.0 11215.0 111.0 59684.0 0.08167075020417687
34 47 41 0.0 0.0 4219.0 0.0 10813.0 78.0 63798.0 0.082174091682808
34 47 42 0.0 0.0 3852.0 0.0 11370.0 89.0 57604.0 0.08133387555917039
34 47 43 0.0 0.0 3178.0 0.0 12560.0 61.0 43509.0 0.07885102787947056
34 47 44 0.0 0.0 3087.0 0.0 10542.0 68.0 55832.0 0.08955987717502559
34 47 45 0.0 0.0 2920.0 0.0 11450.0 63.0 47297.0 0.08546486783468651
34 47 46 0.0 0.0 1932.0 0.0 12535.0 47.0 28960.0 0.08494114791894186
34 47 47 0.0 0.0 771.0 0.0 11843.0 25.0 5251.0 0.0958182191499555
34 47 48 0.0 0.0 147.0 0.0 3372.0 10.0 76.0 0.25412960609911056
34 47 49 0.0 0.0 60.0 0.0 1404.0 6.0 9.0 0.4048582995951417
34 47 50 0.0 0.0 37.0 0.0 699.0 13.0 0.0 0.5141388174807198
34 47 51 0.0 0.0 3.0 0.0 35.0 0.0 0.0 0.6869479882237487
34 48 29 0.0 0.0 7.0 0.0 73.0 4.0 0.0 0.6743737957610789
34 48 30 0.0 0.0 32.0 0.0 893.0 10.0 1.0 0.4804392587508579
34 48 31 0.0 0.0 25.0 0.0 669.0 5.0 2.0 0.520639642989959
34 48 32 0.0 0.0 91.0 0.0 2227.0 11.0 35.0 0.3252032520325203
34 48 33 0.0 0.0 348.0 0.0 7723.0 21.0 1152.0 0.13926191186710432
34 48 34 0.0 0.0 898.0 0.0 12430.0 22.0 6568.0 0.09135399673735725
34 48 35 0.0 0.0 1612.0 0.0 12720.0 45.0 22051.0 0.08571603502112288
34 48 36 0.0 0.0 1768.0 0.0 13015.0 48.0 23314.0 0.08349236641221373
34 48 37 0.0 0.0 2643.0 0.0 11659.0 58.0 42957.0 0.08584743684081432
34 48 38 0.0 0.0 2316.0 0.0 12696.0 51.0 33339.0 0.08225133658421949
34 48 39 0.0 0.0 2502.0 0.0 11492.0 62.0 41511.0 0.08751640932674876
34 48 40 0.0 0.0 2776.0 0.0 11489.0 54.0 45324.0 0.08596340415080436
34 48 41 0.0 0.0 2353.0 0.0 13537.0 48.0 28159.0 0.07825163490022916
34 48 42 0.0 0.0 2642.0 0.0 11199.0 62.0 46317.0 0.08827238335435056
34 48 43 0.0 0.0 1881.0 0.0 13096.0 43.0 25228.0 0.08244023083264633
34 48 44 0.0 0.0 2446.0 0.0 11493.0 48.0 42610.0 0.08769182586908862
34 48 45 0.0 0.0 1276.0 0.0 13340.0 35.0 13705.0 0.08430180044559522
34 48 46 0.0 0.0 1099.0 0.0 12866.0 35.0 11926.0 0.08772479478664075
34 48 47 0.0 0.0 699.0 0.0 11489.0 24.0 5554.0 0.09873756964525002
34 48 48 0.0 0.0 338.0 0.0 7187.0 16.0 943.0 0.1471206389239176
34 48 49 0.0 0.0 33.0 0.0 659.0 9.0 2.0 0.5218039508013418
34 48 50 0.0 0.0 0.0 0.0 9.0 0.0 0.0 0.6968641114982577
34 48 51 0.0 0.0 0.0 0.0 3.0 0.0 0.0 0.6989515726410384
34 49 29 0.0 0.0 0.0 0.0 2.0 0.0 0.0 0.6993006993006992
34 49 30 0.0 0.0 15.0 0.0 340.0 4.0 1.0 0.5954912803062525
34 49 31 0.0 0.0 0.0 0.0 7.0 0.0 0.0 0.6975585450921773
34 49 32 0.0 0.0 1.0 0.0 41.0 1.0 0.0 0.6859382655560998
34 49 33 0.0 0.0 22.0 0.0 934.0 6.0 8.0 0.4745762711864406
34 49 34 0.0 0.0 415.0 0.0 8337.0 29.0 1370.0 0.13049962714392244
34 49 35 0.0 0.0 586.0 0.0 10463.0 33.0 3031.0 0.10745260572568884
34 49 36 0.0 0.0 950.0 0.0 12474.0 31.0 8137.0 0.09080884737627293
34 49 37 0.0 0.0 1134.0 0.0 12727.0 31.0 12503.0 0.08827238335435056
34 49 38 0.0 0.0 1727.0 0.0 12187.0 47.0 27087.0 0.08798391151332327
34 49 39 0.0 0.0 2096.0 0.0 12167.0 51.0 32858.0 0.08611145282322548
34 49 40 0.0 0.0 1647.0 0.0 13183.0 44.0 21025.0 0.08319961965888155
34 49 41 0.0 0.0 1522.0 0.0 12788.0 46.0 20916.0 0.08580534444716842
34 49 42 0.0 0.0 1273.0 0.0 13130.0 40.0 13781.0 0.08544921874999999
34 49 43 0.0 0.0 1472.0 0.0 13011.0 39.0 18822.0 0.08493084202863381
34 49 44 0.0 0.0 915.0 0.0 12376.0 20.0 8900.0 0.0914733747141457
34 49 45 0.0 0.0 610.0 0.0 10378.0 25.0 2740.0 0.10794972627033696
34 49 46 0.0 0.0 487.0 0.0 9674.0 35.0 2640.0 0.11534025374855823
34 49 47 0.0 0.0 361.0 0.0 7230.0 23.0 782.0 0.1462599247806101
34 49 48 0.0 0.0 171.0 0.0 4088.0 18.0 165.0 0.2243230251562249
34 49 49 0.0 0.0 0.0 0.0 21.0 0.0 0.0 0.6927263730826323
34 50 32 0.0 0.0 0.0 0.0 2.0 0.0 0.0 0.6993006993006992
34 50 33 0.0 0.0 3.0 0.0 82.0 1.0 0.0 0.6717850287907868
34 50 34 0.0 0.0 1.0 0.0 107.0 1.0 0.0 0.6644518272425248
34 50 35 0.0 0.0 209.0 0.0 4540.0 14.0 204.0 0.20783847980997625
34 50 36 0.0 0.0 183.0 0.0 5017.0 11.0 300.0 0.19463367162519113
34 50 37 0.0 0.0 441.0 0.0 8623.0 20.0 1493.0 0.12668536784001447
34 50 38 0.0 0.0 453.0 0.0 8677.0 28.0 1639.0 0.12600126001260012
34 50 39 0.0 0.0 378.0 0.0 8264.0 24.0 1321.0 0.1317771084337349
34 50 40 0.0 0.0 1375.0 0.0 12804.0 37.0 18204.0 0.08654262224145391
34 50 41 0.0 0.0 824.0 0.0 12087.0 27.0 6620.0 0.09397234528124579
34 50 42 0.0 0.0 1210.0 0.0 12349.0 29.0 16837.0 0.08988186954288648
34 50 43 0.0 0.0 1195.0 0.0 13253.0 38.0 12755.0 0.08518924181574783
34 50 44 0.0 0.0 629.0 0.0 10951.0 19.0 4115.0 0.10310037557993959
34 50 45 0.0 0.0 642.0 0.0 10923.0 25.0 3517.0 0.1032829214312062
34 50 46 0.0 0.0 20.0 0.0 623.0 2.0 3.0 0.5301022340022719
34 50 47 0.0 0.0 146.0 0.0 3538.0 17.0 111.0 0.24700070571630203
34 50 48 0.0 0.0 57.0 0.0 1179.0 11.0 11.0 0.4339739615623062
34 50 49 0.0 0.0 0.0 0.0 18.0 0.0 0.0 0.6937561942517343
34 51 33 0.0 0.0 0.0 0.0 2.0 0.0 0.0 0.6993006993006992
34 51 34 0.0 0.0 0.0 0.0 11.0 0.0 0.0 0.6961710591745399
34 51 35 0.0 0.0 7.0 0.0 81.0 2.0 0.0 0.6711409395973154
34 51 36 0.0 0.0 0.0 0.0 47.0 0.0 0.0 0.6842619745845552
34 51 37 0.0 0.0 2.0 0.0 101.0 1.0 0.0 0.6660323501427211
34 51 38 0.0 0.0 215.0 0.0 4560.0 25.0 183.0 0.20737668493556508
34 51 39 0.0 0.0 581.0 0.0 10562.0 27.0 3668.0 0.1066504151748305
34 51 40 0.0 0.0 644.0 0.0 11101.0 26.0 4510.0 0.10184040154215464
34 51 41 0.0 0.0 507.0 0.0 9529.0 17.0 2067.0 0.11635638297872339
34 51 42 0.0 0.0 312.0 0.0 6999.0 15.0 776.0 0.1505700150570015
34 51 43 0.0 0.0 321.0 0.0 7455.0 20.0 1041.0 0.14341323499282932
34 51 44 0.0 0.0 314.0 0.0 6931.0 31.0 752.0 0.15184381778741862
34 51 45 0.0 0.0 204.0 0.0 4833.0 19.0 289.0 0.19931662870159447
34 51 46 0.0 0.0 2.0 0.0 99.0 0.0 0.0 0.6669842782277274
34 51 47 0.0 0.0 3.0 0.0 21.0 1.0 0.0 0.6920415224913494
34 51 48 0.0 0.0 0.0 0.0 7.0 0.0 0.0 0.6975585450921773
34 52 35 0.0 0.0 0.0 0.0 1.0 0.0 0.0 0.6996501749125437
34 52 36 0.0 0.0 0.0 0.0 1.0 0.0 0.0 0.6996501749125437
34 52 37 0.0 0.0 0.0 0.0 14.0 0.0 0.0 0.6951340615690167
34 52 38 0.0 0.0 3.0 0.0 80.0 2.0 0.0 0.6727534839019701
34 52 39 0.0 0.0 71.0 0.0 1675.0 14.0 20.0 0.37513397642015
34 52 40 0.0 0.0 230.0 0.0 4456.0 18.0 184.0 0.20992652571599937
34 52 41 0.0 0.0 54.0 0.0 1322.0 12.0 10.0 0.4160475482912332
34 52 42 0.0 0.0 4.0 0.0 120.0 1.0 0.0 0.6594441827602449
34 52 43 0.0 0.0 6.0 0.0 123.0 2.0 1.0 0.6582040432534085
34 52 44 0.0 0.0 0.0 0.0 77.0 0.0 0.0 0.6740491092922483
34 52 45 0.0 0.0 9.0 0.0 240.0 3.0 0.0 0.6236080178173719
34 52 46 0.0 0.0 7.0 0.0 208.0 0.0 0.0 0.6320541760722347
34 52 47 0.0 0.0 0.0 0.0 2.0 0.0 0.0 0.6993006993006992
34 53 37 0.0 0.0 0.0 0.0 3.0 0.0 0.0 0.6989515726410384
34 53 38 0.0 0.0 0.0 0.0 7.0 0.0 0.0 0.6975585450921773
34 53 39 0.0 0.0 0.0 0.0 4.0 0.0 0.0 0.6986027944111775
34 53 40 0.0 0.0 0.0 0.0 6.0 0.0 0.0 0.6979062811565303
34 53 41 0.0 0.0 0.0 0.0 3.0 0.0 0.0 0.6989515726410384
34 53 43 0.0 0.0 0.0 0.0 1.0 0.0 0.0 0.6996501749125437
34 53 44 0.0 0.0 0.0 0.0 3.0 0.0 0.0 0.6989515726410384
34 53 45 0.0 0.0 0.0 0.0 8.0 0.0 0.0 0.697211155378486
34 53 46 0.0 0.0 0.0 0.0 5.0 0.0 0.0 0.6982543640897755
35 27 36 0.0 0.0 0.0 0.0 1.0 0.0 0.0 0.6996501749125437
35 28 31 0.0 0.0 0.0 0.0 1.0 0.0 0.0 0.6996501749125437
35 28 32 0.0 0.0 0.0 0.0 1.0 0.0 0.0 0.6996501749125437
35 28 34 0.0 0.0 0.0 0.0 1.0 0.0 0.0 0.6996501749125437
35 28 35 0.0 0.0 37.0 0.0 674.0 11.0 2.0 0.5185185185185184
35 28 36 0.0 0.0 0.0 0.0 28.0 0.0 0.0 0.690335305719921
35 28 37 0.0 0.0 0.0 0.0 21.0 0.0 0.0 0.6930693069306929
35 28 38 0.0 0.0 2.0 0.0 58.0 0.0 0.0 0.6796116504854368
35 28 39 0.0 0.0 1.0 0.0 36.0 0.0 0.0 0.6872852233676975
35 28 40 0.0 0.0 18.0 0.0 278.0 2.0 0.0 0.6102877070619005
35 28 41 0.0 0.0 3.0 0.0 86.0 2.0 0.0 0.670819357930043
35 28 42 0.0 0.0 4.0 0.0 65.0 2.0 0.0 0.6773101112723753
35 28 43 0.0 0.0 0.0 0.0 4.0 0.0 0.0 0.6986027944111775
35 28 44 0.0 0.0 0.0 0.0 1.0 0.0 0.0 0.6996501749125437
35 29 31 0.0 0.0 0.0 0.0 3.0 0.0 0.0 0.6989515726410384
35 29 32 0.0 0.0 156.0 0.0 3249.0 14.0 74.0 0.25964391691394656
35 29 33 0.0 0.0 4.0 0.0 71.0 1.0 0.0 0.6750241080038573
35 29 34 0.0 0.0 2.0 0.0 102.0 3.0 0.0 0.6663493574488338
35 29 35 0.0 0.0 6.0 0.0 209.0 3.0 0.0 0.6329113924050632
35 29 36 0.0 0.0 104.0 0.0 2394.0 14.0 41.0 0.3122212310437109
35 29 37 0.0 0.0 47.0 0.0 1135.0 12.0 12.0 0.44150110375275925
35 29 38 0.0 0.0 54.0 0.0 1434.0 11.0 17.0 0.40253018976423227
35 29 39 0.0 0.0 333.0 0.0 7288.0 29.0 969.0 0.14586372160866845
35 29 40 0.0 0.0 163.0 0.0 3482.0 21.0 79.0 0.24888888888888885
35 29 41 0.0 0.0 387.0 0.0 7996.0 12.0 1236.0 0.1348617666891436
35 29 42 0.0 0.0 74.0 0.0 1824.0 15.0 16.0 0.3606388459556929
35 29 43 0.0 0.0 67.0 0.0 1534.0 15.0 13.0 0.39040713887339645
35 29 44 0.0 0.0 88.0 0.0 2270.0 14.0 44.0 0.3222836095764272
35 29 45 0.0 0.0 53.0 0.0 1305.0 11.0 15.0 0.4182850313713773
35 29 46 0.0 0.0 4.0 0.0 80.0 1.0 0.0 0.6724303554274734
35 29 47 0.0 0.0 0.0 0.0 3.0 0.0 0.0 0.6989515726410384
35 30 30 0.0 0.0 0.0 0.0 5.0 0.0 0.0 0.6986027944111775
35 30 31 0.0 0.0 17.0 0.0 340.0 3.0 0.0 0.5949851253718657
35 30 32 0.0 0.0 3.0 0.0 187.0 1.0 0.0 0.639853747714808
35 30 33 0.0 0.0 193.0 0.0 4335.0 21.0 183.0 0.21502073414222084
35 30 34 0.0 0.0 220.0 0.0 5523.0 18.0 428.0 0.18120631633445508
35 30 35 0.0 0.0 332.0 0.0 7765.0 16.0 1291.0 0.1388062661114416
35 30 36 0.0 0.0 135.0 0.0 3582.0 16.0 116.0 0.24552788495264816
35 30 37 0.0 0.0 650.0 0.0 10680.0 21.0 3403.0 0.10505778177997897
35 30 38 0.0 0.0 914.0 0.0 12339.0 32.0 8262.0 0.09186351706036744
35 30 39 0.0 0.0 563.0 0.0 9852.0 25.0 2334.0 0.11286681715575621
35 30 40 0.0 0.0 642.0 0.0 10691.0 25.0 3457.0 0.10504201680672268
35 30 41 0.0 0.0 1018.0 0.0 12615.0 32.0 10166.0 0.08953696597595291
35 30 42 0.0 0.0 982.0 0.0 12442.0 35.0 9971.0 0.09076175040518637
35 30 43 0.0 0.0 493.0 0.0 9794.0 24.0 2573.0 0.11405295315682279
35 30 44 0.0 0.0 513.0 0.0 9674.0 24.0 2407.0 0.11498028909329829
35 30 45 0.0 0.0 281.0 0.0 6076.0 18.0 464.0 0.16782546152001915
35 30 46 0.0 0.0 8.0 0.0 478.0 4.0 1.0 0.56406124093473
35 30 47 0.0 0.0 0.0 0.0 37.0 0.0 0.0 0.6872852233676975
35 30 48 0.0 0.0 0.0 0.0 6.0 0.0 0.0 0.6979062811565303
35 30 49 0.0 0.0 0.0 0.0 3.0 0.0 0.0 0.6989515726410384
35 30 50 0.0 0.0 0.0 0.0 1.0 0.0 0.0 0.6996501749125437
35 31 30 0.0 0.0 1.0 0.0 24.0 0.0 0.0 0.6913580246913579
35 31 31 0.0 0.0 303.0 0.0 6112.0 21.0 460.0 0.16668651029884507
35 31 32 0.0 0.0 327.0 0.0 6960.0 33.0 716.0 0.15125324114088157
35 31 33 0.0 0.0 437.0 0.0 8256.0 32.0 1386.0 0.13123359580052493
35 31 34 0.0 0.0 610.0 0.0 10614.0 22.0 3442.0 0.10592418854505559
35 31 35 0.0 0.0 903.0 0.0 12512.0 39.0 6951.0 0.09095634095634093
35 31 36 0.0 0.0 751.0 0.0 11539.0 26.0 5057.0 0.09803235067572298
35 31 37 0.0 0.0 1115.0 0.0 12989.0 28.0 11395.0 0.08695652173913042
35 31 38 0.0 0.0 837.0 0.0 12086.0 30.0 5361.0 0.09384636010189032
35 31 39 0.0 0.0 1139.0 0.0 12815.0 42.0 13142.0 0.08781834148789361
35 31 40 0.0 0.0 1030.0 0.0 12723.0 35.0 10365.0 0.0889001778003556
35 31 41 0.0 0.0 1202.0 0.0 13384.0 34.0 11038.0 0.08446965126101122
35 31 42 0.0 0.0 1353.0 0.0 12977.0 45.0 17146.0 0.08577905765578088
35 31 43 0.0 0.0 910.0 0.0 12422.0 25.0 6579.0 0.09128251939753536
35 31 44 0.0 0.0 880.0 0.0 12355.0 31.0 7005.0 0.09196006305832895
35 31 45 0.0 0.0 747.0 0.0 11639.0 26.0 5563.0 0.09732360097323599
35 31 46 0.0 0.0 393.0 0.0 8241.0 17.0 1497.0 0.13176470588235292
35 31 47 0.0 0.0 268.0 0.0 5124.0 25.0 288.0 0.1899850726014384
35 31 48 0.0 0.0 2.0 0.0 140.0 0.0 0.0 0.65359477124183
35 31 49 0.0 0.0 0.0 0.0 21.0 0.0 0.0 0.6927263730826323
35 32 29 0.0 0.0 0.0 0.0 2.0 0.0 0.0 0.6993006993006992
35 32 30 0.0 0.0 4.0 0.0 93.0 1.0 0.0 0.6679389312977099
35 32 31 0.0 0.0 267.0 0.0 6214.0 18.0 579.0 0.16530877317274764
35 32 32 0.0 0.0 607.0 0.0 10505.0 20.0 2715.0 0.10678871090770403
35 32 33 0.0 0.0 561.0 0.0 9833.0 24.0 2455.0 0.11304909560723514
35 32 34 0.0 0.0 1311.0 0.0 12816.0 34.0 16731.0 0.08678403173816017
35 32 35 0.0 0.0 2192.0 0.0 11966.0 59.0 35538.0 0.08664438668151997
35 32 36 0.0 0.0 2188.0 0.0 12139.0 45.0 34713.0 0.08567407135426228
35 32 37 0.0 0.0 2292.0 0.0 12041.0 48.0 35956.0 0.08573703227386857
35 32 38 0.0 0.0 1997.0 0.0 13064.0 60.0 26435.0 0.08207292765857661
35 32 39 0.0 0.0 2652.0 0.0 11853.0 67.0 41918.0 0.08486905916585838
35 32 40 0.0 0.0 2397.0 0.0 12429.0 49.0 35105.0 0.08316008316008315
35 32 41 0.0 0.0 2574.0 0.0 12088.0 56.0 39343.0 0.08399832003359932
35 32 42 0.0 0.0 2374.0 0.0 11800.0 49.0 37387.0 0.08647313156269301
35 32 43 0.0 0.0 2110.0 0.0 12734.0 51.0 30568.0 0.0830614061109463
35 32 44 0.0 0.0 1410.0 0.0 13120.0 47.0 16784.0 0.08478168715557438
35 32 45 0.0 0.0 1111.0 0.0 12924.0 40.0 12114.0 0.087379852702534
35 32 46 0.0 0.0 732.0 0.0 11697.0 26.0 4591.0 0.09706718435831657
35 32 47 0.0 0.0 392.0 0.0 8127.0 20.0 1139.0 0.1333079413445058
35 32 48 0.0 0.0 465.0 0.0 9152.0 21.0 2119.0 0.12061686913069697
35 32 49 0.0 0.0 51.0 0.0 1431.0 5.0 24.0 0.4026459591601955
35 32 50 0.0 0.0 40.0 0.0 886.0 13.0 5.0 0.48060418812221073
35 32 51 0.0 0.0 8.0 0.0 124.0 1.0 0.0 0.6569685593618019
35 33 28 0.0 0.0 0.0 0.0 3.0 0.0 0.0 0.6989515726410384
35 33 29 0.0 0.0 9.0 0.0 226.0 2.0 1.0 0.6269592476489028
35 33 30 0.0 0.0 147.0 0.0 3004.0 18.0 81.0 0.2726387536514118
35 33 31 0.0 0.0 197.0 0.0 4568.0 17.0 226.0 0.20734597156398102
35 33 32 0.0 0.0 769.0 0.0 11797.0 27.0 5404.0 0.096193486326783
35 33 33 0.0 0.0 1561.0 0.0 13305.0 43.0 18709.0 0.08300231220726861
35 33 34 0.0 0.0 2218.0 0.0 12424.0 52.0 33614.0 0.08405379442843419
35 33 35 0.0 0.0 3278.0 0.0 10372.0 62.0 59723.0 0.08946258546872005
35 33 36 0.0 0.0 3392.0 0.0 10574.0 61.0 57910.0 0.08761499468051817
35 33 37 0.0 0.0 3476.0 0.0 10632.0 66.0 59411.0 0.08680555555555555
35 33 38 0.0 0.0 3825.0 0.0 11188.0 78.0 58725.0 0.08240626287597856
35 33 39 0.0 0.0 4386.0 0.0 8300.0 69.0 88745.0 0.09528995371630818
35 33 40 0.0 0.0 4457.0 0.0 8622.0 70.0 84343.0 0.09262935027127166
35 33 41 0.0 0.0 4360.0 0.0 10418.0 87.0 67898.0 0.08338793257490022
35 33 42 0.0 0.0 4303.0 0.0 7532.0 70.0 94886.0 0.10113414722242287
35 33 43 0.0 0.0 3699.0 0.0 10193.0 72.0 64983.0 0.0881445570736007
35 33 44 0.0 0.0 3127.0 0.0 11415.0 53.0 49560.0 0.08455127430849135
35 33 45 0.0 0.0 2301.0 0.0 12584.0 46.0 32596.0 0.08293838862559241
35 33 46 0.0 0.0 1936.0 0.0 12954.0 39.0 26805.0 0.08289909995262908
35 33 47 0.0 0.0 1491.0 0.0 13212.0 47.0 18168.0 0.08385744234800838
35 33 48 0.0 0.0 1295.0 0.0 12972.0 22.0 15335.0 0.08603736479842673
35 33 49 0.0 0.0 534.0 0.0 9522.0 19.0 1968.0 0.11618257261410786
35 33 50 0.0 0.0 85.0 0.0 2121.0 17.0 35.0 0.33420864168059194
35 33 51 0.0 0.0 26.0 0.0 578.0 9.0 3.0 0.5394990366088631
35 33 52 0.0 0.0 0.0 0.0 5.0 0.0 0.0 0.6982543640897755
35 34 29 0.0 0.0 6.0 0.0 258.0 1.0 0.0 0.6189213085764809
35 34 30 0.0 0.0 148.0 0.0 3240.0 21.0 71.0 0.26075619295958274
35 34 31 0.0 0.0 756.0 0.0 11594.0 26.0 4727.0 0.09758137589740014
35 34 32 0.0 0.0 710.0 0.0 11572.0 28.0 4878.0 0.0980804259492784
35 34 33 0.0 0.0 1598.0 0.0 13208.0 44.0 20169.0 0.08334325514942255
35 34 34 0.0 0.0 2559.0 0.0 11956.0 64.0 41203.0 0.08481764206955045
35 34 35 0.0 0.0 4057.0 0.0 7067.0 82.0 98244.0 0.10691919963341986
35 34 36 0.0 0.0 4483.0 0.0 9972.0 72.0 73341.0 0.08505467800729039
35 34 37 0.0 0.0 4898.0 0.0 8246.0 86.0 93404.0 0.09247027741083222
35 34 38 0.0 0.0 5643.0 0.0 8631.0 81.0 91602.0 0.08590538135853223
35 34 39 0.0 0.0 5873.0 0.0 8187.0 98.0 98364.0 0.08708092305778439
35 34 40 0.0 0.0 6084.0 0.0 6342.0 72.0 118772.0 0.09700665188470066
35 34 41 0.0 0.0 5961.0 0.0 5929.0 74.0 122457.0 0.10081371066465038
35 34 42 0.0 0.0 5947.0 0.0 7556.0 79.0 103717.0 0.09033423667570008
35 34 43 0.0 0.0 5424.0 0.0 8319.0 85.0 93825.0 0.08894536213468868
35 34 44 0.0 0.0 4645.0 0.0 9561.0 83.0 78173.0 0.08632916075723006
35 34 45 0.0 0.0 4140.0 0.0 9099.0 75.0 77880.0 0.0918574896660324
35 34 46 0.0 0.0 3295.0 0.0 10567.0 58.0 57369.0 0.08818342151675483
35 34 47 0.0 0.0 2026.0 0.0 12933.0 61.0 27903.0 0.08262999468807176
35 34 48 0.0 0.0 1705.0 0.0 12720.0 40.0 24471.0 0.08523592085235919
35 34 49 0.0 0.0 848.0 0.0 12106.0 25.0 7138.0 0.09357037829167222
35 34 50 0.0 0.0 208.0 0.0 4499.0 21.0 194.0 0.2093614475848661
35 34 51 0.0 0.0 13.0 0.0 437.0 3.0 1.0 0.5723630417007358
35 34 52 0.0 0.0 0.0 0.0 22.0 0.0 0.0 0.6923837784371908
35 35 27 0.0 0.0 2.0 0.0 13.0 0.0 0.0 0.694789081885856
35 35 28 0.0 0.0 1.0 0.0 8.0 0.0 0.0 0.6968641114982577
35 35 29 0.0 0.0 5.0 0.0 221.0 3.0 0.0 0.63006300630063
35 35 30 0.0 0.0 280.0 0.0 6307.0 23.0 661.0 0.1633986928104575
35 35 31 0.0 0.0 1005.0 0.0 12859.0 28.0 10172.0 0.08823344047393962
35 35 32 0.0 0.0 1931.0 0.0 12114.0 55.0 31105.0 0.08730901153726224
35 35 33 0.0 0.0 2440.0 0.0 12322.0 52.0 37268.0 0.08347245409015024
35 35 34 0.0 0.0 3239.0 0.0 11321.0 66.0 51869.0 0.08448494357612696
35 35 35 0.0 0.0 4421.0 0.0 9925.0 80.0 73449.0 0.08564262555820638
35 35 36 0.0 0.0 5407.0 0.0 8622.0 81.0 90850.0 0.0873253493013972
35 35 37 0.0 0.0 6341.0 0.0 7791.0 95.0 104042.0 0.08679479231246125
35 35 38 0.0 0.0 6181.0 0.0 5201.0 72.0 131484.0 0.10461814377522043
35 35 39 0.0 0.0 7791.0 0.0 6414.0 60.0 121867.0 0.0862546978005052
35 35 40 0.0 0.0 7136.0 0.0 4367.0 44.0 143550.0 0.10364228605270949
35 35 41 0.0 0.0 6496.0 0.0 3736.0 62.0 149806.0 0.11444453527344067
35 35 42 0.0 0.0 6574.0 0.0 4194.0 67.0 144951.0 0.10964053567233142
35 35 43 0.0 0.0 7104.0 0.0 6290.0 67.0 121783.0 0.09086188992731048
35 35 44 0.0 0.0 6010.0 0.0 7283.0 88.0 108567.0 0.09149728775897
35 35 45 0.0 0.0 5053.0 0.0 7225.0 69.0 102706.0 0.0980666853460353
35 35 46 0.0 0.0 4157.0 0.0 10474.0 88.0 66362.0 0.08422572494284682
35 35 47 0.0 0.0 3476.0 0.0 8319.0 72.0 79460.0 0.10144192449822474
35 35 48 0.0 0.0 1875.0 0.0 12704.0 45.0 26908.0 0.08446965126101122
35 35 49 0.0 0.0 669.0 0.0 11251.0 20.0 4647.0 0.10053859964093356
35 35 50 0.0 0.0 194.0 0.0 4045.0 8.0 140.0 0.22471910112359547
35 35 51 0.0 0.0 51.0 0.0 1071.0 12.0 6.0 0.45016077170418
35 35 52 0.0 0.0 0.0 0.0 33.0 1.0 0.0 0.6889763779527558
35 36 27 0.0 0.0 0.0 0.0 1.0 0.0 0.0 0.6996501749125437
35 36 28 0.0 0.0 0.0 0.0 37.0 0.0 0.0 0.6872852233676975
35 36 29 0.0 0.0 23.0 0.0 690.0 11.0 1.0 0.5185185185185184
35 36 30 0.0 0.0 409.0 0.0 8577.0 23.0 1497.0 0.12766733540032826
35 36 31 0.0 0.0 1342.0 0.0 13334.0 42.0 14905.0 0.08392279103225031
35 36 32 0.0 0.0 2029.0 0.0 12307.0 51.0 31067.0 0.08573703227386857
35 36 33 0.0 0.0 3284.0 0.0 9811.0 58.0 64831.0 0.09259871684635226
35 36 34 0.0 0.0 4023.0 0.0 8734.0 78.0 81492.0 0.0948445227288124
35 36 35 0.0 0.0 5225.0 0.0 8726.0 82.0 89065.0 0.08776879192527114
35 36 36 0.0 0.0 6464.0 0.0 8076.0 97.0 101308.0 0.08466376390904692
35 36 37 0.0 0.0 7536.0 0.0 6265.0 87.0 123830.0 0.0885459490228322
35 36 38 0.0 0.0 7773.0 0.0 4405.0 54.0 145107.0 0.09871668311944719
35 36 39 0.0 0.0 7150.0 0.0 2896.0 45.0 159779.0 0.11619221512158684
35 36 40 0.0 0.0 8728.0 0.0 3758.0 54.0 151927.0 0.0967719637796364
35 36 41 0.0 0.0 8422.0 0.0 3265.0 44.0 157497.0 0.10233918128654969
35 36 42 0.0 0.0 7399.0 0.0 3285.0 43.0 156895.0 0.11031439602868172
35 36 43 0.0 0.0 6867.0 0.0 3958.0 47.0 147633.0 0.10901728702694283
35 36 44 0.0 0.0 6922.0 0.0 6193.0 82.0 121660.0 0.09259259259259259
35 36 45 0.0 0.0 5966.0 0.0 7543.0 98.0 104899.0 0.09026434558349451
35 36 46 0.0 0.0 4686.0 0.0 10029.0 89.0 74100.0 0.0837871805613741
35 36 47 0.0 0.0 3335.0 0.0 11111.0 53.0 54144.0 0.08510638297872339
35 36 48 0.0 0.0 1882.0 0.0 12825.0 58.0 25807.0 0.08387251377905583
35 36 49 0.0 0.0 1181.0 0.0 12811.0 37.0 12886.0 0.0875821082264623
35 36 50 0.0 0.0 587.0 0.0 10499.0 17.0 3267.0 0.10700091715071842
35 36 51 0.0 0.0 38.0 0.0 984.0 3.0 8.0 0.46419098143236065
35 36 52 0.0 0.0 6.0 0.0 172.0 0.0 0.0 0.6427915518824608
35 37 27 0.0 0.0 0.0 0.0 3.0 0.0 0.0 0.6989515726410384
35 37 28 0.0 0.0 11.0 0.0 320.0 1.0 0.0 0.6008583690987124
35 37 29 0.0 0.0 37.0 0.0 961.0 7.0 2.0 0.4680708793045803
35 37 30 0.0 0.0 382.0 0.0 8317.0 27.0 1468.0 0.13114754098360654
35 37 31 0.0 0.0 1460.0 0.0 13031.0 30.0 19107.0 0.08486905916585838
35 37 32 0.0 0.0 2200.0 0.0 12012.0 49.0 34819.0 0.08623344625808438
35 37 33 0.0 0.0 2947.0 0.0 12794.0 59.0 38674.0 0.07895775759968415
35 37 34 0.0 0.0 4666.0 0.0 9707.0 68.0 76183.0 0.08539188777066178
35 37 35 0.0 0.0 6211.0 0.0 7910.0 77.0 101972.0 0.0867894116917736
35 37 36 0.0 0.0 7123.0 0.0 5339.0 72.0 133154.0 0.0967719637796364
35 37 37 0.0 0.0 7152.0 0.0 3394.0 63.0 154815.0 0.1115271249900422
35 37 38 0.0 0.0 9308.0 0.0 3491.0 53.0 154856.0 0.09455626097528029
35 37 39 0.0 0.0 8558.0 0.0 2465.0 41.0 165603.0 0.1075681905493661
35 37 40 0.0 0.0 9220.0 0.0 2669.0 30.0 164535.0 0.10070493454179252
35 37 41 0.0 0.0 8483.0 0.0 2370.0 46.0 166338.0 0.108991825613079
35 37 42 0.0 0.0 7968.0 0.0 2899.0 40.0 161756.0 0.10874631039304021
35 37 43 0.0 0.0 9371.0 0.0 5937.0 71.0 130049.0 0.08082207597275141
35 37 44 0.0 0.0 7581.0 0.0 5564.0 92.0 130203.0 0.09261096778461334
35 37 45 0.0 0.0 6628.0 0.0 7234.0 68.0 110080.0 0.08816120906801006
35 37 46 0.0 0.0 4986.0 0.0 7319.0 75.0 102500.0 0.09791579241852007
35 37 47 0.0 0.0 3337.0 0.0 12520.0 66.0 45103.0 0.07842697888073497
35 37 48 0.0 0.0 2857.0 0.0 10848.0 60.0 51863.0 0.08909819894354992
35 37 49 0.0 0.0 1356.0 0.0 13158.0 35.0 16049.0 0.08475602373168664
35 37 50 0.0 0.0 1069.0 0.0 12728.0 33.0 11587.0 0.0886749429946795
35 37 51 0.0 0.0 751.0 0.0 11675.0 38.0 5607.0 0.09714127116291978
35 37 52 0.0 0.0 53.0 0.0 1593.0 4.0 19.0 0.3842986549547076
35 37 53 0.0 0.0 0.0 0.0 3.0 0.0 0.0 0.6989515726410384
35 38 27 0.0 0.0 0.0 0.0 1.0 0.0 0.0 0.6996501749125437
35 38 28 0.0 0.0 1.0 0.0 52.0 1.0 0.0 0.6822612085769979
35 38 29 0.0 0.0 347.0 0.0 7198.0 21.0 830.0 0.1469816272965879
35 38 30 0.0 0.0 561.0 0.0 10277.0 22.0 3122.0 0.10916179337231968
35 38 31 0.0 0.0 1054.0 0.0 13044.0 33.0 9728.0 0.08705384902375325
35 38 32 0.0 0.0 1803.0 0.0 13206.0 44.0 22442.0 0.08231904509907684
35 38 33 0.0 0.0 3352.0 0.0 11282.0 64.0 52325.0 0.08415990381725277
35 38 34 0.0 0.0 5366.0 0.0 9113.0 94.0 86725.0 0.08495661144486923
35 38 35 0.0 0.0 7081.0 0.0 6923.0 67.0 115949.0 0.0873144567793439
35 38 36 0.0 0.0 7771.0 0.0 4173.0 64.0 145713.0 0.10047366154729438
35 38 37 0.0 0.0 8808.0 0.0 3166.0 47.0 157363.0 0.10005002501250625
35 38 38 0.0 0.0 9176.0 0.0 2404.0 30.0 166353.0 0.1030017657445556
35 38 39 0.0 0.0 8870.0 0.0 1862.0 34.0 172625.0 0.1099850734543169
35 38 40 0.0 0.0 7377.0 0.0 1415.0 25.0 178287.0 0.12974976830398516
35 38 41 0.0 0.0 6921.0 0.0 1636.0 22.0 175734.0 0.13243780153249451
35 38 42 0.0 0.0 9627.0 0.0 3287.0 47.0 157114.0 0.09384006970976606
35 38 43 0.0 0.0 8701.0 0.0 4052.0 50.0 148095.0 0.09487023107677711
35 38 44 0.0 0.0 6721.0 0.0 3893.0 58.0 148152.0 0.1111728738187882
35 38 45 0.0 0.0 5906.0 0.0 4757.0 73.0 136821.0 0.11047979797979796
35 38 46 0.0 0.0 5639.0 0.0 8101.0 86.0 97348.0 0.08891146957957576
35 38 47 0.0 0.0 3751.0 0.0 11814.0 95.0 52044.0 0.07980845969672784
35 38 48 0.0 0.0 2816.0 0.0 12338.0 74.0 39879.0 0.08161361781508684
35 38 49 0.0 0.0 1865.0 0.0 12729.0 31.0 26716.0 0.0842713537591043
35 38 50 0.0 0.0 756.0 0.0 11682.0 25.0 6215.0 0.09698649116730168
35 38 51 0.0 0.0 531.0 0.0 10091.0 33.0 2765.0 0.11113757243788203
35 38 52 0.0 0.0 15.0 0.0 311.0 2.0 0.0 0.6024096385542168
35 38 53 0.0 0.0 0.0 0.0 2.0 0.0 0.0 0.6993006993006992
35 39 28 0.0 0.0 0.0 0.0 5.0 0.0 0.0 0.6982543640897755
35 39 29 0.0 0.0 81.0 0.0 1979.0 9.0 25.0 0.34567901234567894
35 39 30 0.0 0.0 822.0 0.0 11984.0 27.0 8060.0 0.09462656302805
35 39 31 0.0 0.0 1145.0 0.0 13162.0 36.0 11177.0 0.08584743684081432
35 39 32 0.0 0.0 3019.0 0.0 9952.0 56.0 61249.0 0.09355787222667736
35 39 33 0.0 0.0 4397.0 0.0 9403.0 60.0 78098.0 0.08856275303643724
35 39 34 0.0 0.0 5455.0 0.0 7051.0 93.0 107651.0 0.09663836543107612
35 39 35 0.0 0.0 6853.0 0.0 5112.0 61.0 134661.0 0.10010010010010008
35 39 36 0.0 0.0 7945.0 0.0 3410.0 60.0 155335.0 0.10490034467256105
35 39 37 0.0 0.0 8377.0 0.0 2295.0 39.0 168051.0 0.11045364891518736
35 39 38 0.0 0.0 6923.0 0.0 1306.0 24.0 178800.0 0.13694610192702728
35 39 39 0.0 0.0 8503.0 0.0 1574.0 22.0 175952.0 0.11584609019445594
35 39 40 0.0 0.0 9045.0 0.0 1641.0 25.0 174437.0 0.11018416496143553
35 39 41 0.0 0.0 7972.0 0.0 1715.0 25.0 175109.0 0.11985275233284819
35 39 42 0.0 0.0 8442.0 0.0 2261.0 42.0 167452.0 0.11022754113849302
35 39 43 0.0 0.0 8375.0 0.0 3370.0 46.0 155704.0 0.10172939979654118
35 39 44 0.0 0.0 7881.0 0.0 4538.0 69.0 142416.0 0.09713453132588634
35 39 45 0.0 0.0 6888.0 0.0 5820.0 83.0 126697.0 0.09518629317378297
35 39 46 0.0 0.0 5423.0 0.0 6278.0 81.0 115740.0 0.10217486498321411
35 39 47 0.0 0.0 4240.0 0.0 8206.0 92.0 89511.0 0.09694619486185167
35 39 48 0.0 0.0 2857.0 0.0 12018.0 57.0 42598.0 0.08288928359976316
35 39 49 0.0 0.0 2079.0 0.0 12343.0 55.0 32070.0 0.08528265107212475
35 39 50 0.0 0.0 906.0 0.0 12235.0 32.0 8142.0 0.0924824943849914
35 39 51 0.0 0.0 571.0 0.0 10261.0 36.0 3533.0 0.10932375449008276
35 39 52 0.0 0.0 40.0 0.0 1256.0 12.0 10.0 0.4263093788063337
35 39 53 0.0 0.0 0.0 0.0 33.0 0.0 0.0 0.6886374815543531
35 40 28 0.0 0.0 0.0 0.0 10.0 0.0 0.0 0.6968641114982577
35 40 29 0.0 0.0 20.0 0.0 732.0 5.0 3.0 0.5096468875136512
35 40 30 0.0 0.0 602.0 0.0 10602.0 23.0 3446.0 0.10609275538041829
35 40 31 0.0 0.0 1296.0 0.0 13336.0 44.0 13953.0 0.08424092905710331
35 40 32 0.0 0.0 2241.0 0.0 13081.0 57.0 29059.0 0.08081274532440544
35 40 33 0.0 0.0 4321.0 0.0 8981.0 81.0 79672.0 0.09152121330979929
35 40 34 0.0 0.0 5989.0 0.0 8833.0 78.0 92996.0 0.08314032899815903
35 40 35 0.0 0.0 8041.0 0.0 6322.0 82.0 124508.0 0.08562167451532016
35 40 36 0.0 0.0 6896.0 0.0 2505.0 47.0 164968.0 0.12275317843051291
35 40 37 0.0 0.0 6878.0 0.0 1567.0 20.0 176483.0 0.13397129186602869
35 40 38 0.0 0.0 6613.0 0.0 1224.0 23.0 181135.0 0.14231981295110296
35 40 39 0.0 0.0 8858.0 0.0 1398.0 20.0 177015.0 0.11410872931779278
35 40 40 0.0 0.0 8570.0 0.0 1467.0 22.0 176721.0 0.11632737847943497
35 40 41 0.0 0.0 8872.0 0.0 1681.0 22.0 173990.0 0.11151824119802452
35 40 42 0.0 0.0 8819.0 0.0 2158.0 38.0 168830.0 0.10784162686797102
35 40 43 0.0 0.0 8876.0 0.0 3341.0 45.0 157233.0 0.09853603603603601
35 40 44 0.0 0.0 7688.0 0.0 3996.0 58.0 148511.0 0.10235414534288638
35 40 45 0.0 0.0 7263.0 0.0 7753.0 74.0 106795.0 0.08216926869350862
35 40 46 0.0 0.0 5220.0 0.0 9854.0 98.0 79507.0 0.08205368655491735
35 40 47 0.0 0.0 3989.0 0.0 10527.0 85.0 63876.0 0.08488964346349745
35 40 48 0.0 0.0 2357.0 0.0 12506.0 54.0 35889.0 0.0830318486448016
35 40 49 0.0 0.0 1586.0 0.0 13018.0 36.0 20351.0 0.08429672447013487
35 40 50 0.0 0.0 1138.0 0.0 12586.0 26.0 13725.0 0.0890302066772655
35 40 51 0.0 0.0 291.0 0.0 5717.0 21.0 384.0 0.17526289434151227
35 40 52 0.0 0.0 52.0 0.0 1321.0 9.0 10.0 0.41617122473246126
35 40 53 0.0 0.0 1.0 0.0 68.0 1.0 0.0 0.6769825918762088
35 40 54 0.0 0.0 0.0 0.0 1.0 0.0 0.0 0.6996501749125437
35 41 28 0.0 0.0 57.0 0.0 1380.0 10.0 10.0 0.40852057192880065
35 41 29 0.0 0.0 8.0 0.0 468.0 2.0 1.0 0.5658852061438965
35 41 30 0.0 0.0 320.0 0.0 6800.0 18.0 670.0 0.15372790161414293
35 41 31 0.0 0.0 945.0 0.0 12498.0 32.0 7690.0 0.09074410163339382
35 41 32 0.0 0.0 2106.0 0.0 13615.0 49.0 25176.0 0.07898448519040902
35 41 33 0.0 0.0 4127.0 0.0 11440.0 75.0 59667.0 0.0797766254487435
35 41 34 0.0 0.0 6065.0 0.0 7270.0 99.0 107961.0 0.09141364675155075
35 41 35 0.0 0.0 8149.0 0.0 5974.0 75.0 125984.0 0.08676251859196826
35 41 36 0.0 0.0 7734.0 0.0 2781.0 41.0 161649.0 0.11172292714069107
35 41 37 0.0 0.0 7377.0 0.0 1796.0 28.0 174029.0 0.12525722465777933
35 41 38 0.0 0.0 7396.0 0.0 1353.0 23.0 178800.0 0.13034168140769015
35 41 39 0.0 0.0 9041.0 0.0 1496.0 24.0 176377.0 0.11166945840312673
35 41 40 0.0 0.0 8391.0 0.0 1435.0 22.0 177210.0 0.1182832037850625
35 41 41 0.0 0.0 9690.0 0.0 2002.0 38.0 170829.0 0.102271897143692
35 41 42 0.0 0.0 8529.0 0.0 1983.0 38.0 170900.0 0.11197312644965207
35 41 43 0.0 0.0 6798.0 0.0 1954.0 40.0 171616.0 0.13037809647979137
35 41 44 0.0 0.0 7339.0 0.0 3519.0 58.0 153225.0 0.10874631039304021
35 41 45 0.0 0.0 6526.0 0.0 5691.0 68.0 125898.0 0.09831460674157302
35 41 46 0.0 0.0 5073.0 0.0 9072.0 71.0 84842.0 0.0866765725606736
35 41 47 0.0 0.0 3498.0 0.0 11332.0 78.0 54765.0 0.08317984671142534
35 41 48 0.0 0.0 2277.0 0.0 12536.0 61.0 32850.0 0.08332341387930008
35 41 49 0.0 0.0 1404.0 0.0 13178.0 34.0 15988.0 0.08437801350048216
35 41 50 0.0 0.0 1334.0 0.0 12952.0 40.0 15933.0 0.08598452278589852
35 41 51 0.0 0.0 1098.0 0.0 12615.0 34.0 11899.0 0.0890925289550719
35 41 52 0.0 0.0 47.0 0.0 968.0 10.0 4.0 0.46604527296937415
35 41 53 0.0 0.0 23.0 0.0 506.0 6.0 0.0 0.5548949663099484
35 41 54 0.0 0.0 0.0 0.0 3.0 0.0 0.0 0.6989515726410384
35 42 28 0.0 0.0 1.0 0.0 22.0 1.0 0.0 0.6927263730826323
35 42 29 0.0 0.0 45.0 0.0 1141.0 6.0 5.0 0.44039005976722234
35 42 30 0.0 0.0 453.0 0.0 9160.0 17.0 2067.0 0.1205857019810508
35 42 31 0.0 0.0 1265.0 0.0 13044.0 42.0 14776.0 0.08585270129392285
35 42 32 0.0 0.0 2725.0 0.0 11196.0 68.0 46881.0 0.08786243253420359
35 42 33 0.0 0.0 4229.0 0.0 8367.0 75.0 85967.0 0.0957985493362529
35 42 34 0.0 0.0 5810.0 0.0 6979.0 77.0 110694.0 0.09462016761286833
35 42 35 0.0 0.0 6746.0 0.0 4371.0 71.0 142628.0 0.10660980810234541
35 42 36 0.0 0.0 7158.0 0.0 2844.0 47.0 160990.0 0.11662779073642118
35 42 37 0.0 0.0 7351.0 0.0 1988.0 37.0 171748.0 0.12335888624548418
35 42 38 0.0 0.0 8956.0 0.0 1845.0 35.0 171883.0 0.10944340212632893
35 42 39 0.0 0.0 9109.0 0.0 1646.0 31.0 174082.0 0.10970067387556807
35 42 40 0.0 0.0 8277.0 0.0 1646.0 21.0 175674.0 0.11738073279114612
35 42 41 0.0 0.0 9388.0 0.0 2043.0 30.0 170464.0 0.10424422933730454
35 42 42 0.0 0.0 9065.0 0.0 2175.0 34.0 168560.0 0.10559662090813092
35 42 43 0.0 0.0 6933.0 0.0 2070.0 35.0 170748.0 0.12738853503184713
35 42 44 0.0 0.0 7002.0 0.0 3246.0 54.0 156955.0 0.11440712592955789
35 42 45 0.0 0.0 6821.0 0.0 6184.0 79.0 122697.0 0.09318423855165069
35 42 46 0.0 0.0 4853.0 0.0 10449.0 90.0 72130.0 0.0809108247124776
35 42 47 0.0 0.0 2792.0 0.0 12545.0 58.0 39166.0 0.08071490343038339
35 42 48 0.0 0.0 2454.0 0.0 11233.0 69.0 43394.0 0.08930280028066592
35 42 49 0.0 0.0 1629.0 0.0 12689.0 53.0 23551.0 0.085831647354546
35 42 50 0.0 0.0 678.0 0.0 11260.0 37.0 4571.0 0.10059639290076884
35 42 51 0.0 0.0 198.0 0.0 4226.0 20.0 186.0 0.2186475089801655
35 42 52 0.0 0.0 99.0 0.0 2597.0 12.0 51.0 0.2988898377455166
35 42 53 0.0 0.0 0.0 0.0 15.0 0.0 0.0 0.6951340615690167
35 42 54 0.0 0.0 0.0 0.0 2.0 0.0 0.0 0.6993006993006992
35 43 28 0.0 0.0 18.0 0.0 347.0 7.0 0.0 0.593975392448027
35 43 29 0.0 0.0 231.0 0.0 5314.0 16.0 372.0 0.18584893136864458
35 43 30 0.0 0.0 971.0 0.0 12456.0 31.0 9570.0 0.09071470226138792
35 43 31 0.0 0.0 1381.0 0.0 12883.0 39.0 17957.0 0.08609556607834695
35 43 32 0.0 0.0 2467.0 0.0 12628.0 43.0 35012.0 0.08183784415736246
35 43 33 0.0 0.0 3926.0 0.0 10307.0 72.0 66579.0 0.08624407072013798
35 43 34 0.0 0.0 5363.0 0.0 8975.0 70.0 87274.0 0.0856898029134533
35 43 35 0.0 0.0 6629.0 0.0 5898.0 68.0 124476.0 0.09633911368015413
35 43 36 0.0 0.0 7658.0 0.0 4294.0 71.0 146437.0 0.10033684512291263
35 43 37 0.0 0.0 7282.0 0.0 2707.0 42.0 164248.0 0.11672502918125728
35 43 38 0.0 0.0 8391.0 0.0 2364.0 34.0 166658.0 0.10965771128691157
35 43 39 0.0 0.0 8196.0 0.0 1875.0 26.0 172504.0 0.11589403973509933
35 43 40 0.0 0.0 8629.0 0.0 1926.0 25.0 171244.0 0.11140288056019734
35 43 41 0.0 0.0 8596.0 0.0 2062.0 41.0 171273.0 0.11073321205410107
35 43 42 0.0 0.0 8962.0 0.0 2451.0 34.0 165919.0 0.10418216996576869
35 43 43 0.0 0.0 6214.0 0.0 2007.0 20.0 170576.0 0.1366920523335286
35 43 44 0.0 0.0 7613.0 0.0 3992.0 66.0 148079.0 0.10297146219476316
35 43 45 0.0 0.0 6534.0 0.0 5991.0 58.0 123028.0 0.09618026930475404
35 43 46 0.0 0.0 4654.0 0.0 10872.0 87.0 67420.0 0.07983576642335766
35 43 47 0.0 0.0 2602.0 0.0 12242.0 59.0 39800.0 0.08312551953449708
35 43 48 0.0 0.0 1613.0 0.0 12871.0 45.0 22167.0 0.08494114791894186
35 43 49 0.0 0.0 1043.0 0.0 12730.0 40.0 11051.0 0.08880431335236282
35 43 50 0.0 0.0 519.0 0.0 9923.0 22.0 2661.0 0.11263073209975863
35 43 51 0.0 0.0 287.0 0.0 6108.0 23.0 492.0 0.16714422158548228
35 43 52 0.0 0.0 0.0 0.0 22.0 0.0 0.0 0.6923837784371908
35 43 53 0.0 0.0 0.0 0.0 19.0 0.0 0.0 0.6934125804853887
35 44 28 0.0 0.0 51.0 0.0 1296.0 15.0 11.0 0.42016806722689065
35 44 29 0.0 0.0 469.0 0.0 8710.0 22.0 1590.0 0.12535816618911172
35 44 30 0.0 0.0 818.0 0.0 11966.0 36.0 5931.0 0.09479956663055253
35 44 31 0.0 0.0 1738.0 0.0 12478.0 42.0 25868.0 0.08632383771118508
35 44 32 0.0 0.0 2752.0 0.0 11334.0 63.0 46395.0 0.08697272783748523
35 44 33 0.0 0.0 4066.0 0.0 7728.0 74.0 91828.0 0.10136113524471473
35 44 34 0.0 0.0 4470.0 0.0 10250.0 102.0 69722.0 0.08385744234800838
35 44 35 0.0 0.0 5692.0 0.0 8086.0 67.0 97658.0 0.08860198721599898
35 44 36 0.0 0.0 7135.0 0.0 5994.0 76.0 124516.0 0.09248860408271123
35 44 37 0.0 0.0 8067.0 0.0 4572.0 59.0 142036.0 0.09557618787547786
35 44 38 0.0 0.0 7551.0 0.0 2831.0 49.0 162132.0 0.11314959993534307
35 44 39 0.0 0.0 6842.0 0.0 2090.0 41.0 169821.0 0.1281581838154522
35 44 40 0.0 0.0 7005.0 0.0 1871.0 30.0 172458.0 0.12860554841080285
35 44 41 0.0 0.0 7234.0 0.0 2159.0 39.0 169933.0 0.12297962052002809
35 44 42 0.0 0.0 6614.0 0.0 2146.0 35.0 169407.0 0.13013571295779883
35 44 43 0.0 0.0 6204.0 0.0 2550.0 33.0 164407.0 0.13001485884101038
35 44 44 0.0 0.0 7404.0 0.0 5164.0 72.0 136612.0 0.09604170954242984
35 44 45 0.0 0.0 6298.0 0.0 7771.0 91.0 103955.0 0.08712969878018421
35 44 46 0.0 0.0 4308.0 0.0 10642.0 90.0 66214.0 0.08272276057669581
35 44 47 0.0 0.0 2402.0 0.0 12915.0 62.0 33147.0 0.08088745088976194
35 44 48 0.0 0.0 1456.0 0.0 13036.0 41.0 18511.0 0.08484848484848484
35 44 49 0.0 0.0 806.0 0.0 11975.0 30.0 6428.0 0.09482525060959089
35 44 50 0.0 0.0 443.0 0.0 9089.0 19.0 2137.0 0.12152777777777775
35 44 51 0.0 0.0 9.0 0.0 207.0 2.0 0.0 0.6323396567299006
35 44 52 0.0 0.0 0.0 0.0 17.0 0.0 0.0 0.694100148735746
35 45 27 0.0 0.0 0.0 0.0 1.0 0.0 0.0 0.6996501749125437
35 45 28 0.0 0.0 1.0 0.0 41.0 0.0 0.0 0.6856023506366307
35 45 29 0.0 0.0 87.0 0.0 2030.0 16.0 30.0 0.3413801511826383
35 45 30 0.0 0.0 1027.0 0.0 12626.0 29.0 10419.0 0.08944543828264757
35 45 31 0.0 0.0 754.0 0.0 11682.0 37.0 5597.0 0.09710758132759935
35 45 32 0.0 0.0 1759.0 0.0 13525.0 54.0 21187.0 0.08099039685294457
35 45 33 0.0 0.0 2148.0 0.0 13193.0 51.0 27758.0 0.0807568066451315
35 45 34 0.0 0.0 3844.0 0.0 10123.0 81.0 67583.0 0.08768633345859951
35 45 35 0.0 0.0 4670.0 0.0 10472.0 88.0 70994.0 0.08171365201657618
35 45 36 0.0 0.0 6215.0 0.0 8448.0 86.0 97556.0 0.08400336013440536
35 45 37 0.0 0.0 6134.0 0.0 4722.0 64.0 138642.0 0.10882238631947143
35 45 38 0.0 0.0 8151.0 0.0 5102.0 71.0 136068.0 0.09171907756813416
35 45 39 0.0 0.0 7254.0 0.0 3559.0 44.0 152313.0 0.10903426791277257
35 45 40 0.0 0.0 8729.0 0.0 4408.0 53.0 144746.0 0.09251916468411313
35 45 41 0.0 0.0 7579.0 0.0 3451.0 52.0 154996.0 0.10737019710100466
35 45 42 0.0 0.0 7356.0 0.0 3864.0 52.0 148864.0 0.10578812150521384
35 45 43 0.0 0.0 7640.0 0.0 5597.0 62.0 131101.0 0.091767173571054
35 45 44 0.0 0.0 5900.0 0.0 4941.0 69.0 133466.0 0.1091362644215778
35 45 45 0.0 0.0 5335.0 0.0 7853.0 87.0 98565.0 0.09217196655474356
35 45 46 0.0 0.0 3595.0 0.0 10915.0 75.0 56517.0 0.08484334282770739
35 45 47 0.0 0.0 1972.0 0.0 12392.0 60.0 29107.0 0.08561643835616438
35 45 48 0.0 0.0 1534.0 0.0 12703.0 44.0 21130.0 0.08624407072013798
35 45 49 0.0 0.0 496.0 0.0 9485.0 21.0 2170.0 0.11693952555963914
35 45 50 0.0 0.0 495.0 0.0 9138.0 19.0 1810.0 0.12051304123267624
35 45 51 0.0 0.0 5.0 0.0 151.0 2.0 0.0 0.649953574744661
35 45 52 0.0 0.0 0.0 0.0 1.0 0.0 0.0 0.6996501749125437
35 46 28 0.0 0.0 0.0 0.0 11.0 0.0 0.0 0.6961710591745399
35 46 29 0.0 0.0 66.0 0.0 1492.0 11.0 6.0 0.39469974626444876
35 46 30 0.0 0.0 502.0 0.0 9347.0 25.0 1919.0 0.11827321111768184
35 46 31 0.0 0.0 1197.0 0.0 12982.0 36.0 13689.0 0.08654797230464886
35 46 32 0.0 0.0 1749.0 0.0 12358.0 45.0 26341.0 0.08686480114165165
35 46 33 0.0 0.0 2144.0 0.0 12208.0 54.0 33723.0 0.08571078731480347
35 46 34 0.0 0.0 2836.0 0.0 10913.0 69.0 50017.0 0.088939711581221
35 46 35 0.0 0.0 3516.0 0.0 11572.0 86.0 54016.0 0.08201523140011716
35 46 36 0.0 0.0 4622.0 0.0 5356.0 68.0 124102.0 0.11696883616008019
35 46 37 0.0 0.0 5454.0 0.0 6145.0 62.0 118097.0 0.10272213662044169
35 46 38 0.0 0.0 6516.0 0.0 6478.0 75.0 117646.0 0.09340182800720527
35 46 39 0.0 0.0 6865.0 0.0 7101.0 85.0 112713.0 0.08766437069505321
35 46 40 0.0 0.0 7678.0 0.0 7227.0 89.0 113532.0 0.08286475288546906
35 46 41 0.0 0.0 6614.0 0.0 4828.0 69.0 136104.0 0.10414342036747748
35 46 42 0.0 0.0 7067.0 0.0 7530.0 83.0 109017.0 0.08429164910590642
35 46 43 0.0 0.0 6315.0 0.0 7564.0 71.0 105805.0 0.08815565770417479
35 46 44 0.0 0.0 5373.0 0.0 7821.0 75.0 99147.0 0.09217196655474356
35 46 45 0.0 0.0 4390.0 0.0 9869.0 70.0 72946.0 0.08595284872298624
35 46 46 0.0 0.0 2381.0 0.0 13343.0 43.0 29828.0 0.07890880396798557
35 46 47 0.0 0.0 1457.0 0.0 12910.0 30.0 19337.0 0.0855222968845449
35 46 48 0.0 0.0 534.0 0.0 9582.0 24.0 1950.0 0.11569291794066605
35 46 49 0.0 0.0 350.0 0.0 8042.0 16.0 1446.0 0.13482280431432972
35 46 50 0.0 0.0 377.0 0.0 7582.0 18.0 1084.0 0.1406893779519646
35 46 51 0.0 0.0 76.0 0.0 1691.0 12.0 14.0 0.37283621837549924
35 46 52 0.0 0.0 0.0 0.0 2.0 0.0 0.0 0.6993006993006992
35 47 28 0.0 0.0 0.0 0.0 10.0 0.0 0.0 0.6965174129353233
35 47 29 0.0 0.0 44.0 0.0 1018.0 7.0 8.0 0.4582651391162029
35 47 30 0.0 0.0 299.0 0.0 7133.0 14.0 910.0 0.1485568760611205
35 47 31 0.0 0.0 564.0 0.0 10427.0 27.0 3243.0 0.1078499345196826
35 47 32 0.0 0.0 570.0 0.0 10630.0 29.0 3686.0 0.10616516266019564
35 47 33 0.0 0.0 1312.0 0.0 13093.0 31.0 14914.0 0.08526706863999026
35 47 34 0.0 0.0 1243.0 0.0 13383.0 37.0 11091.0 0.08425106818318588
35 47 35 0.0 0.0 2866.0 0.0 11450.0 57.0 46850.0 0.08574753475837568
35 47 36 0.0 0.0 3705.0 0.0 11011.0 77.0 58888.0 0.08374708380690314
35 47 37 0.0 0.0 4533.0 0.0 8676.0 84.0 85593.0 0.09210526315789473
35 47 38 0.0 0.0 4777.0 0.0 9767.0 83.0 77035.0 0.08464328899637243
35 47 39 0.0 0.0 4811.0 0.0 9699.0 67.0 78301.0 0.08469961885171516
35 47 40 0.0 0.0 4932.0 0.0 5850.0 55.0 118403.0 0.10946907498631636
35 47 41 0.0 0.0 5231.0 0.0 6483.0 50.0 112502.0 0.1019367991845056
35 47 42 0.0 0.0 5231.0 0.0 8230.0 74.0 92746.0 0.09049188804860707
35 47 43 0.0 0.0 4794.0 0.0 9598.0 82.0 78966.0 0.08536585365853656
35 47 44 0.0 0.0 4267.0 0.0 9863.0 78.0 73449.0 0.08681632146843606
35 47 45 0.0 0.0 3103.0 0.0 11681.0 62.0 48234.0 0.08337303477846593
35 47 46 0.0 0.0 2281.0 0.0 12300.0 46.0 35142.0 0.08435767654856591
35 47 47 0.0 0.0 1292.0 0.0 12980.0 34.0 15066.0 0.08596868283696653
35 47 48 0.0 0.0 840.0 0.0 12137.0 27.0 5897.0 0.09343299519487452
35 47 49 0.0 0.0 476.0 0.0 9292.0 29.0 2015.0 0.11915907736828664
35 47 50 0.0 0.0 246.0 0.0 5419.0 20.0 386.0 0.1829587036069001
35 47 51 0.0 0.0 1.0 0.0 68.0 0.0 0.0 0.6766553890768486
35 47 52 0.0 0.0 0.0 0.0 1.0 0.0 0.0 0.6996501749125437
35 48 28 0.0 0.0 0.0 0.0 9.0 0.0 0.0 0.6968641114982577
35 48 29 0.0 0.0 1.0 0.0 60.0 1.0 0.0 0.6796116504854368
35 48 30 0.0 0.0 142.0 0.0 3467.0 24.0 104.0 0.25053686471009307
35 48 31 0.0 0.0 140.0 0.0 3441.0 19.0 109.0 0.25166277188567315
35 48 32 0.0 0.0 354.0 0.0 7839.0 19.0 1238.0 0.13756509776948017
35 48 33 0.0 0.0 653.0 0.0 11087.0 26.0 4276.0 0.1019739238109112
35 48 34 0.0 0.0 1345.0 0.0 12503.0 41.0 19236.0 0.08836710219024174
35 48 35 0.0 0.0 1355.0 0.0 13302.0 47.0 14526.0 0.08409418548774626
35 48 36 0.0 0.0 2033.0 0.0 13058.0 61.0 27378.0 0.08190966534051017
35 48 37 0.0 0.0 3193.0 0.0 11177.0 67.0 52973.0 0.08549618320610686
35 48 38 0.0 0.0 3125.0 0.0 11326.0 56.0 50398.0 0.0850856934484016
35 48 39 0.0 0.0 3402.0 0.0 11276.0 52.0 53538.0 0.08393285371702637
35 48 40 0.0 0.0 3723.0 0.0 10192.0 63.0 64547.0 0.08792313006343025
35 48 41 0.0 0.0 3637.0 0.0 10522.0 77.0 60645.0 0.08670878236095626
35 48 42 0.0 0.0 3579.0 0.0 10463.0 72.0 61525.0 0.08717852917367207
35 48 43 0.0 0.0 3086.0 0.0 11627.0 71.0 49049.0 0.08372704981759464
35 48 44 0.0 0.0 2428.0 0.0 12979.0 54.0 33454.0 0.08043665613329502
35 48 45 0.0 0.0 2382.0 0.0 11885.0 55.0 38807.0 0.08607439286812173
35 48 46 0.0 0.0 1106.0 0.0 12932.0 33.0 11649.0 0.0873253493013972
35 48 47 0.0 0.0 736.0 0.0 11463.0 29.0 4356.0 0.09866798223976318
35 48 48 0.0 0.0 430.0 0.0 8309.0 22.0 1336.0 0.13057265435553067
35 48 49 0.0 0.0 68.0 0.0 1813.0 13.0 19.0 0.36194415718717676
35 48 50 0.0 0.0 4.0 0.0 266.0 0.0 0.0 0.6167400881057268
35 48 51 0.0 0.0 0.0 0.0 27.0 0.0 0.0 0.6906758756783422
35 48 52 0.0 0.0 0.0 0.0 2.0 0.0 0.0 0.6993006993006992
35 49 29 0.0 0.0 0.0 0.0 5.0 0.0 0.0 0.6982543640897755
35 49 30 0.0 0.0 17.0 0.0 386.0 5.0 1.0 0.5835764902042517
35 49 31 0.0 0.0 6.0 0.0 172.0 3.0 0.0 0.6436781609195401
35 49 32 0.0 0.0 50.0 0.0 1460.0 2.0 12.0 0.3990877993158494
35 49 33 0.0 0.0 132.0 0.0 3454.0 19.0 124.0 0.2514819471887911
35 49 34 0.0 0.0 421.0 0.0 8593.0 14.0 1445.0 0.127238025992911
35 49 35 0.0 0.0 719.0 0.0 11267.0 31.0 4935.0 0.10017889087656529
35 49 36 0.0 0.0 895.0 0.0 12272.0 37.0 8337.0 0.09236656330408391
35 49 37 0.0 0.0 1007.0 0.0 12764.0 39.0 8348.0 0.08885503935008884
35 49 38 0.0 0.0 1684.0 0.0 12829.0 41.0 24182.0 0.08474576271186439
35 49 39 0.0 0.0 2120.0 0.0 12072.0 46.0 33472.0 0.08638242734620842
35 49 40 0.0 0.0 1632.0 0.0 13374.0 51.0 19650.0 0.08231420507996236
35 49 41 0.0 0.0 2209.0 0.0 12618.0 61.0 31615.0 0.08332341387930008
35 49 42 0.0 0.0 2833.0 0.0 10210.0 67.0 56079.0 0.09303561935140882
35 49 43 0.0 0.0 1878.0 0.0 12881.0 56.0 26611.0 0.0835571471202626
35 49 44 0.0 0.0 1834.0 0.0 12134.0 65.0 29746.0 0.08773578993545152
35 49 45 0.0 0.0 1116.0 0.0 12925.0 40.0 11814.0 0.0873743993010048
35 49 46 0.0 0.0 539.0 0.0 9594.0 17.0 2041.0 0.11548296626247628
35 49 47 0.0 0.0 23.0 0.0 1182.0 10.0 17.0 0.43832185347526603
35 49 48 0.0 0.0 159.0 0.0 3334.0 15.0 77.0 0.2554744525547445
35 49 49 0.0 0.0 0.0 0.0 70.0 0.0 0.0 0.6763285024154588
35 49 50 0.0 0.0 0.0 0.0 23.0 0.0 0.0 0.6920415224913494
35 49 51 0.0 0.0 11.0 0.0 285.0 1.0 0.0 0.6100217864923746
35 49 52 0.0 0.0 0.0 0.0 7.0 0.0 0.0 0.6975585450921773
35 50 31 0.0 0.0 0.0 0.0 4.0 0.0 0.0 0.6986027944111775
35 50 32 0.0 0.0 1.0 0.0 11.0 0.0 0.0 0.6958250497017892
35 50 33 0.0 0.0 10.0 0.0 279.0 5.0 0.0 0.6129597197898423
35 50 34 0.0 0.0 110.0 0.0 2194.0 14.0 42.0 0.32641641408253663
35 50 35 0.0 0.0 67.0 0.0 1623.0 8.0 12.0 0.3801248981808308
35 50 36 0.0 0.0 399.0 0.0 8528.0 33.0 1453.0 0.12836970474967907
35 50 37 0.0 0.0 364.0 0.0 7948.0 16.0 1250.0 0.13580366669900085
35 50 38 0.0 0.0 612.0 0.0 10813.0 13.0 4427.0 0.10417441773941512
35 50 39 0.0 0.0 1075.0 0.0 12818.0 42.0 10825.0 0.08811681772406847
35 50 40 0.0 0.0 1498.0 0.0 12123.0 40.0 23867.0 0.08965163934426228
35 50 41 0.0 0.0 1508.0 0.0 12653.0 41.0 21058.0 0.08663902469212202
35 50 42 0.0 0.0 1422.0 0.0 12754.0 41.0 19603.0 0.08656402646385951
35 50 43 0.0 0.0 1150.0 0.0 12907.0 33.0 11904.0 0.08726003490401395
35 50 44 0.0 0.0 609.0 0.0 10480.0 24.0 3419.0 0.10706638115631689
35 50 45 0.0 0.0 716.0 0.0 11667.0 27.0 5056.0 0.0974251913709116
35 50 46 0.0 0.0 199.0 0.0 4314.0 15.0 212.0 0.21538461538461537
35 50 47 0.0 0.0 199.0 0.0 4986.0 17.0 305.0 0.19528525596317473
35 50 48 0.0 0.0 1.0 0.0 45.0 0.0 0.0 0.6842619745845552
35 50 49 0.0 0.0 1.0 0.0 40.0 0.0 0.0 0.6859382655560998
35 50 50 0.0 0.0 0.0 0.0 14.0 0.0 0.0 0.6951340615690167
35 50 51 0.0 0.0 0.0 0.0 5.0 0.0 0.0 0.6986027944111775
35 50 52 0.0 0.0 4.0 0.0 38.0 1.0 0.0 0.6859382655560998
35 51 33 0.0 0.0 0.0 0.0 7.0 0.0 0.0 0.6975585450921773
35 51 34 0.0 0.0 31.0 0.0 808.0 3.0 5.0 0.4936530324400563
35 51 35 0.0 0.0 163.0 0.0 3687.0 25.0 102.0 0.2402608546421829
35 51 36 0.0 0.0 6.0 0.0 295.0 4.0 1.0 0.6094906399651718
35 51 37 0.0 0.0 40.0 0.0 1008.0 9.0 4.0 0.46067785455742016
35 51 38 0.0 0.0 220.0 0.0 5387.0 17.0 365.0 0.1844289289948623
35 51 39 0.0 0.0 204.0 0.0 4970.0 17.0 342.0 0.19558535903883764
35 51 40 0.0 0.0 548.0 0.0 9942.0 27.0 2773.0 0.11230547088079576
35 51 41 0.0 0.0 398.0 0.0 8491.0 28.0 1468.0 0.12881854987118144
35 51 42 0.0 0.0 485.0 0.0 9379.0 24.0 2195.0 0.1181434599156118
35 51 43 0.0 0.0 488.0 0.0 8738.0 27.0 1463.0 0.12496652682317234
35 51 44 0.0 0.0 261.0 0.0 5662.0 19.0 366.0 0.17708069820389577
35 51 45 0.0 0.0 555.0 0.0 10207.0 21.0 3101.0 0.10975227343994981
35 51 46 0.0 0.0 191.0 0.0 4526.0 23.0 213.0 0.2090800477897252
35 51 47 0.0 0.0 31.0 0.0 721.0 12.0 1.0 0.510948905109489
35 51 48 0.0 0.0 0.0 0.0 33.0 0.0 0.0 0.689655172413793
35 51 49 0.0 0.0 0.0 0.0 7.0 0.0 0.0 0.6975585450921773
35 51 50 0.0 0.0 0.0 0.0 2.0 0.0 0.0 0.6993006993006992
35 51 51 0.0 0.0 0.0 0.0 2.0 0.0 0.0 0.6993006993006992
35 52 34 0.0 0.0 0.0 0.0 1.0 0.0 0.0 0.6996501749125437
35 52 35 0.0 0.0 0.0 0.0 3.0 0.0 0.0 0.6989515726410384
35 52 36 0.0 0.0 10.0 0.0 208.0 3.0 0.0 0.6320541760722347
35 52 37 0.0 0.0 0.0 0.0 20.0 0.0 0.0 0.6930693069306929
35 52 38 0.0 0.0 8.0 0.0 192.0 4.0 0.0 0.6378132118451024
35 52 39 0.0 0.0 227.0 0.0 4819.0 19.0 271.0 0.19917484706217095
35 52 40 0.0 0.0 197.0 0.0 4271.0 18.0 165.0 0.21695335502866883
35 52 41 0.0 0.0 36.0 0.0 800.0 7.0 5.0 0.4948745139625308
35 52 42 0.0 0.0 11.0 0.0 355.0 2.0 1.0 0.5924672027084215
35 52 43 0.0 0.0 27.0 0.0 719.0 10.0 6.0 0.5118829981718463
35 52 44 0.0 0.0 4.0 0.0 137.0 0.0 1.0 0.6545114539504441
35 52 45 0.0 0.0 257.0 0.0 5581.0 28.0 383.0 0.17911975435005115
35 52 46 0.0 0.0 1.0 0.0 61.0 1.0 0.0 0.6792819019893255
35 52 47 0.0 0.0 0.0 0.0 12.0 0.0 0.0 0.6958250497017892
35 52 48 0.0 0.0 0.0 0.0 1.0 0.0 0.0 0.6996501749125437
35 53 38 0.0 0.0 0.0 0.0 4.0 0.0 0.0 0.6986027944111775
35 53 39 0.0 0.0 0.0 0.0 6.0 0.0 0.0 0.6979062811565303
35 53 40 0.0 0.0 0.0 0.0 10.0 0.0 0.0 0.6965174129353233
35 53 41 0.0 0.0 0.0 0.0 13.0 0.0 0.0 0.695479384003974
35 53 42 0.0 0.0 0.0 0.0 2.0 0.0 0.0 0.6993006993006992
35 53 43 0.0 0.0 0.0 0.0 3.0 0.0 0.0 0.6989515726410384
35 53 44 0.0 0.0 0.0 0.0 9.0 0.0 0.0 0.6968641114982577
35 53 45 0.0 0.0 3.0 0.0 84.0 3.0 0.0 0.6717850287907868
35 53 46 0.0 0.0 0.0 0.0 2.0 0.0 0.0 0.6993006993006992
35 54 40 0.0 0.0 0.0 0.0 1.0 0.0 0.0 0.6996501749125437
35 54 41 0.0 0.0 0.0 0.0 1.0 0.0 0.0 0.6996501749125437
36 27 35 0.0 0.0 0.0 0.0 3.0 0.0 0.0 0.6989515726410384
36 27 36 0.0 0.0 0.0 0.0 4.0 0.0 0.0 0.6986027944111775
36 27 37 0.0 0.0 0.0 0.0 2.0 0.0 0.0 0.6993006993006992
36 27 38 0.0 0.0 0.0 0.0 3.0 0.0 0.0 0.6989515726410384
36 27 39 0.0 0.0 0.0 0.0 10.0 0.0 0.0 0.6965174129353233
36 27 40 0.0 0.0 0.0 0.0 7.0 0.0 0.0 0.6975585450921773
36 27 42 0.0 0.0 0.0 0.0 4.0 0.0 0.0 0.6986027944111775
36 27 43 0.0 0.0 0.0 0.0 1.0 0.0 0.0 0.6996501749125437
36 27 44 0.0 0.0 0.0 0.0 2.0 0.0 0.0 0.6993006993006992
36 28 31 0.0 0.0 6.0 0.0 81.0 0.0 0.0 0.670819357930043
36 28 33 0.0 0.0 0.0 0.0 1.0 0.0 0.0 0.6996501749125437
36 28 34 0.0 0.0 0.0 0.0 2.0 0.0 0.0 0.6993006993006992
36 28 35 0.0 0.0 3.0 0.0 78.0 1.0 0.0 0.6730769230769229
36 28 36 0.0 0.0 81.0 0.0 1817.0 5.0 20.0 0.35943517329910135
36 28 37 0.0 0.0 36.0 0.0 807.0 4.0 4.0 0.49313138429024295
36 28 38 0.0 0.0 57.0 0.0 1196.0 8.0 6.0 0.43156596794081376
36 28 39 0.0 0.0 46.0 0.0 838.0 11.0 3.0 0.48712595685455806
36 28 40 0.0 0.0 21.0 0.0 561.0 6.0 2.0 0.5434782608695652
36 28 41 0.0 0.0 0.0 0.0 59.0 0.0 0.0 0.6799417192812044
36 28 42 0.0 0.0 2.0 0.0 83.0 0.0 0.0 0.6714628297362109
36 28 43 0.0 0.0 9.0 0.0 222.0 4.0 0.0 0.6286484059272563
36 28 44 0.0 0.0 0.0 0.0 12.0 0.0 0.0 0.6958250497017892
36 28 45 0.0 0.0 0.0 0.0 21.0 0.0 0.0 0.6927263730826323
36 28 46 0.0 0.0 0.0 0.0 1.0 0.0 0.0 0.6996501749125437
36 29 31 0.0 0.0 0.0 0.0 3.0 0.0 0.0 0.6989515726410384
36 29 32 0.0 0.0 0.0 0.0 47.0 0.0 0.0 0.6839276990718123
36 29 33 0.0 0.0 8.0 0.0 226.0 2.0 1.0 0.6272401433691756
36 29 34 0.0 0.0 51.0 0.0 1067.0 17.0 5.0 0.4514672686230247
36 29 35 0.0 0.0 59.0 0.0 1419.0 7.0 11.0 0.40345821325648407
36 29 36 0.0 0.0 497.0 0.0 9324.0 33.0 2094.0 0.11875477139706504
36 29 37 0.0 0.0 297.0 0.0 5954.0 24.0 490.0 0.17004737033888007
36 29 38 0.0 0.0 222.0 0.0 5226.0 12.0 342.0 0.18822264049475662
36 29 39 0.0 0.0 265.0 0.0 5555.0 21.0 379.0 0.1794411689310433
36 29 40 0.0 0.0 218.0 0.0 5473.0 15.0 411.0 0.18231540565177756
36 29 41 0.0 0.0 326.0 0.0 6841.0 27.0 706.0 0.15313935681470134
36 29 42 0.0 0.0 102.0 0.0 2502.0 15.0 33.0 0.3052103771528232
36 29 43 0.0 0.0 184.0 0.0 4236.0 18.0 170.0 0.2186475089801655
36 29 44 0.0 0.0 42.0 0.0 1104.0 9.0 11.0 0.44628626075868655
36 29 45 0.0 0.0 6.0 0.0 261.0 1.0 1.0 0.6181015452538631
36 29 46 0.0 0.0 3.0 0.0 125.0 2.0 0.0 0.6585136406396989
36 29 47 0.0 0.0 0.0 0.0 11.0 0.0 0.0 0.6961710591745399
36 29 48 0.0 0.0 0.0 0.0 23.0 0.0 0.0 0.6920415224913494
36 29 49 0.0 0.0 2.0 0.0 22.0 1.0 0.0 0.6920415224913494
36 30 30 0.0 0.0 0.0 0.0 17.0 0.0 0.0 0.694100148735746
36 30 31 0.0 0.0 27.0 0.0 606.0 11.0 2.0 0.5339435545385202
36 30 32 0.0 0.0 29.0 0.0 788.0 6.0 2.0 0.49839800640797427
36 30 33 0.0 0.0 525.0 0.0 9616.0 32.0 2195.0 0.11552108259757404
36 30 34 0.0 0.0 228.0 0.0 5105.0 18.0 311.0 0.191309100847226
36 30 35 0.0 0.0 454.0 0.0 8627.0 19.0 1607.0 0.12649078424286228
36 30 36 0.0 0.0 278.0 0.0 6171.0 15.0 490.0 0.16601446697497924
36 30 37 0.0 0.0 666.0 0.0 11041.0 30.0 4233.0 0.1022270901788974
36 30 38 0.0 0.0 900.0 0.0 12465.0 29.0 6992.0 0.09120521172638436
36 30 39 0.0 0.0 630.0 0.0 10973.0 27.0 3835.0 0.10299418818509526
36 30 40 0.0 0.0 880.0 0.0 12229.0 38.0 6308.0 0.09274594236502151
36 30 41 0.0 0.0 992.0 0.0 12536.0 39.0 9648.0 0.09017713365539452
36 30 42 0.0 0.0 659.0 0.0 11173.0 25.0 3965.0 0.10123653192566345
36 30 43 0.0 0.0 818.0 0.0 12021.0 26.0 6372.0 0.09438414346389805
36 30 44 0.0 0.0 765.0 0.0 11682.0 30.0 5576.0 0.09694619486185167
36 30 45 0.0 0.0 595.0 0.0 10393.0 37.0 3100.0 0.10797470306956655
36 30 46 0.0 0.0 174.0 0.0 4301.0 16.0 211.0 0.21665119158155363
36 30 47 0.0 0.0 67.0 0.0 1514.0 10.0 12.0 0.3920470456454774
36 30 48 0.0 0.0 9.0 0.0 206.0 1.0 0.0 0.6323396567299006
36 30 49 0.0 0.0 56.0 0.0 1291.0 9.0 3.0 0.4194128220491312
36 31 30 0.0 0.0 4.0 0.0 96.0 0.0 0.0 0.6666666666666665
36 31 31 0.0 0.0 412.0 0.0 8356.0 30.0 1375.0 0.13032954757028484
36 31 32 0.0 0.0 766.0 0.0 11872.0 20.0 6313.0 0.09558271318358706
36 31 33 0.0 0.0 703.0 0.0 11220.0 17.0 4779.0 0.10054582016661877
36 31 34 0.0 0.0 860.0 0.0 12075.0 23.0 8797.0 0.09375837128315026
36 31 35 0.0 0.0 812.0 0.0 11955.0 26.0 6036.0 0.09488952148569878
36 31 36 0.0 0.0 1433.0 0.0 12891.0 35.0 18834.0 0.08574228319451248
36 31 37 0.0 0.0 1742.0 0.0 12735.0 47.0 24215.0 0.08499271491015055
36 31 38 0.0 0.0 1748.0 0.0 13125.0 34.0 23191.0 0.08293347550500563
36 31 39 0.0 0.0 2035.0 0.0 12509.0 51.0 30467.0 0.08463817181548877
36 31 40 0.0 0.0 2313.0 0.0 11952.0 50.0 37853.0 0.08606381016782443
36 31 41 0.0 0.0 2140.0 0.0 11947.0 55.0 35258.0 0.08700515816294822
36 31 42 0.0 0.0 2044.0 0.0 12562.0 53.0 30946.0 0.08421052631578946
36 31 43 0.0 0.0 1592.0 0.0 12544.0 34.0 23337.0 0.08669804310131285
36 31 44 0.0 0.0 1335.0 0.0 12868.0 38.0 16321.0 0.08640908529811134
36 31 45 0.0 0.0 702.0 0.0 11099.0 31.0 3529.0 0.10158177332752864
36 31 46 0.0 0.0 463.0 0.0 9124.0 20.0 1709.0 0.12097122612978484
36 31 47 0.0 0.0 59.0 0.0 1801.0 13.0 34.0 0.3637308391790075
36 31 48 0.0 0.0 148.0 0.0 3515.0 14.0 112.0 0.24774376216598828
36 31 49 0.0 0.0 12.0 0.0 385.0 2.0 0.0 0.5845511482254696
36 31 50 0.0 0.0 0.0 0.0 4.0 0.0 0.0 0.6986027944111775
36 32 28 0.0 0.0 0.0 0.0 1.0 0.0 0.0 0.6996501749125437
36 32 30 0.0 0.0 21.0 0.0 587.0 8.0 1.0 0.5384615384615384
36 32 31 0.0 0.0 188.0 0.0 3966.0 22.0 140.0 0.22819885900570494
36 32 32 0.0 0.0 1109.0 0.0 12597.0 40.0 12276.0 0.08915493854677449
36 32 33 0.0 0.0 1503.0 0.0 12842.0 48.0 20515.0 0.08563738683631024
36 32 34 0.0 0.0 1660.0 0.0 12808.0 46.0 23051.0 0.08502368516944005
36 32 35 0.0 0.0 1825.0 0.0 13273.0 36.0 23741.0 0.08178525528683257
36 32 36 0.0 0.0 1941.0 0.0 13164.0 45.0 25802.0 0.08182349503214494
36 32 37 0.0 0.0 2373.0 0.0 12520.0 63.0 34737.0 0.08284023668639053
36 32 38 0.0 0.0 3255.0 0.0 10567.0 75.0 57475.0 0.08845084660096031
36 32 39 0.0 0.0 2595.0 0.0 13292.0 62.0 32573.0 0.07827788649706457
36 32 40 0.0 0.0 2790.0 0.0 13153.0 69.0 34622.0 0.0780509561242125
36 32 41 0.0 0.0 3006.0 0.0 11493.0 69.0 48516.0 0.08488964346349745
36 32 42 0.0 0.0 2651.0 0.0 12708.0 52.0 36355.0 0.0805662657535823
36 32 43 0.0 0.0 2742.0 0.0 12510.0 62.0 39545.0 0.08113590263691682
36 32 44 0.0 0.0 1951.0 0.0 13501.0 55.0 23266.0 0.08027983255920637
36 32 45 0.0 0.0 1957.0 0.0 12122.0 51.0 31161.0 0.08703761268262356
36 32 46 0.0 0.0 1378.0 0.0 13335.0 38.0 15988.0 0.08377715277362216
36 32 47 0.0 0.0 743.0 0.0 11559.0 27.0 5526.0 0.09791579241852007
36 32 48 0.0 0.0 314.0 0.0 6230.0 32.0 452.0 0.1644736842105263
36 32 49 0.0 0.0 101.0 0.0 2467.0 15.0 36.0 0.30748956731825167
36 32 50 0.0 0.0 8.0 0.0 296.0 1.0 1.0 0.60790273556231
36 32 51 0.0 0.0 0.0 0.0 7.0 0.0 0.0 0.6975585450921773
36 32 52 0.0 0.0 0.0 0.0 4.0 0.0 0.0 0.6986027944111775
36 33 28 0.0 0.0 5.0 0.0 103.0 3.0 0.0 0.6650831353919239
36 33 29 0.0 0.0 18.0 0.0 750.0 3.0 1.0 0.5063291139240506
36 33 30 0.0 0.0 41.0 0.0 779.0 10.0 4.0 0.4982206405693949
36 33 31 0.0 0.0 379.0 0.0 7574.0 13.0 980.0 0.1407459535538353
36 33 32 0.0 0.0 766.0 0.0 11773.0 24.0 5062.0 0.09629935341862704
36 33 33 0.0 0.0 1361.0 0.0 13112.0 32.0 16144.0 0.08495661144486923
36 33 34 0.0 0.0 3009.0 0.0 10575.0 58.0 55159.0 0.08981843844229165
36 33 35 0.0 0.0 3264.0 0.0 11777.0 68.0 49343.0 0.0822126959891949
36 33 36 0.0 0.0 4127.0 0.0 9586.0 74.0 73293.0 0.08904153151434203
36 33 37 0.0 0.0 4369.0 0.0 10520.0 72.0 67187.0 0.08279124778237729
36 33 38 0.0 0.0 4764.0 0.0 9827.0 92.0 75660.0 0.084433990712261
36 33 39 0.0 0.0 4980.0 0.0 8846.0 79.0 86954.0 0.08846761453396523
36 33 40 0.0 0.0 5250.0 0.0 9334.0 82.0 84335.0 0.08445436448090728
36 33 41 0.0 0.0 5450.0 0.0 9419.0 86.0 83687.0 0.0830318486448016
36 33 42 0.0 0.0 4767.0 0.0 10866.0 79.0 68509.0 0.07937407869372944
36 33 43 0.0 0.0 4447.0 0.0 10186.0 71.0 70470.0 0.08418014551139437
36 33 44 0.0 0.0 3982.0 0.0 9757.0 90.0 70546.0 0.08896231810383172
36 33 45 0.0 0.0 2767.0 0.0 13091.0 56.0 35758.0 0.07836990595611285
36 33 46 0.0 0.0 2414.0 0.0 11778.0 59.0 38668.0 0.08645711109738775
36 33 47 0.0 0.0 1467.0 0.0 13557.0 37.0 16032.0 0.08224650452355774
36 33 48 0.0 0.0 956.0 0.0 12540.0 24.0 9057.0 0.09027016571023276
36 33 49 0.0 0.0 364.0 0.0 7959.0 26.0 1240.0 0.13589594253543
36 33 50 0.0 0.0 142.0 0.0 3482.0 9.0 110.0 0.24928774928774922
36 33 51 0.0 0.0 198.0 0.0 4682.0 16.0 257.0 0.20372526193247958
36 33 52 0.0 0.0 0.0 0.0 13.0 0.0 0.0 0.695479384003974
36 34 28 0.0 0.0 4.0 0.0 55.0 1.0 0.0 0.6802721088435373
36 34 29 0.0 0.0 171.0 0.0 3751.0 24.0 118.0 0.23736859952526274
36 34 30 0.0 0.0 755.0 0.0 11689.0 27.0 6251.0 0.09693277020009693
36 34 31 0.0 0.0 896.0 0.0 12343.0 36.0 7245.0 0.09194798371207145
36 34 32 0.0 0.0 1134.0 0.0 13145.0 39.0 10569.0 0.08605323006945724
36 34 33 0.0 0.0 2229.0 0.0 12174.0 67.0 34829.0 0.08534503779565958
36 34 34 0.0 0.0 3738.0 0.0 9636.0 61.0 69802.0 0.0909445238404573
36 34 35 0.0 0.0 4528.0 0.0 9406.0 86.0 78122.0 0.08781834148789361
36 34 36 0.0 0.0 5397.0 0.0 6719.0 63.0 111537.0 0.09909399773499432
36 34 37 0.0 0.0 5788.0 0.0 5766.0 68.0 124394.0 0.10315355142941349
36 34 38 0.0 0.0 6267.0 0.0 5854.0 64.0 124727.0 0.09902390720045268
36 34 39 0.0 0.0 7078.0 0.0 6803.0 97.0 116186.0 0.08815010703941568
36 34 40 0.0 0.0 6710.0 0.0 5087.0 69.0 134442.0 0.10137581462708181
36 34 41 0.0 0.0 7608.0 0.0 7276.0 80.0 113923.0 0.08290891863081841
36 34 42 0.0 0.0 6753.0 0.0 5777.0 78.0 126647.0 0.09638554216867468
36 34 43 0.0 0.0 6527.0 0.0 6796.0 84.0 115119.0 0.09128251939753536
36 34 44 0.0 0.0 5419.0 0.0 5907.0 78.0 120827.0 0.10514457378895982
36 34 45 0.0 0.0 4880.0 0.0 7539.0 90.0 98935.0 0.09726274836737528
36 34 46 0.0 0.0 3855.0 0.0 10697.0 78.0 62805.0 0.08456148828219376
36 34 47 0.0 0.0 1928.0 0.0 13224.0 55.0 24611.0 0.08161361781508684
36 34 48 0.0 0.0 1760.0 0.0 13000.0 42.0 23469.0 0.08347743128018603
36 34 49 0.0 0.0 808.0 0.0 11975.0 30.0 6535.0 0.09475465313028764
36 34 50 0.0 0.0 435.0 0.0 8607.0 25.0 1515.0 0.1269610954928811
36 34 51 0.0 0.0 157.0 0.0 3785.0 22.0 126.0 0.23648648648648643
36 34 52 0.0 0.0 3.0 0.0 111.0 3.0 0.0 0.6631927996210326
36 35 27 0.0 0.0 0.0 0.0 1.0 0.0 0.0 0.6996501749125437
36 35 28 0.0 0.0 0.0 0.0 53.0 0.0 0.0 0.6819288845591815
36 35 29 0.0 0.0 297.0 0.0 5921.0 21.0 433.0 0.1706484641638225
36 35 30 0.0 0.0 440.0 0.0 8710.0 27.0 1678.0 0.12576356449874235
36 35 31 0.0 0.0 1157.0 0.0 12681.0 30.0 14561.0 0.08839499936860713
36 35 32 0.0 0.0 2238.0 0.0 11556.0 43.0 38608.0 0.08855154965211891
36 35 33 0.0 0.0 2538.0 0.0 12762.0 57.0 35620.0 0.08094357076780757
36 35 34 0.0 0.0 3883.0 0.0 11118.0 72.0 58932.0 0.08244508568399976
36 35 35 0.0 0.0 5525.0 0.0 8793.0 68.0 91146.0 0.08564262555820638
36 35 36 0.0 0.0 6154.0 0.0 5425.0 81.0 130456.0 0.10322200103222
36 35 37 0.0 0.0 7449.0 0.0 5432.0 84.0 130634.0 0.09419997308572196
36 35 38 0.0 0.0 8145.0 0.0 4762.0 61.0 141849.0 0.09394712119178633
36 35 39 0.0 0.0 8730.0 0.0 4177.0 64.0 146947.0 0.09386523633925577
36 35 40 0.0 0.0 7354.0 0.0 2900.0 46.0 160594.0 0.11424840868287904
36 35 41 0.0 0.0 8329.0 0.0 3347.0 44.0 156262.0 0.10232422160502849
36 35 42 0.0 0.0 7569.0 0.0 3285.0 47.0 155834.0 0.10883084577114427
36 35 43 0.0 0.0 7767.0 0.0 4437.0 59.0 143946.0 0.09848751319029193
36 35 44 0.0 0.0 6963.0 0.0 5007.0 63.0 135617.0 0.10018605982539
36 35 45 0.0 0.0 5775.0 0.0 5397.0 66.0 128270.0 0.10626185958254268
36 35 46 0.0 0.0 5124.0 0.0 7100.0 73.0 105368.0 0.0983698707138842
36 35 47 0.0 0.0 3636.0 0.0 11033.0 67.0 57380.0 0.08403361344537814
36 35 48 0.0 0.0 2325.0 0.0 11982.0 59.0 37641.0 0.0858948401742438
36 35 49 0.0 0.0 1479.0 0.0 12725.0 42.0 19794.0 0.08634513383495744
36 35 50 0.0 0.0 327.0 0.0 6905.0 17.0 663.0 0.15187676285528312
36 35 51 0.0 0.0 395.0 0.0 8550.0 19.0 1659.0 0.12806439809732895
36 35 52 0.0 0.0 3.0 0.0 76.0 1.0 0.0 0.6737247353224253
36 35 53 0.0 0.0 0.0 0.0 2.0 0.0 0.0 0.6993006993006992
36 36 27 0.0 0.0 0.0 0.0 2.0 0.0 0.0 0.6993006993006992
36 36 28 0.0 0.0 191.0 0.0 4201.0 33.0 174.0 0.22005658597925176
36 36 29 0.0 0.0 395.0 0.0 8362.0 24.0 1355.0 0.1303174159918086
36 36 30 0.0 0.0 843.0 0.0 12280.0 23.0 6902.0 0.0925742246908682
36 36 31 0.0 0.0 1361.0 0.0 12989.0 34.0 16205.0 0.0856478649210816
36 36 32 0.0 0.0 2621.0 0.0 11563.0 70.0 43376.0 0.08656937917388077
36 36 33 0.0 0.0 3969.0 0.0 7612.0 81.0 91816.0 0.10311556308462841
36 36 34 0.0 0.0 5113.0 0.0 8663.0 77.0 88776.0 0.08864686886595327
36 36 35 0.0 0.0 6865.0 0.0 7414.0 84.0 109437.0 0.08595812611285072
36 36 36 0.0 0.0 7244.0 0.0 4646.0 62.0 139488.0 0.10079193664506839
36 36 37 0.0 0.0 9549.0 0.0 4797.0 72.0 141192.0 0.08570029382957883
36 36 38 0.0 1.0 8062.0 0.0 2541.0 38.0 164783.0 0.11104060913705584
36 36 39 0.0 0.0 8330.0 0.0 2006.0 34.0 170977.0 0.11343380327337546
36 36 40 0.0 0.0 8109.0 0.0 1748.0 30.0 173769.0 0.11788480970023577
36 36 41 0.0 0.0 6801.0 0.0 1400.0 27.0 178047.0 0.1372414469169689
36 36 42 0.0 0.0 6918.0 0.0 1876.0 39.0 173779.0 0.12979788614871127
36 36 43 0.0 0.0 8392.0 0.0 2888.0 56.0 161776.0 0.10542962572482865
36 36 44 0.0 0.0 7044.0 0.0 3617.0 53.0 153164.0 0.11053213327017211
36 36 45 0.0 0.0 7567.0 0.0 5986.0 73.0 126183.0 0.090032154340836
36 36 46 0.0 0.0 5735.0 0.0 6543.0 75.0 114051.0 0.0978952520802741
36 36 47 0.0 0.0 4404.0 0.0 10858.0 83.0 65345.0 0.08104665971981011
36 36 48 0.0 0.0 2794.0 0.0 12044.0 69.0 42244.0 0.08317984671142534
36 36 49 0.0 0.0 1448.0 0.0 13647.0 35.0 14091.0 0.0818952910207663
36 36 50 0.0 0.0 342.0 0.0 7229.0 20.0 782.0 0.14655082173139325
36 36 51 0.0 0.0 449.0 0.0 8626.0 23.0 1431.0 0.12658227848101264
36 36 52 0.0 0.0 4.0 0.0 124.0 1.0 0.0 0.6582040432534085
36 36 53 0.0 0.0 0.0 0.0 9.0 0.0 0.0 0.6968641114982577
36 37 27 0.0 0.0 0.0 0.0 2.0 0.0 0.0 0.6993006993006992
36 37 28 0.0 0.0 117.0 0.0 2683.0 19.0 62.0 0.2928257686676427
36 37 29 0.0 0.0 413.0 0.0 7931.0 34.0 1109.0 0.13569836192691673
36 37 30 0.0 0.0 594.0 0.0 10591.0 19.0 3640.0 0.10628606134224111
36 37 31 0.0 0.0 1252.0 0.0 12914.0 33.0 14060.0 0.08647313156269301
36 37 32 0.0 0.0 2438.0 0.0 12177.0 66.0 37489.0 0.08434243026688354
36 37 33 0.0 0.0 3995.0 0.0 11716.0 97.0 56395.0 0.07913628398620766
36 37 34 0.0 0.0 5809.0 0.0 6457.0 80.0 116319.0 0.09820426487093153
36 37 35 0.0 0.0 7410.0 0.0 5191.0 73.0 133978.0 0.09589697924515377
36 37 36 0.0 0.0 7748.0 0.0 3284.0 42.0 156429.0 0.10728791478274197
36 37 37 0.0 0.0 8568.0 0.0 2407.0 26.0 167227.0 0.10770059235325792
36 37 38 0.0 0.0 7463.0 0.0 1474.0 26.0 177416.0 0.12809955165156922
36 37 39 0.0 1.0 8037.0 0.0 1124.0 14.0 180342.0 0.1253357206803939
36 37 40 0.0 0.0 7982.0 0.0 1032.0 10.0 181778.0 0.12685755708590066
36 37 41 0.0 0.0 8925.0 0.0 1162.0 29.0 179139.0 0.11598044901002401
36 37 42 0.0 0.0 7260.0 0.0 1214.0 16.0 179504.0 0.13348588863463004
36 37 43 0.0 0.0 7704.0 0.0 1905.0 33.0 171964.0 0.12061686913069697
36 37 44 0.0 0.0 7701.0 0.0 2855.0 50.0 160303.0 0.11149159831169864
36 37 45 0.0 0.0 7109.0 0.0 4012.0 57.0 147208.0 0.1066747942700396
36 37 46 0.0 0.0 6896.0 0.0 7223.0 78.0 111380.0 0.08673564215352207
36 37 47 0.0 0.0 5273.0 0.0 8294.0 71.0 94247.0 0.08984149393569915
36 37 48 0.0 0.0 3525.0 0.0 10945.0 68.0 57331.0 0.0849772382397572
36 37 49 0.0 0.0 2605.0 0.0 11139.0 52.0 46083.0 0.08881558079045866
36 37 50 0.0 0.0 914.0 0.0 12546.0 34.0 7579.0 0.09060315816722753
36 37 51 0.0 0.0 361.0 0.0 7624.0 22.0 1022.0 0.14046352964783784
36 37 52 0.0 0.0 13.0 0.0 347.0 3.0 0.0 0.5942275042444821
36 37 53 0.0 0.0 0.0 0.0 10.0 0.0 0.0 0.6965174129353233
36 38 27 0.0 0.0 5.0 0.0 58.0 1.0 0.0 0.6789524733268669
36 38 28 0.0 0.0 0.0 0.0 44.0 0.0 0.0 0.684931506849315
36 38 29 0.0 0.0 157.0 0.0 4125.0 15.0 191.0 0.22332110384431325
36 38 30 0.0 0.0 793.0 0.0 11638.0 29.0 5834.0 0.09708064627973094
36 38 31 0.0 0.0 1912.0 0.0 12309.0 49.0 30026.0 0.0862546978005052
36 38 32 0.0 0.0 3029.0 0.0 11088.0 58.0 50417.0 0.08681632146843606
36 38 33 0.0 0.0 4580.0 0.0 11320.0 86.0 63673.0 0.07826475849731664
36 38 34 0.0 0.0 6323.0 0.0 6049.0 80.0 121752.0 0.09745231797299177
36 38 35 0.0 0.0 8003.0 0.0 4587.0 70.0 140896.0 0.09600877794541214
36 38 36 0.0 0.0 7810.0 0.0 2562.0 40.0 164342.0 0.113286939634245
36 38 37 0.0 0.0 7730.0 0.0 1505.0 26.0 176438.0 0.12464387464387464
36 38 38 0.0 0.0 8694.0 0.0 1117.0 17.0 180225.0 0.11835319976329359
36 38 39 0.0 0.0 8813.0 0.0 827.0 20.0 183093.0 0.12036798211675692
36 38 40 0.0 0.0 7297.0 0.0 644.0 13.0 186596.0 0.1408450704225352
36 38 41 0.0 1.0 8681.0 0.0 973.0 17.0 182339.0 0.12008920912677988
36 38 42 0.0 2.0 10087.0 0.0 1574.0 33.0 174706.0 0.10247401551749376
36 38 43 0.0 0.0 9394.0 0.0 2069.0 31.0 169536.0 0.10395782282616765
36 38 44 0.0 0.0 9602.0 0.0 3320.0 55.0 157118.0 0.0938337801608579
36 38 45 0.0 0.0 6696.0 0.0 3128.0 48.0 157547.0 0.11833319246048515
36 38 46 0.0 0.0 7350.0 0.0 6801.0 67.0 116109.0 0.08662830270404058
36 38 47 0.0 0.0 5404.0 0.0 8050.0 78.0 97836.0 0.09061488673139158
36 38 48 0.0 0.0 4052.0 0.0 9696.0 78.0 72880.0 0.08886631966484702
36 38 49 0.0 0.0 1900.0 0.0 12860.0 46.0 26454.0 0.08351727017836902
36 38 50 0.0 0.0 1559.0 0.0 13043.0 37.0 18964.0 0.08431195423065341
36 38 51 0.0 0.0 326.0 0.0 6737.0 18.0 661.0 0.15467904098994584
36 38 52 0.0 0.0 10.0 0.0 354.0 3.0 0.0 0.5929690808979245
36 38 53 0.0 0.0 0.0 0.0 4.0 0.0 0.0 0.6986027944111775
36 39 27 0.0 0.0 0.0 0.0 14.0 0.0 0.0 0.6951340615690167
36 39 28 0.0 0.0 1.0 0.0 37.0 1.0 0.0 0.6872852233676975
36 39 29 0.0 0.0 43.0 0.0 1330.0 6.0 15.0 0.4160475482912332
36 39 30 0.0 0.0 569.0 0.0 10317.0 26.0 3237.0 0.10871253300201893
36 39 31 0.0 0.0 1646.0 0.0 13449.0 43.0 18631.0 0.08186655751125664
36 39 32 0.0 0.0 3056.0 0.0 11962.0 64.0 45466.0 0.08229001351907364
36 39 33 0.0 0.0 5217.0 0.0 8750.0 87.0 89674.0 0.0877302920165434
36 39 34 0.0 0.0 6481.0 0.0 5426.0 60.0 128482.0 0.10041600918089225
36 39 35 0.0 0.0 8496.0 0.0 4636.0 59.0 141717.0 0.09251916468411313
36 39 36 0.0 0.0 7914.0 0.0 1993.0 22.0 171055.0 0.11738073279114612
36 39 37 0.0 0.0 8222.0 0.0 1248.0 23.0 179457.0 0.12212142358688065
36 39 38 0.0 0.0 9083.0 0.0 811.0 15.0 183169.0 0.11765694596184552
36 39 39 0.0 0.0 7089.0 0.0 540.0 10.0 187563.0 0.1454394348639102
36 39 40 0.0 0.0 8415.0 0.0 617.0 9.0 185670.0 0.12674271229404308
36 39 41 0.0 0.0 10053.0 0.0 960.0 16.0 180999.0 0.10758472296933835
36 39 42 0.0 0.0 9776.0 0.0 1313.0 16.0 178255.0 0.10699273977837218
36 39 43 0.0 0.0 9633.0 0.0 2035.0 39.0 170264.0 0.10246651540657248
36 39 44 0.0 0.0 8727.0 0.0 2845.0 49.0 162704.0 0.10315355142941349
36 39 45 0.0 0.0 7978.0 0.0 3937.0 54.0 148814.0 0.10058193835764064
36 39 46 0.0 0.0 7194.0 0.0 6346.0 72.0 120543.0 0.09001478814376646
36 39 47 0.0 0.0 5289.0 0.0 8229.0 78.0 94349.0 0.09020037368726241
36 39 48 0.0 0.0 3912.0 0.0 9736.0 76.0 70706.0 0.08955987717502559
36 39 49 0.0 0.0 2159.0 0.0 12693.0 42.0 31272.0 0.08302692444549875
36 39 50 0.0 0.0 912.0 0.0 12320.0 46.0 8268.0 0.09200236577511992
36 39 51 0.0 0.0 370.0 0.0 7820.0 21.0 1168.0 0.13751104999508887
36 39 52 0.0 0.0 133.0 0.0 3084.0 11.0 69.0 0.2688172043010752
36 39 53 0.0 0.0 5.0 0.0 97.0 0.0 0.0 0.6660323501427211
36 40 27 0.0 0.0 0.0 0.0 3.0 0.0 0.0 0.6989515726410384
36 40 28 0.0 0.0 69.0 0.0 1690.0 9.0 18.0 0.3733333333333333
36 40 29 0.0 0.0 61.0 0.0 1609.0 7.0 16.0 0.38230475150191146
36 40 30 0.0 0.0 584.0 0.0 10552.0 27.0 3050.0 0.1066910531931108
36 40 31 0.0 0.0 1594.0 0.0 13322.0 50.0 19284.0 0.08273742686602446
36 40 32 0.0 0.0 3664.0 0.0 10204.0 76.0 64375.0 0.08821120282275849
36 40 33 0.0 0.0 5119.0 0.0 7020.0 72.0 106111.0 0.09882120420695982
36 40 34 0.0 0.0 7101.0 0.0 5921.0 58.0 125902.0 0.09306035628822121
36 40 35 0.0 0.0 8420.0 0.0 3888.0 65.0 150265.0 0.09803921568627451
36 40 36 0.0 0.0 9106.0 0.0 2112.0 33.0 169415.0 0.10598834128245892
36 40 37 0.0 0.0 7652.0 0.0 963.0 15.0 182969.0 0.1317771084337349
36 40 38 0.0 0.0 6114.0 0.0 508.0 8.0 188827.0 0.16230002318571757
36 40 39 0.0 0.0 7690.0 0.0 482.0 9.0 187767.0 0.13747054202670855
36 40 40 0.0 0.0 9861.0 0.0 651.0 10.0 183868.0 0.11179429849077696
36 40 41 0.0 1.0 8984.0 0.0 779.0 15.0 183476.0 0.11908812521265735
36 40 42 0.0 0.0 9432.0 0.0 1145.0 16.0 180423.0 0.11137629276054095
36 40 43 0.0 0.0 7684.0 0.0 1270.0 24.0 178848.0 0.1279122887163088
36 40 44 0.0 0.0 7996.0 0.0 2316.0 40.0 167353.0 0.11375639879743235
36 40 45 0.0 0.0 8029.0 0.0 4421.0 71.0 143417.0 0.09693277020009693
36 40 46 0.0 0.0 6980.0 0.0 7466.0 84.0 109705.0 0.0851996105160662
36 40 47 0.0 0.0 5053.0 0.0 10069.0 91.0 75619.0 0.08187613310719924
36 40 48 0.0 0.0 3758.0 0.0 9633.0 75.0 70692.0 0.0909268039228421
36 40 49 0.0 0.0 1959.0 0.0 12554.0 57.0 28781.0 0.08483820143012967
36 40 50 0.0 0.0 919.0 0.0 12518.0 25.0 8310.0 0.09074410163339382
36 40 51 0.0 0.0 617.0 0.0 10653.0 36.0 3443.0 0.10566037735849056
36 40 52 0.0 0.0 277.0 0.0 5372.0 31.0 298.0 0.18372703412073488
36 40 53 0.0 0.0 0.0 0.0 11.0 0.0 0.0 0.6961710591745399
36 41 28 0.0 0.0 1.0 0.0 21.0 0.0 0.0 0.6923837784371908
36 41 29 0.0 0.0 428.0 0.0 7820.0 26.0 947.0 0.13691931540342298
36 41 30 0.0 0.0 558.0 0.0 10119.0 31.0 3058.0 0.11058451816745654
36 41 31 0.0 0.0 1735.0 0.0 12593.0 60.0 25896.0 0.08584217303329449
36 41 32 0.0 0.0 3201.0 0.0 11292.0 75.0 51417.0 0.08493084202863381
36 41 33 0.0 0.0 5208.0 0.0 10134.0 93.0 77564.0 0.08076146524372656
36 41 34 0.0 0.0 5459.0 0.0 3819.0 51.0 147075.0 0.12400354295837022
36 41 35 0.0 0.0 8534.0 0.0 3886.0 61.0 149834.0 0.09702682098551527
36 41 36 0.0 0.0 9551.0 0.0 2417.0 36.0 166050.0 0.10026498603451979
36 41 37 0.0 0.0 7544.0 0.0 987.0 12.0 182663.0 0.13272658323852862
36 41 38 0.0 0.0 6548.0 0.0 554.0 15.0 187712.0 0.15391380826737025
36 41 39 0.0 0.0 9854.0 0.0 722.0 13.0 183333.0 0.11132315521628497
36 41 40 0.0 0.0 7668.0 0.0 575.0 7.0 186981.0 0.13667870740993848
36 41 41 0.0 0.0 8297.0 0.0 733.0 9.0 184847.0 0.12681159420289853
36 41 42 0.0 0.0 8040.0 0.0 850.0 18.0 183468.0 0.128428584533529
36 41 43 0.0 0.0 8688.0 0.0 1340.0 15.0 177136.0 0.11616329239960171
36 41 44 0.0 0.0 9883.0 0.0 3094.0 54.0 158984.0 0.09349539201282221
36 41 45 0.0 0.0 8108.0 0.0 5092.0 58.0 137497.0 0.09201445941505092
36 41 46 0.0 0.0 6655.0 0.0 8203.0 106.0 99907.0 0.08320950965824664
36 41 47 0.0 0.0 4674.0 0.0 8800.0 78.0 85297.0 0.09042175289026673
36 41 48 0.0 0.0 3427.0 0.0 10141.0 73.0 62366.0 0.08995116936520174
36 41 49 0.0 0.0 2154.0 0.0 11970.0 56.0 35349.0 0.08683786130753007
36 41 50 0.0 0.0 1084.0 0.0 12907.0 32.0 11320.0 0.0874945315917755
36 41 51 0.0 0.0 198.0 0.0 5369.0 15.0 409.0 0.18530774321641294
36 41 52 0.0 0.0 71.0 0.0 2460.0 9.0 58.0 0.30946065428824043
36 41 53 0.0 0.0 2.0 0.0 28.0 1.0 0.0 0.6899950714637751
36 42 27 0.0 0.0 0.0 0.0 1.0 0.0 0.0 0.6996501749125437
36 42 28 0.0 0.0 44.0 0.0 1142.0 9.0 7.0 0.44080604534005036
36 42 29 0.0 0.0 105.0 0.0 2723.0 17.0 59.0 0.2909997921430056
36 42 30 0.0 0.0 835.0 0.0 12081.0 25.0 6782.0 0.09391561011605286
36 42 31 0.0 0.0 2179.0 0.0 12708.0 57.0 31798.0 0.08287946957139473
36 42 32 0.0 0.0 3217.0 0.0 11573.0 63.0 49942.0 0.08338296605122095
36 42 33 0.0 0.0 4911.0 0.0 10243.0 87.0 73936.0 0.0816564596092155
36 42 34 0.0 0.0 7014.0 0.0 6317.0 72.0 119971.0 0.09135995823544765
36 42 35 0.0 0.0 7771.0 0.0 3609.0 58.0 152788.0 0.10464942442816563
36 42 36 0.0 0.0 9286.0 0.0 2583.0 41.0 164751.0 0.1009809578765147
36 42 37 0.0 0.0 9839.0 0.0 1607.0 30.0 174622.0 0.10418216996576869
36 42 38 0.0 0.0 7560.0 0.0 774.0 12.0 184404.0 0.13552758954501448
36 42 39 0.0 1.0 9517.0 0.0 776.0 15.0 182728.0 0.11386742578283854
36 42 40 0.0 1.0 8552.0 0.0 691.0 9.0 184625.0 0.12443338369922673
36 42 41 0.0 0.0 8833.0 0.0 844.0 10.0 183389.0 0.11998628728145352
36 42 42 0.0 0.0 8323.0 0.0 936.0 11.0 182157.0 0.12420156139105748
36 42 43 0.0 0.0 6726.0 0.0 1207.0 25.0 180694.0 0.14098690835850955
36 42 44 0.0 0.0 8795.0 0.0 2894.0 40.0 161334.0 0.102271897143692
36 42 45 0.0 0.0 8100.0 0.0 5403.0 73.0 132429.0 0.09034589571502322
36 42 46 0.0 0.0 5945.0 0.0 8065.0 63.0 99017.0 0.08743442418186359
36 42 47 0.0 0.0 4112.0 0.0 10826.0 74.0 63075.0 0.08262999468807176
36 42 48 0.0 0.0 2979.0 0.0 11416.0 70.0 48455.0 0.08535544445799291
36 42 49 0.0 0.0 1739.0 0.0 12995.0 37.0 23251.0 0.0835820895522388
36 42 50 0.0 0.0 711.0 0.0 11493.0 23.0 5879.0 0.09851523467736259
36 42 51 0.0 0.0 166.0 0.0 3921.0 15.0 161.0 0.23037683067302941
36 42 52 0.0 0.0 301.0 0.0 6019.0 17.0 432.0 0.1684717208182912
36 42 53 0.0 0.0 0.0 0.0 5.0 0.0 0.0 0.6982543640897755
36 43 28 0.0 0.0 4.0 0.0 122.0 2.0 0.0 0.6591337099811675
36 43 29 0.0 0.0 414.0 0.0 8398.0 18.0 1401.0 0.12960562858729863
36 43 30 0.0 0.0 851.0 0.0 12235.0 36.0 7793.0 0.09291213166976374
36 43 31 0.0 0.0 1949.0 0.0 12794.0 45.0 27650.0 0.08357709987463434
36 43 32 0.0 0.0 3166.0 0.0 11663.0 59.0 49019.0 0.08315020490586209
36 43 33 0.0 0.0 4778.0 0.0 9417.0 80.0 80522.0 0.08643575970858801
36 43 34 0.0 0.0 5600.0 0.0 4777.0 73.0 134736.0 0.11303996770286637
36 43 35 0.0 0.0 7269.0 0.0 4453.0 70.0 142919.0 0.10201107548819585
36 43 36 0.0 0.0 7471.0 0.0 2695.0 47.0 163696.0 0.11510318178081065
36 43 37 0.0 0.0 8473.0 0.0 1816.0 26.0 172774.0 0.11397866970609785
36 43 38 0.0 1.0 7418.0 0.0 1133.0 18.0 181197.0 0.13272658323852862
36 43 39 0.0 0.0 8783.0 0.0 1004.0 18.0 181522.0 0.11881524229822624
36 43 40 0.0 0.0 8327.0 0.0 923.0 18.0 182795.0 0.12452192475317973
36 43 41 0.0 0.0 8906.0 0.0 1001.0 13.0 181381.0 0.11752854264607117
36 43 42 0.0 0.0 7994.0 0.0 1082.0 18.0 180848.0 0.1265136454003253
36 43 43 0.0 0.0 7829.0 0.0 1715.0 24.0 174942.0 0.12127512127512126
36 43 44 0.0 0.0 8256.0 0.0 3123.0 46.0 158740.0 0.10468072379243308
36 43 45 0.0 0.0 7876.0 0.0 6214.0 73.0 123621.0 0.08696732513355694
36 43 46 0.0 0.0 5776.0 0.0 7906.0 87.0 98724.0 0.08935980085530094
36 43 47 0.0 0.0 3429.0 0.0 12269.0 76.0 48182.0 0.0790960451977401
36 43 48 0.0 0.0 2128.0 0.0 12347.0 42.0 32436.0 0.08491538788136106
36 43 49 0.0 0.0 1444.0 0.0 13156.0 39.0 17021.0 0.08430687703239792
36 43 50 0.0 0.0 557.0 0.0 10394.0 27.0 3206.0 0.10820001545714505
36 43 51 0.0 0.0 195.0 0.0 4538.0 17.0 207.0 0.20839535576064305
36 43 52 0.0 0.0 1.0 0.0 61.0 0.0 0.0 0.6789524733268669
36 43 53 0.0 0.0 0.0 0.0 6.0 0.0 0.0 0.6979062811565303
36 44 27 0.0 0.0 0.0 0.0 1.0 0.0 0.0 0.6996501749125437
36 44 28 0.0 0.0 40.0 0.0 782.0 10.0 1.0 0.4978662873399715
36 44 29 0.0 0.0 308.0 0.0 6586.0 25.0 648.0 0.15774647887323942
36 44 30 0.0 0.0 933.0 0.0 12429.0 35.0 9518.0 0.09120521172638436
36 44 31 0.0 0.0 1782.0 0.0 12833.0 54.0 24321.0 0.08431703204047217
36 44 32 0.0 0.0 2812.0 0.0 12234.0 68.0 41679.0 0.08210180623973726
36 44 33 0.0 0.0 4269.0 0.0 10115.0 61.0 70033.0 0.08534503779565958
36 44 34 0.0 0.0 5557.0 0.0 7155.0 81.0 107360.0 0.09521866285792015
36 44 35 0.0 0.0 7132.0 0.0 6363.0 68.0 121134.0 0.09022362570084422
36 44 36 0.0 0.0 8127.0 0.0 4201.0 68.0 145916.0 0.09773123909249562
36 44 37 0.0 0.0 8311.0 0.0 2746.0 44.0 162276.0 0.10714012397642916
36 44 38 0.0 0.0 7478.0 0.0 1705.0 32.0 174861.0 0.12527964205816552
36 44 39 0.0 0.0 7289.0 0.0 1333.0 24.0 179471.0 0.13173990778206454
36 44 40 0.0 0.0 9161.0 0.0 1594.0 22.0 176110.0 0.10974367014188287
36 44 41 0.0 2.0 7080.0 1.0 1174.0 14.0 180744.0 0.1362928348909657
36 44 42 0.0 0.0 6948.0 0.0 1443.0 26.0 178093.0 0.13478386444594204
36 44 43 0.0 0.0 8210.0 0.0 2408.0 31.0 166511.0 0.11086474501108647
36 44 44 0.0 0.0 6849.0 0.0 3290.0 53.0 156134.0 0.11519789352423268
36 44 45 0.0 0.0 6649.0 0.0 5903.0 73.0 124764.0 0.09616705591427394
36 44 46 0.0 0.0 5124.0 0.0 7721.0 79.0 97981.0 0.0943078477601886
36 44 47 0.0 0.0 3339.0 0.0 10502.0 70.0 59213.0 0.08838383838383837
36 44 48 0.0 0.0 2109.0 0.0 11541.0 55.0 37042.0 0.08942829766847651
36 44 49 0.0 0.0 1036.0 0.0 12829.0 33.0 10405.0 0.0882556893399735
36 44 50 0.0 0.0 221.0 0.0 5208.0 12.0 310.0 0.18860299070456688
36 44 51 0.0 0.0 182.0 0.0 4165.0 8.0 185.0 0.2207853650843715
36 44 52 0.0 0.0 29.0 0.0 602.0 6.0 1.0 0.5333333333333332
36 45 28 0.0 0.0 5.0 0.0 265.0 1.0 0.0 0.6170118995152049
36 45 29 0.0 0.0 138.0 0.0 4086.0 12.0 169.0 0.22537025112685125
36 45 30 0.0 0.0 1016.0 0.0 12350.0 21.0 12705.0 0.09103322712790167
36 45 31 0.0 0.0 1328.0 0.0 13424.0 31.0 14819.0 0.0835421888053467
36 45 32 0.0 0.0 3147.0 0.0 10164.0 60.0 59425.0 0.09134803601722562
36 45 33 0.0 0.0 4105.0 0.0 8700.0 83.0 81273.0 0.09467775748968688
36 45 34 0.0 0.0 4733.0 0.0 10259.0 86.0 73460.0 0.08236747661352002
36 45 35 0.0 0.0 5947.0 0.0 7385.0 94.0 105556.0 0.09143155694879831
36 45 36 0.0 0.0 7587.0 0.0 6897.0 78.0 116916.0 0.08495661144486923
36 45 37 0.0 0.0 6165.0 0.0 3116.0 45.0 157206.0 0.12400354295837022
36 45 38 0.0 0.0 8471.0 0.0 3402.0 45.0 154729.0 0.10077742585660811
36 45 39 0.0 0.0 8191.0 0.0 2778.0 40.0 162320.0 0.10798303123794831
36 45 40 0.0 0.0 7829.0 0.0 2396.0 49.0 166544.0 0.11460379829731498
36 45 41 0.0 0.0 8421.0 0.0 2434.0 43.0 165504.0 0.10889856876166769
36 45 42 0.0 0.0 8117.0 0.0 2795.0 51.0 162849.0 0.1084850833010461
36 45 43 0.0 0.0 7472.0 0.0 3446.0 40.0 155193.0 0.10825858335910918
36 45 44 0.0 0.0 7188.0 0.0 5226.0 83.0 134249.0 0.0973100715924098
36 45 45 0.0 0.0 5889.0 0.0 8656.0 74.0 93324.0 0.08444417636769407
36 45 46 0.0 0.0 3939.0 0.0 10811.0 62.0 62114.0 0.08347743128018603
36 45 47 0.0 0.0 2479.0 0.0 11954.0 55.0 39028.0 0.08517369349638011
36 45 48 0.0 0.0 1454.0 0.0 13842.0 45.0 14790.0 0.0809482509395779
36 45 49 0.0 0.0 936.0 0.0 12587.0 30.0 8562.0 0.09018294254058232
36 45 50 0.0 0.0 594.0 0.0 10392.0 25.0 3022.0 0.10788317793018415
36 45 51 0.0 0.0 58.0 0.0 1838.0 4.0 39.0 0.3597122302158273
36 45 52 0.0 0.0 0.0 0.0 8.0 0.0 0.0 0.697211155378486
36 46 28 0.0 0.0 14.0 0.0 353.0 4.0 1.0 0.5924672027084215
36 46 29 0.0 0.0 105.0 0.0 2704.0 10.0 57.0 0.29166666666666663
36 46 30 0.0 0.0 949.0 0.0 12482.0 28.0 8995.0 0.09072645972393234
36 46 31 0.0 0.0 1345.0 0.0 13270.0 46.0 14402.0 0.08434243026688354
36 46 32 0.0 0.0 2201.0 0.0 12364.0 53.0 32996.0 0.08450534194483007
36 46 33 0.0 0.0 2358.0 0.0 12296.0 45.0 36393.0 0.08402352658744447
36 46 34 0.0 0.0 3381.0 0.0 11383.0 85.0 53127.0 0.08357709987463434
36 46 35 0.0 0.0 4589.0 0.0 9018.0 74.0 81756.0 0.08965738072366312
36 46 36 0.0 0.0 5822.0 0.0 8041.0 86.0 100639.0 0.08832250331209386
36 46 37 0.0 0.0 6517.0 0.0 6604.0 76.0 116858.0 0.09243364584708834
36 46 38 0.0 0.0 7356.0 0.0 6030.0 63.0 126513.0 0.0909208988180283
36 46 39 0.0 0.0 7926.0 0.0 5744.0 83.0 129851.0 0.08927432725417675
36 46 40 0.0 0.0 7836.0 0.0 4159.0 62.0 145647.0 0.10000714336738338
36 46 41 0.0 0.0 6128.0 0.0 3091.0 49.0 157760.0 0.12475494564248794
36 46 42 0.0 0.0 7936.0 0.0 4995.0 66.0 136319.0 0.09371443871745096
36 46 43 0.0 0.0 7157.0 0.0 5730.0 68.0 127933.0 0.09399758291929634
36 46 44 0.0 0.0 5921.0 0.0 6072.0 70.0 120698.0 0.10005717552887364
36 46 45 0.0 0.0 4789.0 0.0 8442.0 71.0 90193.0 0.0918936659008861
36 46 46 0.0 0.0 3067.0 0.0 11886.0 79.0 46345.0 0.0826934435912581
36 46 47 0.0 0.0 1305.0 0.0 13029.0 31.0 15205.0 0.08568455841850785
36 46 48 0.0 0.0 846.0 0.0 12199.0 31.0 6285.0 0.09312225621923638
36 46 49 0.0 0.0 1496.0 0.0 12265.0 40.0 21872.0 0.08880431335236282
36 46 50 0.0 0.0 518.0 0.0 10027.0 29.0 2726.0 0.11174968071519795
36 46 51 0.0 0.0 15.0 0.0 522.0 4.0 2.0 0.5529225908372827
36 47 28 0.0 0.0 0.0 0.0 18.0 0.0 0.0 0.6937561942517343
36 47 29 0.0 0.0 325.0 0.0 6620.0 17.0 634.0 0.15672226575618492
36 47 30 0.0 0.0 472.0 0.0 9352.0 19.0 2236.0 0.11846336097478422
36 47 31 0.0 0.0 1020.0 0.0 12744.0 41.0 9630.0 0.08887760284408329
36 47 32 0.0 0.0 1252.0 0.0 13215.0 25.0 13193.0 0.08498239650358139
36 47 33 0.0 0.0 1257.0 0.0 13155.0 38.0 13300.0 0.08536585365853656
36 47 34 0.0 0.0 2325.0 0.0 12116.0 48.0 36262.0 0.08513225904530251
36 47 35 0.0 0.0 3375.0 0.0 10506.0 55.0 58459.0 0.08806693086745926
36 47 36 0.0 0.0 4366.0 0.0 9518.0 60.0 75833.0 0.08801156723455082
36 47 37 0.0 0.0 4762.0 0.0 9397.0 84.0 79426.0 0.0866497493346537
36 47 38 0.0 0.0 5350.0 0.0 7323.0 84.0 104222.0 0.0954653937947494
36 47 39 0.0 0.0 5915.0 0.0 7387.0 87.0 106411.0 0.09157509157509157
36 47 40 0.0 0.0 6601.0 0.0 7280.0 74.0 109222.0 0.08810018249323516
36 47 41 0.0 0.0 5914.0 0.0 5243.0 87.0 130767.0 0.10660169039823346
36 47 42 0.0 0.0 6355.0 0.0 7402.0 88.0 107749.0 0.08902454533892916
36 47 43 0.0 0.0 5643.0 0.0 7337.0 73.0 105980.0 0.09330845107971207
36 47 44 0.0 0.0 4703.0 0.0 10470.0 72.0 71410.0 0.08155656530350691
36 47 45 0.0 0.0 3914.0 0.0 9215.0 68.0 73639.0 0.09236656330408391
36 47 46 0.0 0.0 1937.0 0.0 13288.0 49.0 24946.0 0.08130081300813008
36 47 47 0.0 0.0 1367.0 0.0 13691.0 38.0 13703.0 0.08206330597889801
36 47 48 0.0 0.0 830.0 0.0 11953.0 27.0 6053.0 0.09476106673886556
36 47 49 0.0 0.0 711.0 0.0 11369.0 29.0 4908.0 0.09952370796900546
36 47 50 0.0 0.0 683.0 0.0 11169.0 28.0 4079.0 0.10111953773925604
36 47 51 0.0 0.0 0.0 0.0 133.0 0.0 0.0 0.6566604127579737
36 47 52 0.0 0.0 7.0 0.0 116.0 0.0 0.0 0.6594441827602449
36 48 28 0.0 0.0 0.0 0.0 8.0 0.0 0.0 0.697211155378486
36 48 29 0.0 0.0 4.0 0.0 352.0 2.0 2.0 0.5949851253718657
36 48 30 0.0 0.0 258.0 0.0 6051.0 17.0 545.0 0.16869502349680682
36 48 31 0.0 0.0 569.0 0.0 9885.0 31.0 2566.0 0.11257639112254743
36 48 32 0.0 0.0 369.0 0.0 7777.0 14.0 1265.0 0.13809429867824027
36 48 33 0.0 0.0 873.0 0.0 12199.0 28.0 8153.0 0.09295531505212136
36 48 34 0.0 0.0 878.0 0.0 12153.0 43.0 6546.0 0.09329601492736238
36 48 35 0.0 0.0 1417.0 0.0 13409.0 44.0 14986.0 0.0832738520104687
36 48 36 0.0 0.0 2789.0 0.0 10603.0 66.0 51943.0 0.09101547263034715
36 48 37 0.0 0.0 2619.0 0.0 12859.0 50.0 34773.0 0.08003658815458493
36 48 38 0.0 0.0 3586.0 0.0 11201.0 74.0 55793.0 0.08333829394606822
36 48 39 0.0 0.0 4055.0 0.0 10213.0 88.0 67108.0 0.08616975441619991
36 48 40 0.0 0.0 4407.0 0.0 9722.0 76.0 75106.0 0.08676789587852494
36 48 41 0.0 0.0 4460.0 0.0 10691.0 87.0 67224.0 0.0816564596092155
36 48 42 0.0 0.0 4604.0 0.0 9422.0 83.0 79233.0 0.08728179551122194
36 48 43 0.0 0.0 4278.0 0.0 7841.0 81.0 90791.0 0.0992063492063492
36 48 44 0.0 0.0 3742.0 0.0 9117.0 62.0 74594.0 0.09408602150537633
36 48 45 0.0 0.0 2301.0 0.0 12324.0 42.0 34487.0 0.08406388855530202
36 48 46 0.0 0.0 1323.0 0.0 12807.0 35.0 15688.0 0.08677865245149692
36 48 47 0.0 0.0 726.0 0.0 11686.0 33.0 5540.0 0.09727626459143968
36 48 48 0.0 0.0 540.0 0.0 10035.0 18.0 2818.0 0.11138515395019492
36 48 49 0.0 0.0 163.0 0.0 4001.0 13.0 180.0 0.22756827048114434
36 48 50 0.0 0.0 4.0 0.0 268.0 3.0 0.0 0.6170118995152049
36 48 51 0.0 0.0 174.0 0.0 4213.0 20.0 191.0 0.21988377571854872
36 48 52 0.0 0.0 0.0 0.0 4.0 0.0 0.0 0.6986027944111775
36 49 29 0.0 0.0 10.0 0.0 298.0 3.0 0.0 0.6073752711496745
36 49 30 0.0 0.0 3.0 0.0 97.0 1.0 0.0 0.6669842782277274
36 49 31 0.0 0.0 25.0 0.0 723.0 5.0 7.0 0.5103900838497994
36 49 32 0.0 0.0 65.0 0.0 1615.0 8.0 13.0 0.38126361655773416
36 49 33 0.0 0.0 276.0 0.0 6233.0 20.0 586.0 0.16480282519128894
36 49 34 0.0 0.0 778.0 0.0 11808.0 19.0 6401.0 0.09596271163205153
36 49 35 0.0 0.0 1243.0 0.0 12869.0 49.0 14837.0 0.08692412765429032
36 49 36 0.0 0.0 1101.0 0.0 13134.0 31.0 10393.0 0.08619628124615193
36 49 37 0.0 0.0 1460.0 0.0 13149.0 48.0 18347.0 0.08433226914041321
36 49 38 0.0 0.0 2059.0 0.0 11986.0 52.0 32938.0 0.08727091385114075
36 49 39 0.0 0.0 2039.0 0.0 12970.0 49.0 28236.0 0.08223201174743024
36 49 40 0.0 0.0 1730.0 0.0 13520.0 44.0 20320.0 0.08116883116883115
36 49 41 0.0 0.0 2896.0 0.0 10535.0 64.0 53384.0 0.09066770286898516
36 49 42 0.0 0.0 2757.0 0.0 11596.0 62.0 44623.0 0.08567407135426228
36 49 43 0.0 0.0 2521.0 0.0 12294.0 55.0 37495.0 0.08321445553970516
36 49 44 0.0 0.0 1778.0 0.0 13243.0 43.0 22149.0 0.0822126959891949
36 49 45 0.0 0.0 2276.0 0.0 11976.0 52.0 35533.0 0.08605851979345955
36 49 46 0.0 0.0 902.0 0.0 12323.0 35.0 6602.0 0.09191779922526425
36 49 47 0.0 0.0 551.0 0.0 10173.0 14.0 2883.0 0.1100282929896259
36 49 48 0.0 0.0 211.0 0.0 5566.0 21.0 404.0 0.18050541516245483
36 49 49 0.0 0.0 277.0 0.0 6340.0 16.0 558.0 0.1627150162715016
36 49 50 0.0 0.0 268.0 0.0 6180.0 26.0 554.0 0.16615238547353428
36 49 51 0.0 0.0 107.0 0.0 2086.0 12.0 22.0 0.33484812245874185
36 49 52 0.0 0.0 0.0 0.0 1.0 0.0 0.0 0.6996501749125437
36 50 30 0.0 0.0 0.0 0.0 3.0 0.0 0.0 0.6989515726410384
36 50 31 0.0 0.0 0.0 0.0 6.0 0.0 0.0 0.6979062811565303
36 50 32 0.0 0.0 5.0 0.0 102.0 1.0 0.0 0.664767331433998
36 50 33 0.0 0.0 241.0 0.0 4751.0 31.0 228.0 0.20097616996841797
36 50 34 0.0 0.0 295.0 0.0 6132.0 21.0 534.0 0.16650808753568028
36 50 35 0.0 0.0 731.0 0.0 11405.0 26.0 4294.0 0.09912908022374847
36 50 36 0.0 0.0 373.0 0.0 7587.0 20.0 978.0 0.1406893779519646
36 50 37 0.0 0.0 781.0 0.0 11651.0 32.0 5117.0 0.09710758132759935
36 50 38 0.0 0.0 1031.0 0.0 12770.0 24.0 9704.0 0.08852915138484886
36 50 39 0.0 0.0 730.0 0.0 11454.0 23.0 4830.0 0.09869580542826928
36 50 40 0.0 0.0 962.0 0.0 12620.0 41.0 7565.0 0.0899165061014772
36 50 41 0.0 0.0 1143.0 0.0 13314.0 39.0 11112.0 0.08513743614692287
36 50 42 0.0 0.0 1428.0 0.0 13294.0 36.0 16627.0 0.08367700675392982
36 50 43 0.0 0.0 1098.0 0.0 12599.0 31.0 13325.0 0.08921175046198941
36 50 44 0.0 0.0 1003.0 0.0 12921.0 26.0 9362.0 0.08790656787642848
36 50 45 0.0 0.0 1096.0 0.0 12995.0 37.0 11076.0 0.08705384902375325
36 50 46 0.0 0.0 1150.0 0.0 12821.0 48.0 13495.0 0.08772479478664075
36 50 47 0.0 0.0 444.0 0.0 8606.0 19.0 1622.0 0.12681159420289853
36 50 48 0.0 0.0 284.0 0.0 5760.0 18.0 349.0 0.17436791630340018
36 50 49 0.0 0.0 6.0 0.0 332.0 1.0 0.0 0.5990586221651689
36 50 50 0.0 0.0 146.0 0.0 3452.0 24.0 89.0 0.2511210762331838
36 50 51 0.0 0.0 0.0 0.0 7.0 0.0 0.0 0.6975585450921773
36 51 31 0.0 0.0 3.0 0.0 33.0 1.0 0.0 0.6879606879606879
36 51 33 0.0 0.0 0.0 0.0 15.0 0.0 0.0 0.694789081885856
36 51 34 0.0 0.0 18.0 0.0 556.0 4.0 1.0 0.5447470817120622
36 51 35 0.0 0.0 50.0 0.0 1243.0 5.0 13.0 0.4256612952265125
36 51 36 0.0 0.0 26.0 0.0 645.0 8.0 4.0 0.525722868944799
36 51 37 0.0 0.0 128.0 0.0 3317.0 14.0 104.0 0.25768452052273144
36 51 38 0.0 0.0 286.0 0.0 6535.0 18.0 619.0 0.1589283687138154
36 51 39 0.0 0.0 342.0 0.0 7437.0 28.0 912.0 0.14344262295081966
36 51 40 0.0 0.0 616.0 0.0 10763.0 26.0 4214.0 0.10473554275454476
36 51 41 0.0 0.0 605.0 0.0 10643.0 30.0 3395.0 0.10574816829065638
36 51 42 0.0 0.0 598.0 0.0 10757.0 26.0 4208.0 0.10498687664041995
36 51 43 0.0 0.0 717.0 0.0 11550.0 29.0 5031.0 0.09827319949459495
36 51 44 0.0 0.0 422.0 0.0 8990.0 22.0 1989.0 0.12276394247632408
36 51 45 0.0 0.0 244.0 0.0 5565.0 28.0 363.0 0.17980991523246853
36 51 46 0.0 0.0 492.0 0.0 9499.0 25.0 2316.0 0.11686143572621034
36 51 47 0.0 0.0 152.0 0.0 3749.0 18.0 119.0 0.23785253143051305
36 51 48 0.0 0.0 17.0 0.0 245.0 4.0 0.0 0.6200177147918511
36 51 49 0.0 0.0 49.0 0.0 1039.0 8.0 6.0 0.454397922752353
36 51 50 0.0 0.0 0.0 0.0 5.0 0.0 0.0 0.6982543640897755
36 51 51 0.0 0.0 0.0 0.0 1.0 0.0 0.0 0.6996501749125437
36 52 34 0.0 0.0 0.0 0.0 10.0 0.0 0.0 0.6965174129353233
36 52 35 0.0 0.0 0.0 0.0 16.0 0.0 0.0 0.6944444444444444
36 52 36 0.0 0.0 1.0 0.0 53.0 1.0 0.0 0.6819288845591815
36 52 37 0.0 0.0 5.0 0.0 142.0 0.0 0.0 0.6520726595249184
36 52 38 0.0 0.0 14.0 0.0 265.0 3.0 0.0 0.6151142355008786
36 52 39 0.0 0.0 27.0 0.0 741.0 7.0 4.0 0.5070626584570807
36 52 40 0.0 0.0 53.0 0.0 1283.0 12.0 8.0 0.42117930204572795
36 52 41 0.0 0.0 66.0 0.0 1890.0 8.0 25.0 0.35469977197871794
36 52 42 0.0 0.0 47.0 0.0 1362.0 10.0 11.0 0.41188584877905265
36 52 43 0.0 0.0 59.0 0.0 1530.0 5.0 18.0 0.3906249999999999
36 52 44 0.0 0.0 0.0 0.0 115.0 0.0 0.0 0.6619385342789597
36 52 45 0.0 0.0 68.0 0.0 1579.0 8.0 16.0 0.3848268279274326
36 52 46 0.0 0.0 7.0 0.0 233.0 2.0 0.0 0.6255585344057193
36 52 47 0.0 0.0 2.0 0.0 89.0 1.0 0.0 0.6698564593301434
36 52 48 0.0 0.0 1.0 0.0 5.0 0.0 0.0 0.6979062811565303
36 52 49 0.0 0.0 1.0 0.0 5.0 0.0 0.0 0.6979062811565303
36 53 37 0.0 0.0 0.0 0.0 9.0 0.0 0.0 0.6968641114982577
36 53 38 0.0 0.0 1.0 0.0 23.0 1.0 0.0 0.6920415224913494
36 53 39 0.0 0.0 0.0 0.0 47.0 0.0 0.0 0.6839276990718123
36 53 40 0.0 0.0 18.0 0.0 355.0 5.0 0.0 0.5912162162162161
36 53 41 0.0 0.0 128.0 0.0 3253.0 17.0 87.0 0.26095060577819196
36 53 42 0.0 0.0 0.0 0.0 9.0 0.0 0.0 0.6968641114982577
36 53 43 0.0 0.0 0.0 0.0 3.0 0.0 0.0 0.6989515726410384
36 53 44 0.0 0.0 0.0 0.0 6.0 0.0 0.0 0.6979062811565303
36 53 45 0.0 0.0 1.0 0.0 34.0 0.0 0.0 0.6879606879606879
36 53 46 0.0 0.0 2.0 0.0 95.0 0.0 0.0 0.6676204101096804
36 54 41 0.0 0.0 0.0 0.0 2.0 0.0 0.0 0.6993006993006992
36 54 42 0.0 0.0 0.0 0.0 2.0 0.0 0.0 0.6993006993006992
37 26 40 0.0 0.0 1.0 0.0 8.0 0.0 0.0 0.6968641114982577
37 27 35 0.0 0.0 0.0 0.0 2.0 0.0 0.0 0.6993006993006992
37 27 36 0.0 0.0 3.0 0.0 37.0 1.0 0.0 0.6866110838646394
37 27 37 0.0 0.0 0.0 0.0 3.0 0.0 0.0 0.6989515726410384
37 27 38 0.0 0.0 0.0 0.0 8.0 0.0 0.0 0.697211155378486
37 27 39 0.0 0.0 31.0 0.0 650.0 10.0 3.0 0.5241482590789965
37 27 40 0.0 0.0 0.0 0.0 32.0 2.0 0.0 0.689655172413793
37 27 41 0.0 0.0 0.0 0.0 43.0 0.0 0.0 0.6856023506366307
37 27 42 0.0 0.0 2.0 0.0 68.0 2.0 0.0 0.6769825918762088
37 27 43 0.0 0.0 0.0 0.0 1.0 0.0 0.0 0.6996501749125437
37 27 44 0.0 0.0 0.0 0.0 1.0 0.0 0.0 0.6996501749125437
37 28 34 0.0 0.0 1.0 0.0 12.0 1.0 0.0 0.6958250497017892
37 28 35 0.0 0.0 95.0 0.0 1996.0 16.0 28.0 0.34347399411187435
37 28 36 0.0 0.0 103.0 0.0 2596.0 13.0 56.0 0.29876227059325644
37 28 37 0.0 0.0 75.0 0.0 1602.0 9.0 16.0 0.38178347422961545
37 28 38 0.0 0.0 127.0 0.0 3296.0 18.0 108.0 0.25892361753282783
37 28 39 0.0 0.0 256.0 0.0 5649.0 19.0 393.0 0.1774173108604739
37 28 40 0.0 0.0 79.0 0.0 1928.0 12.0 26.0 0.3505257886830245
37 28 41 0.0 0.0 12.0 0.0 467.0 3.0 0.0 0.5654281098546041
37 28 42 0.0 0.0 99.0 0.0 2324.0 24.0 34.0 0.3181818181818181
37 28 43 0.0 0.0 223.0 0.0 4706.0 17.0 222.0 0.20248770610355799
37 28 44 0.0 0.0 1.0 0.0 77.0 1.0 0.0 0.6740491092922483
37 28 45 0.0 0.0 4.0 0.0 163.0 2.0 1.0 0.6466512702078521
37 28 46 0.0 0.0 0.0 0.0 18.0 0.0 0.0 0.6937561942517343
37 28 47 0.0 0.0 0.0 0.0 5.0 0.0 0.0 0.6982543640897755
37 28 48 0.0 0.0 0.0 0.0 3.0 0.0 0.0 0.6989515726410384
37 29 30 0.0 0.0 0.0 0.0 2.0 0.0 0.0 0.6993006993006992
37 29 31 0.0 0.0 0.0 0.0 3.0 0.0 0.0 0.6989515726410384
37 29 32 0.0 0.0 0.0 0.0 42.0 0.0 0.0 0.6856023506366307
37 29 33 0.0 0.0 18.0 0.0 279.0 5.0 0.0 0.6108202443280977
37 29 34 0.0 0.0 14.0 0.0 433.0 3.0 4.0 0.5728314238952537
37 29 35 0.0 0.0 63.0 0.0 1594.0 10.0 7.0 0.3837719298245614
37 29 36 0.0 0.0 185.0 0.0 4038.0 18.0 177.0 0.22551546391752575
37 29 37 0.0 0.0 636.0 0.0 11060.0 34.0 4791.0 0.10233918128654969
37 29 38 0.0 0.0 622.0 0.0 10825.0 28.0 3481.0 0.10422094841063054
37 29 39 0.0 0.0 360.0 0.0 7258.0 21.0 870.0 0.14571190674437964
37 29 40 0.0 0.0 470.0 0.0 9089.0 32.0 1741.0 0.12133818686080773
37 29 41 0.0 0.0 412.0 0.0 8030.0 19.0 1114.0 0.13418959072174827
37 29 42 0.0 0.0 421.0 0.0 8308.0 31.0 1285.0 0.13073116070594826
37 29 43 0.0 0.0 365.0 0.0 7628.0 21.0 1087.0 0.1403227423073068
37 29 44 0.0 0.0 414.0 0.0 8328.0 28.0 1445.0 0.13057265435553067
37 29 45 0.0 0.0 89.0 0.0 2236.0 13.0 34.0 0.3246753246753246
37 29 46 0.0 0.0 41.0 0.0 882.0 8.0 5.0 0.48027444253859347
37 29 47 0.0 0.0 1.0 0.0 115.0 1.0 0.0 0.6619385342789597
37 29 48 0.0 0.0 22.0 0.0 450.0 5.0 1.0 0.5672609400324148
37 29 49 0.0 0.0 10.0 0.0 180.0 5.0 0.0 0.6407322654462241
37 30 30 0.0 0.0 9.0 0.0 189.0 0.0 0.0 0.6372325898953117
37 30 31 0.0 0.0 109.0 0.0 2505.0 9.0 50.0 0.303951367781155
37 30 32 0.0 0.0 150.0 0.0 3469.0 14.0 96.0 0.2496878901373283
37 30 33 0.0 0.0 449.0 0.0 8683.0 27.0 1620.0 0.12598992080633548
37 30 34 0.0 0.0 56.0 0.0 2073.0 10.0 30.0 0.33997085964060214
37 30 35 0.0 0.0 892.0 0.0 12306.0 45.0 7388.0 0.09225700164744645
37 30 36 0.0 0.0 726.0 0.0 11540.0 30.0 4814.0 0.09825250894799634
37 30 37 0.0 0.0 896.0 0.0 12142.0 40.0 9897.0 0.09321526066981822
37 30 38 0.0 0.0 766.0 0.0 11951.0 31.0 5123.0 0.09517335146159074
37 30 39 0.0 0.0 1450.0 0.0 12680.0 40.0 19905.0 0.08673564215352207
37 30 40 0.0 0.0 1350.0 0.0 12524.0 40.0 18483.0 0.08816120906801006
37 30 41 0.0 0.0 871.0 0.0 12309.0 31.0 5662.0 0.09228740936058008
37 30 42 0.0 0.0 1060.0 0.0 12624.0 26.0 11642.0 0.08933129147524246
37 30 43 0.0 0.0 847.0 0.0 12191.0 34.0 6617.0 0.09319044132330426
37 30 44 0.0 0.0 652.0 0.0 11152.0 36.0 4434.0 0.1015154811108694
37 30 45 0.0 0.0 762.0 0.0 11700.0 37.0 5935.0 0.09692605926336195
37 30 46 0.0 0.0 177.0 0.0 4646.0 19.0 264.0 0.20576131687242794
37 30 47 0.0 0.0 383.0 0.0 8555.0 13.0 1696.0 0.128052684533065
37 30 48 0.0 0.0 396.0 0.0 7747.0 19.0 1049.0 0.13817607579944727
37 30 49 0.0 0.0 4.0 0.0 48.0 3.0 0.0 0.6832601268911663
37 30 50 0.0 0.0 0.0 0.0 1.0 0.0 0.0 0.6996501749125437
37 31 29 0.0 0.0 0.0 0.0 4.0 0.0 0.0 0.6986027944111775
37 31 30 0.0 0.0 4.0 0.0 241.0 2.0 1.0 0.6241640659830583
37 31 31 0.0 0.0 17.0 0.0 607.0 5.0 7.0 0.5343511450381678
37 31 32 0.0 0.0 326.0 0.0 6624.0 17.0 597.0 0.15658203780337765
37 31 33 0.0 0.0 504.0 0.0 9819.0 24.0 2428.0 0.11366404156856376
37 31 34 0.0 0.0 735.0 0.0 11603.0 24.0 5856.0 0.09769032168027351
37 31 35 0.0 0.0 1154.0 0.0 12630.0 41.0 13789.0 0.08870865543023697
37 31 36 0.0 0.0 1040.0 0.0 12936.0 38.0 8557.0 0.0877302920165434
37 31 37 0.0 0.0 1607.0 0.0 13020.0 39.0 20770.0 0.08416496332812311
37 31 38 0.0 0.0 1655.0 0.0 13379.0 42.0 19637.0 0.08218856404837382
37 31 39 0.0 0.0 2274.0 0.0 12033.0 57.0 35137.0 0.08577905765578088
37 31 40 0.0 0.0 2296.0 0.0 12758.0 57.0 32130.0 0.08207773934455062
37 31 41 0.0 0.0 2305.0 0.0 12815.0 64.0 31995.0 0.08187134502923976
37 31 42 0.0 0.0 2365.0 0.0 12002.0 45.0 36910.0 0.08549096238397655
37 31 43 0.0 0.0 1722.0 0.0 13100.0 36.0 22978.0 0.08317984671142534
37 31 44 0.0 0.0 1686.0 0.0 13070.0 55.0 22118.0 0.08363701535336639
37 31 45 0.0 0.0 1086.0 0.0 12868.0 37.0 11252.0 0.08780181875195985
37 31 46 0.0 0.0 1276.0 0.0 12693.0 36.0 16510.0 0.08766437069505321
37 31 47 0.0 0.0 528.0 0.0 9414.0 26.0 1942.0 0.11739057521381853
37 31 48 0.0 0.0 209.0 0.0 4401.0 20.0 169.0 0.21247533768401877
37 31 49 0.0 0.0 24.0 0.0 519.0 5.0 0.0 0.5516154452324664
37 31 50 0.0 0.0 0.0 0.0 16.0 0.0 0.0 0.6944444444444444
37 31 51 0.0 0.0 0.0 0.0 6.0 0.0 0.0 0.6979062811565303
37 32 29 0.0 0.0 0.0 0.0 4.0 0.0 0.0 0.6986027944111775
37 32 30 0.0 0.0 12.0 0.0 304.0 2.0 0.0 0.6052745352356247
37 32 31 0.0 0.0 372.0 0.0 7223.0 19.0 807.0 0.14612253418223567
37 32 32 0.0 0.0 489.0 0.0 9093.0 28.0 1677.0 0.1210758453688489
37 32 33 0.0 0.0 989.0 0.0 12577.0 35.0 9375.0 0.08998585936495693
37 32 34 0.0 0.0 1938.0 0.0 12135.0 57.0 30263.0 0.08708633988554366
37 32 35 0.0 0.0 2151.0 0.0 12409.0 56.0 32373.0 0.08452575016603271
37 32 36 0.0 0.0 3071.0 0.0 10903.0 54.0 53746.0 0.0876204781574665
37 32 37 0.0 0.0 3279.0 0.0 11018.0 84.0 53274.0 0.08588957055214723
37 32 38 0.0 0.0 3769.0 0.0 10687.0 76.0 61521.0 0.08507535245503159
37 32 39 0.0 0.0 4226.0 0.0 9575.0 64.0 75170.0 0.0884061631725183
37 32 40 0.0 0.0 4337.0 0.0 8307.0 71.0 87619.0 0.09549143987449696
37 32 41 0.0 0.0 4121.0 0.0 9213.0 79.0 76942.0 0.09131824408062095
37 32 42 0.0 0.0 4056.0 0.0 9342.0 56.0 74390.0 0.09086188992731048
37 32 43 0.0 0.0 3719.0 0.0 9450.0 75.0 71989.0 0.09221446449743116
37 32 44 0.0 0.0 2624.0 0.0 12551.0 63.0 37624.0 0.0815803274867432
37 32 45 0.0 0.0 2212.0 0.0 12287.0 42.0 33566.0 0.08478682170542635
37 32 46 0.0 0.0 1756.0 0.0 12701.0 42.0 25037.0 0.08499271491015055
37 32 47 0.0 0.0 991.0 0.0 12633.0 32.0 9634.0 0.08958853266781851
37 32 48 0.0 0.0 560.0 0.0 10157.0 20.0 2875.0 0.11019283746556473
37 32 49 0.0 0.0 319.0 0.0 6482.0 20.0 575.0 0.15936254980079678
37 32 50 0.0 0.0 49.0 0.0 1153.0 10.0 9.0 0.4385964912280701
37 32 51 0.0 0.0 0.0 0.0 48.0 0.0 0.0 0.6835937499999999
37 32 52 0.0 0.0 0.0 0.0 4.0 0.0 0.0 0.6986027944111775
37 33 28 0.0 0.0 0.0 0.0 7.0 0.0 0.0 0.6975585450921773
37 33 29 0.0 0.0 60.0 0.0 1376.0 9.0 11.0 0.4086398131932282
37 33 30 0.0 0.0 53.0 0.0 1434.0 3.0 13.0 0.401836969001148
37 33 31 0.0 0.0 440.0 0.0 8290.0 36.0 1265.0 0.13085335078044674
37 33 32 0.0 0.0 922.0 0.0 12398.0 24.0 8901.0 0.09135399673735725
37 33 33 0.0 0.0 2268.0 0.0 11587.0 49.0 38623.0 0.08823900163872431
37 33 34 0.0 0.0 2197.0 0.0 13108.0 48.0 28924.0 0.08092953349904618
37 33 35 0.0 0.0 3929.0 0.0 9826.0 66.0 70289.0 0.0887817870505422
37 33 36 0.0 0.0 4370.0 0.0 10428.0 96.0 68682.0 0.08340780458742923
37 33 37 0.0 0.0 5268.0 0.0 7844.0 72.0 97373.0 0.09267840593141798
37 33 38 0.0 0.0 5653.0 0.0 9476.0 92.0 84701.0 0.08168028004667444
37 33 39 0.0 0.0 5851.0 0.0 8796.0 89.0 91898.0 0.08417002344736367
37 33 40 0.0 0.0 6034.0 0.0 7920.0 94.0 101429.0 0.08780181875195985
37 33 41 0.0 0.0 6068.0 0.0 7159.0 67.0 107028.0 0.09179725919611827
37 33 42 0.0 0.0 5773.0 0.0 7986.0 88.0 99513.0 0.08882685108812892
37 33 43 0.0 0.0 5408.0 0.0 9515.0 85.0 82992.0 0.08271298593879238
37 33 44 0.0 0.0 4466.0 0.0 10589.0 90.0 67099.0 0.08216926869350862
37 33 45 0.0 0.0 4253.0 0.0 9527.0 95.0 74544.0 0.08870865543023697
37 33 46 0.0 0.0 2476.0 0.0 12965.0 55.0 33059.0 0.0802844362885652
37 33 47 0.0 0.0 1668.0 0.0 13311.0 42.0 20489.0 0.08239171374764594
37 33 48 0.0 0.0 1064.0 0.0 12925.0 39.0 10808.0 0.08754924645112876
37 33 49 0.0 0.0 598.0 0.0 10697.0 27.0 4102.0 0.10540581237765395
37 33 50 0.0 0.0 359.0 0.0 6882.0 23.0 598.0 0.15179442697603812
37 33 51 0.0 0.0 184.0 0.0 4581.0 15.0 209.0 0.20731526728861244
37 33 52 0.0 0.0 0.0 0.0 10.0 0.0 0.0 0.6965174129353233
37 34 28 0.0 0.0 0.0 0.0 8.0 0.0 0.0 0.697211155378486
37 34 29 0.0 0.0 21.0 0.0 453.0 5.0 0.0 0.5670311867152693
37 34 30 0.0 0.0 415.0 0.0 8262.0 29.0 1309.0 0.13141837979911758
37 34 31 0.0 0.0 881.0 0.0 12292.0 22.0 7646.0 0.09221446449743116
37 34 32 0.0 0.0 1706.0 0.0 12765.0 41.0 24140.0 0.08502884907379288
37 34 33 0.0 0.0 2466.0 0.0 12416.0 50.0 36766.0 0.08288928359976316
37 34 34 0.0 0.0 3774.0 0.0 11529.0 80.0 56104.0 0.08091550109813894
37 34 35 0.0 0.0 5165.0 0.0 8289.0 85.0 93643.0 0.09063835297164313
37 34 36 0.0 0.0 5911.0 0.0 5985.0 80.0 122596.0 0.10083549409392105
37 34 37 0.0 0.0 7110.0 0.0 5907.0 84.0 126694.0 0.09317803660565724
37 34 38 0.0 0.0 7224.0 0.0 4742.0 67.0 138586.0 0.10017889087656529
37 34 39 0.0 0.0 8194.0 0.0 5650.0 76.0 130752.0 0.08835594824865887
37 34 40 0.0 0.0 8113.0 0.0 5198.0 66.0 136270.0 0.09137784739899484
37 34 41 0.0 0.0 7733.0 0.0 4556.0 68.0 140702.0 0.09803235067572298
37 34 42 0.0 0.0 8171.0 0.0 6112.0 67.0 126071.0 0.08590011044299914
37 34 43 0.0 0.0 7481.0 0.0 5739.0 75.0 128131.0 0.09200236577511992
37 34 44 0.0 0.0 6962.0 0.0 6756.0 74.0 115838.0 0.0891095410858634
37 34 45 0.0 0.0 5667.0 0.0 7591.0 89.0 103553.0 0.09177920545430705
37 34 46 0.0 0.0 4188.0 0.0 10676.0 80.0 64592.0 0.08306633440132906
37 34 47 0.0 0.0 2908.0 0.0 11768.0 59.0 45788.0 0.08393788596438635
37 34 48 0.0 0.0 1619.0 0.0 13280.0 48.0 20753.0 0.08287456342863907
37 34 49 0.0 0.0 998.0 0.0 12666.0 37.0 10202.0 0.08944543828264757
37 34 50 0.0 0.0 909.0 0.0 12457.0 25.0 7385.0 0.09110431444003383
37 34 51 0.0 0.0 244.0 0.0 5124.0 14.0 307.0 0.1902690948627344
37 34 52 0.0 0.0 0.0 0.0 37.0 0.0 0.0 0.6872852233676975
37 35 27 0.0 0.0 0.0 0.0 2.0 0.0 0.0 0.6993006993006992
37 35 28 0.0 0.0 1.0 0.0 103.0 1.0 0.0 0.6657156443176413
37 35 29 0.0 0.0 275.0 0.0 6318.0 27.0 597.0 0.16334150040835374
37 35 30 0.0 0.0 484.0 0.0 8752.0 23.0 1369.0 0.12479942948832232
37 35 31 0.0 0.0 1268.0 0.0 13132.0 33.0 13817.0 0.08538667967797023
37 35 32 0.0 0.0 2538.0 0.0 12203.0 61.0 37893.0 0.08362202843148965
37 35 33 0.0 0.0 3484.0 0.0 10769.0 83.0 59253.0 0.08621220518504832
37 35 34 0.0 0.0 5237.0 0.0 9492.0 87.0 83437.0 0.08370202080593088
37 35 35 0.0 0.0 6136.0 0.0 5745.0 83.0 124793.0 0.10094455259932222
37 35 36 0.0 0.0 8452.0 0.0 5856.0 76.0 128111.0 0.08586323213738116
37 35 37 0.0 0.0 6039.0 0.0 2615.0 39.0 163911.0 0.13115982761851225
37 35 38 0.0 0.0 8241.0 0.0 2920.0 42.0 161348.0 0.10643959552953698
37 35 39 0.0 0.0 7476.0 0.0 2198.0 39.0 168808.0 0.1199657240788346
37 35 40 0.0 0.0 8865.0 0.0 2476.0 52.0 166758.0 0.10504201680672268
37 35 41 0.0 0.0 8756.0 0.0 2505.0 47.0 165306.0 0.10562848951259997
37 35 42 0.0 0.0 8906.0 0.0 2932.0 39.0 160895.0 0.1010319694017464
37 35 43 0.0 0.0 8132.0 0.0 3032.0 55.0 159192.0 0.10639106315069533
37 35 44 0.0 0.0 8039.0 0.0 4350.0 53.0 145084.0 0.09722222222222221
37 35 45 0.0 0.0 6426.0 0.0 4999.0 69.0 134504.0 0.1043219076005961
37 35 46 0.0 0.0 5589.0 0.0 7410.0 88.0 104653.0 0.09343299519487452
37 35 47 0.0 0.0 4263.0 0.0 10632.0 83.0 66217.0 0.08292365100989159
37 35 48 0.0 0.0 2599.0 0.0 11869.0 61.0 41055.0 0.08503401360544216
37 35 49 0.0 0.0 1826.0 0.0 12586.0 47.0 26296.0 0.08534503779565958
37 35 50 0.0 0.0 968.0 0.0 12567.0 32.0 9524.0 0.09015971148892322
37 35 51 0.0 0.0 183.0 0.0 4191.0 20.0 167.0 0.22033364809568776
37 35 52 0.0 0.0 48.0 0.0 998.0 13.0 6.0 0.4617414248021107
37 35 53 0.0 0.0 0.0 0.0 12.0 0.0 0.0 0.6958250497017892
37 36 27 0.0 0.0 0.0 0.0 4.0 0.0 0.0 0.6986027944111775
37 36 28 0.0 0.0 2.0 0.0 124.0 3.0 0.0 0.6594441827602449
37 36 29 0.0 0.0 443.0 0.0 9283.0 23.0 2299.0 0.11952531375394859
37 36 30 0.0 0.0 731.0 0.0 11497.0 27.0 5129.0 0.09851523467736259
37 36 31 0.0 0.0 1126.0 0.0 13054.0 34.0 9592.0 0.08652122860144612
37 36 32 0.0 0.0 2976.0 0.0 11302.0 63.0 48763.0 0.08593174564203289
37 36 33 0.0 0.0 4423.0 0.0 9991.0 73.0 72990.0 0.08529823920063363
37 36 34 0.0 0.0 6268.0 0.0 7082.0 65.0 110986.0 0.09100364014560582
37 36 35 0.0 0.0 7490.0 0.0 4573.0 66.0 140106.0 0.09955909543450432
37 36 36 0.0 0.0 7360.0 0.0 2804.0 34.0 161690.0 0.11504642945188592
37 36 37 0.0 0.0 9707.0 0.0 2593.0 38.0 164188.0 0.09782684648172733
37 36 38 0.0 0.0 9048.0 0.0 1751.0 22.0 173825.0 0.10940064077518166
37 36 39 0.0 0.0 9036.0 0.0 1265.0 23.0 178265.0 0.11377488825680618
37 36 40 0.0 0.0 8416.0 0.0 1106.0 14.0 181068.0 0.1215172294071695
37 36 41 0.0 0.0 8669.0 0.0 1207.0 17.0 179780.0 0.11788480970023577
37 36 42 0.0 0.0 9019.0 0.0 1453.0 27.0 176807.0 0.11220645988619057
37 36 43 0.0 0.0 6163.0 0.0 1274.0 19.0 180490.0 0.14846235418875925
37 36 44 0.0 0.0 8051.0 0.0 2572.0 45.0 164893.0 0.11089108910891088
37 36 45 0.0 0.0 8190.0 0.0 4539.0 68.0 143284.0 0.09505058048747368
37 36 46 0.0 0.0 6945.0 0.0 6277.0 77.0 120939.0 0.0919781880296958
37 36 47 0.0 0.0 5311.0 0.0 8813.0 83.0 89435.0 0.08682709005209624
37 36 48 0.0 0.0 3707.0 0.0 9944.0 84.0 67654.0 0.08945115328094051
37 36 49 0.0 0.0 1882.0 0.0 12571.0 41.0 26621.0 0.08507535245503159
37 36 50 0.0 0.0 1284.0 0.0 13195.0 37.0 13122.0 0.0849463018020751
37 36 51 0.0 0.0 307.0 0.0 7605.0 19.0 1277.0 0.14137130162576997
37 36 52 0.0 0.0 300.0 0.0 6285.0 19.0 566.0 0.16330339437769742
37 36 53 0.0 0.0 2.0 0.0 25.0 2.0 0.0 0.6913580246913579
37 37 27 0.0 0.0 0.0 0.0 4.0 0.0 0.0 0.6986027944111775
37 37 28 0.0 0.0 2.0 0.0 92.0 0.0 0.0 0.6685768863419292
37 37 29 0.0 0.0 302.0 0.0 6356.0 22.0 578.0 0.16201828492072673
37 37 30 0.0 0.0 821.0 0.0 12039.0 27.0 5851.0 0.09431420102398275
37 37 31 0.0 0.0 1424.0 0.0 13450.0 49.0 15820.0 0.08304169879589536
37 37 32 0.0 0.0 3247.0 0.0 11065.0 72.0 53848.0 0.08585270129392285
37 37 33 0.0 0.0 5321.0 0.0 7877.0 84.0 98464.0 0.09214163485586414
37 37 34 0.0 0.0 6553.0 0.0 4996.0 55.0 134354.0 0.10317635787456701
37 37 35 0.0 0.0 8220.0 0.0 3917.0 64.0 149791.0 0.0991150442477876
37 37 36 0.0 0.0 7903.0 0.0 2108.0 38.0 170129.0 0.11656952539550373
37 37 37 0.0 0.0 8156.0 0.0 1331.0 19.0 177815.0 0.12180267965895249
37 37 38 0.0 1.0 8690.0 0.0 967.0 16.0 182054.0 0.12004801920768304
37 37 39 0.0 0.0 7160.0 0.0 499.0 7.0 187700.0 0.1449125349342718
37 37 40 0.0 0.0 6394.0 0.0 427.0 6.0 189617.0 0.15882019285309132
37 37 41 0.0 0.0 7514.0 0.0 570.0 8.0 187203.0 0.13884756520876723
37 37 42 0.0 0.0 8359.0 0.0 804.0 12.0 183981.0 0.12540308133285558
37 37 43 0.0 0.0 7651.0 0.0 1081.0 18.0 181783.0 0.13043883350414606
37 37 44 0.0 0.0 9182.0 0.0 2124.0 39.0 169534.0 0.10519987977156596
37 37 45 0.0 0.0 7167.0 0.0 2513.0 39.0 165784.0 0.11992461881103306
37 37 46 0.0 0.0 7156.0 0.0 4255.0 63.0 144188.0 0.1043374571471158
37 37 47 0.0 0.0 5041.0 0.0 4542.0 63.0 136559.0 0.12091898428053201
37 37 48 0.0 0.0 4402.0 0.0 8756.0 80.0 84517.0 0.09233610341643582
37 37 49 0.0 0.0 2536.0 0.0 12410.0 60.0 36752.0 0.08260561718196836
37 37 50 0.0 0.0 1197.0 0.0 12448.0 43.0 15463.0 0.0895312400076741
37 37 51 0.0 0.0 530.0 0.0 9926.0 18.0 2493.0 0.11241368235105186
37 37 52 0.0 0.0 191.0 0.0 4189.0 24.0 168.0 0.22022966808242878
37 37 53 0.0 0.0 5.0 0.0 35.0 2.0 0.0 0.6869479882237487
37 38 27 0.0 0.0 0.0 0.0 14.0 0.0 0.0 0.6951340615690167
37 38 28 0.0 0.0 160.0 0.0 3786.0 13.0 153.0 0.23588879528222406
37 38 29 0.0 0.0 264.0 0.0 5863.0 24.0 453.0 0.17273288093769276
37 38 30 0.0 0.0 976.0 0.0 12743.0 26.0 8659.0 0.08907552331869949
37 38 31 0.0 0.0 1772.0 0.0 13064.0 28.0 23599.0 0.08307619273676714
37 38 32 0.0 0.0 3552.0 0.0 10311.0 69.0 62749.0 0.08821120282275849
37 38 33 0.0 0.0 5767.0 0.0 8186.0 79.0 96477.0 0.08776879192527114
37 38 34 0.0 0.0 7434.0 0.0 5272.0 67.0 132757.0 0.0951086956521739
37 38 35 0.0 0.0 8767.0 0.0 3250.0 57.0 157234.0 0.10002857959416976
37 38 36 0.0 0.0 10777.0 0.0 2332.0 29.0 166971.0 0.09259259259259259
37 38 37 0.0 0.0 9579.0 0.0 1013.0 19.0 180669.0 0.1111463956811686
37 38 38 0.0 0.0 8115.0 0.0 533.0 10.0 186928.0 0.13145539906103285
37 38 39 0.0 0.0 8747.0 0.0 421.0 4.0 187516.0 0.12538061973849182
37 38 40 0.0 0.0 9314.0 0.0 364.0 4.0 187080.0 0.11995544512038384
37 38 41 0.0 0.0 7735.0 0.0 348.0 4.0 188698.0 0.1388062661114416
37 38 42 0.0 1.0 9253.0 0.0 620.0 11.0 184990.0 0.1178748842300244
37 38 43 0.0 0.0 7315.0 0.0 752.0 18.0 185066.0 0.13899920571882443
37 38 44 0.0 0.0 6394.0 0.0 1159.0 17.0 181384.0 0.14650481372959395
37 38 45 0.0 0.0 7128.0 0.0 2138.0 18.0 169995.0 0.12392670620518718
37 38 46 0.0 0.0 7060.0 0.0 3606.0 51.0 153422.0 0.11054958938723941
37 38 47 0.0 0.0 6074.0 0.0 5764.0 65.0 124666.0 0.1010028136498088
37 38 48 0.0 0.0 4366.0 0.0 10995.0 65.0 65243.0 0.08051529790660224
37 38 49 0.0 0.0 2267.0 0.0 12340.0 57.0 34963.0 0.08427642667950878
37 38 50 0.0 0.0 1395.0 0.0 13004.0 40.0 17134.0 0.08539709649871903
37 38 51 0.0 0.0 345.0 0.0 7690.0 20.0 1083.0 0.13977635782747602
37 38 52 0.0 0.0 63.0 0.0 1250.0 9.0 5.0 0.42372881355932196
37 38 53 0.0 0.0 0.0 0.0 8.0 0.0 0.0 0.697211155378486
37 39 27 0.0 0.0 0.0 0.0 16.0 0.0 0.0 0.6944444444444444
37 39 28 0.0 0.0 252.0 0.0 6095.0 18.0 555.0 0.16796640671865623
37 39 29 0.0 0.0 238.0 0.0 5364.0 15.0 349.0 0.18445322793148874
37 39 30 0.0 0.0 1082.0 0.0 12741.0 39.0 11133.0 0.08851236011885943
37 39 31 0.0 0.0 2022.0 0.0 12733.0 49.0 28677.0 0.0835571471202626
37 39 32 0.0 0.0 3466.0 0.0 12393.0 73.0 46157.0 0.07840940912909548
37 39 33 0.0 0.0 5680.0 0.0 6111.0 63.0 118701.0 0.10140518615094885
37 39 34 0.0 0.0 8063.0 0.0 5269.0 68.0 134276.0 0.09128251939753536
37 39 35 0.0 0.0 7842.0 0.0 2371.0 40.0 166128.0 0.11456628477905073
37 39 36 0.0 0.0 9825.0 0.0 1651.0 27.0 174084.0 0.10380366278638688
37 39 37 0.0 0.0 7197.0 0.0 573.0 6.0 187228.0 0.1432664756446991
37 39 38 0.0 0.0 7727.0 0.0 339.0 4.0 188966.0 0.13902681231380334
37 39 39 0.0 0.0 7568.0 0.0 235.0 2.0 190021.0 0.14271151885830782
37 39 40 0.0 0.0 8661.0 0.0 262.0 6.0 188861.0 0.1281581838154522
37 39 41 0.0 0.0 7955.0 0.0 336.0 9.0 188846.0 0.13609409934869252
37 39 42 0.0 0.0 9362.0 0.0 512.0 8.0 185673.0 0.11785503830288745
37 39 43 0.0 0.0 9244.0 0.0 841.0 15.0 182409.0 0.115836505047162
37 39 44 1.0 0.0 8568.0 0.0 1398.0 27.0 177347.0 0.11697860962566843
37 39 45 0.0 0.0 7957.0 0.0 2433.0 21.0 167042.0 0.1129032258064516
37 39 46 0.0 0.0 7582.0 0.0 4044.0 59.0 146869.0 0.1027749229188078
37 39 47 0.0 0.0 5722.0 0.0 5656.0 95.0 124572.0 0.10471987433615079
37 39 48 0.0 0.0 4303.0 0.0 10412.0 76.0 68252.0 0.08378216636744464
37 39 49 0.0 0.0 2351.0 0.0 12809.0 50.0 32781.0 0.08149959250203748
37 39 50 0.0 0.0 1105.0 0.0 12958.0 43.0 11015.0 0.08721654622476949
37 39 51 0.0 0.0 442.0 0.0 8481.0 31.0 1471.0 0.12848751835535974
37 39 52 0.0 0.0 92.0 0.0 2228.0 12.0 33.0 0.3249013692271988
37 39 53 0.0 0.0 0.0 0.0 4.0 0.0 0.0 0.6986027944111775
37 40 27 0.0 0.0 3.0 0.0 97.0 0.0 0.0 0.6666666666666665
37 40 28 0.0 0.0 1.0 0.0 65.0 1.0 0.0 0.6779661016949151
37 40 29 0.0 0.0 148.0 0.0 4088.0 12.0 168.0 0.22500803600128572
37 40 30 0.0 0.0 1120.0 0.0 12690.0 34.0 13496.0 0.08859638020503732
37 40 31 0.0 0.0 2157.0 0.0 12281.0 59.0 32643.0 0.08524630091944223
37 40 32 0.0 0.0 4392.0 0.0 8447.0 63.0 86499.0 0.09422533315385649
37 40 33 0.0 0.0 5979.0 0.0 6325.0 85.0 118230.0 0.097888407215774
37 40 34 0.0 0.0 7985.0 0.0 4960.0 61.0 137261.0 0.09357037829167222
37 40 35 0.0 0.0 9402.0 0.0 2867.0 51.0 161302.0 0.09819048954972646
37 40 36 0.0 0.0 8319.0 0.0 1177.0 17.0 180382.0 0.12171796209354892
37 40 37 0.0 1.0 8656.0 0.0 618.0 8.0 185349.0 0.12411347517730494
37 40 38 0.0 0.0 8814.0 0.0 350.0 7.0 187716.0 0.12534694242994
37 40 39 0.0 1.0 6581.0 0.0 174.0 4.0 191679.0 0.159963436928702
37 40 40 0.0 0.0 7902.0 0.0 215.0 3.0 190103.0 0.1383946223803875
37 40 41 0.0 0.0 8080.0 0.0 265.0 2.0 189544.0 0.13522650439486136
37 40 42 0.0 0.0 8440.0 0.0 437.0 10.0 187419.0 0.12861736334405144
37 40 43 0.0 0.0 7948.0 0.0 745.0 13.0 185105.0 0.13081666978134926
37 40 44 0.0 0.0 9161.0 0.0 1573.0 31.0 175008.0 0.1099850734543169
37 40 45 0.0 0.0 8546.0 0.0 2872.0 47.0 161616.0 0.10439191708299157
37 40 46 0.0 0.0 7145.0 0.0 4305.0 63.0 144258.0 0.10415891674726581
37 40 47 0.0 0.0 5958.0 0.0 6868.0 76.0 111345.0 0.0944478175807866
37 40 48 0.0 0.0 4286.0 0.0 8751.0 93.0 81911.0 0.09312845074170158
37 40 49 0.0 0.0 2213.0 0.0 12489.0 51.0 33432.0 0.08378216636744464
37 40 50 0.0 0.0 994.0 0.0 12568.0 38.0 9202.0 0.09004952723998198
37 40 51 0.0 0.0 246.0 0.0 5488.0 13.0 358.0 0.18132366273798728
37 40 52 0.0 0.0 8.0 0.0 189.0 1.0 0.0 0.6375227686703095
37 40 53 0.0 0.0 0.0 0.0 3.0 0.0 0.0 0.6989515726410384
37 41 27 0.0 0.0 1.0 0.0 7.0 0.0 0.0 0.697211155378486
37 41 28 0.0 0.0 5.0 0.0 137.0 2.0 0.0 0.6545114539504441
37 41 29 0.0 0.0 140.0 0.0 3124.0 16.0 78.0 0.2666158826890116
37 41 30 0.0 0.0 965.0 0.0 12542.0 36.0 7798.0 0.09035755776429584
37 41 31 0.0 0.0 2567.0 0.0 11499.0 70.0 43299.0 0.087173100871731
37 41 32 0.0 0.0 3878.0 0.0 9579.0 82.0 72221.0 0.09063835297164313
37 41 33 0.0 0.0 6290.0 0.0 9582.0 92.0 87365.0 0.07831291603736644
37 41 34 0.0 0.0 8009.0 0.0 4993.0 66.0 136812.0 0.09316563518999134
37 41 35 0.0 0.0 8817.0 0.0 2705.0 48.0 162960.0 0.10354263737889208
37 41 36 0.0 0.0 6971.0 0.0 1081.0 18.0 182438.0 0.13945612112760233
37 41 37 0.0 0.0 8316.0 0.0 665.0 15.0 185613.0 0.12738853503184713
37 41 38 0.0 1.0 9086.0 0.0 414.0 10.0 187019.0 0.12174971736672752
37 41 39 0.0 0.0 8196.0 0.0 240.0 5.0 189610.0 0.1340610935554917
37 41 40 0.0 0.0 7787.0 0.0 269.0 6.0 189786.0 0.1391511778153265
37 41 41 0.0 1.0 8763.0 0.0 270.0 6.0 188540.0 0.12682308180088775
37 41 42 0.0 0.0 9021.0 0.0 529.0 10.0 185966.0 0.12125411397886712
37 41 43 0.0 0.0 8577.0 0.0 905.0 14.0 183032.0 0.12180267965895249
37 41 44 0.0 0.0 8839.0 0.0 1683.0 15.0 174391.0 0.11180322632167385
37 41 45 0.0 0.0 9870.0 0.0 4351.0 61.0 146810.0 0.08631319358816275
37 41 46 0.0 0.0 6548.0 0.0 4587.0 62.0 140139.0 0.10673985971332721
37 41 47 0.0 0.0 5867.0 0.0 8813.0 90.0 90441.0 0.08398320335932813
37 41 48 0.0 0.0 3847.0 0.0 10248.0 67.0 65845.0 0.08699975142928162
37 41 49 0.0 0.0 2317.0 0.0 11671.0 61.0 38736.0 0.08763693270735524
37 41 50 0.0 0.0 1021.0 0.0 12762.0 32.0 11199.0 0.08873114463176573
37 41 51 0.0 0.0 307.0 0.0 7144.0 17.0 949.0 0.1483365119728756
37 41 52 0.0 0.0 11.0 0.0 398.0 4.0 3.0 0.582120582120582
37 41 53 0.0 0.0 1.0 0.0 20.0 0.0 0.0 0.6927263730826323
37 42 28 0.0 0.0 27.0 0.0 814.0 9.0 2.0 0.49435028248587565
37 42 29 0.0 0.0 300.0 0.0 6496.0 16.0 602.0 0.15936254980079678
37 42 30 0.0 0.0 1451.0 0.0 12910.0 42.0 17890.0 0.08562167451532016
37 42 31 0.0 0.0 2018.0 0.0 12742.0 44.0 28063.0 0.08343763037129745
37 42 32 0.0 0.0 3920.0 0.0 9447.0 85.0 73023.0 0.09112803488901906
37 42 33 0.0 0.0 5914.0 0.0 8093.0 81.0 99237.0 0.08748359682559519
37 42 34 0.0 0.0 7753.0 0.0 5237.0 79.0 133358.0 0.09343923112861242
37 42 35 0.0 0.0 6601.0 0.0 2084.0 42.0 170652.0 0.13108614232209737
37 42 36 0.0 0.0 9802.0 0.0 1883.0 23.0 172106.0 0.10225695712511867
37 42 37 0.0 0.0 8330.0 0.0 844.0 14.0 183903.0 0.1252236135957066
37 42 38 0.0 0.0 9504.0 0.0 578.0 9.0 185102.0 0.11584609019445594
37 42 39 0.0 0.0 7644.0 1.0 299.0 7.0 189398.0 0.1407176600663383
37 42 40 0.0 0.0 6780.0 0.0 243.0 8.0 190989.0 0.15531395606833812
37 42 41 0.0 0.0 7751.0 0.0 344.0 8.0 188851.0 0.13866877971473848
37 42 42 0.0 0.0 6976.0 0.0 442.0 4.0 188923.0 0.14866730381225443
37 42 43 0.0 0.0 8912.0 0.0 1010.0 23.0 181223.0 0.11737089201877932
37 42 44 0.0 0.0 7890.0 0.0 1779.0 29.0 173765.0 0.12001714530647233
37 42 45 0.0 0.0 8346.0 0.0 3713.0 54.0 151336.0 0.099601593625498
37 42 46 0.0 0.0 7077.0 0.0 5872.0 80.0 126160.0 0.09370816599732261
37 42 47 0.0 0.0 5197.0 0.0 6331.0 57.0 114444.0 0.1033286589416193
37 42 48 0.0 0.0 3456.0 0.0 11020.0 71.0 54915.0 0.0849463018020751
37 42 49 0.0 0.0 1982.0 0.0 12979.0 46.0 27222.0 0.08253743662303974
37 42 50 0.0 0.0 742.0 0.0 11643.0 32.0 4856.0 0.09745231797299177
37 42 51 0.0 0.0 149.0 0.0 3638.0 14.0 145.0 0.2425922717033443
37 42 52 0.0 0.0 3.0 0.0 67.0 1.0 0.0 0.6766553890768486
37 42 53 0.0 0.0 0.0 0.0 1.0 0.0 0.0 0.6996501749125437
37 43 27 0.0 0.0 0.0 0.0 1.0 0.0 0.0 0.6996501749125437
37 43 28 0.0 0.0 4.0 0.0 150.0 1.0 0.0 0.6502554575011611
37 43 29 0.0 0.0 302.0 0.0 6590.0 15.0 662.0 0.1576221571718081
37 43 30 0.0 0.0 1119.0 0.0 12898.0 29.0 13174.0 0.08741258741258741
37 43 31 0.0 0.0 2347.0 0.0 11989.0 59.0 36852.0 0.08565310492505353
37 43 32 0.0 0.0 3487.0 0.0 11100.0 74.0 56412.0 0.08437801350048216
37 43 33 0.0 0.0 5737.0 0.0 9070.0 73.0 87534.0 0.08322434906669837
37 43 34 0.0 0.0 7685.0 0.0 6286.0 90.0 122986.0 0.08771929824561402
37 43 35 0.0 0.0 8458.0 0.0 3606.0 52.0 153758.0 0.09946007388462631
37 43 36 0.0 0.0 9391.0 0.0 2265.0 35.0 167482.0 0.10242153778623161
37 43 37 0.0 0.0 7619.0 0.0 1051.0 14.0 181955.0 0.13115982761851225
37 43 38 0.0 0.0 7055.0 0.0 616.0 8.0 186763.0 0.1446430416365327
37 43 39 0.0 0.0 7153.0 0.0 445.0 5.0 188429.0 0.14598540145985398
37 43 40 0.0 0.0 7213.0 0.0 431.0 2.0 188293.0 0.14500258933195234
37 43 41 0.0 0.0 8311.0 1.0 485.0 12.0 186945.0 0.12955765315565426
37 43 42 0.0 0.0 8270.0 0.0 772.0 4.0 184338.0 0.12662807525325612
37 43 43 0.0 0.0 7099.0 0.0 1079.0 18.0 181947.0 0.1374570446735395
37 43 44 0.0 0.0 9423.0 0.0 2744.0 51.0 162428.0 0.09887703933893636
37 43 45 0.0 0.0 7037.0 0.0 3651.0 57.0 151430.0 0.11043622308117061
37 43 46 0.0 0.0 6503.0 0.0 6352.0 80.0 119274.0 0.09416195856873821
37 43 47 0.0 0.0 4850.0 0.0 8436.0 81.0 90398.0 0.09156311314584696
37 43 48 0.0 0.0 3177.0 0.0 11795.0 74.0 48007.0 0.0825715128280743
37 43 49 0.0 0.0 1574.0 0.0 13259.0 33.0 18866.0 0.08316008316008315
37 43 50 0.0 0.0 955.0 0.0 12483.0 41.0 7746.0 0.09074998379464574
37 43 51 0.0 0.0 436.0 0.0 8892.0 15.0 1844.0 0.12369676621311183
37 43 52 0.0 0.0 35.0 0.0 769.0 10.0 1.0 0.5010737294201861
37 43 53 0.0 0.0 0.0 0.0 2.0 0.0 0.0 0.6993006993006992
37 44 27 0.0 0.0 0.0 0.0 11.0 0.0 0.0 0.6961710591745399
37 44 28 0.0 0.0 2.0 0.0 121.0 1.0 0.0 0.66006600660066
37 44 29 0.0 0.0 283.0 0.0 6180.0 21.0 539.0 0.16571969696969696
37 44 30 0.0 0.0 998.0 0.0 12635.0 37.0 9269.0 0.08963441961713296
37 44 31 0.0 0.0 2514.0 0.0 11997.0 61.0 39339.0 0.08471499455403605
37 44 32 0.0 0.0 3943.0 0.0 8392.0 70.0 84530.0 0.09756097560975609
37 44 33 0.0 0.0 5243.0 0.0 7354.0 78.0 102910.0 0.0958182191499555
37 44 34 0.0 0.0 6821.0 0.0 7361.0 74.0 110456.0 0.08651053574738922
37 44 35 0.0 0.0 6756.0 0.0 3795.0 50.0 150520.0 0.11153601019757806
37 44 36 0.0 0.0 7957.0 0.0 2861.0 44.0 161390.0 0.10920436817472698
37 44 37 0.0 0.0 9382.0 0.0 2230.0 31.0 168741.0 0.10286554004408523
37 44 38 0.0 0.0 9029.0 0.0 1328.0 18.0 177713.0 0.11314959993534307
37 44 39 0.0 0.0 8278.0 0.0 880.0 16.0 182691.0 0.12539184952978055
37 44 40 0.0 1.0 8719.0 0.0 874.0 18.0 182954.0 0.12072087608864361
37 44 41 0.0 0.0 7657.0 0.0 829.0 14.0 184024.0 0.13328255902513328
37 44 42 0.0 0.0 7941.0 0.0 1075.0 17.0 181576.0 0.12708787218591136
37 44 43 0.0 0.0 8515.0 0.0 1948.0 42.0 171448.0 0.11238660993818735
37 44 44 0.0 0.0 8645.0 0.0 3588.0 59.0 154442.0 0.0984113594826374
37 44 45 0.0 0.0 7911.0 0.0 6489.0 78.0 122533.0 0.08534503779565958
37 44 46 0.0 0.0 5883.0 0.0 8605.0 79.0 93657.0 0.08480222908716456
37 44 47 0.0 0.0 4168.0 0.0 9645.0 72.0 72791.0 0.08848438882568574
37 44 48 0.0 0.0 2353.0 0.0 12637.0 65.0 33609.0 0.08242566970856637
37 44 49 0.0 0.0 1294.0 0.0 12996.0 36.0 15026.0 0.08594757198109153
37 44 50 0.0 0.0 923.0 0.0 12627.0 34.0 7012.0 0.09011328527291451
37 44 51 0.0 0.0 255.0 0.0 5775.0 22.0 394.0 0.17478152309612982
37 44 52 0.0 0.0 0.0 0.0 93.0 0.0 0.0 0.668896321070234
37 45 27 0.0 0.0 0.0 0.0 3.0 0.0 0.0 0.6989515726410384
37 45 28 0.0 0.0 62.0 0.0 1347.0 14.0 5.0 0.4123711340206185
37 45 29 0.0 0.0 409.0 0.0 8337.0 26.0 1341.0 0.13051179267269505
37 45 30 0.0 0.0 871.0 0.0 12149.0 38.0 6489.0 0.09335200373408013
37 45 31 0.0 0.0 2081.0 0.0 12259.0 64.0 31769.0 0.08574753475837568
37 45 32 0.0 0.0 2717.0 0.0 11657.0 57.0 44388.0 0.08545443447476041
37 45 33 0.0 0.0 4033.0 0.0 11409.0 93.0 58033.0 0.08037200757793213
37 45 34 0.0 0.0 5695.0 0.0 8978.0 69.0 89739.0 0.08390770152831883
37 45 35 0.0 0.0 6624.0 0.0 5814.0 70.0 125534.0 0.09694619486185167
37 45 36 0.0 0.0 7168.0 0.0 4349.0 58.0 143882.0 0.10342789598108747
37 45 37 0.0 0.0 7928.0 0.0 3383.0 56.0 156304.0 0.10529482551143199
37 45 38 0.0 0.0 8231.0 0.0 2509.0 33.0 165713.0 0.1098211484154377
37 45 39 0.0 0.0 9130.0 0.0 2088.0 49.0 169505.0 0.10602847621932747
37 45 40 0.0 0.0 8508.0 0.0 1693.0 27.0 174606.0 0.11481997867628965
37 45 41 0.0 0.0 7893.0 0.0 1563.0 26.0 175496.0 0.12229210342417889
37 45 42 0.0 0.0 9609.0 0.0 2428.0 33.0 166111.0 0.09974351667141636
37 45 43 0.0 0.0 8101.0 0.0 2952.0 50.0 161087.0 0.10735373054213633
37 45 44 0.0 0.0 7495.0 0.0 4274.0 74.0 144442.0 0.10179597178797352
37 45 45 0.0 0.0 6374.0 0.0 6216.0 87.0 120992.0 0.09610104338275671
37 45 46 0.0 0.0 4778.0 0.0 10396.0 82.0 72211.0 0.08143796172415797
37 45 47 0.0 0.0 3086.0 0.0 11269.0 89.0 50825.0 0.08571603502112288
37 45 48 0.0 0.0 2511.0 0.0 11033.0 55.0 45853.0 0.09003794456235127
37 45 49 0.0 0.0 973.0 0.0 12636.0 28.0 8267.0 0.08972058446552166
37 45 50 0.0 0.0 557.0 0.0 10027.0 17.0 2564.0 0.11133200795228626
37 45 51 0.0 0.0 63.0 0.0 1960.0 10.0 40.0 0.34877927254608865
37 45 52 0.0 0.0 15.0 0.0 339.0 4.0 1.0 0.5957446808510637
37 46 28 0.0 0.0 10.0 0.0 167.0 4.0 0.0 0.6442705936493326
37 46 29 0.0 0.0 375.0 0.0 7533.0 17.0 831.0 0.14147130153597412
37 46 30 0.0 0.0 969.0 0.0 12637.0 32.0 8952.0 0.08972633467922835
37 46 31 0.0 0.0 1422.0 0.0 13176.0 42.0 16973.0 0.08437801350048216
37 46 32 0.0 0.0 2103.0 0.0 12722.0 51.0 30526.0 0.08316996376165864
37 46 33 0.0 0.0 3212.0 0.0 11265.0 72.0 51683.0 0.08500819721901753
37 46 34 0.0 0.0 4381.0 0.0 8247.0 73.0 87592.0 0.0957985493362529
37 46 35 0.0 0.0 5271.0 0.0 9485.0 84.0 82418.0 0.0835073068893528
37 46 36 0.0 0.0 6028.0 0.0 6453.0 70.0 117388.0 0.09663169519602428
37 46 37 0.0 0.0 6966.0 0.0 5381.0 67.0 131798.0 0.09747267283993594
37 46 38 0.0 0.0 8029.0 0.0 5208.0 70.0 136014.0 0.09191779922526425
37 46 39 0.0 0.0 7727.0 0.0 3494.0 61.0 153862.0 0.10580411124546553
37 46 40 0.0 0.0 8681.0 0.0 3544.0 50.0 153803.0 0.0984113594826374
37 46 41 0.0 0.0 8221.0 0.0 3248.0 55.0 156770.0 0.10394238622020936
37 46 42 0.0 0.0 6768.0 0.0 2657.0 43.0 162278.0 0.12245254963701564
37 46 43 0.0 0.0 7600.0 0.0 4946.0 84.0 137082.0 0.09631260319207484
37 46 44 0.0 0.0 6996.0 0.0 6597.0 77.0 118392.0 0.08974934290659656
37 46 45 0.0 0.0 5555.0 0.0 8424.0 89.0 93441.0 0.08760951188986231
37 46 46 0.0 0.0 3530.0 0.0 11419.0 66.0 53642.0 0.08265926669421975
37 46 47 0.0 0.0 2310.0 0.0 12539.0 42.0 34409.0 0.08292856296647316
37 46 48 0.0 0.0 1513.0 0.0 13108.0 41.0 19296.0 0.08424092905710331
37 46 49 0.0 0.0 809.0 0.0 11974.0 25.0 5377.0 0.09476106673886556
37 46 50 0.0 0.0 297.0 0.0 6742.0 15.0 716.0 0.15509028470145117
37 46 51 0.0 0.0 12.0 0.0 374.0 2.0 0.0 0.587248322147651
37 46 52 0.0 0.0 5.0 0.0 56.0 1.0 0.0 0.6796116504854368
37 46 53 0.0 0.0 0.0 0.0 1.0 0.0 0.0 0.6996501749125437
37 47 28 0.0 0.0 0.0 0.0 23.0 0.0 0.0 0.6920415224913494
37 47 29 0.0 0.0 243.0 0.0 5461.0 25.0 380.0 0.18226793386277826
37 47 30 0.0 0.0 613.0 0.0 10491.0 31.0 2786.0 0.10698456365581537
37 47 31 0.0 0.0 654.0 0.0 10642.0 23.0 3333.0 0.10541374896468637
37 47 32 0.0 0.0 1552.0 0.0 13019.0 44.0 20370.0 0.08457170472393379
37 47 33 0.0 0.0 2029.0 0.0 12756.0 56.0 28419.0 0.08342768607353554
37 47 34 0.0 0.0 2590.0 0.0 12571.0 56.0 36927.0 0.08154706430568498
37 47 35 0.0 0.0 3668.0 0.0 11018.0 76.0 58725.0 0.08397312859884835
37 47 36 0.0 0.0 4320.0 0.0 10813.0 84.0 64478.0 0.08177092459552596
37 47 37 0.0 0.0 5188.0 0.0 10320.0 95.0 75440.0 0.08000457168981084
37 47 38 0.0 0.0 5763.0 0.0 8142.0 76.0 97282.0 0.08787897809302617
37 47 39 0.0 0.0 6610.0 0.0 7158.0 85.0 112215.0 0.08880431335236282
37 47 40 0.0 0.0 6816.0 0.0 5241.0 79.0 132711.0 0.09972220243607094
37 47 41 0.0 0.0 7550.0 0.0 6563.0 85.0 120947.0 0.08701597364659083
37 47 42 0.0 0.0 6364.0 0.0 4983.0 55.0 134704.0 0.10488462691039856
37 47 43 0.0 0.0 5605.0 0.0 4989.0 59.0 131358.0 0.11105822624147231
37 47 44 0.0 0.0 5328.0 0.0 9258.0 70.0 84890.0 0.08436784379896348
37 47 45 0.0 0.0 4004.0 0.0 10107.0 86.0 68713.0 0.08687019111442044
37 47 46 0.0 0.0 2865.0 0.0 12306.0 65.0 40866.0 0.08158983623754297
37 47 47 0.0 0.0 2378.0 0.0 12539.0 54.0 34898.0 0.0826934435912581
37 47 48 0.0 0.0 1186.0 0.0 13169.0 29.0 12586.0 0.0856269113149847
37 47 49 0.0 0.0 738.0 0.0 11726.0 33.0 5657.0 0.09687910871219983
37 47 50 0.0 0.0 388.0 0.0 7698.0 14.0 882.0 0.138902668915567
37 47 51 0.0 0.0 55.0 0.0 1857.0 12.0 32.0 0.3588823378620866
37 47 52 0.0 0.0 0.0 0.0 1.0 0.0 0.0 0.6996501749125437
37 48 28 0.0 0.0 0.0 0.0 20.0 1.0 0.0 0.6937561942517343
37 48 29 0.0 0.0 2.0 0.0 99.0 0.0 0.0 0.6666666666666665
37 48 30 0.0 0.0 513.0 0.0 10011.0 20.0 2876.0 0.11184788687385155
37 48 31 0.0 0.0 406.0 0.0 8006.0 27.0 1120.0 0.13468013468013465
37 48 32 0.0 0.0 810.0 0.0 11838.0 34.0 5165.0 0.09567416114262282
37 48 33 0.0 0.0 1012.0 0.0 12980.0 31.0 7988.0 0.08758758758758757
37 48 34 0.0 0.0 1692.0 0.0 12894.0 45.0 22590.0 0.08438309927068892
37 48 35 0.0 0.0 1893.0 0.0 13126.0 45.0 25149.0 0.08222718195700691
37 48 36 0.0 0.0 3089.0 0.0 10044.0 63.0 60077.0 0.09239704329461455
37 48 37 0.0 0.0 2925.0 0.0 12894.0 68.0 38559.0 0.0786075238629983
37 48 38 0.0 0.0 4090.0 0.0 9201.0 81.0 76170.0 0.09158108196506835
37 48 39 0.0 0.0 4509.0 0.0 10095.0 71.0 71993.0 0.08428150021070374
37 48 40 0.0 0.0 5096.0 0.0 8744.0 86.0 88338.0 0.08841174613198609
37 48 41 0.0 0.0 5045.0 0.0 9620.0 72.0 79652.0 0.08403865778257998
37 48 42 0.0 0.0 5086.0 0.0 7376.0 90.0 101576.0 0.09688581314878891
37 48 43 0.0 0.0 4513.0 0.0 9786.0 69.0 74336.0 0.08581060373889059
37 48 44 0.0 0.0 3747.0 0.0 10460.0 75.0 61435.0 0.08635045950780237
37 48 45 0.0 0.0 2797.0 0.0 12115.0 68.0 41625.0 0.08279124778237729
37 48 46 0.0 0.0 2715.0 0.0 11241.0 55.0 47201.0 0.08770830722967045
37 48 47 0.0 0.0 1761.0 0.0 13049.0 57.0 23432.0 0.08332837331111242
37 48 48 0.0 0.0 1238.0 0.0 12963.0 35.0 14780.0 0.08643042350907518
37 48 49 0.0 0.0 913.0 0.0 12502.0 35.0 7475.0 0.09090318810466852
37 48 50 0.0 0.0 228.0 0.0 4999.0 13.0 272.0 0.19404019404019401
37 48 51 0.0 0.0 10.0 0.0 193.0 5.0 0.0 0.6369426751592355
37 48 52 0.0 0.0 2.0 0.0 29.0 0.0 0.0 0.6893156080748399
37 49 29 0.0 0.0 0.0 0.0 46.0 1.0 0.0 0.684931506849315
37 49 30 0.0 0.0 142.0 0.0 3140.0 15.0 73.0 0.26580596164799697
37 49 31 0.0 0.0 285.0 0.0 5793.0 25.0 362.0 0.1738482553085806
37 49 32 0.0 0.0 265.0 0.0 5967.0 15.0 453.0 0.17029558447877385
37 49 33 0.0 0.0 655.0 0.0 11026.0 37.0 3672.0 0.10248901903367494
37 49 34 0.0 0.0 638.0 0.0 10906.0 30.0 3339.0 0.10350436196954013
37 49 35 0.0 0.0 949.0 0.0 12711.0 29.0 7816.0 0.08937691521961184
37 49 36 0.0 0.0 1774.0 0.0 12626.0 51.0 25220.0 0.08537626539821928
37 49 37 0.0 0.0 1735.0 0.0 12873.0 41.0 23314.0 0.08426120975022569
37 49 38 0.0 0.0 2068.0 0.0 12574.0 47.0 29789.0 0.08410428931875524
37 49 39 0.0 0.0 2585.0 0.0 12239.0 73.0 38259.0 0.08332837331111242
37 49 40 0.0 0.0 2537.0 0.0 12437.0 47.0 36865.0 0.08245479710230284
37 49 41 0.0 0.0 2915.0 0.0 12397.0 62.0 41298.0 0.08085942012244425
37 49 42 0.0 0.0 2447.0 0.0 13157.0 62.0 32650.0 0.07959067652075041
37 49 43 0.0 0.0 2868.0 0.0 11338.0 51.0 46800.0 0.08637176877043617
37 49 44 0.0 0.0 2078.0 0.0 12930.0 47.0 28729.0 0.08224167303060564
37 49 45 0.0 0.0 1982.0 0.0 12310.0 53.0 30914.0 0.08598452278589852
37 49 46 0.0 0.0 1677.0 0.0 12434.0 52.0 24502.0 0.08691333498882542
37 49 47 0.0 0.0 1358.0 0.0 12933.0 37.0 17263.0 0.08596340415080436
37 49 48 0.0 0.0 911.0 0.0 12216.0 27.0 9134.0 0.09258034651501124
37 49 49 0.0 0.0 632.0 0.0 10860.0 29.0 4223.0 0.10392695419790661
37 49 50 0.0 0.0 81.0 0.0 1581.0 15.0 17.0 0.38387715930902105
37 49 51 0.0 0.0 0.0 0.0 9.0 0.0 0.0 0.6968641114982577
37 49 52 0.0 0.0 0.0 0.0 1.0 0.0 0.0 0.6996501749125437
37 50 29 0.0 0.0 0.0 0.0 1.0 0.0 0.0 0.6996501749125437
37 50 30 0.0 0.0 59.0 0.0 1241.0 10.0 5.0 0.42553191489361697
37 50 31 0.0 0.0 38.0 0.0 808.0 8.0 2.0 0.4933051444679351
37 50 32 0.0 0.0 101.0 0.0 2379.0 16.0 36.0 0.31369034281873176
37 50 33 0.0 0.0 50.0 0.0 1095.0 10.0 6.0 0.4464285714285714
37 50 34 0.0 0.0 147.0 0.0 3132.0 15.0 80.0 0.2659069325735992
37 50 35 0.0 0.0 416.0 0.0 8127.0 21.0 1192.0 0.13300399011970357
37 50 36 0.0 0.0 596.0 0.0 10533.0 27.0 3288.0 0.10674799847502857
37 50 37 0.0 0.0 887.0 0.0 12185.0 36.0 9781.0 0.09298618490967055
37 50 38 0.0 0.0 1147.0 0.0 13196.0 37.0 10786.0 0.08570554025099479
37 50 39 0.0 0.0 1224.0 0.0 13292.0 31.0 12387.0 0.08480222908716456
37 50 40 0.0 0.0 1738.0 0.0 12945.0 43.0 24218.0 0.0839278220730172
37 50 41 0.0 0.0 1908.0 0.0 12316.0 43.0 29363.0 0.08630787251094259
37 50 42 0.0 0.0 1263.0 0.0 12796.0 34.0 15213.0 0.08718395815170008
37 50 43 0.0 0.0 1476.0 0.0 12956.0 54.0 18786.0 0.08528784648187633
37 50 44 0.0 0.0 1128.0 0.0 12899.0 32.0 12582.0 0.08741258741258741
37 50 45 0.0 0.0 1083.0 0.0 12908.0 40.0 10346.0 0.08763693270735524
37 50 46 0.0 0.0 962.0 0.0 12732.0 36.0 8043.0 0.08922312153463768
37 50 47 0.0 0.0 442.0 0.0 8403.0 20.0 1324.0 0.1292108906322104
37 50 48 0.0 0.0 518.0 0.0 9484.0 27.0 2109.0 0.11680293675955279
37 50 49 0.0 0.0 302.0 0.0 6760.0 19.0 691.0 0.1547645368118505
37 50 50 0.0 0.0 88.0 0.0 1764.0 17.0 12.0 0.36505867014341586
37 50 51 0.0 0.0 0.0 0.0 8.0 0.0 0.0 0.697211155378486
37 51 31 0.0 0.0 0.0 0.0 1.0 0.0 0.0 0.6996501749125437
37 51 32 0.0 0.0 5.0 0.0 109.0 0.0 0.0 0.662251655629139
37 51 33 0.0 0.0 0.0 0.0 6.0 0.0 0.0 0.6979062811565303
37 51 34 0.0 0.0 2.0 0.0 111.0 0.0 1.0 0.6625650733554187
37 51 35 0.0 0.0 15.0 0.0 497.0 4.0 4.0 0.5584363781412045
37 51 36 0.0 0.0 325.0 0.0 6843.0 25.0 702.0 0.15303891560996938
37 51 37 0.0 0.0 367.0 0.0 7719.0 19.0 1078.0 0.13899920571882443
37 51 38 0.0 0.0 374.0 0.0 8275.0 21.0 1483.0 0.13160368490317725
37 51 39 0.0 0.0 533.0 0.0 9823.0 29.0 2329.0 0.11354420113544199
37 51 40 0.0 0.0 453.0 0.0 8639.0 25.0 1458.0 0.1263651954147486
37 51 41 0.0 0.0 655.0 0.0 10681.0 18.0 2911.0 0.10499475026248688
37 51 42 0.0 0.0 461.0 0.0 9197.0 20.0 1832.0 0.12015104703055268
37 51 43 0.0 0.0 396.0 0.0 8401.0 28.0 1516.0 0.12995451591942817
37 51 44 0.0 0.0 311.0 0.0 7362.0 17.0 951.0 0.14485256078634243
37 51 45 0.0 0.0 294.0 0.0 6121.0 16.0 475.0 0.16664682775860012
37 51 46 0.0 0.0 430.0 0.0 7978.0 22.0 1089.0 0.13470605215048587
37 51 47 0.0 0.0 69.0 0.0 2337.0 16.0 40.0 0.3188339785925757
37 51 48 0.0 0.0 182.0 0.0 4059.0 17.0 166.0 0.22486347574686794
37 51 49 0.0 0.0 1.0 0.0 71.0 0.0 0.0 0.6756756756756755
37 51 50 0.0 0.0 0.0 0.0 10.0 0.0 0.0 0.6965174129353233
37 51 51 0.0 0.0 0.0 0.0 2.0 0.0 0.0 0.6993006993006992
37 52 33 0.0 0.0 0.0 0.0 2.0 0.0 0.0 0.6993006993006992
37 52 34 0.0 0.0 0.0 0.0 2.0 0.0 0.0 0.6993006993006992
37 52 35 0.0 0.0 0.0 0.0 20.0 0.0 0.0 0.6930693069306929
37 52 36 0.0 0.0 1.0 0.0 43.0 0.0 0.0 0.684931506849315
37 52 37 0.0 0.0 29.0 0.0 697.0 3.0 0.0 0.5141388174807198
37 52 38 0.0 0.0 303.0 0.0 6142.0 18.0 471.0 0.166073546856465
37 52 39 0.0 0.0 79.0 0.0 2045.0 9.0 28.0 0.34030140982012635
37 52 40 0.0 0.0 727.0 0.0 11238.0 33.0 4748.0 0.1003944065973467
37 52 41 0.0 0.0 49.0 0.0 1186.0 11.0 13.0 0.43424317617866
37 52 42 0.0 0.0 186.0 0.0 3916.0 28.0 131.0 0.2304526748971193
37 52 43 0.0 0.0 81.0 0.0 2378.0 13.0 51.0 0.31474820143884885
37 52 44 0.0 0.0 80.0 0.0 1708.0 12.0 12.0 0.3706645485835318
37 52 45 0.0 0.0 0.0 0.0 84.0 1.0 0.0 0.6721075372059528
37 52 46 0.0 0.0 6.0 0.0 75.0 2.0 0.0 0.6734006734006733
37 52 47 0.0 0.0 13.0 0.0 288.0 2.0 1.0 0.6089604175728577
37 52 48 0.0 0.0 0.0 0.0 6.0 0.0 0.0 0.6979062811565303
37 52 49 0.0 0.0 0.0 0.0 4.0 0.0 0.0 0.6986027944111775
37 52 50 0.0 0.0 0.0 0.0 1.0 0.0 0.0 0.6996501749125437
37 53 37 0.0 0.0 0.0 0.0 9.0 0.0 0.0 0.6968641114982577
37 53 38 0.0 0.0 0.0 0.0 18.0 0.0 0.0 0.694100148735746
37 53 39 0.0 0.0 0.0 0.0 53.0 0.0 0.0 0.6819288845591815
37 53 40 0.0 0.0 3.0 0.0 74.0 0.0 0.0 0.6740491092922483
37 53 41 0.0 0.0 4.0 0.0 217.0 1.0 1.0 0.6306306306306305
37 53 42 0.0 0.0 0.0 0.0 4.0 0.0 0.0 0.6986027944111775
37 53 43 0.0 0.0 0.0 0.0 9.0 0.0 0.0 0.6968641114982577
37 53 44 0.0 0.0 0.0 0.0 2.0 0.0 0.0 0.6993006993006992
37 54 40 0.0 0.0 0.0 0.0 1.0 0.0 0.0 0.6996501749125437
37 54 41 0.0 0.0 0.0 0.0 1.0 0.0 0.0 0.6996501749125437
38 26 39 0.0 0.0 0.0 0.0 2.0 0.0 0.0 0.6993006993006992
38 26 40 0.0 0.0 0.0 0.0 1.0 0.0 0.0 0.6996501749125437
38 27 35 0.0 0.0 0.0 0.0 1.0 0.0 0.0 0.6996501749125437
38 27 36 0.0 0.0 0.0 0.0 2.0 0.0 0.0 0.6993006993006992
38 27 37 0.0 0.0 0.0 0.0 3.0 0.0 0.0 0.6989515726410384
38 27 38 0.0 0.0 0.0 0.0 17.0 0.0 0.0 0.694100148735746
38 27 39 0.0 0.0 4.0 0.0 88.0 1.0 0.0 0.669536107125777
38 27 40 0.0 0.0 4.0 0.0 165.0 3.0 3.0 0.6463527239150507
38 27 41 0.0 0.0 2.0 0.0 88.0 1.0 0.0 0.6701771182383915
38 27 42 0.0 0.0 0.0 0.0 34.0 0.0 0.0 0.6882989183874139
38 27 43 0.0 0.0 0.0 0.0 9.0 0.0 0.0 0.6968641114982577
38 28 33 0.0 0.0 0.0 0.0 3.0 0.0 0.0 0.6989515726410384
38 28 34 0.0 0.0 0.0 0.0 39.0 0.0 0.0 0.6866110838646394
38 28 35 0.0 0.0 2.0 0.0 202.0 2.0 0.0 0.6357856494096276
38 28 36 0.0 0.0 93.0 0.0 2842.0 11.0 80.0 0.28437944342880356
38 28 37 0.0 0.0 40.0 0.0 1059.0 5.0 7.0 0.4524886877828054
38 28 38 0.0 0.0 119.0 0.0 3839.0 7.0 166.0 0.23517554174365862
38 28 39 0.0 0.0 209.0 0.0 4569.0 21.0 234.0 0.20716188221367268
38 28 40 0.0 0.0 490.0 0.0 9290.0 34.0 1975.0 0.11908812521265735
38 28 41 0.0 0.0 404.0 0.0 8000.0 14.0 1148.0 0.13468013468013465
38 28 42 0.0 0.0 108.0 0.0 2455.0 12.0 38.0 0.30762469786860025
38 28 43 0.0 0.0 29.0 0.0 1189.0 10.0 11.0 0.43640897755610963
38 28 44 0.0 0.0 61.0 0.0 1202.0 11.0 7.0 0.4303719643406086
38 28 45 0.0 0.0 1.0 0.0 81.0 0.0 0.0 0.6724303554274734
38 28 46 0.0 0.0 10.0 0.0 225.0 4.0 0.0 0.6275212909009411
38 28 47 0.0 0.0 0.0 0.0 9.0 0.0 0.0 0.6968641114982577
38 28 48 0.0 0.0 0.0 0.0 8.0 0.0 0.0 0.697211155378486
38 29 30 0.0 0.0 0.0 0.0 1.0 0.0 0.0 0.6996501749125437
38 29 31 0.0 0.0 0.0 0.0 9.0 0.0 0.0 0.6968641114982577
38 29 32 0.0 0.0 6.0 0.0 126.0 1.0 0.0 0.6569685593618019
38 29 33 0.0 0.0 6.0 0.0 151.0 0.0 0.0 0.6490496059341677
38 29 34 0.0 0.0 156.0 0.0 3437.0 16.0 82.0 0.2510310202617894
38 29 35 0.0 0.0 114.0 0.0 3216.0 23.0 87.0 0.2637528259231348
38 29 36 0.0 0.0 836.0 0.0 11932.0 25.0 6821.0 0.09479956663055253
38 29 37 0.0 0.0 254.0 0.0 5765.0 17.0 386.0 0.17493439960014992
38 29 38 0.0 0.0 416.0 0.0 8507.0 18.0 1592.0 0.12831087892952067
38 29 39 0.0 0.0 868.0 0.0 12251.0 34.0 8277.0 0.09264160931709897
38 29 40 0.0 0.0 786.0 0.0 11778.0 24.0 4924.0 0.096193486326783
38 29 41 0.0 0.0 1057.0 0.0 12541.0 35.0 12302.0 0.08978963571062083
38 29 42 0.0 0.0 466.0 0.0 8960.0 20.0 1659.0 0.12267788293024885
38 29 43 0.0 0.0 256.0 0.0 5642.0 17.0 416.0 0.17755231452124284
38 29 44 0.0 0.0 467.0 0.0 8998.0 23.0 1706.0 0.12233484795526038
38 29 45 0.0 0.0 352.0 0.0 7983.0 10.0 1404.0 0.13537033455811254
38 29 46 0.0 0.0 61.0 0.0 1321.0 5.0 14.0 0.41456914421083796
38 29 47 0.0 0.0 276.0 0.0 6116.0 11.0 506.0 0.1669051025274201
38 29 48 0.0 0.0 46.0 0.0 762.0 10.0 1.0 0.5005362888809438
38 29 49 0.0 0.0 0.0 0.0 22.0 0.0 0.0 0.6923837784371908
38 29 50 0.0 0.0 0.0 0.0 2.0 0.0 0.0 0.6993006993006992
38 30 30 0.0 0.0 0.0 0.0 11.0 0.0 0.0 0.6961710591745399
38 30 31 0.0 0.0 183.0 0.0 4048.0 21.0 135.0 0.22540653678956687
38 30 32 0.0 0.0 287.0 0.0 5756.0 19.0 410.0 0.17438963627304432
38 30 33 0.0 0.0 236.0 0.0 5564.0 16.0 390.0 0.17974065990499416
38 30 34 0.0 0.0 655.0 0.0 11135.0 14.0 4415.0 0.10148604566872055
38 30 35 0.0 0.0 891.0 0.0 12415.0 33.0 8009.0 0.09151523074911752
38 30 36 0.0 0.0 965.0 0.0 12639.0 31.0 8867.0 0.08977236293683871
38 30 37 0.0 0.0 856.0 0.0 12183.0 27.0 6790.0 0.0930789176251579
38 30 38 0.0 0.0 1586.0 0.0 12964.0 43.0 20968.0 0.08457170472393379
38 30 39 0.0 0.0 1361.0 0.0 13129.0 36.0 16621.0 0.08487935006669091
38 30 40 0.0 0.0 1273.0 0.0 13284.0 34.0 13331.0 0.0845359579735523
38 30 41 0.0 0.0 1647.0 0.0 12578.0 50.0 23553.0 0.08632383771118508
38 30 42 0.0 0.0 1428.0 0.0 12972.0 42.0 17956.0 0.08537105921092748
38 30 43 0.0 0.0 1472.0 0.0 13157.0 40.0 18356.0 0.08418520745640408
38 30 44 0.0 0.0 1051.0 0.0 12783.0 33.0 11240.0 0.08843408502305602
38 30 45 0.0 0.0 739.0 0.0 11691.0 25.0 5501.0 0.09704027171276078
38 30 46 0.0 0.0 469.0 0.0 9247.0 24.0 2005.0 0.11956614569988895
38 30 47 0.0 0.0 430.0 0.0 8501.0 17.0 1463.0 0.12814645308924483
38 30 48 0.0 0.0 166.0 0.0 4059.0 14.0 173.0 0.22540653678956687
38 30 49 0.0 0.0 151.0 0.0 3076.0 15.0 68.0 0.26855937080375974
38 31 29 0.0 0.0 0.0 0.0 7.0 0.0 0.0 0.6975585450921773
38 31 30 0.0 0.0 12.0 0.0 332.0 3.0 2.0 0.5980350277659119
38 31 31 0.0 0.0 311.0 0.0 6421.0 21.0 576.0 0.1606610052788616
38 31 32 0.0 0.0 480.0 0.0 9491.0 21.0 2336.0 0.11708622564188341
38 31 33 0.0 0.0 601.0 0.0 10570.0 25.0 3262.0 0.10642341315089318
38 31 34 0.0 0.0 1415.0 0.0 12726.0 42.0 19205.0 0.08677865245149692
38 31 35 0.0 0.0 1333.0 0.0 12249.0 38.0 19154.0 0.08988764044943819
38 31 36 0.0 0.0 1446.0 0.0 13386.0 44.0 16309.0 0.08322929671244278
38 31 37 0.0 0.0 1902.0 0.0 13051.0 51.0 25263.0 0.08255690529543577
38 31 38 0.0 0.0 2613.0 0.0 11063.0 62.0 47133.0 0.08929140889087313
38 31 39 0.0 0.0 2526.0 0.0 12500.0 61.0 35283.0 0.08222235273389321
38 31 40 0.0 0.0 3376.0 0.0 10304.0 88.0 59588.0 0.08942258559018905
38 31 41 0.0 0.0 2941.0 0.0 11184.0 68.0 49937.0 0.08691333498882542
38 31 42 0.0 0.0 2669.0 0.0 11876.0 63.0 41224.0 0.08451554482342287
38 31 43 0.0 0.0 2570.0 0.0 12445.0 70.0 36929.0 0.08237716975581053
38 31 44 0.0 0.0 2660.0 0.0 10552.0 65.0 50950.0 0.09212344541685857
38 31 45 0.0 0.0 1595.0 0.0 12807.0 33.0 21816.0 0.08529304252467405
38 31 46 0.0 0.0 973.0 0.0 12583.0 24.0 9558.0 0.08994539029874718
38 31 47 0.0 0.0 1199.0 0.0 12949.0 32.0 13086.0 0.08671952428146679
38 31 48 0.0 0.0 134.0 0.0 3437.0 15.0 124.0 0.251889168765743
38 31 49 0.0 0.0 7.0 0.0 218.0 2.0 0.0 0.63006300630063
38 31 50 0.0 0.0 0.0 0.0 10.0 0.0 0.0 0.6965174129353233
38 31 52 0.0 0.0 8.0 0.0 99.0 0.0 0.0 0.6641366223908918
38 32 29 0.0 0.0 9.0 0.0 134.0 1.0 0.0 0.65359477124183
38 32 30 0.0 0.0 197.0 0.0 4051.0 19.0 153.0 0.22464698331193836
38 32 31 0.0 0.0 350.0 0.0 7788.0 21.0 1112.0 0.13832625234660606
38 32 32 0.0 0.0 835.0 0.0 12106.0 38.0 6857.0 0.09380863039399624
38 32 33 0.0 0.0 865.0 0.0 12273.0 25.0 7089.0 0.09251305094825876
38 32 34 0.0 0.0 1815.0 0.0 12677.0 55.0 25539.0 0.08491538788136106
38 32 35 0.0 0.0 2501.0 0.0 11658.0 63.0 41780.0 0.08658008658008658
38 32 36 0.0 0.0 3149.0 0.0 11014.0 85.0 53001.0 0.08659079663532904
38 32 37 0.0 0.0 3677.0 0.0 11270.0 68.0 56124.0 0.08266414737836561
38 32 38 0.0 0.0 4238.0 0.0 9624.0 81.0 74055.0 0.08821120282275849
38 32 39 0.0 0.0 4291.0 0.0 10325.0 79.0 69289.0 0.08424092905710331
38 32 40 0.0 0.0 4434.0 0.0 11040.0 77.0 63500.0 0.08012361929834601
38 32 41 0.0 0.0 4757.0 0.0 8662.0 85.0 86913.0 0.09081473793461338
38 32 42 0.0 0.0 4211.0 0.0 10324.0 87.0 67961.0 0.0847098686997035
38 32 43 0.0 0.0 4153.0 0.0 10083.0 80.0 69681.0 0.08624407072013798
38 32 44 0.0 0.0 3542.0 0.0 10184.0 77.0 64092.0 0.08902454533892916
38 32 45 0.0 0.0 3177.0 0.0 10401.0 71.0 58097.0 0.0898242012062107
38 32 46 0.0 0.0 2068.0 0.0 12278.0 50.0 31397.0 0.0856269113149847
38 32 47 0.0 0.0 868.0 0.0 12160.0 26.0 6559.0 0.09322767530132516
38 32 48 0.0 0.0 312.0 0.0 7044.0 17.0 853.0 0.14982876712328763
38 32 49 0.0 0.0 303.0 0.0 6608.0 16.0 609.0 0.15725036504549025
38 32 50 0.0 0.0 147.0 0.0 3691.0 17.0 143.0 0.24030209406110536
38 32 51 0.0 0.0 65.0 0.0 1648.0 14.0 9.0 0.37858301784748505
38 32 52 0.0 0.0 1.0 0.0 21.0 1.0 0.0 0.6927263730826323
38 33 28 0.0 0.0 0.0 0.0 10.0 0.0 0.0 0.6965174129353233
38 33 29 0.0 0.0 6.0 0.0 98.0 2.0 0.0 0.6660323501427211
38 33 30 0.0 0.0 293.0 0.0 6441.0 23.0 606.0 0.16067944450820612
38 33 31 0.0 0.0 731.0 0.0 11587.0 31.0 4839.0 0.0978541972461033
38 33 32 0.0 0.0 1682.0 0.0 12776.0 44.0 22838.0 0.08502368516944005
38 33 33 0.0 0.0 1933.0 0.0 13195.0 45.0 25322.0 0.08176137359107633
38 33 34 0.0 0.0 3185.0 0.0 10956.0 54.0 54686.0 0.08663902469212202
38 33 35 0.0 0.0 4341.0 0.0 9092.0 88.0 79824.0 0.0907205806117159
38 33 36 0.0 0.0 5041.0 0.0 9595.0 79.0 80892.0 0.08411439557798604
38 33 37 0.0 0.0 5814.0 0.0 7519.0 86.0 103902.0 0.09131228802504564
38 33 38 0.0 0.0 6334.0 0.0 7091.0 80.0 111611.0 0.09078529278256921
38 33 39 0.0 0.0 6826.0 0.0 6918.0 73.0 113224.0 0.08886067914947635
38 33 40 0.0 0.0 6237.0 0.0 5102.0 67.0 133443.0 0.10503413609423061
38 33 41 0.0 0.0 6398.0 0.0 5615.0 74.0 127799.0 0.09981462997290744
38 33 42 0.0 0.0 6391.0 0.0 6073.0 75.0 122419.0 0.09684560044272274
38 33 43 0.0 0.0 6226.0 0.0 8051.0 69.0 99357.0 0.0858000858000858
38 33 44 0.0 0.0 5451.0 0.0 7497.0 81.0 102481.0 0.0937207122774133
38 33 45 0.0 0.0 4340.0 0.0 10313.0 85.0 69383.0 0.08415484491464294
38 33 46 0.0 0.0 2681.0 0.0 12493.0 63.0 37751.0 0.08154231463684547
38 33 47 0.0 0.0 2147.0 0.0 12461.0 49.0 31291.0 0.08430180044559522
38 33 48 0.0 0.0 1255.0 0.0 13052.0 35.0 14670.0 0.08591592513040809
38 33 49 0.0 0.0 1094.0 0.0 12554.0 34.0 13324.0 0.08948545861297538
38 33 50 0.0 0.0 725.0 0.0 11712.0 28.0 5308.0 0.09703354588300525
38 33 51 0.0 0.0 123.0 0.0 2955.0 8.0 66.0 0.2760796687043975
38 33 52 0.0 0.0 0.0 0.0 57.0 0.0 0.0 0.6806028196402526
38 34 28 0.0 0.0 1.0 0.0 36.0 0.0 0.0 0.6872852233676975
38 34 29 0.0 0.0 213.0 0.0 4512.0 24.0 189.0 0.20879940343027587
38 34 30 0.0 0.0 385.0 0.0 8091.0 20.0 1292.0 0.13372814977552774
38 34 31 0.0 0.0 942.0 0.0 12504.0 27.0 8582.0 0.09063248527222113
38 34 32 0.0 0.0 1625.0 0.0 13399.0 33.0 19647.0 0.08224167303060564
38 34 33 0.0 0.0 2808.0 0.0 12244.0 69.0 41245.0 0.08214034264257215
38 34 34 0.0 0.0 4475.0 0.0 10158.0 70.0 70754.0 0.08402856971370265
38 34 35 0.0 0.0 5778.0 0.0 8087.0 72.0 100817.0 0.08813900780659782
38 34 36 0.0 0.0 6605.0 0.0 5757.0 82.0 126718.0 0.09750661652040674
38 34 37 0.0 0.0 8222.0 0.0 5633.0 68.0 131924.0 0.08822232024702249
38 34 38 0.0 0.0 7415.0 0.0 3861.0 61.0 149740.0 0.10544550726820816
38 34 39 0.0 0.0 8208.0 0.0 3714.0 57.0 151182.0 0.10056026432983765
38 34 40 0.0 0.0 8174.0 0.0 3410.0 56.0 155292.0 0.10297903641044501
38 34 41 0.0 0.0 8728.0 0.0 3803.0 50.0 150886.0 0.09627948559246269
38 34 42 0.0 0.0 8157.0 0.0 4142.0 55.0 147384.0 0.09779267951941882
38 34 43 0.0 0.0 7277.0 0.0 3886.0 63.0 148840.0 0.1062941310454787
38 34 44 0.0 0.0 7265.0 0.0 5742.0 72.0 130416.0 0.09328979809422269
38 34 45 0.0 0.0 6266.0 0.0 7498.0 86.0 105428.0 0.08880431335236282
38 34 46 0.0 0.0 4861.0 0.0 9630.0 91.0 76957.0 0.08490508824064527
38 34 47 0.0 0.0 3587.0 0.0 9795.0 57.0 67478.0 0.0909208988180283
38 34 48 0.0 0.0 2533.0 0.0 11980.0 56.0 39715.0 0.08474576271186439
38 34 49 0.0 0.0 1369.0 0.0 12698.0 31.0 18068.0 0.08714054525084028
38 34 50 0.0 0.0 464.0 0.0 8694.0 19.0 1541.0 0.12557180016144945
38 34 51 0.0 0.0 233.0 0.0 4764.0 20.0 248.0 0.20057306590257878
38 34 52 0.0 0.0 7.0 0.0 162.0 2.0 0.0 0.646054453161052
38 35 28 0.0 0.0 1.0 0.0 119.0 0.0 0.0 0.6606890042472864
38 35 29 0.0 0.0 112.0 0.0 2564.0 17.0 38.0 0.30062271848829714
38 35 30 0.0 0.0 648.0 0.0 10618.0 26.0 2876.0 0.1055727320714878
38 35 31 0.0 0.0 963.0 0.0 12640.0 31.0 9027.0 0.08973783731812063
38 35 32 0.0 0.0 2500.0 0.0 12274.0 53.0 37664.0 0.0834824090638044
38 35 33 0.0 0.0 3981.0 0.0 10543.0 72.0 64892.0 0.08479709267110841
38 35 34 0.0 0.0 5838.0 0.0 8273.0 90.0 98232.0 0.0869403216791902
38 35 35 0.0 0.0 7346.0 0.0 5333.0 56.0 132537.0 0.09522513943681131
38 35 36 0.0 0.0 8186.0 0.0 3908.0 50.0 150509.0 0.09919931977609295
38 35 37 0.0 0.0 8104.0 0.0 2512.0 39.0 165244.0 0.11091744572967834
38 35 38 0.0 0.0 8579.0 0.0 1992.0 38.0 170233.0 0.11140288056019734
38 35 39 0.0 0.0 8943.0 0.0 1796.0 32.0 172952.0 0.10976087808702467
38 35 40 0.0 0.0 8218.0 0.0 1589.0 33.0 175948.0 0.11847338580011846
38 35 41 0.0 0.0 8592.0 0.0 1705.0 34.0 174356.0 0.11393229166666664
38 35 42 0.0 0.0 9389.0 0.0 2246.0 35.0 167981.0 0.10256410256410256
38 35 43 0.0 0.0 8399.0 0.0 2216.0 37.0 168224.0 0.11087352498614081
38 35 44 0.0 0.0 6903.0 0.0 2690.0 38.0 163638.0 0.12089810017271155
38 35 45 0.0 0.0 7631.0 0.0 5640.0 97.0 130086.0 0.09184543724988518
38 35 46 0.0 0.0 6126.0 0.0 6794.0 73.0 112698.0 0.09368935287425549
38 35 47 0.0 0.0 4620.0 0.0 8850.0 82.0 83256.0 0.09059729502361999
38 35 48 0.0 0.0 3605.0 0.0 10726.0 71.0 60353.0 0.08574753475837568
38 35 49 0.0 0.0 1646.0 0.0 13735.0 44.0 18079.0 0.08053382420616659
38 35 50 0.0 0.0 1021.0 0.0 12767.0 31.0 9755.0 0.08869741510390268
38 35 51 0.0 0.0 358.0 0.0 7519.0 28.0 937.0 0.1420887039480361
38 35 52 0.0 0.0 14.0 0.0 444.0 4.0 1.0 0.5704971475142624
38 35 53 0.0 0.0 0.0 0.0 3.0 0.0 0.0 0.6989515726410384
38 36 27 0.0 0.0 0.0 0.0 1.0 0.0 0.0 0.6996501749125437
38 36 28 0.0 0.0 15.0 0.0 315.0 3.0 0.0 0.6018916595012896
38 36 29 0.0 0.0 197.0 0.0 4632.0 18.0 250.0 0.20548950535740493
38 36 30 0.0 0.0 630.0 0.0 10957.0 26.0 3645.0 0.10309278350515462
38 36 31 0.0 0.0 1414.0 0.0 13475.0 39.0 13800.0 0.08289419148558232
38 36 32 0.0 0.0 2916.0 0.0 11989.0 58.0 42969.0 0.08275209835677975
38 36 33 0.0 0.0 5123.0 0.0 8766.0 82.0 87842.0 0.0880890958283521
38 36 34 0.0 0.0 6676.0 0.0 5518.0 80.0 131508.0 0.09874453378473691
38 36 35 0.0 0.0 8235.0 0.0 3932.0 62.0 150039.0 0.09884911388830048
38 36 36 0.0 0.0 8038.0 0.0 2227.0 26.0 169323.0 0.1140343732182129
38 36 37 0.0 0.0 6644.0 0.0 1054.0 15.0 182311.0 0.14438943894389436
38 36 38 0.0 0.0 8708.0 0.0 974.0 13.0 181465.0 0.11972975284358162
38 36 39 0.0 0.0 8776.0 0.0 851.0 17.0 182928.0 0.12035763411279228
38 36 40 0.0 0.0 8275.0 0.0 688.0 21.0 185096.0 0.12773722627737225
38 36 41 0.0 0.0 8309.0 0.0 691.0 7.0 184503.0 0.12706480304955525
38 36 42 0.0 0.0 8968.0 0.0 925.0 16.0 181899.0 0.11769651113913408
38 36 43 0.0 0.0 7593.0 0.0 1021.0 15.0 182219.0 0.1319634272787256
38 36 44 0.0 0.0 7820.0 0.0 1836.0 30.0 172943.0 0.12014073629108382
38 36 45 0.0 0.0 9454.0 0.0 4442.0 64.0 144614.0 0.08806693086745926
38 36 46 0.0 0.0 7873.0 0.0 6853.0 74.0 117636.0 0.08369701679918692
38 36 47 0.0 0.0 5995.0 0.0 7650.0 65.0 104687.0 0.08931989281612861
38 36 48 0.0 0.0 4420.0 0.0 8234.0 68.0 88270.0 0.09556966345825652
38 36 49 0.0 0.0 2653.0 0.0 11317.0 57.0 44969.0 0.08768084173608065
38 36 50 0.0 0.0 750.0 0.0 11472.0 24.0 4571.0 0.09843903810997047
38 36 51 0.0 0.0 455.0 0.0 9388.0 20.0 2186.0 0.11834319526627217
38 36 52 0.0 0.0 81.0 0.0 1963.0 14.0 35.0 0.347394540942928
38 36 53 0.0 0.0 0.0 0.0 7.0 0.0 0.0 0.6975585450921773
38 37 27 0.0 0.0 0.0 0.0 2.0 0.0 0.0 0.6993006993006992
38 37 28 0.0 0.0 5.0 0.0 213.0 1.0 0.0 0.6314839873703202
38 37 29 0.0 0.0 293.0 0.0 6749.0 28.0 754.0 0.15522785231178618
38 37 30 0.0 0.0 1325.0 0.0 13124.0 26.0 15980.0 0.0850391787645022
38 37 31 0.0 0.0 2057.0 0.0 12673.0 43.0 30232.0 0.08358707982566123
38 37 32 0.0 0.0 3587.0 0.0 10075.0 63.0 64390.0 0.089354097523615
38 37 33 0.0 0.0 5770.0 0.0 8854.0 90.0 91080.0 0.08418014551139437
38 37 34 0.0 0.0 7065.0 0.0 4375.0 53.0 143893.0 0.1040582726326743
38 37 35 0.0 0.0 8548.0 0.0 2670.0 46.0 163707.0 0.10601241859760714
38 37 36 0.0 0.0 6721.0 0.0 1123.0 25.0 181704.0 0.14250814332247558
38 37 37 0.0 0.0 9419.0 0.0 922.0 20.0 181925.0 0.11349817592217266
38 37 38 0.0 0.0 7590.0 0.0 504.0 11.0 187900.0 0.13869625520110954
38 37 39 0.0 2.0 8943.0 0.0 429.0 7.0 187154.0 0.12302284710017572
38 37 40 0.0 0.0 7415.0 0.0 278.0 4.0 189887.0 0.14435966178593523
38 37 41 0.0 0.0 8232.0 0.0 358.0 7.0 188428.0 0.13237518910741297
38 37 42 0.0 0.0 6985.0 0.0 398.0 5.0 189521.0 0.1490947816826411
38 37 43 0.0 0.0 6989.0 0.0 587.0 11.0 187241.0 0.1462599247806101
38 37 44 0.0 0.0 7725.0 0.0 1171.0 17.0 180775.0 0.1285465062895969
38 37 45 0.0 0.0 9418.0 0.0 2830.0 34.0 162472.0 0.0981973767272217
38 37 46 0.0 0.0 6323.0 0.0 2995.0 47.0 158292.0 0.123543946346629
38 37 47 0.0 0.0 6809.0 0.0 6933.0 59.0 114600.0 0.08875364523900088
38 37 48 0.0 0.0 4512.0 0.0 10257.0 81.0 72193.0 0.08357709987463434
38 37 49 0.0 0.0 2878.0 0.0 11097.0 67.0 50151.0 0.0876753507014028
38 37 50 0.0 0.0 1155.0 0.0 13085.0 56.0 12420.0 0.08633980881899475
38 37 51 0.0 0.0 499.0 0.0 9973.0 26.0 3001.0 0.11235955056179774
38 37 52 0.0 0.0 205.0 0.0 4588.0 20.0 211.0 0.20655060489820004
38 37 53 0.0 0.0 0.0 0.0 16.0 0.0 0.0 0.6944444444444444
38 38 27 0.0 0.0 0.0 0.0 12.0 0.0 0.0 0.6958250497017892
38 38 28 0.0 0.0 27.0 0.0 652.0 12.0 1.0 0.5251312828207051
38 38 29 0.0 0.0 326.0 0.0 7186.0 18.0 833.0 0.14743049705139005
38 38 30 0.0 0.0 862.0 0.0 12399.0 32.0 7173.0 0.09183941222776174
38 38 31 0.0 0.0 2189.0 0.0 12074.0 64.0 35162.0 0.08617505847593253
38 38 32 0.0 0.0 3770.0 0.0 11509.0 88.0 56027.0 0.0810278967473087
38 38 33 0.0 0.0 5865.0 0.0 5887.0 82.0 122724.0 0.10194422194713464
38 38 34 0.0 0.0 8289.0 0.0 4872.0 63.0 139847.0 0.09238484888478288
38 38 35 0.0 0.0 7575.0 0.0 1698.0 15.0 173329.0 0.1238609218791471
38 38 36 0.0 0.0 7640.0 0.0 931.0 13.0 183022.0 0.13251301467108376
38 38 37 0.0 1.0 8907.0 0.0 580.0 12.0 185562.0 0.12201499041310788
38 38 38 0.0 0.0 7302.0 0.0 246.0 5.0 190288.0 0.14655082173139325
38 38 39 0.0 1.0 7383.0 0.0 183.0 3.0 190979.0 0.1462599247806101
38 38 40 0.0 1.0 7001.0 0.0 133.0 3.0 191839.0 0.15337423312883433
38 38 41 0.0 0.0 6876.0 0.0 150.0 2.0 191657.0 0.1551762358678785
38 38 42 0.0 0.0 7363.0 0.0 259.0 3.0 190306.0 0.1455150192287704
38 38 43 0.0 1.0 8301.0 0.0 523.0 10.0 186622.0 0.12941393973007947
38 38 44 0.0 0.0 8593.0 0.0 1030.0 14.0 181426.0 0.12045083025036563
38 38 45 0.0 0.0 6006.0 0.0 1226.0 18.0 180485.0 0.15179442697603812
38 38 46 0.0 0.0 6313.0 0.0 2322.0 25.0 166486.0 0.13111069488668287
38 38 47 0.0 0.0 6882.0 0.0 5681.0 83.0 127419.0 0.09621993127147765
38 38 48 0.0 0.0 4626.0 0.0 9735.0 74.0 75719.0 0.08553797275004581
38 38 49 0.0 0.0 2315.0 0.0 13300.0 63.0 29456.0 0.07953641631632768
38 38 50 0.0 0.0 1137.0 0.0 12883.0 29.0 12751.0 0.08740167311774252
38 38 51 0.0 0.0 459.0 0.0 9371.0 18.0 2177.0 0.11843329667540814
38 38 52 0.0 0.0 120.0 0.0 2341.0 20.0 30.0 0.3151733453399369
38 38 53 0.0 0.0 0.0 0.0 6.0 0.0 0.0 0.6979062811565303
38 39 27 0.0 0.0 0.0 0.0 15.0 0.0 0.0 0.694789081885856
38 39 28 0.0 0.0 4.0 0.0 181.0 0.0 0.0 0.641025641025641
38 39 29 0.0 0.0 774.0 0.0 11711.0 30.0 6446.0 0.09665838166252416
38 39 30 0.0 0.0 1282.0 0.0 12884.0 29.0 16101.0 0.08646779074794639
38 39 31 0.0 0.0 2219.0 0.0 12570.0 49.0 31942.0 0.0832887143792016
38 39 32 0.0 0.0 4408.0 0.0 9813.0 77.0 74320.0 0.08629191321499012
38 39 33 0.0 0.0 6507.0 0.0 6711.0 80.0 115864.0 0.09214769959849929
38 39 34 0.0 0.0 7846.0 0.0 3514.0 59.0 154002.0 0.10479826334306458
38 39 35 0.0 0.0 7626.0 0.0 1598.0 26.0 175497.0 0.12458841327756516
38 39 36 0.0 0.0 9291.0 0.0 956.0 14.0 181417.0 0.11424840868287904
38 39 37 0.0 0.0 8007.0 0.0 376.0 6.0 188130.0 0.1348357892709236
38 39 38 0.0 0.0 6616.0 0.0 175.0 6.0 191735.0 0.15918135304150086
38 39 39 0.0 1.0 6593.0 0.0 111.0 0.0 192389.0 0.16080863772111184
38 39 40 0.0 2.0 6901.0 0.0 64.0 3.0 192446.0 0.15598885793871867
38 39 41 0.0 0.0 6814.0 0.0 104.0 1.0 192096.0 0.15689790429227835
38 39 42 0.0 0.0 7928.0 0.0 226.0 6.0 190121.0 0.13794462508621536
38 39 43 0.0 1.0 7317.0 0.0 348.0 9.0 189301.0 0.14483757500517275
38 39 44 0.0 0.0 8513.0 0.0 843.0 19.0 182966.0 0.12344590424124854
38 39 45 0.0 0.0 7576.0 0.0 1541.0 24.0 176188.0 0.12584269662921346
38 39 46 0.0 0.0 7841.0 0.0 3349.0 41.0 156161.0 0.10604453870625662
38 39 47 0.0 0.0 7100.0 0.0 7078.0 76.0 112793.0 0.08655867441572894
38 39 48 0.0 0.0 4874.0 0.0 9402.0 87.0 79769.0 0.08597396217145663
38 39 49 0.0 0.0 2437.0 0.0 11972.0 55.0 38259.0 0.08525668351501126
38 39 50 0.0 0.0 1271.0 0.0 13036.0 32.0 14231.0 0.08590011044299914
38 39 51 0.0 0.0 335.0 0.0 7022.0 18.0 756.0 0.14978067829250025
38 39 52 0.0 0.0 3.0 0.0 136.0 1.0 0.0 0.6551240056153486
38 39 53 0.0 0.0 0.0 0.0 5.0 0.0 0.0 0.6986027944111775
38 40 27 0.0 0.0 9.0 0.0 197.0 4.0 1.0 0.6357856494096276
38 40 28 0.0 0.0 361.0 0.0 7426.0 18.0 896.0 0.14328113806161086
38 40 29 0.0 0.0 344.0 0.0 6658.0 23.0 603.0 0.15578057193724265
38 40 30 0.0 0.0 1330.0 0.0 13104.0 48.0 15481.0 0.08529304252467405
38 40 31 0.0 0.0 2509.0 0.0 11817.0 62.0 41244.0 0.0857948277975242
38 40 32 0.0 0.0 4319.0 0.0 10664.0 71.0 66146.0 0.08239171374764594
38 40 33 0.0 0.0 6683.0 0.0 6378.0 76.0 120055.0 0.09285666909862704
38 40 34 0.0 0.0 7825.0 0.0 3452.0 54.0 154498.0 0.10540581237765395
38 40 35 0.0 0.0 8860.0 0.0 1877.0 24.0 171891.0 0.10971786833855798
38 40 36 0.0 0.0 9338.0 0.0 959.0 15.0 181622.0 0.11396011396011395
38 40 37 0.0 1.0 8009.0 0.0 380.0 7.0 188666.0 0.1349007515899017
38 40 38 0.0 0.0 7227.0 0.0 149.0 2.0 191595.0 0.14942896787277188
38 40 39 0.0 1.0 6355.0 0.0 82.0 1.0 193136.0 0.16609324949578833
38 40 40 0.0 1.0 6394.0 0.0 101.0 3.0 192815.0 0.16482222745467387
38 40 41 0.0 0.0 7548.0 0.0 130.0 1.0 191147.0 0.14483757500517275
38 40 42 0.0 0.0 7110.0 0.0 159.0 1.0 191529.0 0.15105740181268879
38 40 43 0.0 0.0 8266.0 0.0 422.0 4.0 187753.0 0.13085335078044674
38 40 44 0.0 0.0 10078.0 0.0 1145.0 16.0 179094.0 0.1058681185722928
38 40 45 0.0 0.0 7835.0 0.0 1775.0 27.0 173110.0 0.1205857019810508
38 40 46 0.0 0.0 6799.0 0.0 3053.0 54.0 158192.0 0.11812352345595678
38 40 47 0.0 0.0 6405.0 0.0 6360.0 73.0 119009.0 0.09472259810554803
38 40 48 0.0 0.0 4445.0 0.0 9869.0 89.0 73578.0 0.08591592513040809
38 40 49 0.0 0.0 2453.0 0.0 12311.0 63.0 36520.0 0.08358707982566123
38 40 50 0.0 0.0 1041.0 0.0 13071.0 33.0 9298.0 0.08690793966105903
38 40 51 0.0 0.0 586.0 0.0 10343.0 23.0 3020.0 0.10834236186348861
38 40 52 0.0 0.0 108.0 0.0 2836.0 14.0 76.0 0.2838029596594364
38 40 53 0.0 0.0 0.0 0.0 3.0 0.0 0.0 0.6989515726410384
38 41 27 0.0 0.0 0.0 0.0 10.0 0.0 0.0 0.6965174129353233
38 41 28 0.0 0.0 38.0 0.0 739.0 9.0 3.0 0.5057803468208091
38 41 29 0.0 0.0 223.0 0.0 5662.0 17.0 411.0 0.17786812349129713
38 41 30 0.0 0.0 767.0 0.0 11745.0 23.0 5121.0 0.09648518263266712
38 41 31 0.0 0.0 2360.0 0.0 12846.0 59.0 31959.0 0.08143796172415797
38 41 32 0.0 0.0 4507.0 0.0 9887.0 80.0 74508.0 0.08547008547008546
38 41 33 0.0 0.0 6433.0 0.0 5760.0 66.0 125392.0 0.0986401747340238
38 41 34 0.0 0.0 8126.0 0.0 3617.0 58.0 152684.0 0.10194422194713464
38 41 35 0.0 0.0 10005.0 0.0 2265.0 31.0 168014.0 0.0980804259492784
38 41 36 0.0 0.0 10047.0 0.0 985.0 11.0 180075.0 0.10745260572568884
38 41 37 0.0 2.0 8430.0 0.0 395.0 4.0 187741.0 0.12918704438497736
38 41 38 0.0 0.0 7735.0 0.0 189.0 6.0 190654.0 0.14124293785310732
38 41 39 0.0 1.0 6603.0 0.0 73.0 2.0 192623.0 0.1614949821201984
38 41 40 0.0 0.0 6520.0 0.0 84.0 2.0 192745.0 0.1624506846135994
38 41 41 0.0 1.0 7291.0 0.0 136.0 2.0 191345.0 0.14844661223624217
38 41 42 0.0 0.0 7722.0 0.0 187.0 3.0 190192.0 0.14107214832728737
38 41 43 0.0 0.0 9208.0 0.0 529.0 14.0 185522.0 0.11927074459021979
38 41 44 0.0 0.0 7432.0 0.0 996.0 15.0 182686.0 0.13417672992141075
38 41 45 0.0 0.0 8197.0 0.0 2083.0 28.0 170122.0 0.11398794984530206
38 41 46 0.0 0.0 8270.0 0.0 4548.0 65.0 142972.0 0.09446693657219972
38 41 47 0.0 0.0 6572.0 0.0 7390.0 83.0 108075.0 0.08775228782750406
38 41 48 0.0 0.0 4301.0 0.0 11106.0 91.0 63363.0 0.08046439450543134
38 41 49 0.0 0.0 2115.0 0.0 12818.0 60.0 30047.0 0.08274231678486997
38 41 50 0.0 0.0 960.0 0.0 12718.0 39.0 7761.0 0.08934839491990554
38 41 51 0.0 0.0 401.0 0.0 7506.0 15.0 862.0 0.1413998586001414
38 41 52 0.0 0.0 22.0 0.0 444.0 5.0 1.0 0.5688744412840308
38 42 28 0.0 0.0 0.0 0.0 88.0 0.0 0.0 0.6704980842911876
38 42 29 0.0 0.0 466.0 0.0 8977.0 21.0 1828.0 0.1223883206574001
38 42 30 0.0 0.0 728.0 0.0 11332.0 38.0 5124.0 0.09972930616896994
38 42 31 0.0 0.0 2249.0 0.0 12275.0 50.0 33346.0 0.0846740050804403
38 42 32 0.0 0.0 4251.0 0.0 10582.0 69.0 66056.0 0.08317490494296577
38 42 33 0.0 0.0 6707.0 0.0 7078.0 82.0 111029.0 0.08868617762574432
38 42 34 0.0 0.0 7061.0 0.0 3244.0 38.0 156837.0 0.11378413524057217
38 42 35 0.0 0.0 9553.0 0.0 2387.0 43.0 166547.0 0.1003656176069969
38 42 36 0.0 0.0 7887.0 0.0 915.0 16.0 182837.0 0.1295456648468585
38 42 37 0.0 0.0 8387.0 0.0 529.0 10.0 186702.0 0.12826385707741636
38 42 38 0.0 2.0 7357.0 0.0 233.0 4.0 190384.0 0.14589412255106293
38 42 39 0.0 0.0 6896.0 0.0 148.0 1.0 191777.0 0.1547816473189607
38 42 40 0.0 0.0 6938.0 0.0 140.0 2.0 191612.0 0.15423598105100803
38 42 41 0.0 0.0 6359.0 0.0 133.0 2.0 192402.0 0.16482222745467387
38 42 42 0.0 0.0 7651.0 0.0 299.0 6.0 189659.0 0.14063284781516824
38 42 43 0.0 0.0 9449.0 0.0 726.0 18.0 183248.0 0.11515051817733178
38 42 44 0.0 0.0 8516.0 0.0 1281.0 13.0 178534.0 0.11851350207398627
38 42 45 0.0 0.0 8329.0 0.0 2528.0 44.0 165557.0 0.10890704006223258
38 42 46 0.0 0.0 6882.0 0.0 3928.0 52.0 149231.0 0.10918733426922476
38 42 47 0.0 0.0 6188.0 0.0 7449.0 85.0 106621.0 0.08953696597595291
38 42 48 0.0 0.0 4289.0 0.0 9057.0 77.0 79673.0 0.09124682265528253
38 42 49 0.0 0.0 2295.0 0.0 12184.0 57.0 35383.0 0.08496692359045942
38 42 50 0.0 0.0 1179.0 0.0 13155.0 44.0 12183.0 0.08578957043936514
38 42 51 0.0 0.0 394.0 0.0 8079.0 23.0 1162.0 0.13389441469013005
38 42 52 0.0 0.0 99.0 0.0 2668.0 10.0 55.0 0.2943031322261929
38 42 53 0.0 0.0 0.0 0.0 3.0 0.0 0.0 0.6989515726410384
38 43 27 0.0 0.0 0.0 0.0 10.0 0.0 0.0 0.6965174129353233
38 43 28 0.0 0.0 63.0 0.0 1153.0 17.0 4.0 0.4377736085053157
38 43 29 0.0 0.0 498.0 0.0 8841.0 23.0 1515.0 0.12364214430804554
38 43 30 0.0 0.0 1095.0 0.0 12837.0 31.0 11674.0 0.08784589320449268
38 43 31 0.0 0.0 2838.0 0.0 11085.0 74.0 50418.0 0.08795627316705408
38 43 32 0.0 0.0 4007.0 0.0 10991.0 95.0 61197.0 0.08235778575210306
38 43 33 0.0 0.0 6272.0 0.0 6250.0 74.0 120444.0 0.09641209283107223
38 43 34 0.0 0.0 6794.0 0.0 3385.0 56.0 154273.0 0.11486708237610763
38 43 35 0.0 0.0 9111.0 0.0 2835.0 44.0 161904.0 0.10038720780152013
38 43 36 0.0 0.0 8199.0 0.0 1310.0 20.0 178444.0 0.12160166768001389
38 43 37 0.0 0.0 7843.0 0.0 736.0 8.0 185092.0 0.13218770654329143
38 43 38 0.0 1.0 7610.0 0.0 413.0 3.0 188271.0 0.13974845278498702
38 43 39 0.0 1.0 8247.0 0.0 326.0 7.0 188616.0 0.13233765006144246
38 43 40 1.0 0.0 7596.0 0.0 261.0 8.0 189790.0 0.1422619652474342
38 43 41 0.0 1.0 8041.0 0.0 308.0 4.0 188989.0 0.13516122803630043
38 43 42 0.0 0.0 7765.0 0.0 481.0 5.0 187936.0 0.1366253537620767
38 43 43 0.0 0.0 8779.0 0.0 989.0 17.0 181644.0 0.11886568177958906
38 43 44 0.0 0.0 9620.0 0.0 2073.0 24.0 169920.0 0.10213014298220016
38 43 45 0.0 0.0 7871.0 0.0 3165.0 47.0 158373.0 0.10730436115582126
38 43 46 0.0 1.0 6952.0 0.0 4734.0 67.0 138934.0 0.10224948875255623
38 43 47 0.0 0.0 5739.0 0.0 8047.0 79.0 98578.0 0.08869179600886917
38 43 48 0.0 0.0 3707.0 0.0 10535.0 68.0 62155.0 0.0861273454321747
38 43 49 0.0 0.0 2514.0 0.0 11230.0 45.0 43778.0 0.08880994671403196
38 43 50 0.0 0.0 798.0 0.0 11964.0 35.0 5857.0 0.09491525423728812
38 43 51 0.0 0.0 235.0 0.0 5069.0 17.0 296.0 0.19201755589082425
38 43 52 0.0 0.0 30.0 0.0 711.0 5.0 1.0 0.5116959064327484
38 43 53 0.0 0.0 0.0 0.0 2.0 0.0 0.0 0.6993006993006992
38 44 27 0.0 0.0 0.0 0.0 13.0 0.0 0.0 0.695479384003974
38 44 28 0.0 0.0 264.0 0.0 5556.0 26.0 393.0 0.17955623957932534
38 44 29 0.0 0.0 719.0 0.0 11502.0 28.0 5049.0 0.09859154929577464
38 44 30 0.0 0.0 1310.0 0.0 12751.0 36.0 16561.0 0.08716767324575056
38 44 31 0.0 0.0 2442.0 0.0 12257.0 59.0 37323.0 0.08385744234800838
38 44 32 0.0 0.0 4352.0 0.0 7963.0 87.0 92848.0 0.097888407215774
38 44 33 0.0 0.0 5836.0 0.0 7089.0 65.0 109072.0 0.09368935287425549
38 44 34 0.0 0.0 6962.0 0.0 5148.0 79.0 135053.0 0.09932600212841432
38 44 35 0.0 0.0 8349.0 0.0 3531.0 52.0 153697.0 0.10086455331412102
38 44 36 0.0 0.0 7073.0 0.0 1863.0 24.0 172499.0 0.12806439809732895
38 44 37 0.0 0.0 9156.0 0.0 1692.0 27.0 174378.0 0.10893246187363834
38 44 38 0.0 0.0 8372.0 0.0 942.0 16.0 182495.0 0.12377331800901775
38 44 39 0.0 0.0 8534.0 0.0 664.0 11.0 185053.0 0.12502232541525268
38 44 40 0.0 2.0 8106.0 0.0 563.0 9.0 186574.0 0.1311844077961019
38 44 41 0.0 0.0 7531.0 0.0 587.0 12.0 186986.0 0.13838094296728276
38 44 42 0.0 1.0 9337.0 0.0 1087.0 17.0 180528.0 0.11270326839478344
38 44 43 0.0 0.0 8245.0 0.0 1397.0 24.0 177634.0 0.12033694344163658
38 44 44 0.0 0.0 9012.0 0.0 2764.0 43.0 161856.0 0.10164815218180498
38 44 45 0.0 0.0 7578.0 0.0 4529.0 51.0 142687.0 0.09919931977609295
38 44 46 0.0 0.0 6132.0 0.0 6129.0 76.0 120630.0 0.09818360333824251
38 44 47 0.0 0.0 5034.0 0.0 8856.0 93.0 87086.0 0.08816120906801006
38 44 48 0.0 0.0 2938.0 0.0 12052.0 63.0 44399.0 0.08232388568740444
38 44 49 0.0 0.0 2349.0 0.0 11202.0 49.0 41948.0 0.08996851102114259
38 44 50 0.0 0.0 1069.0 0.0 12639.0 38.0 12492.0 0.0891662951404369
38 44 51 0.0 0.0 640.0 0.0 10702.0 20.0 3430.0 0.10493179433368309
38 44 52 0.0 0.0 2.0 0.0 89.0 1.0 0.0 0.6698564593301434
38 44 53 0.0 0.0 0.0 0.0 6.0 0.0 0.0 0.6979062811565303
38 45 27 0.0 0.0 29.0 0.0 655.0 8.0 1.0 0.5231689088191329
38 45 28 0.0 0.0 63.0 0.0 1342.0 10.0 5.0 0.4123711340206185
38 45 29 0.0 0.0 210.0 0.0 4758.0 21.0 213.0 0.2014678370988631
38 45 30 0.0 0.0 899.0 0.0 12461.0 22.0 7299.0 0.09112210361884925
38 45 31 0.0 0.0 1867.0 0.0 12877.0 47.0 25323.0 0.08362702347530016
38 45 32 0.0 0.0 3213.0 0.0 11519.0 61.0 49136.0 0.08371203061468546
38 45 33 0.0 0.0 5085.0 0.0 9041.0 97.0 85562.0 0.08687558175612782
38 45 34 0.0 0.0 6277.0 0.0 6846.0 70.0 113939.0 0.09250693802035151
38 45 35 0.0 0.0 5883.0 0.0 3745.0 56.0 148447.0 0.12039903680770551
38 45 36 0.0 0.0 8858.0 0.0 4912.0 77.0 140432.0 0.08877615726062142
38 45 37 0.0 0.0 9234.0 0.0 3312.0 45.0 156262.0 0.09614724263443444
38 45 38 0.0 0.0 7729.0 0.0 1927.0 26.0 172562.0 0.12001714530647233
38 45 39 0.0 0.0 7464.0 0.0 1250.0 26.0 179408.0 0.13074336944340678
38 45 40 0.0 0.0 6811.0 0.0 985.0 20.0 182981.0 0.14306151645207435
38 45 41 0.0 0.0 6694.0 0.0 880.0 14.0 183725.0 0.14610728449175536
38 45 42 0.0 0.0 7668.0 0.0 1489.0 20.0 177385.0 0.12532450093993375
38 45 43 0.0 0.0 7946.0 0.0 2401.0 29.0 167342.0 0.11325028312570781
38 45 44 0.0 0.0 8526.0 0.0 4804.0 69.0 141087.0 0.09136592051164914
38 45 45 0.0 0.0 6317.0 0.0 4964.0 69.0 133538.0 0.10542168674698793
38 45 46 0.0 0.0 5532.0 0.0 8350.0 51.0 94186.0 0.08792313006343025
38 45 47 0.0 0.0 3928.0 0.0 9877.0 75.0 70454.0 0.08860198721599898
38 45 48 0.0 0.0 2416.0 0.0 12240.0 70.0 36089.0 0.08410934214478821
38 45 49 0.0 0.0 1435.0 0.0 13147.0 34.0 18262.0 0.08438309927068892
38 45 50 0.0 0.0 756.0 0.0 11690.0 23.0 6641.0 0.09693277020009693
38 45 51 0.0 0.0 275.0 0.0 6015.0 12.0 465.0 0.16902088615236024
38 45 52 0.0 0.0 174.0 0.0 3801.0 22.0 143.0 0.23505708529214234
38 45 53 0.0 0.0 0.0 0.0 4.0 0.0 0.0 0.6986027944111775
38 46 28 0.0 0.0 6.0 0.0 228.0 0.0 0.0 0.6266786034019695
38 46 29 0.0 0.0 94.0 0.0 2526.0 12.0 35.0 0.3038853917950944
38 46 30 0.0 0.0 608.0 0.0 10448.0 25.0 2896.0 0.10735373054213633
38 46 31 0.0 0.0 1333.0 0.0 13263.0 42.0 14919.0 0.08435259384226064
38 46 32 0.0 0.0 3185.0 0.0 9771.0 82.0 62901.0 0.09360165808651466
38 46 33 0.0 0.0 3919.0 0.0 9511.0 78.0 73056.0 0.0907088246728003
38 46 34 0.0 0.0 4929.0 0.0 8257.0 78.0 91268.0 0.09215376513954711
38 46 35 0.0 0.0 5700.0 0.0 6744.0 81.0 112836.0 0.09689251851339191
38 46 36 0.0 0.0 7097.0 0.0 7046.0 91.0 113532.0 0.08674639073052852
38 46 37 0.0 0.0 7769.0 0.0 5603.0 73.0 130925.0 0.09111024339450735
38 46 38 0.0 0.0 7382.0 0.0 3586.0 62.0 152840.0 0.10807472595337346
38 46 39 0.0 0.0 8443.0 0.0 3195.0 45.0 158375.0 0.10264682161448785
38 46 40 0.0 0.0 8039.0 0.0 2470.0 34.0 165842.0 0.11171401212894987
38 46 41 0.0 0.0 6806.0 0.0 2032.0 29.0 170302.0 0.12904415153470364
38 46 42 0.0 0.0 9088.0 0.0 3704.0 60.0 152172.0 0.09481240688067182
38 46 43 0.0 0.0 6706.0 0.0 3370.0 56.0 155384.0 0.11594202898550723
38 46 44 0.0 0.0 7185.0 0.0 5878.0 82.0 126387.0 0.09298618490967055
38 46 45 0.0 0.0 5558.0 0.0 5863.0 85.0 121201.0 0.10449320794148378
38 46 46 0.0 0.0 4357.0 0.0 9999.0 77.0 73102.0 0.08568455841850785
38 46 47 0.0 0.0 3184.0 0.0 11280.0 65.0 51632.0 0.08499787505312366
38 46 48 0.0 0.0 2079.0 0.0 12084.0 59.0 32469.0 0.08662294270511074
38 46 49 0.0 0.0 1036.0 0.0 12633.0 35.0 11384.0 0.08930280028066592
38 46 50 0.0 0.0 464.0 0.0 9726.0 28.0 2851.0 0.11502752444334892
38 46 51 0.0 0.0 92.0 0.0 2658.0 16.0 57.0 0.29573299535276715
38 46 52 0.0 0.0 0.0 0.0 14.0 0.0 0.0 0.6951340615690167
38 46 53 0.0 0.0 0.0 0.0 2.0 0.0 0.0 0.6993006993006992
38 47 26 0.0 0.0 0.0 0.0 1.0 0.0 0.0 0.6996501749125437
38 47 28 0.0 0.0 5.0 0.0 124.0 2.0 0.0 0.6582040432534085
38 47 29 0.0 0.0 269.0 0.0 5641.0 14.0 391.0 0.17719276041007465
38 47 30 0.0 0.0 380.0 0.0 7932.0 28.0 1090.0 0.13600155430347774
38 47 31 0.0 0.0 1448.0 0.0 12891.0 31.0 18672.0 0.08563214875527554
38 47 32 0.0 0.0 1405.0 0.0 13277.0 39.0 16274.0 0.0839529863276565
38 47 33 0.0 0.0 2278.0 0.0 12684.0 67.0 32150.0 0.08260074340669064
38 47 34 0.0 0.0 3577.0 0.0 10326.0 80.0 63218.0 0.08810572687224669
38 47 35 0.0 0.0 4095.0 0.0 10854.0 72.0 62532.0 0.0826739104759655
38 47 36 0.0 0.0 5094.0 0.0 8364.0 101.0 91879.0 0.09068532193289285
38 47 37 0.0 0.0 5590.0 0.0 7726.0 86.0 100463.0 0.09137784739899484
38 47 38 0.0 0.0 6638.0 0.0 7989.0 87.0 102288.0 0.08406388855530202
38 47 39 0.0 0.0 7428.0 0.0 6876.0 73.0 115621.0 0.08590011044299914
38 47 40 0.0 0.0 7144.0 0.0 4793.0 59.0 137792.0 0.10040880728681056
38 47 41 0.0 0.0 6944.0 0.0 4495.0 56.0 141081.0 0.10400416016640664
38 47 42 0.0 0.0 7633.0 0.0 6356.0 74.0 122957.0 0.08748906386701662
38 47 43 0.0 0.0 6484.0 0.0 6705.0 67.0 115112.0 0.09201445941505092
38 47 44 0.0 0.0 5687.0 0.0 7425.0 79.0 103185.0 0.0925681036762761
38 47 45 0.0 0.0 4564.0 0.0 8509.0 68.0 87561.0 0.09272751357795733
38 47 46 0.0 0.0 4125.0 0.0 9017.0 84.0 79035.0 0.09237875288683602
38 47 47 0.0 0.0 3169.0 0.0 10203.0 66.0 58903.0 0.0909090909090909
38 47 48 0.0 0.0 2139.0 0.0 11799.0 54.0 35880.0 0.08784589320449268
38 47 49 0.0 0.0 840.0 0.0 12203.0 27.0 6737.0 0.09309129596382737
38 47 50 0.0 0.0 346.0 0.0 7229.0 20.0 817.0 0.1463669628855201
38 47 51 0.0 0.0 50.0 0.0 1340.0 8.0 8.0 0.41407867494824013
38 47 52 0.0 0.0 0.0 0.0 17.0 0.0 0.0 0.694100148735746
38 48 28 0.0 0.0 0.0 0.0 7.0 0.0 0.0 0.6975585450921773
38 48 29 0.0 0.0 75.0 0.0 1534.0 15.0 9.0 0.38953811908736774
38 48 30 0.0 0.0 407.0 0.0 8551.0 24.0 1510.0 0.12793566663620579
38 48 31 0.0 0.0 787.0 0.0 11897.0 32.0 5985.0 0.09545237608236175
38 48 32 0.0 0.0 874.0 0.0 12186.0 30.0 8982.0 0.09304180235262842
38 48 33 0.0 0.0 1150.0 0.0 13065.0 32.0 11303.0 0.08635578583765112
38 48 34 0.0 0.0 1601.0 0.0 13585.0 50.0 18103.0 0.08149959250203748
38 48 35 0.0 0.0 2134.0 0.0 13484.0 68.0 26948.0 0.07952738014087707
38 48 36 0.0 0.0 2814.0 0.0 11712.0 81.0 43886.0 0.0848536274925753
38 48 37 0.0 0.0 3567.0 0.0 10876.0 86.0 58898.0 0.08520479581279289
38 48 38 0.0 0.0 3918.0 0.0 11058.0 79.0 59947.0 0.08244508568399976
38 48 39 0.0 0.0 4712.0 0.0 9704.0 86.0 76879.0 0.08531383302864107
38 48 40 0.0 0.0 5530.0 0.0 7596.0 82.0 102349.0 0.09250082590023123
38 48 41 0.0 0.0 5391.0 0.0 7580.0 86.0 101024.0 0.09355162044771131
38 48 42 0.0 0.0 5139.0 0.0 9060.0 58.0 85233.0 0.08634513383495744
38 48 43 0.0 0.0 4664.0 0.0 9783.0 70.0 76215.0 0.08512190673071075
38 48 44 0.0 0.0 3845.0 0.0 10451.0 88.0 64535.0 0.08599508599508598
38 48 45 0.0 0.0 3505.0 0.0 10630.0 83.0 59995.0 0.08682170542635657
38 48 46 0.0 0.0 2980.0 0.0 10332.0 63.0 56741.0 0.09149130832570905
38 48 47 0.0 0.0 2809.0 0.0 10253.0 63.0 53896.0 0.09285666909862704
38 48 48 0.0 0.0 2155.0 0.0 11117.0 53.0 40327.0 0.09168303863785199
38 48 49 0.0 0.0 889.0 0.0 12482.0 20.0 7922.0 0.09102139002665625
38 48 50 0.0 0.0 262.0 0.0 5398.0 22.0 372.0 0.18322209134929981
38 48 51 0.0 0.0 29.0 0.0 436.0 9.0 0.0 0.5700325732899022
38 49 28 0.0 0.0 0.0 0.0 1.0 0.0 0.0 0.6996501749125437
38 49 29 0.0 0.0 95.0 0.0 2403.0 15.0 49.0 0.3122212310437109
38 49 30 0.0 0.0 15.0 0.0 522.0 3.0 3.0 0.5524861878453038
38 49 31 0.0 0.0 86.0 0.0 2226.0 9.0 27.0 0.3254300325430032
38 49 32 0.0 0.0 541.0 0.0 9719.0 33.0 2379.0 0.11438843042732248
38 49 33 0.0 0.0 427.0 0.0 8729.0 18.0 1866.0 0.12554927809165095
38 49 34 0.0 0.0 785.0 0.0 11669.0 28.0 4676.0 0.09691264017721167
38 49 35 0.0 0.0 1532.0 0.0 13175.0 33.0 18403.0 0.08371703641691082
38 49 36 0.0 0.0 1468.0 0.0 12946.0 37.0 18913.0 0.08527745629530364
38 49 37 0.0 0.0 2156.0 0.0 12867.0 54.0 30104.0 0.08224650452355774
38 49 38 0.0 0.0 2561.0 0.0 11911.0 55.0 40269.0 0.08492053863884506
38 49 39 0.0 0.0 3137.0 0.0 10755.0 69.0 54643.0 0.0881445570736007
38 49 40 0.0 0.0 3723.0 0.0 9405.0 77.0 71975.0 0.09246417013407304
38 49 41 0.0 0.0 3456.0 0.0 10665.0 73.0 59021.0 0.08673026886383346
38 49 42 0.0 0.0 2881.0 0.0 11798.0 43.0 44359.0 0.08378216636744464
38 49 43 0.0 0.0 2485.0 0.0 12260.0 55.0 37640.0 0.08357211079274116
38 49 44 0.0 0.0 2179.0 0.0 12343.0 47.0 32334.0 0.08467912659529425
38 49 45 0.0 0.0 1995.0 0.0 13037.0 45.0 26930.0 0.08224650452355774
38 49 46 0.0 0.0 2018.0 0.0 12307.0 45.0 31538.0 0.08568455841850785
38 49 47 0.0 0.0 1488.0 0.0 12945.0 43.0 19013.0 0.08523592085235919
38 49 48 0.0 0.0 1543.0 0.0 12773.0 44.0 20668.0 0.08582638548307993
38 49 49 0.0 0.0 850.0 0.0 12174.0 29.0 6806.0 0.09320905459387482
38 49 50 0.0 0.0 276.0 0.0 4986.0 18.0 246.0 0.19323671497584535
38 49 51 0.0 0.0 13.0 0.0 326.0 6.0 0.0 0.6000857265323617
38 49 52 0.0 0.0 1.0 0.0 8.0 1.0 0.0 0.697211155378486
38 50 29 0.0 0.0 0.0 0.0 4.0 0.0 0.0 0.6986027944111775
38 50 30 0.0 0.0 0.0 0.0 16.0 0.0 0.0 0.6944444444444444
38 50 31 0.0 0.0 1.0 0.0 29.0 1.0 0.0 0.6899950714637751
38 50 32 0.0 0.0 1.0 0.0 199.0 0.0 0.0 0.6366530241018644
38 50 33 0.0 0.0 40.0 0.0 1018.0 10.0 4.0 0.4591669399803214
38 50 34 0.0 0.0 263.0 0.0 5843.0 20.0 443.0 0.173053152039555
38 50 35 0.0 0.0 675.0 0.0 10817.0 27.0 3283.0 0.10385756676557861
38 50 36 0.0 0.0 521.0 0.0 9835.0 29.0 2471.0 0.11341542449773169
38 50 37 0.0 0.0 1257.0 0.0 13221.0 38.0 13553.0 0.08498755539367449
38 50 38 0.0 0.0 1313.0 0.0 13147.0 42.0 14392.0 0.08514779223938693
38 50 39 0.0 0.0 1213.0 0.0 12961.0 33.0 13843.0 0.08656937917388077
38 50 40 0.0 0.0 1863.0 0.0 12977.0 44.0 25984.0 0.08309591642924975
38 50 41 0.0 0.0 1401.0 0.0 13046.0 48.0 17063.0 0.08522035549062575
38 50 42 0.0 0.0 1545.0 0.0 12859.0 44.0 20895.0 0.08538667967797023
38 50 43 0.0 0.0 1100.0 0.0 12994.0 34.0 9962.0 0.08704843623702044
38 50 44 0.0 0.0 694.0 0.0 11387.0 24.0 6004.0 0.0994388806023155
38 50 45 0.0 0.0 835.0 0.0 12109.0 29.0 6399.0 0.09375209268064018
38 50 46 0.0 0.0 823.0 0.0 12098.0 22.0 7154.0 0.09378977691431634
38 50 47 0.0 0.0 1105.0 0.0 12904.0 35.0 11166.0 0.08747266479225241
38 50 48 0.0 0.0 824.0 0.0 12181.0 35.0 5482.0 0.09337690922430467
38 50 49 0.0 0.0 65.0 0.0 1854.0 11.0 33.0 0.35814786390381165
38 50 50 0.0 0.0 166.0 0.0 3371.0 20.0 75.0 0.25376110204821456
38 50 51 0.0 0.0 30.0 0.0 840.0 11.0 0.0 0.48968170689052104
38 51 31 0.0 0.0 0.0 0.0 1.0 0.0 0.0 0.6996501749125437
38 51 32 0.0 0.0 7.0 0.0 63.0 4.0 0.0 0.6776379477250725
38 51 33 0.0 0.0 9.0 0.0 173.0 5.0 0.0 0.6430868167202571
38 51 34 0.0 0.0 185.0 0.0 4276.0 26.0 199.0 0.2175940317065589
38 51 35 0.0 0.0 122.0 0.0 3452.0 20.0 129.0 0.2519798416126709
38 51 36 0.0 0.0 322.0 0.0 6896.0 18.0 729.0 0.15204170286707208
38 51 37 0.0 0.0 405.0 0.0 8195.0 21.0 1354.0 0.13218770654329143
38 51 38 0.0 0.0 739.0 0.0 11473.0 27.0 4946.0 0.09852216748768472
38 51 39 0.0 0.0 826.0 0.0 12011.0 35.0 8235.0 0.0944478175807866
38 51 40 0.0 0.0 714.0 0.0 11517.0 22.0 4750.0 0.09845980730009142
38 51 41 0.0 0.0 642.0 0.0 11111.0 21.0 3787.0 0.10187745597438508
38 51 42 0.0 0.0 591.0 0.0 10522.0 22.0 3591.0 0.10682130321989927
38 51 43 0.0 0.0 574.0 0.0 10277.0 29.0 2935.0 0.10906824555936427
38 51 44 0.0 0.0 282.0 0.0 6432.0 28.0 621.0 0.16108618110689218
38 51 45 0.0 0.0 214.0 0.0 4991.0 22.0 288.0 0.19485038274182317
38 51 46 0.0 0.0 55.0 0.0 1521.0 11.0 15.0 0.392817059483726
38 51 47 0.0 0.0 129.0 0.0 2912.0 16.0 73.0 0.27860696517412936
38 51 48 0.0 0.0 42.0 0.0 1044.0 8.0 3.0 0.4549886252843678
38 51 49 0.0 0.0 19.0 0.0 399.0 7.0 1.0 0.5806719203649937
38 51 50 0.0 0.0 1.0 0.0 18.0 0.0 0.0 0.6937561942517343
38 51 51 0.0 0.0 0.0 0.0 1.0 0.0 0.0 0.6996501749125437
38 52 33 0.0 0.0 0.0 0.0 1.0 0.0 0.0 0.6996501749125437
38 52 34 0.0 0.0 0.0 0.0 12.0 0.0 0.0 0.6958250497017892
38 52 35 0.0 0.0 18.0 0.0 277.0 6.0 0.0 0.6116207951070335
38 52 36 0.0 0.0 17.0 0.0 275.0 6.0 0.0 0.612691466083151
38 52 37 0.0 0.0 25.0 0.0 725.0 8.0 3.0 0.5105762217359591
38 52 38 0.0 0.0 144.0 0.0 3288.0 16.0 100.0 0.2583979328165374
38 52 39 0.0 0.0 371.0 0.0 7504.0 23.0 1028.0 0.14193025141930252
38 52 40 0.0 0.0 89.0 0.0 2187.0 17.0 25.0 0.3287156609532753
38 52 41 0.0 0.0 117.0 0.0 2327.0 20.0 28.0 0.31652724395206866
38 52 42 0.0 0.0 250.0 0.0 4993.0 21.0 237.0 0.19369120088544545
38 52 43 0.0 0.0 13.0 0.0 420.0 6.0 0.0 0.5768438401318499
38 52 44 0.0 0.0 12.0 0.0 266.0 1.0 0.0 0.6153846153846153
38 52 45 0.0 0.0 3.0 0.0 37.0 1.0 0.0 0.6866110838646394
38 52 46 0.0 0.0 2.0 0.0 32.0 0.0 0.0 0.6882989183874139
38 52 47 0.0 0.0 0.0 0.0 9.0 0.0 0.0 0.697211155378486
38 52 48 0.0 0.0 2.0 0.0 30.0 0.0 0.0 0.6889763779527558
38 52 49 0.0 0.0 11.0 0.0 260.0 5.0 0.0 0.6178287731685789
38 52 50 0.0 0.0 12.0 0.0 171.0 2.0 0.0 0.6419073819348922
38 53 37 0.0 0.0 2.0 0.0 26.0 0.0 0.0 0.6906758756783422
38 53 38 0.0 0.0 3.0 0.0 83.0 1.0 0.0 0.6714628297362109
38 53 39 0.0 0.0 13.0 0.0 313.0 5.0 1.0 0.6031882809133993
38 53 40 0.0 0.0 82.0 0.0 2006.0 15.0 24.0 0.34372698256813156
38 53 41 0.0 0.0 4.0 0.0 87.0 1.0 0.0 0.6698564593301434
38 53 42 0.0 0.0 0.0 0.0 3.0 1.0 0.0 0.6993006993006992
38 53 43 0.0 0.0 0.0 0.0 5.0 0.0 0.0 0.6982543640897755
39 26 38 0.0 0.0 0.0 0.0 1.0 0.0 0.0 0.6996501749125437
39 27 33 0.0 0.0 0.0 0.0 1.0 0.0 0.0 0.6996501749125437
39 27 34 0.0 0.0 0.0 0.0 2.0 0.0 0.0 0.6993006993006992
39 27 35 0.0 0.0 0.0 0.0 2.0 0.0 0.0 0.6993006993006992
39 27 36 0.0 0.0 0.0 0.0 2.0 0.0 0.0 0.6993006993006992
39 27 37 0.0 0.0 0.0 0.0 12.0 0.0 0.0 0.6958250497017892
39 27 38 0.0 0.0 4.0 0.0 109.0 0.0 0.0 0.6625650733554187
39 27 39 0.0 0.0 98.0 0.0 2364.0 16.0 38.0 0.31481897908702494
39 27 40 0.0 0.0 3.0 0.0 173.0 1.0 0.0 0.6436781609195401
39 27 41 0.0 0.0 0.0 0.0 54.0 0.0 0.0 0.6815968841285296
39 27 42 0.0 0.0 1.0 0.0 29.0 0.0 0.0 0.6899950714637751
39 27 43 0.0 0.0 2.0 0.0 33.0 0.0 0.0 0.6879606879606879
39 27 44 0.0 0.0 0.0 0.0 9.0 0.0 0.0 0.6968641114982577
39 28 33 0.0 0.0 0.0 0.0 6.0 0.0 0.0 0.6979062811565303
39 28 34 0.0 0.0 164.0 0.0 3491.0 19.0 112.0 0.24835905623558624
39 28 35 0.0 0.0 43.0 0.0 1014.0 12.0 5.0 0.46022353714661396
39 28 36 0.0 0.0 149.0 0.0 3434.0 16.0 111.0 0.25130138215760184
39 28 37 0.0 0.0 88.0 0.0 2112.0 14.0 23.0 0.3343682827800334
39 28 38 0.0 0.0 75.0 0.0 1827.0 15.0 19.0 0.3603603603603603
39 28 39 0.0 0.0 375.0 0.0 7344.0 33.0 883.0 0.144419228388694
39 28 40 0.0 0.0 209.0 0.0 4874.0 13.0 272.0 0.19790783149561772
39 28 41 0.0 0.0 368.0 0.0 7774.0 24.0 1091.0 0.13825794983211534
39 28 42 0.0 0.0 147.0 0.0 3129.0 20.0 68.0 0.26631158455392806
39 28 43 0.0 0.0 21.0 0.0 523.0 10.0 2.0 0.5524861878453038
39 28 44 0.0 0.0 15.0 0.0 513.0 5.0 2.0 0.5551149881046787
39 28 45 0.0 0.0 47.0 0.0 1037.0 7.0 3.0 0.45513654096228867
39 28 46 0.0 0.0 0.0 0.0 38.0 0.0 0.0 0.6869479882237487
39 28 47 0.0 0.0 8.0 0.0 207.0 3.0 0.0 0.6329113924050632
39 28 48 0.0 0.0 0.0 0.0 4.0 0.0 0.0 0.6986027944111775
39 29 30 0.0 0.0 0.0 0.0 1.0 0.0 0.0 0.6996501749125437
39 29 31 0.0 0.0 0.0 0.0 33.0 0.0 0.0 0.6886374815543531
39 29 32 0.0 0.0 16.0 0.0 449.0 8.0 0.0 0.5698005698005697
39 29 33 0.0 0.0 45.0 0.0 864.0 4.0 3.0 0.4820936639118457
39 29 34 0.0 0.0 57.0 0.0 1609.0 11.0 17.0 0.3829321663019693
39 29 35 0.0 0.0 773.0 0.0 11840.0 30.0 5825.0 0.09589697924515377
39 29 36 0.0 0.0 298.0 0.0 6465.0 25.0 587.0 0.16014641958361928
39 29 37 0.0 0.0 526.0 0.0 9535.0 22.0 1976.0 0.11618257261410786
39 29 38 0.0 0.0 359.0 0.0 7204.0 21.0 849.0 0.14668901927912822
39 29 39 0.0 0.0 1014.0 0.0 12642.0 31.0 10465.0 0.08945115328094051
39 29 40 0.0 0.0 774.0 0.0 11985.0 29.0 5947.0 0.09494100094941
39 29 41 0.0 0.0 1318.0 0.0 13082.0 39.0 15741.0 0.08539188777066178
39 29 42 0.0 0.0 890.0 0.0 12405.0 24.0 8029.0 0.09150924897052094
39 29 43 0.0 0.0 570.0 0.0 10371.0 34.0 2995.0 0.10831721470019341
39 29 44 0.0 0.0 227.0 0.0 5624.0 18.0 493.0 0.17868538608806633
39 29 45 0.0 0.0 403.0 0.0 8067.0 20.0 1173.0 0.1338816104045137
39 29 46 0.0 0.0 177.0 0.0 3936.0 13.0 143.0 0.22947057859367312
39 29 47 0.0 0.0 26.0 0.0 540.0 6.0 3.0 0.5468749999999999
39 29 48 0.0 0.0 30.0 0.0 873.0 8.0 4.0 0.4835924006908462
39 29 49 0.0 0.0 0.0 0.0 6.0 0.0 0.0 0.6979062811565303
39 30 30 0.0 0.0 1.0 0.0 43.0 1.0 0.0 0.6852667645619186
39 30 31 0.0 0.0 58.0 0.0 1751.0 7.0 28.0 0.3681304233499868
39 30 32 0.0 0.0 149.0 0.0 3559.0 16.0 125.0 0.2460024600246002
39 30 33 0.0 0.0 258.0 0.0 5525.0 25.0 350.0 0.180296200901481
39 30 34 0.0 0.0 656.0 0.0 10508.0 36.0 2930.0 0.10652868665347738
39 30 35 0.0 0.0 851.0 0.0 12426.0 28.0 6752.0 0.09165302782324057
39 30 36 0.0 0.0 1379.0 0.0 12523.0 44.0 19694.0 0.08810572687224669
39 30 37 0.0 0.0 1264.0 0.0 13192.0 48.0 12865.0 0.08515297123046042
39 30 38 0.0 0.0 1239.0 0.0 12794.0 48.0 15509.0 0.0873307965816231
39 30 39 0.0 0.0 1956.0 0.0 12294.0 67.0 30723.0 0.08618566855454321
39 30 40 0.0 0.0 1803.0 0.0 12902.0 55.0 24929.0 0.08387753879336168
39 30 41 0.0 0.0 1633.0 0.0 12015.0 47.0 26682.0 0.08946258546872005
39 30 42 0.0 0.0 1269.0 0.0 13042.0 40.0 15156.0 0.08583690987124462
39 30 43 0.0 0.0 929.0 0.0 12530.0 32.0 7537.0 0.09066183136899364
39 30 44 0.0 0.0 1276.0 0.0 13170.0 44.0 13848.0 0.08517887563884156
39 30 45 0.0 0.0 993.0 0.0 12598.0 32.0 10462.0 0.08984149393569915
39 30 46 0.0 0.0 676.0 0.0 10959.0 37.0 3404.0 0.10285798251414296
39 30 47 0.0 0.0 488.0 0.0 9536.0 23.0 2305.0 0.11654041455090318
39 30 48 0.0 0.0 18.0 0.0 383.0 5.0 1.0 0.5843071786310516
39 30 49 0.0 0.0 1.0 0.0 36.0 1.0 0.0 0.6876227897838899
39 30 50 0.0 0.0 0.0 0.0 1.0 0.0 0.0 0.6996501749125437
39 31 29 0.0 0.0 0.0 0.0 12.0 0.0 0.0 0.6958250497017892
39 31 30 0.0 0.0 106.0 0.0 2368.0 19.0 40.0 0.31418312387791736
39 31 31 0.0 0.0 134.0 0.0 3239.0 23.0 74.0 0.2617311647036829
39 31 32 0.0 0.0 478.0 0.0 8992.0 21.0 1619.0 0.12220670391061451
39 31 33 0.0 0.0 946.0 0.0 12509.0 28.0 7833.0 0.09062075215224286
39 31 34 0.0 0.0 1224.0 0.0 12985.0 35.0 14072.0 0.08636644046884638
39 31 35 0.0 0.0 1446.0 0.0 13006.0 41.0 18557.0 0.08512190673071075
39 31 36 0.0 0.0 2165.0 0.0 12943.0 43.0 30389.0 0.08177570093457943
39 31 37 0.0 0.0 2408.0 0.0 11950.0 61.0 37401.0 0.08558503484533561
39 31 38 0.0 0.0 2229.0 0.0 13034.0 53.0 30160.0 0.08106073765271263
39 31 39 0.0 0.0 3227.0 0.0 10703.0 72.0 56081.0 0.08792865217937444
39 31 40 0.0 0.0 2939.0 0.0 11747.0 73.0 45114.0 0.08391273076000957
39 31 41 0.0 0.0 2775.0 0.0 12388.0 65.0 40769.0 0.0816231343283582
39 31 42 0.0 0.0 3059.0 0.0 10660.0 62.0 54444.0 0.08901888472054428
39 31 43 0.0 0.0 2654.0 0.0 11859.0 62.0 41517.0 0.08483306065563835
39 31 44 0.0 0.0 2468.0 0.0 11576.0 69.0 40940.0 0.08734169318110924
39 31 45 0.0 0.0 2105.0 0.0 12600.0 48.0 30567.0 0.08378216636744464
39 31 46 0.0 0.0 1605.0 0.0 12807.0 34.0 21879.0 0.08529304252467405
39 31 47 0.0 0.0 470.0 0.0 9331.0 23.0 2324.0 0.11876484560570069
39 31 48 0.0 0.0 448.0 0.0 8853.0 24.0 1987.0 0.12404749246854509
39 31 49 0.0 0.0 41.0 0.0 1036.0 10.0 3.0 0.45647212259536996
39 31 50 0.0 0.0 0.0 0.0 51.0 0.0 0.0 0.68259385665529
39 31 51 0.0 0.0 3.0 0.0 55.0 2.0 0.0 0.6809338521400777
39 31 52 0.0 0.0 0.0 0.0 3.0 0.0 0.0 0.6993006993006992
39 32 29 0.0 0.0 12.0 0.0 162.0 3.0 0.0 0.6451612903225805
39 32 30 0.0 0.0 160.0 0.0 4118.0 16.0 184.0 0.22360645264334764
39 32 31 0.0 0.0 889.0 0.0 12399.0 28.0 7921.0 0.09161104567464991
39 32 32 0.0 0.0 721.0 0.0 11474.0 19.0 5258.0 0.09866102889358702
39 32 33 0.0 0.0 1407.0 0.0 12830.0 39.0 18402.0 0.08626001232285889
39 32 34 0.0 0.0 1476.0 0.0 13312.0 47.0 17778.0 0.0834326579261025
39 32 35 0.0 0.0 2528.0 0.0 12716.0 61.0 34660.0 0.08119707690523141
39 32 36 0.0 0.0 3427.0 0.0 11233.0 74.0 54285.0 0.084008400840084
39 32 37 0.0 0.0 4393.0 0.0 9524.0 72.0 75571.0 0.08798944126704794
39 32 38 0.0 0.0 4749.0 0.0 10274.0 76.0 73301.0 0.08222718195700691
39 32 39 0.0 0.0 4988.0 0.0 8176.0 82.0 93793.0 0.09215983147916527
39 32 40 0.0 0.0 5144.0 0.0 6925.0 80.0 107422.0 0.09953078344945257
39 32 41 0.0 0.0 5041.0 0.0 10307.0 98.0 74890.0 0.08077544426494344
39 32 42 0.0 0.0 4772.0 0.0 9373.0 78.0 80171.0 0.08672489623985627
39 32 43 0.0 0.0 4356.0 0.0 10082.0 76.0 71906.0 0.08516851198442632
39 32 44 0.0 0.0 4197.0 0.0 8540.0 81.0 85066.0 0.09505058048747368
39 32 45 0.0 0.0 3180.0 0.0 10999.0 67.0 53214.0 0.08658008658008658
39 32 46 0.0 0.0 1831.0 0.0 13398.0 49.0 22403.0 0.08123476848090982
39 32 47 0.0 0.0 1020.0 0.0 12782.0 36.0 10024.0 0.08864686886595327
39 32 48 0.0 0.0 558.0 0.0 10108.0 20.0 2976.0 0.11053213327017211
39 32 49 0.0 0.0 257.0 0.0 5803.0 21.0 422.0 0.17404276479363498
39 32 50 0.0 0.0 141.0 0.0 3021.0 15.0 61.0 0.2720031086069555
39 32 51 0.0 0.0 142.0 0.0 2970.0 22.0 56.0 0.27499508937340394
39 32 52 0.0 0.0 2.0 0.0 36.0 2.0 0.0 0.6876227897838899
39 33 28 0.0 0.0 0.0 0.0 41.0 0.0 0.0 0.6859382655560998
39 33 29 0.0 0.0 4.0 0.0 143.0 1.0 0.0 0.6523765144454798
39 33 30 0.0 0.0 418.0 0.0 8785.0 20.0 1739.0 0.12511170688114387
39 33 31 0.0 0.0 656.0 0.0 11133.0 29.0 3999.0 0.10157440325038089
39 33 32 0.0 0.0 1613.0 0.0 12882.0 50.0 21862.0 0.08484334282770739
39 33 33 0.0 0.0 2441.0 0.0 11898.0 62.0 39030.0 0.0857632933104631
39 33 34 0.0 0.0 3160.0 0.0 12098.0 68.0 46375.0 0.08104196816208392
39 33 35 0.0 0.0 4323.0 0.0 10823.0 89.0 65025.0 0.0816755148474418
39 33 36 0.0 0.0 5449.0 0.0 10620.0 90.0 74048.0 0.0775709219858156
39 33 37 0.0 0.0 6168.0 0.0 6062.0 62.0 120889.0 0.09832151134208862
39 33 38 0.0 0.0 6990.0 0.0 6788.0 78.0 116220.0 0.08864125617323033
39 33 39 0.0 0.0 7546.0 0.0 6771.0 93.0 117626.0 0.08585796639273886
39 33 40 0.0 0.0 7607.0 0.0 6416.0 78.0 121862.0 0.08740167311774252
39 33 41 0.0 0.0 7551.0 0.0 6693.0 94.0 119001.0 0.08616445100935499
39 33 42 0.0 0.0 7411.0 0.0 6937.0 78.0 116726.0 0.08556411196675222
39 33 43 0.0 0.0 6338.0 0.0 6050.0 68.0 121980.0 0.09722897423432182
39 33 44 0.0 0.0 5583.0 0.0 6687.0 82.0 112809.0 0.0980804259492784
39 33 45 0.0 0.0 4603.0 0.0 9171.0 72.0 80599.0 0.08869179600886917
39 33 46 0.0 0.0 3587.0 0.0 10588.0 96.0 61256.0 0.08668193919881122
39 33 47 0.0 0.0 2004.0 0.0 13732.0 49.0 23570.0 0.07893104809156
39 33 48 0.0 0.0 1433.0 0.0 13371.0 33.0 16200.0 0.08325899494498959
39 33 49 0.0 0.0 627.0 0.0 10664.0 25.0 3187.0 0.10538200978547232
39 33 50 0.0 0.0 648.0 0.0 10972.0 27.0 4248.0 0.10287309868469394
39 33 51 0.0 0.0 171.0 0.0 3554.0 24.0 94.0 0.24552788495264816
39 33 52 0.0 0.0 0.0 0.0 37.0 0.0 0.0 0.6872852233676975
39 34 27 0.0 0.0 0.0 0.0 3.0 0.0 0.0 0.6989515726410384
39 34 28 0.0 0.0 2.0 0.0 80.0 0.0 0.0 0.6727534839019701
39 34 29 0.0 0.0 165.0 0.0 3765.0 10.0 129.0 0.23644654619152164
39 34 30 0.0 0.0 343.0 0.0 7325.0 28.0 882.0 0.14510779436152568
39 34 31 0.0 0.0 1452.0 0.0 13013.0 36.0 18037.0 0.0850391787645022
39 34 32 0.0 0.0 1781.0 0.0 13145.0 56.0 23480.0 0.08273742686602446
39 34 33 0.0 0.0 3487.0 0.0 10862.0 76.0 58270.0 0.08554319931565439
39 34 34 0.0 0.0 5064.0 0.0 7745.0 87.0 97611.0 0.09463295930782749
39 34 35 0.0 0.0 6250.0 0.0 6467.0 84.0 117656.0 0.09512808316912413
39 34 36 0.0 0.0 7213.0 0.0 5253.0 73.0 132955.0 0.09678534393363289
39 34 37 0.0 1.0 8045.0 1.0 4154.0 56.0 147166.0 0.09868189187284132
39 34 38 0.0 0.0 8080.0 0.0 3280.0 56.0 157097.0 0.10473554275454476
39 34 39 0.0 0.0 8316.0 0.0 2956.0 41.0 160668.0 0.10546139359698681
39 34 40 0.0 0.0 7402.0 0.0 2441.0 34.0 166354.0 0.11824324324324322
39 34 41 0.0 0.0 7573.0 0.0 2677.0 27.0 163927.0 0.11407153915098181
39 34 42 0.0 0.0 8484.0 0.0 3422.0 59.0 154628.0 0.10067596720839923
39 34 43 0.0 0.0 6493.0 0.0 2865.0 37.0 160477.0 0.12323943661971828
39 34 44 0.0 0.0 7679.0 0.0 5127.0 64.0 135170.0 0.09451157766826435
39 34 45 0.0 0.0 6396.0 0.0 6233.0 82.0 121154.0 0.09566108643662452
39 34 46 0.0 0.0 5060.0 0.0 9531.0 94.0 81456.0 0.08438818565400844
39 34 47 0.0 0.0 3868.0 0.0 9727.0 70.0 69618.0 0.08975509680728297
39 34 48 0.0 0.0 2424.0 0.0 12466.0 47.0 34737.0 0.08282553392888835
39 34 49 0.0 0.0 1121.0 0.0 12811.0 28.0 12446.0 0.08784038147822812
39 34 50 0.0 0.0 658.0 0.0 10922.0 36.0 3420.0 0.10331340860453102
39 34 51 0.0 0.0 746.0 0.0 11581.0 25.0 4868.0 0.09773123909249562
39 34 52 0.0 0.0 5.0 0.0 157.0 1.0 0.0 0.6478482184173993
39 35 27 0.0 0.0 0.0 0.0 5.0 0.0 0.0 0.6982543640897755
39 35 28 0.0 0.0 21.0 0.0 615.0 8.0 0.0 0.5327245053272449
39 35 29 0.0 0.0 665.0 0.0 11210.0 29.0 5423.0 0.10094455259932222
39 35 30 0.0 0.0 863.0 0.0 12445.0 26.0 6713.0 0.09150924897052094
39 35 31 0.0 0.0 1237.0 0.0 12946.0 42.0 14599.0 0.08660686668728734
39 35 32 0.0 0.0 2894.0 0.0 11283.0 63.0 47982.0 0.08653727283965879
39 35 33 0.0 0.0 4639.0 0.0 8804.0 67.0 83826.0 0.09066770286898516
39 35 34 0.0 0.0 6221.0 0.0 6222.0 79.0 119931.0 0.09698649116730168
39 35 35 0.0 0.0 6549.0 0.0 3609.0 51.0 151197.0 0.11501807426881365
39 35 36 0.0 0.0 8812.0 0.0 3507.0 47.0 154604.0 0.0977039570102589
39 35 37 0.0 0.0 9375.0 0.0 2373.0 44.0 166463.0 0.1018848700967906
39 35 38 0.0 1.0 9033.0 0.0 1720.0 29.0 173094.0 0.10982976386600768
39 35 39 0.0 1.0 7853.0 1.0 1195.0 18.0 179867.0 0.12662807525325612
39 35 40 0.0 0.0 9334.0 0.0 1448.0 31.0 176936.0 0.10949475989363365
39 35 41 0.0 0.0 7233.0 0.0 1099.0 15.0 181634.0 0.13539651837524175
39 35 42 0.0 0.0 7246.0 0.0 1270.0 22.0 179524.0 0.13307984790874522
39 35 43 0.0 0.0 7547.0 0.0 1681.0 33.0 175250.0 0.1246771751714311
39 35 44 0.0 0.0 6999.0 0.0 2234.0 32.0 168061.0 0.1245662425482694
39 35 45 0.0 0.0 7619.0 0.0 4268.0 50.0 144692.0 0.10079919360645113
39 35 46 0.0 0.0 6876.0 0.0 7254.0 79.0 111785.0 0.08674101610904583
39 35 47 0.0 0.0 5066.0 0.0 7401.0 76.0 101624.0 0.09673852957435046
39 35 48 0.0 0.0 3711.0 0.0 10185.0 79.0 65123.0 0.0881445570736007
39 35 49 0.0 0.0 1679.0 0.0 13269.0 43.0 20634.0 0.08262999468807176
39 35 50 0.0 0.0 1170.0 0.0 12799.0 34.0 13494.0 0.0876533934385174
39 35 51 0.0 0.0 263.0 0.0 5824.0 18.0 427.0 0.1734605377276669
39 35 52 0.0 0.0 67.0 0.0 1249.0 14.0 7.0 0.423985463355542
39 36 27 0.0 0.0 0.0 0.0 4.0 0.0 0.0 0.6986027944111775
39 36 28 0.0 0.0 5.0 0.0 306.0 3.0 2.0 0.6071118820468342
39 36 29 0.0 0.0 549.0 0.0 9886.0 25.0 2425.0 0.11263073209975863
39 36 30 0.0 0.0 962.0 0.0 12828.0 30.0 9140.0 0.0887648998224702
39 36 31 0.0 0.0 1729.0 0.0 12630.0 50.0 24277.0 0.08563738683631024
39 36 32 0.0 0.0 3100.0 0.0 11909.0 66.0 45943.0 0.08229968843689377
39 36 33 0.0 0.0 5290.0 0.0 8466.0 70.0 91458.0 0.08875364523900088
39 36 34 0.0 0.0 7025.0 0.0 4966.0 67.0 136001.0 0.10002857959416976
39 36 35 0.0 0.0 7544.0 0.0 2636.0 39.0 163795.0 0.11481056257175659
39 36 36 0.0 0.0 7412.0 0.0 1471.0 19.0 177080.0 0.12859373564802057
39 36 37 0.0 0.0 7830.0 0.0 935.0 24.0 182741.0 0.13018411753766038
39 36 38 0.0 1.0 7777.0 0.0 633.0 9.0 185830.0 0.13465422718091755
39 36 39 0.0 0.0 9952.0 0.0 677.0 9.0 183491.0 0.1108998732572877
39 36 40 0.0 1.0 9078.0 0.0 573.0 10.0 185577.0 0.12022327179046799
39 36 41 0.0 0.0 7643.0 0.0 482.0 6.0 188011.0 0.13823064770932067
39 36 42 0.0 0.0 8311.0 0.0 638.0 16.0 185416.0 0.12790060295998537
39 36 43 0.0 0.0 8411.0 0.0 897.0 12.0 182496.0 0.12360939431396785
39 36 44 0.0 0.0 9695.0 0.0 1864.0 27.0 172517.0 0.10321439103509288
39 36 45 0.0 0.0 8643.0 0.0 3054.0 51.0 159720.0 0.10224948875255623
39 36 46 0.0 0.0 7225.0 0.0 4413.0 60.0 143995.0 0.10279756222923854
39 36 47 0.0 0.0 6054.0 0.0 7198.0 86.0 108311.0 0.09177920545430705
39 36 48 0.0 0.0 4295.0 0.0 10545.0 88.0 67231.0 0.08314032899815903
39 36 49 0.0 0.0 2523.0 0.0 12431.0 60.0 37303.0 0.08254716981132075
39 36 50 0.0 0.0 745.0 0.0 11664.0 31.0 4333.0 0.09725599166377213
39 36 51 0.0 0.0 489.0 0.0 9067.0 29.0 1704.0 0.12130664587124164
39 36 52 0.0 0.0 175.0 0.0 4023.0 17.0 169.0 0.22646392753154312
39 36 53 0.0 0.0 1.0 0.0 9.0 1.0 0.0 0.6968641114982577
39 37 27 0.0 0.0 0.0 0.0 1.0 0.0 0.0 0.6996501749125437
39 37 28 0.0 0.0 128.0 0.0 2969.0 13.0 86.0 0.27526543452615015
39 37 29 0.0 0.0 445.0 0.0 9124.0 21.0 2036.0 0.12104444060176377
39 37 30 0.0 0.0 1641.0 0.0 12342.0 53.0 25321.0 0.08765888172312315
39 37 31 0.0 0.0 1831.0 0.0 12921.0 51.0 24853.0 0.08360704687966555
39 37 32 0.0 0.0 4064.0 0.0 8756.0 68.0 80220.0 0.0942951438000943
39 37 33 0.0 0.0 6089.0 0.0 7915.0 74.0 100270.0 0.08746719980007496
39 37 34 0.0 0.0 7833.0 0.0 4174.0 67.0 145350.0 0.09999999999999999
39 37 35 0.0 0.0 7422.0 0.0 1777.0 38.0 173437.0 0.12495537308104246
39 37 36 0.0 0.0 8732.0 0.0 1081.0 13.0 180488.0 0.11830319418624302
39 37 37 0.0 0.0 6529.0 0.0 411.0 6.0 189315.0 0.15665212039834395
39 37 38 1.0 1.0 8342.0 0.0 376.0 7.0 188487.0 0.13063357282821683
39 37 39 0.0 0.0 8400.0 0.0 252.0 5.0 189019.0 0.1313690532044665
39 37 40 0.0 1.0 7628.0 0.0 210.0 5.0 190421.0 0.14234875444839856
39 37 41 0.0 0.0 6666.0 0.0 168.0 2.0 191791.0 0.15862225243598457
39 37 42 0.0 0.0 6963.0 0.0 219.0 6.0 190794.0 0.15243902439024387
39 37 43 0.0 0.0 8286.0 0.0 512.0 3.0 187210.0 0.1295456648468585
39 37 44 0.0 0.0 9500.0 0.0 1137.0 22.0 179385.0 0.11073321205410107
39 37 45 0.0 0.0 8453.0 0.0 1926.0 33.0 172147.0 0.11303084127240433
39 37 46 0.0 0.0 8674.0 0.0 4136.0 48.0 148000.0 0.09441596978688965
39 37 47 0.0 0.0 5972.0 0.0 5091.0 67.0 131505.0 0.10715652506697282
39 37 48 0.0 0.0 4799.0 0.0 7787.0 75.0 95448.0 0.09603512141583206
39 37 49 0.0 0.0 2667.0 0.0 12262.0 59.0 39645.0 0.0826787928896238
39 37 50 0.0 0.0 1136.0 0.0 12943.0 37.0 13054.0 0.08712969878018421
39 37 51 0.0 0.0 217.0 0.0 5248.0 21.0 356.0 0.18807092960773777
39 37 52 0.0 0.0 66.0 0.0 1596.0 12.0 15.0 0.3835616438356164
39 37 53 0.0 0.0 0.0 0.0 12.0 0.0 0.0 0.6961710591745399
39 38 27 0.0 0.0 1.0 0.0 26.0 0.0 0.0 0.6906758756783422
39 38 28 0.0 0.0 16.0 0.0 549.0 6.0 4.0 0.5473025801407349
39 38 29 0.0 0.0 392.0 0.0 8545.0 24.0 1553.0 0.12824035907300538
39 38 30 0.0 0.0 1303.0 0.0 13159.0 43.0 14955.0 0.08510638297872339
39 38 31 0.0 0.0 2457.0 0.0 12113.0 71.0 37242.0 0.08449004224502112
39 38 32 0.0 0.0 3990.0 0.0 11350.0 87.0 59174.0 0.08082207597275141
39 38 33 0.0 0.0 6879.0 0.0 8027.0 66.0 102340.0 0.08268367587999054
39 38 34 0.0 0.0 8122.0 0.0 3707.0 41.0 151311.0 0.10117068940598352
39 38 35 0.0 0.0 7878.0 0.0 1483.0 18.0 176685.0 0.1232177433550431
39 38 36 0.0 0.0 8239.0 0.0 731.0 16.0 184870.0 0.12773722627737225
39 38 37 0.0 0.0 6599.0 0.0 316.0 2.0 190640.0 0.15710919088766692
39 38 38 0.0 0.0 7690.0 0.0 181.0 2.0 190645.0 0.14177215189873416
39 38 39 0.0 0.0 7189.0 0.0 134.0 4.0 191521.0 0.15005359056806
39 38 40 0.0 0.0 6617.0 0.0 55.0 0.0 192820.0 0.16127174288676416
39 38 41 0.0 0.0 6399.0 0.0 97.0 0.0 192734.0 0.16486104569006121
39 38 42 0.0 0.0 7794.0 0.0 194.0 3.0 190472.0 0.14019627478469854
39 38 43 0.0 0.0 8776.0 0.0 358.0 7.0 187447.0 0.12570710245128847
39 38 44 0.0 0.0 6619.0 0.0 534.0 8.0 187878.0 0.15287180607119458
39 38 45 0.0 0.0 8651.0 0.0 1494.0 35.0 175886.0 0.1152547954227381
39 38 46 0.0 0.0 8320.0 0.0 3187.0 56.0 157383.0 0.10384986276982418
39 38 47 0.0 0.0 7331.0 0.0 7129.0 82.0 112827.0 0.0850856934484016
39 38 48 0.0 0.0 4817.0 0.0 10222.0 82.0 75058.0 0.08227067050596462
39 38 49 0.0 0.0 2887.0 0.0 11747.0 56.0 44557.0 0.08415484491464294
39 38 50 0.0 0.0 1174.0 0.0 13160.0 33.0 11600.0 0.0857685474483857
39 38 51 0.0 0.0 374.0 0.0 7873.0 18.0 1088.0 0.1368256450351837
39 38 52 0.0 0.0 24.0 0.0 498.0 2.0 2.0 0.5555555555555555
39 38 53 0.0 0.0 0.0 0.0 6.0 0.0 0.0 0.6979062811565303
39 39 27 0.0 0.0 0.0 0.0 5.0 0.0 0.0 0.6982543640897755
39 39 28 0.0 0.0 52.0 0.0 1584.0 9.0 20.0 0.3862068965517241
39 39 29 0.0 0.0 272.0 0.0 6859.0 17.0 836.0 0.15349194167306213
39 39 30 0.0 0.0 1084.0 0.0 12841.0 29.0 11072.0 0.08790104853393607
39 39 31 0.0 0.0 2390.0 0.0 12276.0 52.0 35491.0 0.08404874827399891
39 39 32 0.0 0.0 4523.0 0.0 8182.0 79.0 90458.0 0.09521866285792015
39 39 33 0.0 0.0 6900.0 0.0 6398.0 74.0 119124.0 0.0913420760749005
39 39 34 0.0 0.0 7858.0 0.0 2997.0 42.0 160352.0 0.10878010878010877
39 39 35 0.0 0.0 8694.0 0.0 1533.0 31.0 176120.0 0.11455691023647818
39 39 36 0.0 0.0 7500.0 -1.0 497.0 8.0 187490.0 0.13988808952837725
39 39 37 0.0 0.0 7293.0 0.0 207.0 5.0 190498.0 0.14715156611309646
39 39 38 0.0 0.0 7269.0 0.0 108.0 3.0 191663.0 0.14911066141229096
39 39 39 1.0 2.0 6474.0 0.0 53.0 0.0 193154.0 0.16420361247947451
39 39 40 1.0 0.0 5955.0 0.0 21.0 0.0 193908.0 0.17557060446450962
39 39 41 0.0 1.0 5955.0 0.0 65.0 1.0 193550.0 0.1745200698080279
39 39 42 0.0 0.0 7638.0 0.0 157.0 3.0 190871.0 0.14294465999591585
39 39 43 0.0 0.0 8788.0 0.0 269.0 5.0 188684.0 0.12674271229404308
39 39 44 0.0 0.0 9209.0 0.0 669.0 9.0 184300.0 0.11788480970023577
39 39 45 0.0 0.0 10303.0 0.0 1912.0 25.0 170980.0 0.09835604889700715
39 39 46 0.0 0.0 8463.0 0.0 3185.0 53.0 157350.0 0.10263929618768326
39 39 47 0.0 0.0 7186.0 0.0 5776.0 71.0 128072.0 0.09345794392523364
39 39 48 0.0 0.0 4986.0 0.0 8716.0 66.0 87810.0 0.08903586873569065
39 39 49 0.0 0.0 2912.0 0.0 11034.0 64.0 50219.0 0.0877412885434946
39 39 50 0.0 0.0 1363.0 0.0 13219.0 29.0 14773.0 0.08446455505279034
39 39 51 0.0 0.0 430.0 0.0 8100.0 27.0 1189.0 0.13311780926119612
39 39 52 0.0 0.0 2.0 0.0 195.0 1.0 1.0 0.6378132118451024
39 39 53 0.0 0.0 0.0 0.0 3.0 0.0 0.0 0.6989515726410384
39 40 27 0.0 0.0 0.0 0.0 10.0 0.0 0.0 0.6965174129353233
39 40 28 0.0 0.0 34.0 0.0 848.0 6.0 3.0 0.4867872044506258
39 40 29 0.0 0.0 215.0 0.0 5020.0 19.0 293.0 0.1938789641323916
39 40 30 0.0 0.0 817.0 0.0 11958.0 26.0 5812.0 0.09477389656106146
39 40 31 0.0 0.0 2727.0 0.0 11661.0 72.0 44463.0 0.08548574219942602
39 40 32 0.0 0.0 4663.0 0.0 9032.0 82.0 82741.0 0.08922312153463768
39 40 33 0.0 0.0 7041.0 0.0 5978.0 88.0 123987.0 0.09317183548515905
39 40 34 0.0 0.0 7945.0 0.0 2788.0 26.0 161834.0 0.10981253431641697
39 40 35 0.0 0.0 9032.0 0.0 1441.0 36.0 176525.0 0.11227845055738231
39 40 36 0.0 0.0 8969.0 0.0 634.0 6.0 185222.0 0.12045083025036563
39 40 37 0.0 1.0 8668.0 0.0 257.0 0.0 188895.0 0.12814645308924483
39 40 38 0.0 0.0 6710.0 0.0 72.0 2.0 192586.0 0.1595078044890053
39 40 39 0.0 0.0 5909.0 0.0 20.0 1.0 194026.0 0.17665615141955834
39 40 40 0.0 0.0 6206.0 0.0 35.0 0.0 193503.0 0.1697792869269949
39 40 41 0.0 0.0 6663.0 0.0 67.0 0.0 192598.0 0.16032982134677048
39 40 42 0.0 0.0 7797.0 0.0 83.0 1.0 191175.0 0.1415857605177993
39 40 43 0.0 0.0 9378.0 0.0 332.0 7.0 187392.0 0.11948450968677989
39 40 44 0.0 0.0 8087.0 0.0 695.0 6.0 185549.0 0.12967765839199702
39 40 45 0.0 0.0 9991.0 0.0 1943.0 32.0 170578.0 0.10038001003800098
39 40 46 0.0 0.0 8770.0 0.0 3870.0 62.0 149962.0 0.09570032127964999
39 40 47 0.0 0.0 6707.0 0.0 5763.0 73.0 126730.0 0.09673852957435046
39 40 48 0.0 0.0 4682.0 0.0 9554.0 78.0 77345.0 0.08616975441619991
39 40 49 0.0 0.0 2822.0 0.0 11980.0 49.0 42572.0 0.08316996376165864
39 40 50 0.0 0.0 1183.0 0.0 13141.0 32.0 12393.0 0.08577905765578088
39 40 51 0.0 0.0 204.0 0.0 4678.0 18.0 253.0 0.20381423788033187
39 40 52 0.0 0.0 18.0 0.0 500.0 4.0 4.0 0.5568814638027048
39 40 53 0.0 0.0 0.0 0.0 1.0 0.0 0.0 0.6996501749125437
39 41 27 0.0 0.0 0.0 0.0 2.0 0.0 0.0 0.6993006993006992
39 41 28 0.0 0.0 2.0 0.0 114.0 1.0 1.0 0.6619385342789597
39 41 29 0.0 0.0 204.0 0.0 5307.0 13.0 345.0 0.18666666666666665
39 41 30 0.0 0.0 1420.0 0.0 13200.0 43.0 16748.0 0.08429672447013487
39 41 31 0.0 0.0 2147.0 0.0 12934.0 54.0 29205.0 0.08195281859158227
39 41 32 0.0 0.0 4611.0 0.0 9614.0 87.0 76376.0 0.08635045950780237
39 41 33 0.0 0.0 6761.0 0.0 5346.0 45.0 130473.0 0.09910802775024775
39 41 34 0.0 0.0 7799.0 0.0 2659.0 46.0 163186.0 0.11240465676435164
39 41 35 0.0 0.0 7640.0 0.0 1130.0 17.0 180603.0 0.12995451591942817
39 41 36 0.0 0.0 8647.0 0.0 609.0 10.0 185519.0 0.12434496846966868
39 41 37 0.0 0.0 8234.0 0.0 292.0 6.0 189056.0 0.13305455236647024
39 41 38 0.0 1.0 7173.0 0.0 118.0 3.0 191633.0 0.1506348181622552
39 41 39 0.0 0.0 6176.0 0.0 45.0 1.0 193500.0 0.17027487229384575
39 41 40 0.0 1.0 6136.0 0.0 31.0 1.0 193627.0 0.17140058765915767
39 41 41 0.0 0.0 6256.0 0.0 55.0 1.0 193324.0 0.16849199663016007
39 41 42 0.0 0.0 7947.0 0.0 147.0 3.0 190740.0 0.13865504605328313
39 41 43 0.0 0.0 7204.0 0.0 296.0 5.0 190030.0 0.1473218983478901
39 41 44 0.0 0.0 8977.0 0.0 799.0 12.0 183128.0 0.11882532676964859
39 41 45 0.0 0.0 9004.0 0.0 1890.0 27.0 172025.0 0.10854396030392308
39 41 46 0.0 0.0 8699.0 0.0 3936.0 55.0 150231.0 0.09549143987449696
39 41 47 0.0 0.0 7263.0 0.0 7803.0 88.0 106524.0 0.0819960173363008
39 41 48 0.0 0.0 4548.0 0.0 9648.0 75.0 76348.0 0.08639308855291576
39 41 49 0.0 0.0 2145.0 0.0 13003.0 48.0 28516.0 0.08162789341729344
39 41 50 0.0 0.0 994.0 0.0 12705.0 33.0 9738.0 0.08922880815806246
39 41 51 0.0 0.0 558.0 0.0 10069.0 36.0 2683.0 0.11107584893684544
39 41 52 0.0 0.0 10.0 0.0 328.0 0.0 0.0 0.5988023952095808
39 41 53 0.0 0.0 0.0 0.0 1.0 0.0 0.0 0.6996501749125437
39 42 28 0.0 0.0 3.0 0.0 117.0 0.0 0.0 0.6603773584905659
39 42 29 0.0 0.0 238.0 0.0 6142.0 17.0 570.0 0.16740404161186176
39 42 30 0.0 0.0 1200.0 0.0 13052.0 42.0 13136.0 0.08622282441337685
39 42 31 0.0 0.0 2241.0 0.0 12494.0 59.0 32766.0 0.08365200764818355
39 42 32 0.0 0.0 4552.0 0.0 10057.0 80.0 72020.0 0.0842713537591043
39 42 33 0.0 0.0 7115.0 0.0 6640.0 70.0 118016.0 0.08879304877275321
39 42 34 0.0 0.0 7865.0 0.0 3119.0 48.0 159554.0 0.10775862068965517
39 42 35 0.0 0.0 7662.0 0.0 1335.0 25.0 178607.0 0.12744651797906234
39 42 36 0.0 0.0 8413.0 0.0 677.0 12.0 184364.0 0.12612612612612611
39 42 37 0.0 0.0 7980.0 0.0 310.0 6.0 188900.0 0.13596193065941534
39 42 38 0.0 1.0 7601.0 0.0 145.0 4.0 190959.0 0.14364867638005333
39 42 39 1.0 1.0 7811.0 0.0 136.0 2.0 191013.0 0.14070351758793967
39 42 40 0.0 1.0 7013.0 0.0 90.0 0.0 192080.0 0.15360983102918585
39 42 41 0.0 2.0 7477.0 0.0 159.0 3.0 191241.0 0.1453035806953814
39 42 42 0.0 0.0 8339.0 0.0 283.0 5.0 189054.0 0.13192612137203164
39 42 43 0.0 2.0 8838.0 0.0 533.0 15.0 186029.0 0.12323943661971828
39 42 44 0.0 0.0 8237.0 0.0 1001.0 13.0 181946.0 0.1246660730186999
39 42 45 0.0 0.0 7447.0 0.0 1716.0 21.0 174731.0 0.12525722465777933
39 42 46 0.0 0.0 7107.0 0.0 3211.0 46.0 157089.0 0.11373791534649441
39 42 47 0.0 0.0 5878.0 0.0 4859.0 72.0 135119.0 0.1098556183301946
39 42 48 0.0 0.0 4848.0 0.0 7948.0 72.0 93121.0 0.09453072248480755
39 42 49 0.0 0.0 2837.0 0.0 11469.0 66.0 47391.0 0.08595812611285072
39 42 50 0.0 0.0 1528.0 0.0 12711.0 45.0 21036.0 0.08624407072013798
39 42 51 0.0 0.0 504.0 0.0 9605.0 22.0 2490.0 0.11576945340279499
39 42 52 0.0 0.0 48.0 0.0 1136.0 9.0 8.0 0.4409448818897637
39 42 53 0.0 0.0 0.0 0.0 4.0 0.0 0.0 0.6986027944111775
39 43 27 0.0 0.0 0.0 0.0 4.0 0.0 0.0 0.6986027944111775
39 43 28 0.0 0.0 47.0 0.0 1311.0 8.0 13.0 0.41791044776119396
39 43 29 0.0 0.0 268.0 0.0 6442.0 18.0 632.0 0.16091954022988503
39 43 30 0.0 0.0 1464.0 0.0 12475.0 47.0 21436.0 0.08784589320449268
39 43 31 0.0 0.0 2259.0 0.0 12946.0 61.0 30446.0 0.08148061925270632
39 43 32 0.0 0.0 4370.0 0.0 10968.0 77.0 65233.0 0.08071490343038339
39 43 33 0.0 0.0 6675.0 0.0 5983.0 82.0 123221.0 0.09549143987449696
39 43 34 0.0 0.0 7539.0 0.0 3031.0 47.0 158289.0 0.1113143038880496
39 43 35 0.0 0.0 5781.0 0.0 1348.0 22.0 179888.0 0.153407845715538
39 43 36 0.0 0.0 9386.0 0.0 1186.0 24.0 178582.0 0.11121703209405782
39 43 37 0.0 0.0 8396.0 0.0 602.0 11.0 185733.0 0.12730744748567788
39 43 38 0.0 0.0 8410.0 0.0 365.0 6.0 187990.0 0.1298821783096762
39 43 39 0.0 1.0 7877.0 0.0 232.0 5.0 189724.0 0.1383946223803875
39 43 40 0.0 0.0 7058.0 0.0 204.0 4.0 191216.0 0.15092712376024148
39 43 41 0.0 1.0 8904.0 0.0 298.0 3.0 188199.0 0.12495537308104246
39 43 42 0.0 0.0 7039.0 0.0 372.0 10.0 189595.0 0.14879370815176957
39 43 43 0.0 1.0 9394.0 0.0 893.0 15.0 182312.0 0.11390448295500771
39 43 44 0.0 0.0 8841.0 0.0 1434.0 30.0 176423.0 0.11411803064884249
39 43 45 0.0 0.0 8186.0 0.0 2642.0 39.0 164419.0 0.10911925175370225
39 43 46 0.0 0.0 6921.0 0.0 3914.0 53.0 148004.0 0.10919585055767879
39 43 47 0.0 0.0 6238.0 0.0 7152.0 91.0 110814.0 0.09100955600338034
39 43 48 0.0 0.0 4118.0 0.0 9772.0 73.0 72104.0 0.08813900780659782
39 43 49 0.0 0.0 2417.0 0.0 12241.0 57.0 35899.0 0.0840134421507441
39 43 50 0.0 0.0 1283.0 0.0 13113.0 33.0 14700.0 0.08537105921092748
39 43 51 0.0 0.0 388.0 0.0 8082.0 17.0 1274.0 0.13384321223709367
39 43 52 0.0 0.0 140.0 0.0 3751.0 18.0 136.0 0.2383790226460071
39 43 53 0.0 0.0 0.0 0.0 12.0 0.0 0.0 0.6958250497017892
39 44 27 0.0 0.0 0.0 0.0 9.0 0.0 0.0 0.6968641114982577
39 44 28 0.0 0.0 254.0 0.0 5636.0 19.0 419.0 0.17782293915915148
39 44 29 0.0 0.0 704.0 0.0 11339.0 23.0 4050.0 0.09978617248752672
39 44 30 0.0 0.0 1275.0 0.0 13054.0 34.0 14400.0 0.08571078731480347
39 44 31 0.0 0.0 2495.0 0.0 11946.0 49.0 39846.0 0.08515297123046042
39 44 32 0.0 0.0 4638.0 0.0 8528.0 65.0 88749.0 0.09213557091148403
39 44 33 0.0 0.0 6429.0 0.0 7582.0 86.0 106573.0 0.08740712992445525
39 44 34 0.0 0.0 7739.0 0.0 4656.0 57.0 141058.0 0.09713453132588634
39 44 35 0.0 0.0 7935.0 0.0 2879.0 42.0 161366.0 0.10918733426922476
39 44 36 0.0 0.0 8372.0 0.0 1985.0 34.0 171946.0 0.1132961074694505
39 44 37 0.0 0.0 8474.0 0.0 1216.0 27.0 179304.0 0.1198014718466541
39 44 38 0.0 0.0 8984.0 0.0 859.0 13.0 182538.0 0.1181933305192064
39 44 39 0.0 0.0 7397.0 0.0 551.0 11.0 187630.0 0.1408450704225352
39 44 40 0.0 0.0 7488.0 0.0 435.0 6.0 188381.0 0.1412144442202945
39 44 41 0.0 0.0 6812.0 0.0 451.0 11.0 189020.0 0.15092712376024148
39 44 42 0.0 0.0 7239.0 0.0 626.0 8.0 186400.0 0.14182960186404617
39 44 43 0.0 1.0 8028.0 0.0 1172.0 17.0 180611.0 0.12491077801570305
39 44 44 0.0 0.0 8476.0 0.0 2375.0 34.0 167058.0 0.10887316276537833
39 44 45 0.0 2.0 8342.0 0.0 4307.0 58.0 144733.0 0.09554357469460177
39 44 46 0.0 0.0 6878.0 0.0 6525.0 101.0 118491.0 0.09102139002665625
39 44 47 0.0 0.0 5009.0 0.0 8815.0 75.0 87280.0 0.08845084660096031
39 44 48 0.0 0.0 3473.0 0.0 10762.0 65.0 58403.0 0.08620689655172413
39 44 49 0.0 0.0 1999.0 0.0 12645.0 56.0 29044.0 0.08415484491464294
39 44 50 0.0 0.0 963.0 0.0 12368.0 35.0 10062.0 0.09141364675155075
39 44 51 0.0 0.0 613.0 0.0 10411.0 20.0 3322.0 0.1075681905493661
39 44 52 0.0 0.0 46.0 0.0 1309.0 12.0 7.0 0.4187855219862398
39 44 53 0.0 0.0 0.0 0.0 2.0 0.0 0.0 0.6993006993006992
39 45 27 0.0 0.0 2.0 0.0 41.0 0.0 0.0 0.6852667645619186
39 45 28 0.0 0.0 27.0 0.0 784.0 7.0 3.0 0.499108734402852
39 45 29 0.0 0.0 904.0 0.0 12281.0 37.0 7770.0 0.09227524387028735
39 45 30 0.0 0.0 1055.0 0.0 13109.0 33.0 9339.0 0.08665511265164644
39 45 31 0.0 0.0 2718.0 0.0 11861.0 72.0 42721.0 0.08441362677117877
39 45 32 0.0 0.0 4241.0 0.0 9232.0 74.0 77915.0 0.09046849757673665
39 45 33 0.0 0.0 5369.0 0.0 6287.0 60.0 115539.0 0.10245901639344261
39 45 34 0.0 0.0 6653.0 0.0 5788.0 69.0 126425.0 0.09703354588300525
39 45 35 0.0 0.0 8588.0 0.0 5951.0 84.0 128725.0 0.08469961885171516
39 45 36 0.0 0.0 7486.0 0.0 3171.0 40.0 157837.0 0.11066318868073668
39 45 37 0.0 0.0 10412.0 0.0 3433.0 67.0 154663.0 0.08841174613198609
39 45 38 0.0 0.0 8402.0 0.0 1733.0 27.0 173824.0 0.11542583889850769
39 45 39 0.0 0.0 8556.0 0.0 1361.0 20.0 178151.0 0.11734137959936299
39 45 40 0.0 0.0 9052.0 0.0 1128.0 22.0 179758.0 0.1150086256469235
39 45 41 0.0 0.0 8138.0 0.0 1111.0 22.0 180939.0 0.12454407970821099
39 45 42 0.0 1.0 7218.0 1.0 1233.0 35.0 179856.0 0.1340610935554917
39 45 43 0.0 0.0 8255.0 0.0 2316.0 40.0 168175.0 0.11144722177997134
39 45 44 0.0 0.0 6119.0 0.0 2544.0 26.0 164608.0 0.13113525665043085
39 45 45 0.0 0.0 7771.0 0.0 7085.0 71.0 115541.0 0.08299247139723752
39 45 46 0.0 0.0 5725.0 0.0 8851.0 80.0 91727.0 0.08445436448090728
39 45 47 0.0 0.0 4002.0 0.0 10845.0 88.0 63250.0 0.08316996376165864
39 45 48 0.0 0.0 2670.0 0.0 11308.0 72.0 46379.0 0.08764241893076248
39 45 49 0.0 0.0 1348.0 0.0 13568.0 32.0 13656.0 0.08269832831236339
39 45 50 0.0 0.0 859.0 0.0 12232.0 26.0 8581.0 0.09279512162789155
39 45 51 0.0 0.0 183.0 0.0 3612.0 17.0 90.0 0.242382271468144
39 45 52 0.0 0.0 49.0 0.0 851.0 13.0 3.0 0.48510048510048503
39 45 53 0.0 0.0 0.0 0.0 2.0 0.0 0.0 0.6993006993006992
39 46 27 0.0 0.0 52.0 0.0 1421.0 10.0 7.0 0.404273751082876
39 46 28 0.0 0.0 162.0 0.0 4353.0 13.0 259.0 0.21528525296017217
39 46 29 0.0 0.0 330.0 0.0 7276.0 17.0 898.0 0.14590932777488275
39 46 30 0.0 0.0 977.0 0.0 12373.0 23.0 11183.0 0.09119927040583675
39 46 31 0.0 0.0 1745.0 0.0 13056.0 44.0 23172.0 0.08329366968110423
39 46 32 0.0 0.0 3505.0 0.0 10095.0 68.0 65360.0 0.08972633467922835
39 46 33 0.0 0.0 4308.0 0.0 10204.0 78.0 70068.0 0.08480736612551489
39 46 34 0.0 0.0 5367.0 0.0 8519.0 93.0 92084.0 0.0882556893399735
39 46 35 0.0 0.0 6334.0 0.0 6788.0 74.0 113393.0 0.09264774005691216
39 46 36 0.0 0.0 7437.0 0.0 7588.0 103.0 111006.0 0.08234325373485472
39 46 37 0.0 0.0 6602.0 0.0 3671.0 50.0 150055.0 0.1140343732182129
39 46 38 0.0 0.0 8172.0 0.0 3684.0 50.0 151528.0 0.10089362928797924
39 46 39 0.0 0.0 8538.0 0.0 2939.0 44.0 159724.0 0.10389610389610389
39 46 40 0.0 0.0 7621.0 0.0 2246.0 28.0 168591.0 0.11793446213461375
39 46 41 0.0 0.0 7750.0 0.0 2304.0 34.0 168114.0 0.1161247511612475
39 46 42 0.0 0.0 8113.0 0.0 3078.0 47.0 159567.0 0.10616516266019564
39 46 43 0.0 0.0 6619.0 0.0 3107.0 48.0 157357.0 0.11933174224343673
39 46 44 0.0 0.0 6678.0 0.0 4696.0 79.0 138614.0 0.10478257615447945
39 46 45 0.0 0.0 6129.0 0.0 6826.0 91.0 113516.0 0.09371443871745096
39 46 46 0.0 0.0 4620.0 0.0 8154.0 75.0 92170.0 0.09469056476158268
39 46 47 0.0 0.0 3531.0 0.0 9951.0 81.0 64496.0 0.09046265184802273
39 46 48 0.0 0.0 2551.0 0.0 10929.0 64.0 47835.0 0.09048603929679419
39 46 49 0.0 0.0 1570.0 0.0 12698.0 44.0 21799.0 0.08606381016782443
39 46 50 0.0 0.0 213.0 0.0 5175.0 19.0 338.0 0.18983050847457625
39 46 51 0.0 0.0 331.0 0.0 7100.0 17.0 808.0 0.14858841010401186
39 46 52 0.0 0.0 1.0 0.0 49.0 1.0 0.0 0.6832601268911663
39 46 53 0.0 0.0 1.0 0.0 4.0 0.0 0.0 0.6982543640897755
39 47 27 0.0 0.0 0.0 0.0 4.0 0.0 0.0 0.6986027944111775
39 47 28 0.0 0.0 0.0 0.0 46.0 0.0 0.0 0.6842619745845552
39 47 29 0.0 0.0 219.0 0.0 4519.0 20.0 183.0 0.20839535576064305
39 47 30 0.0 0.0 547.0 0.0 10387.0 38.0 3349.0 0.10847667751433442
39 47 31 0.0 0.0 977.0 0.0 12520.0 37.0 9197.0 0.09036338991802748
39 47 32 0.0 0.0 1907.0 0.0 13114.0 38.0 25343.0 0.08211143695014661
39 47 33 0.0 0.0 2939.0 0.0 11415.0 64.0 47398.0 0.08559550012227927
39 47 34 0.0 0.0 4006.0 0.0 10220.0 83.0 68050.0 0.08620689655172413
39 47 35 0.0 0.0 4725.0 0.0 9415.0 92.0 81007.0 0.08682709005209624
39 47 36 0.0 0.0 5321.0 0.0 7215.0 83.0 105814.0 0.09637227232050663
39 47 37 0.0 0.0 6030.0 0.0 8519.0 78.0 96075.0 0.08451554482342287
39 47 38 0.0 0.0 6790.0 0.0 7947.0 93.0 104043.0 0.08362702347530016
39 47 39 0.0 0.0 7149.0 0.0 6392.0 95.0 120853.0 0.09009009009009007
39 47 40 0.0 0.0 6912.0 0.0 4128.0 52.0 145353.0 0.10737019710100466
39 47 41 0.0 0.0 7419.0 0.0 4678.0 68.0 140259.0 0.09936830151181772
39 47 42 0.0 0.0 7037.0 0.0 5651.0 90.0 129274.0 0.09540684203352867
39 47 43 0.0 0.0 6677.0 0.0 8582.0 81.0 97696.0 0.08110300081103
39 47 44 0.0 0.0 5625.0 0.0 8116.0 95.0 98535.0 0.08908119114278441
39 47 45 0.0 0.0 4847.0 0.0 8228.0 66.0 91084.0 0.09278897136797455
39 47 46 0.0 0.0 4224.0 0.0 7295.0 89.0 98138.0 0.10376519418914912
39 47 47 0.0 0.0 3199.0 0.0 10815.0 88.0 54484.0 0.0875109388673584
39 47 48 0.0 0.0 1386.0 0.0 13297.0 41.0 15391.0 0.08392279103225031
39 47 49 0.0 0.0 1057.0 0.0 12826.0 34.0 10359.0 0.08818342151675483
39 47 50 0.0 0.0 399.0 0.0 8657.0 23.0 1645.0 0.1268345714803406
39 47 51 0.0 0.0 39.0 0.0 1110.0 7.0 9.0 0.4461440407903122
39 47 52 0.0 0.0 0.0 0.0 5.0 0.0 0.0 0.6986027944111775
39 48 28 0.0 0.0 1.0 0.0 19.0 1.0 0.0 0.6934125804853887
39 48 29 0.0 0.0 69.0 0.0 1596.0 12.0 18.0 0.3831417624521072
39 48 30 0.0 0.0 330.0 0.0 6701.0 31.0 655.0 0.15545192094159446
39 48 31 0.0 0.0 637.0 0.0 11016.0 30.0 3832.0 0.10263929618768326
39 48 32 0.0 0.0 1423.0 0.0 12969.0 33.0 18419.0 0.08534503779565958
39 48 33 0.0 0.0 1399.0 0.0 13256.0 35.0 16008.0 0.08406893652795291
39 48 34 0.0 0.0 1994.0 0.0 12620.0 68.0 28812.0 0.08437801350048216
39 48 35 0.0 0.0 2902.0 0.0 11559.0 64.0 46545.0 0.08509086488786238
39 48 36 0.0 0.0 3297.0 0.0 11001.0 54.0 55129.0 0.085831647354546
39 48 37 0.0 0.0 3910.0 0.0 9788.0 70.0 70095.0 0.08914926133469178
39 48 38 0.0 0.0 4343.0 0.0 9629.0 88.0 75756.0 0.0876753507014028
39 48 39 0.0 0.0 5004.0 0.0 8298.0 83.0 90456.0 0.09156910196873569
39 48 40 0.0 0.0 5473.0 0.0 9385.0 87.0 85104.0 0.08299247139723752
39 48 41 0.0 0.0 5172.0 0.0 6210.0 76.0 116182.0 0.10462596218518794
39 48 42 0.0 0.0 4836.0 0.0 10175.0 93.0 73714.0 0.08225616921269095
39 48 43 0.0 0.0 4328.0 0.0 10130.0 67.0 71041.0 0.0850856934484016
39 48 44 0.0 0.0 3444.0 0.0 12168.0 79.0 48083.0 0.0795138297268132
39 48 45 0.0 0.0 3525.0 0.0 10431.0 75.0 60401.0 0.08777429467084638
39 48 46 0.0 0.0 2790.0 0.0 12258.0 69.0 41001.0 0.08212106992022523
39 48 47 0.0 0.0 2241.0 0.0 12261.0 57.0 34350.0 0.08485877076009213
39 48 48 0.0 0.0 1082.0 0.0 12981.0 34.0 11460.0 0.08726003490401395
39 48 49 0.0 0.0 935.0 0.0 12544.0 29.0 8160.0 0.09046849757673665
39 48 50 0.0 0.0 439.0 0.0 9144.0 23.0 2128.0 0.12103397596611047
39 48 51 0.0 0.0 8.0 0.0 251.0 3.0 0.0 0.6211180124223601
39 49 28 0.0 0.0 0.0 0.0 1.0 0.0 0.0 0.6996501749125437
39 49 29 0.0 0.0 1.0 0.0 42.0 1.0 0.0 0.6856023506366307
39 49 30 0.0 0.0 73.0 0.0 1711.0 8.0 13.0 0.3707627118644067
39 49 31 0.0 0.0 331.0 0.0 6827.0 21.0 725.0 0.1531226074592584
39 49 32 0.0 0.0 561.0 0.0 10194.0 23.0 2728.0 0.10981253431641697
39 49 33 0.0 0.0 1078.0 0.0 12987.0 30.0 10556.0 0.08715139442231075
39 49 34 0.0 0.0 943.0 0.0 12656.0 28.0 7549.0 0.0897666068222621
39 49 35 0.0 0.0 1649.0 0.0 12978.0 36.0 21397.0 0.08421559191530316
39 49 36 0.0 0.0 2049.0 0.0 12969.0 47.0 29192.0 0.08220786846741045
39 49 37 0.0 0.0 2047.0 0.0 12481.0 50.0 29852.0 0.08474576271186439
39 49 38 0.0 0.0 2398.0 0.0 12462.0 46.0 35688.0 0.0829875518672199
39 49 39 0.0 0.0 3109.0 0.0 10803.0 79.0 54540.0 0.08797838245459687
39 49 40 0.0 0.0 3106.0 0.0 11533.0 79.0 49973.0 0.08420039694472845
39 49 41 0.0 0.0 3237.0 0.0 11658.0 59.0 49128.0 0.08285984848484848
39 49 42 0.0 0.0 3325.0 0.0 10587.0 76.0 57922.0 0.08805585256934396
39 49 43 0.0 0.0 2532.0 0.0 12062.0 46.0 39495.0 0.08430180044559522
39 49 44 0.0 0.0 1770.0 0.0 13537.0 48.0 20492.0 0.08092953349904618
39 49 45 0.0 0.0 1666.0 0.0 12718.0 41.0 23205.0 0.08542314967356153
39 49 46 0.0 0.0 1428.0 0.0 13184.0 37.0 16733.0 0.08420039694472845
39 49 47 0.0 0.0 1923.0 0.0 12557.0 64.0 28779.0 0.08506501397496657
39 49 48 0.0 0.0 753.0 0.0 11650.0 26.0 4546.0 0.09724923589886078
39 49 49 0.0 0.0 571.0 0.0 10487.0 27.0 3361.0 0.10734549915657106
39 49 50 0.0 0.0 403.0 0.0 7767.0 21.0 914.0 0.13779527559055116
39 49 51 0.0 0.0 10.0 0.0 329.0 7.0 0.0 0.6006006006006005
39 50 29 0.0 0.0 22.0 0.0 620.0 3.0 1.0 0.5305039787798408
39 50 30 0.0 0.0 30.0 0.0 742.0 6.0 4.0 0.5061460592913954
39 50 31 0.0 0.0 56.0 0.0 1465.0 10.0 12.0 0.39874679578467664
39 50 32 0.0 0.0 109.0 0.0 2937.0 9.0 81.0 0.2780536246276067
39 50 33 0.0 0.0 166.0 0.0 4261.0 21.0 195.0 0.21857923497267756
39 50 34 0.0 0.0 523.0 0.0 9683.0 26.0 2374.0 0.11481056257175659
39 50 35 0.0 0.0 676.0 0.0 11035.0 24.0 3692.0 0.10217486498321411
39 50 36 0.0 0.0 803.0 0.0 11795.0 37.0 6438.0 0.09600219433587052
39 50 37 0.0 0.0 1151.0 0.0 13044.0 42.0 11598.0 0.0864998455359901
39 50 38 0.0 0.0 1887.0 0.0 12282.0 44.0 28845.0 0.08652122860144612
39 50 39 0.0 0.0 1342.0 0.0 13068.0 33.0 15331.0 0.08529304252467405
39 50 40 0.0 0.0 1758.0 0.0 13142.0 36.0 23519.0 0.08274231678486997
39 50 41 0.0 0.0 1675.0 0.0 13282.0 45.0 21708.0 0.0825617738986849
39 50 42 0.0 0.0 1743.0 0.0 12299.0 43.0 27184.0 0.08728179551122194
39 50 43 0.0 0.0 1208.0 0.0 13191.0 34.0 12627.0 0.08536064874093041
39 50 44 0.0 0.0 722.0 0.0 11586.0 32.0 4819.0 0.0979774651830079
39 50 45 0.0 0.0 642.0 0.0 11102.0 30.0 3928.0 0.10196649672250545
39 50 46 0.0 0.0 652.0 0.0 11156.0 24.0 4218.0 0.10146398028699811
39 50 47 0.0 0.0 570.0 0.0 10669.0 25.0 4176.0 0.10581210792835008
39 50 48 0.0 0.0 509.0 0.0 9620.0 22.0 2401.0 0.11554015020219525
39 50 49 0.0 0.0 201.0 0.0 4209.0 14.0 129.0 0.21888680425265786
39 50 50 0.0 0.0 21.0 0.0 578.0 5.0 2.0 0.5397070161912104
39 50 51 0.0 0.0 0.0 0.0 17.0 0.0 0.0 0.694100148735746
39 51 30 0.0 0.0 0.0 0.0 1.0 0.0 0.0 0.6996501749125437
39 51 31 0.0 0.0 2.0 0.0 57.0 0.0 0.0 0.6799417192812044
39 51 32 0.0 0.0 0.0 0.0 29.0 0.0 0.0 0.6899950714637751
39 51 33 0.0 0.0 6.0 0.0 183.0 2.0 0.0 0.6401463191586647
39 51 34 0.0 0.0 300.0 0.0 6141.0 16.0 478.0 0.16609324949578833
39 51 35 0.0 0.0 39.0 0.0 1133.0 9.0 5.0 0.4426177679418273
39 51 36 0.0 0.0 157.0 0.0 4133.0 8.0 193.0 0.22282349196243828
39 51 37 0.0 0.0 328.0 0.0 6609.0 19.0 583.0 0.15696826998542435
39 51 38 0.0 0.0 584.0 0.0 10279.0 21.0 3016.0 0.1089239866179102
39 51 39 0.0 0.0 1050.0 0.0 12550.0 35.0 11237.0 0.08977811978966267
39 51 40 0.0 0.0 773.0 0.0 11833.0 27.0 4853.0 0.09587071149763747
39 51 41 0.0 0.0 572.0 0.0 10393.0 20.0 3358.0 0.10804970286331711
39 51 42 0.0 0.0 591.0 0.0 10504.0 23.0 3525.0 0.10699273977837218
39 51 43 0.0 0.0 614.0 0.0 10567.0 23.0 3027.0 0.10630220197418375
39 51 44 0.0 0.0 223.0 0.0 4619.0 18.0 231.0 0.20518833357760513
39 51 45 0.0 0.0 71.0 0.0 2073.0 15.0 32.0 0.33898305084745756
39 51 46 0.0 0.0 133.0 0.0 3313.0 23.0 101.0 0.2579694121982679
39 51 47 0.0 0.0 311.0 0.0 6324.0 17.0 591.0 0.1623564884610924
39 51 48 0.0 0.0 120.0 0.0 2817.0 12.0 80.0 0.2841485691089912
39 51 49 0.0 0.0 401.0 0.0 8009.0 23.0 1162.0 0.13469309216855876
39 51 50 0.0 0.0 0.0 0.0 26.0 0.0 0.0 0.6910167818361302
39 51 51 0.0 0.0 0.0 0.0 2.0 0.0 0.0 0.6993006993006992
39 52 33 0.0 0.0 0.0 0.0 11.0 0.0 0.0 0.6961710591745399
39 52 34 0.0 0.0 0.0 0.0 14.0 0.0 0.0 0.6951340615690167
39 52 35 0.0 0.0 6.0 0.0 201.0 2.0 1.0 0.6349206349206349
39 52 36 0.0 0.0 0.0 0.0 41.0 1.0 0.0 0.6862745098039215
39 52 37 0.0 0.0 27.0 0.0 759.0 5.0 4.0 0.5034160373966199
39 52 38 0.0 0.0 403.0 0.0 7886.0 29.0 1071.0 0.13637249172024157
39 52 39 0.0 0.0 311.0 0.0 6724.0 25.0 692.0 0.15526228235555062
39 52 40 0.0 0.0 226.0 0.0 5200.0 13.0 324.0 0.18873011593421404
39 52 41 0.0 0.0 176.0 0.0 3951.0 20.0 161.0 0.2290950744558992
39 52 42 0.0 0.0 149.0 0.0 2523.0 22.0 38.0 0.30107526881720426
39 52 43 0.0 0.0 29.0 0.0 705.0 8.0 3.0 0.5133846718005133
39 52 44 0.0 0.0 27.0 0.0 654.0 4.0 4.0 0.5231689088191329
39 52 45 0.0 0.0 2.0 0.0 27.0 0.0 0.0 0.6899950714637751
39 52 46 0.0 0.0 14.0 0.0 200.0 2.0 0.0 0.6329113924050632
39 52 47 0.0 0.0 0.0 0.0 11.0 0.0 0.0 0.6961710591745399
39 52 48 0.0 0.0 3.0 0.0 134.0 2.0 0.0 0.6557377049180326
39 52 49 0.0 0.0 9.0 0.0 186.0 1.0 0.0 0.6381039197812214
39 52 50 0.0 0.0 0.0 0.0 13.0 0.0 0.0 0.695479384003974
39 53 37 0.0 0.0 3.0 0.0 171.0 1.0 0.0 0.6442705936493326
39 53 38 0.0 0.0 18.0 0.0 381.0 6.0 0.0 0.5850396991224404
39 53 39 0.0 0.0 0.0 0.0 31.0 0.0 0.0 0.689655172413793
39 53 40 0.0 0.0 1.0 0.0 34.0 0.0 0.0 0.6879606879606879
39 53 41 0.0 0.0 0.0 0.0 6.0 0.0 0.0 0.6979062811565303
39 53 42 0.0 0.0 0.0 0.0 11.0 0.0 0.0 0.6961710591745399
39 53 43 0.0 0.0 0.0 0.0 4.0 0.0 0.0 0.6986027944111775
39 53 44 0.0 0.0 4.0 0.0 18.0 0.0 0.0 0.6923837784371908
39 54 41 0.0 0.0 2.0 0.0 15.0 1.0 0.0 0.6944444444444444
40 26 40 0.0 0.0 0.0 0.0 1.0 0.0 0.0 0.6996501749125437
40 27 34 0.0 0.0 0.0 0.0 4.0 0.0 0.0 0.6986027944111775
40 27 35 0.0 0.0 0.0 0.0 7.0 0.0 0.0 0.6975585450921773
40 27 36 0.0 0.0 0.0 0.0 2.0 0.0 0.0 0.6993006993006992
40 27 37 0.0 0.0 0.0 0.0 7.0 0.0 0.0 0.6975585450921773
40 27 38 0.0 0.0 0.0 0.0 10.0 0.0 0.0 0.6965174129353233
40 27 39 0.0 0.0 1.0 0.0 28.0 0.0 0.0 0.6899950714637751
40 27 40 0.0 0.0 0.0 0.0 48.0 1.0 0.0 0.6839276990718123
40 27 41 0.0 0.0 3.0 0.0 61.0 2.0 0.0 0.6792819019893255
40 27 42 0.0 0.0 5.0 0.0 62.0 1.0 0.0 0.6776379477250725
40 27 43 0.0 0.0 0.0 0.0 29.0 0.0 0.0 0.6899950714637751
40 27 44 0.0 0.0 70.0 0.0 1248.0 12.0 4.0 0.4234724742891712
40 27 45 0.0 0.0 0.0 0.0 9.0 0.0 0.0 0.6968641114982577
40 28 33 0.0 0.0 0.0 0.0 2.0 0.0 0.0 0.6996501749125437
40 28 34 0.0 0.0 0.0 0.0 46.0 0.0 0.0 0.6842619745845552
40 28 35 0.0 0.0 29.0 0.0 792.0 5.0 4.0 0.49715909090909083
40 28 36 0.0 0.0 32.0 0.0 882.0 7.0 6.0 0.48176187198898823
40 28 37 0.0 0.0 69.0 0.0 1413.0 13.0 9.0 0.40357451715191694
40 28 38 0.0 0.0 141.0 0.0 2859.0 11.0 45.0 0.2805611222444889
40 28 39 0.0 0.0 213.0 0.0 4544.0 25.0 225.0 0.20790020790020788
40 28 40 0.0 0.0 314.0 0.0 6811.0 16.0 704.0 0.15357612988152697
40 28 41 0.0 0.0 165.0 0.0 3773.0 14.0 124.0 0.23624704691191356
40 28 42 0.0 0.0 201.0 0.0 4958.0 21.0 286.0 0.19602352282273872
40 28 43 0.0 0.0 300.0 0.0 6126.0 23.0 452.0 0.1665477040209374
40 28 44 0.0 0.0 25.0 0.0 679.0 9.0 5.0 0.5194805194805194
40 28 45 0.0 0.0 55.0 0.0 894.0 13.0 4.0 0.4768392370572206
40 28 46 0.0 0.0 12.0 0.0 297.0 3.0 0.0 0.6071118820468342
40 28 47 0.0 0.0 1.0 0.0 37.0 0.0 0.0 0.6869479882237487
40 28 48 0.0 0.0 0.0 0.0 13.0 0.0 0.0 0.695479384003974
40 28 49 0.0 0.0 0.0 0.0 2.0 0.0 0.0 0.6993006993006992
40 29 31 0.0 0.0 0.0 0.0 7.0 0.0 0.0 0.6975585450921773
40 29 32 0.0 0.0 27.0 0.0 700.0 6.0 5.0 0.5143277002204261
40 29 33 0.0 0.0 8.0 0.0 421.0 2.0 2.0 0.5768438401318499
40 29 34 0.0 0.0 44.0 0.0 1104.0 12.0 4.0 0.44628626075868655
40 29 35 0.0 0.0 235.0 0.0 5524.0 15.0 373.0 0.18073844564936742
40 29 36 0.0 0.0 262.0 0.0 5645.0 26.0 385.0 0.17761989342806392
40 29 37 0.0 0.0 612.0 0.0 10433.0 26.0 3196.0 0.10739490641301011
40 29 38 0.0 0.0 757.0 0.0 11745.0 24.0 5118.0 0.09660502346121998
40 29 39 0.0 0.0 682.0 0.0 11430.0 24.0 5380.0 0.09922041105598865
40 29 40 0.0 0.0 825.0 0.0 11836.0 29.0 6881.0 0.09553705472908419
40 29 41 0.0 0.0 907.0 0.0 12267.0 35.0 9775.0 0.09225700164744645
40 29 42 0.0 0.0 776.0 0.0 11920.0 26.0 6871.0 0.09528995371630818
40 29 43 0.0 0.0 440.0 0.0 8603.0 22.0 1415.0 0.1269610954928811
40 29 44 0.0 0.0 499.0 0.0 9822.0 20.0 2560.0 0.11373791534649441
40 29 45 0.0 0.0 301.0 0.0 6258.0 21.0 486.0 0.1638768582465176
40 29 46 0.0 0.0 278.0 0.0 6441.0 19.0 624.0 0.1608455882352941
40 29 47 0.0 0.0 168.0 0.0 4257.0 12.0 190.0 0.2182385035074045
40 29 48 0.0 0.0 97.0 0.0 2712.0 13.0 77.0 0.29190992493744783
40 29 49 0.0 0.0 28.0 0.0 485.0 10.0 1.0 0.5593288054334797
40 29 50 0.0 0.0 0.0 0.0 1.0 0.0 0.0 0.6996501749125437
40 30 29 0.0 0.0 0.0 0.0 2.0 0.0 0.0 0.6993006993006992
40 30 30 0.0 0.0 6.0 0.0 132.0 1.0 0.0 0.6551240056153486
40 30 31 0.0 0.0 13.0 0.0 323.0 5.0 2.0 0.6006006006006005
40 30 32 0.0 0.0 446.0 0.0 8702.0 24.0 1595.0 0.12569581612497752
40 30 33 0.0 0.0 724.0 0.0 11327.0 24.0 4296.0 0.09975773122416987
40 30 34 0.0 0.0 705.0 0.0 11379.0 32.0 5119.0 0.09948127620265756
40 30 35 0.0 0.0 832.0 0.0 12146.0 27.0 6967.0 0.09351412731280474
40 30 36 0.0 0.0 1010.0 0.0 12882.0 30.0 9720.0 0.08813345923827509
40 30 37 0.0 0.0 1265.0 0.0 12854.0 36.0 15120.0 0.08690793966105903
40 30 38 0.0 0.0 1409.0 0.0 13135.0 41.0 16415.0 0.0846228239845261
40 30 39 0.0 0.0 1473.0 0.0 13317.0 40.0 16828.0 0.08336807002917881
40 30 40 0.0 0.0 1611.0 0.0 13108.0 37.0 20119.0 0.08374207441081469
40 30 41 0.0 0.0 2249.0 0.0 11905.0 69.0 36534.0 0.08660686668728734
40 30 42 0.0 0.0 1336.0 0.0 13383.0 49.0 14484.0 0.08380724334031725
40 30 43 0.0 0.0 1392.0 0.0 12493.0 43.0 20439.0 0.08810018249323516
40 30 44 0.0 0.0 931.0 0.0 12627.0 36.0 7741.0 0.09005531969638492
40 30 45 0.0 0.0 662.0 0.0 11091.0 27.0 3931.0 0.10189228529839882
40 30 46 0.0 0.0 274.0 0.0 6122.0 25.0 508.0 0.16718414139001667
40 30 47 0.0 0.0 822.0 0.0 12155.0 38.0 6632.0 0.09355162044771131
40 30 48 0.0 0.0 18.0 0.0 567.0 1.0 1.0 0.5417956656346749
40 30 49 0.0 0.0 0.0 0.0 59.0 0.0 0.0 0.6799417192812044
40 30 50 0.0 0.0 0.0 0.0 11.0 0.0 0.0 0.6961710591745399
40 31 29 0.0 0.0 2.0 0.0 22.0 0.0 0.0 0.6916996047430829
40 31 30 0.0 0.0 38.0 0.0 1062.0 8.0 5.0 0.45292785506308625
40 31 31 0.0 0.0 397.0 0.0 8013.0 20.0 1205.0 0.13464127716868626
40 31 32 0.0 0.0 982.0 0.0 12682.0 34.0 9821.0 0.0894340104765555
40 31 33 0.0 0.0 611.0 0.0 11007.0 33.0 4656.0 0.10291090855630695
40 31 34 0.0 0.0 1191.0 0.0 13157.0 41.0 11828.0 0.08567931456548346
40 31 35 0.0 0.0 2402.0 0.0 11711.0 42.0 39580.0 0.08679479231246125
40 31 36 0.0 0.0 2458.0 0.0 12249.0 60.0 37240.0 0.08381226053639845
40 31 37 0.0 0.0 2633.0 0.0 12217.0 51.0 39573.0 0.08311071534579993
40 31 38 0.0 0.0 3183.0 0.0 10949.0 56.0 54413.0 0.08673026886383346
40 31 39 0.0 0.0 3171.0 0.0 11475.0 73.0 50016.0 0.08412955952166334
40 31 40 0.0 0.0 3519.0 0.0 10142.0 73.0 64294.0 0.0895312400076741
40 31 41 0.0 0.0 2571.0 0.0 13449.0 57.0 31284.0 0.07774322523322967
40 31 42 0.0 0.0 2928.0 0.0 11820.0 70.0 44881.0 0.08362202843148965
40 31 43 0.0 0.0 2568.0 0.0 12115.0 62.0 38025.0 0.08394795226959284
40 31 44 0.0 0.0 2010.0 0.0 12773.0 60.0 27635.0 0.08344757703999522
40 31 45 0.0 0.0 1655.0 0.0 12824.0 45.0 23017.0 0.0849514563106796
40 31 46 0.0 0.0 1074.0 0.0 12808.0 30.0 10957.0 0.0881445570736007
40 31 47 0.0 0.0 335.0 0.0 6753.0 20.0 633.0 0.15423598105100803
40 31 48 0.0 0.0 265.0 0.0 6060.0 15.0 521.0 0.16841092265126906
40 31 49 0.0 0.0 275.0 0.0 5822.0 17.0 423.0 0.17318159327065807
40 31 50 0.0 0.0 7.0 0.0 230.0 4.0 0.0 0.6269592476489028
40 31 51 0.0 0.0 9.0 0.0 173.0 4.0 0.0 0.6427915518824608
40 31 52 0.0 0.0 0.0 0.0 2.0 0.0 0.0 0.6993006993006992
40 32 29 0.0 0.0 6.0 0.0 179.0 2.0 0.0 0.6413192853870818
40 32 30 0.0 0.0 275.0 0.0 5917.0 17.0 485.0 0.17110730872647273
40 32 31 0.0 0.0 625.0 0.0 10770.0 19.0 3444.0 0.10455563853622105
40 32 32 0.0 0.0 1400.0 0.0 12677.0 43.0 18878.0 0.08712427655734643
40 32 33 0.0 0.0 1663.0 0.0 12736.0 45.0 24137.0 0.08531383302864107
40 32 34 0.0 0.0 1740.0 0.0 13582.0 51.0 21091.0 0.08085942012244425
40 32 35 0.0 0.0 3364.0 0.0 11101.0 77.0 55181.0 0.08511673151750972
40 32 36 0.0 0.0 4383.0 0.0 9466.0 87.0 76067.0 0.08833922261484098
40 32 37 0.0 0.0 4956.0 0.0 10123.0 73.0 74409.0 0.08190966534051017
40 32 38 0.0 0.0 5162.0 0.0 9069.0 88.0 85301.0 0.0862546978005052
40 32 39 0.0 0.0 5206.0 0.0 10520.0 81.0 72360.0 0.07893549842129002
40 32 40 0.0 0.0 5390.0 0.0 9135.0 89.0 85791.0 0.08475602373168664
40 32 41 0.0 0.0 5462.0 0.0 8616.0 93.0 91613.0 0.08710801393728222
40 32 42 0.0 0.0 4911.0 0.0 9530.0 77.0 79702.0 0.08514261387824605
40 32 43 0.0 0.0 4683.0 0.0 8757.0 81.0 85491.0 0.09062661833247021
40 32 44 0.0 0.0 3769.0 0.0 11140.0 80.0 58201.0 0.08268855944716791
40 32 45 0.0 0.0 2828.0 0.0 12246.0 41.0 41390.0 0.08188571094344037
40 32 46 0.0 0.0 1672.0 0.0 13533.0 39.0 19612.0 0.08138115444980526
40 32 47 0.0 0.0 1194.0 0.0 12978.0 33.0 13695.0 0.08662294270511074
40 32 48 0.0 0.0 782.0 0.0 11746.0 34.0 7007.0 0.09645194626248707
40 32 49 0.0 0.0 333.0 0.0 7210.0 21.0 726.0 0.1469507714915503
40 32 50 0.0 0.0 449.0 0.0 8179.0 20.0 1142.0 0.13181433010074378
40 32 51 0.0 0.0 179.0 0.0 4155.0 19.0 165.0 0.22172949002217293
40 32 52 0.0 0.0 0.0 0.0 15.0 0.0 0.0 0.694789081885856
40 33 28 0.0 0.0 12.0 0.0 247.0 2.0 0.0 0.620292423571112
40 33 29 0.0 0.0 29.0 0.0 759.0 7.0 4.0 0.5034160373966199
40 33 30 0.0 0.0 376.0 0.0 8151.0 24.0 1458.0 0.13315579227696403
40 33 31 0.0 0.0 661.0 0.0 11219.0 27.0 4849.0 0.10088635872306694
40 33 32 0.0 0.0 1084.0 0.0 13102.0 21.0 9765.0 0.08645711109738775
40 33 33 0.0 0.0 2127.0 0.0 12778.0 51.0 29508.0 0.08283533518726702
40 33 34 0.0 0.0 3406.0 0.0 10705.0 65.0 58160.0 0.08681632146843606
40 33 35 0.0 0.0 4873.0 0.0 7738.0 101.0 97725.0 0.09583789704271631
40 33 36 0.0 0.0 5755.0 0.0 6705.0 86.0 112683.0 0.0967719637796364
40 33 37 0.0 0.0 6710.0 0.0 5309.0 86.0 130899.0 0.09994288977727012
40 33 38 0.0 0.0 6797.0 0.0 4692.0 69.0 138666.0 0.10388068561252502
40 33 39 0.0 0.0 7394.0 0.0 5186.0 57.0 134604.0 0.09593640786678544
40 33 40 0.0 0.0 7490.0 0.0 5321.0 89.0 133047.0 0.09458820349976352
40 33 41 0.0 0.0 6892.0 0.0 4619.0 71.0 138608.0 0.10370370370370369
40 33 42 0.0 0.0 6192.0 0.0 4450.0 64.0 140514.0 0.11072445428661815
40 33 43 0.0 0.0 6782.0 0.0 6383.0 56.0 120078.0 0.09209314563873174
40 33 44 0.0 0.0 6015.0 0.0 8458.0 91.0 95546.0 0.08502368516944005
40 33 45 0.0 0.0 4599.0 0.0 11215.0 80.0 65114.0 0.07854578096947934
40 33 46 0.0 0.0 3037.0 0.0 12984.0 58.0 39472.0 0.07760532150776052
40 33 47 0.0 0.0 2001.0 0.0 13446.0 60.0 24497.0 0.08023382428792479
40 33 48 0.0 0.0 1510.0 0.0 12883.0 50.0 20415.0 0.08542314967356153
40 33 49 0.0 0.0 918.0 0.0 12475.0 22.0 8913.0 0.0909208988180283
40 33 50 0.0 0.0 491.0 0.0 9028.0 27.0 1703.0 0.12170738068329999
40 33 51 0.0 0.0 115.0 0.0 2520.0 15.0 34.0 0.303030303030303
40 33 52 0.0 0.0 1.0 0.0 51.0 0.0 0.0 0.6822612085769979
40 34 27 0.0 0.0 0.0 0.0 13.0 0.0 0.0 0.695479384003974
40 34 28 0.0 0.0 5.0 0.0 135.0 1.0 0.0 0.6545114539504441
40 34 29 0.0 0.0 310.0 0.0 6749.0 26.0 722.0 0.1548158796859449
40 34 30 0.0 0.0 759.0 0.0 11678.0 28.0 5183.0 0.09706045479755962
40 34 31 0.0 0.0 1311.0 0.0 13046.0 42.0 16325.0 0.08561643835616438
40 34 32 0.0 0.0 2490.0 0.0 11801.0 56.0 39541.0 0.0859106529209622
40 34 33 0.0 0.0 3526.0 0.0 11356.0 74.0 53746.0 0.08289909995262908
40 34 34 0.0 0.0 5359.0 0.0 9528.0 84.0 82427.0 0.08281573498964802
40 34 35 0.0 0.0 6749.0 0.0 7323.0 96.0 110069.0 0.08728723735893758
40 34 36 0.0 0.0 7896.0 0.0 5497.0 59.0 131641.0 0.0907205806117159
40 34 37 0.0 0.0 8262.0 0.0 3608.0 44.0 152952.0 0.1009009009009009
40 34 38 0.0 0.0 7654.0 0.0 2521.0 57.0 165254.0 0.1151126459463904
40 34 39 0.0 0.0 8811.0 0.0 2772.0 60.0 162736.0 0.10333628579864186
40 34 40 0.0 0.0 8491.0 0.0 2670.0 41.0 164015.0 0.10635873281166906
40 34 41 0.0 0.0 8941.0 0.0 3058.0 38.0 159308.0 0.0999357555856949
40 34 42 0.0 0.0 8649.0 0.0 3368.0 54.0 155136.0 0.0998644696483344
40 34 43 0.0 0.0 8462.0 0.0 4130.0 60.0 147554.0 0.09600877794541214
40 34 44 0.0 0.0 7632.0 0.0 5013.0 71.0 136530.0 0.09554357469460177
40 34 45 0.0 0.0 6706.0 0.0 6512.0 76.0 117780.0 0.09192987064153917
40 34 46 0.0 0.0 5342.0 0.0 9075.0 88.0 85876.0 0.08540751586139579
40 34 47 0.0 0.0 3804.0 0.0 10698.0 76.0 62086.0 0.08485877076009213
40 34 48 0.0 0.0 2492.0 0.0 12337.0 52.0 36101.0 0.0831353919239905
40 34 49 0.0 0.0 1748.0 0.0 12426.0 45.0 27280.0 0.08641975308641973
40 34 50 0.0 0.0 1278.0 0.0 13201.0 33.0 13839.0 0.08489479109817476
40 34 51 0.0 0.0 253.0 0.0 6155.0 26.0 586.0 0.16702457647339533
40 34 52 0.0 0.0 1.0 0.0 111.0 0.0 0.0 0.6628787878787878
40 35 27 0.0 0.0 5.0 0.0 137.0 3.0 0.0 0.6548175865294666
40 35 28 0.0 0.0 283.0 0.0 5963.0 24.0 487.0 0.17015070491006318
40 35 29 0.0 0.0 320.0 0.0 6517.0 20.0 559.0 0.15878416695020978
40 35 30 0.0 0.0 1195.0 0.0 13047.0 41.0 13515.0 0.0862546978005052
40 35 31 0.0 0.0 1766.0 0.0 12610.0 52.0 25823.0 0.08547530374259721
40 35 32 0.0 0.0 3236.0 0.0 10541.0 69.0 57691.0 0.08881558079045866
40 35 33 0.0 0.0 4647.0 0.0 10760.0 87.0 68085.0 0.08044590013216112
40 35 34 0.0 0.0 5991.0 0.0 5450.0 65.0 129860.0 0.10412018444146957
40 35 35 0.0 0.0 6612.0 0.0 3515.0 54.0 153298.0 0.11548296626247628
40 35 36 0.0 0.0 8197.0 0.0 2881.0 43.0 161875.0 0.10698456365581537
40 35 37 0.0 0.0 8265.0 0.0 1918.0 35.0 172406.0 0.11487650775416428
40 35 38 0.0 0.0 8708.0 0.0 1386.0 21.0 177694.0 0.11573117301810365
40 35 39 0.0 0.0 8075.0 0.0 1101.0 19.0 181009.0 0.12529085376767496
40 35 40 0.0 0.0 8589.0 0.0 1119.0 17.0 180883.0 0.11946411809881387
40 35 41 0.0 0.0 10023.0 0.0 1440.0 33.0 176229.0 0.10394238622020936
40 35 42 0.0 0.0 10140.0 0.0 1671.0 28.0 173596.0 0.10133912414042706
40 35 43 0.0 0.0 9532.0 0.0 2063.0 36.0 169850.0 0.10290334435869164
40 35 44 0.0 0.0 7604.0 0.0 2242.0 30.0 168554.0 0.11808367071524965
40 35 45 0.0 0.0 8128.0 0.0 4032.0 48.0 148297.0 0.09881422924901184
40 35 46 0.0 0.0 6237.0 0.0 4978.0 53.0 133892.0 0.1058681185722928
40 35 47 0.0 0.0 5382.0 0.0 8215.0 89.0 95440.0 0.08977236293683871
40 35 48 0.0 0.0 3407.0 0.0 10536.0 66.0 58639.0 0.08779080704834764
40 35 49 0.0 0.0 1768.0 0.0 12914.0 45.0 24034.0 0.08394795226959284
40 35 50 0.0 0.0 805.0 0.0 12104.0 21.0 6331.0 0.09389041647106161
40 35 51 0.0 0.0 523.0 0.0 9394.0 24.0 2030.0 0.11761740737629167
40 35 52 0.0 0.0 44.0 0.0 1147.0 9.0 5.0 0.43997485857950963
40 35 53 0.0 0.0 0.0 0.0 6.0 0.0 0.0 0.6979062811565303
40 36 27 0.0 0.0 0.0 0.0 9.0 0.0 0.0 0.697211155378486
40 36 28 0.0 0.0 59.0 0.0 1621.0 8.0 22.0 0.38126361655773416
40 36 29 0.0 0.0 441.0 0.0 8810.0 19.0 1713.0 0.12458841327756516
40 36 30 0.0 0.0 1332.0 0.0 12517.0 53.0 19377.0 0.08835037233371197
40 36 31 0.0 0.0 1930.0 0.0 12966.0 55.0 26078.0 0.08285984848484848
40 36 32 0.0 0.0 3764.0 0.0 11367.0 78.0 56926.0 0.08172319187437976
40 36 33 0.0 0.0 5805.0 0.0 8076.0 113.0 98366.0 0.08835594824865887
40 36 34 0.0 0.0 7683.0 0.0 5016.0 53.0 136274.0 0.09506348883004004
40 36 35 0.0 0.0 8690.0 0.0 3000.0 55.0 160283.0 0.10238408658768465
40 36 36 0.0 0.0 8356.0 0.0 1561.0 27.0 175793.0 0.11738073279114612
40 36 37 0.0 0.0 8282.0 0.0 952.0 15.0 182288.0 0.1245662425482694
40 36 38 0.0 0.0 8109.0 0.0 616.0 8.0 185996.0 0.13047530288909598
40 36 39 0.0 0.0 8141.0 0.0 464.0 6.0 187228.0 0.1319385543304118
40 36 40 0.0 0.0 9153.0 0.0 497.0 8.0 186003.0 0.12026458208057725
40 36 41 0.0 0.0 8055.0 0.0 492.0 8.0 187396.0 0.13273916753579215
40 36 42 0.0 0.0 7980.0 0.0 515.0 10.0 186705.0 0.1334095673718315
40 36 43 0.0 0.0 7981.0 0.0 740.0 5.0 184970.0 0.13048746388293408
40 36 44 0.0 0.0 7629.0 0.0 1245.0 19.0 179947.0 0.12865282117257856
40 36 45 0.0 0.0 7462.0 0.0 2130.0 25.0 169760.0 0.12059608924110603
40 36 46 0.0 0.0 7194.0 0.0 3619.0 48.0 151788.0 0.10922140739584957
40 36 47 0.0 0.0 6347.0 0.0 7791.0 68.0 104684.0 0.08662830270404058
40 36 48 0.0 0.0 4072.0 0.0 10316.0 77.0 66722.0 0.08539188777066178
40 36 49 0.0 0.0 2330.0 0.0 12544.0 70.0 33429.0 0.08307126327656796
40 36 50 0.0 0.0 1004.0 0.0 12673.0 26.0 9552.0 0.0892800204068618
40 36 51 0.0 0.0 463.0 0.0 9310.0 21.0 2105.0 0.11901725750233781
40 36 52 0.0 0.0 28.0 0.0 1079.0 8.0 8.0 0.4519044544867656
40 36 53 0.0 0.0 19.0 0.0 459.0 5.0 1.0 0.5661140315406388
40 37 27 0.0 0.0 0.0 0.0 1.0 0.0 0.0 0.6996501749125437
40 37 28 0.0 0.0 46.0 0.0 1218.0 9.0 6.0 0.4303719643406086
40 37 29 0.0 0.0 654.0 0.0 10842.0 22.0 3895.0 0.10374981473247369
40 37 30 0.0 0.0 1314.0 0.0 13277.0 38.0 14281.0 0.08441871683550409
40 37 31 0.0 0.0 2561.0 0.0 11805.0 67.0 41434.0 0.08548574219942602
40 37 32 0.0 0.0 4077.0 0.0 10005.0 60.0 69212.0 0.08699975142928162
40 37 33 0.0 0.0 6588.0 0.0 8438.0 89.0 98162.0 0.08218856404837382
40 37 34 0.0 0.0 8152.0 0.0 4248.0 60.0 145835.0 0.09716823986674068
40 37 35 0.0 0.0 8845.0 0.0 2182.0 32.0 168771.0 0.10745260572568884
40 37 36 0.0 0.0 7178.0 0.0 820.0 8.0 184549.0 0.1399440223910436
40 37 37 0.0 0.0 7603.0 0.0 484.0 7.0 187916.0 0.13882002974714922
40 37 38 0.0 1.0 6814.0 0.0 258.0 1.0 190769.0 0.15430397883831146
40 37 39 0.0 0.0 8486.0 0.0 241.0 4.0 189301.0 0.13051179267269505
40 37 40 0.0 0.0 8779.0 0.0 193.0 3.0 189406.0 0.1275742664479679
40 37 41 0.0 0.0 7264.0 0.0 161.0 4.0 191157.0 0.14860418214626897
40 37 42 0.0 0.0 8057.0 0.0 234.0 4.0 189797.0 0.1361735239762669
40 37 43 0.0 0.0 7602.0 0.0 372.0 9.0 188838.0 0.14019627478469854
40 37 44 0.0 0.0 7513.0 0.0 736.0 8.0 185206.0 0.13655872024970733
40 37 45 0.0 0.0 8459.0 0.0 1718.0 25.0 174432.0 0.11491422473939095
40 37 46 0.0 0.0 8616.0 0.0 3706.0 52.0 151907.0 0.09786103732699565
40 37 47 0.0 0.0 7009.0 0.0 6485.0 75.0 120896.0 0.09032258064516129
40 37 48 0.0 0.0 4870.0 0.0 9218.0 63.0 81310.0 0.08690254500310365
40 37 49 0.0 0.0 2490.0 0.0 12630.0 47.0 35439.0 0.0816564596092155
40 37 50 0.0 0.0 1424.0 0.0 12844.0 38.0 18175.0 0.08603736479842673
40 37 51 0.0 0.0 599.0 0.0 10187.0 28.0 2655.0 0.10967489228358793
40 37 52 0.0 0.0 212.0 0.0 5041.0 21.0 295.0 0.19350380096751899
40 37 53 0.0 0.0 8.0 0.0 260.0 3.0 0.0 0.6181015452538631
40 38 27 0.0 0.0 0.0 0.0 5.0 0.0 0.0 0.6982543640897755
40 38 28 0.0 0.0 98.0 0.0 2375.0 14.0 39.0 0.3139013452914797
40 38 29 0.0 0.0 259.0 0.0 6514.0 16.0 696.0 0.15983559767096697
40 38 30 0.0 0.0 1361.0 0.0 13102.0 30.0 15995.0 0.08503401360544216
40 38 31 0.0 0.0 2732.0 0.0 10937.0 65.0 49371.0 0.08933129147524246
40 38 32 0.0 0.0 4041.0 0.0 11342.0 92.0 59470.0 0.08067769261799111
40 38 33 0.0 0.0 6783.0 0.0 6927.0 87.0 114896.0 0.08918333545674607
40 38 34 0.0 0.0 7678.0 0.0 2953.0 40.0 158975.0 0.11073321205410107
40 38 35 0.0 0.0 7862.0 0.0 1482.0 25.0 177335.0 0.12335888624548418
40 38 36 0.0 0.0 9551.0 0.0 759.0 10.0 182729.0 0.11376564277588168
40 38 37 0.0 0.0 8716.0 0.0 354.0 5.0 188131.0 0.12638801119436668
40 38 38 0.0 0.0 6569.0 0.0 98.0 1.0 192506.0 0.16160683366039474
40 38 39 0.0 0.0 8027.0 0.0 95.0 2.0 190748.0 0.1383125864453665
40 38 40 0.0 0.0 7000.0 0.0 104.0 5.0 192198.0 0.15369414864419803
40 38 41 0.0 0.0 6965.0 0.0 63.0 1.0 192230.0 0.15491866769945778
40 38 42 0.0 0.0 6244.0 0.0 90.0 3.0 193019.0 0.16798656107511395
40 38 43 0.0 0.0 7702.0 0.0 247.0 3.0 190142.0 0.1407884151246983
40 38 44 0.0 0.0 9092.0 0.0 743.0 5.0 184060.0 0.11827321111768184
40 38 45 0.0 0.0 7859.0 0.0 1297.0 20.0 178666.0 0.12531328320802004
40 38 46 0.0 0.0 8242.0 0.0 2821.0 30.0 161997.0 0.10702545676936012
40 38 47 0.0 0.0 6949.0 0.0 5221.0 60.0 132679.0 0.09859154929577464
40 38 48 0.0 0.0 5175.0 0.0 9016.0 84.0 86434.0 0.08652657601977749
40 38 49 0.0 0.0 2820.0 0.0 12491.0 58.0 39768.0 0.08081741037926456
40 38 50 0.0 0.0 959.0 0.0 12636.0 38.0 8067.0 0.0898242012062107
40 38 51 0.0 0.0 478.0 0.0 9251.0 21.0 1832.0 0.11950490823730259
40 38 52 0.0 0.0 233.0 0.0 4708.0 26.0 241.0 0.20242914979757085
40 38 53 0.0 0.0 0.0 0.0 9.0 0.0 0.0 0.6968641114982577
40 39 27 0.0 0.0 1.0 0.0 2.0 0.0 0.0 0.6989515726410384
40 39 28 0.0 0.0 29.0 0.0 584.0 8.0 1.0 0.5374280230326295
40 39 29 0.0 0.0 357.0 0.0 7734.0 25.0 1081.0 0.13905442987683747
40 39 30 0.0 0.0 1161.0 0.0 12680.0 35.0 13518.0 0.0884452587023817
40 39 31 0.0 0.0 2550.0 0.0 12006.0 54.0 40919.0 0.0846177092777274
40 39 32 0.0 0.0 4394.0 0.0 10596.0 74.0 66053.0 0.08243052284503061
40 39 33 0.0 0.0 7100.0 0.0 6705.0 83.0 115849.0 0.08856275303643724
40 39 34 0.0 0.0 9157.0 0.0 3470.0 44.0 154715.0 0.09566762334290009
40 39 35 0.0 0.0 8722.0 0.0 1359.0 27.0 177973.0 0.11588444665176723
40 39 36 0.0 0.0 7592.0 0.0 522.0 7.0 187592.0 0.13843567685157715
40 39 37 0.0 0.0 8058.0 0.0 219.0 3.0 189711.0 0.13608087091757384
40 39 38 0.0 0.0 7238.0 0.0 118.0 3.0 191548.0 0.14968459317865923
40 39 39 0.0 0.0 6214.0 0.0 42.0 0.0 193436.0 0.1694299891080721
40 39 40 0.0 0.0 5924.0 0.0 45.0 1.0 193759.0 0.17572486506840718
40 39 41 1.0 0.0 5903.0 0.0 23.0 0.0 193922.0 0.17678999873721427
40 39 42 0.0 1.0 6790.0 0.0 83.0 2.0 192322.0 0.157533475863621
40 39 43 0.0 0.0 7522.0 0.0 215.0 5.0 190468.0 0.1436781609195402
40 39 44 0.0 0.0 10086.0 0.0 674.0 15.0 183409.0 0.10967489228358793
40 39 45 0.0 0.0 8840.0 0.0 1451.0 24.0 176831.0 0.11399723149580653
40 39 46 0.0 0.0 9481.0 0.0 3484.0 53.0 154467.0 0.09348290598290597
40 39 47 0.0 0.0 7175.0 0.0 5402.0 78.0 132033.0 0.09593640786678544
40 39 48 0.0 0.0 5071.0 0.0 7768.0 81.0 96549.0 0.09439687141797584
40 39 49 0.0 0.0 2792.0 0.0 12117.0 71.0 41380.0 0.082805938368723
40 39 50 0.0 0.0 1042.0 0.0 13004.0 27.0 9268.0 0.08726547403852146
40 39 51 0.0 0.0 470.0 0.0 9188.0 24.0 1850.0 0.12024392338744308
40 39 52 0.0 0.0 111.0 0.0 2291.0 11.0 31.0 0.3188339785925757
40 39 53 0.0 0.0 1.0 0.0 31.0 1.0 0.0 0.689655172413793
40 40 27 0.0 0.0 0.0 0.0 3.0 0.0 0.0 0.6989515726410384
40 40 28 0.0 0.0 67.0 0.0 1515.0 12.0 20.0 0.39215686274509803
40 40 29 0.0 0.0 531.0 0.0 9526.0 30.0 1933.0 0.11632737847943497
40 40 30 0.0 0.0 1228.0 0.0 13309.0 38.0 12719.0 0.08466888418506198
40 40 31 0.0 0.0 2948.0 0.0 11044.0 77.0 49299.0 0.0875821082264623
40 40 32 0.0 0.0 4244.0 0.0 12117.0 75.0 54981.0 0.07614903453902637
40 40 33 0.0 0.0 7317.0 0.0 6895.0 81.0 115928.0 0.08636111282462525
40 40 34 0.0 0.0 8636.0 0.0 2955.0 44.0 159989.0 0.10282776349614395
40 40 35 0.0 0.0 7688.0 0.0 988.0 19.0 182419.0 0.13127051101734644
40 40 36 0.0 0.0 7263.0 0.0 397.0 5.0 188925.0 0.14486754966887413
40 40 37 0.0 0.0 7132.0 0.0 165.0 3.0 191276.0 0.15058621060557167
40 40 38 0.0 0.0 7632.0 0.0 100.0 1.0 191547.0 0.14382576535853706
40 40 39 0.0 1.0 6790.0 0.0 39.0 0.0 192740.0 0.15851449275362317
40 40 40 0.0 1.0 5339.0 0.0 6.0 0.0 194860.0 0.19083969465648853
40 40 41 0.0 0.0 6728.0 0.0 57.0 1.0 192838.0 0.15948963317384365
40 40 42 0.0 0.0 7552.0 0.0 115.0 1.0 191333.0 0.14488254165373068
40 40 43 0.0 0.0 8929.0 0.0 204.0 3.0 188976.0 0.12576356449874235
40 40 44 0.0 0.0 9201.0 0.0 635.0 10.0 185028.0 0.11830319418624302
40 40 45 0.0 0.0 9365.0 0.0 1544.0 16.0 175199.0 0.10845986984815617
40 40 46 0.0 0.0 6841.0 0.0 2467.0 46.0 165860.0 0.12382805589952237
40 40 47 0.0 0.0 7274.0 0.0 6662.0 85.0 118556.0 0.08779080704834764
40 40 48 0.0 0.0 4868.0 0.0 9147.0 77.0 83120.0 0.08734714250062389
40 40 49 0.0 0.0 2877.0 0.0 12448.0 55.0 40489.0 0.08078942812626232
40 40 50 0.0 0.0 1154.0 0.0 13297.0 34.0 10325.0 0.08514261387824605
40 40 51 0.0 0.0 617.0 0.0 11095.0 28.0 4374.0 0.1021524990879241
40 40 52 0.0 0.0 145.0 0.0 3399.0 19.0 88.0 0.2533478103510677
40 40 53 0.0 0.0 2.0 0.0 47.0 1.0 0.0 0.6835937499999999
40 41 28 0.0 0.0 41.0 0.0 994.0 7.0 6.0 0.462198745460548
40 41 29 0.0 0.0 200.0 0.0 4631.0 14.0 215.0 0.2053388090349076
40 41 30 0.0 0.0 1093.0 0.0 12846.0 42.0 11298.0 0.08787346221441124
40 41 31 0.0 0.0 2978.0 0.0 11036.0 75.0 51969.0 0.08756567425569176
40 41 32 0.0 0.0 4708.0 0.0 8883.0 83.0 84244.0 0.08981843844229165
40 41 33 0.0 0.0 7270.0 0.0 6426.0 57.0 121460.0 0.08900756564307966
40 41 34 0.0 0.0 8535.0 0.0 2999.0 41.0 160233.0 0.10350436196954013
40 41 35 0.0 0.0 8506.0 0.0 1164.0 16.0 179871.0 0.11985275233284819
40 41 36 0.0 0.0 8364.0 0.0 533.0 12.0 186667.0 0.12857011663146292
40 41 37 0.0 0.0 7626.0 0.0 165.0 1.0 190697.0 0.1428863033272096
40 41 38 0.0 0.0 6453.0 0.0 81.0 1.0 192788.0 0.16393442622950816
40 41 39 0.0 1.0 6466.0 0.0 76.0 2.0 192968.0 0.16380016380016377
40 41 40 0.0 2.0 6554.0 0.0 47.0 0.0 193037.0 0.16284750494358494
40 41 41 0.0 0.0 6336.0 0.0 28.0 0.0 193323.0 0.16740404161186176
40 41 42 0.0 0.0 7536.0 0.0 139.0 3.0 191118.0 0.14456836018174304
40 41 43 0.0 0.0 7495.0 0.0 271.0 4.0 190048.0 0.14329580348004092
40 41 44 0.0 0.0 10176.0 0.0 753.0 14.0 182562.0 0.1082753286929621
40 41 45 0.0 0.0 8812.0 0.0 1638.0 26.0 176047.0 0.11242270938729622
40 41 46 0.0 0.0 8695.0 0.0 3712.0 65.0 152739.0 0.09718847622353348
40 41 47 0.0 0.0 7056.0 0.0 6254.0 68.0 122181.0 0.09134803601722562
40 41 48 0.0 0.0 4761.0 0.0 9072.0 80.0 82793.0 0.08842849924204144
40 41 49 0.0 0.0 2706.0 0.0 11994.0 71.0 41317.0 0.08386246555648735
40 41 50 0.0 0.0 1622.0 0.0 12695.0 46.0 23190.0 0.08581586367537083
40 41 51 0.0 0.0 547.0 0.0 9664.0 27.0 2108.0 0.1148011480114801
40 41 52 0.0 0.0 8.0 0.0 254.0 4.0 0.0 0.6205673758865247
40 41 53 0.0 0.0 0.0 0.0 2.0 0.0 0.0 0.6993006993006992
40 42 28 0.0 0.0 15.0 0.0 345.0 5.0 0.0 0.5944798301486198
40 42 29 0.0 0.0 284.0 0.0 6402.0 24.0 545.0 0.1614949821201984
40 42 30 0.0 0.0 1144.0 0.0 13103.0 33.0 11779.0 0.08620158857213224
40 42 31 0.0 0.0 2392.0 0.0 11976.0 66.0 37854.0 0.08560073372057474
40 42 32 0.0 0.0 4505.0 0.0 11382.0 82.0 62338.0 0.07825600894354387
40 42 33 0.0 0.0 7205.0 0.0 7416.0 72.0 111241.0 0.0840891344825515
40 42 34 0.0 0.0 8157.0 0.0 2905.0 46.0 160570.0 0.10715652506697282
40 42 35 0.0 0.0 8195.0 0.0 1329.0 19.0 178669.0 0.121580547112462
40 42 36 0.0 0.0 6167.0 0.0 468.0 15.0 189127.0 0.16207455429497564
40 42 37 0.0 3.0 7996.0 0.0 327.0 4.0 189008.0 0.13567206124624479
40 42 38 0.0 1.0 7692.0 0.0 160.0 5.0 190729.0 0.1421175515176124
40 42 39 0.0 1.0 6463.0 0.0 73.0 1.0 192803.0 0.16399203467260157
40 42 40 0.0 1.0 7870.0 0.0 113.0 4.0 191077.0 0.14033680834001602
40 42 41 0.0 0.0 7077.0 0.0 50.0 0.0 192384.0 0.15342465753424656
40 42 42 0.0 1.0 7916.0 0.0 227.0 4.0 190014.0 0.13789027873534912
40 42 43 0.0 3.0 8824.0 0.0 440.0 7.0 186979.0 0.12424565140220091
40 42 44 0.0 0.0 7541.0 0.0 783.0 13.0 184944.0 0.13560635412630762
40 42 45 0.0 0.0 8411.0 0.0 1890.0 26.0 172042.0 0.11369173298684422
40 42 46 0.0 0.0 8057.0 0.0 3384.0 42.0 155111.0 0.10413567390657541
40 42 47 0.0 0.0 6305.0 0.0 5787.0 66.0 124557.0 0.09939652112176073
40 42 48 0.0 0.0 4696.0 0.0 8795.0 69.0 84934.0 0.09022362570084422
40 42 49 0.0 0.0 2505.0 0.0 12476.0 61.0 37189.0 0.08242081714352995
40 42 50 0.0 0.0 1106.0 0.0 12683.0 45.0 12223.0 0.08873676871395067
40 42 51 0.0 0.0 383.0 0.0 8063.0 24.0 1175.0 0.13426680732713148
40 42 52 0.0 0.0 6.0 0.0 246.0 1.0 0.0 0.6219458018658373
40 43 27 0.0 0.0 0.0 0.0 7.0 0.0 0.0 0.6975585450921773
40 43 28 0.0 0.0 41.0 0.0 739.0 13.0 1.0 0.5059631369714491
40 43 29 0.0 0.0 383.0 0.0 7726.0 24.0 953.0 0.13875123885034685
40 43 30 0.0 0.0 1509.0 0.0 13216.0 37.0 17731.0 0.08372704981759464
40 43 31 0.0 0.0 2414.0 0.0 11935.0 61.0 39492.0 0.0856478649210816
40 43 32 0.0 0.0 4109.0 0.0 10747.0 71.0 63710.0 0.08301215535131928
40 43 33 0.0 0.0 6683.0 0.0 5852.0 85.0 124982.0 0.09644530173601543
40 43 34 0.0 0.0 8381.0 0.0 3477.0 46.0 154634.0 0.10085728693898133
40 43 35 0.0 0.0 7352.0 0.0 1547.0 26.0 176092.0 0.12853470437017994
40 43 36 0.0 0.0 8142.0 0.0 890.0 13.0 182875.0 0.1267771438920583
40 43 37 0.0 0.0 8073.0 0.0 587.0 7.0 186342.0 0.13125820363772733
40 43 38 0.0 1.0 9444.0 0.0 426.0 6.0 186476.0 0.1180139930877518
40 43 39 0.0 0.0 7824.0 0.0 226.0 2.0 189934.0 0.13923421183490797
40 43 40 0.0 0.0 7342.0 0.0 209.0 2.0 190931.0 0.14662756598240467
40 43 41 0.0 1.0 7766.0 0.0 242.0 4.0 189640.0 0.13973450444156102
40 43 42 0.0 1.0 8347.0 0.0 423.0 6.0 187898.0 0.12996658002227995
40 43 43 0.0 1.0 8112.0 0.0 658.0 14.0 185540.0 0.1300631735414344
40 43 44 0.0 0.0 9111.0 0.0 1446.0 28.0 175968.0 0.11149159831169864
40 43 45 0.0 0.0 6758.0 0.0 1932.0 41.0 172129.0 0.13127051101734644
40 43 46 0.0 0.0 7194.0 0.0 3862.0 67.0 148719.0 0.10726325467361324
40 43 47 0.0 0.0 6286.0 0.0 6997.0 70.0 110137.0 0.09145544813169584
40 43 48 0.0 0.0 4175.0 0.0 9912.0 90.0 71434.0 0.08709175738724727
40 43 49 0.0 0.0 2738.0 0.0 11217.0 74.0 47161.0 0.0877412885434946
40 43 50 0.0 0.0 1372.0 0.0 12840.0 36.0 16619.0 0.08631319358816275
40 43 51 0.0 0.0 320.0 0.0 7001.0 20.0 852.0 0.15040825096691016
40 43 52 0.0 0.0 12.0 0.0 497.0 4.0 2.0 0.558882235528942
40 43 53 0.0 0.0 2.0 0.0 13.0 1.0 0.0 0.6951340615690167
40 44 27 0.0 0.0 1.0 0.0 6.0 0.0 0.0 0.6975585450921773
40 44 28 0.0 0.0 170.0 0.0 3481.0 22.0 98.0 0.24871202700302006
40 44 29 0.0 0.0 435.0 0.0 9002.0 26.0 1682.0 0.12262415695892087
40 44 30 0.0 0.0 1401.0 0.0 12802.0 44.0 18741.0 0.08636111282462525
40 44 31 0.0 0.0 2852.0 0.0 11196.0 69.0 49423.0 0.0873307965816231
40 44 32 0.0 0.0 4650.0 0.0 8747.0 62.0 84966.0 0.09076763485477178
40 44 33 0.0 0.0 6337.0 0.0 5883.0 78.0 122637.0 0.0984736582964057
40 44 34 0.0 0.0 6131.0 0.0 2902.0 43.0 159986.0 0.12686905301313997
40 44 35 0.0 0.0 8579.0 0.0 2776.0 54.0 162946.0 0.10481395522946768
40 44 36 0.0 0.0 9308.0 0.0 1977.0 38.0 170848.0 0.10534236267870578
40 44 37 0.0 1.0 10112.0 0.0 1410.0 24.0 176700.0 0.10355029585798815
40 44 38 0.0 1.0 9178.0 0.0 860.0 16.0 182617.0 0.11623080116230801
40 44 39 0.0 0.0 7750.0 0.0 507.0 5.0 187141.0 0.13634592910011684
40 44 40 0.0 0.0 7963.0 0.0 493.0 5.0 187223.0 0.13385600917869775
40 44 41 0.0 0.0 9026.0 0.0 693.0 12.0 184650.0 0.11948450968677989
40 44 42 0.0 1.0 7924.0 0.0 801.0 14.0 184641.0 0.13070675007002144
40 44 43 0.0 0.0 8313.0 0.0 1310.0 22.0 178843.0 0.12048192771084335
40 44 44 0.0 0.0 9377.0 0.0 2661.0 39.0 163480.0 0.09966540898412471
40 44 45 0.0 0.0 7858.0 0.0 3981.0 67.0 149563.0 0.10118531367447238
40 44 46 0.0 0.0 7039.0 0.0 6311.0 82.0 121245.0 0.0911933298593017
40 44 47 0.0 0.0 5211.0 0.0 8393.0 83.0 93059.0 0.08972633467922835
40 44 48 0.0 0.0 3723.0 0.0 9864.0 66.0 67971.0 0.0897666068222621
40 44 49 0.0 0.0 2393.0 0.0 12083.0 41.0 37082.0 0.08476115517345764
40 44 50 0.0 0.0 619.0 0.0 10760.0 29.0 3121.0 0.10479041916167663
40 44 51 0.0 0.0 459.0 0.0 8997.0 28.0 1714.0 0.12237762237762236
40 44 52 0.0 0.0 8.0 0.0 227.0 4.0 0.0 0.6275212909009411
40 44 53 0.0 0.0 2.0 0.0 18.0 0.0 0.0 0.6930693069306929
40 45 27 0.0 0.0 0.0 0.0 7.0 0.0 0.0 0.6975585450921773
40 45 28 0.0 0.0 129.0 0.0 2221.0 17.0 16.0 0.323027226580526
40 45 29 0.0 0.0 538.0 0.0 9869.0 25.0 2412.0 0.1129305477131564
40 45 30 0.0 0.0 1364.0 0.0 12970.0 41.0 17766.0 0.08574228319451248
40 45 31 0.0 0.0 2333.0 0.0 12821.0 58.0 32249.0 0.08167075020417687
40 45 32 0.0 0.0 4218.0 0.0 9116.0 70.0 78488.0 0.09121709669012248
40 45 33 0.0 0.0 4975.0 0.0 5162.0 82.0 128398.0 0.11538778537871917
40 45 34 0.0 0.0 6755.0 0.0 4941.0 69.0 136195.0 0.10221962616822429
40 45 35 0.0 0.0 8142.0 0.0 4575.0 55.0 143176.0 0.09508931603613394
40 45 36 0.0 0.0 8957.0 0.0 3668.0 46.0 153543.0 0.09568723942314263
40 45 37 0.0 0.0 9015.0 0.0 2509.0 25.0 165577.0 0.1033286589416193
40 45 38 0.0 0.0 8099.0 0.0 1539.0 28.0 175861.0 0.12001714530647233
40 45 39 0.0 0.0 9007.0 0.0 1321.0 19.0 177468.0 0.11359948068808828
40 45 40 0.0 0.0 8784.0 0.0 1194.0 22.0 178997.0 0.11688094840540991
40 45 41 0.0 0.0 9175.0 0.0 1387.0 24.0 176950.0 0.1114738434588741
40 45 42 0.0 0.0 8538.0 0.0 1682.0 36.0 174402.0 0.11459441761479904
40 45 43 0.0 0.0 7794.0 0.0 2180.0 37.0 169345.0 0.11689070718877848
40 45 44 0.0 0.0 8448.0 0.0 3953.0 56.0 149526.0 0.09712779242403217
40 45 45 0.0 0.0 7684.0 0.0 6627.0 85.0 119950.0 0.0857685474483857
40 45 46 0.0 0.0 5794.0 0.0 7364.0 76.0 106275.0 0.09237875288683602
40 45 47 0.0 0.0 4146.0 0.0 11296.0 70.0 60461.0 0.08022462896109105
40 45 48 0.0 0.0 2650.0 0.0 12406.0 67.0 37953.0 0.0821307051507685
40 45 49 0.0 0.0 1684.0 0.0 13391.0 46.0 21334.0 0.0819960173363008
40 45 50 0.0 0.0 847.0 0.0 12042.0 26.0 6999.0 0.09403546480386887
40 45 51 0.0 0.0 437.0 0.0 8731.0 19.0 1709.0 0.1254480286738351
40 45 52 0.0 0.0 85.0 0.0 1580.0 11.0 12.0 0.3831417624521072
40 46 27 0.0 0.0 0.0 0.0 6.0 0.0 0.0 0.6979062811565303
40 46 28 0.0 0.0 173.0 0.0 3666.0 17.0 114.0 0.24046719340432837
40 46 29 0.0 0.0 506.0 0.0 9572.0 19.0 2122.0 0.11597084161696486
40 46 30 0.0 0.0 1088.0 0.0 12959.0 37.0 11812.0 0.08729267988527246
40 46 31 0.0 0.0 2266.0 0.0 12144.0 60.0 35456.0 0.08536064874093041
40 46 32 0.0 0.0 3838.0 0.0 9106.0 74.0 76049.0 0.09354536950420954
40 46 33 0.0 0.0 4638.0 0.0 9640.0 88.0 77339.0 0.08600565179997542
40 46 34 0.0 0.0 5822.0 0.0 8888.0 84.0 92248.0 0.0837621155917195
40 46 35 0.0 0.0 6004.0 0.0 5469.0 73.0 127723.0 0.10383445820663055
40 46 36 0.0 0.0 7400.0 0.0 5519.0 66.0 130440.0 0.0938274914549963
40 46 37 0.0 0.0 7235.0 0.0 4008.0 51.0 148948.0 0.1057641459545214
40 46 38 0.0 0.0 8089.0 0.0 3505.0 61.0 154157.0 0.1030700139880733
40 46 39 0.0 0.0 8575.0 0.0 3215.0 48.0 158228.0 0.1014786894752102
40 46 40 0.0 0.0 9096.0 0.0 3040.0 52.0 158983.0 0.09899589874133784
40 46 41 0.0 0.0 7275.0 0.0 2437.0 51.0 166348.0 0.1196683477220275
40 46 42 0.0 0.0 8965.0 0.0 3976.0 50.0 148663.0 0.0937269866773783
40 46 43 0.0 0.0 8280.0 0.0 4918.0 49.0 139120.0 0.09193590753874441
40 46 44 0.0 0.0 7172.0 0.0 6039.0 67.0 123995.0 0.09197214557876757
40 46 45 0.0 0.0 5241.0 0.0 4819.0 60.0 132865.0 0.1160573654978032
40 46 46 0.0 0.0 4599.0 0.0 10704.0 75.0 67758.0 0.0809108247124776
40 46 47 0.0 0.0 3373.0 0.0 11161.0 65.0 55347.0 0.08457681387059747
40 46 48 0.0 0.0 2244.0 0.0 12314.0 56.0 34604.0 0.08457681387059747
40 46 49 0.0 0.0 1183.0 0.0 13080.0 33.0 11616.0 0.0861273454321747
40 46 50 0.0 0.0 528.0 0.0 9637.0 26.0 2433.0 0.11522633744855965
40 46 51 0.0 0.0 103.0 0.0 1989.0 13.0 16.0 0.34313725490196073
40 46 52 0.0 0.0 7.0 0.0 123.0 1.0 0.0 0.6575857209957726
40 46 53 0.0 0.0 0.0 0.0 1.0 0.0 0.0 0.6996501749125437
40 47 27 0.0 0.0 0.0 0.0 8.0 0.0 0.0 0.697211155378486
40 47 28 0.0 0.0 2.0 0.0 139.0 3.0 0.0 0.6548175865294666
40 47 29 0.0 0.0 189.0 0.0 4200.0 16.0 201.0 0.219573400250941
40 47 30 0.0 0.0 743.0 0.0 11713.0 25.0 6822.0 0.09690593202741052
40 47 31 0.0 0.0 1454.0 0.0 13263.0 42.0 18079.0 0.08380724334031725
40 47 32 0.0 0.0 2203.0 0.0 12899.0 54.0 30016.0 0.08191925102399063
40 47 33 0.0 0.0 3307.0 0.0 10461.0 64.0 59112.0 0.08878741755454084
40 47 34 0.0 0.0 3912.0 0.0 10205.0 71.0 66100.0 0.08681632146843606
40 47 35 0.0 0.0 4923.0 0.0 7135.0 83.0 103906.0 0.09967960128159485
40 47 36 0.0 0.0 5464.0 0.0 9496.0 67.0 82695.0 0.0824353765530236
40 47 37 0.0 0.0 6195.0 0.0 7309.0 79.0 107699.0 0.090351726363343
40 47 38 0.0 0.0 6915.0 0.0 7191.0 76.0 111772.0 0.08687558175612782
40 47 39 0.0 0.0 7472.0 0.0 6476.0 75.0 121508.0 0.0877302920165434
40 47 40 0.0 0.0 6970.0 0.0 4775.0 61.0 138029.0 0.10176637348259068
40 47 41 0.0 0.0 7120.0 0.0 5484.0 60.0 130850.0 0.0957657842533689
40 47 42 0.0 0.0 7073.0 0.0 6759.0 73.0 115312.0 0.08833922261484098
40 47 43 0.0 0.0 6159.0 0.0 7327.0 64.0 107865.0 0.09030510223827645
40 47 44 0.0 0.0 5312.0 0.0 9134.0 94.0 86121.0 0.08509086488786238
40 47 45 0.0 0.0 4852.0 0.0 7286.0 79.0 102315.0 0.09902390720045268
40 47 46 0.0 0.0 4110.0 0.0 8512.0 78.0 83163.0 0.09573958831977022
40 47 47 0.0 0.0 2169.0 0.0 13505.0 57.0 26753.0 0.07923930269413629
40 47 48 0.0 0.0 2605.0 0.0 10194.0 61.0 52443.0 0.09456264775413711
40 47 49 0.0 0.0 880.0 0.0 12341.0 35.0 7048.0 0.09202050742736952
40 47 50 0.0 0.0 401.0 0.0 8077.0 20.0 1152.0 0.1337920489296636
40 47 51 0.0 0.0 46.0 0.0 1111.0 10.0 7.0 0.44486812837623124
40 47 52 0.0 0.0 0.0 0.0 10.0 0.0 0.0 0.6965174129353233
40 48 28 0.0 0.0 0.0 0.0 22.0 0.0 0.0 0.6923837784371908
40 48 29 0.0 0.0 6.0 0.0 245.0 1.0 0.0 0.6222222222222221
40 48 30 0.0 0.0 127.0 0.0 3436.0 14.0 101.0 0.2522977112993332
40 48 31 0.0 0.0 611.0 0.0 10635.0 28.0 3366.0 0.10582010582010581
40 48 32 0.0 0.0 1588.0 0.0 12957.0 49.0 20706.0 0.08465352521465715
40 48 33 0.0 0.0 1963.0 0.0 12434.0 48.0 29451.0 0.08533983541603168
40 48 34 0.0 0.0 2563.0 0.0 11598.0 72.0 42246.0 0.0866658412777021
40 48 35 0.0 0.0 2989.0 0.0 12001.0 69.0 45135.0 0.0824985268120212
40 48 36 0.0 0.0 3714.0 0.0 11480.0 68.0 55150.0 0.0813149793808445
40 48 37 0.0 0.0 3531.0 0.0 11607.0 81.0 52352.0 0.08175182481751823
40 48 38 0.0 0.0 3992.0 0.0 10869.0 65.0 61681.0 0.08302200083021999
40 48 39 0.0 0.0 4977.0 0.0 8599.0 79.0 89960.0 0.08990495761623427
40 48 40 0.0 0.0 5194.0 0.0 9718.0 70.0 79673.0 0.08271787296898078
40 48 41 0.0 0.0 5313.0 0.0 8356.0 74.0 93114.0 0.08939403614073174
40 48 42 0.0 0.0 4744.0 0.0 9063.0 81.0 82766.0 0.0886749429946795
40 48 43 0.0 0.0 3643.0 0.0 11580.0 66.0 53244.0 0.08129137150156776
40 48 44 0.0 0.0 3615.0 0.0 10246.0 68.0 63935.0 0.08825012607160866
40 48 45 0.0 0.0 2823.0 0.0 12039.0 77.0 42775.0 0.08311071534579993
40 48 46 0.0 0.0 2451.0 0.0 12463.0 55.0 35736.0 0.08274231678486997
40 48 47 0.0 0.0 1869.0 0.0 12980.0 44.0 25451.0 0.08311564948943242
40 48 48 0.0 0.0 1658.0 0.0 13276.0 50.0 21509.0 0.08276188224166468
40 48 49 0.0 0.0 1065.0 0.0 12785.0 34.0 10918.0 0.08841732979664013
40 48 50 0.0 0.0 425.0 0.0 8380.0 18.0 1335.0 0.12971370332622995
40 48 51 0.0 0.0 29.0 0.0 631.0 11.0 0.0 0.5285013212533031
40 48 52 0.0 0.0 0.0 0.0 1.0 0.0 0.0 0.6996501749125437
40 49 29 0.0 0.0 3.0 0.0 81.0 1.0 0.0 0.6721075372059528
40 49 30 0.0 0.0 304.0 0.0 7303.0 22.0 997.0 0.14598540145985398
40 49 31 0.0 0.0 839.0 0.0 12074.0 31.0 9134.0 0.09387782471669012
40 49 32 0.0 0.0 907.0 0.0 12335.0 24.0 7768.0 0.09187557422233887
40 49 33 0.0 0.0 865.0 0.0 12235.0 40.0 6947.0 0.09279512162789155
40 49 34 0.0 0.0 1101.0 0.0 12709.0 38.0 12265.0 0.08860198721599898
40 49 35 0.0 0.0 1529.0 0.0 12935.0 43.0 19631.0 0.0850391787645022
40 49 36 0.0 0.0 1683.0 0.0 12880.0 47.0 23926.0 0.08452064718666988
40 49 37 0.0 0.0 1759.0 0.0 13041.0 56.0 22858.0 0.08333829394606822
40 49 38 0.0 0.0 2598.0 0.0 11863.0 69.0 41366.0 0.08503401360544216
40 49 39 0.0 0.0 2825.0 0.0 11919.0 59.0 43395.0 0.08358707982566123
40 49 40 0.0 0.0 3465.0 0.0 9437.0 77.0 68666.0 0.0939786534201517
40 49 41 0.0 0.0 2801.0 0.0 11576.0 60.0 45250.0 0.08537626539821928
40 49 42 0.0 0.0 2523.0 0.0 11735.0 72.0 40026.0 0.08616445100935499
40 49 43 0.0 0.0 2404.0 0.0 11727.0 53.0 39194.0 0.08675176601809392
40 49 44 0.0 0.0 1643.0 0.0 13236.0 33.0 20668.0 0.08287946957139473
40 49 45 0.0 0.0 1142.0 0.0 13208.0 23.0 9830.0 0.08561643835616438
40 49 46 0.0 0.0 1455.0 0.0 13016.0 44.0 19054.0 0.08503401360544216
40 49 47 0.0 0.0 979.0 0.0 12527.0 31.0 9426.0 0.09031092762224228
40 49 48 0.0 0.0 1329.0 0.0 12794.0 28.0 16106.0 0.08681632146843606
40 49 49 0.0 0.0 777.0 0.0 11710.0 32.0 5569.0 0.09670511846377011
40 49 50 0.0 0.0 158.0 0.0 3557.0 22.0 121.0 0.2458728486125746
40 49 51 0.0 0.0 117.0 0.0 2180.0 21.0 22.0 0.3274087932647333
40 49 52 0.0 0.0 0.0 0.0 1.0 0.0 0.0 0.6996501749125437
40 50 29 0.0 0.0 0.0 0.0 5.0 0.0 0.0 0.6982543640897755
40 50 30 0.0 0.0 37.0 0.0 1062.0 5.0 9.0 0.4526349822179113
40 50 31 0.0 0.0 203.0 0.0 4744.0 12.0 200.0 0.20190366310931637
40 50 32 0.0 0.0 432.0 0.0 8775.0 22.0 1639.0 0.1250893495353824
40 50 33 0.0 0.0 269.0 0.0 5841.0 22.0 442.0 0.17309594460929772
40 50 34 0.0 0.0 963.0 0.0 12632.0 23.0 8798.0 0.08978387738087602
40 50 35 0.0 0.0 392.0 0.0 7925.0 24.0 1104.0 0.13597513597513594
40 50 36 0.0 0.0 770.0 0.0 11729.0 36.0 5421.0 0.09665170866413529
40 50 37 0.0 0.0 1227.0 0.0 12580.0 37.0 16473.0 0.08857395925597873
40 50 38 0.0 0.0 1179.0 0.0 12757.0 27.0 13388.0 0.0878293601003764
40 50 39 0.0 0.0 1738.0 0.0 12293.0 40.0 27166.0 0.08726003490401395
40 50 40 0.0 0.0 1269.0 0.0 13130.0 42.0 13550.0 0.08542836221625578
40 50 41 0.0 0.0 1428.0 0.0 12456.0 35.0 20582.0 0.08810018249323516
40 50 42 0.0 0.0 1164.0 0.0 13192.0 36.0 11522.0 0.08561120283739986
40 50 43 0.0 0.0 1080.0 0.0 12977.0 32.0 10957.0 0.08721654622476949
40 50 44 0.0 0.0 1249.0 0.0 13049.0 39.0 14403.0 0.08593174564203289
40 50 45 0.0 0.0 616.0 0.0 10543.0 24.0 3299.0 0.10640723569202704
40 50 46 0.0 0.0 487.0 0.0 9428.0 26.0 2095.0 0.11768661735036987
40 50 47 0.0 0.0 264.0 0.0 6846.0 15.0 788.0 0.15386306187493126
40 50 48 0.0 0.0 406.0 0.0 8454.0 20.0 1617.0 0.12899659080438586
40 50 49 0.0 0.0 478.0 0.0 9137.0 33.0 1826.0 0.12076252911239539
40 50 50 0.0 0.0 118.0 0.0 2700.0 12.0 49.0 0.2913025384935497
40 50 51 0.0 0.0 1.0 0.0 26.0 0.0 0.0 0.6906758756783422
40 50 52 0.0 0.0 0.0 0.0 1.0 0.0 0.0 0.6996501749125437
40 51 29 0.0 0.0 0.0 0.0 1.0 0.0 0.0 0.6996501749125437
40 51 30 0.0 0.0 0.0 0.0 4.0 0.0 0.0 0.6986027944111775
40 51 31 0.0 0.0 19.0 0.0 514.0 6.0 2.0 0.5540166204986148
40 51 32 0.0 0.0 49.0 0.0 978.0 7.0 3.0 0.4637297118251076
40 51 33 0.0 0.0 34.0 0.0 801.0 4.0 0.0 0.4945249028611797
40 51 34 0.0 0.0 104.0 0.0 2429.0 17.0 43.0 0.310146211785556
40 51 35 0.0 0.0 108.0 0.0 2344.0 15.0 33.0 0.31552851025467654
40 51 36 0.0 0.0 285.0 0.0 6247.0 21.0 525.0 0.1644350481559784
40 51 37 0.0 0.0 219.0 0.0 5265.0 20.0 324.0 0.18749162983795362
40 51 38 0.0 0.0 511.0 0.0 9766.0 25.0 2424.0 0.1141645600587132
40 51 39 0.0 0.0 811.0 0.0 12094.0 38.0 6766.0 0.0940291490362012
40 51 40 0.0 0.0 734.0 0.0 11376.0 21.0 4597.0 0.09924854671770876
40 51 41 0.0 0.0 436.0 0.0 8739.0 16.0 1456.0 0.12536939195844898
40 51 42 0.0 0.0 399.0 0.0 8387.0 13.0 1416.0 0.12983399795975145
40 51 43 0.0 0.0 344.0 0.0 7323.0 17.0 868.0 0.1450626878043726
40 51 44 0.0 0.0 329.0 0.0 6438.0 25.0 569.0 0.16005487595747112
40 51 45 0.0 0.0 263.0 0.0 6158.0 21.0 599.0 0.1665477040209374
40 51 46 0.0 0.0 138.0 0.0 3099.0 18.0 80.0 0.2682506227246598
40 51 47 0.0 0.0 93.0 0.0 2118.0 9.0 22.0 0.3331746787244169
40 51 48 0.0 0.0 31.0 0.0 638.0 9.0 5.0 0.5263157894736842
40 51 49 0.0 0.0 1.0 0.0 86.0 0.0 0.0 0.670819357930043
40 51 50 0.0 0.0 2.0 0.0 48.0 0.0 0.0 0.6829268292682925
40 51 51 0.0 0.0 0.0 0.0 3.0 0.0 0.0 0.6989515726410384
40 52 33 0.0 0.0 0.0 0.0 12.0 0.0 0.0 0.6958250497017892
40 52 34 0.0 0.0 24.0 0.0 595.0 2.0 0.0 0.5349636988918608
40 52 35 0.0 0.0 0.0 0.0 10.0 0.0 0.0 0.6965174129353233
40 52 36 0.0 0.0 24.0 0.0 505.0 6.0 0.0 0.5548949663099484
40 52 37 0.0 0.0 24.0 0.0 451.0 4.0 0.0 0.5665722379603398
40 52 38 0.0 0.0 313.0 0.0 6314.0 23.0 507.0 0.16262051341619235
40 52 39 0.0 0.0 187.0 0.0 4102.0 22.0 165.0 0.2233923727461305
40 52 40 0.0 0.0 125.0 0.0 2457.0 13.0 32.0 0.30647985989492116
40 52 41 0.0 0.0 3.0 0.0 216.0 2.0 0.0 0.6314839873703202
40 52 42 0.0 0.0 29.0 0.0 1080.0 3.0 5.0 0.4507405022537025
40 52 43 0.0 0.0 321.0 0.0 6674.0 22.0 621.0 0.15595410493483347
40 52 44 0.0 0.0 19.0 0.0 273.0 9.0 0.0 0.6132282084975909
40 52 45 0.0 0.0 10.0 0.0 138.0 0.0 0.0 0.6517690875232773
40 52 46 0.0 0.0 0.0 0.0 13.0 0.0 0.0 0.695479384003974
40 52 47 0.0 0.0 1.0 0.0 68.0 0.0 0.0 0.6766553890768486
40 52 48 0.0 0.0 0.0 0.0 16.0 1.0 0.0 0.694789081885856
40 52 49 0.0 0.0 0.0 0.0 7.0 1.0 0.0 0.6979062811565303
40 52 50 0.0 0.0 0.0 0.0 2.0 0.0 0.0 0.6993006993006992
40 53 37 0.0 0.0 0.0 0.0 9.0 0.0 0.0 0.6968641114982577
40 53 38 0.0 0.0 1.0 0.0 22.0 2.0 0.0 0.6927263730826323
40 53 39 0.0 0.0 0.0 0.0 36.0 0.0 0.0 0.6876227897838899
40 53 40 0.0 0.0 0.0 0.0 8.0 0.0 0.0 0.697211155378486
40 53 41 0.0 0.0 0.0 0.0 2.0 0.0 0.0 0.6993006993006992
40 53 42 0.0 0.0 0.0 0.0 11.0 0.0 0.0 0.6961710591745399
40 53 43 0.0 0.0 0.0 0.0 8.0 0.0 0.0 0.697211155378486
40 53 44 0.0 0.0 0.0 0.0 14.0 0.0 0.0 0.6951340615690167
41 27 34 0.0 0.0 0.0 0.0 2.0 0.0 0.0 0.6993006993006992
41 27 35 0.0 0.0 0.0 0.0 5.0 0.0 0.0 0.6982543640897755
41 27 36 0.0 0.0 3.0 0.0 44.0 0.0 0.0 0.6839276990718123
41 27 37 0.0 0.0 3.0 0.0 86.0 1.0 0.0 0.6704980842911876
41 27 38 0.0 0.0 0.0 0.0 4.0 0.0 0.0 0.6986027944111775
41 27 39 0.0 0.0 0.0 0.0 18.0 0.0 0.0 0.6937561942517343
41 27 40 0.0 0.0 5.0 0.0 69.0 2.0 0.0 0.6756756756756755
41 27 41 0.0 0.0 0.0 0.0 17.0 0.0 0.0 0.694100148735746
41 27 42 0.0 0.0 3.0 0.0 48.0 1.0 0.0 0.6829268292682925
41 27 43 0.0 0.0 3.0 0.0 124.0 3.0 0.0 0.6591337099811675
41 27 44 0.0 0.0 8.0 0.0 155.0 1.0 0.0 0.6475485661424606
41 27 45 0.0 0.0 0.0 0.0 14.0 0.0 0.0 0.6951340615690167
41 27 47 0.0 0.0 0.0 0.0 2.0 0.0 0.0 0.6993006993006992
41 28 33 0.0 0.0 0.0 0.0 1.0 0.0 0.0 0.6996501749125437
41 28 34 0.0 0.0 9.0 0.0 204.0 3.0 0.0 0.6334841628959276
41 28 35 0.0 0.0 143.0 0.0 2760.0 19.0 53.0 0.28659160696008185
41 28 36 0.0 0.0 134.0 0.0 2873.0 16.0 67.0 0.28050490883590457
41 28 37 0.0 0.0 73.0 0.0 1554.0 17.0 14.0 0.3877042370534477
41 28 38 0.0 0.0 264.0 0.0 5718.0 15.0 416.0 0.17574692442882248
41 28 39 0.0 0.0 3.0 0.0 379.0 3.0 0.0 0.5887300252312867
41 28 40 0.0 0.0 152.0 0.0 3955.0 10.0 155.0 0.2296587926509186
41 28 41 0.0 0.0 345.0 0.0 7723.0 23.0 1111.0 0.13927576601671307
41 28 42 0.0 0.0 239.0 0.0 5206.0 22.0 326.0 0.18857758620689655
41 28 43 0.0 0.0 219.0 0.0 4947.0 24.0 253.0 0.19602352282273872
41 28 44 0.0 0.0 376.0 0.0 7937.0 16.0 1092.0 0.13592233009708737
41 28 45 0.0 0.0 5.0 0.0 185.0 2.0 0.0 0.639853747714808
41 28 46 0.0 0.0 3.0 0.0 85.0 0.0 0.0 0.6704980842911876
41 28 47 0.0 0.0 5.0 0.0 98.0 1.0 0.0 0.6660323501427211
41 28 48 0.0 0.0 0.0 0.0 11.0 0.0 0.0 0.6961710591745399
41 28 49 0.0 0.0 0.0 0.0 1.0 0.0 0.0 0.6996501749125437
41 29 31 0.0 0.0 0.0 0.0 21.0 0.0 0.0 0.6927263730826323
41 29 32 0.0 0.0 0.0 0.0 55.0 0.0 0.0 0.6812652068126519
41 29 33 0.0 0.0 0.0 0.0 168.0 0.0 0.0 0.6457564575645756
41 29 34 0.0 0.0 101.0 0.0 2339.0 17.0 17.0 0.316670436552816
41 29 35 0.0 0.0 454.0 0.0 9107.0 23.0 1887.0 0.12125411397886712
41 29 36 0.0 0.0 645.0 0.0 11140.0 26.0 5591.0 0.10161863976192204
41 29 37 0.0 0.0 460.0 0.0 9225.0 22.0 2143.0 0.11991434689507494
41 29 38 0.0 0.0 589.0 0.0 10179.0 32.0 3057.0 0.1097694840834248
41 29 39 0.0 0.0 598.0 0.0 10836.0 28.0 3860.0 0.10428305400372438
41 29 40 0.0 0.0 536.0 0.0 9669.0 23.0 2078.0 0.11483881551964562
41 29 41 0.0 0.0 721.0 0.0 11322.0 33.0 5026.0 0.09980751407998859
41 29 42 0.0 0.0 990.0 0.0 12556.0 26.0 10316.0 0.09001478814376646
41 29 43 0.0 0.0 761.0 0.0 11755.0 23.0 5408.0 0.09648518263266712
41 29 44 0.0 0.0 564.0 0.0 10016.0 17.0 2571.0 0.11134086209638935
41 29 45 0.0 0.0 401.0 0.0 8648.0 16.0 1727.0 0.12686905301313997
41 29 46 0.0 0.0 249.0 0.0 5069.0 15.0 304.0 0.1917282936181868
41 29 47 0.0 0.0 255.0 0.0 5633.0 17.0 382.0 0.17775520568816655
41 29 48 0.0 0.0 18.0 0.0 705.0 2.0 3.0 0.5143277002204261
41 29 49 0.0 0.0 0.0 0.0 10.0 0.0 0.0 0.6965174129353233
41 29 50 0.0 0.0 0.0 0.0 4.0 0.0 0.0 0.6986027944111775
41 30 30 0.0 0.0 1.0 0.0 19.0 0.0 0.0 0.6930693069306929
41 30 31 0.0 0.0 18.0 0.0 401.0 3.0 0.0 0.5794701986754967
41 30 32 0.0 0.0 222.0 0.0 5034.0 18.0 276.0 0.19331676332504832
41 30 33 0.0 0.0 310.0 0.0 6509.0 18.0 576.0 0.1590005678591709
41 30 34 0.0 0.0 550.0 0.0 10214.0 31.0 3100.0 0.1098211484154377
41 30 35 0.0 0.0 739.0 0.0 11739.0 28.0 5115.0 0.09678534393363289
41 30 36 0.0 0.0 1156.0 0.0 13058.0 39.0 11088.0 0.08640908529811134
41 30 37 0.0 0.0 1215.0 0.0 12885.0 36.0 14416.0 0.08693492300049675
41 30 38 0.0 0.0 1284.0 0.0 13227.0 34.0 14109.0 0.08481250378627248
41 30 39 0.0 0.0 1561.0 0.0 13080.0 40.0 20015.0 0.08412955952166334
41 30 40 0.0 0.0 1678.0 0.0 12784.0 46.0 22845.0 0.08507535245503159
41 30 41 0.0 0.0 1852.0 0.0 12411.0 56.0 27744.0 0.08610086100861007
41 30 42 0.0 0.0 1517.0 0.0 13259.0 46.0 17948.0 0.0834824090638044
41 30 43 0.0 0.0 1649.0 0.0 12621.0 43.0 24091.0 0.08604265257206072
41 30 44 0.0 0.0 982.0 0.0 12678.0 26.0 8753.0 0.0893883284382582
41 30 45 0.0 0.0 840.0 0.0 12335.0 22.0 6421.0 0.09225092250922508
41 30 46 0.0 0.0 703.0 0.0 11067.0 22.0 3971.0 0.10169245296724048
41 30 47 0.0 0.0 683.0 0.0 11300.0 25.0 5088.0 0.10016455605637833
41 30 48 0.0 0.0 81.0 0.0 2253.0 12.0 39.0 0.32392410920869963
41 30 49 0.0 0.0 249.0 0.0 5375.0 18.0 319.0 0.18401682439537323
41 30 50 0.0 0.0 13.0 0.0 274.0 2.0 0.0 0.612691466083151
41 30 51 0.0 0.0 0.0 0.0 1.0 0.0 0.0 0.6996501749125437
41 31 29 0.0 0.0 0.0 0.0 3.0 0.0 0.0 0.6989515726410384
41 31 30 0.0 0.0 114.0 0.0 2600.0 19.0 45.0 0.2981895633652822
41 31 31 0.0 0.0 260.0 0.0 6084.0 17.0 515.0 0.1680672268907563
41 31 32 0.0 0.0 235.0 0.0 6285.0 14.0 573.0 0.1645703538262607
41 31 33 0.0 0.0 1118.0 0.0 12326.0 37.0 15709.0 0.09069119647599921
41 31 34 0.0 0.0 999.0 0.0 12845.0 43.0 8575.0 0.0884452587023817
41 31 35 0.0 0.0 2007.0 0.0 12741.0 56.0 28163.0 0.08363201911589008
41 31 36 0.0 0.0 2071.0 0.0 13555.0 48.0 24554.0 0.07939658594680428
41 31 37 0.0 0.0 3045.0 0.0 11573.0 67.0 47686.0 0.08423079237109679
41 31 38 0.0 0.0 2956.0 0.0 12094.0 57.0 43660.0 0.08205849598499501
41 31 39 0.0 0.0 2820.0 0.0 12327.0 64.0 41162.0 0.08164217401446232
41 31 40 0.0 0.0 3422.0 0.0 11101.0 62.0 55392.0 0.08474063313358754
41 31 41 0.0 0.0 2835.0 0.0 12232.0 62.0 41524.0 0.08204406938584154
41 31 42 0.0 0.0 3306.0 0.0 10331.0 67.0 60197.0 0.08953696597595291
41 31 43 0.0 0.0 3217.0 0.0 10818.0 73.0 56091.0 0.08726003490401395
41 31 44 0.0 0.0 2019.0 0.0 12390.0 47.0 30782.0 0.08526187576126673
41 31 45 0.0 0.0 1445.0 0.0 13265.0 35.0 16858.0 0.08381727833323353
41 31 46 0.0 0.0 1021.0 0.0 12753.0 41.0 9227.0 0.0888719608963372
41 31 47 0.0 0.0 716.0 0.0 11391.0 27.0 4730.0 0.09926262053318206
41 31 48 0.0 0.0 561.0 0.0 10143.0 29.0 2660.0 0.11037527593818984
41 31 49 0.0 0.0 351.0 0.0 7212.0 21.0 834.0 0.14661221070269134
41 31 50 0.0 0.0 92.0 0.0 2051.0 11.0 24.0 0.33881897386253623
41 31 51 0.0 0.0 0.0 0.0 34.0 0.0 0.0 0.6886374815543531
41 31 52 0.0 0.0 0.0 0.0 2.0 0.0 0.0 0.6993006993006992
41 32 28 0.0 0.0 0.0 0.0 1.0 0.0 0.0 0.6996501749125437
41 32 29 0.0 0.0 0.0 0.0 19.0 0.0 0.0 0.6934125804853887
41 32 30 0.0 0.0 115.0 0.0 2452.0 16.0 38.0 0.30769230769230765
41 32 31 0.0 0.0 710.0 0.0 11426.0 27.0 5095.0 0.09910101224605364
41 32 32 0.0 0.0 545.0 0.0 9762.0 32.0 2306.0 0.11394156425490355
41 32 33 0.0 0.0 2008.0 0.0 12467.0 56.0 30735.0 0.08496176720475786
41 32 34 0.0 0.0 2546.0 0.0 11314.0 48.0 43853.0 0.08822232024702249
41 32 35 0.0 0.0 3420.0 0.0 11385.0 48.0 52833.0 0.08314526665874807
41 32 36 0.0 0.0 4608.0 0.0 7744.0 77.0 94540.0 0.09758817788930711
41 32 37 0.0 0.0 5197.0 0.0 8751.0 79.0 88752.0 0.08770830722967045
41 32 38 0.0 0.0 5475.0 0.0 8053.0 87.0 97048.0 0.09010748535753361
41 32 39 0.0 0.0 5345.0 0.0 6745.0 75.0 108992.0 0.09924854671770876
41 32 40 0.0 0.0 5311.0 0.0 10301.0 86.0 76568.0 0.07949125596184418
41 32 41 0.0 0.0 5259.0 0.0 7493.0 82.0 101883.0 0.09486380268329041
41 32 42 0.0 0.0 5189.0 0.0 8796.0 89.0 87226.0 0.08764241893076248
41 32 43 0.0 0.0 4556.0 0.0 9926.0 76.0 75809.0 0.08486905916585838
41 32 44 0.0 0.0 3860.0 0.0 11090.0 72.0 57932.0 0.08259099758126363
41 32 45 0.0 0.0 3400.0 0.0 10643.0 56.0 58720.0 0.08715139442231075
41 32 46 0.0 0.0 1623.0 0.0 13133.0 47.0 20722.0 0.08359706216038693
41 32 47 0.0 0.0 1465.0 0.0 13110.0 38.0 17172.0 0.08449514152936205
41 32 48 0.0 0.0 839.0 0.0 12193.0 31.0 7218.0 0.09318423855165069
41 32 49 0.0 0.0 855.0 0.0 12283.0 39.0 7763.0 0.0925497454881999
41 32 50 0.0 0.0 147.0 0.0 3890.0 17.0 181.0 0.23255813953488366
41 32 51 0.0 0.0 38.0 0.0 963.0 8.0 4.0 0.46744574290484137
41 32 52 0.0 0.0 8.0 0.0 129.0 3.0 0.0 0.6560449859418931
41 33 28 0.0 0.0 2.0 0.0 27.0 0.0 0.0 0.6899950714637751
41 33 29 0.0 0.0 5.0 0.0 183.0 2.0 0.0 0.6407322654462241
41 33 30 0.0 0.0 340.0 0.0 7350.0 17.0 805.0 0.14465798718743542
41 33 31 0.0 0.0 1171.0 0.0 12944.0 34.0 13076.0 0.08692412765429032
41 33 32 0.0 0.0 1867.0 0.0 12680.0 55.0 26894.0 0.08463817181548877
41 33 33 0.0 0.0 2568.0 0.0 11774.0 81.0 41838.0 0.08575803981623276
41 33 34 0.0 0.0 3296.0 0.0 11634.0 76.0 50520.0 0.08265438658637382
41 33 35 0.0 0.0 4923.0 0.0 10236.0 88.0 74526.0 0.08159459144422426
41 33 36 0.0 0.0 5596.0 0.0 5450.0 58.0 127559.0 0.10731258623332822
41 33 37 0.0 0.0 6528.0 0.0 4597.0 61.0 138589.0 0.10666666666666666
41 33 38 0.0 0.0 6443.0 0.0 4035.0 73.0 145515.0 0.11210762331838564
41 33 39 0.0 0.0 8029.0 0.0 6243.0 76.0 124694.0 0.08590538135853223
41 33 40 0.0 0.0 7685.0 0.0 5337.0 63.0 133510.0 0.093103677595265
41 33 41 0.0 0.0 7571.0 0.0 5990.0 88.0 126363.0 0.08994539029874718
41 33 42 0.0 0.0 7472.0 0.0 7053.0 93.0 114500.0 0.08460236886632824
41 33 43 0.0 0.0 6323.0 0.0 6318.0 88.0 119539.0 0.09563494774233212
41 33 44 0.0 0.0 5837.0 0.0 7879.0 96.0 100872.0 0.08914926133469178
41 33 45 0.0 0.0 4597.0 0.0 10748.0 67.0 67729.0 0.08064516129032258
41 33 46 0.0 0.0 3601.0 0.0 10239.0 64.0 63503.0 0.08822788001008318
41 33 47 0.0 0.0 1872.0 0.0 13807.0 52.0 21505.0 0.0791765637371338
41 33 48 0.0 0.0 1453.0 0.0 12848.0 44.0 19169.0 0.0858948401742438
41 33 49 0.0 0.0 1005.0 0.0 12815.0 26.0 9961.0 0.08848998166993235
41 33 50 0.0 0.0 1114.0 0.0 12803.0 35.0 11312.0 0.08790656787642848
41 33 51 0.0 0.0 237.0 0.0 5535.0 12.0 346.0 0.18036588508116463
41 33 52 0.0 0.0 1.0 0.0 32.0 1.0 0.0 0.6889763779527558
41 34 27 0.0 0.0 0.0 0.0 3.0 0.0 0.0 0.6989515726410384
41 34 28 0.0 0.0 20.0 0.0 488.0 7.0 0.0 0.5597760895641744
41 34 29 0.0 0.0 404.0 0.0 8282.0 25.0 1391.0 0.13125820363772733
41 34 30 0.0 0.0 391.0 0.0 8602.0 21.0 1683.0 0.12749294235497677
41 34 31 0.0 0.0 1675.0 0.0 13188.0 51.0 21673.0 0.08309098462816783
41 34 32 0.0 0.0 2160.0 0.0 12360.0 50.0 32155.0 0.08475089291119317
41 34 33 0.0 0.0 3915.0 0.0 9844.0 74.0 69914.0 0.08884940026654818
41 34 34 0.0 0.0 5120.0 0.0 7954.0 65.0 95894.0 0.09269067796610168
41 34 35 0.0 0.0 6647.0 0.0 8299.0 89.0 98916.0 0.08272276057669581
41 34 36 0.0 0.0 8260.0 0.0 5361.0 72.0 133396.0 0.08961147026819431
41 34 37 0.0 0.0 5776.0 0.0 2130.0 36.0 168892.0 0.1415285078851597
41 34 38 0.0 0.0 9016.0 0.0 2994.0 39.0 160091.0 0.0998644696483344
41 34 39 0.0 0.0 8961.0 0.0 2826.0 48.0 162539.0 0.10153020523605771
41 34 40 0.0 0.0 8153.0 0.0 2390.0 39.0 167074.0 0.11155378486055775
41 34 41 0.0 0.0 8622.0 0.0 3009.0 33.0 160582.0 0.10254907705830647
41 34 42 0.0 0.0 9533.0 0.0 3911.0 60.0 149954.0 0.09065009065009064
41 34 43 0.0 0.0 7847.0 0.0 3842.0 65.0 150832.0 0.10225695712511867
41 34 44 0.0 0.0 8011.0 0.0 5622.0 78.0 130865.0 0.08958280010238033
41 34 45 0.0 0.0 6770.0 0.0 6655.0 69.0 116016.0 0.09063248527222113
41 34 46 0.0 0.0 5333.0 0.0 8802.0 82.0 88839.0 0.0866658412777021
41 34 47 0.0 0.0 3984.0 0.0 9991.0 72.0 68440.0 0.08760951188986231
41 34 48 0.0 0.0 3206.0 0.0 10546.0 74.0 58661.0 0.0889058233314282
41 34 49 0.0 0.0 1771.0 0.0 12873.0 47.0 24130.0 0.08407398510689405
41 34 50 0.0 0.0 1184.0 0.0 12658.0 32.0 14683.0 0.0883336488106505
41 34 51 0.0 0.0 495.0 0.0 9112.0 27.0 1903.0 0.12083549110996028
41 34 52 0.0 0.0 27.0 0.0 500.0 5.0 1.0 0.5551149881046787
41 34 53 0.0 0.0 0.0 0.0 8.0 0.0 0.0 0.697211155378486
41 35 27 0.0 0.0 0.0 0.0 18.0 0.0 0.0 0.6937561942517343
41 35 28 0.0 0.0 253.0 0.0 5193.0 25.0 291.0 0.18852679773767841
41 35 29 0.0 0.0 366.0 0.0 7910.0 26.0 1119.0 0.13653208503998437
41 35 30 0.0 0.0 786.0 0.0 11998.0 34.0 6542.0 0.09476106673886556
41 35 31 0.0 0.0 2264.0 0.0 11637.0 48.0 37389.0 0.08803924034712614
41 35 32 0.0 0.0 3384.0 0.0 10519.0 56.0 59027.0 0.08786243253420359
41 35 33 0.0 0.0 4967.0 0.0 8533.0 93.0 89910.0 0.09048019130097587
41 35 34 0.0 0.0 6916.0 0.0 7813.0 76.0 105163.0 0.0836470096194061
41 35 35 0.0 0.0 7304.0 0.0 4066.0 55.0 146598.0 0.10468072379243308
41 35 36 0.0 0.0 9052.0 0.0 3610.0 57.0 154275.0 0.0955892393827666
41 35 37 0.0 0.0 8407.0 0.0 1947.0 29.0 171817.0 0.11325944502871935
41 35 38 0.0 0.0 6361.0 0.0 1078.0 18.0 182459.0 0.14821088291340245
41 35 39 0.0 0.0 8043.0 0.0 1055.0 17.0 181554.0 0.12603528988116672
41 35 40 0.0 0.0 8791.0 0.0 1064.0 13.0 180720.0 0.11792452830188678
41 35 41 0.0 0.0 8765.0 0.0 1205.0 20.0 178979.0 0.11700793982448807
41 35 42 0.0 0.0 8493.0 0.0 1486.0 26.0 176902.0 0.1169004676018704
41 35 43 0.0 0.0 9026.0 0.0 1935.0 35.0 170643.0 0.10796637618570216
41 35 44 0.0 0.0 8543.0 0.0 2689.0 53.0 164580.0 0.1059402194475974
41 35 45 0.0 0.0 8186.0 0.0 4178.0 67.0 147048.0 0.09755417740923976
41 35 46 0.0 0.0 7383.0 0.0 7600.0 78.0 109242.0 0.08232872684504557
41 35 47 0.0 0.0 5254.0 0.0 6858.0 72.0 108669.0 0.0992415113064436
41 35 48 0.0 0.0 3196.0 0.0 12120.0 76.0 45858.0 0.0808454120228677
41 35 49 0.0 0.0 1953.0 0.0 13296.0 59.0 24646.0 0.08123005512039454
41 35 50 0.0 0.0 1432.0 0.0 12866.0 31.0 19086.0 0.0857685474483857
41 35 51 0.0 0.0 476.0 0.0 9250.0 24.0 1892.0 0.1194947080914988
41 35 52 0.0 0.0 158.0 0.0 4066.0 14.0 173.0 0.22537025112685125
41 35 53 0.0 0.0 0.0 0.0 7.0 0.0 0.0 0.6975585450921773
41 36 27 0.0 0.0 0.0 0.0 18.0 0.0 0.0 0.6937561942517343
41 36 28 0.0 0.0 52.0 0.0 1161.0 7.0 7.0 0.4368174726989079
41 36 29 0.0 0.0 664.0 0.0 11115.0 22.0 4942.0 0.10161126433444621
41 36 30 0.0 0.0 984.0 0.0 12587.0 32.0 10691.0 0.0899165061014772
41 36 31 0.0 0.0 2050.0 0.0 12841.0 51.0 28709.0 0.08289909995262908
41 36 32 0.0 0.0 4236.0 0.0 8120.0 64.0 88182.0 0.0973709834469328
41 36 33 0.0 0.0 5596.0 0.0 6070.0 73.0 120089.0 0.10236911377595788
41 36 34 0.0 0.0 7243.0 0.0 4842.0 65.0 138426.0 0.0993330495246204
41 36 35 0.0 0.0 7342.0 0.0 2535.0 35.0 164263.0 0.11777572137629341
41 36 36 0.0 0.0 7755.0 0.0 1676.0 19.0 174795.0 0.12240972282941327
41 36 37 0.0 0.0 9102.0 0.0 1208.0 18.0 179129.0 0.11368250101502232
41 36 38 0.0 0.0 8780.0 0.0 662.0 12.0 184842.0 0.12240972282941327
41 36 39 0.0 1.0 6725.0 0.0 352.0 5.0 189740.0 0.1542699724517906
41 36 40 0.0 0.0 8323.0 0.0 419.0 6.0 187461.0 0.1303174159918086
41 36 41 0.0 1.0 8989.0 0.0 533.0 7.0 186198.0 0.12148559527941685
41 36 42 0.0 0.0 9118.0 0.0 601.0 7.0 185140.0 0.11939280231963156
41 36 43 0.0 0.0 7738.0 0.0 757.0 16.0 184757.0 0.133371439458893
41 36 44 0.0 0.0 8609.0 0.0 1305.0 25.0 178572.0 0.11756802149815249
41 36 45 0.0 0.0 8190.0 0.0 2340.0 47.0 167108.0 0.11178537208559565
41 36 46 0.0 0.0 7630.0 0.0 4112.0 56.0 146972.0 0.1019739238109112
41 36 47 0.0 0.0 6249.0 0.0 6207.0 65.0 119602.0 0.09675858732462504
41 36 48 0.0 0.0 4237.0 0.0 10637.0 86.0 65454.0 0.0831551437396056
41 36 49 0.0 0.0 2608.0 0.0 11900.0 61.0 40551.0 0.08481764206955045
41 36 50 0.0 0.0 1305.0 0.0 13380.0 41.0 13667.0 0.08393788596438635
41 36 51 0.0 0.0 810.0 0.0 11912.0 28.0 7538.0 0.0951345474313672
41 36 52 0.0 0.0 259.0 0.0 5701.0 28.0 449.0 0.1764335223692501
41 36 53 0.0 0.0 0.0 0.0 14.0 1.0 0.0 0.695479384003974
41 37 28 0.0 0.0 81.0 0.0 1879.0 10.0 17.0 0.35434067324727914
41 37 29 0.0 0.0 244.0 0.0 5406.0 22.0 389.0 0.1834621936836587
41 37 30 0.0 0.0 1262.0 0.0 13253.0 53.0 13659.0 0.08487935006669091
41 37 31 0.0 0.0 2444.0 0.0 12389.0 51.0 36392.0 0.08313045543613799
41 37 32 0.0 0.0 4393.0 0.0 11022.0 83.0 63401.0 0.0803904679873672
41 37 33 0.0 0.0 6467.0 0.0 6039.0 82.0 124275.0 0.0964585917045611
41 37 34 0.0 0.0 8352.0 0.0 4118.0 51.0 147299.0 0.09661835748792269
41 37 35 0.0 0.0 9605.0 0.0 2544.0 43.0 164974.0 0.09894692204396069
41 37 36 0.0 0.0 9027.0 0.0 1155.0 18.0 179633.0 0.11484823625922885
41 37 37 0.0 1.0 7694.0 0.0 550.0 7.0 187058.0 0.13666536509176103
41 37 38 0.0 0.0 8792.0 0.0 366.0 5.0 187721.0 0.12535816618911172
41 37 39 0.0 0.0 7321.0 0.0 197.0 2.0 190781.0 0.1471206389239176
41 37 40 0.0 0.0 8435.0 0.0 152.0 5.0 189888.0 0.13215027373985272
41 37 41 0.0 0.0 7806.0 0.0 231.0 0.0 190112.0 0.13930348258706465
41 37 42 0.0 1.0 7362.0 0.0 225.0 4.0 190761.0 0.1460767946577629
41 37 43 0.0 0.0 7030.0 0.0 325.0 5.0 190058.0 0.1497005988023952
41 37 44 0.0 0.0 9132.0 0.0 811.0 16.0 182971.0 0.11728239926279634
41 37 45 0.0 0.0 7883.0 0.0 1440.0 28.0 177656.0 0.12363122571529493
41 37 46 0.0 0.0 8490.0 0.0 3329.0 39.0 156427.0 0.1013024602026049
41 37 47 0.0 0.0 6853.0 0.0 5727.0 59.0 126870.0 0.0958904109589041
41 37 48 0.0 0.0 4913.0 0.0 9181.0 82.0 83517.0 0.08701056556867619
41 37 49 0.0 0.0 3176.0 0.0 11146.0 56.0 51835.0 0.0856478649210816
41 37 50 0.0 0.0 1146.0 0.0 13185.0 34.0 10848.0 0.0857685474483857
41 37 51 0.0 0.0 360.0 0.0 7869.0 24.0 1187.0 0.13706677109849225
41 37 52 0.0 0.0 216.0 0.0 5199.0 17.0 362.0 0.18911252195056058
41 37 53 0.0 0.0 0.0 0.0 38.0 0.0 0.0 0.6869479882237487
41 38 27 0.0 0.0 0.0 0.0 9.0 0.0 0.0 0.6968641114982577
41 38 28 0.0 0.0 22.0 0.0 578.0 6.0 2.0 0.5397070161912104
41 38 29 0.0 0.0 380.0 0.0 7880.0 32.0 1183.0 0.13677217663149666
41 38 30 0.0 0.0 1505.0 0.0 13052.0 45.0 18345.0 0.08458192363460608
41 38 31 0.0 0.0 2975.0 0.0 11455.0 58.0 48067.0 0.08512190673071075
41 38 32 0.0 0.0 4836.0 0.0 8876.0 80.0 85060.0 0.08920038228735265
41 38 33 0.0 0.0 6998.0 0.0 6605.0 64.0 116330.0 0.08958853266781851
41 38 34 0.0 0.0 8515.0 0.0 3348.0 47.0 155046.0 0.1009009009009009
41 38 35 0.0 0.0 7376.0 0.0 1359.0 31.0 178395.0 0.13045098770033542
41 38 36 0.0 0.0 9545.0 0.0 896.0 11.0 182098.0 0.11244979919678713
41 38 37 0.0 3.0 7453.0 0.0 295.0 3.0 189348.0 0.14358974358974355
41 38 38 0.0 0.0 7847.0 0.0 172.0 0.0 190515.0 0.13966480446927373
41 38 39 0.0 0.0 7198.0 0.0 110.0 1.0 191734.0 0.15053763440860216
41 38 40 0.0 0.0 6672.0 0.0 90.0 1.0 192666.0 0.159963436928702
41 38 41 1.0 0.0 6837.0 0.0 80.0 0.0 192465.0 0.15696826998542435
41 38 42 0.0 0.0 6313.0 0.0 79.0 0.0 192949.0 0.16672621174228888
41 38 43 0.0 0.0 7136.0 0.0 195.0 1.0 190754.0 0.15002143163309042
41 38 44 0.0 0.0 8180.0 0.0 538.0 4.0 186589.0 0.13056047747831762
41 38 45 0.0 0.0 8564.0 0.0 1345.0 26.0 178718.0 0.11751867707546376
41 38 46 0.0 0.0 6711.0 0.0 2313.0 33.0 168276.0 0.1269610954928811
41 38 47 0.0 0.0 7728.0 0.0 6199.0 82.0 123886.0 0.08798391151332327
41 38 48 0.0 0.0 5434.0 0.0 7769.0 70.0 100004.0 0.09202050742736952
41 38 49 0.0 0.0 3061.0 0.0 11729.0 63.0 47003.0 0.08330358205402831
41 38 50 0.0 0.0 1391.0 0.0 13171.0 36.0 16579.0 0.08457170472393379
41 38 51 0.0 0.0 1055.0 0.0 12899.0 43.0 10232.0 0.08777979810646434
41 38 52 0.0 0.0 216.0 0.0 5426.0 10.0 350.0 0.1833900969347655
41 38 53 0.0 0.0 0.0 0.0 19.0 0.0 0.0 0.6934125804853887
41 39 27 0.0 0.0 0.0 0.0 6.0 0.0 0.0 0.6979062811565303
41 39 28 0.0 0.0 303.0 0.0 5658.0 26.0 353.0 0.17636684303350966
41 39 29 0.0 0.0 487.0 0.0 9052.0 15.0 1831.0 0.12142237640936686
41 39 30 0.0 0.0 1323.0 0.0 12891.0 39.0 17137.0 0.08631319358816275
41 39 31 0.0 0.0 2179.0 0.0 13636.0 46.0 25886.0 0.0785722303288809
41 39 32 0.0 0.0 4573.0 0.0 10197.0 90.0 72189.0 0.08351727017836902
41 39 33 0.0 0.0 7321.0 0.0 6739.0 88.0 117523.0 0.08721111318756618
41 39 34 0.0 0.0 9855.0 0.0 3909.0 57.0 150425.0 0.08873676871395067
41 39 35 0.0 0.0 9008.0 0.0 1407.0 21.0 177172.0 0.11273049359851839
41 39 36 0.0 0.0 7336.0 0.0 502.0 6.0 187905.0 0.14223305902671948
41 39 37 1.0 0.0 8698.0 0.0 291.0 5.0 188345.0 0.12722646310432567
41 39 38 0.0 0.0 7159.0 0.0 105.0 1.0 191735.0 0.1511063140852671
41 39 39 0.0 0.0 6863.0 0.0 51.0 1.0 192622.0 0.15710919088766692
41 39 40 0.0 2.0 5755.0 0.0 22.0 0.0 194116.0 0.1798330122029544
41 39 41 0.0 0.0 5634.0 0.0 8.0 0.0 194414.0 0.1833180568285976
41 39 42 0.0 1.0 6424.0 0.0 66.0 1.0 192987.0 0.16491930733890917
41 39 43 0.0 0.0 7517.0 0.0 208.0 2.0 190332.0 0.14394406744807728
41 39 44 0.0 0.0 8291.0 0.0 515.0 10.0 187015.0 0.12956964368347987
41 39 45 0.0 0.0 9968.0 0.0 1575.0 26.0 175446.0 0.10343553749538234
41 39 46 0.0 0.0 9959.0 0.0 3719.0 65.0 152704.0 0.08940545373267768
41 39 47 0.0 0.0 6788.0 0.0 4603.0 63.0 139693.0 0.1045244139166791
41 39 48 0.0 0.0 5301.0 0.0 8419.0 94.0 93284.0 0.089126559714795
41 39 49 0.0 0.0 3330.0 0.0 11213.0 63.0 53859.0 0.08458703401607152
41 39 50 0.0 0.0 1792.0 0.0 12406.0 47.0 27846.0 0.08645711109738775
41 39 51 0.0 0.0 685.0 0.0 11000.0 32.0 3792.0 0.10238408658768465
41 39 52 0.0 0.0 212.0 0.0 4650.0 15.0 218.0 0.2043795620437956
41 39 53 0.0 0.0 0.0 0.0 27.0 0.0 0.0 0.6910167818361302
41 40 27 0.0 0.0 0.0 0.0 3.0 0.0 0.0 0.6989515726410384
41 40 28 0.0 0.0 54.0 0.0 1352.0 14.0 7.0 0.4128575641403715
41 40 29 0.0 0.0 665.0 0.0 11344.0 23.0 4912.0 0.09999285765302476
41 40 30 0.0 0.0 1659.0 0.0 12815.0 39.0 23282.0 0.08500819721901753
41 40 31 0.0 0.0 2745.0 0.0 11955.0 54.0 42145.0 0.08381727833323353
41 40 32 0.0 0.0 4243.0 0.0 11116.0 70.0 62129.0 0.08066839527513683
41 40 33 0.0 0.0 7221.0 0.0 7118.0 75.0 114251.0 0.08560596795890912
41 40 34 0.0 0.0 8858.0 0.0 3160.0 45.0 157137.0 0.0997506234413965
41 40 35 0.0 0.0 7510.0 0.0 1101.0 20.0 181207.0 0.1320007542900245
41 40 36 0.0 0.0 7332.0 0.0 421.0 12.0 188490.0 0.1436781609195402
41 40 37 1.0 0.0 8222.0 0.0 214.0 4.0 189635.0 0.13403542364767831
41 40 38 0.0 1.0 7056.0 0.0 114.0 2.0 192017.0 0.1526884065874141
41 40 39 0.0 1.0 5973.0 0.0 32.0 1.0 193832.0 0.1750875437718859
41 40 40 0.0 0.0 7321.0 0.0 68.0 3.0 191811.0 0.14903129657228018
41 40 41 0.0 1.0 6215.0 0.0 37.0 0.0 193412.0 0.16967640286025937
41 40 42 0.0 0.0 6541.0 0.0 39.0 0.0 193106.0 0.1630181648812296
41 40 43 0.0 0.0 6820.0 0.0 194.0 1.0 191545.0 0.15531395606833812
41 40 44 0.0 0.0 7363.0 0.0 386.0 3.0 188732.0 0.14360447225356443
41 40 45 0.0 2.0 8567.0 1.0 1366.0 32.0 177850.0 0.11736105289630311
41 40 46 0.0 0.0 8288.0 0.0 2934.0 50.0 161378.0 0.10580411124546553
41 40 47 0.0 0.0 7478.0 0.0 6256.0 64.0 122444.0 0.08878741755454084
41 40 48 0.0 0.0 4924.0 0.0 9175.0 103.0 81686.0 0.08711343413602139
41 40 49 0.0 0.0 3071.0 0.0 11113.0 60.0 50894.0 0.086446434084594
41 40 50 0.0 0.0 994.0 0.0 12655.0 30.0 7601.0 0.08955987717502559
41 40 51 0.0 0.0 456.0 0.0 8329.0 27.0 1174.0 0.13007525782774318
41 40 52 0.0 0.0 130.0 0.0 2559.0 15.0 45.0 0.29952931108258446
41 40 53 0.0 0.0 0.0 0.0 3.0 0.0 0.0 0.6989515726410384
41 41 28 0.0 0.0 52.0 0.0 1114.0 13.0 7.0 0.4440215667618141
41 41 29 0.0 0.0 525.0 0.0 9341.0 21.0 2044.0 0.11812352345595678
41 41 30 0.0 0.0 1391.0 0.0 13178.0 49.0 16266.0 0.08452064718666988
41 41 31 0.0 0.0 2414.0 0.0 12654.0 52.0 34302.0 0.08202484180923364
41 41 32 0.0 0.0 4564.0 0.0 8407.0 73.0 88244.0 0.09343299519487452
41 41 33 0.0 0.0 7084.0 0.0 6867.0 91.0 115699.0 0.08780181875195985
41 41 34 0.0 0.0 8772.0 0.0 3376.0 49.0 155784.0 0.09890498057223596
41 41 35 0.0 0.0 8486.0 0.0 1286.0 12.0 179172.0 0.11885559045759402
41 41 36 0.0 0.0 8600.0 0.0 607.0 8.0 185774.0 0.12488849241748437
41 41 37 0.0 0.0 7103.0 0.0 233.0 3.0 190880.0 0.15005359056806
41 41 38 0.0 1.0 7183.0 0.0 122.0 4.0 191635.0 0.1503597894962947
41 41 39 0.0 0.0 6296.0 0.0 40.0 0.0 193376.0 0.1678858376304113
41 41 40 0.0 0.0 5910.0 0.0 28.0 0.0 193853.0 0.17605633802816897
41 41 41 0.0 2.0 7091.0 0.0 68.0 1.0 192229.0 0.1529051987767584
41 41 42 0.0 2.0 8145.0 0.0 136.0 1.0 190622.0 0.13610733035193465
41 41 43 0.0 0.0 7491.0 0.0 256.0 2.0 190056.0 0.14358974358974355
41 41 44 0.0 1.0 8333.0 0.0 624.0 13.0 185908.0 0.12786555849849301
41 41 45 0.0 0.0 8244.0 0.0 1331.0 19.0 178302.0 0.12088766082376304
41 41 46 0.0 1.0 7647.0 0.0 2972.0 51.0 160303.0 0.11092623405435384
41 41 47 0.0 0.0 6854.0 0.0 6800.0 94.0 114741.0 0.08953696597595291
41 41 48 0.0 0.0 4067.0 0.0 11948.0 65.0 54056.0 0.07774322523322967
41 41 49 0.0 0.0 2005.0 0.0 12537.0 54.0 28366.0 0.08459214501510573
41 41 50 0.0 0.0 1289.0 0.0 13267.0 32.0 13727.0 0.08450024142926121
41 41 51 0.0 0.0 572.0 0.0 10554.0 24.0 3881.0 0.10673985971332721
41 41 52 0.0 0.0 37.0 0.0 952.0 6.0 5.0 0.4693261816962789
41 41 53 0.0 0.0 0.0 0.0 2.0 0.0 0.0 0.6993006993006992
41 42 28 0.0 0.0 56.0 0.0 1156.0 10.0 13.0 0.4372267332916926
41 42 29 0.0 0.0 270.0 0.0 6241.0 23.0 593.0 0.16491930733890917
41 42 30 0.0 0.0 1279.0 0.0 13350.0 37.0 12946.0 0.08422065812428561
41 42 31 0.0 0.0 2718.0 0.0 11317.0 67.0 46843.0 0.08742896396677699
41 42 32 0.0 0.0 4711.0 0.0 9253.0 80.0 81289.0 0.08760402978537012
41 42 33 0.0 0.0 7151.0 0.0 8205.0 75.0 102716.0 0.08050603795284646
41 42 34 0.0 0.0 9156.0 0.0 3781.0 61.0 151166.0 0.09370189411685964
41 42 35 0.0 0.0 8388.0 0.0 1306.0 13.0 177592.0 0.11954572624028689
41 42 36 0.0 0.0 6828.0 0.0 581.0 10.0 187396.0 0.14866730381225443
41 42 37 0.0 0.0 7682.0 0.0 316.0 2.0 189437.0 0.14001400140014
41 42 38 0.0 0.0 8390.0 0.0 203.0 1.0 189513.0 0.13225014169658036
41 42 39 0.0 0.0 7525.0 0.0 174.0 3.0 190745.0 0.14444903012794055
41 42 40 0.0 2.0 7796.0 0.0 119.0 0.0 191219.0 0.14108636501058147
41 42 41 0.0 0.0 7529.0 0.0 127.0 3.0 191345.0 0.1449125349342718
41 42 42 0.0 1.0 8532.0 0.0 252.0 2.0 189046.0 0.12968967114404814
41 42 43 0.0 1.0 8912.0 0.0 495.0 7.0 186909.0 0.12274241627213746
41 42 44 0.0 0.0 8274.0 0.0 923.0 17.0 182921.0 0.12513407222023595
41 42 45 0.0 0.0 7817.0 0.0 1680.0 24.0 174641.0 0.12166507343356216
41 42 46 0.0 0.0 8343.0 0.0 3771.0 66.0 150812.0 0.09917121201388396
41 42 47 0.0 0.0 6410.0 0.0 6132.0 69.0 121001.0 0.09614064002197499
41 42 48 0.0 0.0 3873.0 0.0 11820.0 72.0 53853.0 0.079078174423859
41 42 49 0.0 0.0 2511.0 0.0 11512.0 56.0 42816.0 0.0874508089199825
41 42 50 0.0 0.0 1320.0 0.0 12987.0 29.0 15908.0 0.08580534444716842
41 42 51 0.0 0.0 283.0 0.0 6492.0 19.0 621.0 0.15974440894568687
41 42 52 0.0 0.0 76.0 0.0 1849.0 10.0 20.0 0.3575989782886334
41 43 28 0.0 0.0 41.0 0.0 789.0 4.0 1.0 0.4953998584571832
41 43 29 0.0 0.0 707.0 0.0 11422.0 26.0 4782.0 0.09912908022374847
41 43 30 0.0 0.0 613.0 0.0 10577.0 35.0 3455.0 0.10631027412863542
41 43 31 0.0 0.0 2357.0 0.0 12605.0 60.0 33292.0 0.08252284114353078
41 43 32 0.0 0.0 3871.0 0.0 11550.0 78.0 55666.0 0.08044590013216112
41 43 33 0.0 0.0 6719.0 0.0 6445.0 62.0 119845.0 0.09223268990052044
41 43 34 0.0 0.0 7616.0 0.0 3339.0 47.0 155149.0 0.10805804260574249
41 43 35 0.0 0.0 6901.0 0.0 1510.0 23.0 176925.0 0.13455069678039402
41 43 36 0.0 0.0 9562.0 0.0 1275.0 16.0 177885.0 0.108991825613079
41 43 37 0.0 0.0 8194.0 0.0 615.0 17.0 185637.0 0.12955765315565426
41 43 38 0.0 0.0 8649.0 0.0 452.0 10.0 187037.0 0.1260806916426513
41 43 39 0.0 1.0 7474.0 0.0 303.0 8.0 189674.0 0.14323715981174542
41 43 40 0.0 0.0 8756.0 0.0 347.0 7.0 188368.0 0.1261829652996845
41 43 41 0.0 2.0 7907.0 0.0 312.0 6.0 188956.0 0.13697289893356812
41 43 42 0.0 2.0 6948.0 0.0 367.0 7.0 189745.0 0.15029522275899085
41 43 43 0.0 2.0 8380.0 0.0 842.0 14.0 183567.0 0.12485507892624631
41 43 44 0.0 1.0 9447.0 0.0 1713.0 20.0 173681.0 0.10618932038834951
41 43 45 0.0 0.0 9216.0 0.0 3071.0 44.0 159801.0 0.09784051995247744
41 43 46 0.0 0.0 6892.0 0.0 3870.0 51.0 148414.0 0.10955473824242896
41 43 47 0.0 0.0 6351.0 0.0 9201.0 69.0 89958.0 0.07960425314152499
41 43 48 0.0 0.0 3814.0 0.0 11041.0 71.0 59148.0 0.08304169879589536
41 43 49 0.0 0.0 1812.0 0.0 13237.0 39.0 23585.0 0.08207773934455062
41 43 50 0.0 0.0 1218.0 0.0 12687.0 44.0 15030.0 0.08807247106190234
41 43 51 0.0 0.0 579.0 0.0 10301.0 21.0 2645.0 0.10881392818280738
41 43 52 0.0 0.0 93.0 0.0 2023.0 14.0 25.0 0.341296928327645
41 43 53 0.0 0.0 0.0 0.0 2.0 0.0 0.0 0.6993006993006992
41 44 27 0.0 0.0 0.0 0.0 2.0 0.0 0.0 0.6993006993006992
41 44 28 0.0 0.0 90.0 0.0 2307.0 14.0 26.0 0.3194159251654118
41 44 29 0.0 0.0 254.0 0.0 5920.0 18.0 457.0 0.17156862745098037
41 44 30 0.0 0.0 897.0 0.0 12588.0 31.0 7017.0 0.09047434406100555
41 44 31 0.0 0.0 1760.0 0.0 12987.0 48.0 23041.0 0.08359207069500835
41 44 32 0.0 0.0 3984.0 0.0 10789.0 72.0 62422.0 0.08338793257490022
41 44 33 0.0 0.0 6414.0 0.0 7185.0 73.0 110548.0 0.08970333824565899
41 44 34 0.0 0.0 7446.0 0.0 4039.0 59.0 148541.0 0.10394238622020936
41 44 35 0.0 0.0 6811.0 0.0 2182.0 36.0 169406.0 0.127353770581279
41 44 36 0.0 0.0 7732.0 0.0 1625.0 34.0 175031.0 0.12333715091181392
41 44 37 0.0 0.0 8802.0 0.0 1443.0 26.0 177223.0 0.11422044545973728
41 44 38 0.0 1.0 7003.0 0.0 707.0 12.0 186168.0 0.1441812564366632
41 44 39 0.0 0.0 8910.0 0.0 684.0 16.0 184053.0 0.12082506257012167
41 44 40 0.0 1.0 9163.0 0.0 723.0 7.0 183760.0 0.117755908823282
41 44 41 0.0 0.0 7427.0 0.0 640.0 12.0 186199.0 0.13899920571882443
41 44 42 0.0 1.0 9619.0 0.0 1184.0 19.0 179648.0 0.10943484718205267
41 44 43 0.0 1.0 8426.0 0.0 1512.0 26.0 176441.0 0.11715481171548116
41 44 44 0.0 0.0 8554.0 0.0 2698.0 37.0 163268.0 0.10556477152767303
41 44 45 0.0 0.0 8555.0 0.0 4661.0 65.0 141436.0 0.09200236577511992
41 44 46 0.0 0.0 6875.0 0.0 5628.0 73.0 128310.0 0.09655172413793103
41 44 47 0.0 0.0 5452.0 0.0 7785.0 72.0 99544.0 0.0918514630625902
41 44 48 0.0 0.0 3664.0 0.0 10141.0 79.0 66032.0 0.08860759493670885
41 44 49 0.0 0.0 1730.0 0.0 12896.0 38.0 23022.0 0.08412955952166334
41 44 50 0.0 0.0 908.0 0.0 12374.0 38.0 8162.0 0.0916350307631889
41 44 51 0.0 0.0 337.0 0.0 7323.0 26.0 876.0 0.14533374857261494
41 44 52 0.0 0.0 23.0 0.0 602.0 4.0 0.0 0.5343511450381678
41 45 27 0.0 0.0 3.0 0.0 91.0 1.0 0.0 0.668896321070234
41 45 28 0.0 0.0 19.0 0.0 620.0 6.0 4.0 0.5319148936170213
41 45 29 0.0 0.0 677.0 0.0 11196.0 25.0 4825.0 0.10098824208324315
41 45 30 0.0 0.0 1209.0 0.0 12977.0 25.0 13800.0 0.08643042350907518
41 45 31 0.0 0.0 2233.0 0.0 12305.0 57.0 34123.0 0.08468424872973626
41 45 32 0.0 0.0 3653.0 0.0 11220.0 90.0 57594.0 0.0831008488158129
41 45 33 0.0 0.0 5764.0 0.0 8427.0 78.0 95122.0 0.08646779074794639
41 45 34 0.0 0.0 6342.0 0.0 4313.0 54.0 142807.0 0.11066318868073668
41 45 35 0.0 0.0 6089.0 0.0 3087.0 51.0 158795.0 0.1252684323550465
41 45 36 0.0 0.0 7837.0 0.0 2940.0 39.0 159557.0 0.10958046336881651
41 45 37 0.0 0.0 6398.0 0.0 1779.0 29.0 174051.0 0.1376191880467905
41 45 38 0.0 0.0 8428.0 0.0 1823.0 37.0 173209.0 0.11441647597254004
41 45 39 0.0 0.0 8900.0 0.0 1620.0 31.0 174728.0 0.11172292714069107
41 45 40 0.0 0.0 8151.0 0.0 1465.0 35.0 177712.0 0.12053379250968574
41 45 41 0.0 0.0 8633.0 0.0 1602.0 20.0 175237.0 0.11446324912108574
41 45 42 0.0 0.0 9204.0 0.0 2264.0 36.0 168097.0 0.1039809863339275
41 45 43 0.0 0.0 7559.0 1.0 2633.0 43.0 163884.0 0.11498028909329829
41 45 44 0.0 0.0 8233.0 0.0 4661.0 77.0 141042.0 0.09417462666487286
41 45 45 0.0 0.0 6614.0 0.0 5247.0 72.0 131611.0 0.10099552734093202
41 45 46 0.0 0.0 5398.0 0.0 6048.0 66.0 118667.0 0.10399643440796313
41 45 47 0.0 0.0 4616.0 0.0 8581.0 76.0 86134.0 0.09208708807472209
41 45 48 0.0 0.0 3168.0 0.0 10550.0 67.0 56869.0 0.08904719501335706
41 45 49 0.0 0.0 1542.0 0.0 13046.0 42.0 20137.0 0.08436275986742994
41 45 50 0.0 0.0 482.0 0.0 9533.0 31.0 2242.0 0.11674449633088724
41 45 51 0.0 0.0 210.0 0.0 4885.0 17.0 244.0 0.19774011299435026
41 45 52 0.0 0.0 26.0 0.0 665.0 8.0 2.0 0.5218039508013418
41 46 27 0.0 0.0 0.0 0.0 3.0 0.0 0.0 0.6989515726410384
41 46 28 0.0 0.0 161.0 0.0 4080.0 10.0 183.0 0.22461094176159152
41 46 29 0.0 0.0 462.0 0.0 8936.0 29.0 1621.0 0.12303365849371647
41 46 30 0.0 0.0 1161.0 0.0 12983.0 44.0 12575.0 0.08667120658701169
41 46 31 0.0 0.0 2287.0 0.0 12093.0 62.0 36056.0 0.08548574219942602
41 46 32 0.0 0.0 2962.0 0.0 12253.0 68.0 43244.0 0.08143322475570032
41 46 33 0.0 0.0 4846.0 0.0 7811.0 71.0 96010.0 0.09553705472908419
41 46 34 0.0 0.0 5831.0 0.0 7173.0 86.0 108769.0 0.09332711152589826
41 46 35 0.0 0.0 7071.0 0.0 8041.0 95.0 103582.0 0.08179481187193269
41 46 36 0.0 0.0 6673.0 0.0 4481.0 60.0 141427.0 0.10646387832699619
41 46 37 0.0 0.0 7387.0 0.0 4086.0 71.0 146538.0 0.1039809863339275
41 46 38 0.0 0.0 7753.0 0.0 3574.0 63.0 153812.0 0.1052473312283867
41 46 39 0.0 0.0 7258.0 0.0 2863.0 45.0 161487.0 0.11548296626247628
41 46 40 0.0 0.0 9334.0 0.0 3863.0 51.0 150536.0 0.09207497533706017
41 46 41 0.0 0.0 7523.0 0.0 2870.0 51.0 160368.0 0.1130673558391213
41 46 42 0.0 0.0 8295.0 0.0 4599.0 74.0 142521.0 0.09406705637304306
41 46 43 0.0 0.0 7415.0 0.0 5001.0 62.0 135771.0 0.09703354588300525
41 46 44 0.0 0.0 6218.0 0.0 5158.0 73.0 133205.0 0.10458688181682353
41 46 45 0.0 0.0 5576.0 0.0 9221.0 78.0 87485.0 0.08337800011911142
41 46 46 0.0 0.0 4407.0 0.0 10893.0 80.0 64922.0 0.08093889113719141
41 46 47 0.0 0.0 3865.0 0.0 8636.0 73.0 79763.0 0.09641873278236913
41 46 48 0.0 0.0 2667.0 0.0 11254.0 74.0 46673.0 0.08795074758135443
41 46 49 0.0 0.0 1399.0 0.0 13064.0 32.0 16263.0 0.08496692359045942
41 46 50 0.0 0.0 826.0 0.0 12168.0 25.0 7426.0 0.09337068160597571
41 46 51 0.0 0.0 38.0 0.0 1045.0 7.0 5.0 0.45528455284552843
41 46 52 0.0 0.0 0.0 0.0 22.0 0.0 0.0 0.6923837784371908
41 47 27 0.0 0.0 0.0 0.0 2.0 0.0 0.0 0.6993006993006992
41 47 28 0.0 0.0 8.0 0.0 297.0 3.0 0.0 0.6081668114682883
41 47 29 0.0 0.0 500.0 0.0 9499.0 24.0 2227.0 0.11681268251981641
41 47 30 0.0 0.0 424.0 0.0 8660.0 22.0 1716.0 0.12645650799385783
41 47 31 0.0 0.0 1420.0 0.0 13195.0 29.0 16739.0 0.08421559191530316
41 47 32 0.0 0.0 2403.0 0.0 13273.0 58.0 31136.0 0.07925724637681159
41 47 33 0.0 0.0 3915.0 0.0 9515.0 80.0 72882.0 0.09074998379464574
41 47 34 0.0 0.0 4251.0 0.0 9985.0 83.0 71543.0 0.0862546978005052
41 47 35 0.0 0.0 5001.0 0.0 9505.0 84.0 80197.0 0.08479709267110841
41 47 36 0.0 0.0 5655.0 0.0 8098.0 94.0 97950.0 0.08906985621580352
41 47 37 0.0 0.0 6119.0 0.0 7349.0 89.0 106707.0 0.09049773755656108
41 47 38 0.0 0.0 6616.0 0.0 7175.0 74.0 110408.0 0.08861320336730172
41 47 39 0.0 0.0 6839.0 0.0 6450.0 84.0 119174.0 0.09161704076958313
41 47 40 0.0 0.0 6558.0 0.0 5333.0 77.0 131047.0 0.10073391854943156
41 47 41 0.0 0.0 7211.0 0.0 7172.0 75.0 111974.0 0.08543357539513027
41 47 42 0.0 0.0 6425.0 0.0 8295.0 103.0 99431.0 0.08387753879336168
41 47 43 0.0 0.0 5550.0 0.0 9560.0 84.0 81822.0 0.08186655751125664
41 47 44 0.0 0.0 4887.0 0.0 8947.0 104.0 84282.0 0.08856275303643724
41 47 45 0.0 0.0 4424.0 0.0 8704.0 86.0 85594.0 0.0925742246908682
41 47 46 0.0 0.0 3298.0 0.0 10941.0 82.0 56178.0 0.08629723232447759
41 47 47 0.0 0.0 1938.0 0.0 13261.0 64.0 24629.0 0.08148061925270632
41 47 48 0.0 0.0 1463.0 0.0 12532.0 41.0 20364.0 0.08754377188594296
41 47 49 0.0 0.0 1213.0 0.0 12689.0 34.0 14887.0 0.08800603469952224
41 47 50 0.0 0.0 581.0 0.0 10416.0 27.0 3112.0 0.10779180782260547
41 47 51 0.0 0.0 42.0 0.0 1285.0 8.0 9.0 0.42206813385589387
41 48 28 0.0 0.0 1.0 0.0 19.0 0.0 0.0 0.6930693069306929
41 48 29 0.0 0.0 23.0 0.0 711.0 4.0 1.0 0.5128205128205128
41 48 30 0.0 0.0 511.0 0.0 9994.0 26.0 2744.0 0.11207172590457891
41 48 31 0.0 0.0 1135.0 0.0 12564.0 34.0 14061.0 0.08913223403578022
41 48 32 0.0 0.0 2356.0 0.0 11195.0 54.0 42284.0 0.08996272972625625
41 48 33 0.0 0.0 2263.0 0.0 12605.0 58.0 32389.0 0.0830072334874896
41 48 34 0.0 0.0 2737.0 0.0 11821.0 62.0 43322.0 0.08458192363460608
41 48 35 0.0 0.0 3164.0 0.0 11214.0 68.0 51405.0 0.08546486783468651
41 48 36 0.0 0.0 3184.0 0.0 11554.0 56.0 50996.0 0.0835571471202626
41 48 37 0.0 0.0 3099.0 0.0 12918.0 53.0 39181.0 0.07762253271235306
41 48 38 0.0 0.0 3956.0 0.0 11003.0 65.0 61434.0 0.08245965366945458
41 48 39 0.0 0.0 4548.0 0.0 9609.0 86.0 76764.0 0.08667120658701169
41 48 40 0.0 0.0 4364.0 0.0 11188.0 96.0 62142.0 0.07984942679518621
41 48 41 0.0 0.0 4355.0 0.0 10573.0 90.0 67354.0 0.08274231678486997
41 48 42 0.0 0.0 3939.0 0.0 11221.0 75.0 59206.0 0.0816755148474418
41 48 43 0.0 0.0 3159.0 0.0 12123.0 59.0 44924.0 0.08088745088976194
41 48 44 0.0 0.0 2478.0 0.0 13171.0 55.0 31306.0 0.07930214115781124
41 48 45 0.0 0.0 1903.0 0.0 13498.0 45.0 22427.0 0.08047364488130136
41 48 46 0.0 0.0 1800.0 0.0 13160.0 55.0 23244.0 0.08253743662303974
41 48 47 0.0 0.0 2491.0 0.0 10657.0 61.0 48009.0 0.09237265769332276
41 48 48 0.0 0.0 1523.0 0.0 12347.0 45.0 22157.0 0.08817231389343745
41 48 49 0.0 0.0 964.0 0.0 12522.0 28.0 9040.0 0.09038089089735313
41 48 50 0.0 0.0 109.0 0.0 3116.0 6.0 93.0 0.2682506227246598
41 48 51 0.0 0.0 2.0 0.0 90.0 0.0 0.0 0.6692160611854684
41 49 29 0.0 0.0 7.0 0.0 194.0 2.0 0.0 0.6369426751592355
41 49 30 0.0 0.0 324.0 0.0 7671.0 26.0 1193.0 0.14037902336308028
41 49 31 0.0 0.0 1192.0 0.0 12798.0 32.0 13857.0 0.08756567425569176
41 49 32 0.0 0.0 987.0 0.0 12682.0 26.0 9002.0 0.08934269304403318
41 49 33 0.0 0.0 1822.0 0.0 12389.0 42.0 27482.0 0.08622813500862281
41 49 34 0.0 0.0 1297.0 0.0 13243.0 37.0 13303.0 0.08465352521465715
41 49 35 0.0 0.0 1229.0 0.0 13307.0 35.0 12695.0 0.08468937148387877
41 49 36 0.0 0.0 1542.0 0.0 12765.0 46.0 20901.0 0.08585270129392285
41 49 37 0.0 0.0 1469.0 0.0 13318.0 33.0 16453.0 0.08344757703999522
41 49 38 0.0 0.0 1900.0 0.0 13139.0 43.0 24983.0 0.08199121522693996
41 49 39 0.0 0.0 2264.0 0.0 12953.0 67.0 31141.0 0.08139061682460322
41 49 40 0.0 0.0 2382.0 0.0 12778.0 56.0 33095.0 0.08155656530350691
41 49 41 0.0 0.0 2380.0 0.0 12385.0 66.0 34143.0 0.0835222527144732
41 49 42 0.0 0.0 1944.0 0.0 12928.0 56.0 27206.0 0.08298263292039594
41 49 43 0.0 0.0 1198.0 0.0 13268.0 30.0 12153.0 0.08499787505312366
41 49 44 0.0 0.0 1232.0 0.0 12814.0 34.0 14997.0 0.08727091385114075
41 49 45 0.0 0.0 1550.0 0.0 12539.0 40.0 22648.0 0.0869619231008137
41 49 46 0.0 0.0 879.0 0.0 12471.0 23.0 7726.0 0.09124682265528253
41 49 47 0.0 0.0 1131.0 0.0 12784.0 39.0 13478.0 0.08796732642161482
41 49 48 0.0 0.0 1016.0 0.0 12531.0 24.0 10823.0 0.08999742864489585
41 49 49 0.0 0.0 414.0 0.0 8224.0 23.0 1321.0 0.13183915622940012
41 49 50 0.0 0.0 80.0 0.0 2103.0 10.0 30.0 0.33540967896502155
41 49 51 0.0 0.0 3.0 0.0 41.0 0.0 0.0 0.684931506849315
41 50 28 0.0 0.0 0.0 0.0 1.0 0.0 0.0 0.6996501749125437
41 50 29 0.0 0.0 20.0 0.0 741.0 5.0 5.0 0.5079825834542815
41 50 30 0.0 0.0 151.0 0.0 3790.0 14.0 138.0 0.2361673414304993
41 50 31 0.0 0.0 329.0 0.0 6213.0 28.0 470.0 0.16441573693482087
41 50 32 0.0 0.0 356.0 0.0 7363.0 27.0 978.0 0.14434477781214558
41 50 33 0.0 0.0 529.0 0.0 9753.0 34.0 2202.0 0.11417387049420974
41 50 34 0.0 0.0 530.0 0.0 10143.0 27.0 3291.0 0.1105670510187964
41 50 35 0.0 0.0 479.0 0.0 9683.0 32.0 2707.0 0.11535926170072511
41 50 36 0.0 0.0 592.0 0.0 10410.0 26.0 2889.0 0.10781671159029649
41 50 37 0.0 0.0 434.0 0.0 9057.0 24.0 2165.0 0.12198309662803866
41 50 38 0.0 0.0 1093.0 0.0 12896.0 34.0 11132.0 0.08763144717075612
41 50 39 0.0 0.0 1510.0 0.0 12678.0 32.0 20350.0 0.08647313156269301
41 50 40 0.0 0.0 1298.0 0.0 12986.0 48.0 15641.0 0.08602679120068821
41 50 41 0.0 0.0 1176.0 0.0 13081.0 43.0 12907.0 0.0861273454321747
41 50 42 0.0 0.0 1098.0 0.0 12723.0 30.0 12355.0 0.08849557522123892
41 50 43 0.0 0.0 1052.0 0.0 12689.0 23.0 11312.0 0.088939711581221
41 50 44 0.0 0.0 609.0 0.0 10630.0 26.0 3237.0 0.10583610523132748
41 50 45 0.0 0.0 242.0 0.0 5610.0 17.0 464.0 0.17861699413115587
41 50 46 0.0 0.0 387.0 0.0 8189.0 21.0 1353.0 0.1325506532853626
41 50 47 0.0 0.0 373.0 0.0 8218.0 21.0 1363.0 0.13237518910741297
41 50 48 0.0 0.0 184.0 0.0 5054.0 16.0 391.0 0.1938521185267239
41 50 49 0.0 0.0 183.0 0.0 4608.0 16.0 264.0 0.20658108307510697
41 50 50 0.0 0.0 229.0 0.0 5307.0 22.0 357.0 0.1862692921766897
41 50 51 0.0 0.0 0.0 0.0 8.0 0.0 0.0 0.697211155378486
41 51 29 0.0 0.0 0.0 0.0 8.0 0.0 0.0 0.697211155378486
41 51 30 0.0 0.0 0.0 0.0 31.0 0.0 0.0 0.6893156080748399
41 51 31 0.0 0.0 15.0 0.0 307.0 5.0 0.0 0.6042296072507551
41 51 32 0.0 0.0 12.0 0.0 407.0 3.0 0.0 0.5794701986754967
41 51 33 0.0 0.0 110.0 0.0 3139.0 13.0 80.0 0.267379679144385
41 51 34 0.0 0.0 258.0 0.0 5255.0 27.0 267.0 0.1869408465749766
41 51 35 0.0 0.0 140.0 0.0 3415.0 15.0 103.0 0.25266197437285687
41 51 36 0.0 0.0 60.0 0.0 1738.0 13.0 21.0 0.36997885835095135
41 51 37 0.0 0.0 210.0 0.0 4794.0 20.0 247.0 0.20042949176807442
41 51 38 0.0 0.0 873.0 0.0 12287.0 25.0 7332.0 0.09242754340793556
41 51 39 0.0 0.0 759.0 0.0 11774.0 25.0 5746.0 0.09636563876651981
41 51 40 0.0 0.0 429.0 0.0 8690.0 17.0 1492.0 0.12597858364078107
41 51 41 0.0 0.0 484.0 0.0 9588.0 18.0 2322.0 0.11601889450567662
41 51 42 0.0 0.0 364.0 0.0 7311.0 29.0 785.0 0.14504765851636964
41 51 43 0.0 0.0 486.0 0.0 9430.0 21.0 2287.0 0.11754827875734675
41 51 44 0.0 0.0 103.0 0.0 2431.0 13.0 37.0 0.3098030537729586
41 51 45 0.0 0.0 159.0 0.0 4191.0 23.0 203.0 0.2212389380530973
41 51 46 0.0 0.0 8.0 0.0 397.0 4.0 1.0 0.5833333333333333
41 51 47 0.0 0.0 1.0 0.0 84.0 1.0 0.0 0.6717850287907868
41 51 48 0.0 0.0 182.0 0.0 4155.0 16.0 172.0 0.22137887413029722
41 51 49 0.0 0.0 4.0 0.0 77.0 3.0 0.0 0.6740491092922483
41 51 50 0.0 0.0 28.0 0.0 420.0 7.0 0.0 0.5735354362965996
41 51 51 0.0 0.0 0.0 0.0 3.0 0.0 0.0 0.6989515726410384
41 52 30 0.0 0.0 0.0 0.0 1.0 0.0 0.0 0.6996501749125437
41 52 32 0.0 0.0 0.0 0.0 1.0 0.0 0.0 0.6996501749125437
41 52 33 0.0 0.0 0.0 0.0 6.0 0.0 0.0 0.6979062811565303
41 52 34 0.0 0.0 0.0 0.0 5.0 0.0 0.0 0.6982543640897755
41 52 35 0.0 0.0 0.0 0.0 23.0 0.0 0.0 0.6920415224913494
41 52 36 0.0 0.0 0.0 0.0 15.0 0.0 0.0 0.694789081885856
41 52 37 0.0 0.0 6.0 0.0 198.0 1.0 0.0 0.6354970494779845
41 52 38 0.0 0.0 99.0 0.0 2378.0 14.0 32.0 0.31369034281873176
41 52 39 0.0 0.0 150.0 0.0 3709.0 14.0 117.0 0.23943902856165553
41 52 40 0.0 0.0 177.0 0.0 4119.0 24.0 162.0 0.22317870237525902
41 52 41 0.0 0.0 0.0 0.0 146.0 1.0 0.0 0.6526806526806526
41 52 42 0.0 0.0 66.0 0.0 1517.0 19.0 11.0 0.392817059483726
41 52 43 0.0 0.0 0.0 0.0 92.0 0.0 0.0 0.6698564593301434
41 52 44 0.0 0.0 4.0 0.0 182.0 1.0 0.0 0.6413192853870818
41 52 45 0.0 0.0 0.0 0.0 17.0 0.0 0.0 0.694100148735746
41 52 46 0.0 0.0 1.0 0.0 36.0 0.0 0.0 0.6872852233676975
41 52 47 0.0 0.0 0.0 0.0 1.0 0.0 0.0 0.6996501749125437
41 52 48 0.0 0.0 0.0 0.0 6.0 0.0 0.0 0.6979062811565303
41 52 49 0.0 0.0 0.0 0.0 6.0 0.0 0.0 0.6979062811565303
41 53 37 0.0 0.0 1.0 0.0 10.0 0.0 0.0 0.6961710591745399
41 53 38 0.0 0.0 0.0 0.0 3.0 0.0 0.0 0.6989515726410384
41 53 39 0.0 0.0 0.0 0.0 12.0 0.0 0.0 0.6958250497017892
41 53 40 0.0 0.0 0.0 0.0 13.0 0.0 0.0 0.695479384003974
41 53 41 0.0 0.0 0.0 0.0 9.0 0.0 0.0 0.6968641114982577
41 53 42 0.0 0.0 0.0 0.0 16.0 0.0 0.0 0.6944444444444444
41 53 43 0.0 0.0 0.0 0.0 6.0 0.0 0.0 0.6979062811565303
41 53 44 0.0 0.0 0.0 0.0 9.0 1.0 0.0 0.697211155378486
42 26 44 0.0 0.0 0.0 0.0 1.0 0.0 0.0 0.6996501749125437
42 27 34 0.0 0.0 0.0 0.0 1.0 0.0 0.0 0.6996501749125437
42 27 35 0.0 0.0 0.0 0.0 6.0 0.0 0.0 0.6979062811565303
42 27 36 0.0 0.0 0.0 0.0 3.0 0.0 0.0 0.6989515726410384
42 27 37 0.0 0.0 0.0 0.0 6.0 0.0 0.0 0.6979062811565303
42 27 39 0.0 0.0 0.0 0.0 8.0 0.0 0.0 0.697211155378486
42 27 40 0.0 0.0 0.0 0.0 36.0 0.0 0.0 0.6876227897838899
42 27 41 0.0 0.0 0.0 0.0 34.0 0.0 0.0 0.6882989183874139
42 27 42 0.0 0.0 4.0 0.0 247.0 1.0 0.0 0.6222222222222221
42 27 43 0.0 0.0 36.0 0.0 961.0 5.0 6.0 0.4679144385026737
42 27 44 0.0 0.0 0.0 0.0 33.0 0.0 0.0 0.6886374815543531
42 27 45 0.0 0.0 0.0 0.0 7.0 0.0 0.0 0.6975585450921773
42 27 46 0.0 0.0 0.0 0.0 2.0 0.0 0.0 0.6993006993006992
42 27 48 0.0 0.0 0.0 0.0 1.0 0.0 0.0 0.6996501749125437
42 28 33 0.0 0.0 2.0 0.0 24.0 1.0 0.0 0.6913580246913579
42 28 34 0.0 0.0 1.0 0.0 51.0 0.0 0.0 0.6822612085769979
42 28 35 0.0 0.0 183.0 0.0 4457.0 13.0 199.0 0.21116138763197584
42 28 36 0.0 0.0 116.0 0.0 3404.0 13.0 91.0 0.2542218994007627
42 28 37 0.0 0.0 24.0 0.0 992.0 9.0 10.0 0.46542553191489355
42 28 38 0.0 0.0 39.0 0.0 941.0 12.0 1.0 0.4716981132075471
42 28 39 0.0 0.0 157.0 0.0 3521.0 20.0 107.0 0.24739353242622367
42 28 40 0.0 0.0 48.0 0.0 1148.0 7.0 4.0 0.43900909375979924
42 28 41 0.0 0.0 288.0 0.0 6641.0 18.0 710.0 0.1570034765055512
42 28 42 0.0 0.0 113.0 0.0 3041.0 20.0 82.0 0.27269185820023367
42 28 43 0.0 0.0 229.0 0.0 5060.0 23.0 336.0 0.19259870683725405
42 28 44 0.0 0.0 6.0 0.0 342.0 2.0 0.0 0.5967604433077578
42 28 45 0.0 0.0 78.0 0.0 1646.0 8.0 17.0 0.37664783427495285
42 28 46 0.0 0.0 49.0 0.0 1049.0 10.0 6.0 0.4532211071544188
42 28 47 0.0 0.0 148.0 0.0 3308.0 21.0 115.0 0.257494942063638
42 28 48 0.0 0.0 0.0 0.0 8.0 0.0 0.0 0.697211155378486
42 29 31 0.0 0.0 0.0 0.0 1.0 0.0 0.0 0.6996501749125437
42 29 32 0.0 0.0 0.0 0.0 14.0 0.0 0.0 0.6951340615690167
42 29 33 0.0 0.0 37.0 0.0 837.0 16.0 2.0 0.48985304408677394
42 29 34 0.0 0.0 298.0 0.0 7036.0 18.0 829.0 0.15010185483006322
42 29 35 0.0 0.0 458.0 0.0 9172.0 21.0 1883.0 0.12045083025036563
42 29 36 0.0 0.0 474.0 0.0 8961.0 21.0 1545.0 0.12254901960784312
42 29 37 0.0 0.0 492.0 0.0 9473.0 19.0 2164.0 0.11708622564188341
42 29 38 0.0 0.0 736.0 0.0 11479.0 24.0 5107.0 0.09848751319029193
42 29 39 0.0 0.0 486.0 0.0 9699.0 26.0 2347.0 0.11507479861910241
42 29 40 0.0 0.0 845.0 0.0 12044.0 22.0 5650.0 0.09404809888485825
42 29 41 0.0 0.0 537.0 0.0 10217.0 25.0 2973.0 0.10992462311557787
42 29 42 0.0 0.0 749.0 0.0 11630.0 29.0 5986.0 0.09745231797299177
42 29 43 0.0 0.0 976.0 0.0 12608.0 40.0 8614.0 0.08992805755395683
42 29 44 0.0 0.0 413.0 0.0 8298.0 26.0 1397.0 0.13096351730589334
42 29 45 0.0 0.0 324.0 0.0 7100.0 24.0 849.0 0.14880952380952378
42 29 46 0.0 0.0 294.0 0.0 6747.0 15.0 735.0 0.15503875968992245
42 29 47 0.0 0.0 66.0 0.0 1570.0 6.0 13.0 0.38567493112947654
42 29 48 0.0 0.0 130.0 0.0 2722.0 16.0 37.0 0.2894954507857733
42 29 49 0.0 0.0 0.0 0.0 8.0 0.0 0.0 0.697211155378486
42 29 50 0.0 0.0 0.0 0.0 1.0 0.0 0.0 0.6996501749125437
42 30 29 0.0 0.0 0.0 0.0 1.0 0.0 0.0 0.6996501749125437
42 30 30 0.0 0.0 17.0 0.0 367.0 3.0 1.0 0.5879882402351952
42 30 31 0.0 0.0 13.0 0.0 309.0 4.0 0.0 0.6039689387402932
42 30 32 0.0 0.0 12.0 0.0 435.0 8.0 2.0 0.5742411812961443
42 30 33 0.0 0.0 90.0 0.0 2361.0 11.0 27.0 0.31538634827663886
42 30 34 0.0 0.0 577.0 0.0 10269.0 30.0 2967.0 0.10917881930905403
42 30 35 0.0 0.0 930.0 0.0 12543.0 38.0 8908.0 0.09057971014492752
42 30 36 0.0 0.0 1083.0 0.0 12760.0 38.0 12264.0 0.08837268021714428
42 30 37 0.0 0.0 1773.0 0.0 12899.0 40.0 24595.0 0.08396305625524768
42 30 38 0.0 0.0 1793.0 0.0 12683.0 50.0 25452.0 0.08500819721901753
42 30 39 0.0 0.0 1509.0 0.0 13536.0 44.0 16437.0 0.08211625315267757
42 30 40 0.0 0.0 1409.0 0.0 13187.0 42.0 16953.0 0.08429672447013487
42 30 41 0.0 0.0 2052.0 0.0 12384.0 48.0 31841.0 0.08518405841192576
42 30 42 0.0 0.0 1397.0 0.0 13167.0 39.0 16569.0 0.08449514152936205
42 30 43 0.0 0.0 1165.0 0.0 13116.0 36.0 11609.0 0.08595284872298624
42 30 44 0.0 0.0 1136.0 0.0 12931.0 35.0 12314.0 0.08716224629560453
42 30 45 0.0 0.0 1105.0 0.0 12722.0 35.0 12733.0 0.08847879668836503
42 30 46 0.0 0.0 911.0 0.0 12256.0 33.0 8600.0 0.09234219378668952
42 30 47 0.0 0.0 563.0 0.0 9746.0 26.0 2325.0 0.11385816525699413
42 30 48 0.0 0.0 220.0 0.0 5030.0 23.0 316.0 0.1936376210235131
42 30 49 0.0 0.0 15.0 0.0 677.0 5.0 7.0 0.5210271678451804
42 30 50 0.0 0.0 11.0 0.0 177.0 4.0 0.0 0.641025641025641
42 30 51 0.0 0.0 0.0 0.0 4.0 0.0 0.0 0.6986027944111775
42 31 29 0.0 0.0 0.0 0.0 3.0 0.0 0.0 0.6989515726410384
42 31 30 0.0 0.0 2.0 0.0 125.0 1.0 0.0 0.6585136406396989
42 31 31 0.0 0.0 112.0 0.0 2964.0 20.0 93.0 0.27684397864346444
42 31 32 0.0 0.0 706.0 0.0 11350.0 36.0 5294.0 0.09970799800584004
42 31 33 0.0 0.0 656.0 0.0 10759.0 26.0 3097.0 0.10441527446300715
42 31 34 0.0 0.0 1269.0 0.0 13109.0 33.0 13982.0 0.08548574219942602
42 31 35 0.0 0.0 2062.0 0.0 12974.0 62.0 28213.0 0.08227550540667607
42 31 36 0.0 0.0 2731.0 0.0 11539.0 64.0 44597.0 0.08603207767467584
42 31 37 0.0 0.0 2911.0 0.0 11680.0 55.0 45712.0 0.08429164910590642
42 31 38 0.0 0.0 3259.0 0.0 10321.0 69.0 58593.0 0.0898703299524971
42 31 39 0.0 0.0 3424.0 0.0 11227.0 70.0 53916.0 0.08409923709977772
42 31 40 0.0 0.0 3722.0 0.0 9117.0 85.0 73922.0 0.0944096028053139
42 31 41 0.0 0.0 2864.0 0.0 11810.0 57.0 44596.0 0.08402352658744447
42 31 42 0.0 0.0 2729.0 0.0 12003.0 58.0 41739.0 0.08368200836820082
42 31 43 0.0 0.0 2545.0 0.0 12154.0 66.0 39050.0 0.08387753879336168
42 31 44 0.0 0.0 2119.0 0.0 12394.0 65.0 31799.0 0.08482278097546196
42 31 45 0.0 0.0 1983.0 0.0 12335.0 48.0 29988.0 0.08575803981623276
42 31 46 0.0 0.0 1843.0 0.0 12204.0 58.0 29329.0 0.08728723735893758
42 31 47 0.0 0.0 1411.0 0.0 12852.0 37.0 19099.0 0.08602679120068821
42 31 48 0.0 0.0 796.0 0.0 12161.0 33.0 7194.0 0.09364548494983276
42 31 49 0.0 0.0 387.0 0.0 8296.0 26.0 1406.0 0.13130744700806601
42 31 50 0.0 0.0 26.0 0.0 773.0 6.0 3.0 0.5010737294201861
42 31 51 0.0 0.0 2.0 0.0 60.0 1.0 0.0 0.6792819019893255
42 31 52 0.0 0.0 0.0 0.0 1.0 0.0 0.0 0.6996501749125437
42 32 29 0.0 0.0 0.0 0.0 38.0 0.0 0.0 0.6869479882237487
42 32 30 0.0 0.0 101.0 0.0 2501.0 12.0 46.0 0.30507735890172144
42 32 31 0.0 0.0 463.0 0.0 8859.0 24.0 1650.0 0.12376237623762375
42 32 32 0.0 0.0 1147.0 0.0 12626.0 32.0 14016.0 0.08874239350912777
42 32 33 0.0 0.0 1318.0 0.0 13163.0 47.0 14413.0 0.08499787505312366
42 32 34 0.0 0.0 1774.0 0.0 13530.0 49.0 20752.0 0.08091550109813894
42 32 35 0.0 0.0 3573.0 0.0 10178.0 99.0 64013.0 0.08908119114278441
42 32 36 0.0 0.0 4068.0 0.0 10673.0 73.0 64458.0 0.08358707982566123
42 32 37 0.0 0.0 5008.0 0.0 9035.0 79.0 85650.0 0.08718938780594132
42 32 38 0.0 0.0 5268.0 0.0 8641.0 90.0 90899.0 0.08798944126704794
42 32 39 0.0 0.0 5433.0 0.0 7403.0 81.0 104533.0 0.09447331128956069
42 32 40 0.0 0.0 5337.0 0.0 8534.0 92.0 91641.0 0.0882779494293461
42 32 41 0.0 0.0 4987.0 0.0 9962.0 68.0 75694.0 0.08254716981132075
42 32 42 0.0 0.0 4758.0 0.0 8346.0 93.0 89721.0 0.09266613714588297
42 32 43 0.0 0.0 4313.0 0.0 10991.0 83.0 64039.0 0.08096229470275271
42 32 44 0.0 0.0 4259.0 0.0 9234.0 74.0 78359.0 0.09030510223827645
42 32 45 0.0 0.0 3645.0 0.0 10154.0 65.0 64886.0 0.08856275303643724
42 32 46 0.0 0.0 2077.0 0.0 13101.0 62.0 26851.0 0.08158508158508158
42 32 47 0.0 0.0 2039.0 0.0 11853.0 61.0 33464.0 0.08815565770417479
42 32 48 0.0 0.0 836.0 0.0 12048.0 28.0 5614.0 0.09419997308572196
42 32 49 0.0 0.0 347.0 0.0 7832.0 18.0 1276.0 0.1376733208771757
42 32 50 0.0 0.0 265.0 0.0 6417.0 15.0 664.0 0.16147635524798154
42 32 51 0.0 0.0 140.0 0.0 3543.0 13.0 102.0 0.24682651622002816
42 32 52 0.0 0.0 3.0 0.0 78.0 1.0 0.0 0.6730769230769229
42 33 28 0.0 0.0 0.0 0.0 14.0 0.0 0.0 0.6951340615690167
42 33 29 0.0 0.0 62.0 0.0 1576.0 11.0 13.0 0.3859939343810311
42 33 30 0.0 0.0 510.0 0.0 9082.0 20.0 1682.0 0.12088766082376304
42 33 31 0.0 0.0 787.0 0.0 11974.0 28.0 6890.0 0.09491525423728812
42 33 32 0.0 0.0 1825.0 0.0 12852.0 41.0 24294.0 0.08395802098950524
42 33 33 0.0 0.0 2277.0 0.0 12935.0 53.0 30534.0 0.08135278052181996
42 33 34 0.0 0.0 3040.0 0.0 12185.0 78.0 44308.0 0.08130553458388988
42 33 35 0.0 0.0 4584.0 0.0 9716.0 88.0 75880.0 0.08592119798698906
42 33 36 0.0 0.0 5813.0 0.0 6775.0 79.0 111767.0 0.09592983417842949
42 33 37 0.0 0.0 6506.0 0.0 5395.0 79.0 130958.0 0.10077017202907938
42 33 38 0.0 0.0 7318.0 0.0 5604.0 71.0 129672.0 0.09378977691431634
42 33 39 0.0 0.0 7329.0 0.0 5426.0 68.0 132087.0 0.09472900737532985
42 33 40 0.0 0.0 7723.0 0.0 5579.0 81.0 130066.0 0.09143752857422766
42 33 41 0.0 0.0 6613.0 0.0 4827.0 54.0 137122.0 0.10409695888170123
42 33 42 0.0 0.0 6661.0 0.0 5799.0 90.0 125554.0 0.09689922480620153
42 33 43 0.0 0.0 6214.0 0.0 6305.0 76.0 118502.0 0.09643201542912246
42 33 44 0.0 0.0 5465.0 0.0 6204.0 78.0 118563.0 0.10251153254741158
42 33 45 0.0 0.0 4577.0 0.0 10826.0 93.0 67118.0 0.08053382420616659
42 33 46 0.0 0.0 3713.0 0.0 10490.0 68.0 62364.0 0.08628659476117102
42 33 47 0.0 0.0 3072.0 0.0 11532.0 65.0 49619.0 0.08436784379896348
42 33 48 0.0 0.0 1563.0 0.0 13310.0 40.0 18353.0 0.08297771455666192
42 33 49 0.0 0.0 1753.0 0.0 12453.0 42.0 25903.0 0.08636644046884638
42 33 50 0.0 0.0 620.0 0.0 11041.0 22.0 4835.0 0.10251153254741158
42 33 51 0.0 0.0 130.0 0.0 3351.0 10.0 118.0 0.25580120591997074
42 33 52 0.0 0.0 0.0 0.0 24.0 1.0 0.0 0.6920415224913494
42 34 27 0.0 0.0 5.0 0.0 134.0 1.0 0.0 0.6548175865294666
42 34 28 0.0 0.0 0.0 0.0 31.0 0.0 0.0 0.6893156080748399
42 34 29 0.0 0.0 195.0 0.0 4427.0 20.0 186.0 0.21189647343726348
42 34 30 0.0 0.0 746.0 0.0 11744.0 30.0 5738.0 0.09666505558240696
42 34 31 0.0 0.0 1019.0 0.0 13061.0 34.0 8989.0 0.08711343413602139
42 34 32 0.0 0.0 2355.0 0.0 12434.0 55.0 35271.0 0.08332341387930008
42 34 33 0.0 0.0 3728.0 0.0 9872.0 58.0 67343.0 0.08964015879113842
42 34 34 0.0 0.0 4865.0 0.0 9668.0 61.0 78533.0 0.08452064718666988
42 34 35 0.0 0.0 6316.0 0.0 8631.0 89.0 96041.0 0.08260074340669064
42 34 36 0.0 0.0 6495.0 0.0 4439.0 57.0 141860.0 0.10817493432236129
42 34 37 0.0 0.0 6520.0 0.0 2926.0 42.0 160849.0 0.12229210342417889
42 34 38 0.0 0.0 8892.0 0.0 3196.0 44.0 157790.0 0.09929078014184396
42 34 39 0.0 0.0 9133.0 0.0 2910.0 45.0 160999.0 0.09966540898412471
42 34 40 0.0 0.0 9252.0 0.0 3135.0 44.0 159149.0 0.09730330831248261
42 34 41 0.0 0.0 7868.0 0.0 2728.0 46.0 163054.0 0.11120819763285407
42 34 42 0.0 0.0 9793.0 0.0 4698.0 68.0 142215.0 0.08491023774866568
42 34 43 0.0 0.0 6736.0 0.0 3177.0 36.0 156954.0 0.11742011238782184
42 34 44 0.0 0.0 8184.0 0.0 6161.0 74.0 124396.0 0.08566882878472645
42 34 45 0.0 0.0 6424.0 0.0 5920.0 77.0 123343.0 0.09764943851572852
42 34 46 0.0 0.0 5326.0 0.0 8501.0 76.0 91558.0 0.08852915138484886
42 34 47 0.0 0.0 3958.0 0.0 10346.0 72.0 67548.0 0.08581060373889059
42 34 48 0.0 0.0 3166.0 0.0 10636.0 71.0 55304.0 0.08857956342929452
42 34 49 0.0 0.0 1679.0 0.0 13275.0 41.0 20595.0 0.08251311369128307
42 34 50 0.0 0.0 620.0 0.0 10806.0 24.0 4069.0 0.10436857015058894
42 34 51 0.0 0.0 345.0 0.0 6666.0 27.0 657.0 0.15578057193724265
42 34 52 0.0 0.0 18.0 0.0 534.0 6.0 2.0 0.5500982318271119
42 34 53 0.0 0.0 0.0 0.0 1.0 0.0 0.0 0.6996501749125437
42 35 27 0.0 0.0 0.0 0.0 6.0 0.0 0.0 0.6979062811565303
42 35 28 0.0 0.0 3.0 0.0 94.0 0.0 0.0 0.6676204101096804
42 35 29 0.0 0.0 364.0 0.0 7150.0 17.0 770.0 0.1473839351510685
42 35 30 0.0 0.0 965.0 0.0 12423.0 26.0 10937.0 0.09096816114359974
42 35 31 0.0 0.0 1575.0 0.0 13625.0 42.0 17267.0 0.08140954817700762
42 35 32 0.0 0.0 3612.0 0.0 10681.0 72.0 60852.0 0.08595284872298624
42 35 33 0.0 0.0 4957.0 0.0 9774.0 73.0 78466.0 0.08360704687966555
42 35 34 0.0 0.0 6218.0 0.0 5626.0 65.0 125943.0 0.1010757346039997
42 35 35 0.0 0.0 6865.0 0.0 4187.0 59.0 144953.0 0.10730436115582126
42 35 36 0.0 0.0 9575.0 0.0 4687.0 62.0 141538.0 0.08596868283696653
42 35 37 0.0 0.0 8091.0 0.0 2138.0 33.0 170211.0 0.11443518064410657
42 35 38 0.0 0.0 7660.0 0.0 1292.0 15.0 178993.0 0.12767897856817143
42 35 39 0.0 0.0 7621.0 0.0 1014.0 18.0 181883.0 0.13175230566534912
42 35 40 0.0 0.0 9417.0 0.0 1273.0 17.0 178389.0 0.11041009463722397
42 35 41 0.0 0.0 8705.0 0.0 1293.0 27.0 178502.0 0.11678345011678343
42 35 42 0.0 0.0 9149.0 0.0 1717.0 24.0 174351.0 0.10872941907424664
42 35 43 0.0 0.0 7794.0 0.0 1794.0 27.0 173191.0 0.12078336640496935
42 35 44 0.0 0.0 8576.0 0.0 2811.0 34.0 161993.0 0.10441527446300715
42 35 45 0.0 0.0 8156.0 0.0 4219.0 57.0 146175.0 0.0974251913709116
42 35 46 0.0 0.0 6975.0 0.0 6415.0 60.0 119893.0 0.09078529278256921
42 35 47 0.0 0.0 5343.0 0.0 9007.0 82.0 87871.0 0.08560596795890912
42 35 48 0.0 0.0 4005.0 0.0 8113.0 86.0 84864.0 0.09921337963291048
42 35 49 0.0 0.0 2309.0 0.0 11605.0 65.0 39702.0 0.08797838245459687
42 35 50 0.0 0.0 1101.0 0.0 13124.0 35.0 9592.0 0.08628659476117102
42 35 51 0.0 0.0 414.0 0.0 8364.0 25.0 1399.0 0.13009943313818417
42 35 52 0.0 0.0 79.0 0.0 2280.0 12.0 33.0 0.32206119162640895
42 35 53 0.0 0.0 0.0 0.0 22.0 0.0 0.0 0.6923837784371908
42 36 26 0.0 0.0 0.0 0.0 1.0 0.0 0.0 0.6996501749125437
42 36 27 0.0 0.0 0.0 0.0 15.0 0.0 0.0 0.694789081885856
42 36 28 0.0 0.0 38.0 0.0 945.0 5.0 0.0 0.47027208599260995
42 36 29 0.0 0.0 253.0 0.0 5773.0 11.0 444.0 0.17462891355868776
42 36 30 0.0 0.0 567.0 0.0 10279.0 32.0 3183.0 0.10912775742458491
42 36 31 0.0 0.0 2049.0 0.0 12995.0 45.0 27665.0 0.08207292765857661
42 36 32 0.0 0.0 4174.0 0.0 10283.0 71.0 67969.0 0.08504434455108734
42 36 33 0.0 0.0 5772.0 0.0 6066.0 64.0 119262.0 0.10114876092767862
42 36 34 0.0 0.0 6956.0 0.0 4436.0 68.0 142295.0 0.10453221832300455
42 36 35 0.0 0.0 7897.0 0.0 3157.0 61.0 159034.0 0.1072386058981233
42 36 36 0.0 0.0 7161.0 0.0 1860.0 23.0 172872.0 0.12700716683298555
42 36 37 0.0 0.0 9349.0 0.0 1546.0 27.0 175385.0 0.10859447719515979
42 36 38 0.0 0.0 8670.0 0.0 864.0 18.0 182900.0 0.1214329083181542
42 36 39 0.0 0.0 7448.0 0.0 472.0 9.0 188326.0 0.14125718898193923
42 36 40 0.0 0.0 9055.0 0.0 514.0 7.0 186073.0 0.12095032397408206
42 36 41 0.0 0.0 7504.0 0.0 502.0 5.0 187721.0 0.13988808952837725
42 36 42 0.0 0.0 8093.0 0.0 668.0 13.0 185496.0 0.13002693415064548
42 36 43 0.0 0.0 7394.0 0.0 788.0 18.0 185007.0 0.13759213759213756
42 36 44 0.0 0.0 9168.0 0.0 1597.0 24.0 175569.0 0.10965771128691157
42 36 45 0.0 0.0 8643.0 0.0 2699.0 28.0 163958.0 0.10479826334306458
42 36 46 0.0 0.0 6710.0 0.0 3602.0 48.0 151754.0 0.11361791916896608
42 36 47 0.0 0.0 6113.0 0.0 6707.0 57.0 112223.0 0.09426974614504072
42 36 48 0.0 0.0 4396.0 0.0 9134.0 73.0 80531.0 0.09013068949977465
42 36 49 0.0 0.0 2728.0 0.0 11782.0 60.0 44139.0 0.08474576271186439
42 36 50 0.0 0.0 1441.0 0.0 12942.0 34.0 18542.0 0.08540751586139579
42 36 51 0.0 0.0 1004.0 0.0 12619.0 27.0 9936.0 0.08958280010238033
42 36 52 0.0 0.0 237.0 0.0 5634.0 11.0 457.0 0.17809439002671412
42 36 53 0.0 0.0 0.0 0.0 29.0 0.0 0.0 0.6899950714637751
42 37 27 0.0 0.0 40.0 0.0 925.0 8.0 2.0 0.47345282380791337
42 37 28 0.0 0.0 97.0 0.0 1744.0 11.0 18.0 0.3655352480417754
42 37 29 0.0 0.0 517.0 0.0 9754.0 17.0 2271.0 0.11418318244841366
42 37 30 0.0 0.0 1177.0 0.0 13203.0 45.0 11185.0 0.08555365436323636
42 37 31 0.0 0.0 2464.0 0.0 12471.0 51.0 35416.0 0.0826104915324246
42 37 32 0.0 0.0 4957.0 0.0 8273.0 81.0 92309.0 0.0918574896660324
42 37 33 0.0 0.0 7050.0 0.0 6708.0 75.0 117587.0 0.08877052818464269
42 37 34 0.0 0.0 6506.0 0.0 2800.0 34.0 160934.0 0.12376237623762375
42 37 35 0.0 0.0 7348.0 0.0 1962.0 32.0 171193.0 0.1239596245794227
42 37 36 0.0 0.0 9114.0 0.0 1640.0 30.0 174373.0 0.10975227343994981
42 37 37 0.0 0.0 9335.0 0.0 885.0 13.0 181792.0 0.11457566085604386
42 37 38 0.0 1.0 8515.0 0.0 487.0 8.0 186908.0 0.12721490231712856
42 37 39 0.0 0.0 7146.0 0.0 242.0 3.0 190439.0 0.14892032762472077
42 37 40 0.0 0.0 6676.0 0.0 169.0 1.0 191924.0 0.15817421760253078
42 37 41 0.0 0.0 7044.0 0.0 174.0 6.0 191366.0 0.15204170286707208
42 37 42 0.0 0.0 8020.0 0.0 313.0 4.0 189071.0 0.13561949045820013
42 37 43 0.0 0.0 6588.0 0.0 361.0 12.0 189943.0 0.15652951699463324
42 37 44 0.0 0.0 7346.0 0.0 755.0 8.0 185345.0 0.13854527461652646
42 37 45 0.0 0.0 6696.0 0.0 1375.0 22.0 179047.0 0.13876499157498262
42 37 46 0.0 0.0 8676.0 0.0 3731.0 48.0 152572.0 0.09708064627973094
42 37 47 0.0 0.0 7403.0 0.0 7395.0 97.0 110794.0 0.0834575260804769
42 37 48 0.0 0.0 4919.0 0.0 7818.0 75.0 96232.0 0.09493456296195835
42 37 49 0.0 0.0 3170.0 0.0 10687.0 76.0 54521.0 0.0883336488106505
42 37 50 0.0 0.0 1843.0 0.0 12579.0 49.0 27287.0 0.08527226215129735
42 37 51 0.0 0.0 656.0 0.0 11067.0 30.0 3555.0 0.10214504596527067
42 37 52 0.0 0.0 128.0 0.0 2882.0 14.0 59.0 0.28016810086051624
42 37 53 0.0 0.0 1.0 0.0 69.0 0.0 0.0 0.6763285024154588
42 38 27 0.0 0.0 11.0 0.0 270.0 5.0 0.0 0.6151142355008786
42 38 28 0.0 0.0 59.0 0.0 2385.0 9.0 57.0 0.31567080045095824
42 38 29 0.0 0.0 366.0 0.0 7681.0 23.0 1042.0 0.13958125623130604
42 38 30 0.0 0.0 1223.0 0.0 13061.0 33.0 13088.0 0.08594229588704726
42 38 31 0.0 0.0 3002.0 0.0 11391.0 77.0 48807.0 0.08542836221625578
42 38 32 0.0 0.0 5092.0 0.0 7900.0 73.0 96477.0 0.09328979809422269
42 38 33 0.0 0.0 5651.0 0.0 3942.0 52.0 146034.0 0.12063765618267985
42 38 34 0.0 0.0 7073.0 0.0 2663.0 43.0 163581.0 0.11916922029281578
42 38 35 0.0 0.0 8236.0 0.0 1780.0 26.0 173287.0 0.11641443538998833
42 38 36 0.0 1.0 7803.0 0.0 816.0 10.0 183544.0 0.1316531878879067
42 38 37 0.0 0.0 9814.0 0.0 587.0 13.0 184327.0 0.11283952607399049
42 38 38 0.0 0.0 7883.0 0.0 247.0 2.0 189807.0 0.13814880599960527
42 38 39 0.0 1.0 7730.0 0.0 122.0 3.0 190981.0 0.14213197969543145
42 38 40 0.0 0.0 6301.0 0.0 70.0 0.0 192932.0 0.16722408026755853
42 38 41 0.0 0.0 6185.0 0.0 78.0 1.0 193124.0 0.1693480101608806
42 38 42 0.0 0.0 7548.0 0.0 150.0 2.0 190973.0 0.14425553838227714
42 38 43 0.0 0.0 8756.0 0.0 323.0 6.0 188147.0 0.1263195885590544
42 38 44 0.0 0.0 8500.0 0.0 654.0 17.0 185353.0 0.12557180016144945
42 38 45 0.0 0.0 8701.0 0.0 1407.0 21.0 177167.0 0.11566424322538003
42 38 46 0.0 0.0 8667.0 0.0 3263.0 47.0 157152.0 0.10056026432983765
42 38 47 0.0 0.0 5575.0 0.0 3721.0 49.0 148626.0 0.1239925604463732
42 38 48 0.0 0.0 5140.0 0.0 10122.0 78.0 77061.0 0.08106073765271263
42 38 49 0.0 0.0 3019.0 0.0 11872.0 49.0 46354.0 0.08277656240761544
42 38 50 0.0 0.0 954.0 0.0 12687.0 37.0 8096.0 0.08958280010238033
42 38 51 0.0 0.0 686.0 0.0 11194.0 28.0 4006.0 0.1009009009009009
42 38 52 0.0 0.0 315.0 0.0 7004.0 22.0 783.0 0.15052144930652614
42 38 53 0.0 0.0 1.0 0.0 22.0 0.0 0.0 0.6920415224913494
42 39 27 0.0 0.0 0.0 0.0 23.0 0.0 0.0 0.6920415224913494
42 39 28 0.0 0.0 122.0 0.0 3143.0 19.0 74.0 0.26681913474366303
42 39 29 0.0 0.0 734.0 0.0 11331.0 34.0 3827.0 0.09965831435079725
42 39 30 0.0 0.0 1228.0 0.0 13101.0 33.0 13308.0 0.08569504805043765
42 39 31 0.0 0.0 2558.0 0.0 12736.0 65.0 36231.0 0.08100445524503846
42 39 32 0.0 0.0 5191.0 0.0 8890.0 77.0 86878.0 0.08698353525939732
42 39 33 0.0 0.0 6666.0 0.0 5571.0 64.0 128831.0 0.09831460674157302
42 39 34 0.0 0.0 8373.0 0.0 3378.0 41.0 157012.0 0.10181077739800741
42 39 35 0.0 0.0 7949.0 0.0 1414.0 30.0 177143.0 0.12320689958637682
42 39 36 0.0 0.0 8398.0 0.0 741.0 13.0 184553.0 0.12569581612497752
42 39 37 0.0 0.0 7647.0 0.0 319.0 5.0 189257.0 0.14044943820224715
42 39 38 0.0 1.0 7910.0 0.0 229.0 4.0 190027.0 0.13801261829652997
42 39 39 0.0 0.0 7152.0 0.0 129.0 5.0 191843.0 0.15087832740597046
42 39 40 0.0 0.0 6674.0 0.0 63.0 1.0 192812.0 0.16036655211912942
42 39 41 0.0 0.0 6860.0 0.0 67.0 1.0 192399.0 0.15682760165789175
42 39 42 0.0 0.0 6255.0 0.0 79.0 0.0 193083.0 0.16798656107511395
42 39 43 0.0 0.0 8121.0 0.0 256.0 7.0 189427.0 0.1348877541188939
42 39 44 0.0 0.0 8226.0 0.0 530.0 9.0 186930.0 0.12987012987012986
42 39 45 0.0 0.0 9284.0 0.0 1382.0 26.0 176865.0 0.11061072924073634
42 39 46 0.0 0.0 8685.0 0.0 3179.0 34.0 158329.0 0.10080645161290322
42 39 47 0.0 0.0 7195.0 0.0 5847.0 73.0 127357.0 0.09306035628822121
42 39 48 0.0 0.0 5234.0 0.0 8642.0 80.0 90968.0 0.08813900780659782
42 39 49 0.0 0.0 3117.0 0.0 11230.0 68.0 52186.0 0.08557457212713934
42 39 50 0.0 0.0 1051.0 0.0 12978.0 32.0 9752.0 0.08733624454148471
42 39 51 0.0 0.0 576.0 0.0 10366.0 24.0 2926.0 0.10821674267604543
42 39 52 0.0 0.0 38.0 0.0 643.0 4.0 2.0 0.5231689088191329
42 39 53 0.0 0.0 0.0 0.0 11.0 0.0 0.0 0.6961710591745399
42 40 27 0.0 0.0 3.0 0.0 180.0 1.0 0.0 0.6416131989000916
42 40 28 0.0 0.0 52.0 0.0 1159.0 8.0 10.0 0.43709022791133306
42 40 29 0.0 0.0 863.0 0.0 12318.0 25.0 7598.0 0.09225092250922508
42 40 30 0.0 0.0 1120.0 0.0 13112.0 34.0 10701.0 0.08628659476117102
42 40 31 0.0 0.0 2904.0 0.0 10936.0 59.0 50858.0 0.08839499936860713
42 40 32 0.0 0.0 4601.0 0.0 10373.0 85.0 70411.0 0.0824985268120212
42 40 33 0.0 0.0 7359.0 0.0 7344.0 71.0 111374.0 0.08366700531883105
42 40 34 0.0 0.0 8376.0 0.0 3089.0 44.0 158721.0 0.10384986276982418
42 40 35 0.0 0.0 7545.0 0.0 1229.0 19.0 179400.0 0.12974976830398516
42 40 36 0.0 1.0 9599.0 0.0 751.0 18.0 183284.0 0.11341542449773169
42 40 37 0.0 0.0 8192.0 0.0 311.0 5.0 188728.0 0.13332063612989237
42 40 38 0.0 0.0 6973.0 0.0 135.0 0.0 191861.0 0.15374478365912583
42 40 39 0.0 0.0 7591.0 0.0 99.0 0.0 191618.0 0.14450867052023117
42 40 40 0.0 0.0 7139.0 0.0 80.0 0.0 192283.0 0.1519097222222222
42 40 41 0.0 2.0 6744.0 0.0 82.0 3.0 192499.0 0.158586316266425
42 40 42 0.0 0.0 6355.0 0.0 76.0 0.0 192839.0 0.1658964332266856
42 40 43 0.0 0.0 7686.0 0.0 249.0 4.0 190182.0 0.14098690835850955
42 40 44 0.0 0.0 7236.0 0.0 428.0 10.0 188469.0 0.1447776628748707
42 40 45 0.0 0.0 8129.0 0.0 1379.0 18.0 178184.0 0.12152777777777775
42 40 46 0.0 0.0 8675.0 0.0 3616.0 48.0 153981.0 0.09792264111352031
42 40 47 0.0 0.0 6815.0 0.0 6012.0 77.0 123693.0 0.09435233859010647
42 40 48 0.0 0.0 4776.0 0.0 9398.0 79.0 79292.0 0.08656402646385951
42 40 49 0.0 0.0 2369.0 0.0 12592.0 59.0 34117.0 0.08251311369128307
42 40 50 0.0 0.0 1149.0 0.0 13093.0 37.0 12133.0 0.08618566855454321
42 40 51 0.0 0.0 618.0 0.0 10848.0 32.0 3718.0 0.10412018444146957
42 40 52 0.0 0.0 144.0 0.0 3262.0 15.0 101.0 0.2596920793915785
42 40 53 0.0 0.0 0.0 0.0 3.0 0.0 0.0 0.6989515726410384
42 41 27 0.0 0.0 0.0 0.0 5.0 0.0 0.0 0.6982543640897755
42 41 28 0.0 0.0 3.0 0.0 279.0 1.0 0.0 0.6143045195261079
42 41 29 0.0 0.0 296.0 0.0 7006.0 19.0 843.0 0.15066724063710718
42 41 30 0.0 0.0 1017.0 0.0 12816.0 31.0 9092.0 0.08850116947973954
42 41 31 0.0 0.0 3024.0 0.0 10631.0 68.0 54241.0 0.08944543828264757
42 41 32 0.0 0.0 4673.0 0.0 10032.0 85.0 74460.0 0.08382731572959702
42 41 33 0.0 0.0 6278.0 0.0 5367.0 67.0 130016.0 0.10255658926086
42 41 34 0.0 0.0 7298.0 0.0 2841.0 54.0 161567.0 0.11553061561313747
42 41 35 0.0 0.0 8325.0 0.0 1517.0 22.0 175632.0 0.11822327309576082
42 41 36 0.0 0.0 9135.0 0.0 804.0 11.0 183341.0 0.11703728473499413
42 41 37 0.0 0.0 8591.0 0.0 379.0 6.0 187739.0 0.12756264236902048
42 41 38 0.0 0.0 7240.0 0.0 201.0 9.0 191038.0 0.14827367083245072
42 41 39 0.0 1.0 7073.0 0.0 148.0 3.0 191638.0 0.15176151761517612
42 41 40 2.0 1.0 7615.0 0.0 118.0 2.0 191251.0 0.1436781609195402
42 41 41 0.0 1.0 8868.0 0.0 184.0 6.0 189688.0 0.1266166229537849
42 41 42 0.0 1.0 7179.0 0.0 179.0 3.0 191238.0 0.14968459317865923
42 41 43 0.0 0.0 7282.0 0.0 289.0 11.0 189830.0 0.14641288433382138
42 41 44 0.0 0.0 7784.0 0.0 639.0 5.0 185961.0 0.13422818791946306
42 41 45 0.0 0.0 8087.0 0.0 1402.0 26.0 177465.0 0.12180267965895249
42 41 46 0.0 0.0 8975.0 0.0 4124.0 64.0 147292.0 0.09267840593141798
42 41 47 0.0 0.0 7145.0 0.0 8441.0 89.0 100778.0 0.07972211149706736
42 41 48 0.0 0.0 4091.0 0.0 11258.0 85.0 60148.0 0.08076612437983154
42 41 49 0.0 0.0 2277.0 0.0 12320.0 56.0 34122.0 0.08432718949524153
42 41 50 0.0 0.0 1048.0 0.0 12735.0 34.0 11397.0 0.08864125617323033
42 41 51 0.0 0.0 547.0 0.0 10143.0 21.0 2749.0 0.11035787482263912
42 41 52 0.0 0.0 103.0 0.0 2342.0 13.0 37.0 0.31581321903902543
42 41 53 0.0 0.0 0.0 0.0 1.0 0.0 0.0 0.6996501749125437
42 42 27 0.0 0.0 0.0 0.0 6.0 0.0 0.0 0.6979062811565303
42 42 28 0.0 0.0 50.0 0.0 1581.0 9.0 15.0 0.38652678078409713
42 42 29 0.0 0.0 286.0 0.0 6088.0 23.0 440.0 0.16764459346186084
42 42 30 0.0 0.0 879.0 0.0 12290.0 33.0 7476.0 0.09237265769332276
42 42 31 0.0 0.0 2066.0 0.0 13474.0 63.0 26234.0 0.0798630918425556
42 42 32 0.0 0.0 4298.0 0.0 10043.0 80.0 71655.0 0.08569504805043765
42 42 33 0.0 0.0 6990.0 0.0 8009.0 79.0 103328.0 0.08236263089775267
42 42 34 0.0 0.0 8876.0 0.0 4288.0 66.0 146088.0 0.09230566361178874
42 42 35 0.0 1.0 9954.0 1.0 2138.0 39.0 168739.0 0.09941063693815236
42 42 36 0.0 0.0 7529.0 0.0 848.0 16.0 184217.0 0.13491375156596316
42 42 37 0.0 0.0 9590.0 0.0 584.0 9.0 185071.0 0.11498028909329829
42 42 38 0.0 0.0 6668.0 0.0 243.0 5.0 190979.0 0.1572150477259966
42 42 39 0.0 1.0 7244.0 0.0 206.0 3.0 191132.0 0.14819519424155814
42 42 40 0.0 0.0 8379.0 0.0 224.0 2.0 189431.0 0.1321128621307917
42 42 41 0.0 0.0 6753.0 0.0 174.0 7.0 191830.0 0.15684517140936588
42 42 42 0.0 2.0 8325.0 0.0 350.0 4.0 188482.0 0.13103706476974913
42 42 43 0.0 0.0 9416.0 0.0 697.0 11.0 183881.0 0.11562603237528904
42 42 44 0.0 1.0 8694.0 0.0 1126.0 17.0 180467.0 0.11834319526627217
42 42 45 0.0 1.0 9272.0 0.0 2244.0 39.0 167672.0 0.10357327809425168
42 42 46 0.0 0.0 7457.0 0.0 3488.0 39.0 154230.0 0.10803302723975614
42 42 47 0.0 0.0 6451.0 0.0 6989.0 62.0 113573.0 0.09058557101261726
42 42 48 0.0 0.0 3542.0 0.0 12100.0 70.0 49694.0 0.07934708682838358
42 42 49 0.0 0.0 2140.0 0.0 12303.0 52.0 33000.0 0.08515297123046042
42 42 50 0.0 0.0 1104.0 0.0 13258.0 38.0 9289.0 0.08563738683631024
42 42 51 0.0 0.0 241.0 0.0 5349.0 15.0 333.0 0.18472093943792053
42 42 52 0.0 0.0 78.0 0.0 1904.0 12.0 32.0 0.35264483627204024
42 42 53 0.0 0.0 0.0 0.0 2.0 0.0 0.0 0.6993006993006992
42 43 28 0.0 0.0 22.0 0.0 396.0 4.0 3.0 0.579950289975145
42 43 29 0.0 0.0 354.0 0.0 7514.0 22.0 984.0 0.14210312626877789
42 43 30 0.0 0.0 1094.0 0.0 13078.0 42.0 9546.0 0.0866122246968572
42 43 31 0.0 0.0 2309.0 0.0 12461.0 61.0 34043.0 0.08341774414586187
42 43 32 0.0 0.0 4005.0 0.0 10544.0 75.0 64977.0 0.08458192363460608
42 43 33 0.0 0.0 6313.0 0.0 8646.0 101.0 97361.0 0.08258125405532943
42 43 34 0.0 0.0 7635.0 0.0 3959.0 52.0 148407.0 0.10290334435869164
42 43 35 0.0 0.0 8604.0 0.0 2422.0 27.0 165872.0 0.1074361138822807
42 43 36 0.0 0.0 9370.0 0.0 1652.0 35.0 174769.0 0.10757645612417395
42 43 37 0.0 0.0 8408.0 0.0 840.0 12.0 183191.0 0.12433392539964473
42 43 38 0.0 0.0 8704.0 0.0 595.0 16.0 185710.0 0.1239157372986369
42 43 39 0.0 0.0 8446.0 0.0 467.0 8.0 187201.0 0.12824035907300538
42 43 40 0.0 0.0 9806.0 0.0 506.0 5.0 185409.0 0.11359026369168357
42 43 41 0.0 0.0 7582.0 0.0 391.0 12.0 188337.0 0.14039310068190933
42 43 42 0.0 2.0 7866.0 0.0 599.0 17.0 186150.0 0.13389441469013005
42 43 43 0.0 0.0 9492.0 0.0 1182.0 15.0 178910.0 0.11046236389458733
42 43 44 0.0 0.0 9427.0 0.0 2083.0 28.0 169489.0 0.10358860525342212
42 43 45 0.0 0.0 6525.0 0.0 2174.0 31.0 168730.0 0.1306945481702763
42 43 46 0.0 0.0 6272.0 0.0 3638.0 49.0 151044.0 0.11757789535567312
42 43 47 0.0 0.0 6036.0 0.0 8732.0 86.0 94017.0 0.08344260340922637
42 43 48 0.0 0.0 3593.0 0.0 10687.0 65.0 60734.0 0.08596340415080436
42 43 49 0.0 0.0 1769.0 0.0 13464.0 45.0 21064.0 0.08124419684308262
42 43 50 0.0 0.0 1648.0 0.0 12662.0 39.0 23717.0 0.08577380223011885
42 43 51 0.0 0.0 510.0 0.0 10008.0 22.0 2979.0 0.11188364101334611
42 43 52 0.0 0.0 17.0 0.0 524.0 1.0 1.0 0.5511811023622046
42 43 53 0.0 0.0 0.0 0.0 2.0 0.0 0.0 0.6993006993006992
42 44 27 0.0 0.0 0.0 0.0 7.0 0.0 0.0 0.6975585450921773
42 44 28 0.0 0.0 61.0 0.0 1507.0 11.0 8.0 0.3935901040202417
42 44 29 0.0 0.0 468.0 0.0 8771.0 23.0 1480.0 0.12473271560940839
42 44 30 0.0 0.0 730.0 0.0 11632.0 29.0 5223.0 0.0975473801560758
42 44 31 0.0 0.0 2004.0 0.0 12858.0 56.0 28337.0 0.08307619273676714
42 44 32 0.0 0.0 3611.0 0.0 11052.0 61.0 57408.0 0.084008400840084
42 44 33 0.0 0.0 5794.0 0.0 6853.0 88.0 110317.0 0.09563494774233212
42 44 34 0.0 0.0 6952.0 0.0 4409.0 67.0 142791.0 0.10482180293501046
42 44 35 0.0 0.0 7075.0 0.0 2944.0 38.0 160688.0 0.11636605435957109
42 44 36 0.0 0.0 8721.0 0.0 2334.0 43.0 166718.0 0.10730436115582126
42 44 37 0.0 0.0 9424.0 0.0 1749.0 29.0 172799.0 0.1062941310454787
42 44 38 0.0 0.0 9073.0 0.0 1193.0 23.0 178627.0 0.11408083441981745
42 44 39 0.0 0.0 9866.0 0.0 1194.0 20.0 178831.0 0.10714012397642916
42 44 40 0.0 1.0 7052.0 0.0 761.0 20.0 185594.0 0.14285714285714285
42 44 41 0.0 0.0 9036.0 0.0 1028.0 18.0 180808.0 0.11615365469177796
42 44 42 0.0 0.0 8682.0 0.0 1300.0 24.0 178382.0 0.11678345011678343
42 44 43 0.0 0.0 8224.0 0.0 1990.0 27.0 171257.0 0.11450069518279218
42 44 44 0.0 0.0 8742.0 0.0 3511.0 51.0 155137.0 0.09821804405780832
42 44 45 0.0 0.0 7683.0 0.0 4366.0 69.0 143973.0 0.09972930616896994
42 44 46 0.0 0.0 5950.0 0.0 4950.0 57.0 134173.0 0.10850189878322869
42 44 47 0.0 0.0 5183.0 0.0 8031.0 72.0 96432.0 0.09199027531375253
42 44 48 0.0 0.0 3214.0 0.0 11325.0 70.0 51314.0 0.08465352521465715
42 44 49 0.0 0.0 2152.0 0.0 12161.0 69.0 33477.0 0.08585270129392285
42 44 50 0.0 0.0 650.0 0.0 11089.0 25.0 4592.0 0.10199621156928455
42 44 51 0.0 0.0 498.0 0.0 9724.0 27.0 2454.0 0.11471648639790233
42 44 52 0.0 0.0 55.0 0.0 1500.0 7.0 14.0 0.3945885005636978
42 44 53 0.0 0.0 0.0 0.0 1.0 0.0 0.0 0.6996501749125437
42 45 27 0.0 0.0 0.0 0.0 5.0 0.0 0.0 0.6986027944111775
42 45 28 0.0 0.0 9.0 0.0 296.0 0.0 0.0 0.6073752711496745
42 45 29 0.0 0.0 443.0 0.0 8589.0 23.0 1361.0 0.12712249160083536
42 45 30 0.0 0.0 823.0 0.0 12136.0 35.0 7269.0 0.09368935287425549
42 45 31 0.0 0.0 1972.0 0.0 13189.0 49.0 26813.0 0.08159934720522236
42 45 32 0.0 0.0 3355.0 0.0 11874.0 65.0 48822.0 0.08125834349062626
42 45 33 0.0 0.0 5406.0 0.0 7898.0 75.0 99160.0 0.09135399673735725
42 45 34 0.0 0.0 5714.0 0.0 4573.0 65.0 137087.0 0.11385816525699413
42 45 35 0.0 0.0 8731.0 0.0 6488.0 91.0 122960.0 0.08132442637234968
42 45 36 0.0 0.0 8767.0 0.0 4062.0 61.0 148147.0 0.0944478175807866
42 45 37 0.0 0.0 6683.0 0.0 2109.0 24.0 170176.0 0.12952169488389303
42 45 38 0.0 0.0 9826.0 0.0 2893.0 51.0 160600.0 0.09521218715995647
42 45 39 0.0 1.0 7270.0 0.0 1672.0 23.0 175184.0 0.1278071937191893
42 45 40 0.0 0.0 6592.0 0.0 1443.0 22.0 178071.0 0.13958125623130604
42 45 41 0.0 0.0 9249.0 0.0 2279.0 40.0 167566.0 0.10366530914476119
42 45 42 0.0 0.0 7445.0 0.0 2281.0 28.0 168251.0 0.11904761904761901
42 45 43 0.0 0.0 8747.0 0.0 4228.0 47.0 147575.0 0.09342052582410248
42 45 44 0.0 0.0 7207.0 1.0 4537.0 65.0 140782.0 0.10183299389002036
42 45 45 0.0 0.0 6778.0 0.0 7904.0 104.0 104792.0 0.0839529863276565
42 45 46 0.0 0.0 5238.0 0.0 9433.0 73.0 82720.0 0.08387251377905583
42 45 47 0.0 0.0 4165.0 0.0 8283.0 68.0 87400.0 0.09682550660488276
42 45 48 0.0 0.0 3336.0 0.0 10490.0 70.0 60083.0 0.08846761453396523
42 45 49 0.0 0.0 1373.0 0.0 13407.0 40.0 14587.0 0.08348738744111156
42 45 50 0.0 0.0 437.0 0.0 8372.0 23.0 1361.0 0.12970168612191957
42 45 51 0.0 0.0 293.0 0.0 6257.0 23.0 523.0 0.16406890894175552
42 45 52 0.0 0.0 2.0 0.0 64.0 1.0 1.0 0.6779661016949151
42 46 27 0.0 0.0 0.0 0.0 7.0 0.0 0.0 0.6975585450921773
42 46 28 0.0 0.0 125.0 0.0 2816.0 14.0 42.0 0.28409090909090906
42 46 29 0.0 0.0 468.0 0.0 8624.0 33.0 1433.0 0.12649078424286228
42 46 30 0.0 0.0 443.0 0.0 8479.0 28.0 1382.0 0.1283932501834189
42 46 31 0.0 0.0 1460.0 0.0 13746.0 39.0 14758.0 0.0813953488372093
42 46 32 0.0 0.0 3361.0 0.0 10935.0 79.0 55710.0 0.08598980406608929
42 46 33 0.0 0.0 4880.0 0.0 8178.0 87.0 91545.0 0.09298000929800092
42 46 34 0.0 0.0 4977.0 0.0 5302.0 66.0 126954.0 0.11397866970609785
42 46 35 0.0 0.0 6039.0 0.0 5290.0 95.0 129351.0 0.10526315789473682
42 46 36 0.0 0.0 7001.0 0.0 5419.0 59.0 130506.0 0.09698649116730168
42 46 37 0.0 0.0 6675.0 0.0 4128.0 72.0 145451.0 0.10952045685676287
42 46 38 0.0 0.0 8719.0 0.0 5376.0 73.0 133413.0 0.08694572102844365
42 46 39 0.0 0.0 7597.0 0.0 3636.0 72.0 152417.0 0.1058681185722928
42 46 40 0.0 0.0 7272.0 0.0 3365.0 51.0 155073.0 0.11099659081899625
42 46 41 0.0 0.0 8467.0 0.0 4595.0 55.0 141512.0 0.09285666909862704
42 46 42 0.0 0.0 6914.0 0.0 4027.0 53.0 146957.0 0.10813315826060091
42 46 43 0.0 0.0 7349.0 0.0 7010.0 86.0 116219.0 0.08555365436323636
42 46 44 0.0 0.0 5906.0 0.0 6138.0 73.0 118531.0 0.0995874235310855
42 46 45 0.0 0.0 5011.0 0.0 9728.0 72.0 77640.0 0.08351228823669767
42 46 46 0.0 0.0 3786.0 0.0 11041.0 78.0 59800.0 0.08323919376895178
42 46 47 0.0 0.0 2496.0 0.0 13006.0 49.0 33810.0 0.07997714938588973
42 46 48 0.0 0.0 2387.0 0.0 12289.0 66.0 35828.0 0.08400336013440536
42 46 49 0.0 0.0 1527.0 0.0 12667.0 49.0 20742.0 0.08641975308641973
42 46 50 0.0 0.0 628.0 0.0 10643.0 26.0 3296.0 0.10564443102927859
42 46 51 0.0 0.0 247.0 0.0 5038.0 19.0 247.0 0.19262520638414965
42 46 52 0.0 0.0 4.0 0.0 95.0 0.0 0.0 0.6669842782277274
42 47 27 0.0 0.0 0.0 0.0 1.0 0.0 0.0 0.6996501749125437
42 47 28 0.0 0.0 49.0 0.0 1016.0 12.0 7.0 0.4585653455617425
42 47 29 0.0 0.0 42.0 0.0 1406.0 10.0 18.0 0.40721349621873176
42 47 30 0.0 0.0 753.0 0.0 11770.0 32.0 5825.0 0.09647853352629039
42 47 31 0.0 0.0 1171.0 0.0 13104.0 38.0 11734.0 0.08603207767467584
42 47 32 0.0 0.0 2984.0 0.0 10939.0 59.0 51382.0 0.08787897809302617
42 47 33 0.0 0.0 4275.0 0.0 7968.0 59.0 91575.0 0.09804608165837943
42 47 34 0.0 0.0 4518.0 0.0 8860.0 66.0 83057.0 0.09102730819245773
42 47 35 0.0 0.0 5067.0 0.0 8376.0 87.0 91782.0 0.0907088246728003
42 47 36 0.0 0.0 5360.0 0.0 8848.0 97.0 89760.0 0.08648915796626921
42 47 37 0.0 0.0 5912.0 0.0 7492.0 72.0 104436.0 0.0907205806117159
42 47 38 0.0 0.0 6207.0 0.0 7932.0 100.0 101290.0 0.08682709005209624
42 47 39 0.0 0.0 6386.0 0.0 7636.0 90.0 105820.0 0.08743442418186359
42 47 40 0.0 0.0 6723.0 0.0 7174.0 90.0 111791.0 0.08806693086745926
42 47 41 0.0 0.0 6514.0 0.0 7168.0 85.0 111047.0 0.08928571428571427
42 47 42 0.0 0.0 5744.0 0.0 7200.0 88.0 107205.0 0.09375209268064018
42 47 43 0.0 0.0 4990.0 0.0 9952.0 73.0 76316.0 0.08251311369128307
42 47 44 0.0 0.0 4430.0 0.0 9413.0 98.0 78062.0 0.08838383838383837
42 47 45 0.0 0.0 3328.0 0.0 11115.0 74.0 54577.0 0.08514779223938693
42 47 46 0.0 0.0 2045.0 0.0 13037.0 48.0 27289.0 0.0819480215406228
42 47 47 0.0 0.0 2589.0 0.0 10567.0 59.0 49662.0 0.09240314170681801
42 47 48 0.0 0.0 1751.0 0.0 12936.0 44.0 23388.0 0.08389261744966442
42 47 49 0.0 0.0 1085.0 0.0 12606.0 38.0 12244.0 0.08925156190233328
42 47 50 0.0 0.0 324.0 0.0 7117.0 18.0 795.0 0.14852535539995754
42 47 51 0.0 0.0 12.0 0.0 461.0 3.0 1.0 0.5668016194331983
42 47 52 0.0 0.0 0.0 0.0 3.0 0.0 0.0 0.6989515726410384
42 48 28 0.0 0.0 0.0 0.0 12.0 0.0 0.0 0.6958250497017892
42 48 29 0.0 0.0 150.0 0.0 3455.0 20.0 103.0 0.2506714413607878
42 48 30 0.0 0.0 342.0 0.0 7646.0 19.0 1164.0 0.14035087719298242
42 48 31 0.0 0.0 1148.0 0.0 12630.0 27.0 13822.0 0.08873676871395067
42 48 32 0.0 0.0 2157.0 0.0 12158.0 59.0 34413.0 0.08591592513040809
42 48 33 0.0 0.0 2424.0 0.0 13160.0 60.0 31021.0 0.07967220578192578
42 48 34 0.0 0.0 2998.0 0.0 10789.0 63.0 53605.0 0.08861320336730172
42 48 35 0.0 0.0 2513.0 0.0 13142.0 55.0 32366.0 0.07928417714350434
42 48 36 0.0 0.0 3625.0 0.0 9546.0 59.0 69576.0 0.09213557091148403
42 48 37 0.0 0.0 3137.0 0.0 12497.0 58.0 42892.0 0.07937407869372944
42 48 38 0.0 0.0 3674.0 0.0 11445.0 85.0 55725.0 0.08187613310719924
42 48 39 0.0 0.0 3964.0 0.0 11133.0 73.0 59337.0 0.08190487333996371
42 48 40 0.0 0.0 4108.0 0.0 10625.0 73.0 64308.0 0.08367700675392982
42 48 41 0.0 0.0 4066.0 0.0 9715.0 70.0 72016.0 0.08863564419119974
42 48 42 0.0 0.0 3768.0 0.0 11067.0 80.0 58984.0 0.08309591642924975
42 48 43 0.0 0.0 2607.0 0.0 13109.0 48.0 32584.0 0.07896666478650798
42 48 44 0.0 0.0 2322.0 0.0 12499.0 50.0 33572.0 0.083184789067142
42 48 45 0.0 0.0 2273.0 0.0 12106.0 56.0 35682.0 0.0855798031664527
42 48 46 0.0 0.0 1728.0 0.0 12545.0 34.0 25191.0 0.08597396217145663
42 48 47 0.0 0.0 1515.0 0.0 12930.0 41.0 20747.0 0.08513225904530251
42 48 48 0.0 0.0 721.0 0.0 11261.0 30.0 4553.0 0.10023627121071095
42 48 49 0.0 0.0 412.0 0.0 8423.0 23.0 1435.0 0.1293422025129342
42 48 50 0.0 0.0 202.0 0.0 4340.0 15.0 191.0 0.21446078431372545
42 48 51 0.0 0.0 5.0 0.0 54.0 2.0 0.0 0.6806028196402526
42 49 28 0.0 0.0 0.0 0.0 6.0 0.0 0.0 0.6979062811565303
42 49 29 0.0 0.0 3.0 0.0 282.0 0.0 2.0 0.612691466083151
42 49 30 0.0 0.0 215.0 0.0 4787.0 29.0 230.0 0.20063055316709658
42 49 31 0.0 0.0 947.0 0.0 12223.0 31.0 9487.0 0.09231783712495878
42 49 32 0.0 0.0 1119.0 0.0 12804.0 29.0 12152.0 0.08789552988448016
42 49 33 0.0 0.0 1422.0 0.0 12844.0 38.0 19095.0 0.08595812611285072
42 49 34 0.0 0.0 1403.0 0.0 13085.0 42.0 17792.0 0.08491023774866568
42 49 35 0.0 0.0 1808.0 0.0 12718.0 48.0 25668.0 0.08468937148387877
42 49 36 0.0 0.0 1347.0 0.0 13257.0 41.0 15592.0 0.08436275986742994
42 49 37 0.0 0.0 1051.0 0.0 13097.0 28.0 9075.0 0.08672489623985627
42 49 38 0.0 0.0 1798.0 0.0 13059.0 54.0 23761.0 0.08304169879589536
42 49 39 0.0 0.0 2384.0 0.0 11893.0 50.0 37548.0 0.08591592513040809
42 49 40 0.0 0.0 2486.0 0.0 11404.0 54.0 42232.0 0.08796179944709724
42 49 41 0.0 0.0 1770.0 0.0 13489.0 43.0 20487.0 0.08112179858616293
42 49 42 0.0 0.0 2176.0 0.0 12360.0 51.0 33433.0 0.08469961885171516
42 49 43 0.0 0.0 1351.0 0.0 13399.0 32.0 13962.0 0.08353221957040573
42 49 44 0.0 0.0 1033.0 0.0 12911.0 23.0 9293.0 0.08777979810646434
42 49 45 0.0 0.0 800.0 0.0 11786.0 21.0 4460.0 0.09598244892362538
42 49 46 0.0 0.0 689.0 0.0 11185.0 23.0 4681.0 0.10093727469358327
42 49 47 0.0 0.0 613.0 0.0 10771.0 26.0 4205.0 0.10472770795930579
42 49 48 0.0 0.0 915.0 0.0 12480.0 35.0 7094.0 0.09106875691146814
42 49 49 0.0 0.0 359.0 0.0 6981.0 25.0 767.0 0.15010185483006322
42 49 50 0.0 0.0 17.0 0.0 415.0 5.0 0.0 0.5768438401318499
42 49 51 0.0 0.0 0.0 0.0 10.0 0.0 0.0 0.6965174129353233
42 50 29 0.0 0.0 1.0 0.0 35.0 0.0 0.0 0.6876227897838899
42 50 30 0.0 0.0 319.0 0.0 6696.0 22.0 675.0 0.15560742469712124
42 50 31 0.0 0.0 240.0 0.0 6733.0 16.0 899.0 0.15624999999999997
42 50 32 0.0 0.0 605.0 0.0 10477.0 28.0 3258.0 0.10718934231682106
42 50 33 0.0 0.0 724.0 0.0 11375.0 39.0 4573.0 0.09938946471674001
42 50 34 0.0 0.0 424.0 0.0 8617.0 19.0 1598.0 0.12691505756504395
42 50 35 0.0 0.0 552.0 0.0 9861.0 18.0 2332.0 0.11289412144181919
42 50 36 0.0 0.0 667.0 0.0 11352.0 20.0 4699.0 0.09985734664764621
42 50 37 0.0 0.0 339.0 0.0 7640.0 26.0 1125.0 0.14061872237846523
42 50 38 0.0 0.0 719.0 0.0 11656.0 30.0 6322.0 0.09748624747580252
42 50 39 0.0 0.0 1232.0 0.0 12709.0 39.0 15276.0 0.08786243253420359
42 50 40 0.0 0.0 762.0 0.0 11812.0 41.0 6312.0 0.0961076405574243
42 50 41 0.0 0.0 1349.0 0.0 12807.0 42.0 17011.0 0.08665511265164644
42 50 42 0.0 0.0 1076.0 0.0 12645.0 34.0 10891.0 0.08908119114278441
42 50 43 0.0 0.0 937.0 0.0 12534.0 30.0 7845.0 0.09054456085887982
42 50 44 0.0 0.0 540.0 0.0 10047.0 21.0 2597.0 0.11126122546292616
42 50 45 0.0 0.0 403.0 0.0 7999.0 16.0 1152.0 0.13473197959772878
42 50 46 0.0 0.0 366.0 0.0 7365.0 15.0 776.0 0.14400329150380578
42 50 47 0.0 0.0 205.0 0.0 4660.0 15.0 225.0 0.2043795620437956
42 50 48 0.0 0.0 150.0 0.0 3648.0 17.0 133.0 0.24208888120352753
42 50 49 0.0 0.0 304.0 0.0 7052.0 19.0 817.0 0.14984480359627525
42 50 50 0.0 0.0 10.0 0.0 271.0 4.0 0.0 0.6148440931049626
42 50 51 0.0 0.0 1.0 0.0 38.0 0.0 0.0 0.6866110838646394
42 51 29 0.0 0.0 31.0 0.0 576.0 6.0 1.0 0.5382545174932718
42 51 30 0.0 0.0 18.0 0.0 421.0 8.0 0.0 0.5758946935417523
42 51 31 0.0 0.0 82.0 0.0 2490.0 11.0 58.0 0.30688294607628225
42 51 32 0.0 0.0 19.0 0.0 652.0 2.0 2.0 0.5245410266017234
42 51 33 0.0 0.0 4.0 0.0 269.0 0.0 0.0 0.6159260888693356
42 51 34 0.0 0.0 106.0 0.0 2431.0 14.0 45.0 0.30946065428824043
42 51 35 0.0 0.0 211.0 0.0 4693.0 24.0 296.0 0.20342923568730018
42 51 36 0.0 0.0 281.0 0.0 6365.0 18.0 623.0 0.16226240148354193
42 51 37 0.0 0.0 150.0 0.0 3435.0 14.0 98.0 0.25121119684191634
42 51 38 0.0 0.0 467.0 0.0 9256.0 26.0 2106.0 0.11962744595402885
42 51 39 0.0 0.0 363.0 0.0 7731.0 20.0 1108.0 0.13888888888888887
42 51 40 0.0 0.0 348.0 0.0 7779.0 20.0 1095.0 0.13842198932173222
42 51 41 0.0 0.0 755.0 0.0 11819.0 29.0 6269.0 0.09608125729188112
42 51 42 0.0 0.0 351.0 0.0 7459.0 22.0 910.0 0.14293006636038794
42 51 43 0.0 0.0 455.0 0.0 9017.0 21.0 1953.0 0.12212142358688065
42 51 44 0.0 0.0 360.0 0.0 7574.0 29.0 943.0 0.14120020171457387
42 51 45 0.0 0.0 157.0 0.0 4112.0 20.0 174.0 0.22396416573348263
42 51 46 0.0 0.0 29.0 0.0 717.0 7.0 3.0 0.511135450894487
42 51 47 0.0 0.0 28.0 0.0 614.0 5.0 0.0 0.5311077389984825
42 51 48 0.0 0.0 1.0 0.0 30.0 0.0 0.0 0.689655172413793
42 51 49 0.0 0.0 1.0 0.0 18.0 0.0 0.0 0.6934125804853887
42 51 50 0.0 0.0 0.0 0.0 12.0 0.0 0.0 0.6958250497017892
42 51 51 0.0 0.0 0.0 0.0 3.0 0.0 0.0 0.6989515726410384
42 52 30 0.0 0.0 0.0 0.0 1.0 0.0 0.0 0.6996501749125437
42 52 31 0.0 0.0 0.0 0.0 2.0 0.0 0.0 0.6993006993006992
42 52 32 0.0 0.0 0.0 0.0 2.0 0.0 0.0 0.6993006993006992
42 52 33 0.0 0.0 0.0 0.0 4.0 0.0 0.0 0.6986027944111775
42 52 34 0.0 0.0 0.0 0.0 12.0 0.0 0.0 0.6958250497017892
42 52 35 0.0 0.0 0.0 0.0 25.0 0.0 0.0 0.6913580246913579
42 52 36 0.0 0.0 19.0 0.0 359.0 4.0 1.0 0.5894736842105263
42 52 37 0.0 0.0 0.0 0.0 92.0 0.0 0.0 0.6692160611854684
42 52 38 0.0 0.0 14.0 0.0 375.0 2.0 0.0 0.5865102639296187
42 52 39 0.0 0.0 53.0 0.0 1550.0 4.0 22.0 0.38888888888888884
42 52 40 0.0 0.0 13.0 0.0 330.0 3.0 1.0 0.5982905982905982
42 52 41 0.0 0.0 247.0 0.0 6134.0 17.0 552.0 0.1673040152963671
42 52 42 0.0 0.0 47.0 0.0 1018.0 7.0 4.0 0.4578155657292347
42 52 43 0.0 0.0 158.0 0.0 3490.0 19.0 91.0 0.24866785079928946
42 52 44 0.0 0.0 135.0 0.0 3120.0 12.0 73.0 0.26702269692923897
42 52 45 0.0 0.0 7.0 0.0 74.0 0.0 0.0 0.6727534839019701
42 52 46 0.0 0.0 0.0 0.0 6.0 0.0 0.0 0.6979062811565303
42 52 47 0.0 0.0 0.0 0.0 3.0 0.0 0.0 0.6989515726410384
42 52 48 0.0 0.0 0.0 0.0 3.0 0.0 0.0 0.6989515726410384
42 53 39 0.0 0.0 0.0 0.0 1.0 0.0 0.0 0.6996501749125437
42 53 40 0.0 0.0 0.0 0.0 6.0 0.0 0.0 0.6979062811565303
42 53 41 0.0 0.0 0.0 0.0 5.0 0.0 0.0 0.6982543640897755
42 53 42 0.0 0.0 45.0 0.0 1045.0 11.0 4.0 0.4546930821695355
42 53 43 0.0 0.0 0.0 0.0 3.0 0.0 0.0 0.6989515726410384
42 53 44 0.0 0.0 0.0 0.0 10.0 0.0 0.0 0.6965174129353233
43 26 41 0.0 0.0 0.0 0.0 1.0 0.0 0.0 0.6996501749125437
43 27 34 0.0 0.0 0.0 0.0 1.0 0.0 0.0 0.6996501749125437
43 27 35 0.0 0.0 1.0 0.0 6.0 1.0 0.0 0.6979062811565303
43 27 36 0.0 0.0 0.0 0.0 2.0 0.0 0.0 0.6993006993006992
43 27 37 0.0 0.0 0.0 0.0 2.0 0.0 0.0 0.6993006993006992
43 27 39 0.0 0.0 0.0 0.0 1.0 0.0 0.0 0.6996501749125437
43 27 40 0.0 0.0 21.0 0.0 507.0 4.0 0.0 0.5546751188589539
43 27 41 0.0 0.0 1.0 0.0 37.0 1.0 0.0 0.6872852233676975
43 27 42 0.0 0.0 0.0 0.0 32.0 0.0 0.0 0.6889763779527558
43 27 43 0.0 0.0 1.0 0.0 44.0 0.0 0.0 0.6845965770171147
43 27 44 0.0 0.0 0.0 0.0 2.0 0.0 0.0 0.6993006993006992
43 27 45 0.0 0.0 0.0 0.0 2.0 0.0 0.0 0.6993006993006992
43 27 46 0.0 0.0 0.0 0.0 3.0 0.0 0.0 0.6989515726410384
43 27 48 0.0 0.0 0.0 0.0 2.0 0.0 0.0 0.6993006993006992
43 28 32 0.0 0.0 0.0 0.0 2.0 0.0 0.0 0.6993006993006992
43 28 33 0.0 0.0 10.0 0.0 188.0 4.0 0.0 0.6381039197812214
43 28 34 0.0 0.0 27.0 0.0 516.0 9.0 0.0 0.5524861878453038
43 28 35 0.0 0.0 0.0 0.0 109.0 0.0 0.0 0.6638217164532954
43 28 36 0.0 0.0 45.0 0.0 1094.0 5.0 8.0 0.44671346522016586
43 28 37 0.0 0.0 1.0 0.0 160.0 1.0 0.0 0.648148148148148
43 28 38 0.0 0.0 32.0 0.0 747.0 11.0 4.0 0.5059631369714491
43 28 39 0.0 0.0 115.0 0.0 2638.0 19.0 49.0 0.29573299535276715
43 28 40 0.0 0.0 16.0 0.0 717.0 2.0 3.0 0.5126327352618087
43 28 41 0.0 0.0 541.0 0.0 9910.0 24.0 2672.0 0.11255828911400545
43 28 42 0.0 0.0 200.0 0.0 4111.0 19.0 151.0 0.22246941045606228
43 28 43 0.0 0.0 121.0 0.0 3198.0 14.0 110.0 0.2639019792648445
43 28 44 0.0 0.0 0.0 0.0 157.0 0.0 0.0 0.6493506493506492
43 28 45 0.0 0.0 52.0 0.0 1388.0 8.0 19.0 0.40768782760628997
43 28 46 0.0 0.0 0.0 0.0 82.0 0.0 0.0 0.6727534839019701
43 28 47 0.0 0.0 1.0 0.0 50.0 0.0 0.0 0.68259385665529
43 28 48 0.0 0.0 0.0 0.0 17.0 0.0 0.0 0.694100148735746
43 28 49 0.0 0.0 0.0 0.0 1.0 0.0 0.0 0.6996501749125437
43 29 29 0.0 0.0 0.0 0.0 1.0 0.0 0.0 0.6996501749125437
43 29 31 0.0 0.0 0.0 0.0 3.0 0.0 0.0 0.6989515726410384
43 29 32 0.0 0.0 0.0 0.0 16.0 0.0 0.0 0.6944444444444444
43 29 33 0.0 0.0 80.0 0.0 1744.0 15.0 24.0 0.36735764891104694
43 29 34 0.0 0.0 284.0 0.0 6699.0 21.0 671.0 0.15612802498048398
43 29 35 0.0 0.0 176.0 0.0 3970.0 23.0 121.0 0.22860875244937945
43 29 36 0.0 0.0 772.0 0.0 11709.0 31.0 6065.0 0.09670511846377011
43 29 37 0.0 0.0 409.0 0.0 8682.0 22.0 1588.0 0.12639942217407002
43 29 38 0.0 0.0 490.0 0.0 9554.0 28.0 2097.0 0.11638540194529884
43 29 39 0.0 0.0 492.0 0.0 9263.0 31.0 1895.0 0.11925042589437816
43 29 40 0.0 0.0 640.0 0.0 10751.0 25.0 3217.0 0.10464160251139844
43 29 41 0.0 0.0 622.0 0.0 10745.0 31.0 3433.0 0.10481395522946768
43 29 42 0.0 0.0 889.0 0.0 12350.0 25.0 7808.0 0.09183338799606428
43 29 43 0.0 0.0 458.0 0.0 8749.0 18.0 1563.0 0.12502232541525268
43 29 44 0.0 0.0 137.0 0.0 3714.0 16.0 126.0 0.23997257456290705
43 29 45 0.0 0.0 317.0 0.0 7481.0 20.0 1126.0 0.14306151645207435
43 29 46 0.0 0.0 372.0 0.0 8093.0 26.0 1432.0 0.1339969372128637
43 29 47 0.0 0.0 173.0 0.0 3142.0 17.0 69.0 0.2642007926023778
43 29 48 0.0 0.0 7.0 0.0 267.0 3.0 0.0 0.6167400881057268
43 29 49 0.0 0.0 0.0 0.0 3.0 0.0 0.0 0.6989515726410384
43 29 50 0.0 0.0 0.0 0.0 2.0 0.0 0.0 0.6993006993006992
43 30 30 0.0 0.0 0.0 0.0 14.0 0.0 0.0 0.6951340615690167
43 30 31 0.0 0.0 31.0 0.0 883.0 5.0 5.0 0.4812650395324853
43 30 32 0.0 0.0 76.0 0.0 1649.0 18.0 24.0 0.37756202804746486
43 30 33 0.0 0.0 395.0 0.0 7836.0 16.0 1248.0 0.13695949911954605
43 30 34 0.0 0.0 308.0 0.0 6499.0 19.0 590.0 0.15927189988623433
43 30 35 0.0 0.0 1059.0 0.0 12661.0 27.0 10778.0 0.08906418983395889
43 30 36 0.0 0.0 1221.0 0.0 13099.0 38.0 13474.0 0.08585796639273886
43 30 37 0.0 0.0 1603.0 0.0 12732.0 37.0 22526.0 0.08567931456548346
43 30 38 0.0 0.0 1377.0 0.0 13243.0 29.0 15640.0 0.08418520745640408
43 30 39 0.0 0.0 1480.0 0.0 13269.0 26.0 17672.0 0.08353221957040573
43 30 40 0.0 0.0 1331.0 0.0 13529.0 45.0 13911.0 0.08313045543613799
43 30 41 0.0 0.0 1402.0 0.0 12954.0 47.0 17474.0 0.08559550012227927
43 30 42 0.0 0.0 1203.0 0.0 12849.0 34.0 14360.0 0.08716767324575056
43 30 43 0.0 0.0 1006.0 0.0 12680.0 33.0 9392.0 0.0892458723784025
43 30 44 0.0 0.0 972.0 0.0 12435.0 37.0 9273.0 0.09097407238936903
43 30 45 0.0 0.0 966.0 0.0 12750.0 36.0 8637.0 0.08917197452229299
43 30 46 0.0 0.0 1013.0 0.0 12631.0 35.0 10488.0 0.08950262114819076
43 30 47 0.0 0.0 222.0 0.0 5536.0 33.0 429.0 0.18108912171775962
43 30 48 0.0 0.0 205.0 0.0 4768.0 21.0 243.0 0.20129403306973398
43 30 49 0.0 0.0 78.0 0.0 1770.0 10.0 22.0 0.3647733194372068
43 30 50 0.0 0.0 0.0 0.0 36.0 0.0 0.0 0.6876227897838899
43 31 30 0.0 0.0 33.0 0.0 521.0 8.0 1.0 0.5498821681068342
43 31 31 0.0 0.0 155.0 0.0 3390.0 9.0 127.0 0.25266197437285687
43 31 32 0.0 0.0 717.0 0.0 11461.0 34.0 4491.0 0.0988351570773032
43 31 33 0.0 0.0 537.0 0.0 9789.0 30.0 2435.0 0.11383039271485486
43 31 34 0.0 0.0 1273.0 0.0 12971.0 42.0 14615.0 0.08626532750015403
43 31 35 0.0 0.0 1842.0 0.0 12699.0 49.0 25933.0 0.08461259518916958
43 31 36 0.0 0.0 2497.0 0.0 11569.0 62.0 41736.0 0.08705384902375325
43 31 37 0.0 0.0 2406.0 0.0 13043.0 52.0 32099.0 0.08018327605956471
43 31 38 0.0 0.0 2626.0 0.0 12390.0 49.0 38355.0 0.08214998239643234
43 31 39 0.0 0.0 2890.0 0.0 11601.0 68.0 45134.0 0.08485877076009213
43 31 40 0.0 0.0 2916.0 0.0 12022.0 69.0 43879.0 0.08262024195928001
43 31 41 0.0 0.0 2504.0 0.0 12737.0 59.0 34453.0 0.08130553458388988
43 31 42 0.0 0.0 2055.0 0.0 12772.0 52.0 29121.0 0.08317984671142534
43 31 43 0.0 0.0 1733.0 0.0 13202.0 46.0 21938.0 0.08266902863891348
43 31 44 0.0 0.0 2337.0 0.0 12293.0 51.0 35159.0 0.0840891344825515
43 31 45 0.0 0.0 2857.0 0.0 10284.0 79.0 56245.0 0.0924824943849914
43 31 46 0.0 0.0 1563.0 0.0 12872.0 39.0 21170.0 0.0851996105160662
43 31 47 0.0 0.0 782.0 0.0 11773.0 36.0 4739.0 0.09629935341862704
43 31 48 0.0 0.0 507.0 0.0 9583.0 25.0 2456.0 0.11589403973509933
43 31 49 0.0 0.0 447.0 0.0 9405.0 17.0 2338.0 0.1181434599156118
43 31 50 0.0 0.0 96.0 0.0 2100.0 14.0 38.0 0.3347680535628885
43 31 51 0.0 0.0 4.0 0.0 60.0 2.0 0.0 0.6789524733268669
43 32 28 0.0 0.0 0.0 0.0 5.0 0.0 0.0 0.6982543640897755
43 32 29 0.0 0.0 0.0 0.0 44.0 0.0 0.0 0.684931506849315
43 32 30 0.0 0.0 52.0 0.0 1194.0 8.0 4.0 0.43236565781346503
43 32 31 0.0 0.0 393.0 0.0 8233.0 27.0 1321.0 0.13205055649877379
43 32 32 0.0 0.0 1375.0 0.0 13036.0 46.0 16195.0 0.08540751586139579
43 32 33 0.0 0.0 1649.0 0.0 12971.0 56.0 22793.0 0.0842713537591043
43 32 34 0.0 0.0 2314.0 0.0 11514.0 50.0 39759.0 0.0883894185238967
43 32 35 0.0 0.0 2489.0 0.0 13186.0 62.0 32528.0 0.07919895909939469
43 32 36 0.0 0.0 4096.0 0.0 8693.0 67.0 81584.0 0.09463935645237612
43 32 37 0.0 0.0 4264.0 0.0 9257.0 75.0 77173.0 0.0901481004507405
43 32 38 0.0 0.0 4785.0 0.0 10295.0 84.0 72611.0 0.08201042704000937
43 32 39 0.0 0.0 5181.0 0.0 7982.0 70.0 95974.0 0.0922387666359204
43 32 40 0.0 0.0 5350.0 0.0 9177.0 95.0 84611.0 0.08469961885171516
43 32 41 0.0 0.0 4879.0 0.0 9198.0 76.0 82820.0 0.08709717556302102
43 32 42 0.0 0.0 3976.0 0.0 12370.0 81.0 50718.0 0.07632339311999127
43 32 43 0.0 0.0 3791.0 0.0 10970.0 71.0 59384.0 0.0835073068893528
43 32 44 0.0 0.0 3627.0 0.0 11246.0 82.0 56150.0 0.0830072334874896
43 32 45 0.0 0.0 3806.0 0.0 8264.0 76.0 83464.0 0.0994388806023155
43 32 46 0.0 0.0 2070.0 0.0 13368.0 54.0 26276.0 0.08028904054596546
43 32 47 0.0 0.0 1629.0 0.0 13326.0 35.0 20383.0 0.08256664307619721
43 32 48 0.0 0.0 1485.0 0.0 12946.0 40.0 19108.0 0.08522035549062575
43 32 49 0.0 0.0 608.0 0.0 10222.0 38.0 2680.0 0.10931521824002498
43 32 50 0.0 0.0 381.0 0.0 8515.0 20.0 1713.0 0.12862918044836455
43 32 51 0.0 0.0 16.0 0.0 309.0 1.0 0.0 0.6024096385542168
43 32 52 0.0 0.0 0.0 0.0 3.0 0.0 0.0 0.6993006993006992
43 33 28 0.0 0.0 0.0 0.0 11.0 0.0 0.0 0.6961710591745399
43 33 29 0.0 0.0 111.0 0.0 2132.0 15.0 21.0 0.3312041637094866
43 33 30 0.0 0.0 465.0 0.0 9264.0 20.0 2071.0 0.11946411809881387
43 33 31 0.0 0.0 632.0 0.0 10963.0 31.0 4254.0 0.10310037557993959
43 33 32 0.0 0.0 1697.0 0.0 13170.0 56.0 22153.0 0.08308112278203073
43 33 33 0.0 0.0 3060.0 0.0 9545.0 68.0 63626.0 0.0957657842533689
43 33 34 0.0 0.0 2372.0 0.0 13148.0 44.0 30871.0 0.0798630918425556
43 33 35 0.0 0.0 3893.0 0.0 10617.0 67.0 63639.0 0.08476628723661903
43 33 36 0.0 0.0 5177.0 0.0 8854.0 76.0 89015.0 0.08738530678484488
43 33 37 0.0 0.0 6290.0 0.0 7912.0 90.0 102456.0 0.0864250879683931
43 33 38 0.0 0.0 6927.0 0.0 6873.0 87.0 115434.0 0.08866932674646906
43 33 39 0.0 0.0 6599.0 0.0 5095.0 65.0 133852.0 0.1022644265887509
43 33 40 0.0 0.0 7299.0 0.0 6086.0 70.0 123638.0 0.09088548428979484
43 33 41 0.0 0.0 7079.0 0.0 6764.0 94.0 117137.0 0.08843967150979153
43 33 42 0.0 0.0 6590.0 0.0 7215.0 101.0 110328.0 0.08868617762574432
43 33 43 0.0 0.0 5893.0 0.0 6646.0 70.0 113968.0 0.09620670698185815
43 33 44 0.0 0.0 5603.0 0.0 7353.0 78.0 105708.0 0.09355787222667736
43 33 45 0.0 0.0 4757.0 0.0 9146.0 77.0 81308.0 0.08803370433251587
43 33 46 0.0 0.0 4012.0 0.0 9519.0 91.0 73339.0 0.09028180821564454
43 33 47 0.0 0.0 3172.0 0.0 10255.0 66.0 58643.0 0.09083241419580872
43 33 48 0.0 0.0 1625.0 0.0 13137.0 37.0 21113.0 0.08349236641221373
43 33 49 0.0 0.0 1171.0 0.0 13043.0 40.0 12039.0 0.08629191321499012
43 33 50 0.0 0.0 400.0 0.0 8140.0 13.0 1185.0 0.13292821876186856
43 33 51 0.0 0.0 133.0 0.0 2933.0 16.0 63.0 0.2772277227722772
43 33 52 0.0 0.0 0.0 0.0 21.0 0.0 0.0 0.6927263730826323
43 34 28 0.0 0.0 11.0 0.0 147.0 1.0 0.0 0.6490496059341677
43 34 29 0.0 0.0 103.0 0.0 2825.0 13.0 57.0 0.28472645922310347
43 34 30 0.0 0.0 645.0 0.0 10987.0 33.0 4588.0 0.10285798251414296
43 34 31 0.0 0.0 1066.0 0.0 12855.0 40.0 9982.0 0.08801156723455082
43 34 32 0.0 0.0 2447.0 0.0 11948.0 46.0 38604.0 0.0853346336706083
43 34 33 0.0 0.0 3618.0 0.0 10210.0 69.0 64939.0 0.08838383838383837
43 34 34 0.0 0.0 4655.0 0.0 8463.0 94.0 88083.0 0.09270295325122499
43 34 35 0.0 0.0 5688.0 0.0 8605.0 95.0 92638.0 0.08593702044073413
43 34 36 0.0 0.0 6800.0 0.0 6359.0 71.0 120795.0 0.09234219378668952
43 34 37 0.0 0.0 6994.0 0.0 3958.0 56.0 147436.0 0.10794972627033696
43 34 38 0.0 0.0 8436.0 0.0 4034.0 68.0 149091.0 0.09689251851339191
43 34 39 0.0 0.0 7912.0 0.0 2978.0 49.0 159908.0 0.10851871947911014
43 34 40 0.0 0.0 7783.0 0.0 2734.0 43.0 162901.0 0.11197312644965207
43 34 41 0.0 0.0 7651.0 0.0 2974.0 45.0 159393.0 0.11087352498614081
43 34 42 0.0 0.0 8459.0 0.0 3867.0 60.0 150087.0 0.0976222020779583
43 34 43 0.0 0.0 8082.0 0.0 4828.0 69.0 139152.0 0.09387153010594071
43 34 44 0.0 0.0 7639.0 0.0 6010.0 69.0 126351.0 0.08946258546872005
43 34 45 0.0 0.0 6881.0 0.0 6831.0 79.0 113737.0 0.08905285923287322
43 34 46 0.0 0.0 5553.0 0.0 7854.0 72.0 99057.0 0.09083241419580872
43 34 47 0.0 0.0 4279.0 0.0 8948.0 63.0 80809.0 0.0918574896660324
43 34 48 0.0 0.0 2888.0 0.0 11071.0 56.0 50056.0 0.08768084173608065
43 34 49 0.0 0.0 1843.0 0.0 12885.0 43.0 25610.0 0.08366700531883105
43 34 50 0.0 0.0 951.0 0.0 12590.0 26.0 9142.0 0.09010168618869865
43 34 51 0.0 0.0 135.0 0.0 3578.0 15.0 112.0 0.24574337370545896
43 34 52 0.0 0.0 11.0 0.0 315.0 2.0 0.0 0.6024096385542168
43 34 53 0.0 0.0 0.0 0.0 1.0 0.0 0.0 0.6996501749125437
43 35 28 0.0 0.0 0.0 0.0 35.0 0.0 0.0 0.6879606879606879
43 35 29 0.0 0.0 151.0 0.0 3259.0 18.0 81.0 0.25964391691394656
43 35 30 0.0 0.0 591.0 0.0 10058.0 17.0 2501.0 0.11075073174590616
43 35 31 0.0 0.0 2106.0 0.0 12718.0 52.0 29768.0 0.08325899494498959
43 35 32 0.0 0.0 3401.0 0.0 10416.0 52.0 59280.0 0.08843967150979153
43 35 33 0.0 0.0 4649.0 0.0 7032.0 70.0 103118.0 0.10235414534288638
43 35 34 0.0 0.0 6036.0 0.0 7634.0 99.0 104279.0 0.08935980085530094
43 35 35 0.0 0.0 6674.0 0.0 5766.0 70.0 126522.0 0.09691264017721167
43 35 36 0.0 0.0 6916.0 0.0 3629.0 38.0 151408.0 0.11149159831169864
43 35 37 0.0 0.0 9445.0 0.0 3805.0 60.0 150748.0 0.09176115881234842
43 35 38 0.0 0.0 6802.0 0.0 1699.0 40.0 175015.0 0.13362603798797362
43 35 39 0.0 0.0 8492.0 0.0 1625.0 30.0 175185.0 0.11549249298795577
43 35 40 0.0 0.0 7781.0 0.0 1290.0 23.0 178792.0 0.1265136454003253
43 35 41 0.0 0.0 8574.0 0.0 1626.0 26.0 174966.0 0.11468829360203162
43 35 42 0.0 0.0 9384.0 0.0 2141.0 38.0 169727.0 0.10355795547007914
43 35 43 0.0 0.0 8072.0 0.0 2171.0 28.0 169293.0 0.11422976501305482
43 35 44 0.0 0.0 8224.0 0.0 2985.0 40.0 159632.0 0.10586011342155008
43 35 45 0.0 0.0 7338.0 0.0 3918.0 67.0 150034.0 0.10571622744091216
43 35 46 0.0 0.0 6648.0 0.0 5847.0 63.0 125636.0 0.09651178822556182
43 35 47 0.0 0.0 4893.0 0.0 10151.0 79.0 74014.0 0.08211143695014661
43 35 48 0.0 0.0 3696.0 0.0 10224.0 68.0 64686.0 0.08787897809302617
43 35 49 0.0 0.0 2097.0 0.0 12910.0 60.0 30034.0 0.0823868651797799
43 35 50 0.0 0.0 1067.0 0.0 12904.0 30.0 9815.0 0.08766986035443672
43 35 51 0.0 0.0 361.0 0.0 8163.0 17.0 1596.0 0.13311780926119612
43 35 52 0.0 0.0 115.0 0.0 2686.0 15.0 54.0 0.29233660471914796
43 35 53 0.0 0.0 0.0 0.0 19.0 0.0 0.0 0.6934125804853887
43 36 27 0.0 0.0 5.0 0.0 81.0 2.0 0.0 0.6717850287907868
43 36 28 0.0 0.0 9.0 0.0 226.0 2.0 0.0 0.6269592476489028
43 36 29 0.0 0.0 259.0 0.0 5927.0 24.0 538.0 0.17142157462960694
43 36 30 0.0 0.0 699.0 0.0 11162.0 31.0 4091.0 0.10105384726432798
43 36 31 0.0 0.0 2562.0 0.0 12014.0 67.0 40185.0 0.08450534194483007
43 36 32 0.0 0.0 4176.0 0.0 9834.0 73.0 71975.0 0.08739076154806491
43 36 33 0.0 0.0 5531.0 0.0 6211.0 74.0 116888.0 0.10184040154215464
43 36 34 0.0 0.0 6578.0 0.0 4933.0 63.0 135727.0 0.10366530914476119
43 36 35 0.0 0.0 7852.0 0.0 4278.0 52.0 144262.0 0.09890498057223596
43 36 36 0.0 0.0 9496.0 0.0 4019.0 56.0 148797.0 0.0901481004507405
43 36 37 0.0 0.0 8885.0 0.0 2021.0 23.0 170442.0 0.10852713178294572
43 36 38 0.0 0.0 8573.0 0.0 1297.0 28.0 178567.0 0.11790466565605523
43 36 39 0.0 0.0 6620.0 0.0 627.0 8.0 186432.0 0.15138408304498266
43 36 40 0.0 0.0 8555.0 0.0 702.0 8.0 184877.0 0.12417952811779315
43 36 41 0.0 0.0 7821.0 0.0 714.0 11.0 185294.0 0.13276434329065906
43 36 42 0.0 0.0 7142.0 0.0 681.0 7.0 186110.0 0.14221861032100772
43 36 43 0.0 0.0 7881.0 0.0 1040.0 27.0 181305.0 0.12825210699890066
43 36 44 0.0 0.0 5934.0 0.0 1176.0 22.0 181619.0 0.15372790161414293
43 36 45 0.0 0.0 7672.0 0.0 2489.0 40.0 165282.0 0.11527377521613832
43 36 46 0.0 0.0 7300.0 0.0 4542.0 70.0 141303.0 0.1010757346039997
43 36 47 0.0 0.0 5854.0 0.0 6372.0 61.0 117068.0 0.09819048954972646
43 36 48 0.0 0.0 3976.0 0.0 11590.0 76.0 57542.0 0.07975844584971228
43 36 49 0.0 0.0 2694.0 0.0 11168.0 66.0 47596.0 0.0882779494293461
43 36 50 0.0 0.0 1373.0 0.0 12928.0 31.0 17381.0 0.08585796639273886
43 36 51 0.0 0.0 462.0 0.0 9158.0 22.0 1904.0 0.12059608924110603
43 36 52 0.0 0.0 317.0 0.0 6852.0 21.0 710.0 0.1529219006007646
43 36 53 0.0 0.0 0.0 0.0 14.0 0.0 0.0 0.6951340615690167
43 37 27 0.0 0.0 61.0 0.0 1379.0 7.0 6.0 0.40780658316341384
43 37 28 0.0 0.0 264.0 0.0 6513.0 26.0 693.0 0.15987210231814544
43 37 29 0.0 0.0 344.0 0.0 7028.0 20.0 716.0 0.14966859097712207
43 37 30 0.0 0.0 1194.0 0.0 13346.0 39.0 11069.0 0.08472012102874431
43 37 31 0.0 0.0 2705.0 0.0 12223.0 65.0 39593.0 0.08263974971961513
43 37 32 0.0 0.0 4665.0 0.0 9370.0 80.0 80308.0 0.08730901153726224
43 37 33 0.0 0.0 6527.0 0.0 6348.0 76.0 119089.0 0.09414296281352967
43 37 34 0.0 0.0 7015.0 0.0 3980.0 64.0 147636.0 0.10767574219350867
43 37 35 0.0 0.0 7482.0 0.0 2687.0 54.0 162832.0 0.11521685457986995
43 37 36 0.0 0.0 8675.0 0.0 2224.0 27.0 169038.0 0.10859447719515979
43 37 37 1.0 0.0 10304.0 0.0 1595.0 22.0 174324.0 0.10068320747932397
43 37 38 0.0 0.0 7518.0 0.0 634.0 7.0 185850.0 0.13780883945270203
43 37 39 0.0 0.0 7807.0 0.0 444.0 10.0 187830.0 0.13667870740993848
43 37 40 0.0 1.0 7334.0 0.0 334.0 8.0 189392.0 0.14486754966887413
43 37 41 0.0 0.0 7820.0 0.0 303.0 2.0 189148.0 0.13812154696132595
43 37 42 0.0 0.0 8432.0 0.0 472.0 7.0 186953.0 0.12832263978001832
43 37 43 0.0 0.0 6785.0 0.0 485.0 10.0 188153.0 0.15102481121898595
43 37 44 0.0 0.0 8404.0 0.0 1088.0 18.0 180839.0 0.12176030614019827
43 37 45 0.0 0.0 8883.0 0.0 2300.0 30.0 167749.0 0.10613296944886665
43 37 46 0.0 0.0 7607.0 0.0 3474.0 50.0 154122.0 0.10695187165775401
43 37 47 0.0 0.0 6832.0 0.0 7160.0 84.0 112095.0 0.08752188047011751
43 37 48 0.0 0.0 4516.0 0.0 10090.0 81.0 72793.0 0.08432718949524153
43 37 49 0.0 0.0 2606.0 0.0 12211.0 65.0 39277.0 0.08330853912526033
43 37 50 0.0 0.0 1496.0 0.0 13110.0 38.0 19024.0 0.08430180044559522
43 37 51 0.0 0.0 632.0 0.0 10892.0 24.0 3931.0 0.10360393694960408
43 37 52 0.0 0.0 113.0 0.0 3204.0 18.0 107.0 0.2642007926023778
43 37 53 0.0 0.0 0.0 0.0 25.0 0.0 0.0 0.6913580246913579
43 38 26 0.0 0.0 0.0 0.0 1.0 0.0 0.0 0.6996501749125437
43 38 27 0.0 0.0 7.0 0.0 137.0 1.0 0.0 0.6532897806812878
43 38 28 0.0 0.0 263.0 0.0 6027.0 15.0 526.0 0.1691025486169827
43 38 29 0.0 0.0 1211.0 0.0 12666.0 39.0 14481.0 0.08816676113105358
43 38 30 0.0 0.0 1607.0 0.0 12966.0 44.0 21297.0 0.08446965126101122
43 38 31 0.0 0.0 3056.0 0.0 11351.0 53.0 49439.0 0.08522035549062575
43 38 32 0.0 0.0 4887.0 0.0 9925.0 72.0 76771.0 0.08327880554398905
43 38 33 0.0 0.0 6362.0 0.0 5074.0 74.0 134363.0 0.10419767788032153
43 38 34 0.0 0.0 8015.0 0.0 3642.0 55.0 151682.0 0.10242153778623161
43 38 35 0.0 0.0 9621.0 0.0 2783.0 44.0 161714.0 0.09718847622353348
43 38 36 0.0 0.0 7676.0 0.0 1281.0 19.0 179327.0 0.12771392081736907
43 38 37 0.0 0.0 10231.0 0.0 1034.0 17.0 179508.0 0.10554089709762532
43 38 38 0.0 0.0 7799.0 0.0 446.0 8.0 187884.0 0.1366386882685926
43 38 39 0.0 0.0 8047.0 0.0 315.0 9.0 188892.0 0.13522650439486136
43 38 40 0.0 0.0 7742.0 0.0 228.0 3.0 190117.0 0.1403227423073068
43 38 41 0.0 0.0 7324.0 0.0 221.0 6.0 190585.0 0.14678129586915495
43 38 42 0.0 0.0 7495.0 0.0 248.0 4.0 190004.0 0.1436781609195402
43 38 43 0.0 0.0 6710.0 0.0 351.0 4.0 189837.0 0.15450833241364084
43 38 44 0.0 0.0 8978.0 0.0 888.0 7.0 182605.0 0.1179145961425082
43 38 45 0.0 0.0 8718.0 0.0 1906.0 41.0 173131.0 0.11105822624147231
43 38 46 0.0 0.0 6615.0 0.0 2715.0 45.0 162454.0 0.12363122571529493
43 38 47 0.0 0.0 7094.0 0.0 7458.0 81.0 110977.0 0.08456148828219376
43 38 48 0.0 0.0 4924.0 0.0 8203.0 81.0 94085.0 0.0924824943849914
43 38 49 0.0 0.0 2514.0 0.0 12338.0 56.0 37091.0 0.08306633440132906
43 38 50 0.0 0.0 1194.0 0.0 12953.0 35.0 13047.0 0.08671415298854133
43 38 51 0.0 0.0 512.0 0.0 9718.0 23.0 2422.0 0.11452879581151831
43 38 52 0.0 0.0 140.0 0.0 3758.0 14.0 134.0 0.23785253143051305
43 38 53 0.0 0.0 0.0 0.0 15.0 0.0 0.0 0.694789081885856
43 39 27 0.0 0.0 0.0 0.0 44.0 0.0 0.0 0.684931506849315
43 39 28 0.0 0.0 239.0 0.0 4891.0 16.0 225.0 0.19676739283204495
43 39 29 0.0 0.0 678.0 0.0 11127.0 31.0 3839.0 0.10148604566872055
43 39 30 0.0 0.0 1336.0 0.0 13302.0 43.0 14416.0 0.08415484491464294
43 39 31 0.0 0.0 3198.0 0.0 11111.0 69.0 53519.0 0.08590011044299914
43 39 32 0.0 0.0 5134.0 0.0 7260.0 77.0 103827.0 0.0973100715924098
43 39 33 0.0 0.0 6722.0 0.0 5371.0 77.0 132490.0 0.09932600212841432
43 39 34 0.0 0.0 7900.0 0.0 3313.0 48.0 155986.0 0.10590816249338073
43 39 35 0.0 0.0 8961.0 0.0 2102.0 24.0 169431.0 0.10707456978967493
43 39 36 0.0 0.0 8576.0 0.0 1084.0 21.0 180700.0 0.12007890899734108
43 39 37 0.0 0.0 8895.0 0.0 628.0 8.0 184967.0 0.12156998957971517
43 39 38 0.0 0.0 8252.0 0.0 398.0 5.0 188153.0 0.13138138138138136
43 39 39 0.0 0.0 8007.0 0.0 234.0 8.0 189794.0 0.13670539986329458
43 39 40 0.0 0.0 7442.0 0.0 159.0 4.0 191075.0 0.1457270740085354
43 39 41 0.0 0.0 7750.0 0.0 189.0 2.0 190110.0 0.14083090232370987
43 39 42 0.0 0.0 7082.0 0.0 173.0 6.0 190936.0 0.15146597425078434
43 39 43 0.0 0.0 7006.0 0.0 305.0 2.0 190132.0 0.15029522275899085
43 39 44 0.0 0.0 8077.0 0.0 761.0 15.0 184851.0 0.1293541531922757
43 39 45 0.0 0.0 9158.0 0.0 1810.0 19.0 172670.0 0.10801635676259547
43 39 46 0.0 0.0 8891.0 0.0 3937.0 61.0 149390.0 0.0944924406047516
43 39 47 0.0 0.0 6798.0 0.0 6306.0 70.0 121354.0 0.09271523178807946
43 39 48 0.0 0.0 4694.0 0.0 8211.0 80.0 90731.0 0.09387782471669012
43 39 49 0.0 0.0 2742.0 0.0 11796.0 60.0 43140.0 0.08467912659529425
43 39 50 0.0 0.0 1172.0 0.0 12989.0 29.0 12876.0 0.08660150934059135
43 39 51 0.0 0.0 655.0 0.0 10664.0 23.0 3204.0 0.10518407212622088
43 39 52 0.0 0.0 50.0 0.0 1203.0 10.0 13.0 0.43183220234423186
43 39 53 0.0 0.0 0.0 0.0 7.0 0.0 0.0 0.6975585450921773
43 40 27 0.0 0.0 0.0 0.0 15.0 1.0 0.0 0.695479384003974
43 40 28 0.0 0.0 181.0 0.0 4709.0 15.0 264.0 0.20372526193247958
43 40 29 0.0 0.0 493.0 0.0 9286.0 25.0 1729.0 0.11900714042842568
43 40 30 0.0 0.0 1870.0 0.0 12750.0 58.0 27062.0 0.0842713537591043
43 40 31 0.0 0.0 2818.0 0.0 12374.0 64.0 40706.0 0.08149484836137143
43 40 32 0.0 0.0 5100.0 0.0 8141.0 82.0 93916.0 0.09180929897042428
43 40 33 0.0 0.0 7279.0 0.0 7077.0 86.0 112988.0 0.08561643835616438
43 40 34 0.0 0.0 8901.0 0.0 4062.0 59.0 149146.0 0.09367054730362638
43 40 35 0.0 0.0 9713.0 0.0 1996.0 31.0 170867.0 0.1022420214708245
43 40 36 0.0 0.0 9827.0 0.0 1120.0 21.0 179416.0 0.10818329340854646
43 40 37 0.0 0.0 7523.0 0.0 466.0 5.0 187806.0 0.13999999999999999
43 40 38 0.0 0.0 7712.0 0.0 303.0 2.0 189708.0 0.13974845278498702
43 40 39 0.0 0.0 7728.0 0.0 244.0 9.0 189957.0 0.14044943820224715
43 40 40 0.0 0.0 7980.0 0.0 188.0 1.0 190308.0 0.13783597518952445
43 40 41 0.0 0.0 6836.0 0.0 175.0 4.0 191382.0 0.15514184397163117
43 40 42 0.0 0.0 7777.0 0.0 249.0 2.0 189864.0 0.13963694394574103
43 40 43 1.0 0.0 7430.0 0.0 310.0 3.0 189594.0 0.1437371663244353
43 40 44 0.0 0.0 8132.0 0.0 711.0 11.0 184735.0 0.12911555842479017
43 40 45 0.0 0.0 7465.0 0.0 1455.0 24.0 178098.0 0.12802926383173294
43 40 46 0.0 0.0 8142.0 0.0 3614.0 50.0 153164.0 0.10175158078348716
43 40 47 0.0 0.0 6469.0 0.0 5916.0 76.0 124216.0 0.09733036707452723
43 40 48 0.0 0.0 4095.0 0.0 11746.0 75.0 56854.0 0.07842258570468294
43 40 49 0.0 0.0 2285.0 0.0 12843.0 53.0 30595.0 0.08175659892548469
43 40 50 0.0 0.0 1071.0 0.0 12854.0 30.0 10993.0 0.0879396984924623
43 40 51 0.0 0.0 367.0 0.0 7691.0 27.0 977.0 0.13951170901843546
43 40 52 0.0 0.0 68.0 0.0 1516.0 10.0 10.0 0.3916083916083915
43 40 53 0.0 0.0 0.0 0.0 6.0 0.0 0.0 0.6979062811565303
43 41 27 0.0 0.0 1.0 0.0 32.0 0.0 0.0 0.6886374815543531
43 41 28 0.0 0.0 239.0 0.0 4751.0 22.0 233.0 0.2006880733944954
43 41 29 0.0 0.0 556.0 0.0 10246.0 28.0 3055.0 0.10947763528307788
43 41 30 0.0 0.0 1594.0 0.0 12618.0 41.0 22656.0 0.08638242734620842
43 41 31 0.0 0.0 2546.0 0.0 11981.0 72.0 39795.0 0.08480736612551489
43 41 32 0.0 0.0 4621.0 0.0 9256.0 80.0 79279.0 0.08807247106190234
43 41 33 0.0 0.0 6480.0 0.0 5578.0 82.0 127902.0 0.09965831435079725
43 41 34 0.0 0.0 7498.0 0.0 3133.0 45.0 158592.0 0.11086474501108647
43 41 35 0.0 0.0 7571.0 0.0 1641.0 29.0 175824.0 0.12484394506866416
43 41 36 0.0 0.0 8458.0 0.0 938.0 17.0 181978.0 0.12295801861935708
43 41 37 0.0 0.0 5996.0 0.0 383.0 4.0 190216.0 0.16680567139282734
43 41 38 0.0 0.0 8930.0 0.0 385.0 13.0 187521.0 0.12370769638596799
43 41 39 0.0 0.0 7670.0 0.0 254.0 1.0 190036.0 0.1412144442202945
43 41 40 0.0 1.0 6984.0 0.0 189.0 3.0 191246.0 0.15255530129672004
43 41 41 0.0 0.0 9267.0 0.0 320.0 9.0 187602.0 0.12088766082376304
43 41 42 0.0 1.0 7804.0 0.0 353.0 4.0 188940.0 0.13780883945270203
43 41 43 0.0 0.0 7658.0 0.0 463.0 6.0 187852.0 0.13835359225219881
43 41 44 0.0 0.0 7676.0 0.0 825.0 11.0 184076.0 0.1330671989354624
43 41 45 0.0 0.0 7781.0 0.0 1599.0 27.0 175313.0 0.1231310466138962
43 41 46 0.0 0.0 8024.0 0.0 3909.0 60.0 149768.0 0.1004016064257028
43 41 47 0.0 0.0 6358.0 0.0 6314.0 67.0 120348.0 0.09532888465204957
43 41 48 0.0 0.0 4226.0 0.0 9581.0 76.0 73463.0 0.08856275303643724
43 41 49 0.0 0.0 2204.0 0.0 12289.0 48.0 33839.0 0.08481764206955045
43 41 50 0.0 0.0 889.0 0.0 12372.0 33.0 6824.0 0.091767173571054
43 41 51 0.0 0.0 295.0 0.0 6693.0 23.0 804.0 0.15607580824972128
43 41 52 0.0 0.0 32.0 0.0 731.0 6.0 1.0 0.5081669691470053
43 41 53 0.0 0.0 0.0 0.0 3.0 0.0 0.0 0.6989515726410384
43 42 27 0.0 0.0 0.0 0.0 4.0 0.0 0.0 0.6986027944111775
43 42 28 0.0 0.0 37.0 0.0 1070.0 4.0 5.0 0.45117628101836926
43 42 29 0.0 0.0 761.0 0.0 11727.0 30.0 5382.0 0.09672516236009394
43 42 30 0.0 0.0 1236.0 0.0 13108.0 25.0 14474.0 0.08560073372057474
43 42 31 0.0 0.0 2423.0 0.0 11851.0 52.0 39247.0 0.08595284872298624
43 42 32 0.0 0.0 3871.0 0.0 12030.0 73.0 52045.0 0.07816862088218872
43 42 33 0.0 0.0 6317.0 0.0 6943.0 94.0 112669.0 0.09186351706036744
43 42 34 0.0 0.0 6951.0 0.0 3431.0 60.0 154198.0 0.11309475725018175
43 42 35 0.0 0.0 8978.0 0.0 2305.0 40.0 167069.0 0.10545344983428742
43 42 36 0.0 0.0 9364.0 0.0 1403.0 34.0 176951.0 0.10972646759150402
43 42 37 0.0 0.0 7980.0 0.0 718.0 11.0 185389.0 0.1309757694826457
43 42 38 0.0 0.0 7231.0 0.0 489.0 10.0 187964.0 0.14406256431364478
43 42 39 0.0 0.0 7335.0 0.0 390.0 9.0 189287.0 0.14397367338543807
43 42 40 0.0 1.0 8880.0 0.0 409.0 18.0 187483.0 0.12415750266051788
43 42 41 0.0 1.0 8561.0 0.0 475.0 9.0 187112.0 0.12686905301313997
43 42 42 0.0 0.0 9775.0 0.0 693.0 10.0 183733.0 0.1122874558870709
43 42 43 0.0 0.0 8006.0 0.0 788.0 15.0 184344.0 0.12973774441664349
43 42 44 0.0 0.0 8137.0 0.0 1299.0 20.0 178126.0 0.12230278675635536
43 42 45 0.0 0.0 7474.0 0.0 2027.0 43.0 171068.0 0.12177089675567536
43 42 46 0.0 0.0 7714.0 0.0 4178.0 45.0 145973.0 0.10078468072852925
43 42 47 0.0 0.0 6361.0 0.0 7893.0 79.0 102829.0 0.08609556607834695
43 42 48 0.0 0.0 3875.0 0.0 9765.0 72.0 70432.0 0.08944543828264757
43 42 49 0.0 0.0 2079.0 0.0 13130.0 51.0 27179.0 0.08141901715615003
43 42 50 0.0 0.0 945.0 0.0 12504.0 37.0 8766.0 0.09067944815078696
43 42 51 0.0 0.0 808.0 0.0 12031.0 25.0 6496.0 0.09434598018734415
43 42 52 0.0 0.0 45.0 0.0 1252.0 11.0 5.0 0.42604990870359094
43 42 53 0.0 0.0 0.0 0.0 5.0 0.0 0.0 0.6982543640897755
43 43 28 0.0 0.0 97.0 0.0 2435.0 14.0 32.0 0.3098030537729586
43 43 29 0.0 0.0 505.0 0.0 9466.0 21.0 2050.0 0.11702750146284374
43 43 30 0.0 0.0 1085.0 0.0 12730.0 30.0 12303.0 0.0885459490228322
43 43 31 0.0 0.0 1933.0 0.0 12497.0 40.0 28858.0 0.08511155693355218
43 43 32 0.0 0.0 3525.0 0.0 11189.0 67.0 55395.0 0.08374207441081469
43 43 33 0.0 0.0 5888.0 0.0 8491.0 85.0 95669.0 0.08547530374259721
43 43 34 0.0 0.0 7237.0 0.0 4844.0 71.0 138553.0 0.09948127620265756
43 43 35 0.0 0.0 8342.0 0.0 2902.0 45.0 160291.0 0.10580411124546553
43 43 36 0.0 0.0 9059.0 0.0 1979.0 22.0 171342.0 0.10727969348659003
43 43 37 0.0 0.0 8182.0 0.0 1158.0 28.0 180568.0 0.12347856764861524
43 43 38 0.0 0.0 8381.0 0.0 922.0 17.0 182657.0 0.12394864984506418
43 43 39 0.0 0.0 8053.0 0.0 773.0 18.0 184817.0 0.1293183077775725
43 43 40 0.0 0.0 8411.0 0.0 729.0 8.0 184424.0 0.12551551013089474
43 43 41 0.0 0.0 7659.0 0.0 673.0 11.0 185587.0 0.13539651837524175
43 43 42 0.0 0.0 8086.0 0.0 983.0 15.0 182059.0 0.12639942217407002
43 43 43 1.0 0.0 9251.0 -1.0 1765.0 31.0 172826.0 0.10762607626076261
43 43 44 0.0 0.0 8534.0 0.0 2427.0 28.0 166452.0 0.10795805058605798
43 43 45 0.0 0.0 8923.0 0.0 4250.0 63.0 147282.0 0.09226916232781913
43 43 46 0.0 0.0 6917.0 0.0 4565.0 69.0 140124.0 0.1040118870728083
43 43 47 0.0 0.0 5496.0 0.0 7444.0 78.0 104214.0 0.09363922145675872
43 43 48 0.0 0.0 3361.0 0.0 11341.0 70.0 52228.0 0.08379721074998503
43 43 49 0.0 0.0 1832.0 0.0 13067.0 55.0 24884.0 0.08284023668639053
43 43 50 0.0 0.0 1070.0 0.0 13029.0 40.0 10897.0 0.08707550690384375
43 43 51 0.0 0.0 607.0 0.0 10510.0 29.0 3650.0 0.10688654756451364
43 43 52 0.0 0.0 200.0 0.0 4752.0 17.0 259.0 0.2017000432214378
43 43 53 0.0 0.0 0.0 0.0 5.0 0.0 0.0 0.6982543640897755
43 44 27 0.0 0.0 0.0 0.0 3.0 0.0 0.0 0.6989515726410384
43 44 28 0.0 0.0 2.0 0.0 206.0 1.0 0.0 0.6343452650657
43 44 29 0.0 0.0 612.0 0.0 10511.0 29.0 2884.0 0.10679685712106186
43 44 30 0.0 0.0 1440.0 0.0 12903.0 39.0 18914.0 0.0856478649210816
43 44 31 0.0 0.0 1990.0 0.0 12715.0 48.0 29429.0 0.08386246555648735
43 44 32 0.0 0.0 3583.0 0.0 9895.0 79.0 67115.0 0.09055041717870771
43 44 33 0.0 0.0 5403.0 0.0 8124.0 90.0 96074.0 0.09023525620367386
43 44 34 0.0 0.0 7257.0 0.0 7128.0 92.0 114026.0 0.08545443447476041
43 44 35 0.0 0.0 7897.0 0.0 4206.0 52.0 145810.0 0.09917121201388396
43 44 36 0.0 0.0 9577.0 0.0 3561.0 51.0 154467.0 0.09244585314315899
43 44 37 0.0 1.0 7257.0 1.0 1704.0 16.0 174133.0 0.1274117218784128
43 44 38 0.0 0.0 9772.0 0.0 2021.0 28.0 170900.0 0.10154493363313265
43 44 39 0.0 0.0 9437.0 0.0 1721.0 29.0 173738.0 0.10640723569202704
43 44 40 0.0 0.0 8862.0 0.0 1526.0 21.0 176041.0 0.11286681715575621
43 44 41 0.0 0.0 7487.0 0.0 1281.0 20.0 179567.0 0.12997864636523998
43 44 42 0.0 0.0 7773.0 0.0 1782.0 32.0 173990.0 0.121191135734072
43 44 43 0.0 0.0 9446.0 0.0 3287.0 38.0 156956.0 0.09488309047780412
43 44 44 0.0 0.0 7686.0 0.0 3618.0 59.0 152703.0 0.10526315789473682
43 44 45 0.0 0.0 7132.0 0.0 5350.0 61.0 132453.0 0.09666505558240696
43 44 46 0.0 0.0 6153.0 0.0 6073.0 77.0 120864.0 0.0983767830791933
43 44 47 0.0 0.0 4904.0 0.0 7987.0 78.0 94663.0 0.09397234528124579
43 44 48 0.0 0.0 3139.0 0.0 10945.0 54.0 52247.0 0.08694572102844365
43 44 49 0.0 0.0 1867.0 0.0 13065.0 46.0 25120.0 0.0826739104759655
43 44 50 0.0 0.0 947.0 0.0 12392.0 25.0 8917.0 0.09118145108766444
43 44 51 0.0 0.0 300.0 0.0 6233.0 32.0 485.0 0.16460905349794236
43 44 52 0.0 0.0 66.0 0.0 1487.0 12.0 13.0 0.39536853996046306
43 44 53 0.0 0.0 0.0 0.0 3.0 0.0 0.0 0.6989515726410384
43 45 27 0.0 0.0 0.0 0.0 2.0 0.0 0.0 0.6993006993006992
43 45 28 0.0 0.0 14.0 0.0 554.0 3.0 1.0 0.5458089668615984
43 45 29 0.0 0.0 640.0 0.0 10761.0 23.0 3382.0 0.10450880859958196
43 45 30 0.0 0.0 895.0 0.0 12515.0 33.0 6663.0 0.09095043201455205
43 45 31 0.0 0.0 1742.0 0.0 13157.0 42.0 23079.0 0.08285494466473338
43 45 32 0.0 0.0 3407.0 0.0 10982.0 67.0 56832.0 0.08535024080960799
43 45 33 0.0 0.0 4970.0 0.0 7793.0 71.0 97391.0 0.09474182851729038
43 45 34 0.0 0.0 6344.0 0.0 8742.0 89.0 94753.0 0.0819384291232588
43 45 35 0.0 0.0 7579.0 0.0 6419.0 69.0 120924.0 0.08745627186406796
43 45 36 0.0 0.0 7636.0 0.0 4195.0 48.0 145775.0 0.10120725800621701
43 45 37 0.0 0.0 8851.0 0.0 4494.0 77.0 143206.0 0.09130037824442414
43 45 38 0.0 0.0 8257.0 0.0 3389.0 61.0 155715.0 0.10272213662044169
43 45 39 0.0 0.0 9593.0 0.0 3612.0 61.0 153930.0 0.09220839096357768
43 45 40 0.0 0.0 7978.0 0.0 2453.0 37.0 165686.0 0.11257639112254743
43 45 41 0.0 1.0 7807.0 0.0 2622.0 40.0 165032.0 0.1126035550550953
43 45 42 0.0 0.0 8167.0 0.0 3578.0 53.0 153856.0 0.10166291482100065
43 45 43 0.0 0.0 6473.0 0.0 3836.0 53.0 149991.0 0.11368250101502232
43 45 44 0.0 0.0 6658.0 0.0 6149.0 83.0 122926.0 0.09456903539583895
43 45 45 0.0 0.0 5873.0 0.0 9101.0 98.0 88413.0 0.08248394508925941
43 45 46 0.0 0.0 4518.0 0.0 8883.0 83.0 81790.0 0.09101547263034715
43 45 47 0.0 0.0 3616.0 0.0 11003.0 77.0 57784.0 0.08424599831508003
43 45 48 0.0 0.0 2787.0 0.0 11372.0 70.0 46341.0 0.08665511265164644
43 45 49 0.0 0.0 1657.0 0.0 12836.0 38.0 22670.0 0.08491023774866568
43 45 50 0.0 0.0 856.0 0.0 12446.0 26.0 6663.0 0.09150924897052094
43 45 51 0.0 0.0 383.0 0.0 7193.0 17.0 788.0 0.1462599247806101
43 45 52 0.0 0.0 5.0 0.0 115.0 1.0 0.0 0.6613131790269249
43 46 27 0.0 0.0 0.0 0.0 1.0 0.0 0.0 0.6996501749125437
43 46 28 0.0 0.0 6.0 0.0 228.0 3.0 0.0 0.6275212909009411
43 46 29 0.0 0.0 173.0 0.0 3239.0 24.0 73.0 0.2596920793915785
43 46 30 0.0 0.0 910.0 0.0 12239.0 28.0 7604.0 0.09241534094659713
43 46 31 0.0 0.0 1302.0 0.0 12899.0 37.0 16123.0 0.0864250879683931
43 46 32 0.0 0.0 3050.0 0.0 11319.0 55.0 49448.0 0.08543878921030147
43 46 33 0.0 0.0 4479.0 0.0 8740.0 73.0 84785.0 0.09190573097879602
43 46 34 0.0 0.0 4785.0 0.0 5687.0 79.0 120068.0 0.11239563262684649
43 46 35 0.0 0.0 5984.0 0.0 8293.0 90.0 97264.0 0.08607968519429414
43 46 36 0.0 0.0 6279.0 0.0 5255.0 59.0 131004.0 0.10324483775811208
43 46 37 0.0 0.0 6483.0 0.0 4999.0 55.0 134937.0 0.10367298578199051
43 46 38 0.0 0.0 7272.0 0.0 5824.0 68.0 128323.0 0.09267227113258754
43 46 39 0.0 0.0 7464.0 0.0 5533.0 77.0 132338.0 0.09329601492736238
43 46 40 0.0 0.0 7075.0 0.0 3950.0 64.0 148421.0 0.10729613733905578
43 46 41 0.0 0.0 7198.0 0.0 4432.0 51.0 143447.0 0.10245151847786314
43 46 42 0.0 0.0 7261.0 0.0 6793.0 81.0 117562.0 0.08709175738724727
43 46 43 0.0 0.0 6147.0 0.0 6738.0 84.0 114211.0 0.09411132024737831
43 46 44 0.0 0.0 5200.0 0.0 8383.0 81.0 92053.0 0.08977811978966267
43 46 45 0.0 0.0 3794.0 0.0 11396.0 85.0 56122.0 0.08142848833827719
43 46 46 0.0 0.0 2900.0 0.0 11713.0 48.0 46167.0 0.08413461538461538
43 46 47 0.0 0.0 2367.0 0.0 12667.0 55.0 35115.0 0.08220786846741045
43 46 48 0.0 0.0 2318.0 0.0 11896.0 61.0 38167.0 0.08638242734620842
43 46 49 0.0 0.0 1345.0 0.0 12700.0 42.0 17778.0 0.08733624454148471
43 46 50 0.0 0.0 622.0 0.0 10988.0 23.0 4572.0 0.10289578127296779
43 46 51 0.0 0.0 206.0 0.0 4289.0 15.0 191.0 0.2160160469063416
43 46 52 0.0 0.0 3.0 0.0 62.0 2.0 0.0 0.6789524733268669
43 47 28 0.0 0.0 0.0 0.0 5.0 0.0 0.0 0.6986027944111775
43 47 29 0.0 0.0 76.0 0.0 1657.0 11.0 25.0 0.3761418592154755
43 47 30 0.0 0.0 538.0 0.0 9918.0 27.0 2567.0 0.11247690206475455
43 47 31 0.0 0.0 1355.0 0.0 12829.0 40.0 17746.0 0.08654262224145391
43 47 32 0.0 0.0 2480.0 0.0 11922.0 51.0 39406.0 0.08528265107212475
43 47 33 0.0 0.0 3812.0 0.0 7769.0 79.0 89138.0 0.10303967027305512
43 47 34 0.0 0.0 3833.0 0.0 11508.0 79.0 55879.0 0.08068234209313047
43 47 35 0.0 0.0 4575.0 0.0 8653.0 78.0 84774.0 0.09196610392169742
43 47 36 0.0 0.0 4934.0 0.0 9906.0 83.0 76240.0 0.08316996376165864
43 47 37 0.0 0.0 5305.0 0.0 7143.0 76.0 105379.0 0.09681881051175656
43 47 38 0.0 0.0 5639.0 0.0 8557.0 83.0 92808.0 0.08632916075723006
43 47 39 0.0 0.0 5730.0 0.0 7360.0 73.0 106379.0 0.09283204031562893
43 47 40 0.0 0.0 6124.0 0.0 7423.0 102.0 106662.0 0.09010168618869865
43 47 41 0.0 0.0 5520.0 0.0 5827.0 51.0 121344.0 0.10484535310417134
43 47 42 0.0 0.0 5505.0 0.0 8243.0 84.0 95151.0 0.0888719608963372
43 47 43 0.0 0.0 4525.0 0.0 9208.0 65.0 81408.0 0.0889171165449349
43 47 44 0.0 0.0 3761.0 0.0 10411.0 85.0 63523.0 0.08659615265664625
43 47 45 0.0 0.0 2616.0 0.0 11495.0 54.0 43128.0 0.08685941183769696
43 47 46 0.0 0.0 1590.0 0.0 13557.0 45.0 18570.0 0.08164693532396336
43 47 47 0.0 0.0 1419.0 0.0 13106.0 29.0 17221.0 0.0846279393096778
43 47 48 0.0 0.0 1173.0 0.0 12711.0 29.0 14574.0 0.08809463881198086
43 47 49 0.0 0.0 841.0 0.0 12113.0 41.0 5938.0 0.09373326191751472
43 47 50 0.0 0.0 439.0 0.0 8515.0 39.0 1447.0 0.1281581838154522
43 47 51 0.0 0.0 72.0 0.0 1793.0 15.0 25.0 0.3636363636363636
43 47 52 0.0 0.0 5.0 0.0 62.0 2.0 0.0 0.6779661016949151
43 48 28 0.0 0.0 0.0 0.0 1.0 0.0 0.0 0.6996501749125437
43 48 29 0.0 0.0 5.0 0.0 152.0 1.0 0.0 0.6493506493506492
43 48 30 0.0 0.0 153.0 0.0 3748.0 13.0 127.0 0.23769100169779286
43 48 31 0.0 0.0 1141.0 0.0 12761.0 28.0 12509.0 0.08795627316705408
43 48 32 0.0 0.0 1794.0 0.0 12557.0 47.0 27286.0 0.08564262555820638
43 48 33 0.0 0.0 2404.0 0.0 12059.0 60.0 37166.0 0.08506501397496657
43 48 34 0.0 0.0 2945.0 0.0 10667.0 57.0 53492.0 0.08960573476702507
43 48 35 0.0 0.0 2378.0 0.0 13014.0 60.0 31842.0 0.08049678012879484
43 48 36 0.0 0.0 3413.0 0.0 9906.0 66.0 64119.0 0.09133015852306085
43 48 37 0.0 0.0 3338.0 0.0 10807.0 74.0 56014.0 0.0866658412777021
43 48 38 0.0 0.0 3535.0 0.0 11317.0 60.0 54830.0 0.08304169879589536
43 48 39 0.0 0.0 3521.0 0.0 10903.0 76.0 57875.0 0.08526187576126673
43 48 40 0.0 0.0 3798.0 0.0 10163.0 77.0 65893.0 0.0877412885434946
43 48 41 0.0 0.0 4080.0 0.0 10334.0 73.0 66999.0 0.08521516829995739
43 48 42 0.0 0.0 3307.0 0.0 12081.0 75.0 47290.0 0.0805662657535823
43 48 43 0.0 0.0 2774.0 0.0 12044.0 59.0 42538.0 0.08324414317992626
43 48 44 0.0 0.0 2110.0 0.0 12780.0 65.0 29477.0 0.0829973915105525
43 48 45 0.0 0.0 1945.0 0.0 12268.0 67.0 31000.0 0.08638775762063432
43 48 46 0.0 0.0 1017.0 0.0 12876.0 36.0 8838.0 0.08812791136850055
43 48 47 0.0 0.0 736.0 0.0 11397.0 27.0 4546.0 0.09913609970259168
43 48 48 0.0 0.0 1200.0 0.0 12530.0 44.0 16125.0 0.08900756564307966
43 48 49 0.0 0.0 355.0 0.0 7937.0 23.0 1244.0 0.13625304136253039
43 48 50 0.0 0.0 117.0 0.0 2595.0 11.0 49.0 0.2978089768134439
43 48 51 0.0 0.0 7.0 0.0 137.0 0.0 0.0 0.6529850746268656
43 49 29 0.0 0.0 0.0 0.0 19.0 1.0 0.0 0.6937561942517343
43 49 30 0.0 0.0 61.0 0.0 1725.0 12.0 14.0 0.3710575139146567
43 49 31 0.0 0.0 257.0 0.0 6014.0 14.0 508.0 0.16945049624788183
43 49 32 0.0 0.0 852.0 0.0 12072.0 24.0 7508.0 0.09373953799799128
43 49 33 0.0 0.0 1196.0 0.0 12903.0 38.0 14259.0 0.08695112104838207
43 49 34 0.0 0.0 1303.0 0.0 13108.0 33.0 15832.0 0.0852307317667113
43 49 35 0.0 0.0 1566.0 0.0 12766.0 45.0 21671.0 0.08573178199632576
43 49 36 0.0 0.0 1582.0 0.0 13173.0 46.0 20063.0 0.08358707982566123
43 49 37 0.0 0.0 1773.0 0.0 12780.0 49.0 25150.0 0.0845359579735523
43 49 38 0.0 0.0 1330.0 0.0 13466.0 38.0 13384.0 0.0834326579261025
43 49 39 0.0 0.0 2622.0 0.0 11297.0 55.0 45506.0 0.08789001192793018
43 49 40 0.0 0.0 2049.0 0.0 12609.0 56.0 30059.0 0.08403865778257998
43 49 41 0.0 0.0 2230.0 0.0 12136.0 51.0 34803.0 0.08554842652001221
43 49 42 0.0 0.0 1828.0 0.0 13085.0 48.0 24663.0 0.08285494466473338
43 49 43 0.0 0.0 2050.0 0.0 12040.0 63.0 33116.0 0.08707550690384375
43 49 44 0.0 0.0 1054.0 0.0 12737.0 26.0 11294.0 0.08863564419119974
43 49 45 0.0 0.0 736.0 0.0 11572.0 23.0 5460.0 0.09788156330839684
43 49 46 0.0 0.0 861.0 0.0 12127.0 22.0 7284.0 0.09342052582410248
43 49 47 0.0 0.0 696.0 0.0 11138.0 29.0 3986.0 0.10129513059836479
43 49 48 0.0 0.0 502.0 0.0 9461.0 26.0 2046.0 0.11719403984597353
43 49 49 0.0 0.0 284.0 0.0 6466.0 16.0 685.0 0.16014641958361928
43 49 50 0.0 0.0 13.0 0.0 326.0 4.0 1.0 0.6000857265323617
43 50 28 0.0 0.0 0.0 0.0 1.0 0.0 0.0 0.6996501749125437
43 50 29 0.0 0.0 0.0 0.0 11.0 0.0 0.0 0.6961710591745399
43 50 30 0.0 0.0 28.0 0.0 786.0 6.0 5.0 0.49857549857549843
43 50 31 0.0 0.0 176.0 0.0 3830.0 13.0 153.0 0.23360587351910558
43 50 32 0.0 0.0 230.0 0.0 5518.0 33.0 379.0 0.18139414356050787
43 50 33 0.0 0.0 359.0 0.0 7521.0 16.0 1073.0 0.14184397163120566
43 50 34 0.0 0.0 723.0 0.0 11443.0 25.0 4447.0 0.0988351570773032
43 50 35 0.0 0.0 1082.0 0.0 12554.0 33.0 12459.0 0.08954842011001661
43 50 36 0.0 0.0 585.0 0.0 10494.0 29.0 3205.0 0.10719754977029095
43 50 37 0.0 0.0 678.0 0.0 11061.0 31.0 3691.0 0.10202594373997957
43 50 38 0.0 0.0 940.0 0.0 12557.0 31.0 8832.0 0.09038672606365808
43 50 39 0.0 0.0 865.0 0.0 12253.0 30.0 8057.0 0.09266000397114302
43 50 40 0.0 0.0 946.0 0.0 12544.0 33.0 8332.0 0.0904392764857881
43 50 41 0.0 0.0 653.0 0.0 10965.0 29.0 3456.0 0.10293360782295417
43 50 42 0.0 0.0 966.0 0.0 12568.0 36.0 8669.0 0.09018294254058232
43 50 43 0.0 0.0 548.0 0.0 10218.0 19.0 3083.0 0.10977809142946755
43 50 44 0.0 0.0 678.0 0.0 11342.0 23.0 4122.0 0.09990009990009989
43 50 45 0.0 0.0 434.0 0.0 8761.0 28.0 1707.0 0.1252684323550465
43 50 46 0.0 0.0 401.0 0.0 8693.0 21.0 1877.0 0.12629679747406403
43 50 47 0.0 0.0 133.0 0.0 3099.0 14.0 90.0 0.2682506227246598
43 50 48 0.0 0.0 31.0 0.0 875.0 5.0 6.0 0.4827586206896551
43 50 49 0.0 0.0 126.0 0.0 2750.0 18.0 50.0 0.2882437718756434
43 50 50 0.0 0.0 0.0 0.0 19.0 0.0 0.0 0.6934125804853887
43 51 29 0.0 0.0 0.0 0.0 6.0 0.0 0.0 0.6979062811565303
43 51 30 0.0 0.0 25.0 0.0 416.0 4.0 1.0 0.5744768157570782
43 51 31 0.0 0.0 9.0 0.0 207.0 2.0 0.0 0.6323396567299006
43 51 32 0.0 0.0 17.0 0.0 797.0 2.0 4.0 0.4978662873399715
43 51 33 0.0 0.0 73.0 0.0 1724.0 13.0 28.0 0.3697834125726359
43 51 34 0.0 0.0 14.0 0.0 750.0 5.0 7.0 0.5074302283436026
43 51 35 0.0 0.0 62.0 0.0 1629.0 11.0 17.0 0.3805381897254688
43 51 36 0.0 0.0 243.0 0.0 5827.0 27.0 455.0 0.17389144205688728
43 51 37 0.0 0.0 224.0 0.0 4689.0 11.0 219.0 0.2027809965237543
43 51 38 0.0 0.0 192.0 0.0 4371.0 16.0 192.0 0.2138057422113622
43 51 39 0.0 0.0 249.0 0.0 5879.0 19.0 503.0 0.17258382642998024
43 51 40 0.0 0.0 320.0 0.0 6876.0 24.0 702.0 0.15257192676547515
43 51 41 0.0 0.0 320.0 0.0 7139.0 23.0 846.0 0.14827367083245072
43 51 42 0.0 0.0 394.0 0.0 7928.0 24.0 1049.0 0.1358300184340739
43 51 43 0.0 0.0 166.0 0.0 4114.0 10.0 172.0 0.22324988040184976
43 51 44 0.0 0.0 42.0 0.0 990.0 8.0 6.0 0.46326935804103236
43 51 45 0.0 0.0 87.0 0.0 2127.0 12.0 27.0 0.3331746787244169
43 51 46 0.0 0.0 18.0 0.0 314.0 6.0 0.0 0.6018916595012896
43 51 47 0.0 0.0 0.0 0.0 43.0 0.0 0.0 0.6852667645619186
43 51 48 0.0 0.0 0.0 0.0 15.0 0.0 0.0 0.694789081885856
43 51 49 0.0 0.0 1.0 0.0 26.0 0.0 0.0 0.6906758756783422
43 51 50 0.0 0.0 0.0 0.0 2.0 0.0 0.0 0.6993006993006992
43 52 30 0.0 0.0 0.0 0.0 1.0 0.0 0.0 0.6996501749125437
43 52 31 0.0 0.0 0.0 0.0 3.0 0.0 0.0 0.6989515726410384
43 52 33 0.0 0.0 0.0 0.0 2.0 0.0 0.0 0.6993006993006992
43 52 34 0.0 0.0 0.0 0.0 12.0 0.0 0.0 0.6958250497017892
43 52 35 0.0 0.0 2.0 0.0 64.0 0.0 0.0 0.6776379477250725
43 52 36 0.0 0.0 11.0 0.0 156.0 2.0 0.0 0.6466512702078521
43 52 37 0.0 0.0 3.0 0.0 60.0 0.0 0.0 0.6786233640329616
43 52 38 0.0 0.0 0.0 0.0 33.0 0.0 0.0 0.6886374815543531
43 52 39 0.0 0.0 0.0 0.0 67.0 0.0 0.0 0.6773101112723753
43 52 40 0.0 0.0 16.0 0.0 381.0 0.0 0.0 0.5840634125990821
43 52 41 0.0 0.0 30.0 0.0 1054.0 7.0 8.0 0.45513654096228867
43 52 42 0.0 0.0 52.0 0.0 1360.0 15.0 10.0 0.41212834854283187
43 52 43 0.0 0.0 0.0 0.0 50.0 0.0 0.0 0.6829268292682925
43 52 44 0.0 0.0 10.0 0.0 322.0 4.0 0.0 0.6013745704467354
43 52 45 0.0 0.0 0.0 0.0 22.0 0.0 0.0 0.6923837784371908
43 53 39 0.0 0.0 0.0 0.0 1.0 0.0 0.0 0.6996501749125437
43 53 40 0.0 0.0 0.0 0.0 10.0 0.0 0.0 0.6965174129353233
43 53 41 0.0 0.0 0.0 0.0 8.0 0.0 0.0 0.697211155378486
43 53 42 0.0 0.0 0.0 0.0 9.0 0.0 0.0 0.6968641114982577
43 53 43 0.0 0.0 0.0 0.0 3.0 0.0 0.0 0.6989515726410384
43 53 44 0.0 0.0 0.0 0.0 1.0 0.0 0.0 0.6996501749125437
43 53 45 0.0 0.0 0.0 0.0 1.0 0.0 0.0 0.6996501749125437
44 26 39 0.0 0.0 1.0 0.0 5.0 1.0 0.0 0.6982543640897755
44 26 40 0.0 0.0 0.0 0.0 1.0 0.0 0.0 0.6996501749125437
44 27 33 0.0 0.0 0.0 0.0 1.0 0.0 0.0 0.6996501749125437
44 27 34 0.0 0.0 0.0 0.0 3.0 0.0 0.0 0.6989515726410384
44 27 38 0.0 0.0 0.0 0.0 2.0 0.0 0.0 0.6993006993006992
44 27 39 0.0 0.0 0.0 0.0 10.0 0.0 0.0 0.6965174129353233
44 27 40 0.0 0.0 89.0 0.0 2138.0 13.0 38.0 0.3322259136212624
44 27 41 0.0 0.0 2.0 0.0 65.0 1.0 0.0 0.6776379477250725
44 27 42 0.0 0.0 24.0 0.0 320.0 7.0 0.0 0.5990586221651689
44 27 43 0.0 0.0 0.0 0.0 5.0 0.0 0.0 0.6982543640897755
44 27 44 0.0 0.0 6.0 0.0 90.0 2.0 0.0 0.6685768863419292
44 27 45 0.0 0.0 0.0 0.0 2.0 0.0 0.0 0.6993006993006992
44 27 46 0.0 0.0 0.0 0.0 1.0 0.0 0.0 0.6996501749125437
44 28 33 0.0 0.0 0.0 0.0 14.0 0.0 0.0 0.6951340615690167
44 28 34 0.0 0.0 61.0 0.0 1472.0 12.0 9.0 0.39761431411530807
44 28 35 0.0 0.0 5.0 0.0 408.0 0.0 2.0 0.5801906340654785
44 28 36 0.0 0.0 11.0 0.0 507.0 3.0 7.0 0.5566600397614313
44 28 37 0.0 0.0 16.0 0.0 574.0 3.0 0.0 0.5411673753382295
44 28 38 0.0 0.0 9.0 0.0 196.0 3.0 1.0 0.6360745115856428
44 28 39 0.0 0.0 41.0 0.0 1021.0 10.0 5.0 0.45871559633027514
44 28 40 0.0 0.0 85.0 0.0 2178.0 15.0 28.0 0.329489291598023
44 28 41 0.0 0.0 63.0 0.0 2100.0 12.0 38.0 0.33726812816188867
44 28 42 0.0 0.0 24.0 0.0 739.0 3.0 3.0 0.5072463768115941
44 28 43 0.0 0.0 10.0 0.0 459.0 3.0 0.0 0.56772100567721
44 28 44 0.0 0.0 134.0 0.0 3195.0 14.0 82.0 0.2634054562558795
44 28 45 0.0 0.0 146.0 0.0 3060.0 21.0 69.0 0.2700096432015429
44 28 46 0.0 0.0 27.0 0.0 813.0 6.0 2.0 0.4938271604938271
44 28 47 0.0 0.0 0.0 0.0 47.0 0.0 0.0 0.6839276990718123
44 28 48 0.0 0.0 0.0 0.0 26.0 0.0 0.0 0.6910167818361302
44 29 30 0.0 0.0 0.0 0.0 2.0 0.0 0.0 0.6993006993006992
44 29 31 0.0 0.0 9.0 0.0 133.0 0.0 0.0 0.65359477124183
44 29 32 0.0 0.0 2.0 0.0 34.0 1.0 0.0 0.6879606879606879
44 29 33 0.0 0.0 184.0 0.0 3589.0 21.0 92.0 0.24335129497653393
44 29 34 0.0 0.0 172.0 0.0 3848.0 11.0 159.0 0.23298385754701278
44 29 35 0.0 0.0 434.0 0.0 8990.0 23.0 2037.0 0.12272089761570826
44 29 36 0.0 0.0 372.0 0.0 7445.0 28.0 876.0 0.14294465999591585
44 29 37 0.0 0.0 425.0 0.0 8830.0 22.0 1762.0 0.12449977767896842
44 29 38 0.0 0.0 360.0 0.0 7628.0 20.0 1035.0 0.1403649488670543
44 29 39 0.0 0.0 622.0 0.0 10487.0 31.0 3222.0 0.10692736576796762
44 29 40 0.0 0.0 889.0 0.0 12140.0 27.0 7920.0 0.09314703925482366
44 29 41 0.0 0.0 541.0 0.0 9805.0 23.0 2238.0 0.11347977628272675
44 29 42 0.0 0.0 360.0 0.0 7857.0 23.0 1173.0 0.1372549019607843
44 29 43 0.0 0.0 148.0 0.0 4019.0 13.0 171.0 0.2274204028589993
44 29 44 0.0 0.0 787.0 0.0 11832.0 30.0 5806.0 0.09585758301951386
44 29 45 0.0 0.0 190.0 0.0 4934.0 20.0 303.0 0.19690576652601965
44 29 46 0.0 0.0 167.0 0.0 3994.0 15.0 116.0 0.2278645833333333
44 29 47 0.0 0.0 498.0 0.0 9519.0 19.0 2167.0 0.11664722546242293
44 29 48 0.0 0.0 5.0 0.0 142.0 3.0 0.0 0.6532897806812878
44 29 49 0.0 0.0 0.0 0.0 5.0 0.0 0.0 0.6982543640897755
44 30 30 0.0 0.0 0.0 0.0 1.0 0.0 0.0 0.6996501749125437
44 30 31 0.0 0.0 1.0 0.0 73.0 0.0 0.0 0.6750241080038573
44 30 32 0.0 0.0 177.0 0.0 4305.0 21.0 212.0 0.21658415841584153
44 30 33 0.0 0.0 106.0 0.0 2419.0 14.0 37.0 0.31028368794326233
44 30 34 0.0 0.0 629.0 0.0 10705.0 27.0 3626.0 0.10510510510510508
44 30 35 0.0 0.0 797.0 0.0 11917.0 29.0 5985.0 0.09525105456524696
44 30 36 0.0 0.0 1028.0 0.0 12933.0 39.0 9465.0 0.08780732563973907
44 30 37 0.0 0.0 1238.0 0.0 12969.0 31.0 14798.0 0.08643042350907518
44 30 38 0.0 0.0 1332.0 0.0 13233.0 42.0 15217.0 0.0846228239845261
44 30 39 0.0 0.0 1461.0 0.0 12865.0 39.0 19039.0 0.08570554025099479
44 30 40 0.0 0.0 1724.0 0.0 12593.0 43.0 25380.0 0.085831647354546
44 30 41 0.0 0.0 1250.0 0.0 13088.0 42.0 14631.0 0.08571078731480347
44 30 42 0.0 0.0 1280.0 0.0 12905.0 29.0 16752.0 0.08646779074794639
44 30 43 0.0 0.0 1041.0 0.0 12684.0 20.0 10435.0 0.08901322482197355
44 30 44 0.0 0.0 1076.0 0.0 12478.0 31.0 13743.0 0.09002636486399589
44 30 45 0.0 0.0 1211.0 0.0 13326.0 48.0 11807.0 0.08472524812394092
44 30 46 0.0 0.0 965.0 0.0 12581.0 29.0 8072.0 0.09011908593498551
44 30 47 0.0 0.0 258.0 0.0 5977.0 25.0 507.0 0.17048222113979541
44 30 48 0.0 0.0 159.0 0.0 3438.0 23.0 91.0 0.2509860164933667
44 30 49 0.0 0.0 68.0 0.0 1389.0 10.0 6.0 0.4061502756019727
44 30 50 0.0 0.0 0.0 0.0 29.0 0.0 0.0 0.6899950714637751
44 30 51 0.0 0.0 0.0 0.0 1.0 0.0 0.0 0.6996501749125437
44 31 30 0.0 0.0 0.0 0.0 29.0 0.0 0.0 0.6899950714637751
44 31 31 0.0 0.0 226.0 0.0 5482.0 17.0 357.0 0.1818890476809146
44 31 32 0.0 0.0 492.0 0.0 9362.0 19.0 1888.0 0.118173377226302
44 31 33 0.0 0.0 450.0 0.0 8684.0 29.0 1371.0 0.12596724851538596
44 31 34 0.0 0.0 1271.0 0.0 12911.0 32.0 15133.0 0.08647847303724751
44 31 35 0.0 0.0 2019.0 0.0 12099.0 48.0 32393.0 0.08677865245149692
44 31 36 0.0 0.0 2139.0 0.0 11910.0 56.0 34464.0 0.08710259441299073
44 31 37 0.0 0.0 2537.0 0.0 11713.0 51.0 42321.0 0.08614854470494122
44 31 38 0.0 0.0 2819.0 0.0 11330.0 56.0 48304.0 0.0866765725606736
44 31 39 0.0 0.0 2531.0 0.0 12376.0 57.0 37613.0 0.082805938368723
44 31 40 0.0 0.0 2849.0 0.0 11313.0 66.0 48715.0 0.08659079663532904
44 31 41 0.0 0.0 2178.0 0.0 13527.0 49.0 27265.0 0.07907370799209262
44 31 42 0.0 0.0 1758.0 0.0 13232.0 45.0 22294.0 0.08239171374764594
44 31 43 0.0 0.0 1611.0 0.0 13662.0 44.0 17695.0 0.08108890819577179
44 31 44 0.0 0.0 1981.0 0.0 12284.0 55.0 30314.0 0.08610615659019619
44 31 45 0.0 0.0 2140.0 0.0 11934.0 62.0 34559.0 0.08702138239681749
44 31 46 0.0 0.0 1527.0 0.0 13108.0 42.0 20003.0 0.08418520745640408
44 31 47 0.0 0.0 656.0 0.0 11109.0 27.0 4864.0 0.10178857059764432
44 31 48 0.0 0.0 530.0 0.0 10013.0 24.0 2626.0 0.11170509853985476
44 31 49 0.0 0.0 498.0 0.0 9001.0 32.0 1766.0 0.12197246907126674
44 31 50 0.0 0.0 65.0 0.0 1840.0 10.0 30.0 0.3595274781715459
44 31 51 0.0 0.0 0.0 0.0 8.0 0.0 0.0 0.697211155378486
44 32 29 0.0 0.0 3.0 0.0 39.0 1.0 0.0 0.6859382655560998
44 32 30 0.0 0.0 56.0 0.0 1245.0 8.0 4.0 0.4252733900364519
44 32 31 0.0 0.0 306.0 0.0 6481.0 17.0 563.0 0.15959872321021432
44 32 32 0.0 0.0 710.0 0.0 11560.0 31.0 5163.0 0.09817671809256662
44 32 33 0.0 0.0 1458.0 0.0 12743.0 50.0 20406.0 0.08645177226133136
44 32 34 0.0 0.0 1398.0 0.0 13298.0 40.0 15080.0 0.08387753879336168
44 32 35 0.0 0.0 1708.0 0.0 12953.0 45.0 23342.0 0.08399328053755699
44 32 36 0.0 0.0 2931.0 0.0 11795.0 61.0 44510.0 0.08368200836820082
44 32 37 0.0 0.0 3692.0 0.0 10862.0 71.0 59440.0 0.08460748171874055
44 32 38 0.0 0.0 4148.0 0.0 11073.0 68.0 61561.0 0.08125834349062626
44 32 39 0.0 0.0 4629.0 0.0 9516.0 101.0 79883.0 0.08681093817821045
44 32 40 0.0 0.0 4723.0 0.0 10532.0 77.0 70325.0 0.08116883116883115
44 32 41 0.0 0.0 4714.0 0.0 8306.0 74.0 89899.0 0.09319044132330426
44 32 42 0.0 0.0 3769.0 0.0 11068.0 72.0 57963.0 0.08307619273676714
44 32 43 0.0 0.0 3385.0 0.0 11673.0 71.0 51207.0 0.0820969917316601
44 32 44 0.0 0.0 2826.0 0.0 12455.0 71.0 40046.0 0.08099039685294457
44 32 45 0.0 0.0 2451.0 0.0 13542.0 60.0 29384.0 0.07785130400934215
44 32 46 0.0 0.0 2280.0 0.0 12225.0 61.0 34715.0 0.08489479109817476
44 32 47 0.0 0.0 1289.0 0.0 12937.0 26.0 14769.0 0.08627064333251169
44 32 48 0.0 0.0 1340.0 0.0 13230.0 37.0 15238.0 0.08453085376162298
44 32 49 0.0 0.0 664.0 0.0 10876.0 32.0 3800.0 0.10354263737889208
44 32 50 0.0 0.0 92.0 0.0 2385.0 18.0 35.0 0.3139013452914797
44 32 51 0.0 0.0 76.0 0.0 1545.0 11.0 12.0 0.38781163434903043
44 32 52 0.0 0.0 0.0 0.0 1.0 0.0 0.0 0.6996501749125437
44 33 28 0.0 0.0 2.0 0.0 30.0 0.0 0.0 0.6889763779527558
44 33 29 0.0 0.0 44.0 0.0 1354.0 7.0 18.0 0.4131012097964001
44 33 30 0.0 0.0 189.0 0.0 4103.0 20.0 166.0 0.2231431303793433
44 33 31 0.0 0.0 604.0 0.0 10594.0 29.0 3368.0 0.10621348911311736
44 33 32 0.0 0.0 1475.0 0.0 12951.0 33.0 19522.0 0.08518924181574783
44 33 33 0.0 0.0 1525.0 0.0 13076.0 36.0 19067.0 0.08431195423065341
44 33 34 0.0 0.0 2674.0 0.0 11423.0 65.0 44830.0 0.0868917576961271
44 33 35 0.0 0.0 3022.0 0.0 12271.0 70.0 43575.0 0.08101851851851852
44 33 36 0.0 0.0 4400.0 0.0 9331.0 80.0 78253.0 0.08906985621580352
44 33 37 0.0 0.0 5307.0 0.0 7378.0 69.0 103263.0 0.09521218715995647
44 33 38 0.0 0.0 6311.0 0.0 7069.0 73.0 110630.0 0.0909386164339071
44 33 39 0.0 0.0 6225.0 0.0 5706.0 92.0 126156.0 0.10050972790580802
44 33 40 0.0 0.0 6102.0 0.0 4990.0 72.0 134291.0 0.10699273977837218
44 33 41 0.0 0.0 6455.0 0.0 6911.0 74.0 113114.0 0.09107468123861565
44 33 42 0.0 0.0 5952.0 0.0 6720.0 81.0 113963.0 0.09544586855740386
44 33 43 0.0 0.0 5400.0 0.0 9626.0 77.0 82086.0 0.08224650452355774
44 33 44 0.0 0.0 4973.0 0.0 8548.0 68.0 88691.0 0.0901539055959817
44 33 45 0.0 0.0 4481.0 0.0 9865.0 74.0 73923.0 0.08567407135426228
44 33 46 0.0 0.0 3908.0 0.0 10452.0 77.0 65256.0 0.0855222968845449
44 33 47 0.0 0.0 3335.0 0.0 10221.0 71.0 60658.0 0.08994539029874718
44 33 48 0.0 0.0 1806.0 0.0 12583.0 60.0 26491.0 0.08548574219942602
44 33 49 0.0 0.0 849.0 0.0 12099.0 19.0 5625.0 0.0936204360037448
44 33 50 0.0 0.0 459.0 0.0 9513.0 24.0 2462.0 0.11712540784740232
44 33 51 0.0 0.0 23.0 0.0 504.0 2.0 1.0 0.5546751188589539
44 33 52 0.0 0.0 0.0 0.0 14.0 0.0 0.0 0.6951340615690167
44 34 28 0.0 0.0 0.0 0.0 13.0 0.0 0.0 0.695479384003974
44 34 29 0.0 0.0 454.0 0.0 8256.0 34.0 1271.0 0.1310493307123467
44 34 30 0.0 0.0 652.0 0.0 10916.0 37.0 3599.0 0.10335154289089028
44 34 31 0.0 0.0 1337.0 0.0 13116.0 37.0 17199.0 0.08504951096531194
44 34 32 0.0 0.0 2034.0 0.0 12756.0 53.0 28429.0 0.08335317932841152
44 34 33 0.0 0.0 2842.0 0.0 11509.0 62.0 46907.0 0.08560073372057474
44 34 34 0.0 0.0 3490.0 0.0 11334.0 66.0 54976.0 0.08316996376165864
44 34 35 0.0 0.0 4857.0 0.0 9418.0 93.0 80580.0 0.08611674970781817
44 34 36 0.0 0.0 5850.0 0.0 8451.0 67.0 95404.0 0.08582112425672776
44 34 37 0.0 0.0 6023.0 0.0 4645.0 52.0 138868.0 0.11041009463722397
44 34 38 0.0 0.0 7212.0 0.0 4412.0 64.0 143865.0 0.10275983558426305
44 34 39 0.0 0.0 7710.0 0.0 3675.0 58.0 152322.0 0.10462596218518794
44 34 40 0.0 0.0 9077.0 0.0 4488.0 61.0 143877.0 0.09000321440051429
44 34 41 0.0 0.0 6894.0 0.0 3341.0 63.0 156407.0 0.11462256427050924
44 34 42 0.0 0.0 8637.0 0.0 6025.0 80.0 127680.0 0.083978165676924
44 34 43 0.0 0.0 7503.0 0.0 5644.0 70.0 130269.0 0.09239094568732263
44 34 44 0.0 0.0 7055.0 0.0 6249.0 72.0 122733.0 0.09152719665271965
44 34 45 0.0 0.0 6400.0 0.0 6566.0 97.0 116298.0 0.09362669698388282
44 34 46 0.0 0.0 5199.0 0.0 6700.0 80.0 110489.0 0.10068320747932397
44 34 47 0.0 0.0 3873.0 0.0 9975.0 59.0 67571.0 0.08829465186680119
44 34 48 0.0 0.0 2659.0 0.0 12029.0 71.0 41545.0 0.0839278220730172
44 34 49 0.0 0.0 1496.0 0.0 13006.0 41.0 18905.0 0.08481250378627248
44 34 50 0.0 0.0 838.0 0.0 12177.0 32.0 6283.0 0.09333333333333332
44 34 51 0.0 0.0 269.0 0.0 6179.0 26.0 566.0 0.16623129897886485
44 34 52 0.0 0.0 11.0 0.0 303.0 4.0 2.0 0.606060606060606
44 34 53 0.0 0.0 0.0 0.0 1.0 0.0 0.0 0.6996501749125437
44 35 28 0.0 0.0 2.0 0.0 71.0 0.0 0.0 0.6756756756756755
44 35 29 0.0 0.0 186.0 0.0 3655.0 16.0 102.0 0.24038461538461534
44 35 30 0.0 0.0 425.0 0.0 8719.0 24.0 1782.0 0.12585400934915497
44 35 31 0.0 0.0 2161.0 0.0 11961.0 50.0 35640.0 0.08680555555555555
44 35 32 0.0 0.0 2974.0 0.0 11590.0 65.0 47643.0 0.08446965126101122
44 35 33 0.0 0.0 3956.0 0.0 10415.0 56.0 64862.0 0.08530343650987082
44 35 34 0.0 0.0 4955.0 0.0 8515.0 93.0 89376.0 0.09053285049146403
44 35 35 0.0 0.0 6047.0 0.0 7943.0 102.0 101429.0 0.08768084173608065
44 35 36 0.0 0.0 6590.0 0.0 5032.0 73.0 134288.0 0.10276737869779048
44 35 37 0.0 0.0 7996.0 0.0 4409.0 72.0 143473.0 0.09724923589886078
44 35 38 0.0 0.0 9093.0 0.0 3419.0 52.0 154516.0 0.09655172413793103
44 35 39 0.0 0.0 6171.0 0.0 1586.0 22.0 176369.0 0.14333981775366025
44 35 40 0.0 0.0 7478.0 0.0 1920.0 33.0 172961.0 0.12279624594333828
44 35 41 0.0 0.0 7642.0 0.0 2039.0 28.0 171247.0 0.11964789334244934
44 35 42 0.0 0.0 8194.0 0.0 2493.0 39.0 165923.0 0.11023622047244093
44 35 43 0.0 1.0 8216.0 1.0 2932.0 49.0 161325.0 0.10652868665347738
44 35 44 0.0 0.0 6979.0 0.0 3000.0 49.0 159775.0 0.11689070718877848
44 35 45 0.0 0.0 5975.0 0.0 3395.0 55.0 153970.0 0.12334801762114536
44 35 46 0.0 0.0 6056.0 0.0 5647.0 64.0 126111.0 0.1022270901788974
44 35 47 0.0 0.0 4489.0 0.0 11033.0 97.0 65342.0 0.079981718464351
44 35 48 0.0 0.0 3140.0 0.0 10629.0 82.0 55726.0 0.0888832455082217
44 35 49 0.0 0.0 1612.0 0.0 13254.0 46.0 19744.0 0.08300231220726861
44 35 50 0.0 0.0 811.0 0.0 11970.0 25.0 5805.0 0.09472900737532985
44 35 51 0.0 0.0 337.0 0.0 7310.0 13.0 949.0 0.14533374857261494
44 35 52 0.0 0.0 125.0 0.0 2769.0 16.0 50.0 0.28694404591104733
44 35 53 0.0 0.0 0.0 0.0 9.0 0.0 0.0 0.6968641114982577
44 36 27 0.0 0.0 0.0 0.0 16.0 0.0 0.0 0.6944444444444444
44 36 28 0.0 0.0 15.0 0.0 433.0 4.0 1.0 0.5730659025787964
44 36 29 0.0 0.0 305.0 0.0 6713.0 20.0 657.0 0.1554691837867851
44 36 30 0.0 0.0 1131.0 0.0 12878.0 31.0 13121.0 0.08748906386701662
44 36 31 0.0 0.0 2038.0 0.0 12801.0 48.0 28253.0 0.08314032899815903
44 36 32 0.0 0.0 3943.0 0.0 8942.0 81.0 76709.0 0.09404178142003089
44 36 33 0.0 0.0 5019.0 0.0 8926.0 86.0 86004.0 0.08790656787642848
44 36 34 0.0 0.0 5837.0 0.0 6411.0 67.0 116855.0 0.09813542688910695
44 36 35 0.0 0.0 6562.0 0.0 5045.0 56.0 133455.0 0.10282776349614395
44 36 36 0.0 0.0 8390.0 0.0 5027.0 72.0 137339.0 0.0907205806117159
44 36 37 0.0 0.0 8411.0 0.0 3270.0 45.0 156756.0 0.10232422160502849
44 36 38 0.0 0.0 8645.0 0.0 2185.0 42.0 169616.0 0.10915328239513487
44 36 39 0.0 0.0 9759.0 0.0 1676.0 19.0 173999.0 0.1042054335690361
44 36 40 0.0 0.0 8820.0 0.0 1183.0 21.0 179621.0 0.11653071416680538
44 36 41 0.0 0.0 7894.0 0.0 1016.0 17.0 181594.0 0.128228613299139
44 36 42 0.0 0.0 8818.0 0.0 1329.0 21.0 177694.0 0.11521685457986995
44 36 43 0.0 0.0 7692.0 0.0 1486.0 26.0 176783.0 0.12534694242994
44 36 44 0.0 0.0 8259.0 0.0 2121.0 25.0 169279.0 0.11303084127240433
44 36 45 0.0 0.0 7449.0 0.0 2983.0 37.0 159204.0 0.11251305955155508
44 36 46 0.0 0.0 7393.0 0.0 5884.0 83.0 127188.0 0.09171907756813416
44 36 47 0.0 0.0 5622.0 0.0 7690.0 86.0 100385.0 0.09146739840585391
44 36 48 0.0 0.0 3917.0 0.0 9851.0 82.0 69512.0 0.08883812424646233
44 36 49 0.0 0.0 2267.0 0.0 11600.0 66.0 38799.0 0.0882779494293461
44 36 50 0.0 0.0 1083.0 0.0 12797.0 27.0 11995.0 0.0881778673552938
44 36 51 0.0 0.0 472.0 0.0 9227.0 26.0 1764.0 0.11979122101480275
44 36 52 0.0 0.0 3.0 0.0 182.0 1.0 0.0 0.6413192853870818
44 36 53 0.0 0.0 1.0 0.0 17.0 0.0 0.0 0.6937561942517343
44 37 27 0.0 0.0 16.0 0.0 283.0 3.0 0.0 0.6100217864923746
44 37 28 0.0 0.0 409.0 0.0 8163.0 25.0 1219.0 0.1326259946949602
44 37 29 0.0 0.0 787.0 0.0 12060.0 32.0 5967.0 0.09436505796710702
44 37 30 0.0 0.0 1043.0 0.0 12561.0 31.0 10693.0 0.08973208563004742
44 37 31 0.0 0.0 2609.0 0.0 11825.0 52.0 41174.0 0.08512190673071075
44 37 32 0.0 0.0 4130.0 0.0 11060.0 73.0 62265.0 0.08148536173680228
44 37 33 0.0 0.0 5749.0 0.0 8852.0 88.0 90958.0 0.08439836026042921
44 37 34 0.0 0.0 7556.0 0.0 6593.0 77.0 118636.0 0.0866765725606736
44 37 35 0.0 0.0 8705.0 0.0 5269.0 72.0 135172.0 0.0876753507014028
44 37 36 0.0 0.0 8825.0 0.0 3451.0 57.0 154530.0 0.09814230634419907
44 37 37 0.0 0.0 7610.0 0.0 1905.0 22.0 172415.0 0.121580547112462
44 37 38 0.0 0.0 8328.0 0.0 1330.0 13.0 178618.0 0.12006861063464834
44 37 39 0.0 0.0 8822.0 0.0 981.0 19.0 181936.0 0.11865412323078227
44 37 40 0.0 0.0 8036.0 0.0 696.0 11.0 185150.0 0.13032954757028484
44 37 41 0.0 0.0 8943.0 0.0 731.0 20.0 183787.0 0.11994516792323508
44 37 42 0.0 0.0 8799.0 0.0 926.0 19.0 182714.0 0.11947431302270012
44 37 43 0.0 0.0 7194.0 0.0 870.0 15.0 184164.0 0.139137348439674
44 37 44 0.0 0.0 6658.0 0.0 1169.0 22.0 181007.0 0.1424646382415793
44 37 45 0.0 0.0 7978.0 0.0 2618.0 41.0 164934.0 0.11119053292033991
44 37 46 0.0 0.0 8037.0 0.0 5034.0 71.0 137673.0 0.09288747346072185
44 37 47 0.0 0.0 5661.0 0.0 5949.0 72.0 120820.0 0.10279001468428779
44 37 48 0.0 0.0 4248.0 0.0 9877.0 74.0 72507.0 0.08672489623985627
44 37 49 0.0 0.0 2415.0 0.0 11772.0 58.0 38602.0 0.08639842014317452
44 37 50 0.0 0.0 1218.0 0.0 13009.0 40.0 13909.0 0.08626532750015403
44 37 51 0.0 0.0 592.0 0.0 10347.0 20.0 2932.0 0.10825021263434623
44 37 52 0.0 0.0 20.0 0.0 601.0 3.0 9.0 0.5349636988918608
44 37 53 0.0 0.0 0.0 0.0 6.0 0.0 0.0 0.6979062811565303
44 38 27 0.0 0.0 0.0 0.0 37.0 0.0 0.0 0.6876227897838899
44 38 28 0.0 0.0 389.0 0.0 7395.0 19.0 865.0 0.143310471900911
44 38 29 0.0 0.0 869.0 0.0 12350.0 23.0 7429.0 0.09192383453709783
44 38 30 0.0 0.0 2165.0 0.0 11565.0 50.0 37912.0 0.08892841262783459
44 38 31 0.0 0.0 2583.0 0.0 12730.0 60.0 36113.0 0.08088745088976194
44 38 32 0.0 0.0 4651.0 0.0 7683.0 75.0 95073.0 0.09756097560975609
44 38 33 0.0 0.0 6381.0 0.0 6670.0 80.0 115947.0 0.09306035628822121
44 38 34 0.0 0.0 6480.0 0.0 3758.0 54.0 150748.0 0.11429504449342802
44 38 35 0.0 0.0 8375.0 0.0 3316.0 46.0 157211.0 0.10232422160502849
44 38 36 0.0 0.0 9441.0 0.0 2424.0 38.0 165605.0 0.10089362928797924
44 38 37 0.0 0.0 8149.0 0.0 1343.0 23.0 178370.0 0.12179208351457155
44 38 38 0.0 1.0 8143.0 0.0 984.0 17.0 182548.0 0.12584269662921346
44 38 39 0.0 0.0 8695.0 0.0 742.0 17.0 184266.0 0.12253829321663018
44 38 40 0.0 0.0 8484.0 0.0 611.0 10.0 186039.0 0.12617159336697906
44 38 41 0.0 0.0 7094.0 0.0 424.0 8.0 188958.0 0.1472599137477648
44 38 42 0.0 0.0 8893.0 0.0 563.0 8.0 185370.0 0.12222804260520341
44 38 43 0.0 0.0 7727.0 0.0 761.0 10.0 184977.0 0.13347316236056822
44 38 44 0.0 0.0 9242.0 0.0 1424.0 21.0 176412.0 0.1104013879031622
44 38 45 0.0 0.0 9213.0 0.0 2704.0 43.0 163015.0 0.10061085159899388
44 38 46 0.0 0.0 7544.0 0.0 4137.0 45.0 146846.0 0.10217486498321411
44 38 47 0.0 0.0 5921.0 0.0 5662.0 66.0 126274.0 0.10313075506445672
44 38 48 0.0 0.0 4195.0 0.0 11373.0 75.0 60488.0 0.07974481658692184
44 38 49 0.0 0.0 2976.0 0.0 10914.0 67.0 52484.0 0.08810018249323516
44 38 50 0.0 0.0 1381.0 0.0 13028.0 35.0 17564.0 0.08531903223840574
44 38 51 0.0 0.0 435.0 0.0 8494.0 27.0 1407.0 0.1282756093091442
44 38 52 0.0 0.0 5.0 0.0 157.0 3.0 1.0 0.6484483557202407
44 38 53 0.0 0.0 0.0 0.0 5.0 0.0 0.0 0.6982543640897755
44 39 27 0.0 0.0 1.0 0.0 34.0 0.0 0.0 0.6879606879606879
44 39 28 0.0 0.0 467.0 0.0 8566.0 24.0 1419.0 0.12701868989294138
44 39 29 0.0 0.0 1117.0 0.0 12825.0 39.0 12150.0 0.08785691873235017
44 39 30 0.0 0.0 1754.0 0.0 12886.0 53.0 24045.0 0.08420039694472845
44 39 31 0.0 0.0 3728.0 0.0 9179.0 79.0 73447.0 0.09401652004566516
44 39 32 0.0 0.0 4818.0 0.0 9326.0 96.0 81201.0 0.08678403173816017
44 39 33 0.0 0.0 7006.0 0.0 7007.0 85.0 114841.0 0.08753282480930348
44 39 34 0.0 0.0 8554.0 0.0 4495.0 62.0 143269.0 0.0929985385943935
44 39 35 0.0 0.0 7458.0 0.0 2107.0 28.0 169589.0 0.12088766082376304
44 39 36 0.0 0.0 8104.0 0.0 1505.0 23.0 176986.0 0.12060647829083389
44 39 37 0.0 0.0 8548.0 0.0 1052.0 19.0 181028.0 0.12072087608864361
44 39 38 0.0 0.0 9091.0 0.0 914.0 9.0 182074.0 0.11655982016484887
44 39 39 0.0 0.0 9286.0 0.0 602.0 12.0 184495.0 0.11774600504625735
44 39 40 0.0 1.0 9281.0 0.0 507.0 6.0 185747.0 0.1188455008488964
44 39 41 0.0 0.0 7235.0 0.0 404.0 4.0 188920.0 0.14504765851636964
44 39 42 0.0 0.0 8632.0 0.0 483.0 11.0 186448.0 0.1259559154295996
44 39 43 0.0 0.0 9674.0 0.0 855.0 9.0 182056.0 0.11166055192215663
44 39 44 0.0 0.0 9035.0 0.0 1256.0 30.0 178544.0 0.11401579933219316
44 39 45 0.0 0.0 8817.0 0.0 2232.0 32.0 168647.0 0.10729613733905578
44 39 46 0.0 0.0 8206.0 0.0 4349.0 53.0 144886.0 0.09606147934678193
44 39 47 0.0 0.0 6262.0 0.0 6273.0 76.0 118451.0 0.09629272989889262
44 39 48 0.0 0.0 4158.0 0.0 11075.0 77.0 61822.0 0.08120649651972157
44 39 49 0.0 0.0 2511.0 0.0 12149.0 63.0 38774.0 0.08406893652795291
44 39 50 0.0 0.0 1476.0 0.0 12783.0 29.0 19538.0 0.08600036857300815
44 39 51 0.0 0.0 571.0 0.0 9891.0 29.0 2396.0 0.11244979919678713
44 39 52 0.0 0.0 24.0 0.0 720.0 3.0 5.0 0.5107624954396205
44 40 27 0.0 0.0 1.0 0.0 94.0 0.0 0.0 0.6682577565632457
44 40 28 0.0 0.0 232.0 0.0 5476.0 21.0 394.0 0.18203094526069427
44 40 29 0.0 0.0 1056.0 0.0 12770.0 28.0 11912.0 0.08847879668836503
44 40 30 0.0 0.0 1696.0 0.0 12848.0 39.0 22864.0 0.08463305525329463
44 40 31 0.0 0.0 2487.0 0.0 12708.0 60.0 35027.0 0.08139061682460322
44 40 32 0.0 0.0 4747.0 0.0 8654.0 88.0 87164.0 0.09095634095634093
44 40 33 0.0 0.0 6516.0 0.0 5710.0 55.0 126970.0 0.09823872008981825
44 40 34 0.0 0.0 7239.0 0.0 3281.0 40.0 155948.0 0.11175860142093079
44 40 35 0.0 0.0 9145.0 0.0 2344.0 37.0 166765.0 0.10368834246778254
44 40 36 0.0 0.0 5922.0 0.0 892.0 11.0 184648.0 0.15853244253198956
44 40 37 0.0 0.0 8805.0 0.0 983.0 16.0 181703.0 0.1186842997626314
44 40 38 0.0 0.0 8589.0 0.0 718.0 14.0 184466.0 0.12387188108299414
44 40 39 0.0 0.0 8936.0 0.0 555.0 11.0 185662.0 0.12190874259839775
44 40 40 0.0 0.0 7872.0 0.0 430.0 3.0 187837.0 0.13580366669900085
44 40 41 0.0 0.0 9434.0 0.0 569.0 11.0 185412.0 0.11667638969914158
44 40 42 0.0 0.0 8032.0 0.0 548.0 8.0 186886.0 0.1323501607109094
44 40 43 0.0 0.0 7652.0 0.0 635.0 18.0 185959.0 0.13610733035193465
44 40 44 0.0 0.0 5581.0 0.0 755.0 8.0 186571.0 0.16780534579887327
44 40 45 0.0 0.0 8309.0 0.0 2058.0 26.0 170272.0 0.11323196376577159
44 40 46 0.0 0.0 8000.0 0.0 4149.0 59.0 146484.0 0.09893293760158292
44 40 47 0.0 0.0 6691.0 0.0 8685.0 83.0 95649.0 0.08051529790660224
44 40 48 0.0 0.0 4199.0 0.0 9945.0 71.0 70043.0 0.08666047663262147
44 40 49 0.0 0.0 1903.0 0.0 13887.0 44.0 20956.0 0.07868705035971221
44 40 50 0.0 0.0 962.0 0.0 12191.0 23.0 10360.0 0.09239094568732263
44 40 51 0.0 0.0 463.0 0.0 9160.0 16.0 2089.0 0.12051304123267624
44 40 52 0.0 0.0 6.0 0.0 198.0 3.0 0.0 0.6360745115856428
44 40 53 0.0 0.0 0.0 0.0 1.0 0.0 0.0 0.6996501749125437
44 41 27 0.0 0.0 0.0 0.0 11.0 0.0 0.0 0.6961710591745399
44 41 28 0.0 0.0 241.0 0.0 5081.0 14.0 301.0 0.19143990154519344
44 41 29 0.0 0.0 740.0 0.0 11832.0 30.0 5690.0 0.09614064002197499
44 41 30 0.0 0.0 1068.0 0.0 13126.0 33.0 9780.0 0.08643042350907518
44 41 31 0.0 0.0 1766.0 0.0 13992.0 51.0 18630.0 0.07884658706915972
44 41 32 0.0 0.0 4261.0 0.0 10693.0 73.0 65078.0 0.08260074340669064
44 41 33 0.0 0.0 6234.0 0.0 5947.0 74.0 123390.0 0.09859154929577464
44 41 34 0.0 0.0 8060.0 0.0 4268.0 68.0 144531.0 0.09771077610273589
44 41 35 0.0 0.0 7334.0 0.0 1926.0 32.0 172917.0 0.12440021325750843
44 41 36 0.0 0.0 7919.0 0.0 1186.0 15.0 179937.0 0.12613748986395168
44 41 37 0.0 0.0 7601.0 0.0 877.0 14.0 184227.0 0.1336898395721925
44 41 38 0.0 0.0 9140.0 0.0 777.0 14.0 183397.0 0.11749895090222408
44 41 39 0.0 0.0 7967.0 0.0 659.0 13.0 185869.0 0.13171511901401825
44 41 40 0.0 0.0 8122.0 0.0 551.0 6.0 186463.0 0.13111069488668287
44 41 41 0.0 0.0 6933.0 0.0 514.0 10.0 188292.0 0.1482579688658265
44 41 42 0.0 0.0 8024.0 0.0 663.0 9.0 185597.0 0.1309757694826457
44 41 43 0.0 0.0 9399.0 0.0 1166.0 24.0 179974.0 0.1115271249900422
44 41 44 0.0 0.0 7213.0 0.0 1178.0 15.0 180959.0 0.1345119139123751
44 41 45 0.0 0.0 8022.0 0.0 2217.0 40.0 168474.0 0.11440712592955789
44 41 46 0.0 0.0 7413.0 0.0 4141.0 61.0 146363.0 0.10341261633919337
44 41 47 0.0 0.0 6063.0 0.0 8188.0 92.0 98345.0 0.08620158857213224
44 41 48 0.0 0.0 3682.0 0.0 11194.0 62.0 56563.0 0.08287946957139473
44 41 49 0.0 0.0 2232.0 0.0 12073.0 52.0 34964.0 0.08578431372549018
44 41 50 0.0 0.0 1091.0 0.0 12932.0 33.0 10933.0 0.0873689465801298
44 41 51 0.0 0.0 536.0 0.0 9474.0 20.0 1850.0 0.11671529804085035
44 41 52 0.0 0.0 31.0 0.0 713.0 11.0 4.0 0.5122575923893158
44 42 27 0.0 0.0 0.0 0.0 8.0 0.0 0.0 0.697211155378486
44 42 28 0.0 0.0 30.0 0.0 1051.0 9.0 8.0 0.4557291666666666
44 42 29 0.0 0.0 640.0 0.0 11072.0 29.0 4446.0 0.10216740859665766
44 42 30 0.0 0.0 1064.0 0.0 12659.0 30.0 11364.0 0.08905852417302798
44 42 31 0.0 0.0 1795.0 0.0 12778.0 45.0 25580.0 0.08445945945945946
44 42 32 0.0 0.0 3558.0 0.0 11334.0 75.0 54472.0 0.08290400900100668
44 42 33 0.0 0.0 5866.0 0.0 7128.0 78.0 108975.0 0.09327115256495667
44 42 34 0.0 0.0 8005.0 0.0 4888.0 61.0 138572.0 0.09394081728511038
44 42 35 0.0 0.0 8843.0 0.0 2633.0 47.0 163328.0 0.10391152675721814
44 42 36 0.0 0.0 5149.0 0.0 929.0 14.0 184069.0 0.1732244493937144
44 42 37 0.0 0.0 8864.0 0.0 1298.0 25.0 178573.0 0.11513157894736842
44 42 38 0.0 0.0 8671.0 0.0 975.0 15.0 181245.0 0.12019230769230767
44 42 39 0.0 1.0 8049.0 0.0 794.0 9.0 183764.0 0.12911555842479017
44 42 40 0.0 0.0 8051.0 0.0 776.0 10.0 184395.0 0.12933025404157042
44 42 41 0.0 0.0 8777.0 0.0 907.0 12.0 182081.0 0.1198014718466541
44 42 42 0.0 0.0 9403.0 0.0 1258.0 14.0 178323.0 0.11048851708625994
44 42 43 0.0 0.0 9711.0 0.0 1673.0 28.0 173504.0 0.10461032653366209
44 42 44 0.0 0.0 9030.0 0.0 2254.0 40.0 167729.0 0.105318588730911
44 42 45 0.0 0.0 6637.0 0.0 2446.0 29.0 166264.0 0.12616022348382444
44 42 46 0.0 0.0 7448.0 0.0 5056.0 45.0 136310.0 0.09625962596259625
44 42 47 0.0 0.0 5942.0 0.0 8782.0 76.0 93691.0 0.08371703641691082
44 42 48 0.0 0.0 3446.0 0.0 11237.0 91.0 54570.0 0.08403361344537814
44 42 49 0.0 0.0 1305.0 0.0 13497.0 38.0 13169.0 0.08335317932841152
44 42 50 0.0 0.0 1037.0 0.0 12756.0 27.0 11165.0 0.08866932674646906
44 42 51 0.0 0.0 419.0 0.0 8078.0 20.0 1106.0 0.13353681800839373
44 42 52 0.0 0.0 13.0 0.0 316.0 4.0 1.0 0.6021505376344085
44 42 53 0.0 0.0 0.0 0.0 6.0 0.0 0.0 0.6979062811565303
44 43 27 0.0 0.0 0.0 0.0 1.0 0.0 0.0 0.6996501749125437
44 43 28 0.0 0.0 85.0 0.0 1830.0 17.0 16.0 0.3591585428424833
44 43 29 0.0 0.0 473.0 0.0 9347.0 21.0 2175.0 0.11856368563685635
44 43 30 0.0 0.0 797.0 0.0 12172.0 29.0 6943.0 0.09357037829167222
44 43 31 0.0 0.0 1286.0 0.0 12933.0 44.0 15442.0 0.08638775762063432
44 43 32 0.0 0.0 3137.0 0.0 11979.0 69.0 46200.0 0.08177092459552596
44 43 33 0.0 0.0 5554.0 0.0 8643.0 80.0 90811.0 0.08631851532153645
44 43 34 0.0 0.0 7585.0 0.0 5633.0 83.0 129630.0 0.09214769959849929
44 43 35 0.0 0.0 6872.0 0.0 2731.0 54.0 163353.0 0.12073128665056915
44 43 36 0.0 0.0 7467.0 0.0 1907.0 24.0 172229.0 0.12295801861935708
44 43 37 0.0 0.0 7824.0 0.0 1640.0 32.0 175375.0 0.12200435729847493
44 43 38 0.0 0.0 8829.0 0.0 1684.0 27.0 174475.0 0.11178537208559565
44 43 39 0.0 0.0 8871.0 0.0 1510.0 24.0 176120.0 0.11303996770286637
44 43 40 0.0 0.0 8399.0 0.0 1462.0 22.0 177384.0 0.11803389258915771
44 43 41 0.0 0.0 10063.0 0.0 1790.0 36.0 172903.0 0.10108303249097472
44 43 42 0.0 0.0 7163.0 0.0 1459.0 23.0 177611.0 0.13178951332015437
44 43 43 0.0 0.0 7512.0 0.0 2141.0 35.0 170101.0 0.12017167381974247
44 43 44 0.0 0.0 8234.0 0.0 3406.0 56.0 155690.0 0.10259416678880257
44 43 45 0.0 1.0 7079.0 2.0 3981.0 46.0 148571.0 0.10709914320685435
44 43 46 0.0 0.0 6182.0 0.0 5157.0 69.0 133430.0 0.10503413609423061
44 43 47 0.0 0.0 5302.0 0.0 9206.0 84.0 84418.0 0.08481250378627248
44 43 48 0.0 0.0 3158.0 0.0 11513.0 75.0 48316.0 0.08402352658744447
44 43 49 0.0 0.0 1627.0 0.0 12551.0 39.0 24021.0 0.08646779074794639
44 43 50 0.0 0.0 635.0 0.0 10803.0 29.0 3163.0 0.10434523365879107
44 43 51 0.0 0.0 344.0 0.0 7362.0 21.0 895.0 0.14449375580555265
44 43 52 0.0 0.0 8.0 0.0 286.0 0.0 0.0 0.6102877070619005
44 43 53 0.0 0.0 3.0 0.0 72.0 0.0 0.0 0.6746987951807227
44 44 27 0.0 0.0 0.0 0.0 12.0 0.0 0.0 0.6958250497017892
44 44 28 0.0 0.0 61.0 0.0 1608.0 13.0 14.0 0.3829321663019693
44 44 29 0.0 0.0 506.0 0.0 9861.0 27.0 2904.0 0.11336950360353062
44 44 30 0.0 0.0 855.0 0.0 12123.0 22.0 6604.0 0.09351412731280474
44 44 31 0.0 0.0 1307.0 0.0 12866.0 34.0 15523.0 0.08655867441572894
44 44 32 0.0 0.0 2819.0 0.0 12035.0 60.0 43177.0 0.0830515512843329
44 44 33 0.0 0.0 5178.0 0.0 8831.0 87.0 88215.0 0.08748359682559519
44 44 34 0.0 0.0 6642.0 0.0 6341.0 79.0 120327.0 0.09342676009342675
44 44 35 0.0 0.0 8138.0 0.0 5252.0 67.0 134751.0 0.09091499448016103
44 44 36 0.0 0.0 7363.0 0.0 2946.0 52.0 160153.0 0.11380263371809461
44 44 37 0.0 0.0 7437.0 0.0 2397.0 33.0 166114.0 0.11810359372363757
44 44 38 0.0 0.0 8770.0 0.0 2833.0 39.0 162394.0 0.10288065843621398
44 44 39 0.0 0.0 9190.0 0.0 2831.0 47.0 161779.0 0.09989297181591152
44 44 40 0.0 0.0 8704.0 0.0 2639.0 41.0 164572.0 0.10493965969567497
44 44 41 0.0 0.0 6903.0 0.0 2010.0 33.0 171130.0 0.12838147638697844
44 44 42 0.0 0.0 8620.0 0.0 3134.0 55.0 157715.0 0.10181077739800741
44 44 43 0.0 0.0 8519.0 0.0 4789.0 55.0 141376.0 0.09144350097975179
44 44 44 0.0 0.0 7823.0 0.0 5831.0 71.0 127922.0 0.0893712097031599
44 44 45 0.0 0.0 6812.0 0.0 7620.0 93.0 107369.0 0.08519442585042292
44 44 46 0.0 0.0 5746.0 0.0 9798.0 87.0 82576.0 0.07974935915693533
44 44 47 0.0 0.0 4540.0 0.0 8226.0 69.0 90302.0 0.094684160692547
44 44 48 0.0 0.0 3134.0 0.0 10994.0 78.0 52413.0 0.08681093817821045
44 44 49 0.0 0.0 1403.0 0.0 13312.0 40.0 15685.0 0.08382731572959702
44 44 50 0.0 0.0 460.0 0.0 9044.0 18.0 1937.0 0.12176030614019827
44 44 51 0.0 0.0 190.0 0.0 3632.0 15.0 122.0 0.24096385542168675
44 44 52 0.0 0.0 74.0 0.0 1977.0 9.0 28.0 0.3462775166955231
44 44 53 0.0 0.0 0.0 0.0 3.0 0.0 0.0 0.6989515726410384
44 45 27 0.0 0.0 0.0 0.0 2.0 0.0 0.0 0.6993006993006992
44 45 28 0.0 0.0 161.0 0.0 3208.0 19.0 85.0 0.2616822429906542
44 45 29 0.0 0.0 390.0 0.0 8330.0 30.0 1412.0 0.13086558235184145
44 45 30 0.0 0.0 598.0 0.0 10618.0 30.0 3552.0 0.10606864156375481
44 45 31 0.0 0.0 2072.0 0.0 12399.0 42.0 31805.0 0.08492053863884506
44 45 32 0.0 0.0 2578.0 0.0 12513.0 64.0 36309.0 0.0819432250512145
44 45 33 0.0 0.0 4529.0 0.0 8404.0 83.0 88397.0 0.09373326191751472
44 45 34 0.0 0.0 5671.0 0.0 8149.0 79.0 97920.0 0.08835594824865887
44 45 35 0.0 0.0 6458.0 0.0 6140.0 70.0 122145.0 0.09588384357235805
44 45 36 0.0 0.0 5487.0 0.0 3320.0 54.0 153027.0 0.12953367875647667
44 45 37 0.0 0.0 7428.0 0.0 4432.0 57.0 142621.0 0.10092999783721432
44 45 38 0.0 0.0 7644.0 0.0 4419.0 76.0 143616.0 0.09967250462765198
44 45 39 0.0 0.0 8170.0 0.0 4468.0 64.0 142909.0 0.0955892393827666
44 45 40 0.0 0.0 6549.0 0.0 3024.0 33.0 158106.0 0.12091898428053201
44 45 41 0.0 1.0 7466.0 0.0 3791.0 50.0 151041.0 0.10568430588057673
44 45 42 0.0 1.0 7867.0 1.0 5592.0 82.0 132179.0 0.09064422143088377
44 45 43 0.0 0.0 6937.0 0.0 6231.0 69.0 120740.0 0.09214163485586414
44 45 44 0.0 0.0 6140.0 0.0 8812.0 96.0 92513.0 0.08260561718196836
44 45 45 0.0 0.0 5055.0 0.0 8434.0 85.0 90690.0 0.0903400658191908
44 45 46 0.0 0.0 4075.0 0.0 10203.0 77.0 68887.0 0.08602150537634408
44 45 47 0.0 0.0 3140.0 0.0 11749.0 59.0 48083.0 0.08284513876560742
44 45 48 0.0 0.0 2567.0 0.0 11895.0 60.0 41757.0 0.0850391787645022
44 45 49 0.0 0.0 1664.0 0.0 13066.0 27.0 22356.0 0.08364201218783605
44 45 50 0.0 0.0 383.0 0.0 7428.0 21.0 881.0 0.14285714285714285
44 45 51 0.0 0.0 98.0 0.0 2612.0 12.0 54.0 0.2979357310065971
44 45 52 0.0 0.0 10.0 0.0 115.0 3.0 1.0 0.66006600660066
44 45 53 0.0 0.0 0.0 0.0 1.0 0.0 0.0 0.6996501749125437
44 46 28 0.0 0.0 0.0 0.0 49.0 0.0 0.0 0.6832601268911663
44 46 29 0.0 0.0 216.0 0.0 5294.0 14.0 360.0 0.18661690215942414
44 46 30 0.0 0.0 713.0 0.0 11678.0 35.0 5427.0 0.09746588693957113
44 46 31 0.0 0.0 1189.0 0.0 12866.0 40.0 14073.0 0.08729267988527246
44 46 32 0.0 0.0 2526.0 0.0 11652.0 76.0 42434.0 0.08656937917388077
44 46 33 0.0 0.0 3695.0 0.0 10534.0 71.0 61491.0 0.08623875816188246
44 46 34 0.0 0.0 4391.0 0.0 11093.0 72.0 64007.0 0.08004574042309891
44 46 35 0.0 0.0 5244.0 0.0 7114.0 73.0 105513.0 0.09751340809361286
44 46 36 0.0 0.0 5920.0 0.0 8439.0 86.0 95491.0 0.08555365436323636
44 46 37 0.0 0.0 6136.0 0.0 6498.0 72.0 115428.0 0.09561535309383963
44 46 38 0.0 0.0 6388.0 0.0 8303.0 102.0 98691.0 0.08388759062855772
44 46 39 0.0 0.0 6421.0 0.0 6280.0 81.0 120854.0 0.09523809523809523
44 46 40 0.0 0.0 7137.0 0.0 6654.0 76.0 117324.0 0.08855715098994243
44 46 41 0.0 0.0 7131.0 0.0 7179.0 95.0 113058.0 0.08581586367537083
44 46 42 0.0 0.0 5988.0 0.0 7302.0 73.0 108656.0 0.09156311314584696
44 46 43 0.0 0.0 5259.0 0.0 9127.0 98.0 85330.0 0.08542836221625578
44 46 44 0.0 0.0 4268.0 0.0 9886.0 68.0 72762.0 0.0866497493346537
44 46 45 0.0 0.0 3116.0 0.0 11989.0 72.0 46139.0 0.0818282775147583
44 46 46 0.0 0.0 2214.0 0.0 13283.0 53.0 29432.0 0.08004116402721398
44 46 47 0.0 0.0 1816.0 0.0 12922.0 48.0 24625.0 0.083552160420148
44 46 48 0.0 0.0 1337.0 0.0 13257.0 36.0 14383.0 0.08432718949524153
44 46 49 0.0 0.0 737.0 0.0 11770.0 16.0 5034.0 0.09649848359525777
44 46 50 0.0 0.0 380.0 0.0 8308.0 27.0 1357.0 0.131221295341644
44 46 51 0.0 0.0 482.0 0.0 9429.0 29.0 1993.0 0.11774600504625735
44 46 52 0.0 0.0 0.0 0.0 27.0 0.0 0.0 0.6906758756783422
44 47 27 0.0 0.0 0.0 0.0 3.0 0.0 0.0 0.6989515726410384
44 47 28 0.0 0.0 8.0 0.0 279.0 1.0 1.0 0.6124234470691162
44 47 29 0.0 0.0 135.0 0.0 3254.0 20.0 90.0 0.26070763500931093
44 47 30 0.0 0.0 620.0 0.0 10432.0 33.0 2998.0 0.10736196319018404
44 47 31 0.0 0.0 945.0 0.0 12564.0 23.0 9028.0 0.09028180821564454
44 47 32 0.0 0.0 1870.0 0.0 13289.0 58.0 22942.0 0.08164693532396336
44 47 33 0.0 0.0 2828.0 0.0 11091.0 70.0 49753.0 0.08798944126704794
44 47 34 0.0 0.0 2939.0 0.0 12771.0 68.0 39916.0 0.07904245709123757
44 47 35 0.0 0.0 3841.0 0.0 10292.0 71.0 65225.0 0.08681632146843606
44 47 36 0.0 0.0 4121.0 0.0 10612.0 87.0 66133.0 0.08377715277362216
44 47 37 0.0 0.0 4339.0 0.0 9650.0 77.0 74191.0 0.08758758758758757
44 47 38 0.0 0.0 4505.0 0.0 10836.0 77.0 66032.0 0.08067304367869078
44 47 39 0.0 0.0 5074.0 0.0 9088.0 81.0 84705.0 0.08661758336942398
44 47 40 0.0 0.0 4847.0 0.0 5354.0 65.0 124096.0 0.11473528929683657
44 47 41 0.0 0.0 5123.0 0.0 7672.0 88.0 99191.0 0.09465855307640296
44 47 42 0.0 0.0 4708.0 0.0 7437.0 73.0 99829.0 0.09902390720045268
44 47 43 0.0 0.0 3591.0 0.0 11360.0 72.0 56124.0 0.08254716981132075
44 47 44 0.0 0.0 2209.0 0.0 13695.0 54.0 26463.0 0.07819044959508517
44 47 45 0.0 0.0 1533.0 0.0 13570.0 48.0 17218.0 0.08190966534051017
44 47 46 0.0 0.0 1632.0 0.0 13133.0 41.0 20897.0 0.08349236641221373
44 47 47 0.0 0.0 1329.0 0.0 13065.0 40.0 15316.0 0.08540751586139579
44 47 48 0.0 0.0 750.0 0.0 11612.0 37.0 5569.0 0.09758137589740014
44 47 49 0.0 0.0 569.0 0.0 10315.0 29.0 3326.0 0.10883084577114427
44 47 50 0.0 0.0 630.0 0.0 10548.0 22.0 3452.0 0.1063264221158958
44 47 51 0.0 0.0 61.0 0.0 1392.0 11.0 8.0 0.4067402672864613
44 47 52 0.0 0.0 0.0 0.0 27.0 0.0 0.0 0.6906758756783422
44 48 27 0.0 0.0 0.0 0.0 2.0 0.0 0.0 0.6993006993006992
44 48 28 0.0 0.0 0.0 0.0 5.0 0.0 0.0 0.6982543640897755
44 48 29 0.0 0.0 5.0 0.0 230.0 3.0 0.0 0.6272401433691756
44 48 30 0.0 0.0 311.0 0.0 6559.0 15.0 549.0 0.15799571154497233
44 48 31 0.0 0.0 516.0 0.0 9874.0 22.0 3041.0 0.11314959993534307
44 48 32 0.0 0.0 1928.0 0.0 12523.0 49.0 28629.0 0.08505984567713712
44 48 33 0.0 0.0 1766.0 0.0 13066.0 46.0 23156.0 0.08316996376165864
44 48 34 0.0 0.0 1977.0 0.0 12902.0 47.0 27577.0 0.08293838862559241
44 48 35 0.0 0.0 2033.0 0.0 13418.0 63.0 26012.0 0.08032589362556657
44 48 36 0.0 0.0 2470.0 0.0 11930.0 71.0 39227.0 0.08543878921030147
44 48 37 0.0 0.0 2625.0 0.0 11977.0 65.0 40320.0 0.08444417636769407
44 48 38 0.0 0.0 3049.0 0.0 11253.0 65.0 50889.0 0.08583690987124462
44 48 39 0.0 0.0 3396.0 0.0 10842.0 66.0 54273.0 0.08619097457366248
44 48 40 0.0 0.0 3728.0 0.0 10192.0 66.0 64245.0 0.08788449466415567
44 48 41 0.0 0.0 3659.0 0.0 9986.0 61.0 65912.0 0.08931419457735246
44 48 42 0.0 0.0 3299.0 0.0 11337.0 82.0 53088.0 0.08426120975022569
44 48 43 0.0 0.0 3191.0 0.0 10081.0 76.0 60609.0 0.09165302782324057
44 48 44 0.0 0.0 1929.0 0.0 12229.0 62.0 30332.0 0.08671952428146679
44 48 45 0.0 0.0 1162.0 0.0 12760.0 33.0 13032.0 0.08797838245459687
44 48 46 0.0 0.0 486.0 0.0 9501.0 31.0 2364.0 0.11692975862356968
44 48 47 0.0 0.0 523.0 0.0 9746.0 18.0 2539.0 0.11417387049420974
44 48 48 0.0 0.0 373.0 0.0 7568.0 24.0 1016.0 0.1410579345088161
44 48 49 0.0 0.0 169.0 0.0 4644.0 15.0 267.0 0.2058520805763858
44 48 50 0.0 0.0 52.0 0.0 1055.0 10.0 3.0 0.45205037132709064
44 48 51 0.0 0.0 0.0 0.0 48.0 0.0 0.0 0.6835937499999999
44 49 29 0.0 0.0 0.0 0.0 10.0 0.0 0.0 0.6965174129353233
44 49 30 0.0 0.0 32.0 0.0 878.0 7.0 1.0 0.48242591316333555
44 49 31 0.0 0.0 434.0 0.0 8285.0 39.0 1272.0 0.13100028071488723
44 49 32 0.0 0.0 834.0 0.0 12157.0 35.0 7309.0 0.09345170549362525
44 49 33 0.0 0.0 1050.0 0.0 12908.0 27.0 9620.0 0.0876533934385174
44 49 34 0.0 0.0 1544.0 0.0 13147.0 46.0 18292.0 0.08389261744966442
44 49 35 0.0 0.0 1811.0 0.0 12288.0 37.0 27690.0 0.08688636504685657
44 49 36 0.0 0.0 1098.0 0.0 12848.0 29.0 10133.0 0.08776879192527114
44 49 37 0.0 0.0 1452.0 0.0 13237.0 37.0 16838.0 0.08394291881520566
44 49 38 0.0 0.0 1651.0 0.0 12834.0 51.0 21957.0 0.08497208060208788
44 49 39 0.0 0.0 1902.0 0.0 12911.0 53.0 26402.0 0.0832738520104687
44 49 40 0.0 0.0 1663.0 0.0 12906.0 31.0 23081.0 0.08449004224502112
44 49 41 0.0 0.0 1800.0 0.0 12999.0 50.0 23666.0 0.08336310587114444
44 49 42 0.0 0.0 1447.0 0.0 13023.0 54.0 18155.0 0.08511673151750972
44 49 43 0.0 0.0 1336.0 0.0 13184.0 49.0 15516.0 0.08483306065563835
44 49 44 0.0 0.0 1180.0 0.0 13094.0 31.0 11733.0 0.08606910119267182
44 49 45 0.0 0.0 886.0 0.0 12350.0 31.0 7413.0 0.09200841219768663
44 49 46 0.0 0.0 333.0 0.0 6972.0 21.0 741.0 0.15071590052750564
44 49 47 0.0 0.0 124.0 0.0 2799.0 12.0 62.0 0.2850162866449511
44 49 48 0.0 0.0 100.0 0.0 2265.0 11.0 34.0 0.3216172754422237
44 49 49 0.0 0.0 274.0 0.0 5643.0 22.0 394.0 0.17728251234646064
44 49 50 0.0 0.0 13.0 0.0 162.0 4.0 0.0 0.64486411791801
44 49 51 0.0 0.0 0.0 0.0 1.0 0.0 0.0 0.6996501749125437
44 50 29 0.0 0.0 0.0 0.0 1.0 0.0 0.0 0.6996501749125437
44 50 30 0.0 0.0 0.0 0.0 50.0 0.0 0.0 0.6829268292682925
44 50 31 0.0 0.0 176.0 0.0 4000.0 10.0 172.0 0.22694115739990273
44 50 32 0.0 0.0 143.0 0.0 3210.0 20.0 79.0 0.2624671916010498
44 50 33 0.0 0.0 214.0 0.0 4959.0 18.0 265.0 0.19561268687997763
44 50 34 0.0 0.0 387.0 0.0 7721.0 15.0 980.0 0.13865504605328313
44 50 35 0.0 0.0 479.0 0.0 9381.0 25.0 2074.0 0.1181434599156118
44 50 36 0.0 0.0 877.0 0.0 12223.0 36.0 8300.0 0.09272751357795733
44 50 37 0.0 0.0 417.0 0.0 8118.0 30.0 1220.0 0.13320647002854422
44 50 38 0.0 0.0 392.0 0.0 8654.0 21.0 1643.0 0.12697261019408668
44 50 39 0.0 0.0 773.0 0.0 12009.0 36.0 5908.0 0.09482525060959089
44 50 40 0.0 0.0 1221.0 0.0 12650.0 35.0 15126.0 0.08823900163872431
44 50 41 0.0 0.0 791.0 0.0 11959.0 22.0 5563.0 0.09491525423728812
44 50 42 0.0 0.0 1157.0 0.0 12760.0 39.0 13665.0 0.08797838245459687
44 50 43 0.0 0.0 607.0 0.0 10879.0 32.0 3593.0 0.10395010395010394
44 50 44 0.0 0.0 434.0 0.0 8634.0 27.0 1450.0 0.12675418741511996
44 50 45 0.0 0.0 337.0 0.0 6912.0 22.0 713.0 0.15171218032076286
44 50 46 0.0 0.0 148.0 0.0 3532.0 11.0 112.0 0.24691358024691357
44 50 47 0.0 0.0 242.0 0.0 5834.0 18.0 462.0 0.17367572261506015
44 50 48 0.0 0.0 0.0 0.0 44.0 0.0 0.0 0.684931506849315
44 50 49 0.0 0.0 128.0 0.0 2893.0 14.0 58.0 0.27949690556997403
44 50 50 0.0 0.0 0.0 0.0 11.0 0.0 0.0 0.6961710591745399
44 51 30 0.0 0.0 1.0 0.0 11.0 0.0 0.0 0.6958250497017892
44 51 31 0.0 0.0 4.0 0.0 66.0 1.0 0.0 0.6769825918762088
44 51 32 0.0 0.0 3.0 0.0 97.0 0.0 0.0 0.6666666666666665
44 51 33 0.0 0.0 6.0 0.0 181.0 0.0 0.0 0.6401463191586647
44 51 34 0.0 0.0 233.0 0.0 5227.0 22.0 308.0 0.18814675446848542
44 51 35 0.0 0.0 190.0 0.0 4269.0 16.0 184.0 0.21722265321955
44 51 36 0.0 0.0 484.0 0.0 9246.0 27.0 2072.0 0.11953551912568304
44 51 37 0.0 0.0 85.0 0.0 1910.0 14.0 18.0 0.3516704345641798
44 51 38 0.0 0.0 123.0 0.0 3087.0 15.0 84.0 0.2694380292532717
44 51 39 0.0 0.0 173.0 0.0 3787.0 27.0 123.0 0.23592854735422983
44 51 40 0.0 0.0 190.0 0.0 4127.0 21.0 157.0 0.22232809274257578
44 51 41 0.0 0.0 214.0 0.0 4983.0 25.0 274.0 0.19523079068470223
44 51 42 0.0 0.0 407.0 0.0 8762.0 10.0 1979.0 0.1254480286738351
44 51 43 0.0 0.0 196.0 0.0 4618.0 16.0 247.0 0.20588235294117643
44 51 44 0.0 0.0 170.0 0.0 4082.0 10.0 156.0 0.22421524663677125
44 51 45 0.0 0.0 6.0 0.0 286.0 3.0 1.0 0.6116207951070335
44 51 46 0.0 0.0 1.0 0.0 56.0 1.0 0.0 0.6809338521400777
44 51 47 0.0 0.0 0.0 0.0 21.0 0.0 0.0 0.6927263730826323
44 51 48 0.0 0.0 0.0 0.0 8.0 0.0 0.0 0.697211155378486
44 51 50 0.0 0.0 0.0 0.0 2.0 0.0 0.0 0.6993006993006992
44 52 32 0.0 0.0 0.0 0.0 3.0 0.0 0.0 0.6989515726410384
44 52 33 0.0 0.0 0.0 0.0 6.0 0.0 0.0 0.6979062811565303
44 52 34 0.0 0.0 0.0 0.0 5.0 0.0 0.0 0.6982543640897755
44 52 35 0.0 0.0 6.0 0.0 129.0 2.0 0.0 0.6563525550867322
44 52 36 0.0 0.0 21.0 0.0 473.0 4.0 0.0 0.5622489959839357
44 52 37 0.0 0.0 5.0 0.0 95.0 1.0 0.0 0.6669842782277274
44 52 38 0.0 0.0 2.0 0.0 113.0 0.0 0.0 0.6619385342789597
44 52 39 0.0 0.0 0.0 0.0 22.0 0.0 0.0 0.6923837784371908
44 52 40 0.0 0.0 0.0 0.0 26.0 0.0 0.0 0.6910167818361302
44 52 41 0.0 0.0 22.0 0.0 583.0 3.0 1.0 0.5382545174932718
44 52 42 0.0 0.0 87.0 0.0 2037.0 7.0 28.0 0.34005343696866647
44 52 43 0.0 0.0 13.0 0.0 292.0 4.0 0.0 0.6084311169056931
44 52 44 0.0 0.0 0.0 0.0 10.0 0.0 0.0 0.6965174129353233
44 52 45 0.0 0.0 0.0 0.0 4.0 0.0 0.0 0.6986027944111775
44 53 36 0.0 0.0 0.0 0.0 1.0 0.0 0.0 0.6996501749125437
44 53 40 0.0 0.0 1.0 0.0 12.0 1.0 0.0 0.6958250497017892
44 53 42 0.0 0.0 0.0 0.0 2.0 0.0 0.0 0.6993006993006992
44 53 43 0.0 0.0 0.0 0.0 1.0 0.0 0.0 0.6996501749125437
45 26 39 0.0 0.0 0.0 0.0 1.0 0.0 0.0 0.6996501749125437
45 27 35 0.0 0.0 0.0 0.0 1.0 0.0 0.0 0.6996501749125437
45 27 38 0.0 0.0 0.0 0.0 5.0 0.0 0.0 0.6982543640897755
45 27 39 0.0 0.0 0.0 0.0 9.0 0.0 0.0 0.6968641114982577
45 27 40 0.0 0.0 1.0 0.0 27.0 0.0 0.0 0.690335305719921
45 27 41 0.0 0.0 0.0 0.0 15.0 0.0 0.0 0.694789081885856
45 27 42 0.0 0.0 1.0 0.0 37.0 0.0 0.0 0.6869479882237487
45 27 43 0.0 0.0 0.0 0.0 4.0 0.0 0.0 0.6986027944111775
45 27 44 0.0 0.0 0.0 0.0 8.0 0.0 0.0 0.697211155378486
45 27 45 0.0 0.0 0.0 0.0 1.0 0.0 0.0 0.6996501749125437
45 27 46 0.0 0.0 0.0 0.0 1.0 0.0 0.0 0.6996501749125437
45 28 32 0.0 0.0 0.0 0.0 1.0 0.0 0.0 0.6996501749125437
45 28 33 0.0 0.0 0.0 0.0 5.0 0.0 0.0 0.6982543640897755
45 28 34 0.0 0.0 12.0 0.0 280.0 6.0 0.0 0.6124234470691162
45 28 35 0.0 0.0 6.0 0.0 228.0 3.0 0.0 0.6275212909009411
45 28 36 0.0 0.0 2.0 0.0 153.0 1.0 0.0 0.649953574744661
45 28 37 0.0 0.0 4.0 0.0 132.0 1.0 0.0 0.6557377049180326
45 28 38 0.0 0.0 8.0 0.0 367.0 2.0 0.0 0.5899705014749261
45 28 39 0.0 0.0 281.0 0.0 5523.0 19.0 342.0 0.17969451931716077
45 28 40 0.0 0.0 10.0 0.0 367.0 0.0 1.0 0.5894736842105263
45 28 41 0.0 0.0 322.0 0.0 6887.0 19.0 847.0 0.15225666122892875
45 28 42 0.0 0.0 94.0 0.0 2225.0 19.0 33.0 0.32550569634968607
45 28 43 0.0 0.0 209.0 0.0 3791.0 28.0 122.0 0.23446658851113716
45 28 44 0.0 0.0 19.0 0.0 497.0 0.0 2.0 0.5566600397614313
45 28 45 0.0 0.0 6.0 0.0 151.0 2.0 0.0 0.6496519721577725
45 28 46 0.0 0.0 10.0 0.0 293.0 2.0 0.0 0.6084311169056931
45 28 47 0.0 0.0 47.0 0.0 871.0 12.0 3.0 0.48176187198898823
45 28 48 0.0 0.0 1.0 0.0 27.0 0.0 0.0 0.690335305719921
45 29 32 0.0 0.0 0.0 0.0 6.0 0.0 0.0 0.6979062811565303
45 29 33 0.0 0.0 15.0 0.0 381.0 3.0 1.0 0.5850396991224404
45 29 34 0.0 0.0 276.0 0.0 6062.0 17.0 504.0 0.16812777711060403
45 29 35 0.0 0.0 100.0 0.0 2874.0 16.0 68.0 0.28225806451612895
45 29 36 0.0 0.0 462.0 0.0 9062.0 22.0 1901.0 0.12162279558682998
45 29 37 0.0 0.0 316.0 0.0 7143.0 27.0 865.0 0.1483365119728756
45 29 38 0.0 0.0 404.0 0.0 8198.0 16.0 1192.0 0.13225014169658036
45 29 39 0.0 0.0 550.0 0.0 9881.0 24.0 2519.0 0.11273957158962794
45 29 40 0.0 0.0 487.0 0.0 9089.0 26.0 1718.0 0.12110726643598613
45 29 41 0.0 0.0 472.0 0.0 9960.0 29.0 3438.0 0.11272141706924314
45 29 42 0.0 0.0 418.0 0.0 8788.0 32.0 1756.0 0.1252124139164654
45 29 43 0.0 0.0 602.0 0.0 10781.0 23.0 4459.0 0.10458688181682353
45 29 44 0.0 0.0 191.0 0.0 4796.0 18.0 263.0 0.2008032128514056
45 29 45 0.0 0.0 120.0 0.0 3294.0 15.0 109.0 0.2592592592592592
45 29 46 0.0 0.0 299.0 0.0 6781.0 20.0 730.0 0.15442311934701078
45 29 47 0.0 0.0 12.0 0.0 423.0 2.0 1.0 0.575657894736842
45 29 48 0.0 0.0 0.0 0.0 42.0 0.0 0.0 0.6856023506366307
45 29 49 0.0 0.0 0.0 0.0 3.0 0.0 0.0 0.6989515726410384
45 29 50 0.0 0.0 0.0 0.0 1.0 0.0 0.0 0.6996501749125437
45 30 30 0.0 0.0 1.0 0.0 53.0 0.0 0.0 0.6815968841285296
45 30 31 0.0 0.0 0.0 0.0 36.0 0.0 0.0 0.6876227897838899
45 30 32 0.0 0.0 13.0 0.0 265.0 3.0 0.0 0.6153846153846153
45 30 33 0.0 0.0 171.0 0.0 3882.0 20.0 147.0 0.23205701972484669
45 30 34 0.0 0.0 717.0 0.0 11507.0 18.0 5747.0 0.09843903810997047
45 30 35 0.0 0.0 393.0 0.0 8230.0 18.0 1336.0 0.13197586726998492
45 30 36 0.0 0.0 772.0 0.0 11597.0 26.0 5106.0 0.09749982589316804
45 30 37 0.0 0.0 1485.0 0.0 12836.0 36.0 20141.0 0.08572653236176596
45 30 38 0.0 0.0 1071.0 0.0 12791.0 29.0 11016.0 0.08829465186680119
45 30 39 0.0 0.0 1010.0 0.0 12600.0 42.0 9691.0 0.08977236293683871
45 30 40 0.0 0.0 1138.0 0.0 12758.0 40.0 13688.0 0.08817231389343745
45 30 41 0.0 0.0 1785.0 0.0 12558.0 53.0 25587.0 0.08566358685675823
45 30 42 0.0 0.0 682.0 0.0 11242.0 29.0 4413.0 0.10061085159899388
45 30 43 0.0 0.0 837.0 0.0 12149.0 26.0 7219.0 0.09345794392523364
45 30 44 0.0 0.0 745.0 0.0 11585.0 26.0 5645.0 0.09771077610273589
45 30 45 0.0 0.0 951.0 0.0 12531.0 34.0 8753.0 0.09050943884147918
45 30 46 0.0 0.0 1019.0 0.0 12561.0 21.0 10594.0 0.08981267641775724
45 30 47 0.0 0.0 405.0 0.0 7794.0 18.0 1074.0 0.13741656851197484
45 30 48 0.0 0.0 94.0 0.0 2590.0 9.0 62.0 0.2994652406417112
45 30 49 0.0 0.0 1.0 0.0 215.0 0.0 0.0 0.6317689530685919
45 30 50 0.0 0.0 25.0 0.0 614.0 3.0 2.0 0.5311077389984825
45 31 30 0.0 0.0 1.0 0.0 54.0 1.0 0.0 0.6815968841285296
45 31 31 0.0 0.0 215.0 0.0 4600.0 15.0 187.0 0.2058520805763858
45 31 32 0.0 0.0 45.0 0.0 1293.0 5.0 7.0 0.42016806722689065
45 31 33 0.0 0.0 672.0 0.0 11013.0 27.0 4356.0 0.10242153778623161
45 31 34 0.0 0.0 964.0 0.0 12561.0 36.0 10525.0 0.0902294405774684
45 31 35 0.0 0.0 1143.0 0.0 12924.0 40.0 11544.0 0.08721111318756618
45 31 36 0.0 0.0 1044.0 0.0 13032.0 27.0 8094.0 0.08713512167797348
45 31 37 0.0 0.0 2094.0 0.0 12359.0 76.0 31839.0 0.08519442585042292
45 31 38 0.0 0.0 1572.0 0.0 13814.0 30.0 16071.0 0.08045052292839902
45 31 39 0.0 0.0 2472.0 0.0 11575.0 43.0 41413.0 0.08720568082720817
45 31 40 0.0 0.0 2577.0 0.0 11491.0 47.0 42916.0 0.08697813121272366
45 31 41 0.0 0.0 2225.0 0.0 12957.0 52.0 30586.0 0.08150433719508644
45 31 42 0.0 0.0 2968.0 0.0 10012.0 56.0 58505.0 0.09332089054792693
45 31 43 0.0 0.0 1640.0 0.0 13132.0 47.0 21558.0 0.08349236641221373
45 31 44 0.0 0.0 1976.0 0.0 12651.0 58.0 29430.0 0.08413461538461538
45 31 45 0.0 0.0 1125.0 0.0 13214.0 26.0 10269.0 0.08562167451532016
45 31 46 0.0 0.0 1004.0 0.0 12754.0 30.0 8716.0 0.0888832455082217
45 31 47 0.0 0.0 680.0 0.0 11282.0 25.0 4806.0 0.10038001003800098
45 31 48 0.0 0.0 255.0 0.0 5323.0 15.0 345.0 0.18511172815020493
45 31 49 0.0 0.0 76.0 0.0 1964.0 11.0 18.0 0.347394540942928
45 31 50 0.0 0.0 1.0 0.0 99.0 0.0 0.0 0.6666666666666665
45 32 29 0.0 0.0 0.0 0.0 8.0 0.0 0.0 0.697211155378486
45 32 30 0.0 0.0 11.0 0.0 307.0 1.0 0.0 0.6044905008635577
45 32 31 0.0 0.0 386.0 0.0 7998.0 21.0 1218.0 0.13499180406903863
45 32 32 0.0 0.0 455.0 0.0 8852.0 18.0 1720.0 0.12394864984506418
45 32 33 0.0 0.0 1037.0 0.0 12866.0 43.0 9343.0 0.08813345923827509
45 32 34 0.0 0.0 821.0 0.0 12101.0 22.0 6624.0 0.0938149165717349
45 32 35 0.0 0.0 1305.0 0.0 13252.0 42.0 15120.0 0.08459725663182065
45 32 36 0.0 0.0 2278.0 0.0 12573.0 55.0 32766.0 0.08296296296296296
45 32 37 0.0 0.0 2991.0 0.0 11970.0 56.0 45273.0 0.08255203726634824
45 32 38 0.0 0.0 3793.0 0.0 10337.0 71.0 64650.0 0.08675714197186588
45 32 39 0.0 0.0 4342.0 0.0 8449.0 94.0 85979.0 0.09479956663055253
45 32 40 0.0 0.0 4263.0 0.0 9725.0 75.0 72210.0 0.0873689465801298
45 32 41 0.0 0.0 4200.0 0.0 9052.0 66.0 80278.0 0.09173109684182937
45 32 42 0.0 0.0 3526.0 0.0 11001.0 74.0 57248.0 0.08472524812394092
45 32 43 0.0 0.0 2839.0 0.0 12533.0 64.0 40225.0 0.08058017727639
45 32 44 0.0 0.0 3116.0 0.0 10350.0 54.0 57671.0 0.09036922282468371
45 32 45 0.0 0.0 2757.0 0.0 11524.0 57.0 44928.0 0.08587376556462
45 32 46 0.0 0.0 2047.0 0.0 12308.0 46.0 31167.0 0.0855798031664527
45 32 47 0.0 0.0 1147.0 0.0 12874.0 30.0 12507.0 0.08743988507900817
45 32 48 0.0 0.0 815.0 0.0 11947.0 32.0 5221.0 0.09491525423728812
45 32 49 0.0 0.0 393.0 0.0 7833.0 28.0 1046.0 0.13718765311121997
45 32 50 0.0 0.0 82.0 0.0 1703.0 11.0 14.0 0.3708609271523178
45 32 51 0.0 0.0 3.0 0.0 30.0 0.0 0.0 0.6886374815543531
45 33 28 0.0 0.0 8.0 0.0 103.0 1.0 0.0 0.6635071090047392
45 33 29 0.0 0.0 19.0 0.0 622.0 5.0 1.0 0.5313092979127134
45 33 30 0.0 0.0 239.0 0.0 4862.0 17.0 264.0 0.19757267852102733
45 33 31 0.0 0.0 409.0 0.0 8471.0 28.0 1531.0 0.12884226026136572
45 33 32 0.0 0.0 893.0 0.0 12450.0 25.0 9354.0 0.09124087591240874
45 33 33 0.0 0.0 1128.0 0.0 12904.0 40.0 11291.0 0.08739076154806491
45 33 34 0.0 0.0 1621.0 0.0 13023.0 46.0 21539.0 0.08412955952166334
45 33 35 0.0 0.0 2521.0 0.0 12040.0 67.0 40112.0 0.08461259518916958
45 33 36 0.0 0.0 3358.0 0.0 11440.0 74.0 53091.0 0.08333829394606822
45 33 37 0.0 0.0 4719.0 0.0 9158.0 87.0 81970.0 0.08827238335435056
45 33 38 0.0 0.0 5262.0 0.0 9496.0 90.0 81777.0 0.08360205422190373
45 33 39 0.0 0.0 5870.0 0.0 7963.0 88.0 98981.0 0.08847320525783618
45 33 40 0.0 0.0 5932.0 0.0 8017.0 78.0 99238.0 0.08776328986960882
45 33 41 0.0 0.0 5352.0 0.0 6397.0 76.0 114985.0 0.10196649672250545
45 33 42 0.0 0.0 5538.0 0.0 8215.0 74.0 96408.0 0.08887760284408329
45 33 43 0.0 0.0 5057.0 0.0 9257.0 72.0 83258.0 0.08570554025099479
45 33 44 0.0 0.0 4760.0 0.0 8576.0 77.0 87757.0 0.09126466753585397
45 33 45 0.0 0.0 4075.0 0.0 10263.0 74.0 68496.0 0.08567931456548346
45 33 46 0.0 0.0 3281.0 0.0 11238.0 60.0 52308.0 0.0847098686997035
45 33 47 0.0 0.0 2272.0 0.0 12556.0 51.0 32992.0 0.083184789067142
45 33 48 0.0 0.0 1390.0 0.0 13102.0 48.0 16781.0 0.08498239650358139
45 33 49 0.0 0.0 748.0 0.0 11690.0 29.0 5802.0 0.09702009702009701
45 33 50 0.0 0.0 280.0 0.0 6053.0 27.0 517.0 0.16845144988569366
45 33 51 0.0 0.0 82.0 0.0 2184.0 10.0 40.0 0.32887009631195674
45 33 52 0.0 0.0 0.0 0.0 3.0 0.0 0.0 0.6989515726410384
45 34 28 0.0 0.0 0.0 0.0 22.0 0.0 0.0 0.6923837784371908
45 34 29 0.0 0.0 187.0 0.0 4227.0 24.0 168.0 0.21888680425265786
45 34 30 0.0 0.0 927.0 0.0 12296.0 30.0 8301.0 0.09195402298850575
45 34 31 0.0 0.0 1114.0 0.0 13029.0 36.0 11084.0 0.08678403173816017
45 34 32 0.0 0.0 1845.0 0.0 11995.0 55.0 29937.0 0.08845084660096031
45 34 33 0.0 0.0 1299.0 0.0 13306.0 39.0 13176.0 0.08435259384226064
45 34 34 0.0 0.0 2735.0 0.0 11976.0 59.0 42858.0 0.08373205741626794
45 34 35 0.0 0.0 3326.0 0.0 11180.0 82.0 53448.0 0.08491538788136106
45 34 36 0.0 0.0 4810.0 0.0 7562.0 77.0 99031.0 0.09752020061298411
45 34 37 0.0 0.0 6009.0 0.0 7975.0 76.0 100553.0 0.0875821082264623
45 34 38 0.0 0.0 5304.0 0.0 4236.0 67.0 141452.0 0.12144344205412906
45 34 39 0.0 0.0 6990.0 0.0 5086.0 70.0 135664.0 0.09936124911284598
45 34 40 0.0 0.0 7394.0 0.0 5518.0 73.0 130620.0 0.09394712119178633
45 34 41 0.0 0.0 6948.0 0.0 4879.0 48.0 136720.0 0.10114145354717524
45 34 42 0.0 0.0 6872.0 0.0 5216.0 71.0 132975.0 0.09931191033553237
45 34 43 0.0 0.0 6354.0 0.0 5420.0 69.0 129060.0 0.10167029774872911
45 34 44 0.0 0.0 6438.0 0.0 6656.0 95.0 115461.0 0.09282588516111921
45 34 45 0.0 0.0 5386.0 0.0 5977.0 62.0 118563.0 0.10467289719626167
45 34 46 0.0 0.0 4839.0 0.0 8320.0 81.0 90935.0 0.09240924092409239
45 34 47 0.0 0.0 3560.0 0.0 10320.0 69.0 62150.0 0.08812791136850055
45 34 48 0.0 0.0 1663.0 0.0 12991.0 52.0 22467.0 0.08412450426631413
45 34 49 0.0 0.0 1036.0 0.0 12821.0 36.0 10797.0 0.08832250331209386
45 34 50 0.0 0.0 716.0 0.0 11360.0 35.0 4872.0 0.09955909543450432
45 34 51 0.0 0.0 84.0 0.0 1838.0 14.0 21.0 0.35833120040952127
45 34 52 0.0 0.0 0.0 0.0 18.0 0.0 0.0 0.6937561942517343
45 34 53 0.0 0.0 0.0 0.0 1.0 0.0 0.0 0.6996501749125437
45 35 27 0.0 0.0 0.0 0.0 1.0 0.0 0.0 0.6996501749125437
45 35 28 0.0 0.0 47.0 0.0 981.0 10.0 9.0 0.46388336646785944
45 35 29 0.0 0.0 81.0 0.0 1930.0 16.0 22.0 0.3505257886830245
45 35 30 0.0 0.0 564.0 0.0 9729.0 24.0 2261.0 0.1139693910778248
45 35 31 0.0 0.0 1540.0 0.0 13213.0 44.0 18696.0 0.08360205422190373
45 35 32 0.0 0.0 2129.0 0.0 12218.0 54.0 33146.0 0.08561120283739986
45 35 33 0.0 0.0 2496.0 0.0 12754.0 79.0 34438.0 0.08126306013466449
45 35 34 0.0 0.0 3665.0 0.0 11784.0 55.0 52959.0 0.08011444921316165
45 35 35 0.0 0.0 4789.0 0.0 8582.0 75.0 88159.0 0.09098589718593618
45 35 36 0.0 0.0 5823.0 0.0 7789.0 92.0 101728.0 0.08969184444871547
45 35 37 0.0 0.0 7060.0 0.0 6789.0 82.0 116983.0 0.08832807570977917
45 35 38 0.0 0.0 7137.0 0.0 4194.0 56.0 145796.0 0.10502625656414102
45 35 39 0.0 0.0 8708.0 0.0 4061.0 54.0 148301.0 0.09476748121573139
45 35 40 0.0 0.0 8344.0 0.0 3421.0 40.0 155983.0 0.10150812064965196
45 35 41 0.0 0.0 9225.0 0.0 4382.0 70.0 145688.0 0.08977236293683871
45 35 42 0.0 0.0 7855.0 0.0 3460.0 53.0 154579.0 0.10506566604127579
45 35 43 0.0 0.0 7212.0 0.0 3496.0 43.0 153618.0 0.11018416496143553
45 35 44 0.0 0.0 7454.0 0.0 4734.0 57.0 139230.0 0.09860543738554725
45 35 45 0.0 0.0 6675.0 0.0 5550.0 72.0 128731.0 0.0984321169936019
45 35 46 0.0 0.0 5551.0 0.0 8267.0 83.0 96185.0 0.0883894185238967
45 35 47 0.0 0.0 4298.0 0.0 10105.0 68.0 71862.0 0.08524630091944223
45 35 48 0.0 0.0 2810.0 0.0 11371.0 74.0 47470.0 0.0866122246968572
45 35 49 0.0 0.0 1442.0 0.0 13100.0 40.0 18028.0 0.0846279393096778
45 35 50 0.0 0.0 616.0 0.0 10802.0 31.0 3781.0 0.10441527446300715
45 35 51 0.0 0.0 110.0 0.0 2567.0 18.0 53.0 0.30055817947617
45 35 52 0.0 0.0 8.0 0.0 88.0 2.0 0.0 0.6685768863419292
45 36 27 0.0 0.0 0.0 0.0 12.0 0.0 0.0 0.6958250497017892
45 36 28 0.0 0.0 88.0 0.0 1865.0 7.0 13.0 0.3549695740365111
45 36 29 0.0 0.0 578.0 0.0 10030.0 33.0 2425.0 0.11116404637128789
45 36 30 0.0 0.0 1109.0 0.0 12924.0 32.0 11323.0 0.0873144567793439
45 36 31 0.0 0.0 1541.0 0.0 13158.0 43.0 19102.0 0.0837621155917195
45 36 32 0.0 0.0 2954.0 0.0 11599.0 75.0 47397.0 0.08466376390904692
45 36 33 0.0 0.0 4088.0 0.0 10194.0 80.0 68023.0 0.08591592513040809
45 36 34 0.0 0.0 5023.0 0.0 9118.0 72.0 83463.0 0.08657473254591552
45 36 35 0.0 0.0 6040.0 0.0 7348.0 84.0 106169.0 0.09096816114359974
45 36 36 0.0 0.0 7036.0 0.0 7160.0 84.0 113575.0 0.08648381517173213
45 36 37 0.0 0.0 7517.0 0.0 4621.0 68.0 140951.0 0.09906594961788846
45 36 38 0.0 0.0 8446.0 0.0 3504.0 40.0 154972.0 0.10026498603451979
45 36 39 0.0 0.0 7479.0 0.0 2115.0 35.0 169811.0 0.12057531651020582
45 36 40 0.0 0.0 8482.0 0.0 2145.0 23.0 169950.0 0.11069818929390368
45 36 41 0.0 0.0 7504.0 0.0 1799.0 43.0 173384.0 0.12381710444857166
45 36 42 0.0 0.0 9619.0 0.0 2717.0 48.0 163605.0 0.09773123909249562
45 36 43 0.0 0.0 7930.0 0.0 2414.0 31.0 165990.0 0.11332361988020073
45 36 44 0.0 0.0 8027.0 0.0 3230.0 59.0 156925.0 0.10554885404101326
45 36 45 0.0 0.0 7359.0 0.0 4602.0 61.0 141880.0 0.10027934961678961
45 36 46 0.0 0.0 6261.0 0.0 6274.0 95.0 119613.0 0.09652509652509653
45 36 47 0.0 0.0 4429.0 0.0 10476.0 87.0 68674.0 0.08298263292039594
45 36 48 0.0 0.0 3015.0 0.0 12054.0 83.0 44174.0 0.08207773934455062
45 36 49 0.0 0.0 2035.0 0.0 12500.0 56.0 29891.0 0.08469961885171516
45 36 50 0.0 0.0 1159.0 0.0 12891.0 28.0 12758.0 0.08722741433021806
45 36 51 0.0 0.0 338.0 0.0 7137.0 25.0 787.0 0.1480384900074019
45 36 52 0.0 0.0 52.0 0.0 1235.0 7.0 9.0 0.42682926829268286
45 37 27 0.0 0.0 8.0 0.0 160.0 1.0 0.0 0.646054453161052
45 37 28 0.0 0.0 151.0 0.0 3630.0 16.0 112.0 0.24280263614290667
45 37 29 0.0 0.0 648.0 0.0 10880.0 34.0 3493.0 0.10358094110683634
45 37 30 0.0 0.0 1453.0 0.0 12786.0 43.0 19379.0 0.08618566855454321
45 37 31 0.0 0.0 2431.0 0.0 12000.0 59.0 38295.0 0.08521516829995739
45 37 32 0.0 0.0 3518.0 0.0 11570.0 79.0 52723.0 0.08200082000820007
45 37 33 0.0 0.0 4945.0 0.0 6354.0 60.0 113676.0 0.10508932592703797
45 37 34 0.0 0.0 6325.0 0.0 6216.0 69.0 119440.0 0.09616705591427394
45 37 35 0.0 0.0 6859.0 0.0 5529.0 85.0 129023.0 0.09732360097323599
45 37 36 0.0 0.0 6223.0 0.0 3328.0 56.0 154095.0 0.12125411397886712
45 37 37 0.0 0.0 8538.0 0.0 3703.0 54.0 152914.0 0.09822493510138215
45 37 38 0.0 0.0 8813.0 0.0 2791.0 34.0 162687.0 0.10276737869779048
45 37 39 0.0 0.0 7333.0 0.0 1556.0 26.0 176376.0 0.12834616795012832
45 37 40 0.0 0.0 6674.0 0.0 1249.0 19.0 180394.0 0.1410579345088161
45 37 41 0.0 0.0 8462.0 0.0 1475.0 29.0 177145.0 0.11735121542330258
45 37 42 0.0 0.0 6843.0 0.0 1275.0 23.0 180249.0 0.13844936708860756
45 37 43 0.0 0.0 7943.0 0.0 1829.0 34.0 173272.0 0.11905774300535757
45 37 44 0.0 0.0 6883.0 0.0 1987.0 30.0 171702.0 0.12860554841080285
45 37 45 0.0 0.0 6401.0 0.0 2846.0 39.0 160923.0 0.12438916037316747
45 37 46 0.0 0.0 7363.0 0.0 6146.0 68.0 122981.0 0.0901945625563716
45 37 47 0.0 0.0 5135.0 0.0 9101.0 85.0 84113.0 0.08628127696289904
45 37 48 0.0 0.0 3744.0 0.0 8864.0 84.0 77405.0 0.09584445813650988
45 37 49 0.0 0.0 1668.0 0.0 13420.0 34.0 19677.0 0.0819384291232588
45 37 50 0.0 0.0 1179.0 0.0 12972.0 35.0 12936.0 0.08669804310131285
45 37 51 0.0 0.0 291.0 0.0 6915.0 14.0 748.0 0.15214083894805475
45 37 52 0.0 0.0 88.0 0.0 2030.0 7.0 37.0 0.34063260340632595
45 37 53 0.0 0.0 0.0 0.0 3.0 0.0 0.0 0.6989515726410384
45 38 27 0.0 0.0 1.0 0.0 44.0 0.0 0.0 0.6845965770171147
45 38 28 0.0 0.0 83.0 0.0 2133.0 20.0 26.0 0.33365109628217343
45 38 29 0.0 0.0 772.0 0.0 11636.0 23.0 6368.0 0.09717498438259178
45 38 30 0.0 0.0 1233.0 0.0 13231.0 36.0 12698.0 0.08501335924216662
45 38 31 0.0 0.0 3110.0 0.0 9723.0 60.0 62984.0 0.09417462666487286
45 38 32 0.0 0.0 4044.0 0.0 10740.0 67.0 63727.0 0.08341277407054336
45 38 33 0.0 0.0 5803.0 0.0 6669.0 70.0 113906.0 0.09656504345426954
45 38 34 0.0 0.0 7166.0 0.0 5242.0 64.0 133274.0 0.09712779242403217
45 38 35 0.0 0.0 8032.0 0.0 4134.0 70.0 147490.0 0.09900289937062443
45 38 36 0.0 0.0 8180.0 0.0 3160.0 35.0 157255.0 0.1048532055122828
45 38 37 0.0 0.0 9220.0 0.0 2884.0 41.0 161226.0 0.09931191033553237
45 38 38 0.0 0.0 9582.0 0.0 2460.0 37.0 166328.0 0.09965831435079725
45 38 39 0.0 0.0 9474.0 0.0 1866.0 27.0 172216.0 0.10491606714628296
45 38 40 0.0 0.0 9758.0 0.0 1707.0 21.0 174177.0 0.10394238622020936
45 38 41 0.0 0.0 8007.0 0.0 1079.0 24.0 180693.0 0.1262740146117074
45 38 42 0.0 0.0 8783.0 0.0 1280.0 20.0 178405.0 0.11602850986242334
45 38 43 0.0 0.0 7448.0 0.0 1319.0 22.0 178904.0 0.13019622430949498
45 38 44 0.0 0.0 9587.0 0.0 2454.0 30.0 165312.0 0.09964412811387899
45 38 45 0.0 0.0 6428.0 0.0 2413.0 31.0 165963.0 0.1290084776999631
45 38 46 0.0 0.0 7898.0 0.0 6231.0 65.0 124098.0 0.08666047663262147
45 38 47 0.0 0.0 5609.0 0.0 9629.0 78.0 83616.0 0.0812677773262901
45 38 48 0.0 0.0 3978.0 0.0 9522.0 78.0 72416.0 0.0902294405774684
45 38 49 0.0 0.0 2347.0 0.0 12301.0 67.0 35288.0 0.08413461538461538
45 38 50 0.0 0.0 1169.0 0.0 12771.0 42.0 12751.0 0.08787897809302617
45 38 51 0.0 0.0 393.0 0.0 8153.0 12.0 1427.0 0.13280212483399734
45 38 52 0.0 0.0 56.0 0.0 1512.0 10.0 16.0 0.3934794828555368
45 38 53 0.0 0.0 0.0 0.0 6.0 1.0 0.0 0.6982543640897755
45 39 27 0.0 0.0 4.0 0.0 118.0 1.0 0.0 0.66006600660066
45 39 28 0.0 0.0 163.0 0.0 3024.0 17.0 77.0 0.2707406691162251
45 39 29 0.0 0.0 566.0 0.0 9841.0 21.0 2638.0 0.11295788284653863
45 39 30 0.0 0.0 1444.0 0.0 13144.0 43.0 17404.0 0.08439836026042921
45 39 31 0.0 0.0 2053.0 0.0 13409.0 45.0 26123.0 0.08015114215377568
45 39 32 0.0 0.0 4407.0 0.0 10523.0 92.0 69681.0 0.08273253752511522
45 39 33 0.0 0.0 6647.0 0.0 7370.0 78.0 108536.0 0.08739076154806491
45 39 34 0.0 0.0 5312.0 0.0 2680.0 36.0 162172.0 0.1400980686480536
45 39 35 0.0 0.0 5297.0 0.0 1857.0 35.0 172281.0 0.15297202797202794
45 39 36 0.0 0.0 7454.0 0.0 2024.0 38.0 170573.0 0.12202562538133006
45 39 37 0.0 0.0 7229.0 0.0 1794.0 31.0 174140.0 0.12691505756504395
45 39 38 0.0 0.0 8919.0 0.0 1857.0 33.0 173112.0 0.1095118898623279
45 39 39 0.0 0.0 10426.0 0.0 1889.0 28.0 170923.0 0.09777901941611956
45 39 40 0.0 0.0 9206.0 0.0 1383.0 25.0 177680.0 0.11118170266836085
45 39 41 0.0 0.0 8821.0 0.0 1157.0 27.0 179318.0 0.11696883616008019
45 39 42 0.0 0.0 8578.0 0.0 1265.0 24.0 179251.0 0.11813349084465444
45 39 43 0.0 0.0 8742.0 0.0 1536.0 27.0 176545.0 0.11405295315682279
45 39 44 0.0 0.0 8739.0 0.0 2040.0 27.0 171026.0 0.10958046336881651
45 39 45 0.0 0.0 8390.0 0.0 3128.0 51.0 158711.0 0.10361927318481237
45 39 46 0.0 0.0 8094.0 0.0 5465.0 73.0 132258.0 0.08994539029874718
45 39 47 0.0 0.0 5806.0 0.0 7602.0 96.0 104017.0 0.09079706855178675
45 39 48 0.0 0.0 4251.0 0.0 9634.0 92.0 75097.0 0.08819453193901977
45 39 49 0.0 0.0 2262.0 0.0 12101.0 56.0 35392.0 0.08554319931565439
45 39 50 0.0 0.0 988.0 0.0 12773.0 29.0 8253.0 0.08883812424646233
45 39 51 0.0 0.0 502.0 0.0 9521.0 18.0 2186.0 0.11653071416680538
45 39 52 0.0 0.0 27.0 0.0 862.0 5.0 6.0 0.48577376821651624
45 39 53 0.0 0.0 0.0 0.0 1.0 0.0 0.0 0.6996501749125437
45 40 27 0.0 0.0 0.0 0.0 30.0 0.0 0.0 0.690335305719921
45 40 28 0.0 0.0 90.0 0.0 2629.0 11.0 44.0 0.2973661852166524
45 40 29 0.0 0.0 806.0 0.0 11890.0 32.0 5151.0 0.09528346831824677
45 40 30 0.0 0.0 1414.0 0.0 12551.0 40.0 20096.0 0.08764790584110686
45 40 31 0.0 0.0 2156.0 0.0 12752.0 51.0 30233.0 0.08282553392888835
45 40 32 0.0 0.0 4234.0 0.0 11081.0 84.0 63120.0 0.08085942012244425
45 40 33 0.0 0.0 6164.0 0.0 5861.0 76.0 123288.0 0.09977194982896236
45 40 34 0.0 0.0 7000.0 0.0 3647.0 46.0 152073.0 0.11045364891518736
45 40 35 0.0 0.0 7696.0 0.0 2635.0 42.0 163933.0 0.1133970516766564
45 40 36 0.0 0.0 8271.0 0.0 2168.0 34.0 169500.0 0.11247690206475455
45 40 37 0.0 0.0 7610.0 0.0 1620.0 23.0 176251.0 0.12463277842072464
45 40 38 0.0 0.0 9716.0 0.0 1851.0 23.0 172029.0 0.10317635787456701
45 40 39 0.0 0.0 9455.0 0.0 1704.0 24.0 173459.0 0.10644768856447688
45 40 40 0.0 0.0 9150.0 0.0 1376.0 21.0 177613.0 0.11183895190925067
45 40 41 0.0 0.0 9558.0 0.0 1390.0 24.0 177138.0 0.10809141445336627
45 40 42 0.0 0.0 7385.0 0.0 1064.0 16.0 181772.0 0.1337920489296636
45 40 43 0.0 0.0 9354.0 0.0 1713.0 25.0 174250.0 0.10719754977029095
45 40 44 0.0 0.0 8429.0 0.0 1960.0 16.0 171701.0 0.112748651042925
45 40 45 0.0 0.0 4808.0 0.0 1596.0 29.0 175563.0 0.16650808753568028
45 40 46 0.0 0.0 7624.0 0.0 4544.0 60.0 141889.0 0.09890498057223596
45 40 47 0.0 0.0 6226.0 0.0 8907.0 95.0 93618.0 0.08176137359107633
45 40 48 0.0 0.0 4082.0 0.0 9844.0 75.0 71878.0 0.08783487044356608
45 40 49 0.0 0.0 2528.0 0.0 12194.0 76.0 38724.0 0.08386246555648735
45 40 50 0.0 0.0 772.0 0.0 11845.0 24.0 5949.0 0.09582477754962353
45 40 51 0.0 0.0 490.0 0.0 9109.0 31.0 1696.0 0.12090854132481213
45 40 52 0.0 0.0 57.0 0.0 1505.0 16.0 10.0 0.3949224259520451
45 41 27 0.0 0.0 0.0 0.0 6.0 0.0 0.0 0.6979062811565303
45 41 28 0.0 0.0 161.0 0.0 3559.0 19.0 95.0 0.24544179523141652
45 41 29 0.0 0.0 506.0 0.0 9804.0 16.0 2380.0 0.11381188521258434
45 41 30 0.0 0.0 1495.0 0.0 12806.0 42.0 20576.0 0.08595284872298624
45 41 31 0.0 0.0 2455.0 0.0 11508.0 62.0 41927.0 0.08782385044852893
45 41 32 0.0 0.0 4084.0 0.0 9958.0 69.0 69456.0 0.08723284939871642
45 41 33 0.0 0.0 6133.0 0.0 8074.0 88.0 99928.0 0.08646245059288536
45 41 34 0.0 0.0 7311.0 0.0 4279.0 59.0 143215.0 0.10285042609462239
45 41 35 0.0 0.0 7446.0 0.0 2534.0 49.0 164911.0 0.11691999331885751
45 41 36 0.0 0.0 7077.0 0.0 1800.0 28.0 174237.0 0.12865282117257856
45 41 37 0.0 0.0 8843.0 0.0 2020.0 37.0 171011.0 0.10883084577114427
45 41 38 0.0 0.0 9283.0 0.0 2058.0 30.0 170623.0 0.10494752623688154
45 41 39 0.0 0.0 8284.0 0.0 1498.0 22.0 176723.0 0.11864406779661014
45 41 40 0.0 0.0 8423.0 0.0 1298.0 16.0 178261.0 0.11934191458528683
45 41 41 0.0 0.0 8553.0 0.0 1302.0 26.0 178412.0 0.11808367071524965
45 41 42 0.0 0.0 8516.0 0.0 1407.0 25.0 176947.0 0.11738073279114612
45 41 43 0.0 0.0 6860.0 0.0 1508.0 19.0 177486.0 0.13496577653523567
45 41 44 0.0 0.0 8472.0 0.0 2229.0 30.0 168335.0 0.11017549382230266
45 41 45 0.0 0.0 8876.0 0.0 3695.0 53.0 152883.0 0.09613403831628098
45 41 46 0.0 0.0 7247.0 0.0 5100.0 72.0 136514.0 0.09764262798158738
45 41 47 0.0 0.0 5740.0 0.0 7501.0 69.0 105293.0 0.09167703490275685
45 41 48 0.0 0.0 3432.0 0.0 11533.0 63.0 52287.0 0.08247908566042181
45 41 49 0.0 0.0 1469.0 0.0 13391.0 38.0 16544.0 0.08301215535131928
45 41 50 0.0 0.0 502.0 0.0 9482.0 26.0 2177.0 0.11701771982614508
45 41 51 0.0 0.0 341.0 0.0 7487.0 24.0 950.0 0.1426533523537803
45 41 52 0.0 0.0 7.0 0.0 155.0 3.0 0.0 0.6487488415199257
45 41 53 0.0 0.0 0.0 0.0 2.0 0.0 0.0 0.6993006993006992
45 42 27 0.0 0.0 14.0 0.0 183.0 4.0 0.0 0.6383948928408572
45 42 28 0.0 0.0 128.0 0.0 3113.0 20.0 103.0 0.26809651474530827
45 42 29 0.0 0.0 463.0 0.0 8524.0 23.0 1342.0 0.1275858926455846
45 42 30 0.0 0.0 1113.0 0.0 12996.0 36.0 11397.0 0.08691333498882542
45 42 31 0.0 0.0 1665.0 0.0 13497.0 41.0 19451.0 0.08156131663268278
45 42 32 0.0 0.0 3027.0 0.0 11494.0 64.0 46758.0 0.08472524812394092
45 42 33 0.0 0.0 5583.0 0.0 8805.0 81.0 90393.0 0.08541793776693105
45 42 34 0.0 0.0 7358.0 0.0 5367.0 68.0 132280.0 0.09497964721845319
45 42 35 0.0 0.0 6940.0 0.0 2613.0 40.0 164159.0 0.12114918656974731
45 42 36 0.0 0.0 6013.0 0.0 1610.0 27.0 176235.0 0.14556040756914118
45 42 37 0.0 0.0 9696.0 0.0 2367.0 38.0 166387.0 0.09953785993601136
45 42 38 0.0 0.0 9776.0 0.0 2382.0 34.0 166652.0 0.09875149890667982
45 42 39 0.0 0.0 9589.0 0.0 2214.0 45.0 168617.0 0.10139784167451292
45 42 40 0.0 0.0 9031.0 0.0 1884.0 36.0 171699.0 0.10840108401084009
45 42 41 0.0 0.0 8768.0 0.0 1914.0 36.0 172092.0 0.11039268254218576
45 42 42 0.0 0.0 6880.0 0.0 1532.0 26.0 175410.0 0.13448607108549468
45 42 43 0.0 0.0 8765.0 0.0 2657.0 48.0 164000.0 0.10437635130097665
45 42 44 0.0 0.0 7735.0 0.0 3140.0 48.0 158488.0 0.10866190624029803
45 42 45 0.0 0.0 7232.0 0.0 4088.0 57.0 146906.0 0.10507355148604021
45 42 46 0.0 0.0 7111.0 0.0 6448.0 79.0 120561.0 0.08998585936495693
45 42 47 0.0 0.0 5184.0 0.0 8674.0 95.0 89365.0 0.0883336488106505
45 42 48 0.0 0.0 3208.0 0.0 11729.0 68.0 49519.0 0.08262511803588289
45 42 49 0.0 0.0 1645.0 0.0 13163.0 51.0 21110.0 0.08330358205402831
45 42 50 0.0 0.0 581.0 0.0 10233.0 35.0 2803.0 0.10946907498631636
45 42 51 0.0 0.0 155.0 0.0 2864.0 17.0 40.0 0.2798321007395563
45 42 52 0.0 0.0 10.0 0.0 229.0 5.0 1.0 0.6266786034019695
45 42 53 0.0 0.0 0.0 0.0 1.0 0.0 0.0 0.6996501749125437
45 43 27 0.0 0.0 4.0 0.0 77.0 2.0 0.0 0.6734006734006733
45 43 28 0.0 0.0 210.0 0.0 4884.0 20.0 271.0 0.19787985865724378
45 43 29 0.0 0.0 193.0 0.0 4167.0 26.0 152.0 0.22106426654034422
45 43 30 0.0 0.0 488.0 0.0 9302.0 23.0 1872.0 0.11886568177958906
45 43 31 0.0 0.0 1747.0 0.0 12358.0 56.0 26279.0 0.08695652173913042
45 43 32 0.0 0.0 2537.0 0.0 12842.0 49.0 34339.0 0.08055235903337168
45 43 33 0.0 0.0 5247.0 0.0 9911.0 92.0 77753.0 0.08160410352063417
45 43 34 0.0 0.0 6902.0 0.0 5533.0 69.0 129361.0 0.09699993071433519
45 43 35 0.0 0.0 5563.0 0.0 2566.0 34.0 164305.0 0.13825794983211534
45 43 36 0.0 0.0 8214.0 0.0 3105.0 46.0 159829.0 0.10513667768098527
45 43 37 0.0 0.0 5310.0 0.0 1594.0 27.0 176417.0 0.15719739501459687
45 43 38 0.0 0.0 8058.0 0.0 2400.0 35.0 166400.0 0.1123325042124689
45 43 39 0.0 0.0 8096.0 0.0 2524.0 50.0 164890.0 0.11097019657577678
45 43 40 0.0 0.0 8676.0 0.0 2895.0 44.0 161641.0 0.10315355142941349
45 43 41 0.0 0.0 8740.0 0.0 3062.0 52.0 160186.0 0.1015007612557094
45 43 42 0.0 0.0 9023.0 0.0 3599.0 50.0 154335.0 0.09574613595951306
45 43 43 0.0 0.0 7824.0 0.0 3699.0 54.0 153141.0 0.10370370370370369
45 43 44 0.0 0.0 8234.0 0.0 5698.0 66.0 130978.0 0.08774678784080225
45 43 45 0.0 0.0 7220.0 0.0 6118.0 82.0 123691.0 0.09125871846685352
45 43 46 0.0 0.0 5916.0 0.0 6847.0 66.0 112957.0 0.09472900737532985
45 43 47 0.0 0.0 4625.0 0.0 7677.0 60.0 96206.0 0.0977721907954466
45 43 48 0.0 0.0 3098.0 0.0 11446.0 75.0 49227.0 0.0846279393096778
45 43 49 0.0 0.0 1352.0 0.0 13503.0 34.0 13265.0 0.08301707779886147
45 43 50 0.0 0.0 784.0 0.0 11900.0 30.0 6320.0 0.09536135140657992
45 43 51 0.0 0.0 142.0 0.0 3453.0 19.0 109.0 0.2509860164933667
45 43 52 0.0 0.0 1.0 0.0 26.0 0.0 0.0 0.6906758756783422
45 44 27 0.0 0.0 0.0 0.0 4.0 0.0 0.0 0.6986027944111775
45 44 28 0.0 0.0 5.0 0.0 102.0 1.0 0.0 0.664767331433998
45 44 29 0.0 0.0 118.0 0.0 2645.0 20.0 51.0 0.29517183217372966
45 44 30 0.0 0.0 405.0 0.0 8948.0 21.0 1920.0 0.12347856764861524
45 44 31 0.0 0.0 1086.0 0.0 12928.0 36.0 9713.0 0.08748359682559519
45 44 32 0.0 0.0 2732.0 0.0 11751.0 71.0 43626.0 0.08493084202863381
45 44 33 0.0 0.0 4889.0 0.0 9556.0 77.0 80418.0 0.08514261387824605
45 44 34 0.0 0.0 4991.0 0.0 4169.0 55.0 141097.0 0.12534694242994
45 44 35 0.0 0.0 6939.0 0.0 4712.0 75.0 139319.0 0.10265434814488927
45 44 36 0.0 0.0 7154.0 0.0 3921.0 64.0 149517.0 0.10719754977029095
45 44 37 0.0 0.0 8453.0 0.0 4305.0 83.0 145555.0 0.09504412763068566
45 44 38 0.0 0.0 6883.0 0.0 3327.0 55.0 155140.0 0.11462256427050924
45 44 39 0.0 0.0 8057.0 0.0 4209.0 60.0 144854.0 0.09805981648805771
45 44 40 0.0 0.0 8594.0 0.0 4513.0 61.0 142896.0 0.09266613714588297
45 44 41 0.0 0.0 7614.0 0.0 4027.0 60.0 147055.0 0.10256410256410256
45 44 42 0.0 0.0 7651.0 0.0 4730.0 69.0 139910.0 0.09750661652040674
45 44 43 0.0 0.0 6287.0 0.0 4742.0 60.0 137621.0 0.1074443591711435
45 44 44 0.0 0.0 6457.0 0.0 6181.0 74.0 120119.0 0.09568723942314263
45 44 45 0.0 0.0 5444.0 0.0 5930.0 69.0 120614.0 0.1046337817638266
45 44 46 0.0 0.0 4839.0 0.0 6276.0 80.0 114122.0 0.10679685712106186
45 44 47 0.0 0.0 4193.0 0.0 9758.0 73.0 73951.0 0.08771929824561402
45 44 48 0.0 0.0 2960.0 0.0 10809.0 61.0 52614.0 0.08877615726062142
45 44 49 0.0 0.0 1334.0 0.0 12953.0 33.0 16847.0 0.08590538135853223
45 44 50 0.0 0.0 577.0 0.0 10099.0 24.0 2590.0 0.11053213327017211
45 44 51 0.0 0.0 156.0 0.0 3197.0 16.0 70.0 0.26222138977336573
45 44 52 0.0 0.0 0.0 0.0 25.0 0.0 0.0 0.6913580246913579
45 45 27 0.0 0.0 0.0 0.0 2.0 0.0 0.0 0.6993006993006992
45 45 28 0.0 0.0 4.0 0.0 76.0 1.0 0.0 0.6734006734006733
45 45 29 0.0 0.0 413.0 0.0 8301.0 21.0 1364.0 0.13086558235184145
45 45 30 0.0 0.0 872.0 0.0 12103.0 32.0 8186.0 0.09357037829167222
45 45 31 0.0 0.0 1195.0 0.0 13310.0 30.0 11282.0 0.08481250378627248
45 45 32 0.0 0.0 2054.0 0.0 13682.0 43.0 24638.0 0.07893104809156
45 45 33 0.0 0.0 4161.0 0.0 8484.0 76.0 84826.0 0.09553705472908419
45 45 34 0.0 0.0 5375.0 0.0 7764.0 76.0 99437.0 0.0924397490921096
45 45 35 0.0 0.0 6036.0 0.0 7316.0 80.0 107341.0 0.09124682265528253
45 45 36 0.0 0.0 6440.0 0.0 5897.0 83.0 124200.0 0.09772441714365487
45 45 37 0.0 0.0 7193.0 0.0 6636.0 66.0 118373.0 0.08834479712248375
45 45 38 0.0 0.0 7289.0 0.0 7493.0 82.0 110409.0 0.0834326579261025
45 45 39 0.0 0.0 7316.0 0.0 7147.0 104.0 112873.0 0.08519442585042292
45 45 40 0.0 0.0 5889.0 0.0 4196.0 66.0 143091.0 0.11599005799502898
45 45 41 0.0 0.0 6910.0 0.0 6451.0 81.0 119725.0 0.09100955600338034
45 45 42 0.0 0.0 6745.0 0.0 7772.0 88.0 105517.0 0.08487935006669091
45 45 43 0.0 0.0 5730.0 0.0 8751.0 79.0 90904.0 0.08499271491015055
45 45 44 0.0 0.0 4843.0 0.0 10465.0 79.0 72116.0 0.0808080808080808
45 45 45 0.0 0.0 4511.0 0.0 8794.0 63.0 83189.0 0.09143752857422766
45 45 46 0.0 0.0 3562.0 0.0 11057.0 85.0 57007.0 0.08430180044559522
45 45 47 0.0 0.0 3321.0 0.0 9904.0 93.0 63617.0 0.09212950776520136
45 45 48 0.0 0.0 2368.0 0.0 11736.0 58.0 39379.0 0.0869619231008137
45 45 49 0.0 0.0 1028.0 0.0 13006.0 34.0 9656.0 0.08735804317983276
45 45 50 0.0 0.0 510.0 0.0 9543.0 26.0 2355.0 0.11629838843661737
45 45 51 0.0 0.0 2.0 0.0 187.0 1.0 2.0 0.639853747714808
45 45 52 0.0 0.0 49.0 0.0 878.0 13.0 3.0 0.4804392587508579
45 46 28 0.0 0.0 3.0 0.0 75.0 2.0 0.0 0.6743737957610789
45 46 29 0.0 0.0 155.0 0.0 3503.0 14.0 102.0 0.24800708591674045
45 46 30 0.0 0.0 1092.0 0.0 12601.0 31.0 12913.0 0.08921175046198941
45 46 31 0.0 0.0 715.0 0.0 11552.0 25.0 4332.0 0.09818360333824251
45 46 32 0.0 0.0 2075.0 0.0 12484.0 49.0 30822.0 0.08459725663182065
45 46 33 0.0 0.0 3119.0 0.0 11046.0 72.0 52366.0 0.0866122246968572
45 46 34 0.0 0.0 3612.0 0.0 11363.0 61.0 55652.0 0.08240626287597856
45 46 35 0.0 0.0 4595.0 0.0 8596.0 102.0 86983.0 0.09228132621448815
45 46 36 0.0 0.0 5050.0 0.0 7962.0 68.0 96213.0 0.09322767530132516
45 46 37 0.0 0.0 5032.0 0.0 7593.0 85.0 100005.0 0.0957985493362529
45 46 38 0.0 0.0 5171.0 0.0 9771.0 67.0 79514.0 0.08255203726634824
45 46 39 0.0 0.0 5467.0 0.0 6698.0 86.0 110991.0 0.0989679061218719
45 46 40 0.0 0.0 5704.0 0.0 8424.0 103.0 95152.0 0.08687558175612782
45 46 41 0.0 0.0 5305.0 0.0 7397.0 83.0 104191.0 0.09530292716133422
45 46 42 0.0 0.0 4716.0 0.0 10711.0 71.0 68903.0 0.08021543574170628
45 46 43 0.0 0.0 3791.0 0.0 10902.0 70.0 61419.0 0.08377715277362216
45 46 44 0.0 0.0 3390.0 0.0 10848.0 72.0 56534.0 0.08626001232285889
45 46 45 0.0 0.0 2947.0 0.0 11365.0 55.0 47629.0 0.08581586367537083
45 46 46 0.0 0.0 2449.0 0.0 11867.0 56.0 38715.0 0.0857948277975242
45 46 47 0.0 0.0 1824.0 0.0 12659.0 43.0 25890.0 0.0849463018020751
45 46 48 0.0 0.0 1516.0 0.0 13224.0 45.0 19019.0 0.08365700627427547
45 46 49 0.0 0.0 1013.0 0.0 12652.0 28.0 10142.0 0.08931989281612861
45 46 50 0.0 0.0 476.0 0.0 9545.0 26.0 2370.0 0.11659865078704088
45 46 51 0.0 0.0 11.0 0.0 286.0 4.0 0.0 0.6102877070619005
45 46 52 0.0 0.0 0.0 0.0 20.0 0.0 0.0 0.6930693069306929
45 47 28 0.0 0.0 143.0 0.0 2757.0 24.0 50.0 0.28712059064807216
45 47 29 0.0 0.0 340.0 0.0 6583.0 26.0 573.0 0.15730337078651682
45 47 30 0.0 0.0 729.0 0.0 11246.0 27.0 4112.0 0.10027216731127343
45 47 31 0.0 0.0 655.0 0.0 11073.0 39.0 4100.0 0.10216740859665766
45 47 32 0.0 0.0 1382.0 0.0 12830.0 42.0 18550.0 0.08631319358816275
45 47 33 0.0 0.0 1852.0 0.0 12584.0 47.0 27433.0 0.0852307317667113
45 47 34 0.0 0.0 2269.0 0.0 12414.0 62.0 34247.0 0.08393285371702637
45 47 35 0.0 0.0 2764.0 0.0 12634.0 76.0 38124.0 0.0805616296466797
45 47 36 0.0 0.0 3823.0 0.0 9413.0 92.0 73345.0 0.09186954524575103
45 47 37 0.0 0.0 3410.0 0.0 10809.0 70.0 57796.0 0.08629191321499012
45 47 38 0.0 0.0 3714.0 0.0 10424.0 59.0 63078.0 0.08669804310131285
45 47 39 0.0 0.0 4331.0 0.0 7936.0 84.0 91927.0 0.0981973767272217
45 47 40 0.0 0.0 4382.0 0.0 10233.0 69.0 69965.0 0.08424599831508003
45 47 41 0.0 0.0 4077.0 0.0 9938.0 89.0 69600.0 0.08743442418186359
45 47 42 0.0 0.0 3677.0 0.0 9914.0 70.0 67176.0 0.08978387738087602
45 47 43 0.0 0.0 3009.0 0.0 11585.0 74.0 47595.0 0.08441871683550409
45 47 44 0.0 0.0 1910.0 0.0 13269.0 68.0 23880.0 0.08163265306122448
45 47 45 0.0 0.0 1534.0 0.0 13093.0 40.0 19742.0 0.08421052631578946
45 47 46 0.0 0.0 1136.0 0.0 13229.0 38.0 11169.0 0.08557457212713934
45 47 47 0.0 0.0 1112.0 0.0 12793.0 32.0 12297.0 0.08807801195344447
45 47 48 0.0 0.0 466.0 0.0 9665.0 23.0 2760.0 0.11552108259757404
45 47 49 0.0 0.0 294.0 0.0 6461.0 21.0 604.0 0.1602197299153124
45 47 50 0.0 0.0 237.0 0.0 5536.0 18.0 423.0 0.1803891251127432
45 47 51 0.0 0.0 0.0 0.0 83.0 0.0 0.0 0.6721075372059528
45 47 52 0.0 0.0 0.0 0.0 14.0 0.0 0.0 0.6951340615690167
45 48 28 0.0 0.0 1.0 0.0 26.0 1.0 0.0 0.6910167818361302
45 48 29 0.0 0.0 0.0 0.0 52.0 0.0 0.0 0.6822612085769979
45 48 30 0.0 0.0 120.0 0.0 2608.0 13.0 56.0 0.29679881280474874
45 48 31 0.0 0.0 407.0 0.0 7984.0 16.0 1144.0 0.13480982185844967
45 48 32 0.0 0.0 720.0 0.0 11384.0 26.0 4060.0 0.09934009792095365
45 48 33 0.0 0.0 1034.0 0.0 13011.0 39.0 9811.0 0.0873253493013972
45 48 34 0.0 0.0 1740.0 0.0 12307.0 49.0 26727.0 0.08727635434199861
45 48 35 0.0 0.0 2245.0 0.0 11965.0 57.0 35640.0 0.08637709772951628
45 48 36 0.0 0.0 1397.0 0.0 13462.0 46.0 15331.0 0.08309098462816783
45 48 37 0.0 0.0 2323.0 0.0 12354.0 63.0 35583.0 0.08396305625524768
45 48 38 0.0 0.0 2055.0 0.0 13251.0 52.0 27320.0 0.0809108247124776
45 48 39 0.0 0.0 2963.0 0.0 11642.0 67.0 46639.0 0.0842713537591043
45 48 40 0.0 0.0 2409.0 0.0 12804.0 62.0 33488.0 0.08138588536216719
45 48 41 0.0 0.0 2879.0 0.0 11432.0 60.0 46572.0 0.08578957043936514
45 48 42 0.0 0.0 2701.0 0.0 11241.0 54.0 46062.0 0.08777979810646434
45 48 43 0.0 0.0 2342.0 0.0 11441.0 58.0 40686.0 0.08864125617323033
45 48 44 0.0 0.0 1277.0 0.0 12993.0 39.0 14634.0 0.08614324390844202
45 48 45 0.0 0.0 724.0 0.0 11683.0 27.0 5452.0 0.09724248107244564
45 48 46 0.0 0.0 499.0 0.0 9346.0 14.0 2052.0 0.11821329055138054
45 48 47 0.0 0.0 142.0 0.0 3556.0 13.0 119.0 0.2463054187192118
45 48 48 0.0 0.0 53.0 0.0 1320.0 9.0 10.0 0.4164187983343247
45 48 49 0.0 0.0 22.0 0.0 443.0 6.0 1.0 0.5693371289141926
45 48 50 0.0 0.0 5.0 0.0 166.0 1.0 0.0 0.6451612903225805
45 48 51 0.0 0.0 1.0 0.0 50.0 0.0 0.0 0.68259385665529
45 49 29 0.0 0.0 2.0 0.0 65.0 0.0 0.0 0.6773101112723753
45 49 30 0.0 0.0 129.0 0.0 2595.0 17.0 33.0 0.2973661852166524
45 49 31 0.0 0.0 720.0 0.0 11328.0 32.0 5171.0 0.0997506234413965
45 49 32 0.0 0.0 490.0 0.0 9579.0 14.0 2368.0 0.11604774535809018
45 49 33 0.0 0.0 425.0 0.0 8226.0 22.0 1258.0 0.13161605715897337
45 49 34 0.0 0.0 735.0 0.0 11698.0 33.0 5815.0 0.09710758132759935
45 49 35 0.0 0.0 1196.0 0.0 13156.0 54.0 12723.0 0.08574228319451248
45 49 36 0.0 0.0 1149.0 0.0 13069.0 30.0 12111.0 0.08632916075723006
45 49 37 0.0 0.0 1342.0 0.0 13189.0 38.0 15600.0 0.08472524812394092
45 49 38 0.0 0.0 1487.0 0.0 13106.0 33.0 19095.0 0.08436784379896348
45 49 39 0.0 0.0 984.0 0.0 12589.0 27.0 8082.0 0.08992228145674096
45 49 40 0.0 0.0 1394.0 0.0 12974.0 22.0 16886.0 0.08538667967797023
45 49 41 0.0 0.0 1195.0 0.0 12797.0 41.0 13930.0 0.08764241893076248
45 49 42 0.0 0.0 1609.0 0.0 12811.0 48.0 22363.0 0.0852307317667113
45 49 43 0.0 0.0 1350.0 0.0 13116.0 48.0 15797.0 0.08510120965290863
45 49 44 0.0 0.0 1734.0 0.0 12252.0 44.0 26785.0 0.08760402978537012
45 49 45 0.0 0.0 378.0 0.0 7808.0 17.0 1104.0 0.13757861635220123
45 49 46 0.0 0.0 41.0 0.0 1091.0 9.0 3.0 0.4484304932735425
45 49 47 0.0 0.0 28.0 0.0 808.0 7.0 7.0 0.4948745139625308
45 49 48 0.0 0.0 0.0 0.0 41.0 0.0 0.0 0.6859382655560998
45 49 49 0.0 0.0 0.0 0.0 10.0 0.0 0.0 0.6965174129353233
45 49 50 0.0 0.0 0.0 0.0 4.0 0.0 0.0 0.6986027944111775
45 50 30 0.0 0.0 23.0 0.0 432.0 5.0 2.0 0.5714285714285713
45 50 31 0.0 0.0 132.0 0.0 3261.0 16.0 80.0 0.2602230483271375
45 50 32 0.0 0.0 163.0 0.0 3434.0 17.0 102.0 0.2508960573476702
45 50 33 0.0 0.0 502.0 0.0 9404.0 22.0 1903.0 0.11769651113913408
45 50 34 0.0 0.0 508.0 0.0 9393.0 21.0 2019.0 0.11776581426648719
45 50 35 0.0 0.0 367.0 0.0 7257.0 20.0 803.0 0.14563611775720375
45 50 36 0.0 0.0 338.0 0.0 7183.0 21.0 794.0 0.14736842105263157
45 50 37 0.0 0.0 445.0 0.0 8743.0 26.0 1578.0 0.12527964205816552
45 50 38 0.0 0.0 465.0 0.0 9078.0 31.0 1736.0 0.12152777777777775
45 50 39 0.0 0.0 483.0 0.0 9690.0 22.0 2974.0 0.11507479861910241
45 50 40 0.0 0.0 522.0 0.0 9705.0 19.0 2214.0 0.11463194956194217
45 50 41 0.0 0.0 728.0 0.0 11638.0 30.0 6296.0 0.09750661652040674
45 50 42 0.0 0.0 427.0 0.0 8606.0 28.0 1636.0 0.12709940989559687
45 50 43 0.0 0.0 410.0 0.0 8445.0 24.0 1564.0 0.12918704438497736
45 50 44 0.0 0.0 419.0 0.0 8085.0 20.0 1195.0 0.1333587349971423
45 50 45 0.0 0.0 253.0 0.0 4920.0 32.0 232.0 0.1960509732530458
45 50 46 0.0 0.0 35.0 0.0 697.0 11.0 0.0 0.5145167217934582
45 50 47 0.0 0.0 0.0 0.0 24.0 0.0 0.0 0.6916996047430829
45 50 48 0.0 0.0 21.0 0.0 283.0 5.0 0.0 0.6089604175728577
45 50 49 0.0 0.0 1.0 0.0 47.0 0.0 0.0 0.6835937499999999
45 51 30 0.0 0.0 0.0 0.0 4.0 0.0 0.0 0.6986027944111775
45 51 31 0.0 0.0 0.0 0.0 7.0 0.0 0.0 0.6975585450921773
45 51 32 0.0 0.0 0.0 0.0 33.0 0.0 0.0 0.6886374815543531
45 51 33 0.0 0.0 51.0 0.0 1254.0 7.0 9.0 0.42449969678593086
45 51 34 0.0 0.0 14.0 0.0 232.0 2.0 0.0 0.623885918003565
45 51 35 0.0 0.0 4.0 0.0 178.0 2.0 0.0 0.6424965580541532
45 51 36 0.0 0.0 48.0 0.0 1107.0 11.0 7.0 0.4452926208651399
45 51 37 0.0 0.0 300.0 0.0 6370.0 26.0 641.0 0.16181229773462782
45 51 38 0.0 0.0 34.0 0.0 860.0 9.0 3.0 0.48543689320388345
45 51 39 0.0 0.0 133.0 0.0 3239.0 14.0 108.0 0.261291526689063
45 51 40 0.0 0.0 30.0 0.0 1199.0 3.0 13.0 0.4339739615623062
45 51 41 0.0 0.0 93.0 0.0 2404.0 11.0 45.0 0.31208203299152915
45 51 42 0.0 0.0 244.0 0.0 6115.0 15.0 611.0 0.1676847526649898
45 51 43 0.0 0.0 535.0 0.0 9757.0 28.0 2274.0 0.11408083441981745
45 51 44 0.0 0.0 8.0 0.0 213.0 4.0 1.0 0.6314839873703202
45 51 45 0.0 0.0 14.0 0.0 313.0 6.0 1.0 0.6031882809133993
45 51 46 0.0 0.0 0.0 0.0 10.0 0.0 0.0 0.6965174129353233
45 51 47 0.0 0.0 0.0 0.0 2.0 0.0 0.0 0.6993006993006992
45 51 48 0.0 0.0 0.0 0.0 3.0 0.0 0.0 0.6989515726410384
45 52 33 0.0 0.0 0.0 0.0 1.0 0.0 0.0 0.6996501749125437
45 52 34 0.0 0.0 0.0 0.0 7.0 0.0 0.0 0.6975585450921773
45 52 35 0.0 0.0 76.0 0.0 1424.0 17.0 7.0 0.401836969001148
45 52 36 0.0 0.0 2.0 0.0 73.0 2.0 0.0 0.6753497346840327
45 52 37 0.0 0.0 2.0 0.0 36.0 2.0 0.0 0.6876227897838899
45 52 38 0.0 0.0 0.0 0.0 17.0 0.0 0.0 0.694100148735746
45 52 39 0.0 0.0 1.0 0.0 15.0 0.0 0.0 0.6944444444444444
45 52 40 0.0 0.0 1.0 0.0 108.0 0.0 0.0 0.6638217164532954
45 52 41 0.0 0.0 110.0 0.0 2613.0 12.0 51.0 0.29711375212224106
45 52 42 0.0 0.0 8.0 0.0 161.0 1.0 0.0 0.6457564575645756
45 52 43 0.0 0.0 6.0 0.0 174.0 2.0 0.0 0.6427915518824608
45 52 44 0.0 0.0 5.0 0.0 63.0 1.0 0.0 0.6773101112723753
45 52 45 0.0 0.0 0.0 0.0 4.0 0.0 0.0 0.6986027944111775
45 53 35 0.0 0.0 0.0 0.0 1.0 0.0 0.0 0.6996501749125437
45 53 40 0.0 0.0 0.0 0.0 1.0 0.0 0.0 0.6996501749125437
45 53 42 0.0 0.0 0.0 0.0 1.0 0.0 0.0 0.6996501749125437
46 27 35 0.0 0.0 0.0 0.0 2.0 0.0 0.0 0.6993006993006992
46 27 36 0.0 0.0 1.0 0.0 59.0 1.0 0.0 0.6799417192812044
46 27 37 0.0 0.0 1.0 0.0 10.0 0.0 0.0 0.6961710591745399
46 27 38 0.0 0.0 0.0 0.0 4.0 0.0 0.0 0.6986027944111775
46 27 39 0.0 0.0 0.0 0.0 2.0 0.0 0.0 0.6993006993006992
46 27 40 0.0 0.0 0.0 0.0 13.0 0.0 0.0 0.695479384003974
46 27 41 0.0 0.0 0.0 0.0 14.0 0.0 0.0 0.6951340615690167
46 27 42 0.0 0.0 0.0 0.0 18.0 0.0 0.0 0.6937561942517343
46 27 43 0.0 0.0 0.0 0.0 2.0 0.0 0.0 0.6993006993006992
46 27 48 0.0 0.0 0.0 0.0 2.0 0.0 0.0 0.6993006993006992
46 28 32 0.0 0.0 0.0 0.0 3.0 0.0 0.0 0.6989515726410384
46 28 33 0.0 0.0 0.0 0.0 3.0 0.0 0.0 0.6989515726410384
46 28 34 0.0 0.0 0.0 0.0 7.0 0.0 0.0 0.6975585450921773
46 28 35 0.0 0.0 0.0 0.0 20.0 1.0 0.0 0.6934125804853887
46 28 36 0.0 0.0 0.0 0.0 67.0 0.0 0.0 0.6776379477250725
46 28 37 0.0 0.0 32.0 0.0 725.0 8.0 1.0 0.5092761004001454
46 28 38 0.0 0.0 47.0 0.0 946.0 12.0 7.0 0.4697986577181207
46 28 39 0.0 0.0 62.0 0.0 1333.0 17.0 7.0 0.4144464179988158
46 28 40 0.0 0.0 24.0 0.0 598.0 6.0 1.0 0.5351681957186544
46 28 41 0.0 0.0 145.0 0.0 3636.0 16.0 145.0 0.24280263614290667
46 28 42 0.0 0.0 166.0 0.0 3777.0 14.0 138.0 0.23608768971332209
46 28 43 0.0 0.0 101.0 0.0 2419.0 11.0 43.0 0.3104212860310421
46 28 44 0.0 0.0 34.0 0.0 1010.0 9.0 5.0 0.46128500823723223
46 28 45 0.0 0.0 1.0 0.0 125.0 0.0 0.0 0.6585136406396989
46 28 46 0.0 0.0 0.0 0.0 16.0 0.0 0.0 0.6944444444444444
46 28 47 0.0 0.0 0.0 0.0 21.0 0.0 0.0 0.6927263730826323
46 29 31 0.0 0.0 0.0 0.0 4.0 0.0 0.0 0.6986027944111775
46 29 32 0.0 0.0 0.0 0.0 5.0 0.0 0.0 0.6982543640897755
46 29 33 0.0 0.0 192.0 0.0 3862.0 17.0 123.0 0.23182646133465798
46 29 34 0.0 0.0 8.0 0.0 256.0 4.0 1.0 0.6194690265486725
46 29 35 0.0 0.0 77.0 0.0 1933.0 14.0 27.0 0.3503503503503503
46 29 36 0.0 0.0 111.0 0.0 3081.0 16.0 89.0 0.2704268881591655
46 29 37 0.0 0.0 548.0 0.0 10322.0 30.0 3344.0 0.10894941634241245
46 29 38 0.0 0.0 205.0 0.0 4487.0 24.0 186.0 0.2099895005249737
46 29 39 0.0 0.0 369.0 0.0 7862.0 18.0 1178.0 0.13703993735317146
46 29 40 0.0 0.0 514.0 0.0 9575.0 20.0 2273.0 0.11587485515643105
46 29 41 0.0 0.0 319.0 0.0 7024.0 22.0 807.0 0.1500375093773443
46 29 42 0.0 0.0 844.0 0.0 12235.0 44.0 8476.0 0.09291829826773744
46 29 43 0.0 0.0 787.0 0.0 11752.0 28.0 5388.0 0.09636563876651981
46 29 44 0.0 0.0 82.0 0.0 2182.0 7.0 44.0 0.32894736842105254
46 29 45 0.0 0.0 256.0 0.0 6180.0 15.0 620.0 0.1661918328584995
46 29 46 0.0 0.0 345.0 0.0 6863.0 25.0 732.0 0.15242242787152963
46 29 47 0.0 0.0 7.0 0.0 186.0 0.0 0.0 0.6389776357827475
46 29 48 0.0 0.0 0.0 0.0 8.0 0.0 0.0 0.697211155378486
46 30 30 0.0 0.0 3.0 0.0 64.0 1.0 0.0 0.6776379477250725
46 30 31 0.0 0.0 0.0 0.0 6.0 0.0 0.0 0.6979062811565303
46 30 32 0.0 0.0 0.0 0.0 90.0 0.0 0.0 0.6701771182383915
46 30 33 0.0 0.0 263.0 0.0 5192.0 20.0 290.0 0.18827326519634208
46 30 34 0.0 0.0 107.0 0.0 2528.0 12.0 47.0 0.3027681660899653
46 30 35 0.0 0.0 438.0 0.0 8706.0 18.0 1744.0 0.12572968118545125
46 30 36 0.0 0.0 277.0 0.0 6367.0 23.0 672.0 0.1623564884610924
46 30 37 0.0 0.0 711.0 0.0 11455.0 27.0 6629.0 0.09891196834817012
46 30 38 0.0 0.0 889.0 0.0 12477.0 38.0 8582.0 0.09113396693138913
46 30 39 0.0 0.0 824.0 0.0 12110.0 28.0 6744.0 0.09382120359201179
46 30 40 0.0 0.0 704.0 0.0 11342.0 22.0 4300.0 0.09969379762159081
46 30 41 0.0 0.0 920.0 0.0 12401.0 25.0 8771.0 0.09137188356611407
46 30 42 0.0 0.0 1205.0 0.0 12925.0 29.0 13547.0 0.0868001736003472
46 30 43 0.0 0.0 575.0 0.0 10145.0 19.0 2665.0 0.11003694097304094
46 30 44 0.0 0.0 502.0 0.0 9659.0 27.0 2307.0 0.11529276126163221
46 30 45 0.0 0.0 465.0 0.0 9256.0 20.0 1948.0 0.11953551912568304
46 30 46 0.0 0.0 336.0 0.0 6949.0 23.0 727.0 0.15104110475779478
46 30 47 0.0 0.0 214.0 0.0 5350.0 11.0 369.0 0.18520968382061118
46 30 48 0.0 0.0 0.0 0.0 67.0 0.0 0.0 0.6773101112723753
46 30 49 0.0 0.0 0.0 0.0 11.0 0.0 0.0 0.6961710591745399
46 31 30 0.0 0.0 21.0 0.0 474.0 11.0 1.0 0.5636070853462157
46 31 31 0.0 0.0 0.0 0.0 26.0 0.0 0.0 0.6910167818361302
46 31 32 0.0 0.0 85.0 0.0 1405.0 13.0 11.0 0.4026459591601955
46 31 33 0.0 0.0 499.0 0.0 9691.0 17.0 2607.0 0.11489536315141567
46 31 34 0.0 0.0 176.0 0.0 4444.0 21.0 210.0 0.21205695243865494
46 31 35 0.0 0.0 798.0 0.0 11981.0 32.0 5018.0 0.09481882831019302
46 31 36 0.0 0.0 959.0 0.0 12513.0 33.0 8906.0 0.09055041717870771
46 31 37 0.0 0.0 1136.0 0.0 13038.0 34.0 12189.0 0.08658008658008658
46 31 38 0.0 0.0 1597.0 0.0 13032.0 47.0 20452.0 0.08414472893376607
46 31 39 0.0 0.0 1957.0 0.0 12504.0 37.0 28529.0 0.08504434455108734
46 31 40 0.0 0.0 2072.0 0.0 12801.0 46.0 29410.0 0.0830072334874896
46 31 41 0.0 0.0 2400.0 0.0 11827.0 70.0 38885.0 0.08637709772951628
46 31 42 0.0 0.0 1795.0 0.0 12765.0 36.0 25662.0 0.08447984552256818
46 31 43 0.0 0.0 1526.0 0.0 12987.0 50.0 20347.0 0.08484848484848484
46 31 44 0.0 0.0 1262.0 0.0 12884.0 29.0 14777.0 0.08664438668151997
46 31 45 0.0 0.0 929.0 0.0 12378.0 27.0 8602.0 0.09145544813169584
46 31 46 0.0 0.0 689.0 0.0 11477.0 16.0 4934.0 0.09880028228652081
46 31 47 0.0 0.0 364.0 0.0 7640.0 20.0 958.0 0.14014014014014012
46 31 48 0.0 0.0 249.0 0.0 5746.0 16.0 415.0 0.17537266691719902
46 31 49 0.0 0.0 14.0 0.0 296.0 2.0 0.0 0.6071118820468342
46 31 50 0.0 0.0 0.0 0.0 6.0 0.0 0.0 0.6982543640897755
46 32 29 0.0 0.0 0.0 0.0 6.0 0.0 0.0 0.6979062811565303
46 32 30 0.0 0.0 10.0 0.0 268.0 4.0 0.0 0.615655233069481
46 32 31 0.0 0.0 292.0 0.0 5803.0 24.0 375.0 0.17337461300309592
46 32 32 0.0 0.0 371.0 0.0 8231.0 24.0 1360.0 0.13222516055912353
46 32 33 0.0 0.0 290.0 0.0 6717.0 20.0 743.0 0.15567663738463247
46 32 34 0.0 0.0 782.0 0.0 11690.0 24.0 5357.0 0.09673184550542388
46 32 35 0.0 0.0 783.0 0.0 12057.0 22.0 5719.0 0.09433962264150943
46 32 36 0.0 0.0 1793.0 0.0 12522.0 55.0 26612.0 0.08580534444716842
46 32 37 0.0 0.0 2371.0 0.0 12504.0 62.0 33741.0 0.0830072334874896
46 32 38 0.0 0.0 2769.0 0.0 11579.0 64.0 45119.0 0.08566882878472645
46 32 39 0.0 0.0 3136.0 0.0 11176.0 75.0 51739.0 0.08581060373889059
46 32 40 0.0 0.0 3344.0 0.0 10487.0 66.0 58276.0 0.08832807570977917
46 32 41 0.0 0.0 2989.0 0.0 11628.0 65.0 47459.0 0.08418014551139437
46 32 42 0.0 0.0 3152.0 0.0 10530.0 50.0 56538.0 0.08921743563599285
46 32 43 0.0 0.0 2971.0 0.0 11745.0 67.0 45648.0 0.08368701058042918
46 32 44 0.0 0.0 1854.0 0.0 13432.0 39.0 22648.0 0.08089212457387183
46 32 45 0.0 0.0 1383.0 0.0 13540.0 36.0 13688.0 0.08279614406529066
46 32 46 0.0 0.0 1288.0 0.0 13036.0 47.0 14771.0 0.0857632933104631
46 32 47 0.0 0.0 1148.0 0.0 12833.0 37.0 12263.0 0.08763144717075612
46 32 48 0.0 0.0 371.0 0.0 7591.0 21.0 1009.0 0.14070351758793967
46 32 49 0.0 0.0 350.0 0.0 7362.0 23.0 945.0 0.144419228388694
46 32 50 0.0 0.0 2.0 0.0 103.0 1.0 0.0 0.6660323501427211
46 32 51 0.0 0.0 0.0 0.0 7.0 0.0 0.0 0.6975585450921773
46 33 29 0.0 0.0 68.0 0.0 1840.0 14.0 30.0 0.3597122302158273
46 33 30 0.0 0.0 186.0 0.0 4601.0 15.0 239.0 0.20667257159728372
46 33 31 0.0 0.0 452.0 0.0 8730.0 17.0 1559.0 0.12527964205816552
46 33 32 0.0 0.0 877.0 0.0 12324.0 28.0 7824.0 0.09209314563873174
46 33 33 0.0 0.0 549.0 0.0 9740.0 24.0 2002.0 0.1140436624307592
46 33 34 0.0 0.0 1367.0 0.0 13045.0 37.0 17468.0 0.08537105921092748
46 33 35 0.0 0.0 1645.0 0.0 13056.0 44.0 21450.0 0.08386748936680044
46 33 36 0.0 0.0 2741.0 0.0 11556.0 66.0 44715.0 0.08588957055214723
46 33 37 0.0 0.0 3825.0 0.0 9543.0 77.0 71023.0 0.09116957541026308
46 33 38 0.0 0.0 4337.0 0.0 8089.0 73.0 90292.0 0.09706045479755962
46 33 39 0.0 0.0 4502.0 0.0 10562.0 66.0 68092.0 0.08195281859158227
46 33 40 0.0 0.0 4890.0 0.0 8023.0 88.0 93420.0 0.0939786534201517
46 33 41 0.0 0.0 4757.0 0.0 11683.0 81.0 63272.0 0.0758930991489131
46 33 42 0.0 0.0 4642.0 0.0 9506.0 95.0 77817.0 0.08681632146843606
46 33 43 0.0 0.0 4208.0 0.0 9865.0 77.0 71217.0 0.08707009142359598
46 33 44 0.0 0.0 3586.0 0.0 10825.0 73.0 58991.0 0.08528784648187633
46 33 45 0.0 0.0 3294.0 0.0 10931.0 79.0 56180.0 0.08624407072013798
46 33 46 0.0 0.0 2620.0 0.0 11741.0 67.0 41194.0 0.08559550012227927
46 33 47 0.0 0.0 1612.0 0.0 13702.0 55.0 17016.0 0.08091550109813894
46 33 48 0.0 0.0 1031.0 0.0 12817.0 31.0 10976.0 0.08834479712248375
46 33 49 0.0 0.0 384.0 0.0 7974.0 25.0 1177.0 0.13537033455811254
46 33 50 0.0 0.0 223.0 0.0 5297.0 17.0 369.0 0.18654230512991338
46 33 51 0.0 0.0 1.0 0.0 96.0 0.0 0.0 0.6676204101096804
46 33 52 0.0 0.0 0.0 0.0 2.0 0.0 0.0 0.6993006993006992
46 34 28 0.0 0.0 1.0 0.0 18.0 0.0 0.0 0.6934125804853887
46 34 29 0.0 0.0 49.0 0.0 1529.0 9.0 13.0 0.39237668161434974
46 34 30 0.0 0.0 390.0 0.0 8047.0 18.0 1262.0 0.13431833445265276
46 34 31 0.0 0.0 627.0 0.0 10811.0 27.0 3960.0 0.1042985919690084
46 34 32 0.0 0.0 809.0 0.0 12096.0 25.0 6072.0 0.09392821200939282
46 34 33 0.0 0.0 1452.0 0.0 12842.0 27.0 19043.0 0.085831647354546
46 34 34 0.0 0.0 2002.0 0.0 12391.0 55.0 30805.0 0.08543357539513027
46 34 35 0.0 0.0 2384.0 0.0 12896.0 42.0 32588.0 0.0809482509395779
46 34 36 0.0 0.0 3300.0 0.0 11697.0 77.0 49963.0 0.08237232289950576
46 34 37 0.0 0.0 4525.0 0.0 10174.0 80.0 71872.0 0.08382229673093042
46 34 38 0.0 0.0 5336.0 0.0 7585.0 77.0 102245.0 0.0938274914549963
46 34 39 0.0 0.0 6319.0 0.0 8831.0 90.0 93617.0 0.08163265306122448
46 34 40 0.0 0.0 6644.0 0.0 7637.0 82.0 106614.0 0.08593174564203289
46 34 41 0.0 0.0 6147.0 0.0 5918.0 77.0 122965.0 0.09953785993601136
46 34 42 0.0 0.0 5714.0 0.0 5667.0 67.0 124956.0 0.10455563853622105
46 34 43 0.0 0.0 5678.0 0.0 6418.0 64.0 115855.0 0.09922041105598865
46 34 44 0.0 0.0 5215.0 0.0 8221.0 78.0 96411.0 0.09067357512953367
46 34 45 0.0 0.0 4539.0 0.0 9875.0 92.0 75454.0 0.08532943255927347
46 34 46 0.0 0.0 3576.0 0.0 10727.0 69.0 60853.0 0.08577905765578088
46 34 47 0.0 0.0 2464.0 0.0 11696.0 60.0 39929.0 0.08667120658701169
46 34 48 0.0 0.0 1787.0 0.0 12710.0 48.0 25503.0 0.08487935006669091
46 34 49 0.0 0.0 897.0 0.0 12337.0 29.0 6746.0 0.09193590753874441
46 34 50 0.0 0.0 289.0 0.0 6578.0 18.0 673.0 0.15817421760253078
46 34 51 0.0 0.0 92.0 0.0 1958.0 12.0 21.0 0.3466204506065857
46 34 52 0.0 0.0 8.0 0.0 53.0 0.0 0.0 0.6792819019893255
46 35 28 0.0 0.0 1.0 0.0 47.0 0.0 0.0 0.6835937499999999
46 35 29 0.0 0.0 85.0 0.0 2525.0 12.0 53.0 0.3042816778961095
46 35 30 0.0 0.0 700.0 0.0 11323.0 30.0 4607.0 0.09991435912075362
46 35 31 0.0 0.0 1457.0 0.0 12859.0 40.0 18925.0 0.08584217303329449
46 35 32 0.0 0.0 1333.0 0.0 13371.0 39.0 14389.0 0.08381727833323353
46 35 33 0.0 0.0 1887.0 0.0 13289.0 53.0 23434.0 0.08158508158508158
46 35 34 0.0 0.0 3018.0 0.0 11328.0 70.0 49523.0 0.08567407135426228
46 35 35 0.0 0.0 3601.0 0.0 10984.0 84.0 58076.0 0.08444927011702255
46 35 36 0.0 0.0 4274.0 0.0 10971.0 87.0 62977.0 0.08121591831999071
46 35 37 0.0 0.0 5517.0 0.0 8989.0 94.0 89073.0 0.08481764206955045
46 35 38 0.0 0.0 6690.0 0.0 6919.0 85.0 114611.0 0.08972058446552166
46 35 39 0.0 0.0 6455.0 0.0 4559.0 61.0 138812.0 0.1076426264800861
46 35 40 0.0 0.0 6350.0 0.0 3833.0 52.0 149176.0 0.11490479317137228
46 35 41 0.0 0.0 7516.0 0.0 4936.0 71.0 138284.0 0.09686570262229294
46 35 42 0.0 0.0 6190.0 0.0 3738.0 59.0 148295.0 0.1174496644295302
46 35 43 0.0 0.0 7118.0 0.0 6002.0 66.0 124481.0 0.0925497454881999
46 35 44 0.0 0.0 6533.0 0.0 6494.0 71.0 117759.0 0.09318423855165069
46 35 45 0.0 0.0 5523.0 0.0 6573.0 74.0 114026.0 0.09932600212841432
46 35 46 0.0 0.0 4496.0 0.0 9166.0 84.0 81132.0 0.08927432725417675
46 35 47 0.0 0.0 2841.0 0.0 12018.0 60.0 41859.0 0.0830515512843329
46 35 48 0.0 0.0 2279.0 0.0 11462.0 52.0 39848.0 0.0889058233314282
46 35 49 0.0 0.0 1556.0 0.0 13095.0 47.0 20007.0 0.08407903429223469
46 35 50 0.0 0.0 815.0 0.0 12021.0 22.0 6830.0 0.09437141894169193
46 35 51 0.0 0.0 101.0 0.0 2445.0 12.0 48.0 0.30884623869402156
46 35 52 0.0 0.0 0.0 0.0 36.0 0.0 0.0 0.6876227897838899
46 35 53 0.0 0.0 0.0 0.0 4.0 0.0 0.0 0.6989515726410384
46 36 27 0.0 0.0 0.0 0.0 6.0 0.0 0.0 0.6979062811565303
46 36 28 0.0 0.0 21.0 0.0 561.0 7.0 1.0 0.5439005439005438
46 36 29 0.0 0.0 223.0 0.0 5282.0 9.0 383.0 0.1867164577220592
46 36 30 0.0 0.0 710.0 0.0 11345.0 27.0 4313.0 0.09968669894616916
46 36 31 0.0 0.0 1264.0 0.0 12820.0 33.0 14990.0 0.0870430241233524
46 36 32 0.0 0.0 2774.0 0.0 11377.0 73.0 46346.0 0.08672489623985627
46 36 33 0.0 0.0 3974.0 0.0 9757.0 74.0 70999.0 0.08904153151434203
46 36 34 0.0 0.0 4200.0 0.0 10809.0 81.0 63950.0 0.08231420507996236
46 36 35 0.0 0.0 4724.0 0.0 10241.0 98.0 72498.0 0.08260074340669064
46 36 36 0.0 0.0 5486.0 0.0 8831.0 84.0 89617.0 0.08587903324745429
46 36 37 0.0 0.0 6692.0 0.0 8230.0 79.0 100880.0 0.08264950705472578
46 36 38 0.0 0.0 7012.0 0.0 4850.0 66.0 137617.0 0.10104655359076145
46 36 39 0.0 0.0 8538.0 0.0 5246.0 72.0 136308.0 0.08873114463176573
46 36 40 0.0 0.0 6912.0 0.0 2825.0 42.0 160976.0 0.11914893617021274
46 36 41 0.0 0.0 8359.0 0.0 3593.0 54.0 153082.0 0.1004016064257028
46 36 42 0.0 0.0 7626.0 0.0 3716.0 58.0 150702.0 0.10491606714628296
46 36 43 0.0 0.0 7840.0 0.0 4458.0 67.0 143931.0 0.09794319294809009
46 36 44 0.0 0.0 6863.0 0.0 4611.0 76.0 140622.0 0.10385756676557861
46 36 45 0.0 0.0 6455.0 0.0 6525.0 80.0 117828.0 0.09340805978115825
46 36 46 0.0 0.0 5265.0 0.0 9115.0 102.0 85955.0 0.08550662676357416
46 36 47 0.0 0.0 3434.0 0.0 11893.0 69.0 50341.0 0.0808687615526802
46 36 48 0.0 0.0 2431.0 0.0 12132.0 63.0 37472.0 0.08454106280193237
46 36 49 0.0 0.0 1359.0 0.0 13287.0 35.0 14446.0 0.08413967185527976
46 36 50 0.0 0.0 779.0 0.0 12000.0 25.0 5491.0 0.09478031277503214
46 36 51 0.0 0.0 275.0 0.0 5746.0 24.0 429.0 0.17499999999999996
46 36 52 0.0 0.0 103.0 0.0 2515.0 11.0 29.0 0.30381944444444436
46 36 53 0.0 0.0 1.0 0.0 18.0 0.0 0.0 0.6934125804853887
46 37 27 0.0 0.0 0.0 0.0 2.0 0.0 0.0 0.6993006993006992
46 37 28 0.0 0.0 43.0 0.0 1009.0 8.0 5.0 0.45992115637319314
46 37 29 0.0 0.0 527.0 0.0 9579.0 22.0 2049.0 0.11571204231754689
46 37 30 0.0 0.0 1231.0 0.0 13074.0 33.0 12938.0 0.0858948401742438
46 37 31 0.0 0.0 1945.0 0.0 12453.0 57.0 29764.0 0.08536585365853656
46 37 32 0.0 0.0 3349.0 0.0 11170.0 83.0 54438.0 0.08488964346349745
46 37 33 0.0 0.0 4692.0 0.0 6961.0 67.0 105098.0 0.10248901903367494
46 37 34 0.0 0.0 5630.0 0.0 8250.0 84.0 95693.0 0.08811681772406847
46 37 35 0.0 0.0 6402.0 0.0 7380.0 87.0 106826.0 0.08865248226950354
46 37 36 0.0 0.0 6848.0 0.0 7009.0 64.0 112721.0 0.0880890958283521
46 37 37 0.0 0.0 7803.0 0.0 6371.0 88.0 122369.0 0.08659079663532904
46 37 38 0.0 0.0 7948.0 0.0 4707.0 49.0 141426.0 0.09532888465204957
46 37 39 0.0 0.0 7315.0 0.0 2969.0 57.0 160321.0 0.11401579933219316
46 37 40 0.0 1.0 8531.0 0.0 3190.0 44.0 158052.0 0.10191453738079638
46 37 41 0.0 0.0 8380.0 0.0 3046.0 41.0 159537.0 0.1042054335690361
46 37 42 0.0 0.0 7832.0 0.0 2871.0 44.0 160829.0 0.11021018657010154
46 37 43 0.0 0.0 7205.0 0.0 3136.0 45.0 158076.0 0.11340623734305386
46 37 44 0.0 0.0 7949.0 0.0 4335.0 46.0 144167.0 0.09798432250839864
46 37 45 0.0 0.0 7201.0 0.0 5880.0 72.0 127056.0 0.09282588516111921
46 37 46 0.0 0.0 5640.0 0.0 6475.0 75.0 115729.0 0.09926965893781463
46 37 47 0.0 0.0 4156.0 0.0 10585.0 76.0 66043.0 0.08359706216038693
46 37 48 0.0 0.0 2449.0 0.0 12400.0 57.0 36893.0 0.0830564784053156
46 37 49 0.0 0.0 1920.0 0.0 12171.0 66.0 29934.0 0.08710801393728222
46 37 50 0.0 0.0 1194.0 0.0 13228.0 31.0 12400.0 0.08518924181574783
46 37 51 0.0 0.0 468.0 0.0 9811.0 26.0 2863.0 0.11409942950285247
46 37 52 0.0 0.0 21.0 0.0 460.0 7.0 0.0 0.5656565656565656
46 37 53 0.0 0.0 0.0 0.0 3.0 0.0 0.0 0.6989515726410384
46 38 27 0.0 0.0 0.0 0.0 2.0 0.0 0.0 0.6993006993006992
46 38 28 0.0 0.0 0.0 0.0 164.0 1.0 1.0 0.6475485661424606
46 38 29 0.0 0.0 522.0 0.0 9310.0 19.0 1662.0 0.11841326228537594
46 38 30 0.0 0.0 1331.0 0.0 12609.0 33.0 18676.0 0.08781283321834032
46 38 31 0.0 0.0 2145.0 0.0 12588.0 51.0 31084.0 0.08361703398435165
46 38 32 0.0 0.0 3541.0 0.0 11637.0 68.0 52580.0 0.08148536173680228
46 38 33 0.0 0.0 5250.0 0.0 6138.0 81.0 116831.0 0.10460251046025103
46 38 34 0.0 0.0 5688.0 0.0 4696.0 46.0 136633.0 0.11287591711682657
46 38 35 0.0 0.0 6183.0 0.0 4088.0 66.0 144560.0 0.11421112742698644
46 38 36 0.0 0.0 7252.0 0.0 4772.0 62.0 139615.0 0.09984310369419482
46 38 37 0.0 0.0 7294.0 0.0 4054.0 62.0 149607.0 0.1048767697954903
46 38 38 0.0 0.0 7185.0 0.0 3189.0 48.0 156663.0 0.1129761136216914
46 38 39 0.0 0.0 7819.0 0.0 3143.0 57.0 158088.0 0.1080997606362443
46 38 40 0.0 0.0 9176.0 0.0 3392.0 64.0 155333.0 0.09620009620009619
46 38 41 0.0 0.0 7637.0 0.0 2532.0 37.0 165006.0 0.11498028909329829
46 38 42 0.0 0.0 8339.0 0.0 2912.0 35.0 161182.0 0.10554885404101326
46 38 43 0.0 0.0 8578.0 0.0 3238.0 42.0 157035.0 0.10128047457136655
46 38 44 0.0 0.0 8091.0 0.0 3786.0 58.0 151719.0 0.1009009009009009
46 38 45 0.0 0.0 7232.0 0.0 4310.0 55.0 145007.0 0.10342025559577454
46 38 46 0.0 0.0 6309.0 0.0 6490.0 81.0 116473.0 0.09456903539583895
46 38 47 0.0 0.0 4423.0 0.0 11809.0 67.0 58990.0 0.07676280293891873
46 38 48 0.0 0.0 2887.0 0.0 12230.0 62.0 42586.0 0.08174227827407017
46 38 49 0.0 0.0 2423.0 0.0 11847.0 48.0 39257.0 0.08592647149082427
46 38 50 0.0 0.0 1245.0 0.0 13123.0 35.0 13997.0 0.08555365436323636
46 38 51 0.0 0.0 216.0 0.0 5066.0 17.0 285.0 0.19267822736030824
46 38 52 0.0 0.0 23.0 0.0 694.0 8.0 2.0 0.5167958656330748
46 38 53 0.0 0.0 0.0 0.0 1.0 0.0 0.0 0.6996501749125437
46 39 27 0.0 0.0 0.0 0.0 3.0 0.0 0.0 0.6989515726410384
46 39 28 0.0 0.0 23.0 0.0 794.0 4.0 5.0 0.4976892996800568
46 39 29 0.0 0.0 294.0 0.0 6372.0 18.0 536.0 0.16183100219627788
46 39 30 0.0 0.0 860.0 0.0 12315.0 27.0 6283.0 0.09225700164744645
46 39 31 0.0 0.0 2080.0 0.0 12319.0 48.0 31220.0 0.08537626539821928
46 39 32 0.0 0.0 3901.0 0.0 10656.0 55.0 63372.0 0.08429672447013487
46 39 33 0.0 0.0 5757.0 0.0 7125.0 72.0 107981.0 0.0939786534201517
46 39 34 0.0 0.0 7035.0 0.0 5152.0 69.0 134766.0 0.09863322530646751
46 39 35 0.0 0.0 6576.0 0.0 3660.0 49.0 151459.0 0.11414594374235629
46 39 36 0.0 0.0 7199.0 0.0 3748.0 61.0 151790.0 0.10813315826060091
46 39 37 0.0 0.0 8010.0 1.0 3932.0 51.0 150231.0 0.10033684512291263
46 39 38 0.0 0.0 9204.0 0.0 4370.0 57.0 144519.0 0.08989341209708487
46 39 39 0.0 0.0 9160.0 0.0 3988.0 68.0 150040.0 0.09251916468411313
46 39 40 0.0 0.0 10044.0 0.0 4097.0 52.0 148602.0 0.08667120658701169
46 39 41 0.0 0.0 7876.0 0.0 2616.0 44.0 164470.0 0.11217948717948717
46 39 42 0.0 0.0 8685.0 0.0 2863.0 49.0 161977.0 0.10338970533933976
46 39 43 0.0 0.0 7350.0 0.0 2519.0 39.0 165380.0 0.11785503830288745
46 39 44 0.0 0.0 6480.0 0.0 2592.0 47.0 164653.0 0.1264679313459801
46 39 45 0.0 0.0 7102.0 0.0 3712.0 58.0 151676.0 0.10932375449008276
46 39 46 0.0 0.0 5826.0 0.0 4033.0 45.0 144874.0 0.11779554059739164
46 39 47 0.0 0.0 5345.0 0.0 8607.0 103.0 91579.0 0.08785140562248994
46 39 48 0.0 0.0 4029.0 0.0 9610.0 89.0 73311.0 0.0895312400076741
46 39 49 0.0 0.0 2659.0 0.0 11166.0 78.0 46683.0 0.08851236011885943
46 39 50 0.0 0.0 1374.0 0.0 12790.0 41.0 18177.0 0.08656937917388077
46 39 51 0.0 0.0 798.0 0.0 11788.0 24.0 5317.0 0.09605488850771869
46 39 52 0.0 0.0 56.0 0.0 1348.0 12.0 11.0 0.41273584905660365
46 39 53 0.0 0.0 0.0 0.0 3.0 0.0 0.0 0.6989515726410384
46 40 27 0.0 0.0 0.0 0.0 5.0 0.0 0.0 0.6982543640897755
46 40 28 0.0 0.0 15.0 0.0 386.0 6.0 0.0 0.5845511482254696
46 40 29 0.0 0.0 303.0 0.0 7212.0 21.0 948.0 0.14735291021997685
46 40 30 0.0 0.0 1221.0 0.0 12910.0 35.0 13859.0 0.08683247534577931
46 40 31 0.0 0.0 1849.0 0.0 13451.0 58.0 22839.0 0.08094357076780757
46 40 32 0.0 0.0 3956.0 0.0 11081.0 64.0 61445.0 0.08202484180923364
46 40 33 0.0 0.0 5574.0 0.0 6497.0 76.0 114893.0 0.0994742077589882
46 40 34 0.0 0.0 5296.0 0.0 3435.0 48.0 152041.0 0.13049962714392244
46 40 35 0.0 0.0 7984.0 0.0 4657.0 59.0 140866.0 0.095654550423613
46 40 36 0.0 0.0 8649.0 0.0 4350.0 61.0 146451.0 0.09318423855165069
46 40 37 0.0 0.0 8594.0 0.0 3815.0 64.0 149835.0 0.09709411193564046
46 40 38 0.0 1.0 7668.0 0.0 2994.0 41.0 158568.0 0.11058451816745654
46 40 39 0.0 0.0 8217.0 0.0 3269.0 52.0 157670.0 0.10372675409350225
46 40 40 0.0 0.0 9552.0 0.0 3754.0 50.0 152372.0 0.09142558610331089
46 40 41 0.0 0.0 8402.0 0.0 2758.0 44.0 162657.0 0.10636681355417109
46 40 42 0.0 0.0 9650.0 0.0 3386.0 46.0 154910.0 0.09311606252078482
46 40 43 0.0 0.0 7680.0 0.0 2723.0 35.0 162424.0 0.11278498348505597
46 40 44 0.0 0.0 8261.0 0.0 3592.0 51.0 153337.0 0.1009009009009009
46 40 45 0.0 0.0 6483.0 0.0 2968.0 48.0 158307.0 0.12217470983506411
46 40 46 0.0 0.0 5854.0 0.0 3922.0 46.0 146705.0 0.11886568177958906
46 40 47 0.0 0.0 5472.0 0.0 6260.0 62.0 117963.0 0.10184040154215464
46 40 48 0.0 0.0 3836.0 0.0 11169.0 68.0 58460.0 0.08233841086867023
46 40 49 0.0 0.0 1737.0 0.0 13310.0 32.0 21358.0 0.08204887768856589
46 40 50 0.0 0.0 792.0 0.0 11928.0 32.0 5133.0 0.09523161689680973
46 40 51 0.0 0.0 494.0 0.0 9426.0 28.0 2137.0 0.11766683476214489
46 40 52 0.0 0.0 63.0 0.0 1290.0 7.0 4.0 0.4184100418410041
46 40 53 0.0 0.0 0.0 0.0 1.0 0.0 0.0 0.6996501749125437
46 41 27 0.0 0.0 0.0 0.0 15.0 0.0 0.0 0.694789081885856
46 41 28 0.0 0.0 118.0 0.0 2847.0 15.0 62.0 0.2828854314002828
46 41 29 0.0 0.0 1023.0 0.0 12717.0 27.0 10098.0 0.08891146957957576
46 41 30 0.0 0.0 1254.0 0.0 12989.0 31.0 14229.0 0.08619097457366248
46 41 31 0.0 0.0 1736.0 0.0 13356.0 45.0 21479.0 0.08195281859158227
46 41 32 0.0 0.0 3771.0 0.0 10377.0 66.0 64692.0 0.08661758336942398
46 41 33 0.0 0.0 5358.0 0.0 10299.0 95.0 75541.0 0.07941009642654565
46 41 34 0.0 0.0 7021.0 0.0 6503.0 83.0 119954.0 0.0901539055959817
46 41 35 0.0 0.0 8154.0 0.0 4726.0 47.0 140842.0 0.09401652004566516
46 41 36 0.0 0.0 6534.0 0.0 2822.0 43.0 160772.0 0.12336975678533661
46 41 37 0.0 0.0 7579.0 0.0 3365.0 51.0 157057.0 0.10816657652785289
46 41 38 0.0 0.0 8993.0 0.0 4296.0 69.0 145845.0 0.09166502979113467
46 41 39 0.0 0.0 8706.0 0.0 3604.0 58.0 153130.0 0.09777901941611956
46 41 40 0.0 0.0 8630.0 0.0 3311.0 60.0 156411.0 0.10052416170029438
46 41 41 0.0 0.0 7204.0 0.0 2537.0 43.0 165627.0 0.1192910702113156
46 41 42 0.0 0.0 8794.0 0.0 3291.0 36.0 157080.0 0.0991852639036486
46 41 43 0.0 0.0 7830.0 0.0 3122.0 42.0 158335.0 0.10799969142945305
46 41 44 0.0 0.0 6117.0 0.0 2707.0 37.0 161433.0 0.12936610608020696
46 41 45 0.0 0.0 7145.0 0.0 4297.0 72.0 143690.0 0.1041511679809552
46 41 46 0.0 0.0 5832.0 0.0 4346.0 45.0 140306.0 0.11470708725931994
46 41 47 0.0 0.0 5369.0 0.0 6625.0 68.0 111872.0 0.10001428775539362
46 41 48 0.0 0.0 3903.0 0.0 10153.0 95.0 67710.0 0.08727635434199861
46 41 49 0.0 0.0 1401.0 0.0 13471.0 34.0 14820.0 0.08297279677591417
46 41 50 0.0 0.0 868.0 0.0 12104.0 25.0 8311.0 0.0935891436593355
46 41 51 0.0 0.0 561.0 0.0 9969.0 22.0 2507.0 0.11182108626198081
46 41 52 0.0 0.0 124.0 0.0 2701.0 16.0 49.0 0.2909393183707398
46 41 53 0.0 0.0 0.0 0.0 2.0 0.0 0.0 0.6993006993006992
46 42 27 0.0 0.0 0.0 0.0 7.0 0.0 0.0 0.6975585450921773
46 42 28 0.0 0.0 209.0 0.0 4763.0 19.0 242.0 0.2012361650136553
46 42 29 0.0 0.0 588.0 0.0 10561.0 25.0 3213.0 0.10655301012253594
46 42 30 0.0 0.0 965.0 0.0 12747.0 28.0 9191.0 0.08910386965376782
46 42 31 0.0 0.0 1713.0 0.0 13133.0 40.0 22101.0 0.08306633440132906
46 42 32 0.0 0.0 2985.0 0.0 11543.0 57.0 47177.0 0.08466888418506198
46 42 33 0.0 0.0 4883.0 0.0 9091.0 71.0 83860.0 0.08750546909181822
46 42 34 0.0 0.0 6365.0 0.0 5898.0 84.0 124060.0 0.09834223096375386
46 42 35 0.0 0.0 6726.0 0.0 4078.0 64.0 147405.0 0.10922140739584957
46 42 36 0.0 0.0 7365.0 0.0 3541.0 44.0 153927.0 0.1082753286929621
46 42 37 0.0 0.0 8334.0 0.0 4208.0 54.0 147773.0 0.09617366215566393
46 42 38 0.0 0.0 6998.0 0.0 3155.0 47.0 157854.0 0.11514104778353482
46 42 39 0.0 0.0 7050.0 0.0 3131.0 47.0 157934.0 0.11483881551964562
46 42 40 0.0 0.0 8642.0 0.0 4170.0 57.0 147111.0 0.09446056271506645
46 42 41 0.0 0.0 7684.0 0.0 3485.0 57.0 154253.0 0.10634257500949486
46 42 42 0.0 0.0 7302.0 0.0 3224.0 41.0 157986.0 0.1116516468617912
46 42 43 0.0 0.0 6894.0 0.0 3414.0 59.0 154004.0 0.1140436624307592
46 42 44 0.0 0.0 7669.0 0.0 5212.0 77.0 134325.0 0.09414929388029589
46 42 45 0.0 0.0 6888.0 0.0 5881.0 78.0 124455.0 0.09472259810554803
46 42 46 0.0 0.0 6167.0 0.0 8401.0 87.0 97702.0 0.08452064718666988
46 42 47 0.0 0.0 5005.0 0.0 7398.0 76.0 101900.0 0.09717498438259178
46 42 48 0.0 0.0 3578.0 0.0 10169.0 65.0 63061.0 0.08888888888888888
46 42 49 0.0 0.0 1458.0 0.0 13100.0 38.0 18245.0 0.08463817181548877
46 42 50 0.0 0.0 546.0 0.0 9835.0 28.0 2245.0 0.11319534282018111
46 42 51 0.0 0.0 109.0 0.0 2565.0 8.0 56.0 0.3002358996354278
46 42 52 0.0 0.0 1.0 0.0 56.0 1.0 0.0 0.6809338521400777
46 43 27 0.0 0.0 0.0 0.0 7.0 0.0 0.0 0.6975585450921773
46 43 28 0.0 0.0 1.0 0.0 86.0 0.0 0.0 0.670819357930043
46 43 29 0.0 0.0 387.0 0.0 8493.0 22.0 1652.0 0.12886597938144329
46 43 30 0.0 0.0 592.0 0.0 10631.0 23.0 3541.0 0.1058761249338274
46 43 31 0.0 0.0 1025.0 0.0 12791.0 33.0 8999.0 0.08855154965211891
46 43 32 0.0 0.0 2567.0 0.0 12770.0 73.0 36073.0 0.08081274532440544
46 43 33 0.0 0.0 4772.0 0.0 8937.0 97.0 84980.0 0.089126559714795
46 43 34 0.0 0.0 5493.0 0.0 4872.0 60.0 133834.0 0.11317704122877928
46 43 35 0.0 0.0 6111.0 0.0 3867.0 52.0 147497.0 0.1167931926253441
46 43 36 0.0 0.0 6479.0 0.0 3610.0 41.0 151367.0 0.11561648360723427
46 43 37 0.0 0.0 6794.0 0.0 3655.0 45.0 151447.0 0.11238660993818735
46 43 38 0.0 0.0 8494.0 0.0 5228.0 59.0 135416.0 0.0889679715302491
46 43 39 0.0 0.0 8147.0 0.0 5432.0 59.0 132455.0 0.08975509680728297
46 43 40 0.0 0.0 7632.0 0.0 4835.0 72.0 137336.0 0.0968054211035818
46 43 41 0.0 0.0 7353.0 0.0 4637.0 47.0 141197.0 0.09999285765302476
46 43 42 0.0 0.0 6735.0 0.0 4027.0 72.0 145969.0 0.1098211484154377
46 43 43 0.0 0.0 7142.0 0.0 5419.0 59.0 131082.0 0.09613403831628098
46 43 44 0.0 0.0 6240.0 0.0 5691.0 79.0 124960.0 0.10060362173038229
46 43 45 0.0 0.0 6005.0 0.0 7929.0 77.0 99165.0 0.08779080704834764
46 43 46 0.0 0.0 4944.0 0.0 6453.0 70.0 112131.0 0.10444643390032825
46 43 47 0.0 0.0 3646.0 0.0 11544.0 63.0 52777.0 0.08134805345729226
46 43 48 0.0 0.0 3275.0 0.0 10589.0 78.0 57923.0 0.0882445635045698
46 43 49 0.0 0.0 1395.0 0.0 13146.0 40.0 16219.0 0.08465864425228276
46 43 50 0.0 0.0 796.0 0.0 11871.0 24.0 6774.0 0.09540034071550255
46 43 51 0.0 0.0 51.0 0.0 1276.0 15.0 8.0 0.4227053140096617
46 43 52 0.0 0.0 0.0 0.0 3.0 0.0 0.0 0.6989515726410384
46 44 27 0.0 0.0 0.0 0.0 6.0 0.0 0.0 0.6979062811565303
46 44 28 0.0 0.0 2.0 0.0 124.0 0.0 0.0 0.6585136406396989
46 44 29 0.0 0.0 114.0 0.0 3356.0 8.0 105.0 0.2562694490206846
46 44 30 0.0 0.0 545.0 0.0 10268.0 26.0 3049.0 0.10934083099031551
46 44 31 0.0 0.0 1471.0 0.0 13249.0 35.0 17709.0 0.08367700675392982
46 44 32 0.0 0.0 2331.0 0.0 12592.0 53.0 33396.0 0.08272276057669581
46 44 33 0.0 0.0 4639.0 0.0 9066.0 72.0 83162.0 0.089126559714795
46 44 34 0.0 0.0 5100.0 0.0 5171.0 62.0 127548.0 0.11397866970609785
46 44 35 0.0 0.0 6629.0 0.0 7521.0 86.0 107235.0 0.08673026886383346
46 44 36 0.0 0.0 6614.0 0.0 5335.0 75.0 131312.0 0.1003656176069969
46 44 37 0.0 0.0 6034.0 0.0 4391.0 61.0 141534.0 0.11262167162738314
46 44 38 0.0 0.0 6356.0 0.0 5032.0 63.0 134999.0 0.10461032653366209
46 44 39 0.0 0.0 7172.0 0.0 7667.0 87.0 107070.0 0.08316008316008315
46 44 40 0.0 0.0 6596.0 0.0 6733.0 75.0 115038.0 0.09122898475172683
46 44 41 0.0 0.0 6776.0 0.0 7329.0 79.0 109357.0 0.0868001736003472
46 44 42 0.0 0.0 6349.0 0.0 6327.0 63.0 119131.0 0.09523809523809523
46 44 43 0.0 0.0 6120.0 0.0 8349.0 83.0 98077.0 0.08511673151750972
46 44 44 0.0 0.0 5597.0 0.0 8048.0 89.0 98124.0 0.08962294347352921
46 44 45 0.0 0.0 4931.0 0.0 8908.0 78.0 86282.0 0.0883615248674577
46 44 46 0.0 0.0 4224.0 0.0 10389.0 87.0 68929.0 0.08432718949524153
46 44 47 0.0 0.0 3440.0 0.0 10237.0 80.0 62514.0 0.08935980085530094
46 44 48 0.0 0.0 2532.0 0.0 11658.0 64.0 41549.0 0.0864410965670536
46 44 49 0.0 0.0 1175.0 0.0 13030.0 42.0 11735.0 0.08647847303724751
46 44 50 0.0 0.0 491.0 0.0 9767.0 23.0 2476.0 0.11432304425934998
46 44 51 0.0 0.0 98.0 0.0 3053.0 10.0 87.0 0.2722146607038693
46 44 52 0.0 0.0 0.0 0.0 10.0 0.0 0.0 0.6965174129353233
46 45 28 0.0 0.0 1.0 0.0 68.0 0.0 0.0 0.6766553890768486
46 45 29 0.0 0.0 209.0 0.0 4367.0 16.0 181.0 0.2133821063862216
46 45 30 0.0 0.0 190.0 0.0 4951.0 27.0 283.0 0.19676739283204495
46 45 31 0.0 0.0 747.0 0.0 11771.0 21.0 4868.0 0.09646523806242678
46 45 32 0.0 0.0 2503.0 0.0 11731.0 59.0 40636.0 0.08628127696289904
46 45 33 0.0 0.0 3675.0 0.0 10843.0 69.0 59673.0 0.08470474346563406
46 45 34 0.0 0.0 4698.0 0.0 8312.0 99.0 89704.0 0.09343299519487452
46 45 35 0.0 0.0 5268.0 0.0 9677.0 84.0 81329.0 0.08257638315441783
46 45 36 0.0 0.0 5562.0 0.0 8313.0 98.0 94900.0 0.08829465186680119
46 45 37 0.0 0.0 5766.0 0.0 9615.0 102.0 84656.0 0.0806312273224673
46 45 38 0.0 0.0 5686.0 0.0 8245.0 75.0 96107.0 0.08778530223225482
46 45 39 0.0 0.0 5570.0 0.0 9116.0 81.0 87148.0 0.08386748936680044
46 45 40 0.0 0.0 5478.0 0.0 8786.0 81.0 91168.0 0.08611145282322548
46 45 41 0.0 0.0 5315.0 0.0 7678.0 67.0 99994.0 0.0932773669131854
46 45 42 0.0 0.0 4948.0 0.0 9221.0 83.0 83419.0 0.0866765725606736
46 45 43 0.0 0.0 4582.0 0.0 9030.0 67.0 83301.0 0.08959999999999999
46 45 44 0.0 0.0 4435.0 0.0 8548.0 85.0 86095.0 0.09343923112861242
46 45 45 0.0 0.0 3906.0 0.0 9054.0 69.0 76352.0 0.09358288770053474
46 45 46 0.0 0.0 3320.0 0.0 11007.0 71.0 54320.0 0.08571078731480347
46 45 47 0.0 0.0 1909.0 0.0 13253.0 58.0 24029.0 0.08166122258516098
46 45 48 0.0 0.0 1721.0 0.0 12600.0 53.0 25056.0 0.08592647149082427
46 45 49 0.0 0.0 871.0 0.0 12352.0 30.0 7130.0 0.09202050742736952
46 45 50 0.0 0.0 294.0 0.0 6487.0 21.0 685.0 0.15967153284671531
46 45 51 0.0 0.0 185.0 0.0 3852.0 16.0 143.0 0.23255813953488366
46 45 52 0.0 0.0 0.0 0.0 9.0 0.0 0.0 0.6968641114982577
46 46 27 0.0 0.0 0.0 0.0 2.0 0.0 0.0 0.6993006993006992
46 46 28 0.0 0.0 0.0 0.0 44.0 0.0 0.0 0.684931506849315
46 46 29 0.0 0.0 511.0 0.0 9407.0 26.0 2097.0 0.11760752688172041
46 46 30 0.0 0.0 537.0 0.0 9372.0 17.0 1813.0 0.11758777087182931
46 46 31 0.0 0.0 853.0 0.0 12144.0 37.0 5720.0 0.09345794392523364
46 46 32 0.0 0.0 1664.0 0.0 12948.0 48.0 21829.0 0.08424599831508003
46 46 33 0.0 0.0 2309.0 0.0 12989.0 61.0 31769.0 0.08095761290695656
46 46 34 0.0 0.0 3450.0 0.0 9657.0 72.0 67655.0 0.09264774005691216
46 46 35 0.0 0.0 3324.0 0.0 12324.0 66.0 45881.0 0.07934708682838358
46 46 36 0.0 0.0 3595.0 0.0 11481.0 69.0 53702.0 0.08197201241290474
46 46 37 0.0 0.0 3497.0 0.0 11772.0 92.0 49485.0 0.08115942028985507
46 46 38 0.0 0.0 3594.0 0.0 11740.0 80.0 52064.0 0.0808080808080808
46 46 39 0.0 0.0 4150.0 0.0 10713.0 85.0 65519.0 0.08295313148071339
46 46 40 0.0 0.0 4526.0 0.0 8868.0 68.0 82269.0 0.09077352006743175
46 46 41 0.0 0.0 4265.0 0.0 9865.0 75.0 72730.0 0.08687558175612782
46 46 42 0.0 0.0 3317.0 0.0 11846.0 74.0 49178.0 0.08155181452787323
46 46 43 0.0 0.0 3123.0 0.0 11112.0 78.0 51873.0 0.08631851532153645
46 46 44 0.0 0.0 2510.0 0.0 12485.0 55.0 36468.0 0.08239171374764594
46 46 45 0.0 0.0 1792.0 0.0 13440.0 54.0 20222.0 0.08126306013466449
46 46 46 0.0 0.0 1848.0 0.0 12814.0 39.0 25693.0 0.08405379442843419
46 46 47 0.0 0.0 1616.0 0.0 12649.0 47.0 23636.0 0.08607439286812173
46 46 48 0.0 0.0 699.0 0.0 11583.0 33.0 5944.0 0.09813542688910695
46 46 49 0.0 0.0 895.0 0.0 12438.0 29.0 8698.0 0.09133611691022964
46 46 50 0.0 0.0 100.0 0.0 2545.0 12.0 55.0 0.3021800129505719
46 46 51 0.0 0.0 261.0 0.0 6088.0 23.0 579.0 0.16808740545083442
46 46 52 0.0 0.0 0.0 0.0 4.0 0.0 0.0 0.6986027944111775
46 47 27 0.0 0.0 0.0 0.0 2.0 0.0 0.0 0.6993006993006992
46 47 28 0.0 0.0 0.0 0.0 19.0 0.0 0.0 0.6937561942517343
46 47 29 0.0 0.0 28.0 0.0 580.0 11.0 0.0 0.5392912172573189
46 47 30 0.0 0.0 146.0 0.0 3390.0 19.0 88.0 0.25376110204821456
46 47 31 0.0 0.0 340.0 0.0 7411.0 21.0 889.0 0.14376668720476482
46 47 32 0.0 0.0 1345.0 0.0 12958.0 39.0 16624.0 0.08590011044299914
46 47 33 0.0 0.0 1316.0 0.0 12962.0 56.0 15375.0 0.08613264427217915
46 47 34 0.0 0.0 2499.0 0.0 10685.0 62.0 47018.0 0.09221446449743116
46 47 35 0.0 0.0 2178.0 0.0 12269.0 51.0 33457.0 0.08510120965290863
46 47 36 0.0 0.0 2896.0 0.0 11136.0 65.0 48907.0 0.0873307965816231
46 47 37 0.0 0.0 2601.0 0.0 12116.0 70.0 39365.0 0.0837871805613741
46 47 38 0.0 0.0 2673.0 0.0 11940.0 68.0 40842.0 0.08420546132563454
46 47 39 0.0 0.0 3568.0 0.0 9229.0 74.0 71183.0 0.09459459459459459
46 47 40 0.0 0.0 2927.0 0.0 11251.0 60.0 48911.0 0.08649450142098108
46 47 41 0.0 0.0 3070.0 0.0 11051.0 71.0 52383.0 0.08682170542635657
46 47 42 0.0 0.0 1723.0 0.0 13718.0 40.0 18401.0 0.08029825064525378
46 47 43 0.0 0.0 1928.0 0.0 12892.0 51.0 27159.0 0.08333829394606822
46 47 44 0.0 0.0 1486.0 0.0 13233.0 49.0 18283.0 0.08380724334031725
46 47 45 0.0 0.0 763.0 0.0 11755.0 39.0 5899.0 0.09656504345426954
46 47 46 0.0 0.0 901.0 0.0 12414.0 27.0 7730.0 0.09140767824497256
46 47 47 0.0 0.0 520.0 0.0 10101.0 19.0 2927.0 0.11096140128398191
46 47 48 0.0 0.0 401.0 0.0 8486.0 30.0 1431.0 0.12886597938144329
46 47 49 0.0 0.0 218.0 0.0 5411.0 25.0 392.0 0.18408941485864563
46 47 50 0.0 0.0 59.0 0.0 1283.0 10.0 9.0 0.42016806722689065
46 47 51 0.0 0.0 0.0 0.0 35.0 0.0 0.0 0.6879606879606879
46 47 52 0.0 0.0 0.0 0.0 5.0 0.0 0.0 0.6982543640897755
46 48 28 0.0 0.0 12.0 0.0 133.0 3.0 0.0 0.65359477124183
46 48 29 0.0 0.0 4.0 0.0 129.0 1.0 0.0 0.6566604127579737
46 48 30 0.0 0.0 49.0 0.0 1121.0 9.0 6.0 0.4430379746835443
46 48 31 0.0 0.0 205.0 0.0 4043.0 29.0 133.0 0.22504420511171833
46 48 32 0.0 0.0 544.0 0.0 10076.0 26.0 3087.0 0.11105822624147231
46 48 33 0.0 0.0 1231.0 0.0 12727.0 35.0 15934.0 0.08776328986960882
46 48 34 0.0 0.0 1088.0 0.0 12628.0 29.0 11920.0 0.08906418983395889
46 48 35 0.0 0.0 1231.0 0.0 12939.0 32.0 13922.0 0.08652657601977749
46 48 36 0.0 0.0 1591.0 0.0 12796.0 40.0 21913.0 0.08543357539513027
46 48 37 0.0 0.0 1819.0 0.0 12538.0 42.0 27810.0 0.08555365436323636
46 48 38 0.0 0.0 2726.0 0.0 10884.0 57.0 48851.0 0.08965738072366312
46 48 39 0.0 0.0 2026.0 0.0 12276.0 57.0 31021.0 0.08584217303329449
46 48 40 0.0 0.0 1971.0 0.0 12089.0 52.0 32633.0 0.08726003490401395
46 48 41 0.0 0.0 1556.0 0.0 13320.0 49.0 18778.0 0.0829973915105525
46 48 42 0.0 0.0 2110.0 0.0 12308.0 52.0 31732.0 0.0852307317667113
46 48 43 0.0 0.0 1723.0 0.0 12959.0 53.0 23615.0 0.0839680921249925
46 48 44 0.0 0.0 839.0 0.0 12182.0 27.0 6448.0 0.09320905459387482
46 48 45 0.0 0.0 256.0 0.0 6145.0 18.0 547.0 0.16702457647339533
46 48 46 0.0 0.0 187.0 0.0 4189.0 19.0 185.0 0.22019502988361117
46 48 47 0.0 0.0 280.0 0.0 6289.0 19.0 609.0 0.1636661211129296
46 48 48 0.0 0.0 120.0 0.0 3259.0 17.0 96.0 0.26104792093977247
46 48 49 0.0 0.0 43.0 0.0 831.0 10.0 7.0 0.4889975550122249
46 48 50 0.0 0.0 0.0 0.0 26.0 0.0 0.0 0.6910167818361302
46 48 51 0.0 0.0 0.0 0.0 4.0 0.0 0.0 0.6986027944111775
46 49 29 0.0 0.0 14.0 0.0 223.0 5.0 0.0 0.6272401433691756
46 49 30 0.0 0.0 23.0 0.0 1051.0 7.0 13.0 0.45647212259536996
46 49 31 0.0 0.0 3.0 0.0 198.0 2.0 0.0 0.6366530241018644
46 49 32 0.0 0.0 95.0 0.0 2563.0 11.0 53.0 0.30146425495262696
46 49 33 0.0 0.0 664.0 0.0 11103.0 29.0 4496.0 0.10181077739800741
46 49 34 0.0 0.0 769.0 0.0 11649.0 24.0 5606.0 0.09716823986674068
46 49 35 0.0 0.0 632.0 0.0 10829.0 28.0 3783.0 0.1040582726326743
46 49 36 0.0 0.0 717.0 0.0 11470.0 31.0 4238.0 0.09875846501128667
46 49 37 0.0 0.0 1255.0 0.0 12912.0 30.0 14905.0 0.08656937917388077
46 49 38 0.0 0.0 1367.0 0.0 12582.0 44.0 19228.0 0.0877577885037297
46 49 39 0.0 0.0 1427.0 0.0 13251.0 43.0 17162.0 0.0839529863276565
46 49 40 0.0 0.0 777.0 0.0 11846.0 24.0 5122.0 0.0957985493362529
46 49 41 0.0 0.0 1015.0 0.0 12955.0 30.0 8615.0 0.08772479478664075
46 49 42 0.0 0.0 1230.0 0.0 13039.0 31.0 13613.0 0.08599508599508598
46 49 43 0.0 0.0 712.0 0.0 11325.0 28.0 4468.0 0.09980751407998859
46 49 44 0.0 0.0 1068.0 0.0 12729.0 27.0 11295.0 0.08859077390368916
46 49 45 0.0 0.0 207.0 0.0 4715.0 21.0 246.0 0.20286914939863784
46 49 46 0.0 0.0 2.0 0.0 113.0 1.0 0.0 0.662251655629139
46 49 47 0.0 0.0 0.0 0.0 35.0 0.0 0.0 0.6879606879606879
46 49 48 0.0 0.0 0.0 0.0 10.0 0.0 0.0 0.6965174129353233
46 49 50 0.0 0.0 0.0 0.0 1.0 0.0 0.0 0.6996501749125437
46 50 30 0.0 0.0 6.0 0.0 97.0 1.0 0.0 0.6660323501427211
46 50 31 0.0 0.0 142.0 0.0 3398.0 17.0 109.0 0.25330197213678307
46 50 32 0.0 0.0 29.0 0.0 731.0 7.0 4.0 0.5085361423901198
46 50 33 0.0 0.0 377.0 0.0 7975.0 17.0 1177.0 0.13533107781536974
46 50 34 0.0 0.0 159.0 0.0 4162.0 19.0 189.0 0.22211645248294457
46 50 35 0.0 0.0 186.0 0.0 4270.0 17.0 173.0 0.2173575531749728
46 50 36 0.0 0.0 543.0 0.0 9812.0 20.0 2226.0 0.11336950360353062
46 50 37 0.0 0.0 650.0 0.0 10856.0 19.0 4162.0 0.1037113860285947
46 50 38 0.0 0.0 533.0 0.0 10164.0 21.0 2856.0 0.11028832519300455
46 50 39 0.0 0.0 311.0 0.0 6623.0 22.0 610.0 0.15705631590756114
46 50 40 0.0 0.0 496.0 0.0 9350.0 19.0 2099.0 0.11831319192089916
46 50 41 0.0 0.0 560.0 0.0 10192.0 24.0 3144.0 0.10991599277694904
46 50 42 0.0 0.0 394.0 0.0 7545.0 21.0 954.0 0.14107214832728737
46 50 43 0.0 0.0 665.0 0.0 11189.0 21.0 5442.0 0.10105384726432798
46 50 44 0.0 0.0 422.0 0.0 8485.0 21.0 1582.0 0.1285111070313934
46 50 45 0.0 0.0 188.0 0.0 4073.0 19.0 162.0 0.22421524663677125
46 50 46 0.0 0.0 2.0 0.0 35.0 1.0 0.0 0.6876227897838899
46 51 31 0.0 0.0 14.0 0.0 340.0 7.0 1.0 0.5965061780997016
46 51 32 0.0 0.0 1.0 0.0 28.0 0.0 0.0 0.6899950714637751
46 51 33 0.0 0.0 3.0 0.0 59.0 1.0 0.0 0.6792819019893255
46 51 34 0.0 0.0 42.0 0.0 1245.0 12.0 15.0 0.42735042735042733
46 51 35 0.0 0.0 1.0 0.0 101.0 1.0 0.0 0.6666666666666665
46 51 36 0.0 0.0 21.0 0.0 448.0 6.0 2.0 0.5684125050751115
46 51 37 0.0 0.0 136.0 0.0 3086.0 14.0 76.0 0.26871401151631474
46 51 38 0.0 0.0 245.0 0.0 5279.0 19.0 359.0 0.18646776771443788
46 51 39 0.0 0.0 112.0 0.0 2856.0 11.0 62.0 0.282428888440589
46 51 40 0.0 0.0 130.0 0.0 2725.0 15.0 50.0 0.28913672036348614
46 51 41 0.0 0.0 196.0 0.0 4747.0 16.0 278.0 0.20199105468186404
46 51 42 0.0 0.0 319.0 0.0 7073.0 20.0 843.0 0.1493014823504319
46 51 43 0.0 0.0 164.0 0.0 4101.0 18.0 147.0 0.22407170294494236
46 51 44 0.0 0.0 57.0 0.0 1654.0 11.0 13.0 0.37837837837837834
46 51 45 0.0 0.0 1.0 0.0 59.0 0.0 0.0 0.6796116504854368
46 51 46 0.0 0.0 0.0 0.0 3.0 0.0 0.0 0.6989515726410384
46 52 36 0.0 0.0 2.0 0.0 20.0 1.0 0.0 0.6927263730826323
46 52 37 0.0 0.0 0.0 0.0 4.0 0.0 0.0 0.6986027944111775
46 52 38 0.0 0.0 0.0 0.0 12.0 0.0 0.0 0.6958250497017892
46 52 39 0.0 0.0 0.0 0.0 11.0 0.0 0.0 0.6961710591745399
46 52 40 0.0 0.0 0.0 0.0 9.0 0.0 1.0 0.6968641114982577
46 52 41 0.0 0.0 0.0 0.0 10.0 0.0 0.0 0.6965174129353233
46 52 42 0.0 0.0 10.0 0.0 330.0 2.0 1.0 0.5988023952095808
46 52 43 0.0 0.0 4.0 0.0 69.0 0.0 0.0 0.6756756756756755
46 52 44 0.0 0.0 0.0 0.0 11.0 0.0 0.0 0.6961710591745399
47 27 35 0.0 0.0 0.0 0.0 3.0 0.0 0.0 0.6989515726410384
47 27 36 0.0 0.0 0.0 0.0 4.0 0.0 0.0 0.6986027944111775
47 27 37 0.0 0.0 0.0 0.0 2.0 0.0 0.0 0.6993006993006992
47 27 38 0.0 0.0 0.0 0.0 1.0 0.0 0.0 0.6996501749125437
47 27 40 0.0 0.0 0.0 0.0 4.0 0.0 0.0 0.6986027944111775
47 27 41 0.0 0.0 0.0 0.0 3.0 0.0 0.0 0.6993006993006992
47 27 42 0.0 0.0 0.0 0.0 2.0 0.0 0.0 0.6993006993006992
47 27 43 0.0 0.0 2.0 0.0 13.0 0.0 0.0 0.694789081885856
47 27 44 0.0 0.0 0.0 0.0 1.0 0.0 0.0 0.6996501749125437
47 28 33 0.0 0.0 0.0 0.0 1.0 0.0 0.0 0.6996501749125437
47 28 34 0.0 0.0 0.0 0.0 3.0 0.0 0.0 0.6989515726410384
47 28 35 0.0 0.0 0.0 0.0 14.0 0.0 0.0 0.6951340615690167
47 28 36 0.0 0.0 198.0 0.0 4595.0 19.0 216.0 0.20658108307510697
47 28 37 0.0 0.0 16.0 0.0 395.0 5.0 0.0 0.582120582120582
47 28 38 0.0 0.0 9.0 0.0 487.0 5.0 1.0 0.5620232838217583
47 28 39 0.0 0.0 4.0 0.0 150.0 3.0 0.0 0.6508600650860064
47 28 40 0.0 0.0 5.0 0.0 214.0 0.0 0.0 0.6309148264984226
47 28 41 0.0 0.0 188.0 0.0 4964.0 18.0 362.0 0.19618834080717487
47 28 42 0.0 0.0 75.0 0.0 1705.0 14.0 12.0 0.3716485266790549
47 28 43 0.0 0.0 11.0 0.0 355.0 4.0 2.0 0.592718035563082
47 28 44 0.0 0.0 57.0 0.0 1638.0 11.0 28.0 0.3800217155266014
47 28 45 0.0 0.0 0.0 0.0 8.0 0.0 0.0 0.697211155378486
47 28 46 0.0 0.0 0.0 0.0 6.0 0.0 0.0 0.6979062811565303
47 28 47 0.0 0.0 0.0 0.0 6.0 0.0 0.0 0.6979062811565303
47 29 31 0.0 0.0 0.0 0.0 4.0 0.0 0.0 0.6989515726410384
47 29 32 0.0 0.0 0.0 0.0 5.0 0.0 0.0 0.6982543640897755
47 29 33 0.0 0.0 0.0 0.0 3.0 0.0 0.0 0.6989515726410384
47 29 34 0.0 0.0 7.0 0.0 219.0 2.0 0.0 0.6297795771479981
47 29 35 0.0 0.0 1.0 0.0 59.0 0.0 0.0 0.6796116504854368
47 29 36 0.0 0.0 206.0 0.0 4696.0 27.0 196.0 0.20357714119528864
47 29 37 0.0 0.0 346.0 0.0 7340.0 18.0 973.0 0.14470284237726097
47 29 38 0.0 0.0 205.0 0.0 4094.0 15.0 143.0 0.2227525855210819
47 29 39 0.0 0.0 361.0 0.0 7578.0 22.0 964.0 0.14107214832728737
47 29 40 0.0 0.0 383.0 0.0 7440.0 26.0 949.0 0.14278429372768991
47 29 41 0.0 0.0 427.0 0.0 8167.0 21.0 1204.0 0.13233765006144246
47 29 42 0.0 0.0 116.0 0.0 3050.0 12.0 70.0 0.2716863962740151
47 29 43 0.0 0.0 215.0 0.0 4964.0 21.0 258.0 0.19561268687997763
47 29 44 0.0 0.0 23.0 0.0 707.0 7.0 5.0 0.5141388174807198
47 29 45 0.0 0.0 15.0 0.0 357.0 1.0 1.0 0.590717299578059
47 29 46 0.0 0.0 3.0 0.0 128.0 0.0 0.0 0.6569685593618019
47 29 47 0.0 0.0 0.0 0.0 20.0 0.0 0.0 0.6930693069306929
47 29 48 0.0 0.0 0.0 0.0 1.0 0.0 0.0 0.6996501749125437
47 30 30 0.0 0.0 0.0 0.0 1.0 0.0 0.0 0.6996501749125437
47 30 31 0.0 0.0 0.0 0.0 2.0 0.0 0.0 0.6993006993006992
47 30 32 0.0 0.0 240.0 0.0 5129.0 23.0 294.0 0.19039847681218547
47 30 33 0.0 0.0 3.0 0.0 87.0 1.0 0.0 0.6701771182383915
47 30 34 0.0 0.0 55.0 0.0 1443.0 13.0 14.0 0.4016064257028112
47 30 35 0.0 0.0 194.0 0.0 4585.0 24.0 239.0 0.2072232089994079
47 30 36 0.0 0.0 377.0 0.0 7506.0 16.0 905.0 0.14177215189873416
47 30 37 0.0 0.0 597.0 0.0 10357.0 22.0 2972.0 0.10814151089139502
47 30 38 0.0 0.0 616.0 0.0 10211.0 34.0 2509.0 0.10932375449008276
47 30 39 0.0 0.0 518.0 0.0 9546.0 17.0 1979.0 0.1161247511612475
47 30 40 0.0 0.0 815.0 0.0 12028.0 22.0 6153.0 0.09438414346389805
47 30 41 0.0 0.0 493.0 0.0 9282.0 22.0 1951.0 0.11905774300535757
47 30 42 0.0 0.0 1140.0 0.0 13120.0 19.0 12210.0 0.08600565179997542
47 30 43 0.0 0.0 601.0 0.0 10948.0 24.0 4488.0 0.10339734121122598
47 30 44 0.0 0.0 227.0 0.0 5870.0 24.0 458.0 0.1734175647219125
47 30 45 0.0 0.0 535.0 0.0 9588.0 24.0 2119.0 0.11558784676354027
47 30 46 0.0 0.0 16.0 0.0 690.0 4.0 6.0 0.5181347150259067
47 30 47 0.0 0.0 31.0 0.0 748.0 4.0 5.0 0.5045045045045045
47 30 48 0.0 0.0 10.0 0.0 240.0 4.0 0.0 0.6233303650934995
47 30 49 0.0 0.0 0.0 0.0 6.0 0.0 0.0 0.6979062811565303
47 31 30 0.0 0.0 0.0 0.0 6.0 0.0 0.0 0.6979062811565303
47 31 31 0.0 0.0 0.0 0.0 22.0 0.0 0.0 0.6923837784371908
47 31 32 0.0 0.0 2.0 0.0 142.0 0.0 0.0 0.6529850746268656
47 31 33 0.0 0.0 13.0 0.0 319.0 5.0 0.0 0.6016330038676406
47 31 34 0.0 0.0 169.0 0.0 4017.0 24.0 171.0 0.2272358383379321
47 31 35 0.0 0.0 530.0 0.0 9854.0 22.0 2424.0 0.11309475725018175
47 31 36 0.0 0.0 868.0 0.0 12246.0 22.0 8717.0 0.09261709446943635
47 31 37 0.0 0.0 1061.0 0.0 12936.0 39.0 9962.0 0.08761499468051817
47 31 38 0.0 0.0 1418.0 0.0 13203.0 47.0 16920.0 0.08424092905710331
47 31 39 0.0 0.0 1403.0 0.0 13112.0 41.0 16994.0 0.08479709267110841
47 31 40 0.0 0.0 1267.0 0.0 12934.0 32.0 14385.0 0.08635045950780237
47 31 41 0.0 0.0 1113.0 0.0 12951.0 34.0 12054.0 0.08712969878018421
47 31 42 0.0 0.0 1419.0 0.0 13011.0 48.0 17912.0 0.08525149190110826
47 31 43 0.0 0.0 1242.0 0.0 13070.0 53.0 13636.0 0.08594229588704726
47 31 44 0.0 0.0 1001.0 0.0 12717.0 28.0 9973.0 0.08904153151434203
47 31 45 0.0 0.0 561.0 0.0 10267.0 21.0 3114.0 0.10919585055767879
47 31 46 0.0 0.0 734.0 0.0 11538.0 20.0 5362.0 0.09812167087188112
47 31 47 0.0 0.0 135.0 0.0 3043.0 18.0 52.0 0.2712652586708002
47 31 48 0.0 0.0 65.0 0.0 1350.0 6.0 10.0 0.4106776180698152
47 31 49 0.0 0.0 0.0 0.0 18.0 0.0 0.0 0.6937561942517343
47 31 50 0.0 0.0 15.0 0.0 397.0 2.0 0.0 0.5809128630705394
47 32 30 0.0 0.0 7.0 0.0 221.0 2.0 0.0 0.6289308176100628
47 32 31 0.0 0.0 99.0 0.0 2350.0 20.0 30.0 0.3160270880361173
47 32 32 0.0 0.0 207.0 0.0 4465.0 17.0 205.0 0.21036814425244177
47 32 33 0.0 0.0 249.0 0.0 5492.0 21.0 365.0 0.18120631633445508
47 32 34 0.0 0.0 538.0 0.0 9491.0 27.0 2013.0 0.11651131824234354
47 32 35 0.0 0.0 847.0 0.0 12168.0 27.0 6625.0 0.09323388385721895
47 32 36 0.0 0.0 1763.0 0.0 12211.0 43.0 28064.0 0.0876533934385174
47 32 37 0.0 0.0 1882.0 0.0 12333.0 53.0 29287.0 0.08639842014317452
47 32 38 0.0 0.0 1900.0 0.0 13054.0 64.0 25673.0 0.08266414737836561
47 32 39 0.0 0.0 3097.0 0.0 9663.0 58.0 63949.0 0.0947354175125186
47 32 40 0.0 0.0 2148.0 0.0 12910.0 58.0 28965.0 0.08209217778820217
47 32 41 0.0 0.0 2384.0 0.0 12343.0 56.0 36270.0 0.08379721074998503
47 32 42 0.0 0.0 2173.0 0.0 13079.0 66.0 29048.0 0.08125362739408008
47 32 43 0.0 0.0 2564.0 0.0 11498.0 61.0 43440.0 0.08716767324575056
47 32 44 0.0 0.0 1282.0 0.0 12974.0 35.0 14683.0 0.08615914825527723
47 32 45 0.0 0.0 1322.0 0.0 13040.0 29.0 15764.0 0.08554842652001221
47 32 46 0.0 0.0 933.0 0.0 12331.0 33.0 8238.0 0.09174311926605504
47 32 47 0.0 0.0 505.0 0.0 9749.0 22.0 2535.0 0.11435105774728416
47 32 48 0.0 0.0 186.0 0.0 4322.0 19.0 153.0 0.21571648690292755
47 32 49 0.0 0.0 81.0 0.0 2092.0 18.0 36.0 0.33686236766121264
47 32 50 0.0 0.0 21.0 0.0 575.0 3.0 2.0 0.5397070161912104
47 32 51 0.0 0.0 0.0 0.0 9.0 0.0 0.0 0.6968641114982577
47 33 29 0.0 0.0 0.0 0.0 13.0 0.0 0.0 0.695479384003974
47 33 30 0.0 0.0 104.0 0.0 2740.0 16.0 59.0 0.2899751449875725
47 33 31 0.0 0.0 350.0 0.0 7132.0 28.0 809.0 0.14805414551607443
47 33 32 0.0 0.0 778.0 0.0 11807.0 34.0 5154.0 0.09613403831628098
47 33 33 0.0 0.0 328.0 0.0 7462.0 22.0 1019.0 0.1432664756446991
47 33 34 0.0 0.0 861.0 0.0 12196.0 32.0 6669.0 0.09300471666777385
47 33 35 0.0 0.0 1289.0 0.0 13212.0 39.0 14169.0 0.08487935006669091
47 33 36 0.0 0.0 1452.0 0.0 13648.0 43.0 15739.0 0.08190008190008188
47 33 37 0.0 0.0 2932.0 0.0 11395.0 59.0 48368.0 0.08568455841850785
47 33 38 0.0 0.0 3387.0 0.0 10199.0 62.0 61697.0 0.08979539477903918
47 33 39 0.0 0.0 3052.0 0.0 12528.0 55.0 42177.0 0.07954997443036535
47 33 40 0.0 0.0 3419.0 0.0 11457.0 61.0 53234.0 0.08289909995262908
47 33 41 0.0 0.0 3558.0 0.0 11532.0 70.0 53307.0 0.08188092174523336
47 33 42 0.0 0.0 4064.0 0.0 7989.0 79.0 87816.0 0.09955909543450432
47 33 43 0.0 0.0 3337.0 0.0 10643.0 84.0 57848.0 0.08769731896767727
47 33 44 0.0 0.0 1971.0 0.0 13659.0 40.0 22901.0 0.07934258996882969
47 33 45 0.0 0.0 2034.0 0.0 12363.0 34.0 31413.0 0.0852307317667113
47 33 46 0.0 0.0 1850.0 0.0 12714.0 49.0 26457.0 0.08455127430849135
47 33 47 0.0 0.0 1057.0 0.0 12888.0 35.0 10593.0 0.08784038147822812
47 33 48 0.0 0.0 790.0 0.0 11926.0 38.0 6622.0 0.09528346831824677
47 33 49 0.0 0.0 332.0 0.0 7201.0 16.0 802.0 0.14701249606216524
47 33 50 0.0 0.0 16.0 0.0 778.0 4.0 4.0 0.5017921146953404
47 33 51 0.0 0.0 0.0 0.0 29.0 0.0 0.0 0.6899950714637751
47 33 52 0.0 0.0 0.0 0.0 3.0 0.0 0.0 0.6989515726410384
47 34 29 0.0 0.0 12.0 0.0 435.0 4.0 3.0 0.5730659025787964
47 34 30 0.0 0.0 29.0 0.0 862.0 11.0 4.0 0.4859423811176674
47 34 31 0.0 0.0 651.0 0.0 11103.0 20.0 4163.0 0.10184781027207913
47 34 32 0.0 0.0 737.0 0.0 11679.0 23.0 5689.0 0.09717498438259178
47 34 33 0.0 0.0 1104.0 0.0 12945.0 46.0 10353.0 0.08730901153726224
47 34 34 0.0 0.0 1573.0 0.0 12804.0 43.0 20715.0 0.08553797275004581
47 34 35 0.0 0.0 1732.0 0.0 12907.0 50.0 23938.0 0.08421052631578946
47 34 36 0.0 0.0 2460.0 0.0 11952.0 54.0 38405.0 0.08527745629530364
47 34 37 0.0 0.0 3685.0 0.0 10240.0 76.0 64043.0 0.0879396984924623
47 34 38 0.0 0.0 3994.0 0.0 11156.0 87.0 59615.0 0.08161837579432168
47 34 39 0.0 0.0 4754.0 0.0 8017.0 70.0 93707.0 0.09467775748968688
47 34 40 0.0 0.0 5009.0 0.0 9452.0 96.0 81140.0 0.08512190673071075
47 34 41 0.0 0.0 5027.0 0.0 7103.0 79.0 104126.0 0.09891895711156644
47 34 42 0.0 0.0 4972.0 0.0 9610.0 89.0 79125.0 0.08446965126101122
47 34 43 0.0 0.0 4473.0 0.0 9527.0 75.0 76040.0 0.0875109388673584
47 34 44 0.0 0.0 4033.0 0.0 10258.0 83.0 68419.0 0.08592647149082427
47 34 45 0.0 0.0 2716.0 0.0 12274.0 55.0 40791.0 0.08236263089775267
47 34 46 0.0 0.0 2552.0 0.0 12126.0 55.0 38977.0 0.08385744234800838
47 34 47 0.0 0.0 1284.0 0.0 13250.0 31.0 13038.0 0.08466376390904692
47 34 48 0.0 0.0 1228.0 0.0 12768.0 48.0 15815.0 0.0876204781574665
47 34 49 0.0 0.0 544.0 0.0 10261.0 18.0 3312.0 0.10935791282612091
47 34 50 0.0 0.0 374.0 0.0 7315.0 20.0 899.0 0.14473276129432439
47 34 51 0.0 0.0 97.0 0.0 2756.0 8.0 85.0 0.2888980602558811
47 34 52 0.0 0.0 0.0 0.0 6.0 0.0 0.0 0.6979062811565303
47 35 28 0.0 0.0 0.0 0.0 8.0 0.0 0.0 0.697211155378486
47 35 29 0.0 0.0 21.0 0.0 489.0 5.0 2.0 0.558882235528942
47 35 30 0.0 0.0 383.0 0.0 7602.0 22.0 969.0 0.14046352964783784
47 35 31 0.0 0.0 694.0 0.0 11137.0 32.0 4023.0 0.10129513059836479
47 35 32 0.0 0.0 1994.0 0.0 12217.0 44.0 31826.0 0.08631319358816275
47 35 33 0.0 0.0 2329.0 0.0 11814.0 73.0 38152.0 0.08677327383165984
47 35 34 0.0 0.0 2311.0 0.0 12382.0 57.0 34280.0 0.08386748936680044
47 35 35 0.0 0.0 2214.0 0.0 13385.0 42.0 27479.0 0.07947320617620345
47 35 36 0.0 0.0 3278.0 0.0 10994.0 64.0 55548.0 0.08590538135853223
47 35 37 0.0 0.0 4442.0 0.0 7725.0 70.0 94938.0 0.09874453378473691
47 35 38 0.0 0.0 5367.0 0.0 10720.0 91.0 72278.0 0.07745933384972888
47 35 39 0.0 0.0 5882.0 0.0 7243.0 88.0 107235.0 0.09255586407510247
47 35 40 0.0 0.0 6010.0 0.0 6382.0 75.0 117736.0 0.09719522354901415
47 35 41 0.0 0.0 5966.0 0.0 5496.0 68.0 127792.0 0.10388068561252502
47 35 42 0.0 0.0 5797.0 0.0 6356.0 79.0 116733.0 0.09895391574780886
47 35 43 0.0 0.0 5480.0 0.0 7812.0 74.0 99125.0 0.09159905783826222
47 35 44 0.0 0.0 5097.0 0.0 7852.0 85.0 96105.0 0.09364548494983276
47 35 45 0.0 0.0 4249.0 0.0 9681.0 68.0 73902.0 0.08785140562248994
47 35 46 0.0 0.0 2694.0 0.0 12777.0 89.0 37307.0 0.08023842274186152
47 35 47 0.0 0.0 2069.0 0.0 12936.0 45.0 28494.0 0.08232388568740444
47 35 48 0.0 0.0 1406.0 0.0 13012.0 44.0 17665.0 0.0851996105160662
47 35 49 0.0 0.0 999.0 0.0 12799.0 29.0 8585.0 0.08862442235867568
47 35 50 0.0 0.0 523.0 0.0 9667.0 24.0 2175.0 0.11495196649971261
47 35 51 0.0 0.0 131.0 0.0 3517.0 14.0 138.0 0.24849130280440182
47 35 52 0.0 0.0 0.0 0.0 16.0 0.0 0.0 0.6944444444444444
47 36 28 0.0 0.0 0.0 0.0 22.0 0.0 0.0 0.6923837784371908
47 36 29 0.0 0.0 191.0 0.0 4814.0 20.0 284.0 0.20034344590726955
47 36 30 0.0 0.0 353.0 0.0 7388.0 26.0 953.0 0.14409221902017288
47 36 31 0.0 0.0 1179.0 0.0 12839.0 30.0 13395.0 0.08743442418186359
47 36 32 0.0 0.0 2370.0 0.0 11687.0 51.0 39609.0 0.08719481813652216
47 36 33 0.0 0.0 3428.0 0.0 10448.0 76.0 61519.0 0.0882556893399735
47 36 34 0.0 0.0 3473.0 0.0 11215.0 79.0 55442.0 0.08389261744966442
47 36 35 0.0 0.0 3903.0 0.0 9607.0 80.0 72294.0 0.0902294405774684
47 36 36 0.0 0.0 4221.0 0.0 9612.0 84.0 75269.0 0.08842291416661403
47 36 37 0.0 0.0 5032.0 0.0 8269.0 85.0 93117.0 0.09155113784985612
47 36 38 0.0 0.0 5382.0 0.0 5630.0 89.0 124891.0 0.10772545398584178
47 36 39 0.0 0.0 6100.0 0.0 5286.0 81.0 129910.0 0.10455563853622105
47 36 40 0.0 0.0 6439.0 0.0 5103.0 72.0 133335.0 0.10354263737889208
47 36 41 0.0 0.0 6612.0 0.0 5222.0 68.0 133035.0 0.1012584984811225
47 36 42 0.0 0.0 6838.0 0.0 7746.0 81.0 105714.0 0.08446455505279034
47 36 43 0.0 0.0 6058.0 0.0 6769.0 73.0 112975.0 0.0944478175807866
47 36 44 0.0 0.0 5737.0 0.0 8612.0 94.0 92214.0 0.08572653236176596
47 36 45 0.0 0.0 4937.0 0.0 9004.0 97.0 85663.0 0.08790104853393607
47 36 46 0.0 0.0 3638.0 0.0 10956.0 69.0 58839.0 0.08434243026688354
47 36 47 0.0 0.0 3461.0 0.0 8671.0 82.0 75400.0 0.09915014164305949
47 36 48 0.0 0.0 2099.0 0.0 11886.0 43.0 36080.0 0.08750546909181822
47 36 49 0.0 0.0 1803.0 0.0 12548.0 55.0 26292.0 0.08562167451532016
47 36 50 0.0 0.0 596.0 0.0 10908.0 19.0 3946.0 0.10370370370370369
47 36 51 0.0 0.0 268.0 0.0 5715.0 15.0 412.0 0.17568076295645627
47 36 52 0.0 0.0 129.0 0.0 2778.0 18.0 54.0 0.28635712824708526
47 36 53 0.0 0.0 0.0 0.0 2.0 0.0 0.0 0.6993006993006992
47 37 28 0.0 0.0 42.0 0.0 782.0 9.0 2.0 0.4973357015985789
47 37 29 0.0 0.0 113.0 0.0 2911.0 14.0 69.0 0.27955271565495204
47 37 30 0.0 0.0 630.0 0.0 10857.0 25.0 3891.0 0.10387297818667456
47 37 31 0.0 0.0 1171.0 0.0 13136.0 32.0 11462.0 0.08582112425672776
47 37 32 0.0 0.0 3072.0 0.0 11138.0 74.0 50759.0 0.0864250879683931
47 37 33 0.0 0.0 4396.0 0.0 7383.0 75.0 97889.0 0.10158177332752864
47 37 34 0.0 0.0 4606.0 0.0 6461.0 80.0 109193.0 0.10727147345031032
47 37 35 0.0 0.0 5039.0 0.0 7357.0 50.0 102808.0 0.09698649116730168
47 37 36 0.0 0.0 5492.0 0.0 9780.0 96.0 81456.0 0.08103727714748783
47 37 37 0.0 0.0 6006.0 0.0 8247.0 86.0 97365.0 0.08610615659019619
47 37 38 0.0 0.0 6184.0 0.0 5957.0 75.0 124524.0 0.09894692204396069
47 37 39 0.0 0.0 7120.0 0.0 5974.0 72.0 124299.0 0.09263547938860582
47 37 40 0.0 0.0 6437.0 0.0 4731.0 78.0 137524.0 0.10649627263045792
47 37 41 0.0 0.0 7298.0 0.0 5985.0 75.0 124702.0 0.09156311314584696
47 37 42 0.0 0.0 7251.0 0.0 6406.0 77.0 121250.0 0.08940545373267768
47 37 43 0.0 0.0 6721.0 0.0 6452.0 67.0 118447.0 0.09221446449743116
47 37 44 0.0 0.0 6373.0 0.0 7107.0 94.0 111766.0 0.09059729502361999
47 37 45 0.0 0.0 5635.0 0.0 7978.0 80.0 98918.0 0.08964589870013445
47 37 46 0.0 0.0 4675.0 0.0 9159.0 82.0 81711.0 0.08833922261484098
47 37 47 0.0 0.0 3467.0 0.0 9959.0 62.0 64976.0 0.09060902206976894
47 37 48 0.0 0.0 2307.0 0.0 12207.0 51.0 35475.0 0.08475602373168664
47 37 49 0.0 0.0 1097.0 0.0 12901.0 41.0 11316.0 0.08763144717075612
47 37 50 0.0 0.0 910.0 0.0 12352.0 25.0 8456.0 0.09178522257916474
47 37 51 0.0 0.0 189.0 0.0 4176.0 18.0 183.0 0.22043772634230827
47 37 52 0.0 0.0 0.0 0.0 40.0 0.0 0.0 0.6862745098039215
47 38 28 0.0 0.0 7.0 0.0 159.0 2.0 0.0 0.6469500924214416
47 38 29 0.0 0.0 248.0 0.0 5638.0 15.0 344.0 0.1778455284552845
47 38 30 0.0 0.0 853.0 0.0 12272.0 39.0 7071.0 0.09267227113258754
47 38 31 0.0 0.0 1352.0 0.0 13418.0 42.0 14088.0 0.08347245409015024
47 38 32 0.0 0.0 3614.0 0.0 9956.0 67.0 66559.0 0.08980691513246519
47 38 33 0.0 0.0 4453.0 0.0 10462.0 85.0 68518.0 0.08276188224166468
47 38 34 0.0 0.0 5645.0 0.0 8468.0 92.0 93182.0 0.0869619231008137
47 38 35 0.0 0.0 5782.0 0.0 6811.0 82.0 112880.0 0.09591668950397368
47 38 36 0.0 0.0 5914.0 0.0 6061.0 76.0 120114.0 0.10022191996563819
47 38 37 0.0 0.0 6335.0 0.0 6298.0 76.0 119285.0 0.09582477754962353
47 38 38 0.0 0.0 6375.0 0.0 6037.0 76.0 123006.0 0.09704699847497572
47 38 39 0.0 0.0 6995.0 0.0 6129.0 75.0 122748.0 0.09250693802035151
47 38 40 0.0 0.0 7651.0 0.0 6946.0 86.0 116381.0 0.08437292834327728
47 38 41 0.0 0.0 7121.0 0.0 5461.0 65.0 130450.0 0.09606807109037259
47 38 42 0.0 0.0 7256.0 0.0 5440.0 72.0 130262.0 0.09532888465204957
47 38 43 0.0 0.0 7054.0 0.0 6135.0 73.0 122233.0 0.09208708807472209
47 38 44 0.0 0.0 6328.0 0.0 5027.0 73.0 133868.0 0.10472770795930579
47 38 45 0.0 0.0 6310.0 0.0 6884.0 91.0 113798.0 0.0921901751613328
47 38 46 0.0 0.0 5260.0 0.0 8658.0 96.0 89517.0 0.08802263439170072
47 38 47 0.0 0.0 3934.0 0.0 10512.0 76.0 64770.0 0.08511155693355218
47 38 48 0.0 0.0 2136.0 0.0 13194.0 42.0 27032.0 0.08070559750965584
47 38 49 0.0 0.0 2268.0 0.0 11545.0 65.0 39647.0 0.08861320336730172
47 38 50 0.0 0.0 691.0 0.0 11226.0 35.0 4100.0 0.10075566750629722
47 38 51 0.0 0.0 377.0 0.0 8252.0 21.0 1399.0 0.1318764129615674
47 38 52 0.0 0.0 43.0 0.0 1017.0 7.0 4.0 0.45871559633027514
47 39 28 0.0 0.0 2.0 0.0 73.0 1.0 0.0 0.6750241080038573
47 39 29 0.0 0.0 425.0 0.0 8299.0 23.0 1289.0 0.13076779376050812
47 39 30 0.0 0.0 816.0 0.0 12011.0 33.0 6264.0 0.09442870632672332
47 39 31 0.0 0.0 2386.0 0.0 11426.0 65.0 41638.0 0.0885459490228322
47 39 32 0.0 0.0 3526.0 0.0 10243.0 81.0 62532.0 0.08889453298622134
47 39 33 0.0 0.0 4823.0 0.0 9518.0 83.0 80623.0 0.08565310492505353
47 39 34 0.0 0.0 6015.0 0.0 7614.0 86.0 105104.0 0.08957133717210491
47 39 35 0.0 0.0 6020.0 0.0 6267.0 66.0 119340.0 0.09786787836420831
47 39 36 0.0 0.0 6819.0 0.0 7676.0 74.0 106814.0 0.08488449645304068
47 39 37 0.0 0.0 6762.0 0.0 6396.0 78.0 119276.0 0.09219624629568653
47 39 38 0.0 0.0 6221.0 0.0 4985.0 73.0 133042.0 0.10603650685450275
47 39 39 0.0 0.0 6999.0 0.0 6231.0 73.0 122040.0 0.09178522257916474
47 39 40 0.0 0.0 7550.0 0.0 6540.0 70.0 119833.0 0.08705384902375325
47 39 41 0.0 0.0 7203.0 0.0 5590.0 68.0 130135.0 0.09456903539583895
47 39 42 0.0 0.0 7568.0 0.0 5887.0 63.0 127417.0 0.09057971014492752
47 39 43 0.0 0.0 7593.0 0.0 5800.0 83.0 129111.0 0.09095634095634093
47 39 44 0.0 0.0 7108.0 0.0 5648.0 72.0 130042.0 0.09476106673886556
47 39 45 0.0 0.0 6316.0 0.0 5393.0 80.0 130069.0 0.1021375939301087
47 39 46 0.0 0.0 5853.0 0.0 6461.0 67.0 116752.0 0.09768350544236672
47 39 47 0.0 0.0 4763.0 0.0 9268.0 79.0 81804.0 0.08730901153726224
47 39 48 0.0 0.0 3679.0 0.0 8373.0 68.0 80632.0 0.09955201592832254
47 39 49 0.0 0.0 1819.0 0.0 12712.0 63.0 25441.0 0.08477655322756449
47 39 50 0.0 0.0 1096.0 0.0 12714.0 39.0 11596.0 0.0886300329197265
47 39 51 0.0 0.0 354.0 0.0 7802.0 22.0 1202.0 0.13803983435219877
47 39 52 0.0 0.0 1.0 0.0 98.0 0.0 0.0 0.6669842782277274
47 39 53 0.0 0.0 0.0 0.0 2.0 0.0 0.0 0.6993006993006992
47 40 27 0.0 0.0 0.0 0.0 1.0 0.0 0.0 0.6996501749125437
47 40 28 0.0 0.0 47.0 0.0 1516.0 13.0 12.0 0.3942551393973528
47 40 29 0.0 0.0 436.0 0.0 8344.0 20.0 1297.0 0.13001485884101038
47 40 30 0.0 0.0 1512.0 0.0 12926.0 25.0 20369.0 0.08511673151750972
47 40 31 0.0 0.0 2263.0 0.0 12236.0 62.0 35609.0 0.0849256900212314
47 40 32 0.0 0.0 3367.0 0.0 10641.0 70.0 58267.0 0.08750546909181822
47 40 33 0.0 0.0 4421.0 0.0 6309.0 68.0 111279.0 0.1098728614032334
47 40 34 0.0 0.0 5905.0 0.0 7309.0 69.0 107297.0 0.09192987064153917
47 40 35 0.0 0.0 6414.0 0.0 6209.0 92.0 121640.0 0.09597586892438471
47 40 36 0.0 0.0 6202.0 0.0 5469.0 89.0 128093.0 0.10248151672644754
47 40 37 0.0 0.0 6762.0 0.0 6899.0 75.0 114616.0 0.08929710422247734
47 40 38 0.0 0.0 7063.0 0.0 6647.0 71.0 117464.0 0.08910386965376782
47 40 39 0.0 0.0 6858.0 0.0 5749.0 69.0 127165.0 0.09578544061302681
47 40 40 0.0 0.0 5825.0 0.0 3964.0 49.0 146701.0 0.11862396204033213
47 40 41 0.0 0.0 7748.0 0.0 6319.0 71.0 120878.0 0.08702679181948156
47 40 42 0.0 0.0 7517.0 0.0 5641.0 65.0 129148.0 0.09232392508572936
47 40 43 0.0 0.0 7026.0 0.0 5341.0 66.0 130877.0 0.09741841207988308
47 40 44 0.0 0.0 6545.0 0.0 4851.0 69.0 136773.0 0.10456344760624392
47 40 45 0.0 0.0 6553.0 0.0 5689.0 62.0 127558.0 0.09826630167754613
47 40 46 0.0 0.0 6311.0 0.0 7152.0 71.0 110157.0 0.09039256198347106
47 40 47 0.0 0.0 5001.0 0.0 6444.0 63.0 111172.0 0.103988709797222
47 40 48 0.0 0.0 3579.0 0.0 9722.0 81.0 67357.0 0.09149728775897
47 40 49 0.0 0.0 1756.0 0.0 13273.0 46.0 22458.0 0.0822126959891949
47 40 50 0.0 0.0 877.0 0.0 12315.0 32.0 7990.0 0.09213557091148403
47 40 51 0.0 0.0 499.0 0.0 9585.0 23.0 2153.0 0.11594202898550723
47 40 52 0.0 0.0 99.0 0.0 2144.0 13.0 31.0 0.33104752896665873
47 40 53 0.0 0.0 0.0 0.0 1.0 0.0 0.0 0.6996501749125437
47 41 27 0.0 0.0 6.0 0.0 154.0 2.0 0.0 0.6487488415199257
47 41 28 0.0 0.0 57.0 0.0 1536.0 13.0 13.0 0.3912800447177193
47 41 29 0.0 0.0 410.0 0.0 8177.0 28.0 1308.0 0.13248793413456988
47 41 30 0.0 0.0 965.0 0.0 12835.0 26.0 8218.0 0.08856835579173783
47 41 31 0.0 0.0 2038.0 0.0 12199.0 55.0 31839.0 0.08619628124615193
47 41 32 0.0 0.0 3461.0 0.0 10014.0 83.0 65797.0 0.09045680687471731
47 41 33 0.0 0.0 4422.0 0.0 9271.0 84.0 79443.0 0.08925725215173731
47 41 34 0.0 0.0 5360.0 0.0 7092.0 81.0 107123.0 0.09691264017721167
47 41 35 0.0 0.0 5390.0 0.0 4875.0 54.0 133799.0 0.11400651465798045
47 41 36 0.0 0.0 6872.0 0.0 7095.0 92.0 112422.0 0.0876533934385174
47 41 37 0.0 0.0 7027.0 1.0 7301.0 87.0 110446.0 0.08581060373889059
47 41 38 0.0 0.0 6912.0 0.0 6544.0 68.0 120283.0 0.09062661833247021
47 41 39 0.0 0.0 7426.0 0.0 7649.0 86.0 109317.0 0.0819816126954383
47 41 40 0.0 0.0 7646.0 0.0 6614.0 76.0 120786.0 0.08602679120068821
47 41 41 0.0 0.0 6698.0 0.0 4809.0 80.0 137765.0 0.10368834246778254
47 41 42 0.0 0.0 7425.0 0.0 6436.0 72.0 122036.0 0.0882556893399735
47 41 43 0.0 0.0 7285.0 0.0 6357.0 87.0 121244.0 0.08951406649616367
47 41 44 0.0 0.0 6785.0 0.0 5900.0 63.0 124473.0 0.09517335146159074
47 41 45 0.0 0.0 6490.0 0.0 6984.0 94.0 112325.0 0.09057385003558258
47 41 46 0.0 0.0 5558.0 0.0 6418.0 80.0 114538.0 0.10012873694750392
47 41 47 0.0 0.0 4674.0 0.0 7440.0 70.0 99773.0 0.09895391574780886
47 41 48 0.0 0.0 3262.0 0.0 11568.0 60.0 50195.0 0.08310578178796152
47 41 49 0.0 0.0 1874.0 0.0 12817.0 48.0 27499.0 0.08389261744966442
47 41 50 0.0 0.0 1030.0 0.0 12725.0 42.0 10431.0 0.08896231810383172
47 41 51 0.0 0.0 307.0 0.0 6472.0 19.0 568.0 0.1597261836851112
47 41 52 0.0 0.0 55.0 0.0 1048.0 16.0 6.0 0.45366169799092676
47 42 27 0.0 0.0 13.0 0.0 122.0 2.0 0.0 0.6563525550867322
47 42 28 0.0 0.0 49.0 0.0 1123.0 11.0 10.0 0.4428978171464725
47 42 29 0.0 0.0 256.0 0.0 5790.0 20.0 460.0 0.17436791630340018
47 42 30 0.0 0.0 681.0 0.0 11157.0 23.0 4493.0 0.10120725800621701
47 42 31 0.0 0.0 1476.0 0.0 13486.0 34.0 16849.0 0.0824985268120212
47 42 32 0.0 0.0 2783.0 0.0 12093.0 60.0 41990.0 0.08297279677591417
47 42 33 0.0 0.0 3933.0 0.0 10824.0 61.0 63047.0 0.08345255126371005
47 42 34 0.0 0.0 5096.0 0.0 9742.0 74.0 77876.0 0.08313045543613799
47 42 35 0.0 0.0 6307.0 0.0 8416.0 84.0 97303.0 0.08361703398435165
47 42 36 0.0 0.0 6436.0 0.0 6324.0 76.0 119355.0 0.09496676163342829
47 42 37 0.0 0.0 6837.0 0.0 6676.0 91.0 116840.0 0.09039256198347106
47 42 38 0.0 0.0 6591.0 0.0 5914.0 84.0 123710.0 0.09647853352629039
47 42 39 0.0 0.0 6833.0 0.0 6244.0 81.0 121316.0 0.09283204031562893
47 42 40 0.0 0.0 6236.0 0.0 5342.0 71.0 130719.0 0.10300934441910087
47 42 41 0.0 0.0 6845.0 0.0 6746.0 88.0 116485.0 0.0898299647096567
47 42 42 0.0 0.0 6980.0 0.0 6984.0 72.0 114778.0 0.08765888172312315
47 42 43 0.0 0.0 6062.0 0.0 5744.0 65.0 125491.0 0.10128047457136655
47 42 44 0.0 0.0 5867.0 0.0 6397.0 58.0 115816.0 0.09810791871058162
47 42 45 0.0 0.0 5742.0 0.0 8123.0 99.0 96203.0 0.08832250331209386
47 42 46 0.0 0.0 4955.0 0.0 9364.0 64.0 82066.0 0.08560073372057474
47 42 47 0.0 0.0 3649.0 0.0 11224.0 72.0 56206.0 0.08301215535131928
47 42 48 0.0 0.0 3038.0 0.0 10744.0 68.0 54839.0 0.08881558079045866
47 42 49 0.0 0.0 1583.0 0.0 13219.0 51.0 19998.0 0.08334325514942255
47 42 50 0.0 0.0 587.0 0.0 10701.0 36.0 3307.0 0.1055727320714878
47 42 51 0.0 0.0 142.0 0.0 3414.0 10.0 87.0 0.2523886785649901
47 42 52 0.0 0.0 2.0 0.0 80.0 1.0 0.0 0.6727534839019701
47 43 27 0.0 0.0 0.0 0.0 4.0 0.0 0.0 0.6986027944111775
47 43 28 0.0 0.0 0.0 0.0 43.0 0.0 0.0 0.6852667645619186
47 43 29 0.0 0.0 125.0 0.0 3058.0 23.0 62.0 0.27121270825261523
47 43 30 0.0 0.0 633.0 0.0 11258.0 29.0 4798.0 0.10087182073636429
47 43 31 0.0 0.0 1171.0 0.0 13008.0 27.0 12887.0 0.08652657601977749
47 43 32 0.0 0.0 2313.0 0.0 12767.0 52.0 32952.0 0.08198641368001873
47 43 33 0.0 0.0 4134.0 0.0 8213.0 71.0 89295.0 0.09756777475782283
47 43 34 0.0 0.0 5102.0 0.0 9378.0 81.0 82879.0 0.08486391465114869
47 43 35 0.0 0.0 5848.0 0.0 8154.0 85.0 97343.0 0.08742896396677699
47 43 36 0.0 0.0 6117.0 0.0 7220.0 85.0 109327.0 0.091294424519074
47 43 37 0.0 0.0 6217.0 0.0 6439.0 83.0 117409.0 0.09564801530368244
47 43 38 0.0 0.0 5822.0 0.0 5581.0 64.0 126368.0 0.10439970171513795
47 43 39 0.0 0.0 6192.0 0.0 7113.0 91.0 109923.0 0.09143155694879831
47 43 40 0.0 0.0 5932.0 0.0 7238.0 80.0 108809.0 0.0922387666359204
47 43 41 0.0 0.0 5983.0 0.0 7224.0 78.0 107551.0 0.0920507594187652
47 43 42 0.0 0.0 5798.0 0.0 8802.0 91.0 92014.0 0.08433226914041321
47 43 43 0.0 0.0 5681.0 0.0 7342.0 73.0 104552.0 0.09304798617572776
47 43 44 0.0 0.0 5374.0 0.0 9426.0 80.0 83647.0 0.08329366968110423
47 43 45 0.0 0.0 4717.0 0.0 8166.0 85.0 91222.0 0.09414929388029589
47 43 46 0.0 0.0 3996.0 0.0 10165.0 87.0 68352.0 0.08671952428146679
47 43 47 0.0 0.0 3009.0 0.0 10867.0 67.0 52415.0 0.08806693086745926
47 43 48 0.0 0.0 2141.0 0.0 12441.0 52.0 31254.0 0.08445945945945946
47 43 49 0.0 0.0 1641.0 0.0 12385.0 40.0 24973.0 0.08736349453978158
47 43 50 0.0 0.0 361.0 0.0 7527.0 17.0 957.0 0.1418583443104671
47 43 51 0.0 0.0 73.0 0.0 1412.0 14.0 9.0 0.4033419763756842
47 43 52 0.0 0.0 1.0 0.0 11.0 1.0 0.0 0.6961710591745399
47 44 28 0.0 0.0 31.0 0.0 783.0 12.0 5.0 0.4996431120628122
47 44 29 0.0 0.0 95.0 0.0 2413.0 10.0 54.0 0.311249444197421
47 44 30 0.0 0.0 602.0 0.0 10933.0 22.0 4052.0 0.10350436196954013
47 44 31 0.0 0.0 1080.0 0.0 12927.0 24.0 9780.0 0.08747266479225241
47 44 32 0.0 0.0 2692.0 0.0 11501.0 67.0 44405.0 0.086446434084594
47 44 33 0.0 0.0 4120.0 0.0 6958.0 65.0 100294.0 0.10683760683760683
47 44 34 0.0 0.0 4781.0 0.0 7846.0 90.0 95715.0 0.09572649572649572
47 44 35 0.0 0.0 4969.0 0.0 7913.0 95.0 96186.0 0.09413030323404827
47 44 36 0.0 0.0 5234.0 0.0 7590.0 79.0 100874.0 0.09439050701186621
47 44 37 0.0 0.0 5525.0 0.0 7259.0 71.0 105009.0 0.09456264775413711
47 44 38 0.0 0.0 5378.0 0.0 8358.0 102.0 94665.0 0.0890925289550719
47 44 39 0.0 0.0 5102.0 0.0 10121.0 87.0 76303.0 0.0813386009760632
47 44 40 0.0 0.0 4868.0 0.0 9704.0 76.0 77617.0 0.08442380751371885
47 44 41 0.0 0.0 4842.0 0.0 8898.0 78.0 85921.0 0.08894536213468868
47 44 42 0.0 0.0 4844.0 0.0 8979.0 69.0 84310.0 0.08843967150979153
47 44 43 0.0 0.0 4370.0 0.0 10135.0 72.0 69972.0 0.08473550417624984
47 44 44 0.0 0.0 4441.0 0.0 8675.0 76.0 84916.0 0.09268454154253558
47 44 45 0.0 0.0 4034.0 0.0 9039.0 85.0 78072.0 0.09296148738379813
47 44 46 0.0 0.0 2843.0 0.0 11515.0 58.0 46193.0 0.0856269113149847
47 44 47 0.0 0.0 2656.0 0.0 11826.0 71.0 42181.0 0.08499271491015055
47 44 48 0.0 0.0 1295.0 0.0 13062.0 35.0 13881.0 0.08559026716390536
47 44 49 0.0 0.0 1236.0 0.0 13040.0 53.0 14167.0 0.08607968519429414
47 44 50 0.0 0.0 716.0 0.0 11388.0 17.0 4896.0 0.0992063492063492
47 44 51 0.0 0.0 35.0 0.0 1121.0 6.0 5.0 0.4444444444444444
47 44 52 0.0 0.0 0.0 0.0 37.0 0.0 0.0 0.6872852233676975
47 45 28 0.0 0.0 0.0 0.0 30.0 0.0 0.0 0.689655172413793
47 45 29 0.0 0.0 183.0 0.0 4445.0 18.0 210.0 0.21176826501285734
47 45 30 0.0 0.0 474.0 0.0 9427.0 21.0 2015.0 0.11776581426648719
47 45 31 0.0 0.0 1252.0 0.0 12996.0 48.0 15465.0 0.08622282441337685
47 45 32 0.0 0.0 2131.0 0.0 12071.0 61.0 34324.0 0.08641441886303314
47 45 33 0.0 0.0 3422.0 0.0 10537.0 65.0 60027.0 0.08764790584110686
47 45 34 0.0 0.0 3554.0 0.0 10724.0 77.0 58214.0 0.08606910119267182
47 45 35 0.0 0.0 3734.0 0.0 11266.0 66.0 56235.0 0.08228517691313035
47 45 36 0.0 0.0 4078.0 0.0 10030.0 74.0 69083.0 0.08692412765429032
47 45 37 0.0 0.0 4376.0 0.0 9200.0 88.0 79559.0 0.0899396119748169
47 45 38 0.0 0.0 4006.0 0.0 10478.0 61.0 65306.0 0.08490508824064527
47 45 39 0.0 0.0 4274.0 0.0 8215.0 84.0 88411.0 0.0966984390109131
47 45 40 0.0 0.0 4120.0 0.0 9744.0 79.0 72276.0 0.0882779494293461
47 45 41 0.0 0.0 3963.0 0.0 10022.0 68.0 68689.0 0.08754924645112876
47 45 42 0.0 0.0 3683.0 0.0 11515.0 73.0 54740.0 0.08143322475570032
47 45 43 0.0 0.0 3752.0 0.0 9348.0 67.0 72941.0 0.09273979862215155
47 45 44 0.0 0.0 2759.0 0.0 12293.0 68.0 41330.0 0.08216444627032102
47 45 45 0.0 0.0 2621.0 0.0 11751.0 67.0 41950.0 0.08549618320610686
47 45 46 0.0 0.0 1920.0 0.0 12438.0 61.0 28029.0 0.08569504805043765
47 45 47 0.0 0.0 1403.0 0.0 13001.0 35.0 17843.0 0.08535544445799291
47 45 48 0.0 0.0 912.0 0.0 12380.0 26.0 8546.0 0.09158707313881982
47 45 49 0.0 0.0 1401.0 0.0 12573.0 48.0 19788.0 0.08773578993545152
47 45 50 0.0 0.0 611.0 0.0 10794.0 32.0 4026.0 0.1045790692462837
47 45 51 0.0 0.0 30.0 0.0 857.0 10.0 3.0 0.48661800486617995
47 45 52 0.0 0.0 0.0 0.0 24.0 0.0 0.0 0.6916996047430829
47 46 28 0.0 0.0 2.0 0.0 29.0 1.0 0.0 0.689655172413793
47 46 29 0.0 0.0 71.0 0.0 1921.0 8.0 21.0 0.35140562248995977
47 46 30 0.0 0.0 160.0 0.0 3995.0 14.0 171.0 0.22790167670519285
47 46 31 0.0 0.0 818.0 0.0 11908.0 33.0 6660.0 0.09518629317378297
47 46 32 0.0 0.0 1307.0 0.0 12831.0 41.0 15988.0 0.08676789587852494
47 46 33 0.0 0.0 2075.0 0.0 12181.0 54.0 33159.0 0.08607439286812173
47 46 34 0.0 0.0 2286.0 0.0 12646.0 51.0 32189.0 0.08269832831236339
47 46 35 0.0 0.0 2082.0 0.0 12910.0 48.0 28717.0 0.08227550540667607
47 46 36 0.0 0.0 2468.0 0.0 12437.0 59.0 36308.0 0.08283043426813394
47 46 37 0.0 0.0 3666.0 0.0 8877.0 92.0 75680.0 0.09637227232050663
47 46 38 0.0 0.0 2693.0 0.0 12389.0 58.0 39125.0 0.08202964785844025
47 46 39 0.0 0.0 2726.0 0.0 12185.0 63.0 41251.0 0.08277656240761544
47 46 40 0.0 0.0 3281.0 0.0 10723.0 72.0 56281.0 0.0873689465801298
47 46 41 0.0 0.0 2379.0 0.0 12482.0 61.0 34951.0 0.08308605341246289
47 46 42 0.0 0.0 2339.0 0.0 12739.0 51.0 33677.0 0.08199121522693996
47 46 43 0.0 0.0 2448.0 0.0 11505.0 46.0 41928.0 0.08760951188986231
47 46 44 0.0 0.0 2001.0 0.0 12773.0 49.0 28277.0 0.0834575260804769
47 46 45 0.0 0.0 1520.0 0.0 13038.0 37.0 19682.0 0.08448494357612696
47 46 46 0.0 0.0 1274.0 0.0 13491.0 35.0 12589.0 0.0835073068893528
47 46 47 0.0 0.0 767.0 0.0 11681.0 30.0 5795.0 0.09702009702009701
47 46 48 0.0 0.0 698.0 0.0 10764.0 32.0 3400.0 0.10409695888170123
47 46 49 0.0 0.0 414.0 0.0 8375.0 30.0 1383.0 0.13003901170351104
47 46 50 0.0 0.0 193.0 0.0 4084.0 23.0 166.0 0.22382094324540364
47 46 51 0.0 0.0 1.0 0.0 141.0 0.0 0.0 0.65359477124183
47 46 52 0.0 0.0 5.0 0.0 139.0 3.0 0.0 0.6539000467071461
47 47 28 0.0 0.0 1.0 0.0 92.0 1.0 0.0 0.6692160611854684
47 47 29 0.0 0.0 0.0 0.0 23.0 0.0 0.0 0.6920415224913494
47 47 30 0.0 0.0 91.0 0.0 2114.0 12.0 25.0 0.33396946564885494
47 47 31 0.0 0.0 212.0 0.0 5103.0 19.0 350.0 0.19183337900794736
47 47 32 0.0 0.0 446.0 0.0 9296.0 26.0 2065.0 0.11939280231963156
47 47 33 0.0 0.0 949.0 0.0 12381.0 32.0 8414.0 0.09137188356611407
47 47 34 0.0 0.0 1304.0 0.0 13167.0 37.0 14153.0 0.08498755539367449
47 47 35 0.0 0.0 2169.0 0.0 11580.0 67.0 37626.0 0.08896231810383172
47 47 36 0.0 0.0 1430.0 0.0 13606.0 36.0 15088.0 0.08214034264257215
47 47 37 0.0 0.0 2221.0 0.0 12249.0 59.0 34343.0 0.08492053863884506
47 47 38 0.0 0.0 2158.0 0.0 12520.0 46.0 32382.0 0.0839278220730172
47 47 39 0.0 0.0 1718.0 0.0 13741.0 35.0 19701.0 0.08009611533840608
47 47 40 0.0 0.0 2216.0 0.0 12113.0 50.0 34940.0 0.08573703227386857
47 47 41 0.0 0.0 1860.0 0.0 12935.0 42.0 25307.0 0.0833134967864794
47 47 42 0.0 0.0 1883.0 0.0 12275.0 57.0 30081.0 0.08669267446900736
47 47 43 0.0 0.0 1385.0 0.0 13022.0 35.0 17679.0 0.08527226215129735
47 47 44 0.0 0.0 970.0 0.0 12686.0 31.0 9764.0 0.08947973923047424
47 47 45 0.0 0.0 913.0 0.0 12447.0 33.0 8606.0 0.09119927040583675
47 47 46 0.0 0.0 387.0 0.0 8114.0 19.0 1209.0 0.13347316236056822
47 47 47 0.0 0.0 426.0 0.0 8252.0 25.0 1376.0 0.13133208255159473
47 47 48 0.0 0.0 607.0 0.0 10668.0 29.0 4173.0 0.10551703346397347
47 47 49 0.0 0.0 49.0 0.0 1324.0 9.0 10.0 0.41629497472494786
47 47 50 0.0 0.0 100.0 0.0 2820.0 21.0 59.0 0.2857726066544192
47 47 51 0.0 0.0 15.0 0.0 433.0 3.0 1.0 0.5725971370143148
47 47 52 0.0 0.0 0.0 0.0 3.0 0.0 0.0 0.6989515726410384
47 48 29 0.0 0.0 0.0 0.0 5.0 0.0 0.0 0.6982543640897755
47 48 30 0.0 0.0 1.0 0.0 63.0 0.0 0.0 0.6786233640329616
47 48 31 0.0 0.0 113.0 0.0 2331.0 18.0 31.0 0.31624124689405914
47 48 32 0.0 0.0 273.0 0.0 6012.0 21.0 456.0 0.1693480101608806
47 48 33 0.0 0.0 639.0 0.0 10788.0 27.0 3444.0 0.10434523365879107
47 48 34 0.0 0.0 1625.0 0.0 12771.0 53.0 22295.0 0.08536064874093041
47 48 35 0.0 0.0 642.0 0.0 11173.0 26.0 4322.0 0.10144927536231882
47 48 36 0.0 0.0 828.0 0.0 12022.0 26.0 6514.0 0.09428879310344826
47 48 37 0.0 0.0 1581.0 0.0 11745.0 47.0 27250.0 0.09133015852306085
47 48 38 0.0 0.0 1246.0 0.0 13253.0 31.0 12781.0 0.08483306065563835
47 48 39 0.0 0.0 1927.0 0.0 12295.0 56.0 29108.0 0.08634513383495744
47 48 40 0.0 0.0 1043.0 0.0 12646.0 31.0 10137.0 0.08926863482752023
47 48 41 0.0 0.0 1309.0 0.0 12912.0 37.0 15507.0 0.08632916075723006
47 48 42 0.0 0.0 891.0 0.0 12428.0 24.0 6925.0 0.09140767824497256
47 48 43 0.0 0.0 696.0 0.0 11466.0 33.0 5670.0 0.09891895711156644
47 48 44 0.0 0.0 338.0 0.0 7194.0 28.0 890.0 0.1472599137477648
47 48 45 0.0 0.0 109.0 0.0 2790.0 16.0 61.0 0.28670899037476955
47 48 46 0.0 0.0 194.0 0.0 4651.0 18.0 255.0 0.20494803103498752
47 48 47 0.0 0.0 7.0 0.0 275.0 1.0 1.0 0.6137658921525645
47 48 48 0.0 0.0 104.0 0.0 2495.0 19.0 46.0 0.30561012879283994
47 48 49 0.0 0.0 15.0 0.0 423.0 6.0 0.0 0.575657894736842
47 48 50 0.0 0.0 0.0 0.0 8.0 0.0 0.0 0.697211155378486
47 48 51 0.0 0.0 0.0 0.0 1.0 0.0 0.0 0.6996501749125437
47 49 29 0.0 0.0 0.0 0.0 2.0 0.0 0.0 0.6993006993006992
47 49 30 0.0 0.0 0.0 0.0 12.0 0.0 0.0 0.6958250497017892
47 49 31 0.0 0.0 49.0 0.0 1091.0 5.0 1.0 0.44657097288676234
47 49 32 0.0 0.0 247.0 0.0 5129.0 28.0 298.0 0.1905021091304939
47 49 33 0.0 0.0 242.0 0.0 5395.0 21.0 342.0 0.18382352941176466
47 49 34 0.0 0.0 410.0 0.0 8266.0 25.0 1196.0 0.1313690532044665
47 49 35 0.0 0.0 132.0 0.0 3642.0 17.0 140.0 0.24318221295813786
47 49 36 0.0 0.0 767.0 0.0 11639.0 27.0 5322.0 0.09726950600986589
47 49 37 0.0 0.0 1571.0 0.0 12486.0 48.0 23162.0 0.087173100871731
47 49 38 0.0 0.0 936.0 0.0 12590.0 39.0 9043.0 0.09030510223827645
47 49 39 0.0 0.0 1021.0 0.0 12724.0 30.0 8978.0 0.08891146957957576
47 49 40 0.0 0.0 931.0 0.0 12427.0 29.0 9009.0 0.09119927040583675
47 49 41 0.0 0.0 720.0 0.0 11497.0 18.0 4982.0 0.09848058525604951
47 49 42 0.0 0.0 605.0 0.0 10541.0 25.0 3343.0 0.10654490106544899
47 49 43 0.0 0.0 359.0 0.0 7832.0 21.0 1272.0 0.13757861635220123
47 49 44 0.0 0.0 425.0 0.0 8709.0 17.0 1843.0 0.1257974660796118
47 49 45 0.0 0.0 239.0 0.0 5277.0 26.0 337.0 0.18686599038974902
47 49 46 0.0 0.0 32.0 0.0 540.0 6.0 0.0 0.5455962587685113
47 49 47 0.0 0.0 13.0 0.0 275.0 5.0 0.0 0.6132282084975909
47 49 48 0.0 0.0 3.0 0.0 47.0 1.0 0.0 0.6835937499999999
47 50 30 0.0 0.0 0.0 0.0 4.0 0.0 0.0 0.6986027944111775
47 50 31 0.0 0.0 1.0 0.0 14.0 0.0 0.0 0.6951340615690167
47 50 32 0.0 0.0 1.0 0.0 97.0 0.0 0.0 0.6676204101096804
47 50 33 0.0 0.0 8.0 0.0 384.0 0.0 1.0 0.5852842809364547
47 50 34 0.0 0.0 105.0 0.0 2406.0 11.0 33.0 0.31111111111111106
47 50 35 0.0 0.0 187.0 0.0 3678.0 16.0 98.0 0.2393571550692426
47 50 36 0.0 0.0 634.0 0.0 10620.0 27.0 3288.0 0.10574816829065638
47 50 37 0.0 0.0 680.0 0.0 10976.0 35.0 4508.0 0.10264682161448785
47 50 38 0.0 0.0 689.0 0.0 11326.0 22.0 4916.0 0.0999357555856949
47 50 39 0.0 0.0 292.0 0.0 6203.0 18.0 500.0 0.1650554114595614
47 50 40 0.0 0.0 233.0 0.0 5223.0 20.0 330.0 0.18822264049475662
47 50 41 0.0 0.0 245.0 0.0 5714.0 9.0 445.0 0.17601206939904446
47 50 42 0.0 0.0 137.0 0.0 3126.0 20.0 66.0 0.2669717772692601
47 50 43 0.0 0.0 183.0 0.0 4258.0 17.0 192.0 0.21793275217932748
47 50 44 0.0 0.0 66.0 0.0 1205.0 11.0 3.0 0.42957962565204044
47 50 45 0.0 0.0 256.0 0.0 5480.0 25.0 361.0 0.1814882032667876
47 50 46 0.0 0.0 2.0 0.0 27.0 1.0 0.0 0.690335305719921
47 51 30 0.0 0.0 0.0 0.0 2.0 0.0 0.0 0.6993006993006992
47 51 31 0.0 0.0 0.0 0.0 4.0 0.0 0.0 0.6989515726410384
47 51 32 0.0 0.0 1.0 0.0 20.0 0.0 0.0 0.6930693069306929
47 51 33 0.0 0.0 0.0 0.0 13.0 1.0 0.0 0.6958250497017892
47 51 34 0.0 0.0 0.0 0.0 4.0 0.0 0.0 0.6986027944111775
47 51 35 0.0 0.0 5.0 0.0 148.0 3.0 1.0 0.6514657980456026
47 51 36 0.0 0.0 20.0 0.0 517.0 6.0 1.0 0.5529225908372827
47 51 37 0.0 0.0 66.0 0.0 1344.0 11.0 6.0 0.41188584877905265
47 51 38 0.0 0.0 95.0 0.0 2234.0 18.0 23.0 0.32475063790303865
47 51 39 0.0 0.0 15.0 0.0 497.0 1.0 3.0 0.5575467941059339
47 51 40 0.0 0.0 24.0 0.0 552.0 5.0 2.0 0.5445352003111629
47 51 41 0.0 0.0 3.0 0.0 138.0 1.0 2.0 0.6542056074766354
47 51 42 0.0 0.0 2.0 0.0 124.0 1.0 0.0 0.6588235294117646
47 51 43 0.0 0.0 0.0 0.0 83.0 1.0 1.0 0.6724303554274734
47 51 44 0.0 0.0 2.0 0.0 78.0 0.0 0.0 0.6730769230769229
47 51 45 0.0 0.0 53.0 0.0 1153.0 9.0 6.0 0.43791054113231154
47 51 46 0.0 0.0 0.0 0.0 9.0 0.0 0.0 0.6968641114982577
47 52 33 0.0 0.0 0.0 0.0 1.0 0.0 0.0 0.6996501749125437
47 52 36 0.0 0.0 0.0 0.0 1.0 0.0 0.0 0.6996501749125437
47 52 37 0.0 0.0 0.0 0.0 5.0 0.0 0.0 0.6982543640897755
47 52 38 0.0 0.0 0.0 0.0 6.0 0.0 0.0 0.6979062811565303
47 52 39 0.0 0.0 0.0 0.0 7.0 1.0 0.0 0.6979062811565303
47 52 40 0.0 0.0 0.0 0.0 2.0 0.0 0.0 0.6993006993006992
47 52 41 0.0 0.0 1.0 0.0 18.0 1.0 0.0 0.6937561942517343
47 52 42 0.0 0.0 0.0 0.0 10.0 0.0 0.0 0.6965174129353233
47 52 43 0.0 0.0 0.0 0.0 6.0 0.0 0.0 0.6979062811565303
47 52 44 0.0 0.0 0.0 0.0 1.0 0.0 0.0 0.0
48 27 35 0.0 0.0 0.0 0.0 2.0 0.0 0.0 0.6993006993006992
48 27 36 0.0 0.0 0.0 0.0 3.0 0.0 0.0 0.6989515726410384
48 27 37 0.0 0.0 0.0 0.0 2.0 0.0 0.0 0.6993006993006992
48 27 40 0.0 0.0 0.0 0.0 4.0 0.0 0.0 0.6986027944111775
48 27 41 0.0 0.0 0.0 0.0 4.0 0.0 0.0 0.6986027944111775
48 27 43 0.0 0.0 0.0 0.0 1.0 0.0 0.0 0.6996501749125437
48 28 35 0.0 0.0 0.0 0.0 2.0 0.0 0.0 0.6993006993006992
48 28 36 0.0 0.0 13.0 0.0 573.0 3.0 4.0 0.5420054200542004
48 28 37 0.0 0.0 0.0 0.0 22.0 0.0 0.0 0.6923837784371908
48 28 38 0.0 0.0 17.0 0.0 444.0 3.0 0.0 0.5695687550854353
48 28 39 0.0 0.0 36.0 0.0 767.0 9.0 2.0 0.5010737294201861
48 28 40 0.0 0.0 5.0 0.0 111.0 2.0 0.0 0.662251655629139
48 28 41 0.0 0.0 8.0 0.0 164.0 1.0 0.0 0.64486411791801
48 28 42 0.0 0.0 1.0 0.0 15.0 0.0 0.0 0.6944444444444444
48 28 43 0.0 0.0 3.0 0.0 59.0 0.0 0.0 0.6789524733268669
48 28 44 0.0 0.0 0.0 0.0 5.0 0.0 0.0 0.6982543640897755
48 28 45 0.0 0.0 1.0 0.0 7.0 1.0 0.0 0.6975585450921773
48 29 31 0.0 0.0 0.0 0.0 1.0 0.0 0.0 0.6996501749125437
48 29 33 0.0 0.0 0.0 0.0 4.0 0.0 0.0 0.6986027944111775
48 29 34 0.0 0.0 0.0 0.0 3.0 0.0 0.0 0.6989515726410384
48 29 35 0.0 0.0 6.0 0.0 89.0 2.0 0.0 0.668896321070234
48 29 36 0.0 0.0 1.0 0.0 101.0 0.0 1.0 0.6663493574488338
48 29 37 0.0 0.0 9.0 0.0 313.0 1.0 0.0 0.6031882809133993
48 29 38 0.0 0.0 85.0 0.0 1775.0 8.0 15.0 0.3634475597092419
48 29 39 0.0 0.0 90.0 0.0 2163.0 18.0 26.0 0.33057851239669417
48 29 40 0.0 0.0 131.0 0.0 3135.0 16.0 88.0 0.2666666666666666
48 29 41 0.0 0.0 127.0 0.0 2608.0 16.0 43.0 0.2965473416649015
48 29 42 0.0 0.0 265.0 0.0 5778.0 14.0 421.0 0.17434620174346202
48 29 43 0.0 0.0 44.0 0.0 1089.0 9.0 7.0 0.4481434058898847
48 29 44 0.0 0.0 38.0 0.0 1085.0 11.0 6.0 0.4498714652956297
48 29 45 0.0 0.0 36.0 0.0 915.0 8.0 3.0 0.4757050628610261
48 29 46 0.0 0.0 37.0 0.0 579.0 11.0 2.0 0.5376344086021504
48 29 48 0.0 0.0 0.0 0.0 1.0 0.0 0.0 0.6996501749125437
48 30 31 0.0 0.0 2.0 0.0 41.0 1.0 0.0 0.6856023506366307
48 30 32 0.0 0.0 0.0 0.0 4.0 0.0 0.0 0.6986027944111775
48 30 33 0.0 0.0 0.0 0.0 5.0 0.0 0.0 0.6982543640897755
48 30 34 0.0 0.0 0.0 0.0 44.0 0.0 0.0 0.6852667645619186
48 30 35 0.0 0.0 134.0 0.0 2997.0 13.0 77.0 0.2735978112175102
48 30 36 0.0 0.0 415.0 0.0 7968.0 18.0 1159.0 0.13496577653523567
48 30 37 0.0 0.0 181.0 0.0 4430.0 18.0 181.0 0.21237864077669902
48 30 38 0.0 0.0 511.0 0.0 9995.0 22.0 2815.0 0.11210762331838564
48 30 39 0.0 0.0 196.0 0.0 4653.0 16.0 250.0 0.20485806262803627
48 30 40 0.0 0.0 70.0 0.0 2031.0 9.0 41.0 0.34229828850855737
48 30 41 0.0 0.0 314.0 0.0 7228.0 22.0 909.0 0.1470279353077084
48 30 42 0.0 0.0 762.0 0.0 11537.0 26.0 4231.0 0.09797060881735478
48 30 43 0.0 0.0 492.0 0.0 9062.0 24.0 1956.0 0.121317157712305
48 30 44 0.0 0.0 347.0 0.0 7156.0 21.0 838.0 0.14758591608686483
48 30 45 0.0 0.0 489.0 0.0 8372.0 27.0 1259.0 0.12911555842479017
48 30 46 0.0 0.0 70.0 0.0 1415.0 14.0 7.0 0.4033419763756842
48 30 47 0.0 0.0 10.0 0.0 233.0 2.0 0.0 0.6247211066488174
48 30 48 0.0 0.0 0.0 0.0 2.0 0.0 0.0 0.6993006993006992
48 31 30 0.0 0.0 1.0 0.0 8.0 0.0 0.0 0.6968641114982577
48 31 31 0.0 0.0 5.0 0.0 30.0 2.0 0.0 0.6886374815543531
48 31 32 0.0 0.0 0.0 0.0 12.0 0.0 0.0 0.6958250497017892
48 31 33 0.0 0.0 5.0 0.0 84.0 1.0 0.0 0.6704980842911876
48 31 34 0.0 0.0 48.0 0.0 1395.0 11.0 18.0 0.4080443019527834
48 31 35 0.0 0.0 735.0 0.0 11518.0 33.0 4830.0 0.09830080044937509
48 31 36 0.0 0.0 597.0 0.0 10655.0 23.0 3953.0 0.10573219545351557
48 31 37 0.0 0.0 782.0 0.0 11869.0 26.0 5536.0 0.09561535309383963
48 31 38 0.0 0.0 1030.0 0.0 12506.0 24.0 11256.0 0.09007270153766968
48 31 39 0.0 0.0 1496.0 0.0 12871.0 43.0 19500.0 0.08547530374259721
48 31 40 0.0 0.0 744.0 0.0 11488.0 22.0 4822.0 0.09833532345297463
48 31 41 0.0 0.0 735.0 0.0 11750.0 24.0 5337.0 0.09666505558240696
48 31 42 0.0 0.0 951.0 0.0 12468.0 30.0 10032.0 0.09077940604331473
48 31 43 0.0 0.0 961.0 0.0 12373.0 40.0 9690.0 0.09138381201044385
48 31 44 0.0 0.0 1055.0 0.0 12877.0 26.0 10622.0 0.0878293601003764
48 31 45 0.0 0.0 398.0 0.0 8334.0 21.0 1398.0 0.13059701492537312
48 31 46 0.0 0.0 277.0 0.0 5816.0 23.0 453.0 0.17339608620262567
48 31 47 0.0 0.0 36.0 0.0 1210.0 10.0 9.0 0.43276661514683146
48 31 48 0.0 0.0 1.0 0.0 37.0 0.0 0.0 0.6869479882237487
48 31 49 0.0 0.0 0.0 0.0 9.0 0.0 0.0 0.6968641114982577
48 31 50 0.0 0.0 0.0 0.0 2.0 0.0 0.0 0.6993006993006992
48 32 29 0.0 0.0 0.0 0.0 2.0 0.0 0.0 0.6993006993006992
48 32 30 0.0 0.0 30.0 0.0 754.0 10.0 4.0 0.5046863734679162
48 32 31 0.0 0.0 2.0 0.0 64.0 1.0 0.0 0.6779661016949151
48 32 32 0.0 0.0 0.0 0.0 85.0 0.0 0.0 0.6714628297362109
48 32 33 0.0 0.0 150.0 0.0 3297.0 25.0 82.0 0.25820730357801547
48 32 34 0.0 0.0 52.0 0.0 1228.0 10.0 3.0 0.4281345565749235
48 32 35 0.0 0.0 485.0 0.0 9808.0 22.0 2340.0 0.11398794984530206
48 32 36 0.0 0.0 711.0 0.0 11415.0 34.0 5233.0 0.09927669834066088
48 32 37 0.0 0.0 1702.0 0.0 12051.0 50.0 27411.0 0.08893406174564857
48 32 38 0.0 0.0 1285.0 0.0 13284.0 38.0 13990.0 0.08445436448090728
48 32 39 0.0 0.0 1409.0 0.0 13194.0 46.0 15956.0 0.08438818565400844
48 32 40 0.0 0.0 1455.0 0.0 13227.0 32.0 17793.0 0.08392279103225031
48 32 41 0.0 0.0 1713.0 0.0 12971.0 42.0 22725.0 0.08390267289943663
48 32 42 0.0 0.0 2078.0 0.0 12298.0 63.0 32363.0 0.08560596795890912
48 32 43 0.0 0.0 1838.0 0.0 12127.0 46.0 29779.0 0.08771380239333373
48 32 44 0.0 0.0 912.0 0.0 12512.0 29.0 7714.0 0.09074410163339382
48 32 45 0.0 0.0 425.0 0.0 9062.0 15.0 2398.0 0.12201499041310788
48 32 46 0.0 0.0 799.0 0.0 11861.0 27.0 5594.0 0.09555661729574771
48 32 47 0.0 0.0 300.0 0.0 6284.0 31.0 548.0 0.16368525663509878
48 32 48 0.0 0.0 9.0 0.0 415.0 3.0 0.0 0.5785123966942147
48 32 49 0.0 0.0 96.0 0.0 2199.0 14.0 26.0 0.32702639570193875
48 32 50 0.0 0.0 4.0 0.0 123.0 1.0 0.0 0.6588235294117646
48 32 51 0.0 0.0 0.0 0.0 1.0 0.0 0.0 0.6996501749125437
48 33 29 0.0 0.0 0.0 0.0 1.0 0.0 0.0 0.6996501749125437
48 33 30 0.0 0.0 20.0 0.0 644.0 3.0 3.0 0.5261180007515971
48 33 31 0.0 0.0 244.0 0.0 5361.0 19.0 344.0 0.18450184501845013
48 33 32 0.0 0.0 104.0 0.0 2592.0 13.0 69.0 0.2988898377455166
48 33 33 0.0 0.0 281.0 0.0 6230.0 21.0 557.0 0.1647446457990115
48 33 34 0.0 0.0 613.0 0.0 10626.0 16.0 3126.0 0.10581210792835008
48 33 35 0.0 0.0 593.0 0.0 10668.0 26.0 4436.0 0.10565240359218171
48 33 36 0.0 0.0 1067.0 0.0 13034.0 28.0 9174.0 0.0869943453675511
48 33 37 0.0 0.0 1624.0 0.0 13567.0 43.0 20263.0 0.08146639511201628
48 33 38 0.0 0.0 1560.0 0.0 13492.0 56.0 17744.0 0.08219338930311747
48 33 39 0.0 0.0 2000.0 0.0 13040.0 63.0 26722.0 0.08220786846741045
48 33 40 0.0 0.0 2890.0 0.0 10907.0 59.0 50887.0 0.08855154965211891
48 33 41 0.0 0.0 2688.0 0.0 11706.0 63.0 43699.0 0.08531383302864107
48 33 42 0.0 0.0 1993.0 0.0 13305.0 56.0 25225.0 0.08099039685294457
48 33 43 0.0 0.0 1804.0 0.0 13184.0 56.0 23180.0 0.08240626287597856
48 33 44 0.0 0.0 1300.0 0.0 13314.0 46.0 13184.0 0.08430687703239792
48 33 45 0.0 0.0 1167.0 0.0 13073.0 37.0 12013.0 0.08622282441337685
48 33 46 0.0 0.0 661.0 0.0 11345.0 26.0 6074.0 0.09994288977727012
48 33 47 0.0 0.0 480.0 0.0 9159.0 29.0 1924.0 0.12046119428669762
48 33 48 0.0 0.0 376.0 0.0 7187.0 15.0 700.0 0.1465354825204103
48 33 49 0.0 0.0 770.0 0.0 11628.0 26.0 6479.0 0.0972830241122924
48 33 50 0.0 0.0 64.0 0.0 1560.0 13.0 13.0 0.3875968992248061
48 33 51 0.0 0.0 1.0 0.0 19.0 0.0 0.0 0.6930693069306929
48 33 52 0.0 0.0 0.0 0.0 1.0 0.0 0.0 0.6996501749125437
48 34 29 0.0 0.0 0.0 0.0 23.0 1.0 0.0 0.6923837784371908
48 34 30 0.0 0.0 172.0 0.0 3874.0 13.0 138.0 0.23205701972484669
48 34 31 0.0 0.0 728.0 0.0 11442.0 24.0 5224.0 0.0988351570773032
48 34 32 0.0 0.0 604.0 0.0 10598.0 26.0 3754.0 0.10611688016372318
48 34 33 0.0 0.0 1213.0 0.0 13112.0 44.0 13554.0 0.0858000858000858
48 34 34 0.0 0.0 993.0 0.0 12995.0 39.0 8278.0 0.08763144717075612
48 34 35 0.0 0.0 1259.0 0.0 12970.0 40.0 15484.0 0.08631319358816275
48 34 36 0.0 0.0 2339.0 0.0 10956.0 58.0 43793.0 0.09156311314584696
48 34 37 0.0 0.0 2787.0 0.0 11327.0 63.0 47247.0 0.08688097306689835
48 34 38 0.0 0.0 2721.0 0.0 12427.0 53.0 39090.0 0.08160410352063417
48 34 39 0.0 0.0 3368.0 0.0 11639.0 57.0 50582.0 0.08224167303060564
48 34 40 0.0 0.0 3921.0 0.0 9019.0 71.0 76694.0 0.0935891436593355
48 34 41 0.0 0.0 3816.0 0.0 10445.0 71.0 63439.0 0.08612204724409449
48 34 42 0.0 0.0 3033.0 0.0 12676.0 57.0 40025.0 0.07906477664200598
48 34 43 0.0 0.0 3033.0 0.0 10995.0 67.0 51751.0 0.0873253493013972
48 34 44 0.0 0.0 2399.0 0.0 12561.0 63.0 34641.0 0.08255203726634824
48 34 45 0.0 0.0 1631.0 0.0 13209.0 34.0 20106.0 0.08311071534579993
48 34 46 0.0 0.0 1071.0 0.0 12761.0 36.0 10321.0 0.08851236011885943
48 34 47 0.0 0.0 664.0 0.0 10998.0 28.0 3507.0 0.10255658926086
48 34 48 0.0 0.0 716.0 0.0 11515.0 36.0 5356.0 0.09845288326300984
48 34 49 0.0 0.0 612.0 0.0 10296.0 29.0 2932.0 0.10856921287320664
48 34 50 0.0 0.0 174.0 0.0 3292.0 23.0 76.0 0.25716385011021303
48 34 51 0.0 0.0 0.0 0.0 56.0 0.0 0.0 0.6812652068126519
48 34 52 0.0 0.0 0.0 0.0 4.0 0.0 0.0 0.6986027944111775
48 35 28 0.0 0.0 0.0 0.0 2.0 0.0 0.0 0.6993006993006992
48 35 29 0.0 0.0 10.0 0.0 173.0 0.0 0.0 0.6413192853870818
48 35 30 0.0 0.0 398.0 0.0 8104.0 12.0 1186.0 0.1334095673718315
48 35 31 0.0 0.0 689.0 0.0 11314.0 24.0 5238.0 0.10005002501250625
48 35 32 0.0 0.0 1321.0 0.0 12860.0 23.0 17523.0 0.08647313156269301
48 35 33 0.0 0.0 1230.0 0.0 13250.0 37.0 12698.0 0.08496176720475786
48 35 34 0.0 0.0 1841.0 0.0 11984.0 46.0 30293.0 0.08841174613198609
48 35 35 0.0 0.0 1499.0 0.0 13370.0 49.0 17491.0 0.08307619273676714
48 35 36 0.0 0.0 3061.0 0.0 10847.0 64.0 53093.0 0.0880281690140845
48 35 37 0.0 0.0 3643.0 0.0 10107.0 74.0 66078.0 0.08891146957957576
48 35 38 0.0 0.0 4294.0 0.0 6577.0 63.0 106380.0 0.10878856165980262
48 35 39 0.0 0.0 4667.0 0.0 8245.0 84.0 92226.0 0.09393451422436928
48 35 40 0.0 0.0 4633.0 0.0 8120.0 68.0 91806.0 0.09469056476158268
48 35 41 0.0 0.0 4381.0 0.0 9938.0 66.0 74081.0 0.08566882878472645
48 35 42 0.0 0.0 4167.0 0.0 10688.0 74.0 64014.0 0.08292856296647316
48 35 43 0.0 0.0 3710.0 0.0 10223.0 74.0 64966.0 0.08787897809302617
48 35 44 0.0 0.0 3003.0 0.0 11738.0 70.0 46399.0 0.08359706216038693
48 35 45 0.0 0.0 2076.0 0.0 13404.0 50.0 25920.0 0.08005031734232945
48 35 46 0.0 0.0 2110.0 0.0 13107.0 49.0 28446.0 0.08130553458388988
48 35 47 0.0 0.0 1987.0 0.0 12509.0 39.0 29487.0 0.08480222908716456
48 35 48 0.0 0.0 1205.0 0.0 13057.0 42.0 13437.0 0.08620689655172413
48 35 49 0.0 0.0 1042.0 0.0 12457.0 26.0 11709.0 0.09032258064516129
48 35 50 0.0 0.0 261.0 0.0 6092.0 12.0 517.0 0.16774502755811166
48 35 51 0.0 0.0 274.0 0.0 5694.0 26.0 373.0 0.17618927762396172
48 35 52 0.0 0.0 0.0 0.0 15.0 0.0 0.0 0.694789081885856
48 35 53 0.0 0.0 0.0 0.0 2.0 0.0 0.0 0.6993006993006992
48 36 28 0.0 0.0 0.0 0.0 3.0 0.0 0.0 0.6989515726410384
48 36 29 0.0 0.0 17.0 0.0 522.0 4.0 0.0 0.5524861878453038
48 36 30 0.0 0.0 100.0 0.0 2760.0 16.0 57.0 0.2888980602558811
48 36 31 0.0 0.0 889.0 0.0 12474.0 28.0 6195.0 0.09115770282588878
48 36 32 0.0 0.0 2310.0 0.0 12167.0 40.0 35517.0 0.08491023774866568
48 36 33 0.0 0.0 2832.0 0.0 11021.0 58.0 48506.0 0.08823344047393962
48 36 34 0.0 0.0 3055.0 0.0 11432.0 77.0 49502.0 0.08502884907379288
48 36 35 0.0 0.0 2956.0 0.0 11238.0 57.0 49733.0 0.08639308855291576
48 36 36 0.0 0.0 3552.0 0.0 10480.0 68.0 61557.0 0.08726547403852146
48 36 37 0.0 0.0 3761.0 0.0 11490.0 78.0 56450.0 0.08116883116883115
48 36 38 0.0 0.0 4507.0 0.0 9340.0 89.0 77983.0 0.08842849924204144
48 36 39 0.0 0.0 5014.0 0.0 10055.0 81.0 76905.0 0.08201523140011716
48 36 40 0.0 0.0 5205.0 0.0 7300.0 83.0 104254.0 0.09650513545185081
48 36 41 0.0 0.0 5140.0 0.0 9075.0 91.0 85353.0 0.08643575970858801
48 36 42 0.0 0.0 4543.0 0.0 9573.0 76.0 77595.0 0.08692952499223842
48 36 43 0.0 0.0 3501.0 0.0 12619.0 67.0 45561.0 0.07725842944649852
48 36 44 0.0 0.0 3607.0 0.0 11123.0 76.0 57142.0 0.08367700675392982
48 36 45 0.0 0.0 3139.0 0.0 11642.0 67.0 48962.0 0.08344757703999522
48 36 46 0.0 0.0 3039.0 0.0 10255.0 71.0 58291.0 0.09159306509649982
48 36 47 0.0 0.0 1467.0 0.0 13300.0 49.0 16872.0 0.08357709987463434
48 36 48 0.0 0.0 1642.0 0.0 12994.0 46.0 22425.0 0.08424092905710331
48 36 49 0.0 0.0 1017.0 0.0 12869.0 32.0 9937.0 0.08816120906801006
48 36 50 0.0 0.0 497.0 0.0 9199.0 20.0 1859.0 0.11981172443303378
48 36 51 0.0 0.0 91.0 0.0 2014.0 13.0 31.0 0.34221461745294546
48 36 52 0.0 0.0 8.0 0.0 109.0 1.0 0.0 0.661625708884688
48 36 53 0.0 0.0 0.0 0.0 1.0 0.0 0.0 0.6996501749125437
48 37 27 0.0 0.0 0.0 0.0 1.0 0.0 0.0 0.6996501749125437
48 37 28 0.0 0.0 0.0 0.0 8.0 0.0 0.0 0.697211155378486
48 37 29 0.0 0.0 142.0 0.0 3216.0 21.0 79.0 0.2623196552370245
48 37 30 0.0 0.0 277.0 0.0 5683.0 24.0 384.0 0.17638906387803951
48 37 31 0.0 0.0 1393.0 0.0 13227.0 47.0 16188.0 0.08426120975022569
48 37 32 0.0 0.0 2268.0 0.0 12552.0 49.0 33726.0 0.08312058421896336
48 37 33 0.0 0.0 3754.0 0.0 8848.0 79.0 76469.0 0.09577888759663404
48 37 34 0.0 0.0 3198.0 0.0 10683.0 54.0 55936.0 0.08809463881198086
48 37 35 0.0 0.0 3323.0 0.0 11847.0 66.0 48242.0 0.08145217593670001
48 37 36 0.0 0.0 4178.0 0.0 8955.0 73.0 78493.0 0.0925681036762761
48 37 37 0.0 0.0 4593.0 0.0 8421.0 54.0 88084.0 0.09321526066981822
48 37 38 0.0 0.0 4952.0 0.0 8375.0 71.0 90583.0 0.09119927040583675
48 37 39 0.0 0.0 5037.0 0.0 9918.0 96.0 78359.0 0.08273742686602446
48 37 40 0.0 0.0 5174.0 0.0 9739.0 78.0 80027.0 0.08272764876203981
48 37 41 0.0 0.0 4884.0 0.0 9366.0 76.0 81073.0 0.08607968519429414
48 37 42 0.0 0.0 4802.0 0.0 9791.0 95.0 76728.0 0.08440344848375232
48 37 43 0.0 0.0 4732.0 0.0 8581.0 94.0 87509.0 0.09149728775897
48 37 44 0.0 0.0 4121.0 0.0 11245.0 72.0 60801.0 0.08063587144338209
48 37 45 0.0 0.0 3873.0 0.0 8594.0 74.0 81289.0 0.09667840618741799
48 37 46 0.0 0.0 3015.0 0.0 11468.0 54.0 47717.0 0.08488449645304068
48 37 47 0.0 0.0 2782.0 0.0 11122.0 63.0 47883.0 0.08805031446540879
48 37 48 0.0 0.0 1940.0 0.0 12172.0 46.0 30770.0 0.0868917576961271
48 37 49 0.0 0.0 993.0 0.0 12676.0 26.0 9195.0 0.08939974457215835
48 37 50 0.0 0.0 443.0 0.0 8632.0 23.0 1471.0 0.12663952962460423
48 37 51 0.0 0.0 136.0 0.0 3592.0 16.0 111.0 0.24509803921568624
48 37 52 0.0 0.0 0.0 0.0 13.0 0.0 0.0 0.695479384003974
48 38 28 0.0 0.0 0.0 0.0 26.0 0.0 0.0 0.6910167818361302
48 38 29 0.0 0.0 5.0 0.0 342.0 1.0 2.0 0.5967604433077578
48 38 30 0.0 0.0 508.0 0.0 9799.0 24.0 2552.0 0.11392302058751727
48 38 31 0.0 0.0 999.0 0.0 12684.0 24.0 9351.0 0.0891606164819768
48 38 32 0.0 0.0 2376.0 0.0 12220.0 44.0 36063.0 0.0842713537591043
48 38 33 0.0 0.0 3116.0 0.0 11373.0 65.0 50636.0 0.0849772382397572
48 38 34 0.0 0.0 3567.0 0.0 11327.0 76.0 55242.0 0.08286965786669823
48 38 35 0.0 0.0 4129.0 0.0 9785.0 89.0 71648.0 0.08798391151332327
48 38 36 0.0 0.0 4583.0 0.0 8844.0 78.0 83628.0 0.09070294784580497
48 38 37 0.0 0.0 4697.0 0.0 9661.0 74.0 76490.0 0.08548574219942602
48 38 38 0.0 0.0 4820.0 0.0 9368.0 79.0 81848.0 0.08645711109738775
48 38 39 0.0 0.0 5105.0 0.0 8587.0 73.0 90479.0 0.08911521323997454
48 38 40 0.0 0.0 5223.0 0.0 9721.0 91.0 80706.0 0.0826153664581612
48 38 41 0.0 0.0 5085.0 0.0 8314.0 76.0 92830.0 0.09099772505687358
48 38 42 0.0 0.0 5064.0 0.0 10253.0 76.0 75288.0 0.08080341683019737
48 38 43 0.0 0.0 4826.0 0.0 7867.0 78.0 95405.0 0.09528346831824677
48 38 44 0.0 0.0 4639.0 0.0 10611.0 93.0 68433.0 0.08131970260223047
48 38 45 0.0 0.0 4398.0 0.0 10388.0 80.0 68069.0 0.08334325514942255
48 38 46 0.0 0.0 3510.0 0.0 11171.0 90.0 54739.0 0.08402352658744447
48 38 47 0.0 0.0 2890.0 0.0 11009.0 70.0 50612.0 0.08806693086745926
48 38 48 0.0 0.0 1729.0 0.0 13222.0 48.0 21329.0 0.0826787928896238
48 38 49 0.0 0.0 1223.0 0.0 12985.0 35.0 14167.0 0.08640908529811134
48 38 50 0.0 0.0 813.0 0.0 11963.0 33.0 6608.0 0.09482525060959089
48 38 51 0.0 0.0 17.0 0.0 721.0 6.0 5.0 0.5124450951683748
48 38 52 0.0 0.0 4.0 0.0 196.0 2.0 1.0 0.6369426751592355
48 39 28 0.0 0.0 0.0 0.0 41.0 0.0 1.0 0.6859382655560998
48 39 29 0.0 0.0 219.0 0.0 4730.0 18.0 226.0 0.20193278523005911
48 39 30 0.0 0.0 464.0 0.0 9028.0 25.0 1857.0 0.12198309662803866
48 39 31 0.0 0.0 1496.0 0.0 13022.0 32.0 19560.0 0.08476115517345764
48 39 32 0.0 0.0 2370.0 0.0 11874.0 62.0 37883.0 0.08619628124615193
48 39 33 0.0 0.0 3315.0 0.0 10462.0 88.0 58786.0 0.0887817870505422
48 39 34 0.0 0.0 4062.0 0.0 10197.0 74.0 66927.0 0.08609556607834695
48 39 35 0.0 0.0 4346.0 0.0 10563.0 81.0 67621.0 0.08283043426813394
48 39 36 0.0 0.0 4771.0 0.0 8431.0 71.0 89471.0 0.09196006305832895
48 39 37 0.0 0.0 4901.0 0.0 8512.0 67.0 89434.0 0.09074410163339382
48 39 38 0.0 0.0 4902.0 0.0 9793.0 87.0 78224.0 0.08387251377905583
48 39 39 0.0 0.0 5098.0 0.0 10576.0 76.0 70393.0 0.07921240239900418
48 39 40 0.0 0.0 5249.0 0.0 8966.0 83.0 87761.0 0.08629191321499012
48 39 41 0.0 0.0 5386.0 0.0 8176.0 70.0 96492.0 0.0899107314880226
48 39 42 0.0 0.0 5218.0 0.0 9838.0 94.0 80203.0 0.08219821512447158
48 39 43 0.0 0.0 5123.0 0.0 10742.0 83.0 72044.0 0.0783435926133184
48 39 44 0.0 0.0 5156.0 0.0 9443.0 92.0 82720.0 0.08433734939759036
48 39 45 0.0 0.0 4747.0 0.0 9144.0 89.0 82308.0 0.08810572687224669
48 39 46 0.0 0.0 4324.0 0.0 8018.0 66.0 91283.0 0.09749303621169916
48 39 47 0.0 0.0 3456.0 0.0 10740.0 62.0 56927.0 0.08635578583765112
48 39 48 0.0 0.0 2837.0 0.0 10584.0 66.0 52123.0 0.09077352006743175
48 39 49 0.0 0.0 1675.0 0.0 12726.0 44.0 23948.0 0.08536585365853656
48 39 50 0.0 0.0 507.0 0.0 9803.0 27.0 2763.0 0.11383964872336964
48 39 51 0.0 0.0 363.0 0.0 7348.0 25.0 828.0 0.14452358831423553
48 39 52 0.0 0.0 27.0 0.0 608.0 4.0 2.0 0.5321170657544659
48 39 53 0.0 0.0 0.0 0.0 1.0 0.0 0.0 0.6996501749125437
48 40 28 0.0 0.0 14.0 0.0 468.0 3.0 0.0 0.5647438483259378
48 40 29 0.0 0.0 204.0 0.0 5039.0 11.0 343.0 0.19358407079646014
48 40 30 0.0 0.0 772.0 0.0 11799.0 31.0 5289.0 0.09614724263443444
48 40 31 0.0 0.0 1900.0 0.0 12034.0 65.0 30500.0 0.0879120879120879
48 40 32 0.0 0.0 2622.0 0.0 11632.0 56.0 43723.0 0.08615914825527723
48 40 33 0.0 0.0 4012.0 0.0 8554.0 89.0 81566.0 0.09622654477970993
48 40 34 0.0 0.0 3798.0 0.0 11221.0 71.0 56264.0 0.08223684210526314
48 40 35 0.0 0.0 4474.0 0.0 9950.0 84.0 73302.0 0.08525668351501126
48 40 36 0.0 0.0 4455.0 0.0 10089.0 86.0 72824.0 0.08460236886632824
48 40 37 0.0 0.0 4449.0 0.0 11529.0 77.0 60360.0 0.07788595271210012
48 40 38 0.0 0.0 5030.0 0.0 9455.0 71.0 81656.0 0.0849256900212314
48 40 39 0.0 0.0 5275.0 0.0 7950.0 88.0 95857.0 0.09200236577511992
48 40 40 0.0 0.0 5360.0 0.0 8243.0 83.0 94562.0 0.08970333824565899
48 40 41 0.0 0.0 5339.0 0.0 8240.0 76.0 93775.0 0.08983572895277206
48 40 42 0.0 0.0 5271.0 0.0 9280.0 68.0 83314.0 0.08445945945945946
48 40 43 0.0 0.0 5308.0 0.0 7642.0 93.0 99043.0 0.09378977691431634
48 40 44 0.0 0.0 5029.0 0.0 8573.0 65.0 88885.0 0.08953696597595291
48 40 45 0.0 0.0 4577.0 0.0 10281.0 88.0 71237.0 0.08316502316739931
48 40 46 0.0 0.0 4618.0 0.0 8548.0 67.0 88066.0 0.09229349330872173
48 40 47 0.0 0.0 3979.0 0.0 10008.0 82.0 69699.0 0.08753829800537735
48 40 48 0.0 0.0 2506.0 0.0 12349.0 67.0 37569.0 0.08315020490586209
48 40 49 0.0 0.0 1529.0 0.0 12968.0 41.0 20270.0 0.0848536274925753
48 40 50 0.0 0.0 1080.0 0.0 12593.0 31.0 12147.0 0.08939974457215835
48 40 51 0.0 0.0 320.0 0.0 6896.0 19.0 694.0 0.15215737419845665
48 40 52 0.0 0.0 27.0 0.0 684.0 5.0 5.0 0.5173688100517368
48 40 53 0.0 0.0 0.0 0.0 3.0 0.0 0.0 0.6989515726410384
48 41 28 0.0 0.0 18.0 0.0 240.0 2.0 0.0 0.6205673758865247
48 41 29 0.0 0.0 96.0 0.0 2496.0 13.0 43.0 0.30567685589519644
48 41 30 0.0 0.0 808.0 0.0 12085.0 36.0 6809.0 0.09412397472098963
48 41 31 0.0 0.0 1534.0 0.0 12985.0 44.0 20120.0 0.08479195687723336
48 41 32 0.0 0.0 2765.0 0.0 11023.0 69.0 49010.0 0.08864125617323033
48 41 33 0.0 0.0 3389.0 0.0 10157.0 71.0 62370.0 0.09009588776626551
48 41 34 0.0 0.0 4025.0 0.0 10397.0 69.0 66173.0 0.08527745629530364
48 41 35 0.0 0.0 4010.0 0.0 11258.0 90.0 59613.0 0.08105135182076072
48 41 36 0.0 0.0 4738.0 0.0 8880.0 67.0 84897.0 0.08955987717502559
48 41 37 0.0 0.0 4460.0 0.0 10439.0 78.0 69058.0 0.082805938368723
48 41 38 0.0 0.0 4739.0 0.0 8672.0 95.0 87276.0 0.09087368557704789
48 41 39 0.0 0.0 5084.0 0.0 7671.0 81.0 100599.0 0.09493456296195835
48 41 40 0.0 0.0 5242.0 0.0 8726.0 83.0 89298.0 0.08756567425569176
48 41 41 0.0 0.0 5214.0 0.0 7272.0 87.0 103317.0 0.09659169311439215
48 41 42 0.0 0.0 5059.0 0.0 9700.0 107.0 80138.0 0.08367700675392982
48 41 43 0.0 0.0 4832.0 0.0 7364.0 77.0 100538.0 0.0986401747340238
48 41 44 0.0 0.0 4944.0 0.0 8939.0 90.0 85340.0 0.08816676113105358
48 41 45 0.0 0.0 4279.0 0.0 11358.0 76.0 60196.0 0.0793246076264944
48 41 46 0.0 0.0 4366.0 0.0 9268.0 74.0 79156.0 0.08947973923047424
48 41 47 0.0 0.0 3357.0 0.0 10928.0 80.0 56469.0 0.08601093567610739
48 41 48 0.0 0.0 2502.0 0.0 12292.0 69.0 38545.0 0.08339786739739083
48 41 49 0.0 0.0 2215.0 0.0 11568.0 64.0 38003.0 0.08873676871395067
48 41 50 0.0 0.0 1037.0 0.0 12580.0 39.0 11201.0 0.08968609865470852
48 41 51 0.0 0.0 426.0 0.0 7837.0 19.0 1090.0 0.1365853658536585
48 41 52 0.0 0.0 29.0 0.0 572.0 3.0 1.0 0.5388760585065434
48 41 53 0.0 0.0 0.0 0.0 2.0 0.0 0.0 0.6993006993006992
48 42 28 0.0 0.0 0.0 0.0 19.0 0.0 0.0 0.6934125804853887
48 42 29 0.0 0.0 255.0 0.0 5685.0 16.0 423.0 0.1765893037336024
48 42 30 0.0 0.0 477.0 0.0 9418.0 13.0 2173.0 0.11766683476214489
48 42 31 0.0 0.0 1659.0 0.0 12546.0 52.0 23612.0 0.08637176877043617
48 42 32 0.0 0.0 2035.0 0.0 12911.0 51.0 27315.0 0.08260561718196836
48 42 33 0.0 0.0 2281.0 0.0 13264.0 52.0 28468.0 0.07979481333713308
48 42 34 0.0 0.0 3684.0 0.0 10034.0 87.0 64842.0 0.08921743563599285
48 42 35 0.0 0.0 4060.0 0.0 10077.0 88.0 68053.0 0.08679479231246125
48 42 36 0.0 0.0 4394.0 0.0 10058.0 80.0 71558.0 0.08495661144486923
48 42 37 0.0 0.0 4685.0 0.0 8872.0 89.0 85323.0 0.09000321440051429
48 42 38 0.0 0.0 4405.0 0.0 10355.0 63.0 68153.0 0.08348738744111156
48 42 39 0.0 0.0 4718.0 0.0 10166.0 79.0 72393.0 0.08294330232833698
48 42 40 0.0 0.0 5006.0 0.0 7895.0 69.0 95958.0 0.09396603798912678
48 42 41 0.0 0.0 4850.0 0.0 9270.0 98.0 82073.0 0.08695652173913042
48 42 42 0.0 0.0 4640.0 0.0 9696.0 90.0 76281.0 0.08582638548307993
48 42 43 0.0 0.0 4328.0 0.0 10389.0 92.0 68863.0 0.08380724334031725
48 42 44 0.0 0.0 4606.0 0.0 9053.0 92.0 83603.0 0.08951979026791992
48 42 45 0.0 0.0 3784.0 0.0 11082.0 56.0 57584.0 0.0829138288421676
48 42 46 0.0 0.0 3694.0 0.0 10238.0 79.0 64419.0 0.08795074758135443
48 42 47 0.0 0.0 2431.0 0.0 12218.0 65.0 36416.0 0.08412450426631413
48 42 48 0.0 0.0 2015.0 0.0 12366.0 58.0 30282.0 0.08540751586139579
48 42 49 0.0 0.0 1017.0 0.0 12632.0 22.0 10507.0 0.08942258559018905
48 42 50 0.0 0.0 584.0 0.0 10468.0 23.0 3786.0 0.10732904017172645
48 42 51 0.0 0.0 439.0 0.0 7851.0 23.0 1022.0 0.1362000194571456
48 42 52 0.0 0.0 56.0 0.0 1591.0 12.0 21.0 0.3851444291609353
48 42 53 0.0 0.0 0.0 0.0 7.0 0.0 0.0 0.6975585450921773
48 43 28 0.0 0.0 3.0 0.0 69.0 1.0 0.0 0.6760019314340897
48 43 29 0.0 0.0 150.0 0.0 3546.0 24.0 89.0 0.24673951357067322
48 43 30 0.0 0.0 555.0 0.0 9934.0 30.0 2447.0 0.112260444230615
48 43 31 0.0 0.0 1144.0 0.0 13106.0 43.0 10847.0 0.08623875816188246
48 43 32 0.0 0.0 2754.0 0.0 10541.0 66.0 51608.0 0.09155113784985612
48 43 33 0.0 0.0 2516.0 0.0 12826.0 66.0 33983.0 0.08078942812626232
48 43 34 0.0 0.0 3152.0 0.0 11856.0 75.0 47137.0 0.08239171374764594
48 43 35 0.0 0.0 3390.0 0.0 11423.0 74.0 51996.0 0.08326889906619876
48 43 36 0.0 0.0 4213.0 0.0 9706.0 74.0 73419.0 0.08797838245459687
48 43 37 0.0 0.0 4339.0 0.0 10378.0 75.0 68494.0 0.08369201339072213
48 43 38 0.0 0.0 4245.0 0.0 11072.0 65.0 62306.0 0.08071490343038339
48 43 39 0.0 0.0 4454.0 0.0 7636.0 73.0 95714.0 0.09949541610404376
48 43 40 0.0 0.0 4369.0 0.0 9830.0 78.0 74115.0 0.08645177226133136
48 43 41 0.0 0.0 3807.0 0.0 11792.0 83.0 54816.0 0.07960425314152499
48 43 42 0.0 0.0 3716.0 0.0 11535.0 65.0 55509.0 0.08111239860950173
48 43 43 0.0 0.0 3798.0 0.0 11142.0 74.0 58658.0 0.08266414737836561
48 43 44 0.0 0.0 4061.0 0.0 8939.0 85.0 79056.0 0.09338936695350541
48 43 45 0.0 0.0 3701.0 0.0 9924.0 80.0 66904.0 0.08967460927491673
48 43 46 0.0 0.0 2257.0 0.0 12498.0 56.0 33564.0 0.08353221957040573
48 43 47 0.0 0.0 2368.0 0.0 11412.0 60.0 41117.0 0.08873676871395067
48 43 48 0.0 0.0 1477.0 0.0 12846.0 44.0 19479.0 0.0858000858000858
48 43 49 0.0 0.0 1656.0 0.0 12771.0 50.0 23077.0 0.0852307317667113
48 43 50 0.0 0.0 723.0 0.0 11418.0 29.0 4901.0 0.09905193151266449
48 43 51 0.0 0.0 173.0 0.0 3760.0 16.0 125.0 0.2366463826910074
48 43 52 0.0 0.0 10.0 0.0 329.0 2.0 1.0 0.5990586221651689
48 43 53 0.0 0.0 0.0 0.0 2.0 0.0 0.0 0.6993006993006992
48 44 28 0.0 0.0 0.0 0.0 14.0 0.0 0.0 0.6951340615690167
48 44 29 0.0 0.0 83.0 0.0 2206.0 13.0 25.0 0.3274087932647333
48 44 30 0.0 0.0 665.0 0.0 11114.0 20.0 4906.0 0.1015965166908563
48 44 31 0.0 0.0 1826.0 0.0 12285.0 36.0 27711.0 0.08686480114165165
48 44 32 0.0 0.0 2787.0 0.0 10253.0 61.0 55091.0 0.09296766053522809
48 44 33 0.0 0.0 2993.0 0.0 11226.0 75.0 48647.0 0.08628659476117102
48 44 34 0.0 0.0 2869.0 0.0 12355.0 73.0 41253.0 0.08134332694207191
48 44 35 0.0 0.0 3248.0 0.0 11089.0 56.0 53220.0 0.0856898029134533
48 44 36 0.0 0.0 3538.0 0.0 11132.0 78.0 55906.0 0.08395802098950524
48 44 37 0.0 0.0 3763.0 0.0 10429.0 66.0 63840.0 0.08643042350907518
48 44 38 0.0 0.0 3627.0 0.0 10129.0 80.0 65106.0 0.0889679715302491
48 44 39 0.0 0.0 3352.0 0.0 11802.0 74.0 50831.0 0.08155656530350691
48 44 40 0.0 0.0 3470.0 0.0 11015.0 75.0 56350.0 0.08495661144486923
48 44 41 0.0 0.0 3162.0 0.0 11423.0 68.0 49967.0 0.08438309927068892
48 44 42 0.0 0.0 3012.0 0.0 11649.0 67.0 47567.0 0.08405884118883218
48 44 43 0.0 0.0 3376.0 0.0 10163.0 72.0 62389.0 0.0901945625563716
48 44 44 0.0 0.0 2995.0 0.0 11775.0 56.0 46664.0 0.08347743128018603
48 44 45 0.0 0.0 2291.0 0.0 12671.0 57.0 33432.0 0.08254716981132075
48 44 46 0.0 0.0 2153.0 0.0 12224.0 56.0 34205.0 0.0855170728727628
48 44 47 0.0 0.0 1029.0 0.0 12919.0 30.0 8555.0 0.08781283321834032
48 44 48 0.0 0.0 905.0 0.0 12338.0 36.0 7711.0 0.09194798371207145
48 44 49 0.0 0.0 901.0 0.0 12539.0 29.0 6916.0 0.09073233959818534
48 44 50 0.0 0.0 278.0 0.0 5980.0 19.0 463.0 0.16979987871437233
48 44 51 0.0 0.0 348.0 0.0 6701.0 28.0 656.0 0.15514184397163117
48 44 52 0.0 0.0 6.0 0.0 86.0 1.0 1.0 0.669536107125777
48 45 28 0.0 0.0 0.0 0.0 3.0 0.0 0.0 0.6989515726410384
48 45 29 0.0 0.0 41.0 0.0 1195.0 11.0 10.0 0.4339739615623062
48 45 30 0.0 0.0 411.0 0.0 7986.0 26.0 1155.0 0.1349007515899017
48 45 31 0.0 0.0 860.0 0.0 12215.0 34.0 7940.0 0.09295531505212136
48 45 32 0.0 0.0 1751.0 0.0 13147.0 43.0 23057.0 0.08287946957139473
48 45 33 0.0 0.0 2227.0 0.0 12563.0 66.0 32643.0 0.08338296605122095
48 45 34 0.0 0.0 2836.0 0.0 10543.0 76.0 53503.0 0.09110431444003383
48 45 35 0.0 0.0 2899.0 0.0 11375.0 55.0 48182.0 0.08592647149082427
48 45 36 0.0 0.0 2941.0 0.0 11888.0 65.0 45343.0 0.08323424494649227
48 45 37 0.0 0.0 3192.0 0.0 10357.0 64.0 58100.0 0.08996851102114259
48 45 38 0.0 0.0 2689.0 0.0 12282.0 53.0 38821.0 0.08245479710230284
48 45 39 0.0 0.0 2609.0 0.0 11597.0 71.0 43021.0 0.08654797230464886
48 45 40 0.0 0.0 2576.0 0.0 11878.0 77.0 39946.0 0.0852255433128386
48 45 41 0.0 0.0 2569.0 0.0 12241.0 67.0 38725.0 0.0832887143792016
48 45 42 0.0 0.0 2603.0 0.0 11163.0 62.0 46073.0 0.08880994671403196
48 45 43 0.0 0.0 1884.0 0.0 13475.0 57.0 22053.0 0.08067769261799111
48 45 44 0.0 0.0 2014.0 0.0 12824.0 48.0 27878.0 0.08311071534579993
48 45 45 0.0 0.0 1985.0 0.0 12052.0 49.0 31459.0 0.08726547403852146
48 45 46 0.0 0.0 1943.0 0.0 12215.0 36.0 30104.0 0.08654797230464886
48 45 47 0.0 0.0 1303.0 0.0 12345.0 53.0 18834.0 0.08951979026791992
48 45 48 0.0 0.0 747.0 0.0 11535.0 22.0 4534.0 0.09807355516637477
48 45 49 0.0 0.0 738.0 0.0 11569.0 26.0 5115.0 0.09791579241852007
48 45 50 0.0 0.0 376.0 0.0 7696.0 29.0 983.0 0.13933121019108277
48 45 51 0.0 0.0 545.0 0.0 9848.0 15.0 2556.0 0.11292143894176479
48 45 52 0.0 0.0 77.0 0.0 1716.0 7.0 18.0 0.3698811096433288
48 45 53 0.0 0.0 0.0 0.0 2.0 0.0 0.0 0.6993006993006992
48 46 28 0.0 0.0 0.0 0.0 3.0 0.0 0.0 0.6989515726410384
48 46 29 0.0 0.0 76.0 0.0 1434.0 11.0 19.0 0.39999999999999997
48 46 30 0.0 0.0 105.0 0.0 2874.0 12.0 79.0 0.28180354267310787
48 46 31 0.0 0.0 530.0 0.0 9793.0 22.0 2261.0 0.11374715632109197
48 46 32 0.0 0.0 1322.0 0.0 13033.0 35.0 16349.0 0.0855327468230694
48 46 33 0.0 0.0 1512.0 0.0 13270.0 49.0 18612.0 0.08347743128018603
48 46 34 0.0 0.0 849.0 0.0 12090.0 25.0 5563.0 0.09375209268064018
48 46 35 0.0 0.0 1644.0 0.0 13101.0 43.0 20740.0 0.08361204013377925
48 46 36 0.0 0.0 1747.0 0.0 13149.0 48.0 22484.0 0.08287946957139473
48 46 37 0.0 0.0 1966.0 0.0 12737.0 42.0 27389.0 0.08374708380690314
48 46 38 0.0 0.0 2013.0 0.0 12660.0 48.0 29616.0 0.08386246555648735
48 46 39 0.0 0.0 2416.0 0.0 12114.0 79.0 37630.0 0.08479195687723336
48 46 40 0.0 0.0 2365.0 0.0 11421.0 50.0 40942.0 0.0886580963840162
48 46 41 0.0 0.0 1602.0 0.0 13209.0 52.0 20793.0 0.08336310587114444
48 46 42 0.0 0.0 1817.0 0.0 12254.0 56.0 28078.0 0.08720024914356897
48 46 43 0.0 0.0 1446.0 0.0 13165.0 38.0 17366.0 0.08433734939759036
48 46 44 0.0 0.0 1633.0 0.0 12801.0 47.0 23148.0 0.0852307317667113
48 46 45 0.0 0.0 1233.0 0.0 12840.0 23.0 14283.0 0.08703761268262356
48 46 46 0.0 0.0 868.0 0.0 12324.0 41.0 8124.0 0.09228132621448815
48 46 47 0.0 0.0 386.0 0.0 7975.0 23.0 1186.0 0.13537033455811254
48 46 48 0.0 0.0 523.0 0.0 9811.0 22.0 2392.0 0.11361791916896608
48 46 49 0.0 0.0 136.0 0.0 3315.0 15.0 103.0 0.2574475910261125
48 46 50 0.0 0.0 880.0 0.0 12164.0 27.0 6670.0 0.09304798617572776
48 46 51 0.0 0.0 68.0 0.0 1279.0 16.0 6.0 0.42016806722689065
48 46 52 0.0 0.0 0.0 0.0 21.0 0.0 0.0 0.6927263730826323
48 46 53 0.0 0.0 0.0 0.0 2.0 0.0 0.0 0.6993006993006992
48 47 29 0.0 0.0 0.0 0.0 3.0 0.0 0.0 0.6989515726410384
48 47 30 0.0 0.0 49.0 0.0 1166.0 9.0 9.0 0.43668122270742354
48 47 31 0.0 0.0 475.0 0.0 8918.0 21.0 1494.0 0.12302284710017572
48 47 32 0.0 0.0 590.0 0.0 10393.0 22.0 2968.0 0.10789980732177262
48 47 33 0.0 0.0 605.0 0.0 10273.0 26.0 2670.0 0.10887316276537833
48 47 34 0.0 0.0 889.0 0.0 12285.0 28.0 7761.0 0.09229349330872173
48 47 35 0.0 0.0 1047.0 0.0 12822.0 27.0 9769.0 0.08817231389343745
48 47 36 0.0 0.0 866.0 0.0 12260.0 26.0 6712.0 0.09255586407510247
48 47 37 0.0 0.0 1173.0 0.0 12866.0 41.0 13032.0 0.08729812309035354
48 47 38 0.0 0.0 1546.0 0.0 12890.0 47.0 19550.0 0.08516333110286513
48 47 39 0.0 0.0 1170.0 0.0 13152.0 36.0 11132.0 0.08581586367537083
48 47 40 0.0 0.0 1424.0 0.0 13126.0 34.0 17619.0 0.08454106280193237
48 47 41 0.0 0.0 1464.0 0.0 12642.0 44.0 19512.0 0.0869403216791902
48 47 42 0.0 0.0 1058.0 0.0 12881.0 30.0 9994.0 0.08787897809302617
48 47 43 0.0 0.0 921.0 0.0 12425.0 36.0 7410.0 0.09130037824442414
48 47 44 0.0 0.0 669.0 0.0 11158.0 27.0 4280.0 0.10136113524471473
48 47 45 0.0 0.0 533.0 0.0 9805.0 19.0 2624.0 0.11357183418512208
48 47 46 0.0 0.0 381.0 0.0 7825.0 21.0 1055.0 0.13728181996469893
48 47 47 0.0 0.0 32.0 0.0 908.0 11.0 5.0 0.47781569965870296
48 47 48 0.0 0.0 3.0 0.0 223.0 1.0 0.0 0.6292134831460673
48 47 49 0.0 0.0 142.0 0.0 3043.0 21.0 77.0 0.271055179090029
48 47 50 0.0 0.0 8.0 0.0 230.0 1.0 0.0 0.6258381761287437
48 47 51 0.0 0.0 1.0 0.0 64.0 0.0 0.0 0.6779661016949151
48 48 30 0.0 0.0 0.0 0.0 19.0 0.0 0.0 0.6934125804853887
48 48 31 0.0 0.0 271.0 0.0 6111.0 18.0 475.0 0.1672840243756721
48 48 32 0.0 0.0 48.0 0.0 1215.0 7.0 4.0 0.4299754299754299
48 48 33 0.0 0.0 308.0 0.0 6678.0 18.0 668.0 0.15600624024960996
48 48 34 0.0 0.0 845.0 0.0 12195.0 28.0 6731.0 0.09312845074170158
48 48 35 0.0 0.0 1135.0 0.0 12811.0 39.0 12786.0 0.0877577885037297
48 48 36 0.0 0.0 452.0 0.0 8947.0 22.0 1690.0 0.12302284710017572
48 48 37 0.0 0.0 637.0 0.0 11087.0 27.0 3718.0 0.10215995329830704
48 48 38 0.0 0.0 392.0 0.0 7895.0 21.0 1075.0 0.13633265167007494
48 48 39 0.0 0.0 953.0 0.0 12530.0 32.0 9568.0 0.09040423608420509
48 48 40 0.0 0.0 685.0 0.0 11283.0 22.0 3741.0 0.10029371731499391
48 48 41 0.0 0.0 451.0 0.0 8827.0 21.0 1658.0 0.1243118451429586
48 48 42 0.0 0.0 469.0 0.0 9315.0 21.0 2008.0 0.11890606420927466
48 48 43 0.0 0.0 1094.0 0.0 12840.0 29.0 10856.0 0.08786243253420359
48 48 44 0.0 0.0 477.0 0.0 8889.0 26.0 1629.0 0.12334801762114536
48 48 45 0.0 0.0 61.0 0.0 1554.0 9.0 13.0 0.38845726970033284
48 48 46 0.0 0.0 120.0 0.0 2388.0 15.0 33.0 0.3115958157133318
48 48 47 0.0 0.0 190.0 0.0 4561.0 18.0 258.0 0.2078693392724573
48 48 48 0.0 0.0 0.0 0.0 43.0 0.0 0.0 0.6852667645619186
48 48 49 0.0 0.0 41.0 0.0 1023.0 8.0 9.0 0.45811518324607325
48 48 51 0.0 0.0 0.0 0.0 2.0 0.0 0.0 0.6993006993006992
48 49 30 0.0 0.0 33.0 0.0 355.0 7.0 0.0 0.588235294117647
48 49 31 0.0 0.0 0.0 0.0 24.0 0.0 0.0 0.6916996047430829
48 49 32 0.0 0.0 5.0 0.0 152.0 2.0 0.0 0.6496519721577725
48 49 33 0.0 0.0 158.0 0.0 3577.0 19.0 115.0 0.24484085344526052
48 49 34 0.0 0.0 210.0 0.0 4930.0 16.0 287.0 0.19649122807017538
48 49 35 0.0 0.0 543.0 0.0 9743.0 20.0 2157.0 0.11393229166666664
48 49 36 0.0 0.0 503.0 0.0 9219.0 22.0 1681.0 0.11954572624028689
48 49 37 0.0 0.0 946.0 0.0 12442.0 31.0 9790.0 0.09099181073703366
48 49 38 0.0 0.0 387.0 0.0 8006.0 27.0 1053.0 0.13491375156596316
48 49 39 0.0 0.0 375.0 0.0 7703.0 21.0 1079.0 0.13908205841446453
48 49 40 0.0 0.0 441.0 0.0 9370.0 22.0 2387.0 0.11862396204033213
48 49 41 0.0 0.0 190.0 0.0 4058.0 32.0 146.0 0.22518899790895927
48 49 42 0.0 0.0 139.0 0.0 3699.0 12.0 149.0 0.24021962937542896
48 49 43 0.0 0.0 128.0 0.0 3374.0 11.0 95.0 0.25500910746812383
48 49 44 0.0 0.0 99.0 0.0 2388.0 14.0 48.0 0.31291908806437185
48 49 45 0.0 0.0 18.0 0.0 510.0 6.0 0.0 0.5551149881046787
48 49 46 0.0 0.0 0.0 0.0 8.0 0.0 0.0 0.6975585450921773
48 49 47 0.0 0.0 0.0 0.0 7.0 0.0 0.0 0.6975585450921773
48 49 48 0.0 0.0 0.0 0.0 2.0 0.0 0.0 0.6993006993006992
48 49 49 0.0 0.0 0.0 0.0 1.0 0.0 0.0 0.6996501749125437
48 50 31 0.0 0.0 0.0 0.0 8.0 0.0 0.0 0.697211155378486
48 50 32 0.0 0.0 1.0 0.0 48.0 0.0 0.0 0.6832601268911663
48 50 33 0.0 0.0 1.0 0.0 25.0 1.0 0.0 0.6913580246913579
48 50 34 0.0 0.0 20.0 0.0 439.0 4.0 1.0 0.570264765784114
48 50 35 0.0 0.0 5.0 0.0 242.0 1.0 0.0 0.6233303650934995
48 50 36 0.0 0.0 530.0 0.0 9795.0 36.0 2472.0 0.11370096645821488
48 50 37 0.0 0.0 651.0 0.0 10953.0 31.0 3632.0 0.10301692420897718
48 50 38 0.0 0.0 296.0 0.0 6013.0 18.0 523.0 0.16881707464126366
48 50 39 0.0 0.0 27.0 0.0 1091.0 5.0 10.0 0.45001607200257143
48 50 40 0.0 0.0 246.0 0.0 6065.0 21.0 583.0 0.16881707464126366
48 50 41 0.0 0.0 9.0 0.0 275.0 1.0 1.0 0.6137658921525645
48 50 42 0.0 0.0 1.0 0.0 133.0 0.0 1.0 0.6563525550867322
48 50 43 0.0 0.0 6.0 0.0 84.0 2.0 0.0 0.6704980842911876
48 50 44 0.0 0.0 0.0 0.0 39.0 0.0 0.0 0.6869479882237487
48 50 45 0.0 0.0 0.0 0.0 23.0 0.0 0.0 0.6923837784371908
48 50 46 0.0 0.0 0.0 0.0 13.0 1.0 0.0 0.6958250497017892
48 51 34 0.0 0.0 0.0 0.0 3.0 0.0 0.0 0.6989515726410384
48 51 35 0.0 0.0 1.0 0.0 77.0 0.0 0.0 0.6740491092922483
48 51 36 0.0 0.0 0.0 0.0 99.0 1.0 0.0 0.6673021925643469
48 51 37 0.0 0.0 16.0 0.0 791.0 9.0 4.0 0.5003573981415296
48 51 38 0.0 0.0 20.0 0.0 505.0 7.0 0.0 0.5559968228752977
48 51 39 0.0 0.0 208.0 0.0 4997.0 14.0 312.0 0.19463367162519113
48 51 40 0.0 0.0 0.0 0.0 35.0 0.0 0.0 0.6879606879606879
48 51 41 0.0 0.0 1.0 0.0 29.0 1.0 0.0 0.6899950714637751
48 51 42 0.0 0.0 1.0 0.0 11.0 0.0 0.0 0.6958250497017892
48 51 44 0.0 0.0 0.0 0.0 2.0 0.0 0.0 0.6993006993006992
48 51 46 0.0 0.0 0.0 0.0 3.0 1.0 0.0 0.6993006993006992
48 52 36 0.0 0.0 0.0 0.0 1.0 0.0 0.0 0.0
48 52 38 0.0 0.0 0.0 0.0 1.0 0.0 0.0 0.6996501749125437
48 52 39 0.0 0.0 0.0 0.0 8.0 0.0 0.0 0.697211155378486
49 28 37 0.0 0.0 0.0 0.0 2.0 0.0 0.0 0.6993006993006992
49 28 38 0.0 0.0 0.0 0.0 3.0 0.0 0.0 0.6989515726410384
49 28 39 0.0 0.0 0.0 0.0 1.0 0.0 0.0 0.6996501749125437
49 28 40 0.0 0.0 0.0 0.0 1.0 0.0 0.0 0.6996501749125437
49 28 41 0.0 0.0 0.0 0.0 9.0 0.0 0.0 0.6968641114982577
49 28 42 0.0 0.0 0.0 0.0 1.0 0.0 0.0 0.6996501749125437
49 28 43 0.0 0.0 0.0 0.0 3.0 0.0 0.0 0.6989515726410384
49 29 34 0.0 0.0 0.0 0.0 4.0 0.0 0.0 0.6986027944111775
49 29 35 0.0 0.0 0.0 0.0 16.0 0.0 0.0 0.6944444444444444
49 29 36 0.0 0.0 3.0 0.0 57.0 0.0 0.0 0.6796116504854368
49 29 37 0.0 0.0 0.0 0.0 28.0 0.0 0.0 0.690335305719921
49 29 38 0.0 0.0 185.0 0.0 4239.0 11.0 177.0 0.21817048465014802
49 29 39 0.0 0.0 24.0 0.0 379.0 3.0 0.0 0.5833333333333333
49 29 40 0.0 0.0 0.0 0.0 22.0 0.0 0.0 0.6923837784371908
49 29 41 0.0 0.0 0.0 0.0 66.0 0.0 0.0 0.6776379477250725
49 29 42 0.0 0.0 1.0 0.0 66.0 0.0 0.0 0.6773101112723753
49 29 43 0.0 0.0 6.0 0.0 276.0 2.0 0.0 0.6140350877192982
49 29 44 0.0 0.0 0.0 0.0 31.0 0.0 0.0 0.6893156080748399
49 29 45 0.0 0.0 0.0 0.0 12.0 0.0 0.0 0.6958250497017892
49 29 46 0.0 0.0 0.0 0.0 22.0 0.0 0.0 0.6923837784371908
49 30 33 0.0 0.0 0.0 0.0 2.0 0.0 0.0 0.6993006993006992
49 30 34 0.0 0.0 123.0 0.0 3099.0 16.0 79.0 0.26892047637341526
49 30 35 0.0 0.0 4.0 0.0 207.0 0.0 0.0 0.6331976481230212
49 30 36 0.0 0.0 123.0 0.0 2360.0 21.0 36.0 0.31369034281873176
49 30 37 0.0 0.0 120.0 0.0 2356.0 12.0 39.0 0.31369034281873176
49 30 38 0.0 0.0 259.0 0.0 6008.0 23.0 497.0 0.16969696969696968
49 30 39 0.0 0.0 194.0 0.0 4443.0 20.0 217.0 0.21151231303822327
49 30 40 0.0 0.0 200.0 0.0 4452.0 22.0 195.0 0.21106588270767374
49 30 41 0.0 0.0 79.0 0.0 1940.0 12.0 22.0 0.3494757863205192
49 30 42 0.0 0.0 70.0 0.0 2015.0 11.0 28.0 0.3436426116838488
49 30 43 0.0 0.0 85.0 0.0 2417.0 14.0 43.0 0.31187346847850295
49 30 44 0.0 0.0 111.0 0.0 2975.0 14.0 68.0 0.27602523659305983
49 30 45 0.0 0.0 23.0 0.0 643.0 4.0 1.0 0.5259203606311044
49 30 46 0.0 0.0 1.0 0.0 31.0 1.0 0.0 0.6893156080748399
49 30 47 0.0 0.0 0.0 0.0 10.0 0.0 0.0 0.6968641114982577
49 31 33 0.0 0.0 0.0 0.0 5.0 0.0 0.0 0.6982543640897755
49 31 34 0.0 0.0 0.0 0.0 89.0 0.0 0.0 0.6701771182383915
49 31 35 0.0 0.0 293.0 0.0 6860.0 16.0 762.0 0.1531226074592584
49 31 36 0.0 0.0 303.0 0.0 6490.0 14.0 597.0 0.15936254980079678
49 31 37 0.0 0.0 631.0 0.0 10853.0 28.0 4228.0 0.10392695419790661
49 31 38 0.0 0.0 190.0 0.0 4952.0 18.0 313.0 0.19646365422396853
49 31 39 0.0 0.0 284.0 0.0 6643.0 21.0 661.0 0.157179746266981
49 31 40 0.0 0.0 442.0 0.0 9297.0 24.0 2370.0 0.11945392491467574
49 31 41 0.0 0.0 537.0 0.0 10009.0 27.0 2768.0 0.11167836630504147
49 31 42 0.0 0.0 444.0 0.0 8996.0 23.0 1914.0 0.12254901960784312
49 31 43 0.0 0.0 315.0 0.0 6702.0 21.0 694.0 0.15557284142682515
49 31 44 0.0 0.0 481.0 0.0 8939.0 27.0 1685.0 0.12272089761570826
49 31 45 0.0 0.0 49.0 0.0 1391.0 8.0 11.0 0.4079254079254079
49 31 46 0.0 0.0 206.0 0.0 4282.0 15.0 158.0 0.21628302178279005
49 31 47 0.0 0.0 63.0 0.0 1230.0 11.0 10.0 0.42656916514320525
49 31 48 0.0 0.0 19.0 0.0 328.0 3.0 0.0 0.5972696245733787
49 31 49 0.0 0.0 0.0 0.0 3.0 0.0 0.0 0.6989515726410384
49 31 50 0.0 0.0 3.0 0.0 46.0 3.0 0.0 0.6842619745845552
49 32 30 0.0 0.0 0.0 0.0 5.0 0.0 0.0 0.6982543640897755
49 32 31 0.0 0.0 0.0 0.0 5.0 0.0 0.0 0.6982543640897755
49 32 32 0.0 0.0 0.0 0.0 28.0 0.0 0.0 0.690335305719921
49 32 33 0.0 0.0 4.0 0.0 168.0 1.0 0.0 0.64486411791801
49 32 34 0.0 0.0 284.0 0.0 5899.0 22.0 438.0 0.17148456638902496
49 32 35 0.0 0.0 255.0 0.0 5513.0 18.0 381.0 0.18055197317513538
49 32 36 0.0 0.0 1035.0 0.0 12515.0 26.0 10749.0 0.08997429305912595
49 32 37 0.0 0.0 883.0 0.0 12237.0 33.0 6959.0 0.09266000397114302
49 32 38 0.0 0.0 585.0 0.0 10288.0 40.0 2798.0 0.10900031142946122
49 32 39 0.0 0.0 579.0 0.0 10562.0 23.0 3534.0 0.10661792704287563
49 32 40 0.0 0.0 1022.0 0.0 12769.0 22.0 10041.0 0.08855154965211891
49 32 41 0.0 0.0 927.0 0.0 12270.0 32.0 9774.0 0.09217803529101921
49 32 42 0.0 0.0 1015.0 0.0 12611.0 30.0 9595.0 0.08961147026819431
49 32 43 0.0 0.0 479.0 0.0 8862.0 22.0 1529.0 0.1236203090507726
49 32 44 0.0 0.0 795.0 0.0 12007.0 34.0 5985.0 0.09467775748968688
49 32 45 0.0 0.0 337.0 0.0 7260.0 15.0 842.0 0.14601585314977053
49 32 46 0.0 0.0 210.0 0.0 5089.0 20.0 295.0 0.1923076923076923
49 32 47 0.0 0.0 39.0 0.0 1014.0 5.0 4.0 0.4593175853018372
49 32 48 0.0 0.0 51.0 0.0 1260.0 14.0 10.0 0.4246284501061571
49 32 49 0.0 0.0 215.0 0.0 4652.0 16.0 226.0 0.2043199065966141
49 32 50 0.0 0.0 7.0 0.0 97.0 2.0 0.0 0.6660323501427211
49 32 51 0.0 0.0 24.0 0.0 298.0 5.0 1.0 0.6042296072507551
49 33 29 0.0 0.0 0.0 0.0 1.0 0.0 0.0 0.6996501749125437
49 33 30 0.0 0.0 38.0 0.0 985.0 6.0 5.0 0.4640371229698375
49 33 31 0.0 0.0 27.0 0.0 543.0 5.0 2.0 0.5460218408736348
49 33 32 0.0 0.0 176.0 0.0 3654.0 19.0 121.0 0.24088093599449412
49 33 33 0.0 0.0 304.0 0.0 6633.0 13.0 659.0 0.15679247396124985
49 33 34 0.0 0.0 343.0 0.0 6895.0 23.0 678.0 0.1518108870093255
49 33 35 0.0 0.0 789.0 0.0 11929.0 28.0 7752.0 0.09517335146159074
49 33 36 0.0 0.0 1248.0 0.0 12476.0 34.0 17992.0 0.08900756564307966
49 33 37 0.0 0.0 1082.0 0.0 12728.0 31.0 11402.0 0.08856835579173783
49 33 38 0.0 0.0 1204.0 0.0 12808.0 32.0 14234.0 0.08747813046738315
49 33 39 0.0 0.0 1776.0 0.0 12804.0 43.0 24649.0 0.08447474808423339
49 33 40 0.0 0.0 1885.0 0.0 12416.0 48.0 28674.0 0.08586323213738116
49 33 41 0.0 0.0 1332.0 0.0 12932.0 38.0 16458.0 0.08605851979345955
49 33 42 0.0 0.0 1048.0 0.0 12838.0 29.0 9165.0 0.08812791136850055
49 33 43 0.0 0.0 1787.0 0.0 12537.0 40.0 26662.0 0.08570029382957883
49 33 44 0.0 0.0 1173.0 0.0 12856.0 38.0 13138.0 0.0873689465801298
49 33 45 0.0 0.0 817.0 0.0 11871.0 29.0 6680.0 0.09536784741144413
49 33 46 0.0 0.0 288.0 0.0 6638.0 23.0 682.0 0.1571444606577618
49 33 47 0.0 0.0 114.0 0.0 3117.0 11.0 115.0 0.2681992337164751
49 33 48 0.0 0.0 5.0 0.0 396.0 3.0 0.0 0.5838198498748957
49 33 49 0.0 0.0 42.0 0.0 733.0 6.0 3.0 0.5055976886962801
49 33 50 0.0 0.0 200.0 0.0 4658.0 23.0 225.0 0.2047981275599766
49 33 51 0.0 0.0 0.0 0.0 2.0 0.0 0.0 0.6993006993006992
49 34 29 0.0 0.0 0.0 0.0 7.0 0.0 0.0 0.6975585450921773
49 34 30 0.0 0.0 52.0 0.0 1329.0 9.0 8.0 0.4153070305547315
49 34 31 0.0 0.0 111.0 0.0 2769.0 12.0 66.0 0.28759244042728016
49 34 32 0.0 0.0 428.0 0.0 9034.0 28.0 1822.0 0.1223990208078335
49 34 33 0.0 0.0 737.0 0.0 11772.0 31.0 5742.0 0.09661835748792269
49 34 34 0.0 0.0 844.0 0.0 12109.0 31.0 8235.0 0.0936830835117773
49 34 35 0.0 0.0 817.0 0.0 12022.0 40.0 7012.0 0.09447331128956069
49 34 36 0.0 0.0 1493.0 0.0 12750.0 51.0 20825.0 0.08621220518504832
49 34 37 0.0 0.0 1908.0 0.0 12523.0 52.0 27872.0 0.08515297123046042
49 34 38 0.0 0.0 2919.0 0.0 10247.0 74.0 56502.0 0.09236046971896027
49 34 39 0.0 0.0 2384.0 0.0 12787.0 55.0 32724.0 0.08159459144422426
49 34 40 0.0 0.0 2176.0 0.0 12303.0 58.0 32922.0 0.08502884907379288
49 34 41 0.0 0.0 2218.0 0.0 11908.0 63.0 35949.0 0.08683786130753007
49 34 42 0.0 0.0 1706.0 0.0 12916.0 48.0 23036.0 0.08426120975022569
49 34 43 0.0 0.0 1382.0 0.0 13138.0 49.0 16606.0 0.08481764206955045
49 34 44 0.0 0.0 1460.0 0.0 12903.0 40.0 18713.0 0.0855327468230694
49 34 45 0.0 0.0 1033.0 0.0 12575.0 33.0 11056.0 0.08976085144579084
49 34 46 0.0 0.0 801.0 0.0 11559.0 21.0 4136.0 0.09745231797299177
49 34 47 0.0 0.0 514.0 0.0 9502.0 26.0 2028.0 0.11660836248542393
49 34 48 0.0 0.0 465.0 0.0 9102.0 21.0 2062.0 0.12114918656974731
49 34 49 0.0 0.0 40.0 0.0 1185.0 9.0 9.0 0.43545878693623635
49 34 50 0.0 0.0 3.0 0.0 186.0 0.0 0.0 0.639561443581544
49 34 51 0.0 0.0 0.0 0.0 34.0 0.0 0.0 0.6882989183874139
49 34 52 0.0 0.0 0.0 0.0 3.0 0.0 0.0 0.6989515726410384
49 35 29 0.0 0.0 0.0 0.0 25.0 0.0 0.0 0.6913580246913579
49 35 30 0.0 0.0 100.0 0.0 2769.0 7.0 68.0 0.2878881348961546
49 35 31 0.0 0.0 448.0 0.0 9095.0 13.0 2085.0 0.12130664587124164
49 35 32 0.0 0.0 780.0 0.0 12000.0 37.0 6126.0 0.09490238611713664
49 35 33 0.0 0.0 1169.0 0.0 12901.0 41.0 12767.0 0.08709717556302102
49 35 34 0.0 0.0 933.0 0.0 12418.0 27.0 8817.0 0.0911933298593017
49 35 35 0.0 0.0 1680.0 0.0 12848.0 53.0 23742.0 0.08478682170542635
49 35 36 0.0 0.0 1269.0 0.0 13109.0 45.0 13825.0 0.0855222968845449
49 35 37 0.0 0.0 2580.0 0.0 11741.0 60.0 41983.0 0.0857685474483857
49 35 38 0.0 0.0 3139.0 0.0 10590.0 71.0 56402.0 0.08905852417302798
49 35 39 0.0 0.0 3500.0 0.0 9522.0 63.0 68837.0 0.09313464608834485
49 35 40 0.0 0.0 2752.0 0.0 12545.0 43.0 38327.0 0.08083607598591142
49 35 41 0.0 0.0 2632.0 0.0 12408.0 82.0 38949.0 0.08233841086867023
49 35 42 0.0 0.0 2013.0 0.0 12847.0 56.0 27562.0 0.0830318486448016
49 35 43 0.0 0.0 1770.0 0.0 12661.0 44.0 25750.0 0.08517369349638011
49 35 44 0.0 0.0 1693.0 0.0 12726.0 42.0 23914.0 0.08524630091944223
49 35 45 0.0 0.0 1593.0 0.0 13106.0 43.0 20409.0 0.08383735553027127
49 35 46 0.0 0.0 1106.0 0.0 12630.0 33.0 12775.0 0.08895101340618844
49 35 47 0.0 0.0 668.0 0.0 11174.0 28.0 3810.0 0.10120725800621701
49 35 48 0.0 0.0 486.0 0.0 9525.0 27.0 2604.0 0.11671529804085035
49 35 49 0.0 0.0 192.0 0.0 4684.0 12.0 261.0 0.20393299344501087
49 35 50 0.0 0.0 551.0 0.0 9507.0 33.0 1882.0 0.11636605435957109
49 35 51 0.0 0.0 0.0 0.0 39.0 0.0 0.0 0.6869479882237487
49 35 52 0.0 0.0 0.0 0.0 6.0 0.0 0.0 0.6979062811565303
49 36 29 0.0 0.0 2.0 0.0 41.0 1.0 0.0 0.6856023506366307
49 36 30 0.0 0.0 400.0 0.0 7843.0 25.0 1146.0 0.13691931540342298
49 36 31 0.0 0.0 703.0 0.0 11366.0 29.0 4917.0 0.099601593625498
49 36 32 0.0 0.0 1528.0 0.0 12821.0 41.0 20198.0 0.08565310492505353
49 36 33 0.0 0.0 1744.0 0.0 12672.0 53.0 24669.0 0.0852411105698977
49 36 34 0.0 0.0 1812.0 0.0 12919.0 51.0 24436.0 0.08368701058042918
49 36 35 0.0 0.0 1738.0 0.0 12881.0 45.0 24487.0 0.08422572494284682
49 36 36 0.0 0.0 2313.0 0.0 12010.0 51.0 35713.0 0.08573703227386857
49 36 37 0.0 0.0 3144.0 0.0 9928.0 86.0 62510.0 0.09294297284737435
49 36 38 0.0 0.0 3174.0 0.0 11270.0 75.0 52639.0 0.08511155693355218
49 36 39 0.0 0.0 3523.0 0.0 10418.0 67.0 60795.0 0.0877577885037297
49 36 40 0.0 0.0 2602.0 0.0 13106.0 58.0 33233.0 0.07903799469316321
49 36 41 0.0 0.0 2703.0 0.0 12073.0 43.0 40804.0 0.08334821694350181
49 36 42 0.0 0.0 2698.0 0.0 11563.0 48.0 44122.0 0.08598980406608929
49 36 43 0.0 0.0 2540.0 0.0 11931.0 48.0 41109.0 0.08497208060208788
49 36 44 0.0 0.0 2414.0 0.0 11732.0 73.0 39913.0 0.08683786130753007
49 36 45 0.0 0.0 2184.0 0.0 11949.0 41.0 36117.0 0.08668730650154798
49 36 46 0.0 0.0 2441.0 0.0 11271.0 61.0 42681.0 0.08913223403578022
49 36 47 0.0 0.0 1124.0 0.0 13001.0 32.0 12374.0 0.08679479231246125
49 36 48 0.0 0.0 786.0 0.0 11836.0 21.0 6071.0 0.09572649572649572
49 36 49 0.0 0.0 580.0 0.0 10466.0 25.0 3665.0 0.10741138560687431
49 36 50 0.0 0.0 287.0 0.0 5783.0 28.0 377.0 0.1740860482467048
49 36 51 0.0 0.0 4.0 0.0 139.0 1.0 0.0 0.65359477124183
49 36 52 0.0 0.0 0.0 0.0 6.0 0.0 0.0 0.6979062811565303
49 37 28 0.0 0.0 0.0 0.0 4.0 0.0 0.0 0.6986027944111775
49 37 29 0.0 0.0 19.0 0.0 516.0 3.0 0.0 0.5533596837944663
49 37 30 0.0 0.0 141.0 0.0 3275.0 16.0 104.0 0.2592592592592592
49 37 31 0.0 0.0 698.0 0.0 11278.0 22.0 4577.0 0.10025062656641602
49 37 32 0.0 0.0 1549.0 0.0 13146.0 44.0 18803.0 0.08393285371702637
49 37 33 0.0 0.0 1935.0 0.0 12369.0 62.0 29979.0 0.08588430157659038
49 37 34 0.0 0.0 2144.0 0.0 12452.0 43.0 32272.0 0.0842713537591043
49 37 35 0.0 0.0 2661.0 0.0 11074.0 67.0 47114.0 0.0889792805389602
49 37 36 0.0 0.0 2479.0 0.0 12369.0 55.0 36472.0 0.08307619273676714
49 37 37 0.0 0.0 2373.0 0.0 12882.0 55.0 32248.0 0.08109360518999073
49 37 38 0.0 0.0 3235.0 0.0 11124.0 71.0 53813.0 0.08552752153460809
49 37 39 0.0 0.0 3191.0 0.0 11245.0 63.0 52471.0 0.08515297123046042
49 37 40 0.0 0.0 3286.0 0.0 10361.0 64.0 58767.0 0.08949689957169339
49 37 41 0.0 0.0 2804.0 0.0 12005.0 63.0 43290.0 0.0832639467110741
49 37 42 0.0 0.0 2568.0 0.0 12987.0 51.0 34642.0 0.07974935915693533
49 37 43 0.0 0.0 2438.0 0.0 11886.0 72.0 38489.0 0.08581060373889059
49 37 44 0.0 0.0 2776.0 0.0 11417.0 62.0 46050.0 0.08652657601977749
49 37 45 0.0 0.0 2279.0 0.0 12078.0 55.0 36060.0 0.08560073372057474
49 37 46 0.0 0.0 2290.0 0.0 12414.0 50.0 34343.0 0.08378216636744464
49 37 47 0.0 0.0 1202.0 0.0 12868.0 37.0 13947.0 0.08714596949891067
49 37 48 0.0 0.0 975.0 0.0 12653.0 28.0 9882.0 0.08962868117797694
49 37 49 0.0 0.0 391.0 0.0 8215.0 23.0 1284.0 0.13220018885741264
49 37 50 0.0 0.0 110.0 0.0 2740.0 12.0 59.0 0.28943560057887113
49 37 51 0.0 0.0 356.0 0.0 6942.0 33.0 703.0 0.15097595168769545
49 37 52 0.0 0.0 0.0 0.0 6.0 0.0 0.0 0.6979062811565303
49 38 28 0.0 0.0 0.0 0.0 8.0 0.0 0.0 0.697211155378486
49 38 29 0.0 0.0 259.0 0.0 6115.0 10.0 557.0 0.16732401099557784
49 38 30 0.0 0.0 505.0 0.0 10070.0 32.0 3076.0 0.1115004778591908
49 38 31 0.0 0.0 995.0 0.0 12619.0 28.0 10266.0 0.08970333824565899
49 38 32 0.0 0.0 2485.0 0.0 11029.0 63.0 44972.0 0.09034589571502322
49 38 33 0.0 0.0 2286.0 0.0 11915.0 51.0 37339.0 0.0864410965670536
49 38 34 0.0 0.0 2378.0 0.0 12336.0 53.0 36210.0 0.08374207441081469
49 38 35 0.0 0.0 2596.0 0.0 11736.0 67.0 42181.0 0.08582112425672776
49 38 36 0.0 0.0 2542.0 0.0 12405.0 52.0 37253.0 0.0826153664581612
49 38 37 0.0 0.0 2731.0 0.0 12404.0 59.0 38318.0 0.0816850458019721
49 38 38 0.0 0.0 2857.0 0.0 11438.0 62.0 47087.0 0.08588430157659038
49 38 39 0.0 0.0 2765.0 0.0 12608.0 70.0 37864.0 0.0805662657535823
49 38 40 0.0 0.0 3226.0 0.0 10328.0 59.0 58651.0 0.08996272972625625
49 38 41 0.0 0.0 3508.0 0.0 9723.0 77.0 67303.0 0.09190573097879602
49 38 42 0.0 0.0 3108.0 0.0 11511.0 65.0 49592.0 0.08417002344736367
49 38 43 0.0 0.0 2593.0 0.0 12266.0 67.0 38981.0 0.08313045543613799
49 38 44 0.0 0.0 2874.0 0.0 11277.0 71.0 48603.0 0.0868001736003472
49 38 45 0.0 0.0 2448.0 0.0 12272.0 53.0 36667.0 0.08371203061468546
49 38 46 0.0 0.0 2816.0 0.0 10639.0 50.0 50901.0 0.09052699644358228
49 38 47 0.0 0.0 1784.0 0.0 12690.0 35.0 26620.0 0.0849256900212314
49 38 48 0.0 0.0 918.0 0.0 12428.0 34.0 7794.0 0.091294424519074
49 38 49 0.0 0.0 953.0 0.0 12689.0 33.0 7098.0 0.0895312400076741
49 38 50 0.0 0.0 209.0 0.0 5348.0 19.0 379.0 0.18567639257294427
49 38 51 0.0 0.0 3.0 0.0 206.0 1.0 0.0 0.6340579710144926
49 38 52 0.0 0.0 0.0 0.0 15.0 0.0 0.0 0.694789081885856
49 39 28 0.0 0.0 15.0 0.0 300.0 4.0 0.0 0.6057983556901773
49 39 29 0.0 0.0 0.0 0.0 255.0 3.0 0.0 0.6222222222222221
49 39 30 0.0 0.0 893.0 0.0 12346.0 33.0 8522.0 0.09187557422233887
49 39 31 0.0 0.0 1045.0 0.0 12494.0 26.0 12371.0 0.09010168618869865
49 39 32 0.0 0.0 1516.0 0.0 12754.0 46.0 20825.0 0.08612204724409449
49 39 33 0.0 0.0 1806.0 0.0 13315.0 43.0 22400.0 0.08176137359107633
49 39 34 0.0 0.0 2859.0 0.0 10737.0 61.0 52949.0 0.08975509680728297
49 39 35 0.0 0.0 2074.0 0.0 13391.0 45.0 25667.0 0.08013737836290782
49 39 36 0.0 0.0 2269.0 0.0 13452.0 49.0 27665.0 0.07901569025849417
49 39 37 0.0 0.0 2715.0 0.0 11485.0 52.0 45022.0 0.08639842014317452
49 39 38 0.0 0.0 3079.0 0.0 10523.0 81.0 55912.0 0.08979539477903918
49 39 39 0.0 0.0 3346.0 0.0 10952.0 69.0 55431.0 0.08584217303329449
49 39 40 0.0 0.0 3023.0 0.0 11440.0 61.0 49048.0 0.08497208060208788
49 39 41 0.0 0.0 2998.0 0.0 11531.0 71.0 46955.0 0.08468937148387877
49 39 42 0.0 0.0 2843.0 0.0 12259.0 59.0 41881.0 0.0818952910207663
49 39 43 0.0 0.0 2746.0 0.0 12352.0 49.0 40432.0 0.08179959100204498
49 39 44 0.0 0.0 2551.0 0.0 12016.0 55.0 39068.0 0.08450024142926121
49 39 45 0.0 0.0 2267.0 0.0 14020.0 52.0 25620.0 0.07654874514735632
49 39 46 0.0 0.0 2871.0 0.0 11081.0 59.0 50702.0 0.08771380239333373
49 39 47 0.0 0.0 2038.0 0.0 13013.0 52.0 28359.0 0.08213552361396302
49 39 48 0.0 0.0 1247.0 0.0 13130.0 43.0 14079.0 0.08551184949914488
49 39 49 0.0 0.0 796.0 0.0 11900.0 37.0 6520.0 0.09537434430138292
49 39 50 0.0 0.0 560.0 0.0 10537.0 22.0 3844.0 0.10694370177984874
49 39 51 0.0 0.0 64.0 0.0 1830.0 7.0 31.0 0.3600823045267489
49 39 52 0.0 0.0 1.0 0.0 22.0 0.0 0.0 0.6920415224913494
49 40 28 0.0 0.0 6.0 0.0 117.0 1.0 0.0 0.6597549481621111
49 40 29 0.0 0.0 243.0 0.0 4841.0 12.0 238.0 0.19790783149561772
49 40 30 0.0 0.0 535.0 0.0 9551.0 28.0 2179.0 0.11600928074245938
49 40 31 0.0 0.0 1068.0 0.0 12791.0 36.0 10990.0 0.08837268021714428
49 40 32 0.0 0.0 1429.0 0.0 13497.0 40.0 15441.0 0.08274231678486997
49 40 33 0.0 0.0 1534.0 0.0 13623.0 45.0 16647.0 0.0816231343283582
49 40 34 0.0 0.0 2450.0 0.0 11972.0 64.0 39115.0 0.08535024080960799
49 40 35 0.0 0.0 2476.0 0.0 11769.0 53.0 39631.0 0.0861273454321747
49 40 36 0.0 0.0 2843.0 0.0 10747.0 65.0 52145.0 0.0898299647096567
49 40 37 0.0 0.0 2380.0 0.0 12833.0 61.0 32868.0 0.0813386009760632
49 40 38 0.0 0.0 2639.0 0.0 12114.0 57.0 39795.0 0.083552160420148
49 40 39 0.0 0.0 3171.0 0.0 10934.0 61.0 54390.0 0.08687558175612782
49 40 40 0.0 0.0 3198.0 0.0 11081.0 69.0 53041.0 0.08598980406608929
49 40 41 0.0 0.0 3159.0 0.0 11950.0 58.0 46219.0 0.08181871310852666
49 40 42 0.0 0.0 2886.0 0.0 12030.0 67.0 43207.0 0.08277166844034527
49 40 43 0.0 0.0 2955.0 0.0 12059.0 69.0 43384.0 0.08230452674897118
49 40 44 0.0 0.0 2442.0 0.0 12706.0 51.0 33781.0 0.08163265306122448
49 40 45 0.0 0.0 2755.0 0.0 12270.0 60.0 40941.0 0.08223201174743024
49 40 46 0.0 0.0 3072.0 0.0 10159.0 65.0 58641.0 0.09191779922526425
49 40 47 0.0 0.0 2395.0 0.0 11427.0 60.0 41509.0 0.0884564352056612
49 40 48 0.0 0.0 1064.0 0.0 13050.0 37.0 9868.0 0.08690793966105903
49 40 49 0.0 0.0 1201.0 0.0 12738.0 44.0 14559.0 0.08783487044356608
49 40 50 0.0 0.0 497.0 0.0 9547.0 15.0 2175.0 0.11630805017861592
49 40 51 0.0 0.0 187.0 0.0 4349.0 14.0 186.0 0.21455938697318003
49 40 52 0.0 0.0 0.0 0.0 41.0 0.0 0.0 0.6859382655560998
49 40 53 0.0 0.0 0.0 0.0 5.0 0.0 0.0 0.6982543640897755
49 41 28 0.0 0.0 4.0 0.0 35.0 2.0 0.0 0.6872852233676975
49 41 29 0.0 0.0 59.0 0.0 1553.0 15.0 12.0 0.38921323324993046
49 41 30 0.0 0.0 558.0 0.0 10405.0 24.0 3631.0 0.10807472595337346
49 41 31 0.0 0.0 817.0 0.0 12029.0 14.0 5597.0 0.09432691011992993
49 41 32 0.0 0.0 1276.0 0.0 13144.0 40.0 14827.0 0.08529304252467405
49 41 33 0.0 0.0 1855.0 0.0 12130.0 48.0 29259.0 0.08758758758758757
49 41 34 0.0 0.0 2203.0 0.0 12732.0 40.0 30885.0 0.08260074340669064
49 41 35 0.0 0.0 2147.0 0.0 13268.0 57.0 28691.0 0.08041817450743867
49 41 36 0.0 0.0 2522.0 0.0 11722.0 57.0 41197.0 0.08618566855454321
49 41 37 0.0 0.0 2408.0 0.0 12598.0 62.0 33444.0 0.08241596514982044
49 41 38 0.0 0.0 3325.0 0.0 10131.0 67.0 61301.0 0.09062075215224286
49 41 39 0.0 0.0 3070.0 0.0 11434.0 52.0 49104.0 0.08478682170542635
49 41 40 0.0 0.0 3337.0 0.0 11049.0 71.0 55177.0 0.08542314967356153
49 41 41 0.0 0.0 3117.0 0.0 11892.0 66.0 46860.0 0.08230452674897118
49 41 42 0.0 0.0 3006.0 0.0 11564.0 64.0 47240.0 0.08449004224502112
49 41 43 0.0 0.0 2711.0 0.0 11855.0 53.0 42558.0 0.08443908323281062
49 41 44 0.0 0.0 2232.0 0.0 13219.0 51.0 28918.0 0.08012820512820512
49 41 45 0.0 0.0 2527.0 0.0 12456.0 68.0 36697.0 0.08244508568399976
49 41 46 0.0 0.0 2327.0 0.0 12738.0 50.0 32489.0 0.08205849598499501
49 41 47 0.0 0.0 1980.0 0.0 12476.0 49.0 29958.0 0.08506501397496657
49 41 48 0.0 0.0 1485.0 0.0 12785.0 48.0 19114.0 0.08607968519429414
49 41 49 0.0 0.0 894.0 0.0 12411.0 36.0 8318.0 0.09156910196873569
49 41 50 0.0 0.0 1055.0 0.0 12522.0 34.0 12603.0 0.08988186954288648
49 41 51 0.0 0.0 277.0 0.0 6361.0 23.0 651.0 0.1624318366399814
49 41 52 0.0 0.0 222.0 0.0 4617.0 22.0 230.0 0.20527859237536653
49 41 53 0.0 0.0 0.0 0.0 4.0 0.0 0.0 0.6986027944111775
49 42 28 0.0 0.0 0.0 0.0 19.0 0.0 0.0 0.6934125804853887
49 42 29 0.0 0.0 36.0 0.0 903.0 9.0 4.0 0.47781569965870296
49 42 30 0.0 0.0 244.0 0.0 5462.0 9.0 326.0 0.1818890476809146
49 42 31 0.0 0.0 940.0 0.0 12319.0 36.0 9456.0 0.09179725919611827
49 42 32 0.0 0.0 1151.0 0.0 12928.0 29.0 12914.0 0.08707550690384375
49 42 33 0.0 0.0 1702.0 0.0 12946.0 57.0 22937.0 0.08411439557798604
49 42 34 0.0 0.0 1673.0 0.0 13365.0 33.0 20855.0 0.08206330597889801
49 42 35 0.0 0.0 2512.0 0.0 11846.0 54.0 40226.0 0.08549096238397655
49 42 36 0.0 0.0 2997.0 0.0 10872.0 59.0 52795.0 0.0881778673552938
49 42 37 0.0 0.0 2379.0 0.0 12511.0 55.0 35045.0 0.08289419148558232
49 42 38 0.0 0.0 2874.0 0.0 12417.0 67.0 41001.0 0.0809482509395779
49 42 39 0.0 0.0 2953.0 0.0 12064.0 60.0 44386.0 0.08229968843689377
49 42 40 0.0 0.0 3029.0 0.0 12183.0 69.0 43934.0 0.0813386009760632
49 42 41 0.0 0.0 3612.0 0.0 9309.0 70.0 71571.0 0.09373953799799128
49 42 42 0.0 0.0 2877.0 0.0 11129.0 54.0 49532.0 0.0873689465801298
49 42 43 0.0 0.0 2546.0 0.0 12296.0 58.0 38814.0 0.08311564948943242
49 42 44 0.0 0.0 2583.0 0.0 12551.0 67.0 36338.0 0.08172319187437976
49 42 45 0.0 0.0 2942.0 0.0 10266.0 62.0 56431.0 0.09208708807472209
49 42 46 0.0 0.0 1921.0 0.0 12743.0 51.0 27618.0 0.08403361344537814
49 42 47 0.0 0.0 1462.0 0.0 13389.0 33.0 17352.0 0.08309098462816783
49 42 48 0.0 0.0 937.0 0.0 12389.0 31.0 9504.0 0.09137188356611407
49 42 49 0.0 0.0 1064.0 0.0 12816.0 34.0 10103.0 0.08819453193901977
49 42 50 0.0 0.0 502.0 0.0 9757.0 34.0 2314.0 0.11448196908986832
49 42 51 0.0 0.0 680.0 0.0 11341.0 21.0 4785.0 0.09985022466300547
49 42 52 0.0 0.0 99.0 0.0 2710.0 11.0 58.0 0.2917274432173369
49 42 53 0.0 0.0 0.0 0.0 6.0 0.0 0.0 0.6979062811565303
49 43 28 0.0 0.0 0.0 0.0 19.0 0.0 0.0 0.6934125804853887
49 43 29 0.0 0.0 360.0 0.0 7177.0 26.0 810.0 0.1471206389239176
49 43 30 0.0 0.0 454.0 0.0 9225.0 19.0 2027.0 0.11995544512038384
49 43 31 0.0 0.0 1011.0 0.0 12546.0 28.0 10600.0 0.08997429305912595
49 43 32 0.0 0.0 1523.0 0.0 12423.0 50.0 23109.0 0.08784038147822812
49 43 33 0.0 0.0 1449.0 0.0 13265.0 44.0 17037.0 0.08373706561397212
49 43 34 0.0 0.0 1819.0 0.0 12675.0 56.0 26743.0 0.08494114791894186
49 43 35 0.0 0.0 2480.0 0.0 11787.0 57.0 40525.0 0.08606910119267182
49 43 36 0.0 0.0 1845.0 0.0 13079.0 59.0 25189.0 0.08278635207852876
49 43 37 0.0 0.0 2070.0 0.0 13304.0 55.0 25666.0 0.08058945429426663
49 43 38 0.0 0.0 2608.0 0.0 11797.0 59.0 43103.0 0.08541272649624793
49 43 39 0.0 0.0 2952.0 0.0 10386.0 69.0 54437.0 0.09131228802504564
49 43 40 0.0 0.0 2699.0 0.0 12294.0 79.0 39840.0 0.08239656288623387
49 43 41 0.0 0.0 2541.0 0.0 12736.0 60.0 35762.0 0.08101851851851852
49 43 42 0.0 0.0 2264.0 0.0 12710.0 57.0 31945.0 0.08245965366945458
49 43 43 0.0 0.0 1656.0 0.0 13626.0 39.0 18052.0 0.08100445524503846
49 43 44 0.0 0.0 2693.0 0.0 10991.0 56.0 48076.0 0.08921743563599285
49 43 45 0.0 0.0 2031.0 0.0 12455.0 37.0 30146.0 0.08484334282770739
49 43 46 0.0 0.0 1513.0 0.0 13391.0 45.0 17386.0 0.08287456342863907
49 43 47 0.0 0.0 1044.0 0.0 12746.0 28.0 10781.0 0.08869179600886917
49 43 48 0.0 0.0 894.0 0.0 12344.0 32.0 7999.0 0.09193590753874441
49 43 49 0.0 0.0 396.0 0.0 8458.0 22.0 1490.0 0.12912746725696364
49 43 50 0.0 0.0 373.0 0.0 7419.0 15.0 963.0 0.1431200163565733
49 43 51 0.0 0.0 353.0 0.0 7381.0 21.0 865.0 0.14406256431364478
49 43 52 0.0 0.0 29.0 0.0 548.0 9.0 3.0 0.5451713395638628
49 43 53 0.0 0.0 0.0 0.0 2.0 0.0 0.0 0.6993006993006992
49 44 28 0.0 0.0 0.0 0.0 9.0 1.0 0.0 0.697211155378486
49 44 29 0.0 0.0 36.0 0.0 1114.0 13.0 11.0 0.44628626075868655
49 44 30 0.0 0.0 877.0 0.0 12170.0 27.0 9288.0 0.09307272969020076
49 44 31 0.0 0.0 1074.0 0.0 12663.0 46.0 11595.0 0.08906985621580352
49 44 32 0.0 0.0 1292.0 0.0 13222.0 43.0 14881.0 0.08472524812394092
49 44 33 0.0 0.0 1302.0 0.0 13131.0 35.0 14723.0 0.0851996105160662
49 44 34 0.0 0.0 1858.0 0.0 12033.0 40.0 30805.0 0.08805031446540879
49 44 35 0.0 0.0 2374.0 0.0 11672.0 50.0 38993.0 0.08719481813652216
49 44 36 0.0 0.0 1605.0 0.0 13117.0 40.0 20765.0 0.08372204281784475
49 44 37 0.0 0.0 1802.0 0.0 13019.0 42.0 23332.0 0.08313045543613799
49 44 38 0.0 0.0 2484.0 0.0 11059.0 59.0 43890.0 0.0900842931600283
49 44 39 0.0 0.0 2277.0 0.0 12410.0 66.0 34245.0 0.0839680921249925
49 44 40 0.0 0.0 2215.0 0.0 12286.0 54.0 34501.0 0.08489993935718616
49 44 41 0.0 0.0 1631.0 0.0 13349.0 41.0 19857.0 0.08241596514982044
49 44 42 0.0 0.0 1394.0 0.0 13424.0 34.0 16057.0 0.08322434906669837
49 44 43 0.0 0.0 1242.0 0.0 13061.0 37.0 13795.0 0.08583690987124462
49 44 44 0.0 0.0 1305.0 0.0 13267.0 42.0 13838.0 0.08455127430849135
49 44 45 0.0 0.0 1401.0 0.0 12887.0 38.0 18246.0 0.08603207767467584
49 44 46 0.0 0.0 1243.0 0.0 12889.0 44.0 14757.0 0.08685941183769696
49 44 47 0.0 0.0 769.0 0.0 11745.0 25.0 5211.0 0.09649183265559307
49 44 48 0.0 0.0 1235.0 0.0 12896.0 38.0 14874.0 0.08677327383165984
49 44 49 0.0 0.0 570.0 0.0 10464.0 24.0 3373.0 0.10753514094784544
49 44 50 0.0 0.0 1155.0 0.0 12403.0 37.0 15558.0 0.09002636486399589
49 44 51 0.0 0.0 212.0 0.0 4929.0 20.0 288.0 0.19649122807017538
49 44 52 0.0 0.0 143.0 0.0 2507.0 24.0 50.0 0.30263726761781234
49 44 53 0.0 0.0 1.0 0.0 14.0 0.0 0.0 0.694789081885856
49 45 28 0.0 0.0 0.0 0.0 6.0 0.0 0.0 0.6979062811565303
49 45 29 0.0 0.0 40.0 0.0 825.0 8.0 1.0 0.4901960784313725
49 45 30 0.0 0.0 252.0 0.0 5957.0 24.0 556.0 0.17096104530467698
49 45 31 0.0 0.0 529.0 0.0 10242.0 24.0 2975.0 0.10971786833855798
49 45 32 0.0 0.0 1021.0 0.0 12623.0 37.0 10198.0 0.08949689957169339
49 45 33 0.0 0.0 1442.0 0.0 12738.0 45.0 18631.0 0.08656402646385951
49 45 34 0.0 0.0 1171.0 0.0 13226.0 48.0 11462.0 0.08540230586225828
49 45 35 0.0 0.0 2099.0 0.0 11583.0 51.0 36879.0 0.0892458723784025
49 45 36 0.0 0.0 1381.0 0.0 13135.0 44.0 17308.0 0.08478168715557438
49 45 37 0.0 0.0 1330.0 0.0 13310.0 32.0 13943.0 0.08411439557798604
49 45 38 0.0 0.0 1854.0 0.0 12274.0 49.0 29653.0 0.08681632146843606
49 45 39 0.0 0.0 1395.0 0.0 13210.0 36.0 16417.0 0.08434751174840342
49 45 40 0.0 0.0 1313.0 0.0 13121.0 36.0 15030.0 0.08521516829995739
49 45 41 0.0 0.0 1308.0 0.0 13474.0 49.0 13257.0 0.0835073068893528
49 45 42 0.0 0.0 1171.0 0.0 12830.0 35.0 12294.0 0.0874945315917755
49 45 43 0.0 0.0 1309.0 0.0 12698.0 39.0 18052.0 0.08744534665833853
49 45 44 0.0 0.0 1047.0 0.0 12785.0 27.0 10937.0 0.0883894185238967
49 45 45 0.0 0.0 1114.0 0.0 12967.0 24.0 10163.0 0.08699975142928162
49 45 46 0.0 0.0 1502.0 0.0 12566.0 54.0 22068.0 0.08716767324575056
49 45 47 0.0 0.0 813.0 0.0 11835.0 35.0 5555.0 0.09564801530368244
49 45 48 0.0 0.0 382.0 0.0 7963.0 20.0 1146.0 0.13555383423702555
49 45 49 0.0 0.0 135.0 0.0 3306.0 14.0 105.0 0.25782688766114176
49 45 50 0.0 0.0 269.0 0.0 6027.0 21.0 507.0 0.1690821256038647
49 45 51 0.0 0.0 242.0 0.0 5700.0 21.0 422.0 0.17670074466742394
49 45 52 0.0 0.0 166.0 0.0 3647.0 21.0 124.0 0.2417127071823204
49 46 28 0.0 0.0 0.0 0.0 1.0 0.0 0.0 0.6996501749125437
49 46 29 0.0 0.0 0.0 0.0 17.0 0.0 0.0 0.694100148735746
49 46 30 0.0 0.0 13.0 0.0 386.0 0.0 0.0 0.5838198498748957
49 46 31 0.0 0.0 254.0 0.0 5372.0 16.0 326.0 0.1838718150774888
49 46 32 0.0 0.0 806.0 0.0 11876.0 29.0 5282.0 0.09534186870062653
49 46 33 0.0 0.0 964.0 0.0 12585.0 36.0 9046.0 0.090032154340836
49 46 34 0.0 0.0 954.0 0.0 12532.0 28.0 8542.0 0.09042175289026673
49 46 35 0.0 0.0 1242.0 0.0 13084.0 36.0 13416.0 0.08577380223011885
49 46 36 0.0 0.0 1137.0 0.0 12900.0 39.0 12482.0 0.0873689465801298
49 46 37 0.0 0.0 1024.0 0.0 12828.0 38.0 10683.0 0.0884061631725183
49 46 38 0.0 0.0 1175.0 0.0 13079.0 24.0 12858.0 0.08613264427217915
49 46 39 0.0 0.0 1122.0 0.0 12984.0 47.0 11458.0 0.08701056556867619
49 46 40 0.0 0.0 1001.0 0.0 12693.0 46.0 11094.0 0.08930280028066592
49 46 41 0.0 0.0 823.0 0.0 12165.0 35.0 6158.0 0.09345794392523364
49 46 42 0.0 0.0 1416.0 0.0 12905.0 30.0 18752.0 0.08571078731480347
49 46 43 0.0 0.0 784.0 0.0 11868.0 41.0 4947.0 0.0957657842533689
49 46 44 0.0 0.0 783.0 0.0 12054.0 33.0 5893.0 0.09436505796710702
49 46 45 0.0 0.0 674.0 0.0 10994.0 33.0 3813.0 0.1025340559542991
49 46 46 0.0 0.0 411.0 0.0 8539.0 28.0 1481.0 0.12808783165599266
49 46 47 0.0 0.0 306.0 0.0 7185.0 14.0 899.0 0.14763260571549083
49 46 48 0.0 0.0 374.0 0.0 7522.0 26.0 941.0 0.14178651002633175
49 46 49 0.0 0.0 25.0 0.0 711.0 5.0 2.0 0.5128205128205128
49 46 50 0.0 0.0 8.0 0.0 237.0 4.0 0.0 0.6249999999999999
49 46 51 0.0 0.0 28.0 0.0 827.0 10.0 3.0 0.4920913884007029
49 46 52 0.0 0.0 3.0 0.0 85.0 2.0 0.0 0.6711409395973154
49 46 53 0.0 0.0 0.0 0.0 1.0 0.0 0.0 0.6996501749125437
49 47 30 0.0 0.0 8.0 0.0 231.0 2.0 0.0 0.6258381761287437
49 47 31 0.0 0.0 332.0 0.0 7430.0 22.0 1061.0 0.14364867638005333
49 47 32 0.0 0.0 250.0 0.0 5471.0 23.0 359.0 0.18186541958950375
49 47 33 0.0 0.0 444.0 0.0 8760.0 25.0 1806.0 0.12507817385866166
49 47 34 0.0 0.0 339.0 0.0 7574.0 27.0 1104.0 0.1416287303995953
49 47 35 0.0 0.0 847.0 0.0 12133.0 23.0 7310.0 0.09345794392523364
49 47 36 0.0 0.0 476.0 0.0 9022.0 22.0 1562.0 0.12187690432663008
49 47 37 0.0 0.0 1110.0 0.0 12753.0 45.0 12107.0 0.08829465186680119
49 47 38 0.0 0.0 921.0 0.0 12441.0 41.0 8589.0 0.09121709669012248
49 47 39 0.0 0.0 531.0 0.0 9862.0 27.0 2667.0 0.11311303223721417
49 47 40 0.0 0.0 653.0 0.0 10862.0 33.0 3760.0 0.1037113860285947
49 47 41 0.0 0.0 670.0 0.0 11331.0 24.0 4530.0 0.10000714336738338
49 47 42 0.0 0.0 392.0 0.0 8201.0 21.0 1390.0 0.1323251417769376
49 47 43 0.0 0.0 769.0 0.0 11515.0 17.0 4898.0 0.09797060881735478
49 47 44 0.0 0.0 705.0 0.0 11394.0 19.0 5172.0 0.09926965893781463
49 47 45 0.0 0.0 626.0 0.0 10873.0 24.0 3878.0 0.10381135992881506
49 47 46 0.0 0.0 233.0 0.0 5969.0 18.0 592.0 0.1710028093318676
49 47 47 0.0 0.0 12.0 0.0 574.0 3.0 2.0 0.5420054200542004
49 47 48 0.0 0.0 1.0 0.0 77.0 0.0 0.0 0.6737247353224253
49 47 49 0.0 0.0 81.0 0.0 1718.0 18.0 14.0 0.37037037037037035
49 47 50 0.0 0.0 4.0 0.0 126.0 1.0 0.0 0.6578947368421051
49 47 51 0.0 0.0 2.0 0.0 60.0 2.0 0.0 0.6796116504854368
49 47 52 0.0 0.0 0.0 0.0 1.0 0.0 0.0 0.6996501749125437
49 48 30 0.0 0.0 0.0 0.0 18.0 0.0 0.0 0.6937561942517343
49 48 31 0.0 0.0 9.0 0.0 208.0 4.0 1.0 0.632625395390872
49 48 32 0.0 0.0 84.0 0.0 1876.0 8.0 12.0 0.35425101214574894
49 48 33 0.0 0.0 27.0 0.0 801.0 4.0 2.0 0.49575070821529743
49 48 34 0.0 0.0 220.0 0.0 4767.0 29.0 237.0 0.20114942528735633
49 48 35 0.0 0.0 169.0 0.0 3862.0 17.0 149.0 0.2327514546965918
49 48 36 0.0 0.0 314.0 0.0 6502.0 18.0 592.0 0.15910898965791564
49 48 37 0.0 0.0 269.0 0.0 5786.0 20.0 413.0 0.17406440382941687
49 48 38 0.0 0.0 327.0 0.0 7001.0 27.0 725.0 0.15044057597249083
49 48 39 0.0 0.0 714.0 0.0 11541.0 28.0 5575.0 0.09830080044937509
49 48 40 0.0 0.0 393.0 0.0 7851.0 22.0 1110.0 0.13687915526007036
49 48 41 0.0 0.0 178.0 0.0 4465.0 26.0 227.0 0.2114164904862579
49 48 42 0.0 0.0 326.0 0.0 6702.0 21.0 681.0 0.15543466192961028
49 48 43 0.0 0.0 164.0 0.0 4159.0 15.0 230.0 0.22190521477254713
49 48 44 0.0 0.0 246.0 0.0 5448.0 23.0 419.0 0.1823866597186034
49 48 45 0.0 0.0 236.0 0.0 5106.0 17.0 311.0 0.19112627986348124
49 48 46 0.0 0.0 1.0 0.0 131.0 0.0 0.0 0.6572769953051641
49 48 47 0.0 0.0 47.0 0.0 986.0 6.0 4.0 0.46250412950115616
49 48 48 0.0 0.0 0.0 0.0 3.0 0.0 0.0 0.6989515726410384
49 48 49 0.0 0.0 0.0 0.0 2.0 0.0 0.0 0.6993006993006992
49 48 50 0.0 0.0 0.0 0.0 2.0 0.0 0.0 0.6993006993006992
49 49 30 0.0 0.0 0.0 0.0 4.0 0.0 0.0 0.6986027944111775
49 49 31 0.0 0.0 0.0 0.0 2.0 0.0 0.0 0.6993006993006992
49 49 32 0.0 0.0 2.0 0.0 36.0 1.0 0.0 0.6872852233676975
49 49 33 0.0 0.0 2.0 0.0 81.0 2.0 0.0 0.6734006734006733
49 49 34 0.0 0.0 323.0 0.0 7229.0 19.0 959.0 0.14678129586915495
49 49 35 0.0 0.0 148.0 0.0 3751.0 15.0 146.0 0.23785253143051305
49 49 36 0.0 0.0 243.0 0.0 4953.0 15.0 303.0 0.19490463594598356
49 49 37 0.0 0.0 108.0 0.0 3263.0 11.0 101.0 0.26119402985074625
49 49 38 0.0 0.0 178.0 0.0 3565.0 18.0 96.0 0.24458420684835777
49 49 39 0.0 0.0 28.0 0.0 693.0 6.0 0.0 0.5156537753222835
49 49 40 0.0 0.0 6.0 0.0 274.0 2.0 1.0 0.6145741878841088
49 49 41 0.0 0.0 26.0 0.0 649.0 8.0 1.0 0.5251312828207051
49 49 42 0.0 0.0 33.0 0.0 766.0 7.0 5.0 0.5012531328320802
49 49 43 0.0 0.0 331.0 0.0 6917.0 13.0 763.0 0.15153155103366164
49 49 44 0.0 0.0 4.0 0.0 190.0 1.0 0.0 0.6383948928408572
49 49 45 0.0 0.0 102.0 0.0 2075.0 16.0 23.0 0.33645758231194417
49 49 46 0.0 0.0 0.0 0.0 18.0 0.0 0.0 0.6937561942517343
49 49 47 0.0 0.0 0.0 0.0 6.0 0.0 0.0 0.6979062811565303
49 49 48 0.0 0.0 0.0 0.0 1.0 0.0 0.0 0.6996501749125437
49 50 32 0.0 0.0 0.0 0.0 3.0 0.0 0.0 0.6993006993006992
49 50 33 0.0 0.0 48.0 0.0 998.0 12.0 4.0 0.46143704680290043
49 50 34 0.0 0.0 0.0 0.0 46.0 1.0 0.0 0.6845965770171147
49 50 35 0.0 0.0 22.0 0.0 377.0 3.0 0.0 0.5843071786310516
49 50 36 0.0 0.0 184.0 0.0 4810.0 14.0 286.0 0.20048689674924813
49 50 37 0.0 0.0 49.0 0.0 1258.0 12.0 5.0 0.4250151791135397
49 50 38 0.0 0.0 22.0 0.0 549.0 5.0 1.0 0.5458089668615984
49 50 39 0.0 0.0 4.0 0.0 182.0 4.0 1.0 0.6416131989000916
49 50 40 0.0 0.0 0.0 0.0 59.0 0.0 0.0 0.6799417192812044
49 50 41 0.0 0.0 292.0 0.0 5806.0 26.0 372.0 0.1734175647219125
49 50 42 0.0 0.0 138.0 0.0 2822.0 16.0 51.0 0.2830570157703194
49 50 43 0.0 0.0 0.0 0.0 7.0 0.0 0.0 0.6975585450921773
49 50 44 0.0 0.0 2.0 0.0 20.0 1.0 0.0 0.6927263730826323
49 51 35 0.0 0.0 0.0 0.0 32.0 0.0 0.0 0.6889763779527558
49 51 36 0.0 0.0 0.0 0.0 52.0 0.0 0.0 0.6822612085769979
49 51 37 0.0 0.0 6.0 0.0 117.0 3.0 0.0 0.6606890042472864
49 51 38 0.0 0.0 3.0 0.0 97.0 0.0 0.0 0.6669842782277274
49 51 39 0.0 0.0 0.0 0.0 14.0 0.0 0.0 0.6951340615690167
49 51 40 0.0 0.0 8.0 0.0 194.0 0.0 0.0 0.6357856494096276
49 51 41 0.0 0.0 0.0 0.0 3.0 0.0 0.0 0.6989515726410384
49 51 42 0.0 0.0 0.0 0.0 2.0 0.0 0.0 0.6993006993006992
49 52 39 0.0 0.0 0.0 0.0 1.0 0.0 0.0 0.6996501749125437
49 52 40 0.0 0.0 0.0 0.0 2.0 0.0 0.0 0.6993006993006992
50 28 37 0.0 0.0 0.0 0.0 1.0 0.0 0.0 0.0
50 29 33 0.0 0.0 0.0 0.0 3.0 0.0 0.0 0.6989515726410384
50 29 34 0.0 0.0 0.0 0.0 1.0 0.0 0.0 0.6996501749125437
50 29 35 0.0 0.0 0.0 0.0 2.0 0.0 0.0 0.6993006993006992
50 29 36 0.0 0.0 0.0 0.0 2.0 0.0 0.0 0.6993006993006992
50 29 37 0.0 0.0 0.0 0.0 5.0 0.0 0.0 0.6982543640897755
50 29 38 0.0 0.0 0.0 0.0 5.0 0.0 0.0 0.6982543640897755
50 29 39 0.0 0.0 0.0 0.0 7.0 0.0 0.0 0.6975585450921773
50 29 40 0.0 0.0 3.0 0.0 55.0 0.0 0.0 0.6806028196402526
50 29 41 0.0 0.0 0.0 0.0 2.0 0.0 0.0 0.6993006993006992
50 29 42 0.0 0.0 0.0 0.0 1.0 0.0 0.0 0.6996501749125437
50 29 43 0.0 0.0 0.0 0.0 3.0 0.0 0.0 0.6989515726410384
50 29 44 0.0 0.0 0.0 0.0 4.0 0.0 0.0 0.6986027944111775
50 30 33 0.0 0.0 0.0 0.0 1.0 0.0 0.0 0.6996501749125437
50 30 34 0.0 0.0 1.0 0.0 11.0 1.0 0.0 0.6961710591745399
50 30 35 0.0 0.0 0.0 0.0 21.0 0.0 0.0 0.6927263730826323
50 30 36 0.0 0.0 10.0 0.0 278.0 6.0 0.0 0.6134969325153373
50 30 37 0.0 0.0 0.0 0.0 79.0 0.0 0.0 0.6734006734006733
50 30 38 0.0 0.0 3.0 0.0 77.0 2.0 0.0 0.6737247353224253
50 30 39 0.0 0.0 17.0 0.0 365.0 6.0 2.0 0.5892255892255891
50 30 40 0.0 0.0 0.0 0.0 49.0 0.0 0.0 0.6832601268911663
50 30 41 0.0 0.0 2.0 0.0 98.0 1.0 0.0 0.6669842782277274
50 30 42 0.0 0.0 4.0 0.0 46.0 1.0 0.0 0.6832601268911663
50 30 43 0.0 0.0 57.0 0.0 1206.0 13.0 14.0 0.43076923076923074
50 30 44 0.0 0.0 0.0 0.0 46.0 0.0 0.0 0.6842619745845552
50 30 45 0.0 0.0 0.0 0.0 32.0 0.0 0.0 0.6889763779527558
50 30 46 0.0 0.0 0.0 0.0 2.0 0.0 0.0 0.6993006993006992
50 30 47 0.0 0.0 0.0 0.0 1.0 0.0 0.0 0.6996501749125437
50 31 33 0.0 0.0 7.0 0.0 94.0 1.0 0.0 0.6666666666666665
50 31 34 0.0 0.0 27.0 0.0 454.0 6.0 1.0 0.5656565656565656
50 31 35 0.0 0.0 146.0 0.0 3568.0 19.0 128.0 0.24574337370545896
50 31 36 0.0 0.0 96.0 0.0 2215.0 13.0 21.0 0.3257328990228013
50 31 37 0.0 0.0 197.0 0.0 4890.0 16.0 297.0 0.19790783149561772
50 31 38 0.0 0.0 218.0 0.0 5118.0 14.0 343.0 0.19112627986348124
50 31 39 0.0 0.0 75.0 0.0 1857.0 6.0 20.0 0.3565970453387671
50 31 40 0.0 0.0 36.0 0.0 1064.0 6.0 7.0 0.4526349822179113
50 31 41 0.0 0.0 97.0 0.0 2471.0 17.0 39.0 0.30762469786860025
50 31 42 0.0 0.0 33.0 0.0 1009.0 6.0 11.0 0.4611330698287219
50 31 43 0.0 0.0 212.0 0.0 4357.0 14.0 187.0 0.21351227695592492
50 31 44 0.0 0.0 45.0 0.0 1110.0 9.0 8.0 0.4450095359186268
50 31 45 0.0 0.0 268.0 0.0 5650.0 18.0 448.0 0.17710309930423782
50 31 46 0.0 0.0 0.0 0.0 7.0 0.0 0.0 0.6975585450921773
50 31 47 0.0 0.0 0.0 0.0 3.0 0.0 0.0 0.6989515726410384
50 31 49 0.0 0.0 0.0 0.0 1.0 0.0 0.0 0.6996501749125437
50 32 31 0.0 0.0 0.0 0.0 2.0 0.0 0.0 0.6993006993006992
50 32 32 0.0 0.0 14.0 0.0 356.0 5.0 2.0 0.5917159763313609
50 32 33 0.0 0.0 2.0 0.0 38.0 0.0 0.0 0.6862745098039215
50 32 34 0.0 0.0 144.0 0.0 2947.0 17.0 45.0 0.2759164367363027
50 32 35 0.0 0.0 43.0 0.0 1230.0 10.0 6.0 0.4290530186944529
50 32 36 0.0 0.0 717.0 0.0 11557.0 29.0 5237.0 0.09814918676388108
50 32 37 0.0 0.0 356.0 0.0 7749.0 24.0 1144.0 0.13879250520471892
50 32 38 0.0 0.0 719.0 0.0 11527.0 23.0 5369.0 0.0983284169124877
50 32 39 0.0 0.0 599.0 0.0 10694.0 19.0 3508.0 0.1053582179409994
50 32 40 0.0 0.0 537.0 0.0 9866.0 30.0 2570.0 0.11300347082088948
50 32 41 0.0 0.0 324.0 0.0 7024.0 22.0 855.0 0.1500375093773443
50 32 42 0.0 0.0 265.0 0.0 5994.0 16.0 466.0 0.16979987871437233
50 32 43 0.0 0.0 562.0 0.0 10215.0 32.0 2925.0 0.10971786833855798
50 32 44 0.0 0.0 376.0 0.0 8420.0 20.0 1608.0 0.12979788614871127
50 32 45 0.0 0.0 121.0 0.0 3088.0 19.0 94.0 0.2696975534579079
50 32 46 0.0 0.0 56.0 0.0 1606.0 11.0 20.0 0.3834565872363736
50 32 47 0.0 0.0 0.0 0.0 9.0 0.0 0.0 0.6968641114982577
50 32 48 0.0 0.0 1.0 0.0 4.0 0.0 0.0 0.6982543640897755
50 32 49 0.0 0.0 1.0 0.0 42.0 0.0 0.0 0.6852667645619186
50 32 50 0.0 0.0 0.0 0.0 3.0 0.0 0.0 0.6989515726410384
50 32 51 0.0 0.0 5.0 0.0 59.0 1.0 0.0 0.6786233640329616
50 33 31 0.0 0.0 0.0 0.0 19.0 0.0 0.0 0.6934125804853887
50 33 32 0.0 0.0 0.0 0.0 89.0 0.0 0.0 0.6701771182383915
50 33 33 0.0 0.0 372.0 0.0 7104.0 20.0 652.0 0.14802283780926198
50 33 34 0.0 0.0 15.0 0.0 568.0 3.0 1.0 0.5428460643660332
50 33 35 0.0 0.0 392.0 0.0 7663.0 26.0 991.0 0.13952561291608528
50 33 36 0.0 0.0 349.0 0.0 7067.0 26.0 780.0 0.14898371820793868
50 33 37 0.0 0.0 1578.0 0.0 12192.0 46.0 24424.0 0.08881558079045866
50 33 38 0.0 0.0 1305.0 0.0 12715.0 35.0 16575.0 0.087379852702534
50 33 39 0.0 0.0 1075.0 0.0 13195.0 31.0 9288.0 0.08607968519429414
50 33 40 0.0 0.0 710.0 0.0 11460.0 23.0 5230.0 0.0988351570773032
50 33 41 0.0 0.0 1392.0 0.0 12843.0 34.0 18457.0 0.08618036318867342
50 33 42 0.0 0.0 725.0 0.0 11773.0 33.0 5916.0 0.09665170866413529
50 33 43 0.0 0.0 359.0 0.0 7917.0 26.0 1195.0 0.136518771331058
50 33 44 0.0 0.0 444.0 0.0 8553.0 25.0 1535.0 0.12750455373406192
50 33 45 0.0 0.0 169.0 0.0 4600.0 19.0 246.0 0.20725388601036268
50 33 46 0.0 0.0 16.0 0.0 523.0 6.0 1.0 0.5527043031977891
50 33 47 0.0 0.0 7.0 0.0 312.0 2.0 1.0 0.6042296072507551
50 33 48 0.0 0.0 55.0 0.0 1647.0 10.0 17.0 0.3791982665222101
50 33 49 0.0 0.0 0.0 0.0 19.0 0.0 0.0 0.6934125804853887
50 33 50 0.0 0.0 0.0 0.0 8.0 0.0 0.0 0.697211155378486
50 33 51 0.0 0.0 0.0 0.0 6.0 0.0 0.0 0.6979062811565303
50 34 30 0.0 0.0 0.0 0.0 13.0 0.0 0.0 0.695479384003974
50 34 31 0.0 0.0 25.0 0.0 629.0 4.0 2.0 0.5283018867924527
50 34 32 0.0 0.0 240.0 0.0 5009.0 19.0 262.0 0.19355730678833122
50 34 33 0.0 0.0 265.0 0.0 5566.0 17.0 390.0 0.17905102954341984
50 34 34 0.0 0.0 195.0 0.0 5096.0 10.0 347.0 0.19222847727584785
50 34 35 0.0 0.0 485.0 0.0 8951.0 24.0 1504.0 0.12257047802486427
50 34 36 0.0 0.0 736.0 0.0 11633.0 33.0 5053.0 0.09755417740923976
50 34 37 0.0 0.0 1037.0 0.0 12526.0 33.0 11189.0 0.09003794456235127
50 34 38 0.0 0.0 2203.0 0.0 11821.0 69.0 37195.0 0.08743988507900817
50 34 39 0.0 0.0 1479.0 0.0 13039.0 37.0 18733.0 0.08472524812394092
50 34 40 0.0 0.0 980.0 0.0 12442.0 27.0 8788.0 0.09071470226138792
50 34 41 0.0 0.0 989.0 0.0 12726.0 37.0 8737.0 0.08914358484559057
50 34 42 0.0 0.0 600.0 0.0 10563.0 31.0 2961.0 0.10653679324252338
50 34 43 0.0 0.0 400.0 0.0 8490.0 28.0 1529.0 0.12881854987118144
50 34 44 0.0 0.0 612.0 0.0 10869.0 28.0 3931.0 0.10395010395010394
50 34 45 0.0 0.0 428.0 0.0 7963.0 31.0 1225.0 0.13503086419753085
50 34 46 0.0 0.0 299.0 0.0 6172.0 18.0 481.0 0.16556291390728473
50 34 47 0.0 0.0 177.0 0.0 4188.0 19.0 170.0 0.2206114087614245
50 34 48 0.0 0.0 9.0 0.0 484.0 2.0 4.0 0.5620232838217583
50 34 49 0.0 0.0 2.0 0.0 89.0 0.0 0.0 0.6698564593301434
50 34 50 0.0 0.0 1.0 0.0 42.0 1.0 0.0 0.6856023506366307
50 34 51 0.0 0.0 0.0 0.0 11.0 0.0 0.0 0.6961710591745399
50 35 29 0.0 0.0 0.0 0.0 10.0 0.0 0.0 0.6965174129353233
50 35 30 0.0 0.0 25.0 0.0 455.0 4.0 1.0 0.5654281098546041
50 35 31 0.0 0.0 281.0 0.0 6315.0 15.0 514.0 0.16311313060701382
50 35 32 0.0 0.0 653.0 0.0 10640.0 31.0 2929.0 0.10541374896468637
50 35 33 0.0 0.0 777.0 0.0 11804.0 26.0 5656.0 0.09608125729188112
50 35 34 0.0 0.0 970.0 0.0 12419.0 31.0 10356.0 0.0909445238404573
50 35 35 0.0 0.0 617.0 0.0 10606.0 30.0 3444.0 0.10600439161050956
50 35 36 0.0 0.0 1006.0 0.0 12902.0 31.0 9763.0 0.08804477705804666
50 35 37 0.0 0.0 1312.0 0.0 13044.0 47.0 15031.0 0.08571078731480347
50 35 38 0.0 0.0 2334.0 0.0 11664.0 54.0 38937.0 0.08744534665833853
50 35 39 0.0 0.0 1688.0 0.0 12909.0 42.0 22668.0 0.08434243026688354
50 35 40 0.0 0.0 1553.0 0.0 12833.0 45.0 21547.0 0.08547008547008546
50 35 41 0.0 0.0 818.0 0.0 12045.0 24.0 5442.0 0.09423167530457023
50 35 42 0.0 0.0 1161.0 0.0 13084.0 34.0 11214.0 0.08619628124615193
50 35 43 0.0 0.0 719.0 0.0 11407.0 22.0 4962.0 0.0991641875619776
50 35 44 0.0 0.0 1139.0 0.0 12657.0 26.0 13141.0 0.08866932674646906
50 35 45 0.0 0.0 757.0 0.0 12013.0 23.0 5158.0 0.09480598632085052
50 35 46 0.0 0.0 793.0 0.0 11993.0 26.0 5787.0 0.0947354175125186
50 35 47 0.0 0.0 1070.0 0.0 12346.0 32.0 12996.0 0.09082062925721698
50 35 48 0.0 0.0 500.0 0.0 9456.0 21.0 2156.0 0.11713520749665327
50 35 49 0.0 0.0 126.0 0.0 2664.0 9.0 44.0 0.2927033242734685
50 35 50 0.0 0.0 2.0 0.0 89.0 0.0 0.0 0.669536107125777
50 35 51 0.0 0.0 0.0 0.0 6.0 0.0 0.0 0.6982543640897755
50 36 29 0.0 0.0 0.0 0.0 32.0 0.0 0.0 0.6889763779527558
50 36 30 0.0 0.0 53.0 0.0 1539.0 4.0 17.0 0.3901895206243032
50 36 31 0.0 0.0 328.0 0.0 6559.0 30.0 583.0 0.15801354401805864
50 36 32 0.0 0.0 551.0 0.0 9538.0 27.0 1962.0 0.11596123581545596
50 36 33 0.0 0.0 850.0 0.0 11946.0 26.0 5915.0 0.0946713551528266
50 36 34 0.0 0.0 1025.0 0.0 12547.0 39.0 11290.0 0.08995116936520174
50 36 35 0.0 0.0 783.0 0.0 11943.0 32.0 5519.0 0.0951151572797065
50 36 36 0.0 0.0 1475.0 0.0 12530.0 35.0 20602.0 0.08741258741258741
50 36 37 0.0 0.0 1515.0 0.0 12921.0 41.0 19509.0 0.08515815085158149
50 36 38 0.0 0.0 1757.0 0.0 13038.0 33.0 23017.0 0.08332341387930008
50 36 39 0.0 0.0 1628.0 0.0 13282.0 45.0 18949.0 0.08275699001004906
50 36 40 0.0 0.0 1880.0 0.0 12790.0 44.0 27227.0 0.08395802098950524
50 36 41 0.0 0.0 797.0 0.0 11907.0 26.0 5929.0 0.09525753555147308
50 36 42 0.0 0.0 939.0 0.0 12569.0 37.0 8406.0 0.0903400658191908
50 36 43 0.0 0.0 1302.0 0.0 13091.0 29.0 14477.0 0.08536064874093041
50 36 44 0.0 0.0 1323.0 0.0 12714.0 38.0 17641.0 0.08730901153726224
50 36 45 0.0 0.0 766.0 0.0 11917.0 27.0 5437.0 0.09541984732824427
50 36 46 0.0 0.0 1228.0 0.0 12739.0 41.0 14390.0 0.08777979810646434
50 36 47 0.0 0.0 473.0 0.0 9660.0 26.0 2524.0 0.115549686365137
50 36 48 0.0 0.0 271.0 0.0 5939.0 18.0 476.0 0.17087757842060292
50 36 49 0.0 0.0 14.0 0.0 633.0 6.0 0.0 0.5301022340022719
50 36 50 0.0 0.0 1.0 0.0 95.0 0.0 0.0 0.6679389312977099
50 36 51 0.0 0.0 0.0 0.0 19.0 0.0 0.0 0.6934125804853887
50 36 52 0.0 0.0 0.0 0.0 4.0 0.0 0.0 0.6986027944111775
50 37 28 0.0 0.0 0.0 0.0 2.0 0.0 0.0 0.6993006993006992
50 37 29 0.0 0.0 3.0 0.0 107.0 0.0 0.0 0.6635071090047392
50 37 30 0.0 0.0 282.0 0.0 6024.0 25.0 443.0 0.16893930252202244
50 37 31 0.0 0.0 968.0 0.0 12512.0 37.0 9735.0 0.09042175289026673
50 37 32 0.0 0.0 805.0 0.0 12213.0 24.0 6639.0 0.09330223258913695
50 37 33 0.0 0.0 814.0 0.0 12114.0 27.0 5402.0 0.09387153010594071
50 37 34 0.0 0.0 1205.0 0.0 13049.0 37.0 13311.0 0.08616975441619991
50 37 35 0.0 0.0 872.0 0.0 12036.0 26.0 6704.0 0.09395973154362415
50 37 36 0.0 0.0 1364.0 0.0 13346.0 49.0 13883.0 0.08383735553027127
50 37 37 0.0 0.0 1396.0 0.0 13322.0 50.0 15113.0 0.08386748936680044
50 37 38 0.0 0.0 2151.0 0.0 11767.0 51.0 35392.0 0.08792865217937444
50 37 39 0.0 0.0 2254.0 0.0 11841.0 62.0 37275.0 0.0869619231008137
50 37 40 0.0 0.0 1398.0 0.0 13092.0 34.0 17162.0 0.08491023774866568
50 37 41 0.0 0.0 1369.0 0.0 13120.0 47.0 16386.0 0.08499787505312366
50 37 42 0.0 0.0 1249.0 0.0 13002.0 47.0 14190.0 0.08615914825527723
50 37 43 0.0 0.0 1218.0 0.0 13074.0 44.0 13704.0 0.08600036857300815
50 37 44 0.0 0.0 755.0 0.0 11543.0 20.0 5712.0 0.09790894468144624
50 37 45 0.0 0.0 843.0 0.0 11978.0 30.0 6197.0 0.09453710581403199
50 37 46 0.0 0.0 911.0 0.0 12458.0 40.0 8820.0 0.09117551286225983
50 37 47 0.0 0.0 1025.0 0.0 12583.0 40.0 9757.0 0.08977236293683871
50 37 48 0.0 0.0 290.0 0.0 6971.0 16.0 919.0 0.15135135135135133
50 37 49 0.0 0.0 218.0 0.0 4125.0 15.0 143.0 0.22120398167167007
50 37 50 0.0 0.0 1.0 0.0 92.0 0.0 0.0 0.6692160611854684
50 37 51 0.0 0.0 0.0 0.0 13.0 0.0 0.0 0.695479384003974
50 37 52 0.0 0.0 0.0 0.0 7.0 0.0 0.0 0.6975585450921773
50 38 28 0.0 0.0 0.0 0.0 5.0 0.0 0.0 0.6982543640897755
50 38 29 0.0 0.0 26.0 0.0 601.0 9.0 1.0 0.5353728489483747
50 38 30 0.0 0.0 372.0 0.0 7848.0 14.0 1133.0 0.136986301369863
50 38 31 0.0 0.0 605.0 0.0 10529.0 23.0 3518.0 0.10666666666666666
50 38 32 0.0 0.0 1614.0 0.0 12741.0 41.0 23266.0 0.08563214875527554
50 38 33 0.0 0.0 1489.0 0.0 12811.0 31.0 19255.0 0.0858000858000858
50 38 34 0.0 0.0 1680.0 0.0 12702.0 46.0 23647.0 0.08543357539513027
50 38 35 0.0 0.0 801.0 0.0 12053.0 29.0 6381.0 0.0943078477601886
50 38 36 0.0 0.0 997.0 0.0 12452.0 33.0 10175.0 0.09068532193289285
50 38 37 0.0 0.0 1234.0 0.0 13358.0 20.0 12136.0 0.08431195423065341
50 38 38 0.0 0.0 1381.0 0.0 13299.0 36.0 16366.0 0.083978165676924
50 38 39 0.0 0.0 2092.0 0.0 11866.0 41.0 34992.0 0.08764241893076248
50 38 40 0.0 0.0 2173.0 0.0 11840.0 49.0 35304.0 0.08739076154806491
50 38 41 0.0 0.0 1420.0 0.0 13485.0 37.0 15929.0 0.08277656240761544
50 38 42 0.0 0.0 1529.0 0.0 13146.0 42.0 19266.0 0.08393285371702637
50 38 43 0.0 0.0 1382.0 0.0 13109.0 49.0 16828.0 0.08494114791894186
50 38 44 0.0 0.0 1404.0 0.0 13082.0 40.0 16148.0 0.08493599466116604
50 38 45 0.0 0.0 1389.0 0.0 13224.0 38.0 16577.0 0.08428657435279951
50 38 46 0.0 0.0 1469.0 0.0 13038.0 49.0 18880.0 0.08486905916585838
50 38 47 0.0 0.0 1063.0 0.0 12803.0 27.0 12430.0 0.08822788001008318
50 38 48 0.0 0.0 755.0 0.0 11839.0 28.0 6175.0 0.09599561162918266
50 38 49 0.0 0.0 249.0 0.0 5081.0 26.0 309.0 0.19159709867250577
50 38 50 0.0 0.0 14.0 0.0 368.0 4.0 1.0 0.5887300252312867
50 38 51 0.0 0.0 1.0 0.0 43.0 1.0 0.0 0.6856023506366307
50 38 52 0.0 0.0 0.0 0.0 2.0 0.0 0.0 0.6993006993006992
50 39 28 0.0 0.0 0.0 0.0 4.0 0.0 0.0 0.6986027944111775
50 39 29 0.0 0.0 8.0 0.0 431.0 3.0 2.0 0.5747126436781609
50 39 30 0.0 0.0 288.0 0.0 6612.0 16.0 651.0 0.1575512041413459
50 39 31 0.0 0.0 843.0 0.0 12122.0 31.0 7503.0 0.09357037829167222
50 39 32 0.0 0.0 957.0 0.0 12701.0 43.0 7940.0 0.08957133717210491
50 39 33 0.0 0.0 1393.0 0.0 13126.0 47.0 16455.0 0.08483306065563835
50 39 34 0.0 0.0 1315.0 0.0 13252.0 43.0 14403.0 0.0845461682468748
50 39 35 0.0 0.0 1179.0 0.0 13148.0 38.0 13258.0 0.08578431372549018
50 39 36 0.0 0.0 1340.0 0.0 13047.0 36.0 16912.0 0.08545965083628371
50 39 37 0.0 0.0 871.0 0.0 12199.0 29.0 6238.0 0.09296148738379813
50 39 38 0.0 0.0 1087.0 0.0 12879.0 39.0 11424.0 0.08770830722967045
50 39 39 0.0 0.0 1460.0 0.0 13074.0 43.0 18598.0 0.08468937148387877
50 39 40 0.0 0.0 1554.0 0.0 13278.0 43.0 19474.0 0.08318973201022044
50 39 41 0.0 0.0 1673.0 0.0 12763.0 50.0 23672.0 0.08518405841192576
50 39 42 0.0 0.0 1432.0 0.0 12912.0 39.0 17899.0 0.08567407135426228
50 39 43 0.0 0.0 1280.0 0.0 13274.0 39.0 14299.0 0.0846279393096778
50 39 44 0.0 0.0 1049.0 0.0 12714.0 20.0 11373.0 0.08873676871395067
50 39 45 0.0 0.0 1559.0 0.0 12730.0 44.0 22354.0 0.08597396217145663
50 39 46 0.0 0.0 1784.0 0.0 13005.0 51.0 23717.0 0.08340283569641367
50 39 47 0.0 0.0 1117.0 0.0 12840.0 40.0 11995.0 0.08781283321834032
50 39 48 0.0 0.0 656.0 0.0 11130.0 28.0 4384.0 0.1015965166908563
50 39 49 0.0 0.0 359.0 0.0 7122.0 21.0 663.0 0.1479602621010357
50 39 50 0.0 0.0 217.0 0.0 4701.0 17.0 236.0 0.20272227048942942
50 39 51 0.0 0.0 0.0 0.0 77.0 0.0 0.0 0.6740491092922483
50 39 52 0.0 0.0 7.0 0.0 131.0 0.0 0.0 0.6551240056153486
50 40 29 0.0 0.0 99.0 0.0 2335.0 14.0 30.0 0.31674208144796373
50 40 30 0.0 0.0 181.0 0.0 3912.0 22.0 143.0 0.23049061573921628
50 40 31 0.0 0.0 670.0 0.0 11312.0 21.0 4614.0 0.1001932298003292
50 40 32 0.0 0.0 574.0 0.0 10441.0 25.0 3160.0 0.10771716549973069
50 40 33 0.0 0.0 1267.0 0.0 12698.0 45.0 16620.0 0.08774678784080225
50 40 34 0.0 0.0 881.0 0.0 12469.0 35.0 7138.0 0.09126466753585397
50 40 35 0.0 0.0 1173.0 0.0 13134.0 26.0 12236.0 0.08584217303329449
50 40 36 0.0 0.0 1609.0 0.0 12589.0 29.0 23195.0 0.08633980881899475
50 40 37 0.0 0.0 1350.0 0.0 13362.0 47.0 14534.0 0.08385241974125539
50 40 38 0.0 0.0 1594.0 0.0 13296.0 47.0 19087.0 0.08288437629506837
50 40 39 0.0 0.0 1754.0 0.0 12629.0 46.0 26056.0 0.08553797275004581
50 40 40 0.0 0.0 1240.0 0.0 13422.0 39.0 11695.0 0.08405884118883218
50 40 41 0.0 0.0 1834.0 0.0 12443.0 37.0 27587.0 0.08595284872298624
50 40 42 0.0 0.0 1606.0 0.0 12767.0 38.0 22404.0 0.08549618320610686
50 40 43 0.0 0.0 1053.0 0.0 13070.0 38.0 9216.0 0.08692952499223842
50 40 44 0.0 0.0 1274.0 0.0 13384.0 39.0 13354.0 0.08412450426631413
50 40 45 0.0 0.0 1405.0 0.0 13299.0 51.0 16491.0 0.08390267289943663
50 40 46 0.0 0.0 1327.0 0.0 12364.0 36.0 19402.0 0.08918901700961966
50 40 47 0.0 0.0 1186.0 0.0 12994.0 36.0 13788.0 0.08654262224145391
50 40 48 0.0 0.0 747.0 0.0 11846.0 32.0 7058.0 0.09592983417842949
50 40 49 0.0 0.0 515.0 0.0 9472.0 17.0 2199.0 0.11684192956100815
50 40 50 0.0 0.0 252.0 0.0 5819.0 20.0 489.0 0.1738266699776508
50 40 51 0.0 0.0 257.0 0.0 5092.0 19.0 249.0 0.19096985404446865
50 40 52 0.0 0.0 15.0 0.0 309.0 1.0 0.0 0.6026689625484287
50 40 53 0.0 0.0 0.0 0.0 6.0 0.0 0.0 0.6979062811565303
50 41 28 0.0 0.0 0.0 0.0 1.0 0.0 0.0 0.6996501749125437
50 41 29 0.0 0.0 0.0 0.0 72.0 0.0 0.0 0.6756756756756755
50 41 30 0.0 0.0 127.0 0.0 3281.0 18.0 86.0 0.2597402597402597
50 41 31 0.0 0.0 288.0 0.0 6306.0 24.0 554.0 0.16326530612244894
50 41 32 0.0 0.0 934.0 0.0 12482.0 33.0 8500.0 0.09085599325069764
50 41 33 0.0 0.0 1129.0 0.0 12664.0 42.0 14205.0 0.08870865543023697
50 41 34 0.0 0.0 1215.0 0.0 12764.0 26.0 14489.0 0.08747813046738315
50 41 35 0.0 0.0 1126.0 0.0 12885.0 33.0 12747.0 0.08748359682559519
50 41 36 0.0 0.0 1087.0 0.0 13104.0 37.0 10102.0 0.08653192409914084
50 41 37 0.0 0.0 1232.0 0.0 13329.0 31.0 12673.0 0.08453085376162298
50 41 38 0.0 0.0 1395.0 0.0 12879.0 38.0 18492.0 0.08603736479842673
50 41 39 0.0 0.0 1880.0 0.0 12535.0 54.0 27793.0 0.08528265107212475
50 41 40 0.0 0.0 1943.0 0.0 12360.0 50.0 29457.0 0.08575278696557637
50 41 41 0.0 0.0 1779.0 0.0 12954.0 38.0 24260.0 0.08360205422190373
50 41 42 0.0 0.0 1873.0 0.0 12193.0 45.0 29089.0 0.08708092305778439
50 41 43 0.0 0.0 1112.0 0.0 12785.0 32.0 11685.0 0.08805031446540879
50 41 44 0.0 0.0 1296.0 0.0 12752.0 43.0 15470.0 0.0873144567793439
50 41 45 0.0 0.0 1236.0 0.0 13173.0 31.0 13507.0 0.08528784648187633
50 41 46 0.0 0.0 1668.0 0.0 12423.0 52.0 25089.0 0.08701056556867619
50 41 47 0.0 0.0 940.0 0.0 12638.0 38.0 8225.0 0.0899396119748169
50 41 48 0.0 0.0 639.0 0.0 11063.0 24.0 4353.0 0.10228684152845764
50 41 49 0.0 0.0 230.0 0.0 5231.0 21.0 342.0 0.18817204301075266
50 41 50 0.0 0.0 295.0 0.0 6850.0 20.0 774.0 0.1533070521243977
50 41 51 0.0 0.0 443.0 0.0 8357.0 27.0 1249.0 0.12982195845697328
50 41 52 0.0 0.0 4.0 0.0 162.0 0.0 0.0 0.6463527239150507
50 41 53 0.0 0.0 0.0 0.0 1.0 0.0 0.0 0.6996501749125437
50 42 28 0.0 0.0 0.0 0.0 2.0 0.0 0.0 0.6993006993006992
50 42 29 0.0 0.0 2.0 0.0 125.0 0.0 0.0 0.6582040432534085
50 42 30 0.0 0.0 44.0 0.0 984.0 5.0 3.0 0.4631161098246774
50 42 31 0.0 0.0 122.0 0.0 2863.0 19.0 65.0 0.2819738167170191
50 42 32 0.0 0.0 501.0 0.0 9516.0 23.0 2107.0 0.11662779073642118
50 42 33 0.0 0.0 771.0 0.0 11788.0 35.0 5450.0 0.09627948559246269
50 42 34 0.0 0.0 791.0 0.0 11903.0 22.0 5650.0 0.09527698380291275
50 42 35 0.0 0.0 1087.0 0.0 12913.0 35.0 10346.0 0.0875109388673584
50 42 36 0.0 0.0 1619.0 0.0 12720.0 34.0 22992.0 0.08559026716390536
50 42 37 0.0 0.0 1242.0 0.0 12713.0 39.0 15693.0 0.08776879192527114
50 42 38 0.0 0.0 1412.0 0.0 13030.0 40.0 18511.0 0.08516851198442632
50 42 39 0.0 0.0 1541.0 0.0 13626.0 47.0 17313.0 0.08154706430568498
50 42 40 0.0 0.0 1683.0 0.0 13155.0 45.0 21936.0 0.08319961965888155
50 42 41 0.0 0.0 1605.0 0.0 13017.0 44.0 20318.0 0.08423079237109679
50 42 42 0.0 0.0 1260.0 0.0 13184.0 40.0 13286.0 0.08517887563884156
50 42 43 0.0 0.0 921.0 0.0 12410.0 34.0 8242.0 0.0913420760749005
50 42 44 0.0 0.0 1142.0 0.0 12709.0 31.0 13706.0 0.08830022075055186
50 42 45 0.0 0.0 1307.0 0.0 13309.0 35.0 14078.0 0.0842358604091456
50 42 46 0.0 0.0 1061.0 0.0 12553.0 38.0 11536.0 0.08968609865470852
50 42 47 0.0 0.0 651.0 0.0 11022.0 21.0 4115.0 0.10245151847786314
50 42 48 0.0 0.0 710.0 0.0 11587.0 31.0 4771.0 0.0979774651830079
50 42 49 0.0 0.0 553.0 0.0 9693.0 23.0 2060.0 0.11442582754393132
50 42 50 0.0 0.0 295.0 0.0 6170.0 21.0 530.0 0.16573931573339645
50 42 51 0.0 0.0 4.0 0.0 324.0 0.0 1.0 0.6016330038676406
50 42 52 0.0 0.0 23.0 0.0 551.0 3.0 1.0 0.5447470817120622
50 42 53 0.0 0.0 0.0 0.0 4.0 0.0 0.0 0.6986027944111775
50 43 28 0.0 0.0 0.0 0.0 11.0 0.0 0.0 0.6961710591745399
50 43 29 0.0 0.0 7.0 0.0 389.0 3.0 1.0 0.5850396991224404
50 43 30 0.0 0.0 98.0 0.0 2550.0 14.0 50.0 0.3021800129505719
50 43 31 0.0 0.0 507.0 0.0 9859.0 30.0 2999.0 0.1133970516766564
50 43 32 0.0 0.0 377.0 0.0 8000.0 16.0 1107.0 0.13508297954457738
50 43 33 0.0 0.0 756.0 0.0 11782.0 24.0 5459.0 0.0963789067878287
50 43 34 0.0 0.0 1169.0 0.0 12890.0 37.0 13075.0 0.08716767324575056
50 43 35 0.0 0.0 1525.0 0.0 12778.0 39.0 21610.0 0.08580534444716842
50 43 36 0.0 0.0 1246.0 0.0 13032.0 34.0 14348.0 0.08599508599508598
50 43 37 0.0 0.0 1254.0 0.0 12820.0 29.0 15057.0 0.08704843623702044
50 43 38 0.0 0.0 1279.0 0.0 13176.0 35.0 14353.0 0.08512190673071075
50 43 39 0.0 0.0 1901.0 0.0 12204.0 41.0 30706.0 0.08683247534577931
50 43 40 0.0 0.0 2409.0 0.0 10873.0 60.0 44884.0 0.0916350307631889
50 43 41 0.0 0.0 1628.0 0.0 12926.0 47.0 21828.0 0.08458703401607152
50 43 42 0.0 0.0 874.0 0.0 12349.0 40.0 7185.0 0.09208708807472209
50 43 43 0.0 0.0 1182.0 0.0 12827.0 29.0 13703.0 0.08744534665833853
50 43 44 0.0 0.0 812.0 0.0 12050.0 28.0 5621.0 0.09423167530457023
50 43 45 0.0 0.0 768.0 0.0 11884.0 29.0 5682.0 0.0955892393827666
50 43 46 0.0 0.0 743.0 0.0 11491.0 25.0 4493.0 0.0984321169936019
50 43 47 0.0 0.0 540.0 0.0 9922.0 25.0 2709.0 0.11245883203470158
50 43 48 0.0 0.0 136.0 0.0 3258.0 13.0 114.0 0.26002971768202077
50 43 49 0.0 0.0 358.0 0.0 7316.0 21.0 886.0 0.14495754814661418
50 43 50 0.0 0.0 383.0 0.0 8073.0 27.0 1256.0 0.1341638715860086
50 43 51 0.0 0.0 197.0 0.0 4254.0 19.0 179.0 0.2175940317065589
50 43 52 0.0 0.0 0.0 0.0 39.0 0.0 0.0 0.6866110838646394
50 44 29 0.0 0.0 4.0 0.0 237.0 0.0 0.0 0.6247211066488174
50 44 30 0.0 0.0 132.0 0.0 3220.0 16.0 82.0 0.2622705133008617
50 44 31 0.0 0.0 321.0 0.0 7090.0 19.0 835.0 0.14898371820793868
50 44 32 0.0 0.0 819.0 0.0 12093.0 36.0 6329.0 0.09392191064001072
50 44 33 0.0 0.0 799.0 0.0 11973.0 44.0 6083.0 0.09487666034155597
50 44 34 0.0 0.0 1030.0 0.0 12646.0 33.0 11822.0 0.08936550491510276
50 44 35 0.0 0.0 847.0 0.0 12155.0 23.0 7297.0 0.09332089054792693
50 44 36 0.0 0.0 635.0 0.0 11150.0 23.0 3838.0 0.101603889977502
50 44 37 0.0 0.0 800.0 0.0 11982.0 32.0 5983.0 0.09480598632085052
50 44 38 0.0 0.0 808.0 0.0 11995.0 35.0 6542.0 0.0946521533364884
50 44 39 0.0 0.0 1249.0 0.0 13265.0 34.0 13021.0 0.08480736612551489
50 44 40 0.0 0.0 736.0 0.0 11742.0 33.0 5181.0 0.09682550660488276
50 44 41 0.0 0.0 609.0 0.0 10526.0 33.0 3207.0 0.10673985971332721
50 44 42 0.0 0.0 779.0 0.0 11929.0 38.0 6371.0 0.09529643999727723
50 44 43 0.0 0.0 1512.0 0.0 12333.0 56.0 22741.0 0.0884452587023817
50 44 44 0.0 0.0 364.0 0.0 7617.0 22.0 986.0 0.14050582095543956
50 44 45 0.0 0.0 550.0 0.0 9886.0 20.0 2566.0 0.11268512556342562
50 44 46 0.0 0.0 649.0 0.0 10942.0 34.0 3724.0 0.10313835273316634
50 44 47 0.0 0.0 338.0 0.0 7640.0 11.0 999.0 0.14043534958370946
50 44 48 0.0 0.0 130.0 0.0 3227.0 18.0 92.0 0.26222138977336573
50 44 49 0.0 0.0 340.0 0.0 6917.0 21.0 733.0 0.1515643607231785
50 44 50 0.0 0.0 321.0 0.0 7439.0 20.0 1038.0 0.1437371663244353
50 44 51 0.0 0.0 27.0 0.0 816.0 3.0 1.0 0.49295774647887314
50 44 52 0.0 0.0 0.0 0.0 24.0 0.0 0.0 0.6916996047430829
50 45 28 0.0 0.0 0.0 0.0 1.0 0.0 0.0 0.6996501749125437
50 45 29 0.0 0.0 163.0 0.0 3714.0 14.0 113.0 0.23870417732310312
50 45 30 0.0 0.0 31.0 0.0 654.0 12.0 2.0 0.5239520958083832
50 45 31 0.0 0.0 257.0 0.0 5744.0 22.0 419.0 0.1754166144593409
50 45 32 0.0 0.0 573.0 0.0 10333.0 24.0 2753.0 0.10857763300760041
50 45 33 0.0 0.0 367.0 0.0 7558.0 22.0 942.0 0.14132848778518067
50 45 34 0.0 0.0 1349.0 0.0 13002.0 42.0 16701.0 0.0856269113149847
50 45 35 0.0 0.0 1032.0 0.0 12476.0 35.0 11895.0 0.09028180821564454
50 45 36 0.0 0.0 920.0 0.0 12527.0 26.0 7198.0 0.09066770286898516
50 45 37 0.0 0.0 1667.0 0.0 12349.0 52.0 25654.0 0.08744534665833853
50 45 38 0.0 0.0 684.0 0.0 11319.0 37.0 4512.0 0.10010725777618876
50 45 39 0.0 0.0 1010.0 0.0 12723.0 36.0 8227.0 0.08906985621580352
50 45 40 0.0 0.0 727.0 0.0 11417.0 28.0 4703.0 0.0990169035999717
50 45 41 0.0 0.0 412.0 0.0 8005.0 27.0 1118.0 0.13468013468013465
50 45 42 0.0 0.0 420.0 0.0 8326.0 14.0 1239.0 0.13037809647979137
50 45 43 0.0 0.0 321.0 0.0 7245.0 23.0 878.0 0.14664292447889385
50 45 44 0.0 0.0 356.0 0.0 7811.0 19.0 1239.0 0.1379038613081166
50 45 45 0.0 0.0 424.0 0.0 8529.0 28.0 1541.0 0.128052684533065
50 45 46 0.0 0.0 76.0 0.0 2462.0 8.0 54.0 0.30905077262693154
50 45 47 0.0 0.0 372.0 0.0 7649.0 16.0 1035.0 0.13977635782747602
50 45 48 0.0 0.0 430.0 0.0 8281.0 23.0 1388.0 0.13087781621015235
50 45 49 0.0 0.0 95.0 0.0 2219.0 16.0 39.0 0.3257328990228013
50 45 50 0.0 0.0 101.0 0.0 2594.0 8.0 48.0 0.2986985278429699
50 45 51 0.0 0.0 182.0 0.0 4893.0 15.0 340.0 0.19824412347776835
50 45 52 0.0 0.0 5.0 0.0 131.0 0.0 0.0 0.6554307116104868
50 45 53 0.0 0.0 0.0 0.0 3.0 0.0 0.0 0.6989515726410384
50 46 28 0.0 0.0 0.0 0.0 2.0 0.0 0.0 0.6993006993006992
50 46 29 0.0 0.0 0.0 0.0 6.0 0.0 0.0 0.6979062811565303
50 46 30 0.0 0.0 4.0 0.0 114.0 0.0 0.0 0.6610009442870631
50 46 31 0.0 0.0 182.0 0.0 4449.0 11.0 196.0 0.2114164904862579
50 46 32 0.0 0.0 186.0 0.0 4566.0 15.0 225.0 0.20777678836449984
50 46 33 0.0 0.0 288.0 0.0 6624.0 17.0 780.0 0.1572856982361532
50 46 34 0.0 0.0 412.0 0.0 8175.0 25.0 1275.0 0.1325381047051027
50 46 35 0.0 0.0 857.0 0.0 12184.0 28.0 6278.0 0.09316563518999134
50 46 36 0.0 0.0 1180.0 0.0 12866.0 37.0 12863.0 0.08727091385114075
50 46 37 0.0 0.0 726.0 0.0 11620.0 27.0 5085.0 0.09762900976290097
50 46 38 0.0 0.0 625.0 0.0 10422.0 24.0 2952.0 0.10741138560687431
50 46 39 0.0 0.0 821.0 0.0 11994.0 27.0 7130.0 0.09453710581403199
50 46 40 0.0 0.0 343.0 0.0 7864.0 9.0 1250.0 0.13720109760878085
50 46 41 0.0 0.0 303.0 0.0 6666.0 16.0 558.0 0.15623256332998545
50 46 42 0.0 0.0 646.0 0.0 11080.0 29.0 4183.0 0.10203337949129071
50 46 43 0.0 0.0 419.0 0.0 8707.0 13.0 1584.0 0.1257974660796118
50 46 44 0.0 0.0 327.0 0.0 6806.0 21.0 751.0 0.15360983102918585
50 46 45 0.0 0.0 226.0 0.0 4585.0 27.0 213.0 0.20627670546633264
50 46 46 0.0 0.0 205.0 0.0 4647.0 11.0 236.0 0.20464844321005699
50 46 47 0.0 0.0 382.0 0.0 7221.0 32.0 748.0 0.14622937121370377
50 46 48 0.0 0.0 286.0 0.0 6199.0 23.0 561.0 0.1653868871825162
50 46 49 0.0 0.0 107.0 0.0 2301.0 19.0 41.0 0.31897926634768736
50 46 50 0.0 0.0 1.0 0.0 28.0 0.0 0.0 0.6899950714637751
50 46 51 0.0 0.0 0.0 0.0 21.0 0.0 0.0 0.6927263730826323
50 46 52 0.0 0.0 0.0 0.0 16.0 0.0 0.0 0.6944444444444444
50 47 30 0.0 0.0 9.0 0.0 142.0 1.0 0.0 0.6511627906976742
50 47 31 0.0 0.0 4.0 0.0 85.0 3.0 0.0 0.6711409395973154
50 47 32 0.0 0.0 265.0 0.0 5805.0 21.0 459.0 0.17378351539225417
50 47 33 0.0 0.0 106.0 0.0 2371.0 16.0 36.0 0.31383097960098627
50 47 34 0.0 0.0 412.0 0.0 8484.0 28.0 1611.0 0.12868829855685263
50 47 35 0.0 0.0 233.0 0.0 5657.0 25.0 413.0 0.1778455284552845
50 47 36 0.0 0.0 508.0 0.0 9734.0 22.0 2282.0 0.11447260834014716
50 47 37 0.0 0.0 454.0 0.0 8946.0 25.0 1803.0 0.1230012300123001
50 47 38 0.0 0.0 280.0 0.0 5920.0 18.0 435.0 0.17112822393350444
50 47 39 0.0 0.0 290.0 0.0 6581.0 18.0 651.0 0.15810276679841898
50 47 40 0.0 0.0 219.0 0.0 5004.0 29.0 277.0 0.1944714543686623
50 47 41 0.0 0.0 138.0 0.0 3422.0 17.0 118.0 0.2525708100306693
50 47 42 0.0 0.0 223.0 0.0 4920.0 19.0 285.0 0.1963534361851332
50 47 43 0.0 0.0 395.0 0.0 8033.0 24.0 1185.0 0.1344473254585614
50 47 44 0.0 0.0 95.0 0.0 2406.0 16.0 50.0 0.31215161649944256
50 47 45 0.0 0.0 202.0 0.0 4243.0 21.0 173.0 0.21789883268482485
50 47 46 0.0 0.0 56.0 0.0 1457.0 8.0 12.0 0.3994293865905848
50 47 47 0.0 0.0 0.0 0.0 63.0 0.0 0.0 0.6786233640329616
50 47 48 0.0 0.0 62.0 0.0 1410.0 12.0 10.0 0.4046242774566473
50 47 49 0.0 0.0 0.0 0.0 15.0 0.0 0.0 0.694789081885856
50 47 50 0.0 0.0 0.0 0.0 1.0 0.0 0.0 0.6996501749125437
50 48 30 0.0 0.0 0.0 0.0 11.0 0.0 0.0 0.6961710591745399
50 48 31 0.0 0.0 1.0 0.0 14.0 0.0 0.0 0.6951340615690167
50 48 32 0.0 0.0 0.0 0.0 34.0 0.0 0.0 0.6882989183874139
50 48 33 0.0 0.0 3.0 0.0 106.0 2.0 0.0 0.6644518272425248
50 48 34 0.0 0.0 350.0 0.0 7862.0 18.0 1288.0 0.13716077201920251
50 48 35 0.0 0.0 21.0 0.0 796.0 9.0 4.0 0.49857549857549843
50 48 36 0.0 0.0 148.0 0.0 3726.0 25.0 120.0 0.2393162393162393
50 48 37 0.0 0.0 480.0 0.0 9435.0 25.0 2551.0 0.11761740737629167
50 48 38 0.0 0.0 353.0 0.0 7145.0 31.0 806.0 0.14780405405405403
50 48 39 0.0 0.0 144.0 0.0 3088.0 13.0 68.0 0.2682506227246598
50 48 40 0.0 0.0 302.0 0.0 6296.0 19.0 584.0 0.16309412861136996
50 48 41 0.0 0.0 395.0 0.0 8522.0 24.0 1536.0 0.12844036697247704
50 48 42 0.0 0.0 35.0 0.0 807.0 7.0 3.0 0.49400141143260407
50 48 43 0.0 0.0 133.0 0.0 2442.0 11.0 29.0 0.3066812705366922
50 48 44 0.0 0.0 5.0 0.0 223.0 3.0 1.0 0.6294964028776977
50 48 45 0.0 0.0 1.0 0.0 83.0 0.0 0.0 0.6717850287907868
50 48 46 0.0 0.0 436.0 0.0 8681.0 24.0 1608.0 0.12609204719445194
50 48 47 0.0 0.0 1.0 0.0 24.0 1.0 0.0 0.6916996047430829
50 49 33 0.0 0.0 6.0 0.0 132.0 2.0 0.0 0.6554307116104868
50 49 34 0.0 0.0 16.0 0.0 290.0 5.0 0.0 0.6084311169056931
50 49 35 0.0 0.0 0.0 0.0 34.0 0.0 0.0 0.6882989183874139
50 49 36 0.0 0.0 6.0 0.0 149.0 2.0 0.0 0.6502554575011611
50 49 37 0.0 0.0 157.0 0.0 3722.0 17.0 120.0 0.2388263391334015
50 49 38 0.0 0.0 188.0 0.0 4807.0 26.0 294.0 0.2008320183617845
50 49 39 0.0 0.0 127.0 0.0 2542.0 17.0 39.0 0.30088115194498166
50 49 40 0.0 0.0 27.0 0.0 1136.0 10.0 10.0 0.4440215667618141
50 49 41 0.0 0.0 7.0 0.0 208.0 1.0 1.0 0.6323396567299006
50 49 42 0.0 0.0 6.0 0.0 112.0 2.0 0.0 0.661625708884688
50 49 43 0.0 0.0 0.0 0.0 19.0 0.0 0.0 0.6934125804853887
50 49 44 0.0 0.0 2.0 0.0 65.0 0.0 0.0 0.6773101112723753
50 49 45 0.0 0.0 0.0 0.0 19.0 0.0 0.0 0.6934125804853887
50 49 46 0.0 0.0 0.0 0.0 14.0 0.0 0.0 0.6951340615690167
50 49 47 0.0 0.0 0.0 0.0 14.0 0.0 0.0 0.6951340615690167
50 49 48 0.0 0.0 0.0 0.0 1.0 0.0 0.0 0.6996501749125437
50 50 33 0.0 0.0 0.0 0.0 8.0 0.0 0.0 0.697211155378486
50 50 34 0.0 0.0 0.0 0.0 7.0 0.0 0.0 0.6975585450921773
50 50 35 0.0 0.0 0.0 0.0 19.0 0.0 0.0 0.6934125804853887
50 50 36 0.0 0.0 0.0 0.0 16.0 0.0 0.0 0.6944444444444444
50 50 37 0.0 0.0 0.0 0.0 11.0 0.0 0.0 0.6961710591745399
50 50 38 0.0 0.0 0.0 0.0 8.0 0.0 0.0 0.697211155378486
50 50 39 0.0 0.0 0.0 0.0 5.0 0.0 0.0 0.6982543640897755
50 50 40 0.0 0.0 0.0 0.0 2.0 0.0 0.0 0.6993006993006992
50 50 41 0.0 0.0 1.0 0.0 22.0 0.0 0.0 0.6920415224913494
50 50 42 0.0 0.0 1.0 0.0 15.0 0.0 0.0 0.6944444444444444
50 50 43 0.0 0.0 1.0 0.0 35.0 1.0 0.0 0.6879606879606879
50 50 44 0.0 0.0 0.0 0.0 6.0 0.0 0.0 0.6979062811565303
50 51 35 0.0 0.0 0.0 0.0 2.0 0.0 0.0 0.6993006993006992
50 51 36 0.0 0.0 0.0 0.0 4.0 0.0 0.0 0.6986027944111775
50 51 37 0.0 0.0 0.0 0.0 3.0 0.0 0.0 0.6989515726410384
50 51 40 0.0 0.0 1.0 0.0 7.0 0.0 0.0 0.697211155378486
50 51 41 0.0 0.0 0.0 0.0 9.0 0.0 0.0 0.6968641114982577
50 51 42 0.0 0.0 49.0 0.0 1104.0 3.0 9.0 0.4444444444444444
50 51 43 0.0 0.0 0.0 0.0 1.0 0.0 0.0 0.6996501749125437
51 29 43 0.0 0.0 0.0 0.0 1.0 0.0 0.0 0.6996501749125437
51 30 35 0.0 0.0 0.0 0.0 4.0 0.0 0.0 0.6986027944111775
51 30 36 0.0 0.0 0.0 0.0 14.0 0.0 0.0 0.6951340615690167
51 30 37 0.0 0.0 0.0 0.0 6.0 1.0 0.0 0.6982543640897755
51 30 38 0.0 0.0 3.0 0.0 28.0 0.0 0.0 0.6893156080748399
51 30 39 0.0 0.0 0.0 0.0 6.0 0.0 0.0 0.6979062811565303
51 30 40 0.0 0.0 0.0 0.0 4.0 0.0 0.0 0.6986027944111775
51 30 41 0.0 0.0 0.0 0.0 2.0 0.0 0.0 0.0
51 30 42 0.0 0.0 0.0 0.0 6.0 0.0 0.0 0.6979062811565303
51 30 43 0.0 0.0 0.0 0.0 4.0 0.0 0.0 0.6986027944111775
51 30 44 0.0 0.0 0.0 0.0 3.0 0.0 0.0 0.6989515726410384
51 30 45 0.0 0.0 0.0 0.0 1.0 0.0 0.0 0.6996501749125437
51 30 46 0.0 0.0 0.0 0.0 4.0 0.0 0.0 0.6986027944111775
51 31 33 0.0 0.0 0.0 0.0 1.0 0.0 0.0 0.6996501749125437
51 31 34 0.0 0.0 0.0 0.0 1.0 0.0 0.0 0.6996501749125437
51 31 35 0.0 0.0 32.0 0.0 814.0 6.0 2.0 0.49313138429024295
51 31 36 0.0 0.0 2.0 0.0 101.0 1.0 0.0 0.6663493574488338
51 31 37 0.0 0.0 11.0 0.0 430.0 5.0 1.0 0.5747126436781609
51 31 38 0.0 0.0 32.0 0.0 865.0 9.0 5.0 0.4849324558365084
51 31 39 0.0 0.0 42.0 0.0 987.0 10.0 4.0 0.46388336646785944
51 31 40 0.0 0.0 71.0 0.0 1465.0 9.0 9.0 0.3969379075701729
51 31 41 0.0 0.0 123.0 0.0 2889.0 17.0 75.0 0.28028028028028024
51 31 42 0.0 0.0 0.0 0.0 54.0 0.0 0.0 0.6815968841285296
51 31 43 0.0 0.0 159.0 0.0 3817.0 15.0 137.0 0.234820530023482
51 31 44 0.0 0.0 6.0 0.0 255.0 2.0 1.0 0.6197432492253209
51 31 45 0.0 0.0 2.0 0.0 51.0 0.0 0.0 0.6819288845591815
51 31 46 0.0 0.0 0.0 0.0 6.0 0.0 0.0 0.6979062811565303
51 32 32 0.0 0.0 0.0 0.0 6.0 0.0 0.0 0.6979062811565303
51 32 33 0.0 0.0 17.0 0.0 242.0 8.0 0.0 0.6219458018658373
51 32 34 0.0 0.0 0.0 0.0 9.0 0.0 0.0 0.6968641114982577
51 32 35 0.0 0.0 39.0 0.0 1343.0 4.0 9.0 0.4144464179988158
51 32 36 0.0 0.0 153.0 0.0 3631.0 13.0 111.0 0.2425922717033443
51 32 37 0.0 0.0 615.0 0.0 10356.0 24.0 2777.0 0.10804970286331711
51 32 38 0.0 0.0 627.0 0.0 10496.0 22.0 3307.0 0.10669918451337548
51 32 39 0.0 0.0 508.0 0.0 9673.0 28.0 2457.0 0.11504642945188592
51 32 40 0.0 0.0 512.0 0.0 9915.0 25.0 3077.0 0.112748651042925
51 32 41 0.0 0.0 136.0 0.0 3592.0 20.0 137.0 0.24531277378657787
51 32 42 0.0 0.0 127.0 0.0 3027.0 22.0 74.0 0.2726387536514118
51 32 43 0.0 0.0 4.0 0.0 201.0 0.0 0.0 0.6352087114337567
51 32 44 0.0 0.0 0.0 0.0 78.0 0.0 0.0 0.6737247353224253
51 32 45 0.0 0.0 9.0 0.0 381.0 1.0 1.0 0.5860192549183758
51 32 46 0.0 0.0 3.0 0.0 72.0 1.0 0.0 0.6750241080038573
51 32 49 0.0 0.0 0.0 0.0 2.0 0.0 0.0 0.6993006993006992
51 33 31 0.0 0.0 0.0 0.0 1.0 0.0 0.0 0.6996501749125437
51 33 32 0.0 0.0 0.0 0.0 10.0 0.0 0.0 0.6965174129353233
51 33 33 0.0 0.0 5.0 0.0 131.0 0.0 0.0 0.6554307116104868
51 33 34 0.0 0.0 0.0 0.0 49.0 0.0 0.0 0.6832601268911663
51 33 35 0.0 0.0 70.0 0.0 1516.0 11.0 12.0 0.3916083916083915
51 33 36 0.0 0.0 432.0 0.0 8852.0 20.0 1784.0 0.12420156139105748
51 33 37 0.0 0.0 617.0 0.0 10558.0 23.0 3006.0 0.10626185958254268
51 33 38 0.0 0.0 1236.0 0.0 12474.0 36.0 16727.0 0.089126559714795
51 33 39 0.0 0.0 279.0 0.0 5847.0 25.0 401.0 0.17283950617283947
51 33 40 0.0 0.0 422.0 0.0 8780.0 21.0 1690.0 0.12515644555694616
51 33 41 0.0 0.0 240.0 0.0 4980.0 20.0 304.0 0.19436345966958213
51 33 42 0.0 0.0 194.0 0.0 4555.0 20.0 214.0 0.20793108569731172
51 33 43 0.0 0.0 99.0 0.0 2336.0 22.0 34.0 0.31717263253285
51 33 44 0.0 0.0 4.0 0.0 296.0 1.0 1.0 0.609225413402959
51 33 45 0.0 0.0 144.0 0.0 3394.0 14.0 106.0 0.25339366515837103
51 33 46 0.0 0.0 0.0 0.0 53.0 0.0 0.0 0.6819288845591815
51 33 47 0.0 0.0 0.0 0.0 5.0 0.0 0.0 0.6982543640897755
51 33 48 0.0 0.0 0.0 0.0 2.0 0.0 0.0 0.6993006993006992
51 34 30 0.0 0.0 0.0 0.0 5.0 0.0 0.0 0.6982543640897755
51 34 31 0.0 0.0 6.0 0.0 150.0 3.0 0.0 0.6502554575011611
51 34 32 0.0 0.0 38.0 0.0 856.0 9.0 4.0 0.48526863084922
51 34 33 0.0 0.0 8.0 0.0 409.0 1.0 0.0 0.5794701986754967
51 34 34 0.0 0.0 20.0 0.0 454.0 7.0 0.0 0.5674908796108633
51 34 35 0.0 0.0 245.0 0.0 5761.0 21.0 479.0 0.17517517517517514
51 34 36 0.0 0.0 532.0 0.0 9767.0 29.0 2428.0 0.1139693910778248
51 34 37 0.0 0.0 708.0 0.0 11389.0 27.0 4979.0 0.09939652112176073
51 34 38 0.0 0.0 993.0 0.0 12488.0 38.0 9722.0 0.09044511919374636
51 34 39 0.0 0.0 701.0 0.0 11262.0 31.0 4485.0 0.10038001003800098
51 34 40 0.0 0.0 479.0 0.0 8318.0 30.0 1073.0 0.12994245405606086
51 34 41 0.0 0.0 359.0 0.0 7561.0 23.0 1023.0 0.14138557867097554
51 34 42 0.0 0.0 104.0 0.0 2642.0 17.0 40.0 0.2959205242020714
51 34 43 0.0 0.0 251.0 0.0 5729.0 12.0 403.0 0.17568076295645627
51 34 44 0.0 0.0 66.0 0.0 1905.0 12.0 22.0 0.3536246526900732
51 34 45 0.0 0.0 553.0 0.0 10084.0 24.0 3167.0 0.11088230635197212
51 34 46 0.0 0.0 30.0 0.0 861.0 4.0 5.0 0.48510048510048503
51 34 47 0.0 0.0 168.0 0.0 4136.0 14.0 171.0 0.22246941045606228
51 34 48 0.0 0.0 0.0 0.0 100.0 0.0 0.0 0.6666666666666665
51 34 49 0.0 0.0 0.0 0.0 17.0 0.0 0.0 0.694100148735746
51 35 30 0.0 0.0 0.0 0.0 10.0 0.0 0.0 0.6965174129353233
51 35 31 0.0 0.0 19.0 0.0 573.0 9.0 3.0 0.5420054200542004
51 35 32 0.0 0.0 79.0 0.0 2099.0 16.0 30.0 0.33637674195098505
51 35 33 0.0 0.0 451.0 0.0 8773.0 29.0 1570.0 0.12494422132976347
51 35 34 0.0 0.0 142.0 0.0 3556.0 15.0 116.0 0.2462620932277924
51 35 35 0.0 0.0 236.0 0.0 5795.0 22.0 415.0 0.1746724890829694
51 35 36 0.0 0.0 408.0 0.0 8553.0 27.0 1670.0 0.1279707495429616
51 35 37 0.0 0.0 882.0 0.0 12171.0 33.0 9087.0 0.09302325581395347
51 35 38 0.0 0.0 676.0 0.0 11258.0 28.0 4821.0 0.10053859964093356
51 35 39 0.0 0.0 419.0 0.0 8166.0 26.0 1299.0 0.13243780153249451
51 35 40 0.0 0.0 627.0 0.0 10733.0 30.0 3218.0 0.10490820532034469
51 35 41 0.0 0.0 361.0 0.0 8047.0 26.0 1368.0 0.13475791702762535
51 35 42 0.0 0.0 331.0 0.0 6124.0 22.0 440.0 0.1658964332266856
51 35 43 0.0 0.0 212.0 0.0 5299.0 23.0 365.0 0.1869907840256444
51 35 44 0.0 0.0 437.0 0.0 8851.0 29.0 1718.0 0.12424565140220091
51 35 45 0.0 0.0 390.0 0.0 7647.0 14.0 1019.0 0.1395534290271132
51 35 46 0.0 0.0 465.0 0.0 9300.0 17.0 2132.0 0.11906786868515053
51 35 47 0.0 0.0 130.0 0.0 3624.0 19.0 133.0 0.24411508282476022
51 35 48 0.0 0.0 142.0 0.0 4056.0 11.0 173.0 0.2262077880109872
51 35 49 0.0 0.0 4.0 0.0 40.0 2.0 0.0 0.6856023506366307
51 36 29 0.0 0.0 0.0 0.0 11.0 0.0 0.0 0.6961710591745399
51 36 30 0.0 0.0 0.0 0.0 75.0 0.0 0.0 0.6750241080038573
51 36 31 0.0 0.0 238.0 0.0 4965.0 19.0 301.0 0.19479615973285094
51 36 32 0.0 0.0 41.0 0.0 1265.0 6.0 7.0 0.4241139048773099
51 36 33 0.0 0.0 504.0 0.0 9394.0 26.0 1982.0 0.11780545270952539
51 36 34 0.0 0.0 111.0 0.0 3019.0 9.0 81.0 0.2733841046670572
51 36 35 0.0 0.0 363.0 0.0 7299.0 24.0 899.0 0.1451679800912484
51 36 36 0.0 0.0 569.0 0.0 10134.0 34.0 2584.0 0.11041880274469594
51 36 37 0.0 0.0 811.0 0.0 11780.0 29.0 6483.0 0.09603512141583206
51 36 38 0.0 0.0 932.0 0.0 12422.0 27.0 8565.0 0.09116957541026308
51 36 39 0.0 0.0 745.0 0.0 11746.0 35.0 5083.0 0.09673852957435046
51 36 40 0.0 0.0 801.0 0.0 11957.0 33.0 5833.0 0.09499253630071922
51 36 41 0.0 0.0 410.0 0.0 8503.0 17.0 1598.0 0.12847572726438466
51 36 42 0.0 0.0 249.0 0.0 6045.0 20.0 559.0 0.1691229765643875
51 36 43 0.0 0.0 259.0 0.0 6228.0 14.0 584.0 0.1651917404129793
51 36 44 0.0 0.0 524.0 0.0 9779.0 34.0 2469.0 0.11399723149580653
51 36 45 0.0 0.0 394.0 0.0 8613.0 27.0 1695.0 0.1274697259400892
51 36 46 0.0 0.0 363.0 0.0 6881.0 12.0 702.0 0.15144958892254431
51 36 47 0.0 0.0 261.0 0.0 5666.0 13.0 414.0 0.17676767676767674
51 36 48 0.0 0.0 60.0 0.0 1423.0 8.0 13.0 0.40287769784172656
51 36 49 0.0 0.0 0.0 0.0 30.0 1.0 0.0 0.6899950714637751
51 36 50 0.0 0.0 0.0 0.0 1.0 0.0 0.0 0.6996501749125437
51 37 29 0.0 0.0 0.0 0.0 12.0 0.0 0.0 0.6958250497017892
51 37 30 0.0 0.0 125.0 0.0 3203.0 22.0 88.0 0.26380252496702467
51 37 31 0.0 0.0 418.0 0.0 8597.0 16.0 1706.0 0.12722646310432567
51 37 32 0.0 0.0 386.0 0.0 8495.0 27.0 1692.0 0.12881854987118144
51 37 33 0.0 0.0 550.0 0.0 10228.0 30.0 2905.0 0.10975227343994981
51 37 34 0.0 0.0 220.0 0.0 5028.0 17.0 300.0 0.19358407079646014
51 37 35 0.0 0.0 435.0 0.0 8807.0 24.0 1798.0 0.12469938541017189
51 37 36 0.0 0.0 722.0 0.0 11441.0 26.0 5297.0 0.09888402316711399
51 37 37 0.0 0.0 943.0 0.0 12383.0 41.0 8981.0 0.09137188356611407
51 37 38 0.0 0.0 765.0 0.0 11553.0 26.0 4450.0 0.0978473581213307
51 37 39 0.0 0.0 1347.0 0.0 12624.0 42.0 18829.0 0.08768084173608065
51 37 40 0.0 0.0 813.0 0.0 12153.0 33.0 6661.0 0.09360791655522865
51 37 41 0.0 0.0 483.0 0.0 9388.0 22.0 1979.0 0.11811355774909305
51 37 42 0.0 0.0 345.0 0.0 8162.0 27.0 1351.0 0.13351134846461948
51 37 43 0.0 0.0 474.0 0.0 9339.0 27.0 2138.0 0.11862396204033213
51 37 44 0.0 0.0 210.0 0.0 4943.0 16.0 272.0 0.19607843137254902
51 37 45 0.0 0.0 406.0 0.0 8566.0 26.0 1540.0 0.12784220619121542
51 37 46 0.0 0.0 511.0 0.0 9935.0 23.0 2809.0 0.11262167162738314
51 37 47 0.0 0.0 442.0 0.0 8860.0 21.0 1856.0 0.12397060125741609
51 37 48 0.0 0.0 14.0 0.0 627.0 1.0 3.0 0.5305039787798408
51 37 49 0.0 0.0 95.0 0.0 2048.0 12.0 28.0 0.33881897386253623
51 37 50 0.0 0.0 0.0 0.0 5.0 0.0 0.0 0.6982543640897755
51 38 29 0.0 0.0 37.0 0.0 758.0 3.0 1.0 0.5014326647564469
51 38 30 0.0 0.0 109.0 0.0 3098.0 12.0 106.0 0.26938618433711753
51 38 31 0.0 0.0 363.0 0.0 7001.0 16.0 721.0 0.1497005988023952
51 38 32 0.0 0.0 548.0 0.0 10155.0 26.0 2475.0 0.11030570438071224
51 38 33 0.0 0.0 592.0 0.0 10379.0 27.0 3413.0 0.10801635676259547
51 38 34 0.0 0.0 448.0 0.0 9053.0 26.0 1997.0 0.12191935905251239
51 38 35 0.0 0.0 407.0 0.0 8298.0 14.0 1414.0 0.1309022907900888
51 38 36 0.0 0.0 436.0 0.0 8625.0 15.0 1562.0 0.1266509860683915
51 38 37 0.0 0.0 441.0 0.0 9209.0 18.0 2057.0 0.12019230769230767
51 38 38 0.0 0.0 847.0 0.0 12172.0 26.0 6942.0 0.0932525144874442
51 38 39 0.0 0.0 812.0 0.0 11868.0 22.0 7880.0 0.09540034071550255
51 38 40 0.0 0.0 965.0 0.0 12626.0 31.0 10212.0 0.0898242012062107
51 38 41 0.0 0.0 749.0 0.0 11844.0 21.0 6168.0 0.09593640786678544
51 38 42 0.0 0.0 607.0 0.0 10619.0 22.0 3560.0 0.10590816249338073
51 38 43 0.0 0.0 457.0 0.0 8961.0 17.0 1528.0 0.12271014111666227
51 38 44 0.0 0.0 474.0 0.0 9231.0 23.0 1930.0 0.11978097193702941
51 38 45 0.0 0.0 491.0 0.0 9357.0 18.0 1915.0 0.11821329055138054
51 38 46 0.0 0.0 631.0 0.0 10846.0 28.0 3821.0 0.10397326401782397
51 38 47 0.0 0.0 404.0 0.0 7920.0 23.0 1081.0 0.1357773251866938
51 38 48 0.0 0.0 302.0 0.0 6918.0 18.0 810.0 0.15209125475285168
51 38 49 0.0 0.0 76.0 0.0 2788.0 12.0 70.0 0.2885408079142621
51 38 50 0.0 0.0 0.0 0.0 14.0 0.0 0.0 0.6951340615690167
51 39 28 0.0 0.0 0.0 0.0 1.0 0.0 0.0 0.6996501749125437
51 39 29 0.0 0.0 0.0 0.0 29.0 0.0 0.0 0.6899950714637751
51 39 30 0.0 0.0 17.0 0.0 418.0 4.0 0.0 0.5758946935417523
51 39 31 0.0 0.0 378.0 0.0 7767.0 25.0 1202.0 0.13825794983211534
51 39 32 0.0 0.0 433.0 0.0 8506.0 17.0 1513.0 0.1280761138047754
51 39 33 0.0 0.0 449.0 0.0 9268.0 24.0 2207.0 0.11957635804578065
51 39 34 0.0 0.0 541.0 0.0 9858.0 33.0 2462.0 0.11305822498586772
51 39 35 0.0 0.0 611.0 0.0 10727.0 26.0 3078.0 0.10508932592703797
51 39 36 0.0 0.0 483.0 0.0 9219.0 21.0 2037.0 0.11973999315771466
51 39 37 0.0 0.0 575.0 0.0 10476.0 20.0 3266.0 0.10735373054213633
51 39 38 0.0 0.0 356.0 0.0 8105.0 18.0 1426.0 0.13392003061029267
51 39 39 0.0 0.0 445.0 0.0 9165.0 30.0 1907.0 0.12081463583016912
51 39 40 0.0 0.0 1231.0 0.0 12999.0 45.0 13755.0 0.08635578583765112
51 39 41 0.0 0.0 445.0 0.0 9311.0 26.0 2090.0 0.11927074459021979
51 39 42 0.0 0.0 461.0 0.0 8963.0 28.0 1742.0 0.12280701754385963
51 39 43 0.0 0.0 442.0 0.0 8401.0 25.0 1227.0 0.12940197800166373
51 39 44 0.0 0.0 499.0 0.0 9383.0 17.0 2273.0 0.11789473684210525
51 39 45 0.0 0.0 613.0 0.0 10315.0 24.0 2646.0 0.10843466811246223
51 39 46 0.0 0.0 583.0 0.0 10700.0 22.0 4222.0 0.10542168674698793
51 39 47 0.0 0.0 638.0 0.0 10566.0 29.0 3094.0 0.10618126659082289
51 39 48 0.0 0.0 208.0 0.0 5224.0 18.0 369.0 0.18875556154779558
51 39 49 0.0 0.0 169.0 0.0 3453.0 15.0 99.0 0.24964336661911554
51 39 50 0.0 0.0 4.0 0.0 57.0 3.0 0.0 0.6802721088435373
51 39 51 0.0 0.0 0.0 0.0 8.0 0.0 0.0 0.697211155378486
51 39 52 0.0 0.0 0.0 0.0 1.0 0.0 0.0 0.6996501749125437
51 40 29 0.0 0.0 0.0 0.0 12.0 0.0 0.0 0.6961710591745399
51 40 30 0.0 0.0 31.0 0.0 1095.0 8.0 9.0 0.44914982354828353
51 40 31 0.0 0.0 45.0 0.0 911.0 4.0 2.0 0.4745762711864406
51 40 32 0.0 0.0 436.0 0.0 8305.0 26.0 1299.0 0.13049962714392244
51 40 33 0.0 0.0 531.0 0.0 9734.0 21.0 2398.0 0.11423908608731129
51 40 34 0.0 0.0 421.0 0.0 8336.0 27.0 1255.0 0.13032954757028484
51 40 35 0.0 0.0 233.0 0.0 5306.0 23.0 332.0 0.18619497273573613
51 40 36 0.0 0.0 782.0 0.0 11767.0 29.0 5248.0 0.096193486326783
51 40 37 0.0 0.0 330.0 0.0 7308.0 21.0 915.0 0.1455452749766088
51 40 38 0.0 0.0 801.0 0.0 12142.0 23.0 6489.0 0.0936329588014981
51 40 39 0.0 0.0 944.0 0.0 12347.0 24.0 9768.0 0.09151523074911752
51 40 40 0.0 0.0 812.0 0.0 12028.0 27.0 6436.0 0.09437141894169193
51 40 41 0.0 0.0 1132.0 0.0 12977.0 40.0 11929.0 0.08695652173913042
51 40 42 0.0 0.0 1089.0 0.0 12919.0 31.0 10695.0 0.08747266479225241
51 40 43 0.0 0.0 451.0 0.0 8647.0 18.0 1480.0 0.12622847353710215
51 40 44 0.0 0.0 428.0 0.0 8678.0 24.0 1642.0 0.1263081919884518
51 40 45 0.0 0.0 558.0 0.0 10282.0 25.0 3259.0 0.10912775742458491
51 40 46 0.0 0.0 720.0 0.0 11514.0 27.0 4587.0 0.09841827768014058
51 40 47 0.0 0.0 459.0 0.0 8931.0 25.0 1691.0 0.12310939148786491
51 40 48 0.0 0.0 205.0 0.0 4299.0 18.0 196.0 0.21584952204748686
51 40 49 0.0 0.0 203.0 0.0 4263.0 24.0 185.0 0.21722265321955
51 40 50 0.0 0.0 110.0 0.0 2319.0 18.0 35.0 0.3174603174603174
51 40 51 0.0 0.0 0.0 0.0 31.0 0.0 0.0 0.6893156080748399
51 40 52 0.0 0.0 0.0 0.0 4.0 0.0 0.0 0.6986027944111775
51 41 29 0.0 0.0 0.0 0.0 4.0 0.0 0.0 0.6986027944111775
51 41 30 0.0 0.0 1.0 0.0 108.0 0.0 0.0 0.6638217164532954
51 41 31 0.0 0.0 73.0 0.0 2019.0 11.0 32.0 0.3428851334802841
51 41 32 0.0 0.0 595.0 0.0 10555.0 29.0 3645.0 0.10656923194032121
51 41 33 0.0 0.0 422.0 0.0 8820.0 24.0 1618.0 0.12465497284302376
51 41 34 0.0 0.0 96.0 0.0 2605.0 16.0 56.0 0.29876227059325644
51 41 35 0.0 0.0 596.0 0.0 10511.0 28.0 3656.0 0.10692736576796762
51 41 36 0.0 0.0 469.0 0.0 9071.0 21.0 1942.0 0.12144344205412906
51 41 37 0.0 0.0 395.0 0.0 7913.0 25.0 1128.0 0.13612056392805055
51 41 38 0.0 0.0 766.0 0.0 11826.0 26.0 5908.0 0.09594298245614034
51 41 39 0.0 0.0 864.0 0.0 12134.0 27.0 7045.0 0.09340805978115825
51 41 40 0.0 0.0 1019.0 0.0 12796.0 39.0 9733.0 0.0885459490228322
51 41 41 0.0 0.0 486.0 0.0 9350.0 28.0 2048.0 0.11847338580011846
51 41 42 0.0 0.0 771.0 0.0 11764.0 25.0 5698.0 0.09636563876651981
51 41 43 0.0 0.0 735.0 0.0 11454.0 27.0 4938.0 0.0987097229077064
51 41 44 0.0 0.0 359.0 0.0 7081.0 22.0 780.0 0.14858841010401186
51 41 45 0.0 0.0 597.0 0.0 10843.0 16.0 3933.0 0.1041511679809552
51 41 46 0.0 0.0 713.0 0.0 11353.0 34.0 4359.0 0.09965831435079725
51 41 47 0.0 0.0 680.0 0.0 10857.0 32.0 3861.0 0.10354263737889208
51 41 48 0.0 0.0 92.0 0.0 2286.0 16.0 36.0 0.3210272873194221
51 41 49 0.0 0.0 153.0 0.0 2982.0 21.0 61.0 0.2737583105201407
51 41 50 0.0 0.0 0.0 0.0 79.0 0.0 1.0 0.6737247353224253
51 41 51 0.0 0.0 48.0 0.0 1019.0 10.0 9.0 0.4579653254824991
51 41 52 0.0 0.0 6.0 0.0 90.0 2.0 0.0 0.6685768863419292
51 42 29 0.0 0.0 2.0 0.0 4.0 1.0 0.0 0.6982543640897755
51 42 30 0.0 0.0 1.0 0.0 46.0 2.0 0.0 0.6845965770171147
51 42 31 0.0 0.0 1.0 0.0 167.0 2.0 0.0 0.6466512702078521
51 42 32 0.0 0.0 379.0 0.0 7743.0 22.0 928.0 0.1385041551246537
51 42 33 0.0 0.0 752.0 0.0 11511.0 31.0 5890.0 0.09821804405780832
51 42 34 0.0 0.0 434.0 0.0 8824.0 21.0 1874.0 0.12446657183499288
51 42 35 0.0 0.0 568.0 0.0 9985.0 28.0 2588.0 0.1116516468617912
51 42 36 0.0 0.0 629.0 0.0 10804.0 33.0 3902.0 0.10436079016026835
51 42 37 0.0 0.0 799.0 0.0 11859.0 24.0 7161.0 0.09555009555009554
51 42 38 0.0 0.0 819.0 0.0 12132.0 22.0 7089.0 0.09365174928088833
51 42 39 0.0 0.0 668.0 0.0 11156.0 24.0 4308.0 0.10133912414042706
51 42 40 0.0 0.0 1071.0 0.0 12670.0 39.0 11525.0 0.0889905924230867
51 42 41 0.0 0.0 537.0 0.0 9904.0 20.0 2513.0 0.1126126126126126
51 42 42 0.0 0.0 778.0 0.0 11698.0 20.0 7714.0 0.09676527508985346
51 42 43 0.0 0.0 708.0 0.0 11450.0 31.0 4662.0 0.09894692204396069
51 42 44 0.0 0.0 420.0 0.0 8478.0 24.0 1366.0 0.12858192505510652
51 42 45 0.0 0.0 310.0 0.0 7200.0 18.0 993.0 0.1473839351510685
51 42 46 0.0 0.0 236.0 0.0 5670.0 21.0 457.0 0.17748478701825557
51 42 47 0.0 0.0 302.0 0.0 6328.0 26.0 536.0 0.1626772019521264
51 42 48 0.0 0.0 175.0 0.0 3947.0 13.0 172.0 0.22917007693566865
51 42 49 0.0 0.0 172.0 0.0 3925.0 20.0 133.0 0.23037683067302941
51 42 50 0.0 0.0 0.0 0.0 60.0 0.0 0.0 0.6796116504854368
51 42 51 0.0 0.0 2.0 0.0 65.0 0.0 0.0 0.6776379477250725
51 42 52 0.0 0.0 0.0 0.0 16.0 0.0 0.0 0.6944444444444444
51 43 28 0.0 0.0 0.0 0.0 1.0 0.0 0.0 0.6996501749125437
51 43 30 0.0 0.0 0.0 0.0 42.0 0.0 0.0 0.6856023506366307
51 43 31 0.0 0.0 5.0 0.0 298.0 0.0 2.0 0.60790273556231
51 43 32 0.0 0.0 427.0 0.0 8320.0 23.0 1464.0 0.13045098770033542
51 43 33 0.0 0.0 119.0 0.0 2957.0 20.0 81.0 0.276789244760775
51 43 34 0.0 0.0 358.0 0.0 7055.0 24.0 785.0 0.14901543374135176
51 43 35 0.0 0.0 423.0 0.0 8546.0 23.0 1461.0 0.1278188624121245
51 43 36 0.0 0.0 600.0 0.0 10588.0 24.0 3084.0 0.10622154779969649
51 43 37 0.0 0.0 488.0 0.0 9349.0 28.0 1912.0 0.11847338580011846
51 43 38 0.0 0.0 552.0 0.0 9889.0 30.0 2609.0 0.11270326839478344
51 43 39 0.0 0.0 867.0 0.0 12026.0 27.0 6848.0 0.09399758291929634
51 43 40 0.0 0.0 1105.0 0.0 12622.0 37.0 12711.0 0.08901888472054428
51 43 41 0.0 0.0 592.0 0.0 10491.0 24.0 3194.0 0.10712372790573112
51 43 42 0.0 0.0 330.0 0.0 7703.0 22.0 1246.0 0.13979031452820767
51 43 43 0.0 0.0 375.0 0.0 8173.0 23.0 1293.0 0.13295346628679958
51 43 44 0.0 0.0 473.0 0.0 9373.0 30.0 2068.0 0.11838322340605444
51 43 45 0.0 0.0 382.0 0.0 8170.0 23.0 1464.0 0.13292821876186856
51 43 46 0.0 0.0 20.0 0.0 869.0 2.0 5.0 0.48510048510048503
51 43 47 0.0 0.0 79.0 0.0 1948.0 11.0 20.0 0.34877927254608865
51 43 48 0.0 0.0 18.0 0.0 525.0 6.0 2.0 0.5518328734726053
51 43 49 0.0 0.0 51.0 0.0 1123.0 17.0 5.0 0.4434589800443458
51 43 50 0.0 0.0 3.0 0.0 93.0 2.0 0.0 0.6685768863419292
51 43 51 0.0 0.0 113.0 0.0 2104.0 20.0 27.0 0.33349213911386366
51 43 52 0.0 0.0 0.0 0.0 2.0 0.0 0.0 0.6993006993006992
51 44 28 0.0 0.0 0.0 0.0 6.0 0.0 0.0 0.6979062811565303
51 44 29 0.0 0.0 0.0 0.0 1.0 0.0 0.0 0.6996501749125437
51 44 30 0.0 0.0 0.0 0.0 35.0 0.0 0.0 0.6879606879606879
51 44 31 0.0 0.0 327.0 0.0 7005.0 16.0 794.0 0.1502145922746781
51 44 32 0.0 0.0 45.0 0.0 1206.0 9.0 10.0 0.43196544276457877
51 44 33 0.0 0.0 344.0 0.0 7294.0 17.0 912.0 0.14545454545454542
51 44 34 0.0 0.0 609.0 0.0 10608.0 19.0 3408.0 0.10593220338983049
51 44 35 0.0 0.0 392.0 0.0 8075.0 26.0 1231.0 0.1339969372128637
51 44 36 0.0 0.0 487.0 0.0 9146.0 25.0 1700.0 0.12050266827336888
51 44 37 0.0 0.0 340.0 0.0 7497.0 21.0 1080.0 0.1425661914460285
51 44 38 0.0 0.0 580.0 0.0 10248.0 31.0 2943.0 0.10927255697783327
51 44 39 0.0 0.0 840.0 0.0 12174.0 26.0 7423.0 0.09330845107971207
51 44 40 0.0 0.0 622.0 0.0 10823.0 31.0 3740.0 0.10424422933730454
51 44 41 0.0 0.0 333.0 0.0 7413.0 21.0 925.0 0.14384054248433165
51 44 42 0.0 0.0 455.0 0.0 8892.0 23.0 1620.0 0.12353304508956145
51 44 43 0.0 0.0 261.0 0.0 5956.0 12.0 550.0 0.1705237515225335
51 44 44 0.0 0.0 593.0 0.0 10555.0 25.0 3486.0 0.10657734470158342
51 44 45 0.0 0.0 102.0 0.0 2414.0 21.0 44.0 0.31145717463848716
51 44 46 0.0 0.0 24.0 0.0 865.0 5.0 6.0 0.48543689320388345
51 44 47 0.0 0.0 5.0 0.0 230.0 4.0 0.0 0.6275212909009411
51 44 48 0.0 0.0 111.0 0.0 2676.0 10.0 62.0 0.2930709650408206
51 44 49 0.0 0.0 1.0 0.0 66.0 1.0 0.0 0.6776379477250725
51 44 50 0.0 0.0 2.0 0.0 58.0 0.0 0.0 0.6796116504854368
51 44 51 0.0 0.0 0.0 0.0 24.0 0.0 0.0 0.6916996047430829
51 44 52 0.0 0.0 0.0 0.0 4.0 0.0 0.0 0.6986027944111775
51 45 28 0.0 0.0 0.0 0.0 1.0 0.0 0.0 0.6996501749125437
51 45 29 0.0 0.0 0.0 0.0 4.0 0.0 0.0 0.6986027944111775
51 45 30 0.0 0.0 0.0 0.0 17.0 0.0 0.0 0.694100148735746
51 45 31 0.0 0.0 20.0 0.0 477.0 3.0 2.0 0.5613472333600641
51 45 32 0.0 0.0 44.0 0.0 1206.0 10.0 13.0 0.4320987654320987
51 45 33 0.0 0.0 123.0 0.0 2673.0 15.0 38.0 0.2928257686676427
51 45 34 0.0 0.0 422.0 0.0 8006.0 19.0 1049.0 0.13438279900172775
51 45 35 0.0 0.0 498.0 0.0 8949.0 25.0 1644.0 0.12246326102169348
51 45 36 0.0 0.0 462.0 0.0 8872.0 19.0 1770.0 0.12358757062146891
51 45 37 0.0 0.0 536.0 0.0 9740.0 27.0 2359.0 0.1141645600587132
51 45 38 0.0 0.0 225.0 0.0 4986.0 28.0 284.0 0.1949589193705612
51 45 39 0.0 0.0 405.0 0.0 7435.0 24.0 793.0 0.14249363867684475
51 45 40 0.0 0.0 277.0 0.0 6092.0 22.0 497.0 0.16760445348976416
51 45 41 0.0 0.0 80.0 0.0 2262.0 10.0 48.0 0.32325098129762175
51 45 42 0.0 0.0 182.0 0.0 4568.0 26.0 253.0 0.20811654526534856
51 45 43 0.0 0.0 1015.0 0.0 12364.0 34.0 11463.0 0.09106283335501494
51 45 44 0.0 0.0 66.0 0.0 1943.0 11.0 30.0 0.3501750875437718
51 45 45 0.0 0.0 35.0 0.0 933.0 6.0 4.0 0.47265361242403775
51 45 46 0.0 0.0 30.0 0.0 708.0 8.0 4.0 0.5128205128205128
51 45 47 0.0 0.0 8.0 0.0 271.0 2.0 2.0 0.6148440931049626
51 45 48 0.0 0.0 4.0 0.0 68.0 1.0 0.0 0.6760019314340897
51 45 49 0.0 0.0 24.0 0.0 582.0 7.0 1.0 0.5386687187379761
51 45 50 0.0 0.0 1.0 0.0 32.0 0.0 0.0 0.6886374815543531
51 45 51 0.0 0.0 34.0 0.0 794.0 7.0 4.0 0.49627791563275425
51 45 52 0.0 0.0 0.0 0.0 1.0 0.0 0.0 0.6996501749125437
51 46 28 0.0 0.0 0.0 0.0 3.0 0.0 0.0 0.6989515726410384
51 46 29 0.0 0.0 0.0 0.0 3.0 0.0 0.0 0.6989515726410384
51 46 30 0.0 0.0 0.0 0.0 3.0 0.0 0.0 0.6989515726410384
51 46 31 0.0 0.0 0.0 0.0 20.0 0.0 0.0 0.6930693069306929
51 46 32 0.0 0.0 30.0 0.0 987.0 6.0 6.0 0.46496180670873455
51 46 33 0.0 0.0 129.0 0.0 3238.0 11.0 85.0 0.2613890963405526
51 46 34 0.0 0.0 310.0 0.0 7401.0 12.0 1105.0 0.14424067587059547
51 46 35 0.0 0.0 316.0 0.0 6556.0 15.0 626.0 0.15799571154497233
51 46 36 0.0 0.0 268.0 0.0 5928.0 16.0 533.0 0.17108639863130878
51 46 37 0.0 0.0 218.0 0.0 5045.0 18.0 311.0 0.1932100469224399
51 46 38 0.0 0.0 270.0 0.0 5608.0 16.0 358.0 0.17800381436745072
51 46 39 0.0 0.0 27.0 0.0 785.0 1.0 3.0 0.49804340092493765
51 46 40 0.0 0.0 258.0 0.0 5373.0 14.0 362.0 0.18375114844467774
51 46 41 0.0 0.0 164.0 0.0 4050.0 18.0 185.0 0.22577003709079174
51 46 42 0.0 0.0 81.0 0.0 1866.0 10.0 28.0 0.35560071120142234
51 46 43 0.0 0.0 97.0 0.0 2398.0 9.0 63.0 0.31208203299152915
51 46 44 0.0 0.0 1.0 0.0 180.0 2.0 0.0 0.6424965580541532
51 46 45 0.0 0.0 6.0 0.0 149.0 3.0 0.0 0.6505576208178437
51 46 46 0.0 0.0 3.0 0.0 143.0 0.0 0.0 0.6523765144454798
51 46 47 0.0 0.0 40.0 0.0 707.0 6.0 0.0 0.5107624954396205
51 46 48 0.0 0.0 1.0 0.0 47.0 0.0 0.0 0.6835937499999999
51 46 49 0.0 0.0 20.0 0.0 461.0 10.0 0.0 0.5665722379603398
51 46 50 0.0 0.0 0.0 0.0 4.0 0.0 0.0 0.6986027944111775
51 46 51 0.0 0.0 0.0 0.0 3.0 0.0 0.0 0.6989515726410384
51 47 30 0.0 0.0 0.0 0.0 4.0 0.0 0.0 0.6986027944111775
51 47 31 0.0 0.0 0.0 0.0 11.0 0.0 0.0 0.6961710591745399
51 47 32 0.0 0.0 0.0 0.0 20.0 0.0 0.0 0.6930693069306929
51 47 33 0.0 0.0 4.0 0.0 200.0 0.0 0.0 0.6352087114337567
51 47 34 0.0 0.0 12.0 0.0 328.0 4.0 0.0 0.5995717344753746
51 47 35 0.0 0.0 298.0 0.0 6621.0 23.0 685.0 0.157268029656257
51 47 36 0.0 0.0 299.0 0.0 6032.0 21.0 454.0 0.1683501683501683
51 47 37 0.0 0.0 78.0 0.0 1889.0 19.0 20.0 0.35469977197871794
51 47 38 0.0 0.0 293.0 0.0 5577.0 28.0 365.0 0.1784348712719857
51 47 39 0.0 0.0 4.0 0.0 184.0 1.0 0.0 0.6404391582799633
51 47 40 0.0 0.0 62.0 0.0 1061.0 13.0 5.0 0.45001607200257143
51 47 41 0.0 0.0 63.0 0.0 1666.0 13.0 24.0 0.3767491926803013
51 47 42 0.0 0.0 19.0 0.0 335.0 7.0 0.0 0.5965061780997016
51 47 43 0.0 0.0 5.0 0.0 155.0 2.0 0.0 0.6487488415199257
51 47 44 0.0 0.0 3.0 0.0 109.0 2.0 0.0 0.6635071090047392
51 47 45 0.0 0.0 0.0 0.0 25.0 0.0 0.0 0.6913580246913579
51 47 46 0.0 0.0 0.0 0.0 25.0 0.0 0.0 0.6913580246913579
51 47 47 0.0 0.0 26.0 0.0 590.0 7.0 1.0 0.5366040628593329
51 47 48 0.0 0.0 0.0 0.0 10.0 0.0 0.0 0.6965174129353233
51 47 49 0.0 0.0 0.0 0.0 4.0 0.0 0.0 0.6986027944111775
51 48 31 0.0 0.0 15.0 0.0 359.0 3.0 0.0 0.5904681568958244
51 48 32 0.0 0.0 0.0 0.0 1.0 0.0 0.0 0.6996501749125437
51 48 33 0.0 0.0 0.0 0.0 35.0 0.0 0.0 0.6879606879606879
51 48 34 0.0 0.0 44.0 0.0 1005.0 9.0 7.0 0.46052631578947356
51 48 35 0.0 0.0 0.0 0.0 59.0 0.0 0.0 0.6799417192812044
51 48 36 0.0 0.0 2.0 0.0 157.0 1.0 0.0 0.6487488415199257
51 48 37 0.0 0.0 6.0 0.0 191.0 4.0 0.0 0.6386861313868613
51 48 38 0.0 0.0 64.0 0.0 1698.0 9.0 16.0 0.3730349054090061
51 48 39 0.0 0.0 0.0 0.0 33.0 1.0 0.0 0.6889763779527558
51 48 40 0.0 0.0 2.0 0.0 47.0 1.0 0.0 0.6835937499999999
51 48 41 0.0 0.0 2.0 0.0 38.0 1.0 0.0 0.6866110838646394
51 48 42 0.0 0.0 46.0 0.0 1024.0 9.0 6.0 0.4573668735707284
51 48 43 0.0 0.0 5.0 0.0 87.0 1.0 0.0 0.669536107125777
51 48 44 0.0 0.0 1.0 0.0 44.0 1.0 0.0 0.684931506849315
51 48 45 0.0 0.0 2.0 0.0 82.0 2.0 0.0 0.6724303554274734
51 48 46 0.0 0.0 0.0 0.0 23.0 0.0 0.0 0.6920415224913494
51 48 47 0.0 0.0 0.0 0.0 19.0 0.0 0.0 0.6934125804853887
51 49 33 0.0 0.0 0.0 0.0 13.0 0.0 0.0 0.695479384003974
51 49 34 0.0 0.0 0.0 0.0 17.0 0.0 0.0 0.694100148735746
51 49 35 0.0 0.0 0.0 0.0 14.0 0.0 0.0 0.6951340615690167
51 49 36 0.0 0.0 3.0 0.0 90.0 2.0 0.0 0.6698564593301434
51 49 37 0.0 0.0 2.0 0.0 50.0 0.0 0.0 0.6822612085769979
51 49 38 0.0 0.0 0.0 0.0 35.0 0.0 0.0 0.6879606879606879
51 49 39 0.0 0.0 1.0 0.0 85.0 1.0 0.0 0.6714628297362109
51 49 40 0.0 0.0 0.0 0.0 19.0 0.0 0.0 0.6934125804853887
51 49 41 0.0 0.0 0.0 0.0 39.0 0.0 0.0 0.6866110838646394
51 49 42 0.0 0.0 24.0 0.0 430.0 6.0 1.0 0.5718954248366012
51 49 43 0.0 0.0 0.0 0.0 1.0 0.0 0.0 0.6996501749125437
51 49 44 0.0 0.0 0.0 0.0 2.0 0.0 0.0 0.6993006993006992
51 49 45 0.0 0.0 2.0 0.0 67.0 2.0 0.0 0.6773101112723753
51 49 46 0.0 0.0 0.0 0.0 18.0 0.0 0.0 0.6937561942517343
51 49 47 0.0 0.0 0.0 0.0 3.0 0.0 0.0 0.6989515726410384
51 50 36 0.0 0.0 0.0 0.0 3.0 0.0 0.0 0.6989515726410384
51 50 37 0.0 0.0 0.0 0.0 5.0 0.0 0.0 0.6982543640897755
51 50 38 0.0 0.0 0.0 0.0 2.0 0.0 0.0 0.6993006993006992
51 50 40 0.0 0.0 25.0 0.0 476.0 8.0 0.0 0.5615724027276373
51 51 43 0.0 0.0 0.0 0.0 2.0 0.0 0.0 0.6993006993006992
52 30 38 0.0 0.0 0.0 0.0 2.0 0.0 0.0 0.6993006993006992
52 30 42 0.0 0.0 0.0 0.0 1.0 0.0 0.0 0.6996501749125437
52 30 43 0.0 0.0 0.0 0.0 5.0 0.0 0.0 0.6986027944111775
52 31 34 0.0 0.0 0.0 0.0 2.0 0.0 0.0 0.6993006993006992
52 31 36 0.0 0.0 0.0 0.0 18.0 0.0 0.0 0.6937561942517343
52 31 37 0.0 0.0 17.0 0.0 530.0 3.0 0.0 0.5503144654088049
52 31 38 0.0 0.0 3.0 0.0 172.0 0.0 1.0 0.6436781609195401
52 31 39 0.0 0.0 62.0 0.0 1312.0 13.0 6.0 0.41654269562630164
52 31 40 0.0 0.0 60.0 0.0 1460.0 12.0 10.0 0.3990877993158494
52 31 41 0.0 0.0 0.0 0.0 34.0 0.0 0.0 0.6882989183874139
52 31 43 0.0 0.0 1.0 0.0 67.0 0.0 0.0 0.6769825918762088
52 32 34 0.0 0.0 0.0 0.0 2.0 0.0 0.0 0.6993006993006992
52 32 35 0.0 0.0 0.0 0.0 17.0 0.0 0.0 0.694100148735746
52 32 36 0.0 0.0 1.0 0.0 105.0 1.0 0.0 0.6650831353919239
52 32 37 0.0 0.0 168.0 0.0 3677.0 17.0 115.0 0.24030209406110536
52 32 38 0.0 0.0 501.0 0.0 9170.0 25.0 2052.0 0.12008920912677988
52 32 39 0.0 0.0 91.0 0.0 2418.0 17.0 55.0 0.3118040089086859
52 32 40 0.0 0.0 0.0 0.0 49.0 0.0 0.0 0.6832601268911663
52 32 41 0.0 0.0 0.0 0.0 32.0 0.0 0.0 0.6889763779527558
52 32 42 0.0 0.0 0.0 0.0 8.0 0.0 0.0 0.697211155378486
52 32 43 0.0 0.0 12.0 0.0 192.0 3.0 0.0 0.6360745115856428
52 32 44 0.0 0.0 0.0 0.0 3.0 0.0 0.0 0.6989515726410384
52 32 45 0.0 0.0 0.0 0.0 1.0 0.0 0.0 0.6996501749125437
52 33 32 0.0 0.0 0.0 0.0 1.0 0.0 0.0 0.6996501749125437
52 33 34 0.0 0.0 0.0 0.0 3.0 0.0 0.0 0.6989515726410384
52 33 35 0.0 0.0 14.0 0.0 359.0 4.0 0.0 0.590966652596032
52 33 36 0.0 0.0 14.0 0.0 440.0 2.0 1.0 0.5709624796084828
52 33 37 0.0 0.0 131.0 0.0 3435.0 17.0 88.0 0.25234318673395817
52 33 38 0.0 0.0 332.0 0.0 7099.0 28.0 746.0 0.14871468026343743
52 33 39 0.0 0.0 153.0 0.0 3684.0 16.0 150.0 0.24046719340432837
52 33 40 0.0 0.0 26.0 0.0 672.0 5.0 1.0 0.5198663200891199
52 33 41 0.0 0.0 76.0 0.0 2098.0 15.0 27.0 0.3366193796585717
52 33 42 0.0 0.0 11.0 0.0 195.0 4.0 0.0 0.6357856494096276
52 33 43 0.0 0.0 0.0 0.0 12.0 0.0 0.0 0.6958250497017892
52 33 44 0.0 0.0 0.0 0.0 20.0 0.0 0.0 0.6930693069306929
52 33 45 0.0 0.0 3.0 0.0 61.0 1.0 0.0 0.6786233640329616
52 33 46 0.0 0.0 2.0 0.0 41.0 2.0 0.0 0.6859382655560998
52 33 47 0.0 0.0 0.0 0.0 2.0 0.0 0.0 0.6993006993006992
52 33 48 0.0 0.0 0.0 0.0 1.0 0.0 0.0 0.6996501749125437
52 34 31 0.0 0.0 0.0 0.0 1.0 0.0 0.0 0.6996501749125437
52 34 32 0.0 0.0 0.0 0.0 6.0 0.0 0.0 0.6979062811565303
52 34 33 0.0 0.0 49.0 0.0 1117.0 6.0 9.0 0.4430379746835443
52 34 34 0.0 0.0 0.0 0.0 22.0 0.0 0.0 0.6923837784371908
52 34 35 0.0 0.0 0.0 0.0 58.0 0.0 0.0 0.6802721088435373
52 34 36 0.0 0.0 35.0 0.0 961.0 9.0 1.0 0.4690117252931323
52 34 37 0.0 0.0 408.0 0.0 8012.0 27.0 1088.0 0.1345895020188425
52 34 38 0.0 0.0 540.0 0.0 10037.0 19.0 3055.0 0.11136743298066977
52 34 39 0.0 0.0 152.0 0.0 3421.0 22.0 91.0 0.25225225225225223
52 34 40 0.0 0.0 8.0 0.0 312.0 3.0 1.0 0.6042296072507551
52 34 41 0.0 0.0 11.0 0.0 341.0 7.0 0.0 0.5970149253731343
52 34 42 0.0 0.0 3.0 0.0 57.0 1.0 0.0 0.6799417192812044
52 34 43 0.0 0.0 0.0 0.0 28.0 0.0 0.0 0.690335305719921
52 34 44 0.0 0.0 53.0 0.0 1563.0 7.0 15.0 0.3879190911609864
52 34 45 0.0 0.0 0.0 0.0 104.0 0.0 0.0 0.6653992395437262
52 34 46 0.0 0.0 35.0 0.0 797.0 9.0 1.0 0.4961020552799432
52 34 47 0.0 0.0 0.0 0.0 40.0 0.0 0.0 0.6862745098039215
52 34 48 0.0 0.0 19.0 0.0 369.0 4.0 1.0 0.587248322147651
52 34 49 0.0 0.0 0.0 0.0 1.0 0.0 0.0 0.6996501749125437
52 35 30 0.0 0.0 0.0 0.0 2.0 0.0 0.0 0.6993006993006992
52 35 31 0.0 0.0 0.0 0.0 1.0 0.0 0.0 0.6996501749125437
52 35 32 0.0 0.0 81.0 0.0 1723.0 6.0 6.0 0.36861506055818843
52 35 33 0.0 0.0 2.0 0.0 89.0 3.0 0.0 0.6704980842911876
52 35 34 0.0 0.0 1.0 0.0 55.0 1.0 0.0 0.6815968841285296
52 35 35 0.0 0.0 20.0 0.0 353.0 9.0 1.0 0.5924672027084215
52 35 36 0.0 0.0 109.0 0.0 2466.0 22.0 37.0 0.3074220465524813
52 35 37 0.0 0.0 278.0 0.0 5871.0 26.0 408.0 0.1722652885443583
52 35 38 0.0 0.0 165.0 0.0 3859.0 19.0 139.0 0.23306142833361077
52 35 39 0.0 0.0 104.0 0.0 2812.0 11.0 68.0 0.2853648593558907
52 35 40 0.0 0.0 44.0 0.0 1289.0 12.0 8.0 0.42155977115326704
52 35 41 0.0 0.0 30.0 0.0 936.0 11.0 5.0 0.47377326565143824
52 35 42 0.0 0.0 2.0 0.0 95.0 0.0 0.0 0.6676204101096804
52 35 43 0.0 0.0 0.0 0.0 75.0 0.0 0.0 0.6746987951807227
52 35 44 0.0 0.0 0.0 0.0 77.0 0.0 0.0 0.6740491092922483
52 35 45 0.0 0.0 34.0 0.0 942.0 8.0 7.0 0.4716981132075471
52 35 46 0.0 0.0 11.0 0.0 251.0 3.0 1.0 0.6197432492253209
52 35 47 0.0 0.0 30.0 0.0 537.0 6.0 0.0 0.5466614603670441
52 35 48 0.0 0.0 0.0 0.0 5.0 0.0 0.0 0.6982543640897755
52 36 30 0.0 0.0 0.0 0.0 18.0 0.0 0.0 0.6937561942517343
52 36 31 0.0 0.0 0.0 0.0 34.0 0.0 0.0 0.6886374815543531
52 36 32 0.0 0.0 93.0 0.0 1728.0 12.0 12.0 0.3676470588235293
52 36 33 0.0 0.0 0.0 0.0 90.0 0.0 0.0 0.6698564593301434
52 36 34 0.0 0.0 25.0 0.0 427.0 9.0 1.0 0.5733005733005732
52 36 35 0.0 0.0 29.0 0.0 721.0 4.0 1.0 0.5098324836125272
52 36 36 0.0 0.0 155.0 0.0 4276.0 18.0 192.0 0.21820448877805482
52 36 37 0.0 0.0 112.0 0.0 3008.0 15.0 80.0 0.2742409402546523
52 36 38 0.0 0.0 100.0 0.0 3049.0 15.0 93.0 0.27279812938425557
52 36 39 0.0 0.0 439.0 0.0 8676.0 26.0 1551.0 0.1261829652996845
52 36 40 0.0 0.0 342.0 0.0 7110.0 24.0 817.0 0.14838367779544248
52 36 41 0.0 0.0 155.0 0.0 3642.0 12.0 124.0 0.2420051858254105
52 36 42 0.0 0.0 142.0 0.0 3006.0 14.0 75.0 0.27253260657971573
52 36 43 0.0 0.0 15.0 0.0 557.0 3.0 1.0 0.544959128065395
52 36 44 0.0 0.0 27.0 0.0 653.0 10.0 0.0 0.5243445692883895
52 36 45 0.0 0.0 90.0 0.0 2394.0 15.0 41.0 0.31326918773774887
52 36 46 0.0 0.0 24.0 0.0 648.0 4.0 2.0 0.5247376311844076
52 36 47 0.0 0.0 1.0 0.0 80.0 0.0 0.0 0.6727534839019701
52 36 48 0.0 0.0 1.0 0.0 50.0 0.0 0.0 0.68259385665529
52 36 49 0.0 0.0 0.0 0.0 3.0 0.0 0.0 0.6989515726410384
52 37 30 0.0 0.0 22.0 0.0 290.0 5.0 0.0 0.6068487212830515
52 37 31 0.0 0.0 37.0 0.0 722.0 8.0 1.0 0.509090909090909
52 37 32 0.0 0.0 59.0 0.0 1775.0 11.0 31.0 0.3661087866108786
52 37 33 0.0 0.0 8.0 0.0 475.0 6.0 5.0 0.5651998385143318
52 37 34 0.0 0.0 15.0 0.0 474.0 2.0 1.0 0.5629272215520706
52 37 35 0.0 0.0 56.0 0.0 1179.0 14.0 7.0 0.43464762496119214
52 37 36 0.0 0.0 223.0 0.0 4656.0 24.0 192.0 0.20417092022750472
52 37 37 0.0 0.0 63.0 0.0 1643.0 8.0 14.0 0.3786854206113064
52 37 38 0.0 0.0 440.0 0.0 8277.0 29.0 1295.0 0.1308411214953271
52 37 39 0.0 0.0 546.0 0.0 9886.0 31.0 2518.0 0.11277589817947477
52 37 40 0.0 0.0 453.0 0.0 9066.0 22.0 1794.0 0.12166507343356216
52 37 41 0.0 0.0 81.0 0.0 1781.0 21.0 19.0 0.3645833333333333
52 37 42 0.0 0.0 183.0 0.0 4424.0 16.0 204.0 0.21237864077669902
52 37 43 0.0 0.0 122.0 0.0 2931.0 16.0 52.0 0.2779432201707365
52 37 44 0.0 0.0 2.0 0.0 94.0 1.0 0.0 0.6682577565632457
52 37 45 0.0 0.0 12.0 0.0 579.0 2.0 1.0 0.5411673753382295
52 37 46 0.0 0.0 67.0 0.0 1559.0 13.0 12.0 0.3874896208137282
52 37 47 0.0 0.0 1.0 0.0 122.0 0.0 0.0 0.6594441827602449
52 37 48 0.0 0.0 118.0 0.0 2457.0 16.0 46.0 0.30695023021267265
52 37 49 0.0 0.0 0.0 0.0 15.0 0.0 0.0 0.694789081885856
52 37 50 0.0 0.0 0.0 0.0 2.0 0.0 0.0 0.6993006993006992
52 38 29 0.0 0.0 0.0 0.0 10.0 0.0 0.0 0.6965174129353233
52 38 30 0.0 0.0 1.0 0.0 48.0 1.0 0.0 0.6835937499999999
52 38 31 0.0 0.0 63.0 0.0 1224.0 11.0 4.0 0.4274809160305343
52 38 32 0.0 0.0 191.0 0.0 3846.0 20.0 135.0 0.232674090078112
52 38 33 0.0 0.0 21.0 0.0 600.0 3.0 5.0 0.53475935828877
52 38 34 0.0 0.0 85.0 0.0 2067.0 10.0 27.0 0.33800096571704485
52 38 35 0.0 0.0 86.0 0.0 2035.0 16.0 28.0 0.3410475030450669
52 38 36 0.0 0.0 347.0 0.0 7686.0 31.0 1068.0 0.13986013986013984
52 38 37 0.0 0.0 82.0 0.0 1884.0 16.0 11.0 0.3544303797468354
52 38 38 0.0 0.0 462.0 0.0 9306.0 27.0 2188.0 0.11914893617021274
52 38 39 0.0 0.0 439.0 0.0 8492.0 23.0 1407.0 0.1282168696767103
52 38 40 0.0 0.0 194.0 0.0 4794.0 20.0 255.0 0.2008608321377331
52 38 41 0.0 0.0 190.0 0.0 4125.0 18.0 165.0 0.2222222222222222
52 38 42 0.0 0.0 24.0 0.0 554.0 9.0 0.0 0.544959128065395
52 38 43 0.0 0.0 75.0 0.0 1773.0 10.0 24.0 0.3647733194372068
52 38 44 0.0 0.0 25.0 0.0 746.0 6.0 3.0 0.5063291139240506
52 38 45 0.0 0.0 91.0 0.0 1984.0 10.0 23.0 0.3444034440344403
52 38 46 0.0 0.0 36.0 0.0 1060.0 7.0 6.0 0.4532211071544188
52 38 47 0.0 0.0 13.0 0.0 550.0 4.0 1.0 0.5470887065259866
52 38 48 0.0 0.0 4.0 0.0 137.0 2.0 0.0 0.6545114539504441
52 38 49 0.0 0.0 22.0 0.0 462.0 6.0 0.0 0.5649717514124293
52 38 50 0.0 0.0 0.0 0.0 2.0 0.0 0.0 0.6993006993006992
52 39 29 0.0 0.0 0.0 0.0 3.0 0.0 0.0 0.6989515726410384
52 39 30 0.0 0.0 0.0 0.0 16.0 0.0 0.0 0.6944444444444444
52 39 31 0.0 0.0 3.0 0.0 121.0 1.0 0.0 0.6594441827602449
52 39 32 0.0 0.0 20.0 0.0 474.0 7.0 1.0 0.5629272215520706
52 39 33 0.0 0.0 32.0 0.0 748.0 3.0 2.0 0.5043227665706052
52 39 34 0.0 0.0 7.0 0.0 358.0 3.0 0.0 0.592718035563082
52 39 35 0.0 0.0 2.0 0.0 161.0 1.0 0.0 0.6475485661424606
52 39 36 0.0 0.0 1.0 0.0 261.0 0.0 0.0 0.6191950464396283
52 39 37 0.0 0.0 4.0 0.0 264.0 3.0 0.0 0.6183745583038868
52 39 38 0.0 0.0 16.0 0.0 602.0 6.0 5.0 0.5363984674329502
52 39 39 0.0 0.0 487.0 0.0 9351.0 22.0 2240.0 0.11840324763193502
52 39 40 0.0 0.0 441.0 0.0 8212.0 20.0 1083.0 0.13155421913174214
52 39 41 0.0 0.0 647.0 0.0 10762.0 25.0 3834.0 0.10446202059394119
52 39 42 0.0 0.0 58.0 0.0 1430.0 9.0 14.0 0.40253018976423227
52 39 43 0.0 0.0 79.0 0.0 1646.0 11.0 12.0 0.37695207323640273
52 39 44 0.0 0.0 156.0 0.0 3588.0 17.0 97.0 0.24437074533077324
52 39 45 0.0 0.0 102.0 0.0 2322.0 11.0 37.0 0.31710079275198183
52 39 46 0.0 0.0 367.0 0.0 7246.0 26.0 783.0 0.14590932777488275
52 39 47 0.0 0.0 117.0 0.0 2912.0 9.0 74.0 0.2788844621513944
52 39 48 0.0 0.0 6.0 0.0 175.0 2.0 0.0 0.6424965580541532
52 39 49 0.0 0.0 4.0 0.0 86.0 2.0 0.0 0.6704980842911876
52 39 50 0.0 0.0 5.0 0.0 39.0 2.0 0.0 0.6856023506366307
52 40 30 0.0 0.0 4.0 0.0 163.0 1.0 0.0 0.6463527239150507
52 40 31 0.0 0.0 72.0 0.0 1225.0 18.0 7.0 0.42695943885330884
52 40 32 0.0 0.0 26.0 0.0 488.0 6.0 0.0 0.5582137161084528
52 40 33 0.0 0.0 99.0 0.0 2667.0 12.0 57.0 0.2945508100147275
52 40 34 0.0 0.0 17.0 0.0 478.0 0.0 2.0 0.5611222444889779
52 40 35 0.0 0.0 64.0 0.0 1438.0 13.0 9.0 0.40114613180515757
52 40 36 0.0 0.0 21.0 0.0 733.0 6.0 3.0 0.509461426491994
52 40 37 0.0 0.0 98.0 0.0 2064.0 9.0 28.0 0.3370245546461242
52 40 38 0.0 0.0 104.0 0.0 2632.0 12.0 73.0 0.29604567561852396
52 40 39 0.0 0.0 203.0 0.0 4136.0 25.0 152.0 0.22169437846397466
52 40 40 0.0 0.0 64.0 0.0 2058.0 15.0 21.0 0.340881421962503
52 40 41 0.0 0.0 394.0 0.0 8135.0 29.0 1199.0 0.1333079413445058
52 40 42 0.0 0.0 224.0 0.0 5087.0 16.0 295.0 0.19185966835685897
52 40 43 0.0 0.0 85.0 0.0 2169.0 6.0 27.0 0.32956685499058375
52 40 44 0.0 0.0 64.0 0.0 1947.0 14.0 28.0 0.3501750875437718
52 40 45 0.0 0.0 53.0 0.0 1762.0 8.0 15.0 0.3677436301549776
52 40 46 0.0 0.0 123.0 0.0 2737.0 15.0 37.0 0.2889576883384932
52 40 47 0.0 0.0 87.0 0.0 1798.0 11.0 18.0 0.36138358286009287
52 40 48 0.0 0.0 0.0 0.0 57.0 0.0 0.0 0.6806028196402526
52 40 49 0.0 0.0 0.0 0.0 13.0 0.0 0.0 0.695479384003974
52 40 50 0.0 0.0 0.0 0.0 4.0 0.0 0.0 0.6986027944111775
52 40 51 0.0 0.0 0.0 0.0 1.0 0.0 0.0 0.6996501749125437
52 40 52 0.0 0.0 0.0 0.0 3.0 0.0 0.0 0.6989515726410384
52 41 30 0.0 0.0 0.0 0.0 2.0 0.0 0.0 0.6993006993006992
52 41 31 0.0 0.0 10.0 0.0 228.0 2.0 0.0 0.626118067978533
52 41 32 0.0 0.0 25.0 0.0 546.0 5.0 1.0 0.5455962587685113
52 41 33 0.0 0.0 15.0 0.0 441.0 3.0 0.0 0.5709624796084828
52 41 34 0.0 0.0 9.0 0.0 306.0 0.0 0.0 0.6052745352356247
52 41 35 0.0 0.0 11.0 0.0 347.0 0.0 0.0 0.5937234944868531
52 41 36 0.0 0.0 33.0 0.0 822.0 13.0 3.0 0.4926108374384236
52 41 37 0.0 0.0 63.0 0.0 1794.0 12.0 24.0 0.3641092327698309
52 41 38 0.0 0.0 221.0 0.0 5599.0 13.0 455.0 0.1792803175822768
52 41 39 0.0 0.0 264.0 0.0 5508.0 16.0 393.0 0.1804123711340206
52 41 40 0.0 0.0 148.0 0.0 3916.0 15.0 140.0 0.23129026928795637
52 41 41 0.0 0.0 282.0 0.0 6356.0 28.0 544.0 0.162526120269329
52 41 42 0.0 0.0 174.0 0.0 4213.0 18.0 190.0 0.21978021978021975
52 41 43 0.0 0.0 65.0 0.0 1562.0 10.0 18.0 0.3870611003594138
52 41 44 0.0 0.0 287.0 0.0 6180.0 21.0 515.0 0.16568047337278105
52 41 45 0.0 0.0 133.0 0.0 3396.0 21.0 111.0 0.25408348457350266
52 41 46 0.0 0.0 10.0 0.0 429.0 2.0 1.0 0.5747126436781609
52 41 47 0.0 0.0 72.0 0.0 1807.0 15.0 16.0 0.3621314019658561
52 41 48 0.0 0.0 0.0 0.0 68.0 1.0 0.0 0.6773101112723753
52 41 49 0.0 0.0 0.0 0.0 8.0 0.0 0.0 0.697211155378486
52 41 50 0.0 0.0 0.0 0.0 9.0 0.0 0.0 0.6968641114982577
52 42 30 0.0 0.0 0.0 0.0 1.0 0.0 0.0 0.6996501749125437
52 42 31 0.0 0.0 7.0 0.0 182.0 4.0 0.0 0.6407322654462241
52 42 32 0.0 0.0 46.0 0.0 1196.0 7.0 6.0 0.43276661514683146
52 42 33 0.0 0.0 32.0 0.0 734.0 4.0 4.0 0.506879073135409
52 42 34 0.0 0.0 42.0 0.0 841.0 11.0 4.0 0.48746518105849573
52 42 35 0.0 0.0 7.0 0.0 319.0 7.0 1.0 0.6037084950409658
52 42 36 0.0 0.0 135.0 0.0 3402.0 15.0 123.0 0.2535313292285403
52 42 37 0.0 0.0 90.0 0.0 2269.0 9.0 34.0 0.32183908045977005
52 42 38 0.0 0.0 248.0 0.0 5122.0 16.0 275.0 0.19032082653616092
52 42 39 0.0 0.0 205.0 0.0 4900.0 22.0 239.0 0.19762845849802366
52 42 40 0.0 0.0 228.0 0.0 4643.0 21.0 221.0 0.2043199065966141
52 42 41 0.0 0.0 316.0 0.0 7676.0 15.0 1269.0 0.14019627478469854
52 42 42 0.0 0.0 100.0 0.0 2266.0 20.0 37.0 0.32206119162640895
52 42 43 0.0 0.0 151.0 0.0 3517.0 12.0 113.0 0.24739353242622367
52 42 44 0.0 0.0 77.0 0.0 1562.0 13.0 10.0 0.38610038610038605
52 42 45 0.0 0.0 10.0 0.0 262.0 5.0 3.0 0.6175562417291574
52 42 46 0.0 0.0 12.0 0.0 327.0 2.0 0.0 0.5990586221651689
52 42 47 0.0 0.0 77.0 0.0 2231.0 12.0 28.0 0.3258845437616387
52 42 48 0.0 0.0 0.0 0.0 70.0 1.0 0.0 0.6766553890768486
52 42 49 0.0 0.0 0.0 0.0 2.0 0.0 0.0 0.6993006993006992
52 42 52 0.0 0.0 0.0 0.0 1.0 0.0 0.0 0.6996501749125437
52 43 30 0.0 0.0 0.0 0.0 3.0 0.0 0.0 0.6989515726410384
52 43 31 0.0 0.0 1.0 0.0 30.0 0.0 0.0 0.689655172413793
52 43 32 0.0 0.0 27.0 0.0 858.0 6.0 5.0 0.4864489228630993
52 43 33 0.0 0.0 242.0 0.0 5122.0 18.0 316.0 0.1905021091304939
52 43 34 0.0 0.0 19.0 0.0 523.0 3.0 0.0 0.5513981882630956
52 43 35 0.0 0.0 28.0 0.0 742.0 4.0 1.0 0.5061460592913954
52 43 36 0.0 0.0 25.0 0.0 713.0 6.0 1.0 0.5124450951683748
52 43 37 0.0 0.0 177.0 0.0 4109.0 19.0 156.0 0.22335673261008293
52 43 38 0.0 0.0 259.0 0.0 5788.0 17.0 471.0 0.17421602787456442
52 43 39 0.0 0.0 429.0 0.0 8644.0 20.0 1691.0 0.1266166229537849
52 43 40 0.0 0.0 135.0 0.0 3520.0 19.0 124.0 0.24827097003014714
52 43 41 0.0 0.0 322.0 0.0 7522.0 23.0 1061.0 0.14245014245014243
52 43 42 0.0 0.0 150.0 0.0 3153.0 19.0 73.0 0.26485054861899354
52 43 43 0.0 0.0 90.0 0.0 2253.0 22.0 27.0 0.32392410920869963
52 43 44 0.0 0.0 192.0 0.0 4481.0 26.0 197.0 0.2104630186410102
52 43 45 0.0 0.0 0.0 0.0 72.0 0.0 0.0 0.6756756756756755
52 43 46 0.0 0.0 0.0 0.0 24.0 0.0 0.0 0.6916996047430829
52 43 47 0.0 0.0 0.0 0.0 8.0 0.0 0.0 0.697211155378486
52 43 48 0.0 0.0 1.0 0.0 22.0 1.0 0.0 0.6923837784371908
52 43 49 0.0 0.0 0.0 0.0 3.0 0.0 0.0 0.6989515726410384
52 43 50 0.0 0.0 2.0 0.0 14.0 0.0 0.0 0.6944444444444444
52 44 30 0.0 0.0 0.0 0.0 7.0 0.0 0.0 0.6975585450921773
52 44 31 0.0 0.0 9.0 0.0 276.0 4.0 1.0 0.6137658921525645
52 44 32 0.0 0.0 3.0 0.0 76.0 2.0 0.0 0.6740491092922483
52 44 33 0.0 0.0 272.0 0.0 6091.0 19.0 553.0 0.1677249311129747
52 44 34 0.0 0.0 6.0 0.0 144.0 0.0 0.0 0.6511627906976742
52 44 35 0.0 0.0 8.0 0.0 358.0 2.0 2.0 0.5924672027084215
52 44 36 0.0 0.0 17.0 0.0 388.0 4.0 0.0 0.5830903790087463
52 44 37 0.0 0.0 5.0 0.0 235.0 0.0 0.0 0.6249999999999999
52 44 38 0.0 0.0 115.0 0.0 2348.0 14.0 40.0 0.31474820143884885
52 44 39 0.0 0.0 76.0 0.0 2134.0 8.0 40.0 0.33301617507136055
52 44 40 0.0 0.0 384.0 0.0 7915.0 29.0 1081.0 0.13622652525055948
52 44 41 0.0 0.0 21.0 0.0 812.0 3.0 2.0 0.495049504950495
52 44 42 0.0 0.0 92.0 0.0 2580.0 8.0 47.0 0.30010718113612
52 44 43 0.0 0.0 262.0 0.0 5596.0 15.0 356.0 0.17848036715961244
52 44 44 0.0 0.0 10.0 0.0 541.0 0.0 4.0 0.5488043904351234
52 44 45 0.0 0.0 27.0 0.0 695.0 6.0 1.0 0.5154639175257731
52 44 46 0.0 0.0 0.0 0.0 17.0 1.0 0.0 0.6944444444444444
52 44 47 0.0 0.0 0.0 0.0 1.0 0.0 0.0 0.6996501749125437
52 44 48 0.0 0.0 0.0 0.0 1.0 0.0 0.0 0.6996501749125437
52 44 49 0.0 0.0 3.0 0.0 32.0 2.0 0.0 0.6886374815543531
52 44 51 0.0 0.0 0.0 0.0 1.0 0.0 0.0 0.6996501749125437
52 45 30 0.0 0.0 0.0 0.0 5.0 0.0 0.0 0.6982543640897755
52 45 31 0.0 0.0 0.0 0.0 6.0 0.0 0.0 0.6979062811565303
52 45 32 0.0 0.0 0.0 0.0 10.0 0.0 0.0 0.6965174129353233
52 45 33 0.0 0.0 8.0 0.0 209.0 3.0 0.0 0.6323396567299006
52 45 34 0.0 0.0 32.0 0.0 738.0 8.0 1.0 0.506879073135409
52 45 35 0.0 0.0 40.0 0.0 720.0 10.0 2.0 0.5092761004001454
52 45 36 0.0 0.0 77.0 0.0 1674.0 9.0 17.0 0.3739316239316239
52 45 37 0.0 0.0 4.0 0.0 120.0 2.0 0.0 0.6597549481621111
52 45 38 0.0 0.0 10.0 0.0 242.0 0.0 0.0 0.6216696269982237
52 45 39 0.0 0.0 60.0 0.0 1059.0 10.0 2.0 0.45016077170418
52 45 40 0.0 0.0 41.0 0.0 1163.0 8.0 7.0 0.4380475594493116
52 45 41 0.0 0.0 1.0 0.0 194.0 2.0 0.0 0.6383948928408572
52 45 42 0.0 0.0 413.0 0.0 8280.0 18.0 1309.0 0.13106159895150718
52 45 43 0.0 0.0 29.0 0.0 741.0 5.0 2.0 0.5063291139240506
52 45 44 0.0 0.0 53.0 0.0 1012.0 10.0 4.0 0.4582651391162029
52 45 45 0.0 0.0 3.0 0.0 73.0 1.0 0.0 0.6746987951807227
52 46 32 0.0 0.0 0.0 0.0 1.0 0.0 0.0 0.6996501749125437
52 46 33 0.0 0.0 0.0 0.0 22.0 0.0 0.0 0.6923837784371908
52 46 34 0.0 0.0 53.0 0.0 1046.0 9.0 6.0 0.4530744336569579
52 46 35 0.0 0.0 0.0 0.0 73.0 0.0 0.0 0.6753497346840327
52 46 36 0.0 0.0 9.0 0.0 246.0 1.0 1.0 0.6211180124223601
52 46 37 0.0 0.0 0.0 0.0 66.0 1.0 0.0 0.6779661016949151
52 46 38 0.0 0.0 3.0 0.0 38.0 0.0 0.0 0.6859382655560998
52 46 39 0.0 0.0 3.0 0.0 109.0 3.0 0.0 0.6638217164532954
52 46 40 0.0 0.0 1.0 0.0 12.0 0.0 0.0 0.695479384003974
52 46 41 0.0 0.0 2.0 0.0 192.0 2.0 0.0 0.6386861313868613
52 46 42 0.0 0.0 216.0 0.0 5446.0 18.0 370.0 0.18305439330543927
52 46 43 0.0 0.0 29.0 0.0 853.0 5.0 8.0 0.48661800486617995
52 46 44 0.0 0.0 39.0 0.0 1121.0 4.0 6.0 0.4435994930291508
52 46 45 0.0 0.0 0.0 0.0 1.0 0.0 0.0 0.6996501749125437
52 47 32 0.0 0.0 0.0 0.0 3.0 0.0 0.0 0.6989515726410384
52 47 33 0.0 0.0 0.0 0.0 11.0 0.0 0.0 0.6961710591745399
52 47 34 0.0 0.0 0.0 0.0 15.0 0.0 0.0 0.694789081885856
52 47 35 0.0 0.0 0.0 0.0 25.0 0.0 0.0 0.6913580246913579
52 47 36 0.0 0.0 10.0 0.0 257.0 7.0 0.0 0.6194690265486725
52 47 37 0.0 0.0 0.0 0.0 22.0 0.0 0.0 0.6923837784371908
52 47 38 0.0 0.0 0.0 0.0 10.0 0.0 0.0 0.6965174129353233
52 47 39 0.0 0.0 0.0 0.0 13.0 0.0 0.0 0.6958250497017892
52 47 40 0.0 0.0 0.0 0.0 6.0 0.0 0.0 0.6979062811565303
52 47 41 0.0 0.0 23.0 0.0 453.0 7.0 0.0 0.5670311867152693
52 47 42 0.0 0.0 0.0 0.0 5.0 0.0 0.0 0.6982543640897755
52 47 43 0.0 0.0 0.0 0.0 8.0 0.0 0.0 0.697211155378486
52 47 44 0.0 0.0 0.0 0.0 1.0 0.0 0.0 0.6996501749125437
52 47 48 0.0 0.0 0.0 0.0 1.0 0.0 0.0 0.6996501749125437
52 47 50 0.0 0.0 0.0 0.0 1.0 0.0 0.0 0.6996501749125437
52 48 34 0.0 0.0 0.0 0.0 5.0 0.0 0.0 0.6982543640897755
52 48 35 0.0 0.0 0.0 0.0 13.0 0.0 0.0 0.695479384003974
52 48 36 0.0 0.0 1.0 0.0 26.0 1.0 0.0 0.6913580246913579
52 48 37 0.0 0.0 0.0 0.0 5.0 0.0 0.0 0.6982543640897755
52 48 38 0.0 0.0 0.0 0.0 6.0 0.0 0.0 0.6979062811565303
52 48 39 0.0 0.0 0.0 0.0 6.0 0.0 0.0 0.6979062811565303
52 48 40 0.0 0.0 0.0 0.0 1.0 0.0 0.0 0.6996501749125437
52 48 41 0.0 0.0 0.0 0.0 2.0 0.0 0.0 0.6993006993006992
52 49 35 0.0 0.0 0.0 0.0 1.0 0.0 0.0 0.6996501749125437
52 49 39 0.0 0.0 0.0 0.0 1.0 0.0 0.0 0.6996501749125437
53 31 36 0.0 0.0 0.0 0.0 2.0 0.0 0.0 0.6993006993006992
53 31 37 0.0 0.0 0.0 0.0 20.0 0.0 0.0 0.6930693069306929
53 31 38 0.0 0.0 0.0 0.0 35.0 0.0 0.0 0.6879606879606879
53 31 39 0.0 0.0 2.0 0.0 99.0 2.0 0.0 0.6669842782277274
53 31 40 0.0 0.0 1.0 0.0 15.0 0.0 0.0 0.6944444444444444
53 32 36 0.0 0.0 0.0 0.0 3.0 0.0 0.0 0.6989515726410384
53 32 37 0.0 0.0 1.0 0.0 21.0 1.0 0.0 0.6927263730826323
53 32 38 0.0 0.0 0.0 0.0 20.0 0.0 0.0 0.6930693069306929
53 32 39 0.0 0.0 0.0 0.0 46.0 0.0 0.0 0.6842619745845552
53 32 40 0.0 0.0 0.0 0.0 2.0 0.0 0.0 0.6993006993006992
53 32 42 0.0 0.0 0.0 0.0 1.0 0.0 0.0 0.6996501749125437
53 33 36 0.0 0.0 0.0 0.0 13.0 0.0 0.0 0.695479384003974
53 33 37 0.0 0.0 0.0 0.0 33.0 0.0 0.0 0.6886374815543531
53 33 38 0.0 0.0 17.0 0.0 439.0 6.0 0.0 0.5714285714285713
53 33 39 0.0 0.0 0.0 0.0 43.0 1.0 0.0 0.6856023506366307
53 33 40 0.0 0.0 0.0 0.0 4.0 0.0 0.0 0.6986027944111775
53 33 42 0.0 0.0 0.0 0.0 1.0 0.0 0.0 0.6996501749125437
53 33 43 0.0 0.0 0.0 0.0 1.0 0.0 0.0 0.6996501749125437
53 34 31 0.0 0.0 0.0 0.0 1.0 0.0 0.0 0.6996501749125437
53 34 35 0.0 0.0 0.0 0.0 1.0 0.0 0.0 0.6996501749125437
53 34 36 0.0 0.0 0.0 0.0 20.0 0.0 0.0 0.6930693069306929
53 34 37 0.0 0.0 41.0 0.0 981.0 13.0 3.0 0.46527085410435354
53 34 38 0.0 0.0 22.0 0.0 590.0 9.0 3.0 0.5378409527468304
53 34 39 0.0 0.0 0.0 0.0 30.0 0.0 0.0 0.689655172413793
53 34 40 0.0 0.0 1.0 0.0 7.0 0.0 0.0 0.697211155378486
53 34 42 0.0 0.0 0.0 0.0 1.0 0.0 0.0 0.6996501749125437
53 34 43 0.0 0.0 0.0 0.0 2.0 0.0 0.0 0.6993006993006992
53 34 44 0.0 0.0 0.0 0.0 1.0 0.0 0.0 0.6996501749125437
53 35 32 0.0 0.0 0.0 0.0 3.0 0.0 0.0 0.6989515726410384
53 35 33 0.0 0.0 0.0 0.0 2.0 0.0 0.0 0.6993006993006992
53 35 35 0.0 0.0 4.0 0.0 99.0 1.0 0.0 0.6660323501427211
53 35 36 0.0 0.0 0.0 0.0 17.0 0.0 0.0 0.694100148735746
53 35 37 0.0 0.0 12.0 0.0 333.0 4.0 0.0 0.5980350277659119
53 35 38 0.0 0.0 1.0 0.0 62.0 1.0 0.0 0.6796116504854368
53 35 39 0.0 0.0 0.0 0.0 26.0 0.0 0.0 0.6910167818361302
53 35 40 0.0 0.0 0.0 0.0 21.0 1.0 0.0 0.6930693069306929
53 35 41 0.0 0.0 0.0 0.0 5.0 0.0 0.0 0.6982543640897755
53 35 42 0.0 0.0 0.0 0.0 2.0 0.0 0.0 0.6993006993006992
53 35 44 0.0 0.0 0.0 0.0 4.0 0.0 0.0 0.6986027944111775
53 35 45 0.0 0.0 0.0 0.0 1.0 0.0 0.0 0.6996501749125437
53 36 32 0.0 0.0 0.0 0.0 1.0 0.0 0.0 0.6996501749125437
53 36 34 0.0 0.0 0.0 0.0 1.0 0.0 0.0 0.6996501749125437
53 36 35 0.0 0.0 1.0 0.0 8.0 1.0 0.0 0.697211155378486
53 36 36 0.0 0.0 0.0 0.0 4.0 0.0 0.0 0.6986027944111775
53 36 37 0.0 0.0 0.0 0.0 17.0 0.0 0.0 0.6944444444444444
53 36 38 0.0 0.0 1.0 0.0 61.0 0.0 0.0 0.6789524733268669
53 36 39 0.0 0.0 6.0 0.0 134.0 3.0 0.0 0.6551240056153486
53 36 40 0.0 0.0 4.0 0.0 151.0 2.0 0.0 0.6502554575011611
53 36 41 0.0 0.0 0.0 0.0 28.0 0.0 0.0 0.6906758756783422
53 36 42 0.0 0.0 0.0 0.0 9.0 0.0 0.0 0.6968641114982577
53 36 43 0.0 0.0 0.0 0.0 1.0 0.0 0.0 0.6996501749125437
53 36 44 0.0 0.0 0.0 0.0 2.0 0.0 0.0 0.6993006993006992
53 36 47 0.0 0.0 0.0 0.0 1.0 0.0 0.0 0.6996501749125437
53 36 49 0.0 0.0 0.0 0.0 1.0 0.0 0.0 0.6996501749125437
53 37 30 0.0 0.0 0.0 0.0 2.0 0.0 0.0 0.6993006993006992
53 37 31 0.0 0.0 0.0 0.0 6.0 0.0 0.0 0.6979062811565303
53 37 32 0.0 0.0 0.0 0.0 2.0 0.0 0.0 0.6993006993006992
53 37 33 0.0 0.0 1.0 0.0 11.0 0.0 0.0 0.6958250497017892
53 37 35 0.0 0.0 11.0 0.0 275.0 4.0 0.0 0.6134969325153373
53 37 36 0.0 0.0 13.0 0.0 304.0 3.0 0.0 0.6050129645635263
53 37 37 0.0 0.0 2.0 0.0 54.0 1.0 0.0 0.6812652068126519
53 37 38 0.0 0.0 1.0 0.0 120.0 0.0 0.0 0.66006600660066
53 37 39 0.0 0.0 127.0 0.0 2912.0 14.0 58.0 0.27860696517412936
53 37 40 0.0 0.0 49.0 0.0 1126.0 12.0 8.0 0.4424778761061946
53 37 41 0.0 0.0 2.0 0.0 92.0 0.0 0.0 0.6685768863419292
53 37 42 0.0 0.0 0.0 0.0 4.0 0.0 0.0 0.6986027944111775
53 37 43 0.0 0.0 1.0 0.0 17.0 0.0 0.0 0.6937561942517343
53 37 44 0.0 0.0 0.0 0.0 2.0 0.0 0.0 0.6993006993006992
53 37 45 0.0 0.0 0.0 0.0 1.0 0.0 0.0 0.6996501749125437
53 37 49 0.0 0.0 0.0 0.0 2.0 0.0 0.0 0.6993006993006992
53 38 31 0.0 0.0 0.0 0.0 3.0 0.0 0.0 0.6989515726410384
53 38 32 0.0 0.0 0.0 0.0 2.0 0.0 0.0 0.6993006993006992
53 38 33 0.0 0.0 0.0 0.0 3.0 0.0 0.0 0.6989515726410384
53 38 35 0.0 0.0 2.0 0.0 37.0 1.0 0.0 0.6872852233676975
53 38 36 0.0 0.0 2.0 0.0 52.0 0.0 0.0 0.6815968841285296
53 38 37 0.0 0.0 0.0 0.0 41.0 0.0 0.0 0.6862745098039215
53 38 38 0.0 0.0 21.0 0.0 473.0 7.0 1.0 0.5629272215520706
53 38 39 0.0 0.0 64.0 0.0 1282.0 12.0 12.0 0.4199160167966406
53 38 40 0.0 0.0 3.0 0.0 140.0 2.0 0.0 0.6539000467071461
53 38 41 0.0 0.0 45.0 0.0 884.0 8.0 2.0 0.47928791509756924
53 38 42 0.0 0.0 0.0 0.0 19.0 0.0 0.0 0.6934125804853887
53 38 43 0.0 0.0 0.0 0.0 3.0 0.0 0.0 0.6989515726410384
53 38 44 0.0 0.0 0.0 0.0 4.0 0.0 0.0 0.6986027944111775
53 38 45 0.0 0.0 1.0 0.0 25.0 0.0 0.0 0.6910167818361302
53 38 46 0.0 0.0 3.0 0.0 45.0 1.0 0.0 0.6839276990718123
53 38 47 0.0 0.0 4.0 0.0 50.0 1.0 0.0 0.6819288845591815
53 38 48 0.0 0.0 0.0 0.0 2.0 0.0 0.0 0.6993006993006992
53 39 31 0.0 0.0 0.0 0.0 1.0 0.0 0.0 0.6996501749125437
53 39 32 0.0 0.0 0.0 0.0 1.0 0.0 0.0 0.6996501749125437
53 39 33 0.0 0.0 0.0 0.0 8.0 0.0 0.0 0.697211155378486
53 39 34 0.0 0.0 0.0 0.0 1.0 0.0 0.0 0.6996501749125437
53 39 35 0.0 0.0 0.0 0.0 5.0 0.0 0.0 0.6982543640897755
53 39 36 0.0 0.0 0.0 0.0 7.0 1.0 0.0 0.6979062811565303
53 39 37 0.0 0.0 0.0 0.0 41.0 0.0 0.0 0.6859382655560998
53 39 38 0.0 0.0 50.0 0.0 1016.0 8.0 4.0 0.4578155657292347
53 39 39 0.0 0.0 5.0 0.0 168.0 2.0 0.0 0.64486411791801
53 39 40 0.0 0.0 8.0 0.0 191.0 4.0 0.0 0.6378132118451024
53 39 41 0.0 0.0 0.0 0.0 69.0 0.0 0.0 0.6766553890768486
53 39 42 0.0 0.0 9.0 0.0 289.0 6.0 1.0 0.6108202443280977
53 39 43 0.0 0.0 0.0 0.0 7.0 0.0 0.0 0.6975585450921773
53 39 44 0.0 0.0 0.0 0.0 2.0 0.0 0.0 0.6993006993006992
53 39 45 0.0 0.0 0.0 0.0 23.0 0.0 0.0 0.6920415224913494
53 39 46 0.0 0.0 0.0 0.0 19.0 0.0 0.0 0.6937561942517343
53 39 47 0.0 0.0 21.0 0.0 519.0 9.0 1.0 0.5531410509679968
53 39 48 0.0 0.0 0.0 0.0 1.0 0.0 0.0 0.6996501749125437
53 40 30 0.0 0.0 0.0 0.0 1.0 0.0 0.0 0.6996501749125437
53 40 32 0.0 0.0 0.0 0.0 1.0 0.0 0.0 0.6996501749125437
53 40 34 0.0 0.0 0.0 0.0 7.0 0.0 0.0 0.6975585450921773
53 40 37 0.0 0.0 0.0 0.0 4.0 0.0 0.0 0.6986027944111775
53 40 38 0.0 0.0 0.0 0.0 18.0 0.0 0.0 0.694100148735746
53 40 39 0.0 0.0 1.0 0.0 56.0 0.0 0.0 0.6806028196402526
53 40 40 0.0 0.0 5.0 0.0 216.0 2.0 0.0 0.6309148264984226
53 40 41 0.0 0.0 4.0 0.0 133.0 2.0 0.0 0.6560449859418931
53 40 42 0.0 0.0 312.0 0.0 5802.0 19.0 383.0 0.17290354452266268
53 40 43 0.0 0.0 26.0 0.0 512.0 7.0 3.0 0.5531410509679968
53 40 44 0.0 0.0 0.0 0.0 13.0 0.0 0.0 0.695479384003974
53 40 45 0.0 0.0 6.0 0.0 199.0 2.0 1.0 0.6354970494779845
53 40 46 0.0 0.0 1.0 0.0 28.0 1.0 0.0 0.690335305719921
53 40 47 0.0 0.0 0.0 0.0 10.0 0.0 0.0 0.6965174129353233
53 40 48 0.0 0.0 0.0 0.0 2.0 0.0 0.0 0.6993006993006992
53 41 31 0.0 0.0 0.0 0.0 1.0 0.0 0.0 0.6996501749125437
53 41 32 0.0 0.0 0.0 0.0 1.0 0.0 0.0 0.6996501749125437
53 41 33 0.0 0.0 0.0 0.0 1.0 0.0 0.0 0.6996501749125437
53 41 34 0.0 0.0 0.0 0.0 1.0 0.0 0.0 0.6996501749125437
53 41 36 0.0 0.0 0.0 0.0 10.0 0.0 0.0 0.6965174129353233
53 41 37 0.0 0.0 1.0 0.0 25.0 1.0 0.0 0.6913580246913579
53 41 38 0.0 0.0 8.0 0.0 109.0 1.0 0.0 0.661625708884688
53 41 39 0.0 0.0 8.0 0.0 142.0 2.0 0.0 0.6517690875232773
53 41 40 0.0 0.0 0.0 0.0 24.0 0.0 0.0 0.6916996047430829
53 41 41 0.0 0.0 27.0 0.0 487.0 9.0 0.0 0.558882235528942
53 41 42 0.0 0.0 23.0 0.0 522.0 2.0 0.0 0.5505308690523003
53 41 43 0.0 0.0 0.0 0.0 10.0 0.0 0.0 0.6965174129353233
53 41 44 0.0 0.0 0.0 0.0 10.0 0.0 0.0 0.6965174129353233
53 41 45 0.0 0.0 0.0 0.0 10.0 0.0 0.0 0.6965174129353233
53 41 46 0.0 0.0 0.0 0.0 2.0 0.0 0.0 0.6993006993006992
53 41 47 0.0 0.0 0.0 0.0 2.0 0.0 0.0 0.6993006993006992
53 41 48 0.0 0.0 0.0 0.0 1.0 0.0 0.0 0.6996501749125437
53 42 33 0.0 0.0 0.0 0.0 4.0 0.0 0.0 0.6986027944111775
53 42 34 0.0 0.0 0.0 0.0 4.0 0.0 0.0 0.6986027944111775
53 42 35 0.0 0.0 0.0 0.0 2.0 0.0 0.0 0.6993006993006992
53 42 36 0.0 0.0 0.0 0.0 7.0 0.0 0.0 0.6975585450921773
53 42 37 0.0 0.0 0.0 0.0 12.0 0.0 0.0 0.6958250497017892
53 42 38 0.0 0.0 9.0 0.0 124.0 4.0 0.0 0.6575857209957726
53 42 39 0.0 0.0 6.0 0.0 148.0 2.0 0.0 0.6505576208178437
53 42 40 0.0 0.0 20.0 0.0 362.0 6.0 0.0 0.5892255892255891
53 42 41 0.0 0.0 0.0 0.0 47.0 1.0 0.0 0.6842619745845552
53 42 42 0.0 0.0 1.0 0.0 31.0 0.0 0.0 0.6889763779527558
53 42 43 0.0 0.0 0.0 0.0 4.0 0.0 0.0 0.6986027944111775
53 42 44 0.0 0.0 1.0 0.0 9.0 0.0 0.0 0.6965174129353233
53 42 45 0.0 0.0 0.0 0.0 4.0 0.0 0.0 0.6986027944111775
53 42 48 0.0 0.0 0.0 0.0 1.0 0.0 0.0 0.6996501749125437
53 43 32 0.0 0.0 2.0 0.0 66.0 2.0 0.0 0.6776379477250725
53 43 33 0.0 0.0 0.0 0.0 9.0 1.0 0.0 0.697211155378486
53 43 34 0.0 0.0 0.0 0.0 6.0 0.0 0.0 0.6979062811565303
53 43 35 0.0 0.0 0.0 0.0 1.0 0.0 0.0 0.6996501749125437
53 43 36 0.0 0.0 0.0 0.0 3.0 0.0 0.0 0.6989515726410384
53 43 37 0.0 0.0 8.0 0.0 114.0 2.0 0.0 0.6603773584905659
53 43 38 0.0 0.0 0.0 0.0 45.0 0.0 0.0 0.6845965770171147
53 43 39 0.0 0.0 125.0 0.0 2389.0 14.0 38.0 0.3109038418831889
53 43 40 0.0 0.0 10.0 0.0 231.0 7.0 0.0 0.6266786034019695
53 43 41 0.0 0.0 4.0 0.0 80.0 1.0 0.0 0.6727534839019701
53 43 42 0.0 0.0 8.0 0.0 162.0 2.0 0.0 0.6457564575645756
53 43 43 0.0 0.0 13.0 0.0 161.0 1.0 0.0 0.6442705936493326
53 43 44 0.0 0.0 4.0 0.0 74.0 4.0 0.0 0.6750241080038573
53 43 45 0.0 0.0 0.0 0.0 1.0 0.0 0.0 0.6996501749125437
53 43 47 0.0 0.0 0.0 0.0 1.0 0.0 0.0 0.6996501749125437
53 44 32 0.0 0.0 2.0 0.0 18.0 0.0 0.0 0.6930693069306929
53 44 33 0.0 0.0 1.0 0.0 21.0 1.0 0.0 0.6930693069306929
53 44 34 0.0 0.0 0.0 0.0 6.0 0.0 0.0 0.6979062811565303
53 44 36 0.0 0.0 0.0 0.0 1.0 0.0 0.0 0.6996501749125437
53 44 37 0.0 0.0 0.0 0.0 3.0 0.0 0.0 0.6989515726410384
53 44 38 0.0 0.0 0.0 0.0 19.0 0.0 0.0 0.6934125804853887
53 44 39 0.0 0.0 128.0 0.0 3209.0 14.0 84.0 0.2629601803155522
53 44 40 0.0 0.0 26.0 0.0 487.0 1.0 0.0 0.5573248407643311
53 44 41 0.0 0.0 4.0 0.0 102.0 2.0 0.0 0.6653992395437262
53 44 42 0.0 0.0 0.0 0.0 28.0 0.0 0.0 0.690335305719921
53 44 43 0.0 0.0 0.0 0.0 19.0 0.0 0.0 0.6934125804853887
53 44 44 0.0 0.0 0.0 0.0 8.0 0.0 0.0 0.697211155378486
53 44 45 0.0 0.0 1.0 0.0 9.0 0.0 0.0 0.6965174129353233
53 45 32 0.0 0.0 0.0 0.0 4.0 0.0 0.0 0.6986027944111775
53 45 34 0.0 0.0 0.0 0.0 4.0 0.0 0.0 0.6986027944111775
53 45 35 0.0 0.0 0.0 0.0 1.0 0.0 0.0 0.6996501749125437
53 45 37 0.0 0.0 0.0 0.0 1.0 0.0 0.0 0.6996501749125437
53 45 38 0.0 0.0 0.0 0.0 2.0 0.0 0.0 0.6993006993006992
53 45 39 0.0 0.0 17.0 0.0 219.0 5.0 0.0 0.6275212909009411
53 45 40 0.0 0.0 0.0 0.0 11.0 0.0 0.0 0.6961710591745399
53 45 41 0.0 0.0 0.0 0.0 20.0 0.0 0.0 0.6930693069306929
53 45 42 0.0 0.0 2.0 0.0 63.0 1.0 0.0 0.6782945736434108
53 45 43 0.0 0.0 2.0 0.0 81.0 0.0 0.0 0.6721075372059528
53 45 44 0.0 0.0 0.0 0.0 6.0 0.0 0.0 0.6979062811565303
53 46 41 0.0 0.0 0.0 0.0 12.0 0.0 0.0 0.6958250497017892
53 46 42 0.0 0.0 17.0 0.0 316.0 2.0 0.0 0.6006006006006005
53 46 43 0.0 0.0 2.0 0.0 63.0 2.0 0.0 0.6786233640329616
53 47 41 0.0 0.0 1.0 0.0 9.0 0.0 0.0 0.6965174129353233
53 47 44 0.0 0.0 0.0 0.0 3.0 0.0 0.0 0.6989515726410384
54 30 39 0.0 0.0 0.0 0.0 1.0 0.0 0.0 0.6996501749125437
54 36 38 0.0 0.0 0.0 0.0 1.0 0.0 0.0 0.6996501749125437
54 36 39 0.0 0.0 0.0 0.0 1.0 0.0 0.0 0.6996501749125437
54 37 38 0.0 0.0 19.0 0.0 274.0 4.0 0.0 0.6116207951070335
54 38 38 0.0 0.0 1.0 0.0 6.0 0.0 0.0 0.6975585450921773
54 38 39 0.0 0.0 0.0 0.0 2.0 0.0 0.0 0.6993006993006992
54 38 41 0.0 0.0 0.0 0.0 1.0 0.0 0.0 0.6996501749125437
54 39 40 0.0 0.0 0.0 0.0 3.0 0.0 0.0 0.6989515726410384
54 39 41 0.0 0.0 0.0 0.0 3.0 0.0 0.0 0.6989515726410384
54 39 42 0.0 0.0 0.0 0.0 4.0 0.0 0.0 0.6986027944111775
54 39 43 0.0 0.0 1.0 0.0 10.0 0.0 0.0 0.6961710591745399
54 40 41 0.0 0.0 0.0 0.0 2.0 0.0 0.0 0.6993006993006992
54 40 42 0.0 0.0 1.0 0.0 4.0 0.0 0.0 0.6982543640897755
54 40 43 0.0 0.0 5.0 0.0 27.0 1.0 0.0 0.689655172413793
54 41 41 0.0 0.0 0.0 0.0 5.0 0.0 0.0 0.6982543640897755
54 41 42 0.0 0.0 0.0 0.0 3.0 0.0 0.0 0.6989515726410384
54 41 43 0.0 0.0 0.0 0.0 4.0 0.0 0.0 0.6986027944111775
54 43 38 0.0 0.0 0.0 0.0 1.0 0.0 0.0 0.6996501749125437
54 43 39 0.0 0.0 0.0 0.0 1.0 0.0 0.0 0.6996501749125437
54 43 40 0.0 0.0 0.0 0.0 3.0 0.0 0.0 0.6989515726410384
54 44 39 0.0 0.0 0.0 0.0 4.0 0.0 0.0 0.6986027944111775
54 44 40 0.0 0.0 0.0 0.0 1.0 0.0 0.0 0.6996501749125437
54 45 38 0.0 0.0 0.0 0.0 2.0 0.0 0.0 0.6993006993006992
54 45 39 0.0 0.0 0.0 0.0 2.0 0.0 0.0 0.6993006993006992
