31 39 39 0.0 0.0 0.0 0.0 3.0 0.0 0.0 0.6989515726410384
31 41 40 0.0 0.0 0.0 0.0 1.0 0.0 0.0 0.6996501749125437
31 42 37 0.0 0.0 0.0 0.0 1.0 0.0 0.0 0.6996501749125437
31 42 41 0.0 0.0 0.0 0.0 2.0 0.0 0.0 0.6993006993006992
31 43 39 0.0 0.0 0.0 0.0 2.0 0.0 0.0 0.6993006993006992
31 43 40 0.0 0.0 0.0 0.0 1.0 0.0 0.0 0.6996501749125437
31 44 39 0.0 0.0 0.0 0.0 3.0 0.0 0.0 0.6989515726410384
31 44 40 0.0 0.0 0.0 0.0 1.0 0.0 0.0 0.6996501749125437
31 45 38 0.0 0.0 0.0 0.0 1.0 0.0 0.0 0.6996501749125437
31 45 39 0.0 0.0 0.0 0.0 1.0 0.0 0.0 0.6996501749125437
32 36 36 0.0 0.0 0.0 0.0 1.0 0.0 0.0 0.6996501749125437
32 37 35 0.0 0.0 0.0 0.0 1.0 0.0 0.0 0.6996501749125437
32 37 36 0.0 0.0 0.0 0.0 1.0 0.0 0.0 0.6996501749125437
32 37 37 0.0 0.0 0.0 0.0 3.0 0.0 0.0 0.6989515726410384
32 37 39 0.0 0.0 0.0 0.0 1.0 0.0 0.0 0.6996501749125437
32 37 40 0.0 0.0 0.0 0.0 1.0 0.0 0.0 0.6996501749125437
32 38 36 0.0 0.0 0.0 0.0 8.0 0.0 0.0 0.697211155378486
32 38 37 0.0 0.0 0.0 0.0 9.0 0.0 0.0 0.6968641114982577
32 38 38 0.0 0.0 6.0 0.0 168.0 1.0 0.0 0.6442705936493326
32 38 39 0.0 0.0 1.0 0.0 36.0 0.0 0.0 0.6872852233676975
32 38 40 0.0 0.0 4.0 0.0 51.0 1.0 0.0 0.6815968841285296
32 39 35 0.0 0.0 0.0 0.0 2.0 0.0 0.0 0.6993006993006992
32 39 36 0.0 0.0 0.0 0.0 10.0 0.0 0.0 0.6965174129353233
32 39 37 0.0 0.0 0.0 0.0 33.0 0.0 0.0 0.6886374815543531
32 39 38 0.0 0.0 0.0 0.0 41.0 1.0 0.0 0.6862745098039215
32 39 39 0.0 0.0 0.0 0.0 18.0 0.0 0.0 0.6937561942517343
32 39 40 0.0 0.0 0.0 0.0 6.0 0.0 0.0 0.6979062811565303
32 39 41 0.0 0.0 0.0 0.0 4.0 0.0 0.0 0.6986027944111775
32 39 42 0.0 0.0 0.0 0.0 2.0 0.0 0.0 0.6993006993006992
32 40 35 0.0 0.0 0.0 0.0 4.0 0.0 0.0 0.6986027944111775
32 40 36 0.0 0.0 0.0 0.0 54.0 0.0 0.0 0.6815968841285296
32 40 37 0.0 0.0 13.0 0.0 390.0 5.0 0.0 0.5838198498748957
32 40 38 0.0 0.0 36.0 0.0 980.0 5.0 5.0 0.46496180670873455
32 40 39 0.0 0.0 11.0 0.0 153.0 4.0 0.0 0.6484483557202407
32 40 40 0.0 0.0 0.0 0.0 21.0 0.0 0.0 0.6934125804853887
32 40 41 0.0 0.0 0.0 0.0 10.0 0.0 0.0 0.6965174129353233
32 40 42 0.0 0.0 0.0 0.0 3.0 0.0 0.0 0.6989515726410384
32 41 36 0.0 0.0 7.0 0.0 199.0 4.0 0.0 0.6357856494096276
32 41 37 0.0 0.0 14.0 0.0 502.0 6.0 3.0 0.557991231566361
32 41 38 0.0 0.0 0.0 0.0 81.0 0.0 0.0 0.6727534839019701
32 41 39 0.0 0.0 11.0 0.0 209.0 2.0 0.0 0.6311992786293958
32 41 40 0.0 0.0 16.0 0.0 347.0 5.0 0.0 0.5937234944868531
32 41 41 0.0 0.0 0.0 0.0 17.0 0.0 0.0 0.694100148735746
32 42 36 0.0 0.0 0.0 0.0 4.0 1.0 0.0 0.6989515726410384
32 42 37 0.0 0.0 46.0 0.0 813.0 7.0 1.0 0.4910557699052963
32 42 38 0.0 0.0 14.0 0.0 332.0 5.0 0.0 0.5980350277659119
32 42 39 0.0 0.0 0.0 0.0 172.0 0.0 0.0 0.6445672191528544
32 42 40 0.0 0.0 17.0 0.0 706.0 8.0 2.0 0.5156537753222835
32 42 41 0.0 0.0 10.0 0.0 421.0 1.0 0.0 0.5761316872427983
32 42 42 0.0 0.0 0.0 0.0 11.0 0.0 0.0 0.6961710591745399
32 43 36 0.0 0.0 0.0 0.0 1.0 0.0 0.0 0.6996501749125437
32 43 37 0.0 0.0 2.0 0.0 80.0 2.0 0.0 0.6730769230769229
32 43 38 0.0 0.0 7.0 0.0 223.0 1.0 0.0 0.6280843427545983
32 43 39 0.0 0.0 90.0 0.0 2035.0 14.0 20.0 0.34046692607003887
32 43 40 0.0 0.0 14.0 0.0 443.0 6.0 0.0 0.5711954304365564
32 43 41 0.0 0.0 0.0 0.0 58.0 0.0 0.0 0.6802721088435373
32 43 42 0.0 0.0 1.0 0.0 3.0 0.0 0.0 0.6986027944111775
32 43 43 0.0 0.0 0.0 0.0 1.0 0.0 0.0 0.6996501749125437
32 44 36 0.0 0.0 0.0 0.0 5.0 0.0 0.0 0.6982543640897755
32 44 37 0.0 0.0 0.0 0.0 16.0 0.0 0.0 0.6944444444444444
32 44 38 0.0 0.0 42.0 0.0 936.0 7.0 7.0 0.47122181083810155
32 44 39 0.0 0.0 114.0 0.0 2831.0 13.0 50.0 0.283860502838605
32 44 40 0.0 0.0 9.0 0.0 301.0 3.0 0.0 0.6071118820468342
32 44 41 0.0 0.0 0.0 0.0 41.0 0.0 0.0 0.6859382655560998
32 44 42 0.0 0.0 0.0 0.0 1.0 0.0 0.0 0.6996501749125437
32 45 38 0.0 0.0 0.0 0.0 21.0 0.0 0.0 0.6927263730826323
32 45 39 0.0 0.0 0.0 0.0 23.0 0.0 0.0 0.6920415224913494
32 45 40 0.0 0.0 5.0 0.0 39.0 2.0 0.0 0.6856023506366307
32 45 41 0.0 0.0 0.0 0.0 4.0 0.0 0.0 0.6986027944111775
32 46 39 0.0 0.0 0.0 0.0 1.0 0.0 0.0 0.6996501749125437
32 46 40 0.0 0.0 0.0 0.0 1.0 0.0 0.0 0.6996501749125437
33 35 38 0.0 0.0 0.0 0.0 1.0 0.0 0.0 0.6996501749125437
33 35 39 0.0 0.0 0.0 0.0 3.0 0.0 0.0 0.6989515726410384
33 35 40 0.0 0.0 0.0 0.0 1.0 0.0 0.0 0.6996501749125437
33 35 41 0.0 0.0 0.0 0.0 2.0 0.0 0.0 0.6993006993006992
33 35 42 0.0 0.0 0.0 0.0 1.0 0.0 0.0 0.6996501749125437
33 36 35 0.0 0.0 0.0 0.0 7.0 0.0 0.0 0.6975585450921773
33 36 36 0.0 0.0 6.0 0.0 85.0 2.0 0.0 0.6701771182383915
33 36 37 0.0 0.0 1.0 0.0 34.0 0.0 0.0 0.6879606879606879
33 36 38 0.0 0.0 1.0 0.0 13.0 0.0 0.0 0.6951340615690167
33 36 39 0.0 0.0 1.0 0.0 57.0 0.0 0.0 0.6806028196402526
33 36 40 0.0 0.0 0.0 0.0 10.0 0.0 0.0 0.6965174129353233
33 36 41 0.0 0.0 0.0 0.0 16.0 0.0 0.0 0.6944444444444444
33 36 42 0.0 0.0 0.0 0.0 20.0 0.0 0.0 0.6934125804853887
33 36 43 0.0 0.0 0.0 0.0 12.0 0.0 0.0 0.6958250497017892
33 36 44 0.0 0.0 0.0 0.0 5.0 0.0 0.0 0.6982543640897755
33 37 35 0.0 0.0 0.0 0.0 22.0 0.0 0.0 0.6923837784371908
33 37 36 0.0 0.0 3.0 0.0 68.0 2.0 0.0 0.6766553890768486
33 37 37 0.0 0.0 47.0 0.0 1208.0 8.0 8.0 0.4310344827586206
33 37 38 0.0 0.0 2.0 0.0 68.0 1.0 0.0 0.6773101112723753
33 37 39 0.0 0.0 3.0 0.0 96.0 1.0 0.0 0.6676204101096804
33 37 40 0.0 0.0 0.0 0.0 42.0 0.0 0.0 0.6856023506366307
33 37 41 0.0 0.0 22.0 0.0 330.0 1.0 0.0 0.5954912803062525
33 37 42 0.0 0.0 9.0 0.0 110.0 2.0 0.0 0.6613131790269249
33 37 43 0.0 0.0 0.0 0.0 23.0 0.0 0.0 0.6920415224913494
33 37 44 0.0 0.0 0.0 0.0 8.0 0.0 0.0 0.697211155378486
33 37 45 0.0 0.0 0.0 0.0 3.0 0.0 0.0 0.6989515726410384
33 38 35 0.0 0.0 5.0 0.0 76.0 0.0 0.0 0.6727534839019701
33 38 36 0.0 0.0 127.0 0.0 2720.0 13.0 59.0 0.2897350993377483
33 38 37 0.0 0.0 54.0 0.0 1189.0 10.0 10.0 0.43316831683168305
33 38 38 0.0 0.0 99.0 0.0 2592.0 13.0 47.0 0.29927319367250954
33 38 39 0.0 0.0 90.0 0.0 1965.0 12.0 20.0 0.34636318654131615
33 38 40 0.0 0.0 2.0 0.0 114.0 0.0 0.0 0.661625708884688
33 38 41 0.0 0.0 0.0 0.0 46.0 0.0 0.0 0.6842619745845552
33 38 42 0.0 0.0 0.0 0.0 48.0 0.0 0.0 0.6835937499999999
33 38 43 0.0 0.0 0.0 0.0 39.0 0.0 0.0 0.6866110838646394
33 38 44 0.0 0.0 1.0 0.0 37.0 0.0 0.0 0.6869479882237487
33 38 45 0.0 0.0 0.0 0.0 2.0 0.0 0.0 0.6993006993006992
33 39 35 0.0 0.0 0.0 0.0 58.0 0.0 0.0 0.6802721088435373
33 39 36 0.0 0.0 78.0 0.0 1974.0 10.0 28.0 0.34636318654131615
33 39 37 0.0 0.0 142.0 0.0 3468.0 19.0 107.0 0.2503128911138923
33 39 38 0.0 0.0 256.0 0.0 5674.0 14.0 345.0 0.17676767676767674
33 39 39 0.0 0.0 268.0 0.0 5506.0 18.0 283.0 0.1804123711340206
33 39 40 0.0 0.0 64.0 0.0 1298.0 10.0 4.0 0.41791044776119396
33 39 41 0.0 0.0 40.0 0.0 681.0 9.0 0.0 0.5164146071560309
33 39 42 0.0 0.0 3.0 0.0 95.0 1.0 0.0 0.6676204101096804
33 39 43 0.0 0.0 6.0 0.0 107.0 1.0 0.0 0.6628787878787878
33 39 44 0.0 0.0 2.0 0.0 21.0 0.0 0.0 0.6923837784371908
33 39 45 0.0 0.0 2.0 0.0 14.0 0.0 0.0 0.6944444444444444
33 40 35 0.0 0.0 49.0 0.0 947.0 11.0 4.0 0.4690117252931323
33 40 36 0.0 0.0 27.0 0.0 853.0 8.0 2.0 0.48746518105849573
33 40 37 0.0 0.0 415.0 0.0 8524.0 26.0 1428.0 0.1282168696767103
33 40 38 0.0 0.0 383.0 0.0 7634.0 18.0 846.0 0.13990206855201356
33 40 39 0.0 0.0 48.0 0.0 1570.0 11.0 10.0 0.388134183532021
33 40 40 0.0 0.0 179.0 0.0 4030.0 18.0 142.0 0.22602518566354537
33 40 41 0.0 0.0 113.0 0.0 2663.0 13.0 50.0 0.2939323955490237
33 40 42 0.0 0.0 21.0 0.0 438.0 4.0 1.0 0.5704971475142624
33 40 43 0.0 0.0 0.0 0.0 56.0 0.0 0.0 0.6809338521400777
33 40 44 0.0 0.0 1.0 0.0 12.0 0.0 0.0 0.6958250497017892
33 40 45 0.0 0.0 0.0 0.0 2.0 0.0 0.0 0.6993006993006992
33 40 46 0.0 0.0 0.0 0.0 1.0 0.0 0.0 0.6996501749125437
33 41 35 0.0 0.0 0.0 0.0 2.0 0.0 0.0 0.6993006993006992
33 41 36 0.0 0.0 28.0 0.0 551.0 7.0 1.0 0.5445352003111629
33 41 37 0.0 0.0 96.0 0.0 2525.0 16.0 52.0 0.30408340573414416
33 41 38 0.0 0.0 407.0 0.0 7529.0 17.0 751.0 0.14108636501058147
33 41 39 0.0 0.0 274.0 0.0 5800.0 14.0 389.0 0.1736111111111111
33 41 40 0.0 0.0 49.0 0.0 1374.0 11.0 12.0 0.4103165298944899
33 41 41 0.0 0.0 126.0 0.0 2704.0 18.0 51.0 0.2909997921430056
33 41 42 0.0 0.0 2.0 0.0 91.0 1.0 0.0 0.669536107125777
33 41 43 0.0 0.0 70.0 0.0 1098.0 12.0 2.0 0.4435994930291508
33 41 44 0.0 0.0 10.0 0.0 133.0 2.0 0.0 0.6542056074766354
33 41 45 0.0 0.0 0.0 0.0 2.0 0.0 0.0 0.6993006993006992
33 41 46 0.0 0.0 0.0 0.0 1.0 0.0 0.0 0.6996501749125437
33 42 35 0.0 0.0 0.0 0.0 1.0 0.0 0.0 0.6996501749125437
33 42 36 0.0 0.0 28.0 0.0 515.0 11.0 2.0 0.5529225908372827
33 42 37 0.0 0.0 78.0 0.0 1856.0 14.0 21.0 0.3573251659009698
33 42 38 0.0 0.0 482.0 0.0 9455.0 19.0 2206.0 0.11731188201776435
33 42 39 0.0 0.0 339.0 0.0 7450.0 27.0 830.0 0.1433838590741499
33 42 40 0.0 0.0 313.0 0.0 6553.0 21.0 595.0 0.1581920903954802
33 42 41 0.0 0.0 11.0 0.0 473.0 2.0 1.0 0.56406124093473
33 42 42 0.0 0.0 3.0 0.0 161.0 1.0 0.0 0.6472491909385112
33 42 43 0.0 0.0 1.0 0.0 74.0 0.0 0.0 0.6746987951807227
33 42 44 0.0 0.0 2.0 0.0 53.0 1.0 0.0 0.6815968841285296
33 42 45 0.0 0.0 0.0 0.0 3.0 0.0 0.0 0.6989515726410384
33 43 36 0.0 0.0 0.0 0.0 34.0 0.0 0.0 0.6882989183874139
33 43 37 0.0 0.0 139.0 0.0 3616.0 23.0 116.0 0.24415765608650153
33 43 38 0.0 0.0 236.0 0.0 5904.0 15.0 511.0 0.17224409448818898
33 43 39 0.0 0.0 622.0 0.0 10673.0 28.0 3402.0 0.10541374896468637
33 43 40 0.0 0.0 487.0 0.0 9838.0 21.0 2454.0 0.11369173298684422
33 43 41 0.0 0.0 194.0 0.0 4165.0 13.0 128.0 0.22054190296156267
33 43 42 0.0 0.0 0.0 0.0 108.0 0.0 0.0 0.6641366223908918
33 43 43 0.0 0.0 0.0 0.0 71.0 0.0 0.0 0.6760019314340897
33 43 44 0.0 0.0 30.0 0.0 825.0 6.0 3.0 0.4914004914004913
33 43 45 0.0 0.0 3.0 0.0 19.0 1.0 0.0 0.6927263730826323
33 44 36 0.0 0.0 0.0 0.0 10.0 0.0 0.0 0.6965174129353233
33 44 37 0.0 0.0 0.0 0.0 28.0 0.0 0.0 0.690335305719921
33 44 38 0.0 0.0 15.0 0.0 341.0 5.0 0.0 0.5957446808510637
33 44 39 0.0 0.0 348.0 0.0 7345.0 29.0 934.0 0.14479263626021302
33 44 40 0.0 0.0 2.0 0.0 167.0 1.0 0.0 0.6457564575645756
33 44 41 0.0 0.0 99.0 0.0 2166.0 11.0 23.0 0.3290246768507638
33 44 42 0.0 0.0 1.0 0.0 61.0 0.0 0.0 0.6789524733268669
33 44 43 0.0 0.0 14.0 0.0 243.0 4.0 0.0 0.6213936972924988
33 44 44 0.0 0.0 0.0 0.0 11.0 0.0 0.0 0.6965174129353233
33 45 37 0.0 0.0 0.0 0.0 1.0 0.0 0.0 0.6996501749125437
33 45 38 0.0 0.0 0.0 0.0 22.0 0.0 0.0 0.6923837784371908
33 45 39 0.0 0.0 101.0 0.0 3022.0 17.0 72.0 0.27418723070896983
33 45 40 0.0 0.0 0.0 0.0 30.0 0.0 0.0 0.689655172413793
33 45 41 0.0 0.0 0.0 0.0 11.0 0.0 0.0 0.6961710591745399
33 45 42 0.0 0.0 1.0 0.0 32.0 0.0 0.0 0.6886374815543531
33 45 43 0.0 0.0 0.0 0.0 9.0 0.0 0.0 0.6968641114982577
33 45 44 0.0 0.0 0.0 0.0 8.0 0.0 0.0 0.697211155378486
33 46 38 0.0 0.0 0.0 0.0 3.0 0.0 0.0 0.6989515726410384
33 46 39 0.0 0.0 0.0 0.0 3.0 0.0 0.0 0.6989515726410384
33 46 40 0.0 0.0 0.0 0.0 6.0 0.0 0.0 0.6979062811565303
33 46 41 0.0 0.0 0.0 0.0 2.0 0.0 0.0 0.6993006993006992
33 46 42 0.0 0.0 1.0 0.0 32.0 0.0 0.0 0.6886374815543531
34 34 35 0.0 0.0 0.0 0.0 1.0 0.0 0.0 0.6996501749125437
34 34 36 0.0 0.0 0.0 0.0 6.0 0.0 0.0 0.6979062811565303
34 34 37 0.0 0.0 0.0 0.0 3.0 0.0 0.0 0.6989515726410384
34 34 38 0.0 0.0 0.0 0.0 3.0 0.0 0.0 0.6989515726410384
34 34 39 0.0 0.0 0.0 0.0 5.0 0.0 0.0 0.6982543640897755
34 34 41 0.0 0.0 0.0 0.0 1.0 0.0 0.0 0.6996501749125437
34 34 42 0.0 0.0 0.0 0.0 1.0 0.0 0.0 0.6996501749125437
34 35 35 0.0 0.0 0.0 0.0 3.0 0.0 0.0 0.6989515726410384
34 35 36 0.0 0.0 0.0 0.0 3.0 0.0 0.0 0.6989515726410384
34 35 37 0.0 0.0 0.0 0.0 24.0 0.0 0.0 0.6916996047430829
34 35 38 0.0 0.0 14.0 0.0 319.0 4.0 0.0 0.6011163589523401
34 35 39 0.0 0.0 1.0 0.0 72.0 0.0 0.0 0.6753497346840327
34 35 40 0.0 0.0 30.0 0.0 758.0 10.0 2.0 0.5039596832253418
34 35 41 0.0 0.0 6.0 0.0 127.0 2.0 0.0 0.6572769953051641
34 35 42 0.0 0.0 0.0 0.0 19.0 0.0 0.0 0.6934125804853887
34 35 43 0.0 0.0 1.0 0.0 5.0 1.0 0.0 0.6982543640897755
34 35 45 0.0 0.0 0.0 0.0 2.0 0.0 0.0 0.6993006993006992
34 36 35 0.0 0.0 0.0 0.0 21.0 0.0 0.0 0.6927263730826323
34 36 36 0.0 0.0 0.0 0.0 40.0 0.0 0.0 0.6862745098039215
34 36 37 0.0 0.0 4.0 0.0 156.0 1.0 0.0 0.6487488415199257
34 36 38 0.0 0.0 40.0 0.0 733.0 11.0 3.0 0.506879073135409
34 36 39 0.0 0.0 90.0 0.0 2266.0 16.0 34.0 0.32250633494586495
34 36 40 0.0 0.0 126.0 0.0 3192.0 17.0 72.0 0.26410111299754757
34 36 41 0.0 0.0 94.0 0.0 2290.0 12.0 31.0 0.31999999999999995
34 36 42 0.0 0.0 20.0 0.0 402.0 5.0 2.0 0.5792304509722795
34 36 43 0.0 0.0 12.0 0.0 310.0 1.0 0.0 0.6031882809133993
34 36 44 0.0 0.0 0.0 0.0 26.0 0.0 0.0 0.6910167818361302
34 36 45 0.0 0.0 0.0 0.0 4.0 0.0 0.0 0.6986027944111775
34 37 34 0.0 0.0 0.0 0.0 1.0 0.0 0.0 0.6996501749125437
34 37 35 0.0 0.0 1.0 0.0 46.0 0.0 0.0 0.6839276990718123
34 37 36 0.0 0.0 332.0 0.0 7300.0 21.0 805.0 0.14559068219633942
34 37 37 0.0 0.0 194.0 0.0 4153.0 17.0 160.0 0.2211341020375928
34 37 38 0.0 0.0 248.0 0.0 5955.0 22.0 426.0 0.17114914425427868
34 37 39 0.0 0.0 64.0 0.0 1418.0 17.0 6.0 0.40380732621863275
34 37 40 0.0 0.0 318.0 0.0 6663.0 20.0 595.0 0.15607580824972128
34 37 41 0.0 0.0 83.0 0.0 2304.0 14.0 43.0 0.32014635261833974
34 37 42 0.0 0.0 312.0 0.0 7041.0 20.0 725.0 0.14994109456999036
34 37 43 0.0 0.0 223.0 0.0 5006.0 15.0 242.0 0.1940670917660105
34 37 44 0.0 0.0 126.0 0.0 2711.0 18.0 48.0 0.29051670471052077
34 37 45 0.0 0.0 1.0 0.0 13.0 0.0 0.0 0.6951340615690167
34 38 34 0.0 0.0 1.0 0.0 4.0 0.0 0.0 0.6982543640897755
34 38 35 0.0 0.0 13.0 0.0 298.0 3.0 0.0 0.606585788561525
34 38 36 0.0 0.0 104.0 0.0 2900.0 10.0 74.0 0.2802241793434747
34 38 37 0.0 0.0 172.0 0.0 3411.0 18.0 92.0 0.25161754133716746
34 38 38 0.0 0.0 545.0 0.0 10131.0 23.0 2733.0 0.11048851708625994
34 38 39 0.0 0.0 198.0 0.0 4217.0 18.0 153.0 0.21874999999999997
34 38 40 0.0 0.0 420.0 0.0 8091.0 27.0 1049.0 0.13344771709083975
34 38 41 0.0 0.0 188.0 0.0 4259.0 34.0 171.0 0.21820448877805482
34 38 42 0.0 0.0 234.0 0.0 5533.0 12.0 413.0 0.1804123711340206
34 38 43 0.0 0.0 103.0 0.0 2597.0 21.0 38.0 0.2991452991452991
34 38 44 0.0 0.0 72.0 0.0 2018.0 11.0 25.0 0.3430531732418524
34 38 45 0.0 0.0 0.0 0.0 36.0 0.0 0.0 0.6876227897838899
34 38 46 0.0 0.0 0.0 0.0 2.0 0.0 0.0 0.6993006993006992
34 39 34 0.0 0.0 0.0 0.0 1.0 0.0 0.0 0.6996501749125437
34 39 35 0.0 0.0 5.0 0.0 173.0 1.0 2.0 0.6430868167202571
34 39 36 0.0 0.0 624.0 0.0 11049.0 27.0 3241.0 0.10240655401945724
34 39 37 0.0 0.0 447.0 0.0 9147.0 23.0 1669.0 0.12090854132481213
34 39 38 0.0 0.0 370.0 0.0 8115.0 26.0 1140.0 0.13383041774208965
34 39 39 0.0 0.0 429.0 0.0 9019.0 25.0 1700.0 0.12246326102169348
34 39 40 0.0 0.0 437.0 0.0 8601.0 28.0 1203.0 0.12713403559752995
34 39 41 0.0 0.0 83.0 0.0 2226.0 8.0 40.0 0.32550569634968607
34 39 42 0.0 0.0 242.0 0.0 6181.0 20.0 576.0 0.16658733936220846
34 39 43 0.0 0.0 288.0 0.0 5677.0 25.0 359.0 0.1762558227370011
34 39 44 0.0 0.0 143.0 0.0 3370.0 16.0 87.0 0.2546380502000727
34 39 45 0.0 0.0 57.0 0.0 1206.0 5.0 9.0 0.4297114794352363
34 39 46 0.0 0.0 0.0 0.0 2.0 0.0 0.0 0.6993006993006992
34 40 34 0.0 0.0 0.0 0.0 5.0 0.0 0.0 0.6982543640897755
34 40 35 0.0 0.0 4.0 0.0 137.0 0.0 0.0 0.6539000467071461
34 40 36 0.0 0.0 198.0 0.0 4914.0 13.0 260.0 0.197072072072072
34 40 37 0.0 0.0 598.0 0.0 10729.0 15.0 3408.0 0.10506566604127579
34 40 38 0.0 0.0 1038.0 0.0 13088.0 47.0 11298.0 0.0869619231008137
34 40 39 0.0 0.0 796.0 0.0 12353.0 27.0 6510.0 0.09245195800039621
34 40 40 0.0 0.0 633.0 0.0 11064.0 28.0 3488.0 0.102271897143692
34 40 41 0.0 0.0 469.0 0.0 9382.0 15.0 1738.0 0.11820330969267137
34 40 42 0.0 0.0 469.0 0.0 9062.0 23.0 1453.0 0.12161223071577483
34 40 43 0.0 0.0 234.0 0.0 5144.0 15.0 264.0 0.19006244909041536
34 40 44 0.0 0.0 136.0 0.0 3218.0 24.0 75.0 0.2627627627627627
34 40 45 0.0 0.0 17.0 0.0 467.0 1.0 1.0 0.5638340716874747
34 40 46 0.0 0.0 2.0 0.0 22.0 0.0 0.0 0.6916996047430829
34 41 34 0.0 0.0 0.0 0.0 2.0 0.0 0.0 0.6993006993006992
34 41 35 0.0 0.0 0.0 0.0 32.0 0.0 0.0 0.6889763779527558
34 41 36 0.0 0.0 73.0 0.0 1756.0 16.0 13.0 0.367068694284216
34 41 37 0.0 0.0 291.0 0.0 6142.0 23.0 422.0 0.16636957813428396
34 41 38 0.0 0.0 415.0 0.0 8115.0 28.0 1028.0 0.1332571863696935
34 41 39 0.0 0.0 823.0 0.0 12376.0 26.0 6019.0 0.09213557091148403
34 41 40 0.0 0.0 556.0 0.0 10267.0 24.0 2384.0 0.10926402872083038
34 41 41 0.0 0.0 146.0 0.0 3540.0 15.0 101.0 0.24695713529723054
34 41 42 0.0 0.0 211.0 0.0 5319.0 15.0 309.0 0.18624451243847276
34 41 43 0.0 0.0 266.0 0.0 5903.0 20.0 428.0 0.1716106888943368
34 41 44 0.0 0.0 138.0 0.0 2862.0 18.0 52.0 0.28101164191087913
34 41 45 0.0 0.0 2.0 0.0 287.0 1.0 1.0 0.612691466083151
34 41 46 0.0 0.0 1.0 0.0 42.0 0.0 0.0 0.6852667645619186
34 42 34 0.0 0.0 3.0 0.0 52.0 0.0 0.0 0.6812652068126519
34 42 35 0.0 0.0 10.0 0.0 205.0 4.0 0.0 0.6331976481230212
34 42 36 0.0 0.0 88.0 0.0 2084.0 18.0 26.0 0.3369434416365824
34 42 37 0.0 0.0 390.0 0.0 7762.0 21.0 919.0 0.13809429867824027
34 42 38 0.0 0.0 1019.0 0.0 13047.0 27.0 9865.0 0.08713512167797348
34 42 39 0.0 0.0 888.0 0.0 12538.0 29.0 10130.0 0.09074998379464574
34 42 40 0.0 0.0 545.0 0.0 10010.0 24.0 2241.0 0.11162494020092488
34 42 41 0.0 0.0 281.0 0.0 5977.0 20.0 362.0 0.16988229583788372
34 42 42 0.0 0.0 376.0 0.0 7303.0 26.0 750.0 0.14498757249378624
34 42 43 0.0 0.0 254.0 0.0 5534.0 19.0 348.0 0.18018018018018014
34 42 44 0.0 0.0 138.0 0.0 2964.0 22.0 61.0 0.2753737214791503
34 42 45 0.0 0.0 30.0 0.0 578.0 6.0 1.0 0.5380476556495004
34 42 46 0.0 0.0 1.0 0.0 27.0 1.0 0.0 0.6906758756783422
34 43 35 0.0 0.0 1.0 0.0 21.0 0.0 0.0 0.6923837784371908
34 43 36 0.0 0.0 36.0 0.0 833.0 5.0 2.0 0.4889975550122249
34 43 37 0.0 0.0 379.0 0.0 7766.0 29.0 988.0 0.1382989232440976
34 43 38 0.0 0.0 274.0 0.0 5758.0 24.0 307.0 0.17482517482517482
34 43 39 0.0 0.0 202.0 0.0 5143.0 14.0 252.0 0.19099590723055931
34 43 40 0.0 0.0 337.0 0.0 6850.0 15.0 558.0 0.1526051885764116
34 43 41 0.0 0.0 406.0 0.0 8290.0 33.0 1165.0 0.13119670134008055
34 43 42 0.0 0.0 433.0 0.0 8094.0 22.0 1114.0 0.13315579227696403
34 43 43 0.0 0.0 212.0 0.0 5344.0 15.0 346.0 0.1856271546009016
34 43 44 0.0 0.0 2.0 0.0 134.0 0.0 0.0 0.6554307116104868
34 43 45 0.0 0.0 1.0 0.0 54.0 1.0 0.0 0.6815968841285296
34 43 46 0.0 0.0 2.0 0.0 61.0 0.0 0.0 0.6786233640329616
34 44 35 0.0 0.0 0.0 0.0 1.0 0.0 0.0 0.6996501749125437
34 44 36 0.0 0.0 0.0 0.0 26.0 0.0 0.0 0.6910167818361302
34 44 37 0.0 0.0 3.0 0.0 142.0 1.0 0.0 0.6529850746268656
34 44 38 0.0 0.0 56.0 0.0 1517.0 11.0 10.0 0.3932584269662921
34 44 39 0.0 0.0 62.0 0.0 1706.0 9.0 22.0 0.3724394785847299
34 44 40 0.0 0.0 49.0 0.0 1203.0 10.0 10.0 0.43183220234423186
34 44 41 0.0 0.0 263.0 0.0 5813.0 21.0 440.0 0.17374038222884086
34 44 42 0.0 0.0 45.0 0.0 1338.0 11.0 5.0 0.4153070305547315
34 44 43 0.0 0.0 252.0 0.0 5457.0 25.0 357.0 0.18210197710718
34 44 44 0.0 0.0 7.0 0.0 125.0 2.0 0.0 0.6572769953051641
34 44 45 0.0 0.0 1.0 0.0 36.0 0.0 0.0 0.6872852233676975
34 44 46 0.0 0.0 0.0 0.0 10.0 0.0 0.0 0.6965174129353233
34 45 36 0.0 0.0 1.0 0.0 6.0 0.0 0.0 0.6975585450921773
34 45 37 0.0 0.0 0.0 0.0 19.0 0.0 0.0 0.6934125804853887
34 45 38 0.0 0.0 0.0 0.0 38.0 0.0 0.0 0.6869479882237487
34 45 39 0.0 0.0 1.0 0.0 73.0 1.0 0.0 0.6753497346840327
34 45 40 0.0 0.0 3.0 0.0 143.0 0.0 0.0 0.6526806526806526
34 45 41 0.0 0.0 232.0 0.0 4277.0 31.0 128.0 0.2160827288161753
34 45 42 0.0 0.0 11.0 0.0 234.0 4.0 0.0 0.6249999999999999
34 45 43 0.0 0.0 1.0 0.0 42.0 3.0 0.0 0.6862745098039215
34 45 44 0.0 0.0 0.0 0.0 8.0 0.0 0.0 0.697211155378486
34 45 45 0.0 0.0 0.0 0.0 7.0 0.0 0.0 0.6975585450921773
34 45 46 0.0 0.0 0.0 0.0 2.0 0.0 0.0 0.6993006993006992
34 46 38 0.0 0.0 0.0 0.0 6.0 0.0 0.0 0.6979062811565303
34 46 39 0.0 0.0 0.0 0.0 11.0 0.0 0.0 0.6961710591745399
34 46 40 0.0 0.0 2.0 0.0 19.0 0.0 0.0 0.6927263730826323
34 46 41 0.0 0.0 0.0 0.0 5.0 0.0 0.0 0.6982543640897755
34 46 42 0.0 0.0 0.0 0.0 3.0 0.0 0.0 0.6989515726410384
34 47 38 0.0 0.0 0.0 0.0 1.0 0.0 0.0 0.6996501749125437
34 47 39 0.0 0.0 1.0 0.0 9.0 1.0 0.0 0.6968641114982577
34 47 40 0.0 0.0 1.0 0.0 18.0 0.0 0.0 0.6934125804853887
34 47 43 0.0 0.0 0.0 0.0 1.0 0.0 0.0 0.6996501749125437
35 33 37 0.0 0.0 0.0 0.0 1.0 0.0 0.0 0.6996501749125437
35 33 42 0.0 0.0 0.0 0.0 1.0 0.0 0.0 0.6996501749125437
35 34 35 0.0 0.0 0.0 0.0 1.0 0.0 0.0 0.6996501749125437
35 34 36 0.0 0.0 0.0 0.0 2.0 0.0 0.0 0.6993006993006992
35 34 37 0.0 0.0 57.0 0.0 1099.0 16.0 7.0 0.4458598726114649
35 34 38 0.0 0.0 0.0 0.0 26.0 0.0 0.0 0.6910167818361302
35 34 39 0.0 0.0 6.0 0.0 95.0 5.0 0.0 0.6682577565632457
35 34 40 0.0 0.0 1.0 0.0 45.0 1.0 0.0 0.6845965770171147
35 34 41 0.0 0.0 1.0 0.0 22.0 0.0 0.0 0.6920415224913494
35 34 42 0.0 0.0 1.0 0.0 32.0 0.0 0.0 0.6886374815543531
35 34 43 0.0 0.0 0.0 0.0 5.0 0.0 0.0 0.6982543640897755
35 34 44 0.0 0.0 0.0 0.0 1.0 0.0 0.0 0.6996501749125437
35 35 35 0.0 0.0 3.0 0.0 32.0 0.0 0.0 0.6879606879606879
35 35 36 0.0 0.0 63.0 0.0 1250.0 12.0 9.0 0.4241139048773099
35 35 37 0.0 0.0 130.0 0.0 3288.0 14.0 106.0 0.2589715131335553
35 35 38 0.0 0.0 219.0 0.0 4376.0 14.0 189.0 0.2125721226844822
35 35 39 0.0 0.0 141.0 0.0 3031.0 13.0 55.0 0.2713178294573643
35 35 40 0.0 0.0 70.0 0.0 1633.0 14.0 17.0 0.37960954446854656
35 35 41 0.0 0.0 106.0 0.0 2174.0 15.0 25.0 0.32825322391559203
35 35 42 0.0 0.0 21.0 0.0 487.0 4.0 1.0 0.5591054313099041
35 35 43 0.0 0.0 10.0 0.0 254.0 4.0 0.0 0.6194690265486725
35 35 44 0.0 0.0 0.0 0.0 16.0 0.0 0.0 0.6944444444444444
35 35 45 0.0 0.0 0.0 0.0 1.0 0.0 0.0 0.6996501749125437
35 36 35 0.0 0.0 5.0 0.0 90.0 1.0 0.0 0.6685768863419292
35 36 36 0.0 0.0 91.0 0.0 2289.0 12.0 38.0 0.32036613272311204
35 36 37 0.0 0.0 175.0 0.0 4018.0 19.0 134.0 0.22675736961451246
35 36 38 0.0 0.0 446.0 0.0 8138.0 28.0 1068.0 0.1325381047051027
35 36 39 0.0 0.0 294.0 0.0 6823.0 22.0 675.0 0.1538968890843135
35 36 40 0.0 0.0 700.0 0.0 11548.0 28.0 4749.0 0.09829389875728427
35 36 41 0.0 0.0 282.0 0.0 6462.0 20.0 543.0 0.16042167984416178
35 36 42 0.0 0.0 218.0 0.0 4948.0 14.0 245.0 0.19555803883223913
35 36 43 0.0 0.0 76.0 0.0 1796.0 7.0 20.0 0.3622250970245795
35 36 44 0.0 0.0 139.0 0.0 3327.0 8.0 101.0 0.2564102564102564
35 36 45 0.0 0.0 0.0 0.0 8.0 0.0 0.0 0.697211155378486
35 36 46 0.0 0.0 0.0 0.0 2.0 0.0 0.0 0.6993006993006992
35 37 34 0.0 0.0 0.0 0.0 1.0 0.0 0.0 0.6996501749125437
35 37 35 0.0 0.0 9.0 0.0 219.0 3.0 0.0 0.6292134831460673
35 37 36 0.0 0.0 124.0 0.0 3303.0 23.0 107.0 0.2590194264569843
35 37 37 0.0 0.0 274.0 0.0 5409.0 22.0 283.0 0.1826007564888483
35 37 38 0.0 0.0 581.0 0.0 10686.0 23.0 3330.0 0.10558865676144503
35 37 39 0.0 0.0 505.0 0.0 9716.0 25.0 2045.0 0.11467889908256879
35 37 40 0.0 0.0 505.0 0.0 9621.0 18.0 1887.0 0.115549686365137
35 37 41 0.0 0.0 442.0 0.0 8672.0 23.0 1509.0 0.1260806916426513
35 37 42 0.0 0.0 281.0 0.0 6662.0 16.0 590.0 0.15675736199753665
35 37 43 0.0 0.0 310.0 0.0 6765.0 23.0 686.0 0.1545595054095827
35 37 44 0.0 0.0 3.0 0.0 335.0 1.0 0.0 0.5993150684931505
35 37 45 0.0 0.0 14.0 0.0 394.0 6.0 0.0 0.5828476269775186
35 37 46 0.0 0.0 0.0 0.0 1.0 0.0 0.0 0.6996501749125437
35 38 34 0.0 0.0 0.0 0.0 9.0 0.0 0.0 0.6968641114982577
35 38 35 0.0 0.0 151.0 0.0 3600.0 19.0 94.0 0.2442428471737613
35 38 36 0.0 0.0 226.0 0.0 4934.0 20.0 282.0 0.19591379792891123
35 38 37 0.0 0.0 1040.0 0.0 13191.0 33.0 10267.0 0.08626001232285889
35 38 38 0.0 0.0 572.0 0.0 10606.0 15.0 2697.0 0.10626185958254268
35 38 39 0.0 0.0 532.0 0.0 10090.0 21.0 2346.0 0.11093502377179079
35 38 40 0.0 0.0 664.0 0.0 11372.0 31.0 4223.0 0.0998644696483344
35 38 41 0.0 0.0 757.0 0.0 12115.0 28.0 5685.0 0.09418096199125461
35 38 42 0.0 0.0 751.0 0.0 11815.0 28.0 5509.0 0.09618687736173136
35 38 43 0.0 0.0 620.0 0.0 11038.0 24.0 4015.0 0.1025340559542991
35 38 44 0.0 0.0 177.0 0.0 4385.0 18.0 173.0 0.2139691273116307
35 38 45 0.0 0.0 84.0 0.0 2207.0 11.0 25.0 0.3271792474877307
35 38 46 0.0 0.0 0.0 0.0 15.0 1.0 0.0 0.6951340615690167
35 39 34 0.0 0.0 3.0 0.0 69.0 0.0 0.0 0.6756756756756755
35 39 35 0.0 0.0 50.0 0.0 1088.0 6.0 3.0 0.44699872286079173
35 39 36 0.0 0.0 307.0 0.0 6271.0 22.0 448.0 0.1636087413813252
35 39 37 0.0 0.0 999.0 0.0 13138.0 28.0 7862.0 0.0867894116917736
35 39 38 0.0 0.0 1187.0 0.0 13096.0 36.0 13843.0 0.08602150537634408
35 39 39 0.0 0.0 1061.0 0.0 13381.0 42.0 9391.0 0.08520479581279289
35 39 40 0.0 0.0 948.0 0.0 13000.0 32.0 8888.0 0.08784589320449268
35 39 41 0.0 0.0 772.0 0.0 12089.0 31.0 5316.0 0.09425705244731702
35 39 42 0.0 0.0 789.0 0.0 12277.0 36.0 6297.0 0.09301089556205154
35 39 43 0.0 0.0 726.0 0.0 11880.0 30.0 5267.0 0.09591668950397368
35 39 44 0.0 0.0 408.0 0.0 8908.0 31.0 1790.0 0.12397060125741609
35 39 45 0.0 0.0 95.0 0.0 2425.0 15.0 37.0 0.31076581576026635
35 39 46 0.0 0.0 0.0 0.0 39.0 0.0 0.0 0.6869479882237487
35 40 34 0.0 0.0 0.0 0.0 17.0 0.0 0.0 0.694100148735746
35 40 35 0.0 0.0 51.0 0.0 989.0 10.0 6.0 0.462198745460548
35 40 36 0.0 0.0 131.0 0.0 3628.0 9.0 129.0 0.2433936022253129
35 40 37 0.0 0.0 724.0 0.0 11730.0 33.0 4586.0 0.0969394820661958
35 40 38 0.0 0.0 1102.0 0.0 13004.0 48.0 11602.0 0.08701056556867619
35 40 39 0.0 0.0 1637.0 0.0 12757.0 56.0 24550.0 0.08546486783468651
35 40 40 0.0 0.0 981.0 0.0 13108.0 43.0 8491.0 0.08710259441299073
35 40 41 0.0 0.0 821.0 0.0 12258.0 34.0 5410.0 0.09295531505212136
35 40 42 0.0 0.0 844.0 0.0 12438.0 29.0 7124.0 0.09170105456212746
35 40 43 0.0 0.0 542.0 0.0 10177.0 18.0 2385.0 0.11016682404784388
35 40 44 0.0 0.0 459.0 0.0 9445.0 16.0 2098.0 0.11772620248906826
35 40 45 0.0 0.0 123.0 0.0 3272.0 22.0 80.0 0.2606105733432613
35 40 46 0.0 0.0 0.0 0.0 65.0 0.0 0.0 0.6779661016949151
35 40 47 0.0 0.0 0.0 0.0 1.0 0.0 0.0 0.6996501749125437
35 41 34 0.0 0.0 0.0 0.0 9.0 0.0 0.0 0.6968641114982577
35 41 35 0.0 0.0 172.0 0.0 3844.0 23.0 114.0 0.23360587351910558
35 41 36 0.0 0.0 370.0 0.0 8002.0 23.0 1107.0 0.13512209246211754
35 41 37 0.0 0.0 360.0 0.0 7286.0 28.0 802.0 0.1455301455301455
35 41 38 0.0 0.0 1024.0 0.0 13288.0 30.0 9040.0 0.08584217303329449
35 41 39 0.0 0.0 1500.0 0.0 12903.0 37.0 22323.0 0.08534503779565958
35 41 40 0.0 0.0 899.0 0.0 12896.0 37.0 7646.0 0.08870865543023697
35 41 41 0.0 0.0 925.0 0.0 13087.0 26.0 7487.0 0.08747266479225241
35 41 42 0.0 0.0 754.0 0.0 11922.0 37.0 5283.0 0.0955240174672489
35 41 43 0.0 0.0 555.0 0.0 10592.0 23.0 2907.0 0.10657734470158342
35 41 44 0.0 0.0 970.0 0.0 12691.0 27.0 9200.0 0.08941116362242942
35 41 45 0.0 0.0 353.0 0.0 7333.0 19.0 875.0 0.14465798718743542
35 41 46 0.0 0.0 65.0 0.0 1287.0 10.0 9.0 0.4190362167015863
35 41 47 0.0 0.0 1.0 0.0 51.0 0.0 0.0 0.6822612085769979
35 42 34 0.0 0.0 0.0 0.0 9.0 0.0 0.0 0.6968641114982577
35 42 35 0.0 0.0 119.0 0.0 3073.0 16.0 86.0 0.2705314009661835
35 42 36 0.0 0.0 245.0 0.0 5867.0 17.0 401.0 0.17288219313410716
35 42 37 0.0 0.0 692.0 0.0 11405.0 26.0 3866.0 0.09932600212841432
35 42 38 0.0 0.0 702.0 0.0 11752.0 23.0 4136.0 0.09687910871219983
35 42 39 0.0 0.0 936.0 0.0 12829.0 36.0 9564.0 0.08888888888888888
35 42 40 0.0 0.0 1020.0 0.0 13142.0 45.0 10056.0 0.08671952428146679
35 42 41 0.0 0.0 972.0 0.0 13162.0 29.0 8333.0 0.08681632146843606
35 42 42 0.0 0.0 768.0 0.0 12086.0 25.0 4515.0 0.09423167530457023
35 42 43 0.0 0.0 493.0 0.0 9496.0 18.0 1783.0 0.11689070718877848
35 42 44 0.0 0.0 481.0 0.0 9377.0 32.0 1849.0 0.11834319526627217
35 42 45 0.0 0.0 200.0 0.0 4059.0 28.0 120.0 0.2245028864656831
35 42 46 0.0 0.0 5.0 0.0 139.0 3.0 0.0 0.6539000467071461
35 43 35 0.0 0.0 8.0 0.0 93.0 0.0 0.0 0.6663493574488338
35 43 36 0.0 0.0 111.0 0.0 2533.0 18.0 39.0 0.30263726761781234
35 43 37 0.0 0.0 352.0 0.0 6963.0 23.0 635.0 0.15065102765522434
35 43 38 0.0 0.0 456.0 0.0 9475.0 23.0 1942.0 0.11749895090222408
35 43 39 0.0 0.0 349.0 0.0 7171.0 28.0 672.0 0.1474615546661049
35 43 40 0.0 0.0 757.0 0.0 11882.0 24.0 4768.0 0.09564148107664981
35 43 41 0.0 0.0 778.0 0.0 12261.0 36.0 6442.0 0.09322767530132516
35 43 42 0.0 0.0 906.0 0.0 12682.0 35.0 8856.0 0.0898472596585804
35 43 43 0.0 0.0 502.0 0.0 9567.0 36.0 1915.0 0.11624045167718365
35 43 44 0.0 0.0 389.0 0.0 8000.0 34.0 1092.0 0.13508297954457738
35 43 45 0.0 0.0 212.0 0.0 5018.0 13.0 242.0 0.1939595455804932
35 43 46 0.0 0.0 0.0 0.0 49.0 0.0 0.0 0.6832601268911663
35 44 35 0.0 0.0 0.0 0.0 1.0 0.0 0.0 0.6996501749125437
35 44 36 0.0 0.0 2.0 0.0 196.0 2.0 0.0 0.6375227686703095
35 44 37 0.0 0.0 161.0 0.0 3728.0 16.0 131.0 0.23825731790333557
35 44 38 0.0 0.0 430.0 0.0 8983.0 26.0 1674.0 0.12280701754385963
35 44 39 0.0 0.0 187.0 0.0 4668.0 18.0 199.0 0.20482809070958302
35 44 40 0.0 0.0 358.0 0.0 7745.0 24.0 905.0 0.13873748885145176
35 44 41 0.0 0.0 493.0 0.0 9745.0 21.0 2212.0 0.11448196908986832
35 44 42 0.0 0.0 517.0 0.0 9694.0 18.0 2122.0 0.11467889908256879
35 44 43 0.0 0.0 126.0 0.0 2886.0 15.0 66.0 0.2801120448179271
35 44 44 0.0 0.0 105.0 0.0 2329.0 13.0 34.0 0.31652724395206866
35 44 45 0.0 0.0 241.0 0.0 5260.0 24.0 283.0 0.18719080090921245
35 44 46 0.0 0.0 7.0 0.0 176.0 5.0 0.0 0.6427915518824608
35 45 36 0.0 0.0 0.0 0.0 5.0 0.0 0.0 0.6982543640897755
35 45 37 0.0 0.0 6.0 0.0 273.0 2.0 0.0 0.6148440931049626
35 45 38 0.0 0.0 99.0 0.0 2617.0 8.0 37.0 0.2972399150743099
35 45 39 0.0 0.0 72.0 0.0 1776.0 15.0 30.0 0.36524915210018255
35 45 40 0.0 0.0 74.0 0.0 1803.0 12.0 13.0 0.3622250970245795
35 45 41 0.0 0.0 17.0 0.0 607.0 8.0 1.0 0.5351681957186544
35 45 42 0.0 0.0 92.0 0.0 2437.0 13.0 38.0 0.31000885739592554
35 45 43 0.0 0.0 16.0 0.0 309.0 7.0 0.0 0.6042296072507551
35 45 44 0.0 0.0 14.0 0.0 320.0 6.0 0.0 0.6013745704467354
35 45 45 0.0 0.0 1.0 0.0 43.0 1.0 0.0 0.6852667645619186
35 45 46 0.0 0.0 0.0 0.0 7.0 1.0 0.0 0.6979062811565303
35 46 36 0.0 0.0 0.0 0.0 2.0 0.0 0.0 0.6993006993006992
35 46 37 0.0 0.0 0.0 0.0 6.0 0.0 0.0 0.6979062811565303
35 46 38 0.0 0.0 60.0 0.0 1387.0 13.0 10.0 0.40768782760628997
35 46 39 0.0 0.0 211.0 0.0 5090.0 16.0 306.0 0.19204389574759942
35 46 40 0.0 0.0 3.0 0.0 166.0 1.0 0.0 0.6457564575645756
35 46 41 0.0 0.0 1.0 0.0 138.0 0.0 0.0 0.6545114539504441
35 46 42 0.0 0.0 59.0 0.0 1468.0 16.0 15.0 0.39874679578467664
35 46 43 0.0 0.0 0.0 0.0 8.0 0.0 0.0 0.697211155378486
35 46 44 0.0 0.0 0.0 0.0 2.0 0.0 0.0 0.6993006993006992
35 47 38 0.0 0.0 0.0 0.0 6.0 0.0 0.0 0.6979062811565303
35 47 39 0.0 0.0 0.0 0.0 12.0 0.0 0.0 0.6958250497017892
35 47 40 0.0 0.0 0.0 0.0 5.0 0.0 0.0 0.6982543640897755
35 47 41 0.0 0.0 0.0 0.0 2.0 0.0 0.0 0.6993006993006992
35 47 42 0.0 0.0 0.0 0.0 1.0 0.0 0.0 0.6996501749125437
36 33 36 0.0 0.0 0.0 0.0 1.0 0.0 0.0 0.6996501749125437
36 33 37 0.0 0.0 0.0 0.0 8.0 0.0 0.0 0.697211155378486
36 33 38 0.0 0.0 11.0 0.0 260.0 3.0 0.0 0.6172839506172839
36 33 39 0.0 0.0 0.0 0.0 17.0 0.0 0.0 0.694100148735746
36 33 40 0.0 0.0 0.0 0.0 9.0 0.0 0.0 0.6968641114982577
36 33 41 0.0 0.0 0.0 0.0 5.0 0.0 0.0 0.6982543640897755
36 33 42 0.0 0.0 0.0 0.0 1.0 0.0 0.0 0.6996501749125437
36 34 33 0.0 0.0 0.0 0.0 1.0 0.0 0.0 0.6996501749125437
36 34 35 0.0 0.0 1.0 0.0 6.0 0.0 0.0 0.6975585450921773
36 34 36 0.0 0.0 0.0 0.0 34.0 0.0 0.0 0.6882989183874139
36 34 37 0.0 0.0 28.0 0.0 731.0 5.0 4.0 0.5081669691470053
36 34 38 0.0 0.0 1.0 0.0 114.0 0.0 0.0 0.6619385342789597
36 34 39 0.0 0.0 23.0 0.0 362.0 2.0 1.0 0.5874947545111203
36 34 40 0.0 0.0 12.0 0.0 291.0 2.0 1.0 0.6084311169056931
36 34 41 0.0 0.0 9.0 0.0 210.0 2.0 0.0 0.6314839873703202
36 34 42 0.0 0.0 1.0 0.0 98.0 4.0 0.0 0.6682577565632457
36 34 43 0.0 0.0 36.0 0.0 742.0 7.0 0.0 0.5052327679538072
36 34 44 0.0 0.0 0.0 0.0 15.0 0.0 0.0 0.694789081885856
36 35 33 0.0 0.0 0.0 0.0 1.0 0.0 0.0 0.6996501749125437
36 35 34 0.0 0.0 0.0 0.0 2.0 0.0 0.0 0.6993006993006992
36 35 35 0.0 0.0 0.0 0.0 42.0 0.0 0.0 0.6859382655560998
36 35 36 0.0 0.0 142.0 0.0 2903.0 22.0 62.0 0.27877339705296694
36 35 37 0.0 0.0 111.0 0.0 3353.0 21.0 120.0 0.25716385011021303
36 35 38 0.0 0.0 403.0 0.0 8330.0 27.0 1329.0 0.13067015120403208
36 35 39 0.0 0.0 135.0 0.0 3232.0 8.0 56.0 0.26134030240806416
36 35 40 0.0 0.0 374.0 0.0 7637.0 19.0 861.0 0.14008405043025812
36 35 41 0.0 0.0 131.0 0.0 3471.0 12.0 94.0 0.2504920379316515
36 35 42 0.0 0.0 175.0 0.0 3638.0 16.0 100.0 0.2415042263239606
36 35 43 0.0 0.0 239.0 0.0 4864.0 18.0 209.0 0.1974890675694738
36 35 44 0.0 0.0 6.0 0.0 174.0 3.0 0.0 0.6430868167202571
36 35 45 0.0 0.0 0.0 0.0 4.0 0.0 0.0 0.6986027944111775
36 36 32 0.0 0.0 0.0 0.0 2.0 0.0 0.0 0.6993006993006992
36 36 34 0.0 0.0 10.0 0.0 216.0 3.0 0.0 0.6297795771479981
36 36 35 0.0 0.0 7.0 0.0 274.0 0.0 1.0 0.6140350877192982
36 36 36 0.0 0.0 239.0 0.0 5472.0 14.0 382.0 0.1818181818181818
36 36 37 0.0 0.0 1093.0 0.0 13167.0 34.0 11071.0 0.08611674970781817
36 36 38 0.0 0.0 435.0 0.0 9103.0 22.0 1715.0 0.12146451500954362
36 36 39 0.0 0.0 475.0 0.0 9349.0 22.0 1820.0 0.11854360711261641
36 36 40 0.0 0.0 810.0 0.0 12510.0 23.0 5826.0 0.09141364675155075
36 36 41 0.0 0.0 454.0 0.0 9240.0 20.0 1820.0 0.11984249272384863
36 36 42 0.0 0.0 403.0 0.0 8704.0 20.0 1569.0 0.12625123996753537
36 36 43 0.0 0.0 376.0 0.0 7580.0 18.0 875.0 0.1408450704225352
36 36 44 0.0 0.0 105.0 0.0 2597.0 15.0 54.0 0.29876227059325644
36 36 45 0.0 0.0 5.0 0.0 127.0 0.0 0.0 0.6566604127579737
36 36 46 0.0 0.0 0.0 0.0 4.0 0.0 0.0 0.6986027944111775
36 37 32 0.0 0.0 0.0 0.0 2.0 0.0 0.0 0.6993006993006992
36 37 34 0.0 0.0 28.0 0.0 569.0 6.0 0.0 0.5403319181783095
36 37 35 0.0 0.0 37.0 0.0 1080.0 7.0 9.0 0.45016077170418
36 37 36 0.0 0.0 334.0 0.0 7402.0 24.0 902.0 0.14401810513321675
36 37 37 0.0 0.0 946.0 0.0 12951.0 31.0 8563.0 0.08809463881198086
36 37 38 0.0 0.0 793.0 0.0 12295.0 27.0 6294.0 0.09285051067780872
36 37 39 0.0 0.0 1408.0 0.0 13448.0 37.0 17021.0 0.0830072334874896
36 37 40 0.0 0.0 1397.0 0.0 13560.0 36.0 16640.0 0.08256664307619721
36 37 41 0.0 0.0 1270.0 0.0 13217.0 36.0 15927.0 0.0849463018020751
36 37 42 0.0 0.0 486.0 0.0 9966.0 16.0 2672.0 0.11249497790277219
36 37 43 0.0 0.0 435.0 0.0 8719.0 24.0 1339.0 0.12562814070351758
36 37 44 0.0 0.0 233.0 0.0 5052.0 18.0 218.0 0.19259870683725405
36 37 45 0.0 0.0 68.0 0.0 2096.0 10.0 27.0 0.3369434416365824
36 37 46 0.0 0.0 0.0 0.0 9.0 0.0 0.0 0.6968641114982577
36 38 32 0.0 0.0 0.0 0.0 2.0 0.0 0.0 0.6993006993006992
36 38 33 0.0 0.0 0.0 0.0 12.0 0.0 0.0 0.6958250497017892
36 38 34 0.0 0.0 3.0 0.0 103.0 0.0 0.0 0.6650831353919239
36 38 35 0.0 0.0 75.0 0.0 1870.0 10.0 29.0 0.3559623696923468
36 38 36 0.0 0.0 728.0 0.0 11893.0 28.0 4976.0 0.09575268449490458
36 38 37 0.0 0.0 561.0 0.0 10384.0 35.0 2619.0 0.10832559579077684
36 38 38 0.0 0.0 1159.0 0.0 13497.0 38.0 12736.0 0.08409418548774626
36 38 39 0.0 0.0 1403.0 0.0 13630.0 38.0 17360.0 0.08222235273389321
36 38 40 0.0 0.0 1618.0 0.0 13496.0 46.0 22222.0 0.08181393174380551
36 38 41 0.0 0.0 1324.0 0.0 13705.0 37.0 13908.0 0.08225133658421949
36 38 42 0.0 0.0 1099.0 0.0 13342.0 31.0 10958.0 0.08518405841192576
36 38 43 0.0 0.0 506.0 0.0 10004.0 30.0 2471.0 0.11216151257811248
36 38 44 0.0 0.0 528.0 0.0 10512.0 25.0 3545.0 0.1074443591711435
36 38 45 0.0 0.0 127.0 0.0 2861.0 13.0 54.0 0.2814070351758794
36 38 46 0.0 0.0 20.0 0.0 549.0 4.0 0.0 0.5460218408736348
36 38 47 0.0 0.0 0.0 0.0 7.0 0.0 0.0 0.6975585450921773
36 39 33 0.0 0.0 0.0 0.0 3.0 0.0 0.0 0.6989515726410384
36 39 34 0.0 0.0 57.0 0.0 1042.0 13.0 4.0 0.45366169799092676
36 39 35 0.0 0.0 163.0 0.0 4218.0 12.0 164.0 0.2196078431372549
36 39 36 0.0 0.0 440.0 0.0 8794.0 24.0 1404.0 0.12483281319661164
36 39 37 0.0 0.0 1102.0 0.0 13353.0 30.0 11013.0 0.08510120965290863
36 39 38 0.0 0.0 1665.0 0.0 13014.0 48.0 25168.0 0.08393788596438635
36 39 39 0.0 0.0 1866.0 0.0 13497.0 46.0 26293.0 0.08061729816883566
36 39 40 0.0 0.0 1659.0 0.0 13747.0 42.0 20807.0 0.0803627805522071
36 39 41 0.0 0.0 1458.0 0.0 14347.0 28.0 14068.0 0.0786075238629983
36 39 42 0.0 0.0 1934.0 0.0 12817.0 45.0 29509.0 0.08351727017836902
36 39 43 0.0 0.0 1017.0 0.0 13339.0 38.0 10051.0 0.08566882878472645
36 39 44 0.0 0.0 681.0 0.0 11575.0 31.0 4850.0 0.09829389875728427
36 39 45 0.0 0.0 360.0 0.0 8153.0 24.0 1227.0 0.1333333333333333
36 39 46 0.0 0.0 28.0 0.0 551.0 9.0 0.0 0.5447470817120622
36 39 47 0.0 0.0 0.0 0.0 5.0 0.0 0.0 0.6982543640897755
36 40 33 0.0 0.0 0.0 0.0 5.0 0.0 0.0 0.6982543640897755
36 40 34 0.0 0.0 0.0 0.0 83.0 0.0 0.0 0.6721075372059528
36 40 35 0.0 0.0 230.0 0.0 5076.0 17.0 280.0 0.19204389574759942
36 40 36 0.0 0.0 403.0 0.0 8053.0 15.0 1105.0 0.13398411331227866
36 40 37 0.0 0.0 936.0 0.0 12911.0 40.0 8328.0 0.08850676444556832
36 40 38 0.0 0.0 1613.0 0.0 13520.0 46.0 21860.0 0.08175659892548469
36 40 39 0.0 0.0 2063.0 0.0 12139.0 41.0 35660.0 0.08629191321499012
36 40 40 0.0 0.0 1842.0 0.0 13440.0 44.0 25400.0 0.08099039685294457
36 40 41 0.0 0.0 1464.0 0.0 13809.0 39.0 17336.0 0.08110300081103
36 40 42 0.0 0.0 1195.0 0.0 13780.0 32.0 11423.0 0.0824742268041237
36 40 43 0.0 0.0 1518.0 0.0 13448.0 52.0 19813.0 0.08258125405532943
36 40 44 0.0 0.0 728.0 0.0 11834.0 27.0 4800.0 0.09617366215566393
36 40 45 0.0 0.0 349.0 0.0 7815.0 18.0 1180.0 0.1379310344827586
36 40 46 0.0 0.0 49.0 0.0 1331.0 13.0 6.0 0.41543026706231445
36 40 47 0.0 0.0 0.0 0.0 7.0 0.0 0.0 0.6975585450921773
36 40 48 0.0 0.0 0.0 0.0 1.0 0.0 0.0 0.6996501749125437
36 41 33 0.0 0.0 0.0 0.0 11.0 0.0 0.0 0.6961710591745399
36 41 34 0.0 0.0 1.0 0.0 69.0 0.0 0.0 0.6763285024154588
36 41 35 0.0 0.0 93.0 0.0 2604.0 9.0 49.0 0.29857112390701634
36 41 36 0.0 0.0 578.0 0.0 10851.0 30.0 3169.0 0.10439191708299157
36 41 37 0.0 0.0 857.0 0.0 12585.0 33.0 7997.0 0.0907205806117159
36 41 38 0.0 0.0 1599.0 0.0 13186.0 48.0 22480.0 0.08340780458742923
36 41 39 0.0 0.0 1827.0 0.0 12861.0 64.0 27951.0 0.08401848406649462
36 41 40 0.0 0.0 1656.0 0.0 13865.0 40.0 19899.0 0.0798630918425556
36 41 41 0.0 0.0 2119.0 0.0 12512.0 42.0 34053.0 0.0841194496184582
36 41 42 0.0 0.0 2027.0 0.0 12587.0 42.0 32603.0 0.08417508417508417
36 41 43 0.0 0.0 1281.0 0.0 13668.0 30.0 14838.0 0.08253257088958321
36 41 44 0.0 0.0 587.0 0.0 10736.0 22.0 3218.0 0.1051287827588796
36 41 45 0.0 0.0 492.0 0.0 9366.0 29.0 1975.0 0.11821329055138054
36 41 46 0.0 0.0 131.0 0.0 2820.0 21.0 57.0 0.2838029596594364
36 41 47 0.0 0.0 0.0 0.0 6.0 0.0 0.0 0.6979062811565303
36 42 33 0.0 0.0 0.0 0.0 1.0 0.0 0.0 0.6996501749125437
36 42 34 0.0 0.0 3.0 0.0 77.0 2.0 0.0 0.6737247353224253
36 42 35 0.0 0.0 34.0 0.0 1051.0 5.0 3.0 0.45454545454545453
36 42 36 0.0 0.0 395.0 0.0 8339.0 20.0 1210.0 0.13059701492537312
36 42 37 0.0 0.0 595.0 0.0 10851.0 21.0 3200.0 0.10418992334598495
36 42 38 0.0 0.0 931.0 0.0 12937.0 43.0 6645.0 0.0883336488106505
36 42 39 0.0 0.0 1299.0 0.0 13739.0 33.0 14405.0 0.08216444627032102
36 42 40 0.0 0.0 1377.0 0.0 13610.0 42.0 16056.0 0.08243052284503061
36 42 41 0.0 0.0 1564.0 0.0 13671.0 44.0 19298.0 0.08121120714658622
36 42 42 0.0 0.0 1759.0 0.0 12612.0 36.0 28059.0 0.08546486783468651
36 42 43 0.0 0.0 1253.0 0.0 13539.0 39.0 14060.0 0.08337303477846593
36 42 44 0.0 0.0 701.0 0.0 12008.0 23.0 4867.0 0.09517335146159074
36 42 45 0.0 0.0 270.0 0.0 5847.0 20.0 395.0 0.17283950617283947
36 42 46 0.0 0.0 65.0 0.0 1394.0 12.0 8.0 0.4061502756019727
36 42 47 0.0 0.0 0.0 0.0 10.0 1.0 0.0 0.6968641114982577
36 43 34 0.0 0.0 20.0 0.0 336.0 4.0 0.0 0.5952380952380951
36 43 35 0.0 0.0 33.0 0.0 687.0 11.0 3.0 0.5167958656330748
36 43 36 0.0 0.0 62.0 0.0 1605.0 16.0 10.0 0.3834565872363736
36 43 37 0.0 0.0 580.0 0.0 10035.0 25.0 2228.0 0.11103180268062494
36 43 38 0.0 0.0 637.0 0.0 10865.0 23.0 2864.0 0.10376519418914912
36 43 39 0.0 0.0 1134.0 0.0 13311.0 35.0 11671.0 0.08513743614692287
36 43 40 0.0 0.0 1317.0 0.0 13701.0 36.0 13828.0 0.08229485069362802
36 43 41 0.0 0.0 886.0 0.0 12872.0 33.0 7047.0 0.0889058233314282
36 43 42 0.0 0.0 880.0 0.0 12753.0 29.0 7637.0 0.08962868117797694
36 43 43 0.0 0.0 1001.0 0.0 13170.0 36.0 8141.0 0.08664438668151997
36 43 44 0.0 0.0 736.0 0.0 11943.0 30.0 5702.0 0.09544586855740386
36 43 45 0.0 0.0 436.0 0.0 9108.0 23.0 1812.0 0.12138026703658747
36 43 46 0.0 0.0 1.0 0.0 101.0 1.0 0.0 0.6666666666666665
36 43 47 0.0 0.0 0.0 0.0 13.0 0.0 0.0 0.695479384003974
36 44 34 0.0 0.0 0.0 0.0 5.0 0.0 0.0 0.6982543640897755
36 44 35 0.0 0.0 1.0 0.0 31.0 0.0 0.0 0.6889763779527558
36 44 36 0.0 0.0 8.0 0.0 272.0 3.0 1.0 0.6148440931049626
36 44 37 0.0 0.0 102.0 0.0 3042.0 10.0 58.0 0.2727449834404831
36 44 38 0.0 0.0 711.0 0.0 11696.0 26.0 5350.0 0.09722222222222221
36 44 39 0.0 0.0 678.0 0.0 11210.0 28.0 3543.0 0.10087182073636429
36 44 40 0.0 0.0 648.0 0.0 11132.0 30.0 3520.0 0.10172939979654118
36 44 41 0.0 0.0 1000.0 0.0 12898.0 39.0 9157.0 0.08816676113105358
36 44 42 0.0 0.0 556.0 0.0 10104.0 19.0 2587.0 0.11064569667272582
36 44 43 0.0 0.0 263.0 0.0 5578.0 24.0 354.0 0.17889087656529515
36 44 44 0.0 0.0 265.0 0.0 6113.0 27.0 489.0 0.16756433273488924
36 44 45 0.0 0.0 160.0 0.0 3962.0 9.0 123.0 0.22898266274124954
36 44 46 0.0 0.0 0.0 0.0 85.0 0.0 0.0 0.6714628297362109
36 44 47 0.0 0.0 0.0 0.0 8.0 0.0 0.0 0.697211155378486
36 45 35 0.0 0.0 0.0 0.0 2.0 0.0 0.0 0.6993006993006992
36 45 36 0.0 0.0 0.0 0.0 9.0 0.0 0.0 0.697211155378486
36 45 37 0.0 0.0 87.0 0.0 2365.0 19.0 39.0 0.3157419936851601
36 45 38 0.0 0.0 246.0 0.0 5050.0 19.0 247.0 0.19220208676551345
36 45 39 0.0 0.0 690.0 0.0 11559.0 31.0 4836.0 0.0983698707138842
36 45 40 0.0 0.0 347.0 0.0 7890.0 18.0 1045.0 0.1368256450351837
36 45 41 0.0 0.0 599.0 0.0 10415.0 25.0 2589.0 0.1076674613550719
36 45 42 0.0 0.0 269.0 0.0 5752.0 20.0 370.0 0.17489069331667706
36 45 43 0.0 0.0 168.0 0.0 4080.0 6.0 141.0 0.2242511613006567
36 45 44 0.0 0.0 11.0 0.0 554.0 4.0 1.0 0.5466614603670441
36 45 45 0.0 0.0 36.0 0.0 893.0 12.0 3.0 0.4799451491258141
36 45 46 0.0 0.0 4.0 0.0 93.0 4.0 0.0 0.668896321070234
36 45 47 0.0 0.0 0.0 0.0 1.0 0.0 0.0 0.0
36 46 36 0.0 0.0 0.0 0.0 3.0 0.0 0.0 0.6989515726410384
36 46 37 0.0 0.0 0.0 0.0 32.0 0.0 0.0 0.6889763779527558
36 46 38 0.0 0.0 3.0 0.0 187.0 1.0 0.0 0.639561443581544
36 46 39 0.0 0.0 29.0 0.0 570.0 6.0 0.0 0.5399151561897415
36 46 40 0.0 0.0 115.0 0.0 2381.0 10.0 45.0 0.3120124804992199
36 46 41 0.0 0.0 9.0 0.0 318.0 4.0 0.0 0.6026689625484287
36 46 42 0.0 0.0 0.0 0.0 56.0 1.0 0.0 0.6812652068126519
36 46 43 0.0 0.0 0.0 0.0 11.0 0.0 0.0 0.6961710591745399
36 46 44 0.0 0.0 0.0 0.0 2.0 0.0 0.0 0.6993006993006992
36 46 45 0.0 0.0 0.0 0.0 1.0 0.0 0.0 0.6996501749125437
36 47 37 0.0 0.0 0.0 0.0 3.0 0.0 0.0 0.6989515726410384
36 47 38 0.0 0.0 5.0 0.0 72.0 2.0 0.0 0.6746987951807227
36 47 39 0.0 0.0 0.0 0.0 5.0 0.0 0.0 0.6982543640897755
36 47 40 0.0 0.0 10.0 0.0 99.0 2.0 0.0 0.6644518272425248
36 47 41 0.0 0.0 0.0 0.0 1.0 0.0 0.0 0.6996501749125437
36 47 42 0.0 0.0 0.0 0.0 1.0 0.0 0.0 0.6996501749125437
37 32 38 0.0 0.0 0.0 0.0 1.0 0.0 0.0 0.6996501749125437
37 33 36 0.0 0.0 0.0 0.0 1.0 0.0 0.0 0.6996501749125437
37 33 37 0.0 0.0 0.0 0.0 10.0 0.0 0.0 0.6965174129353233
37 33 38 0.0 0.0 0.0 0.0 21.0 0.0 0.0 0.6927263730826323
37 33 39 0.0 0.0 0.0 0.0 29.0 0.0 0.0 0.6899950714637751
37 33 40 0.0 0.0 9.0 0.0 126.0 2.0 0.0 0.6563525550867322
37 33 41 0.0 0.0 11.0 0.0 214.0 2.0 0.0 0.6297795771479981
37 34 34 0.0 0.0 0.0 0.0 44.0 1.0 0.0 0.6852667645619186
37 34 35 0.0 0.0 31.0 0.0 687.0 6.0 2.0 0.5162241887905604
37 34 36 0.0 0.0 1.0 0.0 73.0 0.0 0.0 0.6750241080038573
37 34 37 0.0 0.0 13.0 0.0 264.0 1.0 0.0 0.6151142355008786
37 34 38 0.0 0.0 269.0 0.0 5876.0 17.0 409.0 0.1721382023853436
37 34 39 0.0 0.0 207.0 0.0 4071.0 14.0 145.0 0.2233923727461305
37 34 40 0.0 0.0 224.0 0.0 4783.0 18.0 205.0 0.20020020020020016
37 34 41 0.0 0.0 37.0 0.0 779.0 6.0 2.0 0.49839800640797427
37 34 42 0.0 0.0 11.0 0.0 212.0 4.0 0.0 0.6309148264984226
37 34 43 0.0 0.0 8.0 0.0 341.0 1.0 0.0 0.5962521294718909
37 34 44 0.0 0.0 0.0 0.0 12.0 0.0 0.0 0.6958250497017892
37 34 45 0.0 0.0 0.0 0.0 1.0 0.0 0.0 0.6996501749125437
37 35 33 0.0 0.0 59.0 0.0 1136.0 23.0 4.0 0.441222817522849
37 35 34 0.0 0.0 24.0 0.0 386.0 6.0 1.0 0.5823627287853577
37 35 35 0.0 0.0 38.0 0.0 892.0 6.0 7.0 0.4787961696306429
37 35 36 0.0 0.0 170.0 0.0 4562.0 10.0 215.0 0.20824036888293915
37 35 37 0.0 0.0 312.0 0.0 7321.0 26.0 906.0 0.145681581685744
37 35 38 0.0 0.0 312.0 0.0 6951.0 26.0 594.0 0.1515971846237141
37 35 39 0.0 0.0 487.0 0.0 9417.0 18.0 1809.0 0.11763717334677755
37 35 40 0.0 0.0 282.0 0.0 6521.0 20.0 635.0 0.1593262774553317
37 35 41 0.0 0.0 488.0 0.0 9536.0 37.0 1885.0 0.11665694525456212
37 35 42 0.0 0.0 488.0 0.0 9369.0 26.0 1864.0 0.1182632201385369
37 35 43 0.0 0.0 163.0 0.0 3603.0 18.0 103.0 0.2435206122803966
37 35 44 0.0 0.0 33.0 0.0 679.0 8.0 0.0 0.5177514792899407
37 35 45 0.0 0.0 9.0 0.0 125.0 4.0 0.0 0.6572769953051641
37 36 33 0.0 0.0 0.0 0.0 57.0 1.0 0.0 0.6809338521400777
37 36 34 0.0 0.0 3.0 0.0 184.0 0.0 1.0 0.6407322654462241
37 36 35 0.0 0.0 151.0 0.0 3433.0 30.0 83.0 0.25202520252025196
37 36 36 0.0 0.0 366.0 0.0 8031.0 20.0 1080.0 0.13480982185844967
37 36 37 0.0 0.0 692.0 0.0 11141.0 21.0 3608.0 0.10123653192566345
37 36 38 0.0 0.0 817.0 0.0 12412.0 22.0 7020.0 0.09191176470588233
37 36 39 0.0 0.0 1425.0 0.0 13200.0 43.0 19285.0 0.08426628144938003
37 36 40 0.0 0.0 1207.0 0.0 13661.0 40.0 11796.0 0.08308112278203073
37 36 41 0.0 0.0 942.0 0.0 12825.0 38.0 9885.0 0.08882121558177895
37 36 42 0.0 0.0 868.0 0.0 12599.0 39.0 6037.0 0.09060902206976894
37 36 43 0.0 0.0 598.0 0.0 10664.0 25.0 2898.0 0.10562848951259997
37 36 44 0.0 0.0 257.0 0.0 5621.0 16.0 334.0 0.17809439002671412
37 36 45 0.0 0.0 5.0 0.0 313.0 3.0 1.0 0.6047516198704103
37 36 46 0.0 0.0 0.0 0.0 23.0 0.0 0.0 0.6920415224913494
37 36 47 0.0 0.0 0.0 0.0 1.0 0.0 0.0 0.6996501749125437
37 37 32 0.0 0.0 0.0 0.0 2.0 0.0 0.0 0.6993006993006992
37 37 33 0.0 0.0 124.0 0.0 2778.0 13.0 46.0 0.28635712824708526
37 37 34 0.0 0.0 18.0 0.0 467.0 5.0 0.0 0.5647438483259378
37 37 35 0.0 0.0 440.0 0.0 8839.0 19.0 1639.0 0.12423462596503682
37 37 36 0.0 0.0 545.0 0.0 10315.0 29.0 2502.0 0.10905125408942201
37 37 37 0.0 0.0 1549.0 0.0 12662.0 43.0 23737.0 0.08633448445979279
37 37 38 0.0 0.0 1725.0 0.0 13194.0 49.0 24891.0 0.0826934435912581
37 37 39 0.0 0.0 1531.0 0.0 13856.0 44.0 18123.0 0.08051529790660224
37 37 40 0.0 0.0 2099.0 0.0 12217.0 54.0 35263.0 0.08586323213738116
37 37 41 0.0 0.0 1487.0 0.0 13832.0 35.0 17650.0 0.08077544426494344
37 37 42 0.0 0.0 1641.0 0.0 12841.0 38.0 24062.0 0.08490508824064527
37 37 43 0.0 0.0 783.0 0.0 12138.0 28.0 5226.0 0.09382120359201179
37 37 44 0.0 0.0 478.0 0.0 8898.0 17.0 1346.0 0.12314187703403992
37 37 45 0.0 0.0 225.0 0.0 4925.0 12.0 274.0 0.1961058971844796
37 37 46 0.0 0.0 74.0 0.0 1366.0 10.0 9.0 0.40816326530612235
37 37 47 0.0 0.0 0.0 0.0 1.0 0.0 0.0 0.6996501749125437
37 38 32 0.0 0.0 4.0 0.0 41.0 2.0 0.0 0.6852667645619186
37 38 33 0.0 0.0 18.0 0.0 595.0 6.0 1.0 0.5368098159509201
37 38 34 0.0 0.0 61.0 0.0 1552.0 10.0 14.0 0.38845726970033284
37 38 35 0.0 0.0 358.0 0.0 7761.0 20.0 942.0 0.13857270117786794
37 38 36 0.0 0.0 641.0 0.0 11324.0 32.0 4253.0 0.10035842293906809
37 38 37 0.0 0.0 1296.0 0.0 13259.0 37.0 15936.0 0.08459725663182065
37 38 38 0.0 0.0 2152.0 0.0 13544.0 60.0 29492.0 0.0791139240506329
37 38 39 0.0 0.0 2837.0 0.0 10953.0 60.0 54050.0 0.08859077390368916
37 38 40 0.0 0.0 2786.0 1.0 11577.0 58.0 47855.0 0.08559550012227927
37 38 41 0.0 0.0 2841.0 0.0 10309.0 71.0 58683.0 0.09243364584708834
37 38 42 0.0 0.0 1749.0 0.0 13393.0 59.0 25192.0 0.08171842166705579
37 38 43 0.0 0.0 895.0 0.0 12771.0 39.0 7760.0 0.0894683026584867
37 38 44 0.0 0.0 627.0 0.0 11279.0 25.0 4210.0 0.10077742585660811
37 38 45 0.0 0.0 401.0 0.0 8218.0 36.0 1180.0 0.1321752265861027
37 38 46 0.0 0.0 10.0 0.0 449.0 3.0 3.0 0.5700325732899022
37 38 47 0.0 0.0 0.0 0.0 6.0 0.0 0.0 0.6979062811565303
37 39 32 0.0 0.0 0.0 0.0 1.0 0.0 0.0 0.0
37 39 33 0.0 0.0 0.0 0.0 56.0 0.0 0.0 0.6809338521400777
37 39 34 0.0 0.0 169.0 0.0 4252.0 16.0 196.0 0.21844281479169914
37 39 35 0.0 0.0 454.0 0.0 8885.0 25.0 1447.0 0.12368583797155223
37 39 36 0.0 0.0 1134.0 0.0 13444.0 30.0 10641.0 0.08443908323281062
37 39 37 0.0 0.0 1452.0 0.0 13292.0 40.0 18802.0 0.08360704687966555
37 39 38 0.0 0.0 2170.0 0.0 13513.0 54.0 29711.0 0.07916760913820402
37 39 39 0.0 0.0 2746.0 1.0 12479.0 71.0 41591.0 0.0813575081357508
37 39 40 0.0 0.0 2871.0 1.0 12399.0 67.0 44552.0 0.08111239860950173
37 39 41 0.0 0.0 2492.0 0.0 13303.0 67.0 34579.0 0.078691473216795
37 39 42 0.0 1.0 1966.0 6.0 13508.0 60.0 26008.0 0.08016491067338524
37 39 43 0.0 0.0 2060.0 0.0 12319.0 54.0 34334.0 0.0855327468230694
37 39 44 0.0 0.0 986.0 0.0 13108.0 35.0 8104.0 0.08700515816294822
37 39 45 0.0 0.0 571.0 0.0 10485.0 18.0 2728.0 0.10729613733905578
37 39 46 0.0 0.0 190.0 0.0 4435.0 19.0 170.0 0.21183234982599483
37 39 47 0.0 0.0 0.0 0.0 15.0 0.0 0.0 0.694789081885856
37 40 33 0.0 0.0 1.0 0.0 39.0 0.0 0.0 0.6862745098039215
37 40 34 0.0 0.0 203.0 0.0 4603.0 18.0 182.0 0.20618556701030924
37 40 35 0.0 0.0 590.0 0.0 10581.0 28.0 2874.0 0.1064800730149072
37 40 36 0.0 0.0 871.0 0.0 12634.0 28.0 7105.0 0.09032840828440543
37 40 37 0.0 0.0 1349.0 0.0 13890.0 51.0 15005.0 0.08130553458388988
37 40 38 0.0 0.0 2427.0 0.0 13061.0 47.0 35075.0 0.08006405124099279
37 40 39 0.0 1.0 3353.0 4.0 10029.0 71.0 67366.0 0.09089728606674456
37 40 40 0.0 0.0 3141.0 1.0 12221.0 57.0 49284.0 0.08065910007489772
37 40 41 0.0 0.0 2890.0 1.0 12241.0 63.0 46110.0 0.0816850458019721
37 40 42 0.0 0.0 2430.0 1.0 12532.0 44.0 39010.0 0.08253257088958321
37 40 43 0.0 0.0 1772.0 0.0 13187.0 41.0 24581.0 0.08256664307619721
37 40 44 0.0 0.0 1314.0 0.0 12996.0 34.0 18076.0 0.08582112425672776
37 40 45 0.0 0.0 397.0 0.0 8327.0 26.0 1257.0 0.13076779376050812
37 40 46 0.0 0.0 2.0 0.0 375.0 1.0 2.0 0.5892255892255891
37 40 47 0.0 0.0 0.0 0.0 24.0 0.0 0.0 0.6920415224913494
37 41 33 0.0 0.0 1.0 0.0 28.0 0.0 0.0 0.6899950714637751
37 41 34 0.0 0.0 120.0 0.0 2807.0 14.0 56.0 0.2847843775427176
37 41 35 0.0 0.0 234.0 0.0 5444.0 24.0 348.0 0.1829347968117078
37 41 36 0.0 0.0 792.0 0.0 12165.0 29.0 5083.0 0.0937269866773783
37 41 37 0.0 0.0 1131.0 0.0 13564.0 29.0 12063.0 0.08381226053639845
37 41 38 0.0 0.0 2282.0 0.0 12371.0 55.0 37609.0 0.08412955952166334
37 41 39 0.0 0.0 2937.0 1.0 11562.0 62.0 50247.0 0.08482278097546196
37 41 40 1.0 1.0 2981.0 5.0 12029.0 66.0 48319.0 0.08232388568740444
37 41 41 0.0 0.0 2962.0 0.0 11253.0 68.0 52666.0 0.08635578583765112
37 41 42 0.0 0.0 2859.0 0.0 9911.0 68.0 62130.0 0.09478672985781988
37 41 43 0.0 0.0 1640.0 0.0 13810.0 50.0 20164.0 0.08025222126683863
37 41 44 0.0 0.0 920.0 0.0 12793.0 27.0 7084.0 0.0890925289550719
37 41 45 0.0 0.0 714.0 0.0 11723.0 34.0 4621.0 0.09716823986674068
37 41 46 0.0 0.0 127.0 0.0 2893.0 19.0 61.0 0.2799440111977604
37 41 47 0.0 0.0 8.0 0.0 186.0 0.0 1.0 0.6378132118451024
37 42 33 0.0 0.0 0.0 0.0 13.0 0.0 0.0 0.695479384003974
37 42 34 0.0 0.0 72.0 0.0 1658.0 9.0 18.0 0.3762429454447729
37 42 35 0.0 0.0 358.0 0.0 7858.0 26.0 1026.0 0.13726835964310224
37 42 36 0.0 0.0 415.0 0.0 8755.0 26.0 1538.0 0.12557180016144945
37 42 37 0.0 0.0 1013.0 0.0 13149.0 31.0 10726.0 0.08665511265164644
37 42 38 0.0 0.0 1984.0 0.0 12804.0 39.0 30761.0 0.0832738520104687
37 42 39 0.0 1.0 2257.0 3.0 12774.0 55.0 34789.0 0.08211625315267757
37 42 40 0.0 0.0 2584.0 0.0 12183.0 71.0 42322.0 0.0835222527144732
37 42 41 0.0 0.0 2086.0 3.0 13331.0 56.0 29047.0 0.08044127786715696
37 42 42 0.0 0.0 2095.0 0.0 12823.0 53.0 31950.0 0.0826739104759655
37 42 43 0.0 0.0 2016.0 0.0 12440.0 55.0 33247.0 0.08512708257327009
37 42 44 0.0 0.0 1242.0 0.0 13400.0 41.0 13500.0 0.08414472893376607
37 42 45 0.0 0.0 411.0 0.0 7817.0 25.0 919.0 0.13718765311121997
37 42 46 0.0 0.0 206.0 0.0 5124.0 10.0 295.0 0.19117847876553323
37 42 47 0.0 0.0 7.0 0.0 105.0 2.0 0.0 0.6635071090047392
37 43 33 0.0 0.0 0.0 0.0 12.0 0.0 0.0 0.6958250497017892
37 43 34 0.0 0.0 32.0 0.0 551.0 7.0 0.0 0.5436893203883495
37 43 35 0.0 0.0 129.0 0.0 3133.0 18.0 70.0 0.26702269692923897
37 43 36 0.0 0.0 317.0 0.0 6889.0 15.0 682.0 0.1522732216663041
37 43 37 0.0 0.0 582.0 0.0 10659.0 41.0 2981.0 0.1059642749016046
37 43 38 0.0 0.0 1371.0 0.0 13196.0 36.0 17119.0 0.0845359579735523
37 43 39 0.0 0.0 1808.0 0.0 13365.0 46.0 24320.0 0.08152806894945258
37 43 40 0.0 0.0 1663.0 0.0 13786.0 43.0 20170.0 0.08025222126683863
37 43 41 0.0 0.0 1926.0 0.0 12112.0 63.0 33353.0 0.08729267988527246
37 43 42 0.0 0.0 1226.0 0.0 13559.0 38.0 12824.0 0.08347743128018603
37 43 43 0.0 0.0 1307.0 0.0 13451.0 38.0 15787.0 0.08353720389044691
37 43 44 0.0 0.0 609.0 0.0 11172.0 25.0 3603.0 0.10166291482100065
37 43 45 0.0 0.0 194.0 0.0 5323.0 15.0 404.0 0.18656716417910446
37 43 46 0.0 0.0 123.0 0.0 2858.0 16.0 62.0 0.2818602778337024
37 43 47 0.0 0.0 6.0 0.0 72.0 1.0 0.0 0.6743737957610789
37 44 33 0.0 0.0 0.0 0.0 10.0 0.0 0.0 0.6965174129353233
37 44 34 0.0 0.0 0.0 0.0 16.0 1.0 0.0 0.694789081885856
37 44 35 0.0 0.0 6.0 0.0 217.0 2.0 0.0 0.6303466906798738
37 44 36 0.0 0.0 64.0 0.0 1790.0 12.0 19.0 0.3643935450286309
37 44 37 0.0 0.0 240.0 0.0 5618.0 20.0 347.0 0.17863978563225721
37 44 38 0.0 0.0 635.0 0.0 10819.0 29.0 2978.0 0.10414342036747748
37 44 39 0.0 0.0 1387.0 0.0 13087.0 38.0 18862.0 0.0849772382397572
37 44 40 0.0 0.0 773.0 0.0 12153.0 33.0 5232.0 0.09389041647106161
37 44 41 0.0 0.0 946.0 1.0 12827.0 23.0 8278.0 0.08879304877275321
37 44 42 0.0 0.0 542.0 0.0 10411.0 18.0 2590.0 0.10817493432236129
37 44 43 0.0 0.0 616.0 0.0 11045.0 25.0 3546.0 0.10260168559912054
37 44 44 0.0 0.0 617.0 0.0 10730.0 21.0 2895.0 0.10498687664041995
37 44 45 0.0 0.0 420.0 0.0 8949.0 15.0 1699.0 0.12326113752421199
37 44 46 0.0 0.0 179.0 0.0 4053.0 14.0 132.0 0.22508038585208998
37 44 47 0.0 0.0 0.0 0.0 7.0 1.0 0.0 0.6979062811565303
37 45 33 0.0 0.0 0.0 0.0 1.0 0.0 0.0 0.6996501749125437
37 45 34 0.0 0.0 3.0 0.0 34.0 3.0 0.0 0.6882989183874139
37 45 35 0.0 0.0 4.0 0.0 90.0 0.0 0.0 0.6685768863419292
37 45 36 0.0 0.0 63.0 0.0 1333.0 16.0 10.0 0.41432376442734536
37 45 37 0.0 0.0 110.0 0.0 2897.0 11.0 61.0 0.28016810086051624
37 45 38 0.0 0.0 320.0 0.0 7145.0 18.0 757.0 0.1481011319157939
37 45 39 0.0 0.0 583.0 0.0 10636.0 27.0 3238.0 0.1059402194475974
37 45 40 0.0 0.0 553.0 0.0 10194.0 19.0 2464.0 0.10989873616453409
37 45 41 0.0 0.0 329.0 0.0 6621.0 25.0 603.0 0.15675736199753665
37 45 42 0.0 0.0 193.0 0.0 4073.0 22.0 147.0 0.22414345180915782
37 45 43 0.0 0.0 118.0 0.0 2665.0 11.0 46.0 0.29337803855825645
37 45 44 0.0 0.0 115.0 0.0 2354.0 18.0 25.0 0.314536059312514
37 45 45 0.0 0.0 81.0 0.0 1677.0 15.0 12.0 0.3740315255142933
37 45 46 0.0 0.0 4.0 0.0 87.0 2.0 0.0 0.6704980842911876
37 45 47 0.0 0.0 0.0 0.0 3.0 0.0 0.0 0.6989515726410384
37 46 36 0.0 0.0 0.0 0.0 7.0 0.0 0.0 0.6975585450921773
37 46 37 0.0 0.0 1.0 0.0 52.0 0.0 0.0 0.6819288845591815
37 46 38 0.0 0.0 52.0 0.0 1509.0 7.0 14.0 0.393922341024198
37 46 39 0.0 0.0 124.0 0.0 3122.0 13.0 53.0 0.2675329638830498
37 46 40 0.0 0.0 60.0 0.0 1639.0 11.0 19.0 0.37971250339029017
37 46 41 0.0 0.0 12.0 0.0 480.0 4.0 0.0 0.5629272215520706
37 46 42 0.0 0.0 3.0 0.0 141.0 2.0 1.0 0.6539000467071461
37 46 43 0.0 0.0 0.0 0.0 21.0 0.0 0.0 0.6927263730826323
37 46 44 0.0 0.0 1.0 0.0 19.0 0.0 0.0 0.6930693069306929
37 46 45 0.0 0.0 0.0 0.0 5.0 0.0 0.0 0.6982543640897755
37 46 46 0.0 0.0 0.0 0.0 2.0 0.0 0.0 0.6993006993006992
37 47 37 0.0 0.0 0.0 0.0 7.0 0.0 0.0 0.6975585450921773
37 47 38 0.0 0.0 0.0 0.0 15.0 1.0 0.0 0.6951340615690167
37 47 39 0.0 0.0 8.0 0.0 181.0 0.0 0.0 0.639561443581544
37 47 40 0.0 0.0 0.0 0.0 5.0 0.0 0.0 0.6986027944111775
37 47 41 0.0 0.0 0.0 0.0 5.0 0.0 0.0 0.6982543640897755
38 33 34 0.0 0.0 0.0 0.0 1.0 0.0 0.0 0.6996501749125437
38 33 36 0.0 0.0 0.0 0.0 2.0 0.0 0.0 0.6993006993006992
38 33 37 0.0 0.0 19.0 0.0 498.0 7.0 2.0 0.5577689243027888
38 33 38 0.0 0.0 5.0 0.0 142.0 4.0 0.0 0.6532897806812878
38 33 39 0.0 0.0 0.0 0.0 27.0 0.0 0.0 0.6910167818361302
38 33 40 0.0 0.0 0.0 0.0 35.0 0.0 0.0 0.6879606879606879
38 33 41 0.0 0.0 1.0 0.0 39.0 1.0 0.0 0.6866110838646394
38 33 42 0.0 0.0 0.0 0.0 9.0 0.0 0.0 0.6968641114982577
38 34 32 0.0 0.0 0.0 0.0 1.0 0.0 0.0 0.6996501749125437
38 34 33 0.0 0.0 0.0 0.0 2.0 0.0 0.0 0.6993006993006992
38 34 34 0.0 0.0 10.0 0.0 196.0 4.0 0.0 0.6357856494096276
38 34 35 0.0 0.0 69.0 0.0 1575.0 16.0 14.0 0.3858875413450937
38 34 36 0.0 0.0 30.0 0.0 916.0 6.0 8.0 0.47619047619047605
38 34 37 0.0 0.0 19.0 0.0 280.0 8.0 0.0 0.6108202443280977
38 34 38 0.0 0.0 267.0 0.0 5737.0 24.0 397.0 0.17532874139010643
38 34 39 0.0 0.0 137.0 0.0 3456.0 15.0 96.0 0.2509860164933667
38 34 40 0.0 0.0 281.0 0.0 6412.0 18.0 596.0 0.1613646841862609
38 34 41 0.0 0.0 36.0 0.0 951.0 12.0 3.0 0.47058823529411764
38 34 42 0.0 0.0 44.0 0.0 1058.0 7.0 3.0 0.4524886877828054
38 34 43 0.0 0.0 5.0 0.0 112.0 1.0 0.0 0.661625708884688
38 34 44 0.0 0.0 0.0 0.0 17.0 0.0 0.0 0.694100148735746
38 34 45 0.0 0.0 0.0 0.0 1.0 0.0 0.0 0.6996501749125437
38 35 33 0.0 0.0 0.0 0.0 4.0 0.0 0.0 0.6986027944111775
38 35 34 0.0 0.0 69.0 0.0 1478.0 12.0 8.0 0.3959276018099547
38 35 35 0.0 0.0 639.0 0.0 11139.0 23.0 4006.0 0.10168506682161532
38 35 36 0.0 0.0 157.0 0.0 3679.0 15.0 131.0 0.24046719340432837
38 35 37 0.0 0.0 66.0 0.0 2218.0 10.0 33.0 0.3277153558052434
38 35 38 0.0 0.0 412.0 0.0 8634.0 18.0 1502.0 0.1269265639165911
38 35 39 0.0 0.0 640.0 0.0 11110.0 28.0 4218.0 0.10187745597438508
38 35 40 0.0 0.0 511.0 0.0 10052.0 19.0 2544.0 0.11153601019757806
38 35 41 0.0 0.0 590.0 0.0 10576.0 24.0 2761.0 0.10647197505513727
38 35 42 0.0 0.0 490.0 0.0 9906.0 21.0 2321.0 0.11300347082088948
38 35 43 0.0 0.0 220.0 0.0 5325.0 20.0 293.0 0.18604651162790697
38 35 44 0.0 0.0 31.0 0.0 1093.0 5.0 6.0 0.4490057729313662
38 35 45 0.0 0.0 61.0 0.0 1372.0 8.0 7.0 0.4087591240875912
38 35 46 0.0 0.0 0.0 0.0 11.0 0.0 0.0 0.6961710591745399
38 36 33 0.0 0.0 61.0 0.0 1344.0 14.0 10.0 0.4128575641403715
38 36 34 0.0 0.0 205.0 0.0 5110.0 20.0 252.0 0.1918070968625839
38 36 35 0.0 0.0 211.0 0.0 4910.0 23.0 232.0 0.1972108747710945
38 36 36 0.0 0.0 607.0 0.0 10935.0 30.0 3517.0 0.10351201478743068
38 36 37 0.0 0.0 1089.0 0.0 13274.0 26.0 10934.0 0.0855327468230694
38 36 38 0.0 0.0 880.0 0.0 12640.0 31.0 6946.0 0.09025270758122743
38 36 39 0.0 0.0 1187.0 0.0 13666.0 34.0 11565.0 0.0830564784053156
38 36 40 0.0 0.0 1477.0 0.0 13902.0 45.0 16728.0 0.08058481551833303
38 36 41 0.0 0.0 1283.0 0.0 13541.0 43.0 15007.0 0.08329366968110423
38 36 42 0.0 0.0 728.0 0.0 11872.0 28.0 4908.0 0.09596271163205153
38 36 43 0.0 0.0 475.0 0.0 9119.0 19.0 1487.0 0.12083549110996028
38 36 44 0.0 0.0 630.0 0.0 10750.0 27.0 2825.0 0.10478257615447945
38 36 45 0.0 0.0 44.0 0.0 1393.0 10.0 8.0 0.40852057192880065
38 36 46 0.0 0.0 74.0 0.0 1602.0 8.0 14.0 0.38167938931297707
38 36 47 0.0 0.0 0.0 0.0 2.0 0.0 0.0 0.6993006993006992
38 37 32 0.0 0.0 0.0 0.0 1.0 0.0 0.0 0.6996501749125437
38 37 33 0.0 0.0 0.0 0.0 126.0 0.0 1.0 0.6585136406396989
38 37 34 0.0 0.0 637.0 0.0 10960.0 31.0 3434.0 0.10303208713570797
38 37 35 0.0 0.0 386.0 0.0 8310.0 27.0 1410.0 0.13114754098360654
38 37 36 0.0 0.0 914.0 0.0 12816.0 39.0 7636.0 0.08908685968819598
38 37 37 0.0 0.0 1322.0 0.0 13409.0 45.0 16683.0 0.08375710439724797
38 37 38 0.0 0.0 1755.0 0.0 13494.0 41.0 23816.0 0.08114530806236596
38 37 39 0.0 0.0 2510.0 0.0 12172.0 62.0 42195.0 0.08384739773612025
38 37 40 0.0 0.0 2224.0 0.0 13428.0 55.0 30847.0 0.07928866738404032
38 37 41 0.0 0.0 2086.0 0.0 13207.0 47.0 30443.0 0.08096229470275271
38 37 42 0.0 0.0 1573.0 0.0 13689.0 42.0 19724.0 0.08108421174562723
38 37 43 0.0 0.0 1274.0 0.0 13336.0 31.0 14775.0 0.08426628144938003
38 37 44 0.0 0.0 774.0 0.0 12273.0 25.0 6875.0 0.09306654257794322
38 37 45 0.0 0.0 519.0 0.0 9872.0 32.0 2235.0 0.11321365033155426
38 37 46 0.0 0.0 76.0 0.0 1685.0 13.0 7.0 0.3735325506937032
38 37 47 0.0 0.0 11.0 0.0 170.0 0.0 2.0 0.6419073819348922
38 38 33 0.0 0.0 126.0 0.0 2486.0 14.0 28.0 0.30448020878642884
38 38 34 0.0 0.0 538.0 0.0 10283.0 27.0 2693.0 0.10931521824002498
38 38 35 0.0 0.0 544.0 0.0 9917.0 28.0 2179.0 0.11255828911400545
38 38 36 0.0 0.0 1167.0 0.0 13723.0 31.0 11808.0 0.08285494466473338
38 38 37 0.0 0.0 1834.0 0.0 13786.0 50.0 23597.0 0.07943262411347517
38 38 38 0.0 0.0 3042.0 1.0 10310.0 65.0 61193.0 0.09118145108766444
38 38 39 0.0 0.0 3464.0 0.0 11157.0 72.0 60067.0 0.08425613866153105
38 38 40 0.0 2.0 3242.0 10.0 12213.0 60.0 49230.0 0.08015573113477613
38 38 41 0.0 0.0 3389.0 0.0 10547.0 74.0 63454.0 0.08787346221441124
38 38 42 0.0 0.0 2676.0 0.0 12011.0 54.0 43987.0 0.08388759062855772
38 38 43 0.0 0.0 1655.0 0.0 13057.0 48.0 23868.0 0.0837621155917195
38 38 44 0.0 0.0 982.0 0.0 13090.0 36.0 9083.0 0.08716224629560453
38 38 45 0.0 0.0 595.0 0.0 10667.0 31.0 2968.0 0.10568430588057673
38 38 46 0.0 0.0 40.0 0.0 874.0 7.0 1.0 0.48176187198898823
38 38 47 0.0 0.0 0.0 0.0 16.0 0.0 1.0 0.6944444444444444
38 39 32 0.0 0.0 0.0 0.0 1.0 0.0 0.0 0.6996501749125437
38 39 33 0.0 0.0 9.0 0.0 301.0 1.0 1.0 0.6063230835859679
38 39 34 0.0 0.0 430.0 0.0 9063.0 19.0 1821.0 0.12192997735586132
38 39 35 0.0 0.0 849.0 0.0 12456.0 31.0 6859.0 0.09157509157509157
38 39 36 0.0 0.0 1243.0 0.0 13681.0 36.0 13787.0 0.0826934435912581
38 39 37 0.0 1.0 2269.0 10.0 12917.0 62.0 34778.0 0.08142848833827719
38 39 38 0.0 0.0 3301.0 0.0 12345.0 60.0 50382.0 0.0792931581332125
38 39 39 0.0 0.0 3849.0 1.0 8196.0 52.0 89706.0 0.09948834565093802
38 39 40 0.0 2.0 3962.0 2.0 7531.0 68.0 95778.0 0.10365763364430622
38 39 41 0.0 4.0 3690.0 7.0 11380.0 60.0 59294.0 0.08201042704000937
38 39 42 0.0 1.0 2865.0 0.0 12634.0 59.0 43568.0 0.07987220447284343
38 39 43 0.0 0.0 1639.0 2.0 13589.0 43.0 21812.0 0.08124419684308262
38 39 44 0.0 0.0 1439.0 0.0 13214.0 47.0 18694.0 0.0840891344825515
38 39 45 0.0 0.0 660.0 0.0 11092.0 14.0 3331.0 0.10182558731544111
38 39 46 0.0 0.0 107.0 0.0 2762.0 12.0 32.0 0.28806584362139914
38 39 47 0.0 0.0 1.0 0.0 35.0 1.0 0.0 0.6879606879606879
38 40 33 0.0 0.0 6.0 0.0 175.0 3.0 0.0 0.6427915518824608
38 40 34 0.0 0.0 243.0 0.0 5709.0 20.0 363.0 0.17652250661959396
38 40 35 0.0 0.0 1120.0 0.0 13296.0 11.0 10914.0 0.08517369349638011
38 40 36 0.0 0.0 1346.0 0.0 13955.0 40.0 14697.0 0.08093421204763555
38 40 37 0.0 0.0 1843.0 0.0 13842.0 38.0 23350.0 0.0791139240506329
38 40 38 0.0 0.0 3439.0 2.0 11870.0 60.0 54805.0 0.08087810514153668
38 40 39 0.0 6.0 4223.0 14.0 8812.0 79.0 85592.0 0.0929985385943935
38 40 40 0.0 5.0 4475.0 20.0 9171.0 80.0 84838.0 0.0893712097031599
38 40 41 0.0 1.0 4101.0 11.0 9215.0 74.0 82540.0 0.09136592051164914
38 40 42 0.0 1.0 3285.0 4.0 10892.0 64.0 60113.0 0.08651588184402421
38 40 43 0.0 1.0 2109.0 7.0 13272.0 59.0 30267.0 0.08051529790660224
38 40 44 0.0 0.0 973.0 0.0 13295.0 31.0 8189.0 0.08611145282322548
38 40 45 0.0 0.0 507.0 0.0 9902.0 23.0 2289.0 0.1129761136216914
38 40 46 0.0 0.0 288.0 0.0 6114.0 21.0 428.0 0.16700465227245614
38 40 47 0.0 0.0 4.0 0.0 73.0 2.0 0.0 0.6746987951807227
38 41 32 0.0 0.0 0.0 0.0 5.0 0.0 0.0 0.6982543640897755
38 41 33 0.0 0.0 1.0 0.0 82.0 0.0 0.0 0.6724303554274734
38 41 34 0.0 0.0 118.0 0.0 2922.0 13.0 78.0 0.2784407319013524
38 41 35 0.0 0.0 588.0 0.0 10692.0 20.0 3413.0 0.10546139359698681
38 41 36 0.0 0.0 935.0 0.0 12632.0 22.0 9078.0 0.0899569491743237
38 41 37 0.0 0.0 1736.0 0.0 13508.0 33.0 23156.0 0.08107012565869476
38 41 38 0.0 0.0 2704.0 1.0 13244.0 68.0 38064.0 0.07807271916127592
38 41 39 0.0 0.0 3735.0 1.0 9675.0 56.0 74356.0 0.09079118028534369
38 41 40 0.0 5.0 3914.0 15.0 7608.0 70.0 95608.0 0.10342025559577454
38 41 41 0.0 3.0 4026.0 15.0 9911.0 73.0 73694.0 0.0877302920165434
38 41 42 0.0 0.0 3182.0 6.0 11260.0 58.0 55565.0 0.08503401360544216
38 41 43 0.0 1.0 1948.0 2.0 13383.0 53.0 27963.0 0.08077078405353948
38 41 44 0.0 0.0 1094.0 0.0 13247.0 34.0 12715.0 0.08571078731480347
38 41 45 0.0 0.0 701.0 0.0 11826.0 34.0 5052.0 0.09636563876651981
38 41 46 0.0 0.0 303.0 0.0 6725.0 21.0 625.0 0.15536566418821438
38 41 47 0.0 0.0 0.0 0.0 69.0 0.0 0.0 0.6769825918762088
38 42 33 0.0 0.0 1.0 0.0 37.0 0.0 0.0 0.6869479882237487
38 42 34 0.0 0.0 190.0 0.0 4571.0 21.0 210.0 0.20749962946494735
38 42 35 0.0 0.0 482.0 0.0 9331.0 26.0 1717.0 0.11871449164758754
38 42 36 0.0 0.0 949.0 0.0 12822.0 26.0 8938.0 0.08879304877275321
38 42 37 0.0 0.0 1273.0 0.0 13970.0 31.0 12432.0 0.08122534230679972
38 42 38 0.0 0.0 1997.0 3.0 13336.0 49.0 28373.0 0.08078476630121176
38 42 39 0.0 0.0 3292.0 1.0 10437.0 62.0 63542.0 0.08894536213468868
38 42 40 0.0 6.0 3520.0 19.0 9718.0 75.0 71263.0 0.09170706144373116
38 42 41 0.0 2.0 3357.0 10.0 10516.0 57.0 63063.0 0.08810018249323516
38 42 42 0.0 5.0 2303.0 24.0 13537.0 51.0 31638.0 0.0783085356303837
38 42 43 0.0 0.0 1789.0 1.0 13434.0 46.0 25361.0 0.08134332694207191
38 42 44 0.0 0.0 1110.0 0.0 13161.0 36.0 13193.0 0.08606910119267182
38 42 45 0.0 0.0 645.0 0.0 11427.0 32.0 4373.0 0.09960868018498754
38 42 46 0.0 0.0 353.0 0.0 7720.0 12.0 965.0 0.13906824277341806
38 42 47 0.0 0.0 27.0 0.0 616.0 3.0 1.0 0.5303030303030303
38 42 48 0.0 0.0 0.0 0.0 1.0 0.0 0.0 0.6996501749125437
38 43 32 0.0 0.0 0.0 0.0 1.0 0.0 0.0 0.6996501749125437
38 43 33 0.0 0.0 0.0 0.0 26.0 0.0 0.0 0.6913580246913579
38 43 34 0.0 0.0 244.0 0.0 5542.0 21.0 376.0 0.18022657054582905
38 43 35 0.0 0.0 153.0 0.0 3950.0 11.0 135.0 0.22999835715459171
38 43 36 0.0 0.0 676.0 0.0 11218.0 23.0 3271.0 0.10082823190493337
38 43 37 0.0 0.0 1090.0 0.0 13418.0 27.0 10619.0 0.08481250378627248
38 43 38 0.0 0.0 1362.0 0.0 13943.0 42.0 14688.0 0.08096697704007864
38 43 39 0.0 0.0 2437.0 1.0 11750.0 50.0 43704.0 0.08652122860144612
38 43 40 0.0 0.0 2139.0 3.0 12805.0 51.0 32563.0 0.08258125405532943
38 43 41 0.0 9.0 1744.0 54.0 13512.0 42.0 24121.0 0.08083140877598152
38 43 42 0.0 1.0 1654.0 5.0 13737.0 43.0 20397.0 0.08047827086686593
38 43 43 0.0 0.0 1105.0 1.0 13409.0 36.0 11592.0 0.08484848484848484
38 43 44 0.0 0.0 1279.0 0.0 13109.0 37.0 16790.0 0.08542836221625578
38 43 45 0.0 0.0 559.0 0.0 10157.0 17.0 2322.0 0.11012349563438997
38 43 46 0.0 0.0 108.0 0.0 2205.0 19.0 24.0 0.3259604190919674
38 43 47 0.0 0.0 5.0 0.0 112.0 0.0 0.0 0.6613131790269249
38 44 33 0.0 0.0 0.0 0.0 13.0 0.0 0.0 0.6958250497017892
38 44 34 0.0 0.0 258.0 0.0 5232.0 21.0 289.0 0.18736616702355458
38 44 35 0.0 0.0 206.0 0.0 4345.0 22.0 165.0 0.2143950995405819
38 44 36 0.0 0.0 545.0 0.0 10369.0 35.0 2948.0 0.10861132660977502
38 44 37 0.0 0.0 799.0 0.0 12159.0 24.0 6394.0 0.0936642804576169
38 44 38 0.0 0.0 910.0 0.0 12862.0 19.0 8116.0 0.08871427666180849
38 44 39 0.0 0.0 868.0 0.0 12775.0 27.0 6749.0 0.08951979026791992
38 44 40 0.0 0.0 1498.0 0.0 13210.0 52.0 20175.0 0.0838423763324949
38 44 41 0.0 0.0 906.0 0.0 12998.0 39.0 7523.0 0.08815565770417479
38 44 42 0.0 0.0 941.0 0.0 13076.0 31.0 9152.0 0.08743442418186359
38 44 43 0.0 0.0 650.0 0.0 11470.0 25.0 3785.0 0.0992063492063492
38 44 44 0.0 0.0 359.0 0.0 8154.0 23.0 1268.0 0.1333841463414634
38 44 45 0.0 0.0 315.0 0.0 6834.0 19.0 720.0 0.15313935681470134
38 44 46 0.0 0.0 15.0 0.0 496.0 5.0 2.0 0.5586592178770949
38 44 47 0.0 0.0 0.0 0.0 11.0 0.0 0.0 0.6965174129353233
38 45 33 0.0 0.0 0.0 0.0 4.0 0.0 0.0 0.6986027944111775
38 45 34 0.0 0.0 1.0 0.0 115.0 1.0 0.0 0.6619385342789597
38 45 35 0.0 0.0 5.0 0.0 226.0 1.0 0.0 0.6278026905829596
38 45 36 0.0 0.0 81.0 0.0 1699.0 15.0 17.0 0.3716485266790549
38 45 37 0.0 0.0 242.0 0.0 5160.0 18.0 284.0 0.18949648077964262
38 45 38 0.0 0.0 376.0 0.0 8794.0 24.0 1808.0 0.12550425818018823
38 45 39 0.0 0.0 587.0 0.0 10812.0 20.0 3604.0 0.10449320794148378
38 45 40 0.0 0.0 373.0 0.0 8094.0 20.0 1221.0 0.1338816104045137
38 45 41 0.0 0.0 616.0 0.0 10742.0 21.0 3374.0 0.10491606714628296
38 45 42 0.0 0.0 154.0 0.0 3785.0 19.0 93.0 0.23648648648648643
38 45 43 0.0 0.0 149.0 0.0 4049.0 17.0 177.0 0.22646392753154312
38 45 44 0.0 0.0 92.0 0.0 2504.0 24.0 42.0 0.3062117235345581
38 45 45 0.0 0.0 260.0 0.0 5247.0 21.0 289.0 0.18689093578961416
38 45 46 0.0 0.0 0.0 0.0 36.0 0.0 0.0 0.6882989183874139
38 45 47 0.0 0.0 0.0 0.0 2.0 0.0 0.0 0.6993006993006992
38 46 35 0.0 0.0 0.0 0.0 2.0 0.0 0.0 0.6996501749125437
38 46 36 0.0 0.0 0.0 0.0 14.0 0.0 0.0 0.6951340615690167
38 46 37 0.0 0.0 24.0 0.0 430.0 5.0 0.0 0.5721291377196566
38 46 38 0.0 0.0 201.0 0.0 4963.0 18.0 243.0 0.1958315848370401
38 46 39 0.0 0.0 223.0 0.0 4454.0 25.0 146.0 0.21036814425244177
38 46 40 0.0 0.0 112.0 0.0 3300.0 15.0 83.0 0.25930727912576396
38 46 41 0.0 0.0 182.0 0.0 2892.0 20.0 33.0 0.2770083102493074
38 46 42 0.0 0.0 10.0 0.0 251.0 2.0 0.0 0.6197432492253209
38 46 43 0.0 0.0 5.0 0.0 223.0 1.0 0.0 0.6286484059272563
38 46 44 0.0 0.0 10.0 0.0 163.0 4.0 0.0 0.6454587367450437
38 46 45 0.0 0.0 0.0 0.0 11.0 0.0 0.0 0.6961710591745399
38 46 46 0.0 0.0 0.0 0.0 5.0 0.0 0.0 0.6982543640897755
38 47 36 0.0 0.0 0.0 0.0 1.0 0.0 0.0 0.6996501749125437
38 47 37 0.0 0.0 0.0 0.0 13.0 0.0 0.0 0.695479384003974
38 47 38 0.0 0.0 0.0 0.0 9.0 0.0 0.0 0.6968641114982577
38 47 39 0.0 0.0 0.0 0.0 13.0 0.0 0.0 0.695479384003974
38 47 40 0.0 0.0 0.0 0.0 16.0 0.0 0.0 0.6944444444444444
38 47 41 0.0 0.0 0.0 0.0 20.0 0.0 0.0 0.6930693069306929
38 47 42 0.0 0.0 0.0 0.0 10.0 0.0 0.0 0.6965174129353233
38 47 43 0.0 0.0 28.0 0.0 511.0 4.0 0.0 0.5522682445759368
38 48 37 0.0 0.0 1.0 0.0 32.0 0.0 0.0 0.6886374815543531
38 48 38 0.0 0.0 0.0 0.0 1.0 0.0 0.0 0.6996501749125437
38 49 36 0.0 0.0 0.0 0.0 1.0 0.0 0.0 0.6996501749125437
39 33 36 0.0 0.0 0.0 0.0 2.0 0.0 0.0 0.6993006993006992
39 33 37 0.0 0.0 1.0 0.0 17.0 0.0 0.0 0.6937561942517343
39 33 38 0.0 0.0 0.0 0.0 21.0 0.0 0.0 0.6927263730826323
39 33 39 0.0 0.0 3.0 0.0 62.0 2.0 0.0 0.6786233640329616
39 33 40 0.0 0.0 1.0 0.0 85.0 1.0 0.0 0.6714628297362109
39 33 41 0.0 0.0 17.0 0.0 375.0 5.0 1.0 0.5865102639296187
39 33 42 0.0 0.0 0.0 0.0 12.0 0.0 0.0 0.6958250497017892
39 33 43 0.0 0.0 2.0 0.0 7.0 0.0 0.0 0.6968641114982577
39 34 34 0.0 0.0 9.0 0.0 376.0 2.0 2.0 0.5874947545111203
39 34 35 0.0 0.0 17.0 0.0 473.0 10.0 1.0 0.564516129032258
39 34 36 0.0 0.0 62.0 0.0 1601.0 11.0 13.0 0.38324664659184227
39 34 37 0.0 0.0 111.0 0.0 3285.0 10.0 133.0 0.2598849081121218
39 34 38 0.0 0.0 83.0 0.0 2136.0 18.0 34.0 0.33333333333333326
39 34 39 0.0 0.0 81.0 0.0 1894.0 6.0 23.0 0.35291152004033266
39 34 40 0.0 0.0 270.0 0.0 5554.0 16.0 340.0 0.17932624567695657
39 34 41 0.0 0.0 221.0 0.0 5122.0 17.0 319.0 0.19112627986348124
39 34 42 0.0 0.0 94.0 0.0 2344.0 20.0 36.0 0.31695721077654515
39 34 43 0.0 0.0 59.0 0.0 1386.0 10.0 17.0 0.4075691411935953
39 34 44 0.0 0.0 1.0 0.0 43.0 0.0 0.0 0.684931506849315
39 34 45 0.0 0.0 1.0 0.0 26.0 0.0 0.0 0.6906758756783422
39 35 32 0.0 0.0 0.0 0.0 1.0 0.0 0.0 0.6996501749125437
39 35 33 0.0 0.0 1.0 0.0 6.0 0.0 0.0 0.6975585450921773
39 35 34 0.0 0.0 24.0 0.0 643.0 7.0 3.0 0.5263157894736842
39 35 35 0.0 0.0 113.0 0.0 2604.0 14.0 37.0 0.29761904761904756
39 35 36 0.0 0.0 270.0 0.0 5497.0 20.0 338.0 0.18064516129032254
39 35 37 0.0 0.0 404.0 0.0 8587.0 20.0 1372.0 0.12749294235497677
39 35 38 0.0 0.0 437.0 0.0 8580.0 22.0 1356.0 0.12724959098345753
39 35 39 0.0 0.0 706.0 0.0 11774.0 21.0 5000.0 0.09666505558240696
39 35 40 0.0 0.0 587.0 0.0 10336.0 37.0 2339.0 0.108560794044665
39 35 41 0.0 0.0 774.0 0.0 12100.0 31.0 5837.0 0.09414929388029589
39 35 42 0.0 0.0 419.0 0.0 9123.0 30.0 1721.0 0.12159110647906896
39 35 43 0.0 0.0 78.0 0.0 2445.0 11.0 45.0 0.31028368794326233
39 35 44 0.0 0.0 175.0 0.0 4659.0 19.0 240.0 0.20542920029347025
39 35 45 0.0 0.0 7.0 0.0 310.0 2.0 0.0 0.6047516198704103
39 35 46 0.0 0.0 46.0 0.0 937.0 7.0 6.0 0.47043010752688164
39 36 33 0.0 0.0 1.0 0.0 105.0 1.0 0.0 0.6653992395437262
39 36 34 0.0 0.0 59.0 0.0 1715.0 11.0 17.0 0.37184594953519245
39 36 35 0.0 0.0 598.0 0.0 10734.0 23.0 3118.0 0.10507355148604021
39 36 36 0.0 0.0 963.0 0.0 12790.0 31.0 9352.0 0.08892841262783459
39 36 37 0.0 0.0 927.0 0.0 13025.0 31.0 8200.0 0.08778530223225482
39 36 38 0.0 0.0 1239.0 0.0 13568.0 38.0 14257.0 0.08336807002917881
39 36 39 0.0 0.0 1255.0 0.0 13720.0 30.0 13903.0 0.08245965366945458
39 36 40 0.0 0.0 1705.0 0.0 12799.0 52.0 26386.0 0.08491023774866568
39 36 41 0.0 0.0 1361.0 0.0 13848.0 39.0 14068.0 0.0814000814000814
39 36 42 0.0 0.0 1050.0 0.0 13354.0 29.0 9993.0 0.0853346336706083
39 36 43 0.0 0.0 541.0 0.0 10134.0 27.0 2652.0 0.11067193675889328
39 36 44 0.0 0.0 552.0 0.0 10238.0 29.0 2762.0 0.10958904109589039
39 36 45 0.0 0.0 530.0 0.0 9614.0 32.0 1883.0 0.11551155115511551
39 36 46 0.0 0.0 42.0 0.0 814.0 9.0 1.0 0.4917456972251492
39 36 47 0.0 0.0 0.0 0.0 5.0 0.0 0.0 0.6982543640897755
39 37 32 0.0 0.0 0.0 0.0 6.0 0.0 0.0 0.6979062811565303
39 37 33 0.0 0.0 2.0 0.0 164.0 0.0 0.0 0.6463527239150507
39 37 34 0.0 0.0 255.0 0.0 5842.0 18.0 345.0 0.17318159327065807
39 37 35 0.0 0.0 952.0 0.0 12972.0 36.0 7818.0 0.08797838245459687
39 37 36 0.0 0.0 1425.0 0.0 13156.0 40.0 18436.0 0.08441362677117877
39 37 37 0.0 0.0 1925.0 0.0 12918.0 52.0 29117.0 0.08314526665874807
39 37 38 0.0 0.0 2255.0 0.0 12847.0 56.0 33974.0 0.08187613310719924
39 37 39 0.0 0.0 2406.0 0.0 12712.0 51.0 36139.0 0.08175659892548469
39 37 40 0.0 0.0 3118.0 0.0 11154.0 76.0 55667.0 0.0860162202015237
39 37 41 0.0 0.0 2824.0 0.0 11228.0 62.0 50807.0 0.0873307965816231
39 37 42 0.0 0.0 1748.0 0.0 13721.0 52.0 22080.0 0.08018786872100349
39 37 43 0.0 0.0 1646.0 0.0 12938.0 38.0 23759.0 0.08443908323281062
39 37 44 0.0 0.0 891.0 0.0 12843.0 28.0 7338.0 0.0889792805389602
39 37 45 0.0 0.0 385.0 0.0 8171.0 19.0 1070.0 0.13285253368760674
39 37 46 0.0 0.0 184.0 0.0 4028.0 19.0 121.0 0.22598870056497172
39 37 47 0.0 0.0 7.0 0.0 133.0 1.0 0.0 0.6545114539504441
39 38 32 0.0 0.0 0.0 0.0 5.0 0.0 0.0 0.6982543640897755
39 38 33 0.0 0.0 123.0 0.0 3078.0 18.0 69.0 0.27011383368705383
39 38 34 0.0 0.0 169.0 0.0 4428.0 21.0 217.0 0.21289537712895376
39 38 35 0.0 0.0 1093.0 0.0 13315.0 48.0 11827.0 0.08542836221625578
39 38 36 0.0 0.0 1696.0 0.0 13364.0 58.0 23878.0 0.08206811653672548
39 38 37 0.0 0.0 2469.0 0.0 11661.0 80.0 43289.0 0.08682170542635657
39 38 38 0.0 1.0 3374.0 6.0 11306.0 68.0 57254.0 0.08386246555648735
39 38 39 0.0 0.0 3939.0 0.0 11333.0 82.0 62877.0 0.08115001159285878
39 38 40 0.0 1.0 4082.0 6.0 8582.0 64.0 87368.0 0.09530941520865953
39 38 41 0.0 0.0 3513.0 1.0 12166.0 52.0 52999.0 0.079078174423859
39 38 42 0.0 0.0 2946.0 3.0 11132.0 72.0 53956.0 0.08708633988554366
39 38 43 0.0 1.0 1754.0 3.0 13709.0 39.0 23077.0 0.08010986495765621
39 38 44 0.0 0.0 1406.0 0.0 13313.0 32.0 18361.0 0.08367200573750895
39 38 45 0.0 0.0 313.0 0.0 6559.0 23.0 570.0 0.15813848412967355
39 38 46 0.0 0.0 284.0 0.0 6286.0 26.0 476.0 0.16380016380016377
39 38 47 0.0 0.0 20.0 0.0 412.0 6.0 1.0 0.5770816158285242
39 39 32 0.0 0.0 0.0 0.0 3.0 0.0 0.0 0.6989515726410384
39 39 33 0.0 0.0 14.0 0.0 409.0 4.0 1.0 0.5789909015715466
39 39 34 0.0 0.0 343.0 0.0 6923.0 28.0 644.0 0.15144958892254431
39 39 35 0.0 0.0 1149.0 0.0 13352.0 31.0 11426.0 0.0848279205041202
39 39 36 0.0 0.0 2068.0 0.0 12777.0 40.0 32357.0 0.0830564784053156
39 39 37 0.0 0.0 2834.0 3.0 12603.0 50.0 43666.0 0.08020164986251145
39 39 38 0.0 1.0 3894.0 5.0 9804.0 80.0 75199.0 0.08918901700961966
39 39 39 2.0 3.0 4491.0 12.0 7486.0 64.0 101612.0 0.09999999999999999
39 39 40 0.0 9.0 4824.0 35.0 7454.0 80.0 104429.0 0.09775171065493646
39 39 41 0.0 8.0 4047.0 29.0 6553.0 58.0 108018.0 0.11069818929390368
39 39 42 0.0 7.0 3737.0 22.0 11441.0 63.0 59174.0 0.0812677773262901
39 39 43 0.0 0.0 2223.0 0.0 13415.0 50.0 30751.0 0.07939658594680428
39 39 44 0.0 0.0 1221.0 0.0 13563.0 35.0 13148.0 0.08336807002917881
39 39 45 0.0 0.0 580.0 0.0 10376.0 24.0 2595.0 0.10814151089139502
39 39 46 0.0 0.0 170.0 0.0 4428.0 16.0 198.0 0.21263669501822596
39 39 47 0.0 0.0 10.0 0.0 290.0 3.0 0.0 0.6094906399651718
39 40 33 0.0 0.0 3.0 0.0 175.0 1.0 0.0 0.6430868167202571
39 40 34 0.0 0.0 522.0 0.0 9755.0 24.0 2101.0 0.11410872931779278
39 40 35 0.0 0.0 942.0 0.0 12966.0 36.0 7661.0 0.08809463881198086
39 40 36 0.0 0.0 1917.0 0.0 13277.0 61.0 27534.0 0.08144743731456162
39 40 37 0.0 0.0 2903.0 0.0 11280.0 71.0 52927.0 0.08653727283965879
39 40 38 0.0 3.0 3983.0 7.0 9624.0 82.0 77238.0 0.08973783731812063
39 40 39 1.0 7.0 4745.0 16.0 7418.0 68.0 105699.0 0.09859154929577464
39 40 40 0.0 40.0 3799.0 80.0 4889.0 57.0 128563.0 0.12940197800166373
39 40 41 0.0 48.0 4926.0 152.0 8307.0 82.0 95914.0 0.09069707178025394
39 40 42 0.0 31.0 3599.0 169.0 12116.0 77.0 52944.0 0.07816425660208809
39 40 43 0.0 1.0 2765.0 5.0 11717.0 61.0 46719.0 0.08490508824064527
39 40 44 0.0 0.0 1548.0 0.0 12850.0 41.0 24090.0 0.08536064874093041
39 40 45 0.0 0.0 660.0 0.0 11058.0 24.0 3273.0 0.10208546011375236
39 40 46 0.0 0.0 353.0 0.0 7559.0 25.0 843.0 0.14157144301749416
39 40 47 0.0 0.0 49.0 0.0 994.0 10.0 4.0 0.46143704680290043
39 41 32 0.0 0.0 0.0 0.0 4.0 0.0 0.0 0.6986027944111775
39 41 33 0.0 0.0 47.0 0.0 1126.0 7.0 7.0 0.44219835754895764
39 41 34 0.0 0.0 208.0 0.0 4639.0 18.0 213.0 0.20503807850029288
39 41 35 0.0 0.0 851.0 0.0 12587.0 28.0 6720.0 0.09071470226138792
39 41 36 0.0 0.0 1476.0 0.0 13590.0 30.0 17806.0 0.08201523140011716
39 41 37 0.0 0.0 2174.0 0.0 12622.0 60.0 34681.0 0.08344260340922637
39 41 38 0.0 1.0 3000.0 11.0 13366.0 68.0 40646.0 0.07619462283661695
39 41 39 1.0 10.0 4411.0 29.0 8859.0 78.0 86865.0 0.09146739840585391
39 41 40 0.0 47.0 4277.0 111.0 6649.0 66.0 109765.0 0.10711553175210405
39 41 41 0.0 21.0 4523.0 91.0 8716.0 85.0 90320.0 0.09128251939753536
39 41 42 0.0 38.0 3681.0 171.0 10343.0 67.0 66664.0 0.08622282441337685
39 41 43 0.0 0.0 2801.0 6.0 10887.0 65.0 53724.0 0.08920606601248883
39 41 44 0.0 0.0 1318.0 1.0 13815.0 42.0 13711.0 0.08174227827407017
39 41 45 0.0 0.0 501.0 0.0 10038.0 20.0 2547.0 0.11175860142093079
39 41 46 0.0 0.0 252.0 0.0 5377.0 28.0 300.0 0.18408941485864563
39 41 47 0.0 0.0 0.0 0.0 58.0 0.0 0.0 0.6802721088435373
39 42 33 0.0 0.0 66.0 0.0 1469.0 16.0 10.0 0.39795338260375207
39 42 34 0.0 0.0 250.0 0.0 5532.0 19.0 332.0 0.1802033723773973
39 42 35 0.0 0.0 789.0 0.0 12067.0 30.0 5695.0 0.09430149535228344
39 42 36 0.0 0.0 1154.0 0.0 13724.0 39.0 10463.0 0.08304662474789416
39 42 37 0.0 0.0 2234.0 0.0 11449.0 41.0 41172.0 0.08922880815806246
39 42 38 0.0 1.0 2416.0 12.0 13232.0 65.0 34248.0 0.07926622126599478
39 42 39 0.0 35.0 3263.0 214.0 12709.0 67.0 45506.0 0.0767712217591577
39 42 40 0.0 20.0 3886.0 97.0 10615.0 72.0 66941.0 0.08429164910590642
39 42 41 0.0 35.0 3746.0 161.0 9666.0 71.0 72675.0 0.08961147026819431
39 42 42 0.0 19.0 2518.0 122.0 13170.0 57.0 35803.0 0.07849293563579277
39 42 43 0.0 0.0 2272.0 3.0 11925.0 72.0 39865.0 0.0864998455359901
39 42 44 0.0 0.0 1397.0 0.0 13142.0 32.0 20056.0 0.0846177092777274
39 42 45 0.0 0.0 394.0 0.0 8733.0 21.0 1539.0 0.12600126001260012
39 42 46 0.0 0.0 200.0 0.0 4582.0 16.0 192.0 0.20691693762932303
39 42 47 0.0 0.0 0.0 0.0 46.0 0.0 0.0 0.6842619745845552
39 42 48 0.0 0.0 0.0 0.0 1.0 0.0 0.0 0.6996501749125437
39 43 32 0.0 0.0 0.0 0.0 1.0 0.0 0.0 0.6996501749125437
39 43 33 0.0 0.0 68.0 0.0 1428.0 12.0 5.0 0.40195233993683593
39 43 34 0.0 0.0 17.0 0.0 764.0 6.0 6.0 0.5046863734679162
39 43 35 0.0 0.0 224.0 0.0 5449.0 20.0 339.0 0.18291089626339166
39 43 36 0.0 0.0 641.0 0.0 11188.0 22.0 3592.0 0.10131712259371833
39 43 37 0.0 0.0 1876.0 0.0 12761.0 49.0 28958.0 0.08408408408408408
39 43 38 0.0 0.0 1765.0 0.0 13241.0 40.0 24888.0 0.08232872684504557
39 43 39 0.0 0.0 2348.0 1.0 12317.0 66.0 38141.0 0.08394795226959284
39 43 40 0.0 1.0 2103.0 8.0 13949.0 51.0 25907.0 0.07756232686980609
39 43 41 0.0 1.0 2256.0 11.0 12992.0 56.0 33455.0 0.08112179858616293
39 43 42 0.0 0.0 1724.0 2.0 13561.0 45.0 22856.0 0.08096229470275271
39 43 43 0.0 1.0 1511.0 7.0 13704.0 45.0 17956.0 0.08132915069129777
39 43 44 0.0 0.0 961.0 0.0 13062.0 38.0 7448.0 0.08745627186406796
39 43 45 0.0 0.0 456.0 0.0 9111.0 16.0 1969.0 0.12111774374945927
39 43 46 0.0 0.0 104.0 0.0 2579.0 13.0 37.0 0.2997858672376873
39 43 47 0.0 0.0 0.0 0.0 21.0 0.0 0.0 0.6927263730826323
39 44 33 0.0 0.0 0.0 0.0 16.0 0.0 0.0 0.6944444444444444
39 44 34 0.0 0.0 10.0 0.0 295.0 2.0 1.0 0.60790273556231
39 44 35 0.0 0.0 616.0 0.0 10827.0 26.0 3384.0 0.1042364678728315
39 44 36 0.0 0.0 437.0 0.0 9497.0 18.0 2160.0 0.11738073279114612
39 44 37 0.0 0.0 940.0 0.0 12952.0 30.0 7765.0 0.08813345923827509
39 44 38 0.0 0.0 1084.0 0.0 13160.0 36.0 10285.0 0.08621220518504832
39 44 39 0.0 0.0 1213.0 0.0 13583.0 34.0 12038.0 0.08334821694350181
39 44 40 0.0 0.0 1225.0 1.0 13736.0 35.0 13544.0 0.0825715128280743
39 44 41 0.0 0.0 1086.0 0.0 13216.0 28.0 10996.0 0.08588957055214723
39 44 42 0.0 0.0 1003.0 0.0 13059.0 40.0 10233.0 0.08721654622476949
39 44 43 0.0 0.0 982.0 0.0 12918.0 32.0 8526.0 0.08808355354221718
39 44 44 0.0 0.0 484.0 0.0 9596.0 18.0 1948.0 0.11597084161696486
39 44 45 0.0 0.0 132.0 0.0 3394.0 13.0 98.0 0.2538071065989847
39 44 46 0.0 0.0 39.0 0.0 971.0 9.0 8.0 0.4663557628247834
39 44 47 0.0 0.0 0.0 0.0 1.0 0.0 0.0 0.6996501749125437
39 45 32 0.0 0.0 0.0 0.0 1.0 0.0 0.0 0.6996501749125437
39 45 33 0.0 0.0 0.0 0.0 4.0 0.0 0.0 0.6986027944111775
39 45 34 0.0 0.0 9.0 0.0 308.0 3.0 1.0 0.6050129645635263
39 45 35 0.0 0.0 106.0 0.0 2990.0 18.0 88.0 0.2754820936639118
39 45 36 0.0 0.0 126.0 0.0 2708.0 11.0 57.0 0.29027576197387517
39 45 37 0.0 0.0 257.0 0.0 5864.0 22.0 435.0 0.17279684028634903
39 45 38 0.0 0.0 399.0 0.0 8245.0 22.0 1332.0 0.1317275122318404
39 45 39 0.0 0.0 444.0 0.0 8955.0 20.0 1565.0 0.12296881862099251
39 45 40 0.0 0.0 508.0 0.0 10014.0 21.0 2342.0 0.11194626579241963
39 45 41 0.0 0.0 554.0 0.0 10439.0 18.0 3081.0 0.10770887828896751
39 45 42 0.0 0.0 482.0 0.0 9410.0 21.0 1676.0 0.11785503830288745
39 45 43 0.0 0.0 269.0 0.0 6173.0 18.0 442.0 0.16613266880265812
39 45 44 0.0 0.0 297.0 0.0 6055.0 23.0 474.0 0.16804705317488897
39 45 45 0.0 0.0 2.0 0.0 205.0 1.0 0.0 0.6346328195829555
39 45 46 0.0 0.0 0.0 0.0 51.0 0.0 0.0 0.68259385665529
39 45 47 0.0 0.0 0.0 0.0 8.0 0.0 0.0 0.697211155378486
39 46 33 0.0 0.0 0.0 0.0 2.0 0.0 0.0 0.6993006993006992
39 46 34 0.0 0.0 0.0 0.0 3.0 0.0 0.0 0.6989515726410384
39 46 35 0.0 0.0 0.0 0.0 4.0 0.0 0.0 0.6986027944111775
39 46 36 0.0 0.0 0.0 0.0 26.0 0.0 0.0 0.6910167818361302
39 46 37 0.0 0.0 13.0 0.0 317.0 3.0 0.0 0.6018916595012896
39 46 38 0.0 0.0 134.0 0.0 3619.0 8.0 116.0 0.2436901653611836
39 46 39 0.0 0.0 63.0 0.0 1381.0 7.0 11.0 0.40721349621873176
39 46 40 0.0 0.0 116.0 0.0 2241.0 20.0 28.0 0.3228782287822878
39 46 41 0.0 0.0 39.0 0.0 1197.0 10.0 7.0 0.43424317617866
39 46 42 0.0 0.0 303.0 0.0 6461.0 19.0 545.0 0.16003657978966618
39 46 43 0.0 0.0 44.0 0.0 886.0 11.0 3.0 0.4796163069544363
39 46 44 0.0 0.0 11.0 0.0 374.0 4.0 0.0 0.5879882402351952
39 46 45 0.0 0.0 0.0 0.0 15.0 0.0 0.0 0.694789081885856
39 46 46 0.0 0.0 0.0 0.0 5.0 0.0 0.0 0.6982543640897755
39 46 47 0.0 0.0 1.0 0.0 29.0 0.0 0.0 0.689655172413793
39 47 36 0.0 0.0 1.0 0.0 6.0 0.0 0.0 0.6975585450921773
39 47 37 0.0 0.0 107.0 0.0 2795.0 10.0 53.0 0.2861815208503679
39 47 38 0.0 0.0 3.0 0.0 81.0 0.0 0.0 0.6717850287907868
39 47 39 0.0 0.0 0.0 0.0 26.0 0.0 0.0 0.6910167818361302
39 47 40 0.0 0.0 0.0 0.0 4.0 0.0 0.0 0.6986027944111775
39 47 41 0.0 0.0 0.0 0.0 17.0 0.0 0.0 0.694100148735746
39 47 42 0.0 0.0 0.0 0.0 21.0 0.0 0.0 0.6927263730826323
39 47 43 0.0 0.0 0.0 0.0 9.0 0.0 0.0 0.6968641114982577
39 47 44 0.0 0.0 0.0 0.0 1.0 0.0 0.0 0.6996501749125437
39 48 36 0.0 0.0 0.0 0.0 1.0 0.0 0.0 0.6996501749125437
39 48 37 0.0 0.0 8.0 0.0 132.0 1.0 0.0 0.6545114539504441
39 48 38 0.0 0.0 0.0 0.0 1.0 0.0 0.0 0.6996501749125437
40 32 39 0.0 0.0 0.0 0.0 4.0 0.0 0.0 0.6986027944111775
40 32 40 0.0 0.0 0.0 0.0 1.0 0.0 0.0 0.6996501749125437
40 32 41 0.0 0.0 2.0 0.0 4.0 0.0 0.0 0.6979062811565303
40 33 35 0.0 0.0 0.0 0.0 1.0 0.0 0.0 0.6996501749125437
40 33 36 0.0 0.0 0.0 0.0 6.0 0.0 0.0 0.6979062811565303
40 33 37 0.0 0.0 1.0 0.0 21.0 1.0 0.0 0.6927263730826323
40 33 38 0.0 0.0 1.0 0.0 45.0 1.0 0.0 0.6845965770171147
40 33 39 0.0 0.0 119.0 0.0 2384.0 13.0 37.0 0.3118040089086859
40 33 40 0.0 0.0 84.0 0.0 1539.0 10.0 10.0 0.3874896208137282
40 33 41 0.0 0.0 22.0 0.0 651.0 5.0 0.0 0.5247376311844076
40 33 42 0.0 0.0 0.0 0.0 55.0 0.0 0.0 0.6812652068126519
40 33 43 0.0 0.0 0.0 0.0 1.0 0.0 0.0 0.6996501749125437
40 33 44 0.0 0.0 0.0 0.0 2.0 0.0 0.0 0.6993006993006992
40 34 33 0.0 0.0 0.0 0.0 1.0 0.0 0.0 0.6996501749125437
40 34 34 0.0 0.0 8.0 0.0 175.0 2.0 0.0 0.6419073819348922
40 34 35 0.0 0.0 4.0 0.0 166.0 0.0 0.0 0.6451612903225805
40 34 36 0.0 0.0 97.0 0.0 2104.0 15.0 24.0 0.33428844317096457
40 34 37 0.0 0.0 67.0 0.0 1645.0 11.0 14.0 0.3782761415833558
40 34 38 0.0 0.0 103.0 0.0 2520.0 16.0 56.0 0.30381944444444436
40 34 39 0.0 0.0 389.0 0.0 8166.0 24.0 1185.0 0.13287775246772968
40 34 40 0.0 0.0 488.0 0.0 9106.0 28.0 1582.0 0.12100259291270525
40 34 41 0.0 0.0 199.0 0.0 4242.0 25.0 149.0 0.21813649111872854
40 34 42 0.0 0.0 89.0 0.0 2099.0 22.0 29.0 0.3360537686029764
40 34 43 0.0 0.0 23.0 0.0 559.0 5.0 2.0 0.5432673651532789
40 34 44 0.0 0.0 26.0 0.0 724.0 9.0 2.0 0.5107624954396205
40 34 45 0.0 0.0 0.0 0.0 26.0 0.0 0.0 0.6910167818361302
40 34 46 0.0 0.0 0.0 0.0 1.0 0.0 0.0 0.6996501749125437
40 35 33 0.0 0.0 2.0 0.0 21.0 0.0 0.0 0.6920415224913494
40 35 34 0.0 0.0 113.0 0.0 2341.0 15.0 37.0 0.31538634827663886
40 35 35 0.0 0.0 274.0 0.0 6301.0 13.0 496.0 0.16343684333411157
40 35 36 0.0 0.0 331.0 0.0 7751.0 26.0 1056.0 0.139137348439674
40 35 37 0.0 0.0 535.0 0.0 10180.0 32.0 2356.0 0.11031439602868172
40 35 38 0.0 0.0 735.0 0.0 11833.0 32.0 4520.0 0.09615384615384615
40 35 39 0.0 0.0 763.0 0.0 11672.0 30.0 4601.0 0.0970873786407767
40 35 40 0.0 0.0 805.0 0.0 12480.0 29.0 6434.0 0.09165302782324057
40 35 41 0.0 0.0 289.0 0.0 7040.0 26.0 759.0 0.1503597894962947
40 35 42 0.0 0.0 391.0 0.0 8551.0 24.0 1402.0 0.12814645308924483
40 35 43 0.0 0.0 127.0 0.0 3329.0 17.0 99.0 0.25740025740025735
40 35 44 0.0 0.0 382.0 0.0 8191.0 18.0 1235.0 0.13246286309016936
40 35 45 0.0 0.0 1.0 0.0 125.0 2.0 0.0 0.6591337099811675
40 35 46 0.0 0.0 1.0 0.0 36.0 0.0 0.0 0.6876227897838899
40 35 47 0.0 0.0 1.0 0.0 3.0 0.0 0.0 0.6986027944111775
40 36 32 0.0 0.0 0.0 0.0 1.0 0.0 0.0 0.6996501749125437
40 36 33 0.0 0.0 2.0 0.0 68.0 1.0 0.0 0.6766553890768486
40 36 34 0.0 0.0 243.0 0.0 5533.0 16.0 385.0 0.18034265103697023
40 36 35 0.0 0.0 624.0 0.0 10896.0 25.0 3289.0 0.10363461396106298
40 36 36 0.0 0.0 1256.0 0.0 13394.0 34.0 15777.0 0.08404874827399891
40 36 37 0.0 0.0 1250.0 0.0 13544.0 35.0 12811.0 0.08332837331111242
40 36 38 0.0 0.0 1200.0 0.0 13682.0 37.0 11999.0 0.08295313148071339
40 36 39 0.0 0.0 1781.0 0.0 13221.0 42.0 25165.0 0.08229968843689377
40 36 40 0.0 0.0 1190.0 0.0 13606.0 40.0 11791.0 0.08336310587114444
40 36 41 0.0 0.0 1518.0 0.0 13732.0 39.0 18277.0 0.0811782442305462
40 36 42 0.0 0.0 763.0 0.0 12078.0 35.0 4462.0 0.09447331128956069
40 36 43 0.0 0.0 559.0 0.0 10767.0 31.0 3932.0 0.10519987977156596
40 36 44 0.0 0.0 511.0 0.0 9656.0 20.0 2306.0 0.11513157894736842
40 36 45 0.0 0.0 222.0 0.0 5413.0 23.0 312.0 0.1838718150774888
40 36 46 0.0 0.0 2.0 0.0 129.0 0.0 0.0 0.6569685593618019
40 36 47 0.0 0.0 0.0 0.0 5.0 0.0 0.0 0.6982543640897755
40 37 32 0.0 0.0 0.0 0.0 9.0 0.0 0.0 0.6968641114982577
40 37 33 0.0 0.0 117.0 0.0 2852.0 14.0 49.0 0.2825999192571659
40 37 34 0.0 0.0 379.0 0.0 8526.0 28.0 1460.0 0.12870012870012867
40 37 35 0.0 0.0 657.0 0.0 11272.0 26.0 3900.0 0.10060362173038229
40 37 36 0.0 0.0 1755.0 0.0 12854.0 40.0 26900.0 0.08425106818318588
40 37 37 0.0 0.0 1707.0 0.0 14205.0 52.0 19602.0 0.07823414361553506
40 37 38 0.0 0.0 2530.0 0.0 12762.0 60.0 38024.0 0.08101851851851852
40 37 39 0.0 0.0 2825.0 0.0 11951.0 68.0 46689.0 0.0834625014904018
40 37 40 0.0 0.0 2760.0 1.0 12476.0 64.0 42100.0 0.08123476848090982
40 37 41 0.0 0.0 2254.0 2.0 13882.0 73.0 29118.0 0.0772669573376014
40 37 42 0.0 0.0 2052.0 2.0 13750.0 40.0 25889.0 0.07859428507269971
40 37 43 0.0 0.0 1458.0 0.0 13580.0 40.0 18109.0 0.08216926869350862
40 37 44 0.0 0.0 679.0 0.0 11284.0 23.0 3521.0 0.10027934961678961
40 37 45 0.0 0.0 607.0 0.0 10749.0 29.0 3214.0 0.10500262506562663
40 37 46 0.0 0.0 175.0 0.0 3908.0 28.0 97.0 0.23117569352708053
40 37 47 0.0 0.0 0.0 0.0 26.0 0.0 0.0 0.6910167818361302
40 38 32 0.0 0.0 0.0 0.0 16.0 0.0 0.0 0.6944444444444444
40 38 33 0.0 0.0 30.0 0.0 763.0 6.0 1.0 0.5023322569070685
40 38 34 0.0 0.0 347.0 0.0 8227.0 17.0 1491.0 0.13250047321597577
40 38 35 0.0 0.0 856.0 0.0 12566.0 20.0 6997.0 0.09074998379464574
40 38 36 0.0 0.0 1782.0 0.0 13458.0 51.0 24906.0 0.08125362739408008
40 38 37 0.0 0.0 2942.0 0.0 10229.0 72.0 60170.0 0.09228740936058008
40 38 38 0.0 1.0 3490.0 5.0 8501.0 75.0 82156.0 0.09995002498750623
40 38 39 0.0 1.0 4110.0 12.0 9734.0 69.0 75449.0 0.0880890958283521
40 38 40 0.0 3.0 4525.0 5.0 9983.0 81.0 78041.0 0.08481764206955045
40 38 41 0.0 1.0 4242.0 2.0 9599.0 72.0 79115.0 0.08832807570977917
40 38 42 0.0 1.0 3416.0 4.0 11123.0 84.0 60032.0 0.08466376390904692
40 38 43 0.0 0.0 2047.0 2.0 13473.0 59.0 29093.0 0.07989499514923243
40 38 44 0.0 0.0 1305.0 0.0 13768.0 37.0 13714.0 0.08203926164664517
40 38 45 0.0 0.0 671.0 0.0 11421.0 26.0 3895.0 0.09941769634995028
40 38 46 0.0 0.0 251.0 0.0 6233.0 11.0 566.0 0.16509433962264147
40 38 47 0.0 0.0 10.0 0.0 176.0 0.0 0.0 0.6407322654462241
40 39 32 0.0 0.0 0.0 0.0 5.0 0.0 0.0 0.6982543640897755
40 39 33 0.0 0.0 72.0 0.0 1767.0 13.0 15.0 0.3661087866108786
40 39 34 0.0 0.0 377.0 0.0 7706.0 12.0 991.0 0.13897161008536826
40 39 35 0.0 0.0 1362.0 0.0 13457.0 38.0 16605.0 0.0832738520104687
40 39 36 0.0 0.0 2068.0 0.0 13440.0 43.0 29504.0 0.07993605115907274
40 39 37 0.0 0.0 3264.0 0.0 11268.0 64.0 57009.0 0.08469961885171516
40 39 38 0.0 3.0 4205.0 5.0 9045.0 81.0 84386.0 0.09177920545430705
40 39 39 0.0 12.0 4605.0 22.0 7170.0 71.0 107321.0 0.10143457469931892
40 39 40 1.0 15.0 5129.0 36.0 7635.0 71.0 104869.0 0.09444144630329196
40 39 41 0.0 19.0 4915.0 40.0 7853.0 71.0 101352.0 0.09440323668240053
40 39 42 1.0 3.0 4097.0 12.0 8816.0 70.0 85852.0 0.0937834941050375
40 39 43 0.0 1.0 2731.0 8.0 12533.0 65.0 42472.0 0.08107482047718322
40 39 44 0.0 0.0 1471.0 0.0 13131.0 37.0 19943.0 0.08435767654856591
40 39 45 0.0 0.0 979.0 0.0 12998.0 20.0 9033.0 0.08759854836691276
40 39 46 0.0 0.0 323.0 0.0 6504.0 16.0 529.0 0.15885623510722796
40 39 47 0.0 0.0 2.0 0.0 120.0 0.0 0.0 0.66006600660066
40 40 32 0.0 0.0 0.0 0.0 2.0 0.0 0.0 0.6993006993006992
40 40 33 0.0 0.0 8.0 0.0 165.0 3.0 0.0 0.6451612903225805
40 40 34 0.0 0.0 367.0 0.0 8248.0 16.0 1227.0 0.13202565069784986
40 40 35 0.0 0.0 1134.0 0.0 13474.0 34.0 12688.0 0.0843221104619647
40 40 36 0.0 0.0 2192.0 0.0 12259.0 51.0 36339.0 0.08511673151750972
40 40 37 0.0 0.0 3201.0 1.0 11414.0 69.0 54854.0 0.08417508417508417
40 40 38 0.0 0.0 4142.0 1.0 8340.0 69.0 90821.0 0.09647853352629039
40 40 39 0.0 23.0 4776.0 62.0 6581.0 64.0 113194.0 0.10404280618311533
40 40 40 3.0 67.0 2835.0 138.0 3488.0 47.0 142932.0 0.16403046280023428
40 40 41 0.0 28.0 4200.0 72.0 5411.0 53.0 124416.0 0.11958657213632867
40 40 42 0.0 40.0 4231.0 149.0 9077.0 67.0 82526.0 0.09025852620720778
40 40 43 0.0 2.0 2868.0 12.0 11807.0 58.0 48074.0 0.08383233532934131
40 40 44 0.0 1.0 1191.0 4.0 13524.0 36.0 12246.0 0.08372204281784475
40 40 45 0.0 0.0 885.0 0.0 12703.0 27.0 7452.0 0.08985879332477534
40 40 46 0.0 0.0 265.0 0.0 6896.0 26.0 748.0 0.15322315858596913
40 40 47 0.0 0.0 4.0 0.0 180.0 1.0 0.0 0.6413192853870818
40 40 48 0.0 0.0 0.0 0.0 1.0 0.0 0.0 0.6996501749125437
40 41 32 0.0 0.0 0.0 0.0 15.0 0.0 0.0 0.694789081885856
40 41 33 0.0 0.0 60.0 0.0 1585.0 13.0 12.0 0.38556871385293306
40 41 34 0.0 0.0 294.0 0.0 6550.0 24.0 573.0 0.15871216415372402
40 41 35 0.0 0.0 1237.0 0.0 13729.0 42.0 11742.0 0.08254230293025175
40 41 36 0.0 0.0 1635.0 0.0 13561.0 33.0 21257.0 0.08140954817700762
40 41 37 0.0 2.0 2772.0 3.0 12190.0 63.0 44745.0 0.0825082508250825
40 41 38 0.0 0.0 3952.0 3.0 10650.0 85.0 67908.0 0.08442380751371885
40 41 39 0.0 11.0 4834.0 37.0 8638.0 57.0 91980.0 0.09013649240278135
40 41 40 0.0 82.0 4978.0 225.0 7457.0 79.0 104848.0 0.09498609132234208
40 41 41 0.0 848.0 4261.0 2292.0 6503.0 76.0 98386.0 0.08801156723455082
40 41 42 0.0 36.0 3819.0 126.0 9011.0 70.0 80843.0 0.09335200373408013
40 41 43 0.0 4.0 2273.0 25.0 13852.0 52.0 29046.0 0.0770204104087583
40 41 44 0.0 0.0 1629.0 0.0 13029.0 42.0 23254.0 0.08396305625524768
40 41 45 0.0 0.0 670.0 0.0 11443.0 28.0 3892.0 0.09924854671770876
40 41 46 0.0 0.0 113.0 0.0 2579.0 18.0 47.0 0.29959340894500314
40 41 47 0.0 0.0 9.0 0.0 282.0 1.0 0.0 0.6113537117903929
40 41 48 0.0 0.0 0.0 0.0 1.0 0.0 0.0 0.6996501749125437
40 42 32 0.0 0.0 0.0 0.0 2.0 0.0 0.0 0.6993006993006992
40 42 33 0.0 0.0 1.0 0.0 105.0 1.0 0.0 0.6650831353919239
40 42 34 0.0 0.0 510.0 0.0 9932.0 21.0 2210.0 0.1126126126126126
40 42 35 0.0 0.0 596.0 0.0 10936.0 22.0 3536.0 0.10355795547007914
40 42 36 0.0 0.0 1103.0 0.0 13601.0 32.0 10100.0 0.08382731572959702
40 42 37 0.0 0.0 1778.0 0.0 14011.0 51.0 21420.0 0.07874901563730452
40 42 38 0.0 0.0 3158.0 0.0 10271.0 60.0 62856.0 0.09068532193289285
40 42 39 0.0 5.0 3705.0 29.0 11146.0 71.0 61013.0 0.08294821661334281
40 42 40 0.0 27.0 4150.0 87.0 8427.0 66.0 88617.0 0.09514747859181731
40 42 41 0.0 38.0 3675.0 191.0 11131.0 79.0 60810.0 0.08219338930311747
40 42 42 0.0 31.0 2714.0 204.0 13070.0 52.0 39222.0 0.07766990291262135
40 42 43 0.0 1.0 2520.0 2.0 11340.0 64.0 46896.0 0.08816120906801006
40 42 44 0.0 0.0 1508.0 1.0 13326.0 34.0 19955.0 0.0831551437396056
40 42 45 0.0 0.0 521.0 0.0 9881.0 17.0 2266.0 0.1129305477131564
40 42 46 0.0 0.0 57.0 0.0 1739.0 12.0 22.0 0.36997885835095135
40 42 47 0.0 0.0 1.0 0.0 29.0 0.0 0.0 0.6899950714637751
40 43 32 0.0 0.0 4.0 0.0 50.0 3.0 0.0 0.68259385665529
40 43 33 0.0 0.0 13.0 0.0 373.0 4.0 1.0 0.5877413937867337
40 43 34 0.0 0.0 268.0 0.0 5248.0 17.0 261.0 0.18661690215942414
40 43 35 0.0 0.0 359.0 0.0 7581.0 15.0 844.0 0.1410579345088161
40 43 36 0.0 0.0 1141.0 0.0 12997.0 25.0 14071.0 0.08666047663262147
40 43 37 0.0 0.0 1476.0 1.0 14014.0 27.0 15401.0 0.08002743797873556
40 43 38 0.0 0.0 2171.0 4.0 12017.0 57.0 37389.0 0.08650519031141868
40 43 39 0.0 0.0 2273.0 2.0 12892.0 39.0 34476.0 0.08145691511025774
40 43 40 0.0 2.0 2213.0 18.0 13763.0 43.0 29319.0 0.07769145394006659
40 43 41 0.0 2.0 2512.0 12.0 11337.0 54.0 46791.0 0.08818342151675483
40 43 42 0.0 2.0 1973.0 4.0 13031.0 47.0 29167.0 0.0822610024090722
40 43 43 0.0 0.0 1410.0 0.0 13917.0 39.0 16265.0 0.08078942812626232
40 43 44 0.0 0.0 1341.0 0.0 13168.0 38.0 17073.0 0.08480222908716456
40 43 45 0.0 0.0 452.0 0.0 8834.0 26.0 1446.0 0.12432288429091552
40 43 46 0.0 0.0 19.0 0.0 621.0 5.0 4.0 0.5313092979127134
40 43 47 0.0 0.0 3.0 0.0 36.0 0.0 0.0 0.6866110838646394
40 44 33 0.0 0.0 3.0 0.0 167.0 2.0 0.0 0.6457564575645756
40 44 34 0.0 0.0 120.0 0.0 2896.0 8.0 49.0 0.27955271565495204
40 44 35 0.0 0.0 193.0 0.0 4952.0 12.0 253.0 0.1962708537782139
40 44 36 0.0 0.0 658.0 0.0 11348.0 35.0 3977.0 0.10012873694750392
40 44 37 0.0 0.0 422.0 0.0 9124.0 19.0 1826.0 0.1213697442566103
40 44 38 0.0 0.0 1025.0 0.0 13371.0 27.0 9884.0 0.08543878921030147
40 44 39 0.0 0.0 1215.0 0.0 13919.0 34.0 11181.0 0.08174227827407017
40 44 40 0.0 0.0 1101.0 0.0 13237.0 33.0 12674.0 0.08572653236176596
40 44 41 0.0 0.0 1340.0 1.0 13414.0 37.0 16620.0 0.08357709987463434
40 44 42 0.0 0.0 890.0 0.0 13006.0 30.0 7128.0 0.08812791136850055
40 44 43 0.0 0.0 801.0 0.0 12555.0 26.0 6495.0 0.0911933298593017
40 44 44 0.0 0.0 773.0 0.0 12042.0 32.0 5162.0 0.09458181326847723
40 44 45 0.0 0.0 468.0 0.0 9454.0 17.0 2093.0 0.11748909029875797
40 44 46 0.0 0.0 108.0 0.0 2553.0 19.0 56.0 0.30152918371742404
40 44 47 0.0 0.0 0.0 0.0 5.0 0.0 0.0 0.6982543640897755
40 45 33 0.0 0.0 0.0 0.0 7.0 0.0 0.0 0.6975585450921773
40 45 34 0.0 0.0 77.0 0.0 2040.0 12.0 24.0 0.340881421962503
40 45 35 0.0 0.0 5.0 0.0 271.0 2.0 1.0 0.615655233069481
40 45 36 0.0 0.0 62.0 0.0 1899.0 12.0 25.0 0.35434067324727914
40 45 37 0.0 0.0 354.0 0.0 7235.0 13.0 723.0 0.14601585314977053
40 45 38 0.0 0.0 580.0 0.0 10463.0 29.0 2589.0 0.1074856046065259
40 45 39 0.0 0.0 579.0 0.0 10283.0 27.0 2162.0 0.10901728702694283
40 45 40 0.0 0.0 451.0 0.0 8673.0 34.0 1232.0 0.12617159336697906
40 45 41 0.0 0.0 572.0 0.0 10719.0 36.0 3327.0 0.10550113036925395
40 45 42 0.0 0.0 591.0 0.0 10660.0 29.0 3199.0 0.10578812150521384
40 45 43 0.0 0.0 457.0 0.0 8934.0 24.0 1387.0 0.12299042431696387
40 45 44 0.0 0.0 326.0 0.0 7126.0 9.0 713.0 0.14821088291340245
40 45 45 0.0 0.0 91.0 0.0 2066.0 18.0 27.0 0.3380825887466795
40 45 46 0.0 0.0 265.0 0.0 5399.0 25.0 298.0 0.1832460732984293
40 45 47 0.0 0.0 0.0 0.0 6.0 0.0 0.0 0.6979062811565303
40 46 33 0.0 0.0 0.0 0.0 2.0 0.0 0.0 0.6993006993006992
40 46 34 0.0 0.0 0.0 0.0 1.0 0.0 0.0 0.6996501749125437
40 46 35 0.0 0.0 0.0 0.0 14.0 0.0 0.0 0.6951340615690167
40 46 36 0.0 0.0 0.0 0.0 24.0 0.0 0.0 0.6916996047430829
40 46 37 0.0 0.0 5.0 0.0 406.0 1.0 0.0 0.58115400581154
40 46 38 0.0 0.0 388.0 0.0 7714.0 19.0 909.0 0.13876499157498262
40 46 39 0.0 0.0 228.0 0.0 4796.0 16.0 242.0 0.19968620738838963
40 46 40 0.0 0.0 39.0 0.0 1281.0 8.0 12.0 0.4227053140096617
40 46 41 0.0 0.0 39.0 0.0 1016.0 12.0 7.0 0.46022353714661396
40 46 42 0.0 0.0 69.0 0.0 1294.0 5.0 4.0 0.4169148302561048
40 46 43 0.0 0.0 6.0 0.0 167.0 0.0 0.0 0.6445672191528544
40 46 44 0.0 0.0 33.0 0.0 1013.0 3.0 9.0 0.46022353714661396
40 46 45 0.0 0.0 0.0 0.0 37.0 0.0 0.0 0.6876227897838899
40 46 46 0.0 0.0 7.0 0.0 150.0 4.0 0.0 0.6502554575011611
40 46 47 0.0 0.0 0.0 0.0 8.0 0.0 0.0 0.697211155378486
40 47 36 0.0 0.0 0.0 0.0 5.0 0.0 0.0 0.6982543640897755
40 47 37 0.0 0.0 0.0 0.0 19.0 0.0 0.0 0.6937561942517343
40 47 38 0.0 0.0 0.0 0.0 44.0 1.0 0.0 0.6852667645619186
40 47 39 0.0 0.0 10.0 0.0 135.0 0.0 0.0 0.6526806526806526
40 47 40 0.0 0.0 1.0 0.0 12.0 0.0 0.0 0.695479384003974
40 47 41 0.0 0.0 0.0 0.0 13.0 0.0 0.0 0.695479384003974
40 47 42 0.0 0.0 0.0 0.0 17.0 0.0 0.0 0.694100148735746
40 47 43 0.0 0.0 1.0 0.0 16.0 0.0 0.0 0.694100148735746
40 48 37 0.0 0.0 0.0 0.0 2.0 0.0 0.0 0.6993006993006992
41 32 39 0.0 0.0 0.0 0.0 1.0 0.0 0.0 0.6996501749125437
41 32 41 0.0 0.0 0.0 0.0 1.0 0.0 0.0 0.6996501749125437
41 33 35 0.0 0.0 0.0 0.0 1.0 0.0 0.0 0.6996501749125437
41 33 36 0.0 0.0 0.0 0.0 12.0 0.0 0.0 0.6958250497017892
41 33 37 0.0 0.0 5.0 0.0 84.0 2.0 0.0 0.670819357930043
41 33 38 0.0 0.0 9.0 0.0 112.0 5.0 0.0 0.661625708884688
41 33 39 0.0 0.0 1.0 0.0 125.0 0.0 0.0 0.6585136406396989
41 33 40 0.0 0.0 3.0 0.0 123.0 1.0 0.0 0.6588235294117646
41 33 41 0.0 0.0 31.0 0.0 944.0 8.0 5.0 0.4720161834120026
41 33 42 0.0 0.0 8.0 0.0 184.0 3.0 0.0 0.639853747714808
41 33 43 0.0 0.0 0.0 0.0 5.0 0.0 0.0 0.6982543640897755
41 33 44 0.0 0.0 0.0 0.0 1.0 0.0 0.0 0.6996501749125437
41 34 33 0.0 0.0 0.0 0.0 2.0 0.0 0.0 0.6993006993006992
41 34 34 0.0 0.0 2.0 0.0 144.0 2.0 0.0 0.6529850746268656
41 34 35 0.0 0.0 31.0 0.0 699.0 6.0 3.0 0.5143277002204261
41 34 36 0.0 0.0 27.0 0.0 979.0 4.0 4.0 0.4665111629456847
41 34 37 0.0 0.0 259.0 0.0 5046.0 25.0 226.0 0.19222847727584785
41 34 38 0.0 0.0 116.0 0.0 2944.0 15.0 58.0 0.2774474831549742
41 34 39 0.0 0.0 253.0 0.0 5724.0 19.0 355.0 0.17590149516270887
41 34 40 0.0 0.0 239.0 0.0 4813.0 23.0 201.0 0.19917484706217095
41 34 41 0.0 0.0 501.0 0.0 9354.0 23.0 1757.0 0.11827321111768184
41 34 42 0.0 0.0 18.0 0.0 634.0 5.0 0.0 0.5291005291005291
41 34 43 0.0 0.0 74.0 0.0 1454.0 14.0 6.0 0.3982930298719772
41 34 44 0.0 0.0 45.0 0.0 803.0 10.0 4.0 0.4936530324400563
41 34 45 0.0 0.0 0.0 0.0 17.0 0.0 0.0 0.694100148735746
41 35 33 0.0 0.0 1.0 0.0 49.0 1.0 0.0 0.6832601268911663
41 35 34 0.0 0.0 29.0 0.0 943.0 3.0 2.0 0.47153923880094306
41 35 35 0.0 0.0 316.0 0.0 7094.0 15.0 754.0 0.14895201617193318
41 35 36 0.0 0.0 603.0 0.0 10276.0 23.0 2369.0 0.10878856165980262
41 35 37 0.0 0.0 543.0 0.0 10299.0 25.0 2749.0 0.10916179337231968
41 35 38 0.0 0.0 699.0 0.0 11484.0 39.0 4191.0 0.09884911388830048
41 35 39 0.0 0.0 483.0 0.0 9519.0 16.0 1935.0 0.11670556852284093
41 35 40 0.0 0.0 1103.0 0.0 13101.0 43.0 11649.0 0.08645711109738775
41 35 41 0.0 0.0 484.0 0.0 9577.0 25.0 2143.0 0.11619221512158684
41 35 42 0.0 0.0 628.0 0.0 10723.0 20.0 2889.0 0.1049711329384419
41 35 43 0.0 0.0 221.0 0.0 4796.0 14.0 233.0 0.1998857795545402
41 35 44 0.0 0.0 43.0 0.0 1165.0 11.0 6.0 0.43791054113231154
41 35 45 0.0 0.0 33.0 0.0 795.0 6.0 0.0 0.4961020552799432
41 35 46 0.0 0.0 0.0 0.0 6.0 0.0 0.0 0.6979062811565303
41 35 47 0.0 0.0 0.0 0.0 1.0 0.0 0.0 0.6996501749125437
41 36 32 0.0 0.0 0.0 0.0 5.0 0.0 0.0 0.6982543640897755
41 36 33 0.0 0.0 1.0 0.0 69.0 0.0 0.0 0.6766553890768486
41 36 34 0.0 0.0 103.0 0.0 2804.0 10.0 70.0 0.2860061287027579
41 36 35 0.0 0.0 533.0 0.0 9851.0 30.0 1983.0 0.11325944502871935
41 36 36 0.0 0.0 788.0 0.0 12429.0 24.0 7643.0 0.09200236577511992
41 36 37 0.0 0.0 1358.0 0.0 13340.0 40.0 17440.0 0.08383233532934131
41 36 38 0.0 0.0 1212.0 0.0 13770.0 36.0 11232.0 0.0824985268120212
41 36 39 0.0 0.0 1587.0 0.0 13788.0 49.0 19606.0 0.08062658373646625
41 36 40 0.0 0.0 1490.0 0.0 13756.0 52.0 18532.0 0.08124891184493063
41 36 41 0.0 0.0 1126.0 0.0 13727.0 28.0 10334.0 0.08306633440132906
41 36 42 0.0 0.0 823.0 0.0 12360.0 30.0 6280.0 0.09233001384950207
41 36 43 0.0 0.0 941.0 1.0 12777.0 23.0 9507.0 0.08902454533892916
41 36 44 0.0 0.0 212.0 0.0 4807.0 7.0 229.0 0.19968620738838963
41 36 45 0.0 0.0 121.0 0.0 3137.0 10.0 73.0 0.26681913474366303
41 36 46 0.0 0.0 1.0 0.0 65.0 0.0 0.0 0.6776379477250725
41 37 32 0.0 0.0 1.0 0.0 25.0 0.0 0.0 0.6910167818361302
41 37 33 0.0 0.0 46.0 0.0 1125.0 6.0 10.0 0.44233807266982617
41 37 34 0.0 0.0 90.0 0.0 2629.0 3.0 60.0 0.29686174724342657
41 37 35 0.0 0.0 650.0 0.0 11151.0 32.0 3820.0 0.10153020523605771
41 37 36 0.0 0.0 1645.0 0.0 13165.0 49.0 23192.0 0.08327880554398905
41 37 37 0.0 0.0 2419.0 1.0 10957.0 64.0 49135.0 0.0910450673083176
41 37 38 0.0 0.0 2583.0 0.0 12564.0 61.0 40412.0 0.08167075020417687
41 37 39 0.0 0.0 3100.0 0.0 10691.0 56.0 58391.0 0.08856275303643724
41 37 40 0.0 0.0 2222.0 1.0 13936.0 56.0 27823.0 0.07718176305198741
41 37 41 0.0 0.0 2455.0 1.0 12476.0 60.0 38618.0 0.0826739104759655
41 37 42 0.0 1.0 1993.0 1.0 12934.0 42.0 29893.0 0.08263974971961513
41 37 43 0.0 0.0 1431.0 0.0 13596.0 44.0 16863.0 0.08229001351907364
41 37 44 0.0 0.0 921.0 0.0 12848.0 31.0 7515.0 0.0888832455082217
41 37 45 0.0 0.0 496.0 0.0 9028.0 23.0 1366.0 0.12165450121654499
41 37 46 0.0 0.0 72.0 0.0 2143.0 12.0 31.0 0.33301617507136055
41 37 47 0.0 0.0 0.0 0.0 36.0 0.0 0.0 0.6876227897838899
41 38 32 0.0 0.0 0.0 0.0 15.0 0.0 0.0 0.694789081885856
41 38 33 0.0 0.0 356.0 0.0 7080.0 23.0 726.0 0.1486357362777365
41 38 34 0.0 0.0 481.0 0.0 9782.0 26.0 2407.0 0.1143323805634953
41 38 35 0.0 0.0 1004.0 0.0 13204.0 26.0 7956.0 0.08640375239153242
41 38 36 0.0 0.0 1590.0 0.0 13737.0 37.0 20250.0 0.0808080808080808
41 38 37 0.0 0.0 2427.0 0.0 13453.0 54.0 32685.0 0.07824726134585289
41 38 38 0.0 0.0 3479.0 2.0 9572.0 63.0 72131.0 0.09295531505212136
41 38 39 0.0 0.0 3898.0 3.0 11340.0 56.0 61457.0 0.08115001159285878
41 38 40 0.0 1.0 3780.0 2.0 11434.0 71.0 60978.0 0.08127721335268505
41 38 41 0.0 26.0 3764.0 144.0 11167.0 62.0 60912.0 0.0818282775147583
41 38 42 0.0 1.0 3419.0 4.0 11182.0 67.0 59247.0 0.08419533317296125
41 38 43 0.0 0.0 2397.0 0.0 12832.0 62.0 36261.0 0.08134332694207191
41 38 44 0.0 0.0 1131.0 0.0 13555.0 44.0 10862.0 0.0839529863276565
41 38 45 0.0 0.0 509.0 0.0 10001.0 25.0 2307.0 0.11201792286765881
41 38 46 0.0 0.0 156.0 0.0 3744.0 20.0 106.0 0.23809523809523803
41 38 47 0.0 0.0 1.0 0.0 61.0 0.0 0.0 0.6789524733268669
41 39 32 0.0 0.0 0.0 0.0 6.0 0.0 0.0 0.6979062811565303
41 39 33 0.0 0.0 17.0 0.0 601.0 3.0 4.0 0.5353728489483747
41 39 34 0.0 0.0 336.0 0.0 7137.0 24.0 698.0 0.14808546646921936
41 39 35 0.0 0.0 955.0 0.0 13005.0 27.0 9301.0 0.08770830722967045
41 39 36 0.0 0.0 1710.0 0.0 13773.0 40.0 21961.0 0.08010528122675516
41 39 37 0.0 0.0 3108.0 0.0 12475.0 59.0 47459.0 0.07959520154642104
41 39 38 0.0 1.0 4190.0 4.0 9528.0 62.0 79335.0 0.0889679715302491
41 39 39 1.0 2.0 3981.0 8.0 6221.0 67.0 113279.0 0.11459441761479904
41 39 40 0.0 10.0 4744.0 23.0 7632.0 71.0 101574.0 0.09699321047526673
41 39 41 1.0 3.0 3918.0 12.0 6180.0 65.0 113584.0 0.11566424322538003
41 39 42 0.0 2.0 4055.0 13.0 8859.0 68.0 84348.0 0.09362669698388282
41 39 43 0.0 2.0 2803.0 11.0 11687.0 52.0 48608.0 0.08489479109817476
41 39 44 0.0 0.0 1663.0 0.0 13322.0 30.0 22849.0 0.08234325373485472
41 39 45 0.0 0.0 816.0 0.0 12612.0 24.0 6163.0 0.09073822023462311
41 39 46 0.0 0.0 182.0 0.0 4490.0 13.0 227.0 0.21021021021021016
41 39 47 0.0 0.0 5.0 0.0 125.0 2.0 0.0 0.6578947368421051
41 40 32 0.0 0.0 0.0 0.0 5.0 0.0 0.0 0.6982543640897755
41 40 33 0.0 0.0 82.0 0.0 2285.0 11.0 41.0 0.3213957759412305
41 40 34 0.0 0.0 548.0 0.0 10315.0 19.0 2676.0 0.10891551268087753
41 40 35 0.0 0.0 1168.0 0.0 13489.0 34.0 12220.0 0.08410428931875524
41 40 36 0.0 0.0 2185.0 0.0 12673.0 55.0 34288.0 0.08301215535131928
41 40 37 0.0 0.0 3358.0 1.0 11348.0 70.0 57818.0 0.08376712738586728
41 40 38 0.0 1.0 4297.0 3.0 9745.0 68.0 79845.0 0.08727091385114075
41 40 39 0.0 7.0 4746.0 9.0 7168.0 74.0 107091.0 0.1004664513814137
41 40 40 0.0 28.0 5374.0 63.0 8356.0 79.0 99622.0 0.08846761453396523
41 40 41 0.0 32.0 4018.0 78.0 5588.0 53.0 119650.0 0.11951511012463717
41 40 42 0.0 20.0 4266.0 86.0 8803.0 73.0 86880.0 0.09225700164744645
41 40 43 0.0 2.0 2785.0 2.0 13432.0 50.0 37308.0 0.07680491551459293
41 40 44 0.0 0.0 1718.0 0.0 13275.0 46.0 23613.0 0.08241111372733693
41 40 45 0.0 0.0 716.0 0.0 11636.0 23.0 3994.0 0.09762900976290097
41 40 46 0.0 0.0 323.0 0.0 6984.0 21.0 678.0 0.15066724063710718
41 40 47 0.0 0.0 40.0 0.0 1164.0 7.0 5.0 0.4380475594493116
41 41 32 0.0 0.0 0.0 0.0 1.0 0.0 0.0 0.6996501749125437
41 41 33 0.0 0.0 64.0 0.0 1791.0 5.0 28.0 0.3636363636363636
41 41 34 0.0 0.0 413.0 0.0 8447.0 23.0 1406.0 0.12906794505393196
41 41 35 0.0 0.0 1022.0 0.0 12820.0 26.0 11629.0 0.08840058091810316
41 41 36 0.0 0.0 2273.0 0.0 11732.0 62.0 41138.0 0.0874945315917755
41 41 37 0.0 0.0 3051.0 0.0 9967.0 68.0 64226.0 0.09309748636786806
41 41 38 0.0 1.0 3843.0 2.0 9157.0 70.0 79537.0 0.09326493904470054
41 41 39 0.0 15.0 4073.0 52.0 6361.0 77.0 111359.0 0.11216151257811248
41 41 40 1.0 44.0 4281.0 85.0 6530.0 66.0 111471.0 0.1080997606362443
41 41 41 0.0 52.0 4541.0 190.0 7937.0 75.0 96592.0 0.09506348883004004
41 41 42 0.0 24.0 3708.0 102.0 11501.0 64.0 57960.0 0.08062658373646625
41 41 43 0.0 0.0 2495.0 3.0 12480.0 63.0 40010.0 0.08245965366945458
41 41 44 0.0 0.0 1376.0 0.0 13846.0 28.0 15957.0 0.08121120714658622
41 41 45 0.0 0.0 666.0 0.0 11374.0 24.0 4264.0 0.09977194982896236
41 41 46 0.0 0.0 466.0 0.0 8591.0 20.0 1297.0 0.12669683257918551
41 41 47 0.0 0.0 9.0 0.0 371.0 2.0 0.0 0.5887300252312867
41 42 32 0.0 0.0 0.0 0.0 5.0 0.0 0.0 0.6982543640897755
41 42 33 0.0 0.0 61.0 0.0 1315.0 10.0 10.0 0.41592394533571
41 42 34 0.0 0.0 168.0 0.0 4352.0 12.0 193.0 0.21502073414222084
41 42 35 0.0 0.0 1116.0 0.0 13225.0 42.0 10686.0 0.08573703227386857
41 42 36 0.0 0.0 1285.0 0.0 13591.0 32.0 14423.0 0.08296787957804906
41 42 37 0.0 0.0 2208.0 0.0 13391.0 47.0 30531.0 0.07956805910770104
41 42 38 0.0 0.0 2715.0 2.0 13355.0 56.0 36322.0 0.07745076344323965
41 42 39 0.0 2.0 3704.0 15.0 11485.0 61.0 59602.0 0.08127721335268505
41 42 40 0.0 19.0 3874.0 81.0 10054.0 68.0 71818.0 0.08736349453978158
41 42 41 0.0 41.0 3566.0 192.0 11704.0 68.0 56123.0 0.07997714938588973
41 42 42 0.0 20.0 2999.0 131.0 10626.0 66.0 57285.0 0.08877615726062142
41 42 43 0.0 0.0 2571.0 2.0 11758.0 58.0 44144.0 0.08570554025099479
41 42 44 0.0 0.0 1028.0 0.0 13262.0 43.0 8500.0 0.08604265257206072
41 42 45 0.0 0.0 593.0 0.0 10892.0 19.0 3511.0 0.10388068561252502
41 42 46 0.0 0.0 146.0 0.0 3453.0 21.0 117.0 0.2510310202617894
41 42 47 0.0 0.0 0.0 0.0 22.0 0.0 0.0 0.6923837784371908
41 43 33 0.0 0.0 1.0 0.0 70.0 0.0 0.0 0.6763285024154588
41 43 34 0.0 0.0 175.0 0.0 3862.0 7.0 147.0 0.2321339744652628
41 43 35 0.0 0.0 654.0 0.0 11211.0 31.0 4362.0 0.10110493247634865
41 43 36 0.0 0.0 934.0 0.0 12937.0 34.0 7800.0 0.0882779494293461
41 43 37 0.0 0.0 1573.0 0.0 13162.0 59.0 21163.0 0.08374207441081469
41 43 38 0.0 0.0 1709.0 0.0 13746.0 37.0 21357.0 0.08016491067338524
41 43 39 0.0 0.0 2093.0 1.0 13290.0 39.0 29151.0 0.08046439450543134
41 43 40 0.0 3.0 2280.0 28.0 13164.0 43.0 33027.0 0.08010986495765621
41 43 41 0.0 3.0 2173.0 10.0 13387.0 42.0 30615.0 0.07961783439490445
41 43 42 0.0 0.0 1910.0 9.0 12926.0 52.0 28438.0 0.08313045543613799
41 43 43 0.0 1.0 1755.0 2.0 13298.0 41.0 24742.0 0.08206811653672548
41 43 44 0.0 0.0 1254.0 0.0 13266.0 40.0 14596.0 0.08480736612551489
41 43 45 0.0 0.0 393.0 0.0 8695.0 27.0 1483.0 0.1264679313459801
41 43 46 0.0 0.0 70.0 0.0 1689.0 10.0 20.0 0.3735325506937032
41 43 47 0.0 0.0 0.0 0.0 10.0 0.0 0.0 0.6965174129353233
41 44 33 0.0 0.0 0.0 0.0 11.0 0.0 0.0 0.6961710591745399
41 44 34 0.0 0.0 0.0 0.0 130.0 0.0 0.0 0.6572769953051641
41 44 35 0.0 0.0 280.0 0.0 6399.0 23.0 574.0 0.1616814874696847
41 44 36 0.0 0.0 420.0 0.0 9053.0 19.0 1879.0 0.12210012210012208
41 44 37 0.0 0.0 712.0 0.0 11788.0 32.0 4615.0 0.09669176048069618
41 44 38 0.0 0.0 692.0 0.0 11642.0 23.0 4271.0 0.0977585364150548
41 44 39 0.0 0.0 1044.0 0.0 13273.0 33.0 8945.0 0.085831647354546
41 44 40 0.0 0.0 1229.0 1.0 13506.0 34.0 13447.0 0.08362202843148965
41 44 41 0.0 0.0 950.0 1.0 13169.0 35.0 7045.0 0.08690793966105903
41 44 42 0.0 0.0 850.0 2.0 12475.0 31.0 5665.0 0.09141961603761263
41 44 43 0.0 0.0 781.0 0.0 12143.0 27.0 6891.0 0.09386523633925577
41 44 44 0.0 0.0 423.0 0.0 8480.0 30.0 1272.0 0.1287119610186632
41 44 45 0.0 0.0 494.0 0.0 9748.0 20.0 2549.0 0.11444453527344067
41 44 46 0.0 0.0 6.0 0.0 349.0 2.0 0.0 0.5949851253718657
41 44 47 0.0 0.0 0.0 0.0 8.0 0.0 0.0 0.697211155378486
41 45 34 0.0 0.0 0.0 0.0 11.0 0.0 0.0 0.6961710591745399
41 45 35 0.0 0.0 28.0 0.0 744.0 4.0 0.0 0.5057803468208091
41 45 36 0.0 0.0 71.0 0.0 1670.0 9.0 12.0 0.37503348513260104
41 45 37 0.0 0.0 238.0 0.0 5650.0 22.0 411.0 0.1779811848461734
41 45 38 0.0 0.0 478.0 0.0 9304.0 20.0 1530.0 0.11893636904256222
41 45 39 0.0 0.0 856.0 0.0 12436.0 29.0 7016.0 0.09161704076958313
41 45 40 0.0 0.0 527.0 0.0 9791.0 28.0 2047.0 0.11377488825680618
41 45 41 0.0 0.0 451.0 0.0 8946.0 28.0 1533.0 0.12314187703403992
41 45 42 0.0 0.0 247.0 0.0 5654.0 26.0 348.0 0.17775520568816655
41 45 43 0.0 0.0 237.0 0.0 5654.0 17.0 457.0 0.17782293915915148
41 45 44 0.0 0.0 95.0 0.0 2183.0 15.0 28.0 0.32848427968090094
41 45 45 0.0 0.0 75.0 0.0 1838.0 13.0 31.0 0.3586984370996669
41 45 46 0.0 0.0 2.0 0.0 78.0 1.0 0.0 0.6734006734006733
41 45 47 0.0 0.0 0.0 0.0 7.0 0.0 0.0 0.6975585450921773
41 46 35 0.0 0.0 0.0 0.0 4.0 0.0 0.0 0.6986027944111775
41 46 36 0.0 0.0 0.0 0.0 22.0 0.0 0.0 0.6923837784371908
41 46 37 0.0 0.0 122.0 0.0 2262.0 13.0 31.0 0.32014635261833974
41 46 38 0.0 0.0 148.0 0.0 3403.0 14.0 79.0 0.25275320454955763
41 46 39 0.0 0.0 51.0 0.0 1262.0 17.0 10.0 0.4250151791135397
41 46 40 0.0 0.0 78.0 0.0 2301.0 18.0 40.0 0.3208065994500458
41 46 41 0.0 0.0 48.0 0.0 895.0 13.0 1.0 0.47814207650273216
41 46 42 0.0 0.0 60.0 0.0 1649.0 5.0 12.0 0.3779697624190064
41 46 43 0.0 0.0 7.0 0.0 226.0 3.0 3.0 0.6278026905829596
41 46 44 0.0 0.0 0.0 0.0 28.0 0.0 0.0 0.690335305719921
41 46 45 0.0 0.0 0.0 0.0 17.0 0.0 0.0 0.694100148735746
41 46 46 0.0 0.0 0.0 0.0 4.0 0.0 0.0 0.6986027944111775
41 47 37 0.0 0.0 7.0 0.0 104.0 2.0 0.0 0.6638217164532954
41 47 38 0.0 0.0 37.0 0.0 630.0 6.0 2.0 0.5263157894736842
41 47 39 0.0 0.0 0.0 0.0 21.0 0.0 0.0 0.6927263730826323
41 47 40 0.0 0.0 0.0 0.0 7.0 0.0 0.0 0.6975585450921773
41 47 41 0.0 0.0 0.0 0.0 7.0 0.0 0.0 0.6975585450921773
41 47 42 0.0 0.0 0.0 0.0 1.0 0.0 0.0 0.6996501749125437
41 47 43 0.0 0.0 0.0 0.0 2.0 0.0 0.0 0.6993006993006992
42 32 40 0.0 0.0 1.0 0.0 4.0 0.0 0.0 0.6982543640897755
42 32 41 0.0 0.0 0.0 0.0 1.0 0.0 0.0 0.6996501749125437
42 33 35 0.0 0.0 0.0 0.0 2.0 0.0 0.0 0.6993006993006992
42 33 36 0.0 0.0 1.0 0.0 12.0 0.0 0.0 0.695479384003974
42 33 37 0.0 0.0 0.0 0.0 20.0 0.0 0.0 0.6930693069306929
42 33 38 0.0 0.0 0.0 0.0 88.0 2.0 0.0 0.6711409395973154
42 33 39 0.0 0.0 4.0 0.0 138.0 3.0 0.0 0.6545114539504441
42 33 40 0.0 0.0 58.0 0.0 1335.0 11.0 4.0 0.41383387525864607
42 33 41 0.0 0.0 7.0 0.0 144.0 3.0 0.0 0.6517690875232773
42 33 42 0.0 0.0 21.0 0.0 482.0 9.0 1.0 0.5613472333600641
42 34 34 0.0 0.0 0.0 0.0 23.0 0.0 0.0 0.6920415224913494
42 34 35 0.0 0.0 17.0 0.0 371.0 3.0 0.0 0.5870020964360586
42 34 36 0.0 0.0 67.0 0.0 1409.0 10.0 10.0 0.4039238315060588
42 34 37 0.0 0.0 225.0 0.0 5033.0 22.0 252.0 0.1934503247201879
42 34 38 0.0 0.0 293.0 0.0 5723.0 19.0 323.0 0.17497812773403323
42 34 39 0.0 0.0 550.0 0.0 10482.0 21.0 2926.0 0.10746085354620816
42 34 40 0.0 0.0 132.0 0.0 2541.0 25.0 23.0 0.3012696363245104
42 34 41 0.0 0.0 335.0 0.0 6707.0 23.0 548.0 0.15514184397163117
42 34 42 0.0 0.0 21.0 0.0 639.0 11.0 2.0 0.5287009063444108
42 34 43 0.0 0.0 16.0 0.0 259.0 5.0 1.0 0.6167400881057268
42 34 44 0.0 0.0 0.0 0.0 21.0 0.0 0.0 0.6927263730826323
42 34 45 0.0 0.0 0.0 0.0 5.0 0.0 0.0 0.6982543640897755
42 35 33 0.0 0.0 0.0 0.0 1.0 0.0 0.0 0.6996501749125437
42 35 34 0.0 0.0 0.0 0.0 83.0 0.0 0.0 0.6721075372059528
42 35 35 0.0 0.0 283.0 0.0 6241.0 19.0 540.0 0.1645123384253819
42 35 36 0.0 0.0 474.0 0.0 9453.0 17.0 1711.0 0.11748909029875797
42 35 37 0.0 0.0 696.0 0.0 11725.0 23.0 5261.0 0.09712779242403217
42 35 38 0.0 0.0 756.0 0.0 11966.0 33.0 4917.0 0.09515394549038264
42 35 39 0.0 0.0 464.0 0.0 9316.0 30.0 1552.0 0.11910838863365661
42 35 40 0.0 0.0 388.0 0.0 8009.0 20.0 986.0 0.1348877541188939
42 35 41 0.0 0.0 478.0 0.0 9872.0 22.0 2333.0 0.11348897535667962
42 35 42 0.0 0.0 268.0 0.0 6310.0 25.0 576.0 0.16364699006428984
42 35 43 0.0 0.0 272.0 0.0 6298.0 21.0 540.0 0.16372354110630336
42 35 44 0.0 0.0 115.0 0.0 2919.0 16.0 75.0 0.2789956157831805
42 35 45 0.0 0.0 0.0 0.0 48.0 0.0 0.0 0.6835937499999999
42 35 46 0.0 0.0 0.0 0.0 4.0 0.0 0.0 0.6986027944111775
42 35 47 0.0 0.0 0.0 0.0 2.0 0.0 0.0 0.6996501749125437
42 36 32 0.0 0.0 0.0 0.0 10.0 0.0 0.0 0.6965174129353233
42 36 33 0.0 0.0 0.0 0.0 21.0 0.0 0.0 0.6927263730826323
42 36 34 0.0 0.0 50.0 0.0 1369.0 7.0 10.0 0.41043682204632065
42 36 35 0.0 0.0 378.0 0.0 8310.0 20.0 1339.0 0.13107386948787564
42 36 36 0.0 0.0 1021.0 0.0 13244.0 25.0 10130.0 0.08601093567610739
42 36 37 0.0 0.0 1262.0 0.0 13524.0 32.0 13806.0 0.08341277407054336
42 36 38 0.0 0.0 1691.0 0.0 13508.0 37.0 22204.0 0.08133387555917039
42 36 39 0.0 0.0 1256.0 0.0 13758.0 37.0 12325.0 0.08229001351907364
42 36 40 0.0 0.0 1332.0 0.0 13212.0 39.0 17795.0 0.08465352521465715
42 36 41 0.0 0.0 967.0 0.0 13183.0 20.0 8727.0 0.08670341239858796
42 36 42 0.0 0.0 920.0 0.0 12724.0 32.0 8437.0 0.08952551477170992
42 36 43 0.0 0.0 461.0 0.0 9457.0 26.0 2046.0 0.11761740737629167
42 36 44 0.0 0.0 349.0 0.0 8265.0 20.0 1306.0 0.1321003963011889
42 36 45 0.0 0.0 110.0 0.0 2822.0 11.0 45.0 0.2844372206420154
42 36 46 0.0 0.0 105.0 0.0 2242.0 15.0 21.0 0.3231017770597738
42 36 47 0.0 0.0 0.0 0.0 7.0 0.0 0.0 0.6975585450921773
42 37 32 0.0 0.0 3.0 0.0 34.0 2.0 0.0 0.6879606879606879
42 37 33 0.0 0.0 173.0 0.0 3985.0 22.0 143.0 0.2281244907935473
42 37 34 0.0 0.0 336.0 0.0 6367.0 16.0 457.0 0.1611232592933594
42 37 35 0.0 0.0 578.0 0.0 10835.0 17.0 3816.0 0.10436079016026835
42 37 36 0.0 0.0 1249.0 0.0 13737.0 41.0 13986.0 0.08245965366945458
42 37 37 0.0 0.0 1762.0 0.0 13091.0 62.0 25818.0 0.08319961965888155
42 37 38 0.0 0.0 2172.0 0.0 13387.0 56.0 30498.0 0.07973573299920263
42 37 39 0.0 0.0 2560.0 1.0 11812.0 74.0 44843.0 0.08554842652001221
42 37 40 0.0 3.0 2348.0 7.0 13024.0 52.0 34646.0 0.08058017727639
42 37 41 0.0 1.0 2173.0 1.0 12940.0 51.0 32982.0 0.08177570093457943
42 37 42 0.0 1.0 1794.0 16.0 13952.0 43.0 22273.0 0.07878890202037256
42 37 43 0.0 0.0 1157.0 0.0 13661.0 32.0 11475.0 0.08325899494498959
42 37 44 0.0 0.0 696.0 0.0 11487.0 34.0 3831.0 0.09882818014965408
42 37 45 0.0 0.0 328.0 0.0 7009.0 23.0 659.0 0.1502468340845675
42 37 46 0.0 0.0 73.0 0.0 1748.0 10.0 19.0 0.36735764891104694
42 37 47 0.0 0.0 0.0 0.0 23.0 0.0 0.0 0.6920415224913494
42 38 32 0.0 0.0 0.0 0.0 17.0 0.0 0.0 0.694100148735746
42 38 33 0.0 0.0 6.0 0.0 185.0 2.0 0.0 0.639853747714808
42 38 34 0.0 0.0 367.0 0.0 7670.0 17.0 880.0 0.13953951958536825
42 38 35 0.0 0.0 788.0 0.0 12453.0 25.0 6472.0 0.09192383453709783
42 38 36 0.0 0.0 1363.0 0.0 13917.0 40.0 14447.0 0.08105604446503009
42 38 37 0.0 0.0 2461.0 0.0 12587.0 71.0 38800.0 0.08208255159474671
42 38 38 0.0 0.0 3152.0 0.0 9668.0 73.0 68011.0 0.09454349000540246
42 38 39 0.0 0.0 3378.0 0.0 8991.0 65.0 76997.0 0.0973371341166655
42 38 40 0.0 0.0 3377.0 5.0 10966.0 67.0 59956.0 0.08563738683631024
42 38 41 0.0 0.0 3278.0 0.0 10713.0 56.0 59550.0 0.08750546909181822
42 38 42 0.0 0.0 2702.0 1.0 12827.0 57.0 41634.0 0.07993605115907274
42 38 43 0.0 0.0 2296.0 0.0 12216.0 56.0 38946.0 0.08476115517345764
42 38 44 0.0 0.0 1334.0 0.0 13577.0 36.0 15588.0 0.08282553392888835
42 38 45 0.0 0.0 1068.0 0.0 13265.0 48.0 11102.0 0.0857948277975242
42 38 46 0.0 0.0 349.0 0.0 7497.0 22.0 915.0 0.14249363867684475
42 38 47 0.0 0.0 0.0 0.0 35.0 0.0 0.0 0.6879606879606879
42 39 32 0.0 0.0 0.0 0.0 10.0 0.0 0.0 0.6965174129353233
42 39 33 0.0 0.0 13.0 0.0 400.0 4.0 0.0 0.58115400581154
42 39 34 0.0 0.0 219.0 0.0 5075.0 18.0 283.0 0.19233411182854787
42 39 35 0.0 0.0 1159.0 0.0 13305.0 37.0 13368.0 0.08504951096531194
42 39 36 0.0 0.0 1831.0 0.0 13518.0 37.0 24945.0 0.08070559750965584
42 39 37 0.0 0.0 2705.0 0.0 11882.0 66.0 45769.0 0.08441871683550409
42 39 38 0.0 1.0 3478.0 1.0 11120.0 58.0 60450.0 0.08425106818318588
42 39 39 0.0 0.0 4150.0 2.0 10336.0 70.0 71074.0 0.08484848484848484
42 39 40 0.0 14.0 4301.0 65.0 10523.0 73.0 71266.0 0.08288437629506837
42 39 41 0.0 0.0 3840.0 5.0 9842.0 75.0 73123.0 0.08930280028066592
42 39 42 0.0 2.0 3414.0 2.0 9169.0 78.0 76194.0 0.0961076405574243
42 39 43 0.0 1.0 2924.0 0.0 10612.0 53.0 57449.0 0.09005531969638492
42 39 44 0.0 0.0 1380.0 0.0 13486.0 32.0 16405.0 0.0829875518672199
42 39 45 0.0 0.0 558.0 0.0 10364.0 20.0 2656.0 0.10835913312693497
42 39 46 0.0 0.0 42.0 0.0 1500.0 8.0 13.0 0.39615166949632136
42 39 47 0.0 0.0 20.0 0.0 485.0 0.0 0.0 0.558882235528942
42 40 32 0.0 0.0 0.0 0.0 7.0 0.0 0.0 0.6975585450921773
42 40 33 0.0 0.0 129.0 0.0 2947.0 15.0 56.0 0.2764612954186414
42 40 34 0.0 0.0 474.0 0.0 9745.0 33.0 2550.0 0.11481056257175659
42 40 35 0.0 0.0 1022.0 0.0 13216.0 32.0 9562.0 0.08619628124615193
42 40 36 0.0 0.0 1594.0 0.0 13608.0 41.0 20464.0 0.08137169427492008
42 40 37 0.0 0.0 2785.0 0.0 11810.0 77.0 46505.0 0.08449004224502112
42 40 38 0.0 2.0 3740.0 6.0 7855.0 73.0 90595.0 0.10288821929889026
42 40 39 0.0 2.0 4152.0 10.0 8070.0 61.0 91415.0 0.09826630167754613
42 40 40 0.0 4.0 4130.0 13.0 7879.0 68.0 96866.0 0.09981462997290744
42 40 41 0.0 8.0 4442.0 17.0 9729.0 74.0 79847.0 0.08637176877043617
42 40 42 0.0 4.0 3990.0 17.0 9917.0 62.0 73469.0 0.08780732563973907
42 40 43 0.0 0.0 2520.0 2.0 12208.0 72.0 41310.0 0.08377715277362216
42 40 44 0.0 0.0 1522.0 0.0 13573.0 36.0 18245.0 0.08185698415482663
42 40 45 0.0 0.0 781.0 0.0 12300.0 27.0 5177.0 0.09286898839137643
42 40 46 0.0 0.0 271.0 0.0 6360.0 17.0 556.0 0.1625072547881602
42 40 47 0.0 0.0 13.0 0.0 191.0 6.0 0.0 0.6372325898953117
42 41 32 0.0 0.0 0.0 0.0 11.0 0.0 0.0 0.6968641114982577
42 41 33 0.0 0.0 72.0 0.0 1928.0 16.0 18.0 0.35140562248995977
42 41 34 0.0 0.0 215.0 0.0 5142.0 17.0 293.0 0.19073569482288827
42 41 35 0.0 0.0 746.0 0.0 12075.0 15.0 4809.0 0.09442233762730154
42 41 36 0.0 0.0 1725.0 0.0 13429.0 40.0 23039.0 0.08166598611678236
42 41 37 0.0 0.0 2454.0 0.0 12982.0 59.0 36590.0 0.08029364533149803
42 41 38 0.0 0.0 3259.0 1.0 12096.0 67.0 50819.0 0.0806219406852865
42 41 39 0.0 1.0 4067.0 2.0 9676.0 68.0 76807.0 0.08869741510390268
42 41 40 0.0 1.0 4458.0 7.0 10624.0 70.0 71090.0 0.08190487333996371
42 41 41 0.0 3.0 3883.0 9.0 8164.0 73.0 90020.0 0.09948834565093802
42 41 42 0.0 1.0 3364.0 6.0 10490.0 78.0 64025.0 0.08823900163872431
42 41 43 0.0 0.0 2071.0 0.0 13575.0 56.0 28600.0 0.07933359777865925
42 41 44 0.0 0.0 1189.0 0.0 13564.0 35.0 13255.0 0.08360704687966555
42 41 45 0.0 0.0 465.0 0.0 9574.0 21.0 2009.0 0.11645316918981866
42 41 46 0.0 0.0 101.0 0.0 2915.0 17.0 57.0 0.2801120448179271
42 41 47 0.0 0.0 0.0 0.0 40.0 0.0 0.0 0.6866110838646394
42 41 48 0.0 0.0 0.0 0.0 3.0 0.0 0.0 0.6989515726410384
42 42 32 0.0 0.0 0.0 0.0 3.0 0.0 0.0 0.6989515726410384
42 42 33 0.0 0.0 3.0 0.0 84.0 1.0 0.0 0.6714628297362109
42 42 34 0.0 0.0 44.0 0.0 1817.0 7.0 30.0 0.3633532312483778
42 42 35 0.0 0.0 873.0 0.0 12675.0 20.0 7775.0 0.08998007584034963
42 42 36 0.0 0.0 1572.0 0.0 13307.0 40.0 21171.0 0.08295313148071339
42 42 37 0.0 0.0 1590.0 0.0 13994.0 55.0 17885.0 0.07967220578192578
42 42 38 0.0 1.0 2667.0 0.0 11725.0 69.0 45567.0 0.08535544445799291
42 42 39 0.0 0.0 3391.0 0.0 10745.0 60.0 61754.0 0.08662294270511074
42 42 40 0.0 2.0 3410.0 6.0 9108.0 65.0 77211.0 0.09638554216867468
42 42 41 0.0 1.0 3324.0 8.0 11016.0 67.0 58839.0 0.08573178199632576
42 42 42 0.0 0.0 2832.0 5.0 11255.0 57.0 51579.0 0.0869619231008137
42 42 43 0.0 1.0 1864.0 10.0 13218.0 42.0 26263.0 0.08188092174523336
42 42 44 0.0 0.0 1073.0 0.0 13182.0 38.0 11214.0 0.08623344625808438
42 42 45 0.0 0.0 618.0 0.0 10796.0 37.0 3132.0 0.10451661067562523
42 42 46 0.0 0.0 65.0 0.0 1228.0 8.0 4.0 0.4264392324093816
42 42 47 0.0 0.0 20.0 0.0 700.0 7.0 1.0 0.5160339107998525
42 43 33 0.0 0.0 0.0 0.0 18.0 0.0 0.0 0.6937561942517343
42 43 34 0.0 0.0 120.0 0.0 2987.0 12.0 53.0 0.2747252747252747
42 43 35 0.0 0.0 424.0 0.0 8600.0 22.0 1385.0 0.12721490231712856
42 43 36 0.0 0.0 1031.0 0.0 13175.0 33.0 9955.0 0.08645711109738775
42 43 37 0.0 0.0 791.0 0.0 11989.0 35.0 4552.0 0.09487666034155597
42 43 38 0.0 0.0 1246.0 0.0 13790.0 37.0 12531.0 0.08220304151253595
42 43 39 0.0 0.0 2293.0 2.0 12183.0 51.0 38427.0 0.08501335924216662
42 43 40 0.0 1.0 1845.0 15.0 13555.0 50.0 24052.0 0.08043665613329502
42 43 41 0.0 0.0 2104.0 2.0 12505.0 64.0 34900.0 0.08430687703239792
42 43 42 0.0 0.0 1540.0 2.0 14098.0 37.0 17830.0 0.07944163876751971
42 43 43 0.0 1.0 1115.0 5.0 13294.0 32.0 11945.0 0.08532423208191126
42 43 44 0.0 0.0 861.0 0.0 12449.0 21.0 6614.0 0.09143155694879831
42 43 45 0.0 0.0 295.0 0.0 6952.0 16.0 683.0 0.1515971846237141
42 43 46 0.0 0.0 141.0 0.0 3560.0 15.0 99.0 0.2460889435753208
42 43 47 0.0 0.0 0.0 0.0 8.0 0.0 0.0 0.697211155378486
42 44 33 0.0 0.0 0.0 0.0 3.0 0.0 0.0 0.6989515726410384
42 44 34 0.0 0.0 132.0 0.0 2426.0 14.0 39.0 0.308030803080308
42 44 35 0.0 0.0 119.0 0.0 2631.0 15.0 49.0 0.29573299535276715
42 44 36 0.0 0.0 469.0 0.0 8849.0 15.0 1532.0 0.1237186284906327
42 44 37 0.0 0.0 433.0 0.0 8406.0 23.0 1151.0 0.1293183077775725
42 44 38 0.0 0.0 709.0 0.0 11781.0 44.0 4761.0 0.0968054211035818
42 44 39 0.0 0.0 1263.0 0.0 13616.0 32.0 13752.0 0.0829875518672199
42 44 40 0.0 0.0 1088.0 1.0 13277.0 29.0 10833.0 0.0856269113149847
42 44 41 0.0 0.0 928.0 0.0 12928.0 13.0 6254.0 0.08830579033682351
42 44 42 0.0 0.0 951.0 0.0 12926.0 31.0 9294.0 0.08818342151675483
42 44 43 0.0 0.0 818.0 0.0 12402.0 32.0 8191.0 0.09207497533706017
42 44 44 0.0 0.0 462.0 0.0 9520.0 19.0 2124.0 0.11696883616008019
42 44 45 0.0 0.0 177.0 0.0 4052.0 16.0 158.0 0.22529771483746378
42 44 46 0.0 0.0 13.0 0.0 537.0 4.0 0.0 0.5500982318271119
42 44 47 0.0 0.0 0.0 0.0 1.0 0.0 0.0 0.6996501749125437
42 45 33 0.0 0.0 0.0 0.0 1.0 0.0 0.0 0.6996501749125437
42 45 34 0.0 0.0 2.0 0.0 37.0 1.0 0.0 0.6869479882237487
42 45 35 0.0 0.0 5.0 0.0 174.0 2.0 0.0 0.6430868167202571
42 45 36 0.0 0.0 21.0 0.0 815.0 2.0 4.0 0.49400141143260407
42 45 37 0.0 0.0 107.0 0.0 2516.0 16.0 32.0 0.3038853917950944
42 45 38 0.0 0.0 265.0 0.0 5630.0 28.0 358.0 0.17789072426937733
42 45 39 0.0 0.0 353.0 0.0 7432.0 29.0 842.0 0.1433691756272401
42 45 40 0.0 0.0 233.0 0.0 5238.0 30.0 308.0 0.18814675446848542
42 45 41 0.0 0.0 342.0 0.0 7258.0 23.0 776.0 0.14610728449175536
42 45 42 0.0 0.0 241.0 0.0 5179.0 8.0 262.0 0.18880647336480105
42 45 43 0.0 0.0 119.0 0.0 2737.0 19.0 53.0 0.2893757751136833
42 45 44 0.0 0.0 212.0 0.0 5770.0 15.0 437.0 0.1757028112449799
42 45 45 0.0 0.0 147.0 0.0 3431.0 23.0 107.0 0.2519344970307719
42 45 46 0.0 0.0 18.0 0.0 424.0 5.0 2.0 0.5744768157570782
42 46 35 0.0 0.0 0.0 0.0 2.0 0.0 0.0 0.6993006993006992
42 46 36 0.0 0.0 0.0 0.0 9.0 0.0 0.0 0.6968641114982577
42 46 37 0.0 0.0 150.0 0.0 3174.0 13.0 79.0 0.2636038410845415
42 46 38 0.0 0.0 81.0 0.0 1954.0 16.0 17.0 0.3483453595421746
42 46 39 0.0 0.0 130.0 0.0 2879.0 18.0 55.0 0.2804487179487179
42 46 40 0.0 0.0 130.0 0.0 3219.0 15.0 80.0 0.2625164072754546
42 46 41 0.0 0.0 73.0 0.0 1748.0 16.0 15.0 0.3679369250985544
42 46 42 0.0 0.0 35.0 0.0 700.0 5.0 0.0 0.5128205128205128
42 46 43 0.0 0.0 0.0 0.0 46.0 0.0 0.0 0.6842619745845552
42 46 44 0.0 0.0 0.0 0.0 16.0 0.0 0.0 0.6944444444444444
42 46 45 0.0 0.0 0.0 0.0 21.0 0.0 0.0 0.6927263730826323
42 46 46 0.0 0.0 0.0 0.0 3.0 0.0 0.0 0.6989515726410384
42 47 36 0.0 0.0 0.0 0.0 3.0 0.0 0.0 0.6989515726410384
42 47 37 0.0 0.0 0.0 0.0 4.0 0.0 0.0 0.6986027944111775
42 47 38 0.0 0.0 0.0 0.0 9.0 0.0 0.0 0.6968641114982577
42 47 39 0.0 0.0 1.0 0.0 12.0 0.0 0.0 0.695479384003974
42 47 40 0.0 0.0 0.0 0.0 13.0 0.0 0.0 0.695479384003974
42 47 41 0.0 0.0 0.0 0.0 6.0 0.0 0.0 0.6979062811565303
42 47 42 0.0 0.0 0.0 0.0 1.0 0.0 0.0 0.6996501749125437
43 32 39 0.0 0.0 0.0 0.0 1.0 0.0 0.0 0.0
43 33 35 0.0 0.0 0.0 0.0 1.0 0.0 0.0 0.6996501749125437
43 33 36 0.0 0.0 13.0 0.0 212.0 5.0 0.0 0.6306306306306305
43 33 37 0.0 0.0 0.0 0.0 12.0 0.0 0.0 0.6958250497017892
43 33 38 0.0 0.0 0.0 0.0 50.0 1.0 0.0 0.6832601268911663
43 33 39 0.0 0.0 0.0 0.0 71.0 1.0 0.0 0.6763285024154588
43 33 40 0.0 0.0 57.0 0.0 1374.0 4.0 13.0 0.40852057192880065
43 33 41 0.0 0.0 0.0 0.0 7.0 0.0 0.0 0.6975585450921773
43 33 42 0.0 0.0 3.0 0.0 169.0 1.0 0.0 0.64486411791801
43 33 43 0.0 0.0 0.0 0.0 2.0 0.0 0.0 0.6993006993006992
43 34 34 0.0 0.0 0.0 0.0 8.0 0.0 0.0 0.697211155378486
43 34 35 0.0 0.0 8.0 0.0 140.0 2.0 0.0 0.6523765144454798
43 34 36 0.0 0.0 60.0 0.0 1396.0 12.0 11.0 0.40650406504065034
43 34 37 0.0 0.0 21.0 0.0 758.0 7.0 3.0 0.505050505050505
43 34 38 0.0 0.0 116.0 0.0 3043.0 8.0 70.0 0.27179188507086
43 34 39 0.0 0.0 213.0 0.0 4777.0 24.0 227.0 0.20088965418280955
43 34 40 0.0 0.0 46.0 0.0 1043.0 9.0 7.0 0.45454545454545453
43 34 41 0.0 0.0 49.0 0.0 1426.0 7.0 5.0 0.40369088811995385
43 34 42 0.0 0.0 124.0 0.0 2549.0 13.0 41.0 0.3004291845493562
43 34 43 0.0 0.0 0.0 0.0 82.0 0.0 0.0 0.6724303554274734
43 34 44 0.0 0.0 2.0 0.0 34.0 0.0 0.0 0.6876227897838899
43 35 33 0.0 0.0 0.0 0.0 1.0 0.0 0.0 0.6996501749125437
43 35 34 0.0 0.0 14.0 0.0 582.0 4.0 2.0 0.5401234567901234
43 35 35 0.0 0.0 224.0 0.0 4550.0 19.0 189.0 0.20728457210541898
43 35 36 0.0 0.0 533.0 0.0 9859.0 20.0 2168.0 0.11304909560723514
43 35 37 0.0 0.0 463.0 0.0 9229.0 24.0 1932.0 0.11991434689507494
43 35 38 0.0 0.0 608.0 0.0 10991.0 30.0 3485.0 0.10305483989694515
43 35 39 0.0 0.0 598.0 0.0 10728.0 31.0 3006.0 0.10523941967977146
43 35 40 0.0 0.0 431.0 0.0 8799.0 26.0 1593.0 0.12485507892624631
43 35 41 0.0 0.0 438.0 0.0 8680.0 22.0 1427.0 0.1260806916426513
43 35 42 0.0 0.0 421.0 0.0 8591.0 34.0 1448.0 0.12744651797906234
43 35 43 0.0 0.0 186.0 0.0 4577.0 15.0 238.0 0.20737668493556508
43 35 44 0.0 0.0 51.0 0.0 1111.0 7.0 5.0 0.44374009508716317
43 35 45 0.0 0.0 0.0 0.0 21.0 0.0 0.0 0.6927263730826323
43 35 46 0.0 0.0 0.0 0.0 1.0 0.0 0.0 0.6996501749125437
43 36 32 0.0 0.0 0.0 0.0 3.0 0.0 0.0 0.6989515726410384
43 36 33 0.0 0.0 85.0 0.0 1909.0 9.0 20.0 0.3512293025589563
43 36 34 0.0 0.0 26.0 0.0 615.0 3.0 1.0 0.5307050796057619
43 36 35 0.0 0.0 157.0 0.0 4304.0 18.0 205.0 0.21715526601520083
43 36 36 0.0 0.0 491.0 0.0 9923.0 17.0 2107.0 0.11286681715575621
43 36 37 0.0 0.0 718.0 0.0 11592.0 28.0 4292.0 0.0978952520802741
43 36 38 0.0 0.0 1249.0 0.0 13569.0 52.0 13392.0 0.08333829394606822
43 36 39 0.0 0.0 1441.0 0.0 13522.0 23.0 17809.0 0.08250338853202899
43 36 40 0.0 0.0 1019.0 0.0 13121.0 36.0 9953.0 0.08679479231246125
43 36 41 0.0 0.0 1020.0 0.0 13045.0 23.0 9797.0 0.08709717556302102
43 36 42 0.0 0.0 942.0 0.0 12773.0 28.0 8903.0 0.08914358484559057
43 36 43 0.0 0.0 480.0 0.0 9604.0 26.0 1988.0 0.11599005799502898
43 36 44 0.0 0.0 122.0 0.0 2940.0 16.0 68.0 0.2773925104022191
43 36 45 0.0 0.0 42.0 0.0 968.0 9.0 4.0 0.46666666666666656
43 36 46 0.0 0.0 1.0 0.0 41.0 0.0 0.0 0.6856023506366307
43 36 47 0.0 0.0 1.0 0.0 12.0 0.0 0.0 0.695479384003974
43 37 32 0.0 0.0 0.0 0.0 9.0 0.0 0.0 0.6968641114982577
43 37 33 0.0 0.0 0.0 0.0 25.0 0.0 0.0 0.6913580246913579
43 37 34 0.0 0.0 41.0 0.0 956.0 11.0 2.0 0.46885465505693225
43 37 35 0.0 0.0 394.0 0.0 7670.0 19.0 855.0 0.13927576601671307
43 37 36 0.0 0.0 783.0 0.0 12079.0 37.0 4929.0 0.09430149535228344
43 37 37 0.0 0.0 1413.0 0.0 13724.0 41.0 16347.0 0.08172319187437976
43 37 38 0.0 0.0 2223.0 0.0 11755.0 43.0 39619.0 0.0874945315917755
43 37 39 0.0 0.0 2036.0 0.0 13397.0 55.0 28316.0 0.08029825064525378
43 37 40 0.0 0.0 1710.0 0.0 13699.0 44.0 22820.0 0.08045977011494253
43 37 41 0.0 0.0 1676.0 1.0 13268.0 39.0 24442.0 0.08258125405532943
43 37 42 0.0 0.0 1248.0 0.0 13803.0 37.0 13649.0 0.08213552361396302
43 37 43 0.0 0.0 1205.0 0.0 13534.0 45.0 13774.0 0.08367700675392982
43 37 44 0.0 0.0 802.0 0.0 12248.0 25.0 4777.0 0.0930789176251579
43 37 45 0.0 0.0 289.0 0.0 6000.0 12.0 409.0 0.1690821256038647
43 37 46 0.0 0.0 260.0 0.0 5693.0 22.0 376.0 0.1765002521432173
43 37 47 0.0 0.0 2.0 0.0 83.0 2.0 0.0 0.6721075372059528
43 38 32 0.0 0.0 0.0 0.0 2.0 0.0 0.0 0.6993006993006992
43 38 33 0.0 0.0 0.0 0.0 32.0 0.0 0.0 0.6893156080748399
43 38 34 0.0 0.0 79.0 0.0 2179.0 10.0 32.0 0.329489291598023
43 38 35 0.0 0.0 656.0 0.0 10986.0 29.0 3593.0 0.10275229357798164
43 38 36 0.0 0.0 1244.0 0.0 13738.0 40.0 12410.0 0.08249366566495786
43 38 37 0.0 0.0 1722.0 0.0 13346.0 65.0 24187.0 0.0821307051507685
43 38 38 0.0 0.0 2276.0 0.0 12187.0 52.0 38624.0 0.08502884907379288
43 38 39 0.0 0.0 2785.0 0.0 11541.0 70.0 48364.0 0.08583690987124462
43 38 40 0.0 0.0 2363.0 1.0 12895.0 51.0 35460.0 0.08116883116883115
43 38 41 0.0 0.0 2562.0 0.0 12344.0 74.0 40292.0 0.08290400900100668
43 38 42 0.0 0.0 2636.0 0.0 11583.0 63.0 47202.0 0.08632383771118508
43 38 43 0.0 0.0 1680.0 0.0 13719.0 47.0 22550.0 0.08051529790660224
43 38 44 0.0 0.0 1240.0 0.0 13162.0 37.0 15402.0 0.08534503779565958
43 38 45 0.0 0.0 679.0 0.0 11179.0 26.0 3816.0 0.10109033143187232
43 38 46 0.0 0.0 94.0 0.0 2377.0 15.0 33.0 0.3143242029636282
43 38 47 0.0 0.0 0.0 0.0 19.0 0.0 0.0 0.6934125804853887
43 39 33 0.0 0.0 6.0 0.0 153.0 1.0 0.0 0.6487488415199257
43 39 34 0.0 0.0 99.0 0.0 2741.0 15.0 48.0 0.2900953170327393
43 39 35 0.0 0.0 476.0 0.0 9505.0 22.0 1922.0 0.11697860962566843
43 39 36 0.0 0.0 1288.0 0.0 12960.0 34.0 18552.0 0.0860849781713091
43 39 37 0.0 0.0 2147.0 0.0 13264.0 63.0 30326.0 0.08041355542791498
43 39 38 0.0 0.0 2591.0 0.0 13127.0 65.0 37652.0 0.07908710880126539
43 39 39 0.0 0.0 3011.0 0.0 11564.0 67.0 50662.0 0.08449514152936205
43 39 40 0.0 0.0 3185.0 0.0 10485.0 59.0 61737.0 0.08925725215173731
43 39 41 0.0 0.0 2900.0 0.0 12071.0 59.0 47106.0 0.08255203726634824
43 39 42 0.0 0.0 2561.0 0.0 12394.0 59.0 41188.0 0.08256664307619721
43 39 43 0.0 0.0 1863.0 0.0 13481.0 46.0 25763.0 0.08070094535393127
43 39 44 0.0 0.0 1093.0 0.0 13389.0 33.0 10285.0 0.08496176720475786
43 39 45 0.0 0.0 557.0 0.0 10255.0 30.0 2559.0 0.10939209251445536
43 39 46 0.0 0.0 148.0 0.0 3849.0 20.0 124.0 0.2341137123745819
43 39 47 0.0 0.0 1.0 0.0 57.0 0.0 0.0 0.6802721088435373
43 40 32 0.0 0.0 0.0 0.0 4.0 0.0 0.0 0.6986027944111775
43 40 33 0.0 0.0 20.0 0.0 451.0 4.0 0.0 0.5674908796108633
43 40 34 0.0 0.0 152.0 0.0 3979.0 19.0 159.0 0.22902012105349254
43 40 35 0.0 0.0 443.0 0.0 9265.0 15.0 1790.0 0.11962744595402885
43 40 36 0.0 0.0 1361.0 0.0 13269.0 42.0 17662.0 0.0842358604091456
43 40 37 0.0 0.0 2346.0 0.0 12085.0 53.0 39422.0 0.08517369349638011
43 40 38 0.0 0.0 2817.0 1.0 12236.0 58.0 45149.0 0.08206330597889801
43 40 39 0.0 0.0 2944.0 0.0 11786.0 60.0 49141.0 0.08365200764818355
43 40 40 0.0 0.0 3100.0 1.0 11725.0 77.0 50530.0 0.08319961965888155
43 40 41 0.0 0.0 3011.0 3.0 12070.0 50.0 48849.0 0.08186655751125664
43 40 42 0.0 0.0 2608.0 0.0 12582.0 58.0 40232.0 0.08147113594040968
43 40 43 0.0 0.0 2537.0 0.0 11127.0 66.0 48559.0 0.08940545373267768
43 40 44 0.0 0.0 1467.0 0.0 13610.0 27.0 18494.0 0.08190487333996371
43 40 45 0.0 0.0 494.0 0.0 9703.0 22.0 1892.0 0.11494252873563217
43 40 46 0.0 0.0 72.0 0.0 1943.0 12.0 22.0 0.34982508745627183
43 40 47 0.0 0.0 0.0 0.0 8.0 0.0 0.0 0.697211155378486
43 41 33 0.0 0.0 3.0 0.0 116.0 1.0 1.0 0.6610009442870631
43 41 34 0.0 0.0 420.0 0.0 8444.0 22.0 1218.0 0.12903225806451613
43 41 35 0.0 0.0 367.0 0.0 8024.0 22.0 1171.0 0.13491375156596316
43 41 36 0.0 0.0 1058.0 0.0 13187.0 27.0 10046.0 0.08616445100935499
43 41 37 0.0 0.0 1485.0 0.0 13628.0 44.0 17959.0 0.08193363375665709
43 41 38 0.0 0.0 2338.0 1.0 13109.0 44.0 33994.0 0.08018327605956471
43 41 39 0.0 0.0 3185.0 0.0 11275.0 68.0 54585.0 0.08502368516944005
43 41 40 0.0 0.0 2978.0 3.0 11472.0 59.0 52342.0 0.08509086488786238
43 41 41 0.0 1.0 2914.0 3.0 11504.0 58.0 50815.0 0.08526187576126673
43 41 42 0.0 0.0 2363.0 0.0 12983.0 43.0 35178.0 0.08066839527513683
43 41 43 0.0 0.0 1721.0 0.0 13284.0 51.0 23903.0 0.08228034087569791
43 41 44 0.0 0.0 772.0 0.0 12151.0 30.0 5100.0 0.09389671361502346
43 41 45 0.0 0.0 525.0 0.0 9810.0 26.0 2388.0 0.11362714065416767
43 41 46 0.0 0.0 43.0 0.0 1108.0 20.0 8.0 0.44714148834238254
43 41 47 0.0 0.0 0.0 0.0 5.0 0.0 0.0 0.6982543640897755
43 41 48 0.0 0.0 0.0 0.0 1.0 0.0 0.0 0.6996501749125437
43 42 33 0.0 0.0 2.0 0.0 91.0 0.0 0.0 0.6692160611854684
43 42 34 0.0 0.0 380.0 0.0 7870.0 20.0 870.0 0.13678553981436245
43 42 35 0.0 0.0 412.0 0.0 8488.0 25.0 1224.0 0.12868829855685263
43 42 36 0.0 0.0 690.0 0.0 11527.0 21.0 4021.0 0.09850137198339547
43 42 37 0.0 0.0 1247.0 0.0 13722.0 45.0 13080.0 0.08258125405532943
43 42 38 0.0 0.0 1937.0 0.0 12656.0 40.0 30021.0 0.08429164910590642
43 42 39 0.0 0.0 1952.0 0.0 13536.0 58.0 26510.0 0.08008237043816496
43 42 40 0.0 0.0 2718.0 1.0 12325.0 70.0 42993.0 0.08221752407798918
43 42 41 0.0 0.0 2161.0 0.0 13263.0 53.0 30521.0 0.0803627805522071
43 42 42 0.0 0.0 1984.0 0.0 13632.0 51.0 26415.0 0.0795138297268132
43 42 43 0.0 0.0 1558.0 0.0 13384.0 42.0 20393.0 0.08260074340669064
43 42 44 0.0 0.0 556.0 0.0 10068.0 23.0 2315.0 0.11102299762093576
43 42 45 0.0 0.0 203.0 0.0 4914.0 9.0 242.0 0.19690576652601965
43 42 46 0.0 0.0 6.0 0.0 242.0 3.0 0.0 0.6236080178173719
43 42 47 0.0 0.0 1.0 0.0 7.0 0.0 0.0 0.697211155378486
43 43 33 0.0 0.0 0.0 0.0 14.0 0.0 0.0 0.6951340615690167
43 43 34 0.0 0.0 92.0 0.0 2541.0 16.0 56.0 0.3032272038119991
43 43 35 0.0 0.0 276.0 0.0 5760.0 14.0 341.0 0.17445482866043613
43 43 36 0.0 0.0 306.0 0.0 7028.0 21.0 754.0 0.1502468340845675
43 43 37 0.0 0.0 726.0 0.0 11828.0 26.0 6633.0 0.09627286480539128
43 43 38 0.0 0.0 1405.0 0.0 13617.0 37.0 16600.0 0.08228034087569791
43 43 39 0.0 0.0 1821.0 0.0 13052.0 48.0 26047.0 0.08297771455666192
43 43 40 0.0 0.0 1584.0 0.0 13570.0 44.0 20010.0 0.08159934720522236
43 43 41 0.0 0.0 1839.0 0.0 12668.0 60.0 28604.0 0.08488449645304068
43 43 42 0.0 0.0 1628.0 0.0 13304.0 43.0 21588.0 0.0826739104759655
43 43 43 0.0 0.0 1189.0 0.0 13131.0 37.0 14330.0 0.08581586367537083
43 43 44 0.0 0.0 349.0 0.0 6806.0 24.0 507.0 0.1532567049808429
43 43 45 0.0 0.0 8.0 0.0 620.0 4.0 2.0 0.5335365853658536
43 43 46 0.0 0.0 6.0 0.0 243.0 3.0 0.0 0.6233303650934995
43 43 47 0.0 0.0 0.0 0.0 1.0 0.0 0.0 0.6996501749125437
43 44 33 0.0 0.0 0.0 0.0 2.0 0.0 0.0 0.6993006993006992
43 44 34 0.0 0.0 4.0 0.0 117.0 1.0 0.0 0.6603773584905659
43 44 35 0.0 0.0 173.0 0.0 3618.0 19.0 103.0 0.24255024255024252
43 44 36 0.0 0.0 152.0 0.0 3515.0 21.0 78.0 0.24796315975912148
43 44 37 0.0 0.0 342.0 0.0 7071.0 22.0 628.0 0.14898371820793868
43 44 38 0.0 0.0 956.0 0.0 12909.0 25.0 7709.0 0.08826681798121176
43 44 39 0.0 0.0 759.0 0.0 12017.0 23.0 5427.0 0.09477389656106146
43 44 40 0.0 0.0 1552.0 0.0 13350.0 35.0 20374.0 0.08276188224166468
43 44 41 0.0 0.0 687.0 0.0 11083.0 21.0 2934.0 0.10170722847802396
43 44 42 0.0 0.0 895.0 0.0 12793.0 33.0 7017.0 0.08931989281612861
43 44 43 0.0 0.0 391.0 0.0 8150.0 19.0 1077.0 0.13295346628679958
43 44 44 0.0 0.0 267.0 0.0 6162.0 13.0 480.0 0.1662905333174961
43 44 45 0.0 0.0 13.0 0.0 498.0 5.0 1.0 0.5586592178770949
43 44 46 0.0 0.0 1.0 0.0 17.0 0.0 0.0 0.6937561942517343
43 44 47 0.0 0.0 0.0 0.0 2.0 0.0 0.0 0.6993006993006992
43 45 34 0.0 0.0 0.0 0.0 1.0 0.0 0.0 0.6996501749125437
43 45 35 0.0 0.0 0.0 0.0 31.0 0.0 0.0 0.6893156080748399
43 45 36 0.0 0.0 115.0 0.0 2355.0 16.0 19.0 0.3143242029636282
43 45 37 0.0 0.0 145.0 0.0 3320.0 19.0 85.0 0.2570694087403599
43 45 38 0.0 0.0 544.0 0.0 10679.0 25.0 3861.0 0.10591617491299742
43 45 39 0.0 0.0 433.0 0.0 8761.0 31.0 1419.0 0.1253357206803939
43 45 40 0.0 0.0 482.0 0.0 9130.0 19.0 1544.0 0.12063765618267985
43 45 41 0.0 0.0 330.0 0.0 6901.0 25.0 631.0 0.1520086862106406
43 45 42 0.0 0.0 434.0 0.0 8825.0 16.0 1528.0 0.12436706049569154
43 45 43 0.0 0.0 42.0 0.0 1186.0 10.0 7.0 0.4351880634131178
43 45 44 0.0 0.0 140.0 0.0 3430.0 20.0 90.0 0.2521613832853026
43 45 45 0.0 0.0 22.0 0.0 470.0 5.0 0.0 0.5629272215520706
43 45 46 0.0 0.0 5.0 0.0 79.0 1.0 0.0 0.6721075372059528
43 46 35 0.0 0.0 0.0 0.0 1.0 0.0 0.0 0.6996501749125437
43 46 36 0.0 0.0 0.0 0.0 1.0 0.0 0.0 0.6996501749125437
43 46 37 0.0 0.0 16.0 0.0 556.0 11.0 1.0 0.5466614603670441
43 46 38 0.0 0.0 158.0 0.0 3520.0 23.0 95.0 0.24761230986911917
43 46 39 0.0 0.0 2.0 0.0 145.0 1.0 0.0 0.6523765144454798
43 46 40 0.0 0.0 42.0 0.0 967.0 8.0 4.0 0.4665111629456847
43 46 41 0.0 0.0 1.0 0.0 100.0 2.0 0.0 0.6669842782277274
43 46 42 0.0 0.0 3.0 0.0 82.0 0.0 0.0 0.6714628297362109
43 46 43 0.0 0.0 1.0 0.0 38.0 2.0 0.0 0.6872852233676975
43 46 44 0.0 0.0 0.0 0.0 15.0 0.0 0.0 0.6951340615690167
43 46 45 0.0 0.0 0.0 0.0 5.0 0.0 0.0 0.6982543640897755
43 46 46 0.0 0.0 0.0 0.0 3.0 0.0 0.0 0.6989515726410384
43 47 37 0.0 0.0 0.0 0.0 4.0 0.0 0.0 0.6986027944111775
43 47 38 0.0 0.0 0.0 0.0 4.0 0.0 0.0 0.6986027944111775
43 47 39 0.0 0.0 0.0 0.0 9.0 0.0 0.0 0.6968641114982577
43 47 40 0.0 0.0 0.0 0.0 3.0 0.0 0.0 0.6989515726410384
43 47 41 0.0 0.0 0.0 0.0 2.0 0.0 0.0 0.6993006993006992
44 32 39 0.0 0.0 0.0 0.0 2.0 0.0 0.0 0.6993006993006992
44 33 35 0.0 0.0 0.0 0.0 1.0 0.0 0.0 0.6996501749125437
44 33 36 0.0 0.0 4.0 0.0 72.0 1.0 0.0 0.6746987951807227
44 33 37 0.0 0.0 0.0 0.0 4.0 0.0 0.0 0.6986027944111775
44 33 38 0.0 0.0 0.0 0.0 5.0 0.0 0.0 0.6982543640897755
44 33 39 0.0 0.0 0.0 0.0 11.0 0.0 0.0 0.6961710591745399
44 33 40 0.0 0.0 0.0 0.0 6.0 0.0 0.0 0.6979062811565303
44 33 41 0.0 0.0 1.0 0.0 7.0 0.0 0.0 0.697211155378486
44 33 42 0.0 0.0 0.0 0.0 1.0 0.0 0.0 0.6996501749125437
44 33 43 0.0 0.0 1.0 0.0 10.0 1.0 0.0 0.6965174129353233
44 34 34 0.0 0.0 0.0 0.0 6.0 0.0 0.0 0.6979062811565303
44 34 35 0.0 0.0 0.0 0.0 36.0 0.0 0.0 0.6876227897838899
44 34 36 0.0 0.0 121.0 0.0 3145.0 10.0 88.0 0.26615969581749044
44 34 37 0.0 0.0 131.0 0.0 2815.0 12.0 54.0 0.28374543980543165
44 34 38 0.0 0.0 134.0 0.0 2714.0 17.0 47.0 0.28985507246376807
44 34 39 0.0 0.0 47.0 0.0 965.0 6.0 4.0 0.46573519627411836
44 34 40 0.0 0.0 73.0 0.0 1650.0 18.0 18.0 0.3779697624190064
44 34 41 0.0 0.0 6.0 0.0 215.0 1.0 0.0 0.6306306306306305
44 34 42 0.0 0.0 23.0 0.0 350.0 8.0 0.0 0.5919661733615221
44 34 43 0.0 0.0 0.0 0.0 19.0 1.0 0.0 0.6937561942517343
44 34 44 0.0 0.0 0.0 0.0 5.0 0.0 0.0 0.6982543640897755
44 35 34 0.0 0.0 0.0 0.0 15.0 0.0 0.0 0.694789081885856
44 35 35 0.0 0.0 2.0 0.0 106.0 0.0 0.0 0.6641366223908918
44 35 36 0.0 0.0 71.0 0.0 1676.0 11.0 14.0 0.37473233404710915
44 35 37 0.0 0.0 565.0 0.0 10161.0 27.0 2167.0 0.11014082290929117
44 35 38 0.0 0.0 384.0 0.0 7509.0 24.0 933.0 0.14171474845632148
44 35 39 0.0 0.0 505.0 0.0 9867.0 37.0 2439.0 0.11337868480725623
44 35 40 0.0 0.0 444.0 0.0 8569.0 22.0 1194.0 0.127295871976723
44 35 41 0.0 0.0 328.0 0.0 7389.0 18.0 888.0 0.14422581642113935
44 35 42 0.0 0.0 199.0 0.0 4521.0 13.0 172.0 0.2086749142942316
44 35 43 0.0 0.0 52.0 0.0 1702.0 7.0 16.0 0.37363223912463295
44 35 44 0.0 0.0 16.0 0.0 278.0 4.0 0.0 0.6113537117903929
44 35 45 0.0 0.0 3.0 0.0 57.0 0.0 0.0 0.6796116504854368
44 36 33 0.0 0.0 0.0 0.0 3.0 0.0 0.0 0.6989515726410384
44 36 34 0.0 0.0 4.0 0.0 155.0 2.0 0.0 0.6490496059341677
44 36 35 0.0 0.0 297.0 0.0 6244.0 15.0 456.0 0.16416510318949343
44 36 36 0.0 0.0 230.0 0.0 5118.0 11.0 247.0 0.19086571233810495
44 36 37 0.0 0.0 157.0 0.0 4270.0 15.0 204.0 0.21837466853844953
44 36 38 0.0 0.0 1269.0 0.0 13336.0 32.0 14362.0 0.08433734939759036
44 36 39 0.0 0.0 1296.0 0.0 12995.0 33.0 17139.0 0.08587903324745429
44 36 40 0.0 0.0 1125.0 0.0 13273.0 30.0 12355.0 0.08532943255927347
44 36 41 0.0 0.0 527.0 0.0 9859.0 18.0 2190.0 0.11307648816735319
44 36 42 0.0 0.0 463.0 0.0 8792.0 20.0 1466.0 0.12453300124533
44 36 43 0.0 0.0 229.0 0.0 5531.0 22.0 387.0 0.18083182640144663
44 36 44 0.0 0.0 266.0 0.0 6133.0 13.0 485.0 0.1668454296269813
44 36 45 0.0 0.0 40.0 0.0 1017.0 9.0 5.0 0.4593175853018372
44 36 46 0.0 0.0 0.0 0.0 13.0 0.0 0.0 0.695479384003974
44 36 47 0.0 0.0 0.0 0.0 4.0 0.0 0.0 0.6986027944111775
44 37 32 0.0 0.0 0.0 0.0 1.0 0.0 0.0 0.6996501749125437
44 37 34 0.0 0.0 6.0 0.0 368.0 3.0 0.0 0.5904681568958244
44 37 35 0.0 0.0 333.0 0.0 7428.0 16.0 917.0 0.14361920393926955
44 37 36 0.0 0.0 752.0 0.0 12338.0 25.0 6942.0 0.09277052547876216
44 37 37 0.0 0.0 715.0 0.0 12024.0 33.0 5887.0 0.09507640067911714
44 37 38 0.0 0.0 1374.0 0.0 13289.0 34.0 17681.0 0.08396305625524768
44 37 39 0.0 0.0 1134.0 0.0 13520.0 31.0 12397.0 0.0840134421507441
44 37 40 0.0 0.0 1188.0 0.0 13688.0 44.0 10769.0 0.08296296296296296
44 37 41 0.0 0.0 1253.0 0.0 13606.0 47.0 14201.0 0.08311564948943242
44 37 42 0.0 0.0 853.0 0.0 12492.0 36.0 6521.0 0.09134803601722562
44 37 43 0.0 0.0 1078.0 0.0 13071.0 22.0 11516.0 0.08663366336633661
44 37 44 0.0 0.0 361.0 0.0 8012.0 19.0 1086.0 0.13518733101583622
44 37 45 0.0 0.0 124.0 0.0 2981.0 18.0 46.0 0.27521132298014545
44 37 46 0.0 0.0 18.0 0.0 374.0 6.0 0.0 0.5867560771165129
44 37 47 0.0 0.0 0.0 0.0 6.0 0.0 0.0 0.6979062811565303
44 38 33 0.0 0.0 0.0 0.0 1.0 0.0 0.0 0.6996501749125437
44 38 34 0.0 0.0 35.0 0.0 1040.0 7.0 5.0 0.4563233376792698
44 38 35 0.0 0.0 615.0 0.0 11156.0 27.0 4254.0 0.1017220082830778
44 38 36 0.0 0.0 616.0 0.0 10887.0 27.0 3232.0 0.10380366278638688
44 38 37 0.0 0.0 1015.0 0.0 13112.0 28.0 9728.0 0.08682709005209624
44 38 38 0.0 0.0 1093.0 0.0 13548.0 36.0 10245.0 0.08415990381725277
44 38 39 0.0 0.0 1608.0 0.0 13666.0 39.0 19543.0 0.0810983027283786
44 38 40 0.0 0.0 2258.0 0.0 11422.0 55.0 42463.0 0.08924018357980622
44 38 41 0.0 0.0 1484.0 0.0 13766.0 34.0 17468.0 0.08113120074177096
44 38 42 0.0 0.0 1468.0 0.0 13736.0 31.0 17616.0 0.08132442637234968
44 38 43 0.0 0.0 936.0 0.0 13049.0 45.0 7883.0 0.08766986035443672
44 38 44 0.0 0.0 710.0 0.0 11823.0 32.0 6030.0 0.09642537364832288
44 38 45 0.0 0.0 262.0 0.0 5708.0 16.0 341.0 0.1759457081814754
44 38 46 0.0 0.0 22.0 0.0 633.0 3.0 5.0 0.5281026027913994
44 38 47 0.0 0.0 2.0 0.0 25.0 0.0 0.0 0.6910167818361302
44 39 33 0.0 0.0 3.0 0.0 44.0 1.0 0.0 0.6842619745845552
44 39 34 0.0 0.0 60.0 0.0 1414.0 7.0 9.0 0.4039238315060588
44 39 35 0.0 0.0 369.0 0.0 7766.0 26.0 986.0 0.13843567685157715
44 39 36 0.0 0.0 857.0 0.0 12785.0 26.0 8740.0 0.08950262114819076
44 39 37 0.0 0.0 1455.0 0.0 13468.0 39.0 19467.0 0.08277656240761544
44 39 38 0.0 0.0 1452.0 0.0 14077.0 48.0 15252.0 0.07994974587402202
44 39 39 0.0 0.0 1881.0 0.0 13285.0 46.0 26839.0 0.08151382823871905
44 39 40 0.0 0.0 1906.0 0.0 13395.0 48.0 26984.0 0.08090614886731391
44 39 41 0.0 0.0 1642.0 0.0 13775.0 45.0 20676.0 0.08040431886055592
44 39 42 0.0 0.0 1829.0 0.0 13192.0 56.0 26401.0 0.08236747661352002
44 39 43 0.0 0.0 1082.0 0.0 13457.0 33.0 9888.0 0.08468937148387877
44 39 44 0.0 0.0 1325.0 0.0 12969.0 36.0 18109.0 0.08595812611285072
44 39 45 0.0 0.0 722.0 0.0 11666.0 17.0 4418.0 0.0973100715924098
44 39 46 0.0 0.0 208.0 0.0 4731.0 17.0 227.0 0.20231213872832365
44 39 47 0.0 0.0 0.0 0.0 12.0 0.0 0.0 0.6958250497017892
44 40 33 0.0 0.0 0.0 0.0 27.0 0.0 0.0 0.6906758756783422
44 40 34 0.0 0.0 1.0 0.0 170.0 0.0 0.0 0.6451612903225805
44 40 35 0.0 0.0 395.0 0.0 7881.0 17.0 925.0 0.13634592910011684
44 40 36 0.0 0.0 971.0 0.0 12777.0 36.0 10718.0 0.08892841262783459
44 40 37 0.0 0.0 1150.0 0.0 13334.0 30.0 12868.0 0.08492053863884506
44 40 38 0.0 0.0 1413.0 0.0 13799.0 46.0 15935.0 0.08137642408742153
44 40 39 0.0 0.0 1778.0 0.0 13677.0 50.0 23553.0 0.08032589362556657
44 40 40 0.0 0.0 2082.0 0.0 11935.0 34.0 37515.0 0.08729267988527246
44 40 41 0.0 0.0 1465.0 0.0 14044.0 42.0 16631.0 0.079981718464351
44 40 42 0.0 0.0 1507.0 0.0 13614.0 44.0 19316.0 0.08178525528683257
44 40 43 0.0 0.0 1285.0 0.0 13589.0 41.0 14493.0 0.0830072334874896
44 40 44 0.0 0.0 659.0 0.0 11393.0 13.0 3880.0 0.09955909543450432
44 40 45 0.0 0.0 455.0 0.0 8998.0 23.0 1466.0 0.1223990208078335
44 40 46 0.0 0.0 55.0 0.0 1181.0 18.0 6.0 0.4350528278433809
44 40 47 0.0 0.0 0.0 0.0 7.0 0.0 0.0 0.6975585450921773
44 41 33 0.0 0.0 0.0 0.0 16.0 0.0 0.0 0.6944444444444444
44 41 34 0.0 0.0 13.0 0.0 463.0 4.0 0.0 0.5665722379603398
44 41 35 0.0 0.0 235.0 0.0 5772.0 19.0 388.0 0.17517517517517514
44 41 36 0.0 0.0 772.0 0.0 11956.0 23.0 4488.0 0.09508285791904374
44 41 37 0.0 0.0 1071.0 0.0 13151.0 32.0 10869.0 0.08628659476117102
44 41 38 0.0 0.0 1416.0 0.0 14167.0 33.0 14487.0 0.07956805910770104
44 41 39 0.0 0.0 1945.0 0.0 13403.0 45.0 26460.0 0.08066839527513683
44 41 40 0.0 0.0 1572.0 0.0 14168.0 42.0 17563.0 0.07885546919004167
44 41 41 0.0 0.0 1602.0 0.0 13997.0 38.0 18473.0 0.07956805910770104
44 41 42 0.0 0.0 1739.0 0.0 13333.0 42.0 23876.0 0.08200082000820007
44 41 43 0.0 0.0 1354.0 0.0 13321.0 45.0 16649.0 0.0840134421507441
44 41 44 0.0 0.0 819.0 0.0 12385.0 24.0 6132.0 0.09212950776520136
44 41 45 0.0 0.0 179.0 0.0 4434.0 21.0 191.0 0.21234642802972847
44 41 46 0.0 0.0 16.0 0.0 319.0 6.0 0.0 0.6011163589523401
44 41 47 0.0 0.0 1.0 0.0 20.0 0.0 0.0 0.6927263730826323
44 42 33 0.0 0.0 17.0 0.0 298.0 3.0 1.0 0.6055363321799306
44 42 34 0.0 0.0 12.0 0.0 302.0 3.0 0.0 0.606060606060606
44 42 35 0.0 0.0 312.0 0.0 6103.0 24.0 375.0 0.1667659321024419
44 42 36 0.0 0.0 570.0 0.0 10316.0 26.0 2597.0 0.10878010878010877
44 42 37 0.0 0.0 513.0 0.0 9534.0 16.0 1830.0 0.11624045167718365
44 42 38 0.0 0.0 1184.0 0.0 13392.0 33.0 13572.0 0.08451554482342287
44 42 39 0.0 0.0 1901.0 0.0 12473.0 46.0 31569.0 0.08539188777066178
44 42 40 0.0 0.0 1037.0 0.0 13546.0 31.0 9576.0 0.08447474808423339
44 42 41 0.0 0.0 1324.0 0.0 13688.0 44.0 14842.0 0.08233841086867023
44 42 42 0.0 0.0 1073.0 0.0 13359.0 34.0 9370.0 0.08521516829995739
44 42 43 0.0 0.0 896.0 0.0 12785.0 38.0 6671.0 0.08939974457215835
44 42 44 0.0 0.0 440.0 0.0 8815.0 27.0 1376.0 0.1246105919003115
44 42 45 0.0 0.0 74.0 0.0 1590.0 15.0 23.0 0.3836667580158947
44 42 46 0.0 0.0 133.0 0.0 2571.0 16.0 33.0 0.29863481228668937
44 42 47 0.0 0.0 0.0 0.0 1.0 0.0 0.0 0.6996501749125437
44 43 33 0.0 0.0 30.0 0.0 391.0 7.0 1.0 0.579950289975145
44 43 34 0.0 0.0 7.0 0.0 120.0 2.0 0.0 0.6588235294117646
44 43 35 0.0 0.0 11.0 0.0 332.0 4.0 0.0 0.5985463873450192
44 43 36 0.0 0.0 321.0 0.0 7390.0 21.0 960.0 0.144419228388694
44 43 37 0.0 0.0 561.0 0.0 10344.0 36.0 2795.0 0.10869565217391303
44 43 38 0.0 0.0 633.0 0.0 11246.0 25.0 3828.0 0.10097367472051928
44 43 39 0.0 0.0 1124.0 0.0 13416.0 39.0 12483.0 0.0846740050804403
44 43 40 0.0 0.0 960.0 0.0 13095.0 32.0 7635.0 0.0872437215678943
44 43 41 0.0 0.0 704.0 0.0 11741.0 35.0 4473.0 0.09710758132759935
44 43 42 0.0 0.0 669.0 0.0 11342.0 26.0 3650.0 0.09996429846483397
44 43 43 0.0 0.0 741.0 0.0 11998.0 31.0 5486.0 0.09509577503056649
44 43 44 0.0 0.0 459.0 0.0 8980.0 24.0 1627.0 0.12253829321663018
44 43 45 0.0 0.0 57.0 0.0 1458.0 7.0 11.0 0.39897406668566543
44 43 46 0.0 0.0 0.0 0.0 7.0 0.0 0.0 0.6975585450921773
44 43 47 0.0 0.0 0.0 0.0 2.0 0.0 0.0 0.6993006993006992
44 44 34 0.0 0.0 0.0 0.0 7.0 0.0 0.0 0.6975585450921773
44 44 35 0.0 0.0 0.0 0.0 56.0 0.0 0.0 0.6809338521400777
44 44 36 0.0 0.0 36.0 0.0 1022.0 6.0 4.0 0.45871559633027514
44 44 37 0.0 0.0 629.0 0.0 10703.0 18.0 2770.0 0.10503413609423061
44 44 38 0.0 0.0 732.0 0.0 12164.0 27.0 5533.0 0.09403546480386887
44 44 39 0.0 0.0 545.0 0.0 10488.0 24.0 2762.0 0.10755992624462199
44 44 40 0.0 0.0 500.0 0.0 9799.0 20.0 2340.0 0.11387668781519439
44 44 41 0.0 0.0 667.0 0.0 11359.0 23.0 4171.0 0.09988584474885844
44 44 42 0.0 0.0 612.0 0.0 11017.0 19.0 3925.0 0.10271460014673513
44 44 43 0.0 0.0 484.0 0.0 8764.0 14.0 1386.0 0.1245662425482694
44 44 44 0.0 0.0 265.0 0.0 5858.0 25.0 440.0 0.17279684028634903
44 44 45 0.0 0.0 8.0 0.0 199.0 2.0 0.0 0.6349206349206349
44 44 46 0.0 0.0 0.0 0.0 1.0 0.0 0.0 0.6996501749125437
44 45 34 0.0 0.0 5.0 0.0 100.0 1.0 0.0 0.6653992395437262
44 45 35 0.0 0.0 0.0 0.0 2.0 0.0 0.0 0.6993006993006992
44 45 36 0.0 0.0 0.0 0.0 44.0 0.0 0.0 0.6852667645619186
44 45 37 0.0 0.0 21.0 0.0 670.0 4.0 1.0 0.5216095380029805
44 45 38 0.0 0.0 191.0 0.0 4332.0 24.0 162.0 0.21541775657793502
44 45 39 0.0 0.0 445.0 0.0 8838.0 25.0 1414.0 0.12426770814841114
44 45 40 0.0 0.0 107.0 1.0 2846.0 11.0 73.0 0.2831715210355987
44 45 41 0.0 0.0 173.0 0.0 4222.0 14.0 169.0 0.21936696960200558
44 45 42 0.0 0.0 110.0 0.0 2892.0 12.0 57.0 0.2805611222444889
44 45 43 0.0 0.0 34.0 0.0 993.0 13.0 3.0 0.46449900464499
44 45 44 0.0 0.0 10.0 0.0 177.0 4.0 0.0 0.6413192853870818
44 45 45 0.0 0.0 1.0 0.0 48.0 0.0 0.0 0.6832601268911663
44 46 35 0.0 0.0 4.0 0.0 55.0 0.0 0.0 0.6799417192812044
44 46 36 0.0 0.0 0.0 0.0 3.0 0.0 0.0 0.6989515726410384
44 46 37 0.0 0.0 1.0 0.0 38.0 0.0 0.0 0.6866110838646394
44 46 38 0.0 0.0 52.0 0.0 1159.0 10.0 7.0 0.437363323961262
44 46 39 0.0 0.0 71.0 0.0 1639.0 6.0 17.0 0.3779697624190064
44 46 40 0.0 0.0 1.0 0.0 133.0 0.0 0.0 0.6560449859418931
44 46 41 0.0 0.0 4.0 0.0 121.0 1.0 0.0 0.6591337099811675
44 46 42 0.0 0.0 5.0 0.0 120.0 0.0 0.0 0.6588235294117646
44 46 43 0.0 0.0 5.0 0.0 75.0 2.0 0.0 0.6737247353224253
44 46 44 0.0 0.0 1.0 0.0 18.0 0.0 0.0 0.6934125804853887
44 46 45 0.0 0.0 0.0 0.0 1.0 0.0 0.0 0.6996501749125437
44 47 37 0.0 0.0 0.0 0.0 3.0 0.0 0.0 0.6989515726410384
45 33 36 0.0 0.0 1.0 0.0 13.0 0.0 0.0 0.6951340615690167
45 33 38 0.0 0.0 0.0 0.0 3.0 0.0 0.0 0.6989515726410384
45 33 39 0.0 0.0 0.0 0.0 6.0 0.0 0.0 0.6979062811565303
45 33 40 0.0 0.0 0.0 0.0 2.0 0.0 0.0 0.6993006993006992
45 33 41 0.0 0.0 0.0 0.0 3.0 0.0 0.0 0.6989515726410384
45 34 35 0.0 0.0 0.0 0.0 3.0 0.0 0.0 0.6993006993006992
45 34 36 0.0 0.0 9.0 0.0 142.0 3.0 0.0 0.6523765144454798
45 34 37 0.0 0.0 1.0 0.0 79.0 0.0 0.0 0.6730769230769229
45 34 38 0.0 0.0 1.0 0.0 147.0 0.0 0.0 0.6520726595249184
45 34 39 0.0 0.0 71.0 0.0 2238.0 14.0 23.0 0.3259604190919674
45 34 40 0.0 0.0 175.0 0.0 3729.0 23.0 92.0 0.23805475259309636
45 34 41 0.0 0.0 0.0 0.0 61.0 0.0 0.0 0.6792819019893255
45 34 42 0.0 0.0 2.0 0.0 30.0 1.0 0.0 0.6893156080748399
45 34 43 0.0 0.0 0.0 0.0 2.0 0.0 0.0 0.6993006993006992
45 35 33 0.0 0.0 0.0 0.0 1.0 0.0 0.0 0.6996501749125437
45 35 34 0.0 0.0 6.0 0.0 71.0 1.0 0.0 0.6743737957610789
45 35 35 0.0 0.0 9.0 0.0 209.0 2.0 1.0 0.6317689530685919
45 35 36 0.0 0.0 9.0 0.0 168.0 4.0 0.0 0.6442705936493326
45 35 37 0.0 0.0 296.0 0.0 6750.0 20.0 685.0 0.15503875968992245
45 35 38 0.0 0.0 452.0 0.0 8692.0 22.0 1476.0 0.12580877066858373
45 35 39 0.0 0.0 251.0 0.0 5501.0 14.0 334.0 0.18083182640144663
45 35 40 0.0 0.0 503.0 0.0 9913.0 33.0 2437.0 0.11294876966518756
45 35 41 0.0 0.0 101.0 0.0 2443.0 20.0 43.0 0.3093922651933701
45 35 42 0.0 0.0 18.0 0.0 397.0 2.0 1.0 0.5801906340654785
45 35 43 0.0 0.0 2.0 0.0 98.0 0.0 0.0 0.6666666666666665
45 35 44 0.0 0.0 0.0 0.0 17.0 1.0 0.0 0.6944444444444444
45 35 45 0.0 0.0 1.0 0.0 17.0 0.0 0.0 0.6937561942517343
45 36 34 0.0 0.0 0.0 0.0 32.0 0.0 0.0 0.6889763779527558
45 36 35 0.0 0.0 148.0 0.0 3298.0 22.0 103.0 0.25806451612903225
45 36 36 0.0 0.0 26.0 0.0 957.0 8.0 4.0 0.47090480995627304
45 36 37 0.0 0.0 486.0 0.0 9549.0 26.0 2239.0 0.11651131824234354
45 36 38 0.0 0.0 238.0 0.0 5752.0 18.0 402.0 0.1754825770869892
45 36 39 0.0 0.0 786.0 0.0 12263.0 20.0 5854.0 0.09304798617572776
45 36 40 0.0 0.0 362.0 0.0 7791.0 15.0 1003.0 0.13802622498274672
45 36 41 0.0 0.0 273.0 0.0 6508.0 19.0 566.0 0.15974440894568687
45 36 42 0.0 0.0 169.0 0.0 4577.0 11.0 222.0 0.20790020790020788
45 36 43 0.0 0.0 102.0 0.0 2311.0 10.0 40.0 0.3180372557928214
45 36 44 0.0 0.0 153.0 0.0 4358.0 18.0 195.0 0.21548406957057098
45 36 45 0.0 0.0 0.0 0.0 55.0 1.0 0.0 0.6815968841285296
45 36 46 0.0 0.0 14.0 0.0 198.0 6.0 0.0 0.6346328195829555
45 37 33 0.0 0.0 0.0 0.0 1.0 0.0 0.0 0.6996501749125437
45 37 34 0.0 0.0 36.0 0.0 965.0 5.0 2.0 0.46744574290484137
45 37 35 0.0 0.0 265.0 0.0 6061.0 22.0 507.0 0.16857314870559903
45 37 36 0.0 0.0 256.0 0.0 5541.0 9.0 349.0 0.1796714579055441
45 37 37 0.0 0.0 575.0 0.0 10471.0 18.0 2698.0 0.10735373054213633
45 37 38 0.0 0.0 431.0 0.0 9153.0 21.0 1606.0 0.12099213551119176
45 37 39 0.0 0.0 1106.0 0.0 12905.0 39.0 13194.0 0.08743988507900817
45 37 40 0.0 0.0 1211.0 0.0 13230.0 39.0 15277.0 0.08517887563884156
45 37 41 0.0 0.0 1033.0 0.0 13097.0 23.0 10551.0 0.08671952428146679
45 37 42 0.0 0.0 581.0 0.0 10728.0 28.0 3036.0 0.10534236267870578
45 37 43 0.0 0.0 341.0 0.0 7664.0 21.0 966.0 0.14014014014014012
45 37 44 0.0 0.0 305.0 0.0 6525.0 12.0 572.0 0.15871216415372402
45 37 45 0.0 0.0 86.0 0.0 2411.0 19.0 30.0 0.31284916201117313
45 37 46 0.0 0.0 2.0 0.0 37.0 0.0 0.0 0.6866110838646394
45 38 33 0.0 0.0 1.0 0.0 10.0 0.0 0.0 0.6961710591745399
45 38 34 0.0 0.0 7.0 0.0 174.0 0.0 0.0 0.6419073819348922
45 38 35 0.0 0.0 113.0 0.0 2822.0 12.0 50.0 0.2843216896831844
45 38 36 0.0 0.0 362.0 0.0 7592.0 19.0 969.0 0.14085924137237146
45 38 37 0.0 0.0 685.0 0.0 11677.0 24.0 4336.0 0.09754058385006617
45 38 38 0.0 0.0 958.0 0.0 13073.0 45.0 8615.0 0.0874508089199825
45 38 39 0.0 0.0 537.0 0.0 10321.0 22.0 2708.0 0.10900879856731292
45 38 40 0.0 0.0 1007.0 0.0 13162.0 30.0 9950.0 0.08660686668728734
45 38 41 0.0 0.0 1531.0 0.0 12886.0 58.0 23320.0 0.08532943255927347
45 38 42 0.0 0.0 757.0 0.0 11996.0 22.0 5001.0 0.09492812584757254
45 38 43 0.0 0.0 549.0 0.0 10719.0 26.0 3307.0 0.10561255280627638
45 38 44 0.0 0.0 474.0 0.0 8938.0 27.0 1380.0 0.12287168685272949
45 38 45 0.0 0.0 244.0 0.0 5602.0 21.0 359.0 0.17891373801916932
45 38 46 0.0 0.0 19.0 0.0 349.0 3.0 0.0 0.5919661733615221
45 38 47 0.0 0.0 0.0 0.0 5.0 0.0 0.0 0.6982543640897755
45 39 33 0.0 0.0 0.0 0.0 3.0 0.0 0.0 0.6989515726410384
45 39 34 0.0 0.0 41.0 0.0 1192.0 11.0 5.0 0.4345127250155182
45 39 35 0.0 0.0 211.0 0.0 4766.0 27.0 254.0 0.20132297958009776
45 39 36 0.0 0.0 502.0 0.0 9818.0 21.0 2163.0 0.11375639879743235
45 39 37 0.0 0.0 732.0 0.0 11741.0 33.0 4479.0 0.09688581314878891
45 39 38 0.0 0.0 712.0 0.0 11870.0 20.0 4964.0 0.09602194787379972
45 39 39 0.0 0.0 921.0 0.0 12885.0 40.0 7609.0 0.08868617762574432
45 39 40 0.0 0.0 995.0 0.0 13276.0 31.0 7636.0 0.08607968519429414
45 39 41 0.0 0.0 1330.0 0.0 13370.0 47.0 16264.0 0.08382731572959702
45 39 42 0.0 0.0 809.0 0.0 12455.0 23.0 6549.0 0.09172508681124286
45 39 43 0.0 0.0 714.0 0.0 11388.0 24.0 3670.0 0.09934009792095365
45 39 44 0.0 0.0 576.0 0.0 10526.0 21.0 2908.0 0.1069600427840171
45 39 45 0.0 0.0 452.0 0.0 9387.0 20.0 1969.0 0.11841326228537594
45 39 46 0.0 0.0 179.0 0.0 3801.0 19.0 116.0 0.23474178403755863
45 39 47 0.0 0.0 0.0 0.0 7.0 0.0 0.0 0.6975585450921773
45 40 33 0.0 0.0 0.0 0.0 3.0 0.0 0.0 0.6989515726410384
45 40 34 0.0 0.0 3.0 0.0 125.0 0.0 0.0 0.6578947368421051
45 40 35 0.0 0.0 445.0 0.0 9030.0 14.0 1707.0 0.12205754141238011
45 40 36 0.0 0.0 284.0 0.0 6643.0 15.0 633.0 0.15710919088766692
45 40 37 0.0 0.0 636.0 0.0 11053.0 24.0 3328.0 0.10233170089905706
45 40 38 0.0 0.0 808.0 0.0 12304.0 32.0 5046.0 0.09278282192325535
45 40 39 0.0 0.0 986.0 0.0 12876.0 30.0 10495.0 0.0882890836854386
45 40 40 0.0 0.0 854.0 0.0 12707.0 32.0 6959.0 0.09000321440051429
45 40 41 0.0 0.0 978.0 0.0 12976.0 29.0 10374.0 0.08774678784080225
45 40 42 0.0 0.0 689.0 0.0 11616.0 26.0 4208.0 0.09798432250839864
45 40 43 0.0 0.0 496.0 0.0 10389.0 25.0 3000.0 0.10878010878010877
45 40 44 0.0 0.0 351.0 0.0 7247.0 21.0 781.0 0.14609203798392983
45 40 45 0.0 0.0 217.0 0.0 5286.0 16.0 346.0 0.18689093578961416
45 40 46 0.0 0.0 45.0 0.0 869.0 9.0 4.0 0.4819277108433734
45 40 47 0.0 0.0 0.0 0.0 12.0 0.0 0.0 0.6958250497017892
45 41 32 0.0 0.0 0.0 0.0 1.0 0.0 0.0 0.6996501749125437
45 41 33 0.0 0.0 0.0 0.0 1.0 0.0 0.0 0.6996501749125437
45 41 34 0.0 0.0 9.0 0.0 230.0 2.0 0.0 0.6258381761287437
45 41 35 0.0 0.0 257.0 0.0 5978.0 12.0 414.0 0.17021276595744678
45 41 36 0.0 0.0 161.0 0.0 4034.0 15.0 162.0 0.22642730066310848
45 41 37 0.0 0.0 337.0 0.0 7671.0 26.0 953.0 0.14016820184221063
45 41 38 0.0 0.0 816.0 0.0 12568.0 29.0 6788.0 0.09105098855358999
45 41 39 0.0 0.0 1405.0 0.0 12930.0 33.0 20442.0 0.08565310492505353
45 41 40 0.0 0.0 1021.0 0.0 13149.0 27.0 9866.0 0.08654262224145391
45 41 41 0.0 0.0 847.0 0.0 12597.0 34.0 7395.0 0.09071470226138792
45 41 42 0.0 0.0 767.0 0.0 12124.0 25.0 6838.0 0.09401652004566516
45 41 43 0.0 0.0 786.0 0.0 12057.0 39.0 5924.0 0.0944478175807866
45 41 44 0.0 0.0 362.0 0.0 8068.0 21.0 1109.0 0.1344602381867076
45 41 45 0.0 0.0 56.0 0.0 1324.0 14.0 7.0 0.41592394533571
45 41 46 0.0 0.0 1.0 0.0 31.0 0.0 1.0 0.6889763779527558
45 41 47 0.0 0.0 0.0 0.0 1.0 0.0 0.0 0.6996501749125437
45 42 34 0.0 0.0 3.0 0.0 70.0 1.0 0.0 0.6756756756756755
45 42 35 0.0 0.0 4.0 0.0 157.0 3.0 0.0 0.6487488415199257
45 42 36 0.0 0.0 33.0 0.0 877.0 8.0 5.0 0.48242591316333555
45 42 37 0.0 0.0 323.0 0.0 7056.0 22.0 704.0 0.1494927923117992
45 42 38 0.0 0.0 750.0 0.0 11951.0 27.0 6370.0 0.09530292716133422
45 42 39 0.0 0.0 788.0 0.0 12351.0 37.0 5790.0 0.09259259259259259
45 42 40 0.0 0.0 954.0 0.0 13077.0 32.0 8850.0 0.08735259250015598
45 42 41 0.0 0.0 381.0 0.0 7892.0 19.0 897.0 0.13649215170127715
45 42 42 0.0 0.0 630.0 0.0 11105.0 21.0 4191.0 0.10194422194713464
45 42 43 0.0 0.0 312.0 0.0 7091.0 22.0 691.0 0.14925373134328357
45 42 44 0.0 0.0 170.0 0.0 4178.0 11.0 184.0 0.22082018927444794
45 42 45 0.0 0.0 65.0 0.0 1623.0 10.0 13.0 0.3809523809523809
45 42 46 0.0 0.0 0.0 0.0 8.0 0.0 0.0 0.697211155378486
45 43 34 0.0 0.0 6.0 0.0 201.0 2.0 0.0 0.6349206349206349
45 43 35 0.0 0.0 5.0 0.0 172.0 1.0 0.0 0.6433823529411764
45 43 36 0.0 0.0 12.0 0.0 393.0 1.0 0.0 0.5823627287853577
45 43 37 0.0 0.0 240.0 0.0 5344.0 16.0 287.0 0.18501387604070305
45 43 38 0.0 0.0 684.0 0.0 11606.0 19.0 4442.0 0.0979980400391992
45 43 39 0.0 0.0 1424.0 0.0 13307.0 44.0 18720.0 0.08368200836820082
45 43 40 0.0 0.0 400.0 0.0 8842.0 18.0 1542.0 0.12459950160199357
45 43 41 0.0 0.0 485.0 0.0 9436.0 24.0 1972.0 0.11757789535567312
45 43 42 0.0 0.0 204.0 0.0 4936.0 13.0 285.0 0.1963809790994529
45 43 43 0.0 0.0 251.0 0.0 5510.0 27.0 370.0 0.18097207859358838
45 43 44 0.0 0.0 176.0 0.0 4211.0 18.0 174.0 0.2197457228064668
45 43 45 0.0 0.0 8.0 0.0 216.0 1.0 0.0 0.6297795771479981
45 43 46 0.0 0.0 0.0 0.0 1.0 0.0 0.0 0.6996501749125437
45 43 47 0.0 0.0 0.0 0.0 1.0 0.0 0.0 0.6996501749125437
45 44 35 0.0 0.0 2.0 0.0 71.0 2.0 0.0 0.6760019314340897
45 44 36 0.0 0.0 12.0 0.0 428.0 4.0 0.0 0.5747126436781609
45 44 37 0.0 0.0 121.0 0.0 2682.0 11.0 46.0 0.2920926350928437
45 44 38 0.0 0.0 545.0 0.0 10550.0 27.0 3259.0 0.10695187165775401
45 44 39 0.0 0.0 435.0 0.0 8452.0 24.0 1087.0 0.1287711552612215
45 44 40 0.0 0.0 781.0 0.0 12092.0 25.0 5315.0 0.09418729817007535
45 44 41 0.0 0.0 74.0 0.0 2154.0 7.0 33.0 0.3315963998105163
45 44 42 0.0 0.0 61.0 0.0 1562.0 11.0 9.0 0.3875968992248061
45 44 43 0.0 0.0 25.0 0.0 593.0 7.0 2.0 0.5361930294906165
45 44 44 0.0 0.0 2.0 0.0 215.0 1.0 0.0 0.6317689530685919
45 44 45 0.0 0.0 30.0 0.0 561.0 7.0 2.0 0.5417956656346749
45 45 36 0.0 0.0 92.0 0.0 1911.0 22.0 16.0 0.3516704345641798
45 45 37 0.0 0.0 2.0 0.0 263.0 1.0 0.0 0.6183745583038868
45 45 38 0.0 0.0 4.0 0.0 368.0 2.0 2.0 0.590966652596032
45 45 39 0.0 0.0 246.0 0.0 5475.0 18.0 333.0 0.18167661562418894
45 45 40 0.0 0.0 15.0 0.0 546.0 3.0 2.0 0.5475166210402814
45 45 41 0.0 0.0 186.0 0.0 4199.0 17.0 158.0 0.21981472758674828
45 45 42 0.0 0.0 116.0 0.0 2909.0 14.0 58.0 0.2793853522251047
45 45 43 0.0 0.0 218.0 0.0 4565.0 17.0 201.0 0.2068863602778188
45 45 44 0.0 0.0 7.0 0.0 225.0 2.0 0.0 0.6278026905829596
45 45 45 0.0 0.0 3.0 0.0 23.0 1.0 0.0 0.6913580246913579
45 46 37 0.0 0.0 0.0 0.0 4.0 0.0 0.0 0.6986027944111775
45 46 38 0.0 0.0 0.0 0.0 22.0 0.0 0.0 0.6923837784371908
45 46 39 0.0 0.0 1.0 0.0 64.0 1.0 0.0 0.6782945736434108
45 46 40 0.0 0.0 4.0 0.0 110.0 1.0 0.0 0.6625650733554187
45 46 41 0.0 0.0 3.0 0.0 19.0 0.0 0.0 0.6923837784371908
45 46 42 0.0 0.0 2.0 0.0 33.0 0.0 0.0 0.6879606879606879
45 46 43 0.0 0.0 0.0 0.0 8.0 0.0 0.0 0.697211155378486
45 46 44 0.0 0.0 0.0 0.0 2.0 0.0 0.0 0.6993006993006992
46 33 38 0.0 0.0 0.0 0.0 1.0 0.0 0.0 0.6996501749125437
46 33 39 0.0 0.0 1.0 0.0 43.0 0.0 0.0 0.684931506849315
46 33 40 0.0 0.0 0.0 0.0 2.0 0.0 0.0 0.6993006993006992
46 33 41 0.0 0.0 0.0 0.0 3.0 0.0 0.0 0.6989515726410384
46 34 36 0.0 0.0 0.0 0.0 7.0 0.0 0.0 0.6975585450921773
46 34 37 0.0 0.0 2.0 0.0 40.0 0.0 0.0 0.6856023506366307
46 34 38 0.0 0.0 69.0 0.0 1848.0 10.0 19.0 0.35833120040952127
46 34 39 0.0 0.0 13.0 0.0 277.0 6.0 0.0 0.6129597197898423
46 34 40 0.0 0.0 1.0 0.0 61.0 0.0 0.0 0.6789524733268669
46 34 41 0.0 0.0 3.0 0.0 66.0 1.0 0.0 0.6769825918762088
46 35 36 0.0 0.0 5.0 0.0 74.0 0.0 0.0 0.6737247353224253
46 35 37 0.0 0.0 9.0 0.0 222.0 1.0 0.0 0.6278026905829596
46 35 38 0.0 0.0 64.0 0.0 1591.0 10.0 7.0 0.38419319429198673
46 35 39 0.0 0.0 45.0 0.0 1358.0 7.0 17.0 0.4123711340206185
46 35 40 0.0 0.0 184.0 0.0 4863.0 14.0 288.0 0.19903326698891097
46 35 41 0.0 0.0 9.0 0.0 247.0 0.0 0.0 0.6205673758865247
46 35 42 0.0 0.0 22.0 0.0 492.0 2.0 0.0 0.5573248407643311
46 35 43 0.0 0.0 0.0 0.0 23.0 0.0 0.0 0.6920415224913494
46 35 44 0.0 0.0 0.0 0.0 8.0 0.0 0.0 0.697211155378486
46 35 45 0.0 0.0 0.0 0.0 6.0 0.0 0.0 0.6979062811565303
46 36 34 0.0 0.0 0.0 0.0 7.0 0.0 0.0 0.6975585450921773
46 36 35 0.0 0.0 1.0 0.0 74.0 1.0 0.0 0.6753497346840327
46 36 36 0.0 0.0 13.0 0.0 346.0 5.0 0.0 0.5949851253718657
46 36 37 0.0 0.0 36.0 0.0 940.0 9.0 3.0 0.4720161834120026
46 36 38 0.0 0.0 214.0 0.0 5256.0 15.0 329.0 0.1877682403433476
46 36 39 0.0 0.0 237.0 0.0 5532.0 15.0 339.0 0.18043562314731276
46 36 40 0.0 0.0 369.0 0.0 8116.0 24.0 1061.0 0.13380483608907578
46 36 41 0.0 0.0 407.0 0.0 8783.0 27.0 1622.0 0.12529085376767496
46 36 42 0.0 0.0 420.0 0.0 8108.0 23.0 1138.0 0.13315579227696403
46 36 43 0.0 0.0 58.0 0.0 1643.0 12.0 14.0 0.37960954446854656
46 36 44 0.0 0.0 15.0 0.0 325.0 5.0 0.0 0.5995717344753746
46 36 45 0.0 0.0 0.0 0.0 14.0 0.0 0.0 0.6951340615690167
46 37 34 0.0 0.0 0.0 0.0 12.0 0.0 0.0 0.6958250497017892
46 37 35 0.0 0.0 0.0 0.0 28.0 0.0 0.0 0.690335305719921
46 37 36 0.0 0.0 34.0 0.0 947.0 5.0 6.0 0.47043010752688164
46 37 37 0.0 0.0 67.0 0.0 1843.0 15.0 25.0 0.3595274781715459
46 37 38 0.0 0.0 609.0 0.0 10885.0 20.0 3330.0 0.10380366278638688
46 37 39 0.0 0.0 589.0 0.0 10666.0 24.0 3218.0 0.10578812150521384
46 37 40 0.0 0.0 845.0 0.0 12477.0 34.0 6984.0 0.0913420760749005
46 37 41 0.0 0.0 651.0 0.0 11116.0 36.0 4257.0 0.10185522008002909
46 37 42 0.0 0.0 281.0 0.0 6383.0 17.0 514.0 0.16190586330519252
46 37 43 0.0 0.0 238.0 0.0 4933.0 24.0 216.0 0.1957220746539913
46 37 44 0.0 0.0 10.0 0.0 447.0 2.0 2.0 0.570264765784114
46 37 45 0.0 0.0 3.0 0.0 71.0 2.0 0.0 0.6756756756756755
46 37 46 0.0 0.0 0.0 0.0 12.0 0.0 0.0 0.6958250497017892
46 38 34 0.0 0.0 0.0 0.0 12.0 0.0 0.0 0.6958250497017892
46 38 35 0.0 0.0 26.0 0.0 902.0 8.0 2.0 0.4794520547945204
46 38 36 0.0 0.0 72.0 0.0 1785.0 15.0 19.0 0.3643935450286309
46 38 37 0.0 0.0 115.0 0.0 3061.0 18.0 82.0 0.27163368257663945
46 38 38 0.0 0.0 317.0 0.0 6674.0 20.0 575.0 0.15602362643486012
46 38 39 0.0 0.0 741.0 0.0 11652.0 32.0 4054.0 0.09735067102426813
46 38 40 0.0 0.0 457.0 0.0 9415.0 25.0 1813.0 0.11806375442739078
46 38 41 0.0 0.0 335.0 0.0 7724.0 18.0 1042.0 0.13933121019108277
46 38 42 0.0 0.0 334.0 0.0 7523.0 23.0 911.0 0.14231981295110296
46 38 43 0.0 0.0 91.0 0.0 2712.0 8.0 54.0 0.29203170629954106
46 38 44 0.0 0.0 81.0 0.0 2052.0 16.0 37.0 0.33997085964060214
46 38 45 0.0 0.0 14.0 0.0 344.0 3.0 0.0 0.5944798301486198
46 38 46 0.0 0.0 2.0 0.0 48.0 0.0 0.0 0.6829268292682925
46 38 47 0.0 0.0 0.0 0.0 4.0 0.0 0.0 0.6986027944111775
46 39 33 0.0 0.0 0.0 0.0 2.0 0.0 0.0 0.6993006993006992
46 39 34 0.0 0.0 1.0 0.0 64.0 0.0 0.0 0.6779661016949151
46 39 35 0.0 0.0 1.0 0.0 87.0 0.0 0.0 0.6704980842911876
46 39 36 0.0 0.0 20.0 0.0 534.0 2.0 1.0 0.5485893416927898
46 39 37 0.0 0.0 258.0 0.0 5679.0 18.0 338.0 0.1765893037336024
46 39 38 0.0 0.0 121.0 0.0 3053.0 17.0 86.0 0.2715283165244375
46 39 39 0.0 0.0 423.0 0.0 8419.0 27.0 1391.0 0.12943786982248517
46 39 40 0.0 0.0 300.0 0.0 6564.0 19.0 595.0 0.158156348847718
46 39 41 0.0 0.0 574.0 0.0 10620.0 27.0 2647.0 0.1062779928641919
46 39 42 0.0 0.0 555.0 0.0 10459.0 31.0 3075.0 0.10778350912310417
46 39 43 0.0 0.0 230.0 0.0 5311.0 19.0 353.0 0.18609597235145553
46 39 44 0.0 0.0 37.0 0.0 951.0 10.0 3.0 0.47027208599260995
46 39 45 0.0 0.0 62.0 0.0 1367.0 10.0 3.0 0.4094764551038315
46 39 46 0.0 0.0 0.0 0.0 60.0 0.0 0.0 0.6796116504854368
46 39 47 0.0 0.0 0.0 0.0 1.0 0.0 0.0 0.6996501749125437
46 40 33 0.0 0.0 0.0 0.0 7.0 0.0 0.0 0.6975585450921773
46 40 34 0.0 0.0 166.0 0.0 3509.0 18.0 103.0 0.24748099699487355
46 40 35 0.0 0.0 2.0 0.0 104.0 0.0 0.0 0.664767331433998
46 40 36 0.0 0.0 99.0 0.0 2137.0 14.0 34.0 0.3316749585406301
46 40 37 0.0 0.0 177.0 0.0 3710.0 23.0 99.0 0.23878560463926313
46 40 38 0.0 0.0 518.0 0.0 9771.0 18.0 2309.0 0.11395083835259645
46 40 39 0.0 0.0 450.0 0.0 8624.0 16.0 1289.0 0.12653651482284886
46 40 40 0.0 0.0 405.0 0.0 8604.0 15.0 1500.0 0.127238025992911
46 40 41 0.0 0.0 423.0 0.0 8414.0 27.0 1192.0 0.1294618087664139
46 40 42 0.0 0.0 300.0 0.0 6707.0 16.0 655.0 0.15562472209871053
46 40 43 0.0 0.0 204.0 0.0 4047.0 18.0 111.0 0.2245749117741418
46 40 44 0.0 0.0 250.0 0.0 5701.0 21.0 411.0 0.1764780032774486
46 40 45 0.0 0.0 136.0 0.0 3283.0 9.0 89.0 0.2587322121604139
46 40 46 0.0 0.0 2.0 0.0 85.0 3.0 0.0 0.6721075372059528
46 40 47 0.0 0.0 0.0 0.0 2.0 0.0 0.0 0.6993006993006992
46 41 33 0.0 0.0 1.0 0.0 23.0 0.0 0.0 0.6916996047430829
46 41 34 0.0 0.0 0.0 0.0 23.0 0.0 0.0 0.6920415224913494
46 41 35 0.0 0.0 26.0 0.0 909.0 6.0 5.0 0.4779788323659951
46 41 36 0.0 0.0 4.0 0.0 286.0 1.0 2.0 0.6118881118881118
46 41 37 0.0 0.0 685.0 0.0 11290.0 27.0 3510.0 0.10027216731127343
46 41 38 0.0 0.0 126.0 0.0 3544.0 13.0 106.0 0.24748099699487355
46 41 39 0.0 0.0 774.0 0.0 12031.0 20.0 5210.0 0.09458181326847723
46 41 40 0.0 0.0 264.0 0.0 6546.0 18.0 647.0 0.15919945417329998
46 41 41 0.0 0.0 285.0 0.0 7283.0 14.0 931.0 0.14655082173139325
46 41 42 0.0 0.0 109.0 0.0 2744.0 7.0 59.0 0.289077018377039
46 41 43 0.0 0.0 67.0 0.0 1968.0 4.0 25.0 0.34730836020838496
46 41 44 0.0 0.0 35.0 0.0 717.0 9.0 1.0 0.5105762217359591
46 41 45 0.0 0.0 10.0 0.0 188.0 2.0 0.0 0.6375227686703095
46 41 46 0.0 0.0 1.0 0.0 34.0 1.0 0.0 0.6882989183874139
46 42 34 0.0 0.0 0.0 0.0 8.0 0.0 0.0 0.697211155378486
46 42 35 0.0 0.0 0.0 0.0 11.0 0.0 0.0 0.6961710591745399
46 42 36 0.0 0.0 3.0 0.0 107.0 1.0 0.0 0.6638217164532954
46 42 37 0.0 0.0 158.0 0.0 3622.0 24.0 87.0 0.2432244614315496
46 42 38 0.0 0.0 433.0 0.0 8970.0 17.0 1775.0 0.1229256299938537
46 42 39 0.0 0.0 593.0 0.0 10590.0 23.0 2878.0 0.1063264221158958
46 42 40 0.0 0.0 624.0 0.0 10999.0 27.0 3725.0 0.10287309868469394
46 42 41 0.0 0.0 128.0 0.0 3344.0 16.0 92.0 0.2565512186182884
46 42 42 0.0 0.0 251.0 0.0 5765.0 19.0 406.0 0.17499999999999996
46 42 43 0.0 0.0 67.0 0.0 1606.0 12.0 12.0 0.38230475150191146
46 42 44 0.0 0.0 18.0 0.0 583.0 2.0 1.0 0.5388760585065434
46 42 45 0.0 0.0 0.0 0.0 26.0 0.0 0.0 0.6910167818361302
46 42 46 0.0 0.0 0.0 0.0 2.0 0.0 0.0 0.6993006993006992
46 43 35 0.0 0.0 0.0 0.0 1.0 0.0 0.0 0.6996501749125437
46 43 36 0.0 0.0 0.0 0.0 29.0 0.0 0.0 0.6899950714637751
46 43 37 0.0 0.0 148.0 0.0 3983.0 12.0 160.0 0.2287955548292204
46 43 38 0.0 0.0 541.0 0.0 10229.0 26.0 2815.0 0.10974367014188287
46 43 39 0.0 0.0 753.0 0.0 11940.0 25.0 5906.0 0.09532888465204957
46 43 40 0.0 0.0 445.0 0.0 8527.0 26.0 1231.0 0.12774888219728076
46 43 41 0.0 0.0 66.0 0.0 1319.0 11.0 9.0 0.41481481481481475
46 43 42 0.0 0.0 19.0 0.0 607.0 3.0 1.0 0.5337399923751428
46 43 43 0.0 0.0 11.0 0.0 273.0 4.0 0.0 0.6143045195261079
46 43 44 0.0 0.0 0.0 0.0 20.0 0.0 0.0 0.6930693069306929
46 43 45 0.0 0.0 0.0 0.0 3.0 0.0 0.0 0.6989515726410384
46 44 36 0.0 0.0 0.0 0.0 23.0 0.0 0.0 0.6920415224913494
46 44 37 0.0 0.0 181.0 0.0 4475.0 13.0 232.0 0.21068472535741153
46 44 38 0.0 0.0 498.0 0.0 9846.0 21.0 2461.0 0.11349817592217266
46 44 39 0.0 0.0 288.0 0.0 6850.0 12.0 800.0 0.1532567049808429
46 44 40 0.0 0.0 219.0 0.0 4953.0 23.0 206.0 0.1956947162426614
46 44 41 0.0 0.0 16.0 0.0 723.0 4.0 2.0 0.5118829981718463
46 44 42 0.0 0.0 23.0 0.0 438.0 3.0 0.0 0.5695687550854353
46 44 43 0.0 0.0 0.0 0.0 20.0 0.0 0.0 0.6934125804853887
46 44 44 0.0 0.0 0.0 0.0 9.0 0.0 0.0 0.6968641114982577
46 44 45 0.0 0.0 0.0 0.0 2.0 0.0 0.0 0.6993006993006992
46 45 35 0.0 0.0 0.0 0.0 1.0 0.0 0.0 0.6996501749125437
46 45 36 0.0 0.0 0.0 0.0 3.0 0.0 0.0 0.6989515726410384
46 45 37 0.0 0.0 42.0 0.0 928.0 7.0 8.0 0.4724940938238271
46 45 38 0.0 0.0 16.0 0.0 500.0 6.0 1.0 0.5577689243027888
46 45 39 0.0 0.0 239.0 0.0 5124.0 22.0 251.0 0.19060585432266847
46 45 40 0.0 0.0 0.0 0.0 123.0 0.0 0.0 0.66006600660066
46 45 41 0.0 0.0 2.0 0.0 99.0 1.0 0.0 0.6669842782277274
46 45 42 0.0 0.0 0.0 0.0 21.0 0.0 0.0 0.6927263730826323
46 45 43 0.0 0.0 0.0 0.0 10.0 0.0 0.0 0.6965174129353233
46 45 44 0.0 0.0 0.0 0.0 3.0 0.0 0.0 0.6989515726410384
46 46 36 0.0 0.0 0.0 0.0 2.0 0.0 0.0 0.6993006993006992
46 46 38 0.0 0.0 0.0 0.0 17.0 0.0 0.0 0.694100148735746
46 46 39 0.0 0.0 0.0 0.0 12.0 0.0 0.0 0.6958250497017892
46 46 40 0.0 0.0 0.0 0.0 16.0 0.0 0.0 0.694789081885856
46 46 41 0.0 0.0 0.0 0.0 4.0 0.0 0.0 0.6986027944111775
46 46 42 0.0 0.0 4.0 0.0 121.0 1.0 0.0 0.6591337099811675
46 46 43 0.0 0.0 0.0 0.0 6.0 0.0 0.0 0.6979062811565303
46 46 44 0.0 0.0 0.0 0.0 3.0 0.0 0.0 0.6989515726410384
47 33 39 0.0 0.0 0.0 0.0 1.0 0.0 0.0 0.6996501749125437
47 34 37 0.0 0.0 0.0 0.0 2.0 0.0 0.0 0.6993006993006992
47 34 39 0.0 0.0 0.0 0.0 8.0 0.0 0.0 0.697211155378486
47 34 40 0.0 0.0 0.0 0.0 1.0 0.0 0.0 0.6996501749125437
47 34 41 0.0 0.0 0.0 0.0 3.0 0.0 0.0 0.6989515726410384
47 35 37 0.0 0.0 0.0 0.0 10.0 0.0 0.0 0.6965174129353233
47 35 38 0.0 0.0 0.0 0.0 11.0 0.0 0.0 0.6961710591745399
47 35 39 0.0 0.0 13.0 0.0 295.0 1.0 1.0 0.6068487212830515
47 35 40 0.0 0.0 16.0 0.0 328.0 6.0 2.0 0.5988023952095808
47 35 41 0.0 0.0 1.0 0.0 153.0 0.0 1.0 0.649953574744661
47 35 42 0.0 0.0 21.0 0.0 422.0 4.0 0.0 0.5740057400574005
47 35 43 0.0 0.0 3.0 0.0 63.0 2.0 0.0 0.6782945736434108
47 35 44 0.0 0.0 0.0 0.0 1.0 0.0 0.0 0.6996501749125437
47 36 36 0.0 0.0 0.0 0.0 1.0 0.0 0.0 0.6996501749125437
47 36 37 0.0 0.0 46.0 0.0 1033.0 5.0 2.0 0.4554326610279765
47 36 38 0.0 0.0 0.0 0.0 85.0 1.0 0.0 0.6717850287907868
47 36 39 0.0 0.0 66.0 0.0 1810.0 9.0 22.0 0.3621314019658561
47 36 40 0.0 0.0 38.0 0.0 802.0 10.0 2.0 0.4948745139625308
47 36 41 0.0 0.0 154.0 0.0 3852.0 19.0 142.0 0.23368385912201634
47 36 42 0.0 0.0 18.0 0.0 560.0 3.0 1.0 0.5439005439005438
47 36 43 0.0 0.0 0.0 0.0 27.0 0.0 0.0 0.6906758756783422
47 36 44 0.0 0.0 0.0 0.0 3.0 0.0 0.0 0.6989515726410384
47 37 35 0.0 0.0 0.0 0.0 1.0 0.0 0.0 0.6996501749125437
47 37 36 0.0 0.0 0.0 0.0 3.0 0.0 0.0 0.6989515726410384
47 37 37 0.0 0.0 2.0 0.0 62.0 1.0 0.0 0.6786233640329616
47 37 38 0.0 0.0 51.0 0.0 1201.0 6.0 7.0 0.43130006161429446
47 37 39 0.0 0.0 55.0 0.0 1392.0 6.0 13.0 0.40721349621873176
47 37 40 0.0 0.0 250.0 0.0 5584.0 14.0 324.0 0.17891373801916932
47 37 41 0.0 0.0 104.0 0.0 2387.0 21.0 38.0 0.3130590339892665
47 37 42 0.0 0.0 73.0 0.0 1920.0 12.0 14.0 0.3515821195379206
47 37 43 0.0 0.0 34.0 0.0 559.0 8.0 0.0 0.5417956656346749
47 37 44 0.0 0.0 1.0 0.0 22.0 1.0 0.0 0.6923837784371908
47 38 36 0.0 0.0 0.0 0.0 15.0 0.0 0.0 0.694789081885856
47 38 37 0.0 0.0 42.0 0.0 850.0 5.0 3.0 0.4849324558365084
47 38 38 0.0 0.0 112.0 0.0 2485.0 12.0 42.0 0.3052769297863061
47 38 39 0.0 0.0 175.0 0.0 4097.0 16.0 159.0 0.22367790381850133
47 38 40 0.0 0.0 108.0 0.0 2139.0 16.0 31.0 0.33089104230678323
47 38 41 0.0 0.0 292.0 0.0 7251.0 20.0 965.0 0.14688909873045847
47 38 42 0.0 0.0 86.0 0.0 2170.0 18.0 26.0 0.33042246872787345
47 38 43 0.0 0.0 145.0 0.0 3822.0 19.0 141.0 0.23533366952428977
47 38 44 0.0 0.0 1.0 0.0 48.0 0.0 0.0 0.6832601268911663
47 39 34 0.0 0.0 0.0 0.0 5.0 0.0 0.0 0.6982543640897755
47 39 35 0.0 0.0 3.0 0.0 95.0 0.0 0.0 0.6673021925643469
47 39 36 0.0 0.0 8.0 0.0 209.0 2.0 0.0 0.6320541760722347
47 39 37 0.0 0.0 10.0 0.0 259.0 1.0 1.0 0.6172839506172839
47 39 38 0.0 0.0 93.0 0.0 1931.0 18.0 23.0 0.34938857000249557
47 39 39 0.0 0.0 31.0 0.0 857.0 6.0 4.0 0.48577376821651624
47 39 40 0.0 0.0 103.0 0.0 2393.0 16.0 40.0 0.31249999999999994
47 39 41 0.0 0.0 111.0 0.0 2412.0 25.0 41.0 0.31111111111111106
47 39 42 0.0 0.0 276.0 0.0 5676.0 19.0 382.0 0.17636684303350966
47 39 43 0.0 0.0 26.0 0.0 398.0 11.0 0.0 0.5801906340654785
47 39 44 0.0 0.0 69.0 0.0 1313.0 15.0 6.0 0.4156769596199525
47 39 45 0.0 0.0 0.0 0.0 8.0 0.0 0.0 0.697211155378486
47 39 46 0.0 0.0 0.0 0.0 1.0 0.0 0.0 0.6996501749125437
47 40 33 0.0 0.0 0.0 0.0 3.0 0.0 0.0 0.6989515726410384
47 40 34 0.0 0.0 0.0 0.0 4.0 0.0 0.0 0.6986027944111775
47 40 35 0.0 0.0 3.0 0.0 28.0 2.0 0.0 0.6899950714637751
47 40 36 0.0 0.0 15.0 0.0 266.0 5.0 0.0 0.6151142355008786
47 40 37 0.0 0.0 15.0 0.0 361.0 3.0 1.0 0.5899705014749261
47 40 38 0.0 0.0 95.0 0.0 2067.0 12.0 26.0 0.33726812816188867
47 40 39 0.0 0.0 71.0 0.0 1935.0 11.0 20.0 0.3505257886830245
47 40 40 0.0 0.0 45.0 0.0 1012.0 10.0 2.0 0.4594683295044305
47 40 41 0.0 0.0 43.0 0.0 1315.0 8.0 9.0 0.4180352343983278
47 40 42 0.0 0.0 163.0 0.0 3547.0 11.0 117.0 0.24561403508771926
47 40 43 0.0 0.0 0.0 0.0 98.0 0.0 1.0 0.6673021925643469
47 40 44 0.0 0.0 0.0 0.0 30.0 0.0 0.0 0.689655172413793
47 40 45 0.0 0.0 0.0 0.0 12.0 0.0 0.0 0.6958250497017892
47 40 46 0.0 0.0 0.0 0.0 2.0 0.0 0.0 0.6993006993006992
47 41 33 0.0 0.0 0.0 0.0 7.0 0.0 0.0 0.6975585450921773
47 41 34 0.0 0.0 0.0 0.0 1.0 0.0 0.0 0.6996501749125437
47 41 35 0.0 0.0 0.0 0.0 4.0 0.0 0.0 0.6986027944111775
47 41 36 0.0 0.0 42.0 0.0 1098.0 10.0 4.0 0.44728434504792325
47 41 37 0.0 0.0 84.0 0.0 2137.0 15.0 43.0 0.33285782215882065
47 41 38 0.0 0.0 34.0 0.0 864.0 10.0 5.0 0.4849324558365084
47 41 39 0.0 0.0 102.0 0.0 2514.0 18.0 40.0 0.30448020878642884
47 41 40 0.0 0.0 65.0 0.0 1590.0 10.0 20.0 0.38408779149519884
47 41 41 0.0 0.0 20.0 0.0 474.0 6.0 0.0 0.562700964630225
47 41 42 0.0 0.0 16.0 0.0 337.0 5.0 0.0 0.5962521294718909
47 41 43 0.0 0.0 0.0 0.0 32.0 1.0 0.0 0.6893156080748399
47 41 44 0.0 0.0 0.0 0.0 17.0 0.0 0.0 0.694100148735746
47 41 45 0.0 0.0 0.0 0.0 5.0 0.0 0.0 0.6982543640897755
47 41 46 0.0 0.0 0.0 0.0 4.0 0.0 0.0 0.6986027944111775
47 42 35 0.0 0.0 0.0 0.0 1.0 0.0 0.0 0.6996501749125437
47 42 36 0.0 0.0 36.0 0.0 1128.0 4.0 4.0 0.4430379746835443
47 42 37 0.0 0.0 68.0 0.0 1902.0 12.0 26.0 0.3537139969681657
47 42 38 0.0 0.0 126.0 0.0 3005.0 21.0 57.0 0.273972602739726
47 42 39 0.0 0.0 78.0 0.0 2215.0 7.0 38.0 0.3266448903406439
47 42 40 0.0 0.0 62.0 0.0 1381.0 10.0 7.0 0.40780658316341384
47 42 41 0.0 0.0 9.0 0.0 362.0 2.0 0.0 0.590966652596032
47 42 42 0.0 0.0 0.0 0.0 28.0 0.0 0.0 0.690335305719921
47 42 43 0.0 0.0 0.0 0.0 7.0 0.0 0.0 0.6975585450921773
47 43 36 0.0 0.0 0.0 0.0 6.0 0.0 0.0 0.6979062811565303
47 43 37 0.0 0.0 16.0 0.0 315.0 3.0 1.0 0.6013745704467354
47 43 38 0.0 0.0 119.0 0.0 3099.0 18.0 82.0 0.269179004037685
47 43 39 0.0 0.0 156.0 0.0 3486.0 19.0 97.0 0.24897741419171257
47 43 40 0.0 0.0 59.0 0.0 1668.0 12.0 15.0 0.37695207323640273
47 43 41 0.0 0.0 2.0 0.0 118.0 0.0 0.0 0.6603773584905659
47 43 42 0.0 0.0 0.0 0.0 6.0 0.0 0.0 0.6979062811565303
47 43 43 0.0 0.0 0.0 0.0 8.0 0.0 0.0 0.6975585450921773
47 43 44 0.0 0.0 0.0 0.0 1.0 0.0 0.0 0.6996501749125437
47 44 36 0.0 0.0 0.0 0.0 13.0 0.0 0.0 0.695479384003974
47 44 37 0.0 0.0 27.0 0.0 723.0 5.0 3.0 0.5100182149362477
47 44 38 0.0 0.0 68.0 0.0 1438.0 14.0 7.0 0.40091638029782356
47 44 39 0.0 0.0 145.0 0.0 3331.0 20.0 92.0 0.2565042139978013
47 44 40 0.0 0.0 25.0 0.0 480.0 7.0 0.0 0.5604483586869494
47 44 41 0.0 0.0 12.0 0.0 342.0 4.0 2.0 0.5959982971477223
47 45 36 0.0 0.0 0.0 0.0 3.0 0.0 0.0 0.6989515726410384
47 45 37 0.0 0.0 0.0 0.0 31.0 0.0 0.0 0.6893156080748399
47 45 38 0.0 0.0 26.0 0.0 661.0 10.0 1.0 0.522973477773627
47 45 39 0.0 0.0 7.0 0.0 161.0 3.0 0.0 0.6466512702078521
47 45 40 0.0 0.0 0.0 0.0 14.0 0.0 0.0 0.6951340615690167
47 45 41 0.0 0.0 1.0 0.0 6.0 0.0 0.0 0.6975585450921773
47 46 38 0.0 0.0 2.0 0.0 78.0 1.0 0.0 0.6734006734006733
47 46 39 0.0 0.0 0.0 0.0 1.0 0.0 0.0 0.6996501749125437
47 46 40 0.0 0.0 0.0 0.0 1.0 0.0 0.0 0.6996501749125437
48 34 43 0.0 0.0 0.0 0.0 1.0 0.0 0.0 0.6996501749125437
48 35 38 0.0 0.0 0.0 0.0 1.0 0.0 0.0 0.6996501749125437
48 35 39 0.0 0.0 0.0 0.0 1.0 0.0 0.0 0.6996501749125437
48 35 40 0.0 0.0 0.0 0.0 3.0 0.0 0.0 0.6989515726410384
48 35 41 0.0 0.0 0.0 0.0 5.0 0.0 0.0 0.6982543640897755
48 35 42 0.0 0.0 0.0 0.0 1.0 0.0 0.0 0.6996501749125437
48 36 38 0.0 0.0 0.0 0.0 3.0 0.0 0.0 0.6989515726410384
48 36 39 0.0 0.0 55.0 0.0 1156.0 9.0 8.0 0.4372267332916926
48 36 40 0.0 0.0 2.0 0.0 39.0 1.0 0.0 0.6862745098039215
48 36 41 0.0 0.0 0.0 0.0 11.0 0.0 0.0 0.6968641114982577
48 36 42 0.0 0.0 2.0 0.0 15.0 0.0 0.0 0.6944444444444444
48 37 37 0.0 0.0 0.0 0.0 2.0 0.0 0.0 0.6993006993006992
48 37 38 0.0 0.0 0.0 0.0 5.0 0.0 0.0 0.6982543640897755
48 37 39 0.0 0.0 0.0 0.0 13.0 0.0 0.0 0.695479384003974
48 37 40 0.0 0.0 11.0 0.0 287.0 2.0 0.0 0.6097560975609755
48 37 41 0.0 0.0 0.0 0.0 29.0 0.0 0.0 0.6899950714637751
48 37 42 0.0 0.0 0.0 0.0 24.0 0.0 0.0 0.6916996047430829
48 37 43 0.0 0.0 0.0 0.0 2.0 0.0 0.0 0.6993006993006992
48 37 44 0.0 0.0 0.0 0.0 5.0 0.0 0.0 0.6982543640897755
48 38 38 0.0 0.0 0.0 0.0 5.0 0.0 0.0 0.6986027944111775
48 38 39 0.0 0.0 1.0 0.0 18.0 0.0 0.0 0.6934125804853887
48 38 40 0.0 0.0 0.0 0.0 24.0 0.0 0.0 0.6916996047430829
48 38 41 0.0 0.0 7.0 0.0 121.0 2.0 0.0 0.6585136406396989
48 38 42 0.0 0.0 0.0 0.0 33.0 0.0 0.0 0.6886374815543531
48 38 43 0.0 0.0 11.0 0.0 209.0 2.0 0.0 0.6311992786293958
48 38 44 0.0 0.0 0.0 0.0 1.0 0.0 0.0 0.6996501749125437
48 39 37 0.0 0.0 0.0 0.0 5.0 0.0 0.0 0.6982543640897755
48 39 38 0.0 0.0 0.0 0.0 5.0 0.0 0.0 0.6982543640897755
48 39 39 0.0 0.0 2.0 0.0 5.0 1.0 0.0 0.6979062811565303
48 39 40 0.0 0.0 0.0 0.0 31.0 0.0 0.0 0.6893156080748399
48 39 41 0.0 0.0 1.0 0.0 106.0 1.0 0.0 0.664767331433998
48 39 42 0.0 0.0 0.0 0.0 20.0 0.0 0.0 0.6930693069306929
48 39 43 0.0 0.0 0.0 0.0 7.0 0.0 0.0 0.6975585450921773
48 39 44 0.0 0.0 32.0 0.0 653.0 5.0 1.0 0.5221932114882506
48 39 45 0.0 0.0 0.0 0.0 1.0 0.0 0.0 0.0
48 40 36 0.0 0.0 0.0 0.0 1.0 0.0 0.0 0.6996501749125437
48 40 38 0.0 0.0 0.0 0.0 3.0 0.0 0.0 0.6989515726410384
48 40 39 0.0 0.0 9.0 0.0 130.0 2.0 0.0 0.6551240056153486
48 40 40 0.0 0.0 0.0 0.0 3.0 0.0 0.0 0.6989515726410384
48 40 41 0.0 0.0 0.0 0.0 12.0 0.0 0.0 0.6958250497017892
48 40 42 0.0 0.0 0.0 0.0 10.0 0.0 0.0 0.6965174129353233
48 40 43 0.0 0.0 0.0 0.0 7.0 0.0 0.0 0.6975585450921773
48 40 45 0.0 0.0 2.0 0.0 20.0 0.0 0.0 0.6923837784371908
48 41 35 0.0 0.0 0.0 0.0 1.0 0.0 0.0 0.6996501749125437
48 41 36 0.0 0.0 0.0 0.0 5.0 0.0 0.0 0.6982543640897755
48 41 37 0.0 0.0 0.0 0.0 3.0 0.0 0.0 0.6989515726410384
48 41 38 0.0 0.0 0.0 0.0 5.0 0.0 0.0 0.6982543640897755
48 41 39 0.0 0.0 1.0 0.0 19.0 1.0 0.0 0.6934125804853887
48 41 40 0.0 0.0 0.0 0.0 4.0 0.0 0.0 0.6986027944111775
48 41 41 0.0 0.0 0.0 0.0 6.0 0.0 0.0 0.6979062811565303
48 41 43 0.0 0.0 0.0 0.0 1.0 0.0 0.0 0.6996501749125437
48 42 37 0.0 0.0 0.0 0.0 3.0 0.0 0.0 0.6989515726410384
48 42 38 0.0 0.0 0.0 0.0 8.0 0.0 0.0 0.697211155378486
48 42 39 0.0 0.0 0.0 0.0 11.0 0.0 0.0 0.6961710591745399
48 42 40 0.0 0.0 0.0 0.0 4.0 0.0 0.0 0.6986027944111775
48 42 41 0.0 0.0 0.0 0.0 1.0 0.0 0.0 0.6996501749125437
48 43 37 0.0 0.0 0.0 0.0 4.0 0.0 0.0 0.6986027944111775
48 43 38 0.0 0.0 1.0 0.0 14.0 0.0 0.0 0.694789081885856
48 43 39 0.0 0.0 0.0 0.0 11.0 0.0 0.0 0.6961710591745399
48 43 40 0.0 0.0 0.0 0.0 6.0 0.0 0.0 0.6979062811565303
48 44 37 0.0 0.0 0.0 0.0 3.0 0.0 0.0 0.6989515726410384
48 44 38 0.0 0.0 0.0 0.0 11.0 0.0 0.0 0.6961710591745399
48 44 39 0.0 0.0 0.0 0.0 9.0 0.0 0.0 0.6968641114982577
48 44 40 0.0 0.0 0.0 0.0 4.0 0.0 0.0 0.6986027944111775
48 44 41 0.0 0.0 0.0 0.0 1.0 0.0 0.0 0.6996501749125437
48 45 37 0.0 0.0 0.0 0.0 1.0 0.0 0.0 0.6996501749125437
48 45 38 0.0 0.0 0.0 0.0 3.0 0.0 0.0 0.6989515726410384
48 45 40 0.0 0.0 0.0 0.0 4.0 0.0 0.0 0.6986027944111775
49 36 39 0.0 0.0 0.0 0.0 1.0 0.0 0.0 0.6996501749125437
49 37 38 0.0 0.0 0.0 0.0 2.0 0.0 0.0 0.6993006993006992
