28 39 36 0.0 0.0 0.0 0.0 3.0 0.0 0.0 0.6989515726410384
28 39 38 0.0 0.0 1.0 0.0 5.0 0.0 0.0 0.6979062811565303
28 39 41 0.0 0.0 0.0 0.0 3.0 0.0 0.0 0.6989515726410384
28 40 36 0.0 0.0 0.0 0.0 2.0 0.0 0.0 0.6993006993006992
28 40 37 0.0 0.0 0.0 0.0 4.0 0.0 0.0 0.6986027944111775
28 40 39 0.0 0.0 0.0 0.0 1.0 0.0 0.0 0.6996501749125437
28 40 40 0.0 0.0 0.0 0.0 1.0 0.0 0.0 0.6996501749125437
28 41 36 0.0 0.0 0.0 0.0 1.0 0.0 0.0 0.6996501749125437
28 41 37 0.0 0.0 0.0 0.0 1.0 0.0 0.0 0.6996501749125437
28 41 38 0.0 0.0 0.0 0.0 1.0 0.0 0.0 0.6996501749125437
28 42 37 0.0 0.0 0.0 0.0 2.0 0.0 0.0 0.6993006993006992
28 42 42 0.0 0.0 0.0 0.0 2.0 0.0 0.0 0.6993006993006992
28 43 40 0.0 0.0 0.0 0.0 2.0 0.0 0.0 0.6993006993006992
28 43 41 0.0 0.0 0.0 0.0 1.0 0.0 0.0 0.6996501749125437
28 44 37 0.0 0.0 0.0 0.0 5.0 0.0 0.0 0.6982543640897755
28 44 41 0.0 0.0 0.0 0.0 1.0 0.0 0.0 0.6996501749125437
28 45 38 0.0 0.0 1.0 0.0 1.0 0.0 0.0 0.6993006993006992
28 46 42 0.0 0.0 0.0 0.0 2.0 0.0 0.0 0.6993006993006992
29 35 36 0.0 0.0 0.0 0.0 2.0 0.0 0.0 0.6993006993006992
29 35 38 0.0 0.0 0.0 0.0 5.0 0.0 0.0 0.6982543640897755
29 35 39 0.0 0.0 0.0 0.0 1.0 0.0 0.0 0.6996501749125437
29 35 41 0.0 0.0 0.0 0.0 1.0 0.0 0.0 0.6996501749125437
29 35 42 0.0 0.0 0.0 0.0 3.0 0.0 0.0 0.6989515726410384
29 36 34 0.0 0.0 0.0 0.0 2.0 0.0 0.0 0.6993006993006992
29 36 36 0.0 0.0 0.0 0.0 2.0 0.0 0.0 0.6993006993006992
29 36 37 0.0 0.0 0.0 0.0 3.0 0.0 0.0 0.6989515726410384
29 36 38 0.0 0.0 0.0 0.0 5.0 0.0 0.0 0.6982543640897755
29 36 40 0.0 0.0 0.0 0.0 1.0 0.0 0.0 0.6996501749125437
29 36 41 0.0 0.0 0.0 0.0 1.0 0.0 0.0 0.6996501749125437
29 37 34 0.0 0.0 0.0 0.0 2.0 0.0 0.0 0.6993006993006992
29 37 35 0.0 0.0 0.0 0.0 4.0 0.0 0.0 0.6986027944111775
29 37 36 0.0 0.0 1.0 0.0 27.0 0.0 0.0 0.690335305719921
29 37 37 0.0 0.0 0.0 0.0 17.0 0.0 0.0 0.694100148735746
29 37 38 0.0 0.0 3.0 0.0 75.0 2.0 0.0 0.6743737957610789
29 37 39 0.0 0.0 0.0 0.0 5.0 0.0 0.0 0.6982543640897755
29 37 40 0.0 0.0 1.0 0.0 8.0 0.0 0.0 0.6968641114982577
29 37 42 0.0 0.0 0.0 0.0 1.0 0.0 0.0 0.6996501749125437
29 38 33 0.0 0.0 0.0 0.0 1.0 0.0 0.0 0.6996501749125437
29 38 34 0.0 0.0 0.0 0.0 9.0 0.0 0.0 0.6968641114982577
29 38 35 0.0 0.0 0.0 0.0 10.0 0.0 0.0 0.6965174129353233
29 38 36 0.0 0.0 2.0 0.0 56.0 2.0 0.0 0.6809338521400777
29 38 37 0.0 0.0 0.0 0.0 40.0 0.0 0.0 0.6862745098039215
29 38 38 0.0 0.0 0.0 0.0 28.0 0.0 0.0 0.690335305719921
29 38 39 0.0 0.0 14.0 0.0 245.0 4.0 0.0 0.6208425720620842
29 38 40 0.0 0.0 1.0 0.0 69.0 0.0 0.0 0.6763285024154588
29 38 41 0.0 0.0 0.0 0.0 26.0 0.0 0.0 0.6910167818361302
29 38 42 0.0 0.0 0.0 0.0 1.0 0.0 0.0 0.6996501749125437
29 38 43 0.0 0.0 0.0 0.0 3.0 0.0 0.0 0.6989515726410384
29 39 33 0.0 0.0 0.0 0.0 1.0 0.0 0.0 0.6996501749125437
29 39 34 0.0 0.0 2.0 0.0 14.0 1.0 0.0 0.694789081885856
29 39 35 0.0 0.0 0.0 0.0 14.0 0.0 0.0 0.6951340615690167
29 39 36 0.0 0.0 7.0 0.0 239.0 0.0 0.0 0.6233303650934995
29 39 37 0.0 0.0 22.0 0.0 506.0 6.0 1.0 0.5551149881046787
29 39 38 0.0 0.0 0.0 0.0 66.0 1.0 0.0 0.6779661016949151
29 39 39 0.0 0.0 0.0 0.0 97.0 0.0 0.0 0.6676204101096804
29 39 40 0.0 0.0 0.0 0.0 92.0 0.0 0.0 0.6692160611854684
29 39 41 0.0 0.0 2.0 0.0 163.0 2.0 1.0 0.6472491909385112
29 39 42 0.0 0.0 0.0 0.0 10.0 0.0 0.0 0.6965174129353233
29 39 43 0.0 0.0 0.0 0.0 2.0 0.0 0.0 0.6993006993006992
29 40 34 0.0 0.0 0.0 0.0 5.0 0.0 0.0 0.6982543640897755
29 40 35 0.0 0.0 0.0 0.0 14.0 0.0 0.0 0.6951340615690167
29 40 36 0.0 0.0 1.0 0.0 44.0 1.0 0.0 0.6852667645619186
29 40 37 0.0 0.0 177.0 0.0 4195.0 12.0 170.0 0.22002200220021997
29 40 38 0.0 0.0 9.0 0.0 324.0 0.0 0.0 0.6000857265323617
29 40 39 0.0 0.0 4.0 0.0 187.0 0.0 0.0 0.6389776357827475
29 40 40 0.0 0.0 99.0 0.0 2318.0 13.0 29.0 0.3178206583427923
29 40 41 0.0 0.0 13.0 0.0 236.0 4.0 1.0 0.6236080178173719
29 40 42 0.0 0.0 3.0 0.0 35.0 1.0 0.0 0.6872852233676975
29 40 43 0.0 0.0 0.0 0.0 4.0 0.0 0.0 0.6986027944111775
29 40 44 0.0 0.0 0.0 0.0 1.0 0.0 0.0 0.6996501749125437
29 40 45 0.0 0.0 0.0 0.0 1.0 0.0 0.0 0.6996501749125437
29 41 35 0.0 0.0 0.0 0.0 5.0 0.0 0.0 0.6982543640897755
29 41 36 0.0 0.0 9.0 0.0 116.0 5.0 0.0 0.6606890042472864
29 41 37 0.0 0.0 2.0 0.0 76.0 1.0 0.0 0.6740491092922483
29 41 38 0.0 0.0 28.0 0.0 662.0 8.0 1.0 0.5219985085756897
29 41 39 0.0 0.0 18.0 0.0 400.0 5.0 0.0 0.5801906340654785
29 41 40 0.0 0.0 3.0 0.0 117.0 0.0 0.0 0.6606890042472864
29 41 41 0.0 0.0 76.0 0.0 1333.0 13.0 15.0 0.41212834854283187
29 41 42 0.0 0.0 0.0 0.0 18.0 0.0 0.0 0.6937561942517343
29 42 34 0.0 0.0 0.0 0.0 2.0 0.0 0.0 0.6993006993006992
29 42 35 0.0 0.0 11.0 0.0 197.0 3.0 0.0 0.6349206349206349
29 42 36 0.0 0.0 4.0 0.0 105.0 2.0 0.0 0.6644518272425248
29 42 37 0.0 0.0 46.0 0.0 896.0 7.0 6.0 0.47700170357751276
29 42 38 0.0 0.0 23.0 0.0 510.0 7.0 0.0 0.5542359461599367
29 42 39 0.0 0.0 18.0 0.0 542.0 4.0 1.0 0.5477308294209702
29 42 40 0.0 0.0 8.0 0.0 228.0 5.0 0.0 0.6275212909009411
29 42 41 0.0 0.0 6.0 0.0 141.0 1.0 0.0 0.6523765144454798
29 42 42 0.0 0.0 1.0 0.0 28.0 1.0 0.0 0.690335305719921
29 42 43 0.0 0.0 0.0 0.0 8.0 0.0 0.0 0.697211155378486
29 42 44 0.0 0.0 0.0 0.0 2.0 0.0 0.0 0.6993006993006992
29 43 34 0.0 0.0 0.0 0.0 1.0 0.0 0.0 0.6996501749125437
29 43 35 0.0 0.0 6.0 0.0 97.0 2.0 0.0 0.6663493574488338
29 43 36 0.0 0.0 40.0 0.0 937.0 12.0 0.0 0.47217537942664417
29 43 37 0.0 0.0 56.0 0.0 1185.0 7.0 6.0 0.43276661514683146
29 43 38 0.0 0.0 11.0 0.0 170.0 2.0 0.0 0.6424965580541532
29 43 39 0.0 0.0 45.0 0.0 1240.0 9.0 12.0 0.42735042735042733
29 43 40 0.0 0.0 45.0 0.0 1183.0 13.0 3.0 0.43545878693623635
29 43 41 0.0 0.0 57.0 0.0 1023.0 10.0 3.0 0.4560260586319217
29 43 42 0.0 0.0 0.0 0.0 20.0 0.0 0.0 0.6930693069306929
29 43 43 0.0 0.0 0.0 0.0 3.0 0.0 0.0 0.6989515726410384
29 43 44 0.0 0.0 0.0 0.0 2.0 0.0 0.0 0.6993006993006992
29 44 34 0.0 0.0 0.0 0.0 2.0 0.0 0.0 0.6993006993006992
29 44 35 0.0 0.0 0.0 0.0 13.0 0.0 0.0 0.695479384003974
29 44 36 0.0 0.0 6.0 0.0 148.0 1.0 0.0 0.6502554575011611
29 44 37 0.0 0.0 2.0 0.0 80.0 0.0 0.0 0.6724303554274734
29 44 38 0.0 0.0 1.0 0.0 88.0 0.0 0.0 0.6704980842911876
29 44 39 0.0 0.0 18.0 0.0 531.0 4.0 1.0 0.5500982318271119
29 44 40 0.0 0.0 12.0 0.0 383.0 3.0 1.0 0.5855290673358426
29 44 41 0.0 0.0 1.0 0.0 116.0 0.0 0.0 0.6613131790269249
29 44 42 0.0 0.0 0.0 0.0 23.0 0.0 0.0 0.6923837784371908
29 44 43 0.0 0.0 0.0 0.0 3.0 0.0 0.0 0.6989515726410384
29 44 44 0.0 0.0 0.0 0.0 3.0 0.0 0.0 0.6989515726410384
29 45 35 0.0 0.0 0.0 0.0 2.0 0.0 0.0 0.6993006993006992
29 45 36 0.0 0.0 0.0 0.0 2.0 0.0 0.0 0.6993006993006992
29 45 37 0.0 0.0 1.0 0.0 29.0 1.0 0.0 0.6899950714637751
29 45 38 0.0 0.0 26.0 0.0 705.0 6.0 2.0 0.513950073421439
29 45 39 0.0 0.0 60.0 0.0 1378.0 13.0 6.0 0.4087591240875912
29 45 40 0.0 0.0 1.0 0.0 97.0 0.0 0.0 0.6676204101096804
29 45 41 0.0 0.0 0.0 0.0 42.0 0.0 0.0 0.6859382655560998
29 45 42 0.0 0.0 20.0 0.0 298.0 6.0 0.0 0.6057983556901773
29 45 43 0.0 0.0 0.0 0.0 6.0 0.0 0.0 0.6979062811565303
29 45 44 0.0 0.0 0.0 0.0 2.0 0.0 0.0 0.6993006993006992
29 46 37 0.0 0.0 3.0 0.0 71.0 2.0 0.0 0.6756756756756755
29 46 38 0.0 0.0 0.0 0.0 16.0 0.0 0.0 0.6944444444444444
29 46 39 0.0 0.0 12.0 0.0 183.0 4.0 0.0 0.6389776357827475
29 46 40 0.0 0.0 2.0 0.0 46.0 1.0 0.0 0.6839276990718123
29 46 41 0.0 0.0 12.0 0.0 294.0 3.0 0.0 0.60790273556231
29 46 42 0.0 0.0 0.0 0.0 4.0 0.0 0.0 0.6986027944111775
29 46 43 0.0 0.0 0.0 0.0 1.0 0.0 0.0 0.6996501749125437
29 47 37 0.0 0.0 0.0 0.0 1.0 0.0 0.0 0.6996501749125437
29 47 40 0.0 0.0 0.0 0.0 6.0 0.0 0.0 0.6979062811565303
30 33 39 0.0 0.0 0.0 0.0 4.0 0.0 0.0 0.6986027944111775
30 33 40 0.0 0.0 3.0 0.0 11.0 0.0 0.0 0.6951340615690167
30 34 37 0.0 0.0 1.0 0.0 12.0 0.0 0.0 0.695479384003974
30 34 38 0.0 0.0 0.0 0.0 21.0 1.0 0.0 0.6930693069306929
30 34 39 0.0 0.0 1.0 0.0 61.0 0.0 0.0 0.6789524733268669
30 34 40 0.0 0.0 3.0 0.0 48.0 0.0 0.0 0.68259385665529
30 34 41 0.0 0.0 1.0 0.0 39.0 1.0 0.0 0.6866110838646394
30 34 42 0.0 0.0 0.0 0.0 17.0 0.0 0.0 0.694100148735746
30 35 34 0.0 0.0 12.0 0.0 317.0 1.0 1.0 0.6013745704467354
30 35 35 0.0 0.0 1.0 0.0 37.0 1.0 0.0 0.6872852233676975
30 35 36 0.0 0.0 0.0 0.0 26.0 0.0 0.0 0.6910167818361302
30 35 37 0.0 0.0 1.0 0.0 26.0 1.0 0.0 0.6910167818361302
30 35 38 0.0 0.0 0.0 0.0 26.0 1.0 0.0 0.6913580246913579
30 35 39 0.0 0.0 4.0 0.0 159.0 2.0 0.0 0.6478482184173993
30 35 40 0.0 0.0 9.0 0.0 327.0 1.0 0.0 0.5995717344753746
30 35 41 0.0 0.0 35.0 0.0 757.0 8.0 1.0 0.5028735632183908
30 35 42 0.0 0.0 0.0 0.0 27.0 0.0 0.0 0.6906758756783422
30 35 43 0.0 0.0 0.0 0.0 5.0 0.0 0.0 0.6982543640897755
30 35 44 0.0 0.0 0.0 0.0 6.0 0.0 0.0 0.6979062811565303
30 35 45 0.0 0.0 0.0 0.0 2.0 0.0 0.0 0.6993006993006992
30 36 32 0.0 0.0 0.0 0.0 1.0 0.0 0.0 0.6996501749125437
30 36 33 0.0 0.0 2.0 0.0 17.0 0.0 0.0 0.6934125804853887
30 36 34 0.0 0.0 18.0 0.0 290.0 7.0 0.0 0.6084311169056931
30 36 35 0.0 0.0 21.0 0.0 516.0 5.0 0.0 0.5529225908372827
30 36 36 0.0 0.0 11.0 0.0 245.0 2.0 0.0 0.6211180124223601
30 36 37 0.0 0.0 20.0 0.0 576.0 9.0 1.0 0.5413766434648105
30 36 38 0.0 0.0 168.0 0.0 3584.0 16.0 95.0 0.24411508282476022
30 36 39 0.0 0.0 11.0 0.0 230.0 2.0 0.0 0.6252791424743188
30 36 40 0.0 0.0 17.0 0.0 580.0 7.0 2.0 0.5407493240633449
30 36 41 0.0 0.0 57.0 0.0 1399.0 13.0 10.0 0.4066221318617484
30 36 42 0.0 0.0 0.0 0.0 43.0 0.0 0.0 0.6852667645619186
30 36 43 0.0 0.0 0.0 0.0 10.0 0.0 0.0 0.6965174129353233
30 36 45 0.0 0.0 0.0 0.0 3.0 0.0 0.0 0.6989515726410384
30 37 32 0.0 0.0 0.0 0.0 1.0 0.0 0.0 0.6996501749125437
30 37 33 0.0 0.0 0.0 0.0 30.0 0.0 0.0 0.689655172413793
30 37 34 0.0 0.0 16.0 0.0 321.0 4.0 1.0 0.6000857265323617
30 37 35 0.0 0.0 76.0 0.0 2137.0 14.0 23.0 0.333412717313646
30 37 36 0.0 0.0 92.0 0.0 2218.0 14.0 36.0 0.3258845437616387
30 37 37 0.0 0.0 105.0 0.0 2190.0 16.0 21.0 0.3271792474877307
30 37 38 0.0 0.0 14.0 0.0 377.0 4.0 0.0 0.5867560771165129
30 37 39 0.0 0.0 13.0 0.0 328.0 2.0 0.0 0.5988023952095808
30 37 40 0.0 0.0 2.0 0.0 147.0 0.0 0.0 0.6520726595249184
30 37 41 0.0 0.0 6.0 0.0 116.0 1.0 0.0 0.6603773584905659
30 37 42 0.0 0.0 23.0 0.0 396.0 8.0 0.0 0.5806719203649937
30 37 43 0.0 0.0 0.0 0.0 13.0 0.0 0.0 0.695479384003974
30 37 44 0.0 0.0 0.0 0.0 9.0 0.0 0.0 0.6968641114982577
30 37 45 0.0 0.0 0.0 0.0 3.0 0.0 0.0 0.6989515726410384
30 37 46 0.0 0.0 0.0 0.0 1.0 0.0 0.0 0.6996501749125437
30 37 47 0.0 0.0 0.0 0.0 2.0 0.0 0.0 0.6993006993006992
30 38 32 0.0 0.0 0.0 0.0 6.0 0.0 0.0 0.6979062811565303
30 38 33 0.0 0.0 79.0 0.0 1666.0 17.0 15.0 0.37523452157598497
30 38 34 0.0 0.0 4.0 0.0 122.0 2.0 0.0 0.6591337099811675
30 38 35 0.0 0.0 198.0 0.0 4407.0 18.0 186.0 0.21260440394836747
30 38 36 0.0 0.0 174.0 0.0 4010.0 15.0 131.0 0.22697795071335924
30 38 37 0.0 0.0 250.0 0.0 5721.0 12.0 405.0 0.17585730435874888
30 38 38 0.0 0.0 124.0 0.0 3000.0 14.0 67.0 0.273972602739726
30 38 39 0.0 0.0 163.0 0.0 4081.0 13.0 159.0 0.22468303643074947
30 38 40 0.0 0.0 37.0 0.0 1123.0 5.0 5.0 0.44374009508716317
30 38 41 0.0 0.0 38.0 0.0 763.0 10.0 2.0 0.5017921146953404
30 38 42 0.0 0.0 17.0 0.0 334.0 8.0 0.0 0.5975245411865129
30 38 43 0.0 0.0 12.0 0.0 314.0 2.0 0.0 0.6026689625484287
30 38 44 0.0 0.0 0.0 0.0 28.0 0.0 0.0 0.690335305719921
30 38 45 0.0 0.0 9.0 0.0 332.0 3.0 2.0 0.5988023952095808
30 38 46 0.0 0.0 0.0 0.0 5.0 0.0 0.0 0.6982543640897755
30 39 32 0.0 0.0 0.0 0.0 2.0 0.0 0.0 0.6993006993006992
30 39 33 0.0 0.0 15.0 0.0 297.0 4.0 1.0 0.6068487212830515
30 39 34 0.0 0.0 38.0 0.0 953.0 11.0 2.0 0.4697986577181207
30 39 35 0.0 0.0 110.0 0.0 2652.0 16.0 57.0 0.2950474183350895
30 39 36 0.0 0.0 177.0 0.0 4197.0 14.0 129.0 0.22005658597925176
30 39 37 0.0 0.0 388.0 0.0 8041.0 27.0 1052.0 0.13455069678039402
30 39 38 0.0 0.0 163.0 0.0 4048.0 18.0 174.0 0.2259522272433828
30 39 39 0.0 0.0 92.0 0.0 2408.0 8.0 45.0 0.3118040089086859
30 39 40 0.0 0.0 484.0 0.0 9216.0 29.0 1744.0 0.11984249272384863
30 39 41 0.0 0.0 79.0 0.0 2063.0 12.0 30.0 0.33898305084745756
30 39 42 0.0 0.0 92.0 0.0 2093.0 17.0 17.0 0.33581194531062597
30 39 43 0.0 0.0 33.0 0.0 591.0 4.0 3.0 0.5343511450381678
30 39 44 0.0 0.0 10.0 0.0 208.0 4.0 0.0 0.632625395390872
30 39 45 0.0 0.0 0.0 0.0 24.0 0.0 0.0 0.6916996047430829
30 39 46 0.0 0.0 0.0 0.0 1.0 0.0 0.0 0.6996501749125437
30 40 32 0.0 0.0 0.0 0.0 10.0 0.0 0.0 0.6965174129353233
30 40 33 0.0 0.0 0.0 0.0 30.0 0.0 0.0 0.689655172413793
30 40 34 0.0 0.0 0.0 0.0 61.0 0.0 0.0 0.6792819019893255
30 40 35 0.0 0.0 70.0 0.0 1509.0 16.0 7.0 0.3929273084479371
30 40 36 0.0 0.0 233.0 0.0 5559.0 17.0 358.0 0.1799948572897917
30 40 37 0.0 0.0 203.0 0.0 4663.0 17.0 223.0 0.20429009193054135
30 40 38 0.0 0.0 426.0 0.0 8880.0 25.0 1537.0 0.12403650217063877
30 40 39 0.0 0.0 201.0 0.0 4501.0 16.0 188.0 0.2092675635276532
30 40 40 0.0 0.0 508.0 0.0 9718.0 32.0 1954.0 0.11473528929683657
30 40 41 0.0 0.0 342.0 0.0 7209.0 19.0 746.0 0.14684287812041114
30 40 42 0.0 0.0 47.0 0.0 785.0 7.0 2.0 0.49575070821529743
30 40 43 0.0 0.0 138.0 0.0 2369.0 15.0 20.0 0.3115958157133318
30 40 44 0.0 0.0 32.0 0.0 703.0 7.0 2.0 0.5130084279956026
30 40 45 0.0 0.0 1.0 0.0 31.0 0.0 0.0 0.6889763779527558
30 40 46 0.0 0.0 0.0 0.0 11.0 0.0 0.0 0.6961710591745399
30 41 32 0.0 0.0 0.0 0.0 8.0 0.0 0.0 0.697211155378486
30 41 33 0.0 0.0 0.0 0.0 11.0 0.0 0.0 0.6961710591745399
30 41 34 0.0 0.0 35.0 0.0 797.0 6.0 2.0 0.4953998584571832
30 41 35 0.0 0.0 72.0 0.0 1683.0 8.0 18.0 0.3735325506937032
30 41 36 0.0 0.0 263.0 0.0 5339.0 13.0 263.0 0.18433179723502302
30 41 37 0.0 0.0 260.0 0.0 5677.0 16.0 394.0 0.17667844522968196
30 41 38 0.0 0.0 207.0 0.0 5008.0 19.0 297.0 0.19449847179772156
30 41 39 0.0 0.0 314.0 0.0 6445.0 17.0 510.0 0.16005487595747112
30 41 40 0.0 0.0 297.0 0.0 6238.0 26.0 456.0 0.1644736842105263
30 41 41 0.0 0.0 148.0 0.0 3553.0 14.0 104.0 0.2461322081575246
30 41 42 0.0 0.0 110.0 0.0 2657.0 15.0 54.0 0.29448885149347914
30 41 43 0.0 0.0 21.0 0.0 608.0 8.0 3.0 0.5343511450381678
30 41 44 0.0 0.0 0.0 0.0 49.0 0.0 0.0 0.6832601268911663
30 41 45 0.0 0.0 1.0 0.0 19.0 0.0 0.0 0.6930693069306929
30 41 46 0.0 0.0 13.0 0.0 180.0 1.0 0.0 0.6386861313868613
30 41 47 0.0 0.0 4.0 0.0 77.0 3.0 0.0 0.6737247353224253
30 42 33 0.0 0.0 0.0 0.0 1.0 0.0 0.0 0.6996501749125437
30 42 34 0.0 0.0 0.0 0.0 22.0 0.0 0.0 0.6923837784371908
30 42 35 0.0 0.0 72.0 0.0 1545.0 17.0 14.0 0.3889969435954431
30 42 36 0.0 0.0 134.0 0.0 3584.0 16.0 111.0 0.2453557658604977
30 42 37 0.0 0.0 242.0 0.0 5397.0 21.0 401.0 0.18377526909950115
30 42 38 0.0 0.0 355.0 0.0 7412.0 19.0 801.0 0.14347202295552366
30 42 39 0.0 0.0 325.0 0.0 7294.0 13.0 811.0 0.1456664238892935
30 42 40 0.0 0.0 405.0 0.0 8870.0 32.0 1599.0 0.12445550715619165
30 42 41 0.0 0.0 195.0 0.0 4924.0 20.0 248.0 0.19712756969867642
30 42 42 0.0 0.0 177.0 0.0 3519.0 20.0 90.0 0.2466525722339675
30 42 43 0.0 0.0 78.0 0.0 1900.0 13.0 20.0 0.35308953341740223
30 42 44 0.0 0.0 2.0 0.0 74.0 1.0 0.0 0.6746987951807227
30 42 45 0.0 0.0 0.0 0.0 33.0 0.0 0.0 0.6886374815543531
30 42 46 0.0 0.0 1.0 0.0 39.0 0.0 0.0 0.6862745098039215
30 42 47 0.0 0.0 0.0 0.0 17.0 0.0 0.0 0.694100148735746
30 43 34 0.0 0.0 0.0 0.0 9.0 0.0 0.0 0.6968641114982577
30 43 35 0.0 0.0 144.0 0.0 2909.0 13.0 57.0 0.2777226740726046
30 43 36 0.0 0.0 388.0 0.0 8437.0 19.0 1390.0 0.12941393973007947
30 43 37 0.0 0.0 74.0 0.0 1992.0 11.0 33.0 0.34533793783917116
30 43 38 0.0 0.0 172.0 0.0 3834.0 17.0 100.0 0.2336448598130841
30 43 39 0.0 0.0 528.0 0.0 9564.0 26.0 1887.0 0.11591323066732902
30 43 40 0.0 0.0 152.0 0.0 3864.0 10.0 137.0 0.23313905079100747
30 43 41 0.0 0.0 264.0 0.0 5563.0 23.0 365.0 0.17925736235595385
30 43 42 0.0 0.0 50.0 0.0 1169.0 7.0 11.0 0.4362729822374571
30 43 43 0.0 0.0 90.0 0.0 2301.0 17.0 37.0 0.31999999999999995
30 43 44 0.0 0.0 9.0 0.0 315.0 1.0 0.0 0.6029285099052539
30 43 45 0.0 0.0 2.0 0.0 129.0 1.0 1.0 0.6572769953051641
30 43 46 0.0 0.0 1.0 0.0 86.0 2.0 0.0 0.6714628297362109
30 43 47 0.0 0.0 0.0 0.0 10.0 0.0 0.0 0.6965174129353233
30 44 33 0.0 0.0 0.0 0.0 1.0 0.0 0.0 0.6996501749125437
30 44 34 0.0 0.0 0.0 0.0 3.0 0.0 0.0 0.6989515726410384
30 44 35 0.0 0.0 1.0 0.0 35.0 0.0 0.0 0.6876227897838899
30 44 36 0.0 0.0 36.0 0.0 910.0 7.0 5.0 0.47635250085062936
30 44 37 0.0 0.0 158.0 0.0 3561.0 24.0 114.0 0.2458296751536435
30 44 38 0.0 0.0 388.0 0.0 7921.0 21.0 1140.0 0.13602798289933926
30 44 39 0.0 0.0 150.0 0.0 4073.0 21.0 168.0 0.22577003709079174
30 44 40 0.0 0.0 394.0 0.0 8072.0 30.0 1083.0 0.13404825737265413
30 44 41 0.0 0.0 329.0 0.0 7214.0 22.0 838.0 0.14690451206715632
30 44 42 0.0 0.0 56.0 0.0 1446.0 12.0 4.0 0.40126110633419315
30 44 43 0.0 0.0 96.0 0.0 2555.0 16.0 54.0 0.3020496224379719
30 44 44 0.0 0.0 19.0 0.0 744.0 6.0 4.0 0.5077983315197678
30 44 45 0.0 0.0 1.0 0.0 80.0 0.0 0.0 0.6730769230769229
30 44 46 0.0 0.0 0.0 0.0 49.0 0.0 0.0 0.6832601268911663
30 44 47 0.0 0.0 0.0 0.0 13.0 0.0 0.0 0.695479384003974
30 45 34 0.0 0.0 0.0 0.0 1.0 0.0 0.0 0.6996501749125437
30 45 35 0.0 0.0 0.0 0.0 16.0 0.0 0.0 0.6944444444444444
30 45 36 0.0 0.0 39.0 0.0 1026.0 8.0 1.0 0.4579653254824991
30 45 37 0.0 0.0 97.0 0.0 2571.0 18.0 40.0 0.30101053536873784
30 45 38 0.0 0.0 278.0 0.0 6020.0 29.0 428.0 0.16920473773265646
30 45 39 0.0 0.0 368.0 0.0 7997.0 22.0 1111.0 0.13531799729364005
30 45 40 0.0 0.0 278.0 0.0 6045.0 17.0 421.0 0.1684717208182912
30 45 41 0.0 0.0 208.0 0.0 4344.0 21.0 175.0 0.21429664778815244
30 45 42 0.0 0.0 80.0 0.0 2042.0 11.0 24.0 0.3405497445876915
30 45 43 0.0 0.0 5.0 0.0 191.0 4.0 0.0 0.6386861313868613
30 45 44 0.0 0.0 38.0 0.0 972.0 5.0 4.0 0.46589018302828616
30 45 45 0.0 0.0 1.0 0.0 55.0 1.0 0.0 0.6812652068126519
30 45 46 0.0 0.0 0.0 0.0 5.0 0.0 0.0 0.6982543640897755
30 45 47 0.0 0.0 1.0 0.0 4.0 0.0 0.0 0.6982543640897755
30 46 36 0.0 0.0 0.0 0.0 31.0 0.0 0.0 0.6893156080748399
30 46 37 0.0 0.0 53.0 0.0 1407.0 8.0 6.0 0.4055619930475086
30 46 38 0.0 0.0 37.0 0.0 912.0 7.0 1.0 0.4760285617137027
30 46 39 0.0 0.0 68.0 0.0 1931.0 8.0 22.0 0.35078927587070907
30 46 40 0.0 0.0 1.0 0.0 173.0 0.0 0.0 0.6439742410303587
30 46 41 0.0 0.0 8.0 0.0 228.0 0.0 0.0 0.626118067978533
30 46 42 0.0 0.0 10.0 0.0 377.0 3.0 1.0 0.587248322147651
30 46 43 0.0 0.0 2.0 0.0 84.0 1.0 0.0 0.6714628297362109
30 46 44 0.0 0.0 4.0 0.0 178.0 1.0 0.0 0.6419073819348922
30 46 45 0.0 0.0 4.0 0.0 125.0 1.0 0.0 0.6578947368421051
30 46 46 0.0 0.0 0.0 0.0 4.0 0.0 0.0 0.6986027944111775
30 46 47 0.0 0.0 0.0 0.0 1.0 0.0 0.0 0.6996501749125437
30 47 36 0.0 0.0 0.0 0.0 7.0 0.0 0.0 0.6975585450921773
30 47 37 0.0 0.0 0.0 0.0 15.0 0.0 0.0 0.694789081885856
30 47 38 0.0 0.0 0.0 0.0 27.0 0.0 0.0 0.6906758756783422
30 47 39 0.0 0.0 8.0 0.0 274.0 3.0 1.0 0.6143045195261079
30 47 40 0.0 0.0 4.0 0.0 107.0 1.0 0.0 0.6635071090047392
30 47 41 0.0 0.0 0.0 0.0 26.0 0.0 0.0 0.6910167818361302
30 47 42 0.0 0.0 0.0 0.0 4.0 0.0 0.0 0.6986027944111775
30 47 43 0.0 0.0 0.0 0.0 8.0 0.0 0.0 0.697211155378486
30 47 44 0.0 0.0 0.0 0.0 6.0 0.0 0.0 0.6979062811565303
30 48 36 0.0 0.0 0.0 0.0 3.0 0.0 0.0 0.6989515726410384
30 48 37 0.0 0.0 0.0 0.0 8.0 0.0 0.0 0.697211155378486
30 48 38 0.0 0.0 0.0 0.0 5.0 0.0 0.0 0.6982543640897755
30 48 39 0.0 0.0 0.0 0.0 6.0 0.0 0.0 0.6979062811565303
30 48 40 0.0 0.0 0.0 0.0 2.0 0.0 0.0 0.6993006993006992
30 48 41 0.0 0.0 0.0 0.0 1.0 0.0 0.0 0.6996501749125437
31 31 34 0.0 0.0 0.0 0.0 2.0 0.0 0.0 0.6993006993006992
31 31 36 0.0 0.0 0.0 0.0 3.0 0.0 0.0 0.6989515726410384
31 32 34 0.0 0.0 0.0 0.0 3.0 0.0 0.0 0.6989515726410384
31 32 36 0.0 0.0 0.0 0.0 3.0 0.0 0.0 0.6989515726410384
31 32 37 0.0 0.0 19.0 0.0 295.0 4.0 0.0 0.606060606060606
31 32 38 0.0 0.0 0.0 0.0 2.0 0.0 0.0 0.6993006993006992
31 32 39 0.0 0.0 3.0 0.0 96.0 1.0 0.0 0.6673021925643469
31 32 40 0.0 0.0 1.0 0.0 17.0 0.0 0.0 0.6937561942517343
31 32 41 0.0 0.0 1.0 0.0 28.0 1.0 0.0 0.690335305719921
31 32 42 0.0 0.0 0.0 0.0 2.0 0.0 0.0 0.6993006993006992
31 33 35 0.0 0.0 0.0 0.0 1.0 0.0 0.0 0.6996501749125437
31 33 36 0.0 0.0 0.0 0.0 3.0 0.0 0.0 0.6989515726410384
31 33 37 0.0 0.0 0.0 0.0 18.0 0.0 0.0 0.6937561942517343
31 33 38 0.0 0.0 0.0 0.0 16.0 0.0 0.0 0.6944444444444444
31 33 39 0.0 0.0 0.0 0.0 22.0 0.0 0.0 0.6923837784371908
31 33 40 0.0 0.0 79.0 0.0 1615.0 19.0 16.0 0.3809523809523809
31 33 41 0.0 0.0 41.0 0.0 617.0 9.0 5.0 0.5285013212533031
31 33 42 0.0 0.0 0.0 0.0 21.0 0.0 0.0 0.6927263730826323
31 33 43 0.0 0.0 0.0 0.0 1.0 0.0 0.0 0.6996501749125437
31 34 33 0.0 0.0 0.0 0.0 1.0 0.0 0.0 0.6996501749125437
31 34 34 0.0 0.0 0.0 0.0 5.0 0.0 0.0 0.6982543640897755
31 34 35 0.0 0.0 1.0 0.0 40.0 1.0 0.0 0.6862745098039215
31 34 36 0.0 0.0 0.0 0.0 47.0 0.0 0.0 0.6842619745845552
31 34 37 0.0 0.0 52.0 0.0 1117.0 7.0 5.0 0.4428978171464725
31 34 38 0.0 0.0 6.0 0.0 209.0 3.0 0.0 0.6329113924050632
31 34 39 0.0 0.0 111.0 0.0 2366.0 21.0 25.0 0.3141126318151223
31 34 40 0.0 0.0 8.0 0.0 304.0 6.0 0.0 0.6073752711496745
31 34 41 0.0 0.0 22.0 0.0 456.0 7.0 0.0 0.5668016194331983
31 34 42 0.0 0.0 18.0 0.0 396.0 5.0 1.0 0.58115400581154
31 34 43 0.0 0.0 1.0 0.0 21.0 0.0 0.0 0.6923837784371908
31 34 44 0.0 0.0 7.0 0.0 136.0 3.0 0.0 0.6542056074766354
31 34 45 0.0 0.0 3.0 0.0 57.0 1.0 0.0 0.6799417192812044
31 34 46 0.0 0.0 0.0 0.0 7.0 0.0 0.0 0.6975585450921773
31 34 47 0.0 0.0 0.0 0.0 1.0 0.0 0.0 0.6996501749125437
31 35 32 0.0 0.0 0.0 0.0 1.0 0.0 0.0 0.6996501749125437
31 35 33 0.0 0.0 0.0 0.0 4.0 0.0 0.0 0.6986027944111775
31 35 34 0.0 0.0 3.0 0.0 116.0 0.0 0.0 0.6606890042472864
31 35 35 0.0 0.0 2.0 0.0 140.0 1.0 0.0 0.6539000467071461
31 35 36 0.0 0.0 16.0 0.0 455.0 4.0 0.0 0.56772100567721
31 35 37 0.0 0.0 70.0 0.0 1652.0 20.0 11.0 0.37807183364839314
31 35 38 0.0 0.0 342.0 0.0 6898.0 18.0 610.0 0.15166287509478926
31 35 39 0.0 0.0 327.0 0.0 6812.0 24.0 590.0 0.15354244351831542
31 35 40 0.0 0.0 250.0 0.0 5948.0 17.0 469.0 0.1710445937690898
31 35 41 0.0 0.0 358.0 0.0 7627.0 21.0 825.0 0.14035087719298242
31 35 42 0.0 0.0 16.0 0.0 497.0 3.0 2.0 0.5577689243027888
31 35 43 0.0 0.0 101.0 0.0 2274.0 13.0 36.0 0.3209536909674461
31 35 44 0.0 0.0 59.0 0.0 1167.0 13.0 5.0 0.4357298474945533
31 35 45 0.0 0.0 3.0 0.0 107.0 1.0 0.0 0.6638217164532954
31 35 46 0.0 0.0 3.0 0.0 69.0 0.0 0.0 0.6760019314340897
31 35 47 0.0 0.0 0.0 0.0 7.0 0.0 0.0 0.6975585450921773
31 36 32 0.0 0.0 0.0 0.0 3.0 0.0 0.0 0.6989515726410384
31 36 33 0.0 0.0 22.0 0.0 543.0 6.0 1.0 0.5470887065259866
31 36 34 0.0 0.0 71.0 0.0 1705.0 12.0 12.0 0.3719447396386822
31 36 35 0.0 0.0 352.0 0.0 7672.0 19.0 1002.0 0.13977635782747602
31 36 36 0.0 0.0 249.0 0.0 6170.0 23.0 551.0 0.16664682775860012
31 36 37 0.0 0.0 81.0 0.0 2421.0 9.0 46.0 0.31166518254674974
31 36 38 0.0 0.0 98.0 0.0 2466.0 7.0 45.0 0.30721966205837165
31 36 39 0.0 0.0 264.0 0.0 5708.0 22.0 369.0 0.17607848069425225
31 36 40 0.0 0.0 190.0 0.0 4646.0 18.0 213.0 0.20524849728778768
31 36 41 0.0 0.0 212.0 0.0 4806.0 20.0 232.0 0.19991432243324284
31 36 42 0.0 0.0 213.0 0.0 4540.0 21.0 183.0 0.20790020790020788
31 36 43 0.0 0.0 33.0 0.0 1228.0 9.0 14.0 0.43076923076923074
31 36 44 0.0 0.0 113.0 0.0 2276.0 15.0 30.0 0.31985378112862684
31 36 45 0.0 0.0 30.0 0.0 600.0 10.0 0.0 0.5343511450381678
31 36 46 0.0 0.0 18.0 0.0 625.0 8.0 4.0 0.5313092979127134
31 36 47 0.0 0.0 40.0 0.0 721.0 17.0 2.0 0.510204081632653
31 36 48 0.0 0.0 0.0 0.0 1.0 0.0 0.0 0.6996501749125437
31 37 32 0.0 0.0 0.0 0.0 13.0 0.0 0.0 0.695479384003974
31 37 33 0.0 0.0 181.0 0.0 4659.0 17.0 207.0 0.20512820512820507
31 37 34 0.0 0.0 214.0 0.0 5353.0 17.0 357.0 0.1854304635761589
31 37 35 0.0 0.0 407.0 0.0 8350.0 23.0 1158.0 0.13032954757028484
31 37 36 0.0 0.0 381.0 0.0 8159.0 28.0 1155.0 0.1331304678585013
31 37 37 0.0 0.0 544.0 0.0 9990.0 19.0 2151.0 0.11173184357541897
31 37 38 0.0 0.0 562.0 0.0 10458.0 22.0 2969.0 0.10760953112990007
31 37 39 0.0 0.0 443.0 0.0 8265.0 12.0 1126.0 0.13085335078044674
31 37 40 0.0 0.0 425.0 0.0 8244.0 27.0 1084.0 0.13146774345008921
31 37 41 0.0 0.0 481.0 0.0 9180.0 26.0 1688.0 0.12022327179046799
31 37 42 0.0 0.0 142.0 0.0 3436.0 18.0 77.0 0.25170801869830994
31 37 43 0.0 0.0 138.0 0.0 2996.0 17.0 49.0 0.2735978112175102
31 37 44 0.0 0.0 45.0 0.0 924.0 15.0 2.0 0.4740941415509651
31 37 45 0.0 0.0 3.0 0.0 207.0 2.0 1.0 0.6340579710144926
31 37 46 0.0 0.0 81.0 0.0 1935.0 14.0 24.0 0.34982508745627183
31 37 47 0.0 0.0 1.0 0.0 83.0 0.0 0.0 0.6717850287907868
31 37 48 0.0 0.0 0.0 0.0 7.0 0.0 0.0 0.6975585450921773
31 38 32 0.0 0.0 48.0 0.0 897.0 11.0 2.0 0.4771642808452624
31 38 33 0.0 0.0 16.0 0.0 547.0 8.0 2.0 0.5481597494126859
31 38 34 0.0 0.0 398.0 0.0 8014.0 23.0 1021.0 0.13457656445256175
31 38 35 0.0 0.0 270.0 0.0 5774.0 20.0 410.0 0.17434620174346202
31 38 36 0.0 0.0 538.0 0.0 10210.0 27.0 2424.0 0.10989873616453409
31 38 37 0.0 0.0 555.0 0.0 10470.0 31.0 2776.0 0.1076674613550719
31 38 38 0.0 0.0 306.0 0.0 6924.0 19.0 641.0 0.1519426958975472
31 38 39 0.0 0.0 343.0 0.0 7692.0 19.0 888.0 0.13963694394574103
31 38 40 0.0 0.0 301.0 0.0 7045.0 21.0 671.0 0.1500375093773443
31 38 41 0.0 0.0 261.0 0.0 6154.0 20.0 475.0 0.16668651029884507
31 38 42 0.0 0.0 181.0 0.0 4145.0 25.0 155.0 0.22218695445167427
31 38 43 0.0 0.0 261.0 0.0 5898.0 21.0 362.0 0.17196904557179704
31 38 44 0.0 0.0 67.0 0.0 1902.0 14.0 20.0 0.35416139640779154
31 38 45 0.0 0.0 51.0 0.0 1233.0 13.0 14.0 0.42787286063569674
31 38 46 0.0 0.0 30.0 0.0 746.0 8.0 2.0 0.5059631369714491
31 38 47 0.0 0.0 0.0 0.0 62.0 0.0 0.0 0.6789524733268669
31 38 48 0.0 0.0 0.0 0.0 4.0 0.0 0.0 0.6986027944111775
31 39 31 0.0 0.0 0.0 0.0 1.0 0.0 0.0 0.0
31 39 32 0.0 0.0 36.0 0.0 770.0 9.0 3.0 0.5003573981415296
31 39 33 0.0 0.0 168.0 0.0 3863.0 19.0 123.0 0.23282887077997666
31 39 34 0.0 0.0 390.0 0.0 8704.0 24.0 1560.0 0.12634238787113075
31 39 35 0.0 0.0 439.0 0.0 8882.0 26.0 1443.0 0.1238609218791471
31 39 36 0.0 0.0 749.0 0.0 12057.0 17.0 5415.0 0.09453710581403199
31 39 37 0.0 0.0 752.0 0.0 11959.0 29.0 5322.0 0.09520571234274056
31 39 38 0.0 0.0 619.0 0.0 10967.0 24.0 3293.0 0.10310037557993959
31 39 39 0.0 0.0 959.0 0.0 12795.0 29.0 8892.0 0.08886631966484702
31 39 40 0.0 0.0 538.0 0.0 10018.0 35.0 2171.0 0.11172292714069107
31 39 41 0.0 0.0 469.0 0.0 9156.0 21.0 1708.0 0.12057531651020582
31 39 42 0.0 0.0 290.0 0.0 6592.0 19.0 535.0 0.15790660951951271
31 39 43 0.0 0.0 362.0 0.0 7397.0 19.0 796.0 0.14363393864778903
31 39 44 0.0 0.0 429.0 0.0 8903.0 29.0 1447.0 0.12378426171529619
31 39 45 0.0 0.0 135.0 0.0 3081.0 24.0 60.0 0.2696975534579079
31 39 46 0.0 0.0 15.0 0.0 530.0 5.0 1.0 0.5513981882630956
31 39 47 0.0 0.0 3.0 0.0 148.0 0.0 0.0 0.6508600650860064
31 39 48 0.0 0.0 0.0 0.0 24.0 0.0 0.0 0.6916996047430829
31 39 49 0.0 0.0 0.0 0.0 1.0 0.0 0.0 0.6996501749125437
31 40 32 0.0 0.0 0.0 0.0 47.0 0.0 0.0 0.6839276990718123
31 40 33 0.0 0.0 133.0 0.0 3223.0 18.0 84.0 0.2622705133008617
31 40 34 0.0 0.0 130.0 0.0 3036.0 14.0 55.0 0.27179188507086
31 40 35 0.0 0.0 359.0 0.0 7566.0 17.0 950.0 0.14122868959951576
31 40 36 0.0 0.0 712.0 0.0 11541.0 24.0 4032.0 0.09825250894799634
31 40 37 0.0 0.0 1026.0 0.0 13138.0 43.0 9849.0 0.08673026886383346
31 40 38 0.0 0.0 672.0 0.0 11766.0 24.0 6439.0 0.09703354588300525
31 40 39 0.0 0.0 696.0 0.0 11740.0 30.0 4503.0 0.09704027171276078
31 40 40 0.0 0.0 804.0 0.0 12623.0 24.0 6445.0 0.09074998379464574
31 40 41 0.0 0.0 599.0 0.0 10732.0 24.0 2888.0 0.10508932592703797
31 40 42 0.0 0.0 502.0 0.0 9529.0 19.0 1908.0 0.11638540194529884
31 40 43 0.0 0.0 319.0 0.0 6872.0 27.0 624.0 0.15270506108202442
31 40 44 0.0 0.0 195.0 0.0 4338.0 21.0 162.0 0.21495470597267002
31 40 45 0.0 0.0 242.0 0.0 5305.0 27.0 288.0 0.18604651162790697
31 40 46 0.0 0.0 83.0 0.0 1934.0 15.0 18.0 0.34982508745627183
31 40 47 0.0 0.0 18.0 0.0 289.0 5.0 0.0 0.608695652173913
31 40 48 0.0 0.0 30.0 0.0 565.0 7.0 1.0 0.5409582689335393
31 40 49 0.0 0.0 3.0 0.0 11.0 0.0 0.0 0.6951340615690167
31 41 32 0.0 0.0 0.0 0.0 6.0 0.0 0.0 0.6979062811565303
31 41 33 0.0 0.0 5.0 0.0 115.0 1.0 0.0 0.6606890042472864
31 41 34 0.0 0.0 212.0 0.0 4325.0 16.0 124.0 0.21469099831314212
31 41 35 0.0 0.0 247.0 0.0 5835.0 23.0 473.0 0.17374038222884086
31 41 36 0.0 0.0 480.0 0.0 9516.0 18.0 1929.0 0.11677370923346399
31 41 37 0.0 0.0 748.0 0.0 12017.0 24.0 5085.0 0.09489595336541719
31 41 38 0.0 0.0 740.0 0.0 12058.0 23.0 5329.0 0.09466495368179051
31 41 39 0.0 0.0 918.0 0.0 12859.0 30.0 7707.0 0.08875364523900088
31 41 40 0.0 0.0 973.0 0.0 12901.0 23.0 9242.0 0.08818897637795275
31 41 41 0.0 0.0 484.0 0.0 9214.0 20.0 1604.0 0.11981172443303378
31 41 42 0.0 0.0 380.0 0.0 8409.0 18.0 1141.0 0.12994245405606086
31 41 43 0.0 0.0 360.0 0.0 7543.0 18.0 914.0 0.1415285078851597
31 41 44 0.0 0.0 273.0 0.0 5801.0 20.0 415.0 0.17378351539225417
31 41 45 0.0 0.0 76.0 0.0 1917.0 17.0 25.0 0.352112676056338
31 41 46 0.0 0.0 93.0 0.0 1615.0 22.0 15.0 0.3799185888738127
31 41 47 0.0 0.0 49.0 0.0 1107.0 14.0 6.0 0.4455760661998726
31 41 48 0.0 0.0 0.0 0.0 31.0 0.0 0.0 0.6893156080748399
31 41 49 0.0 0.0 0.0 0.0 2.0 0.0 0.0 0.6993006993006992
31 42 32 0.0 0.0 1.0 0.0 6.0 0.0 0.0 0.6975585450921773
31 42 33 0.0 0.0 6.0 0.0 176.0 4.0 0.0 0.6427915518824608
31 42 34 0.0 0.0 3.0 0.0 195.0 1.0 0.0 0.6375227686703095
31 42 35 0.0 0.0 228.0 0.0 5492.0 21.0 345.0 0.18179457213348912
31 42 36 0.0 0.0 529.0 0.0 10058.0 22.0 2399.0 0.11134971764893023
31 42 37 0.0 0.0 737.0 0.0 11895.0 34.0 4596.0 0.09581166164796057
31 42 38 0.0 0.0 831.0 0.0 12449.0 32.0 5788.0 0.0917130691123485
31 42 39 0.0 0.0 839.0 0.0 12574.0 33.0 6195.0 0.09084420219323859
31 42 40 0.0 0.0 1048.0 0.0 13238.0 32.0 11011.0 0.08600565179997542
31 42 41 0.0 0.0 654.0 0.0 11420.0 25.0 3751.0 0.09953785993601136
31 42 42 0.0 0.0 605.0 0.0 10864.0 32.0 3313.0 0.10401961512742401
31 42 43 0.0 0.0 403.0 0.0 8510.0 32.0 1418.0 0.12859373564802057
31 42 44 0.0 0.0 76.0 0.0 1820.0 9.0 28.0 0.3601749421147414
31 42 45 0.0 0.0 26.0 0.0 1097.0 8.0 5.0 0.44958253050738595
31 42 46 0.0 0.0 277.0 0.0 6358.0 19.0 576.0 0.16248839368616522
31 42 47 0.0 0.0 13.0 0.0 141.0 1.0 0.0 0.6502554575011611
31 42 48 0.0 0.0 0.0 0.0 19.0 0.0 0.0 0.6934125804853887
31 43 33 0.0 0.0 0.0 0.0 23.0 0.0 0.0 0.6920415224913494
31 43 34 0.0 0.0 24.0 0.0 575.0 5.0 0.0 0.5399151561897415
31 43 35 0.0 0.0 72.0 0.0 1691.0 10.0 10.0 0.3731343283582089
31 43 36 0.0 0.0 299.0 0.0 7076.0 27.0 723.0 0.1496365968362548
31 43 37 0.0 0.0 756.0 0.0 12020.0 19.0 4977.0 0.09475465313028764
31 43 38 0.0 0.0 786.0 0.0 12311.0 23.0 5964.0 0.09270909211310509
31 43 39 0.0 0.0 910.0 0.0 13062.0 32.0 7897.0 0.08771380239333373
31 43 40 0.0 0.0 690.0 0.0 11812.0 33.0 5222.0 0.09661169001449174
31 43 41 0.0 0.0 758.0 0.0 11971.0 32.0 4673.0 0.09516041326808046
31 43 42 0.0 0.0 638.0 0.0 11018.0 24.0 3097.0 0.1026618757791303
31 43 43 0.0 0.0 718.0 0.0 11595.0 26.0 4797.0 0.097888407215774
31 43 44 0.0 0.0 205.0 0.0 4256.0 16.0 157.0 0.21712158808933
31 43 45 0.0 0.0 255.0 0.0 5965.0 13.0 466.0 0.1705237515225335
31 43 46 0.0 0.0 235.0 0.0 5352.0 15.0 362.0 0.18484288354898332
31 43 47 0.0 0.0 1.0 0.0 108.0 0.0 0.0 0.6638217164532954
31 43 48 0.0 0.0 0.0 0.0 7.0 0.0 0.0 0.6975585450921773
31 44 33 0.0 0.0 74.0 0.0 1897.0 15.0 19.0 0.35389282103134473
31 44 34 0.0 0.0 5.0 0.0 151.0 2.0 0.0 0.649953574744661
31 44 35 0.0 0.0 33.0 0.0 840.0 7.0 2.0 0.4884856943475226
31 44 36 0.0 0.0 394.0 0.0 8407.0 27.0 1304.0 0.12985808366570817
31 44 37 0.0 0.0 509.0 0.0 9952.0 26.0 2252.0 0.11250401800064287
31 44 38 0.0 0.0 925.0 0.0 12981.0 22.0 7916.0 0.08805031446540879
31 44 39 0.0 0.0 1147.0 0.0 13342.0 30.0 11268.0 0.0849514563106796
31 44 40 0.0 0.0 940.0 0.0 12783.0 32.0 8745.0 0.0890925289550719
31 44 41 0.0 0.0 835.0 0.0 12518.0 34.0 5662.0 0.09128251939753536
31 44 42 0.0 0.0 322.0 0.0 6604.0 30.0 547.0 0.1572856982361532
31 44 43 0.0 0.0 661.0 0.0 11342.0 29.0 4096.0 0.10005717552887364
31 44 44 0.0 0.0 285.0 0.0 6041.0 17.0 411.0 0.16843118383060635
31 44 45 0.0 0.0 278.0 0.0 6268.0 20.0 519.0 0.16406890894175552
31 44 46 0.0 0.0 191.0 0.0 4350.0 20.0 190.0 0.21462517246665638
31 44 47 0.0 0.0 4.0 0.0 128.0 0.0 0.0 0.6566604127579737
31 44 48 0.0 0.0 0.0 0.0 3.0 0.0 0.0 0.6989515726410384
31 45 32 0.0 0.0 0.0 0.0 1.0 0.0 0.0 0.6996501749125437
31 45 33 0.0 0.0 0.0 0.0 2.0 0.0 0.0 0.6993006993006992
31 45 34 0.0 0.0 0.0 0.0 14.0 0.0 0.0 0.6951340615690167
31 45 35 0.0 0.0 95.0 0.0 2302.0 16.0 44.0 0.31948881789137373
31 45 36 0.0 0.0 8.0 0.0 403.0 0.0 1.0 0.5809128630705394
31 45 37 0.0 0.0 460.0 0.0 9127.0 20.0 1753.0 0.12095032397408206
31 45 38 0.0 0.0 771.0 0.0 12030.0 27.0 6163.0 0.09464575446187126
31 45 39 0.0 0.0 571.0 0.0 10527.0 29.0 2987.0 0.10709914320685435
31 45 40 0.0 0.0 488.0 0.0 9503.0 23.0 1831.0 0.11687119125135653
31 45 41 0.0 0.0 337.0 0.0 7524.0 21.0 875.0 0.14224751066856328
31 45 42 0.0 0.0 201.0 0.0 4574.0 17.0 217.0 0.20713123243083292
31 45 43 0.0 0.0 279.0 0.0 6501.0 19.0 554.0 0.15965332421028622
31 45 44 0.0 0.0 359.0 0.0 7769.0 22.0 994.0 0.13843567685157715
31 45 45 0.0 0.0 172.0 0.0 3804.0 21.0 129.0 0.23505708529214234
31 45 46 0.0 0.0 166.0 0.0 3836.0 13.0 95.0 0.23372287145242068
31 45 47 0.0 0.0 0.0 0.0 20.0 0.0 0.0 0.6930693069306929
31 46 34 0.0 0.0 0.0 0.0 6.0 0.0 0.0 0.6979062811565303
31 46 35 0.0 0.0 0.0 0.0 7.0 0.0 0.0 0.6975585450921773
31 46 36 0.0 0.0 0.0 0.0 129.0 1.0 0.0 0.6578947368421051
31 46 37 0.0 0.0 98.0 0.0 2334.0 23.0 37.0 0.31774852473899223
31 46 38 0.0 0.0 212.0 0.0 4660.0 13.0 210.0 0.2041113864994897
31 46 39 0.0 0.0 497.0 0.0 9538.0 17.0 1721.0 0.11642411642411642
31 46 40 0.0 0.0 445.0 0.0 8509.0 12.0 1371.0 0.12788891933863158
31 46 41 0.0 0.0 103.0 0.0 2976.0 17.0 78.0 0.2765158996642307
31 46 42 0.0 0.0 124.0 0.0 3034.0 12.0 76.0 0.27184466019417475
31 46 43 0.0 0.0 244.0 0.0 5590.0 21.0 372.0 0.17909684022003322
31 46 44 0.0 0.0 27.0 0.0 639.0 5.0 0.0 0.5263157894736842
31 46 45 0.0 0.0 29.0 0.0 620.0 6.0 0.0 0.529701097237987
31 46 46 0.0 0.0 0.0 0.0 27.0 0.0 0.0 0.6906758756783422
31 46 47 0.0 0.0 0.0 0.0 7.0 0.0 0.0 0.6975585450921773
31 47 35 0.0 0.0 0.0 0.0 3.0 0.0 0.0 0.6989515726410384
31 47 36 0.0 0.0 0.0 0.0 19.0 0.0 0.0 0.6934125804853887
31 47 37 0.0 0.0 182.0 0.0 4015.0 15.0 150.0 0.22631749110895566
31 47 38 0.0 0.0 173.0 0.0 3688.0 17.0 118.0 0.23956194387405882
31 47 39 0.0 0.0 190.0 0.0 4239.0 17.0 168.0 0.21830656479026975
31 47 40 0.0 0.0 75.0 0.0 2085.0 19.0 26.0 0.33800096571704485
31 47 41 0.0 0.0 87.0 0.0 1944.0 20.0 21.0 0.34912718204488774
31 47 42 0.0 0.0 33.0 0.0 911.0 4.0 3.0 0.47619047619047605
31 47 43 0.0 0.0 15.0 0.0 493.0 5.0 2.0 0.5593288054334797
31 47 44 0.0 0.0 14.0 0.0 410.0 4.0 2.0 0.5785123966942147
31 47 45 0.0 0.0 0.0 0.0 17.0 0.0 0.0 0.694100148735746
31 47 46 0.0 0.0 0.0 0.0 6.0 0.0 0.0 0.6979062811565303
31 47 47 0.0 0.0 0.0 0.0 1.0 0.0 0.0 0.6996501749125437
31 48 36 0.0 0.0 0.0 0.0 4.0 0.0 0.0 0.6986027944111775
31 48 37 0.0 0.0 0.0 0.0 26.0 1.0 0.0 0.6913580246913579
31 48 38 0.0 0.0 0.0 0.0 19.0 0.0 0.0 0.6934125804853887
31 48 39 0.0 0.0 0.0 0.0 19.0 0.0 0.0 0.6934125804853887
31 48 40 0.0 0.0 0.0 0.0 30.0 0.0 0.0 0.6899950714637751
31 48 41 0.0 0.0 0.0 0.0 33.0 0.0 0.0 0.6886374815543531
31 48 42 0.0 0.0 23.0 0.0 439.0 6.0 1.0 0.5700325732899022
31 48 43 0.0 0.0 0.0 0.0 21.0 0.0 0.0 0.6927263730826323
31 48 44 0.0 0.0 0.0 0.0 10.0 0.0 0.0 0.6965174129353233
31 48 45 0.0 0.0 0.0 0.0 2.0 0.0 0.0 0.6993006993006992
31 49 38 0.0 0.0 0.0 0.0 1.0 0.0 0.0 0.6996501749125437
31 49 39 0.0 0.0 0.0 0.0 1.0 0.0 0.0 0.6996501749125437
31 49 40 0.0 0.0 0.0 0.0 11.0 0.0 0.0 0.6961710591745399
31 49 41 0.0 0.0 0.0 0.0 3.0 0.0 0.0 0.6989515726410384
31 49 42 0.0 0.0 0.0 0.0 7.0 0.0 0.0 0.6975585450921773
31 49 44 0.0 0.0 0.0 0.0 1.0 0.0 0.0 0.6996501749125437
31 50 41 0.0 0.0 0.0 0.0 1.0 0.0 0.0 0.6996501749125437
31 51 41 0.0 0.0 0.0 0.0 1.0 0.0 0.0 0.6996501749125437
32 31 34 0.0 0.0 0.0 0.0 1.0 0.0 0.0 0.6996501749125437
32 31 35 0.0 0.0 0.0 0.0 2.0 0.0 0.0 0.6993006993006992
32 31 36 0.0 0.0 0.0 0.0 7.0 0.0 0.0 0.6975585450921773
32 31 37 0.0 0.0 0.0 0.0 16.0 0.0 0.0 0.6944444444444444
32 31 38 0.0 0.0 0.0 0.0 12.0 0.0 0.0 0.6958250497017892
32 31 39 0.0 0.0 0.0 0.0 7.0 0.0 0.0 0.6979062811565303
32 31 40 0.0 0.0 0.0 0.0 2.0 0.0 0.0 0.6993006993006992
32 31 41 0.0 0.0 0.0 0.0 9.0 0.0 0.0 0.6968641114982577
32 31 42 0.0 0.0 0.0 0.0 6.0 0.0 0.0 0.6979062811565303
32 31 43 0.0 0.0 0.0 0.0 8.0 1.0 0.0 0.6975585450921773
32 32 33 0.0 0.0 0.0 0.0 1.0 0.0 0.0 0.6996501749125437
32 32 34 0.0 0.0 0.0 0.0 6.0 0.0 0.0 0.6979062811565303
32 32 35 0.0 0.0 144.0 0.0 3127.0 15.0 86.0 0.26615969581749044
32 32 36 0.0 0.0 46.0 0.0 1041.0 10.0 3.0 0.4549886252843678
32 32 37 0.0 0.0 71.0 0.0 1468.0 12.0 16.0 0.3969379075701729
32 32 38 0.0 0.0 4.0 0.0 170.0 0.0 1.0 0.6439742410303587
32 32 39 0.0 0.0 22.0 0.0 417.0 4.0 1.0 0.5749486652977411
32 32 40 0.0 0.0 1.0 0.0 156.0 1.0 0.0 0.6493506493506492
32 32 41 0.0 0.0 1.0 0.0 45.0 1.0 0.0 0.6845965770171147
32 32 42 0.0 0.0 1.0 0.0 104.0 2.0 0.0 0.6657156443176413
32 32 43 0.0 0.0 0.0 0.0 17.0 0.0 0.0 0.694100148735746
32 32 44 0.0 0.0 0.0 0.0 9.0 0.0 0.0 0.6968641114982577
32 33 33 0.0 0.0 0.0 0.0 2.0 0.0 0.0 0.6993006993006992
32 33 34 0.0 0.0 0.0 0.0 22.0 0.0 0.0 0.6923837784371908
32 33 35 0.0 0.0 0.0 0.0 35.0 0.0 0.0 0.6882989183874139
32 33 36 0.0 0.0 9.0 0.0 240.0 2.0 0.0 0.6230529595015576
32 33 37 0.0 0.0 20.0 0.0 531.0 7.0 3.0 0.5503144654088049
32 33 38 0.0 0.0 122.0 0.0 2900.0 13.0 65.0 0.2796085480327541
32 33 39 0.0 0.0 17.0 0.0 544.0 6.0 0.0 0.547945205479452
32 33 40 0.0 0.0 311.0 0.0 5998.0 24.0 369.0 0.16891891891891891
32 33 41 0.0 0.0 247.0 0.0 5357.0 29.0 289.0 0.18472093943792053
32 33 42 0.0 0.0 15.0 0.0 416.0 5.0 0.0 0.5773195876288658
32 33 43 0.0 0.0 22.0 0.0 424.0 6.0 1.0 0.5737704918032785
32 33 44 0.0 0.0 43.0 0.0 760.0 7.0 2.0 0.5008944543828264
32 33 45 0.0 0.0 0.0 0.0 15.0 0.0 0.0 0.694789081885856
32 33 46 0.0 0.0 0.0 0.0 8.0 0.0 0.0 0.697211155378486
32 34 32 0.0 0.0 0.0 0.0 1.0 0.0 0.0 0.6996501749125437
32 34 33 0.0 0.0 26.0 0.0 387.0 4.0 1.0 0.58115400581154
32 34 34 0.0 0.0 5.0 0.0 147.0 2.0 0.0 0.6511627906976742
32 34 35 0.0 0.0 25.0 0.0 545.0 6.0 1.0 0.5460218408736348
32 34 36 0.0 0.0 97.0 0.0 2214.0 11.0 27.0 0.3254300325430032
32 34 37 0.0 0.0 51.0 0.0 1408.0 10.0 6.0 0.4057971014492753
32 34 38 0.0 0.0 371.0 0.0 7983.0 22.0 1216.0 0.1354358130985779
32 34 39 0.0 0.0 184.0 0.0 4733.0 17.0 222.0 0.2027516292541636
32 34 40 0.0 0.0 168.0 0.0 3976.0 19.0 132.0 0.22853411687887687
32 34 41 0.0 0.0 366.0 0.0 7783.0 33.0 984.0 0.1382989232440976
32 34 42 0.0 0.0 162.0 0.0 3778.0 21.0 102.0 0.23648648648648643
32 34 43 0.0 0.0 18.0 0.0 376.0 7.0 1.0 0.5865102639296187
32 34 44 0.0 0.0 1.0 0.0 103.0 1.0 0.0 0.6657156443176413
32 34 45 0.0 0.0 2.0 0.0 94.0 1.0 0.0 0.6682577565632457
32 34 46 0.0 0.0 0.0 0.0 37.0 0.0 0.0 0.6872852233676975
32 34 47 0.0 0.0 0.0 0.0 7.0 0.0 0.0 0.6975585450921773
32 35 32 0.0 0.0 42.0 0.0 932.0 4.0 6.0 0.4713804713804713
32 35 33 0.0 0.0 10.0 0.0 171.0 2.0 0.0 0.6424965580541532
32 35 34 0.0 0.0 175.0 0.0 3623.0 25.0 115.0 0.2424242424242424
32 35 35 0.0 0.0 115.0 0.0 2604.0 14.0 52.0 0.29761904761904756
32 35 36 0.0 0.0 455.0 0.0 9145.0 19.0 1734.0 0.12078336640496935
32 35 37 0.0 0.0 473.0 0.0 9689.0 15.0 2151.0 0.11518841533651471
32 35 38 0.0 0.0 359.0 0.0 8046.0 19.0 1077.0 0.13479684190256114
32 35 39 0.0 0.0 270.0 0.0 5821.0 18.0 408.0 0.17326732673267323
32 35 40 0.0 0.0 450.0 0.0 8559.0 23.0 1111.0 0.12738853503184713
32 35 41 0.0 0.0 372.0 0.0 7903.0 25.0 1015.0 0.13655872024970733
32 35 42 0.0 0.0 272.0 0.0 6076.0 15.0 441.0 0.1678858376304113
32 35 43 0.0 0.0 161.0 0.0 4006.0 15.0 149.0 0.2274943126421839
32 35 44 0.0 0.0 208.0 0.0 5012.0 22.0 315.0 0.19439044709802833
32 35 45 0.0 0.0 206.0 0.0 5016.0 19.0 301.0 0.19428254232583952
32 35 46 0.0 0.0 194.0 0.0 4076.0 11.0 148.0 0.2236421725239616
32 35 47 0.0 0.0 0.0 0.0 26.0 0.0 0.0 0.6910167818361302
32 35 48 0.0 0.0 0.0 0.0 1.0 0.0 0.0 0.6996501749125437
32 36 31 0.0 0.0 0.0 0.0 1.0 0.0 0.0 0.6996501749125437
32 36 32 0.0 0.0 3.0 0.0 104.0 1.0 0.0 0.664767331433998
32 36 33 0.0 0.0 114.0 0.0 2925.0 14.0 69.0 0.27855153203342614
32 36 34 0.0 0.0 45.0 0.0 1454.0 11.0 24.0 0.4013761467889908
32 36 35 0.0 0.0 428.0 0.0 8744.0 23.0 1436.0 0.12543678881820622
32 36 36 0.0 0.0 633.0 0.0 10856.0 32.0 3153.0 0.10392695419790661
32 36 37 0.0 0.0 532.0 0.0 9815.0 22.0 2071.0 0.11347057869995136
32 36 38 0.0 0.0 890.0 0.0 12554.0 24.0 7448.0 0.09060315816722753
32 36 39 0.0 0.0 857.0 0.0 12533.0 26.0 5602.0 0.09098589718593618
32 36 40 0.0 0.0 868.0 0.0 12527.0 26.0 6659.0 0.09096816114359974
32 36 41 0.0 0.0 707.0 0.0 11692.0 26.0 4919.0 0.09730330831248261
32 36 42 0.0 0.0 749.0 0.0 12023.0 33.0 4934.0 0.09490238611713664
32 36 43 0.0 0.0 408.0 0.0 8326.0 34.0 1129.0 0.13074336944340678
32 36 44 0.0 0.0 398.0 0.0 8342.0 22.0 1285.0 0.13049962714392244
32 36 45 0.0 0.0 354.0 0.0 7195.0 22.0 695.0 0.14688909873045847
32 36 46 0.0 0.0 329.0 0.0 7481.0 13.0 1023.0 0.14276973281664285
32 36 47 0.0 0.0 6.0 0.0 218.0 2.0 0.0 0.6306306306306305
32 36 48 0.0 0.0 0.0 0.0 6.0 0.0 0.0 0.6979062811565303
32 37 30 0.0 0.0 0.0 0.0 1.0 0.0 0.0 0.6996501749125437
32 37 31 0.0 0.0 15.0 0.0 186.0 3.0 0.0 0.6369426751592355
32 37 32 0.0 0.0 0.0 0.0 28.0 0.0 0.0 0.6906758756783422
32 37 33 0.0 0.0 163.0 0.0 3404.0 29.0 80.0 0.25275320454955763
32 37 34 0.0 0.0 730.0 0.0 11833.0 27.0 5826.0 0.09618026930475404
32 37 35 0.0 0.0 829.0 0.0 12231.0 25.0 5470.0 0.09299236134174692
32 37 36 0.0 0.0 1020.0 0.0 13040.0 31.0 9961.0 0.08718938780594132
32 37 37 0.0 0.0 702.0 0.0 11723.0 28.0 4283.0 0.0971614962870428
32 37 38 0.0 0.0 946.0 0.0 12995.0 33.0 8809.0 0.08787897809302617
32 37 39 0.0 0.0 1018.0 0.0 12988.0 26.0 10081.0 0.0874945315917755
32 37 40 0.0 0.0 935.0 0.0 12969.0 31.0 6439.0 0.08813900780659782
32 37 41 0.0 0.0 563.0 0.0 10674.0 32.0 2973.0 0.10598031794095382
32 37 42 0.0 0.0 796.0 0.0 12153.0 31.0 6441.0 0.09367681498829039
32 37 43 0.0 0.0 565.0 0.0 10754.0 21.0 3089.0 0.10518407212622088
32 37 44 0.0 0.0 412.0 0.0 9000.0 10.0 1871.0 0.12264564169951817
32 37 45 0.0 0.0 338.0 0.0 7924.0 24.0 1033.0 0.13666536509176103
32 37 46 0.0 0.0 467.0 0.0 9187.0 24.0 1798.0 0.12023359670216419
32 37 47 0.0 0.0 109.0 0.0 2412.0 13.0 39.0 0.31055900621118004
32 37 48 0.0 0.0 64.0 0.0 1688.0 13.0 15.0 0.3744316662209146
32 37 49 0.0 0.0 0.0 0.0 5.0 0.0 0.0 0.6982543640897755
32 38 30 0.0 0.0 1.0 0.0 9.0 0.0 0.0 0.6965174129353233
32 38 31 0.0 0.0 0.0 0.0 4.0 0.0 0.0 0.6986027944111775
32 38 32 0.0 0.0 17.0 0.0 336.0 4.0 1.0 0.5959982971477223
32 38 33 0.0 0.0 230.0 0.0 4960.0 11.0 233.0 0.19498607242339833
32 38 34 0.0 0.0 270.0 0.0 6189.0 25.0 501.0 0.1659554291133238
32 38 35 0.0 0.0 646.0 0.0 11151.0 42.0 3554.0 0.10170722847802396
32 38 36 0.0 0.0 939.0 0.0 12690.0 32.0 8671.0 0.08964015879113842
32 38 37 0.0 0.0 1201.0 0.0 13543.0 37.0 12663.0 0.08367700675392982
32 38 38 0.0 0.0 1304.0 0.0 13133.0 43.0 17491.0 0.0851996105160662
32 38 39 0.0 0.0 1225.0 0.0 13472.0 30.0 13443.0 0.08387753879336168
32 38 40 0.0 0.0 1389.0 0.0 13574.0 36.0 17693.0 0.08249366566495786
32 38 41 0.0 0.0 995.0 0.0 13133.0 44.0 8428.0 0.08691873098652758
32 38 42 0.0 0.0 666.0 0.0 11239.0 26.0 3941.0 0.10075566750629722
32 38 43 0.0 0.0 621.0 0.0 10839.0 26.0 2998.0 0.10418216996576869
32 38 44 0.0 0.0 492.0 0.0 9471.0 29.0 1791.0 0.11719403984597353
32 38 45 0.0 0.0 309.0 0.0 7416.0 22.0 872.0 0.1441812564366632
32 38 46 0.0 0.0 381.0 0.0 8421.0 21.0 1475.0 0.12974976830398516
32 38 47 0.0 0.0 267.0 0.0 6372.0 20.0 589.0 0.1623376623376623
32 38 48 0.0 0.0 1.0 0.0 53.0 0.0 0.0 0.6815968841285296
32 38 49 0.0 0.0 0.0 0.0 4.0 0.0 0.0 0.6986027944111775
32 39 31 0.0 0.0 0.0 0.0 3.0 0.0 0.0 0.6989515726410384
32 39 32 0.0 0.0 3.0 0.0 217.0 1.0 1.0 0.6309148264984226
32 39 33 0.0 0.0 533.0 0.0 10178.0 22.0 2602.0 0.11027963765261913
32 39 34 0.0 0.0 502.0 0.0 9578.0 25.0 1871.0 0.11611511984739155
32 39 35 0.0 0.0 707.0 0.0 11692.0 20.0 4705.0 0.0972830241122924
32 39 36 0.0 0.0 1253.0 0.0 13248.0 36.0 16155.0 0.08481250378627248
32 39 37 0.0 0.0 1151.0 0.0 13701.0 49.0 11402.0 0.08316996376165864
32 39 38 0.0 0.0 1374.0 0.0 13626.0 44.0 15402.0 0.08236747661352002
32 39 39 0.0 0.0 1250.0 0.0 13756.0 33.0 11956.0 0.08234809717075466
32 39 40 0.0 0.0 1061.0 0.0 13442.0 41.0 10363.0 0.08489993935718616
32 39 41 0.0 0.0 1117.0 0.0 13335.0 33.0 10863.0 0.08510638297872339
32 39 42 0.0 0.0 954.0 0.0 12987.0 25.0 8963.0 0.08785691873235017
32 39 43 0.0 0.0 542.0 0.0 10532.0 19.0 2645.0 0.10721396844846069
32 39 44 0.0 0.0 424.0 0.0 8456.0 20.0 1278.0 0.12885411872986652
32 39 45 0.0 0.0 584.0 0.0 10717.0 23.0 3170.0 0.10531066646607491
32 39 46 0.0 0.0 403.0 0.0 8291.0 22.0 1057.0 0.13112297461833847
32 39 47 0.0 0.0 116.0 0.0 3331.0 22.0 99.0 0.25801695539992625
32 39 48 0.0 0.0 52.0 0.0 1479.0 8.0 15.0 0.39750141964792723
32 39 49 0.0 0.0 0.0 0.0 4.0 0.0 0.0 0.6986027944111775
32 40 31 0.0 0.0 0.0 0.0 1.0 0.0 0.0 0.6996501749125437
32 40 32 0.0 0.0 10.0 0.0 360.0 3.0 0.0 0.5917159763313609
32 40 33 0.0 0.0 185.0 0.0 4516.0 16.0 195.0 0.2093301435406698
32 40 34 0.0 0.0 588.0 0.0 10706.0 29.0 2960.0 0.10538200978547232
32 40 35 0.0 0.0 919.0 0.0 12741.0 30.0 7751.0 0.0894340104765555
32 40 36 0.0 0.0 1095.0 0.0 13524.0 37.0 10291.0 0.08430687703239792
32 40 37 0.0 0.0 1817.0 0.0 13670.0 53.0 24385.0 0.08017868392417386
32 40 38 0.0 0.0 1845.0 0.0 13016.0 50.0 27559.0 0.08304662474789416
32 40 39 0.0 0.0 1799.0 0.0 13406.0 54.0 25444.0 0.08146165483533106
32 40 40 0.0 0.0 1087.0 0.0 13422.0 31.0 9110.0 0.08480736612551489
32 40 41 0.0 0.0 1152.0 0.0 13439.0 32.0 10999.0 0.08445945945945946
32 40 42 0.0 0.0 932.0 0.0 12895.0 30.0 6649.0 0.0884452587023817
32 40 43 0.0 0.0 962.0 0.0 12887.0 38.0 10057.0 0.0884564352056612
32 40 44 0.0 0.0 878.0 0.0 12683.0 31.0 7925.0 0.09001478814376646
32 40 45 0.0 0.0 618.0 0.0 10735.0 22.0 3013.0 0.10496326285799969
32 40 46 0.0 0.0 235.0 0.0 4819.0 15.0 192.0 0.19883539269990058
32 40 47 0.0 0.0 408.0 0.0 8030.0 23.0 1045.0 0.13433122241412396
32 40 48 0.0 0.0 45.0 0.0 1414.0 8.0 15.0 0.4056795131845841
32 40 49 0.0 0.0 0.0 0.0 3.0 0.0 0.0 0.6989515726410384
32 41 32 0.0 0.0 2.0 0.0 48.0 0.0 0.0 0.6829268292682925
32 41 33 0.0 0.0 77.0 0.0 1939.0 11.0 29.0 0.3494757863205192
32 41 34 0.0 0.0 464.0 0.0 9177.0 20.0 1677.0 0.12039903680770551
32 41 35 0.0 0.0 644.0 0.0 11108.0 31.0 3603.0 0.10198878123406424
32 41 36 0.0 0.0 1505.0 0.0 13281.0 39.0 19737.0 0.08339289969025493
32 41 37 0.0 0.0 1496.0 0.0 13595.0 41.0 19831.0 0.08191445790181966
32 41 38 0.0 0.0 1661.0 0.0 14168.0 48.0 19212.0 0.07854578096947934
32 41 39 0.0 0.0 1684.0 0.0 13653.0 46.0 22385.0 0.08072421149743411
32 41 40 0.0 0.0 1601.0 0.0 12974.0 38.0 23381.0 0.08447984552256818
32 41 41 0.0 0.0 1180.0 0.0 13623.0 50.0 12557.0 0.08339786739739083
32 41 42 0.0 0.0 822.0 0.0 12629.0 28.0 6162.0 0.09066770286898516
32 41 43 0.0 0.0 952.0 0.0 12893.0 25.0 8616.0 0.08840058091810316
32 41 44 0.0 0.0 938.0 0.0 12905.0 27.0 7662.0 0.08841174613198609
32 41 45 0.0 0.0 459.0 0.0 8660.0 27.0 1366.0 0.12609204719445194
32 41 46 0.0 0.0 242.0 0.0 5443.0 20.0 307.0 0.1826007564888483
32 41 47 0.0 0.0 69.0 0.0 1749.0 6.0 21.0 0.3671649619722003
32 41 48 0.0 0.0 8.0 0.0 195.0 1.0 1.0 0.6357856494096276
32 41 49 0.0 0.0 0.0 0.0 1.0 0.0 0.0 0.6996501749125437
32 42 31 0.0 0.0 0.0 0.0 2.0 0.0 0.0 0.6993006993006992
32 42 32 0.0 0.0 0.0 0.0 18.0 0.0 0.0 0.6937561942517343
32 42 33 0.0 0.0 15.0 0.0 380.0 3.0 1.0 0.5855290673358426
32 42 34 0.0 0.0 285.0 0.0 6009.0 16.0 453.0 0.16906170752324595
32 42 35 0.0 0.0 398.0 0.0 7688.0 30.0 787.0 0.1392065228199264
32 42 36 0.0 0.0 928.0 0.0 12937.0 35.0 6752.0 0.08832807570977917
32 42 37 0.0 0.0 1834.0 0.0 12974.0 45.0 27152.0 0.08330853912526033
32 42 38 0.0 0.0 1687.0 0.0 13523.0 43.0 23293.0 0.08138115444980526
32 42 39 0.0 0.0 1702.0 0.0 14202.0 48.0 19538.0 0.07830415571340678
32 42 40 0.0 0.0 1855.0 0.0 13352.0 53.0 25660.0 0.08142375247179248
32 42 41 0.0 0.0 1583.0 0.0 13534.0 48.0 20971.0 0.08181393174380551
32 42 42 0.0 0.0 1229.0 0.0 13427.0 42.0 14897.0 0.08415484491464294
32 42 43 0.0 0.0 515.0 0.0 10256.0 21.0 2463.0 0.10965771128691157
32 42 44 0.0 0.0 570.0 0.0 10345.0 15.0 2372.0 0.10840108401084009
32 42 45 0.0 0.0 515.0 0.0 10097.0 27.0 2678.0 0.1111728738187882
32 42 46 0.0 0.0 176.0 0.0 4878.0 18.0 282.0 0.19883539269990058
32 42 47 0.0 0.0 327.0 0.0 6905.0 33.0 665.0 0.15212430729110069
32 42 48 0.0 0.0 2.0 0.0 126.0 0.0 0.0 0.6582040432534085
32 42 49 0.0 0.0 0.0 0.0 1.0 0.0 0.0 0.6996501749125437
32 43 31 0.0 0.0 0.0 0.0 2.0 0.0 0.0 0.6993006993006992
32 43 32 0.0 0.0 17.0 0.0 254.0 2.0 0.0 0.6170118995152049
32 43 33 0.0 0.0 3.0 0.0 165.0 0.0 0.0 0.646054453161052
32 43 34 0.0 0.0 347.0 0.0 7165.0 20.0 751.0 0.14744602422327538
32 43 35 0.0 0.0 401.0 0.0 8921.0 24.0 1606.0 0.12381710444857166
32 43 36 0.0 0.0 567.0 0.0 10438.0 22.0 2689.0 0.10774203478528549
32 43 37 0.0 0.0 1421.0 0.0 13590.0 41.0 17658.0 0.0822610024090722
32 43 38 0.0 0.0 1817.0 0.0 13540.0 45.0 25345.0 0.08067304367869078
32 43 39 0.0 0.0 2009.0 0.0 12578.0 60.0 32398.0 0.08444417636769407
32 43 40 0.0 0.0 1722.0 0.0 13485.0 50.0 22755.0 0.08142848833827719
32 43 41 0.0 0.0 1300.0 0.0 13861.0 40.0 13952.0 0.08156606851549755
32 43 42 0.0 0.0 1208.0 0.0 13360.0 38.0 14826.0 0.08458192363460608
32 43 43 0.0 0.0 600.0 0.0 10279.0 28.0 2380.0 0.10885623201928309
32 43 44 0.0 0.0 866.0 0.0 12668.0 28.0 5339.0 0.09015971148892322
32 43 45 0.0 0.0 385.0 0.0 7715.0 26.0 987.0 0.1388751115960718
32 43 46 0.0 0.0 733.0 0.0 11807.0 24.0 4977.0 0.09633248469001582
32 43 47 0.0 0.0 84.0 0.0 1944.0 16.0 24.0 0.34895314057826515
32 43 48 0.0 0.0 5.0 0.0 84.0 1.0 0.0 0.6704980842911876
32 43 49 0.0 0.0 0.0 0.0 5.0 0.0 0.0 0.6982543640897755
32 44 31 0.0 0.0 0.0 0.0 1.0 0.0 0.0 0.6996501749125437
32 44 32 0.0 0.0 0.0 0.0 6.0 0.0 0.0 0.6979062811565303
32 44 33 0.0 0.0 1.0 0.0 44.0 0.0 0.0 0.684931506849315
32 44 34 0.0 0.0 169.0 0.0 3884.0 19.0 148.0 0.23198011599005797
32 44 35 0.0 0.0 209.0 0.0 4901.0 20.0 250.0 0.19743336623889435
32 44 36 0.0 0.0 588.0 0.0 10715.0 32.0 2896.0 0.10542168674698793
32 44 37 0.0 0.0 710.0 0.0 11998.0 33.0 5130.0 0.09532888465204957
32 44 38 0.0 0.0 1806.0 0.0 12961.0 50.0 26810.0 0.08349236641221373
32 44 39 0.0 0.0 2076.0 0.0 12298.0 62.0 33781.0 0.08563214875527554
32 44 40 0.0 0.0 1481.0 0.0 13292.0 48.0 19881.0 0.08346747749359087
32 44 41 0.0 0.0 1021.0 0.0 13286.0 30.0 9885.0 0.08587903324745429
32 44 42 0.0 0.0 1403.0 0.0 13383.0 44.0 17034.0 0.08347743128018603
32 44 43 0.0 0.0 695.0 0.0 11819.0 29.0 4544.0 0.09650513545185081
32 44 44 0.0 0.0 754.0 0.0 12064.0 30.0 5679.0 0.09454349000540246
32 44 45 0.0 0.0 931.0 0.0 12787.0 28.0 8464.0 0.08909819894354992
32 44 46 0.0 0.0 327.0 0.0 7083.0 23.0 695.0 0.1490471627807942
32 44 47 0.0 0.0 137.0 0.0 2795.0 12.0 48.0 0.2845528455284552
32 44 48 0.0 0.0 0.0 0.0 44.0 0.0 0.0 0.684931506849315
32 44 49 0.0 0.0 0.0 0.0 8.0 0.0 0.0 0.697211155378486
32 45 32 0.0 0.0 1.0 0.0 9.0 0.0 0.0 0.6965174129353233
32 45 33 0.0 0.0 1.0 0.0 61.0 1.0 0.0 0.6792819019893255
32 45 34 0.0 0.0 10.0 0.0 419.0 4.0 0.0 0.5773195876288658
32 45 35 0.0 0.0 32.0 0.0 1035.0 7.0 9.0 0.4578155657292347
32 45 36 0.0 0.0 228.0 0.0 5573.0 19.0 388.0 0.17990233873040348
32 45 37 0.0 0.0 693.0 0.0 11864.0 23.0 4776.0 0.09626624492883173
32 45 38 0.0 0.0 1099.0 0.0 13482.0 40.0 10600.0 0.08450534194483007
32 45 39 0.0 0.0 1201.0 0.0 13791.0 31.0 11508.0 0.08235294117647059
32 45 40 0.0 0.0 1617.0 0.0 13172.0 42.0 22881.0 0.08339786739739083
32 45 41 0.0 0.0 613.0 0.0 11272.0 26.0 3540.0 0.10097367472051928
32 45 42 0.0 0.0 659.0 0.0 11493.0 25.0 3972.0 0.09898889910202925
32 45 43 0.0 0.0 622.0 0.0 11349.0 21.0 4387.0 0.10025780578630764
32 45 44 0.0 0.0 728.0 0.0 11577.0 31.0 4298.0 0.09790894468144624
32 45 45 0.0 0.0 369.0 0.0 7525.0 25.0 819.0 0.1418152350081037
32 45 46 0.0 0.0 63.0 0.0 1773.0 7.0 16.0 0.3654398329417906
32 45 47 0.0 0.0 25.0 0.0 471.0 6.0 0.0 0.5622489959839357
32 45 48 0.0 0.0 0.0 0.0 25.0 0.0 0.0 0.6913580246913579
32 45 49 0.0 0.0 1.0 0.0 16.0 0.0 0.0 0.6944444444444444
32 46 33 0.0 0.0 0.0 0.0 27.0 0.0 0.0 0.6906758756783422
32 46 34 0.0 0.0 91.0 0.0 2129.0 11.0 25.0 0.33262057495842234
32 46 35 0.0 0.0 3.0 0.0 156.0 0.0 0.0 0.6484483557202407
32 46 36 0.0 0.0 214.0 0.0 4922.0 13.0 219.0 0.19649122807017538
32 46 37 0.0 0.0 352.0 0.0 7370.0 32.0 852.0 0.14440433212996387
32 46 38 0.0 0.0 832.0 0.0 12256.0 22.0 7216.0 0.09278897136797455
32 46 39 0.0 0.0 461.0 0.0 9432.0 23.0 1996.0 0.1178748842300244
32 46 40 0.0 0.0 793.0 0.0 12351.0 19.0 6532.0 0.09247027741083222
32 46 41 0.0 0.0 659.0 0.0 11565.0 29.0 4960.0 0.0985637848493382
32 46 42 0.0 0.0 510.0 0.0 9538.0 28.0 1760.0 0.11639507815098102
32 46 43 0.0 0.0 656.0 0.0 11258.0 24.0 4273.0 0.10074841681059298
32 46 44 0.0 0.0 278.0 0.0 6337.0 23.0 505.0 0.16296123850541264
32 46 45 0.0 0.0 209.0 0.0 5228.0 11.0 311.0 0.18845066630771296
32 46 46 0.0 0.0 125.0 0.0 2805.0 21.0 61.0 0.28513238289205695
32 46 47 0.0 0.0 5.0 0.0 123.0 4.0 0.0 0.6591337099811675
32 46 48 0.0 0.0 0.0 0.0 1.0 0.0 0.0 0.6996501749125437
32 46 49 0.0 0.0 17.0 0.0 211.0 3.0 0.0 0.6292134831460673
32 47 33 0.0 0.0 0.0 0.0 31.0 0.0 0.0 0.6893156080748399
32 47 34 0.0 0.0 6.0 0.0 108.0 3.0 0.0 0.6631927996210326
32 47 35 0.0 0.0 18.0 0.0 720.0 5.0 3.0 0.5122575923893158
32 47 36 0.0 0.0 2.0 0.0 94.0 0.0 0.0 0.6685768863419292
32 47 37 0.0 0.0 123.0 0.0 3420.0 14.0 89.0 0.2531645569620253
32 47 38 0.0 0.0 293.0 0.0 6077.0 21.0 437.0 0.16764459346186084
32 47 39 0.0 0.0 268.0 0.0 5513.0 22.0 316.0 0.1803891251127432
32 47 40 0.0 0.0 239.0 0.0 5707.0 15.0 368.0 0.17652250661959396
32 47 41 0.0 0.0 143.0 0.0 3822.0 9.0 127.0 0.2350965575146935
32 47 42 0.0 0.0 419.0 0.0 8597.0 16.0 1384.0 0.12716868017076935
32 47 43 0.0 0.0 173.0 0.0 4502.0 15.0 200.0 0.21011556355995792
32 47 44 0.0 0.0 180.0 0.0 4366.0 19.0 212.0 0.21429664778815244
32 47 45 0.0 0.0 23.0 0.0 493.0 6.0 1.0 0.557991231566361
32 47 46 0.0 0.0 1.0 0.0 33.0 0.0 0.0 0.6882989183874139
32 47 47 0.0 0.0 0.0 0.0 4.0 0.0 0.0 0.6986027944111775
32 48 36 0.0 0.0 4.0 0.0 103.0 2.0 0.0 0.6653992395437262
32 48 37 0.0 0.0 2.0 0.0 111.0 0.0 0.0 0.6625650733554187
32 48 38 0.0 0.0 61.0 0.0 1822.0 8.0 27.0 0.36110394635027077
32 48 39 0.0 0.0 201.0 0.0 4077.0 18.0 123.0 0.22353504710202773
32 48 40 0.0 0.0 12.0 0.0 465.0 4.0 1.0 0.5663430420711973
32 48 41 0.0 0.0 44.0 0.0 1004.0 12.0 1.0 0.4611330698287219
32 48 42 0.0 0.0 15.0 0.0 382.0 5.0 2.0 0.5855290673358426
32 48 43 0.0 0.0 132.0 0.0 3023.0 22.0 50.0 0.2727449834404831
32 48 44 0.0 0.0 1.0 0.0 68.0 0.0 0.0 0.6766553890768486
32 48 45 0.0 0.0 0.0 0.0 11.0 1.0 0.0 0.6965174129353233
32 48 46 0.0 0.0 1.0 0.0 31.0 0.0 0.0 0.6889763779527558
32 49 36 0.0 0.0 0.0 0.0 26.0 0.0 0.0 0.6910167818361302
32 49 37 0.0 0.0 0.0 0.0 11.0 0.0 0.0 0.6961710591745399
32 49 38 0.0 0.0 18.0 0.0 302.0 7.0 1.0 0.6052745352356247
32 49 39 0.0 0.0 1.0 0.0 86.0 0.0 0.0 0.670819357930043
32 49 40 0.0 0.0 11.0 0.0 327.0 2.0 2.0 0.5993150684931505
32 49 41 0.0 0.0 228.0 0.0 5042.0 14.0 275.0 0.19278435692646653
32 49 42 0.0 0.0 37.0 0.0 885.0 10.0 3.0 0.48076923076923067
32 49 43 0.0 0.0 3.0 0.0 49.0 1.0 0.0 0.68259385665529
32 49 44 0.0 0.0 0.0 0.0 1.0 0.0 0.0 0.6996501749125437
32 50 40 0.0 0.0 0.0 0.0 2.0 0.0 0.0 0.6993006993006992
32 50 41 0.0 0.0 42.0 0.0 787.0 10.0 2.0 0.4966300106420715
32 50 42 0.0 0.0 7.0 0.0 263.0 2.0 0.0 0.6172839506172839
32 50 43 0.0 0.0 0.0 0.0 1.0 0.0 0.0 0.6996501749125437
32 51 40 0.0 0.0 0.0 0.0 1.0 0.0 0.0 0.6996501749125437
33 31 34 0.0 0.0 0.0 0.0 2.0 0.0 0.0 0.6993006993006992
33 31 35 0.0 0.0 0.0 0.0 2.0 0.0 0.0 0.6993006993006992
33 31 36 0.0 0.0 0.0 0.0 10.0 0.0 0.0 0.6965174129353233
33 31 37 0.0 0.0 20.0 0.0 352.0 3.0 0.0 0.5912162162162161
33 31 38 0.0 0.0 1.0 0.0 30.0 0.0 0.0 0.6893156080748399
33 31 39 0.0 0.0 0.0 0.0 18.0 0.0 0.0 0.6937561942517343
33 31 40 0.0 0.0 0.0 0.0 15.0 0.0 0.0 0.694789081885856
33 31 41 0.0 0.0 1.0 0.0 34.0 0.0 0.0 0.6879606879606879
33 31 42 0.0 0.0 0.0 0.0 19.0 0.0 0.0 0.6934125804853887
33 31 43 0.0 0.0 0.0 0.0 8.0 0.0 0.0 0.697211155378486
33 31 44 0.0 0.0 0.0 0.0 2.0 0.0 0.0 0.6993006993006992
33 32 34 0.0 0.0 10.0 0.0 303.0 1.0 0.0 0.6057983556901773
33 32 35 0.0 0.0 0.0 0.0 135.0 1.0 1.0 0.6560449859418931
33 32 36 0.0 0.0 49.0 0.0 1146.0 12.0 5.0 0.43983663210807405
33 32 37 0.0 0.0 154.0 0.0 4332.0 19.0 207.0 0.21634986864472258
33 32 38 0.0 0.0 402.0 0.0 7800.0 21.0 916.0 0.1374435499705478
33 32 39 0.0 0.0 21.0 0.0 563.0 8.0 2.0 0.5434782608695652
33 32 40 0.0 0.0 16.0 0.0 484.0 2.0 0.0 0.5606728073688425
33 32 41 0.0 0.0 174.0 0.0 3617.0 18.0 96.0 0.24250822795773425
33 32 42 0.0 0.0 245.0 0.0 5340.0 16.0 320.0 0.18489170628631796
33 32 43 0.0 0.0 7.0 0.0 330.0 3.0 1.0 0.5998286203941731
33 32 44 0.0 0.0 0.0 0.0 18.0 0.0 0.0 0.6937561942517343
33 32 45 0.0 0.0 0.0 0.0 2.0 0.0 0.0 0.6993006993006992
33 33 32 0.0 0.0 0.0 0.0 8.0 0.0 0.0 0.697211155378486
33 33 33 0.0 0.0 5.0 0.0 70.0 2.0 0.0 0.6753497346840327
33 33 34 0.0 0.0 41.0 0.0 895.0 9.0 4.0 0.4783054321831226
33 33 35 0.0 0.0 242.0 0.0 5692.0 14.0 361.0 0.17676767676767674
33 33 36 0.0 0.0 176.0 0.0 4966.0 16.0 291.0 0.1963534361851332
33 33 37 0.0 0.0 486.0 0.0 9397.0 26.0 1657.0 0.11797421420746607
33 33 38 0.0 0.0 307.0 0.0 6244.0 22.0 445.0 0.16414585531715323
33 33 39 0.0 0.0 301.0 0.0 6968.0 25.0 685.0 0.15138408304498266
33 33 40 0.0 0.0 79.0 0.0 2540.0 10.0 49.0 0.30381944444444436
33 33 41 0.0 0.0 467.0 0.0 8951.0 18.0 1613.0 0.12273165600070131
33 33 42 0.0 0.0 117.0 0.0 2924.0 11.0 71.0 0.2784407319013524
33 33 43 0.0 0.0 249.0 0.0 6174.0 17.0 531.0 0.16644869813339674
33 33 44 0.0 0.0 12.0 0.0 455.0 6.0 0.0 0.5691056910569106
33 33 45 0.0 0.0 5.0 0.0 81.0 0.0 0.0 0.6711409395973154
33 33 46 0.0 0.0 0.0 0.0 19.0 1.0 0.0 0.6937561942517343
33 33 47 0.0 0.0 0.0 0.0 1.0 0.0 0.0 0.6996501749125437
33 34 32 0.0 0.0 0.0 0.0 3.0 0.0 0.0 0.6989515726410384
33 34 33 0.0 0.0 167.0 0.0 3592.0 19.0 120.0 0.24390243902439018
33 34 34 0.0 0.0 63.0 0.0 2163.0 9.0 27.0 0.33198956604221
33 34 35 0.0 0.0 440.0 0.0 8464.0 19.0 1151.0 0.1285111070313934
33 34 36 0.0 0.0 245.0 0.0 5796.0 24.0 432.0 0.1745418277022815
33 34 37 0.0 0.0 649.0 0.0 11319.0 25.0 3731.0 0.1003440366972477
33 34 38 0.0 0.0 783.0 0.0 12359.0 23.0 6058.0 0.09241534094659713
33 34 39 0.0 0.0 579.0 0.0 10478.0 32.0 2881.0 0.107386668712127
33 34 40 0.0 0.0 815.0 0.0 12261.0 21.0 6458.0 0.09285666909862704
33 34 41 0.0 0.0 566.0 0.0 10793.0 20.0 3348.0 0.10486105909669687
33 34 42 0.0 0.0 439.0 0.0 9027.0 15.0 1557.0 0.12220670391061451
33 34 43 0.0 0.0 210.0 0.0 4572.0 17.0 219.0 0.20697811945594316
33 34 44 0.0 0.0 216.0 0.0 4810.0 12.0 220.0 0.1995438996579247
33 34 45 0.0 0.0 300.0 0.0 6411.0 23.0 546.0 0.16108618110689218
33 34 46 0.0 0.0 23.0 0.0 452.0 4.0 0.0 0.5665722379603398
33 34 47 0.0 0.0 9.0 0.0 192.0 3.0 0.0 0.6369426751592355
33 35 31 0.0 0.0 0.0 0.0 19.0 0.0 0.0 0.6934125804853887
33 35 32 0.0 0.0 6.0 0.0 201.0 2.0 0.0 0.6349206349206349
33 35 33 0.0 0.0 36.0 0.0 1017.0 5.0 5.0 0.4593175853018372
33 35 34 0.0 0.0 221.0 0.0 5177.0 15.0 329.0 0.1895221334777311
33 35 35 0.0 0.0 371.0 0.0 8142.0 25.0 1278.0 0.1333841463414634
33 35 36 0.0 0.0 624.0 0.0 10996.0 28.0 3081.0 0.10289578127296779
33 35 37 0.0 0.0 505.0 0.0 10050.0 30.0 2574.0 0.11166945840312673
33 35 38 0.0 0.0 751.0 0.0 12142.0 21.0 4899.0 0.0940291490362012
33 35 39 0.0 0.0 684.0 0.0 11211.0 20.0 3409.0 0.10077017202907938
33 35 40 0.0 0.0 962.0 0.0 13073.0 37.0 7891.0 0.08742896396677699
33 35 41 0.0 0.0 1078.0 0.0 13357.0 40.0 9828.0 0.08524630091944223
33 35 42 0.0 0.0 1076.0 0.0 13409.0 37.0 9327.0 0.08502368516944005
33 35 43 0.0 0.0 524.0 0.0 9759.0 30.0 2066.0 0.11419249592169657
33 35 44 0.0 0.0 531.0 0.0 9653.0 19.0 1908.0 0.11504642945188592
33 35 45 0.0 0.0 228.0 0.0 5350.0 13.0 320.0 0.18503832936822628
33 35 46 0.0 0.0 253.0 0.0 5529.0 9.0 363.0 0.18006430868167198
33 35 47 0.0 0.0 19.0 0.0 415.0 7.0 0.0 0.5770816158285242
33 35 48 0.0 0.0 0.0 0.0 28.0 0.0 0.0 0.690335305719921
33 36 31 0.0 0.0 2.0 0.0 102.0 1.0 0.0 0.6657156443176413
33 36 32 0.0 0.0 107.0 0.0 2226.0 17.0 24.0 0.32429928190873286
33 36 33 0.0 0.0 198.0 0.0 5338.0 19.0 376.0 0.18614545938040153
33 36 34 0.0 0.0 242.0 0.0 5374.0 16.0 274.0 0.18413784032618702
33 36 35 0.0 0.0 750.0 0.0 12025.0 31.0 5685.0 0.09480598632085052
33 36 36 0.0 0.0 1293.0 0.0 12930.0 28.0 17627.0 0.08629191321499012
33 36 37 0.0 0.0 1141.0 0.0 13411.0 40.0 12368.0 0.0846484067960578
33 36 38 0.0 0.0 1339.0 0.0 13894.0 42.0 13058.0 0.08128665157057423
33 36 39 0.0 0.0 1134.0 0.0 13374.0 26.0 12775.0 0.0848279205041202
33 36 40 0.0 0.0 1339.0 0.0 14003.0 49.0 14339.0 0.08081741037926456
33 36 41 0.0 0.0 1436.0 0.0 13744.0 40.0 17101.0 0.08147587732060757
33 36 42 0.0 0.0 1328.0 0.0 13604.0 42.0 15854.0 0.08273742686602446
33 36 43 0.0 0.0 770.0 0.0 12151.0 28.0 4840.0 0.09385894341646553
33 36 44 0.0 0.0 1018.0 0.0 13254.0 27.0 9249.0 0.0860479409956976
33 36 45 0.0 0.0 865.0 0.0 12341.0 35.0 7963.0 0.09215983147916527
33 36 46 0.0 0.0 345.0 0.0 7539.0 25.0 887.0 0.14191586416624427
33 36 47 0.0 0.0 104.0 0.0 2288.0 18.0 37.0 0.31999999999999995
33 36 48 0.0 0.0 0.0 0.0 73.0 1.0 0.0 0.6760019314340897
33 37 30 0.0 0.0 0.0 0.0 1.0 0.0 0.0 0.6996501749125437
33 37 31 0.0 0.0 12.0 0.0 392.0 2.0 1.0 0.5828476269775186
33 37 32 0.0 0.0 70.0 0.0 1515.0 7.0 13.0 0.3913894324853228
33 37 33 0.0 0.0 48.0 0.0 1704.0 8.0 18.0 0.3740315255142933
33 37 34 0.0 0.0 468.0 0.0 9236.0 22.0 1785.0 0.11970927746900384
33 37 35 0.0 0.0 1031.0 0.0 13246.0 40.0 8750.0 0.08609556607834695
33 37 36 0.0 0.0 1468.0 0.0 13454.0 34.0 19183.0 0.08278635207852876
33 37 37 0.0 0.0 1830.0 0.0 12992.0 45.0 26388.0 0.08312058421896336
33 37 38 0.0 0.0 1512.0 0.0 14019.0 43.0 16676.0 0.0798676478977694
33 37 39 0.0 0.0 1721.0 0.0 13759.0 50.0 21569.0 0.08014196576793176
33 37 40 0.0 0.0 1621.0 0.0 13898.0 51.0 20025.0 0.07994061554273967
33 37 41 0.0 0.0 1882.0 0.0 13234.0 41.0 26914.0 0.08181393174380551
33 37 42 0.0 0.0 1787.0 0.0 13175.0 46.0 25257.0 0.08255203726634824
33 37 43 0.0 0.0 1094.0 0.0 13616.0 38.0 9148.0 0.08379721074998503
33 37 44 0.0 0.0 1070.0 0.0 13358.0 29.0 9089.0 0.08526706863999026
33 37 45 0.0 0.0 1044.0 0.0 13050.0 38.0 11045.0 0.08704843623702044
33 37 46 0.0 0.0 238.0 0.0 5729.0 20.0 415.0 0.17616710708443437
33 37 47 0.0 0.0 179.0 0.0 3950.0 22.0 137.0 0.22920759659462997
33 37 48 0.0 0.0 90.0 0.0 2200.0 17.0 31.0 0.3276386613620407
33 37 49 0.0 0.0 0.0 0.0 15.0 0.0 0.0 0.6951340615690167
33 38 30 0.0 0.0 0.0 0.0 5.0 1.0 0.0 0.6986027944111775
33 38 31 0.0 0.0 167.0 0.0 3540.0 13.0 79.0 0.24578651685393252
33 38 32 0.0 0.0 21.0 0.0 506.0 3.0 0.0 0.5546751188589539
33 38 33 0.0 0.0 269.0 0.0 6405.0 24.0 526.0 0.16181229773462782
33 38 34 0.0 0.0 382.0 0.0 8355.0 22.0 1210.0 0.1306457633445315
33 38 35 0.0 0.0 1339.0 0.0 13151.0 34.0 17746.0 0.08486391465114869
33 38 36 0.0 0.0 2117.0 0.0 12374.0 58.0 34666.0 0.08491538788136106
33 38 37 0.0 0.0 2048.0 0.0 13266.0 43.0 29620.0 0.08082207597275141
33 38 38 0.0 0.0 2334.0 0.0 12818.0 48.0 36014.0 0.08156606851549755
33 38 39 0.0 0.0 2268.0 0.0 12760.0 53.0 34402.0 0.08216444627032102
33 38 40 0.0 0.0 1724.0 0.0 14079.0 30.0 19951.0 0.07857664028736598
33 38 41 0.0 0.0 1437.0 0.0 14085.0 42.0 15030.0 0.07996801279488204
33 38 42 0.0 0.0 1456.0 0.0 13768.0 33.0 16600.0 0.08130081300813008
33 38 43 0.0 0.0 1070.0 0.0 13378.0 30.0 8991.0 0.08510120965290863
33 38 44 0.0 0.0 1266.0 0.0 13464.0 30.0 13366.0 0.08364201218783605
33 38 45 0.0 0.0 930.0 0.0 12864.0 26.0 7252.0 0.08859077390368916
33 38 46 0.0 0.0 946.0 0.0 12783.0 30.0 8642.0 0.08908119114278441
33 38 47 0.0 0.0 505.0 0.0 9802.0 25.0 2086.0 0.11388595135442933
33 38 48 0.0 0.0 2.0 0.0 252.0 2.0 1.0 0.6216696269982237
33 38 49 0.0 0.0 12.0 0.0 288.0 6.0 0.0 0.6102877070619005
33 39 31 0.0 0.0 0.0 0.0 16.0 0.0 0.0 0.6944444444444444
33 39 32 0.0 0.0 37.0 0.0 1174.0 8.0 6.0 0.4372267332916926
33 39 33 0.0 0.0 542.0 0.0 10471.0 20.0 3081.0 0.10759299108515216
33 39 34 0.0 0.0 864.0 0.0 12609.0 28.0 7097.0 0.09055627425614488
33 39 35 0.0 0.0 932.0 0.0 13025.0 28.0 7552.0 0.08777979810646434
33 39 36 0.0 0.0 2222.0 0.0 13015.0 50.0 32583.0 0.08123476848090982
33 39 37 0.0 0.0 2433.0 0.0 12368.0 55.0 39800.0 0.08325404376784014
33 39 38 0.0 0.0 2915.0 0.0 11693.0 58.0 48136.0 0.08422065812428561
33 39 39 0.0 0.0 2646.0 0.0 11710.0 49.0 47205.0 0.08556411196675222
33 39 40 0.0 0.0 2412.0 0.0 12947.0 49.0 35965.0 0.08063587144338209
33 39 41 0.0 0.0 2099.0 0.0 13312.0 58.0 30503.0 0.08045977011494253
33 39 42 0.0 0.0 1541.0 0.0 13851.0 39.0 19004.0 0.08053382420616659
33 39 43 0.0 0.0 1641.0 0.0 13628.0 53.0 20775.0 0.08109360518999073
33 39 44 0.0 0.0 1111.0 0.0 13596.0 29.0 9860.0 0.08384739773612025
33 39 45 0.0 0.0 1332.0 0.0 13306.0 41.0 16745.0 0.08421052631578946
33 39 46 0.0 0.0 874.0 0.0 12598.0 26.0 7292.0 0.09048603929679419
33 39 47 0.0 0.0 282.0 0.0 6380.0 20.0 471.0 0.16194331983805665
33 39 48 0.0 0.0 130.0 0.0 3295.0 10.0 70.0 0.25854108956602023
33 39 49 0.0 0.0 4.0 0.0 124.0 1.0 0.0 0.6582040432534085
33 39 50 0.0 0.0 0.0 0.0 2.0 0.0 0.0 0.6993006993006992
33 40 31 0.0 0.0 0.0 0.0 1.0 0.0 0.0 0.6996501749125437
33 40 32 0.0 0.0 57.0 0.0 1142.0 7.0 8.0 0.4385964912280701
33 40 33 0.0 0.0 355.0 0.0 7682.0 21.0 955.0 0.1397205588822355
33 40 34 0.0 0.0 1043.0 0.0 12904.0 34.0 12678.0 0.08780181875195985
33 40 35 0.0 0.0 1718.0 0.0 12753.0 50.0 26441.0 0.08500303582270795
33 40 36 0.0 0.0 1962.0 0.0 13419.0 50.0 27731.0 0.08059409360428299
33 40 37 0.0 0.0 2810.0 0.0 10718.0 62.0 55574.0 0.09025270758122743
33 40 38 0.0 0.0 2975.0 0.0 11043.0 55.0 54829.0 0.08742896396677699
33 40 39 0.0 0.0 2685.0 0.0 13951.0 66.0 33749.0 0.07520816545796401
33 40 40 0.0 0.0 2598.0 0.0 12364.0 54.0 42102.0 0.08246936852026389
33 40 41 0.0 0.0 2355.0 0.0 12819.0 61.0 35717.0 0.08160410352063417
33 40 42 0.0 0.0 2017.0 0.0 13262.0 48.0 27892.0 0.0809950824414232
33 40 43 0.0 0.0 1500.0 0.0 13948.0 41.0 16927.0 0.08025682182985554
33 40 44 0.0 0.0 1422.0 0.0 13640.0 44.0 17156.0 0.08204406938584154
33 40 45 0.0 0.0 1166.0 0.0 13647.0 33.0 11174.0 0.08322929671244278
33 40 46 0.0 0.0 609.0 0.0 10897.0 28.0 3204.0 0.10380366278638688
33 40 47 0.0 0.0 596.0 0.0 10608.0 29.0 2765.0 0.10615711252653927
33 40 48 0.0 0.0 153.0 0.0 3691.0 14.0 132.0 0.24009603841536614
33 40 49 0.0 0.0 0.0 0.0 21.0 0.0 0.0 0.6927263730826323
33 41 31 0.0 0.0 0.0 0.0 3.0 0.0 0.0 0.6989515726410384
33 41 32 0.0 0.0 45.0 0.0 941.0 11.0 2.0 0.47058823529411764
33 41 33 0.0 0.0 287.0 0.0 6336.0 24.0 478.0 0.1627150162715016
33 41 34 0.0 0.0 462.0 0.0 9945.0 22.0 2537.0 0.11296699749858789
33 41 35 0.0 0.0 866.0 0.0 12700.0 37.0 7488.0 0.08999742864489585
33 41 36 0.0 0.0 1849.0 0.0 13262.0 52.0 26768.0 0.0818330605564648
33 41 37 0.0 0.0 2575.0 0.0 12875.0 63.0 37837.0 0.0802844362885652
33 41 38 0.0 0.0 3090.0 0.0 11184.0 68.0 55488.0 0.0860162202015237
33 41 39 0.0 0.0 3101.0 0.0 12015.0 70.0 49532.0 0.0818330605564648
33 41 40 0.0 0.0 2531.0 0.0 13518.0 46.0 33740.0 0.07748505645339826
33 41 41 0.0 0.0 2520.0 0.0 12728.0 52.0 37804.0 0.08110300081103
33 41 42 0.0 0.0 1850.0 0.0 14334.0 29.0 21692.0 0.07692307692307691
33 41 43 0.0 0.0 2028.0 0.0 12864.0 53.0 30894.0 0.08296296296296296
33 41 44 0.0 0.0 1460.0 0.0 13157.0 38.0 19931.0 0.08426120975022569
33 41 45 0.0 0.0 1074.0 0.0 13289.0 37.0 10912.0 0.08559550012227927
33 41 46 0.0 0.0 844.0 0.0 12400.0 30.0 7200.0 0.09184543724988518
33 41 47 0.0 0.0 523.0 0.0 9511.0 20.0 1913.0 0.11641443538998833
33 41 48 0.0 0.0 57.0 0.0 1833.0 14.0 19.0 0.36138358286009287
33 41 49 0.0 0.0 2.0 0.0 60.0 0.0 0.0 0.6789524733268669
33 41 50 0.0 0.0 0.0 0.0 1.0 0.0 0.0 0.6996501749125437
33 42 31 0.0 0.0 0.0 0.0 5.0 0.0 0.0 0.6982543640897755
33 42 32 0.0 0.0 5.0 0.0 254.0 1.0 0.0 0.6200177147918511
33 42 33 0.0 0.0 186.0 0.0 4272.0 20.0 152.0 0.2173575531749728
33 42 34 0.0 0.0 523.0 0.0 9956.0 25.0 2284.0 0.11224244367834521
33 42 35 0.0 0.0 689.0 0.0 11484.0 29.0 3151.0 0.09889100798191706
33 42 36 0.0 0.0 1821.0 0.0 12951.0 42.0 27656.0 0.0834575260804769
33 42 37 0.0 0.0 2335.0 0.0 12944.0 52.0 34590.0 0.08102320736153712
33 42 38 0.0 0.0 3103.0 0.0 10325.0 62.0 61422.0 0.09065009065009064
33 42 39 0.0 0.0 3254.0 0.0 11515.0 71.0 55049.0 0.0834824090638044
33 42 40 0.0 0.0 2935.0 0.0 11654.0 68.0 50577.0 0.08440344848375232
33 42 41 0.0 0.0 1979.0 0.0 13954.0 55.0 24715.0 0.07812064058925282
33 42 42 0.0 0.0 1712.0 0.0 14052.0 52.0 20362.0 0.07886435331230282
33 42 43 0.0 0.0 1693.0 0.0 13729.0 43.0 21923.0 0.08037200757793213
33 42 44 0.0 0.0 1550.0 0.0 13571.0 41.0 18876.0 0.08173273395995095
33 42 45 0.0 0.0 1007.0 0.0 13422.0 24.0 8591.0 0.08515297123046042
33 42 46 0.0 0.0 575.0 0.0 10921.0 23.0 3879.0 0.10376519418914912
33 42 47 0.0 0.0 232.0 0.0 5526.0 27.0 385.0 0.18106570098292804
33 42 48 0.0 0.0 42.0 0.0 1325.0 7.0 5.0 0.4167907115212861
33 42 49 0.0 0.0 29.0 0.0 457.0 10.0 0.0 0.5654281098546041
33 43 31 0.0 0.0 0.0 0.0 7.0 0.0 0.0 0.6975585450921773
33 43 32 0.0 0.0 148.0 0.0 3431.0 30.0 85.0 0.25225225225225223
33 43 33 0.0 0.0 204.0 0.0 5565.0 17.0 422.0 0.18055197317513538
33 43 34 0.0 0.0 344.0 0.0 7566.0 13.0 847.0 0.1413998586001414
33 43 35 0.0 0.0 1119.0 0.0 13216.0 33.0 12034.0 0.08572128337007102
33 43 36 0.0 0.0 1272.0 0.0 13775.0 45.0 13735.0 0.08216926869350862
33 43 37 0.0 0.0 2409.0 0.0 12226.0 50.0 39180.0 0.08415990381725277
33 43 38 0.0 0.0 2635.0 0.0 11768.0 58.0 45469.0 0.08536064874093041
33 43 39 0.0 0.0 3191.0 0.0 9650.0 69.0 69117.0 0.09436505796710702
33 43 40 0.0 0.0 2786.0 0.0 10280.0 71.0 58746.0 0.09297383450657457
33 43 41 0.0 0.0 2333.0 0.0 12256.0 66.0 39524.0 0.08447984552256818
33 43 42 0.0 0.0 1527.0 0.0 14163.0 38.0 16817.0 0.07910945357970277
33 43 43 0.0 0.0 1256.0 0.0 13719.0 37.0 13291.0 0.08251311369128307
33 43 44 0.0 0.0 1793.0 0.0 12959.0 51.0 26966.0 0.08357709987463434
33 43 45 0.0 0.0 1262.0 0.0 13154.0 27.0 16560.0 0.08525668351501126
33 43 46 0.0 0.0 520.0 0.0 10220.0 21.0 2550.0 0.10997643362136685
33 43 47 0.0 0.0 167.0 0.0 3987.0 23.0 149.0 0.22842225485397288
33 43 48 0.0 0.0 19.0 0.0 698.0 8.0 2.0 0.5167958656330748
33 43 49 0.0 0.0 7.0 0.0 112.0 0.0 0.0 0.6606890042472864
33 44 31 0.0 0.0 0.0 0.0 2.0 0.0 0.0 0.6993006993006992
33 44 32 0.0 0.0 1.0 0.0 61.0 1.0 0.0 0.6796116504854368
33 44 33 0.0 0.0 142.0 0.0 3260.0 17.0 78.0 0.25993316004455996
33 44 34 0.0 0.0 138.0 0.0 4092.0 11.0 171.0 0.22508038585208998
33 44 35 0.0 0.0 753.0 0.0 11959.0 23.0 5869.0 0.09520571234274056
33 44 36 0.0 0.0 984.0 0.0 13253.0 30.0 7329.0 0.08628127696289904
33 44 37 0.0 0.0 1340.0 0.0 13759.0 51.0 14373.0 0.08196721311475409
33 44 38 0.0 0.0 1929.0 0.0 13449.0 49.0 26634.0 0.0805477245267821
33 44 39 0.0 0.0 2515.0 0.0 10855.0 55.0 50195.0 0.09103914683313824
33 44 40 0.0 0.0 1636.0 0.0 13849.0 46.0 20798.0 0.08007778985300006
33 44 41 0.0 0.0 2092.0 0.0 12471.0 53.0 33972.0 0.08451044307618012
33 44 42 0.0 0.0 1711.0 0.0 13866.0 39.0 21043.0 0.07967674008309145
33 44 43 0.0 0.0 1562.0 0.0 12983.0 39.0 22161.0 0.08457681387059747
33 44 44 0.0 0.0 961.0 0.0 12998.0 34.0 8265.0 0.08780181875195985
33 44 45 0.0 0.0 879.0 0.0 12567.0 36.0 5980.0 0.09071470226138792
33 44 46 0.0 0.0 335.0 0.0 7137.0 23.0 732.0 0.14805414551607443
33 44 47 0.0 0.0 361.0 0.0 8345.0 24.0 1449.0 0.13100028071488723
33 44 48 0.0 0.0 226.0 0.0 5474.0 22.0 362.0 0.18217306441119063
33 44 49 0.0 0.0 1.0 0.0 35.0 0.0 0.0 0.6876227897838899
33 45 31 0.0 0.0 0.0 0.0 1.0 0.0 0.0 0.6996501749125437
33 45 32 0.0 0.0 0.0 0.0 3.0 0.0 0.0 0.6989515726410384
33 45 33 0.0 0.0 100.0 0.0 2668.0 16.0 55.0 0.2945508100147275
33 45 34 0.0 0.0 87.0 0.0 2466.0 6.0 31.0 0.30775994724115185
33 45 35 0.0 0.0 369.0 0.0 7767.0 24.0 977.0 0.13836726625815376
33 45 36 0.0 0.0 400.0 0.0 8794.0 23.0 1587.0 0.12527964205816552
33 45 37 0.0 0.0 1020.0 0.0 13021.0 40.0 9349.0 0.08734714250062389
33 45 38 0.0 0.0 1242.0 0.0 13901.0 32.0 12145.0 0.08170411438576013
33 45 39 0.0 0.0 1886.0 0.0 12284.0 49.0 32335.0 0.08657473254591552
33 45 40 0.0 0.0 1292.0 0.0 13784.0 29.0 13222.0 0.08197681227309989
33 45 41 0.0 0.0 1176.0 0.0 13786.0 29.0 11661.0 0.08251311369128307
33 45 42 0.0 0.0 1321.0 0.0 13272.0 31.0 17587.0 0.08436784379896348
33 45 43 0.0 0.0 753.0 0.0 11891.0 28.0 4261.0 0.0956937799043062
33 45 44 0.0 0.0 1176.0 0.0 12923.0 37.0 14786.0 0.08699975142928162
33 45 45 0.0 0.0 630.0 0.0 11011.0 38.0 3476.0 0.10279756222923854
33 45 46 0.0 0.0 462.0 0.0 8902.0 19.0 1545.0 0.12332628611698378
33 45 47 0.0 0.0 149.0 0.0 3329.0 19.0 88.0 0.2565042139978013
33 45 48 0.0 0.0 194.0 0.0 4154.0 16.0 154.0 0.22102936532996525
33 45 49 0.0 0.0 0.0 0.0 26.0 0.0 0.0 0.6910167818361302
33 45 50 0.0 0.0 0.0 0.0 1.0 0.0 0.0 0.6996501749125437
33 46 32 0.0 0.0 1.0 0.0 22.0 0.0 0.0 0.6920415224913494
33 46 33 0.0 0.0 0.0 0.0 25.0 0.0 0.0 0.6913580246913579
33 46 34 0.0 0.0 315.0 0.0 7214.0 17.0 941.0 0.14710518020384575
33 46 35 0.0 0.0 188.0 0.0 4370.0 16.0 193.0 0.2138710663000305
33 46 36 0.0 0.0 370.0 0.0 7845.0 18.0 1015.0 0.13728181996469893
33 46 37 0.0 0.0 540.0 0.0 9931.0 23.0 2145.0 0.11232349165596918
33 46 38 0.0 0.0 663.0 0.0 11288.0 28.0 3470.0 0.10045924225028702
33 46 39 0.0 0.0 1101.0 0.0 13222.0 22.0 11625.0 0.08570029382957883
33 46 40 0.0 0.0 852.0 0.0 12752.0 29.0 8460.0 0.08976085144579084
33 46 41 0.0 0.0 1074.0 0.0 13222.0 34.0 11851.0 0.08593174564203289
33 46 42 0.0 0.0 1133.0 0.0 13161.0 26.0 13580.0 0.08593174564203289
33 46 43 0.0 0.0 578.0 0.0 10527.0 30.0 2592.0 0.10699273977837218
33 46 44 0.0 0.0 363.0 0.0 7636.0 15.0 801.0 0.14018223690798035
33 46 45 0.0 0.0 246.0 0.0 5484.0 20.0 353.0 0.18153526970954353
33 46 46 0.0 0.0 117.0 0.0 2415.0 16.0 35.0 0.31028368794326233
33 46 47 0.0 0.0 31.0 0.0 842.0 4.0 5.0 0.48780487804878037
33 46 48 0.0 0.0 60.0 0.0 1517.0 12.0 9.0 0.3927068723702664
33 46 49 0.0 0.0 11.0 0.0 257.0 1.0 0.0 0.6175562417291574
33 47 33 0.0 0.0 1.0 0.0 55.0 0.0 0.0 0.6809338521400777
33 47 34 0.0 0.0 1.0 0.0 55.0 1.0 0.0 0.6812652068126519
33 47 35 0.0 0.0 139.0 0.0 3200.0 14.0 83.0 0.2627627627627627
33 47 36 0.0 0.0 33.0 0.0 867.0 10.0 3.0 0.48426150121065364
33 47 37 0.0 0.0 232.0 0.0 5584.0 15.0 374.0 0.17937219730941703
33 47 38 0.0 0.0 486.0 0.0 9426.0 29.0 1733.0 0.117755908823282
33 47 39 0.0 0.0 880.0 0.0 12568.0 30.0 6582.0 0.09065596062941138
33 47 40 0.0 0.0 482.0 0.0 9373.0 22.0 1769.0 0.11824324324324322
33 47 41 0.0 0.0 424.0 0.0 8779.0 27.0 1475.0 0.1251228885512557
33 47 42 0.0 0.0 369.0 0.0 8408.0 16.0 1371.0 0.13002693415064548
33 47 43 0.0 0.0 526.0 0.0 10084.0 17.0 2367.0 0.11105822624147231
33 47 44 0.0 0.0 187.0 0.0 3999.0 14.0 134.0 0.22675736961451246
33 47 45 0.0 0.0 256.0 0.0 5797.0 12.0 396.0 0.17406440382941687
33 47 46 0.0 0.0 22.0 0.0 392.0 7.0 2.0 0.5816368923971748
33 47 47 0.0 0.0 0.0 0.0 20.0 0.0 0.0 0.6930693069306929
33 47 48 0.0 0.0 0.0 0.0 2.0 0.0 0.0 0.6993006993006992
33 48 35 0.0 0.0 0.0 0.0 3.0 0.0 0.0 0.6989515726410384
33 48 36 0.0 0.0 3.0 0.0 84.0 2.0 0.0 0.6714628297362109
33 48 37 0.0 0.0 367.0 0.0 7671.0 22.0 904.0 0.13969267611255237
33 48 38 0.0 0.0 222.0 0.0 5152.0 15.0 263.0 0.1902173913043478
33 48 39 0.0 0.0 630.0 0.0 10829.0 23.0 2883.0 0.10406600758195197
33 48 40 0.0 0.0 349.0 0.0 7684.0 17.0 997.0 0.13977635782747602
33 48 41 0.0 0.0 626.0 0.0 10882.0 24.0 3617.0 0.10372675409350225
33 48 42 0.0 0.0 185.0 0.0 3667.0 18.0 92.0 0.2400137150694325
33 48 43 0.0 0.0 30.0 0.0 786.0 12.0 2.0 0.4992867332382311
33 48 44 0.0 0.0 11.0 0.0 296.0 4.0 0.0 0.60790273556231
33 48 45 0.0 0.0 0.0 0.0 65.0 1.0 0.0 0.6782945736434108
33 48 46 0.0 0.0 35.0 0.0 537.0 12.0 1.0 0.5470887065259866
33 48 47 0.0 0.0 0.0 0.0 3.0 0.0 0.0 0.6989515726410384
33 49 36 0.0 0.0 0.0 0.0 17.0 0.0 0.0 0.694100148735746
33 49 37 0.0 0.0 0.0 0.0 48.0 0.0 0.0 0.6839276990718123
33 49 38 0.0 0.0 57.0 0.0 1146.0 10.0 7.0 0.4385964912280701
33 49 39 0.0 0.0 47.0 0.0 1056.0 9.0 3.0 0.4524886877828054
33 49 40 0.0 0.0 66.0 0.0 1558.0 13.0 15.0 0.3877042370534477
33 49 41 0.0 0.0 48.0 0.0 1153.0 8.0 4.0 0.43845912934544307
33 49 42 0.0 0.0 102.0 0.0 2612.0 10.0 57.0 0.29774564015312627
33 49 43 0.0 0.0 0.0 0.0 5.0 0.0 0.0 0.6982543640897755
33 49 44 0.0 0.0 0.0 0.0 1.0 0.0 0.0 0.6996501749125437
33 50 39 0.0 0.0 0.0 0.0 3.0 0.0 0.0 0.6993006993006992
33 50 41 0.0 0.0 0.0 0.0 7.0 1.0 0.0 0.6979062811565303
33 50 42 0.0 0.0 0.0 0.0 8.0 0.0 0.0 0.697211155378486
33 50 43 0.0 0.0 0.0 0.0 1.0 0.0 0.0 0.6996501749125437
33 51 37 0.0 0.0 0.0 0.0 1.0 0.0 0.0 0.6996501749125437
34 30 33 0.0 0.0 0.0 0.0 2.0 0.0 0.0 0.6993006993006992
34 30 34 0.0 0.0 0.0 0.0 1.0 0.0 0.0 0.6996501749125437
34 30 35 0.0 0.0 0.0 0.0 1.0 0.0 0.0 0.6996501749125437
34 30 36 0.0 0.0 0.0 0.0 6.0 0.0 0.0 0.6979062811565303
34 30 37 0.0 0.0 0.0 0.0 20.0 0.0 0.0 0.6930693069306929
34 30 38 0.0 0.0 0.0 0.0 28.0 0.0 0.0 0.690335305719921
34 30 39 0.0 0.0 3.0 0.0 36.0 0.0 0.0 0.6866110838646394
34 30 40 0.0 0.0 0.0 0.0 6.0 0.0 0.0 0.6979062811565303
34 30 43 0.0 0.0 0.0 0.0 2.0 0.0 0.0 0.6993006993006992
34 31 32 0.0 0.0 0.0 0.0 1.0 0.0 0.0 0.6996501749125437
34 31 33 0.0 0.0 1.0 0.0 4.0 1.0 0.0 0.6986027944111775
34 31 34 0.0 0.0 13.0 0.0 199.0 3.0 0.0 0.6337709370755997
34 31 35 0.0 0.0 0.0 0.0 20.0 0.0 0.0 0.6930693069306929
34 31 36 0.0 0.0 28.0 0.0 570.0 5.0 0.0 0.5399151561897415
34 31 37 0.0 0.0 6.0 0.0 299.0 3.0 0.0 0.6081668114682883
34 31 38 0.0 0.0 33.0 0.0 801.0 10.0 3.0 0.49575070821529743
34 31 39 0.0 0.0 36.0 0.0 853.0 8.0 3.0 0.4859423811176674
34 31 40 0.0 0.0 5.0 0.0 357.0 2.0 0.0 0.5932203389830507
34 31 41 0.0 0.0 21.0 0.0 561.0 8.0 1.0 0.5439005439005438
34 31 42 0.0 0.0 42.0 0.0 877.0 7.0 2.0 0.48076923076923067
34 31 43 0.0 0.0 0.0 0.0 35.0 0.0 0.0 0.6879606879606879
34 31 44 0.0 0.0 12.0 0.0 361.0 2.0 1.0 0.5902192242833051
34 31 45 0.0 0.0 0.0 0.0 1.0 0.0 0.0 0.6996501749125437
34 31 46 0.0 0.0 0.0 0.0 2.0 0.0 0.0 0.6993006993006992
34 32 31 0.0 0.0 0.0 0.0 4.0 0.0 0.0 0.6986027944111775
34 32 32 0.0 0.0 0.0 0.0 2.0 0.0 0.0 0.6993006993006992
34 32 33 0.0 0.0 0.0 0.0 36.0 0.0 0.0 0.6876227897838899
34 32 34 0.0 0.0 2.0 0.0 146.0 1.0 0.0 0.6523765144454798
34 32 35 0.0 0.0 52.0 0.0 1474.0 5.0 19.0 0.39761431411530807
34 32 36 0.0 0.0 151.0 0.0 3815.0 16.0 116.0 0.23529411764705882
34 32 37 0.0 0.0 70.0 0.0 1991.0 7.0 33.0 0.34533793783917116
34 32 38 0.0 0.0 220.0 0.0 4669.0 18.0 199.0 0.20372526193247958
34 32 39 0.0 0.0 157.0 0.0 3648.0 20.0 121.0 0.24196335983408224
34 32 40 0.0 0.0 94.0 0.0 2417.0 19.0 41.0 0.31187346847850295
34 32 41 0.0 0.0 295.0 0.0 6847.0 20.0 676.0 0.15342465753424656
34 32 42 0.0 0.0 206.0 0.0 4266.0 21.0 132.0 0.21691973969631234
34 32 43 0.0 0.0 66.0 0.0 1551.0 11.0 7.0 0.3882418191902384
34 32 44 0.0 0.0 82.0 0.0 2090.0 9.0 28.0 0.3362959404275762
34 32 45 0.0 0.0 14.0 0.0 435.0 2.0 1.0 0.5721291377196566
34 32 46 0.0 0.0 0.0 0.0 10.0 0.0 0.0 0.6965174129353233
34 32 47 0.0 0.0 2.0 0.0 41.0 2.0 0.0 0.6859382655560998
34 32 48 0.0 0.0 0.0 0.0 2.0 0.0 0.0 0.6993006993006992
34 33 31 0.0 0.0 0.0 0.0 4.0 0.0 0.0 0.6986027944111775
34 33 32 0.0 0.0 3.0 0.0 67.0 0.0 0.0 0.6766553890768486
34 33 33 0.0 0.0 0.0 0.0 80.0 0.0 0.0 0.6730769230769229
34 33 34 0.0 0.0 20.0 0.0 593.0 8.0 2.0 0.5376344086021504
34 33 35 0.0 0.0 470.0 0.0 9082.0 24.0 1692.0 0.12133818686080773
34 33 36 0.0 0.0 754.0 0.0 11988.0 31.0 5082.0 0.09509577503056649
34 33 37 0.0 0.0 741.0 0.0 11984.0 18.0 6637.0 0.09506348883004004
34 33 38 0.0 0.0 825.0 0.0 12369.0 25.0 7150.0 0.09217196655474356
34 33 39 0.0 0.0 611.0 0.0 10657.0 30.0 2882.0 0.10566037735849056
34 33 40 0.0 0.0 458.0 0.0 9450.0 25.0 2095.0 0.11773610293499283
34 33 41 0.0 0.0 391.0 0.0 8379.0 28.0 1224.0 0.13023255813953488
34 33 42 0.0 0.0 690.0 0.0 11566.0 29.0 4445.0 0.09825250894799634
34 33 43 0.0 0.0 254.0 0.0 6157.0 17.0 496.0 0.16660716410805662
34 33 44 0.0 0.0 26.0 0.0 947.0 3.0 5.0 0.4716981132075471
34 33 45 0.0 0.0 111.0 0.0 2348.0 16.0 31.0 0.315031503150315
34 33 46 0.0 0.0 2.0 0.0 72.0 0.0 0.0 0.6750241080038573
34 33 47 0.0 0.0 3.0 0.0 60.0 1.0 0.0 0.6789524733268669
34 33 48 0.0 0.0 1.0 0.0 13.0 0.0 0.0 0.6951340615690167
34 34 30 0.0 0.0 0.0 0.0 4.0 0.0 0.0 0.6986027944111775
34 34 31 0.0 0.0 1.0 0.0 22.0 1.0 0.0 0.6923837784371908
34 34 32 0.0 0.0 5.0 0.0 233.0 0.0 1.0 0.6255585344057193
34 34 33 0.0 0.0 4.0 0.0 195.0 2.0 0.0 0.6372325898953117
34 34 34 0.0 0.0 322.0 0.0 7090.0 12.0 654.0 0.14887282007656313
34 34 35 0.0 0.0 894.0 0.0 12675.0 22.0 7346.0 0.0899107314880226
34 34 36 0.0 0.0 701.0 0.0 11488.0 19.0 4251.0 0.09868884816015788
34 34 37 0.0 0.0 974.0 0.0 12843.0 30.0 8120.0 0.0885459490228322
34 34 38 0.0 0.0 899.0 0.0 13042.0 36.0 6713.0 0.08793417498900821
34 34 39 0.0 0.0 1137.0 0.0 13493.0 37.0 12764.0 0.08423079237109679
34 34 40 0.0 0.0 644.0 0.0 11030.0 29.0 3129.0 0.10254156595620009
34 34 41 0.0 0.0 950.0 0.0 12854.0 30.0 8769.0 0.08853474988933156
34 34 42 0.0 0.0 996.0 0.0 12905.0 34.0 11705.0 0.08813345923827509
34 34 43 0.0 0.0 778.0 0.0 12031.0 23.0 4218.0 0.09457542390056069
34 34 44 0.0 0.0 526.0 0.0 9790.0 33.0 2002.0 0.11393229166666664
34 34 45 0.0 0.0 209.0 0.0 4817.0 29.0 207.0 0.20002857551078723
34 34 46 0.0 0.0 174.0 0.0 3680.0 14.0 97.0 0.23956194387405882
34 34 47 0.0 0.0 10.0 0.0 167.0 1.0 0.0 0.6433823529411764
34 34 48 0.0 0.0 23.0 0.0 356.0 4.0 0.0 0.5894736842105263
34 34 49 0.0 0.0 0.0 0.0 1.0 0.0 0.0 0.6996501749125437
34 35 30 0.0 0.0 0.0 0.0 5.0 0.0 0.0 0.6982543640897755
34 35 31 0.0 0.0 4.0 0.0 67.0 2.0 0.0 0.6766553890768486
34 35 32 0.0 0.0 37.0 0.0 979.0 5.0 7.0 0.46496180670873455
34 35 33 0.0 0.0 173.0 0.0 3481.0 20.0 79.0 0.24853541629682227
34 35 34 0.0 0.0 512.0 0.0 9572.0 23.0 1842.0 0.11597084161696486
34 35 35 0.0 0.0 940.0 0.0 12848.0 29.0 8776.0 0.0886580963840162
34 35 36 0.0 0.0 1177.0 0.0 13014.0 33.0 14365.0 0.08646779074794639
34 35 37 0.0 0.0 1343.0 0.0 13665.0 33.0 14677.0 0.08228517691313035
34 35 38 0.0 0.0 1687.0 0.0 13432.0 42.0 23534.0 0.08177570093457943
34 35 39 0.0 0.0 1580.0 0.0 14131.0 42.0 17450.0 0.07906924206483677
34 35 40 0.0 0.0 1828.0 0.0 13287.0 49.0 25472.0 0.08179959100204498
34 35 41 0.0 0.0 1459.0 0.0 13380.0 43.0 19119.0 0.0831353919239905
34 35 42 0.0 0.0 1075.0 0.0 13542.0 30.0 10270.0 0.08429164910590642
34 35 43 0.0 0.0 1330.0 0.0 13375.0 43.0 15877.0 0.0837621155917195
34 35 44 0.0 0.0 671.0 0.0 11530.0 31.0 4731.0 0.09866798223976318
34 35 45 0.0 0.0 559.0 0.0 10464.0 20.0 3074.0 0.1075268817204301
34 35 46 0.0 0.0 124.0 0.0 3514.0 12.0 121.0 0.24880042651501685
34 35 47 0.0 0.0 64.0 0.0 1336.0 11.0 14.0 0.4129793510324483
34 35 48 0.0 0.0 9.0 0.0 216.0 1.0 1.0 0.6294964028776977
34 36 30 0.0 0.0 0.0 0.0 7.0 0.0 0.0 0.6975585450921773
34 36 31 0.0 0.0 46.0 0.0 1119.0 9.0 3.0 0.4435994930291508
34 36 32 0.0 0.0 593.0 0.0 10483.0 34.0 2549.0 0.10729613733905578
34 36 33 0.0 0.0 504.0 0.0 9587.0 18.0 1976.0 0.11590363440682175
34 36 34 0.0 0.0 463.0 0.0 9637.0 31.0 1981.0 0.11594202898550723
34 36 35 0.0 0.0 1146.0 0.0 13214.0 40.0 12466.0 0.0856478649210816
34 36 36 0.0 0.0 1325.0 0.0 14127.0 32.0 11952.0 0.08021543574170628
34 36 37 0.0 0.0 1751.0 0.0 14059.0 45.0 21539.0 0.07859869750729843
34 36 38 0.0 0.0 1978.0 0.0 13238.0 69.0 27979.0 0.08139061682460322
34 36 39 0.0 0.0 2436.0 0.0 12809.0 58.0 36669.0 0.08120649651972157
34 36 40 0.0 0.0 2290.0 0.0 12346.0 53.0 37407.0 0.08413461538461538
34 36 41 0.0 0.0 2233.0 0.0 12742.0 50.0 35456.0 0.08248394508925941
34 36 42 0.0 0.0 1905.0 0.0 13372.0 58.0 26535.0 0.08104196816208392
34 36 43 0.0 0.0 1648.0 0.0 12911.0 40.0 23906.0 0.08455638098689376
34 36 44 0.0 0.0 1096.0 0.0 13407.0 46.0 10587.0 0.08488964346349745
34 36 45 0.0 0.0 864.0 0.0 12574.0 22.0 7870.0 0.09061488673139158
34 36 46 0.0 0.0 388.0 0.0 8039.0 21.0 1096.0 0.13442150744119055
34 36 47 0.0 0.0 534.0 0.0 9853.0 18.0 2346.0 0.11307648816735319
34 36 48 0.0 0.0 1.0 0.0 120.0 1.0 0.0 0.6603773584905659
34 37 30 0.0 0.0 0.0 0.0 3.0 0.0 0.0 0.6989515726410384
34 37 31 0.0 0.0 15.0 0.0 411.0 1.0 0.0 0.5773195876288658
34 37 32 0.0 0.0 511.0 0.0 9961.0 19.0 2608.0 0.11230547088079576
34 37 33 0.0 0.0 286.0 0.0 6221.0 19.0 520.0 0.16476403436506998
34 37 34 0.0 0.0 1085.0 0.0 13252.0 42.0 10254.0 0.08578431372549018
34 37 35 0.0 0.0 1076.0 0.0 13450.0 46.0 9693.0 0.08483820143012967
34 37 36 0.0 0.0 2490.0 0.0 11169.0 65.0 48184.0 0.08938262146459809
34 37 37 0.0 0.0 2618.0 0.0 12362.0 57.0 42186.0 0.08246451080874123
34 37 38 0.0 0.0 2757.0 0.0 11874.0 66.0 45191.0 0.08415990381725277
34 37 39 0.0 0.0 2662.0 0.0 13327.0 57.0 36484.0 0.07782101167315175
34 37 40 0.0 0.0 2903.0 0.0 11677.0 63.0 48828.0 0.08439327265055156
34 37 41 0.0 0.0 2538.0 0.0 13026.0 57.0 37690.0 0.07974481658692184
34 37 42 0.0 0.0 2752.0 0.0 11445.0 62.0 50280.0 0.08647847303724751
34 37 43 0.0 0.0 2579.0 0.0 11943.0 66.0 44229.0 0.08473550417624984
34 37 44 0.0 0.0 2067.0 0.0 12243.0 47.0 35490.0 0.08574228319451248
34 37 45 0.0 0.0 1428.0 0.0 13293.0 38.0 18057.0 0.08374708380690314
34 37 46 0.0 0.0 855.0 0.0 12520.0 32.0 6105.0 0.09114583333333333
34 37 47 0.0 0.0 270.0 0.0 6032.0 21.0 461.0 0.16900048285852243
34 37 48 0.0 0.0 50.0 0.0 1265.0 11.0 7.0 0.42372881355932196
34 37 49 0.0 0.0 0.0 0.0 17.0 0.0 0.0 0.694100148735746
34 38 30 0.0 0.0 0.0 0.0 1.0 0.0 0.0 0.6996501749125437
34 38 31 0.0 0.0 36.0 0.0 687.0 8.0 3.0 0.5158437730287397
34 38 32 0.0 0.0 232.0 0.0 5119.0 16.0 286.0 0.19083969465648853
34 38 33 0.0 0.0 458.0 0.0 9198.0 28.0 1651.0 0.12023359670216419
34 38 34 0.0 0.0 1020.0 0.0 13059.0 32.0 10690.0 0.08711885500933415
34 38 35 0.0 0.0 1652.0 0.0 13291.0 41.0 23017.0 0.0826104915324246
34 38 36 0.0 0.0 2345.0 0.0 12704.0 67.0 36177.0 0.08211143695014661
34 38 37 0.0 0.0 2977.0 0.0 12493.0 73.0 44996.0 0.08022003208801283
34 38 38 0.0 0.0 3609.0 0.0 10362.0 79.0 68091.0 0.0876533934385174
34 38 39 0.0 0.0 3258.0 0.0 12680.0 72.0 46420.0 0.07812499999999999
34 38 40 0.0 0.0 3437.0 0.0 11072.0 65.0 58908.0 0.08478682170542635
34 38 41 0.0 0.0 3062.0 0.0 12582.0 64.0 45806.0 0.07934708682838358
34 38 42 0.0 0.0 3035.0 0.0 12139.0 59.0 48347.0 0.0815803274867432
34 38 43 0.0 0.0 2652.0 0.0 12973.0 49.0 38275.0 0.07935608207686203
34 38 44 0.0 0.0 2005.0 0.0 12681.0 52.0 31431.0 0.08391273076000957
34 38 45 0.0 0.0 1353.0 0.0 13847.0 32.0 14521.0 0.08132915069129777
34 38 46 0.0 0.0 1097.0 0.0 13345.0 35.0 11565.0 0.08519442585042292
34 38 47 0.0 0.0 709.0 0.0 11770.0 21.0 5192.0 0.09667840618741799
34 38 48 0.0 0.0 319.0 0.0 6905.0 18.0 630.0 0.15199218325914665
34 38 49 0.0 0.0 0.0 0.0 37.0 0.0 0.0 0.6876227897838899
34 38 50 0.0 0.0 0.0 0.0 2.0 0.0 0.0 0.6993006993006992
34 39 30 0.0 0.0 0.0 0.0 2.0 0.0 0.0 0.6993006993006992
34 39 31 0.0 0.0 3.0 0.0 84.0 0.0 0.0 0.670819357930043
34 39 32 0.0 0.0 42.0 0.0 1007.0 6.0 2.0 0.4600722970752546
34 39 33 0.0 0.0 597.0 0.0 10803.0 22.0 3117.0 0.1045244139166791
34 39 34 0.0 0.0 832.0 0.0 12493.0 19.0 7502.0 0.09131824408062095
34 39 35 0.0 0.0 1637.0 0.0 13909.0 42.0 19864.0 0.07984942679518621
34 39 36 0.0 0.0 3109.0 0.0 9643.0 67.0 68119.0 0.09489595336541719
34 39 37 0.0 0.0 3704.0 0.0 10837.0 79.0 63678.0 0.08466376390904692
34 39 38 0.0 0.0 3979.0 0.0 11564.0 66.0 61197.0 0.07983121400467581
34 39 39 0.0 0.0 4001.0 0.0 11073.0 67.0 63806.0 0.08201523140011716
34 39 40 0.0 0.0 3946.0 0.0 11062.0 74.0 64224.0 0.08241596514982044
34 39 41 0.0 0.0 3146.0 0.0 13716.0 50.0 39305.0 0.07414076153153629
34 39 42 0.0 0.0 3169.0 0.0 11858.0 56.0 50704.0 0.08208736440926413
34 39 43 0.0 0.0 2897.0 0.0 11582.0 69.0 50516.0 0.08488964346349745
34 39 44 0.0 0.0 2328.0 0.0 12299.0 60.0 37474.0 0.08421052631578946
34 39 45 0.0 0.0 2106.0 0.0 12787.0 44.0 32444.0 0.08281083638944751
34 39 46 0.0 0.0 1267.0 0.0 13433.0 30.0 14186.0 0.08381727833323353
34 39 47 0.0 0.0 553.0 0.0 10041.0 27.0 2195.0 0.11134086209638935
34 39 48 0.0 0.0 255.0 0.0 5923.0 16.0 375.0 0.17146356399265153
34 39 49 0.0 0.0 54.0 0.0 1200.0 13.0 4.0 0.43196544276457877
34 40 30 0.0 0.0 0.0 0.0 1.0 0.0 0.0 0.6996501749125437
34 40 31 0.0 0.0 4.0 0.0 72.0 2.0 0.0 0.6750241080038573
34 40 32 0.0 0.0 121.0 0.0 3033.0 15.0 72.0 0.2724265421288188
34 40 33 0.0 0.0 289.0 0.0 7047.0 16.0 845.0 0.15008576329331044
34 40 34 0.0 0.0 1170.0 0.0 13538.0 28.0 12653.0 0.08371703641691082
34 40 35 0.0 0.0 1596.0 0.0 14107.0 45.0 18287.0 0.07913181098801716
34 40 36 0.0 0.0 2838.0 0.0 12315.0 57.0 43778.0 0.081570820952048
34 40 37 0.0 0.0 3800.0 0.0 9958.0 79.0 72007.0 0.08874801901743264
34 40 38 0.0 0.0 3981.0 0.0 7903.0 77.0 93454.0 0.10074841681059298
34 40 39 0.0 0.0 4378.0 0.0 9024.0 79.0 85793.0 0.09095043201455205
34 40 40 0.0 0.0 4178.0 0.0 9952.0 56.0 74949.0 0.08672489623985627
34 40 41 0.0 0.0 3881.0 0.0 10851.0 87.0 64541.0 0.08367200573750895
34 40 42 0.0 0.0 3448.0 0.0 10807.0 80.0 61043.0 0.08619628124615193
34 40 43 0.0 0.0 3056.0 0.0 12256.0 55.0 47229.0 0.0807801050141365
34 40 44 0.0 0.0 2487.0 0.0 12563.0 50.0 39012.0 0.08207292765857661
34 40 45 0.0 0.0 1845.0 0.0 13578.0 37.0 24867.0 0.08035816783377338
34 40 46 0.0 0.0 1348.0 0.0 13282.0 35.0 17295.0 0.08418014551139437
34 40 47 0.0 0.0 654.0 0.0 11625.0 25.0 4441.0 0.09810104407539764
34 40 48 0.0 0.0 159.0 0.0 4008.0 22.0 138.0 0.22775337563038878
34 40 49 0.0 0.0 62.0 0.0 1432.0 14.0 14.0 0.40229885057471254
34 40 50 0.0 0.0 0.0 0.0 4.0 0.0 0.0 0.6986027944111775
34 41 30 0.0 0.0 0.0 0.0 5.0 0.0 0.0 0.6982543640897755
34 41 31 0.0 0.0 0.0 0.0 24.0 0.0 0.0 0.6916996047430829
34 41 32 0.0 0.0 32.0 0.0 991.0 8.0 6.0 0.4643449419568822
34 41 33 0.0 0.0 466.0 0.0 8580.0 27.0 1207.0 0.12704174228675133
34 41 34 0.0 0.0 818.0 0.0 12370.0 38.0 6135.0 0.09228132621448815
34 41 35 0.0 0.0 1439.0 0.0 13989.0 34.0 16272.0 0.08030746285779841
34 41 36 0.0 0.0 2389.0 0.0 13100.0 62.0 34244.0 0.0800869515473943
34 41 37 0.0 0.0 3665.0 0.0 11846.0 71.0 56419.0 0.0798630918425556
34 41 38 0.0 0.0 4332.0 0.0 11543.0 75.0 64645.0 0.07836113287809246
34 41 39 0.0 0.0 4547.0 0.0 9097.0 77.0 86205.0 0.08950262114819076
34 41 40 0.0 0.0 4298.0 0.0 10596.0 81.0 71789.0 0.08285984848484848
34 41 41 0.0 0.0 3504.0 0.0 13017.0 71.0 46811.0 0.07559803445110426
34 41 42 0.0 0.0 3228.0 0.0 12393.0 69.0 48576.0 0.07943713118474806
34 41 43 0.0 0.0 3088.0 0.0 12070.0 65.0 49171.0 0.08158508158508158
34 41 44 0.0 0.0 2659.0 0.0 12681.0 40.0 40680.0 0.08061729816883566
34 41 45 0.0 0.0 1731.0 0.0 13861.0 48.0 21265.0 0.07955449482895782
34 41 46 0.0 0.0 1132.0 0.0 13104.0 20.0 13515.0 0.08609556607834695
34 41 47 0.0 0.0 883.0 0.0 12644.0 24.0 7098.0 0.09018875217419313
34 41 48 0.0 0.0 236.0 0.0 5159.0 20.0 322.0 0.18972760536658081
34 41 49 0.0 0.0 4.0 0.0 229.0 1.0 0.0 0.6272401433691756
34 41 50 0.0 0.0 0.0 0.0 3.0 0.0 0.0 0.6989515726410384
34 42 30 0.0 0.0 0.0 0.0 2.0 0.0 0.0 0.6993006993006992
34 42 31 0.0 0.0 5.0 0.0 118.0 1.0 0.0 0.66006600660066
34 42 32 0.0 0.0 186.0 0.0 4190.0 17.0 150.0 0.22005658597925176
34 42 33 0.0 0.0 705.0 0.0 11366.0 18.0 4128.0 0.09949541610404376
34 42 34 0.0 0.0 1453.0 0.0 13085.0 44.0 19642.0 0.08466888418506198
34 42 35 0.0 0.0 1731.0 0.0 13421.0 37.0 23587.0 0.08154231463684547
34 42 36 0.0 0.0 2248.0 0.0 12845.0 50.0 33848.0 0.08191925102399063
34 42 37 0.0 0.0 3381.0 0.0 11331.0 71.0 57996.0 0.08376712738586728
34 42 38 0.0 0.0 3904.0 0.0 8037.0 75.0 91841.0 0.10037281330656724
34 42 39 0.0 0.0 3758.0 0.0 8020.0 71.0 89282.0 0.10161863976192204
34 42 40 0.0 0.0 3966.0 0.0 10573.0 74.0 68819.0 0.08466888418506198
34 42 41 0.0 0.0 3614.0 0.0 11887.0 73.0 54654.0 0.08004574042309891
34 42 42 0.0 0.0 3566.0 0.0 11380.0 93.0 57820.0 0.0826739104759655
34 42 43 0.0 0.0 3084.0 0.0 11906.0 66.0 49600.0 0.08248880509073768
34 42 44 0.0 0.0 2457.0 0.0 12764.0 67.0 38220.0 0.0812724950655985
34 42 45 0.0 0.0 1891.0 0.0 13183.0 51.0 26775.0 0.08202003632315893
34 42 46 0.0 0.0 1162.0 0.0 13536.0 39.0 11646.0 0.08389261744966442
34 42 47 0.0 0.0 621.0 0.0 11170.0 24.0 3899.0 0.10157440325038089
34 42 48 0.0 0.0 179.0 0.0 4951.0 11.0 330.0 0.19660160089875017
34 42 49 0.0 0.0 0.0 0.0 35.0 0.0 0.0 0.6879606879606879
34 43 30 0.0 0.0 0.0 0.0 2.0 0.0 0.0 0.6993006993006992
34 43 31 0.0 0.0 5.0 0.0 131.0 0.0 0.0 0.6554307116104868
34 43 32 0.0 0.0 69.0 0.0 1729.0 8.0 17.0 0.3693931398416886
34 43 33 0.0 0.0 510.0 0.0 9678.0 23.0 1975.0 0.1149614058137625
34 43 34 0.0 0.0 618.0 0.0 10950.0 25.0 3642.0 0.10330578512396693
34 43 35 0.0 0.0 1380.0 0.0 13416.0 46.0 18615.0 0.08339786739739083
34 43 36 0.0 0.0 1820.0 0.0 13044.0 51.0 27458.0 0.08301215535131928
34 43 37 0.0 0.0 2962.0 0.0 11052.0 62.0 54042.0 0.08736349453978158
34 43 38 0.0 0.0 3217.0 0.0 11968.0 64.0 50924.0 0.08147587732060757
34 43 39 0.0 0.0 3377.0 0.0 12700.0 81.0 48649.0 0.07751079614660612
34 43 40 0.0 0.0 3468.0 0.0 11745.0 79.0 55456.0 0.08123476848090982
34 43 41 0.0 0.0 3551.0 0.0 11003.0 68.0 59935.0 0.08451044307618012
34 43 42 0.0 0.0 3444.0 0.0 10783.0 63.0 59917.0 0.08619097457366248
34 43 43 0.0 0.0 2757.0 0.0 12273.0 70.0 44741.0 0.0822610024090722
34 43 44 0.0 0.0 1683.0 0.0 14103.0 31.0 19840.0 0.078691473216795
34 43 45 0.0 0.0 1599.0 0.0 13884.0 41.0 19211.0 0.080132791483029
34 43 46 0.0 0.0 1422.0 0.0 13333.0 36.0 18654.0 0.0834824090638044
34 43 47 0.0 0.0 309.0 0.0 7020.0 24.0 701.0 0.1503597894962947
34 43 48 0.0 0.0 64.0 0.0 1690.0 11.0 15.0 0.3739316239316239
34 43 49 0.0 0.0 3.0 0.0 93.0 0.0 0.0 0.668896321070234
34 44 31 0.0 0.0 1.0 0.0 59.0 1.0 0.0 0.6799417192812044
34 44 32 0.0 0.0 130.0 0.0 2860.0 16.0 58.0 0.2814636107760353
34 44 33 0.0 0.0 181.0 0.0 4307.0 19.0 153.0 0.21638330757341573
34 44 34 0.0 0.0 746.0 0.0 12006.0 31.0 5107.0 0.0950312245452077
34 44 35 0.0 0.0 991.0 0.0 13104.0 26.0 9840.0 0.08697813121272366
34 44 36 0.0 0.0 1203.0 0.0 13633.0 38.0 13503.0 0.0831551437396056
34 44 37 0.0 0.0 1851.0 0.0 13968.0 48.0 22714.0 0.07861635220125786
34 44 38 0.0 0.0 2307.0 0.0 13346.0 54.0 32126.0 0.07936507936507936
34 44 39 0.0 0.0 2411.0 0.0 13072.0 52.0 34835.0 0.08010528122675516
34 44 40 0.0 0.0 2392.0 0.0 13556.0 65.0 33471.0 0.07799008411787643
34 44 41 0.0 0.0 2742.0 0.0 11450.0 52.0 47973.0 0.08641441886303314
34 44 42 0.0 0.0 2156.0 0.0 13474.0 51.0 29619.0 0.07937407869372944
34 44 43 0.0 0.0 2538.0 0.0 11712.0 64.0 45185.0 0.08617505847593253
34 44 44 0.0 0.0 1731.0 0.0 13533.0 49.0 23095.0 0.08111709832551132
34 44 45 0.0 0.0 1350.0 0.0 13602.0 36.0 16014.0 0.08260074340669064
34 44 46 0.0 0.0 1085.0 0.0 13121.0 28.0 12042.0 0.08637176877043617
34 44 47 0.0 0.0 639.0 0.0 11357.0 30.0 4153.0 0.100150225338007
34 44 48 0.0 0.0 222.0 0.0 4949.0 19.0 236.0 0.1956947162426614
34 44 49 0.0 0.0 1.0 0.0 67.0 0.0 0.0 0.6769825918762088
34 44 50 0.0 0.0 0.0 0.0 1.0 0.0 0.0 0.6996501749125437
34 45 31 0.0 0.0 0.0 0.0 7.0 0.0 0.0 0.6975585450921773
34 45 32 0.0 0.0 0.0 0.0 54.0 0.0 0.0 0.6819288845591815
34 45 33 0.0 0.0 94.0 0.0 1824.0 13.0 15.0 0.35851472471190776
34 45 34 0.0 0.0 189.0 0.0 4398.0 13.0 169.0 0.21292775665399238
34 45 35 0.0 0.0 917.0 0.0 12763.0 26.0 6928.0 0.08930849706557793
34 45 36 0.0 0.0 1188.0 0.0 13159.0 32.0 13727.0 0.08561120283739986
34 45 37 0.0 0.0 1157.0 0.0 13727.0 28.0 11773.0 0.08294330232833698
34 45 38 0.0 0.0 1472.0 0.0 13563.0 36.0 18931.0 0.08217891523831884
34 45 39 0.0 0.0 1341.0 0.0 13774.0 29.0 14545.0 0.08176137359107633
34 45 40 0.0 0.0 1582.0 0.0 13956.0 38.0 17815.0 0.07979481333713308
34 45 41 0.0 0.0 2307.0 0.0 11872.0 60.0 41126.0 0.08656402646385951
34 45 42 0.0 0.0 1662.0 0.0 13260.0 57.0 23767.0 0.08277166844034527
34 45 43 0.0 0.0 1685.0 0.0 13756.0 45.0 20797.0 0.08029825064525378
34 45 44 0.0 0.0 981.0 0.0 13239.0 31.0 8918.0 0.08638775762063432
34 45 45 0.0 0.0 820.0 0.0 12366.0 30.0 5919.0 0.09222661396574439
34 45 46 0.0 0.0 382.0 0.0 8027.0 16.0 1061.0 0.13464127716868626
34 45 47 0.0 0.0 727.0 0.0 11909.0 24.0 5130.0 0.09571995077259672
34 45 48 0.0 0.0 458.0 0.0 9170.0 23.0 1694.0 0.12051304123267624
34 45 49 0.0 0.0 68.0 0.0 1596.0 4.0 21.0 0.38272279934390374
34 45 50 0.0 0.0 0.0 0.0 1.0 0.0 0.0 0.6996501749125437
34 46 31 0.0 0.0 0.0 0.0 1.0 0.0 0.0 0.6996501749125437
34 46 32 0.0 0.0 0.0 0.0 7.0 0.0 0.0 0.6975585450921773
34 46 33 0.0 0.0 0.0 0.0 48.0 0.0 0.0 0.6835937499999999
34 46 34 0.0 0.0 17.0 0.0 569.0 7.0 1.0 0.5428460643660332
34 46 35 0.0 0.0 426.0 0.0 8440.0 22.0 1316.0 0.12899659080438586
34 46 36 0.0 0.0 651.0 0.0 11282.0 27.0 3850.0 0.10061085159899388
34 46 37 0.0 0.0 646.0 0.0 11145.0 27.0 3494.0 0.10161863976192204
34 46 38 0.0 0.0 937.0 0.0 13108.0 33.0 7460.0 0.08729267988527246
34 46 39 0.0 0.0 1206.0 0.0 13631.0 28.0 13060.0 0.08318973201022044
34 46 40 0.0 0.0 1343.0 0.0 13416.0 28.0 16625.0 0.08353720389044691
34 46 41 0.0 0.0 1078.0 0.0 13543.0 40.0 9771.0 0.08430180044559522
34 46 42 0.0 0.0 1051.0 0.0 13424.0 29.0 9860.0 0.08498239650358139
34 46 43 0.0 0.0 941.0 0.0 13144.0 27.0 7779.0 0.08708092305778439
34 46 44 0.0 0.0 840.0 0.0 12503.0 30.0 5867.0 0.09133611691022964
34 46 45 0.0 0.0 743.0 0.0 11898.0 30.0 5044.0 0.09573958831977022
34 46 46 0.0 0.0 336.0 0.0 7498.0 17.0 849.0 0.14255167498218102
34 46 47 0.0 0.0 74.0 0.0 1915.0 15.0 27.0 0.35237855524792344
34 46 48 0.0 0.0 48.0 0.0 1210.0 12.0 7.0 0.43130006161429446
34 46 49 0.0 0.0 34.0 0.0 882.0 6.0 2.0 0.48093438680865674
34 46 50 0.0 0.0 0.0 0.0 1.0 0.0 0.0 0.6996501749125437
34 47 33 0.0 0.0 1.0 0.0 23.0 0.0 0.0 0.6916996047430829
34 47 34 0.0 0.0 14.0 0.0 167.0 3.0 0.0 0.6427915518824608
34 47 35 0.0 0.0 17.0 0.0 508.0 3.0 1.0 0.5551149881046787
34 47 36 0.0 0.0 71.0 0.0 1918.0 12.0 29.0 0.351935646053293
34 47 37 0.0 0.0 239.0 0.0 5996.0 10.0 423.0 0.17015070491006318
34 47 38 0.0 0.0 881.0 0.0 12629.0 36.0 7876.0 0.0903750564844103
34 47 39 0.0 0.0 1030.0 0.0 12717.0 33.0 12076.0 0.08891146957957576
34 47 40 0.0 0.0 1048.0 0.0 12928.0 26.0 11030.0 0.08769182586908862
34 47 41 0.0 0.0 803.0 0.0 12185.0 29.0 6934.0 0.09345794392523364
34 47 42 0.0 0.0 637.0 0.0 10771.0 23.0 2949.0 0.10450880859958196
34 47 43 0.0 0.0 658.0 0.0 11292.0 20.0 4462.0 0.10042321210817012
34 47 44 0.0 0.0 300.0 0.0 6640.0 27.0 560.0 0.15705631590756114
34 47 45 0.0 0.0 398.0 0.0 8331.0 30.0 1154.0 0.13081666978134926
34 47 46 0.0 0.0 80.0 0.0 2016.0 14.0 24.0 0.3429691327780499
34 47 47 0.0 0.0 65.0 0.0 1769.0 7.0 16.0 0.3660130718954248
34 47 48 0.0 0.0 0.0 0.0 4.0 0.0 0.0 0.6986027944111775
34 48 34 0.0 0.0 0.0 0.0 10.0 0.0 0.0 0.6965174129353233
34 48 35 0.0 0.0 3.0 0.0 31.0 1.0 0.0 0.6886374815543531
34 48 36 0.0 0.0 8.0 0.0 453.0 1.0 1.0 0.5691056910569106
34 48 37 0.0 0.0 213.0 0.0 5386.0 21.0 368.0 0.1846478501714587
34 48 38 0.0 0.0 560.0 0.0 10271.0 19.0 2478.0 0.10916179337231968
34 48 39 0.0 0.0 486.0 0.0 9101.0 25.0 1528.0 0.12096077414895454
34 48 40 0.0 0.0 186.0 0.0 5034.0 22.0 307.0 0.19449847179772156
34 48 41 0.0 0.0 122.0 0.0 3240.0 16.0 82.0 0.2619760479041916
34 48 42 0.0 0.0 183.0 0.0 4168.0 19.0 173.0 0.2209595959595959
34 48 43 0.0 0.0 69.0 0.0 1985.0 11.0 30.0 0.3462775166955231
34 48 44 0.0 0.0 12.0 0.0 425.0 1.0 1.0 0.5744768157570782
34 48 45 0.0 0.0 48.0 0.0 837.0 9.0 3.0 0.4867872044506258
34 48 46 0.0 0.0 16.0 0.0 344.0 4.0 0.0 0.5942275042444821
34 48 47 0.0 0.0 2.0 0.0 36.0 1.0 0.0 0.6872852233676975
34 48 48 0.0 0.0 0.0 0.0 2.0 0.0 0.0 0.6993006993006992
34 49 36 0.0 0.0 0.0 0.0 29.0 0.0 0.0 0.6899950714637751
34 49 37 0.0 0.0 5.0 0.0 114.0 2.0 0.0 0.661625708884688
34 49 38 0.0 0.0 22.0 0.0 969.0 2.0 7.0 0.46838407494145196
34 49 39 0.0 0.0 105.0 0.0 2247.0 16.0 32.0 0.3228782287822878
34 49 40 0.0 0.0 54.0 0.0 1340.0 8.0 11.0 0.41334514319456744
34 49 41 0.0 0.0 11.0 0.0 301.0 6.0 0.0 0.6071118820468342
34 49 42 0.0 0.0 9.0 0.0 295.0 3.0 1.0 0.6084311169056931
34 49 43 0.0 0.0 5.0 0.0 62.0 1.0 0.0 0.6776379477250725
34 49 44 0.0 0.0 0.0 0.0 23.0 0.0 0.0 0.6920415224913494
34 49 45 0.0 0.0 0.0 0.0 23.0 0.0 0.0 0.6920415224913494
34 49 46 0.0 0.0 0.0 0.0 4.0 0.0 0.0 0.6986027944111775
34 49 47 0.0 0.0 0.0 0.0 1.0 0.0 0.0 0.6996501749125437
34 50 36 0.0 0.0 5.0 0.0 233.0 3.0 0.0 0.6263982102908277
34 50 37 0.0 0.0 0.0 0.0 7.0 1.0 0.0 0.6979062811565303
34 50 38 0.0 0.0 0.0 0.0 5.0 0.0 0.0 0.6982543640897755
34 50 39 0.0 0.0 0.0 0.0 5.0 0.0 0.0 0.6982543640897755
34 50 40 0.0 0.0 0.0 0.0 3.0 0.0 0.0 0.6989515726410384
34 50 41 0.0 0.0 0.0 0.0 2.0 0.0 0.0 0.6993006993006992
34 50 43 0.0 0.0 0.0 0.0 1.0 0.0 0.0 0.6996501749125437
35 29 37 0.0 0.0 0.0 0.0 1.0 0.0 0.0 0.6996501749125437
35 29 38 0.0 0.0 0.0 0.0 2.0 0.0 0.0 0.6993006993006992
35 30 33 0.0 0.0 1.0 0.0 5.0 0.0 0.0 0.6979062811565303
35 30 35 0.0 0.0 0.0 0.0 4.0 0.0 0.0 0.6986027944111775
35 30 36 0.0 0.0 0.0 0.0 10.0 0.0 0.0 0.6965174129353233
35 30 37 0.0 0.0 1.0 0.0 83.0 0.0 0.0 0.6717850287907868
35 30 38 0.0 0.0 0.0 0.0 27.0 0.0 0.0 0.6906758756783422
35 30 39 0.0 0.0 5.0 0.0 142.0 0.0 0.0 0.6520726595249184
35 30 40 0.0 0.0 0.0 0.0 3.0 0.0 0.0 0.6989515726410384
35 30 41 0.0 0.0 0.0 0.0 11.0 0.0 0.0 0.6961710591745399
35 30 42 0.0 0.0 0.0 0.0 11.0 0.0 0.0 0.6961710591745399
35 30 43 0.0 0.0 1.0 0.0 10.0 0.0 0.0 0.6961710591745399
35 31 32 0.0 0.0 18.0 0.0 392.0 5.0 0.0 0.582120582120582
35 31 33 0.0 0.0 0.0 0.0 16.0 0.0 0.0 0.6944444444444444
35 31 34 0.0 0.0 113.0 0.0 2912.0 15.0 71.0 0.279441117764471
35 31 35 0.0 0.0 14.0 0.0 260.0 4.0 0.0 0.6170118995152049
35 31 36 0.0 0.0 24.0 0.0 606.0 6.0 1.0 0.5335365853658536
35 31 37 0.0 0.0 199.0 0.0 4147.0 19.0 138.0 0.2212389380530973
35 31 38 0.0 0.0 282.0 0.0 5486.0 20.0 288.0 0.18057526118921705
35 31 39 0.0 0.0 211.0 0.0 4697.0 26.0 213.0 0.20337013364323064
35 31 40 0.0 0.0 2.0 0.0 223.0 2.0 0.0 0.6297795771479981
35 31 41 0.0 0.0 34.0 0.0 1137.0 5.0 8.0 0.44219835754895764
35 31 42 0.0 0.0 61.0 0.0 1352.0 13.0 7.0 0.41176470588235287
35 31 43 0.0 0.0 46.0 0.0 1284.0 8.0 7.0 0.42143287176399746
35 31 44 0.0 0.0 1.0 0.0 51.0 0.0 0.0 0.6822612085769979
35 31 45 0.0 0.0 0.0 0.0 2.0 0.0 0.0 0.6993006993006992
35 32 30 0.0 0.0 0.0 0.0 1.0 0.0 0.0 0.6996501749125437
35 32 31 0.0 0.0 0.0 0.0 2.0 0.0 0.0 0.6993006993006992
35 32 32 0.0 0.0 1.0 0.0 40.0 0.0 0.0 0.6859382655560998
35 32 33 0.0 0.0 125.0 0.0 2908.0 14.0 57.0 0.2788844621513944
35 32 34 0.0 0.0 207.0 0.0 4473.0 21.0 174.0 0.21021021021021016
35 32 35 0.0 0.0 215.0 0.0 4746.0 25.0 185.0 0.20178725857595847
35 32 36 0.0 0.0 310.0 0.0 6672.0 26.0 606.0 0.15621513055121622
35 32 37 0.0 0.0 553.0 0.0 10301.0 21.0 2971.0 0.10888163011354797
35 32 38 0.0 0.0 699.0 0.0 11651.0 26.0 4188.0 0.09760178471834911
35 32 39 0.0 0.0 587.0 0.0 10433.0 40.0 2819.0 0.10770059235325792
35 32 40 0.0 0.0 504.0 0.0 10015.0 23.0 2619.0 0.11197312644965207
35 32 41 0.0 0.0 197.0 0.0 5012.0 13.0 286.0 0.1944174420219414
35 32 42 0.0 0.0 173.0 0.0 3793.0 19.0 124.0 0.23541281318311752
35 32 43 0.0 0.0 433.0 0.0 9645.0 18.0 2499.0 0.11597084161696486
35 32 44 0.0 0.0 3.0 0.0 261.0 3.0 0.0 0.6194690265486725
35 32 45 0.0 0.0 143.0 0.0 3167.0 23.0 67.0 0.2646002646002646
35 32 46 0.0 0.0 0.0 0.0 29.0 0.0 0.0 0.6899950714637751
35 32 47 0.0 0.0 0.0 0.0 13.0 0.0 0.0 0.695479384003974
35 32 48 0.0 0.0 0.0 0.0 2.0 0.0 0.0 0.6993006993006992
35 33 30 0.0 0.0 0.0 0.0 7.0 0.0 0.0 0.6975585450921773
35 33 31 0.0 0.0 0.0 0.0 55.0 0.0 0.0 0.6812652068126519
35 33 32 0.0 0.0 183.0 0.0 4041.0 18.0 113.0 0.22562449637389198
35 33 33 0.0 0.0 279.0 0.0 5817.0 25.0 396.0 0.17337461300309592
35 33 34 0.0 0.0 372.0 0.0 8085.0 25.0 1240.0 0.13418959072174827
35 33 35 0.0 0.0 634.0 0.0 11281.0 27.0 3939.0 0.10071217897992948
35 33 36 0.0 0.0 815.0 0.0 12290.0 33.0 6423.0 0.09277052547876216
35 33 37 0.0 0.0 470.0 0.0 9508.0 24.0 1941.0 0.11705685618729096
35 33 38 0.0 0.0 739.0 0.0 12176.0 28.0 5507.0 0.09393451422436928
35 33 39 0.0 0.0 983.0 0.0 12977.0 21.0 8530.0 0.08765888172312315
35 33 40 0.0 0.0 528.0 0.0 9810.0 25.0 2058.0 0.11359948068808828
35 33 41 0.0 0.0 926.0 0.0 12845.0 31.0 8162.0 0.08877615726062142
35 33 42 0.0 0.0 663.0 0.0 11364.0 29.0 3666.0 0.09990722900164133
35 33 43 0.0 0.0 431.0 0.0 8555.0 18.0 1404.0 0.1275742664479679
35 33 44 0.0 0.0 466.0 0.0 8694.0 24.0 1302.0 0.12560559842095817
35 33 45 0.0 0.0 238.0 0.0 5047.0 24.0 251.0 0.19278435692646653
35 33 46 0.0 0.0 176.0 0.0 4096.0 24.0 168.0 0.22399999999999998
35 33 47 0.0 0.0 214.0 0.0 5268.0 13.0 374.0 0.1872909698996655
35 33 48 0.0 0.0 77.0 0.0 1934.0 12.0 33.0 0.35008752188047004
35 33 49 0.0 0.0 0.0 0.0 1.0 0.0 0.0 0.6996501749125437
35 34 30 0.0 0.0 4.0 0.0 67.0 1.0 0.0 0.6763285024154588
35 34 31 0.0 0.0 2.0 0.0 225.0 0.0 1.0 0.6286484059272563
35 34 32 0.0 0.0 229.0 0.0 4709.0 27.0 223.0 0.20245842371655817
35 34 33 0.0 0.0 319.0 0.0 6745.0 19.0 597.0 0.15473032714412022
35 34 34 0.0 0.0 527.0 0.0 9695.0 28.0 1837.0 0.11470708725931994
35 34 35 0.0 0.0 617.0 0.0 11151.0 28.0 3747.0 0.10179597178797352
35 34 36 0.0 0.0 1074.0 0.0 13448.0 29.0 10239.0 0.08467912659529425
35 34 37 0.0 0.0 1592.0 0.0 12370.0 52.0 26741.0 0.08773578993545152
35 34 38 0.0 0.0 1288.0 0.0 13531.0 42.0 14571.0 0.08330853912526033
35 34 39 0.0 0.0 1444.0 0.0 13456.0 40.0 18702.0 0.08282063416942734
35 34 40 0.0 0.0 1359.0 0.0 13634.0 40.0 16372.0 0.0824353765530236
35 34 41 0.0 0.0 1448.0 0.0 13413.0 37.0 18097.0 0.08301215535131928
35 34 42 0.0 0.0 1272.0 0.0 13504.0 21.0 14564.0 0.08341277407054336
35 34 43 0.0 0.0 853.0 0.0 12531.0 31.0 8124.0 0.09111024339450735
35 34 44 0.0 0.0 980.0 0.0 13149.0 36.0 8229.0 0.0868540232024319
35 34 45 0.0 0.0 430.0 0.0 8910.0 29.0 1488.0 0.12369676621311183
35 34 46 0.0 0.0 258.0 0.0 5492.0 17.0 305.0 0.18101887768295832
35 34 47 0.0 0.0 41.0 0.0 1035.0 10.0 5.0 0.4569190600522193
35 34 48 0.0 0.0 17.0 0.0 438.0 6.0 0.0 0.5716619028174764
35 34 49 0.0 0.0 0.0 0.0 2.0 0.0 0.0 0.6993006993006992
35 35 30 0.0 0.0 0.0 0.0 13.0 0.0 0.0 0.695479384003974
35 35 31 0.0 0.0 228.0 0.0 5166.0 17.0 271.0 0.18970189701897017
35 35 32 0.0 0.0 126.0 0.0 3015.0 14.0 52.0 0.2730109204368174
35 35 33 0.0 0.0 651.0 0.0 11397.0 33.0 3594.0 0.09983598374099692
35 35 34 0.0 0.0 524.0 0.0 9842.0 27.0 1790.0 0.11335114565622215
35 35 35 0.0 0.0 1254.0 0.0 13375.0 35.0 14777.0 0.08424599831508003
35 35 36 0.0 0.0 2231.0 0.0 12794.0 55.0 33605.0 0.08220304151253595
35 35 37 0.0 0.0 2306.0 0.0 12466.0 62.0 37712.0 0.08343763037129745
35 35 38 0.0 0.0 2749.0 0.0 12019.0 46.0 45226.0 0.08342271481349063
35 35 39 0.0 0.0 2540.0 0.0 12474.0 53.0 39772.0 0.08224167303060564
35 35 40 0.0 0.0 2410.0 0.0 13234.0 70.0 34293.0 0.07936957877430692
35 35 41 0.0 0.0 2275.0 0.0 12756.0 54.0 35324.0 0.08216444627032102
35 35 42 0.0 0.0 1999.0 0.0 13617.0 61.0 26905.0 0.07949125596184418
35 35 43 0.0 0.0 1556.0 0.0 13309.0 45.0 20994.0 0.0830367734282325
35 35 44 0.0 0.0 1143.0 0.0 13525.0 27.0 10375.0 0.08397312859884835
35 35 45 0.0 0.0 870.0 0.0 12419.0 28.0 8713.0 0.09161704076958313
35 35 46 0.0 0.0 282.0 0.0 6220.0 18.0 525.0 0.1649970536240424
35 35 47 0.0 0.0 111.0 0.0 2742.0 17.0 60.0 0.28943560057887113
35 35 48 0.0 0.0 18.0 0.0 566.0 5.0 2.0 0.5428460643660332
35 35 49 0.0 0.0 0.0 0.0 4.0 0.0 0.0 0.6986027944111775
35 36 30 0.0 0.0 6.0 0.0 122.0 1.0 0.0 0.6582040432534085
35 36 31 0.0 0.0 160.0 0.0 3897.0 12.0 144.0 0.2315580549123387
35 36 32 0.0 0.0 241.0 0.0 5730.0 16.0 360.0 0.1759457081814754
35 36 33 0.0 0.0 813.0 0.0 12376.0 20.0 7035.0 0.09216589861751151
35 36 34 0.0 0.0 703.0 0.0 12087.0 27.0 5269.0 0.09471618970299708
35 36 35 0.0 0.0 1539.0 0.0 13571.0 46.0 17833.0 0.08182349503214494
35 36 36 0.0 0.0 2282.0 0.0 12841.0 67.0 33731.0 0.08177570093457943
35 36 37 0.0 0.0 2844.0 0.0 12529.0 72.0 43175.0 0.08064516129032258
35 36 38 0.0 0.0 3498.0 0.0 10870.0 62.0 61629.0 0.08541793776693105
35 36 39 0.0 0.0 3609.0 0.0 11715.0 66.0 55259.0 0.08077078405353948
35 36 40 0.0 0.0 3620.0 0.0 9120.0 58.0 76927.0 0.09490238611713664
35 36 41 0.0 0.0 3263.0 0.0 11985.0 74.0 50924.0 0.08115942028985507
35 36 42 0.0 0.0 2870.0 0.0 12023.0 68.0 46352.0 0.08290400900100668
35 36 43 0.0 0.0 2117.0 0.0 12891.0 59.0 31728.0 0.082382017182535
35 36 44 0.0 0.0 2140.0 0.0 12103.0 63.0 35626.0 0.08623875816188246
35 36 45 0.0 0.0 954.0 0.0 13101.0 29.0 7159.0 0.08725459644749142
35 36 46 0.0 0.0 392.0 0.0 8026.0 27.0 1079.0 0.13469309216855876
35 36 47 0.0 0.0 480.0 0.0 9759.0 25.0 2047.0 0.11457566085604386
35 36 48 0.0 0.0 76.0 0.0 1679.0 10.0 17.0 0.3739316239316239
35 36 49 0.0 0.0 7.0 0.0 111.0 1.0 0.0 0.661625708884688
35 36 50 0.0 0.0 0.0 0.0 5.0 0.0 0.0 0.6982543640897755
35 37 30 0.0 0.0 3.0 0.0 88.0 0.0 0.0 0.669536107125777
35 37 31 0.0 0.0 29.0 0.0 900.0 7.0 3.0 0.47928791509756924
35 37 32 0.0 0.0 445.0 0.0 8512.0 23.0 1239.0 0.127959053103007
35 37 33 0.0 0.0 1052.0 0.0 13127.0 33.0 10808.0 0.08653727283965879
35 37 34 0.0 0.0 900.0 0.0 12818.0 32.0 7653.0 0.0891208861162391
35 37 35 0.0 0.0 1676.0 0.0 13548.0 40.0 21957.0 0.08129137150156776
35 37 36 0.0 0.0 2817.0 0.0 13046.0 53.0 39675.0 0.07836113287809246
35 37 37 0.0 0.0 3601.0 0.0 12086.0 69.0 53495.0 0.07906031172351478
35 37 38 0.0 0.0 4112.0 0.0 10130.0 66.0 73348.0 0.08618566855454321
35 37 39 0.0 0.0 4368.0 0.0 10642.0 65.0 70186.0 0.08227067050596462
35 37 40 0.0 0.0 4451.0 0.0 10668.0 73.0 71677.0 0.0816374132602484
35 37 41 0.0 0.0 4206.0 0.0 10933.0 75.0 66091.0 0.08176137359107633
35 37 42 0.0 0.0 3552.0 0.0 12136.0 80.0 52882.0 0.079225850263143
35 37 43 0.0 0.0 3049.0 0.0 11689.0 73.0 51489.0 0.08364201218783605
35 37 44 0.0 0.0 1787.0 0.0 14531.0 44.0 19474.0 0.07641087217552668
35 37 45 0.0 0.0 1679.0 0.0 13238.0 40.0 23423.0 0.08270809948602822
35 37 46 0.0 0.0 1271.0 0.0 13419.0 39.0 15198.0 0.08386748936680044
35 37 47 0.0 0.0 427.0 0.0 8801.0 23.0 1414.0 0.12492192379762647
35 37 48 0.0 0.0 93.0 0.0 2384.0 15.0 25.0 0.31376064545047055
35 37 49 0.0 0.0 8.0 0.0 219.0 3.0 0.0 0.6294964028776977
35 37 50 0.0 0.0 0.0 0.0 10.0 0.0 0.0 0.6965174129353233
35 38 30 0.0 0.0 1.0 0.0 54.0 0.0 0.0 0.6812652068126519
35 38 31 0.0 0.0 6.0 0.0 290.0 4.0 0.0 0.6108202443280977
35 38 32 0.0 0.0 204.0 0.0 4480.0 22.0 194.0 0.21017865185407594
35 38 33 0.0 0.0 816.0 0.0 12411.0 35.0 6583.0 0.09206892016309351
35 38 34 0.0 0.0 1156.0 0.0 13493.0 34.0 13036.0 0.08414472893376607
35 38 35 0.0 0.0 2177.0 0.0 12156.0 50.0 37123.0 0.08573703227386857
35 38 36 0.0 0.0 3091.0 0.0 12462.0 58.0 47247.0 0.0797857183564142
35 38 37 0.0 0.0 3929.0 0.0 7947.0 72.0 93028.0 0.1009009009009009
35 38 38 0.0 0.0 4923.0 0.0 10494.0 95.0 76300.0 0.08041355542791498
35 38 39 0.0 0.0 5067.0 0.0 10531.0 85.0 76533.0 0.07953189797193659
35 38 40 0.0 0.0 5242.0 0.0 9725.0 94.0 83642.0 0.08259587020648966
35 38 41 0.0 0.0 4897.0 0.0 9213.0 65.0 85969.0 0.08680555555555555
35 38 42 0.0 0.0 4286.0 0.0 9267.0 91.0 81535.0 0.0900842931600283
35 38 43 0.0 0.0 3913.0 0.0 9830.0 86.0 74373.0 0.088984936121528
35 38 44 0.0 0.0 2848.0 0.0 12391.0 60.0 44710.0 0.08115001159285878
35 38 45 0.0 0.0 2185.0 0.0 12696.0 51.0 33948.0 0.08290891863081841
35 38 46 0.0 0.0 1123.0 0.0 13490.0 30.0 11262.0 0.08426120975022569
35 38 47 0.0 0.0 569.0 0.0 10653.0 25.0 2710.0 0.10602044680045436
35 38 48 0.0 0.0 151.0 0.0 3268.0 13.0 71.0 0.25892361753282783
35 38 49 0.0 0.0 26.0 0.0 572.0 7.0 1.0 0.5405405405405405
35 38 50 0.0 0.0 0.0 0.0 7.0 0.0 0.0 0.6975585450921773
35 39 29 0.0 0.0 0.0 0.0 1.0 0.0 0.0 0.6996501749125437
35 39 30 0.0 0.0 2.0 0.0 23.0 0.0 0.0 0.6913580246913579
35 39 31 0.0 0.0 18.0 0.0 495.0 4.0 1.0 0.5584363781412045
35 39 32 0.0 0.0 280.0 0.0 6285.0 17.0 489.0 0.1637618434904667
35 39 33 0.0 0.0 804.0 0.0 12373.0 34.0 5855.0 0.09232392508572936
35 39 34 0.0 0.0 1292.0 0.0 13216.0 37.0 16457.0 0.08476628723661903
35 39 35 0.0 0.0 2157.0 0.0 13155.0 62.0 32540.0 0.08083607598591142
35 39 36 0.0 0.0 3311.0 0.0 11722.0 75.0 52995.0 0.08225133658421949
35 39 37 0.0 0.0 4487.0 0.0 8565.0 66.0 92461.0 0.0929244656843223
35 39 38 0.0 0.0 5161.0 0.0 7486.0 82.0 106674.0 0.09561535309383963
35 39 39 0.0 0.0 5431.0 0.0 8011.0 83.0 102267.0 0.09063835297164313
35 39 40 0.0 0.0 5555.0 0.0 8542.0 88.0 97814.0 0.08709175738724727
35 39 41 0.0 0.0 5289.0 0.0 9301.0 83.0 88783.0 0.08437801350048216
35 39 42 0.0 0.0 5096.0 1.0 9086.0 68.0 88389.0 0.08641975308641973
35 39 43 0.0 0.0 4407.0 0.0 9394.0 100.0 83117.0 0.0887648998224702
35 39 44 0.0 0.0 3473.0 0.0 10904.0 73.0 60551.0 0.08543357539513027
35 39 45 0.0 0.0 2415.0 0.0 12907.0 50.0 35619.0 0.0807801050141365
35 39 46 0.0 0.0 1153.0 0.0 13589.0 35.0 10992.0 0.08363701535336639
35 39 47 0.0 0.0 856.0 0.0 12660.0 35.0 6690.0 0.09028763059460854
35 39 48 0.0 0.0 228.0 0.0 5100.0 22.0 300.0 0.1915708812260536
35 39 49 0.0 0.0 89.0 0.0 2276.0 12.0 24.0 0.32154340836012857
35 39 50 0.0 0.0 0.0 0.0 4.0 0.0 0.0 0.6986027944111775
35 40 29 0.0 0.0 0.0 0.0 1.0 0.0 0.0 0.6996501749125437
35 40 30 0.0 0.0 9.0 0.0 81.0 2.0 0.0 0.6704980842911876
35 40 31 0.0 0.0 81.0 0.0 1975.0 12.0 21.0 0.3462775166955231
35 40 32 0.0 0.0 200.0 0.0 5084.0 16.0 294.0 0.19259870683725405
35 40 33 0.0 0.0 711.0 0.0 11585.0 26.0 4159.0 0.0980254866265229
35 40 34 0.0 0.0 959.0 0.0 13232.0 28.0 7963.0 0.08652657601977749
35 40 35 0.0 0.0 2067.0 0.0 12951.0 52.0 31558.0 0.08228034087569791
35 40 36 0.0 0.0 3181.0 0.0 13112.0 56.0 43700.0 0.07656130372962922
35 40 37 0.0 0.0 4634.0 0.0 9565.0 75.0 82742.0 0.08631319358816275
35 40 38 0.0 0.0 5367.0 0.0 7828.0 83.0 104614.0 0.09222661396574439
35 40 39 0.0 0.0 5009.0 0.0 5918.0 55.0 121946.0 0.1081164568692563
35 40 40 0.0 0.0 5965.0 0.0 8455.0 77.0 100717.0 0.08528784648187633
35 40 41 0.0 1.0 5765.0 0.0 9268.0 68.0 91367.0 0.08216926869350862
35 40 42 0.0 0.0 5179.0 0.0 9071.0 83.0 91553.0 0.08615914825527723
35 40 43 0.0 0.0 4628.0 0.0 10574.0 110.0 74317.0 0.08153281695882592
35 40 44 0.0 0.0 3673.0 0.0 10656.0 69.0 65151.0 0.08567407135426228
35 40 45 0.0 0.0 2714.0 0.0 12777.0 72.0 40377.0 0.08000914390216024
35 40 46 0.0 0.0 1306.0 0.0 14095.0 38.0 11849.0 0.08047827086686593
35 40 47 0.0 0.0 842.0 0.0 12506.0 31.0 5875.0 0.09127656800104315
35 40 48 0.0 0.0 609.0 0.0 10637.0 26.0 2763.0 0.10581210792835008
35 40 49 0.0 0.0 0.0 0.0 209.0 1.0 1.0 0.6340579710144926
35 40 50 0.0 0.0 1.0 0.0 47.0 0.0 0.0 0.6835937499999999
35 41 30 0.0 0.0 0.0 0.0 8.0 0.0 0.0 0.697211155378486
35 41 31 0.0 0.0 151.0 0.0 3842.0 21.0 128.0 0.23438807969194705
35 41 32 0.0 0.0 141.0 0.0 3264.0 15.0 70.0 0.2597402597402597
35 41 33 0.0 0.0 708.0 0.0 11817.0 33.0 5497.0 0.09644530173601543
35 41 34 0.0 0.0 1010.0 0.0 13456.0 24.0 8099.0 0.08504951096531194
35 41 35 0.0 0.0 2288.0 0.0 12035.0 65.0 40062.0 0.08583690987124462
35 41 36 0.0 0.0 3162.0 0.0 11290.0 65.0 54685.0 0.0850805226374962
35 41 37 0.0 0.0 4497.0 0.0 11769.0 73.0 63819.0 0.07659900421294522
35 41 38 0.0 0.0 5268.0 0.0 8168.0 73.0 98763.0 0.09067944815078696
35 41 39 0.0 0.0 4972.0 0.0 6231.0 71.0 118745.0 0.10595625520320896
35 41 40 0.0 0.0 5832.0 0.0 8848.0 79.0 96982.0 0.08379219535551831
35 41 41 0.0 0.0 5487.0 0.0 8554.0 89.0 96054.0 0.08730901153726224
35 41 42 0.0 0.0 5172.0 0.0 9362.0 81.0 86718.0 0.08463305525329463
35 41 43 0.0 0.0 4629.0 0.0 10354.0 63.0 74809.0 0.08227067050596462
35 41 44 0.0 0.0 3687.0 0.0 8081.0 73.0 88598.0 0.10179597178797352
35 41 45 0.0 0.0 2958.0 0.0 11240.0 70.0 52469.0 0.08646245059288536
35 41 46 0.0 0.0 2127.0 0.0 12686.0 52.0 34000.0 0.08330358205402831
35 41 47 0.0 0.0 1231.0 0.0 13410.0 33.0 13824.0 0.08415484491464294
35 41 48 0.0 0.0 299.0 0.0 6671.0 19.0 581.0 0.15633724176437744
35 41 49 0.0 0.0 0.0 0.0 198.0 0.0 0.0 0.6372325898953117
35 41 50 0.0 0.0 0.0 0.0 7.0 0.0 0.0 0.6975585450921773
35 42 30 0.0 0.0 0.0 0.0 8.0 0.0 0.0 0.697211155378486
35 42 31 0.0 0.0 51.0 0.0 1093.0 8.0 9.0 0.4464285714285714
35 42 32 0.0 0.0 389.0 0.0 7519.0 23.0 785.0 0.14145700717389106
35 42 33 0.0 0.0 855.0 0.0 12514.0 21.0 6656.0 0.09110431444003383
35 42 34 0.0 0.0 1147.0 0.0 13751.0 38.0 10811.0 0.08289909995262908
35 42 35 0.0 0.0 2066.0 0.0 12314.0 59.0 34812.0 0.0855327468230694
35 42 36 0.0 0.0 3009.0 0.0 12071.0 73.0 48937.0 0.08200082000820007
35 42 37 0.0 0.0 4015.0 0.0 9722.0 69.0 76550.0 0.08894536213468868
35 42 38 0.0 0.0 4739.0 0.0 9721.0 77.0 82000.0 0.08509086488786238
35 42 39 0.0 0.0 5088.0 0.0 8357.0 86.0 95876.0 0.09069119647599921
35 42 40 0.0 0.0 5247.0 0.0 8283.0 84.0 98882.0 0.09017713365539452
35 42 41 0.0 0.0 5171.0 0.0 8375.0 69.0 96730.0 0.090032154340836
35 42 42 0.0 0.0 5067.0 0.0 9542.0 88.0 86516.0 0.08434751174840342
35 42 43 0.0 0.0 4462.0 0.0 10858.0 95.0 70866.0 0.08091550109813894
35 42 44 0.0 0.0 3638.0 0.0 10787.0 69.0 64098.0 0.08517887563884156
35 42 45 0.0 0.0 2761.0 0.0 12292.0 57.0 44271.0 0.08205849598499501
35 42 46 0.0 0.0 1618.0 0.0 13702.0 56.0 20238.0 0.08092017802439165
35 42 47 0.0 0.0 764.0 0.0 11965.0 20.0 4878.0 0.0950570342205323
35 42 48 0.0 0.0 185.0 0.0 4525.0 13.0 186.0 0.20901761719916392
35 42 49 0.0 0.0 55.0 0.0 1321.0 8.0 7.0 0.4155535767289997
35 42 50 0.0 0.0 0.0 0.0 12.0 0.0 0.0 0.6958250497017892
35 43 30 0.0 0.0 0.0 0.0 3.0 0.0 0.0 0.6989515726410384
35 43 31 0.0 0.0 35.0 0.0 880.0 11.0 4.0 0.4820936639118457
35 43 32 0.0 0.0 475.0 0.0 9335.0 28.0 1748.0 0.11875477139706504
35 43 33 0.0 0.0 801.0 0.0 12480.0 24.0 6743.0 0.09162903331369852
35 43 34 0.0 0.0 1409.0 0.0 13618.0 49.0 16710.0 0.08228034087569791
35 43 35 0.0 0.0 1736.0 0.0 13667.0 42.0 22681.0 0.0804690194275204
35 43 36 0.0 0.0 2404.0 0.0 12618.0 54.0 37640.0 0.08224650452355774
35 43 37 0.0 0.0 3311.0 0.0 11465.0 74.0 56068.0 0.0834824090638044
35 43 38 0.0 0.0 3994.0 0.0 11021.0 84.0 65662.0 0.0822610024090722
35 43 39 0.0 0.0 4389.0 0.0 11726.0 67.0 62188.0 0.07727548711155267
35 43 40 0.0 0.0 4539.0 0.0 9459.0 87.0 82499.0 0.08757662955085699
35 43 41 0.0 0.0 4397.0 0.0 8998.0 73.0 85957.0 0.09098589718593618
35 43 42 0.0 0.0 4150.0 0.0 8541.0 84.0 89407.0 0.09544586855740386
35 43 43 0.0 0.0 3812.0 0.0 10672.0 67.0 66028.0 0.08487935006669091
35 43 44 0.0 0.0 3212.0 0.0 11046.0 60.0 58011.0 0.08613264427217915
35 43 45 0.0 0.0 2446.0 0.0 11966.0 64.0 42191.0 0.08531383302864107
35 43 46 0.0 0.0 1489.0 0.0 13995.0 27.0 17879.0 0.08000914390216024
35 43 47 0.0 0.0 623.0 0.0 11221.0 30.0 3371.0 0.10122189284939627
35 43 48 0.0 0.0 178.0 0.0 4486.0 22.0 166.0 0.21071643588199873
35 43 49 0.0 0.0 79.0 0.0 1957.0 13.0 28.0 0.34791252485089463
35 43 50 0.0 0.0 0.0 0.0 3.0 0.0 0.0 0.6989515726410384
35 44 30 0.0 0.0 0.0 0.0 3.0 0.0 0.0 0.6989515726410384
35 44 31 0.0 0.0 99.0 0.0 2664.0 16.0 52.0 0.2949231093322098
35 44 32 0.0 0.0 121.0 0.0 2988.0 15.0 51.0 0.27477919528949946
35 44 33 0.0 0.0 519.0 0.0 10214.0 20.0 2878.0 0.110062893081761
35 44 34 0.0 0.0 914.0 0.0 12880.0 41.0 8015.0 0.0887255212624374
35 44 35 0.0 0.0 1191.0 0.0 13571.0 25.0 12732.0 0.0834824090638044
35 44 36 0.0 0.0 1762.0 0.0 13760.0 40.0 22453.0 0.07988131918292822
35 44 37 0.0 0.0 2534.0 0.0 12517.0 59.0 40759.0 0.08206811653672548
35 44 38 0.0 0.0 3085.0 0.0 10509.0 58.0 60446.0 0.08973783731812063
35 44 39 0.0 0.0 3218.0 0.0 12558.0 60.0 46899.0 0.07872687398076814
35 44 40 0.0 0.0 3614.0 0.0 11686.0 62.0 57029.0 0.08079875339066196
35 44 41 0.0 0.0 3732.0 0.0 10414.0 74.0 66499.0 0.08677865245149692
35 44 42 0.0 0.0 3684.0 0.0 10514.0 52.0 65756.0 0.08637176877043617
35 44 43 0.0 0.0 3016.0 0.0 12952.0 65.0 43128.0 0.07789895392833295
35 44 44 0.0 0.0 2480.0 0.0 12606.0 47.0 37983.0 0.08190487333996371
35 44 45 0.0 0.0 2311.0 0.0 11639.0 64.0 42002.0 0.08774678784080225
35 44 46 0.0 0.0 1529.0 0.0 13356.0 32.0 20313.0 0.08285494466473338
35 44 47 0.0 0.0 386.0 0.0 8567.0 23.0 1457.0 0.12802926383173294
35 44 48 0.0 0.0 262.0 0.0 5871.0 20.0 430.0 0.17239256249230386
35 44 49 0.0 0.0 27.0 0.0 817.0 8.0 1.0 0.49400141143260407
35 44 50 0.0 0.0 0.0 0.0 1.0 0.0 0.0 0.6996501749125437
35 45 30 0.0 0.0 0.0 0.0 2.0 0.0 0.0 0.6993006993006992
35 45 31 0.0 0.0 7.0 0.0 248.0 0.0 0.0 0.6211180124223601
35 45 32 0.0 0.0 68.0 0.0 1749.0 10.0 23.0 0.3677436301549776
35 45 33 0.0 0.0 225.0 0.0 4770.0 20.0 196.0 0.2006880733944954
35 45 34 0.0 0.0 503.0 0.0 9324.0 29.0 1743.0 0.11855364552459986
35 45 35 0.0 0.0 669.0 0.0 11638.0 23.0 3909.0 0.0979774651830079
35 45 36 0.0 0.0 1207.0 0.0 13549.0 40.0 13160.0 0.08364201218783605
35 45 37 0.0 0.0 1673.0 0.0 13630.0 36.0 22300.0 0.08087343307723412
35 45 38 0.0 0.0 2015.0 0.0 12658.0 53.0 31580.0 0.083978165676924
35 45 39 0.0 0.0 2463.0 0.0 13158.0 53.0 35435.0 0.07941009642654565
35 45 40 0.0 0.0 2417.0 0.0 12925.0 59.0 36001.0 0.08070559750965584
35 45 41 0.0 0.0 2345.0 0.0 13747.0 58.0 30815.0 0.07732670533001933
35 45 42 0.0 0.0 2421.0 1.0 12999.0 50.0 35710.0 0.08033972225410306
35 45 43 0.0 0.0 1937.0 0.0 14030.0 59.0 24296.0 0.0779640251712424
35 45 44 0.0 0.0 1784.0 0.0 13000.0 50.0 26520.0 0.08340780458742923
35 45 45 0.0 0.0 1285.0 0.0 13626.0 32.0 15420.0 0.08273742686602446
35 45 46 0.0 0.0 1018.0 0.0 12961.0 44.0 9725.0 0.0877302920165434
35 45 47 0.0 0.0 607.0 0.0 11042.0 21.0 3903.0 0.1026618757791303
35 45 48 0.0 0.0 304.0 0.0 6753.0 19.0 722.0 0.15491866769945778
35 45 49 0.0 0.0 64.0 0.0 1589.0 10.0 16.0 0.38419319429198673
35 45 50 0.0 0.0 0.0 0.0 1.0 0.0 0.0 0.6996501749125437
35 46 31 0.0 0.0 28.0 0.0 553.0 6.0 1.0 0.5436893203883495
35 46 32 0.0 0.0 11.0 0.0 244.0 2.0 1.0 0.6211180124223601
35 46 33 0.0 0.0 80.0 0.0 1958.0 14.0 16.0 0.34808552958726996
35 46 34 0.0 0.0 196.0 0.0 4211.0 17.0 156.0 0.2189895197872673
35 46 35 0.0 0.0 261.0 0.0 5771.0 25.0 378.0 0.17484700886724117
35 46 36 0.0 0.0 556.0 0.0 10718.0 26.0 2933.0 0.1056045862563174
35 46 37 0.0 0.0 1083.0 0.0 13412.0 41.0 10900.0 0.0849772382397572
35 46 38 0.0 0.0 1916.0 0.0 12647.0 48.0 30359.0 0.08447474808423339
35 46 39 0.0 0.0 2202.0 0.0 11818.0 45.0 40038.0 0.0873253493013972
35 46 40 0.0 0.0 1597.0 0.0 13937.0 44.0 19022.0 0.07983576642335766
35 46 41 0.0 0.0 1392.0 0.0 13867.0 32.0 15331.0 0.0810983027283786
35 46 42 0.0 0.0 1758.0 0.0 12643.0 37.0 27560.0 0.08531383302864107
35 46 43 0.0 0.0 1232.0 0.0 13676.0 39.0 13242.0 0.08289419148558232
35 46 44 0.0 0.0 1200.0 0.0 13609.0 27.0 12583.0 0.0832738520104687
35 46 45 0.0 0.0 1069.0 0.0 12971.0 36.0 12308.0 0.08730901153726224
35 46 46 0.0 0.0 616.0 0.0 10810.0 25.0 3591.0 0.10436857015058894
35 46 47 0.0 0.0 261.0 0.0 5723.0 22.0 397.0 0.17574692442882248
35 46 48 0.0 0.0 38.0 0.0 1169.0 10.0 10.0 0.43791054113231154
35 46 49 0.0 0.0 90.0 0.0 2319.0 17.0 31.0 0.31868882312770314
35 46 50 0.0 0.0 0.0 0.0 2.0 0.0 0.0 0.6993006993006992
35 47 31 0.0 0.0 0.0 0.0 2.0 0.0 0.0 0.6993006993006992
35 47 32 0.0 0.0 0.0 0.0 14.0 0.0 0.0 0.6951340615690167
35 47 33 0.0 0.0 2.0 0.0 42.0 0.0 0.0 0.684931506849315
35 47 34 0.0 0.0 8.0 0.0 216.0 1.0 1.0 0.6297795771479981
35 47 35 0.0 0.0 94.0 0.0 2431.0 11.0 28.0 0.3102149346332816
35 47 36 0.0 0.0 224.0 0.0 5005.0 16.0 229.0 0.19404019404019401
35 47 37 0.0 0.0 752.0 0.0 11888.0 21.0 5478.0 0.09558271318358706
35 47 38 0.0 0.0 820.0 0.0 12605.0 28.0 6595.0 0.09078529278256921
35 47 39 0.0 0.0 1185.0 0.0 13577.0 34.0 13144.0 0.08354717431521155
35 47 40 0.0 0.0 737.0 0.0 11882.0 29.0 5258.0 0.0958641468090934
35 47 41 0.0 0.0 628.0 0.0 11161.0 27.0 3742.0 0.1015965166908563
35 47 42 0.0 0.0 590.0 0.0 10758.0 29.0 3017.0 0.10505778177997897
35 47 43 0.0 0.0 658.0 0.0 11364.0 22.0 3971.0 0.09987871869872297
35 47 44 0.0 0.0 317.0 0.0 7232.0 24.0 781.0 0.1469507714915503
35 47 45 0.0 0.0 255.0 0.0 6242.0 13.0 465.0 0.16493873704052778
35 47 46 0.0 0.0 495.0 0.0 9321.0 18.0 1751.0 0.11858377096391663
35 47 47 0.0 0.0 62.0 0.0 1488.0 5.0 5.0 0.3948110547095318
35 47 48 0.0 0.0 0.0 0.0 20.0 0.0 0.0 0.6934125804853887
35 47 49 0.0 0.0 0.0 0.0 2.0 0.0 0.0 0.6993006993006992
35 47 50 0.0 0.0 0.0 0.0 2.0 0.0 0.0 0.6993006993006992
35 48 34 0.0 0.0 0.0 0.0 2.0 0.0 0.0 0.6993006993006992
35 48 35 0.0 0.0 5.0 0.0 59.0 1.0 0.0 0.6786233640329616
35 48 36 0.0 0.0 33.0 0.0 921.0 12.0 7.0 0.4758667573079537
35 48 37 0.0 0.0 280.0 0.0 6090.0 16.0 445.0 0.16748414882162935
35 48 38 0.0 0.0 342.0 0.0 7058.0 28.0 664.0 0.14934926392148495
35 48 39 0.0 0.0 484.0 0.0 9286.0 22.0 1662.0 0.11907799608743726
35 48 40 0.0 0.0 408.0 0.0 8852.0 21.0 1473.0 0.12445550715619165
35 48 41 0.0 0.0 649.0 0.0 11288.0 26.0 4364.0 0.10058916510992959
35 48 42 0.0 0.0 251.0 0.0 5437.0 17.0 351.0 0.18250554034676048
35 48 43 0.0 0.0 327.0 0.0 6465.0 22.0 517.0 0.15954415954415954
35 48 44 0.0 0.0 357.0 0.0 7928.0 28.0 1089.0 0.13637249172024157
35 48 45 0.0 0.0 166.0 0.0 3717.0 21.0 135.0 0.2388263391334015
35 48 46 0.0 0.0 19.0 0.0 452.0 7.0 1.0 0.5684125050751115
35 48 47 0.0 0.0 115.0 0.0 2829.0 16.0 53.0 0.28409090909090906
35 48 48 0.0 0.0 2.0 0.0 22.0 1.0 0.0 0.6920415224913494
35 49 35 0.0 0.0 0.0 0.0 5.0 0.0 0.0 0.6982543640897755
35 49 36 0.0 0.0 0.0 0.0 19.0 0.0 0.0 0.6934125804853887
35 49 37 0.0 0.0 201.0 0.0 4569.0 27.0 218.0 0.2075303883782982
35 49 38 0.0 0.0 43.0 0.0 1035.0 4.0 7.0 0.4554326610279765
35 49 39 0.0 0.0 69.0 0.0 1737.0 7.0 18.0 0.36861506055818843
35 49 40 0.0 0.0 101.0 0.0 2308.0 14.0 29.0 0.3183989083465999
35 49 41 0.0 0.0 20.0 0.0 864.0 1.0 0.0 0.48560527228581335
35 49 42 0.0 0.0 67.0 0.0 1545.0 10.0 10.0 0.38867295946696273
35 49 43 0.0 0.0 1.0 0.0 61.0 1.0 0.0 0.6796116504854368
35 49 44 0.0 0.0 37.0 0.0 642.0 5.0 1.0 0.5237560793116348
35 49 45 0.0 0.0 0.0 0.0 24.0 0.0 0.0 0.6916996047430829
35 49 46 0.0 0.0 0.0 0.0 4.0 0.0 0.0 0.6986027944111775
35 49 48 0.0 0.0 0.0 0.0 1.0 0.0 0.0 0.6996501749125437
35 50 36 0.0 0.0 1.0 0.0 41.0 0.0 0.0 0.6856023506366307
35 50 37 0.0 0.0 0.0 0.0 8.0 0.0 0.0 0.697211155378486
35 50 38 0.0 0.0 26.0 0.0 633.0 5.0 2.0 0.5275056518462696
35 50 39 0.0 0.0 4.0 0.0 113.0 0.0 0.0 0.6613131790269249
35 50 40 0.0 0.0 2.0 0.0 67.0 1.0 0.0 0.6769825918762088
35 50 41 0.0 0.0 0.0 0.0 7.0 0.0 0.0 0.6975585450921773
35 50 42 0.0 0.0 0.0 0.0 8.0 0.0 0.0 0.697211155378486
35 50 43 0.0 0.0 7.0 0.0 146.0 2.0 0.0 0.6508600650860064
35 50 44 0.0 0.0 0.0 0.0 2.0 0.0 0.0 0.6993006993006992
35 50 45 0.0 0.0 0.0 0.0 1.0 0.0 0.0 0.6996501749125437
35 50 46 0.0 0.0 0.0 0.0 1.0 0.0 0.0 0.6996501749125437
35 51 38 0.0 0.0 0.0 0.0 1.0 0.0 0.0 0.6996501749125437
35 51 39 0.0 0.0 0.0 0.0 2.0 0.0 0.0 0.6993006993006992
36 29 37 0.0 0.0 0.0 0.0 4.0 0.0 0.0 0.6986027944111775
36 29 38 0.0 0.0 0.0 0.0 2.0 0.0 0.0 0.6993006993006992
36 29 39 0.0 0.0 0.0 0.0 1.0 0.0 0.0 0.6996501749125437
36 30 34 0.0 0.0 0.0 0.0 3.0 0.0 0.0 0.6989515726410384
36 30 35 0.0 0.0 1.0 0.0 17.0 0.0 0.0 0.6937561942517343
36 30 36 0.0 0.0 7.0 0.0 138.0 0.0 0.0 0.6526806526806526
36 30 37 0.0 0.0 2.0 0.0 100.0 0.0 0.0 0.6666666666666665
36 30 38 0.0 0.0 114.0 0.0 2711.0 14.0 56.0 0.2909393183707398
36 30 39 0.0 0.0 30.0 0.0 621.0 3.0 3.0 0.5287009063444108
36 30 40 0.0 0.0 1.0 0.0 80.0 0.0 0.0 0.6727534839019701
36 30 41 0.0 0.0 3.0 0.0 85.0 2.0 0.0 0.6711409395973154
36 30 42 0.0 0.0 2.0 0.0 29.0 1.0 0.0 0.689655172413793
36 30 43 0.0 0.0 0.0 0.0 11.0 0.0 0.0 0.6961710591745399
36 31 32 0.0 0.0 0.0 0.0 6.0 0.0 0.0 0.6979062811565303
36 31 33 0.0 0.0 50.0 0.0 1021.0 7.0 3.0 0.4569190600522193
36 31 34 0.0 0.0 31.0 0.0 790.0 5.0 3.0 0.49715909090909083
36 31 35 0.0 0.0 27.0 0.0 663.0 6.0 2.0 0.5216095380029805
36 31 36 0.0 0.0 219.0 0.0 5351.0 18.0 323.0 0.18535681186283592
36 31 37 0.0 0.0 246.0 0.0 5417.0 25.0 333.0 0.18317414627763964
36 31 38 0.0 0.0 236.0 0.0 5528.0 27.0 407.0 0.18090192531334795
36 31 39 0.0 0.0 231.0 0.0 5181.0 21.0 281.0 0.18949648077964262
36 31 40 0.0 0.0 33.0 0.0 898.0 9.0 1.0 0.47912388774811765
36 31 41 0.0 0.0 128.0 0.0 3013.0 14.0 67.0 0.2731174404994148
36 31 42 0.0 0.0 283.0 0.0 6013.0 28.0 402.0 0.16926611050658927
36 31 43 0.0 0.0 40.0 0.0 944.0 9.0 5.0 0.47074646940147946
36 31 44 0.0 0.0 4.0 0.0 76.0 0.0 0.0 0.6730769230769229
36 31 45 0.0 0.0 0.0 0.0 17.0 0.0 0.0 0.694100148735746
36 31 46 0.0 0.0 0.0 0.0 8.0 0.0 0.0 0.697211155378486
36 31 48 0.0 0.0 0.0 0.0 3.0 0.0 0.0 0.6989515726410384
36 32 30 0.0 0.0 0.0 0.0 2.0 0.0 0.0 0.6993006993006992
36 32 31 0.0 0.0 0.0 0.0 8.0 0.0 0.0 0.697211155378486
36 32 32 0.0 0.0 29.0 0.0 576.0 7.0 4.0 0.5388760585065434
36 32 33 0.0 0.0 269.0 0.0 5465.0 18.0 285.0 0.18139414356050787
36 32 34 0.0 0.0 326.0 0.0 6686.0 25.0 555.0 0.1556939501779359
36 32 35 0.0 0.0 577.0 0.0 10658.0 26.0 3022.0 0.10589214129037136
36 32 36 0.0 0.0 294.0 0.0 6189.0 17.0 404.0 0.1652502360717658
36 32 37 0.0 0.0 792.0 0.0 12147.0 23.0 5478.0 0.09374581491897682
36 32 38 0.0 0.0 427.0 0.0 8644.0 22.0 1494.0 0.1266509860683915
36 32 39 0.0 0.0 743.0 0.0 11951.0 26.0 4975.0 0.09530292716133422
36 32 40 0.0 0.0 426.0 0.0 8874.0 20.0 1700.0 0.1239596245794227
36 32 41 0.0 0.0 633.0 0.0 10932.0 29.0 3249.0 0.10338207059518534
36 32 42 0.0 0.0 350.0 0.0 7692.0 23.0 956.0 0.13966480446927373
36 32 43 0.0 0.0 232.0 0.0 5073.0 23.0 236.0 0.19214932747735378
36 32 44 0.0 0.0 188.0 0.0 4250.0 11.0 159.0 0.21783102536175505
36 32 45 0.0 0.0 15.0 0.0 549.0 2.0 2.0 0.5466614603670441
36 32 46 0.0 0.0 6.0 0.0 250.0 0.0 1.0 0.620292423571112
36 32 47 0.0 0.0 6.0 0.0 184.0 1.0 0.0 0.639561443581544
36 32 48 0.0 0.0 0.0 0.0 20.0 0.0 0.0 0.6930693069306929
36 32 49 0.0 0.0 0.0 0.0 3.0 0.0 0.0 0.6989515726410384
36 33 30 0.0 0.0 1.0 0.0 19.0 1.0 0.0 0.6934125804853887
36 33 31 0.0 0.0 61.0 0.0 1851.0 14.0 29.0 0.3591585428424833
36 33 32 0.0 0.0 133.0 0.0 3065.0 18.0 65.0 0.27037466203167243
36 33 33 0.0 0.0 382.0 0.0 8088.0 29.0 1119.0 0.1340225923798583
36 33 34 0.0 0.0 407.0 0.0 8764.0 27.0 1512.0 0.12558306422676713
36 33 35 0.0 0.0 665.0 0.0 11240.0 25.0 3930.0 0.10073391854943156
36 33 36 0.0 0.0 959.0 0.0 12871.0 37.0 7968.0 0.0884620245166182
36 33 37 0.0 0.0 922.0 0.0 12894.0 27.0 7780.0 0.0885459490228322
36 33 38 0.0 0.0 1487.0 0.0 13058.0 41.0 21146.0 0.08465864425228276
36 33 39 0.0 0.0 1280.0 0.0 13475.0 32.0 15509.0 0.08356213441566192
36 33 40 0.0 0.0 975.0 0.0 13228.0 34.0 9416.0 0.0864410965670536
36 33 41 0.0 0.0 933.0 0.0 12904.0 31.0 7776.0 0.0884452587023817
36 33 42 0.0 0.0 1057.0 0.0 13162.0 43.0 10271.0 0.08640375239153242
36 33 43 0.0 0.0 488.0 0.0 9442.0 21.0 1953.0 0.11747923135017202
36 33 44 0.0 0.0 547.0 0.0 10652.0 24.0 3220.0 0.10615711252653927
36 33 45 0.0 0.0 236.0 0.0 5622.0 23.0 381.0 0.17870819504722998
36 33 46 0.0 0.0 16.0 0.0 586.0 3.0 1.0 0.5394990366088631
36 33 47 0.0 0.0 53.0 0.0 1255.0 8.0 8.0 0.42437102152167316
36 33 48 0.0 0.0 33.0 0.0 592.0 9.0 0.0 0.5353728489483747
36 33 49 0.0 0.0 0.0 0.0 11.0 0.0 0.0 0.6961710591745399
36 34 30 0.0 0.0 2.0 0.0 42.0 1.0 0.0 0.6852667645619186
36 34 31 0.0 0.0 190.0 0.0 4527.0 16.0 220.0 0.20879940343027587
36 34 32 0.0 0.0 735.0 0.0 11943.0 34.0 5653.0 0.09549143987449696
36 34 33 0.0 0.0 725.0 0.0 11941.0 26.0 5716.0 0.09544586855740386
36 34 34 0.0 0.0 790.0 0.0 12375.0 28.0 5369.0 0.09237875288683602
36 34 35 0.0 0.0 1370.0 0.0 13320.0 42.0 17916.0 0.08386246555648735
36 34 36 0.0 0.0 1155.0 0.0 13683.0 31.0 11974.0 0.0831008488158129
36 34 37 0.0 0.0 1848.0 0.0 13271.0 42.0 26185.0 0.08176137359107633
36 34 38 0.0 0.0 1619.0 0.0 14442.0 37.0 16874.0 0.07749363445145577
36 34 39 0.0 0.0 1955.0 0.0 13361.0 42.0 27983.0 0.08082674210495928
36 34 40 0.0 0.0 1745.0 0.0 13810.0 43.0 21830.0 0.0797902655875983
36 34 41 0.0 0.0 1684.0 0.0 13659.0 36.0 21039.0 0.08075214858395338
36 34 42 0.0 0.0 1269.0 0.0 13817.0 33.0 13443.0 0.08196721311475409
36 34 43 0.0 0.0 1953.0 0.0 12707.0 49.0 29821.0 0.08406388855530202
36 34 44 0.0 0.0 964.0 0.0 13098.0 30.0 9265.0 0.08720024914356897
36 34 45 0.0 0.0 500.0 0.0 9825.0 20.0 2189.0 0.11372867587327375
36 34 46 0.0 0.0 411.0 0.0 8764.0 28.0 1446.0 0.12541431514825763
36 34 47 0.0 0.0 691.0 0.0 11479.0 28.0 4421.0 0.09880725527560165
36 34 48 0.0 0.0 93.0 0.0 2151.0 19.0 28.0 0.3312041637094866
36 34 49 0.0 0.0 0.0 0.0 16.0 0.0 0.0 0.6944444444444444
36 35 30 0.0 0.0 0.0 0.0 53.0 0.0 0.0 0.6822612085769979
36 35 31 0.0 0.0 63.0 0.0 1691.0 11.0 23.0 0.3740315255142933
36 35 32 0.0 0.0 598.0 0.0 10769.0 23.0 3628.0 0.10477473432120939
36 35 33 0.0 0.0 793.0 0.0 12258.0 22.0 5186.0 0.0930294371719051
36 35 34 0.0 0.0 1084.0 0.0 13386.0 27.0 10740.0 0.0850391787645022
36 35 35 0.0 0.0 1274.0 0.0 13484.0 39.0 14474.0 0.08358707982566123
36 35 36 0.0 0.0 2277.0 0.0 12408.0 53.0 37223.0 0.08393788596438635
36 35 37 0.0 0.0 2642.0 0.0 13056.0 53.0 38087.0 0.07903799469316321
36 35 38 0.0 0.0 3165.0 0.0 11029.0 62.0 57480.0 0.08651588184402421
36 35 39 0.0 0.0 3226.0 0.0 13180.0 57.0 43353.0 0.0759919665635347
36 35 40 0.0 0.0 3342.0 0.0 11375.0 80.0 56345.0 0.0838423763324949
36 35 41 0.0 0.0 2707.0 0.0 13005.0 63.0 38634.0 0.07902907140841094
36 35 42 0.0 0.0 2744.0 0.0 12422.0 72.0 42032.0 0.0816374132602484
36 35 43 0.0 0.0 2478.0 0.0 11679.0 75.0 44334.0 0.08671415298854133
36 35 44 0.0 0.0 1796.0 0.0 13449.0 45.0 23634.0 0.08115942028985507
36 35 45 0.0 0.0 880.0 0.0 12766.0 32.0 6973.0 0.08954842011001661
36 35 46 0.0 0.0 489.0 0.0 9214.0 20.0 1632.0 0.11979122101480275
36 35 47 0.0 0.0 400.0 0.0 8257.0 26.0 1180.0 0.13164080865068167
36 35 48 0.0 0.0 208.0 0.0 4534.0 20.0 204.0 0.20820939916716236
36 35 49 0.0 0.0 11.0 0.0 113.0 1.0 0.0 0.6594441827602449
36 36 30 0.0 0.0 2.0 0.0 62.0 0.0 0.0 0.6782945736434108
36 36 31 0.0 0.0 162.0 0.0 4038.0 14.0 131.0 0.2262443438914027
36 36 32 0.0 0.0 824.0 0.0 12365.0 32.0 6947.0 0.09220231822971549
36 36 33 0.0 0.0 801.0 0.0 12342.0 34.0 5776.0 0.09248860408271123
36 36 34 0.0 0.0 1681.0 0.0 13272.0 41.0 23894.0 0.08257638315441783
36 36 35 0.0 0.0 1852.0 0.0 13672.0 54.0 24002.0 0.07995887829116453
36 36 36 0.0 0.0 3141.0 0.0 12260.0 71.0 48759.0 0.08054309055344609
36 36 37 0.0 0.0 3798.0 0.0 7576.0 70.0 93778.0 0.10477473432120939
36 36 38 0.0 0.0 4457.0 0.0 11234.0 83.0 68323.0 0.07924378785305937
36 36 39 0.0 0.0 4714.0 0.0 11041.0 53.0 71016.0 0.07877560207067295
36 36 40 0.0 0.0 4807.0 0.0 9342.0 78.0 86323.0 0.08673564215352207
36 36 41 0.0 0.0 4415.0 0.0 11040.0 96.0 68435.0 0.08027062668424975
36 36 42 0.0 0.0 3909.0 0.0 11122.0 69.0 63368.0 0.08215480312188252
36 36 43 0.0 0.0 3226.0 0.0 11212.0 51.0 55953.0 0.08505984567713712
36 36 44 0.0 0.0 2414.0 0.0 12834.0 48.0 37147.0 0.08116883116883115
36 36 45 0.0 0.0 1578.0 0.0 13535.0 39.0 19866.0 0.08177570093457943
36 36 46 0.0 0.0 1307.0 0.0 13552.0 39.0 14238.0 0.08312551953449708
36 36 47 0.0 0.0 864.0 0.0 12479.0 34.0 6712.0 0.09130037824442414
36 36 48 0.0 0.0 199.0 0.0 4551.0 17.0 184.0 0.20790020790020788
36 36 49 0.0 0.0 23.0 0.0 520.0 3.0 1.0 0.5511811023622046
36 36 50 0.0 0.0 3.0 0.0 51.0 0.0 0.0 0.6815968841285296
36 37 30 0.0 0.0 1.0 0.0 93.0 0.0 0.0 0.668896321070234
36 37 31 0.0 0.0 394.0 0.0 7865.0 21.0 929.0 0.13667870740993848
36 37 32 0.0 0.0 610.0 0.0 10982.0 27.0 3670.0 0.10313835273316634
36 37 33 0.0 0.0 1075.0 0.0 13515.0 31.0 9514.0 0.08438818565400844
36 37 34 0.0 0.0 1603.0 0.0 13290.0 44.0 21971.0 0.08292856296647316
36 37 35 0.0 0.0 2329.0 0.0 13643.0 51.0 30716.0 0.07789461970733877
36 37 36 0.0 0.0 3582.0 0.0 11598.0 75.0 56973.0 0.08156606851549755
36 37 37 0.0 0.0 4429.0 0.0 8302.0 77.0 92221.0 0.0950376756499898
36 37 38 0.0 0.0 5497.0 0.0 9046.0 69.0 92746.0 0.08454106280193237
36 37 39 0.0 0.0 5542.0 0.0 6772.0 82.0 115327.0 0.09776536312849161
36 37 40 0.0 0.0 5508.0 0.0 6797.0 63.0 114424.0 0.0978131768322504
36 37 41 0.0 0.0 5285.0 0.0 7092.0 80.0 110898.0 0.0974319716055397
36 37 42 0.0 0.0 5051.0 0.0 10713.0 83.0 75851.0 0.07883326763894362
36 37 43 0.0 0.0 4118.0 0.0 11261.0 70.0 64098.0 0.08048752443371276
36 37 44 0.0 0.0 2885.0 0.0 12475.0 71.0 44454.0 0.08065910007489772
36 37 45 0.0 0.0 2064.0 0.0 13060.0 52.0 31401.0 0.08181393174380551
36 37 46 0.0 0.0 1014.0 0.0 13340.0 25.0 7933.0 0.08559550012227927
36 37 47 0.0 0.0 644.0 0.0 11114.0 30.0 3401.0 0.10187004293094665
36 37 48 0.0 0.0 330.0 0.0 7431.0 19.0 951.0 0.14353085913471395
36 37 49 0.0 0.0 249.0 0.0 6070.0 18.0 492.0 0.16861375406479584
36 37 50 0.0 0.0 0.0 0.0 15.0 0.0 0.0 0.694789081885856
36 38 30 0.0 0.0 15.0 0.0 574.0 3.0 5.0 0.541586073500967
36 38 31 0.0 0.0 335.0 0.0 7630.0 20.0 995.0 0.1406611072038581
36 38 32 0.0 0.0 652.0 0.0 11193.0 24.0 3504.0 0.10124385305177899
36 38 33 0.0 0.0 1071.0 0.0 13437.0 26.0 9284.0 0.08481250378627248
36 38 34 0.0 0.0 1771.0 0.0 13826.0 36.0 22739.0 0.07953189797193659
36 38 35 0.0 0.0 2680.0 0.0 13719.0 51.0 34927.0 0.07604562737642585
36 38 36 0.0 0.0 4194.0 0.0 9537.0 58.0 79774.0 0.0889679715302491
36 38 37 0.0 0.0 5560.0 0.0 10572.0 84.0 79826.0 0.07716049382716049
36 38 38 0.0 0.0 6181.0 0.0 7410.0 82.0 110013.0 0.08997429305912595
36 38 39 0.0 0.0 6678.0 0.0 6588.0 74.0 121401.0 0.09168303863785199
36 38 40 0.0 1.0 6202.0 2.0 6035.0 55.0 125949.0 0.09820426487093153
36 38 41 0.0 0.0 6525.0 0.0 7320.0 82.0 114751.0 0.08833922261484098
36 38 42 0.0 0.0 5861.0 0.0 7788.0 80.0 104942.0 0.08935980085530094
36 38 43 0.0 0.0 5230.0 0.0 10824.0 63.0 76295.0 0.07740366008735555
36 38 44 0.0 0.0 3703.0 0.0 10069.0 60.0 69445.0 0.08875364523900088
36 38 45 0.0 0.0 2669.0 0.0 13020.0 60.0 38868.0 0.07919447901346305
36 38 46 0.0 0.0 1721.0 0.0 13293.0 57.0 23441.0 0.08233841086867023
36 38 47 0.0 0.0 953.0 0.0 13023.0 31.0 8343.0 0.08765888172312315
36 38 48 0.0 0.0 567.0 0.0 10026.0 34.0 2034.0 0.11140288056019734
36 38 49 0.0 0.0 93.0 0.0 2561.0 10.0 51.0 0.30146425495262696
36 38 50 0.0 0.0 0.0 0.0 6.0 0.0 0.0 0.6979062811565303
36 39 29 0.0 0.0 0.0 0.0 1.0 0.0 0.0 0.6996501749125437
36 39 30 0.0 0.0 73.0 0.0 1563.0 13.0 10.0 0.3864200938448799
36 39 31 0.0 0.0 164.0 0.0 4624.0 17.0 222.0 0.20673360897814527
36 39 32 0.0 0.0 540.0 0.0 10288.0 24.0 2602.0 0.10918733426922476
36 39 33 0.0 0.0 948.0 0.0 13107.0 23.0 7163.0 0.08719481813652216
36 39 34 0.0 0.0 2026.0 0.0 12733.0 50.0 31769.0 0.08349236641221373
36 39 35 0.0 0.0 2784.0 0.0 12625.0 66.0 42020.0 0.08041355542791498
36 39 36 0.0 0.0 4290.0 0.0 11065.0 93.0 67439.0 0.08072421149743411
36 39 37 0.0 0.0 5599.0 0.0 7829.0 71.0 102762.0 0.09078529278256921
36 39 38 0.0 0.0 5892.0 0.0 5875.0 70.0 127651.0 0.10174418604651161
36 39 39 0.0 0.0 6827.0 0.0 5475.0 69.0 133854.0 0.0978473581213307
36 39 40 0.0 0.0 7144.0 1.0 5932.0 72.0 129342.0 0.09282588516111921
36 39 41 0.0 0.0 7166.0 1.0 6767.0 81.0 120474.0 0.08782385044852893
36 39 42 0.0 2.0 5196.0 0.0 5286.0 60.0 131109.0 0.11209864680919208
36 39 43 0.0 0.0 5632.0 0.0 8212.0 83.0 100533.0 0.08831136062574907
36 39 44 0.0 1.0 4524.0 2.0 9604.0 75.0 81198.0 0.08666047663262147
36 39 45 0.0 0.0 3172.0 0.0 11182.0 61.0 55705.0 0.0855327468230694
36 39 46 0.0 0.0 1963.0 0.0 13144.0 36.0 28240.0 0.08171842166705579
36 39 47 0.0 0.0 815.0 0.0 12584.0 31.0 5909.0 0.09096225066597362
36 39 48 0.0 0.0 515.0 0.0 9640.0 22.0 1805.0 0.11530225662987975
36 39 49 0.0 0.0 38.0 0.0 930.0 12.0 2.0 0.4736129905277401
36 39 50 0.0 0.0 0.0 0.0 5.0 0.0 0.0 0.6982543640897755
36 40 29 0.0 0.0 0.0 0.0 2.0 0.0 0.0 0.6993006993006992
36 40 30 0.0 0.0 120.0 0.0 3008.0 10.0 63.0 0.27343749999999994
36 40 31 0.0 0.0 205.0 0.0 4616.0 14.0 206.0 0.2055498458376156
36 40 32 0.0 0.0 572.0 0.0 10825.0 21.0 3286.0 0.10451661067562523
36 40 33 0.0 0.0 1064.0 0.0 12919.0 27.0 12526.0 0.08754924645112876
36 40 34 0.0 0.0 1544.0 0.0 14370.0 39.0 16104.0 0.07815116668527408
36 40 35 0.0 0.0 2876.0 0.0 12129.0 60.0 45710.0 0.08227550540667607
36 40 36 0.0 0.0 4360.0 0.0 11258.0 64.0 65477.0 0.07938758151403458
36 40 37 0.0 0.0 5759.0 0.0 8536.0 81.0 98017.0 0.08586849852796859
36 40 38 0.0 0.0 6307.0 0.0 5970.0 68.0 126468.0 0.09797060881735478
36 40 39 0.0 0.0 6345.0 0.0 4699.0 48.0 140823.0 0.1070090957731407
36 40 40 0.0 1.0 7153.0 1.0 5475.0 66.0 134800.0 0.09570032127964999
36 40 41 0.0 6.0 7451.0 7.0 6483.0 71.0 124808.0 0.08776879192527114
36 40 42 0.0 0.0 7154.0 0.0 7362.0 71.0 114289.0 0.08469961885171516
36 40 43 0.0 1.0 5439.0 1.0 6489.0 68.0 118464.0 0.10048808498420901
36 40 44 0.0 0.0 4952.0 0.0 9597.0 77.0 84492.0 0.08466888418506198
36 40 45 0.0 0.0 3479.0 0.0 11590.0 56.0 57087.0 0.08197681227309989
36 40 46 0.0 0.0 2128.0 0.0 13358.0 46.0 29855.0 0.08007778985300006
36 40 47 0.0 0.0 784.0 0.0 12265.0 25.0 5226.0 0.09306035628822121
36 40 48 0.0 0.0 430.0 0.0 9291.0 20.0 1943.0 0.11951511012463717
36 40 49 0.0 0.0 174.0 0.0 4066.0 23.0 158.0 0.22526146419951726
36 40 50 0.0 0.0 1.0 0.0 24.0 0.0 0.0 0.6913580246913579
36 41 30 0.0 0.0 11.0 0.0 180.0 5.0 1.0 0.6404391582799633
36 41 31 0.0 0.0 171.0 0.0 3247.0 17.0 77.0 0.25921125717459725
36 41 32 0.0 0.0 301.0 0.0 6852.0 28.0 646.0 0.1533238418574088
36 41 33 0.0 0.0 1189.0 0.0 13564.0 39.0 12632.0 0.08362202843148965
36 41 34 0.0 0.0 1406.0 0.0 14088.0 42.0 15757.0 0.08006863025450385
36 41 35 0.0 0.0 2479.0 0.0 13107.0 57.0 35710.0 0.07957710453021087
36 41 36 0.0 0.0 4055.0 1.0 10083.0 61.0 72182.0 0.0866765725606736
36 41 37 0.0 0.0 5233.0 0.0 8842.0 92.0 93036.0 0.08715139442231075
36 41 38 0.0 1.0 6132.0 4.0 6078.0 66.0 125357.0 0.09845980730009142
36 41 39 0.0 0.0 6451.0 0.0 5478.0 69.0 133581.0 0.10053138015223322
36 41 40 0.0 1.0 7344.0 4.0 6132.0 66.0 128410.0 0.09038672606365808
36 41 41 0.0 3.0 5877.0 1.0 4763.0 61.0 139023.0 0.110706942906848
36 41 42 0.0 3.0 5363.0 5.0 4808.0 62.0 135698.0 0.11498028909329829
36 41 43 0.0 0.0 5830.0 2.0 7255.0 66.0 113400.0 0.09269067796610168
36 41 44 0.0 0.0 4876.0 0.0 10242.0 77.0 77013.0 0.08181393174380551
36 41 45 0.0 0.0 3495.0 0.0 10694.0 59.0 64548.0 0.08640908529811134
36 41 46 0.0 0.0 2316.0 0.0 12695.0 48.0 37048.0 0.08233841086867023
36 41 47 0.0 0.0 1153.0 0.0 13375.0 36.0 12747.0 0.08473037583973853
36 41 48 0.0 0.0 624.0 0.0 11023.0 19.0 3742.0 0.10260920551158016
36 41 49 0.0 0.0 160.0 0.0 3947.0 16.0 108.0 0.22984731571170577
36 41 50 0.0 0.0 3.0 0.0 78.0 3.0 0.0 0.6737247353224253
36 42 30 0.0 0.0 0.0 0.0 20.0 0.0 0.0 0.6930693069306929
36 42 31 0.0 0.0 13.0 0.0 393.0 8.0 1.0 0.5838198498748957
36 42 32 0.0 0.0 635.0 0.0 10938.0 26.0 3105.0 0.10323722439348129
36 42 33 0.0 0.0 785.0 0.0 12346.0 24.0 5884.0 0.09251916468411313
36 42 34 0.0 0.0 1389.0 0.0 13546.0 42.0 18333.0 0.08272764876203981
36 42 35 0.0 0.0 2063.0 0.0 13606.0 58.0 28911.0 0.07922136713444997
36 42 36 0.0 0.0 3407.0 0.0 11066.0 67.0 59648.0 0.08498239650358139
36 42 37 0.0 0.0 4917.0 0.0 10210.0 88.0 77880.0 0.08177570093457943
36 42 38 0.0 0.0 6198.0 0.0 8710.0 75.0 99262.0 0.082703213610586
36 42 39 0.0 2.0 6566.0 5.0 7009.0 85.0 116090.0 0.08995116936520174
36 42 40 0.0 0.0 6889.0 2.0 6910.0 85.0 119931.0 0.08875927217396817
36 42 41 0.0 0.0 6473.0 0.0 6429.0 51.0 123829.0 0.09369562307589345
36 42 42 0.0 2.0 5366.0 0.0 5481.0 71.0 128782.0 0.10897485794348874
36 42 43 0.0 1.0 5332.0 2.0 7257.0 81.0 109451.0 0.09591011851750358
36 42 44 0.0 0.0 4657.0 0.0 9568.0 84.0 82301.0 0.08641441886303314
36 42 45 0.0 0.0 3383.0 0.0 11707.0 78.0 53674.0 0.0819960173363008
36 42 46 0.0 0.0 2248.0 0.0 13172.0 56.0 32736.0 0.08032589362556657
36 42 47 0.0 0.0 1092.0 0.0 12984.0 34.0 12158.0 0.08714054525084028
36 42 48 0.0 0.0 765.0 0.0 11636.0 31.0 3779.0 0.09731683581259556
36 42 49 0.0 0.0 49.0 0.0 1193.0 5.0 5.0 0.43263288009888745
36 42 50 0.0 0.0 6.0 0.0 168.0 1.0 0.0 0.6442705936493326
36 43 30 0.0 0.0 0.0 0.0 9.0 0.0 0.0 0.6968641114982577
36 43 31 0.0 0.0 53.0 0.0 1120.0 16.0 5.0 0.4435994930291508
36 43 32 0.0 0.0 569.0 0.0 10541.0 33.0 2926.0 0.1069682151589242
36 43 33 0.0 0.0 770.0 0.0 12064.0 16.0 5923.0 0.09435869784996966
36 43 34 0.0 0.0 1831.0 0.0 13072.0 48.0 27199.0 0.08282063416942734
36 43 35 0.0 0.0 1877.0 0.0 13169.0 53.0 27334.0 0.08211143695014661
36 43 36 0.0 0.0 2521.0 0.0 13410.0 54.0 33794.0 0.07805530776092773
36 43 37 0.0 0.0 4102.0 0.0 10520.0 92.0 70339.0 0.08429164910590642
36 43 38 0.0 0.0 5233.0 0.0 10007.0 92.0 80776.0 0.08128193218764514
36 43 39 0.0 1.0 5335.0 2.0 7702.0 62.0 104477.0 0.09298000929800092
36 43 40 0.0 0.0 5698.0 0.0 7060.0 81.0 110915.0 0.09492812584757254
36 43 41 0.0 0.0 5998.0 0.0 8778.0 72.0 96665.0 0.08328375966686495
36 43 42 0.0 2.0 5680.0 3.0 8665.0 86.0 95761.0 0.08551184949914488
36 43 43 0.0 0.0 5015.0 0.0 8121.0 77.0 97203.0 0.09236656330408391
36 43 44 0.0 0.0 3856.0 0.0 9269.0 64.0 78771.0 0.09259259259259259
36 43 45 0.0 0.0 3161.0 0.0 10565.0 59.0 59166.0 0.088939711581221
36 43 46 0.0 0.0 1710.0 0.0 14389.0 37.0 18672.0 0.07733952049497292
36 43 47 0.0 0.0 1073.0 0.0 13087.0 32.0 11062.0 0.08667120658701169
36 43 48 0.0 0.0 519.0 0.0 10208.0 30.0 2658.0 0.11013215859030835
36 43 49 0.0 0.0 219.0 0.0 5135.0 21.0 280.0 0.19086571233810495
36 43 50 0.0 0.0 51.0 0.0 938.0 6.0 7.0 0.4691689008042895
36 44 30 0.0 0.0 0.0 0.0 11.0 0.0 0.0 0.6961710591745399
36 44 31 0.0 0.0 144.0 0.0 3191.0 16.0 83.0 0.2632073698063545
36 44 32 0.0 0.0 276.0 0.0 5643.0 20.0 338.0 0.17714791851195746
36 44 33 0.0 0.0 689.0 0.0 11493.0 27.0 3803.0 0.09873756964525002
36 44 34 0.0 0.0 1156.0 0.0 13376.0 27.0 12971.0 0.08463817181548877
36 44 35 0.0 0.0 1413.0 0.0 13717.0 28.0 16536.0 0.08172796263864564
36 44 36 0.0 0.0 1987.0 0.0 13729.0 37.0 25487.0 0.07898894154818324
36 44 37 0.0 0.0 2720.0 0.0 12899.0 72.0 39911.0 0.07948674274683472
36 44 38 0.0 0.0 3935.0 0.0 9545.0 63.0 78363.0 0.09040423608420509
36 44 39 0.0 0.0 4538.0 0.0 9960.0 64.0 78602.0 0.08479709267110841
36 44 40 0.0 0.0 4743.0 0.0 9784.0 90.0 79305.0 0.08472012102874431
36 44 41 0.0 0.0 4591.0 0.0 8395.0 68.0 93626.0 0.09326493904470054
36 44 42 0.0 1.0 4279.0 6.0 10263.0 68.0 72404.0 0.08455638098689376
36 44 43 0.0 1.0 3676.0 3.0 12123.0 62.0 53058.0 0.0785237534354142
36 44 44 0.0 0.0 3110.0 0.0 11986.0 52.0 49259.0 0.08179003330022784
36 44 45 0.0 0.0 2540.0 0.0 12497.0 53.0 39820.0 0.08214516223669541
36 44 46 0.0 0.0 1375.0 0.0 13960.0 42.0 13960.0 0.08070094535393127
36 44 47 0.0 0.0 639.0 0.0 11319.0 31.0 4384.0 0.10041600918089225
36 44 48 0.0 0.0 161.0 0.0 4282.0 18.0 166.0 0.21786492374727665
36 44 49 0.0 0.0 50.0 0.0 1186.0 10.0 3.0 0.4339739615623062
36 44 50 0.0 0.0 0.0 0.0 9.0 0.0 0.0 0.6968641114982577
36 45 29 0.0 0.0 0.0 0.0 2.0 0.0 0.0 0.6993006993006992
36 45 30 0.0 0.0 15.0 0.0 284.0 7.0 0.0 0.6108202443280977
36 45 31 0.0 0.0 4.0 0.0 158.0 2.0 0.0 0.648148148148148
36 45 32 0.0 0.0 225.0 0.0 5001.0 21.0 225.0 0.19420169232903312
36 45 33 0.0 0.0 480.0 0.0 9233.0 27.0 1678.0 0.1196785775346213
36 45 34 0.0 0.0 622.0 0.0 10904.0 40.0 3179.0 0.10375750389090639
36 45 35 0.0 0.0 876.0 0.0 12941.0 31.0 8160.0 0.08851236011885943
36 45 36 0.0 0.0 1195.0 0.0 13903.0 37.0 11729.0 0.08192883895131085
36 45 37 0.0 0.0 2091.0 0.0 12695.0 53.0 32134.0 0.08341277407054336
36 45 38 0.0 0.0 2818.0 0.0 11989.0 60.0 46062.0 0.08329366968110423
36 45 39 0.0 0.0 3442.0 0.0 9362.0 85.0 73114.0 0.094709782167501
36 45 40 0.0 0.0 3314.0 0.0 11476.0 81.0 55023.0 0.08337800011911142
36 45 41 0.0 0.0 3372.0 1.0 10156.0 62.0 67409.0 0.09009009009009007
36 45 42 0.0 0.0 3064.0 1.0 11903.0 50.0 49755.0 0.08244994110718491
36 45 43 0.0 0.0 2547.0 0.0 12278.0 53.0 41347.0 0.083184789067142
36 45 44 0.0 0.0 1741.0 0.0 13741.0 45.0 22626.0 0.08011903399336155
36 45 45 0.0 0.0 1810.0 0.0 12988.0 46.0 27248.0 0.08333333333333333
36 45 46 0.0 0.0 1201.0 0.0 13120.0 37.0 15891.0 0.0857948277975242
36 45 47 0.0 0.0 583.0 0.0 10983.0 26.0 3533.0 0.1032829214312062
36 45 48 0.0 0.0 137.0 0.0 3744.0 15.0 121.0 0.23866348448687347
36 45 49 0.0 0.0 14.0 0.0 335.0 5.0 1.0 0.5972696245733787
36 45 50 0.0 0.0 0.0 0.0 1.0 0.0 0.0 0.6996501749125437
36 46 31 0.0 0.0 2.0 0.0 31.0 1.0 0.0 0.6889763779527558
36 46 32 0.0 0.0 139.0 0.0 3683.0 15.0 129.0 0.24104683195592286
36 46 33 0.0 0.0 243.0 0.0 5679.0 15.0 360.0 0.17703591299949417
36 46 34 0.0 0.0 529.0 0.0 10069.0 21.0 2629.0 0.1112700683516134
36 46 35 0.0 0.0 622.0 0.0 10746.0 34.0 2909.0 0.1048767697954903
36 46 36 0.0 0.0 934.0 0.0 12854.0 30.0 9495.0 0.08866932674646906
36 46 37 0.0 0.0 1408.0 0.0 13632.0 41.0 17533.0 0.08218856404837382
36 46 38 0.0 0.0 1668.0 0.0 14158.0 46.0 20334.0 0.07854578096947934
36 46 39 0.0 0.0 2101.0 0.0 13307.0 58.0 29700.0 0.08046439450543134
36 46 40 0.0 0.0 2181.0 0.0 12503.0 45.0 35042.0 0.0839278220730172
36 46 41 0.0 0.0 1831.0 0.0 13822.0 39.0 22315.0 0.0792931581332125
36 46 42 0.0 0.0 1586.0 0.0 14080.0 42.0 17533.0 0.07928417714350434
36 46 43 0.0 0.0 1284.0 0.0 13897.0 29.0 12780.0 0.0814048145133155
36 46 44 0.0 0.0 1229.0 0.0 13583.0 41.0 13377.0 0.08333829394606822
36 46 45 0.0 0.0 970.0 0.0 13005.0 36.0 8167.0 0.08768633345859951
36 46 46 0.0 0.0 657.0 0.0 11240.0 19.0 3653.0 0.10080645161290322
36 46 47 0.0 0.0 188.0 0.0 5042.0 34.0 315.0 0.19452549673475056
36 46 48 0.0 0.0 11.0 0.0 492.0 3.0 3.0 0.5599999999999999
36 46 49 0.0 0.0 0.0 0.0 28.0 0.0 0.0 0.690335305719921
36 46 50 0.0 0.0 0.0 0.0 3.0 0.0 0.0 0.6989515726410384
36 47 32 0.0 0.0 0.0 0.0 36.0 0.0 0.0 0.6876227897838899
36 47 33 0.0 0.0 14.0 0.0 450.0 3.0 1.0 0.5691056910569106
36 47 34 0.0 0.0 56.0 0.0 1234.0 13.0 4.0 0.42722001830942935
36 47 35 0.0 0.0 102.0 0.0 2749.0 10.0 60.0 0.28919644701507946
36 47 36 0.0 0.0 280.0 0.0 6055.0 20.0 469.0 0.16826923076923073
36 47 37 0.0 0.0 812.0 0.0 12329.0 23.0 7051.0 0.09242754340793556
36 47 38 0.0 0.0 1382.0 0.0 13208.0 24.0 18667.0 0.08431195423065341
36 47 39 0.0 0.0 975.0 0.0 13029.0 38.0 9876.0 0.08753282480930348
36 47 40 0.0 0.0 1475.0 0.0 13123.0 35.0 20572.0 0.0843221104619647
36 47 41 0.0 0.0 783.0 0.0 12433.0 23.0 6162.0 0.09203865623561894
36 47 42 0.0 0.0 594.0 0.0 10520.0 17.0 2668.0 0.10682130321989927
36 47 43 0.0 0.0 882.0 0.0 12554.0 28.0 8444.0 0.09063835297164313
36 47 44 0.0 0.0 561.0 0.0 10263.0 18.0 2619.0 0.10922140739584957
36 47 45 0.0 0.0 477.0 0.0 8881.0 21.0 1407.0 0.12333715091181392
36 47 46 0.0 0.0 231.0 0.0 6082.0 12.0 568.0 0.1685122773230621
36 47 47 0.0 0.0 39.0 0.0 1109.0 9.0 7.0 0.4461440407903122
36 47 48 0.0 0.0 6.0 0.0 164.0 2.0 0.0 0.6457564575645756
36 47 49 0.0 0.0 0.0 0.0 10.0 0.0 0.0 0.6965174129353233
36 47 50 0.0 0.0 0.0 0.0 7.0 0.0 0.0 0.6975585450921773
36 48 31 0.0 0.0 0.0 0.0 2.0 0.0 0.0 0.6993006993006992
36 48 32 0.0 0.0 0.0 0.0 3.0 0.0 0.0 0.6989515726410384
36 48 33 0.0 0.0 0.0 0.0 7.0 0.0 0.0 0.6975585450921773
36 48 34 0.0 0.0 0.0 0.0 8.0 0.0 0.0 0.697211155378486
36 48 35 0.0 0.0 12.0 0.0 224.0 4.0 0.0 0.6272401433691756
36 48 36 0.0 0.0 172.0 0.0 3664.0 20.0 99.0 0.24071526822558456
36 48 37 0.0 0.0 280.0 0.0 6221.0 14.0 463.0 0.16491930733890917
36 48 38 0.0 0.0 530.0 0.0 9998.0 22.0 2246.0 0.11184788687385155
36 48 39 0.0 0.0 568.0 0.0 10275.0 34.0 2409.0 0.10915328239513487
36 48 40 0.0 0.0 1003.0 0.0 13034.0 29.0 8991.0 0.0873144567793439
36 48 41 0.0 0.0 821.0 0.0 12360.0 26.0 6298.0 0.09226916232781913
36 48 42 0.0 0.0 330.0 0.0 7163.0 27.0 727.0 0.1478352692713833
36 48 43 0.0 0.0 274.0 0.0 6624.0 17.0 598.0 0.1576221571718081
36 48 44 0.0 0.0 193.0 0.0 4358.0 23.0 149.0 0.21436227224008572
36 48 45 0.0 0.0 34.0 0.0 796.0 5.0 2.0 0.49575070821529743
36 48 46 0.0 0.0 2.0 0.0 103.0 1.0 0.0 0.6653992395437262
36 48 47 0.0 0.0 1.0 0.0 62.0 0.0 0.0 0.6786233640329616
36 48 48 0.0 0.0 18.0 0.0 464.0 1.0 3.0 0.5642885933091495
36 48 49 0.0 0.0 0.0 0.0 1.0 0.0 0.0 0.6996501749125437
36 49 35 0.0 0.0 0.0 0.0 10.0 0.0 0.0 0.6965174129353233
36 49 36 0.0 0.0 1.0 0.0 35.0 0.0 0.0 0.6876227897838899
36 49 37 0.0 0.0 3.0 0.0 236.0 2.0 1.0 0.6258381761287437
36 49 38 0.0 0.0 51.0 0.0 1185.0 6.0 3.0 0.43357076494270663
36 49 39 0.0 0.0 525.0 0.0 9886.0 27.0 2231.0 0.11302171631549204
36 49 40 0.0 0.0 131.0 0.0 3478.0 20.0 79.0 0.2504472271914132
36 49 41 0.0 0.0 125.0 0.0 3269.0 17.0 104.0 0.26041666666666663
36 49 42 0.0 0.0 240.0 0.0 4761.0 19.0 201.0 0.20042949176807442
36 49 43 0.0 0.0 19.0 0.0 672.0 5.0 3.0 0.5210271678451804
36 49 44 0.0 0.0 75.0 0.0 2153.0 9.0 32.0 0.3317535545023696
36 49 45 0.0 0.0 66.0 0.0 1613.0 5.0 12.0 0.38105606967882405
36 49 46 0.0 0.0 0.0 0.0 7.0 0.0 0.0 0.6975585450921773
36 49 47 0.0 0.0 0.0 0.0 3.0 0.0 0.0 0.6989515726410384
36 50 34 0.0 0.0 0.0 0.0 1.0 0.0 0.0 0.6996501749125437
36 50 36 0.0 0.0 0.0 0.0 12.0 0.0 0.0 0.6961710591745399
36 50 37 0.0 0.0 0.0 0.0 20.0 0.0 0.0 0.6930693069306929
36 50 38 0.0 0.0 4.0 0.0 118.0 1.0 0.0 0.66006600660066
36 50 39 0.0 0.0 148.0 0.0 3136.0 17.0 69.0 0.2657050673752135
36 50 40 0.0 0.0 17.0 0.0 491.0 5.0 1.0 0.5593288054334797
36 50 41 0.0 0.0 0.0 0.0 16.0 0.0 0.0 0.6944444444444444
36 50 42 0.0 0.0 0.0 0.0 21.0 0.0 0.0 0.6927263730826323
36 50 43 0.0 0.0 4.0 0.0 101.0 1.0 0.0 0.6653992395437262
36 50 44 0.0 0.0 0.0 0.0 10.0 0.0 0.0 0.6965174129353233
36 50 45 0.0 0.0 0.0 0.0 3.0 0.0 0.0 0.6989515726410384
36 50 46 0.0 0.0 0.0 0.0 2.0 0.0 0.0 0.6993006993006992
36 51 37 0.0 0.0 0.0 0.0 2.0 0.0 0.0 0.6993006993006992
36 51 38 0.0 0.0 0.0 0.0 2.0 0.0 0.0 0.6993006993006992
36 51 39 0.0 0.0 0.0 0.0 3.0 0.0 0.0 0.6989515726410384
36 51 42 0.0 0.0 0.0 0.0 1.0 0.0 0.0 0.6996501749125437
37 29 36 0.0 0.0 0.0 0.0 1.0 0.0 0.0 0.6996501749125437
37 29 37 0.0 0.0 0.0 0.0 3.0 0.0 0.0 0.6989515726410384
37 29 38 0.0 0.0 0.0 0.0 7.0 0.0 0.0 0.6975585450921773
37 29 39 0.0 0.0 0.0 0.0 2.0 0.0 0.0 0.6993006993006992
37 29 40 0.0 0.0 0.0 0.0 3.0 0.0 0.0 0.6989515726410384
37 29 41 0.0 0.0 0.0 0.0 9.0 0.0 0.0 0.6968641114982577
37 29 42 0.0 0.0 0.0 0.0 3.0 0.0 0.0 0.6989515726410384
37 29 43 0.0 0.0 0.0 0.0 1.0 0.0 0.0 0.6996501749125437
37 30 33 0.0 0.0 0.0 0.0 1.0 0.0 0.0 0.6996501749125437
37 30 35 0.0 0.0 0.0 0.0 12.0 0.0 0.0 0.6958250497017892
37 30 36 0.0 0.0 46.0 0.0 999.0 8.0 4.0 0.46098123147843256
37 30 37 0.0 0.0 151.0 0.0 3709.0 27.0 122.0 0.23997257456290705
37 30 38 0.0 0.0 35.0 0.0 998.0 5.0 7.0 0.46235138705416107
37 30 39 0.0 0.0 0.0 0.0 63.0 0.0 0.0 0.6786233640329616
37 30 40 0.0 0.0 0.0 0.0 41.0 1.0 0.0 0.6866110838646394
37 30 41 0.0 0.0 0.0 0.0 36.0 0.0 0.0 0.6876227897838899
37 30 42 0.0 0.0 5.0 0.0 112.0 1.0 0.0 0.661625708884688
37 30 43 0.0 0.0 0.0 0.0 15.0 0.0 0.0 0.694789081885856
37 30 44 0.0 0.0 0.0 0.0 2.0 0.0 0.0 0.6993006993006992
37 31 31 0.0 0.0 0.0 0.0 9.0 0.0 0.0 0.6968641114982577
37 31 32 0.0 0.0 0.0 0.0 20.0 0.0 0.0 0.6930693069306929
37 31 33 0.0 0.0 1.0 0.0 43.0 0.0 0.0 0.684931506849315
37 31 34 0.0 0.0 22.0 0.0 713.0 5.0 1.0 0.5130084279956026
37 31 35 0.0 0.0 1.0 0.0 195.0 0.0 0.0 0.6378132118451024
37 31 36 0.0 0.0 273.0 0.0 5824.0 20.0 347.0 0.1732030186811827
37 31 37 0.0 0.0 611.0 0.0 10832.0 29.0 3707.0 0.10425199195770347
37 31 38 0.0 0.0 401.0 0.0 8229.0 19.0 1115.0 0.1317771084337349
37 31 39 0.0 0.0 164.0 0.0 3643.0 10.0 96.0 0.24154589371980673
37 31 40 0.0 0.0 29.0 0.0 829.0 12.0 2.0 0.49191848208011235
37 31 41 0.0 0.0 57.0 0.0 1632.0 11.0 11.0 0.3805381897254688
37 31 42 0.0 0.0 78.0 0.0 1740.0 7.0 15.0 0.36735764891104694
37 31 43 0.0 0.0 47.0 0.0 1078.0 11.0 6.0 0.44958253050738595
37 31 44 0.0 0.0 0.0 0.0 63.0 0.0 0.0 0.6789524733268669
37 31 45 0.0 0.0 0.0 0.0 17.0 0.0 0.0 0.694100148735746
37 31 46 0.0 0.0 0.0 0.0 15.0 0.0 0.0 0.694789081885856
37 31 47 0.0 0.0 0.0 0.0 10.0 0.0 0.0 0.6965174129353233
37 31 48 0.0 0.0 0.0 0.0 1.0 0.0 0.0 0.6996501749125437
37 32 30 0.0 0.0 0.0 0.0 4.0 0.0 0.0 0.6986027944111775
37 32 31 0.0 0.0 4.0 0.0 87.0 0.0 0.0 0.669536107125777
37 32 32 0.0 0.0 3.0 0.0 175.0 0.0 1.0 0.6430868167202571
37 32 33 0.0 0.0 96.0 0.0 2573.0 20.0 55.0 0.30107526881720426
37 32 34 0.0 0.0 462.0 0.0 9025.0 21.0 1577.0 0.12199372603694666
37 32 35 0.0 0.0 333.0 0.0 7333.0 26.0 832.0 0.14518303432541738
37 32 36 0.0 0.0 303.0 0.0 6397.0 9.0 485.0 0.16106764841233318
37 32 37 0.0 0.0 366.0 0.0 7770.0 21.0 926.0 0.1382989232440976
37 32 38 0.0 0.0 902.0 0.0 12659.0 40.0 7880.0 0.09009009009009007
37 32 39 0.0 0.0 583.0 0.0 10489.0 19.0 2974.0 0.10716472749540722
37 32 40 0.0 0.0 515.0 0.0 9866.0 23.0 2299.0 0.11325028312570781
37 32 41 0.0 0.0 328.0 0.0 8032.0 15.0 1180.0 0.13526570048309175
37 32 42 0.0 0.0 781.0 0.0 12198.0 35.0 5793.0 0.09356412484127513
37 32 43 0.0 0.0 353.0 0.0 7590.0 18.0 882.0 0.14097271171080453
37 32 44 0.0 0.0 78.0 0.0 2108.0 12.0 30.0 0.33532934131736525
37 32 45 0.0 0.0 283.0 0.0 5950.0 22.0 402.0 0.1703992210321324
37 32 46 0.0 0.0 1.0 0.0 235.0 0.0 0.0 0.626118067978533
37 32 47 0.0 0.0 150.0 0.0 3192.0 19.0 73.0 0.2630095810633101
37 32 48 0.0 0.0 1.0 0.0 43.0 0.0 0.0 0.684931506849315
37 32 49 0.0 0.0 0.0 0.0 1.0 0.0 0.0 0.6996501749125437
37 33 30 0.0 0.0 22.0 0.0 558.0 6.0 1.0 0.5439005439005438
37 33 31 0.0 0.0 161.0 0.0 3885.0 13.0 153.0 0.23194168323392972
37 33 32 0.0 0.0 197.0 0.0 5007.0 18.0 288.0 0.19476905954368387
37 33 33 0.0 0.0 708.0 0.0 11492.0 31.0 4199.0 0.09873060648801128
37 33 34 0.0 0.0 780.0 0.0 12094.0 26.0 5135.0 0.09417462666487286
37 33 35 0.0 0.0 1119.0 0.0 13121.0 34.0 13069.0 0.08623344625808438
37 33 36 0.0 0.0 683.0 0.0 11362.0 18.0 3337.0 0.09967960128159485
37 33 37 0.0 0.0 1203.0 0.0 13464.0 33.0 13213.0 0.08400336013440536
37 33 38 0.0 0.0 1154.0 0.0 13881.0 34.0 9344.0 0.08223201174743024
37 33 39 0.0 0.0 1269.0 0.0 13532.0 32.0 14683.0 0.08335317932841152
37 33 40 0.0 0.0 1522.0 0.0 13057.0 38.0 22518.0 0.08441362677117877
37 33 41 0.0 0.0 1600.0 0.0 13222.0 45.0 22995.0 0.08316502316739931
37 33 42 0.0 0.0 1123.0 0.0 13486.0 43.0 9748.0 0.08441362677117877
37 33 43 0.0 0.0 699.0 0.0 11377.0 23.0 3394.0 0.09954493742889646
37 33 44 0.0 0.0 678.0 0.0 11406.0 23.0 4354.0 0.09945300845350571
37 33 45 0.0 0.0 236.0 0.0 6124.0 23.0 540.0 0.16790597265531298
37 33 46 0.0 0.0 483.0 0.0 9574.0 13.0 2199.0 0.1161247511612475
37 33 47 0.0 0.0 269.0 0.0 6127.0 17.0 492.0 0.1670445054289464
37 33 48 0.0 0.0 215.0 0.0 4206.0 14.0 167.0 0.21844281479169914
37 33 49 0.0 0.0 8.0 0.0 222.0 2.0 1.0 0.6283662477558347
37 34 30 0.0 0.0 8.0 0.0 345.0 1.0 2.0 0.5952380952380951
37 34 31 0.0 0.0 359.0 0.0 7061.0 24.0 645.0 0.14887282007656313
37 34 32 0.0 0.0 861.0 0.0 12351.0 28.0 6765.0 0.09202050742736952
37 34 33 0.0 0.0 744.0 0.0 12064.0 32.0 5808.0 0.09470337549888384
37 34 34 0.0 0.0 1150.0 0.0 13439.0 36.0 12953.0 0.08442889880593413
37 34 35 0.0 0.0 1809.0 0.0 12871.0 37.0 26826.0 0.08394795226959284
37 34 36 0.0 0.0 1550.0 0.0 14021.0 43.0 18119.0 0.0796495420151334
37 34 37 0.0 0.0 2062.0 0.0 13429.0 58.0 28306.0 0.08005489478499542
37 34 38 0.0 0.0 2380.0 0.0 11537.0 48.0 44341.0 0.08793417498900821
37 34 39 0.0 0.0 2816.0 0.0 12215.0 60.0 45495.0 0.08222718195700691
37 34 40 0.0 0.0 2528.0 0.0 12026.0 76.0 42302.0 0.08465864425228276
37 34 41 0.0 0.0 2122.0 0.0 13356.0 47.0 30162.0 0.08007320979180965
37 34 42 0.0 0.0 1886.0 0.0 13597.0 41.0 24776.0 0.08010069802036845
37 34 43 0.0 0.0 1627.0 0.0 13513.0 40.0 21980.0 0.08171365201657618
37 34 44 0.0 0.0 1286.0 0.0 13772.0 32.0 13893.0 0.08210662131253298
37 34 45 0.0 0.0 760.0 0.0 11977.0 28.0 4946.0 0.0950312245452077
37 34 46 0.0 0.0 626.0 0.0 11225.0 29.0 4857.0 0.10121457489878542
37 34 47 0.0 0.0 248.0 0.0 5203.0 29.0 275.0 0.18852679773767841
37 34 48 0.0 0.0 198.0 0.0 4231.0 18.0 123.0 0.21837466853844953
37 34 49 0.0 0.0 0.0 0.0 26.0 1.0 0.0 0.6913580246913579
37 35 30 0.0 0.0 13.0 0.0 206.0 2.0 0.0 0.6317689530685919
37 35 31 0.0 0.0 405.0 0.0 7835.0 21.0 913.0 0.13694610192702728
37 35 32 0.0 0.0 824.0 0.0 12339.0 22.0 6072.0 0.09240314170681801
37 35 33 0.0 0.0 1812.0 0.0 12375.0 42.0 29154.0 0.08651588184402421
37 35 34 0.0 0.0 1789.0 0.0 13289.0 55.0 25454.0 0.08204887768856589
37 35 35 0.0 0.0 2150.0 0.0 13275.0 52.0 31092.0 0.08033972225410306
37 35 36 0.0 0.0 2785.0 0.0 12452.0 51.0 43238.0 0.08116883116883115
37 35 37 0.0 0.0 3267.0 0.0 11230.0 70.0 54779.0 0.08488964346349745
37 35 38 0.0 0.0 3731.0 0.0 11823.0 72.0 55996.0 0.07974935915693533
37 35 39 0.0 0.0 4092.0 0.0 10949.0 71.0 66740.0 0.08213552361396302
37 35 40 0.0 0.0 3970.0 0.0 11905.0 74.0 57799.0 0.07836113287809246
37 35 41 0.0 0.0 3751.0 0.0 10706.0 85.0 64798.0 0.08512190673071075
37 35 42 0.0 0.0 3510.0 0.0 10502.0 80.0 63522.0 0.08746719980007496
37 35 43 0.0 0.0 2587.0 0.0 12471.0 59.0 41382.0 0.08206811653672548
37 35 44 0.0 0.0 2138.0 0.0 13404.0 50.0 28851.0 0.079844872818524
37 35 45 0.0 0.0 1457.0 0.0 13179.0 46.0 20121.0 0.0841902700102231
37 35 46 0.0 0.0 1054.0 0.0 13326.0 31.0 8928.0 0.08550662676357416
37 35 47 0.0 0.0 1021.0 0.0 13093.0 30.0 10711.0 0.08686480114165165
37 35 48 0.0 0.0 304.0 0.0 6534.0 13.0 530.0 0.15855039637599092
37 35 49 0.0 0.0 24.0 0.0 592.0 6.0 0.0 0.5366040628593329
37 36 29 0.0 0.0 0.0 0.0 4.0 0.0 0.0 0.6989515726410384
37 36 30 0.0 0.0 17.0 0.0 491.0 2.0 1.0 0.5586592178770949
37 36 31 0.0 0.0 182.0 0.0 4597.0 21.0 214.0 0.20719254106852153
37 36 32 0.0 0.0 729.0 0.0 12156.0 32.0 6308.0 0.09411132024737831
37 36 33 0.0 0.0 1289.0 0.0 13803.0 43.0 14793.0 0.08202484180923364
37 36 34 0.0 0.0 1593.0 0.0 14116.0 36.0 17646.0 0.07904691999322454
37 36 35 0.0 0.0 2709.0 0.0 12686.0 48.0 40771.0 0.08041355542791498
37 36 36 0.0 0.0 3812.0 0.0 11469.0 56.0 60770.0 0.08092953349904618
37 36 37 0.0 0.0 4746.0 0.0 9839.0 74.0 80291.0 0.08433226914041321
37 36 38 0.0 0.0 5278.0 0.0 8918.0 77.0 91813.0 0.08647847303724751
37 36 39 0.0 0.0 4889.0 0.0 6488.0 59.0 114966.0 0.10436079016026835
37 36 40 0.0 0.0 5537.0 0.0 7431.0 66.0 107362.0 0.09350163627863486
37 36 41 0.0 0.0 5306.0 0.0 8164.0 70.0 99005.0 0.09042759333419453
37 36 42 0.0 0.0 4852.0 0.0 9025.0 74.0 88888.0 0.08813900780659782
37 36 43 0.0 0.0 4006.0 0.0 10147.0 63.0 72655.0 0.08663902469212202
37 36 44 0.0 0.0 3161.0 0.0 12136.0 68.0 49193.0 0.0809108247124776
37 36 45 0.0 0.0 1899.0 0.0 14125.0 42.0 23574.0 0.07764405745660251
37 36 46 0.0 0.0 1165.0 0.0 13690.0 38.0 10493.0 0.08308112278203073
37 36 47 0.0 0.0 527.0 0.0 10043.0 17.0 2201.0 0.11139401654996817
37 36 48 0.0 0.0 387.0 0.0 8196.0 22.0 1159.0 0.13247539742619227
37 36 49 0.0 0.0 49.0 0.0 1155.0 10.0 6.0 0.43832185347526603
37 36 50 0.0 0.0 0.0 0.0 7.0 0.0 0.0 0.6975585450921773
37 37 29 0.0 0.0 1.0 0.0 7.0 0.0 0.0 0.697211155378486
37 37 30 0.0 0.0 94.0 0.0 2560.0 20.0 44.0 0.3020496224379719
37 37 31 0.0 0.0 450.0 0.0 8761.0 16.0 1332.0 0.12494422132976347
37 37 32 0.0 0.0 864.0 0.0 12593.0 26.0 6464.0 0.09060315816722753
37 37 33 0.0 0.0 2003.0 0.0 12226.0 46.0 34061.0 0.08619628124615193
37 37 34 0.0 0.0 2138.0 0.0 13690.0 50.0 28601.0 0.07855018795937832
37 37 35 0.0 0.0 3505.0 0.0 11010.0 61.0 60473.0 0.08479709267110841
37 37 36 0.0 0.0 4601.0 0.0 10482.0 81.0 74081.0 0.0819384291232588
37 37 37 0.0 0.0 4701.0 0.0 5998.0 74.0 120113.0 0.11011483404121439
37 37 38 0.0 0.0 5833.0 0.0 5782.0 66.0 127072.0 0.10270706477881299
37 37 39 0.0 1.0 7100.0 4.0 6158.0 59.0 125428.0 0.09149728775897
37 37 40 0.0 0.0 5962.0 0.0 4811.0 69.0 139743.0 0.1098211484154377
37 37 41 0.0 0.0 6782.0 0.0 6519.0 72.0 123123.0 0.09150924897052094
37 37 42 0.0 1.0 5151.0 2.0 5896.0 64.0 123226.0 0.10724682089780908
37 37 43 0.0 1.0 5269.0 3.0 9280.0 94.0 87950.0 0.08445945945945946
37 37 44 0.0 0.0 3905.0 0.0 10809.0 64.0 65429.0 0.08370202080593088
37 37 45 0.0 0.0 2837.0 1.0 12214.0 77.0 45957.0 0.08215480312188252
37 37 46 0.0 0.0 2114.0 0.0 12638.0 46.0 33765.0 0.08353720389044691
37 37 47 0.0 0.0 1020.0 0.0 13187.0 30.0 9388.0 0.08638775762063432
37 37 48 0.0 0.0 491.0 0.0 9384.0 20.0 1843.0 0.11800404585300064
37 37 49 0.0 0.0 105.0 0.0 2757.0 18.0 51.0 0.2890173410404624
37 37 50 0.0 0.0 0.0 0.0 15.0 0.0 0.0 0.694789081885856
37 38 29 0.0 0.0 0.0 0.0 1.0 0.0 0.0 0.6996501749125437
37 38 30 0.0 0.0 11.0 0.0 315.0 4.0 0.0 0.6029285099052539
37 38 31 0.0 0.0 526.0 0.0 9627.0 25.0 1937.0 0.11533075212126204
37 38 32 0.0 0.0 1334.0 0.0 12866.0 27.0 18172.0 0.08636644046884638
37 38 33 0.0 0.0 1840.0 0.0 13551.0 55.0 24713.0 0.08053382420616659
37 38 34 0.0 0.0 2420.0 0.0 13155.0 45.0 34022.0 0.07965860597439543
37 38 35 0.0 0.0 3629.0 0.0 11559.0 65.0 57209.0 0.08138115444980526
37 38 36 0.0 0.0 5367.0 0.0 9830.0 80.0 84299.0 0.08143796172415797
37 38 37 0.0 0.0 6156.0 0.0 7093.0 92.0 115092.0 0.09202655623479918
37 38 38 0.0 0.0 6710.0 2.0 4939.0 69.0 138988.0 0.10250402694391565
37 38 39 0.0 0.0 5506.0 0.0 3506.0 62.0 154515.0 0.12707633657075426
37 38 40 0.0 1.0 6247.0 1.0 3678.0 44.0 153756.0 0.11716461628588165
37 38 41 0.0 2.0 5032.0 4.0 3323.0 31.0 155407.0 0.13516122803630043
37 38 42 0.0 1.0 6831.0 2.0 5727.0 65.0 131775.0 0.09608785175017157
37 38 43 0.0 0.0 6347.0 1.0 8548.0 93.0 100395.0 0.08288437629506837
37 38 44 0.0 7.0 4836.0 20.0 9735.0 80.0 80541.0 0.08440344848375232
37 38 45 0.0 0.0 3529.0 0.0 11084.0 68.0 60199.0 0.08436275986742994
37 38 46 0.0 0.0 1876.0 0.0 13683.0 45.0 24986.0 0.0797857183564142
37 38 47 0.0 0.0 1401.0 0.0 13290.0 41.0 17646.0 0.08391273076000957
37 38 48 0.0 0.0 556.0 0.0 10302.0 22.0 2642.0 0.1089239866179102
37 38 49 0.0 0.0 126.0 0.0 3246.0 9.0 88.0 0.2609992542878449
37 38 50 0.0 0.0 0.0 0.0 39.0 0.0 0.0 0.6866110838646394
37 39 29 0.0 0.0 0.0 0.0 4.0 0.0 0.0 0.6986027944111775
37 39 30 0.0 0.0 59.0 0.0 1302.0 14.0 4.0 0.4182850313713773
37 39 31 0.0 0.0 298.0 0.0 7281.0 17.0 929.0 0.14639757398305966
37 39 32 0.0 0.0 611.0 0.0 11014.0 26.0 3616.0 0.10279756222923854
37 39 33 0.0 0.0 1403.0 0.0 13516.0 39.0 17527.0 0.08269832831236339
37 39 34 0.0 0.0 2526.0 0.0 12661.0 72.0 39376.0 0.081537565521258
37 39 35 0.0 0.0 4031.0 0.0 11172.0 70.0 64096.0 0.08132915069129777
37 39 36 0.0 0.0 5277.0 0.0 8110.0 91.0 101188.0 0.09086188992731048
37 39 37 0.0 1.0 6531.0 0.0 6502.0 71.0 122130.0 0.09322146757224663
37 39 38 0.0 3.0 7403.0 1.0 4808.0 65.0 142769.0 0.09849444209933866
37 39 39 0.0 5.0 7641.0 4.0 3754.0 49.0 153795.0 0.1045790692462837
37 39 40 0.0 3.0 7542.0 2.0 3612.0 51.0 155860.0 0.10657734470158342
37 39 41 0.0 4.0 7944.0 3.0 4328.0 54.0 148356.0 0.09814230634419907
37 39 42 0.0 4.0 7737.0 4.0 5274.0 60.0 137509.0 0.09314703925482366
37 39 43 0.0 0.0 5182.0 1.0 4892.0 65.0 135804.0 0.11598044901002401
37 39 44 0.0 0.0 5347.0 1.0 8424.0 67.0 97488.0 0.08864686886595327
37 39 45 0.0 0.0 3834.0 0.0 10104.0 83.0 70376.0 0.08789001192793018
37 39 46 0.0 0.0 2497.0 0.0 12176.0 50.0 41743.0 0.08386246555648735
37 39 47 0.0 0.0 1205.0 0.0 13688.0 34.0 11526.0 0.08289909995262908
37 39 48 0.0 0.0 553.0 0.0 10250.0 26.0 2811.0 0.10949475989363365
37 39 49 0.0 0.0 121.0 0.0 3247.0 15.0 103.0 0.2613890963405526
37 39 50 0.0 0.0 0.0 0.0 34.0 0.0 0.0 0.6882989183874139
37 40 29 0.0 0.0 0.0 0.0 2.0 0.0 0.0 0.6993006993006992
37 40 30 0.0 0.0 40.0 0.0 687.0 7.0 0.0 0.5147058823529411
37 40 31 0.0 0.0 118.0 0.0 3477.0 16.0 92.0 0.25107604017216634
37 40 32 0.0 0.0 590.0 0.0 10659.0 27.0 2959.0 0.10580411124546553
37 40 33 0.0 0.0 1518.0 0.0 13794.0 47.0 17875.0 0.08089679879810469
37 40 34 0.0 0.0 2765.0 0.0 12240.0 71.0 43521.0 0.08242566970856637
37 40 35 0.0 0.0 4082.0 0.0 10237.0 71.0 72557.0 0.08574228319451248
37 40 36 0.0 2.0 5320.0 2.0 8583.0 83.0 94459.0 0.08804477705804666
37 40 37 0.0 0.0 6846.0 0.0 7025.0 72.0 118093.0 0.0881445570736007
37 40 38 0.0 0.0 7177.0 0.0 4495.0 52.0 146257.0 0.10248151672644754
37 40 39 0.0 4.0 5531.0 2.0 2652.0 40.0 164069.0 0.13714733542319746
37 40 40 0.0 5.0 7653.0 0.0 3237.0 44.0 159207.0 0.10845986984815617
37 40 41 0.0 6.0 7358.0 2.0 3614.0 45.0 155795.0 0.10781671159029649
37 40 42 0.0 0.0 6852.0 1.0 4197.0 55.0 148276.0 0.10728791478274197
37 40 43 0.0 1.0 6445.0 0.0 5623.0 56.0 130682.0 0.09944594402614007
37 40 44 0.0 0.0 5067.0 0.0 6995.0 72.0 111542.0 0.09956617594765664
37 40 45 0.0 0.0 4151.0 0.0 11495.0 81.0 63644.0 0.07940108892921958
37 40 46 0.0 0.0 2050.0 0.0 14784.0 57.0 22178.0 0.07433365190612722
37 40 47 0.0 0.0 1323.0 0.0 13690.0 45.0 14730.0 0.08227067050596462
37 40 48 0.0 0.0 537.0 0.0 10218.0 27.0 2793.0 0.10993325480957988
37 40 49 0.0 0.0 138.0 0.0 3571.0 17.0 94.0 0.2460024600246002
37 40 50 0.0 0.0 1.0 0.0 31.0 0.0 0.0 0.6889763779527558
37 40 51 0.0 0.0 0.0 0.0 2.0 0.0 0.0 0.6993006993006992
37 41 30 0.0 0.0 1.0 0.0 34.0 1.0 0.0 0.6882989183874139
37 41 31 0.0 0.0 354.0 0.0 7629.0 20.0 976.0 0.14046352964783784
37 41 32 0.0 0.0 471.0 0.0 8918.0 23.0 1386.0 0.12303365849371647
37 41 33 0.0 0.0 1131.0 0.0 13609.0 27.0 11054.0 0.08361204013377925
37 41 34 0.0 0.0 2411.0 0.0 12707.0 62.0 37393.0 0.08178047783164903
37 41 35 0.0 0.0 3482.0 0.0 12560.0 68.0 49687.0 0.07760962359332556
37 41 36 0.0 0.0 4773.0 0.0 9267.0 75.0 86394.0 0.08725459644749142
37 41 37 0.0 1.0 6681.0 1.0 7690.0 74.0 110275.0 0.08532943255927347
37 41 38 0.0 3.0 6428.0 8.0 4482.0 50.0 144777.0 0.10831721470019341
37 41 39 0.0 2.0 6522.0 2.0 3379.0 56.0 156944.0 0.11792452830188678
37 41 40 0.0 3.0 7059.0 5.0 3395.0 38.0 157239.0 0.11229646266142616
37 41 41 1.0 7.0 6731.0 4.0 3277.0 43.0 157648.0 0.116337045039056
37 41 42 0.0 1.0 5207.0 4.0 3221.0 46.0 157727.0 0.13421531972006515
37 41 43 0.0 1.0 6876.0 0.0 6133.0 81.0 127666.0 0.09320905459387482
37 41 44 0.0 0.0 5943.0 1.0 8808.0 78.0 96595.0 0.08348738744111156
37 41 45 0.0 0.0 4116.0 0.0 9501.0 74.0 78992.0 0.08966886568884903
37 41 46 0.0 0.0 2476.0 0.0 12887.0 46.0 37123.0 0.08055235903337168
37 41 47 0.0 0.0 1549.0 0.0 13591.0 43.0 19843.0 0.08172796263864564
37 41 48 0.0 0.0 718.0 0.0 11946.0 25.0 5078.0 0.09551098376313275
37 41 49 0.0 0.0 218.0 0.0 4919.0 18.0 238.0 0.1967120977940143
37 41 50 0.0 0.0 0.0 0.0 65.0 0.0 1.0 0.6779661016949151
37 41 51 0.0 0.0 0.0 0.0 7.0 0.0 0.0 0.6975585450921773
37 42 30 0.0 0.0 0.0 0.0 27.0 0.0 0.0 0.6906758756783422
37 42 31 0.0 0.0 18.0 0.0 656.0 3.0 4.0 0.5243445692883895
37 42 32 0.0 0.0 449.0 0.0 9039.0 30.0 1463.0 0.12199372603694666
37 42 33 0.0 0.0 1284.0 0.0 13687.0 27.0 13504.0 0.0824742268041237
37 42 34 0.0 0.0 2140.0 0.0 12790.0 46.0 32457.0 0.0826787928896238
37 42 35 0.0 0.0 3133.0 0.0 11204.0 71.0 56048.0 0.08569504805043765
37 42 36 0.0 0.0 4306.0 0.0 11359.0 68.0 65094.0 0.07919447901346305
37 42 37 0.0 0.0 5804.0 1.0 8216.0 79.0 102418.0 0.08739076154806491
37 42 38 0.0 1.0 5747.0 1.0 4978.0 60.0 135191.0 0.11001100110011
37 42 39 0.0 3.0 6792.0 5.0 4596.0 51.0 143443.0 0.10446202059394119
37 42 40 0.0 2.0 6645.0 2.0 3903.0 40.0 150023.0 0.11146496815286623
37 42 41 0.0 4.0 7823.0 2.0 5010.0 66.0 141188.0 0.09440323668240053
37 42 42 0.0 5.0 6375.0 8.0 4889.0 57.0 139894.0 0.10538994278831676
37 42 43 0.0 0.0 5261.0 0.0 5075.0 40.0 133884.0 0.1132961074694505
37 42 44 0.0 0.0 5152.0 0.0 7310.0 82.0 106933.0 0.09674521456706515
37 42 45 0.0 0.0 3908.0 0.0 11462.0 80.0 61887.0 0.0806498070165332
37 42 46 0.0 0.0 2609.0 0.0 12098.0 56.0 43225.0 0.08375710439724797
37 42 47 0.0 0.0 1587.0 0.0 13363.0 52.0 21787.0 0.08265438658637382
37 42 48 0.0 0.0 666.0 0.0 11126.0 35.0 3337.0 0.10164077246987076
37 42 49 0.0 0.0 577.0 0.0 10441.0 26.0 2879.0 0.10763435073422002
37 42 50 0.0 0.0 86.0 0.0 1609.0 11.0 13.0 0.3800217155266014
37 43 29 0.0 0.0 0.0 0.0 2.0 0.0 0.0 0.6993006993006992
37 43 30 0.0 0.0 0.0 0.0 20.0 0.0 0.0 0.6930693069306929
37 43 31 0.0 0.0 264.0 0.0 5809.0 26.0 409.0 0.17391304347826086
37 43 32 0.0 0.0 539.0 0.0 10513.0 27.0 3299.0 0.1074361138822807
37 43 33 0.0 0.0 1029.0 0.0 13213.0 29.0 10042.0 0.08618566855454321
37 43 34 0.0 0.0 1964.0 0.0 12968.0 46.0 29293.0 0.08263974971961513
37 43 35 0.0 0.0 2570.0 0.0 12732.0 61.0 39097.0 0.08094357076780757
37 43 36 0.0 0.0 3480.0 0.0 12152.0 78.0 53251.0 0.07948223004428294
37 43 37 0.0 0.0 4782.0 0.0 10279.0 83.0 76176.0 0.08204406938584154
37 43 38 0.0 4.0 5567.0 4.0 6823.0 63.0 114267.0 0.09724248107244564
37 43 39 0.0 1.0 6078.0 0.0 5779.0 55.0 128702.0 0.10079919360645113
37 43 40 0.0 1.0 6570.0 1.0 5948.0 73.0 127405.0 0.09645194626248707
37 43 41 0.0 5.0 5609.0 9.0 5030.0 58.0 135249.0 0.1105670510187964
37 43 42 0.0 3.0 6325.0 6.0 7347.0 78.0 112426.0 0.08931419457735246
37 43 43 0.0 0.0 5261.0 0.0 6964.0 59.0 111287.0 0.09839752600506042
37 43 44 0.0 0.0 4830.0 2.0 9978.0 86.0 79889.0 0.0832887143792016
37 43 45 0.0 0.0 3229.0 0.0 12616.0 68.0 48115.0 0.07840062720501763
37 43 46 0.0 0.0 2364.0 0.0 12599.0 63.0 36360.0 0.08254230293025175
37 43 47 0.0 0.0 1663.0 0.0 13641.0 56.0 22044.0 0.08092953349904618
37 43 48 0.0 0.0 633.0 0.0 11313.0 28.0 3688.0 0.10050251256281406
37 43 49 0.0 0.0 127.0 0.0 2971.0 14.0 65.0 0.27542789691127284
37 43 50 0.0 0.0 17.0 0.0 344.0 3.0 1.0 0.593975392448027
37 43 51 0.0 0.0 0.0 0.0 1.0 0.0 0.0 0.6996501749125437
37 44 30 0.0 0.0 2.0 0.0 74.0 0.0 0.0 0.6743737957610789
37 44 31 0.0 0.0 148.0 0.0 3883.0 14.0 122.0 0.23271276595744678
37 44 32 0.0 0.0 296.0 0.0 6664.0 24.0 648.0 0.1566871852266368
37 44 33 0.0 0.0 1027.0 0.0 13200.0 26.0 9106.0 0.08623875816188246
37 44 34 0.0 0.0 1285.0 0.0 13828.0 37.0 13620.0 0.08182349503214494
37 44 35 0.0 0.0 1790.0 0.0 14022.0 43.0 22312.0 0.07858105074090704
37 44 36 0.0 0.0 2426.0 0.0 13215.0 60.0 34423.0 0.07936058046595997
37 44 37 0.0 1.0 3612.0 0.0 12158.0 88.0 53618.0 0.07881995270802837
37 44 38 0.0 0.0 4900.0 1.0 10186.0 84.0 78109.0 0.08192404470712153
37 44 39 0.0 1.0 4855.0 3.0 6754.0 58.0 112649.0 0.10264682161448785
37 44 40 0.0 1.0 5502.0 1.0 9141.0 96.0 90418.0 0.08412955952166334
37 44 41 0.0 8.0 5248.0 15.0 8749.0 93.0 94486.0 0.08742350443362058
37 44 42 0.0 0.0 5006.0 1.0 10823.0 78.0 74138.0 0.07859428507269971
37 44 43 0.0 0.0 4147.0 0.0 10030.0 61.0 74583.0 0.08646245059288536
37 44 44 0.0 0.0 3762.0 0.0 10099.0 63.0 69897.0 0.08826681798121176
37 44 45 0.0 0.0 3032.0 0.0 10577.0 63.0 58267.0 0.08956560680698611
37 44 46 0.0 0.0 2233.0 0.0 11955.0 68.0 39076.0 0.0865533230293663
37 44 47 0.0 0.0 706.0 0.0 11762.0 25.0 4767.0 0.09681881051175656
37 44 48 0.0 0.0 586.0 0.0 10632.0 22.0 2977.0 0.10595625520320896
37 44 49 0.0 0.0 153.0 0.0 3436.0 10.0 76.0 0.2508960573476702
37 44 50 0.0 0.0 2.0 0.0 42.0 0.0 0.0 0.684931506849315
37 45 30 0.0 0.0 0.0 0.0 49.0 1.0 0.0 0.6839276990718123
37 45 31 0.0 0.0 14.0 0.0 320.0 3.0 0.0 0.6006006006006005
37 45 32 0.0 0.0 275.0 0.0 5453.0 15.0 269.0 0.1814882032667876
37 45 33 0.0 0.0 827.0 0.0 12276.0 38.0 5729.0 0.09286898839137643
37 45 34 0.0 0.0 1356.0 0.0 13159.0 45.0 18297.0 0.08481764206955045
37 45 35 0.0 0.0 1373.0 0.0 13513.0 37.0 17073.0 0.08290400900100668
37 45 36 0.0 0.0 2116.0 0.0 13181.0 42.0 30412.0 0.08093889113719141
37 45 37 0.0 0.0 2439.0 0.0 12932.0 55.0 36342.0 0.08055235903337168
37 45 38 0.0 0.0 3402.0 0.0 11389.0 54.0 56673.0 0.08327880554398905
37 45 39 0.0 0.0 3759.0 0.0 10145.0 71.0 70289.0 0.08796179944709724
37 45 40 0.0 0.0 3854.0 0.0 10339.0 66.0 70068.0 0.0864998455359901
37 45 41 0.0 0.0 3695.0 2.0 11676.0 73.0 56788.0 0.08052455999079719
37 45 42 0.0 0.0 3219.0 0.0 12518.0 69.0 47005.0 0.07899785577248616
37 45 43 0.0 0.0 2595.0 0.0 12784.0 65.0 38843.0 0.08064051609930303
37 45 44 0.0 0.0 2396.0 0.0 12797.0 48.0 35684.0 0.08142848833827719
37 45 45 0.0 0.0 2171.0 0.0 12648.0 61.0 33823.0 0.0832887143792016
37 45 46 0.0 0.0 1464.0 0.0 13393.0 42.0 19703.0 0.08311564948943242
37 45 47 0.0 0.0 886.0 0.0 12620.0 26.0 8035.0 0.09026434558349451
37 45 48 0.0 0.0 68.0 0.0 2161.0 15.0 32.0 0.3324625979577297
37 45 49 0.0 0.0 67.0 0.0 1675.0 10.0 11.0 0.37503348513260104
37 45 50 0.0 0.0 0.0 0.0 10.0 0.0 0.0 0.697211155378486
37 46 30 0.0 0.0 56.0 0.0 1838.0 10.0 28.0 0.36045314109165805
37 46 31 0.0 0.0 15.0 0.0 213.0 7.0 0.0 0.6303466906798738
37 46 32 0.0 0.0 12.0 0.0 578.0 5.0 2.0 0.5417956656346749
37 46 33 0.0 0.0 348.0 0.0 7231.0 23.0 855.0 0.14644351464435146
37 46 34 0.0 0.0 478.0 0.0 9097.0 29.0 1568.0 0.121191135734072
37 46 35 0.0 0.0 694.0 0.0 11668.0 20.0 4036.0 0.09749303621169916
37 46 36 0.0 0.0 1000.0 0.0 13285.0 30.0 8302.0 0.08603207767467584
37 46 37 0.0 0.0 1693.0 0.0 13774.0 53.0 21139.0 0.08021083992208089
37 46 38 0.0 0.0 2140.0 0.0 13226.0 60.0 30416.0 0.08066839527513683
37 46 39 0.0 0.0 2285.0 0.0 12620.0 49.0 36929.0 0.08276188224166468
37 46 40 0.0 0.0 2189.0 0.0 13167.0 63.0 31866.0 0.08061729816883566
37 46 41 0.0 0.0 1773.0 0.0 13883.0 42.0 22250.0 0.07918999943435713
37 46 42 0.0 0.0 1605.0 0.0 14047.0 43.0 18489.0 0.07932910244786945
37 46 43 0.0 0.0 1290.0 0.0 13666.0 30.0 13832.0 0.08260074340669064
37 46 44 0.0 0.0 1309.0 0.0 13702.0 34.0 15159.0 0.08230452674897118
37 46 45 0.0 0.0 1161.0 0.0 13395.0 23.0 11558.0 0.08450024142926121
37 46 46 0.0 0.0 929.0 0.0 12757.0 29.0 8512.0 0.08929710422247734
37 46 47 0.0 0.0 419.0 0.0 8851.0 18.0 1520.0 0.12427873945849977
37 46 48 0.0 0.0 281.0 0.0 5299.0 27.0 244.0 0.18525870054254331
37 46 49 0.0 0.0 179.0 0.0 4069.0 16.0 128.0 0.2245028864656831
37 46 50 0.0 0.0 1.0 0.0 31.0 0.0 0.0 0.6889763779527558
37 47 29 0.0 0.0 0.0 0.0 3.0 0.0 0.0 0.6989515726410384
37 47 30 0.0 0.0 0.0 0.0 2.0 0.0 0.0 0.6993006993006992
37 47 31 0.0 0.0 32.0 0.0 609.0 7.0 1.0 0.5315110098709187
37 47 32 0.0 0.0 102.0 0.0 2196.0 13.0 38.0 0.3266448903406439
37 47 33 0.0 0.0 28.0 0.0 981.0 4.0 6.0 0.46589018302828616
37 47 34 0.0 0.0 237.0 0.0 5579.0 16.0 373.0 0.17939518195797025
37 47 35 0.0 0.0 330.0 0.0 7302.0 26.0 751.0 0.14559068219633942
37 47 36 0.0 0.0 493.0 0.0 9630.0 15.0 1991.0 0.11554015020219525
37 47 37 0.0 0.0 746.0 0.0 12202.0 29.0 6022.0 0.0937207122774133
37 47 38 0.0 0.0 927.0 0.0 12922.0 24.0 7670.0 0.08831693161746151
37 47 39 0.0 0.0 1434.0 0.0 13356.0 53.0 19078.0 0.08344260340922637
37 47 40 0.0 0.0 984.0 0.0 13220.0 38.0 8918.0 0.08652657601977749
37 47 41 0.0 0.0 1282.0 0.0 13635.0 43.0 14093.0 0.08282063416942734
37 47 42 0.0 0.0 756.0 0.0 12330.0 25.0 5802.0 0.09280742459396751
37 47 43 0.0 0.0 821.0 0.0 12201.0 27.0 4931.0 0.09319044132330426
37 47 44 0.0 0.0 674.0 0.0 11375.0 20.0 3741.0 0.09970799800584004
37 47 45 0.0 0.0 508.0 0.0 9204.0 30.0 1507.0 0.11973999315771466
37 47 46 0.0 0.0 179.0 0.0 4058.0 18.0 141.0 0.22508038585208998
37 47 47 0.0 0.0 234.0 0.0 5340.0 22.0 300.0 0.18525870054254331
37 47 48 0.0 0.0 51.0 0.0 1232.0 10.0 10.0 0.4276114844227244
37 47 49 0.0 0.0 18.0 0.0 391.0 5.0 0.0 0.5823627287853577
37 47 50 0.0 0.0 0.0 0.0 2.0 0.0 0.0 0.6993006993006992
37 48 31 0.0 0.0 0.0 0.0 1.0 0.0 0.0 0.6996501749125437
37 48 32 0.0 0.0 0.0 0.0 1.0 0.0 0.0 0.6996501749125437
37 48 33 0.0 0.0 1.0 0.0 50.0 1.0 0.0 0.6829268292682925
37 48 34 0.0 0.0 31.0 0.0 742.0 8.0 1.0 0.5063291139240506
37 48 35 0.0 0.0 18.0 0.0 587.0 4.0 4.0 0.5382545174932718
37 48 36 0.0 0.0 214.0 0.0 5465.0 17.0 371.0 0.1826245760500913
37 48 37 0.0 0.0 616.0 0.0 10844.0 27.0 3205.0 0.10408148093078581
37 48 38 0.0 0.0 455.0 0.0 8863.0 21.0 1379.0 0.12377331800901775
37 48 39 0.0 0.0 815.0 0.0 12291.0 28.0 5291.0 0.09269067796610168
37 48 40 0.0 0.0 506.0 0.0 9251.0 27.0 1482.0 0.11931140276120673
37 48 41 0.0 0.0 395.0 0.0 7970.0 28.0 976.0 0.13538342520065755
37 48 42 0.0 0.0 558.0 0.0 10393.0 25.0 2821.0 0.10816657652785289
37 48 43 0.0 0.0 970.0 0.0 12900.0 35.0 9491.0 0.08823900163872431
37 48 44 0.0 0.0 194.0 0.0 4586.0 20.0 195.0 0.2070699600650791
37 48 45 0.0 0.0 44.0 0.0 1425.0 9.0 17.0 0.4045073678127708
37 48 46 0.0 0.0 17.0 0.0 552.0 7.0 1.0 0.5464480874316939
37 48 47 0.0 0.0 27.0 0.0 563.0 10.0 3.0 0.5426356589147286
37 48 48 0.0 0.0 11.0 0.0 327.0 4.0 0.0 0.6000857265323617
37 48 49 0.0 0.0 2.0 0.0 56.0 1.0 0.0 0.6806028196402526
37 49 34 0.0 0.0 0.0 0.0 8.0 0.0 0.0 0.697211155378486
37 49 35 0.0 0.0 14.0 0.0 283.0 5.0 0.0 0.6108202443280977
37 49 36 0.0 0.0 53.0 0.0 1400.0 3.0 4.0 0.4057971014492753
37 49 37 0.0 0.0 176.0 0.0 3955.0 20.0 134.0 0.22905759162303663
37 49 38 0.0 0.0 72.0 0.0 1796.0 9.0 18.0 0.3628823224468636
37 49 39 0.0 0.0 297.0 0.0 6345.0 24.0 542.0 0.1624506846135994
37 49 40 0.0 0.0 211.0 0.0 4975.0 21.0 284.0 0.19531249999999994
37 49 41 0.0 0.0 10.0 0.0 668.0 5.0 2.0 0.5237560793116348
37 49 42 0.0 0.0 334.0 0.0 6632.0 22.0 580.0 0.15651201788708774
37 49 43 0.0 0.0 252.0 0.0 5868.0 20.0 398.0 0.17281817059622268
37 49 44 0.0 0.0 90.0 0.0 2586.0 10.0 58.0 0.30004286326618085
37 49 45 0.0 0.0 0.0 0.0 39.0 0.0 0.0 0.6869479882237487
37 49 46 0.0 0.0 0.0 0.0 1.0 0.0 0.0 0.6996501749125437
37 49 47 0.0 0.0 0.0 0.0 4.0 0.0 0.0 0.6986027944111775
37 50 34 0.0 0.0 0.0 0.0 4.0 0.0 0.0 0.6986027944111775
37 50 35 0.0 0.0 1.0 0.0 11.0 1.0 0.0 0.6961710591745399
37 50 36 0.0 0.0 0.0 0.0 45.0 0.0 0.0 0.6845965770171147
37 50 37 0.0 0.0 6.0 0.0 223.0 3.0 1.0 0.6289308176100628
37 50 38 0.0 0.0 49.0 0.0 793.0 10.0 4.0 0.49435028248587565
37 50 39 0.0 0.0 18.0 0.0 281.0 8.0 0.0 0.6110868616324747
37 50 40 0.0 0.0 5.0 0.0 113.0 1.0 0.0 0.6613131790269249
37 50 41 0.0 0.0 75.0 0.0 1353.0 14.0 3.0 0.4101963082332258
37 50 42 0.0 0.0 9.0 0.0 214.0 1.0 0.0 0.63006300630063
37 50 43 0.0 0.0 42.0 0.0 1052.0 8.0 3.0 0.45366169799092676
37 50 44 0.0 0.0 0.0 0.0 12.0 0.0 0.0 0.6958250497017892
37 50 45 0.0 0.0 0.0 0.0 2.0 0.0 0.0 0.6993006993006992
37 51 37 0.0 0.0 0.0 0.0 3.0 0.0 0.0 0.6989515726410384
37 51 38 0.0 0.0 0.0 0.0 8.0 0.0 0.0 0.697211155378486
37 51 39 0.0 0.0 0.0 0.0 7.0 0.0 0.0 0.6975585450921773
37 51 40 0.0 0.0 0.0 0.0 6.0 0.0 0.0 0.6979062811565303
37 51 41 0.0 0.0 0.0 0.0 2.0 0.0 0.0 0.6993006993006992
38 29 36 0.0 0.0 0.0 0.0 3.0 0.0 0.0 0.6989515726410384
38 29 38 0.0 0.0 0.0 0.0 1.0 0.0 0.0 0.6996501749125437
38 29 39 0.0 0.0 0.0 0.0 2.0 0.0 0.0 0.6993006993006992
38 29 40 0.0 0.0 0.0 0.0 6.0 0.0 0.0 0.6979062811565303
38 29 41 0.0 0.0 0.0 0.0 16.0 0.0 0.0 0.6944444444444444
38 29 42 0.0 0.0 0.0 0.0 4.0 0.0 0.0 0.6986027944111775
38 29 43 0.0 0.0 0.0 0.0 1.0 0.0 0.0 0.6996501749125437
38 30 33 0.0 0.0 0.0 0.0 4.0 0.0 0.0 0.6986027944111775
38 30 34 0.0 0.0 0.0 0.0 8.0 0.0 0.0 0.697211155378486
38 30 35 0.0 0.0 0.0 0.0 6.0 0.0 0.0 0.6979062811565303
38 30 36 0.0 0.0 8.0 0.0 155.0 3.0 0.0 0.6484483557202407
38 30 37 0.0 0.0 15.0 0.0 442.0 6.0 1.0 0.5711954304365564
38 30 38 0.0 0.0 86.0 0.0 1945.0 14.0 12.0 0.3485187951207368
38 30 39 0.0 0.0 0.0 0.0 107.0 0.0 1.0 0.6644518272425248
38 30 40 0.0 0.0 17.0 0.0 647.0 9.0 3.0 0.527306967984934
38 30 41 0.0 0.0 298.0 0.0 6065.0 20.0 403.0 0.1677249311129747
38 30 42 0.0 0.0 64.0 0.0 1634.0 6.0 11.0 0.37909558624424583
38 30 43 0.0 0.0 1.0 0.0 11.0 0.0 0.0 0.6958250497017892
38 30 44 0.0 0.0 0.0 0.0 1.0 0.0 0.0 0.6996501749125437
38 30 45 0.0 0.0 0.0 0.0 1.0 0.0 0.0 0.6996501749125437
38 31 31 0.0 0.0 1.0 0.0 16.0 0.0 0.0 0.694100148735746
38 31 32 0.0 0.0 0.0 0.0 6.0 0.0 0.0 0.6979062811565303
38 31 33 0.0 0.0 14.0 0.0 431.0 6.0 0.0 0.5740057400574005
38 31 34 0.0 0.0 130.0 0.0 3195.0 13.0 61.0 0.2635046113306982
38 31 35 0.0 0.0 9.0 0.0 278.0 2.0 2.0 0.612691466083151
38 31 36 0.0 0.0 114.0 0.0 2604.0 20.0 51.0 0.2979991485738612
38 31 37 0.0 0.0 375.0 0.0 7429.0 22.0 746.0 0.14303228442991414
38 31 38 0.0 0.0 221.0 0.0 5406.0 8.0 333.0 0.1837029261251804
38 31 39 0.0 0.0 373.0 0.0 8112.0 30.0 1216.0 0.13385600917869775
38 31 40 0.0 0.0 54.0 0.0 1611.0 9.0 11.0 0.38303693570451425
38 31 41 0.0 0.0 238.0 0.0 5795.0 18.0 494.0 0.17449831733765422
38 31 42 0.0 0.0 171.0 0.0 4051.0 25.0 137.0 0.2259522272433828
38 31 43 0.0 0.0 38.0 0.0 1147.0 11.0 8.0 0.44108380592312535
38 31 44 0.0 0.0 62.0 0.0 1405.0 8.0 10.0 0.4047412546978895
38 31 45 0.0 0.0 0.0 0.0 27.0 0.0 0.0 0.6906758756783422
38 31 46 0.0 0.0 6.0 0.0 214.0 1.0 0.0 0.6309148264984226
38 31 47 0.0 0.0 0.0 0.0 12.0 0.0 0.0 0.6958250497017892
38 31 48 0.0 0.0 0.0 0.0 5.0 0.0 0.0 0.6982543640897755
38 31 49 0.0 0.0 0.0 0.0 1.0 0.0 0.0 0.6996501749125437
38 32 31 0.0 0.0 3.0 0.0 73.0 1.0 0.0 0.6746987951807227
38 32 32 0.0 0.0 267.0 0.0 5846.0 23.0 434.0 0.17288219313410716
38 32 33 0.0 0.0 59.0 0.0 1933.0 11.0 27.0 0.3515821195379206
38 32 34 0.0 0.0 298.0 0.0 6668.0 23.0 640.0 0.15644206056542628
38 32 35 0.0 0.0 424.0 0.0 8230.0 25.0 1104.0 0.13164080865068167
38 32 36 0.0 0.0 507.0 0.0 9784.0 24.0 2184.0 0.1140436624307592
38 32 37 0.0 0.0 1045.0 0.0 13031.0 33.0 10434.0 0.08714596949891067
38 32 38 0.0 0.0 1073.0 0.0 13022.0 26.0 12092.0 0.08695652173913042
38 32 39 0.0 0.0 619.0 0.0 11192.0 20.0 3661.0 0.1013684744044602
38 32 40 0.0 0.0 649.0 0.0 11370.0 25.0 4321.0 0.09992862241256244
38 32 41 0.0 0.0 682.0 0.0 11400.0 22.0 3985.0 0.09948834565093802
38 32 42 0.0 0.0 667.0 0.0 11132.0 20.0 3351.0 0.10149340292880962
38 32 43 0.0 0.0 333.0 0.0 7034.0 20.0 814.0 0.1497326203208556
38 32 44 0.0 0.0 282.0 0.0 5768.0 15.0 368.0 0.17421602787456442
38 32 45 0.0 0.0 207.0 0.0 4746.0 20.0 234.0 0.20190366310931637
38 32 46 0.0 0.0 39.0 0.0 1017.0 12.0 4.0 0.45992115637319314
38 32 47 0.0 0.0 130.0 0.0 3042.0 13.0 62.0 0.2713178294573643
38 32 48 0.0 0.0 0.0 0.0 27.0 0.0 0.0 0.6906758756783422
38 32 49 0.0 0.0 0.0 0.0 4.0 0.0 0.0 0.6986027944111775
38 33 30 0.0 0.0 18.0 0.0 310.0 8.0 0.0 0.6034482758620688
38 33 31 0.0 0.0 101.0 0.0 2481.0 19.0 37.0 0.30688294607628225
38 33 32 0.0 0.0 322.0 0.0 6933.0 22.0 644.0 0.1515643607231785
38 33 33 0.0 0.0 443.0 0.0 8955.0 19.0 1591.0 0.12297962052002809
38 33 34 0.0 0.0 583.0 0.0 10731.0 24.0 2814.0 0.10520778537611782
38 33 35 0.0 0.0 872.0 0.0 12626.0 34.0 7469.0 0.0903750564844103
38 33 36 0.0 0.0 950.0 0.0 13017.0 33.0 7545.0 0.08771380239333373
38 33 37 0.0 0.0 1643.0 0.0 13099.0 53.0 24907.0 0.08359706216038693
38 33 38 0.0 0.0 1211.0 0.0 13320.0 39.0 14300.0 0.08473037583973853
38 33 39 0.0 0.0 1229.0 0.0 13944.0 49.0 11283.0 0.08160886039055668
38 33 40 0.0 0.0 1501.0 0.0 13957.0 38.0 16630.0 0.08021543574170628
38 33 41 0.0 0.0 1287.0 0.0 13857.0 40.0 12762.0 0.08168028004667444
38 33 42 0.0 0.0 1281.0 0.0 13612.0 47.0 13975.0 0.08291873963515753
38 33 43 0.0 0.0 812.0 0.0 12089.0 27.0 4899.0 0.09400389444705565
38 33 44 0.0 0.0 894.0 0.0 12856.0 29.0 6940.0 0.08900190718372536
38 33 45 0.0 0.0 412.0 0.0 8862.0 29.0 1583.0 0.12435601350151002
38 33 46 0.0 0.0 520.0 0.0 10139.0 24.0 2690.0 0.11069818929390368
38 33 47 0.0 0.0 104.0 0.0 2681.0 9.0 48.0 0.2930709650408206
38 33 48 0.0 0.0 51.0 0.0 1251.0 11.0 7.0 0.42553191489361697
38 33 49 0.0 0.0 3.0 0.0 64.0 1.0 0.0 0.6776379477250725
38 34 30 0.0 0.0 9.0 0.0 185.0 7.0 3.0 0.6401463191586647
38 34 31 0.0 0.0 422.0 0.0 8268.0 21.0 1164.0 0.13106159895150718
38 34 32 0.0 0.0 491.0 0.0 9304.0 18.0 1815.0 0.11875477139706504
38 34 33 0.0 0.0 698.0 0.0 11652.0 33.0 4431.0 0.0976698758197293
38 34 34 0.0 0.0 1557.0 0.0 13305.0 38.0 21577.0 0.0830318486448016
38 34 35 0.0 0.0 1939.0 0.0 12623.0 41.0 30133.0 0.08445436448090728
38 34 36 0.0 0.0 1681.0 0.0 13307.0 42.0 22926.0 0.08242566970856637
38 34 37 0.0 0.0 1984.0 0.0 13718.0 39.0 26684.0 0.078948852422038
38 34 38 0.0 0.0 2798.0 0.0 11544.0 68.0 49307.0 0.08574753475837568
38 34 39 0.0 0.0 2733.0 0.0 12664.0 60.0 40681.0 0.08045052292839902
38 34 40 0.0 0.0 3016.0 0.0 11812.0 61.0 50071.0 0.0831353919239905
38 34 41 0.0 0.0 2409.0 0.0 13579.0 53.0 32226.0 0.07777345703016499
38 34 42 0.0 0.0 2273.0 0.0 13419.0 53.0 31417.0 0.07910498361396767
38 34 43 0.0 0.0 1483.0 0.0 13738.0 40.0 17827.0 0.0812677773262901
38 34 44 0.0 0.0 1202.0 0.0 13786.0 32.0 9852.0 0.08242566970856637
38 34 45 0.0 0.0 1329.0 0.0 13036.0 38.0 18134.0 0.0855170728727628
38 34 46 0.0 0.0 628.0 0.0 11293.0 17.0 4255.0 0.10058193835764064
38 34 47 0.0 0.0 898.0 0.0 12735.0 37.0 6586.0 0.08962868117797694
38 34 48 0.0 0.0 123.0 0.0 3432.0 11.0 97.0 0.2523886785649901
38 34 49 0.0 0.0 0.0 0.0 33.0 0.0 0.0 0.6886374815543531
38 35 30 0.0 0.0 8.0 0.0 227.0 2.0 0.0 0.6269592476489028
38 35 31 0.0 0.0 223.0 0.0 4919.0 23.0 207.0 0.19662921348314605
38 35 32 0.0 0.0 961.0 0.0 12973.0 31.0 9845.0 0.08786243253420359
38 35 33 0.0 0.0 1253.0 0.0 13921.0 29.0 12395.0 0.0815090824406148
38 35 34 0.0 0.0 2077.0 0.0 13038.0 43.0 30551.0 0.08174227827407017
38 35 35 0.0 0.0 2911.0 0.0 9333.0 73.0 67598.0 0.0983698707138842
38 35 36 0.0 0.0 3068.0 0.0 12966.0 83.0 43453.0 0.07770007770007768
38 35 37 0.0 0.0 3295.0 0.0 13650.0 57.0 40661.0 0.07387472956572212
38 35 38 0.0 0.0 4033.0 0.0 11474.0 60.0 62522.0 0.07996801279488204
38 35 39 0.0 0.0 4495.0 0.0 9785.0 76.0 78543.0 0.08593174564203289
38 35 40 0.0 0.0 4617.0 0.0 10695.0 67.0 72543.0 0.0809108247124776
38 35 41 0.0 0.0 4295.0 0.0 9927.0 85.0 75598.0 0.08635578583765112
38 35 42 0.0 0.0 3869.0 0.0 10697.0 73.0 65841.0 0.08443908323281062
38 35 43 0.0 0.0 3016.0 0.0 12258.0 62.0 47703.0 0.08100445524503846
38 35 44 0.0 0.0 2252.0 0.0 13671.0 56.0 30817.0 0.07809013833110218
38 35 45 0.0 0.0 2151.0 0.0 12609.0 61.0 33783.0 0.08361204013377925
38 35 46 0.0 0.0 1090.0 0.0 13585.0 25.0 9504.0 0.0839278220730172
38 35 47 0.0 0.0 733.0 0.0 11660.0 26.0 3872.0 0.09738452977184195
38 35 48 0.0 0.0 199.0 0.0 5199.0 18.0 324.0 0.18967619563744748
38 35 49 0.0 0.0 1.0 0.0 82.0 1.0 0.0 0.6727534839019701
38 36 30 0.0 0.0 21.0 0.0 746.0 6.0 3.0 0.5072463768115941
38 36 31 0.0 0.0 482.0 0.0 9343.0 24.0 1807.0 0.11853357040047412
38 36 32 0.0 0.0 733.0 0.0 11950.0 29.0 4768.0 0.09549143987449696
38 36 33 0.0 0.0 1883.0 0.0 12707.0 44.0 29673.0 0.08436784379896348
38 36 34 0.0 0.0 2647.0 0.0 11938.0 55.0 45244.0 0.08438818565400844
38 36 35 0.0 0.0 3365.0 0.0 12389.0 67.0 50130.0 0.07882439051855188
38 36 36 0.0 0.0 4480.0 0.0 9941.0 87.0 77603.0 0.0852255433128386
38 36 37 0.0 0.0 4973.0 0.0 7998.0 77.0 99680.0 0.09350788137857333
38 36 38 0.0 0.0 6145.0 0.0 8823.0 77.0 97428.0 0.0825082508250825
38 36 39 0.0 0.0 6450.0 0.0 7737.0 92.0 110291.0 0.08657473254591552
38 36 40 0.0 0.0 6216.0 0.0 6793.0 65.0 118093.0 0.09302325581395347
38 36 41 0.0 0.0 6061.0 0.0 7224.0 77.0 113717.0 0.09160505136426093
38 36 42 0.0 0.0 5595.0 0.0 9439.0 72.0 88831.0 0.08218856404837382
38 36 43 0.0 0.0 4678.0 0.0 10980.0 78.0 70571.0 0.07927070947284977
38 36 44 0.0 0.0 3722.0 0.0 10095.0 79.0 70197.0 0.08855154965211891
38 36 45 0.0 0.0 2432.0 0.0 13499.0 44.0 32168.0 0.07805530776092773
38 36 46 0.0 0.0 2122.0 0.0 12754.0 66.0 33273.0 0.08307619273676714
38 36 47 0.0 0.0 929.0 0.0 12906.0 33.0 7794.0 0.08850676444556832
38 36 48 0.0 0.0 301.0 0.0 6260.0 28.0 521.0 0.16393442622950816
38 36 49 0.0 0.0 16.0 0.0 605.0 5.0 5.0 0.5351681957186544
38 36 50 0.0 0.0 0.0 0.0 17.0 1.0 0.0 0.6944444444444444
38 37 29 0.0 0.0 0.0 0.0 2.0 0.0 0.0 0.6993006993006992
38 37 30 0.0 0.0 18.0 0.0 771.0 4.0 5.0 0.5026929982046677
38 37 31 0.0 0.0 711.0 0.0 11748.0 29.0 5320.0 0.09692605926336195
38 37 32 0.0 0.0 1247.0 0.0 13862.0 43.0 12605.0 0.08187613310719924
38 37 33 0.0 0.0 1599.0 0.0 14034.0 35.0 18097.0 0.07935608207686203
38 37 34 0.0 0.0 3161.0 0.0 9878.0 53.0 68029.0 0.0929985385943935
38 37 35 0.0 0.0 4058.0 0.0 11512.0 79.0 62210.0 0.07969488245004838
38 37 36 0.0 0.0 5507.0 0.0 8594.0 89.0 95324.0 0.08705926248367638
38 37 37 0.0 0.0 6517.0 0.0 6803.0 62.0 118616.0 0.091324200913242
38 37 38 0.0 0.0 7197.0 0.0 5672.0 81.0 132645.0 0.09412397472098963
38 37 39 0.0 0.0 6318.0 0.0 4056.0 54.0 148287.0 0.1132961074694505
38 37 40 0.0 1.0 7854.0 2.0 4689.0 60.0 144468.0 0.09614724263443444
38 37 41 0.0 0.0 7234.0 0.0 5005.0 61.0 140615.0 0.09828699803426003
38 37 42 0.0 0.0 6919.0 0.0 6267.0 67.0 126247.0 0.09211738386629818
38 37 43 0.0 0.0 5669.0 0.0 7263.0 67.0 111257.0 0.09375209268064018
38 37 44 0.0 0.0 4493.0 0.0 9066.0 78.0 85864.0 0.08992228145674096
38 37 45 0.0 0.0 3616.0 0.0 10505.0 60.0 65193.0 0.08674639073052852
38 37 46 0.0 0.0 2233.0 0.0 13007.0 52.0 32557.0 0.08118765947575968
38 37 47 0.0 0.0 1481.0 0.0 13164.0 41.0 19948.0 0.0841194496184582
38 37 48 0.0 0.0 552.0 0.0 10120.0 20.0 2578.0 0.11054086063955783
38 37 49 0.0 0.0 300.0 0.0 6851.0 16.0 762.0 0.15313935681470134
38 37 50 0.0 0.0 8.0 0.0 317.0 4.0 0.0 0.6031882809133993
38 38 29 0.0 0.0 0.0 0.0 2.0 0.0 0.0 0.6993006993006992
38 38 30 0.0 0.0 111.0 0.0 2874.0 12.0 61.0 0.2814636107760353
38 38 31 0.0 0.0 219.0 0.0 5440.0 20.0 338.0 0.1832460732984293
38 38 32 0.0 0.0 961.0 0.0 12878.0 34.0 6947.0 0.0884564352056612
38 38 33 0.0 0.0 2298.0 0.0 12575.0 62.0 36539.0 0.08298263292039594
38 38 34 0.0 0.0 3386.0 0.0 10009.0 56.0 66969.0 0.09082062925721698
38 38 35 0.0 0.0 4735.0 0.0 10672.0 74.0 73687.0 0.08043203493048373
38 38 36 0.0 0.0 6228.0 0.0 7698.0 73.0 108644.0 0.08779631255487269
38 38 37 0.0 0.0 7243.0 0.0 5532.0 67.0 134101.0 0.09474182851729038
38 38 38 0.0 1.0 5707.0 0.0 3088.0 46.0 159144.0 0.1297257227575982
38 38 39 0.0 3.0 6771.0 1.0 2945.0 45.0 163667.0 0.11953551912568304
38 38 40 0.0 5.0 7689.0 4.0 3136.0 45.0 160367.0 0.10902577680865976
38 38 41 0.0 8.0 6295.0 5.0 2782.0 32.0 163722.0 0.12613748986395168
38 38 42 0.0 3.0 6366.0 8.0 3809.0 49.0 151121.0 0.11507479861910241
38 38 43 0.0 3.0 6514.0 6.0 5915.0 76.0 128863.0 0.09687910871219983
38 38 44 0.0 0.0 5545.0 1.0 8409.0 86.0 97823.0 0.08773578993545152
38 38 45 0.0 0.0 4214.0 0.0 10121.0 59.0 73599.0 0.08560596795890912
38 38 46 0.0 0.0 2287.0 0.0 13550.0 42.0 31250.0 0.07840940912909548
38 38 47 0.0 0.0 967.0 0.0 13098.0 30.0 8042.0 0.08721654622476949
38 38 48 0.0 0.0 793.0 0.0 12246.0 26.0 5521.0 0.09305417082087071
38 38 49 0.0 0.0 84.0 0.0 2390.0 20.0 31.0 0.3143242029636282
38 38 50 0.0 0.0 8.0 0.0 135.0 3.0 0.0 0.6542056074766354
38 39 29 0.0 0.0 1.0 0.0 5.0 1.0 0.0 0.6982543640897755
38 39 30 0.0 0.0 12.0 0.0 329.0 2.0 0.0 0.5985463873450192
38 39 31 0.0 0.0 113.0 0.0 2839.0 18.0 64.0 0.28374543980543165
38 39 32 0.0 0.0 1128.0 0.0 13431.0 24.0 11015.0 0.0845359579735523
38 39 33 0.0 0.0 1789.0 0.0 13832.0 52.0 22985.0 0.07947771785410161
38 39 34 0.0 0.0 3346.0 0.0 10959.0 74.0 60345.0 0.08593174564203289
38 39 35 0.0 0.0 4922.0 0.0 8943.0 65.0 90293.0 0.08823900163872431
38 39 36 0.0 0.0 6512.0 0.0 7430.0 82.0 113679.0 0.08776328986960882
38 39 37 1.0 4.0 6812.0 8.0 4564.0 66.0 144215.0 0.10440748750838988
38 39 38 0.0 5.0 7468.0 4.0 3208.0 48.0 160269.0 0.11022754113849302
38 39 39 0.0 7.0 5642.0 5.0 1812.0 16.0 174328.0 0.14767932489451477
38 39 40 0.0 14.0 5466.0 6.0 1738.0 32.0 176066.0 0.15167930660888404
38 39 41 0.0 17.0 7663.0 10.0 2586.0 39.0 165633.0 0.11402508551881413
38 39 42 0.0 5.0 7444.0 6.0 3595.0 45.0 155322.0 0.10725503715620929
38 39 43 0.0 8.0 7559.0 9.0 5971.0 65.0 130886.0 0.09000900090009
38 39 44 0.0 1.0 5429.0 2.0 6512.0 70.0 116662.0 0.1003440366972477
38 39 45 0.0 0.0 4480.0 0.0 9973.0 94.0 77536.0 0.08520479581279289
38 39 46 0.0 0.0 2589.0 0.0 12883.0 48.0 38589.0 0.08007320979180965
38 39 47 0.0 0.0 1213.0 0.0 13540.0 45.0 13985.0 0.08356712230645257
38 39 48 0.0 0.0 907.0 0.0 12743.0 37.0 7254.0 0.08953696597595291
38 39 49 0.0 0.0 455.0 0.0 8624.0 37.0 1260.0 0.12667390517553384
38 39 50 0.0 0.0 1.0 0.0 58.0 0.0 0.0 0.6799417192812044
38 39 51 0.0 0.0 0.0 0.0 1.0 0.0 0.0 0.6996501749125437
38 40 30 0.0 0.0 12.0 0.0 309.0 3.0 0.0 0.6039689387402932
38 40 31 0.0 0.0 273.0 0.0 5585.0 24.0 343.0 0.1785942084449547
38 40 32 0.0 0.0 728.0 0.0 11915.0 22.0 5083.0 0.09566108643662452
38 40 33 0.0 0.0 1745.0 0.0 13653.0 47.0 22454.0 0.08049215201517851
38 40 34 0.0 0.0 3187.0 0.0 12204.0 62.0 49245.0 0.08051992868234886
38 40 35 0.0 0.0 4749.0 0.0 7796.0 79.0 99749.0 0.09633248469001582
38 40 36 0.0 0.0 6224.0 0.0 7129.0 72.0 114918.0 0.09108653220559532
38 40 37 0.0 0.0 7819.0 1.0 5510.0 66.0 135437.0 0.09140767824497256
38 40 38 0.0 4.0 7095.0 3.0 3120.0 33.0 162058.0 0.11444453527344067
38 40 39 0.0 13.0 6010.0 5.0 1912.0 26.0 174065.0 0.14090177133655393
38 40 40 0.0 22.0 6402.0 16.0 1759.0 25.0 175238.0 0.13733568765940746
38 40 41 0.0 26.0 6132.0 16.0 2075.0 24.0 173058.0 0.1363990646921278
38 40 42 0.0 24.0 6781.0 10.0 2909.0 33.0 163285.0 0.11912865895166778
38 40 43 0.0 16.0 7252.0 24.0 4788.0 54.0 141027.0 0.09929078014184396
38 40 44 0.0 4.0 6664.0 4.0 8454.0 77.0 103698.0 0.08168028004667444
38 40 45 0.0 4.0 4340.0 3.0 10778.0 76.0 69468.0 0.08170411438576013
38 40 46 0.0 0.0 2997.0 0.0 11761.0 55.0 50178.0 0.08356712230645257
38 40 47 0.0 0.0 1661.0 0.0 13593.0 53.0 21642.0 0.08118765947575968
38 40 48 0.0 0.0 683.0 0.0 11488.0 16.0 4151.0 0.09880028228652081
38 40 49 0.0 0.0 42.0 0.0 1231.0 6.0 9.0 0.4287901990811638
38 40 50 0.0 0.0 0.0 0.0 68.0 0.0 0.0 0.6769825918762088
38 40 51 0.0 0.0 0.0 0.0 1.0 0.0 0.0 0.6996501749125437
38 41 29 0.0 0.0 0.0 0.0 1.0 0.0 0.0 0.6996501749125437
38 41 30 0.0 0.0 30.0 0.0 633.0 10.0 1.0 0.5277044854881267
38 41 31 0.0 0.0 162.0 0.0 4182.0 19.0 179.0 0.22127390548443177
38 41 32 0.0 0.0 813.0 0.0 12548.0 34.0 6962.0 0.09121709669012248
38 41 33 0.0 0.0 1580.0 0.0 13805.0 36.0 19134.0 0.08049678012879484
38 41 34 0.0 0.0 2858.0 0.0 12731.0 54.0 42984.0 0.07954997443036535
38 41 35 0.0 0.0 4545.0 0.0 9991.0 78.0 76303.0 0.08458192363460608
38 41 36 0.0 3.0 6004.0 1.0 8330.0 69.0 101192.0 0.08567931456548346
38 41 37 0.0 0.0 7177.0 0.0 5682.0 64.0 131870.0 0.09420631182289213
38 41 38 0.0 5.0 7878.0 1.0 3884.0 52.0 151919.0 0.10170722847802396
38 41 39 0.0 15.0 6290.0 9.0 2206.0 25.0 169684.0 0.13307984790874522
38 41 40 0.0 22.0 5208.0 17.0 1709.0 21.0 175951.0 0.15644206056542628
38 41 41 0.0 41.0 6535.0 20.0 2217.0 33.0 170491.0 0.12967765839199702
38 41 42 0.0 11.0 6894.0 13.0 3041.0 43.0 160814.0 0.1169981614574628
38 41 43 0.0 9.0 7094.0 20.0 5130.0 58.0 137549.0 0.09825940482874788
38 41 44 0.0 1.0 6098.0 2.0 7652.0 62.0 108543.0 0.08868055995439285
38 41 45 0.0 0.0 4494.0 1.0 9453.0 80.0 82303.0 0.08781834148789361
38 41 46 0.0 0.0 3030.0 0.0 11649.0 53.0 51098.0 0.08380724334031725
38 41 47 0.0 0.0 1414.0 0.0 13912.0 31.0 14991.0 0.08079875339066196
38 41 48 0.0 0.0 923.0 0.0 12620.0 33.0 5534.0 0.0901248873438908
38 41 49 0.0 0.0 119.0 0.0 2811.0 15.0 64.0 0.2846685644570963
38 41 50 0.0 0.0 157.0 0.0 3398.0 13.0 89.0 0.2526163839769036
38 41 51 0.0 0.0 0.0 0.0 7.0 0.0 0.0 0.6975585450921773
38 42 29 0.0 0.0 0.0 0.0 1.0 0.0 0.0 0.6996501749125437
38 42 30 0.0 0.0 77.0 0.0 2032.0 15.0 24.0 0.3419638495359062
38 42 31 0.0 0.0 254.0 0.0 4950.0 20.0 263.0 0.19474196689386558
38 42 32 0.0 0.0 550.0 0.0 10295.0 20.0 2633.0 0.10911925175370225
38 42 33 0.0 0.0 1441.0 0.0 13771.0 34.0 16895.0 0.08131025670809618
38 42 34 0.0 0.0 2634.0 0.0 11993.0 71.0 43507.0 0.08420039694472845
38 42 35 0.0 0.0 3746.0 0.0 10899.0 69.0 63287.0 0.08399832003359932
38 42 36 0.0 0.0 5211.0 0.0 8359.0 69.0 96074.0 0.08979539477903918
38 42 37 0.0 2.0 6849.0 0.0 7409.0 86.0 114558.0 0.08618036318867342
38 42 38 0.0 4.0 7481.0 4.0 5134.0 60.0 139279.0 0.09575268449490458
38 42 39 0.0 12.0 5759.0 10.0 2922.0 29.0 162051.0 0.13065795613625755
38 42 40 0.0 23.0 5672.0 13.0 2585.0 23.0 166440.0 0.13561949045820013
38 42 41 0.0 14.0 5918.0 7.0 2839.0 48.0 163188.0 0.13014781072789808
38 42 42 0.0 22.0 7846.0 24.0 4655.0 49.0 144990.0 0.09621331867225619
38 42 43 0.0 5.0 6530.0 12.0 5620.0 69.0 132291.0 0.0988351570773032
38 42 44 0.0 2.0 5811.0 4.0 7532.0 69.0 108177.0 0.09111024339450735
38 42 45 0.0 0.0 4512.0 0.0 9721.0 71.0 79296.0 0.08620689655172413
38 42 46 0.0 0.0 2944.0 0.0 11282.0 65.0 53423.0 0.0862546978005052
38 42 47 0.0 0.0 1799.0 0.0 13147.0 49.0 25341.0 0.08268367587999054
38 42 48 0.0 0.0 1080.0 0.0 13092.0 25.0 11782.0 0.08657473254591552
38 42 49 0.0 0.0 281.0 0.0 6481.0 16.0 590.0 0.1599817163752714
38 42 50 0.0 0.0 31.0 0.0 695.0 8.0 4.0 0.5150846210448858
38 42 51 0.0 0.0 2.0 0.0 31.0 0.0 0.0 0.6886374815543531
38 43 29 0.0 0.0 0.0 0.0 2.0 0.0 0.0 0.6993006993006992
38 43 30 0.0 0.0 18.0 0.0 650.0 2.0 1.0 0.5251312828207051
38 43 31 0.0 0.0 133.0 0.0 2977.0 19.0 54.0 0.27494108405341705
38 43 32 0.0 0.0 1073.0 0.0 13393.0 31.0 10308.0 0.08500303582270795
38 43 33 0.0 0.0 1286.0 0.0 13646.0 30.0 14113.0 0.082703213610586
38 43 34 0.0 0.0 2365.0 0.0 11517.0 61.0 43150.0 0.08815010703941568
38 43 35 0.0 0.0 3103.0 0.0 12678.0 62.0 45056.0 0.07870916961826052
38 43 36 0.0 0.0 4568.0 0.0 9841.0 67.0 78716.0 0.08520998174071819
38 43 37 0.0 2.0 5570.0 7.0 7961.0 83.0 103385.0 0.09015971148892322
38 43 38 0.0 5.0 7075.0 6.0 6945.0 90.0 118817.0 0.0873689465801298
38 43 39 0.0 7.0 5594.0 3.0 4144.0 61.0 146432.0 0.11906786868515053
38 43 40 0.0 13.0 7051.0 14.0 4898.0 54.0 141520.0 0.10010010010010008
38 43 41 0.0 28.0 7261.0 33.0 5646.0 72.0 133199.0 0.0934766642184683
38 43 42 0.0 13.0 6604.0 17.0 6028.0 74.0 126824.0 0.09551098376313275
38 43 43 0.0 1.0 6179.0 1.0 7774.0 84.0 107751.0 0.08775228782750406
38 43 44 0.0 0.0 4727.0 1.0 7086.0 45.0 107514.0 0.10125117523685541
38 43 45 0.0 0.0 3907.0 0.0 10355.0 75.0 69360.0 0.08606910119267182
38 43 46 0.0 0.0 2521.0 0.0 12714.0 71.0 37702.0 0.08127721335268505
38 43 47 0.0 0.0 1247.0 0.0 13307.0 47.0 15260.0 0.08465352521465715
38 43 48 0.0 0.0 783.0 0.0 12160.0 19.0 5576.0 0.09365801445009364
38 43 49 0.0 0.0 179.0 0.0 4315.0 14.0 196.0 0.21591610117211593
38 43 50 0.0 0.0 22.0 0.0 563.0 3.0 2.0 0.5424254165052305
38 44 30 0.0 0.0 4.0 0.0 103.0 1.0 0.0 0.664767331433998
38 44 31 0.0 0.0 290.0 0.0 6795.0 19.0 738.0 0.15433800022048283
38 44 32 0.0 0.0 486.0 0.0 9631.0 24.0 1945.0 0.11567379988432619
38 44 33 0.0 0.0 905.0 0.0 12856.0 25.0 6694.0 0.08886631966484702
38 44 34 0.0 0.0 2244.0 0.0 11454.0 65.0 42419.0 0.0892800204068618
38 44 35 0.0 0.0 2573.0 0.0 12138.0 58.0 42467.0 0.08376712738586728
38 44 36 0.0 0.0 3594.0 0.0 10292.0 82.0 68024.0 0.08822788001008318
38 44 37 0.0 0.0 4392.0 0.0 9101.0 74.0 85892.0 0.09038089089735313
38 44 38 0.0 1.0 5324.0 4.0 8756.0 79.0 94516.0 0.0869943453675511
38 44 39 0.0 1.0 6041.0 4.0 8936.0 84.0 97061.0 0.0823868651797799
38 44 40 0.0 1.0 5322.0 3.0 6458.0 62.0 118318.0 0.1015228426395939
38 44 41 0.0 2.0 5895.0 4.0 8670.0 80.0 98230.0 0.08445945945945946
38 44 42 0.0 0.0 5213.0 3.0 8372.0 56.0 96687.0 0.08965738072366312
38 44 43 0.0 0.0 4768.0 0.0 10089.0 77.0 79263.0 0.0829973915105525
38 44 44 0.0 0.0 3922.0 5.0 11652.0 63.0 60915.0 0.07957710453021087
38 44 45 0.0 0.0 3102.0 1.0 11579.0 64.0 52260.0 0.08391776059461727
38 44 46 0.0 0.0 1818.0 0.0 13455.0 44.0 24475.0 0.08105604446503009
38 44 47 0.0 0.0 923.0 0.0 13024.0 34.0 7408.0 0.0878293601003764
38 44 48 0.0 0.0 357.0 0.0 7656.0 27.0 826.0 0.14019627478469854
38 44 49 0.0 0.0 209.0 0.0 5485.0 18.0 395.0 0.18236290217532888
38 44 50 0.0 0.0 0.0 0.0 34.0 0.0 0.0 0.6882989183874139
38 45 30 0.0 0.0 1.0 0.0 109.0 1.0 0.0 0.6638217164532954
38 45 31 0.0 0.0 480.0 0.0 9708.0 25.0 2355.0 0.11498028909329829
38 45 32 0.0 0.0 387.0 0.0 7944.0 19.0 1020.0 0.13568521031207598
38 45 33 0.0 0.0 754.0 0.0 12031.0 27.0 5314.0 0.09474824038982133
38 45 34 0.0 0.0 1379.0 0.0 13824.0 43.0 15900.0 0.08140954817700762
38 45 35 0.0 0.0 1595.0 0.0 13838.0 42.0 19984.0 0.08029364533149803
38 45 36 0.0 0.0 2170.0 0.0 13197.0 45.0 31302.0 0.08059409360428299
38 45 37 0.0 0.0 2959.0 0.0 12190.0 67.0 46588.0 0.08161361781508684
38 45 38 0.0 0.0 3650.0 0.0 11303.0 64.0 60340.0 0.0826104915324246
38 45 39 0.0 1.0 4143.0 0.0 10063.0 82.0 72632.0 0.08643575970858801
38 45 40 0.0 0.0 4089.0 0.0 11396.0 81.0 62334.0 0.08006405124099279
38 45 41 0.0 0.0 4072.0 1.0 9918.0 68.0 73675.0 0.0876204781574665
38 45 42 0.0 0.0 3468.0 0.0 12999.0 63.0 47345.0 0.07583554520340176
38 45 43 0.0 0.0 2955.0 0.0 12850.0 70.0 42545.0 0.07867378477100308
38 45 44 0.0 0.0 2456.0 0.0 12850.0 58.0 36613.0 0.08084074373484235
38 45 45 0.0 0.0 2576.0 0.0 11520.0 59.0 46478.0 0.086848635235732
38 45 46 0.0 0.0 1333.0 0.0 13748.0 29.0 14154.0 0.08191925102399063
38 45 47 0.0 0.0 568.0 0.0 10169.0 27.0 2491.0 0.11004559031598804
38 45 48 0.0 0.0 273.0 0.0 6048.0 13.0 419.0 0.16843118383060635
38 45 49 0.0 0.0 12.0 0.0 225.0 0.0 0.0 0.626118067978533
38 45 50 0.0 0.0 0.0 0.0 9.0 0.0 0.0 0.6968641114982577
38 46 29 0.0 0.0 0.0 0.0 1.0 0.0 0.0 0.6996501749125437
38 46 30 0.0 0.0 0.0 0.0 44.0 0.0 0.0 0.684931506849315
38 46 31 0.0 0.0 115.0 0.0 2576.0 12.0 47.0 0.2991452991452991
38 46 32 0.0 0.0 328.0 0.0 6792.0 19.0 602.0 0.15381234893430012
38 46 33 0.0 0.0 634.0 0.0 11408.0 24.0 4117.0 0.09971509971509972
38 46 34 0.0 0.0 665.0 0.0 11453.0 26.0 4285.0 0.09927669834066088
38 46 35 0.0 0.0 1067.0 0.0 13393.0 37.0 9627.0 0.08512708257327009
38 46 36 0.0 0.0 1140.0 0.0 13597.0 29.0 12405.0 0.08363701535336639
38 46 37 0.0 0.0 1942.0 0.0 13317.0 62.0 26541.0 0.08118295158016817
38 46 38 0.0 0.0 2401.0 0.0 12086.0 61.0 41377.0 0.08484848484848484
38 46 39 0.0 0.0 2589.0 0.0 12093.0 49.0 43793.0 0.08383233532934131
38 46 40 0.0 0.0 2645.0 0.0 12866.0 66.0 37637.0 0.07991323705690963
38 46 41 0.0 0.0 2585.0 0.0 12327.0 56.0 41490.0 0.08275209835677975
38 46 42 0.0 0.0 1825.0 0.0 13769.0 45.0 23551.0 0.07959067652075041
38 46 43 0.0 0.0 1557.0 0.0 13699.0 52.0 18814.0 0.0811782442305462
38 46 44 0.0 0.0 1626.0 0.0 13199.0 45.0 23120.0 0.08316502316739931
38 46 45 0.0 0.0 992.0 0.0 13173.0 33.0 7637.0 0.08665511265164644
38 46 46 0.0 0.0 1120.0 0.0 13354.0 30.0 11583.0 0.0849256900212314
38 46 47 0.0 0.0 442.0 0.0 9091.0 21.0 1784.0 0.12152777777777775
38 46 48 0.0 0.0 139.0 0.0 3431.0 17.0 92.0 0.2521613832853026
38 46 49 0.0 0.0 13.0 0.0 380.0 5.0 0.0 0.5862646566164154
38 47 31 0.0 0.0 0.0 0.0 15.0 0.0 0.0 0.694789081885856
38 47 32 0.0 0.0 34.0 0.0 544.0 9.0 2.0 0.5451713395638628
38 47 33 0.0 0.0 10.0 0.0 670.0 4.0 4.0 0.5231689088191329
38 47 34 0.0 0.0 486.0 0.0 9812.0 20.0 2165.0 0.1139693910778248
38 47 35 0.0 0.0 464.0 0.0 9464.0 33.0 1834.0 0.11755814929884958
38 47 36 0.0 0.0 995.0 0.0 13102.0 39.0 9535.0 0.08706467661691542
38 47 37 0.0 0.0 1014.0 0.0 13206.0 30.0 9561.0 0.08636111282462525
38 47 38 0.0 0.0 1218.0 0.0 13546.0 35.0 12670.0 0.08357709987463434
38 47 39 0.0 0.0 1331.0 0.0 13825.0 40.0 14801.0 0.08163265306122448
38 47 40 0.0 0.0 1217.0 0.0 13449.0 38.0 12426.0 0.08400336013440536
38 47 41 0.0 0.0 1129.0 0.0 13691.0 33.0 11118.0 0.08324909317952071
38 47 42 0.0 0.0 1165.0 0.0 13480.0 41.0 12512.0 0.08421052631578946
38 47 43 0.0 0.0 1426.0 0.0 12644.0 36.0 22470.0 0.08709175738724727
38 47 44 0.0 0.0 857.0 0.0 12677.0 31.0 6231.0 0.09017713365539452
38 47 45 0.0 0.0 719.0 0.0 11571.0 37.0 4253.0 0.09816295049782639
38 47 46 0.0 0.0 232.0 0.0 5764.0 19.0 421.0 0.1754166144593409
38 47 47 0.0 0.0 495.0 0.0 9382.0 24.0 1820.0 0.1180139930877518
38 47 48 0.0 0.0 441.0 0.0 9029.0 35.0 1827.0 0.12230278675635536
38 47 49 0.0 0.0 0.0 0.0 79.0 1.0 1.0 0.6737247353224253
38 47 50 0.0 0.0 0.0 0.0 2.0 0.0 0.0 0.6993006993006992
38 48 31 0.0 0.0 0.0 0.0 8.0 0.0 0.0 0.697211155378486
38 48 32 0.0 0.0 2.0 0.0 37.0 0.0 0.0 0.6866110838646394
38 48 33 0.0 0.0 0.0 0.0 51.0 0.0 0.0 0.68259385665529
38 48 34 0.0 0.0 59.0 0.0 1104.0 12.0 3.0 0.44430339574738165
38 48 35 0.0 0.0 174.0 0.0 3872.0 15.0 121.0 0.23209549071618035
38 48 36 0.0 0.0 696.0 0.0 11710.0 29.0 4965.0 0.09727626459143968
38 48 37 0.0 0.0 1039.0 0.0 12997.0 28.0 11911.0 0.08728723735893758
38 48 38 0.0 0.0 825.0 0.0 12653.0 25.0 6006.0 0.09049188804860707
38 48 39 0.0 0.0 653.0 0.0 11288.0 23.0 3962.0 0.10050251256281406
38 48 40 0.0 0.0 583.0 0.0 10570.0 21.0 2921.0 0.1064800730149072
38 48 41 0.0 0.0 300.0 0.0 6501.0 20.0 529.0 0.1593806921675774
38 48 42 0.0 0.0 525.0 0.0 10004.0 27.0 2316.0 0.11188364101334611
38 48 43 0.0 0.0 338.0 0.0 7426.0 30.0 839.0 0.14379622021364008
38 48 44 0.0 0.0 378.0 0.0 7809.0 18.0 1015.0 0.13756509776948017
38 48 45 0.0 0.0 163.0 0.0 3527.0 9.0 94.0 0.24652227504842397
38 48 46 0.0 0.0 175.0 0.0 3164.0 16.0 64.0 0.26305900037579855
38 48 47 0.0 0.0 27.0 0.0 597.0 5.0 1.0 0.5345551737304314
38 48 48 0.0 0.0 95.0 0.0 2479.0 16.0 39.0 0.30715225976305394
38 48 49 0.0 0.0 0.0 0.0 27.0 0.0 0.0 0.6906758756783422
38 49 32 0.0 0.0 0.0 0.0 1.0 0.0 0.0 0.6996501749125437
38 49 33 0.0 0.0 0.0 0.0 1.0 0.0 0.0 0.6996501749125437
38 49 34 0.0 0.0 0.0 0.0 28.0 0.0 0.0 0.6906758756783422
38 49 35 0.0 0.0 117.0 0.0 2878.0 21.0 63.0 0.2814636107760353
38 49 36 0.0 0.0 245.0 0.0 5583.0 16.0 323.0 0.17921146953405012
38 49 37 0.0 0.0 576.0 0.0 10621.0 27.0 3231.0 0.10620543164921861
38 49 38 0.0 0.0 443.0 0.0 8409.0 25.0 1169.0 0.12923474568448257
38 49 39 0.0 0.0 376.0 0.0 8136.0 29.0 1103.0 0.13346043851286937
38 49 40 0.0 0.0 79.0 0.0 1832.0 14.0 21.0 0.35943517329910135
38 49 41 0.0 0.0 137.0 0.0 2604.0 19.0 39.0 0.29642176582680496
38 49 42 0.0 0.0 228.0 0.0 5352.0 16.0 322.0 0.18498942917547564
38 49 43 0.0 0.0 233.0 0.0 5090.0 28.0 259.0 0.19191226867717612
38 49 44 0.0 0.0 33.0 0.0 867.0 5.0 5.0 0.4835924006908462
38 49 45 0.0 0.0 17.0 0.0 284.0 5.0 0.0 0.6097560975609755
38 49 46 0.0 0.0 0.0 0.0 22.0 0.0 0.0 0.6923837784371908
38 49 47 0.0 0.0 29.0 0.0 737.0 7.0 3.0 0.5074302283436026
38 49 48 0.0 0.0 0.0 0.0 1.0 0.0 0.0 0.6996501749125437
38 50 34 0.0 0.0 0.0 0.0 3.0 0.0 0.0 0.6989515726410384
38 50 35 0.0 0.0 8.0 0.0 331.0 0.0 1.0 0.5985463873450192
38 50 36 0.0 0.0 1.0 0.0 195.0 1.0 1.0 0.6378132118451024
38 50 37 0.0 0.0 49.0 0.0 1559.0 14.0 20.0 0.38942976356050063
38 50 38 0.0 0.0 200.0 0.0 4983.0 18.0 285.0 0.1953670108847334
38 50 39 0.0 0.0 43.0 0.0 956.0 9.0 5.0 0.4682274247491638
38 50 40 0.0 0.0 3.0 0.0 65.0 1.0 0.0 0.6773101112723753
38 50 41 0.0 0.0 0.0 0.0 23.0 0.0 0.0 0.6920415224913494
38 50 42 0.0 0.0 0.0 0.0 8.0 0.0 0.0 0.697211155378486
38 50 43 0.0 0.0 10.0 0.0 208.0 5.0 1.0 0.632625395390872
38 50 44 0.0 0.0 0.0 0.0 11.0 0.0 0.0 0.6961710591745399
38 50 45 0.0 0.0 0.0 0.0 1.0 0.0 0.0 0.6996501749125437
38 50 46 0.0 0.0 1.0 0.0 17.0 0.0 0.0 0.6937561942517343
38 51 36 0.0 0.0 0.0 0.0 2.0 0.0 0.0 0.6993006993006992
38 51 37 0.0 0.0 0.0 0.0 7.0 0.0 0.0 0.6979062811565303
38 51 38 0.0 0.0 0.0 0.0 14.0 0.0 0.0 0.6951340615690167
38 51 39 0.0 0.0 0.0 0.0 6.0 0.0 0.0 0.6979062811565303
39 29 37 0.0 0.0 0.0 0.0 1.0 0.0 0.0 0.6996501749125437
39 29 38 0.0 0.0 0.0 0.0 5.0 0.0 0.0 0.6982543640897755
39 29 39 0.0 0.0 0.0 0.0 7.0 0.0 0.0 0.6975585450921773
39 29 40 0.0 0.0 0.0 0.0 10.0 0.0 0.0 0.6965174129353233
39 29 41 0.0 0.0 5.0 0.0 73.0 1.0 0.0 0.6740491092922483
39 29 42 0.0 0.0 0.0 0.0 13.0 0.0 0.0 0.695479384003974
39 30 34 0.0 0.0 0.0 0.0 2.0 0.0 0.0 0.6993006993006992
39 30 35 0.0 0.0 1.0 0.0 4.0 0.0 0.0 0.6982543640897755
39 30 36 0.0 0.0 0.0 0.0 11.0 0.0 0.0 0.6961710591745399
39 30 37 0.0 0.0 0.0 0.0 55.0 0.0 0.0 0.6812652068126519
39 30 38 0.0 0.0 22.0 0.0 561.0 8.0 2.0 0.5434782608695652
39 30 39 0.0 0.0 39.0 0.0 1141.0 5.0 3.0 0.4409448818897637
39 30 40 0.0 0.0 11.0 0.0 700.0 2.0 2.0 0.5167958656330748
39 30 41 0.0 0.0 108.0 0.0 2788.0 11.0 44.0 0.28659160696008185
39 30 42 0.0 0.0 37.0 0.0 949.0 7.0 2.0 0.4701141705842847
39 30 43 0.0 0.0 0.0 0.0 22.0 0.0 0.0 0.6923837784371908
39 30 44 0.0 0.0 0.0 0.0 2.0 0.0 0.0 0.6993006993006992
39 31 31 0.0 0.0 0.0 0.0 4.0 0.0 0.0 0.6986027944111775
39 31 32 0.0 0.0 0.0 0.0 16.0 0.0 0.0 0.6944444444444444
39 31 33 0.0 0.0 1.0 0.0 31.0 0.0 0.0 0.6893156080748399
39 31 34 0.0 0.0 3.0 0.0 117.0 2.0 0.0 0.6610009442870631
39 31 35 0.0 0.0 15.0 0.0 390.0 5.0 0.0 0.5833333333333333
39 31 36 0.0 0.0 177.0 0.0 3882.0 12.0 121.0 0.2313667162452487
39 31 37 0.0 0.0 141.0 0.0 3238.0 14.0 93.0 0.26095060577819196
39 31 38 0.0 0.0 437.0 0.0 8880.0 19.0 1578.0 0.12378426171529619
39 31 39 0.0 0.0 366.0 0.0 7252.0 27.0 736.0 0.1458789204959883
39 31 40 0.0 0.0 292.0 0.0 6259.0 23.0 513.0 0.16412661195779601
39 31 41 0.0 0.0 589.0 0.0 10867.0 25.0 3495.0 0.10418992334598495
39 31 42 0.0 0.0 314.0 0.0 6859.0 23.0 610.0 0.1529386060738475
39 31 43 0.0 0.0 70.0 0.0 1715.0 18.0 14.0 0.3716485266790549
39 31 44 0.0 0.0 15.0 0.0 358.0 1.0 1.0 0.5904681568958244
39 31 45 0.0 0.0 0.0 0.0 12.0 0.0 0.0 0.6958250497017892
39 31 46 0.0 0.0 0.0 0.0 16.0 0.0 0.0 0.6944444444444444
39 31 47 0.0 0.0 0.0 0.0 3.0 0.0 0.0 0.6989515726410384
39 31 48 0.0 0.0 0.0 0.0 2.0 0.0 0.0 0.6993006993006992
39 32 30 0.0 0.0 0.0 0.0 1.0 0.0 0.0 0.6996501749125437
39 32 31 0.0 0.0 4.0 0.0 124.0 0.0 0.0 0.6578947368421051
39 32 32 0.0 0.0 41.0 0.0 942.0 11.0 9.0 0.47122181083810155
39 32 33 0.0 0.0 105.0 0.0 2654.0 13.0 36.0 0.29498525073746307
39 32 34 0.0 0.0 124.0 0.0 3186.0 13.0 82.0 0.2643504531722054
39 32 35 0.0 0.0 247.0 0.0 5760.0 19.0 384.0 0.17517517517517514
39 32 36 0.0 0.0 349.0 0.0 7930.0 21.0 1162.0 0.13633265167007494
39 32 37 0.0 0.0 444.0 0.0 9010.0 24.0 1700.0 0.12240972282941327
39 32 38 0.0 0.0 608.0 0.0 10836.0 27.0 3262.0 0.10426752066731212
39 32 39 0.0 0.0 902.0 0.0 12724.0 32.0 6967.0 0.08963441961713296
39 32 40 0.0 0.0 1029.0 0.0 13106.0 29.0 10201.0 0.08676251859196826
39 32 41 0.0 0.0 647.0 0.0 11420.0 25.0 4334.0 0.09964412811387899
39 32 42 0.0 0.0 700.0 0.0 11598.0 26.0 4270.0 0.09803921568627451
39 32 43 0.0 0.0 544.0 0.0 10455.0 29.0 2994.0 0.10783332049603327
39 32 44 0.0 0.0 175.0 0.0 3988.0 22.0 128.0 0.22801302931596085
39 32 45 0.0 0.0 29.0 0.0 1047.0 5.0 3.0 0.4560260586319217
39 32 46 0.0 0.0 216.0 0.0 5112.0 15.0 288.0 0.19141372709871476
39 32 47 0.0 0.0 55.0 0.0 1154.0 10.0 4.0 0.4377736085053157
39 32 48 0.0 0.0 85.0 0.0 1965.0 12.0 19.0 0.34670629024269434
39 32 49 0.0 0.0 0.0 0.0 4.0 0.0 0.0 0.6986027944111775
39 33 30 0.0 0.0 0.0 0.0 17.0 0.0 0.0 0.694100148735746
39 33 31 0.0 0.0 45.0 0.0 1184.0 12.0 5.0 0.4351880634131178
39 33 32 0.0 0.0 345.0 0.0 7573.0 22.0 921.0 0.14142842711384987
39 33 33 0.0 0.0 580.0 0.0 10890.0 31.0 3770.0 0.10403507468232145
39 33 34 0.0 0.0 428.0 0.0 9128.0 27.0 1640.0 0.12135922330097086
39 33 35 0.0 0.0 964.0 0.0 13088.0 28.0 7842.0 0.08727091385114075
39 33 36 0.0 0.0 1135.0 0.0 13456.0 37.0 11310.0 0.08445945945945946
39 33 37 0.0 0.0 1212.0 0.0 13512.0 41.0 13291.0 0.08375710439724797
39 33 38 0.0 0.0 1247.0 0.0 13743.0 41.0 13714.0 0.08242081714352995
39 33 39 0.0 0.0 1631.0 0.0 13773.0 35.0 19880.0 0.08038585209003214
39 33 40 0.0 0.0 1418.0 0.0 14210.0 38.0 14751.0 0.0794596742153357
39 33 41 0.0 0.0 1803.0 0.0 13249.0 41.0 26043.0 0.08207292765857661
39 33 42 0.0 0.0 1401.0 0.0 13483.0 39.0 17620.0 0.08295313148071339
39 33 43 0.0 0.0 1229.0 0.0 13220.0 28.0 15425.0 0.08509086488786238
39 33 44 0.0 0.0 495.0 0.0 10025.0 31.0 2570.0 0.11201792286765881
39 33 45 0.0 0.0 611.0 0.0 10938.0 20.0 3574.0 0.10341261633919337
39 33 46 0.0 0.0 277.0 0.0 5692.0 24.0 351.0 0.17623363544813694
39 33 47 0.0 0.0 283.0 0.0 6056.0 22.0 453.0 0.16830968982928585
39 33 48 0.0 0.0 121.0 0.0 3339.0 15.0 111.0 0.25711662075298436
39 33 49 0.0 0.0 1.0 0.0 32.0 0.0 0.0 0.6886374815543531
39 34 30 0.0 0.0 12.0 0.0 190.0 3.0 0.0 0.6366530241018644
39 34 31 0.0 0.0 67.0 0.0 2113.0 10.0 34.0 0.33581194531062597
39 34 32 0.0 0.0 393.0 0.0 8479.0 21.0 1225.0 0.12893718916927607
39 34 33 0.0 0.0 684.0 0.0 11768.0 24.0 4638.0 0.09696633882809252
39 34 34 0.0 0.0 1494.0 0.0 13259.0 41.0 19611.0 0.08357709987463434
39 34 35 0.0 0.0 1689.0 0.0 13317.0 48.0 23666.0 0.08230936562996059
39 34 36 0.0 0.0 2129.0 0.0 13072.0 45.0 31268.0 0.08138588536216719
39 34 37 0.0 0.0 2251.0 0.0 12465.0 56.0 36083.0 0.08385241974125539
39 34 38 0.0 0.0 2663.0 0.0 13321.0 57.0 37299.0 0.0778166861208382
39 34 39 0.0 0.0 2816.0 0.0 13454.0 48.0 37557.0 0.07654455986878075
39 34 40 0.0 0.0 3200.0 0.0 12016.0 63.0 49197.0 0.08122534230679972
39 34 41 0.0 0.0 2765.0 0.0 12236.0 61.0 44508.0 0.08235778575210306
39 34 42 0.0 0.0 2236.0 0.0 13111.0 55.0 34189.0 0.08076146524372656
39 34 43 0.0 0.0 1996.0 0.0 13159.0 38.0 29623.0 0.08154706430568498
39 34 44 0.0 0.0 1505.0 0.0 13607.0 34.0 18773.0 0.08178047783164903
39 34 45 0.0 0.0 1267.0 0.0 13310.0 36.0 15767.0 0.08447984552256818
39 34 46 0.0 0.0 770.0 0.0 12111.0 36.0 5727.0 0.0940986691759645
39 34 47 0.0 0.0 447.0 0.0 9114.0 29.0 1590.0 0.12129613585167213
39 34 48 0.0 0.0 218.0 0.0 4604.0 17.0 213.0 0.20564042303172733
39 34 49 0.0 0.0 25.0 0.0 467.0 4.0 0.0 0.562700964630225
39 34 50 0.0 0.0 28.0 0.0 801.0 5.0 5.0 0.49575070821529743
39 35 30 0.0 0.0 10.0 0.0 186.0 0.0 0.0 0.6375227686703095
39 35 31 0.0 0.0 133.0 0.0 3032.0 18.0 71.0 0.2718974558166634
39 35 32 0.0 0.0 606.0 0.0 10624.0 33.0 2608.0 0.10602044680045436
39 35 33 0.0 0.0 1331.0 0.0 13509.0 43.0 16499.0 0.08319467554076537
39 35 34 0.0 0.0 2068.0 0.0 13522.0 36.0 27929.0 0.07949125596184418
39 35 35 0.0 0.0 2793.0 0.0 12876.0 55.0 40899.0 0.07922136713444997
39 35 36 0.0 0.0 3534.0 0.0 12174.0 76.0 54202.0 0.07906477664200598
39 35 37 0.0 0.0 3921.0 0.0 10937.0 71.0 63225.0 0.08293347550500563
39 35 38 0.0 0.0 4476.0 0.0 11358.0 71.0 66588.0 0.07847093772770583
39 35 39 0.0 0.0 4716.0 0.0 9524.0 88.0 81998.0 0.08622813500862281
39 35 40 0.0 0.0 5079.0 0.0 10392.0 83.0 77588.0 0.08010528122675516
39 35 41 0.0 0.0 4620.0 0.0 9425.0 63.0 84447.0 0.08724915866882711
39 35 42 0.0 0.0 3916.0 0.0 11196.0 96.0 62645.0 0.0819960173363008
39 35 43 0.0 0.0 2827.0 0.0 13410.0 54.0 38040.0 0.07671232876712328
39 35 44 0.0 0.0 2660.0 0.0 12348.0 69.0 41935.0 0.08228517691313035
39 35 45 0.0 0.0 1703.0 0.0 14018.0 44.0 20695.0 0.07899785577248616
39 35 46 0.0 0.0 1672.0 0.0 12816.0 53.0 26254.0 0.08496692359045942
39 35 47 0.0 0.0 1080.0 0.0 13269.0 34.0 10887.0 0.08566358685675823
39 35 48 0.0 0.0 319.0 0.0 6982.0 25.0 673.0 0.15084581402866065
39 35 49 0.0 0.0 51.0 0.0 1623.0 6.0 19.0 0.38167938931297707
39 35 50 0.0 0.0 2.0 0.0 61.0 1.0 0.0 0.6789524733268669
39 36 30 0.0 0.0 15.0 0.0 320.0 7.0 1.0 0.6013745704467354
39 36 31 0.0 0.0 244.0 0.0 5206.0 18.0 243.0 0.18832391713747643
39 36 32 0.0 0.0 828.0 0.0 12414.0 30.0 6354.0 0.09188763454975057
39 36 33 0.0 0.0 1374.0 0.0 13663.0 31.0 16193.0 0.08221752407798918
39 36 34 0.0 0.0 2381.0 0.0 13474.0 48.0 32788.0 0.07838745800671891
39 36 35 0.0 0.0 3925.0 0.0 10181.0 71.0 71750.0 0.0869943453675511
39 36 36 0.0 0.0 4726.0 0.0 8296.0 69.0 95110.0 0.09322146757224663
39 36 37 0.0 0.0 5752.0 0.0 8634.0 61.0 97652.0 0.08538667967797023
39 36 38 0.0 0.0 6134.0 0.0 7328.0 77.0 112574.0 0.09063248527222113
39 36 39 0.0 0.0 6806.0 0.0 7131.0 61.0 116348.0 0.08779631255487269
39 36 40 0.0 1.0 6120.0 2.0 5760.0 63.0 128918.0 0.10069769114579585
39 36 41 0.0 0.0 6346.0 0.0 7079.0 79.0 115276.0 0.09066770286898516
39 36 42 0.0 0.0 5767.0 0.0 8136.0 86.0 101895.0 0.0880281690140845
39 36 43 0.0 0.0 5076.0 0.0 10800.0 95.0 74991.0 0.07837868099876832
39 36 44 0.0 0.0 3922.0 0.0 10334.0 68.0 70292.0 0.0860479409956976
39 36 45 0.0 0.0 3307.0 1.0 10232.0 54.0 64672.0 0.08996272972625625
39 36 46 0.0 0.0 2145.0 0.0 13139.0 47.0 31755.0 0.08099039685294457
39 36 47 0.0 0.0 1225.0 0.0 13585.0 21.0 12322.0 0.08323424494649227
39 36 48 0.0 0.0 525.0 0.0 9931.0 18.0 2244.0 0.11241368235105186
39 36 49 0.0 0.0 36.0 0.0 997.0 7.0 6.0 0.4626569729015201
39 36 50 0.0 0.0 2.0 0.0 64.0 1.0 0.0 0.6779661016949151
39 37 29 0.0 0.0 7.0 0.0 91.0 3.0 0.0 0.6682577565632457
39 37 30 0.0 0.0 6.0 0.0 242.0 1.0 0.0 0.6236080178173719
39 37 31 0.0 0.0 440.0 0.0 8356.0 21.0 1174.0 0.12976179442024283
39 37 32 0.0 0.0 782.0 0.0 12233.0 38.0 6451.0 0.0933582288610296
39 37 33 0.0 0.0 1784.0 0.0 13984.0 52.0 22038.0 0.07881107858590407
39 37 34 0.0 0.0 3217.0 0.0 12091.0 62.0 49807.0 0.08080341683019737
39 37 35 0.0 0.0 4747.0 0.0 8408.0 81.0 92700.0 0.09233610341643582
39 37 36 0.0 0.0 5627.0 0.0 6831.0 71.0 116905.0 0.09682550660488276
39 37 37 0.0 0.0 6338.0 0.0 5152.0 67.0 134640.0 0.10383445820663055
39 37 38 0.0 0.0 7050.0 0.0 4572.0 59.0 143660.0 0.10264682161448785
39 37 39 0.0 0.0 7789.0 0.0 4366.0 59.0 148714.0 0.09900289937062443
39 37 40 0.0 2.0 6110.0 3.0 3244.0 46.0 158593.0 0.12308774397749252
39 37 41 0.0 2.0 5903.0 1.0 3464.0 49.0 154744.0 0.1231527093596059
39 37 42 0.0 1.0 7402.0 4.0 5756.0 71.0 132088.0 0.09235437693779272
39 37 43 0.0 2.0 5400.0 6.0 5833.0 66.0 124456.0 0.10577213659715924
39 37 44 0.0 0.0 5141.0 0.0 8769.0 83.0 92372.0 0.08799497171590194
39 37 45 0.0 0.0 3806.0 0.0 11129.0 75.0 61675.0 0.08256664307619721
39 37 46 0.0 0.0 2649.0 0.0 12269.0 64.0 41564.0 0.08276677505172922
39 37 47 0.0 0.0 1516.0 0.0 13164.0 40.0 20543.0 0.08393788596438635
39 37 48 0.0 0.0 389.0 0.0 8303.0 26.0 1251.0 0.13119670134008055
39 37 49 0.0 0.0 103.0 0.0 2915.0 18.0 53.0 0.2801120448179271
39 37 50 0.0 0.0 8.0 0.0 296.0 3.0 0.0 0.6084311169056931
39 38 29 0.0 0.0 0.0 0.0 3.0 0.0 0.0 0.6989515726410384
39 38 30 0.0 0.0 111.0 0.0 2836.0 11.0 64.0 0.2836879432624113
39 38 31 0.0 0.0 214.0 0.0 5387.0 15.0 363.0 0.18450184501845013
39 38 32 0.0 0.0 887.0 0.0 12827.0 36.0 7166.0 0.0892458723784025
39 38 33 0.0 0.0 2411.0 0.0 12619.0 53.0 37026.0 0.08215962441314553
39 38 34 0.0 0.0 3536.0 0.0 12803.0 60.0 48646.0 0.07633587786259541
39 38 35 0.0 0.0 4971.0 0.0 7675.0 69.0 102313.0 0.09551750017056695
39 38 36 0.0 0.0 6244.0 0.0 5746.0 49.0 129086.0 0.09991435912075362
39 38 37 0.0 1.0 6770.0 1.0 4065.0 54.0 150080.0 0.10905125408942201
39 38 38 0.0 4.0 6925.0 6.0 2867.0 41.0 162428.0 0.11857372744981788
39 38 39 1.0 10.0 7585.0 4.0 2605.0 40.0 167597.0 0.11441647597254004
39 38 40 0.0 8.0 5820.0 7.0 1910.0 27.0 174110.0 0.14369290772862567
39 38 41 0.0 14.0 7988.0 8.0 2959.0 44.0 163001.0 0.10797470306956655
39 38 42 1.0 12.0 6735.0 10.0 3291.0 48.0 158581.0 0.11599005799502898
39 38 43 0.0 5.0 7247.0 5.0 5741.0 66.0 132204.0 0.09332089054792693
39 38 44 0.0 1.0 5624.0 1.0 6766.0 79.0 115736.0 0.09730330831248261
39 38 45 0.0 0.0 4245.0 1.0 11985.0 71.0 59924.0 0.0767796424262367
39 38 46 0.0 0.0 2971.0 0.0 11769.0 54.0 49015.0 0.08348738744111156
39 38 47 0.0 0.0 1689.0 0.0 13294.0 42.0 23971.0 0.08240626287597856
39 38 48 0.0 0.0 852.0 0.0 12584.0 29.0 6862.0 0.09073233959818534
39 38 49 0.0 0.0 145.0 0.0 3412.0 13.0 84.0 0.25234318673395817
39 38 50 0.0 0.0 0.0 0.0 74.0 0.0 0.0 0.6750241080038573
39 39 29 0.0 0.0 0.0 0.0 7.0 0.0 0.0 0.6975585450921773
39 39 30 0.0 0.0 1.0 0.0 151.0 0.0 0.0 0.6505576208178437
39 39 31 0.0 0.0 254.0 0.0 5837.0 22.0 440.0 0.17350353203618787
39 39 32 0.0 0.0 828.0 0.0 12427.0 27.0 4844.0 0.09183941222776174
39 39 33 0.0 0.0 2107.0 0.0 13552.0 41.0 28486.0 0.07925275969431078
39 39 34 0.0 0.0 3799.0 0.0 11656.0 71.0 57970.0 0.08021083992208089
39 39 35 0.0 0.0 5461.0 0.0 7631.0 63.0 106308.0 0.09261096778461334
39 39 36 0.0 0.0 6100.0 0.0 5084.0 54.0 137426.0 0.10623766884200939
39 39 37 0.0 6.0 7259.0 1.0 3697.0 39.0 154759.0 0.10793308148947652
39 39 38 0.0 5.0 6601.0 2.0 2235.0 32.0 170925.0 0.12928248222365868
39 39 39 0.0 15.0 5693.0 7.0 1465.0 18.0 179525.0 0.1525885558583106
39 39 40 0.0 19.0 5774.0 8.0 1285.0 14.0 180818.0 0.1539815222173339
39 39 41 0.0 24.0 5264.0 16.0 1321.0 17.0 179985.0 0.16254499013119703
39 39 42 0.0 29.0 7412.0 18.0 2770.0 35.0 165096.0 0.11448196908986832
39 39 43 0.0 14.0 7486.0 16.0 4791.0 55.0 142959.0 0.09776536312849161
39 39 44 0.0 3.0 6606.0 4.0 7396.0 85.0 112977.0 0.08753829800537735
39 39 45 0.0 0.0 4763.0 0.0 10164.0 85.0 77124.0 0.08269832831236339
39 39 46 0.0 0.0 2949.0 0.0 12665.0 66.0 43483.0 0.07945516458569807
39 39 47 0.0 0.0 1579.0 0.0 13272.0 40.0 22460.0 0.08308605341246289
39 39 48 0.0 0.0 631.0 0.0 11364.0 27.0 4549.0 0.100150225338007
39 39 49 0.0 0.0 341.0 0.0 6933.0 30.0 600.0 0.1514168288989833
39 39 50 0.0 0.0 23.0 0.0 340.0 10.0 0.0 0.5949851253718657
39 39 51 0.0 0.0 0.0 0.0 3.0 0.0 0.0 0.6989515726410384
39 40 30 0.0 0.0 16.0 0.0 376.0 2.0 1.0 0.5857740585774057
39 40 31 0.0 0.0 158.0 0.0 3743.0 23.0 110.0 0.23809523809523803
39 40 32 0.0 0.0 931.0 0.0 12996.0 17.0 7273.0 0.08787897809302617
39 40 33 0.0 0.0 1892.0 0.0 13957.0 40.0 23094.0 0.07844016136261765
39 40 34 0.0 0.0 3834.0 0.0 10455.0 73.0 67721.0 0.08592119798698906
39 40 35 0.0 0.0 5644.0 0.0 8709.0 72.0 96965.0 0.08561120283739986
39 40 36 0.0 0.0 6673.0 0.0 5350.0 66.0 134437.0 0.09968669894616916
39 40 37 0.0 1.0 6812.0 2.0 3425.0 44.0 157370.0 0.11449133137062477
39 40 38 0.0 14.0 6704.0 9.0 2097.0 37.0 171699.0 0.1293063637203288
39 40 39 1.0 17.0 5516.0 3.0 1289.0 19.0 180546.0 0.15869417365676713
39 40 40 1.0 39.0 4720.0 14.0 961.0 18.0 184984.0 0.18101887768295832
39 40 41 0.0 61.0 6286.0 19.0 1486.0 22.0 179088.0 0.14213197969543145
39 40 42 0.0 65.0 8573.0 40.0 2842.0 47.0 163923.0 0.10362694300518134
39 40 43 0.0 31.0 6653.0 29.0 3642.0 42.0 153800.0 0.11318619128466324
39 40 44 0.0 4.0 6039.0 8.0 5952.0 66.0 126029.0 0.09990009990009989
39 40 45 0.0 0.0 4921.0 0.0 10098.0 82.0 80416.0 0.08225616921269095
39 40 46 0.0 0.0 3039.0 0.0 11547.0 52.0 52634.0 0.08435767654856591
39 40 47 0.0 0.0 2012.0 0.0 12983.0 63.0 29843.0 0.08244508568399976
39 40 48 0.0 0.0 818.0 0.0 12403.0 36.0 6281.0 0.0920568122041031
39 40 49 0.0 0.0 199.0 0.0 4401.0 24.0 196.0 0.21270130659374048
39 40 50 0.0 0.0 149.0 0.0 3483.0 20.0 82.0 0.24937655860349126
39 40 51 0.0 0.0 0.0 0.0 2.0 0.0 0.0 0.6993006993006992
39 41 29 0.0 0.0 0.0 0.0 5.0 0.0 0.0 0.6982543640897755
39 41 30 0.0 0.0 47.0 0.0 1132.0 15.0 4.0 0.4424778761061946
39 41 31 0.0 0.0 392.0 0.0 8012.0 33.0 992.0 0.1349007515899017
39 41 32 0.0 0.0 684.0 0.0 11646.0 29.0 4359.0 0.09779951100244498
39 41 33 0.0 0.0 1916.0 0.0 13155.0 60.0 28103.0 0.08208736440926413
39 41 34 0.0 0.0 3408.0 0.0 12436.0 78.0 49086.0 0.07858105074090704
39 41 35 0.0 0.0 5159.0 0.0 9086.0 76.0 90322.0 0.08620689655172413
39 41 36 0.0 0.0 6487.0 0.0 6710.0 74.0 121225.0 0.09215983147916527
39 41 37 0.0 4.0 7329.0 5.0 4522.0 51.0 144613.0 0.10089362928797924
39 41 38 0.0 13.0 9020.0 2.0 3417.0 55.0 157306.0 0.09696633882809252
39 41 39 0.0 34.0 6323.0 18.0 1776.0 26.0 175497.0 0.13763271726307508
39 41 40 0.0 57.0 5361.0 24.0 1285.0 17.0 181049.0 0.16042167984416178
39 41 41 1.0 57.0 6099.0 28.0 1610.0 26.0 176550.0 0.1429592566118656
39 41 42 0.0 80.0 6742.0 53.0 2459.0 46.0 167072.0 0.1236203090507726
39 41 43 0.0 29.0 5886.0 24.0 3465.0 42.0 154856.0 0.12269938650306747
39 41 44 0.0 12.0 6797.0 23.0 7062.0 83.0 116203.0 0.08809463881198086
39 41 45 0.0 0.0 4722.0 0.0 10641.0 69.0 72952.0 0.08055235903337168
39 41 46 0.0 0.0 2934.0 0.0 11872.0 57.0 48246.0 0.08322929671244278
39 41 47 0.0 0.0 1436.0 0.0 13557.0 40.0 18155.0 0.08235778575210306
39 41 48 0.0 0.0 751.0 0.0 12043.0 26.0 5023.0 0.09467775748968688
39 41 49 0.0 0.0 526.0 0.0 10209.0 23.0 2601.0 0.11004559031598804
39 41 50 0.0 0.0 2.0 0.0 142.0 0.0 0.0 0.6529850746268656
39 41 51 0.0 0.0 0.0 0.0 4.0 0.0 0.0 0.6986027944111775
39 42 30 0.0 0.0 43.0 0.0 972.0 5.0 2.0 0.4651162790697673
39 42 31 0.0 0.0 575.0 0.0 10440.0 25.0 3233.0 0.10772545398584178
39 42 32 0.0 0.0 704.0 0.0 11498.0 32.0 3748.0 0.09870276367738295
39 42 33 0.0 0.0 2076.0 0.0 12649.0 50.0 31921.0 0.08375209380234505
39 42 34 0.0 0.0 2901.0 0.0 12133.0 71.0 46759.0 0.08229001351907364
39 42 35 0.0 0.0 4305.0 0.0 9092.0 72.0 83252.0 0.0909268039228421
39 42 36 0.0 0.0 5953.0 0.0 7638.0 79.0 107501.0 0.08966312283847827
39 42 37 0.0 0.0 5649.0 0.0 4488.0 54.0 142709.0 0.11536876802636999
39 42 38 0.0 11.0 8142.0 18.0 4355.0 62.0 148631.0 0.09635900612567966
39 42 39 0.0 47.0 8304.0 23.0 3305.0 52.0 159300.0 0.10242153778623161
39 42 40 0.0 60.0 6681.0 28.0 2382.0 34.0 168328.0 0.12531328320802004
39 42 41 0.0 96.0 6205.0 58.0 2388.0 35.0 168610.0 0.13028103480364786
39 42 42 0.0 91.0 7931.0 70.0 4166.0 55.0 150457.0 0.09816983381249561
39 42 43 0.0 17.0 6192.0 25.0 4481.0 59.0 143943.0 0.11014948859166011
39 42 44 0.0 3.0 5752.0 6.0 6638.0 69.0 118609.0 0.09719522354901415
39 42 45 0.0 0.0 4529.0 0.0 11398.0 67.0 67112.0 0.07806401249024199
39 42 46 0.0 0.0 2818.0 0.0 12319.0 58.0 44641.0 0.0816850458019721
39 42 47 0.0 0.0 1414.0 0.0 13717.0 34.0 17379.0 0.08172796263864564
39 42 48 0.0 0.0 615.0 0.0 10802.0 26.0 2921.0 0.1045010076882884
39 42 49 0.0 0.0 249.0 0.0 5409.0 22.0 322.0 0.1833180568285976
39 42 50 0.0 0.0 0.0 0.0 77.0 0.0 0.0 0.6743737957610789
39 42 51 0.0 0.0 0.0 0.0 6.0 0.0 0.0 0.6979062811565303
39 43 29 0.0 0.0 3.0 0.0 69.0 2.0 0.0 0.6763285024154588
39 43 30 0.0 0.0 56.0 0.0 1134.0 10.0 7.0 0.440251572327044
39 43 31 0.0 0.0 280.0 0.0 6105.0 20.0 477.0 0.16732401099557784
39 43 32 0.0 0.0 889.0 0.0 12703.0 27.0 8478.0 0.08984149393569915
39 43 33 0.0 0.0 2004.0 0.0 12555.0 46.0 31859.0 0.0845461682468748
39 43 34 0.0 0.0 2178.0 0.0 13948.0 61.0 27687.0 0.07733524830138651
39 43 35 0.0 0.0 3596.0 0.0 12609.0 56.0 51243.0 0.07688083470620538
39 43 36 0.0 0.0 5270.0 0.0 10010.0 72.0 83058.0 0.08095293165259626
39 43 37 0.0 1.0 5099.0 0.0 5479.0 70.0 128943.0 0.11139401654996817
39 43 38 0.0 2.0 6708.0 6.0 5707.0 65.0 131716.0 0.09713453132588634
39 43 39 0.0 10.0 6584.0 13.0 4320.0 53.0 145790.0 0.1082753286929621
39 43 40 0.0 21.0 8320.0 20.0 5067.0 72.0 141230.0 0.09083830781209445
39 43 41 0.0 27.0 7042.0 36.0 4542.0 60.0 144024.0 0.10254156595620009
39 43 42 0.0 13.0 7074.0 23.0 5732.0 68.0 130661.0 0.09423801830910068
39 43 43 0.0 9.0 6178.0 15.0 6624.0 81.0 119437.0 0.09442870632672332
39 43 44 0.0 2.0 5430.0 5.0 8463.0 82.0 96731.0 0.08800050286001633
39 43 45 0.0 0.0 4021.0 0.0 10772.0 81.0 66408.0 0.08337303477846593
39 43 46 0.0 0.0 2160.0 0.0 12690.0 71.0 33234.0 0.08317984671142534
39 43 47 0.0 0.0 1260.0 0.0 14005.0 35.0 12625.0 0.08112179858616293
39 43 48 0.0 0.0 697.0 0.0 11707.0 39.0 4669.0 0.09736421169761457
39 43 49 0.0 0.0 79.0 0.0 2511.0 9.0 48.0 0.3055434308162374
39 43 50 0.0 0.0 1.0 0.0 44.0 1.0 0.0 0.684931506849315
39 43 51 0.0 0.0 0.0 0.0 1.0 0.0 0.0 0.6996501749125437
39 44 29 0.0 0.0 0.0 0.0 4.0 0.0 0.0 0.6986027944111775
39 44 30 0.0 0.0 35.0 0.0 822.0 5.0 5.0 0.49088359046283303
39 44 31 0.0 0.0 165.0 0.0 3839.0 18.0 105.0 0.2338790511192783
39 44 32 0.0 0.0 634.0 0.0 11105.0 25.0 3838.0 0.10200364298724952
39 44 33 0.0 0.0 1388.0 0.0 13654.0 35.0 16619.0 0.08218856404837382
39 44 34 0.0 0.0 1954.0 0.0 13840.0 43.0 24953.0 0.07865168539325841
39 44 35 0.0 0.0 3052.0 0.0 9634.0 51.0 67523.0 0.09514747859181731
39 44 36 0.0 0.0 3962.0 0.0 10898.0 60.0 65509.0 0.08306633440132906
39 44 37 0.0 0.0 4878.0 1.0 8490.0 78.0 93911.0 0.09110431444003383
39 44 38 0.0 2.0 5623.0 3.0 8032.0 67.0 102553.0 0.08935980085530094
39 44 39 0.0 0.0 6127.0 0.0 7547.0 78.0 109352.0 0.08928571428571427
39 44 40 0.0 3.0 6003.0 5.0 7384.0 80.0 110220.0 0.09089138479516977
39 44 41 0.0 5.0 6248.0 12.0 7866.0 77.0 106390.0 0.0867894116917736
39 44 42 0.0 2.0 5696.0 4.0 8230.0 94.0 101038.0 0.08792865217937444
39 44 43 0.0 1.0 5019.0 3.0 8442.0 87.0 95134.0 0.09056213209133837
39 44 44 0.0 1.0 4233.0 2.0 10744.0 86.0 69169.0 0.08249366566495786
39 44 45 0.0 0.0 3115.0 0.0 12774.0 73.0 43479.0 0.07829977628635346
39 44 46 0.0 0.0 2022.0 0.0 13238.0 44.0 29177.0 0.08107482047718322
39 44 47 0.0 0.0 955.0 0.0 12991.0 29.0 7249.0 0.0878293601003764
39 44 48 0.0 0.0 402.0 0.0 8537.0 23.0 1260.0 0.128228613299139
39 44 49 0.0 0.0 22.0 0.0 700.0 6.0 3.0 0.5154639175257731
39 44 50 0.0 0.0 3.0 0.0 84.0 1.0 0.0 0.6711409395973154
39 45 30 0.0 0.0 9.0 0.0 240.0 4.0 0.0 0.623885918003565
39 45 31 0.0 0.0 23.0 0.0 763.0 9.0 2.0 0.5041411595246669
39 45 32 0.0 0.0 510.0 0.0 9854.0 26.0 2117.0 0.11340623734305386
39 45 33 0.0 0.0 981.0 0.0 13156.0 28.0 7711.0 0.08680555555555555
39 45 34 0.0 0.0 1757.0 0.0 13155.0 41.0 24725.0 0.08280104092737164
39 45 35 0.0 0.0 2082.0 0.0 12663.0 48.0 32573.0 0.08358707982566123
39 45 36 0.0 0.0 2621.0 0.0 12523.0 56.0 39575.0 0.08161361781508684
39 45 37 0.0 0.0 3262.0 0.0 12079.0 76.0 50340.0 0.0808454120228677
39 45 38 0.0 0.0 3897.0 0.0 11314.0 79.0 62031.0 0.08131970260223047
39 45 39 0.0 0.0 4316.0 0.0 10987.0 94.0 67608.0 0.0809950824414232
39 45 40 0.0 1.0 4348.0 4.0 10659.0 79.0 70716.0 0.0822126959891949
39 45 41 0.0 0.0 4164.0 0.0 10462.0 82.0 70929.0 0.08431195423065341
39 45 42 0.0 0.0 4024.0 0.0 10950.0 81.0 66698.0 0.08245479710230284
39 45 43 0.0 0.0 3386.0 0.0 12024.0 72.0 52379.0 0.08042741425863158
39 45 44 0.0 0.0 2900.0 1.0 11648.0 63.0 50250.0 0.08468424872973626
39 45 45 0.0 0.0 2016.0 0.0 13944.0 59.0 25038.0 0.07802050824788229
39 45 46 0.0 0.0 1246.0 0.0 13816.0 29.0 12429.0 0.08203926164664517
39 45 47 0.0 0.0 946.0 0.0 12876.0 31.0 6870.0 0.08850676444556832
39 45 48 0.0 0.0 175.0 0.0 4213.0 14.0 129.0 0.2196078431372549
39 45 49 0.0 0.0 3.0 0.0 188.0 0.0 0.0 0.639269406392694
39 45 50 0.0 0.0 0.0 0.0 11.0 0.0 0.0 0.6961710591745399
39 46 30 0.0 0.0 0.0 0.0 29.0 0.0 0.0 0.6899950714637751
39 46 31 0.0 0.0 72.0 0.0 1579.0 15.0 10.0 0.38503850385038496
39 46 32 0.0 0.0 236.0 0.0 4909.0 18.0 250.0 0.1964360881156166
39 46 33 0.0 0.0 694.0 0.0 11618.0 20.0 4292.0 0.09786103732699565
39 46 34 0.0 0.0 882.0 0.0 12602.0 29.0 7048.0 0.09048019130097587
39 46 35 0.0 0.0 973.0 0.0 13044.0 26.0 8162.0 0.08747266479225241
39 46 36 0.0 0.0 1240.0 0.0 13290.0 30.0 14679.0 0.08464328899637243
39 46 37 0.0 0.0 1707.0 0.0 13849.0 32.0 21125.0 0.07965860597439543
39 46 38 0.0 0.0 2429.0 0.0 12681.0 57.0 37253.0 0.08174227827407017
39 46 39 0.0 0.0 2363.0 0.0 13238.0 55.0 33668.0 0.07953189797193659
39 46 40 0.0 0.0 2589.0 0.0 12806.0 61.0 38846.0 0.08049215201517851
39 46 41 0.0 0.0 2386.0 0.0 13777.0 61.0 31579.0 0.077088266064644
39 46 42 0.0 0.0 2689.0 0.0 11356.0 53.0 48543.0 0.08723284939871642
39 46 43 0.0 0.0 1915.0 0.0 13158.0 39.0 27761.0 0.0819384291232588
39 46 44 0.0 0.0 1545.0 0.0 13441.0 36.0 20509.0 0.08241111372733693
39 46 45 0.0 0.0 1272.0 0.0 13743.0 38.0 13387.0 0.08228517691313035
39 46 46 0.0 0.0 955.0 0.0 13018.0 32.0 7934.0 0.08769182586908862
39 46 47 0.0 0.0 1198.0 0.0 13076.0 33.0 14129.0 0.0860162202015237
39 46 48 0.0 0.0 343.0 0.0 7253.0 29.0 710.0 0.14621409921671016
39 46 49 0.0 0.0 5.0 0.0 223.0 1.0 1.0 0.6286484059272563
39 46 50 0.0 0.0 0.0 0.0 4.0 0.0 0.0 0.6986027944111775
39 47 31 0.0 0.0 1.0 0.0 61.0 0.0 0.0 0.6792819019893255
39 47 32 0.0 0.0 385.0 0.0 7515.0 23.0 739.0 0.14165739148031972
39 47 33 0.0 0.0 190.0 0.0 4219.0 24.0 174.0 0.21926389976507435
39 47 34 0.0 0.0 309.0 0.0 7016.0 18.0 731.0 0.15032749919467409
39 47 35 0.0 0.0 581.0 0.0 10654.0 26.0 2892.0 0.1058761249338274
39 47 36 0.0 0.0 1070.0 0.0 12981.0 27.0 11716.0 0.08716767324575056
39 47 37 0.0 0.0 1778.0 0.0 12052.0 42.0 31271.0 0.08842291416661403
39 47 38 0.0 0.0 1429.0 0.0 13704.0 39.0 17292.0 0.08176614881439084
39 47 39 0.0 0.0 1096.0 0.0 13529.0 25.0 10831.0 0.08422572494284682
39 47 40 0.0 0.0 1095.0 0.0 13254.0 37.0 11103.0 0.08561643835616438
39 47 41 0.0 0.0 1036.0 0.0 13423.0 32.0 8035.0 0.08507018290089323
39 47 42 0.0 0.0 1050.0 0.0 13319.0 27.0 10866.0 0.08546486783468651
39 47 43 0.0 0.0 887.0 0.0 12823.0 24.0 8904.0 0.0891095410858634
39 47 44 0.0 0.0 1049.0 0.0 13351.0 33.0 9507.0 0.08542836221625578
39 47 45 0.0 0.0 789.0 0.0 12274.0 30.0 6460.0 0.09298000929800092
39 47 46 0.0 0.0 327.0 0.0 7011.0 21.0 663.0 0.15019847655830915
39 47 47 0.0 0.0 523.0 0.0 10028.0 18.0 2786.0 0.11157156518967165
39 47 48 0.0 0.0 330.0 0.0 6502.0 21.0 555.0 0.15878416695020978
39 47 49 0.0 0.0 73.0 0.0 1532.0 16.0 8.0 0.39029829941455246
39 48 31 0.0 0.0 0.0 0.0 14.0 0.0 0.0 0.6951340615690167
39 48 32 0.0 0.0 2.0 0.0 74.0 0.0 0.0 0.6743737957610789
39 48 33 0.0 0.0 154.0 0.0 3250.0 17.0 70.0 0.2598849081121218
39 48 34 0.0 0.0 43.0 0.0 1092.0 6.0 4.0 0.4474272930648769
39 48 35 0.0 0.0 346.0 0.0 7508.0 25.0 919.0 0.1423777077189057
39 48 36 0.0 0.0 656.0 0.0 11385.0 16.0 4384.0 0.09970089730807576
39 48 37 0.0 0.0 1317.0 0.0 12895.0 60.0 18187.0 0.08643042350907518
39 48 38 0.0 0.0 1246.0 0.0 13515.0 42.0 13558.0 0.08359207069500835
39 48 39 0.0 0.0 721.0 0.0 12098.0 26.0 4576.0 0.09451157766826435
39 48 40 0.0 0.0 539.0 0.0 9663.0 22.0 1868.0 0.11488593467913999
39 48 41 0.0 0.0 455.0 0.0 9140.0 24.0 1704.0 0.12086678753345417
39 48 42 0.0 0.0 710.0 0.0 11870.0 30.0 4896.0 0.09612743751716561
39 48 43 0.0 0.0 752.0 0.0 11884.0 16.0 5124.0 0.09567416114262282
39 48 44 0.0 0.0 312.0 0.0 7035.0 23.0 680.0 0.1501179498177139
39 48 45 0.0 0.0 477.0 0.0 9304.0 21.0 1797.0 0.11886568177958906
39 48 46 0.0 0.0 231.0 0.0 4900.0 12.0 208.0 0.19657399606852008
39 48 47 0.0 0.0 16.0 0.0 602.0 1.0 0.0 0.5349636988918608
39 48 48 0.0 0.0 105.0 0.0 2567.0 13.0 33.0 0.300493668169135
39 48 49 0.0 0.0 0.0 0.0 44.0 1.0 0.0 0.6852667645619186
39 49 32 0.0 0.0 5.0 0.0 55.0 2.0 0.0 0.6802721088435373
39 49 33 0.0 0.0 0.0 0.0 2.0 0.0 0.0 0.6993006993006992
39 49 34 0.0 0.0 1.0 0.0 56.0 0.0 0.0 0.6806028196402526
39 49 35 0.0 0.0 222.0 0.0 4539.0 19.0 193.0 0.2075611564121571
39 49 36 0.0 0.0 676.0 0.0 11326.0 34.0 4176.0 0.10011441647597252
39 49 37 0.0 0.0 272.0 0.0 6196.0 23.0 516.0 0.16568047337278105
39 49 38 0.0 0.0 473.0 0.0 9144.0 22.0 1809.0 0.12067925178863888
39 49 39 0.0 0.0 251.0 0.0 5068.0 17.0 264.0 0.1916233232959211
39 49 40 0.0 0.0 24.0 0.0 1024.0 11.0 3.0 0.46098123147843256
39 49 41 0.0 0.0 33.0 0.0 835.0 6.0 4.0 0.48916841369671554
39 49 42 0.0 0.0 53.0 0.0 1529.0 11.0 12.0 0.3920470456454774
39 49 43 0.0 0.0 99.0 0.0 2115.0 21.0 24.0 0.33373063170441
39 49 44 0.0 0.0 138.0 0.0 3300.0 17.0 79.0 0.2582549345139273
39 49 45 0.0 0.0 0.0 0.0 81.0 0.0 0.0 0.6727534839019701
39 49 46 0.0 0.0 10.0 0.0 211.0 2.0 0.0 0.6309148264984226
39 49 47 0.0 0.0 0.0 0.0 8.0 0.0 0.0 0.697211155378486
39 49 48 0.0 0.0 0.0 0.0 3.0 0.0 0.0 0.6989515726410384
39 50 34 0.0 0.0 0.0 0.0 14.0 0.0 0.0 0.6951340615690167
39 50 35 0.0 0.0 18.0 0.0 550.0 5.0 0.0 0.5462348809988293
39 50 36 0.0 0.0 6.0 0.0 336.0 1.0 0.0 0.5980350277659119
39 50 37 0.0 0.0 46.0 0.0 1492.0 14.0 23.0 0.3972758229284903
39 50 38 0.0 0.0 165.0 0.0 3808.0 13.0 106.0 0.234820530023482
39 50 39 0.0 0.0 5.0 0.0 289.0 2.0 0.0 0.6108202443280977
39 50 40 0.0 0.0 61.0 0.0 1001.0 13.0 4.0 0.4591669399803214
39 50 41 0.0 0.0 0.0 0.0 11.0 0.0 0.0 0.6961710591745399
39 50 42 0.0 0.0 0.0 0.0 13.0 0.0 0.0 0.6958250497017892
39 50 43 0.0 0.0 0.0 0.0 18.0 0.0 0.0 0.6937561942517343
39 50 44 0.0 0.0 1.0 0.0 7.0 0.0 0.0 0.697211155378486
39 50 45 0.0 0.0 0.0 0.0 3.0 0.0 0.0 0.6989515726410384
39 51 35 0.0 0.0 0.0 0.0 9.0 0.0 0.0 0.6968641114982577
39 51 36 0.0 0.0 0.0 0.0 5.0 0.0 0.0 0.6982543640897755
39 51 37 0.0 0.0 2.0 0.0 44.0 0.0 0.0 0.6842619745845552
39 51 38 0.0 0.0 0.0 0.0 10.0 0.0 0.0 0.6965174129353233
39 51 39 0.0 0.0 0.0 0.0 9.0 0.0 0.0 0.6968641114982577
40 29 38 0.0 0.0 0.0 0.0 1.0 0.0 0.0 0.6996501749125437
40 29 39 0.0 0.0 0.0 0.0 3.0 0.0 0.0 0.6989515726410384
40 29 40 0.0 0.0 0.0 0.0 14.0 1.0 0.0 0.695479384003974
40 29 41 0.0 0.0 1.0 0.0 8.0 0.0 0.0 0.697211155378486
40 29 42 0.0 0.0 0.0 0.0 5.0 0.0 0.0 0.6982543640897755
40 30 35 0.0 0.0 0.0 0.0 6.0 0.0 0.0 0.6979062811565303
40 30 36 0.0 0.0 1.0 0.0 56.0 0.0 0.0 0.6809338521400777
40 30 37 0.0 0.0 12.0 0.0 224.0 2.0 1.0 0.6263982102908277
40 30 38 0.0 0.0 64.0 0.0 1648.0 10.0 16.0 0.37817396002160986
40 30 39 0.0 0.0 16.0 0.0 362.0 4.0 0.0 0.5897219882055602
40 30 40 0.0 0.0 247.0 0.0 5502.0 19.0 390.0 0.18099547511312214
40 30 41 0.0 0.0 127.0 0.0 2692.0 13.0 49.0 0.2913025384935497
40 30 42 0.0 0.0 162.0 0.0 3798.0 24.0 111.0 0.23580933131211046
40 30 43 0.0 0.0 0.0 0.0 44.0 0.0 0.0 0.684931506849315
40 30 44 0.0 0.0 0.0 0.0 1.0 0.0 0.0 0.6996501749125437
40 30 45 0.0 0.0 0.0 0.0 3.0 0.0 0.0 0.6989515726410384
40 31 32 0.0 0.0 0.0 0.0 6.0 0.0 0.0 0.6979062811565303
40 31 33 0.0 0.0 0.0 0.0 20.0 0.0 0.0 0.6930693069306929
40 31 34 0.0 0.0 4.0 0.0 66.0 1.0 0.0 0.6769825918762088
40 31 35 0.0 0.0 8.0 0.0 188.0 0.0 0.0 0.6375227686703095
40 31 36 0.0 0.0 64.0 0.0 1959.0 5.0 24.0 0.3483453595421746
40 31 37 0.0 0.0 241.0 0.0 5202.0 10.0 258.0 0.18832391713747643
40 31 38 0.0 0.0 264.0 0.0 5940.0 21.0 371.0 0.1710028093318676
40 31 39 0.0 0.0 643.0 0.0 11152.0 26.0 3880.0 0.1015228426395939
40 31 40 0.0 0.0 387.0 0.0 8100.0 21.0 1101.0 0.13370260720084037
40 31 41 0.0 0.0 412.0 0.0 8392.0 16.0 1254.0 0.12965363956288198
40 31 42 0.0 0.0 342.0 0.0 7519.0 18.0 912.0 0.1420166362345303
40 31 43 0.0 0.0 32.0 0.0 969.0 4.0 4.0 0.46744574290484137
40 31 44 0.0 0.0 28.0 0.0 627.0 8.0 0.0 0.528900642236494
40 31 45 0.0 0.0 1.0 0.0 78.0 1.0 0.0 0.6737247353224253
40 31 46 0.0 0.0 14.0 0.0 205.0 4.0 1.0 0.6320541760722347
40 31 47 0.0 0.0 0.0 0.0 3.0 0.0 0.0 0.6989515726410384
40 31 48 0.0 0.0 0.0 0.0 1.0 0.0 0.0 0.6996501749125437
40 32 31 0.0 0.0 0.0 0.0 11.0 0.0 0.0 0.6961710591745399
40 32 32 0.0 0.0 160.0 0.0 3447.0 25.0 89.0 0.25076123947698364
40 32 33 0.0 0.0 108.0 0.0 2900.0 17.0 64.0 0.28033640368442125
40 32 34 0.0 0.0 220.0 0.0 5179.0 15.0 313.0 0.1895221334777311
40 32 35 0.0 0.0 219.0 0.0 4961.0 18.0 235.0 0.19550342130987292
40 32 36 0.0 0.0 425.0 0.0 8373.0 19.0 1204.0 0.12978585334198572
40 32 37 0.0 0.0 577.0 0.0 10320.0 32.0 2236.0 0.10868721372564241
40 32 38 0.0 0.0 712.0 0.0 11769.0 32.0 4276.0 0.09675190048375949
40 32 39 0.0 0.0 997.0 0.0 12946.0 36.0 11342.0 0.08780732563973907
40 32 40 0.0 0.0 1203.0 0.0 13232.0 42.0 14193.0 0.0852307317667113
40 32 41 0.0 0.0 1132.0 0.0 13271.0 37.0 13871.0 0.08539709649871903
40 32 42 0.0 0.0 738.0 0.0 11761.0 25.0 4764.0 0.09659835782791691
40 32 43 0.0 0.0 311.0 0.0 6409.0 29.0 470.0 0.1611232592933594
40 32 44 0.0 0.0 219.0 0.0 4988.0 18.0 272.0 0.19457956914523972
40 32 45 0.0 0.0 92.0 0.0 2162.0 20.0 18.0 0.330812854442344
40 32 46 0.0 0.0 22.0 0.0 730.0 6.0 2.0 0.5098324836125272
40 32 47 0.0 0.0 13.0 0.0 290.0 4.0 1.0 0.6089604175728577
40 32 48 0.0 0.0 2.0 0.0 50.0 1.0 0.0 0.68259385665529
40 32 49 0.0 0.0 0.0 0.0 1.0 0.0 0.0 0.6996501749125437
40 33 30 0.0 0.0 0.0 0.0 2.0 0.0 0.0 0.6993006993006992
40 33 31 0.0 0.0 7.0 0.0 137.0 1.0 0.0 0.6532897806812878
40 33 32 0.0 0.0 229.0 0.0 5149.0 14.0 293.0 0.1900366499253427
40 33 33 0.0 0.0 716.0 0.0 11622.0 21.0 4172.0 0.09768350544236672
40 33 34 0.0 0.0 835.0 0.0 12446.0 31.0 5684.0 0.09166502979113467
40 33 35 0.0 0.0 726.0 0.0 11990.0 28.0 4794.0 0.09521866285792015
40 33 36 0.0 0.0 874.0 0.0 12665.0 36.0 7157.0 0.09018294254058232
40 33 37 0.0 0.0 1259.0 0.0 13397.0 36.0 14648.0 0.08403865778257998
40 33 38 0.0 0.0 1513.0 0.0 13588.0 44.0 19439.0 0.08189050070191857
40 33 39 0.0 0.0 2079.0 0.0 12449.0 59.0 33929.0 0.08475089291119317
40 33 40 0.0 0.0 2259.0 0.0 12731.0 48.0 34623.0 0.08233356857210067
40 33 41 0.0 0.0 2071.0 0.0 13406.0 42.0 28774.0 0.08005489478499542
40 33 42 0.0 0.0 1448.0 0.0 13703.0 51.0 16348.0 0.0816850458019721
40 33 43 0.0 0.0 842.0 0.0 12617.0 35.0 6396.0 0.09066770286898516
40 33 44 0.0 0.0 752.0 0.0 12071.0 32.0 4680.0 0.09452434001755451
40 33 45 0.0 0.0 659.0 0.0 11249.0 24.0 3921.0 0.10066872797871575
40 33 46 0.0 0.0 404.0 0.0 8365.0 22.0 1345.0 0.13013571295779883
40 33 47 0.0 0.0 235.0 0.0 5494.0 18.0 303.0 0.1815117334370543
40 33 48 0.0 0.0 87.0 0.0 2030.0 12.0 21.0 0.3410475030450669
40 33 49 0.0 0.0 5.0 0.0 57.0 0.0 0.0 0.6789524733268669
40 33 50 0.0 0.0 0.0 0.0 1.0 0.0 0.0 0.6996501749125437
40 34 30 0.0 0.0 0.0 0.0 10.0 0.0 0.0 0.6965174129353233
40 34 31 0.0 0.0 74.0 0.0 1480.0 10.0 15.0 0.39514535704205467
40 34 32 0.0 0.0 284.0 0.0 6885.0 18.0 703.0 0.1529051987767584
40 34 33 0.0 0.0 781.0 0.0 12403.0 28.0 5874.0 0.09225092250922508
40 34 34 0.0 0.0 1474.0 0.0 13419.0 27.0 18939.0 0.08281573498964802
40 34 35 0.0 0.0 1519.0 0.0 14112.0 49.0 16267.0 0.07944163876751971
40 34 36 0.0 0.0 2262.0 0.0 12965.0 52.0 34092.0 0.08123476848090982
40 34 37 0.0 0.0 2578.0 0.0 13405.0 69.0 35809.0 0.0779423226812159
40 34 38 0.0 0.0 2637.0 0.0 13182.0 60.0 36949.0 0.0785413744740533
40 34 39 0.0 0.0 3144.0 0.0 11096.0 53.0 56760.0 0.0860479409956976
40 34 40 0.0 0.0 3453.0 0.0 10805.0 70.0 62645.0 0.08613264427217915
40 34 41 0.0 0.0 2852.0 0.0 12509.0 65.0 43615.0 0.08067769261799111
40 34 42 0.0 0.0 2255.0 0.0 12999.0 59.0 33544.0 0.08116883116883115
40 34 43 0.0 0.0 1929.0 0.0 13574.0 48.0 25835.0 0.07994061554273967
40 34 44 0.0 0.0 1478.0 0.0 12990.0 46.0 22259.0 0.08504434455108734
40 34 45 0.0 0.0 985.0 0.0 13148.0 34.0 8218.0 0.0868001736003472
40 34 46 0.0 0.0 577.0 0.0 10609.0 17.0 2896.0 0.10619737540772205
40 34 47 0.0 0.0 815.0 0.0 12268.0 22.0 5777.0 0.09283819628647214
40 34 48 0.0 0.0 366.0 0.0 7248.0 31.0 785.0 0.14597018037743717
40 34 49 0.0 0.0 68.0 0.0 1402.0 9.0 13.0 0.4045073678127708
40 34 50 0.0 0.0 1.0 0.0 43.0 1.0 0.0 0.6852667645619186
40 35 29 0.0 0.0 0.0 0.0 2.0 0.0 0.0 0.6993006993006992
40 35 30 0.0 0.0 0.0 0.0 61.0 0.0 0.0 0.6792819019893255
40 35 31 0.0 0.0 319.0 0.0 6234.0 21.0 434.0 0.1640496836184673
40 35 32 0.0 0.0 449.0 0.0 8821.0 18.0 1431.0 0.12434496846966868
40 35 33 0.0 0.0 1080.0 0.0 13163.0 33.0 12604.0 0.08619628124615193
40 35 34 0.0 0.0 2329.0 0.0 12527.0 55.0 36434.0 0.08304169879589536
40 35 35 0.0 0.0 3034.0 0.0 11868.0 61.0 50072.0 0.08279124778237729
40 35 36 0.0 0.0 3886.0 0.0 11562.0 83.0 60323.0 0.08027522935779816
40 35 37 0.0 0.0 4378.0 0.0 10518.0 67.0 71583.0 0.08272764876203981
40 35 38 0.0 0.0 4729.0 0.0 9722.0 70.0 81870.0 0.08503401360544216
40 35 39 0.0 0.0 4973.0 0.0 9543.0 77.0 84700.0 0.08473550417624984
40 35 40 0.0 0.0 4937.0 0.0 9019.0 74.0 88977.0 0.08777429467084638
40 35 41 0.0 0.0 4703.0 0.0 11898.0 74.0 63435.0 0.07523645743766122
40 35 42 0.0 0.0 3786.0 0.0 11257.0 88.0 61584.0 0.08220304151253595
40 35 43 0.0 0.0 3080.0 0.0 13005.0 70.0 43171.0 0.07748076816647295
40 35 44 0.0 0.0 2859.0 0.0 11009.0 66.0 53565.0 0.08826125330979699
40 35 45 0.0 0.0 1625.0 0.0 14249.0 29.0 17953.0 0.07829977628635346
40 35 46 0.0 0.0 1382.0 0.0 13546.0 50.0 17150.0 0.08277656240761544
40 35 47 0.0 0.0 1090.0 0.0 13137.0 38.0 11767.0 0.08635045950780237
40 35 48 0.0 0.0 411.0 0.0 8083.0 29.0 1061.0 0.13370260720084037
40 35 49 0.0 0.0 393.0 0.0 8450.0 21.0 1402.0 0.12927054478301014
40 35 50 0.0 0.0 1.0 0.0 133.0 1.0 0.0 0.6563525550867322
40 36 29 0.0 0.0 0.0 0.0 1.0 0.0 0.0 0.6996501749125437
40 36 30 0.0 0.0 14.0 0.0 339.0 4.0 0.0 0.5959982971477223
40 36 31 0.0 0.0 337.0 0.0 6605.0 19.0 533.0 0.15688032272523528
40 36 32 0.0 0.0 1064.0 0.0 13291.0 32.0 9346.0 0.0855798031664527
40 36 33 0.0 0.0 1329.0 0.0 13798.0 39.0 13270.0 0.08178525528683257
40 36 34 0.0 0.0 2789.0 0.0 11931.0 66.0 46148.0 0.08375209380234505
40 36 35 0.0 0.0 4193.0 0.0 9975.0 76.0 75429.0 0.08656402646385951
40 36 36 0.0 0.0 4795.0 0.0 7215.0 87.0 108358.0 0.10007147962830593
40 36 37 0.0 0.0 6019.0 0.0 7545.0 79.0 110498.0 0.0898703299524971
40 36 38 0.0 0.0 6734.0 0.0 7406.0 81.0 112776.0 0.08687019111442044
40 36 39 0.0 0.0 6179.0 0.0 5864.0 57.0 129633.0 0.09965831435079725
40 36 40 0.0 0.0 7331.0 0.0 7392.0 76.0 115215.0 0.08363701535336639
40 36 41 0.0 0.0 6376.0 0.0 6540.0 82.0 120905.0 0.09394081728511038
40 36 42 0.0 0.0 6227.0 0.0 9548.0 82.0 92119.0 0.07872687398076814
40 36 43 0.0 0.0 5151.0 0.0 10328.0 80.0 78882.0 0.08013737836290782
40 36 44 0.0 0.0 3997.0 1.0 10532.0 59.0 67631.0 0.0846279393096778
40 36 45 0.0 0.0 2762.0 0.0 11964.0 65.0 45698.0 0.0837871805613741
40 36 46 0.0 0.0 1917.0 0.0 13665.0 36.0 25704.0 0.07959067652075041
40 36 47 0.0 0.0 1103.0 0.0 13348.0 33.0 11450.0 0.08511155693355218
40 36 48 0.0 0.0 785.0 0.0 12397.0 20.0 5988.0 0.09215983147916527
40 36 49 0.0 0.0 280.0 0.0 5444.0 23.0 301.0 0.18172377985462096
40 36 50 0.0 0.0 1.0 0.0 56.0 0.0 0.0 0.6806028196402526
40 37 29 0.0 0.0 0.0 0.0 11.0 0.0 0.0 0.6961710591745399
40 37 30 0.0 0.0 55.0 0.0 1644.0 9.0 15.0 0.37950664136622386
40 37 31 0.0 0.0 536.0 0.0 9964.0 33.0 2313.0 0.11220645988619057
40 37 32 0.0 0.0 1109.0 0.0 13319.0 38.0 11190.0 0.08523592085235919
40 37 33 0.0 0.0 2136.0 0.0 12337.0 41.0 34903.0 0.08491023774866568
40 37 34 0.0 0.0 3432.0 0.0 11038.0 68.0 58419.0 0.08498755539367449
40 37 35 0.0 0.0 5174.0 0.0 9909.0 77.0 82746.0 0.08182349503214494
40 37 36 0.0 0.0 5322.0 0.0 5654.0 60.0 127059.0 0.10782501540357362
40 37 37 0.0 2.0 7877.0 2.0 5969.0 61.0 130886.0 0.08820008820008819
40 37 38 0.0 0.0 7209.0 0.0 4256.0 63.0 148318.0 0.10393466963622865
40 37 39 0.0 1.0 7321.0 3.0 3607.0 52.0 154970.0 0.10822510822510821
40 37 40 0.0 2.0 7496.0 3.0 3705.0 53.0 153413.0 0.10610883735031075
40 37 41 0.0 9.0 8276.0 6.0 4600.0 46.0 144679.0 0.09385894341646553
40 37 42 0.0 2.0 7297.0 4.0 5314.0 56.0 136546.0 0.0957134067136118
40 37 43 0.0 0.0 6155.0 0.0 6401.0 60.0 120837.0 0.09606147934678193
40 37 44 0.0 1.0 5519.0 5.0 9939.0 86.0 84693.0 0.08016950123117447
40 37 45 0.0 0.0 3832.0 0.0 10125.0 66.0 71099.0 0.0876533934385174
40 37 46 0.0 0.0 2633.0 0.0 12468.0 51.0 42095.0 0.08184262831754939
40 37 47 0.0 0.0 1255.0 0.0 13713.0 32.0 11939.0 0.08248880509073768
40 37 48 0.0 0.0 686.0 0.0 11154.0 36.0 3108.0 0.10128047457136655
40 37 49 0.0 0.0 338.0 0.0 7044.0 10.0 658.0 0.1493014823504319
40 37 50 0.0 0.0 0.0 0.0 42.0 0.0 0.0 0.6856023506366307
40 38 29 0.0 0.0 0.0 0.0 8.0 0.0 0.0 0.697211155378486
40 38 30 0.0 0.0 159.0 0.0 3599.0 21.0 109.0 0.24398745207389327
40 38 31 0.0 0.0 548.0 0.0 9969.0 20.0 2159.0 0.11195521791283486
40 38 32 0.0 0.0 1385.0 0.0 13488.0 40.0 16477.0 0.0830318486448016
40 38 33 0.0 0.0 1892.0 0.0 13486.0 40.0 25838.0 0.08053845711327158
40 38 34 0.0 0.0 3558.0 0.0 11452.0 68.0 57377.0 0.08227067050596462
40 38 35 0.0 0.0 5871.0 0.0 8744.0 83.0 95881.0 0.08424599831508003
40 38 36 0.0 0.0 6604.0 0.0 5640.0 89.0 131908.0 0.0984321169936019
40 38 37 0.0 1.0 5855.0 0.0 3163.0 40.0 158596.0 0.12701868989294138
40 38 38 0.0 9.0 5524.0 3.0 2260.0 32.0 170501.0 0.1429738562091503
40 38 39 0.0 9.0 6943.0 2.0 2086.0 30.0 171878.0 0.12699564586357037
40 38 40 0.0 9.0 6737.0 5.0 2013.0 38.0 173143.0 0.13011152416356875
40 38 41 0.0 15.0 6130.0 6.0 2040.0 29.0 172311.0 0.13726835964310224
40 38 42 0.0 8.0 6430.0 6.0 2895.0 37.0 163080.0 0.12350035285815099
40 38 43 0.0 5.0 7193.0 6.0 5111.0 70.0 139655.0 0.0978541972461033
40 38 44 0.0 2.0 6010.0 3.0 7125.0 74.0 112870.0 0.09247027741083222
40 38 45 0.0 1.0 4455.0 2.0 9894.0 84.0 78280.0 0.08563214875527554
40 38 46 0.0 0.0 2933.0 0.0 11974.0 63.0 47415.0 0.082805938368723
40 38 47 0.0 0.0 1649.0 0.0 13632.0 55.0 22067.0 0.08101851851851852
40 38 48 0.0 0.0 744.0 0.0 11747.0 20.0 3989.0 0.09665838166252416
40 38 49 0.0 0.0 128.0 0.0 3375.0 7.0 95.0 0.25482344375682553
40 38 50 0.0 0.0 12.0 0.0 342.0 2.0 0.0 0.5952380952380951
40 39 29 0.0 0.0 0.0 0.0 1.0 0.0 0.0 0.6996501749125437
40 39 30 0.0 0.0 8.0 0.0 466.0 3.0 0.0 0.5665722379603398
40 39 31 0.0 0.0 388.0 0.0 8204.0 23.0 1229.0 0.1323501607109094
40 39 32 0.0 0.0 1027.0 0.0 13274.0 24.0 9388.0 0.08585796639273886
40 39 33 0.0 0.0 2022.0 0.0 13040.0 55.0 29838.0 0.08206811653672548
40 39 34 0.0 0.0 3990.0 0.0 11595.0 67.0 60768.0 0.07963142028326033
40 39 35 0.0 0.0 5533.0 0.0 6937.0 66.0 113272.0 0.09662502588170335
40 39 36 0.0 0.0 6798.0 1.0 4962.0 51.0 138916.0 0.101603889977502
40 39 37 0.0 7.0 6687.0 8.0 2967.0 36.0 161915.0 0.12010981468771448
40 39 38 0.0 9.0 6376.0 6.0 1769.0 31.0 174266.0 0.13791744655698943
40 39 39 0.0 18.0 5486.0 7.0 1244.0 15.0 181071.0 0.1599817163752714
40 39 40 0.0 31.0 6339.0 7.0 1256.0 17.0 181457.0 0.14510779436152568
40 39 41 0.0 26.0 5967.0 6.0 1381.0 26.0 180070.0 0.14925373134328357
40 39 42 0.0 37.0 5787.0 21.0 1974.0 35.0 173441.0 0.14279885760913913
40 39 43 0.0 10.0 7324.0 14.0 3762.0 44.0 153149.0 0.10674799847502857
40 39 44 0.0 5.0 6791.0 15.0 6342.0 56.0 123482.0 0.09228132621448815
40 39 45 0.0 0.0 4931.0 0.0 8258.0 76.0 95302.0 0.09223268990052044
40 39 46 0.0 0.0 3402.0 0.0 11843.0 79.0 53178.0 0.08120178643930166
40 39 47 0.0 0.0 1506.0 0.0 13912.0 40.0 17957.0 0.08038123672274214
40 39 48 0.0 0.0 820.0 0.0 12580.0 23.0 6502.0 0.09093270979475188
40 39 49 0.0 0.0 355.0 0.0 7217.0 19.0 705.0 0.1465354825204103
40 39 50 0.0 0.0 13.0 0.0 182.0 5.0 0.0 0.639269406392694
40 39 51 0.0 0.0 0.0 0.0 2.0 0.0 0.0 0.6993006993006992
40 40 29 0.0 0.0 0.0 0.0 3.0 0.0 0.0 0.6989515726410384
40 40 30 0.0 0.0 38.0 0.0 796.0 6.0 5.0 0.495049504950495
40 40 31 0.0 0.0 389.0 0.0 8180.0 30.0 1263.0 0.13270142180094782
40 40 32 0.0 0.0 862.0 0.0 12707.0 23.0 8150.0 0.08992805755395683
40 40 33 0.0 0.0 2057.0 0.0 13764.0 48.0 27067.0 0.0785413744740533
40 40 34 0.0 0.0 3990.0 0.0 11537.0 81.0 61770.0 0.07995887829116453
40 40 35 0.0 0.0 5666.0 0.0 7548.0 88.0 107483.0 0.0921113231133627
40 40 36 0.0 0.0 6593.0 0.0 4567.0 56.0 143139.0 0.10634257500949486
40 40 37 0.0 1.0 7153.0 1.0 3079.0 49.0 160998.0 0.11450069518279218
40 40 38 0.0 8.0 6142.0 6.0 1756.0 34.0 175819.0 0.1411005845595646
40 40 39 0.0 26.0 5654.0 7.0 1125.0 20.0 182597.0 0.1590005678591709
40 40 40 1.0 33.0 4321.0 16.0 802.0 11.0 187399.0 0.1953670108847334
40 40 41 0.0 59.0 4742.0 17.0 1022.0 19.0 184437.0 0.1785942084449547
40 40 42 0.0 73.0 6389.0 26.0 1877.0 25.0 174375.0 0.13506994693680655
40 40 43 0.0 18.0 7045.0 22.0 3470.0 38.0 156225.0 0.11132315521628497
40 40 44 0.0 6.0 7530.0 5.0 7351.0 89.0 116652.0 0.08290891863081841
40 40 45 0.0 2.0 5078.0 4.0 8705.0 77.0 92038.0 0.08864125617323033
40 40 46 0.0 0.0 3221.0 0.0 11904.0 77.0 50095.0 0.08179959100204498
40 40 47 0.0 0.0 1586.0 0.0 13598.0 40.0 19639.0 0.0815090824406148
40 40 48 0.0 0.0 584.0 0.0 10779.0 27.0 3033.0 0.1048689138576779
40 40 49 0.0 0.0 204.0 0.0 4977.0 15.0 266.0 0.19531249999999994
40 40 50 0.0 0.0 5.0 0.0 167.0 2.0 0.0 0.6451612903225805
40 40 51 0.0 0.0 0.0 0.0 2.0 0.0 0.0 0.6993006993006992
40 41 29 0.0 0.0 0.0 0.0 9.0 0.0 0.0 0.6968641114982577
40 41 30 0.0 0.0 119.0 0.0 2240.0 17.0 26.0 0.3223578171770665
40 41 31 0.0 0.0 215.0 0.0 5257.0 21.0 310.0 0.1878186208746981
40 41 32 0.0 0.0 996.0 0.0 12920.0 26.0 9412.0 0.08797838245459687
40 41 33 0.0 0.0 2142.0 0.0 12808.0 51.0 31933.0 0.08260561718196836
40 41 34 0.0 0.0 3698.0 0.0 12118.0 72.0 54955.0 0.07855459544383346
40 41 35 0.0 0.0 5430.0 0.0 7686.0 69.0 104985.0 0.09258034651501124
40 41 36 0.0 0.0 7038.0 0.0 5952.0 73.0 128721.0 0.09343299519487452
40 41 37 0.0 6.0 7202.0 4.0 3698.0 45.0 154032.0 0.10841787346085338
40 41 38 0.0 10.0 6914.0 4.0 2404.0 21.0 168808.0 0.12333715091181392
40 41 39 0.0 42.0 6619.0 20.0 1616.0 20.0 177894.0 0.1358563803978651
40 41 40 0.0 73.0 6030.0 22.0 1313.0 14.0 181035.0 0.1483365119728756
40 41 41 0.0 266.0 6076.0 105.0 1459.0 25.0 179121.0 0.14124293785310732
40 41 42 0.0 85.0 6195.0 42.0 2066.0 27.0 171935.0 0.13469309216855876
40 41 43 0.0 42.0 8371.0 44.0 4680.0 61.0 145142.0 0.09239704329461455
40 41 44 0.0 6.0 6372.0 13.0 6010.0 80.0 127006.0 0.09736421169761457
40 41 45 0.0 0.0 5026.0 0.0 9938.0 90.0 81692.0 0.08248394508925941
40 41 46 0.0 0.0 2722.0 0.0 13229.0 54.0 37699.0 0.0779423226812159
40 41 47 0.0 0.0 1633.0 0.0 13618.0 51.0 20683.0 0.08122063004003016
40 41 48 0.0 0.0 674.0 0.0 11388.0 25.0 3781.0 0.0995874235310855
40 41 49 0.0 0.0 349.0 0.0 7774.0 27.0 980.0 0.13854527461652646
40 41 50 0.0 0.0 15.0 0.0 342.0 4.0 3.0 0.5952380952380951
40 41 51 0.0 0.0 1.0 0.0 3.0 0.0 0.0 0.6986027944111775
40 42 29 0.0 0.0 0.0 0.0 10.0 0.0 0.0 0.6965174129353233
40 42 30 0.0 0.0 217.0 0.0 4318.0 18.0 145.0 0.21478981282602022
40 42 31 0.0 0.0 487.0 0.0 9286.0 22.0 1781.0 0.1190374968114956
40 42 32 0.0 0.0 1066.0 0.0 13542.0 39.0 10196.0 0.08435259384226064
40 42 33 0.0 0.0 1781.0 0.0 14072.0 47.0 20815.0 0.0784181930207808
40 42 34 0.0 0.0 3417.0 0.0 10443.0 62.0 65418.0 0.08818342151675483
40 42 35 0.0 0.0 4871.0 0.0 10060.0 83.0 79030.0 0.08275209835677975
40 42 36 0.0 0.0 6797.0 2.0 8076.0 68.0 108068.0 0.08288928359976316
40 42 37 0.0 2.0 7898.0 3.0 5635.0 73.0 133584.0 0.09009009009009007
40 42 38 0.0 10.0 6252.0 13.0 2939.0 38.0 161852.0 0.12483281319661164
40 42 39 0.0 23.0 7371.0 21.0 2677.0 39.0 165561.0 0.115807759119861
40 42 40 0.0 78.0 5600.0 35.0 1837.0 23.0 174143.0 0.14638226683396066
40 42 41 1.0 124.0 7368.0 83.0 2665.0 39.0 166055.0 0.11452879581151831
40 42 42 0.0 82.0 8071.0 68.0 3765.0 57.0 153357.0 0.100121576199671
40 42 43 0.0 17.0 5777.0 20.0 3921.0 51.0 148933.0 0.11914893617021274
40 42 44 0.0 2.0 5748.0 3.0 6344.0 55.0 121016.0 0.09912908022374847
40 42 45 0.0 1.0 4622.0 0.0 10695.0 72.0 71298.0 0.08079875339066196
40 42 46 0.0 0.0 2282.0 0.0 13576.0 49.0 30879.0 0.07838745800671891
40 42 47 0.0 0.0 1275.0 0.0 13904.0 36.0 12817.0 0.08154706430568498
40 42 48 0.0 0.0 603.0 0.0 10904.0 22.0 3270.0 0.10368066355624675
40 42 49 0.0 0.0 156.0 0.0 3546.0 19.0 81.0 0.24617548795498503
40 42 50 0.0 0.0 7.0 0.0 165.0 1.0 0.0 0.64486411791801
40 43 29 0.0 0.0 0.0 0.0 4.0 0.0 0.0 0.6986027944111775
40 43 30 0.0 0.0 151.0 0.0 3183.0 18.0 66.0 0.2633559066967644
40 43 31 0.0 0.0 239.0 0.0 5889.0 21.0 481.0 0.17271157167530224
40 43 32 0.0 0.0 1302.0 0.0 12864.0 33.0 18526.0 0.08659615265664625
40 43 33 0.0 0.0 1705.0 0.0 13493.0 38.0 22547.0 0.0814048145133155
40 43 34 0.0 0.0 2937.0 0.0 11886.0 68.0 48725.0 0.08321940200915412
40 43 35 0.0 0.0 4043.0 0.0 11198.0 67.0 61820.0 0.08122063004003016
40 43 36 0.0 0.0 4882.0 0.0 7284.0 80.0 105157.0 0.09884911388830048
40 43 37 0.0 1.0 6466.0 0.0 6755.0 73.0 118720.0 0.0918936659008861
40 43 38 0.0 2.0 6124.0 6.0 4611.0 49.0 141696.0 0.10977809142946755
40 43 39 1.0 11.0 7117.0 13.0 4480.0 65.0 144945.0 0.10270706477881299
40 43 40 0.0 40.0 7639.0 40.0 4820.0 69.0 143009.0 0.09627948559246269
40 43 41 0.0 44.0 6266.0 44.0 3826.0 57.0 150799.0 0.11487650775416428
40 43 42 0.0 27.0 6919.0 38.0 5130.0 56.0 137509.0 0.09910802775024775
40 43 43 0.0 17.0 6728.0 25.0 6713.0 80.0 120119.0 0.09041007426541814
40 43 44 0.0 1.0 5082.0 1.0 6805.0 71.0 111631.0 0.1007411671583795
40 43 45 0.0 0.0 3993.0 0.0 11009.0 81.0 65251.0 0.08234809717075466
40 43 46 0.0 0.0 2006.0 0.0 13926.0 45.0 25147.0 0.077981395866986
40 43 47 0.0 0.0 1305.0 0.0 13256.0 40.0 16680.0 0.08458192363460608
40 43 48 0.0 0.0 512.0 0.0 9771.0 27.0 2115.0 0.1141366378607533
40 43 49 0.0 0.0 235.0 0.0 5235.0 11.0 254.0 0.1876675603217158
40 43 50 0.0 0.0 2.0 0.0 67.0 1.0 0.0 0.6769825918762088
40 43 51 0.0 0.0 0.0 0.0 1.0 0.0 0.0 0.6996501749125437
40 44 29 0.0 0.0 0.0 0.0 2.0 0.0 0.0 0.6993006993006992
40 44 30 0.0 0.0 5.0 0.0 89.0 0.0 0.0 0.6685768863419292
40 44 31 0.0 0.0 257.0 0.0 5828.0 17.0 429.0 0.1734820322180917
40 44 32 0.0 0.0 943.0 0.0 12848.0 30.0 7034.0 0.08868055995439285
40 44 33 0.0 0.0 1388.0 0.0 13471.0 42.0 18200.0 0.0830072334874896
40 44 34 0.0 0.0 2143.0 0.0 12498.0 58.0 34297.0 0.08419533317296125
40 44 35 0.0 0.0 2855.0 0.0 12547.0 58.0 44191.0 0.08050603795284646
40 44 36 0.0 0.0 4137.0 0.0 9844.0 81.0 76239.0 0.08771929824561402
40 44 37 0.0 0.0 5161.0 0.0 11345.0 96.0 71599.0 0.07569204152249133
40 44 38 0.0 1.0 5801.0 7.0 8166.0 84.0 101947.0 0.08766986035443672
40 44 39 0.0 2.0 6354.0 0.0 7586.0 80.0 109882.0 0.0879396984924623
40 44 40 0.0 6.0 6396.0 16.0 7702.0 96.0 108953.0 0.08688097306689835
40 44 41 0.0 4.0 5852.0 4.0 6879.0 74.0 115830.0 0.09500542888165037
40 44 42 0.0 1.0 6087.0 7.0 8676.0 77.0 98524.0 0.08342768607353554
40 44 43 0.0 0.0 5090.0 2.0 9042.0 93.0 90274.0 0.0867894116917736
40 44 44 0.0 0.0 4333.0 1.0 9327.0 60.0 82384.0 0.08938262146459809
40 44 45 0.0 0.0 3370.0 0.0 10471.0 55.0 62906.0 0.08831693161746151
40 44 46 0.0 0.0 2204.0 0.0 12706.0 57.0 34068.0 0.08274231678486997
40 44 47 0.0 0.0 1018.0 0.0 13159.0 33.0 9598.0 0.0865533230293663
40 44 48 0.0 0.0 759.0 0.0 11898.0 27.0 5380.0 0.09556313993174059
40 44 49 0.0 0.0 169.0 0.0 3810.0 25.0 120.0 0.2350965575146935
40 44 50 0.0 0.0 0.0 0.0 51.0 0.0 0.0 0.68259385665529
40 45 30 0.0 0.0 0.0 0.0 36.0 0.0 0.0 0.6876227897838899
40 45 31 0.0 0.0 59.0 0.0 1550.0 9.0 13.0 0.38888888888888884
40 45 32 0.0 0.0 557.0 0.0 10336.0 14.0 2687.0 0.10866190624029803
40 45 33 0.0 0.0 1007.0 0.0 13008.0 27.0 10897.0 0.08743442418186359
40 45 34 0.0 0.0 1835.0 0.0 12491.0 40.0 29843.0 0.08570029382957883
40 45 35 0.0 0.0 1748.0 0.0 13760.0 44.0 21643.0 0.08001828989483309
40 45 36 0.0 0.0 2545.0 0.0 13318.0 61.0 34810.0 0.07837868099876832
40 45 37 0.0 0.0 3268.0 0.0 11207.0 71.0 56688.0 0.08507018290089323
40 45 38 0.0 0.0 4074.0 0.0 10372.0 74.0 71649.0 0.08510120965290863
40 45 39 0.0 0.0 4422.0 0.0 10456.0 93.0 73549.0 0.08298263292039594
40 45 40 0.0 0.0 4230.0 0.0 11285.0 93.0 65428.0 0.07997714938588973
40 45 41 0.0 0.0 4276.0 0.0 10389.0 64.0 72129.0 0.08401848406649462
40 45 42 0.0 1.0 4053.0 0.0 10118.0 79.0 73430.0 0.0866122246968572
40 45 43 0.0 0.0 3553.0 0.0 11078.0 62.0 60994.0 0.08403361344537814
40 45 44 0.0 0.0 3093.0 0.0 11471.0 59.0 52846.0 0.0845359579735523
40 45 45 0.0 0.0 2122.0 0.0 13039.0 51.0 32261.0 0.08154706430568498
40 45 46 0.0 0.0 2382.0 0.0 11537.0 59.0 43768.0 0.08789552988448016
40 45 47 0.0 0.0 1089.0 0.0 13486.0 31.0 9894.0 0.08453085376162298
40 45 48 0.0 0.0 455.0 0.0 9268.0 26.0 1830.0 0.11957635804578065
40 45 49 0.0 0.0 244.0 0.0 5518.0 18.0 303.0 0.18069179143004646
40 45 50 0.0 0.0 9.0 0.0 134.0 3.0 0.0 0.6542056074766354
40 46 30 0.0 0.0 0.0 0.0 7.0 0.0 0.0 0.6979062811565303
40 46 31 0.0 0.0 86.0 0.0 1970.0 16.0 26.0 0.3464488987874288
40 46 32 0.0 0.0 473.0 0.0 9005.0 22.0 1606.0 0.12213207711768295
40 46 33 0.0 0.0 1092.0 0.0 13164.0 29.0 12366.0 0.08615384615384615
40 46 34 0.0 0.0 1002.0 0.0 13199.0 40.0 8860.0 0.08651588184402421
40 46 35 0.0 0.0 958.0 0.0 13031.0 36.0 9648.0 0.08764241893076248
40 46 36 0.0 0.0 1055.0 0.0 13648.0 42.0 8190.0 0.08388256440982624
40 46 37 0.0 0.0 1900.0 0.0 14139.0 40.0 23057.0 0.07755803002603734
40 46 38 0.0 0.0 2983.0 0.0 10913.0 73.0 54908.0 0.08806693086745926
40 46 39 0.0 0.0 2732.0 0.0 12199.0 70.0 44169.0 0.08275699001004906
40 46 40 0.0 0.0 2271.0 0.0 13571.0 51.0 30994.0 0.07851934941110486
40 46 41 0.0 0.0 2425.0 1.0 13555.0 59.0 32665.0 0.07785130400934215
40 46 42 0.0 0.0 2416.0 0.0 13125.0 42.0 33551.0 0.0797766254487435
40 46 43 0.0 0.0 1573.0 0.0 13949.0 38.0 18787.0 0.07987220447284343
40 46 44 0.0 0.0 1697.0 0.0 13286.0 41.0 23435.0 0.08242081714352995
40 46 45 0.0 0.0 1054.0 0.0 13345.0 30.0 9551.0 0.08537626539821928
40 46 46 0.0 0.0 1511.0 0.0 12898.0 45.0 21637.0 0.08532423208191126
40 46 47 0.0 0.0 678.0 0.0 11540.0 32.0 5033.0 0.09857072449482501
40 46 48 0.0 0.0 572.0 0.0 10756.0 31.0 4585.0 0.10517617008489219
40 46 49 0.0 0.0 14.0 0.0 406.0 5.0 2.0 0.5797101449275361
40 46 50 0.0 0.0 0.0 0.0 9.0 0.0 0.0 0.697211155378486
40 47 30 0.0 0.0 1.0 0.0 52.0 0.0 0.0 0.6819288845591815
40 47 31 0.0 0.0 10.0 0.0 189.0 1.0 0.0 0.6369426751592355
40 47 32 0.0 0.0 157.0 0.0 3934.0 17.0 174.0 0.2304526748971193
40 47 33 0.0 0.0 586.0 0.0 10463.0 32.0 3074.0 0.107386668712127
40 47 34 0.0 0.0 294.0 0.0 6503.0 23.0 501.0 0.15956234328698427
40 47 35 0.0 0.0 528.0 0.0 9809.0 21.0 2098.0 0.11358104819081616
40 47 36 0.0 0.0 787.0 0.0 12170.0 28.0 4938.0 0.09365801445009364
40 47 37 0.0 0.0 1204.0 0.0 13809.0 40.0 11227.0 0.08231904509907684
40 47 38 0.0 0.0 1375.0 0.0 13781.0 29.0 16404.0 0.08155656530350691
40 47 39 0.0 0.0 1590.0 0.0 13564.0 28.0 20118.0 0.08158983623754297
40 47 40 0.0 0.0 1239.0 0.0 13533.0 42.0 14226.0 0.083552160420148
40 47 41 0.0 0.0 1176.0 0.0 13642.0 27.0 11354.0 0.08320950965824664
40 47 42 0.0 0.0 1177.0 0.0 13282.0 31.0 12681.0 0.08505984567713712
40 47 43 0.0 0.0 1115.0 0.0 13299.0 32.0 11209.0 0.0852255433128386
40 47 44 0.0 0.0 533.0 0.0 10176.0 22.0 2525.0 0.11021018657010154
40 47 45 0.0 0.0 417.0 0.0 8761.0 16.0 1612.0 0.12531328320802004
40 47 46 0.0 0.0 239.0 0.0 5526.0 19.0 369.0 0.18066847335140013
40 47 47 0.0 0.0 269.0 0.0 6221.0 21.0 481.0 0.1651917404129793
40 47 48 0.0 0.0 201.0 0.0 4661.0 21.0 196.0 0.20455873758036233
40 47 49 0.0 0.0 0.0 0.0 104.0 0.0 0.0 0.6653992395437262
40 47 50 0.0 0.0 0.0 0.0 1.0 0.0 0.0 0.6996501749125437
40 48 31 0.0 0.0 18.0 0.0 533.0 3.0 1.0 0.5494505494505494
40 48 32 0.0 0.0 2.0 0.0 110.0 1.0 1.0 0.6631927996210326
40 48 33 0.0 0.0 162.0 0.0 3423.0 16.0 80.0 0.2514367816091954
40 48 34 0.0 0.0 33.0 0.0 653.0 10.0 0.0 0.5231689088191329
40 48 35 0.0 0.0 433.0 0.0 8422.0 15.0 1283.0 0.1290560471976401
40 48 36 0.0 0.0 927.0 0.0 13037.0 31.0 7152.0 0.08777429467084638
40 48 37 0.0 0.0 512.0 0.0 9746.0 10.0 2217.0 0.11421112742698644
40 48 38 0.0 0.0 747.0 0.0 12027.0 24.0 5204.0 0.0948316737790422
40 48 39 0.0 0.0 659.0 0.0 11337.0 26.0 3649.0 0.10015739018457576
40 48 40 0.0 0.0 547.0 0.0 10179.0 18.0 2311.0 0.11008020128951092
40 48 41 0.0 0.0 303.0 0.0 6961.0 16.0 715.0 0.15130228034151083
40 48 42 0.0 0.0 321.0 0.0 7152.0 15.0 750.0 0.1479602621010357
40 48 43 0.0 0.0 558.0 0.0 10658.0 28.0 3423.0 0.10610079575596815
40 48 44 0.0 0.0 246.0 0.0 5038.0 17.0 257.0 0.19265171322416397
40 48 45 0.0 0.0 40.0 0.0 1051.0 6.0 5.0 0.45425048669694995
40 48 46 0.0 0.0 142.0 0.0 3172.0 18.0 79.0 0.2642007926023778
40 48 47 0.0 0.0 165.0 0.0 4117.0 19.0 145.0 0.22353504710202773
40 48 48 0.0 0.0 14.0 0.0 278.0 3.0 0.0 0.6116207951070335
40 48 49 0.0 0.0 0.0 0.0 21.0 0.0 0.0 0.6927263730826323
40 49 31 0.0 0.0 0.0 0.0 1.0 0.0 0.0 0.6996501749125437
40 49 32 0.0 0.0 0.0 0.0 3.0 0.0 0.0 0.6989515726410384
40 49 33 0.0 0.0 0.0 0.0 8.0 0.0 0.0 0.697211155378486
40 49 34 0.0 0.0 5.0 0.0 142.0 2.0 0.0 0.6526806526806526
40 49 35 0.0 0.0 78.0 0.0 1716.0 15.0 13.0 0.37037037037037035
40 49 36 0.0 0.0 568.0 0.0 10279.0 26.0 2719.0 0.10911925175370225
40 49 37 0.0 0.0 297.0 0.0 6164.0 22.0 406.0 0.16583747927031506
40 49 38 0.0 0.0 465.0 0.0 9214.0 28.0 1700.0 0.11998628728145352
40 49 39 0.0 0.0 517.0 0.0 10190.0 17.0 2647.0 0.11027095148078134
40 49 40 0.0 0.0 119.0 0.0 2766.0 14.0 46.0 0.28747433264887057
40 49 41 0.0 0.0 82.0 0.0 2197.0 14.0 32.0 0.32833020637898686
40 49 42 0.0 0.0 112.0 0.0 2282.0 16.0 33.0 0.31970769582096364
40 49 43 0.0 0.0 111.0 0.0 2659.0 12.0 48.0 0.2942412778478352
40 49 44 0.0 0.0 17.0 0.0 610.0 5.0 2.0 0.5339435545385202
40 49 45 0.0 0.0 130.0 0.0 2506.0 20.0 23.0 0.30316154179298394
40 49 46 0.0 0.0 0.0 0.0 44.0 0.0 0.0 0.684931506849315
40 49 47 0.0 0.0 3.0 0.0 50.0 3.0 0.0 0.6829268292682925
40 50 34 0.0 0.0 0.0 0.0 4.0 0.0 0.0 0.6986027944111775
40 50 35 0.0 0.0 83.0 0.0 2483.0 13.0 56.0 0.3073545554335894
40 50 36 0.0 0.0 235.0 0.0 4895.0 18.0 230.0 0.1967120977940143
40 50 37 0.0 0.0 143.0 0.0 3238.0 21.0 76.0 0.26119402985074625
40 50 38 0.0 0.0 44.0 0.0 1104.0 8.0 3.0 0.4458598726114649
40 50 39 0.0 0.0 7.0 0.0 161.0 4.0 0.0 0.6469500924214416
40 50 40 0.0 0.0 0.0 0.0 56.0 1.0 0.0 0.6812652068126519
40 50 41 0.0 0.0 36.0 0.0 800.0 3.0 1.0 0.49400141143260407
40 50 42 0.0 0.0 0.0 0.0 8.0 0.0 0.0 0.697211155378486
40 50 43 0.0 0.0 0.0 0.0 2.0 0.0 0.0 0.6993006993006992
40 50 44 0.0 0.0 0.0 0.0 5.0 0.0 0.0 0.6982543640897755
40 50 45 0.0 0.0 0.0 0.0 5.0 0.0 0.0 0.6982543640897755
40 50 46 0.0 0.0 0.0 0.0 1.0 0.0 0.0 0.6996501749125437
40 51 34 0.0 0.0 0.0 0.0 3.0 0.0 0.0 0.6989515726410384
40 51 35 0.0 0.0 0.0 0.0 5.0 0.0 0.0 0.6982543640897755
40 51 36 0.0 0.0 0.0 0.0 9.0 0.0 0.0 0.6968641114982577
40 51 37 0.0 0.0 2.0 0.0 30.0 0.0 0.0 0.6889763779527558
40 51 38 0.0 0.0 1.0 0.0 11.0 0.0 0.0 0.6958250497017892
40 51 39 0.0 0.0 2.0 0.0 9.0 0.0 0.0 0.6961710591745399
40 51 40 0.0 0.0 0.0 0.0 1.0 0.0 0.0 0.0
41 28 41 0.0 0.0 0.0 0.0 1.0 0.0 0.0 0.6996501749125437
41 29 37 0.0 0.0 0.0 0.0 3.0 0.0 0.0 0.6989515726410384
41 29 38 0.0 0.0 1.0 0.0 23.0 0.0 0.0 0.6916996047430829
41 29 39 0.0 0.0 0.0 0.0 5.0 0.0 0.0 0.6982543640897755
41 29 40 0.0 0.0 0.0 0.0 9.0 0.0 0.0 0.6968641114982577
41 29 41 0.0 0.0 60.0 0.0 1522.0 8.0 8.0 0.39171796306659196
41 29 42 0.0 0.0 2.0 0.0 22.0 0.0 0.0 0.6916996047430829
41 29 43 0.0 0.0 0.0 0.0 2.0 0.0 0.0 0.6993006993006992
41 29 44 0.0 0.0 0.0 0.0 1.0 0.0 0.0 0.6996501749125437
41 30 33 0.0 0.0 0.0 0.0 3.0 0.0 0.0 0.6989515726410384
41 30 34 0.0 0.0 2.0 0.0 16.0 0.0 0.0 0.6937561942517343
41 30 35 0.0 0.0 0.0 0.0 7.0 0.0 0.0 0.6975585450921773
41 30 36 0.0 0.0 6.0 0.0 101.0 1.0 0.0 0.664767331433998
41 30 37 0.0 0.0 3.0 0.0 95.0 2.0 0.0 0.6679389312977099
41 30 38 0.0 0.0 6.0 0.0 319.0 1.0 1.0 0.6024096385542168
41 30 39 0.0 0.0 37.0 0.0 885.0 13.0 4.0 0.4812650395324853
41 30 40 0.0 0.0 72.0 0.0 1872.0 14.0 24.0 0.3561434749427626
41 30 41 0.0 0.0 46.0 0.0 1291.0 8.0 8.0 0.42067307692307687
41 30 42 0.0 0.0 15.0 0.0 483.0 6.0 1.0 0.5617977528089887
41 30 43 0.0 0.0 29.0 0.0 715.0 8.0 0.0 0.5116959064327484
41 30 44 0.0 0.0 0.0 0.0 8.0 0.0 0.0 0.697211155378486
41 30 45 0.0 0.0 0.0 0.0 2.0 0.0 0.0 0.6993006993006992
41 30 46 0.0 0.0 0.0 0.0 1.0 0.0 0.0 0.6996501749125437
41 31 31 0.0 0.0 0.0 0.0 2.0 0.0 0.0 0.6993006993006992
41 31 32 0.0 0.0 0.0 0.0 4.0 0.0 0.0 0.6986027944111775
41 31 33 0.0 0.0 3.0 0.0 99.0 1.0 0.0 0.6663493574488338
41 31 34 0.0 0.0 8.0 0.0 334.0 2.0 1.0 0.5982905982905982
41 31 35 0.0 0.0 51.0 0.0 1078.0 8.0 9.0 0.4487179487179487
41 31 36 0.0 0.0 191.0 0.0 3953.0 18.0 138.0 0.22845953002610964
41 31 37 0.0 0.0 432.0 0.0 8282.0 27.0 1241.0 0.13089005235602091
41 31 38 0.0 0.0 408.0 0.0 8328.0 20.0 1200.0 0.13054830287206265
41 31 39 0.0 0.0 159.0 0.0 4208.0 18.0 141.0 0.22054190296156267
41 31 40 0.0 0.0 355.0 0.0 7297.0 21.0 794.0 0.1452583523552604
41 31 41 0.0 0.0 337.0 0.0 7193.0 25.0 788.0 0.14722894100326003
41 31 42 0.0 0.0 219.0 0.0 4864.0 24.0 223.0 0.1982721994051834
41 31 43 0.0 0.0 174.0 0.0 4494.0 15.0 211.0 0.21043138433789266
41 31 44 0.0 0.0 93.0 0.0 2000.0 20.0 32.0 0.3435582822085889
41 31 45 0.0 0.0 45.0 0.0 1018.0 6.0 2.0 0.4579653254824991
41 31 46 0.0 0.0 0.0 0.0 4.0 0.0 0.0 0.6986027944111775
41 32 31 0.0 0.0 0.0 0.0 2.0 0.0 0.0 0.6993006993006992
41 32 32 0.0 0.0 124.0 0.0 2487.0 20.0 38.0 0.3048780487804878
41 32 33 0.0 0.0 92.0 0.0 2221.0 12.0 30.0 0.32550569634968607
41 32 34 0.0 0.0 67.0 0.0 2054.0 9.0 24.0 0.34046692607003887
41 32 35 0.0 0.0 379.0 0.0 7677.0 20.0 879.0 0.13945612112760233
41 32 36 0.0 0.0 656.0 0.0 11318.0 26.0 3968.0 0.10022191996563819
41 32 37 0.0 0.0 695.0 0.0 11695.0 18.0 4651.0 0.09730330831248261
41 32 38 0.0 0.0 675.0 0.0 11673.0 25.0 4873.0 0.09762900976290097
41 32 39 0.0 0.0 804.0 0.0 12378.0 33.0 5316.0 0.09225700164744645
41 32 40 0.0 0.0 1247.0 0.0 13693.0 41.0 13946.0 0.0826787928896238
41 32 41 0.0 0.0 988.0 0.0 13033.0 38.0 8088.0 0.08747266479225241
41 32 42 0.0 0.0 536.0 0.0 10024.0 21.0 2166.0 0.1115271249900422
41 32 43 0.0 0.0 393.0 0.0 7909.0 26.0 998.0 0.13609409934869252
41 32 44 0.0 0.0 317.0 0.0 7400.0 13.0 875.0 0.1442852725961043
41 32 45 0.0 0.0 53.0 0.0 1597.0 9.0 16.0 0.38440417353102685
41 32 46 0.0 0.0 23.0 0.0 550.0 9.0 0.0 0.5462348809988293
41 32 47 0.0 0.0 0.0 0.0 44.0 0.0 0.0 0.684931506849315
41 32 48 0.0 0.0 0.0 0.0 3.0 0.0 0.0 0.6989515726410384
41 32 49 0.0 0.0 0.0 0.0 3.0 0.0 0.0 0.6989515726410384
41 33 31 0.0 0.0 0.0 0.0 41.0 0.0 0.0 0.6859382655560998
41 33 32 0.0 0.0 75.0 0.0 1987.0 17.0 13.0 0.3460207612456747
41 33 33 0.0 0.0 600.0 0.0 10959.0 23.0 3555.0 0.10330578512396693
41 33 34 0.0 0.0 756.0 0.0 11958.0 32.0 5075.0 0.09525753555147308
41 33 35 0.0 0.0 1104.0 0.0 13126.0 35.0 10631.0 0.08628659476117102
41 33 36 0.0 0.0 1066.0 0.0 12989.0 29.0 10781.0 0.08715682002116665
41 33 37 0.0 0.0 1505.0 0.0 13522.0 40.0 19562.0 0.08224650452355774
41 33 38 0.0 0.0 1674.0 0.0 13491.0 41.0 22427.0 0.08151857458949574
41 33 39 0.0 0.0 1754.0 0.0 13959.0 51.0 21234.0 0.079078174423859
41 33 40 0.0 0.0 1814.0 0.0 14288.0 49.0 21220.0 0.07736943907156672
41 33 41 0.0 0.0 1987.0 0.0 13206.0 37.0 27474.0 0.08134805345729226
41 33 42 0.0 0.0 1602.0 0.0 13639.0 49.0 20224.0 0.08123948238844077
41 33 43 0.0 0.0 1057.0 0.0 13227.0 25.0 9555.0 0.08592119798698906
41 33 44 0.0 0.0 648.0 0.0 11356.0 28.0 3725.0 0.10007863321180926
41 33 45 0.0 0.0 406.0 0.0 8600.0 21.0 1423.0 0.12738853503184713
41 33 46 0.0 0.0 408.0 0.0 8428.0 27.0 1149.0 0.12941393973007947
41 33 47 0.0 0.0 164.0 0.0 3500.0 13.0 92.0 0.24783147459727384
41 33 48 0.0 0.0 28.0 0.0 802.0 12.0 3.0 0.4968062455642299
41 33 49 0.0 0.0 0.0 0.0 17.0 0.0 0.0 0.694100148735746
41 33 50 0.0 0.0 0.0 0.0 1.0 0.0 0.0 0.6996501749125437
41 34 30 0.0 0.0 0.0 0.0 6.0 0.0 0.0 0.6979062811565303
41 34 31 0.0 0.0 18.0 0.0 372.0 7.0 1.0 0.5879882402351952
41 34 32 0.0 0.0 382.0 0.0 8552.0 21.0 1406.0 0.12819338888380183
41 34 33 0.0 0.0 743.0 0.0 12007.0 21.0 4687.0 0.09494100094941
41 34 34 0.0 0.0 1271.0 0.0 13475.0 41.0 15162.0 0.08367700675392982
41 34 35 0.0 0.0 1978.0 0.0 13138.0 55.0 27433.0 0.08179481187193269
41 34 36 0.0 0.0 2106.0 0.0 13513.0 43.0 28045.0 0.07935608207686203
41 34 37 0.0 0.0 2803.0 0.0 11881.0 59.0 46962.0 0.0838423763324949
41 34 38 0.0 0.0 2869.0 0.0 13036.0 53.0 39853.0 0.07821666014861164
41 34 39 0.0 0.0 3115.0 0.0 11885.0 60.0 49851.0 0.08231904509907684
41 34 40 0.0 0.0 3162.0 0.0 12183.0 77.0 48467.0 0.0807568066451315
41 34 41 0.0 0.0 3062.0 0.0 10468.0 53.0 61020.0 0.0901248873438908
41 34 42 0.0 0.0 2194.0 0.0 13785.0 49.0 28310.0 0.0777820990055003
41 34 43 0.0 0.0 2120.0 0.0 12744.0 53.0 32796.0 0.08304169879589536
41 34 44 0.0 0.0 1641.0 0.0 12601.0 42.0 26237.0 0.08619628124615193
41 34 45 0.0 0.0 1123.0 0.0 13277.0 22.0 11630.0 0.0853346336706083
41 34 46 0.0 0.0 322.0 0.0 6840.0 18.0 638.0 0.1531226074592584
41 34 47 0.0 0.0 427.0 0.0 8790.0 28.0 1444.0 0.125011161710867
41 34 48 0.0 0.0 157.0 0.0 3784.0 17.0 114.0 0.23632680621201888
41 34 49 0.0 0.0 21.0 0.0 627.0 6.0 3.0 0.5301022340022719
41 34 50 0.0 0.0 48.0 0.0 1097.0 9.0 6.0 0.4464285714285714
41 35 29 0.0 0.0 0.0 0.0 1.0 0.0 0.0 0.6996501749125437
41 35 30 0.0 0.0 25.0 0.0 760.0 4.0 1.0 0.5034160373966199
41 35 31 0.0 0.0 136.0 0.0 3123.0 12.0 80.0 0.26686999618757146
41 35 32 0.0 0.0 352.0 0.0 8080.0 20.0 1254.0 0.1344344152102938
41 35 33 0.0 0.0 1217.0 0.0 13126.0 38.0 15740.0 0.08570554025099479
41 35 34 0.0 0.0 1851.0 0.0 13499.0 59.0 25045.0 0.08077078405353948
41 35 35 0.0 0.0 3039.0 0.0 11367.0 68.0 51788.0 0.08530863445250136
41 35 36 0.0 0.0 4075.0 0.0 10431.0 83.0 71037.0 0.08490508824064527
41 35 37 0.0 0.0 4420.0 0.0 10391.0 84.0 73485.0 0.08337303477846593
41 35 38 0.0 0.0 4864.0 0.0 9724.0 77.0 82401.0 0.08439836026042921
41 35 39 0.0 0.0 5059.0 0.0 10927.0 92.0 73401.0 0.07794666221257167
41 35 40 0.0 0.0 4700.0 0.0 7784.0 59.0 99466.0 0.09643201542912246
41 35 41 0.0 0.0 4569.0 0.0 10827.0 83.0 70064.0 0.08039508441483863
41 35 42 0.0 0.0 3906.0 0.0 10230.0 81.0 70914.0 0.08670878236095626
41 35 43 0.0 0.0 3252.0 0.0 12349.0 56.0 49163.0 0.0795138297268132
41 35 44 0.0 0.0 2343.0 0.0 13691.0 57.0 31170.0 0.07766990291262135
41 35 45 0.0 0.0 1876.0 0.0 13345.0 69.0 26266.0 0.08138588536216719
41 35 46 0.0 0.0 1053.0 0.0 13389.0 28.0 8945.0 0.08520998174071819
41 35 47 0.0 0.0 726.0 0.0 11992.0 25.0 5587.0 0.09507640067911714
41 35 48 0.0 0.0 417.0 0.0 8358.0 21.0 1162.0 0.13007525782774318
41 35 49 0.0 0.0 38.0 0.0 1251.0 8.0 8.0 0.42669917708015836
41 35 50 0.0 0.0 1.0 0.0 50.0 0.0 0.0 0.68259385665529
41 35 51 0.0 0.0 0.0 0.0 1.0 0.0 0.0 0.6996501749125437
41 36 29 0.0 0.0 0.0 0.0 7.0 0.0 0.0 0.6975585450921773
41 36 30 0.0 0.0 98.0 0.0 2891.0 7.0 82.0 0.280955247842665
41 36 31 0.0 0.0 464.0 0.0 9192.0 28.0 1668.0 0.12035763411279228
41 36 32 0.0 0.0 809.0 0.0 12301.0 26.0 6359.0 0.09262935027127166
41 36 33 0.0 0.0 1354.0 0.0 13383.0 36.0 16384.0 0.08364201218783605
41 36 34 0.0 0.0 2467.0 0.0 13059.0 58.0 35453.0 0.07989043597352202
41 36 35 0.0 0.0 4065.0 0.0 10584.0 68.0 70723.0 0.08407903429223469
41 36 36 0.0 0.0 5265.0 0.0 8946.0 89.0 92434.0 0.08639842014317452
41 36 37 0.0 0.0 5639.0 0.0 6770.0 68.0 115986.0 0.09713453132588634
41 36 38 0.0 0.0 7059.0 0.0 7569.0 102.0 112836.0 0.08423079237109679
41 36 39 0.0 0.0 6544.0 0.0 6286.0 60.0 124200.0 0.09430149535228344
41 36 40 0.0 1.0 6565.0 0.0 6369.0 83.0 122313.0 0.09384006970976606
41 36 41 0.0 0.0 6411.0 0.0 7814.0 89.0 107987.0 0.08626532750015403
41 36 42 0.0 1.0 6010.0 2.0 9032.0 71.0 94625.0 0.08214516223669541
41 36 43 0.0 0.0 4755.0 0.0 8280.0 73.0 94513.0 0.09320905459387482
41 36 44 0.0 0.0 3751.0 0.0 12637.0 57.0 51217.0 0.07607455306200075
41 36 45 0.0 0.0 2449.0 0.0 12686.0 55.0 36975.0 0.08170411438576013
41 36 46 0.0 0.0 1561.0 0.0 14038.0 39.0 18372.0 0.07954997443036535
41 36 47 0.0 0.0 1177.0 0.0 13523.0 24.0 13419.0 0.08380724334031725
41 36 48 0.0 0.0 1013.0 0.0 12893.0 27.0 10247.0 0.08801710046523324
41 36 49 0.0 0.0 367.0 0.0 7705.0 18.0 925.0 0.13919268244183733
41 36 50 0.0 0.0 22.0 0.0 419.0 7.0 0.0 0.5751848808545603
41 37 29 0.0 0.0 0.0 0.0 14.0 0.0 0.0 0.6951340615690167
41 37 30 0.0 0.0 45.0 0.0 1104.0 8.0 7.0 0.44571792422795276
41 37 31 0.0 0.0 467.0 0.0 9436.0 25.0 1872.0 0.11776581426648719
41 37 32 0.0 0.0 1002.0 0.0 13168.0 22.0 9806.0 0.08651053574738922
41 37 33 0.0 0.0 1965.0 0.0 13178.0 50.0 29421.0 0.08171842166705579
41 37 34 0.0 0.0 2948.0 0.0 13307.0 70.0 40088.0 0.07676701211822119
41 37 35 0.0 0.0 4888.0 0.0 9967.0 76.0 80848.0 0.0830564784053156
41 37 36 0.0 0.0 5532.0 0.0 5960.0 67.0 124215.0 0.10375750389090639
41 37 37 0.0 0.0 5229.0 0.0 4021.0 42.0 148347.0 0.12428977272727271
41 37 38 0.0 2.0 7262.0 2.0 4039.0 61.0 150829.0 0.10521569216894633
41 37 39 0.0 1.0 6143.0 0.0 3109.0 47.0 159023.0 0.12426770814841114
41 37 40 1.0 4.0 8631.0 4.0 4768.0 57.0 144537.0 0.09083241419580872
41 37 41 0.0 3.0 6996.0 0.0 4248.0 70.0 147859.0 0.10579611577117812
41 37 42 0.0 4.0 6842.0 2.0 5020.0 64.0 137659.0 0.10097367472051928
41 37 43 0.0 4.0 6415.0 4.0 6659.0 86.0 119220.0 0.09295531505212136
41 37 44 0.0 0.0 5062.0 0.0 8696.0 71.0 93629.0 0.08871427666180849
41 37 45 0.0 0.0 3855.0 0.0 10852.0 70.0 65503.0 0.08372704981759464
41 37 46 0.0 0.0 2441.0 0.0 13219.0 65.0 34479.0 0.07931561951164239
41 37 47 0.0 0.0 1381.0 0.0 13666.0 38.0 15962.0 0.08211625315267757
41 37 48 0.0 0.0 691.0 0.0 11758.0 21.0 5054.0 0.09691264017721167
41 37 49 0.0 0.0 218.0 0.0 4916.0 25.0 216.0 0.1968227189652748
41 37 50 0.0 0.0 0.0 0.0 45.0 0.0 0.0 0.6845965770171147
41 38 29 0.0 0.0 0.0 0.0 7.0 0.0 0.0 0.6975585450921773
41 38 30 0.0 0.0 42.0 0.0 1126.0 6.0 6.0 0.4428978171464725
41 38 31 0.0 0.0 212.0 0.0 6018.0 28.0 491.0 0.17050298380221654
41 38 32 0.0 0.0 1214.0 0.0 13497.0 34.0 13980.0 0.08382229673093042
41 38 33 0.0 0.0 2708.0 0.0 11107.0 57.0 51171.0 0.08840058091810316
41 38 34 0.0 0.0 3598.0 0.0 10492.0 47.0 64247.0 0.0868540232024319
41 38 35 0.0 0.0 5448.0 0.0 8353.0 72.0 97464.0 0.08851795649974707
41 38 36 0.0 0.0 6948.0 1.0 6187.0 59.0 126194.0 0.09246417013407304
41 38 37 0.0 1.0 8151.0 2.0 4372.0 70.0 147420.0 0.09651844191658047
41 38 38 0.0 0.0 6071.0 1.0 2385.0 28.0 167660.0 0.13376648194152493
41 38 39 0.0 17.0 7886.0 10.0 2527.0 38.0 167565.0 0.11251305955155508
41 38 40 1.0 12.0 8075.0 5.0 2553.0 29.0 167412.0 0.11076825698235619
41 38 41 0.0 29.0 7389.0 16.0 2627.0 37.0 166402.0 0.11591323066732902
41 38 42 0.0 12.0 6302.0 4.0 2953.0 52.0 162190.0 0.12432288429091552
41 38 43 0.0 3.0 6612.0 3.0 4500.0 51.0 145376.0 0.10660980810234541
41 38 44 0.0 2.0 6411.0 3.0 7686.0 73.0 108296.0 0.08691333498882542
41 38 45 0.0 0.0 4698.0 0.0 10847.0 75.0 72591.0 0.07981755986316989
41 38 46 0.0 0.0 2847.0 0.0 12623.0 44.0 42978.0 0.08005031734232945
41 38 47 0.0 0.0 1442.0 0.0 13831.0 41.0 17077.0 0.08107951583946255
41 38 48 0.0 0.0 612.0 0.0 10723.0 23.0 3022.0 0.10501837821618783
41 38 49 0.0 0.0 250.0 0.0 5902.0 24.0 444.0 0.17224409448818898
41 38 50 0.0 0.0 1.0 0.0 58.0 0.0 0.0 0.6799417192812044
41 39 29 0.0 0.0 0.0 0.0 15.0 0.0 0.0 0.6951340615690167
41 39 30 0.0 0.0 62.0 0.0 1506.0 11.0 12.0 0.3934794828555368
41 39 31 0.0 0.0 396.0 0.0 8132.0 30.0 1073.0 0.13323182337266842
41 39 32 0.0 0.0 1370.0 0.0 13873.0 39.0 13901.0 0.08124891184493063
41 39 33 0.0 0.0 2170.0 0.0 13869.0 46.0 27761.0 0.07761822919554248
41 39 34 0.0 0.0 4007.0 0.0 11735.0 106.0 59828.0 0.07898448519040902
41 39 35 0.0 0.0 5835.0 0.0 8339.0 71.0 100678.0 0.08660150934059135
41 39 36 0.0 1.0 7499.0 2.0 5751.0 64.0 132085.0 0.09178522257916474
41 39 37 0.0 0.0 7588.0 1.0 3455.0 46.0 158158.0 0.10725503715620929
41 39 38 0.0 8.0 6653.0 5.0 2003.0 32.0 173059.0 0.1313567273409645
41 39 39 0.0 17.0 5122.0 4.0 1327.0 18.0 180990.0 0.16546507505023045
41 39 40 0.0 29.0 6240.0 13.0 1362.0 13.0 180053.0 0.1448975367418754
41 39 41 0.0 30.0 5038.0 12.0 1305.0 19.0 181034.0 0.16682554814108674
41 39 42 0.0 23.0 5921.0 9.0 1931.0 34.0 173801.0 0.14184397163120566
41 39 43 0.0 6.0 6676.0 6.0 3525.0 52.0 155266.0 0.11475409836065573
41 39 44 0.0 2.0 6443.0 10.0 5886.0 60.0 127479.0 0.09760178471834911
41 39 45 0.0 0.0 4967.0 0.0 9077.0 82.0 88561.0 0.08717852917367207
41 39 46 0.0 0.0 3133.0 0.0 12618.0 64.0 45694.0 0.078868796124162
41 39 47 0.0 0.0 1735.0 0.0 13774.0 43.0 22448.0 0.07996344528215671
41 39 48 0.0 0.0 747.0 0.0 12143.0 25.0 5643.0 0.09407969894496337
41 39 49 0.0 0.0 118.0 0.0 3168.0 28.0 80.0 0.2662609357170026
41 39 50 0.0 0.0 5.0 0.0 145.0 2.0 0.0 0.6517690875232773
41 40 29 0.0 0.0 3.0 0.0 50.0 0.0 0.0 0.6819288845591815
41 40 30 0.0 0.0 265.0 0.0 5725.0 20.0 378.0 0.1754605840330868
41 40 31 0.0 0.0 366.0 0.0 7674.0 28.0 910.0 0.13973450444156102
41 40 32 0.0 0.0 996.0 0.0 13152.0 38.0 9998.0 0.08676251859196826
41 40 33 0.0 0.0 2222.0 0.0 12935.0 56.0 32665.0 0.0816516971888487
41 40 34 0.0 0.0 4073.0 0.0 10361.0 64.0 71991.0 0.08512190673071075
41 40 35 0.0 0.0 5610.0 0.0 7609.0 98.0 107056.0 0.09193590753874441
41 40 36 0.0 2.0 6470.0 4.0 4524.0 56.0 142736.0 0.10759299108515216
41 40 37 0.0 1.0 6777.0 0.0 2908.0 43.0 162347.0 0.11968880909634948
41 40 38 0.0 13.0 6829.0 6.0 1933.0 26.0 173795.0 0.12980992118683354
41 40 39 0.0 20.0 5689.0 13.0 1234.0 21.0 181301.0 0.15633724176437744
41 40 40 0.0 52.0 6606.0 14.0 1320.0 13.0 180685.0 0.13993003498250875
41 40 41 0.0 48.0 4707.0 26.0 1171.0 17.0 183020.0 0.1758793969849246
41 40 42 0.0 61.0 5932.0 30.0 1820.0 29.0 174689.0 0.14200223146363727
41 40 43 0.0 19.0 7959.0 15.0 3914.0 46.0 152135.0 0.10056748796781839
41 40 44 0.0 6.0 6257.0 7.0 5805.0 68.0 127588.0 0.09955201592832254
41 40 45 0.0 0.0 5178.0 0.0 9763.0 91.0 83638.0 0.08273253752511522
41 40 46 0.0 0.0 3164.0 0.0 11622.0 55.0 53053.0 0.08340283569641367
41 40 47 0.0 0.0 1965.0 0.0 13015.0 44.0 28794.0 0.08244023083264633
41 40 48 0.0 0.0 938.0 0.0 12923.0 26.0 9277.0 0.08827238335435056
41 40 49 0.0 0.0 272.0 0.0 5588.0 18.0 346.0 0.1783893985728848
41 40 50 0.0 0.0 1.0 0.0 64.0 0.0 0.0 0.6779661016949151
41 41 29 0.0 0.0 0.0 0.0 8.0 0.0 0.0 0.697211155378486
41 41 30 0.0 0.0 19.0 0.0 553.0 5.0 0.0 0.5453837164004673
41 41 31 0.0 0.0 386.0 0.0 7370.0 18.0 766.0 0.14369290772862567
41 41 32 0.0 0.0 831.0 0.0 12518.0 27.0 7183.0 0.09125277017338025
41 41 33 0.0 0.0 2056.0 0.0 12988.0 56.0 30444.0 0.08208736440926413
41 41 34 0.0 0.0 3742.0 0.0 10978.0 74.0 62965.0 0.08374708380690314
41 41 35 0.0 0.0 5410.0 0.0 7983.0 90.0 102722.0 0.09105691056910567
41 41 36 0.0 1.0 5390.0 0.0 4352.0 52.0 142995.0 0.11918951132300355
41 41 37 0.0 2.0 5761.0 3.0 2929.0 39.0 161171.0 0.13073116070594826
41 41 38 0.0 7.0 6208.0 6.0 2133.0 46.0 171524.0 0.1352918438345574
41 41 39 0.0 25.0 4859.0 11.0 1356.0 22.0 180630.0 0.16969696969696968
41 41 40 0.0 72.0 5310.0 26.0 1268.0 10.0 181461.0 0.161513613290263
41 41 41 0.0 63.0 5752.0 28.0 1578.0 29.0 178235.0 0.14836795252225518
41 41 42 0.0 85.0 7790.0 50.0 2715.0 34.0 165614.0 0.11065444198545682
41 41 43 0.0 26.0 7168.0 27.0 4057.0 56.0 149707.0 0.10544550726820816
41 41 44 0.0 6.0 6804.0 10.0 6736.0 76.0 119500.0 0.0899569491743237
41 41 45 0.0 0.0 4902.0 0.0 9858.0 62.0 80938.0 0.08329862557267805
41 41 46 0.0 0.0 3400.0 0.0 10863.0 53.0 60474.0 0.08602679120068821
41 41 47 0.0 0.0 1637.0 0.0 13328.0 40.0 22054.0 0.08248880509073768
41 41 48 0.0 0.0 748.0 0.0 11911.0 31.0 4616.0 0.09559576647319903
41 41 49 0.0 0.0 342.0 0.0 7462.0 15.0 824.0 0.14293006636038794
41 41 50 0.0 0.0 0.0 0.0 41.0 0.0 0.0 0.6859382655560998
41 41 51 0.0 0.0 0.0 0.0 1.0 0.0 0.0 0.6996501749125437
41 42 29 0.0 0.0 0.0 0.0 5.0 0.0 0.0 0.6986027944111775
41 42 30 0.0 0.0 105.0 0.0 2866.0 8.0 56.0 0.2819738167170191
41 42 31 0.0 0.0 332.0 0.0 7434.0 25.0 852.0 0.14369290772862567
41 42 32 0.0 0.0 850.0 0.0 12636.0 30.0 6009.0 0.09044511919374636
41 42 33 0.0 0.0 2004.0 0.0 13122.0 52.0 29145.0 0.08179481187193269
41 42 34 0.0 0.0 3114.0 0.0 12424.0 66.0 46268.0 0.07977207977207976
41 42 35 0.0 0.0 4610.0 0.0 7920.0 78.0 98153.0 0.09635237439779765
41 42 36 0.0 0.0 6372.0 1.0 7151.0 76.0 114609.0 0.0901945625563716
41 42 37 0.0 1.0 7089.0 1.0 4895.0 82.0 141851.0 0.10010010010010008
41 42 38 0.0 6.0 8194.0 4.0 4027.0 62.0 151973.0 0.0984113594826374
41 42 39 0.0 29.0 7316.0 23.0 2701.0 41.0 165081.0 0.11603812681309573
41 42 40 0.0 79.0 6615.0 38.0 2344.0 31.0 169460.0 0.12619433928249502
41 42 41 0.0 108.0 7708.0 58.0 2690.0 50.0 164083.0 0.11154489682097042
41 42 42 0.0 61.0 6438.0 51.0 3228.0 52.0 159425.0 0.11901725750233781
41 42 43 0.0 20.0 5700.0 19.0 4039.0 62.0 147682.0 0.11886568177958906
41 42 44 0.0 0.0 6629.0 0.0 8196.0 90.0 104330.0 0.08321940200915412
41 42 45 0.0 0.0 4564.0 1.0 10285.0 94.0 75158.0 0.08311564948943242
41 42 46 0.0 0.0 2596.0 0.0 12765.0 64.0 38519.0 0.08063587144338209
41 42 47 0.0 0.0 1015.0 0.0 13424.0 33.0 8346.0 0.08516851198442632
41 42 48 0.0 0.0 602.0 0.0 10982.0 25.0 3198.0 0.10319156777474754
41 42 49 0.0 0.0 195.0 0.0 4715.0 11.0 219.0 0.20286914939863784
41 42 50 0.0 0.0 68.0 0.0 1685.0 5.0 16.0 0.3735325506937032
41 43 29 0.0 0.0 0.0 0.0 7.0 0.0 0.0 0.6975585450921773
41 43 30 0.0 0.0 39.0 0.0 859.0 9.0 3.0 0.48459674627898913
41 43 31 0.0 0.0 116.0 0.0 3310.0 20.0 87.0 0.2589715131335553
41 43 32 0.0 0.0 733.0 0.0 11941.0 37.0 5452.0 0.0955240174672489
41 43 33 0.0 0.0 1341.0 0.0 13493.0 44.0 16203.0 0.08324414317992626
41 43 34 0.0 0.0 2652.0 0.0 12479.0 66.0 41109.0 0.08178047783164903
41 43 35 0.0 0.0 4150.0 0.0 9655.0 82.0 77793.0 0.08852355358836546
41 43 36 0.0 0.0 5278.0 0.0 8840.0 73.0 94940.0 0.0867894116917736
41 43 37 0.0 1.0 5807.0 1.0 6229.0 76.0 121863.0 0.09968669894616916
41 43 38 0.0 2.0 7170.0 3.0 5975.0 84.0 129702.0 0.09241534094659713
41 43 39 0.0 15.0 7337.0 7.0 4883.0 56.0 140383.0 0.09822493510138215
41 43 40 0.0 24.0 7267.0 22.0 4485.0 56.0 145196.0 0.10143457469931892
41 43 41 0.0 24.0 7321.0 29.0 4741.0 65.0 142719.0 0.0991150442477876
41 43 42 0.0 18.0 6605.0 23.0 5248.0 65.0 135883.0 0.10082823190493337
41 43 43 0.0 7.0 5741.0 10.0 5693.0 59.0 127665.0 0.10400416016640664
41 43 44 0.0 1.0 4987.0 3.0 7166.0 67.0 107674.0 0.09884911388830048
41 43 45 0.0 0.0 3917.0 0.0 11252.0 69.0 62983.0 0.08151382823871905
41 43 46 0.0 0.0 2331.0 0.0 13090.0 51.0 33531.0 0.0803627805522071
41 43 47 0.0 0.0 818.0 0.0 12505.0 37.0 5463.0 0.09146142287842163
41 43 48 0.0 0.0 586.0 0.0 10838.0 25.0 3193.0 0.10438413361169102
41 43 49 0.0 0.0 497.0 0.0 9527.0 28.0 1957.0 0.11661807580174927
41 43 50 0.0 0.0 5.0 0.0 127.0 1.0 0.0 0.6569685593618019
41 44 29 0.0 0.0 0.0 0.0 2.0 0.0 0.0 0.6993006993006992
41 44 30 0.0 0.0 2.0 0.0 88.0 1.0 0.0 0.6701771182383915
41 44 31 0.0 0.0 494.0 0.0 9305.0 27.0 1847.0 0.11875477139706504
41 44 32 0.0 0.0 561.0 0.0 10295.0 22.0 2640.0 0.10903426791277257
41 44 33 0.0 0.0 1211.0 0.0 13720.0 29.0 12410.0 0.08268367587999054
41 44 34 0.0 0.0 1703.0 0.0 13895.0 32.0 20726.0 0.07951834601840281
41 44 35 0.0 0.0 2978.0 0.0 11608.0 73.0 49895.0 0.08446965126101122
41 44 36 0.0 0.0 3840.0 0.0 10870.0 65.0 64378.0 0.08370202080593088
41 44 37 0.0 0.0 4755.0 0.0 9700.0 68.0 81101.0 0.08498239650358139
41 44 38 0.0 0.0 5902.0 0.0 9581.0 94.0 89433.0 0.08014655369819096
41 44 39 0.0 1.0 6174.0 0.0 8154.0 82.0 103421.0 0.08571603502112288
41 44 40 0.0 4.0 6218.0 5.0 7178.0 74.0 112367.0 0.0909445238404573
41 44 41 0.0 4.0 6413.0 7.0 8660.0 83.0 99560.0 0.08188092174523336
41 44 42 0.0 5.0 6027.0 13.0 8956.0 84.0 95110.0 0.08232388568740444
41 44 43 0.0 0.0 4986.0 3.0 8984.0 77.0 89774.0 0.08764241893076248
41 44 44 0.0 0.0 4259.0 1.0 11203.0 79.0 66011.0 0.08015114215377568
41 44 45 0.0 0.0 3328.0 0.0 10307.0 76.0 64625.0 0.08955414827608264
41 44 46 0.0 0.0 1802.0 0.0 13926.0 54.0 22035.0 0.07901123088210395
41 44 47 0.0 0.0 1010.0 0.0 13019.0 38.0 10829.0 0.08740167311774252
41 44 48 0.0 0.0 510.0 0.0 9534.0 23.0 1784.0 0.116337045039056
41 44 49 0.0 0.0 318.0 0.0 7139.0 20.0 767.0 0.1482422702244811
41 44 50 0.0 0.0 5.0 0.0 75.0 1.0 0.0 0.6734006734006733
41 44 51 0.0 0.0 0.0 0.0 1.0 0.0 0.0 0.6996501749125437
41 45 30 0.0 0.0 3.0 0.0 130.0 2.0 0.0 0.6569685593618019
41 45 31 0.0 0.0 40.0 0.0 970.0 11.0 3.0 0.46682227409136373
41 45 32 0.0 0.0 336.0 0.0 7646.0 14.0 1042.0 0.14040718082439071
41 45 33 0.0 0.0 476.0 0.0 9972.0 18.0 2566.0 0.11247690206475455
41 45 34 0.0 0.0 1148.0 0.0 13274.0 28.0 11623.0 0.08523592085235919
41 45 35 0.0 0.0 1921.0 0.0 13197.0 41.0 27567.0 0.08178525528683257
41 45 36 0.0 0.0 2249.0 0.0 12934.0 54.0 33861.0 0.08149484836137143
41 45 37 0.0 0.0 2982.0 0.0 12224.0 76.0 47020.0 0.08138588536216719
41 45 38 0.0 0.0 3897.0 0.0 10944.0 67.0 64209.0 0.08313045543613799
41 45 39 0.0 0.0 4048.0 0.0 8723.0 74.0 84350.0 0.094684160692547
41 45 40 0.0 0.0 4257.0 0.0 10639.0 77.0 70234.0 0.08287946957139473
41 45 41 0.0 4.0 4103.0 10.0 11103.0 68.0 65607.0 0.08120178643930166
41 45 42 0.0 0.0 3720.0 0.0 12356.0 72.0 52517.0 0.07745504840940524
41 45 43 0.0 0.0 3151.0 0.0 12220.0 75.0 48661.0 0.08061729816883566
41 45 44 0.0 0.0 2685.0 0.0 13227.0 59.0 37560.0 0.07812499999999999
41 45 45 0.0 0.0 2263.0 0.0 13054.0 62.0 33340.0 0.08087810514153668
41 45 46 0.0 0.0 1534.0 0.0 13641.0 31.0 18637.0 0.08143796172415797
41 45 47 0.0 0.0 1024.0 0.0 12860.0 40.0 10988.0 0.08813900780659782
41 45 48 0.0 0.0 236.0 0.0 5774.0 21.0 378.0 0.17515325910171395
41 45 49 0.0 0.0 17.0 0.0 533.0 6.0 0.0 0.5503144654088049
41 45 50 0.0 0.0 58.0 0.0 1338.0 13.0 4.0 0.41383387525864607
41 46 30 0.0 0.0 0.0 0.0 20.0 0.0 0.0 0.6930693069306929
41 46 31 0.0 0.0 238.0 0.0 5149.0 18.0 287.0 0.18995929443690635
41 46 32 0.0 0.0 527.0 0.0 9900.0 25.0 2195.0 0.11281224818694599
41 46 33 0.0 0.0 397.0 0.0 8030.0 22.0 1087.0 0.13452483905063897
41 46 34 0.0 0.0 695.0 0.0 11722.0 21.0 5108.0 0.09706045479755962
41 46 35 0.0 0.0 835.0 0.0 12667.0 31.0 5765.0 0.09039839865693806
41 46 36 0.0 0.0 1143.0 0.0 13612.0 31.0 11444.0 0.0835222527144732
41 46 37 0.0 0.0 2178.0 0.0 12439.0 46.0 35325.0 0.08414978662018392
41 46 38 0.0 0.0 2566.0 0.0 12614.0 65.0 39322.0 0.08151382823871905
41 46 39 0.0 0.0 2394.0 0.0 13606.0 44.0 32061.0 0.0777302759424796
41 46 40 0.0 0.0 2484.0 0.0 13209.0 67.0 34279.0 0.07919895909939469
41 46 41 0.0 0.0 2206.0 0.0 13424.0 55.0 30622.0 0.07932011331444758
41 46 42 0.0 0.0 2191.0 0.0 13262.0 61.0 31742.0 0.08029364533149803
41 46 43 0.0 0.0 1702.0 0.0 13456.0 42.0 22622.0 0.08156131663268278
41 46 44 0.0 0.0 1423.0 0.0 13598.0 37.0 17446.0 0.08227067050596462
41 46 45 0.0 0.0 1132.0 0.0 13665.0 35.0 10927.0 0.08339786739739083
41 46 46 0.0 0.0 886.0 0.0 12790.0 33.0 6399.0 0.0893712097031599
41 46 47 0.0 0.0 828.0 0.0 12501.0 30.0 6183.0 0.091324200913242
41 46 48 0.0 0.0 170.0 0.0 3879.0 18.0 122.0 0.23201856148491876
41 46 49 0.0 0.0 2.0 0.0 142.0 2.0 0.0 0.65359477124183
41 46 50 0.0 0.0 0.0 0.0 12.0 0.0 0.0 0.6958250497017892
41 47 30 0.0 0.0 0.0 0.0 5.0 0.0 0.0 0.6982543640897755
41 47 31 0.0 0.0 26.0 0.0 805.0 5.0 2.0 0.4953998584571832
41 47 32 0.0 0.0 255.0 0.0 5861.0 16.0 481.0 0.17275419545903256
41 47 33 0.0 0.0 217.0 0.0 5166.0 26.0 282.0 0.1902173913043478
41 47 34 0.0 0.0 375.0 0.0 7516.0 26.0 805.0 0.1418870984088375
41 47 35 0.0 0.0 299.0 0.0 6126.0 22.0 387.0 0.16646848989298454
41 47 36 0.0 0.0 1116.0 0.0 13443.0 23.0 11059.0 0.08446455505279034
41 47 37 0.0 0.0 1468.0 0.0 13153.0 49.0 19711.0 0.08425106818318588
41 47 38 0.0 0.0 1748.0 0.0 12663.0 49.0 27426.0 0.08530863445250136
41 47 39 0.0 0.0 1381.0 0.0 13735.0 34.0 16327.0 0.08175182481751823
41 47 40 0.0 0.0 1248.0 0.0 13319.0 44.0 15944.0 0.08453085376162298
41 47 41 0.0 0.0 1017.0 0.0 13316.0 32.0 8607.0 0.0857685474483857
41 47 42 0.0 0.0 901.0 0.0 12883.0 26.0 6660.0 0.08871427666180849
41 47 43 0.0 0.0 965.0 0.0 13154.0 33.0 8801.0 0.08688636504685657
41 47 44 0.0 0.0 709.0 0.0 11529.0 34.0 3731.0 0.0984736582964057
41 47 45 0.0 0.0 673.0 0.0 11790.0 25.0 5458.0 0.09678534393363289
41 47 46 0.0 0.0 503.0 0.0 9627.0 22.0 1829.0 0.11557830430116402
41 47 47 0.0 0.0 304.0 0.0 6778.0 22.0 559.0 0.15447423590422593
41 47 48 0.0 0.0 124.0 0.0 3125.0 11.0 73.0 0.26722656995609845
41 47 49 0.0 0.0 140.0 0.0 3041.0 16.0 67.0 0.27100271002710025
41 47 50 0.0 0.0 0.0 0.0 7.0 0.0 0.0 0.6975585450921773
41 48 31 0.0 0.0 0.0 0.0 22.0 0.0 0.0 0.6923837784371908
41 48 32 0.0 0.0 77.0 0.0 1629.0 8.0 8.0 0.3784806704514733
41 48 33 0.0 0.0 68.0 0.0 1802.0 11.0 16.0 0.36269430051813467
41 48 34 0.0 0.0 51.0 0.0 1239.0 9.0 3.0 0.42695943885330884
41 48 35 0.0 0.0 272.0 0.0 6501.0 22.0 583.0 0.15987210231814544
41 48 36 0.0 0.0 505.0 0.0 9766.0 21.0 2238.0 0.11421112742698644
41 48 37 0.0 0.0 974.0 0.0 12713.0 34.0 9166.0 0.08927432725417675
41 48 38 0.0 0.0 668.0 0.0 11342.0 25.0 3796.0 0.09999999999999999
41 48 39 0.0 0.0 447.0 0.0 8913.0 18.0 1679.0 0.12333715091181392
41 48 40 0.0 0.0 626.0 0.0 10794.0 19.0 3059.0 0.10436079016026835
41 48 41 0.0 0.0 551.0 0.0 9985.0 35.0 2103.0 0.11192836584585865
41 48 42 0.0 0.0 445.0 0.0 9383.0 24.0 1971.0 0.11852353538774127
41 48 43 0.0 0.0 532.0 0.0 9993.0 18.0 2120.0 0.11188364101334611
41 48 44 0.0 0.0 294.0 0.0 6917.0 14.0 737.0 0.15219045548429178
41 48 45 0.0 0.0 341.0 0.0 7136.0 16.0 785.0 0.14788211682687227
41 48 46 0.0 0.0 150.0 0.0 3934.0 21.0 138.0 0.23090879102754408
41 48 47 0.0 0.0 8.0 0.0 247.0 2.0 0.0 0.6213936972924988
41 48 48 0.0 0.0 0.0 0.0 31.0 0.0 0.0 0.6893156080748399
41 48 49 0.0 0.0 2.0 0.0 22.0 2.0 0.0 0.6923837784371908
41 48 50 0.0 0.0 0.0 0.0 3.0 0.0 0.0 0.6989515726410384
41 49 33 0.0 0.0 0.0 0.0 5.0 0.0 0.0 0.6986027944111775
41 49 34 0.0 0.0 1.0 0.0 38.0 0.0 0.0 0.6866110838646394
41 49 35 0.0 0.0 116.0 0.0 2694.0 19.0 57.0 0.2921535893155258
41 49 36 0.0 0.0 425.0 0.0 8484.0 16.0 1309.0 0.12846393833730957
41 49 37 0.0 0.0 303.0 0.0 6366.0 16.0 525.0 0.16177490177952392
41 49 38 0.0 0.0 170.0 0.0 4180.0 31.0 162.0 0.22158911047799934
41 49 39 0.0 0.0 135.0 0.0 3446.0 14.0 100.0 0.2513916322499551
41 49 40 0.0 0.0 229.0 0.0 4745.0 21.0 186.0 0.2012361650136553
41 49 41 0.0 0.0 4.0 0.0 243.0 2.0 0.0 0.6236080178173719
41 49 42 0.0 0.0 19.0 0.0 663.0 4.0 6.0 0.522973477773627
41 49 43 0.0 0.0 13.0 0.0 330.0 3.0 0.0 0.5982905982905982
41 49 44 0.0 0.0 176.0 0.0 3771.0 19.0 108.0 0.23612750885478156
41 49 45 0.0 0.0 99.0 0.0 2178.0 15.0 18.0 0.32848427968090094
41 49 46 0.0 0.0 0.0 0.0 17.0 0.0 0.0 0.694100148735746
41 49 47 0.0 0.0 0.0 0.0 7.0 0.0 0.0 0.6979062811565303
41 49 48 0.0 0.0 0.0 0.0 2.0 0.0 0.0 0.6993006993006992
41 50 34 0.0 0.0 0.0 0.0 3.0 0.0 0.0 0.6989515726410384
41 50 35 0.0 0.0 18.0 0.0 395.0 5.0 0.0 0.5813953488372092
41 50 36 0.0 0.0 26.0 0.0 672.0 3.0 2.0 0.5194805194805194
41 50 37 0.0 0.0 114.0 0.0 2206.0 21.0 28.0 0.325657129565015
41 50 38 0.0 0.0 15.0 0.0 547.0 3.0 1.0 0.5470887065259866
41 50 39 0.0 0.0 4.0 0.0 120.0 1.0 0.0 0.6594441827602449
41 50 40 0.0 0.0 133.0 0.0 2933.0 14.0 61.0 0.27711797307996827
41 50 41 0.0 0.0 19.0 0.0 200.0 3.0 0.0 0.6317689530685919
41 50 43 0.0 0.0 0.0 0.0 8.0 0.0 0.0 0.697211155378486
41 50 44 0.0 0.0 0.0 0.0 8.0 0.0 0.0 0.697211155378486
41 50 45 0.0 0.0 0.0 0.0 8.0 0.0 0.0 0.697211155378486
41 51 34 0.0 0.0 0.0 0.0 1.0 0.0 0.0 0.6996501749125437
41 51 36 0.0 0.0 2.0 0.0 23.0 1.0 0.0 0.6916996047430829
41 51 37 0.0 0.0 2.0 0.0 12.0 0.0 0.0 0.6951340615690167
41 51 38 0.0 0.0 0.0 0.0 6.0 0.0 0.0 0.6979062811565303
41 51 39 0.0 0.0 0.0 0.0 1.0 0.0 0.0 0.6996501749125437
41 51 40 0.0 0.0 0.0 0.0 4.0 0.0 0.0 0.6986027944111775
42 28 40 0.0 0.0 0.0 0.0 1.0 0.0 0.0 0.6996501749125437
42 28 41 0.0 0.0 0.0 0.0 1.0 0.0 0.0 0.6996501749125437
42 29 39 0.0 0.0 0.0 0.0 1.0 0.0 0.0 0.6996501749125437
42 29 40 0.0 0.0 0.0 0.0 3.0 0.0 0.0 0.6989515726410384
42 29 41 0.0 0.0 0.0 0.0 1.0 0.0 0.0 0.6996501749125437
42 29 42 0.0 0.0 0.0 0.0 1.0 0.0 0.0 0.6996501749125437
42 30 33 0.0 0.0 0.0 0.0 1.0 0.0 0.0 0.6996501749125437
42 30 34 0.0 0.0 0.0 0.0 10.0 0.0 0.0 0.6965174129353233
42 30 35 0.0 0.0 2.0 0.0 26.0 1.0 0.0 0.6906758756783422
42 30 36 0.0 0.0 3.0 0.0 79.0 1.0 0.0 0.6727534839019701
42 30 37 0.0 0.0 0.0 0.0 49.0 0.0 0.0 0.6832601268911663
42 30 38 0.0 0.0 0.0 0.0 44.0 0.0 0.0 0.684931506849315
42 30 39 0.0 0.0 66.0 0.0 1001.0 16.0 5.0 0.4588659455916092
42 30 40 0.0 0.0 34.0 0.0 843.0 7.0 2.0 0.48797490414778655
42 30 41 0.0 0.0 130.0 0.0 2782.0 16.0 36.0 0.2858893199918317
42 30 42 0.0 0.0 6.0 0.0 157.0 5.0 0.0 0.6490496059341677
42 30 43 0.0 0.0 6.0 0.0 71.0 2.0 0.0 0.6746987951807227
42 30 44 0.0 0.0 0.0 0.0 13.0 0.0 0.0 0.695479384003974
42 30 45 0.0 0.0 1.0 0.0 1.0 0.0 0.0 0.6993006993006992
42 31 32 0.0 0.0 0.0 0.0 11.0 0.0 0.0 0.6961710591745399
42 31 33 0.0 0.0 17.0 0.0 244.0 4.0 0.0 0.620292423571112
42 31 34 0.0 0.0 180.0 0.0 3758.0 22.0 131.0 0.23660638837248604
42 31 35 0.0 0.0 158.0 0.0 3924.0 16.0 142.0 0.23071852340145022
42 31 36 0.0 0.0 221.0 0.0 4403.0 23.0 152.0 0.21205695243865494
42 31 37 0.0 0.0 27.0 0.0 883.0 7.0 6.0 0.48242591316333555
42 31 38 0.0 0.0 172.0 0.0 3672.0 17.0 98.0 0.24030209406110536
42 31 39 0.0 0.0 273.0 0.0 6562.0 16.0 578.0 0.15864022662889515
42 31 40 0.0 0.0 209.0 0.0 4582.0 13.0 194.0 0.206520135713232
42 31 41 0.0 0.0 539.0 0.0 10116.0 21.0 2548.0 0.11072445428661815
42 31 42 0.0 0.0 258.0 0.0 5741.0 18.0 423.0 0.1753067868770348
42 31 43 0.0 0.0 258.0 0.0 5443.0 23.0 374.0 0.18226793386277826
42 31 44 0.0 0.0 63.0 0.0 1644.0 8.0 13.0 0.37837837837837834
42 31 45 0.0 0.0 81.0 0.0 1679.0 13.0 13.0 0.37363223912463295
42 31 46 0.0 0.0 0.0 0.0 9.0 0.0 0.0 0.6968641114982577
42 32 31 0.0 0.0 0.0 0.0 1.0 0.0 0.0 0.6996501749125437
42 32 32 0.0 0.0 2.0 0.0 77.0 0.0 0.0 0.6734006734006733
42 32 33 0.0 0.0 92.0 0.0 2993.0 8.0 78.0 0.27575339767579277
42 32 34 0.0 0.0 252.0 0.0 5628.0 27.0 374.0 0.1781850579101438
42 32 35 0.0 0.0 518.0 0.0 9792.0 21.0 2021.0 0.11386742578283854
42 32 36 0.0 0.0 516.0 0.0 9994.0 29.0 2034.0 0.11209864680919208
42 32 37 0.0 0.0 563.0 0.0 10156.0 27.0 2108.0 0.11019283746556473
42 32 38 0.0 0.0 741.0 0.0 11770.0 18.0 4312.0 0.09651178822556182
42 32 39 0.0 0.0 560.0 0.0 10221.0 21.0 2358.0 0.10966630111232961
42 32 40 0.0 0.0 905.0 0.0 12911.0 23.0 7998.0 0.08852915138484886
42 32 41 0.0 0.0 1029.0 0.0 13074.0 22.0 10915.0 0.08691333498882542
42 32 42 0.0 0.0 618.0 0.0 10744.0 23.0 3036.0 0.10484535310417134
42 32 43 0.0 0.0 805.0 0.0 12204.0 32.0 4957.0 0.09340182800720527
42 32 44 0.0 0.0 371.0 0.0 7995.0 21.0 1069.0 0.13531799729364005
42 32 45 0.0 0.0 194.0 0.0 4463.0 27.0 188.0 0.2110022607385079
42 32 46 0.0 0.0 110.0 0.0 2259.0 15.0 31.0 0.32154340836012857
42 32 47 0.0 0.0 3.0 0.0 107.0 0.0 0.0 0.6635071090047392
42 32 48 0.0 0.0 0.0 0.0 5.0 0.0 0.0 0.6982543640897755
42 33 31 0.0 0.0 5.0 0.0 78.0 1.0 0.0 0.6727534839019701
42 33 32 0.0 0.0 120.0 0.0 2369.0 10.0 25.0 0.31256977003795483
42 33 33 0.0 0.0 254.0 0.0 5745.0 16.0 418.0 0.17528483786152496
42 33 34 0.0 0.0 600.0 0.0 10982.0 21.0 3236.0 0.10316115245744602
42 33 35 0.0 0.0 648.0 0.0 11394.0 24.0 3934.0 0.09972220243607094
42 33 36 0.0 0.0 1256.0 0.0 13468.0 32.0 14974.0 0.08374708380690314
42 33 37 0.0 0.0 1194.0 0.0 13422.0 26.0 13074.0 0.08424092905710331
42 33 38 0.0 0.0 1404.0 0.0 13632.0 46.0 16359.0 0.08228034087569791
42 33 39 0.0 0.0 1498.0 0.0 13746.0 41.0 17903.0 0.08115942028985507
42 33 40 0.0 0.0 2027.0 0.0 12983.0 54.0 30853.0 0.08239656288623387
42 33 41 0.0 0.0 1692.0 0.0 13663.0 49.0 22202.0 0.08071955719557194
42 33 42 0.0 0.0 1438.0 0.0 13079.0 41.0 20995.0 0.08484848484848484
42 33 43 0.0 0.0 1007.0 0.0 13142.0 29.0 8893.0 0.08675714197186588
42 33 44 0.0 0.0 926.0 0.0 12822.0 34.0 8539.0 0.08892276422764227
42 33 45 0.0 0.0 632.0 0.0 10932.0 16.0 3427.0 0.10322200103222
42 33 46 0.0 0.0 114.0 0.0 3060.0 13.0 77.0 0.27121270825261523
42 33 47 0.0 0.0 48.0 0.0 1122.0 7.0 5.0 0.44275774826059444
42 33 48 0.0 0.0 3.0 0.0 171.0 2.0 0.0 0.6445672191528544
42 33 49 0.0 0.0 0.0 0.0 2.0 0.0 0.0 0.6993006993006992
42 33 50 0.0 0.0 0.0 0.0 1.0 0.0 0.0 0.6996501749125437
42 34 30 0.0 0.0 0.0 0.0 11.0 0.0 0.0 0.6961710591745399
42 34 31 0.0 0.0 16.0 0.0 353.0 5.0 0.0 0.5922165820642977
42 34 32 0.0 0.0 361.0 0.0 6952.0 20.0 650.0 0.1505700150570015
42 34 33 0.0 0.0 515.0 0.0 9931.0 31.0 2521.0 0.11268512556342562
42 34 34 0.0 0.0 1321.0 0.0 13234.0 41.0 16894.0 0.08463817181548877
42 34 35 0.0 0.0 1772.0 0.0 13481.0 53.0 24274.0 0.08119707690523141
42 34 36 0.0 0.0 2260.0 0.0 12929.0 38.0 33957.0 0.08135278052181996
42 34 37 0.0 0.0 2683.0 0.0 12157.0 61.0 44297.0 0.083184789067142
42 34 38 0.0 0.0 3083.0 0.0 12003.0 60.0 48918.0 0.08198641368001873
42 34 39 0.0 0.0 3264.0 0.0 9907.0 61.0 66671.0 0.09214769959849929
42 34 40 0.0 0.0 2715.0 0.0 12908.0 69.0 39642.0 0.07955901574131953
42 34 41 0.0 0.0 2831.0 0.0 11392.0 52.0 50315.0 0.08621220518504832
42 34 42 0.0 0.0 2018.0 0.0 13571.0 34.0 27844.0 0.07957710453021087
42 34 43 0.0 0.0 1940.0 0.0 13789.0 52.0 25346.0 0.078948852422038
42 34 44 0.0 0.0 1211.0 0.0 13621.0 24.0 12152.0 0.0831551437396056
42 34 45 0.0 0.0 781.0 0.0 12256.0 25.0 6092.0 0.093103677595265
42 34 46 0.0 0.0 740.0 0.0 11957.0 33.0 6201.0 0.09536135140657992
42 34 47 0.0 0.0 473.0 0.0 9416.0 19.0 1926.0 0.11781536648994359
42 34 48 0.0 0.0 157.0 0.0 3184.0 20.0 60.0 0.2630095810633101
42 34 49 0.0 0.0 2.0 0.0 58.0 1.0 1.0 0.6799417192812044
42 34 50 0.0 0.0 0.0 0.0 1.0 0.0 0.0 0.6996501749125437
42 35 29 0.0 0.0 0.0 0.0 3.0 1.0 0.0 0.6993006993006992
42 35 30 0.0 0.0 12.0 0.0 590.0 4.0 1.0 0.5388760585065434
42 35 31 0.0 0.0 165.0 0.0 4260.0 17.0 162.0 0.21830656479026975
42 35 32 0.0 0.0 656.0 0.0 11308.0 26.0 3598.0 0.1003440366972477
42 35 33 0.0 0.0 1331.0 0.0 13430.0 31.0 15640.0 0.08351727017836902
42 35 34 0.0 0.0 1299.0 0.0 13797.0 36.0 13579.0 0.08188092174523336
42 35 35 0.0 0.0 2817.0 0.0 11414.0 57.0 50146.0 0.0862546978005052
42 35 36 0.0 0.0 3684.0 0.0 10827.0 67.0 64215.0 0.08483306065563835
42 35 37 0.0 0.0 4233.0 0.0 9439.0 71.0 79397.0 0.08925156190233328
42 35 38 0.0 0.0 4687.0 0.0 9342.0 64.0 84204.0 0.08713512167797348
42 35 39 0.0 0.0 4960.0 0.0 11279.0 78.0 70681.0 0.07673335160317894
42 35 40 0.0 0.0 4640.0 0.0 11622.0 83.0 66248.0 0.0766787161792091
42 35 41 0.0 0.0 4190.0 0.0 10746.0 77.0 67829.0 0.08266414737836561
42 35 42 0.0 0.0 3524.0 0.0 12275.0 56.0 52621.0 0.07859428507269971
42 35 43 0.0 0.0 3080.0 0.0 11906.0 61.0 49956.0 0.08234325373485472
42 35 44 0.0 0.0 2271.0 0.0 12702.0 62.0 35674.0 0.0825277057297807
42 35 45 0.0 0.0 1390.0 0.0 14183.0 39.0 13635.0 0.07967220578192578
42 35 46 0.0 0.0 1012.0 0.0 13147.0 28.0 7974.0 0.08663366336633661
42 35 47 0.0 0.0 539.0 0.0 10423.0 23.0 2690.0 0.10806638363566189
42 35 48 0.0 0.0 357.0 0.0 7810.0 17.0 1015.0 0.13780883945270203
42 35 49 0.0 0.0 137.0 0.0 3311.0 21.0 80.0 0.25782688766114176
42 35 50 0.0 0.0 1.0 0.0 64.0 1.0 0.0 0.6786233640329616
42 36 29 0.0 0.0 0.0 0.0 6.0 0.0 0.0 0.6979062811565303
42 36 30 0.0 0.0 43.0 0.0 1128.0 7.0 4.0 0.4424778761061946
42 36 31 0.0 0.0 571.0 0.0 10367.0 20.0 2863.0 0.10825858335910918
42 36 32 0.0 0.0 1050.0 0.0 13249.0 34.0 11645.0 0.08594757198109153
42 36 33 0.0 0.0 1225.0 0.0 13825.0 39.0 11769.0 0.0822126959891949
42 36 34 0.0 0.0 2160.0 0.0 13350.0 67.0 29578.0 0.0800228636753358
42 36 35 0.0 0.0 3668.0 0.0 11118.0 82.0 61576.0 0.08347245409015024
42 36 36 0.0 0.0 4775.0 0.0 8059.0 72.0 97549.0 0.09435233859010647
42 36 37 0.0 0.0 5638.0 0.0 7230.0 77.0 111213.0 0.09404178142003089
42 36 38 0.0 0.0 5794.0 0.0 6032.0 66.0 124757.0 0.10120725800621701
42 36 39 0.0 0.0 6846.0 0.0 7255.0 67.0 114514.0 0.08678403173816017
42 36 40 0.0 0.0 6182.0 0.0 6803.0 63.0 117739.0 0.09343923112861242
42 36 41 0.0 1.0 6325.0 1.0 8334.0 91.0 101721.0 0.08410428931875524
42 36 42 0.0 1.0 5438.0 5.0 8513.0 76.0 97182.0 0.08756567425569176
42 36 43 0.0 0.0 4742.0 0.0 10869.0 71.0 70937.0 0.07947320617620345
42 36 44 0.0 0.0 3525.0 0.0 11391.0 83.0 58120.0 0.08274231678486997
42 36 45 0.0 0.0 2629.0 0.0 12967.0 57.0 38816.0 0.07954997443036535
42 36 46 0.0 0.0 2202.0 0.0 12483.0 43.0 35170.0 0.08379219535551831
42 36 47 0.0 0.0 761.0 0.0 12057.0 37.0 5132.0 0.09460737937559129
42 36 48 0.0 0.0 400.0 0.0 7980.0 19.0 1025.0 0.13506994693680655
42 36 49 0.0 0.0 247.0 0.0 6064.0 21.0 529.0 0.1688374336710082
42 36 50 0.0 0.0 2.0 0.0 78.0 0.0 0.0 0.6730769230769229
42 37 29 0.0 0.0 0.0 0.0 17.0 0.0 0.0 0.694100148735746
42 37 30 0.0 0.0 308.0 0.0 6192.0 23.0 422.0 0.1650554114595614
42 37 31 0.0 0.0 567.0 0.0 10414.0 23.0 2670.0 0.10791644184074617
42 37 32 0.0 0.0 1419.0 0.0 13350.0 36.0 18038.0 0.0835571471202626
42 37 33 0.0 0.0 2186.0 0.0 11924.0 53.0 38599.0 0.08692412765429032
42 37 34 0.0 0.0 3228.0 0.0 11593.0 65.0 53018.0 0.0831551437396056
42 37 35 0.0 0.0 4358.0 0.0 10263.0 76.0 75490.0 0.08420546132563454
42 37 36 0.0 4.0 5681.0 4.0 7349.0 73.0 110228.0 0.0929985385943935
42 37 37 0.0 0.0 6502.0 0.0 5696.0 61.0 130769.0 0.0986123828977953
42 37 38 0.0 0.0 7297.0 0.0 4758.0 61.0 142405.0 0.09957325746799431
42 37 39 0.0 0.0 6393.0 2.0 3852.0 41.0 151151.0 0.11400651465798045
42 37 40 0.0 1.0 7102.0 3.0 4531.0 57.0 145083.0 0.10269199735934863
42 37 41 0.0 5.0 7004.0 3.0 4867.0 59.0 141278.0 0.10077742585660811
42 37 42 0.0 1.0 6919.0 1.0 5766.0 53.0 131208.0 0.09506994431617546
42 37 43 0.0 0.0 6150.0 1.0 7621.0 80.0 108621.0 0.08869741510390268
42 37 44 0.0 0.0 5124.0 0.0 9774.0 73.0 83691.0 0.08275209835677975
42 37 45 0.0 0.0 3543.0 0.0 11777.0 68.0 57201.0 0.08078942812626232
42 37 46 0.0 0.0 2414.0 0.0 13148.0 55.0 33610.0 0.0796903460837887
42 37 47 0.0 0.0 1141.0 0.0 13367.0 30.0 11735.0 0.08483306065563835
42 37 48 0.0 0.0 516.0 0.0 10084.0 25.0 2395.0 0.11126122546292616
42 37 49 0.0 0.0 63.0 0.0 1566.0 14.0 12.0 0.3870611003594138
42 37 50 0.0 0.0 4.0 0.0 83.0 1.0 0.0 0.6711409395973154
42 38 29 0.0 0.0 2.0 0.0 71.0 2.0 0.0 0.6760019314340897
42 38 30 0.0 0.0 22.0 0.0 588.0 8.0 4.0 0.5380476556495004
42 38 31 0.0 0.0 398.0 0.0 8501.0 22.0 1384.0 0.12858192505510652
42 38 32 0.0 0.0 1274.0 0.0 13362.0 44.0 14283.0 0.08423079237109679
42 38 33 0.0 0.0 1759.0 0.0 14077.0 53.0 21608.0 0.07849733669750489
42 38 34 0.0 0.0 3402.0 0.0 11247.0 73.0 57479.0 0.08406388855530202
42 38 35 0.0 0.0 4990.0 0.0 9143.0 87.0 88410.0 0.08679479231246125
42 38 36 0.0 0.0 6734.0 0.0 7126.0 72.0 117226.0 0.08818342151675483
42 38 37 0.0 0.0 6731.0 0.0 4176.0 55.0 147244.0 0.10835074684621931
42 38 38 0.0 2.0 5665.0 1.0 2758.0 37.0 163953.0 0.13436990114214414
42 38 39 0.0 4.0 5732.0 1.0 2441.0 36.0 167872.0 0.13756509776948017
42 38 40 0.0 10.0 7151.0 7.0 2848.0 39.0 163537.0 0.11638540194529884
42 38 41 0.0 6.0 6580.0 5.0 2940.0 37.0 162549.0 0.12125411397886712
42 38 42 0.0 4.0 7123.0 5.0 3960.0 51.0 152354.0 0.10700091715071842
42 38 43 0.0 4.0 5817.0 7.0 4406.0 52.0 143543.0 0.11436974103422923
42 38 44 0.0 3.0 5885.0 4.0 7117.0 77.0 114513.0 0.09319044132330426
42 38 45 0.0 0.0 4129.0 0.0 7742.0 63.0 95611.0 0.10084275732910752
42 38 46 0.0 0.0 3189.0 0.0 11298.0 72.0 54789.0 0.0849256900212314
42 38 47 0.0 0.0 1154.0 0.0 13630.0 29.0 10232.0 0.08342271481349063
42 38 48 0.0 0.0 839.0 0.0 12507.0 26.0 5939.0 0.09124087591240874
42 38 49 0.0 0.0 346.0 0.0 6785.0 20.0 572.0 0.1535592848524734
42 38 50 0.0 0.0 3.0 0.0 84.0 0.0 0.0 0.670819357930043
42 38 51 0.0 0.0 0.0 0.0 2.0 0.0 0.0 0.6993006993006992
42 39 29 0.0 0.0 0.0 0.0 15.0 0.0 0.0 0.694789081885856
42 39 30 0.0 0.0 48.0 0.0 1195.0 13.0 6.0 0.4334365325077399
42 39 31 0.0 0.0 552.0 0.0 10355.0 24.0 2579.0 0.10858605444815014
42 39 32 0.0 0.0 1320.0 0.0 13689.0 54.0 14903.0 0.08243052284503061
42 39 33 0.0 0.0 2165.0 0.0 13554.0 52.0 29094.0 0.07892659826361483
42 39 34 0.0 0.0 3548.0 0.0 12409.0 57.0 51631.0 0.0779596837064261
42 39 35 0.0 0.0 4916.0 0.0 7405.0 67.0 104317.0 0.09771759614713477
42 39 36 0.0 0.0 6535.0 0.0 5696.0 70.0 131195.0 0.09832151134208862
42 39 37 0.0 0.0 6835.0 0.0 3854.0 42.0 153260.0 0.11024490117332073
42 39 38 0.0 1.0 7089.0 1.0 2756.0 42.0 164737.0 0.11813349084465444
42 39 39 0.0 10.0 7237.0 7.0 2198.0 31.0 170843.0 0.12198309662803866
42 39 40 0.0 22.0 7327.0 13.0 2107.0 33.0 171653.0 0.12219603735707425
42 39 41 0.0 20.0 6992.0 9.0 2296.0 29.0 170196.0 0.12363122571529493
42 39 42 0.0 12.0 5887.0 9.0 2422.0 34.0 168287.0 0.13561949045820013
42 39 43 0.0 7.0 5434.0 6.0 3200.0 59.0 156693.0 0.13161605715897337
42 39 44 0.0 0.0 6550.0 0.0 6711.0 83.0 118713.0 0.09182134190332523
42 39 45 0.0 0.0 4935.0 0.0 10476.0 74.0 76415.0 0.0803766218854059
42 39 46 0.0 0.0 2521.0 0.0 13931.0 55.0 31862.0 0.07583965330444202
42 39 47 0.0 0.0 1715.0 0.0 13132.0 39.0 23886.0 0.08311564948943242
42 39 48 0.0 0.0 685.0 0.0 11288.0 27.0 3452.0 0.10029371731499391
42 39 49 0.0 0.0 202.0 0.0 4600.0 18.0 197.0 0.2062159375460303
42 39 50 0.0 0.0 17.0 0.0 201.0 4.0 0.0 0.6323396567299006
42 40 29 0.0 0.0 0.0 0.0 11.0 0.0 0.0 0.6961710591745399
42 40 30 0.0 0.0 41.0 0.0 763.0 9.0 2.0 0.5012531328320802
42 40 31 0.0 0.0 697.0 0.0 11598.0 27.0 4754.0 0.09797060881735478
42 40 32 0.0 0.0 943.0 0.0 13102.0 26.0 8322.0 0.0873035669743078
42 40 33 0.0 0.0 2232.0 0.0 12528.0 42.0 36172.0 0.0835073068893528
42 40 34 0.0 0.0 3583.0 0.0 10626.0 77.0 63989.0 0.08643042350907518
42 40 35 0.0 0.0 5365.0 0.0 8153.0 73.0 99323.0 0.09013649240278135
42 40 36 0.0 0.0 6994.0 0.0 6099.0 88.0 126887.0 0.09287514926363273
42 40 37 0.0 2.0 6948.0 1.0 3641.0 73.0 154312.0 0.11119936457505956
42 40 38 0.0 6.0 5053.0 4.0 1964.0 39.0 173260.0 0.15541740674955593
42 40 39 0.0 6.0 5989.0 2.0 1705.0 29.0 175888.0 0.14425553838227714
42 40 40 0.0 14.0 5801.0 7.0 1547.0 22.0 177677.0 0.1492855619535082
42 40 41 0.0 37.0 6734.0 11.0 1869.0 31.0 173690.0 0.13140604467805517
42 40 42 0.0 20.0 5880.0 15.0 2278.0 41.0 169507.0 0.13751104999508887
42 40 43 0.0 6.0 6909.0 6.0 3949.0 52.0 150532.0 0.10869565217391303
42 40 44 0.0 2.0 6364.0 4.0 6325.0 67.0 122676.0 0.09516688192509005
42 40 45 0.0 0.0 4712.0 0.0 9308.0 85.0 85777.0 0.08749999999999998
42 40 46 0.0 0.0 3088.0 0.0 11876.0 63.0 50425.0 0.08249366566495786
42 40 47 0.0 0.0 1697.0 0.0 13410.0 41.0 23675.0 0.08180915093788348
42 40 48 0.0 0.0 590.0 0.0 10846.0 26.0 3141.0 0.1043219076005961
42 40 49 0.0 0.0 85.0 0.0 2446.0 9.0 39.0 0.30959752321981415
42 40 50 0.0 0.0 7.0 0.0 91.0 2.0 0.0 0.6679389312977099
42 41 29 0.0 0.0 0.0 0.0 4.0 0.0 0.0 0.6986027944111775
42 41 30 0.0 0.0 26.0 0.0 963.0 4.0 2.0 0.4690117252931323
42 41 31 0.0 0.0 340.0 0.0 7856.0 22.0 1106.0 0.13737611618094395
42 41 32 0.0 0.0 930.0 0.0 12934.0 21.0 7535.0 0.0882556893399735
42 41 33 0.0 0.0 1882.0 0.0 12792.0 54.0 28401.0 0.08406893652795291
42 41 34 0.0 0.0 3456.0 0.0 12371.0 87.0 50390.0 0.07858105074090704
42 41 35 0.0 0.0 5338.0 0.0 9613.0 74.0 86562.0 0.08254230293025175
42 41 36 0.0 0.0 6249.0 0.0 5898.0 66.0 127859.0 0.09880725527560165
42 41 37 0.0 2.0 7138.0 1.0 4346.0 70.0 147533.0 0.10391152675721814
42 41 38 0.0 2.0 7360.0 3.0 3117.0 39.0 160785.0 0.11211660126531592
42 41 39 0.0 11.0 6491.0 7.0 2091.0 38.0 171742.0 0.13213780084945725
42 41 40 0.0 27.0 6898.0 15.0 2173.0 30.0 171290.0 0.12566196930257606
42 41 41 0.0 22.0 5647.0 11.0 1893.0 29.0 174033.0 0.14609203798392983
42 41 42 0.0 24.0 6337.0 25.0 2794.0 46.0 164182.0 0.12541431514825763
42 41 43 0.0 26.0 7454.0 20.0 4969.0 71.0 140642.0 0.09675190048375949
42 41 44 0.0 2.0 6428.0 1.0 7374.0 81.0 112247.0 0.08866932674646906
42 41 45 0.0 0.0 4588.0 0.0 11060.0 67.0 69202.0 0.07932011331444758
42 41 46 0.0 0.0 2475.0 0.0 12998.0 49.0 35818.0 0.08002743797873556
42 41 47 0.0 0.0 1361.0 0.0 13914.0 35.0 13136.0 0.08106543138390271
42 41 48 0.0 0.0 590.0 0.0 10751.0 35.0 3069.0 0.10510510510510508
42 41 49 0.0 0.0 192.0 0.0 4251.0 11.0 151.0 0.2175940317065589
42 41 50 0.0 0.0 1.0 0.0 69.0 0.0 0.0 0.6763285024154588
42 41 51 0.0 0.0 0.0 0.0 1.0 0.0 0.0 0.6996501749125437
42 42 29 0.0 0.0 0.0 0.0 1.0 0.0 0.0 0.6996501749125437
42 42 30 0.0 0.0 4.0 0.0 147.0 0.0 0.0 0.6508600650860064
42 42 31 0.0 0.0 350.0 0.0 6720.0 21.0 563.0 0.15461071231363888
42 42 32 0.0 0.0 813.0 0.0 12328.0 27.0 6040.0 0.09253751074096106
42 42 33 0.0 0.0 1537.0 0.0 13744.0 41.0 18727.0 0.08104665971981011
42 42 34 0.0 0.0 2537.0 0.0 13964.0 64.0 30258.0 0.07571660356949701
42 42 35 0.0 0.0 4499.0 0.0 8822.0 72.0 89178.0 0.09127061738053327
42 42 36 0.0 0.0 5317.0 0.0 6088.0 57.0 120508.0 0.10440748750838988
42 42 37 0.0 0.0 7235.0 0.0 6227.0 74.0 126174.0 0.09039256198347106
42 42 38 0.0 11.0 6421.0 9.0 3839.0 42.0 152031.0 0.11407153915098181
42 42 39 0.0 9.0 6505.0 6.0 2979.0 54.0 162475.0 0.12189812799303437
42 42 40 0.0 17.0 5335.0 8.0 2388.0 39.0 167827.0 0.14375192524899885
42 42 41 1.0 29.0 6463.0 23.0 2917.0 44.0 162214.0 0.12231347195526819
42 42 42 0.0 12.0 6126.0 15.0 3450.0 55.0 155941.0 0.12070006035003014
42 42 43 0.0 12.0 6474.0 24.0 5442.0 64.0 133273.0 0.10035842293906809
42 42 44 0.0 0.0 5583.0 0.0 7828.0 82.0 103389.0 0.09086188992731048
42 42 45 0.0 0.0 4011.0 0.0 10032.0 80.0 72986.0 0.0873307965816231
42 42 46 0.0 0.0 2328.0 0.0 13366.0 37.0 31715.0 0.079078174423859
42 42 47 0.0 0.0 1950.0 0.0 12864.0 54.0 28990.0 0.08325899494498959
42 42 48 0.0 0.0 887.0 0.0 12795.0 32.0 8070.0 0.08925156190233328
42 42 49 0.0 0.0 261.0 0.0 5712.0 15.0 396.0 0.17585730435874888
42 42 50 0.0 0.0 0.0 0.0 53.0 0.0 0.0 0.6819288845591815
42 42 51 0.0 0.0 0.0 0.0 1.0 0.0 0.0 0.6996501749125437
42 43 30 0.0 0.0 10.0 0.0 423.0 2.0 2.0 0.5758946935417523
42 43 31 0.0 0.0 17.0 0.0 1026.0 8.0 6.0 0.46143704680290043
42 43 32 0.0 0.0 629.0 0.0 10969.0 20.0 3304.0 0.1030017657445556
42 43 33 0.0 0.0 1374.0 0.0 13535.0 37.0 16103.0 0.082805938368723
42 43 34 0.0 0.0 2741.0 0.0 12753.0 62.0 41088.0 0.08001371663713779
42 43 35 0.0 0.0 3668.0 0.0 11080.0 64.0 61903.0 0.0835222527144732
42 43 36 0.0 0.0 4475.0 0.0 8153.0 85.0 95245.0 0.09578544061302681
42 43 37 0.0 0.0 6189.0 0.0 9343.0 75.0 92501.0 0.07975390224450267
42 43 38 0.0 0.0 7142.0 0.0 7436.0 83.0 115393.0 0.08441362677117877
42 43 39 0.0 4.0 5979.0 9.0 4557.0 62.0 143173.0 0.11146496815286623
42 43 40 0.0 10.0 7739.0 7.0 5595.0 60.0 134735.0 0.09118145108766444
42 43 41 0.0 17.0 6337.0 23.0 4683.0 69.0 141399.0 0.10732081257186661
42 43 42 0.0 8.0 6944.0 12.0 6393.0 62.0 124551.0 0.09102730819245773
42 43 43 0.0 15.0 6023.0 29.0 7466.0 70.0 108577.0 0.090032154340836
42 43 44 0.0 5.0 4922.0 6.0 9036.0 83.0 89378.0 0.0876204781574665
42 43 45 0.0 0.0 3387.0 0.0 12083.0 80.0 52001.0 0.0802430217229323
42 43 46 0.0 0.0 2191.0 0.0 12421.0 61.0 36303.0 0.0842713537591043
42 43 47 0.0 0.0 844.0 0.0 12474.0 46.0 5526.0 0.09159905783826222
42 43 48 0.0 0.0 873.0 0.0 12638.0 29.0 7531.0 0.09030510223827645
42 43 49 0.0 0.0 179.0 0.0 4396.0 16.0 177.0 0.2133495885400792
42 43 50 0.0 0.0 32.0 0.0 709.0 4.0 1.0 0.5116959064327484
42 44 30 0.0 0.0 3.0 0.0 70.0 0.0 0.0 0.6753497346840327
42 44 31 0.0 0.0 388.0 0.0 7773.0 21.0 1025.0 0.1379718143293584
42 44 32 0.0 0.0 394.0 0.0 8311.0 27.0 1198.0 0.13103706476974913
42 44 33 0.0 0.0 887.0 0.0 12596.0 31.0 7742.0 0.09045096265667397
42 44 34 0.0 0.0 2179.0 0.0 12419.0 51.0 36170.0 0.0843221104619647
42 44 35 0.0 0.0 2539.0 0.0 12773.0 57.0 38165.0 0.0808687615526802
42 44 36 0.0 0.0 3473.0 0.0 10713.0 51.0 62694.0 0.08632383771118508
42 44 37 0.0 0.0 4454.0 0.0 11319.0 68.0 66167.0 0.078691473216795
42 44 38 0.0 0.0 5382.0 0.0 9755.0 95.0 85619.0 0.08172796263864564
42 44 39 0.0 1.0 5538.0 1.0 7270.0 58.0 109225.0 0.09438414346389805
42 44 40 0.0 2.0 5931.0 5.0 7892.0 82.0 105366.0 0.08845084660096031
42 44 41 0.0 0.0 5951.0 1.0 8792.0 80.0 96749.0 0.08356712230645257
42 44 42 0.0 1.0 5162.0 3.0 8355.0 79.0 97384.0 0.09013649240278135
42 44 43 0.0 0.0 4585.0 0.0 8636.0 74.0 90020.0 0.09196610392169742
42 44 44 0.0 0.0 3780.0 3.0 10667.0 89.0 66202.0 0.08512190673071075
42 44 45 0.0 0.0 2731.0 0.0 12397.0 61.0 42937.0 0.08174705126707928
42 44 46 0.0 0.0 1731.0 0.0 13454.0 45.0 22900.0 0.08147113594040968
42 44 47 0.0 0.0 1064.0 0.0 13390.0 42.0 9627.0 0.08512708257327009
42 44 48 0.0 0.0 204.0 0.0 4955.0 17.0 228.0 0.1961333706920706
42 44 49 0.0 0.0 24.0 0.0 739.0 6.0 1.0 0.5077983315197678
42 44 50 0.0 0.0 26.0 0.0 672.0 10.0 0.0 0.5208333333333333
42 44 51 0.0 0.0 0.0 0.0 4.0 0.0 0.0 0.6986027944111775
42 45 30 0.0 0.0 0.0 0.0 36.0 0.0 0.0 0.6876227897838899
42 45 31 0.0 0.0 174.0 0.0 3803.0 22.0 129.0 0.2350965575146935
42 45 32 0.0 0.0 193.0 0.0 5315.0 16.0 374.0 0.18686599038974902
42 45 33 0.0 0.0 723.0 0.0 12007.0 30.0 5174.0 0.09514101257220522
42 45 34 0.0 0.0 1194.0 0.0 13463.0 45.0 12802.0 0.08407903429223469
42 45 35 0.0 0.0 1642.0 0.0 13737.0 47.0 20469.0 0.08054309055344609
42 45 36 0.0 0.0 1984.0 0.0 13722.0 50.0 25321.0 0.07908710880126539
42 45 37 0.0 0.0 2533.0 0.0 12972.0 57.0 37574.0 0.07995887829116453
42 45 38 0.0 0.0 3445.0 0.0 12316.0 84.0 51476.0 0.07891770011273956
42 45 39 0.0 0.0 4127.0 0.0 11628.0 74.0 61779.0 0.07881995270802837
42 45 40 0.0 0.0 3845.0 0.0 12338.0 67.0 54273.0 0.07703736312111373
42 45 41 0.0 0.0 3773.0 0.0 11609.0 67.0 57801.0 0.08051529790660224
42 45 42 0.0 0.0 3438.0 2.0 12423.0 68.0 50208.0 0.07836990595611285
42 45 43 0.0 0.0 3016.0 0.0 12960.0 53.0 41623.0 0.07785130400934215
42 45 44 0.0 0.0 2496.0 0.0 11762.0 59.0 43794.0 0.0860849781713091
42 45 45 0.0 0.0 2316.0 1.0 12279.0 46.0 38613.0 0.08425613866153105
42 45 46 0.0 0.0 1683.0 0.0 12853.0 57.0 26238.0 0.08476628723661903
42 45 47 0.0 0.0 742.0 0.0 12132.0 36.0 5409.0 0.09422533315385649
42 45 48 0.0 0.0 245.0 0.0 5261.0 17.0 307.0 0.18686599038974902
42 45 49 0.0 0.0 3.0 0.0 163.0 1.0 0.0 0.6466512702078521
42 45 50 0.0 0.0 6.0 0.0 168.0 2.0 0.0 0.6445672191528544
42 46 30 0.0 0.0 0.0 0.0 11.0 1.0 0.0 0.6965174129353233
42 46 31 0.0 0.0 147.0 0.0 3428.0 17.0 95.0 0.25179856115107907
42 46 32 0.0 0.0 204.0 0.0 4896.0 16.0 257.0 0.1975169300225733
42 46 33 0.0 0.0 451.0 0.0 8946.0 26.0 1639.0 0.12301203760653719
42 46 34 0.0 0.0 371.0 0.0 7919.0 17.0 1020.0 0.13622652525055948
42 46 35 0.0 0.0 705.0 0.0 11689.0 23.0 4629.0 0.09731683581259556
42 46 36 0.0 0.0 1256.0 0.0 13722.0 48.0 13940.0 0.08254230293025175
42 46 37 0.0 0.0 2176.0 0.0 12068.0 49.0 37381.0 0.08618036318867342
42 46 38 0.0 0.0 2191.0 0.0 12807.0 59.0 33365.0 0.08239171374764594
42 46 39 0.0 0.0 2612.0 0.0 12584.0 71.0 40188.0 0.08141901715615003
42 46 40 0.0 0.0 2423.0 0.0 12653.0 51.0 36898.0 0.08196241437854926
42 46 41 0.0 0.0 2294.0 0.0 12572.0 61.0 34475.0 0.0830515512843329
42 46 42 0.0 0.0 2207.0 0.0 13210.0 48.0 31030.0 0.08039970137253774
42 46 43 0.0 0.0 1378.0 0.0 13914.0 40.0 15042.0 0.08095761290695656
42 46 44 0.0 0.0 1268.0 0.0 13708.0 37.0 13565.0 0.08250338853202899
42 46 45 0.0 0.0 1176.0 0.0 13821.0 47.0 11096.0 0.08251311369128307
42 46 46 0.0 0.0 1006.0 0.0 13254.0 32.0 10639.0 0.0861273454321747
42 46 47 0.0 0.0 531.0 0.0 10075.0 22.0 2533.0 0.11119053292033991
42 46 48 0.0 0.0 248.0 0.0 5489.0 21.0 334.0 0.18139414356050787
42 46 49 0.0 0.0 0.0 0.0 32.0 0.0 0.0 0.6893156080748399
42 47 30 0.0 0.0 0.0 0.0 5.0 0.0 0.0 0.6982543640897755
42 47 31 0.0 0.0 4.0 0.0 97.0 1.0 0.0 0.6666666666666665
42 47 32 0.0 0.0 122.0 0.0 3305.0 14.0 95.0 0.25858884373845575
42 47 33 0.0 0.0 189.0 0.0 5008.0 18.0 310.0 0.19487750556792874
42 47 34 0.0 0.0 337.0 0.0 6871.0 23.0 712.0 0.15235607791925126
42 47 35 0.0 0.0 337.0 0.0 7240.0 29.0 746.0 0.14661221070269134
42 47 36 0.0 0.0 786.0 0.0 12064.0 34.0 4722.0 0.09443507588532883
42 47 37 0.0 0.0 938.0 0.0 13236.0 33.0 9346.0 0.08662294270511074
42 47 38 0.0 0.0 1174.0 0.0 13669.0 24.0 10276.0 0.08309591642924975
42 47 39 0.0 0.0 1186.0 0.0 13464.0 36.0 13301.0 0.08410934214478821
42 47 40 0.0 0.0 1253.0 0.0 13711.0 32.0 12726.0 0.08254716981132075
42 47 41 0.0 0.0 874.0 0.0 12733.0 29.0 6377.0 0.08969184444871547
42 47 42 0.0 0.0 1163.0 0.0 13560.0 38.0 10866.0 0.08370702541106127
42 47 43 0.0 0.0 838.0 0.0 12567.0 22.0 6251.0 0.0909268039228421
42 47 44 0.0 0.0 793.0 0.0 12296.0 19.0 6746.0 0.09278897136797455
42 47 45 0.0 0.0 431.0 0.0 8593.0 26.0 1290.0 0.12720334363074684
42 47 46 0.0 0.0 499.0 0.0 10083.0 19.0 2879.0 0.11130545396724438
42 47 47 0.0 0.0 314.0 0.0 7136.0 21.0 752.0 0.14843087362171328
42 47 48 0.0 0.0 40.0 0.0 927.0 8.0 2.0 0.47313281514025
42 47 49 0.0 0.0 0.0 0.0 4.0 0.0 0.0 0.6986027944111775
42 48 31 0.0 0.0 0.0 0.0 13.0 0.0 0.0 0.695479384003974
42 48 32 0.0 0.0 0.0 0.0 21.0 0.0 0.0 0.6927263730826323
42 48 33 0.0 0.0 21.0 0.0 326.0 2.0 0.0 0.5970149253731343
42 48 34 0.0 0.0 84.0 0.0 1649.0 11.0 12.0 0.37604082728981997
42 48 35 0.0 0.0 224.0 0.0 5593.0 22.0 352.0 0.17948717948717946
42 48 36 0.0 0.0 470.0 0.0 9312.0 17.0 1842.0 0.11882532676964859
42 48 37 0.0 0.0 787.0 0.0 12182.0 31.0 5338.0 0.09358288770053474
42 48 38 0.0 0.0 779.0 0.0 12047.0 30.0 6580.0 0.0944924406047516
42 48 39 0.0 0.0 449.0 0.0 9119.0 28.0 1601.0 0.12128562765312308
42 48 40 0.0 0.0 328.0 0.0 6502.0 27.0 489.0 0.1590005678591709
42 48 41 0.0 0.0 485.0 0.0 9892.0 24.0 2564.0 0.11325028312570781
42 48 42 0.0 0.0 446.0 0.0 9165.0 21.0 1691.0 0.12068965517241377
42 48 43 0.0 0.0 310.0 0.0 6398.0 14.0 518.0 0.16095654173373186
42 48 44 0.0 0.0 87.0 0.0 2131.0 12.0 26.0 0.3329369797859691
42 48 45 0.0 0.0 100.0 0.0 2953.0 9.0 60.0 0.2775574940523394
42 48 46 0.0 0.0 108.0 0.0 2699.0 10.0 40.0 0.2918490723368772
42 48 47 0.0 0.0 14.0 0.0 689.0 2.0 5.0 0.5183265457238059
42 48 48 0.0 0.0 12.0 0.0 225.0 5.0 0.0 0.6272401433691756
42 48 49 0.0 0.0 0.0 0.0 6.0 0.0 0.0 0.6979062811565303
42 49 33 0.0 0.0 0.0 0.0 2.0 0.0 0.0 0.6993006993006992
42 49 34 0.0 0.0 53.0 0.0 1078.0 13.0 2.0 0.4490057729313662
42 49 35 0.0 0.0 77.0 0.0 1757.0 17.0 15.0 0.3668763102725366
42 49 36 0.0 0.0 226.0 0.0 4986.0 9.0 249.0 0.19425558484806432
42 49 37 0.0 0.0 199.0 0.0 4815.0 15.0 212.0 0.19994287346472436
42 49 38 0.0 0.0 243.0 0.0 5798.0 18.0 432.0 0.17441136165441634
42 49 39 0.0 0.0 159.0 0.0 3374.0 13.0 75.0 0.2535313292285403
42 49 40 0.0 0.0 65.0 0.0 1620.0 17.0 15.0 0.38167938931297707
42 49 41 0.0 0.0 75.0 0.0 1624.0 7.0 13.0 0.37909558624424583
42 49 42 0.0 0.0 94.0 0.0 2054.0 13.0 23.0 0.3384912959381044
42 49 43 0.0 0.0 7.0 0.0 227.0 0.0 1.0 0.6269592476489028
42 49 44 0.0 0.0 51.0 0.0 1265.0 8.0 7.0 0.42334442092530994
42 49 45 0.0 0.0 0.0 0.0 55.0 0.0 0.0 0.6812652068126519
42 49 46 0.0 0.0 0.0 0.0 15.0 0.0 0.0 0.694789081885856
42 49 47 0.0 0.0 0.0 0.0 6.0 0.0 0.0 0.6979062811565303
42 50 34 0.0 0.0 0.0 0.0 2.0 0.0 0.0 0.6993006993006992
42 50 35 0.0 0.0 25.0 0.0 660.0 5.0 2.0 0.5223880597014925
42 50 36 0.0 0.0 10.0 0.0 291.0 3.0 0.0 0.609225413402959
42 50 37 0.0 0.0 20.0 0.0 504.0 10.0 1.0 0.5568814638027048
42 50 38 0.0 0.0 7.0 0.0 149.0 2.0 0.0 0.649953574744661
42 50 39 0.0 0.0 1.0 0.0 31.0 1.0 0.0 0.6893156080748399
42 50 40 0.0 0.0 0.0 0.0 11.0 0.0 0.0 0.6961710591745399
42 50 41 0.0 0.0 0.0 0.0 4.0 0.0 0.0 0.6986027944111775
42 50 42 0.0 0.0 0.0 0.0 2.0 0.0 0.0 0.6993006993006992
42 50 43 0.0 0.0 0.0 0.0 6.0 1.0 0.0 0.6982543640897755
42 50 44 0.0 0.0 0.0 0.0 1.0 0.0 0.0 0.6996501749125437
42 50 45 0.0 0.0 0.0 0.0 2.0 0.0 0.0 0.6993006993006992
42 51 37 0.0 0.0 0.0 0.0 1.0 0.0 0.0 0.6996501749125437
42 51 39 0.0 0.0 0.0 0.0 4.0 0.0 0.0 0.6986027944111775
42 51 40 0.0 0.0 0.0 0.0 1.0 0.0 0.0 0.6996501749125437
42 51 41 0.0 0.0 0.0 0.0 3.0 0.0 0.0 0.6989515726410384
43 29 41 0.0 0.0 0.0 0.0 1.0 0.0 0.0 0.6996501749125437
43 29 42 0.0 0.0 0.0 0.0 3.0 0.0 0.0 0.6989515726410384
43 30 33 0.0 0.0 0.0 0.0 2.0 0.0 0.0 0.6993006993006992
43 30 34 0.0 0.0 0.0 0.0 7.0 0.0 0.0 0.6975585450921773
43 30 35 0.0 0.0 0.0 0.0 17.0 0.0 0.0 0.694100148735746
43 30 36 0.0 0.0 2.0 0.0 28.0 3.0 0.0 0.6906758756783422
43 30 37 0.0 0.0 0.0 0.0 20.0 0.0 0.0 0.6930693069306929
43 30 38 0.0 0.0 0.0 0.0 23.0 0.0 0.0 0.6923837784371908
43 30 39 0.0 0.0 18.0 0.0 343.0 4.0 0.0 0.593975392448027
43 30 40 0.0 0.0 24.0 0.0 689.0 10.0 2.0 0.5179430262671106
43 30 41 0.0 0.0 67.0 0.0 1772.0 8.0 18.0 0.3654398329417906
43 30 42 0.0 0.0 6.0 0.0 190.0 1.0 0.0 0.6378132118451024
43 30 43 0.0 0.0 0.0 0.0 47.0 0.0 0.0 0.6842619745845552
43 30 44 0.0 0.0 0.0 0.0 15.0 1.0 0.0 0.6951340615690167
43 30 45 0.0 0.0 0.0 0.0 1.0 0.0 0.0 0.6996501749125437
43 31 32 0.0 0.0 0.0 0.0 14.0 0.0 0.0 0.6951340615690167
43 31 33 0.0 0.0 0.0 0.0 35.0 0.0 0.0 0.6879606879606879
43 31 34 0.0 0.0 20.0 0.0 307.0 7.0 1.0 0.6034482758620688
43 31 35 0.0 0.0 100.0 0.0 2704.0 16.0 45.0 0.29233660471914796
43 31 36 0.0 0.0 182.0 0.0 4120.0 10.0 136.0 0.2223634053367217
43 31 37 0.0 0.0 38.0 0.0 955.0 8.0 6.0 0.4690117252931323
43 31 38 0.0 0.0 106.0 0.0 2121.0 17.0 18.0 0.33254156769596194
43 31 39 0.0 0.0 154.0 0.0 4195.0 14.0 185.0 0.22092472778917466
43 31 40 0.0 0.0 344.0 0.0 7461.0 19.0 843.0 0.14298845878868346
43 31 41 0.0 0.0 295.0 0.0 6026.0 22.0 398.0 0.16861375406479584
43 31 42 0.0 0.0 371.0 0.0 7689.0 26.0 919.0 0.1394283437904591
43 31 43 0.0 0.0 214.0 0.0 4900.0 19.0 218.0 0.19732205778717404
43 31 44 0.0 0.0 35.0 0.0 1002.0 8.0 4.0 0.462198745460548
43 31 45 0.0 0.0 16.0 0.0 214.0 5.0 0.0 0.6292134831460673
43 31 46 0.0 0.0 0.0 0.0 15.0 0.0 0.0 0.694789081885856
43 32 31 0.0 0.0 0.0 0.0 16.0 0.0 0.0 0.6944444444444444
43 32 32 0.0 0.0 29.0 0.0 907.0 6.0 2.0 0.47781569965870296
43 32 33 0.0 0.0 343.0 0.0 7018.0 17.0 733.0 0.1497326203208556
43 32 34 0.0 0.0 236.0 0.0 4723.0 28.0 199.0 0.202020202020202
43 32 35 0.0 0.0 638.0 0.0 11206.0 25.0 3938.0 0.10122189284939627
43 32 36 0.0 0.0 605.0 0.0 10923.0 19.0 3297.0 0.10353498003253955
43 32 37 0.0 0.0 513.0 0.0 10113.0 23.0 2220.0 0.11098779134295225
43 32 38 0.0 0.0 519.0 0.0 9751.0 21.0 2125.0 0.11422976501305482
43 32 39 0.0 0.0 523.0 0.0 9749.0 26.0 1988.0 0.11418318244841366
43 32 40 0.0 0.0 985.0 0.0 13099.0 35.0 8553.0 0.08711885500933415
43 32 41 0.0 0.0 625.0 0.0 11189.0 31.0 3354.0 0.10149340292880962
43 32 42 0.0 0.0 847.0 0.0 12676.0 25.0 6840.0 0.09021199819576002
43 32 43 0.0 0.0 658.0 0.0 11350.0 23.0 5708.0 0.09999285765302476
43 32 44 0.0 0.0 307.0 0.0 6361.0 20.0 490.0 0.1618684240952711
43 32 45 0.0 0.0 173.0 0.0 4837.0 13.0 282.0 0.19997143265247821
43 32 46 0.0 0.0 4.0 0.0 178.0 3.0 0.0 0.6424965580541532
43 32 47 0.0 0.0 0.0 0.0 9.0 0.0 0.0 0.6968641114982577
43 32 48 0.0 0.0 0.0 0.0 2.0 0.0 0.0 0.6993006993006992
43 33 30 0.0 0.0 0.0 0.0 2.0 0.0 0.0 0.6993006993006992
43 33 31 0.0 0.0 21.0 0.0 549.0 6.0 1.0 0.5460218408736348
43 33 32 0.0 0.0 25.0 0.0 572.0 6.0 2.0 0.5403319181783095
43 33 33 0.0 0.0 326.0 0.0 7252.0 18.0 757.0 0.1463669628855201
43 33 34 0.0 0.0 513.0 0.0 10071.0 28.0 2985.0 0.11136743298066977
43 33 35 0.0 0.0 749.0 0.0 12103.0 22.0 5105.0 0.09432055514383884
43 33 36 0.0 0.0 1699.0 0.0 13169.0 51.0 24028.0 0.08304169879589536
43 33 37 0.0 0.0 1231.0 0.0 13599.0 41.0 13788.0 0.08324414317992626
43 33 38 0.0 0.0 1398.0 0.0 13775.0 35.0 15686.0 0.08150433719508644
43 33 39 0.0 0.0 1412.0 0.0 13917.0 34.0 15268.0 0.08075214858395338
43 33 40 0.0 0.0 1759.0 0.0 12816.0 44.0 27170.0 0.08439327265055156
43 33 41 0.0 0.0 1282.0 0.0 13786.0 47.0 14382.0 0.08206811653672548
43 33 42 0.0 0.0 1309.0 0.0 12975.0 45.0 18134.0 0.08601093567610739
43 33 43 0.0 0.0 755.0 0.0 12283.0 31.0 5115.0 0.093103677595265
43 33 44 0.0 0.0 975.0 0.0 12866.0 23.0 10306.0 0.08830579033682351
43 33 45 0.0 0.0 529.0 0.0 10025.0 23.0 2290.0 0.11166055192215663
43 33 46 0.0 0.0 163.0 0.0 4012.0 18.0 145.0 0.2274943126421839
43 33 47 0.0 0.0 45.0 0.0 1298.0 2.0 11.0 0.4191616766467065
43 33 48 0.0 0.0 0.0 0.0 32.0 0.0 0.0 0.6889763779527558
43 33 50 0.0 0.0 1.0 0.0 13.0 0.0 0.0 0.6951340615690167
43 34 30 0.0 0.0 0.0 0.0 8.0 0.0 0.0 0.697211155378486
43 34 31 0.0 0.0 104.0 0.0 2093.0 18.0 30.0 0.33500837520938015
43 34 32 0.0 0.0 349.0 0.0 7075.0 16.0 685.0 0.1486988847583643
43 34 33 0.0 0.0 578.0 0.0 10794.0 20.0 3525.0 0.10471987433615079
43 34 34 0.0 0.0 1317.0 0.0 13590.0 38.0 14643.0 0.08281083638944751
43 34 35 0.0 0.0 1674.0 0.0 13460.0 32.0 21990.0 0.08166598611678236
43 34 36 0.0 0.0 2102.0 0.0 13153.0 63.0 31291.0 0.08122063004003016
43 34 37 0.0 0.0 2120.0 0.0 14196.0 42.0 26090.0 0.07639836289222372
43 34 38 0.0 0.0 2631.0 0.0 12767.0 55.0 38983.0 0.08042279411764705
43 34 39 0.0 0.0 2874.0 0.0 12229.0 79.0 45377.0 0.08192404470712153
43 34 40 0.0 0.0 2357.0 0.0 13443.0 51.0 32521.0 0.07866052365434317
43 34 41 0.0 0.0 2060.0 0.0 13019.0 47.0 30984.0 0.08195281859158227
43 34 42 0.0 0.0 2334.0 0.0 12682.0 40.0 35915.0 0.08218856404837382
43 34 43 0.0 0.0 1264.0 0.0 13840.0 19.0 13536.0 0.08185219831618334
43 34 44 0.0 0.0 1343.0 0.0 13286.0 50.0 16476.0 0.08423079237109679
43 34 45 0.0 0.0 829.0 0.0 12566.0 24.0 6922.0 0.09099181073703366
43 34 46 0.0 0.0 482.0 0.0 9437.0 29.0 1839.0 0.11759764804703904
43 34 47 0.0 0.0 268.0 0.0 5858.0 30.0 364.0 0.17286084701815035
43 34 48 0.0 0.0 3.0 0.0 352.0 1.0 2.0 0.5949851253718657
43 34 49 0.0 0.0 0.0 0.0 23.0 0.0 0.0 0.6920415224913494
43 34 50 0.0 0.0 1.0 0.0 1.0 0.0 0.0 0.6996501749125437
43 35 30 0.0 0.0 5.0 0.0 212.0 2.0 0.0 0.6323396567299006
43 35 31 0.0 0.0 241.0 0.0 5836.0 13.0 419.0 0.17352503718393653
43 35 32 0.0 0.0 565.0 0.0 10382.0 28.0 2664.0 0.10829207920792079
43 35 33 0.0 0.0 777.0 0.0 12152.0 38.0 6362.0 0.09390301160372927
43 35 34 0.0 0.0 1668.0 0.0 13467.0 42.0 22243.0 0.0816850458019721
43 35 35 0.0 0.0 2547.0 0.0 11787.0 56.0 43771.0 0.08566882878472645
43 35 36 0.0 0.0 3230.0 0.0 10162.0 73.0 64377.0 0.09093270979475188
43 35 37 0.0 0.0 3868.0 0.0 10800.0 76.0 65617.0 0.08412955952166334
43 35 38 0.0 0.0 4411.0 0.0 10190.0 86.0 75825.0 0.08440344848375232
43 35 39 0.0 0.0 4165.0 0.0 10130.0 61.0 73506.0 0.08581060373889059
43 35 40 0.0 0.0 4072.0 0.0 11002.0 78.0 65367.0 0.08202003632315893
43 35 41 0.0 0.0 3862.0 0.0 10978.0 69.0 64491.0 0.08317984671142534
43 35 42 0.0 0.0 3447.0 0.0 10968.0 70.0 59683.0 0.08529304252467405
43 35 43 0.0 0.0 2837.0 0.0 12077.0 65.0 45570.0 0.08269832831236339
43 35 44 0.0 0.0 2135.0 0.0 13259.0 52.0 30935.0 0.0805106676634654
43 35 45 0.0 0.0 1317.0 0.0 13562.0 40.0 15321.0 0.08296787957804906
43 35 46 0.0 0.0 740.0 0.0 12068.0 21.0 4799.0 0.09454349000540246
43 35 47 0.0 0.0 833.0 0.0 12447.0 23.0 7349.0 0.09158108196506835
43 35 48 0.0 0.0 244.0 0.0 5541.0 22.0 392.0 0.18022657054582905
43 35 49 0.0 0.0 1.0 0.0 194.0 1.0 0.0 0.6381039197812214
43 35 50 0.0 0.0 0.0 0.0 8.0 0.0 0.0 0.697211155378486
43 36 29 0.0 0.0 0.0 0.0 8.0 0.0 0.0 0.697211155378486
43 36 30 0.0 0.0 81.0 0.0 1886.0 13.0 22.0 0.3540718259989883
43 36 31 0.0 0.0 404.0 0.0 7992.0 18.0 962.0 0.13482280431432972
43 36 32 0.0 0.0 666.0 0.0 11739.0 14.0 5739.0 0.09715475364330325
43 36 33 0.0 0.0 1679.0 0.0 12210.0 53.0 28143.0 0.08813345923827509
43 36 34 0.0 0.0 2136.0 0.0 13348.0 53.0 30347.0 0.08005947275118659
43 36 35 0.0 0.0 3038.0 0.0 12785.0 59.0 44400.0 0.07847533632286995
43 36 36 0.0 0.0 4232.0 0.0 10718.0 87.0 69245.0 0.08264950705472578
43 36 37 0.0 0.0 5266.0 0.0 9621.0 75.0 85584.0 0.08282553392888835
43 36 38 0.0 0.0 5649.0 0.0 7296.0 92.0 110210.0 0.09370189411685964
43 36 39 0.0 0.0 5628.0 0.0 6674.0 81.0 116694.0 0.09798432250839864
43 36 40 0.0 0.0 5871.0 0.0 8069.0 74.0 103034.0 0.08790104853393607
43 36 41 0.0 0.0 5524.0 0.0 8193.0 68.0 100395.0 0.08905285923287322
43 36 42 0.0 0.0 4963.0 0.0 8441.0 96.0 94435.0 0.09106875691146814
43 36 43 0.0 0.0 4192.0 0.0 10786.0 81.0 68253.0 0.08237716975581053
43 36 44 0.0 0.0 3111.0 0.0 13045.0 66.0 43284.0 0.07711799052550401
43 36 45 0.0 0.0 2360.0 0.0 13570.0 73.0 32137.0 0.07815989280928985
43 36 46 0.0 0.0 1501.0 0.0 13640.0 36.0 18708.0 0.08166598611678236
43 36 47 0.0 0.0 1197.0 0.0 13133.0 32.0 14718.0 0.08569504805043765
43 36 48 0.0 0.0 420.0 0.0 7998.0 16.0 896.0 0.1345119139123751
43 36 49 0.0 0.0 67.0 0.0 1458.0 18.0 10.0 0.3995433789954337
43 36 50 0.0 0.0 16.0 0.0 400.0 4.0 0.0 0.5804311774461027
43 37 29 0.0 0.0 0.0 0.0 9.0 0.0 0.0 0.6968641114982577
43 37 30 0.0 0.0 44.0 0.0 1102.0 7.0 6.0 0.4460019114367632
43 37 31 0.0 0.0 822.0 0.0 12337.0 34.0 5581.0 0.0924397490921096
43 37 32 0.0 0.0 531.0 0.0 10323.0 27.0 2767.0 0.10903426791277257
43 37 33 0.0 0.0 1130.0 0.0 13581.0 27.0 11193.0 0.0837871805613741
43 37 34 0.0 0.0 2393.0 0.0 13363.0 52.0 32964.0 0.07880664227413453
43 37 35 0.0 0.0 3769.0 0.0 11262.0 80.0 60848.0 0.08227067050596462
43 37 36 0.0 0.0 5204.0 0.0 9447.0 73.0 86700.0 0.08409923709977772
43 37 37 0.0 0.0 5869.0 0.0 6875.0 76.0 117156.0 0.0948316737790422
43 37 38 0.0 0.0 5245.0 0.0 4525.0 50.0 140923.0 0.11889596602972398
43 37 39 0.0 0.0 6729.0 1.0 5066.0 58.0 136481.0 0.10146398028699811
43 37 40 0.0 2.0 7138.0 3.0 5745.0 69.0 130411.0 0.09403546480386887
43 37 41 0.0 4.0 6579.0 9.0 5829.0 73.0 129633.0 0.097053726169844
43 37 42 0.0 1.0 6628.0 0.0 7247.0 76.0 115178.0 0.08813900780659782
43 37 43 0.0 0.0 5285.0 1.0 7426.0 68.0 107312.0 0.09516688192509005
43 37 44 0.0 0.0 4697.0 0.0 9320.0 60.0 84850.0 0.08730901153726224
43 37 45 0.0 0.0 3323.0 0.0 11795.0 71.0 54352.0 0.08178047783164903
43 37 46 0.0 0.0 2608.0 0.0 11639.0 56.0 45378.0 0.08614854470494122
43 37 47 0.0 0.0 1170.0 0.0 13542.0 36.0 12148.0 0.0837871805613741
43 37 48 0.0 0.0 507.0 0.0 9787.0 27.0 2251.0 0.11402508551881413
43 37 49 0.0 0.0 238.0 0.0 5698.0 19.0 379.0 0.17678999873721427
43 37 50 0.0 0.0 85.0 0.0 1865.0 12.0 25.0 0.3554201574003554
43 38 29 0.0 0.0 0.0 0.0 11.0 0.0 0.0 0.6961710591745399
43 38 30 0.0 0.0 57.0 0.0 1512.0 11.0 23.0 0.3935901040202417
43 38 31 0.0 0.0 506.0 0.0 9383.0 32.0 1736.0 0.11792452830188678
43 38 32 0.0 0.0 823.0 0.0 12597.0 33.0 7970.0 0.09086778736937755
43 38 33 0.0 0.0 1377.0 0.0 13693.0 35.0 15772.0 0.08200082000820007
43 38 34 0.0 0.0 2740.0 0.0 13035.0 66.0 37947.0 0.0787445863096912
43 38 35 0.0 0.0 4540.0 0.0 10126.0 53.0 76358.0 0.0837621155917195
43 38 36 0.0 0.0 5695.0 0.0 7371.0 76.0 109220.0 0.09300471666777385
43 38 37 0.0 0.0 6446.0 0.0 5722.0 69.0 130461.0 0.09884213499011577
43 38 38 0.0 0.0 6729.0 0.0 4480.0 56.0 145670.0 0.10601241859760714
43 38 39 0.0 1.0 6505.0 0.0 3718.0 48.0 153718.0 0.11451942740286299
43 38 40 1.0 2.0 7817.0 2.0 4327.0 65.0 148244.0 0.09910101224605364
43 38 41 0.0 3.0 6705.0 4.0 4072.0 50.0 148860.0 0.10937499999999999
43 38 42 0.0 4.0 5354.0 4.0 3868.0 43.0 149612.0 0.1246216841730461
43 38 43 0.0 0.0 6261.0 0.0 6016.0 78.0 127307.0 0.09815606814835587
43 38 44 0.0 0.0 5045.0 0.0 7261.0 73.0 108800.0 0.0978131768322504
43 38 45 0.0 0.0 3993.0 0.0 9741.0 92.0 75554.0 0.08906418983395889
43 38 46 0.0 0.0 2495.0 0.0 13072.0 58.0 36183.0 0.07976753461341232
43 38 47 0.0 0.0 1315.0 0.0 13546.0 41.0 15826.0 0.0830614061109463
43 38 48 0.0 0.0 349.0 0.0 7828.0 20.0 1098.0 0.1377410468319559
43 38 49 0.0 0.0 84.0 0.0 2305.0 11.0 33.0 0.319780721790772
43 38 50 0.0 0.0 3.0 0.0 103.0 2.0 0.0 0.6653992395437262
43 39 29 0.0 0.0 0.0 0.0 11.0 0.0 0.0 0.6961710591745399
43 39 30 0.0 0.0 184.0 0.0 3883.0 24.0 129.0 0.2315580549123387
43 39 31 0.0 0.0 430.0 0.0 8783.0 27.0 1407.0 0.12506700017866715
43 39 32 0.0 0.0 965.0 0.0 13006.0 27.0 8345.0 0.08770830722967045
43 39 33 0.0 0.0 1708.0 0.0 13629.0 47.0 21536.0 0.08072886633606273
43 39 34 0.0 0.0 2739.0 0.0 12921.0 69.0 40607.0 0.0793246076264944
43 39 35 0.0 0.0 4787.0 0.0 11024.0 85.0 70774.0 0.07857664028736598
43 39 36 0.0 0.0 5828.0 0.0 6756.0 78.0 116740.0 0.09601536245799328
43 39 37 0.0 1.0 6513.0 1.0 4891.0 52.0 139550.0 0.1042985919690084
43 39 38 0.0 0.0 7265.0 0.0 4043.0 45.0 149735.0 0.10522360015031941
43 39 39 0.0 3.0 6997.0 2.0 3435.0 60.0 157968.0 0.11256733939052825
43 39 40 0.0 0.0 6655.0 1.0 2918.0 48.0 162970.0 0.12118064571972646
43 39 41 0.0 2.0 7267.0 2.0 3575.0 47.0 156241.0 0.10900031142946122
43 39 42 0.0 4.0 6993.0 3.0 4048.0 51.0 150409.0 0.10716472749540722
43 39 43 0.0 5.0 6949.0 3.0 5436.0 58.0 134791.0 0.0972087210109707
43 39 44 0.0 0.0 6230.0 1.0 8010.0 89.0 105724.0 0.08623344625808438
43 39 45 0.0 0.0 4497.0 0.0 10584.0 60.0 73418.0 0.08189050070191857
43 39 46 0.0 0.0 2579.0 0.0 12485.0 59.0 39433.0 0.08209217778820217
43 39 47 0.0 0.0 1482.0 0.0 14064.0 50.0 15961.0 0.0798630918425556
43 39 48 0.0 0.0 722.0 0.0 11820.0 22.0 4440.0 0.09628610729023383
43 39 49 0.0 0.0 83.0 0.0 1737.0 13.0 13.0 0.36784025223331573
43 39 50 0.0 0.0 12.0 0.0 487.0 6.0 2.0 0.5617977528089887
43 40 29 0.0 0.0 0.0 0.0 3.0 0.0 0.0 0.6989515726410384
43 40 30 0.0 0.0 112.0 0.0 2837.0 10.0 54.0 0.2833434527423598
43 40 31 0.0 0.0 372.0 0.0 8017.0 23.0 1162.0 0.13500482160077143
43 40 32 0.0 0.0 764.0 0.0 12189.0 36.0 5841.0 0.0937269866773783
43 40 33 0.0 0.0 1803.0 0.0 13159.0 40.0 24956.0 0.08246936852026389
43 40 34 0.0 0.0 2803.0 0.0 12804.0 81.0 41800.0 0.07958615200955033
43 40 35 0.0 0.0 4444.0 0.0 11019.0 73.0 68415.0 0.08014655369819096
43 40 36 0.0 0.0 5973.0 0.0 6802.0 69.0 116693.0 0.094684160692547
43 40 37 0.0 0.0 5850.0 0.0 4361.0 47.0 144325.0 0.11447260834014716
43 40 38 0.0 3.0 6858.0 1.0 3654.0 47.0 153688.0 0.11188364101334611
43 40 39 0.0 6.0 7487.0 2.0 3403.0 48.0 158058.0 0.10845986984815617
43 40 40 0.0 3.0 7548.0 2.0 3225.0 49.0 159557.0 0.10965771128691157
43 40 41 0.0 7.0 7387.0 8.0 3313.0 49.0 158249.0 0.11014082290929117
43 40 42 0.0 2.0 7019.0 4.0 3968.0 53.0 150731.0 0.1076426264800861
43 40 43 0.0 8.0 4978.0 7.0 3749.0 61.0 148880.0 0.13039023935922509
43 40 44 0.0 4.0 5377.0 2.0 6565.0 55.0 117036.0 0.10007147962830593
43 40 45 0.0 0.0 4423.0 0.0 10717.0 72.0 70157.0 0.08157557394243095
43 40 46 0.0 0.0 2373.0 0.0 13024.0 62.0 33655.0 0.08048289738430582
43 40 47 0.0 0.0 1329.0 0.0 13747.0 42.0 13892.0 0.08206811653672548
43 40 48 0.0 0.0 700.0 0.0 11759.0 14.0 4485.0 0.09682550660488276
43 40 49 0.0 0.0 275.0 0.0 5749.0 19.0 410.0 0.17482517482517482
43 40 50 0.0 0.0 0.0 0.0 44.0 1.0 0.0 0.6852667645619186
43 41 29 0.0 0.0 0.0 0.0 1.0 0.0 0.0 0.6996501749125437
43 41 30 0.0 0.0 12.0 0.0 316.0 5.0 3.0 0.6026689625484287
43 41 31 0.0 0.0 211.0 0.0 5071.0 23.0 287.0 0.19275781357565744
43 41 32 0.0 0.0 838.0 0.0 12566.0 25.0 6971.0 0.0909090909090909
43 41 33 0.0 0.0 1667.0 0.0 13965.0 39.0 19613.0 0.07933359777865925
43 41 34 0.0 0.0 3118.0 0.0 11058.0 67.0 56545.0 0.08652657601977749
43 41 35 0.0 0.0 4223.0 0.0 11664.0 78.0 61891.0 0.07827788649706457
43 41 36 0.0 0.0 5696.0 0.0 7873.0 76.0 103707.0 0.08983572895277206
43 41 37 0.0 0.0 7012.0 0.0 6401.0 63.0 124774.0 0.09085009733939
43 41 38 0.0 5.0 7275.0 3.0 4551.0 58.0 144966.0 0.10114876092767862
43 41 39 0.0 2.0 6440.0 1.0 3205.0 50.0 158816.0 0.12022327179046799
43 41 40 0.0 3.0 7007.0 3.0 3195.0 53.0 159298.0 0.11465072475636719
43 41 41 0.0 8.0 6788.0 8.0 3395.0 59.0 157193.0 0.11479173499508034
43 41 42 0.0 3.0 7133.0 4.0 4364.0 59.0 146061.0 0.10368066355624675
43 41 43 0.0 3.0 6704.0 6.0 5794.0 60.0 130081.0 0.09647853352629039
43 41 44 0.0 3.0 5911.0 11.0 9237.0 81.0 91712.0 0.08150433719508644
43 41 45 0.0 0.0 3923.0 0.0 10476.0 77.0 67860.0 0.08528784648187633
43 41 46 0.0 0.0 2187.0 0.0 13427.0 57.0 28956.0 0.07949125596184418
43 41 47 0.0 0.0 1237.0 0.0 13688.0 39.0 12528.0 0.08278635207852876
43 41 48 0.0 0.0 642.0 0.0 10967.0 30.0 3201.0 0.10299418818509526
43 41 49 0.0 0.0 282.0 0.0 6100.0 15.0 468.0 0.16724405686297933
43 41 50 0.0 0.0 4.0 0.0 84.0 1.0 0.0 0.6711409395973154
43 42 29 0.0 0.0 0.0 0.0 1.0 0.0 0.0 0.6996501749125437
43 42 30 0.0 0.0 0.0 0.0 33.0 0.0 0.0 0.6886374815543531
43 42 31 0.0 0.0 145.0 0.0 3408.0 16.0 93.0 0.25289017341040454
43 42 32 0.0 0.0 686.0 0.0 11447.0 21.0 4087.0 0.09909399773499432
43 42 33 0.0 0.0 1239.0 0.0 13554.0 39.0 13642.0 0.08343763037129745
43 42 34 0.0 0.0 2758.0 0.0 11066.0 64.0 53099.0 0.0884564352056612
43 42 35 0.0 0.0 3842.0 0.0 11113.0 68.0 62571.0 0.0825617738986849
43 42 36 0.0 0.0 5055.0 0.0 9880.0 83.0 82115.0 0.08273253752511522
43 42 37 0.0 1.0 6305.0 7.0 7398.0 65.0 111978.0 0.08905852417302798
43 42 38 0.0 1.0 6418.0 1.0 5113.0 62.0 136485.0 0.1033286589416193
43 42 39 0.0 2.0 7669.0 4.0 5191.0 58.0 139015.0 0.09408602150537633
43 42 40 0.0 6.0 6352.0 5.0 3867.0 49.0 150730.0 0.11445389143230868
43 42 41 0.0 9.0 7303.0 12.0 4828.0 58.0 142639.0 0.09884911388830048
43 42 42 0.0 1.0 6660.0 3.0 5280.0 62.0 135635.0 0.10033684512291263
43 42 43 0.0 1.0 5733.0 2.0 6237.0 67.0 121464.0 0.10009294344748694
43 42 44 0.0 1.0 5145.0 5.0 10484.0 69.0 77582.0 0.07934258996882969
43 42 45 0.0 0.0 3178.0 0.0 12518.0 69.0 46710.0 0.0792079207920792
43 42 46 0.0 0.0 1866.0 0.0 13728.0 40.0 23966.0 0.07959067652075041
43 42 47 0.0 0.0 1328.0 0.0 13636.0 34.0 15672.0 0.0825277057297807
43 42 48 0.0 0.0 873.0 0.0 12594.0 37.0 8898.0 0.09057971014492752
43 42 49 0.0 0.0 278.0 0.0 6446.0 25.0 662.0 0.16082711085582996
43 42 50 0.0 0.0 0.0 0.0 45.0 0.0 0.0 0.6845965770171147
43 43 30 0.0 0.0 2.0 0.0 52.0 0.0 0.0 0.6815968841285296
43 43 31 0.0 0.0 190.0 0.0 4587.0 8.0 231.0 0.20676414119037068
43 43 32 0.0 0.0 849.0 0.0 12520.0 31.0 7368.0 0.09112210361884925
43 43 33 0.0 0.0 1109.0 0.0 13733.0 33.0 9981.0 0.0832045643646737
43 43 34 0.0 0.0 2149.0 0.0 12785.0 53.0 33514.0 0.082703213610586
43 43 35 0.0 0.0 3204.0 0.0 11938.0 59.0 50424.0 0.08160886039055668
43 43 36 0.0 0.0 3891.0 0.0 12036.0 51.0 56862.0 0.07799442896935933
43 43 37 0.0 0.0 5258.0 0.0 9220.0 71.0 88908.0 0.08496176720475786
43 43 38 0.0 0.0 5889.0 0.0 6908.0 89.0 115953.0 0.09470337549888384
43 43 39 0.0 1.0 6075.0 2.0 5608.0 63.0 130315.0 0.10236162901221027
43 43 40 0.0 0.0 6700.0 1.0 6181.0 61.0 125993.0 0.09405441719852199
43 43 41 0.0 1.0 5479.0 2.0 5378.0 64.0 130817.0 0.10878010878010877
43 43 42 0.0 1.0 5760.0 0.0 6249.0 64.0 122498.0 0.10002143316424948
43 43 43 0.0 1.0 4921.0 1.0 7433.0 68.0 105233.0 0.09744553490638266
43 43 44 0.0 1.0 4196.0 3.0 11621.0 73.0 61491.0 0.07853696847301693
43 43 45 0.0 0.0 2135.0 1.0 14792.0 49.0 22344.0 0.07397231321990912
43 43 46 0.0 0.0 1723.0 0.0 13488.0 40.0 23149.0 0.08130081300813008
43 43 47 0.0 0.0 810.0 0.0 12381.0 25.0 6078.0 0.09220839096357768
43 43 48 0.0 0.0 579.0 0.0 10397.0 29.0 2605.0 0.10801635676259547
43 43 49 0.0 0.0 93.0 0.0 2753.0 11.0 69.0 0.2895553257497414
43 43 50 0.0 0.0 7.0 0.0 59.0 2.0 0.0 0.6786233640329616
43 44 30 0.0 0.0 0.0 0.0 29.0 1.0 0.0 0.690335305719921
43 44 31 0.0 0.0 116.0 0.0 2842.0 16.0 86.0 0.2831715210355987
43 44 32 0.0 0.0 367.0 0.0 8123.0 12.0 1156.0 0.13356229727151306
43 44 33 0.0 0.0 1272.0 0.0 13495.0 23.0 14077.0 0.08347743128018603
43 44 34 0.0 0.0 1537.0 0.0 13630.0 48.0 19624.0 0.0815803274867432
43 44 35 0.0 0.0 2360.0 0.0 12113.0 42.0 39441.0 0.08503401360544216
43 44 36 0.0 0.0 2826.0 0.0 12789.0 43.0 41502.0 0.07936957877430692
43 44 37 0.0 0.0 3837.0 0.0 11851.0 70.0 59194.0 0.07911839502684373
43 44 38 0.0 0.0 4747.0 0.0 8479.0 98.0 92870.0 0.09206892016309351
43 44 39 0.0 0.0 5380.0 1.0 9431.0 68.0 88428.0 0.08314032899815903
43 44 40 0.0 0.0 4565.0 0.0 6201.0 63.0 115681.0 0.10955473824242896
43 44 41 0.0 0.0 5578.0 1.0 9937.0 104.0 84182.0 0.08012820512820512
43 44 42 0.0 0.0 4828.0 0.0 8737.0 71.0 90795.0 0.08987609937728701
43 44 43 0.0 0.0 4144.0 0.0 11265.0 79.0 64339.0 0.08040893687898454
43 44 44 0.0 0.0 3117.0 0.0 11950.0 56.0 49353.0 0.08202484180923364
43 44 45 0.0 0.0 1943.0 0.0 13924.0 52.0 24846.0 0.07833482542524618
43 44 46 0.0 0.0 1282.0 0.0 13380.0 38.0 16509.0 0.08401848406649462
43 44 47 0.0 0.0 713.0 0.0 11481.0 26.0 3453.0 0.09874453378473691
43 44 48 0.0 0.0 177.0 0.0 4000.0 12.0 151.0 0.22694115739990273
43 44 49 0.0 0.0 13.0 0.0 340.0 3.0 0.0 0.5957446808510637
43 44 50 0.0 0.0 0.0 0.0 6.0 0.0 0.0 0.6979062811565303
43 45 30 0.0 0.0 0.0 0.0 23.0 0.0 0.0 0.6920415224913494
43 45 31 0.0 0.0 8.0 0.0 230.0 3.0 1.0 0.6263982102908277
43 45 32 0.0 0.0 78.0 0.0 2493.0 11.0 38.0 0.3070848870366308
43 45 33 0.0 0.0 1071.0 0.0 13214.0 31.0 11773.0 0.08597396217145663
43 45 34 0.0 0.0 1146.0 0.0 13390.0 47.0 12475.0 0.08469449485783423
43 45 35 0.0 0.0 1369.0 0.0 13381.0 41.0 17130.0 0.0835820895522388
43 45 36 0.0 0.0 2168.0 0.0 12618.0 55.0 34593.0 0.0834575260804769
43 45 37 0.0 0.0 2866.0 0.0 12975.0 57.0 42141.0 0.07847973541117775
43 45 38 0.0 0.0 3336.0 0.0 9892.0 74.0 67888.0 0.09189969804384927
43 45 39 0.0 0.0 3824.0 0.0 11019.0 67.0 63360.0 0.0830564784053156
43 45 40 0.0 0.0 3648.0 0.0 10834.0 81.0 63693.0 0.0849772382397572
43 45 41 0.0 0.0 3562.0 0.0 11759.0 75.0 55569.0 0.08078476630121176
43 45 42 0.0 0.0 3239.0 0.0 10823.0 63.0 58874.0 0.08710801393728222
43 45 43 0.0 0.0 2512.0 0.0 13561.0 54.0 33933.0 0.07751079614660612
43 45 44 0.0 0.0 2422.0 0.0 12803.0 62.0 37362.0 0.08128193218764514
43 45 45 0.0 0.0 1880.0 0.0 13296.0 45.0 27100.0 0.08148536173680228
43 45 46 0.0 0.0 1344.0 0.0 13328.0 41.0 16806.0 0.08392279103225031
43 45 47 0.0 0.0 657.0 0.0 11293.0 29.0 4231.0 0.10044482709140479
43 45 48 0.0 0.0 496.0 0.0 8832.0 19.0 1385.0 0.1237186284906327
43 45 49 0.0 0.0 0.0 0.0 47.0 0.0 0.0 0.6845965770171147
43 46 30 0.0 0.0 0.0 0.0 1.0 0.0 0.0 0.6996501749125437
43 46 31 0.0 0.0 0.0 0.0 26.0 0.0 0.0 0.6910167818361302
43 46 32 0.0 0.0 126.0 0.0 3240.0 16.0 72.0 0.2616822429906542
43 46 33 0.0 0.0 682.0 0.0 11171.0 27.0 3587.0 0.10109763142692084
43 46 34 0.0 0.0 720.0 0.0 11816.0 19.0 5364.0 0.09637227232050663
43 46 35 0.0 0.0 1400.0 0.0 13248.0 38.0 18208.0 0.0840891344825515
43 46 36 0.0 0.0 1024.0 0.0 13486.0 29.0 8713.0 0.08480222908716456
43 46 37 0.0 0.0 1684.0 0.0 13708.0 47.0 21956.0 0.0805477245267821
43 46 38 0.0 0.0 2223.0 0.0 12193.0 43.0 37425.0 0.08530343650987082
43 46 39 0.0 0.0 1736.0 0.0 14291.0 46.0 19126.0 0.07770007770007768
43 46 40 0.0 0.0 1875.0 0.0 13198.0 36.0 26538.0 0.08196721311475409
43 46 41 0.0 0.0 1397.0 0.0 14048.0 32.0 15666.0 0.08019246190858058
43 46 42 0.0 0.0 1492.0 0.0 13712.0 41.0 17228.0 0.08142375247179248
43 46 43 0.0 0.0 1210.0 0.0 13824.0 27.0 12363.0 0.0822126959891949
43 46 44 0.0 0.0 1290.0 0.0 13919.0 49.0 13494.0 0.08140954817700762
43 46 45 0.0 0.0 1332.0 0.0 13460.0 43.0 15925.0 0.08341277407054336
43 46 46 0.0 0.0 835.0 0.0 12618.0 35.0 6661.0 0.09069119647599921
43 46 47 0.0 0.0 716.0 0.0 11806.0 22.0 4357.0 0.09648518263266712
43 46 48 0.0 0.0 104.0 0.0 2970.0 14.0 65.0 0.276625172890733
43 46 49 0.0 0.0 9.0 0.0 270.0 4.0 0.0 0.6153846153846153
43 47 30 0.0 0.0 0.0 0.0 3.0 0.0 0.0 0.6989515726410384
43 47 31 0.0 0.0 4.0 0.0 89.0 1.0 0.0 0.6692160611854684
43 47 32 0.0 0.0 4.0 0.0 171.0 1.0 0.0 0.6442705936493326
43 47 33 0.0 0.0 194.0 0.0 4629.0 15.0 207.0 0.20561022176531057
43 47 34 0.0 0.0 363.0 0.0 8051.0 20.0 1155.0 0.1345895020188425
43 47 35 0.0 0.0 488.0 0.0 9418.0 24.0 1606.0 0.11777572137629341
43 47 36 0.0 0.0 599.0 0.0 10973.0 23.0 3866.0 0.10320678215997049
43 47 37 0.0 0.0 932.0 0.0 13072.0 35.0 7735.0 0.08756019763587465
43 47 38 0.0 0.0 578.0 0.0 10784.0 23.0 2953.0 0.10490034467256105
43 47 39 0.0 0.0 917.0 0.0 12894.0 37.0 8493.0 0.08861881250791238
43 47 40 0.0 0.0 1084.0 0.0 13190.0 36.0 10414.0 0.08603736479842673
43 47 41 0.0 0.0 883.0 0.0 12623.0 36.0 6532.0 0.09038672606365808
43 47 42 0.0 0.0 1032.0 0.0 13295.0 32.0 9802.0 0.08577380223011885
43 47 43 0.0 0.0 642.0 0.0 11100.0 34.0 3025.0 0.10201107548819585
43 47 44 0.0 0.0 748.0 0.0 11959.0 18.0 4658.0 0.09523809523809523
43 47 45 0.0 0.0 450.0 0.0 8532.0 25.0 1113.0 0.1276324186343331
43 47 46 0.0 0.0 762.0 0.0 11774.0 28.0 5089.0 0.0963789067878287
43 47 47 0.0 0.0 388.0 0.0 8061.0 22.0 1050.0 0.13418959072174827
43 47 48 0.0 0.0 10.0 0.0 304.0 2.0 1.0 0.6055363321799306
43 47 49 0.0 0.0 0.0 0.0 6.0 0.0 0.0 0.6979062811565303
43 48 31 0.0 0.0 0.0 0.0 3.0 0.0 0.0 0.6989515726410384
43 48 32 0.0 0.0 0.0 0.0 24.0 0.0 0.0 0.6916996047430829
43 48 33 0.0 0.0 0.0 0.0 55.0 0.0 0.0 0.6812652068126519
43 48 34 0.0 0.0 77.0 0.0 1546.0 13.0 16.0 0.38781163434903043
43 48 35 0.0 0.0 345.0 0.0 6801.0 23.0 559.0 0.1533910375808042
43 48 36 0.0 0.0 243.0 0.0 5524.0 21.0 353.0 0.18069179143004646
43 48 37 0.0 0.0 217.0 0.0 5577.0 16.0 419.0 0.1799948572897917
43 48 38 0.0 0.0 586.0 0.0 10618.0 26.0 2726.0 0.10611688016372318
43 48 39 0.0 0.0 330.0 0.0 6942.0 19.0 634.0 0.15130228034151083
43 48 40 0.0 0.0 349.0 0.0 7070.0 23.0 646.0 0.14890448840672194
43 48 41 0.0 0.0 427.0 0.0 8167.0 24.0 1039.0 0.1323126358567243
43 48 42 0.0 0.0 246.0 0.0 5419.0 19.0 284.0 0.18305439330543927
43 48 43 0.0 0.0 429.0 0.0 8818.0 23.0 1514.0 0.1246660730186999
43 48 44 0.0 0.0 171.0 0.0 3417.0 16.0 77.0 0.25121119684191634
43 48 45 0.0 0.0 206.0 0.0 4065.0 23.0 106.0 0.22410757163438447
43 48 46 0.0 0.0 33.0 0.0 702.0 6.0 2.0 0.5130084279956026
43 48 47 0.0 0.0 6.0 0.0 205.0 3.0 0.0 0.6340579710144926
43 48 48 0.0 0.0 0.0 0.0 35.0 0.0 0.0 0.6879606879606879
43 49 34 0.0 0.0 0.0 0.0 10.0 0.0 0.0 0.6965174129353233
43 49 35 0.0 0.0 0.0 0.0 44.0 0.0 0.0 0.684931506849315
43 49 36 0.0 0.0 55.0 0.0 1189.0 11.0 7.0 0.43303433343643666
43 49 37 0.0 0.0 62.0 0.0 1433.0 12.0 9.0 0.4020677771395749
43 49 38 0.0 0.0 103.0 0.0 2384.0 13.0 23.0 0.31291908806437185
43 49 39 0.0 0.0 2.0 0.0 280.0 1.0 0.0 0.6137658921525645
43 49 40 0.0 0.0 3.0 0.0 174.0 0.0 0.0 0.6433823529411764
43 49 41 0.0 0.0 61.0 0.0 1428.0 12.0 12.0 0.4027617951668584
43 49 42 0.0 0.0 82.0 0.0 1991.0 11.0 22.0 0.3445729756337681
43 49 43 0.0 0.0 6.0 0.0 190.0 0.0 1.0 0.6378132118451024
43 49 44 0.0 0.0 40.0 0.0 776.0 12.0 2.0 0.4992867332382311
43 49 45 0.0 0.0 0.0 0.0 7.0 0.0 0.0 0.6979062811565303
43 49 46 0.0 0.0 0.0 0.0 6.0 0.0 0.0 0.6979062811565303
43 49 47 0.0 0.0 0.0 0.0 1.0 0.0 0.0 0.6996501749125437
43 50 34 0.0 0.0 0.0 0.0 1.0 0.0 0.0 0.6996501749125437
43 50 35 0.0 0.0 0.0 0.0 5.0 0.0 0.0 0.6982543640897755
43 50 36 0.0 0.0 0.0 0.0 22.0 0.0 0.0 0.6923837784371908
43 50 37 0.0 0.0 0.0 0.0 18.0 0.0 0.0 0.6937561942517343
43 50 38 0.0 0.0 0.0 0.0 15.0 0.0 0.0 0.694789081885856
43 50 39 0.0 0.0 0.0 0.0 3.0 0.0 0.0 0.6989515726410384
43 50 40 0.0 0.0 0.0 0.0 3.0 0.0 0.0 0.6989515726410384
43 50 41 0.0 0.0 0.0 0.0 3.0 0.0 0.0 0.6989515726410384
43 50 42 0.0 0.0 0.0 0.0 1.0 0.0 0.0 0.6996501749125437
43 50 43 0.0 0.0 0.0 0.0 1.0 0.0 0.0 0.6996501749125437
43 50 44 0.0 0.0 0.0 0.0 1.0 0.0 0.0 0.6996501749125437
43 51 35 0.0 0.0 0.0 0.0 1.0 0.0 0.0 0.6996501749125437
44 29 36 0.0 0.0 0.0 0.0 1.0 0.0 0.0 0.6996501749125437
44 29 40 0.0 0.0 0.0 0.0 1.0 0.0 0.0 0.6996501749125437
44 29 41 0.0 0.0 0.0 0.0 2.0 0.0 0.0 0.6993006993006992
44 30 34 0.0 0.0 0.0 0.0 2.0 0.0 0.0 0.6993006993006992
44 30 35 0.0 0.0 0.0 0.0 9.0 0.0 0.0 0.697211155378486
44 30 36 0.0 0.0 16.0 0.0 407.0 4.0 3.0 0.5787515502273666
44 30 37 0.0 0.0 0.0 0.0 14.0 0.0 0.0 0.6951340615690167
44 30 38 0.0 0.0 0.0 0.0 19.0 0.0 0.0 0.6934125804853887
44 30 39 0.0 0.0 6.0 0.0 159.0 2.0 0.0 0.6472491909385112
44 30 40 0.0 0.0 83.0 0.0 1679.0 14.0 11.0 0.3734329154441184
44 30 41 0.0 0.0 12.0 0.0 519.0 3.0 2.0 0.5537974683544302
44 30 42 0.0 0.0 2.0 0.0 80.0 2.0 0.0 0.6730769230769229
44 30 43 0.0 0.0 0.0 0.0 40.0 0.0 0.0 0.6866110838646394
44 30 44 0.0 0.0 0.0 0.0 6.0 0.0 0.0 0.6979062811565303
44 31 31 0.0 0.0 0.0 0.0 1.0 0.0 0.0 0.6996501749125437
44 31 32 0.0 0.0 9.0 0.0 137.0 4.0 0.0 0.65359477124183
44 31 33 0.0 0.0 4.0 0.0 181.0 2.0 0.0 0.6413192853870818
44 31 34 0.0 0.0 63.0 0.0 1639.0 13.0 25.0 0.37940379403794033
44 31 35 0.0 0.0 54.0 0.0 1161.0 7.0 3.0 0.43640897755610963
44 31 36 0.0 0.0 213.0 0.0 4702.0 21.0 216.0 0.20301624129930393
44 31 37 0.0 0.0 215.0 0.0 5012.0 15.0 272.0 0.1941209095951192
44 31 38 0.0 0.0 99.0 0.0 1819.0 9.0 10.0 0.35814786390381165
44 31 39 0.0 0.0 63.0 0.0 1596.0 15.0 13.0 0.38419319429198673
44 31 40 0.0 0.0 421.0 0.0 9010.0 16.0 1822.0 0.12259194395796845
44 31 41 0.0 0.0 197.0 0.0 4398.0 21.0 185.0 0.21286300745020525
44 31 42 0.0 0.0 216.0 0.0 4501.0 17.0 170.0 0.2088928678006565
44 31 43 0.0 0.0 194.0 0.0 4990.0 19.0 299.0 0.19531249999999994
44 31 44 0.0 0.0 17.0 0.0 426.0 4.0 0.0 0.5740057400574005
44 31 45 0.0 0.0 36.0 0.0 571.0 10.0 0.0 0.5390835579514823
44 31 46 0.0 0.0 0.0 0.0 10.0 0.0 0.0 0.6965174129353233
44 32 31 0.0 0.0 0.0 0.0 12.0 0.0 0.0 0.6958250497017892
44 32 32 0.0 0.0 4.0 0.0 130.0 1.0 0.0 0.6563525550867322
44 32 33 0.0 0.0 4.0 0.0 171.0 0.0 0.0 0.6439742410303587
44 32 34 0.0 0.0 253.0 0.0 5864.0 20.0 407.0 0.17286084701815035
44 32 35 0.0 0.0 391.0 0.0 8154.0 21.0 1054.0 0.13295346628679958
44 32 36 0.0 0.0 797.0 0.0 12093.0 19.0 6302.0 0.09401020682245499
44 32 37 0.0 0.0 552.0 0.0 10164.0 32.0 2474.0 0.11029701410226107
44 32 38 0.0 0.0 472.0 0.0 9688.0 24.0 2140.0 0.11530225662987975
44 32 39 0.0 0.0 788.0 0.0 12051.0 29.0 5143.0 0.09437141894169193
44 32 40 0.0 0.0 633.0 0.0 10988.0 25.0 3024.0 0.10285042609462239
44 32 41 0.0 0.0 636.0 0.0 11049.0 29.0 3303.0 0.10236911377595788
44 32 42 0.0 0.0 659.0 0.0 11295.0 26.0 4193.0 0.1004016064257028
44 32 43 0.0 0.0 617.0 0.0 10974.0 24.0 3506.0 0.10310796877301515
44 32 44 0.0 0.0 207.0 0.0 5308.0 21.0 353.0 0.18679119412941958
44 32 45 0.0 0.0 159.0 0.0 3237.0 19.0 69.0 0.2602230483271375
44 32 46 0.0 0.0 0.0 0.0 69.0 1.0 0.0 0.6769825918762088
44 32 47 0.0 0.0 1.0 0.0 30.0 0.0 0.0 0.6893156080748399
44 33 31 0.0 0.0 9.0 0.0 92.0 3.0 0.0 0.6673021925643469
44 33 32 0.0 0.0 340.0 0.0 7135.0 27.0 682.0 0.1481481481481481
44 33 33 0.0 0.0 185.0 0.0 4275.0 15.0 161.0 0.21718895439031954
44 33 34 0.0 0.0 364.0 0.0 7864.0 16.0 1132.0 0.136986301369863
44 33 35 0.0 0.0 658.0 0.0 11523.0 39.0 4256.0 0.09890498057223596
44 33 36 0.0 0.0 1269.0 0.0 13401.0 33.0 16095.0 0.08394795226959284
44 33 37 0.0 0.0 1250.0 0.0 13715.0 26.0 12496.0 0.0824742268041237
44 33 38 0.0 0.0 826.0 0.0 12523.0 37.0 6488.0 0.09126466753585397
44 33 39 0.0 0.0 1384.0 0.0 13817.0 35.0 15187.0 0.0813953488372093
44 33 40 0.0 0.0 1361.0 0.0 13720.0 33.0 15730.0 0.08196241437854926
44 33 41 0.0 0.0 1443.0 0.0 13321.0 37.0 18887.0 0.0835421888053467
44 33 42 0.0 0.0 682.0 0.0 11608.0 20.0 4428.0 0.0980186235384723
44 33 43 0.0 0.0 1070.0 0.0 13009.0 35.0 11476.0 0.08711885500933415
44 33 44 0.0 0.0 438.0 0.0 9160.0 32.0 1727.0 0.12096077414895454
44 33 45 0.0 0.0 364.0 0.0 8120.0 16.0 1202.0 0.13372814977552774
44 33 46 0.0 0.0 95.0 0.0 2099.0 12.0 23.0 0.3349282296650717
44 33 47 0.0 0.0 30.0 0.0 422.0 6.0 0.0 0.5723630417007358
44 33 48 0.0 0.0 0.0 0.0 14.0 0.0 0.0 0.6951340615690167
44 34 30 0.0 0.0 2.0 0.0 6.0 1.0 0.0 0.6975585450921773
44 34 31 0.0 0.0 13.0 0.0 349.0 1.0 0.0 0.5929690808979245
44 34 32 0.0 0.0 141.0 0.0 3048.0 21.0 71.0 0.2708978328173374
44 34 33 0.0 0.0 374.0 0.0 7875.0 19.0 948.0 0.13677217663149666
44 34 34 0.0 0.0 874.0 0.0 12698.0 35.0 6602.0 0.08998585936495693
44 34 35 0.0 0.0 1517.0 0.0 13754.0 44.0 18149.0 0.0811076994380395
44 34 36 0.0 0.0 2037.0 0.0 12275.0 45.0 33631.0 0.0857685474483857
44 34 37 0.0 0.0 2325.0 0.0 12495.0 49.0 36687.0 0.0831353919239905
44 34 38 0.0 0.0 2413.0 0.0 12651.0 59.0 38577.0 0.08216444627032102
44 34 39 0.0 0.0 2141.0 0.0 13450.0 51.0 29190.0 0.07960425314152499
44 34 40 0.0 0.0 2287.0 0.0 13711.0 49.0 30854.0 0.07776481697494861
44 34 41 0.0 0.0 1708.0 0.0 14191.0 41.0 20215.0 0.07825163490022916
44 34 42 0.0 0.0 1714.0 0.0 12995.0 43.0 25173.0 0.08387251377905583
44 34 43 0.0 0.0 1462.0 0.0 13334.0 34.0 18816.0 0.08332341387930008
44 34 44 0.0 0.0 1019.0 0.0 13507.0 24.0 9431.0 0.08473037583973853
44 34 45 0.0 0.0 592.0 0.0 10807.0 21.0 3590.0 0.10454783063251437
44 34 46 0.0 0.0 489.0 0.0 9697.0 30.0 2098.0 0.11503697617091206
44 34 47 0.0 0.0 86.0 0.0 1923.0 14.0 12.0 0.3505257886830245
44 34 48 0.0 0.0 27.0 0.0 1030.0 7.0 10.0 0.4588659455916092
44 34 49 0.0 0.0 70.0 0.0 1741.0 11.0 14.0 0.3684210526315789
44 34 50 0.0 0.0 0.0 0.0 1.0 0.0 0.0 0.6996501749125437
44 35 30 0.0 0.0 0.0 0.0 22.0 0.0 0.0 0.6923837784371908
44 35 31 0.0 0.0 27.0 0.0 703.0 5.0 1.0 0.513950073421439
44 35 32 0.0 0.0 533.0 0.0 9899.0 23.0 2316.0 0.112748651042925
44 35 33 0.0 0.0 506.0 0.0 10387.0 26.0 3312.0 0.10873786407766989
44 35 34 0.0 0.0 1129.0 0.0 13647.0 46.0 10432.0 0.0835421888053467
44 35 35 0.0 0.0 1522.0 0.0 13974.0 34.0 16852.0 0.08000914390216024
44 35 36 0.0 0.0 2516.0 0.0 13020.0 48.0 35905.0 0.07981755986316989
44 35 37 0.0 0.0 3166.0 0.0 9978.0 79.0 64863.0 0.09253139458030402
44 35 38 0.0 0.0 3974.0 0.0 11750.0 74.0 59601.0 0.07905138339920947
44 35 39 0.0 0.0 3826.0 0.0 10743.0 68.0 66858.0 0.08441362677117877
44 35 40 0.0 0.0 3813.0 0.0 11130.0 84.0 62722.0 0.08273742686602446
44 35 41 0.0 0.0 3247.0 0.0 11659.0 68.0 53885.0 0.08283533518726702
44 35 42 0.0 0.0 2774.0 0.0 12263.0 65.0 43954.0 0.08235294117647059
44 35 43 0.0 0.0 2184.0 0.0 13468.0 58.0 29345.0 0.0792931581332125
44 35 44 0.0 0.0 1887.0 0.0 13372.0 46.0 26787.0 0.08109360518999073
44 35 45 0.0 0.0 1363.0 0.0 13093.0 35.0 17823.0 0.08505467800729039
44 35 46 0.0 0.0 916.0 0.0 12903.0 34.0 7303.0 0.08859638020503732
44 35 47 0.0 0.0 743.0 0.0 11894.0 25.0 4808.0 0.09568069983597594
44 35 48 0.0 0.0 302.0 0.0 6750.0 16.0 638.0 0.1548843898661356
44 35 49 0.0 0.0 0.0 0.0 110.0 1.0 0.0 0.6641366223908918
44 36 29 0.0 0.0 0.0 0.0 1.0 0.0 0.0 0.6996501749125437
44 36 30 0.0 0.0 7.0 0.0 214.0 1.0 0.0 0.6306306306306305
44 36 31 0.0 0.0 58.0 0.0 1784.0 5.0 23.0 0.3648683867604899
44 36 32 0.0 0.0 428.0 0.0 8786.0 17.0 1523.0 0.12494422132976347
44 36 33 0.0 0.0 550.0 0.0 10363.0 28.0 2796.0 0.10853554539111558
44 36 34 0.0 0.0 1407.0 0.0 13652.0 44.0 16384.0 0.08211625315267757
44 36 35 0.0 0.0 2747.0 0.0 11553.0 51.0 48840.0 0.08577380223011885
44 36 36 0.0 0.0 3241.0 0.0 12371.0 61.0 49305.0 0.07946869501050122
44 36 37 0.0 0.0 4096.0 0.0 12959.0 74.0 51984.0 0.07344840249724567
44 36 38 0.0 0.0 4676.0 0.0 7284.0 82.0 104649.0 0.10050251256281406
44 36 39 0.0 0.0 4716.0 0.0 6788.0 86.0 110244.0 0.10367298578199051
44 36 40 0.0 0.0 4745.0 0.0 7625.0 62.0 101390.0 0.0973777561382764
44 36 41 0.0 0.0 4891.0 0.0 10870.0 89.0 73330.0 0.078868796124162
44 36 42 0.0 0.0 4172.0 1.0 10968.0 75.0 66798.0 0.08169934640522875
44 36 43 0.0 0.0 3387.0 0.0 12312.0 63.0 50077.0 0.07908264136022142
44 36 44 0.0 0.0 2968.0 0.0 11867.0 56.0 48499.0 0.08307126327656796
44 36 45 0.0 0.0 2035.0 0.0 12942.0 53.0 30191.0 0.08242566970856637
44 36 46 0.0 0.0 955.0 0.0 13136.0 34.0 7732.0 0.08705926248367638
44 36 47 0.0 0.0 867.0 0.0 12645.0 34.0 8513.0 0.09033423667570008
44 36 48 0.0 0.0 565.0 0.0 10436.0 24.0 2941.0 0.10776691555692403
44 36 49 0.0 0.0 69.0 0.0 1599.0 17.0 10.0 0.3834565872363736
44 36 50 0.0 0.0 0.0 0.0 17.0 0.0 0.0 0.694100148735746
44 37 29 0.0 0.0 0.0 0.0 7.0 0.0 0.0 0.6975585450921773
44 37 30 0.0 0.0 37.0 0.0 865.0 7.0 3.0 0.4835924006908462
44 37 31 0.0 0.0 65.0 0.0 1875.0 10.0 15.0 0.3562340966921119
44 37 32 0.0 0.0 460.0 0.0 9171.0 20.0 1671.0 0.12048192771084335
44 37 33 0.0 0.0 1021.0 0.0 13272.0 24.0 10711.0 0.08584217303329449
44 37 34 0.0 0.0 1800.0 0.0 13764.0 47.0 22184.0 0.07974481658692184
44 37 35 0.0 0.0 3145.0 0.0 11509.0 65.0 53213.0 0.08403361344537814
44 37 36 0.0 0.0 4083.0 0.0 9066.0 73.0 82828.0 0.09242754340793556
44 37 37 0.0 0.0 5325.0 0.0 9437.0 73.0 88474.0 0.08347743128018603
44 37 38 0.0 0.0 5480.0 0.0 6880.0 67.0 113973.0 0.09739807986642549
44 37 39 0.0 0.0 6328.0 0.0 7591.0 73.0 110343.0 0.08790104853393607
44 37 40 0.0 0.0 6434.0 0.0 7700.0 67.0 110288.0 0.08669267446900736
44 37 41 0.0 0.0 5906.0 0.0 7386.0 85.0 111571.0 0.09161704076958313
44 37 42 0.0 0.0 5637.0 0.0 8908.0 80.0 94393.0 0.08456659619450316
44 37 43 0.0 0.0 4500.0 0.0 7833.0 57.0 99214.0 0.0974794596852806
44 37 44 0.0 0.0 3835.0 0.0 11630.0 64.0 59787.0 0.08010528122675516
44 37 45 0.0 0.0 2744.0 0.0 13098.0 65.0 39172.0 0.07844895214613919
44 37 46 0.0 0.0 1899.0 0.0 13325.0 52.0 26778.0 0.08131025670809618
44 37 47 0.0 0.0 1162.0 0.0 12988.0 33.0 14229.0 0.08670878236095626
44 37 48 0.0 0.0 584.0 0.0 10474.0 26.0 3100.0 0.10729613733905578
44 37 49 0.0 0.0 337.0 0.0 6829.0 23.0 655.0 0.1530221882172915
44 37 50 0.0 0.0 10.0 0.0 224.0 1.0 0.0 0.6269592476489028
44 37 51 0.0 0.0 0.0 0.0 2.0 0.0 0.0 0.6993006993006992
44 38 29 0.0 0.0 4.0 0.0 41.0 1.0 0.0 0.684931506849315
44 38 30 0.0 0.0 252.0 0.0 5463.0 21.0 313.0 0.18191268191268187
44 38 31 0.0 0.0 75.0 0.0 1883.0 8.0 19.0 0.354520131678906
44 38 32 0.0 0.0 428.0 0.0 8228.0 21.0 1068.0 0.1315665820881496
44 38 33 0.0 0.0 1084.0 0.0 13351.0 27.0 9257.0 0.0852255433128386
44 38 34 0.0 0.0 2031.0 0.0 13501.0 46.0 26791.0 0.079844872818524
44 38 35 0.0 0.0 3427.0 0.0 9653.0 73.0 71997.0 0.09282588516111921
44 38 36 0.0 0.0 4946.0 0.0 10155.0 70.0 78499.0 0.08181393174380551
44 38 37 0.0 0.0 6034.0 0.0 8236.0 84.0 103499.0 0.08612204724409449
44 38 38 0.0 0.0 6849.0 0.0 7665.0 79.0 110529.0 0.08484848484848484
44 38 39 0.0 0.0 6971.0 0.0 6322.0 72.0 126127.0 0.09152121330979929
44 38 40 0.0 1.0 5126.0 0.0 4460.0 51.0 141497.0 0.12071046732195204
44 38 41 0.0 1.0 7014.0 1.0 6374.0 63.0 124243.0 0.09084420219323859
44 38 42 0.0 0.0 6185.0 1.0 6508.0 64.0 119002.0 0.09517335146159074
44 38 43 0.0 0.0 5673.0 0.0 8825.0 101.0 97012.0 0.08493084202863381
44 38 44 0.0 0.0 4550.0 0.0 9343.0 93.0 83921.0 0.0880890958283521
44 38 45 0.0 0.0 3433.0 0.0 12353.0 65.0 51565.0 0.07870474477175624
44 38 46 0.0 0.0 2067.0 0.0 13624.0 46.0 27670.0 0.07910051415334199
44 38 47 0.0 0.0 1579.0 0.0 13299.0 46.0 21561.0 0.0829973915105525
44 38 48 0.0 0.0 440.0 0.0 8754.0 23.0 1370.0 0.12531328320802004
44 38 49 0.0 0.0 576.0 0.0 10165.0 30.0 2325.0 0.11007154650522838
44 38 50 0.0 0.0 4.0 0.0 148.0 5.0 0.0 0.6520726595249184
44 38 51 0.0 0.0 0.0 0.0 1.0 0.0 0.0 0.6996501749125437
44 39 29 0.0 0.0 0.0 0.0 13.0 0.0 0.0 0.695479384003974
44 39 30 0.0 0.0 10.0 0.0 263.0 2.0 0.0 0.6170118995152049
44 39 31 0.0 0.0 222.0 0.0 4714.0 25.0 172.0 0.20263424518743664
44 39 32 0.0 0.0 382.0 0.0 7935.0 18.0 1035.0 0.13596193065941534
44 39 33 0.0 0.0 1396.0 0.0 13531.0 35.0 17335.0 0.08264950705472578
44 39 34 0.0 0.0 2349.0 0.0 12937.0 54.0 35266.0 0.0809950824414232
44 39 35 0.0 0.0 3841.0 0.0 11348.0 64.0 60602.0 0.08134332694207191
44 39 36 0.0 0.0 5085.0 0.0 8591.0 65.0 95508.0 0.08913223403578022
44 39 37 0.0 1.0 5541.0 1.0 6547.0 77.0 117904.0 0.09936124911284598
44 39 38 0.0 0.0 6873.0 0.0 6730.0 81.0 120137.0 0.08961147026819431
44 39 39 0.0 0.0 6872.0 0.0 5331.0 44.0 134532.0 0.09836295931989038
44 39 40 0.0 0.0 6919.0 0.0 5399.0 68.0 135413.0 0.09784051995247744
44 39 41 0.0 0.0 7242.0 1.0 5965.0 58.0 129427.0 0.09202655623479918
44 39 42 0.0 0.0 6004.0 0.0 5535.0 78.0 130371.0 0.10345082391191901
44 39 43 0.0 0.0 6383.0 0.0 7983.0 71.0 106382.0 0.08557457212713934
44 39 44 0.0 0.0 4420.0 0.0 6847.0 65.0 108993.0 0.10540581237765395
44 39 45 0.0 0.0 3898.0 0.0 9468.0 87.0 76685.0 0.09127656800104315
44 39 46 0.0 0.0 2581.0 0.0 12142.0 58.0 43408.0 0.08370202080593088
44 39 47 0.0 0.0 1190.0 0.0 13676.0 35.0 10438.0 0.0830515512843329
44 39 48 0.0 0.0 352.0 0.0 7755.0 12.0 990.0 0.13862758688979104
44 39 49 0.0 0.0 143.0 0.0 3742.0 16.0 113.0 0.23850085178875638
44 39 50 0.0 0.0 1.0 0.0 45.0 0.0 0.0 0.6842619745845552
44 40 29 0.0 0.0 0.0 0.0 4.0 0.0 0.0 0.6986027944111775
44 40 30 0.0 0.0 17.0 0.0 436.0 3.0 1.0 0.5716619028174764
44 40 31 0.0 0.0 565.0 0.0 10180.0 25.0 2397.0 0.10995052226498074
44 40 32 0.0 0.0 1053.0 0.0 12977.0 33.0 12236.0 0.0873689465801298
44 40 33 0.0 0.0 972.0 0.0 13132.0 24.0 8474.0 0.0869403216791902
44 40 34 0.0 0.0 1832.0 0.0 14415.0 47.0 19825.0 0.07673335160317894
44 40 35 0.0 0.0 3525.0 0.0 11418.0 75.0 57915.0 0.08264950705472578
44 40 36 0.0 0.0 4773.0 0.0 8156.0 87.0 97446.0 0.09379606056545625
44 40 37 0.0 0.0 6001.0 0.0 7548.0 86.0 108529.0 0.09004373552868536
44 40 38 0.0 1.0 6962.0 1.0 6744.0 77.0 120165.0 0.08907552331869949
44 40 39 0.0 0.0 7090.0 0.0 5649.0 82.0 132497.0 0.0949603201519365
44 40 40 0.0 1.0 6251.0 1.0 4659.0 68.0 141762.0 0.10853554539111558
44 40 41 0.0 0.0 7555.0 0.0 6554.0 74.0 124482.0 0.08688636504685657
44 40 42 0.0 1.0 6813.0 0.0 6397.0 77.0 124755.0 0.09208708807472209
44 40 43 0.0 0.0 6047.0 0.0 7388.0 55.0 112660.0 0.09059729502361999
44 40 44 0.0 0.0 5183.0 0.0 9881.0 78.0 82634.0 0.08197681227309989
44 40 45 0.0 0.0 3822.0 0.0 11179.0 70.0 63401.0 0.08234809717075466
44 40 46 0.0 0.0 2178.0 0.0 13083.0 47.0 31496.0 0.0810983027283786
44 40 47 0.0 0.0 1012.0 0.0 13297.0 31.0 9448.0 0.0858948401742438
44 40 48 0.0 0.0 529.0 0.0 9819.0 23.0 1969.0 0.11349817592217266
44 40 49 0.0 0.0 50.0 0.0 1044.0 10.0 6.0 0.4541031462860849
44 40 50 0.0 0.0 0.0 0.0 22.0 0.0 0.0 0.6923837784371908
44 41 29 0.0 0.0 0.0 0.0 5.0 0.0 0.0 0.6982543640897755
44 41 30 0.0 0.0 89.0 0.0 1882.0 15.0 25.0 0.35380338640384124
44 41 31 0.0 0.0 244.0 0.0 5250.0 19.0 310.0 0.1872158331104573
44 41 32 0.0 0.0 602.0 0.0 10869.0 30.0 2986.0 0.10404280618311533
44 41 33 0.0 0.0 1283.0 0.0 13523.0 42.0 15121.0 0.08334325514942255
44 41 34 0.0 0.0 1921.0 0.0 13834.0 43.0 23457.0 0.07881995270802837
44 41 35 0.0 0.0 3200.0 0.0 12300.0 73.0 48966.0 0.08005489478499542
44 41 36 0.0 0.0 4607.0 0.0 9467.0 58.0 82772.0 0.08704843623702044
44 41 37 0.0 0.0 5493.0 0.0 7953.0 81.0 103090.0 0.09060902206976894
44 41 38 0.0 1.0 6604.0 0.0 6944.0 75.0 118047.0 0.09009009009009007
44 41 39 0.0 0.0 6659.0 1.0 5342.0 80.0 134112.0 0.10004287551807917
44 41 40 0.0 0.0 7357.0 0.0 6401.0 82.0 125522.0 0.08882121558177895
44 41 41 0.0 1.0 6968.0 0.0 6327.0 72.0 124739.0 0.09156910196873569
44 41 42 0.0 1.0 5813.0 1.0 5854.0 56.0 126559.0 0.10242153778623161
44 41 43 0.0 0.0 5424.0 1.0 6881.0 75.0 113428.0 0.09782001117942983
44 41 44 0.0 0.0 4624.0 0.0 9115.0 64.0 87338.0 0.08886067914947635
44 41 45 0.0 0.0 2971.0 0.0 12770.0 46.0 44341.0 0.07885546919004167
44 41 46 0.0 0.0 1696.0 0.0 13447.0 46.0 23264.0 0.08168028004667444
44 41 47 0.0 0.0 1231.0 0.0 13354.0 46.0 14528.0 0.08445436448090728
44 41 48 0.0 0.0 370.0 0.0 7520.0 20.0 849.0 0.14167172637117992
44 41 49 0.0 0.0 228.0 0.0 4738.0 18.0 217.0 0.20143884892086328
44 41 50 0.0 0.0 0.0 0.0 30.0 1.0 0.0 0.690335305719921
44 42 30 0.0 0.0 0.0 0.0 22.0 0.0 0.0 0.6923837784371908
44 42 31 0.0 0.0 259.0 0.0 6087.0 17.0 495.0 0.1678858376304113
44 42 32 0.0 0.0 490.0 0.0 9759.0 23.0 2276.0 0.11439777741461021
44 42 33 0.0 0.0 1751.0 0.0 12906.0 32.0 26708.0 0.08393788596438635
44 42 34 0.0 0.0 2000.0 0.0 13757.0 45.0 25666.0 0.07879777114875892
44 42 35 0.0 0.0 2839.0 0.0 11402.0 63.0 49662.0 0.08623344625808438
44 42 36 0.0 0.0 3857.0 0.0 10385.0 70.0 68970.0 0.08621751447222563
44 42 37 0.0 0.0 5068.0 0.0 10634.0 76.0 75454.0 0.07910498361396767
44 42 38 0.0 0.0 6020.0 0.0 7377.0 87.0 110471.0 0.09097998440343123
44 42 39 0.0 0.0 5295.0 0.0 5184.0 63.0 132642.0 0.11213456147376852
44 42 40 0.0 0.0 7178.0 0.0 7905.0 71.0 109326.0 0.0818330605564648
44 42 41 0.0 0.0 6435.0 0.0 7070.0 68.0 115297.0 0.09029927760577915
44 42 42 0.0 0.0 6256.0 0.0 8176.0 83.0 104463.0 0.08518924181574783
44 42 43 0.0 0.0 5286.0 0.0 8856.0 77.0 92766.0 0.08663902469212202
44 42 44 0.0 0.0 3961.0 0.0 11231.0 73.0 63736.0 0.08144743731456162
44 42 45 0.0 0.0 2603.0 1.0 13062.0 55.0 37306.0 0.07921688451309906
44 42 46 0.0 0.0 2094.0 0.0 12255.0 37.0 34000.0 0.0855222968845449
44 42 47 0.0 0.0 710.0 0.0 11533.0 25.0 3095.0 0.0983767830791933
44 42 48 0.0 0.0 407.0 0.0 8456.0 21.0 1276.0 0.12899659080438586
44 42 49 0.0 0.0 90.0 0.0 1888.0 15.0 20.0 0.35326772646984606
44 42 50 0.0 0.0 0.0 0.0 22.0 0.0 0.0 0.6923837784371908
44 43 30 0.0 0.0 1.0 0.0 15.0 1.0 0.0 0.694789081885856
44 43 31 0.0 0.0 29.0 0.0 1127.0 5.0 6.0 0.4444444444444444
44 43 32 0.0 0.0 500.0 0.0 9773.0 23.0 2072.0 0.11419249592169657
44 43 33 0.0 0.0 1590.0 0.0 12755.0 41.0 24307.0 0.08563738683631024
44 43 34 0.0 0.0 1622.0 0.0 13501.0 44.0 22248.0 0.08180915093788348
44 43 35 0.0 0.0 1841.0 0.0 13853.0 53.0 23667.0 0.0791586565645143
44 43 36 0.0 0.0 3085.0 0.0 11483.0 52.0 52645.0 0.08441362677117877
44 43 37 0.0 0.0 4255.0 0.0 10537.0 80.0 71649.0 0.08339786739739083
44 43 38 0.0 0.0 5332.0 0.0 10029.0 79.0 82179.0 0.08062658373646625
44 43 39 0.0 0.0 5417.0 0.0 7553.0 66.0 106187.0 0.09349539201282221
44 43 40 0.0 0.0 5895.0 0.0 8469.0 87.0 98748.0 0.08571078731480347
44 43 41 0.0 0.0 5690.0 0.0 9597.0 90.0 87737.0 0.08100445524503846
44 43 42 0.0 0.0 5099.0 0.0 9803.0 75.0 82701.0 0.08273742686602446
44 43 43 0.0 0.0 4199.0 0.0 9290.0 90.0 81179.0 0.09046265184802273
44 43 44 0.0 0.0 3496.0 0.0 10619.0 86.0 63520.0 0.08692952499223842
44 43 45 0.0 0.0 2139.0 0.0 13237.0 59.0 32200.0 0.08059873344847437
44 43 46 0.0 0.0 1162.0 0.0 13500.0 29.0 11949.0 0.08403361344537814
44 43 47 0.0 0.0 805.0 0.0 12257.0 42.0 5211.0 0.09305417082087071
44 43 48 0.0 0.0 264.0 0.0 5996.0 22.0 425.0 0.16982047549733137
44 43 49 0.0 0.0 29.0 0.0 1148.0 4.0 13.0 0.44136191677175274
44 43 50 0.0 0.0 0.0 0.0 5.0 0.0 0.0 0.6982543640897755
44 44 30 0.0 0.0 1.0 0.0 29.0 0.0 0.0 0.689655172413793
44 44 31 0.0 0.0 207.0 0.0 4614.0 20.0 197.0 0.2058218171126139
44 44 32 0.0 0.0 389.0 0.0 7950.0 25.0 908.0 0.13565891472868216
44 44 33 0.0 0.0 852.0 0.0 12650.0 29.0 6969.0 0.09041007426541814
44 44 34 0.0 0.0 1246.0 0.0 13590.0 34.0 11829.0 0.08315020490586209
44 44 35 0.0 0.0 1570.0 0.0 14204.0 63.0 17496.0 0.07886435331230282
44 44 36 0.0 0.0 2115.0 0.0 13437.0 51.0 29924.0 0.07980845969672784
44 44 37 0.0 0.0 3459.0 0.0 9904.0 68.0 69316.0 0.09113396693138913
44 44 38 0.0 0.0 4035.0 0.0 9187.0 79.0 80983.0 0.09206892016309351
44 44 39 0.0 0.0 4431.0 0.0 10430.0 79.0 73132.0 0.0830564784053156
44 44 40 0.0 0.0 4640.0 0.0 10821.0 99.0 72142.0 0.08027983255920637
44 44 41 0.0 0.0 4497.0 0.0 9773.0 72.0 78356.0 0.0860162202015237
44 44 42 0.0 0.0 3934.0 0.0 9997.0 88.0 72891.0 0.08787346221441124
44 44 43 0.0 0.0 3534.0 0.0 10784.0 64.0 62814.0 0.08578957043936514
44 44 44 0.0 0.0 2770.0 0.0 11704.0 63.0 47651.0 0.08507535245503159
44 44 45 0.0 0.0 1688.0 0.0 13753.0 44.0 21247.0 0.08028904054596546
44 44 46 0.0 0.0 881.0 0.0 12699.0 31.0 6412.0 0.0899338343932678
44 44 47 0.0 0.0 723.0 0.0 11639.0 27.0 5557.0 0.09752020061298411
44 44 48 0.0 0.0 70.0 0.0 2022.0 10.0 32.0 0.3430531732418524
44 44 49 0.0 0.0 5.0 0.0 163.0 1.0 0.0 0.646054453161052
44 44 50 0.0 0.0 0.0 0.0 2.0 0.0 0.0 0.6993006993006992
44 45 30 0.0 0.0 1.0 0.0 1.0 0.0 0.0 0.6993006993006992
44 45 31 0.0 0.0 60.0 0.0 1347.0 11.0 10.0 0.41224970553592455
44 45 32 0.0 0.0 281.0 0.0 5800.0 17.0 368.0 0.17354654766331967
44 45 33 0.0 0.0 431.0 0.0 8925.0 24.0 1584.0 0.12347856764861524
44 45 34 0.0 0.0 1088.0 0.0 12884.0 24.0 13632.0 0.0876533934385174
44 45 35 0.0 0.0 1008.0 0.0 13450.0 35.0 8056.0 0.08511673151750972
44 45 36 0.0 0.0 1478.0 0.0 14216.0 37.0 15628.0 0.07916760913820402
44 45 37 0.0 0.0 2045.0 0.0 13776.0 55.0 26903.0 0.07859869750729843
44 45 38 0.0 0.0 2899.0 0.0 12505.0 65.0 44201.0 0.08046439450543134
44 45 39 0.0 0.0 3441.0 0.0 10930.0 53.0 60447.0 0.08547530374259721
44 45 40 0.0 0.0 3039.0 0.0 13145.0 61.0 40622.0 0.07702464788732394
44 45 41 0.0 0.0 2828.0 0.0 12368.0 63.0 43775.0 0.0814048145133155
44 45 42 0.0 0.0 2677.0 0.0 12951.0 64.0 38500.0 0.07938308006350646
44 45 43 0.0 0.0 2129.0 0.0 13566.0 52.0 29699.0 0.07914970601537766
44 45 44 0.0 0.0 1684.0 0.0 13442.0 43.0 22203.0 0.08173750583839326
44 45 45 0.0 0.0 1503.0 0.0 13162.0 41.0 21206.0 0.08400336013440536
44 45 46 0.0 0.0 1070.0 0.0 13364.0 32.0 9658.0 0.0852307317667113
44 45 47 0.0 0.0 548.0 0.0 10068.0 37.0 2183.0 0.11122586795900531
44 45 48 0.0 0.0 34.0 0.0 918.0 9.0 6.0 0.47619047619047605
44 45 49 0.0 0.0 1.0 0.0 32.0 0.0 0.0 0.6886374815543531
44 46 30 0.0 0.0 0.0 0.0 2.0 0.0 0.0 0.6993006993006992
44 46 31 0.0 0.0 0.0 0.0 18.0 0.0 0.0 0.6937561942517343
44 46 32 0.0 0.0 217.0 0.0 5088.0 22.0 273.0 0.19220208676551345
44 46 33 0.0 0.0 309.0 0.0 6395.0 19.0 516.0 0.16117890858853326
44 46 34 0.0 0.0 955.0 0.0 12716.0 31.0 8320.0 0.08941116362242942
44 46 35 0.0 0.0 1327.0 0.0 12943.0 25.0 19226.0 0.08599508599508598
44 46 36 0.0 0.0 1001.0 0.0 13200.0 26.0 9512.0 0.08641975308641973
44 46 37 0.0 0.0 1396.0 0.0 13853.0 47.0 15273.0 0.08119707690523141
44 46 38 0.0 0.0 1888.0 0.0 12976.0 44.0 28136.0 0.08298263292039594
44 46 39 0.0 0.0 2023.0 0.0 12830.0 55.0 31282.0 0.08315020490586209
44 46 40 0.0 0.0 1607.0 0.0 14001.0 43.0 18310.0 0.07947320617620345
44 46 41 0.0 0.0 1590.0 0.0 13673.0 47.0 19812.0 0.08112649939155124
44 46 42 0.0 0.0 1509.0 0.0 13477.0 49.0 19922.0 0.08248394508925941
44 46 43 0.0 0.0 1427.0 0.0 13523.0 49.0 18051.0 0.08262999468807176
44 46 44 0.0 0.0 1300.0 0.0 13699.0 29.0 14981.0 0.08230936562996059
44 46 45 0.0 0.0 920.0 0.0 12895.0 42.0 7757.0 0.08859638020503732
44 46 46 0.0 0.0 824.0 0.0 12427.0 34.0 5868.0 0.09183338799606428
44 46 47 0.0 0.0 451.0 0.0 9297.0 24.0 1908.0 0.11930123561994034
44 46 48 0.0 0.0 9.0 0.0 408.0 3.0 1.0 0.5801906340654785
44 46 49 0.0 0.0 0.0 0.0 14.0 0.0 0.0 0.6951340615690167
44 47 31 0.0 0.0 3.0 0.0 71.0 1.0 0.0 0.6753497346840327
44 47 32 0.0 0.0 28.0 0.0 598.0 8.0 1.0 0.53475935828877
44 47 33 0.0 0.0 462.0 0.0 8563.0 27.0 1304.0 0.12726115807653848
44 47 34 0.0 0.0 236.0 0.0 5530.0 14.0 362.0 0.18062185524448454
44 47 35 0.0 0.0 481.0 0.0 9141.0 21.0 1553.0 0.12067925178863888
44 47 36 0.0 0.0 373.0 0.0 8183.0 21.0 1093.0 0.13277693474962063
44 47 37 0.0 0.0 790.0 0.0 12217.0 35.0 5951.0 0.09337068160597571
44 47 38 0.0 0.0 920.0 0.0 12920.0 31.0 9268.0 0.08840058091810316
44 47 39 0.0 0.0 805.0 0.0 12272.0 23.0 6922.0 0.09283819628647214
44 47 40 0.0 0.0 1041.0 0.0 13232.0 39.0 10582.0 0.08605851979345955
44 47 41 0.0 0.0 656.0 0.0 11395.0 25.0 3718.0 0.09967250462765198
44 47 42 0.0 0.0 772.0 0.0 11950.0 35.0 4824.0 0.09520571234274056
44 47 43 0.0 0.0 601.0 0.0 10608.0 30.0 2813.0 0.10616516266019564
44 47 44 0.0 0.0 583.0 0.0 10306.0 33.0 2502.0 0.10886469673405909
44 47 45 0.0 0.0 511.0 0.0 9644.0 20.0 2175.0 0.1152547954227381
44 47 46 0.0 0.0 439.0 0.0 8877.0 18.0 1624.0 0.12382805589952237
44 47 47 0.0 0.0 228.0 0.0 5147.0 16.0 327.0 0.19019155006113297
44 47 48 0.0 0.0 54.0 0.0 1751.0 11.0 25.0 0.3691009754811494
44 47 49 0.0 0.0 0.0 0.0 5.0 0.0 0.0 0.6982543640897755
44 48 32 0.0 0.0 0.0 0.0 10.0 0.0 0.0 0.6965174129353233
44 48 33 0.0 0.0 4.0 0.0 65.0 2.0 0.0 0.6773101112723753
44 48 34 0.0 0.0 29.0 0.0 735.0 6.0 1.0 0.5076142131979694
44 48 35 0.0 0.0 146.0 0.0 3274.0 22.0 68.0 0.25935531678399404
44 48 36 0.0 0.0 186.0 0.0 3640.0 19.0 103.0 0.24104683195592286
44 48 37 0.0 0.0 268.0 0.0 5920.0 30.0 455.0 0.17156862745098037
44 48 38 0.0 0.0 285.0 0.0 6741.0 16.0 710.0 0.1552967276760954
44 48 39 0.0 0.0 427.0 0.0 8855.0 31.0 1617.0 0.12435601350151002
44 48 40 0.0 0.0 189.0 0.0 3663.0 14.0 89.0 0.23976708340469252
44 48 41 0.0 0.0 296.0 0.0 6273.0 21.0 425.0 0.16368525663509878
44 48 42 0.0 0.0 359.0 0.0 7150.0 21.0 608.0 0.1473839351510685
44 48 43 0.0 0.0 465.0 0.0 8594.0 35.0 1256.0 0.12694958287994196
44 48 44 0.0 0.0 169.0 0.0 3773.0 17.0 108.0 0.23620718744727515
44 48 45 0.0 0.0 112.0 0.0 2538.0 12.0 40.0 0.3018542475204829
44 48 46 0.0 0.0 110.0 0.0 2417.0 13.0 29.0 0.310146211785556
44 48 47 0.0 0.0 13.0 0.0 401.0 6.0 1.0 0.5813953488372092
44 48 48 0.0 0.0 0.0 0.0 20.0 0.0 0.0 0.6930693069306929
44 49 34 0.0 0.0 1.0 0.0 21.0 1.0 0.0 0.6927263730826323
44 49 35 0.0 0.0 11.0 0.0 180.0 2.0 0.0 0.639561443581544
44 49 36 0.0 0.0 5.0 0.0 85.0 2.0 0.0 0.6704980842911876
44 49 37 0.0 0.0 20.0 0.0 497.0 4.0 0.0 0.5571030640668523
44 49 38 0.0 0.0 7.0 0.0 201.0 2.0 0.0 0.6354970494779845
44 49 39 0.0 0.0 27.0 0.0 666.0 5.0 2.0 0.5208333333333333
44 49 40 0.0 0.0 79.0 0.0 1568.0 17.0 12.0 0.38567493112947654
44 49 41 0.0 0.0 116.0 0.0 2535.0 18.0 37.0 0.3020496224379719
44 49 42 0.0 0.0 46.0 0.0 1057.0 14.0 3.0 0.4532211071544188
44 49 43 0.0 0.0 14.0 0.0 456.0 1.0 1.0 0.5672609400324148
44 49 44 0.0 0.0 2.0 0.0 58.0 1.0 0.0 0.6799417192812044
44 49 45 0.0 0.0 0.0 0.0 6.0 0.0 0.0 0.6979062811565303
44 49 46 0.0 0.0 0.0 0.0 3.0 0.0 0.0 0.6989515726410384
44 49 47 0.0 0.0 0.0 0.0 1.0 0.0 0.0 0.6996501749125437
44 50 38 0.0 0.0 0.0 0.0 1.0 0.0 0.0 0.6996501749125437
44 50 41 0.0 0.0 0.0 0.0 1.0 0.0 0.0 0.6996501749125437
44 50 42 0.0 0.0 0.0 0.0 4.0 0.0 0.0 0.6986027944111775
45 30 33 0.0 0.0 0.0 0.0 1.0 0.0 0.0 0.6996501749125437
45 30 35 0.0 0.0 0.0 0.0 3.0 0.0 0.0 0.6989515726410384
45 30 36 0.0 0.0 2.0 0.0 82.0 2.0 0.0 0.6724303554274734
45 30 37 0.0 0.0 0.0 0.0 15.0 0.0 0.0 0.694789081885856
45 30 38 0.0 0.0 7.0 0.0 177.0 2.0 1.0 0.6416131989000916
45 30 39 0.0 0.0 0.0 0.0 26.0 0.0 0.0 0.6910167818361302
45 30 40 0.0 0.0 4.0 0.0 81.0 0.0 0.0 0.6714628297362109
45 30 41 0.0 0.0 86.0 0.0 2015.0 7.0 19.0 0.3419638495359062
45 30 42 0.0 0.0 14.0 0.0 238.0 5.0 0.0 0.6230529595015576
45 30 43 0.0 0.0 7.0 0.0 109.0 3.0 0.0 0.6625650733554187
45 30 44 0.0 0.0 2.0 0.0 46.0 0.0 0.0 0.6839276990718123
45 31 33 0.0 0.0 0.0 0.0 9.0 0.0 0.0 0.6968641114982577
45 31 34 0.0 0.0 3.0 0.0 89.0 2.0 0.0 0.6698564593301434
45 31 35 0.0 0.0 15.0 0.0 542.0 3.0 0.0 0.5483744614179396
45 31 36 0.0 0.0 57.0 0.0 1424.0 11.0 10.0 0.40345821325648407
45 31 37 0.0 0.0 18.0 0.0 542.0 6.0 1.0 0.5481597494126859
45 31 38 0.0 0.0 208.0 0.0 4488.0 13.0 185.0 0.2093927609931199
45 31 39 0.0 0.0 40.0 0.0 1002.0 9.0 2.0 0.4617414248021107
45 31 40 0.0 0.0 95.0 0.0 2659.0 15.0 59.0 0.2953586497890295
45 31 41 0.0 0.0 129.0 0.0 2723.0 14.0 38.0 0.2893159743748708
45 31 42 0.0 0.0 166.0 0.0 3271.0 18.0 82.0 0.25820730357801547
45 31 43 0.0 0.0 61.0 0.0 1434.0 8.0 5.0 0.40126110633419315
45 31 44 0.0 0.0 5.0 0.0 138.0 1.0 0.0 0.65359477124183
45 31 45 0.0 0.0 0.0 0.0 3.0 0.0 0.0 0.6989515726410384
45 32 31 0.0 0.0 0.0 0.0 13.0 0.0 0.0 0.695479384003974
45 32 32 0.0 0.0 8.0 0.0 194.0 2.0 0.0 0.6363636363636362
45 32 33 0.0 0.0 0.0 0.0 48.0 0.0 0.0 0.6835937499999999
45 32 34 0.0 0.0 167.0 0.0 3301.0 21.0 73.0 0.25692787667461914
45 32 35 0.0 0.0 300.0 0.0 7092.0 20.0 703.0 0.14926964495148737
45 32 36 0.0 0.0 428.0 0.0 9008.0 16.0 1660.0 0.12257047802486427
45 32 37 0.0 0.0 483.0 0.0 9153.0 23.0 1621.0 0.12046119428669762
45 32 38 0.0 0.0 547.0 0.0 10160.0 15.0 2277.0 0.11022754113849302
45 32 39 0.0 0.0 448.0 0.0 8845.0 21.0 1354.0 0.12411347517730494
45 32 40 0.0 0.0 302.0 0.0 6913.0 13.0 707.0 0.15205821657434557
45 32 41 0.0 0.0 573.0 0.0 10347.0 23.0 2591.0 0.10846827303013867
45 32 42 0.0 0.0 338.0 0.0 7522.0 15.0 912.0 0.1420887039480361
45 32 43 0.0 0.0 168.0 0.0 3940.0 20.0 132.0 0.22999835715459171
45 32 44 0.0 0.0 97.0 0.0 2476.0 11.0 48.0 0.30688294607628225
45 32 45 0.0 0.0 1.0 0.0 136.0 1.0 0.0 0.6557377049180326
45 32 46 0.0 0.0 11.0 0.0 238.0 3.0 0.0 0.6233303650934995
45 32 47 0.0 0.0 0.0 0.0 7.0 0.0 0.0 0.6975585450921773
45 33 31 0.0 0.0 21.0 0.0 286.0 7.0 0.0 0.608695652173913
45 33 32 0.0 0.0 9.0 0.0 253.0 3.0 0.0 0.6197432492253209
45 33 33 0.0 0.0 81.0 0.0 2021.0 16.0 24.0 0.3426333822809593
45 33 34 0.0 0.0 285.0 0.0 6122.0 12.0 445.0 0.16664682775860012
45 33 35 0.0 0.0 863.0 0.0 12575.0 31.0 7581.0 0.09075586671852716
45 33 36 0.0 0.0 1296.0 0.0 13384.0 39.0 15460.0 0.08388759062855772
45 33 37 0.0 0.0 1257.0 0.0 13507.0 40.0 13353.0 0.08353221957040573
45 33 38 0.0 0.0 1305.0 0.0 13500.0 37.0 14598.0 0.08330358205402831
45 33 39 0.0 0.0 1158.0 0.0 13596.0 36.0 12328.0 0.08356712230645257
45 33 40 0.0 0.0 968.0 0.0 13225.0 30.0 7712.0 0.08653727283965879
45 33 41 0.0 0.0 897.0 0.0 12813.0 35.0 7462.0 0.0891606164819768
45 33 42 0.0 0.0 666.0 0.0 11169.0 43.0 3740.0 0.10144192449822474
45 33 43 0.0 0.0 409.0 0.0 8094.0 26.0 990.0 0.13353681800839373
45 33 44 0.0 0.0 426.0 0.0 8606.0 19.0 1445.0 0.12706480304955525
45 33 45 0.0 0.0 299.0 0.0 5709.0 19.0 326.0 0.17521902377972465
45 33 46 0.0 0.0 348.0 0.0 6973.0 17.0 622.0 0.15037593984962402
45 33 47 0.0 0.0 0.0 0.0 55.0 0.0 0.0 0.6812652068126519
45 33 48 0.0 0.0 8.0 0.0 72.0 1.0 0.0 0.6734006734006733
45 34 31 0.0 0.0 0.0 0.0 52.0 0.0 0.0 0.6822612085769979
45 34 32 0.0 0.0 5.0 0.0 193.0 1.0 0.0 0.6378132118451024
45 34 33 0.0 0.0 207.0 0.0 5221.0 17.0 275.0 0.1888574126534466
45 34 34 0.0 0.0 626.0 0.0 10886.0 20.0 2924.0 0.1037113860285947
45 34 35 0.0 0.0 889.0 0.0 12865.0 27.0 6937.0 0.08889453298622134
45 34 36 0.0 0.0 1468.0 0.0 13203.0 50.0 21125.0 0.08406388855530202
45 34 37 0.0 0.0 1560.0 0.0 14038.0 29.0 17221.0 0.07949125596184418
45 34 38 0.0 0.0 1602.0 0.0 14195.0 47.0 17514.0 0.07868262799977518
45 34 39 0.0 0.0 1993.0 0.0 12880.0 51.0 30560.0 0.08301707779886147
45 34 40 0.0 0.0 2230.0 0.0 11948.0 60.0 40193.0 0.08656937917388077
45 34 41 0.0 0.0 1553.0 0.0 14214.0 46.0 16300.0 0.07882882882882881
45 34 42 0.0 0.0 1480.0 0.0 13433.0 43.0 19293.0 0.08278145695364238
45 34 43 0.0 0.0 866.0 0.0 12649.0 27.0 6067.0 0.09025852620720778
45 34 44 0.0 0.0 740.0 0.0 11836.0 26.0 4784.0 0.0961076405574243
45 34 45 0.0 0.0 718.0 0.0 11590.0 26.0 3856.0 0.09793634137810422
45 34 46 0.0 0.0 281.0 0.0 6440.0 14.0 501.0 0.16069788797061524
45 34 47 0.0 0.0 276.0 0.0 5690.0 19.0 373.0 0.1761227827399673
45 34 48 0.0 0.0 0.0 0.0 114.0 0.0 0.0 0.662251655629139
45 34 49 0.0 0.0 0.0 0.0 11.0 0.0 0.0 0.6961710591745399
45 35 30 0.0 0.0 0.0 0.0 1.0 0.0 0.0 0.6996501749125437
45 35 31 0.0 0.0 3.0 0.0 88.0 2.0 0.0 0.6701771182383915
45 35 32 0.0 0.0 82.0 0.0 2189.0 9.0 35.0 0.32825322391559203
45 35 33 0.0 0.0 440.0 0.0 9075.0 14.0 1622.0 0.12163336229365768
45 35 34 0.0 0.0 1379.0 0.0 13034.0 53.0 18610.0 0.08540230586225828
45 35 35 0.0 0.0 1490.0 0.0 13107.0 45.0 19769.0 0.08437292834327728
45 35 36 0.0 0.0 1785.0 0.0 13710.0 42.0 23033.0 0.0799908581876357
45 35 37 0.0 0.0 2670.0 0.0 11268.0 53.0 48933.0 0.08780181875195985
45 35 38 0.0 0.0 3188.0 0.0 10734.0 64.0 59303.0 0.0878679470281805
45 35 39 0.0 0.0 3303.0 0.0 12016.0 61.0 51855.0 0.08079875339066196
45 35 40 0.0 0.0 3275.0 0.0 10328.0 71.0 63699.0 0.08967460927491673
45 35 41 0.0 0.0 2471.0 0.0 13081.0 59.0 36003.0 0.0797766254487435
45 35 42 0.0 0.0 2188.0 0.0 13781.0 47.0 28311.0 0.07791629563668744
45 35 43 0.0 0.0 1700.0 0.0 13868.0 37.0 21290.0 0.07964048011832299
45 35 44 0.0 0.0 1231.0 0.0 13849.0 36.0 11806.0 0.08196241437854926
45 35 45 0.0 0.0 1226.0 0.0 13340.0 46.0 14696.0 0.08457681387059747
45 35 46 0.0 0.0 570.0 0.0 10520.0 23.0 2790.0 0.1070090957731407
45 35 47 0.0 0.0 361.0 0.0 6944.0 23.0 698.0 0.15078082929456108
45 35 48 0.0 0.0 83.0 0.0 1950.0 12.0 25.0 0.3483453595421746
45 35 49 0.0 0.0 13.0 0.0 239.0 4.0 0.0 0.6227758007117437
45 36 30 0.0 0.0 0.0 0.0 1.0 0.0 0.0 0.6996501749125437
45 36 31 0.0 0.0 120.0 0.0 3097.0 12.0 72.0 0.2689721421709894
45 36 32 0.0 0.0 133.0 0.0 3259.0 17.0 68.0 0.2605620696072957
45 36 33 0.0 0.0 514.0 0.0 10167.0 30.0 2474.0 0.11060199083583504
45 36 34 0.0 0.0 1157.0 0.0 13698.0 46.0 9379.0 0.0832045643646737
45 36 35 0.0 0.0 2325.0 0.0 12053.0 49.0 39037.0 0.08541793776693105
45 36 36 0.0 0.0 2316.0 0.0 13806.0 52.0 30845.0 0.07722007722007722
45 36 37 0.0 0.0 3408.0 0.0 10423.0 74.0 62760.0 0.08843408502305602
45 36 38 0.0 0.0 3788.0 0.0 12349.0 59.0 54066.0 0.07715198941915573
45 36 39 0.0 0.0 4403.0 0.0 9084.0 81.0 84409.0 0.0904392764857881
45 36 40 0.0 0.0 4326.0 0.0 11673.0 70.0 63686.0 0.07766990291262135
45 36 41 0.0 0.0 3792.0 0.0 12119.0 59.0 55960.0 0.0780814277746793
45 36 42 0.0 0.0 3110.0 0.0 12640.0 60.0 44539.0 0.07889546351084811
45 36 43 0.0 0.0 2427.0 0.0 12971.0 57.0 35637.0 0.08049215201517851
45 36 44 0.0 0.0 2314.0 0.0 12199.0 73.0 38834.0 0.08489479109817476
45 36 45 0.0 0.0 1143.0 0.0 13499.0 22.0 11979.0 0.08407903429223469
45 36 46 0.0 0.0 1544.0 0.0 12752.0 40.0 23866.0 0.08588430157659038
45 36 47 0.0 0.0 614.0 0.0 11148.0 30.0 4198.0 0.10181818181818181
45 36 48 0.0 0.0 298.0 0.0 6867.0 19.0 669.0 0.1530054644808743
45 36 49 0.0 0.0 10.0 0.0 314.0 1.0 0.0 0.6026689625484287
45 36 50 0.0 0.0 0.0 0.0 15.0 0.0 0.0 0.694789081885856
45 37 29 0.0 0.0 0.0 0.0 2.0 0.0 0.0 0.6993006993006992
45 37 30 0.0 0.0 0.0 0.0 12.0 0.0 0.0 0.6958250497017892
45 37 31 0.0 0.0 64.0 0.0 1740.0 15.0 22.0 0.3695881731784582
45 37 32 0.0 0.0 334.0 0.0 7532.0 19.0 892.0 0.14210312626877789
45 37 33 0.0 0.0 657.0 0.0 11377.0 22.0 4007.0 0.09980751407998859
45 37 34 0.0 0.0 1734.0 0.0 12867.0 42.0 26781.0 0.08435259384226064
45 37 35 0.0 0.0 2617.0 0.0 11571.0 46.0 46779.0 0.08649450142098108
45 37 36 0.0 0.0 2996.0 0.0 11875.0 77.0 49147.0 0.08314032899815903
45 37 37 0.0 0.0 3871.0 0.0 10293.0 81.0 70883.0 0.08663366336633661
45 37 38 0.0 0.0 4602.0 0.0 11082.0 76.0 68607.0 0.07911839502684373
45 37 39 0.0 0.0 4789.0 0.0 7674.0 69.0 102513.0 0.09678534393363289
45 37 40 0.0 0.0 4859.0 0.0 7332.0 69.0 106455.0 0.09864712514092445
45 37 41 0.0 0.0 4684.0 0.0 8065.0 83.0 96914.0 0.09495387954422137
45 37 42 0.0 0.0 4310.0 0.0 10132.0 78.0 74717.0 0.08513743614692287
45 37 43 0.0 0.0 3470.0 0.0 11633.0 65.0 57336.0 0.08190487333996371
45 37 44 0.0 0.0 3006.0 0.0 11507.0 61.0 51588.0 0.08477141992128367
45 37 45 0.0 0.0 2200.0 0.0 13014.0 54.0 33097.0 0.08131970260223047
45 37 46 0.0 0.0 1272.0 0.0 13761.0 44.0 14378.0 0.08228034087569791
45 37 47 0.0 0.0 874.0 0.0 12737.0 31.0 6923.0 0.0897666068222621
45 37 48 0.0 0.0 459.0 0.0 9104.0 17.0 1571.0 0.12115967113803547
45 37 49 0.0 0.0 7.0 0.0 345.0 6.0 2.0 0.5972696245733787
45 37 50 0.0 0.0 3.0 0.0 210.0 1.0 0.0 0.6329113924050632
45 38 29 0.0 0.0 0.0 0.0 3.0 0.0 0.0 0.6989515726410384
45 38 30 0.0 0.0 3.0 0.0 16.0 1.0 0.0 0.6937561942517343
45 38 31 0.0 0.0 26.0 0.0 768.0 8.0 0.0 0.5025125628140703
45 38 32 0.0 0.0 556.0 0.0 10448.0 24.0 3108.0 0.10771716549973069
45 38 33 0.0 0.0 1072.0 0.0 13259.0 32.0 11252.0 0.08572128337007102
45 38 34 0.0 0.0 1559.0 0.0 13724.0 43.0 19526.0 0.08100445524503846
45 38 35 0.0 0.0 2533.0 0.0 12732.0 60.0 38568.0 0.08105135182076072
45 38 36 0.0 0.0 3461.0 0.0 11561.0 77.0 56698.0 0.08224167303060564
45 38 37 0.0 0.0 4339.0 0.0 9634.0 76.0 79014.0 0.08754924645112876
45 38 38 0.0 0.0 4875.0 0.0 8557.0 67.0 94167.0 0.09062075215224286
45 38 39 0.0 0.0 5862.0 0.0 10567.0 84.0 81439.0 0.0759713479487736
45 38 40 0.0 0.0 5675.0 0.0 8164.0 68.0 101791.0 0.08836710219024174
45 38 41 0.0 0.0 4701.0 0.0 6171.0 68.0 117443.0 0.10874631039304021
45 38 42 0.0 0.0 5210.0 0.0 9631.0 80.0 85174.0 0.0830367734282325
45 38 43 0.0 0.0 4141.0 0.0 10275.0 69.0 72924.0 0.0851996105160662
45 38 44 0.0 0.0 3710.0 0.0 10838.0 68.0 63462.0 0.08458703401607152
45 38 45 0.0 0.0 2766.0 0.0 11807.0 66.0 46894.0 0.08452064718666988
45 38 46 0.0 0.0 2002.0 0.0 13500.0 47.0 28129.0 0.0800228636753358
45 38 47 0.0 0.0 737.0 0.0 11930.0 29.0 4480.0 0.09549795361527967
45 38 48 0.0 0.0 702.0 0.0 11518.0 36.0 4002.0 0.09858460671783677
45 38 49 0.0 0.0 23.0 0.0 677.0 5.0 3.0 0.5194805194805194
45 38 50 0.0 0.0 1.0 0.0 53.0 1.0 0.0 0.6819288845591815
45 39 29 0.0 0.0 0.0 0.0 3.0 0.0 0.0 0.6989515726410384
45 39 30 0.0 0.0 0.0 0.0 39.0 0.0 0.0 0.6866110838646394
45 39 31 0.0 0.0 77.0 0.0 2363.0 11.0 49.0 0.316312697695436
45 39 32 0.0 0.0 477.0 0.0 9711.0 25.0 2076.0 0.11498028909329829
45 39 33 0.0 0.0 655.0 0.0 11304.0 25.0 3447.0 0.10043762106320396
45 39 34 0.0 0.0 1689.0 0.0 13238.0 44.0 24067.0 0.08271787296898078
45 39 35 0.0 0.0 2833.0 0.0 12258.0 53.0 44886.0 0.08179003330022784
45 39 36 0.0 0.0 3781.0 0.0 10709.0 58.0 66528.0 0.08480736612551489
45 39 37 0.0 0.0 4622.0 0.0 9646.0 77.0 81983.0 0.08599508599508598
45 39 38 0.0 0.0 5274.0 0.0 9566.0 66.0 85825.0 0.08311071534579993
45 39 39 0.0 0.0 5465.0 0.0 8605.0 89.0 95973.0 0.08711885500933415
45 39 40 0.0 0.0 6000.0 0.0 8501.0 84.0 99941.0 0.08478682170542635
45 39 41 0.0 0.0 5305.0 0.0 7055.0 78.0 112041.0 0.09754058385006617
45 39 42 0.0 0.0 5302.0 0.0 9013.0 79.0 90994.0 0.08577380223011885
45 39 43 0.0 0.0 4842.0 0.0 9828.0 98.0 80623.0 0.08403865778257998
45 39 44 0.0 0.0 3868.0 0.0 10083.0 79.0 70643.0 0.08783487044356608
45 39 45 0.0 0.0 2998.0 0.0 10365.0 70.0 60163.0 0.09120521172638436
45 39 46 0.0 0.0 2286.0 0.0 11790.0 46.0 40092.0 0.08703220191470844
45 39 47 0.0 0.0 1189.0 0.0 13140.0 41.0 13666.0 0.08582112425672776
45 39 48 0.0 0.0 364.0 0.0 7926.0 20.0 1125.0 0.13618677042801555
45 39 49 0.0 0.0 92.0 0.0 2113.0 11.0 24.0 0.33388981636060094
45 39 50 0.0 0.0 0.0 0.0 30.0 0.0 0.0 0.689655172413793
45 40 29 0.0 0.0 0.0 0.0 1.0 0.0 0.0 0.6996501749125437
45 40 30 0.0 0.0 5.0 0.0 142.0 1.0 0.0 0.6529850746268656
45 40 31 0.0 0.0 299.0 0.0 6980.0 19.0 649.0 0.15104110475779478
45 40 32 0.0 0.0 734.0 0.0 11875.0 24.0 4909.0 0.09582477754962353
45 40 33 0.0 0.0 1187.0 0.0 13309.0 29.0 13037.0 0.08486905916585838
45 40 34 0.0 0.0 1499.0 0.0 13627.0 42.0 18465.0 0.08176614881439084
45 40 35 0.0 0.0 2857.0 0.0 10576.0 55.0 57305.0 0.09064422143088377
45 40 36 0.0 0.0 3676.0 0.0 11848.0 77.0 55390.0 0.07992692395524091
45 40 37 0.0 0.0 4535.0 0.0 10338.0 64.0 75144.0 0.08293347550500563
45 40 38 0.0 1.0 5382.0 3.0 9354.0 87.0 88457.0 0.08370202080593088
45 40 39 0.0 0.0 5712.0 0.0 8137.0 80.0 101385.0 0.08834479712248375
45 40 40 0.0 0.0 5963.0 0.0 8885.0 72.0 95917.0 0.0830614061109463
45 40 41 0.0 0.0 5498.0 0.0 8113.0 93.0 100959.0 0.08972058446552166
45 40 42 0.0 0.0 5546.0 0.0 9602.0 66.0 86408.0 0.08155181452787323
45 40 43 0.0 0.0 4652.0 0.0 10755.0 93.0 72719.0 0.08049215201517851
45 40 44 0.0 0.0 3622.0 0.0 11779.0 76.0 57689.0 0.08052455999079719
45 40 45 0.0 0.0 2838.0 0.0 12212.0 60.0 45965.0 0.08211625315267757
45 40 46 0.0 0.0 1910.0 0.0 13264.0 54.0 27256.0 0.08156131663268278
45 40 47 0.0 0.0 730.0 0.0 11758.0 27.0 4996.0 0.0966984390109131
45 40 48 0.0 0.0 403.0 0.0 7877.0 10.0 934.0 0.1362132710644094
45 40 49 0.0 0.0 38.0 0.0 963.0 8.0 1.0 0.4677581022385566
45 40 50 0.0 0.0 0.0 0.0 8.0 0.0 0.0 0.6975585450921773
45 41 29 0.0 0.0 0.0 0.0 2.0 0.0 0.0 0.6993006993006992
45 41 30 0.0 0.0 4.0 0.0 108.0 1.0 0.0 0.6631927996210326
45 41 31 0.0 0.0 223.0 0.0 4633.0 25.0 176.0 0.20488804331918628
45 41 32 0.0 0.0 626.0 0.0 10774.0 25.0 2871.0 0.10458688181682353
45 41 33 0.0 0.0 1121.0 0.0 13646.0 34.0 9580.0 0.08357211079274116
45 41 34 0.0 0.0 1519.0 0.0 13273.0 32.0 21276.0 0.08327880554398905
45 41 35 0.0 0.0 2630.0 0.0 11625.0 65.0 46355.0 0.0861273454321747
45 41 36 0.0 0.0 3029.0 0.0 12735.0 68.0 44179.0 0.07878003488830115
45 41 37 0.0 0.0 4005.0 0.0 11934.0 74.0 58285.0 0.07804225430626009
45 41 38 0.0 0.0 5112.0 0.0 8940.0 75.0 90381.0 0.08715139442231075
45 41 39 0.0 0.0 4817.0 0.0 6586.0 64.0 114084.0 0.1043219076005961
45 41 40 0.0 0.0 5361.0 0.0 8149.0 95.0 99048.0 0.09041007426541814
45 41 41 0.0 0.0 5165.0 0.0 8815.0 76.0 92157.0 0.08759306763436149
45 41 42 0.0 0.0 4767.0 0.0 9037.0 80.0 87568.0 0.08857395925597873
45 41 43 0.0 0.0 4254.0 0.0 9006.0 88.0 83349.0 0.09190573097879602
45 41 44 0.0 0.0 3493.0 0.0 11164.0 61.0 57973.0 0.08403865778257998
45 41 45 0.0 0.0 2205.0 0.0 13338.0 53.0 31228.0 0.07979481333713308
45 41 46 0.0 0.0 1282.0 0.0 13592.0 32.0 14803.0 0.08293347550500563
45 41 47 0.0 0.0 1005.0 0.0 13115.0 27.0 9036.0 0.0868540232024319
45 41 48 0.0 0.0 230.0 0.0 5810.0 11.0 402.0 0.17430278884462147
45 41 49 0.0 0.0 9.0 0.0 301.0 3.0 0.0 0.6071118820468342
45 41 50 0.0 0.0 0.0 0.0 1.0 0.0 0.0 0.6996501749125437
45 42 30 0.0 0.0 1.0 0.0 17.0 0.0 0.0 0.694100148735746
45 42 31 0.0 0.0 36.0 0.0 925.0 9.0 6.0 0.47441545238902055
45 42 32 0.0 0.0 567.0 0.0 10774.0 24.0 3449.0 0.10500262506562663
45 42 33 0.0 0.0 1028.0 0.0 13158.0 33.0 9148.0 0.08656402646385951
45 42 34 0.0 0.0 1283.0 0.0 13799.0 42.0 14129.0 0.08202964785844025
45 42 35 0.0 0.0 1654.0 0.0 13660.0 36.0 20757.0 0.0809108247124776
45 42 36 0.0 0.0 2487.0 0.0 13909.0 60.0 31034.0 0.0761159136628065
45 42 37 0.0 0.0 3718.0 0.0 11796.0 58.0 56968.0 0.0798676478977694
45 42 38 0.0 0.0 4796.0 0.0 9168.0 73.0 86328.0 0.08771929824561402
45 42 39 0.0 0.0 5423.0 0.0 9155.0 77.0 90136.0 0.08441362677117877
45 42 40 0.0 1.0 4982.0 3.0 8420.0 66.0 95561.0 0.09080884737627293
45 42 41 0.0 0.0 4661.0 0.0 11817.0 80.0 65353.0 0.07572069879387744
45 42 42 0.0 0.0 4091.0 0.0 9946.0 70.0 74611.0 0.08722197993894461
45 42 43 0.0 0.0 3696.0 0.0 11688.0 71.0 56329.0 0.0804690194275204
45 42 44 0.0 0.0 2795.0 0.0 12582.0 66.0 42256.0 0.08053845711327158
45 42 45 0.0 0.0 2090.0 0.0 13083.0 52.0 31308.0 0.08155181452787323
45 42 46 0.0 0.0 1120.0 0.0 13561.0 33.0 11888.0 0.08392279103225031
45 42 47 0.0 0.0 879.0 0.0 12659.0 30.0 7095.0 0.0901248873438908
45 42 48 0.0 0.0 283.0 0.0 5932.0 18.0 441.0 0.17071088891598582
45 42 49 0.0 0.0 0.0 0.0 92.0 0.0 0.0 0.6692160611854684
45 42 50 0.0 0.0 0.0 0.0 4.0 0.0 0.0 0.6986027944111775
45 43 30 0.0 0.0 1.0 0.0 23.0 0.0 0.0 0.6916996047430829
45 43 31 0.0 0.0 136.0 0.0 3115.0 9.0 74.0 0.2669208770257388
45 43 32 0.0 0.0 738.0 0.0 11806.0 37.0 4973.0 0.09643865812495694
45 43 33 0.0 0.0 793.0 0.0 12431.0 26.0 6965.0 0.09197214557876757
45 43 34 0.0 0.0 1326.0 0.0 13051.0 29.0 18668.0 0.08540230586225828
45 43 35 0.0 0.0 1525.0 0.0 13488.0 38.0 19650.0 0.08232872684504557
45 43 36 0.0 0.0 1927.0 0.0 13687.0 59.0 25376.0 0.07954093517413782
45 43 37 0.0 0.0 3325.0 0.0 12195.0 65.0 50394.0 0.07987676156786672
45 43 38 0.0 0.0 4227.0 0.0 9593.0 95.0 79629.0 0.08860759493670885
45 43 39 0.0 0.0 4043.0 0.0 6554.0 57.0 108792.0 0.11105822624147231
45 43 40 0.0 0.0 4384.0 0.0 11164.0 77.0 65985.0 0.07974027453437374
45 43 41 0.0 0.0 3789.0 0.0 10809.0 72.0 64716.0 0.08438309927068892
45 43 42 0.0 0.0 3301.0 0.0 12697.0 69.0 46755.0 0.07774754262231354
45 43 43 0.0 0.0 2972.0 0.0 12211.0 63.0 47766.0 0.08152806894945258
45 43 44 0.0 0.0 2502.0 0.0 12137.0 48.0 41209.0 0.08402856971370265
45 43 45 0.0 0.0 1836.0 0.0 13319.0 48.0 25216.0 0.08156606851549755
45 43 46 0.0 0.0 984.0 0.0 13249.0 32.0 7478.0 0.08628659476117102
45 43 47 0.0 0.0 509.0 0.0 9673.0 22.0 2219.0 0.11499917857729586
45 43 48 0.0 0.0 335.0 0.0 7453.0 27.0 918.0 0.1433251433251433
45 43 49 0.0 0.0 6.0 0.0 195.0 1.0 1.0 0.6363636363636362
45 44 30 0.0 0.0 1.0 0.0 10.0 0.0 0.0 0.6961710591745399
45 44 31 0.0 0.0 128.0 0.0 2973.0 13.0 80.0 0.2751031636863824
45 44 32 0.0 0.0 670.0 0.0 11346.0 23.0 4176.0 0.09991435912075362
45 44 33 0.0 0.0 595.0 0.0 10633.0 19.0 2991.0 0.1058681185722928
45 44 34 0.0 0.0 928.0 0.0 13027.0 35.0 8006.0 0.08773578993545152
45 44 35 0.0 0.0 1119.0 0.0 13401.0 43.0 11986.0 0.08482278097546196
45 44 36 0.0 0.0 1918.0 0.0 13467.0 48.0 25376.0 0.08048289738430582
45 44 37 0.0 0.0 2601.0 0.0 12572.0 60.0 39940.0 0.08147113594040968
45 44 38 0.0 0.0 3656.0 0.0 10210.0 61.0 68155.0 0.0881778673552938
45 44 39 0.0 0.0 3836.0 0.0 11229.0 69.0 62528.0 0.08197681227309989
45 44 40 0.0 0.0 3572.0 0.0 9129.0 61.0 77068.0 0.0951345474313672
45 44 41 0.0 0.0 2749.0 0.0 13626.0 53.0 36195.0 0.0761159136628065
45 44 42 0.0 0.0 2551.0 0.0 13418.0 58.0 34519.0 0.0779596837064261
45 44 43 0.0 0.0 2105.0 0.0 13806.0 61.0 27588.0 0.07820355267567869
45 44 44 0.0 0.0 1590.0 0.0 14047.0 39.0 18744.0 0.07940108892921958
45 44 45 0.0 0.0 1753.0 0.0 12893.0 55.0 26132.0 0.08421052631578946
45 44 46 0.0 0.0 721.0 0.0 12034.0 32.0 5616.0 0.0950376756499898
45 44 47 0.0 0.0 258.0 0.0 6145.0 21.0 486.0 0.1669648181276088
45 44 48 0.0 0.0 16.0 0.0 525.0 5.0 0.0 0.5524861878453038
45 44 49 0.0 0.0 0.0 0.0 35.0 0.0 0.0 0.6879606879606879
45 45 30 0.0 0.0 0.0 0.0 3.0 0.0 0.0 0.6989515726410384
45 45 31 0.0 0.0 4.0 0.0 116.0 0.0 0.0 0.6603773584905659
45 45 32 0.0 0.0 64.0 0.0 1907.0 10.0 25.0 0.35326772646984606
45 45 33 0.0 0.0 347.0 0.0 7886.0 20.0 1020.0 0.13699970642920048
45 45 34 0.0 0.0 619.0 0.0 11185.0 19.0 3550.0 0.10147133434804667
45 45 35 0.0 0.0 880.0 0.0 12845.0 32.0 7454.0 0.08906418983395889
45 45 36 0.0 0.0 1711.0 0.0 12384.0 34.0 28295.0 0.08690793966105903
45 45 37 0.0 0.0 1721.0 0.0 14063.0 50.0 20060.0 0.0787711697518708
45 45 38 0.0 0.0 2152.0 0.0 13933.0 39.0 26582.0 0.07739510199568798
45 45 39 0.0 0.0 2771.0 0.0 11948.0 54.0 46330.0 0.08366700531883105
45 45 40 0.0 0.0 2058.0 0.0 13882.0 52.0 25878.0 0.07800746642892963
45 45 41 0.0 0.0 2273.0 0.0 11848.0 51.0 38952.0 0.08683247534577931
45 45 42 0.0 0.0 2225.0 0.0 12388.0 56.0 35940.0 0.08434243026688354
45 45 43 0.0 0.0 2322.0 0.0 11788.0 55.0 41547.0 0.08692412765429032
45 45 44 0.0 0.0 1541.0 0.0 13559.0 47.0 19356.0 0.08197201241290474
45 45 45 0.0 0.0 1351.0 0.0 13209.0 35.0 17547.0 0.08459725663182065
45 45 46 0.0 0.0 448.0 0.0 9081.0 24.0 1501.0 0.12162279558682998
45 45 47 0.0 0.0 194.0 0.0 4761.0 12.0 226.0 0.2015258384914351
45 45 48 0.0 0.0 74.0 0.0 1681.0 14.0 15.0 0.3741314804917156
45 46 31 0.0 0.0 0.0 0.0 9.0 0.0 0.0 0.6968641114982577
45 46 32 0.0 0.0 14.0 0.0 307.0 6.0 0.0 0.6047516198704103
45 46 33 0.0 0.0 109.0 0.0 3069.0 13.0 87.0 0.271055179090029
45 46 34 0.0 0.0 578.0 0.0 10759.0 26.0 3176.0 0.10508932592703797
45 46 35 0.0 0.0 816.0 0.0 12362.0 33.0 5617.0 0.09231783712495878
45 46 36 0.0 0.0 519.0 0.0 9924.0 24.0 2156.0 0.11263073209975863
45 46 37 0.0 0.0 1027.0 0.0 13200.0 30.0 10097.0 0.08633980881899475
45 46 38 0.0 0.0 1316.0 0.0 13748.0 36.0 14870.0 0.08202484180923364
45 46 39 0.0 0.0 1458.0 0.0 13775.0 42.0 18109.0 0.0812724950655985
45 46 40 0.0 0.0 1468.0 0.0 13609.0 51.0 17528.0 0.08201042704000937
45 46 41 0.0 0.0 1481.0 0.0 13758.0 44.0 18101.0 0.08118765947575968
45 46 42 0.0 0.0 1296.0 0.0 13390.0 37.0 15680.0 0.08396305625524768
45 46 43 0.0 0.0 1262.0 0.0 13645.0 29.0 14144.0 0.08277656240761544
45 46 44 0.0 0.0 1032.0 0.0 12843.0 31.0 12397.0 0.08818342151675483
45 46 45 0.0 0.0 693.0 0.0 11600.0 25.0 4195.0 0.09801176141136934
45 46 46 0.0 0.0 492.0 0.0 9732.0 27.0 2176.0 0.11468829360203162
45 46 47 0.0 0.0 20.0 0.0 667.0 8.0 3.0 0.522583053378126
45 46 48 0.0 0.0 0.0 0.0 94.0 0.0 0.0 0.6685768863419292
45 46 49 0.0 0.0 0.0 0.0 1.0 0.0 0.0 0.6996501749125437
45 47 31 0.0 0.0 0.0 0.0 3.0 0.0 0.0 0.6989515726410384
45 47 32 0.0 0.0 1.0 0.0 34.0 1.0 0.0 0.6882989183874139
45 47 33 0.0 0.0 54.0 0.0 1622.0 7.0 10.0 0.3813674748025061
45 47 34 0.0 0.0 117.0 0.0 2797.0 10.0 71.0 0.2854812398042414
45 47 35 0.0 0.0 107.0 0.0 2821.0 16.0 60.0 0.2850162866449511
45 47 36 0.0 0.0 437.0 0.0 8663.0 20.0 1463.0 0.1263195885590544
45 47 37 0.0 0.0 790.0 0.0 11979.0 24.0 4546.0 0.09485094850948508
45 47 38 0.0 0.0 776.0 0.0 12212.0 28.0 5180.0 0.09349539201282221
45 47 39 0.0 0.0 558.0 0.0 10695.0 22.0 2917.0 0.10568430588057673
45 47 40 0.0 0.0 457.0 0.0 9195.0 19.0 1665.0 0.12031625988312133
45 47 41 0.0 0.0 669.0 0.0 11133.0 26.0 3393.0 0.10144927536231882
45 47 42 0.0 0.0 790.0 0.0 12152.0 23.0 5348.0 0.0936642804576169
45 47 43 0.0 0.0 687.0 0.0 11261.0 28.0 3589.0 0.10043762106320396
45 47 44 0.0 0.0 260.0 0.0 6322.0 31.0 533.0 0.1637043966323667
45 47 45 0.0 0.0 398.0 0.0 7833.0 29.0 988.0 0.13716077201920251
45 47 46 0.0 0.0 133.0 0.0 3405.0 21.0 90.0 0.2537151141718013
45 47 47 0.0 0.0 171.0 0.0 3470.0 14.0 91.0 0.24875621890547261
45 47 48 0.0 0.0 0.0 0.0 31.0 0.0 0.0 0.6893156080748399
45 47 49 0.0 0.0 2.0 0.0 8.0 1.0 0.0 0.6968641114982577
45 48 32 0.0 0.0 0.0 0.0 12.0 0.0 0.0 0.6961710591745399
45 48 33 0.0 0.0 0.0 0.0 26.0 0.0 0.0 0.6910167818361302
45 48 34 0.0 0.0 0.0 0.0 65.0 0.0 0.0 0.6779661016949151
45 48 35 0.0 0.0 1.0 0.0 102.0 1.0 0.0 0.6660323501427211
45 48 36 0.0 0.0 185.0 0.0 3754.0 18.0 111.0 0.23644654619152164
45 48 37 0.0 0.0 186.0 0.0 4595.0 14.0 242.0 0.2068557919621749
45 48 38 0.0 0.0 304.0 0.0 6693.0 17.0 628.0 0.1558152476349471
45 48 39 0.0 0.0 590.0 0.0 10642.0 36.0 3368.0 0.10599636583888551
45 48 40 0.0 0.0 252.0 0.0 5822.0 16.0 398.0 0.17365418010419248
45 48 41 0.0 0.0 461.0 0.0 8878.0 27.0 1457.0 0.12374049849743679
45 48 42 0.0 0.0 207.0 0.0 4773.0 19.0 211.0 0.20114942528735633
45 48 43 0.0 0.0 186.0 0.0 4548.0 12.0 202.0 0.20824036888293915
45 48 44 0.0 0.0 215.0 0.0 4932.0 18.0 240.0 0.19629837352776217
45 48 45 0.0 0.0 21.0 0.0 600.0 6.0 2.0 0.5353728489483747
45 48 46 0.0 0.0 4.0 0.0 146.0 1.0 0.0 0.6514657980456026
45 48 47 0.0 0.0 0.0 0.0 26.0 0.0 0.0 0.6910167818361302
45 48 48 0.0 0.0 0.0 0.0 5.0 0.0 0.0 0.6982543640897755
45 49 35 0.0 0.0 0.0 0.0 3.0 0.0 0.0 0.6989515726410384
45 49 36 0.0 0.0 5.0 0.0 67.0 2.0 0.0 0.6763285024154588
45 49 37 0.0 0.0 1.0 0.0 53.0 0.0 0.0 0.6815968841285296
45 49 38 0.0 0.0 29.0 0.0 996.0 6.0 7.0 0.46388336646785944
45 49 39 0.0 0.0 21.0 0.0 476.0 3.0 2.0 0.5615724027276373
45 49 40 0.0 0.0 11.0 0.0 332.0 3.0 0.0 0.5982905982905982
45 49 41 0.0 0.0 0.0 0.0 57.0 1.0 0.0 0.6809338521400777
45 49 42 0.0 0.0 5.0 0.0 120.0 1.0 0.0 0.6591337099811675
45 49 43 0.0 0.0 9.0 0.0 155.0 1.0 0.0 0.6472491909385112
45 49 44 0.0 0.0 1.0 0.0 20.0 0.0 0.0 0.6927263730826323
45 49 45 0.0 0.0 0.0 0.0 12.0 0.0 0.0 0.6958250497017892
45 49 46 0.0 0.0 1.0 0.0 13.0 0.0 0.0 0.6951340615690167
45 49 47 0.0 0.0 0.0 0.0 1.0 0.0 0.0 0.6996501749125437
45 50 35 0.0 0.0 0.0 0.0 1.0 0.0 0.0 0.6996501749125437
45 50 37 0.0 0.0 0.0 0.0 3.0 0.0 0.0 0.6989515726410384
45 50 39 0.0 0.0 0.0 0.0 2.0 0.0 0.0 0.6993006993006992
45 50 40 0.0 0.0 0.0 0.0 1.0 0.0 0.0 0.6996501749125437
45 50 41 0.0 0.0 0.0 0.0 1.0 0.0 0.0 0.6996501749125437
46 29 40 0.0 0.0 0.0 0.0 1.0 0.0 0.0 0.6996501749125437
46 29 41 0.0 0.0 0.0 0.0 1.0 0.0 0.0 0.6996501749125437
46 29 42 0.0 0.0 10.0 0.0 98.0 2.0 0.0 0.664767331433998
46 30 35 0.0 0.0 0.0 0.0 3.0 0.0 0.0 0.6989515726410384
46 30 36 0.0 0.0 0.0 0.0 2.0 0.0 0.0 0.6993006993006992
46 30 37 0.0 0.0 0.0 0.0 6.0 0.0 0.0 0.6979062811565303
46 30 38 0.0 0.0 0.0 0.0 5.0 0.0 0.0 0.6982543640897755
46 30 39 0.0 0.0 0.0 0.0 3.0 0.0 0.0 0.6989515726410384
46 30 40 0.0 0.0 0.0 0.0 5.0 0.0 0.0 0.6982543640897755
46 30 41 0.0 0.0 0.0 0.0 9.0 0.0 0.0 0.6968641114982577
46 30 42 0.0 0.0 0.0 0.0 5.0 0.0 0.0 0.6982543640897755
46 30 43 0.0 0.0 0.0 0.0 1.0 0.0 0.0 0.6996501749125437
46 31 33 0.0 0.0 0.0 0.0 2.0 0.0 0.0 0.6993006993006992
46 31 34 0.0 0.0 0.0 0.0 47.0 0.0 1.0 0.6839276990718123
46 31 35 0.0 0.0 0.0 0.0 49.0 0.0 0.0 0.6832601268911663
46 31 36 0.0 0.0 4.0 0.0 120.0 1.0 0.0 0.6594441827602449
46 31 37 0.0 0.0 3.0 0.0 205.0 1.0 0.0 0.6343452650657
46 31 38 0.0 0.0 19.0 0.0 449.0 5.0 0.0 0.5686433793663687
46 31 39 0.0 0.0 6.0 0.0 245.0 2.0 0.0 0.622498888394842
46 31 40 0.0 0.0 25.0 0.0 570.0 7.0 0.0 0.5409582689335393
46 31 41 0.0 0.0 73.0 0.0 1622.0 11.0 11.0 0.3802281368821292
46 31 42 0.0 0.0 4.0 0.0 144.0 1.0 0.0 0.6520726595249184
46 31 43 0.0 0.0 5.0 0.0 74.0 2.0 0.0 0.6740491092922483
46 31 44 0.0 0.0 0.0 0.0 9.0 0.0 0.0 0.6968641114982577
46 31 45 0.0 0.0 0.0 0.0 1.0 0.0 0.0 0.6996501749125437
46 32 32 0.0 0.0 0.0 0.0 1.0 0.0 0.0 0.6996501749125437
46 32 33 0.0 0.0 1.0 0.0 23.0 0.0 0.0 0.6916996047430829
46 32 34 0.0 0.0 69.0 0.0 1647.0 14.0 12.0 0.37817396002160986
46 32 35 0.0 0.0 364.0 0.0 7425.0 21.0 823.0 0.14328113806161086
46 32 36 0.0 0.0 275.0 0.0 6031.0 15.0 418.0 0.16881707464126366
46 32 37 0.0 0.0 453.0 0.0 8994.0 24.0 1511.0 0.1224311324879755
46 32 38 0.0 0.0 328.0 0.0 6843.0 23.0 555.0 0.1529386060738475
46 32 39 0.0 0.0 271.0 0.0 6553.0 14.0 617.0 0.15885623510722796
46 32 40 0.0 0.0 490.0 0.0 9859.0 18.0 2329.0 0.11344299489506522
46 32 41 0.0 0.0 105.0 0.0 2931.0 14.0 60.0 0.2787178976707147
46 32 42 0.0 0.0 422.0 0.0 7868.0 20.0 1033.0 0.13614703880190604
46 32 43 0.0 0.0 271.0 0.0 5564.0 20.0 317.0 0.17909684022003322
46 32 44 0.0 0.0 0.0 0.0 82.0 0.0 0.0 0.6724303554274734
46 32 45 0.0 0.0 0.0 0.0 42.0 0.0 0.0 0.6856023506366307
46 32 46 0.0 0.0 6.0 0.0 188.0 0.0 0.0 0.6381039197812214
46 32 47 0.0 0.0 6.0 0.0 75.0 1.0 0.0 0.6730769230769229
46 33 32 0.0 0.0 0.0 0.0 14.0 0.0 0.0 0.6951340615690167
46 33 33 0.0 0.0 9.0 0.0 247.0 2.0 0.0 0.6211180124223601
46 33 34 0.0 0.0 203.0 0.0 4854.0 19.0 255.0 0.19872249822569193
46 33 35 0.0 0.0 443.0 0.0 8704.0 24.0 1380.0 0.12576356449874235
46 33 36 0.0 0.0 844.0 0.0 12535.0 23.0 7247.0 0.09102139002665625
46 33 37 0.0 0.0 855.0 0.0 12594.0 29.0 8318.0 0.09066183136899364
46 33 38 0.0 0.0 1027.0 0.0 13249.0 39.0 10042.0 0.0860849781713091
46 33 39 0.0 0.0 885.0 0.0 12757.0 30.0 7119.0 0.08954269267668691
46 33 40 0.0 0.0 759.0 0.0 11988.0 33.0 5517.0 0.09509577503056649
46 33 41 0.0 0.0 1075.0 0.0 13243.0 29.0 11149.0 0.08578957043936514
46 33 42 0.0 0.0 539.0 0.0 10172.0 24.0 2851.0 0.11020151133501259
46 33 43 0.0 0.0 143.0 0.0 3441.0 18.0 89.0 0.25134649910233386
46 33 44 0.0 0.0 215.0 0.0 4559.0 17.0 188.0 0.20719254106852153
46 33 45 0.0 0.0 85.0 0.0 2313.0 10.0 37.0 0.3190519598906107
46 33 46 0.0 0.0 67.0 0.0 1551.0 13.0 17.0 0.38845726970033284
46 33 47 0.0 0.0 2.0 0.0 35.0 0.0 0.0 0.6876227897838899
46 33 48 0.0 0.0 0.0 0.0 6.0 0.0 0.0 0.6979062811565303
46 34 31 0.0 0.0 0.0 0.0 2.0 0.0 0.0 0.6993006993006992
46 34 32 0.0 0.0 0.0 0.0 69.0 0.0 0.0 0.6766553890768486
46 34 33 0.0 0.0 270.0 0.0 5959.0 13.0 368.0 0.17029558447877385
46 34 34 0.0 0.0 299.0 0.0 6726.0 24.0 594.0 0.1554691837867851
46 34 35 0.0 0.0 669.0 0.0 11467.0 21.0 4629.0 0.09905193151266449
46 34 36 0.0 0.0 919.0 0.0 12872.0 39.0 7058.0 0.08873114463176573
46 34 37 0.0 0.0 1363.0 0.0 13571.0 48.0 16079.0 0.08276188224166468
46 34 38 0.0 0.0 1935.0 0.0 12456.0 57.0 30314.0 0.08548574219942602
46 34 39 0.0 0.0 1531.0 0.0 13265.0 56.0 20472.0 0.08340283569641367
46 34 40 0.0 0.0 1398.0 0.0 13643.0 20.0 16168.0 0.08208736440926413
46 34 41 0.0 0.0 1307.0 0.0 13248.0 48.0 17429.0 0.08467912659529425
46 34 42 0.0 0.0 773.0 0.0 12384.0 25.0 5676.0 0.09237265769332276
46 34 43 0.0 0.0 697.0 0.0 11667.0 25.0 4397.0 0.09749303621169916
46 34 44 0.0 0.0 465.0 0.0 9756.0 20.0 2385.0 0.11465072475636719
46 34 45 0.0 0.0 451.0 0.0 8678.0 17.0 1408.0 0.12592192840438926
46 34 46 0.0 0.0 120.0 0.0 3198.0 13.0 83.0 0.2637528259231348
46 34 47 0.0 0.0 16.0 0.0 532.0 7.0 2.0 0.5511811023622046
46 34 48 0.0 0.0 106.0 0.0 2031.0 15.0 12.0 0.33972336811453524
46 34 49 0.0 0.0 0.0 0.0 1.0 0.0 0.0 0.6996501749125437
46 35 31 0.0 0.0 0.0 0.0 10.0 0.0 0.0 0.6965174129353233
46 35 32 0.0 0.0 84.0 0.0 2210.0 10.0 24.0 0.32687368666822314
46 35 33 0.0 0.0 386.0 0.0 7882.0 19.0 902.0 0.1365054602184087
46 35 34 0.0 0.0 998.0 0.0 12858.0 32.0 10986.0 0.08835594824865887
46 35 35 0.0 0.0 810.0 0.0 12521.0 32.0 6734.0 0.09140171051772539
46 35 36 0.0 0.0 1391.0 0.0 13525.0 29.0 17375.0 0.08274231678486997
46 35 37 0.0 0.0 1558.0 0.0 13301.0 40.0 21106.0 0.0830564784053156
46 35 38 0.0 0.0 2129.0 0.0 13050.0 45.0 31965.0 0.08148061925270632
46 35 39 0.0 0.0 1858.0 0.0 13354.0 53.0 26187.0 0.08142375247179248
46 35 40 0.0 0.0 2340.0 0.0 12225.0 45.0 39233.0 0.08446965126101122
46 35 41 0.0 0.0 1748.0 0.0 13662.0 47.0 22120.0 0.08046439450543134
46 35 42 0.0 0.0 1747.0 0.0 13207.0 32.0 26200.0 0.08251311369128307
46 35 43 0.0 0.0 1135.0 0.0 13297.0 37.0 12590.0 0.08525668351501126
46 35 44 0.0 0.0 905.0 0.0 12980.0 27.0 8199.0 0.08813900780659782
46 35 45 0.0 0.0 641.0 0.0 10943.0 31.0 3360.0 0.10323722439348129
46 35 46 0.0 0.0 364.0 0.0 7855.0 24.0 1086.0 0.1372145447417426
46 35 47 0.0 0.0 352.0 0.0 7723.0 25.0 992.0 0.139137348439674
46 35 48 0.0 0.0 107.0 0.0 2322.0 18.0 40.0 0.31731640979147774
46 35 49 0.0 0.0 9.0 0.0 281.0 2.0 0.0 0.6118881118881118
46 36 30 0.0 0.0 0.0 0.0 2.0 0.0 0.0 0.6993006993006992
46 36 31 0.0 0.0 0.0 0.0 76.0 0.0 0.0 0.6743737957610789
46 36 32 0.0 0.0 285.0 0.0 6130.0 18.0 498.0 0.16664682775860012
46 36 33 0.0 0.0 744.0 0.0 11811.0 31.0 5687.0 0.09623977452395681
46 36 34 0.0 0.0 978.0 0.0 12928.0 35.0 8312.0 0.08807247106190234
46 36 35 0.0 0.0 1400.0 0.0 13749.0 47.0 16029.0 0.08171365201657618
46 36 36 0.0 0.0 1855.0 0.0 13311.0 55.0 26173.0 0.0816231343283582
46 36 37 0.0 0.0 2126.0 0.0 13447.0 48.0 30153.0 0.07957710453021087
46 36 38 0.0 0.0 2830.0 0.0 12228.0 57.0 45714.0 0.0819816126954383
46 36 39 0.0 0.0 3141.0 0.0 12554.0 66.0 48160.0 0.07918552036199095
46 36 40 0.0 0.0 3303.0 0.0 11067.0 58.0 58705.0 0.08538147222052814
46 36 41 0.0 0.0 3234.0 0.0 10931.0 62.0 59026.0 0.08654262224145391
46 36 42 0.0 0.0 2719.0 0.0 10767.0 69.0 54082.0 0.09041591320072331
46 36 43 0.0 0.0 2012.0 0.0 13043.0 42.0 29951.0 0.08203445447087776
46 36 44 0.0 0.0 1631.0 0.0 13312.0 48.0 22402.0 0.08263974971961513
46 36 45 0.0 0.0 1231.0 0.0 13492.0 40.0 13551.0 0.08371703641691082
46 36 46 0.0 0.0 607.0 0.0 10440.0 16.0 2403.0 0.10733726903319787
46 36 47 0.0 0.0 596.0 0.0 10699.0 22.0 3120.0 0.10532651218778212
46 36 48 0.0 0.0 174.0 0.0 4168.0 18.0 147.0 0.22137887413029722
46 36 49 0.0 0.0 0.0 0.0 52.0 0.0 0.0 0.6822612085769979
46 37 30 0.0 0.0 0.0 0.0 2.0 0.0 0.0 0.6993006993006992
46 37 31 0.0 0.0 50.0 0.0 1264.0 14.0 15.0 0.42437102152167316
46 37 32 0.0 0.0 700.0 0.0 11542.0 29.0 4172.0 0.09838369641602247
46 37 33 0.0 0.0 485.0 0.0 9209.0 26.0 1678.0 0.11992461881103306
46 37 34 0.0 0.0 1152.0 0.0 13676.0 39.0 11177.0 0.08320950965824664
46 37 35 0.0 0.0 1382.0 0.0 13737.0 35.0 15545.0 0.08180437069066261
46 37 36 0.0 0.0 1975.0 0.0 13287.0 41.0 28018.0 0.08105135182076072
46 37 37 0.0 0.0 2442.0 0.0 13458.0 59.0 33651.0 0.07824288828033307
46 37 38 0.0 0.0 3305.0 0.0 9821.0 77.0 67946.0 0.09250082590023123
46 37 39 0.0 0.0 3729.0 0.0 10054.0 71.0 70158.0 0.0886749429946795
46 37 40 0.0 0.0 3751.0 0.0 8927.0 69.0 82836.0 0.09533537623425263
46 37 41 0.0 0.0 3818.0 0.0 9511.0 69.0 75801.0 0.09128251939753536
46 37 42 0.0 0.0 3159.0 0.0 11971.0 65.0 51089.0 0.08169457898115189
46 37 43 0.0 0.0 2729.0 0.0 11854.0 62.0 46472.0 0.08442380751371885
46 37 44 0.0 0.0 1716.0 0.0 13893.0 45.0 20986.0 0.0795047986824919
46 37 45 0.0 0.0 1531.0 0.0 13644.0 51.0 18435.0 0.08155181452787323
46 37 46 0.0 0.0 759.0 0.0 12275.0 21.0 6239.0 0.09309748636786806
46 37 47 0.0 0.0 348.0 0.0 7377.0 21.0 799.0 0.14422581642113935
46 37 48 0.0 0.0 293.0 0.0 6217.0 27.0 447.0 0.165016501650165
46 37 49 0.0 0.0 9.0 0.0 236.0 3.0 0.0 0.6244424620874218
46 38 30 0.0 0.0 0.0 0.0 1.0 0.0 0.0 0.6996501749125437
46 38 31 0.0 0.0 72.0 0.0 1565.0 11.0 17.0 0.38610038610038605
46 38 32 0.0 0.0 183.0 0.0 4034.0 21.0 142.0 0.22606168254480866
46 38 33 0.0 0.0 1019.0 0.0 13038.0 28.0 9776.0 0.08715682002116665
46 38 34 0.0 0.0 1195.0 0.0 13243.0 46.0 14831.0 0.08519442585042292
46 38 35 0.0 0.0 1779.0 0.0 13148.0 35.0 26579.0 0.08262024195928001
46 38 36 0.0 0.0 2310.0 0.0 13310.0 56.0 32319.0 0.07948223004428294
46 38 37 0.0 0.0 2755.0 0.0 13097.0 61.0 39206.0 0.07844016136261765
46 38 38 0.0 0.0 3417.0 0.0 11986.0 69.0 54191.0 0.08045052292839902
46 38 39 0.0 0.0 4045.0 0.0 9603.0 66.0 78472.0 0.08945115328094051
46 38 40 0.0 0.0 3976.0 0.0 11049.0 68.0 65762.0 0.0822126959891949
46 38 41 0.0 0.0 4090.0 0.0 11511.0 75.0 61338.0 0.07952738014087707
46 38 42 0.0 0.0 3490.0 0.0 11407.0 69.0 56413.0 0.08284023668639053
46 38 43 0.0 0.0 2754.0 0.0 13188.0 53.0 38385.0 0.07790328863168437
46 38 44 0.0 0.0 2424.0 0.0 12638.0 52.0 37305.0 0.08211625315267757
46 38 45 0.0 0.0 1742.0 0.0 13241.0 34.0 24603.0 0.08239656288623387
46 38 46 0.0 0.0 1579.0 0.0 13465.0 34.0 20421.0 0.08208255159474671
46 38 47 0.0 0.0 914.0 0.0 12653.0 30.0 7898.0 0.08987609937728701
46 38 48 0.0 0.0 274.0 0.0 6431.0 22.0 552.0 0.16106764841233318
46 38 49 0.0 0.0 3.0 0.0 188.0 3.0 0.0 0.639853747714808
46 39 30 0.0 0.0 0.0 0.0 15.0 0.0 0.0 0.694789081885856
46 39 31 0.0 0.0 137.0 0.0 2767.0 16.0 47.0 0.2864157119476268
46 39 32 0.0 0.0 465.0 0.0 9608.0 24.0 1971.0 0.1161247511612475
46 39 33 0.0 0.0 1110.0 0.0 13463.0 30.0 11051.0 0.08446455505279034
46 39 34 0.0 0.0 1189.0 0.0 13638.0 34.0 12009.0 0.08322929671244278
46 39 35 0.0 0.0 1850.0 0.0 13981.0 52.0 22296.0 0.078559003422928
46 39 36 0.0 0.0 2081.0 0.0 13640.0 62.0 26997.0 0.07908710880126539
46 39 37 0.0 0.0 3169.0 0.0 12201.0 62.0 49386.0 0.08060337382693303
46 39 38 0.0 0.0 3178.0 0.0 13205.0 63.0 43937.0 0.07611177557899315
46 39 39 0.0 0.0 3878.0 0.0 11187.0 75.0 63201.0 0.08209217778820217
46 39 40 0.0 0.0 3883.0 0.0 12292.0 68.0 56330.0 0.07693998681028796
46 39 41 0.0 0.0 4120.0 0.0 10225.0 76.0 72595.0 0.08567407135426228
46 39 42 0.0 0.0 3700.0 0.0 10018.0 71.0 70662.0 0.08909819894354992
46 39 43 0.0 0.0 3139.0 0.0 12297.0 77.0 48203.0 0.08034894398530762
46 39 44 0.0 0.0 2278.0 0.0 13725.0 50.0 30188.0 0.07773890832361596
46 39 45 0.0 0.0 2121.0 0.0 12860.0 49.0 32239.0 0.08244508568399976
46 39 46 0.0 0.0 1451.0 0.0 13802.0 56.0 16808.0 0.08122063004003016
46 39 47 0.0 0.0 739.0 0.0 11928.0 32.0 4627.0 0.0955044682447643
46 39 48 0.0 0.0 259.0 0.0 5700.0 21.0 334.0 0.1764112903225806
46 39 49 0.0 0.0 4.0 0.0 137.0 3.0 0.0 0.6548175865294666
46 40 30 0.0 0.0 0.0 0.0 25.0 0.0 0.0 0.6913580246913579
46 40 31 0.0 0.0 158.0 0.0 3775.0 13.0 93.0 0.23640661938534274
46 40 32 0.0 0.0 726.0 0.0 11812.0 17.0 4720.0 0.09629272989889262
46 40 33 0.0 0.0 634.0 0.0 10931.0 24.0 2781.0 0.10331340860453102
46 40 34 0.0 0.0 2108.0 0.0 12130.0 56.0 36633.0 0.0862493839329719
46 40 35 0.0 0.0 1642.0 0.0 13944.0 45.0 20250.0 0.07965407373691397
46 40 36 0.0 0.0 2504.0 0.0 12953.0 55.0 36993.0 0.08014196576793176
46 40 37 0.0 0.0 2964.0 0.0 12626.0 78.0 44446.0 0.07963142028326033
46 40 38 0.0 0.0 3588.0 0.0 10262.0 82.0 66755.0 0.08835594824865887
46 40 39 0.0 0.0 4006.0 0.0 11052.0 66.0 64144.0 0.08200082000820007
46 40 40 0.0 0.0 3883.0 0.0 11142.0 96.0 62649.0 0.08239656288623387
46 40 41 0.0 0.0 3825.0 0.0 11250.0 84.0 61870.0 0.08196241437854926
46 40 42 0.0 0.0 3648.0 0.0 11919.0 65.0 56032.0 0.07966313872766585
46 40 43 0.0 0.0 2934.0 0.0 12175.0 73.0 46491.0 0.08199121522693996
46 40 44 0.0 0.0 2784.0 0.0 11790.0 56.0 47258.0 0.08442889880593413
46 40 45 0.0 0.0 2158.0 0.0 12340.0 45.0 35437.0 0.08489993935718616
46 40 46 0.0 0.0 1503.0 0.0 13949.0 50.0 17619.0 0.08031667718432677
46 40 47 0.0 0.0 947.0 0.0 12997.0 32.0 9653.0 0.08782385044852893
46 40 48 0.0 0.0 105.0 0.0 2856.0 11.0 62.0 0.28282828282828276
46 40 49 0.0 0.0 21.0 0.0 465.0 5.0 1.0 0.5642885933091495
46 41 30 0.0 0.0 0.0 0.0 15.0 0.0 0.0 0.694789081885856
46 41 31 0.0 0.0 145.0 0.0 3270.0 18.0 73.0 0.25940337224383914
46 41 32 0.0 0.0 325.0 0.0 7096.0 22.0 672.0 0.14887282007656313
46 41 33 0.0 0.0 935.0 0.0 12720.0 36.0 9823.0 0.08950834345630074
46 41 34 0.0 0.0 1082.0 0.0 13538.0 25.0 10225.0 0.08423079237109679
46 41 35 0.0 0.0 1684.0 0.0 13138.0 51.0 24423.0 0.08321445553970516
46 41 36 0.0 0.0 1824.0 0.0 13943.0 37.0 21525.0 0.07873130131593746
46 41 37 0.0 0.0 3241.0 0.0 9572.0 87.0 69633.0 0.09460098655314547
46 41 38 0.0 0.0 3383.0 0.0 13193.0 73.0 44484.0 0.07537012113055182
46 41 39 0.0 0.0 3998.0 0.0 9256.0 63.0 80367.0 0.091767173571054
46 41 40 0.0 0.0 3703.0 0.0 12333.0 66.0 54331.0 0.077536552946389
46 41 41 0.0 0.0 3534.0 0.0 11784.0 69.0 54881.0 0.08083140877598152
46 41 42 0.0 0.0 2990.0 0.0 13105.0 57.0 40920.0 0.07742078194989768
46 41 43 0.0 0.0 2422.0 0.0 13417.0 63.0 33005.0 0.0784885350675562
46 41 44 0.0 0.0 2106.0 0.0 13172.0 49.0 29834.0 0.08096697704007864
46 41 45 0.0 0.0 1494.0 0.0 13183.0 48.0 20479.0 0.083978165676924
46 41 46 0.0 0.0 1319.0 0.0 13697.0 40.0 14699.0 0.08232388568740444
46 41 47 0.0 0.0 488.0 0.0 10300.0 24.0 3160.0 0.10957188698442512
46 41 48 0.0 0.0 367.0 0.0 8270.0 13.0 1355.0 0.1316531878879067
46 41 49 0.0 0.0 23.0 0.0 452.0 3.0 2.0 0.5665722379603398
46 42 30 0.0 0.0 0.0 0.0 22.0 0.0 0.0 0.6923837784371908
46 42 31 0.0 0.0 145.0 0.0 3269.0 20.0 81.0 0.25949953660797026
46 42 32 0.0 0.0 363.0 0.0 7657.0 19.0 999.0 0.13988808952837725
46 42 33 0.0 0.0 580.0 0.0 10710.0 23.0 2715.0 0.10537407797681769
46 42 34 0.0 0.0 891.0 0.0 12718.0 36.0 7039.0 0.08978963571062083
46 42 35 0.0 0.0 1180.0 0.0 13711.0 49.0 11833.0 0.08297771455666192
46 42 36 0.0 0.0 1785.0 0.0 13788.0 43.0 22703.0 0.07963142028326033
46 42 37 0.0 0.0 2754.0 0.0 12646.0 63.0 41490.0 0.08054309055344609
46 42 38 0.0 0.0 3503.0 0.0 10940.0 64.0 61087.0 0.08517887563884156
46 42 39 0.0 0.0 3771.0 0.0 10032.0 88.0 71781.0 0.08869741510390268
46 42 40 0.0 0.0 3824.0 0.0 9872.0 79.0 72233.0 0.08914358484559057
46 42 41 0.0 0.0 2906.0 0.0 13127.0 63.0 40746.0 0.07758381823219727
46 42 42 0.0 0.0 2794.0 0.0 11976.0 72.0 46564.0 0.08357211079274116
46 42 43 0.0 0.0 2296.0 0.0 12882.0 55.0 34488.0 0.08153281695882592
46 42 44 0.0 0.0 1463.0 0.0 13314.0 37.0 19306.0 0.08349236641221373
46 42 45 0.0 0.0 1162.0 0.0 13666.0 31.0 11591.0 0.083184789067142
46 42 46 0.0 0.0 1130.0 0.0 13331.0 33.0 11481.0 0.08509086488786238
46 42 47 0.0 0.0 262.0 0.0 6206.0 17.0 465.0 0.16566086853626788
46 42 48 0.0 0.0 273.0 0.0 6143.0 20.0 460.0 0.16672621174228888
46 42 49 0.0 0.0 1.0 0.0 120.0 2.0 1.0 0.6606890042472864
46 43 30 0.0 0.0 0.0 0.0 12.0 0.0 0.0 0.6958250497017892
46 43 31 0.0 0.0 217.0 0.0 4930.0 11.0 256.0 0.1961058971844796
46 43 32 0.0 0.0 557.0 0.0 9990.0 29.0 2283.0 0.11178537208559565
46 43 33 0.0 0.0 681.0 0.0 11403.0 23.0 3933.0 0.09949541610404376
46 43 34 0.0 0.0 440.0 0.0 8458.0 27.0 1250.0 0.1287119610186632
46 43 35 0.0 0.0 943.0 0.0 13096.0 28.0 8195.0 0.08728179551122194
46 43 36 0.0 0.0 1386.0 0.0 14235.0 39.0 14641.0 0.0794641843569077
46 43 37 0.0 0.0 2373.0 0.0 12538.0 43.0 37311.0 0.08270809948602822
46 43 38 0.0 0.0 3285.0 0.0 10162.0 80.0 65357.0 0.09077352006743175
46 43 39 0.0 0.0 3625.0 0.0 9224.0 69.0 77725.0 0.0942951438000943
46 43 40 0.0 0.0 3382.0 0.0 10891.0 72.0 61041.0 0.08607439286812173
46 43 41 0.0 0.0 2621.0 0.0 13289.0 63.0 35822.0 0.07820355267567869
46 43 42 0.0 0.0 1929.0 0.0 13662.0 45.0 25553.0 0.07959067652075041
46 43 43 0.0 0.0 1567.0 0.0 13681.0 33.0 20247.0 0.0811076994380395
46 43 44 0.0 0.0 1326.0 0.0 13656.0 40.0 15204.0 0.08251311369128307
46 43 45 0.0 0.0 607.0 0.0 11027.0 20.0 3235.0 0.10275229357798164
46 43 46 0.0 0.0 594.0 0.0 10568.0 24.0 2695.0 0.10640723569202704
46 43 47 0.0 0.0 253.0 0.0 5685.0 24.0 399.0 0.17687934301958302
46 43 48 0.0 0.0 108.0 0.0 2736.0 11.0 57.0 0.2896751500103455
46 43 49 0.0 0.0 0.0 0.0 36.0 0.0 0.0 0.6876227897838899
46 44 30 0.0 0.0 0.0 0.0 10.0 0.0 0.0 0.6965174129353233
46 44 31 0.0 0.0 44.0 0.0 817.0 8.0 3.0 0.4910557699052963
46 44 32 0.0 0.0 343.0 0.0 6998.0 23.0 563.0 0.15019847655830915
46 44 33 0.0 0.0 706.0 0.0 11487.0 25.0 4018.0 0.09864712514092445
46 44 34 0.0 0.0 441.0 0.0 8800.0 28.0 1415.0 0.124777183600713
46 44 35 0.0 0.0 612.0 0.0 10905.0 44.0 3098.0 0.10378057820607857
46 44 36 0.0 0.0 1141.0 0.0 13755.0 29.0 11399.0 0.08288437629506837
46 44 37 0.0 0.0 2340.0 0.0 11976.0 48.0 39676.0 0.08582112425672776
46 44 38 0.0 0.0 3129.0 0.0 10253.0 70.0 62847.0 0.0910924588457284
46 44 39 0.0 0.0 3099.0 0.0 11555.0 74.0 51968.0 0.08413967185527976
46 44 40 0.0 0.0 2750.0 0.0 12308.0 60.0 43661.0 0.08214998239643234
46 44 41 0.0 0.0 1770.0 0.0 13439.0 42.0 24820.0 0.08132915069129777
46 44 42 0.0 0.0 1750.0 0.0 13262.0 47.0 24716.0 0.08227550540667607
46 44 43 0.0 0.0 1081.0 0.0 13237.0 28.0 10409.0 0.08584743684081432
46 44 44 0.0 0.0 1487.0 0.0 13498.0 43.0 18909.0 0.08239171374764594
46 44 45 0.0 0.0 812.0 0.0 12426.0 26.0 5971.0 0.09191176470588233
46 44 46 0.0 0.0 422.0 0.0 8561.0 22.0 1390.0 0.1276207839562443
46 44 47 0.0 0.0 158.0 0.0 3607.0 22.0 109.0 0.2436901653611836
46 44 48 0.0 0.0 44.0 0.0 857.0 11.0 6.0 0.48459674627898913
46 44 49 0.0 0.0 0.0 0.0 14.0 0.0 0.0 0.6951340615690167
46 45 30 0.0 0.0 0.0 0.0 4.0 0.0 0.0 0.6986027944111775
46 45 31 0.0 0.0 109.0 0.0 2022.0 18.0 23.0 0.34038414782397275
46 45 32 0.0 0.0 40.0 0.0 1072.0 5.0 4.0 0.4505954296749275
46 45 33 0.0 0.0 75.0 0.0 2241.0 15.0 40.0 0.3255813953488371
46 45 34 0.0 0.0 250.0 0.0 5247.0 24.0 296.0 0.1872909698996655
46 45 35 0.0 0.0 616.0 0.0 10853.0 19.0 3189.0 0.1039809863339275
46 45 36 0.0 0.0 1183.0 0.0 13527.0 20.0 13136.0 0.08373205741626794
46 45 37 0.0 0.0 1738.0 0.0 13071.0 42.0 25486.0 0.0832639467110741
46 45 38 0.0 0.0 1930.0 0.0 13609.0 50.0 25421.0 0.07989955484533728
46 45 39 0.0 0.0 2409.0 0.0 11808.0 59.0 43535.0 0.08635578583765112
46 45 40 0.0 0.0 1670.0 0.0 13995.0 49.0 19715.0 0.07930214115781124
46 45 41 0.0 0.0 1546.0 0.0 13680.0 41.0 19314.0 0.08128193218764514
46 45 42 0.0 0.0 774.0 0.0 12394.0 26.0 5758.0 0.09237875288683602
46 45 43 0.0 0.0 827.0 0.0 12591.0 28.0 5947.0 0.0908265213442325
46 45 44 0.0 0.0 695.0 0.0 11547.0 29.0 3715.0 0.0983698707138842
46 45 45 0.0 0.0 522.0 0.0 9823.0 27.0 2232.0 0.1135626216742375
46 45 46 0.0 0.0 525.0 0.0 9747.0 22.0 2236.0 0.11422044545973728
46 45 47 0.0 0.0 89.0 0.0 2193.0 9.0 25.0 0.3277153558052434
46 45 48 0.0 0.0 0.0 0.0 17.0 0.0 0.0 0.694100148735746
46 45 49 0.0 0.0 0.0 0.0 1.0 0.0 0.0 0.6996501749125437
46 46 31 0.0 0.0 0.0 0.0 3.0 0.0 0.0 0.6989515726410384
46 46 32 0.0 0.0 0.0 0.0 24.0 0.0 0.0 0.6916996047430829
46 46 33 0.0 0.0 9.0 0.0 274.0 1.0 0.0 0.6137658921525645
46 46 34 0.0 0.0 214.0 0.0 4637.0 12.0 182.0 0.20467836257309938
46 46 35 0.0 0.0 398.0 0.0 8078.0 22.0 1159.0 0.13385600917869775
46 46 36 0.0 0.0 256.0 0.0 6282.0 20.0 579.0 0.16437712809674765
46 46 37 0.0 0.0 739.0 0.0 11817.0 30.0 4284.0 0.09625962596259625
46 46 38 0.0 0.0 1074.0 0.0 13556.0 20.0 10470.0 0.08418520745640408
46 46 39 0.0 0.0 1274.0 0.0 13504.0 48.0 14841.0 0.08349236641221373
46 46 40 0.0 0.0 855.0 0.0 12547.0 32.0 6253.0 0.09095043201455205
46 46 41 0.0 0.0 1037.0 0.0 13488.0 26.0 8999.0 0.08476115517345764
46 46 42 0.0 0.0 1414.0 0.0 13371.0 39.0 17645.0 0.0834326579261025
46 46 43 0.0 0.0 565.0 0.0 10438.0 22.0 2936.0 0.10775032709920726
46 46 44 0.0 0.0 463.0 0.0 9569.0 27.0 2112.0 0.11651131824234354
46 46 45 0.0 0.0 469.0 0.0 8635.0 20.0 1197.0 0.1261829652996845
46 46 46 0.0 0.0 185.0 0.0 4648.0 19.0 247.0 0.20530869628977852
46 46 47 0.0 0.0 0.0 0.0 80.0 0.0 0.0 0.6730769230769229
46 46 48 0.0 0.0 0.0 0.0 4.0 0.0 0.0 0.6986027944111775
46 47 32 0.0 0.0 0.0 0.0 8.0 0.0 0.0 0.697211155378486
46 47 33 0.0 0.0 163.0 0.0 3596.0 20.0 104.0 0.24385995471172264
46 47 34 0.0 0.0 107.0 0.0 2266.0 12.0 28.0 0.32110091743119257
46 47 35 0.0 0.0 21.0 0.0 578.0 5.0 2.0 0.5397070161912104
46 47 36 0.0 0.0 221.0 0.0 4883.0 23.0 210.0 0.19774011299435026
46 47 37 0.0 0.0 413.0 0.0 8839.0 34.0 1640.0 0.1246660730186999
46 47 38 0.0 0.0 760.0 0.0 12066.0 41.0 5586.0 0.09458820349976352
46 47 39 0.0 0.0 687.0 0.0 11645.0 31.0 5151.0 0.09779267951941882
46 47 40 0.0 0.0 448.0 0.0 9351.0 15.0 1924.0 0.11877492152371255
46 47 41 0.0 0.0 578.0 0.0 10067.0 20.0 2377.0 0.11079455523899967
46 47 42 0.0 0.0 207.0 0.0 5083.0 24.0 290.0 0.19270474879559527
46 47 43 0.0 0.0 713.0 0.0 11469.0 26.0 3939.0 0.0988351570773032
46 47 44 0.0 0.0 636.0 0.0 10889.0 22.0 3246.0 0.10359627053426076
46 47 45 0.0 0.0 46.0 0.0 1280.0 12.0 13.0 0.4223227752639517
46 47 46 0.0 0.0 126.0 0.0 2580.0 18.0 37.0 0.29850746268656714
46 47 47 0.0 0.0 1.0 0.0 42.0 0.0 0.0 0.6852667645619186
46 47 48 0.0 0.0 0.0 0.0 1.0 0.0 0.0 0.6996501749125437
46 48 32 0.0 0.0 0.0 0.0 1.0 0.0 0.0 0.6996501749125437
46 48 33 0.0 0.0 0.0 0.0 5.0 0.0 0.0 0.6982543640897755
46 48 34 0.0 0.0 4.0 0.0 47.0 0.0 0.0 0.68259385665529
46 48 35 0.0 0.0 0.0 0.0 36.0 0.0 0.0 0.6876227897838899
46 48 36 0.0 0.0 6.0 0.0 170.0 0.0 0.0 0.6433823529411764
46 48 37 0.0 0.0 162.0 0.0 4091.0 11.0 166.0 0.22417934347477977
46 48 38 0.0 0.0 286.0 0.0 6358.0 21.0 507.0 0.16224359717232587
46 48 39 0.0 0.0 80.0 0.0 2451.0 17.0 41.0 0.310146211785556
46 48 40 0.0 0.0 49.0 0.0 1432.0 7.0 14.0 0.4031097034264324
46 48 41 0.0 0.0 81.0 0.0 2183.0 14.0 39.0 0.32925682031984943
46 48 42 0.0 0.0 75.0 0.0 1864.0 8.0 18.0 0.3560528992878942
46 48 43 0.0 0.0 16.0 0.0 564.0 4.0 5.0 0.5434782608695652
46 48 44 0.0 0.0 123.0 0.0 3080.0 17.0 64.0 0.2698015031798034
46 48 45 0.0 0.0 6.0 0.0 151.0 1.0 0.0 0.6493506493506492
46 48 46 0.0 0.0 3.0 0.0 45.0 0.0 0.0 0.6839276990718123
46 48 47 0.0 0.0 0.0 0.0 9.0 0.0 0.0 0.6968641114982577
46 48 48 0.0 0.0 0.0 0.0 2.0 0.0 0.0 0.6993006993006992
46 49 36 0.0 0.0 0.0 0.0 2.0 0.0 0.0 0.6996501749125437
46 49 37 0.0 0.0 0.0 0.0 25.0 2.0 0.0 0.6920415224913494
46 49 38 0.0 0.0 167.0 0.0 3383.0 21.0 62.0 0.2531187850298318
46 49 39 0.0 0.0 8.0 0.0 158.0 3.0 0.0 0.6472491909385112
46 49 40 0.0 0.0 6.0 0.0 193.0 2.0 0.0 0.6372325898953117
46 49 41 0.0 0.0 0.0 0.0 29.0 0.0 0.0 0.6899950714637751
46 49 42 0.0 0.0 0.0 0.0 37.0 0.0 0.0 0.6872852233676975
46 49 43 0.0 0.0 3.0 0.0 53.0 2.0 0.0 0.6815968841285296
46 49 44 0.0 0.0 2.0 0.0 40.0 1.0 0.0 0.6866110838646394
46 49 45 0.0 0.0 0.0 0.0 1.0 0.0 0.0 0.6996501749125437
46 50 37 0.0 0.0 0.0 0.0 1.0 0.0 0.0 0.6996501749125437
46 50 38 0.0 0.0 1.0 0.0 3.0 0.0 0.0 0.6986027944111775
46 50 39 0.0 0.0 0.0 0.0 1.0 0.0 0.0 0.6996501749125437
47 30 37 0.0 0.0 0.0 0.0 2.0 0.0 0.0 0.6993006993006992
47 31 34 0.0 0.0 62.0 0.0 1233.0 13.0 8.0 0.4264392324093816
47 31 35 0.0 0.0 31.0 0.0 586.0 9.0 5.0 0.5368098159509201
47 31 36 0.0 0.0 98.0 0.0 2584.0 18.0 39.0 0.3001715265866209
47 31 37 0.0 0.0 23.0 0.0 695.0 7.0 1.0 0.5164146071560309
47 31 38 0.0 0.0 4.0 0.0 186.0 1.0 0.0 0.639561443581544
47 31 39 0.0 0.0 22.0 0.0 597.0 10.0 1.0 0.5366040628593329
47 31 40 0.0 0.0 2.0 0.0 104.0 1.0 0.0 0.6650831353919239
47 31 41 0.0 0.0 1.0 0.0 47.0 0.0 0.0 0.6835937499999999
47 31 42 0.0 0.0 11.0 0.0 293.0 7.0 1.0 0.6094906399651718
47 31 43 0.0 0.0 2.0 0.0 35.0 2.0 0.0 0.6879606879606879
47 31 44 0.0 0.0 0.0 0.0 10.0 0.0 0.0 0.6965174129353233
47 32 33 0.0 0.0 0.0 0.0 5.0 0.0 0.0 0.6982543640897755
47 32 34 0.0 0.0 6.0 0.0 114.0 1.0 0.0 0.6606890042472864
47 32 35 0.0 0.0 261.0 0.0 5689.0 27.0 406.0 0.17667844522968196
47 32 36 0.0 0.0 54.0 0.0 1395.0 10.0 10.0 0.40721349621873176
47 32 37 0.0 0.0 255.0 0.0 5486.0 21.0 327.0 0.18122977346278316
47 32 38 0.0 0.0 194.0 0.0 4604.0 20.0 204.0 0.20658108307510697
47 32 39 0.0 0.0 85.0 0.0 1983.0 7.0 21.0 0.3448275862068965
47 32 40 0.0 0.0 41.0 0.0 1046.0 5.0 3.0 0.454397922752353
47 32 41 0.0 0.0 57.0 0.0 1520.0 13.0 15.0 0.3929273084479371
47 32 42 0.0 0.0 38.0 0.0 944.0 6.0 6.0 0.47043010752688164
47 32 43 0.0 0.0 50.0 0.0 1069.0 11.0 9.0 0.4504504504504504
47 32 44 0.0 0.0 9.0 0.0 145.0 2.0 0.0 0.6505576208178437
47 32 45 0.0 0.0 0.0 0.0 6.0 0.0 0.0 0.6979062811565303
47 32 46 0.0 0.0 0.0 0.0 1.0 0.0 0.0 0.6996501749125437
47 32 47 0.0 0.0 0.0 0.0 1.0 0.0 0.0 0.6996501749125437
47 33 32 0.0 0.0 0.0 0.0 13.0 0.0 0.0 0.695479384003974
47 33 33 0.0 0.0 1.0 0.0 37.0 0.0 0.0 0.6869479882237487
47 33 34 0.0 0.0 42.0 0.0 1040.0 8.0 6.0 0.4554326610279765
47 33 35 0.0 0.0 164.0 0.0 3747.0 23.0 118.0 0.23781212841854932
47 33 36 0.0 0.0 558.0 0.0 10389.0 20.0 2992.0 0.10818329340854646
47 33 37 0.0 0.0 456.0 0.0 9216.0 17.0 1750.0 0.12007890899734108
47 33 38 0.0 0.0 664.0 0.0 11592.0 28.0 5874.0 0.09828699803426003
47 33 39 0.0 0.0 200.0 0.0 5445.0 12.0 395.0 0.1833420639078051
47 33 40 0.0 0.0 579.0 0.0 10755.0 20.0 3166.0 0.10501837821618783
47 33 41 0.0 0.0 402.0 0.0 8401.0 16.0 1169.0 0.12971370332622995
47 33 42 0.0 0.0 510.0 0.0 8886.0 26.0 1313.0 0.12304447178766037
47 33 43 0.0 0.0 126.0 0.0 2866.0 20.0 60.0 0.28157683024939656
47 33 44 0.0 0.0 38.0 0.0 1402.0 8.0 13.0 0.4080443019527834
47 33 45 0.0 0.0 0.0 0.0 57.0 0.0 0.0 0.6806028196402526
47 33 46 0.0 0.0 129.0 0.0 2784.0 14.0 54.0 0.2855977152182782
47 33 47 0.0 0.0 0.0 0.0 4.0 0.0 0.0 0.6986027944111775
47 34 32 0.0 0.0 2.0 0.0 80.0 1.0 0.0 0.6727534839019701
47 34 33 0.0 0.0 215.0 0.0 5025.0 19.0 296.0 0.19382528035442337
47 34 34 0.0 0.0 137.0 0.0 4184.0 26.0 172.0 0.22232809274257578
47 34 35 0.0 0.0 368.0 0.0 8160.0 26.0 1128.0 0.13319379697459802
47 34 36 0.0 0.0 340.0 0.0 7466.0 23.0 789.0 0.14301767289815095
47 34 37 0.0 0.0 789.0 0.0 12221.0 29.0 5616.0 0.09336445481827274
47 34 38 0.0 0.0 813.0 0.0 12530.0 37.0 6536.0 0.09130633274636403
47 34 39 0.0 0.0 694.0 0.0 11724.0 21.0 4611.0 0.0971614962870428
47 34 40 0.0 0.0 997.0 0.0 13264.0 26.0 7858.0 0.08618036318867342
47 34 41 0.0 0.0 864.0 0.0 12706.0 27.0 8560.0 0.08992805755395683
47 34 42 0.0 0.0 702.0 0.0 11593.0 26.0 4252.0 0.09799118079372855
47 34 43 0.0 0.0 440.0 0.0 8878.0 23.0 1592.0 0.12387188108299414
47 34 44 0.0 0.0 178.0 0.0 4100.0 27.0 146.0 0.22378516624040917
47 34 45 0.0 0.0 254.0 0.0 4976.0 23.0 219.0 0.19425558484806432
47 34 46 0.0 0.0 37.0 0.0 1124.0 12.0 4.0 0.4447268106734434
47 34 47 0.0 0.0 0.0 0.0 59.0 0.0 0.0 0.6799417192812044
47 34 48 0.0 0.0 0.0 0.0 10.0 0.0 0.0 0.6965174129353233
47 34 49 0.0 0.0 0.0 0.0 1.0 0.0 0.0 0.6996501749125437
47 35 31 0.0 0.0 7.0 0.0 144.0 2.0 0.0 0.6514657980456026
47 35 32 0.0 0.0 40.0 0.0 1215.0 7.0 7.0 0.43130006161429446
47 35 33 0.0 0.0 416.0 0.0 8730.0 24.0 1522.0 0.125752268031977
47 35 34 0.0 0.0 469.0 0.0 9371.0 25.0 1937.0 0.11841326228537594
47 35 35 0.0 0.0 378.0 0.0 8271.0 15.0 1212.0 0.13160368490317725
47 35 36 0.0 0.0 913.0 0.0 12735.0 29.0 7099.0 0.08945686900958466
47 35 37 0.0 0.0 959.0 0.0 13056.0 38.0 9902.0 0.08744534665833853
47 35 38 0.0 0.0 1010.0 0.0 13185.0 29.0 9200.0 0.086446434084594
47 35 39 0.0 0.0 1780.0 0.0 13135.0 52.0 25466.0 0.08278635207852876
47 35 40 0.0 0.0 1759.0 0.0 13152.0 51.0 24194.0 0.08287946957139473
47 35 41 0.0 0.0 1311.0 0.0 13474.0 33.0 15799.0 0.08337800011911142
47 35 42 0.0 0.0 1618.0 0.0 13292.0 37.0 22499.0 0.082703213610586
47 35 43 0.0 0.0 1389.0 0.0 13406.0 40.0 17542.0 0.08339786739739083
47 35 44 0.0 0.0 332.0 0.0 7315.0 25.0 837.0 0.14545454545454542
47 35 45 0.0 0.0 235.0 0.0 5284.0 23.0 291.0 0.18661690215942414
47 35 46 0.0 0.0 289.0 0.0 6367.0 26.0 542.0 0.16220600162206
47 35 47 0.0 0.0 20.0 0.0 660.0 3.0 2.0 0.5231689088191329
47 35 48 0.0 0.0 66.0 0.0 1825.0 13.0 12.0 0.36101083032490966
47 35 49 0.0 0.0 0.0 0.0 4.0 0.0 0.0 0.6986027944111775
47 36 30 0.0 0.0 0.0 0.0 1.0 0.0 0.0 0.6996501749125437
47 36 31 0.0 0.0 21.0 0.0 472.0 2.0 2.0 0.5620232838217583
47 36 32 0.0 0.0 141.0 0.0 3472.0 16.0 92.0 0.25008931761343334
47 36 33 0.0 0.0 139.0 0.0 3072.0 15.0 59.0 0.26938618433711753
47 36 34 0.0 0.0 627.0 0.0 11065.0 29.0 3652.0 0.10236911377595788
47 36 35 0.0 0.0 856.0 0.0 12432.0 27.0 6544.0 0.09156910196873569
47 36 36 0.0 0.0 1127.0 0.0 13574.0 34.0 9390.0 0.0838423763324949
47 36 37 0.0 0.0 1664.0 0.0 12991.0 40.0 25298.0 0.08398320335932813
47 36 38 0.0 0.0 1559.0 0.0 13934.0 44.0 19426.0 0.08005031734232945
47 36 39 0.0 0.0 2120.0 0.0 13019.0 36.0 31527.0 0.08154231463684547
47 36 40 0.0 0.0 2236.0 0.0 13302.0 62.0 31557.0 0.07984031936127743
47 36 41 0.0 0.0 2396.0 0.0 12205.0 60.0 39378.0 0.08435767654856591
47 36 42 0.0 0.0 1644.0 0.0 13310.0 51.0 22666.0 0.08262999468807176
47 36 43 0.0 0.0 1194.0 0.0 13694.0 37.0 12724.0 0.08291873963515753
47 36 44 0.0 0.0 1056.0 0.0 13115.0 38.0 11623.0 0.08660150934059135
47 36 45 0.0 0.0 742.0 0.0 11667.0 34.0 3800.0 0.09721547114783695
47 36 46 0.0 0.0 572.0 0.0 10505.0 24.0 2779.0 0.1070827596756922
47 36 47 0.0 0.0 112.0 0.0 2675.0 23.0 36.0 0.29387069689336687
47 36 48 0.0 0.0 142.0 0.0 3541.0 11.0 130.0 0.2467830072272166
47 36 49 0.0 0.0 0.0 0.0 16.0 0.0 0.0 0.6944444444444444
47 37 30 0.0 0.0 0.0 0.0 2.0 0.0 0.0 0.6993006993006992
47 37 31 0.0 0.0 13.0 0.0 343.0 5.0 1.0 0.5954912803062525
47 37 32 0.0 0.0 58.0 0.0 1617.0 12.0 10.0 0.38230475150191146
47 37 33 0.0 0.0 541.0 0.0 10383.0 28.0 2974.0 0.10843466811246223
47 37 34 0.0 0.0 473.0 0.0 9704.0 20.0 2007.0 0.11510318178081065
47 37 35 0.0 0.0 856.0 0.0 12768.0 30.0 7312.0 0.08965738072366312
47 37 36 0.0 0.0 989.0 0.0 13038.0 37.0 8658.0 0.0874508089199825
47 37 37 0.0 0.0 1392.0 0.0 13807.0 30.0 15847.0 0.08138588536216719
47 37 38 0.0 0.0 2129.0 0.0 13001.0 65.0 31447.0 0.0816850458019721
47 37 39 0.0 0.0 2490.0 0.0 13216.0 60.0 35399.0 0.07906924206483677
47 37 40 0.0 0.0 2823.0 0.0 11854.0 58.0 48434.0 0.08389764487325461
47 37 41 0.0 0.0 2374.0 0.0 13087.0 58.0 34222.0 0.08010528122675516
47 37 42 0.0 0.0 2112.0 0.0 12832.0 37.0 32326.0 0.0826739104759655
47 37 43 0.0 0.0 1902.0 0.0 13274.0 49.0 27790.0 0.08146165483533106
47 37 44 0.0 0.0 1259.0 0.0 13495.0 39.0 14138.0 0.08363701535336639
47 37 45 0.0 0.0 849.0 0.0 12481.0 30.0 6120.0 0.09140767824497256
47 37 46 0.0 0.0 661.0 0.0 11428.0 14.0 4585.0 0.0993330495246204
47 37 47 0.0 0.0 491.0 0.0 9106.0 31.0 1583.0 0.12090854132481213
47 37 48 0.0 0.0 72.0 0.0 1980.0 9.0 22.0 0.34619188921859545
47 37 49 0.0 0.0 5.0 0.0 75.0 0.0 0.0 0.6730769230769229
47 38 30 0.0 0.0 0.0 0.0 2.0 0.0 0.0 0.6993006993006992
47 38 31 0.0 0.0 1.0 0.0 85.0 1.0 0.0 0.6714628297362109
47 38 32 0.0 0.0 262.0 0.0 5398.0 17.0 380.0 0.18307833137177978
47 38 33 0.0 0.0 590.0 0.0 9922.0 26.0 1857.0 0.11211660126531592
47 38 34 0.0 0.0 636.0 0.0 11122.0 30.0 3941.0 0.10187004293094665
47 38 35 0.0 0.0 767.0 0.0 12029.0 23.0 5193.0 0.09469056476158268
47 38 36 0.0 0.0 1153.0 0.0 13707.0 29.0 11007.0 0.08297279677591417
47 38 37 0.0 0.0 1926.0 0.0 12958.0 45.0 28554.0 0.08297279677591417
47 38 38 0.0 0.0 2187.0 0.0 12499.0 53.0 34665.0 0.08386748936680044
47 38 39 0.0 0.0 2491.0 0.0 12599.0 61.0 39349.0 0.0819480215406228
47 38 40 0.0 0.0 2617.0 0.0 12995.0 73.0 37362.0 0.07950931394820536
47 38 41 0.0 0.0 2840.0 0.0 11288.0 63.0 50992.0 0.08677865245149692
47 38 42 0.0 0.0 2207.0 0.0 12857.0 53.0 33548.0 0.0821307051507685
47 38 43 0.0 0.0 2162.0 0.0 12043.0 49.0 36997.0 0.08648381517173213
47 38 44 0.0 0.0 1292.0 0.0 13702.0 38.0 14612.0 0.08243052284503061
47 38 45 0.0 0.0 1181.0 0.0 13645.0 21.0 11236.0 0.0832045643646737
47 38 46 0.0 0.0 637.0 0.0 10981.0 29.0 3483.0 0.10295631710545666
47 38 47 0.0 0.0 366.0 0.0 7512.0 24.0 902.0 0.14197343068654295
47 38 48 0.0 0.0 120.0 0.0 2922.0 12.0 58.0 0.27838536488367466
47 38 49 0.0 0.0 14.0 0.0 559.0 1.0 2.0 0.5443234836702955
47 39 30 0.0 0.0 0.0 0.0 5.0 0.0 0.0 0.6982543640897755
47 39 31 0.0 0.0 33.0 0.0 995.0 6.0 5.0 0.46326935804103236
47 39 32 0.0 0.0 340.0 0.0 7826.0 20.0 1166.0 0.13794462508621536
47 39 33 0.0 0.0 540.0 0.0 10460.0 24.0 3194.0 0.10785824345146378
47 39 34 0.0 0.0 807.0 0.0 12533.0 29.0 6523.0 0.09128251939753536
47 39 35 0.0 0.0 1288.0 0.0 13542.0 35.0 15107.0 0.08324414317992626
47 39 36 0.0 0.0 1610.0 0.0 13403.0 49.0 21969.0 0.08235778575210306
47 39 37 0.0 0.0 1733.0 0.0 13707.0 47.0 22267.0 0.08032589362556657
47 39 38 0.0 0.0 2411.0 0.0 12791.0 65.0 36318.0 0.08140954817700762
47 39 39 0.0 0.0 2180.0 0.0 13331.0 54.0 30713.0 0.07990867579908675
47 39 40 0.0 0.0 2669.0 0.0 12872.0 66.0 38810.0 0.0799177988354835
47 39 41 0.0 0.0 2451.0 0.0 12805.0 59.0 37080.0 0.08115942028985507
47 39 42 0.0 0.0 2685.0 0.0 11658.0 57.0 47389.0 0.08568455841850785
47 39 43 0.0 0.0 1975.0 0.0 13618.0 57.0 27173.0 0.07964501080896574
47 39 44 0.0 0.0 2029.0 0.0 12557.0 48.0 32592.0 0.08439836026042921
47 39 45 0.0 0.0 1081.0 0.0 13515.0 33.0 9834.0 0.08441362677117877
47 39 46 0.0 0.0 1067.0 0.0 13168.0 32.0 11821.0 0.08628127696289904
47 39 47 0.0 0.0 627.0 0.0 10724.0 19.0 2897.0 0.10493965969567497
47 39 48 0.0 0.0 250.0 0.0 5271.0 30.0 294.0 0.18686599038974902
47 39 49 0.0 0.0 0.0 0.0 54.0 0.0 0.0 0.6815968841285296
47 39 50 0.0 0.0 0.0 0.0 2.0 0.0 0.0 0.6993006993006992
47 40 30 0.0 0.0 0.0 0.0 5.0 0.0 0.0 0.6982543640897755
47 40 31 0.0 0.0 4.0 0.0 185.0 2.0 0.0 0.6404391582799633
47 40 32 0.0 0.0 150.0 0.0 3616.0 18.0 126.0 0.24360535931790497
47 40 33 0.0 0.0 788.0 0.0 11989.0 32.0 5107.0 0.09481882831019302
47 40 34 0.0 0.0 1139.0 0.0 13038.0 34.0 13732.0 0.08653727283965879
47 40 35 0.0 0.0 1465.0 0.0 13323.0 32.0 20117.0 0.08337800011911142
47 40 36 0.0 0.0 1629.0 0.0 13133.0 34.0 23415.0 0.08348738744111156
47 40 37 0.0 0.0 1581.0 0.0 13644.0 38.0 20446.0 0.08126306013466449
47 40 38 0.0 0.0 2336.0 0.0 12687.0 63.0 36325.0 0.08228034087569791
47 40 39 0.0 0.0 2362.0 0.0 13007.0 72.0 34865.0 0.08066839527513683
47 40 40 0.0 0.0 2182.0 0.0 13309.0 50.0 30558.0 0.08003658815458493
47 40 41 0.0 0.0 2142.0 0.0 13490.0 43.0 28400.0 0.07932910244786945
47 40 42 0.0 0.0 2420.0 0.0 12152.0 55.0 40562.0 0.08447984552256818
47 40 43 0.0 0.0 1491.0 0.0 14084.0 49.0 15931.0 0.0796903460837887
47 40 44 0.0 0.0 1209.0 0.0 13840.0 23.0 11270.0 0.08210180623973726
47 40 45 0.0 0.0 1189.0 0.0 13691.0 32.0 11397.0 0.08288928359976316
47 40 46 0.0 0.0 696.0 0.0 11543.0 31.0 3908.0 0.09845288326300984
47 40 47 0.0 0.0 540.0 0.0 10267.0 24.0 2568.0 0.1094519584082558
47 40 48 0.0 0.0 185.0 0.0 4945.0 15.0 289.0 0.1967397414277684
47 40 49 0.0 0.0 0.0 0.0 35.0 0.0 0.0 0.6882989183874139
47 41 30 0.0 0.0 0.0 0.0 2.0 0.0 0.0 0.6993006993006992
47 41 31 0.0 0.0 19.0 0.0 541.0 5.0 0.0 0.547945205479452
47 41 32 0.0 0.0 237.0 0.0 4906.0 23.0 194.0 0.19654639898918994
47 41 33 0.0 0.0 219.0 0.0 5590.0 20.0 405.0 0.17971758664955065
47 41 34 0.0 0.0 783.0 0.0 12270.0 21.0 5944.0 0.09297383450657457
47 41 35 0.0 0.0 1166.0 0.0 13474.0 30.0 12487.0 0.0840891344825515
47 41 36 0.0 0.0 1817.0 0.0 12905.0 48.0 27819.0 0.08367200573750895
47 41 37 0.0 0.0 2009.0 0.0 12877.0 45.0 30701.0 0.08292856296647316
47 41 38 0.0 0.0 2312.0 0.0 13678.0 53.0 30942.0 0.07778642071341259
47 41 39 0.0 0.0 2347.0 0.0 13115.0 56.0 34453.0 0.08016950123117447
47 41 40 0.0 0.0 2196.0 0.0 13025.0 65.0 32233.0 0.08131970260223047
47 41 41 0.0 0.0 1929.0 0.0 13436.0 47.0 25803.0 0.08059873344847437
47 41 42 0.0 0.0 1716.0 0.0 13298.0 39.0 23785.0 0.08226583617346338
47 41 43 0.0 0.0 1269.0 0.0 13974.0 39.0 11446.0 0.08118765947575968
47 41 44 0.0 0.0 1343.0 0.0 13591.0 28.0 14967.0 0.08260074340669064
47 41 45 0.0 0.0 754.0 0.0 11952.0 18.0 5391.0 0.09518629317378297
47 41 46 0.0 0.0 725.0 0.0 11786.0 18.0 5133.0 0.09649848359525777
47 41 47 0.0 0.0 776.0 0.0 12055.0 31.0 5991.0 0.0944478175807866
47 41 48 0.0 0.0 156.0 0.0 3833.0 21.0 124.0 0.2345451499413637
47 41 49 0.0 0.0 0.0 0.0 32.0 0.0 0.0 0.6889763779527558
47 42 30 0.0 0.0 0.0 0.0 6.0 0.0 0.0 0.6979062811565303
47 42 31 0.0 0.0 11.0 0.0 365.0 5.0 1.0 0.5904681568958244
47 42 32 0.0 0.0 88.0 0.0 2276.0 12.0 27.0 0.32176511146862785
47 42 33 0.0 0.0 257.0 0.0 5440.0 26.0 342.0 0.1823866597186034
47 42 34 0.0 0.0 466.0 0.0 9125.0 24.0 1575.0 0.12093987560469938
47 42 35 0.0 0.0 880.0 0.0 12707.0 30.0 6277.0 0.08981843844229165
47 42 36 0.0 0.0 1678.0 0.0 13030.0 37.0 25127.0 0.08380724334031725
47 42 37 0.0 0.0 2068.0 0.0 12710.0 42.0 31274.0 0.08341277407054336
47 42 38 0.0 0.0 2438.0 0.0 12650.0 62.0 37492.0 0.08190008190008188
47 42 39 0.0 0.0 2385.0 0.0 12781.0 43.0 36495.0 0.08149959250203748
47 42 40 0.0 0.0 2260.0 0.0 13156.0 60.0 32500.0 0.08046439450543134
47 42 41 0.0 0.0 1694.0 0.0 13637.0 40.0 22668.0 0.08076146524372656
47 42 42 0.0 0.0 1253.0 0.0 13874.0 32.0 12730.0 0.08173750583839326
47 42 43 0.0 0.0 1129.0 0.0 13421.0 30.0 10745.0 0.08460236886632824
47 42 44 0.0 0.0 739.0 0.0 11773.0 32.0 4120.0 0.09655838333678184
47 42 45 0.0 0.0 892.0 0.0 12784.0 30.0 7078.0 0.08936550491510276
47 42 46 0.0 0.0 643.0 0.0 11251.0 31.0 4397.0 0.10090817356205851
47 42 47 0.0 0.0 485.0 0.0 9475.0 21.0 1793.0 0.11715481171548116
47 42 48 0.0 0.0 16.0 0.0 551.0 4.0 1.0 0.5462348809988293
47 42 49 0.0 0.0 42.0 0.0 864.0 14.0 3.0 0.4839267196681645
47 43 30 0.0 0.0 0.0 0.0 8.0 0.0 0.0 0.697211155378486
47 43 31 0.0 0.0 7.0 0.0 151.0 1.0 0.0 0.6493506493506492
47 43 32 0.0 0.0 22.0 0.0 567.0 10.0 1.0 0.5426356589147286
47 43 33 0.0 0.0 254.0 0.0 5438.0 16.0 283.0 0.18231540565177756
47 43 34 0.0 0.0 189.0 0.0 4720.0 17.0 217.0 0.2030456852791878
47 43 35 0.0 0.0 761.0 0.0 12007.0 33.0 5072.0 0.09492812584757254
47 43 36 0.0 0.0 1182.0 0.0 13415.0 21.0 13059.0 0.08426628144938003
47 43 37 0.0 0.0 1529.0 0.0 13320.0 46.0 21856.0 0.08309591642924975
47 43 38 0.0 0.0 2383.0 0.0 12767.0 54.0 37410.0 0.08157557394243095
47 43 39 0.0 0.0 2385.0 0.0 12373.0 50.0 38756.0 0.0835222527144732
47 43 40 0.0 0.0 2036.0 0.0 13304.0 47.0 29527.0 0.08069164265129682
47 43 41 0.0 0.0 1344.0 0.0 13962.0 32.0 13720.0 0.08087343307723412
47 43 42 0.0 0.0 1333.0 0.0 13927.0 38.0 14499.0 0.0811076994380395
47 43 43 0.0 0.0 902.0 0.0 12896.0 33.0 7716.0 0.08865248226950354
47 43 44 0.0 0.0 601.0 0.0 10825.0 23.0 3552.0 0.10439970171513795
47 43 45 0.0 0.0 486.0 0.0 9179.0 22.0 1559.0 0.12018198987037512
47 43 46 0.0 0.0 635.0 0.0 11170.0 27.0 4298.0 0.1015007612557094
47 43 47 0.0 0.0 235.0 0.0 5624.0 20.0 395.0 0.1785486545083535
47 43 48 0.0 0.0 41.0 0.0 920.0 8.0 4.0 0.4740941415509651
47 43 49 0.0 0.0 6.0 0.0 134.0 1.0 0.0 0.6545114539504441
47 44 30 0.0 0.0 0.0 0.0 4.0 0.0 0.0 0.6986027944111775
47 44 31 0.0 0.0 13.0 0.0 490.0 4.0 2.0 0.5602240896358542
47 44 32 0.0 0.0 293.0 0.0 5930.0 21.0 376.0 0.17060687301974164
47 44 33 0.0 0.0 71.0 0.0 1707.0 14.0 16.0 0.3719447396386822
47 44 34 0.0 0.0 73.0 0.0 1839.0 11.0 26.0 0.3590664272890484
47 44 35 0.0 0.0 420.0 0.0 8801.0 17.0 1449.0 0.12483281319661164
47 44 36 0.0 0.0 943.0 0.0 13120.0 20.0 8407.0 0.08712427655734643
47 44 37 0.0 0.0 1519.0 0.0 13283.0 40.0 20900.0 0.08338793257490022
47 44 38 0.0 0.0 2240.0 0.0 12521.0 46.0 35026.0 0.0834625014904018
47 44 39 0.0 0.0 2215.0 0.0 12180.0 53.0 37608.0 0.08529823920063363
47 44 40 0.0 0.0 1950.0 0.0 13126.0 54.0 27914.0 0.08205368655491735
47 44 41 0.0 0.0 1409.0 0.0 13092.0 43.0 19260.0 0.08487420430433464
47 44 42 0.0 0.0 920.0 0.0 12896.0 19.0 7685.0 0.08855154965211891
47 44 43 0.0 0.0 700.0 0.0 11785.0 22.0 4238.0 0.0966984390109131
47 44 44 0.0 0.0 683.0 0.0 11264.0 30.0 3970.0 0.10050972790580802
47 44 45 0.0 0.0 380.0 0.0 7734.0 15.0 987.0 0.1384630600336267
47 44 46 0.0 0.0 95.0 0.0 2482.0 10.0 49.0 0.3066141042487954
47 44 47 0.0 0.0 6.0 0.0 265.0 3.0 1.0 0.6172839506172839
47 44 48 0.0 0.0 0.0 0.0 14.0 0.0 0.0 0.6951340615690167
47 44 49 0.0 0.0 2.0 0.0 16.0 1.0 0.0 0.694100148735746
47 45 31 0.0 0.0 0.0 0.0 21.0 0.0 0.0 0.6927263730826323
47 45 32 0.0 0.0 7.0 0.0 121.0 3.0 0.0 0.6588235294117646
47 45 33 0.0 0.0 17.0 0.0 481.0 4.0 0.0 0.5615724027276373
47 45 34 0.0 0.0 27.0 0.0 960.0 9.0 8.0 0.4701141705842847
47 45 35 0.0 0.0 617.0 0.0 10833.0 25.0 2921.0 0.10418216996576869
47 45 36 0.0 0.0 867.0 0.0 12567.0 20.0 8392.0 0.09070294784580497
47 45 37 0.0 0.0 1313.0 0.0 13834.0 27.0 14089.0 0.08163265306122448
47 45 38 0.0 0.0 1628.0 0.0 13100.0 43.0 24096.0 0.08372204281784475
47 45 39 0.0 0.0 1479.0 0.0 13260.0 37.0 19683.0 0.08364201218783605
47 45 40 0.0 0.0 873.0 0.0 12597.0 25.0 5861.0 0.0905211431527221
47 45 41 0.0 0.0 1265.0 0.0 13510.0 41.0 15113.0 0.08349236641221373
47 45 42 0.0 0.0 351.0 0.0 8116.0 17.0 1199.0 0.13392003061029267
47 45 43 0.0 0.0 248.0 0.0 5231.0 12.0 276.0 0.18749162983795362
47 45 44 0.0 0.0 399.0 0.0 8445.0 15.0 1273.0 0.1292586095466716
47 45 45 0.0 0.0 155.0 0.0 3403.0 21.0 96.0 0.25275320454955763
47 45 46 0.0 0.0 33.0 0.0 1095.0 6.0 7.0 0.4484304932735425
47 45 47 0.0 0.0 64.0 0.0 1306.0 12.0 12.0 0.4169148302561048
47 45 48 0.0 0.0 0.0 0.0 3.0 0.0 0.0 0.6989515726410384
47 46 30 0.0 0.0 0.0 0.0 1.0 0.0 0.0 0.6996501749125437
47 46 31 0.0 0.0 0.0 0.0 1.0 0.0 0.0 0.6996501749125437
47 46 32 0.0 0.0 0.0 0.0 3.0 0.0 0.0 0.6989515726410384
47 46 33 0.0 0.0 0.0 0.0 20.0 0.0 0.0 0.6930693069306929
47 46 34 0.0 0.0 23.0 0.0 606.0 4.0 0.0 0.5335365853658536
47 46 35 0.0 0.0 281.0 0.0 6383.0 21.0 588.0 0.16192458940550541
47 46 36 0.0 0.0 541.0 0.0 10156.0 13.0 2449.0 0.11030570438071224
47 46 37 0.0 0.0 611.0 0.0 10435.0 17.0 2378.0 0.10733726903319787
47 46 38 0.0 0.0 1139.0 0.0 12934.0 35.0 14034.0 0.08711343413602139
47 46 39 0.0 0.0 1135.0 0.0 13327.0 40.0 13081.0 0.08506501397496657
47 46 40 0.0 0.0 907.0 0.0 12736.0 32.0 8030.0 0.08956560680698611
47 46 41 0.0 0.0 494.0 0.0 9577.0 23.0 1972.0 0.1160573654978032
47 46 42 0.0 0.0 754.0 0.0 11878.0 25.0 4906.0 0.09573958831977022
47 46 43 0.0 0.0 171.0 0.0 4214.0 28.0 167.0 0.22019502988361117
47 46 44 0.0 0.0 162.0 0.0 3545.0 25.0 100.0 0.2464354867100862
47 46 45 0.0 0.0 216.0 0.0 4852.0 16.0 216.0 0.19849709343541752
47 46 46 0.0 0.0 10.0 0.0 456.0 2.0 0.0 0.5681818181818181
47 46 47 0.0 0.0 9.0 0.0 210.0 4.0 0.0 0.6320541760722347
47 47 32 0.0 0.0 0.0 0.0 3.0 0.0 0.0 0.6989515726410384
47 47 33 0.0 0.0 0.0 0.0 3.0 0.0 0.0 0.6989515726410384
47 47 34 0.0 0.0 7.0 0.0 159.0 3.0 0.0 0.6472491909385112
47 47 35 0.0 0.0 23.0 0.0 510.0 6.0 0.0 0.5540166204986148
47 47 36 0.0 0.0 77.0 0.0 1840.0 13.0 26.0 0.3586065573770491
47 47 37 0.0 0.0 377.0 0.0 7944.0 26.0 1111.0 0.13598834385624087
47 47 38 0.0 0.0 289.0 0.0 6728.0 17.0 657.0 0.15548645046645931
47 47 39 0.0 0.0 563.0 0.0 10351.0 30.0 2540.0 0.10857763300760041
47 47 40 0.0 0.0 443.0 0.0 8909.0 24.0 1430.0 0.12355484952784396
47 47 41 0.0 0.0 393.0 0.0 7995.0 23.0 998.0 0.13504388926401079
47 47 42 0.0 0.0 325.0 0.0 7164.0 15.0 857.0 0.14769490452579384
47 47 43 0.0 0.0 288.0 0.0 5579.0 17.0 312.0 0.17823042647994905
47 47 44 0.0 0.0 84.0 0.0 1828.0 17.0 20.0 0.3595274781715459
47 47 45 0.0 0.0 31.0 0.0 568.0 5.0 0.0 0.5397070161912104
47 47 46 0.0 0.0 0.0 0.0 18.0 0.0 0.0 0.6937561942517343
47 47 47 0.0 0.0 0.0 0.0 2.0 0.0 0.0 0.6993006993006992
47 48 32 0.0 0.0 0.0 0.0 2.0 0.0 0.0 0.6993006993006992
47 48 33 0.0 0.0 0.0 0.0 4.0 0.0 0.0 0.6986027944111775
47 48 34 0.0 0.0 0.0 0.0 1.0 0.0 0.0 0.6996501749125437
47 48 35 0.0 0.0 0.0 0.0 6.0 0.0 0.0 0.6979062811565303
47 48 36 0.0 0.0 7.0 0.0 154.0 2.0 0.0 0.6484483557202407
47 48 37 0.0 0.0 19.0 0.0 445.0 3.0 2.0 0.5688744412840308
47 48 38 0.0 0.0 9.0 0.0 458.0 7.0 1.0 0.5691056910569106
47 48 39 0.0 0.0 98.0 0.0 2180.0 21.0 31.0 0.3287156609532753
47 48 40 0.0 0.0 132.0 0.0 3209.0 18.0 86.0 0.2628614344723995
47 48 41 0.0 0.0 229.0 0.0 4485.0 16.0 176.0 0.20901761719916392
47 48 42 0.0 0.0 59.0 0.0 1537.0 9.0 11.0 0.39040713887339645
47 48 43 0.0 0.0 220.0 0.0 5256.0 13.0 348.0 0.18756698821007503
47 48 44 0.0 0.0 80.0 0.0 1513.0 11.0 8.0 0.39073402176946687
47 48 45 0.0 0.0 18.0 0.0 389.0 7.0 2.0 0.5833333333333333
47 48 46 0.0 0.0 0.0 0.0 2.0 0.0 0.0 0.6993006993006992
47 49 36 0.0 0.0 0.0 0.0 5.0 0.0 0.0 0.6982543640897755
47 49 37 0.0 0.0 2.0 0.0 46.0 0.0 0.0 0.6835937499999999
47 49 38 0.0 0.0 0.0 0.0 20.0 0.0 0.0 0.6934125804853887
47 49 39 0.0 0.0 0.0 0.0 17.0 0.0 0.0 0.694100148735746
47 49 40 0.0 0.0 0.0 0.0 16.0 1.0 0.0 0.694789081885856
47 49 41 0.0 0.0 0.0 0.0 18.0 0.0 0.0 0.6937561942517343
47 49 42 0.0 0.0 0.0 0.0 18.0 0.0 0.0 0.6937561942517343
47 49 43 0.0 0.0 21.0 0.0 443.0 3.0 0.0 0.5688744412840308
47 49 44 0.0 0.0 0.0 0.0 13.0 0.0 0.0 0.695479384003974
47 49 45 0.0 0.0 0.0 0.0 1.0 0.0 0.0 0.6996501749125437
47 50 37 0.0 0.0 0.0 0.0 1.0 0.0 0.0 0.6996501749125437
47 50 38 0.0 0.0 0.0 0.0 2.0 0.0 0.0 0.6993006993006992
47 50 39 0.0 0.0 0.0 0.0 1.0 0.0 0.0 0.6996501749125437
48 30 33 0.0 0.0 0.0 0.0 1.0 0.0 0.0 0.6996501749125437
48 30 36 0.0 0.0 0.0 0.0 3.0 0.0 0.0 0.6989515726410384
48 30 37 0.0 0.0 0.0 0.0 1.0 0.0 0.0 0.6996501749125437
48 31 34 0.0 0.0 0.0 0.0 6.0 0.0 0.0 0.6979062811565303
48 31 35 0.0 0.0 6.0 0.0 103.0 4.0 0.0 0.6650831353919239
48 31 36 0.0 0.0 0.0 0.0 30.0 0.0 0.0 0.689655172413793
48 31 37 0.0 0.0 13.0 0.0 267.0 3.0 0.0 0.6148440931049626
48 31 38 0.0 0.0 1.0 0.0 32.0 1.0 0.0 0.6889763779527558
48 31 39 0.0 0.0 0.0 0.0 16.0 0.0 0.0 0.6944444444444444
48 31 40 0.0 0.0 10.0 0.0 80.0 1.0 0.0 0.6701771182383915
48 31 41 0.0 0.0 1.0 0.0 11.0 0.0 0.0 0.6958250497017892
48 31 42 0.0 0.0 0.0 0.0 8.0 0.0 0.0 0.697211155378486
48 31 43 0.0 0.0 0.0 0.0 5.0 0.0 0.0 0.6982543640897755
48 31 44 0.0 0.0 9.0 0.0 139.0 3.0 0.0 0.6526806526806526
48 32 34 0.0 0.0 0.0 0.0 2.0 0.0 0.0 0.6993006993006992
48 32 35 0.0 0.0 5.0 0.0 96.0 0.0 0.0 0.6663493574488338
48 32 36 0.0 0.0 27.0 0.0 894.0 5.0 2.0 0.48010973936899853
48 32 37 0.0 0.0 200.0 0.0 5270.0 22.0 310.0 0.18789424238357263
48 32 38 0.0 0.0 225.0 0.0 5226.0 18.0 300.0 0.18829858776059177
48 32 39 0.0 0.0 84.0 0.0 2442.0 16.0 57.0 0.31035247173575703
48 32 40 0.0 0.0 34.0 0.0 1297.0 7.0 14.0 0.4213060487511284
48 32 41 0.0 0.0 122.0 0.0 3242.0 14.0 97.0 0.2616822429906542
48 32 42 0.0 0.0 8.0 0.0 343.0 4.0 1.0 0.5965061780997016
48 32 43 0.0 0.0 192.0 0.0 4448.0 11.0 171.0 0.21106588270767374
48 32 44 0.0 0.0 1.0 0.0 8.0 1.0 0.0 0.697211155378486
48 32 45 0.0 0.0 0.0 0.0 1.0 0.0 0.0 0.0
48 32 46 0.0 0.0 1.0 0.0 3.0 1.0 0.0 0.6989515726410384
48 33 32 0.0 0.0 0.0 0.0 4.0 0.0 0.0 0.6986027944111775
48 33 33 0.0 0.0 0.0 0.0 7.0 0.0 0.0 0.6975585450921773
48 33 34 0.0 0.0 6.0 0.0 131.0 2.0 0.0 0.6557377049180326
48 33 35 0.0 0.0 9.0 0.0 298.0 4.0 0.0 0.60790273556231
48 33 36 0.0 0.0 3.0 0.0 272.0 0.0 2.0 0.615655233069481
48 33 37 0.0 0.0 141.0 0.0 3347.0 13.0 97.0 0.2557544757033247
48 33 38 0.0 0.0 111.0 0.0 2908.0 12.0 46.0 0.27972027972027974
48 33 39 0.0 0.0 358.0 0.0 7816.0 25.0 973.0 0.1378495470657739
48 33 40 0.0 0.0 476.0 0.0 9464.0 28.0 1771.0 0.11740041928721172
48 33 41 0.0 0.0 175.0 0.0 3904.0 18.0 140.0 0.23094688221709
48 33 42 0.0 0.0 183.0 0.0 3893.0 25.0 122.0 0.23129026928795637
48 33 43 0.0 0.0 68.0 0.0 1577.0 10.0 16.0 0.3852504127682993
48 33 44 0.0 0.0 1.0 0.0 101.0 0.0 0.0 0.6660323501427211
48 33 45 0.0 0.0 7.0 0.0 247.0 0.0 1.0 0.6211180124223601
48 33 46 0.0 0.0 1.0 0.0 6.0 0.0 0.0 0.6975585450921773
48 33 47 0.0 0.0 0.0 0.0 11.0 0.0 0.0 0.6961710591745399
48 34 32 0.0 0.0 2.0 0.0 75.0 0.0 0.0 0.6740491092922483
48 34 33 0.0 0.0 30.0 0.0 944.0 9.0 4.0 0.47217537942664417
48 34 34 0.0 0.0 58.0 0.0 1302.0 11.0 9.0 0.4182850313713773
48 34 35 0.0 0.0 115.0 0.0 2520.0 13.0 43.0 0.3027681660899653
48 34 36 0.0 0.0 105.0 0.0 2704.0 13.0 42.0 0.29190992493744783
48 34 37 0.0 0.0 345.0 0.0 7183.0 21.0 690.0 0.1472134595162986
48 34 38 0.0 0.0 531.0 0.0 10059.0 20.0 2193.0 0.1112523839796567
48 34 39 0.0 0.0 963.0 0.0 12970.0 32.0 9421.0 0.08789552988448016
48 34 40 0.0 0.0 478.0 0.0 9693.0 25.0 2299.0 0.11518841533651471
48 34 41 0.0 0.0 519.0 0.0 10041.0 28.0 2270.0 0.11163384100151502
48 34 42 0.0 0.0 760.0 0.0 12147.0 34.0 5822.0 0.09398496240601503
48 34 43 0.0 0.0 556.0 0.0 10288.0 28.0 2545.0 0.10915328239513487
48 34 44 0.0 0.0 204.0 0.0 4619.0 11.0 194.0 0.2055498458376156
48 34 45 0.0 0.0 2.0 0.0 117.0 3.0 0.0 0.661625708884688
48 34 46 0.0 0.0 161.0 0.0 3823.0 17.0 139.0 0.2346237640355287
48 34 47 0.0 0.0 0.0 0.0 3.0 0.0 0.0 0.6989515726410384
48 35 32 0.0 0.0 1.0 0.0 49.0 1.0 1.0 0.6832601268911663
48 35 33 0.0 0.0 340.0 0.0 7407.0 19.0 932.0 0.1438553226469379
48 35 34 0.0 0.0 90.0 0.0 1853.0 11.0 19.0 0.3559623696923468
48 35 35 0.0 0.0 367.0 0.0 7833.0 22.0 1017.0 0.13740308175483362
48 35 36 0.0 0.0 918.0 0.0 12655.0 35.0 7533.0 0.08992805755395683
48 35 37 0.0 0.0 703.0 0.0 11721.0 28.0 4805.0 0.09722897423432182
48 35 38 0.0 0.0 917.0 0.0 12868.0 37.0 6939.0 0.08877052818464269
48 35 39 0.0 0.0 667.0 0.0 11499.0 29.0 3672.0 0.09887703933893636
48 35 40 0.0 0.0 1238.0 0.0 13804.0 33.0 12612.0 0.08207773934455062
48 35 41 0.0 0.0 1082.0 0.0 13236.0 30.0 11257.0 0.08582638548307993
48 35 42 0.0 0.0 883.0 0.0 12710.0 26.0 7361.0 0.08978387738087602
48 35 43 0.0 0.0 668.0 0.0 11408.0 25.0 4357.0 0.0995874235310855
48 35 44 0.0 0.0 354.0 0.0 7981.0 19.0 1088.0 0.1355407106205828
48 35 45 0.0 0.0 580.0 0.0 10386.0 27.0 2902.0 0.10814151089139502
48 35 46 0.0 0.0 83.0 0.0 2118.0 11.0 25.0 0.33412887828162285
48 35 47 0.0 0.0 8.0 0.0 265.0 2.0 0.0 0.6164685160722148
48 35 48 0.0 0.0 0.0 0.0 4.0 0.0 0.0 0.6986027944111775
48 35 49 0.0 0.0 0.0 0.0 3.0 0.0 0.0 0.6989515726410384
48 36 31 0.0 0.0 0.0 0.0 5.0 0.0 0.0 0.6982543640897755
48 36 32 0.0 0.0 2.0 0.0 115.0 1.0 0.0 0.6619385342789597
48 36 33 0.0 0.0 4.0 0.0 275.0 2.0 1.0 0.6151142355008786
48 36 34 0.0 0.0 44.0 0.0 1497.0 11.0 22.0 0.39671294984414845
48 36 35 0.0 0.0 356.0 0.0 7222.0 18.0 674.0 0.14639757398305966
48 36 36 0.0 0.0 352.0 0.0 7374.0 20.0 794.0 0.14416640922665017
48 36 37 0.0 0.0 539.0 0.0 9890.0 25.0 1974.0 0.11283043197936815
48 36 38 0.0 0.0 920.0 0.0 12906.0 32.0 7860.0 0.08845084660096031
48 36 39 0.0 0.0 1664.0 0.0 12436.0 56.0 27229.0 0.08705384902375325
48 36 40 0.0 0.0 1466.0 0.0 13395.0 50.0 18994.0 0.08308605341246289
48 36 41 0.0 0.0 1059.0 0.0 13422.0 26.0 9209.0 0.08497208060208788
48 36 42 0.0 0.0 1182.0 0.0 13025.0 35.0 15618.0 0.08639308855291576
48 36 43 0.0 0.0 773.0 0.0 12431.0 29.0 5701.0 0.09212344541685857
48 36 44 0.0 0.0 561.0 0.0 10516.0 22.0 3027.0 0.10707456978967493
48 36 45 0.0 0.0 304.0 0.0 6876.0 26.0 717.0 0.1528885006006334
48 36 46 0.0 0.0 220.0 0.0 4460.0 21.0 175.0 0.21021021021021016
48 36 47 0.0 0.0 70.0 0.0 1365.0 12.0 9.0 0.40899795501022485
48 36 48 0.0 0.0 2.0 0.0 58.0 1.0 0.0 0.6799417192812044
48 36 49 0.0 0.0 0.0 0.0 2.0 0.0 0.0 0.6993006993006992
48 37 31 0.0 0.0 0.0 0.0 18.0 0.0 0.0 0.6937561942517343
48 37 32 0.0 0.0 149.0 0.0 3207.0 16.0 81.0 0.26212319790301436
48 37 33 0.0 0.0 181.0 0.0 3993.0 24.0 145.0 0.22760526743618922
48 37 34 0.0 0.0 111.0 0.0 2779.0 11.0 54.0 0.2870617182694279
48 37 35 0.0 0.0 258.0 0.0 5881.0 19.0 403.0 0.17237133710908642
48 37 36 0.0 0.0 726.0 0.0 11746.0 28.0 4823.0 0.09682550660488276
48 37 37 0.0 0.0 771.0 0.0 11936.0 29.0 4662.0 0.09526401741970603
48 37 38 0.0 0.0 1348.0 0.0 13471.0 41.0 16381.0 0.08325404376784014
48 37 39 0.0 0.0 1008.0 0.0 13252.0 21.0 8940.0 0.08611674970781817
48 37 40 0.0 0.0 1626.0 0.0 13043.0 44.0 23634.0 0.08400336013440536
48 37 41 0.0 0.0 1368.0 0.0 13588.0 39.0 16250.0 0.08260561718196836
48 37 42 0.0 0.0 1180.0 0.0 13559.0 36.0 13447.0 0.08369701679918692
48 37 43 0.0 0.0 732.0 0.0 12009.0 32.0 5485.0 0.09504412763068566
48 37 44 0.0 0.0 716.0 0.0 11863.0 30.0 4683.0 0.09606807109037259
48 37 45 0.0 0.0 377.0 0.0 8152.0 25.0 1062.0 0.13323182337266842
48 37 46 0.0 0.0 643.0 0.0 11238.0 31.0 3849.0 0.10099552734093202
48 37 47 0.0 0.0 112.0 0.0 3036.0 20.0 78.0 0.2730109204368174
48 37 48 0.0 0.0 0.0 0.0 32.0 0.0 0.0 0.6889763779527558
48 37 49 0.0 0.0 0.0 0.0 2.0 0.0 0.0 0.6993006993006992
48 38 31 0.0 0.0 0.0 0.0 16.0 0.0 0.0 0.6944444444444444
48 38 32 0.0 0.0 28.0 0.0 632.0 5.0 2.0 0.527306967984934
48 38 33 0.0 0.0 62.0 0.0 1479.0 11.0 15.0 0.39660056657223797
48 38 34 0.0 0.0 167.0 0.0 4662.0 21.0 265.0 0.20545934840035218
48 38 35 0.0 0.0 651.0 0.0 11461.0 23.0 4293.0 0.09928373874193319
48 38 36 0.0 0.0 544.0 0.0 10370.0 22.0 2581.0 0.10846827303013867
48 38 37 0.0 0.0 1034.0 0.0 12738.0 21.0 11434.0 0.08873676871395067
48 38 38 0.0 0.0 1020.0 0.0 13296.0 30.0 8662.0 0.0858000858000858
48 38 39 0.0 0.0 1193.0 0.0 13434.0 35.0 14275.0 0.08414472893376607
48 38 40 0.0 0.0 1168.0 0.0 13828.0 37.0 10964.0 0.0823868651797799
48 38 41 0.0 0.0 1707.0 0.0 13185.0 47.0 24567.0 0.08288928359976316
48 38 42 0.0 0.0 1106.0 0.0 13407.0 33.0 11135.0 0.08479709267110841
48 38 43 0.0 0.0 1621.0 0.0 13159.0 42.0 23063.0 0.08345255126371005
48 38 44 0.0 0.0 1097.0 0.0 13103.0 35.0 11608.0 0.08643042350907518
48 38 45 0.0 0.0 853.0 0.0 12654.0 31.0 6655.0 0.09029927760577915
48 38 46 0.0 0.0 582.0 0.0 10550.0 18.0 2694.0 0.1066910531931108
48 38 47 0.0 0.0 245.0 0.0 5702.0 24.0 376.0 0.17667844522968196
48 38 48 0.0 0.0 4.0 0.0 142.0 2.0 0.0 0.6529850746268656
48 38 49 0.0 0.0 0.0 0.0 5.0 0.0 0.0 0.6982543640897755
48 39 30 0.0 0.0 0.0 0.0 1.0 0.0 0.0 0.6996501749125437
48 39 31 0.0 0.0 0.0 0.0 28.0 0.0 0.0 0.690335305719921
48 39 32 0.0 0.0 30.0 0.0 993.0 11.0 7.0 0.4648074369189906
48 39 33 0.0 0.0 175.0 0.0 4397.0 13.0 193.0 0.2133495885400792
48 39 34 0.0 0.0 321.0 0.0 6983.0 14.0 648.0 0.15066724063710718
48 39 35 0.0 0.0 609.0 0.0 10830.0 21.0 3110.0 0.10419767788032153
48 39 36 0.0 0.0 785.0 0.0 12216.0 36.0 5089.0 0.09342052582410248
48 39 37 0.0 0.0 958.0 0.0 12995.0 38.0 7528.0 0.0878679470281805
48 39 38 0.0 0.0 1187.0 0.0 13542.0 43.0 12755.0 0.08376712738586728
48 39 39 0.0 0.0 1407.0 0.0 13698.0 33.0 16367.0 0.08181871310852666
48 39 40 0.0 0.0 1249.0 0.0 13384.0 35.0 14626.0 0.08422065812428561
48 39 41 0.0 0.0 1355.0 0.0 13550.0 45.0 14737.0 0.08283043426813394
48 39 42 0.0 0.0 1311.0 0.0 13855.0 38.0 13922.0 0.081570820952048
48 39 43 0.0 0.0 1048.0 0.0 13343.0 38.0 9187.0 0.08549618320610686
48 39 44 0.0 0.0 1491.0 0.0 12580.0 36.0 23136.0 0.08708092305778439
48 39 45 0.0 0.0 602.0 0.0 10857.0 23.0 3286.0 0.10411244143675168
48 39 46 0.0 0.0 452.0 0.0 8864.0 29.0 1471.0 0.12400354295837022
48 39 47 0.0 0.0 144.0 0.0 3529.0 17.0 102.0 0.24748099699487355
48 39 48 0.0 0.0 34.0 0.0 715.0 5.0 0.0 0.5103900838497994
48 39 49 0.0 0.0 1.0 0.0 22.0 1.0 0.0 0.6923837784371908
48 40 31 0.0 0.0 0.0 0.0 18.0 0.0 0.0 0.6937561942517343
48 40 32 0.0 0.0 18.0 0.0 513.0 5.0 1.0 0.5544554455445544
48 40 33 0.0 0.0 135.0 0.0 3097.0 17.0 92.0 0.2684563758389261
48 40 34 0.0 0.0 653.0 0.0 11212.0 30.0 3422.0 0.1010757346039997
48 40 35 0.0 0.0 804.0 0.0 12311.0 34.0 6512.0 0.09270909211310509
48 40 36 0.0 0.0 834.0 0.0 12390.0 20.0 5696.0 0.09200236577511992
48 40 37 0.0 0.0 994.0 0.0 13113.0 33.0 8418.0 0.0868917576961271
48 40 38 0.0 0.0 991.0 0.0 13180.0 23.0 7455.0 0.08656402646385951
48 40 39 0.0 0.0 1465.0 0.0 13355.0 48.0 19243.0 0.08321445553970516
48 40 40 0.0 0.0 1068.0 0.0 13251.0 41.0 10028.0 0.08590011044299914
48 40 41 0.0 0.0 1179.0 0.0 13366.0 34.0 12751.0 0.0846177092777274
48 40 42 0.0 0.0 1130.0 0.0 13381.0 23.0 11148.0 0.08475089291119317
48 40 43 0.0 0.0 874.0 0.0 12798.0 34.0 7398.0 0.08943972401456589
48 40 44 0.0 0.0 654.0 0.0 11170.0 26.0 3421.0 0.10141987829614603
48 40 45 0.0 0.0 1053.0 0.0 12742.0 37.0 12514.0 0.08866932674646906
48 40 46 0.0 0.0 258.0 0.0 6401.0 19.0 539.0 0.16196205460434981
48 40 47 0.0 0.0 348.0 0.0 7411.0 25.0 928.0 0.14369290772862567
48 40 48 0.0 0.0 31.0 0.0 803.0 5.0 1.0 0.49469964664310945
48 40 49 0.0 0.0 0.0 0.0 18.0 0.0 0.0 0.6937561942517343
48 41 31 0.0 0.0 14.0 0.0 274.0 4.0 0.0 0.6129597197898423
48 41 32 0.0 0.0 62.0 0.0 1794.0 8.0 25.0 0.36382536382536373
48 41 33 0.0 0.0 253.0 0.0 5508.0 22.0 317.0 0.18085518666838907
48 41 34 0.0 0.0 307.0 0.0 7493.0 20.0 1004.0 0.1431200163565733
48 41 35 0.0 0.0 534.0 0.0 9968.0 28.0 2203.0 0.11215252743731474
48 41 36 0.0 0.0 1027.0 0.0 13251.0 38.0 10354.0 0.08606910119267182
48 41 37 0.0 0.0 936.0 0.0 12894.0 35.0 7893.0 0.08847879668836503
48 41 38 0.0 0.0 1210.0 0.0 13453.0 28.0 13950.0 0.08402856971370265
48 41 39 0.0 0.0 994.0 0.0 13015.0 25.0 10175.0 0.08740712992445525
48 41 40 0.0 0.0 1176.0 0.0 13441.0 34.0 12754.0 0.0842713537591043
48 41 41 0.0 0.0 989.0 0.0 13131.0 21.0 10066.0 0.08685941183769696
48 41 42 0.0 0.0 899.0 0.0 12699.0 32.0 6515.0 0.08984149393569915
48 41 43 0.0 0.0 680.0 0.0 11361.0 23.0 3995.0 0.09978617248752672
48 41 44 0.0 0.0 466.0 0.0 9078.0 29.0 1549.0 0.1215172294071695
48 41 45 0.0 0.0 302.0 0.0 6930.0 24.0 700.0 0.15199218325914665
48 41 46 0.0 0.0 329.0 0.0 7449.0 28.0 945.0 0.14354557572029117
48 41 47 0.0 0.0 230.0 0.0 5107.0 18.0 273.0 0.1912568306010929
48 41 48 0.0 0.0 1.0 0.0 234.0 1.0 0.0 0.6266786034019695
48 41 49 0.0 0.0 0.0 0.0 7.0 0.0 0.0 0.6975585450921773
48 42 31 0.0 0.0 1.0 0.0 11.0 0.0 0.0 0.6958250497017892
48 42 32 0.0 0.0 6.0 0.0 66.0 0.0 0.0 0.6756756756756755
48 42 33 0.0 0.0 8.0 0.0 240.0 2.0 0.0 0.6236080178173719
48 42 34 0.0 0.0 218.0 0.0 4330.0 24.0 147.0 0.21459227467811154
48 42 35 0.0 0.0 499.0 0.0 9570.0 30.0 1784.0 0.11620185922974766
48 42 36 0.0 0.0 947.0 0.0 13009.0 30.0 7845.0 0.08773578993545152
48 42 37 0.0 0.0 738.0 0.0 12048.0 32.0 5001.0 0.0947354175125186
48 42 38 0.0 0.0 1151.0 0.0 13694.0 42.0 11301.0 0.08319467554076537
48 42 39 0.0 0.0 1124.0 0.0 13301.0 38.0 11760.0 0.08523592085235919
48 42 40 0.0 0.0 1278.0 0.0 13845.0 41.0 13577.0 0.08184741303712363
48 42 41 0.0 0.0 860.0 0.0 12593.0 26.0 7403.0 0.09060902206976894
48 42 42 0.0 0.0 457.0 0.0 8943.0 22.0 1611.0 0.1230012300123001
48 42 43 0.0 0.0 683.0 0.0 11467.0 21.0 3797.0 0.09897490279250618
48 42 44 0.0 0.0 296.0 0.0 6432.0 24.0 513.0 0.16082711085582996
48 42 45 0.0 0.0 190.0 0.0 4346.0 19.0 135.0 0.21475686454977755
48 42 46 0.0 0.0 137.0 0.0 3840.0 11.0 149.0 0.2346237640355287
48 42 47 0.0 0.0 137.0 0.0 2944.0 17.0 57.0 0.2765158996642307
48 42 48 0.0 0.0 127.0 0.0 2995.0 7.0 66.0 0.273704789833822
48 42 49 0.0 0.0 0.0 0.0 4.0 0.0 0.0 0.6986027944111775
48 43 31 0.0 0.0 0.0 0.0 13.0 0.0 0.0 0.695479384003974
48 43 32 0.0 0.0 5.0 0.0 93.0 1.0 0.0 0.6676204101096804
48 43 33 0.0 0.0 0.0 0.0 45.0 0.0 0.0 0.6845965770171147
48 43 34 0.0 0.0 105.0 0.0 2872.0 13.0 58.0 0.282030620467365
48 43 35 0.0 0.0 504.0 0.0 9100.0 21.0 1698.0 0.12073128665056915
48 43 36 0.0 0.0 675.0 0.0 11541.0 24.0 4437.0 0.09854990848937067
48 43 37 0.0 0.0 967.0 0.0 13081.0 32.0 8998.0 0.0872437215678943
48 43 38 0.0 0.0 1204.0 0.0 13452.0 34.0 13227.0 0.08410428931875524
48 43 39 0.0 0.0 1423.0 0.0 13474.0 44.0 18305.0 0.08282063416942734
48 43 40 0.0 0.0 989.0 0.0 13116.0 27.0 9222.0 0.08692952499223842
48 43 41 0.0 0.0 1145.0 0.0 13011.0 39.0 12967.0 0.08667120658701169
48 43 42 0.0 0.0 542.0 0.0 10051.0 22.0 2303.0 0.1112700683516134
48 43 43 0.0 0.0 299.0 0.0 7070.0 21.0 817.0 0.14966859097712207
48 43 44 0.0 0.0 165.0 0.0 4192.0 19.0 164.0 0.22092472778917466
48 43 45 0.0 0.0 141.0 0.0 3146.0 18.0 57.0 0.2656546489563567
48 43 46 0.0 0.0 30.0 0.0 967.0 9.0 3.0 0.4686976899899564
48 43 47 0.0 0.0 118.0 0.0 2513.0 15.0 38.0 0.3032272038119991
48 43 48 0.0 0.0 0.0 0.0 47.0 0.0 0.0 0.6839276990718123
48 43 49 0.0 0.0 0.0 0.0 1.0 0.0 0.0 0.6996501749125437
48 44 31 0.0 0.0 0.0 0.0 7.0 0.0 0.0 0.6975585450921773
48 44 32 0.0 0.0 0.0 0.0 11.0 0.0 0.0 0.6961710591745399
48 44 33 0.0 0.0 0.0 0.0 34.0 0.0 0.0 0.6882989183874139
48 44 34 0.0 0.0 94.0 0.0 2194.0 13.0 30.0 0.32748538011695905
48 44 35 0.0 0.0 418.0 0.0 8165.0 29.0 1092.0 0.1326134318461684
48 44 36 0.0 0.0 854.0 0.0 12407.0 31.0 8273.0 0.0918514630625902
48 44 37 0.0 0.0 651.0 0.0 11359.0 24.0 3852.0 0.09999285765302476
48 44 38 0.0 0.0 1141.0 0.0 13395.0 37.0 11164.0 0.08468424872973626
48 44 39 0.0 0.0 1084.0 0.0 13327.0 42.0 10417.0 0.08538667967797023
48 44 40 0.0 0.0 912.0 0.0 12931.0 39.0 6294.0 0.08849557522123892
48 44 41 0.0 0.0 450.0 0.0 9653.0 22.0 2375.0 0.11579818031430933
48 44 42 0.0 0.0 505.0 0.0 9370.0 16.0 1805.0 0.11796427367711491
48 44 43 0.0 0.0 380.0 0.0 8122.0 23.0 1197.0 0.13347316236056822
48 44 44 0.0 0.0 143.0 0.0 3286.0 19.0 70.0 0.258636615555145
48 44 45 0.0 0.0 77.0 0.0 1958.0 10.0 35.0 0.3478260869565217
48 44 46 0.0 0.0 152.0 0.0 3703.0 15.0 104.0 0.2396029436933082
48 44 47 0.0 0.0 10.0 0.0 223.0 3.0 0.0 0.6278026905829596
48 44 48 0.0 0.0 0.0 0.0 4.0 0.0 0.0 0.6986027944111775
48 44 49 0.0 0.0 0.0 0.0 1.0 0.0 0.0 0.6996501749125437
48 45 31 0.0 0.0 0.0 0.0 5.0 0.0 0.0 0.6982543640897755
48 45 32 0.0 0.0 0.0 0.0 8.0 0.0 0.0 0.697211155378486
48 45 33 0.0 0.0 0.0 0.0 8.0 0.0 0.0 0.697211155378486
48 45 34 0.0 0.0 13.0 0.0 320.0 5.0 1.0 0.6013745704467354
48 45 35 0.0 0.0 318.0 0.0 7040.0 24.0 698.0 0.14992503748125935
48 45 36 0.0 0.0 424.0 0.0 8881.0 22.0 1633.0 0.12404749246854509
48 45 37 0.0 0.0 1101.0 0.0 13155.0 34.0 12485.0 0.08618036318867342
48 45 38 0.0 0.0 481.0 0.0 9656.0 19.0 2135.0 0.11546391752577319
48 45 39 0.0 0.0 821.0 0.0 12686.0 20.0 6966.0 0.09027016571023276
48 45 40 0.0 0.0 618.0 0.0 11079.0 17.0 3603.0 0.1022644265887509
48 45 41 0.0 0.0 438.0 0.0 8910.0 30.0 1626.0 0.12359848150437007
48 45 42 0.0 0.0 422.0 0.0 8183.0 23.0 1114.0 0.13220018885741264
48 45 43 0.0 0.0 134.0 0.0 3117.0 13.0 68.0 0.26732862325759016
48 45 44 0.0 0.0 33.0 0.0 1144.0 6.0 6.0 0.44150110375275925
48 45 45 0.0 0.0 370.0 0.0 7754.0 20.0 1017.0 0.13842198932173222
48 45 46 0.0 0.0 0.0 0.0 41.0 0.0 0.0 0.6859382655560998
48 45 47 0.0 0.0 0.0 0.0 6.0 0.0 0.0 0.6979062811565303
48 46 33 0.0 0.0 0.0 0.0 1.0 0.0 0.0 0.6996501749125437
48 46 34 0.0 0.0 3.0 0.0 74.0 1.0 0.0 0.6746987951807227
48 46 35 0.0 0.0 318.0 0.0 6246.0 26.0 507.0 0.16395362454619974
48 46 36 0.0 0.0 225.0 0.0 5393.0 18.0 411.0 0.18421052631578946
48 46 37 0.0 0.0 463.0 0.0 8897.0 27.0 1559.0 0.12347856764861524
48 46 38 0.0 0.0 658.0 0.0 11503.0 25.0 3930.0 0.09893992932862189
48 46 39 0.0 0.0 829.0 0.0 12337.0 29.0 8079.0 0.09240314170681801
48 46 40 0.0 0.0 569.0 0.0 10543.0 23.0 2800.0 0.10686207159758795
48 46 41 0.0 0.0 311.0 0.0 6363.0 19.0 544.0 0.1616441519455028
48 46 42 0.0 0.0 217.0 0.0 5067.0 19.0 242.0 0.19270474879559527
48 46 43 0.0 0.0 117.0 0.0 2737.0 20.0 49.0 0.28943560057887113
48 46 44 0.0 0.0 4.0 0.0 138.0 0.0 1.0 0.6539000467071461
48 46 45 0.0 0.0 3.0 0.0 125.0 1.0 0.0 0.6582040432534085
48 46 46 0.0 0.0 0.0 0.0 25.0 1.0 0.0 0.6916996047430829
48 47 34 0.0 0.0 2.0 0.0 20.0 1.0 0.0 0.6927263730826323
48 47 35 0.0 0.0 4.0 0.0 211.0 1.0 0.0 0.632625395390872
48 47 36 0.0 0.0 71.0 0.0 1400.0 22.0 12.0 0.4059147579008408
48 47 37 0.0 0.0 465.0 0.0 9035.0 25.0 1668.0 0.12189812799303437
48 47 38 0.0 0.0 170.0 0.0 4094.0 12.0 167.0 0.2238567316917173
48 47 39 0.0 0.0 489.0 0.0 9445.0 19.0 2018.0 0.11738073279114612
48 47 40 0.0 0.0 537.0 0.0 9946.0 20.0 2510.0 0.112260444230615
48 47 41 0.0 0.0 505.0 0.0 9789.0 27.0 2221.0 0.1140343732182129
48 47 42 0.0 0.0 66.0 0.0 1279.0 11.0 8.0 0.4199160167966406
48 47 43 0.0 0.0 141.0 0.0 3167.0 13.0 76.0 0.2644003777148252
48 47 44 0.0 0.0 0.0 0.0 28.0 0.0 0.0 0.690335305719921
48 47 45 0.0 0.0 16.0 0.0 247.0 1.0 0.0 0.6189213085764809
48 47 46 0.0 0.0 0.0 0.0 3.0 0.0 0.0 0.6989515726410384
48 48 34 0.0 0.0 0.0 0.0 1.0 0.0 0.0 0.6996501749125437
48 48 35 0.0 0.0 3.0 0.0 65.0 0.0 0.0 0.6769825918762088
48 48 36 0.0 0.0 1.0 0.0 126.0 1.0 0.0 0.6585136406396989
48 48 37 0.0 0.0 150.0 0.0 3518.0 16.0 98.0 0.24761230986911917
48 48 38 0.0 0.0 3.0 0.0 133.0 0.0 0.0 0.6560449859418931
48 48 39 0.0 0.0 24.0 0.0 607.0 8.0 1.0 0.5337399923751428
48 48 40 0.0 0.0 64.0 0.0 1503.0 7.0 11.0 0.3931479921370401
48 48 41 0.0 0.0 210.0 0.0 4834.0 15.0 221.0 0.19908987485779292
48 48 42 0.0 0.0 1.0 0.0 102.0 3.0 0.0 0.6669842782277274
48 48 43 0.0 0.0 76.0 0.0 1714.0 12.0 18.0 0.37037037037037035
48 48 44 0.0 0.0 0.0 0.0 10.0 0.0 0.0 0.6965174129353233
48 48 45 0.0 0.0 0.0 0.0 1.0 0.0 0.0 0.6996501749125437
48 49 36 0.0 0.0 0.0 0.0 4.0 0.0 0.0 0.6986027944111775
48 49 37 0.0 0.0 0.0 0.0 12.0 0.0 0.0 0.6958250497017892
48 49 38 0.0 0.0 0.0 0.0 5.0 0.0 0.0 0.6982543640897755
48 49 39 0.0 0.0 0.0 0.0 13.0 0.0 0.0 0.695479384003974
48 49 40 0.0 0.0 3.0 0.0 36.0 0.0 0.0 0.6869479882237487
48 49 41 0.0 0.0 3.0 0.0 42.0 1.0 0.0 0.684931506849315
48 49 42 0.0 0.0 2.0 0.0 40.0 0.0 0.0 0.6856023506366307
48 49 43 0.0 0.0 0.0 0.0 9.0 0.0 0.0 0.6968641114982577
48 49 44 0.0 0.0 0.0 0.0 4.0 0.0 0.0 0.6986027944111775
49 31 36 0.0 0.0 0.0 0.0 4.0 0.0 0.0 0.6986027944111775
49 31 37 0.0 0.0 30.0 0.0 518.0 5.0 0.0 0.5505308690523003
49 31 38 0.0 0.0 0.0 0.0 7.0 0.0 0.0 0.6975585450921773
49 31 39 0.0 0.0 0.0 0.0 4.0 0.0 0.0 0.6986027944111775
49 31 40 0.0 0.0 0.0 0.0 8.0 0.0 0.0 0.6975585450921773
49 31 41 0.0 0.0 0.0 0.0 3.0 0.0 0.0 0.6989515726410384
49 31 42 0.0 0.0 0.0 0.0 3.0 0.0 0.0 0.6989515726410384
49 31 43 0.0 0.0 0.0 0.0 4.0 0.0 0.0 0.6986027944111775
49 31 44 0.0 0.0 3.0 0.0 39.0 1.0 0.0 0.6859382655560998
49 32 36 0.0 0.0 0.0 0.0 1.0 0.0 0.0 0.6996501749125437
49 32 37 0.0 0.0 0.0 0.0 22.0 0.0 0.0 0.6923837784371908
49 32 38 0.0 0.0 38.0 0.0 815.0 7.0 3.0 0.49191848208011235
49 32 39 0.0 0.0 1.0 0.0 66.0 0.0 0.0 0.6776379477250725
49 32 40 0.0 0.0 211.0 0.0 4278.0 24.0 149.0 0.21651716671821833
49 32 41 0.0 0.0 11.0 0.0 239.0 2.0 0.0 0.6227758007117437
49 32 42 0.0 0.0 3.0 0.0 40.0 0.0 0.0 0.6852667645619186
49 32 43 0.0 0.0 0.0 0.0 9.0 0.0 0.0 0.6968641114982577
49 32 44 0.0 0.0 0.0 0.0 4.0 0.0 0.0 0.6986027944111775
49 33 34 0.0 0.0 0.0 0.0 1.0 0.0 0.0 0.6996501749125437
49 33 35 0.0 0.0 0.0 0.0 6.0 0.0 0.0 0.6979062811565303
49 33 36 0.0 0.0 2.0 0.0 76.0 2.0 0.0 0.6743737957610789
49 33 37 0.0 0.0 0.0 0.0 98.0 1.0 0.0 0.6676204101096804
49 33 38 0.0 0.0 150.0 0.0 4759.0 18.0 311.0 0.2031045988684172
49 33 39 0.0 0.0 76.0 0.0 1661.0 12.0 17.0 0.37583892617449655
49 33 40 0.0 0.0 22.0 0.0 691.0 6.0 0.0 0.5171776874769116
49 33 41 0.0 0.0 11.0 0.0 454.0 2.0 1.0 0.5684125050751115
49 33 42 0.0 0.0 109.0 0.0 2439.0 11.0 46.0 0.3085059497576024
49 33 43 0.0 0.0 42.0 0.0 1040.0 10.0 4.0 0.4557291666666666
49 33 44 0.0 0.0 115.0 0.0 2545.0 13.0 37.0 0.30101053536873784
49 33 45 0.0 0.0 0.0 0.0 4.0 0.0 0.0 0.6986027944111775
49 33 46 0.0 0.0 0.0 0.0 3.0 0.0 0.0 0.6989515726410384
49 33 47 0.0 0.0 0.0 0.0 3.0 0.0 0.0 0.6989515726410384
49 34 32 0.0 0.0 0.0 0.0 8.0 0.0 0.0 0.697211155378486
49 34 33 0.0 0.0 0.0 0.0 26.0 1.0 0.0 0.6913580246913579
49 34 34 0.0 0.0 0.0 0.0 22.0 0.0 0.0 0.6923837784371908
49 34 35 0.0 0.0 37.0 0.0 965.0 3.0 4.0 0.46682227409136373
49 34 36 0.0 0.0 188.0 0.0 4500.0 24.0 197.0 0.2099895005249737
49 34 37 0.0 0.0 69.0 0.0 2027.0 11.0 15.0 0.34271725826193383
49 34 38 0.0 0.0 181.0 0.0 4422.0 18.0 227.0 0.21253985122210411
49 34 39 0.0 0.0 305.0 0.0 6111.0 24.0 427.0 0.166706358656823
49 34 40 0.0 0.0 201.0 0.0 4547.0 23.0 196.0 0.20814748736247393
49 34 41 0.0 0.0 362.0 0.0 7413.0 21.0 877.0 0.14344262295081966
49 34 42 0.0 0.0 302.0 0.0 6375.0 7.0 558.0 0.16140189070786257
49 34 43 0.0 0.0 234.0 0.0 5653.0 21.0 322.0 0.1779585610779204
49 34 44 0.0 0.0 39.0 0.0 865.0 7.0 1.0 0.48325854332067647
49 34 45 0.0 0.0 40.0 0.0 786.0 7.0 1.0 0.4966300106420715
49 34 46 0.0 0.0 0.0 0.0 58.0 0.0 0.0 0.6802721088435373
49 34 47 0.0 0.0 0.0 0.0 7.0 0.0 0.0 0.6975585450921773
49 35 32 0.0 0.0 0.0 0.0 16.0 0.0 0.0 0.6944444444444444
49 35 33 0.0 0.0 0.0 0.0 24.0 0.0 0.0 0.6920415224913494
49 35 34 0.0 0.0 7.0 0.0 363.0 1.0 0.0 0.590717299578059
49 35 35 0.0 0.0 63.0 0.0 1417.0 12.0 10.0 0.40357451715191694
49 35 36 0.0 0.0 30.0 0.0 795.0 9.0 2.0 0.49715909090909083
49 35 37 0.0 0.0 162.0 0.0 3772.0 14.0 126.0 0.23644654619152164
49 35 38 0.0 0.0 583.0 0.0 10593.0 31.0 3077.0 0.10639106315069533
49 35 39 0.0 0.0 714.0 0.0 11756.0 20.0 5329.0 0.0967719637796364
49 35 40 0.0 0.0 614.0 0.0 10802.0 24.0 3158.0 0.10439191708299157
49 35 41 0.0 0.0 322.0 0.0 7375.0 14.0 822.0 0.14456836018174304
49 35 42 0.0 0.0 295.0 0.0 6827.0 21.0 641.0 0.15374478365912583
49 35 43 0.0 0.0 550.0 0.0 10408.0 29.0 2924.0 0.10814986481266897
49 35 44 0.0 0.0 226.0 0.0 5142.0 11.0 265.0 0.1902432395705938
49 35 45 0.0 0.0 145.0 0.0 3682.0 17.0 110.0 0.24088093599449412
49 35 46 0.0 0.0 61.0 0.0 1305.0 12.0 5.0 0.417536534446764
49 35 47 0.0 0.0 0.0 0.0 7.0 0.0 0.0 0.6975585450921773
49 36 31 0.0 0.0 0.0 0.0 1.0 0.0 0.0 0.6996501749125437
49 36 32 0.0 0.0 2.0 0.0 63.0 0.0 0.0 0.6779661016949151
49 36 33 0.0 0.0 0.0 0.0 10.0 0.0 0.0 0.6965174129353233
49 36 34 0.0 0.0 38.0 0.0 938.0 7.0 2.0 0.47153923880094306
49 36 35 0.0 0.0 291.0 0.0 6386.0 15.0 550.0 0.161513613290263
49 36 36 0.0 0.0 156.0 0.0 3630.0 22.0 104.0 0.24280263614290667
49 36 37 0.0 0.0 129.0 0.0 3487.0 12.0 109.0 0.2498215560314061
49 36 38 0.0 0.0 273.0 0.0 6507.0 23.0 532.0 0.1598538479104818
49 36 39 0.0 0.0 789.0 0.0 12253.0 21.0 5384.0 0.09313464608834485
49 36 40 0.0 0.0 646.0 0.0 11111.0 15.0 3628.0 0.10175897659543538
49 36 41 0.0 0.0 718.0 0.0 11695.0 37.0 3863.0 0.09727626459143968
49 36 42 0.0 0.0 400.0 0.0 8411.0 23.0 1270.0 0.12968967114404814
49 36 43 0.0 0.0 486.0 0.0 9564.0 26.0 1850.0 0.11639507815098102
49 36 44 0.0 0.0 355.0 0.0 7169.0 21.0 697.0 0.14722894100326003
49 36 45 0.0 0.0 102.0 0.0 2578.0 15.0 50.0 0.30010718113612
49 36 46 0.0 0.0 12.0 0.0 383.0 5.0 0.0 0.5857740585774057
49 36 47 0.0 0.0 5.0 0.0 147.0 1.0 0.0 0.6508600650860064
49 36 48 0.0 0.0 4.0 0.0 50.0 1.0 0.0 0.6819288845591815
49 37 31 0.0 0.0 0.0 0.0 1.0 0.0 0.0 0.6996501749125437
49 37 32 0.0 0.0 0.0 0.0 4.0 0.0 0.0 0.6986027944111775
49 37 33 0.0 0.0 0.0 0.0 14.0 0.0 0.0 0.6951340615690167
49 37 34 0.0 0.0 116.0 0.0 2200.0 16.0 37.0 0.32550569634968607
49 37 35 0.0 0.0 15.0 0.0 842.0 7.0 3.0 0.4914004914004913
49 37 36 0.0 0.0 417.0 0.0 7793.0 28.0 910.0 0.13741656851197484
49 37 37 0.0 0.0 356.0 0.0 7679.0 25.0 989.0 0.1397624039133473
49 37 38 0.0 0.0 288.0 0.0 6625.0 25.0 681.0 0.15737410071942445
49 37 39 0.0 0.0 796.0 0.0 12314.0 23.0 6504.0 0.09264774005691216
49 37 40 0.0 0.0 1145.0 0.0 13207.0 41.0 12222.0 0.08561643835616438
49 37 41 0.0 0.0 1052.0 0.0 13414.0 33.0 8817.0 0.08504434455108734
49 37 42 0.0 0.0 1002.0 0.0 13209.0 42.0 8436.0 0.0864998455359901
49 37 43 0.0 0.0 892.0 0.0 12615.0 33.0 9012.0 0.09036922282468371
49 37 44 0.0 0.0 445.0 0.0 9293.0 24.0 1806.0 0.11944373346984043
49 37 45 0.0 0.0 521.0 0.0 9598.0 27.0 1973.0 0.11567379988432619
49 37 46 0.0 0.0 210.0 0.0 5208.0 21.0 339.0 0.18924033522573666
49 37 47 0.0 0.0 27.0 0.0 638.0 8.0 1.0 0.5271084337349397
49 37 48 0.0 0.0 18.0 0.0 195.0 6.0 2.0 0.6343452650657
49 38 32 0.0 0.0 0.0 0.0 5.0 0.0 0.0 0.6982543640897755
49 38 33 0.0 0.0 0.0 0.0 17.0 0.0 0.0 0.694100148735746
49 38 34 0.0 0.0 4.0 0.0 167.0 0.0 0.0 0.64486411791801
49 38 35 0.0 0.0 109.0 0.0 2398.0 17.0 32.0 0.3118040089086859
49 38 36 0.0 0.0 489.0 0.0 9891.0 15.0 2494.0 0.11305822498586772
49 38 37 0.0 0.0 525.0 0.0 9895.0 18.0 2251.0 0.11279407025459232
49 38 38 0.0 0.0 702.0 0.0 11451.0 22.0 4131.0 0.0989679061218719
49 38 39 0.0 0.0 471.0 0.0 9568.0 29.0 1995.0 0.11651131824234354
49 38 40 0.0 0.0 843.0 0.0 12601.0 32.0 7589.0 0.09073233959818534
49 38 41 0.0 0.0 750.0 0.0 12228.0 28.0 5619.0 0.09353287012292891
49 38 42 0.0 0.0 536.0 0.0 9887.0 21.0 2244.0 0.11282133935047141
49 38 43 0.0 0.0 900.0 0.0 12797.0 32.0 7494.0 0.08918901700961966
49 38 44 0.0 0.0 492.0 0.0 9591.0 25.0 2008.0 0.11604774535809018
49 38 45 0.0 0.0 874.0 0.0 12678.0 20.0 7898.0 0.09004952723998198
49 38 46 0.0 0.0 360.0 0.0 7215.0 27.0 732.0 0.14650481372959395
49 38 47 0.0 0.0 27.0 0.0 704.0 7.0 1.0 0.5141388174807198
49 38 48 0.0 0.0 1.0 0.0 16.0 1.0 0.0 0.6944444444444444
49 39 32 0.0 0.0 0.0 0.0 2.0 0.0 0.0 0.6993006993006992
49 39 33 0.0 0.0 4.0 0.0 115.0 1.0 0.0 0.6610009442870631
49 39 34 0.0 0.0 145.0 0.0 3356.0 16.0 83.0 0.25514853289593586
49 39 35 0.0 0.0 155.0 0.0 3560.0 25.0 88.0 0.2458728486125746
49 39 36 0.0 0.0 157.0 0.0 3603.0 23.0 115.0 0.24407252440725236
49 39 37 0.0 0.0 546.0 0.0 10301.0 15.0 2756.0 0.108991825613079
49 39 38 0.0 0.0 341.0 0.0 7092.0 27.0 671.0 0.14871468026343743
49 39 39 0.0 0.0 726.0 0.0 11921.0 29.0 5423.0 0.095654550423613
49 39 40 0.0 0.0 687.0 0.0 11643.0 20.0 4643.0 0.09772441714365487
49 39 41 0.0 0.0 394.0 0.0 8168.0 25.0 1079.0 0.1328147234607722
49 39 42 0.0 0.0 662.0 0.0 11437.0 31.0 4380.0 0.09936124911284598
49 39 43 0.0 0.0 1062.0 0.0 13090.0 27.0 11286.0 0.08664438668151997
49 39 44 0.0 0.0 756.0 0.0 12093.0 26.0 4981.0 0.09431420102398275
49 39 45 0.0 0.0 506.0 0.0 9023.0 26.0 1462.0 0.12164393083673646
49 39 46 0.0 0.0 171.0 0.0 4076.0 17.0 151.0 0.22471910112359547
49 39 47 0.0 0.0 20.0 0.0 485.0 2.0 1.0 0.5593288054334797
49 39 48 0.0 0.0 37.0 0.0 612.0 11.0 0.0 0.5307050796057619
49 39 49 0.0 0.0 0.0 0.0 3.0 0.0 0.0 0.6989515726410384
49 40 32 0.0 0.0 4.0 0.0 94.0 1.0 0.0 0.6676204101096804
49 40 33 0.0 0.0 35.0 0.0 880.0 9.0 2.0 0.48176187198898823
49 40 34 0.0 0.0 42.0 0.0 1259.0 9.0 6.0 0.42540261318748096
49 40 35 0.0 0.0 339.0 0.0 7320.0 19.0 784.0 0.14518303432541738
49 40 36 0.0 0.0 339.0 0.0 7028.0 27.0 640.0 0.14982876712328763
49 40 37 0.0 0.0 416.0 0.0 8588.0 22.0 1483.0 0.1273421866472621
49 40 38 0.0 0.0 405.0 0.0 8305.0 19.0 1178.0 0.13082889449584148
49 40 39 0.0 0.0 537.0 0.0 9967.0 26.0 2201.0 0.11208967173738989
49 40 40 0.0 0.0 526.0 0.0 10221.0 26.0 2711.0 0.10995052226498074
49 40 41 0.0 0.0 478.0 0.0 9590.0 18.0 2331.0 0.1160669872326314
49 40 42 0.0 0.0 282.0 0.0 6635.0 20.0 632.0 0.157268029656257
49 40 43 0.0 0.0 1039.0 0.0 13089.0 33.0 9840.0 0.08688636504685657
49 40 44 0.0 0.0 317.0 0.0 6580.0 18.0 566.0 0.1576399054160567
49 40 45 0.0 0.0 286.0 0.0 6076.0 23.0 442.0 0.16778523489932884
49 40 46 0.0 0.0 17.0 0.0 817.0 5.0 2.0 0.4948745139625308
49 40 47 0.0 0.0 14.0 0.0 322.0 1.0 0.0 0.5998286203941731
49 40 48 0.0 0.0 50.0 0.0 1054.0 11.0 3.0 0.4524886877828054
49 41 32 0.0 0.0 0.0 0.0 6.0 0.0 0.0 0.6979062811565303
49 41 33 0.0 0.0 0.0 0.0 72.0 0.0 0.0 0.6756756756756755
49 41 34 0.0 0.0 56.0 0.0 1352.0 17.0 5.0 0.4129793510324483
49 41 35 0.0 0.0 287.0 0.0 5821.0 18.0 382.0 0.173053152039555
49 41 36 0.0 0.0 346.0 0.0 7657.0 28.0 1040.0 0.1403086790940068
49 41 37 0.0 0.0 273.0 0.0 5800.0 19.0 376.0 0.1738266699776508
49 41 38 0.0 0.0 426.0 0.0 8528.0 31.0 1237.0 0.12808783165599266
49 41 39 0.0 0.0 427.0 0.0 8839.0 14.0 1541.0 0.12435601350151002
49 41 40 0.0 0.0 498.0 0.0 9183.0 30.0 1405.0 0.12008920912677988
49 41 41 0.0 0.0 334.0 0.0 7292.0 18.0 806.0 0.145681581685744
49 41 42 0.0 0.0 235.0 0.0 5343.0 18.0 317.0 0.1851362073525522
49 41 43 0.0 0.0 491.0 0.0 9279.0 26.0 1730.0 0.11912865895166778
49 41 44 0.0 0.0 141.0 0.0 3484.0 14.0 97.0 0.2495098912849759
49 41 45 0.0 0.0 38.0 0.0 1094.0 8.0 3.0 0.44799999999999995
49 41 46 0.0 0.0 381.0 0.0 7857.0 21.0 1035.0 0.13694610192702728
49 41 47 0.0 0.0 10.0 0.0 275.0 2.0 1.0 0.6134969325153373
49 41 48 0.0 0.0 16.0 0.0 359.0 4.0 0.0 0.5904681568958244
49 42 32 0.0 0.0 0.0 0.0 7.0 0.0 0.0 0.6975585450921773
49 42 33 0.0 0.0 0.0 0.0 28.0 0.0 0.0 0.690335305719921
49 42 34 0.0 0.0 46.0 0.0 1163.0 8.0 10.0 0.43749999999999994
49 42 35 0.0 0.0 307.0 0.0 5969.0 26.0 409.0 0.16953257447323802
49 42 36 0.0 0.0 126.0 0.0 3255.0 22.0 68.0 0.26119402985074625
49 42 37 0.0 0.0 436.0 0.0 8788.0 24.0 1457.0 0.12497768255668629
49 42 38 0.0 0.0 300.0 0.0 6661.0 13.0 596.0 0.15640710535135738
49 42 39 0.0 0.0 596.0 0.0 10734.0 23.0 3071.0 0.10504201680672268
49 42 40 0.0 0.0 347.0 0.0 7651.0 21.0 939.0 0.14023840528899129
49 42 41 0.0 0.0 450.0 0.0 9016.0 25.0 1494.0 0.12227074235807858
49 42 42 0.0 0.0 280.0 0.0 6181.0 27.0 460.0 0.1659357591560981
49 42 43 0.0 0.0 225.0 0.0 5552.0 14.0 363.0 0.18031942297784645
49 42 44 0.0 0.0 77.0 0.0 1755.0 9.0 15.0 0.3661087866108786
49 42 45 0.0 0.0 7.0 0.0 176.0 3.0 0.0 0.6422018348623851
49 42 46 0.0 0.0 10.0 0.0 310.0 2.0 1.0 0.6039689387402932
49 42 47 0.0 0.0 117.0 0.0 2710.0 20.0 57.0 0.2911208151382823
49 42 48 0.0 0.0 0.0 0.0 13.0 0.0 0.0 0.695479384003974
49 43 33 0.0 0.0 0.0 0.0 4.0 0.0 0.0 0.6986027944111775
49 43 34 0.0 0.0 20.0 0.0 790.0 7.0 1.0 0.49946485907955757
49 43 35 0.0 0.0 487.0 0.0 9264.0 21.0 1907.0 0.11923011412025206
49 43 36 0.0 0.0 210.0 0.0 4688.0 22.0 187.0 0.20351795319087077
49 43 37 0.0 0.0 162.0 0.0 4232.0 20.0 170.0 0.2196422968308754
49 43 38 0.0 0.0 625.0 0.0 11041.0 17.0 3791.0 0.10251903925014645
49 43 39 0.0 0.0 482.0 0.0 8973.0 24.0 1506.0 0.12229210342417889
49 43 40 0.0 0.0 773.0 0.0 12277.0 38.0 4519.0 0.09310986964618248
49 43 41 0.0 0.0 619.0 0.0 10794.0 27.0 3020.0 0.10447761194029849
49 43 42 0.0 0.0 233.0 0.0 5320.0 24.0 321.0 0.18587360594795535
49 43 43 0.0 0.0 37.0 0.0 879.0 10.0 2.0 0.4819277108433734
49 43 44 0.0 0.0 21.0 0.0 419.0 7.0 0.0 0.5754212905877516
49 43 45 0.0 0.0 7.0 0.0 140.0 1.0 0.0 0.6523765144454798
49 43 46 0.0 0.0 0.0 0.0 8.0 0.0 0.0 0.697211155378486
49 43 47 0.0 0.0 0.0 0.0 7.0 0.0 0.0 0.6975585450921773
49 43 48 0.0 0.0 9.0 0.0 176.0 3.0 0.0 0.6419073819348922
49 44 33 0.0 0.0 0.0 0.0 4.0 0.0 0.0 0.6986027944111775
49 44 34 0.0 0.0 40.0 0.0 1125.0 7.0 5.0 0.44331855604813164
49 44 35 0.0 0.0 32.0 0.0 888.0 5.0 4.0 0.4804392587508579
49 44 36 0.0 0.0 307.0 0.0 6245.0 20.0 443.0 0.16399203467260157
49 44 37 0.0 0.0 532.0 0.0 9551.0 26.0 1923.0 0.11597084161696486
49 44 38 0.0 0.0 354.0 0.0 7515.0 25.0 830.0 0.14210312626877789
49 44 39 0.0 0.0 442.0 0.0 8624.0 24.0 1401.0 0.12674271229404308
49 44 40 0.0 0.0 633.0 0.0 10864.0 30.0 3368.0 0.10387297818667456
49 44 41 0.0 0.0 365.0 0.0 7337.0 16.0 772.0 0.14450867052023117
49 44 42 0.0 0.0 172.0 0.0 4395.0 19.0 215.0 0.2138057422113622
49 44 43 0.0 0.0 210.0 0.0 4567.0 17.0 178.0 0.2070699600650791
49 44 44 0.0 0.0 14.0 0.0 378.0 5.0 0.0 0.5867560771165129
49 44 45 0.0 0.0 0.0 0.0 25.0 0.0 0.0 0.6913580246913579
49 44 46 0.0 0.0 23.0 0.0 316.0 4.0 0.0 0.5995717344753746
49 44 47 0.0 0.0 0.0 0.0 3.0 0.0 0.0 0.6989515726410384
49 44 48 0.0 0.0 0.0 0.0 1.0 0.0 0.0 0.6996501749125437
49 45 33 0.0 0.0 0.0 0.0 1.0 0.0 0.0 0.6996501749125437
49 45 34 0.0 0.0 17.0 0.0 383.0 3.0 2.0 0.5840634125990821
49 45 35 0.0 0.0 142.0 0.0 3301.0 13.0 76.0 0.25768452052273144
49 45 36 0.0 0.0 73.0 0.0 1994.0 17.0 25.0 0.3457643862682143
49 45 37 0.0 0.0 286.0 0.0 6351.0 19.0 499.0 0.16230002318571757
49 45 38 0.0 0.0 513.0 0.0 9917.0 14.0 2288.0 0.11263073209975863
49 45 39 0.0 0.0 183.0 0.0 5072.0 16.0 289.0 0.19331676332504832
49 45 40 0.0 0.0 424.0 0.0 8180.0 20.0 992.0 0.13213780084945725
49 45 41 0.0 0.0 57.0 0.0 1724.0 9.0 18.0 0.3710575139146567
49 45 42 0.0 0.0 57.0 0.0 1384.0 9.0 6.0 0.4080443019527834
49 45 43 0.0 0.0 9.0 0.0 274.0 1.0 1.0 0.6134969325153373
49 45 44 0.0 0.0 7.0 0.0 131.0 1.0 0.0 0.6551240056153486
49 45 45 0.0 0.0 1.0 0.0 40.0 1.0 0.0 0.6862745098039215
49 45 46 0.0 0.0 1.0 0.0 38.0 0.0 0.0 0.6866110838646394
49 45 47 0.0 0.0 0.0 0.0 2.0 0.0 0.0 0.6993006993006992
49 46 34 0.0 0.0 2.0 0.0 84.0 0.0 0.0 0.6711409395973154
49 46 35 0.0 0.0 1.0 0.0 83.0 0.0 0.0 0.6717850287907868
49 46 36 0.0 0.0 20.0 0.0 674.0 5.0 2.0 0.520639642989959
49 46 37 0.0 0.0 124.0 0.0 3121.0 18.0 94.0 0.2677888293802601
49 46 38 0.0 0.0 210.0 0.0 5319.0 14.0 330.0 0.18619497273573613
49 46 39 0.0 0.0 176.0 0.0 4458.0 19.0 174.0 0.21151231303822327
49 46 40 0.0 0.0 105.0 0.0 2514.0 18.0 36.0 0.3042816778961095
49 46 41 0.0 0.0 186.0 0.0 4254.0 25.0 180.0 0.2182725288431556
49 46 42 0.0 0.0 61.0 0.0 1417.0 11.0 8.0 0.40380732621863275
49 46 43 0.0 0.0 0.0 0.0 14.0 0.0 0.0 0.6951340615690167
49 46 44 0.0 0.0 1.0 0.0 31.0 0.0 0.0 0.6889763779527558
49 46 45 0.0 0.0 0.0 0.0 13.0 0.0 0.0 0.695479384003974
49 46 46 0.0 0.0 0.0 0.0 5.0 0.0 0.0 0.6982543640897755
49 47 34 0.0 0.0 0.0 0.0 11.0 0.0 0.0 0.6961710591745399
49 47 35 0.0 0.0 153.0 0.0 3164.0 15.0 73.0 0.2640513013956997
49 47 36 0.0 0.0 39.0 0.0 871.0 14.0 4.0 0.4834254143646408
49 47 37 0.0 0.0 217.0 0.0 4410.0 13.0 167.0 0.21154427319431848
49 47 38 0.0 0.0 28.0 0.0 675.0 8.0 2.0 0.5194805194805194
49 47 39 0.0 0.0 191.0 0.0 4331.0 13.0 176.0 0.21502073414222084
49 47 40 0.0 0.0 70.0 0.0 1737.0 7.0 22.0 0.3684210526315789
49 47 41 0.0 0.0 58.0 0.0 1098.0 12.0 3.0 0.4452926208651399
49 47 42 0.0 0.0 1.0 0.0 40.0 0.0 1.0 0.6859382655560998
49 47 43 0.0 0.0 0.0 0.0 5.0 0.0 0.0 0.6982543640897755
49 47 44 0.0 0.0 0.0 0.0 3.0 0.0 0.0 0.6989515726410384
49 48 34 0.0 0.0 0.0 0.0 1.0 0.0 0.0 0.6996501749125437
49 48 35 0.0 0.0 0.0 0.0 1.0 0.0 0.0 0.6996501749125437
49 48 36 0.0 0.0 0.0 0.0 21.0 0.0 0.0 0.6927263730826323
49 48 37 0.0 0.0 0.0 0.0 42.0 0.0 0.0 0.6859382655560998
49 48 38 0.0 0.0 315.0 0.0 6247.0 26.0 467.0 0.16395362454619974
49 48 39 0.0 0.0 3.0 0.0 128.0 1.0 0.0 0.6572769953051641
49 48 40 0.0 0.0 2.0 0.0 124.0 1.0 1.0 0.6588235294117646
49 48 41 0.0 0.0 1.0 0.0 81.0 0.0 0.0 0.6724303554274734
49 48 42 0.0 0.0 2.0 0.0 41.0 1.0 0.0 0.6856023506366307
49 48 43 0.0 0.0 0.0 0.0 2.0 0.0 0.0 0.6993006993006992
49 48 44 0.0 0.0 0.0 0.0 1.0 0.0 0.0 0.6996501749125437
49 49 36 0.0 0.0 0.0 0.0 1.0 0.0 0.0 0.6996501749125437
49 49 37 0.0 0.0 1.0 0.0 19.0 0.0 0.0 0.6930693069306929
49 49 38 0.0 0.0 0.0 0.0 11.0 0.0 0.0 0.6961710591745399
49 49 39 0.0 0.0 0.0 0.0 7.0 0.0 0.0 0.6975585450921773
49 49 40 0.0 0.0 0.0 0.0 1.0 0.0 0.0 0.6996501749125437
49 49 41 0.0 0.0 0.0 0.0 4.0 0.0 0.0 0.6986027944111775
49 49 42 0.0 0.0 0.0 0.0 1.0 0.0 0.0 0.6996501749125437
49 49 43 0.0 0.0 0.0 0.0 2.0 0.0 0.0 0.6993006993006992
49 49 44 0.0 0.0 0.0 0.0 2.0 0.0 0.0 0.6993006993006992
50 31 40 0.0 0.0 0.0 0.0 7.0 0.0 0.0 0.6975585450921773
50 32 37 0.0 0.0 0.0 0.0 7.0 0.0 0.0 0.6975585450921773
50 32 38 0.0 0.0 0.0 0.0 5.0 0.0 0.0 0.6982543640897755
50 32 39 0.0 0.0 0.0 0.0 15.0 0.0 0.0 0.694789081885856
50 32 40 0.0 0.0 0.0 0.0 7.0 0.0 0.0 0.6975585450921773
50 32 41 0.0 0.0 0.0 0.0 4.0 0.0 0.0 0.6986027944111775
50 32 43 0.0 0.0 1.0 0.0 2.0 0.0 0.0 0.6989515726410384
50 32 44 0.0 0.0 0.0 0.0 2.0 0.0 0.0 0.6993006993006992
50 33 35 0.0 0.0 0.0 0.0 3.0 0.0 0.0 0.6989515726410384
50 33 36 0.0 0.0 0.0 0.0 4.0 0.0 0.0 0.6986027944111775
50 33 37 0.0 0.0 0.0 0.0 14.0 0.0 0.0 0.6951340615690167
50 33 38 0.0 0.0 1.0 0.0 51.0 1.0 0.0 0.68259385665529
50 33 39 0.0 0.0 7.0 0.0 167.0 1.0 0.0 0.6442705936493326
50 33 40 0.0 0.0 4.0 0.0 105.0 1.0 0.0 0.6644518272425248
50 33 41 0.0 0.0 1.0 0.0 20.0 0.0 0.0 0.6927263730826323
50 33 42 0.0 0.0 0.0 0.0 22.0 0.0 0.0 0.6923837784371908
50 33 43 0.0 0.0 1.0 0.0 38.0 1.0 0.0 0.6869479882237487
50 33 44 0.0 0.0 26.0 0.0 481.0 7.0 2.0 0.5599999999999999
50 34 35 0.0 0.0 0.0 0.0 4.0 0.0 0.0 0.6986027944111775
50 34 36 0.0 0.0 0.0 0.0 7.0 0.0 0.0 0.6975585450921773
50 34 37 0.0 0.0 2.0 0.0 96.0 1.0 1.0 0.6679389312977099
50 34 38 0.0 0.0 127.0 0.0 3419.0 13.0 106.0 0.2530272908006506
50 34 39 0.0 0.0 6.0 0.0 226.0 2.0 0.0 0.6278026905829596
50 34 40 0.0 0.0 290.0 0.0 6028.0 17.0 433.0 0.16853256289876006
50 34 41 0.0 0.0 4.0 0.0 146.0 2.0 0.0 0.6517690875232773
50 34 42 0.0 0.0 108.0 0.0 2744.0 18.0 46.0 0.28943560057887113
50 34 43 0.0 0.0 6.0 0.0 162.0 3.0 0.0 0.6466512702078521
50 34 44 0.0 0.0 0.0 0.0 51.0 0.0 0.0 0.68259385665529
50 34 45 0.0 0.0 0.0 0.0 6.0 0.0 0.0 0.6979062811565303
50 34 46 0.0 0.0 0.0 0.0 1.0 0.0 0.0 0.6996501749125437
50 35 34 0.0 0.0 0.0 0.0 4.0 0.0 0.0 0.6986027944111775
50 35 35 0.0 0.0 0.0 0.0 14.0 0.0 0.0 0.6951340615690167
50 35 36 0.0 0.0 0.0 0.0 19.0 0.0 0.0 0.6934125804853887
50 35 37 0.0 0.0 0.0 0.0 72.0 1.0 0.0 0.6760019314340897
50 35 38 0.0 0.0 125.0 0.0 2277.0 13.0 44.0 0.31890660592255116
50 35 39 0.0 0.0 172.0 0.0 3608.0 23.0 95.0 0.24318221295813786
50 35 40 0.0 0.0 176.0 0.0 3844.0 17.0 125.0 0.23310023310023306
50 35 41 0.0 0.0 53.0 0.0 1111.0 9.0 4.0 0.44374009508716317
50 35 42 0.0 0.0 33.0 0.0 896.0 5.0 5.0 0.4787961696306429
50 35 43 0.0 0.0 16.0 0.0 294.0 3.0 0.0 0.6068487212830515
50 35 44 0.0 0.0 24.0 0.0 649.0 7.0 0.0 0.5253283302063789
50 35 45 0.0 0.0 22.0 0.0 347.0 2.0 1.0 0.5914659907055343
50 35 46 0.0 0.0 0.0 0.0 1.0 0.0 0.0 0.6996501749125437
50 36 34 0.0 0.0 0.0 0.0 5.0 0.0 0.0 0.6982543640897755
50 36 35 0.0 0.0 0.0 0.0 26.0 0.0 0.0 0.6910167818361302
50 36 36 0.0 0.0 1.0 0.0 70.0 1.0 0.0 0.6766553890768486
50 36 37 0.0 0.0 48.0 0.0 1182.0 7.0 7.0 0.43424317617866
50 36 38 0.0 0.0 108.0 0.0 2166.0 12.0 23.0 0.32840722495894903
50 36 39 0.0 0.0 155.0 0.0 3518.0 16.0 101.0 0.2474372569812654
50 36 40 0.0 0.0 358.0 0.0 7452.0 28.0 794.0 0.14306151645207435
50 36 41 0.0 0.0 143.0 0.0 3406.0 24.0 95.0 0.2533478103510677
50 36 42 0.0 0.0 202.0 0.0 4704.0 22.0 200.0 0.20337013364323064
50 36 43 0.0 0.0 83.0 0.0 2039.0 14.0 30.0 0.34063260340632595
50 36 44 0.0 0.0 284.0 0.0 6035.0 21.0 473.0 0.16865437899048305
50 36 45 0.0 0.0 36.0 0.0 858.0 9.0 2.0 0.48526863084922
50 36 46 0.0 0.0 1.0 0.0 35.0 1.0 0.0 0.6879606879606879
50 36 47 0.0 0.0 7.0 0.0 174.0 2.0 0.0 0.6424965580541532
50 37 33 0.0 0.0 0.0 0.0 1.0 0.0 0.0 0.6996501749125437
50 37 34 0.0 0.0 0.0 0.0 1.0 0.0 0.0 0.6996501749125437
50 37 35 0.0 0.0 7.0 0.0 153.0 5.0 0.0 0.6496519721577725
50 37 36 0.0 0.0 11.0 0.0 360.0 3.0 1.0 0.5914659907055343
50 37 37 0.0 0.0 124.0 0.0 2610.0 17.0 42.0 0.29679881280474874
50 37 38 0.0 0.0 82.0 0.0 1922.0 17.0 21.0 0.35114120892901923
50 37 39 0.0 0.0 343.0 0.0 7061.0 24.0 680.0 0.1491265445249254
50 37 40 0.0 0.0 456.0 0.0 8828.0 27.0 1595.0 0.1243118451429586
50 37 41 0.0 0.0 420.0 0.0 8642.0 21.0 1450.0 0.12675418741511996
50 37 42 0.0 0.0 160.0 0.0 3580.0 17.0 101.0 0.24454148471615716
50 37 43 0.0 0.0 394.0 0.0 7645.0 22.0 909.0 0.1397205588822355
50 37 44 0.0 0.0 391.0 0.0 8254.0 25.0 1326.0 0.131690339572947
50 37 45 0.0 0.0 44.0 0.0 1062.0 13.0 5.0 0.4527813712807244
50 37 46 0.0 0.0 15.0 0.0 779.0 1.0 3.0 0.5012531328320802
50 37 47 0.0 0.0 0.0 0.0 18.0 0.0 0.0 0.6937561942517343
50 37 48 0.0 0.0 0.0 0.0 2.0 0.0 0.0 0.6993006993006992
50 38 33 0.0 0.0 1.0 0.0 5.0 0.0 0.0 0.6982543640897755
50 38 34 0.0 0.0 0.0 0.0 10.0 0.0 0.0 0.6965174129353233
50 38 35 0.0 0.0 29.0 0.0 697.0 8.0 4.0 0.5150846210448858
50 38 36 0.0 0.0 66.0 0.0 1533.0 11.0 12.0 0.3901895206243032
50 38 37 0.0 0.0 63.0 0.0 1446.0 7.0 8.0 0.39988574692944867
50 38 38 0.0 0.0 294.0 0.0 5977.0 16.0 363.0 0.16953257447323802
50 38 39 0.0 0.0 460.0 0.0 9206.0 25.0 1772.0 0.12020262728599637
50 38 40 0.0 0.0 855.0 0.0 12358.0 22.0 5748.0 0.09202050742736952
50 38 41 0.0 0.0 277.0 0.0 6162.0 18.0 477.0 0.16613266880265812
50 38 42 0.0 0.0 249.0 0.0 5428.0 17.0 316.0 0.18267223382045927
50 38 43 0.0 0.0 267.0 0.0 5629.0 10.0 328.0 0.17748478701825557
50 38 44 0.0 0.0 353.0 0.0 7508.0 18.0 890.0 0.14217528181171926
50 38 45 0.0 0.0 201.0 0.0 4548.0 20.0 197.0 0.207961972667855
50 38 46 0.0 0.0 103.0 0.0 2554.0 10.0 42.0 0.3012696363245104
50 38 47 0.0 0.0 0.0 0.0 28.0 0.0 0.0 0.690335305719921
50 39 34 0.0 0.0 1.0 0.0 23.0 0.0 0.0 0.6916996047430829
50 39 35 0.0 0.0 4.0 0.0 205.0 0.0 0.0 0.6337709370755997
50 39 36 0.0 0.0 36.0 0.0 881.0 5.0 3.0 0.4804392587508579
50 39 37 0.0 0.0 75.0 0.0 1786.0 22.0 26.0 0.3647733194372068
50 39 38 0.0 0.0 319.0 0.0 6191.0 14.0 405.0 0.1647252617955053
50 39 39 0.0 0.0 291.0 0.0 6620.0 22.0 567.0 0.15740948954351247
50 39 40 0.0 0.0 227.0 0.0 4899.0 19.0 259.0 0.19701660568533627
50 39 41 0.0 0.0 208.0 0.0 4658.0 20.0 220.0 0.20446911055936903
50 39 42 0.0 0.0 144.0 0.0 3370.0 12.0 99.0 0.2542680711950599
50 39 43 0.0 0.0 386.0 0.0 8459.0 13.0 1209.0 0.1291512915129151
50 39 44 0.0 0.0 637.0 0.0 11003.0 20.0 3938.0 0.10269199735934863
50 39 45 0.0 0.0 41.0 0.0 1289.0 6.0 11.0 0.42143287176399746
50 39 46 0.0 0.0 156.0 0.0 3271.0 13.0 81.0 0.2583979328165374
50 39 47 0.0 0.0 1.0 0.0 55.0 0.0 0.0 0.6812652068126519
50 40 33 0.0 0.0 0.0 0.0 3.0 0.0 0.0 0.6989515726410384
50 40 34 0.0 0.0 2.0 0.0 86.0 0.0 0.0 0.6704980842911876
50 40 35 0.0 0.0 0.0 0.0 61.0 1.0 0.0 0.6796116504854368
50 40 36 0.0 0.0 42.0 0.0 820.0 8.0 5.0 0.49053959355290816
50 40 37 0.0 0.0 50.0 0.0 1430.0 4.0 16.0 0.40287769784172656
50 40 38 0.0 0.0 223.0 0.0 4700.0 22.0 222.0 0.2027809965237543
50 40 39 0.0 0.0 252.0 0.0 5179.0 21.0 249.0 0.1888828926065839
50 40 40 0.0 0.0 237.0 0.0 5620.0 21.0 361.0 0.17863978563225721
50 40 41 0.0 0.0 26.0 0.0 644.0 5.0 2.0 0.5253283302063789
50 40 42 0.0 0.0 318.0 0.0 6741.0 16.0 612.0 0.15471322798099235
50 40 43 0.0 0.0 239.0 0.0 5708.0 22.0 374.0 0.1764335223692501
50 40 44 0.0 0.0 143.0 0.0 3421.0 13.0 80.0 0.25225225225225223
50 40 45 0.0 0.0 71.0 0.0 1954.0 13.0 28.0 0.34877927254608865
50 40 46 0.0 0.0 134.0 0.0 2636.0 18.0 45.0 0.29461279461279455
50 40 47 0.0 0.0 0.0 0.0 21.0 0.0 0.0 0.6927263730826323
50 41 33 0.0 0.0 0.0 0.0 2.0 0.0 0.0 0.6993006993006992
50 41 34 0.0 0.0 0.0 0.0 25.0 1.0 0.0 0.6916996047430829
50 41 35 0.0 0.0 8.0 0.0 186.0 1.0 1.0 0.6383948928408572
50 41 36 0.0 0.0 0.0 0.0 93.0 1.0 0.0 0.6692160611854684
50 41 37 0.0 0.0 22.0 0.0 535.0 5.0 2.0 0.5485893416927898
50 41 38 0.0 0.0 33.0 0.0 783.0 5.0 3.0 0.4978662873399715
50 41 39 0.0 0.0 23.0 0.0 731.0 10.0 3.0 0.510204081632653
50 41 40 0.0 0.0 83.0 0.0 1769.0 9.0 11.0 0.36420395421435997
50 41 41 0.0 0.0 128.0 0.0 3216.0 14.0 91.0 0.262713454681929
50 41 42 0.0 0.0 114.0 0.0 2800.0 15.0 58.0 0.2858309514087382
50 41 43 0.0 0.0 160.0 0.0 3852.0 16.0 152.0 0.23345005836251456
50 41 44 0.0 0.0 37.0 0.0 1106.0 11.0 5.0 0.44699872286079173
50 41 45 0.0 0.0 3.0 0.0 104.0 1.0 0.0 0.664767331433998
50 41 46 0.0 0.0 1.0 0.0 28.0 0.0 0.0 0.690335305719921
50 41 47 0.0 0.0 3.0 0.0 75.0 0.0 0.0 0.6737247353224253
50 42 33 0.0 0.0 0.0 0.0 1.0 0.0 0.0 0.6996501749125437
50 42 34 0.0 0.0 6.0 0.0 99.0 3.0 0.0 0.6660323501427211
50 42 35 0.0 0.0 2.0 0.0 69.0 0.0 0.0 0.6763285024154588
50 42 36 0.0 0.0 23.0 0.0 651.0 7.0 2.0 0.5251312828207051
50 42 37 0.0 0.0 229.0 0.0 5404.0 21.0 352.0 0.18384766907419564
50 42 38 0.0 0.0 92.0 0.0 2183.0 15.0 25.0 0.3287156609532753
50 42 39 0.0 0.0 128.0 0.0 2653.0 23.0 45.0 0.29417944946417307
50 42 40 0.0 0.0 124.0 0.0 2628.0 10.0 44.0 0.2953586497890295
50 42 41 0.0 0.0 29.0 0.0 799.0 9.0 4.0 0.49698260560880364
50 42 42 0.0 0.0 17.0 0.0 426.0 4.0 1.0 0.5740057400574005
50 42 43 0.0 0.0 12.0 0.0 264.0 1.0 0.0 0.6153846153846153
50 42 44 0.0 0.0 0.0 0.0 21.0 0.0 0.0 0.6927263730826323
50 42 45 0.0 0.0 0.0 0.0 6.0 0.0 0.0 0.6979062811565303
50 42 46 0.0 0.0 0.0 0.0 15.0 0.0 0.0 0.694789081885856
50 42 47 0.0 0.0 0.0 0.0 13.0 1.0 0.0 0.6958250497017892
50 42 48 0.0 0.0 0.0 0.0 1.0 0.0 0.0 0.6996501749125437
50 43 33 0.0 0.0 0.0 0.0 1.0 0.0 0.0 0.6996501749125437
50 43 34 0.0 0.0 0.0 0.0 27.0 0.0 0.0 0.6906758756783422
50 43 35 0.0 0.0 36.0 0.0 737.0 12.0 3.0 0.5070626584570807
50 43 36 0.0 0.0 27.0 0.0 799.0 9.0 7.0 0.49698260560880364
50 43 37 0.0 0.0 4.0 0.0 162.0 0.0 0.0 0.6466512702078521
50 43 38 0.0 0.0 160.0 0.0 3507.0 12.0 90.0 0.24748099699487355
50 43 39 0.0 0.0 220.0 0.0 4827.0 27.0 223.0 0.19928825622775795
50 43 40 0.0 0.0 171.0 0.0 4113.0 15.0 135.0 0.22332110384431325
50 43 41 0.0 0.0 11.0 0.0 393.0 6.0 0.0 0.5840634125990821
50 43 42 0.0 0.0 20.0 0.0 320.0 4.0 0.0 0.5995717344753746
50 43 43 0.0 0.0 0.0 0.0 27.0 0.0 0.0 0.6906758756783422
50 43 44 0.0 0.0 0.0 0.0 7.0 0.0 0.0 0.6975585450921773
50 43 47 0.0 0.0 0.0 0.0 2.0 0.0 0.0 0.6993006993006992
50 44 34 0.0 0.0 3.0 0.0 147.0 1.0 0.0 0.6517690875232773
50 44 35 0.0 0.0 58.0 0.0 1290.0 13.0 3.0 0.41979010494752617
50 44 36 0.0 0.0 27.0 0.0 504.0 8.0 0.0 0.5551149881046787
50 44 37 0.0 0.0 55.0 0.0 1186.0 11.0 16.0 0.43357076494270663
50 44 38 0.0 0.0 68.0 0.0 1850.0 15.0 15.0 0.3587903639159405
50 44 39 0.0 0.0 38.0 0.0 949.0 11.0 6.0 0.47043010752688164
50 44 40 0.0 0.0 35.0 0.0 760.0 9.0 2.0 0.5025125628140703
50 44 41 0.0 0.0 47.0 0.0 1280.0 6.0 11.0 0.42155977115326704
50 44 42 0.0 0.0 45.0 0.0 797.0 8.0 5.0 0.494175785386516
50 44 43 0.0 0.0 2.0 0.0 49.0 0.0 0.0 0.68259385665529
50 44 44 0.0 0.0 0.0 0.0 4.0 0.0 0.0 0.6986027944111775
50 45 34 0.0 0.0 0.0 0.0 3.0 0.0 0.0 0.6989515726410384
50 45 35 0.0 0.0 0.0 0.0 11.0 0.0 0.0 0.6961710591745399
50 45 36 0.0 0.0 0.0 0.0 49.0 0.0 0.0 0.6832601268911663
50 45 37 0.0 0.0 7.0 0.0 215.0 0.0 1.0 0.63006300630063
50 45 38 0.0 0.0 92.0 0.0 2129.0 11.0 23.0 0.33254156769596194
50 45 39 0.0 0.0 24.0 0.0 639.0 4.0 2.0 0.5265137269650243
50 45 40 0.0 0.0 129.0 0.0 3124.0 15.0 76.0 0.2672775868652157
50 45 41 0.0 0.0 5.0 0.0 148.0 1.0 0.0 0.6505576208178437
50 45 42 0.0 0.0 1.0 0.0 27.0 0.0 0.0 0.6906758756783422
50 45 43 0.0 0.0 0.0 0.0 7.0 0.0 0.0 0.6975585450921773
50 45 44 0.0 0.0 0.0 0.0 6.0 0.0 0.0 0.6979062811565303
50 46 34 0.0 0.0 0.0 0.0 3.0 0.0 0.0 0.6989515726410384
50 46 35 0.0 0.0 0.0 0.0 6.0 0.0 0.0 0.6979062811565303
50 46 36 0.0 0.0 1.0 0.0 19.0 0.0 0.0 0.6930693069306929
50 46 37 0.0 0.0 90.0 0.0 2024.0 12.0 25.0 0.341296928327645
50 46 38 0.0 0.0 1.0 0.0 52.0 0.0 0.0 0.6819288845591815
50 46 39 0.0 0.0 7.0 0.0 398.0 5.0 1.0 0.5833333333333333
50 46 40 0.0 0.0 9.0 0.0 121.0 1.0 0.0 0.6575857209957726
50 46 41 0.0 0.0 28.0 0.0 655.0 7.0 2.0 0.5231689088191329
50 46 42 0.0 0.0 0.0 0.0 2.0 0.0 0.0 0.6993006993006992
50 47 35 0.0 0.0 0.0 0.0 4.0 0.0 0.0 0.6986027944111775
50 47 36 0.0 0.0 0.0 0.0 3.0 0.0 0.0 0.6989515726410384
50 47 37 0.0 0.0 3.0 0.0 82.0 1.0 0.0 0.6717850287907868
50 47 38 0.0 0.0 2.0 0.0 35.0 1.0 0.0 0.6876227897838899
50 47 39 0.0 0.0 1.0 0.0 98.0 1.0 0.0 0.6673021925643469
50 47 40 0.0 0.0 0.0 0.0 12.0 0.0 0.0 0.6958250497017892
50 47 41 0.0 0.0 8.0 0.0 177.0 1.0 1.0 0.641025641025641
50 47 42 0.0 0.0 4.0 0.0 69.0 2.0 0.0 0.6760019314340897
50 48 34 0.0 0.0 0.0 0.0 4.0 0.0 0.0 0.6986027944111775
50 48 36 0.0 0.0 0.0 0.0 4.0 0.0 0.0 0.6986027944111775
50 48 37 0.0 0.0 2.0 0.0 37.0 0.0 0.0 0.6866110838646394
50 48 38 0.0 0.0 1.0 0.0 33.0 2.0 0.0 0.6889763779527558
50 48 39 0.0 0.0 0.0 0.0 13.0 0.0 0.0 0.695479384003974
50 48 40 0.0 0.0 0.0 0.0 4.0 0.0 0.0 0.6986027944111775
50 49 37 0.0 0.0 0.0 0.0 3.0 0.0 0.0 0.6989515726410384
50 49 38 0.0 0.0 0.0 0.0 4.0 0.0 0.0 0.6986027944111775
50 49 39 0.0 0.0 13.0 0.0 362.0 3.0 0.0 0.5902192242833051
51 32 39 0.0 0.0 0.0 0.0 1.0 0.0 0.0 0.6996501749125437
51 33 37 0.0 0.0 0.0 0.0 2.0 0.0 0.0 0.6993006993006992
51 33 38 0.0 0.0 1.0 0.0 27.0 1.0 0.0 0.6906758756783422
51 33 39 0.0 0.0 0.0 0.0 12.0 0.0 0.0 0.6958250497017892
51 33 40 0.0 0.0 64.0 0.0 1456.0 15.0 12.0 0.3995433789954337
51 33 41 0.0 0.0 0.0 0.0 7.0 0.0 0.0 0.6975585450921773
51 33 42 0.0 0.0 0.0 0.0 6.0 0.0 0.0 0.6979062811565303
51 33 43 0.0 0.0 0.0 0.0 1.0 0.0 0.0 0.6996501749125437
51 34 37 0.0 0.0 0.0 0.0 2.0 0.0 0.0 0.6993006993006992
51 34 38 0.0 0.0 0.0 0.0 4.0 0.0 0.0 0.6986027944111775
51 34 39 0.0 0.0 0.0 0.0 12.0 0.0 0.0 0.6958250497017892
51 34 40 0.0 0.0 1.0 0.0 15.0 0.0 0.0 0.694789081885856
51 34 41 0.0 0.0 0.0 0.0 14.0 0.0 0.0 0.6951340615690167
51 35 37 0.0 0.0 0.0 0.0 3.0 0.0 0.0 0.6989515726410384
51 35 38 0.0 0.0 3.0 0.0 26.0 1.0 0.0 0.690335305719921
51 35 39 0.0 0.0 0.0 0.0 31.0 0.0 0.0 0.6893156080748399
51 35 40 0.0 0.0 4.0 0.0 137.0 0.0 0.0 0.6539000467071461
51 35 41 0.0 0.0 0.0 0.0 31.0 0.0 0.0 0.6893156080748399
51 35 42 0.0 0.0 0.0 0.0 9.0 0.0 0.0 0.6968641114982577
51 35 43 0.0 0.0 5.0 0.0 117.0 0.0 0.0 0.6597549481621111
51 35 44 0.0 0.0 0.0 0.0 13.0 0.0 0.0 0.695479384003974
51 35 45 0.0 0.0 0.0 0.0 4.0 0.0 0.0 0.6986027944111775
51 36 37 0.0 0.0 8.0 0.0 108.0 4.0 0.0 0.6628787878787878
51 36 38 0.0 0.0 0.0 0.0 12.0 0.0 0.0 0.6958250497017892
51 36 39 0.0 0.0 1.0 0.0 64.0 0.0 0.0 0.6782945736434108
51 36 40 0.0 0.0 20.0 0.0 557.0 9.0 0.0 0.5453837164004673
51 36 41 0.0 0.0 6.0 0.0 165.0 1.0 0.0 0.6454587367450437
51 36 42 0.0 0.0 1.0 0.0 41.0 0.0 0.0 0.6856023506366307
51 36 43 0.0 0.0 14.0 0.0 294.0 4.0 1.0 0.6076388888888887
51 36 44 0.0 0.0 100.0 0.0 2473.0 16.0 30.0 0.3070848870366308
51 36 45 0.0 0.0 0.0 0.0 43.0 0.0 0.0 0.6852667645619186
51 37 37 0.0 0.0 0.0 0.0 5.0 0.0 0.0 0.6982543640897755
51 37 38 0.0 0.0 16.0 0.0 256.0 7.0 0.0 0.6181015452538631
51 37 39 0.0 0.0 2.0 0.0 160.0 1.0 0.0 0.6478482184173993
51 37 40 0.0 0.0 28.0 0.0 914.0 7.0 7.0 0.47700170357751276
51 37 41 0.0 0.0 5.0 0.0 298.0 2.0 0.0 0.608695652173913
51 37 42 0.0 0.0 22.0 0.0 482.0 6.0 0.0 0.5604483586869494
51 37 43 0.0 0.0 6.0 0.0 209.0 2.0 0.0 0.6329113924050632
51 37 44 0.0 0.0 0.0 0.0 107.0 1.0 0.0 0.664767331433998
51 37 45 0.0 0.0 0.0 0.0 58.0 0.0 0.0 0.6806028196402526
51 37 46 0.0 0.0 0.0 0.0 2.0 0.0 0.0 0.6993006993006992
51 37 47 0.0 0.0 0.0 0.0 6.0 0.0 0.0 0.6979062811565303
51 38 36 0.0 0.0 0.0 0.0 4.0 0.0 0.0 0.6986027944111775
51 38 37 0.0 0.0 1.0 0.0 26.0 0.0 0.0 0.6906758756783422
51 38 38 0.0 0.0 10.0 0.0 199.0 0.0 0.0 0.6337709370755997
51 38 39 0.0 0.0 69.0 0.0 1586.0 9.0 17.0 0.38387715930902105
51 38 40 0.0 0.0 22.0 0.0 853.0 7.0 5.0 0.4881450488145048
51 38 41 0.0 0.0 237.0 0.0 5576.0 15.0 351.0 0.17941817249775727
51 38 42 0.0 0.0 41.0 0.0 907.0 6.0 1.0 0.4758667573079537
51 38 43 0.0 0.0 28.0 0.0 705.0 12.0 1.0 0.5145167217934582
51 38 44 0.0 0.0 5.0 0.0 221.0 2.0 2.0 0.6297795771479981
51 38 45 0.0 0.0 41.0 0.0 743.0 12.0 1.0 0.5054151624548735
51 38 46 0.0 0.0 0.0 0.0 8.0 0.0 0.0 0.6975585450921773
51 38 47 0.0 0.0 0.0 0.0 9.0 0.0 0.0 0.6968641114982577
51 39 35 0.0 0.0 0.0 0.0 1.0 0.0 0.0 0.6996501749125437
51 39 36 0.0 0.0 3.0 0.0 42.0 0.0 0.0 0.6845965770171147
51 39 37 0.0 0.0 2.0 0.0 28.0 0.0 0.0 0.6899950714637751
51 39 38 0.0 0.0 24.0 0.0 483.0 8.0 1.0 0.5602240896358542
51 39 39 0.0 0.0 22.0 0.0 402.0 6.0 0.0 0.5789909015715466
51 39 40 0.0 0.0 203.0 0.0 4200.0 19.0 136.0 0.21929824561403505
51 39 41 0.0 0.0 126.0 0.0 3085.0 15.0 74.0 0.2694380292532717
51 39 42 0.0 0.0 1.0 0.0 81.0 1.0 0.0 0.6727534839019701
51 39 43 0.0 0.0 64.0 0.0 1713.0 10.0 17.0 0.3716485266790549
51 39 44 0.0 0.0 31.0 0.0 655.0 7.0 1.0 0.522583053378126
51 39 45 0.0 0.0 149.0 0.0 3709.0 12.0 113.0 0.23943902856165553
51 39 46 0.0 0.0 0.0 0.0 5.0 0.0 0.0 0.6982543640897755
51 39 47 0.0 0.0 0.0 0.0 4.0 0.0 0.0 0.6986027944111775
51 40 36 0.0 0.0 0.0 0.0 1.0 0.0 0.0 0.6996501749125437
51 40 37 0.0 0.0 8.0 0.0 117.0 4.0 0.0 0.66006600660066
51 40 38 0.0 0.0 0.0 0.0 15.0 0.0 0.0 0.694789081885856
51 40 39 0.0 0.0 2.0 0.0 121.0 2.0 0.0 0.66006600660066
51 40 40 0.0 0.0 2.0 0.0 43.0 0.0 0.0 0.684931506849315
51 40 41 0.0 0.0 0.0 0.0 41.0 0.0 0.0 0.6859382655560998
51 40 42 0.0 0.0 12.0 0.0 273.0 4.0 0.0 0.6137658921525645
51 40 43 0.0 0.0 24.0 0.0 567.0 5.0 2.0 0.541586073500967
51 40 44 0.0 0.0 167.0 0.0 3475.0 19.0 91.0 0.24888888888888885
51 40 45 0.0 0.0 0.0 0.0 59.0 0.0 0.0 0.6799417192812044
51 40 46 0.0 0.0 0.0 0.0 6.0 0.0 0.0 0.6979062811565303
51 40 47 0.0 0.0 0.0 0.0 1.0 0.0 0.0 0.6996501749125437
51 41 37 0.0 0.0 0.0 0.0 10.0 0.0 0.0 0.6965174129353233
51 41 38 0.0 0.0 0.0 0.0 13.0 1.0 0.0 0.6958250497017892
51 41 39 0.0 0.0 1.0 0.0 38.0 0.0 0.0 0.6866110838646394
51 41 40 0.0 0.0 0.0 0.0 21.0 1.0 0.0 0.6930693069306929
51 41 41 0.0 0.0 1.0 0.0 43.0 0.0 0.0 0.684931506849315
51 41 42 0.0 0.0 0.0 0.0 17.0 0.0 1.0 0.694100148735746
51 41 43 0.0 0.0 0.0 0.0 31.0 0.0 0.0 0.6893156080748399
51 41 44 0.0 0.0 0.0 0.0 17.0 0.0 0.0 0.694100148735746
51 41 45 0.0 0.0 1.0 0.0 47.0 0.0 0.0 0.6835937499999999
51 41 46 0.0 0.0 1.0 0.0 4.0 0.0 0.0 0.6982543640897755
51 42 36 0.0 0.0 0.0 0.0 4.0 0.0 0.0 0.6986027944111775
51 42 37 0.0 0.0 4.0 0.0 67.0 0.0 0.0 0.6760019314340897
51 42 38 0.0 0.0 0.0 0.0 7.0 0.0 0.0 0.6975585450921773
51 42 39 0.0 0.0 0.0 0.0 12.0 0.0 0.0 0.6958250497017892
51 42 40 0.0 0.0 0.0 0.0 7.0 0.0 0.0 0.6975585450921773
51 42 41 0.0 0.0 0.0 0.0 6.0 0.0 0.0 0.6979062811565303
51 42 42 0.0 0.0 0.0 0.0 3.0 0.0 0.0 0.6989515726410384
51 42 43 0.0 0.0 0.0 0.0 1.0 0.0 0.0 0.6996501749125437
51 42 44 0.0 0.0 0.0 0.0 2.0 0.0 0.0 0.6993006993006992
51 43 34 0.0 0.0 0.0 0.0 1.0 0.0 0.0 0.6996501749125437
51 43 36 0.0 0.0 0.0 0.0 4.0 0.0 0.0 0.6986027944111775
51 43 37 0.0 0.0 0.0 0.0 14.0 0.0 0.0 0.6951340615690167
51 43 38 0.0 0.0 2.0 0.0 81.0 2.0 0.0 0.6727534839019701
51 43 39 0.0 0.0 10.0 0.0 161.0 7.0 0.0 0.6472491909385112
51 43 40 0.0 0.0 0.0 0.0 11.0 0.0 0.0 0.6961710591745399
51 43 42 0.0 0.0 0.0 0.0 2.0 0.0 0.0 0.6993006993006992
51 43 43 0.0 0.0 0.0 0.0 2.0 0.0 0.0 0.6993006993006992
51 44 36 0.0 0.0 0.0 0.0 1.0 0.0 0.0 0.6996501749125437
51 44 37 0.0 0.0 0.0 0.0 4.0 0.0 0.0 0.6986027944111775
51 44 38 0.0 0.0 0.0 0.0 5.0 0.0 0.0 0.6982543640897755
51 44 39 0.0 0.0 0.0 0.0 10.0 0.0 0.0 0.6965174129353233
51 44 40 0.0 0.0 0.0 0.0 8.0 0.0 0.0 0.697211155378486
51 44 41 0.0 0.0 0.0 0.0 3.0 0.0 0.0 0.6989515726410384
51 45 37 0.0 0.0 0.0 0.0 3.0 0.0 0.0 0.6989515726410384
51 45 38 0.0 0.0 4.0 0.0 49.0 0.0 0.0 0.6819288845591815
51 45 39 0.0 0.0 0.0 0.0 3.0 0.0 0.0 0.6989515726410384
51 45 40 0.0 0.0 0.0 0.0 2.0 0.0 0.0 0.6993006993006992
51 45 41 0.0 0.0 0.0 0.0 6.0 0.0 0.0 0.6979062811565303
51 46 36 0.0 0.0 0.0 0.0 1.0 0.0 0.0 0.6996501749125437
51 46 37 0.0 0.0 0.0 0.0 1.0 0.0 0.0 0.6996501749125437
51 46 39 0.0 0.0 0.0 0.0 1.0 0.0 0.0 0.6996501749125437
51 46 40 0.0 0.0 0.0 0.0 5.0 0.0 0.0 0.6982543640897755
51 46 41 0.0 0.0 2.0 0.0 25.0 0.0 0.0 0.6906758756783422
51 47 36 0.0 0.0 0.0 0.0 1.0 0.0 0.0 0.6996501749125437
51 50 40 0.0 0.0 0.0 0.0 1.0 0.0 0.0 0.6996501749125437
52 34 39 0.0 0.0 0.0 0.0 1.0 0.0 0.0 0.6996501749125437
52 35 43 0.0 0.0 0.0 0.0 1.0 0.0 0.0 0.6996501749125437
52 35 44 0.0 0.0 0.0 0.0 2.0 0.0 0.0 0.6993006993006992
52 37 41 0.0 0.0 0.0 0.0 1.0 0.0 0.0 0.6996501749125437
52 37 45 0.0 0.0 0.0 0.0 1.0 0.0 0.0 0.6996501749125437
52 38 39 0.0 0.0 0.0 0.0 2.0 0.0 0.0 0.6993006993006992
52 38 40 0.0 0.0 0.0 0.0 10.0 0.0 0.0 0.6965174129353233
52 38 41 0.0 0.0 0.0 0.0 14.0 0.0 0.0 0.6951340615690167
52 38 42 0.0 0.0 1.0 0.0 30.0 0.0 0.0 0.6893156080748399
52 38 45 0.0 0.0 0.0 0.0 10.0 0.0 0.0 0.6965174129353233
52 38 46 0.0 0.0 0.0 0.0 7.0 0.0 0.0 0.6975585450921773
52 39 39 0.0 0.0 4.0 0.0 77.0 0.0 0.0 0.6727534839019701
52 39 40 0.0 0.0 26.0 0.0 626.0 6.0 0.0 0.5291005291005291
52 39 41 0.0 0.0 0.0 0.0 17.0 0.0 0.0 0.694100148735746
52 39 42 0.0 0.0 0.0 0.0 9.0 0.0 0.0 0.6968641114982577
52 39 43 0.0 0.0 0.0 0.0 4.0 0.0 0.0 0.6986027944111775
52 39 44 0.0 0.0 0.0 0.0 5.0 0.0 0.0 0.6982543640897755
52 39 45 0.0 0.0 0.0 0.0 2.0 0.0 0.0 0.6993006993006992
52 39 46 0.0 0.0 0.0 0.0 4.0 0.0 0.0 0.6986027944111775
52 40 39 0.0 0.0 0.0 0.0 3.0 0.0 0.0 0.6989515726410384
52 40 40 0.0 0.0 0.0 0.0 2.0 0.0 0.0 0.6993006993006992
52 40 41 0.0 0.0 0.0 0.0 4.0 0.0 0.0 0.6986027944111775
52 40 42 0.0 0.0 0.0 0.0 4.0 0.0 0.0 0.6986027944111775
52 40 43 0.0 0.0 4.0 0.0 77.0 2.0 0.0 0.6734006734006733
52 40 44 0.0 0.0 16.0 0.0 268.0 3.0 1.0 0.6137658921525645
52 40 45 0.0 0.0 0.0 0.0 3.0 0.0 0.0 0.6989515726410384
52 40 46 0.0 0.0 0.0 0.0 4.0 0.0 0.0 0.6986027944111775
52 41 44 0.0 0.0 0.0 0.0 1.0 0.0 0.0 0.6996501749125437
52 41 45 0.0 0.0 0.0 0.0 1.0 0.0 0.0 0.6996501749125437
