29 38 40 0.0 0.0 0.0 0.0 1.0 0.0 0.0 0.6996501749125437
29 39 36 0.0 0.0 0.0 0.0 1.0 0.0 0.0 0.6996501749125437
29 39 39 0.0 0.0 0.0 0.0 1.0 0.0 0.0 0.6996501749125437
29 39 40 0.0 0.0 0.0 0.0 1.0 0.0 0.0 0.6996501749125437
29 40 37 0.0 0.0 3.0 0.0 97.0 0.0 0.0 0.6666666666666665
29 40 38 0.0 0.0 0.0 0.0 1.0 0.0 0.0 0.6996501749125437
29 40 39 0.0 0.0 0.0 0.0 2.0 0.0 0.0 0.6993006993006992
29 40 40 0.0 0.0 0.0 0.0 2.0 0.0 0.0 0.6993006993006992
29 40 41 0.0 0.0 0.0 0.0 2.0 0.0 0.0 0.6993006993006992
29 41 37 0.0 0.0 0.0 0.0 1.0 0.0 0.0 0.6996501749125437
29 42 37 0.0 0.0 0.0 0.0 1.0 0.0 0.0 0.6996501749125437
29 42 40 0.0 0.0 0.0 0.0 1.0 0.0 0.0 0.6996501749125437
29 43 36 0.0 0.0 0.0 0.0 1.0 0.0 0.0 0.6996501749125437
29 43 40 0.0 0.0 0.0 0.0 1.0 0.0 0.0 0.6996501749125437
29 44 40 0.0 0.0 0.0 0.0 1.0 0.0 0.0 0.6996501749125437
30 35 36 0.0 0.0 0.0 0.0 1.0 0.0 0.0 0.6996501749125437
30 36 36 0.0 0.0 0.0 0.0 4.0 0.0 0.0 0.6986027944111775
30 36 37 0.0 0.0 0.0 0.0 3.0 0.0 0.0 0.6989515726410384
30 36 38 0.0 0.0 1.0 0.0 6.0 0.0 0.0 0.6975585450921773
30 36 39 0.0 0.0 0.0 0.0 5.0 0.0 0.0 0.6982543640897755
30 36 40 0.0 0.0 0.0 0.0 2.0 0.0 0.0 0.6993006993006992
30 37 37 0.0 0.0 0.0 0.0 6.0 0.0 0.0 0.6979062811565303
30 37 38 0.0 0.0 0.0 0.0 4.0 0.0 0.0 0.6986027944111775
30 37 39 0.0 0.0 0.0 0.0 5.0 0.0 0.0 0.6982543640897755
30 38 33 0.0 0.0 0.0 0.0 1.0 0.0 0.0 0.6996501749125437
30 38 34 0.0 0.0 0.0 0.0 3.0 0.0 0.0 0.6989515726410384
30 38 35 0.0 0.0 3.0 0.0 51.0 1.0 0.0 0.6819288845591815
30 38 36 0.0 0.0 0.0 0.0 22.0 0.0 0.0 0.6923837784371908
30 38 37 0.0 0.0 13.0 0.0 217.0 3.0 0.0 0.6286484059272563
30 38 38 0.0 0.0 0.0 0.0 24.0 0.0 0.0 0.6916996047430829
30 38 39 0.0 0.0 3.0 0.0 45.0 0.0 0.0 0.6835937499999999
30 38 40 0.0 0.0 0.0 0.0 30.0 0.0 0.0 0.689655172413793
30 38 45 0.0 0.0 0.0 0.0 2.0 0.0 0.0 0.6993006993006992
30 39 34 0.0 0.0 0.0 0.0 1.0 0.0 0.0 0.6996501749125437
30 39 35 0.0 0.0 0.0 0.0 3.0 0.0 0.0 0.6989515726410384
30 39 36 0.0 0.0 0.0 0.0 38.0 0.0 0.0 0.6869479882237487
30 39 37 0.0 0.0 39.0 0.0 776.0 6.0 1.0 0.49839800640797427
30 39 38 0.0 0.0 2.0 0.0 111.0 2.0 0.0 0.6631927996210326
30 39 39 0.0 0.0 0.0 0.0 73.0 0.0 0.0 0.6753497346840327
30 39 40 0.0 0.0 81.0 0.0 1826.0 20.0 17.0 0.3602676273803396
30 39 41 0.0 0.0 0.0 0.0 20.0 0.0 0.0 0.6930693069306929
30 39 42 0.0 0.0 0.0 0.0 1.0 0.0 0.0 0.6996501749125437
30 40 33 0.0 0.0 0.0 0.0 1.0 0.0 0.0 0.6996501749125437
30 40 34 0.0 0.0 0.0 0.0 1.0 0.0 0.0 0.6996501749125437
30 40 35 0.0 0.0 0.0 0.0 6.0 0.0 0.0 0.6979062811565303
30 40 36 0.0 0.0 3.0 0.0 94.0 2.0 0.0 0.6682577565632457
30 40 37 0.0 0.0 5.0 0.0 97.0 2.0 0.0 0.6666666666666665
30 40 38 0.0 0.0 74.0 0.0 1755.0 15.0 14.0 0.3671649619722003
30 40 39 0.0 0.0 3.0 0.0 121.0 1.0 0.0 0.6594441827602449
30 40 40 0.0 0.0 88.0 0.0 1959.0 17.0 23.0 0.347394540942928
30 40 41 0.0 0.0 20.0 0.0 646.0 5.0 1.0 0.5261180007515971
30 40 42 0.0 0.0 0.0 0.0 3.0 0.0 0.0 0.6989515726410384
30 40 43 0.0 0.0 0.0 0.0 1.0 0.0 0.0 0.6996501749125437
30 40 45 0.0 0.0 0.0 0.0 1.0 0.0 0.0 0.6996501749125437
30 41 34 0.0 0.0 0.0 0.0 1.0 0.0 0.0 0.6996501749125437
30 41 35 0.0 0.0 0.0 0.0 4.0 0.0 0.0 0.6986027944111775
30 41 36 0.0 0.0 1.0 0.0 26.0 0.0 0.0 0.6910167818361302
30 41 37 0.0 0.0 9.0 0.0 200.0 2.0 0.0 0.6343452650657
30 41 38 0.0 0.0 6.0 0.0 253.0 1.0 0.0 0.6200177147918511
30 41 39 0.0 0.0 8.0 0.0 157.0 2.0 0.0 0.6475485661424606
30 41 40 0.0 0.0 8.0 0.0 179.0 1.0 0.0 0.6404391582799633
30 41 41 0.0 0.0 0.0 0.0 52.0 1.0 0.0 0.68259385665529
30 41 42 0.0 0.0 2.0 0.0 12.0 0.0 0.0 0.6951340615690167
30 41 43 0.0 0.0 0.0 0.0 1.0 0.0 0.0 0.6996501749125437
30 42 35 0.0 0.0 0.0 0.0 4.0 0.0 0.0 0.6986027944111775
30 42 36 0.0 0.0 2.0 0.0 50.0 0.0 0.0 0.68259385665529
30 42 37 0.0 0.0 7.0 0.0 165.0 2.0 0.0 0.6451612903225805
30 42 38 0.0 0.0 23.0 0.0 462.0 2.0 0.0 0.56406124093473
30 42 39 0.0 0.0 24.0 0.0 695.0 4.0 3.0 0.5160339107998525
30 42 40 0.0 0.0 65.0 0.0 1874.0 6.0 34.0 0.3559623696923468
30 42 41 0.0 0.0 2.0 0.0 58.0 0.0 0.0 0.6796116504854368
30 42 42 0.0 0.0 0.0 0.0 19.0 0.0 0.0 0.6934125804853887
30 42 43 0.0 0.0 0.0 0.0 13.0 0.0 0.0 0.695479384003974
30 42 44 0.0 0.0 0.0 0.0 3.0 0.0 0.0 0.6989515726410384
30 43 36 0.0 0.0 54.0 0.0 1297.0 8.0 6.0 0.4187855219862398
30 43 37 0.0 0.0 0.0 0.0 24.0 0.0 0.0 0.6916996047430829
30 43 38 0.0 0.0 0.0 0.0 63.0 0.0 0.0 0.6786233640329616
30 43 39 0.0 0.0 83.0 0.0 1561.0 11.0 7.0 0.3853564547206165
30 43 40 0.0 0.0 0.0 0.0 140.0 0.0 0.0 0.6542056074766354
30 43 41 0.0 0.0 3.0 0.0 123.0 1.0 0.0 0.6588235294117646
30 43 42 0.0 0.0 0.0 0.0 22.0 0.0 0.0 0.6923837784371908
30 43 43 0.0 0.0 0.0 0.0 33.0 0.0 0.0 0.6886374815543531
30 43 44 0.0 0.0 0.0 0.0 15.0 0.0 0.0 0.694789081885856
30 44 36 0.0 0.0 0.0 0.0 9.0 0.0 0.0 0.6968641114982577
30 44 37 0.0 0.0 2.0 0.0 54.0 0.0 0.0 0.6812652068126519
30 44 38 0.0 0.0 46.0 0.0 756.0 15.0 1.0 0.5025125628140703
30 44 39 0.0 0.0 5.0 0.0 190.0 2.0 0.0 0.6386861313868613
30 44 40 0.0 0.0 42.0 0.0 979.0 4.0 3.0 0.4640371229698375
30 44 41 0.0 0.0 34.0 0.0 752.0 6.0 2.0 0.5035971223021581
30 44 42 0.0 0.0 0.0 0.0 20.0 0.0 0.0 0.6930693069306929
30 44 43 0.0 0.0 0.0 0.0 10.0 0.0 0.0 0.6965174129353233
30 44 44 0.0 0.0 0.0 0.0 7.0 0.0 0.0 0.6975585450921773
30 45 36 0.0 0.0 0.0 0.0 1.0 0.0 0.0 0.6996501749125437
30 45 37 0.0 0.0 2.0 0.0 61.0 1.0 0.0 0.6792819019893255
30 45 38 0.0 0.0 13.0 0.0 380.0 2.0 0.0 0.5855290673358426
30 45 39 0.0 0.0 44.0 0.0 1183.0 5.0 5.0 0.4345127250155182
30 45 40 0.0 0.0 12.0 0.0 279.0 5.0 0.0 0.6124234470691162
30 45 41 0.0 0.0 1.0 0.0 28.0 0.0 0.0 0.6899950714637751
30 45 42 0.0 0.0 0.0 0.0 16.0 0.0 0.0 0.6944444444444444
30 45 43 0.0 0.0 0.0 0.0 3.0 0.0 0.0 0.6989515726410384
30 45 44 0.0 0.0 0.0 0.0 6.0 0.0 0.0 0.6979062811565303
30 46 37 0.0 0.0 1.0 0.0 7.0 0.0 0.0 0.697211155378486
30 46 38 0.0 0.0 0.0 0.0 16.0 0.0 0.0 0.6944444444444444
30 46 39 0.0 0.0 0.0 0.0 12.0 0.0 0.0 0.6958250497017892
30 47 39 0.0 0.0 0.0 0.0 2.0 0.0 0.0 0.6993006993006992
30 47 40 0.0 0.0 0.0 0.0 1.0 0.0 0.0 0.6996501749125437
30 47 41 0.0 0.0 0.0 0.0 3.0 0.0 0.0 0.6989515726410384
31 34 35 0.0 0.0 0.0 0.0 1.0 0.0 0.0 0.6996501749125437
31 34 36 0.0 0.0 0.0 0.0 1.0 0.0 0.0 0.6996501749125437
31 34 37 0.0 0.0 0.0 0.0 3.0 0.0 0.0 0.6993006993006992
31 34 40 0.0 0.0 0.0 0.0 3.0 0.0 0.0 0.6989515726410384
31 34 42 0.0 0.0 0.0 0.0 1.0 0.0 0.0 0.6996501749125437
31 35 35 0.0 0.0 0.0 0.0 1.0 0.0 0.0 0.6996501749125437
31 35 36 0.0 0.0 0.0 0.0 6.0 0.0 0.0 0.6979062811565303
31 35 37 0.0 0.0 0.0 0.0 14.0 0.0 0.0 0.6951340615690167
31 35 38 0.0 0.0 16.0 0.0 282.0 4.0 0.0 0.6102877070619005
31 35 39 0.0 0.0 11.0 0.0 169.0 3.0 0.0 0.6430868167202571
31 35 40 0.0 0.0 15.0 0.0 307.0 1.0 0.0 0.6031882809133993
31 35 41 0.0 0.0 20.0 0.0 290.0 6.0 0.0 0.6076388888888887
31 35 42 0.0 0.0 0.0 0.0 7.0 0.0 0.0 0.6975585450921773
31 35 43 0.0 0.0 0.0 0.0 1.0 0.0 0.0 0.6996501749125437
31 35 44 0.0 0.0 0.0 0.0 2.0 0.0 0.0 0.6993006993006992
31 35 45 0.0 0.0 0.0 0.0 1.0 0.0 0.0 0.6996501749125437
31 36 33 0.0 0.0 0.0 0.0 10.0 0.0 0.0 0.6965174129353233
31 36 34 0.0 0.0 0.0 0.0 11.0 0.0 0.0 0.6961710591745399
31 36 35 0.0 0.0 52.0 0.0 1039.0 16.0 6.0 0.45528455284552843
31 36 36 0.0 0.0 19.0 0.0 413.0 6.0 0.0 0.5773195876288658
31 36 37 0.0 0.0 1.0 0.0 73.0 0.0 0.0 0.6750241080038573
31 36 38 0.0 0.0 1.0 0.0 91.0 0.0 0.0 0.6692160611854684
31 36 39 0.0 0.0 9.0 0.0 225.0 2.0 0.0 0.6272401433691756
31 36 40 0.0 0.0 3.0 0.0 73.0 1.0 0.0 0.6746987951807227
31 36 41 0.0 0.0 0.0 0.0 39.0 0.0 0.0 0.6866110838646394
31 36 42 0.0 0.0 2.0 0.0 72.0 0.0 0.0 0.6750241080038573
31 36 43 0.0 0.0 0.0 0.0 13.0 0.0 0.0 0.6958250497017892
31 36 44 0.0 0.0 0.0 0.0 7.0 0.0 0.0 0.6975585450921773
31 36 45 0.0 0.0 0.0 0.0 3.0 0.0 0.0 0.6989515726410384
31 36 46 0.0 0.0 0.0 0.0 1.0 0.0 0.0 0.6996501749125437
31 37 33 0.0 0.0 7.0 0.0 142.0 2.0 0.0 0.6520726595249184
31 37 34 0.0 0.0 14.0 0.0 330.0 3.0 0.0 0.5980350277659119
31 37 35 0.0 0.0 43.0 0.0 807.0 4.0 2.0 0.49191848208011235
31 37 36 0.0 0.0 47.0 0.0 1004.0 6.0 5.0 0.4597701149425287
31 37 37 0.0 0.0 113.0 0.0 2380.0 18.0 47.0 0.31284916201117313
31 37 38 0.0 0.0 148.0 0.0 3684.0 15.0 117.0 0.2405085036935234
31 37 39 0.0 0.0 37.0 0.0 753.0 8.0 3.0 0.5032350826743349
31 37 40 0.0 0.0 40.0 0.0 813.0 12.0 3.0 0.492784230904611
31 37 41 0.0 0.0 72.0 0.0 1650.0 14.0 9.0 0.3774602318684281
31 37 42 0.0 0.0 1.0 0.0 32.0 1.0 0.0 0.6889763779527558
31 37 43 0.0 0.0 0.0 0.0 25.0 0.0 0.0 0.6913580246913579
31 37 44 0.0 0.0 0.0 0.0 5.0 0.0 0.0 0.6982543640897755
31 37 45 0.0 0.0 0.0 0.0 7.0 0.0 0.0 0.6979062811565303
31 37 46 0.0 0.0 0.0 0.0 1.0 0.0 0.0 0.6996501749125437
31 37 47 0.0 0.0 0.0 0.0 2.0 0.0 0.0 0.6993006993006992
31 38 32 0.0 0.0 0.0 0.0 1.0 0.0 0.0 0.6996501749125437
31 38 33 0.0 0.0 0.0 0.0 5.0 0.0 0.0 0.6982543640897755
31 38 34 0.0 0.0 37.0 0.0 626.0 5.0 2.0 0.5267118133935288
31 38 35 0.0 0.0 9.0 0.0 252.0 0.0 1.0 0.6194690265486725
31 38 36 0.0 0.0 126.0 0.0 2487.0 11.0 38.0 0.30421555845284654
31 38 37 0.0 0.0 138.0 0.0 2928.0 16.0 82.0 0.27728263022380667
31 38 38 0.0 0.0 16.0 0.0 524.0 4.0 2.0 0.5522682445759368
31 38 39 0.0 0.0 30.0 0.0 988.0 8.0 5.0 0.46527085410435354
31 38 40 0.0 0.0 16.0 0.0 595.0 6.0 1.0 0.5376344086021504
31 38 41 0.0 0.0 11.0 0.0 446.0 4.0 1.0 0.5707297187117814
31 38 42 0.0 0.0 0.0 0.0 77.0 0.0 0.0 0.6740491092922483
31 38 43 0.0 0.0 3.0 0.0 79.0 1.0 0.0 0.6727534839019701
31 38 44 0.0 0.0 0.0 0.0 4.0 0.0 0.0 0.6986027944111775
31 38 45 0.0 0.0 0.0 0.0 5.0 0.0 0.0 0.6982543640897755
31 38 47 0.0 0.0 0.0 0.0 1.0 0.0 0.0 0.6996501749125437
31 39 33 0.0 0.0 1.0 0.0 10.0 0.0 0.0 0.6961710591745399
31 39 34 0.0 0.0 78.0 0.0 1862.0 6.0 16.0 0.3558718861209964
31 39 35 0.0 0.0 64.0 0.0 1562.0 12.0 10.0 0.3872752420470262
31 39 36 0.0 0.0 272.0 0.0 5614.0 17.0 362.0 0.1779133307917143
31 39 37 0.0 0.0 259.0 0.0 5802.0 22.0 428.0 0.1741726797710873
31 39 38 0.0 0.0 148.0 0.0 3974.0 8.0 150.0 0.22894521668029433
31 39 39 0.0 0.0 408.0 0.0 8324.0 26.0 1220.0 0.1306457633445315
31 39 40 0.0 0.0 98.0 0.0 2281.0 13.0 26.0 0.32065964269354097
31 39 41 0.0 0.0 74.0 0.0 1811.0 9.0 15.0 0.36119711042311653
31 39 42 0.0 0.0 9.0 0.0 285.0 2.0 0.0 0.6108202443280977
31 39 43 0.0 0.0 27.0 0.0 421.0 7.0 0.0 0.5737704918032785
31 39 44 0.0 0.0 69.0 0.0 1588.0 17.0 17.0 0.38472107721901616
31 39 45 0.0 0.0 0.0 0.0 38.0 0.0 0.0 0.6869479882237487
31 39 46 0.0 0.0 0.0 0.0 6.0 0.0 0.0 0.6979062811565303
31 39 47 0.0 0.0 0.0 0.0 2.0 0.0 0.0 0.6993006993006992
31 40 32 0.0 0.0 0.0 0.0 2.0 0.0 0.0 0.6993006993006992
31 40 33 0.0 0.0 2.0 0.0 5.0 0.0 0.0 0.6975585450921773
31 40 34 0.0 0.0 0.0 0.0 34.0 1.0 0.0 0.6886374815543531
31 40 35 0.0 0.0 27.0 0.0 823.0 9.0 10.0 0.4926108374384236
31 40 36 0.0 0.0 199.0 0.0 4436.0 8.0 178.0 0.2112569790251999
31 40 37 0.0 0.0 450.0 0.0 8766.0 32.0 1354.0 0.12510052720936465
31 40 38 0.0 0.0 260.0 0.0 7119.0 14.0 862.0 0.14939707608579658
31 40 39 0.0 0.0 205.0 0.0 5050.0 18.0 251.0 0.19350380096751899
31 40 40 0.0 0.0 318.0 0.0 6462.0 21.0 529.0 0.1597261836851112
31 40 41 0.0 0.0 135.0 0.0 2782.0 16.0 65.0 0.2855394656332857
31 40 42 0.0 0.0 78.0 0.0 1819.0 16.0 13.0 0.36073177016232927
31 40 43 0.0 0.0 19.0 0.0 459.0 2.0 0.0 0.5654281098546041
31 40 44 0.0 0.0 1.0 0.0 55.0 0.0 0.0 0.6809338521400777
31 40 45 0.0 0.0 3.0 0.0 95.0 2.0 0.0 0.6679389312977099
31 40 46 0.0 0.0 0.0 0.0 4.0 0.0 0.0 0.6986027944111775
31 41 33 0.0 0.0 0.0 0.0 2.0 0.0 0.0 0.6993006993006992
31 41 34 0.0 0.0 0.0 0.0 5.0 0.0 0.0 0.6982543640897755
31 41 35 0.0 0.0 14.0 0.0 393.0 6.0 1.0 0.5830903790087463
31 41 36 0.0 0.0 70.0 0.0 2009.0 15.0 32.0 0.3445729756337681
31 41 37 0.0 0.0 227.0 0.0 5400.0 10.0 315.0 0.18372703412073488
31 41 38 0.0 0.0 259.0 0.0 5753.0 23.0 395.0 0.17513134851138348
31 41 39 0.0 0.0 337.0 0.0 7547.0 18.0 919.0 0.14178651002633175
31 41 40 0.0 0.0 416.0 0.0 8458.0 17.0 1274.0 0.12885411872986652
31 41 41 0.0 0.0 64.0 0.0 1650.0 11.0 21.0 0.37817396002160986
31 41 42 0.0 0.0 47.0 0.0 1163.0 11.0 7.0 0.4377736085053157
31 41 43 0.0 0.0 37.0 0.0 790.0 4.0 1.0 0.4961020552799432
31 41 44 0.0 0.0 5.0 0.0 177.0 3.0 0.0 0.6430868167202571
31 41 45 0.0 0.0 0.0 0.0 27.0 0.0 0.0 0.6906758756783422
31 41 46 0.0 0.0 0.0 0.0 1.0 0.0 0.0 0.6996501749125437
31 42 34 0.0 0.0 0.0 0.0 1.0 0.0 0.0 0.6996501749125437
31 42 35 0.0 0.0 5.0 0.0 197.0 1.0 0.0 0.6360745115856428
31 42 36 0.0 0.0 107.0 0.0 2614.0 17.0 49.0 0.29761904761904756
31 42 37 0.0 0.0 209.0 0.0 4874.0 21.0 257.0 0.1981879954699886
31 42 38 0.0 0.0 268.0 0.0 5826.0 17.0 389.0 0.17324588541022148
31 42 39 0.0 0.0 284.0 0.0 6188.0 23.0 476.0 0.16566086853626788
31 42 40 0.0 0.0 492.0 0.0 9403.0 24.0 1729.0 0.11782528193906747
31 42 41 0.0 0.0 189.0 0.0 4192.0 17.0 157.0 0.21998742928975482
31 42 42 0.0 0.0 161.0 0.0 3833.0 22.0 121.0 0.23438807969194705
31 42 43 0.0 0.0 60.0 0.0 1256.0 10.0 3.0 0.4234724742891712
31 42 44 0.0 0.0 0.0 0.0 40.0 0.0 0.0 0.6862745098039215
31 42 45 0.0 0.0 1.0 0.0 24.0 0.0 0.0 0.6913580246913579
31 42 46 0.0 0.0 16.0 0.0 392.0 3.0 0.0 0.582120582120582
31 42 47 0.0 0.0 0.0 0.0 9.0 0.0 0.0 0.6968641114982577
31 43 35 0.0 0.0 0.0 0.0 13.0 0.0 0.0 0.695479384003974
31 43 36 0.0 0.0 23.0 0.0 879.0 0.0 2.0 0.48259220958290233
31 43 37 0.0 0.0 235.0 0.0 5544.0 25.0 404.0 0.1804588811549368
31 43 38 0.0 0.0 268.0 0.0 6202.0 16.0 537.0 0.16548463356973991
31 43 39 0.0 0.0 358.0 0.0 7515.0 19.0 857.0 0.14204545454545453
31 43 40 0.0 0.0 228.0 0.0 5988.0 21.0 441.0 0.17079419299743806
31 43 41 0.0 0.0 233.0 0.0 4980.0 22.0 250.0 0.19457956914523972
31 43 42 0.0 0.0 168.0 0.0 3504.0 13.0 109.0 0.24730612965907078
31 43 43 0.0 0.0 224.0 0.0 5416.0 12.0 331.0 0.18336607727570395
31 43 44 0.0 0.0 1.0 0.0 81.0 0.0 0.0 0.6724303554274734
31 43 45 0.0 0.0 12.0 0.0 245.0 5.0 0.0 0.6216696269982237
31 43 46 0.0 0.0 12.0 0.0 215.0 4.0 0.0 0.6297795771479981
31 43 47 0.0 0.0 0.0 0.0 3.0 0.0 0.0 0.6993006993006992
31 44 35 0.0 0.0 0.0 0.0 8.0 0.0 0.0 0.697211155378486
31 44 36 0.0 0.0 48.0 0.0 1189.0 10.0 8.0 0.4339739615623062
31 44 37 0.0 0.0 114.0 0.0 2632.0 20.0 58.0 0.2961709329384387
31 44 38 0.0 0.0 353.0 0.0 7600.0 17.0 940.0 0.1407884151246983
31 44 39 0.0 0.0 475.0 0.0 9397.0 20.0 1884.0 0.11805379880259717
31 44 40 0.0 0.0 383.0 0.0 8159.0 27.0 1212.0 0.13307984790874522
31 44 41 0.0 0.0 294.0 0.0 5963.0 14.0 391.0 0.16967640286025937
31 44 42 0.0 0.0 9.0 0.0 314.0 4.0 0.0 0.6037084950409658
31 44 43 0.0 0.0 208.0 0.0 4298.0 27.0 169.0 0.21604938271604934
31 44 44 0.0 0.0 6.0 0.0 144.0 3.0 0.0 0.6520726595249184
31 44 45 0.0 0.0 12.0 0.0 207.0 1.0 0.0 0.6314839873703202
31 44 46 0.0 0.0 4.0 0.0 160.0 2.0 0.0 0.6475485661424606
31 44 47 0.0 0.0 0.0 0.0 4.0 0.0 0.0 0.6986027944111775
31 45 35 0.0 0.0 0.0 0.0 1.0 0.0 0.0 0.6996501749125437
31 45 36 0.0 0.0 0.0 0.0 16.0 0.0 0.0 0.6944444444444444
31 45 37 0.0 0.0 75.0 0.0 1877.0 14.0 23.0 0.3555104113763331
31 45 38 0.0 0.0 294.0 0.0 6572.0 17.0 611.0 0.158156348847718
31 45 39 0.0 0.0 126.0 0.0 3740.0 13.0 141.0 0.23911187019641328
31 45 40 0.0 0.0 77.0 0.0 1947.0 22.0 25.0 0.34982508745627183
31 45 41 0.0 0.0 21.0 0.0 650.0 5.0 2.0 0.5251312828207051
31 45 42 0.0 0.0 4.0 0.0 349.0 2.0 0.0 0.5954912803062525
31 45 43 0.0 0.0 17.0 0.0 322.0 4.0 0.0 0.5998286203941731
31 45 44 0.0 0.0 35.0 0.0 655.0 4.0 1.0 0.5212211466865226
31 45 45 0.0 0.0 0.0 0.0 33.0 0.0 0.0 0.6886374815543531
31 45 46 0.0 0.0 1.0 0.0 59.0 0.0 0.0 0.6796116504854368
31 46 36 0.0 0.0 0.0 0.0 3.0 0.0 0.0 0.6989515726410384
31 46 37 0.0 0.0 0.0 0.0 37.0 0.0 0.0 0.6872852233676975
31 46 38 0.0 0.0 2.0 0.0 99.0 0.0 0.0 0.6663493574488338
31 46 39 0.0 0.0 75.0 0.0 1469.0 14.0 6.0 0.39660056657223797
31 46 40 0.0 0.0 58.0 0.0 1184.0 10.0 5.0 0.43290043290043284
31 46 41 0.0 0.0 2.0 0.0 122.0 1.0 0.0 0.6597549481621111
31 46 42 0.0 0.0 0.0 0.0 30.0 0.0 0.0 0.689655172413793
31 46 43 0.0 0.0 10.0 0.0 156.0 1.0 1.0 0.6466512702078521
31 46 44 0.0 0.0 0.0 0.0 15.0 0.0 0.0 0.694789081885856
31 46 45 0.0 0.0 0.0 0.0 2.0 0.0 0.0 0.6993006993006992
31 47 37 0.0 0.0 1.0 0.0 23.0 0.0 0.0 0.6916996047430829
31 47 38 0.0 0.0 0.0 0.0 14.0 0.0 0.0 0.6951340615690167
31 47 39 0.0 0.0 3.0 0.0 44.0 1.0 0.0 0.6842619745845552
31 47 40 0.0 0.0 0.0 0.0 13.0 0.0 0.0 0.695479384003974
31 47 41 0.0 0.0 0.0 0.0 31.0 0.0 0.0 0.6893156080748399
31 47 42 0.0 0.0 0.0 0.0 6.0 0.0 0.0 0.6979062811565303
31 47 43 0.0 0.0 0.0 0.0 9.0 0.0 0.0 0.697211155378486
31 47 44 0.0 0.0 0.0 0.0 1.0 0.0 0.0 0.6996501749125437
32 32 35 0.0 0.0 1.0 0.0 5.0 0.0 0.0 0.6979062811565303
32 32 37 0.0 0.0 0.0 0.0 1.0 0.0 0.0 0.6996501749125437
32 32 38 0.0 0.0 0.0 0.0 1.0 0.0 0.0 0.6996501749125437
32 33 36 0.0 0.0 0.0 0.0 1.0 0.0 0.0 0.6996501749125437
32 33 37 0.0 0.0 0.0 0.0 12.0 0.0 0.0 0.6958250497017892
32 33 38 0.0 0.0 1.0 0.0 87.0 2.0 0.0 0.6711409395973154
32 33 39 0.0 0.0 0.0 0.0 23.0 0.0 0.0 0.6920415224913494
32 33 40 0.0 0.0 5.0 0.0 74.0 2.0 0.0 0.6740491092922483
32 33 41 0.0 0.0 7.0 0.0 164.0 1.0 0.0 0.6451612903225805
32 33 42 0.0 0.0 0.0 0.0 3.0 0.0 0.0 0.6989515726410384
32 34 35 0.0 0.0 0.0 0.0 2.0 0.0 0.0 0.6993006993006992
32 34 36 0.0 0.0 0.0 0.0 10.0 0.0 0.0 0.6965174129353233
32 34 37 0.0 0.0 0.0 0.0 15.0 0.0 0.0 0.694789081885856
32 34 38 0.0 0.0 52.0 0.0 1349.0 8.0 7.0 0.4126142057176539
32 34 39 0.0 0.0 4.0 0.0 59.0 3.0 0.0 0.6796116504854368
32 34 40 0.0 0.0 0.0 0.0 36.0 0.0 0.0 0.6882989183874139
32 34 41 0.0 0.0 32.0 0.0 595.0 11.0 2.0 0.5353728489483747
32 34 42 0.0 0.0 0.0 0.0 27.0 0.0 0.0 0.6906758756783422
32 34 43 0.0 0.0 0.0 0.0 17.0 0.0 0.0 0.694100148735746
32 35 34 0.0 0.0 0.0 0.0 5.0 0.0 0.0 0.6986027944111775
32 35 35 0.0 0.0 0.0 0.0 102.0 0.0 0.0 0.6660323501427211
32 35 36 0.0 0.0 88.0 0.0 2062.0 19.0 20.0 0.33873699491894504
32 35 37 0.0 0.0 102.0 0.0 2274.0 9.0 44.0 0.32043945983062483
32 35 38 0.0 0.0 42.0 0.0 1259.0 9.0 6.0 0.4252733900364519
32 35 39 0.0 0.0 6.0 0.0 301.0 3.0 1.0 0.6076388888888887
32 35 40 0.0 0.0 29.0 0.0 656.0 4.0 0.0 0.5223880597014925
32 35 41 0.0 0.0 28.0 0.0 844.0 9.0 7.0 0.4889975550122249
32 35 42 0.0 0.0 7.0 0.0 282.0 2.0 0.0 0.6121556624398775
32 35 43 0.0 0.0 1.0 0.0 102.0 2.0 0.0 0.6663493574488338
32 35 44 0.0 0.0 9.0 0.0 257.0 1.0 0.0 0.6181015452538631
32 35 45 0.0 0.0 7.0 0.0 90.0 2.0 0.0 0.6682577565632457
32 35 46 0.0 0.0 0.0 0.0 29.0 0.0 0.0 0.6899950714637751
32 36 33 0.0 0.0 3.0 0.0 38.0 1.0 0.0 0.6862745098039215
32 36 34 0.0 0.0 0.0 0.0 38.0 0.0 0.0 0.6869479882237487
32 36 35 0.0 0.0 61.0 0.0 1367.0 11.0 5.0 0.40971612525607254
32 36 36 0.0 0.0 144.0 0.0 3159.0 19.0 73.0 0.26495079485238454
32 36 37 0.0 0.0 85.0 0.0 1784.0 13.0 11.0 0.36307053941908707
32 36 38 0.0 0.0 365.0 0.0 7444.0 27.0 773.0 0.1431053868956353
32 36 39 0.0 0.0 286.0 0.0 5572.0 20.0 265.0 0.17861699413115587
32 36 40 0.0 0.0 319.0 0.0 6726.0 16.0 548.0 0.15493581230633022
32 36 41 0.0 0.0 223.0 0.0 5339.0 16.0 329.0 0.18545502715591464
32 36 42 0.0 0.0 243.0 0.0 5141.0 16.0 256.0 0.18993352326685656
32 36 43 0.0 0.0 40.0 0.0 974.0 12.0 3.0 0.4663557628247834
32 36 44 0.0 0.0 45.0 0.0 1186.0 14.0 11.0 0.4350528278433809
32 36 45 0.0 0.0 20.0 0.0 390.0 7.0 0.0 0.5826050769870994
32 36 46 0.0 0.0 48.0 0.0 1204.0 10.0 11.0 0.4316990440949737
32 37 33 0.0 0.0 0.0 0.0 9.0 0.0 0.0 0.6968641114982577
32 37 34 0.0 0.0 294.0 0.0 6234.0 21.0 473.0 0.1644736842105263
32 37 35 0.0 0.0 263.0 0.0 5716.0 15.0 376.0 0.17574692442882248
32 37 36 0.0 0.0 456.0 0.0 8747.0 25.0 1372.0 0.12516763522574875
32 37 37 0.0 0.0 191.0 0.0 4640.0 13.0 195.0 0.20527859237536653
32 37 38 0.0 0.0 370.0 0.0 8152.0 10.0 1272.0 0.13307984790874522
32 37 39 0.0 0.0 442.0 0.0 8957.0 17.0 1546.0 0.1229364243062873
32 37 40 0.0 0.0 330.0 0.0 6198.0 31.0 414.0 0.16466713714420134
32 37 41 0.0 0.0 133.0 0.0 3571.0 13.0 120.0 0.2460024600246002
32 37 42 0.0 0.0 296.0 0.0 6700.0 18.0 641.0 0.1558499387732383
32 37 43 0.0 0.0 155.0 0.0 3538.0 11.0 109.0 0.24621878297572983
32 37 44 0.0 0.0 83.0 0.0 2420.0 9.0 35.0 0.31145717463848716
32 37 45 0.0 0.0 34.0 0.0 880.0 11.0 6.0 0.48242591316333555
32 37 46 0.0 0.0 84.0 0.0 1737.0 16.0 18.0 0.3677436301549776
32 37 47 0.0 0.0 0.0 0.0 29.0 0.0 0.0 0.6899950714637751
32 37 48 0.0 0.0 2.0 0.0 27.0 1.0 0.0 0.690335305719921
32 38 32 0.0 0.0 0.0 0.0 7.0 0.0 0.0 0.6975585450921773
32 38 33 0.0 0.0 5.0 0.0 70.0 3.0 0.0 0.6756756756756755
32 38 34 0.0 0.0 10.0 0.0 476.0 2.0 3.0 0.5636070853462157
32 38 35 0.0 0.0 167.0 0.0 3945.0 26.0 140.0 0.22988505747126434
32 38 36 0.0 0.0 356.0 0.0 7985.0 25.0 1163.0 0.13561949045820013
32 38 37 0.0 0.0 491.0 0.0 9927.0 30.0 2503.0 0.11293965795417875
32 38 38 0.0 0.0 669.0 0.0 11504.0 26.0 4480.0 0.09884911388830048
32 38 39 0.0 0.0 572.0 0.0 10283.0 21.0 2523.0 0.10896637608966375
32 38 40 0.0 0.0 710.0 0.0 11559.0 30.0 4346.0 0.09816983381249561
32 38 41 0.0 0.0 408.0 0.0 7921.0 23.0 1012.0 0.13573783207291057
32 38 42 0.0 0.0 157.0 0.0 4278.0 16.0 185.0 0.21793275217932748
32 38 43 0.0 0.0 148.0 0.0 3399.0 18.0 76.0 0.2532561505065123
32 38 44 0.0 0.0 70.0 0.0 1506.0 18.0 10.0 0.3937007874015747
32 38 45 0.0 0.0 21.0 0.0 846.0 2.0 6.0 0.48882681564245806
32 38 46 0.0 0.0 62.0 0.0 1941.0 14.0 24.0 0.3509651541739784
32 38 47 0.0 0.0 19.0 0.0 663.0 3.0 2.0 0.522583053378126
32 38 48 0.0 0.0 0.0 0.0 1.0 0.0 0.0 0.6996501749125437
32 39 32 0.0 0.0 0.0 0.0 13.0 0.0 0.0 0.695479384003974
32 39 33 0.0 0.0 138.0 0.0 2992.0 14.0 54.0 0.273704789833822
32 39 34 0.0 0.0 88.0 0.0 1878.0 8.0 16.0 0.3537139969681657
32 39 35 0.0 0.0 214.0 0.0 5112.0 19.0 272.0 0.19164955509924708
32 39 36 0.0 0.0 610.0 0.0 10957.0 34.0 4105.0 0.10335154289089028
32 39 37 0.0 0.0 479.0 0.0 9326.0 17.0 1656.0 0.11865412323078227
32 39 38 0.0 0.0 625.0 0.0 11092.0 20.0 3108.0 0.10210779665961636
32 39 39 0.0 0.0 504.0 0.0 9646.0 29.0 1833.0 0.11544487507215302
32 39 40 0.0 0.0 449.0 0.0 8932.0 18.0 1482.0 0.1231310466138962
32 39 41 0.0 0.0 477.0 0.0 9215.0 30.0 1749.0 0.11994516792323508
32 39 42 0.0 0.0 383.0 0.0 8153.0 20.0 1241.0 0.13305455236647024
32 39 43 0.0 0.0 107.0 0.0 3262.0 14.0 100.0 0.26134030240806416
32 39 44 0.0 0.0 33.0 0.0 1283.0 12.0 14.0 0.4238570996064183
32 39 45 0.0 0.0 158.0 0.0 3571.0 20.0 92.0 0.24526979677645408
32 39 46 0.0 0.0 39.0 0.0 874.0 7.0 0.0 0.4820936639118457
32 39 47 0.0 0.0 1.0 0.0 34.0 0.0 0.0 0.6879606879606879
32 40 32 0.0 0.0 0.0 0.0 3.0 0.0 0.0 0.6989515726410384
32 40 33 0.0 0.0 4.0 0.0 134.0 2.0 0.0 0.6557377049180326
32 40 34 0.0 0.0 141.0 0.0 3201.0 19.0 78.0 0.2630095810633101
32 40 35 0.0 0.0 364.0 0.0 7425.0 19.0 796.0 0.14322250639386186
32 40 36 0.0 0.0 420.0 0.0 8899.0 16.0 1468.0 0.12375143640060107
32 40 37 0.0 0.0 970.0 0.0 13033.0 30.0 7114.0 0.087527352297593
32 40 38 0.0 0.0 1002.0 0.0 13061.0 23.0 9387.0 0.08712427655734643
32 40 39 0.0 0.0 935.0 0.0 13026.0 22.0 8018.0 0.08770281275449476
32 40 40 0.0 0.0 382.0 0.0 8149.0 22.0 1170.0 0.13314312886352828
32 40 41 0.0 0.0 479.0 0.0 9212.0 21.0 1656.0 0.1199040767386091
32 40 42 0.0 0.0 298.0 0.0 6483.0 20.0 579.0 0.15965332421028622
32 40 43 0.0 0.0 434.0 0.0 8923.0 25.0 1555.0 0.1234241382350348
32 40 44 0.0 0.0 365.0 0.0 7771.0 19.0 887.0 0.1382716049382716
32 40 45 0.0 0.0 141.0 0.0 3323.0 16.0 71.0 0.25702221406278686
32 40 46 0.0 0.0 4.0 0.0 192.0 1.0 1.0 0.6378132118451024
32 40 47 0.0 0.0 33.0 0.0 568.0 6.0 4.0 0.5394990366088631
32 40 48 0.0 0.0 0.0 0.0 2.0 0.0 0.0 0.6993006993006992
32 41 33 0.0 0.0 0.0 0.0 25.0 0.0 0.0 0.6913580246913579
32 41 34 0.0 0.0 69.0 0.0 1953.0 11.0 27.0 0.34895314057826515
32 41 35 0.0 0.0 158.0 0.0 4035.0 17.0 174.0 0.22664723976040146
32 41 36 0.0 0.0 777.0 0.0 11982.0 21.0 5404.0 0.09481882831019302
32 41 37 0.0 0.0 709.0 0.0 11784.0 20.0 5582.0 0.09664503658704955
32 41 38 0.0 0.0 738.0 0.0 11958.0 32.0 4595.0 0.09536784741144413
32 41 39 0.0 0.0 819.0 0.0 12434.0 30.0 6264.0 0.0918514630625902
32 41 40 0.0 0.0 812.0 0.0 12493.0 26.0 7410.0 0.09152719665271965
32 41 41 0.0 0.0 521.0 0.0 10061.0 22.0 2192.0 0.11141174598121915
32 41 42 0.0 0.0 275.0 0.0 6187.0 15.0 470.0 0.16568047337278105
32 41 43 0.0 0.0 389.0 0.0 8066.0 15.0 1107.0 0.13404825737265413
32 41 44 0.0 0.0 366.0 0.0 7421.0 21.0 796.0 0.143310471900911
32 41 45 0.0 0.0 45.0 0.0 1572.0 8.0 14.0 0.388134183532021
32 41 46 0.0 0.0 2.0 0.0 87.0 0.0 0.0 0.6701771182383915
32 41 47 0.0 0.0 0.0 0.0 18.0 0.0 0.0 0.6937561942517343
32 41 48 0.0 0.0 0.0 0.0 4.0 0.0 0.0 0.6986027944111775
32 42 33 0.0 0.0 0.0 0.0 3.0 0.0 0.0 0.6989515726410384
32 42 34 0.0 0.0 10.0 0.0 249.0 3.0 1.0 0.6205673758865247
32 42 35 0.0 0.0 11.0 0.0 546.0 2.0 1.0 0.547945205479452
32 42 36 0.0 0.0 326.0 0.0 6485.0 23.0 542.0 0.15927189988623433
32 42 37 0.0 0.0 938.0 0.0 12610.0 24.0 9450.0 0.09004373552868536
32 42 38 0.0 0.0 790.0 0.0 12247.0 26.0 7323.0 0.09314703925482366
32 42 39 0.0 0.0 779.0 0.0 12041.0 24.0 4515.0 0.09452434001755451
32 42 40 0.0 0.0 923.0 0.0 12969.0 36.0 7961.0 0.08812236419714231
32 42 41 0.0 0.0 814.0 0.0 12187.0 28.0 6048.0 0.09339559706470979
32 42 42 0.0 0.0 593.0 0.0 10884.0 30.0 3151.0 0.10399643440796313
32 42 43 0.0 0.0 107.0 0.0 2768.0 5.0 61.0 0.28747433264887057
32 42 44 0.0 0.0 94.0 0.0 2362.0 14.0 36.0 0.3152443143436162
32 42 45 0.0 0.0 109.0 0.0 3051.0 5.0 80.0 0.27158098933074676
32 42 46 0.0 0.0 6.0 0.0 308.0 2.0 0.0 0.6055363321799306
32 42 47 0.0 0.0 18.0 0.0 401.0 5.0 0.0 0.579950289975145
32 43 34 0.0 0.0 14.0 0.0 292.0 3.0 0.0 0.60790273556231
32 43 35 0.0 0.0 77.0 0.0 1883.0 11.0 23.0 0.35434067324727914
32 43 36 0.0 0.0 103.0 0.0 2899.0 12.0 66.0 0.2805611222444889
32 43 37 0.0 0.0 669.0 0.0 11449.0 26.0 4339.0 0.09926965893781463
32 43 38 0.0 0.0 960.0 0.0 12985.0 35.0 7662.0 0.08784589320449268
32 43 39 0.0 0.0 1119.0 0.0 13284.0 22.0 12281.0 0.08531383302864107
32 43 40 0.0 0.0 842.0 0.0 12557.0 22.0 6666.0 0.0909208988180283
32 43 41 0.0 0.0 565.0 0.0 10458.0 23.0 2677.0 0.10760126047190838
32 43 42 0.0 0.0 576.0 0.0 10845.0 23.0 3471.0 0.10437635130097665
32 43 43 0.0 0.0 88.0 0.0 2437.0 19.0 46.0 0.3106968486462494
32 43 44 0.0 0.0 275.0 0.0 5343.0 17.0 255.0 0.1841136244082062
32 43 45 0.0 0.0 26.0 0.0 941.0 5.0 5.0 0.47265361242403775
32 43 46 0.0 0.0 256.0 0.0 5356.0 20.0 256.0 0.1842832697117283
32 43 47 0.0 0.0 0.0 0.0 9.0 0.0 0.0 0.6968641114982577
32 44 34 0.0 0.0 0.0 0.0 28.0 0.0 0.0 0.690335305719921
32 44 35 0.0 0.0 6.0 0.0 187.0 1.0 0.0 0.6389776357827475
32 44 36 0.0 0.0 135.0 0.0 3260.0 15.0 71.0 0.2601263470828688
32 44 37 0.0 0.0 231.0 0.0 5382.0 24.0 351.0 0.18445322793148874
32 44 38 0.0 0.0 951.0 0.0 12829.0 35.0 9113.0 0.0887817870505422
32 44 39 0.0 0.0 1129.0 0.0 12951.0 31.0 13522.0 0.0870430241233524
32 44 40 0.0 0.0 731.0 0.0 11914.0 30.0 5448.0 0.095654550423613
32 44 41 0.0 0.0 410.0 0.0 8665.0 23.0 1440.0 0.12658227848101264
32 44 42 0.0 0.0 692.0 0.0 11477.0 16.0 4032.0 0.09880028228652081
32 44 43 0.0 0.0 214.0 0.0 4958.0 22.0 260.0 0.19574944071588363
32 44 44 0.0 0.0 290.0 0.0 6106.0 18.0 453.0 0.16700465227245614
32 44 45 0.0 0.0 413.0 0.0 8213.0 21.0 1080.0 0.13192612137203164
32 44 46 0.0 0.0 17.0 0.0 420.0 8.0 1.0 0.5766062602965403
32 44 47 0.0 0.0 0.0 0.0 9.0 0.0 0.0 0.6968641114982577
32 44 48 0.0 0.0 0.0 0.0 2.0 0.0 0.0 0.6993006993006992
32 45 33 0.0 0.0 0.0 0.0 1.0 0.0 0.0 0.6996501749125437
32 45 34 0.0 0.0 0.0 0.0 6.0 0.0 0.0 0.6979062811565303
32 45 35 0.0 0.0 0.0 0.0 24.0 0.0 0.0 0.6916996047430829
32 45 36 0.0 0.0 9.0 0.0 241.0 2.0 1.0 0.6227758007117437
32 45 37 0.0 0.0 246.0 0.0 5083.0 24.0 248.0 0.1915708812260536
32 45 38 0.0 0.0 481.0 0.0 8896.0 25.0 1631.0 0.12326113752421199
32 45 39 0.0 0.0 517.0 0.0 9389.0 25.0 1578.0 0.11772620248906826
32 45 40 0.0 0.0 869.0 0.0 12475.0 37.0 6887.0 0.09128251939753536
32 45 41 0.0 0.0 169.0 0.0 4013.0 12.0 130.0 0.22683084899546338
32 45 42 0.0 0.0 177.0 0.0 4320.0 15.0 196.0 0.2160160469063416
32 45 43 0.0 0.0 207.0 0.0 5178.0 16.0 325.0 0.18993352326685656
32 45 44 0.0 0.0 220.0 0.0 4702.0 28.0 207.0 0.20301624129930393
32 45 45 0.0 0.0 22.0 0.0 490.0 8.0 0.0 0.5591054313099041
32 45 46 0.0 0.0 0.0 0.0 23.0 0.0 0.0 0.6920415224913494
32 45 47 0.0 0.0 0.0 0.0 2.0 0.0 0.0 0.6993006993006992
32 46 33 0.0 0.0 0.0 0.0 1.0 0.0 0.0 0.6996501749125437
32 46 35 0.0 0.0 0.0 0.0 3.0 0.0 0.0 0.6989515726410384
32 46 36 0.0 0.0 4.0 0.0 55.0 1.0 0.0 0.6802721088435373
32 46 37 0.0 0.0 24.0 0.0 685.0 5.0 0.0 0.5179430262671106
32 46 38 0.0 0.0 339.0 0.0 7358.0 18.0 832.0 0.14455343314403712
32 46 39 0.0 0.0 85.0 0.0 2184.0 9.0 29.0 0.3286384976525821
32 46 40 0.0 0.0 317.0 0.0 6656.0 18.0 611.0 0.1563197856185797
32 46 41 0.0 0.0 266.0 0.0 5754.0 23.0 360.0 0.17491254372813592
32 46 42 0.0 0.0 63.0 0.0 1456.0 7.0 9.0 0.398633257403189
32 46 43 0.0 0.0 201.0 0.0 4983.0 13.0 286.0 0.19512195121951217
32 46 44 0.0 0.0 15.0 0.0 501.0 5.0 2.0 0.5575467941059339
32 46 45 0.0 0.0 5.0 0.0 109.0 1.0 0.0 0.6625650733554187
32 46 46 0.0 0.0 0.0 0.0 1.0 0.0 0.0 0.6996501749125437
32 47 36 0.0 0.0 0.0 0.0 2.0 0.0 0.0 0.6993006993006992
32 47 37 0.0 0.0 3.0 0.0 39.0 1.0 0.0 0.6859382655560998
32 47 38 0.0 0.0 11.0 0.0 201.0 7.0 0.0 0.6349206349206349
32 47 39 0.0 0.0 2.0 0.0 132.0 0.0 0.0 0.6560449859418931
32 47 40 0.0 0.0 7.0 0.0 263.0 3.0 2.0 0.6175562417291574
32 47 41 0.0 0.0 1.0 0.0 111.0 0.0 0.0 0.6628787878787878
32 47 42 0.0 0.0 58.0 0.0 1172.0 12.0 2.0 0.4350528278433809
32 47 43 0.0 0.0 2.0 0.0 62.0 1.0 0.0 0.6786233640329616
32 47 44 0.0 0.0 6.0 0.0 181.0 1.0 0.0 0.6404391582799633
32 48 38 0.0 0.0 0.0 0.0 15.0 0.0 0.0 0.694789081885856
32 48 39 0.0 0.0 1.0 0.0 13.0 0.0 0.0 0.6951340615690167
32 48 40 0.0 0.0 0.0 0.0 10.0 0.0 0.0 0.6965174129353233
32 48 41 0.0 0.0 0.0 0.0 7.0 0.0 0.0 0.6975585450921773
32 48 42 0.0 0.0 0.0 0.0 14.0 0.0 0.0 0.6951340615690167
32 48 43 0.0 0.0 1.0 0.0 0.0 0.0 0.0 0.0
32 49 38 0.0 0.0 0.0 0.0 3.0 0.0 0.0 0.6989515726410384
32 49 39 0.0 0.0 0.0 0.0 2.0 0.0 0.0 0.6993006993006992
32 49 41 0.0 0.0 3.0 0.0 53.0 1.0 0.0 0.6812652068126519
32 49 42 0.0 0.0 0.0 0.0 3.0 0.0 0.0 0.6989515726410384
33 32 35 0.0 0.0 0.0 0.0 11.0 0.0 0.0 0.6961710591745399
33 32 36 0.0 0.0 0.0 0.0 15.0 0.0 0.0 0.694789081885856
33 32 37 0.0 0.0 7.0 0.0 278.0 1.0 2.0 0.6129597197898423
33 32 38 0.0 0.0 20.0 0.0 336.0 2.0 0.0 0.594732370433305
33 32 39 0.0 0.0 0.0 0.0 6.0 0.0 0.0 0.6979062811565303
33 32 40 0.0 0.0 0.0 0.0 2.0 0.0 0.0 0.6993006993006992
33 32 41 0.0 0.0 1.0 0.0 40.0 1.0 0.0 0.6862745098039215
33 32 42 0.0 0.0 7.0 0.0 104.0 3.0 0.0 0.6641366223908918
33 33 34 0.0 0.0 0.0 0.0 19.0 0.0 0.0 0.6934125804853887
33 33 35 0.0 0.0 8.0 0.0 147.0 1.0 0.0 0.649953574744661
33 33 36 0.0 0.0 9.0 0.0 305.0 2.0 0.0 0.6055363321799306
33 33 37 0.0 0.0 78.0 0.0 1474.0 15.0 9.0 0.39581566299123544
33 33 38 0.0 0.0 8.0 0.0 286.0 1.0 1.0 0.6102877070619005
33 33 39 0.0 0.0 20.0 0.0 424.0 5.0 0.0 0.5740057400574005
33 33 40 0.0 0.0 1.0 0.0 185.0 0.0 0.0 0.6404391582799633
33 33 41 0.0 0.0 76.0 0.0 1552.0 16.0 6.0 0.3874896208137282
33 33 42 0.0 0.0 0.0 0.0 75.0 0.0 0.0 0.6746987951807227
33 33 43 0.0 0.0 18.0 0.0 694.0 5.0 2.0 0.5171776874769116
33 33 44 0.0 0.0 0.0 0.0 6.0 0.0 0.0 0.6979062811565303
33 33 45 0.0 0.0 0.0 0.0 1.0 0.0 0.0 0.6996501749125437
33 34 33 0.0 0.0 2.0 0.0 62.0 0.0 0.0 0.6782945736434108
33 34 34 0.0 0.0 0.0 0.0 31.0 0.0 0.0 0.689655172413793
33 34 35 0.0 0.0 37.0 0.0 863.0 8.0 3.0 0.4840940525587828
33 34 36 0.0 0.0 13.0 0.0 530.0 2.0 2.0 0.5509641873278236
33 34 37 0.0 0.0 187.0 0.0 3968.0 14.0 141.0 0.22790167670519285
33 34 38 0.0 0.0 307.0 0.0 6283.0 30.0 490.0 0.16343684333411157
33 34 39 0.0 0.0 127.0 0.0 3278.0 14.0 85.0 0.25959577229742253
33 34 40 0.0 0.0 331.0 0.0 6635.0 27.0 560.0 0.15658203780337765
33 34 41 0.0 0.0 159.0 0.0 4085.0 17.0 157.0 0.2247551773960507
33 34 42 0.0 0.0 65.0 0.0 1515.0 14.0 14.0 0.39259674705552433
33 34 43 0.0 0.0 4.0 0.0 181.0 2.0 0.0 0.6419073819348922
33 34 44 0.0 0.0 4.0 0.0 75.0 1.0 0.0 0.6737247353224253
33 34 45 0.0 0.0 14.0 0.0 354.0 5.0 1.0 0.5924672027084215
33 34 46 0.0 0.0 0.0 0.0 2.0 0.0 0.0 0.6993006993006992
33 35 31 0.0 0.0 0.0 0.0 1.0 0.0 0.0 0.6996501749125437
33 35 32 0.0 0.0 0.0 0.0 1.0 0.0 0.0 0.6996501749125437
33 35 33 0.0 0.0 0.0 0.0 2.0 0.0 0.0 0.6993006993006992
33 35 34 0.0 0.0 9.0 0.0 136.0 1.0 0.0 0.6529850746268656
33 35 35 0.0 0.0 40.0 0.0 1480.0 0.0 17.0 0.3977272727272727
33 35 36 0.0 0.0 149.0 0.0 3372.0 14.0 84.0 0.2542218994007627
33 35 37 0.0 0.0 114.0 0.0 3087.0 8.0 77.0 0.2695936838051222
33 35 38 0.0 0.0 245.0 0.0 5118.0 18.0 245.0 0.19057990743261632
33 35 39 0.0 0.0 144.0 0.0 3540.0 20.0 122.0 0.24717514124293782
33 35 40 0.0 0.0 368.0 0.0 7522.0 22.0 868.0 0.14184397163120566
33 35 41 0.0 0.0 453.0 0.0 8637.0 29.0 1286.0 0.1264679313459801
33 35 42 0.0 0.0 453.0 0.0 8231.0 27.0 1011.0 0.13128282070517627
33 35 43 0.0 0.0 88.0 0.0 1856.0 8.0 18.0 0.3558718861209964
33 35 44 0.0 0.0 91.0 0.0 1909.0 16.0 20.0 0.35140562248995977
33 35 45 0.0 0.0 6.0 0.0 185.0 0.0 0.0 0.6389776357827475
33 35 46 0.0 0.0 7.0 0.0 213.0 3.0 0.0 0.6314839873703202
33 35 47 0.0 0.0 0.0 0.0 2.0 0.0 0.0 0.6993006993006992
33 36 31 0.0 0.0 0.0 0.0 3.0 0.0 0.0 0.6993006993006992
33 36 32 0.0 0.0 0.0 0.0 1.0 0.0 0.0 0.6996501749125437
33 36 33 0.0 0.0 16.0 0.0 331.0 2.0 1.0 0.5970149253731343
33 36 34 0.0 0.0 6.0 0.0 174.0 2.0 0.0 0.6427915518824608
33 36 35 0.0 0.0 268.0 0.0 6116.0 13.0 485.0 0.16718414139001667
33 36 36 0.0 0.0 674.0 0.0 11290.0 21.0 4867.0 0.10025780578630764
33 36 37 0.0 0.0 491.0 0.0 9803.0 19.0 2300.0 0.11396011396011395
33 36 38 0.0 0.0 566.0 0.0 10148.0 25.0 2204.0 0.11020151133501259
33 36 39 0.0 0.0 545.0 0.0 9978.0 23.0 2303.0 0.11187470033562408
33 36 40 0.0 0.0 597.0 0.0 10759.0 31.0 2769.0 0.10493965969567497
33 36 41 0.0 0.0 718.0 0.0 11597.0 35.0 3799.0 0.09794319294809009
33 36 42 0.0 0.0 629.0 0.0 11005.0 17.0 3683.0 0.10273721288618183
33 36 43 0.0 0.0 237.0 0.0 5193.0 31.0 258.0 0.18916362653695445
33 36 44 0.0 0.0 447.0 0.0 8452.0 32.0 1105.0 0.128747471031819
33 36 45 0.0 0.0 358.0 0.0 7764.0 23.0 1068.0 0.13844936708860756
33 36 46 0.0 0.0 29.0 0.0 777.0 2.0 1.0 0.49946485907955757
33 36 47 0.0 0.0 0.0 0.0 16.0 0.0 0.0 0.6944444444444444
33 37 31 0.0 0.0 0.0 0.0 2.0 0.0 0.0 0.6996501749125437
33 37 32 0.0 0.0 0.0 0.0 6.0 0.0 0.0 0.6979062811565303
33 37 33 0.0 0.0 1.0 0.0 110.0 0.0 0.0 0.6631927996210326
33 37 34 0.0 0.0 69.0 0.0 2158.0 6.0 34.0 0.3317535545023696
33 37 35 0.0 0.0 404.0 0.0 8005.0 29.0 995.0 0.1348617666891436
33 37 36 0.0 0.0 735.0 0.0 11994.0 27.0 4851.0 0.09507640067911714
33 37 37 0.0 0.0 906.0 0.0 12603.0 34.0 9042.0 0.090351726363343
33 37 38 0.0 0.0 639.0 0.0 11177.0 26.0 3752.0 0.10139049826187715
33 37 39 0.0 0.0 834.0 0.0 12336.0 26.0 5645.0 0.09233610341643582
33 37 40 0.0 0.0 748.0 0.0 12087.0 29.0 5339.0 0.09441596978688965
33 37 41 0.0 0.0 975.0 0.0 13104.0 32.0 8674.0 0.08710801393728222
33 37 42 0.0 0.0 971.0 0.0 13015.0 24.0 7726.0 0.08760402978537012
33 37 43 0.0 0.0 421.0 0.0 8016.0 20.0 1019.0 0.13436990114214414
33 37 44 0.0 0.0 401.0 0.0 8131.0 26.0 1096.0 0.13315579227696403
33 37 45 0.0 0.0 480.0 0.0 9211.0 31.0 1829.0 0.11999657152652779
33 37 46 0.0 0.0 8.0 0.0 356.0 0.0 0.0 0.5922165820642977
33 37 47 0.0 0.0 0.0 0.0 47.0 0.0 0.0 0.6839276990718123
33 37 48 0.0 0.0 0.0 0.0 4.0 0.0 0.0 0.6986027944111775
33 38 31 0.0 0.0 0.0 0.0 3.0 0.0 0.0 0.6989515726410384
33 38 32 0.0 0.0 0.0 0.0 5.0 0.0 0.0 0.6982543640897755
33 38 33 0.0 0.0 8.0 0.0 203.0 4.0 1.0 0.6346328195829555
33 38 34 0.0 0.0 40.0 0.0 1120.0 8.0 5.0 0.44416243654822324
33 38 35 0.0 0.0 658.0 0.0 11342.0 27.0 4574.0 0.10007147962830593
33 38 36 0.0 0.0 1200.0 0.0 13230.0 35.0 13536.0 0.0852307317667113
33 38 37 0.0 0.0 1090.0 0.0 13217.0 28.0 10034.0 0.08594757198109153
33 38 38 0.0 0.0 1284.0 0.0 13689.0 40.0 13663.0 0.08254716981132075
33 38 39 0.0 0.0 1178.0 0.0 13518.0 32.0 12965.0 0.08383233532934131
33 38 40 0.0 0.0 792.0 0.0 12097.0 29.0 4854.0 0.09413030323404827
33 38 41 0.0 0.0 590.0 0.0 10550.0 34.0 2890.0 0.10672358591248664
33 38 42 0.0 0.0 638.0 0.0 11327.0 32.0 3764.0 0.10041600918089225
33 38 43 0.0 0.0 373.0 0.0 8097.0 24.0 1136.0 0.13398411331227866
33 38 44 0.0 0.0 527.0 0.0 9959.0 33.0 2648.0 0.11231448054552746
33 38 45 0.0 0.0 350.0 0.0 6963.0 19.0 679.0 0.15055382299171954
33 38 46 0.0 0.0 384.0 0.0 7955.0 23.0 1170.0 0.13561949045820013
33 38 47 0.0 0.0 114.0 0.0 2269.0 16.0 30.0 0.32058621479276384
33 38 48 0.0 0.0 0.0 0.0 4.0 0.0 0.0 0.6986027944111775
33 38 49 0.0 0.0 0.0 0.0 1.0 0.0 0.0 0.6996501749125437
33 39 32 0.0 0.0 0.0 0.0 10.0 0.0 0.0 0.6965174129353233
33 39 33 0.0 0.0 149.0 0.0 3775.0 24.0 137.0 0.2372881355932203
33 39 34 0.0 0.0 329.0 0.0 7226.0 11.0 787.0 0.14661221070269134
33 39 35 0.0 0.0 327.0 0.0 7124.0 22.0 753.0 0.14835223058175268
33 39 36 0.0 0.0 1118.0 0.0 13388.0 36.0 12046.0 0.0848279205041202
33 39 37 0.0 0.0 1333.0 0.0 13483.0 31.0 16376.0 0.08319961965888155
33 39 38 0.0 0.0 1618.0 0.0 13411.0 46.0 21706.0 0.08229485069362802
33 39 39 0.0 0.0 1576.0 0.0 13247.0 50.0 21687.0 0.0832639467110741
33 39 40 0.0 0.0 1310.0 0.0 13883.0 37.0 13173.0 0.08145691511025774
33 39 41 0.0 0.0 1129.0 0.0 13657.0 39.0 10319.0 0.0834824090638044
33 39 42 0.0 0.0 691.0 0.0 11880.0 21.0 4558.0 0.09606807109037259
33 39 43 0.0 0.0 781.0 0.0 12166.0 31.0 5531.0 0.09370816599732261
33 39 44 0.0 0.0 427.0 0.0 8565.0 21.0 1435.0 0.1274697259400892
33 39 45 0.0 0.0 659.0 0.0 11172.0 28.0 4031.0 0.1013464601129289
33 39 46 0.0 0.0 341.0 0.0 7088.0 20.0 769.0 0.14873047912461487
33 39 47 0.0 0.0 5.0 0.0 190.0 2.0 1.0 0.6383948928408572
33 39 48 0.0 0.0 1.0 0.0 35.0 1.0 0.0 0.6879606879606879
33 40 32 0.0 0.0 0.0 0.0 4.0 0.0 0.0 0.6986027944111775
33 40 33 0.0 0.0 40.0 0.0 876.0 7.0 1.0 0.4812650395324853
33 40 34 0.0 0.0 545.0 0.0 10157.0 23.0 2702.0 0.11030570438071224
33 40 35 0.0 0.0 930.0 0.0 12809.0 26.0 9065.0 0.08892841262783459
33 40 36 0.0 0.0 990.0 0.0 13250.0 23.0 9034.0 0.08620689655172413
33 40 37 0.0 0.0 1745.0 0.0 12434.0 43.0 28269.0 0.08653727283965879
33 40 38 0.0 0.0 1792.0 0.0 12974.0 43.0 26716.0 0.08342768607353554
33 40 39 0.0 0.0 1248.0 0.0 13666.0 32.0 11217.0 0.082805938368723
33 40 40 0.0 0.0 1429.0 0.0 13694.0 42.0 17725.0 0.08177570093457943
33 40 41 0.0 0.0 1251.0 0.0 13581.0 45.0 13696.0 0.08321445553970516
33 40 42 0.0 0.0 1025.0 0.0 13277.0 37.0 8825.0 0.08595812611285072
33 40 43 0.0 0.0 646.0 0.0 11248.0 27.0 3841.0 0.10079919360645113
33 40 44 0.0 0.0 660.0 0.0 11439.0 33.0 3991.0 0.09936124911284598
33 40 45 0.0 0.0 505.0 0.0 9421.0 28.0 1783.0 0.11759764804703904
33 40 46 0.0 0.0 150.0 0.0 3313.0 21.0 78.0 0.2572110968216057
33 40 47 0.0 0.0 148.0 0.0 2859.0 15.0 46.0 0.28039254956939713
33 40 48 0.0 0.0 0.0 0.0 17.0 0.0 0.0 0.694100148735746
33 41 33 0.0 0.0 13.0 0.0 289.0 4.0 1.0 0.6094906399651718
33 41 34 0.0 0.0 101.0 0.0 3218.0 13.0 81.0 0.2637528259231348
33 41 35 0.0 0.0 308.0 0.0 7427.0 17.0 934.0 0.14394406744807728
33 41 36 0.0 0.0 965.0 0.0 12949.0 37.0 8792.0 0.08805031446540879
33 41 37 0.0 0.0 1335.0 0.0 13876.0 37.0 14278.0 0.08134805345729226
33 41 38 0.0 0.0 1829.0 0.0 13190.0 51.0 27080.0 0.08227550540667607
33 41 39 0.0 0.0 1689.0 0.0 13692.0 42.0 22220.0 0.08060337382693303
33 41 40 0.0 0.0 1217.0 0.0 13757.0 44.0 11540.0 0.08254716981132075
33 41 41 0.0 0.0 1275.0 0.0 13617.0 26.0 15020.0 0.08281573498964802
33 41 42 0.0 0.0 888.0 0.0 12611.0 35.0 5340.0 0.09041591320072331
33 41 43 0.0 0.0 1095.0 0.0 13409.0 31.0 11034.0 0.0848536274925753
33 41 44 0.0 0.0 735.0 0.0 11885.0 29.0 5550.0 0.09580510504345445
33 41 45 0.0 0.0 473.0 0.0 9325.0 25.0 1667.0 0.11889596602972398
33 41 46 0.0 0.0 325.0 0.0 7168.0 17.0 781.0 0.14767932489451477
33 41 47 0.0 0.0 89.0 0.0 2073.0 18.0 29.0 0.3379193820902727
33 41 48 0.0 0.0 0.0 0.0 36.0 0.0 0.0 0.6876227897838899
33 42 32 0.0 0.0 0.0 0.0 8.0 0.0 0.0 0.697211155378486
33 42 33 0.0 0.0 0.0 0.0 83.0 0.0 0.0 0.6721075372059528
33 42 34 0.0 0.0 103.0 0.0 2508.0 14.0 53.0 0.3045464433326082
33 42 35 0.0 0.0 129.0 0.0 3415.0 21.0 104.0 0.25348542458808615
33 42 36 0.0 0.0 1006.0 0.0 12963.0 32.0 9296.0 0.08771380239333373
33 42 37 0.0 0.0 1215.0 0.0 13520.0 28.0 12768.0 0.08364201218783605
33 42 38 0.0 0.0 1964.0 0.0 12321.0 55.0 32287.0 0.08593702044073413
33 42 39 0.0 0.0 1908.0 0.0 13393.0 34.0 26152.0 0.08083607598591142
33 42 40 0.0 0.0 1650.0 0.0 13198.0 48.0 23737.0 0.08311071534579993
33 42 41 0.0 0.0 876.0 0.0 12692.0 30.0 7324.0 0.0899107314880226
33 42 42 0.0 0.0 764.0 0.0 12126.0 22.0 5204.0 0.09401020682245499
33 42 43 0.0 0.0 827.0 0.0 12535.0 27.0 6091.0 0.09112210361884925
33 42 44 0.0 0.0 714.0 0.0 11825.0 25.0 4690.0 0.09631260319207484
33 42 45 0.0 0.0 394.0 0.0 7901.0 30.0 921.0 0.13630610456625447
33 42 46 0.0 0.0 170.0 0.0 4617.0 10.0 277.0 0.206520135713232
33 42 47 0.0 0.0 9.0 0.0 327.0 2.0 0.0 0.6000857265323617
33 42 48 0.0 0.0 0.0 0.0 26.0 1.0 0.0 0.6913580246913579
33 43 32 0.0 0.0 0.0 0.0 7.0 0.0 0.0 0.6975585450921773
33 43 33 0.0 0.0 12.0 0.0 220.0 7.0 0.0 0.6292134831460673
33 43 34 0.0 0.0 28.0 0.0 778.0 5.0 5.0 0.49982149232416984
33 43 35 0.0 0.0 524.0 0.0 9750.0 18.0 2161.0 0.11414594374235629
33 43 36 0.0 0.0 538.0 0.0 10174.0 28.0 2552.0 0.11029701410226107
33 43 37 0.0 0.0 1345.0 0.0 13410.0 42.0 16376.0 0.08358707982566123
33 43 38 0.0 0.0 1471.0 0.0 13235.0 38.0 20462.0 0.08381226053639845
33 43 39 0.0 0.0 2200.0 0.0 11936.0 56.0 38431.0 0.08673564215352207
33 43 40 0.0 0.0 1745.0 0.0 11890.0 53.0 31584.0 0.08965163934426228
33 43 41 0.0 0.0 1329.0 0.0 13210.0 44.0 16699.0 0.0846740050804403
33 43 42 0.0 0.0 652.0 0.0 11295.0 21.0 3523.0 0.10044482709140479
33 43 43 0.0 0.0 525.0 0.0 10243.0 23.0 2411.0 0.10975227343994981
33 43 44 0.0 0.0 997.0 0.0 12833.0 31.0 9082.0 0.08843408502305602
33 43 45 0.0 0.0 636.0 0.0 11359.0 24.0 4076.0 0.10008578781812981
33 43 46 0.0 0.0 118.0 0.0 2798.0 18.0 47.0 0.2858893199918317
33 43 47 0.0 0.0 0.0 0.0 169.0 0.0 1.0 0.6457564575645756
33 43 48 0.0 0.0 0.0 0.0 8.0 0.0 0.0 0.697211155378486
33 44 32 0.0 0.0 0.0 0.0 3.0 0.0 0.0 0.6989515726410384
33 44 33 0.0 0.0 0.0 0.0 2.0 0.0 0.0 0.6993006993006992
33 44 34 0.0 0.0 3.0 0.0 176.0 0.0 2.0 0.6424965580541532
33 44 35 0.0 0.0 296.0 0.0 6282.0 22.0 450.0 0.16357051057366512
33 44 36 0.0 0.0 325.0 0.0 6971.0 15.0 743.0 0.15081331466120862
33 44 37 0.0 0.0 612.0 0.0 10653.0 26.0 2592.0 0.10564443102927859
33 44 38 0.0 0.0 985.0 0.0 13150.0 37.0 8496.0 0.08682709005209624
33 44 39 0.0 0.0 1595.0 0.0 12751.0 44.0 24714.0 0.08561643835616438
33 44 40 0.0 0.0 758.0 0.0 12294.0 30.0 5460.0 0.09309129596382737
33 44 41 0.0 0.0 1175.0 0.0 13289.0 31.0 12994.0 0.08501335924216662
33 44 42 0.0 0.0 832.0 0.0 12495.0 23.0 5473.0 0.09136592051164914
33 44 43 0.0 0.0 800.0 0.0 12257.0 34.0 6704.0 0.0930294371719051
33 44 44 0.0 0.0 346.0 0.0 7603.0 17.0 959.0 0.1409301389168512
33 44 45 0.0 0.0 277.0 0.0 6097.0 21.0 436.0 0.16748414882162935
33 44 46 0.0 0.0 17.0 0.0 657.0 2.0 6.0 0.5241482590789965
33 44 47 0.0 0.0 76.0 0.0 1996.0 14.0 19.0 0.34508257333004677
33 44 48 0.0 0.0 5.0 0.0 80.0 1.0 0.0 0.6717850287907868
33 45 33 0.0 0.0 4.0 0.0 54.0 1.0 0.0 0.6806028196402526
33 45 34 0.0 0.0 0.0 0.0 59.0 0.0 0.0 0.6799417192812044
33 45 35 0.0 0.0 34.0 0.0 683.0 6.0 3.0 0.5169867060561298
33 45 36 0.0 0.0 68.0 0.0 1716.0 13.0 14.0 0.3712543092018032
33 45 37 0.0 0.0 418.0 0.0 8472.0 21.0 1319.0 0.12866464479367704
33 45 38 0.0 0.0 517.0 0.0 9608.0 22.0 2029.0 0.11562603237528904
33 45 39 0.0 0.0 1074.0 0.0 12887.0 29.0 12990.0 0.08770281275449476
33 45 40 0.0 0.0 509.0 0.0 9993.0 9.0 2405.0 0.11195521791283486
33 45 41 0.0 0.0 500.0 0.0 9483.0 14.0 1774.0 0.1169492941274747
33 45 42 0.0 0.0 656.0 0.0 11547.0 30.0 4489.0 0.09870276367738295
33 45 43 0.0 0.0 179.0 0.0 4446.0 20.0 228.0 0.21196063588190758
33 45 44 0.0 0.0 546.0 0.0 10752.0 20.0 3622.0 0.10531066646607491
33 45 45 0.0 0.0 167.0 0.0 3772.0 13.0 125.0 0.2362869198312236
33 45 46 0.0 0.0 59.0 0.0 1460.0 7.0 16.0 0.39874679578467664
33 45 47 0.0 0.0 1.0 0.0 77.0 0.0 0.0 0.6737247353224253
33 45 48 0.0 0.0 0.0 0.0 12.0 0.0 0.0 0.6958250497017892
33 46 33 0.0 0.0 0.0 0.0 3.0 0.0 0.0 0.6989515726410384
33 46 34 0.0 0.0 36.0 0.0 948.0 10.0 4.0 0.47074646940147946
33 46 35 0.0 0.0 3.0 0.0 104.0 0.0 0.0 0.6644518272425248
33 46 36 0.0 0.0 36.0 0.0 760.0 6.0 1.0 0.5017921146953404
33 46 37 0.0 0.0 92.0 0.0 2392.0 11.0 42.0 0.31291908806437185
33 46 38 0.0 0.0 141.0 0.0 3311.0 17.0 74.0 0.2576370997423628
33 46 39 0.0 0.0 504.0 0.0 9626.0 29.0 1934.0 0.11561648360723427
33 46 40 0.0 0.0 370.0 0.0 8179.0 25.0 1079.0 0.13297872340425532
33 46 41 0.0 0.0 486.0 0.0 9672.0 32.0 2066.0 0.11537827591890554
33 46 42 0.0 0.0 563.0 0.0 10267.0 25.0 2973.0 0.10920436817472698
33 46 43 0.0 0.0 109.0 0.0 2475.0 13.0 48.0 0.30641278179032605
33 46 44 0.0 0.0 19.0 0.0 431.0 3.0 1.0 0.5721291377196566
33 46 45 0.0 0.0 6.0 0.0 151.0 3.0 1.0 0.649953574744661
33 46 46 0.0 0.0 0.0 0.0 14.0 0.0 0.0 0.6951340615690167
33 46 47 0.0 0.0 0.0 0.0 9.0 0.0 0.0 0.6968641114982577
33 46 48 0.0 0.0 0.0 0.0 6.0 0.0 0.0 0.6979062811565303
33 47 34 0.0 0.0 0.0 0.0 1.0 0.0 0.0 0.6996501749125437
33 47 37 0.0 0.0 11.0 0.0 218.0 6.0 0.0 0.6297795771479981
33 47 38 0.0 0.0 73.0 0.0 1596.0 17.0 12.0 0.3834565872363736
33 47 39 0.0 0.0 318.0 0.0 6568.0 27.0 557.0 0.15797788309636648
33 47 40 0.0 0.0 77.0 0.0 1987.0 9.0 29.0 0.345252774352651
33 47 41 0.0 0.0 57.0 0.0 1486.0 8.0 11.0 0.39615166949632136
33 47 42 0.0 0.0 66.0 0.0 1790.0 13.0 19.0 0.36420395421435997
33 47 43 0.0 0.0 119.0 0.0 2531.0 11.0 34.0 0.3017891787023065
33 47 44 0.0 0.0 2.0 0.0 64.0 0.0 0.0 0.6776379477250725
33 47 45 0.0 0.0 5.0 0.0 78.0 1.0 0.0 0.6724303554274734
33 47 46 0.0 0.0 0.0 0.0 4.0 0.0 0.0 0.6986027944111775
33 48 37 0.0 0.0 25.0 0.0 611.0 7.0 2.0 0.5325218714340052
33 48 38 0.0 0.0 4.0 0.0 153.0 1.0 0.0 0.6493506493506492
33 48 39 0.0 0.0 149.0 0.0 2776.0 17.0 41.0 0.28519046649012014
33 48 40 0.0 0.0 40.0 0.0 984.0 6.0 6.0 0.46388336646785944
33 48 41 0.0 0.0 176.0 0.0 4008.0 15.0 134.0 0.22694115739990273
33 48 42 0.0 0.0 0.0 0.0 36.0 0.0 0.0 0.6876227897838899
33 48 43 0.0 0.0 0.0 0.0 13.0 0.0 0.0 0.695479384003974
33 48 44 0.0 0.0 0.0 0.0 5.0 0.0 0.0 0.6982543640897755
33 48 45 0.0 0.0 0.0 0.0 2.0 0.0 0.0 0.6993006993006992
33 49 37 0.0 0.0 0.0 0.0 1.0 0.0 0.0 0.6996501749125437
33 49 38 0.0 0.0 0.0 0.0 2.0 0.0 0.0 0.6993006993006992
33 49 39 0.0 0.0 0.0 0.0 6.0 0.0 0.0 0.6979062811565303
33 49 40 0.0 0.0 1.0 0.0 41.0 0.0 0.0 0.6856023506366307
33 49 41 0.0 0.0 0.0 0.0 4.0 0.0 0.0 0.6986027944111775
33 49 42 0.0 0.0 1.0 0.0 7.0 0.0 0.0 0.697211155378486
34 31 36 0.0 0.0 0.0 0.0 1.0 0.0 0.0 0.6996501749125437
34 31 37 0.0 0.0 0.0 0.0 5.0 1.0 0.0 0.6986027944111775
34 31 38 0.0 0.0 0.0 0.0 8.0 0.0 0.0 0.697211155378486
34 31 39 0.0 0.0 0.0 0.0 4.0 0.0 0.0 0.6986027944111775
34 31 40 0.0 0.0 0.0 0.0 3.0 0.0 0.0 0.6989515726410384
34 31 41 0.0 0.0 0.0 0.0 6.0 0.0 0.0 0.6979062811565303
34 31 43 0.0 0.0 0.0 0.0 2.0 0.0 0.0 0.6993006993006992
34 32 34 0.0 0.0 0.0 0.0 3.0 0.0 0.0 0.6989515726410384
34 32 35 0.0 0.0 0.0 0.0 15.0 0.0 0.0 0.694789081885856
34 32 36 0.0 0.0 1.0 0.0 29.0 1.0 0.0 0.6899950714637751
34 32 37 0.0 0.0 0.0 0.0 73.0 0.0 0.0 0.6756756756756755
34 32 38 0.0 0.0 0.0 0.0 62.0 0.0 0.0 0.6789524733268669
34 32 39 0.0 0.0 0.0 0.0 50.0 1.0 0.0 0.6832601268911663
34 32 40 0.0 0.0 0.0 0.0 18.0 0.0 0.0 0.6937561942517343
34 32 41 0.0 0.0 29.0 0.0 525.0 7.0 0.0 0.5496662740478994
34 32 42 0.0 0.0 0.0 0.0 31.0 0.0 0.0 0.6893156080748399
34 32 43 0.0 0.0 0.0 0.0 14.0 0.0 0.0 0.6951340615690167
34 32 44 0.0 0.0 1.0 0.0 1.0 0.0 0.0 0.6993006993006992
34 32 48 0.0 0.0 0.0 0.0 1.0 0.0 0.0 0.6996501749125437
34 33 33 0.0 0.0 0.0 0.0 2.0 0.0 0.0 0.6993006993006992
34 33 34 0.0 0.0 0.0 0.0 21.0 0.0 0.0 0.6927263730826323
34 33 35 0.0 0.0 76.0 0.0 1589.0 21.0 10.0 0.38419319429198673
34 33 36 0.0 0.0 248.0 0.0 5444.0 17.0 353.0 0.18226793386277826
34 33 37 0.0 0.0 305.0 0.0 6926.0 15.0 783.0 0.15186028853454822
34 33 38 0.0 0.0 336.0 0.0 7149.0 18.0 828.0 0.1477884513881558
34 33 39 0.0 0.0 127.0 0.0 3029.0 21.0 54.0 0.27269185820023367
34 33 40 0.0 0.0 90.0 0.0 2264.0 10.0 29.0 0.32206119162640895
34 33 41 0.0 0.0 45.0 0.0 1222.0 7.0 10.0 0.42944785276073616
34 33 42 0.0 0.0 232.0 0.0 4855.0 9.0 201.0 0.19779598756710934
34 33 43 0.0 0.0 13.0 0.0 439.0 2.0 1.0 0.5721291377196566
34 33 44 0.0 0.0 0.0 0.0 23.0 0.0 0.0 0.6920415224913494
34 33 45 0.0 0.0 0.0 0.0 6.0 0.0 0.0 0.6979062811565303
34 34 34 0.0 0.0 20.0 0.0 409.0 7.0 0.0 0.5782734407269723
34 34 35 0.0 0.0 370.0 0.0 7264.0 21.0 730.0 0.14557554330872413
34 34 36 0.0 0.0 188.0 0.0 4654.0 10.0 237.0 0.20488804331918628
34 34 37 0.0 0.0 328.0 0.0 7597.0 20.0 1033.0 0.1412714429868819
34 34 38 0.0 0.0 327.0 0.0 6552.0 14.0 545.0 0.15790660951951271
34 34 39 0.0 0.0 551.0 0.0 10209.0 13.0 2425.0 0.10972646759150402
34 34 40 0.0 0.0 141.0 0.0 3473.0 19.0 91.0 0.25008931761343334
34 34 41 0.0 0.0 380.0 0.0 8026.0 18.0 1125.0 0.13466717968449401
34 34 42 0.0 0.0 475.0 0.0 9656.0 25.0 2398.0 0.11555922410235245
34 34 43 0.0 0.0 208.0 0.0 4164.0 23.0 144.0 0.22054190296156267
34 34 44 0.0 0.0 86.0 0.0 1694.0 14.0 13.0 0.3716485266790549
34 34 45 0.0 0.0 3.0 0.0 81.0 1.0 0.0 0.6721075372059528
34 34 46 0.0 0.0 0.0 0.0 32.0 0.0 0.0 0.6889763779527558
34 34 47 0.0 0.0 0.0 0.0 1.0 0.0 0.0 0.6996501749125437
34 35 32 0.0 0.0 0.0 0.0 18.0 0.0 0.0 0.6937561942517343
34 35 33 0.0 0.0 0.0 0.0 19.0 0.0 0.0 0.6934125804853887
34 35 34 0.0 0.0 79.0 0.0 2220.0 15.0 35.0 0.326797385620915
34 35 35 0.0 0.0 368.0 0.0 8092.0 25.0 1154.0 0.13408677329757684
34 35 36 0.0 0.0 530.0 0.0 10460.0 19.0 3450.0 0.1078499345196826
34 35 37 0.0 0.0 609.0 0.0 10721.0 29.0 2799.0 0.10515247108307045
34 35 38 0.0 0.0 851.0 0.0 12573.0 34.0 7120.0 0.09086188992731048
34 35 39 0.0 0.0 730.0 0.0 11377.0 30.0 3638.0 0.09935419771485345
34 35 40 0.0 0.0 899.0 0.0 12890.0 31.0 8157.0 0.08870303491098015
34 35 41 0.0 0.0 705.0 0.0 11845.0 26.0 4874.0 0.09627948559246269
34 35 42 0.0 0.0 434.0 0.0 8834.0 27.0 1411.0 0.1244223249200142
34 35 43 0.0 0.0 633.0 0.0 10991.0 27.0 3594.0 0.10282776349614395
34 35 44 0.0 0.0 208.0 0.0 5240.0 17.0 314.0 0.18827326519634208
34 35 45 0.0 0.0 145.0 0.0 3561.0 11.0 100.0 0.24574337370545896
34 35 46 0.0 0.0 0.0 0.0 58.0 1.0 0.0 0.6806028196402526
34 35 47 0.0 0.0 0.0 0.0 3.0 0.0 0.0 0.6989515726410384
34 35 48 0.0 0.0 0.0 0.0 1.0 0.0 0.0 0.6996501749125437
34 36 31 0.0 0.0 0.0 0.0 1.0 0.0 0.0 0.6996501749125437
34 36 32 0.0 0.0 132.0 0.0 2505.0 13.0 35.0 0.302571860816944
34 36 33 0.0 0.0 78.0 0.0 1587.0 12.0 11.0 0.38324664659184227
34 36 34 0.0 0.0 86.0 0.0 2316.0 11.0 43.0 0.3190519598906107
34 36 35 0.0 0.0 509.0 0.0 9814.0 19.0 2478.0 0.11366404156856376
34 36 36 0.0 0.0 515.0 0.0 9591.0 19.0 1725.0 0.11581733951025809
34 36 37 0.0 0.0 798.0 0.0 12639.0 23.0 5537.0 0.09078529278256921
34 36 38 0.0 0.0 980.0 0.0 12973.0 28.0 9223.0 0.08776879192527114
34 36 39 0.0 0.0 1328.0 0.0 13806.0 39.0 13891.0 0.08178047783164903
34 36 40 0.0 0.0 1252.0 0.0 13252.0 29.0 15087.0 0.08482278097546196
34 36 41 0.0 0.0 1210.0 0.0 13627.0 39.0 13705.0 0.08316502316739931
34 36 42 0.0 0.0 956.0 0.0 13039.0 30.0 8357.0 0.08758758758758757
34 36 43 0.0 0.0 833.0 0.0 12620.0 28.0 7518.0 0.09060315816722753
34 36 44 0.0 0.0 439.0 0.0 8935.0 26.0 1590.0 0.12332628611698378
34 36 45 0.0 0.0 344.0 0.0 7726.0 23.0 953.0 0.1392896229230922
34 36 46 0.0 0.0 42.0 0.0 1082.0 10.0 6.0 0.44943820224719094
34 36 47 0.0 0.0 112.0 0.0 2854.0 16.0 61.0 0.2827711573419511
34 37 32 0.0 0.0 124.0 0.0 3169.0 20.0 104.0 0.2654531664770572
34 37 33 0.0 0.0 9.0 0.0 385.0 4.0 0.0 0.5857740585774057
34 37 34 0.0 0.0 487.0 0.0 8930.0 23.0 1494.0 0.12269938650306747
34 37 35 0.0 0.0 389.0 0.0 8643.0 20.0 1405.0 0.12705327162174423
34 37 36 0.0 0.0 1525.0 0.0 12666.0 36.0 23206.0 0.08645711109738775
34 37 37 0.0 0.0 1422.0 0.0 13460.0 35.0 17768.0 0.08289909995262908
34 37 38 0.0 0.0 1457.0 0.0 13111.0 54.0 20492.0 0.08459214501510573
34 37 39 0.0 0.0 1271.0 0.0 13978.0 36.0 13246.0 0.08118295158016817
34 37 40 0.0 0.0 1587.0 0.0 13164.0 41.0 22297.0 0.08356712230645257
34 37 41 0.0 0.0 1308.0 0.0 13788.0 42.0 14384.0 0.08197201241290474
34 37 42 0.0 0.0 1628.0 0.0 12911.0 40.0 24086.0 0.08467912659529425
34 37 43 0.0 0.0 1443.0 0.0 13300.0 45.0 19760.0 0.08361204013377925
34 37 44 0.0 0.0 1149.0 0.0 13021.0 41.0 14601.0 0.08660686668728734
34 37 45 0.0 0.0 683.0 0.0 11635.0 21.0 4651.0 0.0978336827393431
34 37 46 0.0 0.0 295.0 0.0 6247.0 23.0 440.0 0.1642806852851443
34 37 47 0.0 0.0 17.0 0.0 504.0 6.0 1.0 0.5564387917329093
34 37 48 0.0 0.0 0.0 0.0 10.0 0.0 0.0 0.6965174129353233
34 38 31 0.0 0.0 0.0 0.0 1.0 0.0 0.0 0.6996501749125437
34 38 32 0.0 0.0 1.0 0.0 78.0 0.0 0.0 0.6734006734006733
34 38 33 0.0 0.0 67.0 0.0 1397.0 10.0 5.0 0.40532715691951354
34 38 34 0.0 0.0 453.0 0.0 9110.0 25.0 1686.0 0.12128562765312308
34 38 35 0.0 0.0 838.0 0.0 12570.0 27.0 6857.0 0.0909268039228421
34 38 36 0.0 0.0 1209.0 0.0 13575.0 32.0 14222.0 0.08339289969025493
34 38 37 0.0 0.0 1599.0 0.0 14089.0 28.0 18416.0 0.0791139240506329
34 38 38 0.0 0.0 2234.0 0.0 12358.0 43.0 36455.0 0.08437292834327728
34 38 39 0.0 0.0 1626.0 0.0 14063.0 42.0 19059.0 0.07913628398620766
34 38 40 0.0 0.0 1971.0 0.0 12911.0 45.0 29102.0 0.08290891863081841
34 38 41 0.0 0.0 1613.0 0.0 13918.0 40.0 19071.0 0.0798630918425556
34 38 42 0.0 0.0 1661.0 0.0 13602.0 45.0 21547.0 0.08120649651972157
34 38 43 0.0 0.0 1368.0 0.0 13934.0 26.0 14739.0 0.08084074373484235
34 38 44 0.0 0.0 1051.0 0.0 13106.0 38.0 11804.0 0.08669804310131285
34 38 45 0.0 0.0 588.0 0.0 10757.0 26.0 2834.0 0.10497900419916015
34 38 46 0.0 0.0 488.0 0.0 9446.0 25.0 1886.0 0.1174299614158698
34 38 47 0.0 0.0 269.0 0.0 5654.0 23.0 345.0 0.17719276041007465
34 38 48 0.0 0.0 17.0 0.0 299.0 1.0 0.0 0.6047516198704103
34 39 32 0.0 0.0 0.0 0.0 18.0 0.0 0.0 0.6937561942517343
34 39 33 0.0 0.0 168.0 0.0 3464.0 21.0 94.0 0.24942098699447707
34 39 34 0.0 0.0 309.0 0.0 7300.0 22.0 990.0 0.14593974773272175
34 39 35 0.0 0.0 754.0 0.0 11943.0 22.0 5044.0 0.09528995371630818
34 39 36 0.0 0.0 2123.0 0.0 11909.0 50.0 37954.0 0.0872437215678943
34 39 37 0.0 0.0 2162.0 0.0 12942.0 55.0 32257.0 0.08187613310719924
34 39 38 0.0 0.0 2150.0 0.0 13452.0 51.0 29231.0 0.07954093517413782
34 39 39 0.0 0.0 2148.0 0.0 13136.0 46.0 31490.0 0.08097165991902833
34 39 40 0.0 0.0 2308.0 0.0 13394.0 56.0 31464.0 0.07902907140841094
34 39 41 0.0 0.0 1411.0 0.0 14374.0 43.0 14062.0 0.0787445863096912
34 39 42 0.0 0.0 1740.0 0.0 13567.0 37.0 22871.0 0.08092017802439165
34 39 43 0.0 0.0 1668.0 0.0 13481.0 44.0 23119.0 0.08167075020417687
34 39 44 0.0 0.0 1238.0 0.0 13350.0 33.0 15098.0 0.08444417636769407
34 39 45 0.0 0.0 1192.0 0.0 13748.0 28.0 11682.0 0.0826739104759655
34 39 46 0.0 0.0 594.0 0.0 10690.0 22.0 2824.0 0.10545344983428742
34 39 47 0.0 0.0 92.0 0.0 2139.0 11.0 16.0 0.3315963998105163
34 39 48 0.0 0.0 8.0 0.0 188.0 0.0 0.0 0.6375227686703095
34 40 32 0.0 0.0 0.0 0.0 27.0 0.0 0.0 0.6906758756783422
34 40 33 0.0 0.0 31.0 0.0 930.0 6.0 6.0 0.47377326565143824
34 40 34 0.0 0.0 539.0 0.0 10093.0 27.0 2351.0 0.1109438148823203
34 40 35 0.0 0.0 741.0 0.0 11672.0 18.0 4055.0 0.0970873786407767
34 40 36 0.0 0.0 1494.0 0.0 13453.0 40.0 18417.0 0.08265438658637382
34 40 37 0.0 0.0 2292.0 0.0 12107.0 57.0 39240.0 0.08538667967797023
34 40 38 0.0 0.0 2815.0 0.0 10065.0 65.0 59430.0 0.09409234491565292
34 40 39 0.0 0.0 2868.0 0.0 11423.0 54.0 50491.0 0.08593702044073413
34 40 40 0.0 0.0 2551.0 0.0 12382.0 51.0 40959.0 0.08265926669421975
34 40 41 0.0 0.0 2136.0 0.0 12809.0 61.0 32922.0 0.08262511803588289
34 40 42 0.0 0.0 2011.0 0.0 12822.0 56.0 30909.0 0.08317984671142534
34 40 43 0.0 0.0 1556.0 0.0 13643.0 48.0 20582.0 0.08146165483533106
34 40 44 0.0 0.0 1336.0 0.0 13670.0 39.0 15620.0 0.08233356857210067
34 40 45 0.0 0.0 914.0 0.0 12834.0 28.0 7503.0 0.0889001778003556
34 40 46 0.0 0.0 686.0 0.0 11450.0 28.0 4229.0 0.09915014164305949
34 40 47 0.0 0.0 207.0 0.0 4986.0 16.0 278.0 0.19504040122596822
34 40 48 0.0 0.0 2.0 0.0 117.0 1.0 0.0 0.6610009442870631
34 41 32 0.0 0.0 0.0 0.0 24.0 0.0 0.0 0.6916996047430829
34 41 33 0.0 0.0 45.0 0.0 968.0 9.0 2.0 0.46573519627411836
34 41 34 0.0 0.0 259.0 0.0 6239.0 22.0 608.0 0.16511381059087152
34 41 35 0.0 0.0 611.0 0.0 11199.0 29.0 3568.0 0.10150812064965196
34 41 36 0.0 0.0 1200.0 0.0 13658.0 37.0 12479.0 0.0830564784053156
34 41 37 0.0 0.0 2085.0 0.0 14052.0 47.0 25629.0 0.07722007722007722
34 41 38 0.0 0.0 2318.0 0.0 13639.0 45.0 30982.0 0.07797705246741672
34 41 39 0.0 0.0 2960.0 0.0 11616.0 62.0 50321.0 0.08444417636769407
34 41 40 0.0 0.0 2519.0 0.0 12803.0 64.0 37417.0 0.08086409056778142
34 41 41 0.0 0.0 1682.0 0.0 14242.0 45.0 18533.0 0.07817735090462363
34 41 42 0.0 0.0 1671.0 0.0 13784.0 44.0 20837.0 0.08024762123122778
34 41 43 0.0 0.0 1621.0 0.0 13306.0 35.0 22485.0 0.0826739104759655
34 41 44 0.0 0.0 1441.0 0.0 13937.0 39.0 16191.0 0.0805709023941068
34 41 45 0.0 0.0 777.0 0.0 12075.0 22.0 5750.0 0.0942951438000943
34 41 46 0.0 0.0 504.0 0.0 10131.0 24.0 2843.0 0.11095260738627356
34 41 47 0.0 0.0 311.0 0.0 7150.0 20.0 859.0 0.14821088291340245
34 41 48 0.0 0.0 5.0 0.0 136.0 1.0 0.0 0.6542056074766354
34 41 49 0.0 0.0 0.0 0.0 1.0 0.0 0.0 0.6996501749125437
34 42 32 0.0 0.0 0.0 0.0 35.0 1.0 0.0 0.6882989183874139
34 42 33 0.0 0.0 207.0 0.0 4496.0 24.0 172.0 0.20951810835079315
34 42 34 0.0 0.0 794.0 0.0 12050.0 25.0 5296.0 0.09434598018734415
34 42 35 0.0 0.0 876.0 0.0 12653.0 24.0 7147.0 0.09015971148892322
34 42 36 0.0 0.0 1182.0 0.0 13467.0 38.0 12524.0 0.08409923709977772
34 42 37 0.0 0.0 1978.0 0.0 13294.0 41.0 28112.0 0.08100445524503846
34 42 38 0.0 0.0 2859.0 0.0 10455.0 52.0 57763.0 0.09140171051772539
34 42 39 0.0 0.0 2651.0 0.0 10428.0 50.0 56279.0 0.09276437847866417
34 42 40 0.0 0.0 2327.0 0.0 12600.0 50.0 35911.0 0.082703213610586
34 42 41 0.0 0.0 1909.0 0.0 13737.0 47.0 24785.0 0.07937407869372944
34 42 42 0.0 0.0 1995.0 0.0 13587.0 48.0 27364.0 0.07962236250924187
34 42 43 0.0 0.0 1748.0 0.0 13757.0 44.0 22024.0 0.08000914390216024
34 42 44 0.0 0.0 1296.0 0.0 13503.0 27.0 15315.0 0.08335814230425721
34 42 45 0.0 0.0 930.0 0.0 12829.0 36.0 8644.0 0.0888832455082217
34 42 46 0.0 0.0 471.0 0.0 9598.0 27.0 1988.0 0.1161247511612475
34 42 47 0.0 0.0 180.0 0.0 4475.0 17.0 205.0 0.21087513179695733
34 42 48 0.0 0.0 11.0 0.0 356.0 1.0 2.0 0.5917159763313609
34 43 32 0.0 0.0 0.0 0.0 28.0 0.0 0.0 0.690335305719921
34 43 33 0.0 0.0 82.0 0.0 1836.0 13.0 13.0 0.3586065573770491
34 43 34 0.0 0.0 161.0 0.0 4335.0 12.0 188.0 0.21588280647648414
34 43 35 0.0 0.0 720.0 0.0 11908.0 30.0 4872.0 0.0958182191499555
34 43 36 0.0 0.0 954.0 0.0 12997.0 28.0 9311.0 0.08779631255487269
34 43 37 0.0 0.0 1737.0 0.0 12863.0 46.0 26432.0 0.08425613866153105
34 43 38 0.0 0.0 1739.0 0.0 13629.0 58.0 22807.0 0.08063587144338209
34 43 39 0.0 0.0 1709.0 0.0 13902.0 54.0 20812.0 0.07954997443036535
34 43 40 0.0 0.0 1837.0 0.0 13442.0 57.0 26172.0 0.08100445524503846
34 43 41 0.0 0.0 2054.0 0.0 13157.0 47.0 29440.0 0.08134332694207191
34 43 42 0.0 0.0 1999.0 0.0 12994.0 57.0 29731.0 0.08243052284503061
34 43 43 0.0 0.0 1502.0 0.0 13293.0 39.0 19654.0 0.08336310587114444
34 43 44 0.0 0.0 730.0 0.0 11940.0 20.0 4833.0 0.09551750017056695
34 43 45 0.0 0.0 759.0 0.0 11878.0 19.0 4576.0 0.09559576647319903
34 43 46 0.0 0.0 754.0 0.0 11734.0 25.0 4917.0 0.09667173042397459
34 43 47 0.0 0.0 17.0 0.0 763.0 4.0 4.0 0.5043227665706052
34 43 48 0.0 0.0 0.0 0.0 11.0 0.0 0.0 0.6961710591745399
34 44 31 0.0 0.0 0.0 0.0 1.0 0.0 0.0 0.6996501749125437
34 44 32 0.0 0.0 0.0 0.0 16.0 0.0 0.0 0.6944444444444444
34 44 33 0.0 0.0 1.0 0.0 130.0 1.0 0.0 0.6572769953051641
34 44 34 0.0 0.0 257.0 0.0 5104.0 21.0 270.0 0.1907097125732189
34 44 35 0.0 0.0 438.0 0.0 8666.0 23.0 1389.0 0.12628540501533464
34 44 36 0.0 0.0 529.0 0.0 10283.0 20.0 2561.0 0.10934937124111535
34 44 37 0.0 0.0 879.0 0.0 12771.0 26.0 5801.0 0.08942258559018905
34 44 38 0.0 0.0 1140.0 0.0 13430.0 30.0 11201.0 0.08454106280193237
34 44 39 0.0 0.0 1265.0 0.0 13645.0 35.0 12579.0 0.08277656240761544
34 44 40 0.0 0.0 1163.0 0.0 13709.0 36.0 11657.0 0.08304169879589536
34 44 41 0.0 0.0 1563.0 0.0 13257.0 47.0 22050.0 0.08320950965824664
34 44 42 0.0 0.0 997.0 0.0 13065.0 39.0 9844.0 0.08720568082720817
34 44 43 0.0 0.0 1495.0 0.0 13156.0 40.0 20604.0 0.08406893652795291
34 44 44 0.0 0.0 831.0 0.0 12505.0 36.0 6641.0 0.09133611691022964
34 44 45 0.0 0.0 649.0 0.0 11110.0 23.0 3678.0 0.10178117048346055
34 44 46 0.0 0.0 500.0 0.0 9635.0 25.0 2304.0 0.11554015020219525
34 44 47 0.0 0.0 217.0 0.0 4787.0 10.0 231.0 0.19999999999999998
34 44 48 0.0 0.0 5.0 0.0 47.0 2.0 0.0 0.6829268292682925
34 44 49 0.0 0.0 0.0 0.0 2.0 0.0 0.0 0.6993006993006992
34 45 32 0.0 0.0 0.0 0.0 4.0 0.0 0.0 0.6986027944111775
34 45 33 0.0 0.0 0.0 0.0 13.0 0.0 0.0 0.695479384003974
34 45 34 0.0 0.0 1.0 0.0 107.0 0.0 0.0 0.6641366223908918
34 45 35 0.0 0.0 344.0 0.0 6962.0 26.0 597.0 0.15084581402866065
34 45 36 0.0 0.0 569.0 0.0 10507.0 25.0 2911.0 0.10718934231682106
34 45 37 0.0 0.0 509.0 0.0 9550.0 17.0 1836.0 0.11622115224970944
34 45 38 0.0 0.0 719.0 0.0 11829.0 20.0 4756.0 0.09622654477970993
34 45 39 0.0 0.0 516.0 0.0 10523.0 14.0 3101.0 0.10747735298633501
34 45 40 0.0 0.0 676.0 0.0 11568.0 24.0 4036.0 0.0983767830791933
34 45 41 0.0 0.0 1386.0 0.0 13405.0 46.0 17773.0 0.08344757703999522
34 45 42 0.0 0.0 862.0 0.0 12650.0 25.0 7192.0 0.0902294405774684
34 45 43 0.0 0.0 818.0 0.0 12419.0 28.0 5260.0 0.09193590753874441
34 45 44 0.0 0.0 404.0 0.0 8094.0 21.0 1029.0 0.13361328497804922
34 45 45 0.0 0.0 278.0 0.0 6045.0 19.0 492.0 0.16853256289876006
34 45 46 0.0 0.0 28.0 0.0 1052.0 10.0 6.0 0.4563233376792698
34 45 47 0.0 0.0 256.0 0.0 5427.0 26.0 313.0 0.18283923207522526
34 45 48 0.0 0.0 74.0 0.0 1550.0 14.0 14.0 0.38781163434903043
34 46 34 0.0 0.0 0.0 0.0 16.0 0.0 0.0 0.6944444444444444
34 46 35 0.0 0.0 59.0 0.0 1179.0 10.0 1.0 0.43370508054522916
34 46 36 0.0 0.0 190.0 0.0 4322.0 15.0 163.0 0.21538461538461537
34 46 37 0.0 0.0 158.0 0.0 3993.0 17.0 139.0 0.22819885900570494
34 46 38 0.0 0.0 351.0 0.0 7184.0 16.0 701.0 0.14710518020384575
34 46 39 0.0 0.0 535.0 0.0 10050.0 19.0 2322.0 0.1113143038880496
34 46 40 0.0 0.0 645.0 0.0 11148.0 16.0 3819.0 0.1015228426395939
34 46 41 0.0 0.0 406.0 0.0 8300.0 21.0 1270.0 0.13101253977166386
34 46 42 0.0 0.0 447.0 0.0 8558.0 24.0 1272.0 0.1274117218784128
34 46 43 0.0 0.0 358.0 0.0 7424.0 33.0 765.0 0.14356029532403608
34 46 44 0.0 0.0 281.0 0.0 5971.0 19.0 419.0 0.17000607164541587
34 46 45 0.0 0.0 244.0 0.0 5333.0 28.0 372.0 0.18528321863419794
34 46 46 0.0 0.0 26.0 0.0 605.0 6.0 1.0 0.5333333333333332
34 46 47 0.0 0.0 0.0 0.0 44.0 0.0 0.0 0.684931506849315
34 46 48 0.0 0.0 0.0 0.0 7.0 0.0 0.0 0.6975585450921773
34 47 33 0.0 0.0 0.0 0.0 1.0 0.0 0.0 0.6996501749125437
34 47 35 0.0 0.0 0.0 0.0 7.0 0.0 0.0 0.6975585450921773
34 47 36 0.0 0.0 0.0 0.0 36.0 0.0 0.0 0.6876227897838899
34 47 37 0.0 0.0 8.0 0.0 452.0 3.0 0.0 0.5698005698005697
34 47 38 0.0 0.0 377.0 0.0 7799.0 24.0 931.0 0.13787669883789638
34 47 39 0.0 0.0 462.0 0.0 9900.0 20.0 2607.0 0.1132961074694505
34 47 40 0.0 0.0 454.0 0.0 9379.0 24.0 1927.0 0.11850347045877771
34 47 41 0.0 0.0 319.0 0.0 7156.0 19.0 783.0 0.1479602621010357
34 47 42 0.0 0.0 142.0 0.0 3343.0 18.0 73.0 0.2561287961946579
34 47 43 0.0 0.0 213.0 0.0 5048.0 24.0 283.0 0.1934503247201879
34 47 44 0.0 0.0 11.0 0.0 314.0 1.0 0.0 0.6024096385542168
34 47 45 0.0 0.0 52.0 0.0 927.0 8.0 3.0 0.47122181083810155
34 47 46 0.0 0.0 0.0 0.0 23.0 0.0 0.0 0.6920415224913494
34 47 47 0.0 0.0 0.0 0.0 2.0 0.0 0.0 0.6993006993006992
34 48 36 0.0 0.0 0.0 0.0 11.0 0.0 0.0 0.6965174129353233
34 48 37 0.0 0.0 8.0 0.0 247.0 2.0 0.0 0.6213936972924988
34 48 38 0.0 0.0 122.0 0.0 2574.0 20.0 42.0 0.29933718195424414
34 48 39 0.0 0.0 64.0 0.0 1167.0 16.0 6.0 0.43545878693623635
34 48 40 0.0 0.0 6.0 0.0 283.0 3.0 0.0 0.6124234470691162
34 48 41 0.0 0.0 0.0 0.0 113.0 0.0 1.0 0.6625650733554187
34 48 42 0.0 0.0 3.0 0.0 59.0 0.0 0.0 0.6789524733268669
34 48 43 0.0 0.0 1.0 0.0 17.0 0.0 0.0 0.6937561942517343
34 48 44 0.0 0.0 0.0 0.0 9.0 0.0 0.0 0.6968641114982577
34 49 36 0.0 0.0 0.0 0.0 1.0 0.0 0.0 0.6996501749125437
34 49 37 0.0 0.0 0.0 0.0 1.0 0.0 0.0 0.6996501749125437
34 49 38 0.0 0.0 1.0 0.0 7.0 0.0 0.0 0.697211155378486
34 49 39 0.0 0.0 0.0 0.0 4.0 0.0 0.0 0.6986027944111775
34 49 40 0.0 0.0 0.0 0.0 9.0 0.0 0.0 0.6968641114982577
34 49 41 0.0 0.0 0.0 0.0 4.0 0.0 0.0 0.6986027944111775
34 49 42 0.0 0.0 0.0 0.0 5.0 0.0 0.0 0.6982543640897755
35 31 34 0.0 0.0 0.0 0.0 1.0 0.0 0.0 0.6996501749125437
35 31 35 0.0 0.0 0.0 0.0 1.0 0.0 0.0 0.6996501749125437
35 31 36 0.0 0.0 0.0 0.0 11.0 0.0 0.0 0.6961710591745399
35 31 37 0.0 0.0 0.0 0.0 11.0 0.0 0.0 0.6961710591745399
35 31 38 0.0 0.0 3.0 0.0 14.0 1.0 0.0 0.6944444444444444
35 31 39 0.0 0.0 2.0 0.0 56.0 1.0 0.0 0.6806028196402526
35 31 40 0.0 0.0 0.0 0.0 4.0 0.0 0.0 0.6986027944111775
35 31 41 0.0 0.0 0.0 0.0 8.0 0.0 0.0 0.697211155378486
35 31 42 0.0 0.0 0.0 0.0 5.0 0.0 0.0 0.6982543640897755
35 31 43 0.0 0.0 0.0 0.0 2.0 0.0 0.0 0.6993006993006992
35 31 44 0.0 0.0 0.0 0.0 2.0 0.0 0.0 0.6993006993006992
35 32 34 0.0 0.0 1.0 0.0 6.0 0.0 0.0 0.6975585450921773
35 32 35 0.0 0.0 1.0 0.0 44.0 1.0 0.0 0.684931506849315
35 32 36 0.0 0.0 16.0 0.0 295.0 1.0 0.0 0.606060606060606
35 32 37 0.0 0.0 138.0 0.0 3846.0 19.0 163.0 0.23466309084813944
35 32 38 0.0 0.0 216.0 0.0 4611.0 15.0 197.0 0.20542920029347025
35 32 39 0.0 0.0 139.0 0.0 2863.0 17.0 52.0 0.28089887640449435
35 32 40 0.0 0.0 128.0 0.0 3273.0 11.0 80.0 0.2597402597402597
35 32 41 0.0 0.0 7.0 0.0 160.0 4.0 0.0 0.6472491909385112
35 32 42 0.0 0.0 1.0 0.0 95.0 1.0 0.0 0.6682577565632457
35 32 43 0.0 0.0 140.0 0.0 3314.0 15.0 91.0 0.2573056423451571
35 32 44 0.0 0.0 0.0 0.0 8.0 0.0 0.0 0.697211155378486
35 32 45 0.0 0.0 1.0 0.0 34.0 1.0 0.0 0.6882989183874139
35 33 31 0.0 0.0 0.0 0.0 1.0 0.0 0.0 0.6996501749125437
35 33 32 0.0 0.0 1.0 0.0 36.0 0.0 0.0 0.6872852233676975
35 33 33 0.0 0.0 7.0 0.0 260.0 2.0 0.0 0.6181015452538631
35 33 34 0.0 0.0 56.0 0.0 1069.0 13.0 7.0 0.4498714652956297
35 33 35 0.0 0.0 206.0 0.0 4556.0 22.0 214.0 0.20762271985763012
35 33 36 0.0 0.0 316.0 0.0 6700.0 22.0 615.0 0.15555555555555553
35 33 37 0.0 0.0 75.0 0.0 2312.0 11.0 35.0 0.31999999999999995
35 33 38 0.0 0.0 255.0 0.0 5734.0 20.0 370.0 0.17557060446450962
35 33 39 0.0 0.0 389.0 0.0 7957.0 21.0 1025.0 0.13556696039508084
35 33 40 0.0 0.0 89.0 0.0 2229.0 13.0 25.0 0.32512772875058055
35 33 41 0.0 0.0 380.0 0.0 7815.0 21.0 1042.0 0.1374840420308357
35 33 42 0.0 0.0 197.0 0.0 3857.0 16.0 109.0 0.2318648559125538
35 33 43 0.0 0.0 50.0 0.0 1526.0 4.0 16.0 0.3918275958578225
35 33 44 0.0 0.0 52.0 0.0 1063.0 5.0 4.0 0.45016077170418
35 33 45 0.0 0.0 5.0 0.0 196.0 2.0 0.0 0.6366530241018644
35 33 46 0.0 0.0 1.0 0.0 21.0 0.0 0.0 0.6923837784371908
35 33 47 0.0 0.0 8.0 0.0 368.0 1.0 1.0 0.5894736842105263
35 33 48 0.0 0.0 0.0 0.0 9.0 0.0 0.0 0.6968641114982577
35 34 31 0.0 0.0 0.0 0.0 16.0 0.0 0.0 0.694789081885856
35 34 32 0.0 0.0 3.0 0.0 75.0 1.0 0.0 0.6740491092922483
35 34 33 0.0 0.0 10.0 0.0 244.0 1.0 0.0 0.6213936972924988
35 34 34 0.0 0.0 76.0 0.0 1611.0 9.0 17.0 0.38064165307232184
35 34 35 0.0 0.0 173.0 0.0 4362.0 20.0 182.0 0.21485573971761815
35 34 36 0.0 0.0 464.0 0.0 8775.0 22.0 1377.0 0.12476606363069243
35 34 37 0.0 0.0 928.0 0.0 12756.0 36.0 9444.0 0.08931419457735246
35 34 38 0.0 0.0 540.0 0.0 10563.0 26.0 3153.0 0.10693553315001528
35 34 39 0.0 0.0 712.0 0.0 11819.0 19.0 4793.0 0.09628610729023383
35 34 40 0.0 0.0 643.0 0.0 11277.0 32.0 3673.0 0.10070493454179252
35 34 41 0.0 0.0 741.0 0.0 11742.0 21.0 4425.0 0.09667840618741799
35 34 42 0.0 0.0 586.0 0.0 10696.0 26.0 3206.0 0.10549318061939567
35 34 43 0.0 0.0 341.0 0.0 7916.0 27.0 1090.0 0.13681227401544022
35 34 44 0.0 0.0 386.0 0.0 7823.0 24.0 909.0 0.1374435499705478
35 34 45 0.0 0.0 75.0 0.0 1433.0 11.0 8.0 0.40034315127251924
35 34 46 0.0 0.0 2.0 0.0 70.0 2.0 0.0 0.6763285024154588
35 34 47 0.0 0.0 0.0 0.0 5.0 0.0 0.0 0.6982543640897755
35 34 48 0.0 0.0 0.0 0.0 6.0 0.0 0.0 0.6979062811565303
35 35 31 0.0 0.0 5.0 0.0 43.0 2.0 0.0 0.6842619745845552
35 35 32 0.0 0.0 0.0 0.0 54.0 1.0 0.0 0.6819288845591815
35 35 33 0.0 0.0 187.0 0.0 3904.0 18.0 112.0 0.23049061573921628
35 35 34 0.0 0.0 76.0 0.0 1680.0 14.0 18.0 0.3741314804917156
35 35 35 0.0 0.0 565.0 0.0 10474.0 32.0 3310.0 0.10755992624462199
35 35 36 0.0 0.0 1235.0 0.0 13543.0 46.0 12364.0 0.08349734597721714
35 35 37 0.0 0.0 1279.0 0.0 13349.0 34.0 15321.0 0.08416496332812311
35 35 38 0.0 0.0 1568.0 0.0 13598.0 43.0 19957.0 0.08158983623754297
35 35 39 0.0 0.0 1375.0 0.0 13665.0 35.0 16047.0 0.08220304151253595
35 35 40 0.0 0.0 1229.0 0.0 13958.0 32.0 12082.0 0.08144269924374635
35 35 41 0.0 0.0 1150.0 0.0 13200.0 49.0 13882.0 0.08568455841850785
35 35 42 0.0 0.0 983.0 0.0 13113.0 25.0 8600.0 0.08691333498882542
35 35 43 0.0 0.0 763.0 0.0 12185.0 27.0 5912.0 0.09365801445009364
35 35 44 0.0 0.0 452.0 0.0 8882.0 29.0 1524.0 0.12380615493455958
35 35 45 0.0 0.0 364.0 0.0 8193.0 27.0 1317.0 0.13287775246772968
35 35 46 0.0 0.0 10.0 0.0 518.0 3.0 2.0 0.5544554455445544
35 35 47 0.0 0.0 1.0 0.0 63.0 0.0 0.0 0.6786233640329616
35 35 48 0.0 0.0 0.0 0.0 11.0 0.0 0.0 0.6961710591745399
35 36 31 0.0 0.0 3.0 0.0 77.0 0.0 0.0 0.6730769230769229
35 36 32 0.0 0.0 8.0 0.0 302.0 0.0 0.0 0.606060606060606
35 36 33 0.0 0.0 334.0 0.0 7091.0 20.0 734.0 0.14880952380952378
35 36 34 0.0 0.0 246.0 0.0 5574.0 20.0 354.0 0.17934921854983346
35 36 35 0.0 0.0 659.0 0.0 11294.0 29.0 4351.0 0.10044482709140479
35 36 36 0.0 0.0 1148.0 0.0 13400.0 47.0 12643.0 0.08469961885171516
35 36 37 0.0 0.0 1466.0 0.0 13839.0 53.0 17585.0 0.0809482509395779
35 36 38 0.0 0.0 2137.0 0.0 13133.0 60.0 30595.0 0.08108421174562723
35 36 39 0.0 0.0 1891.0 0.0 13633.0 54.0 25155.0 0.07997714938588973
35 36 40 0.0 0.0 2547.0 0.0 11765.0 51.0 44292.0 0.0857632933104631
35 36 41 0.0 0.0 1699.0 0.0 13418.0 36.0 22924.0 0.08182349503214494
35 36 42 0.0 0.0 1570.0 0.0 13616.0 32.0 20244.0 0.0814000814000814
35 36 43 0.0 0.0 1078.0 0.0 13326.0 29.0 11485.0 0.08537105921092748
35 36 44 0.0 0.0 1179.0 0.0 13139.0 38.0 14426.0 0.0858000858000858
35 36 45 0.0 0.0 324.0 0.0 6801.0 19.0 600.0 0.1536435469710272
35 36 46 0.0 0.0 30.0 0.0 1185.0 7.0 7.0 0.43640897755610963
35 36 47 0.0 0.0 99.0 0.0 1996.0 12.0 17.0 0.34280117531831533
35 36 48 0.0 0.0 0.0 0.0 13.0 0.0 0.0 0.695479384003974
35 37 31 0.0 0.0 0.0 0.0 24.0 0.0 0.0 0.6920415224913494
35 37 32 0.0 0.0 36.0 0.0 844.0 10.0 2.0 0.48780487804878037
35 37 33 0.0 0.0 473.0 0.0 9296.0 28.0 1845.0 0.11907799608743726
35 37 34 0.0 0.0 322.0 0.0 7227.0 19.0 803.0 0.14687368862778008
35 37 35 0.0 0.0 804.0 0.0 12400.0 32.0 6231.0 0.09217196655474356
35 37 36 0.0 0.0 1390.0 0.0 13804.0 37.0 15387.0 0.08143796172415797
35 37 37 0.0 0.0 1938.0 0.0 14208.0 37.0 23458.0 0.07703736312111373
35 37 38 0.0 0.0 2496.0 0.0 12620.0 58.0 39608.0 0.08183784415736246
35 37 39 0.0 0.0 2494.0 0.0 12951.0 48.0 36159.0 0.08015114215377568
35 37 40 0.0 0.0 2633.0 0.0 13410.0 59.0 36362.0 0.07767852188869777
35 37 41 0.0 0.0 2343.0 0.0 13416.0 54.0 32555.0 0.07883326763894362
35 37 42 0.0 0.0 1808.0 0.0 13685.0 39.0 23588.0 0.08009153318077802
35 37 43 0.0 0.0 1717.0 0.0 13190.0 43.0 24028.0 0.08282063416942734
35 37 44 0.0 0.0 754.0 0.0 11958.0 29.0 4193.0 0.09525753555147308
35 37 45 0.0 0.0 876.0 0.0 12574.0 30.0 6790.0 0.09067944815078696
35 37 46 0.0 0.0 625.0 0.0 10919.0 26.0 3376.0 0.10345082391191901
35 37 47 0.0 0.0 57.0 0.0 1608.0 6.0 11.0 0.38272279934390374
35 37 48 0.0 0.0 0.0 0.0 25.0 0.0 0.0 0.6913580246913579
35 38 31 0.0 0.0 0.0 0.0 7.0 0.0 0.0 0.6975585450921773
35 38 32 0.0 0.0 2.0 0.0 80.0 0.0 0.0 0.6730769230769229
35 38 33 0.0 0.0 300.0 0.0 6661.0 22.0 596.0 0.15649452269170577
35 38 34 0.0 0.0 539.0 0.0 10045.0 29.0 2477.0 0.11141174598121915
35 38 35 0.0 0.0 1210.0 0.0 13336.0 28.0 15314.0 0.08456659619450316
35 38 36 0.0 0.0 1658.0 0.0 13688.0 50.0 20167.0 0.08079409048938134
35 38 37 0.0 0.0 2892.0 0.0 10385.0 73.0 58979.0 0.09165302782324057
35 38 38 0.0 0.0 2703.0 0.0 12778.0 64.0 39983.0 0.080132791483029
35 38 39 0.0 0.0 2838.0 0.0 13201.0 55.0 39714.0 0.0776139261558931
35 38 40 0.0 0.0 3118.0 0.0 12725.0 70.0 45511.0 0.07848413499271217
35 38 41 0.0 0.0 2960.0 0.0 11821.0 40.0 49225.0 0.0832738520104687
35 38 42 0.0 0.0 2690.0 0.0 11663.0 71.0 46767.0 0.08560073372057474
35 38 43 0.0 0.0 2404.0 0.0 12071.0 45.0 41058.0 0.0849463018020751
35 38 44 0.0 0.0 1566.0 0.0 13778.0 39.0 18756.0 0.0806498070165332
35 38 45 0.0 0.0 1206.0 0.0 13590.0 27.0 12682.0 0.08331845503779085
35 38 46 0.0 0.0 468.0 0.0 9349.0 15.0 1922.0 0.11857372744981788
35 38 47 0.0 0.0 127.0 0.0 3014.0 19.0 64.0 0.2732773765371852
35 38 48 0.0 0.0 0.0 0.0 61.0 0.0 0.0 0.6792819019893255
35 39 31 0.0 0.0 0.0 0.0 11.0 0.0 0.0 0.6965174129353233
35 39 32 0.0 0.0 12.0 0.0 333.0 6.0 2.0 0.5990586221651689
35 39 33 0.0 0.0 282.0 0.0 6361.0 17.0 500.0 0.16226240148354193
35 39 34 0.0 0.0 645.0 0.0 11134.0 24.0 3852.0 0.10164815218180498
35 39 35 0.0 0.0 1178.0 0.0 13726.0 39.0 11756.0 0.08285494466473338
35 39 36 0.0 0.0 1747.0 0.0 13676.0 39.0 24382.0 0.08031667718432677
35 39 37 0.0 0.0 3181.0 0.0 11272.0 58.0 56089.0 0.08501335924216662
35 39 38 0.0 0.0 3800.0 0.0 10377.0 68.0 68989.0 0.08643042350907518
35 39 39 0.0 0.0 3773.0 0.0 11003.0 75.0 63349.0 0.08339786739739083
35 39 40 0.0 0.0 3508.0 0.0 11254.0 52.0 59598.0 0.08339289969025493
35 39 41 0.0 0.0 3243.0 0.0 12177.0 60.0 50282.0 0.08034433285509325
35 39 42 0.0 0.0 3135.0 0.0 11817.0 70.0 50936.0 0.08259099758126363
35 39 43 0.0 0.0 2798.0 0.0 11839.0 61.0 47581.0 0.08415484491464294
35 39 44 0.0 0.0 1942.0 0.0 12875.0 50.0 30496.0 0.0832887143792016
35 39 45 0.0 0.0 1198.0 0.0 13502.0 38.0 13555.0 0.0838423763324949
35 39 46 0.0 0.0 439.0 0.0 9281.0 20.0 1637.0 0.11961722488038275
35 39 47 0.0 0.0 314.0 0.0 6603.0 23.0 597.0 0.157268029656257
35 39 48 0.0 0.0 8.0 0.0 224.0 2.0 0.0 0.6278026905829596
35 39 49 0.0 0.0 0.0 0.0 4.0 0.0 0.0 0.6986027944111775
35 40 31 0.0 0.0 1.0 0.0 39.0 0.0 0.0 0.6862745098039215
35 40 32 0.0 0.0 5.0 0.0 174.0 2.0 0.0 0.6430868167202571
35 40 33 0.0 0.0 210.0 0.0 4152.0 19.0 155.0 0.22068095838587637
35 40 34 0.0 0.0 344.0 0.0 7556.0 23.0 864.0 0.14165739148031972
35 40 35 0.0 0.0 1091.0 0.0 13548.0 35.0 11274.0 0.08413461538461538
35 40 36 0.0 0.0 1575.0 0.0 13930.0 41.0 17206.0 0.08001828989483309
35 40 37 0.0 0.0 2923.0 0.0 12152.0 56.0 46680.0 0.08189050070191857
35 40 38 0.0 0.0 3799.0 0.0 10603.0 60.0 66068.0 0.08538667967797023
35 40 39 0.0 0.0 3913.0 0.0 8362.0 92.0 86694.0 0.09816295049782639
35 40 40 0.0 0.0 3783.0 0.0 11431.0 84.0 60536.0 0.08142848833827719
35 40 41 0.0 0.0 3491.0 0.0 12284.0 70.0 52023.0 0.07878003488830115
35 40 42 0.0 0.0 3296.0 0.0 11504.0 78.0 53952.0 0.08327880554398905
35 40 43 0.0 0.0 2717.0 0.0 13094.0 59.0 38525.0 0.07860311043737014
35 40 44 0.0 0.0 2150.0 0.0 12600.0 50.0 33616.0 0.08351228823669767
35 40 45 0.0 0.0 1426.0 0.0 13774.0 36.0 15858.0 0.08140954817700762
35 40 46 0.0 0.0 501.0 0.0 9300.0 19.0 1708.0 0.1187849991515357
35 40 47 0.0 0.0 258.0 0.0 5986.0 15.0 413.0 0.17004737033888007
35 40 48 0.0 0.0 135.0 0.0 2683.0 11.0 52.0 0.29118136439267883
35 40 49 0.0 0.0 0.0 0.0 5.0 0.0 0.0 0.6982543640897755
35 41 31 0.0 0.0 0.0 0.0 2.0 0.0 0.0 0.6993006993006992
35 41 32 0.0 0.0 0.0 0.0 118.0 1.0 0.0 0.6613131790269249
35 41 33 0.0 0.0 256.0 0.0 6234.0 16.0 526.0 0.16515276630883563
35 41 34 0.0 0.0 366.0 0.0 7567.0 15.0 859.0 0.14098690835850955
35 41 35 0.0 0.0 1390.0 0.0 13479.0 31.0 16890.0 0.0829875518672199
35 41 36 0.0 0.0 1759.0 0.0 12884.0 53.0 26759.0 0.08421052631578946
35 41 37 0.0 0.0 2351.0 0.0 13944.0 56.0 29879.0 0.07648183556405352
35 41 38 0.0 0.0 3482.0 0.0 11006.0 83.0 60847.0 0.08503401360544216
35 41 39 0.0 0.0 3802.0 0.0 8739.0 56.0 82972.0 0.09621993127147765
35 41 40 0.0 0.0 3681.0 1.0 11592.0 73.0 57357.0 0.08107012565869476
35 41 41 0.0 0.0 3492.0 0.0 11482.0 56.0 57272.0 0.08246936852026389
35 41 42 0.0 0.0 3131.0 0.0 12028.0 65.0 49270.0 0.08161837579432168
35 41 43 0.0 0.0 2664.0 0.0 12850.0 68.0 39359.0 0.0800228636753358
35 41 44 0.0 0.0 2628.0 0.0 10358.0 51.0 55598.0 0.09329601492736238
35 41 45 0.0 0.0 1718.0 0.0 13052.0 47.0 25274.0 0.08347245409015024
35 41 46 0.0 0.0 1221.0 0.0 13661.0 40.0 12640.0 0.08297771455666192
35 41 47 0.0 0.0 608.0 0.0 10448.0 30.0 2677.0 0.1074031453778289
35 41 48 0.0 0.0 13.0 0.0 367.0 5.0 0.0 0.5894736842105263
35 41 49 0.0 0.0 0.0 0.0 9.0 0.0 0.0 0.6968641114982577
35 42 31 0.0 0.0 0.0 0.0 1.0 0.0 0.0 0.6996501749125437
35 42 32 0.0 0.0 16.0 0.0 402.0 8.0 0.0 0.5809128630705394
35 42 33 0.0 0.0 314.0 0.0 6624.0 18.0 602.0 0.15682760165789175
35 42 34 0.0 0.0 485.0 0.0 8993.0 22.0 1406.0 0.12215338975656571
35 42 35 0.0 0.0 1133.0 0.0 13058.0 35.0 14167.0 0.08650519031141868
35 42 36 0.0 0.0 1687.0 0.0 13687.0 48.0 21717.0 0.08064051609930303
35 42 37 0.0 0.0 2533.0 0.0 11960.0 60.0 42976.0 0.0848279205041202
35 42 38 0.0 0.0 2918.0 0.0 12237.0 60.0 45322.0 0.0816564596092155
35 42 39 0.0 0.0 3239.0 0.0 11067.0 67.0 58542.0 0.08590011044299914
35 42 40 0.0 0.0 3455.0 0.0 10994.0 69.0 60903.0 0.0850391787645022
35 42 41 0.0 0.0 3481.0 0.0 11189.0 71.0 58787.0 0.08403361344537814
35 42 42 0.0 0.0 3253.0 0.0 12479.0 70.0 48539.0 0.07896221094190636
35 42 43 0.0 0.0 2529.0 0.0 13155.0 44.0 35956.0 0.07910945357970277
35 42 44 0.0 0.0 2121.0 0.0 13028.0 47.0 32626.0 0.08164693532396336
35 42 45 0.0 0.0 1523.0 0.0 13540.0 47.0 18999.0 0.08209217778820217
35 42 46 0.0 0.0 747.0 0.0 12212.0 37.0 5383.0 0.0936830835117773
35 42 47 0.0 0.0 212.0 0.0 5248.0 24.0 291.0 0.18822264049475662
35 42 48 0.0 0.0 0.0 0.0 176.0 0.0 0.0 0.6433823529411764
35 42 49 0.0 0.0 0.0 0.0 6.0 0.0 0.0 0.6979062811565303
35 43 31 0.0 0.0 0.0 0.0 3.0 0.0 0.0 0.6989515726410384
35 43 32 0.0 0.0 77.0 0.0 1621.0 22.0 10.0 0.3808487486398258
35 43 33 0.0 0.0 302.0 0.0 7036.0 17.0 723.0 0.15015015015015012
35 43 34 0.0 0.0 675.0 0.0 11196.0 24.0 3781.0 0.10102467888584211
35 43 35 0.0 0.0 822.0 0.0 12458.0 18.0 6633.0 0.09161704076958313
35 43 36 0.0 0.0 1282.0 0.0 13630.0 38.0 14879.0 0.08281573498964802
35 43 37 0.0 0.0 1905.0 0.0 13225.0 42.0 26600.0 0.08166598611678236
35 43 38 0.0 0.0 2196.0 0.0 12872.0 52.0 33314.0 0.08203926164664517
35 43 39 0.0 0.0 2306.0 0.0 14121.0 43.0 28708.0 0.07590132827324478
35 43 40 0.0 0.0 2826.0 0.0 11907.0 69.0 46698.0 0.08374708380690314
35 43 41 0.0 0.0 2839.0 0.0 11526.0 73.0 50349.0 0.0855798031664527
35 43 42 0.0 0.0 2883.0 0.0 10874.0 66.0 54642.0 0.08886067914947635
35 43 43 0.0 0.0 2244.0 0.0 13028.0 54.0 33629.0 0.0811076994380395
35 43 44 0.0 0.0 1912.0 0.0 13146.0 72.0 28600.0 0.08223684210526314
35 43 45 0.0 0.0 1351.0 0.0 13210.0 41.0 18258.0 0.0846177092777274
35 43 46 0.0 0.0 717.0 0.0 11644.0 29.0 4154.0 0.09760178471834911
35 43 47 0.0 0.0 167.0 0.0 3487.0 20.0 85.0 0.24849130280440182
35 43 48 0.0 0.0 4.0 0.0 204.0 0.0 0.0 0.6340579710144926
35 43 49 0.0 0.0 0.0 0.0 5.0 0.0 0.0 0.6982543640897755
35 44 31 0.0 0.0 0.0 0.0 2.0 0.0 0.0 0.6993006993006992
35 44 32 0.0 0.0 0.0 0.0 23.0 0.0 0.0 0.6920415224913494
35 44 33 0.0 0.0 134.0 0.0 3622.0 16.0 113.0 0.24390243902439018
35 44 34 0.0 0.0 375.0 0.0 7872.0 20.0 962.0 0.13681227401544022
35 44 35 0.0 0.0 527.0 0.0 10110.0 25.0 2269.0 0.11093502377179079
35 44 36 0.0 0.0 881.0 0.0 12624.0 35.0 6140.0 0.09038089089735313
35 44 37 0.0 0.0 1420.0 0.0 13811.0 38.0 16663.0 0.08123005512039454
35 44 38 0.0 0.0 1992.0 0.0 12810.0 49.0 31193.0 0.08336807002917881
35 44 39 0.0 0.0 1684.0 0.0 14108.0 48.0 19233.0 0.078691473216795
35 44 40 0.0 0.0 1906.0 0.0 13341.0 48.0 27256.0 0.08111709832551132
35 44 41 0.0 0.0 2215.0 0.0 12611.0 62.0 34699.0 0.08324909317952071
35 44 42 0.0 0.0 2188.0 0.0 12699.0 44.0 34077.0 0.08283533518726702
35 44 43 0.0 0.0 1559.0 0.0 14288.0 36.0 17016.0 0.07844895214613919
35 44 44 0.0 0.0 1274.0 0.0 13805.0 41.0 14810.0 0.08202484180923364
35 44 45 0.0 0.0 1393.0 0.0 13125.0 32.0 18770.0 0.08473037583973853
35 44 46 0.0 0.0 783.0 0.0 12144.0 36.0 5528.0 0.09387153010594071
35 44 47 0.0 0.0 49.0 0.0 2032.0 9.0 42.0 0.3438958486858265
35 44 48 0.0 0.0 10.0 0.0 170.0 1.0 1.0 0.6424965580541532
35 44 49 0.0 0.0 0.0 0.0 1.0 0.0 0.0 0.6996501749125437
35 45 32 0.0 0.0 0.0 0.0 5.0 0.0 0.0 0.6982543640897755
35 45 33 0.0 0.0 1.0 0.0 85.0 1.0 0.0 0.6714628297362109
35 45 34 0.0 0.0 70.0 0.0 1719.0 16.0 17.0 0.3709591944886062
35 45 35 0.0 0.0 197.0 0.0 4264.0 23.0 168.0 0.21742506600403785
35 45 36 0.0 0.0 535.0 0.0 10179.0 26.0 2531.0 0.11031439602868172
35 45 37 0.0 0.0 848.0 0.0 12541.0 29.0 6249.0 0.09102139002665625
35 45 38 0.0 0.0 1004.0 0.0 13072.0 26.0 11921.0 0.08707009142359598
35 45 39 0.0 0.0 1310.0 0.0 13899.0 37.0 12977.0 0.08134332694207191
35 45 40 0.0 0.0 1296.0 0.0 13864.0 25.0 13290.0 0.08155656530350691
35 45 41 0.0 0.0 1155.0 0.0 13963.0 27.0 9764.0 0.08180915093788348
35 45 42 0.0 0.0 1256.0 0.0 13434.0 35.0 13592.0 0.08386748936680044
35 45 43 0.0 0.0 892.0 0.0 12684.0 26.0 7047.0 0.08995116936520174
35 45 44 0.0 0.0 953.0 0.0 13003.0 37.0 8711.0 0.08780181875195985
35 45 45 0.0 0.0 592.0 0.0 10882.0 29.0 3249.0 0.1040582726326743
35 45 46 0.0 0.0 439.0 0.0 8801.0 19.0 1325.0 0.1246660730186999
35 45 47 0.0 0.0 188.0 0.0 4657.0 11.0 226.0 0.2047981275599766
35 45 48 0.0 0.0 19.0 0.0 696.0 6.0 2.0 0.5167958656330748
35 45 49 0.0 0.0 1.0 0.0 3.0 0.0 0.0 0.6986027944111775
35 46 32 0.0 0.0 0.0 0.0 3.0 0.0 0.0 0.6989515726410384
35 46 33 0.0 0.0 0.0 0.0 4.0 0.0 0.0 0.6986027944111775
35 46 34 0.0 0.0 0.0 0.0 20.0 1.0 0.0 0.6934125804853887
35 46 35 0.0 0.0 7.0 0.0 218.0 0.0 0.0 0.6292134831460673
35 46 36 0.0 0.0 136.0 0.0 3284.0 9.0 101.0 0.2586844050258684
35 46 37 0.0 0.0 474.0 0.0 9130.0 18.0 1780.0 0.12071046732195204
35 46 38 0.0 0.0 1088.0 0.0 13114.0 30.0 11010.0 0.0864410965670536
35 46 39 0.0 0.0 1331.0 0.0 13177.0 35.0 17519.0 0.08482278097546196
35 46 40 0.0 0.0 748.0 0.0 12008.0 22.0 4569.0 0.0948445227288124
35 46 41 0.0 0.0 627.0 0.0 10922.0 36.0 3016.0 0.10351966873706003
35 46 42 0.0 0.0 951.0 0.0 12782.0 34.0 9991.0 0.08906418983395889
35 46 43 0.0 0.0 544.0 0.0 10292.0 20.0 2333.0 0.10917881930905403
35 46 44 0.0 0.0 548.0 0.0 9979.0 24.0 2273.0 0.11185682326621922
35 46 45 0.0 0.0 515.0 0.0 9923.0 21.0 2506.0 0.11264885741873189
35 46 46 0.0 0.0 176.0 0.0 4079.0 17.0 121.0 0.2243949350857509
35 46 47 0.0 0.0 8.0 0.0 164.0 3.0 1.0 0.6454587367450437
35 46 48 0.0 0.0 0.0 0.0 3.0 0.0 0.0 0.6989515726410384
35 47 34 0.0 0.0 0.0 0.0 4.0 0.0 0.0 0.6986027944111775
35 47 35 0.0 0.0 0.0 0.0 26.0 0.0 0.0 0.6913580246913579
35 47 36 0.0 0.0 1.0 0.0 122.0 1.0 0.0 0.6603773584905659
35 47 37 0.0 0.0 259.0 0.0 5902.0 19.0 423.0 0.1718213058419244
35 47 38 0.0 0.0 300.0 0.0 6673.0 19.0 608.0 0.1563197856185797
35 47 39 0.0 0.0 562.0 0.0 10181.0 25.0 2365.0 0.11001964636542239
35 47 40 0.0 0.0 231.0 0.0 5705.0 19.0 386.0 0.17678999873721427
35 47 41 0.0 0.0 177.0 0.0 4444.0 18.0 208.0 0.21205695243865494
35 47 42 0.0 0.0 144.0 0.0 3369.0 28.0 74.0 0.2552415679124886
35 47 43 0.0 0.0 203.0 0.0 4453.0 15.0 207.0 0.2108116247553079
35 47 44 0.0 0.0 19.0 0.0 642.0 6.0 1.0 0.527306967984934
35 47 45 0.0 0.0 11.0 0.0 287.0 1.0 0.0 0.6094906399651718
35 47 46 0.0 0.0 72.0 0.0 1485.0 11.0 11.0 0.3949224259520451
35 47 47 0.0 0.0 0.0 0.0 4.0 0.0 0.0 0.6986027944111775
35 48 36 0.0 0.0 0.0 0.0 14.0 0.0 0.0 0.6951340615690167
35 48 37 0.0 0.0 6.0 0.0 168.0 1.0 0.0 0.6442705936493326
35 48 38 0.0 0.0 12.0 0.0 616.0 5.0 5.0 0.5341472720335749
35 48 39 0.0 0.0 67.0 0.0 1660.0 11.0 11.0 0.3767491926803013
35 48 40 0.0 0.0 62.0 0.0 1446.0 6.0 14.0 0.39977155910908047
35 48 41 0.0 0.0 215.0 0.0 5063.0 21.0 275.0 0.19283746556473827
35 48 42 0.0 0.0 4.0 0.0 210.0 0.0 0.0 0.6323396567299006
35 48 43 0.0 0.0 9.0 0.0 204.0 4.0 0.0 0.6337709370755997
35 48 44 0.0 0.0 47.0 0.0 1160.0 12.0 3.0 0.4380475594493116
35 48 45 0.0 0.0 0.0 0.0 1.0 0.0 0.0 0.6996501749125437
35 48 46 0.0 0.0 0.0 0.0 1.0 0.0 0.0 0.6996501749125437
35 49 37 0.0 0.0 7.0 0.0 134.0 2.0 0.0 0.6545114539504441
35 49 38 0.0 0.0 0.0 0.0 2.0 0.0 0.0 0.6993006993006992
35 49 39 0.0 0.0 0.0 0.0 16.0 0.0 0.0 0.6944444444444444
35 49 40 0.0 0.0 0.0 0.0 37.0 0.0 0.0 0.6872852233676975
35 49 41 0.0 0.0 0.0 0.0 19.0 0.0 0.0 0.6934125804853887
35 49 42 0.0 0.0 0.0 0.0 19.0 0.0 0.0 0.6934125804853887
35 49 43 0.0 0.0 0.0 0.0 1.0 0.0 0.0 0.0
35 50 38 0.0 0.0 0.0 0.0 2.0 0.0 0.0 0.6993006993006992
35 50 40 0.0 0.0 0.0 0.0 1.0 0.0 0.0 0.6996501749125437
36 30 36 0.0 0.0 0.0 0.0 5.0 0.0 0.0 0.6982543640897755
36 30 37 0.0 0.0 0.0 0.0 1.0 0.0 0.0 0.6996501749125437
36 30 38 0.0 0.0 0.0 0.0 5.0 0.0 0.0 0.6982543640897755
36 31 34 0.0 0.0 0.0 0.0 1.0 0.0 0.0 0.6996501749125437
36 31 35 0.0 0.0 0.0 0.0 4.0 0.0 0.0 0.6986027944111775
36 31 36 0.0 0.0 6.0 0.0 94.0 3.0 0.0 0.6676204101096804
36 31 37 0.0 0.0 6.0 0.0 86.0 2.0 0.0 0.6698564593301434
36 31 38 0.0 0.0 8.0 0.0 177.0 1.0 0.0 0.641025641025641
36 31 39 0.0 0.0 3.0 0.0 58.0 0.0 0.0 0.6792819019893255
36 31 40 0.0 0.0 0.0 0.0 14.0 0.0 0.0 0.6951340615690167
36 31 41 0.0 0.0 0.0 0.0 9.0 0.0 0.0 0.6968641114982577
36 31 42 0.0 0.0 3.0 0.0 46.0 2.0 0.0 0.6839276990718123
36 31 43 0.0 0.0 0.0 0.0 9.0 0.0 0.0 0.6968641114982577
36 31 44 0.0 0.0 0.0 0.0 1.0 0.0 0.0 0.6996501749125437
36 32 32 0.0 0.0 0.0 0.0 1.0 0.0 0.0 0.6996501749125437
36 32 33 0.0 0.0 5.0 0.0 35.0 2.0 0.0 0.6869479882237487
36 32 34 0.0 0.0 12.0 0.0 314.0 4.0 0.0 0.6029285099052539
36 32 35 0.0 0.0 161.0 0.0 3474.0 18.0 102.0 0.24911032028469746
36 32 36 0.0 0.0 3.0 0.0 143.0 1.0 0.0 0.6529850746268656
36 32 37 0.0 0.0 261.0 0.0 5758.0 22.0 386.0 0.1750218777347168
36 32 38 0.0 0.0 56.0 0.0 1532.0 13.0 11.0 0.39149888143176725
36 32 39 0.0 0.0 249.0 0.0 5204.0 28.0 268.0 0.18847603661820134
36 32 40 0.0 0.0 68.0 0.0 1827.0 11.0 30.0 0.36045314109165805
36 32 41 0.0 0.0 154.0 0.0 3456.0 18.0 110.0 0.2503128911138923
36 32 42 0.0 0.0 33.0 0.0 860.0 8.0 1.0 0.48526863084922
36 32 43 0.0 0.0 1.0 0.0 69.0 1.0 0.0 0.6766553890768486
36 32 44 0.0 0.0 3.0 0.0 75.0 0.0 0.0 0.6737247353224253
36 32 45 0.0 0.0 0.0 0.0 7.0 0.0 0.0 0.6975585450921773
36 33 31 0.0 0.0 1.0 0.0 13.0 0.0 0.0 0.695479384003974
36 33 32 0.0 0.0 1.0 0.0 49.0 0.0 0.0 0.6829268292682925
36 33 33 0.0 0.0 44.0 0.0 1060.0 7.0 2.0 0.4519044544867656
36 33 34 0.0 0.0 65.0 0.0 1555.0 5.0 14.0 0.3870611003594138
36 33 35 0.0 0.0 206.0 0.0 4109.0 20.0 137.0 0.22239872915011913
36 33 36 0.0 0.0 355.0 0.0 7667.0 22.0 937.0 0.13990206855201356
36 33 37 0.0 0.0 363.0 0.0 7256.0 27.0 777.0 0.14589412255106293
36 33 38 0.0 0.0 782.0 0.0 12141.0 33.0 6335.0 0.09391561011605286
36 33 39 0.0 0.0 640.0 0.0 11046.0 29.0 3365.0 0.10242153778623161
36 33 40 0.0 0.0 426.0 0.0 8503.0 27.0 1215.0 0.1282991202346041
36 33 41 0.0 0.0 354.0 0.0 7612.0 19.0 848.0 0.1406611072038581
36 33 42 0.0 0.0 454.0 0.0 8910.0 24.0 1415.0 0.12333715091181392
36 33 43 0.0 0.0 76.0 0.0 2199.0 9.0 30.0 0.32825322391559203
36 33 44 0.0 0.0 166.0 0.0 3810.0 19.0 136.0 0.23493874811209928
36 33 45 0.0 0.0 10.0 0.0 278.0 3.0 1.0 0.6129597197898423
36 33 46 0.0 0.0 0.0 0.0 13.0 0.0 0.0 0.695479384003974
36 33 47 0.0 0.0 0.0 0.0 13.0 0.0 0.0 0.695479384003974
36 33 48 0.0 0.0 0.0 0.0 5.0 0.0 0.0 0.6982543640897755
36 34 31 0.0 0.0 4.0 0.0 103.0 0.0 0.0 0.6644518272425248
36 34 32 0.0 0.0 271.0 0.0 6254.0 17.0 462.0 0.16449300904711547
36 34 33 0.0 0.0 276.0 0.0 6259.0 25.0 484.0 0.16441573693482087
36 34 34 0.0 0.0 264.0 0.0 5555.0 22.0 326.0 0.17946417126009484
36 34 35 0.0 0.0 720.0 0.0 11808.0 23.0 4421.0 0.09642537364832288
36 34 36 0.0 0.0 499.0 0.0 9598.0 19.0 1885.0 0.11581733951025809
36 34 37 0.0 0.0 943.0 0.0 12983.0 29.0 8571.0 0.08791760864104495
36 34 38 0.0 0.0 654.0 0.0 11302.0 32.0 3414.0 0.10042321210817012
36 34 39 0.0 0.0 1013.0 0.0 13170.0 47.0 9231.0 0.08658544127651678
36 34 40 0.0 0.0 800.0 0.0 12474.0 28.0 5855.0 0.09176115881234842
36 34 41 0.0 0.0 776.0 0.0 12301.0 32.0 5682.0 0.09294297284737435
36 34 42 0.0 0.0 480.0 0.0 10034.0 26.0 2522.0 0.11200896071685734
36 34 43 0.0 0.0 1110.0 0.0 13348.0 37.0 10341.0 0.08511673151750972
36 34 44 0.0 0.0 429.0 0.0 8402.0 23.0 1153.0 0.12944983818770223
36 34 45 0.0 0.0 94.0 0.0 2516.0 14.0 40.0 0.3046789989118607
36 34 46 0.0 0.0 72.0 0.0 1350.0 16.0 4.0 0.4110393423370522
36 34 47 0.0 0.0 232.0 0.0 4888.0 15.0 248.0 0.19690576652601965
36 34 48 0.0 0.0 0.0 0.0 19.0 0.0 0.0 0.6934125804853887
36 35 31 0.0 0.0 0.0 0.0 50.0 1.0 0.0 0.6832601268911663
36 35 32 0.0 0.0 163.0 0.0 4610.0 16.0 218.0 0.20713123243083292
36 35 33 0.0 0.0 250.0 0.0 5589.0 21.0 360.0 0.17905102954341984
36 35 34 0.0 0.0 444.0 0.0 9125.0 20.0 1668.0 0.1210967909350402
36 35 35 0.0 0.0 559.0 0.0 10639.0 20.0 2896.0 0.10614101592115238
36 35 36 0.0 0.0 1265.0 0.0 13462.0 42.0 14977.0 0.08373205741626794
36 35 37 0.0 0.0 1332.0 0.0 13614.0 36.0 14579.0 0.08266414737836561
36 35 38 0.0 0.0 1904.0 0.0 12901.0 40.0 28499.0 0.08319961965888155
36 35 39 0.0 0.0 1563.0 0.0 14258.0 40.0 16717.0 0.07859428507269971
36 35 40 0.0 0.0 1901.0 0.0 13332.0 41.0 27158.0 0.08115942028985507
36 35 41 0.0 0.0 1348.0 0.0 13742.0 40.0 14926.0 0.08190008190008188
36 35 42 0.0 0.0 1450.0 0.0 13850.0 30.0 17236.0 0.08083140877598152
36 35 43 0.0 0.0 1463.0 0.0 13431.0 38.0 19547.0 0.08291873963515753
36 35 44 0.0 0.0 895.0 0.0 12763.0 25.0 6771.0 0.08942829766847651
36 35 45 0.0 0.0 301.0 0.0 6893.0 25.0 695.0 0.1525885558583106
36 35 46 0.0 0.0 60.0 0.0 1553.0 8.0 16.0 0.3885650846516791
36 35 47 0.0 0.0 56.0 0.0 1295.0 8.0 11.0 0.4187855219862398
36 35 48 0.0 0.0 0.0 0.0 28.0 0.0 0.0 0.6906758756783422
36 36 31 0.0 0.0 1.0 0.0 62.0 1.0 0.0 0.6792819019893255
36 36 32 0.0 0.0 334.0 0.0 7203.0 29.0 727.0 0.14713610089332632
36 36 33 0.0 0.0 258.0 0.0 6140.0 20.0 485.0 0.16710432084029597
36 36 34 0.0 0.0 901.0 0.0 12757.0 29.0 7122.0 0.08943972401456589
36 36 35 0.0 0.0 881.0 0.0 12650.0 27.0 7071.0 0.09015971148892322
36 36 36 0.0 0.0 1687.0 0.0 13795.0 44.0 21267.0 0.08011444921316165
36 36 37 0.0 0.0 2881.0 0.0 10281.0 60.0 60232.0 0.09233610341643582
36 36 38 0.0 0.0 2550.0 0.0 13526.0 57.0 33763.0 0.0775322589577449
36 36 39 0.0 0.0 2625.0 0.0 13555.0 48.0 35478.0 0.07697806125254301
36 36 40 0.0 0.0 3002.0 0.0 11766.0 69.0 49963.0 0.08346747749359087
36 36 41 0.0 0.0 2485.0 0.0 13445.0 62.0 34069.0 0.07808578280997266
36 36 42 0.0 0.0 2206.0 0.0 13270.0 38.0 31245.0 0.08009611533840608
36 36 43 0.0 0.0 1880.0 0.0 13381.0 47.0 26938.0 0.0811076994380395
36 36 44 0.0 0.0 1296.0 0.0 13588.0 33.0 14514.0 0.08287946957139473
36 36 45 0.0 0.0 713.0 0.0 11746.0 30.0 5522.0 0.09690593202741052
36 36 46 0.0 0.0 597.0 0.0 10526.0 25.0 2709.0 0.10677242220866381
36 36 47 0.0 0.0 325.0 0.0 6714.0 22.0 596.0 0.15521064301552104
36 36 48 0.0 0.0 1.0 0.0 54.0 0.0 0.0 0.6812652068126519
36 37 30 0.0 0.0 0.0 0.0 1.0 0.0 0.0 0.6996501749125437
36 37 31 0.0 0.0 34.0 0.0 736.0 8.0 3.0 0.506879073135409
36 37 32 0.0 0.0 166.0 0.0 4340.0 17.0 160.0 0.21571648690292755
36 37 33 0.0 0.0 433.0 0.0 8448.0 22.0 1205.0 0.12885411872986652
36 37 34 0.0 0.0 781.0 0.0 12184.0 26.0 6630.0 0.09355162044771131
36 37 35 0.0 0.0 1098.0 0.0 13553.0 26.0 10231.0 0.08410428931875524
36 37 36 0.0 0.0 1934.0 0.0 13577.0 43.0 26578.0 0.07995431182181609
36 37 37 0.0 0.0 3055.0 0.0 10894.0 60.0 56695.0 0.08777429467084638
36 37 38 0.0 0.0 3449.0 0.0 12000.0 67.0 53544.0 0.08022003208801283
36 37 39 0.0 0.0 4138.0 0.0 9549.0 68.0 77420.0 0.08920606601248883
36 37 40 0.0 0.0 3974.0 0.0 9597.0 60.0 76425.0 0.08981267641775724
36 37 41 0.0 0.0 3940.0 0.0 9778.0 74.0 73287.0 0.08908119114278441
36 37 42 0.0 0.0 2866.0 0.0 13214.0 57.0 38926.0 0.07741222007188277
36 37 43 0.0 0.0 2231.0 0.0 13184.0 41.0 31533.0 0.08040893687898454
36 37 44 0.0 0.0 1485.0 0.0 13404.0 35.0 19201.0 0.08285494466473338
36 37 45 0.0 0.0 1092.0 0.0 13124.0 35.0 11292.0 0.086446434084594
36 37 46 0.0 0.0 348.0 0.0 7477.0 20.0 769.0 0.14276973281664285
36 37 47 0.0 0.0 153.0 0.0 3741.0 14.0 139.0 0.23801428085685136
36 37 48 0.0 0.0 33.0 0.0 933.0 10.0 6.0 0.4736129905277401
36 37 49 0.0 0.0 15.0 0.0 418.0 5.0 1.0 0.5766062602965403
36 38 30 0.0 0.0 0.0 0.0 1.0 0.0 0.0 0.6996501749125437
36 38 31 0.0 0.0 34.0 0.0 885.0 5.0 3.0 0.48076923076923067
36 38 32 0.0 0.0 162.0 0.0 3758.0 11.0 113.0 0.23672641190395668
36 38 33 0.0 0.0 409.0 0.0 8365.0 26.0 1200.0 0.13020833333333331
36 38 34 0.0 0.0 856.0 0.0 12692.0 22.0 6167.0 0.09002057613168724
36 38 35 0.0 0.0 1226.0 0.0 13501.0 31.0 12290.0 0.08372204281784475
36 38 36 0.0 0.0 2633.0 0.0 11838.0 55.0 45541.0 0.08497208060208788
36 38 37 0.0 0.0 3120.0 0.0 13459.0 70.0 41169.0 0.07539041464728055
36 38 38 0.0 0.0 4155.0 0.0 10661.0 97.0 70019.0 0.08341277407054336
36 38 39 0.0 0.0 4835.0 0.0 9937.0 78.0 80789.0 0.08340780458742923
36 38 40 0.0 0.0 4629.0 0.0 8998.0 80.0 87966.0 0.08963441961713296
36 38 41 0.0 0.0 4543.0 1.0 10441.0 61.0 74233.0 0.08235778575210306
36 38 42 0.0 1.0 3889.0 0.0 10929.0 76.0 65160.0 0.08323424494649227
36 38 43 0.0 0.0 2913.0 0.0 13446.0 56.0 39139.0 0.07623196297304655
36 38 44 0.0 0.0 2259.0 0.0 12352.0 59.0 37435.0 0.08427642667950878
36 38 45 0.0 0.0 1346.0 0.0 13784.0 34.0 15156.0 0.08175659892548469
36 38 46 0.0 0.0 826.0 0.0 12536.0 26.0 7148.0 0.09115770282588878
36 38 47 0.0 0.0 357.0 0.0 7673.0 25.0 975.0 0.13984616921386472
36 38 48 0.0 0.0 90.0 0.0 1768.0 28.0 14.0 0.3655352480417754
36 38 49 0.0 0.0 0.0 0.0 3.0 0.0 0.0 0.6989515726410384
36 39 31 0.0 0.0 6.0 0.0 134.0 0.0 0.0 0.6542056074766354
36 39 32 0.0 0.0 124.0 0.0 2994.0 18.0 65.0 0.2744021952175617
36 39 33 0.0 0.0 315.0 0.0 6988.0 17.0 717.0 0.15068345710903022
36 39 34 0.0 0.0 1137.0 0.0 13441.0 33.0 11528.0 0.08444927011702255
36 39 35 0.0 0.0 1454.0 0.0 13762.0 41.0 17143.0 0.08131970260223047
36 39 36 0.0 0.0 2409.0 0.0 13323.0 59.0 33704.0 0.07898894154818324
36 39 37 0.0 0.0 3656.0 0.0 10892.0 83.0 64050.0 0.08459725663182065
36 39 38 0.0 0.0 4555.0 0.0 8570.0 55.0 90656.0 0.09247027741083222
36 39 39 0.0 0.0 5218.0 0.0 8599.0 69.0 96115.0 0.08853474988933156
36 39 40 0.0 0.0 5372.0 1.0 9349.0 86.0 89692.0 0.08376712738586728
36 39 41 0.0 0.0 5179.0 1.0 10253.0 77.0 78939.0 0.08029825064525378
36 39 42 0.0 0.0 4274.0 0.0 7858.0 75.0 96485.0 0.09909399773499432
36 39 43 0.0 0.0 3586.0 0.0 11062.0 62.0 61817.0 0.08404370272541721
36 39 44 0.0 0.0 2741.0 0.0 11737.0 59.0 45997.0 0.08498755539367449
36 39 45 0.0 0.0 1791.0 0.0 13022.0 54.0 27320.0 0.08324414317992626
36 39 46 0.0 0.0 1007.0 0.0 13275.0 38.0 9350.0 0.08598452278589852
36 39 47 0.0 0.0 270.0 0.0 6082.0 16.0 480.0 0.1678858376304113
36 39 48 0.0 0.0 79.0 0.0 1643.0 8.0 13.0 0.3770535954753568
36 39 49 0.0 0.0 0.0 0.0 10.0 0.0 0.0 0.6965174129353233
36 40 30 0.0 0.0 0.0 0.0 1.0 0.0 0.0 0.6996501749125437
36 40 31 0.0 0.0 2.0 0.0 17.0 1.0 0.0 0.6937561942517343
36 40 32 0.0 0.0 165.0 0.0 3617.0 16.0 108.0 0.24276053407317494
36 40 33 0.0 0.0 492.0 0.0 9948.0 29.0 2617.0 0.11271234200144915
36 40 34 0.0 0.0 647.0 0.0 11036.0 34.0 3129.0 0.10249652243941722
36 40 35 0.0 0.0 1519.0 0.0 13613.0 47.0 19916.0 0.0816755148474418
36 40 36 0.0 0.0 2385.0 0.0 13516.0 60.0 31815.0 0.07817735090462363
36 40 37 0.0 0.0 3581.0 0.0 11398.0 65.0 58829.0 0.08239171374764594
36 40 38 0.0 0.0 4721.0 0.0 9129.0 67.0 88272.0 0.08818897637795275
36 40 39 0.0 0.0 5022.0 0.0 7232.0 77.0 106163.0 0.09828009828009826
36 40 40 0.0 0.0 5510.0 0.0 8661.0 79.0 96452.0 0.08652657601977749
36 40 41 0.0 2.0 5335.0 8.0 9705.0 85.0 83879.0 0.08211143695014661
36 40 42 0.0 0.0 4859.0 0.0 10920.0 75.0 72150.0 0.07870474477175624
36 40 43 0.0 0.0 4094.0 1.0 9271.0 71.0 81285.0 0.09101547263034715
36 40 44 0.0 0.0 3024.0 0.0 12172.0 75.0 47620.0 0.08149959250203748
36 40 45 0.0 0.0 1933.0 0.0 13318.0 53.0 27307.0 0.0811782442305462
36 40 46 0.0 0.0 1075.0 0.0 13224.0 34.0 10141.0 0.08587903324745429
36 40 47 0.0 0.0 229.0 0.0 5498.0 23.0 371.0 0.18170019467878
36 40 48 0.0 0.0 92.0 0.0 2513.0 11.0 34.0 0.3047453199825859
36 40 49 0.0 0.0 3.0 0.0 80.0 0.0 0.0 0.6721075372059528
36 41 31 0.0 0.0 0.0 0.0 12.0 0.0 0.0 0.6961710591745399
36 41 32 0.0 0.0 21.0 0.0 599.0 6.0 1.0 0.5355776587605202
36 41 33 0.0 0.0 529.0 0.0 9913.0 30.0 2192.0 0.11273957158962794
36 41 34 0.0 0.0 632.0 0.0 11043.0 34.0 3394.0 0.10255658926086
36 41 35 0.0 0.0 1232.0 0.0 13601.0 25.0 13529.0 0.08311071534579993
36 41 36 0.0 0.0 2384.0 0.0 12331.0 56.0 38826.0 0.0837621155917195
36 41 37 0.0 0.0 3276.0 0.0 11399.0 51.0 55412.0 0.08389261744966442
36 41 38 0.0 0.0 4621.0 0.0 8956.0 74.0 87437.0 0.08990495761623427
36 41 39 0.0 0.0 5030.0 1.0 8373.0 91.0 96390.0 0.09099772505687358
36 41 40 0.0 1.0 5472.0 0.0 9326.0 75.0 88367.0 0.08333829394606822
36 41 41 0.0 0.0 4862.0 0.0 7344.0 54.0 104715.0 0.09834223096375386
36 41 42 0.0 2.0 4606.0 7.0 7481.0 89.0 101454.0 0.09936124911284598
36 41 43 0.0 0.0 4206.0 0.0 10065.0 73.0 74513.0 0.08606910119267182
36 41 44 0.0 0.0 2725.0 0.0 12817.0 68.0 40800.0 0.0798585363071131
36 41 45 0.0 0.0 2125.0 0.0 12481.0 43.0 33474.0 0.08424092905710331
36 41 46 0.0 0.0 1269.0 0.0 13426.0 31.0 14851.0 0.08378216636744464
36 41 47 0.0 0.0 535.0 0.0 10043.0 24.0 2198.0 0.11143835071240944
36 41 48 0.0 0.0 175.0 0.0 4458.0 23.0 204.0 0.21183234982599483
36 41 49 0.0 0.0 0.0 0.0 28.0 1.0 0.0 0.6906758756783422
36 41 50 0.0 0.0 0.0 0.0 2.0 0.0 0.0 0.6993006993006992
36 42 31 0.0 0.0 0.0 0.0 9.0 0.0 0.0 0.6968641114982577
36 42 32 0.0 0.0 156.0 0.0 3285.0 16.0 61.0 0.2581120943952802
36 42 33 0.0 0.0 266.0 0.0 6261.0 23.0 491.0 0.1645703538262607
36 42 34 0.0 0.0 669.0 0.0 11685.0 32.0 4784.0 0.09764262798158738
36 42 35 0.0 0.0 959.0 0.0 13300.0 27.0 9580.0 0.08612204724409449
36 42 36 0.0 0.0 1967.0 0.0 13212.0 53.0 29453.0 0.08154706430568498
36 42 37 0.0 0.0 2791.0 0.0 12716.0 66.0 41507.0 0.08000457168981084
36 42 38 0.0 0.0 3953.0 1.0 11962.0 79.0 58475.0 0.07806836558300338
36 42 39 0.0 1.0 4600.0 2.0 10418.0 71.0 75580.0 0.08219821512447158
36 42 40 0.0 0.0 4881.0 1.0 10044.0 63.0 79069.0 0.0826934435912581
36 42 41 0.0 0.0 4744.0 0.0 9362.0 88.0 84623.0 0.08687019111442044
36 42 42 0.0 1.0 4289.0 0.0 8096.0 80.0 93302.0 0.09734390209984703
36 42 43 0.0 0.0 3933.0 0.0 10237.0 76.0 71222.0 0.0866122246968572
36 42 44 0.0 0.0 2853.0 0.0 11978.0 57.0 46485.0 0.08316008316008315
36 42 45 0.0 0.0 1849.0 0.0 13964.0 63.0 24382.0 0.07861635220125786
36 42 46 0.0 0.0 1152.0 0.0 13477.0 36.0 11695.0 0.08421052631578946
36 42 47 0.0 0.0 479.0 0.0 9933.0 15.0 2355.0 0.11287591711682657
36 42 48 0.0 0.0 185.0 0.0 4074.0 21.0 118.0 0.2243949350857509
36 42 49 0.0 0.0 0.0 0.0 23.0 0.0 0.0 0.6920415224913494
36 42 50 0.0 0.0 0.0 0.0 3.0 0.0 0.0 0.6989515726410384
36 43 31 0.0 0.0 0.0 0.0 5.0 0.0 0.0 0.6982543640897755
36 43 32 0.0 0.0 156.0 0.0 3276.0 14.0 60.0 0.25835024912345445
36 43 33 0.0 0.0 271.0 0.0 6126.0 28.0 507.0 0.16722408026755853
36 43 34 0.0 0.0 1004.0 0.0 13121.0 33.0 9012.0 0.0868540232024319
36 43 35 0.0 0.0 934.0 0.0 12786.0 27.0 9159.0 0.08906418983395889
36 43 36 0.0 0.0 1164.0 0.0 13505.0 45.0 11878.0 0.08408408408408408
36 43 37 0.0 0.0 2406.0 0.0 12760.0 43.0 36924.0 0.08147113594040968
36 43 38 0.0 0.0 3034.0 0.0 12867.0 69.0 43086.0 0.07824726134585289
36 43 39 0.0 0.0 3713.0 0.0 10605.0 72.0 66318.0 0.08582112425672776
36 43 40 0.0 0.0 4011.0 0.0 10278.0 74.0 72038.0 0.08597396217145663
36 43 41 0.0 0.0 3687.0 0.0 11723.0 57.0 56573.0 0.08039970137253774
36 43 42 0.0 0.0 3532.0 0.0 11637.0 61.0 56560.0 0.08137642408742153
36 43 43 0.0 0.0 3535.0 0.0 11304.0 94.0 59168.0 0.08331845503779085
36 43 44 0.0 0.0 2434.0 0.0 11438.0 50.0 45539.0 0.08807801195344447
36 43 45 0.0 0.0 1884.0 0.0 12778.0 51.0 30137.0 0.083978165676924
36 43 46 0.0 0.0 742.0 0.0 11820.0 25.0 4123.0 0.09618687736173136
36 43 47 0.0 0.0 442.0 0.0 9242.0 13.0 1968.0 0.11983223487118032
36 43 48 0.0 0.0 131.0 0.0 3242.0 15.0 56.0 0.26134030240806416
36 43 49 0.0 0.0 1.0 0.0 30.0 0.0 0.0 0.6893156080748399
36 44 31 0.0 0.0 0.0 0.0 4.0 0.0 0.0 0.6986027944111775
36 44 32 0.0 0.0 1.0 0.0 62.0 0.0 0.0 0.6786233640329616
36 44 33 0.0 0.0 187.0 0.0 3935.0 17.0 127.0 0.22935779816513757
36 44 34 0.0 0.0 529.0 0.0 10033.0 28.0 2531.0 0.11153601019757806
36 44 35 0.0 0.0 663.0 0.0 11290.0 19.0 3725.0 0.10035122930255895
36 44 36 0.0 0.0 958.0 0.0 13095.0 24.0 7419.0 0.08718938780594132
36 44 37 0.0 0.0 1353.0 0.0 13788.0 37.0 15651.0 0.08160886039055668
36 44 38 0.0 0.0 2553.0 0.0 11835.0 52.0 44683.0 0.08536064874093041
36 44 39 0.0 0.0 2734.0 0.0 12410.0 59.0 43119.0 0.08164217401446232
36 44 40 0.0 0.0 2852.0 2.0 12387.0 74.0 43074.0 0.08129137150156776
36 44 41 0.0 0.0 3090.0 1.0 10743.0 62.0 57731.0 0.08826681798121176
36 44 42 0.0 0.0 2534.0 1.0 12868.0 70.0 38087.0 0.0805106676634654
36 44 43 0.0 1.0 1871.0 3.0 14041.0 32.0 23170.0 0.07805530776092773
36 44 44 0.0 0.0 1638.0 0.0 13382.0 54.0 22057.0 0.08235294117647059
36 44 45 0.0 0.0 1361.0 0.0 13472.0 27.0 16325.0 0.08312058421896336
36 44 46 0.0 0.0 570.0 0.0 10495.0 26.0 2619.0 0.10729613733905578
36 44 47 0.0 0.0 182.0 0.0 5099.0 9.0 337.0 0.19249278152069293
36 44 48 0.0 0.0 3.0 0.0 226.0 1.0 0.0 0.6283662477558347
36 44 49 0.0 0.0 0.0 0.0 8.0 0.0 0.0 0.697211155378486
36 45 32 0.0 0.0 2.0 0.0 46.0 0.0 0.0 0.6835937499999999
36 45 33 0.0 0.0 79.0 0.0 1542.0 14.0 11.0 0.388134183532021
36 45 34 0.0 0.0 137.0 0.0 3533.0 18.0 105.0 0.24761230986911917
36 45 35 0.0 0.0 353.0 0.0 7815.0 25.0 997.0 0.1378495470657739
36 45 36 0.0 0.0 489.0 0.0 9660.0 22.0 1901.0 0.11535926170072511
36 45 37 0.0 0.0 1072.0 0.0 13191.0 25.0 11933.0 0.08613794376422813
36 45 38 0.0 0.0 1506.0 0.0 13381.0 45.0 20271.0 0.08299247139723752
36 45 39 0.0 0.0 2261.0 0.0 11587.0 58.0 41839.0 0.08822232024702249
36 45 40 0.0 0.0 1850.0 0.0 13319.0 55.0 26175.0 0.08159934720522236
36 45 41 0.0 0.0 2154.0 1.0 12302.0 63.0 36854.0 0.0850805226374962
36 45 42 0.0 0.0 1731.0 0.0 13450.0 32.0 22507.0 0.08146165483533106
36 45 43 0.0 0.0 1441.0 0.0 13593.0 45.0 17060.0 0.08220304151253595
36 45 44 0.0 0.0 785.0 0.0 12279.0 40.0 6832.0 0.09307272969020076
36 45 45 0.0 0.0 1000.0 0.0 12786.0 28.0 9225.0 0.08865248226950354
36 45 46 0.0 0.0 560.0 0.0 10914.0 23.0 4021.0 0.10395782282616765
36 45 47 0.0 0.0 176.0 0.0 4067.0 20.0 146.0 0.22493573264781486
36 45 48 0.0 0.0 1.0 0.0 72.0 0.0 0.0 0.6753497346840327
36 45 49 0.0 0.0 0.0 0.0 1.0 0.0 0.0 0.6996501749125437
36 46 32 0.0 0.0 2.0 0.0 28.0 0.0 0.0 0.689655172413793
36 46 33 0.0 0.0 4.0 0.0 216.0 0.0 0.0 0.6309148264984226
36 46 34 0.0 0.0 131.0 0.0 3219.0 15.0 68.0 0.26241799437675717
36 46 35 0.0 0.0 147.0 0.0 3092.0 11.0 68.0 0.2677888293802601
36 46 36 0.0 0.0 415.0 0.0 8645.0 20.0 1437.0 0.12675418741511996
36 46 37 0.0 0.0 709.0 0.0 11682.0 31.0 4125.0 0.09730330831248261
36 46 38 0.0 0.0 776.0 0.0 12131.0 30.0 5157.0 0.09395342594456747
36 46 39 0.0 0.0 1057.0 0.0 13433.0 27.0 9807.0 0.0849256900212314
36 46 40 0.0 0.0 1172.0 0.0 13304.0 31.0 13825.0 0.08501852189226937
36 46 41 0.0 0.0 835.0 0.0 12444.0 34.0 6157.0 0.09168904315934245
36 46 42 0.0 0.0 699.0 0.0 11646.0 21.0 3866.0 0.09768350544236672
36 46 43 0.0 0.0 548.0 0.0 10000.0 27.0 2031.0 0.11170509853985476
36 46 44 0.0 0.0 540.0 0.0 10311.0 29.0 2748.0 0.10911074740861974
36 46 45 0.0 0.0 367.0 0.0 7676.0 16.0 925.0 0.1395534290271132
36 46 46 0.0 0.0 174.0 0.0 3942.0 18.0 124.0 0.22950819672131142
36 46 47 0.0 0.0 5.0 0.0 335.0 1.0 1.0 0.5985463873450192
36 46 48 0.0 0.0 0.0 0.0 10.0 0.0 0.0 0.6965174129353233
36 47 33 0.0 0.0 0.0 0.0 2.0 0.0 0.0 0.6993006993006992
36 47 34 0.0 0.0 0.0 0.0 6.0 0.0 0.0 0.6979062811565303
36 47 35 0.0 0.0 2.0 0.0 44.0 2.0 0.0 0.684931506849315
36 47 36 0.0 0.0 8.0 0.0 324.0 4.0 1.0 0.6013745704467354
36 47 37 0.0 0.0 329.0 0.0 7178.0 27.0 762.0 0.1475703594392326
36 47 38 0.0 0.0 726.0 0.0 11724.0 36.0 5067.0 0.09702009702009701
36 47 39 0.0 0.0 412.0 0.0 8707.0 24.0 1531.0 0.12610340479192936
36 47 40 0.0 0.0 775.0 0.0 11906.0 31.0 5843.0 0.09539384028345597
36 47 41 0.0 0.0 287.0 0.0 6615.0 29.0 612.0 0.15774647887323942
36 47 42 0.0 0.0 109.0 0.0 2903.0 13.0 62.0 0.2798880447820872
36 47 43 0.0 0.0 372.0 0.0 8033.0 24.0 1066.0 0.13482280431432972
36 47 44 0.0 0.0 132.0 0.0 2827.0 20.0 48.0 0.28345818991698724
36 47 45 0.0 0.0 47.0 0.0 949.0 14.0 3.0 0.46948356807511726
36 47 46 0.0 0.0 19.0 0.0 436.0 1.0 0.0 0.5707297187117814
36 47 47 0.0 0.0 0.0 0.0 23.0 0.0 0.0 0.6920415224913494
36 47 48 0.0 0.0 0.0 0.0 2.0 0.0 0.0 0.6993006993006992
36 48 36 0.0 0.0 0.0 0.0 30.0 0.0 0.0 0.689655172413793
36 48 37 0.0 0.0 11.0 0.0 342.0 2.0 0.0 0.5954912803062525
36 48 38 0.0 0.0 100.0 0.0 2170.0 16.0 28.0 0.3290246768507638
36 48 39 0.0 0.0 112.0 0.0 2200.0 10.0 25.0 0.3253544039042528
36 48 40 0.0 0.0 422.0 0.0 8129.0 25.0 1027.0 0.13289036544850497
36 48 41 0.0 0.0 327.0 0.0 6634.0 23.0 566.0 0.15654702001565468
36 48 42 0.0 0.0 23.0 0.0 480.0 7.0 0.0 0.5608974358974358
36 48 43 0.0 0.0 18.0 0.0 525.0 5.0 0.0 0.5520504731861199
36 48 44 0.0 0.0 1.0 0.0 65.0 2.0 0.0 0.6782945736434108
36 48 45 0.0 0.0 0.0 0.0 3.0 0.0 0.0 0.6989515726410384
36 48 46 0.0 0.0 0.0 0.0 2.0 0.0 0.0 0.6993006993006992
36 49 36 0.0 0.0 0.0 0.0 1.0 0.0 0.0 0.6996501749125437
36 49 37 0.0 0.0 0.0 0.0 10.0 0.0 0.0 0.6965174129353233
36 49 38 0.0 0.0 0.0 0.0 8.0 0.0 0.0 0.697211155378486
36 49 39 0.0 0.0 109.0 0.0 2408.0 15.0 33.0 0.31097290093291863
36 49 40 0.0 0.0 1.0 0.0 34.0 1.0 0.0 0.6886374815543531
36 49 41 0.0 0.0 0.0 0.0 41.0 0.0 0.0 0.6859382655560998
36 49 42 0.0 0.0 0.0 0.0 45.0 0.0 0.0 0.6845965770171147
36 49 43 0.0 0.0 0.0 0.0 18.0 0.0 0.0 0.6937561942517343
36 49 44 0.0 0.0 0.0 0.0 24.0 0.0 0.0 0.6916996047430829
36 50 38 0.0 0.0 0.0 0.0 1.0 0.0 0.0 0.6996501749125437
37 30 36 0.0 0.0 0.0 0.0 6.0 0.0 0.0 0.6979062811565303
37 30 37 0.0 0.0 0.0 0.0 1.0 0.0 0.0 0.6996501749125437
37 30 38 0.0 0.0 0.0 0.0 3.0 0.0 0.0 0.6989515726410384
37 31 34 0.0 0.0 0.0 0.0 2.0 0.0 0.0 0.6993006993006992
37 31 35 0.0 0.0 0.0 0.0 1.0 0.0 0.0 0.6996501749125437
37 31 36 0.0 0.0 6.0 0.0 108.0 0.0 0.0 0.662251655629139
37 31 37 0.0 0.0 200.0 0.0 4339.0 20.0 179.0 0.21478981282602022
37 31 38 0.0 0.0 49.0 0.0 1137.0 7.0 6.0 0.44039005976722234
37 31 39 0.0 0.0 0.0 0.0 50.0 0.0 0.0 0.6829268292682925
37 31 40 0.0 0.0 0.0 0.0 18.0 0.0 0.0 0.6937561942517343
37 31 41 0.0 0.0 0.0 0.0 26.0 0.0 0.0 0.6910167818361302
37 31 42 0.0 0.0 0.0 0.0 17.0 0.0 0.0 0.694100148735746
37 31 43 0.0 0.0 0.0 0.0 5.0 0.0 0.0 0.6982543640897755
37 32 32 0.0 0.0 0.0 0.0 5.0 0.0 0.0 0.6982543640897755
37 32 33 0.0 0.0 0.0 0.0 18.0 0.0 0.0 0.6937561942517343
37 32 34 0.0 0.0 55.0 0.0 1236.0 13.0 5.0 0.42708968883465526
37 32 35 0.0 0.0 22.0 0.0 539.0 2.0 0.0 0.5473025801407349
37 32 36 0.0 0.0 12.0 0.0 546.0 5.0 3.0 0.5483744614179396
37 32 37 0.0 0.0 26.0 0.0 1002.0 2.0 9.0 0.4626569729015201
37 32 38 0.0 0.0 363.0 0.0 7720.0 26.0 910.0 0.139178844815588
37 32 39 0.0 0.0 142.0 0.0 3310.0 20.0 83.0 0.25758969641214347
37 32 40 0.0 0.0 96.0 0.0 2877.0 14.0 58.0 0.28214429665457474
37 32 41 0.0 0.0 47.0 0.0 1666.0 9.0 21.0 0.3779697624190064
37 32 42 0.0 0.0 308.0 0.0 6004.0 29.0 389.0 0.16893930252202244
37 32 43 0.0 0.0 29.0 0.0 873.0 8.0 2.0 0.4837595024187975
37 32 44 0.0 0.0 0.0 0.0 25.0 0.0 0.0 0.6916996047430829
37 32 45 0.0 0.0 10.0 0.0 106.0 1.0 0.0 0.6619385342789597
37 32 46 0.0 0.0 0.0 0.0 6.0 1.0 0.0 0.6982543640897755
37 32 47 0.0 0.0 1.0 0.0 2.0 0.0 0.0 0.6989515726410384
37 33 31 0.0 0.0 5.0 0.0 81.0 0.0 0.0 0.6711409395973154
37 33 32 0.0 0.0 3.0 0.0 165.0 2.0 0.0 0.6463527239150507
37 33 33 0.0 0.0 211.0 0.0 4467.0 26.0 180.0 0.2104630186410102
37 33 34 0.0 0.0 249.0 0.0 5222.0 15.0 278.0 0.1876675603217158
37 33 35 0.0 0.0 502.0 0.0 10234.0 24.0 2875.0 0.11003694097304094
37 33 36 0.0 0.0 138.0 0.0 3488.0 13.0 107.0 0.24937655860349126
37 33 37 0.0 0.0 541.0 0.0 10134.0 27.0 2463.0 0.11058451816745654
37 33 38 0.0 0.0 412.0 0.0 8092.0 21.0 1133.0 0.13342228152101399
37 33 39 0.0 0.0 571.0 0.0 10587.0 25.0 3094.0 0.10652868665347738
37 33 40 0.0 0.0 795.0 0.0 12306.0 24.0 7067.0 0.09277052547876216
37 33 41 0.0 0.0 850.0 0.0 12585.0 29.0 6945.0 0.09076175040518637
37 33 42 0.0 0.0 449.0 0.0 8589.0 27.0 1230.0 0.1271109497003813
37 33 43 0.0 0.0 157.0 0.0 3389.0 15.0 90.0 0.2531645569620253
37 33 44 0.0 0.0 217.0 0.0 4679.0 21.0 202.0 0.20357714119528864
37 33 45 0.0 0.0 18.0 0.0 785.0 1.0 1.0 0.4996431120628122
37 33 46 0.0 0.0 100.0 0.0 2607.0 16.0 41.0 0.29831664180694645
37 33 47 0.0 0.0 17.0 0.0 574.0 8.0 2.0 0.5420054200542004
37 33 48 0.0 0.0 0.0 0.0 15.0 0.0 0.0 0.694789081885856
37 34 31 0.0 0.0 19.0 0.0 397.0 5.0 0.0 0.5806719203649937
37 34 32 0.0 0.0 329.0 0.0 6750.0 25.0 600.0 0.15449128227764286
37 34 33 0.0 0.0 265.0 0.0 6002.0 21.0 473.0 0.16969696969696968
37 34 34 0.0 0.0 514.0 0.0 10170.0 22.0 2639.0 0.11043622308117061
37 34 35 0.0 0.0 982.0 0.0 12906.0 33.0 9002.0 0.08810018249323516
37 34 36 0.0 0.0 688.0 0.0 11663.0 22.0 4167.0 0.0976222020779583
37 34 37 0.0 0.0 1025.0 0.0 13354.0 32.0 9186.0 0.0855170728727628
37 34 38 0.0 0.0 1402.0 0.0 12956.0 50.0 20663.0 0.08564262555820638
37 34 39 0.0 0.0 1602.0 0.0 13833.0 35.0 19680.0 0.08033972225410306
37 34 40 0.0 0.0 1374.0 0.0 13281.0 37.0 18248.0 0.08411439557798604
37 34 41 0.0 0.0 1068.0 0.0 13449.0 35.0 10245.0 0.08475602373168664
37 34 42 0.0 0.0 920.0 0.0 13021.0 26.0 7403.0 0.08787897809302617
37 34 43 0.0 0.0 805.0 0.0 12371.0 26.0 6322.0 0.09233001384950207
37 34 44 0.0 0.0 597.0 0.0 10444.0 27.0 2501.0 0.107469102632993
37 34 45 0.0 0.0 221.0 0.0 5246.0 16.0 304.0 0.18786902844873854
37 34 46 0.0 0.0 203.0 0.0 5390.0 17.0 434.0 0.18467220683287164
37 34 47 0.0 0.0 2.0 0.0 155.0 1.0 0.0 0.6493506493506492
37 34 48 0.0 0.0 0.0 0.0 34.0 0.0 0.0 0.6882989183874139
37 35 31 0.0 0.0 22.0 0.0 654.0 1.0 2.0 0.5235602094240837
37 35 32 0.0 0.0 297.0 0.0 6196.0 16.0 469.0 0.16511381059087152
37 35 33 0.0 0.0 1010.0 0.0 13086.0 31.0 10758.0 0.08706467661691542
37 35 34 0.0 0.0 954.0 0.0 12966.0 26.0 7994.0 0.08796179944709724
37 35 35 0.0 0.0 1136.0 0.0 13496.0 32.0 10554.0 0.08414978662018392
37 35 36 0.0 0.0 1482.0 0.0 13723.0 37.0 17867.0 0.0814048145133155
37 35 37 0.0 0.0 1787.0 0.0 13111.0 34.0 26148.0 0.08279124778237729
37 35 38 0.0 0.0 1938.0 0.0 13530.0 37.0 25764.0 0.08010986495765621
37 35 39 0.0 0.0 2336.0 0.0 12946.0 66.0 33968.0 0.08101851851851852
37 35 40 0.0 0.0 2117.0 0.0 14088.0 44.0 25964.0 0.07688505684002415
37 35 41 0.0 0.0 2136.0 0.0 12797.0 67.0 33075.0 0.0826787928896238
37 35 42 0.0 0.0 2081.0 0.0 12659.0 48.0 32969.0 0.08357709987463434
37 35 43 0.0 0.0 1398.0 0.0 13619.0 31.0 17067.0 0.0822126959891949
37 35 44 0.0 0.0 1073.0 0.0 13284.0 49.0 9358.0 0.08570029382957883
37 35 45 0.0 0.0 735.0 0.0 12092.0 34.0 5627.0 0.09454987505909365
37 35 46 0.0 0.0 411.0 0.0 7977.0 31.0 1012.0 0.13506994693680655
37 35 47 0.0 0.0 487.0 0.0 9331.0 20.0 1655.0 0.11860386309725514
37 35 48 0.0 0.0 23.0 0.0 488.0 6.0 0.0 0.558882235528942
37 36 30 0.0 0.0 0.0 0.0 6.0 0.0 0.0 0.6979062811565303
37 36 31 0.0 0.0 4.0 0.0 167.0 1.0 0.0 0.6451612903225805
37 36 32 0.0 0.0 267.0 0.0 6709.0 20.0 733.0 0.15623256332998545
37 36 33 0.0 0.0 608.0 0.0 10905.0 23.0 2948.0 0.10364995928037313
37 36 34 0.0 0.0 664.0 0.0 11344.0 25.0 3949.0 0.10002143316424948
37 36 35 0.0 0.0 1414.0 0.0 13612.0 45.0 16587.0 0.08227550540667607
37 36 36 0.0 0.0 2132.0 0.0 13715.0 62.0 29298.0 0.07848413499271217
37 36 37 0.0 0.0 2938.0 0.0 12699.0 54.0 43788.0 0.07941009642654565
37 36 38 0.0 0.0 3299.0 0.0 11810.0 57.0 53488.0 0.08181871310852666
37 36 39 0.0 0.0 3834.0 0.0 9153.0 67.0 78774.0 0.09333955597039802
37 36 40 0.0 0.0 4017.0 0.0 10541.0 70.0 68386.0 0.0845359579735523
37 36 41 0.0 0.0 3555.0 0.0 11071.0 63.0 60533.0 0.08417002344736367
37 36 42 0.0 0.0 3075.0 0.0 11632.0 65.0 51856.0 0.08377213977979894
37 36 43 0.0 0.0 2528.0 0.0 12501.0 72.0 39188.0 0.08236263089775267
37 36 44 0.0 0.0 1683.0 0.0 13627.0 39.0 21776.0 0.08090614886731391
37 36 45 0.0 0.0 888.0 0.0 12766.0 31.0 6463.0 0.08948545861297538
37 36 46 0.0 0.0 436.0 0.0 8689.0 20.0 1389.0 0.1260239445494644
37 36 47 0.0 0.0 84.0 0.0 2373.0 10.0 55.0 0.3148897885739991
37 36 48 0.0 0.0 39.0 0.0 929.0 6.0 4.0 0.4724940938238271
37 36 49 0.0 0.0 0.0 0.0 2.0 0.0 0.0 0.6993006993006992
37 37 30 0.0 0.0 0.0 0.0 12.0 0.0 0.0 0.6958250497017892
37 37 31 0.0 0.0 48.0 0.0 1204.0 10.0 9.0 0.43183220234423186
37 37 32 0.0 0.0 317.0 0.0 6435.0 21.0 538.0 0.16032982134677048
37 37 33 0.0 0.0 1138.0 0.0 12985.0 33.0 13639.0 0.08687558175612782
37 37 34 0.0 0.0 1074.0 0.0 13484.0 33.0 8953.0 0.08459725663182065
37 37 35 0.0 0.0 1991.0 0.0 12738.0 50.0 30530.0 0.0836470096194061
37 37 36 0.0 0.0 2639.0 0.0 13043.0 57.0 38726.0 0.0791765637371338
37 37 37 0.0 0.0 3776.0 0.0 8619.0 82.0 84913.0 0.09735067102426813
37 37 38 0.0 0.0 4398.0 0.0 8486.0 83.0 90262.0 0.09406705637304306
37 37 39 0.0 0.0 5203.0 0.0 9734.0 83.0 84720.0 0.08262024195928001
37 37 40 0.0 0.0 4876.0 0.0 7337.0 72.0 105228.0 0.09859154929577464
37 37 41 0.0 0.0 5089.0 0.0 9928.0 80.0 82899.0 0.08225616921269095
37 37 42 0.0 0.0 4097.0 0.0 8570.0 66.0 87517.0 0.09528995371630818
37 37 43 0.0 0.0 3240.0 0.0 12231.0 60.0 49842.0 0.08004116402721398
37 37 44 0.0 0.0 2233.0 0.0 12990.0 48.0 33219.0 0.08123948238844077
37 37 45 0.0 0.0 1539.0 0.0 13545.0 40.0 20204.0 0.08198641368001873
37 37 46 0.0 0.0 1214.0 0.0 13688.0 33.0 12434.0 0.08285494466473338
37 37 47 0.0 0.0 419.0 0.0 8269.0 26.0 1293.0 0.13128282070517627
37 37 48 0.0 0.0 76.0 0.0 2069.0 19.0 23.0 0.3393116820164808
37 37 49 0.0 0.0 0.0 0.0 10.0 0.0 0.0 0.6965174129353233
37 38 30 0.0 0.0 0.0 0.0 4.0 0.0 0.0 0.6986027944111775
37 38 31 0.0 0.0 93.0 0.0 1805.0 9.0 18.0 0.3599897145795834
37 38 32 0.0 0.0 683.0 0.0 11611.0 30.0 4944.0 0.09803235067572298
37 38 33 0.0 0.0 918.0 0.0 12742.0 33.0 7512.0 0.08944543828264757
37 38 34 0.0 0.0 1210.0 0.0 13692.0 39.0 12283.0 0.0829138288421676
37 38 35 0.0 0.0 1931.0 0.0 13168.0 46.0 27194.0 0.0819384291232588
37 38 36 0.0 0.0 3126.0 0.0 12615.0 49.0 46047.0 0.07877560207067295
37 38 37 0.0 0.0 4289.0 0.0 10071.0 73.0 75615.0 0.08552752153460809
37 38 38 0.0 0.0 5523.0 0.0 7965.0 84.0 102361.0 0.09047434406100555
37 38 39 0.0 0.0 4860.0 0.0 5444.0 60.0 126233.0 0.11383964872336964
37 38 40 0.0 0.0 5552.0 1.0 6061.0 64.0 123036.0 0.10272213662044169
37 38 41 0.0 2.0 4402.0 2.0 5117.0 52.0 128344.0 0.1214750542299349
37 38 42 0.0 0.0 5063.0 1.0 8844.0 83.0 93433.0 0.08807247106190234
37 38 43 0.0 0.0 4023.0 1.0 11818.0 60.0 59535.0 0.07840940912909548
37 38 44 0.0 3.0 2841.0 9.0 12481.0 56.0 44048.0 0.08071490343038339
37 38 45 0.0 0.0 2026.0 0.0 13060.0 56.0 29739.0 0.08202964785844025
37 38 46 0.0 0.0 857.0 0.0 12687.0 27.0 7711.0 0.0901248873438908
37 38 47 0.0 0.0 675.0 0.0 11528.0 26.0 4434.0 0.0986540765273765
37 38 48 0.0 0.0 116.0 0.0 2901.0 10.0 62.0 0.2796085480327541
37 38 49 0.0 0.0 0.0 0.0 32.0 0.0 0.0 0.6889763779527558
37 39 30 0.0 0.0 0.0 0.0 1.0 0.0 0.0 0.6996501749125437
37 39 31 0.0 0.0 45.0 0.0 951.0 6.0 6.0 0.4682274247491638
37 39 32 0.0 0.0 146.0 0.0 4365.0 19.0 202.0 0.21558361564521095
37 39 33 0.0 0.0 655.0 0.0 11467.0 22.0 4348.0 0.09919229134192999
37 39 34 0.0 0.0 1284.0 0.0 13256.0 36.0 16226.0 0.08466888418506198
37 39 35 0.0 0.0 2275.0 0.0 13179.0 39.0 32050.0 0.08017409231474057
37 39 36 0.0 0.0 3560.0 0.0 10754.0 83.0 63141.0 0.08594757198109153
37 39 37 0.0 0.0 4798.0 0.0 9524.0 75.0 82670.0 0.08574228319451248
37 39 38 0.0 0.0 6093.0 1.0 8002.0 70.0 105808.0 0.0868917576961271
37 39 39 0.0 1.0 6684.0 4.0 6685.0 79.0 120865.0 0.09102139002665625
37 39 40 0.0 1.0 6592.0 3.0 6369.0 68.0 124243.0 0.09352037408149631
37 39 41 0.0 3.0 6615.0 9.0 7531.0 83.0 112945.0 0.08661758336942398
37 39 42 0.0 3.0 6016.0 4.0 8616.0 83.0 99102.0 0.08411439557798604
37 39 43 0.0 0.0 4353.0 0.0 7350.0 70.0 102476.0 0.1021524990879241
37 39 44 0.0 0.0 3544.0 0.0 11273.0 76.0 58924.0 0.08334821694350181
37 39 45 0.0 0.0 2328.0 0.0 12436.0 66.0 37757.0 0.0835222527144732
37 39 46 0.0 0.0 1388.0 0.0 13282.0 35.0 17878.0 0.08402352658744447
37 39 47 0.0 0.0 509.0 0.0 9421.0 25.0 1751.0 0.11751867707546376
37 39 48 0.0 0.0 137.0 0.0 3220.0 15.0 78.0 0.2620250795433277
37 39 49 0.0 0.0 1.0 0.0 24.0 0.0 0.0 0.6913580246913579
37 40 31 0.0 0.0 2.0 0.0 114.0 1.0 0.0 0.6619385342789597
37 40 32 0.0 0.0 133.0 0.0 3281.0 18.0 80.0 0.2594514455151964
37 40 33 0.0 0.0 711.0 0.0 11647.0 37.0 4104.0 0.09764943851572852
37 40 34 0.0 0.0 1500.0 0.0 13579.0 45.0 18271.0 0.08197681227309989
37 40 35 0.0 0.0 2459.0 0.0 12410.0 60.0 39254.0 0.08299247139723752
37 40 36 0.0 0.0 3414.0 0.0 11689.0 71.0 55654.0 0.08181871310852666
37 40 37 0.0 0.0 4766.0 0.0 10258.0 80.0 77460.0 0.08220786846741045
37 40 38 0.0 0.0 5954.0 1.0 7364.0 73.0 111457.0 0.0913897774006136
37 40 39 0.0 1.0 5160.0 1.0 4669.0 60.0 139096.0 0.1182632201385369
37 40 40 0.0 2.0 6782.0 3.0 5973.0 72.0 129135.0 0.09487023107677711
37 40 41 0.0 2.0 6494.0 5.0 6251.0 75.0 124545.0 0.09487023107677711
37 40 42 0.0 0.0 5752.0 2.0 6800.0 63.0 114611.0 0.09602194787379972
37 40 43 0.0 0.0 5013.0 0.0 8772.0 92.0 92703.0 0.0887648998224702
37 40 44 0.0 0.0 3660.0 0.0 9395.0 56.0 75170.0 0.092899800928998
37 40 45 0.0 0.0 2197.0 0.0 13422.0 51.0 30903.0 0.07948223004428294
37 40 46 0.0 0.0 865.0 0.0 12706.0 27.0 5342.0 0.08999742864489585
37 40 47 0.0 0.0 571.0 0.0 10599.0 25.0 3000.0 0.10639914880680953
37 40 48 0.0 0.0 122.0 0.0 3103.0 19.0 81.0 0.2690238278247502
37 40 49 0.0 0.0 1.0 0.0 36.0 0.0 0.0 0.6876227897838899
37 41 31 0.0 0.0 35.0 0.0 815.0 6.0 4.0 0.4922644163150492
37 41 32 0.0 0.0 46.0 0.0 1065.0 9.0 6.0 0.4516129032258064
37 41 33 0.0 0.0 453.0 0.0 9233.0 26.0 1777.0 0.11991434689507494
37 41 34 0.0 0.0 1285.0 0.0 13665.0 38.0 14424.0 0.08259099758126363
37 41 35 0.0 0.0 1686.0 0.0 13755.0 39.0 21138.0 0.08033972225410306
37 41 36 0.0 0.0 3083.0 0.0 11960.0 56.0 49353.0 0.08205849598499501
37 41 37 0.0 0.0 4454.0 1.0 10835.0 86.0 69207.0 0.08106543138390271
37 41 38 0.0 3.0 5402.0 6.0 7229.0 77.0 110551.0 0.09563494774233212
37 41 39 0.0 4.0 5974.0 4.0 5805.0 62.0 126996.0 0.1015522994342086
37 41 40 0.0 2.0 6362.0 3.0 6118.0 66.0 126676.0 0.09678534393363289
37 41 41 1.0 7.0 5758.0 8.0 5650.0 73.0 128380.0 0.10435301132975551
37 41 42 0.0 1.0 4580.0 5.0 5127.0 64.0 130905.0 0.11945392491467574
37 41 43 0.0 1.0 5227.0 3.0 9222.0 79.0 88069.0 0.08505467800729039
37 41 44 0.0 0.0 3658.0 1.0 11709.0 89.0 56932.0 0.08066839527513683
37 41 45 0.0 0.0 2612.0 0.0 12046.0 67.0 44900.0 0.08410934214478821
37 41 46 0.0 0.0 1270.0 0.0 13704.0 36.0 14354.0 0.08246936852026389
37 41 47 0.0 0.0 736.0 0.0 11800.0 24.0 5499.0 0.096325856612082
37 41 48 0.0 0.0 238.0 0.0 5472.0 27.0 352.0 0.18217306441119063
37 41 49 0.0 0.0 2.0 0.0 70.0 0.0 0.0 0.6760019314340897
37 41 50 0.0 0.0 0.0 0.0 1.0 0.0 0.0 0.6996501749125437
37 42 31 0.0 0.0 0.0 0.0 35.0 0.0 1.0 0.6879606879606879
37 42 32 0.0 0.0 48.0 0.0 1479.0 8.0 11.0 0.3977272727272727
37 42 33 0.0 0.0 547.0 0.0 10026.0 24.0 2519.0 0.11146496815286623
37 42 34 0.0 0.0 1144.0 0.0 13415.0 34.0 11717.0 0.0845461682468748
37 42 35 0.0 0.0 1880.0 0.0 13242.0 56.0 27352.0 0.08178047783164903
37 42 36 0.0 0.0 2307.0 0.0 13574.0 49.0 31673.0 0.0783085356303837
37 42 37 0.0 0.0 3798.0 0.0 10919.0 82.0 63431.0 0.08379219535551831
37 42 38 0.0 0.0 4658.0 0.0 7859.0 79.0 99622.0 0.09641209283107223
37 42 39 0.0 2.0 5526.0 6.0 7446.0 77.0 108241.0 0.09357037829167222
37 42 40 0.0 3.0 5829.0 6.0 6570.0 74.0 117584.0 0.09704699847497572
37 42 41 0.0 0.0 6114.0 1.0 8019.0 85.0 103961.0 0.08674101610904583
37 42 42 0.0 3.0 5341.0 4.0 7684.0 74.0 104224.0 0.09301089556205154
37 42 43 0.0 0.0 4162.0 1.0 7493.0 71.0 100240.0 0.10259416678880257
37 42 44 0.0 0.0 3611.0 0.0 10014.0 70.0 69231.0 0.08957133717210491
37 42 45 0.0 0.0 2194.0 0.0 13653.0 49.0 29762.0 0.07848413499271217
37 42 46 0.0 0.0 1409.0 0.0 13411.0 40.0 18672.0 0.08323919376895178
37 42 47 0.0 0.0 802.0 0.0 12347.0 30.0 6482.0 0.09249471458773784
37 42 48 0.0 0.0 148.0 0.0 3617.0 16.0 122.0 0.24343592418709784
37 42 49 0.0 0.0 151.0 0.0 3361.0 23.0 93.0 0.2549626661810235
37 43 31 0.0 0.0 6.0 0.0 95.0 1.0 0.0 0.6666666666666665
37 43 32 0.0 0.0 163.0 0.0 4140.0 16.0 164.0 0.22261090793448876
37 43 33 0.0 0.0 431.0 0.0 8790.0 20.0 1474.0 0.12491077801570305
37 43 34 0.0 0.0 1028.0 0.0 13331.0 41.0 10084.0 0.08564262555820638
37 43 35 0.0 0.0 1327.0 0.0 13631.0 37.0 15479.0 0.0826104915324246
37 43 36 0.0 0.0 1845.0 0.0 13507.0 55.0 24431.0 0.08071955719557194
37 43 37 0.0 0.0 2744.0 0.0 12854.0 56.0 39991.0 0.0794641843569077
37 43 38 0.0 0.0 4066.0 1.0 9651.0 64.0 76351.0 0.08901888472054428
37 43 39 0.0 0.0 4736.0 0.0 8739.0 64.0 91390.0 0.09031092762224228
37 43 40 0.0 0.0 5172.0 1.0 9310.0 78.0 88274.0 0.08491023774866568
37 43 41 0.0 3.0 4527.0 5.0 7546.0 73.0 100770.0 0.09935419771485345
37 43 42 0.0 4.0 4393.0 21.0 10599.0 82.0 72079.0 0.08234809717075466
37 43 43 0.0 0.0 3806.0 0.0 9828.0 66.0 73839.0 0.0893712097031599
37 43 44 0.0 0.0 2925.0 0.0 12600.0 53.0 43235.0 0.07987676156786672
37 43 45 0.0 0.0 1677.0 0.0 13883.0 39.0 20470.0 0.07967220578192578
37 43 46 0.0 0.0 1196.0 0.0 13234.0 34.0 14514.0 0.0852411105698977
37 43 47 0.0 0.0 824.0 0.0 12356.0 26.0 6377.0 0.09220839096357768
37 43 48 0.0 0.0 181.0 0.0 4220.0 13.0 160.0 0.21909233176838808
37 43 49 0.0 0.0 0.0 0.0 36.0 0.0 0.0 0.6876227897838899
37 43 50 0.0 0.0 0.0 0.0 3.0 0.0 0.0 0.6989515726410384
37 44 30 0.0 0.0 0.0 0.0 2.0 0.0 0.0 0.6993006993006992
37 44 31 0.0 0.0 3.0 0.0 41.0 2.0 0.0 0.6859382655560998
37 44 32 0.0 0.0 21.0 0.0 538.0 6.0 0.0 0.5483744614179396
37 44 33 0.0 0.0 399.0 0.0 8138.0 20.0 1158.0 0.13292821876186856
37 44 34 0.0 0.0 560.0 0.0 10233.0 22.0 2472.0 0.10952045685676287
37 44 35 0.0 0.0 830.0 0.0 12474.0 30.0 6111.0 0.09154515137644673
37 44 36 0.0 0.0 1196.0 0.0 13791.0 32.0 12328.0 0.08241111372733693
37 44 37 0.0 0.0 1966.0 0.0 14143.0 42.0 23522.0 0.07735233990828222
37 44 38 0.0 0.0 2869.0 0.0 12810.0 69.0 41690.0 0.07923930269413629
37 44 39 0.0 0.0 3612.0 1.0 9253.0 69.0 76608.0 0.09418729817007535
37 44 40 0.0 0.0 3350.0 0.0 12180.0 57.0 51117.0 0.0797902655875983
37 44 41 0.0 5.0 3265.0 23.0 11262.0 64.0 56887.0 0.08452064718666988
37 44 42 0.0 0.0 2701.0 1.0 12929.0 53.0 38205.0 0.07931112621799229
37 44 43 0.0 0.0 2458.0 0.0 12288.0 70.0 40759.0 0.08369701679918692
37 44 44 0.0 0.0 2299.0 0.0 12271.0 62.0 37894.0 0.0845461682468748
37 44 45 0.0 0.0 1845.0 0.0 12532.0 51.0 29856.0 0.08548052265233849
37 44 46 0.0 0.0 1273.0 0.0 13112.0 34.0 16647.0 0.08543878921030147
37 44 47 0.0 0.0 202.0 0.0 5139.0 25.0 319.0 0.19123070618767926
37 44 48 0.0 0.0 134.0 0.0 3275.0 10.0 96.0 0.25930727912576396
37 44 49 0.0 0.0 0.0 0.0 10.0 0.0 0.0 0.6965174129353233
37 45 30 0.0 0.0 0.0 0.0 3.0 0.0 0.0 0.6989515726410384
37 45 32 0.0 0.0 2.0 0.0 94.0 0.0 0.0 0.6679389312977099
37 45 33 0.0 0.0 290.0 0.0 5635.0 28.0 371.0 0.17723762501582477
37 45 34 0.0 0.0 709.0 0.0 11658.0 30.0 4618.0 0.09755417740923976
37 45 35 0.0 0.0 637.0 0.0 11286.0 19.0 4174.0 0.10056026432983765
37 45 36 0.0 0.0 1101.0 0.0 13362.0 36.0 10476.0 0.08500819721901753
37 45 37 0.0 0.0 1245.0 0.0 13601.0 46.0 13689.0 0.0831551437396056
37 45 38 0.0 0.0 1911.0 0.0 13368.0 51.0 26906.0 0.08099039685294457
37 45 39 0.0 0.0 2304.0 0.0 12136.0 58.0 38226.0 0.08513743614692287
37 45 40 0.0 0.0 2360.0 0.0 12545.0 54.0 37076.0 0.08285984848484848
37 45 41 0.0 0.0 2039.0 1.0 13754.0 63.0 26136.0 0.0787711697518708
37 45 42 0.0 0.0 1680.0 0.0 13998.0 44.0 19573.0 0.0791765637371338
37 45 43 0.0 0.0 1370.0 0.0 13768.0 34.0 15313.0 0.08169457898115189
37 45 44 0.0 0.0 1155.0 0.0 13389.0 36.0 13733.0 0.08460748171874055
37 45 45 0.0 0.0 1182.0 0.0 13573.0 33.0 12454.0 0.08357211079274116
37 45 46 0.0 0.0 750.0 0.0 12035.0 38.0 5365.0 0.09480598632085052
37 45 47 0.0 0.0 370.0 0.0 7687.0 19.0 1091.0 0.1393450781327759
37 45 48 0.0 0.0 0.0 0.0 57.0 0.0 0.0 0.6806028196402526
37 45 49 0.0 0.0 1.0 0.0 11.0 0.0 0.0 0.6958250497017892
37 46 30 0.0 0.0 1.0 0.0 26.0 1.0 0.0 0.6910167818361302
37 46 32 0.0 0.0 0.0 0.0 14.0 0.0 0.0 0.6951340615690167
37 46 33 0.0 0.0 30.0 0.0 771.0 6.0 1.0 0.5008944543828264
37 46 34 0.0 0.0 66.0 0.0 1332.0 17.0 9.0 0.41407867494824013
37 46 35 0.0 0.0 202.0 0.0 4406.0 15.0 133.0 0.21231422505307854
37 46 36 0.0 0.0 359.0 0.0 7712.0 18.0 917.0 0.139137348439674
37 46 37 0.0 0.0 837.0 0.0 12358.0 34.0 5510.0 0.09220839096357768
37 46 38 0.0 0.0 1097.0 0.0 13430.0 39.0 10370.0 0.08475602373168664
37 46 39 0.0 0.0 1254.0 0.0 13463.0 39.0 14578.0 0.08372204281784475
37 46 40 0.0 0.0 1104.0 0.0 13367.0 37.0 11246.0 0.08503401360544216
37 46 41 0.0 0.0 781.0 0.0 12155.0 28.0 6237.0 0.0937834941050375
37 46 42 0.0 0.0 702.0 0.0 11588.0 30.0 4407.0 0.0980804259492784
37 46 43 0.0 0.0 560.0 0.0 10376.0 24.0 2752.0 0.10834236186348861
37 46 44 0.0 0.0 603.0 0.0 11032.0 28.0 3253.0 0.1027749229188078
37 46 45 0.0 0.0 472.0 0.0 9437.0 20.0 1821.0 0.11773610293499283
37 46 46 0.0 0.0 360.0 0.0 7904.0 19.0 1150.0 0.13659869255537122
37 46 47 0.0 0.0 72.0 0.0 1778.0 13.0 16.0 0.3648683867604899
37 46 48 0.0 0.0 3.0 0.0 45.0 0.0 0.0 0.6835937499999999
37 46 49 0.0 0.0 1.0 0.0 16.0 0.0 0.0 0.694100148735746
37 47 32 0.0 0.0 0.0 0.0 1.0 0.0 0.0 0.6996501749125437
37 47 33 0.0 0.0 0.0 0.0 9.0 0.0 0.0 0.6968641114982577
37 47 34 0.0 0.0 13.0 0.0 306.0 1.0 0.0 0.6039689387402932
37 47 35 0.0 0.0 24.0 0.0 584.0 5.0 3.0 0.5378409527468304
37 47 36 0.0 0.0 83.0 0.0 1974.0 14.0 32.0 0.3462775166955231
37 47 37 0.0 0.0 270.0 0.0 6387.0 20.0 547.0 0.16201828492072673
37 47 38 0.0 0.0 321.0 0.0 7485.0 28.0 907.0 0.14316392269148173
37 47 39 0.0 0.0 709.0 0.0 11784.0 37.0 5366.0 0.09672516236009394
37 47 40 0.0 0.0 371.0 0.0 8126.0 26.0 1180.0 0.1336770743817435
37 47 41 0.0 0.0 588.0 0.0 10679.0 22.0 2735.0 0.10562052055827989
37 47 42 0.0 0.0 259.0 0.0 6254.0 14.0 520.0 0.16470588235294115
37 47 43 0.0 0.0 233.0 0.0 4996.0 20.0 227.0 0.19401330376940132
37 47 44 0.0 0.0 197.0 0.0 4140.0 23.0 142.0 0.22172949002217293
37 47 45 0.0 0.0 47.0 0.0 1063.0 12.0 4.0 0.4519044544867656
37 47 46 0.0 0.0 1.0 0.0 156.0 0.0 0.0 0.6493506493506492
37 47 47 0.0 0.0 8.0 0.0 129.0 2.0 0.0 0.6557377049180326
37 47 48 0.0 0.0 0.0 0.0 4.0 0.0 0.0 0.6986027944111775
37 48 33 0.0 0.0 0.0 0.0 1.0 0.0 0.0 0.6996501749125437
37 48 35 0.0 0.0 0.0 0.0 23.0 0.0 0.0 0.6920415224913494
37 48 36 0.0 0.0 9.0 0.0 199.0 5.0 0.0 0.6354970494779845
37 48 37 0.0 0.0 170.0 0.0 3471.0 10.0 83.0 0.24857954545454541
37 48 38 0.0 0.0 50.0 0.0 1177.0 13.0 5.0 0.4357298474945533
37 48 39 0.0 0.0 273.0 0.0 5356.0 13.0 280.0 0.18375114844467774
37 48 40 0.0 0.0 47.0 0.0 1251.0 7.0 5.0 0.42553191489361697
37 48 41 0.0 0.0 28.0 0.0 853.0 6.0 3.0 0.48712595685455806
37 48 42 0.0 0.0 138.0 0.0 3127.0 16.0 62.0 0.2666158826890116
37 48 43 0.0 0.0 440.0 0.0 8599.0 23.0 1432.0 0.1269265639165911
37 48 44 0.0 0.0 3.0 0.0 245.0 0.0 0.0 0.6227758007117437
37 48 45 0.0 0.0 1.0 0.0 29.0 0.0 0.0 0.6899950714637751
37 48 46 0.0 0.0 0.0 0.0 2.0 0.0 0.0 0.6993006993006992
37 48 47 0.0 0.0 0.0 0.0 3.0 0.0 0.0 0.6989515726410384
37 48 48 0.0 0.0 0.0 0.0 9.0 0.0 0.0 0.6968641114982577
37 49 35 0.0 0.0 0.0 0.0 3.0 0.0 0.0 0.6989515726410384
37 49 36 0.0 0.0 0.0 0.0 48.0 0.0 0.0 0.6835937499999999
37 49 37 0.0 0.0 2.0 0.0 98.0 0.0 0.0 0.6666666666666665
37 49 38 0.0 0.0 0.0 0.0 50.0 0.0 0.0 0.6829268292682925
37 49 39 0.0 0.0 13.0 0.0 222.0 4.0 1.0 0.6275212909009411
37 49 40 0.0 0.0 11.0 0.0 269.0 3.0 0.0 0.6148440931049626
37 49 41 0.0 0.0 0.0 0.0 30.0 0.0 0.0 0.689655172413793
37 49 42 0.0 0.0 10.0 0.0 245.0 1.0 1.0 0.6211180124223601
37 49 43 0.0 0.0 12.0 0.0 162.0 4.0 0.0 0.6451612903225805
37 49 44 0.0 0.0 2.0 0.0 75.0 1.0 0.0 0.6743737957610789
37 49 45 0.0 0.0 0.0 0.0 1.0 0.0 0.0 0.6996501749125437
37 50 36 0.0 0.0 0.0 0.0 6.0 0.0 0.0 0.6979062811565303
37 50 38 0.0 0.0 0.0 0.0 3.0 0.0 0.0 0.6989515726410384
37 50 39 0.0 0.0 0.0 0.0 2.0 0.0 0.0 0.6993006993006992
38 30 36 0.0 0.0 0.0 0.0 1.0 0.0 0.0 0.6996501749125437
38 30 37 0.0 0.0 0.0 0.0 15.0 0.0 0.0 0.694789081885856
38 30 39 0.0 0.0 0.0 0.0 2.0 0.0 0.0 0.6993006993006992
38 30 40 0.0 0.0 0.0 0.0 2.0 0.0 0.0 0.6996501749125437
38 30 41 0.0 0.0 2.0 0.0 12.0 1.0 0.0 0.695479384003974
38 30 42 0.0 0.0 0.0 0.0 4.0 0.0 0.0 0.6986027944111775
38 31 33 0.0 0.0 0.0 0.0 2.0 0.0 0.0 0.6993006993006992
38 31 34 0.0 0.0 2.0 0.0 14.0 1.0 0.0 0.694789081885856
38 31 36 0.0 0.0 0.0 0.0 27.0 1.0 0.0 0.6910167818361302
38 31 37 0.0 0.0 15.0 0.0 342.0 3.0 0.0 0.5949851253718657
38 31 38 0.0 0.0 9.0 0.0 347.0 3.0 1.0 0.5949851253718657
38 31 39 0.0 0.0 49.0 0.0 1249.0 14.0 10.0 0.4264392324093816
38 31 40 0.0 0.0 0.0 0.0 69.0 0.0 1.0 0.6766553890768486
38 31 41 0.0 0.0 11.0 0.0 373.0 3.0 1.0 0.588235294117647
38 31 42 0.0 0.0 1.0 0.0 25.0 0.0 0.0 0.6913580246913579
38 31 43 0.0 0.0 0.0 0.0 4.0 0.0 0.0 0.6986027944111775
38 31 44 0.0 0.0 0.0 0.0 2.0 0.0 0.0 0.6993006993006992
38 32 32 0.0 0.0 9.0 0.0 147.0 2.0 1.0 0.649953574744661
38 32 33 0.0 0.0 0.0 0.0 11.0 0.0 0.0 0.6965174129353233
38 32 34 0.0 0.0 23.0 0.0 500.0 4.0 2.0 0.5557761016276299
38 32 35 0.0 0.0 39.0 0.0 755.0 7.0 1.0 0.5026929982046677
38 32 36 0.0 0.0 109.0 0.0 2551.0 15.0 46.0 0.30146425495262696
38 32 37 0.0 0.0 478.0 0.0 9124.0 31.0 1616.0 0.12087722327749954
38 32 38 0.0 0.0 515.0 0.0 9818.0 24.0 2377.0 0.11360869918039437
38 32 39 0.0 0.0 173.0 0.0 4177.0 14.0 142.0 0.2209595959595959
38 32 40 0.0 0.0 207.0 0.0 4930.0 21.0 257.0 0.19660160089875017
38 32 41 0.0 0.0 184.0 0.0 4429.0 14.0 207.0 0.21205695243865494
38 32 42 0.0 0.0 165.0 0.0 3526.0 16.0 93.0 0.24656569214512147
38 32 43 0.0 0.0 27.0 0.0 768.0 7.0 2.0 0.5021520803443327
38 32 44 0.0 0.0 7.0 0.0 126.0 4.0 1.0 0.6575857209957726
38 32 45 0.0 0.0 6.0 0.0 119.0 4.0 0.0 0.66006600660066
38 32 46 0.0 0.0 0.0 0.0 15.0 0.0 0.0 0.694789081885856
38 32 47 0.0 0.0 2.0 0.0 32.0 2.0 0.0 0.6889763779527558
38 33 31 0.0 0.0 0.0 0.0 7.0 0.0 0.0 0.6975585450921773
38 33 32 0.0 0.0 16.0 0.0 505.0 4.0 1.0 0.5562177195073499
38 33 33 0.0 0.0 62.0 0.0 1705.0 14.0 21.0 0.3730349054090061
38 33 34 0.0 0.0 122.0 0.0 3214.0 10.0 69.0 0.2629107981220657
38 33 35 0.0 0.0 342.0 0.0 7149.0 23.0 759.0 0.147741663149008
38 33 36 0.0 0.0 332.0 0.0 7212.0 17.0 796.0 0.14690451206715632
38 33 37 0.0 0.0 935.0 0.0 12791.0 44.0 7981.0 0.08911521323997454
38 33 38 0.0 0.0 523.0 0.0 10503.0 21.0 3123.0 0.1075681905493661
38 33 39 0.0 0.0 463.0 0.0 9173.0 24.0 1640.0 0.12056493282810885
38 33 40 0.0 0.0 676.0 0.0 11415.0 31.0 3625.0 0.0994671403197158
38 33 41 0.0 0.0 527.0 0.0 9929.0 28.0 2222.0 0.11259449895447964
38 33 42 0.0 0.0 576.0 0.0 10420.0 21.0 2733.0 0.10778350912310417
38 33 43 0.0 0.0 229.0 0.0 5118.0 18.0 231.0 0.19104803493449776
38 33 44 0.0 0.0 341.0 0.0 6990.0 20.0 668.0 0.15023071144972636
38 33 45 0.0 0.0 72.0 0.0 1885.0 11.0 15.0 0.35478966041561066
38 33 46 0.0 0.0 119.0 0.0 3253.0 13.0 99.0 0.26114530871106134
38 33 47 0.0 0.0 0.0 0.0 31.0 0.0 0.0 0.689655172413793
38 33 48 0.0 0.0 0.0 0.0 4.0 0.0 0.0 0.6986027944111775
38 34 31 0.0 0.0 42.0 0.0 839.0 9.0 3.0 0.48746518105849573
38 34 32 0.0 0.0 80.0 0.0 1700.0 14.0 13.0 0.3716485266790549
38 34 33 0.0 0.0 197.0 0.0 5012.0 15.0 291.0 0.19463367162519113
38 34 34 0.0 0.0 803.0 0.0 12291.0 34.0 6177.0 0.09287514926363273
38 34 35 0.0 0.0 1060.0 0.0 13067.0 34.0 10907.0 0.08686480114165165
38 34 36 0.0 0.0 767.0 0.0 12211.0 29.0 7222.0 0.09348290598290597
38 34 37 0.0 0.0 1005.0 0.0 13196.0 31.0 8178.0 0.08641975308641973
38 34 38 0.0 0.0 1636.0 0.0 13490.0 38.0 22560.0 0.08172796263864564
38 34 39 0.0 0.0 1407.0 0.0 13788.0 36.0 16157.0 0.08138588536216719
38 34 40 0.0 0.0 1693.0 0.0 13485.0 36.0 22943.0 0.08155181452787323
38 34 41 0.0 0.0 1170.0 0.0 13942.0 37.0 10744.0 0.08186177055315168
38 34 42 0.0 0.0 1121.0 0.0 13452.0 21.0 10688.0 0.08444927011702255
38 34 43 0.0 0.0 634.0 0.0 11426.0 18.0 4617.0 0.09955201592832254
38 34 44 0.0 0.0 443.0 0.0 8546.0 22.0 1128.0 0.1275858926455846
38 34 45 0.0 0.0 704.0 0.0 11776.0 35.0 4801.0 0.09683220362429104
38 34 46 0.0 0.0 198.0 0.0 4981.0 17.0 272.0 0.19544883428730978
38 34 47 0.0 0.0 351.0 0.0 6605.0 18.0 471.0 0.15654702001565468
38 34 48 0.0 0.0 3.0 0.0 75.0 0.0 0.0 0.6737247353224253
38 35 30 0.0 0.0 0.0 0.0 1.0 0.0 0.0 0.6996501749125437
38 35 31 0.0 0.0 3.0 0.0 83.0 0.0 0.0 0.6711409395973154
38 35 32 0.0 0.0 442.0 0.0 8761.0 23.0 1427.0 0.12519002056693193
38 35 33 0.0 0.0 549.0 0.0 9785.0 27.0 1976.0 0.11368250101502232
38 35 34 0.0 0.0 1097.0 0.0 13359.0 37.0 10581.0 0.08514779223938693
38 35 35 0.0 0.0 2012.0 0.0 11574.0 43.0 38496.0 0.0898242012062107
38 35 36 0.0 0.0 1566.0 0.0 14027.0 35.0 17460.0 0.07954997443036535
38 35 37 0.0 0.0 1516.0 0.0 14477.0 40.0 14605.0 0.07786429365962179
38 35 38 0.0 0.0 2122.0 0.0 13125.0 54.0 30753.0 0.08119707690523141
38 35 39 0.0 0.0 2723.0 0.0 12408.0 62.0 43295.0 0.08171842166705579
38 35 40 0.0 0.0 2627.0 0.0 13041.0 72.0 37430.0 0.07935158419769879
38 35 41 0.0 0.0 2685.0 0.0 12798.0 71.0 40668.0 0.08007778985300006
38 35 42 0.0 0.0 2194.0 0.0 12630.0 69.0 34121.0 0.08330853912526033
38 35 43 0.0 0.0 1650.0 0.0 13834.0 38.0 20791.0 0.08008237043816496
38 35 44 0.0 0.0 1111.0 0.0 13639.0 29.0 10336.0 0.08353720389044691
38 35 45 0.0 0.0 1203.0 0.0 13642.0 36.0 12534.0 0.08310578178796152
38 35 46 0.0 0.0 420.0 0.0 8294.0 22.0 1153.0 0.13085335078044674
38 35 47 0.0 0.0 164.0 0.0 4149.0 19.0 150.0 0.2223634053367217
38 35 48 0.0 0.0 10.0 0.0 225.0 7.0 0.0 0.6289308176100628
38 36 30 0.0 0.0 0.0 0.0 14.0 0.0 0.0 0.6951340615690167
38 36 31 0.0 0.0 87.0 0.0 2206.0 16.0 36.0 0.3273322422258592
38 36 32 0.0 0.0 204.0 0.0 5024.0 17.0 299.0 0.19409399694995144
38 36 33 0.0 0.0 1037.0 0.0 13015.0 47.0 10774.0 0.08734169318110924
38 36 34 0.0 0.0 1512.0 0.0 13326.0 40.0 19823.0 0.08312058421896336
38 36 35 0.0 0.0 1804.0 0.0 14077.0 49.0 21195.0 0.07837429323181995
38 36 36 0.0 0.0 2776.0 0.0 12636.0 57.0 41967.0 0.08039508441483863
38 36 37 0.0 0.0 3425.0 0.0 10467.0 54.0 62788.0 0.08805031446540879
38 36 38 0.0 0.0 3813.0 0.0 11903.0 78.0 57025.0 0.07905138339920947
38 36 39 0.0 0.0 4368.0 0.0 11020.0 75.0 69383.0 0.08049215201517851
38 36 40 0.0 0.0 4497.0 0.0 9852.0 64.0 79283.0 0.08551184949914488
38 36 41 0.0 0.0 4273.0 0.0 10229.0 66.0 74466.0 0.08475089291119317
38 36 42 0.0 0.0 3358.0 0.0 12338.0 68.0 49678.0 0.079078174423859
38 36 43 0.0 0.0 2570.0 0.0 13614.0 60.0 35278.0 0.07696113462701336
38 36 44 0.0 0.0 2304.0 0.0 12295.0 72.0 38351.0 0.084433990712261
38 36 45 0.0 0.0 1144.0 0.0 13539.0 28.0 10862.0 0.08394291881520566
38 36 46 0.0 0.0 1192.0 0.0 13351.0 32.0 12678.0 0.08458192363460608
38 36 47 0.0 0.0 349.0 0.0 7586.0 22.0 856.0 0.1411717253201573
38 36 48 0.0 0.0 10.0 0.0 396.0 3.0 0.0 0.5828476269775186
38 36 49 0.0 0.0 0.0 0.0 5.0 0.0 0.0 0.6982543640897755
38 37 30 0.0 0.0 0.0 0.0 9.0 0.0 0.0 0.6968641114982577
38 37 31 0.0 0.0 251.0 0.0 5709.0 24.0 403.0 0.17638906387803951
38 37 32 0.0 0.0 548.0 0.0 9963.0 29.0 2057.0 0.11205378581719223
38 37 33 0.0 0.0 682.0 0.0 11544.0 22.0 4091.0 0.0984736582964057
38 37 34 0.0 0.0 2115.0 0.0 11765.0 59.0 38007.0 0.08818342151675483
38 37 35 0.0 0.0 2174.0 0.0 13495.0 45.0 30112.0 0.07918999943435713
38 37 36 0.0 0.0 3506.0 0.0 11568.0 69.0 56494.0 0.08199121522693996
38 37 37 0.0 0.0 4721.0 0.0 9954.0 81.0 78518.0 0.08392279103225031
38 37 38 0.0 0.0 5370.0 0.0 8950.0 73.0 93368.0 0.0857685474483857
38 37 39 0.0 0.0 5462.0 0.0 6706.0 73.0 115880.0 0.09881422924901184
38 37 40 0.0 0.0 6476.0 0.0 7933.0 78.0 107422.0 0.08535024080960799
38 37 41 0.0 0.0 5689.0 0.0 7906.0 90.0 103936.0 0.08981267641775724
38 37 42 0.0 0.0 5158.0 0.0 9472.0 63.0 86249.0 0.08404874827399891
38 37 43 0.0 0.0 4003.0 0.0 10148.0 76.0 72552.0 0.08670341239858796
38 37 44 0.0 0.0 2904.0 0.0 11403.0 53.0 50371.0 0.08581586367537083
38 37 45 0.0 0.0 2157.0 0.0 12538.0 53.0 34131.0 0.08386246555648735
38 37 46 0.0 0.0 1140.0 0.0 13517.0 36.0 11681.0 0.08403361344537814
38 37 47 0.0 0.0 725.0 0.0 11876.0 30.0 5934.0 0.09593640786678544
38 37 48 0.0 0.0 111.0 0.0 3158.0 12.0 92.0 0.26615969581749044
38 37 49 0.0 0.0 20.0 0.0 433.0 3.0 1.0 0.5714285714285713
38 38 30 0.0 0.0 1.0 0.0 29.0 1.0 0.0 0.6899950714637751
38 38 31 0.0 0.0 6.0 0.0 274.0 1.0 0.0 0.6143045195261079
38 38 32 0.0 0.0 313.0 0.0 6759.0 17.0 599.0 0.1545595054095827
38 38 33 0.0 0.0 1291.0 0.0 13460.0 29.0 14509.0 0.08356712230645257
38 38 34 0.0 0.0 2160.0 0.0 12391.0 58.0 35871.0 0.08461259518916958
38 38 35 0.0 0.0 2629.0 0.0 12863.0 53.0 38004.0 0.08010986495765621
38 38 36 0.0 0.0 4144.0 0.0 10965.0 76.0 68081.0 0.08189050070191857
38 38 37 0.0 0.0 5663.0 1.0 8718.0 91.0 95033.0 0.08548052265233849
38 38 38 0.0 0.0 5041.0 0.0 5092.0 70.0 132264.0 0.11542583889850769
38 38 39 0.0 0.0 6255.0 0.0 5152.0 71.0 136877.0 0.1044698156853966
38 38 40 0.0 4.0 7092.0 6.0 5966.0 63.0 130502.0 0.09285051067780872
38 38 41 0.0 0.0 5796.0 1.0 4916.0 43.0 137612.0 0.10999371464487744
38 38 42 0.0 0.0 5481.0 2.0 6364.0 78.0 119387.0 0.101010101010101
38 38 43 0.0 0.0 4877.0 1.0 8802.0 86.0 90497.0 0.089354097523615
38 38 44 0.0 0.0 3462.0 0.0 11123.0 70.0 59654.0 0.08435259384226064
38 38 45 0.0 0.0 2515.0 0.0 12512.0 50.0 39557.0 0.08209217778820217
38 38 46 0.0 0.0 1145.0 0.0 13806.0 34.0 10359.0 0.08258125405532943
38 38 47 0.0 0.0 328.0 0.0 7560.0 21.0 908.0 0.1418152350081037
38 38 48 0.0 0.0 257.0 0.0 5558.0 20.0 329.0 0.1795332136445242
38 38 49 0.0 0.0 0.0 0.0 37.0 0.0 0.0 0.6872852233676975
38 39 31 0.0 0.0 0.0 0.0 132.0 1.0 0.0 0.6569685593618019
38 39 32 0.0 0.0 489.0 0.0 9297.0 28.0 1725.0 0.11894647408666098
38 39 33 0.0 0.0 830.0 0.0 12375.0 31.0 6542.0 0.09215376513954711
38 39 34 0.0 0.0 1864.0 0.0 12521.0 51.0 31138.0 0.08544921874999999
38 39 35 0.0 0.0 3210.0 0.0 11647.0 54.0 53186.0 0.08299247139723752
38 39 36 0.0 0.0 4403.0 0.0 10539.0 71.0 73373.0 0.08263487191594852
38 39 37 0.0 5.0 5720.0 7.0 7388.0 94.0 108949.0 0.09267227113258754
38 39 38 0.0 0.0 6850.0 2.0 5813.0 72.0 130933.0 0.09549143987449696
38 39 39 0.0 4.0 5306.0 2.0 3464.0 39.0 155038.0 0.13003901170351104
38 39 40 0.0 9.0 5198.0 9.0 3123.0 49.0 158274.0 0.13525263259588444
38 39 41 0.0 10.0 7132.0 15.0 5082.0 79.0 139222.0 0.09843903810997047
38 39 42 0.0 5.0 6714.0 5.0 6493.0 56.0 123526.0 0.09179725919611827
38 39 43 0.0 3.0 5603.0 10.0 9280.0 72.0 90759.0 0.08276677505172922
38 39 44 0.0 0.0 4065.0 0.0 9319.0 66.0 79400.0 0.09102139002665625
38 39 45 0.0 0.0 2689.0 0.0 12459.0 68.0 42125.0 0.08169457898115189
38 39 46 0.0 0.0 1342.0 0.0 13814.0 37.0 14952.0 0.08156131663268278
38 39 47 0.0 0.0 536.0 0.0 10330.0 25.0 2919.0 0.10890704006223258
38 39 48 0.0 0.0 338.0 0.0 7101.0 17.0 752.0 0.1485096000848626
38 39 49 0.0 0.0 44.0 0.0 645.0 11.0 1.0 0.5227781926811051
38 40 31 0.0 0.0 7.0 0.0 202.0 4.0 0.0 0.6352087114337567
38 40 32 0.0 0.0 242.0 0.0 5657.0 24.0 339.0 0.1776424311635579
38 40 33 0.0 0.0 834.0 0.0 12391.0 29.0 6223.0 0.09200841219768663
38 40 34 0.0 0.0 1695.0 0.0 13621.0 44.0 21454.0 0.08082674210495928
38 40 35 0.0 0.0 3346.0 0.0 10464.0 69.0 63081.0 0.0884452587023817
38 40 36 0.0 0.0 4402.0 0.0 10121.0 70.0 75332.0 0.08480222908716456
38 40 37 0.0 0.0 5979.0 0.0 8933.0 62.0 96010.0 0.08266902863891348
38 40 38 1.0 0.0 6675.0 1.0 5533.0 70.0 133988.0 0.0986262768580486
38 40 39 0.0 10.0 5759.0 13.0 3486.0 51.0 154549.0 0.12413548501507357
38 40 40 0.0 17.0 6383.0 17.0 3472.0 53.0 155892.0 0.11757789535567312
38 40 41 0.0 20.0 5902.0 25.0 3689.0 53.0 152780.0 0.12030592076995789
38 40 42 0.0 11.0 6308.0 19.0 5151.0 74.0 136145.0 0.10388839418224992
38 40 43 0.0 12.0 5890.0 23.0 7875.0 71.0 104171.0 0.08858516831181978
38 40 44 0.0 2.0 4208.0 6.0 11645.0 76.0 62144.0 0.07837868099876832
38 40 45 0.0 0.0 2403.0 0.0 12870.0 38.0 35644.0 0.08093889113719141
38 40 46 0.0 0.0 1706.0 0.0 13538.0 51.0 22758.0 0.08120178643930166
38 40 47 0.0 0.0 827.0 0.0 12358.0 23.0 6004.0 0.09221446449743116
38 40 48 0.0 0.0 195.0 0.0 4569.0 18.0 183.0 0.2075303883782982
38 40 49 0.0 0.0 0.0 0.0 51.0 0.0 0.0 0.68259385665529
38 40 50 0.0 0.0 0.0 0.0 1.0 0.0 0.0 0.6996501749125437
38 41 30 0.0 0.0 0.0 0.0 2.0 0.0 0.0 0.6993006993006992
38 41 31 0.0 0.0 3.0 0.0 56.0 0.0 0.0 0.6799417192812044
38 41 32 0.0 0.0 337.0 0.0 6890.0 23.0 715.0 0.15205821657434557
38 41 33 0.0 0.0 706.0 0.0 11732.0 20.0 4907.0 0.09696633882809252
38 41 34 0.0 0.0 1513.0 0.0 14034.0 46.0 17202.0 0.07978117164349212
38 41 35 0.0 0.0 2687.0 0.0 12542.0 65.0 41115.0 0.08129137150156776
38 41 36 0.0 0.0 3893.0 0.0 11472.0 66.0 61006.0 0.0805616296466797
38 41 37 0.0 0.0 5511.0 1.0 8975.0 84.0 92710.0 0.08493599466116604
38 41 38 0.0 3.0 6816.0 5.0 6840.0 79.0 118200.0 0.08937691521961184
38 41 39 0.0 12.0 6056.0 9.0 4231.0 60.0 146816.0 0.11367327054238388
38 41 40 0.0 16.0 4975.0 22.0 3060.0 29.0 158189.0 0.13899920571882443
38 41 41 0.0 21.0 6274.0 24.0 4153.0 63.0 147885.0 0.11234151821537473
38 41 42 0.0 8.0 6179.0 13.0 5381.0 68.0 132587.0 0.10308519254841321
38 41 43 0.0 1.0 5526.0 10.0 8297.0 71.0 99867.0 0.08837268021714428
38 41 44 0.0 0.0 4086.0 0.0 10694.0 80.0 68622.0 0.08348738744111156
38 41 45 0.0 0.0 2801.0 0.0 11853.0 54.0 46751.0 0.08411439557798604
38 41 46 0.0 0.0 1685.0 0.0 13285.0 43.0 24047.0 0.0824742268041237
38 41 47 0.0 0.0 592.0 0.0 10617.0 24.0 3066.0 0.10609275538041829
38 41 48 0.0 0.0 259.0 0.0 5503.0 17.0 373.0 0.18062185524448454
38 41 49 0.0 0.0 0.0 0.0 61.0 0.0 0.0 0.6792819019893255
38 41 50 0.0 0.0 0.0 0.0 2.0 0.0 0.0 0.6993006993006992
38 42 30 0.0 0.0 0.0 0.0 1.0 0.0 0.0 0.6996501749125437
38 42 31 0.0 0.0 5.0 0.0 171.0 3.0 0.0 0.6442705936493326
38 42 32 0.0 0.0 120.0 0.0 3104.0 17.0 72.0 0.2688688304205876
38 42 33 0.0 0.0 677.0 0.0 11413.0 27.0 3905.0 0.09948834565093802
38 42 34 0.0 0.0 1447.0 0.0 13456.0 34.0 18703.0 0.08278635207852876
38 42 35 0.0 0.0 2052.0 0.0 12632.0 45.0 32340.0 0.08389764487325461
38 42 36 0.0 0.0 3414.0 0.0 11309.0 63.0 58306.0 0.08357709987463434
38 42 37 0.0 0.0 4635.0 0.0 10534.0 89.0 73330.0 0.08163265306122448
38 42 38 0.0 1.0 5964.0 2.0 8379.0 91.0 101497.0 0.08560596795890912
38 42 39 0.0 7.0 5206.0 9.0 4950.0 54.0 136082.0 0.11513157894736842
38 42 40 0.0 19.0 5260.0 22.0 4359.0 43.0 142436.0 0.11982197877439231
38 42 41 0.0 7.0 5616.0 18.0 4855.0 54.0 137233.0 0.11192836584585865
38 42 42 0.0 12.0 6422.0 30.0 7750.0 82.0 108408.0 0.08640908529811134
38 42 43 0.0 3.0 5081.0 6.0 8525.0 89.0 94853.0 0.08969759097898512
38 42 44 0.0 2.0 3971.0 12.0 10643.0 66.0 68815.0 0.0841194496184582
38 42 45 0.0 0.0 2769.0 0.0 12348.0 73.0 43587.0 0.08180437069066261
38 42 46 0.0 0.0 1733.0 0.0 13018.0 43.0 25705.0 0.0835571471202626
38 42 47 0.0 0.0 925.0 0.0 12775.0 37.0 8090.0 0.08925156190233328
38 42 48 0.0 0.0 505.0 0.0 9688.0 13.0 2054.0 0.11484823625922885
38 42 49 0.0 0.0 19.0 0.0 301.0 1.0 0.0 0.6037084950409658
38 42 50 0.0 0.0 0.0 0.0 2.0 0.0 0.0 0.6993006993006992
38 43 30 0.0 0.0 0.0 0.0 4.0 0.0 0.0 0.6986027944111775
38 43 31 0.0 0.0 0.0 0.0 54.0 0.0 0.0 0.6815968841285296
38 43 32 0.0 0.0 459.0 0.0 9110.0 18.0 1547.0 0.12110726643598613
38 43 33 0.0 0.0 562.0 0.0 10483.0 27.0 2805.0 0.1074031453778289
38 43 34 0.0 0.0 1365.0 0.0 12782.0 25.0 19767.0 0.08665511265164644
38 43 35 0.0 0.0 1604.0 0.0 14094.0 48.0 18154.0 0.07912733849545017
38 43 36 0.0 0.0 2753.0 0.0 12401.0 61.0 43024.0 0.08163265306122448
38 43 37 0.0 1.0 3713.0 4.0 10869.0 73.0 64697.0 0.08434243026688354
38 43 38 0.0 3.0 4890.0 7.0 10281.0 76.0 77912.0 0.0815090824406148
38 43 39 0.0 6.0 4769.0 17.0 6478.0 67.0 114977.0 0.1056045862563174
38 43 40 0.0 6.0 5599.0 9.0 7696.0 90.0 105685.0 0.09147935180345007
38 43 41 0.0 22.0 5464.0 60.0 8849.0 88.0 94244.0 0.08542836221625578
38 43 42 0.0 5.0 5025.0 13.0 9163.0 64.0 87621.0 0.08636644046884638
38 43 43 0.0 1.0 4150.0 5.0 10802.0 70.0 67412.0 0.08255690529543577
38 43 44 0.0 0.0 3346.0 0.0 9453.0 74.0 71682.0 0.09458820349976352
38 43 45 0.0 0.0 2358.0 0.0 12655.0 54.0 36582.0 0.08228034087569791
38 43 46 0.0 0.0 1310.0 0.0 13845.0 36.0 14282.0 0.08160886039055668
38 43 47 0.0 0.0 563.0 0.0 10785.0 26.0 3696.0 0.10497900419916015
38 43 48 0.0 0.0 264.0 0.0 5909.0 22.0 406.0 0.17163172735074167
38 43 49 0.0 0.0 4.0 0.0 169.0 0.0 0.0 0.64486411791801
38 43 50 0.0 0.0 0.0 0.0 3.0 0.0 0.0 0.6989515726410384
38 44 30 0.0 0.0 0.0 0.0 2.0 0.0 0.0 0.6993006993006992
38 44 31 0.0 0.0 32.0 0.0 717.0 10.0 2.0 0.511135450894487
38 44 32 0.0 0.0 83.0 0.0 1874.0 19.0 18.0 0.355691056910569
38 44 33 0.0 0.0 298.0 0.0 6531.0 16.0 555.0 0.15882019285309132
38 44 34 0.0 0.0 1377.0 0.0 13011.0 46.0 19242.0 0.08541793776693105
38 44 35 0.0 0.0 1401.0 0.0 13623.0 41.0 17978.0 0.08229485069362802
38 44 36 0.0 0.0 2231.0 0.0 12189.0 60.0 36480.0 0.08527745629530364
38 44 37 0.0 0.0 2905.0 0.0 11552.0 61.0 50396.0 0.08505467800729039
38 44 38 0.0 1.0 3386.0 2.0 11317.0 64.0 56606.0 0.08372704981759464
38 44 39 0.0 0.0 3832.0 1.0 12065.0 80.0 56470.0 0.07819918449421884
38 44 40 0.0 1.0 3977.0 2.0 9029.0 75.0 81563.0 0.09329601492736238
38 44 41 0.0 2.0 3758.0 12.0 11847.0 71.0 57738.0 0.07947771785410161
38 44 42 0.0 0.0 3409.0 8.0 11056.0 60.0 58646.0 0.08487935006669091
38 44 43 0.0 0.0 2854.0 0.0 12494.0 62.0 43010.0 0.0807474910600992
38 44 44 0.0 1.0 2073.0 4.0 13403.0 56.0 29272.0 0.0800869515473943
38 44 45 0.0 0.0 1785.0 0.0 13331.0 25.0 24536.0 0.08168981211343213
38 44 46 0.0 0.0 857.0 0.0 12661.0 32.0 7519.0 0.09031675375782207
38 44 47 0.0 0.0 345.0 0.0 7143.0 13.0 740.0 0.14771048744460855
38 44 48 0.0 0.0 28.0 0.0 778.0 7.0 3.0 0.5001786352268667
38 44 49 0.0 0.0 16.0 0.0 509.0 3.0 3.0 0.5551149881046787
38 45 30 0.0 0.0 0.0 0.0 1.0 0.0 0.0 0.6996501749125437
38 45 31 0.0 0.0 123.0 0.0 2605.0 8.0 49.0 0.29661016949152536
38 45 32 0.0 0.0 35.0 0.0 810.0 5.0 6.0 0.49313138429024295
38 45 33 0.0 0.0 244.0 0.0 5677.0 19.0 410.0 0.17710309930423782
38 45 34 0.0 0.0 655.0 0.0 11208.0 33.0 3370.0 0.10117800101178001
38 45 35 0.0 0.0 751.0 0.0 11849.0 27.0 5152.0 0.09595613433858806
38 45 36 0.0 0.0 1059.0 0.0 13323.0 32.0 11171.0 0.08548574219942602
38 45 37 0.0 0.0 1561.0 0.0 13349.0 41.0 20514.0 0.08278635207852876
38 45 38 0.0 0.0 1940.0 0.0 12756.0 43.0 30079.0 0.08388759062855772
38 45 39 0.0 0.0 2420.0 0.0 12321.0 59.0 39485.0 0.08363701535336639
38 45 40 0.0 0.0 2215.0 0.0 13419.0 49.0 29913.0 0.07935608207686203
38 45 41 0.0 0.0 2467.0 0.0 12273.0 50.0 40395.0 0.08364201218783605
38 45 42 0.0 0.0 1695.0 0.0 14331.0 52.0 19153.0 0.07767852188869777
38 45 43 0.0 0.0 1479.0 0.0 13800.0 37.0 17089.0 0.08096697704007864
38 45 44 0.0 0.0 1252.0 0.0 13584.0 28.0 13896.0 0.08311071534579993
38 45 45 0.0 0.0 1604.0 0.0 13390.0 36.0 21069.0 0.08230936562996059
38 45 46 0.0 0.0 556.0 0.0 10418.0 21.0 2634.0 0.1080080234531708
38 45 47 0.0 0.0 102.0 0.0 2932.0 15.0 84.0 0.2789956157831805
38 45 48 0.0 0.0 7.0 0.0 195.0 5.0 0.0 0.6372325898953117
38 46 30 0.0 0.0 0.0 0.0 2.0 0.0 0.0 0.6993006993006992
38 46 31 0.0 0.0 1.0 0.0 15.0 1.0 0.0 0.694789081885856
38 46 32 0.0 0.0 13.0 0.0 244.0 2.0 0.0 0.6208425720620842
38 46 33 0.0 0.0 208.0 0.0 4746.0 21.0 231.0 0.20187454938716654
38 46 34 0.0 0.0 204.0 0.0 4963.0 23.0 280.0 0.19585898153329598
38 46 35 0.0 0.0 426.0 0.0 8425.0 13.0 1231.0 0.1290560471976401
38 46 36 0.0 0.0 528.0 0.0 10033.0 18.0 2180.0 0.1115271249900422
38 46 37 0.0 0.0 930.0 0.0 13048.0 31.0 8543.0 0.08760951188986231
38 46 38 0.0 0.0 1337.0 0.0 13019.0 37.0 18059.0 0.08556411196675222
38 46 39 0.0 0.0 1461.0 0.0 13455.0 45.0 19142.0 0.08277656240761544
38 46 40 0.0 0.0 1318.0 0.0 13632.0 36.0 14172.0 0.0825861255309108
38 46 41 0.0 0.0 1433.0 0.0 13722.0 43.0 17252.0 0.0816564596092155
38 46 42 0.0 0.0 899.0 0.0 12783.0 28.0 6464.0 0.08930849706557793
38 46 43 0.0 0.0 701.0 0.0 11654.0 29.0 4751.0 0.09764943851572852
38 46 44 0.0 0.0 831.0 0.0 12621.0 17.0 6751.0 0.09054456085887982
38 46 45 0.0 0.0 319.0 0.0 7306.0 18.0 800.0 0.14569674263711102
38 46 46 0.0 0.0 507.0 0.0 9757.0 22.0 1889.0 0.11431370947987261
38 46 47 0.0 0.0 63.0 0.0 1942.0 9.0 28.0 0.35043804755944924
38 46 48 0.0 0.0 0.0 0.0 80.0 0.0 0.0 0.6730769230769229
38 46 49 0.0 0.0 0.0 0.0 2.0 0.0 0.0 0.6993006993006992
38 47 32 0.0 0.0 0.0 0.0 4.0 0.0 0.0 0.6986027944111775
38 47 33 0.0 0.0 0.0 0.0 24.0 0.0 0.0 0.6920415224913494
38 47 34 0.0 0.0 108.0 0.0 2436.0 12.0 41.0 0.3087781208645787
38 47 35 0.0 0.0 80.0 0.0 1969.0 9.0 20.0 0.3466204506065857
38 47 36 0.0 0.0 427.0 0.0 8768.0 27.0 1405.0 0.12534694242994
38 47 37 0.0 0.0 385.0 0.0 8374.0 28.0 1395.0 0.13041453190498367
38 47 38 0.0 0.0 525.0 0.0 9938.0 21.0 2112.0 0.11236856890601171
38 47 39 0.0 0.0 600.0 0.0 10641.0 32.0 2994.0 0.1059402194475974
38 47 40 0.0 0.0 507.0 0.0 9849.0 25.0 2182.0 0.11340623734305386
38 47 41 0.0 0.0 499.0 0.0 9431.0 24.0 1604.0 0.11748909029875797
38 47 42 0.0 0.0 535.0 0.0 9930.0 28.0 2257.0 0.112540192926045
38 47 43 0.0 0.0 797.0 0.0 12304.0 38.0 7446.0 0.09282588516111921
38 47 44 0.0 0.0 285.0 0.0 6229.0 29.0 474.0 0.16495817132084362
38 47 45 0.0 0.0 212.0 0.0 4543.0 21.0 176.0 0.20783847980997625
38 47 46 0.0 0.0 12.0 0.0 382.0 3.0 2.0 0.5860192549183758
38 47 47 0.0 0.0 72.0 0.0 1807.0 14.0 21.0 0.3621314019658561
38 47 48 0.0 0.0 91.0 0.0 2335.0 10.0 37.0 0.31695721077654515
38 47 49 0.0 0.0 0.0 0.0 1.0 0.0 0.0 0.6996501749125437
38 48 33 0.0 0.0 0.0 0.0 1.0 0.0 0.0 0.6996501749125437
38 48 34 0.0 0.0 0.0 0.0 4.0 0.0 0.0 0.6986027944111775
38 48 35 0.0 0.0 0.0 0.0 70.0 0.0 0.0 0.6763285024154588
38 48 36 0.0 0.0 248.0 0.0 5311.0 22.0 287.0 0.185602545406337
38 48 37 0.0 0.0 469.0 0.0 9636.0 12.0 2485.0 0.11565468814539447
38 48 38 0.0 0.0 307.0 0.0 6313.0 18.0 407.0 0.16275284817484303
38 48 39 0.0 0.0 194.0 0.0 4280.0 18.0 161.0 0.21678538247135332
38 48 40 0.0 0.0 150.0 0.0 3152.0 15.0 64.0 0.2647003214218188
38 48 41 0.0 0.0 7.0 0.0 447.0 9.0 1.0 0.5728314238952537
38 48 42 0.0 0.0 107.0 0.0 2562.0 19.0 48.0 0.30107526881720426
38 48 43 0.0 0.0 26.0 0.0 941.0 8.0 6.0 0.47313281514025
38 48 44 0.0 0.0 26.0 0.0 793.0 1.0 5.0 0.4968062455642299
38 48 45 0.0 0.0 0.0 0.0 48.0 0.0 0.0 0.6835937499999999
38 48 46 0.0 0.0 0.0 0.0 18.0 1.0 0.0 0.694100148735746
38 48 47 0.0 0.0 0.0 0.0 1.0 0.0 0.0 0.6996501749125437
38 48 48 0.0 0.0 0.0 0.0 6.0 0.0 0.0 0.6982543640897755
38 49 35 0.0 0.0 2.0 0.0 29.0 2.0 0.0 0.6899950714637751
38 49 36 0.0 0.0 5.0 0.0 186.0 2.0 0.0 0.639561443581544
38 49 37 0.0 0.0 160.0 0.0 3809.0 23.0 124.0 0.23537323470073973
38 49 38 0.0 0.0 44.0 0.0 942.0 10.0 5.0 0.47043010752688164
38 49 39 0.0 0.0 37.0 0.0 716.0 8.0 4.0 0.5100182149362477
38 49 40 0.0 0.0 0.0 0.0 13.0 0.0 0.0 0.695479384003974
38 49 41 0.0 0.0 0.0 0.0 5.0 0.0 0.0 0.6982543640897755
38 49 42 0.0 0.0 4.0 0.0 54.0 2.0 0.0 0.6809338521400777
38 49 43 0.0 0.0 5.0 0.0 116.0 4.0 0.0 0.6613131790269249
38 49 44 0.0 0.0 0.0 0.0 27.0 0.0 0.0 0.6906758756783422
38 50 35 0.0 0.0 0.0 0.0 3.0 0.0 0.0 0.6989515726410384
38 50 36 0.0 0.0 0.0 0.0 12.0 0.0 0.0 0.6958250497017892
38 50 37 0.0 0.0 0.0 0.0 25.0 0.0 0.0 0.6913580246913579
38 50 38 0.0 0.0 13.0 0.0 234.0 4.0 0.0 0.6241640659830583
38 50 40 0.0 0.0 0.0 0.0 2.0 0.0 0.0 0.6993006993006992
39 30 38 0.0 0.0 0.0 0.0 3.0 0.0 0.0 0.6989515726410384
39 30 39 0.0 0.0 0.0 0.0 5.0 0.0 0.0 0.6982543640897755
39 30 40 0.0 0.0 0.0 0.0 7.0 0.0 0.0 0.6975585450921773
39 30 41 0.0 0.0 0.0 0.0 3.0 0.0 0.0 0.6989515726410384
39 30 42 0.0 0.0 0.0 0.0 3.0 0.0 0.0 0.6989515726410384
39 31 35 0.0 0.0 0.0 0.0 2.0 0.0 0.0 0.6993006993006992
39 31 36 0.0 0.0 0.0 0.0 22.0 0.0 0.0 0.6923837784371908
39 31 37 0.0 0.0 0.0 0.0 33.0 0.0 0.0 0.6886374815543531
39 31 38 0.0 0.0 77.0 0.0 1656.0 12.0 14.0 0.3762429454447729
39 31 39 0.0 0.0 23.0 0.0 582.0 7.0 5.0 0.5392912172573189
39 31 40 0.0 0.0 7.0 0.0 278.0 3.0 0.0 0.6134969325153373
39 31 41 0.0 0.0 167.0 0.0 4055.0 20.0 143.0 0.22573363431151236
39 31 42 0.0 0.0 16.0 0.0 325.0 6.0 0.0 0.5993150684931505
39 31 43 0.0 0.0 0.0 0.0 15.0 0.0 0.0 0.694789081885856
39 31 44 0.0 0.0 0.0 0.0 3.0 0.0 0.0 0.6989515726410384
39 32 32 0.0 0.0 0.0 0.0 6.0 0.0 0.0 0.6979062811565303
39 32 33 0.0 0.0 1.0 0.0 18.0 1.0 0.0 0.6937561942517343
39 32 34 0.0 0.0 0.0 0.0 48.0 0.0 0.0 0.6835937499999999
39 32 35 0.0 0.0 6.0 0.0 201.0 3.0 0.0 0.6352087114337567
39 32 36 0.0 0.0 48.0 0.0 1264.0 6.0 5.0 0.4234724742891712
39 32 37 0.0 0.0 65.0 0.0 2212.0 8.0 37.0 0.32809936723693456
39 32 38 0.0 0.0 151.0 0.0 3419.0 21.0 95.0 0.25225225225225223
39 32 39 0.0 0.0 333.0 0.0 6691.0 21.0 593.0 0.15541740674955593
39 32 40 0.0 0.0 436.0 0.0 9038.0 24.0 1607.0 0.12219603735707425
39 32 41 0.0 0.0 199.0 0.0 4917.0 28.0 256.0 0.19746121297602254
39 32 42 0.0 0.0 211.0 0.0 4561.0 21.0 174.0 0.20737668493556508
39 32 43 0.0 0.0 148.0 0.0 3727.0 16.0 113.0 0.2388670875277256
39 32 44 0.0 0.0 2.0 0.0 121.0 1.0 1.0 0.6597549481621111
39 32 45 0.0 0.0 0.0 0.0 24.0 0.0 0.0 0.6920415224913494
39 32 46 0.0 0.0 6.0 0.0 130.0 2.0 0.0 0.6560449859418931
39 33 31 0.0 0.0 0.0 0.0 3.0 0.0 0.0 0.6989515726410384
39 33 32 0.0 0.0 34.0 0.0 691.0 7.0 3.0 0.5150846210448858
39 33 33 0.0 0.0 185.0 0.0 4523.0 13.0 246.0 0.2090488278333582
39 33 34 0.0 0.0 70.0 0.0 1794.0 15.0 15.0 0.36382536382536373
39 33 35 0.0 0.0 351.0 0.0 7328.0 22.0 750.0 0.1448225923244026
39 33 36 0.0 0.0 477.0 0.0 9523.0 21.0 1874.0 0.11683217892013684
39 33 37 0.0 0.0 512.0 0.0 10253.0 28.0 2582.0 0.10981253431641697
39 33 38 0.0 0.0 526.0 0.0 10357.0 30.0 2571.0 0.10879701585327944
39 33 39 0.0 0.0 733.0 0.0 11933.0 23.0 5207.0 0.09549143987449696
39 33 40 0.0 0.0 584.0 0.0 10684.0 23.0 2762.0 0.10556477152767303
39 33 41 0.0 0.0 923.0 0.0 13008.0 30.0 8343.0 0.08791760864104495
39 33 42 0.0 0.0 687.0 0.0 11561.0 29.0 4290.0 0.09836295931989038
39 33 43 0.0 0.0 602.0 0.0 10830.0 28.0 3605.0 0.10436079016026835
39 33 44 0.0 0.0 111.0 0.0 3272.0 16.0 114.0 0.26075619295958274
39 33 45 0.0 0.0 161.0 0.0 4051.0 16.0 170.0 0.2259522272433828
39 33 46 0.0 0.0 3.0 0.0 182.0 1.0 0.0 0.641025641025641
39 33 47 0.0 0.0 11.0 0.0 307.0 4.0 0.0 0.6050129645635263
39 33 48 0.0 0.0 0.0 0.0 23.0 0.0 0.0 0.6920415224913494
39 34 31 0.0 0.0 1.0 0.0 58.0 0.0 0.0 0.6799417192812044
39 34 32 0.0 0.0 40.0 0.0 1143.0 8.0 4.0 0.4409448818897637
39 34 33 0.0 0.0 222.0 0.0 5046.0 10.0 259.0 0.19281090758848643
39 34 34 0.0 0.0 768.0 0.0 11994.0 32.0 5340.0 0.09488952148569878
39 34 35 0.0 0.0 833.0 0.0 12582.0 29.0 7248.0 0.0909090909090909
39 34 36 0.0 0.0 1080.0 0.0 13268.0 39.0 11147.0 0.08566882878472645
39 34 37 0.0 0.0 1211.0 0.0 13374.0 33.0 14004.0 0.08441362677117877
39 34 38 0.0 0.0 1359.0 0.0 14049.0 30.0 13573.0 0.0803766218854059
39 34 39 0.0 0.0 1356.0 0.0 14109.0 36.0 13530.0 0.08017409231474057
39 34 40 0.0 0.0 1672.0 0.0 13567.0 44.0 21610.0 0.08123948238844077
39 34 41 0.0 0.0 1495.0 0.0 13519.0 44.0 19330.0 0.0822610024090722
39 34 42 0.0 0.0 1175.0 0.0 13458.0 32.0 13013.0 0.08422065812428561
39 34 43 0.0 0.0 1035.0 0.0 13091.0 33.0 10324.0 0.08690254500310365
39 34 44 0.0 0.0 770.0 0.0 12102.0 26.0 4592.0 0.09420631182289213
39 34 45 0.0 0.0 612.0 0.0 11117.0 16.0 3583.0 0.10198878123406424
39 34 46 0.0 0.0 265.0 0.0 6111.0 19.0 460.0 0.16746411483253584
39 34 47 0.0 0.0 64.0 0.0 1705.0 13.0 18.0 0.3727369542066027
39 34 48 0.0 0.0 4.0 0.0 192.0 0.0 0.0 0.6378132118451024
39 35 30 0.0 0.0 0.0 0.0 1.0 0.0 0.0 0.6996501749125437
39 35 31 0.0 0.0 0.0 0.0 43.0 0.0 0.0 0.6852667645619186
39 35 32 0.0 0.0 132.0 0.0 2860.0 17.0 57.0 0.2813504823151125
39 35 33 0.0 0.0 658.0 0.0 11364.0 22.0 4039.0 0.0998644696483344
39 35 34 0.0 0.0 1038.0 0.0 13230.0 32.0 8757.0 0.08611145282322548
39 35 35 0.0 0.0 1435.0 0.0 13945.0 27.0 15952.0 0.08053845711327158
39 35 36 0.0 0.0 1990.0 0.0 14081.0 47.0 24075.0 0.07744219493306781
39 35 37 0.0 0.0 2213.0 0.0 13367.0 46.0 30980.0 0.07961783439490445
39 35 38 0.0 0.0 2427.0 0.0 13468.0 65.0 32497.0 0.07831729693443722
39 35 39 0.0 0.0 2802.0 0.0 11896.0 44.0 46293.0 0.08373706561397212
39 35 40 0.0 0.0 2911.0 0.0 13123.0 75.0 40322.0 0.07766128584900427
39 35 41 0.0 0.0 2782.0 0.0 11656.0 76.0 48692.0 0.08529304252467405
39 35 42 0.0 0.0 2106.0 0.0 13000.0 52.0 31263.0 0.08180437069066261
39 35 43 0.0 0.0 1377.0 0.0 13977.0 43.0 13981.0 0.08067769261799111
39 35 44 0.0 0.0 1418.0 0.0 13471.0 42.0 17458.0 0.08292856296647316
39 35 45 0.0 0.0 789.0 0.0 12275.0 24.0 5194.0 0.09297383450657457
39 35 46 0.0 0.0 899.0 0.0 12721.0 26.0 9009.0 0.08961720650364868
39 35 47 0.0 0.0 465.0 0.0 9077.0 23.0 1786.0 0.12149613815846566
39 35 48 0.0 0.0 16.0 0.0 696.0 2.0 0.0 0.5167958656330748
39 35 49 0.0 0.0 0.0 0.0 11.0 0.0 0.0 0.6961710591745399
39 35 50 0.0 0.0 0.0 0.0 1.0 0.0 0.0 0.6996501749125437
39 36 30 0.0 0.0 0.0 0.0 10.0 0.0 0.0 0.6965174129353233
39 36 31 0.0 0.0 2.0 0.0 161.0 0.0 0.0 0.6472491909385112
39 36 32 0.0 0.0 293.0 0.0 6628.0 24.0 594.0 0.157268029656257
39 36 33 0.0 0.0 629.0 0.0 11138.0 18.0 3578.0 0.1017220082830778
39 36 34 0.0 0.0 1154.0 0.0 13592.0 26.0 11294.0 0.08357211079274116
39 36 35 0.0 0.0 2379.0 0.0 12362.0 74.0 38719.0 0.08373205741626794
39 36 36 0.0 0.0 3243.0 0.0 10742.0 56.0 58269.0 0.0875109388673584
39 36 37 0.0 0.0 3648.0 0.0 11360.0 56.0 58420.0 0.082174091682808
39 36 38 0.0 0.0 4274.0 0.0 10440.0 66.0 72866.0 0.08379721074998503
39 36 39 0.0 0.0 4746.0 0.0 10512.0 78.0 75213.0 0.08107012565869476
39 36 40 0.0 0.0 4735.0 0.0 8605.0 63.0 91698.0 0.0911933298593017
39 36 41 0.0 0.0 4450.0 0.0 10158.0 78.0 75484.0 0.08428150021070374
39 36 42 0.0 0.0 3749.0 0.0 10981.0 56.0 62640.0 0.0836470096194061
39 36 43 0.0 0.0 2709.0 0.0 12954.0 60.0 38761.0 0.07928417714350434
39 36 44 0.0 0.0 2374.0 0.0 12538.0 42.0 37512.0 0.08277166844034527
39 36 45 0.0 0.0 2101.0 0.0 12494.0 51.0 33907.0 0.08436275986742994
39 36 46 0.0 0.0 1104.0 0.0 13511.0 38.0 11414.0 0.08427642667950878
39 36 47 0.0 0.0 499.0 0.0 9769.0 23.0 2194.0 0.11419249592169657
39 36 48 0.0 0.0 100.0 0.0 2562.0 22.0 43.0 0.3017891787023065
39 36 49 0.0 0.0 0.0 0.0 15.0 0.0 0.0 0.694789081885856
39 36 50 0.0 0.0 0.0 0.0 2.0 0.0 0.0 0.6993006993006992
39 37 30 0.0 0.0 0.0 0.0 3.0 0.0 0.0 0.6989515726410384
39 37 31 0.0 0.0 38.0 0.0 700.0 9.0 0.0 0.5130084279956026
39 37 32 0.0 0.0 264.0 0.0 6642.0 19.0 698.0 0.15744489428699954
39 37 33 0.0 0.0 848.0 0.0 12522.0 28.0 5826.0 0.09114583333333333
39 37 34 0.0 0.0 1707.0 0.0 13487.0 45.0 22114.0 0.08148061925270632
39 37 35 0.0 0.0 3137.0 0.0 11124.0 73.0 56217.0 0.08615384615384615
39 37 36 0.0 0.0 4075.0 0.0 9405.0 78.0 79087.0 0.09050943884147918
39 37 37 0.0 0.0 4876.0 0.0 8102.0 76.0 98417.0 0.09357663257803622
39 37 38 0.0 0.0 5758.0 0.0 7517.0 74.0 108102.0 0.09161704076958313
39 37 39 0.0 0.0 6420.0 2.0 7339.0 68.0 113403.0 0.08877615726062142
39 37 40 0.0 0.0 5573.0 0.0 5332.0 77.0 130497.0 0.1086534730306558
39 37 41 0.0 1.0 5405.0 0.0 5800.0 68.0 125235.0 0.10597229581409431
39 37 42 0.0 0.0 5559.0 0.0 9034.0 82.0 92634.0 0.08444417636769407
39 37 43 0.0 0.0 4317.0 1.0 8752.0 94.0 87955.0 0.09305417082087071
39 37 44 0.0 0.0 3275.0 0.0 11498.0 67.0 54737.0 0.08347245409015024
39 37 45 0.0 0.0 2208.0 0.0 13544.0 39.0 29926.0 0.07878890202037256
39 37 46 0.0 0.0 1453.0 0.0 13722.0 39.0 17007.0 0.08153281695882592
39 37 47 0.0 0.0 739.0 0.0 11970.0 34.0 6059.0 0.09527698380291275
39 37 48 0.0 0.0 32.0 0.0 1128.0 10.0 9.0 0.4445855827246744
39 37 49 0.0 0.0 0.0 0.0 28.0 0.0 0.0 0.6906758756783422
39 38 30 0.0 0.0 0.0 0.0 4.0 0.0 0.0 0.6986027944111775
39 38 31 0.0 0.0 6.0 0.0 389.0 1.0 0.0 0.5847953216374269
39 38 32 0.0 0.0 321.0 0.0 7125.0 23.0 794.0 0.14844661223624217
39 38 33 0.0 0.0 1262.0 0.0 13361.0 30.0 14584.0 0.08419533317296125
39 38 34 0.0 0.0 1795.0 0.0 14310.0 46.0 19680.0 0.07734379316059885
39 38 35 0.0 0.0 3467.0 0.0 10476.0 75.0 65047.0 0.08782385044852893
39 38 36 0.0 0.0 4904.0 0.0 8791.0 85.0 90983.0 0.08921743563599285
39 38 37 0.0 0.0 5713.0 0.0 6705.0 79.0 117394.0 0.09706045479755962
39 38 38 0.0 2.0 6367.0 2.0 5280.0 71.0 134947.0 0.10264682161448785
39 38 39 1.0 7.0 7267.0 4.0 4702.0 54.0 142335.0 0.09995716121662143
39 38 40 0.0 10.0 5469.0 9.0 3488.0 50.0 154758.0 0.12743491716730382
39 38 41 0.0 4.0 7342.0 6.0 5618.0 70.0 134654.0 0.09360791655522865
39 38 42 0.0 10.0 5980.0 7.0 5669.0 70.0 129534.0 0.10249652243941722
39 38 43 0.0 1.0 5516.0 0.0 8861.0 79.0 93339.0 0.08542314967356153
39 38 44 0.0 1.0 3926.0 1.0 9484.0 75.0 77993.0 0.09080295758204694
39 38 45 0.0 0.0 2206.0 0.0 14210.0 48.0 27018.0 0.07601672367920942
39 38 46 0.0 0.0 1645.0 0.0 13374.0 43.0 22083.0 0.082174091682808
39 38 47 0.0 0.0 883.0 0.0 12703.0 34.0 7463.0 0.0898703299524971
39 38 48 0.0 0.0 339.0 0.0 6762.0 13.0 586.0 0.154015401540154
39 38 49 0.0 0.0 2.0 0.0 107.0 1.0 0.0 0.6644518272425248
39 39 30 0.0 0.0 0.0 0.0 6.0 0.0 0.0 0.6979062811565303
39 39 31 0.0 0.0 9.0 0.0 364.0 3.0 1.0 0.590966652596032
39 39 32 0.0 0.0 231.0 0.0 4946.0 19.0 228.0 0.19553072625698323
39 39 33 0.0 0.0 1046.0 0.0 13376.0 33.0 8922.0 0.08528784648187633
39 39 34 0.0 0.0 2086.0 0.0 13663.0 54.0 26805.0 0.07887323943661971
39 39 35 0.0 0.0 3912.0 0.0 10653.0 57.0 67519.0 0.08437292834327728
39 39 36 0.0 0.0 4838.0 0.0 7755.0 85.0 102048.0 0.09595613433858806
39 39 37 0.0 0.0 6501.0 0.0 6565.0 85.0 122423.0 0.09304798617572776
39 39 38 0.0 10.0 6305.0 3.0 4049.0 48.0 148903.0 0.1130673558391213
39 39 39 0.0 19.0 5700.0 17.0 2711.0 40.0 163768.0 0.133945656333716
39 39 40 1.0 14.0 5803.0 12.0 2651.0 32.0 165841.0 0.13339685564554546
39 39 41 0.0 24.0 4972.0 23.0 2579.0 44.0 164986.0 0.14600062571696734
39 39 42 0.0 29.0 6905.0 23.0 5159.0 57.0 138582.0 0.09903091179175214
39 39 43 0.0 7.0 6107.0 12.0 7751.0 70.0 106629.0 0.08808355354221718
39 39 44 0.0 0.0 4477.0 0.0 10604.0 88.0 71992.0 0.08199121522693996
39 39 45 0.0 0.0 2849.0 0.0 13065.0 59.0 40339.0 0.07818171664712123
39 39 46 0.0 0.0 1471.0 0.0 13782.0 37.0 17615.0 0.08117353742679885
39 39 47 0.0 0.0 789.0 0.0 12400.0 29.0 6681.0 0.09223268990052044
39 39 48 0.0 0.0 209.0 0.0 5363.0 24.0 307.0 0.1854304635761589
39 39 49 0.0 0.0 10.0 0.0 187.0 5.0 0.0 0.6386861313868613
39 40 31 0.0 0.0 0.0 0.0 95.0 0.0 0.0 0.6685768863419292
39 40 32 0.0 0.0 338.0 0.0 7201.0 26.0 662.0 0.1471206389239176
39 40 33 0.0 0.0 858.0 0.0 12589.0 28.0 6342.0 0.0907205806117159
39 40 34 0.0 0.0 2300.0 0.0 12836.0 53.0 35421.0 0.08169457898115189
39 40 35 0.0 0.0 3622.0 0.0 11483.0 83.0 57805.0 0.0819432250512145
39 40 36 0.0 0.0 5156.0 0.0 8475.0 69.0 96958.0 0.08951406649616367
39 40 37 0.0 0.0 5912.0 1.0 5789.0 73.0 127741.0 0.10210779665961636
39 40 38 0.0 16.0 6150.0 11.0 3998.0 48.0 149684.0 0.11491422473939095
39 40 39 1.0 16.0 5457.0 17.0 2670.0 51.0 165630.0 0.13787669883789638
39 40 40 0.0 50.0 4420.0 26.0 1828.0 28.0 174027.0 0.16832992665624621
39 40 41 0.0 78.0 6375.0 52.0 2912.0 37.0 162630.0 0.12255974787709006
39 40 42 0.0 61.0 7848.0 69.0 5380.0 59.0 135886.0 0.09112803488901906
39 40 43 0.0 20.0 5814.0 17.0 6236.0 87.0 122554.0 0.09948834565093802
39 40 44 0.0 1.0 4574.0 3.0 8686.0 69.0 88644.0 0.09170105456212746
39 40 45 0.0 0.0 2894.0 0.0 12789.0 48.0 43817.0 0.07910945357970277
39 40 46 0.0 0.0 1693.0 0.0 13063.0 45.0 25123.0 0.08353720389044691
39 40 47 0.0 0.0 1098.0 0.0 13369.0 34.0 10486.0 0.08510638297872339
39 40 48 0.0 0.0 293.0 0.0 6373.0 25.0 485.0 0.16201828492072673
39 40 49 0.0 0.0 3.0 0.0 71.0 0.0 0.0 0.6753497346840327
39 40 50 0.0 0.0 1.0 0.0 0.0 0.0 0.0 0.6996501749125437
39 41 30 0.0 0.0 0.0 0.0 1.0 0.0 0.0 0.6996501749125437
39 41 31 0.0 0.0 35.0 0.0 767.0 9.0 1.0 0.5014326647564469
39 41 32 0.0 0.0 192.0 0.0 4799.0 17.0 262.0 0.20060180541624872
39 41 33 0.0 0.0 939.0 0.0 12956.0 39.0 9772.0 0.08812236419714231
39 41 34 0.0 0.0 1732.0 0.0 14168.0 36.0 20810.0 0.07811628166499274
39 41 35 0.0 0.0 3212.0 0.0 11695.0 75.0 52841.0 0.08284023668639053
39 41 36 0.0 0.0 4696.0 0.0 9703.0 76.0 82082.0 0.08526187576126673
39 41 37 0.0 2.0 5930.0 5.0 7434.0 92.0 109121.0 0.09105691056910567
39 41 38 0.0 11.0 7818.0 16.0 6466.0 77.0 124689.0 0.08570554025099479
39 41 39 0.0 23.0 6346.0 18.0 3452.0 50.0 156591.0 0.1182832037850625
39 41 40 0.0 55.0 5307.0 43.0 2447.0 51.0 166727.0 0.1425661914460285
39 41 41 0.0 59.0 6057.0 58.0 3251.0 53.0 158590.0 0.12272089761570826
39 41 42 0.0 73.0 6239.0 90.0 4603.0 54.0 142437.0 0.10741138560687431
39 41 43 0.0 19.0 5097.0 37.0 5658.0 70.0 125815.0 0.10935791282612091
39 41 44 0.0 6.0 4702.0 13.0 10340.0 88.0 75641.0 0.08200562324273664
39 41 45 0.0 0.0 2589.0 0.0 12956.0 63.0 37591.0 0.07981300952055184
39 41 46 0.0 0.0 1620.0 0.0 13512.0 43.0 21488.0 0.08172319187437976
39 41 47 0.0 0.0 722.0 0.0 11742.0 41.0 4246.0 0.09699321047526673
39 41 48 0.0 0.0 221.0 0.0 5343.0 22.0 333.0 0.18555334658714379
39 41 49 0.0 0.0 124.0 0.0 3293.0 17.0 67.0 0.2592592592592592
39 41 50 0.0 0.0 0.0 0.0 1.0 0.0 0.0 0.6996501749125437
39 42 30 0.0 0.0 0.0 0.0 9.0 0.0 0.0 0.6968641114982577
39 42 31 0.0 0.0 160.0 0.0 3910.0 24.0 135.0 0.23151976186538775
39 42 32 0.0 0.0 161.0 0.0 4049.0 11.0 162.0 0.2258793159083575
39 42 33 0.0 0.0 1107.0 0.0 13262.0 33.0 11804.0 0.08556934172727827
39 42 34 0.0 0.0 1534.0 0.0 13400.0 43.0 20698.0 0.0826934435912581
39 42 35 0.0 0.0 2752.0 0.0 11679.0 54.0 48145.0 0.08515815085158149
39 42 36 0.0 0.0 4162.0 0.0 10848.0 71.0 67340.0 0.08227067050596462
39 42 37 0.0 0.0 4616.0 1.0 6989.0 79.0 110089.0 0.10301692420897718
39 42 38 0.0 10.0 6851.0 19.0 7448.0 91.0 113075.0 0.08581586367537083
39 42 39 0.0 51.0 7509.0 70.0 6025.0 60.0 128640.0 0.08932559178204555
39 42 40 0.0 46.0 6576.0 82.0 4367.0 55.0 144125.0 0.10691919963341986
39 42 41 0.0 82.0 5853.0 96.0 4168.0 63.0 145278.0 0.11486708237610763
39 42 42 0.0 89.0 6746.0 155.0 7127.0 74.0 115750.0 0.08676789587852494
39 42 43 0.0 4.0 4951.0 13.0 6950.0 68.0 110705.0 0.10048808498420901
39 42 44 0.0 0.0 4116.0 0.0 9264.0 68.0 80899.0 0.09098589718593618
39 42 45 0.0 0.0 2444.0 0.0 13750.0 58.0 32637.0 0.07692307692307691
39 42 46 0.0 0.0 1520.0 0.0 13596.0 45.0 19049.0 0.08186655751125664
39 42 47 0.0 0.0 671.0 0.0 11613.0 27.0 4234.0 0.09814230634419907
39 42 48 0.0 0.0 124.0 0.0 3128.0 20.0 75.0 0.2675329638830498
39 42 49 0.0 0.0 6.0 0.0 94.0 1.0 0.0 0.6669842782277274
39 42 50 0.0 0.0 0.0 0.0 1.0 0.0 0.0 0.6996501749125437
39 43 30 0.0 0.0 0.0 0.0 2.0 0.0 0.0 0.6993006993006992
39 43 31 0.0 0.0 10.0 0.0 310.0 5.0 0.0 0.6047516198704103
39 43 32 0.0 0.0 378.0 0.0 7984.0 13.0 1172.0 0.13513513513513511
39 43 33 0.0 0.0 1080.0 0.0 13241.0 37.0 11759.0 0.08588957055214723
39 43 34 0.0 0.0 996.0 0.0 13251.0 26.0 8456.0 0.08620689655172413
39 43 35 0.0 0.0 1811.0 0.0 14134.0 45.0 21920.0 0.07798573975044562
39 43 36 0.0 0.0 3212.0 0.0 12861.0 67.0 44877.0 0.07741222007188277
39 43 37 0.0 0.0 4180.0 0.0 7967.0 74.0 94472.0 0.09898889910202925
39 43 38 0.0 1.0 5122.0 1.0 8563.0 63.0 93637.0 0.0891095410858634
39 43 39 0.0 8.0 5395.0 15.0 7154.0 62.0 111606.0 0.09600877794541214
39 43 40 0.0 14.0 6649.0 39.0 8590.0 92.0 102334.0 0.08102320736153712
39 43 41 0.0 15.0 5820.0 29.0 7470.0 77.0 108553.0 0.09133611691022964
39 43 42 0.0 7.0 5376.0 14.0 8968.0 75.0 91692.0 0.08551184949914488
39 43 43 0.0 7.0 4358.0 19.0 9532.0 87.0 80725.0 0.08799497171590194
39 43 44 0.0 0.0 3599.0 1.0 11502.0 62.0 57733.0 0.08169457898115189
39 43 45 0.0 0.0 2301.0 0.0 12869.0 51.0 33827.0 0.08155181452787323
39 43 46 0.0 0.0 1061.0 0.0 13078.0 29.0 12802.0 0.08676789587852494
39 43 47 0.0 0.0 533.0 0.0 10015.0 23.0 2132.0 0.1116516468617912
39 43 48 0.0 0.0 230.0 0.0 5217.0 11.0 296.0 0.18817204301075266
39 43 49 0.0 0.0 0.0 0.0 50.0 0.0 0.0 0.6835937499999999
39 44 31 0.0 0.0 0.0 0.0 110.0 0.0 0.0 0.6635071090047392
39 44 32 0.0 0.0 179.0 0.0 4600.0 22.0 215.0 0.20716188221367268
39 44 33 0.0 0.0 655.0 0.0 11317.0 39.0 3834.0 0.10035122930255895
39 44 34 0.0 0.0 951.0 0.0 12996.0 34.0 7064.0 0.08782385044852893
39 44 35 0.0 0.0 2084.0 0.0 11813.0 59.0 37833.0 0.08810572687224669
39 44 36 0.0 0.0 2225.0 0.0 12942.0 41.0 33338.0 0.08151857458949574
39 44 37 0.0 0.0 3296.0 0.0 11175.0 68.0 56868.0 0.08487420430433464
39 44 38 0.0 1.0 3759.0 1.0 10969.0 67.0 63657.0 0.08368200836820082
39 44 39 0.0 0.0 4167.0 0.0 10541.0 80.0 69656.0 0.08372204281784475
39 44 40 0.0 0.0 4109.0 0.0 10445.0 90.0 70818.0 0.08466376390904692
39 44 41 0.0 2.0 4105.0 8.0 11195.0 64.0 66200.0 0.08080341683019737
39 44 42 0.0 0.0 3613.0 2.0 10950.0 67.0 61990.0 0.08459725663182065
39 44 43 0.0 0.0 3285.0 0.0 10961.0 63.0 57887.0 0.08604265257206072
39 44 44 0.0 0.0 2454.0 0.0 13142.0 45.0 35450.0 0.07947771785410161
39 44 45 0.0 0.0 1568.0 0.0 14199.0 30.0 17082.0 0.07874015748031495
39 44 46 0.0 0.0 1008.0 0.0 13092.0 30.0 10117.0 0.08697272783748523
39 44 47 0.0 0.0 332.0 0.0 6940.0 16.0 645.0 0.1511389398682932
39 44 48 0.0 0.0 47.0 0.0 1124.0 7.0 7.0 0.4424778761061946
39 44 49 0.0 0.0 0.0 0.0 11.0 0.0 0.0 0.6961710591745399
39 45 31 0.0 0.0 0.0 0.0 14.0 0.0 0.0 0.6951340615690167
39 45 32 0.0 0.0 104.0 0.0 2472.0 12.0 37.0 0.3066812705366922
39 45 33 0.0 0.0 366.0 0.0 7231.0 28.0 726.0 0.14618356479064423
39 45 34 0.0 0.0 932.0 0.0 12747.0 29.0 7605.0 0.08928571428571427
39 45 35 0.0 0.0 1074.0 0.0 13146.0 33.0 12604.0 0.08632916075723006
39 45 36 0.0 0.0 1392.0 0.0 13880.0 46.0 15429.0 0.08115001159285878
39 45 37 0.0 0.0 1736.0 0.0 13681.0 58.0 22623.0 0.08050140877465355
39 45 38 0.0 0.0 2166.0 0.0 13499.0 61.0 30014.0 0.07930214115781124
39 45 39 0.0 0.0 2429.0 1.0 13425.0 53.0 33393.0 0.07843137254901959
39 45 40 0.0 0.0 2477.0 0.0 12871.0 60.0 36646.0 0.0807568066451315
39 45 41 0.0 0.0 2426.0 0.0 12589.0 57.0 37363.0 0.08230936562996059
39 45 42 0.0 0.0 2265.0 0.0 13027.0 44.0 33892.0 0.08096697704007864
39 45 43 0.0 0.0 1789.0 0.0 13643.0 55.0 23450.0 0.0803627805522071
39 45 44 0.0 0.0 1655.0 0.0 13288.0 37.0 23503.0 0.08260561718196836
39 45 45 0.0 0.0 973.0 0.0 13056.0 25.0 7040.0 0.0873689465801298
39 45 46 0.0 0.0 508.0 0.0 9828.0 23.0 2162.0 0.11355341065779867
39 45 47 0.0 0.0 323.0 0.0 6670.0 23.0 570.0 0.15605841043361943
39 45 48 0.0 0.0 1.0 0.0 132.0 0.0 0.0 0.6566604127579737
39 45 49 0.0 0.0 0.0 0.0 5.0 0.0 0.0 0.6982543640897755
39 46 30 0.0 0.0 0.0 0.0 1.0 0.0 0.0 0.6996501749125437
39 46 31 0.0 0.0 0.0 0.0 7.0 0.0 0.0 0.6975585450921773
39 46 32 0.0 0.0 1.0 0.0 93.0 1.0 0.0 0.668896321070234
39 46 33 0.0 0.0 209.0 0.0 4947.0 21.0 239.0 0.1961058971844796
39 46 34 0.0 0.0 317.0 0.0 6986.0 26.0 721.0 0.15081331466120862
39 46 35 0.0 0.0 387.0 0.0 7631.0 27.0 797.0 0.14008405043025812
39 46 36 0.0 0.0 556.0 0.0 10608.0 25.0 3050.0 0.10646387832699619
39 46 37 0.0 0.0 755.0 0.0 12238.0 29.0 5628.0 0.09340805978115825
39 46 38 0.0 0.0 1223.0 0.0 13340.0 36.0 14813.0 0.08454106280193237
39 46 39 0.0 0.0 1141.0 0.0 13284.0 41.0 12238.0 0.08527226215129735
39 46 40 0.0 0.0 1395.0 0.0 13850.0 38.0 15147.0 0.08123005512039454
39 46 41 0.0 0.0 1148.0 0.0 13554.0 28.0 10549.0 0.08375710439724797
39 46 42 0.0 0.0 1548.0 0.0 12926.0 48.0 22976.0 0.08506501397496657
39 46 43 0.0 0.0 969.0 0.0 13095.0 37.0 8991.0 0.08719481813652216
39 46 44 0.0 0.0 709.0 0.0 11871.0 20.0 5777.0 0.09601536245799328
39 46 45 0.0 0.0 555.0 0.0 10122.0 24.0 2550.0 0.11050595942852633
39 46 46 0.0 0.0 372.0 0.0 7257.0 18.0 894.0 0.14548477605736254
39 46 47 0.0 0.0 576.0 0.0 10499.0 29.0 3182.0 0.10720575848074124
39 46 48 0.0 0.0 19.0 0.0 382.0 4.0 1.0 0.5840634125990821
39 46 49 0.0 0.0 0.0 0.0 16.0 0.0 0.0 0.6944444444444444
39 47 31 0.0 0.0 0.0 0.0 1.0 0.0 0.0 0.6996501749125437
39 47 32 0.0 0.0 17.0 0.0 366.0 2.0 0.0 0.5879882402351952
39 47 33 0.0 0.0 2.0 0.0 111.0 1.0 0.0 0.6628787878787878
39 47 34 0.0 0.0 16.0 0.0 487.0 2.0 2.0 0.5597760895641744
39 47 35 0.0 0.0 143.0 0.0 3038.0 15.0 52.0 0.27100271002710025
39 47 36 0.0 0.0 452.0 0.0 9482.0 22.0 2354.0 0.11742011238782184
39 47 37 0.0 0.0 1024.0 0.0 12667.0 35.0 12560.0 0.0892800204068618
39 47 38 0.0 0.0 648.0 0.0 11335.0 25.0 4288.0 0.1001717229536348
39 47 39 0.0 0.0 440.0 0.0 9011.0 14.0 1603.0 0.12233484795526038
39 47 40 0.0 0.0 424.0 0.0 9278.0 31.0 1971.0 0.11988354170234629
39 47 41 0.0 0.0 350.0 0.0 7502.0 23.0 828.0 0.14233428222854816
39 47 42 0.0 0.0 453.0 0.0 9381.0 18.0 1747.0 0.11841326228537594
39 47 43 0.0 0.0 363.0 0.0 8340.0 13.0 1333.0 0.13092677452539042
39 47 44 0.0 0.0 433.0 0.0 8325.0 23.0 1235.0 0.13035381750465547
39 47 45 0.0 0.0 302.0 0.0 6630.0 8.0 611.0 0.15679247396124985
39 47 46 0.0 0.0 10.0 0.0 459.0 6.0 5.0 0.5684125050751115
39 47 47 0.0 0.0 118.0 0.0 3388.0 15.0 101.0 0.25486983433460764
39 47 48 0.0 0.0 16.0 0.0 344.0 8.0 0.0 0.5952380952380951
39 47 49 0.0 0.0 0.0 0.0 8.0 0.0 0.0 0.697211155378486
39 48 32 0.0 0.0 0.0 0.0 1.0 0.0 0.0 0.6996501749125437
39 48 33 0.0 0.0 1.0 0.0 41.0 0.0 0.0 0.6856023506366307
39 48 34 0.0 0.0 0.0 0.0 6.0 0.0 0.0 0.6979062811565303
39 48 35 0.0 0.0 37.0 0.0 735.0 8.0 3.0 0.5066956207021354
39 48 36 0.0 0.0 209.0 0.0 4845.0 13.0 250.0 0.1987507098239636
39 48 37 0.0 0.0 723.0 0.0 11815.0 30.0 4781.0 0.096325856612082
39 48 38 0.0 0.0 588.0 0.0 10514.0 24.0 2583.0 0.10695187165775401
39 48 39 0.0 0.0 230.0 0.0 5025.0 22.0 225.0 0.1935305501797069
39 48 40 0.0 0.0 69.0 0.0 1714.0 10.0 12.0 0.3710575139146567
39 48 41 0.0 0.0 68.0 0.0 1622.0 11.0 10.0 0.38064165307232184
39 48 42 0.0 0.0 235.0 0.0 5534.0 23.0 346.0 0.18073844564936742
39 48 43 0.0 0.0 250.0 0.0 5574.0 21.0 370.0 0.17946417126009484
39 48 44 0.0 0.0 20.0 0.0 569.0 2.0 2.0 0.5411673753382295
39 48 45 0.0 0.0 88.0 0.0 1639.0 17.0 14.0 0.3773584905660377
39 48 46 0.0 0.0 1.0 0.0 25.0 0.0 0.0 0.6910167818361302
39 48 47 0.0 0.0 0.0 0.0 6.0 0.0 0.0 0.6979062811565303
39 48 48 0.0 0.0 0.0 0.0 2.0 0.0 0.0 0.6993006993006992
39 49 35 0.0 0.0 1.0 0.0 28.0 0.0 0.0 0.6899950714637751
39 49 36 0.0 0.0 208.0 0.0 4708.0 18.0 211.0 0.20292796057399623
39 49 37 0.0 0.0 11.0 0.0 476.0 5.0 0.0 0.56406124093473
39 49 38 0.0 0.0 79.0 0.0 1608.0 19.0 10.0 0.3815753611338239
39 49 39 0.0 0.0 0.0 0.0 63.0 0.0 0.0 0.6786233640329616
39 49 40 0.0 0.0 0.0 0.0 12.0 0.0 0.0 0.6958250497017892
39 49 41 0.0 0.0 0.0 0.0 8.0 0.0 0.0 0.697211155378486
39 49 42 0.0 0.0 0.0 0.0 11.0 0.0 0.0 0.6961710591745399
39 49 43 0.0 0.0 0.0 0.0 22.0 0.0 0.0 0.6923837784371908
39 49 44 0.0 0.0 1.0 0.0 7.0 0.0 0.0 0.697211155378486
39 49 45 0.0 0.0 0.0 0.0 1.0 0.0 0.0 0.6996501749125437
39 49 46 0.0 0.0 0.0 0.0 1.0 0.0 0.0 0.6996501749125437
39 50 35 0.0 0.0 0.0 0.0 6.0 0.0 0.0 0.6979062811565303
39 50 36 0.0 0.0 0.0 0.0 4.0 0.0 0.0 0.6986027944111775
39 50 37 0.0 0.0 0.0 0.0 4.0 0.0 0.0 0.6986027944111775
39 50 38 0.0 0.0 0.0 0.0 3.0 0.0 0.0 0.6989515726410384
39 50 39 0.0 0.0 0.0 0.0 3.0 0.0 0.0 0.6989515726410384
39 50 40 0.0 0.0 0.0 0.0 1.0 0.0 0.0 0.6996501749125437
40 30 38 0.0 0.0 0.0 0.0 2.0 0.0 0.0 0.6993006993006992
40 30 39 0.0 0.0 0.0 0.0 6.0 0.0 0.0 0.6979062811565303
40 30 40 0.0 0.0 9.0 0.0 105.0 5.0 0.0 0.6638217164532954
40 30 41 0.0 0.0 0.0 0.0 8.0 0.0 0.0 0.697211155378486
40 30 42 0.0 0.0 3.0 0.0 10.0 1.0 0.0 0.6958250497017892
40 31 35 0.0 0.0 0.0 0.0 1.0 0.0 0.0 0.6996501749125437
40 31 36 0.0 0.0 0.0 0.0 14.0 0.0 0.0 0.6951340615690167
40 31 37 0.0 0.0 5.0 0.0 105.0 2.0 0.0 0.6641366223908918
40 31 38 0.0 0.0 4.0 0.0 202.0 1.0 0.0 0.6352087114337567
40 31 39 0.0 0.0 202.0 0.0 4328.0 18.0 139.0 0.21485573971761815
40 31 40 0.0 0.0 43.0 0.0 1006.0 8.0 5.0 0.46052631578947356
40 31 41 0.0 0.0 41.0 0.0 1204.0 9.0 7.0 0.43276661514683146
40 31 42 0.0 0.0 31.0 0.0 774.0 2.0 1.0 0.49946485907955757
40 31 43 0.0 0.0 0.0 0.0 10.0 0.0 0.0 0.6965174129353233
40 31 44 0.0 0.0 0.0 0.0 6.0 0.0 0.0 0.6979062811565303
40 32 32 0.0 0.0 0.0 0.0 9.0 0.0 0.0 0.6968641114982577
40 32 33 0.0 0.0 1.0 0.0 44.0 0.0 0.0 0.6845965770171147
40 32 34 0.0 0.0 4.0 0.0 109.0 4.0 0.0 0.6638217164532954
40 32 35 0.0 0.0 5.0 0.0 204.0 2.0 0.0 0.6343452650657
40 32 36 0.0 0.0 37.0 0.0 925.0 10.0 1.0 0.47441545238902055
40 32 37 0.0 0.0 88.0 0.0 1983.0 13.0 17.0 0.3449975357318876
40 32 38 0.0 0.0 196.0 0.0 4566.0 29.0 208.0 0.20790020790020788
40 32 39 0.0 0.0 463.0 0.0 9504.0 24.0 2180.0 0.11719403984597353
40 32 40 0.0 0.0 578.0 0.0 10623.0 30.0 3026.0 0.10618932038834951
40 32 41 0.0 0.0 566.0 0.0 10487.0 24.0 2976.0 0.10733726903319787
40 32 42 0.0 0.0 216.0 0.0 5184.0 18.0 312.0 0.18959913326110509
40 32 43 0.0 0.0 8.0 0.0 420.0 2.0 0.0 0.5770816158285242
40 32 44 0.0 0.0 4.0 0.0 212.0 1.0 0.0 0.6323396567299006
40 32 45 0.0 0.0 0.0 0.0 16.0 0.0 0.0 0.6944444444444444
40 32 46 0.0 0.0 0.0 0.0 8.0 0.0 0.0 0.697211155378486
40 33 32 0.0 0.0 7.0 0.0 124.0 0.0 0.0 0.6569685593618019
40 33 33 0.0 0.0 205.0 0.0 4474.0 15.0 182.0 0.21008403361344533
40 33 34 0.0 0.0 291.0 0.0 5923.0 20.0 357.0 0.17075253079643857
40 33 35 0.0 0.0 206.0 0.0 5038.0 13.0 287.0 0.19358407079646014
40 33 36 0.0 0.0 312.0 0.0 7097.0 22.0 731.0 0.1490471627807942
40 33 37 0.0 0.0 594.0 0.0 10524.0 20.0 2877.0 0.10678056593699946
40 33 38 0.0 0.0 739.0 0.0 12028.0 26.0 5024.0 0.09487023107677711
40 33 39 0.0 0.0 1169.0 0.0 13229.0 42.0 13359.0 0.08542314967356153
40 33 40 0.0 0.0 1246.0 0.0 13677.0 37.0 12836.0 0.08277656240761544
40 33 41 0.0 0.0 1056.0 0.0 13401.0 27.0 9500.0 0.08505984567713712
40 33 42 0.0 0.0 654.0 0.0 11093.0 37.0 3534.0 0.10201850907236025
40 33 43 0.0 0.0 285.0 0.0 6386.0 21.0 470.0 0.16181229773462782
40 33 44 0.0 0.0 208.0 0.0 4865.0 12.0 308.0 0.19815994338287327
40 33 45 0.0 0.0 201.0 0.0 4244.0 26.0 129.0 0.21806853582554514
40 33 46 0.0 0.0 54.0 0.0 1207.0 8.0 7.0 0.43023970497848796
40 33 47 0.0 0.0 7.0 0.0 130.0 2.0 0.0 0.6557377049180326
40 33 48 0.0 0.0 1.0 0.0 17.0 0.0 0.0 0.6937561942517343
40 34 31 0.0 0.0 0.0 0.0 2.0 0.0 0.0 0.6993006993006992
40 34 32 0.0 0.0 26.0 0.0 879.0 7.0 2.0 0.48309178743961345
40 34 33 0.0 0.0 276.0 0.0 5939.0 15.0 419.0 0.17071088891598582
40 34 34 0.0 0.0 729.0 0.0 11727.0 27.0 4929.0 0.09686570262229294
40 34 35 0.0 0.0 629.0 0.0 11004.0 20.0 3710.0 0.10275983558426305
40 34 36 0.0 0.0 1175.0 0.0 13518.0 38.0 12641.0 0.08390770152831883
40 34 37 0.0 0.0 1286.0 0.0 13747.0 41.0 12912.0 0.08220304151253595
40 34 38 0.0 0.0 1305.0 0.0 13676.0 36.0 13772.0 0.08249366566495786
40 34 39 0.0 0.0 1892.0 0.0 12940.0 52.0 28097.0 0.08329862557267805
40 34 40 0.0 0.0 2130.0 0.0 12738.0 41.0 32254.0 0.08293347550500563
40 34 41 0.0 0.0 1466.0 0.0 13653.0 35.0 18319.0 0.08177092459552596
40 34 42 0.0 0.0 1161.0 0.0 13503.0 32.0 12289.0 0.08404370272541721
40 34 43 0.0 0.0 941.0 0.0 12977.0 32.0 8020.0 0.08798391151332327
40 34 44 0.0 0.0 780.0 0.0 12113.0 29.0 6916.0 0.0940291490362012
40 34 45 0.0 0.0 365.0 0.0 7637.0 12.0 941.0 0.14011208967173736
40 34 46 0.0 0.0 130.0 0.0 3451.0 11.0 104.0 0.25130138215760184
40 34 47 0.0 0.0 287.0 0.0 6129.0 18.0 448.0 0.16658733936220846
40 34 48 0.0 0.0 19.0 0.0 426.0 8.0 1.0 0.5744768157570782
40 34 50 0.0 0.0 0.0 0.0 1.0 0.0 0.0 0.6996501749125437
40 35 31 0.0 0.0 11.0 0.0 168.0 1.0 0.0 0.6427915518824608
40 35 32 0.0 0.0 47.0 0.0 1165.0 10.0 7.0 0.4372267332916926
40 35 33 0.0 0.0 474.0 0.0 9971.0 29.0 2624.0 0.11265792226603363
40 35 34 0.0 0.0 1284.0 0.0 13427.0 45.0 14326.0 0.08385241974125539
40 35 35 0.0 0.0 1675.0 0.0 13471.0 45.0 23071.0 0.081570820952048
40 35 36 0.0 0.0 2136.0 0.0 13601.0 49.0 28718.0 0.07886435331230282
40 35 37 0.0 0.0 2533.0 0.0 12868.0 50.0 37199.0 0.08050603795284646
40 35 38 0.0 0.0 2821.0 0.0 12141.0 56.0 46081.0 0.08248394508925941
40 35 39 0.0 0.0 2994.0 0.0 12040.0 56.0 47652.0 0.08207773934455062
40 35 40 0.0 0.0 3099.0 0.0 11688.0 71.0 51889.0 0.08339289969025493
40 35 41 0.0 0.0 2383.0 0.0 14228.0 50.0 28758.0 0.07528905619790266
40 35 42 0.0 0.0 2106.0 0.0 13154.0 56.0 30064.0 0.0810983027283786
40 35 43 0.0 0.0 1535.0 0.0 14090.0 43.0 17101.0 0.07942811755361398
40 35 44 0.0 0.0 1662.0 0.0 12445.0 43.0 26814.0 0.08691873098652758
40 35 45 0.0 0.0 684.0 0.0 11678.0 25.0 3966.0 0.09751340809361286
40 35 46 0.0 0.0 668.0 0.0 11559.0 31.0 4032.0 0.09850830284266815
40 35 47 0.0 0.0 494.0 0.0 9696.0 31.0 2221.0 0.11503697617091206
40 35 48 0.0 0.0 32.0 0.0 615.0 8.0 0.0 0.5307050796057619
40 35 49 0.0 0.0 76.0 0.0 1869.0 13.0 14.0 0.3559623696923468
40 35 50 0.0 0.0 0.0 0.0 1.0 0.0 0.0 0.6996501749125437
40 36 30 0.0 0.0 0.0 0.0 5.0 0.0 0.0 0.6982543640897755
40 36 31 0.0 0.0 9.0 0.0 262.0 6.0 0.0 0.6181015452538631
40 36 32 0.0 0.0 431.0 0.0 8406.0 21.0 1177.0 0.12939001848428833
40 36 33 0.0 0.0 535.0 0.0 10125.0 21.0 2330.0 0.110706942906848
40 36 34 0.0 0.0 1544.0 0.0 13303.0 32.0 20651.0 0.08301215535131928
40 36 35 0.0 0.0 2641.0 0.0 12495.0 59.0 41187.0 0.08167075020417687
40 36 36 0.0 0.0 3492.0 0.0 9641.0 70.0 72335.0 0.09245806366398097
40 36 37 0.0 0.0 4256.0 0.0 10449.0 83.0 70959.0 0.08387753879336168
40 36 38 0.0 0.0 4601.0 0.0 10694.0 84.0 71562.0 0.08096697704007864
40 36 39 0.0 0.0 4765.0 0.0 8610.0 71.0 92428.0 0.09108060633660789
40 36 40 0.0 0.0 5058.0 0.0 11026.0 86.0 72661.0 0.07745933384972888
40 36 41 0.0 0.0 4615.0 0.0 9664.0 74.0 81846.0 0.08600565179997542
40 36 42 0.0 0.0 3785.0 1.0 12595.0 85.0 51093.0 0.07621121393576483
40 36 43 0.0 0.0 2900.0 0.0 12653.0 60.0 42373.0 0.07971303308090873
40 36 44 0.0 0.0 2267.0 0.0 12704.0 65.0 35020.0 0.08255690529543577
40 36 45 0.0 0.0 1489.0 0.0 13410.0 38.0 20177.0 0.08287456342863907
40 36 46 0.0 0.0 985.0 0.0 13187.0 40.0 7465.0 0.08666047663262147
40 36 47 0.0 0.0 495.0 0.0 9437.0 20.0 1774.0 0.11749895090222408
40 36 48 0.0 0.0 311.0 0.0 6044.0 18.0 386.0 0.16790597265531298
40 36 49 0.0 0.0 1.0 0.0 38.0 1.0 0.0 0.6869479882237487
40 37 31 0.0 0.0 106.0 0.0 2581.0 13.0 63.0 0.29952931108258446
40 37 32 0.0 0.0 481.0 0.0 9370.0 10.0 1808.0 0.11808367071524965
40 37 33 0.0 0.0 1166.0 0.0 13363.0 33.0 13707.0 0.08471499455403605
40 37 34 0.0 0.0 1949.0 0.0 13057.0 40.0 28792.0 0.08231904509907684
40 37 35 0.0 0.0 3118.0 0.0 12634.0 73.0 45209.0 0.07893104809156
40 37 36 0.0 0.0 4185.0 0.0 8250.0 66.0 91523.0 0.09695962324260682
40 37 37 0.0 0.0 5770.0 0.0 9400.0 86.0 90117.0 0.08144269924374635
40 37 38 0.0 0.0 6025.0 1.0 7099.0 68.0 114542.0 0.09248860408271123
40 37 39 0.0 1.0 6380.0 3.0 6220.0 49.0 123869.0 0.09561535309383963
40 37 40 0.0 0.0 6482.0 0.0 6721.0 81.0 120576.0 0.09207497533706017
40 37 41 0.0 4.0 6802.0 4.0 8037.0 75.0 107415.0 0.08307126327656796
40 37 42 0.0 1.0 5687.0 1.0 8526.0 83.0 98514.0 0.08632916075723006
40 37 43 0.0 0.0 4620.0 1.0 9660.0 81.0 81759.0 0.08596868283696653
40 37 44 0.0 1.0 3223.0 2.0 12757.0 46.0 45778.0 0.07781236104935525
40 37 45 0.0 0.0 2324.0 0.0 12222.0 61.0 38790.0 0.0846279393096778
40 37 46 0.0 0.0 1491.0 0.0 13681.0 44.0 17737.0 0.0815803274867432
40 37 47 0.0 0.0 476.0 0.0 9556.0 30.0 1948.0 0.11651131824234354
40 37 48 0.0 0.0 128.0 0.0 3115.0 16.0 50.0 0.2677888293802601
40 37 49 0.0 0.0 14.0 0.0 219.0 2.0 0.0 0.6275212909009411
40 38 30 0.0 0.0 1.0 0.0 20.0 1.0 0.0 0.6930693069306929
40 38 31 0.0 0.0 105.0 0.0 2179.0 17.0 33.0 0.32802249297094654
40 38 32 0.0 0.0 644.0 0.0 11106.0 20.0 3953.0 0.10184040154215464
40 38 33 0.0 0.0 906.0 0.0 12954.0 29.0 7881.0 0.08833922261484098
40 38 34 0.0 0.0 1879.0 0.0 12956.0 51.0 27569.0 0.0832639467110741
40 38 35 0.0 0.0 3624.0 0.0 11631.0 71.0 56342.0 0.08114060507708357
40 38 36 0.0 0.0 5185.0 0.0 8660.0 87.0 93748.0 0.08826125330979699
40 38 37 0.0 1.0 5131.0 0.0 5150.0 70.0 131513.0 0.11392302058751727
40 38 38 0.0 4.0 5204.0 2.0 3843.0 46.0 149267.0 0.12634238787113075
40 38 39 0.0 3.0 6652.0 4.0 3975.0 44.0 150000.0 0.11068068622025456
40 38 40 0.0 6.0 6642.0 4.0 3898.0 54.0 152098.0 0.11153601019757806
40 38 41 0.0 9.0 6108.0 6.0 3886.0 46.0 151023.0 0.11654041455090318
40 38 42 0.0 6.0 5988.0 14.0 5126.0 81.0 136276.0 0.10680500457735734
40 38 43 0.0 4.0 5824.0 6.0 8140.0 85.0 102675.0 0.08769731896767727
40 38 44 0.0 0.0 4300.0 0.0 10208.0 83.0 73599.0 0.08483306065563835
40 38 45 0.0 0.0 2681.0 0.0 12116.0 66.0 43602.0 0.08329366968110423
40 38 46 0.0 0.0 1545.0 0.0 13007.0 45.0 21574.0 0.08461259518916958
40 38 47 0.0 0.0 837.0 0.0 12489.0 37.0 6268.0 0.0914733747141457
40 38 48 0.0 0.0 199.0 0.0 4117.0 7.0 148.0 0.22190521477254713
40 38 49 0.0 0.0 2.0 0.0 82.0 0.0 0.0 0.6717850287907868
40 39 30 0.0 0.0 0.0 0.0 3.0 0.0 0.0 0.6989515726410384
40 39 31 0.0 0.0 43.0 0.0 1257.0 10.0 13.0 0.42553191489361697
40 39 32 0.0 0.0 405.0 0.0 8370.0 24.0 1330.0 0.13011152416356875
40 39 33 0.0 0.0 981.0 0.0 13047.0 30.0 10785.0 0.08735804317983276
40 39 34 0.0 0.0 2157.0 0.0 13776.0 46.0 28662.0 0.07806401249024199
40 39 35 0.0 0.0 3989.0 0.0 9909.0 77.0 75313.0 0.08800050286001633
40 39 36 0.0 0.0 5491.0 1.0 7948.0 69.0 102317.0 0.09063248527222113
40 39 37 0.0 7.0 6109.0 2.0 5193.0 68.0 134464.0 0.1049711329384419
40 39 38 0.0 11.0 6238.0 4.0 3607.0 49.0 154549.0 0.11804384485666101
40 39 39 0.0 12.0 5717.0 7.0 2425.0 41.0 166794.0 0.1378495470657739
40 39 40 0.0 28.0 6460.0 21.0 2517.0 37.0 167072.0 0.12688055102410728
40 39 41 0.0 26.0 5928.0 27.0 2683.0 31.0 164584.0 0.13113525665043085
40 39 42 1.0 18.0 5685.0 19.0 3504.0 53.0 153777.0 0.1246660730186999
40 39 43 0.0 9.0 6392.0 23.0 6702.0 74.0 120459.0 0.0925252792280748
40 39 44 0.0 5.0 4816.0 14.0 9401.0 80.0 83918.0 0.08616445100935499
40 39 45 0.0 0.0 3238.0 0.0 11041.0 61.0 58118.0 0.08593174564203289
40 39 46 0.0 0.0 1844.0 0.0 13589.0 39.0 24629.0 0.0802614229203692
40 39 47 0.0 0.0 691.0 0.0 11547.0 29.0 4373.0 0.09842519685039368
40 39 48 0.0 0.0 299.0 0.0 6581.0 25.0 589.0 0.15803138051698834
40 39 49 0.0 0.0 20.0 0.0 473.0 4.0 1.0 0.5624748895138609
40 40 30 0.0 0.0 0.0 0.0 1.0 0.0 0.0 0.6996501749125437
40 40 31 0.0 0.0 49.0 0.0 1419.0 9.0 10.0 0.4047412546978895
40 40 32 0.0 0.0 365.0 0.0 7906.0 20.0 1019.0 0.13657204175202417
40 40 33 0.0 0.0 1015.0 0.0 13264.0 42.0 8133.0 0.08606381016782443
40 40 34 0.0 0.0 2157.0 0.0 13291.0 40.0 29894.0 0.08022922636103151
40 40 35 0.0 0.0 3811.0 0.0 10433.0 63.0 68832.0 0.08615384615384615
40 40 36 0.0 0.0 5381.0 0.0 7398.0 86.0 108370.0 0.09481240688067182
40 40 37 0.0 0.0 6399.0 2.0 5441.0 63.0 132533.0 0.10106114199090449
40 40 38 0.0 2.0 5879.0 1.0 3348.0 50.0 157462.0 0.12486621476988939
40 40 39 0.0 34.0 5606.0 28.0 2260.0 37.0 169432.0 0.14091595369904375
40 40 40 2.0 49.0 3666.0 22.0 1482.0 20.0 178388.0 0.19366440724858205
40 40 41 0.0 57.0 4521.0 38.0 1901.0 36.0 172847.0 0.16462841015992472
40 40 42 0.0 84.0 6446.0 78.0 3727.0 45.0 154040.0 0.11336032388663965
40 40 43 0.0 10.0 6156.0 24.0 6207.0 63.0 125425.0 0.09710084616451657
40 40 44 0.0 1.0 5154.0 8.0 11002.0 82.0 73990.0 0.07706704833204887
40 40 45 0.0 0.0 3303.0 1.0 11625.0 75.0 54304.0 0.08273742686602446
40 40 46 0.0 0.0 1658.0 0.0 13327.0 49.0 22555.0 0.08237232289950576
40 40 47 0.0 0.0 667.0 0.0 11578.0 33.0 5416.0 0.0983698707138842
40 40 48 0.0 0.0 123.0 0.0 3497.0 13.0 133.0 0.24964336661911554
40 40 49 0.0 0.0 6.0 0.0 147.0 1.0 0.0 0.6505576208178437
40 40 50 0.0 0.0 0.0 0.0 2.0 0.0 0.0 0.6993006993006992
40 41 30 0.0 0.0 0.0 0.0 2.0 0.0 0.0 0.6993006993006992
40 41 31 0.0 0.0 4.0 0.0 142.0 2.0 0.0 0.6529850746268656
40 41 32 0.0 0.0 409.0 0.0 8716.0 25.0 1365.0 0.126012601260126
40 41 33 0.0 0.0 1145.0 0.0 13517.0 28.0 11401.0 0.08402856971370265
40 41 34 0.0 0.0 1923.0 0.0 13711.0 50.0 24565.0 0.07937407869372944
40 41 35 0.0 0.0 3766.0 0.0 10524.0 84.0 66649.0 0.0860162202015237
40 41 36 0.0 0.0 5094.0 0.0 9055.0 67.0 89369.0 0.08662294270511074
40 41 37 0.0 6.0 6223.0 8.0 6400.0 57.0 122446.0 0.09554357469460177
40 41 38 0.0 6.0 6628.0 7.0 4509.0 55.0 144544.0 0.10639914880680953
40 41 39 0.0 28.0 6633.0 28.0 3145.0 36.0 160523.0 0.11813349084465444
40 41 40 0.0 104.0 5963.0 80.0 2519.0 39.0 166409.0 0.13114754098360654
40 41 41 0.0 495.0 6066.0 370.0 2674.0 39.0 163043.0 0.12063765618267985
40 41 42 0.0 85.0 5916.0 91.0 3810.0 58.0 150841.0 0.11769651113913408
40 41 43 0.0 22.0 6921.0 48.0 7957.0 77.0 107425.0 0.08263487191594852
40 41 44 0.0 1.0 4852.0 4.0 8893.0 77.0 89133.0 0.08891146957957576
40 41 45 0.0 0.0 3028.0 0.0 12496.0 54.0 44643.0 0.0799177988354835
40 41 46 0.0 0.0 1294.0 0.0 13638.0 34.0 14013.0 0.08266902863891348
40 41 47 0.0 0.0 771.0 0.0 12185.0 35.0 5598.0 0.09375209268064018
40 41 48 0.0 0.0 173.0 0.0 4128.0 14.0 166.0 0.2226817241927787
40 41 49 0.0 0.0 39.0 0.0 895.0 8.0 7.0 0.478468899521531
40 41 50 0.0 0.0 0.0 0.0 1.0 0.0 0.0 0.6996501749125437
40 42 30 0.0 0.0 2.0 0.0 24.0 0.0 0.0 0.6910167818361302
40 42 31 0.0 0.0 84.0 0.0 1935.0 10.0 19.0 0.34912718204488774
40 42 32 0.0 0.0 457.0 0.0 8863.0 18.0 1411.0 0.12380615493455958
40 42 33 0.0 0.0 791.0 0.0 12308.0 39.0 5224.0 0.09284435307381125
40 42 34 0.0 0.0 2149.0 0.0 12490.0 59.0 34636.0 0.08417002344736367
40 42 35 0.0 0.0 2818.0 0.0 12666.0 58.0 42530.0 0.08010528122675516
40 42 36 0.0 0.0 4405.0 0.0 11284.0 86.0 66368.0 0.07918104179627848
40 42 37 0.0 0.0 5940.0 0.0 8956.0 68.0 93684.0 0.08274720728175423
40 42 38 0.0 9.0 5434.0 15.0 4939.0 67.0 135332.0 0.11302171631549204
40 42 39 0.0 25.0 6809.0 27.0 4920.0 51.0 139637.0 0.10147133434804667
40 42 40 0.0 64.0 5269.0 62.0 3413.0 48.0 154791.0 0.12936610608020696
40 42 41 1.0 117.0 7055.0 134.0 4936.0 56.0 139898.0 0.09812167087188112
40 42 42 0.0 82.0 6807.0 147.0 6700.0 62.0 119838.0 0.08877615726062142
40 42 43 0.0 10.0 4888.0 19.0 6235.0 63.0 117711.0 0.10639106315069533
40 42 44 0.0 0.0 4493.0 0.0 9306.0 71.0 82991.0 0.08851795649974707
40 42 45 0.0 0.0 2525.0 0.0 13089.0 60.0 36311.0 0.07952286282306162
40 42 46 0.0 0.0 1091.0 0.0 13279.0 32.0 10427.0 0.08560073372057474
40 42 47 0.0 0.0 538.0 0.0 9986.0 20.0 2204.0 0.11193731510354202
40 42 48 0.0 0.0 164.0 0.0 3744.0 15.0 106.0 0.23748939779474126
40 42 49 0.0 0.0 0.0 0.0 33.0 1.0 0.0 0.6889763779527558
40 42 50 0.0 0.0 0.0 0.0 5.0 0.0 0.0 0.6982543640897755
40 43 30 0.0 0.0 2.0 0.0 18.0 0.0 0.0 0.6930693069306929
40 43 31 0.0 0.0 11.0 0.0 756.0 5.0 4.0 0.506879073135409
40 43 32 0.0 0.0 702.0 0.0 11695.0 34.0 5318.0 0.09734390209984703
40 43 33 0.0 0.0 817.0 0.0 12642.0 30.0 6404.0 0.09059729502361999
40 43 34 0.0 0.0 1667.0 0.0 13628.0 41.0 21838.0 0.08099039685294457
40 43 35 0.0 0.0 2234.0 0.0 13584.0 39.0 29394.0 0.07847533632286995
40 43 36 0.0 0.0 3498.0 0.0 10087.0 59.0 68184.0 0.08981267641775724
40 43 37 0.0 0.0 4683.0 0.0 9919.0 76.0 78723.0 0.08429164910590642
40 43 38 0.0 1.0 4955.0 2.0 7277.0 71.0 107668.0 0.09830080044937509
40 43 39 1.0 6.0 5961.0 20.0 7498.0 59.0 109495.0 0.09041007426541814
40 43 40 0.0 21.0 6282.0 46.0 7848.0 74.0 106281.0 0.08634513383495744
40 43 41 0.0 36.0 5324.0 61.0 6235.0 78.0 119171.0 0.10251903925014645
40 43 42 0.0 8.0 5533.0 24.0 8194.0 62.0 99886.0 0.08881558079045866
40 43 43 0.0 12.0 4846.0 30.0 10127.0 65.0 79553.0 0.08224650452355774
40 43 44 0.0 0.0 3837.0 0.0 9599.0 70.0 74948.0 0.09067944815078696
40 43 45 0.0 0.0 2236.0 0.0 13248.0 49.0 32574.0 0.08004116402721398
40 43 46 0.0 0.0 920.0 0.0 12930.0 31.0 7217.0 0.08835037233371197
40 43 47 0.0 0.0 623.0 0.0 11260.0 27.0 4056.0 0.10099552734093202
40 43 48 0.0 0.0 101.0 0.0 2325.0 15.0 25.0 0.3174603174603174
40 43 49 0.0 0.0 4.0 0.0 72.0 2.0 0.0 0.6750241080038573
40 44 31 0.0 0.0 10.0 0.0 328.0 2.0 1.0 0.5995717344753746
40 44 32 0.0 0.0 337.0 0.0 6645.0 25.0 577.0 0.1561977016623898
40 44 33 0.0 0.0 700.0 0.0 11830.0 29.0 4512.0 0.09644530173601543
40 44 34 0.0 0.0 1166.0 0.0 13132.0 27.0 13447.0 0.08588430157659038
40 44 35 0.0 0.0 1447.0 0.0 13482.0 44.0 18646.0 0.08273742686602446
40 44 36 0.0 0.0 2613.0 0.0 12230.0 59.0 42061.0 0.08312058421896336
40 44 37 0.0 0.0 2754.0 0.0 13645.0 58.0 34771.0 0.07607041947402737
40 44 38 0.0 0.0 3738.0 0.0 10949.0 72.0 62803.0 0.08384739773612025
40 44 39 0.0 0.0 4298.0 1.0 10731.0 69.0 69371.0 0.08212588725288905
40 44 40 0.0 3.0 4207.0 15.0 10668.0 80.0 68650.0 0.08278145695364238
40 44 41 0.0 1.0 4273.0 6.0 9850.0 83.0 77091.0 0.08681632146843606
40 44 42 0.0 0.0 3904.0 1.0 11945.0 71.0 57760.0 0.07840940912909548
40 44 43 0.0 0.0 3222.0 0.0 11675.0 73.0 52217.0 0.08293838862559241
40 44 44 0.0 0.0 2792.0 0.0 11816.0 62.0 47541.0 0.08430180044559522
40 44 45 0.0 0.0 2015.0 0.0 12611.0 41.0 32750.0 0.08422065812428561
40 44 46 0.0 0.0 1134.0 0.0 13253.0 28.0 13147.0 0.08547008547008546
40 44 47 0.0 0.0 420.0 0.0 8592.0 19.0 1390.0 0.127238025992911
40 44 48 0.0 0.0 277.0 0.0 5652.0 20.0 342.0 0.17696877765137145
40 44 49 0.0 0.0 1.0 0.0 30.0 1.0 0.0 0.689655172413793
40 44 50 0.0 0.0 0.0 0.0 1.0 0.0 0.0 0.6996501749125437
40 45 30 0.0 0.0 0.0 0.0 1.0 0.0 0.0 0.6996501749125437
40 45 31 0.0 0.0 0.0 0.0 13.0 0.0 0.0 0.695479384003974
40 45 32 0.0 0.0 136.0 0.0 3181.0 19.0 73.0 0.26415094339622636
40 45 33 0.0 0.0 463.0 0.0 9332.0 25.0 1955.0 0.11886568177958906
40 45 34 0.0 0.0 1040.0 0.0 13139.0 40.0 10987.0 0.08660686668728734
40 45 35 0.0 0.0 807.0 0.0 12443.0 28.0 5748.0 0.09183941222776174
40 45 36 0.0 0.0 1254.0 0.0 13730.0 38.0 12351.0 0.08244023083264633
40 45 37 0.0 0.0 1893.0 0.0 13344.0 47.0 27262.0 0.08127721335268505
40 45 38 0.0 0.0 2445.0 0.0 12645.0 60.0 38070.0 0.08192404470712153
40 45 39 0.0 0.0 2619.0 0.0 12830.0 51.0 38602.0 0.08021543574170628
40 45 40 0.0 0.0 2295.0 0.0 13378.0 54.0 32240.0 0.07918552036199095
40 45 41 0.0 0.0 2396.0 0.0 12354.0 54.0 38616.0 0.0835421888053467
40 45 42 0.0 0.0 2548.0 0.0 12447.0 58.0 39552.0 0.08234809717075466
40 45 43 0.0 0.0 2049.0 0.0 12974.0 47.0 30531.0 0.08218856404837382
40 45 44 0.0 0.0 1768.0 0.0 13392.0 43.0 24885.0 0.08161837579432168
40 45 45 0.0 0.0 1113.0 0.0 13114.0 19.0 12066.0 0.08619628124615193
40 45 46 0.0 0.0 1449.0 0.0 13011.0 56.0 19784.0 0.08516851198442632
40 45 47 0.0 0.0 443.0 0.0 8705.0 22.0 1254.0 0.12569581612497752
40 45 48 0.0 0.0 81.0 0.0 1981.0 11.0 32.0 0.3455083909180651
40 45 49 0.0 0.0 10.0 0.0 294.0 6.0 0.0 0.609225413402959
40 46 31 0.0 0.0 0.0 0.0 7.0 0.0 0.0 0.6975585450921773
40 46 32 0.0 0.0 53.0 0.0 1240.0 11.0 5.0 0.42656916514320525
40 46 33 0.0 0.0 529.0 0.0 10053.0 23.0 2401.0 0.11136743298066977
40 46 34 0.0 0.0 410.0 0.0 8101.0 22.0 1106.0 0.1334095673718315
40 46 35 0.0 0.0 392.0 0.0 8440.0 21.0 1500.0 0.12937806117734033
40 46 36 0.0 0.0 368.0 0.0 7395.0 28.0 729.0 0.1436634171369933
40 46 37 0.0 0.0 880.0 0.0 12787.0 24.0 6071.0 0.089354097523615
40 46 38 0.0 0.0 1833.0 0.0 13235.0 49.0 26788.0 0.08201523140011716
40 46 39 0.0 0.0 1496.0 0.0 13555.0 34.0 18929.0 0.08211143695014661
40 46 40 0.0 0.0 1093.0 0.0 13566.0 31.0 10298.0 0.0840891344825515
40 46 41 0.0 0.0 1216.0 0.0 13833.0 36.0 10923.0 0.08207292765857661
40 46 42 0.0 0.0 1208.0 0.0 13469.0 36.0 11933.0 0.08398320335932813
40 46 43 0.0 0.0 686.0 0.0 11593.0 27.0 4483.0 0.09811479430934192
40 46 44 0.0 0.0 816.0 0.0 12459.0 24.0 7292.0 0.09164702801780569
40 46 45 0.0 0.0 390.0 0.0 8526.0 20.0 1379.0 0.128428584533529
40 46 46 0.0 0.0 810.0 0.0 12255.0 29.0 6521.0 0.09298000929800092
40 46 47 0.0 0.0 237.0 0.0 5554.0 17.0 388.0 0.1801338136901698
40 46 48 0.0 0.0 206.0 0.0 5628.0 19.0 473.0 0.17902813299232734
40 46 49 0.0 0.0 0.0 0.0 11.0 0.0 0.0 0.6961710591745399
40 47 31 0.0 0.0 0.0 0.0 3.0 0.0 0.0 0.6989515726410384
40 47 32 0.0 0.0 3.0 0.0 139.0 1.0 0.0 0.6542056074766354
40 47 33 0.0 0.0 154.0 0.0 3546.0 17.0 92.0 0.24621878297572983
40 47 34 0.0 0.0 8.0 0.0 188.0 2.0 0.0 0.6381039197812214
40 47 35 0.0 0.0 90.0 0.0 2252.0 15.0 42.0 0.32362459546925565
40 47 36 0.0 0.0 241.0 0.0 5140.0 25.0 227.0 0.1904243743199129
40 47 37 0.0 0.0 494.0 0.0 9571.0 16.0 1738.0 0.1161247511612475
40 47 38 0.0 0.0 658.0 0.0 11311.0 28.0 3518.0 0.10035122930255895
40 47 39 0.0 0.0 735.0 0.0 11885.0 24.0 5559.0 0.09579199452617174
40 47 40 0.0 0.0 539.0 0.0 10326.0 16.0 3198.0 0.10883084577114427
40 47 41 0.0 0.0 481.0 0.0 9340.0 25.0 1777.0 0.11861391171735997
40 47 42 0.0 0.0 509.0 0.0 9987.0 26.0 2362.0 0.11217049915872125
40 47 43 0.0 0.0 456.0 0.0 9316.0 15.0 1834.0 0.11896668932698842
40 47 44 0.0 0.0 114.0 0.0 2914.0 15.0 55.0 0.27927388789148205
40 47 45 0.0 0.0 58.0 0.0 2028.0 9.0 34.0 0.3433055419323197
40 47 46 0.0 0.0 5.0 0.0 506.0 2.0 1.0 0.557991231566361
40 47 47 0.0 0.0 6.0 0.0 260.0 0.0 1.0 0.6181015452538631
40 47 48 0.0 0.0 1.0 0.0 134.0 0.0 0.0 0.6560449859418931
40 47 49 0.0 0.0 0.0 0.0 8.0 0.0 0.0 0.697211155378486
40 48 32 0.0 0.0 0.0 0.0 2.0 0.0 0.0 0.6993006993006992
40 48 33 0.0 0.0 0.0 0.0 6.0 0.0 0.0 0.6979062811565303
40 48 34 0.0 0.0 0.0 0.0 1.0 0.0 0.0 0.6996501749125437
40 48 35 0.0 0.0 54.0 0.0 1262.0 7.0 11.0 0.42308854638863697
40 48 36 0.0 0.0 355.0 0.0 7080.0 20.0 652.0 0.1485411140583554
40 48 37 0.0 0.0 84.0 0.0 2419.0 16.0 41.0 0.3120124804992199
40 48 38 0.0 0.0 245.0 0.0 5504.0 16.0 346.0 0.18097207859358838
40 48 39 0.0 0.0 157.0 0.0 4077.0 18.0 172.0 0.2252252252252252
40 48 40 0.0 0.0 104.0 0.0 2626.0 14.0 43.0 0.2969247083775185
40 48 41 0.0 0.0 24.0 0.0 710.0 2.0 5.0 0.5128205128205128
40 48 42 0.0 0.0 25.0 0.0 470.0 4.0 0.0 0.5620232838217583
40 48 43 0.0 0.0 177.0 0.0 4272.0 19.0 187.0 0.21762785636561477
40 48 44 0.0 0.0 3.0 0.0 153.0 2.0 0.0 0.649953574744661
40 48 45 0.0 0.0 0.0 0.0 21.0 0.0 0.0 0.6930693069306929
40 48 46 0.0 0.0 1.0 0.0 49.0 0.0 0.0 0.6829268292682925
40 48 47 0.0 0.0 0.0 0.0 1.0 0.0 0.0 0.6996501749125437
40 49 35 0.0 0.0 0.0 0.0 12.0 0.0 0.0 0.6961710591745399
40 49 36 0.0 0.0 131.0 0.0 2840.0 13.0 53.0 0.28231498285944745
40 49 37 0.0 0.0 3.0 0.0 210.0 3.0 0.0 0.6334841628959276
40 49 38 0.0 0.0 77.0 0.0 1636.0 15.0 11.0 0.3784806704514733
40 49 39 0.0 0.0 143.0 0.0 3256.0 11.0 87.0 0.2597884579699387
40 49 40 0.0 0.0 0.0 0.0 22.0 0.0 0.0 0.6923837784371908
40 49 41 0.0 0.0 0.0 0.0 5.0 0.0 0.0 0.6982543640897755
40 49 42 0.0 0.0 0.0 0.0 29.0 0.0 0.0 0.6899950714637751
40 49 43 0.0 0.0 0.0 0.0 13.0 0.0 0.0 0.695479384003974
40 49 44 0.0 0.0 0.0 0.0 6.0 0.0 0.0 0.6979062811565303
40 49 45 0.0 0.0 0.0 0.0 3.0 0.0 0.0 0.6989515726410384
40 50 35 0.0 0.0 1.0 0.0 5.0 1.0 0.0 0.6982543640897755
40 50 36 0.0 0.0 2.0 0.0 38.0 1.0 0.0 0.6866110838646394
40 50 37 0.0 0.0 1.0 0.0 18.0 1.0 0.0 0.6937561942517343
40 50 38 0.0 0.0 1.0 0.0 9.0 0.0 0.0 0.6965174129353233
40 50 39 0.0 0.0 0.0 0.0 1.0 0.0 0.0 0.6996501749125437
40 50 40 0.0 0.0 0.0 0.0 2.0 0.0 0.0 0.6993006993006992
41 30 38 0.0 0.0 0.0 0.0 3.0 0.0 0.0 0.6989515726410384
41 30 39 0.0 0.0 0.0 0.0 14.0 0.0 0.0 0.695479384003974
41 30 40 0.0 0.0 0.0 0.0 1.0 0.0 0.0 0.6996501749125437
41 30 41 0.0 0.0 0.0 0.0 2.0 0.0 0.0 0.6993006993006992
41 31 35 0.0 0.0 0.0 0.0 4.0 0.0 0.0 0.6986027944111775
41 31 36 0.0 0.0 3.0 0.0 37.0 0.0 0.0 0.6862745098039215
41 31 37 0.0 0.0 43.0 0.0 1033.0 4.0 5.0 0.4557291666666666
41 31 38 0.0 0.0 45.0 0.0 1271.0 12.0 10.0 0.42372881355932196
41 31 39 0.0 0.0 1.0 0.0 146.0 0.0 0.0 0.6520726595249184
41 31 40 0.0 0.0 23.0 0.0 562.0 4.0 0.0 0.5426356589147286
41 31 41 0.0 0.0 25.0 0.0 795.0 9.0 3.0 0.49804340092493765
41 31 42 0.0 0.0 4.0 0.0 111.0 1.0 0.0 0.662251655629139
41 31 43 0.0 0.0 4.0 0.0 69.0 2.0 0.0 0.6760019314340897
41 31 44 0.0 0.0 0.0 0.0 3.0 0.0 0.0 0.6989515726410384
41 31 45 0.0 0.0 0.0 0.0 1.0 0.0 0.0 0.6996501749125437
41 32 32 0.0 0.0 0.0 0.0 3.0 0.0 0.0 0.6989515726410384
41 32 33 0.0 0.0 0.0 0.0 25.0 0.0 0.0 0.6913580246913579
41 32 34 0.0 0.0 0.0 0.0 45.0 0.0 0.0 0.6852667645619186
41 32 35 0.0 0.0 29.0 0.0 633.0 4.0 1.0 0.5269100489273615
41 32 36 0.0 0.0 200.0 0.0 4445.0 24.0 183.0 0.21135265700483086
41 32 37 0.0 0.0 212.0 0.0 5047.0 22.0 301.0 0.1933968780218262
41 32 38 0.0 0.0 225.0 0.0 5393.0 12.0 338.0 0.18392012611665787
41 32 39 0.0 0.0 240.0 0.0 5680.0 24.0 364.0 0.17723762501582477
41 32 40 0.0 0.0 617.0 0.0 10666.0 26.0 2568.0 0.10549318061939567
41 32 41 0.0 0.0 360.0 0.0 7638.0 21.0 985.0 0.14022435897435898
41 32 42 0.0 0.0 101.0 0.0 2405.0 15.0 28.0 0.3118040089086859
41 32 43 0.0 0.0 36.0 0.0 985.0 14.0 7.0 0.4655803126039241
41 32 44 0.0 0.0 30.0 0.0 809.0 10.0 3.0 0.495049504950495
41 32 45 0.0 0.0 0.0 0.0 23.0 0.0 0.0 0.6923837784371908
41 32 46 0.0 0.0 0.0 0.0 4.0 0.0 0.0 0.6986027944111775
41 32 47 0.0 0.0 0.0 0.0 1.0 0.0 0.0 0.6996501749125437
41 33 31 0.0 0.0 0.0 0.0 1.0 0.0 0.0 0.6996501749125437
41 33 32 0.0 0.0 0.0 0.0 21.0 0.0 0.0 0.6930693069306929
41 33 33 0.0 0.0 179.0 0.0 4155.0 25.0 137.0 0.22194039315155356
41 33 34 0.0 0.0 227.0 0.0 5440.0 15.0 291.0 0.18288700195950355
41 33 35 0.0 0.0 442.0 0.0 8981.0 26.0 1683.0 0.12265638689328894
41 33 36 0.0 0.0 439.0 0.0 9231.0 19.0 1881.0 0.12006861063464834
41 33 37 0.0 0.0 752.0 0.0 11979.0 23.0 5025.0 0.09506348883004004
41 33 38 0.0 0.0 797.0 0.0 12329.0 21.0 6570.0 0.09250082590023123
41 33 39 0.0 0.0 839.0 0.0 12582.0 29.0 5424.0 0.0908265213442325
41 33 40 0.0 0.0 841.0 0.0 12451.0 25.0 5278.0 0.09161104567464991
41 33 41 0.0 0.0 997.0 0.0 12956.0 21.0 8949.0 0.08770281275449476
41 33 42 0.0 0.0 740.0 0.0 12036.0 25.0 5444.0 0.09479956663055253
41 33 43 0.0 0.0 404.0 0.0 8314.0 10.0 1260.0 0.13070675007002144
41 33 44 0.0 0.0 162.0 0.0 4069.0 18.0 155.0 0.2253339771446966
41 33 45 0.0 0.0 42.0 0.0 1524.0 5.0 21.0 0.3931479921370401
41 33 46 0.0 0.0 42.0 0.0 723.0 12.0 1.0 0.5085361423901198
41 33 47 0.0 0.0 2.0 0.0 27.0 0.0 0.0 0.6899950714637751
41 33 48 0.0 0.0 0.0 0.0 7.0 1.0 0.0 0.6979062811565303
41 34 31 0.0 0.0 0.0 0.0 1.0 0.0 0.0 0.6996501749125437
41 34 32 0.0 0.0 67.0 0.0 1589.0 11.0 11.0 0.38408779149519884
41 34 33 0.0 0.0 211.0 0.0 4961.0 21.0 301.0 0.1957220746539913
41 34 34 0.0 0.0 599.0 0.0 10827.0 18.0 3376.0 0.10431413456523357
41 34 35 0.0 0.0 951.0 0.0 12878.0 29.0 8965.0 0.08850116947973954
41 34 36 0.0 0.0 1017.0 0.0 13233.0 35.0 9029.0 0.08620689655172413
41 34 37 0.0 0.0 1619.0 0.0 13486.0 52.0 20913.0 0.08189050070191857
41 34 38 0.0 0.0 1417.0 0.0 13849.0 35.0 15149.0 0.08114060507708357
41 34 39 0.0 0.0 1699.0 0.0 13544.0 47.0 22501.0 0.08118765947575968
41 34 40 0.0 0.0 1652.0 0.0 13800.0 38.0 21250.0 0.08019705562238642
41 34 41 0.0 0.0 1935.0 0.0 12355.0 45.0 32255.0 0.0858948401742438
41 34 42 0.0 0.0 1027.0 0.0 13323.0 40.0 8836.0 0.08572128337007102
41 34 43 0.0 0.0 1150.0 0.0 13357.0 34.0 12521.0 0.08476628723661903
41 34 44 0.0 0.0 904.0 0.0 12608.0 31.0 9187.0 0.09029345372460496
41 34 45 0.0 0.0 471.0 0.0 9461.0 22.0 2078.0 0.1174496644295302
41 34 46 0.0 0.0 11.0 0.0 619.0 2.0 0.0 0.5327245053272449
41 34 47 0.0 0.0 58.0 0.0 1013.0 5.0 6.0 0.45662100456621
41 34 48 0.0 0.0 2.0 0.0 80.0 0.0 0.0 0.6724303554274734
41 34 49 0.0 0.0 0.0 0.0 1.0 0.0 0.0 0.6996501749125437
41 35 31 0.0 0.0 0.0 0.0 82.0 0.0 0.0 0.6724303554274734
41 35 32 0.0 0.0 52.0 0.0 1549.0 9.0 19.0 0.3898635477582845
41 35 33 0.0 0.0 624.0 0.0 11022.0 21.0 3659.0 0.10262424864389384
41 35 34 0.0 0.0 890.0 0.0 12759.0 18.0 7687.0 0.08943972401456589
41 35 35 0.0 0.0 1688.0 0.0 13257.0 50.0 24447.0 0.08262024195928001
41 35 36 0.0 0.0 2447.0 0.0 12504.0 53.0 37876.0 0.0825617738986849
41 35 37 0.0 0.0 2553.0 0.0 12779.0 50.0 38636.0 0.08069164265129682
41 35 38 0.0 0.0 2878.0 0.0 12339.0 66.0 45592.0 0.08135278052181996
41 35 39 0.0 0.0 2799.0 0.0 13760.0 59.0 36495.0 0.07545542740109949
41 35 40 0.0 0.0 3178.0 0.0 10204.0 67.0 63440.0 0.09090318810466852
41 35 41 0.0 0.0 2526.0 0.0 13235.0 54.0 35390.0 0.07880220646178092
41 35 42 0.0 0.0 2308.0 0.0 12349.0 56.0 38229.0 0.08407398510689405
41 35 43 0.0 0.0 1737.0 0.0 13843.0 50.0 21273.0 0.07968127490039839
41 35 44 0.0 0.0 1114.0 0.0 13546.0 30.0 10424.0 0.08405884118883218
41 35 45 0.0 0.0 927.0 0.0 12951.0 29.0 8520.0 0.08815565770417479
41 35 46 0.0 0.0 374.0 0.0 8119.0 20.0 1127.0 0.1336005344021376
41 35 47 0.0 0.0 260.0 0.0 5976.0 21.0 487.0 0.17037848363149563
41 35 48 0.0 0.0 39.0 0.0 895.0 9.0 3.0 0.4786324786324786
41 35 49 0.0 0.0 0.0 0.0 27.0 0.0 0.0 0.6906758756783422
41 36 30 0.0 0.0 2.0 0.0 51.0 1.0 0.0 0.6822612085769979
41 36 31 0.0 0.0 58.0 0.0 1727.0 12.0 13.0 0.3710575139146567
41 36 32 0.0 0.0 304.0 0.0 6628.0 18.0 524.0 0.15696826998542435
41 36 33 0.0 0.0 597.0 0.0 11075.0 28.0 3896.0 0.10249652243941722
41 36 34 0.0 0.0 1215.0 0.0 13470.0 21.0 13323.0 0.08383233532934131
41 36 35 0.0 0.0 2512.0 0.0 13032.0 53.0 36776.0 0.07975390224450267
41 36 36 0.0 0.0 3251.0 0.0 11655.0 77.0 54289.0 0.08285004142502071
41 36 37 0.0 0.0 4145.0 0.0 9738.0 73.0 77665.0 0.08801710046523324
41 36 38 0.0 0.0 4768.0 0.0 11119.0 90.0 70947.0 0.07840501792114694
41 36 39 0.0 0.0 4768.0 0.0 9400.0 73.0 85047.0 0.08652122860144612
41 36 40 0.0 0.0 4746.0 0.0 9483.0 70.0 82961.0 0.0862546978005052
41 36 41 0.0 1.0 4266.0 3.0 10976.0 73.0 67123.0 0.08111709832551132
41 36 42 0.0 1.0 3744.0 4.0 12080.0 72.0 54426.0 0.07845774490024657
41 36 43 0.0 0.0 3202.0 0.0 10874.0 81.0 57973.0 0.08711343413602139
41 36 44 0.0 0.0 1846.0 0.0 14310.0 41.0 21374.0 0.0771264874394006
41 36 45 0.0 0.0 1218.0 0.0 13272.0 42.0 14582.0 0.08492053863884506
41 36 46 0.0 0.0 710.0 0.0 11624.0 26.0 4377.0 0.09775171065493646
41 36 47 0.0 0.0 557.0 0.0 10358.0 34.0 2597.0 0.10860290124893336
41 36 48 0.0 0.0 456.0 0.0 9049.0 21.0 1733.0 0.12187690432663008
41 36 49 0.0 0.0 30.0 0.0 676.0 5.0 2.0 0.5183265457238059
41 37 30 0.0 0.0 0.0 0.0 10.0 0.0 0.0 0.6965174129353233
41 37 31 0.0 0.0 87.0 0.0 2064.0 13.0 28.0 0.33832769453842426
41 37 32 0.0 0.0 404.0 0.0 8472.0 24.0 1418.0 0.12894906511927787
41 37 33 0.0 0.0 1021.0 0.0 13309.0 32.0 10066.0 0.08572653236176596
41 37 34 0.0 0.0 1438.0 0.0 14191.0 31.0 14920.0 0.07936507936507936
41 37 35 0.0 0.0 2957.0 0.0 12489.0 52.0 44036.0 0.0802062446290461
41 37 36 0.0 0.0 4318.0 0.0 8747.0 87.0 87394.0 0.0928813109533603
41 37 37 0.0 0.0 4482.0 0.0 5976.0 69.0 118544.0 0.11241368235105186
41 37 38 0.0 3.0 6201.0 7.0 6848.0 70.0 117237.0 0.0929244656843223
41 37 39 0.0 0.0 5260.0 0.0 5405.0 59.0 131197.0 0.11053213327017211
41 37 40 1.0 2.0 6930.0 4.0 8168.0 85.0 106742.0 0.0818282775147583
41 37 41 0.0 2.0 5895.0 1.0 7021.0 66.0 113631.0 0.09374581491897682
41 37 42 0.0 0.0 5427.0 0.0 8107.0 94.0 100789.0 0.09020037368726241
41 37 43 0.0 1.0 4712.0 3.0 9939.0 77.0 79349.0 0.0840134421507441
41 37 44 0.0 0.0 3393.0 0.0 11509.0 72.0 55938.0 0.08289909995262908
41 37 45 0.0 0.0 2272.0 0.0 13125.0 53.0 33354.0 0.08045977011494253
41 37 46 0.0 0.0 1202.0 0.0 13582.0 27.0 12415.0 0.08344260340922637
41 37 47 0.0 0.0 627.0 0.0 11052.0 26.0 3360.0 0.10242903131401813
41 37 48 0.0 0.0 232.0 0.0 5608.0 24.0 386.0 0.17911975435005115
41 37 49 0.0 0.0 4.0 0.0 112.0 3.0 0.0 0.6625650733554187
41 37 50 0.0 0.0 0.0 0.0 1.0 0.0 0.0 0.6996501749125437
41 38 30 0.0 0.0 0.0 0.0 4.0 0.0 0.0 0.6986027944111775
41 38 31 0.0 0.0 8.0 0.0 517.0 3.0 0.0 0.5557761016276299
41 38 32 0.0 0.0 584.0 0.0 10624.0 26.0 2695.0 0.10606864156375481
41 38 33 0.0 0.0 1673.0 0.0 13127.0 48.0 24652.0 0.08320950965824664
41 38 34 0.0 0.0 2122.0 0.0 12551.0 72.0 33423.0 0.0840134421507441
41 38 35 0.0 0.0 3481.0 0.0 11190.0 78.0 59023.0 0.08402856971370265
41 38 36 0.0 0.0 5101.0 0.0 9349.0 83.0 86624.0 0.08512708257327009
41 38 37 0.0 0.0 6541.0 1.0 7481.0 82.0 111503.0 0.08741804558226662
41 38 38 0.0 1.0 5625.0 2.0 4395.0 51.0 144057.0 0.11628872829969265
41 38 39 0.0 7.0 7499.0 6.0 4821.0 58.0 142235.0 0.0974251913709116
41 38 40 0.0 10.0 7643.0 10.0 4796.0 52.0 141740.0 0.09689922480620153
41 38 41 0.0 32.0 7032.0 41.0 4902.0 67.0 140644.0 0.09992149025765469
41 38 42 0.0 9.0 5832.0 10.0 5082.0 72.0 135198.0 0.10797470306956655
41 38 43 0.0 1.0 5553.0 2.0 7030.0 76.0 111046.0 0.09593640786678544
41 38 44 0.0 0.0 4309.0 0.0 11011.0 85.0 67647.0 0.08084074373484235
41 38 45 0.0 0.0 2631.0 0.0 13180.0 69.0 37207.0 0.07865610427552108
41 38 46 0.0 0.0 1478.0 0.0 13773.0 37.0 17602.0 0.08112649939155124
41 38 47 0.0 0.0 669.0 0.0 11209.0 29.0 3971.0 0.1009809578765147
41 38 48 0.0 0.0 142.0 0.0 3295.0 15.0 102.0 0.25801695539992625
41 38 49 0.0 0.0 5.0 0.0 275.0 0.0 0.0 0.6143045195261079
41 39 30 0.0 0.0 0.0 0.0 3.0 0.0 0.0 0.6989515726410384
41 39 31 0.0 0.0 29.0 0.0 1029.0 5.0 7.0 0.4585653455617425
41 39 32 0.0 0.0 591.0 0.0 10512.0 16.0 2501.0 0.1069028711056811
41 39 33 0.0 0.0 1009.0 0.0 13201.0 22.0 8470.0 0.08636111282462525
41 39 34 0.0 0.0 2184.0 0.0 13885.0 45.0 27428.0 0.07740366008735555
41 39 35 0.0 0.0 3695.0 0.0 11157.0 68.0 61326.0 0.0830614061109463
41 39 36 0.0 0.0 5789.0 0.0 9217.0 84.0 92214.0 0.08235294117647059
41 39 37 0.0 1.0 6692.0 2.0 6195.0 74.0 127688.0 0.09397234528124579
41 39 38 0.0 4.0 6365.0 1.0 3772.0 47.0 152050.0 0.1152832674571805
41 39 39 1.0 8.0 4642.0 6.0 2372.0 29.0 166937.0 0.15509028470145117
41 39 40 0.0 25.0 6129.0 17.0 2705.0 44.0 164563.0 0.12867647058823528
41 39 41 1.0 17.0 4474.0 18.0 2283.0 35.0 167134.0 0.15941698929628784
41 39 42 0.0 11.0 5777.0 15.0 3703.0 41.0 153511.0 0.12172854534388311
41 39 43 0.0 3.0 6041.0 4.0 6093.0 76.0 124752.0 0.09899589874133784
41 39 44 0.0 0.0 4832.0 0.0 9050.0 73.0 89153.0 0.08811681772406847
41 39 45 0.0 0.0 3140.0 0.0 11759.0 57.0 51450.0 0.08282063416942734
41 39 46 0.0 0.0 1618.0 0.0 13968.0 46.0 19016.0 0.07966767199681328
41 39 47 0.0 0.0 846.0 0.0 12590.0 32.0 6090.0 0.09080295758204694
41 39 48 0.0 0.0 266.0 0.0 5949.0 18.0 440.0 0.17069007559131916
41 39 49 0.0 0.0 0.0 0.0 60.0 0.0 0.0 0.6802721088435373
41 40 30 0.0 0.0 9.0 0.0 87.0 3.0 0.0 0.668896321070234
41 40 31 0.0 0.0 28.0 0.0 680.0 7.0 4.0 0.5185185185185184
41 40 32 0.0 0.0 413.0 0.0 8789.0 21.0 1539.0 0.1251228885512557
41 40 33 0.0 0.0 1150.0 0.0 13306.0 45.0 11883.0 0.08515815085158149
41 40 34 0.0 0.0 2449.0 0.0 12514.0 61.0 38473.0 0.0824742268041237
41 40 35 0.0 0.0 3918.0 0.0 10656.0 80.0 67758.0 0.08447474808423339
41 40 36 0.0 1.0 5402.0 4.0 7272.0 73.0 107940.0 0.09523161689680973
41 40 37 0.0 0.0 6174.0 0.0 5250.0 64.0 135107.0 0.1042287075640262
41 40 38 0.0 7.0 6647.0 5.0 3786.0 47.0 153172.0 0.11244076780981445
41 40 39 0.0 23.0 5646.0 21.0 2526.0 35.0 166671.0 0.13695949911954605
41 40 40 0.0 60.0 6938.0 40.0 2634.0 44.0 165611.0 0.11976047904191615
41 40 41 0.0 51.0 4653.0 38.0 2217.0 40.0 170461.0 0.15649452269170577
41 40 42 0.0 52.0 5683.0 55.0 3430.0 43.0 155306.0 0.1246771751714311
41 40 43 0.0 6.0 6894.0 9.0 7029.0 68.0 117935.0 0.08781834148789361
41 40 44 0.0 2.0 4757.0 7.0 8725.0 82.0 89808.0 0.09032258064516129
41 40 45 0.0 0.0 3144.0 0.0 12470.0 60.0 45741.0 0.07943713118474806
41 40 46 0.0 0.0 1739.0 0.0 13351.0 55.0 24808.0 0.08200562324273664
41 40 47 0.0 0.0 1055.0 0.0 13169.0 26.0 9811.0 0.0862546978005052
41 40 48 0.0 0.0 402.0 0.0 8529.0 23.0 1347.0 0.12831087892952067
41 40 49 0.0 0.0 4.0 0.0 102.0 0.0 0.0 0.664767331433998
41 41 30 0.0 0.0 0.0 0.0 5.0 0.0 0.0 0.6982543640897755
41 41 31 0.0 0.0 29.0 0.0 565.0 6.0 2.0 0.5409582689335393
41 41 32 0.0 0.0 312.0 0.0 7055.0 23.0 733.0 0.14968459317865923
41 41 33 0.0 0.0 1064.0 0.0 13137.0 33.0 10983.0 0.08643042350907518
41 41 34 0.0 0.0 2201.0 0.0 13271.0 45.0 31351.0 0.08016950123117447
41 41 35 0.0 0.0 3711.0 0.0 10932.0 72.0 64386.0 0.08411439557798604
41 41 36 0.0 0.0 4599.0 0.0 6782.0 76.0 110570.0 0.10457125784284432
41 41 37 0.0 0.0 5236.0 0.0 4941.0 58.0 135064.0 0.11498028909329829
41 41 38 0.0 5.0 5932.0 4.0 3915.0 51.0 150294.0 0.11807371173146664
41 41 39 0.0 21.0 4623.0 13.0 2444.0 26.0 166272.0 0.15369414864419803
41 41 40 0.0 73.0 5116.0 65.0 2360.0 40.0 167622.0 0.14556040756914118
41 41 41 1.0 79.0 5737.0 68.0 2956.0 48.0 161459.0 0.12918704438497736
41 41 42 0.0 76.0 7294.0 101.0 5153.0 58.0 138916.0 0.09563494774233212
41 41 43 0.0 15.0 6018.0 24.0 6984.0 70.0 116005.0 0.09320284934425137
41 41 44 0.0 2.0 4800.0 7.0 10046.0 80.0 78922.0 0.08307126327656796
41 41 45 0.0 0.0 2843.0 0.0 12424.0 68.0 44458.0 0.08113590263691682
41 41 46 0.0 0.0 2049.0 0.0 12932.0 46.0 30513.0 0.08241111372733693
41 41 47 0.0 0.0 795.0 0.0 12339.0 32.0 6298.0 0.09261096778461334
41 41 48 0.0 0.0 215.0 0.0 5027.0 24.0 277.0 0.19390581717451522
41 41 49 0.0 0.0 25.0 0.0 649.0 8.0 1.0 0.5251312828207051
41 42 30 0.0 0.0 1.0 0.0 21.0 0.0 0.0 0.6923837784371908
41 42 31 0.0 0.0 28.0 0.0 737.0 8.0 2.0 0.5077983315197678
41 42 32 0.0 0.0 271.0 0.0 6167.0 21.0 462.0 0.16631028747921117
41 42 33 0.0 0.0 1035.0 0.0 12965.0 34.0 10183.0 0.08751640932674876
41 42 34 0.0 0.0 1616.0 0.0 13951.0 41.0 19164.0 0.07971303308090873
41 42 35 0.0 0.0 3223.0 0.0 10563.0 67.0 62093.0 0.08871427666180849
41 42 36 0.0 0.0 4458.0 0.0 10356.0 81.0 74514.0 0.08330358205402831
41 42 37 0.0 1.0 5818.0 1.0 7963.0 79.0 105257.0 0.08871427666180849
41 42 38 0.0 2.0 7016.0 7.0 7042.0 74.0 117682.0 0.0870430241233524
41 42 39 0.0 24.0 6746.0 16.0 5042.0 65.0 138613.0 0.1012878020546954
41 42 40 0.0 64.0 6310.0 72.0 4266.0 66.0 146303.0 0.11027963765261913
41 42 41 0.0 89.0 7081.0 111.0 5217.0 52.0 136801.0 0.09629935341862704
41 42 42 0.0 60.0 5730.0 111.0 5286.0 71.0 131307.0 0.1062779928641919
41 42 43 0.0 5.0 4849.0 10.0 6471.0 58.0 116400.0 0.10484535310417134
41 42 44 0.0 0.0 4209.0 2.0 11515.0 55.0 62599.0 0.07888657237843015
41 42 45 0.0 0.0 2597.0 0.0 12621.0 56.0 40220.0 0.08125362739408008
41 42 46 0.0 0.0 1291.0 0.0 13531.0 40.0 15348.0 0.08322434906669837
41 42 47 0.0 0.0 339.0 0.0 7668.0 14.0 965.0 0.13999999999999999
41 42 48 0.0 0.0 160.0 0.0 3447.0 16.0 84.0 0.2503128911138923
41 42 49 0.0 0.0 2.0 0.0 111.0 1.0 0.0 0.6628787878787878
41 42 50 0.0 0.0 0.0 0.0 2.0 0.0 0.0 0.6993006993006992
41 43 30 0.0 0.0 0.0 0.0 2.0 0.0 0.0 0.6993006993006992
41 43 31 0.0 0.0 2.0 0.0 178.0 0.0 0.0 0.6422018348623851
41 43 32 0.0 0.0 237.0 0.0 5799.0 24.0 394.0 0.17465069860279436
41 43 33 0.0 0.0 620.0 0.0 11032.0 30.0 3730.0 0.10267693436010267
41 43 34 0.0 0.0 1373.0 0.0 13524.0 38.0 16951.0 0.08288928359976316
41 43 35 0.0 0.0 2624.0 0.0 12017.0 71.0 43371.0 0.08415484491464294
41 43 36 0.0 0.0 3410.0 0.0 11657.0 64.0 56677.0 0.0819816126954383
41 43 37 0.0 0.0 4462.0 0.0 9216.0 68.0 83946.0 0.08928571428571427
41 43 38 0.0 0.0 5479.0 1.0 9254.0 66.0 89997.0 0.08351228823669767
41 43 39 0.0 10.0 5842.0 14.0 8020.0 77.0 103422.0 0.08810018249323516
41 43 40 0.0 19.0 6183.0 28.0 7588.0 68.0 109317.0 0.0884564352056612
41 43 41 0.0 20.0 6108.0 38.0 7896.0 83.0 105846.0 0.08716767324575056
41 43 42 0.0 8.0 5250.0 21.0 8309.0 83.0 98889.0 0.08989341209708487
41 43 43 0.0 4.0 4498.0 15.0 8579.0 83.0 91153.0 0.092758232293116
41 43 44 0.0 0.0 3586.0 0.0 9941.0 65.0 70565.0 0.09017132551848511
41 43 45 0.0 0.0 2206.0 0.0 13176.0 56.0 31143.0 0.08058017727639
41 43 46 0.0 0.0 1202.0 0.0 13530.0 34.0 12026.0 0.08370202080593088
41 43 47 0.0 0.0 237.0 0.0 5549.0 25.0 340.0 0.18036588508116463
41 43 48 0.0 0.0 142.0 0.0 3712.0 15.0 106.0 0.23976708340469252
41 43 49 0.0 0.0 104.0 0.0 2018.0 13.0 29.0 0.3407984420642648
41 44 31 0.0 0.0 78.0 0.0 2013.0 10.0 30.0 0.3429691327780499
41 44 32 0.0 0.0 112.0 0.0 2946.0 11.0 54.0 0.2773925104022191
41 44 33 0.0 0.0 531.0 0.0 9684.0 17.0 1983.0 0.11474469305794606
41 44 34 0.0 0.0 772.0 0.0 12340.0 29.0 5424.0 0.09272751357795733
41 44 35 0.0 0.0 1669.0 0.0 13375.0 46.0 22944.0 0.08212588725288905
41 44 36 0.0 0.0 2207.0 0.0 13030.0 66.0 32188.0 0.08125362739408008
41 44 37 0.0 0.0 2798.0 0.0 12109.0 76.0 45201.0 0.08282553392888835
41 44 38 0.0 0.0 3518.0 0.0 12803.0 56.0 49174.0 0.07634004035116418
41 44 39 0.0 0.0 4039.0 1.0 11449.0 64.0 62898.0 0.07996801279488204
41 44 40 0.0 1.0 4437.0 0.0 10596.0 71.0 72174.0 0.08219338930311747
41 44 41 0.0 0.0 4036.0 0.0 11888.0 72.0 58692.0 0.07812935989731569
41 44 42 0.0 2.0 3698.0 9.0 12165.0 62.0 54643.0 0.07814244250948871
41 44 43 0.0 0.0 3147.0 1.0 11725.0 62.0 52626.0 0.08287456342863907
41 44 44 0.0 0.0 2372.0 1.0 13493.0 59.0 32362.0 0.07828226347573249
41 44 45 0.0 0.0 2081.0 0.0 12310.0 55.0 34306.0 0.08537626539821928
41 44 46 0.0 0.0 842.0 0.0 12447.0 28.0 5739.0 0.09164102899783988
41 44 47 0.0 0.0 435.0 0.0 9183.0 26.0 1720.0 0.12066885019824165
41 44 48 0.0 0.0 79.0 0.0 1505.0 16.0 11.0 0.39248668348752447
41 44 49 0.0 0.0 29.0 0.0 673.0 9.0 3.0 0.5198663200891199
41 45 31 0.0 0.0 0.0 0.0 12.0 0.0 0.0 0.6958250497017892
41 45 32 0.0 0.0 29.0 0.0 1131.0 5.0 10.0 0.4438807863031071
41 45 33 0.0 0.0 99.0 0.0 3223.0 8.0 86.0 0.2635046113306982
41 45 34 0.0 0.0 458.0 0.0 9501.0 22.0 2037.0 0.11714500878587564
41 45 35 0.0 0.0 957.0 0.0 13021.0 37.0 9300.0 0.08763144717075612
41 45 36 0.0 0.0 1163.0 0.0 13480.0 39.0 12444.0 0.08413461538461538
41 45 37 0.0 0.0 1573.0 0.0 13558.0 37.0 20502.0 0.08169457898115189
41 45 38 0.0 0.0 2151.0 0.0 13061.0 50.0 32374.0 0.08131970260223047
41 45 39 0.0 0.0 2647.0 0.0 10993.0 56.0 50573.0 0.08941116362242942
41 45 40 0.0 0.0 2446.0 0.0 12860.0 52.0 36452.0 0.08089679879810469
41 45 41 0.0 2.0 2269.0 4.0 13247.0 64.0 32538.0 0.07990411506192568
41 45 42 0.0 0.0 1903.0 0.0 14149.0 32.0 22550.0 0.07747219301643517
41 45 43 0.0 0.0 1683.0 0.0 13507.0 39.0 21267.0 0.08136223629918055
41 45 44 0.0 0.0 1318.0 0.0 13797.0 25.0 13821.0 0.08176137359107633
41 45 45 0.0 0.0 1178.0 0.0 13506.0 42.0 12136.0 0.08404874827399891
41 45 46 0.0 0.0 718.0 0.0 11735.0 27.0 4566.0 0.09693277020009693
41 45 47 0.0 0.0 447.0 0.0 9345.0 28.0 1982.0 0.11888586956521738
41 45 48 0.0 0.0 9.0 0.0 233.0 2.0 0.0 0.6252791424743188
41 45 49 0.0 0.0 0.0 0.0 7.0 0.0 0.0 0.6975585450921773
41 46 31 0.0 0.0 4.0 0.0 64.0 2.0 0.0 0.6776379477250725
41 46 32 0.0 0.0 103.0 0.0 2607.0 15.0 55.0 0.2981895633652822
41 46 33 0.0 0.0 30.0 0.0 753.0 12.0 3.0 0.5054151624548735
41 46 34 0.0 0.0 228.0 0.0 5601.0 21.0 417.0 0.17914267434420983
41 46 35 0.0 0.0 287.0 0.0 5850.0 29.0 346.0 0.17258382642998024
41 46 36 0.0 0.0 467.0 0.0 9510.0 20.0 2000.0 0.11705685618729096
41 46 37 0.0 0.0 1169.0 0.0 13233.0 37.0 13958.0 0.08537105921092748
41 46 38 0.0 0.0 1326.0 0.0 13500.0 32.0 16035.0 0.08316996376165864
41 46 39 0.0 0.0 1121.0 0.0 13499.0 40.0 11055.0 0.08432718949524153
41 46 40 0.0 0.0 1230.0 0.0 13611.0 49.0 12485.0 0.08322929671244278
41 46 41 0.0 0.0 1049.0 0.0 13303.0 29.0 10502.0 0.0856269113149847
41 46 42 0.0 0.0 1080.0 0.0 13244.0 35.0 11417.0 0.08581586367537083
41 46 43 0.0 0.0 794.0 0.0 12484.0 20.0 6431.0 0.09165302782324057
41 46 44 0.0 0.0 664.0 0.0 11468.0 29.0 4339.0 0.09915716410510658
41 46 45 0.0 0.0 456.0 0.0 9223.0 17.0 1660.0 0.11989380834118352
41 46 46 0.0 0.0 282.0 0.0 6529.0 12.0 540.0 0.15907283263265534
41 46 47 0.0 0.0 293.0 0.0 6370.0 21.0 539.0 0.1617935975962094
41 46 48 0.0 0.0 1.0 0.0 93.0 2.0 0.0 0.6692160611854684
41 46 49 0.0 0.0 0.0 0.0 6.0 0.0 0.0 0.6979062811565303
41 47 32 0.0 0.0 14.0 0.0 448.0 3.0 0.0 0.5693371289141926
41 47 33 0.0 0.0 7.0 0.0 111.0 1.0 0.0 0.6613131790269249
41 47 34 0.0 0.0 27.0 0.0 489.0 4.0 1.0 0.5575467941059339
41 47 35 0.0 0.0 3.0 0.0 169.0 1.0 0.0 0.64486411791801
41 47 36 0.0 0.0 499.0 0.0 9240.0 21.0 1766.0 0.11936226447267455
41 47 37 0.0 0.0 762.0 0.0 11951.0 29.0 5450.0 0.09523809523809523
41 47 38 0.0 0.0 963.0 0.0 12969.0 25.0 9516.0 0.08787346221441124
41 47 39 0.0 0.0 633.0 0.0 11296.0 27.0 3584.0 0.10054582016661877
41 47 40 0.0 0.0 626.0 0.0 11224.0 33.0 3626.0 0.10125117523685541
41 47 41 0.0 0.0 372.0 0.0 7880.0 13.0 996.0 0.1366386882685926
41 47 42 0.0 0.0 321.0 0.0 6468.0 21.0 475.0 0.15959872321021432
41 47 43 0.0 0.0 404.0 0.0 8230.0 26.0 1030.0 0.13195098963242224
41 47 44 0.0 0.0 182.0 0.0 3669.0 22.0 102.0 0.24013722126929674
41 47 45 0.0 0.0 261.0 0.0 6134.0 26.0 443.0 0.16720410844380748
41 47 46 0.0 0.0 76.0 0.0 1811.0 15.0 16.0 0.36157024793388426
41 47 47 0.0 0.0 17.0 0.0 404.0 6.0 1.0 0.5797101449275361
41 47 48 0.0 0.0 1.0 0.0 34.0 0.0 0.0 0.6879606879606879
41 47 49 0.0 0.0 0.0 0.0 12.0 0.0 0.0 0.6958250497017892
41 48 34 0.0 0.0 0.0 0.0 3.0 0.0 0.0 0.6989515726410384
41 48 35 0.0 0.0 23.0 0.0 564.0 10.0 0.0 0.5432673651532789
41 48 36 0.0 0.0 99.0 0.0 2573.0 11.0 48.0 0.3004291845493562
41 48 37 0.0 0.0 403.0 0.0 8338.0 21.0 1299.0 0.13048746388293408
41 48 38 0.0 0.0 176.0 0.0 3839.0 18.0 105.0 0.23341113704568184
41 48 39 0.0 0.0 66.0 0.0 1908.0 17.0 37.0 0.3537139969681657
41 48 40 0.0 0.0 154.0 0.0 3152.0 14.0 54.0 0.264450321118247
41 48 41 0.0 0.0 96.0 0.0 2106.0 12.0 22.0 0.33412887828162285
41 48 42 0.0 0.0 93.0 0.0 2357.0 17.0 27.0 0.3155996393146979
41 48 43 0.0 0.0 87.0 0.0 2041.0 11.0 24.0 0.34021871202916154
41 48 44 0.0 0.0 25.0 0.0 804.0 4.0 6.0 0.49575070821529743
41 48 45 0.0 0.0 19.0 0.0 442.0 3.0 0.0 0.5695687550854353
41 48 46 0.0 0.0 1.0 0.0 80.0 0.0 0.0 0.6727534839019701
41 48 47 0.0 0.0 0.0 0.0 2.0 0.0 0.0 0.6993006993006992
41 49 34 0.0 0.0 0.0 0.0 2.0 0.0 0.0 0.6993006993006992
41 49 35 0.0 0.0 0.0 0.0 7.0 0.0 0.0 0.6975585450921773
41 49 36 0.0 0.0 55.0 0.0 1194.0 12.0 4.0 0.4324992276799505
41 49 37 0.0 0.0 9.0 0.0 228.0 2.0 0.0 0.6263982102908277
41 49 38 0.0 0.0 3.0 0.0 107.0 1.0 0.0 0.6638217164532954
41 49 39 0.0 0.0 0.0 0.0 29.0 0.0 0.0 0.690335305719921
41 49 40 0.0 0.0 2.0 0.0 63.0 1.0 0.0 0.6782945736434108
41 49 41 0.0 0.0 0.0 0.0 5.0 0.0 0.0 0.6982543640897755
41 49 42 0.0 0.0 0.0 0.0 7.0 0.0 0.0 0.6975585450921773
41 49 43 0.0 0.0 0.0 0.0 6.0 0.0 0.0 0.6979062811565303
41 50 36 0.0 0.0 0.0 0.0 4.0 0.0 0.0 0.6986027944111775
41 50 37 0.0 0.0 0.0 0.0 1.0 0.0 0.0 0.6996501749125437
41 50 38 0.0 0.0 0.0 0.0 4.0 0.0 0.0 0.6986027944111775
41 50 40 0.0 0.0 0.0 0.0 1.0 0.0 0.0 0.6996501749125437
42 30 40 0.0 0.0 0.0 0.0 1.0 0.0 0.0 0.6996501749125437
42 30 41 0.0 0.0 0.0 0.0 2.0 0.0 0.0 0.6993006993006992
42 31 35 0.0 0.0 0.0 0.0 11.0 0.0 0.0 0.6961710591745399
42 31 36 0.0 0.0 2.0 0.0 24.0 1.0 0.0 0.6913580246913579
42 31 37 0.0 0.0 0.0 0.0 17.0 0.0 0.0 0.694100148735746
42 31 38 0.0 0.0 0.0 0.0 16.0 0.0 0.0 0.6944444444444444
42 31 39 0.0 0.0 17.0 0.0 448.0 3.0 2.0 0.5688744412840308
42 31 40 0.0 0.0 4.0 0.0 283.0 2.0 0.0 0.612691466083151
42 31 41 0.0 0.0 130.0 0.0 2681.0 19.0 50.0 0.2920926350928437
42 31 42 0.0 0.0 12.0 0.0 230.0 3.0 1.0 0.6252791424743188
42 31 43 0.0 0.0 5.0 0.0 200.0 1.0 0.0 0.6352087114337567
42 31 44 0.0 0.0 0.0 0.0 28.0 0.0 0.0 0.690335305719921
42 31 45 0.0 0.0 0.0 0.0 2.0 0.0 0.0 0.6993006993006992
42 32 32 0.0 0.0 0.0 0.0 1.0 0.0 0.0 0.6996501749125437
42 32 33 0.0 0.0 1.0 0.0 20.0 0.0 0.0 0.6927263730826323
42 32 34 0.0 0.0 6.0 0.0 98.0 1.0 0.0 0.6657156443176413
42 32 35 0.0 0.0 83.0 0.0 1861.0 14.0 22.0 0.3561434749427626
42 32 36 0.0 0.0 98.0 0.0 2080.0 12.0 15.0 0.3360537686029764
42 32 37 0.0 0.0 90.0 0.0 1914.0 16.0 22.0 0.35114120892901923
42 32 38 0.0 0.0 216.0 0.0 4799.0 19.0 201.0 0.19999999999999998
42 32 39 0.0 0.0 110.0 0.0 2621.0 12.0 44.0 0.29661016949152536
42 32 40 0.0 0.0 344.0 0.0 7639.0 16.0 933.0 0.14039310068190933
42 32 41 0.0 0.0 477.0 0.0 9223.0 17.0 1782.0 0.11981172443303378
42 32 42 0.0 0.0 137.0 0.0 3416.0 10.0 90.0 0.2525708100306693
42 32 43 0.0 0.0 260.0 0.0 5204.0 31.0 254.0 0.18832391713747643
42 32 44 0.0 0.0 43.0 0.0 778.0 8.0 3.0 0.4976892996800568
42 32 45 0.0 0.0 4.0 0.0 158.0 1.0 0.0 0.6478482184173993
42 32 46 0.0 0.0 0.0 0.0 1.0 0.0 0.0 0.6996501749125437
42 33 32 0.0 0.0 0.0 0.0 12.0 0.0 0.0 0.6958250497017892
42 33 33 0.0 0.0 3.0 0.0 232.0 2.0 0.0 0.6269592476489028
42 33 34 0.0 0.0 171.0 0.0 3612.0 20.0 101.0 0.24292903001908725
42 33 35 0.0 0.0 170.0 0.0 4526.0 20.0 229.0 0.2097378277153558
42 33 36 0.0 0.0 623.0 0.0 10810.0 17.0 3271.0 0.1042364678728315
42 33 37 0.0 0.0 490.0 0.0 9936.0 13.0 2667.0 0.11270326839478344
42 33 38 0.0 0.0 614.0 0.0 11158.0 32.0 3755.0 0.10176637348259068
42 33 39 0.0 0.0 646.0 0.0 11465.0 26.0 4376.0 0.09930486593843098
42 33 40 0.0 0.0 1089.0 0.0 13257.0 38.0 11074.0 0.08573703227386857
42 33 41 0.0 0.0 867.0 0.0 12661.0 27.0 6014.0 0.0902061855670103
42 33 42 0.0 0.0 745.0 0.0 12082.0 24.0 6399.0 0.09445418971798678
42 33 43 0.0 0.0 374.0 0.0 8158.0 19.0 1201.0 0.13314312886352828
42 33 44 0.0 0.0 393.0 0.0 7953.0 22.0 1014.0 0.13555383423702555
42 33 45 0.0 0.0 173.0 0.0 3924.0 19.0 114.0 0.23030103635466354
42 33 46 0.0 0.0 0.0 0.0 92.0 2.0 0.0 0.6698564593301434
42 33 47 0.0 0.0 0.0 0.0 8.0 0.0 0.0 0.697211155378486
42 34 31 0.0 0.0 0.0 0.0 5.0 0.0 0.0 0.6982543640897755
42 34 32 0.0 0.0 18.0 0.0 374.0 3.0 0.0 0.5860192549183758
42 34 33 0.0 0.0 103.0 0.0 2981.0 11.0 83.0 0.2758620689655172
42 34 34 0.0 0.0 677.0 0.0 11324.0 29.0 4184.0 0.10009294344748694
42 34 35 0.0 0.0 882.0 0.0 12680.0 33.0 7057.0 0.09004373552868536
42 34 36 0.0 0.0 1196.0 0.0 13657.0 40.0 12277.0 0.0831353919239905
42 34 37 0.0 0.0 1433.0 0.0 13225.0 35.0 19680.0 0.08403361344537814
42 34 38 0.0 0.0 1648.0 0.0 13384.0 35.0 22026.0 0.08217891523831884
42 34 39 0.0 0.0 2139.0 0.0 12264.0 35.0 36431.0 0.08528784648187633
42 34 40 0.0 0.0 1376.0 0.0 13795.0 45.0 15573.0 0.0815803274867432
42 34 41 0.0 0.0 1653.0 0.0 13250.0 41.0 23767.0 0.08280104092737164
42 34 42 0.0 0.0 985.0 0.0 13139.0 24.0 8910.0 0.0868001736003472
42 34 43 0.0 0.0 959.0 0.0 12997.0 33.0 7334.0 0.08783487044356608
42 34 44 0.0 0.0 492.0 0.0 9697.0 22.0 2036.0 0.11497084667816374
42 34 45 0.0 0.0 279.0 0.0 6233.0 15.0 526.0 0.1647252617955053
42 34 46 0.0 0.0 273.0 0.0 6561.0 16.0 630.0 0.15869417365676713
42 34 47 0.0 0.0 92.0 0.0 2130.0 8.0 22.0 0.33214709371293
42 34 48 0.0 0.0 0.0 0.0 20.0 0.0 0.0 0.6930693069306929
42 35 30 0.0 0.0 0.0 0.0 4.0 0.0 0.0 0.6986027944111775
42 35 31 0.0 0.0 4.0 0.0 114.0 1.0 0.0 0.6613131790269249
42 35 32 0.0 0.0 188.0 0.0 3823.0 24.0 111.0 0.23383998663771502
42 35 33 0.0 0.0 650.0 0.0 10967.0 26.0 3497.0 0.10286554004408523
42 35 34 0.0 0.0 527.0 0.0 10232.0 19.0 2442.0 0.1098211484154377
42 35 35 0.0 0.0 1674.0 0.0 13349.0 46.0 23268.0 0.08229001351907364
42 35 36 0.0 0.0 2178.0 0.0 12889.0 45.0 32875.0 0.08201042704000937
42 35 37 0.0 0.0 2575.0 0.0 11778.0 65.0 45389.0 0.0856269113149847
42 35 38 0.0 0.0 2965.0 0.0 11994.0 71.0 47928.0 0.08254230293025175
42 35 39 0.0 0.0 2641.0 0.0 13625.0 66.0 34633.0 0.0766955187904021
42 35 40 0.0 0.0 2511.0 0.0 13881.0 56.0 31487.0 0.0761448928532579
42 35 41 0.0 0.0 2298.0 0.0 12913.0 73.0 34783.0 0.08143796172415797
42 35 42 0.0 0.0 1802.0 0.0 13629.0 37.0 23543.0 0.08027983255920637
42 35 43 0.0 0.0 1681.0 1.0 13365.0 43.0 22884.0 0.08204887768856589
42 35 44 0.0 0.0 1216.0 0.0 13414.0 36.0 13972.0 0.08421052631578946
42 35 45 0.0 0.0 552.0 0.0 10250.0 23.0 2273.0 0.10949475989363365
42 35 46 0.0 0.0 358.0 0.0 7409.0 24.0 882.0 0.14361920393926955
42 35 47 0.0 0.0 124.0 0.0 3423.0 20.0 92.0 0.2532561505065123
42 35 48 0.0 0.0 45.0 0.0 1124.0 8.0 5.0 0.4430379746835443
42 35 49 0.0 0.0 1.0 0.0 42.0 0.0 0.0 0.6852667645619186
42 35 50 0.0 0.0 0.0 0.0 2.0 0.0 0.0 0.6993006993006992
42 36 30 0.0 0.0 0.0 0.0 8.0 0.0 0.0 0.697211155378486
42 36 31 0.0 0.0 141.0 0.0 3318.0 15.0 96.0 0.25716385011021303
42 36 32 0.0 0.0 515.0 0.0 9661.0 21.0 2120.0 0.1151126459463904
42 36 33 0.0 0.0 492.0 0.0 9550.0 17.0 1811.0 0.11634671320535193
42 36 34 0.0 0.0 994.0 0.0 13042.0 37.0 10130.0 0.08736349453978158
42 36 35 0.0 0.0 2144.0 0.0 13113.0 56.0 30503.0 0.08113590263691682
42 36 36 0.0 0.0 3303.0 0.0 10763.0 63.0 60626.0 0.08710259441299073
42 36 37 0.0 0.0 4069.0 0.0 10311.0 70.0 72519.0 0.08545443447476041
42 36 38 0.0 0.0 4518.0 0.0 8919.0 80.0 87454.0 0.09077352006743175
42 36 39 0.0 0.0 4701.0 0.0 10760.0 86.0 72904.0 0.08022462896109105
42 36 40 0.0 0.0 4366.0 0.0 9749.0 77.0 78555.0 0.08687558175612782
42 36 41 0.0 0.0 3945.0 0.0 11361.0 91.0 61397.0 0.08097165991902833
42 36 42 0.0 0.0 3590.0 1.0 11372.0 73.0 58510.0 0.0825617738986849
42 36 43 0.0 0.0 2511.0 0.0 13139.0 57.0 35896.0 0.07941009642654565
42 36 44 0.0 0.0 1918.0 0.0 13014.0 57.0 28262.0 0.08280104092737164
42 36 45 0.0 0.0 1385.0 0.0 13806.0 43.0 15108.0 0.08145691511025774
42 36 46 0.0 0.0 1231.0 0.0 13328.0 40.0 13856.0 0.08456659619450316
42 36 47 0.0 0.0 220.0 0.0 5502.0 20.0 384.0 0.18174737115409578
42 36 48 0.0 0.0 33.0 0.0 889.0 8.0 7.0 0.4804392587508579
42 36 49 0.0 0.0 19.0 0.0 488.0 7.0 0.0 0.5599999999999999
42 37 30 0.0 0.0 10.0 0.0 117.0 3.0 0.0 0.6591337099811675
42 37 31 0.0 0.0 129.0 0.0 2621.0 15.0 45.0 0.2956705385427666
42 37 32 0.0 0.0 699.0 0.0 11736.0 29.0 4633.0 0.09712105445716267
42 37 33 0.0 0.0 1295.0 0.0 13075.0 37.0 16453.0 0.08554842652001221
42 37 34 0.0 0.0 1844.0 0.0 13398.0 31.0 24752.0 0.08112649939155124
42 37 35 0.0 0.0 2602.0 0.0 12365.0 53.0 40795.0 0.08246451080874123
42 37 36 0.0 0.0 3953.0 0.0 10177.0 80.0 71552.0 0.08678403173816017
42 37 37 0.0 0.0 4963.0 0.0 8561.0 71.0 93114.0 0.09027016571023276
42 37 38 0.0 0.0 5991.0 0.0 8025.0 89.0 105837.0 0.08747266479225241
42 37 39 0.0 0.0 5443.0 1.0 6509.0 69.0 119142.0 0.10037281330656724
42 37 40 0.0 3.0 5889.0 4.0 7269.0 71.0 109723.0 0.09222661396574439
42 37 41 0.0 2.0 5496.0 4.0 7621.0 79.0 105416.0 0.09266000397114302
42 37 42 0.0 3.0 5384.0 3.0 8927.0 76.0 92320.0 0.08581060373889059
42 37 43 0.0 0.0 4167.0 1.0 10832.0 64.0 68871.0 0.0822610024090722
42 37 44 0.0 0.0 3117.0 0.0 12677.0 63.0 46274.0 0.07866936390200044
42 37 45 0.0 0.0 1975.0 0.0 13627.0 38.0 26658.0 0.07950028392958546
42 37 46 0.0 0.0 1184.0 0.0 13596.0 29.0 12095.0 0.08348738744111156
42 37 47 0.0 0.0 456.0 0.0 9505.0 24.0 2113.0 0.11720385098367515
42 37 48 0.0 0.0 110.0 0.0 2579.0 11.0 56.0 0.29920923274203887
42 37 49 0.0 0.0 0.0 0.0 30.0 1.0 0.0 0.6899950714637751
42 38 30 0.0 0.0 0.0 0.0 3.0 0.0 0.0 0.6989515726410384
42 38 31 0.0 0.0 54.0 0.0 1603.0 7.0 18.0 0.3836667580158947
42 38 32 0.0 0.0 578.0 0.0 10603.0 25.0 3007.0 0.10628606134224111
42 38 33 0.0 0.0 819.0 0.0 12539.0 33.0 5554.0 0.09124682265528253
42 38 34 0.0 0.0 1969.0 0.0 13352.0 55.0 27658.0 0.08083607598591142
42 38 35 0.0 0.0 3058.0 0.0 11466.0 64.0 51378.0 0.08473037583973853
42 38 36 0.0 0.0 4655.0 0.0 10013.0 85.0 76640.0 0.08402856971370265
42 38 37 0.0 1.0 5631.0 3.0 6960.0 89.0 113595.0 0.09589697924515377
42 38 38 0.0 1.0 5208.0 0.0 4684.0 62.0 138541.0 0.11771630370806355
42 38 39 0.0 1.0 5112.0 2.0 4155.0 67.0 145360.0 0.12436706049569154
42 38 40 0.0 7.0 6390.0 13.0 5242.0 60.0 136682.0 0.10234666276774616
42 38 41 0.0 2.0 6057.0 2.0 5247.0 64.0 135441.0 0.10519987977156596
42 38 42 0.0 2.0 6280.0 3.0 6727.0 75.0 119721.0 0.09318423855165069
42 38 43 0.0 3.0 5044.0 6.0 6964.0 83.0 110613.0 0.10000714336738338
42 38 44 0.0 1.0 4138.0 0.0 9937.0 60.0 75577.0 0.0869943453675511
42 38 45 0.0 0.0 2973.0 0.0 10119.0 65.0 61216.0 0.09273365569318406
42 38 46 0.0 0.0 1821.0 0.0 13091.0 43.0 26308.0 0.08276188224166468
42 38 47 0.0 0.0 422.0 0.0 8652.0 22.0 1460.0 0.1266051727256285
42 38 48 0.0 0.0 313.0 0.0 5840.0 30.0 348.0 0.17224409448818898
42 38 49 0.0 0.0 10.0 0.0 182.0 2.0 0.0 0.639561443581544
42 39 30 0.0 0.0 0.0 0.0 8.0 0.0 0.0 0.697211155378486
42 39 31 0.0 0.0 132.0 0.0 2853.0 16.0 49.0 0.28180354267310787
42 39 32 0.0 0.0 612.0 0.0 10675.0 18.0 3156.0 0.1053978769856207
42 39 33 0.0 0.0 1116.0 0.0 13601.0 27.0 9211.0 0.08372704981759464
42 39 34 0.0 0.0 1876.0 0.0 14187.0 50.0 22361.0 0.07754084741068955
42 39 35 0.0 0.0 3533.0 0.0 10204.0 57.0 67475.0 0.0889058233314282
42 39 36 0.0 0.0 5028.0 0.0 8646.0 77.0 93254.0 0.089354097523615
42 39 37 0.0 0.0 5858.0 0.0 6354.0 62.0 121518.0 0.09857072449482501
42 39 38 0.0 1.0 6804.0 2.0 5017.0 63.0 138360.0 0.10123653192566345
42 39 39 0.0 5.0 6938.0 2.0 4192.0 62.0 147811.0 0.10647197505513727
42 39 40 0.0 25.0 7144.0 31.0 4101.0 48.0 149209.0 0.1052473312283867
42 39 41 0.0 8.0 6571.0 13.0 4275.0 54.0 147251.0 0.10885623201928309
42 39 42 0.0 9.0 5466.0 10.0 4195.0 51.0 145166.0 0.1198630136986301
42 39 43 0.0 6.0 4858.0 14.0 5300.0 59.0 128928.0 0.11498973305954824
42 39 44 0.0 0.0 4711.0 1.0 10127.0 85.0 78770.0 0.0831008488158129
42 39 45 0.0 0.0 2825.0 0.0 13041.0 59.0 39591.0 0.07838745800671891
42 39 46 0.0 0.0 1132.0 0.0 13647.0 35.0 10424.0 0.08352723584511663
42 39 47 0.0 0.0 848.0 0.0 12420.0 29.0 7440.0 0.09171907756813416
42 39 48 0.0 0.0 166.0 0.0 3781.0 23.0 93.0 0.23624704691191356
42 39 49 0.0 0.0 3.0 0.0 79.0 0.0 0.0 0.6724303554274734
42 40 30 0.0 0.0 0.0 0.0 4.0 0.0 0.0 0.6986027944111775
42 40 31 0.0 0.0 258.0 0.0 5263.0 28.0 317.0 0.18679119412941958
42 40 32 0.0 0.0 362.0 0.0 7796.0 27.0 1078.0 0.13810792147578177
42 40 33 0.0 0.0 1186.0 0.0 13194.0 41.0 14712.0 0.08551184949914488
42 40 34 0.0 0.0 2012.0 0.0 12452.0 59.0 33246.0 0.08513743614692287
42 40 35 0.0 0.0 3529.0 0.0 10970.0 66.0 61155.0 0.08485877076009213
42 40 36 0.0 0.0 5154.0 0.0 9422.0 72.0 87163.0 0.08439836026042921
42 40 37 0.0 0.0 5975.0 1.0 6229.0 78.0 123026.0 0.09858460671783677
42 40 38 0.0 3.0 4742.0 2.0 3298.0 64.0 154149.0 0.13966480446927373
42 40 39 0.0 6.0 5694.0 10.0 3274.0 56.0 157532.0 0.12767897856817143
42 40 40 0.0 14.0 5839.0 15.0 3078.0 41.0 160400.0 0.1280058516960775
42 40 41 0.0 22.0 6610.0 22.0 3699.0 52.0 153160.0 0.11347057869995136
42 40 42 0.0 14.0 5727.0 14.0 4143.0 62.0 147005.0 0.11777572137629341
42 40 43 0.0 4.0 6002.0 7.0 6697.0 81.0 117511.0 0.09525105456524696
42 40 44 0.0 0.0 4795.0 1.0 9482.0 77.0 83396.0 0.08602150537634408
42 40 45 0.0 0.0 3025.0 0.0 11987.0 56.0 49021.0 0.08232872684504557
42 40 46 0.0 0.0 1762.0 0.0 13607.0 41.0 22975.0 0.0806498070165332
42 40 47 0.0 0.0 860.0 0.0 12786.0 23.0 6876.0 0.08951406649616367
42 40 48 0.0 0.0 141.0 0.0 3660.0 14.0 111.0 0.2420051858254105
42 40 49 0.0 0.0 0.0 0.0 70.0 0.0 0.0 0.6763285024154588
42 41 30 0.0 0.0 0.0 0.0 12.0 0.0 0.0 0.6958250497017892
42 41 31 0.0 0.0 36.0 0.0 1157.0 2.0 4.0 0.43873393920401116
42 41 32 0.0 0.0 349.0 0.0 7392.0 25.0 792.0 0.14398848092152627
42 41 33 0.0 0.0 942.0 0.0 12772.0 31.0 10143.0 0.08914926133469178
42 41 34 0.0 0.0 1790.0 0.0 13897.0 49.0 21578.0 0.07919895909939469
42 41 35 0.0 0.0 3201.0 0.0 12430.0 65.0 48350.0 0.07937857912343368
42 41 36 0.0 0.0 4768.0 0.0 8833.0 67.0 90281.0 0.08968609865470852
42 41 37 0.0 1.0 5995.0 0.0 7231.0 82.0 113066.0 0.0919781880296958
42 41 38 0.0 6.0 6808.0 8.0 5779.0 59.0 131361.0 0.09575923392612859
42 41 39 0.0 5.0 6264.0 5.0 3875.0 66.0 150122.0 0.11517893870835046
42 41 40 0.0 13.0 6865.0 13.0 4135.0 48.0 148964.0 0.1074856046065259
42 41 41 0.0 19.0 5156.0 25.0 3325.0 50.0 154911.0 0.13285253368760674
42 41 42 0.0 10.0 5779.0 19.0 4908.0 48.0 138335.0 0.10988148496978258
42 41 43 0.0 14.0 6027.0 24.0 8136.0 74.0 103141.0 0.08641975308641973
42 41 44 0.0 0.0 4431.0 1.0 10618.0 67.0 71911.0 0.08198641368001873
42 41 45 0.0 0.0 2493.0 0.0 13075.0 51.0 34687.0 0.07966313872766585
42 41 46 0.0 0.0 1194.0 0.0 13424.0 37.0 13658.0 0.0842713537591043
42 41 47 0.0 0.0 540.0 0.0 10106.0 22.0 2249.0 0.11085596642647874
42 41 48 0.0 0.0 132.0 0.0 3559.0 16.0 107.0 0.24660912453760783
42 41 49 0.0 0.0 1.0 0.0 77.0 1.0 0.0 0.6740491092922483
42 42 30 0.0 0.0 0.0 0.0 1.0 0.0 0.0 0.6996501749125437
42 42 31 0.0 0.0 7.0 0.0 182.0 2.0 0.0 0.6404391582799633
42 42 32 0.0 0.0 288.0 0.0 6192.0 25.0 436.0 0.16550419671355948
42 42 33 0.0 0.0 696.0 0.0 11811.0 25.0 4549.0 0.09653840849537994
42 42 34 0.0 0.0 1029.0 0.0 13179.0 24.0 9941.0 0.08638242734620842
42 42 35 0.0 0.0 2960.0 0.0 11142.0 62.0 53656.0 0.08676789587852494
42 42 36 0.0 0.0 4127.0 0.0 8970.0 68.0 83651.0 0.09263547938860582
42 42 37 0.0 0.0 5355.0 0.0 9614.0 89.0 85736.0 0.08241596514982044
42 42 38 0.0 6.0 5654.0 8.0 6233.0 60.0 120637.0 0.10053859964093356
42 42 39 0.0 1.0 5713.0 1.0 4932.0 68.0 136153.0 0.11076825698235619
42 42 40 0.0 14.0 5063.0 21.0 4150.0 48.0 145505.0 0.12441126810628277
42 42 41 0.0 14.0 5989.0 12.0 5182.0 67.0 135246.0 0.10618126659082289
42 42 42 0.0 8.0 5536.0 15.0 5893.0 74.0 126051.0 0.10412018444146957
42 42 43 0.0 5.0 5049.0 17.0 8451.0 82.0 95880.0 0.0902061855670103
42 42 44 0.0 0.0 3746.0 1.0 10701.0 62.0 64838.0 0.08505984567713712
42 42 45 0.0 0.0 2437.0 0.0 12277.0 61.0 39849.0 0.08380222674488207
42 42 46 0.0 0.0 1111.0 0.0 13390.0 36.0 10973.0 0.08496692359045942
42 42 47 0.0 0.0 1094.0 0.0 13328.0 15.0 9834.0 0.08516851198442632
42 42 48 0.0 0.0 368.0 0.0 7785.0 19.0 1040.0 0.13803983435219877
42 42 49 0.0 0.0 5.0 0.0 326.0 0.0 3.0 0.6006006006006005
42 42 50 0.0 0.0 0.0 0.0 1.0 0.0 0.0 0.6996501749125437
42 43 30 0.0 0.0 0.0 0.0 1.0 0.0 0.0 0.6996501749125437
42 43 31 0.0 0.0 0.0 0.0 52.0 0.0 0.0 0.6822612085769979
42 43 32 0.0 0.0 145.0 0.0 3478.0 18.0 85.0 0.2498215560314061
42 43 33 0.0 0.0 657.0 0.0 11085.0 26.0 3373.0 0.10192937750273025
42 43 34 0.0 0.0 1459.0 0.0 13862.0 35.0 16429.0 0.0808080808080808
42 43 35 0.0 0.0 2079.0 0.0 13010.0 47.0 30675.0 0.08189050070191857
42 43 36 0.0 0.0 3033.0 0.0 10574.0 67.0 59543.0 0.08974358974358973
42 43 37 0.0 0.0 3741.0 0.0 12676.0 60.0 51712.0 0.07605388961321163
42 43 38 0.0 0.0 4854.0 1.0 10826.0 79.0 73382.0 0.0791586565645143
42 43 39 0.0 1.0 5010.0 6.0 7022.0 70.0 109786.0 0.09960868018498754
42 43 40 0.0 3.0 5805.0 9.0 8746.0 80.0 95617.0 0.08447474808423339
42 43 41 0.0 6.0 5108.0 11.0 7440.0 73.0 106406.0 0.09614724263443444
42 43 42 0.0 4.0 5073.0 16.0 9772.0 71.0 84154.0 0.08292856296647316
42 43 43 0.0 7.0 4155.0 23.0 10717.0 64.0 68497.0 0.08282063416942734
42 43 44 0.0 1.0 3181.0 2.0 11682.0 61.0 52291.0 0.08297279677591417
42 43 45 0.0 0.0 1737.0 0.0 13298.0 40.0 23702.0 0.08215962441314553
42 43 46 0.0 0.0 1175.0 0.0 13171.0 40.0 14965.0 0.08570029382957883
42 43 47 0.0 0.0 239.0 0.0 5826.0 23.0 431.0 0.17402113113735238
42 43 48 0.0 0.0 366.0 0.0 7363.0 19.0 852.0 0.14410705095213586
42 43 49 0.0 0.0 1.0 0.0 71.0 1.0 0.0 0.6760019314340897
42 43 50 0.0 0.0 0.0 0.0 2.0 0.0 0.0 0.6993006993006992
42 44 30 0.0 0.0 0.0 0.0 1.0 0.0 0.0 0.6996501749125437
42 44 31 0.0 0.0 34.0 0.0 767.0 6.0 2.0 0.5008944543828264
42 44 32 0.0 0.0 34.0 0.0 1085.0 7.0 7.0 0.4498714652956297
42 44 33 0.0 0.0 328.0 0.0 7631.0 20.0 965.0 0.14085924137237146
42 44 34 0.0 0.0 1263.0 0.0 13321.0 34.0 14461.0 0.08438309927068892
42 44 35 0.0 0.0 1302.0 0.0 13621.0 33.0 14937.0 0.08278635207852876
42 44 36 0.0 0.0 2131.0 0.0 12782.0 52.0 32020.0 0.08275699001004906
42 44 37 0.0 0.0 2441.0 0.0 13644.0 40.0 32114.0 0.07739082365948037
42 44 38 0.0 0.0 3186.0 0.0 12386.0 69.0 47364.0 0.07968581023393476
42 44 39 0.0 0.0 3894.0 0.0 10118.0 63.0 70955.0 0.08741804558226662
42 44 40 0.0 0.0 3937.0 1.0 10963.0 60.0 65653.0 0.08273742686602446
42 44 41 0.0 0.0 3769.0 0.0 11916.0 71.0 56333.0 0.07917208618447096
42 44 42 0.0 0.0 3467.0 0.0 10967.0 61.0 59578.0 0.08515815085158149
42 44 43 0.0 0.0 3038.0 1.0 11371.0 67.0 53836.0 0.08536064874093041
42 44 44 0.0 0.0 2196.0 1.0 12783.0 46.0 34137.0 0.08246936852026389
42 44 45 0.0 0.0 1490.0 0.0 13563.0 41.0 17778.0 0.0820969917316601
42 44 46 0.0 0.0 849.0 0.0 12633.0 42.0 6698.0 0.09052699644358228
42 44 47 0.0 0.0 443.0 0.0 8522.0 25.0 1200.0 0.12788891933863158
42 44 48 0.0 0.0 3.0 0.0 151.0 2.0 0.0 0.6505576208178437
42 44 49 0.0 0.0 0.0 0.0 11.0 0.0 0.0 0.6961710591745399
42 45 31 0.0 0.0 1.0 0.0 29.0 1.0 0.0 0.6899950714637751
42 45 32 0.0 0.0 14.0 0.0 393.0 3.0 0.0 0.5823627287853577
42 45 33 0.0 0.0 249.0 0.0 5726.0 20.0 354.0 0.17590149516270887
42 45 34 0.0 0.0 519.0 0.0 10161.0 20.0 2489.0 0.11050595942852633
42 45 35 0.0 0.0 733.0 0.0 11921.0 38.0 5600.0 0.09570032127964999
42 45 36 0.0 0.0 887.0 0.0 12914.0 34.0 7723.0 0.0886580963840162
42 45 37 0.0 0.0 1268.0 0.0 13397.0 30.0 14525.0 0.08398320335932813
42 45 38 0.0 0.0 1781.0 0.0 13836.0 46.0 22465.0 0.0794506554679076
42 45 39 0.0 0.0 2237.0 0.0 13774.0 54.0 28854.0 0.07769576558077584
42 45 40 0.0 0.0 1989.0 0.0 14274.0 55.0 23477.0 0.07661577190390192
42 45 41 0.0 0.0 2015.0 0.0 13611.0 59.0 26827.0 0.0794506554679076
42 45 42 0.0 0.0 1786.0 0.0 13910.0 43.0 21695.0 0.07908264136022142
42 45 43 0.0 0.0 1490.0 0.0 14108.0 42.0 16200.0 0.07954093517413782
42 45 44 0.0 0.0 1390.0 0.0 13100.0 31.0 19718.0 0.08483820143012967
42 45 45 0.0 0.0 1307.0 0.0 13417.0 34.0 15799.0 0.08372204281784475
42 45 46 0.0 0.0 939.0 0.0 12806.0 23.0 8960.0 0.08883248730964466
42 45 47 0.0 0.0 263.0 0.0 5778.0 29.0 334.0 0.17456359102244387
42 45 48 0.0 0.0 2.0 0.0 170.0 2.0 0.0 0.6451612903225805
42 46 31 0.0 0.0 0.0 0.0 2.0 0.0 0.0 0.6993006993006992
42 46 32 0.0 0.0 6.0 0.0 228.0 3.0 0.0 0.6278026905829596
42 46 33 0.0 0.0 79.0 0.0 1604.0 15.0 12.0 0.38167938931297707
42 46 34 0.0 0.0 35.0 0.0 1015.0 7.0 8.0 0.46022353714661396
42 46 35 0.0 0.0 204.0 0.0 5078.0 19.0 286.0 0.19273127753303965
42 46 36 0.0 0.0 577.0 0.0 10364.0 25.0 2740.0 0.10816657652785289
42 46 37 0.0 0.0 1247.0 0.0 13363.0 30.0 15288.0 0.08423079237109679
42 46 38 0.0 0.0 1093.0 0.0 13394.0 41.0 12397.0 0.08501852189226937
42 46 39 0.0 0.0 1442.0 0.0 13877.0 46.0 16005.0 0.0808454120228677
42 46 40 0.0 0.0 1255.0 0.0 13297.0 46.0 14620.0 0.08463305525329463
42 46 41 0.0 0.0 1200.0 0.0 13479.0 36.0 12969.0 0.0839680921249925
42 46 42 0.0 0.0 1147.0 0.0 13581.0 31.0 10732.0 0.08364201218783605
42 46 43 0.0 0.0 598.0 0.0 10861.0 24.0 2924.0 0.10411244143675168
42 46 44 0.0 0.0 569.0 0.0 10342.0 13.0 2557.0 0.10846827303013867
42 46 45 0.0 0.0 520.0 0.0 9349.0 32.0 1467.0 0.118173377226302
42 46 46 0.0 0.0 451.0 0.0 9153.0 15.0 1828.0 0.12073128665056915
42 46 47 0.0 0.0 111.0 0.0 3064.0 9.0 68.0 0.2711076684740511
42 46 48 0.0 0.0 6.0 0.0 176.0 2.0 0.0 0.6422018348623851
42 47 31 0.0 0.0 0.0 0.0 1.0 0.0 0.0 0.6996501749125437
42 47 32 0.0 0.0 1.0 0.0 5.0 1.0 0.0 0.6982543640897755
42 47 33 0.0 0.0 9.0 0.0 159.0 5.0 0.0 0.6472491909385112
42 47 34 0.0 0.0 21.0 0.0 653.0 5.0 1.0 0.5245410266017234
42 47 35 0.0 0.0 22.0 0.0 611.0 10.0 2.0 0.5337399923751428
42 47 36 0.0 0.0 221.0 0.0 4944.0 18.0 235.0 0.19594121763470954
42 47 37 0.0 0.0 398.0 0.0 8596.0 18.0 1328.0 0.127516167228345
42 47 38 0.0 0.0 471.0 0.0 8820.0 22.0 1287.0 0.12419054377716668
42 47 39 0.0 0.0 546.0 0.0 10308.0 34.0 2455.0 0.10908524232507401
42 47 40 0.0 0.0 549.0 0.0 10049.0 28.0 2223.0 0.11120819763285407
42 47 41 0.0 0.0 279.0 0.0 6266.0 15.0 504.0 0.16403046280023428
42 47 42 0.0 0.0 529.0 0.0 9160.0 32.0 1464.0 0.12004801920768304
42 47 43 0.0 0.0 301.0 0.0 6537.0 19.0 529.0 0.1587301587301587
42 47 44 0.0 0.0 318.0 0.0 7006.0 18.0 690.0 0.15032749919467409
42 47 45 0.0 0.0 41.0 0.0 1261.0 7.0 16.0 0.42488619119878596
42 47 46 0.0 0.0 124.0 0.0 3393.0 20.0 114.0 0.254591743953446
42 47 47 0.0 0.0 26.0 0.0 556.0 8.0 3.0 0.544111931597357
42 47 48 0.0 0.0 0.0 0.0 11.0 0.0 0.0 0.6961710591745399
42 48 35 0.0 0.0 4.0 0.0 72.0 1.0 0.0 0.6746987951807227
42 48 36 0.0 0.0 81.0 0.0 1851.0 13.0 17.0 0.3571428571428571
42 48 37 0.0 0.0 292.0 0.0 5649.0 20.0 285.0 0.17670074466742394
42 48 38 0.0 0.0 279.0 0.0 6925.0 18.0 784.0 0.15230635335073975
42 48 39 0.0 0.0 71.0 0.0 1913.0 7.0 29.0 0.3520241387980889
42 48 40 0.0 0.0 4.0 0.0 274.0 0.0 0.0 0.6151142355008786
42 48 41 0.0 0.0 118.0 0.0 2917.0 22.0 71.0 0.27927388789148205
42 48 42 0.0 0.0 76.0 0.0 1875.0 10.0 28.0 0.35514967021816335
42 48 43 0.0 0.0 12.0 0.0 299.0 4.0 1.0 0.6071118820468342
42 48 44 0.0 0.0 0.0 0.0 56.0 0.0 0.0 0.6809338521400777
42 48 45 0.0 0.0 1.0 0.0 27.0 1.0 0.0 0.6906758756783422
42 48 46 0.0 0.0 1.0 0.0 76.0 0.0 0.0 0.6740491092922483
42 48 47 0.0 0.0 0.0 0.0 8.0 0.0 0.0 0.697211155378486
42 49 35 0.0 0.0 0.0 0.0 2.0 0.0 0.0 0.6993006993006992
42 49 36 0.0 0.0 3.0 0.0 43.0 2.0 0.0 0.684931506849315
42 49 37 0.0 0.0 0.0 0.0 54.0 0.0 0.0 0.6815968841285296
42 49 38 0.0 0.0 11.0 0.0 339.0 5.0 0.0 0.5970149253731343
42 49 39 0.0 0.0 0.0 0.0 16.0 0.0 0.0 0.6944444444444444
42 49 40 0.0 0.0 0.0 0.0 2.0 0.0 0.0 0.6993006993006992
42 49 41 0.0 0.0 0.0 0.0 9.0 0.0 0.0 0.697211155378486
42 49 42 0.0 0.0 0.0 0.0 6.0 0.0 0.0 0.6979062811565303
42 49 44 0.0 0.0 0.0 0.0 2.0 0.0 0.0 0.6993006993006992
42 49 45 0.0 0.0 0.0 0.0 2.0 0.0 0.0 0.6993006993006992
43 30 39 0.0 0.0 0.0 0.0 6.0 0.0 0.0 0.6979062811565303
43 30 40 0.0 0.0 0.0 0.0 1.0 0.0 0.0 0.6996501749125437
43 30 41 0.0 0.0 0.0 0.0 3.0 0.0 0.0 0.6989515726410384
43 31 34 0.0 0.0 0.0 0.0 11.0 0.0 0.0 0.6961710591745399
43 31 35 0.0 0.0 0.0 0.0 14.0 0.0 0.0 0.6951340615690167
43 31 36 0.0 0.0 2.0 0.0 19.0 0.0 0.0 0.6927263730826323
43 31 37 0.0 0.0 0.0 0.0 10.0 0.0 0.0 0.6965174129353233
43 31 38 0.0 0.0 0.0 0.0 9.0 0.0 0.0 0.6968641114982577
43 31 39 0.0 0.0 3.0 0.0 240.0 2.0 0.0 0.6249999999999999
43 31 40 0.0 0.0 24.0 0.0 435.0 5.0 1.0 0.5704971475142624
43 31 41 0.0 0.0 7.0 0.0 241.0 4.0 0.0 0.623885918003565
43 31 42 0.0 0.0 31.0 0.0 743.0 7.0 0.0 0.5059631369714491
43 31 43 0.0 0.0 0.0 0.0 38.0 0.0 0.0 0.6869479882237487
43 31 44 0.0 0.0 0.0 0.0 15.0 0.0 0.0 0.694789081885856
43 32 32 0.0 0.0 0.0 0.0 1.0 0.0 0.0 0.6996501749125437
43 32 33 0.0 0.0 28.0 0.0 639.0 8.0 2.0 0.5265137269650243
43 32 34 0.0 0.0 0.0 0.0 25.0 0.0 0.0 0.6913580246913579
43 32 35 0.0 0.0 208.0 0.0 4296.0 13.0 164.0 0.21558361564521095
43 32 36 0.0 0.0 165.0 0.0 3550.0 19.0 97.0 0.24574337370545896
43 32 37 0.0 0.0 101.0 0.0 2550.0 8.0 52.0 0.30152918371742404
43 32 38 0.0 0.0 99.0 0.0 2497.0 11.0 49.0 0.3052769297863061
43 32 39 0.0 0.0 83.0 0.0 1905.0 12.0 24.0 0.352112676056338
43 32 40 0.0 0.0 364.0 0.0 8139.0 24.0 1152.0 0.13344771709083975
43 32 41 0.0 0.0 162.0 0.0 3812.0 15.0 124.0 0.23497818059751588
43 32 42 0.0 0.0 347.0 0.0 6915.0 24.0 667.0 0.15144958892254431
43 32 43 0.0 0.0 270.0 0.0 6468.0 12.0 624.0 0.16034818462948114
43 32 44 0.0 0.0 8.0 0.0 194.0 3.0 0.0 0.6372325898953117
43 32 45 0.0 0.0 9.0 0.0 217.0 5.0 0.0 0.6303466906798738
43 32 46 0.0 0.0 0.0 0.0 3.0 0.0 0.0 0.6989515726410384
43 33 32 0.0 0.0 0.0 0.0 7.0 0.0 0.0 0.6975585450921773
43 33 33 0.0 0.0 19.0 0.0 452.0 6.0 1.0 0.5679513184584178
43 33 34 0.0 0.0 138.0 0.0 3689.0 8.0 137.0 0.24059116686715926
43 33 35 0.0 0.0 231.0 0.0 5437.0 23.0 304.0 0.18307833137177978
43 33 36 0.0 0.0 886.0 0.0 12644.0 27.0 7595.0 0.09010168618869865
43 33 37 0.0 0.0 552.0 0.0 10380.0 24.0 2639.0 0.10839269123567666
43 33 38 0.0 0.0 662.0 0.0 10935.0 31.0 3243.0 0.1030700139880733
43 33 39 0.0 0.0 624.0 0.0 10999.0 21.0 3195.0 0.10285798251414296
43 33 40 0.0 0.0 920.0 0.0 12731.0 32.0 9519.0 0.08947973923047424
43 33 41 0.0 0.0 603.0 0.0 10810.0 27.0 2668.0 0.10451661067562523
43 33 42 0.0 0.0 688.0 0.0 11646.0 15.0 4788.0 0.09763581839737777
43 33 43 0.0 0.0 243.0 0.0 5388.0 26.0 305.0 0.1841136244082062
43 33 44 0.0 0.0 424.0 0.0 9070.0 22.0 1806.0 0.12187690432663008
43 33 45 0.0 0.0 97.0 0.0 2275.0 19.0 37.0 0.3216172754422237
43 33 46 0.0 0.0 0.0 0.0 49.0 0.0 0.0 0.6832601268911663
43 33 47 0.0 0.0 0.0 0.0 10.0 0.0 0.0 0.6965174129353233
43 33 48 0.0 0.0 0.0 0.0 1.0 0.0 0.0 0.6996501749125437
43 34 31 0.0 0.0 0.0 0.0 3.0 0.0 0.0 0.6989515726410384
43 34 32 0.0 0.0 16.0 0.0 310.0 7.0 0.0 0.6037084950409658
43 34 33 0.0 0.0 171.0 0.0 4347.0 19.0 214.0 0.21528525296017217
43 34 34 0.0 0.0 600.0 0.0 10748.0 29.0 2892.0 0.10499475026248688
43 34 35 0.0 0.0 842.0 0.0 12574.0 27.0 6220.0 0.0909445238404573
43 34 36 0.0 0.0 1086.0 0.0 13419.0 36.0 11075.0 0.08488964346349745
43 34 37 0.0 0.0 944.0 0.0 12777.0 30.0 7796.0 0.0890925289550719
43 34 38 0.0 0.0 1326.0 0.0 13707.0 36.0 15067.0 0.08219821512447158
43 34 39 0.0 0.0 1569.0 0.0 13799.0 47.0 19293.0 0.08065910007489772
43 34 40 0.0 0.0 1181.0 0.0 13519.0 20.0 11239.0 0.08373706561397212
43 34 41 0.0 0.0 1079.0 0.0 13292.0 28.0 11224.0 0.0855222968845449
43 34 42 0.0 0.0 1284.0 0.0 13503.0 30.0 13941.0 0.08339289969025493
43 34 43 0.0 0.0 510.0 0.0 10237.0 26.0 2590.0 0.1099850734543169
43 34 44 0.0 0.0 621.0 0.0 11183.0 18.0 3975.0 0.10142722596536984
43 34 45 0.0 0.0 323.0 0.0 7107.0 24.0 766.0 0.1487462813429664
43 34 46 0.0 0.0 80.0 0.0 2012.0 10.0 25.0 0.3429691327780499
43 34 47 0.0 0.0 9.0 0.0 185.0 6.0 0.0 0.6401463191586647
43 34 48 0.0 0.0 0.0 0.0 15.0 0.0 0.0 0.694789081885856
43 35 30 0.0 0.0 0.0 0.0 2.0 0.0 0.0 0.6993006993006992
43 35 31 0.0 0.0 14.0 0.0 425.0 2.0 1.0 0.5744768157570782
43 35 32 0.0 0.0 126.0 0.0 2951.0 18.0 82.0 0.27667984189723316
43 35 33 0.0 0.0 300.0 0.0 6538.0 25.0 559.0 0.15885623510722796
43 35 34 0.0 0.0 815.0 0.0 12357.0 37.0 6550.0 0.09236656330408391
43 35 35 0.0 0.0 1407.0 0.0 13238.0 36.0 19197.0 0.08412450426631413
43 35 36 0.0 0.0 2086.0 0.0 12522.0 34.0 34175.0 0.08424092905710331
43 35 37 0.0 0.0 2207.0 0.0 12925.0 58.0 33584.0 0.08180915093788348
43 35 38 0.0 0.0 2608.0 0.0 12372.0 62.0 41002.0 0.08246936852026389
43 35 39 0.0 0.0 2494.0 0.0 12535.0 58.0 39487.0 0.08220304151253595
43 35 40 0.0 0.0 2267.0 0.0 13383.0 50.0 32325.0 0.0792931581332125
43 35 41 0.0 0.0 2264.0 0.0 13255.0 59.0 32263.0 0.07990411506192568
43 35 42 0.0 0.0 1953.0 0.0 12967.0 42.0 29922.0 0.0826739104759655
43 35 43 0.0 0.0 1540.0 0.0 13774.0 41.0 19624.0 0.08085942012244425
43 35 44 0.0 0.0 1126.0 0.0 13458.0 31.0 10679.0 0.08443908323281062
43 35 45 0.0 0.0 578.0 0.0 10748.0 17.0 3295.0 0.10501837821618783
43 35 46 0.0 0.0 221.0 0.0 5231.0 17.0 265.0 0.18827326519634208
43 35 47 0.0 0.0 346.0 0.0 7597.0 21.0 898.0 0.14102951546287898
43 35 48 0.0 0.0 11.0 0.0 291.0 3.0 0.0 0.6089604175728577
43 35 49 0.0 0.0 0.0 0.0 3.0 0.0 0.0 0.6989515726410384
43 36 30 0.0 0.0 0.0 0.0 9.0 0.0 0.0 0.6968641114982577
43 36 31 0.0 0.0 31.0 0.0 585.0 7.0 1.0 0.5366040628593329
43 36 32 0.0 0.0 260.0 0.0 6531.0 17.0 530.0 0.1595078044890053
43 36 33 0.0 0.0 942.0 0.0 12706.0 26.0 10579.0 0.08941116362242942
43 36 34 0.0 0.0 1121.0 0.0 13617.0 31.0 9864.0 0.08367700675392982
43 36 35 0.0 0.0 1574.0 0.0 13994.0 57.0 17969.0 0.07977207977207976
43 36 36 0.0 0.0 2360.0 0.0 12585.0 52.0 35764.0 0.08258125405532943
43 36 37 0.0 0.0 3208.0 0.0 12475.0 75.0 47313.0 0.0792079207920792
43 36 38 0.0 0.0 3984.0 0.0 10323.0 78.0 71430.0 0.085831647354546
43 36 39 0.0 0.0 4098.0 0.0 9552.0 65.0 78883.0 0.08933699189585859
43 36 40 0.0 0.0 3898.0 0.0 11144.0 89.0 63255.0 0.0821307051507685
43 36 41 0.0 0.0 3641.0 0.0 10969.0 71.0 61769.0 0.08427642667950878
43 36 42 0.0 0.0 3225.0 0.0 11018.0 58.0 57326.0 0.08622813500862281
43 36 43 0.0 0.0 2367.0 0.0 12838.0 46.0 35207.0 0.08135278052181996
43 36 44 0.0 0.0 1592.0 0.0 14171.0 42.0 16903.0 0.07883326763894362
43 36 45 0.0 0.0 1165.0 0.0 13512.0 40.0 10933.0 0.08399328053755699
43 36 46 0.0 0.0 769.0 0.0 11993.0 34.0 4400.0 0.09494743981010512
43 36 47 0.0 0.0 571.0 0.0 10718.0 29.0 3444.0 0.10550113036925395
43 36 48 0.0 0.0 24.0 0.0 674.0 2.0 3.0 0.5192878338278931
43 36 49 0.0 0.0 0.0 0.0 2.0 0.0 0.0 0.6993006993006992
43 37 30 0.0 0.0 0.0 0.0 11.0 0.0 0.0 0.6961710591745399
43 37 31 0.0 0.0 294.0 0.0 5744.0 19.0 326.0 0.17449831733765422
43 37 32 0.0 0.0 112.0 0.0 3457.0 11.0 116.0 0.2518438568087785
43 37 33 0.0 0.0 454.0 0.0 9350.0 27.0 1826.0 0.1187849991515357
43 37 34 0.0 0.0 1198.0 0.0 13879.0 37.0 11099.0 0.08204406938584154
43 37 35 0.0 0.0 2104.0 0.0 13502.0 45.0 29453.0 0.07952738014087707
43 37 36 0.0 0.0 3196.0 0.0 12325.0 68.0 48982.0 0.07988587731811697
43 37 37 0.0 0.0 4375.0 0.0 9836.0 82.0 78124.0 0.08638775762063432
43 37 38 0.0 0.0 4373.0 0.0 6885.0 74.0 108664.0 0.10562052055827989
43 37 39 0.0 0.0 5278.0 0.0 8159.0 65.0 99545.0 0.09055041717870771
43 37 40 0.0 0.0 5241.0 0.0 8955.0 85.0 91117.0 0.08645711109738775
43 37 41 0.0 0.0 4946.0 0.0 8686.0 98.0 91317.0 0.08968609865470852
43 37 42 0.0 1.0 4602.0 2.0 10467.0 68.0 74573.0 0.08196241437854926
43 37 43 0.0 0.0 3658.0 1.0 10216.0 70.0 69424.0 0.08818897637795275
43 37 44 0.0 0.0 2968.0 0.0 11783.0 53.0 48629.0 0.0834326579261025
43 37 45 0.0 0.0 1876.0 0.0 13565.0 56.0 24850.0 0.08024762123122778
43 37 46 0.0 0.0 1491.0 0.0 13219.0 47.0 20538.0 0.0838423763324949
43 37 47 0.0 0.0 510.0 0.0 9663.0 27.0 2219.0 0.11519789352423268
43 37 48 0.0 0.0 101.0 0.0 2477.0 10.0 43.0 0.30641278179032605
43 37 49 0.0 0.0 10.0 0.0 164.0 3.0 1.0 0.64486411791801
43 38 30 0.0 0.0 0.0 0.0 5.0 0.0 0.0 0.6982543640897755
43 38 31 0.0 0.0 69.0 0.0 1631.0 12.0 17.0 0.37960954446854656
43 38 32 0.0 0.0 333.0 0.0 7848.0 20.0 1147.0 0.1377410468319559
43 38 33 0.0 0.0 613.0 0.0 10913.0 20.0 3325.0 0.10354263737889208
43 38 34 0.0 0.0 1356.0 0.0 14054.0 25.0 14083.0 0.0803627805522071
43 38 35 0.0 0.0 2635.0 0.0 12257.0 61.0 41277.0 0.0829138288421676
43 38 36 0.0 0.0 4082.0 0.0 10435.0 59.0 70124.0 0.08460748171874055
43 38 37 0.0 0.0 5030.0 0.0 8755.0 74.0 92454.0 0.08857956342929452
43 38 38 0.0 0.0 5392.0 0.0 7053.0 74.0 111404.0 0.09685230024213073
43 38 39 0.0 0.0 5583.0 0.0 6035.0 72.0 123179.0 0.10283531658586749
43 38 40 0.0 1.0 6482.0 0.0 7260.0 60.0 113117.0 0.08882121558177895
43 38 41 0.0 2.0 5870.0 2.0 6864.0 69.0 115625.0 0.09492812584757254
43 38 42 0.0 2.0 4944.0 2.0 6223.0 55.0 119233.0 0.10622154779969649
43 38 43 0.0 0.0 4789.0 0.0 8879.0 67.0 89248.0 0.08926863482752023
43 38 44 0.0 0.0 3671.0 0.0 9979.0 71.0 71746.0 0.08949117872666836
43 38 45 0.0 0.0 2505.0 0.0 11947.0 47.0 42048.0 0.08505467800729039
43 38 46 0.0 0.0 1262.0 0.0 13567.0 26.0 13859.0 0.08309591642924975
43 38 47 0.0 0.0 614.0 0.0 11176.0 26.0 3668.0 0.1015965166908563
43 38 48 0.0 0.0 36.0 0.0 1352.0 5.0 11.0 0.4142011834319526
43 38 49 0.0 0.0 0.0 0.0 12.0 0.0 0.0 0.6958250497017892
43 39 30 0.0 0.0 1.0 0.0 11.0 0.0 0.0 0.6958250497017892
43 39 31 0.0 0.0 57.0 0.0 1281.0 6.0 11.0 0.42016806722689065
43 39 32 0.0 0.0 352.0 0.0 7762.0 20.0 1034.0 0.1386138613861386
43 39 33 0.0 0.0 831.0 0.0 12617.0 28.0 5680.0 0.0907088246728003
43 39 34 0.0 0.0 1478.0 0.0 14105.0 36.0 15717.0 0.07968127490039839
43 39 35 0.0 0.0 2548.0 0.0 13316.0 53.0 35325.0 0.07836990595611285
43 39 36 0.0 0.0 4253.0 1.0 9673.0 77.0 78272.0 0.08785691873235017
43 39 37 0.0 1.0 5549.0 0.0 7740.0 83.0 103544.0 0.09155712510627165
43 39 38 0.0 0.0 6297.0 0.0 7160.0 92.0 115619.0 0.09068532193289285
43 39 39 0.0 1.0 6217.0 3.0 5866.0 75.0 128449.0 0.09945300845350571
43 39 40 0.0 0.0 5953.0 1.0 5028.0 57.0 136058.0 0.1078499345196826
43 39 41 0.0 1.0 6310.0 4.0 6127.0 71.0 125424.0 0.09699993071433519
43 39 42 0.0 1.0 5930.0 5.0 6610.0 83.0 117412.0 0.09623315919714048
43 39 43 0.0 0.0 5417.0 0.0 8635.0 86.0 96526.0 0.08722197993894461
43 39 44 0.0 0.0 4091.0 0.0 11000.0 77.0 65410.0 0.08190008190008188
43 39 45 0.0 0.0 2612.0 0.0 12913.0 64.0 38611.0 0.07989043597352202
43 39 46 0.0 0.0 1340.0 0.0 13628.0 40.0 15894.0 0.0824985268120212
43 39 47 0.0 0.0 637.0 0.0 11052.0 22.0 3257.0 0.1022420214708245
43 39 48 0.0 0.0 204.0 0.0 4763.0 12.0 220.0 0.20129403306973398
43 39 49 0.0 0.0 0.0 0.0 20.0 0.0 0.0 0.6930693069306929
43 40 30 0.0 0.0 0.0 0.0 7.0 0.0 0.0 0.6975585450921773
43 40 31 0.0 0.0 48.0 0.0 1384.0 9.0 14.0 0.4088785046728971
43 40 32 0.0 0.0 263.0 0.0 6362.0 22.0 555.0 0.16263940520446094
43 40 33 0.0 0.0 880.0 0.0 12690.0 28.0 7778.0 0.08995116936520174
43 40 34 0.0 0.0 1426.0 0.0 13603.0 47.0 16855.0 0.08228034087569791
43 40 35 0.0 0.0 2400.0 0.0 13218.0 56.0 34213.0 0.07948223004428294
43 40 36 0.0 0.0 4327.0 0.0 9822.0 74.0 77846.0 0.08664438668151997
43 40 37 0.0 0.0 5049.0 0.0 7032.0 77.0 111261.0 0.09953785993601136
43 40 38 0.0 3.0 5920.0 3.0 6316.0 66.0 121973.0 0.09822493510138215
43 40 39 0.0 1.0 6582.0 1.0 5993.0 57.0 127448.0 0.09595613433858806
43 40 40 0.0 1.0 6776.0 4.0 5892.0 76.0 129778.0 0.09528995371630818
43 40 41 0.0 2.0 6735.0 2.0 6002.0 64.0 127918.0 0.09499253630071922
43 40 42 0.0 2.0 6123.0 3.0 6823.0 62.0 117211.0 0.09350163627863486
43 40 43 0.0 5.0 4597.0 9.0 6124.0 56.0 118840.0 0.1098728614032334
43 40 44 0.0 0.0 4098.0 2.0 9224.0 75.0 79837.0 0.09131228802504564
43 40 45 0.0 0.0 2520.0 0.0 13149.0 63.0 35815.0 0.0792796874115182
43 40 46 0.0 0.0 1127.0 0.0 13448.0 31.0 12239.0 0.08445945945945946
43 40 47 0.0 0.0 566.0 0.0 10473.0 27.0 2601.0 0.10753514094784544
43 40 48 0.0 0.0 219.0 0.0 4939.0 25.0 249.0 0.19624334174376223
43 40 49 0.0 0.0 7.0 0.0 171.0 4.0 0.0 0.6439742410303587
43 41 30 0.0 0.0 0.0 0.0 12.0 0.0 0.0 0.6958250497017892
43 41 31 0.0 0.0 2.0 0.0 176.0 1.0 0.0 0.6430868167202571
43 41 32 0.0 0.0 308.0 0.0 7035.0 21.0 814.0 0.1500053573341905
43 41 33 0.0 0.0 774.0 0.0 12062.0 26.0 4871.0 0.09443507588532883
43 41 34 0.0 0.0 1795.0 0.0 12602.0 51.0 28377.0 0.08535544445799291
43 41 35 0.0 0.0 2172.0 0.0 13645.0 57.0 29125.0 0.07862959842740802
43 41 36 0.0 0.0 3957.0 0.0 11177.0 66.0 64088.0 0.08170411438576013
43 41 37 0.0 0.0 5259.0 1.0 9728.0 70.0 84381.0 0.08233841086867023
43 41 38 0.0 6.0 5962.0 15.0 7501.0 74.0 109532.0 0.09043343453265291
43 41 39 0.0 0.0 5779.0 0.0 5529.0 62.0 130377.0 0.10519197535502291
43 41 40 0.0 2.0 6283.0 3.0 5692.0 66.0 129777.0 0.10010725777618876
43 41 41 0.0 2.0 6050.0 4.0 5994.0 72.0 127267.0 0.09969379762159081
43 41 42 0.0 2.0 6041.0 3.0 7466.0 76.0 111044.0 0.09024107257960551
43 41 43 0.0 1.0 4954.0 1.0 8780.0 77.0 91872.0 0.08895666539585714
43 41 44 0.0 2.0 3663.0 5.0 12458.0 77.0 51608.0 0.07727122198918202
43 41 45 0.0 0.0 2245.0 0.0 12697.0 51.0 35198.0 0.08259099758126363
43 41 46 0.0 0.0 1004.0 0.0 13161.0 38.0 9599.0 0.08670878236095626
43 41 47 0.0 0.0 513.0 0.0 9764.0 22.0 2145.0 0.11412733349637239
43 41 48 0.0 0.0 140.0 0.0 3770.0 20.0 124.0 0.23765065353929724
43 41 49 0.0 0.0 15.0 0.0 262.0 2.0 0.0 0.6153846153846153
43 42 31 0.0 0.0 2.0 0.0 87.0 0.0 0.0 0.6701771182383915
43 42 32 0.0 0.0 178.0 0.0 4754.0 19.0 231.0 0.20245842371655817
43 42 33 0.0 0.0 533.0 0.0 10373.0 24.0 2842.0 0.10853554539111558
43 42 34 0.0 0.0 1753.0 0.0 12755.0 50.0 26505.0 0.08473037583973853
43 42 35 0.0 0.0 2201.0 0.0 13442.0 45.0 30580.0 0.07927519818799546
43 42 36 0.0 0.0 2958.0 0.0 12594.0 58.0 45023.0 0.07979936160510716
43 42 37 0.0 1.0 4402.0 3.0 10651.0 77.0 71615.0 0.08203445447087776
43 42 38 0.0 0.0 5208.0 0.0 8042.0 70.0 99874.0 0.09174913166000392
43 42 39 0.0 0.0 6216.0 3.0 8565.0 76.0 100401.0 0.08338793257490022
43 42 40 0.0 1.0 5681.0 2.0 6589.0 77.0 118396.0 0.0980254866265229
43 42 41 0.0 2.0 5985.0 3.0 7845.0 75.0 105500.0 0.08843408502305602
43 42 42 0.0 1.0 5408.0 4.0 8331.0 95.0 98434.0 0.08907552331869949
43 42 43 0.0 0.0 4403.0 1.0 9163.0 75.0 83638.0 0.08981843844229165
43 42 44 0.0 0.0 2950.0 0.0 13099.0 57.0 40397.0 0.07747219301643517
43 42 45 0.0 0.0 1627.0 0.0 13849.0 53.0 19721.0 0.08017409231474057
43 42 46 0.0 0.0 888.0 0.0 12653.0 26.0 7008.0 0.09016551812970953
43 42 47 0.0 0.0 660.0 0.0 11145.0 35.0 3340.0 0.1015965166908563
43 42 48 0.0 0.0 419.0 0.0 8446.0 22.0 1264.0 0.12899659080438586
43 42 49 0.0 0.0 26.0 0.0 731.0 6.0 3.0 0.509090909090909
43 43 31 0.0 0.0 7.0 0.0 172.0 2.0 0.0 0.6430868167202571
43 43 32 0.0 0.0 354.0 0.0 7422.0 24.0 855.0 0.14354557572029117
43 43 33 0.0 0.0 412.0 0.0 8805.0 25.0 1407.0 0.12494422132976347
43 43 34 0.0 0.0 1118.0 0.0 13250.0 40.0 12654.0 0.08561643835616438
43 43 35 0.0 0.0 1735.0 0.0 13805.0 52.0 22406.0 0.07980391039160918
43 43 36 0.0 0.0 1996.0 0.0 13872.0 52.0 25658.0 0.07836551917156451
43 43 37 0.0 0.0 3244.0 0.0 11847.0 82.0 51097.0 0.08201042704000937
43 43 38 0.0 0.0 4262.0 0.0 9822.0 88.0 77166.0 0.08713512167797348
43 43 39 0.0 0.0 4690.0 0.0 8494.0 79.0 93419.0 0.09226916232781913
43 43 40 0.0 0.0 5097.0 0.0 9375.0 83.0 86499.0 0.0849256900212314
43 43 41 0.0 1.0 4456.0 5.0 7931.0 51.0 95298.0 0.09722222222222221
43 43 42 0.0 0.0 4298.0 0.0 9055.0 73.0 85062.0 0.09115176769320918
43 43 43 0.0 0.0 3534.0 0.0 10135.0 65.0 68462.0 0.0893712097031599
43 43 44 0.0 0.0 2280.0 0.0 13988.0 56.0 28558.0 0.0766787161792091
43 43 45 0.0 0.0 855.0 0.0 12488.0 35.0 5506.0 0.09137784739899484
43 43 46 0.0 0.0 863.0 0.0 12408.0 37.0 6854.0 0.09178522257916474
43 43 47 0.0 0.0 271.0 0.0 6296.0 18.0 498.0 0.16378100140383714
43 43 48 0.0 0.0 117.0 0.0 3104.0 16.0 93.0 0.26892047637341526
43 43 49 0.0 0.0 2.0 0.0 124.0 0.0 0.0 0.6591337099811675
43 43 50 0.0 0.0 0.0 0.0 1.0 0.0 0.0 0.6996501749125437
43 44 31 0.0 0.0 0.0 0.0 22.0 0.0 0.0 0.6923837784371908
43 44 32 0.0 0.0 49.0 0.0 1276.0 10.0 4.0 0.4224502112251055
43 44 33 0.0 0.0 623.0 0.0 10645.0 24.0 2771.0 0.10564443102927859
43 44 34 0.0 0.0 743.0 0.0 12004.0 29.0 5130.0 0.09505058048747368
43 44 35 0.0 0.0 1302.0 0.0 13363.0 30.0 16629.0 0.08398824164616953
43 44 36 0.0 0.0 1411.0 0.0 13672.0 34.0 16707.0 0.08191445790181966
43 44 37 0.0 0.0 2075.0 0.0 13784.0 56.0 27796.0 0.07843137254901959
43 44 38 0.0 0.0 3194.0 0.0 11046.0 63.0 56473.0 0.08616445100935499
43 44 39 0.0 0.0 3215.0 1.0 12100.0 62.0 49965.0 0.08078942812626232
43 44 40 0.0 0.0 3616.0 1.0 8757.0 70.0 80867.0 0.09728978457261986
43 44 41 0.0 0.0 3362.0 0.0 13236.0 61.0 44989.0 0.07530930607853684
43 44 42 0.0 0.0 3119.0 0.0 11460.0 71.0 53908.0 0.08450024142926121
43 44 43 0.0 0.0 2333.0 0.0 13611.0 66.0 31091.0 0.07807271916127592
43 44 44 0.0 0.0 1626.0 0.0 13316.0 38.0 22162.0 0.08262511803588289
43 44 45 0.0 0.0 872.0 0.0 12781.0 18.0 7530.0 0.08930849706557793
43 44 46 0.0 0.0 621.0 0.0 11265.0 27.0 3935.0 0.10087182073636429
43 44 47 0.0 0.0 158.0 0.0 3557.0 18.0 107.0 0.24578651685393252
43 44 48 0.0 0.0 0.0 0.0 75.0 0.0 0.0 0.6746987951807227
43 44 49 0.0 0.0 0.0 0.0 8.0 0.0 0.0 0.697211155378486
43 45 32 0.0 0.0 0.0 0.0 115.0 0.0 0.0 0.6619385342789597
43 45 33 0.0 0.0 528.0 0.0 9779.0 25.0 1973.0 0.11389521640091115
43 45 34 0.0 0.0 526.0 0.0 10056.0 27.0 2298.0 0.11143835071240944
43 45 35 0.0 0.0 650.0 0.0 11378.0 23.0 4122.0 0.09989297181591152
43 45 36 0.0 0.0 1198.0 0.0 13567.0 30.0 13402.0 0.08347245409015024
43 45 37 0.0 0.0 1494.0 0.0 13937.0 36.0 16922.0 0.08032589362556657
43 45 38 0.0 0.0 2101.0 0.0 12145.0 40.0 37211.0 0.0861273454321747
43 45 39 0.0 0.0 2152.0 0.0 13154.0 41.0 31520.0 0.08088745088976194
43 45 40 0.0 0.0 2146.0 0.0 12984.0 54.0 32397.0 0.08177570093457943
43 45 41 0.0 0.0 1891.0 0.0 13555.0 48.0 25771.0 0.08027522935779816
43 45 42 0.0 0.0 1904.0 0.0 12694.0 44.0 29816.0 0.0843221104619647
43 45 43 0.0 0.0 1242.0 0.0 13960.0 35.0 11513.0 0.08145217593670001
43 45 44 0.0 0.0 1296.0 0.0 13391.0 36.0 14929.0 0.08394795226959284
43 45 45 0.0 0.0 998.0 0.0 13175.0 24.0 8755.0 0.08653192409914084
43 45 46 0.0 0.0 669.0 0.0 11200.0 19.0 4089.0 0.1010028136498088
43 45 47 0.0 0.0 184.0 0.0 4464.0 25.0 168.0 0.2113845689264683
43 45 48 0.0 0.0 48.0 0.0 1035.0 7.0 6.0 0.45513654096228867
43 46 32 0.0 0.0 1.0 0.0 51.0 0.0 0.0 0.6822612085769979
43 46 33 0.0 0.0 190.0 0.0 4002.0 19.0 117.0 0.2267941033533128
43 46 34 0.0 0.0 242.0 0.0 5918.0 18.0 450.0 0.17188459177409451
43 46 35 0.0 0.0 734.0 0.0 11593.0 23.0 4684.0 0.09771759614713477
43 46 36 0.0 0.0 381.0 0.0 8061.0 16.0 1033.0 0.13415101571483323
43 46 37 0.0 0.0 805.0 0.0 12362.0 27.0 6281.0 0.09236656330408391
43 46 38 0.0 0.0 1251.0 0.0 13285.0 33.0 15581.0 0.0846484067960578
43 46 39 0.0 0.0 783.0 0.0 11913.0 29.0 4281.0 0.09533537623425263
43 46 40 0.0 0.0 897.0 0.0 12712.0 24.0 8809.0 0.08973783731812063
43 46 41 0.0 0.0 601.0 0.0 11074.0 20.0 3301.0 0.10247401551749376
43 46 42 0.0 0.0 633.0 0.0 11496.0 32.0 4038.0 0.09913609970259168
43 46 43 0.0 0.0 509.0 0.0 9908.0 29.0 2261.0 0.1128577186618299
43 46 44 0.0 0.0 565.0 0.0 10255.0 26.0 2431.0 0.10934937124111535
43 46 45 0.0 0.0 652.0 0.0 11294.0 29.0 3480.0 0.1004664513814137
43 46 46 0.0 0.0 297.0 0.0 6928.0 20.0 670.0 0.1520251927462265
43 46 47 0.0 0.0 234.0 0.0 4700.0 21.0 238.0 0.20248770610355799
43 46 48 0.0 0.0 1.0 0.0 27.0 0.0 0.0 0.690335305719921
43 47 32 0.0 0.0 0.0 0.0 1.0 0.0 0.0 0.6996501749125437
43 47 33 0.0 0.0 4.0 0.0 141.0 0.0 0.0 0.6526806526806526
43 47 34 0.0 0.0 39.0 0.0 883.0 6.0 1.0 0.4804392587508579
43 47 35 0.0 0.0 58.0 0.0 1604.0 12.0 11.0 0.3837719298245614
43 47 36 0.0 0.0 165.0 0.0 4518.0 16.0 243.0 0.2099895005249737
43 47 37 0.0 0.0 334.0 0.0 7429.0 17.0 947.0 0.14356029532403608
43 47 38 0.0 0.0 107.0 0.0 3479.0 11.0 129.0 0.2509860164933667
43 47 39 0.0 0.0 346.0 0.0 8022.0 14.0 1147.0 0.13506994693680655
43 47 40 0.0 0.0 441.0 0.0 8804.0 27.0 1514.0 0.12472160356347436
43 47 41 0.0 0.0 312.0 0.0 6680.0 19.0 599.0 0.15593673423925147
43 47 42 0.0 0.0 437.0 0.0 8592.0 24.0 1321.0 0.1271571298819255
43 47 43 0.0 0.0 136.0 0.0 3281.0 11.0 80.0 0.25882787946015895
43 47 44 0.0 0.0 217.0 0.0 5202.0 15.0 296.0 0.18911252195056058
43 47 45 0.0 0.0 37.0 0.0 820.0 4.0 2.0 0.4907115317209954
43 47 46 0.0 0.0 266.0 0.0 5318.0 30.0 317.0 0.18525870054254331
43 47 47 0.0 0.0 41.0 0.0 786.0 8.0 2.0 0.4966300106420715
43 47 48 0.0 0.0 0.0 0.0 6.0 0.0 0.0 0.6979062811565303
43 48 34 0.0 0.0 0.0 0.0 1.0 0.0 0.0 0.6996501749125437
43 48 35 0.0 0.0 6.0 0.0 80.0 2.0 0.0 0.6717850287907868
43 48 36 0.0 0.0 8.0 0.0 224.0 1.0 1.0 0.6275212909009411
43 48 37 0.0 0.0 9.0 0.0 339.0 2.0 0.0 0.5967604433077578
43 48 38 0.0 0.0 138.0 0.0 2782.0 13.0 55.0 0.2853067047075606
43 48 39 0.0 0.0 12.0 0.0 559.0 3.0 1.0 0.5453837164004673
43 48 40 0.0 0.0 17.0 0.0 533.0 4.0 0.0 0.5498821681068342
43 48 41 0.0 0.0 35.0 0.0 595.0 13.0 0.0 0.5349636988918608
43 48 42 0.0 0.0 5.0 0.0 108.0 1.0 0.0 0.6628787878787878
43 48 43 0.0 0.0 60.0 0.0 1299.0 9.0 6.0 0.41791044776119396
43 48 44 0.0 0.0 0.0 0.0 18.0 0.0 0.0 0.694100148735746
43 48 45 0.0 0.0 0.0 0.0 26.0 0.0 0.0 0.6910167818361302
43 48 46 0.0 0.0 0.0 0.0 8.0 0.0 0.0 0.697211155378486
43 48 47 0.0 0.0 0.0 0.0 9.0 0.0 0.0 0.6968641114982577
43 49 35 0.0 0.0 0.0 0.0 1.0 0.0 0.0 0.6996501749125437
43 49 36 0.0 0.0 0.0 0.0 2.0 0.0 0.0 0.6993006993006992
43 49 37 0.0 0.0 0.0 0.0 11.0 0.0 0.0 0.6961710591745399
43 49 38 0.0 0.0 0.0 0.0 9.0 0.0 0.0 0.6968641114982577
43 49 39 0.0 0.0 0.0 0.0 15.0 0.0 0.0 0.694789081885856
43 49 40 0.0 0.0 0.0 0.0 1.0 0.0 0.0 0.6996501749125437
43 49 41 0.0 0.0 0.0 0.0 1.0 0.0 0.0 0.6996501749125437
43 49 43 0.0 0.0 0.0 0.0 2.0 0.0 0.0 0.6993006993006992
43 49 44 0.0 0.0 0.0 0.0 2.0 0.0 0.0 0.6993006993006992
44 30 39 0.0 0.0 0.0 0.0 3.0 1.0 0.0 0.6993006993006992
44 30 40 0.0 0.0 0.0 0.0 1.0 0.0 0.0 0.6996501749125437
44 30 41 0.0 0.0 0.0 0.0 2.0 0.0 0.0 0.6993006993006992
44 31 34 0.0 0.0 0.0 0.0 3.0 0.0 0.0 0.6989515726410384
44 31 35 0.0 0.0 0.0 0.0 14.0 0.0 0.0 0.6951340615690167
44 31 36 0.0 0.0 4.0 0.0 50.0 2.0 0.0 0.6822612085769979
44 31 37 0.0 0.0 6.0 0.0 149.0 2.0 0.0 0.6502554575011611
44 31 38 0.0 0.0 0.0 0.0 9.0 0.0 0.0 0.6968641114982577
44 31 39 0.0 0.0 0.0 0.0 31.0 0.0 0.0 0.6899950714637751
44 31 40 0.0 0.0 87.0 0.0 2090.0 17.0 21.0 0.33653846153846145
44 31 41 0.0 0.0 2.0 0.0 96.0 1.0 0.0 0.6676204101096804
44 31 42 0.0 0.0 0.0 0.0 32.0 0.0 0.0 0.6893156080748399
44 31 43 0.0 0.0 8.0 0.0 230.0 1.0 0.0 0.6258381761287437
44 31 44 0.0 0.0 0.0 0.0 12.0 0.0 0.0 0.6958250497017892
44 32 33 0.0 0.0 0.0 0.0 1.0 0.0 0.0 0.6996501749125437
44 32 34 0.0 0.0 4.0 0.0 121.0 0.0 0.0 0.6588235294117646
44 32 35 0.0 0.0 38.0 0.0 998.0 11.0 3.0 0.4629629629629629
44 32 36 0.0 0.0 303.0 0.0 6695.0 25.0 567.0 0.15595410493483347
44 32 37 0.0 0.0 101.0 0.0 2678.0 14.0 52.0 0.29374737725556016
44 32 38 0.0 0.0 107.0 0.0 2486.0 14.0 35.0 0.30567685589519644
44 32 39 0.0 0.0 258.0 0.0 5276.0 20.0 264.0 0.1862692921766897
44 32 40 0.0 0.0 146.0 0.0 3259.0 19.0 67.0 0.2597884579699387
44 32 41 0.0 0.0 152.0 0.0 3773.0 18.0 114.0 0.23700694091755542
44 32 42 0.0 0.0 213.0 0.0 4733.0 12.0 225.0 0.20178725857595847
44 32 43 0.0 0.0 190.0 0.0 3920.0 19.0 128.0 0.22980958634274457
44 32 44 0.0 0.0 13.0 0.0 320.0 6.0 0.0 0.6016330038676406
44 32 45 0.0 0.0 0.0 0.0 29.0 0.0 0.0 0.6899950714637751
44 32 46 0.0 0.0 0.0 0.0 1.0 0.0 0.0 0.6996501749125437
44 33 32 0.0 0.0 26.0 0.0 500.0 3.0 0.0 0.5548949663099484
44 33 33 0.0 0.0 2.0 0.0 37.0 0.0 0.0 0.6866110838646394
44 33 34 0.0 0.0 44.0 0.0 1082.0 8.0 4.0 0.4490057729313662
44 33 35 0.0 0.0 198.0 0.0 4655.0 18.0 242.0 0.2047681731753693
44 33 36 0.0 0.0 625.0 0.0 11160.0 23.0 4048.0 0.10155966630395356
44 33 37 0.0 0.0 527.0 0.0 9776.0 30.0 2179.0 0.11394156425490355
44 33 38 0.0 0.0 270.0 0.0 6863.0 16.0 679.0 0.15352560587783745
44 33 39 0.0 0.0 625.0 0.0 10758.0 21.0 3151.0 0.10467289719626167
44 33 40 0.0 0.0 638.0 0.0 11061.0 34.0 3357.0 0.10233918128654969
44 33 41 0.0 0.0 706.0 0.0 11860.0 29.0 4966.0 0.09620670698185815
44 33 42 0.0 0.0 200.0 0.0 4954.0 21.0 240.0 0.19621583742116325
44 33 43 0.0 0.0 486.0 0.0 9407.0 24.0 2096.0 0.11785503830288745
44 33 44 0.0 0.0 78.0 0.0 2043.0 17.0 28.0 0.3412137460394833
44 33 45 0.0 0.0 48.0 0.0 1133.0 4.0 8.0 0.4406672961913755
44 33 46 0.0 0.0 0.0 0.0 19.0 0.0 0.0 0.6934125804853887
44 33 47 0.0 0.0 0.0 0.0 1.0 0.0 0.0 0.6996501749125437
44 34 31 0.0 0.0 0.0 0.0 4.0 0.0 0.0 0.6986027944111775
44 34 32 0.0 0.0 0.0 0.0 29.0 0.0 0.0 0.6899950714637751
44 34 33 0.0 0.0 26.0 0.0 870.0 10.0 2.0 0.48526863084922
44 34 34 0.0 0.0 322.0 0.0 6464.0 25.0 487.0 0.15979910969067454
44 34 35 0.0 0.0 749.0 0.0 11758.0 26.0 4288.0 0.09653175205129973
44 34 36 0.0 0.0 1114.0 0.0 12936.0 28.0 13635.0 0.08724915866882711
44 34 37 0.0 0.0 1267.0 0.0 13447.0 29.0 14439.0 0.08371703641691082
44 34 38 0.0 0.0 1359.0 0.0 13678.0 44.0 15375.0 0.08214998239643234
44 34 39 0.0 0.0 990.0 0.0 13028.0 34.0 9821.0 0.0875109388673584
44 34 40 0.0 0.0 1059.0 0.0 13237.0 39.0 10733.0 0.08598452278589852
44 34 41 0.0 0.0 741.0 0.0 12039.0 30.0 5058.0 0.09486380268329041
44 34 42 0.0 0.0 883.0 0.0 12689.0 22.0 8065.0 0.08988186954288648
44 34 43 0.0 0.0 735.0 0.0 11886.0 24.0 4618.0 0.0957134067136118
44 34 44 0.0 0.0 454.0 0.0 8539.0 31.0 1142.0 0.12764405543398977
44 34 45 0.0 0.0 147.0 0.0 4331.0 10.0 209.0 0.2164167568403153
44 34 46 0.0 0.0 100.0 0.0 2267.0 14.0 26.0 0.3216911764705882
44 34 47 0.0 0.0 0.0 0.0 44.0 0.0 0.0 0.684931506849315
44 34 48 0.0 0.0 0.0 0.0 16.0 0.0 0.0 0.6944444444444444
44 35 31 0.0 0.0 0.0 0.0 8.0 0.0 0.0 0.697211155378486
44 35 32 0.0 0.0 116.0 0.0 2635.0 20.0 46.0 0.2959205242020714
44 35 33 0.0 0.0 131.0 0.0 4212.0 13.0 200.0 0.22120398167167007
44 35 34 0.0 0.0 472.0 0.0 9045.0 26.0 1439.0 0.12169680111265645
44 35 35 0.0 0.0 610.0 0.0 11065.0 21.0 3836.0 0.10239157463614422
44 35 36 0.0 0.0 1276.0 0.0 14040.0 34.0 12859.0 0.08087810514153668
44 35 37 0.0 0.0 2117.0 0.0 12347.0 55.0 34845.0 0.08504951096531194
44 35 38 0.0 0.0 2096.0 0.0 13630.0 52.0 27955.0 0.07898002933543946
44 35 39 0.0 0.0 2241.0 0.0 12646.0 43.0 34719.0 0.08285984848484848
44 35 40 0.0 0.0 2203.0 0.0 13203.0 51.0 31109.0 0.08038123672274214
44 35 41 0.0 0.0 1827.0 0.0 13399.0 43.0 25304.0 0.08124419684308262
44 35 42 0.0 0.0 1492.0 0.0 13661.0 38.0 18669.0 0.08161837579432168
44 35 43 0.0 0.0 1016.0 0.0 13214.0 35.0 9874.0 0.08632916075723006
44 35 44 0.0 0.0 983.0 0.0 13067.0 40.0 8470.0 0.08733624454148471
44 35 45 0.0 0.0 650.0 0.0 11536.0 23.0 4658.0 0.09867493656611219
44 35 46 0.0 0.0 361.0 0.0 7079.0 22.0 661.0 0.1485411140583554
44 35 47 0.0 0.0 246.0 0.0 5102.0 13.0 275.0 0.19073569482288827
44 35 48 0.0 0.0 27.0 0.0 685.0 6.0 2.0 0.5173688100517368
44 35 49 0.0 0.0 0.0 0.0 5.0 0.0 0.0 0.6982543640897755
44 36 30 0.0 0.0 0.0 0.0 7.0 0.0 0.0 0.6975585450921773
44 36 31 0.0 0.0 0.0 0.0 27.0 0.0 0.0 0.6906758756783422
44 36 32 0.0 0.0 58.0 0.0 1653.0 11.0 17.0 0.3784806704514733
44 36 33 0.0 0.0 101.0 0.0 3287.0 9.0 130.0 0.2603198214949795
44 36 34 0.0 0.0 609.0 0.0 11108.0 26.0 3824.0 0.10217486498321411
44 36 35 0.0 0.0 1655.0 0.0 13398.0 44.0 22477.0 0.08210180623973726
44 36 36 0.0 0.0 1752.0 0.0 13972.0 45.0 21370.0 0.07901569025849417
44 36 37 0.0 0.0 1989.0 0.0 14705.0 47.0 20595.0 0.07491037508694953
44 36 38 0.0 0.0 3406.0 0.0 9987.0 67.0 68744.0 0.09085009733939
44 36 39 0.0 0.0 3570.0 0.0 9500.0 69.0 74237.0 0.09288747346072185
44 36 40 0.0 0.0 3399.0 0.0 10317.0 66.0 65019.0 0.08908685968819598
44 36 41 0.0 0.0 2640.0 0.0 13128.0 57.0 37531.0 0.07885546919004167
44 36 42 0.0 0.0 2340.0 0.0 13231.0 52.0 33325.0 0.07964048011832299
44 36 43 0.0 0.0 1754.0 0.0 13964.0 47.0 21711.0 0.0790335327989161
44 36 44 0.0 0.0 1613.0 0.0 13227.0 45.0 22042.0 0.08307619273676714
44 36 45 0.0 0.0 1050.0 0.0 13442.0 39.0 10529.0 0.08492053863884506
44 36 46 0.0 0.0 328.0 0.0 7332.0 19.0 829.0 0.14515292897874543
44 36 47 0.0 0.0 388.0 0.0 8140.0 18.0 1188.0 0.13302926643861648
44 36 48 0.0 0.0 142.0 0.0 3499.0 20.0 106.0 0.24911032028469746
44 36 49 0.0 0.0 0.0 0.0 8.0 0.0 0.0 0.697211155378486
44 37 30 0.0 0.0 0.0 0.0 3.0 0.0 0.0 0.6989515726410384
44 37 31 0.0 0.0 0.0 0.0 36.0 0.0 0.0 0.6876227897838899
44 37 32 0.0 0.0 55.0 0.0 1583.0 10.0 14.0 0.3858875413450937
44 37 33 0.0 0.0 480.0 0.0 9444.0 22.0 1703.0 0.11754827875734675
44 37 34 0.0 0.0 777.0 0.0 12273.0 29.0 6124.0 0.09308510638297872
44 37 35 0.0 0.0 1746.0 0.0 13128.0 51.0 25087.0 0.08301215535131928
44 37 36 0.0 0.0 2573.0 0.0 11254.0 67.0 48793.0 0.08857395925597873
44 37 37 0.0 0.0 3299.0 0.0 12237.0 70.0 50113.0 0.07988587731811697
44 37 38 0.0 0.0 3907.0 0.0 9479.0 81.0 76368.0 0.09100364014560582
44 37 39 0.0 0.0 4352.0 0.0 10666.0 87.0 70000.0 0.08224650452355774
44 37 40 0.0 0.0 4475.0 0.0 11134.0 80.0 68947.0 0.0795047986824919
44 37 41 0.0 0.0 4122.0 0.0 10241.0 84.0 72704.0 0.08561120283739986
44 37 42 0.0 0.0 3539.0 0.0 12088.0 54.0 54597.0 0.07936507936507936
44 37 43 0.0 0.0 3277.0 0.0 10405.0 58.0 63103.0 0.08929140889087313
44 37 44 0.0 0.0 2070.0 0.0 13370.0 52.0 28318.0 0.08034433285509325
44 37 45 0.0 0.0 1369.0 0.0 13759.0 23.0 15016.0 0.08173273395995095
44 37 46 0.0 0.0 989.0 0.0 13277.0 27.0 8351.0 0.08602679120068821
44 37 47 0.0 0.0 542.0 0.0 10494.0 32.0 3329.0 0.1075268817204301
44 37 48 0.0 0.0 136.0 0.0 3384.0 11.0 93.0 0.25412960609911056
44 37 49 0.0 0.0 18.0 0.0 440.0 4.0 2.0 0.5704971475142624
44 38 30 0.0 0.0 6.0 0.0 74.0 1.0 0.0 0.6734006734006733
44 38 31 0.0 0.0 0.0 0.0 44.0 0.0 0.0 0.684931506849315
44 38 32 0.0 0.0 26.0 0.0 1022.0 5.0 6.0 0.4600722970752546
44 38 33 0.0 0.0 401.0 0.0 8105.0 20.0 1207.0 0.13347316236056822
44 38 34 0.0 0.0 933.0 0.0 12950.0 27.0 8484.0 0.08818897637795275
44 38 35 0.0 0.0 2277.0 0.0 11900.0 59.0 40453.0 0.0865533230293663
44 38 36 0.0 0.0 2836.0 0.0 12650.0 64.0 42025.0 0.08008237043816496
44 38 37 0.0 0.0 3920.0 0.0 11114.0 81.0 63629.0 0.08227067050596462
44 38 38 0.0 0.0 4577.0 0.0 11072.0 80.0 68438.0 0.07930214115781124
44 38 39 0.0 0.0 5155.0 0.0 9424.0 85.0 86167.0 0.08446455505279034
44 38 40 0.0 0.0 4213.0 0.0 6499.0 67.0 110398.0 0.11019283746556473
44 38 41 0.0 0.0 5152.0 0.0 9848.0 72.0 83622.0 0.08229485069362802
44 38 42 0.0 0.0 4411.0 0.0 9530.0 68.0 80241.0 0.08780732563973907
44 38 43 0.0 0.0 3541.0 0.0 11383.0 65.0 57847.0 0.08262999468807176
44 38 44 0.0 0.0 2869.0 0.0 11760.0 68.0 48384.0 0.08420546132563454
44 38 45 0.0 0.0 1790.0 0.0 13793.0 53.0 22941.0 0.07967674008309145
44 38 46 0.0 0.0 1006.0 0.0 13331.0 35.0 8700.0 0.0857632933104631
44 38 47 0.0 0.0 834.0 0.0 12234.0 30.0 6185.0 0.09296148738379813
44 38 48 0.0 0.0 47.0 0.0 1239.0 14.0 8.0 0.427742132600061
44 38 49 0.0 0.0 118.0 0.0 2123.0 14.0 23.0 0.3312041637094866
44 39 31 0.0 0.0 1.0 0.0 72.0 0.0 1.0 0.6753497346840327
44 39 32 0.0 0.0 33.0 0.0 1250.0 5.0 8.0 0.42708968883465526
44 39 33 0.0 0.0 673.0 0.0 11446.0 25.0 4284.0 0.0991852639036486
44 39 34 0.0 0.0 1245.0 0.0 13976.0 26.0 12944.0 0.08126306013466449
44 39 35 0.0 0.0 2099.0 0.0 13375.0 44.0 29028.0 0.08010069802036845
44 39 36 0.0 0.0 3422.0 0.0 11324.0 71.0 57325.0 0.08352723584511663
44 39 37 0.0 0.0 4021.0 0.0 9202.0 70.0 80357.0 0.09191176470588233
44 39 38 0.0 0.0 4946.0 0.0 10303.0 95.0 79468.0 0.08119236791741576
44 39 39 0.0 0.0 5310.0 0.0 8543.0 90.0 96614.0 0.0883336488106505
44 39 40 0.0 0.0 5443.0 0.0 8445.0 78.0 97839.0 0.08812236419714231
44 39 41 0.0 0.0 5369.0 0.0 9210.0 75.0 89687.0 0.08436784379896348
44 39 42 0.0 0.0 4740.0 1.0 8330.0 78.0 94067.0 0.09293680297397769
44 39 43 0.0 0.0 4128.0 0.0 11097.0 77.0 65666.0 0.08130081300813008
44 39 44 0.0 0.0 3401.0 0.0 9365.0 62.0 74021.0 0.09474182851729038
44 39 45 0.0 0.0 2516.0 0.0 11949.0 55.0 43698.0 0.08504951096531194
44 39 46 0.0 0.0 1467.0 0.0 13555.0 46.0 18747.0 0.08233356857210067
44 39 47 0.0 0.0 465.0 0.0 8856.0 25.0 1442.0 0.1238499646142958
44 39 48 0.0 0.0 34.0 0.0 782.0 11.0 2.0 0.4992867332382311
44 39 49 0.0 0.0 3.0 0.0 95.0 1.0 0.0 0.6676204101096804
44 40 30 0.0 0.0 0.0 0.0 2.0 0.0 0.0 0.6993006993006992
44 40 31 0.0 0.0 120.0 0.0 2208.0 20.0 35.0 0.3249767873723305
44 40 32 0.0 0.0 511.0 0.0 9896.0 22.0 2312.0 0.11296699749858789
44 40 33 0.0 0.0 340.0 0.0 7878.0 14.0 1030.0 0.13706677109849225
44 40 34 0.0 0.0 763.0 0.0 11971.0 27.0 4604.0 0.09504412763068566
44 40 35 0.0 0.0 1939.0 0.0 13299.0 43.0 27899.0 0.08120178643930166
44 40 36 0.0 0.0 3292.0 0.0 10606.0 58.0 60473.0 0.08797838245459687
44 40 37 0.0 0.0 4036.0 0.0 10548.0 73.0 68849.0 0.08449004224502112
44 40 38 0.0 0.0 4935.0 0.0 10050.0 75.0 79371.0 0.08234809717075466
44 40 39 0.0 0.0 5380.0 1.0 8794.0 97.0 93606.0 0.08669267446900736
44 40 40 0.0 0.0 5049.0 1.0 7240.0 68.0 107273.0 0.0978541972461033
44 40 41 0.0 0.0 5383.0 0.0 10071.0 78.0 83046.0 0.08012361929834601
44 40 42 0.0 0.0 5029.0 0.0 9578.0 75.0 85093.0 0.08435767654856591
44 40 43 0.0 0.0 4141.0 0.0 10244.0 85.0 72969.0 0.08547008547008546
44 40 44 0.0 0.0 3110.0 0.0 12609.0 59.0 44515.0 0.07896221094190636
44 40 45 0.0 0.0 2160.0 0.0 12975.0 52.0 31614.0 0.08170411438576013
44 40 46 0.0 0.0 1086.0 0.0 13299.0 25.0 10981.0 0.08542314967356153
44 40 47 0.0 0.0 397.0 0.0 8386.0 23.0 1239.0 0.13009943313818417
44 40 48 0.0 0.0 84.0 0.0 1860.0 12.0 8.0 0.3559623696923468
44 40 49 0.0 0.0 0.0 0.0 6.0 0.0 0.0 0.6979062811565303
44 41 30 0.0 0.0 0.0 0.0 1.0 0.0 0.0 0.6996501749125437
44 41 31 0.0 0.0 4.0 0.0 104.0 2.0 0.0 0.6650831353919239
44 41 32 0.0 0.0 143.0 0.0 3356.0 19.0 70.0 0.2554744525547445
44 41 33 0.0 0.0 596.0 0.0 10878.0 21.0 3296.0 0.10395782282616765
44 41 34 0.0 0.0 896.0 0.0 12470.0 36.0 6366.0 0.09125277017338025
44 41 35 0.0 0.0 1644.0 0.0 13711.0 50.0 21681.0 0.08076146524372656
44 41 36 0.0 0.0 2952.0 0.0 12116.0 66.0 46765.0 0.08203926164664517
44 41 37 0.0 0.0 3665.0 0.0 10705.0 75.0 64280.0 0.08556934172727827
44 41 38 0.0 0.0 4731.0 0.0 10151.0 85.0 77743.0 0.08290400900100668
44 41 39 0.0 0.0 5236.0 0.0 8346.0 69.0 96734.0 0.0898530261215583
44 41 40 0.0 0.0 5243.0 1.0 9687.0 75.0 84798.0 0.08265926669421975
44 41 41 0.0 0.0 5104.0 0.0 9527.0 69.0 85019.0 0.08421559191530316
44 41 42 0.0 0.0 4514.0 0.0 8709.0 93.0 89404.0 0.09203865623561894
44 41 43 0.0 0.0 3963.0 1.0 9709.0 67.0 75575.0 0.0893712097031599
44 41 44 0.0 0.0 3068.0 0.0 11576.0 52.0 51056.0 0.08403865778257998
44 41 45 0.0 0.0 1490.0 0.0 13670.0 39.0 18508.0 0.08158508158508158
44 41 46 0.0 0.0 806.0 0.0 12511.0 17.0 7186.0 0.09137784739899484
44 41 47 0.0 0.0 576.0 0.0 10635.0 32.0 3151.0 0.10613296944886665
44 41 48 0.0 0.0 25.0 0.0 546.0 9.0 1.0 0.5464480874316939
44 41 49 0.0 0.0 2.0 0.0 35.0 0.0 0.0 0.6876227897838899
44 42 31 0.0 0.0 15.0 0.0 245.0 3.0 0.0 0.620292423571112
44 42 32 0.0 0.0 99.0 0.0 2903.0 10.0 78.0 0.28050490883590457
44 42 33 0.0 0.0 995.0 0.0 12987.0 41.0 9011.0 0.08770281275449476
44 42 34 0.0 0.0 983.0 0.0 13287.0 38.0 7497.0 0.08607968519429414
44 42 35 0.0 0.0 1588.0 0.0 13201.0 50.0 23150.0 0.08338793257490022
44 42 36 0.0 0.0 2301.0 0.0 12590.0 54.0 36671.0 0.08286475288546906
44 42 37 0.0 0.0 2966.0 0.0 13651.0 53.0 38152.0 0.07516778523489932
44 42 38 0.0 0.0 4169.0 0.0 10476.0 84.0 70788.0 0.0840891344825515
44 42 39 0.0 0.0 4271.0 0.0 7630.0 78.0 98229.0 0.10064701653486699
44 42 40 0.0 0.0 4652.0 0.0 11225.0 88.0 67002.0 0.07833920877399136
44 42 41 0.0 0.0 4503.0 0.0 10239.0 72.0 75107.0 0.08358707982566123
44 42 42 0.0 0.0 4051.0 1.0 11189.0 77.0 64171.0 0.08114530806236596
44 42 43 0.0 0.0 3387.0 0.0 11481.0 69.0 54259.0 0.0830367734282325
44 42 44 0.0 0.0 2264.0 0.0 13351.0 54.0 31401.0 0.07944163876751971
44 42 45 0.0 0.0 1314.0 0.0 13953.0 38.0 13940.0 0.08111239860950173
44 42 46 0.0 0.0 1166.0 0.0 13119.0 26.0 13480.0 0.08596868283696653
44 42 47 0.0 0.0 135.0 0.0 3249.0 12.0 76.0 0.2605620696072957
44 42 48 0.0 0.0 51.0 0.0 1448.0 10.0 6.0 0.40126110633419315
44 42 49 0.0 0.0 0.0 0.0 15.0 0.0 0.0 0.694789081885856
44 43 31 0.0 0.0 0.0 0.0 31.0 0.0 0.0 0.6893156080748399
44 43 32 0.0 0.0 86.0 0.0 2357.0 7.0 40.0 0.3155996393146979
44 43 33 0.0 0.0 879.0 0.0 12587.0 35.0 7953.0 0.09060902206976894
44 43 34 0.0 0.0 835.0 0.0 12606.0 31.0 6363.0 0.09072645972393234
44 43 35 0.0 0.0 835.0 0.0 12560.0 31.0 6791.0 0.09100364014560582
44 43 36 0.0 0.0 1704.0 0.0 13035.0 42.0 25117.0 0.08359207069500835
44 43 37 0.0 0.0 2457.0 0.0 12807.0 56.0 37812.0 0.08098571180655983
44 43 38 0.0 0.0 3065.0 0.0 12910.0 70.0 44271.0 0.0779423226812159
44 43 39 0.0 0.0 3709.0 0.0 10380.0 60.0 67827.0 0.08683247534577931
44 43 40 0.0 0.0 3778.0 0.0 11595.0 82.0 58912.0 0.08058017727639
44 43 41 0.0 0.0 3364.0 0.0 12595.0 63.0 48383.0 0.07782533770637612
44 43 42 0.0 0.0 3087.0 0.0 12616.0 66.0 45023.0 0.07906477664200598
44 43 43 0.0 0.0 2635.0 0.0 11440.0 55.0 46716.0 0.08702679181948156
44 43 44 0.0 0.0 2130.0 0.0 12751.0 38.0 32690.0 0.08293838862559241
44 43 45 0.0 0.0 1153.0 0.0 13554.0 31.0 11564.0 0.08378216636744464
44 43 46 0.0 0.0 513.0 0.0 9759.0 22.0 1933.0 0.11422044545973728
44 43 47 0.0 0.0 262.0 0.0 5329.0 14.0 283.0 0.1846478501714587
44 43 48 0.0 0.0 11.0 0.0 270.0 1.0 0.0 0.6140350877192982
44 43 49 0.0 0.0 0.0 0.0 26.0 0.0 0.0 0.6910167818361302
44 44 31 0.0 0.0 2.0 0.0 34.0 0.0 0.0 0.6876227897838899
44 44 32 0.0 0.0 27.0 0.0 792.0 4.0 4.0 0.4973357015985789
44 44 33 0.0 0.0 317.0 0.0 7076.0 22.0 738.0 0.14931740614334468
44 44 34 0.0 0.0 500.0 0.0 9647.0 27.0 2013.0 0.11534025374855823
44 44 35 0.0 0.0 703.0 0.0 11572.0 24.0 3990.0 0.09814918676388108
44 44 36 0.0 0.0 1034.0 0.0 13339.0 31.0 10196.0 0.0855170728727628
44 44 37 0.0 0.0 2242.0 0.0 12103.0 61.0 38071.0 0.08570554025099479
44 44 38 0.0 0.0 2603.0 0.0 11407.0 56.0 47238.0 0.08741804558226662
44 44 39 0.0 0.0 2544.0 0.0 12698.0 59.0 38552.0 0.0811076994380395
44 44 40 0.0 0.0 2621.0 0.0 13221.0 45.0 36960.0 0.07844895214613919
44 44 41 0.0 0.0 2733.0 0.0 12169.0 58.0 43121.0 0.08278635207852876
44 44 42 0.0 0.0 2337.0 0.0 11972.0 52.0 40034.0 0.08585270129392285
44 44 43 0.0 0.0 2132.0 0.0 13100.0 51.0 31757.0 0.08123948238844077
44 44 44 0.0 0.0 1568.0 0.0 13493.0 49.0 21489.0 0.08204887768856589
44 44 45 0.0 0.0 782.0 0.0 12232.0 28.0 5785.0 0.0932773669131854
44 44 46 0.0 0.0 302.0 0.0 6338.0 20.0 451.0 0.16237531895151933
44 44 47 0.0 0.0 261.0 0.0 6325.0 18.0 506.0 0.16334150040835374
44 44 48 0.0 0.0 0.0 0.0 38.0 0.0 0.0 0.6869479882237487
44 44 49 0.0 0.0 0.0 0.0 2.0 0.0 0.0 0.6993006993006992
44 45 31 0.0 0.0 0.0 0.0 1.0 0.0 0.0 0.6996501749125437
44 45 32 0.0 0.0 8.0 0.0 177.0 1.0 0.0 0.641025641025641
44 45 33 0.0 0.0 59.0 0.0 1891.0 6.0 22.0 0.3549695740365111
44 45 34 0.0 0.0 535.0 0.0 10271.0 30.0 3044.0 0.10950332420805631
44 45 35 0.0 0.0 368.0 0.0 7291.0 23.0 808.0 0.14527342533983603
44 45 36 0.0 0.0 647.0 0.0 11059.0 16.0 3104.0 0.10215995329830704
44 45 37 0.0 0.0 968.0 0.0 13232.0 18.0 8147.0 0.08635045950780237
44 45 38 0.0 0.0 1511.0 0.0 13727.0 32.0 18348.0 0.08118295158016817
44 45 39 0.0 0.0 2023.0 0.0 13059.0 49.0 30362.0 0.08190487333996371
44 45 40 0.0 0.0 1451.0 1.0 13813.0 35.0 15360.0 0.08107951583946255
44 45 41 0.0 0.0 1486.0 0.0 13498.0 45.0 18537.0 0.08242081714352995
44 45 42 0.0 0.0 1334.0 0.0 13669.0 40.0 14846.0 0.08241596514982044
44 45 43 0.0 0.0 1073.0 0.0 13455.0 33.0 9897.0 0.08473550417624984
44 45 44 0.0 0.0 790.0 0.0 12275.0 28.0 6516.0 0.09298618490967055
44 45 45 0.0 0.0 811.0 0.0 12436.0 27.0 5780.0 0.09188763454975057
44 45 46 0.0 0.0 430.0 0.0 8377.0 24.0 1180.0 0.12976179442024283
44 45 47 0.0 0.0 104.0 0.0 1930.0 9.0 17.0 0.34791252485089463
44 45 48 0.0 0.0 0.0 0.0 21.0 0.0 0.0 0.6927263730826323
44 46 32 0.0 0.0 4.0 0.0 110.0 1.0 0.0 0.6625650733554187
44 46 33 0.0 0.0 10.0 0.0 322.0 3.0 0.0 0.6011163589523401
44 46 34 0.0 0.0 380.0 0.0 7884.0 17.0 1071.0 0.13657204175202417
44 46 35 0.0 0.0 719.0 0.0 11787.0 18.0 5643.0 0.09648518263266712
44 46 36 0.0 0.0 400.0 0.0 8500.0 17.0 1255.0 0.12848751835535974
44 46 37 0.0 0.0 589.0 0.0 10697.0 20.0 3139.0 0.10541374896468637
44 46 38 0.0 0.0 990.0 0.0 12941.0 30.0 9792.0 0.08790104853393607
44 46 39 0.0 0.0 1097.0 0.0 13229.0 30.0 11390.0 0.08577380223011885
44 46 40 0.0 0.0 712.0 0.0 11690.0 27.0 4406.0 0.0972830241122924
44 46 41 0.0 0.0 724.0 0.0 12089.0 41.0 5294.0 0.09465855307640296
44 46 42 0.0 0.0 760.0 0.0 12060.0 32.0 5238.0 0.09456903539583895
44 46 43 0.0 0.0 698.0 0.0 11633.0 31.0 4565.0 0.09778584899071034
44 46 44 0.0 0.0 637.0 0.0 10919.0 23.0 3025.0 0.10332103321033209
44 46 45 0.0 0.0 373.0 0.0 7382.0 28.0 735.0 0.14389968136499123
44 46 46 0.0 0.0 280.0 0.0 6035.0 20.0 424.0 0.16873568759792693
44 46 47 0.0 0.0 87.0 0.0 2263.0 6.0 41.0 0.3222836095764272
44 46 48 0.0 0.0 0.0 0.0 10.0 0.0 0.0 0.6965174129353233
44 47 32 0.0 0.0 0.0 0.0 4.0 0.0 0.0 0.6986027944111775
44 47 33 0.0 0.0 54.0 0.0 898.0 13.0 2.0 0.47635250085062936
44 47 34 0.0 0.0 7.0 0.0 215.0 1.0 1.0 0.6303466906798738
44 47 35 0.0 0.0 61.0 0.0 1471.0 17.0 12.0 0.3982930298719772
44 47 36 0.0 0.0 38.0 0.0 1071.0 5.0 5.0 0.4508856682769726
44 47 37 0.0 0.0 272.0 0.0 6163.0 18.0 452.0 0.16625103906899416
44 47 38 0.0 0.0 410.0 0.0 8566.0 14.0 1372.0 0.12759752096244986
44 47 39 0.0 0.0 300.0 0.0 7195.0 18.0 833.0 0.14767932489451477
44 47 40 0.0 0.0 436.0 0.0 9071.0 21.0 1758.0 0.12181327764726355
44 47 41 0.0 0.0 184.0 0.0 3975.0 14.0 143.0 0.2278275020341741
44 47 42 0.0 0.0 241.0 0.0 5120.0 17.0 270.0 0.19060585432266847
44 47 43 0.0 0.0 131.0 0.0 2889.0 15.0 50.0 0.27972027972027974
44 47 44 0.0 0.0 105.0 0.0 2511.0 20.0 38.0 0.3046789989118607
44 47 45 0.0 0.0 95.0 0.0 2185.0 11.0 26.0 0.32794565472007486
44 47 46 0.0 0.0 58.0 0.0 1837.0 12.0 16.0 0.3605459696111254
44 47 47 0.0 0.0 1.0 0.0 35.0 0.0 0.0 0.6876227897838899
44 47 48 0.0 0.0 2.0 0.0 11.0 1.0 0.0 0.6958250497017892
44 48 35 0.0 0.0 1.0 0.0 25.0 0.0 0.0 0.6910167818361302
44 48 36 0.0 0.0 1.0 0.0 41.0 0.0 0.0 0.6856023506366307
44 48 37 0.0 0.0 5.0 0.0 204.0 2.0 0.0 0.6343452650657
44 48 38 0.0 0.0 20.0 0.0 517.0 6.0 1.0 0.5531410509679968
44 48 39 0.0 0.0 79.0 0.0 1994.0 14.0 27.0 0.3449125400344912
44 48 40 0.0 0.0 0.0 0.0 85.0 0.0 0.0 0.6714628297362109
44 48 41 0.0 0.0 5.0 0.0 135.0 3.0 0.0 0.6557377049180326
44 48 42 0.0 0.0 9.0 0.0 145.0 3.0 0.0 0.6511627906976742
44 48 43 0.0 0.0 36.0 0.0 630.0 9.0 1.0 0.5269100489273615
44 48 44 0.0 0.0 0.0 0.0 7.0 0.0 0.0 0.6975585450921773
44 48 45 0.0 0.0 0.0 0.0 5.0 0.0 0.0 0.6982543640897755
44 48 46 0.0 0.0 0.0 0.0 4.0 0.0 0.0 0.6989515726410384
44 48 47 0.0 0.0 0.0 0.0 6.0 0.0 0.0 0.6979062811565303
44 49 38 0.0 0.0 0.0 0.0 1.0 0.0 0.0 0.6996501749125437
44 49 39 0.0 0.0 0.0 0.0 6.0 0.0 0.0 0.6979062811565303
44 49 41 0.0 0.0 0.0 0.0 2.0 0.0 0.0 0.6993006993006992
44 49 42 0.0 0.0 0.0 0.0 3.0 0.0 0.0 0.6989515726410384
44 49 43 0.0 0.0 0.0 0.0 3.0 0.0 0.0 0.6989515726410384
45 31 35 0.0 0.0 0.0 0.0 14.0 0.0 0.0 0.6951340615690167
45 31 36 0.0 0.0 0.0 0.0 9.0 0.0 0.0 0.6968641114982577
45 31 37 0.0 0.0 0.0 0.0 13.0 0.0 0.0 0.695479384003974
45 31 38 0.0 0.0 2.0 0.0 27.0 0.0 0.0 0.6899950714637751
45 31 39 0.0 0.0 0.0 0.0 7.0 0.0 0.0 0.6975585450921773
45 31 40 0.0 0.0 0.0 0.0 6.0 0.0 0.0 0.6979062811565303
45 31 41 0.0 0.0 0.0 0.0 8.0 1.0 0.0 0.6975585450921773
45 31 42 0.0 0.0 0.0 0.0 9.0 0.0 0.0 0.6968641114982577
45 31 43 0.0 0.0 0.0 0.0 5.0 0.0 0.0 0.6982543640897755
45 32 34 0.0 0.0 0.0 0.0 13.0 0.0 0.0 0.6958250497017892
45 32 35 0.0 0.0 22.0 0.0 651.0 8.0 2.0 0.5253283302063789
45 32 36 0.0 0.0 81.0 0.0 1615.0 14.0 11.0 0.38033143167617495
45 32 37 0.0 0.0 62.0 0.0 1629.0 11.0 11.0 0.3804347826086956
45 32 38 0.0 0.0 100.0 0.0 2308.0 10.0 33.0 0.3183989083465999
45 32 39 0.0 0.0 55.0 0.0 1120.0 7.0 10.0 0.44177974124329433
45 32 40 0.0 0.0 25.0 0.0 599.0 1.0 0.0 0.5339435545385202
45 32 41 0.0 0.0 127.0 0.0 2580.0 20.0 37.0 0.29876227059325644
45 32 42 0.0 0.0 31.0 0.0 763.0 6.0 3.0 0.5023322569070685
45 32 43 0.0 0.0 1.0 0.0 72.0 1.0 0.0 0.6756756756756755
45 32 44 0.0 0.0 0.0 0.0 34.0 0.0 0.0 0.6882989183874139
45 32 45 0.0 0.0 0.0 0.0 2.0 0.0 0.0 0.6993006993006992
45 33 33 0.0 0.0 0.0 0.0 10.0 0.0 0.0 0.6965174129353233
45 33 34 0.0 0.0 15.0 0.0 298.0 1.0 0.0 0.6055363321799306
45 33 35 0.0 0.0 374.0 0.0 7485.0 23.0 748.0 0.14227642276422764
45 33 36 0.0 0.0 641.0 0.0 11049.0 23.0 3489.0 0.10232422160502849
45 33 37 0.0 0.0 576.0 0.0 10279.0 23.0 2428.0 0.10901728702694283
45 33 38 0.0 0.0 604.0 0.0 10794.0 23.0 2980.0 0.10458688181682353
45 33 39 0.0 0.0 525.0 0.0 9972.0 18.0 2224.0 0.11210762331838564
45 33 40 0.0 0.0 351.0 0.0 7269.0 17.0 765.0 0.1456664238892935
45 33 41 0.0 0.0 347.0 0.0 7387.0 23.0 794.0 0.14410705095213586
45 33 42 0.0 0.0 153.0 0.0 4225.0 15.0 183.0 0.21991831605403703
45 33 43 0.0 0.0 29.0 0.0 841.0 8.0 3.0 0.4895104895104894
45 33 44 0.0 0.0 57.0 0.0 1529.0 13.0 17.0 0.39171796306659196
45 33 45 0.0 0.0 2.0 0.0 33.0 0.0 0.0 0.6879606879606879
45 33 46 0.0 0.0 8.0 0.0 119.0 2.0 0.0 0.6588235294117646
45 34 32 0.0 0.0 0.0 0.0 3.0 0.0 0.0 0.6989515726410384
45 34 33 0.0 0.0 5.0 0.0 262.0 2.0 1.0 0.6181015452538631
45 34 34 0.0 0.0 147.0 0.0 3029.0 15.0 73.0 0.2713178294573643
45 34 35 0.0 0.0 309.0 0.0 6905.0 26.0 709.0 0.1522732216663041
45 34 36 0.0 0.0 768.0 0.0 12226.0 31.0 6285.0 0.09343923112861242
45 34 37 0.0 0.0 677.0 0.0 11490.0 35.0 3711.0 0.09898889910202925
45 34 38 0.0 0.0 688.0 0.0 11409.0 28.0 3783.0 0.09941063693815236
45 34 39 0.0 0.0 1008.0 0.0 13042.0 33.0 11054.0 0.08719481813652216
45 34 40 0.0 0.0 1334.0 0.0 13332.0 30.0 17418.0 0.0839529863276565
45 34 41 0.0 0.0 681.0 0.0 11222.0 25.0 3276.0 0.10075566750629722
45 34 42 0.0 0.0 747.0 0.0 11890.0 29.0 4986.0 0.0956937799043062
45 34 43 0.0 0.0 290.0 0.0 6206.0 18.0 447.0 0.1650554114595614
45 34 44 0.0 0.0 230.0 0.0 5084.0 25.0 260.0 0.1920702428316641
45 34 45 0.0 0.0 197.0 0.0 3900.0 21.0 119.0 0.23022529189278074
45 34 46 0.0 0.0 13.0 0.0 433.0 3.0 2.0 0.5733005733005732
45 34 47 0.0 0.0 7.0 0.0 55.0 0.0 0.0 0.6792819019893255
45 34 48 0.0 0.0 0.0 0.0 4.0 0.0 0.0 0.6986027944111775
45 35 31 0.0 0.0 0.0 0.0 2.0 0.0 0.0 0.6993006993006992
45 35 32 0.0 0.0 0.0 0.0 31.0 1.0 0.0 0.689655172413793
45 35 33 0.0 0.0 70.0 0.0 1902.0 8.0 20.0 0.35317860746720475
45 35 34 0.0 0.0 724.0 0.0 11720.0 29.0 5070.0 0.09698649116730168
45 35 35 0.0 0.0 750.0 0.0 11906.0 37.0 5482.0 0.09560882332855289
45 35 36 0.0 0.0 872.0 0.0 12642.0 28.0 6402.0 0.09031092762224228
45 35 37 0.0 0.0 1585.0 0.0 13064.0 43.0 23363.0 0.08409418548774626
45 35 38 0.0 0.0 1985.0 0.0 12931.0 51.0 29830.0 0.08276188224166468
45 35 39 0.0 0.0 1864.0 0.0 13636.0 39.0 23252.0 0.07997714938588973
45 35 40 0.0 0.0 2039.0 0.0 12435.0 54.0 33676.0 0.08502884907379288
45 35 41 0.0 0.0 1224.0 0.0 13619.0 40.0 13436.0 0.08320950965824664
45 35 42 0.0 0.0 1083.0 0.0 13520.0 37.0 8629.0 0.08437292834327728
45 35 43 0.0 0.0 819.0 0.0 12262.0 34.0 5804.0 0.09296766053522809
45 35 44 0.0 0.0 512.0 0.0 9539.0 33.0 1831.0 0.11642411642411642
45 35 45 0.0 0.0 605.0 0.0 10596.0 21.0 3220.0 0.10615711252653927
45 35 46 0.0 0.0 114.0 0.0 3186.0 13.0 102.0 0.2648004539436353
45 35 47 0.0 0.0 15.0 0.0 455.0 6.0 1.0 0.5681818181818181
45 35 48 0.0 0.0 1.0 0.0 54.0 1.0 0.0 0.6815968841285296
45 36 31 0.0 0.0 0.0 0.0 4.0 0.0 0.0 0.6986027944111775
45 36 32 0.0 0.0 0.0 0.0 33.0 0.0 0.0 0.6886374815543531
45 36 33 0.0 0.0 101.0 0.0 2753.0 13.0 50.0 0.28919644701507946
45 36 34 0.0 0.0 408.0 0.0 8217.0 16.0 1070.0 0.13178951332015437
45 36 35 0.0 0.0 1349.0 0.0 13358.0 45.0 16293.0 0.08380222674488207
45 36 36 0.0 0.0 1132.0 0.0 13698.0 30.0 10142.0 0.08316502316739931
45 36 37 0.0 0.0 1945.0 0.0 12269.0 54.0 33060.0 0.08637709772951628
45 36 38 0.0 0.0 1924.0 0.0 14080.0 51.0 23616.0 0.07778642071341259
45 36 39 0.0 0.0 2907.0 0.0 11780.0 74.0 48798.0 0.08389764487325461
45 36 40 0.0 0.0 2295.0 0.0 13719.0 40.0 30086.0 0.07766128584900427
45 36 41 0.0 0.0 2006.0 0.0 13760.0 40.0 25461.0 0.07876230661040787
45 36 42 0.0 0.0 1512.0 0.0 13880.0 45.0 18109.0 0.08049678012879484
45 36 43 0.0 0.0 1211.0 0.0 13540.0 41.0 13595.0 0.08360704687966555
45 36 44 0.0 0.0 1294.0 0.0 13312.0 35.0 16163.0 0.08429164910590642
45 36 45 0.0 0.0 465.0 0.0 9615.0 22.0 2101.0 0.1160573654978032
45 36 46 0.0 0.0 880.0 0.0 12651.0 35.0 7593.0 0.09022362570084422
45 36 47 0.0 0.0 207.0 0.0 4848.0 18.0 224.0 0.19889188805228014
45 36 48 0.0 0.0 19.0 0.0 359.0 4.0 0.0 0.5897219882055602
45 36 49 0.0 0.0 0.0 0.0 7.0 0.0 0.0 0.6975585450921773
45 37 31 0.0 0.0 0.0 0.0 12.0 1.0 0.0 0.6961710591745399
45 37 32 0.0 0.0 32.0 0.0 720.0 8.0 1.0 0.510204081632653
45 37 33 0.0 0.0 183.0 0.0 4673.0 16.0 229.0 0.20464844321005699
45 37 34 0.0 0.0 943.0 0.0 12911.0 24.0 9249.0 0.08822788001008318
45 37 35 0.0 0.0 1509.0 0.0 13076.0 47.0 21579.0 0.08446965126101122
45 37 36 0.0 0.0 1635.0 0.0 13567.0 42.0 21859.0 0.08138115444980526
45 37 37 0.0 0.0 2392.0 0.0 12649.0 61.0 37973.0 0.08224650452355774
45 37 38 0.0 0.0 2522.0 0.0 13453.0 45.0 33677.0 0.07775617883921132
45 37 39 0.0 0.0 3419.0 0.0 10156.0 68.0 65899.0 0.08987609937728701
45 37 40 0.0 0.0 3486.0 0.0 9691.0 57.0 70057.0 0.09222053883143402
45 37 41 0.0 0.0 3219.0 0.0 10580.0 67.0 60383.0 0.08857395925597873
45 37 42 0.0 0.0 2583.0 0.0 12453.0 54.0 40161.0 0.08215962441314553
45 37 43 0.0 0.0 1953.0 0.0 13302.0 47.0 27420.0 0.08107012565869476
45 37 44 0.0 0.0 1724.0 0.0 13355.0 51.0 24303.0 0.08198641368001873
45 37 45 0.0 0.0 1126.0 0.0 13230.0 41.0 12391.0 0.08565834557023982
45 37 46 0.0 0.0 562.0 0.0 10589.0 23.0 3035.0 0.10652058129802935
45 37 47 0.0 0.0 339.0 0.0 6905.0 19.0 614.0 0.15166287509478926
45 37 48 0.0 0.0 75.0 0.0 1634.0 9.0 11.0 0.37837837837837834
45 37 49 0.0 0.0 0.0 0.0 3.0 0.0 0.0 0.6989515726410384
45 38 31 0.0 0.0 0.0 0.0 9.0 0.0 0.0 0.6968641114982577
45 38 32 0.0 0.0 151.0 0.0 3716.0 19.0 129.0 0.2393571550692426
45 38 33 0.0 0.0 482.0 0.0 9360.0 21.0 1925.0 0.1183231913455037
45 38 34 0.0 0.0 771.0 0.0 11947.0 27.0 5068.0 0.09521866285792015
45 38 35 0.0 0.0 1334.0 0.0 13727.0 48.0 15075.0 0.0820969917316601
45 38 36 0.0 0.0 1886.0 0.0 13383.0 52.0 26890.0 0.0811076994380395
45 38 37 0.0 0.0 2718.0 0.0 12126.0 71.0 44131.0 0.08321445553970516
45 38 38 0.0 0.0 3238.0 0.0 11192.0 72.0 56975.0 0.08528784648187633
45 38 39 0.0 0.0 3250.0 0.0 13524.0 70.0 42024.0 0.07461095715199317
45 38 40 0.0 0.0 3781.0 0.0 11345.0 72.0 62539.0 0.08178047783164903
45 38 41 0.0 0.0 3520.0 0.0 8532.0 70.0 82689.0 0.09968669894616916
45 38 42 0.0 0.0 3002.0 0.0 11911.0 68.0 48057.0 0.08279614406529066
45 38 43 0.0 0.0 2480.0 0.0 12624.0 66.0 39089.0 0.0819480215406228
45 38 44 0.0 0.0 2187.0 0.0 13113.0 58.0 31768.0 0.08092485549132947
45 38 45 0.0 0.0 1577.0 0.0 13535.0 60.0 20772.0 0.0819480215406228
45 38 46 0.0 0.0 1041.0 0.0 13335.0 16.0 9178.0 0.08542314967356153
45 38 47 0.0 0.0 208.0 0.0 4828.0 23.0 249.0 0.19960079840319359
45 38 48 0.0 0.0 205.0 0.0 4244.0 21.0 149.0 0.21769553724148652
45 38 49 0.0 0.0 0.0 0.0 4.0 0.0 0.0 0.6986027944111775
45 38 50 0.0 0.0 0.0 0.0 1.0 0.0 0.0 0.6996501749125437
45 39 30 0.0 0.0 0.0 0.0 1.0 0.0 0.0 0.6996501749125437
45 39 31 0.0 0.0 0.0 0.0 42.0 0.0 0.0 0.6856023506366307
45 39 32 0.0 0.0 97.0 0.0 2258.0 13.0 29.0 0.32258064516129026
45 39 33 0.0 0.0 145.0 0.0 3697.0 18.0 111.0 0.24046719340432837
45 39 34 0.0 0.0 819.0 0.0 12483.0 16.0 7625.0 0.09149130832570905
45 39 35 0.0 0.0 1524.0 0.0 13456.0 45.0 19338.0 0.082382017182535
45 39 36 0.0 0.0 2195.0 0.0 12738.0 47.0 34643.0 0.08254230293025175
45 39 37 0.0 0.0 2825.0 0.0 12151.0 71.0 46165.0 0.0825861255309108
45 39 38 0.0 0.0 3083.0 0.0 12132.0 73.0 48128.0 0.08141901715615003
45 39 39 0.0 0.0 3466.0 0.0 11317.0 81.0 57226.0 0.08344757703999522
45 39 40 0.0 0.0 3766.0 0.0 11425.0 59.0 59821.0 0.08137642408742153
45 39 41 0.0 0.0 3835.0 0.0 9618.0 82.0 74461.0 0.09064422143088377
45 39 42 0.0 0.0 3313.0 0.0 11829.0 71.0 52699.0 0.0816850458019721
45 39 43 0.0 0.0 2860.0 0.0 12310.0 61.0 44363.0 0.0815803274867432
45 39 44 0.0 0.0 2347.0 1.0 12389.0 60.0 38038.0 0.08364201218783605
45 39 45 0.0 0.0 1892.0 0.0 12315.0 47.0 31575.0 0.08634513383495744
45 39 46 0.0 0.0 1355.0 0.0 13347.0 46.0 17074.0 0.08385241974125539
45 39 47 0.0 0.0 562.0 0.0 10472.0 30.0 2825.0 0.10757645612417395
45 39 48 0.0 0.0 41.0 0.0 1120.0 8.0 9.0 0.4440215667618141
45 39 49 0.0 0.0 0.0 0.0 4.0 0.0 0.0 0.6986027944111775
45 40 30 0.0 0.0 0.0 0.0 1.0 0.0 0.0 0.6996501749125437
45 40 31 0.0 0.0 25.0 0.0 638.0 4.0 1.0 0.5265137269650243
45 40 32 0.0 0.0 247.0 0.0 5059.0 22.0 235.0 0.19209659714599336
45 40 33 0.0 0.0 552.0 0.0 10085.0 30.0 2444.0 0.11092623405435384
45 40 34 0.0 0.0 663.0 0.0 11637.0 29.0 4805.0 0.0979774651830079
45 40 35 0.0 0.0 1772.0 0.0 12200.0 47.0 29835.0 0.08770281275449476
45 40 36 0.0 0.0 1964.0 0.0 13597.0 39.0 25323.0 0.07967674008309145
45 40 37 0.0 0.0 2535.0 0.0 12410.0 53.0 40632.0 0.08255690529543577
45 40 38 0.0 0.0 3266.0 0.0 12289.0 66.0 49804.0 0.07980391039160918
45 40 39 0.0 0.0 3702.0 0.0 11109.0 69.0 62192.0 0.08329366968110423
45 40 40 0.0 0.0 3632.0 0.0 11919.0 69.0 55661.0 0.0797266514806378
45 40 41 0.0 0.0 3659.0 0.0 11076.0 85.0 62086.0 0.08364201218783605
45 40 42 0.0 0.0 3273.0 0.0 12403.0 70.0 47703.0 0.07928866738404032
45 40 43 0.0 0.0 2489.0 0.0 12842.0 55.0 37581.0 0.08075214858395338
45 40 44 0.0 0.0 1962.0 0.0 13509.0 67.0 27373.0 0.08022922636103151
45 40 45 0.0 0.0 1550.0 0.0 13538.0 42.0 19882.0 0.08196241437854926
45 40 46 0.0 0.0 952.0 0.0 13022.0 31.0 9074.0 0.0876753507014028
45 40 47 0.0 0.0 198.0 0.0 5507.0 15.0 392.0 0.18205461638491544
45 40 48 0.0 0.0 25.0 0.0 758.0 3.0 2.0 0.5035971223021581
45 40 49 0.0 0.0 0.0 0.0 3.0 0.0 0.0 0.6989515726410384
45 41 30 0.0 0.0 0.0 0.0 1.0 0.0 0.0 0.6996501749125437
45 41 31 0.0 0.0 1.0 0.0 46.0 2.0 0.0 0.6845965770171147
45 41 32 0.0 0.0 128.0 0.0 3175.0 8.0 70.0 0.2645002833931607
45 41 33 0.0 0.0 433.0 0.0 8493.0 24.0 1150.0 0.12832263978001832
45 41 34 0.0 0.0 751.0 0.0 12107.0 27.0 6262.0 0.0942951438000943
45 41 35 0.0 0.0 1524.0 0.0 13220.0 38.0 21169.0 0.08360704687966555
45 41 36 0.0 0.0 1519.0 0.0 13742.0 41.0 18061.0 0.08111239860950173
45 41 37 0.0 0.0 2021.0 0.0 13642.0 56.0 26877.0 0.07936507936507936
45 41 38 0.0 0.0 3208.0 0.0 11701.0 78.0 52901.0 0.08283043426813394
45 41 39 0.0 0.0 3654.0 0.0 9019.0 64.0 78455.0 0.09531590413943354
45 41 40 0.0 0.0 3503.0 0.0 10796.0 76.0 61203.0 0.08582112425672776
45 41 41 0.0 0.0 3307.0 0.0 11484.0 56.0 54361.0 0.08330358205402831
45 41 42 0.0 0.0 2976.0 0.0 11530.0 59.0 51084.0 0.08476115517345764
45 41 43 0.0 0.0 2827.0 0.0 11726.0 65.0 48118.0 0.08459214501510573
45 41 44 0.0 0.0 2008.0 0.0 13203.0 54.0 27814.0 0.08136696501220503
45 41 45 0.0 0.0 1088.0 0.0 13376.0 33.0 10927.0 0.08505467800729039
45 41 46 0.0 0.0 563.0 0.0 10661.0 25.0 3237.0 0.10594823671863175
45 41 47 0.0 0.0 418.0 0.0 8161.0 22.0 1096.0 0.13260087137715473
45 41 48 0.0 0.0 9.0 0.0 312.0 2.0 0.0 0.6037084950409658
45 42 31 0.0 0.0 0.0 0.0 20.0 0.0 0.0 0.6930693069306929
45 42 32 0.0 0.0 169.0 0.0 4356.0 17.0 173.0 0.21511985248924398
45 42 33 0.0 0.0 413.0 0.0 8332.0 22.0 1168.0 0.13041453190498367
45 42 34 0.0 0.0 547.0 0.0 10373.0 20.0 2881.0 0.10840947808579834
45 42 35 0.0 0.0 767.0 0.0 12144.0 24.0 5368.0 0.09390301160372927
45 42 36 0.0 0.0 1088.0 0.0 13588.0 33.0 10064.0 0.0840134421507441
45 42 37 0.0 0.0 1978.0 0.0 13653.0 59.0 26341.0 0.07949576968939866
45 42 38 0.0 0.0 3019.0 0.0 11867.0 62.0 49459.0 0.08290891863081841
45 42 39 0.0 0.0 3325.0 0.0 12084.0 66.0 51503.0 0.08040431886055592
45 42 40 0.0 0.0 3306.0 0.0 10970.0 76.0 58334.0 0.08607439286812173
45 42 41 0.0 0.0 2407.0 0.0 13916.0 64.0 30711.0 0.07645677461635082
45 42 42 0.0 0.0 2381.0 0.0 12000.0 55.0 41554.0 0.08544921874999999
45 42 43 0.0 0.0 1939.0 0.0 13605.0 51.0 26174.0 0.0797857183564142
45 42 44 0.0 0.0 1432.0 0.0 13581.0 42.0 17455.0 0.08227550540667607
45 42 45 0.0 0.0 1114.0 0.0 13426.0 39.0 11147.0 0.08469449485783423
45 42 46 0.0 0.0 485.0 0.0 9578.0 22.0 2094.0 0.11616329239960171
45 42 47 0.0 0.0 333.0 0.0 7027.0 21.0 678.0 0.14986084350246195
45 42 48 0.0 0.0 5.0 0.0 137.0 2.0 0.0 0.6542056074766354
45 43 31 0.0 0.0 0.0 0.0 17.0 0.0 0.0 0.694100148735746
45 43 32 0.0 0.0 232.0 0.0 5480.0 22.0 334.0 0.18203094526069427
45 43 33 0.0 0.0 317.0 0.0 6990.0 22.0 674.0 0.15068345710903022
45 43 34 0.0 0.0 677.0 0.0 11755.0 27.0 5216.0 0.097053726169844
45 43 35 0.0 0.0 732.0 0.0 11927.0 25.0 5183.0 0.09554357469460177
45 43 36 0.0 0.0 920.0 0.0 12956.0 27.0 7547.0 0.08823344047393962
45 43 37 0.0 0.0 1755.0 0.0 13949.0 52.0 21872.0 0.07915418103691976
45 43 38 0.0 0.0 2675.0 0.0 12101.0 49.0 44798.0 0.08340780458742923
45 43 39 0.0 0.0 3257.0 0.0 9151.0 57.0 75002.0 0.09704699847497572
45 43 40 0.0 0.0 2312.0 0.0 13543.0 49.0 32419.0 0.07842697888073497
45 43 41 0.0 0.0 2169.0 0.0 12830.0 44.0 33209.0 0.08232872684504557
45 43 42 0.0 0.0 1619.0 0.0 13913.0 38.0 19737.0 0.07982211072467073
45 43 43 0.0 0.0 1609.0 0.0 13538.0 37.0 21261.0 0.0816516971888487
45 43 44 0.0 0.0 1394.0 0.0 13511.0 47.0 17309.0 0.08288437629506837
45 43 45 0.0 0.0 946.0 0.0 12799.0 34.0 7617.0 0.08894536213468868
45 43 46 0.0 0.0 358.0 0.0 7221.0 17.0 716.0 0.14635166213673423
45 43 47 0.0 0.0 104.0 0.0 2789.0 11.0 69.0 0.28682646998565864
45 43 48 0.0 0.0 30.0 0.0 767.0 7.0 7.0 0.5017921146953404
45 43 49 0.0 0.0 0.0 0.0 1.0 0.0 0.0 0.6996501749125437
45 44 31 0.0 0.0 1.0 0.0 52.0 0.0 0.0 0.6822612085769979
45 44 32 0.0 0.0 204.0 0.0 4531.0 18.0 179.0 0.20836433993153738
45 44 33 0.0 0.0 139.0 0.0 3102.0 17.0 65.0 0.2679938744257274
45 44 34 0.0 0.0 401.0 0.0 7682.0 37.0 913.0 0.1392896229230922
45 44 35 0.0 0.0 469.0 0.0 9524.0 28.0 2229.0 0.11691022964509393
45 44 36 0.0 0.0 951.0 0.0 12986.0 36.0 7539.0 0.0879120879120879
45 44 37 0.0 0.0 1407.0 0.0 13940.0 37.0 15649.0 0.08070094535393127
45 44 38 0.0 0.0 2160.0 0.0 12038.0 54.0 36990.0 0.08645711109738775
45 44 39 0.0 0.0 2142.0 0.0 13404.0 61.0 30695.0 0.07985398129135295
45 44 40 0.0 0.0 2371.0 0.0 11497.0 56.0 44860.0 0.08822232024702249
45 44 41 0.0 0.0 1274.0 0.0 13778.0 37.0 12868.0 0.08205368655491735
45 44 42 0.0 0.0 1232.0 0.0 13872.0 36.0 12059.0 0.08189050070191857
45 44 43 0.0 0.0 1008.0 0.0 13156.0 22.0 8739.0 0.08658008658008658
45 44 44 0.0 0.0 733.0 0.0 11794.0 24.0 4291.0 0.09640545379424321
45 44 45 0.0 0.0 938.0 0.0 12632.0 31.0 8658.0 0.08995116936520174
45 44 46 0.0 0.0 279.0 0.0 6154.0 15.0 482.0 0.16613266880265812
45 44 47 0.0 0.0 9.0 0.0 307.0 3.0 0.0 0.6055363321799306
45 44 48 0.0 0.0 0.0 0.0 10.0 0.0 0.0 0.6965174129353233
45 44 49 0.0 0.0 0.0 0.0 1.0 0.0 0.0 0.6996501749125437
45 45 31 0.0 0.0 0.0 0.0 1.0 0.0 0.0 0.6996501749125437
45 45 32 0.0 0.0 1.0 0.0 25.0 0.0 0.0 0.6910167818361302
45 45 33 0.0 0.0 42.0 0.0 856.0 7.0 5.0 0.4844290657439445
45 45 34 0.0 0.0 159.0 0.0 4032.0 19.0 141.0 0.22675736961451246
45 45 35 0.0 0.0 331.0 0.0 7244.0 23.0 798.0 0.1465201465201465
45 45 36 0.0 0.0 961.0 0.0 12707.0 29.0 10665.0 0.0893883284382582
45 45 37 0.0 0.0 778.0 0.0 12044.0 24.0 4969.0 0.0944924406047516
45 45 38 0.0 0.0 975.0 0.0 13305.0 35.0 7496.0 0.08609556607834695
45 45 39 0.0 0.0 1569.0 0.0 13368.0 33.0 20570.0 0.08262024195928001
45 45 40 0.0 0.0 946.0 0.0 13053.0 34.0 7554.0 0.08758758758758757
45 45 41 0.0 0.0 1239.0 0.0 12993.0 44.0 16710.0 0.08629723232447759
45 45 42 0.0 0.0 1205.0 0.0 13323.0 34.0 14232.0 0.08473550417624984
45 45 43 0.0 0.0 1393.0 0.0 13329.0 28.0 18295.0 0.08367200573750895
45 45 44 0.0 0.0 767.0 0.0 11831.0 18.0 5065.0 0.09592326139088728
45 45 45 0.0 0.0 699.0 0.0 11538.0 30.0 4407.0 0.0984113594826374
45 45 46 0.0 0.0 55.0 0.0 1461.0 13.0 16.0 0.39965743648301444
45 45 47 0.0 0.0 2.0 0.0 104.0 0.0 0.0 0.664767331433998
45 45 48 0.0 0.0 0.0 0.0 7.0 0.0 0.0 0.6975585450921773
45 46 32 0.0 0.0 0.0 0.0 2.0 0.0 0.0 0.6993006993006992
45 46 33 0.0 0.0 1.0 0.0 84.0 0.0 0.0 0.6714628297362109
45 46 34 0.0 0.0 161.0 0.0 3839.0 21.0 127.0 0.23407456946998825
45 46 35 0.0 0.0 290.0 0.0 5410.0 19.0 332.0 0.1822442072376985
45 46 36 0.0 0.0 78.0 0.0 2383.0 11.0 40.0 0.31460674157303364
45 46 37 0.0 0.0 409.0 0.0 8787.0 23.0 1466.0 0.12520121624038633
45 46 38 0.0 0.0 580.0 0.0 10774.0 29.0 3077.0 0.10488462691039856
45 46 39 0.0 0.0 706.0 0.0 11611.0 30.0 4420.0 0.09788156330839684
45 46 40 0.0 0.0 685.0 0.0 11423.0 16.0 4205.0 0.0992063492063492
45 46 41 0.0 0.0 716.0 0.0 11606.0 23.0 4298.0 0.09773123909249562
45 46 42 0.0 0.0 612.0 0.0 11086.0 22.0 3577.0 0.1022644265887509
45 46 43 0.0 0.0 609.0 0.0 10605.0 24.0 2811.0 0.10598031794095382
45 46 44 0.0 0.0 509.0 0.0 9979.0 31.0 2496.0 0.11229646266142616
45 46 45 0.0 0.0 209.0 0.0 4774.0 13.0 199.0 0.20077441560304027
45 46 46 0.0 0.0 101.0 0.0 2601.0 19.0 47.0 0.2988260405549626
45 46 47 0.0 0.0 0.0 0.0 20.0 0.0 0.0 0.6930693069306929
45 46 48 0.0 0.0 0.0 0.0 2.0 0.0 0.0 0.6993006993006992
45 47 33 0.0 0.0 0.0 0.0 13.0 0.0 0.0 0.695479384003974
45 47 34 0.0 0.0 0.0 0.0 112.0 3.0 0.0 0.6641366223908918
45 47 35 0.0 0.0 1.0 0.0 111.0 0.0 0.0 0.6628787878787878
45 47 36 0.0 0.0 60.0 0.0 1616.0 11.0 20.0 0.38188761593016907
45 47 37 0.0 0.0 240.0 0.0 4630.0 17.0 189.0 0.20426028596440032
45 47 38 0.0 0.0 250.0 0.0 5539.0 18.0 375.0 0.1800874710573707
45 47 39 0.0 0.0 132.0 0.0 3292.0 13.0 106.0 0.2587322121604139
45 47 40 0.0 0.0 61.0 0.0 1879.0 11.0 27.0 0.3564154786150712
45 47 41 0.0 0.0 157.0 0.0 3675.0 14.0 125.0 0.24059116686715926
45 47 42 0.0 0.0 258.0 0.0 5467.0 17.0 277.0 0.18153526970954353
45 47 43 0.0 0.0 183.0 0.0 3834.0 21.0 125.0 0.23341113704568184
45 47 44 0.0 0.0 12.0 0.0 369.0 3.0 0.0 0.5887300252312867
45 47 45 0.0 0.0 29.0 0.0 667.0 2.0 1.0 0.5196733481811432
45 47 46 0.0 0.0 4.0 0.0 49.0 1.0 0.0 0.68259385665529
45 47 47 0.0 0.0 0.0 0.0 15.0 0.0 0.0 0.694789081885856
45 48 34 0.0 0.0 0.0 0.0 1.0 0.0 0.0 0.6996501749125437
45 48 36 0.0 0.0 0.0 0.0 16.0 0.0 0.0 0.6944444444444444
45 48 37 0.0 0.0 9.0 0.0 260.0 3.0 0.0 0.6178287731685789
45 48 38 0.0 0.0 21.0 0.0 645.0 4.0 0.0 0.5259203606311044
45 48 39 0.0 0.0 178.0 0.0 3986.0 14.0 144.0 0.22764227642276422
45 48 40 0.0 0.0 10.0 0.0 252.0 2.0 0.0 0.6194690265486725
45 48 41 0.0 0.0 63.0 0.0 1388.0 14.0 4.0 0.40733197556008144
45 48 42 0.0 0.0 3.0 0.0 54.0 0.0 0.0 0.6806028196402526
45 48 43 0.0 0.0 3.0 0.0 88.0 0.0 0.0 0.669536107125777
45 48 44 0.0 0.0 4.0 0.0 43.0 1.0 0.0 0.6842619745845552
45 48 45 0.0 0.0 0.0 0.0 5.0 1.0 0.0 0.6989515726410384
45 49 38 0.0 0.0 0.0 0.0 3.0 0.0 0.0 0.6989515726410384
45 49 39 0.0 0.0 0.0 0.0 6.0 0.0 0.0 0.6979062811565303
45 49 40 0.0 0.0 0.0 0.0 6.0 0.0 0.0 0.6979062811565303
45 49 41 0.0 0.0 0.0 0.0 1.0 0.0 0.0 0.6996501749125437
45 49 42 0.0 0.0 0.0 0.0 1.0 0.0 0.0 0.6996501749125437
46 31 36 0.0 0.0 0.0 0.0 3.0 0.0 0.0 0.6989515726410384
46 31 37 0.0 0.0 0.0 0.0 3.0 0.0 0.0 0.6989515726410384
46 31 38 0.0 0.0 0.0 0.0 2.0 0.0 0.0 0.6993006993006992
46 31 39 0.0 0.0 0.0 0.0 1.0 0.0 0.0 0.6996501749125437
46 31 40 0.0 0.0 0.0 0.0 5.0 0.0 0.0 0.6982543640897755
46 31 41 0.0 0.0 0.0 0.0 1.0 0.0 0.0 0.6996501749125437
46 31 42 0.0 0.0 0.0 0.0 3.0 0.0 0.0 0.6989515726410384
46 32 34 0.0 0.0 0.0 0.0 4.0 0.0 0.0 0.6986027944111775
46 32 35 0.0 0.0 21.0 0.0 530.0 8.0 2.0 0.5500982318271119
46 32 36 0.0 0.0 9.0 0.0 266.0 2.0 1.0 0.6161971830985915
46 32 37 0.0 0.0 63.0 0.0 1530.0 11.0 6.0 0.39084310441094355
46 32 38 0.0 0.0 10.0 0.0 348.0 3.0 1.0 0.5949851253718657
46 32 39 0.0 0.0 20.0 0.0 624.0 5.0 3.0 0.5305039787798408
46 32 40 0.0 0.0 121.0 0.0 2524.0 21.0 41.0 0.3028336577979666
46 32 41 0.0 0.0 0.0 0.0 83.0 1.0 0.0 0.6724303554274734
46 32 42 0.0 0.0 29.0 0.0 730.0 5.0 5.0 0.5083514887436454
46 32 43 0.0 0.0 6.0 0.0 76.0 3.0 0.0 0.6734006734006733
46 33 32 0.0 0.0 0.0 0.0 1.0 0.0 0.0 0.6996501749125437
46 33 34 0.0 0.0 8.0 0.0 221.0 1.0 0.0 0.6283662477558347
46 33 35 0.0 0.0 51.0 0.0 1103.0 14.0 10.0 0.44571792422795276
46 33 36 0.0 0.0 350.0 0.0 7382.0 25.0 824.0 0.14413672397817356
46 33 37 0.0 0.0 363.0 0.0 7951.0 19.0 1209.0 0.1358563803978651
46 33 38 0.0 0.0 469.0 0.0 8802.0 22.0 1415.0 0.12436706049569154
46 33 39 0.0 0.0 296.0 0.0 7024.0 17.0 802.0 0.15040825096691016
46 33 40 0.0 0.0 250.0 0.0 5957.0 11.0 470.0 0.17071088891598582
46 33 41 0.0 0.0 510.0 0.0 9533.0 20.0 1867.0 0.11625010379473552
46 33 42 0.0 0.0 125.0 0.0 3357.0 18.0 88.0 0.2563163676309044
46 33 43 0.0 0.0 1.0 0.0 185.0 3.0 0.0 0.6413192853870818
46 33 44 0.0 0.0 2.0 0.0 55.0 1.0 0.0 0.6809338521400777
46 33 45 0.0 0.0 1.0 0.0 10.0 0.0 0.0 0.6961710591745399
46 33 46 0.0 0.0 0.0 0.0 1.0 0.0 0.0 0.6996501749125437
46 34 33 0.0 0.0 6.0 0.0 234.0 2.0 0.0 0.6255585344057193
46 34 34 0.0 0.0 7.0 0.0 312.0 2.0 1.0 0.6042296072507551
46 34 35 0.0 0.0 224.0 0.0 5317.0 17.0 303.0 0.1859476690131491
46 34 36 0.0 0.0 313.0 0.0 6789.0 20.0 616.0 0.15410016510731972
46 34 37 0.0 0.0 622.0 0.0 10988.0 25.0 3600.0 0.10300934441910087
46 34 38 0.0 0.0 1037.0 0.0 12983.0 44.0 11036.0 0.08748359682559519
46 34 39 0.0 0.0 717.0 0.0 11858.0 29.0 5953.0 0.096160450580397
46 34 40 0.0 0.0 627.0 0.0 11211.0 27.0 3619.0 0.1012878020546954
46 34 41 0.0 0.0 660.0 0.0 11453.0 25.0 4451.0 0.09930486593843098
46 34 42 0.0 0.0 266.0 0.0 5859.0 21.0 432.0 0.17266896891958558
46 34 43 0.0 0.0 222.0 0.0 4711.0 15.0 215.0 0.20228290709435048
46 34 44 0.0 0.0 115.0 0.0 2876.0 13.0 63.0 0.28118096003213494
46 34 45 0.0 0.0 55.0 0.0 1155.0 13.0 4.0 0.43791054113231154
46 34 46 0.0 0.0 2.0 0.0 99.0 1.0 0.0 0.6666666666666665
46 34 47 0.0 0.0 0.0 0.0 3.0 0.0 0.0 0.6989515726410384
46 35 32 0.0 0.0 1.0 0.0 14.0 0.0 0.0 0.6951340615690167
46 35 33 0.0 0.0 28.0 0.0 573.0 9.0 2.0 0.5401234567901234
46 35 34 0.0 0.0 468.0 0.0 9342.0 23.0 1963.0 0.1186340140666045
46 35 35 0.0 0.0 280.0 0.0 6878.0 17.0 780.0 0.15305564666010713
46 35 36 0.0 0.0 666.0 0.0 11419.0 28.0 4263.0 0.09948834565093802
46 35 37 0.0 0.0 757.0 0.0 12163.0 29.0 6065.0 0.09387782471669012
46 35 38 0.0 0.0 1121.0 0.0 13528.0 34.0 11443.0 0.08410934214478821
46 35 39 0.0 0.0 863.0 0.0 12603.0 26.0 8705.0 0.09053285049146403
46 35 40 0.0 0.0 1261.0 0.0 13061.0 39.0 16578.0 0.08581586367537083
46 35 41 0.0 0.0 791.0 0.0 12199.0 32.0 6198.0 0.09351412731280474
46 35 42 0.0 0.0 956.0 0.0 12927.0 32.0 8491.0 0.08816676113105358
46 35 43 0.0 0.0 480.0 0.0 9935.0 17.0 2489.0 0.11278498348505597
46 35 44 0.0 0.0 366.0 0.0 7677.0 28.0 939.0 0.1397205588822355
46 35 45 0.0 0.0 162.0 0.0 3713.0 14.0 100.0 0.2388670875277256
46 35 46 0.0 0.0 41.0 0.0 1259.0 9.0 8.0 0.4252733900364519
46 35 47 0.0 0.0 40.0 0.0 959.0 10.0 3.0 0.46854082998661306
46 35 48 0.0 0.0 1.0 0.0 11.0 1.0 0.0 0.6961710591745399
46 36 31 0.0 0.0 0.0 0.0 1.0 0.0 0.0 0.6996501749125437
46 36 32 0.0 0.0 10.0 0.0 129.0 3.0 0.0 0.6554307116104868
46 36 33 0.0 0.0 269.0 0.0 6205.0 16.0 541.0 0.16544552115339162
46 36 34 0.0 0.0 361.0 0.0 7855.0 22.0 1040.0 0.13728181996469893
46 36 35 0.0 0.0 632.0 0.0 11106.0 29.0 3614.0 0.10201850907236025
46 36 36 0.0 0.0 946.0 0.0 12935.0 23.0 8377.0 0.08811681772406847
46 36 37 0.0 0.0 1089.0 0.0 13391.0 33.0 10189.0 0.0849514563106796
46 36 38 0.0 0.0 1536.0 0.0 13483.0 44.0 19954.0 0.08231904509907684
46 36 39 0.0 0.0 1644.0 0.0 13521.0 44.0 20944.0 0.0815803274867432
46 36 40 0.0 0.0 2028.0 0.0 13265.0 51.0 28542.0 0.0809108247124776
46 36 41 0.0 0.0 1972.0 0.0 12793.0 38.0 29792.0 0.0834625014904018
46 36 42 0.0 0.0 1681.0 0.0 12824.0 53.0 27224.0 0.08493599466116604
46 36 43 0.0 0.0 1037.0 0.0 13228.0 35.0 10650.0 0.08610086100861007
46 36 44 0.0 0.0 816.0 0.0 12454.0 23.0 6668.0 0.09167703490275685
46 36 45 0.0 0.0 562.0 0.0 10428.0 18.0 2651.0 0.10782501540357362
46 36 46 0.0 0.0 91.0 0.0 2341.0 16.0 42.0 0.31688546853779986
46 36 47 0.0 0.0 156.0 0.0 3380.0 18.0 88.0 0.25362318840579706
46 36 48 0.0 0.0 1.0 0.0 14.0 1.0 0.0 0.6951340615690167
46 37 31 0.0 0.0 0.0 0.0 8.0 0.0 0.0 0.697211155378486
46 37 32 0.0 0.0 217.0 0.0 4848.0 20.0 230.0 0.19872249822569193
46 37 33 0.0 0.0 53.0 0.0 1282.0 12.0 11.0 0.42143287176399746
46 37 34 0.0 0.0 491.0 0.0 9384.0 27.0 1714.0 0.11807371173146664
46 37 35 0.0 0.0 632.0 0.0 11171.0 25.0 3178.0 0.10153756890049317
46 37 36 0.0 0.0 995.0 0.0 13116.0 38.0 9420.0 0.08695652173913042
46 37 37 0.0 0.0 1191.0 0.0 13597.0 39.0 11949.0 0.08340283569641367
46 37 38 0.0 0.0 2092.0 0.0 11969.0 59.0 37577.0 0.08718395815170008
46 37 39 0.0 0.0 2272.0 0.0 12272.0 48.0 37893.0 0.08458703401607152
46 37 40 0.0 0.0 2563.0 0.0 11010.0 52.0 49879.0 0.0899165061014772
46 37 41 0.0 0.0 2520.0 0.0 11989.0 58.0 42698.0 0.08469449485783423
46 37 42 0.0 0.0 1724.0 0.0 13491.0 43.0 23322.0 0.0813386009760632
46 37 43 0.0 0.0 1617.0 0.0 13571.0 43.0 20374.0 0.08148536173680228
46 37 44 0.0 0.0 763.0 0.0 12194.0 19.0 5524.0 0.09357037829167222
46 37 45 0.0 0.0 731.0 0.0 11616.0 27.0 4522.0 0.09764262798158738
46 37 46 0.0 0.0 277.0 0.0 6338.0 23.0 540.0 0.16294227188081936
46 37 47 0.0 0.0 20.0 0.0 734.0 4.0 1.0 0.509090909090909
46 37 48 0.0 0.0 9.0 0.0 148.0 2.0 0.0 0.6496519721577725
46 37 49 0.0 0.0 0.0 0.0 4.0 0.0 0.0 0.6989515726410384
46 38 31 0.0 0.0 0.0 0.0 9.0 0.0 0.0 0.6968641114982577
46 38 32 0.0 0.0 1.0 0.0 162.0 0.0 0.0 0.6472491909385112
46 38 33 0.0 0.0 439.0 0.0 8868.0 25.0 1478.0 0.1240255138199858
46 38 34 0.0 0.0 575.0 0.0 10864.0 22.0 3504.0 0.10424422933730454
46 38 35 0.0 0.0 947.0 0.0 12831.0 33.0 8843.0 0.0887648998224702
46 38 36 0.0 0.0 1103.0 0.0 13356.0 43.0 11547.0 0.08512708257327009
46 38 37 0.0 0.0 1353.0 0.0 13698.0 41.0 15123.0 0.08211625315267757
46 38 38 0.0 0.0 1841.0 0.0 13715.0 51.0 24719.0 0.07976753461341232
46 38 39 0.0 0.0 2615.0 0.0 11984.0 67.0 44365.0 0.08440853732063185
46 38 40 0.0 0.0 2293.0 0.0 13121.0 70.0 33385.0 0.08044590013216112
46 38 41 0.0 0.0 2228.0 0.0 13729.0 49.0 28723.0 0.07792496938661916
46 38 42 0.0 0.0 1863.0 0.0 13031.0 45.0 26930.0 0.08286475288546906
46 38 43 0.0 0.0 1383.0 0.0 13935.0 54.0 14206.0 0.08099039685294457
46 38 44 0.0 0.0 1303.0 0.0 13816.0 29.0 14081.0 0.08172319187437976
46 38 45 0.0 0.0 876.0 0.0 12801.0 21.0 7562.0 0.08930849706557793
46 38 46 0.0 0.0 774.0 0.0 12174.0 35.0 5682.0 0.09375209268064018
46 38 47 0.0 0.0 385.0 0.0 7395.0 25.0 875.0 0.1433838590741499
46 38 48 0.0 0.0 18.0 0.0 487.0 4.0 0.0 0.5599999999999999
46 39 31 0.0 0.0 0.0 0.0 8.0 0.0 0.0 0.697211155378486
46 39 32 0.0 0.0 97.0 0.0 1840.0 11.0 23.0 0.3565970453387671
46 39 33 0.0 0.0 494.0 0.0 9230.0 20.0 1724.0 0.11952531375394859
46 39 34 0.0 0.0 488.0 0.0 9604.0 17.0 2140.0 0.11581733951025809
46 39 35 0.0 0.0 868.0 0.0 12584.0 34.0 5661.0 0.09069119647599921
46 39 36 0.0 0.0 930.0 0.0 13072.0 24.0 8456.0 0.08750546909181822
46 39 37 0.0 0.0 1717.0 0.0 13644.0 38.0 22025.0 0.08066839527513683
46 39 38 0.0 0.0 1543.0 0.0 14286.0 36.0 17049.0 0.07847533632286995
46 39 39 0.0 0.0 2242.0 0.0 13213.0 56.0 31324.0 0.08022922636103151
46 39 40 0.0 0.0 1962.0 0.0 13765.0 45.0 25401.0 0.07893994925288976
46 39 41 0.0 0.0 2468.0 0.0 12525.0 63.0 38967.0 0.08240626287597856
46 39 42 0.0 0.0 2360.0 0.0 12442.0 70.0 38275.0 0.08329366968110423
46 39 43 0.0 0.0 1636.0 0.0 13713.0 44.0 20991.0 0.08068234209313047
46 39 44 0.0 0.0 1073.0 0.0 13459.0 33.0 9939.0 0.08473037583973853
46 39 45 0.0 0.0 1144.0 0.0 13448.0 32.0 11892.0 0.08439836026042921
46 39 46 0.0 0.0 685.0 0.0 11391.0 29.0 3471.0 0.09962285632960932
46 39 47 0.0 0.0 203.0 0.0 4789.0 17.0 245.0 0.20063055316709658
46 39 48 0.0 0.0 5.0 0.0 169.0 1.0 0.0 0.64486411791801
46 39 49 0.0 0.0 0.0 0.0 2.0 0.0 0.0 0.6993006993006992
46 40 31 0.0 0.0 0.0 0.0 9.0 1.0 0.0 0.697211155378486
46 40 32 0.0 0.0 275.0 0.0 5035.0 26.0 217.0 0.1921757035003431
46 40 33 0.0 0.0 118.0 0.0 2751.0 20.0 55.0 0.288838456777388
46 40 34 0.0 0.0 1247.0 0.0 13026.0 26.0 15393.0 0.08594229588704726
46 40 35 0.0 0.0 778.0 0.0 12239.0 27.0 4875.0 0.0932525144874442
46 40 36 0.0 0.0 1319.0 0.0 13846.0 37.0 13916.0 0.08163265306122448
46 40 37 0.0 0.0 1579.0 0.0 13929.0 46.0 18159.0 0.0799908581876357
46 40 38 0.0 0.0 2203.0 0.0 12477.0 48.0 35204.0 0.08389764487325461
46 40 39 0.0 0.0 2227.0 0.0 13224.0 65.0 31905.0 0.08026602453847036
46 40 40 0.0 0.0 2164.0 0.0 13307.0 44.0 30745.0 0.08004116402721398
46 40 41 0.0 0.0 2182.0 0.0 13353.0 51.0 30172.0 0.07982211072467073
46 40 42 0.0 0.0 1955.0 0.0 13717.0 47.0 25694.0 0.079225850263143
46 40 43 0.0 0.0 1621.0 0.0 13862.0 30.0 19880.0 0.08004116402721398
46 40 44 0.0 0.0 1584.0 0.0 13361.0 55.0 21282.0 0.08273742686602446
46 40 45 0.0 0.0 1182.0 0.0 13096.0 29.0 14034.0 0.08601093567610739
46 40 46 0.0 0.0 722.0 0.0 11478.0 32.0 3910.0 0.09872364431281291
46 40 47 0.0 0.0 443.0 0.0 8698.0 26.0 1469.0 0.12586532410320955
46 40 48 0.0 0.0 0.0 0.0 134.0 0.0 0.0 0.6560449859418931
46 40 49 0.0 0.0 0.0 0.0 1.0 0.0 0.0 0.6996501749125437
46 41 31 0.0 0.0 0.0 0.0 11.0 0.0 0.0 0.6961710591745399
46 41 32 0.0 0.0 21.0 0.0 449.0 6.0 1.0 0.5681818181818181
46 41 33 0.0 0.0 404.0 0.0 8792.0 30.0 1700.0 0.12531328320802004
46 41 34 0.0 0.0 444.0 0.0 8848.0 26.0 1451.0 0.12415750266051788
46 41 35 0.0 0.0 884.0 0.0 12623.0 44.0 7705.0 0.09042175289026673
46 41 36 0.0 0.0 789.0 0.0 12362.0 33.0 5366.0 0.09248860408271123
46 41 37 0.0 0.0 2105.0 0.0 11650.0 66.0 39414.0 0.0889058233314282
46 41 38 0.0 0.0 1624.0 0.0 14452.0 39.0 16969.0 0.07750650501024192
46 41 39 0.0 0.0 2677.0 0.0 11794.0 59.0 46461.0 0.08506501397496657
46 41 40 0.0 0.0 1908.0 0.0 13815.0 58.0 24249.0 0.07902015013828526
46 41 41 0.0 0.0 1905.0 0.0 13566.0 47.0 25355.0 0.08019705562238642
46 41 42 0.0 0.0 1441.0 0.0 14080.0 42.0 15713.0 0.07994061554273967
46 41 43 0.0 0.0 1139.0 0.0 13515.0 32.0 11629.0 0.08411439557798604
46 41 44 0.0 0.0 1084.0 0.0 13390.0 43.0 10034.0 0.08507018290089323
46 41 45 0.0 0.0 683.0 0.0 11925.0 24.0 6035.0 0.09580510504345445
46 41 46 0.0 0.0 610.0 0.0 10705.0 24.0 3067.0 0.10519987977156596
46 41 47 0.0 0.0 148.0 0.0 3874.0 17.0 124.0 0.23306142833361077
46 41 48 0.0 0.0 63.0 0.0 1595.0 10.0 17.0 0.3837719298245614
46 42 31 0.0 0.0 0.0 0.0 9.0 0.0 0.0 0.6968641114982577
46 42 32 0.0 0.0 34.0 0.0 1036.0 5.0 4.0 0.4567699836867863
46 42 33 0.0 0.0 133.0 0.0 2678.0 18.0 37.0 0.29197080291970795
46 42 34 0.0 0.0 324.0 0.0 6823.0 15.0 646.0 0.15329026606810467
46 42 35 0.0 0.0 519.0 0.0 9722.0 26.0 1885.0 0.11450069518279218
46 42 36 0.0 0.0 848.0 0.0 12703.0 36.0 6142.0 0.09009009009009007
46 42 37 0.0 0.0 1445.0 0.0 13897.0 44.0 16782.0 0.08077078405353948
46 42 38 0.0 0.0 2055.0 0.0 12992.0 47.0 30673.0 0.08215962441314553
46 42 39 0.0 0.0 2392.0 0.0 12459.0 61.0 38614.0 0.08309098462816783
46 42 40 0.0 0.0 2333.0 0.0 12081.0 52.0 39930.0 0.08530343650987082
46 42 41 0.0 0.0 1377.0 0.0 13764.0 40.0 15977.0 0.0816850458019721
46 42 42 0.0 0.0 1568.0 0.0 13459.0 38.0 20805.0 0.08222718195700691
46 42 43 0.0 0.0 1209.0 0.0 13687.0 33.0 12658.0 0.08294821661334281
46 42 44 0.0 0.0 630.0 0.0 11649.0 35.0 5569.0 0.09812854839840189
46 42 45 0.0 0.0 475.0 0.0 9367.0 28.0 1892.0 0.11847338580011846
46 42 46 0.0 0.0 522.0 0.0 9512.0 18.0 1748.0 0.11645316918981866
46 42 47 0.0 0.0 8.0 0.0 458.0 4.0 1.0 0.5686433793663687
46 42 48 0.0 0.0 11.0 0.0 359.0 2.0 0.0 0.5912162162162161
46 43 31 0.0 0.0 4.0 0.0 61.0 0.0 0.0 0.6779661016949151
46 43 32 0.0 0.0 107.0 0.0 2169.0 15.0 33.0 0.3285613705702886
46 43 33 0.0 0.0 200.0 0.0 4258.0 10.0 152.0 0.21708792060784615
46 43 34 0.0 0.0 39.0 0.0 1048.0 6.0 5.0 0.4546930821695355
46 43 35 0.0 0.0 405.0 0.0 7713.0 21.0 796.0 0.13857270117786794
46 43 36 0.0 0.0 604.0 0.0 10736.0 18.0 2554.0 0.10500262506562663
46 43 37 0.0 0.0 1165.0 0.0 12975.0 33.0 15297.0 0.08673026886383346
46 43 38 0.0 0.0 2052.0 0.0 12119.0 62.0 35220.0 0.08660686668728734
46 43 39 0.0 0.0 2381.0 0.0 11131.0 60.0 45679.0 0.09024107257960551
46 43 40 0.0 0.0 2032.0 0.0 13133.0 48.0 30592.0 0.08152806894945258
46 43 41 0.0 0.0 1312.0 0.0 14019.0 25.0 12850.0 0.08073817762399077
46 43 42 0.0 0.0 900.0 0.0 12920.0 36.0 7898.0 0.08856835579173783
46 43 43 0.0 0.0 720.0 0.0 12059.0 30.0 5401.0 0.09478672985781988
46 43 44 0.0 0.0 614.0 0.0 10839.0 19.0 3194.0 0.10409695888170123
46 43 45 0.0 0.0 132.0 0.0 3545.0 15.0 95.0 0.2472187886279357
46 43 46 0.0 0.0 118.0 0.0 3004.0 13.0 61.0 0.27402622822470146
46 43 47 0.0 0.0 5.0 0.0 273.0 1.0 0.0 0.6148440931049626
46 43 48 0.0 0.0 0.0 0.0 10.0 0.0 0.0 0.6965174129353233
46 44 31 0.0 0.0 0.0 0.0 8.0 0.0 0.0 0.697211155378486
46 44 32 0.0 0.0 7.0 0.0 119.0 3.0 0.0 0.6594441827602449
46 44 33 0.0 0.0 198.0 0.0 4071.0 17.0 123.0 0.22389253158483927
46 44 34 0.0 0.0 60.0 0.0 1487.0 10.0 13.0 0.39581566299123544
46 44 35 0.0 0.0 131.0 0.0 3372.0 17.0 91.0 0.25514853289593586
46 44 36 0.0 0.0 490.0 0.0 9416.0 20.0 1821.0 0.11768661735036987
46 44 37 0.0 0.0 1324.0 0.0 13082.0 44.0 16907.0 0.08538667967797023
46 44 38 0.0 0.0 1985.0 0.0 12423.0 52.0 33511.0 0.08528265107212475
46 44 39 0.0 0.0 1739.0 0.0 13264.0 51.0 23980.0 0.082382017182535
46 44 40 0.0 0.0 1450.0 0.0 13410.0 51.0 18746.0 0.08307619273676714
46 44 41 0.0 0.0 883.0 0.0 12798.0 39.0 7729.0 0.08935980085530094
46 44 42 0.0 0.0 916.0 0.0 12682.0 25.0 7689.0 0.0897666068222621
46 44 43 0.0 0.0 396.0 0.0 8826.0 13.0 1691.0 0.12474382963556979
46 44 44 0.0 0.0 760.0 0.0 11808.0 27.0 4800.0 0.09609444711373463
46 44 45 0.0 0.0 295.0 0.0 6297.0 15.0 490.0 0.16311313060701382
46 44 46 0.0 0.0 59.0 0.0 1414.0 9.0 14.0 0.40415704387990753
46 44 47 0.0 0.0 0.0 0.0 23.0 0.0 0.0 0.6920415224913494
46 44 48 0.0 0.0 0.0 0.0 2.0 0.0 0.0 0.6993006993006992
46 45 31 0.0 0.0 0.0 0.0 1.0 0.0 0.0 0.6996501749125437
46 45 32 0.0 0.0 0.0 0.0 3.0 0.0 0.0 0.6989515726410384
46 45 33 0.0 0.0 0.0 0.0 35.0 0.0 0.0 0.6879606879606879
46 45 34 0.0 0.0 4.0 0.0 191.0 0.0 0.0 0.6378132118451024
46 45 35 0.0 0.0 144.0 0.0 3714.0 15.0 119.0 0.2396029436933082
46 45 36 0.0 0.0 564.0 0.0 10324.0 26.0 2507.0 0.10877165721389169
46 45 37 0.0 0.0 904.0 0.0 12755.0 24.0 8467.0 0.0894340104765555
46 45 38 0.0 0.0 938.0 0.0 13010.0 28.0 7617.0 0.08780732563973907
46 45 39 0.0 0.0 1474.0 0.0 13331.0 48.0 19531.0 0.08337800011911142
46 45 40 0.0 0.0 771.0 0.0 12191.0 42.0 4662.0 0.09373326191751472
46 45 41 0.0 0.0 729.0 0.0 11945.0 38.0 5070.0 0.09554357469460177
46 45 42 0.0 0.0 252.0 0.0 6197.0 25.0 476.0 0.16613266880265812
46 45 43 0.0 0.0 262.0 0.0 6157.0 18.0 477.0 0.1665278934221482
46 45 44 0.0 0.0 154.0 0.0 4122.0 13.0 163.0 0.22357074417119127
46 45 45 0.0 0.0 97.0 0.0 2362.0 13.0 38.0 0.3148897885739991
46 45 46 0.0 0.0 96.0 0.0 2492.0 10.0 44.0 0.30561012879283994
46 45 47 0.0 0.0 0.0 0.0 3.0 0.0 0.0 0.6989515726410384
46 46 33 0.0 0.0 0.0 0.0 5.0 0.0 0.0 0.6982543640897755
46 46 34 0.0 0.0 0.0 0.0 20.0 0.0 0.0 0.6930693069306929
46 46 35 0.0 0.0 46.0 0.0 939.0 8.0 3.0 0.47027208599260995
46 46 36 0.0 0.0 13.0 0.0 823.0 2.0 7.0 0.494175785386516
46 46 37 0.0 0.0 201.0 0.0 4581.0 24.0 184.0 0.2070699600650791
46 46 38 0.0 0.0 439.0 0.0 8919.0 13.0 1519.0 0.12331542323614902
46 46 39 0.0 0.0 591.0 0.0 10771.0 21.0 3218.0 0.10486105909669687
46 46 40 0.0 0.0 272.0 0.0 6506.0 23.0 598.0 0.15983559767096697
46 46 41 0.0 0.0 410.0 0.0 8160.0 30.0 1035.0 0.13271400132714
46 46 42 0.0 0.0 723.0 0.0 11611.0 27.0 4461.0 0.09773806199385644
46 46 43 0.0 0.0 132.0 0.0 3499.0 13.0 104.0 0.24919900320398714
46 46 44 0.0 0.0 97.0 0.0 2599.0 14.0 46.0 0.29901751388295594
46 46 45 0.0 0.0 33.0 0.0 814.0 10.0 1.0 0.4936530324400563
46 46 46 0.0 0.0 7.0 0.0 272.0 0.0 0.0 0.6143045195261079
46 46 47 0.0 0.0 0.0 0.0 2.0 0.0 0.0 0.6993006993006992
46 47 33 0.0 0.0 0.0 0.0 5.0 0.0 0.0 0.6982543640897755
46 47 35 0.0 0.0 0.0 0.0 12.0 0.0 0.0 0.6958250497017892
46 47 36 0.0 0.0 3.0 0.0 102.0 2.0 0.0 0.6657156443176413
46 47 37 0.0 0.0 65.0 0.0 1825.0 18.0 18.0 0.3614768912987348
46 47 38 0.0 0.0 275.0 0.0 5903.0 21.0 447.0 0.1715265866209262
46 47 39 0.0 0.0 235.0 0.0 5760.0 17.0 392.0 0.17537266691719902
46 47 40 0.0 0.0 86.0 0.0 2438.0 15.0 38.0 0.31049013084941224
46 47 41 0.0 0.0 96.0 0.0 2157.0 16.0 26.0 0.3303445021236432
46 47 42 0.0 0.0 7.0 0.0 453.0 2.0 0.0 0.5698005698005697
46 47 43 0.0 0.0 202.0 0.0 4226.0 19.0 149.0 0.21834061135371177
46 47 44 0.0 0.0 160.0 0.0 3409.0 14.0 83.0 0.2519798416126709
46 47 45 0.0 0.0 0.0 0.0 38.0 0.0 0.0 0.6869479882237487
46 47 46 0.0 0.0 0.0 0.0 3.0 0.0 0.0 0.6989515726410384
46 47 47 0.0 0.0 0.0 0.0 1.0 0.0 0.0 0.6996501749125437
46 48 36 0.0 0.0 0.0 0.0 5.0 0.0 0.0 0.6982543640897755
46 48 37 0.0 0.0 0.0 0.0 38.0 1.0 0.0 0.6876227897838899
46 48 38 0.0 0.0 10.0 0.0 162.0 2.0 0.0 0.6451612903225805
46 48 39 0.0 0.0 0.0 0.0 24.0 0.0 0.0 0.6916996047430829
46 48 40 0.0 0.0 0.0 0.0 16.0 0.0 0.0 0.6944444444444444
46 48 41 0.0 0.0 0.0 0.0 7.0 0.0 0.0 0.6975585450921773
46 48 42 0.0 0.0 0.0 0.0 5.0 0.0 0.0 0.6982543640897755
46 48 43 0.0 0.0 0.0 0.0 7.0 0.0 0.0 0.6982543640897755
46 48 44 0.0 0.0 0.0 0.0 4.0 0.0 0.0 0.6986027944111775
46 48 45 0.0 0.0 0.0 0.0 3.0 0.0 0.0 0.6989515726410384
46 49 39 0.0 0.0 0.0 0.0 3.0 0.0 0.0 0.6989515726410384
46 49 40 0.0 0.0 0.0 0.0 1.0 0.0 0.0 0.6996501749125437
47 31 36 0.0 0.0 1.0 0.0 9.0 0.0 0.0 0.6965174129353233
47 31 38 0.0 0.0 0.0 0.0 3.0 0.0 0.0 0.6989515726410384
47 31 39 0.0 0.0 0.0 0.0 1.0 0.0 0.0 0.6996501749125437
47 31 40 0.0 0.0 0.0 0.0 2.0 0.0 0.0 0.6993006993006992
47 32 35 0.0 0.0 12.0 0.0 224.0 5.0 0.0 0.6275212909009411
47 32 36 0.0 0.0 0.0 0.0 22.0 0.0 0.0 0.6927263730826323
47 32 37 0.0 0.0 2.0 0.0 87.0 1.0 0.0 0.6704980842911876
47 32 38 0.0 0.0 1.0 0.0 63.0 0.0 0.0 0.6782945736434108
47 32 39 0.0 0.0 0.0 0.0 50.0 0.0 0.0 0.6829268292682925
47 32 40 0.0 0.0 0.0 0.0 71.0 0.0 0.0 0.6760019314340897
47 32 41 0.0 0.0 0.0 0.0 48.0 0.0 0.0 0.6839276990718123
47 32 42 0.0 0.0 0.0 0.0 19.0 0.0 0.0 0.6934125804853887
47 32 43 0.0 0.0 0.0 0.0 2.0 0.0 0.0 0.6993006993006992
47 33 34 0.0 0.0 0.0 0.0 5.0 0.0 0.0 0.6982543640897755
47 33 35 0.0 0.0 4.0 0.0 69.0 2.0 0.0 0.6760019314340897
47 33 36 0.0 0.0 150.0 0.0 3458.0 19.0 80.0 0.2504920379316515
47 33 37 0.0 0.0 70.0 0.0 1908.0 12.0 28.0 0.35300050428643465
47 33 38 0.0 0.0 244.0 0.0 6711.0 21.0 668.0 0.15663459386887443
47 33 39 0.0 0.0 11.0 0.0 786.0 1.0 4.0 0.5007153075822602
47 33 40 0.0 0.0 149.0 0.0 3614.0 26.0 144.0 0.24385995471172264
47 33 41 0.0 0.0 38.0 0.0 843.0 11.0 2.0 0.48780487804878037
47 33 42 0.0 0.0 41.0 0.0 861.0 11.0 2.0 0.48426150121065364
47 33 43 0.0 0.0 0.0 0.0 22.0 0.0 0.0 0.6923837784371908
47 33 44 0.0 0.0 0.0 0.0 10.0 0.0 0.0 0.6968641114982577
47 33 46 0.0 0.0 0.0 0.0 1.0 0.0 0.0 0.6996501749125437
47 34 33 0.0 0.0 7.0 0.0 179.0 4.0 0.0 0.6416131989000916
47 34 34 0.0 0.0 4.0 0.0 176.0 2.0 0.0 0.6430868167202571
47 34 35 0.0 0.0 43.0 0.0 1066.0 11.0 9.0 0.4519044544867656
47 34 36 0.0 0.0 24.0 0.0 733.0 6.0 3.0 0.5089058524173027
47 34 37 0.0 0.0 266.0 0.0 5992.0 17.0 408.0 0.16975870013338182
47 34 38 0.0 0.0 307.0 0.0 6678.0 28.0 593.0 0.15624999999999997
47 34 39 0.0 0.0 206.0 0.0 5120.0 14.0 297.0 0.19146608315098465
47 34 40 0.0 0.0 368.0 0.0 7318.0 22.0 799.0 0.14486754966887413
47 34 41 0.0 0.0 396.0 0.0 8074.0 20.0 1085.0 0.13389441469013005
47 34 42 0.0 0.0 207.0 0.0 4372.0 23.0 168.0 0.21354484441732763
47 34 43 0.0 0.0 67.0 0.0 1621.0 12.0 20.0 0.3808487486398258
47 34 44 0.0 0.0 0.0 0.0 88.0 0.0 0.0 0.6704980842911876
47 34 45 0.0 0.0 1.0 0.0 18.0 0.0 0.0 0.6934125804853887
47 34 46 0.0 0.0 0.0 0.0 4.0 0.0 0.0 0.6986027944111775
47 35 32 0.0 0.0 1.0 0.0 6.0 0.0 0.0 0.6975585450921773
47 35 33 0.0 0.0 63.0 0.0 1382.0 15.0 8.0 0.40816326530612235
47 35 34 0.0 0.0 84.0 0.0 1994.0 11.0 19.0 0.34431874077717656
47 35 35 0.0 0.0 51.0 0.0 1183.0 12.0 10.0 0.43464762496119214
47 35 36 0.0 0.0 342.0 0.0 6931.0 23.0 602.0 0.15125324114088157
47 35 37 0.0 0.0 427.0 0.0 8918.0 18.0 1519.0 0.123543946346629
47 35 38 0.0 0.0 398.0 0.0 8208.0 25.0 1185.0 0.13225014169658036
47 35 39 0.0 0.0 945.0 0.0 12971.0 32.0 8091.0 0.08795074758135443
47 35 40 0.0 0.0 883.0 0.0 12714.0 31.0 7376.0 0.08980691513246519
47 35 41 0.0 0.0 595.0 0.0 10973.0 26.0 3648.0 0.103260067856616
47 35 42 0.0 0.0 821.0 0.0 12477.0 31.0 6745.0 0.09159306509649982
47 35 43 0.0 0.0 681.0 0.0 11638.0 24.0 4348.0 0.0978541972461033
47 35 44 0.0 0.0 20.0 0.0 1045.0 7.0 9.0 0.45811518324607325
47 35 45 0.0 0.0 2.0 0.0 226.0 1.0 0.0 0.6289308176100628
47 35 46 0.0 0.0 13.0 0.0 239.0 4.0 0.0 0.6227758007117437
47 35 47 0.0 0.0 0.0 0.0 4.0 0.0 0.0 0.6986027944111775
47 35 48 0.0 0.0 0.0 0.0 1.0 0.0 0.0 0.6996501749125437
47 36 31 0.0 0.0 0.0 0.0 6.0 0.0 0.0 0.6979062811565303
47 36 32 0.0 0.0 1.0 0.0 16.0 0.0 0.0 0.694100148735746
47 36 33 0.0 0.0 0.0 0.0 76.0 0.0 0.0 0.6743737957610789
47 36 34 0.0 0.0 168.0 0.0 4189.0 22.0 177.0 0.22099447513812154
47 36 35 0.0 0.0 290.0 0.0 6612.0 17.0 666.0 0.157533475863621
47 36 36 0.0 0.0 461.0 0.0 8305.0 19.0 1128.0 0.13020833333333331
47 36 37 0.0 0.0 898.0 0.0 12647.0 34.0 8422.0 0.09009588776626551
47 36 38 0.0 0.0 785.0 0.0 12186.0 32.0 4572.0 0.09361417586091607
47 36 39 0.0 0.0 1084.0 0.0 13146.0 36.0 11264.0 0.08630787251094259
47 36 40 0.0 0.0 1129.0 0.0 13499.0 35.0 10723.0 0.08425613866153105
47 36 41 0.0 0.0 1341.0 0.0 13428.0 38.0 16347.0 0.08349734597721714
47 36 42 0.0 0.0 811.0 0.0 12446.0 27.0 6834.0 0.09183338799606428
47 36 43 0.0 0.0 521.0 0.0 9894.0 24.0 2253.0 0.11294876966518756
47 36 44 0.0 0.0 475.0 0.0 9560.0 30.0 2048.0 0.11652101539741988
47 36 45 0.0 0.0 190.0 0.0 3971.0 18.0 140.0 0.2277904328018223
47 36 46 0.0 0.0 134.0 0.0 3104.0 16.0 70.0 0.26814786439379423
47 36 47 0.0 0.0 1.0 0.0 19.0 0.0 0.0 0.6930693069306929
47 36 48 0.0 0.0 3.0 0.0 53.0 3.0 0.0 0.6819288845591815
47 37 31 0.0 0.0 0.0 0.0 3.0 0.0 0.0 0.6989515726410384
47 37 32 0.0 0.0 0.0 0.0 29.0 0.0 0.0 0.6899950714637751
47 37 33 0.0 0.0 147.0 0.0 3692.0 19.0 104.0 0.24038461538461534
47 37 34 0.0 0.0 83.0 0.0 2128.0 15.0 34.0 0.33373063170441
47 37 35 0.0 0.0 345.0 0.0 7287.0 22.0 757.0 0.14556040756914118
47 37 36 0.0 0.0 389.0 0.0 7972.0 23.0 1111.0 0.13537033455811254
47 37 37 0.0 0.0 622.0 0.0 11021.0 25.0 3350.0 0.10269199735934863
47 37 38 0.0 0.0 1099.0 0.0 13314.0 34.0 11371.0 0.08540230586225828
47 37 39 0.0 0.0 1247.0 0.0 13608.0 38.0 12790.0 0.08309098462816783
47 37 40 0.0 0.0 1651.0 0.0 13456.0 41.0 22133.0 0.08181871310852666
47 37 41 0.0 0.0 1158.0 0.0 13463.0 34.0 12688.0 0.08418520745640408
47 37 42 0.0 0.0 1098.0 0.0 13290.0 41.0 11894.0 0.08546486783468651
47 37 43 0.0 0.0 996.0 0.0 13177.0 34.0 9133.0 0.08657473254591552
47 37 44 0.0 0.0 580.0 0.0 10570.0 28.0 2727.0 0.10660169039823346
47 37 45 0.0 0.0 298.0 0.0 6125.0 25.0 462.0 0.166706358656823
47 37 46 0.0 0.0 237.0 0.0 5189.0 20.0 269.0 0.18890837943597352
47 37 47 0.0 0.0 65.0 0.0 1253.0 11.0 6.0 0.42360060514372155
47 37 48 0.0 0.0 0.0 0.0 6.0 0.0 0.0 0.6979062811565303
47 38 31 0.0 0.0 0.0 0.0 2.0 0.0 0.0 0.6996501749125437
47 38 32 0.0 0.0 5.0 0.0 141.0 0.0 0.0 0.6523765144454798
47 38 33 0.0 0.0 66.0 0.0 1337.0 17.0 7.0 0.41346721795629054
47 38 34 0.0 0.0 166.0 0.0 4440.0 25.0 233.0 0.21260440394836747
47 38 35 0.0 0.0 240.0 0.0 5526.0 25.0 332.0 0.18083182640144663
47 38 36 0.0 0.0 491.0 0.0 9248.0 28.0 1493.0 0.11947431302270012
47 38 37 0.0 0.0 1038.0 0.0 12985.0 29.0 9850.0 0.08740167311774252
47 38 38 0.0 0.0 1146.0 0.0 13241.0 37.0 13543.0 0.0855014046659338
47 38 39 0.0 0.0 1306.0 0.0 13311.0 39.0 16265.0 0.08429164910590642
47 38 40 0.0 0.0 1304.0 0.0 13833.0 35.0 14290.0 0.08170411438576013
47 38 41 0.0 0.0 1623.0 0.0 13003.0 30.0 24210.0 0.08415484491464294
47 38 42 0.0 0.0 1120.0 0.0 13282.0 28.0 12565.0 0.08535544445799291
47 38 43 0.0 0.0 1197.0 0.0 12942.0 29.0 15420.0 0.08669267446900736
47 38 44 0.0 0.0 580.0 0.0 10638.0 27.0 3073.0 0.10604453870625662
47 38 45 0.0 0.0 508.0 0.0 9293.0 28.0 1619.0 0.11881524229822624
47 38 46 0.0 0.0 172.0 0.0 3858.0 12.0 141.0 0.23259677687323468
47 38 47 0.0 0.0 31.0 0.0 869.0 3.0 3.0 0.48309178743961345
47 38 48 0.0 0.0 0.0 0.0 17.0 0.0 0.0 0.694100148735746
47 39 31 0.0 0.0 0.0 0.0 1.0 0.0 0.0 0.6996501749125437
47 39 32 0.0 0.0 51.0 0.0 1494.0 6.0 13.0 0.39570378745053697
47 39 33 0.0 0.0 133.0 0.0 3679.0 11.0 138.0 0.2413377003964833
47 39 34 0.0 0.0 300.0 0.0 6560.0 15.0 590.0 0.1582278481012658
47 39 35 0.0 0.0 618.0 0.0 10806.0 18.0 3515.0 0.1043374571471158
47 39 36 0.0 0.0 808.0 0.0 12351.0 24.0 6425.0 0.09234219378668952
47 39 37 0.0 0.0 822.0 0.0 12331.0 36.0 6256.0 0.09245806366398097
47 39 38 0.0 0.0 1298.0 0.0 13684.0 40.0 13869.0 0.0824985268120212
47 39 39 0.0 0.0 1092.0 0.0 13585.0 32.0 10329.0 0.08398320335932813
47 39 40 0.0 0.0 1389.0 0.0 13611.0 37.0 14898.0 0.08242566970856637
47 39 41 0.0 0.0 1246.0 0.0 13508.0 38.0 14391.0 0.08353221957040573
47 39 42 0.0 0.0 1584.0 0.0 13141.0 39.0 21674.0 0.08364201218783605
47 39 43 0.0 0.0 976.0 0.0 13171.0 23.0 8622.0 0.08670341239858796
47 39 44 0.0 0.0 1171.0 0.0 13475.0 36.0 12391.0 0.08412450426631413
47 39 45 0.0 0.0 459.0 0.0 8521.0 28.0 1213.0 0.12772557248426236
47 39 46 0.0 0.0 490.0 0.0 9724.0 21.0 2187.0 0.11475409836065573
47 39 47 0.0 0.0 145.0 0.0 2959.0 18.0 61.0 0.27526543452615015
47 39 48 0.0 0.0 2.0 0.0 47.0 0.0 0.0 0.6832601268911663
47 40 31 0.0 0.0 0.0 0.0 3.0 0.0 0.0 0.6989515726410384
47 40 32 0.0 0.0 1.0 0.0 64.0 1.0 0.0 0.6786233640329616
47 40 33 0.0 0.0 259.0 0.0 5595.0 17.0 347.0 0.17850312380466657
47 40 34 0.0 0.0 542.0 0.0 10392.0 21.0 3034.0 0.10832559579077684
47 40 35 0.0 0.0 756.0 0.0 11925.0 27.0 5590.0 0.09543936191969458
47 40 36 0.0 0.0 875.0 0.0 12660.0 34.0 6920.0 0.09020037368726241
47 40 37 0.0 0.0 711.0 0.0 11923.0 21.0 5790.0 0.09568723942314263
47 40 38 0.0 0.0 1302.0 0.0 13826.0 41.0 13736.0 0.08174227827407017
47 40 39 0.0 0.0 1240.0 0.0 13521.0 48.0 12608.0 0.08357709987463434
47 40 40 0.0 0.0 1090.0 0.0 13342.0 35.0 10428.0 0.08521516829995739
47 40 41 0.0 0.0 1014.0 0.0 13132.0 37.0 9182.0 0.08680555555555555
47 40 42 0.0 0.0 1415.0 0.0 13527.0 34.0 17149.0 0.0825861255309108
47 40 43 0.0 0.0 637.0 0.0 11141.0 19.0 3109.0 0.10163339382940108
47 40 44 0.0 0.0 452.0 0.0 9186.0 37.0 1690.0 0.12061686913069697
47 40 45 0.0 0.0 504.0 0.0 9373.0 38.0 1656.0 0.1180936313791649
47 40 46 0.0 0.0 194.0 0.0 4244.0 31.0 160.0 0.2185110035898236
47 40 47 0.0 0.0 112.0 0.0 3107.0 14.0 71.0 0.2688688304205876
47 40 48 0.0 0.0 11.0 0.0 253.0 6.0 0.0 0.6200177147918511
47 41 31 0.0 0.0 0.0 0.0 7.0 0.0 0.0 0.6975585450921773
47 41 32 0.0 0.0 0.0 0.0 42.0 0.0 0.0 0.6859382655560998
47 41 33 0.0 0.0 6.0 0.0 477.0 3.0 3.0 0.5647438483259378
47 41 34 0.0 0.0 283.0 0.0 6160.0 15.0 491.0 0.166073546856465
47 41 35 0.0 0.0 518.0 0.0 9900.0 19.0 2176.0 0.11291233163964835
47 41 36 0.0 0.0 998.0 0.0 13134.0 36.0 9661.0 0.08685941183769696
47 41 37 0.0 0.0 1033.0 0.0 13173.0 40.0 11400.0 0.0864998455359901
47 41 38 0.0 0.0 1110.0 0.0 13487.0 44.0 10309.0 0.08444417636769407
47 41 39 0.0 0.0 1167.0 0.0 13319.0 36.0 13204.0 0.0849463018020751
47 41 40 0.0 0.0 1091.0 0.0 13298.0 33.0 11735.0 0.08545443447476041
47 41 41 0.0 0.0 908.0 0.0 12828.0 23.0 8010.0 0.088984936121528
47 41 42 0.0 0.0 872.0 0.0 12686.0 29.0 7187.0 0.09000900090009
47 41 43 0.0 0.0 523.0 0.0 9410.0 26.0 1574.0 0.11750881316098706
47 41 44 0.0 0.0 596.0 0.0 10785.0 26.0 3305.0 0.10471204188481674
47 41 45 0.0 0.0 242.0 0.0 5696.0 10.0 427.0 0.17645576002016633
47 41 46 0.0 0.0 229.0 0.0 5703.0 17.0 431.0 0.17678999873721427
47 41 47 0.0 0.0 291.0 0.0 6416.0 15.0 535.0 0.1609750488674255
47 41 48 0.0 0.0 1.0 0.0 26.0 0.0 0.0 0.6906758756783422
47 42 32 0.0 0.0 0.0 0.0 22.0 0.0 0.0 0.6923837784371908
47 42 33 0.0 0.0 6.0 0.0 141.0 1.0 0.0 0.6523765144454798
47 42 34 0.0 0.0 61.0 0.0 1401.0 15.0 10.0 0.4061502756019727
47 42 35 0.0 0.0 307.0 0.0 6232.0 18.0 483.0 0.16422287390029322
47 42 36 0.0 0.0 885.0 0.0 12671.0 23.0 8219.0 0.0899107314880226
47 42 37 0.0 0.0 1081.0 0.0 13139.0 46.0 11368.0 0.08632383771118508
47 42 38 0.0 0.0 1288.0 0.0 13502.0 36.0 14818.0 0.08339289969025493
47 42 39 0.0 0.0 1253.0 0.0 13813.0 36.0 13873.0 0.08204406938584154
47 42 40 0.0 0.0 1162.0 0.0 13480.0 44.0 11297.0 0.08426120975022569
47 42 41 0.0 0.0 833.0 0.0 12541.0 19.0 6420.0 0.09099772505687358
47 42 42 0.0 0.0 536.0 0.0 9999.0 17.0 2249.0 0.11173184357541897
47 42 43 0.0 0.0 437.0 0.0 8975.0 26.0 1802.0 0.12286090390522159
47 42 44 0.0 0.0 190.0 0.0 4424.0 27.0 145.0 0.21250758955676985
47 42 45 0.0 0.0 335.0 0.0 6927.0 25.0 644.0 0.15153155103366164
47 42 46 0.0 0.0 222.0 0.0 5070.0 18.0 276.0 0.1924134139637163
47 42 47 0.0 0.0 87.0 0.0 2009.0 14.0 18.0 0.3430531732418524
47 42 48 0.0 0.0 0.0 0.0 8.0 0.0 0.0 0.697211155378486
47 43 31 0.0 0.0 0.0 0.0 1.0 0.0 0.0 0.6996501749125437
47 43 32 0.0 0.0 0.0 0.0 5.0 0.0 0.0 0.6982543640897755
47 43 33 0.0 0.0 5.0 0.0 145.0 1.0 0.0 0.6514657980456026
47 43 34 0.0 0.0 4.0 0.0 197.0 2.0 0.0 0.6366530241018644
47 43 35 0.0 0.0 246.0 0.0 5201.0 23.0 335.0 0.18847603661820134
47 43 36 0.0 0.0 513.0 0.0 10087.0 24.0 2630.0 0.11123470522803114
47 43 37 0.0 0.0 778.0 0.0 12336.0 27.0 6554.0 0.09267840593141798
47 43 38 0.0 0.0 1319.0 0.0 13560.0 34.0 14681.0 0.08293838862559241
47 43 39 0.0 0.0 1301.0 0.0 13539.0 39.0 15795.0 0.0832045643646737
47 43 40 0.0 0.0 1040.0 0.0 13212.0 26.0 10195.0 0.08617505847593253
47 43 41 0.0 0.0 543.0 0.0 10247.0 18.0 2632.0 0.1095118898623279
47 43 42 0.0 0.0 642.0 0.0 10702.0 27.0 2801.0 0.10504201680672268
47 43 43 0.0 0.0 352.0 0.0 7594.0 20.0 862.0 0.1410011078658475
47 43 44 0.0 0.0 173.0 0.0 3960.0 15.0 140.0 0.2287955548292204
47 43 45 0.0 0.0 55.0 0.0 1659.0 13.0 15.0 0.37858301784748505
47 43 46 0.0 0.0 218.0 0.0 5002.0 18.0 300.0 0.19430950728660645
47 43 47 0.0 0.0 16.0 0.0 505.0 3.0 0.0 0.5559968228752977
47 44 32 0.0 0.0 5.0 0.0 86.0 2.0 0.0 0.6701771182383915
47 44 33 0.0 0.0 0.0 0.0 9.0 0.0 0.0 0.6968641114982577
47 44 34 0.0 0.0 0.0 0.0 19.0 0.0 0.0 0.6934125804853887
47 44 35 0.0 0.0 60.0 0.0 1430.0 15.0 11.0 0.40287769784172656
47 44 36 0.0 0.0 375.0 0.0 8021.0 28.0 1038.0 0.13495276653171387
47 44 37 0.0 0.0 751.0 0.0 11891.0 26.0 6241.0 0.09567416114262282
47 44 38 0.0 0.0 1265.0 0.0 13762.0 33.0 13030.0 0.08220786846741045
47 44 39 0.0 0.0 1301.0 0.0 13356.0 41.0 15346.0 0.08405884118883218
47 44 40 0.0 0.0 1002.0 0.0 13101.0 40.0 9145.0 0.08701056556867619
47 44 41 0.0 0.0 670.0 0.0 11533.0 26.0 5536.0 0.09872364431281291
47 44 42 0.0 0.0 361.0 0.0 7516.0 26.0 796.0 0.14200223146363727
47 44 43 0.0 0.0 219.0 0.0 4499.0 17.0 165.0 0.20883054892601427
47 44 44 0.0 0.0 196.0 0.0 4121.0 21.0 153.0 0.2222222222222222
47 44 45 0.0 0.0 26.0 0.0 663.0 7.0 2.0 0.5219985085756897
47 44 46 0.0 0.0 0.0 0.0 28.0 1.0 0.0 0.6910167818361302
47 44 47 0.0 0.0 0.0 0.0 9.0 0.0 0.0 0.6968641114982577
47 45 32 0.0 0.0 0.0 0.0 4.0 0.0 0.0 0.6989515726410384
47 45 33 0.0 0.0 0.0 0.0 2.0 0.0 0.0 0.6993006993006992
47 45 34 0.0 0.0 0.0 0.0 12.0 0.0 0.0 0.6958250497017892
47 45 35 0.0 0.0 153.0 0.0 2960.0 17.0 52.0 0.2746713753188149
47 45 36 0.0 0.0 361.0 0.0 8049.0 21.0 1221.0 0.1346153846153846
47 45 37 0.0 0.0 625.0 0.0 10433.0 28.0 2554.0 0.10735373054213633
47 45 38 0.0 0.0 904.0 0.0 12581.0 31.0 7429.0 0.09041591320072331
47 45 39 0.0 0.0 697.0 0.0 11663.0 35.0 5537.0 0.09758817788930711
47 45 40 0.0 0.0 245.0 0.0 6018.0 15.0 469.0 0.16971754152018426
47 45 41 0.0 0.0 659.0 0.0 11086.0 30.0 3142.0 0.10195164579085347
47 45 42 0.0 0.0 36.0 0.0 1301.0 5.0 21.0 0.4204204204204203
47 45 43 0.0 0.0 2.0 0.0 259.0 1.0 2.0 0.6197432492253209
47 45 44 0.0 0.0 47.0 0.0 1252.0 12.0 11.0 0.42604990870359094
47 45 45 0.0 0.0 0.0 0.0 82.0 0.0 0.0 0.6724303554274734
47 45 46 0.0 0.0 0.0 0.0 7.0 0.0 0.0 0.6975585450921773
47 45 47 0.0 0.0 0.0 0.0 1.0 0.0 0.0 0.6996501749125437
47 46 34 0.0 0.0 0.0 0.0 1.0 0.0 0.0 0.6996501749125437
47 46 35 0.0 0.0 11.0 0.0 224.0 3.0 0.0 0.6272401433691756
47 46 36 0.0 0.0 119.0 0.0 2497.0 19.0 50.0 0.3045464433326082
47 46 37 0.0 0.0 107.0 0.0 2310.0 15.0 24.0 0.3181095205635082
47 46 38 0.0 0.0 521.0 0.0 10421.0 28.0 3396.0 0.10825858335910918
47 46 39 0.0 0.0 546.0 0.0 10332.0 23.0 2588.0 0.10872941907424664
47 46 40 0.0 0.0 326.0 0.0 7817.0 22.0 1124.0 0.13825794983211534
47 46 41 0.0 0.0 73.0 0.0 1757.0 14.0 24.0 0.3668763102725366
47 46 42 0.0 0.0 260.0 0.0 5228.0 15.0 296.0 0.18734109460725273
47 46 43 0.0 0.0 2.0 0.0 148.0 0.0 0.0 0.6514657980456026
47 46 44 0.0 0.0 0.0 0.0 28.0 0.0 0.0 0.690335305719921
47 46 45 0.0 0.0 5.0 0.0 43.0 3.0 0.0 0.6845965770171147
47 46 46 0.0 0.0 0.0 0.0 1.0 0.0 0.0 0.0
47 47 35 0.0 0.0 0.0 0.0 2.0 0.0 0.0 0.6993006993006992
47 47 36 0.0 0.0 0.0 0.0 3.0 0.0 0.0 0.6989515726410384
47 47 37 0.0 0.0 46.0 0.0 1115.0 12.0 10.0 0.4445855827246744
47 47 38 0.0 0.0 19.0 0.0 833.0 4.0 9.0 0.49191848208011235
47 47 39 0.0 0.0 134.0 0.0 2581.0 21.0 32.0 0.2981895633652822
47 47 40 0.0 0.0 60.0 0.0 1146.0 12.0 4.0 0.43832185347526603
47 47 41 0.0 0.0 31.0 0.0 677.0 6.0 0.0 0.5181347150259067
47 47 42 0.0 0.0 24.0 0.0 874.0 4.0 7.0 0.4837595024187975
47 47 43 0.0 0.0 2.0 0.0 107.0 0.0 0.0 0.6638217164532954
47 47 44 0.0 0.0 0.0 0.0 5.0 0.0 0.0 0.6982543640897755
47 48 36 0.0 0.0 0.0 0.0 1.0 0.0 0.0 0.6996501749125437
47 48 37 0.0 0.0 0.0 0.0 18.0 0.0 0.0 0.6937561942517343
47 48 38 0.0 0.0 0.0 0.0 13.0 0.0 0.0 0.695479384003974
47 48 39 0.0 0.0 0.0 0.0 11.0 0.0 0.0 0.6961710591745399
47 48 40 0.0 0.0 1.0 0.0 15.0 1.0 0.0 0.694789081885856
47 48 41 0.0 0.0 0.0 0.0 3.0 1.0 0.0 0.6993006993006992
47 48 42 0.0 0.0 0.0 0.0 3.0 0.0 0.0 0.6989515726410384
47 48 43 0.0 0.0 10.0 0.0 237.0 3.0 0.0 0.623885918003565
47 48 44 0.0 0.0 0.0 0.0 2.0 0.0 0.0 0.6993006993006992
48 32 35 0.0 0.0 0.0 0.0 1.0 0.0 0.0 0.6996501749125437
48 32 36 0.0 0.0 0.0 0.0 3.0 0.0 0.0 0.6989515726410384
48 32 37 0.0 0.0 9.0 0.0 313.0 5.0 0.0 0.6042296072507551
48 32 38 0.0 0.0 8.0 0.0 140.0 2.0 0.0 0.6523765144454798
48 32 39 0.0 0.0 1.0 0.0 97.0 0.0 1.0 0.6673021925643469
48 32 40 0.0 0.0 1.0 0.0 19.0 1.0 0.0 0.6934125804853887
48 32 41 0.0 0.0 3.0 0.0 22.0 0.0 0.0 0.6913580246913579
48 32 43 0.0 0.0 2.0 0.0 19.0 2.0 0.0 0.6934125804853887
48 33 35 0.0 0.0 0.0 0.0 10.0 0.0 0.0 0.6965174129353233
48 33 36 0.0 0.0 0.0 0.0 13.0 0.0 0.0 0.695479384003974
48 33 37 0.0 0.0 3.0 0.0 88.0 0.0 0.0 0.669536107125777
48 33 38 0.0 0.0 0.0 0.0 98.0 1.0 0.0 0.6676204101096804
48 33 39 0.0 0.0 31.0 0.0 784.0 9.0 4.0 0.49893086243763357
48 33 40 0.0 0.0 92.0 0.0 1991.0 11.0 20.0 0.3435582822085889
48 33 41 0.0 0.0 1.0 0.0 77.0 1.0 0.0 0.6743737957610789
48 33 42 0.0 0.0 1.0 0.0 82.0 1.0 0.0 0.6724303554274734
48 33 43 0.0 0.0 0.0 0.0 16.0 0.0 0.0 0.6944444444444444
48 33 44 0.0 0.0 0.0 0.0 4.0 0.0 0.0 0.6986027944111775
48 34 34 0.0 0.0 0.0 0.0 1.0 0.0 0.0 0.6996501749125437
48 34 35 0.0 0.0 1.0 0.0 21.0 1.0 0.0 0.6927263730826323
48 34 36 0.0 0.0 0.0 0.0 51.0 0.0 1.0 0.68259385665529
48 34 37 0.0 0.0 20.0 0.0 593.0 8.0 1.0 0.5374280230326295
48 34 38 0.0 0.0 105.0 0.0 2060.0 14.0 19.0 0.33726812816188867
48 34 39 0.0 0.0 445.0 0.0 8501.0 25.0 1239.0 0.12812299807815503
48 34 40 0.0 0.0 107.0 0.0 2518.0 17.0 43.0 0.30381944444444436
48 34 41 0.0 0.0 106.0 0.0 2762.0 13.0 51.0 0.288421920065925
48 34 42 0.0 0.0 293.0 0.0 6308.0 14.0 518.0 0.16296123850541264
48 34 43 0.0 0.0 123.0 0.0 2867.0 22.0 42.0 0.28180354267310787
48 34 44 0.0 0.0 3.0 0.0 111.0 0.0 0.0 0.662251655629139
48 34 45 0.0 0.0 0.0 0.0 1.0 0.0 0.0 0.6996501749125437
48 34 46 0.0 0.0 2.0 0.0 23.0 1.0 0.0 0.6916996047430829
48 35 33 0.0 0.0 31.0 0.0 558.0 8.0 1.0 0.5424254165052305
48 35 34 0.0 0.0 0.0 0.0 12.0 0.0 0.0 0.6958250497017892
48 35 35 0.0 0.0 30.0 0.0 721.0 7.0 2.0 0.510204081632653
48 35 36 0.0 0.0 386.0 0.0 7360.0 36.0 680.0 0.14404774153719518
48 35 37 0.0 0.0 229.0 0.0 5279.0 23.0 327.0 0.1869907840256444
48 35 38 0.0 0.0 321.0 0.0 6943.0 27.0 644.0 0.15151515151515146
48 35 39 0.0 0.0 166.0 0.0 4197.0 14.0 147.0 0.22040302267002518
48 35 40 0.0 0.0 548.0 0.0 9970.0 32.0 2165.0 0.11204481792717084
48 35 41 0.0 0.0 495.0 0.0 9484.0 26.0 1849.0 0.11700793982448807
48 35 42 0.0 0.0 355.0 0.0 7237.0 16.0 747.0 0.14601585314977053
48 35 43 0.0 0.0 206.0 0.0 5030.0 17.0 284.0 0.19393267765618505
48 35 44 0.0 0.0 42.0 0.0 1174.0 5.0 7.0 0.4360012457178449
48 35 45 0.0 0.0 153.0 0.0 3484.0 12.0 106.0 0.2488446498400284
48 35 46 0.0 0.0 1.0 0.0 5.0 0.0 0.0 0.6979062811565303
48 36 32 0.0 0.0 0.0 0.0 4.0 0.0 0.0 0.6986027944111775
48 36 33 0.0 0.0 0.0 0.0 9.0 0.0 0.0 0.6968641114982577
48 36 34 0.0 0.0 0.0 0.0 30.0 1.0 0.0 0.690335305719921
48 36 35 0.0 0.0 12.0 0.0 216.0 2.0 0.0 0.6289308176100628
48 36 36 0.0 0.0 20.0 0.0 611.0 4.0 2.0 0.5331302361005331
48 36 37 0.0 0.0 74.0 0.0 1759.0 8.0 20.0 0.3660130718954248
48 36 38 0.0 0.0 356.0 0.0 7621.0 24.0 907.0 0.14056224899598393
48 36 39 0.0 0.0 936.0 0.0 12742.0 32.0 9957.0 0.08932559178204555
48 36 40 0.0 0.0 737.0 0.0 12123.0 24.0 4660.0 0.09424436216762032
48 36 41 0.0 0.0 397.0 0.0 8330.0 23.0 1285.0 0.13073116070594826
48 36 42 0.0 0.0 599.0 0.0 10864.0 25.0 3739.0 0.10409695888170123
48 36 43 0.0 0.0 280.0 0.0 5854.0 21.0 408.0 0.17252002464571778
48 36 44 0.0 0.0 141.0 0.0 3426.0 19.0 91.0 0.2522977112993332
48 36 45 0.0 0.0 15.0 0.0 449.0 4.0 0.0 0.5691056910569106
48 36 46 0.0 0.0 1.0 0.0 14.0 1.0 0.0 0.6951340615690167
48 36 47 0.0 0.0 0.0 0.0 12.0 1.0 0.0 0.6961710591745399
48 37 32 0.0 0.0 0.0 0.0 4.0 0.0 0.0 0.6986027944111775
48 37 33 0.0 0.0 2.0 0.0 28.0 0.0 0.0 0.689655172413793
48 37 34 0.0 0.0 0.0 0.0 43.0 0.0 0.0 0.6852667645619186
48 37 35 0.0 0.0 9.0 0.0 344.0 1.0 2.0 0.5954912803062525
48 37 36 0.0 0.0 233.0 0.0 5295.0 19.0 333.0 0.18644293514449323
48 37 37 0.0 0.0 218.0 0.0 4745.0 21.0 242.0 0.20161290322580644
48 37 38 0.0 0.0 668.0 0.0 11312.0 23.0 3575.0 0.10020757282943238
48 37 39 0.0 0.0 372.0 0.0 7992.0 18.0 1058.0 0.13525263259588444
48 37 40 0.0 0.0 868.0 0.0 12655.0 29.0 7156.0 0.09024107257960551
48 37 41 0.0 0.0 653.0 0.0 11139.0 28.0 3562.0 0.10158177332752864
48 37 42 0.0 0.0 548.0 0.0 10406.0 23.0 2609.0 0.10814986481266897
48 37 43 0.0 0.0 228.0 0.0 5936.0 20.0 459.0 0.17184239597397813
48 37 44 0.0 0.0 218.0 0.0 5259.0 18.0 286.0 0.18764240718402359
48 37 45 0.0 0.0 40.0 0.0 939.0 10.0 4.0 0.4716981132075471
48 37 46 0.0 0.0 205.0 0.0 4497.0 19.0 196.0 0.20942408376963345
48 37 47 0.0 0.0 3.0 0.0 26.0 1.0 0.0 0.690335305719921
48 38 32 0.0 0.0 0.0 0.0 1.0 0.0 0.0 0.6996501749125437
48 38 33 0.0 0.0 0.0 0.0 12.0 0.0 0.0 0.6958250497017892
48 38 34 0.0 0.0 2.0 0.0 183.0 3.0 0.0 0.6416131989000916
48 38 35 0.0 0.0 228.0 0.0 5076.0 19.0 276.0 0.19212295869356383
48 38 36 0.0 0.0 110.0 0.0 2690.0 18.0 46.0 0.2928257686676427
48 38 37 0.0 0.0 445.0 0.0 9503.0 22.0 2237.0 0.11728239926279634
48 38 38 0.0 0.0 371.0 0.0 8000.0 20.0 1069.0 0.1351481803262863
48 38 39 0.0 0.0 553.0 0.0 10566.0 19.0 3106.0 0.10678056593699946
48 38 40 0.0 0.0 469.0 0.0 9037.0 31.0 1602.0 0.12198309662803866
48 38 41 0.0 0.0 894.0 0.0 12859.0 29.0 7637.0 0.08892276422764227
48 38 42 0.0 0.0 470.0 0.0 9228.0 24.0 1832.0 0.1199040767386091
48 38 43 0.0 0.0 849.0 0.0 12346.0 28.0 6981.0 0.09220839096357768
48 38 44 0.0 0.0 485.0 0.0 9479.0 14.0 2109.0 0.11707643418631877
48 38 45 0.0 0.0 320.0 0.0 6741.0 17.0 609.0 0.15466195315952275
48 38 46 0.0 0.0 126.0 0.0 2925.0 16.0 51.0 0.2779432201707365
48 38 47 0.0 0.0 7.0 0.0 164.0 2.0 0.0 0.6454587367450437
48 38 48 0.0 0.0 0.0 0.0 1.0 0.0 0.0 0.6996501749125437
48 39 32 0.0 0.0 0.0 0.0 6.0 0.0 0.0 0.6979062811565303
48 39 33 0.0 0.0 5.0 0.0 293.0 2.0 1.0 0.6097560975609755
48 39 34 0.0 0.0 15.0 0.0 411.0 5.0 0.0 0.5782734407269723
48 39 35 0.0 0.0 153.0 0.0 3718.0 18.0 107.0 0.23907103825136608
48 39 36 0.0 0.0 241.0 0.0 5454.0 23.0 332.0 0.18236290217532888
48 39 37 0.0 0.0 339.0 0.0 7247.0 20.0 759.0 0.14632107023411367
48 39 38 0.0 0.0 568.0 0.0 9921.0 27.0 2261.0 0.11224244367834521
48 39 39 0.0 0.0 644.0 0.0 11209.0 21.0 3599.0 0.10114145354717524
48 39 40 0.0 0.0 563.0 0.0 10671.0 23.0 3197.0 0.10584410675134194
48 39 41 0.0 0.0 556.0 0.0 10668.0 21.0 3080.0 0.1059642749016046
48 39 42 0.0 0.0 574.0 0.0 10309.0 23.0 2650.0 0.10878010878010877
48 39 43 0.0 0.0 412.0 0.0 8306.0 18.0 1106.0 0.13079222720478323
48 39 44 0.0 0.0 838.0 0.0 12328.0 28.0 7614.0 0.09233610341643582
48 39 45 0.0 0.0 143.0 0.0 3568.0 18.0 128.0 0.24591603723871416
48 39 46 0.0 0.0 54.0 0.0 1095.0 6.0 4.0 0.4455760661998726
48 39 47 0.0 0.0 3.0 0.0 48.0 0.0 0.0 0.68259385665529
48 39 48 0.0 0.0 0.0 0.0 2.0 0.0 0.0 0.6993006993006992
48 40 32 0.0 0.0 0.0 0.0 10.0 0.0 0.0 0.6965174129353233
48 40 33 0.0 0.0 0.0 0.0 57.0 0.0 0.0 0.6809338521400777
48 40 34 0.0 0.0 188.0 0.0 3518.0 18.0 85.0 0.2460456942003515
48 40 35 0.0 0.0 318.0 0.0 6672.0 29.0 585.0 0.15616285554935858
48 40 36 0.0 0.0 270.0 0.0 5820.0 17.0 366.0 0.17343904856293355
48 40 37 0.0 0.0 395.0 0.0 7809.0 24.0 927.0 0.1374840420308357
48 40 38 0.0 0.0 332.0 0.0 7171.0 15.0 696.0 0.14747708838091222
48 40 39 0.0 0.0 727.0 0.0 11814.0 39.0 5227.0 0.09641209283107223
48 40 40 0.0 0.0 422.0 0.0 8559.0 22.0 1431.0 0.12766733540032826
48 40 41 0.0 0.0 491.0 0.0 10147.0 15.0 2443.0 0.110706942906848
48 40 42 0.0 0.0 468.0 0.0 9409.0 32.0 1824.0 0.11808367071524965
48 40 43 0.0 0.0 323.0 0.0 7347.0 21.0 797.0 0.1449725587656622
48 40 44 0.0 0.0 151.0 0.0 3788.0 18.0 125.0 0.23644654619152164
48 40 45 0.0 0.0 519.0 0.0 9929.0 21.0 2638.0 0.1126035550550953
48 40 46 0.0 0.0 20.0 0.0 479.0 5.0 0.0 0.5613472333600641
48 40 47 0.0 0.0 25.0 0.0 559.0 9.0 1.0 0.5436893203883495
48 40 48 0.0 0.0 0.0 0.0 10.0 0.0 0.0 0.6965174129353233
48 41 32 0.0 0.0 1.0 0.0 17.0 0.0 0.0 0.6937561942517343
48 41 33 0.0 0.0 4.0 0.0 154.0 2.0 0.0 0.6496519721577725
48 41 34 0.0 0.0 38.0 0.0 1352.0 11.0 9.0 0.4142011834319526
48 41 35 0.0 0.0 89.0 0.0 2750.0 11.0 71.0 0.28991509629322837
48 41 36 0.0 0.0 492.0 0.0 8929.0 27.0 1492.0 0.12279624594333828
48 41 37 0.0 0.0 338.0 0.0 7598.0 24.0 956.0 0.14114326040931544
48 41 38 0.0 0.0 556.0 0.0 10543.0 26.0 2938.0 0.1069600427840171
48 41 39 0.0 0.0 427.0 0.0 9044.0 19.0 1643.0 0.12212142358688065
48 41 40 0.0 0.0 532.0 0.0 10108.0 15.0 2288.0 0.1108208659859099
48 41 41 0.0 0.0 408.0 0.0 8883.0 17.0 1604.0 0.12410247318500131
48 41 42 0.0 0.0 311.0 0.0 6356.0 24.0 496.0 0.16196205460434981
48 41 43 0.0 0.0 185.0 0.0 4353.0 18.0 167.0 0.21459227467811154
48 41 44 0.0 0.0 53.0 0.0 1241.0 12.0 8.0 0.42656916514320525
48 41 45 0.0 0.0 20.0 0.0 656.0 4.0 3.0 0.5241482590789965
48 41 46 0.0 0.0 39.0 0.0 892.0 11.0 4.0 0.4794520547945204
48 41 47 0.0 0.0 4.0 0.0 86.0 1.0 0.0 0.6701771182383915
48 41 48 0.0 0.0 0.0 0.0 12.0 0.0 0.0 0.6958250497017892
48 42 33 0.0 0.0 0.0 0.0 12.0 0.0 0.0 0.6958250497017892
48 42 34 0.0 0.0 0.0 0.0 33.0 0.0 0.0 0.6886374815543531
48 42 35 0.0 0.0 62.0 0.0 1778.0 13.0 16.0 0.3658217925267833
48 42 36 0.0 0.0 363.0 0.0 7478.0 27.0 829.0 0.1426242868785656
48 42 37 0.0 0.0 220.0 0.0 5331.0 21.0 291.0 0.185799601857996
48 42 38 0.0 0.0 499.0 0.0 9520.0 24.0 1826.0 0.11664722546242293
48 42 39 0.0 0.0 475.0 0.0 9553.0 31.0 2121.0 0.11662779073642118
48 42 40 0.0 0.0 595.0 0.0 10361.0 30.0 2440.0 0.10815822002472186
48 42 41 0.0 0.0 328.0 0.0 7395.0 14.0 871.0 0.1441218859378217
48 42 42 0.0 0.0 59.0 0.0 1776.0 7.0 19.0 0.36572622779519326
48 42 43 0.0 0.0 188.0 0.0 4235.0 19.0 148.0 0.2186133666458463
48 42 44 0.0 0.0 9.0 0.0 240.0 3.0 0.0 0.6236080178173719
48 42 45 0.0 0.0 2.0 0.0 97.0 0.0 0.0 0.6669842782277274
48 42 46 0.0 0.0 2.0 0.0 31.0 1.0 0.0 0.6889763779527558
48 42 47 0.0 0.0 0.0 0.0 39.0 0.0 0.0 0.6866110838646394
48 42 48 0.0 0.0 2.0 0.0 7.0 1.0 0.0 0.697211155378486
48 43 34 0.0 0.0 0.0 0.0 19.0 0.0 0.0 0.6934125804853887
48 43 35 0.0 0.0 58.0 0.0 1393.0 11.0 11.0 0.40697674418604646
48 43 36 0.0 0.0 230.0 0.0 4889.0 17.0 236.0 0.1970443349753694
48 43 37 0.0 0.0 418.0 0.0 8194.0 28.0 1027.0 0.13222516055912353
48 43 38 0.0 0.0 530.0 0.0 10263.0 25.0 2657.0 0.10957188698442512
48 43 39 0.0 0.0 723.0 0.0 11931.0 28.0 4402.0 0.09557618787547786
48 43 40 0.0 0.0 395.0 0.0 8313.0 18.0 1262.0 0.13089005235602091
48 43 41 0.0 0.0 518.0 0.0 9975.0 28.0 2603.0 0.11226944667201282
48 43 42 0.0 0.0 101.0 0.0 2401.0 19.0 29.0 0.31249999999999994
48 43 43 0.0 0.0 32.0 0.0 920.0 7.0 2.0 0.4752206381534283
48 43 44 0.0 0.0 3.0 0.0 112.0 2.0 0.0 0.6625650733554187
48 43 45 0.0 0.0 0.0 0.0 21.0 0.0 0.0 0.6927263730826323
48 43 46 0.0 0.0 0.0 0.0 21.0 0.0 0.0 0.6927263730826323
48 43 47 0.0 0.0 0.0 0.0 9.0 0.0 0.0 0.6968641114982577
48 43 48 0.0 0.0 0.0 0.0 3.0 0.0 0.0 0.6989515726410384
48 44 34 0.0 0.0 0.0 0.0 6.0 0.0 0.0 0.6979062811565303
48 44 35 0.0 0.0 49.0 0.0 1198.0 13.0 12.0 0.43303433343643666
48 44 36 0.0 0.0 357.0 0.0 8238.0 23.0 1217.0 0.132212673529134
48 44 37 0.0 0.0 180.0 0.0 4483.0 11.0 178.0 0.2103049421661409
48 44 38 0.0 0.0 473.0 0.0 9297.0 22.0 1773.0 0.11905774300535757
48 44 39 0.0 0.0 465.0 0.0 9043.0 24.0 1498.0 0.1218450826805918
48 44 40 0.0 0.0 291.0 0.0 6148.0 17.0 459.0 0.1661129568106312
48 44 41 0.0 0.0 103.0 0.0 3248.0 14.0 99.0 0.2623196552370245
48 44 42 0.0 0.0 70.0 0.0 1855.0 6.0 26.0 0.35723398826231173
48 44 43 0.0 0.0 44.0 0.0 1056.0 8.0 4.0 0.45292785506308625
48 44 44 0.0 0.0 2.0 0.0 83.0 0.0 0.0 0.6714628297362109
48 44 45 0.0 0.0 0.0 0.0 18.0 0.0 0.0 0.6937561942517343
48 44 46 0.0 0.0 2.0 0.0 12.0 1.0 0.0 0.695479384003974
48 44 47 0.0 0.0 0.0 0.0 3.0 0.0 0.0 0.6989515726410384
48 45 34 0.0 0.0 0.0 0.0 2.0 0.0 0.0 0.6993006993006992
48 45 35 0.0 0.0 19.0 0.0 378.0 7.0 0.0 0.5857740585774057
48 45 36 0.0 0.0 59.0 0.0 2024.0 12.0 27.0 0.3438958486858265
48 45 37 0.0 0.0 563.0 0.0 10075.0 28.0 2276.0 0.11092623405435384
48 45 38 0.0 0.0 68.0 0.0 2632.0 11.0 68.0 0.29850746268656714
48 45 39 0.0 0.0 337.0 0.0 6901.0 21.0 619.0 0.15176151761517612
48 45 40 0.0 0.0 168.0 0.0 4248.0 14.0 209.0 0.21854511395566653
48 45 41 0.0 0.0 68.0 0.0 1746.0 15.0 13.0 0.3687121411640768
48 45 42 0.0 0.0 29.0 0.0 778.0 5.0 3.0 0.4996431120628122
48 45 43 0.0 0.0 0.0 0.0 33.0 0.0 0.0 0.6886374815543531
48 45 44 0.0 0.0 1.0 0.0 5.0 0.0 0.0 0.6979062811565303
48 45 45 0.0 0.0 33.0 0.0 815.0 4.0 6.0 0.4922644163150492
48 46 35 0.0 0.0 9.0 0.0 258.0 4.0 0.0 0.618647812638091
48 46 36 0.0 0.0 7.0 0.0 256.0 2.0 0.0 0.6191950464396283
48 46 37 0.0 0.0 68.0 0.0 1718.0 11.0 17.0 0.3708609271523178
48 46 38 0.0 0.0 182.0 0.0 4543.0 17.0 205.0 0.2086438152011922
48 46 39 0.0 0.0 352.0 0.0 7792.0 21.0 1190.0 0.13821700069108497
48 46 40 0.0 0.0 149.0 0.0 3207.0 17.0 85.0 0.26217228464419473
48 46 41 0.0 0.0 8.0 0.0 148.0 0.0 0.0 0.6493506493506492
48 46 42 0.0 0.0 7.0 0.0 139.0 4.0 0.0 0.65359477124183
48 46 43 0.0 0.0 0.0 0.0 3.0 0.0 0.0 0.6989515726410384
48 47 36 0.0 0.0 0.0 0.0 5.0 0.0 0.0 0.6982543640897755
48 47 37 0.0 0.0 68.0 0.0 1538.0 11.0 7.0 0.38942976356050063
48 47 38 0.0 0.0 4.0 0.0 215.0 1.0 0.0 0.6314839873703202
48 47 39 0.0 0.0 100.0 0.0 2403.0 15.0 33.0 0.3119429590017825
48 47 40 0.0 0.0 118.0 0.0 2790.0 12.0 55.0 0.2860061287027579
48 47 41 0.0 0.0 111.0 0.0 2487.0 12.0 43.0 0.3052103771528232
48 47 42 0.0 0.0 0.0 0.0 5.0 0.0 0.0 0.6982543640897755
48 47 43 0.0 0.0 1.0 0.0 15.0 1.0 0.0 0.694789081885856
48 48 36 0.0 0.0 0.0 0.0 5.0 0.0 0.0 0.6982543640897755
48 48 37 0.0 0.0 0.0 0.0 1.0 0.0 0.0 0.6996501749125437
48 48 38 0.0 0.0 0.0 0.0 1.0 0.0 0.0 0.6996501749125437
48 48 39 0.0 0.0 0.0 0.0 9.0 0.0 0.0 0.6968641114982577
48 48 40 0.0 0.0 0.0 0.0 2.0 0.0 0.0 0.6993006993006992
48 48 41 0.0 0.0 2.0 0.0 32.0 2.0 0.0 0.6889763779527558
48 48 42 0.0 0.0 0.0 0.0 4.0 0.0 0.0 0.6986027944111775
49 32 40 0.0 0.0 3.0 0.0 56.0 2.0 0.0 0.6806028196402526
49 33 37 0.0 0.0 0.0 0.0 1.0 0.0 0.0 0.6996501749125437
49 33 38 0.0 0.0 10.0 0.0 535.0 3.0 5.0 0.5507474429583004
49 33 39 0.0 0.0 0.0 0.0 10.0 0.0 0.0 0.6965174129353233
49 33 40 0.0 0.0 0.0 0.0 15.0 0.0 0.0 0.694789081885856
49 33 41 0.0 0.0 0.0 0.0 11.0 0.0 0.0 0.6961710591745399
49 33 42 0.0 0.0 1.0 0.0 19.0 0.0 0.0 0.6930693069306929
49 33 43 0.0 0.0 0.0 0.0 6.0 0.0 0.0 0.6979062811565303
49 33 44 0.0 0.0 1.0 0.0 1.0 0.0 0.0 0.6993006993006992
49 34 34 0.0 0.0 0.0 0.0 1.0 0.0 0.0 0.6996501749125437
49 34 35 0.0 0.0 0.0 0.0 5.0 0.0 0.0 0.6982543640897755
49 34 36 0.0 0.0 6.0 0.0 146.0 1.0 0.0 0.6508600650860064
49 34 37 0.0 0.0 0.0 0.0 43.0 1.0 0.0 0.6856023506366307
49 34 38 0.0 0.0 2.0 0.0 68.0 2.0 0.0 0.6773101112723753
49 34 39 0.0 0.0 6.0 0.0 133.0 2.0 0.0 0.6551240056153486
49 34 40 0.0 0.0 4.0 0.0 138.0 1.0 0.0 0.6539000467071461
49 34 41 0.0 0.0 33.0 0.0 498.0 7.0 0.0 0.5548949663099484
49 34 42 0.0 0.0 17.0 0.0 464.0 3.0 0.0 0.5649717514124293
49 34 43 0.0 0.0 8.0 0.0 203.0 6.0 0.0 0.6349206349206349
49 34 44 0.0 0.0 0.0 0.0 9.0 0.0 0.0 0.6968641114982577
49 34 46 0.0 0.0 0.0 0.0 1.0 0.0 0.0 0.6996501749125437
49 35 35 0.0 0.0 0.0 0.0 9.0 0.0 0.0 0.6968641114982577
49 35 36 0.0 0.0 0.0 0.0 21.0 0.0 0.0 0.6930693069306929
49 35 37 0.0 0.0 2.0 0.0 79.0 0.0 0.0 0.6727534839019701
49 35 38 0.0 0.0 151.0 0.0 3546.0 13.0 112.0 0.2463487594580327
49 35 39 0.0 0.0 282.0 0.0 5853.0 17.0 401.0 0.17235011695186506
49 35 40 0.0 0.0 167.0 0.0 3685.0 17.0 100.0 0.2397260273972602
49 35 41 0.0 0.0 22.0 0.0 548.0 6.0 1.0 0.5462348809988293
49 35 42 0.0 0.0 18.0 0.0 408.0 3.0 1.0 0.5777961205117622
49 35 43 0.0 0.0 136.0 0.0 3136.0 16.0 66.0 0.26636225266362246
49 35 44 0.0 0.0 2.0 0.0 40.0 2.0 0.0 0.6862745098039215
49 35 45 0.0 0.0 1.0 0.0 22.0 0.0 0.0 0.6920415224913494
49 35 46 0.0 0.0 0.0 0.0 6.0 0.0 0.0 0.6979062811565303
49 36 35 0.0 0.0 12.0 0.0 376.0 3.0 1.0 0.5870020964360586
49 36 36 0.0 0.0 1.0 0.0 63.0 1.0 0.0 0.6786233640329616
49 36 37 0.0 0.0 1.0 0.0 85.0 0.0 0.0 0.6711409395973154
49 36 38 0.0 0.0 14.0 0.0 493.0 1.0 1.0 0.5591054313099041
49 36 39 0.0 0.0 267.0 0.0 5601.0 15.0 345.0 0.17813971243160703
49 36 40 0.0 0.0 167.0 0.0 3955.0 14.0 136.0 0.22913256955810146
49 36 41 0.0 0.0 184.0 0.0 4261.0 16.0 147.0 0.21772939346811818
49 36 42 0.0 0.0 46.0 0.0 1537.0 5.0 14.0 0.3912800447177193
49 36 43 0.0 0.0 84.0 0.0 1668.0 15.0 13.0 0.3745318352059924
49 36 44 0.0 0.0 18.0 0.0 364.0 2.0 0.0 0.588235294117647
49 36 45 0.0 0.0 0.0 0.0 20.0 0.0 0.0 0.6930693069306929
49 36 46 0.0 0.0 0.0 0.0 7.0 0.0 0.0 0.6975585450921773
49 36 47 0.0 0.0 0.0 0.0 14.0 0.0 0.0 0.6951340615690167
49 37 34 0.0 0.0 0.0 0.0 2.0 0.0 0.0 0.6993006993006992
49 37 35 0.0 0.0 0.0 0.0 18.0 0.0 0.0 0.6937561942517343
49 37 36 0.0 0.0 22.0 0.0 326.0 4.0 0.0 0.5972696245733787
49 37 37 0.0 0.0 32.0 0.0 936.0 6.0 3.0 0.47265361242403775
49 37 38 0.0 0.0 13.0 0.0 909.0 6.0 4.0 0.48010973936899853
49 37 39 0.0 0.0 314.0 0.0 6827.0 20.0 634.0 0.1534582922284336
49 37 40 0.0 0.0 529.0 0.0 9948.0 20.0 2271.0 0.11231448054552746
49 37 41 0.0 0.0 436.0 0.0 8068.0 21.0 926.0 0.13349861733574903
49 37 42 0.0 0.0 411.0 0.0 7908.0 26.0 867.0 0.13593552772113796
49 37 43 0.0 0.0 389.0 0.0 8375.0 22.0 1389.0 0.13028103480364786
49 37 44 0.0 0.0 77.0 0.0 1997.0 13.0 23.0 0.34474267421817284
49 37 45 0.0 0.0 80.0 0.0 1737.0 15.0 19.0 0.3680336487907465
49 37 46 0.0 0.0 9.0 0.0 252.0 4.0 1.0 0.620292423571112
49 37 47 0.0 0.0 0.0 0.0 3.0 0.0 0.0 0.6989515726410384
49 38 34 0.0 0.0 0.0 0.0 5.0 0.0 0.0 0.6982543640897755
49 38 35 0.0 0.0 0.0 0.0 25.0 0.0 0.0 0.6913580246913579
49 38 36 0.0 0.0 124.0 0.0 3010.0 11.0 59.0 0.27322404371584696
49 38 37 0.0 0.0 105.0 0.0 2469.0 15.0 23.0 0.3070848870366308
49 38 38 0.0 0.0 208.0 0.0 4463.0 24.0 165.0 0.2106213329321498
49 38 39 0.0 0.0 71.0 0.0 2357.0 11.0 45.0 0.31702898550724634
49 38 40 0.0 0.0 351.0 0.0 7425.0 16.0 805.0 0.1432664756446991
49 38 41 0.0 0.0 276.0 0.0 6098.0 18.0 450.0 0.16748414882162935
49 38 42 0.0 0.0 96.0 0.0 2267.0 11.0 46.0 0.3216911764705882
49 38 43 0.0 0.0 380.0 0.0 7286.0 26.0 716.0 0.1451679800912484
49 38 44 0.0 0.0 74.0 0.0 2013.0 8.0 29.0 0.3433055419323197
49 38 45 0.0 0.0 358.0 0.0 7797.0 18.0 1021.0 0.13802622498274672
49 38 46 0.0 0.0 19.0 0.0 318.0 10.0 0.0 0.6016330038676406
49 38 47 0.0 0.0 0.0 0.0 5.0 0.0 0.0 0.6982543640897755
49 39 33 0.0 0.0 0.0 0.0 3.0 0.0 0.0 0.6989515726410384
49 39 34 0.0 0.0 1.0 0.0 40.0 1.0 0.0 0.6862745098039215
49 39 35 0.0 0.0 1.0 0.0 42.0 1.0 0.0 0.6856023506366307
49 39 36 0.0 0.0 0.0 0.0 75.0 0.0 0.0 0.6746987951807227
49 39 37 0.0 0.0 133.0 0.0 3064.0 18.0 51.0 0.27037466203167243
49 39 38 0.0 0.0 13.0 0.0 492.0 5.0 0.0 0.5599999999999999
49 39 39 0.0 0.0 254.0 0.0 5872.0 17.0 419.0 0.1726051041795093
49 39 40 0.0 0.0 230.0 0.0 5023.0 19.0 231.0 0.1935305501797069
49 39 41 0.0 0.0 31.0 0.0 938.0 6.0 1.0 0.4724940938238271
49 39 42 0.0 0.0 203.0 0.0 4797.0 13.0 265.0 0.20025747389500784
49 39 43 0.0 0.0 502.0 0.0 9428.0 26.0 1971.0 0.11746937405604967
49 39 44 0.0 0.0 248.0 0.0 5252.0 22.0 301.0 0.1871657754010695
49 39 45 0.0 0.0 73.0 0.0 1455.0 17.0 12.0 0.39897406668566543
49 39 46 0.0 0.0 2.0 0.0 85.0 0.0 0.0 0.670819357930043
49 40 33 0.0 0.0 0.0 0.0 3.0 0.0 0.0 0.6989515726410384
49 40 34 0.0 0.0 0.0 0.0 26.0 0.0 0.0 0.6910167818361302
49 40 35 0.0 0.0 30.0 0.0 583.0 6.0 0.0 0.5370157268891445
49 40 36 0.0 0.0 19.0 0.0 374.0 6.0 0.0 0.5865102639296187
49 40 37 0.0 0.0 66.0 0.0 1741.0 18.0 20.0 0.36949063077329103
49 40 38 0.0 0.0 45.0 0.0 1098.0 9.0 10.0 0.44671346522016586
49 40 39 0.0 0.0 87.0 0.0 2062.0 12.0 29.0 0.3384912959381044
49 40 40 0.0 0.0 115.0 0.0 3274.0 14.0 87.0 0.2604651162790697
49 40 41 0.0 0.0 104.0 0.0 2988.0 16.0 68.0 0.2758077226162332
49 40 42 0.0 0.0 14.0 0.0 694.0 4.0 1.0 0.5181347150259067
49 40 43 0.0 0.0 461.0 0.0 8747.0 19.0 1453.0 0.12495537308104246
49 40 44 0.0 0.0 10.0 0.0 648.0 6.0 4.0 0.5279034690799397
49 40 45 0.0 0.0 6.0 0.0 276.0 1.0 0.0 0.6137658921525645
49 40 46 0.0 0.0 0.0 0.0 21.0 0.0 0.0 0.6930693069306929
49 40 47 0.0 0.0 0.0 0.0 2.0 0.0 0.0 0.6993006993006992
49 41 33 0.0 0.0 0.0 0.0 4.0 0.0 0.0 0.6986027944111775
49 41 34 0.0 0.0 0.0 0.0 6.0 0.0 0.0 0.6979062811565303
49 41 35 0.0 0.0 2.0 0.0 60.0 1.0 0.0 0.6792819019893255
49 41 36 0.0 0.0 46.0 0.0 1136.0 12.0 6.0 0.4416403785488959
49 41 37 0.0 0.0 3.0 0.0 266.0 1.0 0.0 0.6175562417291574
49 41 38 0.0 0.0 46.0 0.0 1265.0 7.0 10.0 0.42372881355932196
49 41 39 0.0 0.0 70.0 0.0 1743.0 12.0 20.0 0.3683241252302025
49 41 40 0.0 0.0 46.0 0.0 1122.0 8.0 4.0 0.4430379746835443
49 41 41 0.0 0.0 19.0 0.0 726.0 7.0 5.0 0.5113221329437544
49 41 42 0.0 0.0 3.0 0.0 255.0 1.0 0.0 0.620292423571112
49 41 43 0.0 0.0 91.0 0.0 1728.0 15.0 23.0 0.3681304233499868
49 41 44 0.0 0.0 1.0 0.0 102.0 3.0 0.0 0.6666666666666665
49 41 45 0.0 0.0 0.0 0.0 40.0 2.0 0.0 0.6869479882237487
49 41 46 0.0 0.0 41.0 0.0 853.0 10.0 1.0 0.48543689320388345
49 42 34 0.0 0.0 0.0 0.0 3.0 0.0 0.0 0.6989515726410384
49 42 35 0.0 0.0 4.0 0.0 88.0 1.0 1.0 0.669536107125777
49 42 36 0.0 0.0 1.0 0.0 91.0 1.0 0.0 0.669536107125777
49 42 37 0.0 0.0 56.0 0.0 1575.0 11.0 14.0 0.38695411829740184
49 42 38 0.0 0.0 11.0 0.0 434.0 6.0 0.0 0.5740057400574005
49 42 39 0.0 0.0 133.0 0.0 3410.0 12.0 96.0 0.2531187850298318
49 42 40 0.0 0.0 35.0 0.0 1033.0 15.0 5.0 0.45871559633027514
49 42 41 0.0 0.0 63.0 0.0 1398.0 8.0 11.0 0.40544454097885885
49 42 42 0.0 0.0 8.0 0.0 272.0 4.0 2.0 0.6151142355008786
49 42 43 0.0 0.0 10.0 0.0 339.0 6.0 0.0 0.5975245411865129
49 42 44 0.0 0.0 0.0 0.0 6.0 0.0 0.0 0.6979062811565303
49 42 45 0.0 0.0 0.0 0.0 1.0 0.0 0.0 0.0
49 43 34 0.0 0.0 0.0 0.0 3.0 0.0 0.0 0.6989515726410384
49 43 35 0.0 0.0 88.0 0.0 2046.0 14.0 16.0 0.3398058252427184
49 43 36 0.0 0.0 1.0 0.0 52.0 0.0 0.0 0.6819288845591815
49 43 37 0.0 0.0 0.0 0.0 121.0 1.0 1.0 0.6603773584905659
49 43 38 0.0 0.0 190.0 0.0 4472.0 18.0 195.0 0.21058965102286398
49 43 39 0.0 0.0 55.0 0.0 1268.0 16.0 11.0 0.42360060514372155
49 43 40 0.0 0.0 254.0 0.0 4743.0 23.0 175.0 0.20074562661313447
49 43 41 0.0 0.0 152.0 0.0 3439.0 16.0 88.0 0.2511210762331838
49 43 42 0.0 0.0 6.0 0.0 116.0 2.0 0.0 0.6603773584905659
49 43 43 0.0 0.0 0.0 0.0 3.0 0.0 0.0 0.6989515726410384
49 44 34 0.0 0.0 0.0 0.0 2.0 0.0 0.0 0.6993006993006992
49 44 35 0.0 0.0 0.0 0.0 22.0 0.0 0.0 0.6923837784371908
49 44 36 0.0 0.0 8.0 0.0 198.0 3.0 0.0 0.6354970494779845
49 44 37 0.0 0.0 79.0 0.0 2004.0 14.0 16.0 0.3440648808060948
49 44 38 0.0 0.0 22.0 0.0 735.0 9.0 3.0 0.5096468875136512
49 44 39 0.0 0.0 52.0 0.0 1324.0 9.0 10.0 0.41580041580041577
49 44 40 0.0 0.0 155.0 0.0 3924.0 21.0 139.0 0.23102310231023096
49 44 41 0.0 0.0 16.0 0.0 250.0 4.0 0.0 0.6189213085764809
49 44 42 0.0 0.0 3.0 0.0 73.0 2.0 0.0 0.6750241080038573
49 44 43 0.0 0.0 1.0 0.0 34.0 0.0 0.0 0.6879606879606879
49 45 34 0.0 0.0 0.0 0.0 1.0 0.0 0.0 0.6996501749125437
49 45 35 0.0 0.0 1.0 0.0 18.0 0.0 0.0 0.6934125804853887
49 45 36 0.0 0.0 0.0 0.0 49.0 0.0 0.0 0.6832601268911663
49 45 37 0.0 0.0 13.0 0.0 537.0 3.0 3.0 0.5498821681068342
49 45 38 0.0 0.0 120.0 0.0 2398.0 16.0 41.0 0.31083481349911185
49 45 39 0.0 0.0 9.0 0.0 502.0 4.0 1.0 0.5584363781412045
49 45 40 0.0 0.0 31.0 0.0 651.0 8.0 1.0 0.5235602094240837
49 45 41 0.0 0.0 0.0 0.0 12.0 0.0 0.0 0.6958250497017892
49 45 42 0.0 0.0 0.0 0.0 9.0 0.0 0.0 0.6968641114982577
49 45 43 0.0 0.0 0.0 0.0 1.0 0.0 0.0 0.6996501749125437
49 46 35 0.0 0.0 0.0 0.0 4.0 0.0 0.0 0.6986027944111775
49 46 36 0.0 0.0 0.0 0.0 30.0 0.0 0.0 0.689655172413793
49 46 37 0.0 0.0 2.0 0.0 44.0 1.0 0.0 0.684931506849315
49 46 38 0.0 0.0 10.0 0.0 213.0 2.0 0.0 0.6303466906798738
49 46 39 0.0 0.0 4.0 0.0 96.0 3.0 0.0 0.6676204101096804
49 46 40 0.0 0.0 0.0 0.0 35.0 0.0 0.0 0.6882989183874139
49 46 41 0.0 0.0 0.0 0.0 9.0 0.0 0.0 0.6968641114982577
49 46 42 0.0 0.0 0.0 0.0 3.0 0.0 0.0 0.6989515726410384
49 47 36 0.0 0.0 0.0 0.0 1.0 0.0 0.0 0.6996501749125437
49 47 37 0.0 0.0 1.0 0.0 4.0 0.0 0.0 0.6982543640897755
49 47 38 0.0 0.0 0.0 0.0 18.0 0.0 0.0 0.6937561942517343
49 47 39 0.0 0.0 2.0 0.0 27.0 2.0 0.0 0.6906758756783422
49 47 40 0.0 0.0 0.0 0.0 30.0 0.0 0.0 0.689655172413793
49 47 41 0.0 0.0 0.0 0.0 2.0 0.0 0.0 0.6993006993006992
49 48 38 0.0 0.0 2.0 0.0 16.0 1.0 0.0 0.694100148735746
49 48 39 0.0 0.0 0.0 0.0 1.0 0.0 0.0 0.6996501749125437
49 48 40 0.0 0.0 0.0 0.0 2.0 0.0 0.0 0.6993006993006992
49 48 41 0.0 0.0 0.0 0.0 2.0 0.0 0.0 0.6993006993006992
49 48 42 0.0 0.0 0.0 0.0 1.0 0.0 0.0 0.6996501749125437
50 34 38 0.0 0.0 3.0 0.0 42.0 1.0 0.0 0.684931506849315
50 34 39 0.0 0.0 0.0 0.0 11.0 0.0 0.0 0.6961710591745399
50 34 40 0.0 0.0 7.0 0.0 90.0 1.0 0.0 0.6679389312977099
50 34 43 0.0 0.0 0.0 0.0 2.0 0.0 0.0 0.6993006993006992
50 34 44 0.0 0.0 0.0 0.0 2.0 0.0 0.0 0.6993006993006992
50 35 37 0.0 0.0 0.0 0.0 2.0 0.0 0.0 0.6993006993006992
50 35 38 0.0 0.0 0.0 0.0 12.0 0.0 0.0 0.6958250497017892
50 35 39 0.0 0.0 0.0 0.0 22.0 0.0 0.0 0.6923837784371908
50 35 40 0.0 0.0 0.0 0.0 19.0 0.0 0.0 0.6934125804853887
50 35 41 0.0 0.0 0.0 0.0 4.0 0.0 0.0 0.6986027944111775
50 35 42 0.0 0.0 0.0 0.0 3.0 0.0 0.0 0.6989515726410384
50 35 43 0.0 0.0 0.0 0.0 1.0 0.0 0.0 0.6996501749125437
50 35 44 0.0 0.0 0.0 0.0 1.0 0.0 0.0 0.6996501749125437
50 36 37 0.0 0.0 0.0 0.0 3.0 0.0 0.0 0.6989515726410384
50 36 38 0.0 0.0 0.0 0.0 16.0 0.0 0.0 0.6944444444444444
50 36 39 0.0 0.0 3.0 0.0 98.0 0.0 0.0 0.6663493574488338
50 36 40 0.0 0.0 19.0 0.0 386.0 5.0 0.0 0.5835764902042517
50 36 41 0.0 0.0 2.0 0.0 93.0 0.0 0.0 0.6685768863419292
50 36 42 0.0 0.0 2.0 0.0 58.0 0.0 0.0 0.6799417192812044
50 36 43 0.0 0.0 0.0 0.0 24.0 0.0 0.0 0.6916996047430829
50 36 44 0.0 0.0 12.0 0.0 291.0 2.0 0.0 0.6084311169056931
50 36 45 0.0 0.0 0.0 0.0 4.0 0.0 0.0 0.6986027944111775
50 37 35 0.0 0.0 0.0 0.0 2.0 0.0 0.0 0.6993006993006992
50 37 36 0.0 0.0 0.0 0.0 2.0 0.0 0.0 0.6993006993006992
50 37 37 0.0 0.0 0.0 0.0 14.0 0.0 0.0 0.6951340615690167
50 37 38 0.0 0.0 0.0 0.0 28.0 0.0 0.0 0.690335305719921
50 37 39 0.0 0.0 16.0 0.0 388.0 3.0 1.0 0.5830903790087463
50 37 40 0.0 0.0 65.0 0.0 1665.0 8.0 14.0 0.37604082728981997
50 37 41 0.0 0.0 57.0 0.0 1377.0 16.0 9.0 0.40971612525607254
50 37 42 0.0 0.0 1.0 0.0 71.0 1.0 0.0 0.6760019314340897
50 37 43 0.0 0.0 26.0 0.0 556.0 6.0 0.0 0.5434782608695652
50 37 44 0.0 0.0 56.0 0.0 1484.0 8.0 12.0 0.3963759909399773
50 37 45 0.0 0.0 0.0 0.0 31.0 0.0 0.0 0.6893156080748399
50 37 46 0.0 0.0 0.0 0.0 28.0 0.0 0.0 0.690335305719921
50 38 35 0.0 0.0 0.0 0.0 3.0 0.0 0.0 0.6989515726410384
50 38 36 0.0 0.0 0.0 0.0 4.0 0.0 0.0 0.6986027944111775
50 38 37 0.0 0.0 0.0 0.0 5.0 0.0 0.0 0.6986027944111775
50 38 38 0.0 0.0 2.0 0.0 44.0 1.0 0.0 0.6845965770171147
50 38 39 0.0 0.0 79.0 0.0 1740.0 16.0 13.0 0.3681304233499868
50 38 40 0.0 0.0 297.0 0.0 5843.0 27.0 391.0 0.1724775163237649
50 38 41 0.0 0.0 11.0 0.0 258.0 5.0 0.0 0.618647812638091
50 38 42 0.0 0.0 6.0 0.0 229.0 4.0 1.0 0.6275212909009411
50 38 43 0.0 0.0 6.0 0.0 284.0 1.0 0.0 0.6116207951070335
50 38 44 0.0 0.0 30.0 0.0 893.0 7.0 3.0 0.48010973936899853
50 38 45 0.0 0.0 1.0 0.0 58.0 1.0 0.0 0.6802721088435373
50 38 46 0.0 0.0 0.0 0.0 16.0 0.0 0.0 0.694789081885856
50 39 37 0.0 0.0 0.0 0.0 4.0 0.0 0.0 0.6986027944111775
50 39 38 0.0 0.0 3.0 0.0 50.0 0.0 0.0 0.6819288845591815
50 39 39 0.0 0.0 16.0 0.0 316.0 4.0 0.0 0.6016330038676406
50 39 40 0.0 0.0 2.0 0.0 55.0 1.0 0.0 0.6809338521400777
50 39 41 0.0 0.0 6.0 0.0 84.0 1.0 0.0 0.6701771182383915
50 39 42 0.0 0.0 0.0 0.0 69.0 0.0 0.0 0.6766553890768486
50 39 43 0.0 0.0 57.0 0.0 995.0 11.0 0.0 0.4603748766853008
50 39 44 0.0 0.0 194.0 0.0 4683.0 20.0 213.0 0.20405188747995914
50 39 45 0.0 0.0 0.0 0.0 25.0 0.0 0.0 0.6913580246913579
50 39 46 0.0 0.0 0.0 0.0 23.0 0.0 0.0 0.6920415224913494
50 40 36 0.0 0.0 0.0 0.0 2.0 0.0 0.0 0.6993006993006992
50 40 37 0.0 0.0 0.0 0.0 6.0 0.0 0.0 0.6979062811565303
50 40 38 0.0 0.0 1.0 0.0 13.0 0.0 0.0 0.6951340615690167
50 40 39 0.0 0.0 2.0 0.0 39.0 0.0 0.0 0.6859382655560998
50 40 40 0.0 0.0 6.0 0.0 87.0 1.0 0.0 0.6692160611854684
50 40 41 0.0 0.0 0.0 0.0 12.0 0.0 0.0 0.6958250497017892
50 40 42 0.0 0.0 16.0 0.0 505.0 3.0 0.0 0.5559968228752977
50 40 43 0.0 0.0 9.0 0.0 243.0 2.0 0.0 0.622498888394842
50 40 44 0.0 0.0 2.0 0.0 50.0 1.0 0.0 0.68259385665529
50 40 45 0.0 0.0 0.0 0.0 7.0 0.0 0.0 0.6979062811565303
50 41 35 0.0 0.0 0.0 0.0 2.0 0.0 0.0 0.6993006993006992
50 41 36 0.0 0.0 0.0 0.0 1.0 0.0 0.0 0.6996501749125437
50 41 37 0.0 0.0 0.0 0.0 1.0 0.0 0.0 0.6996501749125437
50 41 38 0.0 0.0 0.0 0.0 4.0 0.0 0.0 0.6986027944111775
50 41 39 0.0 0.0 0.0 0.0 5.0 0.0 0.0 0.6982543640897755
50 41 40 0.0 0.0 0.0 0.0 3.0 0.0 0.0 0.6989515726410384
50 41 41 0.0 0.0 2.0 0.0 58.0 0.0 0.0 0.6796116504854368
50 41 42 0.0 0.0 0.0 0.0 21.0 0.0 0.0 0.6927263730826323
50 41 43 0.0 0.0 6.0 0.0 92.0 3.0 0.0 0.6682577565632457
50 41 44 0.0 0.0 0.0 0.0 20.0 0.0 0.0 0.6930693069306929
50 41 45 0.0 0.0 0.0 0.0 1.0 0.0 0.0 0.6996501749125437
50 42 37 0.0 0.0 5.0 0.0 69.0 2.0 0.0 0.6756756756756755
50 42 38 0.0 0.0 0.0 0.0 16.0 0.0 0.0 0.6944444444444444
50 42 39 0.0 0.0 0.0 0.0 9.0 0.0 0.0 0.6968641114982577
50 42 40 0.0 0.0 0.0 0.0 8.0 0.0 0.0 0.697211155378486
50 42 41 0.0 0.0 0.0 0.0 3.0 0.0 0.0 0.6989515726410384
50 42 42 0.0 0.0 0.0 0.0 1.0 0.0 0.0 0.6996501749125437
50 43 35 0.0 0.0 0.0 0.0 2.0 0.0 0.0 0.6993006993006992
50 43 36 0.0 0.0 0.0 0.0 1.0 0.0 0.0 0.6996501749125437
50 43 37 0.0 0.0 0.0 0.0 2.0 0.0 0.0 0.6993006993006992
50 43 38 0.0 0.0 0.0 0.0 4.0 0.0 0.0 0.6986027944111775
50 43 39 0.0 0.0 3.0 0.0 28.0 0.0 0.0 0.6893156080748399
50 43 40 0.0 0.0 1.0 0.0 13.0 0.0 0.0 0.6951340615690167
50 43 41 0.0 0.0 0.0 0.0 11.0 0.0 0.0 0.6961710591745399
50 43 42 0.0 0.0 0.0 0.0 2.0 0.0 0.0 0.6993006993006992
50 44 34 0.0 0.0 0.0 0.0 2.0 0.0 0.0 0.6993006993006992
50 44 36 0.0 0.0 0.0 0.0 1.0 0.0 0.0 0.6996501749125437
50 44 37 0.0 0.0 0.0 0.0 8.0 0.0 0.0 0.697211155378486
50 44 38 0.0 0.0 0.0 0.0 4.0 0.0 0.0 0.6986027944111775
50 44 39 0.0 0.0 0.0 0.0 2.0 0.0 0.0 0.6993006993006992
50 44 40 0.0 0.0 0.0 0.0 6.0 0.0 0.0 0.6982543640897755
50 44 41 0.0 0.0 0.0 0.0 6.0 0.0 0.0 0.6979062811565303
50 45 38 0.0 0.0 0.0 0.0 1.0 0.0 0.0 0.6996501749125437
50 45 39 0.0 0.0 0.0 0.0 4.0 0.0 0.0 0.6986027944111775
50 45 40 0.0 0.0 1.0 0.0 14.0 0.0 0.0 0.694789081885856
50 45 41 0.0 0.0 0.0 0.0 3.0 0.0 0.0 0.6989515726410384
50 46 37 0.0 0.0 0.0 0.0 1.0 0.0 0.0 0.6996501749125437
50 46 38 0.0 0.0 0.0 0.0 3.0 0.0 0.0 0.6989515726410384
51 36 40 0.0 0.0 0.0 0.0 1.0 0.0 0.0 0.6996501749125437
51 36 45 0.0 0.0 0.0 0.0 1.0 0.0 0.0 0.6996501749125437
51 37 39 0.0 0.0 0.0 0.0 5.0 0.0 0.0 0.6982543640897755
51 37 40 0.0 0.0 0.0 0.0 7.0 0.0 0.0 0.6975585450921773
51 37 41 0.0 0.0 0.0 0.0 10.0 0.0 0.0 0.6965174129353233
51 37 43 0.0 0.0 0.0 0.0 1.0 0.0 0.0 0.6996501749125437
51 37 44 0.0 0.0 0.0 0.0 2.0 0.0 0.0 0.6993006993006992
51 37 45 0.0 0.0 0.0 0.0 1.0 0.0 0.0 0.6996501749125437
51 38 39 0.0 0.0 0.0 0.0 4.0 0.0 0.0 0.6986027944111775
51 38 40 0.0 0.0 0.0 0.0 15.0 0.0 0.0 0.694789081885856
51 38 41 0.0 0.0 9.0 0.0 217.0 3.0 0.0 0.6297795771479981
51 38 43 0.0 0.0 0.0 0.0 1.0 0.0 0.0 0.6996501749125437
51 38 44 0.0 0.0 0.0 0.0 10.0 0.0 0.0 0.6965174129353233
51 38 45 0.0 0.0 0.0 0.0 4.0 0.0 0.0 0.6986027944111775
51 39 40 0.0 0.0 1.0 0.0 52.0 0.0 0.0 0.6819288845591815
51 39 41 0.0 0.0 0.0 0.0 5.0 0.0 0.0 0.6986027944111775
51 39 43 0.0 0.0 0.0 0.0 2.0 0.0 0.0 0.6993006993006992
51 39 44 0.0 0.0 0.0 0.0 6.0 0.0 0.0 0.6979062811565303
51 39 45 0.0 0.0 3.0 0.0 68.0 0.0 0.0 0.6760019314340897
51 40 43 0.0 0.0 0.0 0.0 4.0 0.0 0.0 0.6986027944111775
51 40 44 0.0 0.0 0.0 0.0 3.0 0.0 0.0 0.6989515726410384
