28 39 38 0.0 0.0 0.0 0.0 1.0 0.0 0.0 0.6996501749125437
28 40 36 0.0 0.0 0.0 0.0 1.0 0.0 0.0 0.6996501749125437
29 36 38 0.0 0.0 0.0 0.0 1.0 0.0 0.0 0.6996501749125437
29 37 34 0.0 0.0 0.0 0.0 1.0 0.0 0.0 0.6996501749125437
29 37 36 0.0 0.0 0.0 0.0 4.0 0.0 0.0 0.6986027944111775
29 37 37 0.0 0.0 0.0 0.0 2.0 0.0 0.0 0.6993006993006992
29 37 38 0.0 0.0 0.0 0.0 1.0 0.0 0.0 0.6996501749125437
29 37 39 0.0 0.0 0.0 0.0 1.0 0.0 0.0 0.6996501749125437
29 38 34 0.0 0.0 0.0 0.0 2.0 0.0 0.0 0.6993006993006992
29 38 36 0.0 0.0 0.0 0.0 5.0 0.0 0.0 0.6982543640897755
29 38 37 0.0 0.0 0.0 0.0 8.0 0.0 0.0 0.697211155378486
29 38 38 0.0 0.0 0.0 0.0 2.0 0.0 0.0 0.6993006993006992
29 38 39 0.0 0.0 0.0 0.0 7.0 0.0 0.0 0.6975585450921773
29 38 40 0.0 0.0 0.0 0.0 19.0 0.0 0.0 0.6937561942517343
29 38 41 0.0 0.0 0.0 0.0 9.0 0.0 0.0 0.6968641114982577
29 39 36 0.0 0.0 0.0 0.0 17.0 0.0 0.0 0.694100148735746
29 39 37 0.0 0.0 0.0 0.0 18.0 0.0 0.0 0.6937561942517343
29 39 38 0.0 0.0 0.0 0.0 24.0 1.0 0.0 0.6920415224913494
29 39 39 0.0 0.0 0.0 0.0 35.0 0.0 0.0 0.6879606879606879
29 39 40 0.0 0.0 0.0 0.0 28.0 0.0 0.0 0.690335305719921
29 39 41 0.0 0.0 1.0 0.0 22.0 0.0 0.0 0.6920415224913494
29 39 42 0.0 0.0 0.0 0.0 2.0 0.0 0.0 0.6993006993006992
29 40 35 0.0 0.0 0.0 0.0 2.0 0.0 0.0 0.6993006993006992
29 40 36 0.0 0.0 0.0 0.0 8.0 0.0 0.0 0.697211155378486
29 40 37 0.0 0.0 70.0 0.0 1717.0 14.0 25.0 0.3710575139146567
29 40 38 0.0 0.0 0.0 0.0 30.0 2.0 0.0 0.690335305719921
29 40 39 0.0 0.0 0.0 0.0 43.0 0.0 0.0 0.6852667645619186
29 40 40 0.0 0.0 29.0 0.0 561.0 7.0 0.0 0.5420054200542004
29 40 41 0.0 0.0 0.0 0.0 23.0 0.0 0.0 0.6920415224913494
29 40 42 0.0 0.0 0.0 0.0 3.0 0.0 0.0 0.6989515726410384
29 41 36 0.0 0.0 0.0 0.0 3.0 0.0 0.0 0.6989515726410384
29 41 37 0.0 0.0 0.0 0.0 18.0 0.0 0.0 0.6937561942517343
29 41 38 0.0 0.0 4.0 0.0 94.0 1.0 0.0 0.6676204101096804
29 41 39 0.0 0.0 1.0 0.0 39.0 2.0 0.0 0.6869479882237487
29 41 40 0.0 0.0 0.0 0.0 18.0 0.0 0.0 0.6937561942517343
29 41 41 0.0 0.0 6.0 0.0 25.0 2.0 0.0 0.6899950714637751
29 41 42 0.0 0.0 0.0 0.0 5.0 0.0 0.0 0.6982543640897755
29 42 35 0.0 0.0 0.0 0.0 5.0 0.0 0.0 0.6982543640897755
29 42 36 0.0 0.0 0.0 0.0 13.0 0.0 0.0 0.695479384003974
29 42 37 0.0 0.0 5.0 0.0 86.0 2.0 0.0 0.6701771182383915
29 42 38 0.0 0.0 2.0 0.0 37.0 1.0 0.0 0.6869479882237487
29 42 39 0.0 0.0 2.0 0.0 59.0 0.0 0.0 0.6792819019893255
29 42 40 0.0 0.0 0.0 0.0 40.0 0.0 0.0 0.6862745098039215
29 42 41 0.0 0.0 0.0 0.0 10.0 0.0 0.0 0.6965174129353233
29 42 43 0.0 0.0 0.0 0.0 1.0 0.0 0.0 0.6996501749125437
29 43 35 0.0 0.0 0.0 0.0 4.0 0.0 0.0 0.6986027944111775
29 43 36 0.0 0.0 5.0 0.0 142.0 1.0 0.0 0.6523765144454798
29 43 37 0.0 0.0 6.0 0.0 85.0 3.0 0.0 0.6704980842911876
29 43 38 0.0 0.0 0.0 0.0 18.0 0.0 0.0 0.6937561942517343
29 43 39 0.0 0.0 12.0 0.0 235.0 4.0 1.0 0.6241640659830583
29 43 40 0.0 0.0 9.0 0.0 248.0 1.0 0.0 0.6205673758865247
29 43 41 0.0 0.0 4.0 0.0 66.0 1.0 0.0 0.6766553890768486
29 43 42 0.0 0.0 0.0 0.0 2.0 0.0 0.0 0.6993006993006992
29 44 35 0.0 0.0 0.0 0.0 2.0 0.0 0.0 0.6993006993006992
29 44 36 0.0 0.0 1.0 0.0 7.0 0.0 0.0 0.697211155378486
29 44 37 0.0 0.0 0.0 0.0 5.0 0.0 0.0 0.6982543640897755
29 44 38 0.0 0.0 0.0 0.0 22.0 0.0 0.0 0.6923837784371908
29 44 39 0.0 0.0 2.0 0.0 69.0 0.0 0.0 0.6760019314340897
29 44 40 0.0 0.0 1.0 0.0 46.0 0.0 0.0 0.6839276990718123
29 44 41 0.0 0.0 0.0 0.0 9.0 0.0 0.0 0.6968641114982577
29 45 37 0.0 0.0 0.0 0.0 8.0 0.0 0.0 0.697211155378486
29 45 38 0.0 0.0 4.0 0.0 119.0 0.0 0.0 0.6594441827602449
29 45 39 0.0 0.0 9.0 0.0 166.0 1.0 0.0 0.6439742410303587
29 45 40 0.0 0.0 0.0 0.0 23.0 0.0 0.0 0.6920415224913494
29 45 41 0.0 0.0 0.0 0.0 9.0 0.0 0.0 0.6968641114982577
29 45 42 0.0 0.0 0.0 0.0 3.0 0.0 0.0 0.6989515726410384
29 46 37 0.0 0.0 0.0 0.0 1.0 0.0 0.0 0.6996501749125437
29 46 38 0.0 0.0 0.0 0.0 4.0 0.0 0.0 0.6986027944111775
29 46 39 0.0 0.0 0.0 0.0 12.0 0.0 0.0 0.6961710591745399
29 46 40 0.0 0.0 0.0 0.0 8.0 0.0 0.0 0.6975585450921773
29 46 41 0.0 0.0 1.0 0.0 6.0 1.0 0.0 0.6979062811565303
29 47 40 0.0 0.0 0.0 0.0 3.0 0.0 0.0 0.6989515726410384
30 34 37 0.0 0.0 0.0 0.0 3.0 0.0 0.0 0.6989515726410384
30 34 38 0.0 0.0 0.0 0.0 7.0 0.0 0.0 0.6975585450921773
30 34 39 0.0 0.0 0.0 0.0 7.0 0.0 0.0 0.6975585450921773
30 34 40 0.0 0.0 0.0 0.0 4.0 0.0 0.0 0.6986027944111775
30 34 41 0.0 0.0 0.0 0.0 4.0 0.0 0.0 0.6986027944111775
30 34 42 0.0 0.0 0.0 0.0 9.0 0.0 0.0 0.6968641114982577
30 35 34 0.0 0.0 1.0 0.0 38.0 1.0 0.0 0.6869479882237487
30 35 35 0.0 0.0 0.0 0.0 10.0 0.0 0.0 0.6965174129353233
30 35 36 0.0 0.0 0.0 0.0 11.0 0.0 0.0 0.6961710591745399
30 35 37 0.0 0.0 0.0 0.0 2.0 0.0 0.0 0.6993006993006992
30 35 38 0.0 0.0 0.0 0.0 4.0 0.0 0.0 0.6986027944111775
30 35 39 0.0 0.0 1.0 0.0 15.0 1.0 0.0 0.694789081885856
30 35 40 0.0 0.0 2.0 0.0 95.0 1.0 0.0 0.6679389312977099
30 35 41 0.0 0.0 7.0 0.0 42.0 2.0 0.0 0.6839276990718123
30 35 42 0.0 0.0 0.0 0.0 6.0 0.0 0.0 0.6979062811565303
30 36 33 0.0 0.0 0.0 0.0 2.0 0.0 0.0 0.6993006993006992
30 36 34 0.0 0.0 0.0 0.0 11.0 0.0 0.0 0.6961710591745399
30 36 35 0.0 0.0 2.0 0.0 47.0 2.0 0.0 0.6839276990718123
30 36 36 0.0 0.0 1.0 0.0 47.0 1.0 0.0 0.6842619745845552
30 36 37 0.0 0.0 5.0 0.0 114.0 1.0 0.0 0.6610009442870631
30 36 38 0.0 0.0 48.0 0.0 1030.0 10.0 5.0 0.4563233376792698
30 36 39 0.0 0.0 0.0 0.0 32.0 0.0 0.0 0.6893156080748399
30 36 40 0.0 0.0 3.0 0.0 71.0 1.0 0.0 0.6753497346840327
30 36 41 0.0 0.0 10.0 0.0 349.0 4.0 1.0 0.5944798301486198
30 36 42 0.0 0.0 0.0 0.0 15.0 0.0 0.0 0.694789081885856
30 37 33 0.0 0.0 0.0 0.0 6.0 0.0 0.0 0.6979062811565303
30 37 34 0.0 0.0 0.0 0.0 16.0 0.0 0.0 0.6944444444444444
30 37 35 0.0 0.0 24.0 0.0 450.0 5.0 0.0 0.5670311867152693
30 37 36 0.0 0.0 22.0 0.0 593.0 3.0 1.0 0.5359877488514548
30 37 37 0.0 0.0 16.0 0.0 330.0 2.0 0.0 0.5972696245733787
30 37 38 0.0 0.0 1.0 0.0 98.0 1.0 0.0 0.6673021925643469
30 37 39 0.0 0.0 0.0 0.0 55.0 0.0 0.0 0.6812652068126519
30 37 40 0.0 0.0 0.0 0.0 39.0 0.0 0.0 0.6866110838646394
30 37 41 0.0 0.0 0.0 0.0 21.0 0.0 0.0 0.6927263730826323
30 37 42 0.0 0.0 1.0 0.0 10.0 0.0 0.0 0.6961710591745399
30 37 43 0.0 0.0 0.0 0.0 3.0 0.0 0.0 0.6989515726410384
30 37 44 0.0 0.0 0.0 0.0 1.0 0.0 0.0 0.6996501749125437
30 38 32 0.0 0.0 0.0 0.0 1.0 0.0 0.0 0.6996501749125437
30 38 33 0.0 0.0 16.0 0.0 168.0 9.0 0.0 0.6436781609195401
30 38 34 0.0 0.0 0.0 0.0 31.0 1.0 0.0 0.689655172413793
30 38 35 0.0 0.0 79.0 0.0 1751.0 16.0 10.0 0.3668763102725366
30 38 36 0.0 0.0 69.0 0.0 1424.0 11.0 7.0 0.4021832806664751
30 38 37 0.0 0.0 119.0 0.0 3073.0 16.0 78.0 0.2704268881591655
30 38 38 0.0 0.0 41.0 0.0 912.0 11.0 5.0 0.4760285617137027
30 38 39 0.0 0.0 68.0 0.0 1754.0 13.0 13.0 0.3675505381990023
30 38 40 0.0 0.0 6.0 0.0 297.0 3.0 0.0 0.6089604175728577
30 38 41 0.0 0.0 3.0 0.0 98.0 1.0 0.0 0.6666666666666665
30 38 42 0.0 0.0 1.0 0.0 20.0 0.0 0.0 0.6930693069306929
30 38 43 0.0 0.0 2.0 0.0 22.0 0.0 0.0 0.6916996047430829
30 38 44 0.0 0.0 0.0 0.0 6.0 0.0 0.0 0.6982543640897755
30 38 45 0.0 0.0 2.0 0.0 61.0 1.0 0.0 0.6789524733268669
30 38 46 0.0 0.0 0.0 0.0 1.0 0.0 0.0 0.6996501749125437
30 39 33 0.0 0.0 1.0 0.0 22.0 0.0 0.0 0.6920415224913494
30 39 34 0.0 0.0 7.0 0.0 91.0 1.0 0.0 0.6676204101096804
30 39 35 0.0 0.0 35.0 0.0 713.0 4.0 3.0 0.510204081632653
30 39 36 0.0 0.0 76.0 0.0 1582.0 15.0 10.0 0.3842986549547076
30 39 37 0.0 0.0 239.0 0.0 5243.0 21.0 276.0 0.18751674256630055
30 39 38 0.0 0.0 64.0 0.0 1737.0 10.0 30.0 0.3692957003429174
30 39 39 0.0 0.0 20.0 0.0 746.0 8.0 3.0 0.5079825834542815
30 39 40 0.0 0.0 314.0 0.0 6605.0 17.0 569.0 0.15709156193895868
30 39 41 0.0 0.0 17.0 0.0 546.0 6.0 0.0 0.5475166210402814
30 39 42 0.0 0.0 13.0 0.0 377.0 3.0 0.0 0.5867560771165129
30 39 43 0.0 0.0 0.0 0.0 31.0 0.0 0.0 0.689655172413793
30 39 44 0.0 0.0 0.0 0.0 22.0 1.0 0.0 0.6927263730826323
30 39 45 0.0 0.0 0.0 0.0 3.0 0.0 0.0 0.6989515726410384
30 39 46 0.0 0.0 0.0 0.0 1.0 0.0 0.0 0.6996501749125437
30 40 32 0.0 0.0 0.0 0.0 2.0 0.0 0.0 0.6993006993006992
30 40 33 0.0 0.0 0.0 0.0 8.0 0.0 0.0 0.697211155378486
30 40 34 0.0 0.0 0.0 0.0 18.0 0.0 0.0 0.6937561942517343
30 40 35 0.0 0.0 8.0 0.0 170.0 2.0 0.0 0.6433823529411764
30 40 36 0.0 0.0 128.0 0.0 2724.0 20.0 46.0 0.2897350993377483
30 40 37 0.0 0.0 79.0 0.0 2192.0 10.0 31.0 0.3287156609532753
30 40 38 0.0 0.0 291.0 0.0 6432.0 21.0 493.0 0.16080863772111184
30 40 39 0.0 0.0 70.0 0.0 1922.0 7.0 15.0 0.35140562248995977
30 40 40 0.0 0.0 336.0 0.0 7108.0 19.0 699.0 0.14843087362171328
30 40 41 0.0 0.0 191.0 0.0 4262.0 16.0 151.0 0.2174588381484933
30 40 42 0.0 0.0 1.0 0.0 79.0 0.0 0.0 0.6730769230769229
30 40 43 0.0 0.0 24.0 0.0 256.0 5.0 0.0 0.6153846153846153
30 40 44 0.0 0.0 3.0 0.0 60.0 0.0 0.0 0.6789524733268669
30 40 45 0.0 0.0 0.0 0.0 8.0 0.0 0.0 0.697211155378486
30 40 46 0.0 0.0 0.0 0.0 2.0 0.0 0.0 0.6993006993006992
30 41 34 0.0 0.0 3.0 0.0 29.0 0.0 0.0 0.6889763779527558
30 41 35 0.0 0.0 16.0 0.0 209.0 4.0 0.0 0.6303466906798738
30 41 36 0.0 0.0 104.0 0.0 2261.0 6.0 28.0 0.3212482790270766
30 41 37 0.0 0.0 122.0 0.0 2861.0 11.0 65.0 0.28152020912929815
30 41 38 0.0 0.0 90.0 0.0 2507.0 8.0 38.0 0.30507735890172144
30 41 39 0.0 0.0 151.0 0.0 3339.0 15.0 101.0 0.25570776255707756
30 41 40 0.0 0.0 149.0 0.0 3123.0 25.0 93.0 0.26681913474366303
30 41 41 0.0 0.0 52.0 0.0 1244.0 14.0 8.0 0.42656916514320525
30 41 42 0.0 0.0 25.0 0.0 793.0 5.0 1.0 0.4976892996800568
30 41 43 0.0 0.0 5.0 0.0 95.0 0.0 0.0 0.6666666666666665
30 41 44 0.0 0.0 0.0 0.0 12.0 0.0 0.0 0.6958250497017892
30 41 45 0.0 0.0 0.0 0.0 2.0 0.0 0.0 0.6993006993006992
30 41 47 0.0 0.0 0.0 0.0 2.0 0.0 0.0 0.6993006993006992
30 42 34 0.0 0.0 0.0 0.0 4.0 0.0 0.0 0.6986027944111775
30 42 35 0.0 0.0 13.0 0.0 228.0 4.0 0.0 0.6258381761287437
30 42 36 0.0 0.0 53.0 0.0 1442.0 7.0 8.0 0.40149125322626894
30 42 37 0.0 0.0 104.0 0.0 2795.0 10.0 74.0 0.28635712824708526
30 42 38 0.0 0.0 200.0 0.0 4440.0 10.0 183.0 0.21106588270767374
30 42 39 0.0 0.0 176.0 0.0 4537.0 12.0 191.0 0.20901761719916392
30 42 40 0.0 0.0 273.0 0.0 6366.0 22.0 586.0 0.16230002318571757
30 42 41 0.0 0.0 95.0 0.0 2311.0 10.0 29.0 0.3183989083465999
30 42 42 0.0 0.0 51.0 0.0 1019.0 12.0 6.0 0.4578155657292347
30 42 43 0.0 0.0 17.0 0.0 414.0 5.0 1.0 0.5775577557755774
30 42 44 0.0 0.0 0.0 0.0 23.0 0.0 0.0 0.6923837784371908
30 42 45 0.0 0.0 0.0 0.0 12.0 0.0 0.0 0.6958250497017892
30 42 46 0.0 0.0 0.0 0.0 11.0 0.0 0.0 0.6961710591745399
30 42 47 0.0 0.0 0.0 0.0 6.0 0.0 0.0 0.6979062811565303
30 43 34 0.0 0.0 0.0 0.0 3.0 0.0 0.0 0.6989515726410384
30 43 35 0.0 0.0 41.0 0.0 682.0 5.0 3.0 0.5150846210448858
30 43 36 0.0 0.0 257.0 0.0 5989.0 19.0 467.0 0.1701713868968032
30 43 37 0.0 0.0 16.0 0.0 579.0 6.0 2.0 0.5407493240633449
30 43 38 0.0 0.0 57.0 0.0 1337.0 8.0 6.0 0.41346721795629054
30 43 39 0.0 0.0 345.0 0.0 6768.0 25.0 607.0 0.15394765779634922
30 43 40 0.0 0.0 55.0 0.0 1623.0 20.0 14.0 0.3829321663019693
30 43 41 0.0 0.0 117.0 0.0 2761.0 19.0 45.0 0.28812512862728956
30 43 42 0.0 0.0 2.0 0.0 185.0 0.0 0.0 0.6401463191586647
30 43 43 0.0 0.0 28.0 0.0 548.0 9.0 0.0 0.5453837164004673
30 43 44 0.0 0.0 0.0 0.0 86.0 0.0 0.0 0.6711409395973154
30 43 45 0.0 0.0 1.0 0.0 22.0 0.0 0.0 0.6920415224913494
30 43 46 0.0 0.0 0.0 0.0 6.0 0.0 0.0 0.6979062811565303
30 43 47 0.0 0.0 0.0 0.0 4.0 0.0 0.0 0.6986027944111775
30 44 35 0.0 0.0 0.0 0.0 6.0 0.0 0.0 0.6979062811565303
30 44 36 0.0 0.0 4.0 0.0 134.0 1.0 0.0 0.6551240056153486
30 44 37 0.0 0.0 46.0 0.0 1230.0 8.0 11.0 0.4283965728274174
30 44 38 0.0 0.0 228.0 0.0 5243.0 23.0 328.0 0.18789424238357263
30 44 39 0.0 0.0 54.0 0.0 1925.0 8.0 21.0 0.35237855524792344
30 44 40 0.0 0.0 233.0 0.0 5339.0 17.0 315.0 0.18525870054254331
30 44 41 0.0 0.0 178.0 0.0 4542.0 16.0 226.0 0.20873714030117782
30 44 42 0.0 0.0 9.0 0.0 341.0 7.0 0.0 0.5975245411865129
30 44 43 0.0 0.0 31.0 0.0 790.0 10.0 1.0 0.49804340092493765
30 44 44 0.0 0.0 3.0 0.0 188.0 1.0 0.0 0.639561443581544
30 44 45 0.0 0.0 0.0 0.0 24.0 0.0 0.0 0.6916996047430829
30 44 46 0.0 0.0 0.0 0.0 10.0 0.0 0.0 0.6965174129353233
30 45 35 0.0 0.0 0.0 0.0 3.0 0.0 0.0 0.6989515726410384
30 45 36 0.0 0.0 10.0 0.0 151.0 3.0 0.0 0.6487488415199257
30 45 37 0.0 0.0 26.0 0.0 799.0 6.0 3.0 0.4966300106420715
30 45 38 0.0 0.0 136.0 0.0 3233.0 12.0 93.0 0.261291526689063
30 45 39 0.0 0.0 229.0 0.0 5440.0 19.0 325.0 0.1829587036069001
30 45 40 0.0 0.0 133.0 0.0 3186.0 11.0 73.0 0.2637528259231348
30 45 41 0.0 0.0 77.0 0.0 1633.0 13.0 10.0 0.3786854206113064
30 45 42 0.0 0.0 15.0 0.0 461.0 5.0 3.0 0.5665722379603398
30 45 43 0.0 0.0 0.0 0.0 34.0 0.0 0.0 0.6882989183874139
30 45 44 0.0 0.0 4.0 0.0 114.0 1.0 0.0 0.661625708884688
30 45 45 0.0 0.0 0.0 0.0 7.0 0.0 0.0 0.6975585450921773
30 46 36 0.0 0.0 0.0 0.0 9.0 0.0 0.0 0.6968641114982577
30 46 37 0.0 0.0 8.0 0.0 317.0 2.0 0.0 0.6026689625484287
30 46 38 0.0 0.0 2.0 0.0 148.0 3.0 0.0 0.6523765144454798
30 46 39 0.0 0.0 19.0 0.0 551.0 3.0 0.0 0.5453837164004673
30 46 40 0.0 0.0 0.0 0.0 46.0 0.0 0.0 0.6842619745845552
30 46 41 0.0 0.0 0.0 0.0 23.0 0.0 0.0 0.6920415224913494
30 46 42 0.0 0.0 2.0 0.0 86.0 0.0 0.0 0.6704980842911876
30 46 43 0.0 0.0 0.0 0.0 7.0 0.0 0.0 0.6975585450921773
30 46 44 0.0 0.0 1.0 0.0 36.0 1.0 0.0 0.6876227897838899
30 46 45 0.0 0.0 1.0 0.0 6.0 0.0 0.0 0.6975585450921773
30 46 46 0.0 0.0 0.0 0.0 1.0 0.0 0.0 0.6996501749125437
30 47 36 0.0 0.0 0.0 0.0 1.0 0.0 0.0 0.6996501749125437
30 47 38 0.0 0.0 0.0 0.0 7.0 0.0 0.0 0.6975585450921773
30 47 39 0.0 0.0 1.0 0.0 42.0 0.0 0.0 0.6852667645619186
30 47 40 0.0 0.0 0.0 0.0 22.0 1.0 0.0 0.6927263730826323
30 47 41 0.0 0.0 0.0 0.0 12.0 1.0 0.0 0.6961710591745399
30 47 42 0.0 0.0 0.0 0.0 1.0 0.0 0.0 0.6996501749125437
30 47 43 0.0 0.0 0.0 0.0 1.0 0.0 0.0 0.6996501749125437
30 47 44 0.0 0.0 0.0 0.0 1.0 0.0 0.0 0.6996501749125437
30 48 38 0.0 0.0 0.0 0.0 1.0 0.0 0.0 0.6996501749125437
31 32 39 0.0 0.0 0.0 0.0 1.0 0.0 0.0 0.0
31 32 40 0.0 0.0 0.0 0.0 1.0 0.0 0.0 0.6996501749125437
31 32 41 0.0 0.0 0.0 0.0 1.0 0.0 0.0 0.6996501749125437
31 33 37 0.0 0.0 0.0 0.0 3.0 0.0 0.0 0.6989515726410384
31 33 38 0.0 0.0 0.0 0.0 3.0 0.0 0.0 0.6989515726410384
31 33 39 0.0 0.0 0.0 0.0 6.0 0.0 0.0 0.6979062811565303
31 33 40 0.0 0.0 9.0 0.0 117.0 2.0 0.0 0.6591337099811675
31 33 41 0.0 0.0 3.0 0.0 38.0 0.0 0.0 0.6859382655560998
31 33 42 0.0 0.0 0.0 0.0 9.0 0.0 0.0 0.697211155378486
31 34 35 0.0 0.0 0.0 0.0 17.0 0.0 0.0 0.694100148735746
31 34 36 0.0 0.0 0.0 0.0 17.0 0.0 0.0 0.694100148735746
31 34 37 0.0 0.0 7.0 0.0 203.0 2.0 0.0 0.6340579710144926
31 34 38 0.0 0.0 0.0 0.0 22.0 0.0 0.0 0.6923837784371908
31 34 39 0.0 0.0 25.0 0.0 506.0 5.0 1.0 0.5542359461599367
31 34 40 0.0 0.0 0.0 0.0 30.0 0.0 0.0 0.689655172413793
31 34 41 0.0 0.0 0.0 0.0 30.0 1.0 0.0 0.6899950714637751
31 34 42 0.0 0.0 2.0 0.0 26.0 0.0 0.0 0.690335305719921
31 34 43 0.0 0.0 0.0 0.0 1.0 0.0 0.0 0.6996501749125437
31 34 44 0.0 0.0 0.0 0.0 1.0 0.0 0.0 0.6996501749125437
31 34 45 0.0 0.0 0.0 0.0 4.0 0.0 0.0 0.6986027944111775
31 34 46 0.0 0.0 0.0 0.0 1.0 0.0 0.0 0.6996501749125437
31 35 34 0.0 0.0 1.0 0.0 27.0 1.0 0.0 0.6906758756783422
31 35 35 0.0 0.0 0.0 0.0 29.0 0.0 0.0 0.690335305719921
31 35 36 0.0 0.0 2.0 0.0 78.0 1.0 0.0 0.6734006734006733
31 35 37 0.0 0.0 11.0 0.0 306.0 3.0 0.0 0.6050129645635263
31 35 38 0.0 0.0 184.0 0.0 3871.0 18.0 128.0 0.2317113538563389
31 35 39 0.0 0.0 189.0 0.0 3747.0 15.0 122.0 0.23640661938534274
31 35 40 0.0 0.0 139.0 0.0 3306.0 10.0 100.0 0.257494942063638
31 35 41 0.0 0.0 222.0 0.0 4658.0 18.0 178.0 0.2039924231385691
31 35 42 0.0 0.0 0.0 0.0 81.0 0.0 0.0 0.6727534839019701
31 35 43 0.0 0.0 26.0 0.0 473.0 5.0 0.0 0.5613472333600641
31 35 44 0.0 0.0 8.0 0.0 123.0 3.0 0.0 0.6578947368421051
31 35 45 0.0 0.0 0.0 0.0 16.0 0.0 0.0 0.6944444444444444
31 35 46 0.0 0.0 0.0 0.0 10.0 0.0 0.0 0.6965174129353233
31 35 47 0.0 0.0 0.0 0.0 3.0 0.0 0.0 0.6989515726410384
31 36 33 0.0 0.0 2.0 0.0 90.0 1.0 0.0 0.669536107125777
31 36 34 0.0 0.0 12.0 0.0 409.0 3.0 0.0 0.5789909015715466
31 36 35 0.0 0.0 219.0 0.0 5123.0 20.0 297.0 0.19110019110019105
31 36 36 0.0 0.0 138.0 0.0 3683.0 13.0 113.0 0.24096385542168675
31 36 37 0.0 0.0 22.0 0.0 888.0 7.0 4.0 0.4822597313124354
31 36 38 0.0 0.0 15.0 0.0 667.0 1.0 3.0 0.5223880597014925
31 36 39 0.0 0.0 120.0 0.0 2839.0 18.0 62.0 0.28340080971659914
31 36 40 0.0 0.0 77.0 0.0 2044.0 12.0 24.0 0.3407984420642648
31 36 41 0.0 0.0 86.0 0.0 2023.0 18.0 26.0 0.34221461745294546
31 36 42 0.0 0.0 79.0 0.0 1743.0 10.0 13.0 0.36726128016789084
31 36 43 0.0 0.0 12.0 0.0 322.0 3.0 1.0 0.6006006006006005
31 36 44 0.0 0.0 19.0 0.0 420.0 4.0 1.0 0.5751848808545603
31 36 45 0.0 0.0 2.0 0.0 59.0 0.0 0.0 0.6792819019893255
31 36 46 0.0 0.0 4.0 0.0 75.0 0.0 0.0 0.6734006734006733
31 36 47 0.0 0.0 4.0 0.0 39.0 2.0 0.0 0.6859382655560998
31 37 32 0.0 0.0 0.0 0.0 3.0 0.0 0.0 0.6989515726410384
31 37 33 0.0 0.0 83.0 0.0 2152.0 8.0 29.0 0.3312041637094866
31 37 34 0.0 0.0 118.0 0.0 2929.0 11.0 61.0 0.27788805081381496
31 37 35 0.0 0.0 256.0 0.0 5478.0 26.0 302.0 0.18165304268846502
31 37 36 0.0 0.0 227.0 0.0 5468.0 27.0 346.0 0.1825293350717079
31 37 37 0.0 0.0 363.0 0.0 7325.0 23.0 800.0 0.14476269258608207
31 37 38 0.0 0.0 378.0 0.0 8334.0 28.0 1242.0 0.13089005235602091
31 37 39 0.0 0.0 260.0 0.0 5209.0 24.0 270.0 0.18796992481203004
31 37 40 0.0 0.0 255.0 0.0 5360.0 16.0 266.0 0.18418629127746347
31 37 41 0.0 0.0 300.0 0.0 6484.0 13.0 529.0 0.1595805311751966
31 37 42 0.0 0.0 41.0 0.0 1173.0 6.0 6.0 0.4365450576863112
31 37 43 0.0 0.0 33.0 0.0 720.0 6.0 3.0 0.5098324836125272
31 37 44 0.0 0.0 2.0 0.0 117.0 0.0 0.0 0.6606890042472864
31 37 45 0.0 0.0 0.0 0.0 83.0 0.0 0.0 0.6721075372059528
31 37 46 0.0 0.0 20.0 0.0 385.0 2.0 0.0 0.5826050769870994
31 37 47 0.0 0.0 0.0 0.0 34.0 0.0 0.0 0.6882989183874139
31 37 48 0.0 0.0 0.0 0.0 1.0 0.0 0.0 0.6996501749125437
31 38 32 0.0 0.0 5.0 0.0 33.0 2.0 0.0 0.6876227897838899
31 38 33 0.0 0.0 2.0 0.0 113.0 1.0 0.0 0.662251655629139
31 38 34 0.0 0.0 232.0 0.0 5096.0 18.0 240.0 0.1915708812260536
31 38 35 0.0 0.0 115.0 0.0 2982.0 16.0 62.0 0.27553631174965554
31 38 36 0.0 0.0 378.0 0.0 7617.0 30.0 902.0 0.14035087719298242
31 38 37 0.0 0.0 400.0 0.0 8151.0 21.0 1038.0 0.13283992788689628
31 38 38 0.0 0.0 160.0 0.0 4060.0 18.0 135.0 0.22569724326938573
31 38 39 0.0 0.0 186.0 0.0 4728.0 12.0 238.0 0.2027809965237543
31 38 40 0.0 0.0 170.0 0.0 4124.0 20.0 150.0 0.22317870237525902
31 38 41 0.0 0.0 137.0 0.0 3245.0 13.0 93.0 0.26080476900149024
31 38 42 0.0 0.0 80.0 0.0 1580.0 15.0 12.0 0.3842986549547076
31 38 43 0.0 0.0 142.0 0.0 2849.0 21.0 44.0 0.28152020912929815
31 38 44 0.0 0.0 18.0 0.0 440.0 4.0 0.0 0.5704971475142624
31 38 45 0.0 0.0 7.0 0.0 265.0 5.0 0.0 0.6175562417291574
31 38 46 0.0 0.0 2.0 0.0 126.0 1.0 0.0 0.6582040432534085
31 38 47 0.0 0.0 0.0 0.0 24.0 0.0 0.0 0.6916996047430829
31 39 32 0.0 0.0 5.0 0.0 85.0 2.0 0.0 0.6704980842911876
31 39 33 0.0 0.0 64.0 0.0 1424.0 13.0 10.0 0.40287769784172656
31 39 34 0.0 0.0 271.0 0.0 6295.0 28.0 556.0 0.16391523240838307
31 39 35 0.0 0.0 282.0 0.0 6151.0 31.0 440.0 0.1665278934221482
31 39 36 0.0 0.0 556.0 0.0 10395.0 18.0 2689.0 0.10817493432236129
31 39 37 0.0 0.0 540.0 0.0 10139.0 35.0 2659.0 0.11062821019359935
31 39 38 0.0 0.0 430.0 0.0 8645.0 20.0 1382.0 0.12647935676212846
31 39 39 0.0 0.0 743.0 0.0 11779.0 24.0 5090.0 0.09653175205129973
31 39 40 0.0 0.0 343.0 0.0 7216.0 23.0 777.0 0.14675052410901468
31 39 41 0.0 0.0 289.0 0.0 6588.0 20.0 549.0 0.15808491418247514
31 39 42 0.0 0.0 159.0 0.0 3704.0 19.0 112.0 0.23956194387405882
31 39 43 0.0 0.0 192.0 0.0 4373.0 16.0 199.0 0.21367521367521367
31 39 44 0.0 0.0 271.0 0.0 6093.0 27.0 512.0 0.16782546152001915
31 39 45 0.0 0.0 44.0 0.0 823.0 6.0 5.0 0.48916841369671554
31 39 46 0.0 0.0 1.0 0.0 111.0 0.0 0.0 0.6628787878787878
31 39 47 0.0 0.0 0.0 0.0 22.0 0.0 0.0 0.6923837784371908
31 39 48 0.0 0.0 0.0 0.0 4.0 0.0 0.0 0.6986027944111775
31 40 32 0.0 0.0 0.0 0.0 14.0 0.0 0.0 0.6951340615690167
31 40 33 0.0 0.0 46.0 0.0 1159.0 11.0 2.0 0.43832185347526603
31 40 34 0.0 0.0 32.0 0.0 784.0 4.0 3.0 0.4978662873399715
31 40 35 0.0 0.0 201.0 0.0 4777.0 11.0 258.0 0.200918484500574
31 40 36 0.0 0.0 494.0 0.0 9461.0 32.0 1761.0 0.11735121542330258
31 40 37 0.0 0.0 780.0 0.0 12152.0 17.0 5752.0 0.09373953799799128
31 40 38 0.0 0.0 484.0 0.0 10360.0 27.0 3677.0 0.10910224438902741
31 40 39 0.0 0.0 505.0 0.0 9717.0 21.0 2104.0 0.11465072475636719
31 40 40 0.0 0.0 640.0 0.0 11076.0 32.0 3287.0 0.10218232245821471
31 40 41 0.0 0.0 439.0 0.0 8395.0 24.0 1090.0 0.12947378155923422
31 40 42 0.0 0.0 331.0 0.0 6956.0 17.0 621.0 0.15091085480219898
31 40 43 0.0 0.0 173.0 0.0 4077.0 12.0 133.0 0.22446689113355778
31 40 44 0.0 0.0 67.0 0.0 1702.0 5.0 24.0 0.37184594953519245
31 40 45 0.0 0.0 104.0 0.0 2547.0 10.0 40.0 0.3015941404566997
31 40 46 0.0 0.0 18.0 0.0 435.0 3.0 1.0 0.5716619028174764
31 40 47 0.0 0.0 2.0 0.0 26.0 0.0 0.0 0.690335305719921
31 40 48 0.0 0.0 2.0 0.0 38.0 0.0 0.0 0.6862745098039215
31 41 33 0.0 0.0 0.0 0.0 24.0 0.0 0.0 0.6916996047430829
31 41 34 0.0 0.0 72.0 0.0 1400.0 12.0 4.0 0.4046242774566473
31 41 35 0.0 0.0 118.0 0.0 3299.0 11.0 119.0 0.25892361753282783
31 41 36 0.0 0.0 313.0 0.0 6855.0 15.0 665.0 0.1529051987767584
31 41 37 0.0 0.0 546.0 0.0 10056.0 15.0 2446.0 0.11112875059533257
31 41 38 0.0 0.0 529.0 0.0 10274.0 23.0 2599.0 0.10943484718205267
31 41 39 0.0 0.0 676.0 0.0 11523.0 33.0 4173.0 0.09869580542826928
31 41 40 0.0 0.0 728.0 0.0 11901.0 23.0 5224.0 0.09574613595951306
31 41 41 0.0 0.0 288.0 0.0 6391.0 22.0 530.0 0.1616441519455028
31 41 42 0.0 0.0 249.0 0.0 5688.0 16.0 349.0 0.17676767676767674
31 41 43 0.0 0.0 201.0 0.0 4755.0 21.0 227.0 0.20187454938716654
31 41 44 0.0 0.0 129.0 0.0 2914.0 19.0 60.0 0.2786624203821656
31 41 45 0.0 0.0 15.0 0.0 398.0 6.0 2.0 0.5816368923971748
31 41 46 0.0 0.0 11.0 0.0 116.0 0.0 0.0 0.6582040432534085
31 41 47 0.0 0.0 9.0 0.0 172.0 3.0 0.0 0.6427915518824608
31 41 48 0.0 0.0 0.0 0.0 7.0 0.0 0.0 0.6975585450921773
31 42 33 0.0 0.0 1.0 0.0 13.0 1.0 0.0 0.695479384003974
31 42 34 0.0 0.0 0.0 0.0 45.0 0.0 0.0 0.6845965770171147
31 42 35 0.0 0.0 114.0 0.0 2809.0 17.0 59.0 0.2853648593558907
31 42 36 0.0 0.0 359.0 0.0 7504.0 26.0 934.0 0.1422908832198394
31 42 37 0.0 0.0 525.0 0.0 9723.0 31.0 2103.0 0.11446324912108574
31 42 38 0.0 0.0 627.0 0.0 10579.0 20.0 2786.0 0.10609275538041829
31 42 39 0.0 0.0 632.0 0.0 10969.0 22.0 3017.0 0.1030017657445556
31 42 40 0.0 0.0 804.0 0.0 12460.0 22.0 6543.0 0.09165302782324057
31 42 41 0.0 0.0 467.0 0.0 9246.0 24.0 1643.0 0.1196683477220275
31 42 42 0.0 0.0 427.0 0.0 8786.0 25.0 1387.0 0.12504465880671667
31 42 43 0.0 0.0 260.0 0.0 5943.0 22.0 432.0 0.17108639863130878
31 42 44 0.0 0.0 10.0 0.0 417.0 1.0 1.0 0.5773195876288658
31 42 45 0.0 0.0 5.0 0.0 306.0 2.0 0.0 0.6063230835859679
31 42 46 0.0 0.0 160.0 0.0 3869.0 13.0 123.0 0.232674090078112
31 42 47 0.0 0.0 0.0 0.0 33.0 1.0 0.0 0.6889763779527558
31 42 48 0.0 0.0 0.0 0.0 9.0 0.0 0.0 0.6968641114982577
31 43 33 0.0 0.0 0.0 0.0 4.0 0.0 0.0 0.6986027944111775
31 43 34 0.0 0.0 3.0 0.0 39.0 2.0 0.0 0.6862745098039215
31 43 35 0.0 0.0 10.0 0.0 302.0 3.0 1.0 0.6063230835859679
31 43 36 0.0 0.0 162.0 0.0 4206.0 21.0 183.0 0.22050716648291066
31 43 37 0.0 0.0 550.0 0.0 10128.0 22.0 2468.0 0.11047108024934899
31 43 38 0.0 0.0 581.0 0.0 10642.0 30.0 3044.0 0.10598031794095382
31 43 39 0.0 0.0 704.0 0.0 11655.0 27.0 4181.0 0.09752020061298411
31 43 40 0.0 0.0 503.0 0.0 10059.0 13.0 2691.0 0.11146496815286623
31 43 41 0.0 0.0 532.0 0.0 10061.0 27.0 2164.0 0.11129660545353365
31 43 42 0.0 0.0 436.0 0.0 8580.0 24.0 1280.0 0.12730744748567788
31 43 43 0.0 0.0 507.0 0.0 9735.0 22.0 2307.0 0.11442582754393132
31 43 44 0.0 0.0 73.0 0.0 1584.0 9.0 9.0 0.3837719298245614
31 43 45 0.0 0.0 128.0 0.0 3356.0 19.0 94.0 0.2560819462227913
31 43 46 0.0 0.0 103.0 0.0 2861.0 10.0 57.0 0.2825428859737638
31 43 47 0.0 0.0 0.0 0.0 37.0 0.0 0.0 0.6872852233676975
31 43 48 0.0 0.0 0.0 0.0 2.0 0.0 0.0 0.6993006993006992
31 44 33 0.0 0.0 19.0 0.0 395.0 5.0 1.0 0.58115400581154
31 44 34 0.0 0.0 0.0 0.0 12.0 0.0 0.0 0.6958250497017892
31 44 35 0.0 0.0 3.0 0.0 104.0 0.0 0.0 0.664767331433998
31 44 36 0.0 0.0 255.0 0.0 5751.0 26.0 368.0 0.17537266691719902
31 44 37 0.0 0.0 343.0 0.0 7420.0 24.0 894.0 0.1436634171369933
31 44 38 0.0 0.0 706.0 0.0 11566.0 30.0 4315.0 0.09825250894799634
31 44 39 0.0 0.0 861.0 0.0 12369.0 25.0 6778.0 0.09192987064153917
31 44 40 0.0 0.0 696.0 0.0 11808.0 24.0 4912.0 0.09660502346121998
31 44 41 0.0 0.0 609.0 0.0 10640.0 31.0 2754.0 0.10584410675134194
31 44 42 0.0 0.0 165.0 0.0 3482.0 15.0 103.0 0.24849130280440182
31 44 43 0.0 0.0 501.0 0.0 9338.0 32.0 1843.0 0.11848341232227487
31 44 44 0.0 0.0 130.0 0.0 3021.0 11.0 60.0 0.2724265421288188
31 44 45 0.0 0.0 146.0 0.0 3499.0 15.0 103.0 0.2486236902859172
31 44 46 0.0 0.0 72.0 0.0 1857.0 17.0 17.0 0.3578732106339468
31 44 47 0.0 0.0 0.0 0.0 32.0 0.0 0.0 0.6889763779527558
31 45 33 0.0 0.0 0.0 0.0 1.0 0.0 0.0 0.6996501749125437
31 45 34 0.0 0.0 0.0 0.0 3.0 0.0 0.0 0.6989515726410384
31 45 35 0.0 0.0 27.0 0.0 613.0 3.0 2.0 0.5309063329541144
31 45 36 0.0 0.0 0.0 0.0 115.0 1.0 0.0 0.662251655629139
31 45 37 0.0 0.0 286.0 0.0 6565.0 16.0 575.0 0.1583889580269261
31 45 38 0.0 0.0 561.0 0.0 10586.0 25.0 3287.0 0.1066585403016913
31 45 39 0.0 0.0 377.0 0.0 8175.0 16.0 1311.0 0.13271400132714
31 45 40 0.0 0.0 316.0 0.0 6775.0 19.0 636.0 0.1542699724517906
31 45 41 0.0 0.0 209.0 0.0 4651.0 19.0 187.0 0.20467836257309938
31 45 42 0.0 0.0 71.0 0.0 2125.0 14.0 43.0 0.33484812245874185
31 45 43 0.0 0.0 145.0 0.0 3735.0 14.0 106.0 0.23862280552241347
31 45 44 0.0 0.0 230.0 0.0 4968.0 25.0 278.0 0.19501323304081347
31 45 45 0.0 0.0 68.0 0.0 1311.0 18.0 8.0 0.41654269562630164
31 45 46 0.0 0.0 59.0 0.0 1297.0 10.0 6.0 0.4184100418410041
31 45 47 0.0 0.0 0.0 0.0 5.0 0.0 0.0 0.6982543640897755
31 46 35 0.0 0.0 0.0 0.0 1.0 0.0 0.0 0.6996501749125437
31 46 36 0.0 0.0 0.0 0.0 35.0 0.0 0.0 0.6879606879606879
31 46 37 0.0 0.0 22.0 0.0 577.0 8.0 2.0 0.5405405405405405
31 46 38 0.0 0.0 80.0 0.0 1871.0 15.0 13.0 0.355691056910569
31 46 39 0.0 0.0 325.0 0.0 6755.0 23.0 542.0 0.15452538631346574
31 46 40 0.0 0.0 261.0 0.0 5855.0 14.0 442.0 0.17275419545903256
31 46 41 0.0 0.0 31.0 0.0 1210.0 3.0 9.0 0.4324992276799505
31 46 42 0.0 0.0 34.0 0.0 1059.0 5.0 12.0 0.45336787564766834
31 46 43 0.0 0.0 127.0 0.0 2886.0 16.0 55.0 0.28005601120224044
31 46 44 0.0 0.0 2.0 0.0 140.0 0.0 0.0 0.65359477124183
31 46 45 0.0 0.0 4.0 0.0 72.0 1.0 0.0 0.6746987951807227
31 46 46 0.0 0.0 0.0 0.0 8.0 0.0 0.0 0.697211155378486
31 46 47 0.0 0.0 0.0 0.0 1.0 0.0 0.0 0.6996501749125437
31 47 36 0.0 0.0 0.0 0.0 1.0 0.0 0.0 0.6996501749125437
31 47 37 0.0 0.0 73.0 0.0 1454.0 19.0 7.0 0.39920159680638717
31 47 38 0.0 0.0 58.0 0.0 1235.0 10.0 10.0 0.4264392324093816
31 47 39 0.0 0.0 73.0 0.0 1727.0 11.0 9.0 0.36949063077329103
31 47 40 0.0 0.0 17.0 0.0 663.0 5.0 1.0 0.5233644859813084
31 47 41 0.0 0.0 14.0 0.0 426.0 2.0 1.0 0.5742411812961443
31 47 42 0.0 0.0 4.0 0.0 174.0 2.0 0.0 0.6433823529411764
31 47 43 0.0 0.0 1.0 0.0 99.0 1.0 0.0 0.6669842782277274
31 47 44 0.0 0.0 2.0 0.0 35.0 1.0 0.0 0.6876227897838899
31 47 45 0.0 0.0 0.0 0.0 1.0 0.0 0.0 0.6996501749125437
31 47 46 0.0 0.0 0.0 0.0 1.0 0.0 0.0 0.6996501749125437
31 48 36 0.0 0.0 0.0 0.0 1.0 0.0 0.0 0.6996501749125437
31 48 37 0.0 0.0 0.0 0.0 1.0 0.0 0.0 0.6996501749125437
31 48 38 0.0 0.0 0.0 0.0 1.0 0.0 0.0 0.6996501749125437
31 48 39 0.0 0.0 0.0 0.0 3.0 0.0 0.0 0.6989515726410384
31 48 40 0.0 0.0 0.0 0.0 3.0 0.0 0.0 0.6989515726410384
31 48 41 0.0 0.0 0.0 0.0 4.0 0.0 0.0 0.6986027944111775
31 48 42 0.0 0.0 1.0 0.0 26.0 0.0 0.0 0.6906758756783422
31 48 43 0.0 0.0 0.0 0.0 4.0 0.0 0.0 0.6986027944111775
31 48 44 0.0 0.0 0.0 0.0 2.0 0.0 0.0 0.6993006993006992
31 49 40 0.0 0.0 0.0 0.0 1.0 0.0 0.0 0.6996501749125437
31 49 42 0.0 0.0 0.0 0.0 4.0 0.0 0.0 0.6986027944111775
32 31 36 0.0 0.0 0.0 0.0 3.0 0.0 0.0 0.6989515726410384
32 31 37 0.0 0.0 0.0 0.0 7.0 0.0 0.0 0.6975585450921773
32 31 38 0.0 0.0 0.0 0.0 3.0 0.0 0.0 0.6989515726410384
32 31 39 0.0 0.0 0.0 0.0 2.0 0.0 0.0 0.6993006993006992
32 31 43 0.0 0.0 0.0 0.0 3.0 0.0 0.0 0.6989515726410384
32 32 35 0.0 0.0 44.0 0.0 900.0 7.0 3.0 0.4766768811712631
32 32 36 0.0 0.0 7.0 0.0 79.0 2.0 0.0 0.6717850287907868
32 32 37 0.0 0.0 10.0 0.0 228.0 2.0 0.0 0.626118067978533
32 32 38 0.0 0.0 1.0 0.0 42.0 0.0 0.0 0.6852667645619186
32 32 39 0.0 0.0 0.0 0.0 9.0 0.0 0.0 0.6968641114982577
32 32 40 0.0 0.0 1.0 0.0 40.0 0.0 0.0 0.6859382655560998
32 32 41 0.0 0.0 0.0 0.0 11.0 0.0 0.0 0.6961710591745399
32 32 42 0.0 0.0 0.0 0.0 19.0 0.0 0.0 0.6934125804853887
32 32 43 0.0 0.0 0.0 0.0 1.0 0.0 0.0 0.6996501749125437
32 32 44 0.0 0.0 0.0 0.0 4.0 1.0 0.0 0.6989515726410384
32 33 34 0.0 0.0 0.0 0.0 5.0 0.0 0.0 0.6982543640897755
32 33 35 0.0 0.0 0.0 0.0 11.0 0.0 0.0 0.6961710591745399
32 33 36 0.0 0.0 1.0 0.0 29.0 0.0 0.0 0.689655172413793
32 33 37 0.0 0.0 0.0 0.0 101.0 0.0 0.0 0.6666666666666665
32 33 38 0.0 0.0 36.0 0.0 890.0 9.0 6.0 0.4799451491258141
32 33 39 0.0 0.0 2.0 0.0 176.0 2.0 0.0 0.6433823529411764
32 33 40 0.0 0.0 147.0 0.0 2815.0 15.0 40.0 0.28294260307194824
32 33 41 0.0 0.0 107.0 0.0 2483.0 15.0 46.0 0.305877212147695
32 33 42 0.0 0.0 1.0 0.0 55.0 1.0 0.0 0.6812652068126519
32 33 43 0.0 0.0 1.0 0.0 24.0 0.0 0.0 0.6913580246913579
32 33 44 0.0 0.0 3.0 0.0 42.0 2.0 0.0 0.6852667645619186
32 33 45 0.0 0.0 0.0 0.0 1.0 0.0 0.0 0.6996501749125437
32 33 46 0.0 0.0 0.0 0.0 2.0 0.0 0.0 0.6993006993006992
32 34 33 0.0 0.0 1.0 0.0 4.0 0.0 0.0 0.6982543640897755
32 34 34 0.0 0.0 0.0 0.0 11.0 1.0 0.0 0.6965174129353233
32 34 35 0.0 0.0 1.0 0.0 47.0 0.0 0.0 0.6835937499999999
32 34 36 0.0 0.0 19.0 0.0 585.0 6.0 2.0 0.5390835579514823
32 34 37 0.0 0.0 8.0 0.0 289.0 3.0 0.0 0.6102877070619005
32 34 38 0.0 0.0 236.0 0.0 5504.0 18.0 370.0 0.18122977346278316
32 34 39 0.0 0.0 93.0 0.0 2209.0 9.0 30.0 0.3259604190919674
32 34 40 0.0 0.0 58.0 0.0 1482.0 9.0 12.0 0.39671294984414845
32 34 41 0.0 0.0 219.0 0.0 4938.0 17.0 257.0 0.1961058971844796
32 34 42 0.0 0.0 62.0 0.0 1451.0 12.0 6.0 0.39988574692944867
32 34 43 0.0 0.0 0.0 0.0 74.0 0.0 1.0 0.6750241080038573
32 34 44 0.0 0.0 0.0 0.0 30.0 0.0 0.0 0.689655172413793
32 34 45 0.0 0.0 0.0 0.0 11.0 0.0 0.0 0.6961710591745399
32 34 46 0.0 0.0 0.0 0.0 7.0 0.0 0.0 0.6975585450921773
32 34 47 0.0 0.0 0.0 0.0 2.0 0.0 0.0 0.6993006993006992
32 35 32 0.0 0.0 7.0 0.0 81.0 2.0 0.0 0.6711409395973154
32 35 34 0.0 0.0 54.0 0.0 1141.0 5.0 3.0 0.43887147335423193
32 35 35 0.0 0.0 22.0 0.0 651.0 6.0 3.0 0.5251312828207051
32 35 36 0.0 0.0 292.0 0.0 6556.0 25.0 607.0 0.15862225243598457
32 35 37 0.0 0.0 335.0 0.0 7161.0 17.0 801.0 0.14755480607082627
32 35 38 0.0 0.0 220.0 0.0 5282.0 18.0 295.0 0.18704074816299265
32 35 39 0.0 0.0 117.0 0.0 2862.0 7.0 68.0 0.28163347415007034
32 35 40 0.0 0.0 263.0 0.0 5307.0 16.0 261.0 0.1853322742917659
32 35 41 0.0 0.0 218.0 0.0 5110.0 24.0 250.0 0.1915708812260536
32 35 42 0.0 0.0 137.0 0.0 3137.0 15.0 78.0 0.26621030614185204
32 35 43 0.0 0.0 67.0 0.0 1572.0 15.0 12.0 0.3864200938448799
32 35 44 0.0 0.0 92.0 0.0 2630.0 18.0 52.0 0.2974925626859328
32 35 45 0.0 0.0 98.0 0.0 2491.0 11.0 39.0 0.305877212147695
32 35 46 0.0 0.0 68.0 0.0 1517.0 8.0 6.0 0.39149888143176725
32 35 47 0.0 0.0 0.0 0.0 6.0 0.0 0.0 0.6979062811565303
32 36 32 0.0 0.0 0.0 0.0 3.0 0.0 0.0 0.6989515726410384
32 36 33 0.0 0.0 35.0 0.0 1062.0 9.0 5.0 0.4532211071544188
32 36 34 0.0 0.0 10.0 0.0 383.0 2.0 0.0 0.5857740585774057
32 36 35 0.0 0.0 272.0 0.0 5939.0 17.0 455.0 0.17073170731707313
32 36 36 0.0 0.0 451.0 0.0 8509.0 37.0 1226.0 0.1281347245103423
32 36 37 0.0 0.0 355.0 0.0 7110.0 18.0 684.0 0.14813247275420588
32 36 38 0.0 0.0 657.0 0.0 11265.0 25.0 4003.0 0.10061085159899388
32 36 39 0.0 0.0 643.0 0.0 10741.0 25.0 2575.0 0.10469638049655997
32 36 40 0.0 0.0 654.0 0.0 11082.0 26.0 3401.0 0.10204081632653059
32 36 41 0.0 0.0 517.0 0.0 9886.0 29.0 2323.0 0.1130673558391213
32 36 42 0.0 0.0 559.0 0.0 10124.0 25.0 2327.0 0.11052340727875581
32 36 43 0.0 0.0 239.0 0.0 5305.0 19.0 320.0 0.18607123870281764
32 36 44 0.0 0.0 250.0 0.0 5704.0 26.0 365.0 0.1764780032774486
32 36 45 0.0 0.0 196.0 0.0 4228.0 25.0 148.0 0.21874999999999997
32 36 46 0.0 0.0 188.0 0.0 5077.0 23.0 303.0 0.1932100469224399
32 36 47 0.0 0.0 1.0 0.0 26.0 1.0 0.0 0.6910167818361302
32 37 31 0.0 0.0 0.0 0.0 1.0 0.0 0.0 0.6996501749125437
32 37 32 0.0 0.0 0.0 0.0 4.0 0.0 0.0 0.6986027944111775
32 37 33 0.0 0.0 47.0 0.0 1065.0 7.0 2.0 0.4508856682769726
32 37 34 0.0 0.0 564.0 0.0 10516.0 28.0 2967.0 0.10714012397642916
32 37 35 0.0 0.0 586.0 0.0 10530.0 26.0 2647.0 0.10683760683760683
32 37 36 0.0 0.0 789.0 0.0 12153.0 25.0 5772.0 0.09374581491897682
32 37 37 0.0 0.0 494.0 0.0 9666.0 23.0 1931.0 0.11526428453811954
32 37 38 0.0 0.0 706.0 0.0 11677.0 32.0 5020.0 0.09748624747580252
32 37 39 0.0 0.0 776.0 0.0 12126.0 23.0 5964.0 0.09395342594456747
32 37 40 0.0 0.0 694.0 0.0 11189.0 26.0 3152.0 0.1009009009009009
32 37 41 0.0 0.0 378.0 0.0 8262.0 17.0 1246.0 0.13171511901401825
32 37 42 0.0 0.0 570.0 0.0 10741.0 25.0 3344.0 0.1052315093205051
32 37 43 0.0 0.0 390.0 0.0 8525.0 15.0 1297.0 0.12838147638697844
32 37 44 0.0 0.0 273.0 0.0 6709.0 22.0 700.0 0.15614543832255184
32 37 45 0.0 0.0 221.0 0.0 5196.0 15.0 296.0 0.1891380707916779
32 37 46 0.0 0.0 322.0 0.0 6659.0 18.0 609.0 0.15616285554935858
32 37 47 0.0 0.0 23.0 0.0 584.0 8.0 1.0 0.5386687187379761
32 37 48 0.0 0.0 14.0 0.0 510.0 7.0 3.0 0.5562177195073499
32 38 32 0.0 0.0 0.0 0.0 34.0 0.0 0.0 0.6882989183874139
32 38 33 0.0 0.0 102.0 0.0 2290.0 12.0 38.0 0.31956174389408804
32 38 34 0.0 0.0 131.0 0.0 3487.0 15.0 108.0 0.24991074616208492
32 38 35 0.0 0.0 448.0 0.0 8925.0 21.0 1496.0 0.12318521777386712
32 38 36 0.0 0.0 696.0 0.0 11636.0 36.0 4888.0 0.09778584899071034
32 38 37 0.0 0.0 909.0 0.0 12573.0 25.0 7861.0 0.09044511919374636
32 38 38 0.0 0.0 1015.0 0.0 12977.0 30.0 11703.0 0.08753282480930348
32 38 39 0.0 0.0 931.0 0.0 13006.0 30.0 8288.0 0.08786243253420359
32 38 40 0.0 0.0 1145.0 0.0 13445.0 37.0 11690.0 0.08438818565400844
32 38 41 0.0 0.0 717.0 0.0 11747.0 28.0 4759.0 0.0968054211035818
32 38 42 0.0 0.0 470.0 0.0 9191.0 28.0 1733.0 0.12026458208057725
32 38 43 0.0 0.0 419.0 0.0 8364.0 24.0 1238.0 0.1300631735414344
32 38 44 0.0 0.0 333.0 0.0 6841.0 25.0 562.0 0.1530054644808743
32 38 45 0.0 0.0 196.0 0.0 4704.0 25.0 245.0 0.20360674810936588
32 38 46 0.0 0.0 236.0 0.0 6058.0 25.0 539.0 0.16924564796905223
32 38 47 0.0 0.0 142.0 0.0 3730.0 18.0 142.0 0.23907103825136608
32 38 48 0.0 0.0 0.0 0.0 21.0 0.0 0.0 0.6927263730826323
32 38 49 0.0 0.0 0.0 0.0 1.0 0.0 0.0 0.6996501749125437
32 39 32 0.0 0.0 0.0 0.0 74.0 0.0 1.0 0.6750241080038573
32 39 33 0.0 0.0 375.0 0.0 7911.0 29.0 1046.0 0.1363193768257059
32 39 34 0.0 0.0 316.0 0.0 6794.0 30.0 627.0 0.1541510680466857
32 39 35 0.0 0.0 508.0 0.0 9812.0 22.0 2240.0 0.11373791534649441
32 39 36 0.0 0.0 978.0 0.0 12879.0 37.0 10716.0 0.08838383838383837
32 39 37 0.0 0.0 878.0 0.0 12727.0 37.0 6572.0 0.08978963571062083
32 39 38 0.0 0.0 1036.0 0.0 13409.0 32.0 9588.0 0.08515297123046042
32 39 39 0.0 0.0 920.0 0.0 12865.0 36.0 6977.0 0.08878741755454084
32 39 40 0.0 0.0 812.0 0.0 12421.0 25.0 5973.0 0.09196610392169742
32 39 41 0.0 0.0 833.0 0.0 12513.0 26.0 6440.0 0.09124682265528253
32 39 42 0.0 0.0 737.0 0.0 11862.0 33.0 5068.0 0.09600877794541214
32 39 43 0.0 0.0 385.0 0.0 8043.0 29.0 1076.0 0.13456362937331795
32 39 44 0.0 0.0 255.0 0.0 5529.0 29.0 391.0 0.1804123711340206
32 39 45 0.0 0.0 395.0 0.0 8563.0 19.0 1320.0 0.12790060295998537
32 39 46 0.0 0.0 242.0 0.0 5342.0 20.0 274.0 0.18501387604070305
32 39 47 0.0 0.0 44.0 0.0 1309.0 13.0 9.0 0.4191616766467065
32 39 48 0.0 0.0 13.0 0.0 364.0 2.0 0.0 0.5894736842105263
32 40 32 0.0 0.0 2.0 0.0 100.0 0.0 0.0 0.6660323501427211
32 40 33 0.0 0.0 71.0 0.0 1957.0 9.0 22.0 0.34825870646766166
32 40 34 0.0 0.0 417.0 0.0 8245.0 32.0 1177.0 0.13161605715897337
32 40 35 0.0 0.0 693.0 0.0 11552.0 30.0 4147.0 0.09834223096375386
32 40 36 0.0 0.0 826.0 0.0 12373.0 27.0 5899.0 0.09218410482649635
32 40 37 0.0 0.0 1457.0 0.0 13767.0 48.0 16962.0 0.08129137150156776
32 40 38 0.0 0.0 1489.0 0.0 13614.0 51.0 19702.0 0.08196241437854926
32 40 39 0.0 0.0 1420.0 0.0 13545.0 40.0 17953.0 0.08250338853202899
32 40 40 0.0 0.0 763.0 0.0 11983.0 23.0 5097.0 0.09492168960607497
32 40 41 0.0 0.0 836.0 0.0 12457.0 18.0 6437.0 0.09152719665271965
32 40 42 0.0 0.0 691.0 0.0 11179.0 19.0 3303.0 0.10098824208324315
32 40 43 0.0 0.0 747.0 0.0 12067.0 25.0 5904.0 0.09451795841209829
32 40 44 0.0 0.0 675.0 0.0 11611.0 27.0 4319.0 0.09811479430934192
32 40 45 0.0 0.0 425.0 0.0 8266.0 21.0 1192.0 0.13109841745481784
32 40 46 0.0 0.0 76.0 0.0 1906.0 8.0 24.0 0.35237855524792344
32 40 47 0.0 0.0 259.0 0.0 5081.0 21.0 253.0 0.19123070618767926
32 40 48 0.0 0.0 9.0 0.0 297.0 4.0 1.0 0.6081668114682883
32 40 49 0.0 0.0 0.0 0.0 1.0 0.0 0.0 0.6996501749125437
32 41 32 0.0 0.0 0.0 0.0 12.0 0.0 0.0 0.6958250497017892
32 41 33 0.0 0.0 15.0 0.0 447.0 4.0 0.0 0.5695687550854353
32 41 34 0.0 0.0 299.0 0.0 6601.0 25.0 572.0 0.1576931741383194
32 41 35 0.0 0.0 432.0 0.0 8825.0 27.0 1610.0 0.12455516014234873
32 41 36 0.0 0.0 1192.0 0.0 13297.0 34.0 13453.0 0.08492053863884506
32 41 37 0.0 0.0 1183.0 0.0 13162.0 42.0 13523.0 0.08574753475837568
32 41 38 0.0 0.0 1282.0 0.0 13931.0 25.0 12449.0 0.08129137150156776
32 41 39 0.0 0.0 1316.0 0.0 13553.0 43.0 15249.0 0.0830367734282325
32 41 40 0.0 0.0 1277.0 0.0 13215.0 31.0 16385.0 0.08484848484848484
32 41 41 0.0 0.0 898.0 0.0 13044.0 27.0 7607.0 0.08784038147822812
32 41 42 0.0 0.0 605.0 0.0 10935.0 17.0 3099.0 0.10344318013890941
32 41 43 0.0 0.0 697.0 0.0 11722.0 14.0 4890.0 0.09706045479755962
32 41 44 0.0 0.0 725.0 0.0 11597.0 36.0 4076.0 0.09790209790209789
32 41 45 0.0 0.0 251.0 0.0 5705.0 13.0 407.0 0.17614494212380472
32 41 46 0.0 0.0 113.0 0.0 2597.0 13.0 41.0 0.29806259314456035
32 41 47 0.0 0.0 10.0 0.0 355.0 1.0 1.0 0.5924672027084215
32 41 48 0.0 0.0 1.0 0.0 40.0 1.0 0.0 0.6862745098039215
32 42 32 0.0 0.0 0.0 0.0 3.0 0.0 0.0 0.6989515726410384
32 42 33 0.0 0.0 0.0 0.0 51.0 0.0 0.0 0.68259385665529
32 42 34 0.0 0.0 145.0 0.0 3200.0 9.0 80.0 0.2623688155922038
32 42 35 0.0 0.0 208.0 0.0 4541.0 20.0 162.0 0.20805468866101942
32 42 36 0.0 0.0 684.0 0.0 11316.0 30.0 3325.0 0.10015739018457576
32 42 37 0.0 0.0 1462.0 0.0 13192.0 43.0 19519.0 0.08407398510689405
32 42 38 0.0 0.0 1326.0 0.0 13494.0 39.0 16156.0 0.08322929671244278
32 42 39 0.0 0.0 1299.0 0.0 14053.0 36.0 12612.0 0.08078476630121176
32 42 40 0.0 0.0 1493.0 0.0 13754.0 40.0 17917.0 0.08121591831999071
32 42 41 0.0 0.0 1259.0 0.0 13418.0 37.0 14363.0 0.0839278220730172
32 42 42 0.0 0.0 985.0 0.0 13085.0 31.0 9460.0 0.08716224629560453
32 42 43 0.0 0.0 328.0 0.0 7690.0 23.0 909.0 0.13999999999999999
32 42 44 0.0 0.0 388.0 0.0 7633.0 24.0 842.0 0.13991605036977808
32 42 45 0.0 0.0 350.0 0.0 7782.0 22.0 1082.0 0.13843567685157715
32 42 46 0.0 0.0 88.0 0.0 2559.0 13.0 45.0 0.3021800129505719
32 42 47 0.0 0.0 174.0 0.0 4009.0 16.0 151.0 0.2270147559591373
32 42 48 0.0 0.0 0.0 0.0 19.0 0.0 0.0 0.6934125804853887
32 43 32 0.0 0.0 0.0 0.0 2.0 0.0 0.0 0.6993006993006992
32 43 33 0.0 0.0 0.0 0.0 21.0 0.0 0.0 0.6927263730826323
32 43 34 0.0 0.0 210.0 0.0 4231.0 21.0 145.0 0.21803457405388563
32 43 35 0.0 0.0 262.0 0.0 6443.0 30.0 538.0 0.1613646841862609
32 43 36 0.0 0.0 388.0 0.0 7944.0 22.0 1026.0 0.1357246728065923
32 43 37 0.0 0.0 1123.0 0.0 13275.0 29.0 11561.0 0.08540751586139579
32 43 38 0.0 0.0 1496.0 0.0 13858.0 31.0 17659.0 0.08068699210420148
32 43 39 0.0 0.0 1643.0 0.0 13051.0 45.0 24025.0 0.08386246555648735
32 43 40 0.0 0.0 1347.0 0.0 13538.0 42.0 15559.0 0.08299247139723752
32 43 41 0.0 0.0 1016.0 0.0 13227.0 28.0 8618.0 0.08622813500862281
32 43 42 0.0 0.0 953.0 0.0 12897.0 42.0 9642.0 0.08842849924204144
32 43 43 0.0 0.0 362.0 0.0 7434.0 18.0 830.0 0.14314928425357873
32 43 44 0.0 0.0 659.0 0.0 10666.0 24.0 2472.0 0.10515247108307045
32 43 45 0.0 0.0 189.0 0.0 4798.0 23.0 242.0 0.200918484500574
32 43 46 0.0 0.0 550.0 0.0 10115.0 33.0 2380.0 0.11073321205410107
32 43 47 0.0 0.0 18.0 0.0 361.0 4.0 1.0 0.5894736842105263
32 43 48 0.0 0.0 0.0 0.0 9.0 0.0 0.0 0.6968641114982577
32 43 49 0.0 0.0 0.0 0.0 1.0 0.0 0.0 0.6996501749125437
32 44 32 0.0 0.0 0.0 0.0 1.0 0.0 0.0 0.6996501749125437
32 44 33 0.0 0.0 0.0 0.0 9.0 0.0 0.0 0.6968641114982577
32 44 34 0.0 0.0 63.0 0.0 1494.0 10.0 7.0 0.39469974626444876
32 44 35 0.0 0.0 86.0 0.0 2435.0 16.0 42.0 0.31076581576026635
32 44 36 0.0 0.0 419.0 0.0 8231.0 15.0 1193.0 0.13159131497321175
32 44 37 0.0 0.0 517.0 0.0 10153.0 32.0 2496.0 0.11068943706514864
32 44 38 0.0 0.0 1496.0 0.0 13328.0 39.0 19195.0 0.0832045643646737
32 44 39 0.0 0.0 1712.0 0.0 12878.0 39.0 25254.0 0.08435259384226064
32 44 40 0.0 0.0 1166.0 0.0 13193.0 33.0 13468.0 0.08561120283739986
32 44 41 0.0 0.0 763.0 0.0 12154.0 33.0 5683.0 0.09394081728511038
32 44 42 0.0 0.0 1091.0 0.0 13108.0 33.0 11239.0 0.08645177226133136
32 44 43 0.0 0.0 505.0 0.0 9837.0 24.0 2115.0 0.11354420113544199
32 44 44 0.0 0.0 557.0 0.0 10594.0 26.0 2809.0 0.10654490106544899
32 44 45 0.0 0.0 734.0 0.0 11672.0 21.0 4812.0 0.09717498438259178
32 44 46 0.0 0.0 200.0 0.0 4220.0 18.0 155.0 0.21857923497267756
32 44 47 0.0 0.0 36.0 0.0 632.0 3.0 4.0 0.5255255255255254
32 44 48 0.0 0.0 0.0 0.0 8.0 0.0 0.0 0.697211155378486
32 44 49 0.0 0.0 0.0 0.0 2.0 0.0 0.0 0.6993006993006992
32 45 32 0.0 0.0 0.0 0.0 1.0 0.0 0.0 0.6996501749125437
32 45 33 0.0 0.0 0.0 0.0 15.0 0.0 0.0 0.694789081885856
32 45 34 0.0 0.0 2.0 0.0 96.0 0.0 0.0 0.6673021925643469
32 45 35 0.0 0.0 4.0 0.0 208.0 1.0 1.0 0.6331976481230212
32 45 36 0.0 0.0 112.0 0.0 2898.0 12.0 76.0 0.2799440111977604
32 45 37 0.0 0.0 537.0 0.0 10118.0 33.0 2179.0 0.11084718923198733
32 45 38 0.0 0.0 846.0 0.0 12439.0 35.0 6170.0 0.09172508681124286
32 45 39 0.0 0.0 926.0 0.0 13061.0 33.0 6637.0 0.08760951188986231
32 45 40 0.0 0.0 1297.0 0.0 13316.0 38.0 15955.0 0.08434751174840342
32 45 41 0.0 0.0 453.0 0.0 9040.0 19.0 1518.0 0.12197246907126674
32 45 42 0.0 0.0 482.0 0.0 9315.0 32.0 1764.0 0.11891616410430646
32 45 43 0.0 0.0 451.0 0.0 9539.0 28.0 2166.0 0.11697860962566843
32 45 44 0.0 0.0 502.0 0.0 9473.0 21.0 1954.0 0.11703728473499413
32 45 45 0.0 0.0 226.0 0.0 4593.0 25.0 203.0 0.2060035314891112
32 45 46 0.0 0.0 13.0 0.0 460.0 3.0 2.0 0.5668016194331983
32 45 47 0.0 0.0 1.0 0.0 27.0 0.0 0.0 0.6906758756783422
32 45 48 0.0 0.0 0.0 0.0 5.0 0.0 0.0 0.6982543640897755
32 46 33 0.0 0.0 0.0 0.0 12.0 0.0 0.0 0.6958250497017892
32 46 34 0.0 0.0 27.0 0.0 409.0 10.0 0.0 0.5770816158285242
32 46 35 0.0 0.0 0.0 0.0 25.0 0.0 0.0 0.6913580246913579
32 46 36 0.0 0.0 99.0 0.0 2099.0 13.0 19.0 0.334448160535117
32 46 37 0.0 0.0 196.0 0.0 4414.0 19.0 201.0 0.21241086329843722
32 46 38 0.0 0.0 622.0 0.0 11019.0 26.0 3930.0 0.10272213662044169
32 46 39 0.0 0.0 298.0 0.0 7000.0 17.0 725.0 0.15076459185871202
32 46 40 0.0 0.0 602.0 0.0 10888.0 19.0 3410.0 0.10384986276982418
32 46 41 0.0 0.0 486.0 0.0 9942.0 32.0 2513.0 0.11283043197936815
32 46 42 0.0 0.0 336.0 0.0 6703.0 25.0 568.0 0.15521064301552104
32 46 43 0.0 0.0 468.0 0.0 9297.0 25.0 2077.0 0.11921996082772714
32 46 44 0.0 0.0 135.0 0.0 3640.0 13.0 113.0 0.24292903001908725
32 46 45 0.0 0.0 112.0 0.0 2663.0 15.0 41.0 0.2941176470588235
32 46 46 0.0 0.0 41.0 0.0 768.0 14.0 1.0 0.5008944543828264
32 46 47 0.0 0.0 0.0 0.0 6.0 0.0 0.0 0.6979062811565303
32 47 33 0.0 0.0 0.0 0.0 7.0 0.0 0.0 0.6975585450921773
32 47 34 0.0 0.0 0.0 0.0 1.0 0.0 0.0 0.6996501749125437
32 47 35 0.0 0.0 5.0 0.0 134.0 1.0 0.0 0.6548175865294666
32 47 36 0.0 0.0 0.0 0.0 30.0 0.0 0.0 0.6899950714637751
32 47 37 0.0 0.0 51.0 0.0 1383.0 6.0 2.0 0.4084014002333722
32 47 38 0.0 0.0 140.0 0.0 3200.0 19.0 71.0 0.2631084382634843
32 47 39 0.0 0.0 123.0 0.0 2494.0 14.0 41.0 0.30408340573414416
32 47 40 0.0 0.0 114.0 0.0 2924.0 17.0 69.0 0.2788844621513944
32 47 41 0.0 0.0 57.0 0.0 1720.0 11.0 21.0 0.3723404255319149
32 47 42 0.0 0.0 269.0 0.0 5901.0 17.0 421.0 0.17165277096615986
32 47 43 0.0 0.0 88.0 0.0 2095.0 11.0 29.0 0.33540967896502155
32 47 44 0.0 0.0 77.0 0.0 1869.0 19.0 32.0 0.3564154786150712
32 47 45 0.0 0.0 2.0 0.0 26.0 0.0 0.0 0.6906758756783422
32 47 46 0.0 0.0 0.0 0.0 3.0 0.0 0.0 0.6989515726410384
32 48 36 0.0 0.0 0.0 0.0 4.0 0.0 0.0 0.6986027944111775
32 48 37 0.0 0.0 1.0 0.0 8.0 0.0 0.0 0.6968641114982577
32 48 38 0.0 0.0 15.0 0.0 461.0 4.0 2.0 0.5663430420711973
32 48 39 0.0 0.0 67.0 0.0 1379.0 9.0 8.0 0.40733197556008144
32 48 40 0.0 0.0 1.0 0.0 85.0 0.0 0.0 0.6711409395973154
32 48 41 0.0 0.0 5.0 0.0 110.0 3.0 0.0 0.6635071090047392
32 48 42 0.0 0.0 0.0 0.0 68.0 0.0 0.0 0.6769825918762088
32 48 43 0.0 0.0 37.0 0.0 745.0 9.0 2.0 0.5048683736025964
32 48 44 0.0 0.0 0.0 0.0 5.0 0.0 0.0 0.6982543640897755
32 49 36 0.0 0.0 0.0 0.0 8.0 0.0 0.0 0.697211155378486
32 49 37 0.0 0.0 0.0 0.0 2.0 0.0 0.0 0.6993006993006992
32 49 38 0.0 0.0 0.0 0.0 15.0 0.0 0.0 0.694789081885856
32 49 39 0.0 0.0 0.0 0.0 19.0 0.0 0.0 0.6934125804853887
32 49 40 0.0 0.0 1.0 0.0 51.0 0.0 0.0 0.6829268292682925
32 49 41 0.0 0.0 102.0 0.0 2460.0 17.0 39.0 0.308030803080308
32 49 42 0.0 0.0 5.0 0.0 120.0 3.0 0.0 0.6597549481621111
32 50 40 0.0 0.0 0.0 0.0 1.0 0.0 0.0 0.6996501749125437
32 50 41 0.0 0.0 3.0 0.0 26.0 2.0 0.0 0.6906758756783422
32 50 42 0.0 0.0 3.0 0.0 25.0 1.0 0.0 0.6906758756783422
33 31 35 0.0 0.0 0.0 0.0 1.0 0.0 0.0 0.6996501749125437
33 31 36 0.0 0.0 0.0 0.0 2.0 0.0 0.0 0.6993006993006992
33 31 37 0.0 0.0 0.0 0.0 6.0 0.0 0.0 0.6979062811565303
33 31 38 0.0 0.0 0.0 0.0 3.0 0.0 0.0 0.6989515726410384
33 31 40 0.0 0.0 0.0 0.0 2.0 0.0 0.0 0.6993006993006992
33 31 41 0.0 0.0 0.0 0.0 3.0 0.0 0.0 0.6989515726410384
33 31 42 0.0 0.0 0.0 0.0 4.0 0.0 0.0 0.6986027944111775
33 32 34 0.0 0.0 1.0 0.0 37.0 1.0 0.0 0.6872852233676975
33 32 35 0.0 0.0 0.0 0.0 52.0 0.0 1.0 0.6822612085769979
33 32 36 0.0 0.0 6.0 0.0 173.0 1.0 0.0 0.6427915518824608
33 32 37 0.0 0.0 68.0 0.0 2200.0 8.0 37.0 0.3287928604978863
33 32 38 0.0 0.0 251.0 0.0 4782.0 26.0 176.0 0.19977168949771684
33 32 39 0.0 0.0 2.0 0.0 77.0 1.0 0.0 0.6740491092922483
33 32 40 0.0 0.0 2.0 0.0 49.0 1.0 0.0 0.6829268292682925
33 32 41 0.0 0.0 57.0 0.0 1142.0 12.0 6.0 0.439146800501882
33 32 42 0.0 0.0 123.0 0.0 2468.0 16.0 39.0 0.3060109289617486
33 32 43 0.0 0.0 1.0 0.0 124.0 1.0 0.0 0.6591337099811675
33 32 44 0.0 0.0 0.0 0.0 2.0 0.0 0.0 0.6993006993006992
33 33 32 0.0 0.0 0.0 0.0 1.0 0.0 0.0 0.6996501749125437
33 33 33 0.0 0.0 0.0 0.0 3.0 0.0 0.0 0.6989515726410384
33 33 34 0.0 0.0 4.0 0.0 186.0 1.0 0.0 0.639561443581544
33 33 35 0.0 0.0 126.0 0.0 3058.0 15.0 63.0 0.2707930367504835
33 33 36 0.0 0.0 81.0 0.0 2594.0 15.0 45.0 0.30036472859901303
33 33 37 0.0 0.0 317.0 0.0 6486.0 30.0 547.0 0.15948963317384365
33 33 38 0.0 0.0 148.0 0.0 3132.0 16.0 64.0 0.26595744680851063
33 33 39 0.0 0.0 179.0 0.0 4182.0 14.0 152.0 0.22047244094488186
33 33 40 0.0 0.0 17.0 0.0 926.0 3.0 12.0 0.47619047619047605
33 33 41 0.0 0.0 282.0 0.0 6298.0 24.0 490.0 0.16353229762878166
33 33 42 0.0 0.0 32.0 0.0 852.0 3.0 5.0 0.486111111111111
33 33 43 0.0 0.0 133.0 0.0 3566.0 11.0 133.0 0.2460889435753208
33 33 44 0.0 0.0 3.0 0.0 82.0 0.0 0.0 0.6714628297362109
33 33 45 0.0 0.0 0.0 0.0 16.0 0.0 0.0 0.6944444444444444
33 33 46 0.0 0.0 0.0 0.0 3.0 0.0 0.0 0.6989515726410384
33 34 33 0.0 0.0 54.0 0.0 1324.0 7.0 15.0 0.4150607767565964
33 34 34 0.0 0.0 23.0 0.0 730.0 5.0 2.0 0.509461426491994
33 34 35 0.0 0.0 270.0 0.0 5425.0 26.0 320.0 0.18245796950345364
33 34 36 0.0 0.0 107.0 0.0 3104.0 12.0 106.0 0.26933435936898803
33 34 37 0.0 0.0 468.0 0.0 9101.0 22.0 1647.0 0.12114918656974731
33 34 38 0.0 0.0 624.0 0.0 10853.0 26.0 3097.0 0.10399643440796313
33 34 39 0.0 0.0 388.0 0.0 8060.0 26.0 1154.0 0.13422818791946306
33 34 40 0.0 0.0 618.0 0.0 10804.0 28.0 3384.0 0.10438413361169102
33 34 41 0.0 0.0 415.0 0.0 8656.0 27.0 1457.0 0.12670829939361028
33 34 42 0.0 0.0 282.0 0.0 6230.0 19.0 506.0 0.16476403436506998
33 34 43 0.0 0.0 69.0 0.0 2079.0 5.0 34.0 0.33800096571704485
33 34 44 0.0 0.0 89.0 0.0 2051.0 14.0 30.0 0.33939393939393936
33 34 45 0.0 0.0 162.0 0.0 3600.0 22.0 119.0 0.2438174851967955
33 34 46 0.0 0.0 0.0 0.0 27.0 0.0 0.0 0.6906758756783422
33 35 31 0.0 0.0 0.0 0.0 3.0 0.0 0.0 0.6989515726410384
33 35 32 0.0 0.0 0.0 0.0 37.0 0.0 0.0 0.6876227897838899
33 35 33 0.0 0.0 8.0 0.0 144.0 3.0 0.0 0.6514657980456026
33 35 34 0.0 0.0 95.0 0.0 2640.0 18.0 53.0 0.29679881280474874
33 35 35 0.0 0.0 229.0 0.0 5658.0 20.0 399.0 0.1779359430604982
33 35 36 0.0 0.0 434.0 0.0 8536.0 21.0 1260.0 0.12778386272362174
33 35 37 0.0 0.0 327.0 0.0 7710.0 23.0 1003.0 0.13969267611255237
33 35 38 0.0 0.0 544.0 0.0 10262.0 33.0 2186.0 0.10953759486738125
33 35 39 0.0 0.0 459.0 0.0 8711.0 24.0 1385.0 0.12550425818018823
33 35 40 0.0 0.0 717.0 0.0 11672.0 36.0 4283.0 0.09739807986642549
33 35 41 0.0 0.0 807.0 0.0 12369.0 32.0 5555.0 0.09235437693779272
33 35 42 0.0 0.0 833.0 0.0 12347.0 30.0 5140.0 0.09228132621448815
33 35 43 0.0 0.0 335.0 0.0 7033.0 17.0 685.0 0.14968459317865923
33 35 44 0.0 0.0 321.0 0.0 6976.0 12.0 621.0 0.15071590052750564
33 35 45 0.0 0.0 113.0 0.0 2554.0 15.0 45.0 0.3009458297506449
33 35 46 0.0 0.0 111.0 0.0 2733.0 13.0 55.0 0.2897350993377483
33 35 47 0.0 0.0 1.0 0.0 35.0 1.0 0.0 0.6879606879606879
33 35 48 0.0 0.0 0.0 0.0 10.0 0.0 0.0 0.6965174129353233
33 36 31 0.0 0.0 0.0 0.0 33.0 0.0 0.0 0.6886374815543531
33 36 32 0.0 0.0 19.0 0.0 384.0 5.0 0.0 0.5838198498748957
33 36 33 0.0 0.0 112.0 0.0 2937.0 15.0 57.0 0.278164116828929
33 36 34 0.0 0.0 102.0 0.0 2576.0 17.0 45.0 0.30010718113612
33 36 35 0.0 0.0 551.0 0.0 10400.0 29.0 2883.0 0.10826695537854768
33 36 36 0.0 0.0 1042.0 0.0 12868.0 29.0 11885.0 0.08797838245459687
33 36 37 0.0 0.0 877.0 0.0 12604.0 20.0 7622.0 0.09047434406100555
33 36 38 0.0 0.0 995.0 0.0 13198.0 25.0 7841.0 0.08647847303724751
33 36 39 0.0 0.0 875.0 0.0 12778.0 34.0 7827.0 0.08954269267668691
33 36 40 0.0 0.0 1038.0 0.0 13328.0 26.0 8943.0 0.08555365436323636
33 36 41 0.0 0.0 1133.0 0.0 13497.0 39.0 11126.0 0.08420546132563454
33 36 42 0.0 0.0 1022.0 0.0 13255.0 37.0 10179.0 0.0860479409956976
33 36 43 0.0 0.0 536.0 0.0 10166.0 26.0 2269.0 0.11042751222590312
33 36 44 0.0 0.0 789.0 0.0 12210.0 20.0 5235.0 0.09327115256495667
33 36 45 0.0 0.0 645.0 0.0 11177.0 26.0 4521.0 0.10139049826187715
33 36 46 0.0 0.0 198.0 0.0 4582.0 16.0 217.0 0.20697811945594316
33 36 47 0.0 0.0 27.0 0.0 491.0 8.0 0.0 0.5577689243027888
33 36 48 0.0 0.0 0.0 0.0 18.0 0.0 0.0 0.6937561942517343
33 37 31 0.0 0.0 3.0 0.0 36.0 1.0 0.0 0.6872852233676975
33 37 32 0.0 0.0 13.0 0.0 241.0 3.0 0.0 0.6219458018658373
33 37 33 0.0 0.0 9.0 0.0 601.0 7.0 2.0 0.5380476556495004
33 37 34 0.0 0.0 283.0 0.0 6748.0 15.0 621.0 0.15524506542470615
33 37 35 0.0 0.0 758.0 0.0 12016.0 33.0 4795.0 0.09488952148569878
33 37 36 0.0 0.0 1185.0 0.0 13466.0 33.0 12836.0 0.08407903429223469
33 37 37 0.0 0.0 1423.0 0.0 13193.0 43.0 18880.0 0.08430180044559522
33 37 38 0.0 0.0 1127.0 0.0 13555.0 41.0 10600.0 0.08397312859884835
33 37 39 0.0 0.0 1330.0 0.0 13751.0 38.0 14489.0 0.08196241437854926
33 37 40 0.0 0.0 1237.0 0.0 13522.0 37.0 13501.0 0.08353720389044691
33 37 41 0.0 0.0 1502.0 0.0 13527.0 40.0 19063.0 0.08224167303060564
33 37 42 0.0 0.0 1444.0 0.0 13624.0 36.0 17770.0 0.08201042704000937
33 37 43 0.0 0.0 802.0 0.0 12374.0 27.0 4919.0 0.09234219378668952
33 37 44 0.0 0.0 798.0 0.0 12020.0 29.0 5022.0 0.09455626097528029
33 37 45 0.0 0.0 807.0 0.0 12369.0 32.0 6582.0 0.09235437693779272
33 37 46 0.0 0.0 109.0 0.0 2978.0 13.0 73.0 0.27597082594125755
33 37 47 0.0 0.0 56.0 0.0 1299.0 10.0 6.0 0.4185351270553064
33 37 48 0.0 0.0 25.0 0.0 466.0 6.0 0.0 0.5633802816901408
33 37 49 0.0 0.0 0.0 0.0 4.0 0.0 0.0 0.6986027944111775
33 38 31 0.0 0.0 60.0 0.0 957.0 14.0 4.0 0.4662004662004661
33 38 32 0.0 0.0 1.0 0.0 73.0 0.0 0.0 0.6750241080038573
33 38 33 0.0 0.0 157.0 0.0 3624.0 18.0 104.0 0.24292903001908725
33 38 34 0.0 0.0 221.0 0.0 5517.0 20.0 350.0 0.1814176493456006
33 38 35 0.0 0.0 1057.0 0.0 13032.0 42.0 11863.0 0.08710801393728222
33 38 36 0.0 0.0 1751.0 0.0 12894.0 45.0 25922.0 0.0841194496184582
33 38 37 0.0 0.0 1645.0 0.0 13561.0 41.0 21294.0 0.08138115444980526
33 38 38 0.0 0.0 1907.0 0.0 13463.0 46.0 26646.0 0.08057553956834532
33 38 39 0.0 0.0 1808.0 0.0 13391.0 51.0 25461.0 0.0813953488372093
33 38 40 0.0 0.0 1298.0 0.0 13862.0 34.0 13108.0 0.08159934720522236
33 38 41 0.0 0.0 1058.0 0.0 13442.0 27.0 9267.0 0.08487420430433464
33 38 42 0.0 0.0 1076.0 0.0 13359.0 32.0 10658.0 0.08512190673071075
33 38 43 0.0 0.0 751.0 0.0 11960.0 34.0 4943.0 0.09528346831824677
33 38 44 0.0 0.0 967.0 0.0 12716.0 31.0 8329.0 0.08931419457735246
33 38 45 0.0 0.0 699.0 0.0 11384.0 41.0 3766.0 0.09959450807426905
33 38 46 0.0 0.0 721.0 0.0 11618.0 26.0 4933.0 0.09771759614713477
33 38 47 0.0 0.0 337.0 0.0 7241.0 18.0 751.0 0.14641288433382138
33 38 48 0.0 0.0 0.0 0.0 91.0 0.0 0.0 0.669536107125777
33 38 49 0.0 0.0 0.0 0.0 9.0 0.0 0.0 0.6968641114982577
33 39 31 0.0 0.0 0.0 0.0 4.0 0.0 0.0 0.6986027944111775
33 39 32 0.0 0.0 10.0 0.0 306.0 3.0 0.0 0.6052745352356247
33 39 33 0.0 0.0 402.0 0.0 8197.0 29.0 1344.0 0.13237518910741297
33 39 34 0.0 0.0 626.0 0.0 11108.0 27.0 3823.0 0.10200364298724952
33 39 35 0.0 0.0 692.0 0.0 11452.0 27.0 3992.0 0.09909399773499432
33 39 36 0.0 0.0 1747.0 0.0 13332.0 42.0 23971.0 0.08196241437854926
33 39 37 0.0 0.0 1944.0 0.0 13004.0 40.0 30113.0 0.08251311369128307
33 39 38 0.0 0.0 2399.0 0.0 12579.0 42.0 37227.0 0.08234325373485472
33 39 39 0.0 0.0 2230.0 0.0 12227.0 54.0 36944.0 0.08509086488786238
33 39 40 0.0 0.0 1990.0 0.0 13736.0 48.0 26423.0 0.07895775759968415
33 39 41 0.0 0.0 1708.0 0.0 13772.0 49.0 21988.0 0.08006863025450385
33 39 42 0.0 0.0 1198.0 0.0 13735.0 35.0 12446.0 0.08273253752511522
33 39 43 0.0 0.0 1302.0 0.0 13600.0 26.0 13975.0 0.08277656240761544
33 39 44 0.0 0.0 829.0 0.0 12398.0 35.0 5626.0 0.0920447074293228
33 39 45 0.0 0.0 1077.0 0.0 13148.0 40.0 10981.0 0.08634513383495744
33 39 46 0.0 0.0 678.0 0.0 11346.0 34.0 3853.0 0.09997857601942439
33 39 47 0.0 0.0 160.0 0.0 3438.0 17.0 76.0 0.2510310202617894
33 39 48 0.0 0.0 42.0 0.0 1134.0 6.0 5.0 0.4416403785488959
33 39 49 0.0 0.0 0.0 0.0 9.0 0.0 0.0 0.6968641114982577
33 40 32 0.0 0.0 5.0 0.0 155.0 1.0 1.0 0.6490496059341677
33 40 33 0.0 0.0 197.0 0.0 4884.0 24.0 252.0 0.19830028328611898
33 40 34 0.0 0.0 817.0 0.0 12447.0 30.0 8010.0 0.0917130691123485
33 40 35 0.0 0.0 1383.0 0.0 13031.0 30.0 19077.0 0.0852255433128386
33 40 36 0.0 0.0 1575.0 0.0 13616.0 34.0 19781.0 0.08145217593670001
33 40 37 0.0 0.0 2418.0 0.0 11603.0 55.0 44641.0 0.08735259250015598
33 40 38 0.0 0.0 2492.0 0.0 12038.0 61.0 43589.0 0.08478682170542635
33 40 39 0.0 0.0 2106.0 0.0 14309.0 58.0 24026.0 0.07608282158578338
33 40 40 0.0 0.0 2119.0 0.0 12925.0 51.0 32162.0 0.08206330597889801
33 40 41 0.0 0.0 1870.0 0.0 13272.0 42.0 26553.0 0.0816850458019721
33 40 42 0.0 0.0 1595.0 0.0 13807.0 31.0 19554.0 0.08043203493048373
33 40 43 0.0 0.0 1124.0 0.0 13528.0 39.0 10780.0 0.0841194496184582
33 40 44 0.0 0.0 1096.0 0.0 13316.0 27.0 11155.0 0.08533983541603168
33 40 45 0.0 0.0 857.0 0.0 12766.0 33.0 6630.0 0.08970908624887863
33 40 46 0.0 0.0 418.0 0.0 8539.0 21.0 1294.0 0.12802926383173294
33 40 47 0.0 0.0 421.0 0.0 8229.0 21.0 1039.0 0.13161605715897337
33 40 48 0.0 0.0 60.0 0.0 1413.0 11.0 11.0 0.40439052570768336
33 40 49 0.0 0.0 0.0 0.0 1.0 0.0 0.0 0.6996501749125437
33 41 32 0.0 0.0 5.0 0.0 74.0 3.0 0.0 0.6743737957610789
33 41 33 0.0 0.0 153.0 0.0 3422.0 19.0 75.0 0.251889168765743
33 41 34 0.0 0.0 322.0 0.0 7634.0 21.0 1026.0 0.1408450704225352
33 41 35 0.0 0.0 633.0 0.0 11401.0 31.0 4066.0 0.09987871869872297
33 41 36 0.0 0.0 1485.0 0.0 13422.0 42.0 19090.0 0.08285004142502071
33 41 37 0.0 0.0 2067.0 0.0 13565.0 43.0 27931.0 0.07937857912343368
33 41 38 0.0 0.0 2563.0 0.0 11913.0 73.0 44284.0 0.08498755539367449
33 41 39 0.0 0.0 2492.0 0.0 12601.0 70.0 38518.0 0.0819480215406228
33 41 40 0.0 0.0 1959.0 0.0 13934.0 36.0 24189.0 0.07823851570358778
33 41 41 0.0 0.0 1995.0 0.0 13230.0 52.0 28225.0 0.0812960919807212
33 41 42 0.0 0.0 1445.0 0.0 14457.0 34.0 14273.0 0.07816425660208809
33 41 43 0.0 0.0 1641.0 0.0 13308.0 34.0 22560.0 0.08253743662303974
33 41 44 0.0 0.0 1140.0 0.0 13056.0 37.0 13589.0 0.08648381517173213
33 41 45 0.0 0.0 820.0 0.0 12395.0 21.0 6448.0 0.09203865623561894
33 41 46 0.0 0.0 626.0 0.0 11126.0 21.0 3899.0 0.10182558731544111
33 41 47 0.0 0.0 324.0 0.0 6875.0 26.0 680.0 0.15255530129672004
33 41 48 0.0 0.0 18.0 0.0 570.0 8.0 2.0 0.5426356589147286
33 41 49 0.0 0.0 0.0 0.0 4.0 0.0 0.0 0.6986027944111775
33 42 32 0.0 0.0 1.0 0.0 60.0 1.0 0.0 0.6796116504854368
33 42 33 0.0 0.0 71.0 0.0 1623.0 15.0 23.0 0.3805381897254688
33 42 34 0.0 0.0 341.0 0.0 7425.0 17.0 816.0 0.14358974358974355
33 42 35 0.0 0.0 470.0 0.0 8617.0 32.0 1246.0 0.1266051727256285
33 42 36 0.0 0.0 1468.0 0.0 13355.0 36.0 19829.0 0.08318973201022044
33 42 37 0.0 0.0 1857.0 0.0 13372.0 55.0 25508.0 0.08121591831999071
33 42 38 0.0 0.0 2708.0 0.0 11267.0 68.0 49901.0 0.08770830722967045
33 42 39 0.0 0.0 2707.0 0.0 12293.0 62.0 43416.0 0.08244994110718491
33 42 40 0.0 0.0 2430.0 0.0 12303.0 56.0 39780.0 0.08366700531883105
33 42 41 0.0 0.0 1539.0 0.0 14080.0 41.0 16912.0 0.07949576968939866
33 42 42 0.0 0.0 1299.0 0.0 13836.0 30.0 13462.0 0.08170888292284346
33 42 43 0.0 0.0 1306.0 0.0 13585.0 33.0 14999.0 0.08286965786669823
33 42 44 0.0 0.0 1219.0 0.0 13553.0 47.0 12456.0 0.083552160420148
33 42 45 0.0 0.0 789.0 0.0 12087.0 31.0 4656.0 0.09420631182289213
33 42 46 0.0 0.0 420.0 0.0 9018.0 22.0 1825.0 0.1225061253062653
33 42 47 0.0 0.0 95.0 0.0 2930.0 12.0 68.0 0.27927388789148205
33 42 48 0.0 0.0 11.0 0.0 288.0 4.0 0.0 0.6100217864923746
33 42 49 0.0 0.0 1.0 0.0 12.0 1.0 0.0 0.6958250497017892
33 43 31 0.0 0.0 0.0 0.0 1.0 0.0 0.0 0.6996501749125437
33 43 32 0.0 0.0 49.0 0.0 1080.0 11.0 6.0 0.4488618146841936
33 43 33 0.0 0.0 117.0 0.0 3203.0 20.0 77.0 0.2640513013956997
33 43 34 0.0 0.0 203.0 0.0 4767.0 29.0 203.0 0.20164194152383694
33 43 35 0.0 0.0 886.0 0.0 12621.0 26.0 7367.0 0.09028180821564454
33 43 36 0.0 0.0 966.0 0.0 13165.0 31.0 8344.0 0.08685941183769696
33 43 37 0.0 0.0 1967.0 0.0 12644.0 40.0 29907.0 0.08418014551139437
33 43 38 0.0 0.0 2163.0 0.0 12520.0 51.0 35216.0 0.08395802098950524
33 43 39 0.0 0.0 2838.0 0.0 10550.0 64.0 57333.0 0.09096816114359974
33 43 40 0.0 0.0 2369.0 0.0 10907.0 44.0 48002.0 0.09151523074911752
33 43 41 0.0 0.0 1922.0 0.0 12803.0 49.0 30158.0 0.08370202080593088
33 43 42 0.0 0.0 1170.0 0.0 13769.0 33.0 10595.0 0.0826153664581612
33 43 43 0.0 0.0 948.0 0.0 13071.0 30.0 8070.0 0.08741258741258741
33 43 44 0.0 0.0 1477.0 0.0 13211.0 48.0 19345.0 0.0839278220730172
33 43 45 0.0 0.0 1028.0 0.0 12885.0 32.0 10993.0 0.08800603469952224
33 43 46 0.0 0.0 352.0 0.0 7843.0 22.0 949.0 0.13753806857255133
33 43 47 0.0 0.0 64.0 0.0 1548.0 12.0 18.0 0.3891050583657587
33 43 48 0.0 0.0 4.0 0.0 160.0 2.0 0.0 0.6475485661424606
33 43 49 0.0 0.0 0.0 0.0 1.0 0.0 0.0 0.6996501749125437
33 44 32 0.0 0.0 0.0 0.0 23.0 0.0 0.0 0.6920415224913494
33 44 33 0.0 0.0 47.0 0.0 940.0 12.0 4.0 0.47058823529411764
33 44 34 0.0 0.0 57.0 0.0 1944.0 9.0 28.0 0.35078927587070907
33 44 35 0.0 0.0 549.0 0.0 10515.0 34.0 3017.0 0.10731258623332822
33 44 36 0.0 0.0 707.0 0.0 11626.0 25.0 3773.0 0.09773123909249562
33 44 37 0.0 0.0 1036.0 0.0 13366.0 36.0 8872.0 0.08539709649871903
33 44 38 0.0 0.0 1517.0 0.0 13710.0 43.0 18776.0 0.08130553458388988
33 44 39 0.0 0.0 2142.0 0.0 11590.0 60.0 40151.0 0.08900756564307966
33 44 40 0.0 0.0 1237.0 0.0 13782.0 45.0 13862.0 0.08231420507996236
33 44 41 0.0 0.0 1712.0 0.0 13086.0 51.0 25192.0 0.08335814230425721
33 44 42 0.0 0.0 1323.0 0.0 13788.0 39.0 14084.0 0.08186177055315168
33 44 43 0.0 0.0 1212.0 0.0 13149.0 31.0 15399.0 0.0855222968845449
33 44 44 0.0 0.0 712.0 0.0 11582.0 23.0 4563.0 0.0979980400391992
33 44 45 0.0 0.0 629.0 0.0 10785.0 35.0 2920.0 0.10446202059394119
33 44 46 0.0 0.0 169.0 0.0 4152.0 15.0 165.0 0.2220459952418715
33 44 47 0.0 0.0 231.0 0.0 5986.0 19.0 528.0 0.17073170731707313
33 44 48 0.0 0.0 120.0 0.0 2836.0 15.0 55.0 0.2833434527423598
33 44 49 0.0 0.0 0.0 0.0 10.0 0.0 0.0 0.6965174129353233
33 45 33 0.0 0.0 32.0 0.0 1003.0 5.0 6.0 0.4620462046204619
33 45 34 0.0 0.0 28.0 0.0 703.0 9.0 2.0 0.5143277002204261
33 45 35 0.0 0.0 215.0 0.0 4868.0 15.0 258.0 0.19799179748267567
33 45 36 0.0 0.0 242.0 0.0 6292.0 18.0 536.0 0.164261410301537
33 45 37 0.0 0.0 753.0 0.0 11998.0 22.0 5361.0 0.0949603201519365
33 45 38 0.0 0.0 952.0 0.0 12835.0 33.0 7234.0 0.08870303491098015
33 45 39 0.0 0.0 1580.0 0.0 12418.0 56.0 24394.0 0.08753282480930348
33 45 40 0.0 0.0 979.0 0.0 13113.0 40.0 7890.0 0.08710259441299073
33 45 41 0.0 0.0 932.0 0.0 13024.0 24.0 6785.0 0.08770830722967045
33 45 42 0.0 0.0 1056.0 0.0 13218.0 42.0 11625.0 0.08610086100861007
33 45 43 0.0 0.0 516.0 0.0 9601.0 24.0 1863.0 0.11566424322538003
33 45 44 0.0 0.0 913.0 0.0 12659.0 31.0 9621.0 0.08997429305912595
33 45 45 0.0 0.0 437.0 0.0 8843.0 23.0 1478.0 0.12433392539964473
33 45 46 0.0 0.0 296.0 0.0 6176.0 20.0 494.0 0.16550419671355948
33 45 47 0.0 0.0 39.0 0.0 1176.0 9.0 6.0 0.43695380774032455
33 45 48 0.0 0.0 75.0 0.0 1393.0 20.0 7.0 0.4059147579008408
33 45 49 0.0 0.0 0.0 0.0 9.0 0.0 0.0 0.6968641114982577
33 46 33 0.0 0.0 0.0 0.0 9.0 0.0 0.0 0.6968641114982577
33 46 34 0.0 0.0 188.0 0.0 4822.0 21.0 286.0 0.20020020020020016
33 46 35 0.0 0.0 76.0 0.0 1794.0 19.0 16.0 0.3635419371591794
33 46 36 0.0 0.0 216.0 0.0 5153.0 19.0 266.0 0.19037258634756593
33 46 37 0.0 0.0 355.0 0.0 7224.0 16.0 750.0 0.14638226683396066
33 46 38 0.0 0.0 493.0 0.0 8969.0 26.0 1331.0 0.12232415902140671
33 46 39 0.0 0.0 857.0 0.0 12464.0 22.0 7090.0 0.09133611691022964
33 46 40 0.0 0.0 658.0 0.0 11794.0 40.0 4779.0 0.09698649116730168
33 46 41 0.0 0.0 857.0 0.0 12611.0 31.0 7175.0 0.09056799068443523
33 46 42 0.0 0.0 898.0 0.0 12610.0 21.0 8675.0 0.09023525620367386
33 46 43 0.0 0.0 405.0 0.0 7980.0 32.0 912.0 0.13510905230650452
33 46 44 0.0 0.0 206.0 0.0 4505.0 17.0 193.0 0.20901761719916392
33 46 45 0.0 0.0 115.0 0.0 2649.0 19.0 41.0 0.29510961214165254
33 46 46 0.0 0.0 30.0 0.0 535.0 10.0 0.0 0.5481597494126859
33 46 47 0.0 0.0 5.0 0.0 182.0 4.0 0.0 0.6413192853870818
33 46 48 0.0 0.0 9.0 0.0 272.0 1.0 0.0 0.6140350877192982
33 46 49 0.0 0.0 1.0 0.0 3.0 1.0 0.0 0.6989515726410384
33 47 33 0.0 0.0 0.0 0.0 12.0 0.0 0.0 0.6958250497017892
33 47 34 0.0 0.0 0.0 0.0 12.0 0.0 0.0 0.6958250497017892
33 47 35 0.0 0.0 46.0 0.0 1039.0 8.0 4.0 0.45528455284552843
33 47 36 0.0 0.0 4.0 0.0 118.0 0.0 0.0 0.66006600660066
33 47 37 0.0 0.0 118.0 0.0 2997.0 22.0 64.0 0.27488709994109556
33 47 38 0.0 0.0 327.0 0.0 6684.0 25.0 548.0 0.15572858731924358
33 47 39 0.0 0.0 669.0 0.0 11007.0 30.0 3392.0 0.10251153254741158
33 47 40 0.0 0.0 293.0 0.0 6719.0 21.0 613.0 0.1556939501779359
33 47 41 0.0 0.0 268.0 0.0 6059.0 16.0 485.0 0.16837041491280813
33 47 42 0.0 0.0 227.0 0.0 5946.0 18.0 489.0 0.17165277096615986
33 47 43 0.0 0.0 387.0 0.0 7685.0 24.0 864.0 0.13930348258706465
33 47 44 0.0 0.0 53.0 0.0 1488.0 11.0 20.0 0.39660056657223797
33 47 45 0.0 0.0 135.0 0.0 3101.0 13.0 54.0 0.2679938744257274
33 47 46 0.0 0.0 1.0 0.0 52.0 0.0 0.0 0.6819288845591815
33 47 47 0.0 0.0 0.0 0.0 6.0 0.0 0.0 0.6979062811565303
33 47 48 0.0 0.0 0.0 0.0 1.0 0.0 0.0 0.6996501749125437
33 48 36 0.0 0.0 0.0 0.0 14.0 0.0 0.0 0.6951340615690167
33 48 37 0.0 0.0 234.0 0.0 4942.0 15.0 243.0 0.19539427773900903
33 48 38 0.0 0.0 100.0 0.0 2365.0 13.0 40.0 0.31439479002919374
33 48 39 0.0 0.0 455.0 0.0 8376.0 24.0 1045.0 0.12948575656677763
33 48 40 0.0 0.0 217.0 0.0 4969.0 14.0 285.0 0.19512195121951217
33 48 41 0.0 0.0 461.0 0.0 8924.0 15.0 1608.0 0.12301203760653719
33 48 42 0.0 0.0 54.0 0.0 1065.0 6.0 5.0 0.44972695149373587
33 48 43 0.0 0.0 6.0 0.0 137.0 1.0 0.0 0.65359477124183
33 48 44 0.0 0.0 0.0 0.0 44.0 0.0 0.0 0.684931506849315
33 48 45 0.0 0.0 0.0 0.0 12.0 0.0 0.0 0.6958250497017892
33 48 46 0.0 0.0 2.0 0.0 47.0 1.0 0.0 0.6835937499999999
33 49 36 0.0 0.0 0.0 0.0 3.0 0.0 0.0 0.6989515726410384
33 49 37 0.0 0.0 0.0 0.0 16.0 0.0 0.0 0.6944444444444444
33 49 38 0.0 0.0 6.0 0.0 96.0 2.0 0.0 0.6666666666666665
33 49 39 0.0 0.0 5.0 0.0 137.0 2.0 0.0 0.6542056074766354
33 49 40 0.0 0.0 10.0 0.0 403.0 0.0 2.0 0.5801906340654785
33 49 41 0.0 0.0 7.0 0.0 85.0 0.0 0.0 0.669536107125777
33 49 42 0.0 0.0 29.0 0.0 757.0 11.0 3.0 0.5043227665706052
34 30 37 0.0 0.0 0.0 0.0 7.0 0.0 0.0 0.6975585450921773
34 30 40 0.0 0.0 0.0 0.0 1.0 0.0 0.0 0.6996501749125437
34 31 34 0.0 0.0 0.0 0.0 1.0 0.0 0.0 0.6996501749125437
34 31 35 0.0 0.0 0.0 0.0 4.0 0.0 0.0 0.6986027944111775
34 31 36 0.0 0.0 4.0 0.0 58.0 0.0 0.0 0.6789524733268669
34 31 37 0.0 0.0 1.0 0.0 64.0 0.0 0.0 0.6779661016949151
34 31 38 0.0 0.0 5.0 0.0 199.0 1.0 0.0 0.6354970494779845
34 31 39 0.0 0.0 5.0 0.0 141.0 1.0 0.0 0.6526806526806526
34 31 40 0.0 0.0 1.0 0.0 137.0 0.0 0.0 0.6548175865294666
34 31 41 0.0 0.0 2.0 0.0 86.0 0.0 0.0 0.6704980842911876
34 31 42 0.0 0.0 5.0 0.0 96.0 1.0 0.0 0.6669842782277274
34 31 43 0.0 0.0 0.0 0.0 16.0 0.0 0.0 0.6944444444444444
34 31 44 0.0 0.0 1.0 0.0 30.0 0.0 0.0 0.6893156080748399
34 32 33 0.0 0.0 0.0 0.0 13.0 0.0 0.0 0.695479384003974
34 32 34 0.0 0.0 0.0 0.0 48.0 0.0 0.0 0.6835937499999999
34 32 35 0.0 0.0 7.0 0.0 390.0 6.0 1.0 0.5857740585774057
34 32 36 0.0 0.0 59.0 0.0 1524.0 11.0 11.0 0.3920470456454774
34 32 37 0.0 0.0 13.0 0.0 591.0 5.0 2.0 0.5388760585065434
34 32 38 0.0 0.0 91.0 0.0 1934.0 15.0 22.0 0.34912718204488774
34 32 39 0.0 0.0 58.0 0.0 1347.0 13.0 9.0 0.4126142057176539
34 32 40 0.0 0.0 18.0 0.0 710.0 3.0 2.0 0.5137614678899082
34 32 41 0.0 0.0 176.0 0.0 4269.0 18.0 169.0 0.21783102536175505
34 32 42 0.0 0.0 73.0 0.0 1317.0 9.0 5.0 0.41407867494824013
34 32 43 0.0 0.0 7.0 0.0 371.0 2.0 0.0 0.5892255892255891
34 32 44 0.0 0.0 22.0 0.0 493.0 5.0 1.0 0.5577689243027888
34 32 45 0.0 0.0 3.0 0.0 76.0 2.0 0.0 0.6740491092922483
34 32 46 0.0 0.0 0.0 0.0 2.0 0.0 0.0 0.6993006993006992
34 32 47 0.0 0.0 0.0 0.0 1.0 0.0 0.0 0.6996501749125437
34 32 48 0.0 0.0 0.0 0.0 2.0 0.0 0.0 0.6993006993006992
34 33 31 0.0 0.0 0.0 0.0 1.0 0.0 0.0 0.6996501749125437
34 33 32 0.0 0.0 0.0 0.0 9.0 0.0 0.0 0.6968641114982577
34 33 33 0.0 0.0 0.0 0.0 22.0 0.0 0.0 0.6923837784371908
34 33 34 0.0 0.0 0.0 0.0 152.0 0.0 0.0 0.6505576208178437
34 33 35 0.0 0.0 309.0 0.0 6399.0 21.0 544.0 0.1611232592933594
34 33 36 0.0 0.0 565.0 0.0 10135.0 30.0 2467.0 0.1104013879031622
34 33 37 0.0 0.0 552.0 0.0 10789.0 20.0 3487.0 0.10496326285799969
34 33 38 0.0 0.0 631.0 0.0 11163.0 26.0 3871.0 0.1015522994342086
34 33 39 0.0 0.0 427.0 0.0 8134.0 23.0 1129.0 0.13278952859717347
34 33 40 0.0 0.0 312.0 0.0 7141.0 18.0 730.0 0.1483207966945651
34 33 41 0.0 0.0 230.0 0.0 5523.0 14.0 382.0 0.18083182640144663
34 33 42 0.0 0.0 507.0 0.0 9751.0 20.0 1971.0 0.1143323805634953
34 33 43 0.0 0.0 137.0 0.0 3402.0 19.0 97.0 0.2536691429606812
34 33 44 0.0 0.0 4.0 0.0 276.0 3.0 2.0 0.6151142355008786
34 33 45 0.0 0.0 23.0 0.0 343.0 9.0 0.0 0.593975392448027
34 33 46 0.0 0.0 0.0 0.0 21.0 0.0 0.0 0.6927263730826323
34 33 47 0.0 0.0 0.0 0.0 3.0 0.0 0.0 0.6989515726410384
34 33 48 0.0 0.0 0.0 0.0 3.0 0.0 0.0 0.6989515726410384
34 34 31 0.0 0.0 0.0 0.0 2.0 0.0 0.0 0.6993006993006992
34 34 32 0.0 0.0 2.0 0.0 44.0 0.0 0.0 0.6842619745845552
34 34 33 0.0 0.0 0.0 0.0 36.0 0.0 0.0 0.6876227897838899
34 34 34 0.0 0.0 192.0 0.0 4110.0 11.0 130.0 0.2225401367032268
34 34 35 0.0 0.0 680.0 0.0 11423.0 34.0 3910.0 0.09935419771485345
34 34 36 0.0 0.0 479.0 0.0 9346.0 17.0 1992.0 0.11853357040047412
34 34 37 0.0 0.0 692.0 0.0 11455.0 24.0 4473.0 0.099009900990099
34 34 38 0.0 0.0 657.0 0.0 11324.0 33.0 3416.0 0.10026498603451979
34 34 39 0.0 0.0 908.0 0.0 12968.0 31.0 7859.0 0.08822232024702249
34 34 40 0.0 0.0 424.0 0.0 8491.0 25.0 1261.0 0.12848751835535974
34 34 41 0.0 0.0 691.0 0.0 11688.0 38.0 5001.0 0.09749303621169916
34 34 42 0.0 0.0 791.0 0.0 12263.0 24.0 7298.0 0.09296766053522809
34 34 43 0.0 0.0 557.0 0.0 9743.0 34.0 1824.0 0.11398794984530206
34 34 44 0.0 0.0 345.0 0.0 7004.0 24.0 656.0 0.15008576329331044
34 34 45 0.0 0.0 80.0 0.0 2049.0 15.0 28.0 0.34030140982012635
34 34 46 0.0 0.0 54.0 0.0 1090.0 13.0 4.0 0.44714148834238254
34 34 47 0.0 0.0 0.0 0.0 14.0 0.0 0.0 0.6951340615690167
34 35 30 0.0 0.0 0.0 0.0 1.0 0.0 0.0 0.6996501749125437
34 35 31 0.0 0.0 0.0 0.0 16.0 0.0 0.0 0.6944444444444444
34 35 32 0.0 0.0 4.0 0.0 203.0 1.0 0.0 0.6349206349206349
34 35 33 0.0 0.0 54.0 0.0 802.0 6.0 1.0 0.4914004914004913
34 35 34 0.0 0.0 315.0 0.0 6763.0 25.0 681.0 0.1545595054095827
34 35 35 0.0 0.0 718.0 0.0 11769.0 26.0 4909.0 0.09669176048069618
34 35 36 0.0 0.0 903.0 0.0 12691.0 42.0 9283.0 0.0899107314880226
34 35 37 0.0 0.0 1015.0 0.0 13268.0 36.0 9051.0 0.08598980406608929
34 35 38 0.0 0.0 1346.0 0.0 13461.0 30.0 16358.0 0.08328375966686495
34 35 39 0.0 0.0 1240.0 0.0 13919.0 35.0 10945.0 0.08158983623754297
34 35 40 0.0 0.0 1430.0 0.0 13624.0 34.0 17881.0 0.0819960173363008
34 35 41 0.0 0.0 1129.0 0.0 13383.0 30.0 12732.0 0.08471499455403605
34 35 42 0.0 0.0 820.0 0.0 12461.0 25.0 5840.0 0.09164702801780569
34 35 43 0.0 0.0 1046.0 0.0 13117.0 34.0 10188.0 0.0866765725606736
34 35 44 0.0 0.0 457.0 0.0 9638.0 23.0 2308.0 0.115836505047162
34 35 45 0.0 0.0 387.0 0.0 8425.0 21.0 1259.0 0.12965363956288198
34 35 46 0.0 0.0 49.0 0.0 1438.0 8.0 11.0 0.40253018976423227
34 35 47 0.0 0.0 8.0 0.0 148.0 3.0 0.0 0.6502554575011611
34 35 48 0.0 0.0 1.0 0.0 28.0 0.0 0.0 0.6899950714637751
34 36 30 0.0 0.0 0.0 0.0 1.0 0.0 0.0 0.6996501749125437
34 36 31 0.0 0.0 8.0 0.0 147.0 2.0 0.0 0.6502554575011611
34 36 32 0.0 0.0 416.0 0.0 7936.0 29.0 969.0 0.13551447100958278
34 36 33 0.0 0.0 356.0 0.0 6880.0 25.0 611.0 0.1520086862106406
34 36 34 0.0 0.0 316.0 0.0 7032.0 20.0 701.0 0.14998928647953716
34 36 35 0.0 0.0 848.0 0.0 12519.0 32.0 7720.0 0.091187390086628
34 36 36 0.0 0.0 951.0 0.0 13090.0 36.0 6877.0 0.08735259250015598
34 36 37 0.0 0.0 1365.0 0.0 14018.0 25.0 14387.0 0.08046439450543134
34 36 38 0.0 0.0 1576.0 0.0 13580.0 47.0 19845.0 0.08166122258516098
34 36 39 0.0 0.0 1949.0 0.0 13476.0 59.0 27184.0 0.08042279411764705
34 36 40 0.0 0.0 1855.0 0.0 12818.0 46.0 28201.0 0.0839680921249925
34 36 41 0.0 0.0 1800.0 0.0 13213.0 54.0 26322.0 0.08231904509907684
34 36 42 0.0 0.0 1480.0 0.0 13638.0 47.0 18661.0 0.08179481187193269
34 36 43 0.0 0.0 1278.0 0.0 13281.0 36.0 16741.0 0.08447984552256818
34 36 44 0.0 0.0 803.0 0.0 12429.0 34.0 6196.0 0.0920326058374967
34 36 45 0.0 0.0 658.0 0.0 11429.0 20.0 4347.0 0.09939652112176073
34 36 46 0.0 0.0 219.0 0.0 5203.0 13.0 325.0 0.1889338731443994
34 36 47 0.0 0.0 339.0 0.0 7379.0 34.0 968.0 0.14444903012794055
34 36 48 0.0 0.0 0.0 0.0 47.0 0.0 0.0 0.6839276990718123
34 37 31 0.0 0.0 1.0 0.0 48.0 1.0 0.0 0.6835937499999999
34 37 32 0.0 0.0 353.0 0.0 7796.0 21.0 1076.0 0.13809429867824027
34 37 33 0.0 0.0 133.0 0.0 3290.0 20.0 90.0 0.2591153063113085
34 37 34 0.0 0.0 827.0 0.0 12433.0 32.0 5902.0 0.09181532004197271
34 37 35 0.0 0.0 774.0 0.0 12291.0 25.0 5492.0 0.09296766053522809
34 37 36 0.0 0.0 2168.0 0.0 11874.0 49.0 38222.0 0.08726003490401395
34 37 37 0.0 0.0 2132.0 0.0 12951.0 48.0 32151.0 0.08191925102399063
34 37 38 0.0 0.0 2142.0 0.0 12302.0 51.0 35071.0 0.08519442585042292
34 37 39 0.0 0.0 2061.0 0.0 13622.0 50.0 26647.0 0.07920343969223805
34 37 40 0.0 0.0 2359.0 0.0 12356.0 54.0 38004.0 0.08373205741626794
34 37 41 0.0 0.0 2023.0 0.0 13475.0 49.0 27959.0 0.08006405124099279
34 37 42 0.0 0.0 2310.0 0.0 12074.0 60.0 39729.0 0.08549618320610686
34 37 43 0.0 0.0 2120.0 0.0 12556.0 64.0 34141.0 0.08397312859884835
34 37 44 0.0 0.0 1695.0 0.0 12880.0 38.0 26807.0 0.08445436448090728
34 37 45 0.0 0.0 1071.0 0.0 13035.0 32.0 12032.0 0.08695112104838207
34 37 46 0.0 0.0 639.0 0.0 10865.0 30.0 3010.0 0.10382675763868288
34 37 47 0.0 0.0 124.0 0.0 3349.0 13.0 99.0 0.2562225475841874
34 37 48 0.0 0.0 5.0 0.0 188.0 2.0 0.0 0.6389776357827475
34 37 49 0.0 0.0 0.0 0.0 4.0 0.0 0.0 0.6986027944111775
34 38 31 0.0 0.0 4.0 0.0 58.0 1.0 0.0 0.6792819019893255
34 38 32 0.0 0.0 113.0 0.0 2370.0 14.0 27.0 0.31333930170098473
34 38 33 0.0 0.0 310.0 0.0 6463.0 20.0 491.0 0.159963436928702
34 38 34 0.0 0.0 797.0 0.0 12311.0 26.0 6277.0 0.09273979862215155
34 38 35 0.0 0.0 1297.0 0.0 13338.0 39.0 16049.0 0.08412450426631413
34 38 36 0.0 0.0 1846.0 0.0 13181.0 46.0 27000.0 0.08223684210526314
34 38 37 0.0 0.0 2392.0 0.0 13394.0 56.0 33877.0 0.07870474477175624
34 38 38 0.0 0.0 3096.0 0.0 11159.0 66.0 55674.0 0.08614324390844202
34 38 39 0.0 0.0 2547.0 0.0 13351.0 64.0 35095.0 0.07817735090462363
34 38 40 0.0 0.0 2816.0 0.0 11913.0 70.0 46793.0 0.08375209380234505
34 38 41 0.0 0.0 2433.0 0.0 13300.0 59.0 34784.0 0.07900677200902934
34 38 42 0.0 0.0 2510.0 0.0 12872.0 53.0 37317.0 0.0805106676634654
34 38 43 0.0 0.0 2105.0 0.0 13615.0 52.0 28423.0 0.07893549842129002
34 38 44 0.0 0.0 1557.0 0.0 13133.0 40.0 23120.0 0.08386246555648735
34 38 45 0.0 0.0 1033.0 0.0 13343.0 37.0 9036.0 0.08556934172727827
34 38 46 0.0 0.0 880.0 0.0 12611.0 25.0 6899.0 0.09042175289026673
34 38 47 0.0 0.0 534.0 0.0 10210.0 36.0 2528.0 0.11011483404121439
34 38 48 0.0 0.0 184.0 0.0 3938.0 16.0 126.0 0.22924512854101847
34 38 49 0.0 0.0 0.0 0.0 8.0 0.0 0.0 0.697211155378486
34 39 31 0.0 0.0 0.0 0.0 3.0 0.0 0.0 0.6989515726410384
34 39 32 0.0 0.0 1.0 0.0 161.0 1.0 0.0 0.6478482184173993
34 39 33 0.0 0.0 426.0 0.0 8561.0 24.0 1274.0 0.12753940056481733
34 39 34 0.0 0.0 627.0 0.0 11166.0 24.0 4155.0 0.10156703424260011
34 39 35 0.0 0.0 1243.0 0.0 13839.0 43.0 13111.0 0.08202003632315893
34 39 36 0.0 0.0 2767.0 0.0 10515.0 60.0 56304.0 0.09152121330979929
34 39 37 0.0 0.0 3095.0 0.0 11681.0 62.0 51308.0 0.08331845503779085
34 39 38 0.0 0.0 3214.0 0.0 12515.0 67.0 48341.0 0.07891325178963982
34 39 39 0.0 0.0 3236.0 0.0 12024.0 56.0 50763.0 0.08100914246036338
34 39 40 0.0 0.0 3324.0 0.0 12025.0 72.0 51254.0 0.0806498070165332
34 39 41 0.0 0.0 2346.0 0.0 14214.0 54.0 28504.0 0.07544729467557662
34 39 42 0.0 0.0 2581.0 0.0 12692.0 69.0 39292.0 0.08114530806236596
34 39 43 0.0 0.0 2440.0 0.0 12451.0 59.0 39524.0 0.08285494466473338
34 39 44 0.0 0.0 1857.0 0.0 13076.0 50.0 28066.0 0.08268855944716791
34 39 45 0.0 0.0 1733.0 0.0 13557.0 59.0 23721.0 0.08107012565869476
34 39 46 0.0 0.0 986.0 0.0 13121.0 28.0 8855.0 0.08692412765429032
34 39 47 0.0 0.0 353.0 0.0 7264.0 22.0 732.0 0.14584852588811334
34 39 48 0.0 0.0 146.0 0.0 3111.0 18.0 52.0 0.2671755725190839
34 39 49 0.0 0.0 10.0 0.0 113.0 5.0 0.0 0.6610009442870631
34 40 31 0.0 0.0 0.0 0.0 2.0 0.0 0.0 0.6993006993006992
34 40 32 0.0 0.0 40.0 0.0 944.0 13.0 0.0 0.47122181083810155
34 40 33 0.0 0.0 159.0 0.0 4543.0 23.0 241.0 0.209612217397814
34 40 34 0.0 0.0 914.0 0.0 12841.0 40.0 7809.0 0.0889171165449349
34 40 35 0.0 0.0 1219.0 0.0 13840.0 33.0 11808.0 0.08204406938584154
34 40 36 0.0 0.0 2253.0 0.0 12957.0 53.0 33210.0 0.08128665157057423
34 40 37 0.0 0.0 3324.0 0.0 10759.0 69.0 59298.0 0.08718395815170008
34 40 38 0.0 0.0 3604.0 0.0 8759.0 57.0 80806.0 0.09739130434782607
34 40 39 0.0 0.0 3816.0 0.0 9938.0 76.0 72390.0 0.08878741755454084
34 40 40 0.0 0.0 3562.0 0.0 10900.0 75.0 61809.0 0.08504951096531194
34 40 41 0.0 0.0 3187.0 0.0 11684.0 54.0 51989.0 0.08285494466473338
34 40 42 0.0 0.0 2858.0 0.0 11561.0 53.0 49042.0 0.08513743614692287
34 40 43 0.0 0.0 2474.0 0.0 12917.0 61.0 36130.0 0.08048752443371276
34 40 44 0.0 0.0 1987.0 0.0 13096.0 44.0 29255.0 0.08197681227309989
34 40 45 0.0 0.0 1472.0 0.0 13705.0 33.0 17203.0 0.08151382823871905
34 40 46 0.0 0.0 1071.0 0.0 13244.0 39.0 11292.0 0.08586849852796859
34 40 47 0.0 0.0 482.0 0.0 9620.0 19.0 2115.0 0.1157886030932098
34 40 48 0.0 0.0 59.0 0.0 1643.0 13.0 15.0 0.37930100243836357
34 40 49 0.0 0.0 13.0 0.0 214.0 6.0 0.0 0.6303466906798738
34 41 31 0.0 0.0 0.0 0.0 6.0 0.0 0.0 0.6979062811565303
34 41 32 0.0 0.0 2.0 0.0 324.0 4.0 0.0 0.6029285099052539
34 41 33 0.0 0.0 265.0 0.0 5603.0 17.0 297.0 0.17827581815866544
34 41 34 0.0 0.0 590.0 0.0 10589.0 29.0 3147.0 0.106318347509113
34 41 35 0.0 0.0 1085.0 0.0 13459.0 39.0 10443.0 0.08467912659529425
34 41 36 0.0 0.0 1871.0 0.0 13630.0 44.0 25165.0 0.08000457168981084
34 41 37 0.0 0.0 3011.0 0.0 12761.0 61.0 44041.0 0.07874901563730452
34 41 38 0.0 0.0 3561.0 0.0 12566.0 77.0 51048.0 0.07724564113882144
34 41 39 0.0 0.0 3945.0 0.0 10132.0 73.0 72501.0 0.08705926248367638
34 41 40 0.0 0.0 3589.0 0.0 11435.0 80.0 58264.0 0.08226583617346338
34 41 41 0.0 0.0 2739.0 0.0 13783.0 50.0 34853.0 0.07553685119240315
34 41 42 0.0 0.0 2627.0 0.0 13225.0 52.0 37132.0 0.0784885350675562
34 41 43 0.0 0.0 2473.0 0.0 12650.0 79.0 38148.0 0.0818952910207663
34 41 44 0.0 0.0 2155.0 0.0 13347.0 65.0 30659.0 0.07999542883263813
34 41 45 0.0 0.0 1314.0 0.0 13884.0 38.0 14264.0 0.08144269924374635
34 41 46 0.0 0.0 879.0 0.0 12663.0 27.0 8450.0 0.09005531969638492
34 41 47 0.0 0.0 629.0 0.0 11098.0 20.0 3900.0 0.10199621156928455
34 41 48 0.0 0.0 102.0 0.0 2593.0 17.0 60.0 0.2990813928647724
34 41 49 0.0 0.0 2.0 0.0 22.0 0.0 0.0 0.6916996047430829
34 42 30 0.0 0.0 0.0 0.0 1.0 0.0 0.0 0.6996501749125437
34 42 31 0.0 0.0 0.0 0.0 8.0 0.0 0.0 0.697211155378486
34 42 32 0.0 0.0 72.0 0.0 1559.0 22.0 7.0 0.3879190911609864
34 42 33 0.0 0.0 478.0 0.0 9201.0 24.0 1917.0 0.12007890899734108
34 42 34 0.0 0.0 1180.0 0.0 13146.0 31.0 13355.0 0.08574753475837568
34 42 35 0.0 0.0 1373.0 0.0 13631.0 46.0 16335.0 0.08236747661352002
34 42 36 0.0 0.0 1776.0 0.0 13277.0 45.0 24930.0 0.08210662131253298
34 42 37 0.0 0.0 2819.0 0.0 12114.0 57.0 46038.0 0.0826153664581612
34 42 38 0.0 0.0 3547.0 0.0 8937.0 66.0 79149.0 0.09651178822556182
34 42 39 0.0 0.0 3335.0 0.0 8920.0 69.0 76978.0 0.09821115398105927
34 42 40 0.0 0.0 3349.0 0.0 11510.0 71.0 55904.0 0.08300231220726861
34 42 41 0.0 0.0 2908.0 0.0 12632.0 48.0 42488.0 0.07967674008309145
34 42 42 0.0 0.0 2967.0 0.0 12407.0 62.0 45463.0 0.08069164265129682
34 42 43 0.0 0.0 2563.0 0.0 12883.0 50.0 38277.0 0.08018327605956471
34 42 44 0.0 0.0 1975.0 0.0 13323.0 42.0 28510.0 0.08096229470275271
34 42 45 0.0 0.0 1459.0 0.0 13391.0 36.0 18990.0 0.08301707779886147
34 42 46 0.0 0.0 850.0 0.0 12719.0 25.0 6934.0 0.0899165061014772
34 42 47 0.0 0.0 450.0 0.0 9085.0 35.0 1775.0 0.12163336229365768
34 42 48 0.0 0.0 87.0 0.0 2667.0 9.0 56.0 0.2950474183350895
34 42 49 0.0 0.0 0.0 0.0 6.0 0.0 0.0 0.6979062811565303
34 43 31 0.0 0.0 0.0 0.0 17.0 0.0 0.0 0.694100148735746
34 43 32 0.0 0.0 10.0 0.0 350.0 1.0 1.0 0.5937234944868531
34 43 33 0.0 0.0 339.0 0.0 7022.0 19.0 646.0 0.14982876712328763
34 43 34 0.0 0.0 400.0 0.0 8858.0 21.0 1656.0 0.12452192475317973
34 43 35 0.0 0.0 1136.0 0.0 13270.0 41.0 12560.0 0.08539188777066178
34 43 36 0.0 0.0 1451.0 0.0 13368.0 46.0 19627.0 0.08316502316739931
34 43 37 0.0 0.0 2494.0 0.0 11999.0 71.0 42933.0 0.08499271491015055
34 43 38 0.0 0.0 2595.0 0.0 12650.0 61.0 39512.0 0.08116412545654819
34 43 39 0.0 0.0 2639.0 0.0 13284.0 63.0 37086.0 0.07809449433814915
34 43 40 0.0 0.0 2764.0 0.0 12294.0 60.0 43626.0 0.08201523140011716
34 43 41 0.0 0.0 2964.0 0.0 12185.0 62.0 47563.0 0.08164217401446232
34 43 42 0.0 0.0 2866.0 0.0 12000.0 59.0 47813.0 0.0829973915105525
34 43 43 0.0 0.0 2231.0 0.0 12783.0 47.0 34488.0 0.08232872684504557
34 43 44 0.0 0.0 1260.0 0.0 13901.0 32.0 12995.0 0.08155656530350691
34 43 45 0.0 0.0 1222.0 0.0 13790.0 32.0 12542.0 0.08229001351907364
34 43 46 0.0 0.0 1146.0 0.0 13193.0 36.0 12518.0 0.08571603502112288
34 43 47 0.0 0.0 165.0 0.0 4142.0 16.0 148.0 0.22257551669316372
34 43 48 0.0 0.0 13.0 0.0 386.0 3.0 1.0 0.5843071786310516
34 43 49 0.0 0.0 0.0 0.0 7.0 0.0 0.0 0.6975585450921773
34 44 31 0.0 0.0 0.0 0.0 30.0 0.0 0.0 0.689655172413793
34 44 32 0.0 0.0 37.0 0.0 803.0 9.0 2.0 0.49469964664310945
34 44 33 0.0 0.0 70.0 0.0 1643.0 14.0 19.0 0.37837837837837834
34 44 34 0.0 0.0 569.0 0.0 10181.0 29.0 2339.0 0.10996779514570733
34 44 35 0.0 0.0 760.0 0.0 12245.0 21.0 5644.0 0.09333333333333332
34 44 36 0.0 0.0 926.0 0.0 13110.0 37.0 8257.0 0.087379852702534
34 44 37 0.0 0.0 1435.0 0.0 14066.0 29.0 15206.0 0.07997714938588973
34 44 38 0.0 0.0 1806.0 0.0 13789.0 52.0 23162.0 0.07958615200955033
34 44 39 0.0 0.0 1957.0 0.0 13795.0 49.0 25419.0 0.07884658706915972
34 44 40 0.0 0.0 1867.0 0.0 13781.0 50.0 24095.0 0.07930214115781124
34 44 41 0.0 0.0 2234.0 0.0 12245.0 58.0 37557.0 0.08498239650358139
34 44 42 0.0 0.0 1693.0 0.0 13899.0 53.0 20974.0 0.07960877971113385
34 44 43 0.0 0.0 2084.0 0.0 12391.0 43.0 35243.0 0.08493084202863381
34 44 44 0.0 0.0 1367.0 0.0 13706.0 45.0 15731.0 0.08208255159474671
34 44 45 0.0 0.0 1051.0 0.0 13262.0 36.0 10295.0 0.0859106529209622
34 44 46 0.0 0.0 843.0 0.0 12597.0 27.0 7357.0 0.0907205806117159
34 44 47 0.0 0.0 470.0 0.0 9458.0 30.0 1912.0 0.11758777087182931
34 44 48 0.0 0.0 95.0 0.0 2247.0 12.0 25.0 0.32332563510392603
34 44 49 0.0 0.0 0.0 0.0 23.0 0.0 0.0 0.6920415224913494
34 45 32 0.0 0.0 0.0 0.0 24.0 0.0 0.0 0.6916996047430829
34 45 33 0.0 0.0 15.0 0.0 230.0 4.0 0.0 0.6247211066488174
34 45 34 0.0 0.0 72.0 0.0 1583.0 12.0 14.0 0.38440417353102685
34 45 35 0.0 0.0 683.0 0.0 11306.0 30.0 3621.0 0.10015739018457576
34 45 36 0.0 0.0 922.0 0.0 12688.0 32.0 8680.0 0.08974934290659656
34 45 37 0.0 0.0 896.0 0.0 12783.0 31.0 6951.0 0.08934839491990554
34 45 38 0.0 0.0 1148.0 0.0 13616.0 33.0 12508.0 0.08357211079274116
34 45 39 0.0 0.0 976.0 0.0 13029.0 26.0 9146.0 0.08749999999999998
34 45 40 0.0 0.0 1154.0 0.0 13775.0 33.0 11438.0 0.08273253752511522
34 45 41 0.0 0.0 1949.0 0.0 12526.0 46.0 31629.0 0.08495661144486923
34 45 42 0.0 0.0 1297.0 0.0 13481.0 38.0 16590.0 0.08344757703999522
34 45 43 0.0 0.0 1312.0 0.0 13762.0 46.0 13827.0 0.08206811653672548
34 45 44 0.0 0.0 742.0 0.0 11981.0 27.0 5008.0 0.0951345474313672
34 45 45 0.0 0.0 581.0 0.0 10654.0 26.0 3021.0 0.10588413250642867
34 45 46 0.0 0.0 225.0 0.0 5058.0 23.0 279.0 0.19281090758848643
34 45 47 0.0 0.0 550.0 0.0 10078.0 26.0 2495.0 0.11095260738627356
34 45 48 0.0 0.0 313.0 0.0 6526.0 22.0 561.0 0.15867618723790092
34 45 49 0.0 0.0 16.0 0.0 245.0 6.0 0.0 0.6208425720620842
34 46 32 0.0 0.0 0.0 0.0 1.0 0.0 0.0 0.6996501749125437
34 46 33 0.0 0.0 0.0 0.0 6.0 0.0 0.0 0.6979062811565303
34 46 34 0.0 0.0 1.0 0.0 133.0 0.0 0.0 0.6560449859418931
34 46 35 0.0 0.0 246.0 0.0 5676.0 16.0 387.0 0.17701352889113667
34 46 36 0.0 0.0 484.0 0.0 9254.0 14.0 1717.0 0.11933174224343673
34 46 37 0.0 0.0 444.0 0.0 8781.0 20.0 1501.0 0.12486621476988939
34 46 38 0.0 0.0 707.0 0.0 11513.0 30.0 3911.0 0.09848058525604951
34 46 39 0.0 0.0 932.0 0.0 13160.0 33.0 7876.0 0.08703761268262356
34 46 40 0.0 0.0 1074.0 0.0 13167.0 34.0 10756.0 0.08622282441337685
34 46 41 0.0 0.0 828.0 0.0 12340.0 30.0 5492.0 0.09239704329461455
34 46 42 0.0 0.0 807.0 0.0 12416.0 25.0 5579.0 0.09199027531375253
34 46 43 0.0 0.0 681.0 0.0 11750.0 24.0 4185.0 0.0970873786407767
34 46 44 0.0 0.0 615.0 0.0 10685.0 31.0 2913.0 0.10534236267870578
34 46 45 0.0 0.0 555.0 0.0 10173.0 20.0 2459.0 0.1100282929896259
34 46 46 0.0 0.0 197.0 0.0 4643.0 19.0 210.0 0.20521841102316032
34 46 47 0.0 0.0 12.0 0.0 465.0 3.0 2.0 0.5663430420711973
34 46 48 0.0 0.0 8.0 0.0 246.0 2.0 0.0 0.6216696269982237
34 46 49 0.0 0.0 4.0 0.0 142.0 1.0 0.0 0.6526806526806526
34 47 33 0.0 0.0 0.0 0.0 7.0 0.0 0.0 0.6975585450921773
34 47 34 0.0 0.0 0.0 0.0 10.0 0.0 0.0 0.6965174129353233
34 47 35 0.0 0.0 2.0 0.0 71.0 1.0 0.0 0.6756756756756755
34 47 36 0.0 0.0 15.0 0.0 420.0 1.0 1.0 0.5751848808545603
34 47 37 0.0 0.0 121.0 0.0 3323.0 16.0 72.0 0.2579218865143699
34 47 38 0.0 0.0 655.0 0.0 11372.0 23.0 4387.0 0.09987871869872297
34 47 39 0.0 0.0 771.0 0.0 12023.0 28.0 7694.0 0.09467775748968688
34 47 40 0.0 0.0 778.0 0.0 12109.0 31.0 6716.0 0.09403546480386887
34 47 41 0.0 0.0 585.0 0.0 10921.0 20.0 3745.0 0.10369602251685059
34 47 42 0.0 0.0 421.0 0.0 8277.0 22.0 1162.0 0.1309880239520958
34 47 43 0.0 0.0 478.0 0.0 9371.0 24.0 2163.0 0.11822327309576082
34 47 44 0.0 0.0 165.0 0.0 3811.0 20.0 102.0 0.23505708529214234
34 47 45 0.0 0.0 253.0 0.0 5641.0 21.0 330.0 0.1776875237974362
34 47 46 0.0 0.0 17.0 0.0 493.0 5.0 0.0 0.5591054313099041
34 47 47 0.0 0.0 14.0 0.0 338.0 3.0 0.0 0.5959982971477223
34 48 35 0.0 0.0 0.0 0.0 4.0 0.0 0.0 0.6986027944111775
34 48 36 0.0 0.0 3.0 0.0 91.0 2.0 0.0 0.6692160611854684
34 48 37 0.0 0.0 114.0 0.0 2878.0 17.0 62.0 0.2814070351758794
34 48 38 0.0 0.0 376.0 0.0 7754.0 26.0 912.0 0.1385041551246537
34 48 39 0.0 0.0 307.0 0.0 6191.0 24.0 460.0 0.1651917404129793
34 48 40 0.0 0.0 79.0 0.0 2663.0 9.0 70.0 0.29573299535276715
34 48 41 0.0 0.0 37.0 0.0 1069.0 9.0 10.0 0.45205037132709064
34 48 42 0.0 0.0 64.0 0.0 1683.0 7.0 10.0 0.374331550802139
34 48 43 0.0 0.0 17.0 0.0 464.0 5.0 1.0 0.5654281098546041
34 48 44 0.0 0.0 1.0 0.0 99.0 2.0 0.0 0.6673021925643469
34 48 45 0.0 0.0 3.0 0.0 46.0 1.0 0.0 0.6835937499999999
34 48 46 0.0 0.0 2.0 0.0 22.0 1.0 0.0 0.6920415224913494
34 48 47 0.0 0.0 0.0 0.0 1.0 0.0 0.0 0.6996501749125437
34 49 36 0.0 0.0 0.0 0.0 11.0 0.0 0.0 0.6961710591745399
34 49 37 0.0 0.0 0.0 0.0 30.0 0.0 0.0 0.689655172413793
34 49 38 0.0 0.0 4.0 0.0 370.0 3.0 1.0 0.5904681568958244
34 49 39 0.0 0.0 18.0 0.0 342.0 2.0 0.0 0.5937234944868531
34 49 40 0.0 0.0 13.0 0.0 233.0 5.0 0.0 0.6247211066488174
34 49 41 0.0 0.0 0.0 0.0 55.0 0.0 0.0 0.6812652068126519
34 49 42 0.0 0.0 1.0 0.0 70.0 2.0 0.0 0.6766553890768486
34 49 43 0.0 0.0 0.0 0.0 6.0 0.0 0.0 0.6979062811565303
34 49 44 0.0 0.0 0.0 0.0 8.0 0.0 0.0 0.697211155378486
34 49 45 0.0 0.0 0.0 0.0 5.0 0.0 0.0 0.6982543640897755
34 50 36 0.0 0.0 2.0 0.0 52.0 1.0 0.0 0.6819288845591815
34 50 37 0.0 0.0 0.0 0.0 1.0 0.0 0.0 0.6996501749125437
35 30 33 0.0 0.0 0.0 0.0 1.0 0.0 0.0 0.6996501749125437
35 30 36 0.0 0.0 0.0 0.0 1.0 0.0 0.0 0.6996501749125437
35 30 37 0.0 0.0 1.0 0.0 11.0 0.0 0.0 0.6958250497017892
35 30 38 0.0 0.0 0.0 0.0 6.0 0.0 0.0 0.6979062811565303
35 30 39 0.0 0.0 1.0 0.0 24.0 0.0 0.0 0.6913580246913579
35 30 42 0.0 0.0 0.0 0.0 1.0 0.0 0.0 0.6996501749125437
35 30 43 0.0 0.0 0.0 0.0 1.0 0.0 0.0 0.6996501749125437
35 31 32 0.0 0.0 1.0 0.0 38.0 2.0 0.0 0.6872852233676975
35 31 33 0.0 0.0 0.0 0.0 1.0 0.0 0.0 0.6996501749125437
35 31 34 0.0 0.0 42.0 0.0 1015.0 4.0 2.0 0.4585653455617425
35 31 35 0.0 0.0 0.0 0.0 20.0 0.0 0.0 0.6930693069306929
35 31 36 0.0 0.0 1.0 0.0 72.0 2.0 0.0 0.6760019314340897
35 31 37 0.0 0.0 76.0 0.0 1508.0 9.0 11.0 0.3916083916083915
35 31 38 0.0 0.0 117.0 0.0 2535.0 15.0 31.0 0.30191934440370927
35 31 39 0.0 0.0 100.0 0.0 1960.0 16.0 23.0 0.34610630407910997
35 31 40 0.0 0.0 0.0 0.0 86.0 1.0 0.0 0.6714628297362109
35 31 41 0.0 0.0 7.0 0.0 251.0 3.0 0.0 0.6208425720620842
35 31 42 0.0 0.0 9.0 0.0 238.0 2.0 0.0 0.6236080178173719
35 31 43 0.0 0.0 7.0 0.0 190.0 2.0 0.0 0.6381039197812214
35 31 44 0.0 0.0 0.0 0.0 11.0 0.0 0.0 0.6961710591745399
35 32 32 0.0 0.0 0.0 0.0 4.0 0.0 0.0 0.6986027944111775
35 32 33 0.0 0.0 38.0 0.0 798.0 12.0 3.0 0.49575070821529743
35 32 34 0.0 0.0 77.0 0.0 1815.0 14.0 18.0 0.36110394635027077
35 32 35 0.0 0.0 96.0 0.0 1891.0 9.0 19.0 0.35184719778838897
35 32 36 0.0 0.0 171.0 0.0 3772.0 22.0 134.0 0.23640661938534274
35 32 37 0.0 0.0 360.0 0.0 8183.0 16.0 1302.0 0.13289036544850497
35 32 38 0.0 0.0 495.0 0.0 9618.0 37.0 1861.0 0.1157886030932098
35 32 39 0.0 0.0 397.0 0.0 8042.0 24.0 1086.0 0.13436990114214414
35 32 40 0.0 0.0 340.0 0.0 7865.0 21.0 1069.0 0.13729528292635088
35 32 41 0.0 0.0 93.0 0.0 2510.0 7.0 47.0 0.3045464433326082
35 32 42 0.0 0.0 59.0 0.0 1351.0 10.0 7.0 0.41176470588235287
35 32 43 0.0 0.0 318.0 0.0 7711.0 25.0 1072.0 0.13987411329803173
35 32 44 0.0 0.0 0.0 0.0 100.0 1.0 0.0 0.6669842782277274
35 32 45 0.0 0.0 33.0 0.0 964.0 6.0 7.0 0.4680708793045803
35 32 46 0.0 0.0 0.0 0.0 5.0 0.0 0.0 0.6982543640897755
35 32 47 0.0 0.0 0.0 0.0 6.0 0.0 0.0 0.6979062811565303
35 32 48 0.0 0.0 0.0 0.0 1.0 0.0 0.0 0.6996501749125437
35 33 30 0.0 0.0 0.0 0.0 1.0 0.0 0.0 0.6996501749125437
35 33 31 0.0 0.0 0.0 0.0 18.0 0.0 0.0 0.6937561942517343
35 33 32 0.0 0.0 68.0 0.0 1357.0 13.0 5.0 0.41043682204632065
35 33 33 0.0 0.0 122.0 0.0 2907.0 20.0 71.0 0.279441117764471
35 33 34 0.0 0.0 240.0 0.0 5542.0 27.0 347.0 0.1804588811549368
35 33 35 0.0 0.0 452.0 0.0 9408.0 22.0 1808.0 0.118173377226302
35 33 36 0.0 0.0 605.0 0.0 10785.0 26.0 3370.0 0.10466507177033492
35 33 37 0.0 0.0 289.0 0.0 6837.0 24.0 674.0 0.15369414864419803
35 33 38 0.0 0.0 549.0 0.0 10518.0 27.0 2693.0 0.10733726903319787
35 33 39 0.0 0.0 723.0 0.0 11897.0 34.0 4668.0 0.09582477754962353
35 33 40 0.0 0.0 337.0 0.0 7173.0 26.0 674.0 0.14744602422327538
35 33 41 0.0 0.0 709.0 0.0 11638.0 31.0 4558.0 0.09766306243460061
35 33 42 0.0 0.0 473.0 0.0 9227.0 26.0 1533.0 0.11983223487118032
35 33 43 0.0 0.0 272.0 0.0 5804.0 25.0 471.0 0.17389144205688728
35 33 44 0.0 0.0 280.0 0.0 5786.0 26.0 369.0 0.17404276479363498
35 33 45 0.0 0.0 100.0 0.0 2282.0 14.0 24.0 0.32043945983062483
35 33 46 0.0 0.0 75.0 0.0 1630.0 14.0 8.0 0.37930100243836357
35 33 47 0.0 0.0 110.0 0.0 2885.0 12.0 64.0 0.280955247842665
35 33 48 0.0 0.0 19.0 0.0 473.0 5.0 3.0 0.5629272215520706
35 34 30 0.0 0.0 0.0 0.0 2.0 0.0 0.0 0.6993006993006992
35 34 31 0.0 0.0 0.0 0.0 68.0 0.0 1.0 0.6769825918762088
35 34 32 0.0 0.0 94.0 0.0 1961.0 7.0 18.0 0.3457643862682143
35 34 33 0.0 0.0 172.0 0.0 3917.0 6.0 110.0 0.23014959723820477
35 34 34 0.0 0.0 348.0 0.0 6850.0 22.0 602.0 0.15250544662309365
35 34 35 0.0 0.0 408.0 0.0 9068.0 19.0 1628.0 0.1220469008804812
35 34 36 0.0 0.0 840.0 0.0 12546.0 27.0 5832.0 0.09099181073703366
35 34 37 0.0 0.0 1327.0 0.0 12895.0 33.0 19404.0 0.08628659476117102
35 34 38 0.0 0.0 959.0 0.0 12803.0 28.0 9303.0 0.08885503935008884
35 34 39 0.0 0.0 1137.0 0.0 13303.0 33.0 12553.0 0.08518405841192576
35 34 40 0.0 0.0 1094.0 0.0 13319.0 25.0 10515.0 0.08527226215129735
35 34 41 0.0 0.0 1146.0 0.0 13487.0 30.0 11866.0 0.08411439557798604
35 34 42 0.0 0.0 965.0 0.0 12957.0 28.0 9276.0 0.08797285409073771
35 34 43 0.0 0.0 643.0 0.0 11383.0 21.0 4678.0 0.09987159366528749
35 34 44 0.0 0.0 728.0 0.0 11810.0 28.0 4500.0 0.09635900612567966
35 34 45 0.0 0.0 291.0 0.0 6071.0 11.0 471.0 0.16764459346186084
35 34 46 0.0 0.0 119.0 0.0 2448.0 23.0 34.0 0.308030803080308
35 34 47 0.0 0.0 7.0 0.0 170.0 1.0 0.0 0.6433823529411764
35 34 48 0.0 0.0 2.0 0.0 92.0 0.0 0.0 0.6685768863419292
35 35 30 0.0 0.0 0.0 0.0 2.0 0.0 0.0 0.6993006993006992
35 35 31 0.0 0.0 114.0 0.0 2473.0 16.0 37.0 0.30614476273780883
35 35 32 0.0 0.0 35.0 0.0 863.0 5.0 3.0 0.4839267196681645
35 35 33 0.0 0.0 479.0 0.0 9107.0 20.0 1485.0 0.12096077414895454
35 35 34 0.0 0.0 325.0 0.0 6796.0 15.0 607.0 0.15374478365912583
35 35 35 0.0 0.0 970.0 0.0 13004.0 32.0 9406.0 0.08763693270735524
35 35 36 0.0 0.0 1809.0 0.0 13297.0 38.0 24812.0 0.08177570093457943
35 35 37 0.0 0.0 1888.0 0.0 12932.0 48.0 28457.0 0.08320950965824664
35 35 38 0.0 0.0 2257.0 0.0 12682.0 42.0 34939.0 0.08259587020648966
35 35 39 0.0 0.0 2071.0 0.0 12956.0 57.0 30008.0 0.08222235273389321
35 35 40 0.0 0.0 1919.0 0.0 13683.0 58.0 25010.0 0.07958615200955033
35 35 41 0.0 0.0 1784.0 0.0 13021.0 46.0 26321.0 0.08330358205402831
35 35 42 0.0 0.0 1556.0 0.0 13830.0 44.0 18933.0 0.08047827086686593
35 35 43 0.0 0.0 1221.0 0.0 13220.0 36.0 14417.0 0.08519442585042292
35 35 44 0.0 0.0 846.0 0.0 12432.0 34.0 6021.0 0.09170105456212746
35 35 45 0.0 0.0 672.0 0.0 11549.0 21.0 5014.0 0.0984736582964057
35 35 46 0.0 0.0 134.0 0.0 3510.0 21.0 94.0 0.24897741419171257
35 35 47 0.0 0.0 28.0 0.0 858.0 7.0 2.0 0.4864489228630993
35 35 48 0.0 0.0 2.0 0.0 107.0 2.0 0.0 0.6644518272425248
35 36 30 0.0 0.0 0.0 0.0 5.0 0.0 0.0 0.6982543640897755
35 36 31 0.0 0.0 51.0 0.0 1605.0 16.0 23.0 0.3846153846153846
35 36 32 0.0 0.0 113.0 0.0 2895.0 10.0 70.0 0.28005601120224044
35 36 33 0.0 0.0 637.0 0.0 11150.0 22.0 3748.0 0.10161863976192204
35 36 34 0.0 0.0 524.0 0.0 10334.0 23.0 2536.0 0.10897485794348874
35 36 35 0.0 0.0 1164.0 0.0 13260.0 32.0 11643.0 0.08527745629530364
35 36 36 0.0 0.0 1798.0 0.0 13238.0 51.0 24867.0 0.08227067050596462
35 36 37 0.0 0.0 2248.0 0.0 13094.0 47.0 32694.0 0.0806312273224673
35 36 38 0.0 0.0 2965.0 0.0 11785.0 74.0 49265.0 0.08369701679918692
35 36 39 0.0 0.0 2929.0 0.0 12667.0 62.0 43068.0 0.0795047986824919
35 36 40 0.0 0.0 3179.0 0.0 10187.0 70.0 64639.0 0.09105098855358999
35 36 41 0.0 0.0 2609.0 0.0 12712.0 63.0 39363.0 0.08089212457387183
35 36 42 0.0 0.0 2347.0 0.0 12754.0 59.0 35729.0 0.08177570093457943
35 36 43 0.0 0.0 1668.0 0.0 13329.0 42.0 23039.0 0.08236263089775267
35 36 44 0.0 0.0 1758.0 0.0 12761.0 50.0 26832.0 0.08472524812394092
35 36 45 0.0 0.0 697.0 0.0 11489.0 27.0 3605.0 0.09880028228652081
35 36 46 0.0 0.0 211.0 0.0 5193.0 16.0 298.0 0.18944519621109604
35 36 47 0.0 0.0 343.0 0.0 7282.0 22.0 718.0 0.1457270740085354
35 36 48 0.0 0.0 12.0 0.0 316.0 7.0 0.0 0.6031882809133993
35 36 49 0.0 0.0 0.0 0.0 9.0 0.0 0.0 0.6968641114982577
35 36 50 0.0 0.0 0.0 0.0 3.0 0.0 0.0 0.6989515726410384
35 37 30 0.0 0.0 0.0 0.0 11.0 0.0 0.0 0.6961710591745399
35 37 31 0.0 0.0 4.0 0.0 196.0 1.0 0.0 0.6369426751592355
35 37 32 0.0 0.0 283.0 0.0 5536.0 22.0 341.0 0.17951019361456594
35 37 33 0.0 0.0 828.0 0.0 12377.0 39.0 6515.0 0.09214769959849929
35 37 34 0.0 0.0 666.0 0.0 11551.0 24.0 4074.0 0.09854297177447735
35 37 35 0.0 0.0 1278.0 0.0 13617.0 37.0 15014.0 0.0829138288421676
35 37 36 0.0 0.0 2227.0 0.0 13495.0 38.0 29470.0 0.07893549842129002
35 37 37 0.0 0.0 2902.0 0.0 12927.0 51.0 41388.0 0.07836551917156451
35 37 38 0.0 0.0 3501.0 0.0 11085.0 64.0 60136.0 0.08432718949524153
35 37 39 0.0 0.0 3581.0 0.0 11621.0 63.0 56729.0 0.0814000814000814
35 37 40 0.0 0.0 3753.0 0.0 11717.0 71.0 57774.0 0.08011444921316165
35 37 41 0.0 0.0 3497.0 0.0 12150.0 70.0 52599.0 0.07933809361895046
35 37 42 0.0 0.0 2856.0 0.0 12905.0 59.0 40895.0 0.07887323943661971
35 37 43 0.0 0.0 2500.0 0.0 12336.0 48.0 40286.0 0.08314526665874807
35 37 44 0.0 0.0 1334.0 0.0 14128.0 33.0 12401.0 0.08020164986251145
35 37 45 0.0 0.0 1357.0 0.0 13594.0 35.0 16042.0 0.08251797713073204
35 37 46 0.0 0.0 985.0 0.0 13083.0 38.0 9705.0 0.08716767324575056
35 37 47 0.0 0.0 249.0 0.0 5910.0 17.0 446.0 0.17196904557179704
35 37 48 0.0 0.0 25.0 0.0 526.0 5.0 0.0 0.5498821681068342
35 37 49 0.0 0.0 1.0 0.0 17.0 1.0 0.0 0.694100148735746
35 38 30 0.0 0.0 0.0 0.0 8.0 0.0 0.0 0.697211155378486
35 38 31 0.0 0.0 0.0 0.0 72.0 0.0 0.0 0.6756756756756755
35 38 32 0.0 0.0 71.0 0.0 1874.0 9.0 16.0 0.35560071120142234
35 38 33 0.0 0.0 616.0 0.0 10969.0 21.0 3402.0 0.10315355142941349
35 38 34 0.0 0.0 911.0 0.0 12950.0 33.0 8020.0 0.08829465186680119
35 38 35 0.0 0.0 1792.0 0.0 12882.0 42.0 28065.0 0.0839680921249925
35 38 36 0.0 0.0 2487.0 0.0 13094.0 49.0 36051.0 0.07965407373691397
35 38 37 0.0 0.0 3613.0 0.0 8677.0 59.0 80351.0 0.0979980400391992
35 38 38 0.0 0.0 4068.0 0.0 11482.0 71.0 61936.0 0.07975390224450267
35 38 39 0.0 0.0 4127.0 0.0 11618.0 76.0 62286.0 0.07888212756366914
35 38 40 0.0 0.0 4396.0 0.0 10934.0 81.0 68943.0 0.08085008085008084
35 38 41 0.0 0.0 4164.0 0.0 10335.0 66.0 71921.0 0.08481250378627248
35 38 42 0.0 0.0 3661.0 0.0 10373.0 83.0 68139.0 0.08733624454148471
35 38 43 0.0 0.0 3315.0 0.0 10730.0 63.0 61384.0 0.08722197993894461
35 38 44 0.0 0.0 2307.0 0.0 13085.0 59.0 34001.0 0.0805106676634654
35 38 45 0.0 0.0 1757.0 0.0 13341.0 43.0 25120.0 0.08190487333996371
35 38 46 0.0 0.0 837.0 0.0 12620.0 26.0 6692.0 0.09061488673139158
35 38 47 0.0 0.0 395.0 0.0 8225.0 20.0 1031.0 0.1319883096068634
35 38 48 0.0 0.0 43.0 0.0 860.0 9.0 2.0 0.4839267196681645
35 38 49 0.0 0.0 2.0 0.0 43.0 0.0 0.0 0.6845965770171147
35 38 50 0.0 0.0 0.0 0.0 2.0 0.0 0.0 0.6993006993006992
35 39 30 0.0 0.0 0.0 0.0 2.0 0.0 0.0 0.6993006993006992
35 39 31 0.0 0.0 1.0 0.0 79.0 1.0 0.0 0.6734006734006733
35 39 32 0.0 0.0 144.0 0.0 3499.0 17.0 109.0 0.24875621890547261
35 39 33 0.0 0.0 596.0 0.0 10684.0 34.0 2935.0 0.1055727320714878
35 39 34 0.0 0.0 1015.0 0.0 13141.0 27.0 10701.0 0.0866497493346537
35 39 35 0.0 0.0 1721.0 0.0 13531.0 47.0 23979.0 0.08118765947575968
35 39 36 0.0 0.0 2653.0 0.0 12505.0 58.0 41383.0 0.08155181452787323
35 39 37 0.0 0.0 4016.0 0.0 9399.0 76.0 79091.0 0.09080884737627293
35 39 38 0.0 0.0 4643.0 0.0 8434.0 78.0 93057.0 0.09286282833642875
35 39 39 0.0 0.0 4880.0 0.0 9156.0 74.0 88078.0 0.08727635434199861
35 39 40 0.0 0.0 4784.0 0.0 9518.0 87.0 83585.0 0.08594229588704726
35 39 41 0.0 0.0 4518.0 0.0 10343.0 72.0 74150.0 0.08301215535131928
35 39 42 0.0 0.0 4311.0 0.0 10299.0 88.0 74028.0 0.08426628144938003
35 39 43 0.0 0.0 3848.0 0.0 10264.0 73.0 69570.0 0.08679479231246125
35 39 44 0.0 0.0 2886.0 0.0 11594.0 58.0 48585.0 0.08498755539367449
35 39 45 0.0 0.0 1900.0 0.0 13310.0 51.0 26333.0 0.08138115444980526
35 39 46 0.0 0.0 834.0 0.0 12651.0 29.0 6380.0 0.09046265184802273
35 39 47 0.0 0.0 647.0 0.0 11154.0 24.0 3454.0 0.10150812064965196
35 39 48 0.0 0.0 87.0 0.0 2565.0 16.0 56.0 0.3019844693701466
35 39 49 0.0 0.0 23.0 0.0 586.0 6.0 1.0 0.5382545174932718
35 40 30 0.0 0.0 0.0 0.0 1.0 0.0 0.0 0.6996501749125437
35 40 31 0.0 0.0 18.0 0.0 503.0 8.0 0.0 0.5571030640668523
35 40 32 0.0 0.0 99.0 0.0 2515.0 12.0 40.0 0.30421555845284654
35 40 33 0.0 0.0 512.0 0.0 9506.0 23.0 1732.0 0.1166375072898442
35 40 34 0.0 0.0 708.0 0.0 11839.0 29.0 4263.0 0.09635900612567966
35 40 35 0.0 0.0 1629.0 0.0 13363.0 41.0 23099.0 0.08236747661352002
35 40 36 0.0 0.0 2519.0 0.0 13696.0 45.0 32445.0 0.07684707432209902
35 40 37 0.0 0.0 3980.0 0.0 10609.0 69.0 68927.0 0.08435259384226064
35 40 38 0.0 0.0 4792.0 0.0 8970.0 78.0 90533.0 0.08883812424646233
35 40 39 0.0 0.0 4639.0 0.0 6904.0 65.0 109482.0 0.10336680448907264
35 40 40 0.0 0.0 5212.0 0.0 9602.0 69.0 85838.0 0.0832639467110741
35 40 41 0.0 1.0 4823.0 1.0 10469.0 77.0 76404.0 0.08100914246036338
35 40 42 0.0 0.0 4449.0 0.0 9858.0 68.0 77322.0 0.08582638548307993
35 40 43 0.0 0.0 3909.0 0.0 11366.0 67.0 60491.0 0.08091550109813894
35 40 44 0.0 0.0 3094.0 0.0 11601.0 63.0 52533.0 0.08387753879336168
35 40 45 0.0 0.0 2215.0 0.0 13496.0 42.0 30010.0 0.07896666478650798
35 40 46 0.0 0.0 931.0 0.0 12984.0 30.0 6786.0 0.08803370433251587
35 40 47 0.0 0.0 612.0 0.0 10723.0 26.0 2831.0 0.10504201680672268
35 40 48 0.0 0.0 418.0 0.0 8122.0 32.0 1045.0 0.13307984790874522
35 40 49 0.0 0.0 0.0 0.0 76.0 0.0 1.0 0.6743737957610789
35 40 50 0.0 0.0 0.0 0.0 1.0 0.0 0.0 0.6996501749125437
35 41 31 0.0 0.0 61.0 0.0 1650.0 14.0 8.0 0.3786854206113064
35 41 32 0.0 0.0 33.0 0.0 1108.0 7.0 9.0 0.44685604851579946
35 41 33 0.0 0.0 515.0 0.0 10177.0 29.0 2890.0 0.11050595942852633
35 41 34 0.0 0.0 752.0 0.0 11907.0 26.0 4301.0 0.09560229445506692
35 41 35 0.0 0.0 1959.0 0.0 12873.0 54.0 30645.0 0.0831551437396056
35 41 36 0.0 0.0 2574.0 0.0 12059.0 61.0 43489.0 0.08418014551139437
35 41 37 0.0 0.0 3594.0 0.0 12676.0 65.0 50182.0 0.07659062311942666
35 41 38 0.0 0.0 4636.0 0.0 9318.0 76.0 84632.0 0.08765888172312315
35 41 39 0.0 0.0 4592.0 0.0 7216.0 63.0 106042.0 0.10138315591281047
35 41 40 0.0 0.0 5039.0 0.0 9953.0 73.0 82248.0 0.08242566970856637
35 41 41 0.0 0.0 4774.0 0.0 9724.0 74.0 81436.0 0.08484848484848484
35 41 42 0.0 0.0 4417.0 0.0 10663.0 92.0 72327.0 0.08208255159474671
35 41 43 0.0 0.0 3880.0 0.0 11338.0 79.0 60961.0 0.08131970260223047
35 41 44 0.0 0.0 3376.0 0.0 8964.0 62.0 76273.0 0.09760858955588092
35 41 45 0.0 0.0 2449.0 0.0 11957.0 57.0 41603.0 0.08535544445799291
35 41 46 0.0 0.0 1791.0 0.0 13505.0 53.0 25124.0 0.08103727714748783
35 41 47 0.0 0.0 981.0 0.0 12994.0 37.0 8608.0 0.08769731896767727
35 41 48 0.0 0.0 162.0 0.0 3667.0 20.0 105.0 0.24088093599449412
35 41 49 0.0 0.0 0.0 0.0 81.0 2.0 0.0 0.6737247353224253
35 41 50 0.0 0.0 0.0 0.0 2.0 0.0 0.0 0.6993006993006992
35 42 31 0.0 0.0 5.0 0.0 145.0 0.0 0.0 0.6511627906976742
35 42 32 0.0 0.0 211.0 0.0 4365.0 17.0 173.0 0.21341463414634143
35 42 33 0.0 0.0 633.0 0.0 10903.0 20.0 3458.0 0.10348141030379185
35 42 34 0.0 0.0 885.0 0.0 12937.0 33.0 5936.0 0.08856835579173783
35 42 35 0.0 0.0 1667.0 0.0 12685.0 43.0 26127.0 0.08564262555820638
35 42 36 0.0 0.0 2487.0 0.0 12687.0 57.0 38000.0 0.08151857458949574
35 42 37 0.0 0.0 3394.0 0.0 10462.0 64.0 63700.0 0.08835037233371197
35 42 38 0.0 0.0 4087.0 0.0 10645.0 82.0 67906.0 0.08363701535336639
35 42 39 0.0 0.0 4387.0 0.0 9277.0 80.0 81875.0 0.08936550491510276
35 42 40 0.0 0.0 4597.0 0.0 9362.0 80.0 84677.0 0.0877577885037297
35 42 41 0.0 0.0 4539.0 0.0 9467.0 58.0 82599.0 0.08728179551122194
35 42 42 0.0 0.0 4350.0 0.0 10603.0 67.0 72031.0 0.08253743662303974
35 42 43 0.0 0.0 3710.0 0.0 11874.0 67.0 57159.0 0.07963142028326033
35 42 44 0.0 0.0 3041.0 0.0 11576.0 68.0 51836.0 0.08425613866153105
35 42 45 0.0 0.0 2226.0 0.0 12859.0 47.0 33819.0 0.08196721311475409
35 42 46 0.0 0.0 1222.0 0.0 13541.0 36.0 13618.0 0.08353221957040573
35 42 47 0.0 0.0 519.0 0.0 9902.0 24.0 2314.0 0.11283952607399049
35 42 48 0.0 0.0 72.0 0.0 1982.0 14.0 20.0 0.3466204506065857
35 42 49 0.0 0.0 9.0 0.0 298.0 2.0 0.0 0.6073752711496745
35 42 50 0.0 0.0 0.0 0.0 3.0 0.0 0.0 0.6989515726410384
35 43 31 0.0 0.0 4.0 0.0 139.0 2.0 0.0 0.6542056074766354
35 43 32 0.0 0.0 320.0 0.0 6616.0 23.0 579.0 0.15705631590756114
35 43 33 0.0 0.0 603.0 0.0 11108.0 21.0 3530.0 0.1021375939301087
35 43 34 0.0 0.0 1122.0 0.0 13306.0 31.0 10772.0 0.08520998174071819
35 43 35 0.0 0.0 1374.0 0.0 13538.0 37.0 15581.0 0.08282063416942734
35 43 36 0.0 0.0 1969.0 0.0 13345.0 52.0 28077.0 0.0808080808080808
35 43 37 0.0 0.0 2766.0 0.0 12263.0 62.0 44137.0 0.0822126959891949
35 43 38 0.0 0.0 3273.0 0.0 11770.0 65.0 52856.0 0.0822126959891949
35 43 39 0.0 0.0 3557.0 0.0 12798.0 75.0 48809.0 0.07630675314765356
35 43 40 0.0 0.0 3906.0 0.0 10437.0 73.0 68918.0 0.08563738683631024
35 43 41 0.0 0.0 3863.0 0.0 9971.0 73.0 72339.0 0.08842291416661403
35 43 42 0.0 0.0 3683.0 0.0 9487.0 88.0 76245.0 0.09237875288683602
35 43 43 0.0 0.0 3238.0 0.0 11595.0 71.0 53075.0 0.0832045643646737
35 43 44 0.0 0.0 2698.0 0.0 11829.0 64.0 46397.0 0.0846228239845261
35 43 45 0.0 0.0 1983.0 0.0 12519.0 49.0 32318.0 0.08485877076009213
35 43 46 0.0 0.0 1204.0 0.0 13820.0 35.0 11518.0 0.08225133658421949
35 43 47 0.0 0.0 441.0 0.0 8891.0 19.0 1388.0 0.12366398728027557
35 43 48 0.0 0.0 77.0 0.0 2013.0 18.0 22.0 0.34381139489194495
35 43 49 0.0 0.0 19.0 0.0 372.0 1.0 1.0 0.5857740585774057
35 44 31 0.0 0.0 33.0 0.0 750.0 4.0 5.0 0.503778337531486
35 44 32 0.0 0.0 37.0 0.0 845.0 7.0 4.0 0.48729550991994425
35 44 33 0.0 0.0 367.0 0.0 7978.0 20.0 1220.0 0.13551447100958278
35 44 34 0.0 0.0 676.0 0.0 11679.0 33.0 4418.0 0.09763581839737777
35 44 35 0.0 0.0 902.0 0.0 12979.0 27.0 7753.0 0.08816676113105358
35 44 36 0.0 0.0 1363.0 0.0 13756.0 28.0 15283.0 0.08172796263864564
35 44 37 0.0 0.0 2098.0 0.0 13187.0 47.0 30879.0 0.08099039685294457
35 44 38 0.0 0.0 2660.0 0.0 11434.0 61.0 48952.0 0.08694572102844365
35 44 39 0.0 0.0 2572.0 0.0 13453.0 46.0 35436.0 0.07768283209410719
35 44 40 0.0 0.0 2914.0 0.0 12276.0 50.0 45005.0 0.0813575081357508
35 44 41 0.0 0.0 3157.0 0.0 11363.0 68.0 53898.0 0.08469961885171516
35 44 42 0.0 0.0 3086.0 0.0 11450.0 77.0 53488.0 0.0846484067960578
35 44 43 0.0 0.0 2374.0 0.0 13541.0 56.0 32296.0 0.07812499999999999
35 44 44 0.0 0.0 1997.0 0.0 13261.0 45.0 28341.0 0.08112179858616293
35 44 45 0.0 0.0 1960.0 0.0 12304.0 50.0 32607.0 0.08609556607834695
35 44 46 0.0 0.0 1200.0 0.0 13330.0 34.0 13844.0 0.08473037583973853
35 44 47 0.0 0.0 230.0 0.0 6034.0 18.0 503.0 0.16973811833171676
35 44 48 0.0 0.0 127.0 0.0 3002.0 19.0 69.0 0.27386541471048503
35 44 49 0.0 0.0 6.0 0.0 170.0 0.0 0.0 0.6433823529411764
35 45 31 0.0 0.0 1.0 0.0 19.0 1.0 0.0 0.6934125804853887
35 45 32 0.0 0.0 17.0 0.0 367.0 4.0 0.0 0.588235294117647
35 45 33 0.0 0.0 94.0 0.0 1877.0 12.0 15.0 0.3536246526900732
35 45 34 0.0 0.0 312.0 0.0 6554.0 14.0 567.0 0.15812062344702957
35 45 35 0.0 0.0 475.0 0.0 9418.0 30.0 1685.0 0.11794439764111203
35 45 36 0.0 0.0 933.0 0.0 12844.0 36.0 8095.0 0.08873676871395067
35 45 37 0.0 0.0 1313.0 0.0 13603.0 44.0 15280.0 0.08283533518726702
35 45 38 0.0 0.0 1577.0 0.0 12871.0 43.0 23335.0 0.08516333110286513
35 45 39 0.0 0.0 1963.0 0.0 13690.0 47.0 25943.0 0.07936507936507936
35 45 40 0.0 0.0 1945.0 0.0 13608.0 47.0 26471.0 0.0797857183564142
35 45 41 0.0 0.0 1849.0 0.0 14273.0 39.0 21857.0 0.07722859664607237
35 45 42 0.0 0.0 1914.0 0.0 13277.0 49.0 26484.0 0.08141901715615003
35 45 43 0.0 0.0 1503.0 0.0 13922.0 37.0 16589.0 0.08038585209003214
35 45 44 0.0 0.0 1431.0 0.0 13432.0 45.0 18901.0 0.08306633440132906
35 45 45 0.0 0.0 1016.0 0.0 13306.0 30.0 9743.0 0.0857632933104631
35 45 46 0.0 0.0 775.0 0.0 12193.0 18.0 5575.0 0.09350163627863486
35 45 47 0.0 0.0 448.0 0.0 9122.0 29.0 1799.0 0.12120162756471299
35 45 48 0.0 0.0 160.0 0.0 4048.0 12.0 175.0 0.22591576569307725
35 45 49 0.0 0.0 14.0 0.0 399.0 5.0 0.0 0.5813953488372092
35 46 31 0.0 0.0 2.0 0.0 26.0 0.0 0.0 0.690335305719921
35 46 32 0.0 0.0 1.0 0.0 26.0 0.0 0.0 0.6906758756783422
35 46 33 0.0 0.0 17.0 0.0 320.0 5.0 0.0 0.6003430531732418
35 46 34 0.0 0.0 69.0 0.0 1564.0 18.0 9.0 0.3873824017708909
35 46 35 0.0 0.0 119.0 0.0 2992.0 14.0 59.0 0.2746713753188149
35 46 36 0.0 0.0 396.0 0.0 8339.0 20.0 1221.0 0.13056047747831762
35 46 37 0.0 0.0 840.0 0.0 12424.0 29.0 6470.0 0.09174311926605504
35 46 38 0.0 0.0 1584.0 0.0 13186.0 37.0 22339.0 0.08340283569641367
35 46 39 0.0 0.0 1881.0 0.0 12565.0 45.0 30951.0 0.08509603695599319
35 46 40 0.0 0.0 1242.0 0.0 13970.0 25.0 12444.0 0.08133387555917039
35 46 41 0.0 0.0 1057.0 0.0 13412.0 34.0 9503.0 0.08500819721901753
35 46 42 0.0 0.0 1439.0 0.0 12981.0 23.0 20090.0 0.08519442585042292
35 46 43 0.0 0.0 950.0 0.0 12966.0 41.0 8038.0 0.08806139136998363
35 46 44 0.0 0.0 944.0 0.0 12930.0 29.0 7668.0 0.08823344047393962
35 46 45 0.0 0.0 851.0 0.0 12397.0 29.0 7747.0 0.09179725919611827
35 46 46 0.0 0.0 429.0 0.0 8875.0 22.0 1518.0 0.12398157987956074
35 46 47 0.0 0.0 127.0 0.0 3035.0 9.0 69.0 0.27163368257663945
35 46 48 0.0 0.0 8.0 0.0 197.0 1.0 0.0 0.6352087114337567
35 46 49 0.0 0.0 30.0 0.0 554.0 3.0 0.0 0.5424254165052305
35 47 32 0.0 0.0 0.0 0.0 4.0 0.0 0.0 0.6986027944111775
35 47 33 0.0 0.0 0.0 0.0 10.0 0.0 0.0 0.6965174129353233
35 47 34 0.0 0.0 0.0 0.0 46.0 0.0 0.0 0.6842619745845552
35 47 35 0.0 0.0 29.0 0.0 537.0 8.0 1.0 0.5470887065259866
35 47 36 0.0 0.0 99.0 0.0 2103.0 14.0 29.0 0.3343682827800334
35 47 37 0.0 0.0 546.0 0.0 10363.0 24.0 2743.0 0.10851030847930553
35 47 38 0.0 0.0 627.0 0.0 11005.0 26.0 3443.0 0.1027824682475589
35 47 39 0.0 0.0 921.0 0.0 12975.0 24.0 7996.0 0.08810018249323516
35 47 40 0.0 0.0 505.0 0.0 10196.0 25.0 2530.0 0.11035787482263912
35 47 41 0.0 0.0 437.0 0.0 9026.0 20.0 1673.0 0.12227074235807858
35 47 42 0.0 0.0 398.0 0.0 8346.0 15.0 1252.0 0.13041453190498367
35 47 43 0.0 0.0 464.0 0.0 9198.0 18.0 1806.0 0.12013042732109146
35 47 44 0.0 0.0 188.0 0.0 4413.0 23.0 205.0 0.21276595744680848
35 47 45 0.0 0.0 134.0 0.0 3415.0 14.0 86.0 0.2530272908006506
35 47 46 0.0 0.0 327.0 0.0 6547.0 29.0 549.0 0.15820996722793534
35 47 47 0.0 0.0 12.0 0.0 264.0 2.0 0.0 0.615655233069481
35 47 48 0.0 0.0 0.0 0.0 4.0 0.0 0.0 0.6986027944111775
35 48 35 0.0 0.0 0.0 0.0 1.0 0.0 0.0 0.6996501749125437
35 48 36 0.0 0.0 6.0 0.0 182.0 0.0 0.0 0.639853747714808
35 48 37 0.0 0.0 142.0 0.0 3231.0 16.0 84.0 0.2613890963405526
35 48 38 0.0 0.0 175.0 0.0 4007.0 15.0 142.0 0.22705157314304245
35 48 39 0.0 0.0 293.0 0.0 6494.0 25.0 518.0 0.1597079625827059
35 48 40 0.0 0.0 262.0 0.0 6205.0 25.0 450.0 0.16575893914278947
35 48 41 0.0 0.0 488.0 0.0 9461.0 21.0 2016.0 0.11719403984597353
35 48 42 0.0 0.0 97.0 0.0 2627.0 15.0 64.0 0.2972399150743099
35 48 43 0.0 0.0 154.0 0.0 3368.0 16.0 85.0 0.25412960609911056
35 48 44 0.0 0.0 228.0 0.0 5308.0 17.0 319.0 0.18607123870281764
35 48 45 0.0 0.0 64.0 0.0 1437.0 13.0 7.0 0.4013761467889908
35 48 46 0.0 0.0 1.0 0.0 44.0 1.0 0.0 0.684931506849315
35 48 47 0.0 0.0 41.0 0.0 746.0 13.0 4.0 0.5048683736025964
35 49 36 0.0 0.0 0.0 0.0 2.0 0.0 0.0 0.6993006993006992
35 49 37 0.0 0.0 81.0 0.0 2049.0 15.0 26.0 0.34013605442176864
35 49 38 0.0 0.0 8.0 0.0 163.0 3.0 1.0 0.646054453161052
35 49 39 0.0 0.0 16.0 0.0 381.0 4.0 1.0 0.5852842809364547
35 49 40 0.0 0.0 28.0 0.0 558.0 8.0 2.0 0.543056633048875
35 49 41 0.0 0.0 6.0 0.0 235.0 0.0 0.0 0.6249999999999999
35 49 42 0.0 0.0 14.0 0.0 274.0 4.0 0.0 0.6129597197898423
35 49 43 0.0 0.0 0.0 0.0 14.0 0.0 0.0 0.695479384003974
35 49 44 0.0 0.0 2.0 0.0 49.0 0.0 0.0 0.68259385665529
35 49 45 0.0 0.0 0.0 0.0 11.0 1.0 0.0 0.6965174129353233
35 49 46 0.0 0.0 0.0 0.0 3.0 0.0 0.0 0.6989515726410384
35 50 36 0.0 0.0 0.0 0.0 1.0 0.0 0.0 0.6996501749125437
35 50 37 0.0 0.0 0.0 0.0 1.0 0.0 0.0 0.6996501749125437
35 50 38 0.0 0.0 4.0 0.0 78.0 1.0 0.0 0.6727534839019701
35 50 39 0.0 0.0 0.0 0.0 19.0 0.0 0.0 0.6934125804853887
35 50 40 0.0 0.0 0.0 0.0 6.0 0.0 0.0 0.6979062811565303
35 50 43 0.0 0.0 0.0 0.0 2.0 0.0 0.0 0.6993006993006992
35 50 45 0.0 0.0 0.0 0.0 1.0 0.0 0.0 0.6996501749125437
36 29 38 0.0 0.0 0.0 0.0 1.0 0.0 0.0 0.6996501749125437
36 30 35 0.0 0.0 0.0 0.0 4.0 0.0 0.0 0.6986027944111775
36 30 36 0.0 0.0 0.0 0.0 36.0 0.0 0.0 0.6879606879606879
36 30 37 0.0 0.0 0.0 0.0 21.0 0.0 0.0 0.6927263730826323
36 30 38 0.0 0.0 32.0 0.0 867.0 6.0 4.0 0.4840940525587828
36 30 39 0.0 0.0 3.0 0.0 68.0 0.0 0.0 0.6760019314340897
36 30 40 0.0 0.0 1.0 0.0 5.0 0.0 0.0 0.6979062811565303
36 30 41 0.0 0.0 0.0 0.0 2.0 0.0 0.0 0.6993006993006992
36 30 42 0.0 0.0 0.0 0.0 1.0 0.0 0.0 0.6996501749125437
36 31 33 0.0 0.0 6.0 0.0 121.0 1.0 0.0 0.6588235294117646
36 31 34 0.0 0.0 6.0 0.0 108.0 2.0 0.0 0.6628787878787878
36 31 35 0.0 0.0 3.0 0.0 97.0 0.0 0.0 0.6669842782277274
36 31 36 0.0 0.0 124.0 0.0 2690.0 16.0 58.0 0.2917274432173369
36 31 37 0.0 0.0 114.0 0.0 2538.0 18.0 40.0 0.3021800129505719
36 31 38 0.0 0.0 117.0 0.0 2933.0 9.0 60.0 0.27777777777777773
36 31 39 0.0 0.0 104.0 0.0 2359.0 19.0 29.0 0.3151024082826918
36 31 40 0.0 0.0 2.0 0.0 142.0 0.0 0.0 0.65359477124183
36 31 41 0.0 0.0 28.0 0.0 848.0 9.0 7.0 0.48831531217300306
36 31 42 0.0 0.0 152.0 0.0 2956.0 14.0 46.0 0.27477919528949946
36 31 43 0.0 0.0 4.0 0.0 95.0 1.0 0.0 0.6673021925643469
36 31 44 0.0 0.0 0.0 0.0 13.0 0.0 0.0 0.695479384003974
36 31 45 0.0 0.0 0.0 0.0 4.0 0.0 0.0 0.6986027944111775
36 31 46 0.0 0.0 0.0 0.0 3.0 0.0 0.0 0.6989515726410384
36 32 31 0.0 0.0 0.0 0.0 3.0 0.0 0.0 0.6989515726410384
36 32 32 0.0 0.0 1.0 0.0 73.0 1.0 0.0 0.6753497346840327
36 32 33 0.0 0.0 120.0 0.0 2439.0 19.0 29.0 0.3083700440528634
36 32 34 0.0 0.0 176.0 0.0 3757.0 13.0 88.0 0.23648648648648643
36 32 35 0.0 0.0 418.0 0.0 8319.0 20.0 1330.0 0.13053613053613053
36 32 36 0.0 0.0 133.0 0.0 3007.0 14.0 65.0 0.2731174404994148
36 32 37 0.0 0.0 595.0 0.0 10321.0 29.0 2676.0 0.10851871947911014
36 32 38 0.0 0.0 254.0 0.0 5989.0 14.0 485.0 0.17013002794993315
36 32 39 0.0 0.0 571.0 0.0 10110.0 23.0 2318.0 0.11051468266498263
36 32 40 0.0 0.0 271.0 0.0 6377.0 21.0 570.0 0.16222479721900346
36 32 41 0.0 0.0 443.0 0.0 8631.0 21.0 1390.0 0.1266051727256285
36 32 42 0.0 0.0 218.0 0.0 5054.0 24.0 248.0 0.19305019305019303
36 32 43 0.0 0.0 98.0 0.0 2226.0 21.0 31.0 0.32527881040892187
36 32 44 0.0 0.0 73.0 0.0 1644.0 8.0 18.0 0.3774602318684281
36 32 45 0.0 0.0 4.0 0.0 70.0 1.0 0.0 0.6753497346840327
36 32 46 0.0 0.0 1.0 0.0 48.0 1.0 0.0 0.6835937499999999
36 32 47 0.0 0.0 0.0 0.0 9.0 0.0 0.0 0.6968641114982577
36 32 48 0.0 0.0 0.0 0.0 2.0 0.0 0.0 0.6993006993006992
36 33 30 0.0 0.0 0.0 0.0 2.0 0.0 0.0 0.6993006993006992
36 33 31 0.0 0.0 18.0 0.0 550.0 6.0 2.0 0.5464480874316939
36 33 32 0.0 0.0 35.0 0.0 957.0 8.0 4.0 0.4693261816962789
36 33 33 0.0 0.0 226.0 0.0 5338.0 28.0 303.0 0.1857749469214437
36 33 34 0.0 0.0 272.0 0.0 6091.0 20.0 493.0 0.16778523489932884
36 33 35 0.0 0.0 471.0 0.0 9211.0 24.0 1712.0 0.11999657152652779
36 33 36 0.0 0.0 700.0 0.0 11552.0 24.0 4429.0 0.09823872008981825
36 33 37 0.0 0.0 694.0 0.0 11655.0 28.0 4083.0 0.09764943851572852
36 33 38 0.0 0.0 1181.0 0.0 13239.0 34.0 14593.0 0.08527745629530364
36 33 39 0.0 0.0 1027.0 0.0 13279.0 51.0 9859.0 0.08601093567610739
36 33 40 0.0 0.0 731.0 0.0 12173.0 30.0 5301.0 0.09400389444705565
36 33 41 0.0 0.0 691.0 0.0 11594.0 37.0 4186.0 0.09817671809256662
36 33 42 0.0 0.0 806.0 0.0 12282.0 35.0 5981.0 0.09284435307381125
36 33 43 0.0 0.0 303.0 0.0 6843.0 16.0 644.0 0.15322315858596913
36 33 44 0.0 0.0 389.0 0.0 8627.0 23.0 1411.0 0.1272842985725975
36 33 45 0.0 0.0 111.0 0.0 3057.0 14.0 68.0 0.2716863962740151
36 33 46 0.0 0.0 0.0 0.0 150.0 0.0 1.0 0.6511627906976742
36 33 47 0.0 0.0 5.0 0.0 135.0 4.0 0.0 0.6557377049180326
36 33 48 0.0 0.0 0.0 0.0 52.0 0.0 0.0 0.6829268292682925
36 33 49 0.0 0.0 0.0 0.0 3.0 0.0 0.0 0.6989515726410384
36 34 30 0.0 0.0 0.0 0.0 9.0 0.0 0.0 0.6968641114982577
36 34 31 0.0 0.0 77.0 0.0 2034.0 15.0 24.0 0.34171344886502314
36 34 32 0.0 0.0 560.0 0.0 10294.0 23.0 2949.0 0.10900031142946122
36 34 33 0.0 0.0 541.0 0.0 10368.0 24.0 2970.0 0.10851871947911014
36 34 34 0.0 0.0 572.0 0.0 10569.0 31.0 2547.0 0.10668292311209326
36 34 35 0.0 0.0 1108.0 0.0 13308.0 28.0 11927.0 0.0852411105698977
36 34 36 0.0 0.0 881.0 0.0 12978.0 30.0 7076.0 0.08831693161746151
36 34 37 0.0 0.0 1449.0 0.0 13274.0 43.0 18654.0 0.08370702541106127
36 34 38 0.0 0.0 1202.0 0.0 13928.0 31.0 10467.0 0.08176614881439084
36 34 39 0.0 0.0 1558.0 0.0 13664.0 50.0 19842.0 0.08136696501220503
36 34 40 0.0 0.0 1333.0 0.0 13765.0 39.0 14697.0 0.08185698415482663
36 34 41 0.0 0.0 1296.0 0.0 13717.0 32.0 14178.0 0.08222235273389321
36 34 42 0.0 0.0 962.0 0.0 13036.0 39.0 8141.0 0.08759854836691276
36 34 43 0.0 0.0 1629.0 0.0 13170.0 32.0 21699.0 0.08330358205402831
36 34 44 0.0 0.0 745.0 0.0 12041.0 22.0 5217.0 0.09472900737532985
36 34 45 0.0 0.0 338.0 0.0 7301.0 18.0 805.0 0.14537902388369675
36 34 46 0.0 0.0 258.0 0.0 6116.0 19.0 432.0 0.16750418760469007
36 34 47 0.0 0.0 503.0 0.0 9600.0 13.0 2032.0 0.11566424322538003
36 34 48 0.0 0.0 22.0 0.0 534.0 7.0 0.0 0.5492349941153393
36 34 49 0.0 0.0 0.0 0.0 3.0 0.0 0.0 0.6989515726410384
36 35 30 0.0 0.0 0.0 0.0 11.0 0.0 0.0 0.6961710591745399
36 35 31 0.0 0.0 10.0 0.0 428.0 4.0 2.0 0.5751848808545603
36 35 32 0.0 0.0 417.0 0.0 8782.0 14.0 1658.0 0.1250893495353824
36 35 33 0.0 0.0 572.0 0.0 10340.0 27.0 2524.0 0.10858605444815014
36 35 34 0.0 0.0 827.0 0.0 12260.0 28.0 6314.0 0.09283204031562893
36 35 35 0.0 0.0 949.0 0.0 13111.0 24.0 9046.0 0.087173100871731
36 35 36 0.0 0.0 1890.0 0.0 12856.0 49.0 28047.0 0.08363201911589008
36 35 37 0.0 0.0 2113.0 0.0 13616.0 39.0 28026.0 0.07889990982867448
36 35 38 0.0 0.0 2676.0 0.0 11775.0 62.0 45927.0 0.0851996105160662
36 35 39 0.0 0.0 2544.0 0.0 13889.0 43.0 32162.0 0.07591367530636589
36 35 40 0.0 0.0 2675.0 0.0 12081.0 60.0 44654.0 0.08349734597721714
36 35 41 0.0 0.0 2114.0 0.0 13507.0 59.0 28689.0 0.07949576968939866
36 35 42 0.0 0.0 2139.0 0.0 13052.0 43.0 31871.0 0.08135278052181996
36 35 43 0.0 0.0 2099.0 0.0 12527.0 45.0 34312.0 0.08420039694472845
36 35 44 0.0 0.0 1425.0 0.0 13802.0 37.0 16160.0 0.08127721335268505
36 35 45 0.0 0.0 642.0 0.0 11135.0 18.0 3717.0 0.10164077246987076
36 35 46 0.0 0.0 292.0 0.0 6326.0 27.0 493.0 0.16296123850541264
36 35 47 0.0 0.0 227.0 0.0 5532.0 13.0 361.0 0.18069179143004646
36 35 48 0.0 0.0 82.0 0.0 1837.0 15.0 13.0 0.3586065573770491
36 35 49 0.0 0.0 0.0 0.0 2.0 0.0 0.0 0.6993006993006992
36 36 30 0.0 0.0 0.0 0.0 15.0 0.0 0.0 0.694789081885856
36 36 31 0.0 0.0 69.0 0.0 1604.0 9.0 11.0 0.38199181446111863
36 36 32 0.0 0.0 626.0 0.0 11010.0 31.0 3774.0 0.10276737869779048
36 36 33 0.0 0.0 558.0 0.0 10542.0 18.0 2907.0 0.10695187165775401
36 36 34 0.0 0.0 1364.0 0.0 13555.0 36.0 16611.0 0.0826787928896238
36 36 35 0.0 0.0 1445.0 0.0 13704.0 41.0 16509.0 0.08168028004667444
36 36 36 0.0 0.0 2557.0 0.0 13186.0 55.0 37411.0 0.07892659826361483
36 36 37 0.0 0.0 3416.0 0.0 8593.0 61.0 81397.0 0.09984310369419482
36 36 38 0.0 0.0 3687.0 0.0 12117.0 68.0 54632.0 0.07859428507269971
36 36 39 0.0 0.0 3887.0 0.0 11831.0 88.0 57181.0 0.07909157674707643
36 36 40 0.0 0.0 4127.0 0.0 10241.0 84.0 72498.0 0.08565310492505353
36 36 41 0.0 0.0 3606.0 0.0 11990.0 72.0 54915.0 0.07951834601840281
36 36 42 0.0 0.0 3242.0 0.0 11982.0 60.0 50738.0 0.08130553458388988
36 36 43 0.0 0.0 2696.0 0.0 12061.0 53.0 44397.0 0.08351228823669767
36 36 44 0.0 0.0 1939.0 0.0 13298.0 45.0 27706.0 0.08114530806236596
36 36 45 0.0 0.0 1214.0 0.0 13428.0 40.0 13313.0 0.08415990381725277
36 36 46 0.0 0.0 1015.0 0.0 13265.0 41.0 8663.0 0.08607968519429414
36 36 47 0.0 0.0 634.0 0.0 11067.0 39.0 3449.0 0.1023167434042242
36 36 48 0.0 0.0 80.0 0.0 1716.0 15.0 13.0 0.37037037037037035
36 36 49 0.0 0.0 4.0 0.0 72.0 3.0 0.0 0.6753497346840327
36 36 50 0.0 0.0 0.0 0.0 2.0 0.0 0.0 0.6993006993006992
36 37 30 0.0 0.0 0.0 0.0 19.0 0.0 0.0 0.6934125804853887
36 37 31 0.0 0.0 234.0 0.0 4854.0 26.0 223.0 0.1981318992357769
36 37 32 0.0 0.0 417.0 0.0 8915.0 18.0 1642.0 0.12365306482953539
36 37 33 0.0 0.0 803.0 0.0 12335.0 23.0 5258.0 0.09250082590023123
36 37 34 0.0 0.0 1225.0 0.0 13288.0 37.0 15186.0 0.08480222908716456
36 37 35 0.0 0.0 1836.0 0.0 13878.0 48.0 21929.0 0.07906477664200598
36 37 36 0.0 0.0 2932.0 0.0 12560.0 73.0 44644.0 0.08006405124099279
36 37 37 0.0 0.0 3877.0 0.0 9131.0 75.0 79048.0 0.09333955597039802
36 37 38 0.0 0.0 4790.0 0.0 10264.0 81.0 78002.0 0.08209217778820217
36 37 39 0.0 0.0 5014.0 0.0 7855.0 85.0 101821.0 0.0942633988688392
36 37 40 0.0 0.0 5049.0 0.0 7959.0 73.0 100667.0 0.09330845107971207
36 37 41 0.0 0.0 4899.0 0.0 8123.0 84.0 97221.0 0.09327115256495667
36 37 42 0.0 0.0 4280.0 0.0 11863.0 74.0 61304.0 0.07711374277058661
36 37 43 0.0 0.0 3365.0 0.0 12086.0 82.0 51052.0 0.08034433285509325
36 37 44 0.0 0.0 2255.0 0.0 12931.0 55.0 34062.0 0.08149484836137143
36 37 45 0.0 0.0 1680.0 0.0 13560.0 49.0 22763.0 0.08125834349062626
36 37 46 0.0 0.0 723.0 0.0 11819.0 32.0 4196.0 0.09638554216867468
36 37 47 0.0 0.0 439.0 0.0 8798.0 26.0 1435.0 0.12475494564248794
36 37 48 0.0 0.0 190.0 0.0 4804.0 16.0 268.0 0.20051561157261527
36 37 49 0.0 0.0 140.0 0.0 3617.0 15.0 106.0 0.2438174851967955
36 37 50 0.0 0.0 0.0 0.0 3.0 0.0 0.0 0.6989515726410384
36 38 30 0.0 0.0 3.0 0.0 81.0 0.0 0.0 0.6717850287907868
36 38 31 0.0 0.0 214.0 0.0 5008.0 14.0 269.0 0.1941478297046179
36 38 32 0.0 0.0 454.0 0.0 8809.0 25.0 1512.0 0.12449977767896842
36 38 33 0.0 0.0 799.0 0.0 12236.0 27.0 5143.0 0.09313464608834485
36 38 34 0.0 0.0 1382.0 0.0 13905.0 37.0 15424.0 0.08100914246036338
36 38 35 0.0 0.0 2083.0 0.0 14015.0 55.0 25124.0 0.07733524830138651
36 38 36 0.0 0.0 3608.0 0.0 10444.0 80.0 66625.0 0.08726547403852146
36 38 37 0.0 0.0 4634.0 0.0 11649.0 68.0 64846.0 0.07656130372962922
36 38 38 0.0 0.0 5495.0 0.0 8656.0 81.0 95511.0 0.0866658412777021
36 38 39 0.0 0.0 6133.0 0.0 7816.0 71.0 107108.0 0.0876533934385174
36 38 40 0.0 1.0 5744.0 0.0 7218.0 51.0 112597.0 0.0933831376734258
36 38 41 0.0 0.0 5858.0 1.0 8275.0 88.0 100390.0 0.08689715101483458
36 38 42 0.0 0.0 5299.0 0.0 9163.0 86.0 90150.0 0.08503401360544216
36 38 43 0.0 0.0 4329.0 0.0 11902.0 88.0 61709.0 0.07683442182097579
36 38 44 0.0 0.0 3146.0 0.0 10954.0 66.0 56949.0 0.08697813121272366
36 38 45 0.0 0.0 2090.0 0.0 13401.0 42.0 29078.0 0.08003201280512204
36 38 46 0.0 0.0 1328.0 0.0 13377.0 26.0 16276.0 0.08374708380690314
36 38 47 0.0 0.0 735.0 0.0 11743.0 31.0 4532.0 0.09679872778814906
36 38 48 0.0 0.0 372.0 0.0 7269.0 19.0 689.0 0.14546965918536986
36 38 49 0.0 0.0 28.0 0.0 756.0 6.0 2.0 0.5045045045045045
36 38 50 0.0 0.0 0.0 0.0 2.0 0.0 0.0 0.6993006993006992
36 39 30 0.0 0.0 13.0 0.0 269.0 2.0 0.0 0.6140350877192982
36 39 31 0.0 0.0 77.0 0.0 2287.0 9.0 40.0 0.32146957520091846
36 39 32 0.0 0.0 369.0 0.0 7990.0 14.0 1018.0 0.13521344407958275
36 39 33 0.0 0.0 678.0 0.0 11343.0 27.0 3761.0 0.09991435912075362
36 39 34 0.0 0.0 1665.0 0.0 13296.0 34.0 23234.0 0.0825277057297807
36 39 35 0.0 0.0 2219.0 0.0 13465.0 60.0 31550.0 0.07918104179627848
36 39 36 0.0 0.0 3566.0 0.0 11980.0 71.0 54042.0 0.07967674008309145
36 39 37 0.0 0.0 4843.0 0.0 9066.0 100.0 88432.0 0.08822232024702249
36 39 38 0.0 0.0 5486.0 0.0 6988.0 81.0 114731.0 0.09682550660488276
36 39 39 0.0 0.0 6319.0 0.0 6540.0 54.0 120883.0 0.09418096199125461
36 39 40 0.0 0.0 6655.0 0.0 7166.0 75.0 115610.0 0.08840058091810316
36 39 41 0.0 0.0 6566.0 0.0 7998.0 76.0 105875.0 0.08446965126101122
36 39 42 0.0 2.0 4955.0 4.0 6192.0 70.0 119240.0 0.10649627263045792
36 39 43 0.0 0.0 4873.0 0.0 9318.0 67.0 86179.0 0.08623875816188246
36 39 44 0.0 0.0 3905.0 0.0 10512.0 75.0 67642.0 0.08540230586225828
36 39 45 0.0 0.0 2620.0 0.0 11887.0 69.0 44213.0 0.08484848484848484
36 39 46 0.0 0.0 1539.0 0.0 13569.0 40.0 20125.0 0.08179959100204498
36 39 47 0.0 0.0 582.0 0.0 10636.0 24.0 2906.0 0.10601241859760714
36 39 48 0.0 0.0 328.0 0.0 6766.0 19.0 605.0 0.15416804316705204
36 39 49 0.0 0.0 3.0 0.0 123.0 2.0 0.0 0.6591337099811675
36 40 30 0.0 0.0 43.0 0.0 950.0 9.0 5.0 0.4693261816962789
36 40 31 0.0 0.0 85.0 0.0 2064.0 14.0 28.0 0.33857315598548965
36 40 32 0.0 0.0 427.0 0.0 8737.0 18.0 1371.0 0.12554927809165095
36 40 33 0.0 0.0 825.0 0.0 12414.0 29.0 7850.0 0.09191176470588233
36 40 34 0.0 0.0 1170.0 0.0 13645.0 33.0 10020.0 0.0832887143792016
36 40 35 0.0 0.0 2257.0 0.0 12490.0 49.0 35239.0 0.08356712230645257
36 40 36 0.0 0.0 3546.0 0.0 12369.0 70.0 51994.0 0.07813808115197855
36 40 37 0.0 0.0 4919.0 0.0 9791.0 69.0 83285.0 0.08372704981759464
36 40 38 0.0 0.0 5728.0 0.0 7018.0 63.0 113237.0 0.09478672985781988
36 40 39 0.0 0.0 5869.0 0.0 5673.0 69.0 129175.0 0.10335917312661497
36 40 40 0.0 1.0 6717.0 0.0 6520.0 67.0 121743.0 0.09184543724988518
36 40 41 0.0 2.0 6726.0 5.0 7599.0 67.0 110582.0 0.08561120283739986
36 40 42 0.0 0.0 6396.0 0.0 8706.0 71.0 99175.0 0.08175659892548469
36 40 43 0.0 0.0 4923.0 0.0 7415.0 72.0 105300.0 0.09762900976290097
36 40 44 0.0 0.0 4201.0 0.0 10655.0 67.0 70360.0 0.08307126327656796
36 40 45 0.0 0.0 2881.0 0.0 12316.0 52.0 45087.0 0.0813575081357508
36 40 46 0.0 0.0 1722.0 0.0 13753.0 48.0 21399.0 0.08016032064128256
36 40 47 0.0 0.0 533.0 0.0 10271.0 22.0 2486.0 0.10946051602814699
36 40 48 0.0 0.0 283.0 0.0 6948.0 22.0 745.0 0.15184381778741862
36 40 49 0.0 0.0 69.0 0.0 1624.0 16.0 12.0 0.38074517269513186
36 41 30 0.0 0.0 0.0 0.0 14.0 0.0 0.0 0.6951340615690167
36 41 31 0.0 0.0 45.0 0.0 865.0 9.0 5.0 0.4827586206896551
36 41 32 0.0 0.0 157.0 0.0 4135.0 10.0 178.0 0.2227525855210819
36 41 33 0.0 0.0 926.0 0.0 12911.0 25.0 7627.0 0.08836710219024174
36 41 34 0.0 0.0 1069.0 0.0 13697.0 27.0 9985.0 0.08349734597721714
36 41 35 0.0 0.0 1904.0 0.0 13494.0 48.0 26362.0 0.08051992868234886
36 41 36 0.0 0.0 3421.0 0.0 11039.0 74.0 59053.0 0.08498755539367449
36 41 37 0.0 0.0 4464.0 0.0 9906.0 61.0 78778.0 0.08539709649871903
36 41 38 0.0 0.0 5665.0 0.0 6910.0 59.0 112228.0 0.09594955794667945
36 41 39 0.0 0.0 6042.0 0.0 6382.0 71.0 120948.0 0.097053726169844
36 41 40 0.0 2.0 6779.0 3.0 7275.0 70.0 114668.0 0.08707550690384375
36 41 41 0.0 2.0 5628.0 0.0 5811.0 63.0 127315.0 0.10407374368123698
36 41 42 0.0 3.0 5074.0 2.0 5883.0 59.0 124072.0 0.10799136069114469
36 41 43 0.0 0.0 5401.0 0.0 8306.0 86.0 99447.0 0.0891606164819768
36 41 44 0.0 0.0 4055.0 0.0 11417.0 68.0 62761.0 0.0800869515473943
36 41 45 0.0 0.0 2995.0 0.0 11434.0 82.0 52182.0 0.08525668351501126
36 41 46 0.0 0.0 1867.0 0.0 13103.0 57.0 27919.0 0.0826153664581612
36 41 47 0.0 0.0 899.0 0.0 12922.0 39.0 7707.0 0.08860198721599898
36 41 48 0.0 0.0 440.0 0.0 9079.0 21.0 1675.0 0.12176030614019827
36 41 49 0.0 0.0 66.0 0.0 1366.0 16.0 6.0 0.41007615700058575
36 41 50 0.0 0.0 0.0 0.0 22.0 0.0 0.0 0.6923837784371908
36 42 30 0.0 0.0 0.0 0.0 3.0 0.0 0.0 0.6989515726410384
36 42 31 0.0 0.0 0.0 0.0 96.0 0.0 0.0 0.6679389312977099
36 42 32 0.0 0.0 459.0 0.0 8617.0 27.0 1214.0 0.12663952962460423
36 42 33 0.0 0.0 572.0 0.0 10577.0 24.0 2982.0 0.10660169039823346
36 42 34 0.0 0.0 1088.0 0.0 13091.0 33.0 12339.0 0.08651588184402421
36 42 35 0.0 0.0 1616.0 0.0 13857.0 44.0 20537.0 0.08012820512820512
36 42 36 0.0 0.0 2845.0 0.0 11872.0 59.0 47572.0 0.08372704981759464
36 42 37 0.0 0.0 4109.0 0.0 11393.0 72.0 63547.0 0.07993605115907274
36 42 38 0.0 0.0 5359.0 0.0 9843.0 86.0 84119.0 0.0813575081357508
36 42 39 0.0 1.0 5871.0 6.0 8224.0 94.0 101857.0 0.08716767324575056
36 42 40 0.0 0.0 6259.0 1.0 7942.0 81.0 105413.0 0.086446434084594
36 42 41 0.0 0.0 5902.0 0.0 7398.0 88.0 110079.0 0.09150924897052094
36 42 42 0.0 1.0 5055.0 1.0 6458.0 68.0 116502.0 0.10353498003253955
36 42 43 0.0 0.0 4882.0 0.0 8281.0 67.0 95619.0 0.09233610341643582
36 42 44 0.0 0.0 3919.0 0.0 10491.0 75.0 68525.0 0.08538147222052814
36 42 45 0.0 0.0 2769.0 0.0 12618.0 62.0 41731.0 0.08054309055344609
36 42 46 0.0 0.0 1808.0 0.0 13714.0 40.0 23780.0 0.0798676478977694
36 42 47 0.0 0.0 826.0 0.0 12448.0 27.0 7564.0 0.09166502979113467
36 42 48 0.0 0.0 516.0 0.0 9272.0 29.0 1529.0 0.11896668932698842
36 42 49 0.0 0.0 6.0 0.0 240.0 4.0 0.0 0.6244424620874218
36 42 50 0.0 0.0 0.0 0.0 19.0 0.0 0.0 0.6934125804853887
36 43 31 0.0 0.0 5.0 0.0 170.0 3.0 0.0 0.6445672191528544
36 43 32 0.0 0.0 415.0 0.0 8295.0 24.0 1184.0 0.13093901982790868
36 43 33 0.0 0.0 552.0 0.0 10526.0 16.0 2973.0 0.10706638115631689
36 43 34 0.0 0.0 1490.0 0.0 13387.0 39.0 19383.0 0.08294821661334281
36 43 35 0.0 0.0 1488.0 0.0 13401.0 50.0 19513.0 0.08294330232833698
36 43 36 0.0 0.0 1918.0 0.0 13992.0 48.0 24247.0 0.07822103028271314
36 43 37 0.0 0.0 3441.0 0.0 11353.0 71.0 57346.0 0.08328375966686495
36 43 38 0.0 0.0 4328.0 0.0 11154.0 83.0 65978.0 0.0800869515473943
36 43 39 0.0 1.0 4734.0 0.0 8790.0 93.0 90497.0 0.09028180821564454
36 43 40 0.0 0.0 5159.0 0.0 8437.0 95.0 96735.0 0.08998585936495693
36 43 41 0.0 0.0 5145.0 0.0 9976.0 88.0 81662.0 0.08180915093788348
36 43 42 0.0 2.0 4844.0 3.0 9935.0 79.0 81004.0 0.08354717431521155
36 43 43 0.0 0.0 4568.0 0.0 9427.0 84.0 83249.0 0.0875821082264623
36 43 44 0.0 0.0 3326.0 0.0 10014.0 52.0 66073.0 0.0911933298593017
36 43 45 0.0 0.0 2676.0 0.0 11658.0 57.0 47552.0 0.08567931456548346
36 43 46 0.0 0.0 1308.0 0.0 14210.0 33.0 11865.0 0.07990411506192568
36 43 47 0.0 0.0 802.0 0.0 12263.0 29.0 6646.0 0.0929985385943935
36 43 48 0.0 0.0 362.0 0.0 8024.0 25.0 1037.0 0.13501784164335998
36 43 49 0.0 0.0 108.0 0.0 2297.0 14.0 38.0 0.31868882312770314
36 43 50 0.0 0.0 6.0 0.0 101.0 0.0 0.0 0.6644518272425248
36 44 31 0.0 0.0 48.0 0.0 990.0 7.0 8.0 0.4617414248021107
36 44 32 0.0 0.0 112.0 0.0 2574.0 15.0 30.0 0.2998500749625187
36 44 33 0.0 0.0 473.0 0.0 9128.0 25.0 1631.0 0.12089810017271155
36 44 34 0.0 0.0 893.0 0.0 12655.0 36.0 8027.0 0.09010168618869865
36 44 35 0.0 0.0 1086.0 0.0 13497.0 36.0 10645.0 0.08444927011702255
36 44 36 0.0 0.0 1556.0 0.0 13974.0 42.0 17489.0 0.07987676156786672
36 44 37 0.0 0.0 2182.0 0.0 13557.0 56.0 29703.0 0.07895330475975636
36 44 38 0.0 0.0 3470.0 0.0 10325.0 79.0 65529.0 0.08871427666180849
36 44 39 0.0 0.0 3854.0 0.0 10951.0 72.0 64800.0 0.08335317932841152
36 44 40 0.0 0.0 4025.0 1.0 10983.0 71.0 65228.0 0.08229001351907364
36 44 41 0.0 0.0 3995.0 3.0 9167.0 62.0 80219.0 0.09222053883143402
36 44 42 0.0 1.0 3574.0 7.0 11414.0 68.0 58875.0 0.08236747661352002
36 44 43 0.0 1.0 2888.0 3.0 13127.0 66.0 40777.0 0.07772596047079723
36 44 44 0.0 0.0 2484.0 0.0 12678.0 63.0 38151.0 0.08159459144422426
36 44 45 0.0 0.0 2069.0 0.0 12989.0 48.0 30122.0 0.08215480312188252
36 44 46 0.0 0.0 1018.0 0.0 13277.0 25.0 8566.0 0.08590538135853223
36 44 47 0.0 0.0 440.0 0.0 9360.0 20.0 2108.0 0.11874469889737063
36 44 48 0.0 0.0 72.0 0.0 1959.0 11.0 29.0 0.34825870646766166
36 44 49 0.0 0.0 6.0 0.0 193.0 2.0 0.0 0.6372325898953117
36 45 30 0.0 0.0 1.0 0.0 6.0 1.0 0.0 0.6979062811565303
36 45 31 0.0 0.0 0.0 0.0 6.0 0.0 0.0 0.6979062811565303
36 45 32 0.0 0.0 102.0 0.0 2138.0 13.0 24.0 0.3311258278145695
36 45 33 0.0 0.0 308.0 0.0 6470.0 18.0 558.0 0.15965332421028622
36 45 34 0.0 0.0 414.0 0.0 8440.0 24.0 1327.0 0.12924667651403246
36 45 35 0.0 0.0 679.0 0.0 11662.0 29.0 4547.0 0.09771077610273589
36 45 36 0.0 0.0 891.0 0.0 13050.0 30.0 6891.0 0.08785140562248994
36 45 37 0.0 0.0 1643.0 0.0 13283.0 51.0 23597.0 0.08274231678486997
36 45 38 0.0 0.0 2277.0 0.0 12818.0 51.0 35482.0 0.0818952910207663
36 45 39 0.0 0.0 3033.0 0.0 10315.0 51.0 61021.0 0.09119927040583675
36 45 40 0.0 0.0 2719.0 0.0 12346.0 59.0 43417.0 0.08204406938584154
36 45 41 0.0 0.0 2885.0 1.0 10985.0 70.0 55543.0 0.08825012607160866
36 45 42 0.0 0.0 2542.0 0.0 12798.0 56.0 38634.0 0.08073352171155065
36 45 43 0.0 0.0 2072.0 0.0 12893.0 57.0 31446.0 0.08251797713073204
36 45 44 0.0 0.0 1292.0 0.0 13439.0 41.0 15634.0 0.08370702541106127
36 45 45 0.0 0.0 1479.0 0.0 13366.0 49.0 19505.0 0.08311564948943242
36 45 46 0.0 0.0 940.0 0.0 12824.0 23.0 10473.0 0.08879868070531523
36 45 47 0.0 0.0 411.0 0.0 8846.0 27.0 1575.0 0.12457732692649935
36 45 48 0.0 0.0 54.0 0.0 1663.0 4.0 10.0 0.3770535954753568
36 45 49 0.0 0.0 3.0 0.0 46.0 0.0 0.0 0.6832601268911663
36 46 32 0.0 0.0 58.0 0.0 1520.0 6.0 15.0 0.39193729003359457
36 46 33 0.0 0.0 115.0 0.0 2854.0 14.0 63.0 0.28248587570621464
36 46 34 0.0 0.0 359.0 0.0 7936.0 26.0 1071.0 0.1362132710644094
36 46 35 0.0 0.0 418.0 0.0 8320.0 19.0 1143.0 0.13057265435553067
36 46 36 0.0 0.0 731.0 0.0 11988.0 25.0 5529.0 0.09515394549038264
36 46 37 0.0 0.0 1143.0 0.0 13561.0 39.0 11462.0 0.08385241974125539
36 46 38 0.0 0.0 1322.0 0.0 13920.0 41.0 13489.0 0.08121120714658622
36 46 39 0.0 0.0 1655.0 0.0 13726.0 41.0 21170.0 0.08058481551833303
36 46 40 0.0 0.0 1766.0 0.0 13081.0 37.0 26148.0 0.0830515512843329
36 46 41 0.0 0.0 1405.0 0.0 13795.0 37.0 15116.0 0.08139061682460322
36 46 42 0.0 0.0 1185.0 0.0 13758.0 41.0 11222.0 0.08271787296898078
36 46 43 0.0 0.0 975.0 0.0 13194.0 35.0 7609.0 0.08668730650154798
36 46 44 0.0 0.0 939.0 0.0 12883.0 30.0 8361.0 0.08854034910194788
36 46 45 0.0 0.0 702.0 0.0 11620.0 15.0 4422.0 0.09777901941611956
36 46 46 0.0 0.0 480.0 0.0 9117.0 29.0 1514.0 0.12095032397408206
36 46 47 0.0 0.0 93.0 0.0 2618.0 11.0 52.0 0.29787234042553185
36 46 48 0.0 0.0 2.0 0.0 102.0 0.0 0.0 0.6653992395437262
36 46 49 0.0 0.0 0.0 0.0 7.0 0.0 0.0 0.6975585450921773
36 47 32 0.0 0.0 0.0 0.0 7.0 0.0 0.0 0.6975585450921773
36 47 33 0.0 0.0 3.0 0.0 103.0 0.0 0.0 0.664767331433998
36 47 34 0.0 0.0 6.0 0.0 214.0 1.0 0.0 0.6309148264984226
36 47 35 0.0 0.0 27.0 0.0 854.0 8.0 4.0 0.48729550991994425
36 47 36 0.0 0.0 130.0 0.0 3160.0 16.0 85.0 0.26540284360189564
36 47 37 0.0 0.0 598.0 0.0 11095.0 22.0 3811.0 0.10232422160502849
36 47 38 0.0 0.0 1102.0 0.0 13184.0 36.0 12590.0 0.08599508599508598
36 47 39 0.0 0.0 732.0 0.0 12112.0 26.0 5810.0 0.09436505796710702
36 47 40 0.0 0.0 1182.0 0.0 13083.0 39.0 14129.0 0.08613264427217915
36 47 41 0.0 0.0 572.0 0.0 10933.0 24.0 3209.0 0.10377288562745533
36 47 42 0.0 0.0 379.0 0.0 7919.0 18.0 1005.0 0.13614703880190604
36 47 43 0.0 0.0 683.0 0.0 11696.0 18.0 4765.0 0.09732360097323599
36 47 44 0.0 0.0 368.0 0.0 7822.0 17.0 936.0 0.13751104999508887
36 47 45 0.0 0.0 289.0 0.0 5917.0 23.0 412.0 0.17102369899828976
36 47 46 0.0 0.0 124.0 0.0 3735.0 14.0 145.0 0.23943902856165553
36 47 47 0.0 0.0 5.0 0.0 247.0 3.0 0.0 0.6233303650934995
36 47 48 0.0 0.0 0.0 0.0 17.0 0.0 0.0 0.6944444444444444
36 47 49 0.0 0.0 0.0 0.0 3.0 0.0 0.0 0.6989515726410384
36 47 50 0.0 0.0 0.0 0.0 3.0 0.0 0.0 0.6989515726410384
36 48 31 0.0 0.0 0.0 0.0 1.0 0.0 0.0 0.6996501749125437
36 48 34 0.0 0.0 0.0 0.0 2.0 0.0 0.0 0.6993006993006992
36 48 35 0.0 0.0 0.0 0.0 20.0 0.0 0.0 0.6930693069306929
36 48 36 0.0 0.0 61.0 0.0 1117.0 21.0 4.0 0.4435994930291508
36 48 37 0.0 0.0 147.0 0.0 3385.0 19.0 81.0 0.25399129172714074
36 48 38 0.0 0.0 368.0 0.0 7413.0 16.0 807.0 0.14329580348004092
36 48 39 0.0 0.0 387.0 0.0 7683.0 26.0 831.0 0.13931734500945364
36 48 40 0.0 0.0 787.0 0.0 11972.0 16.0 4986.0 0.09483809781872374
36 48 41 0.0 0.0 617.0 0.0 10842.0 20.0 3342.0 0.10404280618311533
36 48 42 0.0 0.0 183.0 0.0 4317.0 23.0 155.0 0.21618282890673254
36 48 43 0.0 0.0 161.0 0.0 3961.0 21.0 155.0 0.2294329727958046
36 48 44 0.0 0.0 79.0 0.0 1669.0 10.0 15.0 0.3745318352059924
36 48 45 0.0 0.0 1.0 0.0 89.0 0.0 0.0 0.6698564593301434
36 48 46 0.0 0.0 0.0 0.0 32.0 0.0 0.0 0.6889763779527558
36 48 47 0.0 0.0 0.0 0.0 19.0 0.0 0.0 0.6934125804853887
36 48 48 0.0 0.0 5.0 0.0 66.0 3.0 0.0 0.6769825918762088
36 49 35 0.0 0.0 0.0 0.0 2.0 0.0 0.0 0.6993006993006992
36 49 36 0.0 0.0 0.0 0.0 13.0 0.0 0.0 0.695479384003974
36 49 37 0.0 0.0 0.0 0.0 58.0 0.0 0.0 0.6802721088435373
36 49 38 0.0 0.0 5.0 0.0 135.0 2.0 0.0 0.6548175865294666
36 49 39 0.0 0.0 361.0 0.0 7502.0 21.0 796.0 0.1421464108031272
36 49 40 0.0 0.0 45.0 0.0 1195.0 12.0 4.0 0.4339739615623062
36 49 41 0.0 0.0 36.0 0.0 1214.0 5.0 12.0 0.4314329738058551
36 49 42 0.0 0.0 101.0 0.0 1638.0 12.0 12.0 0.3755364806866952
36 49 43 0.0 0.0 2.0 0.0 126.0 1.0 0.0 0.6582040432534085
36 49 44 0.0 0.0 27.0 0.0 738.0 5.0 0.0 0.5074302283436026
36 49 45 0.0 0.0 11.0 0.0 379.0 4.0 1.0 0.5867560771165129
36 49 46 0.0 0.0 0.0 0.0 2.0 0.0 0.0 0.6993006993006992
36 50 36 0.0 0.0 0.0 0.0 1.0 0.0 0.0 0.6996501749125437
36 50 37 0.0 0.0 0.0 0.0 5.0 0.0 0.0 0.6982543640897755
36 50 38 0.0 0.0 0.0 0.0 17.0 0.0 0.0 0.694100148735746
36 50 39 0.0 0.0 47.0 0.0 913.0 6.0 3.0 0.4740941415509651
36 50 40 0.0 0.0 3.0 0.0 44.0 0.0 0.0 0.6839276990718123
36 50 42 0.0 0.0 0.0 0.0 4.0 0.0 0.0 0.6986027944111775
36 50 43 0.0 0.0 0.0 0.0 5.0 0.0 0.0 0.6982543640897755
37 29 38 0.0 0.0 0.0 0.0 2.0 0.0 0.0 0.6993006993006992
37 29 39 0.0 0.0 0.0 0.0 1.0 0.0 0.0 0.6996501749125437
37 29 41 0.0 0.0 0.0 0.0 1.0 0.0 0.0 0.6996501749125437
37 30 36 0.0 0.0 6.0 0.0 77.0 1.0 0.0 0.6724303554274734
37 30 37 0.0 0.0 60.0 0.0 1282.0 12.0 7.0 0.4204204204204203
37 30 38 0.0 0.0 7.0 0.0 148.0 2.0 0.0 0.6502554575011611
37 30 39 0.0 0.0 0.0 0.0 20.0 0.0 0.0 0.6930693069306929
37 30 40 0.0 0.0 0.0 0.0 2.0 0.0 0.0 0.6993006993006992
37 30 41 0.0 0.0 0.0 0.0 8.0 0.0 0.0 0.697211155378486
37 30 42 0.0 0.0 0.0 0.0 5.0 0.0 0.0 0.6982543640897755
37 31 31 0.0 0.0 0.0 0.0 3.0 0.0 0.0 0.6989515726410384
37 31 32 0.0 0.0 0.0 0.0 3.0 0.0 0.0 0.6993006993006992
37 31 33 0.0 0.0 0.0 0.0 8.0 0.0 0.0 0.697211155378486
37 31 34 0.0 0.0 6.0 0.0 93.0 0.0 0.0 0.6669842782277274
37 31 35 0.0 0.0 0.0 0.0 62.0 1.0 0.0 0.6792819019893255
37 31 36 0.0 0.0 129.0 0.0 2899.0 21.0 61.0 0.27955271565495204
37 31 37 0.0 0.0 422.0 0.0 9013.0 21.0 1681.0 0.1225168460663341
37 31 38 0.0 0.0 240.0 0.0 5397.0 22.0 328.0 0.18382352941176466
37 31 39 0.0 0.0 49.0 0.0 1261.0 8.0 5.0 0.4241139048773099
37 31 40 0.0 0.0 2.0 0.0 181.0 0.0 0.0 0.6413192853870818
37 31 41 0.0 0.0 12.0 0.0 459.0 4.0 0.0 0.5674908796108633
37 31 42 0.0 0.0 18.0 0.0 378.0 2.0 0.0 0.5847953216374269
37 31 43 0.0 0.0 5.0 0.0 145.0 2.0 0.0 0.6517690875232773
37 31 44 0.0 0.0 0.0 0.0 13.0 0.0 0.0 0.695479384003974
37 31 45 0.0 0.0 0.0 0.0 4.0 0.0 0.0 0.6986027944111775
37 31 46 0.0 0.0 0.0 0.0 3.0 0.0 0.0 0.6989515726410384
37 31 47 0.0 0.0 0.0 0.0 2.0 0.0 0.0 0.6993006993006992
37 32 31 0.0 0.0 0.0 0.0 7.0 0.0 0.0 0.6975585450921773
37 32 32 0.0 0.0 0.0 0.0 55.0 0.0 0.0 0.6812652068126519
37 32 33 0.0 0.0 32.0 0.0 825.0 5.0 2.0 0.49088359046283303
37 32 34 0.0 0.0 318.0 0.0 6325.0 32.0 509.0 0.16254499013119703
37 32 35 0.0 0.0 204.0 0.0 4465.0 15.0 191.0 0.21033653846153844
37 32 36 0.0 0.0 135.0 0.0 3426.0 20.0 106.0 0.25289017341040454
37 32 37 0.0 0.0 195.0 0.0 4844.0 17.0 233.0 0.19945861233793988
37 32 38 0.0 0.0 666.0 0.0 11470.0 26.0 4305.0 0.0991150442477876
37 32 39 0.0 0.0 392.0 0.0 8190.0 27.0 1228.0 0.13256320424202253
37 32 40 0.0 0.0 325.0 0.0 7416.0 18.0 907.0 0.14389968136499123
37 32 41 0.0 0.0 200.0 0.0 5509.0 17.0 365.0 0.1819836214740673
37 32 42 0.0 0.0 583.0 0.0 10682.0 20.0 2859.0 0.10558069381598792
37 32 43 0.0 0.0 200.0 0.0 4861.0 18.0 224.0 0.19877892943348005
37 32 44 0.0 0.0 18.0 0.0 517.0 5.0 1.0 0.55357848952155
37 32 45 0.0 0.0 135.0 0.0 3101.0 11.0 59.0 0.2679425837320574
37 32 46 0.0 0.0 0.0 0.0 73.0 0.0 0.0 0.6753497346840327
37 32 47 0.0 0.0 44.0 0.0 820.0 10.0 2.0 0.49053959355290816
37 32 48 0.0 0.0 0.0 0.0 7.0 0.0 0.0 0.6975585450921773
37 33 30 0.0 0.0 1.0 0.0 38.0 1.0 0.0 0.6869479882237487
37 33 31 0.0 0.0 58.0 0.0 1589.0 16.0 16.0 0.3858875413450937
37 33 32 0.0 0.0 87.0 0.0 2552.0 9.0 44.0 0.3024411319939511
37 33 33 0.0 0.0 510.0 0.0 9393.0 23.0 1867.0 0.11772620248906826
37 33 34 0.0 0.0 580.0 0.0 10264.0 26.0 2438.0 0.10911925175370225
37 33 35 0.0 0.0 874.0 0.0 12467.0 22.0 8364.0 0.09121115382109583
37 33 36 0.0 0.0 452.0 0.0 8779.0 13.0 1361.0 0.12474382963556979
37 33 37 0.0 0.0 940.0 0.0 13058.0 38.0 8038.0 0.08756019763587465
37 33 38 0.0 0.0 832.0 0.0 12393.0 29.0 5107.0 0.09199027531375253
37 33 39 0.0 0.0 986.0 0.0 12988.0 35.0 9319.0 0.08771380239333373
37 33 40 0.0 0.0 1216.0 0.0 13192.0 31.0 15817.0 0.08532943255927347
37 33 41 0.0 0.0 1320.0 0.0 13413.0 31.0 16030.0 0.0836470096194061
37 33 42 0.0 0.0 814.0 0.0 12338.0 23.0 5498.0 0.09244585314315899
37 33 43 0.0 0.0 468.0 0.0 8897.0 24.0 1339.0 0.12332628611698378
37 33 44 0.0 0.0 485.0 0.0 9467.0 28.0 2040.0 0.11731188201776435
37 33 45 0.0 0.0 113.0 0.0 3721.0 10.0 143.0 0.2402608546421829
37 33 46 0.0 0.0 339.0 0.0 7229.0 27.0 815.0 0.14667365112624406
37 33 47 0.0 0.0 135.0 0.0 3557.0 11.0 115.0 0.24647887323943657
37 33 48 0.0 0.0 81.0 0.0 1502.0 12.0 13.0 0.3920470456454774
37 33 49 0.0 0.0 1.0 0.0 19.0 0.0 0.0 0.6930693069306929
37 34 30 0.0 0.0 1.0 0.0 47.0 2.0 0.0 0.6842619745845552
37 34 31 0.0 0.0 186.0 0.0 4006.0 16.0 118.0 0.22668393782383417
37 34 32 0.0 0.0 651.0 0.0 10966.0 30.0 3517.0 0.10289578127296779
37 34 33 0.0 0.0 530.0 0.0 10456.0 28.0 2973.0 0.10794972627033696
37 34 34 0.0 0.0 900.0 0.0 12704.0 34.0 8102.0 0.08974358974358973
37 34 35 0.0 0.0 1448.0 0.0 13220.0 48.0 19275.0 0.08407903429223469
37 34 36 0.0 0.0 1204.0 0.0 13828.0 37.0 11618.0 0.0822126959891949
37 34 37 0.0 0.0 1591.0 0.0 13832.0 31.0 20037.0 0.08027983255920637
37 34 38 0.0 0.0 1995.0 0.0 12121.0 58.0 34789.0 0.08690254500310365
37 34 39 0.0 0.0 2309.0 0.0 12937.0 54.0 35088.0 0.08116412545654819
37 34 40 0.0 0.0 2049.0 0.0 12770.0 69.0 32400.0 0.08329862557267805
37 34 41 0.0 0.0 1672.0 0.0 13597.0 42.0 21684.0 0.08107012565869476
37 34 42 0.0 0.0 1446.0 0.0 13769.0 38.0 17163.0 0.08137642408742153
37 34 43 0.0 0.0 1301.0 0.0 13460.0 27.0 15102.0 0.08349236641221373
37 34 44 0.0 0.0 1023.0 0.0 13240.0 36.0 8511.0 0.08614324390844202
37 34 45 0.0 0.0 514.0 0.0 9928.0 29.0 2316.0 0.11271234200144915
37 34 46 0.0 0.0 462.0 0.0 9492.0 21.0 2489.0 0.11720385098367515
37 34 47 0.0 0.0 97.0 0.0 2325.0 16.0 34.0 0.3178206583427923
37 34 48 0.0 0.0 68.0 0.0 1541.0 11.0 9.0 0.3891050583657587
37 34 49 0.0 0.0 0.0 0.0 7.0 1.0 0.0 0.6979062811565303
37 35 30 0.0 0.0 0.0 0.0 23.0 0.0 0.0 0.6920415224913494
37 35 31 0.0 0.0 230.0 0.0 4770.0 24.0 190.0 0.20063055316709658
37 35 32 0.0 0.0 600.0 0.0 10754.0 14.0 3069.0 0.10482965181579933
37 35 33 0.0 0.0 1463.0 0.0 12808.0 41.0 21410.0 0.08604265257206072
37 35 34 0.0 0.0 1396.0 0.0 13609.0 32.0 17899.0 0.08224650452355774
37 35 35 0.0 0.0 1768.0 0.0 13820.0 47.0 22335.0 0.07957710453021087
37 35 36 0.0 0.0 2265.0 0.0 13192.0 69.0 32771.0 0.08020164986251145
37 35 37 0.0 0.0 2654.0 0.0 12093.0 77.0 43322.0 0.08369201339072213
37 35 38 0.0 0.0 3005.0 0.0 12644.0 58.0 43627.0 0.07927519818799546
37 35 39 0.0 0.0 3353.0 0.0 11721.0 80.0 53643.0 0.08205849598499501
37 35 40 0.0 0.0 3220.0 0.0 13023.0 65.0 44862.0 0.07673335160317894
37 35 41 0.0 0.0 3089.0 0.0 11523.0 63.0 52165.0 0.08430687703239792
37 35 42 0.0 0.0 2949.0 0.0 11487.0 68.0 51293.0 0.08516333110286513
37 35 43 0.0 0.0 2096.0 0.0 12926.0 52.0 31389.0 0.08229968843689377
37 35 44 0.0 0.0 1658.0 0.0 13616.0 49.0 20504.0 0.08110300081103
37 35 45 0.0 0.0 1157.0 0.0 13434.0 27.0 13681.0 0.08436275986742994
37 35 46 0.0 0.0 797.0 0.0 12160.0 29.0 4853.0 0.09367054730362638
37 35 47 0.0 0.0 830.0 0.0 12356.0 29.0 6381.0 0.0922387666359204
37 35 48 0.0 0.0 149.0 0.0 3715.0 18.0 119.0 0.23939808481532146
37 35 49 0.0 0.0 2.0 0.0 41.0 0.0 0.0 0.6852667645619186
37 36 30 0.0 0.0 0.0 0.0 66.0 0.0 0.0 0.6776379477250725
37 36 31 0.0 0.0 78.0 0.0 2170.0 15.0 27.0 0.33065658951346244
37 36 32 0.0 0.0 535.0 0.0 10627.0 31.0 3421.0 0.10655301012253594
37 36 33 0.0 0.0 1025.0 0.0 13488.0 25.0 9258.0 0.08479709267110841
37 36 34 0.0 0.0 1159.0 0.0 13670.0 44.0 11244.0 0.08323424494649227
37 36 35 0.0 0.0 2139.0 0.0 13176.0 46.0 30719.0 0.08081274532440544
37 36 36 0.0 0.0 3159.0 0.0 12220.0 77.0 48304.0 0.0806312273224673
37 36 37 0.0 0.0 4069.0 0.0 10944.0 63.0 66322.0 0.08223201174743024
37 36 38 0.0 0.0 4606.0 0.0 10030.0 75.0 77281.0 0.08412450426631413
37 36 39 0.0 0.0 4463.0 0.0 7460.0 68.0 102268.0 0.10048808498420901
37 36 40 0.0 0.0 5025.0 0.0 8686.0 71.0 93213.0 0.08901322482197355
37 36 41 0.0 0.0 4746.0 0.0 9376.0 82.0 84640.0 0.08691873098652758
37 36 42 0.0 0.0 4182.0 0.0 9986.0 71.0 74948.0 0.08652122860144612
37 36 43 0.0 0.0 3395.0 0.0 11072.0 77.0 59542.0 0.08505984567713712
37 36 44 0.0 0.0 2560.0 0.0 12691.0 52.0 37967.0 0.08115942028985507
37 36 45 0.0 0.0 1463.0 0.0 14139.0 37.0 15912.0 0.07955449482895782
37 36 46 0.0 0.0 872.0 0.0 12617.0 25.0 5884.0 0.09039256198347106
37 36 47 0.0 0.0 346.0 0.0 7290.0 13.0 799.0 0.14536392897933753
37 36 48 0.0 0.0 244.0 0.0 5387.0 21.0 324.0 0.18399264029438817
37 36 49 0.0 0.0 8.0 0.0 130.0 3.0 0.0 0.6557377049180326
37 36 50 0.0 0.0 0.0 0.0 5.0 0.0 0.0 0.6982543640897755
37 37 30 0.0 0.0 33.0 0.0 771.0 12.0 5.0 0.5014326647564469
37 37 31 0.0 0.0 279.0 0.0 5894.0 21.0 370.0 0.17165277096615986
37 37 32 0.0 0.0 636.0 0.0 11073.0 37.0 3310.0 0.10227936879018117
37 37 33 0.0 0.0 1681.0 0.0 12744.0 46.0 25620.0 0.08522035549062575
37 37 34 0.0 0.0 1661.0 0.0 13939.0 47.0 20178.0 0.07960425314152499
37 37 35 0.0 0.0 2901.0 0.0 11882.0 48.0 48467.0 0.08332837331111242
37 37 36 0.0 0.0 3793.0 0.0 11361.0 74.0 60356.0 0.08161361781508684
37 37 37 0.0 0.0 4398.0 0.0 6859.0 72.0 107761.0 0.10549318061939567
37 37 38 0.0 0.0 5427.0 0.0 6767.0 72.0 114140.0 0.09872364431281291
37 37 39 0.0 1.0 6552.0 2.0 7641.0 84.0 111305.0 0.086446434084594
37 37 40 0.0 0.0 5550.0 0.0 5718.0 60.0 128076.0 0.10552498680937664
37 37 41 0.0 0.0 6237.0 1.0 7800.0 79.0 109152.0 0.08731990270067984
37 37 42 0.0 1.0 4796.0 0.0 6726.0 69.0 110882.0 0.10356561621541646
37 37 43 0.0 1.0 4482.0 0.0 10393.0 81.0 73430.0 0.08299247139723752
37 37 44 0.0 0.0 3215.0 0.0 11848.0 81.0 52660.0 0.08210662131253298
37 37 45 0.0 0.0 2314.0 1.0 12638.0 52.0 35439.0 0.08254230293025175
37 37 46 0.0 0.0 1775.0 0.0 13329.0 48.0 24808.0 0.08188092174523336
37 37 47 0.0 0.0 779.0 0.0 12035.0 32.0 5333.0 0.09460737937559129
37 37 48 0.0 0.0 298.0 0.0 6700.0 12.0 634.0 0.1557632398753894
37 37 49 0.0 0.0 33.0 0.0 933.0 7.0 1.0 0.47345282380791337
37 37 50 0.0 0.0 0.0 0.0 2.0 0.0 0.0 0.6993006993006992
37 38 29 0.0 0.0 0.0 0.0 1.0 0.0 0.0 0.6996501749125437
37 38 30 0.0 0.0 0.0 0.0 58.0 0.0 0.0 0.6802721088435373
37 38 31 0.0 0.0 324.0 0.0 6926.0 23.0 657.0 0.15171218032076286
37 38 32 0.0 0.0 1063.0 0.0 12930.0 37.0 12299.0 0.0875821082264623
37 38 33 0.0 0.0 1440.0 0.0 13716.0 34.0 17202.0 0.08156606851549755
37 38 34 0.0 0.0 1885.0 0.0 13551.0 50.0 24827.0 0.0802844362885652
37 38 35 0.0 0.0 2952.0 0.0 12366.0 61.0 44979.0 0.08085475021657522
37 38 36 0.0 0.0 4462.0 0.0 11037.0 74.0 69564.0 0.07994061554273967
37 38 37 0.0 0.0 5517.0 0.0 8069.0 78.0 101108.0 0.08964589870013445
37 38 38 0.0 0.0 6343.0 1.0 5975.0 63.0 126700.0 0.09779267951941882
37 38 39 0.0 0.0 5289.0 0.0 4073.0 51.0 145229.0 0.12312021809867205
37 38 40 0.0 1.0 6134.0 1.0 4549.0 65.0 143730.0 0.1103230890464933
37 38 41 0.0 2.0 4795.0 2.0 3966.0 55.0 146513.0 0.13007525782774318
37 38 42 0.0 2.0 6293.0 3.0 6796.0 72.0 118474.0 0.09267840593141798
37 38 43 0.0 0.0 5567.0 1.0 9945.0 86.0 84998.0 0.0800228636753358
37 38 44 0.0 5.0 4053.0 18.0 10747.0 69.0 66356.0 0.08319961965888155
37 38 45 0.0 0.0 2917.0 0.0 11933.0 63.0 47979.0 0.0831008488158129
37 38 46 0.0 0.0 1456.0 0.0 13605.0 51.0 17378.0 0.08214998239643234
37 38 47 0.0 0.0 1097.0 0.0 13107.0 31.0 11664.0 0.08639842014317452
37 38 48 0.0 0.0 393.0 0.0 7854.0 19.0 1064.0 0.13677217663149666
37 38 49 0.0 0.0 41.0 0.0 1156.0 5.0 10.0 0.4385964912280701
37 38 50 0.0 0.0 0.0 0.0 10.0 0.0 0.0 0.6965174129353233
37 39 30 0.0 0.0 11.0 0.0 275.0 3.0 0.0 0.6134969325153373
37 39 31 0.0 0.0 186.0 0.0 4764.0 12.0 240.0 0.2017581784118749
37 39 32 0.0 0.0 400.0 0.0 8811.0 18.0 1635.0 0.12498884028211764
37 39 33 0.0 0.0 1085.0 0.0 13202.0 28.0 11544.0 0.08596868283696653
37 39 34 0.0 0.0 2008.0 0.0 13082.0 50.0 29671.0 0.08189050070191857
37 39 35 0.0 0.0 3307.0 0.0 11950.0 73.0 51356.0 0.08117353742679885
37 39 36 0.0 0.0 4604.0 0.0 9005.0 75.0 87127.0 0.08968609865470852
37 39 37 0.0 0.0 5956.0 0.0 7460.0 76.0 108396.0 0.09082062925721698
37 39 38 0.0 2.0 7004.0 1.0 5761.0 66.0 130590.0 0.09476106673886556
37 39 39 0.0 3.0 7491.0 2.0 4740.0 47.0 143272.0 0.0981973767272217
37 39 40 0.0 2.0 7317.0 1.0 4426.0 57.0 145890.0 0.10182558731544111
37 39 41 0.0 3.0 7645.0 4.0 5290.0 69.0 137136.0 0.09360791655522865
37 39 42 0.0 3.0 7158.0 7.0 6487.0 59.0 124549.0 0.08932559178204555
37 39 43 0.0 0.0 4903.0 0.0 5735.0 63.0 124545.0 0.11068943706514864
37 39 44 0.0 1.0 4665.0 2.0 9486.0 79.0 83211.0 0.08663366336633661
37 39 45 0.0 0.0 3278.0 0.0 11081.0 67.0 57612.0 0.08552752153460809
37 39 46 0.0 0.0 2044.0 0.0 12875.0 46.0 31775.0 0.08273742686602446
37 39 47 0.0 0.0 910.0 0.0 12870.0 32.0 6601.0 0.08879304877275321
37 39 48 0.0 0.0 363.0 0.0 7925.0 22.0 1152.0 0.13625304136253039
37 39 49 0.0 0.0 46.0 0.0 1214.0 9.0 12.0 0.43076923076923074
37 39 50 0.0 0.0 0.0 0.0 9.0 1.0 0.0 0.697211155378486
37 40 30 0.0 0.0 2.0 0.0 49.0 1.0 0.0 0.6829268292682925
37 40 31 0.0 0.0 45.0 0.0 1401.0 8.0 11.0 0.4070950857807502
37 40 32 0.0 0.0 407.0 0.0 8313.0 27.0 1199.0 0.13086558235184145
37 40 33 0.0 0.0 1161.0 0.0 13540.0 34.0 11595.0 0.08379721074998503
37 40 34 0.0 0.0 2261.0 0.0 13184.0 52.0 33028.0 0.08022922636103151
37 40 35 0.0 0.0 3461.0 0.0 11028.0 70.0 59621.0 0.0849256900212314
37 40 36 0.0 2.0 4630.0 3.0 9942.0 70.0 79819.0 0.08446455505279034
37 40 37 0.0 0.0 6117.0 1.0 8084.0 97.0 103614.0 0.08648381517173213
37 40 38 0.0 0.0 6780.0 0.0 5335.0 85.0 134869.0 0.09927669834066088
37 40 39 0.0 4.0 5390.0 0.0 3291.0 46.0 156274.0 0.1308044473512099
37 40 40 0.0 1.0 7410.0 2.0 4231.0 51.0 149873.0 0.10260168559912054
37 40 41 0.0 4.0 7129.0 1.0 4439.0 57.0 145960.0 0.10309278350515462
37 40 42 0.0 2.0 6527.0 0.0 5113.0 68.0 137159.0 0.10269199735934863
37 40 43 0.0 1.0 5980.0 0.0 6782.0 67.0 117742.0 0.09478031277503214
37 40 44 0.0 0.0 4566.0 1.0 7918.0 75.0 98359.0 0.09666505558240696
37 40 45 0.0 0.0 3357.0 0.0 12312.0 62.0 50580.0 0.07924827351975545
37 40 46 0.0 0.0 1538.0 0.0 14576.0 41.0 14541.0 0.07730962504831851
37 40 47 0.0 0.0 1029.0 0.0 13288.0 31.0 9112.0 0.08578431372549018
37 40 48 0.0 0.0 377.0 0.0 7905.0 16.0 1078.0 0.13633265167007494
37 40 49 0.0 0.0 58.0 0.0 1343.0 15.0 11.0 0.41346721795629054
37 40 50 0.0 0.0 0.0 0.0 6.0 0.0 0.0 0.6979062811565303
37 41 30 0.0 0.0 0.0 0.0 5.0 0.0 0.0 0.6982543640897755
37 41 31 0.0 0.0 203.0 0.0 4962.0 18.0 272.0 0.1958315848370401
37 41 32 0.0 0.0 279.0 0.0 6035.0 20.0 389.0 0.16865437899048305
37 41 33 0.0 0.0 837.0 0.0 12596.0 34.0 6513.0 0.09082062925721698
37 41 34 0.0 0.0 1943.0 0.0 13342.0 45.0 27777.0 0.08098102730217491
37 41 35 0.0 0.0 2755.0 0.0 13450.0 64.0 37663.0 0.07689350249903883
37 41 36 0.0 0.0 4200.0 0.0 10424.0 60.0 72258.0 0.08413967185527976
37 41 37 0.0 0.0 5864.0 1.0 9009.0 87.0 95204.0 0.08306633440132906
37 41 38 0.0 4.0 6095.0 3.0 5448.0 66.0 133353.0 0.10323722439348129
37 41 39 0.0 3.0 6449.0 1.0 4219.0 47.0 147369.0 0.11030570438071224
37 41 40 0.0 3.0 6863.0 3.0 4254.0 58.0 147763.0 0.10662604722010662
37 41 41 1.0 7.0 6446.0 7.0 4121.0 45.0 148312.0 0.1111111111111111
37 41 42 0.0 1.0 4967.0 0.0 3888.0 49.0 148920.0 0.12878300064391499
37 41 43 0.0 1.0 6344.0 1.0 7304.0 75.0 113913.0 0.08950834345630074
37 41 44 0.0 0.0 5055.0 0.0 9811.0 74.0 81719.0 0.08296296296296296
37 41 45 0.0 0.0 3516.0 0.0 10392.0 93.0 65970.0 0.08823900163872431
37 41 46 0.0 0.0 1990.0 0.0 13436.0 61.0 27602.0 0.0803627805522071
37 41 47 0.0 0.0 1206.0 0.0 13301.0 34.0 13419.0 0.08482278097546196
37 41 48 0.0 0.0 541.0 0.0 10057.0 23.0 2511.0 0.11127891264605357
37 41 49 0.0 0.0 96.0 0.0 2268.0 11.0 26.0 0.3216911764705882
37 41 50 0.0 0.0 0.0 0.0 23.0 1.0 0.0 0.6923837784371908
37 41 51 0.0 0.0 0.0 0.0 3.0 0.0 0.0 0.6989515726410384
37 42 30 0.0 0.0 0.0 0.0 11.0 0.0 0.0 0.6961710591745399
37 42 31 0.0 0.0 0.0 0.0 234.0 0.0 2.0 0.6266786034019695
37 42 32 0.0 0.0 273.0 0.0 6161.0 25.0 461.0 0.16640912872934743
37 42 33 0.0 0.0 981.0 0.0 13113.0 33.0 8244.0 0.08699975142928162
37 42 34 0.0 0.0 1723.0 0.0 13340.0 42.0 23739.0 0.08208736440926413
37 42 35 0.0 0.0 2646.0 0.0 11862.0 63.0 44750.0 0.08477141992128367
37 42 36 0.0 0.0 3515.0 0.0 12185.0 79.0 51713.0 0.07911839502684373
37 42 37 0.0 0.0 4995.0 0.0 9065.0 67.0 88184.0 0.08710259441299073
37 42 38 0.0 0.0 5448.0 1.0 5906.0 66.0 123036.0 0.10477473432120939
37 42 39 0.0 4.0 6479.0 5.0 5500.0 66.0 131765.0 0.09996429846483397
37 42 40 0.0 1.0 6514.0 3.0 4831.0 71.0 139552.0 0.10492393015064078
37 42 41 0.0 1.0 7253.0 2.0 5881.0 64.0 128999.0 0.09239704329461455
37 42 42 0.0 5.0 6073.0 6.0 5760.0 67.0 127932.0 0.10117068940598352
37 42 43 0.0 0.0 4935.0 0.0 5913.0 62.0 122229.0 0.10911074740861974
37 42 44 0.0 0.0 4641.0 0.0 8405.0 69.0 93100.0 0.09297383450657457
37 42 45 0.0 0.0 3203.0 0.0 12406.0 83.0 48959.0 0.07960877971113385
37 42 46 0.0 0.0 2142.0 0.0 12852.0 47.0 33110.0 0.08241596514982044
37 42 47 0.0 0.0 1266.0 0.0 13292.0 35.0 15132.0 0.08458703401607152
37 42 48 0.0 0.0 451.0 0.0 8549.0 24.0 1394.0 0.1274117218784128
37 42 49 0.0 0.0 417.0 0.0 8193.0 10.0 1191.0 0.13197586726998492
37 42 50 0.0 0.0 8.0 0.0 154.0 1.0 0.0 0.6478482184173993
37 43 30 0.0 0.0 0.0 0.0 4.0 0.0 0.0 0.6986027944111775
37 43 31 0.0 0.0 131.0 0.0 2955.0 13.0 54.0 0.27597082594125755
37 43 32 0.0 0.0 379.0 0.0 8619.0 26.0 1478.0 0.12752778283840405
37 43 33 0.0 0.0 772.0 0.0 12171.0 26.0 5832.0 0.09379606056545625
37 43 34 0.0 0.0 1547.0 0.0 13409.0 39.0 21072.0 0.08252284114353078
37 43 35 0.0 0.0 2034.0 0.0 13277.0 54.0 29169.0 0.08085475021657522
37 43 36 0.0 0.0 2795.0 0.0 12555.0 48.0 41571.0 0.08068699210420148
37 43 37 0.0 0.0 4018.0 0.0 11336.0 81.0 62019.0 0.08066374740723668
37 43 38 0.0 3.0 5072.0 4.0 7851.0 78.0 100722.0 0.09377721213745058
37 43 39 0.0 0.0 5630.0 1.0 6864.0 73.0 115810.0 0.09652509652509653
37 43 40 0.0 0.0 6169.0 1.0 7207.0 80.0 113824.0 0.09096225066597362
37 43 41 0.0 5.0 5301.0 12.0 6015.0 74.0 123468.0 0.10497900419916015
37 43 42 0.0 2.0 5676.0 11.0 8454.0 71.0 97911.0 0.08673564215352207
37 43 43 0.0 0.0 4765.0 0.0 8016.0 68.0 97795.0 0.09460737937559129
37 43 44 0.0 0.0 4059.0 2.0 11058.0 89.0 65764.0 0.08185219831618334
37 43 45 0.0 0.0 2611.0 0.0 13185.0 55.0 36738.0 0.078691473216795
37 43 46 0.0 0.0 1842.0 0.0 13104.0 48.0 27097.0 0.08260561718196836
37 43 47 0.0 0.0 1319.0 0.0 13582.0 34.0 15087.0 0.08284513876560742
37 43 48 0.0 0.0 457.0 0.0 9206.0 25.0 1628.0 0.12018198987037512
37 43 49 0.0 0.0 43.0 0.0 823.0 15.0 5.0 0.4910557699052963
37 43 50 0.0 0.0 0.0 0.0 31.0 0.0 0.0 0.689655172413793
37 44 30 0.0 0.0 0.0 0.0 20.0 0.0 0.0 0.6930693069306929
37 44 31 0.0 0.0 67.0 0.0 1620.0 18.0 8.0 0.38167938931297707
37 44 32 0.0 0.0 151.0 0.0 3859.0 12.0 164.0 0.23325558147284234
37 44 33 0.0 0.0 779.0 0.0 12124.0 25.0 5037.0 0.09401652004566516
37 44 34 0.0 0.0 994.0 0.0 13273.0 38.0 8240.0 0.08614854470494122
37 44 35 0.0 0.0 1397.0 0.0 13941.0 36.0 15053.0 0.08077544426494344
37 44 36 0.0 0.0 1859.0 0.0 13619.0 36.0 25145.0 0.08007778985300006
37 44 37 0.0 0.0 2912.0 0.0 12977.0 60.0 41368.0 0.07822977201609296
37 44 38 0.0 0.0 4109.0 0.0 11262.0 70.0 63860.0 0.08053382420616659
37 44 39 0.0 1.0 4458.0 2.0 7589.0 62.0 99769.0 0.09958033999573226
37 44 40 0.0 0.0 4759.0 0.0 10340.0 80.0 75581.0 0.08188092174523336
37 44 41 0.0 5.0 4427.0 17.0 9512.0 75.0 80484.0 0.08759306763436149
37 44 42 0.0 0.0 4079.0 0.0 11836.0 79.0 59907.0 0.07814680435389337
37 44 43 0.0 0.0 3487.0 0.0 11030.0 70.0 61357.0 0.08477655322756449
37 44 44 0.0 0.0 3165.0 0.0 11078.0 58.0 57322.0 0.08613264427217915
37 44 45 0.0 0.0 2547.0 0.0 11418.0 54.0 46966.0 0.08764790584110686
37 44 46 0.0 0.0 1878.0 0.0 12693.0 46.0 29725.0 0.08446455505279034
37 44 47 0.0 0.0 494.0 0.0 9834.0 20.0 2220.0 0.11367327054238388
37 44 48 0.0 0.0 397.0 0.0 8200.0 29.0 1213.0 0.13243780153249451
37 44 49 0.0 0.0 60.0 0.0 1074.0 11.0 4.0 0.44828690361831564
37 44 50 0.0 0.0 0.0 0.0 7.0 0.0 0.0 0.6975585450921773
37 45 30 0.0 0.0 0.0 0.0 18.0 0.0 0.0 0.6937561942517343
37 45 31 0.0 0.0 0.0 0.0 45.0 0.0 0.0 0.684931506849315
37 45 32 0.0 0.0 122.0 0.0 2338.0 13.0 24.0 0.31467745560800175
37 45 33 0.0 0.0 622.0 0.0 10542.0 31.0 2787.0 0.10645578283020302
37 45 34 0.0 0.0 1097.0 0.0 13186.0 41.0 12180.0 0.08606910119267182
37 45 35 0.0 0.0 1082.0 0.0 13257.0 29.0 11222.0 0.08571603502112288
37 45 36 0.0 0.0 1706.0 0.0 13589.0 47.0 21914.0 0.08097165991902833
37 45 37 0.0 0.0 1936.0 0.0 13451.0 47.0 26828.0 0.08048752443371276
37 45 38 0.0 0.0 2786.0 0.0 12292.0 58.0 44709.0 0.08197681227309989
37 45 39 0.0 0.0 3165.0 0.0 11071.0 76.0 57699.0 0.08627595982005298
37 45 40 0.0 0.0 3306.0 0.0 11257.0 61.0 57248.0 0.08450024142926121
37 45 41 0.0 0.0 2998.0 1.0 12703.0 60.0 44448.0 0.07908710880126539
37 45 42 0.0 0.0 2584.0 0.0 13223.0 39.0 35649.0 0.07853256296628709
37 45 43 0.0 0.0 2054.0 0.0 13295.0 51.0 29065.0 0.08071025020177562
37 45 44 0.0 0.0 1867.0 0.0 13279.0 60.0 26356.0 0.08175659892548469
37 45 45 0.0 0.0 1770.0 0.0 13202.0 44.0 24938.0 0.0824742268041237
37 45 46 0.0 0.0 1152.0 0.0 13184.0 30.0 13408.0 0.08567931456548346
37 45 47 0.0 0.0 673.0 0.0 11413.0 17.0 4536.0 0.09938240931355148
37 45 48 0.0 0.0 25.0 0.0 686.0 8.0 0.0 0.5181347150259067
37 45 49 0.0 0.0 11.0 0.0 407.0 6.0 1.0 0.5804311774461027
37 45 50 0.0 0.0 0.0 0.0 2.0 0.0 0.0 0.6993006993006992
37 46 30 0.0 0.0 19.0 0.0 529.0 3.0 1.0 0.5500982318271119
37 46 31 0.0 0.0 0.0 0.0 22.0 0.0 0.0 0.6923837784371908
37 46 32 0.0 0.0 0.0 0.0 143.0 1.0 0.0 0.6539000467071461
37 46 33 0.0 0.0 174.0 0.0 4544.0 10.0 223.0 0.208706022659511
37 46 34 0.0 0.0 299.0 0.0 6227.0 18.0 482.0 0.1645123384253819
37 46 35 0.0 0.0 485.0 0.0 9416.0 22.0 1750.0 0.117755908823282
37 46 36 0.0 0.0 751.0 0.0 11855.0 28.0 4462.0 0.09587727708533077
37 46 37 0.0 0.0 1313.0 0.0 13837.0 42.0 14165.0 0.0816850458019721
37 46 38 0.0 0.0 1696.0 0.0 13515.0 48.0 21934.0 0.08132915069129777
37 46 39 0.0 0.0 1854.0 0.0 13235.0 41.0 27642.0 0.08192404470712153
37 46 40 0.0 0.0 1714.0 0.0 13500.0 31.0 23064.0 0.08121591831999071
37 46 41 0.0 0.0 1342.0 0.0 13759.0 49.0 15079.0 0.08191925102399063
37 46 42 0.0 0.0 1214.0 0.0 13654.0 45.0 12013.0 0.0830564784053156
37 46 43 0.0 0.0 972.0 0.0 13068.0 31.0 8652.0 0.0873253493013972
37 46 44 0.0 0.0 992.0 0.0 13304.0 30.0 9719.0 0.08588430157659038
37 46 45 0.0 0.0 898.0 0.0 12564.0 37.0 6816.0 0.09062661833247021
37 46 46 0.0 0.0 697.0 0.0 11616.0 34.0 4807.0 0.097929490766648
37 46 47 0.0 0.0 256.0 0.0 6265.0 24.0 507.0 0.16468650746970942
37 46 48 0.0 0.0 112.0 0.0 2226.0 15.0 28.0 0.3237742830712303
37 46 49 0.0 0.0 76.0 0.0 1427.0 8.0 8.0 0.4005722460658082
37 47 31 0.0 0.0 1.0 0.0 12.0 1.0 0.0 0.6958250497017892
37 47 32 0.0 0.0 26.0 0.0 467.0 4.0 3.0 0.5624748895138609
37 47 33 0.0 0.0 8.0 0.0 218.0 2.0 0.0 0.6297795771479981
37 47 34 0.0 0.0 112.0 0.0 2923.0 11.0 61.0 0.27855153203342614
37 47 35 0.0 0.0 180.0 0.0 4458.0 19.0 164.0 0.21157624301042768
37 47 36 0.0 0.0 313.0 0.0 7007.0 21.0 705.0 0.15048908954100823
37 47 37 0.0 0.0 571.0 0.0 10687.0 20.0 3101.0 0.10565240359218171
37 47 38 0.0 0.0 648.0 0.0 11460.0 20.0 4124.0 0.09931895573212259
37 47 39 0.0 0.0 1110.0 0.0 13202.0 29.0 13045.0 0.08581060373889059
37 47 40 0.0 0.0 716.0 0.0 11866.0 28.0 5027.0 0.09612083762444215
37 47 41 0.0 0.0 985.0 0.0 13186.0 26.0 8829.0 0.08652657601977749
37 47 42 0.0 0.0 550.0 0.0 10606.0 26.0 2997.0 0.10656112041406605
37 47 43 0.0 0.0 576.0 0.0 10241.0 22.0 2202.0 0.1092896174863388
37 47 44 0.0 0.0 471.0 0.0 9099.0 18.0 1627.0 0.12113870381586916
37 47 45 0.0 0.0 315.0 0.0 6149.0 22.0 416.0 0.16570008285004142
37 47 46 0.0 0.0 55.0 0.0 1611.0 9.0 20.0 0.3829321663019693
37 47 47 0.0 0.0 115.0 0.0 2706.0 15.0 38.0 0.2912419388391928
37 47 48 0.0 0.0 8.0 0.0 121.0 1.0 0.0 0.6578947368421051
37 47 49 0.0 0.0 2.0 0.0 7.0 1.0 0.0 0.697211155378486
37 48 33 0.0 0.0 0.0 0.0 7.0 1.0 0.0 0.6979062811565303
37 48 34 0.0 0.0 5.0 0.0 157.0 1.0 0.0 0.6478482184173993
37 48 35 0.0 0.0 0.0 0.0 125.0 1.0 0.0 0.6591337099811675
37 48 36 0.0 0.0 115.0 0.0 2968.0 13.0 66.0 0.27602523659305983
37 48 37 0.0 0.0 450.0 0.0 8475.0 19.0 1365.0 0.12825210699890066
37 48 38 0.0 0.0 281.0 0.0 5922.0 20.0 366.0 0.17112822393350444
37 48 39 0.0 0.0 594.0 0.0 10327.0 26.0 2566.0 0.1084262701363073
37 48 40 0.0 0.0 304.0 0.0 6048.0 28.0 463.0 0.1681479702137881
37 48 41 0.0 0.0 204.0 0.0 5025.0 24.0 253.0 0.19425558484806432
37 48 42 0.0 0.0 383.0 0.0 8198.0 32.0 1060.0 0.1326259946949602
37 48 43 0.0 0.0 750.0 0.0 11931.0 31.0 5593.0 0.09538734073720787
37 48 44 0.0 0.0 82.0 0.0 2047.0 15.0 26.0 0.34021871202916154
37 48 45 0.0 0.0 9.0 0.0 419.0 1.0 2.0 0.5770816158285242
37 48 46 0.0 0.0 1.0 0.0 98.0 0.0 0.0 0.6676204101096804
37 48 47 0.0 0.0 3.0 0.0 68.0 2.0 0.0 0.6766553890768486
37 48 48 0.0 0.0 1.0 0.0 52.0 1.0 0.0 0.6822612085769979
37 48 49 0.0 0.0 0.0 0.0 10.0 0.0 0.0 0.6965174129353233
37 49 34 0.0 0.0 0.0 0.0 1.0 0.0 0.0 0.6996501749125437
37 49 35 0.0 0.0 0.0 0.0 32.0 0.0 0.0 0.6889763779527558
37 49 36 0.0 0.0 7.0 0.0 341.0 1.0 0.0 0.5965061780997016
37 49 37 0.0 0.0 67.0 0.0 1432.0 13.0 11.0 0.4017216642754662
37 49 38 0.0 0.0 4.0 0.0 398.0 2.0 1.0 0.5833333333333333
37 49 39 0.0 0.0 150.0 0.0 3554.0 8.0 116.0 0.24578651685393252
37 49 40 0.0 0.0 83.0 0.0 2459.0 17.0 49.0 0.30946065428824043
37 49 41 0.0 0.0 1.0 0.0 191.0 0.0 0.0 0.639269406392694
37 49 42 0.0 0.0 173.0 0.0 3676.0 20.0 89.0 0.24005486968449927
37 49 43 0.0 0.0 131.0 0.0 3019.0 10.0 55.0 0.2723735408560311
37 49 44 0.0 0.0 24.0 0.0 993.0 8.0 4.0 0.46542553191489355
37 49 45 0.0 0.0 0.0 0.0 13.0 0.0 0.0 0.695479384003974
37 50 35 0.0 0.0 0.0 0.0 3.0 1.0 0.0 0.6993006993006992
37 50 36 0.0 0.0 0.0 0.0 23.0 0.0 0.0 0.6920415224913494
37 50 37 0.0 0.0 2.0 0.0 35.0 0.0 0.0 0.6872852233676975
37 50 38 0.0 0.0 0.0 0.0 55.0 0.0 0.0 0.6812652068126519
37 50 39 0.0 0.0 1.0 0.0 39.0 1.0 0.0 0.6866110838646394
37 50 40 0.0 0.0 0.0 0.0 18.0 0.0 0.0 0.6937561942517343
37 50 41 0.0 0.0 11.0 0.0 208.0 1.0 0.0 0.6311992786293958
37 50 42 0.0 0.0 0.0 0.0 4.0 0.0 0.0 0.6986027944111775
37 50 43 0.0 0.0 8.0 0.0 170.0 1.0 0.0 0.6430868167202571
37 50 44 0.0 0.0 0.0 0.0 2.0 0.0 0.0 0.6993006993006992
37 50 45 0.0 0.0 0.0 0.0 1.0 0.0 0.0 0.6996501749125437
37 51 38 0.0 0.0 0.0 0.0 1.0 0.0 0.0 0.6996501749125437
37 51 39 0.0 0.0 0.0 0.0 1.0 0.0 0.0 0.6996501749125437
37 51 40 0.0 0.0 0.0 0.0 1.0 0.0 0.0 0.6996501749125437
38 29 40 0.0 0.0 0.0 0.0 1.0 0.0 0.0 0.6996501749125437
38 29 41 0.0 0.0 0.0 0.0 1.0 0.0 0.0 0.6996501749125437
38 29 42 0.0 0.0 0.0 0.0 1.0 0.0 0.0 0.6996501749125437
38 30 33 0.0 0.0 0.0 0.0 1.0 0.0 0.0 0.6996501749125437
38 30 34 0.0 0.0 0.0 0.0 1.0 0.0 0.0 0.6996501749125437
38 30 35 0.0 0.0 0.0 0.0 1.0 0.0 0.0 0.6996501749125437
38 30 36 0.0 0.0 0.0 0.0 25.0 0.0 0.0 0.6913580246913579
38 30 37 0.0 0.0 2.0 0.0 112.0 1.0 0.0 0.6625650733554187
38 30 38 0.0 0.0 14.0 0.0 381.0 2.0 0.0 0.5850396991224404
38 30 39 0.0 0.0 0.0 0.0 43.0 0.0 0.0 0.6852667645619186
38 30 40 0.0 0.0 4.0 0.0 141.0 2.0 0.0 0.6532897806812878
38 30 41 0.0 0.0 153.0 0.0 3064.0 15.0 47.0 0.2691272587466359
38 30 42 0.0 0.0 14.0 0.0 342.0 2.0 0.0 0.594732370433305
38 31 32 0.0 0.0 0.0 0.0 1.0 0.0 0.0 0.6996501749125437
38 31 33 0.0 0.0 2.0 0.0 70.0 0.0 0.0 0.6756756756756755
38 31 34 0.0 0.0 44.0 0.0 1066.0 7.0 4.0 0.4513217279174725
38 31 35 0.0 0.0 0.0 0.0 58.0 0.0 0.0 0.6802721088435373
38 31 36 0.0 0.0 30.0 0.0 712.0 17.0 2.0 0.5141388174807198
38 31 37 0.0 0.0 212.0 0.0 4331.0 25.0 142.0 0.21472392638036808
38 31 38 0.0 0.0 101.0 0.0 2873.0 9.0 53.0 0.2820874471086036
38 31 39 0.0 0.0 230.0 0.0 5464.0 21.0 375.0 0.18233915082052615
38 31 40 0.0 0.0 7.0 0.0 469.0 5.0 1.0 0.5668016194331983
38 31 41 0.0 0.0 122.0 0.0 3421.0 20.0 105.0 0.25339366515837103
38 31 42 0.0 0.0 57.0 0.0 1686.0 7.0 16.0 0.37473233404710915
38 31 43 0.0 0.0 8.0 0.0 231.0 1.0 1.0 0.6255585344057193
38 31 44 0.0 0.0 11.0 0.0 152.0 3.0 0.0 0.6484483557202407
38 31 45 0.0 0.0 0.0 0.0 7.0 0.0 0.0 0.6975585450921773
38 31 46 0.0 0.0 1.0 0.0 28.0 1.0 0.0 0.690335305719921
38 31 47 0.0 0.0 0.0 0.0 2.0 0.0 0.0 0.6993006993006992
38 32 31 0.0 0.0 0.0 0.0 6.0 0.0 0.0 0.6982543640897755
38 32 32 0.0 0.0 147.0 0.0 3105.0 18.0 70.0 0.2672775868652157
38 32 33 0.0 0.0 18.0 0.0 527.0 7.0 0.0 0.5516154452324664
38 32 34 0.0 0.0 163.0 0.0 3985.0 15.0 156.0 0.22834774098841948
38 32 35 0.0 0.0 256.0 0.0 5296.0 19.0 274.0 0.1857749469214437
38 32 36 0.0 0.0 334.0 0.0 7332.0 21.0 804.0 0.14510779436152568
38 32 37 0.0 0.0 823.0 0.0 12295.0 24.0 6178.0 0.09263547938860582
38 32 38 0.0 0.0 856.0 0.0 12383.0 39.0 7541.0 0.09199027531375253
38 32 39 0.0 0.0 428.0 0.0 9051.0 18.0 1608.0 0.1220469008804812
38 32 40 0.0 0.0 480.0 0.0 9516.0 21.0 2015.0 0.11683217892013684
38 32 41 0.0 0.0 473.0 0.0 9223.0 26.0 1734.0 0.11989380834118352
38 32 42 0.0 0.0 464.0 0.0 8798.0 31.0 1338.0 0.12455516014234873
38 32 43 0.0 0.0 173.0 0.0 4301.0 17.0 196.0 0.21668472372697722
38 32 44 0.0 0.0 133.0 0.0 2873.0 15.0 53.0 0.2804487179487179
38 32 45 0.0 0.0 90.0 0.0 2128.0 16.0 30.0 0.3331746787244169
38 32 46 0.0 0.0 4.0 0.0 194.0 2.0 0.0 0.6375227686703095
38 32 47 0.0 0.0 38.0 0.0 946.0 5.0 1.0 0.4701141705842847
38 32 48 0.0 0.0 0.0 0.0 3.0 0.0 0.0 0.6989515726410384
38 32 49 0.0 0.0 0.0 0.0 1.0 0.0 0.0 0.6996501749125437
38 33 30 0.0 0.0 1.0 0.0 16.0 1.0 0.0 0.6944444444444444
38 33 31 0.0 0.0 27.0 0.0 574.0 8.0 0.0 0.5399151561897415
38 33 32 0.0 0.0 187.0 0.0 4062.0 14.0 150.0 0.22446689113355778
38 33 33 0.0 0.0 291.0 0.0 6296.0 18.0 491.0 0.16328434802892466
38 33 34 0.0 0.0 393.0 0.0 8102.0 21.0 1159.0 0.13363879343260784
38 33 35 0.0 0.0 653.0 0.0 11288.0 28.0 3995.0 0.10056026432983765
38 33 36 0.0 0.0 683.0 0.0 11481.0 28.0 3944.0 0.09893992932862189
38 33 37 0.0 0.0 1374.0 0.0 13444.0 53.0 17577.0 0.08328375966686495
38 33 38 0.0 0.0 916.0 0.0 12964.0 31.0 9059.0 0.08822788001008318
38 33 39 0.0 0.0 907.0 0.0 12875.0 32.0 6500.0 0.08874239350912777
38 33 40 0.0 0.0 1103.0 0.0 13426.0 33.0 10683.0 0.08466888418506198
38 33 41 0.0 0.0 950.0 0.0 13038.0 32.0 7641.0 0.08760402978537012
38 33 42 0.0 0.0 966.0 0.0 13016.0 31.0 8704.0 0.0876533934385174
38 33 43 0.0 0.0 559.0 0.0 10180.0 20.0 2227.0 0.10991599277694904
38 33 44 0.0 0.0 668.0 0.0 11422.0 22.0 3670.0 0.09942475676443434
38 33 45 0.0 0.0 256.0 0.0 6150.0 19.0 558.0 0.16678579938050983
38 33 46 0.0 0.0 360.0 0.0 7943.0 18.0 1067.0 0.13605442176870744
38 33 47 0.0 0.0 33.0 0.0 821.0 8.0 4.0 0.49191848208011235
38 33 48 0.0 0.0 8.0 0.0 170.0 1.0 0.0 0.6430868167202571
38 33 49 0.0 0.0 0.0 0.0 3.0 0.0 0.0 0.6989515726410384
38 34 30 0.0 0.0 0.0 0.0 18.0 0.0 0.0 0.6937561942517343
38 34 31 0.0 0.0 264.0 0.0 5435.0 28.0 318.0 0.18245796950345364
38 34 32 0.0 0.0 309.0 0.0 6729.0 19.0 583.0 0.15514184397163117
38 34 33 0.0 0.0 486.0 0.0 9619.0 20.0 2075.0 0.11574074074074073
38 34 34 0.0 0.0 1242.0 0.0 13356.0 35.0 14859.0 0.08435259384226064
38 34 35 0.0 0.0 1563.0 0.0 13164.0 49.0 21942.0 0.08375710439724797
38 34 36 0.0 0.0 1263.0 0.0 13223.0 35.0 15937.0 0.08500303582270795
38 34 37 0.0 0.0 1561.0 0.0 13940.0 38.0 18658.0 0.07996801279488204
38 34 38 0.0 0.0 2348.0 0.0 12290.0 46.0 38619.0 0.08411439557798604
38 34 39 0.0 0.0 2165.0 0.0 13073.0 53.0 30532.0 0.08116412545654819
38 34 40 0.0 0.0 2504.0 0.0 12492.0 69.0 39092.0 0.08237232289950576
38 34 41 0.0 0.0 1849.0 0.0 13860.0 38.0 23098.0 0.07906477664200598
38 34 42 0.0 0.0 1776.0 0.0 13765.0 50.0 22602.0 0.07988587731811697
38 34 43 0.0 0.0 1088.0 0.0 13282.0 31.0 11812.0 0.08553797275004581
38 34 44 0.0 0.0 865.0 0.0 12642.0 25.0 5405.0 0.09028763059460854
38 34 45 0.0 0.0 1074.0 0.0 13074.0 43.0 12209.0 0.08676789587852494
38 34 46 0.0 0.0 443.0 0.0 9338.0 25.0 2049.0 0.11892626571525652
38 34 47 0.0 0.0 683.0 0.0 11127.0 28.0 3351.0 0.10143457469931892
38 34 48 0.0 0.0 46.0 0.0 1454.0 9.0 12.0 0.40114613180515757
38 34 49 0.0 0.0 0.0 0.0 11.0 0.0 0.0 0.6961710591745399
38 35 30 0.0 0.0 1.0 0.0 49.0 0.0 0.0 0.6832601268911663
38 35 31 0.0 0.0 99.0 0.0 1962.0 25.0 27.0 0.34696406443618333
38 35 32 0.0 0.0 768.0 0.0 12227.0 31.0 5659.0 0.09343299519487452
38 35 33 0.0 0.0 983.0 0.0 13218.0 32.0 7347.0 0.08643575970858801
38 35 34 0.0 0.0 1685.0 0.0 13448.0 45.0 21953.0 0.08164693532396336
38 35 35 0.0 0.0 2593.0 0.0 10015.0 65.0 56549.0 0.09587071149763747
38 35 36 0.0 0.0 2414.0 0.0 13485.0 59.0 32653.0 0.07822540090517963
38 35 37 0.0 0.0 2532.0 0.0 14285.0 65.0 29652.0 0.07446016381236037
38 35 38 0.0 0.0 3264.0 0.0 12181.0 63.0 49748.0 0.08019705562238642
38 35 39 0.0 0.0 3777.0 0.0 10785.0 64.0 64960.0 0.08449004224502112
38 35 40 0.0 0.0 3854.0 0.0 11750.0 92.0 58681.0 0.07960877971113385
38 35 41 0.0 0.0 3664.0 0.0 11167.0 103.0 62123.0 0.08340283569641367
38 35 42 0.0 0.0 3211.0 0.0 11569.0 82.0 53257.0 0.08348738744111156
38 35 43 0.0 0.0 2459.0 0.0 12823.0 54.0 36805.0 0.08100445524503846
38 35 44 0.0 0.0 1809.0 0.0 13969.0 57.0 21957.0 0.07881995270802837
38 35 45 0.0 0.0 1770.0 0.0 13242.0 34.0 25057.0 0.08222235273389321
38 35 46 0.0 0.0 819.0 0.0 12385.0 28.0 5221.0 0.09213557091148403
38 35 47 0.0 0.0 500.0 0.0 9342.0 24.0 1644.0 0.11833319246048515
38 35 48 0.0 0.0 87.0 0.0 2667.0 9.0 60.0 0.29510961214165254
38 35 49 0.0 0.0 0.0 0.0 28.0 0.0 0.0 0.690335305719921
38 36 30 0.0 0.0 3.0 0.0 144.0 2.0 0.0 0.6526806526806526
38 36 31 0.0 0.0 313.0 0.0 6697.0 21.0 635.0 0.1557112668223779
38 36 32 0.0 0.0 525.0 0.0 9996.0 20.0 2223.0 0.11188364101334611
38 36 33 0.0 0.0 1564.0 0.0 13168.0 43.0 21721.0 0.08367700675392982
38 36 34 0.0 0.0 2216.0 0.0 12669.0 43.0 34832.0 0.08282553392888835
38 36 35 0.0 0.0 2788.0 0.0 13168.0 53.0 38189.0 0.07792496938661916
38 36 36 0.0 0.0 3846.0 0.0 10949.0 69.0 63836.0 0.08340283569641367
38 36 37 0.0 0.0 4356.0 0.0 8955.0 76.0 85942.0 0.09145544813169584
38 36 38 0.0 0.0 5287.0 0.0 9980.0 82.0 82405.0 0.08103727714748783
38 36 39 0.0 0.0 5802.0 0.0 8840.0 73.0 95549.0 0.084008400840084
38 36 40 0.0 0.0 5564.0 0.0 7804.0 72.0 104367.0 0.09105691056910567
38 36 41 0.0 0.0 5430.0 0.0 8300.0 82.0 99640.0 0.08900190718372536
38 36 42 0.0 0.0 4744.0 0.0 10637.0 81.0 73873.0 0.08047364488130136
38 36 43 0.0 0.0 3841.0 0.0 11958.0 81.0 56475.0 0.07866494352980838
38 36 44 0.0 0.0 3172.0 0.0 10955.0 68.0 57699.0 0.08676251859196826
38 36 45 0.0 0.0 1857.0 0.0 13897.0 45.0 23024.0 0.07887768324976055
38 36 46 0.0 0.0 1772.0 0.0 13337.0 53.0 24650.0 0.08190008190008188
38 36 47 0.0 0.0 698.0 0.0 11575.0 26.0 4305.0 0.09813542688910695
38 36 48 0.0 0.0 143.0 0.0 3515.0 15.0 88.0 0.2480510276399716
38 36 49 0.0 0.0 3.0 0.0 129.0 1.0 0.0 0.6569685593618019
38 36 50 0.0 0.0 0.0 0.0 2.0 0.0 0.0 0.6993006993006992
38 37 30 0.0 0.0 6.0 0.0 174.0 1.0 1.0 0.6427915518824608
38 37 31 0.0 0.0 555.0 0.0 10202.0 35.0 2609.0 0.10999371464487744
38 37 32 0.0 0.0 966.0 0.0 13008.0 33.0 7559.0 0.0877302920165434
38 37 33 0.0 0.0 1206.0 0.0 13760.0 38.0 11578.0 0.0825715128280743
38 37 34 0.0 0.0 2764.0 0.0 10427.0 56.0 56601.0 0.09220231822971549
38 37 35 0.0 0.0 3272.0 0.0 12309.0 64.0 49383.0 0.07953641631632768
38 37 36 0.0 0.0 4818.0 0.0 9845.0 84.0 80790.0 0.08399832003359932
38 37 37 0.0 0.0 5944.0 0.0 8005.0 66.0 104334.0 0.08772479478664075
38 37 38 0.0 0.0 6582.0 0.0 6782.0 60.0 119333.0 0.09100364014560582
38 37 39 0.0 0.0 6091.0 0.0 5037.0 57.0 137613.0 0.10660169039823346
38 37 40 0.0 0.0 7584.0 0.0 5812.0 77.0 132448.0 0.09084420219323859
38 37 41 0.0 0.0 6745.0 0.0 5878.0 75.0 128255.0 0.095831336847149
38 37 42 0.0 0.0 6347.0 0.0 7289.0 64.0 112522.0 0.08953696597595291
38 37 43 0.0 0.0 5152.0 0.0 8273.0 79.0 97459.0 0.09063248527222113
38 37 44 0.0 0.0 3882.0 0.0 9988.0 85.0 72357.0 0.0881778673552938
38 37 45 0.0 0.0 3038.0 0.0 11478.0 65.0 52755.0 0.08471499455403605
38 37 46 0.0 0.0 1777.0 0.0 13612.0 53.0 23673.0 0.08059409360428299
38 37 47 0.0 0.0 1112.0 0.0 13026.0 35.0 13732.0 0.08675714197186588
38 37 48 0.0 0.0 352.0 0.0 7537.0 11.0 1053.0 0.14165739148031972
38 37 49 0.0 0.0 187.0 0.0 4312.0 19.0 165.0 0.21594940613913305
38 37 50 0.0 0.0 3.0 0.0 49.0 1.0 0.0 0.68259385665529
38 38 30 0.0 0.0 30.0 0.0 1079.0 7.0 6.0 0.4513217279174725
38 38 31 0.0 0.0 106.0 0.0 2744.0 9.0 56.0 0.28913672036348614
38 38 32 0.0 0.0 679.0 0.0 11342.0 19.0 3508.0 0.09985734664764621
38 38 33 0.0 0.0 1879.0 0.0 13058.0 44.0 27413.0 0.08262024195928001
38 38 34 0.0 0.0 2964.0 0.0 10918.0 65.0 54833.0 0.08818897637795275
38 38 35 0.0 0.0 3940.0 0.0 11575.0 68.0 59593.0 0.079945180447693
38 38 36 0.0 0.0 5532.0 0.0 8958.0 97.0 93974.0 0.08496176720475786
38 38 37 0.0 0.0 6848.0 0.0 6751.0 69.0 120783.0 0.08973208563004742
38 38 38 0.0 1.0 5405.0 1.0 3776.0 43.0 150452.0 0.12517882689556506
38 38 39 0.0 3.0 6739.0 3.0 3592.0 46.0 155260.0 0.11336032388663965
38 38 40 0.0 4.0 7582.0 4.0 4031.0 69.0 151165.0 0.10282776349614395
38 38 41 0.0 2.0 6134.0 1.0 3450.0 44.0 155573.0 0.12071046732195204
38 38 42 0.0 2.0 6004.0 2.0 4641.0 60.0 140840.0 0.11075073174590616
38 38 43 0.0 2.0 5996.0 2.0 6914.0 80.0 115541.0 0.09387782471669012
38 38 44 0.0 0.0 4736.0 1.0 9351.0 68.0 83634.0 0.08690793966105903
38 38 45 0.0 0.0 3547.0 0.0 11103.0 62.0 60240.0 0.08399832003359932
38 38 46 0.0 0.0 1798.0 0.0 14123.0 52.0 22235.0 0.07817298564967334
38 38 47 0.0 0.0 690.0 0.0 11535.0 29.0 4382.0 0.09854297177447735
38 38 48 0.0 0.0 601.0 0.0 10438.0 28.0 2594.0 0.10746085354620816
38 38 49 0.0 0.0 21.0 0.0 607.0 6.0 5.0 0.5351681957186544
38 38 50 0.0 0.0 0.0 0.0 12.0 0.0 0.0 0.6958250497017892
38 39 30 0.0 0.0 1.0 0.0 16.0 0.0 0.0 0.694789081885856
38 39 31 0.0 0.0 28.0 0.0 958.0 7.0 5.0 0.46995636119503187
38 39 32 0.0 0.0 859.0 0.0 12588.0 28.0 6399.0 0.09068532193289285
38 39 33 0.0 0.0 1395.0 0.0 13721.0 46.0 15636.0 0.08178525528683257
38 39 34 0.0 0.0 2802.0 0.0 11593.0 67.0 48579.0 0.08539188777066178
38 39 35 0.0 0.0 4299.0 0.0 9920.0 63.0 76355.0 0.08620689655172413
38 39 36 0.0 0.0 5764.0 0.0 8400.0 74.0 99241.0 0.08651053574738922
38 39 37 1.0 4.0 6497.0 10.0 5566.0 65.0 132454.0 0.09944594402614007
38 39 38 0.0 3.0 7349.0 2.0 4075.0 49.0 151003.0 0.10414342036747748
38 39 39 0.0 5.0 5619.0 7.0 2351.0 36.0 168414.0 0.14019627478469854
38 39 40 0.0 10.0 5431.0 6.0 2105.0 36.0 170716.0 0.14656616415410384
38 39 41 0.0 17.0 7529.0 17.0 3409.0 46.0 157592.0 0.10789980732177262
38 39 42 0.0 6.0 7394.0 10.0 4547.0 47.0 145246.0 0.10026498603451979
38 39 43 0.0 6.0 6922.0 6.0 7115.0 80.0 117216.0 0.08719481813652216
38 39 44 0.0 1.0 4989.0 2.0 7651.0 80.0 103258.0 0.09568069983597594
38 39 45 0.0 0.0 3847.0 0.0 11010.0 75.0 63765.0 0.0830367734282325
38 39 46 0.0 0.0 2050.0 0.0 13320.0 47.0 28693.0 0.0805662657535823
38 39 47 0.0 0.0 919.0 0.0 12900.0 32.0 8795.0 0.08852355358836546
38 39 48 0.0 0.0 682.0 0.0 11307.0 34.0 3795.0 0.10022191996563819
38 39 49 0.0 0.0 280.0 0.0 5729.0 23.0 309.0 0.1751970967338255
38 39 50 0.0 0.0 0.0 0.0 9.0 0.0 0.0 0.6968641114982577
38 39 51 0.0 0.0 0.0 0.0 1.0 0.0 0.0 0.6996501749125437
38 40 30 0.0 0.0 1.0 0.0 34.0 0.0 0.0 0.6879606879606879
38 40 31 0.0 0.0 109.0 0.0 2698.0 14.0 53.0 0.29197080291970795
38 40 32 0.0 0.0 520.0 0.0 10096.0 23.0 2501.0 0.11108466238197254
38 40 33 0.0 0.0 1361.0 0.0 13789.0 41.0 15245.0 0.0816850458019721
38 40 34 0.0 0.0 2569.0 0.0 12963.0 61.0 37860.0 0.0798585363071131
38 40 35 0.0 0.0 4326.0 0.0 8797.0 93.0 86307.0 0.09261709446943635
38 40 36 0.0 0.0 5658.0 0.0 8124.0 74.0 100848.0 0.08869741510390268
38 40 37 0.0 0.0 7246.0 0.0 6679.0 88.0 122155.0 0.08796732642161482
38 40 38 0.0 2.0 7036.0 0.0 3726.0 51.0 153486.0 0.10949475989363365
38 40 39 0.0 12.0 5898.0 5.0 2426.0 33.0 168154.0 0.13539651837524175
38 40 40 0.0 21.0 6372.0 19.0 2379.0 34.0 169335.0 0.12982195845697328
38 40 41 0.0 27.0 6030.0 17.0 2548.0 26.0 166893.0 0.13154185849854363
38 40 42 0.0 18.0 6674.0 11.0 3654.0 49.0 154872.0 0.1133878674981777
38 40 43 0.0 14.0 6837.0 17.0 5900.0 61.0 128679.0 0.09471618970299708
38 40 44 0.0 2.0 5806.0 6.0 9566.0 87.0 88464.0 0.08050603795284646
38 40 45 0.0 1.0 3560.0 1.0 11785.0 74.0 55941.0 0.08071955719557194
38 40 46 0.0 0.0 2463.0 0.0 12606.0 61.0 39120.0 0.08206811653672548
38 40 47 0.0 0.0 1300.0 0.0 13640.0 37.0 14719.0 0.08260074340669064
38 40 48 0.0 0.0 494.0 0.0 9552.0 23.0 1834.0 0.11632737847943497
38 40 49 0.0 0.0 4.0 0.0 357.0 0.0 0.0 0.5932203389830507
38 40 50 0.0 0.0 0.0 0.0 25.0 0.0 0.0 0.6913580246913579
38 41 30 0.0 0.0 3.0 0.0 81.0 2.0 1.0 0.6727534839019701
38 41 31 0.0 0.0 63.0 0.0 1751.0 10.0 24.0 0.3679369250985544
38 41 32 0.0 0.0 624.0 0.0 11109.0 25.0 3693.0 0.10198878123406424
38 41 33 0.0 0.0 1213.0 0.0 13537.0 46.0 12612.0 0.08366200549778892
38 41 34 0.0 0.0 2282.0 0.0 13429.0 67.0 32409.0 0.07910051415334199
38 41 35 0.0 0.0 3817.0 0.0 11179.0 75.0 62567.0 0.08240141259564449
38 41 36 0.0 1.0 5268.0 0.0 9544.0 85.0 86379.0 0.08322929671244278
38 41 37 0.0 0.0 6655.0 0.0 6919.0 70.0 118461.0 0.08990495761623427
38 41 38 0.0 4.0 7595.0 4.0 5024.0 68.0 140979.0 0.09577888759663404
38 41 39 0.0 18.0 6361.0 16.0 2842.0 39.0 162815.0 0.12438916037316747
38 41 40 0.0 24.0 5117.0 17.0 2196.0 30.0 170460.0 0.1495566712958017
38 41 41 0.0 33.0 6424.0 19.0 2791.0 38.0 163578.0 0.12406947890818856
38 41 42 0.0 13.0 6701.0 11.0 3740.0 42.0 152155.0 0.11203585147247118
38 41 43 0.0 5.0 6719.0 14.0 6349.0 75.0 124758.0 0.09286898839137643
38 41 44 0.0 1.0 5432.0 4.0 8905.0 88.0 93857.0 0.08566358685675823
38 41 45 0.0 0.0 3835.0 1.0 10480.0 74.0 68678.0 0.08575278696557637
38 41 46 0.0 0.0 2447.0 0.0 12263.0 49.0 40151.0 0.08377715277362216
38 41 47 0.0 0.0 1067.0 0.0 13320.0 32.0 9379.0 0.0855014046659338
38 41 48 0.0 0.0 628.0 0.0 10507.0 17.0 2614.0 0.1066910531931108
38 41 49 0.0 0.0 31.0 0.0 812.0 10.0 3.0 0.49435028248587565
38 41 50 0.0 0.0 53.0 0.0 934.0 5.0 3.0 0.46948356807511726
38 42 30 0.0 0.0 21.0 0.0 530.0 7.0 1.0 0.5503144654088049
38 42 31 0.0 0.0 86.0 0.0 2062.0 11.0 35.0 0.33840947546531297
38 42 32 0.0 0.0 358.0 0.0 7989.0 27.0 1023.0 0.13568521031207598
38 42 33 0.0 0.0 1108.0 0.0 13503.0 35.0 10988.0 0.08426120975022569
38 42 34 0.0 0.0 2146.0 0.0 12846.0 58.0 33297.0 0.08237716975581053
38 42 35 0.0 0.0 3104.0 0.0 11743.0 74.0 50773.0 0.08307126327656796
38 42 36 0.0 0.0 4600.0 0.0 9453.0 93.0 82083.0 0.08721111318756618
38 42 37 0.0 0.0 6071.0 0.0 8506.0 93.0 99771.0 0.08442889880593413
38 42 38 0.0 5.0 6992.0 6.0 6303.0 73.0 126510.0 0.09142558610331089
38 42 39 0.0 10.0 5590.0 6.0 3625.0 62.0 153781.0 0.12457732692649935
38 42 40 0.0 20.0 5569.0 15.0 3064.0 41.0 158886.0 0.13108614232209737
38 42 41 0.0 9.0 5864.0 14.0 3445.0 46.0 155042.0 0.12353304508956145
38 42 42 0.0 17.0 7417.0 37.0 5683.0 73.0 132964.0 0.09241534094659713
38 42 43 0.0 4.0 6041.0 7.0 6588.0 71.0 119660.0 0.09568069983597594
38 42 44 0.0 2.0 5180.0 3.0 8674.0 74.0 94021.0 0.0880890958283521
38 42 45 0.0 0.0 3799.0 0.0 10814.0 82.0 65450.0 0.08429164910590642
38 42 46 0.0 0.0 2526.0 0.0 12174.0 63.0 42262.0 0.08386748936680044
38 42 47 0.0 0.0 1415.0 0.0 13434.0 38.0 17841.0 0.0830614061109463
38 42 48 0.0 0.0 834.0 0.0 12430.0 30.0 7229.0 0.09171907756813416
38 42 49 0.0 0.0 149.0 0.0 3728.0 19.0 133.0 0.23894862604540018
38 42 50 0.0 0.0 5.0 0.0 95.0 1.0 0.0 0.6669842782277274
38 43 30 0.0 0.0 4.0 0.0 98.0 3.0 0.0 0.6669842782277274
38 43 31 0.0 0.0 31.0 0.0 920.0 9.0 4.0 0.4758667573079537
38 43 32 0.0 0.0 847.0 0.0 12409.0 36.0 6019.0 0.09188763454975057
38 43 33 0.0 0.0 955.0 0.0 13088.0 28.0 8819.0 0.08730901153726224
38 43 34 0.0 0.0 1963.0 0.0 12053.0 58.0 33721.0 0.0873962169923216
38 43 35 0.0 0.0 2439.0 0.0 13562.0 48.0 33829.0 0.07772596047079723
38 43 36 0.0 0.0 3835.0 0.0 10842.0 81.0 64943.0 0.08384739773612025
38 43 37 0.0 2.0 4921.0 4.0 9038.0 83.0 89170.0 0.08770281275449476
38 43 38 0.0 3.0 6343.0 4.0 8212.0 88.0 104284.0 0.08459214501510573
38 43 39 0.0 4.0 5354.0 4.0 4850.0 55.0 135951.0 0.11456628477905073
38 43 40 0.0 11.0 6587.0 19.0 5891.0 61.0 129496.0 0.09645194626248707
38 43 41 0.0 24.0 6666.0 37.0 6853.0 79.0 119867.0 0.08994539029874718
38 43 42 0.0 11.0 6173.0 28.0 7194.0 72.0 113132.0 0.09076175040518637
38 43 43 0.0 1.0 5520.0 5.0 8850.0 84.0 93178.0 0.08544400366188586
38 43 44 0.0 0.0 4246.0 3.0 7929.0 80.0 94482.0 0.09881422924901184
38 43 45 0.0 0.0 3299.0 0.0 11210.0 62.0 56686.0 0.08472524812394092
38 43 46 0.0 0.0 2008.0 0.0 13530.0 39.0 27855.0 0.07978117164349212
38 43 47 0.0 0.0 957.0 0.0 12901.0 30.0 9925.0 0.08828351620633118
38 43 48 0.0 0.0 581.0 0.0 10414.0 29.0 2789.0 0.10789149198520344
38 43 49 0.0 0.0 67.0 0.0 1932.0 13.0 20.0 0.3513174404015056
38 43 50 0.0 0.0 4.0 0.0 103.0 1.0 0.0 0.664767331433998
38 44 30 0.0 0.0 0.0 0.0 23.0 0.0 0.0 0.6920415224913494
38 44 31 0.0 0.0 169.0 0.0 4280.0 21.0 188.0 0.21772939346811818
38 44 32 0.0 0.0 338.0 0.0 6913.0 22.0 631.0 0.15167930660888404
38 44 33 0.0 0.0 662.0 0.0 11139.0 28.0 3391.0 0.1015522994342086
38 44 34 0.0 0.0 1904.0 0.0 12099.0 42.0 33011.0 0.08747813046738315
38 44 35 0.0 0.0 2090.0 0.0 12796.0 59.0 32457.0 0.08294821661334281
38 44 36 0.0 0.0 3126.0 0.0 11194.0 56.0 55634.0 0.0857948277975242
38 44 37 0.0 0.0 3829.0 0.0 9949.0 91.0 72588.0 0.0887648998224702
38 44 38 0.0 1.0 4620.0 3.0 9660.0 74.0 80282.0 0.08599508599508598
38 44 39 0.0 1.0 5243.0 6.0 10083.0 91.0 81984.0 0.0807801050141365
38 44 40 0.0 1.0 4895.0 2.0 7288.0 79.0 105296.0 0.0986262768580486
38 44 41 0.0 1.0 5246.0 5.0 9945.0 88.0 83218.0 0.08139061682460322
38 44 42 0.0 0.0 4541.0 4.0 9437.0 69.0 82408.0 0.08766437069505321
38 44 43 0.0 0.0 4020.0 0.0 11085.0 68.0 65293.0 0.08178525528683257
38 44 44 0.0 0.0 3213.0 4.0 12424.0 69.0 48106.0 0.07934708682838358
38 44 45 0.0 0.0 2528.0 0.0 12319.0 67.0 41080.0 0.08312551953449708
38 44 46 0.0 0.0 1411.0 0.0 13748.0 36.0 16989.0 0.08157557394243095
38 44 47 0.0 0.0 683.0 0.0 11525.0 25.0 3903.0 0.09860543738554725
38 44 48 0.0 0.0 199.0 0.0 4739.0 17.0 213.0 0.2022536839063854
38 44 49 0.0 0.0 105.0 0.0 3102.0 10.0 96.0 0.2694380292532717
38 44 50 0.0 0.0 0.0 0.0 6.0 0.0 0.0 0.6979062811565303
38 45 30 0.0 0.0 0.0 0.0 25.0 0.0 0.0 0.6913580246913579
38 45 31 0.0 0.0 352.0 0.0 7529.0 29.0 928.0 0.14198782961460446
38 45 32 0.0 0.0 229.0 0.0 5001.0 22.0 264.0 0.19422863485016642
38 45 33 0.0 0.0 540.0 0.0 10175.0 20.0 2585.0 0.11021018657010154
38 45 34 0.0 0.0 1089.0 0.0 13681.0 28.0 10034.0 0.08348738744111156
38 45 35 0.0 0.0 1238.0 0.0 13685.0 31.0 13192.0 0.0826934435912581
38 45 36 0.0 0.0 1658.0 0.0 13348.0 45.0 22754.0 0.08235294117647059
38 45 37 0.0 0.0 2373.0 0.0 12835.0 49.0 35920.0 0.08135278052181996
38 45 38 0.0 0.0 2936.0 0.0 11804.0 57.0 48090.0 0.08358707982566123
38 45 39 0.0 0.0 3442.0 0.0 10907.0 71.0 59650.0 0.08575278696557637
38 45 40 0.0 0.0 3266.0 0.0 12535.0 71.0 49028.0 0.07861635220125786
38 45 41 0.0 0.0 3415.0 0.0 10855.0 66.0 60747.0 0.08607968519429414
38 45 42 0.0 0.0 2742.0 0.0 13835.0 73.0 35477.0 0.07548797584384773
38 45 43 0.0 0.0 2359.0 1.0 13672.0 51.0 31804.0 0.07760532150776052
38 45 44 0.0 0.0 1941.0 0.0 13487.0 42.0 27001.0 0.08028904054596546
38 45 45 0.0 0.0 2171.0 0.0 12309.0 39.0 36292.0 0.0848536274925753
38 45 46 0.0 0.0 1012.0 0.0 13261.0 36.0 8678.0 0.08618036318867342
38 45 47 0.0 0.0 340.0 0.0 7552.0 20.0 994.0 0.14175779667881733
38 45 48 0.0 0.0 144.0 0.0 3167.0 19.0 62.0 0.2644003777148252
38 45 49 0.0 0.0 0.0 0.0 37.0 0.0 0.0 0.6872852233676975
38 45 50 0.0 0.0 0.0 0.0 1.0 0.0 0.0 0.6996501749125437
38 46 29 0.0 0.0 0.0 0.0 1.0 0.0 0.0 0.6996501749125437
38 46 30 0.0 0.0 0.0 0.0 20.0 0.0 0.0 0.6930693069306929
38 46 31 0.0 0.0 35.0 0.0 618.0 12.0 0.0 0.5303030303030303
38 46 32 0.0 0.0 180.0 0.0 3801.0 16.0 116.0 0.2346237640355287
38 46 33 0.0 0.0 466.0 0.0 9469.0 24.0 1933.0 0.11746937405604967
38 46 34 0.0 0.0 474.0 0.0 9457.0 31.0 2004.0 0.11760752688172041
38 46 35 0.0 0.0 808.0 0.0 12355.0 25.0 5415.0 0.09233001384950207
38 46 36 0.0 0.0 885.0 0.0 12938.0 38.0 7551.0 0.08856275303643724
38 46 37 0.0 0.0 1510.0 0.0 13575.0 40.0 18669.0 0.08201042704000937
38 46 38 0.0 0.0 2010.0 0.0 12658.0 46.0 31758.0 0.08400336013440536
38 46 39 0.0 0.0 2111.0 0.0 12624.0 39.0 33758.0 0.08364201218783605
38 46 40 0.0 0.0 2080.0 0.0 13474.0 51.0 27742.0 0.07970395673213777
38 46 41 0.0 0.0 2107.0 0.0 12999.0 53.0 31456.0 0.08180915093788348
38 46 42 0.0 0.0 1410.0 0.0 13854.0 31.0 15959.0 0.0810278967473087
38 46 43 0.0 0.0 1182.0 0.0 13545.0 32.0 12326.0 0.08373706561397212
38 46 44 0.0 0.0 1323.0 0.0 13387.0 33.0 15960.0 0.08380724334031725
38 46 45 0.0 0.0 689.0 0.0 11602.0 33.0 4032.0 0.09810104407539764
38 46 46 0.0 0.0 874.0 0.0 12729.0 24.0 6893.0 0.08976085144579084
38 46 47 0.0 0.0 290.0 0.0 6441.0 20.0 599.0 0.16067944450820612
38 46 48 0.0 0.0 40.0 0.0 1223.0 14.0 8.0 0.4310344827586206
38 46 49 0.0 0.0 0.0 0.0 33.0 0.0 0.0 0.6889763779527558
38 47 31 0.0 0.0 0.0 0.0 1.0 0.0 0.0 0.6996501749125437
38 47 32 0.0 0.0 2.0 0.0 81.0 2.0 0.0 0.6727534839019701
38 47 33 0.0 0.0 1.0 0.0 206.0 0.0 0.0 0.6343452650657
38 47 34 0.0 0.0 339.0 0.0 7288.0 23.0 831.0 0.14565126924677485
38 47 35 0.0 0.0 303.0 0.0 6788.0 24.0 602.0 0.15440608801147013
38 47 36 0.0 0.0 735.0 0.0 12036.0 34.0 5575.0 0.09489595336541719
38 47 37 0.0 0.0 764.0 0.0 12014.0 26.0 5456.0 0.09481240688067182
38 47 38 0.0 0.0 917.0 0.0 12949.0 27.0 7625.0 0.0882779494293461
38 47 39 0.0 0.0 1039.0 0.0 13144.0 34.0 9309.0 0.08651588184402421
38 47 40 0.0 0.0 897.0 0.0 12706.0 26.0 7539.0 0.08969759097898512
38 47 41 0.0 0.0 857.0 0.0 12718.0 32.0 6547.0 0.08996272972625625
38 47 42 0.0 0.0 895.0 0.0 12831.0 29.0 7640.0 0.0891095410858634
38 47 43 0.0 0.0 1157.0 0.0 13023.0 24.0 15913.0 0.08645177226133136
38 47 44 0.0 0.0 628.0 0.0 11079.0 19.0 3062.0 0.10216740859665766
38 47 45 0.0 0.0 493.0 0.0 9477.0 21.0 1853.0 0.11705685618729096
38 47 46 0.0 0.0 116.0 0.0 3181.0 12.0 76.0 0.26475037821482594
38 47 47 0.0 0.0 320.0 0.0 6796.0 13.0 612.0 0.15377855887521966
38 47 48 0.0 0.0 275.0 0.0 6654.0 21.0 667.0 0.15703869882220975
38 47 49 0.0 0.0 0.0 0.0 24.0 0.0 1.0 0.6920415224913494
38 48 31 0.0 0.0 0.0 0.0 2.0 0.0 0.0 0.6993006993006992
38 48 32 0.0 0.0 0.0 0.0 8.0 0.0 0.0 0.697211155378486
38 48 33 0.0 0.0 0.0 0.0 14.0 0.0 0.0 0.6951340615690167
38 48 34 0.0 0.0 5.0 0.0 165.0 1.0 0.0 0.6454587367450437
38 48 35 0.0 0.0 54.0 0.0 1364.0 22.0 8.0 0.41212834854283187
38 48 36 0.0 0.0 519.0 0.0 10049.0 27.0 2324.0 0.11151824119802452
38 48 37 0.0 0.0 804.0 0.0 12197.0 28.0 7562.0 0.09337068160597571
38 48 38 0.0 0.0 608.0 0.0 10829.0 24.0 3025.0 0.10427528675703857
38 48 39 0.0 0.0 456.0 0.0 9384.0 32.0 1767.0 0.11850347045877771
38 48 40 0.0 0.0 400.0 0.0 8334.0 21.0 1172.0 0.13060919861927417
38 48 41 0.0 0.0 151.0 0.0 3531.0 17.0 105.0 0.2472187886279357
38 48 42 0.0 0.0 349.0 0.0 7498.0 17.0 853.0 0.14236322961155173
38 48 43 0.0 0.0 179.0 0.0 4657.0 16.0 234.0 0.20527859237536653
38 48 44 0.0 0.0 216.0 0.0 4882.0 12.0 253.0 0.19757267852102733
38 48 45 0.0 0.0 48.0 0.0 1158.0 12.0 8.0 0.43832185347526603
38 48 46 0.0 0.0 42.0 0.0 832.0 8.0 1.0 0.4884856943475226
38 48 47 0.0 0.0 2.0 0.0 59.0 1.0 0.0 0.6796116504854368
38 48 48 0.0 0.0 30.0 0.0 651.0 8.0 1.0 0.5237560793116348
38 48 49 0.0 0.0 0.0 0.0 4.0 0.0 0.0 0.6986027944111775
38 49 34 0.0 0.0 0.0 0.0 6.0 0.0 0.0 0.6979062811565303
38 49 35 0.0 0.0 31.0 0.0 907.0 5.0 5.0 0.47732696897374693
38 49 36 0.0 0.0 120.0 0.0 2691.0 17.0 51.0 0.29203170629954106
38 49 37 0.0 0.0 405.0 0.0 8560.0 23.0 1391.0 0.12786555849849301
38 49 38 0.0 0.0 253.0 0.0 5448.0 19.0 345.0 0.1822204867890147
38 49 39 0.0 0.0 247.0 0.0 5261.0 20.0 297.0 0.1869408465749766
38 49 40 0.0 0.0 14.0 0.0 401.0 2.0 2.0 0.5806719203649937
38 49 41 0.0 0.0 29.0 0.0 516.0 6.0 1.0 0.5513981882630956
38 49 42 0.0 0.0 109.0 0.0 2765.0 9.0 58.0 0.2878881348961546
38 49 43 0.0 0.0 100.0 0.0 2296.0 20.0 48.0 0.31970769582096364
38 49 44 0.0 0.0 1.0 0.0 180.0 1.0 1.0 0.6424965580541532
38 49 45 0.0 0.0 0.0 0.0 13.0 0.0 0.0 0.695479384003974
38 49 46 0.0 0.0 0.0 0.0 7.0 0.0 0.0 0.6975585450921773
38 49 47 0.0 0.0 6.0 0.0 127.0 3.0 0.0 0.6572769953051641
38 50 35 0.0 0.0 1.0 0.0 45.0 0.0 0.0 0.6842619745845552
38 50 36 0.0 0.0 0.0 0.0 77.0 0.0 1.0 0.6743737957610789
38 50 37 0.0 0.0 13.0 0.0 425.0 4.0 0.0 0.5751848808545603
38 50 38 0.0 0.0 87.0 0.0 2537.0 14.0 64.0 0.30362177401865104
38 50 39 0.0 0.0 6.0 0.0 127.0 5.0 0.0 0.6578947368421051
38 50 40 0.0 0.0 0.0 0.0 14.0 1.0 0.0 0.695479384003974
38 50 41 0.0 0.0 0.0 0.0 3.0 0.0 0.0 0.6989515726410384
38 50 42 0.0 0.0 0.0 0.0 1.0 0.0 0.0 0.6996501749125437
38 50 43 0.0 0.0 0.0 0.0 4.0 0.0 0.0 0.6986027944111775
38 50 44 0.0 0.0 0.0 0.0 3.0 0.0 0.0 0.6989515726410384
38 50 45 0.0 0.0 0.0 0.0 1.0 0.0 0.0 0.6996501749125437
38 51 37 0.0 0.0 0.0 0.0 2.0 0.0 0.0 0.6993006993006992
38 51 38 0.0 0.0 0.0 0.0 1.0 0.0 0.0 0.6996501749125437
38 51 39 0.0 0.0 0.0 0.0 1.0 0.0 0.0 0.6996501749125437
39 29 40 0.0 0.0 0.0 0.0 1.0 0.0 0.0 0.6996501749125437
39 29 41 0.0 0.0 0.0 0.0 5.0 0.0 0.0 0.6982543640897755
39 29 42 0.0 0.0 0.0 0.0 1.0 0.0 0.0 0.6996501749125437
39 30 34 0.0 0.0 0.0 0.0 1.0 0.0 0.0 0.6996501749125437
39 30 36 0.0 0.0 0.0 0.0 1.0 0.0 0.0 0.6996501749125437
39 30 37 0.0 0.0 0.0 0.0 11.0 0.0 0.0 0.6961710591745399
39 30 38 0.0 0.0 2.0 0.0 91.0 0.0 0.0 0.668896321070234
39 30 39 0.0 0.0 8.0 0.0 218.0 2.0 0.0 0.6294964028776977
39 30 40 0.0 0.0 3.0 0.0 160.0 1.0 0.0 0.6475485661424606
39 30 41 0.0 0.0 38.0 0.0 762.0 5.0 0.0 0.5008944543828264
39 30 42 0.0 0.0 5.0 0.0 138.0 3.0 0.0 0.6542056074766354
39 30 43 0.0 0.0 0.0 0.0 7.0 0.0 0.0 0.6975585450921773
39 31 32 0.0 0.0 0.0 0.0 1.0 0.0 0.0 0.6996501749125437
39 31 33 0.0 0.0 0.0 0.0 2.0 0.0 0.0 0.6993006993006992
39 31 34 0.0 0.0 0.0 0.0 23.0 0.0 0.0 0.6923837784371908
39 31 35 0.0 0.0 1.0 0.0 63.0 0.0 0.0 0.6782945736434108
39 31 36 0.0 0.0 69.0 0.0 1271.0 15.0 2.0 0.4209260372820204
39 31 37 0.0 0.0 46.0 0.0 901.0 10.0 6.0 0.47651463580667114
39 31 38 0.0 0.0 284.0 0.0 6314.0 24.0 520.0 0.1632272356301737
39 31 39 0.0 0.0 187.0 0.0 4353.0 21.0 176.0 0.21478981282602022
39 31 40 0.0 0.0 134.0 0.0 3269.0 13.0 99.0 0.25983667409057165
39 31 41 0.0 0.0 417.0 0.0 8796.0 24.0 1595.0 0.12503349111369114
39 31 42 0.0 0.0 171.0 0.0 3991.0 18.0 128.0 0.22775337563038878
39 31 43 0.0 0.0 13.0 0.0 403.0 4.0 3.0 0.5806719203649937
39 31 44 0.0 0.0 0.0 0.0 15.0 0.0 0.0 0.694789081885856
39 31 45 0.0 0.0 0.0 0.0 4.0 0.0 0.0 0.6986027944111775
39 31 46 0.0 0.0 0.0 0.0 3.0 0.0 0.0 0.6989515726410384
39 31 47 0.0 0.0 0.0 0.0 1.0 0.0 0.0 0.6996501749125437
39 32 31 0.0 0.0 1.0 0.0 13.0 0.0 0.0 0.6951340615690167
39 32 32 0.0 0.0 3.0 0.0 162.0 0.0 0.0 0.6469500924214416
39 32 33 0.0 0.0 26.0 0.0 721.0 8.0 2.0 0.511135450894487
39 32 34 0.0 0.0 33.0 0.0 1049.0 8.0 7.0 0.4554326610279765
39 32 35 0.0 0.0 118.0 0.0 2881.0 18.0 62.0 0.28112449799196787
39 32 36 0.0 0.0 216.0 0.0 5343.0 12.0 354.0 0.1853322742917659
39 32 37 0.0 0.0 276.0 0.0 6474.0 16.0 588.0 0.16023806798672308
39 32 38 0.0 0.0 414.0 0.0 8611.0 27.0 1328.0 0.12719178704460796
39 32 39 0.0 0.0 684.0 0.0 11250.0 29.0 3544.0 0.10054582016661877
39 32 40 0.0 0.0 774.0 0.0 12039.0 27.0 6048.0 0.09454987505909365
39 32 41 0.0 0.0 456.0 0.0 9508.0 23.0 2071.0 0.11707643418631877
39 32 42 0.0 0.0 502.0 0.0 9572.0 25.0 1989.0 0.11607661056297155
39 32 43 0.0 0.0 378.0 0.0 8398.0 25.0 1284.0 0.13018411753766038
39 32 44 0.0 0.0 60.0 0.0 1525.0 12.0 12.0 0.3918275958578225
39 32 45 0.0 0.0 6.0 0.0 249.0 2.0 1.0 0.6216696269982237
39 32 46 0.0 0.0 96.0 0.0 2501.0 13.0 42.0 0.3054767619463233
39 32 47 0.0 0.0 6.0 0.0 92.0 0.0 0.0 0.6676204101096804
39 32 48 0.0 0.0 20.0 0.0 419.0 6.0 1.0 0.5754212905877516
39 33 30 0.0 0.0 0.0 0.0 7.0 0.0 0.0 0.6975585450921773
39 33 31 0.0 0.0 8.0 0.0 116.0 2.0 0.0 0.6597549481621111
39 33 32 0.0 0.0 218.0 0.0 4921.0 20.0 228.0 0.19654639898918994
39 33 33 0.0 0.0 411.0 0.0 8963.0 15.0 1803.0 0.1231527093596059
39 33 34 0.0 0.0 276.0 0.0 6621.0 18.0 498.0 0.1576399054160567
39 33 35 0.0 0.0 693.0 0.0 11691.0 19.0 4140.0 0.09733036707452723
39 33 36 0.0 0.0 833.0 0.0 12536.0 26.0 6769.0 0.09112803488901906
39 33 37 0.0 0.0 932.0 0.0 12876.0 31.0 8226.0 0.08864125617323033
39 33 38 0.0 0.0 940.0 0.0 13096.0 32.0 8383.0 0.08735804317983276
39 33 39 0.0 0.0 1258.0 0.0 13626.0 40.0 13250.0 0.08297279677591417
39 33 40 0.0 0.0 1071.0 0.0 13492.0 28.0 9044.0 0.08454106280193237
39 33 41 0.0 0.0 1431.0 0.0 13530.0 33.0 18400.0 0.08248394508925941
39 33 42 0.0 0.0 1092.0 0.0 13362.0 30.0 11667.0 0.08505467800729039
39 33 43 0.0 0.0 975.0 0.0 12909.0 41.0 10000.0 0.08822788001008318
39 33 44 0.0 0.0 319.0 0.0 7725.0 16.0 1067.0 0.13949780789159025
39 33 45 0.0 0.0 428.0 0.0 8824.0 22.0 1575.0 0.12454407970821099
39 33 46 0.0 0.0 115.0 0.0 2662.0 15.0 46.0 0.2939941201175976
39 33 47 0.0 0.0 141.0 0.0 3153.0 14.0 74.0 0.2651013065707252
39 33 48 0.0 0.0 41.0 0.0 1281.0 6.0 8.0 0.4223227752639517
39 33 49 0.0 0.0 0.0 0.0 4.0 0.0 0.0 0.6986027944111775
39 34 30 0.0 0.0 0.0 0.0 10.0 0.0 0.0 0.6965174129353233
39 34 31 0.0 0.0 14.0 0.0 552.0 5.0 3.0 0.5468749999999999
39 34 32 0.0 0.0 252.0 0.0 5682.0 20.0 373.0 0.17678999873721427
39 34 33 0.0 0.0 512.0 0.0 9923.0 24.0 2138.0 0.112748651042925
39 34 34 0.0 0.0 1186.0 0.0 13364.0 30.0 13215.0 0.0846279393096778
39 34 35 0.0 0.0 1333.0 0.0 13488.0 37.0 16441.0 0.08317490494296577
39 34 36 0.0 0.0 1691.0 0.0 13525.0 44.0 22645.0 0.0812960919807212
39 34 37 0.0 0.0 1778.0 0.0 13068.0 42.0 26893.0 0.0830614061109463
39 34 38 0.0 0.0 2111.0 0.0 13987.0 52.0 27187.0 0.07735661399049618
39 34 39 0.0 0.0 2182.0 0.0 13925.0 48.0 27358.0 0.07731816424587176
39 34 40 0.0 0.0 2576.0 0.0 12850.0 59.0 37825.0 0.08032128514056223
39 34 41 0.0 0.0 2241.0 0.0 12894.0 59.0 34131.0 0.08177092459552596
39 34 42 0.0 0.0 1819.0 0.0 13408.0 62.0 25176.0 0.0813575081357508
39 34 43 0.0 0.0 1605.0 0.0 13589.0 29.0 21444.0 0.08140954817700762
39 34 44 0.0 0.0 1172.0 0.0 13688.0 40.0 12410.0 0.0830515512843329
39 34 45 0.0 0.0 1012.0 0.0 13134.0 42.0 10269.0 0.08680555555555555
39 34 46 0.0 0.0 548.0 0.0 10327.0 28.0 2848.0 0.10889856876166769
39 34 47 0.0 0.0 286.0 0.0 6360.0 14.0 525.0 0.162037037037037
39 34 48 0.0 0.0 72.0 0.0 1811.0 8.0 24.0 0.36129032258064514
39 34 49 0.0 0.0 1.0 0.0 28.0 0.0 0.0 0.6899950714637751
39 34 50 0.0 0.0 5.0 0.0 138.0 1.0 0.0 0.65359477124183
39 35 30 0.0 0.0 0.0 0.0 15.0 0.0 0.0 0.694789081885856
39 35 31 0.0 0.0 32.0 0.0 863.0 7.0 5.0 0.48510048510048503
39 35 32 0.0 0.0 396.0 0.0 7952.0 25.0 956.0 0.13552758954501448
39 35 33 0.0 0.0 1029.0 0.0 13128.0 38.0 10884.0 0.0866658412777021
39 35 34 0.0 0.0 1620.0 0.0 14095.0 45.0 19588.0 0.07899785577248616
39 35 35 0.0 0.0 2246.0 0.0 13710.0 50.0 30392.0 0.07798573975044562
39 35 36 0.0 0.0 2944.0 0.0 13147.0 72.0 42011.0 0.07739938080495355
39 35 37 0.0 0.0 3236.0 0.0 12176.0 65.0 50339.0 0.08033511218224593
39 35 38 0.0 0.0 3651.0 0.0 12237.0 75.0 53008.0 0.07825163490022916
39 35 39 0.0 0.0 3999.0 0.0 10625.0 94.0 68268.0 0.08432718949524153
39 35 40 0.0 0.0 4283.0 0.0 11570.0 76.0 63085.0 0.07849293563579277
39 35 41 0.0 0.0 3953.0 0.0 10311.0 59.0 70609.0 0.08606381016782443
39 35 42 0.0 0.0 3166.0 0.0 11879.0 73.0 50080.0 0.08220304151253595
39 35 43 0.0 0.0 2196.0 0.0 13980.0 53.0 27884.0 0.07705432329792503
39 35 44 0.0 0.0 2170.0 0.0 12865.0 54.0 31840.0 0.08225616921269095
39 35 45 0.0 0.0 1274.0 0.0 13816.0 33.0 13728.0 0.08186655751125664
39 35 46 0.0 0.0 1355.0 0.0 13127.0 37.0 18877.0 0.0849772382397572
39 35 47 0.0 0.0 853.0 0.0 12468.0 32.0 6445.0 0.09145544813169584
39 35 48 0.0 0.0 173.0 0.0 3955.0 15.0 156.0 0.22894521668029433
39 35 49 0.0 0.0 13.0 0.0 458.0 4.0 0.0 0.56772100567721
39 35 50 0.0 0.0 0.0 0.0 3.0 0.0 0.0 0.6989515726410384
39 36 30 0.0 0.0 0.0 0.0 59.0 0.0 0.0 0.6799417192812044
39 36 31 0.0 0.0 94.0 0.0 2263.0 8.0 29.0 0.32183908045977005
39 36 32 0.0 0.0 604.0 0.0 10799.0 26.0 3318.0 0.10451661067562523
39 36 33 0.0 0.0 1066.0 0.0 13389.0 49.0 10291.0 0.08514779223938693
39 36 34 0.0 0.0 1867.0 0.0 13964.0 44.0 23418.0 0.0784885350675562
39 36 35 0.0 0.0 3267.0 0.0 10975.0 72.0 58893.0 0.08624407072013798
39 36 36 0.0 0.0 4203.0 0.0 9362.0 73.0 81421.0 0.08985879332477534
39 36 37 0.0 0.0 4979.0 0.0 9718.0 85.0 82996.0 0.08389261744966442
39 36 38 0.0 0.0 5446.0 0.0 8378.0 81.0 98406.0 0.08848998166993235
39 36 39 0.0 0.0 6124.0 0.0 8487.0 78.0 101642.0 0.08425613866153105
39 36 40 0.0 1.0 5710.0 0.0 6806.0 73.0 116044.0 0.09636563876651981
39 36 41 0.0 0.0 5639.0 0.0 8090.0 79.0 101210.0 0.08895666539585714
39 36 42 0.0 0.0 5028.0 0.0 9175.0 94.0 87369.0 0.08645711109738775
39 36 43 0.0 0.0 4098.0 0.0 11701.0 64.0 60709.0 0.0785898731334905
39 36 44 0.0 0.0 3297.0 0.0 11120.0 61.0 57545.0 0.08525668351501126
39 36 45 0.0 0.0 2903.0 1.0 11186.0 67.0 52664.0 0.08699975142928162
39 36 46 0.0 0.0 1728.0 0.0 13435.0 49.0 23210.0 0.08161361781508684
39 36 47 0.0 0.0 934.0 0.0 12766.0 29.0 7384.0 0.08918333545674607
39 36 48 0.0 0.0 333.0 0.0 7537.0 25.0 804.0 0.14210312626877789
39 36 49 0.0 0.0 4.0 0.0 152.0 0.0 0.0 0.6493506493506492
39 36 50 0.0 0.0 0.0 0.0 18.0 0.0 0.0 0.6937561942517343
39 37 29 0.0 0.0 0.0 0.0 2.0 0.0 0.0 0.6993006993006992
39 37 30 0.0 0.0 0.0 0.0 61.0 0.0 0.0 0.6792819019893255
39 37 31 0.0 0.0 261.0 0.0 5448.0 28.0 313.0 0.18212566671002992
39 37 32 0.0 0.0 568.0 0.0 10558.0 26.0 3430.0 0.10677242220866381
39 37 33 0.0 0.0 1389.0 0.0 13983.0 39.0 14802.0 0.08070559750965584
39 37 34 0.0 0.0 2624.0 0.0 12902.0 55.0 38318.0 0.0798630918425556
39 37 35 0.0 0.0 4099.0 0.0 9661.0 72.0 78964.0 0.08880431335236282
39 37 36 0.0 0.0 5103.0 0.0 7644.0 71.0 103352.0 0.09493456296195835
39 37 37 0.0 0.0 5862.0 0.0 6314.0 82.0 122197.0 0.0988351570773032
39 37 38 0.0 0.0 6646.0 2.0 5673.0 63.0 131785.0 0.0976698758197293
39 37 39 0.0 0.0 7513.0 0.0 5413.0 68.0 137238.0 0.09373326191751472
39 37 40 0.0 1.0 5893.0 0.0 3918.0 53.0 149637.0 0.11864406779661014
39 37 41 0.0 2.0 5853.0 0.0 4367.0 47.0 145065.0 0.11429504449342802
39 37 42 0.0 1.0 6786.0 1.0 6964.0 86.0 118577.0 0.08897362567524625
39 37 43 0.0 2.0 5078.0 2.0 6722.0 73.0 111871.0 0.10141253169141613
39 37 44 0.0 0.0 4471.0 0.0 9865.0 76.0 78101.0 0.08559026716390536
39 37 45 0.0 0.0 3115.0 0.0 12189.0 68.0 49070.0 0.08092017802439165
39 37 46 0.0 0.0 2126.0 0.0 12980.0 31.0 31455.0 0.08174227827407017
39 37 47 0.0 0.0 1165.0 0.0 13096.0 35.0 14127.0 0.08613264427217915
39 37 48 0.0 0.0 227.0 0.0 5497.0 23.0 336.0 0.18174737115409578
39 37 49 0.0 0.0 31.0 0.0 957.0 7.0 6.0 0.4697986577181207
39 37 50 0.0 0.0 1.0 0.0 33.0 1.0 0.0 0.6886374815543531
39 38 29 0.0 0.0 0.0 0.0 1.0 0.0 0.0 0.6996501749125437
39 38 30 0.0 0.0 38.0 0.0 809.0 11.0 4.0 0.4936530324400563
39 38 31 0.0 0.0 104.0 0.0 2890.0 13.0 69.0 0.28106805862276646
39 38 32 0.0 0.0 644.0 0.0 11288.0 20.0 3823.0 0.10056026432983765
39 38 33 0.0 0.0 1943.0 0.0 13095.0 61.0 27569.0 0.08225133658421949
39 38 34 0.0 0.0 2803.0 0.0 13705.0 56.0 36664.0 0.07562662057044078
39 38 35 0.0 0.0 4415.0 0.0 8709.0 74.0 88582.0 0.09242144177449167
39 38 36 0.0 0.0 5933.0 0.0 6847.0 73.0 116006.0 0.09474824038982133
39 38 37 0.0 0.0 6431.0 0.0 4866.0 64.0 139474.0 0.10527107301300848
39 38 38 0.0 4.0 6830.0 3.0 3686.0 67.0 153801.0 0.11185682326621922
39 38 39 1.0 6.0 7539.0 3.0 3255.0 39.0 159896.0 0.10922992900054614
39 38 40 0.0 8.0 5779.0 13.0 2462.0 32.0 168173.0 0.1362132710644094
39 38 41 0.0 11.0 7736.0 8.0 3711.0 51.0 154350.0 0.10391152675721814
39 38 42 1.0 13.0 6548.0 8.0 4024.0 49.0 149404.0 0.1111728738187882
39 38 43 0.0 2.0 6667.0 3.0 6781.0 73.0 119085.0 0.09060902206976894
39 38 44 0.0 2.0 5072.0 3.0 7686.0 74.0 102235.0 0.094684160692547
39 38 45 0.0 0.0 3412.0 1.0 13043.0 77.0 46563.0 0.07590132827324478
39 38 46 0.0 0.0 2438.0 0.0 12365.0 62.0 38056.0 0.08325899494498959
39 38 47 0.0 0.0 1320.0 0.0 13570.0 43.0 16751.0 0.08293347550500563
39 38 48 0.0 0.0 654.0 0.0 11205.0 26.0 3575.0 0.10105384726432798
39 38 49 0.0 0.0 44.0 0.0 1195.0 9.0 4.0 0.43370508054522916
39 38 50 0.0 0.0 0.0 0.0 23.0 0.0 0.0 0.6920415224913494
39 39 29 0.0 0.0 0.0 0.0 1.0 0.0 0.0 0.6996501749125437
39 39 30 0.0 0.0 0.0 0.0 49.0 0.0 0.0 0.6832601268911663
39 39 31 0.0 0.0 127.0 0.0 3052.0 12.0 84.0 0.2708454246469336
39 39 32 0.0 0.0 569.0 0.0 10193.0 15.0 2176.0 0.10979531017175123
39 39 33 0.0 0.0 1660.0 0.0 13996.0 53.0 19930.0 0.07942361150507743
39 39 34 0.0 0.0 3088.0 0.0 12651.0 65.0 45414.0 0.07887323943661971
39 39 35 0.0 0.0 4916.0 0.0 8530.0 78.0 92428.0 0.09054456085887982
39 39 36 0.0 0.0 5755.0 0.0 5981.0 71.0 125486.0 0.10185522008002909
39 39 37 0.0 3.0 7164.0 2.0 4571.0 57.0 144555.0 0.10180337405468294
39 39 38 0.0 7.0 6563.0 4.0 2696.0 38.0 164401.0 0.12410247318500131
39 39 39 0.0 17.0 5653.0 7.0 1757.0 47.0 174922.0 0.14846235418875925
39 39 40 0.0 16.0 5856.0 10.0 1739.0 24.0 176386.0 0.1455452749766088
39 39 41 0.0 27.0 5267.0 15.0 1735.0 27.0 175553.0 0.15461071231363888
39 39 42 0.0 27.0 7301.0 27.0 3475.0 53.0 156982.0 0.10926402872083038
39 39 43 0.0 12.0 7019.0 17.0 5790.0 75.0 131011.0 0.09428244326217251
39 39 44 0.0 1.0 5887.0 2.0 8607.0 77.0 98332.0 0.08478168715557438
39 39 45 0.0 0.0 4069.0 0.0 11477.0 74.0 62993.0 0.0797902655875983
39 39 46 0.0 0.0 2361.0 0.0 13352.0 48.0 32634.0 0.07902907140841094
39 39 47 0.0 0.0 1250.0 0.0 13239.0 37.0 15621.0 0.08491023774866568
39 39 48 0.0 0.0 436.0 0.0 9540.0 20.0 2290.0 0.1169492941274747
39 39 49 0.0 0.0 179.0 0.0 3884.0 17.0 114.0 0.23159636062861866
39 39 50 0.0 0.0 0.0 0.0 23.0 0.0 0.0 0.6920415224913494
39 40 30 0.0 0.0 0.0 0.0 16.0 0.0 0.0 0.6944444444444444
39 40 31 0.0 0.0 48.0 0.0 1422.0 10.0 12.0 0.4046242774566473
39 40 32 0.0 0.0 689.0 0.0 11439.0 17.0 3845.0 0.0991150442477876
39 40 33 0.0 0.0 1432.0 0.0 13896.0 36.0 15528.0 0.08076612437983154
39 40 34 0.0 0.0 3211.0 0.0 11223.0 54.0 55010.0 0.08520998174071819
39 40 35 0.0 0.0 4881.0 0.0 9673.0 79.0 82353.0 0.0846228239845261
39 40 36 0.0 0.0 6183.0 0.0 6419.0 84.0 121603.0 0.09603512141583206
39 40 37 0.0 1.0 6508.0 1.0 4253.0 56.0 147900.0 0.10963194988253719
39 40 38 0.0 17.0 6578.0 15.0 2724.0 40.0 164966.0 0.12353304508956145
39 40 39 1.0 21.0 5478.0 13.0 1741.0 27.0 176137.0 0.15138408304498266
39 40 40 1.0 34.0 4451.0 17.0 1281.0 20.0 181775.0 0.17974065990499416
39 40 41 0.0 71.0 6217.0 31.0 1944.0 40.0 174219.0 0.13653208503998437
39 40 42 0.0 63.0 8481.0 53.0 3659.0 37.0 155439.0 0.09814230634419907
39 40 43 0.0 28.0 6358.0 32.0 4572.0 55.0 143666.0 0.10778350912310417
39 40 44 0.0 3.0 5521.0 7.0 6886.0 70.0 113085.0 0.09712105445716267
39 40 45 0.0 0.0 4189.0 0.0 11004.0 84.0 66250.0 0.081537565521258
39 40 46 0.0 0.0 2502.0 0.0 12194.0 63.0 41541.0 0.08387251377905583
39 40 47 0.0 0.0 1611.0 0.0 13349.0 41.0 21611.0 0.08251797713073204
39 40 48 0.0 0.0 604.0 0.0 10897.0 22.0 3159.0 0.10372675409350225
39 40 49 0.0 0.0 69.0 0.0 1700.0 16.0 18.0 0.3729355354288758
39 40 50 0.0 0.0 55.0 0.0 1053.0 9.0 4.0 0.451758631816715
39 40 51 0.0 0.0 0.0 0.0 1.0 0.0 0.0 0.6996501749125437
39 41 30 0.0 0.0 7.0 0.0 101.0 2.0 0.0 0.664767331433998
39 41 31 0.0 0.0 240.0 0.0 5025.0 20.0 260.0 0.19318338622878428
39 41 32 0.0 0.0 471.0 0.0 9586.0 35.0 1963.0 0.11635638297872339
39 41 33 0.0 0.0 1477.0 0.0 13328.0 52.0 20247.0 0.08345255126371005
39 41 34 0.0 0.0 2695.0 0.0 13161.0 64.0 37492.0 0.07842258570468294
39 41 35 0.0 0.0 4476.0 0.0 10106.0 76.0 76064.0 0.08445945945945946
39 41 36 0.0 0.0 5850.0 0.0 7679.0 72.0 107452.0 0.09016551812970953
39 41 37 0.0 4.0 6979.0 6.0 5591.0 64.0 132886.0 0.09591011851750358
39 41 38 0.0 9.0 8800.0 4.0 4484.0 61.0 147138.0 0.09156311314584696
39 41 39 0.0 35.0 6420.0 24.0 2292.0 32.0 169839.0 0.12985808366570817
39 41 40 0.0 49.0 5264.0 25.0 1677.0 20.0 176762.0 0.1552967276760954
39 41 41 1.0 60.0 6021.0 59.0 2166.0 31.0 171173.0 0.1358300184340739
39 41 42 0.0 75.0 6638.0 56.0 3241.0 44.0 159380.0 0.1167347619444676
39 41 43 0.0 30.0 5653.0 30.0 4180.0 46.0 145471.0 0.11761740737629167
39 41 44 0.0 10.0 6078.0 17.0 8366.0 101.0 101846.0 0.08491023774866568
39 41 45 0.0 0.0 3905.0 0.0 11850.0 74.0 58940.0 0.07889546351084811
39 41 46 0.0 0.0 2432.0 0.0 12630.0 66.0 37296.0 0.08214516223669541
39 41 47 0.0 0.0 1144.0 0.0 13443.0 37.0 11894.0 0.08445945945945946
39 41 48 0.0 0.0 551.0 0.0 10288.0 21.0 2363.0 0.10910224438902741
39 41 49 0.0 0.0 359.0 0.0 7968.0 11.0 1068.0 0.1356326293354001
39 41 50 0.0 0.0 0.0 0.0 34.0 0.0 0.0 0.6886374815543531
39 42 30 0.0 0.0 2.0 0.0 88.0 1.0 0.0 0.6701771182383915
39 42 31 0.0 0.0 386.0 0.0 8419.0 25.0 1381.0 0.12983399795975145
39 42 32 0.0 0.0 479.0 0.0 9123.0 22.0 1598.0 0.1208042108896367
39 42 33 0.0 0.0 1662.0 0.0 13326.0 50.0 23364.0 0.08243052284503061
39 42 34 0.0 0.0 2365.0 0.0 12728.0 44.0 35973.0 0.0818282775147583
39 42 35 0.0 0.0 3718.0 0.0 10170.0 58.0 69856.0 0.08800050286001633
39 42 36 0.0 0.0 5338.0 0.0 8983.0 79.0 92874.0 0.08563214875527554
39 42 37 0.0 0.0 5335.0 1.0 5301.0 73.0 131794.0 0.1108998732572877
39 42 38 0.0 12.0 7782.0 11.0 5262.0 68.0 137318.0 0.09288747346072185
39 42 39 0.0 45.0 8160.0 33.0 4174.0 57.0 149687.0 0.09712105445716267
39 42 40 0.0 61.0 6800.0 37.0 3123.0 46.0 160972.0 0.11648223645894
39 42 41 0.0 93.0 6144.0 63.0 2965.0 41.0 161364.0 0.1240804750509616
39 42 42 0.0 81.0 7665.0 77.0 5075.0 69.0 139392.0 0.09391561011605286
39 42 43 0.0 15.0 5775.0 18.0 5369.0 53.0 132806.0 0.10617321401486424
39 42 44 0.0 1.0 5158.0 7.0 7511.0 74.0 105239.0 0.09551750017056695
39 42 45 0.0 0.0 3681.0 1.0 12173.0 70.0 53350.0 0.07838306925704047
39 42 46 0.0 0.0 2288.0 0.0 13031.0 48.0 34186.0 0.08081274532440544
39 42 47 0.0 0.0 1100.0 0.0 13469.0 35.0 11397.0 0.08456659619450316
39 42 48 0.0 0.0 399.0 0.0 8241.0 24.0 1155.0 0.1318515728009041
39 42 49 0.0 0.0 109.0 0.0 2680.0 17.0 44.0 0.29337803855825645
39 42 50 0.0 0.0 0.0 0.0 25.0 0.0 0.0 0.6913580246913579
39 43 30 0.0 0.0 7.0 0.0 81.0 1.0 0.0 0.670819357930043
39 43 31 0.0 0.0 132.0 0.0 3377.0 12.0 90.0 0.2546843732945242
39 43 32 0.0 0.0 700.0 0.0 11529.0 31.0 4811.0 0.09846673231115487
39 43 33 0.0 0.0 1611.0 0.0 13173.0 43.0 23374.0 0.08340283569641367
39 43 34 0.0 0.0 1686.0 0.0 14306.0 45.0 19221.0 0.0778426466499861
39 43 35 0.0 0.0 2830.0 0.0 13257.0 67.0 39135.0 0.07743362831858407
39 43 36 0.0 0.0 4452.0 0.0 11054.0 69.0 68515.0 0.07984942679518621
39 43 37 0.0 0.0 4739.0 0.0 6181.0 72.0 117099.0 0.10851871947911014
39 43 38 0.0 2.0 6226.0 3.0 6649.0 70.0 118614.0 0.09404809888485825
39 43 39 0.0 11.0 6289.0 18.0 5263.0 62.0 134494.0 0.10305483989694515
39 43 40 0.0 21.0 7912.0 26.0 6256.0 54.0 128444.0 0.08630255208975464
39 43 41 0.0 30.0 6639.0 39.0 5615.0 71.0 132192.0 0.09775171065493646
39 43 42 0.0 11.0 6554.0 22.0 6911.0 68.0 117226.0 0.09027016571023276
39 43 43 0.0 7.0 5422.0 16.0 7540.0 70.0 105821.0 0.09345170549362525
39 43 44 0.0 2.0 4767.0 2.0 9540.0 68.0 82279.0 0.08566358685675823
39 43 45 0.0 0.0 3350.0 0.0 11604.0 75.0 53496.0 0.0826153664581612
39 43 46 0.0 0.0 1648.0 0.0 13051.0 44.0 24600.0 0.08388256440982624
39 43 47 0.0 0.0 954.0 0.0 13090.0 25.0 7614.0 0.0872437215678943
39 43 48 0.0 0.0 492.0 0.0 9786.0 28.0 2284.0 0.11422044545973728
39 43 49 0.0 0.0 28.0 0.0 758.0 5.0 6.0 0.5034160373966199
39 43 50 0.0 0.0 0.0 0.0 8.0 0.0 0.0 0.697211155378486
39 44 30 0.0 0.0 5.0 0.0 68.0 0.0 0.0 0.6753497346840327
39 44 31 0.0 0.0 55.0 0.0 1296.0 11.0 3.0 0.4194128220491312
39 44 32 0.0 0.0 426.0 0.0 9011.0 27.0 1811.0 0.12254901960784312
39 44 33 0.0 0.0 1069.0 0.0 13378.0 35.0 10743.0 0.08517369349638011
39 44 34 0.0 0.0 1507.0 0.0 14119.0 49.0 16978.0 0.07947771785410161
39 44 35 0.0 0.0 2706.0 0.0 10472.0 61.0 56014.0 0.09230566361178874
39 44 36 0.0 0.0 3293.0 0.0 11717.0 74.0 52783.0 0.08232872684504557
39 44 37 0.0 0.0 4272.0 0.0 9628.0 64.0 80037.0 0.08800050286001633
39 44 38 0.0 2.0 4959.0 2.0 9229.0 69.0 88292.0 0.08634513383495744
39 44 39 0.0 0.0 5355.0 0.0 8704.0 72.0 94830.0 0.08720024914356897
39 44 40 0.0 0.0 5357.0 2.0 8491.0 80.0 95958.0 0.0883894185238967
39 44 41 0.0 4.0 5446.0 12.0 9061.0 75.0 91783.0 0.08476115517345764
39 44 42 0.0 1.0 4988.0 1.0 9332.0 73.0 86398.0 0.08570029382957883
39 44 43 0.0 1.0 4422.0 1.0 9554.0 81.0 81168.0 0.08766986035443672
39 44 44 0.0 1.0 3531.0 3.0 11816.0 71.0 55899.0 0.08064051609930303
39 44 45 0.0 0.0 2423.0 0.0 13448.0 54.0 32488.0 0.07833482542524618
39 44 46 0.0 0.0 1621.0 0.0 13579.0 40.0 20922.0 0.0813953488372093
39 44 47 0.0 0.0 690.0 0.0 11432.0 31.0 3729.0 0.09925558312655085
39 44 48 0.0 0.0 261.0 0.0 5646.0 31.0 366.0 0.17766497461928932
39 44 49 0.0 0.0 3.0 0.0 182.0 3.0 0.0 0.6416131989000916
39 44 50 0.0 0.0 0.0 0.0 7.0 0.0 0.0 0.6975585450921773
39 45 30 0.0 0.0 0.0 0.0 19.0 0.0 0.0 0.6934125804853887
39 45 31 0.0 0.0 1.0 0.0 186.0 1.0 0.0 0.6407322654462241
39 45 32 0.0 0.0 326.0 0.0 7199.0 18.0 810.0 0.14710518020384575
39 45 33 0.0 0.0 722.0 0.0 11666.0 30.0 3996.0 0.09741163373225716
39 45 34 0.0 0.0 1421.0 0.0 13425.0 44.0 17379.0 0.083184789067142
39 45 35 0.0 0.0 1643.0 0.0 13021.0 44.0 24152.0 0.08398320335932813
39 45 36 0.0 0.0 2071.0 0.0 13323.0 44.0 29486.0 0.08047827086686593
39 45 37 0.0 0.0 2622.0 0.0 12819.0 66.0 39076.0 0.08033511218224593
39 45 38 0.0 0.0 3199.0 0.0 12091.0 64.0 49274.0 0.0809950824414232
39 45 39 0.0 0.0 3601.0 0.0 12135.0 66.0 53882.0 0.07893994925288976
39 45 40 0.0 0.0 3595.0 0.0 11443.0 67.0 57334.0 0.08213552361396302
39 45 41 0.0 0.0 3443.0 0.0 11328.0 80.0 57670.0 0.08339289969025493
39 45 42 0.0 0.0 3351.0 0.0 11823.0 65.0 53542.0 0.08140954817700762
39 45 43 0.0 0.0 2734.0 0.0 12836.0 62.0 40589.0 0.07965860597439543
39 45 44 0.0 0.0 2411.0 0.0 12131.0 38.0 39503.0 0.0845359579735523
39 45 45 0.0 0.0 1548.0 0.0 14107.0 42.0 17110.0 0.07921688451309906
39 45 46 0.0 0.0 920.0 0.0 12864.0 35.0 7520.0 0.0887648998224702
39 45 47 0.0 0.0 677.0 0.0 11257.0 31.0 3484.0 0.10058916510992959
39 45 48 0.0 0.0 58.0 0.0 1660.0 10.0 15.0 0.37756202804746486
39 45 49 0.0 0.0 0.0 0.0 64.0 0.0 0.0 0.6786233640329616
39 45 50 0.0 0.0 0.0 0.0 2.0 0.0 0.0 0.6993006993006992
39 46 30 0.0 0.0 0.0 0.0 9.0 0.0 0.0 0.6968641114982577
39 46 31 0.0 0.0 11.0 0.0 337.0 2.0 1.0 0.5967604433077578
39 46 32 0.0 0.0 92.0 0.0 1919.0 15.0 21.0 0.3503503503503503
39 46 33 0.0 0.0 492.0 0.0 9660.0 31.0 2006.0 0.11537827591890554
39 46 34 0.0 0.0 624.0 0.0 11179.0 29.0 3718.0 0.10157440325038089
39 46 35 0.0 0.0 733.0 0.0 11779.0 24.0 4406.0 0.09651844191658047
39 46 36 0.0 0.0 957.0 0.0 12810.0 45.0 9344.0 0.08889453298622134
39 46 37 0.0 0.0 1297.0 0.0 13853.0 42.0 14125.0 0.08173273395995095
39 46 38 0.0 0.0 1910.0 0.0 13118.0 48.0 27875.0 0.08225616921269095
39 46 39 0.0 0.0 1872.0 0.0 13727.0 46.0 24504.0 0.07951834601840281
39 46 40 0.0 0.0 2032.0 0.0 13452.0 52.0 29060.0 0.08013737836290782
39 46 41 0.0 0.0 1850.0 0.0 14241.0 47.0 22376.0 0.07742934572202864
39 46 42 0.0 0.0 2208.0 0.0 12089.0 54.0 38118.0 0.08594757198109153
39 46 43 0.0 0.0 1494.0 0.0 13523.0 38.0 19674.0 0.08228517691313035
39 46 44 0.0 0.0 1195.0 0.0 13351.0 43.0 13935.0 0.08469961885171516
39 46 45 0.0 0.0 963.0 0.0 13043.0 50.0 8218.0 0.0876533934385174
39 46 46 0.0 0.0 700.0 0.0 11563.0 24.0 4316.0 0.09821115398105927
39 46 47 0.0 0.0 942.0 0.0 12664.0 35.0 9057.0 0.08974934290659656
39 46 48 0.0 0.0 194.0 0.0 4266.0 20.0 126.0 0.21749262078608042
39 46 49 0.0 0.0 0.0 0.0 85.0 0.0 0.0 0.6714628297362109
39 46 50 0.0 0.0 0.0 0.0 2.0 0.0 0.0 0.6993006993006992
39 47 31 0.0 0.0 0.0 0.0 15.0 0.0 0.0 0.694789081885856
39 47 32 0.0 0.0 233.0 0.0 4491.0 18.0 160.0 0.208706022659511
39 47 33 0.0 0.0 59.0 0.0 1637.0 14.0 22.0 0.3801248981808308
39 47 34 0.0 0.0 182.0 0.0 4148.0 24.0 173.0 0.22208121827411162
39 47 35 0.0 0.0 393.0 0.0 8250.0 23.0 1165.0 0.13176470588235292
39 47 36 0.0 0.0 825.0 0.0 12290.0 28.0 7252.0 0.09267227113258754
39 47 37 0.0 0.0 1474.0 0.0 12472.0 48.0 23472.0 0.08783487044356608
39 47 38 0.0 0.0 1100.0 0.0 13358.0 34.0 11312.0 0.08509086488786238
39 47 39 0.0 0.0 818.0 0.0 12622.0 18.0 6275.0 0.09063835297164313
39 47 40 0.0 0.0 816.0 0.0 12242.0 34.0 6709.0 0.09308510638297872
39 47 41 0.0 0.0 743.0 0.0 11911.0 23.0 4236.0 0.09559576647319903
39 47 42 0.0 0.0 803.0 0.0 12455.0 28.0 6519.0 0.09179725919611827
39 47 43 0.0 0.0 680.0 0.0 11771.0 27.0 5143.0 0.0969797727902466
39 47 44 0.0 0.0 828.0 0.0 12326.0 23.0 5298.0 0.09234828496042215
39 47 45 0.0 0.0 596.0 0.0 10853.0 28.0 3427.0 0.10425199195770347
39 47 46 0.0 0.0 183.0 0.0 3880.0 13.0 124.0 0.23129026928795637
39 47 47 0.0 0.0 377.0 0.0 7883.0 20.0 1137.0 0.13661202185792345
39 47 48 0.0 0.0 146.0 0.0 3680.0 15.0 104.0 0.24075666380051589
39 47 49 0.0 0.0 10.0 0.0 187.0 3.0 0.0 0.6381039197812214
39 48 31 0.0 0.0 0.0 0.0 2.0 0.0 0.0 0.6993006993006992
39 48 32 0.0 0.0 0.0 0.0 18.0 0.0 0.0 0.6937561942517343
39 48 33 0.0 0.0 43.0 0.0 755.0 7.0 2.0 0.5016123253314223
39 48 34 0.0 0.0 6.0 0.0 214.0 1.0 0.0 0.6309148264984226
39 48 35 0.0 0.0 193.0 0.0 4761.0 14.0 247.0 0.20158387329013674
39 48 36 0.0 0.0 484.0 0.0 9490.0 28.0 2034.0 0.11709601873536299
39 48 37 0.0 0.0 1094.0 0.0 13023.0 28.0 12227.0 0.08680555555555555
39 48 38 0.0 0.0 978.0 0.0 12828.0 40.0 8561.0 0.08864686886595327
39 48 39 0.0 0.0 522.0 0.0 10035.0 21.0 2153.0 0.11164274322169059
39 48 40 0.0 0.0 340.0 0.0 6726.0 18.0 604.0 0.1545765706083692
39 48 41 0.0 0.0 302.0 0.0 6489.0 21.0 562.0 0.15948963317384365
39 48 42 0.0 0.0 528.0 0.0 10026.0 29.0 2383.0 0.11169618637306525
39 48 43 0.0 0.0 529.0 0.0 10124.0 19.0 2503.0 0.11068943706514864
39 48 44 0.0 0.0 175.0 0.0 4217.0 15.0 162.0 0.2195389681668496
39 48 45 0.0 0.0 326.0 0.0 6750.0 31.0 577.0 0.15471322798099235
39 48 46 0.0 0.0 114.0 0.0 1969.0 16.0 17.0 0.34423407917383814
39 48 47 0.0 0.0 3.0 0.0 133.0 0.0 0.0 0.6554307116104868
39 48 48 0.0 0.0 33.0 0.0 634.0 7.0 1.0 0.5265137269650243
39 48 49 0.0 0.0 0.0 0.0 13.0 0.0 0.0 0.695479384003974
39 49 34 0.0 0.0 0.0 0.0 8.0 0.0 0.0 0.697211155378486
39 49 35 0.0 0.0 85.0 0.0 1740.0 9.0 21.0 0.3668763102725366
39 49 36 0.0 0.0 488.0 0.0 9434.0 27.0 1926.0 0.11755814929884958
39 49 37 0.0 0.0 127.0 0.0 3514.0 15.0 97.0 0.2488446498400284
39 49 38 0.0 0.0 297.0 0.0 6585.0 21.0 604.0 0.15794223826714798
39 49 39 0.0 0.0 93.0 0.0 2077.0 17.0 19.0 0.33710570671803514
39 49 40 0.0 0.0 6.0 0.0 216.0 2.0 0.0 0.6306306306306305
39 49 41 0.0 0.0 3.0 0.0 161.0 2.0 0.0 0.6478482184173993
39 49 42 0.0 0.0 10.0 0.0 324.0 2.0 0.0 0.6006006006006005
39 49 43 0.0 0.0 19.0 0.0 470.0 8.0 1.0 0.564516129032258
39 49 44 0.0 0.0 41.0 0.0 1046.0 8.0 4.0 0.4546930821695355
39 49 45 0.0 0.0 0.0 0.0 23.0 0.0 0.0 0.6920415224913494
39 49 46 0.0 0.0 0.0 0.0 14.0 0.0 0.0 0.6951340615690167
39 49 47 0.0 0.0 0.0 0.0 2.0 0.0 0.0 0.6993006993006992
39 49 48 0.0 0.0 0.0 0.0 1.0 0.0 0.0 0.6996501749125437
39 50 34 0.0 0.0 0.0 0.0 2.0 0.0 0.0 0.6993006993006992
39 50 35 0.0 0.0 4.0 0.0 55.0 1.0 0.0 0.6806028196402526
39 50 36 0.0 0.0 1.0 0.0 90.0 3.0 0.0 0.6704980842911876
39 50 37 0.0 0.0 13.0 0.0 419.0 6.0 0.0 0.5770816158285242
39 50 38 0.0 0.0 61.0 0.0 1300.0 11.0 7.0 0.41791044776119396
39 50 39 0.0 0.0 1.0 0.0 57.0 1.0 0.0 0.6806028196402526
39 50 40 0.0 0.0 3.0 0.0 74.0 1.0 0.0 0.6743737957610789
39 50 41 0.0 0.0 0.0 0.0 1.0 0.0 0.0 0.6996501749125437
39 50 42 0.0 0.0 0.0 0.0 2.0 0.0 0.0 0.6993006993006992
39 50 43 0.0 0.0 0.0 0.0 2.0 0.0 0.0 0.6993006993006992
39 50 44 0.0 0.0 0.0 0.0 2.0 0.0 0.0 0.6993006993006992
39 51 37 0.0 0.0 0.0 0.0 7.0 0.0 0.0 0.6975585450921773
39 51 38 0.0 0.0 0.0 0.0 1.0 0.0 0.0 0.6996501749125437
39 51 39 0.0 0.0 0.0 0.0 3.0 0.0 0.0 0.6993006993006992
40 29 40 0.0 0.0 0.0 0.0 1.0 0.0 0.0 0.6996501749125437
40 30 36 0.0 0.0 0.0 0.0 4.0 0.0 0.0 0.6986027944111775
40 30 37 0.0 0.0 0.0 0.0 23.0 1.0 0.0 0.6923837784371908
40 30 38 0.0 0.0 15.0 0.0 265.0 2.0 0.0 0.6145741878841088
40 30 39 0.0 0.0 1.0 0.0 71.0 1.0 0.0 0.6760019314340897
40 30 40 0.0 0.0 125.0 0.0 2843.0 10.0 77.0 0.282428888440589
40 30 41 0.0 0.0 31.0 0.0 675.0 8.0 0.0 0.5190952910641453
40 30 42 0.0 0.0 60.0 0.0 1308.0 5.0 7.0 0.4164187983343247
40 30 43 0.0 0.0 0.0 0.0 13.0 0.0 0.0 0.695479384003974
40 31 33 0.0 0.0 0.0 0.0 5.0 0.0 0.0 0.6982543640897755
40 31 34 0.0 0.0 0.0 0.0 2.0 0.0 0.0 0.6993006993006992
40 31 35 0.0 0.0 0.0 0.0 31.0 0.0 0.0 0.689655172413793
40 31 36 0.0 0.0 18.0 0.0 619.0 5.0 0.0 0.5319148936170213
40 31 37 0.0 0.0 102.0 0.0 2270.0 13.0 30.0 0.3212482790270766
40 31 38 0.0 0.0 125.0 0.0 3045.0 17.0 50.0 0.27163368257663945
40 31 39 0.0 0.0 472.0 0.0 9167.0 17.0 1760.0 0.12036798211675692
40 31 40 0.0 0.0 225.0 0.0 5266.0 28.0 314.0 0.18754186202277293
40 31 41 0.0 0.0 248.0 0.0 5622.0 14.0 350.0 0.1781850579101438
40 31 42 0.0 0.0 211.0 0.0 4796.0 25.0 241.0 0.20048689674924813
40 31 43 0.0 0.0 5.0 0.0 136.0 1.0 0.0 0.6542056074766354
40 31 44 0.0 0.0 3.0 0.0 74.0 1.0 0.0 0.6743737957610789
40 31 45 0.0 0.0 1.0 0.0 5.0 0.0 0.0 0.6979062811565303
40 31 46 0.0 0.0 1.0 0.0 1.0 0.0 0.0 0.6993006993006992
40 32 31 0.0 0.0 0.0 0.0 2.0 0.0 0.0 0.6993006993006992
40 32 32 0.0 0.0 52.0 0.0 1019.0 14.0 5.0 0.4579653254824991
40 32 33 0.0 0.0 31.0 0.0 1050.0 7.0 7.0 0.4554326610279765
40 32 34 0.0 0.0 109.0 0.0 2510.0 13.0 40.0 0.303951367781155
40 32 35 0.0 0.0 85.0 0.0 2178.0 8.0 37.0 0.32910202162670427
40 32 36 0.0 0.0 253.0 0.0 5384.0 15.0 314.0 0.18358248098610017
40 32 37 0.0 0.0 387.0 0.0 7457.0 18.0 753.0 0.1423921887713588
40 32 38 0.0 0.0 511.0 0.0 9648.0 20.0 1867.0 0.11523582187834387
40 32 39 0.0 0.0 760.0 0.0 12195.0 21.0 6950.0 0.09365174928088833
40 32 40 0.0 0.0 934.0 0.0 12908.0 27.0 8990.0 0.0883782589482987
40 32 41 0.0 0.0 916.0 0.0 12755.0 28.0 8849.0 0.089354097523615
40 32 42 0.0 0.0 507.0 0.0 9820.0 19.0 2229.0 0.11365481409319693
40 32 43 0.0 0.0 138.0 0.0 3460.0 11.0 84.0 0.2506714413607878
40 32 44 0.0 0.0 93.0 0.0 2423.0 9.0 42.0 0.3106968486462494
40 32 45 0.0 0.0 20.0 0.0 422.0 4.0 0.0 0.5742411812961443
40 32 46 0.0 0.0 4.0 0.0 146.0 1.0 0.0 0.6514657980456026
40 32 47 0.0 0.0 1.0 0.0 34.0 0.0 0.0 0.6879606879606879
40 32 48 0.0 0.0 0.0 0.0 5.0 0.0 0.0 0.6982543640897755
40 33 31 0.0 0.0 0.0 0.0 9.0 0.0 0.0 0.6968641114982577
40 33 32 0.0 0.0 99.0 0.0 2555.0 13.0 39.0 0.30146425495262696
40 33 33 0.0 0.0 522.0 0.0 9637.0 21.0 1776.0 0.11524530786960814
40 33 34 0.0 0.0 600.0 0.0 10741.0 22.0 2731.0 0.10505778177997897
40 33 35 0.0 0.0 536.0 0.0 9883.0 38.0 2243.0 0.11303084127240433
40 33 36 0.0 0.0 642.0 0.0 11154.0 34.0 3828.0 0.10165553296543711
40 33 37 0.0 0.0 984.0 0.0 13135.0 32.0 9131.0 0.08689715101483458
40 33 38 0.0 0.0 1203.0 0.0 13511.0 18.0 12955.0 0.08373706561397212
40 33 39 0.0 0.0 1697.0 0.0 12943.0 46.0 25365.0 0.08413967185527976
40 33 40 0.0 0.0 1849.0 0.0 13393.0 40.0 25477.0 0.08123948238844077
40 33 41 0.0 0.0 1661.0 0.0 13726.0 39.0 20496.0 0.0804690194275204
40 33 42 0.0 0.0 1113.0 0.0 13375.0 26.0 10445.0 0.08488449645304068
40 33 43 0.0 0.0 618.0 0.0 10914.0 24.0 3256.0 0.10351201478743068
40 33 44 0.0 0.0 545.0 0.0 9902.0 31.0 2133.0 0.11265792226603363
40 33 45 0.0 0.0 468.0 0.0 9422.0 28.0 1684.0 0.1179145961425082
40 33 46 0.0 0.0 249.0 0.0 5673.0 13.0 412.0 0.17696877765137145
40 33 47 0.0 0.0 110.0 0.0 2682.0 10.0 45.0 0.2927645336679213
40 33 48 0.0 0.0 13.0 0.0 443.0 3.0 1.0 0.5707297187117814
40 33 49 0.0 0.0 0.0 0.0 4.0 0.0 0.0 0.6986027944111775
40 34 30 0.0 0.0 0.0 0.0 3.0 0.0 0.0 0.6989515726410384
40 34 31 0.0 0.0 9.0 0.0 168.0 2.0 0.0 0.6436781609195401
40 34 32 0.0 0.0 153.0 0.0 4293.0 17.0 188.0 0.21776326022709594
40 34 33 0.0 0.0 605.0 0.0 10896.0 21.0 2783.0 0.10375750389090639
40 34 34 0.0 0.0 1171.0 0.0 13381.0 39.0 12605.0 0.0846279393096778
40 34 35 0.0 0.0 1118.0 0.0 13437.0 23.0 10416.0 0.08455638098689376
40 34 36 0.0 0.0 1863.0 0.0 13631.0 45.0 25060.0 0.0799908581876357
40 34 37 0.0 0.0 2049.0 0.0 13855.0 61.0 26156.0 0.07822977201609296
40 34 38 0.0 0.0 2082.0 0.0 13718.0 56.0 27131.0 0.078691473216795
40 34 39 0.0 0.0 2645.0 0.0 11874.0 60.0 45352.0 0.08481764206955045
40 34 40 0.0 0.0 2901.0 0.0 11691.0 52.0 50613.0 0.08431195423065341
40 34 41 0.0 0.0 2244.0 0.0 12976.0 49.0 33127.0 0.08124891184493063
40 34 42 0.0 0.0 1794.0 0.0 13557.0 45.0 24582.0 0.08071955719557194
40 34 43 0.0 0.0 1493.0 0.0 13642.0 29.0 18018.0 0.0816374132602484
40 34 44 0.0 0.0 1194.0 0.0 13159.0 35.0 15620.0 0.08559026716390536
40 34 45 0.0 0.0 710.0 0.0 11646.0 25.0 4444.0 0.0975473801560758
40 34 46 0.0 0.0 387.0 0.0 8234.0 19.0 1200.0 0.13202565069784986
40 34 47 0.0 0.0 608.0 0.0 10638.0 26.0 2850.0 0.1057641459545214
40 34 48 0.0 0.0 197.0 0.0 4207.0 17.0 189.0 0.21912662388480197
40 34 49 0.0 0.0 14.0 0.0 316.0 4.0 1.0 0.6018916595012896
40 34 50 0.0 0.0 0.0 0.0 17.0 1.0 0.0 0.6944444444444444
40 35 29 0.0 0.0 0.0 0.0 1.0 0.0 0.0 0.6996501749125437
40 35 30 0.0 0.0 0.0 0.0 19.0 0.0 0.0 0.6934125804853887
40 35 31 0.0 0.0 145.0 0.0 3210.0 15.0 83.0 0.26207412953949827
40 35 32 0.0 0.0 281.0 0.0 5962.0 35.0 424.0 0.1705445243025947
40 35 33 0.0 0.0 858.0 0.0 12464.0 26.0 7878.0 0.09140171051772539
40 35 34 0.0 0.0 1917.0 0.0 13100.0 59.0 27268.0 0.08237232289950576
40 35 35 0.0 0.0 2454.0 0.0 12343.0 65.0 39162.0 0.0834575260804769
40 35 36 0.0 0.0 3160.0 0.0 12553.0 77.0 47553.0 0.07906031172351478
40 35 37 0.0 0.0 3669.0 0.0 11610.0 69.0 57973.0 0.08097165991902833
40 35 38 0.0 0.0 4005.0 0.0 10549.0 88.0 68224.0 0.08455638098689376
40 35 39 0.0 0.0 4249.0 0.0 10604.0 68.0 70449.0 0.0829875518672199
40 35 40 0.0 0.0 4244.0 1.0 10018.0 61.0 74906.0 0.08605323006945724
40 35 41 0.0 0.0 3746.0 0.0 12861.0 76.0 49631.0 0.07528095929450986
40 35 42 0.0 0.0 3047.0 0.0 11866.0 85.0 49100.0 0.08285494466473338
40 35 43 0.0 0.0 2409.0 0.0 13564.0 56.0 32373.0 0.07786862450636853
40 35 44 0.0 0.0 2422.0 0.0 11752.0 48.0 42762.0 0.08655867441572894
40 35 45 0.0 0.0 1205.0 0.0 13853.0 38.0 11465.0 0.08204887768856589
40 35 46 0.0 0.0 1100.0 0.0 13407.0 28.0 11175.0 0.08484334282770739
40 35 47 0.0 0.0 838.0 0.0 12436.0 22.0 7224.0 0.09157509157509157
40 35 48 0.0 0.0 246.0 0.0 5099.0 19.0 264.0 0.19104803493449776
40 35 49 0.0 0.0 247.0 0.0 6043.0 18.0 481.0 0.16916384726921213
40 35 50 0.0 0.0 1.0 0.0 40.0 1.0 0.0 0.6862745098039215
40 36 30 0.0 0.0 1.0 0.0 56.0 0.0 0.0 0.6806028196402526
40 36 31 0.0 0.0 170.0 0.0 3559.0 17.0 77.0 0.24514095604972855
40 36 32 0.0 0.0 795.0 0.0 12275.0 36.0 5170.0 0.09299236134174692
40 36 33 0.0 0.0 987.0 0.0 13005.0 24.0 7963.0 0.08753829800537735
40 36 34 0.0 0.0 2244.0 0.0 12570.0 52.0 35699.0 0.08324909317952071
40 36 35 0.0 0.0 3596.0 0.0 10888.0 56.0 62222.0 0.08487935006669091
40 36 36 0.0 0.0 4359.0 0.0 8041.0 80.0 95311.0 0.0973777561382764
40 36 37 0.0 0.0 5493.0 0.0 8522.0 94.0 96311.0 0.0873962169923216
40 36 38 0.0 0.0 6003.0 0.0 8735.0 74.0 97968.0 0.08361204013377925
40 36 39 0.0 0.0 5723.0 1.0 6669.0 62.0 116803.0 0.09706718435831657
40 36 40 0.0 0.0 6533.0 0.0 8824.0 93.0 99970.0 0.08066374740723668
40 36 41 0.0 0.0 5790.0 0.0 7709.0 68.0 107163.0 0.09023525620367386
40 36 42 0.0 0.0 5360.0 1.0 10881.0 84.0 76523.0 0.07672073651907058
40 36 43 0.0 0.0 4258.0 0.0 11262.0 68.0 64631.0 0.07992236113489752
40 36 44 0.0 0.0 3296.0 1.0 11451.0 82.0 54679.0 0.08360704687966555
40 36 45 0.0 0.0 2240.0 0.0 12776.0 61.0 35173.0 0.08232388568740444
40 36 46 0.0 0.0 1520.0 0.0 13942.0 46.0 17764.0 0.08018327605956471
40 36 47 0.0 0.0 859.0 0.0 12722.0 34.0 6706.0 0.08992805755395683
40 36 48 0.0 0.0 618.0 0.0 10905.0 27.0 2979.0 0.10364228605270949
40 36 49 0.0 0.0 123.0 0.0 2426.0 17.0 37.0 0.3089825645552858
40 36 50 0.0 0.0 0.0 0.0 10.0 0.0 0.0 0.6965174129353233
40 37 29 0.0 0.0 0.0 0.0 2.0 0.0 0.0 0.6993006993006992
40 37 30 0.0 0.0 13.0 0.0 378.0 4.0 1.0 0.5865102639296187
40 37 31 0.0 0.0 353.0 0.0 7402.0 19.0 883.0 0.14369290772862567
40 37 32 0.0 0.0 817.0 0.0 12491.0 25.0 6645.0 0.09148532967392013
40 37 33 0.0 0.0 1730.0 0.0 13028.0 40.0 26104.0 0.08352723584511663
40 37 34 0.0 0.0 2825.0 0.0 11961.0 57.0 46503.0 0.08337303477846593
40 37 35 0.0 0.0 4305.0 0.0 11189.0 78.0 68122.0 0.08005031734232945
40 37 36 0.0 0.0 4976.0 0.0 6532.0 82.0 114779.0 0.10367298578199051
40 37 37 0.0 1.0 7138.0 0.0 7109.0 85.0 116966.0 0.08622813500862281
40 37 38 0.0 0.0 6744.0 1.0 5199.0 60.0 137288.0 0.10014306151645207
40 37 39 0.0 1.0 7001.0 2.0 4501.0 52.0 145073.0 0.10376519418914912
40 37 40 0.0 1.0 7225.0 2.0 4797.0 59.0 142934.0 0.09978617248752672
40 37 41 0.0 6.0 7894.0 7.0 5786.0 80.0 132714.0 0.08926294312675337
40 37 42 0.0 1.0 6727.0 2.0 6385.0 75.0 123695.0 0.09269067796610168
40 37 43 0.0 0.0 5628.0 0.0 7532.0 83.0 107156.0 0.09234828496042215
40 37 44 0.0 1.0 4683.0 5.0 11212.0 74.0 69693.0 0.07814680435389337
40 37 45 0.0 0.0 3218.0 0.0 10754.0 57.0 58513.0 0.08757662955085699
40 37 46 0.0 0.0 2148.0 0.0 13038.0 44.0 32163.0 0.08149010477299184
40 37 47 0.0 0.0 907.0 0.0 12801.0 26.0 7010.0 0.0891208861162391
40 37 48 0.0 0.0 463.0 0.0 8566.0 27.0 1199.0 0.12719178704460796
40 37 49 0.0 0.0 185.0 0.0 4054.0 13.0 132.0 0.2248273647021037
40 37 50 0.0 0.0 0.0 0.0 8.0 0.0 0.0 0.697211155378486
40 38 30 0.0 0.0 52.0 0.0 1295.0 12.0 9.0 0.41979010494752617
40 38 31 0.0 0.0 348.0 0.0 7327.0 23.0 795.0 0.14495754814661418
40 38 32 0.0 0.0 1055.0 0.0 13138.0 36.0 10735.0 0.08648381517173213
40 38 33 0.0 0.0 1479.0 0.0 13704.0 43.0 18024.0 0.081537565521258
40 38 34 0.0 0.0 2833.0 0.0 12282.0 54.0 45218.0 0.08170888292284346
40 38 35 0.0 0.0 4991.0 0.0 10036.0 85.0 81144.0 0.08217891523831884
40 38 36 0.0 0.0 6232.0 0.0 6582.0 74.0 118919.0 0.09441596978688965
40 38 37 0.0 1.0 5608.0 0.0 3927.0 58.0 149783.0 0.12125411397886712
40 38 38 0.0 10.0 5372.0 1.0 2743.0 32.0 163925.0 0.13832625234660606
40 38 39 0.0 5.0 6840.0 3.0 2739.0 32.0 165337.0 0.12082506257012167
40 38 40 0.0 7.0 6777.0 6.0 2487.0 33.0 166931.0 0.12412447912048938
40 38 41 0.0 10.0 6108.0 4.0 2664.0 43.0 165953.0 0.12994245405606086
40 38 42 0.0 9.0 6320.0 7.0 3678.0 58.0 154600.0 0.11662779073642118
40 38 43 0.0 4.0 6820.0 10.0 6085.0 75.0 127222.0 0.09392821200939282
40 38 44 0.0 1.0 5373.0 1.0 8264.0 84.0 98854.0 0.08958853266781851
40 38 45 0.0 0.0 3718.0 0.0 10701.0 84.0 64805.0 0.08537626539821928
40 38 46 0.0 0.0 2309.0 0.0 12491.0 58.0 36766.0 0.08336310587114444
40 38 47 0.0 0.0 1325.0 0.0 13660.0 40.0 15109.0 0.08246936852026389
40 38 48 0.0 0.0 524.0 0.0 9418.0 23.0 1724.0 0.11737089201877932
40 38 49 0.0 0.0 37.0 0.0 1226.0 11.0 8.0 0.4303719643406086
40 38 50 0.0 0.0 3.0 0.0 44.0 1.0 0.0 0.6842619745845552
40 39 30 0.0 0.0 3.0 0.0 111.0 1.0 0.0 0.6625650733554187
40 39 31 0.0 0.0 243.0 0.0 5578.0 20.0 340.0 0.17934921854983346
40 39 32 0.0 0.0 766.0 0.0 12152.0 24.0 5279.0 0.09387782471669012
40 39 33 0.0 0.0 1553.0 0.0 13212.0 48.0 21633.0 0.083552160420148
40 39 34 0.0 0.0 3211.0 0.0 12539.0 58.0 47866.0 0.07884658706915972
40 39 35 0.0 0.0 5002.0 0.0 7829.0 77.0 99728.0 0.09442233762730154
40 39 36 0.0 0.0 6403.0 0.0 5992.0 75.0 126632.0 0.09733036707452723
40 39 37 0.0 8.0 6546.0 9.0 3701.0 42.0 153321.0 0.11402508551881413
40 39 38 0.0 9.0 6482.0 9.0 2447.0 32.0 168281.0 0.12794735880095046
40 39 39 0.0 14.0 5609.0 4.0 1668.0 26.0 176842.0 0.15053763440860216
40 39 40 0.0 31.0 6432.0 11.0 1615.0 28.0 177337.0 0.1387099970276429
40 39 41 0.0 28.0 6024.0 12.0 1756.0 23.0 175516.0 0.14259523324506007
40 39 42 0.0 28.0 5705.0 26.0 2426.0 30.0 167512.0 0.1372145447417426
40 39 43 0.0 10.0 7121.0 18.0 4744.0 67.0 142643.0 0.10076291924571756
40 39 44 0.0 6.0 6149.0 17.0 7604.0 92.0 109409.0 0.08883812424646233
40 39 45 0.0 0.0 4339.0 0.0 9463.0 71.0 81448.0 0.08856835579173783
40 39 46 0.0 0.0 2747.0 0.0 12606.0 62.0 41531.0 0.08065910007489772
40 39 47 0.0 0.0 1152.0 0.0 13655.0 36.0 11713.0 0.08337303477846593
40 39 48 0.0 0.0 621.0 0.0 11034.0 28.0 3366.0 0.1026618757791303
40 39 49 0.0 0.0 201.0 0.0 4194.0 19.0 157.0 0.2195389681668496
40 39 50 0.0 0.0 0.0 0.0 7.0 0.0 0.0 0.6975585450921773
40 40 29 0.0 0.0 0.0 0.0 1.0 0.0 0.0 0.6996501749125437
40 40 30 0.0 0.0 3.0 0.0 56.0 1.0 0.0 0.6802721088435373
40 40 31 0.0 0.0 223.0 0.0 5544.0 20.0 356.0 0.1807151155285917
40 40 32 0.0 0.0 649.0 0.0 11485.0 26.0 4588.0 0.09915014164305949
40 40 33 0.0 0.0 1616.0 0.0 14192.0 42.0 18701.0 0.07862076711405626
40 40 34 0.0 0.0 3216.0 0.0 12331.0 71.0 48988.0 0.07984031936127743
40 40 35 0.0 0.0 5085.0 0.0 8788.0 80.0 93469.0 0.0881778673552938
40 40 36 0.0 0.0 6233.0 0.0 5558.0 70.0 131542.0 0.10147133434804667
40 40 37 0.0 0.0 6896.0 1.0 3811.0 70.0 152105.0 0.1103317834344708
40 40 38 0.0 4.0 6086.0 5.0 2248.0 30.0 170325.0 0.13531799729364005
40 40 39 0.0 34.0 5690.0 13.0 1512.0 15.0 178717.0 0.1512205659969756
40 40 40 1.0 40.0 4182.0 16.0 954.0 19.0 184735.0 0.1949317738791423
40 40 41 0.0 60.0 4671.0 30.0 1365.0 22.0 180974.0 0.17243502894445126
40 40 42 0.0 79.0 6456.0 52.0 2469.0 37.0 168414.0 0.1266166229537849
40 40 43 0.0 16.0 6929.0 23.0 4372.0 47.0 146432.0 0.10488462691039856
40 40 44 0.0 4.0 6777.0 3.0 8637.0 79.0 101378.0 0.0803627805522071
40 40 45 0.0 1.0 4378.0 0.0 9894.0 70.0 77832.0 0.08587903324745429
40 40 46 0.0 0.0 2561.0 0.0 12595.0 54.0 38714.0 0.081570820952048
40 40 47 0.0 0.0 1197.0 0.0 13150.0 32.0 13217.0 0.08571078731480347
40 40 48 0.0 0.0 396.0 0.0 8390.0 24.0 1203.0 0.12999071494893222
40 40 49 0.0 0.0 90.0 0.0 2456.0 7.0 40.0 0.30857394754242884
40 40 50 0.0 0.0 0.0 0.0 44.0 0.0 0.0 0.684931506849315
40 41 30 0.0 0.0 23.0 0.0 364.0 3.0 1.0 0.587248322147651
40 41 31 0.0 0.0 102.0 0.0 2625.0 14.0 45.0 0.29711375212224106
40 41 32 0.0 0.0 710.0 0.0 11767.0 30.0 5450.0 0.09675190048375949
40 41 33 0.0 0.0 1704.0 0.0 13420.0 45.0 23295.0 0.08178525528683257
40 41 34 0.0 0.0 3009.0 0.0 12829.0 75.0 42591.0 0.07851934941110486
40 41 35 0.0 0.0 4785.0 0.0 8630.0 68.0 91060.0 0.09081473793461338
40 41 36 0.0 0.0 6368.0 0.0 7109.0 67.0 115088.0 0.0903750564844103
40 41 37 0.0 6.0 6998.0 7.0 4623.0 56.0 143894.0 0.10259416678880257
40 41 38 0.0 10.0 6830.0 7.0 3031.0 31.0 161503.0 0.11751867707546376
40 41 39 0.0 34.0 6476.0 29.0 1998.0 38.0 172810.0 0.13292821876186856
40 41 40 0.0 84.0 5960.0 38.0 1603.0 20.0 176843.0 0.14432989690721648
40 41 41 0.0 332.0 6091.0 169.0 1768.0 24.0 174458.0 0.13513513513513511
40 41 42 0.0 89.0 6102.0 71.0 2560.0 34.0 165633.0 0.1293541531922757
40 41 43 0.0 34.0 8017.0 49.0 5726.0 70.0 132852.0 0.08835037233371197
40 41 44 0.0 4.0 5840.0 3.0 6792.0 85.0 114017.0 0.09563494774233212
40 41 45 0.0 0.0 4267.0 0.0 10918.0 74.0 67404.0 0.081537565521258
40 41 46 0.0 0.0 2169.0 0.0 13844.0 47.0 27565.0 0.07772596047079723
40 41 47 0.0 0.0 1277.0 0.0 13542.0 25.0 13982.0 0.08317984671142534
40 41 48 0.0 0.0 454.0 0.0 9165.0 18.0 1581.0 0.120627261761158
40 41 49 0.0 0.0 224.0 0.0 5011.0 18.0 263.0 0.1938789641323916
40 41 50 0.0 0.0 2.0 0.0 76.0 1.0 0.0 0.6746987951807227
40 42 29 0.0 0.0 0.0 0.0 1.0 0.0 0.0 0.6996501749125437
40 42 30 0.0 0.0 75.0 0.0 1589.0 14.0 17.0 0.3835616438356164
40 42 31 0.0 0.0 292.0 0.0 6678.0 19.0 616.0 0.1563197856185797
40 42 32 0.0 0.0 834.0 0.0 12582.0 26.0 5796.0 0.09081473793461338
40 42 33 0.0 0.0 1348.0 0.0 13885.0 38.0 13779.0 0.08123476848090982
40 42 34 0.0 0.0 2895.0 0.0 11044.0 56.0 53489.0 0.08777429467084638
40 42 35 0.0 0.0 4001.0 0.0 11177.0 79.0 64850.0 0.08149010477299184
40 42 36 0.0 0.0 6008.0 1.0 9201.0 78.0 92936.0 0.08134332694207191
40 42 37 0.0 1.0 7315.0 0.0 6854.0 70.0 120093.0 0.08645177226133136
40 42 38 0.0 13.0 6056.0 18.0 3600.0 45.0 153457.0 0.11968880909634948
40 42 39 0.0 22.0 7221.0 12.0 3398.0 33.0 157639.0 0.11045364891518736
40 42 40 0.0 85.0 5532.0 52.0 2394.0 43.0 168187.0 0.13933121019108277
40 42 41 0.0 129.0 7238.0 109.0 3241.0 45.0 158069.0 0.11003694097304094
40 42 42 0.0 81.0 7891.0 94.0 4802.0 60.0 142610.0 0.09406073636119322
40 42 43 0.0 20.0 5462.0 22.0 4651.0 70.0 138722.0 0.11530225662987975
40 42 44 0.0 1.0 5358.0 3.0 7342.0 76.0 107779.0 0.09523161689680973
40 42 45 0.0 0.0 3846.0 0.0 11836.0 64.0 57324.0 0.07903799469316321
40 42 46 0.0 0.0 1754.0 0.0 13887.0 55.0 21906.0 0.07941910596777853
40 42 47 0.0 0.0 980.0 0.0 13108.0 27.0 7703.0 0.08701056556867619
40 42 48 0.0 0.0 421.0 0.0 8638.0 18.0 1389.0 0.12674271229404308
40 42 49 0.0 0.0 40.0 0.0 1021.0 8.0 4.0 0.4585653455617425
40 42 50 0.0 0.0 0.0 0.0 53.0 2.0 0.0 0.68259385665529
40 43 29 0.0 0.0 0.0 0.0 2.0 0.0 0.0 0.6993006993006992
40 43 30 0.0 0.0 45.0 0.0 978.0 12.0 4.0 0.4651162790697673
40 43 31 0.0 0.0 109.0 0.0 3396.0 15.0 120.0 0.25500910746812383
40 43 32 0.0 0.0 1051.0 0.0 12900.0 36.0 12685.0 0.08777429467084638
40 43 33 0.0 0.0 1331.0 0.0 13532.0 38.0 15449.0 0.08302692444549875
40 43 34 0.0 0.0 2435.0 0.0 12612.0 49.0 37864.0 0.08208255159474671
40 43 35 0.0 0.0 3309.0 0.0 12456.0 69.0 48761.0 0.07881107858590407
40 43 36 0.0 0.0 4436.0 0.0 8480.0 80.0 91630.0 0.09380863039399624
40 43 37 0.0 1.0 5948.0 0.0 7773.0 98.0 104629.0 0.0891208861162391
40 43 38 0.0 2.0 5766.0 10.0 5503.0 64.0 130255.0 0.10550908131735623
40 43 39 1.0 14.0 6837.0 14.0 5491.0 55.0 133280.0 0.09735067102426813
40 43 40 0.0 36.0 7297.0 39.0 5886.0 54.0 130849.0 0.09168904315934245
40 43 41 0.0 40.0 5908.0 53.0 4697.0 48.0 140489.0 0.11017549382230266
40 43 42 0.0 25.0 6529.0 36.0 6272.0 78.0 124902.0 0.09419997308572196
40 43 43 0.0 14.0 6078.0 39.0 7950.0 74.0 105829.0 0.08709717556302102
40 43 44 0.0 1.0 4683.0 0.0 7870.0 83.0 98340.0 0.09624639076034647
40 43 45 0.0 0.0 3306.0 0.0 11829.0 73.0 52384.0 0.08171365201657618
40 43 46 0.0 0.0 1531.0 0.0 13947.0 44.0 17227.0 0.08016032064128256
40 43 47 0.0 0.0 1003.0 0.0 12996.0 36.0 10971.0 0.08757662955085699
40 43 48 0.0 0.0 317.0 0.0 7230.0 24.0 784.0 0.14690451206715632
40 43 49 0.0 0.0 105.0 0.0 2466.0 17.0 26.0 0.30748956731825167
40 43 50 0.0 0.0 0.0 0.0 16.0 0.0 0.0 0.6944444444444444
40 44 30 0.0 0.0 0.0 0.0 13.0 0.0 0.0 0.695479384003974
40 44 31 0.0 0.0 121.0 0.0 3265.0 13.0 91.0 0.2606105733432613
40 44 32 0.0 0.0 718.0 0.0 11270.0 16.0 3625.0 0.10007147962830593
40 44 33 0.0 0.0 1124.0 0.0 13404.0 41.0 12068.0 0.08479195687723336
40 44 34 0.0 0.0 1760.0 0.0 13089.0 51.0 25510.0 0.0831008488158129
40 44 35 0.0 0.0 2320.0 0.0 13040.0 55.0 33623.0 0.08062658373646625
40 44 36 0.0 0.0 3576.0 0.0 10801.0 69.0 63016.0 0.08551184949914488
40 44 37 0.0 0.0 4233.0 0.0 12425.0 70.0 57066.0 0.07494245490070124
40 44 38 0.0 0.0 5117.0 2.0 9263.0 77.0 87434.0 0.08530863445250136
40 44 39 0.0 2.0 5658.0 2.0 8729.0 79.0 95284.0 0.08540230586225828
40 44 40 0.0 5.0 5581.0 15.0 8890.0 100.0 94220.0 0.0849772382397572
40 44 41 0.0 3.0 5400.0 4.0 7977.0 78.0 102042.0 0.09090318810466852
40 44 42 0.0 1.0 5335.0 4.0 9878.0 90.0 83454.0 0.0812677773262901
40 44 43 0.0 0.0 4379.0 1.0 10253.0 81.0 75776.0 0.08414978662018392
40 44 44 0.0 0.0 3722.0 0.0 10190.0 64.0 69148.0 0.08795074758135443
40 44 45 0.0 0.0 2826.0 0.0 11266.0 57.0 51038.0 0.08692952499223842
40 44 46 0.0 0.0 1716.0 0.0 13116.0 49.0 25281.0 0.08311071534579993
40 44 47 0.0 0.0 742.0 0.0 12176.0 29.0 5533.0 0.09396603798912678
40 44 48 0.0 0.0 556.0 0.0 10217.0 25.0 2622.0 0.10970067387556807
40 44 49 0.0 0.0 57.0 0.0 1267.0 7.0 7.0 0.42219541616405304
40 44 50 0.0 0.0 0.0 0.0 15.0 0.0 0.0 0.694789081885856
40 45 30 0.0 0.0 0.0 0.0 12.0 0.0 0.0 0.6958250497017892
40 45 31 0.0 0.0 12.0 0.0 307.0 3.0 0.0 0.6042296072507551
40 45 32 0.0 0.0 375.0 0.0 8017.0 26.0 1099.0 0.13504388926401079
40 45 33 0.0 0.0 768.0 0.0 12223.0 23.0 6606.0 0.09337690922430467
40 45 34 0.0 0.0 1509.0 0.0 13148.0 33.0 21939.0 0.08394291881520566
40 45 35 0.0 0.0 1322.0 0.0 13727.0 34.0 14525.0 0.08207773934455062
40 45 36 0.0 0.0 1971.0 0.0 13917.0 46.0 25184.0 0.07827788649706457
40 45 37 0.0 0.0 2744.0 0.0 12131.0 61.0 44913.0 0.08297771455666192
40 45 38 0.0 0.0 3438.0 0.0 11148.0 66.0 58580.0 0.08441362677117877
40 45 39 0.0 0.0 3703.0 0.0 11389.0 79.0 59957.0 0.08191925102399063
40 45 40 0.0 0.0 3421.0 1.0 12042.0 69.0 52299.0 0.08020164986251145
40 45 41 0.0 0.0 3507.0 0.0 11088.0 56.0 58939.0 0.08429164910590642
40 45 42 0.0 0.0 3491.0 0.0 11086.0 66.0 60156.0 0.08437801350048216
40 45 43 0.0 0.0 2954.0 0.0 11805.0 79.0 48897.0 0.083552160420148
40 45 44 0.0 0.0 2557.0 0.0 12378.0 50.0 41494.0 0.0825617738986849
40 45 45 0.0 0.0 1680.0 0.0 13350.0 55.0 23760.0 0.08230936562996059
40 45 46 0.0 0.0 2012.0 0.0 12330.0 42.0 33954.0 0.0856478649210816
40 45 47 0.0 0.0 845.0 0.0 12346.0 38.0 5590.0 0.09226308158692499
40 45 48 0.0 0.0 303.0 0.0 6782.0 16.0 600.0 0.1543720366082258
40 45 49 0.0 0.0 112.0 0.0 2718.0 13.0 50.0 0.29057700290577
40 45 50 0.0 0.0 1.0 0.0 8.0 0.0 0.0 0.6968641114982577
40 46 31 0.0 0.0 15.0 0.0 344.0 3.0 0.0 0.5944798301486198
40 46 32 0.0 0.0 308.0 0.0 6188.0 22.0 505.0 0.16517225106182157
40 46 33 0.0 0.0 881.0 0.0 12667.0 30.0 7708.0 0.09002057613168724
40 46 34 0.0 0.0 771.0 0.0 11990.0 34.0 4935.0 0.09494743981010512
40 46 35 0.0 0.0 741.0 0.0 12006.0 26.0 5617.0 0.09497320398887456
40 46 36 0.0 0.0 774.0 0.0 12160.0 45.0 4176.0 0.09391561011605286
40 46 37 0.0 0.0 1472.0 0.0 14165.0 34.0 15583.0 0.07935608207686203
40 46 38 0.0 0.0 2480.0 0.0 11839.0 72.0 43815.0 0.08584217303329449
40 46 39 0.0 0.0 2239.0 0.0 12864.0 49.0 33835.0 0.08184741303712363
40 46 40 0.0 0.0 1773.0 0.0 14130.0 56.0 22069.0 0.07822103028271314
40 46 41 0.0 0.0 1942.0 0.0 14200.0 40.0 23315.0 0.0771307365985345
40 46 42 0.0 0.0 1911.0 0.0 13779.0 37.0 24340.0 0.07904691999322454
40 46 43 0.0 0.0 1176.0 0.0 13666.0 31.0 12203.0 0.08310578178796152
40 46 44 0.0 0.0 1323.0 0.0 13415.0 38.0 16332.0 0.08363701535336639
40 46 45 0.0 0.0 749.0 0.0 12154.0 40.0 5429.0 0.09410499428648247
40 46 46 0.0 0.0 1226.0 0.0 13061.0 36.0 15077.0 0.08595284872298624
40 46 47 0.0 0.0 481.0 0.0 9794.0 21.0 2528.0 0.11417387049420974
40 46 48 0.0 0.0 405.0 0.0 9281.0 23.0 2399.0 0.11994516792323508
40 46 49 0.0 0.0 0.0 0.0 82.0 0.0 0.0 0.6724303554274734
40 46 50 0.0 0.0 0.0 0.0 3.0 0.0 0.0 0.6989515726410384
40 47 30 0.0 0.0 0.0 0.0 3.0 1.0 0.0 0.6993006993006992
40 47 31 0.0 0.0 0.0 0.0 32.0 0.0 0.0 0.6889763779527558
40 47 32 0.0 0.0 61.0 0.0 1776.0 9.0 26.0 0.3655352480417754
40 47 33 0.0 0.0 416.0 0.0 8258.0 26.0 1271.0 0.13138138138138136
40 47 34 0.0 0.0 141.0 0.0 3419.0 9.0 69.0 0.2521613832853026
40 47 35 0.0 0.0 316.0 0.0 7061.0 21.0 769.0 0.14957264957264957
40 47 36 0.0 0.0 547.0 0.0 10266.0 16.0 2243.0 0.1092555017949118
40 47 37 0.0 0.0 876.0 0.0 12625.0 25.0 6591.0 0.0903750564844103
40 47 38 0.0 0.0 1073.0 0.0 13427.0 30.0 10503.0 0.08489993935718616
40 47 39 0.0 0.0 1242.0 0.0 13481.0 41.0 13621.0 0.08372204281784475
40 47 40 0.0 0.0 938.0 0.0 12887.0 37.0 9028.0 0.08851795649974707
40 47 41 0.0 0.0 901.0 0.0 12814.0 23.0 6597.0 0.08910386965376782
40 47 42 0.0 0.0 907.0 0.0 12767.0 30.0 7712.0 0.08938262146459809
40 47 43 0.0 0.0 843.0 0.0 12451.0 28.0 6612.0 0.09159905783826222
40 47 44 0.0 0.0 349.0 0.0 7689.0 26.0 982.0 0.13974845278498702
40 47 45 0.0 0.0 252.0 0.0 6158.0 15.0 493.0 0.16668651029884507
40 47 46 0.0 0.0 104.0 0.0 2860.0 8.0 77.0 0.28248587570621464
40 47 47 0.0 0.0 137.0 0.0 3360.0 16.0 75.0 0.2555210804891403
40 47 48 0.0 0.0 84.0 0.0 1856.0 12.0 21.0 0.3562340966921119
40 47 49 0.0 0.0 0.0 0.0 49.0 0.0 0.0 0.6835937499999999
40 48 31 0.0 0.0 1.0 0.0 15.0 0.0 0.0 0.6944444444444444
40 48 32 0.0 0.0 0.0 0.0 21.0 0.0 0.0 0.6930693069306929
40 48 33 0.0 0.0 61.0 0.0 1017.0 15.0 4.0 0.4569190600522193
40 48 34 0.0 0.0 2.0 0.0 94.0 0.0 0.0 0.6679389312977099
40 48 35 0.0 0.0 242.0 0.0 5581.0 17.0 402.0 0.1792803175822768
40 48 36 0.0 0.0 721.0 0.0 11419.0 22.0 3733.0 0.09905193151266449
40 48 37 0.0 0.0 308.0 0.0 7144.0 16.0 830.0 0.14838367779544248
40 48 38 0.0 0.0 537.0 0.0 10186.0 27.0 2497.0 0.11018416496143553
40 48 39 0.0 0.0 453.0 0.0 8949.0 22.0 1571.0 0.12301203760653719
40 48 40 0.0 0.0 350.0 0.0 7658.0 19.0 798.0 0.14005602240896356
40 48 41 0.0 0.0 159.0 0.0 4255.0 16.0 178.0 0.21888680425265786
40 48 42 0.0 0.0 174.0 0.0 4298.0 22.0 177.0 0.21708792060784615
40 48 43 0.0 0.0 389.0 0.0 8657.0 29.0 1581.0 0.12701868989294138
40 48 44 0.0 0.0 95.0 0.0 2079.0 17.0 20.0 0.336781332691845
40 48 45 0.0 0.0 1.0 0.0 260.0 1.0 1.0 0.6197432492253209
40 48 46 0.0 0.0 39.0 0.0 1055.0 7.0 7.0 0.45351473922902485
40 48 47 0.0 0.0 73.0 0.0 1691.0 11.0 11.0 0.3730349054090061
40 48 48 0.0 0.0 1.0 0.0 13.0 0.0 0.0 0.6951340615690167
40 48 49 0.0 0.0 0.0 0.0 4.0 0.0 0.0 0.6986027944111775
40 49 33 0.0 0.0 0.0 0.0 1.0 0.0 0.0 0.6996501749125437
40 49 34 0.0 0.0 0.0 0.0 7.0 0.0 0.0 0.6975585450921773
40 49 35 0.0 0.0 13.0 0.0 327.0 6.0 1.0 0.5998286203941731
40 49 36 0.0 0.0 396.0 0.0 7860.0 26.0 1051.0 0.13671874999999997
40 49 37 0.0 0.0 146.0 0.0 3044.0 23.0 62.0 0.2708978328173374
40 49 38 0.0 0.0 305.0 0.0 6609.0 23.0 516.0 0.15740948954351247
40 49 39 0.0 0.0 357.0 0.0 7842.0 23.0 1110.0 0.137497544686702
40 49 40 0.0 0.0 37.0 0.0 779.0 11.0 2.0 0.4992867332382311
40 49 41 0.0 0.0 22.0 0.0 640.0 7.0 1.0 0.527306967984934
40 49 42 0.0 0.0 19.0 0.0 509.0 5.0 0.0 0.5548949663099484
40 49 43 0.0 0.0 35.0 0.0 618.0 16.0 0.0 0.5309063329541144
40 49 44 0.0 0.0 2.0 0.0 104.0 2.0 1.0 0.6653992395437262
40 49 45 0.0 0.0 27.0 0.0 405.0 5.0 1.0 0.5768438401318499
40 49 46 0.0 0.0 0.0 0.0 17.0 0.0 0.0 0.694100148735746
40 49 47 0.0 0.0 0.0 0.0 1.0 0.0 0.0 0.6996501749125437
40 50 35 0.0 0.0 25.0 0.0 845.0 10.0 7.0 0.4895104895104894
40 50 36 0.0 0.0 105.0 0.0 2186.0 13.0 20.0 0.32725572697522204
40 50 37 0.0 0.0 36.0 0.0 935.0 11.0 4.0 0.47297297297297286
40 50 38 0.0 0.0 7.0 0.0 281.0 3.0 0.0 0.6129597197898423
40 50 39 0.0 0.0 0.0 0.0 45.0 1.0 0.0 0.684931506849315
40 50 40 0.0 0.0 0.0 0.0 19.0 0.0 0.0 0.6934125804853887
40 50 41 0.0 0.0 5.0 0.0 73.0 0.0 0.0 0.6737247353224253
40 51 35 0.0 0.0 0.0 0.0 1.0 0.0 0.0 0.6996501749125437
41 29 40 0.0 0.0 0.0 0.0 1.0 0.0 0.0 0.6996501749125437
41 29 41 0.0 0.0 14.0 0.0 233.0 6.0 0.0 0.6247211066488174
41 30 35 0.0 0.0 0.0 0.0 1.0 0.0 0.0 0.6996501749125437
41 30 36 0.0 0.0 0.0 0.0 8.0 0.0 0.0 0.6975585450921773
41 30 37 0.0 0.0 0.0 0.0 13.0 0.0 0.0 0.695479384003974
41 30 38 0.0 0.0 1.0 0.0 80.0 0.0 0.0 0.6727534839019701
41 30 39 0.0 0.0 3.0 0.0 94.0 1.0 0.0 0.6682577565632457
41 30 40 0.0 0.0 16.0 0.0 438.0 5.0 1.0 0.5716619028174764
41 30 41 0.0 0.0 9.0 0.0 236.0 5.0 0.0 0.6252791424743188
41 30 42 0.0 0.0 4.0 0.0 71.0 1.0 0.0 0.6750241080038573
41 30 43 0.0 0.0 3.0 0.0 51.0 1.0 0.0 0.6819288845591815
41 30 44 0.0 0.0 0.0 0.0 2.0 0.0 0.0 0.6993006993006992
41 31 33 0.0 0.0 0.0 0.0 2.0 0.0 0.0 0.6993006993006992
41 31 34 0.0 0.0 2.0 0.0 31.0 0.0 0.0 0.6886374815543531
41 31 35 0.0 0.0 8.0 0.0 147.0 2.0 0.0 0.6502554575011611
41 31 36 0.0 0.0 62.0 0.0 1347.0 8.0 9.0 0.41176470588235287
41 31 37 0.0 0.0 264.0 0.0 5390.0 17.0 319.0 0.18329405603561139
41 31 38 0.0 0.0 243.0 0.0 5614.0 20.0 369.0 0.17857142857142855
41 31 39 0.0 0.0 64.0 0.0 1850.0 11.0 18.0 0.3586984370996669
41 31 40 0.0 0.0 193.0 0.0 4312.0 15.0 191.0 0.21571648690292755
41 31 41 0.0 0.0 176.0 0.0 4498.0 17.0 214.0 0.21021021021021016
41 31 42 0.0 0.0 87.0 0.0 2116.0 13.0 16.0 0.33404915294679066
41 31 43 0.0 0.0 76.0 0.0 2032.0 17.0 46.0 0.3420473979965795
41 31 44 0.0 0.0 19.0 0.0 331.0 7.0 1.0 0.5975245411865129
41 31 45 0.0 0.0 8.0 0.0 101.0 3.0 0.0 0.664767331433998
41 32 31 0.0 0.0 0.0 0.0 1.0 0.0 0.0 0.6996501749125437
41 32 32 0.0 0.0 23.0 0.0 553.0 10.0 2.0 0.5458089668615984
41 32 33 0.0 0.0 25.0 0.0 570.0 5.0 3.0 0.5405405405405405
41 32 34 0.0 0.0 19.0 0.0 617.0 3.0 1.0 0.5317128750474742
41 32 35 0.0 0.0 218.0 0.0 4723.0 27.0 225.0 0.20242914979757085
41 32 36 0.0 0.0 466.0 0.0 9271.0 15.0 1844.0 0.11924026914232175
41 32 37 0.0 0.0 513.0 0.0 9783.0 24.0 2252.0 0.11398794984530206
41 32 38 0.0 0.0 480.0 0.0 9915.0 18.0 2314.0 0.11300347082088948
41 32 39 0.0 0.0 574.0 0.0 10358.0 23.0 2505.0 0.10834236186348861
41 32 40 0.0 0.0 993.0 0.0 13208.0 33.0 8636.0 0.08648381517173213
41 32 41 0.0 0.0 712.0 0.0 11652.0 23.0 4404.0 0.09749982589316804
41 32 42 0.0 0.0 333.0 0.0 7344.0 16.0 802.0 0.14480761274306989
41 32 43 0.0 0.0 214.0 0.0 5098.0 20.0 262.0 0.1918070968625839
41 32 44 0.0 0.0 196.0 0.0 4819.0 26.0 241.0 0.2002861230329041
41 32 45 0.0 0.0 9.0 0.0 377.0 2.0 2.0 0.587248322147651
41 32 46 0.0 0.0 1.0 0.0 55.0 0.0 0.0 0.6809338521400777
41 32 47 0.0 0.0 0.0 0.0 10.0 0.0 0.0 0.6965174129353233
41 33 31 0.0 0.0 0.0 0.0 16.0 0.0 0.0 0.6944444444444444
41 33 32 0.0 0.0 22.0 0.0 551.0 5.0 1.0 0.5451713395638628
41 33 33 0.0 0.0 428.0 0.0 8976.0 19.0 1597.0 0.12289325842696629
41 33 34 0.0 0.0 538.0 0.0 10078.0 29.0 2415.0 0.11112875059533257
41 33 35 0.0 0.0 812.0 0.0 12221.0 24.0 6212.0 0.09315323707498833
41 33 36 0.0 0.0 768.0 0.0 12215.0 34.0 6451.0 0.09352662168481526
41 33 37 0.0 0.0 1192.0 0.0 13434.0 45.0 13134.0 0.08426628144938003
41 33 38 0.0 0.0 1296.0 0.0 13519.0 35.0 15388.0 0.08330358205402831
41 33 39 0.0 0.0 1361.0 0.0 13962.0 36.0 14136.0 0.08081741037926456
41 33 40 0.0 0.0 1396.0 0.0 14201.0 41.0 13954.0 0.07960877971113385
41 33 41 0.0 0.0 1560.0 0.0 13522.0 39.0 19512.0 0.08190487333996371
41 33 42 0.0 0.0 1239.0 0.0 13410.0 45.0 13637.0 0.08417508417508417
41 33 43 0.0 0.0 776.0 0.0 12099.0 24.0 5359.0 0.09420631182289213
41 33 44 0.0 0.0 449.0 0.0 9089.0 18.0 1603.0 0.1214329083181542
41 33 45 0.0 0.0 247.0 0.0 5761.0 20.0 500.0 0.1751970967338255
41 33 46 0.0 0.0 266.0 0.0 5485.0 25.0 319.0 0.18111254851228972
41 33 47 0.0 0.0 48.0 0.0 1095.0 10.0 8.0 0.44671346522016586
41 33 48 0.0 0.0 4.0 0.0 130.0 0.0 0.0 0.6560449859418931
41 33 49 0.0 0.0 0.0 0.0 2.0 0.0 0.0 0.6993006993006992
41 34 30 0.0 0.0 0.0 0.0 1.0 0.0 0.0 0.6996501749125437
41 34 31 0.0 0.0 1.0 0.0 49.0 1.0 0.0 0.6835937499999999
41 34 32 0.0 0.0 246.0 0.0 6100.0 20.0 458.0 0.1680067202688107
41 34 33 0.0 0.0 544.0 0.0 9852.0 29.0 2181.0 0.1130673558391213
41 34 34 0.0 0.0 996.0 0.0 12962.0 35.0 9790.0 0.08776879192527114
41 34 35 0.0 0.0 1539.0 0.0 13586.0 51.0 19447.0 0.08180437069066261
41 34 36 0.0 0.0 1620.0 0.0 13786.0 40.0 19758.0 0.08038123672274214
41 34 37 0.0 0.0 2303.0 0.0 12524.0 51.0 36444.0 0.08316996376165864
41 34 38 0.0 0.0 2260.0 0.0 13660.0 47.0 29370.0 0.07812064058925282
41 34 39 0.0 0.0 2502.0 0.0 12688.0 62.0 38771.0 0.08138115444980526
41 34 40 0.0 0.0 2521.0 0.0 12809.0 49.0 37298.0 0.08071955719557194
41 34 41 0.0 0.0 2648.0 0.0 11213.0 59.0 49763.0 0.08832807570977917
41 34 42 0.0 0.0 1670.0 0.0 13890.0 46.0 19949.0 0.07975844584971228
41 34 43 0.0 0.0 1657.0 0.0 13274.0 36.0 24305.0 0.08263487191594852
41 34 44 0.0 0.0 1352.0 0.0 12990.0 35.0 19001.0 0.08572653236176596
41 34 45 0.0 0.0 859.0 0.0 12542.0 30.0 7010.0 0.09095634095634093
41 34 46 0.0 0.0 160.0 0.0 3865.0 15.0 145.0 0.23302263648468707
41 34 47 0.0 0.0 270.0 0.0 6022.0 23.0 439.0 0.16918429003021143
41 34 48 0.0 0.0 55.0 0.0 1412.0 9.0 13.0 0.40497541220711597
41 34 49 0.0 0.0 4.0 0.0 47.0 0.0 0.0 0.68259385665529
41 34 50 0.0 0.0 6.0 0.0 118.0 1.0 0.0 0.6594441827602449
41 35 30 0.0 0.0 5.0 0.0 91.0 1.0 0.0 0.6682577565632457
41 35 31 0.0 0.0 39.0 0.0 1028.0 6.0 4.0 0.4573668735707284
41 35 32 0.0 0.0 195.0 0.0 5538.0 16.0 407.0 0.18134715025906734
41 35 33 0.0 0.0 970.0 0.0 13079.0 45.0 10239.0 0.08735259250015598
41 35 34 0.0 0.0 1463.0 0.0 13720.0 33.0 17409.0 0.08149010477299184
41 35 35 0.0 0.0 2480.0 0.0 12375.0 57.0 40606.0 0.0830367734282325
41 35 36 0.0 0.0 3448.0 0.0 11437.0 66.0 57923.0 0.08289909995262908
41 35 37 0.0 0.0 3699.0 0.0 11467.0 60.0 59669.0 0.08153281695882592
41 35 38 0.0 0.0 4099.0 0.0 10664.0 67.0 68256.0 0.08352723584511663
41 35 39 0.0 0.0 4174.0 0.0 12094.0 75.0 59044.0 0.0766787161792091
41 35 40 0.0 0.0 4171.0 0.0 8875.0 59.0 85991.0 0.0929244656843223
41 35 41 0.0 0.0 3675.0 0.0 11939.0 72.0 56420.0 0.07947320617620345
41 35 42 0.0 0.0 3276.0 0.0 11057.0 61.0 58156.0 0.08581586367537083
41 35 43 0.0 0.0 2620.0 0.0 13099.0 65.0 37796.0 0.07901569025849417
41 35 44 0.0 0.0 1815.0 0.0 13792.0 46.0 22300.0 0.07959972708664997
41 35 45 0.0 0.0 1464.0 0.0 13417.0 35.0 18651.0 0.08283043426813394
41 35 46 0.0 0.0 775.0 0.0 11967.0 35.0 4915.0 0.09515394549038264
41 35 47 0.0 0.0 524.0 0.0 10302.0 16.0 2833.0 0.10918733426922476
41 35 48 0.0 0.0 274.0 0.0 5458.0 23.0 308.0 0.18155881208662944
41 35 49 0.0 0.0 5.0 0.0 310.0 2.0 0.0 0.6055363321799306
41 35 50 0.0 0.0 0.0 0.0 11.0 0.0 0.0 0.6961710591745399
41 36 29 0.0 0.0 0.0 0.0 1.0 0.0 0.0 0.6996501749125437
41 36 30 0.0 0.0 35.0 0.0 1026.0 8.0 4.0 0.4585653455617425
41 36 31 0.0 0.0 300.0 0.0 6384.0 25.0 544.0 0.16153224875966307
41 36 32 0.0 0.0 600.0 0.0 10811.0 28.0 3252.0 0.10457125784284432
41 36 33 0.0 0.0 1026.0 0.0 12919.0 32.0 10552.0 0.0878293601003764
41 36 34 0.0 0.0 1915.0 0.0 13593.0 50.0 25951.0 0.07997714938588973
41 36 35 0.0 0.0 3512.0 0.0 11512.0 82.0 57419.0 0.08234325373485472
41 36 36 0.0 0.0 4512.0 0.0 9796.0 78.0 77999.0 0.08582112425672776
41 36 37 0.0 0.0 5151.0 0.0 7862.0 83.0 102302.0 0.09322767530132516
41 36 38 0.0 0.0 6256.0 0.0 8860.0 76.0 97773.0 0.08181871310852666
41 36 39 0.0 0.0 5980.0 0.0 7465.0 77.0 110505.0 0.09058557101261726
41 36 40 0.0 1.0 5968.0 3.0 7652.0 79.0 108497.0 0.08965738072366312
41 36 41 0.0 0.0 5682.0 0.0 9116.0 79.0 93074.0 0.0833134967864794
41 36 42 0.0 1.0 5185.0 3.0 10221.0 63.0 79592.0 0.08029825064525378
41 36 43 0.0 0.0 4254.0 0.0 9183.0 77.0 80812.0 0.09060315816722753
41 36 44 0.0 0.0 2965.0 0.0 13246.0 77.0 39121.0 0.07692730369800538
41 36 45 0.0 0.0 1961.0 0.0 13224.0 47.0 27494.0 0.08148536173680228
41 36 46 0.0 0.0 1226.0 0.0 13757.0 28.0 11935.0 0.08244994110718491
41 36 47 0.0 0.0 937.0 0.0 12979.0 28.0 8351.0 0.08797285409073771
41 36 48 0.0 0.0 788.0 0.0 11946.0 22.0 6167.0 0.09499253630071922
41 36 49 0.0 0.0 226.0 0.0 4985.0 15.0 225.0 0.19452549673475056
41 36 50 0.0 0.0 1.0 0.0 20.0 0.0 0.0 0.6927263730826323
41 37 29 0.0 0.0 0.0 0.0 2.0 0.0 0.0 0.6993006993006992
41 37 30 0.0 0.0 7.0 0.0 234.0 1.0 0.0 0.6252791424743188
41 37 31 0.0 0.0 298.0 0.0 6927.0 14.0 660.0 0.1520086862106406
41 37 32 0.0 0.0 772.0 0.0 12129.0 33.0 5637.0 0.09401020682245499
41 37 33 0.0 0.0 1592.0 0.0 13569.0 36.0 21281.0 0.08150433719508644
41 37 34 0.0 0.0 2276.0 0.0 13815.0 53.0 29517.0 0.077416500774165
41 37 35 0.0 0.0 4142.0 0.0 10876.0 79.0 66677.0 0.08219821512447158
41 37 36 0.0 0.0 5072.0 0.0 7019.0 79.0 111319.0 0.09943181818181818
41 37 37 0.0 0.0 5018.0 0.0 4679.0 52.0 138291.0 0.11961722488038275
41 37 38 0.0 2.0 7055.0 4.0 5099.0 63.0 139767.0 0.09887703933893636
41 37 39 0.0 1.0 5893.0 0.0 3887.0 53.0 150008.0 0.11883541295305998
41 37 40 1.0 5.0 8146.0 4.0 5888.0 72.0 132299.0 0.08738530678484488
41 37 41 0.0 1.0 6783.0 2.0 5163.0 67.0 136680.0 0.10028653295128939
41 37 42 0.0 1.0 6424.0 2.0 6169.0 81.0 125322.0 0.09602194787379972
41 37 43 0.0 4.0 5879.0 6.0 7643.0 67.0 105331.0 0.09006690684508491
41 37 44 0.0 0.0 4460.0 0.0 9752.0 82.0 79674.0 0.08634513383495744
41 37 45 0.0 0.0 3238.0 0.0 11734.0 62.0 52926.0 0.08258125405532943
41 37 46 0.0 0.0 1900.0 0.0 13631.0 52.0 25116.0 0.07985398129135295
41 37 47 0.0 0.0 1061.0 0.0 13346.0 27.0 10153.0 0.08530343650987082
41 37 48 0.0 0.0 517.0 0.0 10107.0 24.0 2457.0 0.1111022934687723
41 37 49 0.0 0.0 89.0 0.0 2092.0 9.0 25.0 0.3355704697986577
41 37 50 0.0 0.0 0.0 0.0 9.0 0.0 0.0 0.6968641114982577
41 38 30 0.0 0.0 5.0 0.0 188.0 0.0 0.0 0.6386861313868613
41 38 31 0.0 0.0 124.0 0.0 3476.0 11.0 96.0 0.25053686471009307
41 38 32 0.0 0.0 950.0 0.0 13029.0 35.0 8755.0 0.0876753507014028
41 38 33 0.0 0.0 2327.0 0.0 11957.0 49.0 40549.0 0.08586323213738116
41 38 34 0.0 0.0 3011.0 0.0 11398.0 57.0 52033.0 0.08531903223840574
41 38 35 0.0 0.0 4724.0 0.0 9552.0 66.0 83002.0 0.08586323213738116
41 38 36 0.0 0.0 6343.0 0.0 7302.0 77.0 112451.0 0.08951406649616367
41 38 37 0.0 1.0 7697.0 0.0 5560.0 70.0 135640.0 0.091767173571054
41 38 38 0.0 1.0 5996.0 1.0 3064.0 40.0 160368.0 0.12639942217407002
41 38 39 0.0 14.0 7932.0 12.0 3257.0 44.0 159881.0 0.10607667828458855
41 38 40 0.0 13.0 8031.0 4.0 3378.0 37.0 159548.0 0.10425975573428656
41 38 41 0.0 34.0 7318.0 26.0 3297.0 49.0 158585.0 0.11055831951354339
41 38 42 0.0 9.0 6271.0 10.0 3561.0 46.0 153778.0 0.11803389258915771
41 38 43 0.0 3.0 6314.0 2.0 5398.0 61.0 133945.0 0.10203337949129071
41 38 44 0.0 1.0 5716.0 2.0 9061.0 82.0 93406.0 0.08337800011911142
41 38 45 0.0 0.0 3917.0 0.0 11865.0 71.0 58672.0 0.07878890202037256
41 38 46 0.0 0.0 2261.0 0.0 13347.0 59.0 32375.0 0.07949125596184418
41 38 47 0.0 0.0 1125.0 0.0 13376.0 32.0 11078.0 0.08482278097546196
41 38 48 0.0 0.0 409.0 0.0 8284.0 21.0 1239.0 0.13109841745481784
41 38 49 0.0 0.0 133.0 0.0 3197.0 17.0 78.0 0.2633559066967644
41 38 50 0.0 0.0 0.0 0.0 10.0 0.0 0.0 0.6968641114982577
41 39 29 0.0 0.0 0.0 0.0 1.0 0.0 0.0 0.6996501749125437
41 39 30 0.0 0.0 14.0 0.0 361.0 1.0 0.0 0.5897219882055602
41 39 31 0.0 0.0 237.0 0.0 5187.0 18.0 276.0 0.1888828926065839
41 39 32 0.0 0.0 1037.0 0.0 13438.0 36.0 8481.0 0.08501852189226937
41 39 33 0.0 0.0 1671.0 0.0 13978.0 51.0 19232.0 0.07939658594680428
41 39 34 0.0 0.0 3326.0 0.0 12746.0 64.0 46741.0 0.07748505645339826
41 39 35 0.0 0.0 5117.0 0.0 9307.0 75.0 86096.0 0.08529823920063363
41 39 36 0.0 1.0 6923.0 1.0 6880.0 78.0 118507.0 0.08856275303643724
41 39 37 0.0 0.0 7306.0 0.0 4231.0 58.0 148655.0 0.10336680448907264
41 39 38 0.0 9.0 6541.0 5.0 2580.0 35.0 166645.0 0.12568453182511893
41 39 39 0.0 11.0 4948.0 6.0 1629.0 24.0 176801.0 0.16262051341619235
41 39 40 0.0 29.0 6359.0 14.0 1815.0 22.0 175523.0 0.1368256450351837
41 39 41 0.0 27.0 4810.0 9.0 1604.0 19.0 176867.0 0.16542597187758476
41 39 42 0.0 22.0 5872.0 17.0 2431.0 38.0 167708.0 0.1354489164086687
41 39 43 0.0 4.0 6495.0 7.0 4358.0 70.0 145490.0 0.10896637608966375
41 39 44 0.0 3.0 5873.0 3.0 7022.0 80.0 114375.0 0.09399127223900637
41 39 45 0.0 0.0 4232.0 0.0 10163.0 76.0 74445.0 0.08534503779565958
41 39 46 0.0 0.0 2482.0 0.0 13170.0 49.0 34784.0 0.07926173356734416
41 39 47 0.0 0.0 1402.0 0.0 13854.0 34.0 15200.0 0.08103727714748783
41 39 48 0.0 0.0 555.0 0.0 10469.0 25.0 2817.0 0.10755992624462199
41 39 49 0.0 0.0 41.0 0.0 1015.0 10.0 3.0 0.4597701149425287
41 39 50 0.0 0.0 0.0 0.0 6.0 0.0 0.0 0.6979062811565303
41 40 29 0.0 0.0 0.0 0.0 2.0 0.0 0.0 0.6993006993006992
41 40 30 0.0 0.0 137.0 0.0 2871.0 17.0 61.0 0.28039254956939713
41 40 31 0.0 0.0 203.0 0.0 4776.0 12.0 202.0 0.20097616996841797
41 40 32 0.0 0.0 761.0 0.0 12111.0 24.0 5867.0 0.09416195856873821
41 40 33 0.0 0.0 1784.0 0.0 13424.0 53.0 23841.0 0.08141428239125377
41 40 34 0.0 0.0 3460.0 0.0 11046.0 64.0 59051.0 0.08473550417624984
41 40 35 0.0 0.0 5083.0 0.0 8805.0 82.0 92789.0 0.08822232024702249
41 40 36 0.0 2.0 6149.0 3.0 5655.0 81.0 131195.0 0.10140518615094885
41 40 37 0.0 1.0 6604.0 1.0 3695.0 36.0 153709.0 0.11362714065416767
41 40 38 0.0 10.0 6764.0 4.0 2435.0 35.0 167649.0 0.12481055540697153
41 40 39 0.0 19.0 5782.0 12.0 1671.0 21.0 177000.0 0.14780405405405403
41 40 40 0.0 54.0 6751.0 17.0 1697.0 31.0 176301.0 0.13299135556188846
41 40 41 0.0 56.0 4739.0 31.0 1443.0 30.0 179262.0 0.16940948693126812
41 40 42 0.0 62.0 5806.0 27.0 2301.0 41.0 168851.0 0.13730874852883482
41 40 43 0.0 13.0 7790.0 24.0 4979.0 65.0 141314.0 0.0944478175807866
41 40 44 0.0 6.0 5737.0 21.0 6780.0 77.0 114718.0 0.09620670698185815
41 40 45 0.0 0.0 4372.0 1.0 10959.0 73.0 69200.0 0.08077544426494344
41 40 46 0.0 0.0 2616.0 0.0 12300.0 48.0 41690.0 0.08272276057669581
41 40 47 0.0 0.0 1570.0 0.0 13532.0 33.0 20669.0 0.08186655751125664
41 40 48 0.0 0.0 734.0 0.0 11901.0 29.0 5323.0 0.09575923392612859
41 40 49 0.0 0.0 131.0 0.0 2723.0 24.0 41.0 0.28985507246376807
41 40 50 0.0 0.0 0.0 0.0 16.0 0.0 0.0 0.6944444444444444
41 41 30 0.0 0.0 3.0 0.0 90.0 1.0 0.0 0.669536107125777
41 41 31 0.0 0.0 203.0 0.0 4372.0 19.0 176.0 0.21357742181540806
41 41 32 0.0 0.0 600.0 0.0 11238.0 27.0 3765.0 0.101309790867646
41 41 33 0.0 0.0 1614.0 0.0 13227.0 42.0 22280.0 0.0831353919239905
41 41 34 0.0 0.0 3171.0 0.0 12055.0 72.0 50381.0 0.08126306013466449
41 41 35 0.0 0.0 4826.0 0.0 8962.0 73.0 88818.0 0.08853474988933156
41 41 36 0.0 0.0 5230.0 0.0 5118.0 66.0 132072.0 0.11331444759206798
41 41 37 0.0 0.0 5589.0 1.0 3618.0 53.0 152764.0 0.12491077801570305
41 41 38 0.0 7.0 6094.0 5.0 2707.0 39.0 164959.0 0.12937806117734033
41 41 39 0.0 20.0 4857.0 15.0 1655.0 20.0 176300.0 0.1636087413813252
41 41 40 0.0 74.0 5344.0 41.0 1591.0 28.0 177411.0 0.1548843898661356
41 41 41 2.0 81.0 5700.0 53.0 2013.0 29.0 173215.0 0.1423777077189057
41 41 42 0.0 86.0 7777.0 65.0 3406.0 49.0 157668.0 0.10508932592703797
41 41 43 0.0 24.0 6885.0 28.0 5000.0 60.0 138822.0 0.10044482709140479
41 41 44 0.0 5.0 6112.0 12.0 7926.0 84.0 105203.0 0.08718395815170008
41 41 45 0.0 0.0 4063.0 0.0 10820.0 64.0 66781.0 0.0829875518672199
41 41 46 0.0 0.0 2853.0 0.0 11800.0 68.0 48608.0 0.08410428931875524
41 41 47 0.0 0.0 1277.0 0.0 13398.0 38.0 15068.0 0.084008400840084
41 41 48 0.0 0.0 545.0 0.0 9885.0 31.0 2166.0 0.11282133935047141
41 41 49 0.0 0.0 203.0 0.0 4578.0 16.0 180.0 0.20682523267838673
41 41 50 0.0 0.0 0.0 0.0 6.0 0.0 0.0 0.6979062811565303
41 42 30 0.0 0.0 35.0 0.0 925.0 3.0 5.0 0.47345282380791337
41 42 31 0.0 0.0 192.0 0.0 4566.0 20.0 207.0 0.20765351527736575
41 42 32 0.0 0.0 620.0 0.0 10876.0 30.0 2895.0 0.10389610389610389
41 42 33 0.0 0.0 1590.0 0.0 13592.0 44.0 20902.0 0.08149484836137143
41 42 34 0.0 0.0 2489.0 0.0 13414.0 56.0 35058.0 0.07814680435389337
41 42 35 0.0 0.0 4122.0 1.0 8885.0 79.0 84887.0 0.0932773669131854
41 42 36 0.0 0.0 5733.0 0.0 8299.0 87.0 100324.0 0.08735259250015598
41 42 37 0.0 1.0 6712.0 0.0 5984.0 75.0 129666.0 0.09518629317378297
41 42 38 0.0 5.0 7873.0 7.0 5009.0 70.0 141204.0 0.0939786534201517
41 42 39 0.0 28.0 7272.0 24.0 3462.0 49.0 156945.0 0.10947763528307788
41 42 40 0.0 68.0 6561.0 53.0 2880.0 38.0 162491.0 0.12082506257012167
41 42 41 0.0 96.0 7607.0 66.0 3495.0 48.0 155616.0 0.10555681218427203
41 42 42 0.0 54.0 6223.0 65.0 3885.0 49.0 150406.0 0.11438843042732248
41 42 43 0.0 9.0 5381.0 11.0 4818.0 61.0 137287.0 0.11460379829731498
41 42 44 0.0 0.0 5785.0 1.0 9648.0 75.0 88870.0 0.0802430217229323
41 42 45 0.0 0.0 3839.0 0.0 11262.0 78.0 61422.0 0.08188571094344037
41 42 46 0.0 0.0 2028.0 0.0 13219.0 45.0 28726.0 0.08117353742679885
41 42 47 0.0 0.0 743.0 0.0 11895.0 26.0 4485.0 0.09570686354935738
41 42 48 0.0 0.0 418.0 0.0 8647.0 31.0 1301.0 0.12678862524904908
41 42 49 0.0 0.0 91.0 0.0 2063.0 18.0 35.0 0.33857315598548965
41 42 50 0.0 0.0 14.0 0.0 298.0 5.0 0.0 0.6068487212830515
41 43 29 0.0 0.0 0.0 0.0 1.0 0.0 0.0 0.6996501749125437
41 43 30 0.0 0.0 5.0 0.0 85.0 1.0 0.0 0.6701771182383915
41 43 31 0.0 0.0 33.0 0.0 1273.0 4.0 9.0 0.4242424242424242
41 43 32 0.0 0.0 525.0 0.0 10191.0 18.0 2747.0 0.11015815563773704
41 43 33 0.0 0.0 1012.0 0.0 13032.0 33.0 10424.0 0.08726003490401395
41 43 34 0.0 0.0 2128.0 0.0 13136.0 54.0 31053.0 0.0810983027283786
41 43 35 0.0 0.0 3573.0 0.0 10576.0 71.0 64415.0 0.08670341239858796
41 43 36 0.0 0.0 4668.0 0.0 9786.0 76.0 80572.0 0.08499787505312366
41 43 37 0.0 0.0 5380.0 0.0 7132.0 80.0 108607.0 0.09633911368015413
41 43 38 0.0 0.0 6668.0 0.0 7016.0 73.0 116188.0 0.08913223403578022
41 43 39 0.0 14.0 6864.0 13.0 6154.0 76.0 127984.0 0.09318423855165069
41 43 40 0.0 25.0 6943.0 41.0 5455.0 57.0 133432.0 0.09673184550542388
41 43 41 0.0 23.0 6950.0 31.0 5845.0 68.0 130444.0 0.09416195856873821
41 43 42 0.0 17.0 6242.0 19.0 6234.0 74.0 123376.0 0.09651178822556182
41 43 43 0.0 5.0 5249.0 10.0 6719.0 78.0 114996.0 0.10011441647597252
41 43 44 0.0 1.0 4561.0 1.0 8245.0 74.0 94163.0 0.09445418971798678
41 43 45 0.0 0.0 3248.0 0.0 12127.0 60.0 50238.0 0.08049678012879484
41 43 46 0.0 0.0 1815.0 0.0 13616.0 48.0 24437.0 0.08034433285509325
41 43 47 0.0 0.0 582.0 0.0 10550.0 26.0 2513.0 0.10678056593699946
41 43 48 0.0 0.0 409.0 0.0 8585.0 20.0 1346.0 0.12750455373406192
41 43 49 0.0 0.0 337.0 0.0 6946.0 20.0 682.0 0.15112262521588943
41 43 50 0.0 0.0 0.0 0.0 21.0 0.0 0.0 0.6927263730826323
41 44 30 0.0 0.0 0.0 0.0 20.0 0.0 0.0 0.6930693069306929
41 44 31 0.0 0.0 317.0 0.0 6562.0 26.0 647.0 0.15799571154497233
41 44 32 0.0 0.0 366.0 0.0 7804.0 18.0 1017.0 0.13776815587482777
41 44 33 0.0 0.0 941.0 0.0 13093.0 25.0 7300.0 0.08735259250015598
41 44 34 0.0 0.0 1267.0 0.0 13816.0 26.0 13905.0 0.08191925102399063
41 44 35 0.0 0.0 2394.0 0.0 12395.0 62.0 38917.0 0.08341277407054336
41 44 36 0.0 0.0 3200.0 0.0 11923.0 67.0 51466.0 0.08178047783164903
41 44 37 0.0 0.0 3928.0 0.0 10674.0 75.0 67141.0 0.0841902700102231
41 44 38 0.0 0.0 5017.0 0.0 10791.0 80.0 74053.0 0.07858546168958741
41 44 39 0.0 0.0 5394.0 0.0 9422.0 100.0 88619.0 0.08331845503779085
41 44 40 0.0 1.0 5586.0 1.0 8440.0 80.0 98148.0 0.08735259250015598
41 44 41 0.0 1.0 5572.0 7.0 9853.0 81.0 84309.0 0.0803028564873236
41 44 42 0.0 5.0 5102.0 14.0 10146.0 77.0 79877.0 0.08108890819577179
41 44 43 0.0 0.0 4384.0 1.0 9925.0 80.0 75831.0 0.08584743684081432
41 44 44 0.0 0.0 3487.0 0.0 12281.0 55.0 52655.0 0.07875344546323901
41 44 45 0.0 0.0 2916.0 0.0 11205.0 74.0 52875.0 0.08690254500310365
41 44 46 0.0 0.0 1384.0 0.0 13885.0 36.0 14684.0 0.08106073765271263
41 44 47 0.0 0.0 779.0 0.0 12275.0 27.0 6382.0 0.0929985385943935
41 44 48 0.0 0.0 333.0 0.0 6650.0 25.0 570.0 0.15623256332998545
41 44 49 0.0 0.0 189.0 0.0 4415.0 21.0 210.0 0.21260440394836747
41 44 50 0.0 0.0 0.0 0.0 11.0 0.0 0.0 0.6961710591745399
41 45 30 0.0 0.0 1.0 0.0 20.0 0.0 0.0 0.6934125804853887
41 45 31 0.0 0.0 5.0 0.0 169.0 3.0 0.0 0.6451612903225805
41 45 32 0.0 0.0 206.0 0.0 4971.0 15.0 309.0 0.19544883428730978
41 45 33 0.0 0.0 330.0 0.0 7752.0 22.0 1042.0 0.13908205841446453
41 45 34 0.0 0.0 837.0 0.0 12497.0 33.0 6963.0 0.09138381201044385
41 45 35 0.0 0.0 1542.0 0.0 13544.0 34.0 19679.0 0.08188571094344037
41 45 36 0.0 0.0 1777.0 0.0 13424.0 57.0 24774.0 0.08141428239125377
41 45 37 0.0 0.0 2355.0 0.0 12932.0 66.0 36017.0 0.08108890819577179
41 45 38 0.0 0.0 3218.0 0.0 11849.0 66.0 51513.0 0.08205368655491735
41 45 39 0.0 0.0 3452.0 0.0 9619.0 73.0 71518.0 0.09301089556205154
41 45 40 0.0 0.0 3523.0 0.0 11476.0 64.0 56870.0 0.08230936562996059
41 45 41 0.0 3.0 3390.0 12.0 11931.0 66.0 52413.0 0.08061729816883566
41 45 42 0.0 0.0 2982.0 0.0 13357.0 60.0 40181.0 0.07635669484592308
41 45 43 0.0 0.0 2527.0 0.0 12763.0 56.0 37523.0 0.08101851851851852
41 45 44 0.0 0.0 2106.0 0.0 13765.0 53.0 27557.0 0.07835674707561426
41 45 45 0.0 0.0 1811.0 0.0 13644.0 41.0 24318.0 0.0802062446290461
41 45 46 0.0 0.0 1178.0 0.0 13556.0 28.0 12319.0 0.08363201911589008
41 45 47 0.0 0.0 778.0 0.0 12134.0 30.0 6701.0 0.09391561011605286
41 45 48 0.0 0.0 109.0 0.0 3061.0 11.0 98.0 0.2714230321830166
41 45 49 0.0 0.0 1.0 0.0 105.0 0.0 0.0 0.664767331433998
41 45 50 0.0 0.0 9.0 0.0 128.0 1.0 0.0 0.6554307116104868
41 46 30 0.0 0.0 0.0 0.0 5.0 0.0 0.0 0.6986027944111775
41 46 31 0.0 0.0 103.0 0.0 2422.0 17.0 34.0 0.3104212860310421
41 46 32 0.0 0.0 350.0 0.0 7349.0 22.0 806.0 0.14461315979754158
41 46 33 0.0 0.0 233.0 0.0 5104.0 22.0 275.0 0.19120458891013384
41 46 34 0.0 0.0 498.0 0.0 9945.0 19.0 2502.0 0.1126035550550953
41 46 35 0.0 0.0 617.0 0.0 10750.0 31.0 2766.0 0.10492393015064078
41 46 36 0.0 0.0 866.0 0.0 12671.0 29.0 6855.0 0.09013068949977465
41 46 37 0.0 0.0 1796.0 0.0 12918.0 45.0 26410.0 0.08375209380234505
41 46 38 0.0 0.0 2026.0 0.0 13009.0 57.0 29650.0 0.08222718195700691
41 46 39 0.0 0.0 1864.0 0.0 13864.0 31.0 22977.0 0.07888212756366914
41 46 40 0.0 0.0 1930.0 0.0 13848.0 52.0 24842.0 0.07874015748031495
41 46 41 0.0 0.0 1730.0 0.0 13671.0 38.0 21931.0 0.08042279411764705
41 46 42 0.0 0.0 1742.0 0.0 13363.0 40.0 23075.0 0.08179481187193269
41 46 43 0.0 0.0 1323.0 0.0 13632.0 33.0 15490.0 0.08253257088958321
41 46 44 0.0 0.0 1091.0 0.0 13332.0 39.0 11490.0 0.08529304252467405
41 46 45 0.0 0.0 841.0 0.0 12649.0 30.0 6390.0 0.09043343453265291
41 46 46 0.0 0.0 640.0 0.0 10997.0 27.0 3252.0 0.10272213662044169
41 46 47 0.0 0.0 636.0 0.0 10838.0 14.0 3180.0 0.10384986276982418
41 46 48 0.0 0.0 59.0 0.0 1412.0 9.0 14.0 0.4045073678127708
41 46 49 0.0 0.0 0.0 0.0 41.0 0.0 0.0 0.6859382655560998
41 47 31 0.0 0.0 6.0 0.0 162.0 1.0 0.0 0.646054453161052
41 47 32 0.0 0.0 130.0 0.0 3279.0 17.0 107.0 0.25964391691394656
41 47 33 0.0 0.0 103.0 0.0 2540.0 10.0 37.0 0.3021800129505719
41 47 34 0.0 0.0 194.0 0.0 4609.0 17.0 159.0 0.20627670546633264
41 47 35 0.0 0.0 124.0 0.0 2945.0 15.0 47.0 0.2770083102493074
41 47 36 0.0 0.0 869.0 0.0 12538.0 30.0 6431.0 0.09096225066597362
41 47 37 0.0 0.0 1159.0 0.0 13349.0 31.0 13366.0 0.08477655322756449
41 47 38 0.0 0.0 1408.0 0.0 13116.0 37.0 19916.0 0.08474063313358754
41 47 39 0.0 0.0 1069.0 0.0 13359.0 24.0 10445.0 0.0851996105160662
41 47 40 0.0 0.0 1008.0 0.0 13035.0 23.0 10366.0 0.08717852917367207
41 47 41 0.0 0.0 756.0 0.0 11911.0 28.0 4705.0 0.09555661729574771
41 47 42 0.0 0.0 674.0 0.0 11372.0 29.0 3256.0 0.0997506234413965
41 47 43 0.0 0.0 749.0 0.0 12102.0 33.0 4867.0 0.09437778077389779
41 47 44 0.0 0.0 493.0 0.0 9190.0 30.0 1486.0 0.12002743484224963
41 47 45 0.0 0.0 518.0 0.0 10242.0 25.0 2757.0 0.10981253431641697
41 47 46 0.0 0.0 331.0 0.0 6985.0 23.0 596.0 0.15055382299171954
41 47 47 0.0 0.0 161.0 0.0 3920.0 19.0 116.0 0.23094688221709
41 47 48 0.0 0.0 35.0 0.0 950.0 5.0 4.0 0.47027208599260995
41 47 49 0.0 0.0 40.0 0.0 817.0 9.0 2.0 0.49157303370786515
41 47 50 0.0 0.0 0.0 0.0 1.0 0.0 0.0 0.6996501749125437
41 48 31 0.0 0.0 0.0 0.0 7.0 0.0 0.0 0.6975585450921773
41 48 32 0.0 0.0 15.0 0.0 255.0 1.0 0.0 0.6170118995152049
41 48 33 0.0 0.0 22.0 0.0 391.0 7.0 0.0 0.5818786367414795
41 48 34 0.0 0.0 6.0 0.0 104.0 2.0 0.0 0.6641366223908918
41 48 35 0.0 0.0 154.0 0.0 3906.0 17.0 129.0 0.23167301009432398
41 48 36 0.0 0.0 327.0 0.0 7376.0 20.0 816.0 0.14455343314403712
41 48 37 0.0 0.0 740.0 0.0 11794.0 24.0 5204.0 0.09633248469001582
41 48 38 0.0 0.0 470.0 0.0 9126.0 21.0 1624.0 0.12083549110996028
41 48 39 0.0 0.0 261.0 0.0 6269.0 24.0 583.0 0.1644736842105263
41 48 40 0.0 0.0 423.0 0.0 8503.0 20.0 1222.0 0.1282756093091442
41 48 41 0.0 0.0 360.0 0.0 7150.0 16.0 773.0 0.14727540500736375
41 48 42 0.0 0.0 291.0 0.0 6859.0 23.0 725.0 0.15323992994746058
41 48 43 0.0 0.0 371.0 0.0 7259.0 29.0 734.0 0.145681581685744
41 48 44 0.0 0.0 169.0 0.0 4175.0 18.0 180.0 0.2213438735177865
41 48 45 0.0 0.0 197.0 0.0 4337.0 14.0 174.0 0.21446078431372545
41 48 46 0.0 0.0 61.0 0.0 1603.0 5.0 14.0 0.38272279934390374
41 48 47 0.0 0.0 1.0 0.0 48.0 1.0 0.0 0.6835937499999999
41 48 48 0.0 0.0 0.0 0.0 4.0 0.0 0.0 0.6986027944111775
41 48 50 0.0 0.0 0.0 0.0 1.0 0.0 0.0 0.6996501749125437
41 49 34 0.0 0.0 0.0 0.0 15.0 0.0 0.0 0.694789081885856
41 49 35 0.0 0.0 30.0 0.0 672.0 3.0 1.0 0.5187106335679881
41 49 36 0.0 0.0 264.0 0.0 5863.0 16.0 384.0 0.17243502894445126
41 49 37 0.0 0.0 163.0 0.0 3491.0 20.0 87.0 0.24849130280440182
41 49 38 0.0 0.0 63.0 0.0 1641.0 12.0 17.0 0.37909558624424583
41 49 39 0.0 0.0 54.0 0.0 1136.0 13.0 7.0 0.4406672961913755
41 49 40 0.0 0.0 99.0 0.0 1837.0 15.0 21.0 0.3570517725070135
41 49 41 0.0 0.0 0.0 0.0 94.0 1.0 0.0 0.6692160611854684
41 49 42 0.0 0.0 3.0 0.0 120.0 0.0 0.0 0.6597549481621111
41 49 43 0.0 0.0 0.0 0.0 75.0 0.0 0.0 0.6746987951807227
41 49 44 0.0 0.0 58.0 0.0 1282.0 10.0 13.0 0.4204204204204203
41 49 45 0.0 0.0 21.0 0.0 290.0 6.0 0.0 0.6073752711496745
41 49 46 0.0 0.0 0.0 0.0 3.0 1.0 0.0 0.6993006993006992
41 50 35 0.0 0.0 1.0 0.0 26.0 0.0 0.0 0.6906758756783422
41 50 36 0.0 0.0 3.0 0.0 67.0 2.0 0.0 0.6769825918762088
41 50 37 0.0 0.0 20.0 0.0 282.0 6.0 0.0 0.6097560975609755
41 50 38 0.0 0.0 2.0 0.0 92.0 0.0 0.0 0.668896321070234
41 50 39 0.0 0.0 0.0 0.0 34.0 0.0 0.0 0.6882989183874139
41 50 40 0.0 0.0 38.0 0.0 830.0 11.0 1.0 0.4900245012250612
41 51 36 0.0 0.0 0.0 0.0 1.0 0.0 0.0 0.6996501749125437
42 30 34 0.0 0.0 0.0 0.0 2.0 0.0 0.0 0.6996501749125437
42 30 36 0.0 0.0 0.0 0.0 5.0 0.0 0.0 0.6982543640897755
42 30 37 0.0 0.0 0.0 0.0 16.0 0.0 0.0 0.6944444444444444
42 30 38 0.0 0.0 0.0 0.0 11.0 0.0 0.0 0.6961710591745399
42 30 39 0.0 0.0 6.0 0.0 89.0 0.0 0.0 0.6685768863419292
42 30 40 0.0 0.0 5.0 0.0 111.0 2.0 0.0 0.662251655629139
42 30 41 0.0 0.0 29.0 0.0 676.0 5.0 1.0 0.5185185185185184
42 30 42 0.0 0.0 0.0 0.0 20.0 0.0 0.0 0.6930693069306929
42 30 43 0.0 0.0 0.0 0.0 7.0 0.0 0.0 0.6979062811565303
42 30 44 0.0 0.0 0.0 0.0 3.0 0.0 0.0 0.6993006993006992
42 31 32 0.0 0.0 0.0 0.0 3.0 0.0 0.0 0.6989515726410384
42 31 33 0.0 0.0 0.0 0.0 11.0 0.0 0.0 0.6961710591745399
42 31 34 0.0 0.0 59.0 0.0 1182.0 16.0 5.0 0.4341085271317829
42 31 35 0.0 0.0 69.0 0.0 1507.0 12.0 13.0 0.392817059483726
42 31 36 0.0 0.0 70.0 0.0 1631.0 11.0 14.0 0.37940379403794033
42 31 37 0.0 0.0 3.0 0.0 238.0 2.0 0.0 0.6255585344057193
42 31 38 0.0 0.0 48.0 0.0 981.0 9.0 8.0 0.4634227077126778
42 31 39 0.0 0.0 159.0 0.0 3862.0 16.0 119.0 0.23306142833361077
42 31 40 0.0 0.0 70.0 0.0 2096.0 14.0 28.0 0.33726812816188867
42 31 41 0.0 0.0 369.0 0.0 7780.0 21.0 917.0 0.13818971473694597
42 31 42 0.0 0.0 126.0 0.0 3053.0 12.0 79.0 0.2708454246469336
42 31 43 0.0 0.0 110.0 0.0 2723.0 12.0 60.0 0.29027576197387517
42 31 44 0.0 0.0 14.0 0.0 342.0 5.0 1.0 0.5954912803062525
42 31 45 0.0 0.0 12.0 0.0 178.0 3.0 0.0 0.6404391582799633
42 31 46 0.0 0.0 0.0 0.0 2.0 0.0 0.0 0.6993006993006992
42 32 32 0.0 0.0 0.0 0.0 21.0 0.0 0.0 0.6927263730826323
42 32 33 0.0 0.0 44.0 0.0 1151.0 2.0 9.0 0.4385964912280701
42 32 34 0.0 0.0 129.0 0.0 2887.0 20.0 64.0 0.28028028028028024
42 32 35 0.0 0.0 356.0 0.0 7178.0 26.0 697.0 0.14710518020384575
42 32 36 0.0 0.0 359.0 0.0 7294.0 25.0 740.0 0.14537902388369675
42 32 37 0.0 0.0 371.0 0.0 7365.0 22.0 697.0 0.14406256431364478
42 32 38 0.0 0.0 513.0 0.0 9641.0 23.0 1972.0 0.11529276126163221
42 32 39 0.0 0.0 346.0 0.0 7536.0 18.0 893.0 0.1418583443104671
42 32 40 0.0 0.0 693.0 0.0 11611.0 34.0 4333.0 0.09798432250839864
42 32 41 0.0 0.0 821.0 0.0 12438.0 35.0 6481.0 0.09183338799606428
42 32 42 0.0 0.0 414.0 0.0 8279.0 26.0 1251.0 0.13117211655579497
42 32 43 0.0 0.0 591.0 0.0 10222.0 18.0 2301.0 0.10932375449008276
42 32 44 0.0 0.0 228.0 0.0 5214.0 18.0 300.0 0.18857758620689655
42 32 45 0.0 0.0 78.0 0.0 1966.0 12.0 25.0 0.3472222222222222
42 32 46 0.0 0.0 24.0 0.0 281.0 3.0 0.0 0.6081668114682883
42 32 47 0.0 0.0 0.0 0.0 4.0 0.0 0.0 0.6986027944111775
42 33 31 0.0 0.0 0.0 0.0 6.0 0.0 0.0 0.6979062811565303
42 33 32 0.0 0.0 18.0 0.0 446.0 3.0 0.0 0.5688744412840308
42 33 33 0.0 0.0 116.0 0.0 2985.0 15.0 69.0 0.2753195673549656
42 33 34 0.0 0.0 426.0 0.0 8688.0 20.0 1331.0 0.12610340479192936
42 33 35 0.0 0.0 425.0 0.0 9147.0 21.0 1804.0 0.12115967113803547
42 33 36 0.0 0.0 994.0 0.0 13147.0 30.0 9653.0 0.08671415298854133
42 33 37 0.0 0.0 886.0 0.0 12607.0 36.0 8160.0 0.09046265184802273
42 33 38 0.0 0.0 1075.0 0.0 13125.0 41.0 10603.0 0.08651588184402421
42 33 39 0.0 0.0 1109.0 0.0 13417.0 32.0 11715.0 0.08477141992128367
42 33 40 0.0 0.0 1666.0 0.0 13383.0 37.0 22402.0 0.08207773934455062
42 33 41 0.0 0.0 1339.0 0.0 13918.0 42.0 15120.0 0.08114530806236596
42 33 42 0.0 0.0 1143.0 0.0 13112.0 46.0 14536.0 0.08623344625808438
42 33 43 0.0 0.0 747.0 0.0 11843.0 25.0 4977.0 0.09603512141583206
42 33 44 0.0 0.0 727.0 0.0 11800.0 25.0 4754.0 0.0963789067878287
42 33 45 0.0 0.0 439.0 0.0 8730.0 29.0 1493.0 0.12560559842095817
42 33 46 0.0 0.0 40.0 0.0 1029.0 11.0 7.0 0.4578155657292347
42 33 47 0.0 0.0 4.0 0.0 147.0 1.0 0.0 0.6511627906976742
42 33 48 0.0 0.0 1.0 0.0 34.0 0.0 0.0 0.6879606879606879
42 34 30 0.0 0.0 0.0 0.0 2.0 0.0 0.0 0.6993006993006992
42 34 31 0.0 0.0 0.0 0.0 48.0 1.0 0.0 0.6842619745845552
42 34 32 0.0 0.0 173.0 0.0 3926.0 19.0 129.0 0.2301874383426504
42 34 33 0.0 0.0 338.0 0.0 7533.0 19.0 977.0 0.14203104392817287
42 34 34 0.0 0.0 1023.0 0.0 12999.0 28.0 11210.0 0.08734169318110924
42 34 35 0.0 0.0 1437.0 0.0 13762.0 33.0 16706.0 0.08137169427492008
42 34 36 0.0 0.0 1818.0 0.0 13555.0 53.0 24882.0 0.08064051609930303
42 34 37 0.0 0.0 2183.0 0.0 12603.0 47.0 34229.0 0.08333333333333333
42 34 38 0.0 0.0 2527.0 0.0 12740.0 59.0 37814.0 0.08107951583946255
42 34 39 0.0 0.0 2856.0 0.0 10833.0 62.0 55001.0 0.08921175046198941
42 34 40 0.0 0.0 2109.0 0.0 13369.0 61.0 29546.0 0.08018327605956471
42 34 41 0.0 0.0 2362.0 0.0 12140.0 61.0 39701.0 0.0849256900212314
42 34 42 0.0 0.0 1574.0 0.0 14008.0 40.0 19496.0 0.07962236250924187
42 34 43 0.0 0.0 1511.0 0.0 13876.0 42.0 17561.0 0.08049678012879484
42 34 44 0.0 0.0 908.0 0.0 12741.0 24.0 7248.0 0.08950262114819076
42 34 45 0.0 0.0 567.0 0.0 10732.0 24.0 3046.0 0.1053502897132967
42 34 46 0.0 0.0 564.0 0.0 10499.0 25.0 3301.0 0.10727147345031032
42 34 47 0.0 0.0 329.0 0.0 6940.0 28.0 665.0 0.15144958892254431
42 34 48 0.0 0.0 39.0 0.0 845.0 11.0 4.0 0.48746518105849573
42 34 49 0.0 0.0 0.0 0.0 10.0 0.0 0.0 0.6965174129353233
42 35 30 0.0 0.0 4.0 0.0 140.0 2.0 0.0 0.65359477124183
42 35 31 0.0 0.0 66.0 0.0 1886.0 12.0 22.0 0.35532994923857864
42 35 32 0.0 0.0 470.0 0.0 8978.0 21.0 1539.0 0.12245254963701564
42 35 33 0.0 0.0 1043.0 0.0 13306.0 31.0 10007.0 0.08566882878472645
42 35 34 0.0 0.0 954.0 0.0 13173.0 31.0 8178.0 0.086848635235732
42 35 35 0.0 0.0 2346.0 0.0 12304.0 71.0 39365.0 0.08412450426631413
42 35 36 0.0 0.0 3065.0 0.0 11646.0 72.0 51650.0 0.08384739773612025
42 35 37 0.0 0.0 3541.0 0.0 10467.0 72.0 66272.0 0.08742896396677699
42 35 38 0.0 0.0 4017.0 0.0 10290.0 71.0 70429.0 0.08574753475837568
42 35 39 0.0 0.0 4022.0 0.0 12114.0 81.0 56444.0 0.07719878687620622
42 35 40 0.0 0.0 3857.0 0.0 12847.0 73.0 52276.0 0.0748502994011976
42 35 41 0.0 0.0 3434.0 0.0 11610.0 60.0 54645.0 0.08205368655491735
42 35 42 0.0 0.0 2795.0 0.0 12762.0 52.0 40729.0 0.0796903460837887
42 35 43 0.0 0.0 2488.0 0.0 12741.0 59.0 38716.0 0.08122063004003016
42 35 44 0.0 0.0 1834.0 0.0 13074.0 41.0 26610.0 0.0826787928896238
42 35 45 0.0 0.0 1034.0 0.0 13389.0 37.0 8101.0 0.08529823920063363
42 35 46 0.0 0.0 711.0 0.0 11686.0 30.0 4241.0 0.09735744089012517
42 35 47 0.0 0.0 371.0 0.0 8013.0 22.0 1063.0 0.13503086419753085
42 35 48 0.0 0.0 214.0 0.0 5200.0 14.0 303.0 0.18918918918918917
42 35 49 0.0 0.0 43.0 0.0 1062.0 10.0 4.0 0.45219638242894056
42 35 50 0.0 0.0 0.0 0.0 15.0 1.0 0.0 0.6951340615690167
42 36 29 0.0 0.0 0.0 0.0 2.0 0.0 0.0 0.6993006993006992
42 36 30 0.0 0.0 7.0 0.0 216.0 2.0 0.0 0.6309148264984226
42 36 31 0.0 0.0 387.0 0.0 8017.0 25.0 1136.0 0.13479684190256114
42 36 32 0.0 0.0 840.0 0.0 12643.0 18.0 7088.0 0.09040423608420509
42 36 33 0.0 0.0 911.0 0.0 12795.0 31.0 6912.0 0.08923449550640576
42 36 34 0.0 0.0 1642.0 0.0 13431.0 45.0 21174.0 0.08202484180923364
42 36 35 0.0 0.0 3080.0 0.0 11975.0 52.0 49206.0 0.08198641368001873
42 36 36 0.0 0.0 4283.0 0.0 9023.0 73.0 83967.0 0.0913897774006136
42 36 37 0.0 0.0 5073.0 0.0 8285.0 59.0 97186.0 0.09108060633660789
42 36 38 0.0 0.0 5399.0 0.0 7079.0 67.0 111794.0 0.09655172413793103
42 36 39 0.0 0.0 6107.0 0.0 8670.0 88.0 99470.0 0.08352723584511663
42 36 40 0.0 0.0 5609.0 0.0 7805.0 60.0 103857.0 0.09067944815078696
42 36 41 0.0 0.0 5436.0 0.0 9562.0 94.0 86783.0 0.08232872684504557
42 36 42 0.0 1.0 4782.0 2.0 9599.0 80.0 82771.0 0.08542836221625578
42 36 43 0.0 0.0 3809.0 0.0 11803.0 89.0 57105.0 0.0795138297268132
42 36 44 0.0 0.0 2840.0 0.0 12138.0 59.0 46168.0 0.08240626287597856
42 36 45 0.0 0.0 2094.0 0.0 13487.0 46.0 29034.0 0.07958615200955033
42 36 46 0.0 0.0 1790.0 0.0 12933.0 57.0 26391.0 0.08381727833323353
42 36 47 0.0 0.0 525.0 0.0 10042.0 28.0 2527.0 0.11161604081958064
42 36 48 0.0 0.0 228.0 0.0 5002.0 15.0 258.0 0.19393267765618505
42 36 49 0.0 0.0 136.0 0.0 3553.0 23.0 118.0 0.24704429151226398
42 36 50 0.0 0.0 0.0 0.0 8.0 0.0 0.0 0.697211155378486
42 37 29 0.0 0.0 0.0 0.0 9.0 0.0 0.0 0.6968641114982577
42 37 30 0.0 0.0 158.0 0.0 3177.0 19.0 68.0 0.26325686348251215
42 37 31 0.0 0.0 392.0 0.0 7991.0 31.0 1012.0 0.13516122803630043
42 37 32 0.0 0.0 1129.0 0.0 13254.0 42.0 12141.0 0.0855798031664527
42 37 33 0.0 0.0 1833.0 0.0 12533.0 69.0 29491.0 0.08563738683631024
42 37 34 0.0 0.0 2620.0 0.0 12500.0 50.0 41498.0 0.08173750583839326
42 37 35 0.0 0.0 3714.0 0.0 11124.0 75.0 61925.0 0.08308605341246289
42 37 36 0.0 2.0 5071.0 1.0 8523.0 100.0 96132.0 0.08986456126837408
42 37 37 0.0 0.0 5974.0 0.0 6803.0 87.0 117889.0 0.09481240688067182
42 37 38 0.0 0.0 6946.0 0.0 5797.0 61.0 130347.0 0.09483809781872374
42 37 39 0.0 0.0 6176.0 0.0 4780.0 61.0 140646.0 0.10786655366361043
42 37 40 0.0 1.0 6825.0 5.0 5594.0 72.0 133330.0 0.09711431742508324
42 37 41 0.0 4.0 6584.0 6.0 5795.0 73.0 129339.0 0.09732360097323599
42 37 42 0.0 2.0 6477.0 3.0 6783.0 85.0 117898.0 0.09175514484205007
42 37 43 0.0 0.0 5391.0 0.0 8565.0 70.0 94374.0 0.08768084173608065
42 37 44 0.0 0.0 4370.0 0.0 10940.0 87.0 69459.0 0.08092485549132947
42 37 45 0.0 0.0 2961.0 0.0 12689.0 66.0 44845.0 0.07930663343341074
42 37 46 0.0 0.0 1863.0 0.0 13619.0 41.0 24514.0 0.08007320979180965
42 37 47 0.0 0.0 844.0 0.0 12604.0 24.0 7017.0 0.09067357512953367
42 37 48 0.0 0.0 355.0 0.0 7635.0 20.0 925.0 0.1403649488670543
42 37 49 0.0 0.0 8.0 0.0 284.0 2.0 1.0 0.6118881118881118
42 37 50 0.0 0.0 0.0 0.0 11.0 0.0 0.0 0.6961710591745399
42 38 29 0.0 0.0 0.0 0.0 1.0 0.0 0.0 0.0
42 38 30 0.0 0.0 2.0 0.0 85.0 2.0 0.0 0.6714628297362109
42 38 31 0.0 0.0 250.0 0.0 5930.0 17.0 417.0 0.1713796058269066
42 38 32 0.0 0.0 1009.0 0.0 13001.0 30.0 8952.0 0.08747266479225241
42 38 33 0.0 0.0 1351.0 0.0 14026.0 34.0 14317.0 0.0805709023941068
42 38 34 0.0 0.0 2861.0 0.0 12110.0 54.0 45531.0 0.08237716975581053
42 38 35 0.0 0.0 4268.0 0.0 10252.0 81.0 74154.0 0.08474063313358754
42 38 36 0.0 0.0 6063.0 0.0 8207.0 77.0 102753.0 0.08602679120068821
42 38 37 0.0 0.0 6410.0 0.0 5115.0 54.0 136304.0 0.10338207059518534
42 38 38 0.0 2.0 5526.0 0.0 3343.0 42.0 156007.0 0.12872379551305624
42 38 39 0.0 3.0 5498.0 3.0 3008.0 47.0 160800.0 0.13324450366422383
42 38 40 0.0 10.0 6842.0 9.0 3540.0 58.0 155314.0 0.11273957158962794
42 38 41 0.0 3.0 6403.0 0.0 3558.0 49.0 154116.0 0.11702750146284374
42 38 42 0.0 3.0 6964.0 3.0 4704.0 57.0 141980.0 0.10232422160502849
42 38 43 0.0 3.0 5565.0 7.0 5262.0 54.0 132537.0 0.1088900987788753
42 38 44 0.0 1.0 5350.0 3.0 8069.0 76.0 100531.0 0.09083241419580872
42 38 45 0.0 0.0 3726.0 0.0 8776.0 77.0 82745.0 0.09663836543107612
42 38 46 0.0 0.0 2674.0 0.0 12171.0 61.0 43304.0 0.0831353919239905
42 38 47 0.0 0.0 820.0 0.0 12553.0 24.0 5690.0 0.09111617312072892
42 38 48 0.0 0.0 648.0 0.0 10911.0 21.0 2892.0 0.10331340860453102
42 38 49 0.0 0.0 188.0 0.0 3691.0 21.0 90.0 0.23890784982935148
42 38 50 0.0 0.0 0.0 0.0 6.0 0.0 0.0 0.6979062811565303
42 39 29 0.0 0.0 0.0 0.0 1.0 0.0 0.0 0.6996501749125437
42 39 30 0.0 0.0 5.0 0.0 173.0 2.0 0.0 0.6433823529411764
42 39 31 0.0 0.0 387.0 0.0 7882.0 28.0 1033.0 0.1366386882685926
42 39 32 0.0 0.0 1023.0 0.0 13178.0 32.0 9417.0 0.08647313156269301
42 39 33 0.0 0.0 1707.0 0.0 13895.0 51.0 20566.0 0.07959972708664997
42 39 34 0.0 0.0 2821.0 0.0 13082.0 60.0 39875.0 0.07823851570358778
42 39 35 0.0 0.0 4373.0 0.0 8393.0 63.0 90881.0 0.09478031277503214
42 39 36 0.0 0.0 6133.0 0.0 6746.0 86.0 118156.0 0.09419997308572196
42 39 37 0.0 0.0 6548.0 0.0 4620.0 56.0 143088.0 0.10635873281166906
42 39 38 0.0 1.0 7086.0 1.0 3447.0 45.0 156654.0 0.11160714285714285
42 39 39 0.0 6.0 7093.0 1.0 2874.0 38.0 163909.0 0.1166375072898442
42 39 40 1.0 21.0 7428.0 26.0 2727.0 42.0 164975.0 0.11475409836065573
42 39 41 1.0 15.0 6783.0 9.0 2875.0 36.0 163228.0 0.11981172443303378
42 39 42 0.0 11.0 5760.0 10.0 2975.0 37.0 161107.0 0.13005109150023222
42 39 43 0.0 7.0 5246.0 9.0 3902.0 42.0 147670.0 0.12529085376767496
42 39 44 0.0 0.0 5921.0 0.0 7951.0 54.0 104447.0 0.08810572687224669
42 39 45 0.0 0.0 4140.0 0.0 11541.0 80.0 62039.0 0.07920343969223805
42 39 46 0.0 0.0 1936.0 0.0 14146.0 46.0 22599.0 0.077416500774165
42 39 47 0.0 0.0 1353.0 0.0 13355.0 39.0 16692.0 0.08383735553027127
42 39 48 0.0 0.0 452.0 0.0 8811.0 21.0 1431.0 0.12452192475317973
42 39 49 0.0 0.0 89.0 0.0 1910.0 12.0 23.0 0.35114120892901923
42 39 50 0.0 0.0 0.0 0.0 5.0 0.0 0.0 0.6982543640897755
42 40 29 0.0 0.0 0.0 0.0 2.0 0.0 0.0 0.6993006993006992
42 40 30 0.0 0.0 2.0 0.0 89.0 3.0 0.0 0.6704980842911876
42 40 31 0.0 0.0 524.0 0.0 9949.0 21.0 2280.0 0.1123325042124689
42 40 32 0.0 0.0 692.0 0.0 11865.0 15.0 4598.0 0.09623315919714048
42 40 33 0.0 0.0 1819.0 0.0 12885.0 49.0 27190.0 0.08390267289943663
42 40 34 0.0 0.0 2971.0 0.0 11370.0 62.0 51722.0 0.08554319931565439
42 40 35 0.0 0.0 4705.0 0.0 9290.0 67.0 84987.0 0.08740167311774252
42 40 36 0.0 0.0 6365.0 0.0 7220.0 83.0 113120.0 0.0898472596585804
42 40 37 0.0 0.0 6702.0 0.0 4521.0 55.0 144190.0 0.1058761249338274
42 40 38 0.0 6.0 5072.0 2.0 2369.0 31.0 167352.0 0.14786649767638357
42 40 39 0.0 5.0 5892.0 4.0 2312.0 30.0 170306.0 0.136852394916911
42 40 40 0.0 17.0 5819.0 8.0 2088.0 39.0 172535.0 0.14138557867097554
42 40 41 0.0 29.0 6763.0 12.0 2539.0 38.0 167661.0 0.12334801762114536
42 40 42 0.0 18.0 5747.0 12.0 2912.0 43.0 162571.0 0.13087781621015235
42 40 43 0.0 6.0 6708.0 9.0 4874.0 73.0 139825.0 0.10315355142941349
42 40 44 0.0 1.0 5882.0 2.0 7620.0 75.0 108697.0 0.09027016571023276
42 40 45 0.0 0.0 4158.0 0.0 10208.0 73.0 71850.0 0.08556934172727827
42 40 46 0.0 0.0 2527.0 0.0 12616.0 56.0 39244.0 0.08164217401446232
42 40 47 0.0 0.0 1366.0 0.0 13636.0 31.0 16359.0 0.08234809717075466
42 40 48 0.0 0.0 398.0 0.0 8423.0 23.0 1289.0 0.12956964368347987
42 40 49 0.0 0.0 20.0 0.0 734.0 2.0 2.0 0.508720930232558
42 40 50 0.0 0.0 0.0 0.0 8.0 0.0 0.0 0.697211155378486
42 41 30 0.0 0.0 6.0 0.0 170.0 5.0 0.0 0.64486411791801
42 41 31 0.0 0.0 216.0 0.0 5268.0 10.0 309.0 0.1872408720074896
42 41 32 0.0 0.0 659.0 0.0 11583.0 25.0 4061.0 0.09843903810997047
42 41 33 0.0 0.0 1442.0 0.0 13017.0 48.0 20534.0 0.08510638297872339
42 41 34 0.0 0.0 2772.0 0.0 13168.0 43.0 38602.0 0.07792930698580573
42 41 35 0.0 0.0 4580.0 0.0 10738.0 77.0 71901.0 0.08077078405353948
42 41 36 0.0 0.0 5762.0 0.0 6824.0 69.0 114745.0 0.09585758301951386
42 41 37 0.0 1.0 6843.0 0.0 5173.0 69.0 136233.0 0.09995002498750623
42 41 38 0.0 5.0 7269.0 6.0 3886.0 54.0 151707.0 0.10634257500949486
42 41 39 0.0 13.0 6474.0 2.0 2718.0 45.0 165134.0 0.12506700017866715
42 41 40 0.0 19.0 6815.0 13.0 2708.0 42.0 164618.0 0.12130664587124164
42 41 41 0.0 18.0 5440.0 14.0 2398.0 49.0 168123.0 0.14210312626877789
42 41 42 0.0 24.0 6126.0 24.0 3412.0 50.0 156118.0 0.12075211316198033
42 41 43 0.0 16.0 7066.0 24.0 6055.0 72.0 128235.0 0.09229349330872173
42 41 44 0.0 1.0 5720.0 0.0 8521.0 70.0 97832.0 0.08606381016782443
42 41 45 0.0 0.0 3748.0 0.0 11887.0 78.0 55446.0 0.07939658594680428
42 41 46 0.0 0.0 1893.0 0.0 13423.0 57.0 26446.0 0.08088277774568142
42 41 47 0.0 0.0 993.0 0.0 13144.0 32.0 7872.0 0.08677327383165984
42 41 48 0.0 0.0 396.0 0.0 8301.0 20.0 1301.0 0.13101253977166386
42 41 49 0.0 0.0 72.0 0.0 1569.0 10.0 8.0 0.38556871385293306
42 41 50 0.0 0.0 0.0 0.0 12.0 0.0 0.0 0.6958250497017892
42 42 30 0.0 0.0 0.0 0.0 17.0 0.0 0.0 0.694100148735746
42 42 31 0.0 0.0 182.0 0.0 3423.0 27.0 78.0 0.2509860164933667
42 42 32 0.0 0.0 616.0 0.0 10853.0 25.0 2938.0 0.10404280618311533
42 42 33 0.0 0.0 1195.0 0.0 13551.0 38.0 12293.0 0.08360205422190373
42 42 34 0.0 0.0 1877.0 0.0 14053.0 47.0 21317.0 0.07811192322713831
42 42 35 0.0 0.0 3956.0 0.0 9665.0 53.0 75768.0 0.08946258546872005
42 42 36 0.0 0.0 4859.0 0.0 7122.0 68.0 107441.0 0.10006432706740045
42 42 37 0.0 0.0 6605.0 0.0 7371.0 64.0 112246.0 0.08754377188594296
42 42 38 0.0 11.0 6145.0 14.0 4495.0 62.0 142060.0 0.11054086063955783
42 42 39 0.0 6.0 6165.0 5.0 3570.0 43.0 154166.0 0.11925042589437816
42 42 40 0.0 15.0 5173.0 17.0 2822.0 39.0 160985.0 0.1393450781327759
42 42 41 0.0 27.0 6348.0 27.0 3595.0 51.0 153766.0 0.11676396997497913
42 42 42 0.0 10.0 5994.0 26.0 4249.0 61.0 146292.0 0.1141366378607533
42 42 43 0.0 11.0 5991.0 22.0 6477.0 69.0 120593.0 0.09650513545185081
42 42 44 0.0 0.0 4868.0 1.0 8886.0 73.0 89192.0 0.08888888888888888
42 42 45 0.0 0.0 3412.0 0.0 10940.0 58.0 60063.0 0.08554319931565439
42 42 46 0.0 0.0 1815.0 0.0 13730.0 49.0 22801.0 0.07980845969672784
42 42 47 0.0 0.0 1605.0 0.0 13587.0 18.0 20829.0 0.08134805345729226
42 42 48 0.0 0.0 701.0 0.0 11573.0 20.0 4498.0 0.09810104407539764
42 42 49 0.0 0.0 124.0 0.0 2864.0 14.0 55.0 0.2814070351758794
42 42 50 0.0 0.0 0.0 0.0 12.0 0.0 0.0 0.6958250497017892
42 43 30 0.0 0.0 3.0 0.0 51.0 1.0 0.0 0.6819288845591815
42 43 31 0.0 0.0 3.0 0.0 326.0 0.0 0.0 0.6011163589523401
42 43 32 0.0 0.0 424.0 0.0 8704.0 28.0 1326.0 0.1260806916426513
42 43 33 0.0 0.0 1080.0 0.0 13292.0 39.0 10212.0 0.08556934172727827
42 43 34 0.0 0.0 2260.0 0.0 13369.0 63.0 30822.0 0.0794506554679076
42 43 35 0.0 0.0 3012.0 0.0 11907.0 65.0 49433.0 0.08278635207852876
42 43 36 0.0 0.0 3995.0 0.0 9008.0 60.0 81940.0 0.09332089054792693
42 43 37 0.0 0.0 5350.0 0.0 10672.0 98.0 76952.0 0.07779506557012668
42 43 38 0.0 0.0 6413.0 0.0 8643.0 81.0 100553.0 0.0820969917316601
42 43 39 0.0 4.0 5734.0 6.0 5287.0 61.0 132048.0 0.10727969348659003
42 43 40 0.0 7.0 7099.0 4.0 6674.0 69.0 121450.0 0.08860759493670885
42 43 41 0.0 14.0 5987.0 13.0 5725.0 73.0 129593.0 0.10185522008002909
42 43 42 0.0 4.0 6450.0 15.0 7506.0 81.0 110420.0 0.08759306763436149
42 43 43 0.0 14.0 5405.0 31.0 8730.0 67.0 93958.0 0.086446434084594
42 43 44 0.0 4.0 4276.0 3.0 9895.0 79.0 75278.0 0.08653727283965879
42 43 45 0.0 0.0 2717.0 0.0 12605.0 58.0 40340.0 0.08073817762399077
42 43 46 0.0 0.0 1747.0 0.0 12678.0 40.0 27544.0 0.08515297123046042
42 43 47 0.0 0.0 588.0 0.0 10485.0 29.0 2615.0 0.10719754977029095
42 43 48 0.0 0.0 674.0 0.0 11397.0 20.0 4129.0 0.09956617594765664
42 43 49 0.0 0.0 73.0 0.0 1785.0 24.0 15.0 0.36515388628064677
42 43 50 0.0 0.0 1.0 0.0 33.0 1.0 0.0 0.6886374815543531
42 44 30 0.0 0.0 0.0 0.0 12.0 0.0 0.0 0.6958250497017892
42 44 31 0.0 0.0 220.0 0.0 4938.0 13.0 255.0 0.19588638589618015
42 44 32 0.0 0.0 236.0 0.0 5336.0 26.0 344.0 0.18552875695732837
42 44 33 0.0 0.0 623.0 0.0 11270.0 22.0 4290.0 0.10087908920593745
42 44 34 0.0 0.0 1816.0 0.0 13084.0 43.0 27206.0 0.08286965786669823
42 44 35 0.0 0.0 1983.0 0.0 13196.0 50.0 28432.0 0.08149010477299184
42 44 36 0.0 0.0 2982.0 0.0 11658.0 69.0 50551.0 0.08421052631578946
42 44 37 0.0 0.0 3639.0 0.0 12342.0 62.0 52578.0 0.07780371234856062
42 44 38 0.0 0.0 4614.0 0.0 10876.0 82.0 70775.0 0.08005489478499542
42 44 39 0.0 0.0 5021.0 0.0 8281.0 61.0 95511.0 0.0915032679738562
42 44 40 0.0 1.0 5238.0 4.0 9131.0 66.0 90700.0 0.08550662676357416
42 44 41 0.0 0.0 5234.0 3.0 10134.0 83.0 81505.0 0.08069629373450918
42 44 42 0.0 1.0 4516.0 4.0 9407.0 85.0 83243.0 0.08790656787642848
42 44 43 0.0 0.0 4015.0 2.0 9526.0 65.0 76582.0 0.08998007584034963
42 44 44 0.0 0.0 3182.0 1.0 11490.0 74.0 53452.0 0.083978165676924
42 44 45 0.0 0.0 2235.0 1.0 13006.0 44.0 32568.0 0.08115471566865688
42 44 46 0.0 0.0 1356.0 0.0 13539.0 37.0 15912.0 0.08285494466473338
42 44 47 0.0 0.0 805.0 0.0 12267.0 29.0 5453.0 0.0929244656843223
42 44 48 0.0 0.0 103.0 0.0 2194.0 12.0 23.0 0.32695002335357304
42 44 49 0.0 0.0 3.0 0.0 190.0 0.0 0.0 0.6383948928408572
42 44 50 0.0 0.0 5.0 0.0 70.0 0.0 0.0 0.6750241080038573
42 45 30 0.0 0.0 0.0 0.0 10.0 0.0 0.0 0.6965174129353233
42 45 31 0.0 0.0 64.0 0.0 1326.0 9.0 10.0 0.41407867494824013
42 45 32 0.0 0.0 95.0 0.0 2832.0 7.0 83.0 0.28461069323033134
42 45 33 0.0 0.0 540.0 0.0 10202.0 17.0 2572.0 0.10989010989010987
42 45 34 0.0 0.0 896.0 0.0 12829.0 31.0 7899.0 0.08903586873569065
42 45 35 0.0 0.0 1266.0 0.0 13505.0 33.0 13803.0 0.08344757703999522
42 45 36 0.0 0.0 1499.0 0.0 13671.0 39.0 17567.0 0.08150433719508644
42 45 37 0.0 0.0 1978.0 0.0 13514.0 53.0 27778.0 0.08003201280512204
42 45 38 0.0 0.0 2734.0 0.0 12966.0 50.0 39587.0 0.07902015013828526
42 45 39 0.0 0.0 3433.0 0.0 12632.0 66.0 48470.0 0.07749792416274563
42 45 40 0.0 0.0 3055.0 0.0 13205.0 53.0 41699.0 0.07657386643329868
42 45 41 0.0 0.0 3042.0 0.0 12613.0 67.0 45176.0 0.07927070947284977
42 45 42 0.0 0.0 2755.0 1.0 13248.0 68.0 38502.0 0.07776481697494861
42 45 43 0.0 0.0 2332.0 0.0 13565.0 67.0 30988.0 0.07819918449421884
42 45 44 0.0 0.0 2021.0 0.0 12246.0 52.0 34005.0 0.08602679120068821
42 45 45 0.0 0.0 1918.0 0.0 13052.0 42.0 29166.0 0.08244023083264633
42 45 46 0.0 0.0 1354.0 0.0 13066.0 33.0 18928.0 0.08523592085235919
42 45 47 0.0 0.0 548.0 0.0 10425.0 25.0 2604.0 0.1080080234531708
42 45 48 0.0 0.0 103.0 0.0 2249.0 14.0 29.0 0.32272936837252186
42 45 49 0.0 0.0 1.0 0.0 36.0 0.0 0.0 0.6872852233676975
42 45 50 0.0 0.0 1.0 0.0 13.0 0.0 0.0 0.6951340615690167
42 46 30 0.0 0.0 0.0 0.0 1.0 0.0 0.0 0.6996501749125437
42 46 31 0.0 0.0 48.0 0.0 1192.0 6.0 10.0 0.43290043290043284
42 46 32 0.0 0.0 94.0 0.0 2322.0 10.0 38.0 0.3178206583427923
42 46 33 0.0 0.0 290.0 0.0 6344.0 29.0 534.0 0.16254499013119703
42 46 34 0.0 0.0 203.0 0.0 5048.0 19.0 297.0 0.1936376210235131
42 46 35 0.0 0.0 479.0 0.0 9674.0 18.0 2207.0 0.11522633744855965
42 46 36 0.0 0.0 992.0 0.0 13228.0 41.0 8585.0 0.08638775762063432
42 46 37 0.0 0.0 1844.0 0.0 12777.0 61.0 28222.0 0.08430180044559522
42 46 38 0.0 0.0 1725.0 0.0 13329.0 41.0 24440.0 0.08207292765857661
42 46 39 0.0 0.0 2095.0 0.0 13166.0 40.0 30294.0 0.08103727714748783
42 46 40 0.0 0.0 1930.0 0.0 13108.0 42.0 27542.0 0.08217891523831884
42 46 41 0.0 0.0 1779.0 0.0 13127.0 51.0 25515.0 0.08275699001004906
42 46 42 0.0 0.0 1760.0 0.0 13496.0 45.0 22445.0 0.08113590263691682
42 46 43 0.0 0.0 1020.0 0.0 13516.0 35.0 9314.0 0.08471499455403605
42 46 44 0.0 0.0 969.0 0.0 13138.0 28.0 8378.0 0.08692412765429032
42 46 45 0.0 0.0 895.0 0.0 12887.0 34.0 6404.0 0.08874801901743264
42 46 46 0.0 0.0 785.0 0.0 12285.0 30.0 6370.0 0.09296766053522809
42 46 47 0.0 0.0 346.0 0.0 7682.0 23.0 1014.0 0.13984616921386472
42 46 48 0.0 0.0 118.0 0.0 2636.0 14.0 43.0 0.295483326298016
42 46 49 0.0 0.0 0.0 0.0 7.0 0.0 0.0 0.6975585450921773
42 47 31 0.0 0.0 0.0 0.0 15.0 0.0 0.0 0.694789081885856
42 47 32 0.0 0.0 52.0 0.0 1272.0 6.0 6.0 0.42194092827004215
42 47 33 0.0 0.0 101.0 0.0 2593.0 6.0 58.0 0.29857112390701634
42 47 34 0.0 0.0 166.0 0.0 4064.0 21.0 175.0 0.22540653678956687
42 47 35 0.0 0.0 178.0 0.0 4433.0 17.0 194.0 0.21231422505307854
42 47 36 0.0 0.0 547.0 0.0 9929.0 26.0 2155.0 0.11234151821537473
42 47 37 0.0 0.0 726.0 0.0 12056.0 30.0 5443.0 0.09479956663055253
42 47 38 0.0 0.0 868.0 0.0 12662.0 28.0 5717.0 0.09021781157365638
42 47 39 0.0 0.0 925.0 0.0 12936.0 39.0 8246.0 0.08834479712248375
42 47 40 0.0 0.0 953.0 0.0 13006.0 34.0 7676.0 0.08781283321834032
42 47 41 0.0 0.0 636.0 0.0 11003.0 24.0 3209.0 0.10269199735934863
42 47 42 0.0 0.0 879.0 0.0 12746.0 26.0 6280.0 0.0895942659669781
42 47 43 0.0 0.0 603.0 0.0 10982.0 27.0 3154.0 0.10316115245744602
42 47 44 0.0 0.0 589.0 0.0 10922.0 30.0 3603.0 0.10378057820607857
42 47 45 0.0 0.0 261.0 0.0 5685.0 17.0 407.0 0.1764780032774486
42 47 46 0.0 0.0 354.0 0.0 7995.0 16.0 1164.0 0.13534416086620263
42 47 47 0.0 0.0 181.0 0.0 4415.0 17.0 195.0 0.21279829761361907
42 47 48 0.0 0.0 4.0 0.0 160.0 2.0 0.0 0.6475485661424606
42 48 31 0.0 0.0 0.0 0.0 2.0 0.0 0.0 0.6993006993006992
42 48 32 0.0 0.0 0.0 0.0 4.0 0.0 0.0 0.6986027944111775
42 48 33 0.0 0.0 0.0 0.0 22.0 0.0 0.0 0.6923837784371908
42 48 34 0.0 0.0 12.0 0.0 203.0 3.0 0.0 0.6329113924050632
42 48 35 0.0 0.0 123.0 0.0 2953.0 11.0 57.0 0.27629761199921055
42 48 36 0.0 0.0 303.0 0.0 6773.0 18.0 659.0 0.15438906043228934
42 48 37 0.0 0.0 571.0 0.0 10423.0 20.0 2580.0 0.10781671159029649
42 48 38 0.0 0.0 567.0 0.0 10605.0 18.0 3572.0 0.10635873281166906
42 48 39 0.0 0.0 279.0 0.0 6438.0 24.0 537.0 0.1610305958132045
42 48 40 0.0 0.0 155.0 0.0 3250.0 15.0 62.0 0.2597402597402597
42 48 41 0.0 0.0 345.0 0.0 7676.0 34.0 983.0 0.14008405043025812
42 48 42 0.0 0.0 289.0 0.0 6530.0 25.0 576.0 0.1591270743350761
42 48 43 0.0 0.0 153.0 0.0 3442.0 15.0 101.0 0.250851101953055
42 48 44 0.0 0.0 13.0 0.0 584.0 1.0 2.0 0.5392912172573189
42 48 45 0.0 0.0 30.0 0.0 1147.0 5.0 7.0 0.44136191677175274
42 48 46 0.0 0.0 29.0 0.0 863.0 5.0 2.0 0.48510048510048503
42 48 47 0.0 0.0 3.0 0.0 165.0 1.0 0.0 0.646054453161052
42 48 48 0.0 0.0 0.0 0.0 9.0 0.0 0.0 0.6968641114982577
42 49 34 0.0 0.0 6.0 0.0 111.0 2.0 0.0 0.6619385342789597
42 49 35 0.0 0.0 13.0 0.0 300.0 1.0 0.0 0.6055363321799306
42 49 36 0.0 0.0 105.0 0.0 2184.0 18.0 29.0 0.32779208616249117
42 49 37 0.0 0.0 96.0 0.0 2075.0 14.0 20.0 0.3367003367003366
42 49 38 0.0 0.0 126.0 0.0 3092.0 16.0 76.0 0.2690238278247502
42 49 39 0.0 0.0 51.0 0.0 846.0 12.0 2.0 0.48526863084922
42 49 40 0.0 0.0 14.0 0.0 304.0 2.0 1.0 0.6044905008635577
42 49 41 0.0 0.0 8.0 0.0 224.0 2.0 0.0 0.6280843427545983
42 49 42 0.0 0.0 16.0 0.0 328.0 3.0 0.0 0.5982905982905982
42 49 43 0.0 0.0 0.0 0.0 39.0 1.0 0.0 0.6869479882237487
42 49 44 0.0 0.0 11.0 0.0 231.0 2.0 0.0 0.6252791424743188
42 49 45 0.0 0.0 0.0 0.0 13.0 0.0 0.0 0.695479384003974
42 49 46 0.0 0.0 0.0 0.0 2.0 0.0 0.0 0.6993006993006992
42 49 47 0.0 0.0 0.0 0.0 1.0 0.0 0.0 0.6996501749125437
42 50 35 0.0 0.0 4.0 0.0 64.0 2.0 0.0 0.6776379477250725
42 50 36 0.0 0.0 1.0 0.0 31.0 1.0 0.0 0.6893156080748399
42 50 37 0.0 0.0 2.0 0.0 79.0 2.0 0.0 0.6734006734006733
42 50 38 0.0 0.0 1.0 0.0 1.0 0.0 0.0 0.6993006993006992
42 50 39 0.0 0.0 0.0 0.0 2.0 0.0 0.0 0.6993006993006992
42 50 40 0.0 0.0 0.0 0.0 3.0 0.0 0.0 0.6989515726410384
43 30 35 0.0 0.0 0.0 0.0 3.0 0.0 0.0 0.6989515726410384
43 30 36 0.0 0.0 0.0 0.0 1.0 0.0 0.0 0.6996501749125437
43 30 37 0.0 0.0 0.0 0.0 3.0 0.0 0.0 0.6989515726410384
43 30 38 0.0 0.0 0.0 0.0 5.0 0.0 0.0 0.6982543640897755
43 30 39 0.0 0.0 1.0 0.0 63.0 0.0 0.0 0.6786233640329616
43 30 40 0.0 0.0 4.0 0.0 68.0 1.0 0.0 0.6760019314340897
43 30 41 0.0 0.0 17.0 0.0 348.0 3.0 0.0 0.592718035563082
43 30 42 0.0 0.0 0.0 0.0 13.0 0.0 0.0 0.695479384003974
43 30 43 0.0 0.0 0.0 0.0 10.0 0.0 0.0 0.6965174129353233
43 30 44 0.0 0.0 0.0 0.0 3.0 0.0 0.0 0.6989515726410384
43 31 32 0.0 0.0 0.0 0.0 2.0 0.0 0.0 0.6993006993006992
43 31 33 0.0 0.0 0.0 0.0 9.0 0.0 0.0 0.6968641114982577
43 31 34 0.0 0.0 0.0 0.0 47.0 0.0 0.0 0.6839276990718123
43 31 35 0.0 0.0 33.0 0.0 851.0 10.0 3.0 0.48712595685455806
43 31 36 0.0 0.0 65.0 0.0 1593.0 7.0 9.0 0.3834565872363736
43 31 37 0.0 0.0 3.0 0.0 173.0 0.0 1.0 0.6433823529411764
43 31 38 0.0 0.0 15.0 0.0 406.0 4.0 1.0 0.5792304509722795
43 31 39 0.0 0.0 65.0 0.0 2038.0 9.0 19.0 0.3419638495359062
43 31 40 0.0 0.0 220.0 0.0 4650.0 16.0 186.0 0.2042007001166861
43 31 41 0.0 0.0 142.0 0.0 3096.0 15.0 60.0 0.2680451847597166
43 31 42 0.0 0.0 222.0 0.0 4841.0 16.0 227.0 0.19866609904924076
43 31 43 0.0 0.0 97.0 0.0 2086.0 12.0 29.0 0.3354900551162233
43 31 44 0.0 0.0 5.0 0.0 223.0 1.0 1.0 0.6286484059272563
43 31 45 0.0 0.0 0.0 0.0 6.0 0.0 0.0 0.6979062811565303
43 31 46 0.0 0.0 0.0 0.0 4.0 0.0 0.0 0.6986027944111775
43 32 31 0.0 0.0 0.0 0.0 6.0 0.0 0.0 0.6979062811565303
43 32 32 0.0 0.0 9.0 0.0 131.0 2.0 0.0 0.6548175865294666
43 32 33 0.0 0.0 180.0 0.0 4216.0 29.0 176.0 0.21981472758674828
43 32 34 0.0 0.0 93.0 0.0 1814.0 14.0 18.0 0.3595274781715459
43 32 35 0.0 0.0 462.0 0.0 9280.0 14.0 1716.0 0.11923011412025206
43 32 36 0.0 0.0 426.0 0.0 8766.0 20.0 1411.0 0.12527964205816552
43 32 37 0.0 0.0 349.0 0.0 7470.0 18.0 809.0 0.14282799428688023
43 32 38 0.0 0.0 305.0 0.0 7159.0 25.0 767.0 0.1483207966945651
43 32 39 0.0 0.0 327.0 0.0 7046.0 23.0 682.0 0.14968459317865923
43 32 40 0.0 0.0 718.0 0.0 11758.0 23.0 4770.0 0.09672516236009394
43 32 41 0.0 0.0 453.0 0.0 8763.0 29.0 1422.0 0.12504465880671667
43 32 42 0.0 0.0 673.0 0.0 11229.0 25.0 3605.0 0.10076291924571756
43 32 43 0.0 0.0 483.0 0.0 10074.0 24.0 3069.0 0.11158935118762951
43 32 44 0.0 0.0 153.0 0.0 3273.0 22.0 73.0 0.25906735751295334
43 32 45 0.0 0.0 84.0 0.0 2641.0 9.0 40.0 0.29679881280474874
43 32 46 0.0 0.0 0.0 0.0 34.0 0.0 0.0 0.6882989183874139
43 33 31 0.0 0.0 5.0 0.0 65.0 2.0 0.0 0.6769825918762088
43 33 32 0.0 0.0 0.0 0.0 55.0 0.0 0.0 0.6812652068126519
43 33 33 0.0 0.0 193.0 0.0 4374.0 22.0 193.0 0.21383839926683973
43 33 34 0.0 0.0 344.0 0.0 8043.0 22.0 1320.0 0.13497878904743538
43 33 35 0.0 0.0 537.0 0.0 10145.0 27.0 2419.0 0.11051468266498263
43 33 36 0.0 0.0 1392.0 0.0 13353.0 44.0 16881.0 0.08360704687966555
43 33 37 0.0 0.0 945.0 0.0 13079.0 29.0 8556.0 0.0873962169923216
43 33 38 0.0 0.0 1075.0 0.0 13454.0 32.0 9970.0 0.08470474346563406
43 33 39 0.0 0.0 1061.0 0.0 13311.0 37.0 9660.0 0.08556411196675222
43 33 40 0.0 0.0 1430.0 0.0 13108.0 40.0 19636.0 0.08468424872973626
43 33 41 0.0 0.0 1002.0 0.0 13451.0 28.0 8811.0 0.08514261387824605
43 33 42 0.0 0.0 1036.0 0.0 13021.0 27.0 12242.0 0.08712969878018421
43 33 43 0.0 0.0 547.0 0.0 10304.0 21.0 2376.0 0.10900879856731292
43 33 44 0.0 0.0 746.0 0.0 12023.0 29.0 6265.0 0.09485094850948508
43 33 45 0.0 0.0 361.0 0.0 7456.0 23.0 844.0 0.14282799428688023
43 33 46 0.0 0.0 69.0 0.0 1610.0 9.0 11.0 0.38167938931297707
43 33 47 0.0 0.0 11.0 0.0 246.0 0.0 0.0 0.620292423571112
43 33 48 0.0 0.0 0.0 0.0 11.0 0.0 0.0 0.6961710591745399
43 34 31 0.0 0.0 22.0 0.0 363.0 8.0 0.0 0.5889777029869583
43 34 32 0.0 0.0 198.0 0.0 4106.0 9.0 143.0 0.22243406418811565
43 34 33 0.0 0.0 409.0 0.0 8793.0 18.0 1653.0 0.12506700017866715
43 34 34 0.0 0.0 1036.0 0.0 13103.0 24.0 9170.0 0.08670878236095626
43 34 35 0.0 0.0 1304.0 0.0 13455.0 41.0 15078.0 0.08356712230645257
43 34 36 0.0 0.0 1677.0 0.0 13395.0 57.0 22675.0 0.08208255159474671
43 34 37 0.0 0.0 1627.0 0.0 14316.0 54.0 17863.0 0.07807271916127592
43 34 38 0.0 0.0 2068.0 0.0 13475.0 46.0 28944.0 0.07976753461341232
43 34 39 0.0 0.0 2367.0 0.0 12922.0 57.0 34693.0 0.08097634333969575
43 34 40 0.0 0.0 1838.0 0.0 13814.0 42.0 23467.0 0.07930214115781124
43 34 41 0.0 0.0 1608.0 0.0 13444.0 44.0 22629.0 0.08212106992022523
43 34 42 0.0 0.0 1884.0 0.0 13254.0 59.0 26744.0 0.08173273395995095
43 34 43 0.0 0.0 938.0 0.0 13035.0 30.0 8388.0 0.0876533934385174
43 34 44 0.0 0.0 1025.0 0.0 12963.0 25.0 10818.0 0.08758758758758757
43 34 45 0.0 0.0 624.0 0.0 11147.0 26.0 3657.0 0.10176637348259068
43 34 46 0.0 0.0 303.0 0.0 6735.0 22.0 640.0 0.15526228235555062
43 34 47 0.0 0.0 128.0 0.0 2938.0 15.0 64.0 0.27711797307996827
43 34 48 0.0 0.0 0.0 0.0 108.0 0.0 0.0 0.6641366223908918
43 34 49 0.0 0.0 0.0 0.0 4.0 0.0 0.0 0.6986027944111775
43 35 30 0.0 0.0 0.0 0.0 35.0 0.0 0.0 0.6879606879606879
43 35 31 0.0 0.0 124.0 0.0 3306.0 21.0 94.0 0.25878003696857665
43 35 32 0.0 0.0 371.0 0.0 7918.0 21.0 1073.0 0.13618677042801555
43 35 33 0.0 0.0 588.0 0.0 10859.0 19.0 3240.0 0.10415891674726581
43 35 34 0.0 0.0 1305.0 0.0 13350.0 38.0 15320.0 0.08410428931875524
43 35 35 0.0 0.0 2095.0 0.0 12539.0 63.0 33676.0 0.08423079237109679
43 35 36 0.0 0.0 2752.0 0.0 10869.0 61.0 52757.0 0.08963441961713296
43 35 37 0.0 0.0 3195.0 0.0 11613.0 69.0 52931.0 0.08334821694350181
43 35 38 0.0 0.0 3766.0 0.0 11117.0 82.0 62200.0 0.08299247139723752
43 35 39 0.0 0.0 3496.0 0.0 11031.0 81.0 60255.0 0.08476115517345764
43 35 40 0.0 0.0 3386.0 0.0 12060.0 50.0 52203.0 0.08019246190858058
43 35 41 0.0 0.0 3140.0 0.0 11747.0 63.0 51904.0 0.08287456342863907
43 35 42 0.0 0.0 2803.0 0.0 11692.0 73.0 47787.0 0.08494114791894186
43 35 43 0.0 0.0 2286.0 0.0 12869.0 65.0 34943.0 0.08168028004667444
43 35 44 0.0 0.0 1711.0 0.0 13795.0 40.0 22264.0 0.079981718464351
43 35 45 0.0 0.0 1016.0 0.0 13213.0 29.0 9668.0 0.0862493839329719
43 35 46 0.0 0.0 535.0 0.0 9912.0 22.0 2207.0 0.11256733939052825
43 35 47 0.0 0.0 617.0 0.0 11280.0 33.0 4049.0 0.1008500216107189
43 35 48 0.0 0.0 109.0 0.0 3059.0 17.0 71.0 0.27173913043478254
43 35 49 0.0 0.0 1.0 0.0 60.0 0.0 0.0 0.6792819019893255
43 35 50 0.0 0.0 0.0 0.0 2.0 0.0 0.0 0.6993006993006992
43 36 30 0.0 0.0 16.0 0.0 341.0 4.0 2.0 0.5949851253718657
43 36 31 0.0 0.0 233.0 0.0 5040.0 18.0 226.0 0.1929171834091222
43 36 32 0.0 0.0 495.0 0.0 10366.0 26.0 3039.0 0.10897485794348874
43 36 33 0.0 0.0 1370.0 0.0 12801.0 34.0 20747.0 0.08649450142098108
43 36 34 0.0 0.0 1715.0 0.0 14004.0 43.0 21410.0 0.07896666478650798
43 36 35 0.0 0.0 2444.0 0.0 13465.0 56.0 33320.0 0.07819481680071491
43 36 36 0.0 0.0 3490.0 0.0 11836.0 68.0 55755.0 0.08079875339066196
43 36 37 0.0 0.0 4497.0 0.0 10705.0 94.0 70886.0 0.08149959250203748
43 36 38 0.0 0.0 5127.0 0.0 8503.0 68.0 96172.0 0.08947973923047424
43 36 39 0.0 0.0 5060.0 0.0 7590.0 64.0 103220.0 0.0955892393827666
43 36 40 0.0 0.0 5180.0 0.0 9184.0 71.0 88464.0 0.08542314967356153
43 36 41 0.0 0.0 4834.0 0.0 9040.0 66.0 86091.0 0.08809463881198086
43 36 42 0.0 0.0 4306.0 1.0 9483.0 69.0 80444.0 0.08859638020503732
43 36 43 0.0 0.0 3442.0 0.0 11767.0 58.0 55128.0 0.08126306013466449
43 36 44 0.0 0.0 2458.0 0.0 13904.0 44.0 32134.0 0.07619462283661695
43 36 45 0.0 0.0 1872.0 0.0 13837.0 42.0 23072.0 0.0790335327989161
43 36 46 0.0 0.0 1176.0 0.0 13686.0 38.0 12211.0 0.08301707779886147
43 36 47 0.0 0.0 949.0 0.0 12826.0 35.0 9486.0 0.08877615726062142
43 36 48 0.0 0.0 227.0 0.0 4758.0 22.0 196.0 0.20103388856978746
43 36 49 0.0 0.0 10.0 0.0 162.0 0.0 0.0 0.6445672191528544
43 36 50 0.0 0.0 2.0 0.0 32.0 1.0 0.0 0.6886374815543531
43 37 29 0.0 0.0 0.0 0.0 2.0 0.0 0.0 0.6993006993006992
43 37 30 0.0 0.0 7.0 0.0 172.0 3.0 1.0 0.6433823529411764
43 37 31 0.0 0.0 632.0 0.0 10687.0 28.0 2633.0 0.10528690682108745
43 37 32 0.0 0.0 348.0 0.0 7938.0 19.0 1156.0 0.13626630328985787
43 37 33 0.0 0.0 824.0 0.0 12581.0 29.0 6631.0 0.09097407238936903
43 37 34 0.0 0.0 1893.0 0.0 13834.0 43.0 23673.0 0.07897557398318948
43 37 35 0.0 0.0 3100.0 0.0 12184.0 66.0 48259.0 0.08099976857208979
43 37 36 0.0 0.0 4410.0 0.0 10575.0 70.0 72428.0 0.08241111372733693
43 37 37 0.0 0.0 5393.0 0.0 7797.0 61.0 103314.0 0.0919781880296958
43 37 38 0.0 0.0 4988.0 0.0 5235.0 75.0 130030.0 0.11458503846783433
43 37 39 0.0 0.0 6269.0 0.0 6180.0 79.0 123970.0 0.09699321047526673
43 37 40 0.0 1.0 6546.0 2.0 7041.0 71.0 116811.0 0.08978963571062083
43 37 41 0.0 4.0 6060.0 6.0 7019.0 80.0 116363.0 0.09289363678588015
43 37 42 0.0 1.0 5907.0 2.0 8211.0 68.0 100779.0 0.08673564215352207
43 37 43 0.0 0.0 4734.0 0.0 8444.0 78.0 93529.0 0.09223268990052044
43 37 44 0.0 0.0 4079.0 0.0 10359.0 78.0 70872.0 0.08514261387824605
43 37 45 0.0 0.0 2763.0 0.0 12675.0 64.0 42418.0 0.0802844362885652
43 37 46 0.0 0.0 2160.0 0.0 12421.0 67.0 35294.0 0.08453085376162298
43 37 47 0.0 0.0 888.0 0.0 12801.0 28.0 7371.0 0.0892800204068618
43 37 48 0.0 0.0 342.0 0.0 7431.0 26.0 839.0 0.14356029532403608
43 37 49 0.0 0.0 123.0 0.0 3014.0 8.0 61.0 0.2729576915578085
43 37 50 0.0 0.0 18.0 0.0 455.0 3.0 1.0 0.5668016194331983
43 38 30 0.0 0.0 11.0 0.0 415.0 3.0 0.0 0.5777961205117622
43 38 31 0.0 0.0 314.0 0.0 6594.0 21.0 598.0 0.15744489428699954
43 38 32 0.0 0.0 610.0 0.0 11305.0 24.0 4642.0 0.10063978146790309
43 38 33 0.0 0.0 1060.0 0.0 13337.0 31.0 9988.0 0.08541793776693105
43 38 34 0.0 0.0 2136.0 0.0 13534.0 55.0 27932.0 0.07919447901346305
43 38 35 0.0 0.0 3795.0 0.0 11082.0 59.0 62516.0 0.08297771455666192
43 38 36 0.0 0.0 5145.0 0.0 8491.0 76.0 95039.0 0.08950262114819076
43 38 37 0.0 0.0 5989.0 0.0 6784.0 67.0 117527.0 0.09461377306210718
43 38 38 0.0 0.0 6399.0 0.0 5384.0 72.0 134270.0 0.10150812064965196
43 38 39 0.0 1.0 6179.0 2.0 4407.0 67.0 143905.0 0.11127891264605357
43 38 40 0.0 3.0 7425.0 2.0 5189.0 69.0 136927.0 0.0957134067136118
43 38 41 0.0 4.0 6471.0 5.0 5038.0 57.0 137978.0 0.10356561621541646
43 38 42 0.0 2.0 5148.0 3.0 4717.0 56.0 139590.0 0.1178748842300244
43 38 43 0.0 0.0 5782.0 0.0 6973.0 75.0 114282.0 0.09482525060959089
43 38 44 0.0 0.0 4594.0 0.0 8126.0 67.0 95451.0 0.09505058048747368
43 38 45 0.0 0.0 3411.0 0.0 10693.0 67.0 62559.0 0.08688636504685657
43 38 46 0.0 0.0 1957.0 0.0 13330.0 46.0 26725.0 0.08097634333969575
43 38 47 0.0 0.0 1007.0 0.0 12893.0 30.0 10292.0 0.08805031446540879
43 38 48 0.0 0.0 195.0 0.0 5155.0 20.0 336.0 0.19102196752626546
43 38 49 0.0 0.0 20.0 0.0 662.0 6.0 3.0 0.5231689088191329
43 38 50 0.0 0.0 0.0 0.0 30.0 0.0 0.0 0.689655172413793
43 39 30 0.0 0.0 63.0 0.0 1351.0 14.0 4.0 0.4120070629782224
43 39 31 0.0 0.0 279.0 0.0 6042.0 20.0 413.0 0.16859344894026973
43 39 32 0.0 0.0 723.0 0.0 11669.0 33.0 4571.0 0.0973777561382764
43 39 33 0.0 0.0 1332.0 0.0 13817.0 25.0 14468.0 0.08159934720522236
43 39 34 0.0 0.0 2222.0 0.0 13715.0 48.0 30184.0 0.07802485648999609
43 39 35 0.0 0.0 3906.0 0.0 11812.0 73.0 56751.0 0.07895775759968415
43 39 36 0.0 0.0 5280.0 0.0 7864.0 90.0 103056.0 0.09247638549441838
43 39 37 0.0 1.0 6099.0 0.0 5979.0 69.0 127536.0 0.09936830151181772
43 39 38 0.0 0.0 7112.0 0.0 5167.0 45.0 138574.0 0.09797060881735478
43 39 39 0.0 2.0 6774.0 2.0 4072.0 50.0 148704.0 0.10884776862074326
43 39 40 0.0 0.0 6417.0 2.0 3522.0 47.0 154535.0 0.11723329425556855
43 39 41 0.0 2.0 7023.0 2.0 4371.0 56.0 146481.0 0.1045790692462837
43 39 42 0.0 3.0 6703.0 6.0 4987.0 49.0 139583.0 0.10206313333819347
43 39 43 0.0 4.0 6467.0 3.0 6542.0 80.0 121850.0 0.09316563518999134
43 39 44 0.0 0.0 5466.0 0.0 9171.0 91.0 90996.0 0.08415990381725277
43 39 45 0.0 0.0 3781.0 0.0 11378.0 86.0 59915.0 0.08160886039055668
43 39 46 0.0 0.0 2057.0 0.0 13333.0 53.0 29559.0 0.08048752443371276
43 39 47 0.0 0.0 1113.0 0.0 13527.0 34.0 9967.0 0.0841902700102231
43 39 48 0.0 0.0 538.0 0.0 9731.0 27.0 2032.0 0.11424840868287904
43 39 49 0.0 0.0 9.0 0.0 306.0 2.0 0.0 0.6055363321799306
43 39 50 0.0 0.0 3.0 0.0 128.0 1.0 0.0 0.6572769953051641
43 40 30 0.0 0.0 40.0 0.0 794.0 11.0 2.0 0.49592631951824295
43 40 31 0.0 0.0 213.0 0.0 5393.0 16.0 385.0 0.18447753327184077
43 40 32 0.0 0.0 522.0 0.0 10529.0 26.0 2986.0 0.10742786985880907
43 40 33 0.0 0.0 1413.0 0.0 13467.0 48.0 17502.0 0.0830318486448016
43 40 34 0.0 0.0 2235.0 0.0 13421.0 49.0 31258.0 0.07931112621799229
43 40 35 0.0 0.0 3625.0 0.0 11938.0 64.0 54643.0 0.079699419332802
43 40 36 0.0 0.0 5394.0 0.0 7972.0 64.0 102754.0 0.09099181073703366
43 40 37 0.0 0.0 5668.0 0.0 5368.0 65.0 133266.0 0.10737843227488877
43 40 38 0.0 3.0 6645.0 0.0 4579.0 55.0 143436.0 0.10582810492100687
43 40 39 0.0 3.0 7268.0 1.0 4199.0 49.0 148372.0 0.10385756676557861
43 40 40 0.0 1.0 7473.0 2.0 4026.0 55.0 150333.0 0.10358094110683634
43 40 41 0.0 5.0 7235.0 3.0 4140.0 51.0 148699.0 0.1045790692462837
43 40 42 0.0 1.0 6871.0 1.0 4788.0 67.0 139838.0 0.10243652593839174
43 40 43 0.0 7.0 4858.0 7.0 4573.0 47.0 138934.0 0.12220670391061451
43 40 44 0.0 1.0 4869.0 0.0 7587.0 69.0 103801.0 0.0967719637796364
43 40 45 0.0 0.0 3659.0 0.0 11633.0 76.0 56608.0 0.08102320736153712
43 40 46 0.0 0.0 1819.0 0.0 13432.0 46.0 24587.0 0.08119236791741576
43 40 47 0.0 0.0 982.0 0.0 13186.0 34.0 8544.0 0.08663366336633661
43 40 48 0.0 0.0 516.0 0.0 9858.0 24.0 2060.0 0.11323196376577159
43 40 49 0.0 0.0 122.0 0.0 2871.0 12.0 60.0 0.28101164191087913
43 40 50 0.0 0.0 0.0 0.0 14.0 0.0 0.0 0.6951340615690167
43 41 30 0.0 0.0 1.0 0.0 85.0 0.0 0.0 0.6711409395973154
43 41 31 0.0 0.0 98.0 0.0 2366.0 13.0 38.0 0.31460674157303364
43 41 32 0.0 0.0 607.0 0.0 10962.0 24.0 3794.0 0.10321439103509288
43 41 33 0.0 0.0 1317.0 0.0 13909.0 42.0 12942.0 0.08134805345729226
43 41 34 0.0 0.0 2616.0 0.0 11866.0 61.0 45313.0 0.0849772382397572
43 41 35 0.0 0.0 3423.0 0.0 12547.0 68.0 48746.0 0.0779596837064261
43 41 36 0.0 0.0 5028.0 0.0 9063.0 68.0 89260.0 0.08690793966105903
43 41 37 0.0 0.0 6376.0 0.0 7518.0 80.0 110632.0 0.08806139136998363
43 41 38 0.0 6.0 6839.0 11.0 5558.0 70.0 133323.0 0.09712105445716267
43 41 39 0.0 1.0 6240.0 3.0 4040.0 54.0 149731.0 0.11384890623729363
43 41 40 0.0 4.0 6784.0 1.0 4052.0 48.0 149990.0 0.10878856165980262
43 41 41 0.0 5.0 6624.0 1.0 4237.0 44.0 147599.0 0.10863661053775121
43 41 42 0.0 2.0 6813.0 3.0 5428.0 81.0 134592.0 0.09829389875728427
43 41 43 0.0 2.0 6165.0 7.0 6837.0 95.0 116776.0 0.09342676009342675
43 41 44 0.0 3.0 5059.0 11.0 10513.0 81.0 76642.0 0.07954545454545453
43 41 45 0.0 0.0 3311.0 0.0 11583.0 62.0 54768.0 0.08287456342863907
43 41 46 0.0 0.0 1639.0 0.0 13648.0 41.0 20475.0 0.0810278967473087
43 41 47 0.0 0.0 947.0 0.0 12910.0 26.0 7531.0 0.0883336488106505
43 41 48 0.0 0.0 417.0 0.0 8494.0 24.0 1400.0 0.12852290461764432
43 41 49 0.0 0.0 140.0 0.0 3253.0 17.0 89.0 0.26036823507532075
43 41 50 0.0 0.0 0.0 0.0 6.0 0.0 0.0 0.6979062811565303
43 42 30 0.0 0.0 0.0 0.0 11.0 0.0 0.0 0.6961710591745399
43 42 31 0.0 0.0 43.0 0.0 1190.0 13.0 3.0 0.4349176762969866
43 42 32 0.0 0.0 488.0 0.0 9421.0 23.0 1810.0 0.11773610293499283
43 42 33 0.0 0.0 898.0 0.0 12909.0 32.0 8578.0 0.0886300329197265
43 42 34 0.0 0.0 2355.0 0.0 11624.0 62.0 42557.0 0.08768633345859951
43 42 35 0.0 0.0 3216.0 0.0 12139.0 63.0 49868.0 0.08068234209313047
43 42 36 0.0 0.0 4149.0 0.0 10877.0 74.0 67857.0 0.08216444627032102
43 42 37 0.0 1.0 5655.0 3.0 8640.0 87.0 97502.0 0.08602150537634408
43 42 38 0.0 1.0 6029.0 0.0 6190.0 59.0 124133.0 0.09841827768014058
43 42 39 0.0 1.0 7288.0 2.0 6404.0 67.0 126100.0 0.08917765462768328
43 42 40 0.0 5.0 6298.0 2.0 4831.0 50.0 140161.0 0.10641532380662813
43 42 41 0.0 8.0 6981.0 11.0 5919.0 75.0 130282.0 0.09385894341646553
43 42 42 0.0 1.0 6366.0 3.0 6286.0 72.0 123097.0 0.09542635130529614
43 42 43 0.0 0.0 5293.0 1.0 7458.0 78.0 108170.0 0.09485737516091876
43 42 44 0.0 1.0 4285.0 1.0 11595.0 65.0 63024.0 0.07821666014861164
43 42 45 0.0 0.0 2540.0 0.0 13300.0 48.0 35527.0 0.07843137254901959
43 42 46 0.0 0.0 1434.0 0.0 13696.0 43.0 16446.0 0.08170411438576013
43 42 47 0.0 0.0 1062.0 0.0 13427.0 29.0 10016.0 0.08496176720475786
43 42 48 0.0 0.0 681.0 0.0 11710.0 26.0 5121.0 0.09739807986642549
43 42 49 0.0 0.0 140.0 0.0 3992.0 16.0 157.0 0.2287955548292204
43 42 50 0.0 0.0 0.0 0.0 12.0 0.0 0.0 0.6958250497017892
43 43 30 0.0 0.0 0.0 0.0 6.0 0.0 0.0 0.6979062811565303
43 43 31 0.0 0.0 82.0 0.0 2135.0 15.0 32.0 0.3330954080418748
43 43 32 0.0 0.0 644.0 0.0 11277.0 21.0 4034.0 0.10061085159899388
43 43 33 0.0 0.0 827.0 0.0 12473.0 23.0 5627.0 0.09155113784985612
43 43 34 0.0 0.0 1722.0 0.0 13247.0 49.0 24677.0 0.08254716981132075
43 43 35 0.0 0.0 2609.0 0.0 12769.0 65.0 39108.0 0.08055235903337168
43 43 36 0.0 0.0 3164.0 0.0 12815.0 64.0 44270.0 0.07783399121587813
43 43 37 0.0 0.0 4508.0 0.0 10201.0 77.0 74547.0 0.08373205741626794
43 43 38 0.0 0.0 5345.0 0.0 7955.0 85.0 102082.0 0.09155712510627165
43 43 39 0.0 0.0 5598.0 0.0 6575.0 69.0 117581.0 0.09875149890667982
43 43 40 0.0 0.0 6158.0 2.0 7254.0 74.0 112201.0 0.09072645972393234
43 43 41 0.0 1.0 5218.0 3.0 6376.0 77.0 118535.0 0.10294874623134052
43 43 42 0.0 0.0 5286.0 0.0 7110.0 75.0 109421.0 0.09724248107244564
43 43 43 0.0 0.0 4455.0 0.0 8289.0 79.0 91900.0 0.0950376756499898
43 43 44 0.0 1.0 3431.0 6.0 12455.0 58.0 48344.0 0.07826913400793872
43 43 45 0.0 0.0 1576.0 0.0 14560.0 39.0 14587.0 0.07723711795211298
43 43 46 0.0 0.0 1370.0 0.0 13503.0 37.0 15915.0 0.08295313148071339
43 43 47 0.0 0.0 591.0 0.0 10775.0 32.0 3071.0 0.10490034467256105
43 43 48 0.0 0.0 384.0 0.0 7812.0 18.0 1054.0 0.1374840420308357
43 43 49 0.0 0.0 28.0 0.0 1072.0 8.0 9.0 0.4527813712807244
43 43 50 0.0 0.0 0.0 0.0 4.0 0.0 0.0 0.6986027944111775
43 44 30 0.0 0.0 0.0 0.0 6.0 0.0 0.0 0.6979062811565303
43 44 31 0.0 0.0 32.0 0.0 861.0 9.0 3.0 0.48543689320388345
43 44 32 0.0 0.0 223.0 0.0 5428.0 16.0 332.0 0.1833900969347655
43 44 33 0.0 0.0 995.0 0.0 13036.0 33.0 8920.0 0.0873253493013972
43 44 34 0.0 0.0 1226.0 0.0 13461.0 40.0 13155.0 0.0839680921249925
43 44 35 0.0 0.0 1919.0 0.0 12789.0 68.0 30027.0 0.08385744234800838
43 44 36 0.0 0.0 2224.0 0.0 13324.0 59.0 31126.0 0.07987676156786672
43 44 37 0.0 0.0 3090.0 0.0 12604.0 64.0 46450.0 0.07918999943435713
43 44 38 0.0 0.0 4176.0 0.0 9493.0 77.0 79174.0 0.08940545373267768
43 44 39 0.0 0.0 4646.0 2.0 10475.0 73.0 73825.0 0.08174705126707928
43 44 40 0.0 0.0 4221.0 0.0 7079.0 64.0 103177.0 0.10501837821618783
43 44 41 0.0 0.0 4751.0 0.0 11209.0 93.0 69235.0 0.07799008411787643
43 44 42 0.0 0.0 4173.0 0.0 9868.0 79.0 76794.0 0.08731990270067984
43 44 43 0.0 0.0 3371.0 0.0 12222.0 88.0 51229.0 0.07959520154642104
43 44 44 0.0 0.0 2529.0 0.0 12869.0 61.0 38015.0 0.08051992868234886
43 44 45 0.0 0.0 1486.0 0.0 13778.0 41.0 17198.0 0.0811076994380395
43 44 46 0.0 0.0 1008.0 0.0 13138.0 31.0 10814.0 0.0866765725606736
43 44 47 0.0 0.0 464.0 0.0 8917.0 19.0 1380.0 0.12310939148786491
43 44 48 0.0 0.0 55.0 0.0 1523.0 9.0 12.0 0.39237668161434974
43 44 49 0.0 0.0 1.0 0.0 81.0 0.0 0.0 0.6724303554274734
43 44 50 0.0 0.0 0.0 0.0 1.0 0.0 0.0 0.6996501749125437
43 45 30 0.0 0.0 0.0 0.0 3.0 0.0 0.0 0.6989515726410384
43 45 31 0.0 0.0 0.0 0.0 35.0 0.0 0.0 0.6879606879606879
43 45 32 0.0 0.0 22.0 0.0 853.0 1.0 5.0 0.48712595685455806
43 45 33 0.0 0.0 869.0 0.0 12662.0 23.0 7145.0 0.09014229605305517
43 45 34 0.0 0.0 892.0 0.0 12618.0 21.0 7709.0 0.0902759865875677
43 45 35 0.0 0.0 1080.0 0.0 13252.0 25.0 11339.0 0.08572653236176596
43 45 36 0.0 0.0 1744.0 0.0 13061.0 47.0 25794.0 0.0833134967864794
43 45 37 0.0 0.0 2318.0 0.0 13429.0 57.0 31709.0 0.078948852422038
43 45 38 0.0 0.0 2886.0 0.0 10821.0 60.0 55988.0 0.08922312153463768
43 45 39 0.0 0.0 3164.0 0.0 12018.0 70.0 50570.0 0.08152806894945258
43 45 40 0.0 0.0 3084.0 0.0 11684.0 61.0 51169.0 0.08347245409015024
43 45 41 0.0 0.0 2864.0 0.0 12560.0 62.0 43365.0 0.0803627805522071
43 45 42 0.0 0.0 2710.0 0.0 11693.0 58.0 47301.0 0.08526187576126673
43 45 43 0.0 0.0 1978.0 0.0 13980.0 50.0 24469.0 0.07791195948578106
43 45 44 0.0 0.0 2003.0 0.0 13202.0 56.0 27967.0 0.08144269924374635
43 45 45 0.0 0.0 1523.0 0.0 13617.0 56.0 19255.0 0.08173273395995095
43 45 46 0.0 0.0 1037.0 0.0 13141.0 33.0 11066.0 0.08652657601977749
43 45 47 0.0 0.0 482.0 0.0 9481.0 28.0 1830.0 0.11723329425556855
43 45 48 0.0 0.0 307.0 0.0 5765.0 19.0 387.0 0.17374038222884086
43 45 49 0.0 0.0 0.0 0.0 11.0 0.0 0.0 0.6965174129353233
43 46 31 0.0 0.0 0.0 0.0 1.0 0.0 0.0 0.6996501749125437
43 46 32 0.0 0.0 43.0 0.0 1074.0 9.0 2.0 0.4503055644901897
43 46 33 0.0 0.0 459.0 0.0 8928.0 30.0 1593.0 0.1232177433550431
43 46 34 0.0 0.0 526.0 0.0 10309.0 23.0 2696.0 0.10922140739584957
43 46 35 0.0 0.0 1129.0 0.0 13167.0 34.0 12193.0 0.08595284872298624
43 46 36 0.0 0.0 771.0 0.0 12147.0 18.0 4714.0 0.09386523633925577
43 46 37 0.0 0.0 1317.0 0.0 13615.0 32.0 15007.0 0.08263487191594852
43 46 38 0.0 0.0 1814.0 0.0 12808.0 42.0 28428.0 0.08426120975022569
43 46 39 0.0 0.0 1282.0 0.0 14075.0 27.0 12309.0 0.08061729816883566
43 46 40 0.0 0.0 1458.0 0.0 13437.0 31.0 18901.0 0.08285984848484848
43 46 41 0.0 0.0 1059.0 0.0 13601.0 28.0 9829.0 0.08407398510689405
43 46 42 0.0 0.0 1095.0 0.0 13486.0 32.0 11099.0 0.08443908323281062
43 46 43 0.0 0.0 913.0 0.0 12856.0 36.0 7551.0 0.08891146957957576
43 46 44 0.0 0.0 998.0 0.0 13296.0 32.0 8162.0 0.08595812611285072
43 46 45 0.0 0.0 1038.0 0.0 13214.0 42.0 10203.0 0.08622813500862281
43 46 46 0.0 0.0 613.0 0.0 11013.0 30.0 3471.0 0.10284287078527878
43 46 47 0.0 0.0 531.0 0.0 9745.0 23.0 1973.0 0.11417387049420974
43 46 48 0.0 0.0 34.0 0.0 1084.0 7.0 5.0 0.45016077170418
43 46 49 0.0 0.0 1.0 0.0 24.0 0.0 0.0 0.6913580246913579
43 47 31 0.0 0.0 0.0 0.0 2.0 0.0 0.0 0.6993006993006992
43 47 32 0.0 0.0 0.0 0.0 37.0 0.0 0.0 0.6876227897838899
43 47 33 0.0 0.0 78.0 0.0 2158.0 10.0 31.0 0.3314393939393939
43 47 34 0.0 0.0 236.0 0.0 5346.0 13.0 343.0 0.18489170628631796
43 47 35 0.0 0.0 315.0 0.0 6491.0 18.0 498.0 0.15927189988623433
43 47 36 0.0 0.0 416.0 0.0 9058.0 27.0 1774.0 0.12221737232649497
43 47 37 0.0 0.0 691.0 0.0 11561.0 25.0 4181.0 0.09829389875728427
43 47 38 0.0 0.0 381.0 0.0 8267.0 21.0 1184.0 0.131690339572947
43 47 39 0.0 0.0 691.0 0.0 11771.0 16.0 4799.0 0.09677865339416561
43 47 40 0.0 0.0 808.0 0.0 12294.0 24.0 5984.0 0.09274594236502151
43 47 41 0.0 0.0 615.0 0.0 11032.0 20.0 3388.0 0.10264682161448785
43 47 42 0.0 0.0 826.0 0.0 12215.0 26.0 5603.0 0.09310986964618248
43 47 43 0.0 0.0 429.0 0.0 8499.0 25.0 1171.0 0.1282991202346041
43 47 44 0.0 0.0 536.0 0.0 9918.0 32.0 2141.0 0.11263073209975863
43 47 45 0.0 0.0 258.0 0.0 5533.0 21.0 297.0 0.1801338136901698
43 47 46 0.0 0.0 554.0 0.0 10056.0 22.0 2472.0 0.11107584893684544
43 47 47 0.0 0.0 236.0 0.0 5199.0 23.0 275.0 0.18873011593421404
43 47 48 0.0 0.0 0.0 0.0 61.0 0.0 0.0 0.6792819019893255
43 48 32 0.0 0.0 0.0 0.0 3.0 0.0 0.0 0.6989515726410384
43 48 33 0.0 0.0 0.0 0.0 14.0 0.0 0.0 0.6951340615690167
43 48 34 0.0 0.0 12.0 0.0 302.0 2.0 1.0 0.6055363321799306
43 48 35 0.0 0.0 177.0 0.0 3533.0 13.0 83.0 0.24570024570024565
43 48 36 0.0 0.0 125.0 0.0 2715.0 25.0 54.0 0.2906976744186046
43 48 37 0.0 0.0 110.0 0.0 3103.0 19.0 61.0 0.2695936838051222
43 48 38 0.0 0.0 409.0 0.0 8148.0 13.0 1040.0 0.13276434329065906
43 48 39 0.0 0.0 169.0 0.0 3923.0 13.0 131.0 0.23022529189278074
43 48 40 0.0 0.0 184.0 0.0 3965.0 20.0 94.0 0.22842225485397288
43 48 41 0.0 0.0 250.0 0.0 5075.0 21.0 245.0 0.19164955509924708
43 48 42 0.0 0.0 108.0 0.0 2433.0 15.0 38.0 0.3093239063190455
43 48 43 0.0 0.0 292.0 0.0 6164.0 27.0 475.0 0.166073546856465
43 48 44 0.0 0.0 49.0 0.0 875.0 11.0 6.0 0.48076923076923067
43 48 45 0.0 0.0 58.0 0.0 1151.0 12.0 6.0 0.43791054113231154
43 48 46 0.0 0.0 2.0 0.0 158.0 0.0 0.0 0.648148148148148
43 48 47 0.0 0.0 0.0 0.0 61.0 0.0 0.0 0.6792819019893255
43 48 48 0.0 0.0 0.0 0.0 6.0 0.0 0.0 0.6979062811565303
43 49 34 0.0 0.0 0.0 0.0 2.0 0.0 0.0 0.6993006993006992
43 49 35 0.0 0.0 0.0 0.0 14.0 0.0 0.0 0.6951340615690167
43 49 36 0.0 0.0 6.0 0.0 169.0 2.0 0.0 0.6442705936493326
43 49 37 0.0 0.0 8.0 0.0 187.0 0.0 0.0 0.6378132118451024
43 49 38 0.0 0.0 24.0 0.0 465.0 5.0 1.0 0.5636070853462157
43 49 39 0.0 0.0 0.0 0.0 102.0 0.0 0.0 0.6660323501427211
43 49 40 0.0 0.0 0.0 0.0 43.0 0.0 0.0 0.6852667645619186
43 49 41 0.0 0.0 12.0 0.0 208.0 2.0 0.0 0.6311992786293958
43 49 42 0.0 0.0 18.0 0.0 319.0 3.0 0.0 0.5998286203941731
43 49 43 0.0 0.0 0.0 0.0 16.0 0.0 0.0 0.6944444444444444
43 49 44 0.0 0.0 4.0 0.0 27.0 0.0 0.0 0.6893156080748399
43 49 45 0.0 0.0 0.0 0.0 2.0 0.0 0.0 0.6993006993006992
43 50 35 0.0 0.0 0.0 0.0 1.0 0.0 0.0 0.6996501749125437
43 50 36 0.0 0.0 0.0 0.0 2.0 0.0 0.0 0.6993006993006992
43 50 37 0.0 0.0 0.0 0.0 4.0 0.0 0.0 0.6986027944111775
43 50 38 0.0 0.0 0.0 0.0 2.0 0.0 0.0 0.6993006993006992
44 30 36 0.0 0.0 5.0 0.0 43.0 0.0 0.0 0.6835937499999999
44 30 37 0.0 0.0 0.0 0.0 1.0 0.0 0.0 0.6996501749125437
44 30 38 0.0 0.0 0.0 0.0 5.0 0.0 0.0 0.6982543640897755
44 30 39 0.0 0.0 0.0 0.0 25.0 0.0 0.0 0.6913580246913579
44 30 40 0.0 0.0 11.0 0.0 237.0 2.0 0.0 0.6233303650934995
44 30 41 0.0 0.0 3.0 0.0 45.0 0.0 0.0 0.6835937499999999
44 30 42 0.0 0.0 0.0 0.0 12.0 0.0 0.0 0.6958250497017892
44 30 43 0.0 0.0 0.0 0.0 8.0 0.0 0.0 0.697211155378486
44 31 32 0.0 0.0 0.0 0.0 3.0 0.0 0.0 0.6989515726410384
44 31 33 0.0 0.0 1.0 0.0 4.0 0.0 0.0 0.6982543640897755
44 31 34 0.0 0.0 14.0 0.0 222.0 1.0 1.0 0.6263982102908277
44 31 35 0.0 0.0 3.0 0.0 161.0 1.0 0.0 0.6472491909385112
44 31 36 0.0 0.0 91.0 0.0 1982.0 14.0 20.0 0.3448275862068965
44 31 37 0.0 0.0 102.0 0.0 2273.0 11.0 35.0 0.3208065994500458
44 31 38 0.0 0.0 10.0 0.0 311.0 2.0 0.0 0.6037084950409658
44 31 39 0.0 0.0 8.0 0.0 307.0 1.0 0.0 0.6057983556901773
44 31 40 0.0 0.0 285.0 0.0 6688.0 26.0 626.0 0.15638963360142982
44 31 41 0.0 0.0 76.0 0.0 1792.0 14.0 27.0 0.3632589517384535
44 31 42 0.0 0.0 82.0 0.0 1727.0 10.0 19.0 0.36861506055818843
44 31 43 0.0 0.0 95.0 0.0 2474.0 11.0 47.0 0.30715225976305394
44 31 44 0.0 0.0 1.0 0.0 69.0 0.0 0.0 0.6763285024154588
44 31 45 0.0 0.0 2.0 0.0 31.0 1.0 0.0 0.6889763779527558
44 31 46 0.0 0.0 0.0 0.0 2.0 0.0 0.0 0.6993006993006992
44 32 31 0.0 0.0 0.0 0.0 3.0 0.0 0.0 0.6989515726410384
44 32 32 0.0 0.0 0.0 0.0 17.0 0.0 0.0 0.694100148735746
44 32 33 0.0 0.0 0.0 0.0 23.0 0.0 0.0 0.6920415224913494
44 32 34 0.0 0.0 138.0 0.0 2981.0 16.0 53.0 0.27434842249657065
44 32 35 0.0 0.0 239.0 0.0 5236.0 21.0 262.0 0.18771788683293106
44 32 36 0.0 0.0 591.0 0.0 10740.0 26.0 3296.0 0.1050972149238045
44 32 37 0.0 0.0 354.0 0.0 7584.0 19.0 919.0 0.14107214832728737
44 32 38 0.0 0.0 306.0 0.0 7311.0 21.0 769.0 0.14581814394333922
44 32 39 0.0 0.0 582.0 0.0 10193.0 28.0 2409.0 0.10968348480100282
44 32 40 0.0 0.0 439.0 0.0 8486.0 14.0 1247.0 0.1282756093091442
44 32 41 0.0 0.0 419.0 0.0 8630.0 21.0 1399.0 0.12688055102410728
44 32 42 0.0 0.0 442.0 0.0 9485.0 29.0 1911.0 0.11752854264607117
44 32 43 0.0 0.0 429.0 0.0 8858.0 18.0 1539.0 0.12412447912048938
44 32 44 0.0 0.0 101.0 0.0 2888.0 14.0 63.0 0.28129395218002806
44 32 45 0.0 0.0 41.0 0.0 763.0 13.0 2.0 0.5016123253314223
44 32 46 0.0 0.0 0.0 0.0 24.0 0.0 0.0 0.6916996047430829
44 32 47 0.0 0.0 0.0 0.0 3.0 0.0 0.0 0.6989515726410384
44 33 31 0.0 0.0 0.0 0.0 4.0 0.0 0.0 0.6986027944111775
44 33 32 0.0 0.0 193.0 0.0 4274.0 19.0 138.0 0.21695335502866883
44 33 33 0.0 0.0 66.0 0.0 1625.0 16.0 11.0 0.38105606967882405
44 33 34 0.0 0.0 211.0 0.0 5145.0 11.0 337.0 0.19060585432266847
44 33 35 0.0 0.0 466.0 0.0 9553.0 30.0 1973.0 0.1167347619444676
44 33 36 0.0 0.0 1026.0 0.0 13070.0 28.0 10585.0 0.08702138239681749
44 33 37 0.0 0.0 963.0 0.0 12906.0 27.0 7473.0 0.0882445635045698
44 33 38 0.0 0.0 577.0 0.0 10914.0 20.0 3394.0 0.10381135992881506
44 33 39 0.0 0.0 1057.0 0.0 13361.0 33.0 9541.0 0.08532423208191126
44 33 40 0.0 0.0 1062.0 0.0 13328.0 30.0 10007.0 0.08540230586225828
44 33 41 0.0 0.0 1118.0 0.0 13194.0 36.0 12719.0 0.08588430157659038
44 33 42 0.0 0.0 473.0 0.0 9597.0 23.0 2064.0 0.11608623548922055
44 33 43 0.0 0.0 837.0 0.0 12253.0 34.0 6989.0 0.09283819628647214
44 33 44 0.0 0.0 292.0 0.0 6604.0 23.0 599.0 0.15771093838008335
44 33 45 0.0 0.0 231.0 0.0 5546.0 19.0 371.0 0.18031942297784645
44 33 46 0.0 0.0 16.0 0.0 447.0 4.0 0.0 0.5695687550854353
44 33 47 0.0 0.0 0.0 0.0 18.0 0.0 0.0 0.6937561942517343
44 33 48 0.0 0.0 0.0 0.0 1.0 0.0 0.0 0.6996501749125437
44 34 31 0.0 0.0 1.0 0.0 74.0 0.0 0.0 0.6753497346840327
44 34 32 0.0 0.0 39.0 0.0 716.0 9.0 1.0 0.5098324836125272
44 34 33 0.0 0.0 214.0 0.0 4855.0 21.0 249.0 0.19849709343541752
44 34 34 0.0 0.0 676.0 0.0 11262.0 22.0 3332.0 0.10053138015223322
44 34 35 0.0 0.0 1204.0 0.0 13590.0 40.0 11872.0 0.08341277407054336
44 34 36 0.0 0.0 1633.0 0.0 12757.0 40.0 25280.0 0.08541793776693105
44 34 37 0.0 0.0 1863.0 0.0 13026.0 46.0 27467.0 0.0829138288421676
44 34 38 0.0 0.0 2007.0 0.0 13327.0 39.0 28839.0 0.08073352171155065
44 34 39 0.0 0.0 1651.0 0.0 13672.0 47.0 20745.0 0.08090147356255417
44 34 40 0.0 0.0 1791.0 0.0 13824.0 45.0 22076.0 0.0794596742153357
44 34 41 0.0 0.0 1324.0 0.0 13872.0 42.0 13288.0 0.08145217593670001
44 34 42 0.0 0.0 1374.0 0.0 13300.0 30.0 17832.0 0.08395802098950524
44 34 43 0.0 0.0 1148.0 0.0 13394.0 36.0 12517.0 0.08464328899637243
44 34 44 0.0 0.0 797.0 0.0 12428.0 30.0 5248.0 0.0920326058374967
44 34 45 0.0 0.0 394.0 0.0 8695.0 36.0 1613.0 0.1265593925149159
44 34 46 0.0 0.0 333.0 0.0 7310.0 17.0 740.0 0.14531866306829974
44 34 47 0.0 0.0 12.0 0.0 346.0 3.0 0.0 0.5944798301486198
44 34 48 0.0 0.0 9.0 0.0 255.0 2.0 0.0 0.6189213085764809
44 34 49 0.0 0.0 16.0 0.0 198.0 3.0 0.0 0.6331976481230212
44 35 30 0.0 0.0 0.0 0.0 5.0 0.0 0.0 0.6982543640897755
44 35 31 0.0 0.0 2.0 0.0 128.0 1.0 0.0 0.6575857209957726
44 35 32 0.0 0.0 341.0 0.0 7475.0 25.0 853.0 0.14293006636038794
44 35 33 0.0 0.0 353.0 0.0 8511.0 22.0 1523.0 0.12903225806451613
44 35 34 0.0 0.0 865.0 0.0 12702.0 30.0 5907.0 0.08999742864489585
44 35 35 0.0 0.0 1112.0 0.0 13453.0 33.0 10789.0 0.08455127430849135
44 35 36 0.0 0.0 1987.0 0.0 13772.0 41.0 26169.0 0.07876230661040787
44 35 37 0.0 0.0 2763.0 0.0 11032.0 72.0 53179.0 0.0887255212624374
44 35 38 0.0 0.0 3240.0 0.0 12511.0 71.0 46889.0 0.07893994925288976
44 35 39 0.0 0.0 3218.0 0.0 11394.0 55.0 54247.0 0.08417508417508417
44 35 40 0.0 0.0 3181.0 0.0 11937.0 60.0 50272.0 0.08170411438576013
44 35 41 0.0 0.0 2673.0 0.0 12455.0 62.0 42355.0 0.08176614881439084
44 35 42 0.0 0.0 2239.0 0.0 12893.0 51.0 33644.0 0.08166122258516098
44 35 43 0.0 0.0 1645.0 0.0 13731.0 42.0 20839.0 0.0805616296466797
44 35 44 0.0 0.0 1515.0 0.0 13481.0 47.0 19149.0 0.08244023083264633
44 35 45 0.0 0.0 1044.0 0.0 13005.0 37.0 11874.0 0.08727635434199861
44 35 46 0.0 0.0 682.0 0.0 11433.0 27.0 3892.0 0.09928373874193319
44 35 47 0.0 0.0 544.0 0.0 10062.0 24.0 2259.0 0.11112875059533257
44 35 48 0.0 0.0 150.0 0.0 4086.0 8.0 145.0 0.22479126525369297
44 35 49 0.0 0.0 0.0 0.0 43.0 0.0 0.0 0.6852667645619186
44 36 30 0.0 0.0 0.0 0.0 47.0 0.0 0.0 0.6839276990718123
44 36 31 0.0 0.0 12.0 0.0 511.0 0.0 1.0 0.5548949663099484
44 36 32 0.0 0.0 267.0 0.0 6065.0 30.0 512.0 0.16855285335901757
44 36 33 0.0 0.0 345.0 0.0 7878.0 19.0 1147.0 0.13714733542319746
44 36 34 0.0 0.0 1060.0 0.0 13244.0 28.0 10542.0 0.0858948401742438
44 36 35 0.0 0.0 2284.0 0.0 12381.0 47.0 38240.0 0.08399832003359932
44 36 36 0.0 0.0 2618.0 0.0 13000.0 56.0 38025.0 0.07945516458569807
44 36 37 0.0 0.0 3251.0 0.0 14002.0 66.0 38960.0 0.07272349488338267
44 36 38 0.0 0.0 4217.0 0.0 8305.0 84.0 91503.0 0.09658502932045532
44 36 39 0.0 0.0 4274.0 0.0 7735.0 75.0 97214.0 0.09992149025765469
44 36 40 0.0 0.0 4270.0 0.0 8619.0 73.0 88031.0 0.09386523633925577
44 36 41 0.0 0.0 4034.0 0.0 11723.0 82.0 59057.0 0.07890435664769203
44 36 42 0.0 0.0 3455.0 0.0 12021.0 71.0 53534.0 0.08016491067338524
44 36 43 0.0 0.0 2724.0 0.0 13054.0 44.0 38446.0 0.07873130131593746
44 36 44 0.0 0.0 2386.0 0.0 12537.0 54.0 37562.0 0.08262511803588289
44 36 45 0.0 0.0 1608.0 0.0 13533.0 34.0 21695.0 0.0816374132602484
44 36 46 0.0 0.0 665.0 0.0 11774.0 25.0 4073.0 0.09699993071433519
44 36 47 0.0 0.0 653.0 0.0 11689.0 21.0 4838.0 0.09769713886950453
44 36 48 0.0 0.0 394.0 0.0 8324.0 26.0 1215.0 0.13086558235184145
44 36 49 0.0 0.0 8.0 0.0 319.0 1.0 0.0 0.6018916595012896
44 36 50 0.0 0.0 0.0 0.0 3.0 0.0 0.0 0.6989515726410384
44 37 29 0.0 0.0 0.0 0.0 1.0 0.0 0.0 0.6996501749125437
44 37 30 0.0 0.0 2.0 0.0 99.0 0.0 0.0 0.6663493574488338
44 37 31 0.0 0.0 12.0 0.0 454.0 4.0 0.0 0.5686433793663687
44 37 32 0.0 0.0 286.0 0.0 6430.0 24.0 537.0 0.1610305958132045
44 37 33 0.0 0.0 819.0 0.0 12536.0 23.0 6286.0 0.09120521172638436
44 37 34 0.0 0.0 1385.0 0.0 13702.0 38.0 15067.0 0.08192404470712153
44 37 35 0.0 0.0 2568.0 0.0 12187.0 60.0 41894.0 0.08360205422190373
44 37 36 0.0 0.0 3547.0 0.0 9930.0 74.0 69766.0 0.09047434406100555
44 37 37 0.0 0.0 4555.0 0.0 10640.0 85.0 73791.0 0.08145691511025774
44 37 38 0.0 0.0 4963.0 0.0 7863.0 78.0 100354.0 0.0944096028053139
44 37 39 0.0 0.0 5572.0 0.0 8703.0 74.0 95685.0 0.08598452278589852
44 37 40 0.0 0.0 5778.0 0.0 8909.0 89.0 95573.0 0.08396305625524768
44 37 41 0.0 0.0 5352.0 0.0 8428.0 96.0 97619.0 0.08880431335236282
44 37 42 0.0 0.0 4924.0 0.0 10243.0 83.0 79430.0 0.08154231463684547
44 37 43 0.0 0.0 4018.0 0.0 8642.0 65.0 86019.0 0.09555661729574771
44 37 44 0.0 0.0 3185.0 0.0 12463.0 58.0 47079.0 0.07932011331444758
44 37 45 0.0 0.0 2185.0 0.0 13647.0 52.0 29022.0 0.07850614030168787
44 37 46 0.0 0.0 1518.0 0.0 13726.0 38.0 18931.0 0.08117353742679885
44 37 47 0.0 0.0 906.0 0.0 12533.0 26.0 9226.0 0.09062661833247021
44 37 48 0.0 0.0 394.0 0.0 8233.0 16.0 1235.0 0.1318267419962335
44 37 49 0.0 0.0 179.0 0.0 3961.0 11.0 149.0 0.22842225485397288
44 37 50 0.0 0.0 0.0 0.0 18.0 0.0 0.0 0.6937561942517343
44 38 29 0.0 0.0 0.0 0.0 2.0 0.0 0.0 0.6993006993006992
44 38 30 0.0 0.0 129.0 0.0 2662.0 9.0 34.0 0.2927033242734685
44 38 31 0.0 0.0 12.0 0.0 417.0 1.0 1.0 0.5766062602965403
44 38 32 0.0 0.0 219.0 0.0 5056.0 13.0 288.0 0.19275781357565744
44 38 33 0.0 0.0 802.0 0.0 12103.0 27.0 5108.0 0.09401652004566516
44 38 34 0.0 0.0 1550.0 0.0 13547.0 41.0 18878.0 0.0818952910207663
44 38 35 0.0 0.0 2985.0 0.0 10453.0 71.0 59881.0 0.09074998379464574
44 38 36 0.0 0.0 4106.0 0.0 11452.0 62.0 64099.0 0.07975390224450267
44 38 37 0.0 0.0 5280.0 0.0 9230.0 89.0 88712.0 0.0848536274925753
44 38 38 0.0 0.0 6021.0 0.0 8932.0 99.0 95345.0 0.08268367587999054
44 38 39 0.0 0.0 6472.0 0.0 7448.0 83.0 112193.0 0.08797838245459687
44 38 40 0.0 0.0 4826.0 0.0 5072.0 68.0 131002.0 0.11760752688172041
44 38 41 0.0 0.0 6356.0 0.0 7678.0 69.0 110100.0 0.08722197993894461
44 38 42 0.0 0.0 5518.0 0.0 7665.0 73.0 105141.0 0.09236046971896027
44 38 43 0.0 0.0 4910.0 0.0 9759.0 73.0 82479.0 0.08394291881520566
44 38 44 0.0 0.0 3877.0 0.0 10330.0 72.0 70328.0 0.08630255208975464
44 38 45 0.0 0.0 2751.0 0.0 13042.0 50.0 39784.0 0.07861635220125786
44 38 46 0.0 0.0 1614.0 0.0 14061.0 31.0 19356.0 0.0791631325982471
44 38 47 0.0 0.0 1296.0 0.0 13453.0 46.0 14781.0 0.08365200764818355
44 38 48 0.0 0.0 252.0 0.0 5949.0 18.0 407.0 0.17102369899828976
44 38 49 0.0 0.0 404.0 0.0 7594.0 30.0 799.0 0.14035087719298242
44 38 50 0.0 0.0 0.0 0.0 32.0 0.0 0.0 0.6889763779527558
44 39 29 0.0 0.0 0.0 0.0 7.0 0.0 0.0 0.6975585450921773
44 39 30 0.0 0.0 0.0 0.0 21.0 0.0 0.0 0.6927263730826323
44 39 31 0.0 0.0 78.0 0.0 1753.0 18.0 12.0 0.36726128016789084
44 39 32 0.0 0.0 205.0 0.0 5111.0 16.0 272.0 0.1918070968625839
44 39 33 0.0 0.0 1081.0 0.0 13312.0 29.0 11411.0 0.08544921874999999
44 39 34 0.0 0.0 1898.0 0.0 13531.0 51.0 25944.0 0.08033511218224593
44 39 35 0.0 0.0 3085.0 0.0 12305.0 58.0 47798.0 0.08050603795284646
44 39 36 0.0 0.0 4555.0 0.0 9519.0 66.0 81332.0 0.08690793966105903
44 39 37 0.0 0.0 5001.0 0.0 7664.0 64.0 104442.0 0.09530941520865953
44 39 38 0.0 0.0 6251.0 0.0 7869.0 76.0 105899.0 0.08682709005209624
44 39 39 0.0 0.0 6367.0 0.0 6501.0 63.0 121563.0 0.09425705244731702
44 39 40 0.0 0.0 6541.0 0.0 6393.0 69.0 122797.0 0.09369562307589345
44 39 41 0.0 0.0 6711.0 0.0 7197.0 81.0 115827.0 0.08798391151332327
44 39 42 0.0 0.0 5468.0 0.0 6389.0 79.0 117979.0 0.10119262739428984
44 39 43 0.0 0.0 5612.0 2.0 9149.0 79.0 91499.0 0.0835073068893528
44 39 44 0.0 0.0 4079.0 0.0 7631.0 63.0 96368.0 0.10205569324974485
44 39 45 0.0 0.0 3316.0 0.0 10378.0 62.0 64005.0 0.08918333545674607
44 39 46 0.0 0.0 2147.0 0.0 12716.0 60.0 33418.0 0.08306633440132906
44 39 47 0.0 0.0 866.0 0.0 12619.0 40.0 5951.0 0.09049188804860707
44 39 48 0.0 0.0 206.0 0.0 5053.0 13.0 264.0 0.19323671497584535
44 39 49 0.0 0.0 58.0 0.0 1522.0 9.0 17.0 0.3920470456454774
44 39 50 0.0 0.0 0.0 0.0 7.0 0.0 0.0 0.6975585450921773
44 40 30 0.0 0.0 1.0 0.0 47.0 0.0 0.0 0.6835937499999999
44 40 31 0.0 0.0 385.0 0.0 7613.0 21.0 859.0 0.14018223690798035
44 40 32 0.0 0.0 841.0 0.0 12428.0 29.0 7633.0 0.09170105456212746
44 40 33 0.0 0.0 712.0 0.0 11814.0 25.0 4606.0 0.09640545379424321
44 40 34 0.0 0.0 1343.0 0.0 14022.0 33.0 12973.0 0.08061265618702135
44 40 35 0.0 0.0 2885.0 0.0 12209.0 57.0 45821.0 0.08184741303712363
44 40 36 0.0 0.0 4285.0 0.0 9066.0 78.0 83692.0 0.09116363873152307
44 40 37 0.0 0.0 5303.0 0.0 8854.0 91.0 94004.0 0.08677327383165984
44 40 38 0.0 1.0 6415.0 0.0 8160.0 53.0 105568.0 0.08430180044559522
44 40 39 0.0 0.0 6456.0 0.0 6843.0 80.0 119105.0 0.09156311314584696
44 40 40 0.0 1.0 5804.0 0.0 5647.0 49.0 130049.0 0.10395782282616765
44 40 41 0.0 0.0 6865.0 1.0 7725.0 70.0 110055.0 0.08428657435279951
44 40 42 0.0 0.0 6212.0 0.0 7564.0 71.0 110845.0 0.08861320336730172
44 40 43 0.0 0.0 5428.0 0.0 8344.0 99.0 98343.0 0.08886631966484702
44 40 44 0.0 0.0 4409.0 0.0 11109.0 69.0 67913.0 0.0799314872966029
44 40 45 0.0 0.0 3217.0 0.0 11933.0 64.0 50845.0 0.08158983623754297
44 40 46 0.0 0.0 1737.0 0.0 13621.0 44.0 22747.0 0.08068699210420148
44 40 47 0.0 0.0 777.0 0.0 12241.0 26.0 5329.0 0.09328979809422269
44 40 48 0.0 0.0 350.0 0.0 7014.0 33.0 667.0 0.14992503748125935
44 40 49 0.0 0.0 5.0 0.0 200.0 1.0 0.0 0.6352087114337567
44 40 50 0.0 0.0 0.0 0.0 5.0 0.0 0.0 0.6982543640897755
44 41 30 0.0 0.0 15.0 0.0 279.0 5.0 1.0 0.6118881118881118
44 41 31 0.0 0.0 102.0 0.0 2414.0 15.0 58.0 0.3111802622805067
44 41 32 0.0 0.0 421.0 0.0 8501.0 24.0 1221.0 0.1282756093091442
44 41 33 0.0 0.0 988.0 0.0 13112.0 32.0 9592.0 0.08701056556867619
44 41 34 0.0 0.0 1477.0 0.0 13965.0 31.0 15788.0 0.08024762123122778
44 41 35 0.0 0.0 2539.0 0.0 12731.0 66.0 37929.0 0.08118295158016817
44 41 36 0.0 0.0 3991.0 0.0 10579.0 80.0 68961.0 0.08455127430849135
44 41 37 0.0 0.0 4912.0 0.0 9082.0 78.0 88752.0 0.08755472170106315
44 41 38 0.0 1.0 6045.0 2.0 8122.0 93.0 103645.0 0.08662294270511074
44 41 39 0.0 1.0 6156.0 1.0 6368.0 68.0 121306.0 0.09641209283107223
44 41 40 0.0 0.0 6702.0 0.0 7659.0 59.0 111150.0 0.08540230586225828
44 41 41 0.0 1.0 6301.0 1.0 7608.0 94.0 110895.0 0.08805585256934396
44 41 42 0.0 1.0 5344.0 1.0 6921.0 46.0 113587.0 0.09791579241852007
44 41 43 0.0 0.0 4985.0 1.0 8024.0 70.0 99789.0 0.09326493904470054
44 41 44 0.0 0.0 4108.0 0.0 10144.0 81.0 73522.0 0.08614854470494122
44 41 45 0.0 0.0 2341.0 0.0 13176.0 48.0 33665.0 0.07990411506192568
44 41 46 0.0 0.0 1291.0 0.0 13300.0 43.0 16200.0 0.08445436448090728
44 41 47 0.0 0.0 946.0 0.0 12998.0 39.0 9319.0 0.08784589320449268
44 41 48 0.0 0.0 200.0 0.0 4566.0 17.0 174.0 0.2074381389835531
44 41 49 0.0 0.0 91.0 0.0 1935.0 13.0 24.0 0.34886618489907795
44 41 50 0.0 0.0 0.0 0.0 7.0 0.0 0.0 0.6975585450921773
44 42 30 0.0 0.0 0.0 0.0 5.0 0.0 0.0 0.6982543640897755
44 42 31 0.0 0.0 133.0 0.0 3363.0 15.0 101.0 0.2554744525547445
44 42 32 0.0 0.0 314.0 0.0 7420.0 24.0 873.0 0.14407739014099
44 42 33 0.0 0.0 1464.0 0.0 13374.0 31.0 19121.0 0.08311071534579993
44 42 34 0.0 0.0 1553.0 0.0 13954.0 41.0 17802.0 0.08001828989483309
44 42 35 0.0 0.0 2345.0 0.0 12256.0 56.0 38841.0 0.08428150021070374
44 42 36 0.0 0.0 3218.0 0.0 11206.0 53.0 56271.0 0.0851996105160662
44 42 37 0.0 0.0 4188.0 1.0 11894.0 76.0 60885.0 0.07742934572202864
44 42 38 0.0 0.0 5290.0 0.0 8427.0 79.0 96147.0 0.08914358484559057
44 42 39 0.0 0.0 5021.0 0.0 6135.0 68.0 120818.0 0.106318347509113
44 42 40 0.0 0.0 6272.0 0.0 9270.0 86.0 93963.0 0.0798630918425556
44 42 41 0.0 0.0 5705.0 0.0 8271.0 76.0 100873.0 0.08748906386701662
44 42 42 0.0 0.0 5476.0 0.0 9355.0 70.0 89714.0 0.08317490494296577
44 42 43 0.0 0.0 4666.0 0.0 10010.0 88.0 78103.0 0.08403865778257998
44 42 44 0.0 0.0 3262.0 0.0 11923.0 44.0 50911.0 0.08135278052181996
44 42 45 0.0 0.0 2015.0 0.0 13629.0 33.0 27583.0 0.07929764939110732
44 42 46 0.0 0.0 1678.0 0.0 12667.0 47.0 25652.0 0.0856478649210816
44 42 47 0.0 0.0 489.0 0.0 8920.0 24.0 1137.0 0.1229040470546923
44 42 48 0.0 0.0 243.0 0.0 5747.0 24.0 402.0 0.17572486506840718
44 42 49 0.0 0.0 13.0 0.0 350.0 7.0 1.0 0.5942275042444821
44 42 50 0.0 0.0 0.0 0.0 3.0 0.0 0.0 0.6989515726410384
44 43 30 0.0 0.0 0.0 0.0 4.0 0.0 0.0 0.6986027944111775
44 43 31 0.0 0.0 7.0 0.0 293.0 6.0 0.0 0.6105538595726122
44 43 32 0.0 0.0 320.0 0.0 7156.0 19.0 793.0 0.14805414551607443
44 43 33 0.0 0.0 1285.0 0.0 12994.0 47.0 17323.0 0.08606910119267182
44 43 34 0.0 0.0 1282.0 0.0 13466.0 37.0 15319.0 0.08360205422190373
44 43 35 0.0 0.0 1391.0 0.0 13878.0 29.0 16181.0 0.08107012565869476
44 43 36 0.0 0.0 2506.0 0.0 12111.0 63.0 41483.0 0.08434243026688354
44 43 37 0.0 0.0 3489.0 0.0 11344.0 68.0 58229.0 0.08316008316008315
44 43 38 0.0 0.0 4416.0 0.0 11156.0 68.0 67548.0 0.0796133067955644
44 43 39 0.0 0.0 4860.0 0.0 8687.0 69.0 92100.0 0.08994539029874718
44 43 40 0.0 0.0 5080.0 0.0 9727.0 86.0 84080.0 0.08322434906669837
44 43 41 0.0 0.0 4835.0 0.0 10891.0 73.0 72776.0 0.07893994925288976
44 43 42 0.0 0.0 4353.0 0.0 10977.0 89.0 68181.0 0.08081741037926456
44 43 43 0.0 0.0 3616.0 0.0 10131.0 82.0 67942.0 0.08894536213468868
44 43 44 0.0 0.0 2940.0 0.0 11488.0 76.0 51484.0 0.0853346336706083
44 43 45 0.0 0.0 1719.0 0.0 13608.0 57.0 23511.0 0.08085942012244425
44 43 46 0.0 0.0 876.0 0.0 12864.0 32.0 7083.0 0.08899624944377343
44 43 47 0.0 0.0 583.0 0.0 10287.0 26.0 2469.0 0.10884776862074326
44 43 48 0.0 0.0 119.0 0.0 3193.0 13.0 82.0 0.26425066062665153
44 43 49 0.0 0.0 8.0 0.0 347.0 3.0 0.0 0.5952380952380951
44 43 50 0.0 0.0 0.0 0.0 1.0 0.0 0.0 0.6996501749125437
44 44 30 0.0 0.0 0.0 0.0 2.0 0.0 0.0 0.6993006993006992
44 44 31 0.0 0.0 86.0 0.0 1964.0 13.0 20.0 0.34670629024269434
44 44 32 0.0 0.0 224.0 0.0 4827.0 19.0 247.0 0.1989484155179764
44 44 33 0.0 0.0 617.0 0.0 11131.0 13.0 3762.0 0.10181818181818181
44 44 34 0.0 0.0 907.0 0.0 12732.0 22.0 7097.0 0.08951979026791992
44 44 35 0.0 0.0 1172.0 0.0 13547.0 37.0 11500.0 0.08373706561397212
44 44 36 0.0 0.0 1673.0 0.0 13572.0 52.0 21591.0 0.08121591831999071
44 44 37 0.0 0.0 3009.0 0.0 10824.0 66.0 57203.0 0.08851236011885943
44 44 38 0.0 0.0 3449.0 0.0 10010.0 63.0 68145.0 0.09050943884147918
44 44 39 0.0 0.0 3752.0 0.0 11272.0 72.0 59613.0 0.08230452674897118
44 44 40 0.0 0.0 3857.0 0.0 11742.0 73.0 58409.0 0.07955449482895782
44 44 41 0.0 0.0 3825.0 0.0 10804.0 71.0 64765.0 0.08407398510689405
44 44 42 0.0 0.0 3336.0 0.0 10835.0 65.0 60058.0 0.08648381517173213
44 44 43 0.0 0.0 2968.0 0.0 11728.0 49.0 50586.0 0.08373706561397212
44 44 44 0.0 0.0 2285.0 0.0 12287.0 52.0 37095.0 0.08450534194483007
44 44 45 0.0 0.0 1288.0 0.0 13557.0 35.0 14440.0 0.08312058421896336
44 44 46 0.0 0.0 642.0 0.0 11082.0 31.0 3138.0 0.10210035005834305
44 44 47 0.0 0.0 522.0 0.0 10134.0 21.0 2916.0 0.11071569790430999
44 44 48 0.0 0.0 14.0 0.0 636.0 4.0 4.0 0.5293005671077504
44 44 49 0.0 0.0 1.0 0.0 26.0 0.0 0.0 0.6906758756783422
44 45 31 0.0 0.0 7.0 0.0 208.0 3.0 0.0 0.6329113924050632
44 45 32 0.0 0.0 133.0 0.0 2911.0 15.0 46.0 0.27838536488367466
44 45 33 0.0 0.0 260.0 0.0 6229.0 26.0 530.0 0.165406427221172
44 45 34 0.0 0.0 846.0 0.0 12442.0 27.0 8861.0 0.09158707313881982
44 45 35 0.0 0.0 751.0 0.0 11930.0 20.0 4237.0 0.09539384028345597
44 45 36 0.0 0.0 1104.0 0.0 13749.0 37.0 9664.0 0.0831008488158129
44 45 37 0.0 0.0 1615.0 0.0 13921.0 39.0 18748.0 0.07983576642335766
44 45 38 0.0 0.0 2356.0 0.0 13237.0 69.0 33470.0 0.0796133067955644
44 45 39 0.0 0.0 2832.0 0.0 11766.0 62.0 48393.0 0.08438309927068892
44 45 40 0.0 0.0 2354.0 0.0 13749.0 50.0 29921.0 0.07730108773673458
44 45 41 0.0 0.0 2285.0 0.0 13098.0 60.0 33244.0 0.0805616296466797
44 45 42 0.0 0.0 2118.0 0.0 13536.0 53.0 28389.0 0.0792796874115182
44 45 43 0.0 0.0 1694.0 0.0 13955.0 36.0 21176.0 0.07925275969431078
44 45 44 0.0 0.0 1299.0 0.0 13462.0 31.0 15294.0 0.08352723584511663
44 45 45 0.0 0.0 1200.0 0.0 13485.0 34.0 14447.0 0.08391776059461727
44 45 46 0.0 0.0 831.0 0.0 12406.0 27.0 5342.0 0.09193590753874441
44 45 47 0.0 0.0 358.0 0.0 7303.0 21.0 738.0 0.14515292897874543
44 45 48 0.0 0.0 6.0 0.0 193.0 0.0 0.0 0.6366530241018644
44 45 49 0.0 0.0 0.0 0.0 5.0 0.0 0.0 0.6982543640897755
44 46 31 0.0 0.0 0.0 0.0 2.0 0.0 0.0 0.6993006993006992
44 46 32 0.0 0.0 99.0 0.0 2495.0 12.0 40.0 0.3055434308162374
44 46 33 0.0 0.0 152.0 0.0 3521.0 13.0 103.0 0.24734982332155472
44 46 34 0.0 0.0 712.0 0.0 11532.0 30.0 4697.0 0.09839061072457655
44 46 35 0.0 0.0 1083.0 0.0 13080.0 34.0 13216.0 0.08663366336633661
44 46 36 0.0 0.0 767.0 0.0 12197.0 31.0 5450.0 0.09363922145675872
44 46 37 0.0 0.0 1074.0 0.0 13384.0 21.0 9529.0 0.08502884907379288
44 46 38 0.0 0.0 1457.0 0.0 13245.0 37.0 20337.0 0.08381226053639845
44 46 39 0.0 0.0 1662.0 0.0 13280.0 41.0 23005.0 0.08264950705472578
44 46 40 0.0 0.0 1221.0 0.0 13654.0 38.0 11905.0 0.08301707779886147
44 46 41 0.0 0.0 1227.0 0.0 13444.0 42.0 13286.0 0.084008400840084
44 46 42 0.0 0.0 1226.0 0.0 13346.0 39.0 13474.0 0.08448494357612696
44 46 43 0.0 0.0 1131.0 0.0 13344.0 33.0 11956.0 0.08500819721901753
44 46 44 0.0 0.0 1028.0 0.0 13302.0 37.0 9449.0 0.08580534444716842
44 46 45 0.0 0.0 699.0 0.0 11728.0 32.0 4155.0 0.09716823986674068
44 46 46 0.0 0.0 615.0 0.0 10706.0 24.0 2925.0 0.10518407212622088
44 46 47 0.0 0.0 292.0 0.0 6778.0 20.0 713.0 0.15466195315952275
44 46 48 0.0 0.0 0.0 0.0 94.0 1.0 0.0 0.668896321070234
44 46 49 0.0 0.0 0.0 0.0 4.0 0.0 0.0 0.6986027944111775
44 47 31 0.0 0.0 0.0 0.0 2.0 0.0 0.0 0.6993006993006992
44 47 32 0.0 0.0 4.0 0.0 44.0 0.0 0.0 0.6839276990718123
44 47 33 0.0 0.0 290.0 0.0 5683.0 25.0 341.0 0.17605633802816897
44 47 34 0.0 0.0 111.0 0.0 2800.0 16.0 51.0 0.2860061287027579
44 47 35 0.0 0.0 294.0 0.0 6256.0 22.0 503.0 0.1640496836184673
44 47 36 0.0 0.0 226.0 0.0 5356.0 21.0 306.0 0.18511172815020493
44 47 37 0.0 0.0 575.0 0.0 10570.0 33.0 2968.0 0.10670731707317072
44 47 38 0.0 0.0 712.0 0.0 11984.0 26.0 5353.0 0.09532888465204957
44 47 39 0.0 0.0 570.0 0.0 10962.0 24.0 3782.0 0.10349671028313742
44 47 40 0.0 0.0 811.0 0.0 12289.0 31.0 6265.0 0.0928012727031685
44 47 41 0.0 0.0 459.0 0.0 9078.0 29.0 1647.0 0.1215066828675577
44 47 42 0.0 0.0 529.0 0.0 9950.0 23.0 2223.0 0.11217948717948717
44 47 43 0.0 0.0 409.0 0.0 8020.0 19.0 1041.0 0.1344473254585614
44 47 44 0.0 0.0 398.0 0.0 7866.0 24.0 885.0 0.1366920523335286
44 47 45 0.0 0.0 330.0 0.0 7191.0 23.0 760.0 0.14730639730639727
44 47 46 0.0 0.0 264.0 0.0 6285.0 19.0 552.0 0.16406890894175552
44 47 47 0.0 0.0 123.0 0.0 2339.0 15.0 34.0 0.31474820143884885
44 47 48 0.0 0.0 14.0 0.0 547.0 10.0 1.0 0.5488043904351234
44 47 49 0.0 0.0 0.0 0.0 1.0 0.0 0.0 0.6996501749125437
44 48 32 0.0 0.0 0.0 0.0 2.0 0.0 0.0 0.6993006993006992
44 48 33 0.0 0.0 0.0 0.0 8.0 0.0 0.0 0.697211155378486
44 48 34 0.0 0.0 4.0 0.0 78.0 0.0 0.0 0.6724303554274734
44 48 35 0.0 0.0 42.0 0.0 924.0 10.0 4.0 0.47377326565143824
44 48 36 0.0 0.0 45.0 0.0 1133.0 5.0 4.0 0.44136191677175274
44 48 37 0.0 0.0 136.0 0.0 3084.0 12.0 70.0 0.2688172043010752
44 48 38 0.0 0.0 166.0 0.0 4175.0 16.0 173.0 0.22130888397091364
44 48 39 0.0 0.0 267.0 0.0 6395.0 12.0 544.0 0.1617188402448885
44 48 40 0.0 0.0 44.0 0.0 871.0 10.0 2.0 0.48242591316333555
44 48 41 0.0 0.0 151.0 0.0 3223.0 18.0 77.0 0.26143790849673193
44 48 42 0.0 0.0 190.0 0.0 3980.0 27.0 111.0 0.2278645833333333
44 48 43 0.0 0.0 274.0 0.0 5639.0 21.0 326.0 0.17732742241925264
44 48 44 0.0 0.0 56.0 0.0 1197.0 17.0 6.0 0.43236565781346503
44 48 45 0.0 0.0 23.0 0.0 630.0 8.0 1.0 0.5295007564296519
44 48 46 0.0 0.0 27.0 0.0 555.0 5.0 0.0 0.5432673651532789
44 48 47 0.0 0.0 2.0 0.0 100.0 0.0 0.0 0.6663493574488338
44 48 48 0.0 0.0 0.0 0.0 4.0 0.0 0.0 0.6986027944111775
44 49 34 0.0 0.0 0.0 0.0 1.0 0.0 0.0 0.6996501749125437
44 49 35 0.0 0.0 0.0 0.0 8.0 0.0 0.0 0.697211155378486
44 49 36 0.0 0.0 0.0 0.0 6.0 0.0 0.0 0.6979062811565303
44 49 37 0.0 0.0 1.0 0.0 48.0 0.0 0.0 0.6832601268911663
44 49 38 0.0 0.0 0.0 0.0 34.0 0.0 0.0 0.6882989183874139
44 49 39 0.0 0.0 2.0 0.0 80.0 2.0 0.0 0.6730769230769229
44 49 40 0.0 0.0 8.0 0.0 105.0 3.0 0.0 0.6635071090047392
44 49 41 0.0 0.0 33.0 0.0 520.0 9.0 2.0 0.5503144654088049
44 49 42 0.0 0.0 8.0 0.0 144.0 3.0 0.0 0.6514657980456026
44 49 43 0.0 0.0 1.0 0.0 33.0 0.0 0.0 0.6882989183874139
44 49 44 0.0 0.0 0.0 0.0 12.0 0.0 0.0 0.6958250497017892
44 49 46 0.0 0.0 0.0 0.0 1.0 0.0 0.0 0.6996501749125437
45 30 35 0.0 0.0 0.0 0.0 1.0 0.0 0.0 0.0
45 30 36 0.0 0.0 0.0 0.0 3.0 0.0 0.0 0.6989515726410384
45 30 37 0.0 0.0 0.0 0.0 2.0 0.0 0.0 0.6993006993006992
45 30 38 0.0 0.0 1.0 0.0 15.0 0.0 0.0 0.6944444444444444
45 30 39 0.0 0.0 0.0 0.0 9.0 0.0 0.0 0.6968641114982577
45 30 40 0.0 0.0 0.0 0.0 9.0 0.0 0.0 0.6968641114982577
45 30 41 0.0 0.0 16.0 0.0 540.0 6.0 0.0 0.5492349941153393
45 30 42 0.0 0.0 1.0 0.0 10.0 0.0 0.0 0.6961710591745399
45 31 33 0.0 0.0 0.0 0.0 1.0 0.0 0.0 0.6996501749125437
45 31 34 0.0 0.0 0.0 0.0 12.0 0.0 0.0 0.6958250497017892
45 31 35 0.0 0.0 1.0 0.0 129.0 1.0 0.0 0.6575857209957726
45 31 36 0.0 0.0 9.0 0.0 332.0 0.0 0.0 0.5980350277659119
45 31 37 0.0 0.0 0.0 0.0 101.0 1.0 0.0 0.6666666666666665
45 31 38 0.0 0.0 91.0 0.0 1766.0 16.0 17.0 0.3643935450286309
45 31 39 0.0 0.0 4.0 0.0 139.0 1.0 0.0 0.65359477124183
45 31 40 0.0 0.0 29.0 0.0 796.0 10.0 2.0 0.4973357015985789
45 31 41 0.0 0.0 30.0 0.0 587.0 3.0 2.0 0.5355776587605202
45 31 42 0.0 0.0 40.0 0.0 880.0 13.0 2.0 0.48176187198898823
45 31 43 0.0 0.0 8.0 0.0 244.0 3.0 0.0 0.622498888394842
45 31 44 0.0 0.0 0.0 0.0 19.0 0.0 0.0 0.6937561942517343
45 31 45 0.0 0.0 0.0 0.0 2.0 0.0 0.0 0.6993006993006992
45 32 31 0.0 0.0 0.0 0.0 5.0 0.0 0.0 0.6982543640897755
45 32 32 0.0 0.0 1.0 0.0 5.0 0.0 0.0 0.6979062811565303
45 32 33 0.0 0.0 0.0 0.0 8.0 0.0 0.0 0.697211155378486
45 32 34 0.0 0.0 38.0 0.0 891.0 7.0 5.0 0.47928791509756924
45 32 35 0.0 0.0 178.0 0.0 4291.0 20.0 155.0 0.21715526601520083
45 32 36 0.0 0.0 272.0 0.0 6434.0 17.0 557.0 0.16095654173373186
45 32 37 0.0 0.0 283.0 0.0 6307.0 19.0 502.0 0.16330339437769742
45 32 38 0.0 0.0 370.0 0.0 7455.0 13.0 834.0 0.14263881813550686
45 32 39 0.0 0.0 272.0 0.0 6006.0 22.0 393.0 0.1695941853422168
45 32 40 0.0 0.0 162.0 0.0 4159.0 7.0 164.0 0.2217997465145754
45 32 41 0.0 0.0 395.0 0.0 7857.0 25.0 977.0 0.13678553981436245
45 32 42 0.0 0.0 195.0 0.0 4728.0 20.0 223.0 0.20269292022585778
45 32 43 0.0 0.0 67.0 0.0 1516.0 9.0 13.0 0.39171796306659196
45 32 44 0.0 0.0 22.0 0.0 613.0 8.0 1.0 0.5331302361005331
45 32 45 0.0 0.0 0.0 0.0 33.0 0.0 0.0 0.6886374815543531
45 32 46 0.0 0.0 0.0 0.0 15.0 0.0 0.0 0.694789081885856
45 32 47 0.0 0.0 0.0 0.0 1.0 0.0 0.0 0.6996501749125437
45 33 32 0.0 0.0 1.0 0.0 25.0 1.0 0.0 0.6913580246913579
45 33 33 0.0 0.0 19.0 0.0 406.0 6.0 1.0 0.5787515502273666
45 33 34 0.0 0.0 139.0 0.0 3118.0 17.0 81.0 0.2671245945430261
45 33 35 0.0 0.0 655.0 0.0 11377.0 27.0 4117.0 0.0998644696483344
45 33 36 0.0 0.0 1030.0 0.0 13079.0 26.0 9978.0 0.08689715101483458
45 33 37 0.0 0.0 943.0 0.0 12945.0 30.0 8249.0 0.08815010703941568
45 33 38 0.0 0.0 1014.0 0.0 13188.0 35.0 9116.0 0.08646779074794639
45 33 39 0.0 0.0 886.0 0.0 12746.0 26.0 7618.0 0.08961720650364868
45 33 40 0.0 0.0 720.0 0.0 11616.0 26.0 4137.0 0.09768350544236672
45 33 41 0.0 0.0 658.0 0.0 11423.0 23.0 4039.0 0.09950248756218905
45 33 42 0.0 0.0 454.0 0.0 8999.0 29.0 1633.0 0.12246326102169348
45 33 43 0.0 0.0 236.0 0.0 5048.0 27.0 224.0 0.19294377067254684
45 33 44 0.0 0.0 266.0 0.0 6018.0 25.0 454.0 0.16938898971566846
45 33 45 0.0 0.0 144.0 0.0 2462.0 21.0 34.0 0.30534351145038163
45 33 46 0.0 0.0 215.0 0.0 3875.0 25.0 121.0 0.23079459281239692
45 33 47 0.0 0.0 0.0 0.0 13.0 0.0 0.0 0.695479384003974
45 33 48 0.0 0.0 0.0 0.0 1.0 0.0 0.0 0.6996501749125437
45 34 31 0.0 0.0 0.0 0.0 20.0 0.0 0.0 0.6930693069306929
45 34 32 0.0 0.0 0.0 0.0 67.0 1.0 0.0 0.6776379477250725
45 34 33 0.0 0.0 94.0 0.0 2519.0 18.0 42.0 0.3046789989118607
45 34 34 0.0 0.0 415.0 0.0 8173.0 15.0 1174.0 0.1323501607109094
45 34 35 0.0 0.0 643.0 0.0 11357.0 19.0 3625.0 0.10003572704537333
45 34 36 0.0 0.0 1197.0 0.0 13092.0 36.0 14736.0 0.0859106529209622
45 34 37 0.0 0.0 1183.0 0.0 13764.0 29.0 10960.0 0.08262024195928001
45 34 38 0.0 0.0 1209.0 0.0 13964.0 38.0 10978.0 0.08149959250203748
45 34 39 0.0 0.0 1569.0 0.0 13201.0 42.0 22372.0 0.0835571471202626
45 34 40 0.0 0.0 1886.0 0.0 12615.0 54.0 30968.0 0.08482278097546196
45 34 41 0.0 0.0 1176.0 0.0 13771.0 26.0 10205.0 0.08253743662303974
45 34 42 0.0 0.0 1195.0 0.0 13487.0 45.0 12900.0 0.08398824164616953
45 34 43 0.0 0.0 607.0 0.0 10958.0 30.0 2977.0 0.10333628579864186
45 34 44 0.0 0.0 529.0 0.0 9980.0 14.0 2230.0 0.11192836584585865
45 34 45 0.0 0.0 512.0 0.0 9283.0 27.0 1629.0 0.11889596602972398
45 34 46 0.0 0.0 140.0 0.0 3598.0 14.0 111.0 0.24454148471615716
45 34 47 0.0 0.0 139.0 0.0 2723.0 23.0 40.0 0.28925619834710736
45 34 48 0.0 0.0 0.0 0.0 41.0 0.0 0.0 0.6859382655560998
45 34 49 0.0 0.0 0.0 0.0 2.0 0.0 0.0 0.6993006993006992
45 35 31 0.0 0.0 0.0 0.0 19.0 0.0 0.0 0.6934125804853887
45 35 32 0.0 0.0 17.0 0.0 588.0 2.0 2.0 0.5380476556495004
45 35 33 0.0 0.0 282.0 0.0 6480.0 14.0 534.0 0.16001828780432048
45 35 34 0.0 0.0 1107.0 0.0 12997.0 32.0 12596.0 0.0869619231008137
45 35 35 0.0 0.0 1157.0 0.0 13195.0 31.0 13387.0 0.0855798031664527
45 35 36 0.0 0.0 1405.0 0.0 13800.0 50.0 15697.0 0.08144269924374635
45 35 37 0.0 0.0 2190.0 0.0 12043.0 41.0 38705.0 0.08621220518504832
45 35 38 0.0 0.0 2727.0 0.0 11539.0 65.0 47776.0 0.08606381016782443
45 35 39 0.0 0.0 2673.0 0.0 12830.0 62.0 40333.0 0.08008237043816496
45 35 40 0.0 0.0 2806.0 0.0 11216.0 72.0 51889.0 0.08741258741258741
45 35 41 0.0 0.0 1948.0 0.0 13605.0 47.0 26370.0 0.07973573299920263
45 35 42 0.0 0.0 1715.0 0.0 14117.0 36.0 19704.0 0.07849733669750489
45 35 43 0.0 0.0 1350.0 0.0 13893.0 40.0 14344.0 0.08121120714658622
45 35 44 0.0 0.0 909.0 0.0 13052.0 28.0 6859.0 0.08776328986960882
45 35 45 0.0 0.0 973.0 0.0 12991.0 28.0 9405.0 0.08770281275449476
45 35 46 0.0 0.0 372.0 0.0 8047.0 22.0 1127.0 0.1346153846153846
45 35 47 0.0 0.0 167.0 0.0 3982.0 10.0 172.0 0.22801302931596085
45 35 48 0.0 0.0 9.0 0.0 598.0 4.0 0.0 0.5378409527468304
45 35 49 0.0 0.0 1.0 0.0 15.0 1.0 0.0 0.694789081885856
45 36 31 0.0 0.0 39.0 0.0 995.0 7.0 5.0 0.46250412950115616
45 36 32 0.0 0.0 38.0 0.0 1089.0 8.0 2.0 0.4490057729313662
45 36 33 0.0 0.0 374.0 0.0 7688.0 31.0 941.0 0.13949780789159025
45 36 34 0.0 0.0 834.0 0.0 12325.0 22.0 5136.0 0.09240924092409239
45 36 35 0.0 0.0 1933.0 0.0 12919.0 52.0 29700.0 0.08308112278203073
45 36 36 0.0 0.0 1777.0 0.0 13923.0 46.0 21966.0 0.079078174423859
45 36 37 0.0 0.0 2819.0 0.0 11215.0 63.0 50775.0 0.08738530678484488
45 36 38 0.0 0.0 3013.0 0.0 13097.0 63.0 41612.0 0.07731816424587176
45 36 39 0.0 0.0 3844.0 0.0 10179.0 75.0 70833.0 0.08743442418186359
45 36 40 0.0 0.0 3515.0 0.0 12551.0 66.0 50227.0 0.077416500774165
45 36 41 0.0 0.0 3057.0 0.0 12904.0 59.0 43539.0 0.07789461970733877
45 36 42 0.0 0.0 2397.0 0.0 13282.0 59.0 33560.0 0.0792079207920792
45 36 43 0.0 0.0 1888.0 0.0 13493.0 51.0 26251.0 0.08057553956834532
45 36 44 0.0 0.0 1890.0 0.0 12897.0 47.0 29442.0 0.08340780458742923
45 36 45 0.0 0.0 862.0 0.0 12709.0 28.0 7230.0 0.08989918448596929
45 36 46 0.0 0.0 1302.0 0.0 13135.0 42.0 16900.0 0.08514779223938693
45 36 47 0.0 0.0 441.0 0.0 9338.0 20.0 1935.0 0.11899702507437313
45 36 48 0.0 0.0 178.0 0.0 4156.0 24.0 126.0 0.22183489145935667
45 36 49 0.0 0.0 1.0 0.0 47.0 1.0 0.0 0.6839276990718123
45 36 50 0.0 0.0 0.0 0.0 6.0 0.0 0.0 0.6979062811565303
45 37 30 0.0 0.0 0.0 0.0 1.0 0.0 0.0 0.6996501749125437
45 37 31 0.0 0.0 18.0 0.0 392.0 3.0 1.0 0.5816368923971748
45 37 32 0.0 0.0 193.0 0.0 4847.0 17.0 238.0 0.19925989183034437
45 37 33 0.0 0.0 450.0 0.0 9323.0 26.0 1809.0 0.11901725750233781
45 37 34 0.0 0.0 1399.0 0.0 13031.0 40.0 19378.0 0.08517369349638011
45 37 35 0.0 0.0 2214.0 0.0 12315.0 46.0 36604.0 0.08468937148387877
45 37 36 0.0 0.0 2443.0 0.0 12645.0 57.0 38009.0 0.0818952910207663
45 37 37 0.0 0.0 3251.0 0.0 11017.0 62.0 58088.0 0.08607439286812173
45 37 38 0.0 0.0 3787.0 0.0 12220.0 70.0 54705.0 0.07777777777777777
45 37 39 0.0 0.0 4275.0 0.0 8527.0 72.0 89073.0 0.09459459459459459
45 37 40 0.0 0.0 4410.0 0.0 8244.0 87.0 93084.0 0.09562841530054644
45 37 41 0.0 0.0 4169.0 0.0 9097.0 83.0 83363.0 0.09174311926605504
45 37 42 0.0 0.0 3691.0 0.0 11076.0 62.0 61274.0 0.08347743128018603
45 37 43 0.0 0.0 2872.0 0.0 12322.0 62.0 45401.0 0.0813575081357508
45 37 44 0.0 0.0 2449.0 0.0 12137.0 55.0 40642.0 0.08438818565400844
45 37 45 0.0 0.0 1773.0 0.0 13352.0 38.0 24271.0 0.08169457898115189
45 37 46 0.0 0.0 995.0 0.0 13203.0 26.0 8973.0 0.08640375239153242
45 37 47 0.0 0.0 640.0 0.0 11237.0 23.0 3611.0 0.10095183155465819
45 37 48 0.0 0.0 299.0 0.0 6322.0 17.0 475.0 0.16269610691458453
45 37 49 0.0 0.0 0.0 0.0 99.0 0.0 1.0 0.6669842782277274
45 37 50 0.0 0.0 2.0 0.0 52.0 0.0 0.0 0.6815968841285296
45 38 29 0.0 0.0 0.0 0.0 1.0 0.0 0.0 0.6996501749125437
45 38 31 0.0 0.0 1.0 0.0 118.0 0.0 0.0 0.6606890042472864
45 38 32 0.0 0.0 383.0 0.0 8297.0 20.0 1323.0 0.13119670134008055
45 38 33 0.0 0.0 822.0 0.0 12356.0 33.0 6817.0 0.09232392508572936
45 38 34 0.0 0.0 1216.0 0.0 13605.0 33.0 13074.0 0.08322929671244278
45 38 35 0.0 0.0 2019.0 0.0 13359.0 49.0 28728.0 0.08054309055344609
45 38 36 0.0 0.0 2877.0 0.0 12327.0 68.0 44742.0 0.0813149793808445
45 38 37 0.0 0.0 3663.0 0.0 10537.0 79.0 65586.0 0.08648915796626921
45 38 38 0.0 0.0 4302.0 0.0 9452.0 83.0 80474.0 0.0889171165449349
45 38 39 0.0 0.0 4838.0 0.0 11671.0 60.0 66078.0 0.07562253551558364
45 38 40 0.0 0.0 4996.0 0.0 9342.0 87.0 87252.0 0.08573703227386857
45 38 41 0.0 0.0 4234.0 0.0 7053.0 75.0 104900.0 0.1053978769856207
45 38 42 0.0 0.0 4395.0 0.0 10686.0 92.0 70727.0 0.0819480215406228
45 38 43 0.0 0.0 3480.0 0.0 11266.0 61.0 59582.0 0.08353720389044691
45 38 44 0.0 0.0 3108.0 0.0 11939.0 52.0 50847.0 0.08204406938584154
45 38 45 0.0 0.0 2251.0 0.0 12605.0 51.0 36291.0 0.08297771455666192
45 38 46 0.0 0.0 1584.0 0.0 13575.0 43.0 20143.0 0.0816231343283582
45 38 47 0.0 0.0 508.0 0.0 9764.0 20.0 2041.0 0.1142763856011754
45 38 48 0.0 0.0 510.0 0.0 9414.0 22.0 1708.0 0.11752854264607117
45 38 49 0.0 0.0 3.0 0.0 112.0 1.0 0.0 0.662251655629139
45 38 50 0.0 0.0 0.0 0.0 21.0 0.0 0.0 0.6927263730826323
45 39 30 0.0 0.0 0.0 0.0 9.0 0.0 0.0 0.6968641114982577
45 39 31 0.0 0.0 24.0 0.0 808.0 2.0 3.0 0.49469964664310945
45 39 32 0.0 0.0 334.0 0.0 7127.0 25.0 739.0 0.14828937612541043
45 39 33 0.0 0.0 443.0 0.0 8897.0 23.0 1451.0 0.12358757062146891
45 39 34 0.0 0.0 1322.0 0.0 13249.0 54.0 16973.0 0.08456659619450316
45 39 35 0.0 0.0 2299.0 0.0 12824.0 58.0 34393.0 0.08175182481751823
45 39 36 0.0 0.0 3169.0 0.0 11585.0 68.0 53916.0 0.08368701058042918
45 39 37 0.0 0.0 3882.0 0.0 10629.0 62.0 68119.0 0.08480222908716456
45 39 38 0.0 0.0 4433.0 0.0 10653.0 76.0 71337.0 0.08190966534051017
45 39 39 0.0 0.0 4778.0 0.0 9672.0 76.0 81470.0 0.08504434455108734
45 39 40 0.0 0.0 5186.0 0.0 9684.0 87.0 85024.0 0.0829138288421676
45 39 41 0.0 0.0 4818.0 0.0 7870.0 68.0 98623.0 0.09525105456524696
45 39 42 0.0 0.0 4579.0 0.0 10208.0 72.0 76495.0 0.08335317932841152
45 39 43 0.0 0.0 4082.0 0.0 10823.0 85.0 66497.0 0.08279614406529066
45 39 44 0.0 0.0 3289.0 0.0 10930.0 53.0 58030.0 0.08620689655172413
45 39 45 0.0 0.0 2602.0 0.0 11256.0 71.0 48843.0 0.0882890836854386
45 39 46 0.0 0.0 1931.0 0.0 12569.0 46.0 30646.0 0.08486905916585838
45 39 47 0.0 0.0 897.0 0.0 12647.0 29.0 8663.0 0.09009588776626551
45 39 48 0.0 0.0 221.0 0.0 5280.0 24.0 309.0 0.18719080090921245
45 39 49 0.0 0.0 21.0 0.0 486.0 10.0 0.0 0.5606728073688425
45 39 50 0.0 0.0 0.0 0.0 12.0 0.0 0.0 0.6958250497017892
45 40 30 0.0 0.0 0.0 0.0 15.0 1.0 0.0 0.6951340615690167
45 40 31 0.0 0.0 182.0 0.0 4191.0 19.0 148.0 0.2202643171806167
45 40 32 0.0 0.0 533.0 0.0 10054.0 23.0 2281.0 0.11129660545353365
45 40 33 0.0 0.0 900.0 0.0 12853.0 32.0 7928.0 0.08892841262783459
45 40 34 0.0 0.0 1132.0 0.0 13464.0 39.0 12245.0 0.08440853732063185
45 40 35 0.0 0.0 2422.0 0.0 11286.0 62.0 46345.0 0.08910386965376782
45 40 36 0.0 0.0 2958.0 0.0 12754.0 71.0 43125.0 0.07898894154818324
45 40 37 0.0 0.0 3763.0 0.0 11043.0 78.0 61600.0 0.08329862557267805
45 40 38 0.0 0.0 4718.0 0.0 10595.0 82.0 73827.0 0.08084074373484235
45 40 39 0.0 0.0 4905.0 0.0 9317.0 82.0 86836.0 0.08637176877043617
45 40 40 0.0 0.0 5176.0 0.0 10163.0 95.0 80626.0 0.08079875339066196
45 40 41 0.0 0.0 4904.0 0.0 9245.0 65.0 86635.0 0.08659615265664625
45 40 42 0.0 0.0 4656.0 0.0 10770.0 74.0 71573.0 0.08033972225410306
45 40 43 0.0 0.0 3853.0 0.0 11688.0 76.0 58700.0 0.07979481333713308
45 40 44 0.0 0.0 2935.0 0.0 12319.0 65.0 45481.0 0.08112179858616293
45 40 45 0.0 0.0 2311.0 0.0 12714.0 39.0 35457.0 0.08210180623973726
45 40 46 0.0 0.0 1506.0 0.0 13458.0 47.0 19430.0 0.08255690529543577
45 40 47 0.0 0.0 494.0 0.0 9780.0 26.0 2489.0 0.11419249592169657
45 40 48 0.0 0.0 214.0 0.0 4953.0 18.0 225.0 0.1958315848370401
45 40 49 0.0 0.0 2.0 0.0 85.0 0.0 0.0 0.670819357930043
45 40 50 0.0 0.0 0.0 0.0 2.0 0.0 0.0 0.6993006993006992
45 41 30 0.0 0.0 0.0 0.0 22.0 0.0 0.0 0.6923837784371908
45 41 31 0.0 0.0 87.0 0.0 1982.0 18.0 22.0 0.3454231433506045
45 41 32 0.0 0.0 413.0 0.0 8172.0 18.0 1156.0 0.13236267372600924
45 41 33 0.0 0.0 844.0 0.0 12452.0 29.0 5283.0 0.09156910196873569
45 41 34 0.0 0.0 1214.0 0.0 13355.0 33.0 14610.0 0.08449004224502112
45 41 35 0.0 0.0 2165.0 0.0 12317.0 60.0 36140.0 0.08497208060208788
45 41 36 0.0 0.0 2405.0 0.0 13313.0 54.0 33441.0 0.07905584730927775
45 41 37 0.0 0.0 3135.0 0.0 12680.0 51.0 45422.0 0.07847973541117775
45 41 38 0.0 0.0 4385.0 0.0 9895.0 78.0 76178.0 0.08598452278589852
45 41 39 0.0 0.0 4359.0 0.0 7482.0 69.0 101396.0 0.10109763142692084
45 41 40 0.0 0.0 4666.0 0.0 9092.0 88.0 84969.0 0.08885503935008884
45 41 41 0.0 0.0 4515.0 0.0 10029.0 86.0 77805.0 0.0846484067960578
45 41 42 0.0 0.0 4136.0 0.0 9922.0 76.0 73779.0 0.08716224629560453
45 41 43 0.0 0.0 3760.0 0.0 10162.0 72.0 69784.0 0.08795074758135443
45 41 44 0.0 0.0 2898.0 0.0 12111.0 63.0 45965.0 0.08237716975581053
45 41 45 0.0 0.0 1700.0 0.0 13550.0 34.0 22534.0 0.08114530806236596
45 41 46 0.0 0.0 975.0 0.0 13077.0 35.0 9477.0 0.08734169318110924
45 41 47 0.0 0.0 762.0 0.0 11955.0 32.0 5057.0 0.09521866285792015
45 41 48 0.0 0.0 118.0 0.0 3164.0 13.0 68.0 0.26575550493545935
45 41 49 0.0 0.0 0.0 0.0 34.0 0.0 0.0 0.6882989183874139
45 42 30 0.0 0.0 0.0 0.0 2.0 0.0 0.0 0.6993006993006992
45 42 31 0.0 0.0 4.0 0.0 230.0 2.0 0.0 0.6278026905829596
45 42 32 0.0 0.0 406.0 0.0 8766.0 20.0 1620.0 0.12548176032983774
45 42 33 0.0 0.0 757.0 0.0 12078.0 33.0 5099.0 0.09447331128956069
45 42 34 0.0 0.0 987.0 0.0 13041.0 28.0 8777.0 0.0873689465801298
45 42 35 0.0 0.0 1282.0 0.0 13830.0 40.0 13744.0 0.08187134502923976
45 42 36 0.0 0.0 1872.0 0.0 14107.0 44.0 21898.0 0.07785563341118895
45 42 37 0.0 0.0 3031.0 0.0 12625.0 67.0 44547.0 0.07930214115781124
45 42 38 0.0 0.0 4152.0 0.0 10222.0 86.0 72233.0 0.08548574219942602
45 42 39 0.0 0.0 4633.0 0.0 10385.0 74.0 75447.0 0.08223684210526314
45 42 40 0.0 1.0 4361.0 2.0 9278.0 75.0 81748.0 0.08953696597595291
45 42 41 0.0 0.0 3765.0 0.0 12899.0 57.0 51376.0 0.07496251874062967
45 42 42 0.0 0.0 3403.0 0.0 10677.0 65.0 61673.0 0.08703220191470844
45 42 43 0.0 0.0 3031.0 0.0 12545.0 69.0 44081.0 0.07970849464814392
45 42 44 0.0 0.0 2207.0 0.0 13126.0 60.0 31877.0 0.08076612437983154
45 42 45 0.0 0.0 1720.0 0.0 13293.0 44.0 23094.0 0.08225616921269095
45 42 46 0.0 0.0 880.0 0.0 12815.0 23.0 7151.0 0.08914926133469178
45 42 47 0.0 0.0 654.0 0.0 11278.0 24.0 3766.0 0.10053138015223322
45 42 48 0.0 0.0 130.0 0.0 3029.0 14.0 66.0 0.2720031086069555
45 42 49 0.0 0.0 0.0 0.0 21.0 0.0 0.0 0.6927263730826323
45 42 50 0.0 0.0 0.0 0.0 1.0 0.0 0.0 0.6996501749125437
45 43 30 0.0 0.0 0.0 0.0 1.0 0.0 0.0 0.6996501749125437
45 43 31 0.0 0.0 39.0 0.0 942.0 6.0 4.0 0.47106325706594876
45 43 32 0.0 0.0 540.0 0.0 9930.0 21.0 2439.0 0.11230547088079576
45 43 33 0.0 0.0 622.0 0.0 11111.0 28.0 3687.0 0.10204081632653059
45 43 34 0.0 0.0 1069.0 0.0 13034.0 21.0 12742.0 0.08692952499223842
45 43 35 0.0 0.0 1191.0 0.0 13528.0 37.0 13141.0 0.08380724334031725
45 43 36 0.0 0.0 1503.0 0.0 13995.0 33.0 17528.0 0.079981718464351
45 43 37 0.0 0.0 2689.0 0.0 12947.0 46.0 38753.0 0.07938308006350646
45 43 38 0.0 0.0 3676.0 0.0 10609.0 67.0 66316.0 0.08593174564203289
45 43 39 0.0 0.0 3726.0 0.0 7389.0 76.0 96635.0 0.10675613847796248
45 43 40 0.0 0.0 3555.0 0.0 12193.0 65.0 52550.0 0.078868796124162
45 43 41 0.0 0.0 3075.0 0.0 11542.0 69.0 52225.0 0.08438309927068892
45 43 42 0.0 0.0 2570.0 0.0 13241.0 56.0 35498.0 0.07862076711405626
45 43 43 0.0 0.0 2397.0 0.0 12635.0 53.0 36942.0 0.08212588725288905
45 43 44 0.0 0.0 2046.0 0.0 12797.0 39.0 31427.0 0.08308605341246289
45 43 45 0.0 0.0 1460.0 0.0 13776.0 39.0 17489.0 0.08120649651972157
45 43 46 0.0 0.0 728.0 0.0 11640.0 25.0 3986.0 0.09747267283993594
45 43 47 0.0 0.0 323.0 0.0 7195.0 18.0 850.0 0.14724442574673957
45 43 48 0.0 0.0 201.0 0.0 4666.0 12.0 232.0 0.2041411490230388
45 43 49 0.0 0.0 1.0 0.0 16.0 0.0 0.0 0.694100148735746
45 44 31 0.0 0.0 35.0 0.0 941.0 5.0 10.0 0.47122181083810155
45 44 32 0.0 0.0 505.0 0.0 9392.0 21.0 1883.0 0.11780545270952539
45 44 33 0.0 0.0 412.0 0.0 8342.0 31.0 1199.0 0.13049962714392244
45 44 34 0.0 0.0 694.0 0.0 11633.0 21.0 4413.0 0.09769032168027351
45 44 35 0.0 0.0 852.0 0.0 12567.0 25.0 7279.0 0.09086778736937755
45 44 36 0.0 0.0 1502.0 0.0 13662.0 42.0 17660.0 0.08158508158508158
45 44 37 0.0 0.0 2124.0 0.0 13512.0 69.0 29722.0 0.07945516458569807
45 44 38 0.0 0.0 3052.0 0.0 10935.0 62.0 55745.0 0.08763693270735524
45 44 39 0.0 0.0 3190.0 0.0 12047.0 53.0 49832.0 0.08122063004003016
45 44 40 0.0 0.0 3122.0 0.0 9908.0 73.0 64969.0 0.09319664492078285
45 44 41 0.0 0.0 2147.0 0.0 14047.0 52.0 26201.0 0.07701617339641323
45 44 42 0.0 0.0 1971.0 0.0 13815.0 49.0 24975.0 0.0787711697518708
45 44 43 0.0 0.0 1602.0 0.0 13739.0 46.0 19471.0 0.08083140877598152
45 44 44 0.0 0.0 1208.0 0.0 13784.0 35.0 12149.0 0.08246936852026389
45 44 45 0.0 0.0 1445.0 0.0 13184.0 45.0 18616.0 0.0841902700102231
45 44 46 0.0 0.0 526.0 0.0 10512.0 24.0 2879.0 0.1075268817204301
45 44 47 0.0 0.0 132.0 0.0 3420.0 22.0 114.0 0.2530272908006506
45 44 48 0.0 0.0 3.0 0.0 111.0 0.0 0.0 0.662251655629139
45 44 49 0.0 0.0 0.0 0.0 12.0 0.0 0.0 0.6958250497017892
45 45 30 0.0 0.0 0.0 0.0 1.0 0.0 0.0 0.6996501749125437
45 45 31 0.0 0.0 0.0 0.0 27.0 0.0 0.0 0.6906758756783422
45 45 32 0.0 0.0 14.0 0.0 529.0 3.0 1.0 0.5511811023622046
45 45 33 0.0 0.0 224.0 0.0 5193.0 17.0 274.0 0.18916362653695445
45 45 34 0.0 0.0 434.0 0.0 8941.0 25.0 1543.0 0.12325028611673561
45 45 35 0.0 0.0 662.0 0.0 11350.0 20.0 3994.0 0.0999357555856949
45 45 36 0.0 0.0 1405.0 0.0 12890.0 35.0 20842.0 0.08586849852796859
45 45 37 0.0 0.0 1291.0 0.0 13947.0 46.0 13193.0 0.08131970260223047
45 45 38 0.0 0.0 1657.0 0.0 14200.0 46.0 18269.0 0.07842258570468294
45 45 39 0.0 0.0 2289.0 0.0 12821.0 72.0 35802.0 0.08190008190008188
45 45 40 0.0 0.0 1564.0 0.0 13979.0 43.0 17860.0 0.07980845969672784
45 45 41 0.0 0.0 1813.0 0.0 12459.0 52.0 29907.0 0.08605851979345955
45 45 42 0.0 0.0 1806.0 0.0 13012.0 43.0 26942.0 0.08323424494649227
45 45 43 0.0 0.0 1950.0 0.0 12336.0 41.0 32315.0 0.08585796639273886
45 45 44 0.0 0.0 1215.0 0.0 13644.0 35.0 12877.0 0.08304169879589536
45 45 45 0.0 0.0 1109.0 0.0 13171.0 31.0 11696.0 0.0860162202015237
45 45 46 0.0 0.0 282.0 0.0 6278.0 30.0 460.0 0.16406890894175552
45 45 47 0.0 0.0 89.0 0.0 2089.0 13.0 21.0 0.3360537686029764
45 45 48 0.0 0.0 13.0 0.0 262.0 3.0 0.0 0.6161971830985915
45 46 32 0.0 0.0 0.0 0.0 21.0 0.0 0.0 0.6927263730826323
45 46 33 0.0 0.0 38.0 0.0 1172.0 10.0 5.0 0.43763676148796493
45 46 34 0.0 0.0 402.0 0.0 8574.0 22.0 1338.0 0.12777220041982293
45 46 35 0.0 0.0 620.0 0.0 10595.0 27.0 2676.0 0.10605257177486553
45 46 36 0.0 0.0 329.0 0.0 7291.0 12.0 803.0 0.14565126924677485
45 46 37 0.0 0.0 774.0 0.0 12133.0 33.0 5790.0 0.09398496240601503
45 46 38 0.0 0.0 1004.0 0.0 13187.0 37.0 9408.0 0.08653727283965879
45 46 39 0.0 0.0 1188.0 0.0 13485.0 36.0 11889.0 0.084008400840084
45 46 40 0.0 0.0 1138.0 0.0 13433.0 34.0 11471.0 0.08451554482342287
45 46 41 0.0 0.0 1195.0 0.0 13644.0 23.0 11740.0 0.08308605341246289
45 46 42 0.0 0.0 1004.0 0.0 13108.0 29.0 10028.0 0.08691333498882542
45 46 43 0.0 0.0 987.0 0.0 13106.0 38.0 8826.0 0.08707009142359598
45 46 44 0.0 0.0 794.0 0.0 12434.0 34.0 7785.0 0.09195402298850575
45 46 45 0.0 0.0 475.0 0.0 9566.0 19.0 1942.0 0.11629838843661737
45 46 46 0.0 0.0 329.0 0.0 7282.0 25.0 795.0 0.14593974773272175
45 46 47 0.0 0.0 2.0 0.0 150.0 0.0 0.0 0.6505576208178437
45 46 48 0.0 0.0 0.0 0.0 31.0 0.0 0.0 0.6893156080748399
45 47 32 0.0 0.0 0.0 0.0 6.0 0.0 0.0 0.6979062811565303
45 47 33 0.0 0.0 19.0 0.0 346.0 3.0 0.0 0.592718035563082
45 47 34 0.0 0.0 30.0 0.0 862.0 10.0 9.0 0.48560527228581335
45 47 35 0.0 0.0 27.0 0.0 1059.0 6.0 10.0 0.4548408057179986
45 47 36 0.0 0.0 257.0 0.0 5877.0 15.0 469.0 0.17235011695186506
45 47 37 0.0 0.0 572.0 0.0 9786.0 31.0 2089.0 0.11347977628272675
45 47 38 0.0 0.0 545.0 0.0 10203.0 29.0 2504.0 0.10995915802701851
45 47 39 0.0 0.0 398.0 0.0 8277.0 25.0 1187.0 0.1313444037902242
45 47 40 0.0 0.0 279.0 0.0 6467.0 23.0 550.0 0.16047684548372304
45 47 41 0.0 0.0 460.0 0.0 8798.0 16.0 1412.0 0.12444444444444443
45 47 42 0.0 0.0 585.0 0.0 10346.0 28.0 2515.0 0.10845986984815617
45 47 43 0.0 0.0 476.0 0.0 9052.0 29.0 1449.0 0.12155943388035077
45 47 44 0.0 0.0 140.0 0.0 3569.0 21.0 113.0 0.2458728486125746
45 47 45 0.0 0.0 230.0 0.0 4916.0 17.0 244.0 0.1963809790994529
45 47 46 0.0 0.0 48.0 0.0 1299.0 9.0 7.0 0.4194128220491312
45 47 47 0.0 0.0 48.0 0.0 993.0 12.0 7.0 0.462198745460548
45 47 48 0.0 0.0 0.0 0.0 8.0 0.0 0.0 0.697211155378486
45 48 32 0.0 0.0 0.0 0.0 3.0 0.0 0.0 0.6989515726410384
45 48 33 0.0 0.0 0.0 0.0 1.0 0.0 0.0 0.6996501749125437
45 48 34 0.0 0.0 0.0 0.0 14.0 0.0 0.0 0.6951340615690167
45 48 35 0.0 0.0 0.0 0.0 34.0 0.0 0.0 0.6882989183874139
45 48 36 0.0 0.0 55.0 0.0 1192.0 9.0 10.0 0.43223217042296996
45 48 37 0.0 0.0 80.0 0.0 2244.0 23.0 47.0 0.32550569634968607
45 48 38 0.0 0.0 152.0 0.0 3913.0 19.0 122.0 0.23144321375433954
45 48 39 0.0 0.0 432.0 0.0 8657.0 21.0 1474.0 0.12642225031605558
45 48 40 0.0 0.0 126.0 0.0 2998.0 15.0 83.0 0.27402622822470146
45 48 41 0.0 0.0 297.0 0.0 6172.0 21.0 428.0 0.16566086853626788
45 48 42 0.0 0.0 92.0 0.0 1975.0 13.0 19.0 0.3454231433506045
45 48 43 0.0 0.0 86.0 0.0 2026.0 15.0 26.0 0.34179687499999994
45 48 44 0.0 0.0 97.0 0.0 2319.0 14.0 27.0 0.3180372557928214
45 48 45 0.0 0.0 3.0 0.0 171.0 2.0 1.0 0.6451612903225805
45 48 46 0.0 0.0 0.0 0.0 24.0 0.0 0.0 0.6916996047430829
45 48 47 0.0 0.0 0.0 0.0 3.0 0.0 0.0 0.6989515726410384
45 49 36 0.0 0.0 0.0 0.0 4.0 0.0 0.0 0.6986027944111775
45 49 37 0.0 0.0 0.0 0.0 8.0 0.0 0.0 0.697211155378486
45 49 38 0.0 0.0 6.0 0.0 234.0 1.0 1.0 0.6252791424743188
45 49 39 0.0 0.0 1.0 0.0 78.0 0.0 1.0 0.6734006734006733
45 49 40 0.0 0.0 1.0 0.0 52.0 1.0 0.0 0.6822612085769979
45 49 41 0.0 0.0 0.0 0.0 13.0 0.0 0.0 0.695479384003974
45 49 42 0.0 0.0 0.0 0.0 23.0 1.0 0.0 0.6923837784371908
45 49 43 0.0 0.0 0.0 0.0 5.0 0.0 0.0 0.6982543640897755
45 49 44 0.0 0.0 0.0 0.0 2.0 0.0 0.0 0.6993006993006992
46 30 37 0.0 0.0 0.0 0.0 1.0 0.0 0.0 0.6996501749125437
46 30 42 0.0 0.0 0.0 0.0 1.0 0.0 0.0 0.6996501749125437
46 31 34 0.0 0.0 0.0 0.0 18.0 0.0 0.0 0.6937561942517343
46 31 35 0.0 0.0 0.0 0.0 11.0 0.0 0.0 0.6961710591745399
46 31 36 0.0 0.0 0.0 0.0 27.0 0.0 0.0 0.6906758756783422
46 31 37 0.0 0.0 0.0 0.0 53.0 0.0 0.0 0.6819288845591815
46 31 38 0.0 0.0 1.0 0.0 52.0 0.0 0.0 0.6819288845591815
46 31 39 0.0 0.0 0.0 0.0 51.0 1.0 0.0 0.6829268292682925
46 31 40 0.0 0.0 3.0 0.0 97.0 1.0 0.0 0.6669842782277274
46 31 41 0.0 0.0 14.0 0.0 354.0 2.0 0.0 0.5919661733615221
46 31 42 0.0 0.0 0.0 0.0 35.0 0.0 0.0 0.6879606879606879
46 31 43 0.0 0.0 0.0 0.0 9.0 0.0 0.0 0.6968641114982577
46 31 44 0.0 0.0 0.0 0.0 2.0 0.0 0.0 0.6993006993006992
46 32 33 0.0 0.0 0.0 0.0 2.0 0.0 0.0 0.6993006993006992
46 32 34 0.0 0.0 16.0 0.0 254.0 2.0 0.0 0.6172839506172839
46 32 35 0.0 0.0 212.0 0.0 4606.0 15.0 184.0 0.20570085218924472
46 32 36 0.0 0.0 142.0 0.0 3160.0 19.0 74.0 0.26495079485238454
46 32 37 0.0 0.0 291.0 0.0 6196.0 28.0 430.0 0.16550419671355948
46 32 38 0.0 0.0 178.0 0.0 3827.0 14.0 104.0 0.2336448598130841
46 32 39 0.0 0.0 148.0 0.0 3896.0 14.0 148.0 0.23201856148491876
46 32 40 0.0 0.0 353.0 0.0 7606.0 31.0 859.0 0.1409443269908386
46 32 41 0.0 0.0 33.0 0.0 995.0 5.0 3.0 0.46326935804103236
46 32 42 0.0 0.0 231.0 0.0 4902.0 16.0 269.0 0.1966568338249754
46 32 43 0.0 0.0 123.0 0.0 2544.0 11.0 42.0 0.3006872852233677
46 32 44 0.0 0.0 0.0 0.0 21.0 0.0 0.0 0.6927263730826323
46 32 45 0.0 0.0 0.0 0.0 4.0 0.0 0.0 0.6986027944111775
46 32 46 0.0 0.0 1.0 0.0 7.0 0.0 0.0 0.697211155378486
46 32 47 0.0 0.0 0.0 0.0 2.0 0.0 0.0 0.6993006993006992
46 33 32 0.0 0.0 0.0 0.0 4.0 0.0 0.0 0.6986027944111775
46 33 33 0.0 0.0 1.0 0.0 15.0 1.0 0.0 0.694789081885856
46 33 34 0.0 0.0 89.0 0.0 2279.0 9.0 29.0 0.3212482790270766
46 33 35 0.0 0.0 272.0 0.0 5859.0 18.0 414.0 0.17254128666502339
46 33 36 0.0 0.0 649.0 0.0 11222.0 29.0 4027.0 0.10106114199090449
46 33 37 0.0 0.0 649.0 0.0 11476.0 22.0 4763.0 0.09914312017562495
46 33 38 0.0 0.0 816.0 0.0 12401.0 29.0 5795.0 0.0920326058374967
46 33 39 0.0 0.0 666.0 0.0 11073.0 28.0 3839.0 0.10205569324974485
46 33 40 0.0 0.0 547.0 0.0 10338.0 22.0 2797.0 0.10871253300201893
46 33 41 0.0 0.0 853.0 0.0 12482.0 33.0 6658.0 0.09133015852306085
46 33 42 0.0 0.0 359.0 0.0 7923.0 22.0 1204.0 0.13637249172024157
46 33 43 0.0 0.0 42.0 0.0 1226.0 7.0 8.0 0.42944785276073616
46 33 44 0.0 0.0 87.0 0.0 1811.0 15.0 22.0 0.36045314109165805
46 33 45 0.0 0.0 23.0 0.0 678.0 8.0 1.0 0.5198663200891199
46 33 46 0.0 0.0 10.0 0.0 308.0 0.0 0.0 0.6039689387402932
46 33 47 0.0 0.0 0.0 0.0 4.0 0.0 0.0 0.6986027944111775
46 34 31 0.0 0.0 0.0 0.0 1.0 0.0 0.0 0.6996501749125437
46 34 32 0.0 0.0 0.0 0.0 15.0 0.0 0.0 0.694789081885856
46 34 33 0.0 0.0 137.0 0.0 2992.0 22.0 55.0 0.2741335421969845
46 34 34 0.0 0.0 171.0 0.0 3728.0 16.0 104.0 0.2379738228794832
46 34 35 0.0 0.0 489.0 0.0 9735.0 28.0 2238.0 0.11474469305794606
46 34 36 0.0 0.0 674.0 0.0 11299.0 23.0 3661.0 0.10025780578630764
46 34 37 0.0 0.0 1041.0 0.0 13354.0 26.0 10293.0 0.08538667967797023
46 34 38 0.0 0.0 1592.0 0.0 13012.0 41.0 22069.0 0.08435259384226064
46 34 39 0.0 0.0 1187.0 0.0 13280.0 30.0 13834.0 0.08496692359045942
46 34 40 0.0 0.0 1052.0 0.0 13424.0 20.0 10281.0 0.08488449645304068
46 34 41 0.0 0.0 1016.0 0.0 13100.0 30.0 11636.0 0.08688097306689835
46 34 42 0.0 0.0 583.0 0.0 10544.0 27.0 2808.0 0.10670731707317072
46 34 43 0.0 0.0 498.0 0.0 9659.0 18.0 1984.0 0.11530225662987975
46 34 44 0.0 0.0 319.0 0.0 7511.0 25.0 991.0 0.14259523324506007
46 34 45 0.0 0.0 273.0 0.0 5837.0 23.0 423.0 0.17309594460929772
46 34 46 0.0 0.0 40.0 0.0 1244.0 8.0 6.0 0.42735042735042733
46 34 47 0.0 0.0 2.0 0.0 79.0 1.0 0.0 0.6730769230769229
46 34 48 0.0 0.0 18.0 0.0 307.0 7.0 0.0 0.6039689387402932
46 35 32 0.0 0.0 19.0 0.0 611.0 4.0 1.0 0.5333333333333332
46 35 33 0.0 0.0 227.0 0.0 4824.0 15.0 220.0 0.1989484155179764
46 35 34 0.0 0.0 786.0 0.0 12233.0 32.0 6709.0 0.09331467039925348
46 35 35 0.0 0.0 595.0 0.0 10991.0 34.0 3639.0 0.1032676845909862
46 35 36 0.0 0.0 1088.0 0.0 13195.0 36.0 11490.0 0.08598980406608929
46 35 37 0.0 0.0 1215.0 0.0 13301.0 45.0 14538.0 0.08480222908716456
46 35 38 0.0 0.0 1708.0 0.0 13420.0 45.0 23458.0 0.08167075020417687
46 35 39 0.0 0.0 1446.0 0.0 13429.0 47.0 18439.0 0.0830072334874896
46 35 40 0.0 0.0 1893.0 0.0 12749.0 47.0 29901.0 0.08410428931875524
46 35 41 0.0 0.0 1326.0 0.0 13718.0 41.0 15031.0 0.08216444627032102
46 35 42 0.0 0.0 1438.0 0.0 13526.0 33.0 18604.0 0.08246451080874123
46 35 43 0.0 0.0 846.0 0.0 12545.0 27.0 7827.0 0.09097407238936903
46 35 44 0.0 0.0 699.0 0.0 11786.0 29.0 4529.0 0.09674521456706515
46 35 45 0.0 0.0 433.0 0.0 8647.0 24.0 1443.0 0.1265593925149159
46 35 46 0.0 0.0 197.0 0.0 5105.0 23.0 321.0 0.19228128004394998
46 35 47 0.0 0.0 211.0 0.0 5063.0 25.0 287.0 0.19302357645112364
46 35 48 0.0 0.0 22.0 0.0 570.0 5.0 1.0 0.5411673753382295
46 36 31 0.0 0.0 0.0 0.0 27.0 0.0 0.0 0.6906758756783422
46 36 32 0.0 0.0 159.0 0.0 3260.0 26.0 79.0 0.25959577229742253
46 36 33 0.0 0.0 539.0 0.0 10282.0 14.0 2937.0 0.10926402872083038
46 36 34 0.0 0.0 702.0 0.0 11648.0 33.0 4579.0 0.09762900976290097
46 36 35 0.0 0.0 1086.0 0.0 13306.0 35.0 10345.0 0.08542314967356153
46 36 36 0.0 0.0 1486.0 0.0 13587.0 45.0 18440.0 0.08205849598499501
46 36 37 0.0 0.0 1701.0 0.0 13811.0 44.0 21527.0 0.0799908581876357
46 36 38 0.0 0.0 2318.0 0.0 12854.0 71.0 35237.0 0.0816231343283582
46 36 39 0.0 0.0 2571.0 0.0 13001.0 61.0 36951.0 0.0796495420151334
46 36 40 0.0 0.0 2833.0 0.0 11927.0 68.0 46868.0 0.0835073068893528
46 36 41 0.0 0.0 2712.0 0.0 11655.0 54.0 47485.0 0.08552752153460809
46 36 42 0.0 0.0 2325.0 0.0 11402.0 65.0 43362.0 0.08913790907933274
46 36 43 0.0 0.0 1609.0 0.0 13472.0 42.0 21701.0 0.0819816126954383
46 36 44 0.0 0.0 1298.0 0.0 13511.0 42.0 15441.0 0.08335814230425721
46 36 45 0.0 0.0 939.0 0.0 13046.0 28.0 8378.0 0.08763693270735524
46 36 46 0.0 0.0 390.0 0.0 7578.0 26.0 812.0 0.1407176600663383
46 36 47 0.0 0.0 428.0 0.0 8496.0 22.0 1253.0 0.1282991202346041
46 36 48 0.0 0.0 74.0 0.0 1525.0 10.0 8.0 0.39008080245193644
46 36 49 0.0 0.0 0.0 0.0 16.0 0.0 0.0 0.6944444444444444
46 37 31 0.0 0.0 9.0 0.0 222.0 2.0 0.0 0.6280843427545983
46 37 32 0.0 0.0 498.0 0.0 9538.0 28.0 1970.0 0.11645316918981866
46 37 33 0.0 0.0 311.0 0.0 6391.0 16.0 511.0 0.16110471806674337
46 37 34 0.0 0.0 878.0 0.0 12778.0 25.0 6553.0 0.08939974457215835
46 37 35 0.0 0.0 1051.0 0.0 13352.0 38.0 9860.0 0.08541272649624793
46 37 36 0.0 0.0 1555.0 0.0 13641.0 47.0 19881.0 0.08143322475570032
46 37 37 0.0 0.0 1921.0 0.0 13835.0 56.0 24289.0 0.07891325178963982
46 37 38 0.0 0.0 2848.0 0.0 10617.0 64.0 56180.0 0.09056213209133837
46 37 39 0.0 0.0 3209.0 0.0 10942.0 64.0 57550.0 0.08672489623985627
46 37 40 0.0 0.0 3338.0 0.0 9638.0 65.0 70464.0 0.09340805978115825
46 37 41 0.0 0.0 3323.0 0.0 10435.0 72.0 63062.0 0.08885503935008884
46 37 42 0.0 0.0 2565.0 0.0 12551.0 47.0 39882.0 0.08173750583839326
46 37 43 0.0 0.0 2271.0 0.0 12664.0 38.0 35919.0 0.08258125405532943
46 37 44 0.0 0.0 1316.0 0.0 13733.0 34.0 14010.0 0.08211143695014661
46 37 45 0.0 0.0 1173.0 0.0 13530.0 32.0 12107.0 0.0837871805613741
46 37 46 0.0 0.0 571.0 0.0 10686.0 26.0 3259.0 0.10575615651911163
46 37 47 0.0 0.0 185.0 0.0 4438.0 9.0 171.0 0.21167221046265497
46 37 48 0.0 0.0 142.0 0.0 3333.0 9.0 78.0 0.2560819462227913
46 37 49 0.0 0.0 0.0 0.0 42.0 0.0 0.0 0.6856023506366307
46 38 31 0.0 0.0 6.0 0.0 207.0 0.0 0.0 0.632625395390872
46 38 32 0.0 0.0 58.0 0.0 1509.0 9.0 14.0 0.39336892385501543
46 38 33 0.0 0.0 770.0 0.0 11995.0 26.0 5769.0 0.09486380268329041
46 38 34 0.0 0.0 896.0 0.0 12888.0 41.0 9637.0 0.08887760284408329
46 38 35 0.0 0.0 1458.0 0.0 13261.0 39.0 18985.0 0.0837621155917195
46 38 36 0.0 0.0 1805.0 0.0 13580.0 55.0 23389.0 0.08058481551833303
46 38 37 0.0 0.0 2164.0 0.0 13607.0 57.0 29068.0 0.07879777114875892
46 38 38 0.0 0.0 2823.0 0.0 12514.0 61.0 42417.0 0.08078476630121176
46 38 39 0.0 0.0 3517.0 0.0 10370.0 75.0 65340.0 0.08812791136850055
46 38 40 0.0 0.0 3327.0 0.0 11833.0 58.0 52792.0 0.08154231463684547
46 38 41 0.0 0.0 3310.0 0.0 12641.0 68.0 48121.0 0.07800746642892963
46 38 42 0.0 0.0 2831.0 0.0 12268.0 60.0 44374.0 0.08190487333996371
46 38 43 0.0 0.0 2203.0 0.0 13825.0 42.0 28097.0 0.07762253271235306
46 38 44 0.0 0.0 1978.0 0.0 13357.0 55.0 27648.0 0.08081741037926456
46 38 45 0.0 0.0 1376.0 0.0 13496.0 41.0 17129.0 0.08296296296296296
46 38 46 0.0 0.0 1254.0 0.0 13562.0 37.0 13850.0 0.08326889906619876
46 38 47 0.0 0.0 693.0 0.0 11573.0 27.0 4200.0 0.09817671809256662
46 38 48 0.0 0.0 147.0 0.0 3675.0 14.0 107.0 0.2410883416566213
46 38 49 0.0 0.0 1.0 0.0 44.0 0.0 0.0 0.6845965770171147
46 39 30 0.0 0.0 0.0 0.0 1.0 0.0 0.0 0.0
46 39 31 0.0 0.0 30.0 0.0 659.0 7.0 3.0 0.5219985085756897
46 39 32 0.0 0.0 329.0 0.0 7107.0 22.0 666.0 0.1486357362777365
46 39 33 0.0 0.0 883.0 0.0 12564.0 21.0 6520.0 0.09065009065009064
46 39 34 0.0 0.0 906.0 0.0 12741.0 32.0 7210.0 0.08946258546872005
46 39 35 0.0 0.0 1439.0 0.0 14104.0 36.0 14809.0 0.0797902655875983
46 39 36 0.0 0.0 1572.0 0.0 13724.0 41.0 18895.0 0.08094357076780757
46 39 37 0.0 0.0 2566.0 0.0 12807.0 57.0 38150.0 0.08057553956834532
46 39 38 0.0 0.0 2510.0 0.0 13746.0 54.0 32700.0 0.07661157929298455
46 39 39 0.0 0.0 3217.0 0.0 12093.0 60.0 50438.0 0.08082207597275141
46 39 40 0.0 0.0 3113.0 0.0 12889.0 58.0 43696.0 0.0777907429015947
46 39 41 0.0 0.0 3507.0 0.0 11088.0 76.0 59463.0 0.08439836026042921
46 39 42 0.0 0.0 3184.0 0.0 10759.0 59.0 58200.0 0.08780732563973907
46 39 43 0.0 0.0 2497.0 0.0 12800.0 53.0 37133.0 0.08092017802439165
46 39 44 0.0 0.0 1742.0 0.0 13971.0 55.0 21263.0 0.07910051415334199
46 39 45 0.0 0.0 1723.0 0.0 13435.0 44.0 23678.0 0.08156131663268278
46 39 46 0.0 0.0 1138.0 0.0 13522.0 40.0 10698.0 0.08414978662018392
46 39 47 0.0 0.0 549.0 0.0 9927.0 15.0 2078.0 0.11232349165596918
46 39 48 0.0 0.0 124.0 0.0 2801.0 16.0 49.0 0.28519046649012014
46 39 49 0.0 0.0 0.0 0.0 21.0 0.0 0.0 0.6927263730826323
46 40 30 0.0 0.0 0.0 0.0 6.0 0.0 0.0 0.6982543640897755
46 40 31 0.0 0.0 56.0 0.0 1272.0 14.0 7.0 0.4224502112251055
46 40 32 0.0 0.0 536.0 0.0 10133.0 21.0 2182.0 0.11054958938723941
46 40 33 0.0 0.0 440.0 0.0 8335.0 24.0 1035.0 0.13013571295779883
46 40 34 0.0 0.0 1776.0 0.0 12595.0 45.0 27958.0 0.08557457212713934
46 40 35 0.0 0.0 1291.0 0.0 13953.0 40.0 13252.0 0.08123948238844077
46 40 36 0.0 0.0 2027.0 0.0 13431.0 48.0 27395.0 0.08020164986251145
46 40 37 0.0 0.0 2437.0 0.0 13337.0 53.0 33538.0 0.0787667379318105
46 40 38 0.0 0.0 3047.0 0.0 11361.0 82.0 54293.0 0.08537105921092748
46 40 39 0.0 0.0 3300.0 0.0 11900.0 72.0 51255.0 0.08138115444980526
46 40 40 0.0 0.0 3172.0 0.0 12185.0 70.0 49928.0 0.08067304367869078
46 40 41 0.0 0.0 3168.0 0.0 12183.0 54.0 49260.0 0.08058945429426663
46 40 42 0.0 0.0 2895.0 0.0 12606.0 67.0 43815.0 0.08003201280512204
46 40 43 0.0 0.0 2392.0 0.0 13102.0 50.0 35476.0 0.08004574042309891
46 40 44 0.0 0.0 2275.0 0.0 12571.0 69.0 36660.0 0.08312058421896336
46 40 45 0.0 0.0 1755.0 0.0 12878.0 55.0 26579.0 0.08418014551139437
46 40 46 0.0 0.0 1172.0 0.0 13694.0 38.0 11379.0 0.0830072334874896
46 40 47 0.0 0.0 756.0 0.0 12177.0 29.0 5561.0 0.09386523633925577
46 40 48 0.0 0.0 25.0 0.0 1059.0 10.0 7.0 0.4554326610279765
46 40 49 0.0 0.0 2.0 0.0 48.0 0.0 0.0 0.6832601268911663
46 41 30 0.0 0.0 0.0 0.0 3.0 0.0 0.0 0.6989515726410384
46 41 31 0.0 0.0 46.0 0.0 984.0 10.0 3.0 0.4637297118251076
46 41 32 0.0 0.0 175.0 0.0 4222.0 24.0 132.0 0.2197112366603892
46 41 33 0.0 0.0 706.0 0.0 11777.0 29.0 5878.0 0.09676527508985346
46 41 34 0.0 0.0 820.0 0.0 12443.0 32.0 5846.0 0.09179725919611827
46 41 35 0.0 0.0 1319.0 0.0 13430.0 38.0 17117.0 0.08357211079274116
46 41 36 0.0 0.0 1368.0 0.0 14047.0 37.0 14160.0 0.08044127786715696
46 41 37 0.0 0.0 2783.0 0.0 10369.0 54.0 57942.0 0.09233610341643582
46 41 38 0.0 0.0 2638.0 0.0 14096.0 57.0 32786.0 0.07471847147355498
46 41 39 0.0 0.0 3484.0 0.0 10046.0 59.0 67514.0 0.09004373552868536
46 41 40 0.0 0.0 2977.0 0.0 13069.0 51.0 42028.0 0.07754514235072558
46 41 41 0.0 0.0 2809.0 0.0 12503.0 62.0 42947.0 0.08086409056778142
46 41 42 0.0 0.0 2276.0 0.0 13640.0 63.0 30329.0 0.07817735090462363
46 41 43 0.0 0.0 1871.0 0.0 13940.0 48.0 23738.0 0.07866936390200044
46 41 44 0.0 0.0 1662.0 0.0 13684.0 37.0 21359.0 0.08065910007489772
46 41 45 0.0 0.0 1159.0 0.0 13110.0 42.0 14070.0 0.08612204724409449
46 41 46 0.0 0.0 1021.0 0.0 13233.0 40.0 9232.0 0.08619097457366248
46 41 47 0.0 0.0 345.0 0.0 8270.0 22.0 1450.0 0.132013201320132
46 41 48 0.0 0.0 235.0 0.0 5772.0 28.0 483.0 0.17537266691719902
46 41 49 0.0 0.0 1.0 0.0 58.0 1.0 0.0 0.6802721088435373
46 42 30 0.0 0.0 0.0 0.0 2.0 0.0 0.0 0.6993006993006992
46 42 31 0.0 0.0 45.0 0.0 926.0 7.0 2.0 0.4724940938238271
46 42 32 0.0 0.0 210.0 0.0 4984.0 8.0 255.0 0.19482326746451428
46 42 33 0.0 0.0 416.0 0.0 8098.0 30.0 1017.0 0.13348588863463004
46 42 34 0.0 0.0 653.0 0.0 11135.0 23.0 3665.0 0.10165553296543711
46 42 35 0.0 0.0 874.0 0.0 12947.0 22.0 7041.0 0.08848438882568574
46 42 36 0.0 0.0 1378.0 0.0 13899.0 45.0 15320.0 0.08108890819577179
46 42 37 0.0 0.0 2176.0 0.0 13216.0 56.0 31350.0 0.08051529790660224
46 42 38 0.0 0.0 2896.0 0.0 11724.0 65.0 48977.0 0.08418520745640408
46 42 39 0.0 0.0 3256.0 0.0 11057.0 59.0 58839.0 0.08577380223011885
46 42 40 0.0 0.0 3250.0 0.0 10739.0 76.0 59679.0 0.08763144717075612
46 42 41 0.0 0.0 2274.0 0.0 13537.0 54.0 30346.0 0.0786340148281285
46 42 42 0.0 0.0 2305.0 0.0 12678.0 50.0 36086.0 0.08243052284503061
46 42 43 0.0 0.0 1847.0 0.0 13414.0 34.0 25366.0 0.08103727714748783
46 42 44 0.0 0.0 1075.0 0.0 12944.0 30.0 13252.0 0.08740167311774252
46 42 45 0.0 0.0 873.0 0.0 12763.0 33.0 6798.0 0.08955414827608264
46 42 46 0.0 0.0 905.0 0.0 12701.0 29.0 6778.0 0.08974934290659656
46 42 47 0.0 0.0 123.0 0.0 3441.0 10.0 91.0 0.25207057976233344
46 42 48 0.0 0.0 128.0 0.0 3358.0 13.0 100.0 0.2558947176019009
46 42 49 0.0 0.0 1.0 0.0 21.0 0.0 0.0 0.6923837784371908
46 43 30 0.0 0.0 0.0 0.0 1.0 0.0 0.0 0.6996501749125437
46 43 31 0.0 0.0 107.0 0.0 2272.0 15.0 28.0 0.3208801283520513
46 43 32 0.0 0.0 382.0 0.0 7366.0 27.0 809.0 0.14392926904492645
46 43 33 0.0 0.0 493.0 0.0 9276.0 17.0 1740.0 0.11901725750233781
46 43 34 0.0 0.0 229.0 0.0 5482.0 22.0 353.0 0.18203094526069427
46 43 35 0.0 0.0 735.0 0.0 11785.0 29.0 4412.0 0.09649848359525777
46 43 36 0.0 0.0 1080.0 0.0 13599.0 27.0 8853.0 0.08394795226959284
46 43 37 0.0 0.0 1874.0 0.0 12949.0 48.0 27952.0 0.08323919376895178
46 43 38 0.0 0.0 2816.0 0.0 11082.0 72.0 53474.0 0.08798944126704794
46 43 39 0.0 0.0 3164.0 0.0 9923.0 81.0 65388.0 0.09288747346072185
46 43 40 0.0 0.0 2880.0 0.0 11754.0 80.0 48987.0 0.08419533317296125
46 43 41 0.0 0.0 2053.0 0.0 13921.0 48.0 26057.0 0.07792063227027327
46 43 42 0.0 0.0 1488.0 0.0 13773.0 37.0 17866.0 0.08111239860950173
46 43 43 0.0 0.0 1220.0 0.0 13552.0 39.0 13615.0 0.08351727017836902
46 43 44 0.0 0.0 1023.0 0.0 13295.0 33.0 9561.0 0.08588957055214723
46 43 45 0.0 0.0 412.0 0.0 8604.0 19.0 1285.0 0.12720334363074684
46 43 46 0.0 0.0 404.0 0.0 8135.0 30.0 998.0 0.1330671989354624
46 43 47 0.0 0.0 124.0 0.0 2912.0 21.0 64.0 0.2791625124626121
46 43 48 0.0 0.0 34.0 0.0 695.0 11.0 2.0 0.5150846210448858
46 43 49 0.0 0.0 0.0 0.0 11.0 0.0 0.0 0.6961710591745399
46 44 31 0.0 0.0 4.0 0.0 75.0 1.0 0.0 0.6737247353224253
46 44 32 0.0 0.0 190.0 0.0 3760.0 25.0 88.0 0.2362869198312236
46 44 33 0.0 0.0 524.0 0.0 9456.0 22.0 1751.0 0.11697860962566843
46 44 34 0.0 0.0 264.0 0.0 6014.0 27.0 436.0 0.1695941853422168
46 44 35 0.0 0.0 404.0 0.0 8465.0 27.0 1220.0 0.128972823583602
46 44 36 0.0 0.0 885.0 0.0 12723.0 26.0 6779.0 0.08973783731812063
46 44 37 0.0 0.0 1907.0 0.0 12642.0 39.0 30345.0 0.08454106280193237
46 44 38 0.0 0.0 2642.0 0.0 10988.0 63.0 51407.0 0.08954842011001661
46 44 39 0.0 0.0 2607.0 0.0 12560.0 58.0 40603.0 0.08153281695882592
46 44 40 0.0 0.0 2203.0 0.0 12923.0 40.0 33319.0 0.0816374132602484
46 44 41 0.0 0.0 1386.0 0.0 13520.0 35.0 17436.0 0.082805938368723
46 44 42 0.0 0.0 1392.0 0.0 13604.0 45.0 17318.0 0.08236263089775267
46 44 43 0.0 0.0 780.0 0.0 12235.0 25.0 6069.0 0.09330223258913695
46 44 44 0.0 0.0 1202.0 0.0 13570.0 29.0 12558.0 0.0834326579261025
46 44 45 0.0 0.0 592.0 0.0 10799.0 17.0 3030.0 0.10457125784284432
46 44 46 0.0 0.0 261.0 0.0 5865.0 25.0 432.0 0.17273288093769276
46 44 47 0.0 0.0 48.0 0.0 1426.0 16.0 8.0 0.4047412546978895
46 44 48 0.0 0.0 7.0 0.0 104.0 3.0 0.0 0.6641366223908918
46 44 49 0.0 0.0 0.0 0.0 4.0 0.0 0.0 0.6986027944111775
46 45 30 0.0 0.0 0.0 0.0 1.0 0.0 0.0 0.6996501749125437
46 45 31 0.0 0.0 15.0 0.0 235.0 2.0 0.0 0.6227758007117437
46 45 32 0.0 0.0 6.0 0.0 224.0 2.0 0.0 0.6283662477558347
46 45 33 0.0 0.0 21.0 0.0 676.0 5.0 1.0 0.5198663200891199
46 45 34 0.0 0.0 104.0 0.0 2428.0 16.0 30.0 0.31000885739592554
46 45 35 0.0 0.0 425.0 0.0 8550.0 29.0 1368.0 0.1277955271565495
46 45 36 0.0 0.0 915.0 0.0 12867.0 34.0 8144.0 0.08874239350912777
46 45 37 0.0 0.0 1385.0 0.0 13265.0 42.0 18172.0 0.08412450426631413
46 45 38 0.0 0.0 1515.0 0.0 13859.0 42.0 17670.0 0.08059873344847437
46 45 39 0.0 0.0 2022.0 0.0 12446.0 48.0 33857.0 0.08490508824064527
46 45 40 0.0 0.0 1292.0 0.0 13843.0 32.0 12940.0 0.08173750583839326
46 45 41 0.0 0.0 1172.0 0.0 13447.0 27.0 12899.0 0.08419533317296125
46 45 42 0.0 0.0 544.0 0.0 10613.0 23.0 2887.0 0.10643959552953698
46 45 43 0.0 0.0 612.0 0.0 10812.0 22.0 3007.0 0.10432968179447051
46 45 44 0.0 0.0 469.0 0.0 9158.0 19.0 1594.0 0.12048192771084335
46 45 45 0.0 0.0 344.0 0.0 7364.0 21.0 841.0 0.1444788441692466
46 45 46 0.0 0.0 333.0 0.0 7200.0 14.0 838.0 0.14691992863889178
46 45 47 0.0 0.0 22.0 0.0 432.0 6.0 0.0 0.5721291377196566
46 45 48 0.0 0.0 0.0 0.0 2.0 0.0 0.0 0.6993006993006992
46 46 32 0.0 0.0 0.0 0.0 4.0 0.0 0.0 0.6986027944111775
46 46 33 0.0 0.0 0.0 0.0 34.0 0.0 0.0 0.6882989183874139
46 46 34 0.0 0.0 85.0 0.0 1816.0 11.0 20.0 0.3600823045267489
46 46 35 0.0 0.0 229.0 0.0 5310.0 22.0 303.0 0.18614545938040153
46 46 36 0.0 0.0 122.0 0.0 3685.0 18.0 160.0 0.24179620034542312
46 46 37 0.0 0.0 507.0 0.0 9691.0 23.0 1929.0 0.11493309252113947
46 46 38 0.0 0.0 820.0 0.0 12552.0 31.0 6022.0 0.09116363873152307
46 46 39 0.0 0.0 1001.0 0.0 13125.0 36.0 9411.0 0.08686480114165165
46 46 40 0.0 0.0 593.0 0.0 10798.0 31.0 3215.0 0.10461814377522043
46 46 41 0.0 0.0 793.0 0.0 12229.0 38.0 4869.0 0.09332711152589826
46 46 42 0.0 0.0 1154.0 0.0 13238.0 47.0 11767.0 0.08553797275004581
46 46 43 0.0 0.0 381.0 0.0 8093.0 21.0 1214.0 0.13384321223709367
46 46 44 0.0 0.0 326.0 0.0 7089.0 19.0 749.0 0.14896786550329857
46 46 45 0.0 0.0 296.0 0.0 5524.0 26.0 287.0 0.17951019361456594
46 46 46 0.0 0.0 80.0 0.0 2302.0 14.0 36.0 0.32058621479276384
46 46 47 0.0 0.0 0.0 0.0 27.0 0.0 0.0 0.6906758756783422
46 47 32 0.0 0.0 0.0 0.0 1.0 0.0 0.0 0.6996501749125437
46 47 33 0.0 0.0 58.0 0.0 1219.0 12.0 10.0 0.4287901990811638
46 47 34 0.0 0.0 24.0 0.0 564.0 8.0 1.0 0.5426356589147286
46 47 35 0.0 0.0 1.0 0.0 122.0 0.0 1.0 0.6594441827602449
46 47 36 0.0 0.0 90.0 0.0 2073.0 8.0 18.0 0.3369434416365824
46 47 37 0.0 0.0 278.0 0.0 6370.0 24.0 546.0 0.16228121015416713
46 47 38 0.0 0.0 557.0 0.0 10370.0 26.0 2786.0 0.10840947808579834
46 47 39 0.0 0.0 493.0 0.0 10057.0 21.0 2528.0 0.11166055192215663
46 47 40 0.0 0.0 283.0 0.0 6839.0 13.0 749.0 0.1536435469710272
46 47 41 0.0 0.0 361.0 0.0 7420.0 22.0 839.0 0.1433691756272401
46 47 42 0.0 0.0 80.0 0.0 2552.0 9.0 52.0 0.3028336577979666
46 47 43 0.0 0.0 510.0 0.0 9321.0 19.0 1714.0 0.11836320595197834
46 47 44 0.0 0.0 456.0 0.0 8580.0 26.0 1308.0 0.12703021504400688
46 47 45 0.0 0.0 6.0 0.0 252.0 4.0 0.0 0.6213936972924988
46 47 46 0.0 0.0 27.0 0.0 669.0 5.0 1.0 0.5202526941657376
46 47 47 0.0 0.0 0.0 0.0 13.0 0.0 0.0 0.695479384003974
46 48 34 0.0 0.0 0.0 0.0 1.0 0.0 0.0 0.6996501749125437
46 48 35 0.0 0.0 0.0 0.0 5.0 0.0 0.0 0.6982543640897755
46 48 36 0.0 0.0 0.0 0.0 45.0 0.0 0.0 0.6845965770171147
46 48 37 0.0 0.0 75.0 0.0 1646.0 18.0 15.0 0.37817396002160986
46 48 38 0.0 0.0 156.0 0.0 3355.0 15.0 83.0 0.2546843732945242
46 48 39 0.0 0.0 31.0 0.0 784.0 6.0 3.0 0.49839800640797427
46 48 40 0.0 0.0 8.0 0.0 290.0 2.0 0.0 0.6100217864923746
46 48 41 0.0 0.0 22.0 0.0 571.0 4.0 1.0 0.5409582689335393
46 48 42 0.0 0.0 16.0 0.0 387.0 3.0 1.0 0.5833333333333333
46 48 43 0.0 0.0 1.0 0.0 118.0 0.0 0.0 0.6606890042472864
46 48 44 0.0 0.0 37.0 0.0 959.0 8.0 4.0 0.4682274247491638
46 48 45 0.0 0.0 0.0 0.0 27.0 0.0 0.0 0.6906758756783422
46 48 46 0.0 0.0 0.0 0.0 4.0 1.0 0.0 0.6989515726410384
46 49 37 0.0 0.0 0.0 0.0 3.0 0.0 0.0 0.6989515726410384
46 49 38 0.0 0.0 48.0 0.0 981.0 12.0 3.0 0.46388336646785944
46 49 39 0.0 0.0 0.0 0.0 21.0 0.0 0.0 0.6927263730826323
46 49 40 0.0 0.0 1.0 0.0 21.0 1.0 0.0 0.6927263730826323
46 49 41 0.0 0.0 0.0 0.0 2.0 0.0 0.0 0.6993006993006992
46 49 42 0.0 0.0 0.0 0.0 12.0 0.0 0.0 0.6958250497017892
46 49 43 0.0 0.0 0.0 0.0 4.0 0.0 0.0 0.6986027944111775
46 49 44 0.0 0.0 0.0 0.0 6.0 0.0 0.0 0.6979062811565303
47 30 37 0.0 0.0 0.0 0.0 1.0 0.0 0.0 0.6996501749125437
47 31 34 0.0 0.0 8.0 0.0 124.0 5.0 0.0 0.6582040432534085
47 31 35 0.0 0.0 1.0 0.0 51.0 0.0 0.0 0.6822612085769979
47 31 36 0.0 0.0 30.0 0.0 738.0 9.0 6.0 0.5074302283436026
47 31 37 0.0 0.0 3.0 0.0 52.0 1.0 0.0 0.6815968841285296
47 31 38 0.0 0.0 1.0 0.0 22.0 1.0 0.0 0.6923837784371908
47 31 39 0.0 0.0 2.0 0.0 40.0 1.0 0.0 0.6859382655560998
47 31 40 0.0 0.0 0.0 0.0 28.0 0.0 0.0 0.690335305719921
47 31 41 0.0 0.0 0.0 0.0 8.0 0.0 0.0 0.697211155378486
47 31 42 0.0 0.0 2.0 0.0 27.0 0.0 0.0 0.6899950714637751
47 31 43 0.0 0.0 0.0 0.0 1.0 0.0 0.0 0.6996501749125437
47 31 44 0.0 0.0 0.0 0.0 2.0 0.0 0.0 0.6993006993006992
47 32 33 0.0 0.0 0.0 0.0 1.0 0.0 0.0 0.6996501749125437
47 32 34 0.0 0.0 0.0 0.0 1.0 0.0 0.0 0.6996501749125437
47 32 35 0.0 0.0 121.0 0.0 3008.0 15.0 81.0 0.273704789833822
47 32 36 0.0 0.0 10.0 0.0 239.0 2.0 1.0 0.6230529595015576
47 32 37 0.0 0.0 119.0 0.0 2527.0 11.0 46.0 0.3021800129505719
47 32 38 0.0 0.0 88.0 0.0 2051.0 11.0 14.0 0.3393116820164808
47 32 39 0.0 0.0 12.0 0.0 527.0 2.0 3.0 0.5522682445759368
47 32 40 0.0 0.0 1.0 0.0 284.0 3.0 0.0 0.6140350877192982
47 32 41 0.0 0.0 9.0 0.0 395.0 4.0 0.0 0.5833333333333333
47 32 42 0.0 0.0 3.0 0.0 189.0 1.0 0.0 0.6389776357827475
47 32 43 0.0 0.0 7.0 0.0 222.0 1.0 0.0 0.6283662477558347
47 32 44 0.0 0.0 0.0 0.0 4.0 0.0 0.0 0.6986027944111775
47 32 45 0.0 0.0 0.0 0.0 2.0 0.0 0.0 0.6993006993006992
47 33 34 0.0 0.0 7.0 0.0 181.0 0.0 0.0 0.639853747714808
47 33 35 0.0 0.0 51.0 0.0 1450.0 6.0 13.0 0.4004576659038901
47 33 36 0.0 0.0 388.0 0.0 8245.0 24.0 1230.0 0.1318764129615674
47 33 37 0.0 0.0 285.0 0.0 6651.0 19.0 586.0 0.15696826998542435
47 33 38 0.0 0.0 496.0 0.0 10218.0 21.0 3197.0 0.11015815563773704
47 33 39 0.0 0.0 78.0 0.0 3150.0 7.0 108.0 0.2681992337164751
47 33 40 0.0 0.0 426.0 0.0 8471.0 33.0 1377.0 0.12875931205738983
47 33 41 0.0 0.0 253.0 0.0 5538.0 17.0 317.0 0.1801106393927698
47 33 42 0.0 0.0 303.0 0.0 5692.0 19.0 320.0 0.17552657973921762
47 33 43 0.0 0.0 36.0 0.0 754.0 3.0 1.0 0.5023322569070685
47 33 44 0.0 0.0 10.0 0.0 434.0 3.0 0.0 0.5735354362965996
47 33 45 0.0 0.0 0.0 0.0 14.0 0.0 0.0 0.6951340615690167
47 33 46 0.0 0.0 33.0 0.0 690.0 9.0 0.0 0.5160339107998525
47 34 32 0.0 0.0 0.0 0.0 12.0 0.0 0.0 0.6958250497017892
47 34 33 0.0 0.0 92.0 0.0 2540.0 12.0 50.0 0.3029647262497295
47 34 34 0.0 0.0 71.0 0.0 1878.0 13.0 20.0 0.355691056910569
47 34 35 0.0 0.0 231.0 0.0 5463.0 23.0 331.0 0.1824104234527687
47 34 36 0.0 0.0 190.0 0.0 4561.0 15.0 193.0 0.20783847980997625
47 34 37 0.0 0.0 573.0 0.0 10406.0 23.0 2857.0 0.10796637618570216
47 34 38 0.0 0.0 591.0 0.0 11008.0 18.0 3340.0 0.1030017657445556
47 34 39 0.0 0.0 498.0 0.0 9748.0 23.0 2191.0 0.11442582754393132
47 34 40 0.0 0.0 728.0 0.0 11806.0 26.0 4167.0 0.09641873278236913
47 34 41 0.0 0.0 674.0 0.0 11819.0 30.0 4744.0 0.09665838166252416
47 34 42 0.0 0.0 494.0 0.0 9471.0 28.0 1880.0 0.1171744224974891
47 34 43 0.0 0.0 274.0 0.0 6182.0 20.0 518.0 0.1659357591560981
47 34 44 0.0 0.0 64.0 0.0 1611.0 13.0 14.0 0.38230475150191146
47 34 45 0.0 0.0 100.0 0.0 1937.0 20.0 20.0 0.34843205574912883
47 34 46 0.0 0.0 6.0 0.0 223.0 0.0 1.0 0.6283662477558347
47 34 47 0.0 0.0 0.0 0.0 22.0 0.0 0.0 0.6923837784371908
47 34 48 0.0 0.0 0.0 0.0 3.0 0.0 0.0 0.6989515726410384
47 35 31 0.0 0.0 0.0 0.0 5.0 0.0 0.0 0.6986027944111775
47 35 32 0.0 0.0 6.0 0.0 272.0 2.0 0.0 0.6151142355008786
47 35 33 0.0 0.0 292.0 0.0 6071.0 20.0 461.0 0.16774502755811166
47 35 34 0.0 0.0 320.0 0.0 6805.0 17.0 707.0 0.15362668715022493
47 35 35 0.0 0.0 234.0 0.0 5528.0 22.0 364.0 0.18083182640144663
47 35 36 0.0 0.0 681.0 0.0 11348.0 24.0 3653.0 0.09990722900164133
47 35 37 0.0 0.0 719.0 0.0 12026.0 29.0 5917.0 0.09501187648456055
47 35 38 0.0 0.0 738.0 0.0 11989.0 29.0 5184.0 0.0951927653498334
47 35 39 0.0 0.0 1442.0 0.0 13551.0 31.0 17974.0 0.08231420507996236
47 35 40 0.0 0.0 1387.0 0.0 13557.0 52.0 16799.0 0.08269832831236339
47 35 41 0.0 0.0 1004.0 0.0 12986.0 36.0 10254.0 0.08760402978537012
47 35 42 0.0 0.0 1310.0 0.0 13393.0 38.0 15560.0 0.08383735553027127
47 35 43 0.0 0.0 1086.0 0.0 13197.0 29.0 11627.0 0.08600036857300815
47 35 44 0.0 0.0 173.0 0.0 4549.0 19.0 215.0 0.20879940343027587
47 35 45 0.0 0.0 103.0 0.0 2453.0 22.0 36.0 0.3089825645552858
47 35 46 0.0 0.0 142.0 0.0 3565.0 23.0 104.0 0.2462620932277924
47 35 47 0.0 0.0 3.0 0.0 166.0 1.0 0.0 0.6457564575645756
47 35 48 0.0 0.0 20.0 0.0 424.0 6.0 0.0 0.5742411812961443
47 35 49 0.0 0.0 0.0 0.0 1.0 0.0 0.0 0.6996501749125437
47 36 31 0.0 0.0 1.0 0.0 64.0 0.0 0.0 0.6779661016949151
47 36 32 0.0 0.0 52.0 0.0 1267.0 12.0 14.0 0.4234724742891712
47 36 33 0.0 0.0 32.0 0.0 801.0 11.0 1.0 0.49645390070921974
47 36 34 0.0 0.0 450.0 0.0 8870.0 24.0 1672.0 0.12382805589952237
47 36 35 0.0 0.0 631.0 0.0 10806.0 30.0 3424.0 0.10432968179447051
47 36 36 0.0 0.0 832.0 0.0 12394.0 29.0 5160.0 0.09196006305832895
47 36 37 0.0 0.0 1376.0 0.0 13293.0 43.0 18018.0 0.08401848406649462
47 36 38 0.0 0.0 1227.0 0.0 13895.0 35.0 12705.0 0.08175659892548469
47 36 39 0.0 0.0 1710.0 0.0 13520.0 39.0 22847.0 0.08123948238844077
47 36 40 0.0 0.0 1779.0 0.0 13770.0 45.0 22543.0 0.07975844584971228
47 36 41 0.0 0.0 1920.0 0.0 12815.0 53.0 30001.0 0.08362702347530016
47 36 42 0.0 0.0 1276.0 0.0 13466.0 49.0 15652.0 0.08373205741626794
47 36 43 0.0 0.0 931.0 0.0 13015.0 26.0 7703.0 0.08783487044356608
47 36 44 0.0 0.0 812.0 0.0 12367.0 31.0 7056.0 0.09226308158692499
47 36 45 0.0 0.0 504.0 0.0 9276.0 25.0 1584.0 0.11897679952409278
47 36 46 0.0 0.0 404.0 0.0 8022.0 22.0 1096.0 0.1344344152102938
47 36 47 0.0 0.0 27.0 0.0 867.0 4.0 4.0 0.484764542936288
47 36 48 0.0 0.0 53.0 0.0 1429.0 6.0 17.0 0.4027617951668584
47 36 49 0.0 0.0 0.0 0.0 2.0 0.0 0.0 0.6993006993006992
47 37 31 0.0 0.0 2.0 0.0 41.0 2.0 0.0 0.6859382655560998
47 37 32 0.0 0.0 12.0 0.0 420.0 2.0 0.0 0.5761316872427983
47 37 33 0.0 0.0 391.0 0.0 8187.0 24.0 1271.0 0.13250047321597577
47 37 34 0.0 0.0 320.0 0.0 7014.0 29.0 677.0 0.15039209367278975
47 37 35 0.0 0.0 659.0 0.0 11328.0 30.0 4014.0 0.10017889087656529
47 37 36 0.0 0.0 723.0 0.0 11842.0 19.0 4779.0 0.09618687736173136
47 37 37 0.0 0.0 1046.0 0.0 13531.0 35.0 10025.0 0.08450534194483007
47 37 38 0.0 0.0 1709.0 0.0 13378.0 38.0 22953.0 0.08192404470712153
47 37 39 0.0 0.0 1966.0 0.0 13859.0 40.0 25689.0 0.07846214201647704
47 37 40 0.0 0.0 2339.0 0.0 12404.0 64.0 37857.0 0.08368200836820082
47 37 41 0.0 0.0 1865.0 0.0 13575.0 48.0 25016.0 0.08027983255920637
47 37 42 0.0 0.0 1692.0 0.0 13257.0 46.0 23695.0 0.08259099758126363
47 37 43 0.0 0.0 1524.0 0.0 13636.0 33.0 19767.0 0.08154706430568498
47 37 44 0.0 0.0 1009.0 0.0 13073.0 35.0 8882.0 0.08712969878018421
47 37 45 0.0 0.0 604.0 0.0 10744.0 24.0 3054.0 0.1049711329384419
47 37 46 0.0 0.0 482.0 0.0 9723.0 26.0 2146.0 0.11476350520534469
47 37 47 0.0 0.0 305.0 0.0 6221.0 20.0 467.0 0.1644736842105263
47 37 48 0.0 0.0 19.0 0.0 544.0 7.0 3.0 0.5477308294209702
47 37 49 0.0 0.0 0.0 0.0 5.0 0.0 0.0 0.6982543640897755
47 38 31 0.0 0.0 0.0 0.0 23.0 0.0 0.0 0.6920415224913494
47 38 32 0.0 0.0 106.0 0.0 2721.0 14.0 69.0 0.29087886972782045
47 38 33 0.0 0.0 378.0 0.0 6755.0 24.0 551.0 0.1536435469710272
47 38 34 0.0 0.0 444.0 0.0 9168.0 25.0 1744.0 0.12077294685990336
47 38 35 0.0 0.0 531.0 0.0 10181.0 23.0 2446.0 0.11025358324145533
47 38 36 0.0 0.0 887.0 0.0 12878.0 26.0 6270.0 0.08884940026654818
47 38 37 0.0 0.0 1556.0 0.0 13312.0 31.0 20613.0 0.08292365100989159
47 38 38 0.0 0.0 1762.0 0.0 13153.0 40.0 25690.0 0.082703213610586
47 38 39 0.0 0.0 2013.0 0.0 13176.0 56.0 29732.0 0.08146639511201628
47 38 40 0.0 0.0 2025.0 0.0 13450.0 49.0 27743.0 0.08012361929834601
47 38 41 0.0 0.0 2356.0 0.0 12230.0 58.0 40010.0 0.08438818565400844
47 38 42 0.0 0.0 1718.0 0.0 13151.0 37.0 24696.0 0.08297279677591417
47 38 43 0.0 0.0 1777.0 0.0 12554.0 56.0 28062.0 0.08570029382957883
47 38 44 0.0 0.0 984.0 0.0 13187.0 26.0 9163.0 0.08658544127651678
47 38 45 0.0 0.0 908.0 0.0 12786.0 28.0 6500.0 0.08922880815806246
47 38 46 0.0 0.0 418.0 0.0 8732.0 31.0 1507.0 0.12582007728947603
47 38 47 0.0 0.0 192.0 0.0 4678.0 15.0 272.0 0.2042007001166861
47 38 48 0.0 0.0 42.0 0.0 820.0 8.0 1.0 0.49088359046283303
47 38 49 0.0 0.0 4.0 0.0 101.0 2.0 0.0 0.6657156443176413
47 39 31 0.0 0.0 9.0 0.0 188.0 2.0 0.0 0.6378132118451024
47 39 32 0.0 0.0 205.0 0.0 5342.0 17.0 402.0 0.1857256566728575
47 39 33 0.0 0.0 380.0 0.0 8330.0 20.0 1418.0 0.1308411214953271
47 39 34 0.0 0.0 617.0 0.0 10965.0 21.0 3375.0 0.10315355142941349
47 39 35 0.0 0.0 1023.0 0.0 13128.0 26.0 9746.0 0.08668730650154798
47 39 36 0.0 0.0 1268.0 0.0 13391.0 37.0 15193.0 0.08410428931875524
47 39 37 0.0 0.0 1357.0 0.0 13787.0 30.0 15096.0 0.0815803274867432
47 39 38 0.0 0.0 1933.0 0.0 13528.0 59.0 26794.0 0.0802614229203692
47 39 39 0.0 0.0 1696.0 0.0 13708.0 38.0 21987.0 0.08043203493048373
47 39 40 0.0 0.0 2147.0 0.0 13438.0 53.0 28725.0 0.0796495420151334
47 39 41 0.0 0.0 1968.0 0.0 13361.0 46.0 27448.0 0.08087343307723412
47 39 42 0.0 0.0 2259.0 0.0 12391.0 59.0 37002.0 0.08403865778257998
47 39 43 0.0 0.0 1547.0 0.0 13773.0 47.0 19139.0 0.08090614886731391
47 39 44 0.0 0.0 1652.0 0.0 13005.0 45.0 24304.0 0.08407903429223469
47 39 45 0.0 0.0 811.0 0.0 12422.0 36.0 5605.0 0.09193590753874441
47 39 46 0.0 0.0 827.0 0.0 12617.0 32.0 7233.0 0.09071470226138792
47 39 47 0.0 0.0 416.0 0.0 8265.0 25.0 1134.0 0.13131976362442546
47 39 48 0.0 0.0 109.0 0.0 2364.0 20.0 37.0 0.31418312387791736
47 39 49 0.0 0.0 0.0 0.0 8.0 0.0 0.0 0.697211155378486
47 40 30 0.0 0.0 0.0 0.0 2.0 0.0 0.0 0.6993006993006992
47 40 31 0.0 0.0 0.0 0.0 37.0 0.0 0.0 0.6872852233676975
47 40 32 0.0 0.0 47.0 0.0 1334.0 5.0 9.0 0.41469194312796204
47 40 33 0.0 0.0 547.0 0.0 10149.0 19.0 2450.0 0.11027095148078134
47 40 34 0.0 0.0 903.0 0.0 12627.0 34.0 8746.0 0.09021199819576002
47 40 35 0.0 0.0 1178.0 0.0 13526.0 38.0 13587.0 0.08379219535551831
47 40 36 0.0 0.0 1331.0 0.0 13477.0 32.0 16181.0 0.08326889906619876
47 40 37 0.0 0.0 1201.0 0.0 13385.0 29.0 13913.0 0.08435259384226064
47 40 38 0.0 0.0 1923.0 0.0 13437.0 48.0 27043.0 0.08062658373646625
47 40 39 0.0 0.0 1892.0 0.0 13709.0 49.0 25371.0 0.07952738014087707
47 40 40 0.0 0.0 1699.0 0.0 13692.0 38.0 21971.0 0.0804551462559623
47 40 41 0.0 0.0 1668.0 0.0 13801.0 42.0 19960.0 0.08016032064128256
47 40 42 0.0 0.0 1988.0 0.0 12849.0 47.0 30989.0 0.08309591642924975
47 40 43 0.0 0.0 1095.0 0.0 13567.0 26.0 9896.0 0.08399832003359932
47 40 44 0.0 0.0 902.0 0.0 12775.0 28.0 6482.0 0.0892458723784025
47 40 45 0.0 0.0 912.0 0.0 12863.0 24.0 6525.0 0.0887817870505422
47 40 46 0.0 0.0 483.0 0.0 9321.0 22.0 1687.0 0.11873462810618267
47 40 47 0.0 0.0 372.0 0.0 7838.0 28.0 1075.0 0.1374570446735395
47 40 48 0.0 0.0 90.0 0.0 2624.0 12.0 46.0 0.2978089768134439
47 40 49 0.0 0.0 0.0 0.0 3.0 0.0 0.0 0.6989515726410384
47 41 31 0.0 0.0 3.0 0.0 77.0 0.0 0.0 0.6730769230769229
47 41 32 0.0 0.0 96.0 0.0 1994.0 12.0 24.0 0.3433055419323197
47 41 33 0.0 0.0 105.0 0.0 2985.0 19.0 77.0 0.27602523659305983
47 41 34 0.0 0.0 583.0 0.0 10711.0 26.0 2975.0 0.10533443683695733
47 41 35 0.0 0.0 923.0 0.0 12830.0 28.0 7524.0 0.08889453298622134
47 41 36 0.0 0.0 1491.0 0.0 13308.0 35.0 20121.0 0.0833134967864794
47 41 37 0.0 0.0 1573.0 0.0 13227.0 41.0 22624.0 0.08333829394606822
47 41 38 0.0 0.0 1808.0 0.0 14056.0 41.0 21895.0 0.07835674707561426
47 41 39 0.0 0.0 1861.0 0.0 13496.0 47.0 25342.0 0.08061265618702135
47 41 40 0.0 0.0 1721.0 0.0 13458.0 47.0 23542.0 0.08151382823871905
47 41 41 0.0 0.0 1479.0 0.0 13654.0 43.0 18008.0 0.0816755148474418
47 41 42 0.0 0.0 1348.0 0.0 13610.0 39.0 16535.0 0.0825861255309108
47 41 43 0.0 0.0 930.0 0.0 13077.0 36.0 6655.0 0.08757115156064302
47 41 44 0.0 0.0 1027.0 0.0 13063.0 29.0 9524.0 0.0870430241233524
47 41 45 0.0 0.0 517.0 0.0 10201.0 27.0 2600.0 0.11021886317115413
47 41 46 0.0 0.0 521.0 0.0 9949.0 27.0 2576.0 0.11239563262684649
47 41 47 0.0 0.0 581.0 0.0 10490.0 31.0 3108.0 0.10726325467361324
47 41 48 0.0 0.0 61.0 0.0 1417.0 11.0 17.0 0.40380732621863275
47 41 49 0.0 0.0 0.0 0.0 6.0 0.0 0.0 0.6979062811565303
47 42 30 0.0 0.0 0.0 0.0 1.0 0.0 0.0 0.6996501749125437
47 42 31 0.0 0.0 1.0 0.0 38.0 0.0 0.0 0.6866110838646394
47 42 32 0.0 0.0 24.0 0.0 713.0 5.0 2.0 0.5124450951683748
47 42 33 0.0 0.0 114.0 0.0 2741.0 11.0 47.0 0.2890173410404624
47 42 34 0.0 0.0 299.0 0.0 6277.0 22.0 510.0 0.1636087413813252
47 42 35 0.0 0.0 651.0 0.0 10931.0 18.0 3181.0 0.10313075506445672
47 42 36 0.0 0.0 1369.0 0.0 13197.0 32.0 17924.0 0.08446455505279034
47 42 37 0.0 0.0 1629.0 0.0 13271.0 40.0 22822.0 0.08284513876560742
47 42 38 0.0 0.0 1963.0 0.0 13084.0 39.0 28054.0 0.08200082000820007
47 42 39 0.0 0.0 1887.0 0.0 13336.0 44.0 27087.0 0.08128665157057423
47 42 40 0.0 0.0 1831.0 0.0 13710.0 48.0 23364.0 0.07978117164349212
47 42 41 0.0 0.0 1328.0 0.0 13608.0 29.0 15495.0 0.0826153664581612
47 42 42 0.0 0.0 977.0 0.0 13222.0 23.0 7713.0 0.08638242734620842
47 42 43 0.0 0.0 816.0 0.0 12321.0 31.0 6438.0 0.09253751074096106
47 42 44 0.0 0.0 516.0 0.0 9410.0 30.0 1818.0 0.11764705882352938
47 42 45 0.0 0.0 693.0 0.0 11170.0 25.0 3711.0 0.10104655359076145
47 42 46 0.0 0.0 464.0 0.0 9475.0 16.0 2118.0 0.11730205278592375
47 42 47 0.0 0.0 311.0 0.0 6897.0 30.0 626.0 0.15247222827270743
47 42 48 0.0 0.0 2.0 0.0 109.0 1.0 0.0 0.6638217164532954
47 42 49 0.0 0.0 4.0 0.0 41.0 1.0 0.0 0.684931506849315
47 43 31 0.0 0.0 0.0 0.0 21.0 0.0 0.0 0.6927263730826323
47 43 32 0.0 0.0 0.0 0.0 86.0 0.0 0.0 0.6714628297362109
47 43 33 0.0 0.0 118.0 0.0 2669.0 21.0 44.0 0.29374737725556016
47 43 34 0.0 0.0 82.0 0.0 2074.0 10.0 25.0 0.33767486734201635
47 43 35 0.0 0.0 561.0 0.0 10146.0 27.0 2443.0 0.1103230890464933
47 43 36 0.0 0.0 883.0 0.0 12536.0 31.0 8197.0 0.0908265213442325
47 43 37 0.0 0.0 1204.0 0.0 13148.0 32.0 15328.0 0.08559026716390536
47 43 38 0.0 0.0 1977.0 0.0 13401.0 62.0 27873.0 0.0805709023941068
47 43 39 0.0 0.0 1946.0 0.0 12913.0 48.0 29327.0 0.0830614061109463
47 43 40 0.0 0.0 1606.0 0.0 13526.0 37.0 21288.0 0.08162789341729344
47 43 41 0.0 0.0 998.0 0.0 13162.0 32.0 8426.0 0.08668193919881122
47 43 42 0.0 0.0 1052.0 0.0 13382.0 39.0 9006.0 0.08523592085235919
47 43 43 0.0 0.0 679.0 0.0 11552.0 21.0 4202.0 0.09836295931989038
47 43 44 0.0 0.0 413.0 0.0 8790.0 19.0 1553.0 0.12515644555694616
47 43 45 0.0 0.0 304.0 0.0 6196.0 17.0 505.0 0.165016501650165
47 43 46 0.0 0.0 464.0 0.0 9407.0 27.0 2060.0 0.11813349084465444
47 43 47 0.0 0.0 103.0 0.0 3110.0 16.0 93.0 0.26938618433711753
47 43 48 0.0 0.0 5.0 0.0 126.0 2.0 0.0 0.6575857209957726
47 43 49 0.0 0.0 0.0 0.0 2.0 0.0 0.0 0.6993006993006992
47 44 30 0.0 0.0 0.0 0.0 1.0 0.0 0.0 0.6996501749125437
47 44 31 0.0 0.0 4.0 0.0 83.0 0.0 0.0 0.670819357930043
47 44 32 0.0 0.0 141.0 0.0 2944.0 17.0 61.0 0.2760796687043975
47 44 33 0.0 0.0 16.0 0.0 265.0 3.0 0.0 0.6145741878841088
47 44 34 0.0 0.0 12.0 0.0 435.0 3.0 0.0 0.5728314238952537
47 44 35 0.0 0.0 261.0 0.0 6004.0 19.0 449.0 0.16967640286025937
47 44 36 0.0 0.0 713.0 0.0 11764.0 23.0 4653.0 0.0967719637796364
47 44 37 0.0 0.0 1201.0 0.0 13203.0 36.0 14385.0 0.08534503779565958
47 44 38 0.0 0.0 1805.0 0.0 13321.0 41.0 25872.0 0.08168028004667444
47 44 39 0.0 0.0 1847.0 0.0 12871.0 51.0 28445.0 0.08375209380234505
47 44 40 0.0 0.0 1560.0 0.0 13524.0 41.0 19861.0 0.08197681227309989
47 44 41 0.0 0.0 1131.0 0.0 12888.0 28.0 13148.0 0.08734714250062389
47 44 42 0.0 0.0 689.0 0.0 11427.0 17.0 4195.0 0.09923447689254322
47 44 43 0.0 0.0 506.0 0.0 9752.0 19.0 1875.0 0.11426705843943843
47 44 44 0.0 0.0 487.0 0.0 9333.0 24.0 1755.0 0.11865412323078227
47 44 45 0.0 0.0 233.0 0.0 4750.0 18.0 226.0 0.200918484500574
47 44 46 0.0 0.0 27.0 0.0 716.0 6.0 1.0 0.5116959064327484
47 44 47 0.0 0.0 0.0 0.0 63.0 0.0 0.0 0.6789524733268669
47 44 48 0.0 0.0 0.0 0.0 3.0 0.0 0.0 0.6989515726410384
47 45 31 0.0 0.0 0.0 0.0 3.0 0.0 0.0 0.6989515726410384
47 45 32 0.0 0.0 0.0 0.0 33.0 0.0 0.0 0.6886374815543531
47 45 33 0.0 0.0 1.0 0.0 55.0 1.0 0.0 0.6812652068126519
47 45 34 0.0 0.0 4.0 0.0 195.0 2.0 0.0 0.6375227686703095
47 45 35 0.0 0.0 437.0 0.0 8404.0 18.0 1139.0 0.12924667651403246
47 45 36 0.0 0.0 667.0 0.0 11448.0 23.0 4828.0 0.09924854671770876
47 45 37 0.0 0.0 1036.0 0.0 13274.0 31.0 8581.0 0.08582638548307993
47 45 38 0.0 0.0 1338.0 0.0 13515.0 36.0 16893.0 0.08309098462816783
47 45 39 0.0 0.0 1156.0 0.0 13174.0 35.0 13358.0 0.0857685474483857
47 45 40 0.0 0.0 582.0 0.0 10605.0 26.0 2898.0 0.10634257500949486
47 45 41 0.0 0.0 1019.0 0.0 13174.0 31.0 9636.0 0.08643575970858801
47 45 42 0.0 0.0 209.0 0.0 5518.0 20.0 385.0 0.18160591516409386
47 45 43 0.0 0.0 102.0 0.0 2265.0 14.0 40.0 0.32154340836012857
47 45 44 0.0 0.0 255.0 0.0 5739.0 23.0 369.0 0.17550457565500813
47 45 45 0.0 0.0 38.0 0.0 1066.0 11.0 11.0 0.4526349822179113
47 45 46 0.0 0.0 7.0 0.0 201.0 0.0 0.0 0.6343452650657
47 45 47 0.0 0.0 10.0 0.0 160.0 6.0 0.0 0.6469500924214416
47 46 33 0.0 0.0 0.0 0.0 4.0 0.0 0.0 0.6986027944111775
47 46 34 0.0 0.0 5.0 0.0 84.0 2.0 0.0 0.670819357930043
47 46 35 0.0 0.0 159.0 0.0 3656.0 15.0 91.0 0.241254523522316
47 46 36 0.0 0.0 373.0 0.0 7678.0 15.0 904.0 0.13945612112760233
47 46 37 0.0 0.0 398.0 0.0 7695.0 24.0 848.0 0.1389578163771712
47 46 38 0.0 0.0 873.0 0.0 12302.0 32.0 9126.0 0.09233610341643582
47 46 39 0.0 0.0 888.0 0.0 12793.0 30.0 8110.0 0.08929710422247734
47 46 40 0.0 0.0 677.0 0.0 11292.0 27.0 4543.0 0.10035842293906809
47 46 41 0.0 0.0 320.0 0.0 6944.0 15.0 657.0 0.151285930408472
47 46 42 0.0 0.0 556.0 0.0 10074.0 30.0 2320.0 0.11098779134295225
47 46 43 0.0 0.0 61.0 0.0 1811.0 17.0 24.0 0.3633532312483778
47 46 44 0.0 0.0 52.0 0.0 1036.0 8.0 8.0 0.454397922752353
47 46 45 0.0 0.0 85.0 0.0 2175.0 10.0 24.0 0.329489291598023
47 46 46 0.0 0.0 3.0 0.0 62.0 0.0 0.0 0.6779661016949151
47 46 47 0.0 0.0 1.0 0.0 16.0 1.0 0.0 0.6944444444444444
47 47 34 0.0 0.0 0.0 0.0 9.0 0.0 0.0 0.6968641114982577
47 47 35 0.0 0.0 1.0 0.0 71.0 0.0 0.0 0.6756756756756755
47 47 36 0.0 0.0 17.0 0.0 315.0 4.0 0.0 0.6016330038676406
47 47 37 0.0 0.0 223.0 0.0 5249.0 15.0 312.0 0.18764240718402359
47 47 38 0.0 0.0 146.0 0.0 3982.0 13.0 169.0 0.22887036128821314
47 47 39 0.0 0.0 377.0 0.0 7953.0 24.0 912.0 0.1357773251866938
47 47 40 0.0 0.0 277.0 0.0 6182.0 19.0 432.0 0.16577856719952633
47 47 41 0.0 0.0 244.0 0.0 5056.0 26.0 268.0 0.192386972653566
47 47 42 0.0 0.0 174.0 0.0 4565.0 15.0 200.0 0.20820939916716236
47 47 43 0.0 0.0 125.0 0.0 2482.0 18.0 35.0 0.30507735890172144
47 47 44 0.0 0.0 13.0 0.0 299.0 5.0 0.0 0.6071118820468342
47 47 45 0.0 0.0 1.0 0.0 61.0 0.0 0.0 0.6789524733268669
47 47 46 0.0 0.0 0.0 0.0 4.0 0.0 0.0 0.6986027944111775
47 47 47 0.0 0.0 0.0 0.0 1.0 0.0 0.0 0.6996501749125437
47 48 36 0.0 0.0 0.0 0.0 20.0 0.0 0.0 0.6930693069306929
47 48 37 0.0 0.0 1.0 0.0 93.0 1.0 0.0 0.6692160611854684
47 48 38 0.0 0.0 1.0 0.0 139.0 1.0 0.0 0.6545114539504441
47 48 39 0.0 0.0 18.0 0.0 432.0 6.0 0.0 0.5730659025787964
47 48 40 0.0 0.0 40.0 0.0 1104.0 10.0 6.0 0.44671346522016586
47 48 41 0.0 0.0 85.0 0.0 1645.0 16.0 9.0 0.37695207323640273
47 48 42 0.0 0.0 15.0 0.0 263.0 3.0 0.0 0.6153846153846153
47 48 43 0.0 0.0 108.0 0.0 2838.0 13.0 52.0 0.28374543980543165
47 48 44 0.0 0.0 9.0 0.0 192.0 6.0 0.0 0.6378132118451024
47 48 45 0.0 0.0 2.0 0.0 17.0 0.0 0.0 0.6937561942517343
47 49 37 0.0 0.0 0.0 0.0 1.0 0.0 0.0 0.6996501749125437
47 49 38 0.0 0.0 0.0 0.0 1.0 0.0 0.0 0.6996501749125437
47 49 39 0.0 0.0 0.0 0.0 3.0 0.0 0.0 0.6989515726410384
47 49 40 0.0 0.0 0.0 0.0 1.0 0.0 0.0 0.6996501749125437
47 49 42 0.0 0.0 0.0 0.0 3.0 0.0 0.0 0.6989515726410384
47 49 43 0.0 0.0 2.0 0.0 30.0 0.0 0.0 0.6889763779527558
47 49 44 0.0 0.0 0.0 0.0 5.0 0.0 0.0 0.6982543640897755
48 31 34 0.0 0.0 0.0 0.0 2.0 0.0 0.0 0.6993006993006992
48 31 35 0.0 0.0 0.0 0.0 4.0 0.0 0.0 0.6986027944111775
48 31 36 0.0 0.0 0.0 0.0 7.0 0.0 0.0 0.6975585450921773
48 31 37 0.0 0.0 1.0 0.0 15.0 0.0 0.0 0.6944444444444444
48 31 38 0.0 0.0 0.0 0.0 2.0 0.0 0.0 0.6993006993006992
48 31 39 0.0 0.0 0.0 0.0 2.0 0.0 0.0 0.6993006993006992
48 31 43 0.0 0.0 0.0 0.0 1.0 0.0 0.0 0.6996501749125437
48 32 35 0.0 0.0 0.0 0.0 15.0 0.0 0.0 0.694789081885856
48 32 36 0.0 0.0 7.0 0.0 192.0 1.0 1.0 0.6369426751592355
48 32 37 0.0 0.0 106.0 0.0 2721.0 14.0 52.0 0.29087886972782045
48 32 38 0.0 0.0 107.0 0.0 2686.0 8.0 51.0 0.2925198495612202
48 32 39 0.0 0.0 26.0 0.0 884.0 8.0 6.0 0.48259220958290233
48 32 40 0.0 0.0 12.0 0.0 356.0 5.0 1.0 0.5924672027084215
48 32 41 0.0 0.0 43.0 0.0 1226.0 5.0 9.0 0.4289215686274509
48 32 42 0.0 0.0 3.0 0.0 47.0 1.0 0.0 0.6832601268911663
48 32 43 0.0 0.0 94.0 0.0 1869.0 8.0 12.0 0.3539823008849557
48 32 44 0.0 0.0 0.0 0.0 1.0 0.0 0.0 0.6996501749125437
48 33 33 0.0 0.0 0.0 0.0 2.0 0.0 0.0 0.6993006993006992
48 33 34 0.0 0.0 0.0 0.0 10.0 0.0 0.0 0.6965174129353233
48 33 35 0.0 0.0 0.0 0.0 45.0 0.0 0.0 0.6845965770171147
48 33 36 0.0 0.0 0.0 0.0 85.0 0.0 0.0 0.6714628297362109
48 33 37 0.0 0.0 39.0 0.0 1101.0 8.0 12.0 0.44685604851579946
48 33 38 0.0 0.0 31.0 0.0 902.0 8.0 3.0 0.4786324786324786
48 33 39 0.0 0.0 215.0 0.0 5087.0 18.0 238.0 0.1920702428316641
48 33 40 0.0 0.0 327.0 0.0 6806.0 21.0 601.0 0.1535087719298245
48 33 41 0.0 0.0 67.0 0.0 1516.0 13.0 13.0 0.39237668161434974
48 33 42 0.0 0.0 57.0 0.0 1406.0 5.0 5.0 0.4047412546978895
48 33 43 0.0 0.0 13.0 0.0 331.0 4.0 0.0 0.5982905982905982
48 33 44 0.0 0.0 0.0 0.0 27.0 0.0 0.0 0.6906758756783422
48 33 45 0.0 0.0 1.0 0.0 0.0 0.0 0.0 0.6996501749125437
48 33 46 0.0 0.0 0.0 0.0 1.0 0.0 0.0 0.6996501749125437
48 33 47 0.0 0.0 0.0 0.0 1.0 0.0 0.0 0.6996501749125437
48 34 32 0.0 0.0 0.0 0.0 11.0 0.0 0.0 0.6961710591745399
48 34 33 0.0 0.0 7.0 0.0 188.0 2.0 0.0 0.6383948928408572
48 34 34 0.0 0.0 11.0 0.0 213.0 5.0 0.0 0.6309148264984226
48 34 35 0.0 0.0 23.0 0.0 591.0 6.0 2.0 0.5368098159509201
48 34 36 0.0 0.0 22.0 0.0 826.0 6.0 2.0 0.4926108374384236
48 34 37 0.0 0.0 195.0 0.0 4160.0 27.0 145.0 0.22127390548443177
48 34 38 0.0 0.0 356.0 0.0 7480.0 35.0 764.0 0.14278429372768991
48 34 39 0.0 0.0 770.0 0.0 12118.0 22.0 5391.0 0.09406705637304306
48 34 40 0.0 0.0 328.0 0.0 7446.0 26.0 836.0 0.1434867274777083
48 34 41 0.0 0.0 334.0 0.0 7585.0 13.0 849.0 0.14122868959951576
48 34 42 0.0 0.0 568.0 0.0 10609.0 30.0 3021.0 0.10638297872340424
48 34 43 0.0 0.0 386.0 0.0 8001.0 17.0 953.0 0.13495276653171387
48 34 44 0.0 0.0 77.0 0.0 1947.0 13.0 16.0 0.34886618489907795
48 34 45 0.0 0.0 0.0 0.0 34.0 0.0 0.0 0.6882989183874139
48 34 46 0.0 0.0 59.0 0.0 1433.0 11.0 16.0 0.4020677771395749
48 35 32 0.0 0.0 0.0 0.0 10.0 0.0 0.0 0.6965174129353233
48 35 33 0.0 0.0 207.0 0.0 4783.0 18.0 226.0 0.20065930915866417
48 35 34 0.0 0.0 13.0 0.0 284.0 2.0 0.0 0.6100217864923746
48 35 35 0.0 0.0 226.0 0.0 5043.0 20.0 276.0 0.19302357645112364
48 35 36 0.0 0.0 689.0 0.0 11579.0 21.0 3979.0 0.09819048954972646
48 35 37 0.0 0.0 527.0 0.0 9809.0 26.0 2338.0 0.11359948068808828
48 35 38 0.0 0.0 684.0 0.0 11306.0 16.0 3592.0 0.10005002501250625
48 35 39 0.0 0.0 473.0 0.0 9211.0 27.0 1580.0 0.12005831403824713
48 35 40 0.0 0.0 971.0 0.0 13032.0 26.0 7629.0 0.0874945315917755
48 35 41 0.0 0.0 846.0 0.0 12509.0 36.0 6744.0 0.09122898475172683
48 35 42 0.0 0.0 676.0 0.0 11433.0 22.0 3853.0 0.0992415113064436
48 35 43 0.0 0.0 475.0 0.0 9457.0 22.0 2096.0 0.1174496644295302
48 35 44 0.0 0.0 228.0 0.0 5169.0 15.0 287.0 0.1895734597156398
48 35 45 0.0 0.0 415.0 0.0 8170.0 28.0 1197.0 0.1325381047051027
48 35 46 0.0 0.0 18.0 0.0 518.0 4.0 3.0 0.5529225908372827
48 35 47 0.0 0.0 1.0 0.0 43.0 0.0 0.0 0.684931506849315
48 35 49 0.0 0.0 0.0 0.0 1.0 0.0 0.0 0.6996501749125437
48 36 32 0.0 0.0 0.0 0.0 38.0 1.0 0.0 0.6872852233676975
48 36 33 0.0 0.0 1.0 0.0 101.0 0.0 1.0 0.6660323501427211
48 36 34 0.0 0.0 9.0 0.0 412.0 2.0 0.0 0.5787515502273666
48 36 35 0.0 0.0 198.0 0.0 4071.0 13.0 127.0 0.2236421725239616
48 36 36 0.0 0.0 170.0 0.0 4266.0 14.0 198.0 0.21789883268482485
48 36 37 0.0 0.0 355.0 0.0 6932.0 21.0 624.0 0.15104110475779478
48 36 38 0.0 0.0 694.0 0.0 11523.0 31.0 4313.0 0.09859849285160927
48 36 39 0.0 0.0 1349.0 0.0 12818.0 49.0 19991.0 0.08663902469212202
48 36 40 0.0 0.0 1163.0 0.0 13494.0 32.0 12597.0 0.08408408408408408
48 36 41 0.0 0.0 762.0 0.0 12074.0 38.0 5239.0 0.09447968686732351
48 36 42 0.0 0.0 941.0 0.0 12870.0 39.0 10138.0 0.08860759493670885
48 36 43 0.0 0.0 585.0 0.0 10557.0 27.0 2800.0 0.10664229128580133
48 36 44 0.0 0.0 394.0 0.0 8336.0 21.0 1202.0 0.13067015120403208
48 36 45 0.0 0.0 178.0 0.0 4079.0 19.0 160.0 0.22446689113355778
48 36 46 0.0 0.0 80.0 0.0 1583.0 11.0 12.0 0.38335158817086523
48 36 47 0.0 0.0 6.0 0.0 173.0 2.0 1.0 0.6430868167202571
48 36 48 0.0 0.0 0.0 0.0 12.0 0.0 0.0 0.6958250497017892
48 37 31 0.0 0.0 0.0 0.0 2.0 0.0 0.0 0.6993006993006992
48 37 32 0.0 0.0 42.0 0.0 857.0 11.0 3.0 0.48459674627898913
48 37 33 0.0 0.0 69.0 0.0 1510.0 10.0 14.0 0.39237668161434974
48 37 34 0.0 0.0 27.0 0.0 683.0 1.0 2.0 0.5169867060561298
48 37 35 0.0 0.0 118.0 0.0 3044.0 12.0 63.0 0.2718974558166634
48 37 36 0.0 0.0 511.0 0.0 9842.0 16.0 2348.0 0.1133970516766564
48 37 37 0.0 0.0 557.0 0.0 9759.0 30.0 2108.0 0.11385816525699413
48 37 38 0.0 0.0 1074.0 0.0 13237.0 31.0 10604.0 0.08583690987124462
48 37 39 0.0 0.0 757.0 0.0 12132.0 19.0 4849.0 0.09401652004566516
48 37 40 0.0 0.0 1319.0 0.0 13437.0 38.0 16551.0 0.08350232613622807
48 37 41 0.0 0.0 1075.0 0.0 13421.0 31.0 10346.0 0.08488964346349745
48 37 42 0.0 0.0 923.0 0.0 12960.0 30.0 8476.0 0.0881778673552938
48 37 43 0.0 0.0 526.0 0.0 10372.0 28.0 2746.0 0.10871253300201893
48 37 44 0.0 0.0 501.0 0.0 9854.0 23.0 2240.0 0.11343380327337546
48 37 45 0.0 0.0 235.0 0.0 5279.0 24.0 286.0 0.18689093578961416
48 37 46 0.0 0.0 465.0 0.0 9275.0 17.0 1706.0 0.11928090653488965
48 37 47 0.0 0.0 34.0 0.0 1076.0 6.0 7.0 0.4510309278350515
48 37 48 0.0 0.0 0.0 0.0 11.0 0.0 0.0 0.6961710591745399
48 38 31 0.0 0.0 0.0 0.0 3.0 0.0 0.0 0.6989515726410384
48 38 32 0.0 0.0 2.0 0.0 43.0 0.0 0.0 0.6845965770171147
48 38 33 0.0 0.0 12.0 0.0 286.0 1.0 0.0 0.6097560975609755
48 38 34 0.0 0.0 82.0 0.0 2319.0 13.0 39.0 0.3190519598906107
48 38 35 0.0 0.0 462.0 0.0 9618.0 23.0 2043.0 0.11598044901002401
48 38 36 0.0 0.0 373.0 0.0 7765.0 22.0 956.0 0.13836726625815376
48 38 37 0.0 0.0 754.0 0.0 12032.0 36.0 7073.0 0.09476106673886556
48 38 38 0.0 0.0 739.0 0.0 11964.0 25.0 4728.0 0.09522513943681131
48 38 39 0.0 0.0 940.0 0.0 12904.0 35.0 9086.0 0.08845084660096031
48 38 40 0.0 0.0 861.0 0.0 12903.0 27.0 6254.0 0.08885503935008884
48 38 41 0.0 0.0 1377.0 0.0 13452.0 33.0 17266.0 0.08322434906669837
48 38 42 0.0 0.0 826.0 0.0 12556.0 32.0 6640.0 0.09108060633660789
48 38 43 0.0 0.0 1307.0 0.0 13383.0 51.0 16003.0 0.08393788596438635
48 38 44 0.0 0.0 841.0 0.0 12474.0 39.0 6971.0 0.09144350097975179
48 38 45 0.0 0.0 634.0 0.0 11136.0 24.0 3465.0 0.10172939979654118
48 38 46 0.0 0.0 400.0 0.0 8077.0 18.0 1063.0 0.13370260720084037
48 38 47 0.0 0.0 125.0 0.0 3018.0 16.0 66.0 0.2731174404994148
48 38 48 0.0 0.0 0.0 0.0 36.0 0.0 0.0 0.6876227897838899
48 39 31 0.0 0.0 0.0 0.0 9.0 0.0 0.0 0.6968641114982577
48 39 32 0.0 0.0 6.0 0.0 276.0 1.0 0.0 0.6137658921525645
48 39 33 0.0 0.0 68.0 0.0 2031.0 10.0 43.0 0.34221461745294546
48 39 34 0.0 0.0 173.0 0.0 4081.0 21.0 130.0 0.22446689113355778
48 39 35 0.0 0.0 411.0 0.0 8519.0 17.0 1309.0 0.1282051282051282
48 39 36 0.0 0.0 569.0 0.0 10365.0 25.0 2436.0 0.10836752070593697
48 39 37 0.0 0.0 707.0 0.0 11483.0 37.0 3982.0 0.0988351570773032
48 39 38 0.0 0.0 915.0 0.0 12979.0 32.0 7815.0 0.08807801195344447
48 39 39 0.0 0.0 1084.0 0.0 13371.0 35.0 10509.0 0.08512190673071075
48 39 40 0.0 0.0 962.0 0.0 12923.0 25.0 9315.0 0.0881445570736007
48 39 41 0.0 0.0 1005.0 0.0 13065.0 26.0 9300.0 0.08715139442231075
48 39 42 0.0 0.0 994.0 0.0 13262.0 41.0 8655.0 0.08615384615384615
48 39 43 0.0 0.0 756.0 0.0 12119.0 29.0 5137.0 0.09423801830910068
48 39 44 0.0 0.0 1227.0 0.0 12807.0 37.0 16497.0 0.0873307965816231
48 39 45 0.0 0.0 426.0 0.0 8546.0 19.0 1399.0 0.12766733540032826
48 39 46 0.0 0.0 301.0 0.0 6099.0 26.0 420.0 0.16708437761069336
48 39 47 0.0 0.0 44.0 0.0 1356.0 7.0 14.0 0.41273584905660365
48 39 48 0.0 0.0 3.0 0.0 70.0 0.0 0.0 0.6753497346840327
48 39 49 0.0 0.0 0.0 0.0 1.0 0.0 0.0 0.6996501749125437
48 40 31 0.0 0.0 0.0 0.0 7.0 0.0 0.0 0.6975585450921773
48 40 32 0.0 0.0 2.0 0.0 110.0 0.0 0.0 0.6628787878787878
48 40 33 0.0 0.0 36.0 0.0 1021.0 10.0 9.0 0.4597701149425287
48 40 34 0.0 0.0 473.0 0.0 8968.0 25.0 1417.0 0.12253829321663018
48 40 35 0.0 0.0 600.0 0.0 10956.0 27.0 3405.0 0.10338207059518534
48 40 36 0.0 0.0 604.0 0.0 10663.0 32.0 2727.0 0.10567632850241546
48 40 37 0.0 0.0 729.0 0.0 11977.0 22.0 4516.0 0.09523161689680973
48 40 38 0.0 0.0 719.0 0.0 11718.0 31.0 3820.0 0.09709411193564046
48 40 39 0.0 0.0 1161.0 0.0 13338.0 39.0 12973.0 0.08489993935718616
48 40 40 0.0 0.0 768.0 0.0 12198.0 33.0 5661.0 0.0935891436593355
48 40 41 0.0 0.0 886.0 0.0 12705.0 27.0 7894.0 0.0898242012062107
48 40 42 0.0 0.0 855.0 0.0 12482.0 24.0 6585.0 0.09128847157016169
48 40 43 0.0 0.0 650.0 0.0 11296.0 23.0 4021.0 0.10044482709140479
48 40 44 0.0 0.0 446.0 0.0 8796.0 28.0 1409.0 0.12474382963556979
48 40 45 0.0 0.0 832.0 0.0 12355.0 27.0 7834.0 0.09216589861751151
48 40 46 0.0 0.0 135.0 0.0 3714.0 17.0 130.0 0.23997257456290705
48 40 47 0.0 0.0 216.0 0.0 4754.0 16.0 229.0 0.20114942528735633
48 40 48 0.0 0.0 4.0 0.0 121.0 2.0 0.0 0.6594441827602449
48 40 49 0.0 0.0 0.0 0.0 1.0 0.0 0.0 0.0
48 41 32 0.0 0.0 15.0 0.0 514.0 3.0 3.0 0.5542359461599367
48 41 33 0.0 0.0 113.0 0.0 2558.0 12.0 35.0 0.3004291845493562
48 41 34 0.0 0.0 178.0 0.0 5042.0 26.0 310.0 0.19457956914523972
48 41 35 0.0 0.0 326.0 0.0 7312.0 22.0 828.0 0.1455452749766088
48 41 36 0.0 0.0 834.0 0.0 12440.0 32.0 6015.0 0.09172508681124286
48 41 37 0.0 0.0 677.0 0.0 11500.0 27.0 4342.0 0.09881422924901184
48 41 38 0.0 0.0 966.0 0.0 12903.0 31.0 8873.0 0.08818342151675483
48 41 39 0.0 0.0 740.0 0.0 11940.0 18.0 6038.0 0.09539384028345597
48 41 40 0.0 0.0 921.0 0.0 12939.0 31.0 7740.0 0.08831136062574907
48 41 41 0.0 0.0 755.0 0.0 12188.0 28.0 5837.0 0.09380863039399624
48 41 42 0.0 0.0 654.0 0.0 11036.0 31.0 3310.0 0.10236162901221027
48 41 43 0.0 0.0 459.0 0.0 9304.0 29.0 1747.0 0.11919965942954447
48 41 44 0.0 0.0 296.0 0.0 6279.0 17.0 448.0 0.16347501167678652
48 41 45 0.0 0.0 169.0 0.0 4176.0 21.0 161.0 0.2213438735177865
48 41 46 0.0 0.0 192.0 0.0 4776.0 19.0 244.0 0.20129403306973398
48 41 47 0.0 0.0 99.0 0.0 2346.0 12.0 29.0 0.31581321903902543
48 41 48 0.0 0.0 1.0 0.0 79.0 0.0 0.0 0.6730769230769229
48 41 49 0.0 0.0 0.0 0.0 2.0 0.0 0.0 0.6993006993006992
48 42 32 0.0 0.0 0.0 0.0 2.0 0.0 0.0 0.6993006993006992
48 42 33 0.0 0.0 0.0 0.0 61.0 0.0 0.0 0.6792819019893255
48 42 34 0.0 0.0 70.0 0.0 1477.0 18.0 10.0 0.3968253968253968
48 42 35 0.0 0.0 322.0 0.0 6734.0 13.0 598.0 0.15474743008732172
48 42 36 0.0 0.0 719.0 0.0 11771.0 34.0 4188.0 0.09671848013816925
48 42 37 0.0 0.0 513.0 0.0 10091.0 29.0 2440.0 0.11123470522803114
48 42 38 0.0 0.0 881.0 0.0 12783.0 32.0 6780.0 0.08947402057902472
48 42 39 0.0 0.0 844.0 0.0 12579.0 39.0 7070.0 0.09089728606674456
48 42 40 0.0 0.0 977.0 0.0 13219.0 35.0 8310.0 0.08652122860144612
48 42 41 0.0 0.0 626.0 0.0 11272.0 24.0 4025.0 0.10075566750629722
48 42 42 0.0 0.0 272.0 0.0 6283.0 19.0 539.0 0.1640496836184673
48 42 43 0.0 0.0 480.0 0.0 9212.0 19.0 1687.0 0.11983223487118032
48 42 44 0.0 0.0 144.0 0.0 3487.0 19.0 101.0 0.24946543121881679
48 42 45 0.0 0.0 71.0 0.0 1666.0 17.0 13.0 0.3762429454447729
48 42 46 0.0 0.0 57.0 0.0 1636.0 13.0 18.0 0.3804347826086956
48 42 47 0.0 0.0 35.0 0.0 731.0 5.0 0.0 0.5072463768115941
48 42 48 0.0 0.0 34.0 0.0 920.0 8.0 5.0 0.4752206381534283
48 43 32 0.0 0.0 0.0 0.0 3.0 0.0 0.0 0.6989515726410384
48 43 33 0.0 0.0 0.0 0.0 10.0 0.0 0.0 0.6965174129353233
48 43 34 0.0 0.0 32.0 0.0 1002.0 6.0 3.0 0.4626569729015201
48 43 35 0.0 0.0 313.0 0.0 6390.0 14.0 515.0 0.16110471806674337
48 43 36 0.0 0.0 474.0 0.0 9671.0 27.0 2112.0 0.11540680900173109
48 43 37 0.0 0.0 745.0 0.0 11998.0 28.0 5011.0 0.09501187648456055
48 43 38 0.0 0.0 905.0 0.0 12846.0 26.0 8240.0 0.08880431335236282
48 43 39 0.0 0.0 1165.0 0.0 13567.0 32.0 11967.0 0.08365200764818355
48 43 40 0.0 0.0 742.0 0.0 12016.0 22.0 5190.0 0.09486380268329041
48 43 41 0.0 0.0 913.0 0.0 12563.0 30.0 8029.0 0.0905035878208029
48 43 42 0.0 0.0 368.0 0.0 7471.0 19.0 779.0 0.14258071086668703
48 43 43 0.0 0.0 166.0 0.0 4568.0 23.0 225.0 0.20861272537624792
48 43 44 0.0 0.0 64.0 0.0 1775.0 7.0 16.0 0.3655352480417754
48 43 45 0.0 0.0 47.0 0.0 879.0 11.0 4.0 0.4804392587508579
48 43 46 0.0 0.0 6.0 0.0 228.0 2.0 0.0 0.6272401433691756
48 43 47 0.0 0.0 27.0 0.0 689.0 5.0 3.0 0.5164146071560309
48 43 48 0.0 0.0 0.0 0.0 18.0 0.0 0.0 0.6937561942517343
48 44 31 0.0 0.0 0.0 0.0 2.0 0.0 0.0 0.6993006993006992
48 44 32 0.0 0.0 0.0 0.0 2.0 0.0 0.0 0.6993006993006992
48 44 33 0.0 0.0 0.0 0.0 11.0 0.0 0.0 0.6961710591745399
48 44 34 0.0 0.0 18.0 0.0 533.0 4.0 1.0 0.5496662740478994
48 44 35 0.0 0.0 226.0 0.0 5341.0 15.0 321.0 0.18520968382061118
48 44 36 0.0 0.0 650.0 0.0 11407.0 16.0 4737.0 0.0995874235310855
48 44 37 0.0 0.0 442.0 0.0 9257.0 21.0 1762.0 0.1198630136986301
48 44 38 0.0 0.0 879.0 0.0 12518.0 38.0 6627.0 0.09101547263034715
48 44 39 0.0 0.0 813.0 0.0 12405.0 25.0 6020.0 0.09197214557876757
48 44 40 0.0 0.0 653.0 0.0 10880.0 31.0 3094.0 0.10356561621541646
48 44 41 0.0 0.0 284.0 0.0 7388.0 16.0 1001.0 0.14488254165373068
48 44 42 0.0 0.0 316.0 0.0 6637.0 19.0 605.0 0.15665212039834395
48 44 43 0.0 0.0 228.0 0.0 5465.0 23.0 341.0 0.1824104234527687
48 44 44 0.0 0.0 38.0 0.0 992.0 4.0 2.0 0.4626569729015201
48 44 45 0.0 0.0 18.0 0.0 564.0 6.0 2.0 0.5434782608695652
48 44 46 0.0 0.0 64.0 0.0 1400.0 13.0 14.0 0.4055619930475086
48 44 47 0.0 0.0 0.0 0.0 24.0 1.0 0.0 0.6920415224913494
48 44 48 0.0 0.0 0.0 0.0 1.0 0.0 0.0 0.6996501749125437
48 45 32 0.0 0.0 0.0 0.0 1.0 0.0 0.0 0.0
48 45 33 0.0 0.0 0.0 0.0 1.0 0.0 0.0 0.6996501749125437
48 45 34 0.0 0.0 0.0 0.0 59.0 0.0 0.0 0.6799417192812044
48 45 35 0.0 0.0 194.0 0.0 4246.0 18.0 133.0 0.21800062285892238
48 45 36 0.0 0.0 280.0 0.0 6308.0 19.0 542.0 0.16332244517032196
48 45 37 0.0 0.0 883.0 0.0 12658.0 32.0 7701.0 0.09007849697593616
48 45 38 0.0 0.0 295.0 0.0 7042.0 27.0 813.0 0.15032749919467409
48 45 39 0.0 0.0 653.0 0.0 11453.0 24.0 3599.0 0.09932600212841432
48 45 40 0.0 0.0 426.0 0.0 8821.0 19.0 1592.0 0.12455516014234873
48 45 41 0.0 0.0 270.0 0.0 6368.0 25.0 529.0 0.16241299303944312
48 45 42 0.0 0.0 256.0 0.0 5290.0 25.0 291.0 0.1860217911241031
48 45 43 0.0 0.0 41.0 0.0 871.0 9.0 4.0 0.48242591316333555
48 45 44 0.0 0.0 10.0 0.0 195.0 5.0 1.0 0.6363636363636362
48 45 45 0.0 0.0 228.0 0.0 5070.0 21.0 245.0 0.19233411182854787
48 45 46 0.0 0.0 0.0 0.0 8.0 0.0 0.0 0.6975585450921773
48 45 47 0.0 0.0 0.0 0.0 2.0 0.0 0.0 0.6993006993006992
48 46 34 0.0 0.0 0.0 0.0 14.0 0.0 0.0 0.6951340615690167
48 46 35 0.0 0.0 162.0 0.0 3278.0 10.0 70.0 0.25782688766114176
48 46 36 0.0 0.0 110.0 0.0 2868.0 20.0 78.0 0.2823719241629689
48 46 37 0.0 0.0 278.0 0.0 6255.0 19.0 523.0 0.16441573693482087
48 46 38 0.0 0.0 476.0 0.0 9416.0 19.0 1759.0 0.11785503830288745
48 46 39 0.0 0.0 639.0 0.0 11257.0 33.0 4646.0 0.10086455331412102
48 46 40 0.0 0.0 379.0 0.0 8248.0 25.0 1167.0 0.1319883096068634
48 46 41 0.0 0.0 152.0 0.0 3374.0 19.0 85.0 0.2541757443718228
48 46 42 0.0 0.0 97.0 0.0 2361.0 14.0 30.0 0.315031503150315
48 46 43 0.0 0.0 33.0 0.0 773.0 10.0 1.0 0.5007153075822602
48 46 44 0.0 0.0 1.0 0.0 12.0 0.0 0.0 0.695479384003974
48 46 45 0.0 0.0 0.0 0.0 15.0 0.0 0.0 0.694789081885856
48 46 46 0.0 0.0 0.0 0.0 9.0 0.0 0.0 0.6968641114982577
48 47 34 0.0 0.0 0.0 0.0 4.0 0.0 0.0 0.6986027944111775
48 47 35 0.0 0.0 1.0 0.0 47.0 1.0 0.0 0.6839276990718123
48 47 36 0.0 0.0 8.0 0.0 141.0 1.0 0.0 0.6520726595249184
48 47 37 0.0 0.0 314.0 0.0 6366.0 25.0 534.0 0.1616814874696847
48 47 38 0.0 0.0 55.0 0.0 1813.0 6.0 21.0 0.36269430051813467
48 47 39 0.0 0.0 301.0 0.0 7104.0 19.0 760.0 0.14911066141229096
48 47 40 0.0 0.0 368.0 0.0 7726.0 27.0 1002.0 0.13894402540690748
48 47 41 0.0 0.0 363.0 0.0 7375.0 21.0 814.0 0.1439588688946015
48 47 42 0.0 0.0 6.0 0.0 117.0 1.0 0.0 0.66006600660066
48 47 43 0.0 0.0 45.0 0.0 1007.0 7.0 4.0 0.4597701149425287
48 47 44 0.0 0.0 0.0 0.0 1.0 0.0 0.0 0.6996501749125437
48 47 45 0.0 0.0 1.0 0.0 10.0 0.0 0.0 0.6961710591745399
48 48 35 0.0 0.0 0.0 0.0 3.0 0.0 0.0 0.6989515726410384
48 48 36 0.0 0.0 0.0 0.0 39.0 0.0 0.0 0.6866110838646394
48 48 37 0.0 0.0 57.0 0.0 1325.0 14.0 6.0 0.4156769596199525
48 48 38 0.0 0.0 0.0 0.0 21.0 0.0 0.0 0.6927263730826323
48 48 39 0.0 0.0 2.0 0.0 90.0 1.0 0.0 0.6698564593301434
48 48 40 0.0 0.0 10.0 0.0 238.0 3.0 0.0 0.6236080178173719
48 48 41 0.0 0.0 99.0 0.0 2138.0 16.0 23.0 0.3315963998105163
48 48 42 0.0 0.0 0.0 0.0 30.0 0.0 0.0 0.689655172413793
48 48 43 0.0 0.0 18.0 0.0 315.0 4.0 0.0 0.6011163589523401
48 48 44 0.0 0.0 0.0 0.0 2.0 0.0 0.0 0.6993006993006992
48 49 36 0.0 0.0 0.0 0.0 2.0 0.0 0.0 0.6993006993006992
48 49 37 0.0 0.0 0.0 0.0 3.0 0.0 0.0 0.6989515726410384
48 49 40 0.0 0.0 0.0 0.0 1.0 0.0 0.0 0.6996501749125437
48 49 41 0.0 0.0 0.0 0.0 3.0 0.0 0.0 0.6989515726410384
48 49 43 0.0 0.0 0.0 0.0 2.0 0.0 0.0 0.6993006993006992
49 31 36 0.0 0.0 0.0 0.0 1.0 0.0 0.0 0.6996501749125437
49 31 37 0.0 0.0 3.0 0.0 27.0 0.0 0.0 0.689655172413793
49 31 40 0.0 0.0 0.0 0.0 1.0 0.0 0.0 0.6996501749125437
49 31 41 0.0 0.0 0.0 0.0 1.0 0.0 0.0 0.6996501749125437
49 32 37 0.0 0.0 0.0 0.0 5.0 0.0 0.0 0.6982543640897755
49 32 38 0.0 0.0 2.0 0.0 40.0 2.0 0.0 0.6862745098039215
49 32 39 0.0 0.0 0.0 0.0 10.0 0.0 0.0 0.6965174129353233
49 32 40 0.0 0.0 73.0 0.0 1569.0 9.0 19.0 0.3853564547206165
49 32 41 0.0 0.0 2.0 0.0 31.0 0.0 0.0 0.6886374815543531
49 32 42 0.0 0.0 0.0 0.0 3.0 0.0 0.0 0.6989515726410384
49 33 35 0.0 0.0 0.0 0.0 1.0 0.0 0.0 0.6996501749125437
49 33 36 0.0 0.0 0.0 0.0 2.0 0.0 0.0 0.6993006993006992
49 33 37 0.0 0.0 0.0 0.0 29.0 0.0 0.0 0.6899950714637751
49 33 38 0.0 0.0 80.0 0.0 2714.0 13.0 69.0 0.2928257686676427
49 33 39 0.0 0.0 10.0 0.0 304.0 6.0 0.0 0.6068487212830515
49 33 40 0.0 0.0 1.0 0.0 126.0 1.0 0.0 0.6585136406396989
49 33 41 0.0 0.0 4.0 0.0 96.0 1.0 0.0 0.6673021925643469
49 33 42 0.0 0.0 26.0 0.0 519.0 8.0 3.0 0.5518328734726053
49 33 43 0.0 0.0 7.0 0.0 146.0 0.0 0.0 0.6502554575011611
49 33 44 0.0 0.0 29.0 0.0 530.0 10.0 3.0 0.5492349941153393
49 33 47 0.0 0.0 0.0 0.0 1.0 0.0 0.0 0.6996501749125437
49 34 32 0.0 0.0 0.0 0.0 4.0 0.0 0.0 0.6986027944111775
49 34 33 0.0 0.0 0.0 0.0 8.0 0.0 0.0 0.697211155378486
49 34 34 0.0 0.0 0.0 0.0 10.0 0.0 0.0 0.6965174129353233
49 34 35 0.0 0.0 3.0 0.0 166.0 1.0 0.0 0.6457564575645756
49 34 36 0.0 0.0 74.0 0.0 2054.0 10.0 16.0 0.33997085964060214
49 34 37 0.0 0.0 19.0 0.0 584.0 6.0 0.0 0.5390835579514823
49 34 38 0.0 0.0 79.0 0.0 1920.0 13.0 30.0 0.35114120892901923
49 34 39 0.0 0.0 142.0 0.0 2874.0 14.0 67.0 0.27972027972027974
49 34 40 0.0 0.0 76.0 0.0 1915.0 10.0 30.0 0.3515821195379206
49 34 41 0.0 0.0 212.0 0.0 4565.0 29.0 205.0 0.20740740740740737
49 34 42 0.0 0.0 145.0 0.0 3637.0 12.0 109.0 0.24255024255024252
49 34 43 0.0 0.0 111.0 0.0 2957.0 12.0 56.0 0.27684397864346444
49 34 44 0.0 0.0 4.0 0.0 124.0 1.0 0.0 0.6582040432534085
49 34 45 0.0 0.0 2.0 0.0 36.0 1.0 0.0 0.6876227897838899
49 34 46 0.0 0.0 0.0 0.0 19.0 0.0 0.0 0.6934125804853887
49 34 47 0.0 0.0 0.0 0.0 3.0 0.0 0.0 0.6989515726410384
49 35 32 0.0 0.0 0.0 0.0 5.0 0.0 0.0 0.6986027944111775
49 35 33 0.0 0.0 0.0 0.0 7.0 0.0 0.0 0.6975585450921773
49 35 34 0.0 0.0 3.0 0.0 77.0 1.0 0.0 0.6734006734006733
49 35 35 0.0 0.0 10.0 0.0 215.0 5.0 0.0 0.6306306306306305
49 35 36 0.0 0.0 2.0 0.0 171.0 0.0 0.0 0.6445672191528544
49 35 37 0.0 0.0 53.0 0.0 1393.0 13.0 16.0 0.4079254079254079
49 35 38 0.0 0.0 410.0 0.0 8260.0 28.0 1289.0 0.13141837979911758
49 35 39 0.0 0.0 542.0 0.0 10220.0 20.0 2697.0 0.1098211484154377
49 35 40 0.0 0.0 427.0 0.0 8584.0 21.0 1359.0 0.12733060482037287
49 35 41 0.0 0.0 189.0 0.0 4633.0 18.0 214.0 0.2058218171126139
49 35 42 0.0 0.0 164.0 0.0 4022.0 24.0 147.0 0.22708840227088398
49 35 43 0.0 0.0 420.0 0.0 8208.0 22.0 1136.0 0.1319385543304118
49 35 44 0.0 0.0 113.0 0.0 2210.0 18.0 31.0 0.32505224053865794
49 35 45 0.0 0.0 56.0 0.0 1358.0 12.0 7.0 0.41152263374485587
49 35 46 0.0 0.0 9.0 0.0 198.0 2.0 0.0 0.6352087114337567
49 36 32 0.0 0.0 0.0 0.0 1.0 0.0 0.0 0.6996501749125437
49 36 34 0.0 0.0 5.0 0.0 64.0 1.0 0.0 0.6769825918762088
49 36 35 0.0 0.0 148.0 0.0 3615.0 16.0 127.0 0.2435206122803966
49 36 36 0.0 0.0 54.0 0.0 1294.0 8.0 7.0 0.4191616766467065
49 36 37 0.0 0.0 49.0 0.0 1381.0 12.0 7.0 0.4095962551199532
49 36 38 0.0 0.0 142.0 0.0 3648.0 19.0 113.0 0.2425922717033443
49 36 39 0.0 0.0 584.0 0.0 10471.0 25.0 2571.0 0.10737843227488877
49 36 40 0.0 0.0 431.0 0.0 8828.0 21.0 1494.0 0.12451085023123441
49 36 41 0.0 0.0 506.0 0.0 9357.0 17.0 1655.0 0.11810359372363757
49 36 42 0.0 0.0 224.0 0.0 5726.0 21.0 422.0 0.1765447667087011
49 36 43 0.0 0.0 328.0 0.0 6881.0 16.0 594.0 0.15225666122892875
49 36 44 0.0 0.0 195.0 0.0 4009.0 20.0 152.0 0.22642730066310848
49 36 45 0.0 0.0 30.0 0.0 679.0 8.0 2.0 0.5183265457238059
49 36 46 0.0 0.0 1.0 0.0 79.0 1.0 0.0 0.6734006734006733
49 36 47 0.0 0.0 0.0 0.0 48.0 0.0 0.0 0.6835937499999999
49 37 33 0.0 0.0 0.0 0.0 2.0 0.0 0.0 0.6993006993006992
49 37 34 0.0 0.0 23.0 0.0 487.0 4.0 0.0 0.5586592178770949
49 37 35 0.0 0.0 5.0 0.0 314.0 2.0 1.0 0.6042296072507551
49 37 36 0.0 0.0 250.0 0.0 4689.0 20.0 168.0 0.20228290709435048
49 37 37 0.0 0.0 199.0 0.0 4963.0 18.0 247.0 0.19591379792891123
49 37 38 0.0 0.0 142.0 0.0 3993.0 17.0 157.0 0.22887036128821314
49 37 39 0.0 0.0 608.0 0.0 10924.0 15.0 3421.0 0.10347376201034737
49 37 40 0.0 0.0 903.0 0.0 12515.0 27.0 7513.0 0.09085009733939
49 37 41 0.0 0.0 813.0 0.0 12295.0 34.0 4828.0 0.09277052547876216
49 37 42 0.0 0.0 761.0 0.0 11958.0 30.0 4559.0 0.0951927653498334
49 37 43 0.0 0.0 689.0 0.0 11680.0 28.0 5296.0 0.09753378849101295
49 37 44 0.0 0.0 291.0 0.0 6688.0 25.0 636.0 0.15626744056256275
49 37 45 0.0 0.0 346.0 0.0 6921.0 26.0 669.0 0.15136771542869498
49 37 46 0.0 0.0 99.0 0.0 2816.0 17.0 54.0 0.2858309514087382
49 37 47 0.0 0.0 2.0 0.0 83.0 1.0 0.0 0.6717850287907868
49 37 48 0.0 0.0 0.0 0.0 1.0 0.0 0.0 0.6996501749125437
49 38 33 0.0 0.0 0.0 0.0 5.0 0.0 0.0 0.6982543640897755
49 38 34 0.0 0.0 0.0 0.0 53.0 2.0 0.0 0.68259385665529
49 38 35 0.0 0.0 21.0 0.0 564.0 6.0 0.0 0.543056633048875
49 38 36 0.0 0.0 348.0 0.0 7805.0 31.0 981.0 0.13813517513566845
49 38 37 0.0 0.0 346.0 0.0 7364.0 10.0 820.0 0.14422581642113935
49 38 38 0.0 0.0 498.0 0.0 9409.0 19.0 1791.0 0.11772620248906826
49 38 39 0.0 0.0 302.0 0.0 7008.0 17.0 747.0 0.15055382299171954
49 38 40 0.0 0.0 652.0 0.0 11465.0 30.0 4027.0 0.09926262053318206
49 38 41 0.0 0.0 563.0 0.0 10578.0 20.0 2840.0 0.10663416863432096
49 38 42 0.0 0.0 338.0 0.0 7288.0 25.0 789.0 0.1457270740085354
49 38 43 0.0 0.0 704.0 0.0 11473.0 27.0 4032.0 0.0987724001693241
49 38 44 0.0 0.0 303.0 0.0 6941.0 26.0 708.0 0.15182735061273178
49 38 45 0.0 0.0 668.0 0.0 11499.0 30.0 4390.0 0.09893293760158292
49 38 46 0.0 0.0 197.0 0.0 4240.0 15.0 146.0 0.21806853582554514
49 38 47 0.0 0.0 3.0 0.0 145.0 1.0 0.0 0.6520726595249184
49 38 48 0.0 0.0 0.0 0.0 1.0 0.0 0.0 0.6996501749125437
49 39 33 0.0 0.0 0.0 0.0 34.0 1.0 0.0 0.6886374815543531
49 39 34 0.0 0.0 46.0 0.0 1212.0 4.0 4.0 0.43023970497848796
49 39 35 0.0 0.0 52.0 0.0 1217.0 10.0 4.0 0.42957962565204044
49 39 36 0.0 0.0 46.0 0.0 1197.0 11.0 11.0 0.4333023831631074
49 39 37 0.0 0.0 369.0 0.0 8046.0 19.0 1067.0 0.13457656445256175
49 39 38 0.0 0.0 173.0 0.0 4137.0 17.0 125.0 0.22243406418811565
49 39 39 0.0 0.0 536.0 0.0 10384.0 18.0 2705.0 0.10841787346085338
49 39 40 0.0 0.0 501.0 0.0 9894.0 24.0 2121.0 0.11307648816735319
49 39 41 0.0 0.0 230.0 0.0 5305.0 22.0 280.0 0.18636847710330134
49 39 42 0.0 0.0 491.0 0.0 9507.0 23.0 2016.0 0.11680293675955279
49 39 43 0.0 0.0 810.0 0.0 12438.0 23.0 6857.0 0.09182736455463728
49 39 44 0.0 0.0 555.0 0.0 10073.0 20.0 2419.0 0.11096140128398191
49 39 45 0.0 0.0 290.0 0.0 6086.0 19.0 453.0 0.16748414882162935
49 39 46 0.0 0.0 62.0 0.0 1508.0 10.0 17.0 0.3934794828555368
49 39 47 0.0 0.0 2.0 0.0 26.0 0.0 0.0 0.6906758756783422
49 39 48 0.0 0.0 2.0 0.0 7.0 0.0 0.0 0.6968641114982577
49 40 33 0.0 0.0 4.0 0.0 84.0 1.0 0.0 0.670819357930043
49 40 34 0.0 0.0 12.0 0.0 289.0 6.0 0.0 0.6100217864923746
49 40 35 0.0 0.0 182.0 0.0 4558.0 14.0 189.0 0.20814748736247393
49 40 36 0.0 0.0 179.0 0.0 4137.0 22.0 130.0 0.22243406418811565
49 40 37 0.0 0.0 260.0 0.0 6037.0 26.0 490.0 0.16922519037833914
49 40 38 0.0 0.0 234.0 0.0 5456.0 14.0 344.0 0.18236290217532888
49 40 39 0.0 0.0 361.0 0.0 7465.0 17.0 739.0 0.14263881813550686
49 40 40 0.0 0.0 363.0 0.0 7944.0 24.0 1114.0 0.13598834385624087
49 40 41 0.0 0.0 314.0 0.0 7379.0 23.0 976.0 0.14468788755684164
49 40 42 0.0 0.0 150.0 0.0 3891.0 13.0 148.0 0.23236514522821572
49 40 43 0.0 0.0 806.0 0.0 12063.0 21.0 5756.0 0.09410499428648247
49 40 44 0.0 0.0 146.0 0.0 3716.0 16.0 128.0 0.23964395754878462
49 40 45 0.0 0.0 148.0 0.0 3184.0 19.0 75.0 0.2635542168674698
49 40 46 0.0 0.0 4.0 0.0 270.0 2.0 0.0 0.6164685160722148
49 40 47 0.0 0.0 0.0 0.0 27.0 0.0 0.0 0.6910167818361302
49 40 48 0.0 0.0 9.0 0.0 94.0 4.0 0.0 0.6669842782277274
49 41 33 0.0 0.0 0.0 0.0 23.0 0.0 0.0 0.6920415224913494
49 41 34 0.0 0.0 8.0 0.0 273.0 1.0 1.0 0.6140350877192982
49 41 35 0.0 0.0 136.0 0.0 2841.0 16.0 50.0 0.2822011691191292
49 41 36 0.0 0.0 202.0 0.0 5125.0 19.0 337.0 0.19159709867250577
49 41 37 0.0 0.0 122.0 0.0 2908.0 20.0 60.0 0.27927388789148205
49 41 38 0.0 0.0 252.0 0.0 5615.0 15.0 379.0 0.1781850579101438
49 41 39 0.0 0.0 255.0 0.0 6253.0 17.0 491.0 0.16470588235294115
49 41 40 0.0 0.0 298.0 0.0 6063.0 17.0 357.0 0.16766467065868262
49 41 41 0.0 0.0 180.0 0.0 4382.0 16.0 197.0 0.21393643031784837
49 41 42 0.0 0.0 96.0 0.0 2579.0 10.0 56.0 0.2999143101970865
49 41 43 0.0 0.0 312.0 0.0 6659.0 24.0 590.0 0.15642458100558657
49 41 44 0.0 0.0 45.0 0.0 1243.0 5.0 10.0 0.4264392324093816
49 41 45 0.0 0.0 4.0 0.0 185.0 1.0 0.0 0.6401463191586647
49 41 46 0.0 0.0 235.0 0.0 5046.0 17.0 282.0 0.19262520638414965
49 41 47 0.0 0.0 1.0 0.0 16.0 0.0 0.0 0.694100148735746
49 41 48 0.0 0.0 2.0 0.0 11.0 0.0 0.0 0.695479384003974
49 42 33 0.0 0.0 0.0 0.0 6.0 0.0 0.0 0.6979062811565303
49 42 34 0.0 0.0 8.0 0.0 221.0 2.0 1.0 0.6286484059272563
49 42 35 0.0 0.0 148.0 0.0 2837.0 24.0 60.0 0.2822011691191292
49 42 36 0.0 0.0 40.0 0.0 1035.0 7.0 6.0 0.4561746497230368
49 42 37 0.0 0.0 271.0 0.0 5982.0 27.0 495.0 0.17006802721088435
49 42 38 0.0 0.0 155.0 0.0 3721.0 17.0 130.0 0.2390302202492743
49 42 39 0.0 0.0 428.0 0.0 8342.0 26.0 1225.0 0.13022044460980373
49 42 40 0.0 0.0 199.0 0.0 4870.0 13.0 281.0 0.1983283751239552
49 42 41 0.0 0.0 284.0 0.0 6255.0 19.0 465.0 0.16420361247947451
49 42 42 0.0 0.0 137.0 0.0 3347.0 23.0 86.0 0.2563163676309044
49 42 43 0.0 0.0 112.0 0.0 2863.0 8.0 58.0 0.28180354267310787
49 42 44 0.0 0.0 15.0 0.0 338.0 5.0 0.0 0.5965061780997016
49 42 45 0.0 0.0 0.0 0.0 24.0 0.0 0.0 0.6916996047430829
49 42 46 0.0 0.0 1.0 0.0 16.0 0.0 0.0 0.694100148735746
49 42 47 0.0 0.0 32.0 0.0 598.0 4.0 2.0 0.5331302361005331
49 42 48 0.0 0.0 0.0 0.0 3.0 0.0 0.0 0.6989515726410384
49 43 34 0.0 0.0 5.0 0.0 174.0 0.0 0.0 0.6424965580541532
49 43 35 0.0 0.0 316.0 0.0 6776.0 17.0 691.0 0.15416804316705204
49 43 36 0.0 0.0 82.0 0.0 1939.0 8.0 22.0 0.34877927254608865
49 43 37 0.0 0.0 66.0 0.0 1759.0 11.0 21.0 0.3668763102725366
49 43 38 0.0 0.0 437.0 0.0 9017.0 22.0 1719.0 0.12232415902140671
49 43 39 0.0 0.0 286.0 0.0 5935.0 25.0 443.0 0.17077335935594043
49 43 40 0.0 0.0 593.0 0.0 10089.0 27.0 1990.0 0.11050595942852633
49 43 41 0.0 0.0 418.0 0.0 8485.0 25.0 1226.0 0.1286409997243407
49 43 42 0.0 0.0 107.0 0.0 2636.0 12.0 39.0 0.2959205242020714
49 43 43 0.0 0.0 2.0 0.0 120.0 0.0 0.0 0.6597549481621111
49 43 44 0.0 0.0 2.0 0.0 44.0 0.0 0.0 0.6842619745845552
49 43 45 0.0 0.0 0.0 0.0 8.0 0.0 0.0 0.697211155378486
49 43 46 0.0 0.0 0.0 0.0 2.0 0.0 0.0 0.6993006993006992
49 43 47 0.0 0.0 0.0 0.0 1.0 0.0 0.0 0.6996501749125437
49 43 48 0.0 0.0 0.0 0.0 2.0 0.0 0.0 0.6993006993006992
49 44 34 0.0 0.0 10.0 0.0 243.0 6.0 0.0 0.6230529595015576
49 44 35 0.0 0.0 3.0 0.0 155.0 1.0 0.0 0.6490496059341677
49 44 36 0.0 0.0 141.0 0.0 3158.0 20.0 72.0 0.2652519893899204
49 44 37 0.0 0.0 327.0 0.0 6863.0 29.0 624.0 0.15277171540811868
49 44 38 0.0 0.0 197.0 0.0 4641.0 19.0 195.0 0.20524849728778768
49 44 39 0.0 0.0 268.0 0.0 5886.0 19.0 411.0 0.1720324404030474
49 44 40 0.0 0.0 439.0 0.0 8669.0 19.0 1463.0 0.12617159336697906
49 44 41 0.0 0.0 215.0 0.0 4311.0 19.0 145.0 0.21511985248924398
49 44 42 0.0 0.0 81.0 0.0 1863.0 15.0 30.0 0.35632476457113765
49 44 43 0.0 0.0 91.0 0.0 1723.0 12.0 9.0 0.3682272488164124
49 44 44 0.0 0.0 2.0 0.0 21.0 1.0 0.0 0.6923837784371908
49 44 45 0.0 0.0 0.0 0.0 5.0 0.0 0.0 0.6982543640897755
49 44 46 0.0 0.0 0.0 0.0 3.0 0.0 0.0 0.6989515726410384
49 44 47 0.0 0.0 0.0 0.0 1.0 0.0 0.0 0.6996501749125437
49 45 34 0.0 0.0 1.0 0.0 29.0 0.0 0.0 0.689655172413793
49 45 35 0.0 0.0 39.0 0.0 1122.0 11.0 9.0 0.4444444444444444
49 45 36 0.0 0.0 13.0 0.0 590.0 0.0 2.0 0.5378409527468304
49 45 37 0.0 0.0 143.0 0.0 3391.0 19.0 108.0 0.25385312783318215
49 45 38 0.0 0.0 363.0 0.0 7470.0 16.0 849.0 0.14255167498218102
49 45 39 0.0 0.0 89.0 0.0 2690.0 21.0 59.0 0.2942412778478352
49 45 40 0.0 0.0 239.0 0.0 5096.0 25.0 265.0 0.19146608315098465
49 45 41 0.0 0.0 15.0 0.0 422.0 4.0 1.0 0.575657894736842
49 45 42 0.0 0.0 9.0 0.0 195.0 5.0 0.0 0.6366530241018644
49 45 43 0.0 0.0 0.0 0.0 31.0 0.0 0.0 0.6893156080748399
49 45 44 0.0 0.0 0.0 0.0 10.0 0.0 0.0 0.6965174129353233
49 45 45 0.0 0.0 0.0 0.0 9.0 0.0 0.0 0.6968641114982577
49 45 46 0.0 0.0 0.0 0.0 1.0 0.0 0.0 0.6996501749125437
49 46 34 0.0 0.0 0.0 0.0 6.0 0.0 0.0 0.6979062811565303
49 46 35 0.0 0.0 0.0 0.0 26.0 0.0 0.0 0.6910167818361302
49 46 36 0.0 0.0 2.0 0.0 128.0 0.0 0.0 0.6572769953051641
49 46 37 0.0 0.0 38.0 0.0 1192.0 10.0 16.0 0.4347826086956521
49 46 38 0.0 0.0 110.0 0.0 2815.0 18.0 55.0 0.2853067047075606
49 46 39 0.0 0.0 79.0 0.0 1985.0 12.0 20.0 0.3455083909180651
49 46 40 0.0 0.0 24.0 0.0 585.0 5.0 2.0 0.5378409527468304
49 46 41 0.0 0.0 70.0 0.0 1603.0 8.0 8.0 0.38199181446111863
49 46 42 0.0 0.0 11.0 0.0 207.0 2.0 0.0 0.6317689530685919
49 46 43 0.0 0.0 0.0 0.0 3.0 0.0 0.0 0.6989515726410384
49 46 44 0.0 0.0 0.0 0.0 5.0 0.0 0.0 0.6982543640897755
49 46 45 0.0 0.0 0.0 0.0 7.0 0.0 0.0 0.6975585450921773
49 47 34 0.0 0.0 0.0 0.0 2.0 0.0 0.0 0.6993006993006992
49 47 35 0.0 0.0 49.0 0.0 854.0 9.0 0.0 0.4837595024187975
49 47 36 0.0 0.0 5.0 0.0 119.0 0.0 0.0 0.6594441827602449
49 47 37 0.0 0.0 81.0 0.0 1563.0 12.0 9.0 0.3853564547206165
49 47 38 0.0 0.0 1.0 0.0 147.0 2.0 0.0 0.6523765144454798
49 47 39 0.0 0.0 64.0 0.0 1867.0 13.0 22.0 0.35723398826231173
49 47 40 0.0 0.0 13.0 0.0 390.0 3.0 1.0 0.5833333333333333
49 47 41 0.0 0.0 3.0 0.0 119.0 0.0 0.0 0.6597549481621111
49 47 42 0.0 0.0 0.0 0.0 5.0 0.0 0.0 0.6982543640897755
49 48 36 0.0 0.0 0.0 0.0 5.0 0.0 0.0 0.6982543640897755
49 48 37 0.0 0.0 0.0 0.0 17.0 0.0 0.0 0.694100148735746
49 48 38 0.0 0.0 168.0 0.0 3227.0 20.0 52.0 0.2604651162790697
49 48 39 0.0 0.0 0.0 0.0 15.0 0.0 0.0 0.694789081885856
49 48 40 0.0 0.0 0.0 0.0 29.0 0.0 0.0 0.6899950714637751
49 48 41 0.0 0.0 0.0 0.0 22.0 0.0 0.0 0.6923837784371908
49 48 42 0.0 0.0 0.0 0.0 7.0 0.0 0.0 0.6975585450921773
49 49 37 0.0 0.0 0.0 0.0 6.0 0.0 0.0 0.6979062811565303
49 49 38 0.0 0.0 0.0 0.0 2.0 0.0 0.0 0.6993006993006992
49 49 41 0.0 0.0 0.0 0.0 1.0 0.0 0.0 0.6996501749125437
50 31 40 0.0 0.0 0.0 0.0 3.0 0.0 0.0 0.6989515726410384
50 32 37 0.0 0.0 0.0 0.0 5.0 0.0 0.0 0.6982543640897755
50 32 38 0.0 0.0 0.0 0.0 1.0 0.0 0.0 0.6996501749125437
50 32 39 0.0 0.0 0.0 0.0 1.0 0.0 0.0 0.6996501749125437
50 33 35 0.0 0.0 0.0 0.0 1.0 0.0 0.0 0.6996501749125437
50 33 37 0.0 0.0 0.0 0.0 1.0 0.0 0.0 0.6996501749125437
50 33 38 0.0 0.0 0.0 0.0 3.0 0.0 0.0 0.6989515726410384
50 33 39 0.0 0.0 1.0 0.0 7.0 1.0 0.0 0.6975585450921773
50 33 40 0.0 0.0 0.0 0.0 3.0 0.0 0.0 0.6989515726410384
50 33 41 0.0 0.0 0.0 0.0 4.0 0.0 0.0 0.6986027944111775
50 33 42 0.0 0.0 0.0 0.0 2.0 0.0 0.0 0.6993006993006992
50 33 43 0.0 0.0 0.0 0.0 5.0 0.0 0.0 0.6982543640897755
50 33 44 0.0 0.0 2.0 0.0 36.0 0.0 0.0 0.6869479882237487
50 34 37 0.0 0.0 0.0 0.0 26.0 0.0 0.0 0.6910167818361302
50 34 38 0.0 0.0 50.0 0.0 1366.0 14.0 11.0 0.41152263374485587
50 34 39 0.0 0.0 0.0 0.0 67.0 0.0 0.0 0.6773101112723753
50 34 40 0.0 0.0 150.0 0.0 3059.0 16.0 61.0 0.2695936838051222
50 34 41 0.0 0.0 0.0 0.0 35.0 0.0 0.0 0.6879606879606879
50 34 42 0.0 0.0 37.0 0.0 877.0 10.0 1.0 0.4820936639118457
50 34 43 0.0 0.0 0.0 0.0 34.0 0.0 0.0 0.6882989183874139
50 34 44 0.0 0.0 0.0 0.0 22.0 0.0 0.0 0.6923837784371908
50 35 34 0.0 0.0 0.0 0.0 1.0 0.0 0.0 0.6996501749125437
50 35 35 0.0 0.0 0.0 0.0 3.0 0.0 0.0 0.6989515726410384
50 35 36 0.0 0.0 0.0 0.0 5.0 0.0 0.0 0.6982543640897755
50 35 37 0.0 0.0 0.0 0.0 24.0 0.0 0.0 0.6916996047430829
50 35 38 0.0 0.0 20.0 0.0 481.0 5.0 2.0 0.5611222444889779
50 35 39 0.0 0.0 49.0 0.0 984.0 12.0 4.0 0.4634227077126778
50 35 40 0.0 0.0 66.0 0.0 1322.0 9.0 6.0 0.41432376442734536
50 35 41 0.0 0.0 6.0 0.0 213.0 2.0 1.0 0.6314839873703202
50 35 42 0.0 0.0 2.0 0.0 65.0 1.0 0.0 0.6779661016949151
50 35 43 0.0 0.0 0.0 0.0 34.0 0.0 0.0 0.6882989183874139
50 35 44 0.0 0.0 2.0 0.0 69.0 0.0 0.0 0.6760019314340897
50 35 45 0.0 0.0 0.0 0.0 4.0 0.0 0.0 0.6986027944111775
50 36 35 0.0 0.0 0.0 0.0 11.0 0.0 0.0 0.6961710591745399
50 36 36 0.0 0.0 0.0 0.0 15.0 0.0 0.0 0.694789081885856
50 36 37 0.0 0.0 6.0 0.0 177.0 1.0 1.0 0.6416131989000916
50 36 38 0.0 0.0 15.0 0.0 427.0 4.0 1.0 0.5742411812961443
50 36 39 0.0 0.0 39.0 0.0 1292.0 5.0 9.0 0.4209260372820204
50 36 40 0.0 0.0 207.0 0.0 4460.0 24.0 182.0 0.2106530243755642
50 36 41 0.0 0.0 41.0 0.0 1132.0 12.0 7.0 0.4428978171464725
50 36 42 0.0 0.0 81.0 0.0 2104.0 10.0 16.0 0.33516878142207324
50 36 43 0.0 0.0 15.0 0.0 463.0 4.0 0.0 0.5658852061438965
50 36 44 0.0 0.0 137.0 0.0 3266.0 15.0 86.0 0.2597884579699387
50 36 45 0.0 0.0 6.0 0.0 68.0 0.0 0.0 0.6753497346840327
50 36 46 0.0 0.0 0.0 0.0 11.0 0.0 0.0 0.6961710591745399
50 36 47 0.0 0.0 1.0 0.0 10.0 1.0 0.0 0.6965174129353233
50 37 35 0.0 0.0 0.0 0.0 26.0 1.0 0.0 0.6913580246913579
50 37 36 0.0 0.0 2.0 0.0 41.0 1.0 0.0 0.6856023506366307
50 37 37 0.0 0.0 28.0 0.0 721.0 8.0 1.0 0.5107624954396205
50 37 38 0.0 0.0 17.0 0.0 401.0 4.0 2.0 0.579950289975145
50 37 39 0.0 0.0 193.0 0.0 4005.0 18.0 145.0 0.2265372168284789
50 37 40 0.0 0.0 295.0 0.0 6127.0 16.0 520.0 0.16646848989298454
50 37 41 0.0 0.0 256.0 0.0 5951.0 20.0 453.0 0.17094017094017094
50 37 42 0.0 0.0 53.0 0.0 1270.0 13.0 4.0 0.4232164449818621
50 37 43 0.0 0.0 227.0 0.0 4786.0 15.0 212.0 0.20005715918833952
50 37 44 0.0 0.0 240.0 0.0 5668.0 15.0 434.0 0.177260065839453
50 37 45 0.0 0.0 6.0 0.0 211.0 3.0 0.0 0.6323396567299006
50 37 46 0.0 0.0 6.0 0.0 194.0 2.0 0.0 0.6369426751592355
50 37 47 0.0 0.0 0.0 0.0 5.0 0.0 0.0 0.6982543640897755
50 38 34 0.0 0.0 0.0 0.0 2.0 0.0 0.0 0.6993006993006992
50 38 35 0.0 0.0 5.0 0.0 70.0 1.0 0.0 0.6753497346840327
50 38 36 0.0 0.0 15.0 0.0 253.0 4.0 1.0 0.6183745583038868
50 38 37 0.0 0.0 6.0 0.0 227.0 4.0 0.0 0.6280843427545983
50 38 38 0.0 0.0 145.0 0.0 2743.0 16.0 35.0 0.28729735276010665
50 38 39 0.0 0.0 304.0 0.0 6730.0 26.0 606.0 0.1553484243231247
50 38 40 0.0 0.0 626.0 0.0 10584.0 34.0 2813.0 0.10613296944886665
50 38 41 0.0 0.0 145.0 0.0 3354.0 17.0 100.0 0.2553346708006565
50 38 42 0.0 0.0 111.0 0.0 2579.0 12.0 45.0 0.29933718195424414
50 38 43 0.0 0.0 114.0 0.0 2729.0 15.0 49.0 0.28991509629322837
50 38 44 0.0 0.0 200.0 0.0 4740.0 26.0 236.0 0.20245842371655817
50 38 45 0.0 0.0 90.0 0.0 1799.0 13.0 18.0 0.36119711042311653
50 38 46 0.0 0.0 30.0 0.0 789.0 7.0 2.0 0.4978662873399715
50 38 47 0.0 0.0 0.0 0.0 7.0 0.0 0.0 0.6975585450921773
50 39 34 0.0 0.0 0.0 0.0 4.0 0.0 0.0 0.6986027944111775
50 39 35 0.0 0.0 2.0 0.0 21.0 0.0 0.0 0.6923837784371908
50 39 36 0.0 0.0 4.0 0.0 105.0 1.0 0.0 0.6641366223908918
50 39 37 0.0 0.0 16.0 0.0 291.0 4.0 0.0 0.60790273556231
50 39 38 0.0 0.0 155.0 0.0 2884.0 20.0 58.0 0.2789956157831805
50 39 39 0.0 0.0 159.0 0.0 3770.0 12.0 121.0 0.23656640757012498
50 39 40 0.0 0.0 94.0 0.0 2319.0 18.0 40.0 0.3183265120509322
50 39 41 0.0 0.0 88.0 0.0 2153.0 14.0 22.0 0.33128253667770935
50 39 42 0.0 0.0 44.0 0.0 1226.0 6.0 3.0 0.4290530186944529
50 39 43 0.0 0.0 257.0 0.0 5691.0 24.0 330.0 0.1765893037336024
50 39 44 0.0 0.0 452.0 0.0 9107.0 36.0 1823.0 0.12134870416919476
50 39 45 0.0 0.0 6.0 0.0 338.0 1.0 1.0 0.5975245411865129
50 39 46 0.0 0.0 43.0 0.0 912.0 11.0 5.0 0.4755434782608695
50 39 47 0.0 0.0 0.0 0.0 4.0 0.0 0.0 0.6986027944111775
50 40 34 0.0 0.0 0.0 0.0 7.0 0.0 0.0 0.6975585450921773
50 40 35 0.0 0.0 0.0 0.0 14.0 0.0 0.0 0.6951340615690167
50 40 36 0.0 0.0 4.0 0.0 114.0 3.0 0.0 0.6619385342789597
50 40 37 0.0 0.0 10.0 0.0 254.0 4.0 0.0 0.6194690265486725
50 40 38 0.0 0.0 94.0 0.0 1921.0 16.0 12.0 0.35008752188047004
50 40 39 0.0 0.0 109.0 0.0 2150.0 18.0 26.0 0.3301108229191228
50 40 40 0.0 0.0 120.0 0.0 2834.0 19.0 58.0 0.2836304700162074
50 40 41 0.0 0.0 0.0 0.0 129.0 0.0 1.0 0.6575857209957726
50 40 42 0.0 0.0 170.0 0.0 3951.0 14.0 124.0 0.22924512854101847
50 40 43 0.0 0.0 123.0 0.0 2964.0 25.0 55.0 0.2765705254839984
50 40 44 0.0 0.0 43.0 0.0 1189.0 10.0 10.0 0.4347826086956521
50 40 45 0.0 0.0 19.0 0.0 543.0 2.0 1.0 0.5468749999999999
50 40 46 0.0 0.0 30.0 0.0 581.0 4.0 0.0 0.5370157268891445
50 40 47 0.0 0.0 0.0 0.0 3.0 0.0 0.0 0.6989515726410384
50 41 34 0.0 0.0 0.0 0.0 11.0 0.0 0.0 0.6961710591745399
50 41 35 0.0 0.0 0.0 0.0 17.0 0.0 0.0 0.694100148735746
50 41 36 0.0 0.0 0.0 0.0 27.0 0.0 0.0 0.6906758756783422
50 41 37 0.0 0.0 3.0 0.0 66.0 0.0 0.0 0.6769825918762088
50 41 38 0.0 0.0 3.0 0.0 97.0 2.0 0.0 0.6676204101096804
50 41 39 0.0 0.0 3.0 0.0 136.0 0.0 0.0 0.6548175865294666
50 41 40 0.0 0.0 12.0 0.0 243.0 4.0 0.0 0.6222222222222221
50 41 41 0.0 0.0 41.0 0.0 1144.0 12.0 5.0 0.441222817522849
50 41 42 0.0 0.0 31.0 0.0 788.0 8.0 1.0 0.49804340092493765
50 41 43 0.0 0.0 55.0 0.0 1753.0 8.0 15.0 0.3684210526315789
50 41 44 0.0 0.0 9.0 0.0 205.0 2.0 0.0 0.6331976481230212
50 41 45 0.0 0.0 0.0 0.0 7.0 0.0 0.0 0.6975585450921773
50 41 46 0.0 0.0 0.0 0.0 10.0 0.0 0.0 0.6965174129353233
50 41 47 0.0 0.0 0.0 0.0 13.0 0.0 0.0 0.695479384003974
50 42 34 0.0 0.0 0.0 0.0 13.0 0.0 0.0 0.695479384003974
50 42 35 0.0 0.0 0.0 0.0 16.0 0.0 0.0 0.6944444444444444
50 42 36 0.0 0.0 4.0 0.0 87.0 2.0 0.0 0.6701771182383915
50 42 37 0.0 0.0 112.0 0.0 2757.0 14.0 67.0 0.288421920065925
50 42 38 0.0 0.0 21.0 0.0 554.0 4.0 2.0 0.5445352003111629
50 42 39 0.0 0.0 30.0 0.0 583.0 2.0 2.0 0.5361930294906165
50 42 40 0.0 0.0 33.0 0.0 601.0 10.0 2.0 0.5337399923751428
50 42 41 0.0 0.0 4.0 0.0 123.0 0.0 0.0 0.6585136406396989
50 42 42 0.0 0.0 3.0 0.0 64.0 1.0 0.0 0.6776379477250725
50 42 43 0.0 0.0 1.0 0.0 6.0 0.0 0.0 0.6975585450921773
50 42 44 0.0 0.0 0.0 0.0 5.0 0.0 0.0 0.6982543640897755
50 42 46 0.0 0.0 0.0 0.0 7.0 0.0 0.0 0.6975585450921773
50 42 47 0.0 0.0 0.0 0.0 1.0 0.0 0.0 0.6996501749125437
50 43 34 0.0 0.0 0.0 0.0 6.0 0.0 0.0 0.6979062811565303
50 43 35 0.0 0.0 3.0 0.0 75.0 1.0 0.0 0.6740491092922483
50 43 36 0.0 0.0 6.0 0.0 169.0 1.0 0.0 0.6439742410303587
50 43 37 0.0 0.0 0.0 0.0 39.0 0.0 0.0 0.6866110838646394
50 43 38 0.0 0.0 49.0 0.0 1036.0 6.0 8.0 0.4546930821695355
50 43 39 0.0 0.0 94.0 0.0 1983.0 18.0 22.0 0.3449125400344912
50 43 40 0.0 0.0 67.0 0.0 1557.0 9.0 11.0 0.3872752420470262
50 43 41 0.0 0.0 0.0 0.0 86.0 0.0 0.0 0.6711409395973154
50 43 42 0.0 0.0 1.0 0.0 23.0 0.0 0.0 0.6916996047430829
50 43 43 0.0 0.0 0.0 0.0 4.0 0.0 0.0 0.6986027944111775
50 43 47 0.0 0.0 0.0 0.0 1.0 0.0 0.0 0.6996501749125437
50 44 34 0.0 0.0 1.0 0.0 20.0 1.0 0.0 0.6930693069306929
50 44 35 0.0 0.0 9.0 0.0 121.0 4.0 0.0 0.6585136406396989
50 44 36 0.0 0.0 2.0 0.0 38.0 0.0 0.0 0.6862745098039215
50 44 37 0.0 0.0 8.0 0.0 230.0 5.0 0.0 0.6272401433691756
50 44 38 0.0 0.0 16.0 0.0 430.0 9.0 1.0 0.5744768157570782
50 44 39 0.0 0.0 4.0 0.0 152.0 2.0 0.0 0.649953574744661
50 44 40 0.0 0.0 2.0 0.0 93.0 0.0 0.0 0.6685768863419292
50 44 41 0.0 0.0 10.0 0.0 249.0 5.0 0.0 0.6211180124223601
50 44 42 0.0 0.0 4.0 0.0 75.0 1.0 0.0 0.6737247353224253
50 45 35 0.0 0.0 0.0 0.0 2.0 0.0 0.0 0.6993006993006992
50 45 36 0.0 0.0 0.0 0.0 17.0 1.0 0.0 0.6944444444444444
50 45 37 0.0 0.0 1.0 0.0 26.0 0.0 0.0 0.6906758756783422
50 45 38 0.0 0.0 23.0 0.0 395.0 2.0 0.0 0.579950289975145
50 45 39 0.0 0.0 2.0 0.0 125.0 1.0 0.0 0.6588235294117646
50 45 40 0.0 0.0 41.0 0.0 1096.0 8.0 6.0 0.44728434504792325
50 45 41 0.0 0.0 0.0 0.0 24.0 0.0 0.0 0.6920415224913494
50 45 42 0.0 0.0 0.0 0.0 3.0 0.0 0.0 0.6989515726410384
50 45 43 0.0 0.0 0.0 0.0 1.0 0.0 0.0 0.6996501749125437
50 45 44 0.0 0.0 0.0 0.0 1.0 0.0 0.0 0.6996501749125437
50 46 35 0.0 0.0 0.0 0.0 2.0 0.0 0.0 0.6993006993006992
50 46 36 0.0 0.0 0.0 0.0 2.0 0.0 0.0 0.6993006993006992
50 46 37 0.0 0.0 20.0 0.0 441.0 7.0 1.0 0.5704971475142624
50 46 38 0.0 0.0 0.0 0.0 18.0 0.0 0.0 0.6937561942517343
50 46 39 0.0 0.0 2.0 0.0 90.0 1.0 0.0 0.669536107125777
50 46 40 0.0 0.0 0.0 0.0 7.0 0.0 0.0 0.6975585450921773
50 46 41 0.0 0.0 5.0 0.0 82.0 2.0 0.0 0.6714628297362109
50 47 36 0.0 0.0 0.0 0.0 1.0 0.0 0.0 0.6996501749125437
50 47 37 0.0 0.0 0.0 0.0 1.0 0.0 0.0 0.6996501749125437
50 47 38 0.0 0.0 0.0 0.0 4.0 0.0 0.0 0.6986027944111775
50 47 39 0.0 0.0 1.0 0.0 18.0 1.0 0.0 0.6937561942517343
50 47 41 0.0 0.0 1.0 0.0 9.0 0.0 0.0 0.6965174129353233
50 47 42 0.0 0.0 0.0 0.0 1.0 0.0 0.0 0.6996501749125437
50 48 37 0.0 0.0 0.0 0.0 2.0 0.0 0.0 0.6993006993006992
50 48 38 0.0 0.0 0.0 0.0 2.0 0.0 0.0 0.6993006993006992
50 48 39 0.0 0.0 0.0 0.0 2.0 0.0 0.0 0.6993006993006992
50 48 40 0.0 0.0 0.0 0.0 1.0 0.0 0.0 0.6996501749125437
50 49 38 0.0 0.0 0.0 0.0 1.0 0.0 0.0 0.6996501749125437
50 49 39 0.0 0.0 3.0 0.0 44.0 1.0 0.0 0.6842619745845552
51 33 39 0.0 0.0 0.0 0.0 5.0 0.0 0.0 0.6982543640897755
51 33 40 0.0 0.0 11.0 0.0 267.0 1.0 0.0 0.6148440931049626
51 33 43 0.0 0.0 0.0 0.0 1.0 0.0 0.0 0.6996501749125437
51 34 41 0.0 0.0 0.0 0.0 4.0 1.0 0.0 0.6989515726410384
51 35 37 0.0 0.0 0.0 0.0 1.0 0.0 0.0 0.6996501749125437
51 35 38 0.0 0.0 0.0 0.0 1.0 0.0 0.0 0.6996501749125437
51 35 39 0.0 0.0 0.0 0.0 8.0 0.0 0.0 0.697211155378486
51 35 40 0.0 0.0 1.0 0.0 8.0 1.0 0.0 0.6975585450921773
51 35 41 0.0 0.0 0.0 0.0 8.0 0.0 0.0 0.6975585450921773
51 35 42 0.0 0.0 0.0 0.0 1.0 0.0 0.0 0.6996501749125437
51 35 43 0.0 0.0 1.0 0.0 8.0 1.0 0.0 0.697211155378486
51 35 44 0.0 0.0 0.0 0.0 2.0 0.0 0.0 0.6993006993006992
51 36 37 0.0 0.0 0.0 0.0 1.0 0.0 0.0 0.6996501749125437
51 36 39 0.0 0.0 0.0 0.0 6.0 0.0 0.0 0.6979062811565303
51 36 40 0.0 0.0 2.0 0.0 37.0 1.0 0.0 0.6872852233676975
51 36 41 0.0 0.0 0.0 0.0 17.0 0.0 0.0 0.694100148735746
51 36 42 0.0 0.0 0.0 0.0 8.0 0.0 0.0 0.697211155378486
51 36 43 0.0 0.0 1.0 0.0 16.0 0.0 0.0 0.6944444444444444
51 36 44 0.0 0.0 32.0 0.0 536.0 8.0 0.0 0.5468749999999999
51 36 45 0.0 0.0 0.0 0.0 15.0 0.0 0.0 0.694789081885856
51 37 37 0.0 0.0 0.0 0.0 1.0 0.0 0.0 0.6996501749125437
51 37 38 0.0 0.0 0.0 0.0 7.0 0.0 0.0 0.6975585450921773
51 37 39 0.0 0.0 0.0 0.0 57.0 0.0 0.0 0.6806028196402526
51 37 40 0.0 0.0 4.0 0.0 249.0 2.0 1.0 0.6219458018658373
51 37 41 0.0 0.0 1.0 0.0 75.0 0.0 0.0 0.6743737957610789
51 37 42 0.0 0.0 0.0 0.0 30.0 0.0 0.0 0.689655172413793
51 37 43 0.0 0.0 0.0 0.0 31.0 1.0 0.0 0.689655172413793
51 37 44 0.0 0.0 0.0 0.0 34.0 0.0 0.0 0.6882989183874139
51 37 45 0.0 0.0 0.0 0.0 19.0 0.0 0.0 0.6934125804853887
51 38 37 0.0 0.0 0.0 0.0 3.0 0.0 0.0 0.6989515726410384
51 38 38 0.0 0.0 0.0 0.0 8.0 0.0 0.0 0.697211155378486
51 38 39 0.0 0.0 10.0 0.0 361.0 5.0 0.0 0.5917159763313609
51 38 40 0.0 0.0 3.0 0.0 166.0 2.0 0.0 0.646054453161052
51 38 41 0.0 0.0 122.0 0.0 2837.0 12.0 54.0 0.2829997978572872
51 38 42 0.0 0.0 8.0 0.0 95.0 2.0 0.0 0.6663493574488338
51 38 43 0.0 0.0 5.0 0.0 88.0 0.0 0.0 0.6692160611854684
51 38 44 0.0 0.0 0.0 0.0 69.0 0.0 0.0 0.6766553890768486
51 38 45 0.0 0.0 1.0 0.0 41.0 0.0 0.0 0.6856023506366307
51 39 37 0.0 0.0 0.0 0.0 6.0 0.0 0.0 0.6979062811565303
51 39 38 0.0 0.0 2.0 0.0 44.0 1.0 0.0 0.6845965770171147
51 39 39 0.0 0.0 1.0 0.0 48.0 0.0 0.0 0.6832601268911663
51 39 40 0.0 0.0 76.0 0.0 1473.0 22.0 8.0 0.39705048213272826
51 39 41 0.0 0.0 42.0 0.0 1056.0 7.0 4.0 0.45292785506308625
51 39 42 0.0 0.0 0.0 0.0 20.0 0.0 0.0 0.6930693069306929
51 39 43 0.0 0.0 20.0 0.0 342.0 6.0 0.0 0.5944798301486198
51 39 44 0.0 0.0 3.0 0.0 80.0 1.0 0.0 0.6724303554274734
51 39 45 0.0 0.0 65.0 0.0 1470.0 7.0 8.0 0.3968253968253968
51 40 37 0.0 0.0 0.0 0.0 1.0 0.0 0.0 0.6996501749125437
51 40 38 0.0 0.0 0.0 0.0 1.0 0.0 0.0 0.6996501749125437
51 40 39 0.0 0.0 1.0 0.0 6.0 0.0 0.0 0.6975585450921773
51 40 40 0.0 0.0 0.0 0.0 5.0 0.0 0.0 0.6982543640897755
51 40 41 0.0 0.0 0.0 0.0 8.0 0.0 0.0 0.6975585450921773
51 40 42 0.0 0.0 0.0 0.0 10.0 0.0 0.0 0.6965174129353233
51 40 43 0.0 0.0 1.0 0.0 80.0 1.0 0.0 0.6730769230769229
51 40 44 0.0 0.0 53.0 0.0 1041.0 9.0 0.0 0.4538087520259319
51 40 45 0.0 0.0 0.0 0.0 17.0 0.0 0.0 0.694100148735746
51 41 39 0.0 0.0 0.0 0.0 1.0 0.0 0.0 0.6996501749125437
51 41 40 0.0 0.0 0.0 0.0 7.0 0.0 0.0 0.6975585450921773
51 41 41 0.0 0.0 0.0 0.0 2.0 0.0 0.0 0.6993006993006992
51 41 42 0.0 0.0 0.0 0.0 4.0 0.0 0.0 0.6986027944111775
51 41 43 0.0 0.0 0.0 0.0 5.0 0.0 0.0 0.6982543640897755
51 41 44 0.0 0.0 0.0 0.0 3.0 0.0 0.0 0.6989515726410384
51 42 41 0.0 0.0 0.0 0.0 1.0 0.0 0.0 0.6996501749125437
51 43 37 0.0 0.0 0.0 0.0 3.0 0.0 0.0 0.6989515726410384
51 43 38 0.0 0.0 1.0 0.0 10.0 1.0 0.0 0.6965174129353233
51 44 37 0.0 0.0 0.0 0.0 1.0 0.0 0.0 0.6996501749125437
51 44 40 0.0 0.0 0.0 0.0 4.0 1.0 0.0 0.6989515726410384
51 44 41 0.0 0.0 0.0 0.0 1.0 0.0 0.0 0.6996501749125437
51 45 39 0.0 0.0 0.0 0.0 1.0 0.0 0.0 0.6996501749125437
51 45 41 0.0 0.0 0.0 0.0 1.0 0.0 0.0 0.6996501749125437
52 38 40 0.0 0.0 0.0 0.0 2.0 0.0 0.0 0.6993006993006992
52 38 41 0.0 0.0 0.0 0.0 3.0 0.0 0.0 0.6989515726410384
52 38 42 0.0 0.0 0.0 0.0 3.0 0.0 0.0 0.6989515726410384
52 38 45 0.0 0.0 0.0 0.0 2.0 0.0 0.0 0.6993006993006992
52 39 40 0.0 0.0 4.0 0.0 80.0 1.0 0.0 0.6721075372059528
52 39 41 0.0 0.0 0.0 0.0 2.0 0.0 0.0 0.6993006993006992
52 39 42 0.0 0.0 0.0 0.0 5.0 0.0 0.0 0.6982543640897755
52 39 43 0.0 0.0 0.0 0.0 1.0 0.0 0.0 0.6996501749125437
52 40 40 0.0 0.0 0.0 0.0 2.0 0.0 0.0 0.6993006993006992
52 40 44 0.0 0.0 1.0 0.0 13.0 0.0 0.0 0.6951340615690167
52 40 46 0.0 0.0 0.0 0.0 1.0 0.0 0.0 0.6996501749125437
