28 39 36 0.0 0.0 0.0 0.0 3.0 0.0 0.0 0.6989515726410384
28 39 38 0.0 0.0 0.0 0.0 2.0 0.0 0.0 0.6993006993006992
28 40 36 0.0 0.0 0.0 0.0 2.0 0.0 0.0 0.6993006993006992
28 40 37 0.0 0.0 0.0 0.0 4.0 0.0 0.0 0.6986027944111775
28 40 40 0.0 0.0 0.0 0.0 1.0 0.0 0.0 0.6996501749125437
28 41 37 0.0 0.0 0.0 0.0 1.0 0.0 0.0 0.6996501749125437
28 41 38 0.0 0.0 0.0 0.0 1.0 0.0 0.0 0.6996501749125437
28 42 37 0.0 0.0 0.0 0.0 2.0 0.0 0.0 0.6993006993006992
28 42 42 0.0 0.0 0.0 0.0 1.0 0.0 0.0 0.6996501749125437
28 44 37 0.0 0.0 0.0 0.0 2.0 0.0 0.0 0.6993006993006992
28 46 42 0.0 0.0 0.0 0.0 2.0 0.0 0.0 0.6993006993006992
29 35 38 0.0 0.0 0.0 0.0 2.0 0.0 0.0 0.6993006993006992
29 35 39 0.0 0.0 0.0 0.0 1.0 0.0 0.0 0.6996501749125437
29 35 41 0.0 0.0 0.0 0.0 1.0 0.0 0.0 0.6996501749125437
29 35 42 0.0 0.0 0.0 0.0 3.0 0.0 0.0 0.6989515726410384
29 36 34 0.0 0.0 0.0 0.0 2.0 0.0 0.0 0.6993006993006992
29 36 37 0.0 0.0 0.0 0.0 1.0 0.0 0.0 0.6996501749125437
29 36 38 0.0 0.0 0.0 0.0 4.0 0.0 0.0 0.6986027944111775
29 37 34 0.0 0.0 0.0 0.0 1.0 0.0 0.0 0.6996501749125437
29 37 35 0.0 0.0 0.0 0.0 1.0 0.0 0.0 0.6996501749125437
29 37 36 0.0 0.0 0.0 0.0 13.0 0.0 0.0 0.695479384003974
29 37 37 0.0 0.0 0.0 0.0 15.0 0.0 0.0 0.694789081885856
29 37 38 0.0 0.0 2.0 0.0 18.0 1.0 0.0 0.6934125804853887
29 37 39 0.0 0.0 0.0 0.0 3.0 0.0 0.0 0.6989515726410384
29 37 40 0.0 0.0 0.0 0.0 2.0 0.0 0.0 0.6993006993006992
29 37 42 0.0 0.0 0.0 0.0 1.0 0.0 0.0 0.6996501749125437
29 38 33 0.0 0.0 0.0 0.0 1.0 0.0 0.0 0.6996501749125437
29 38 34 0.0 0.0 0.0 0.0 3.0 0.0 0.0 0.6989515726410384
29 38 35 0.0 0.0 0.0 0.0 3.0 0.0 0.0 0.6989515726410384
29 38 36 0.0 0.0 1.0 0.0 20.0 0.0 0.0 0.6927263730826323
29 38 37 0.0 0.0 0.0 0.0 30.0 0.0 0.0 0.689655172413793
29 38 38 0.0 0.0 0.0 0.0 13.0 0.0 0.0 0.695479384003974
29 38 39 0.0 0.0 6.0 0.0 88.0 2.0 0.0 0.6692160611854684
29 38 40 0.0 0.0 1.0 0.0 36.0 1.0 0.0 0.6879606879606879
29 38 41 0.0 0.0 0.0 0.0 15.0 0.0 0.0 0.694789081885856
29 39 35 0.0 0.0 0.0 0.0 4.0 0.0 0.0 0.6986027944111775
29 39 36 0.0 0.0 6.0 0.0 113.0 0.0 0.0 0.6610009442870631
29 39 37 0.0 0.0 13.0 0.0 238.0 5.0 0.0 0.6233303650934995
29 39 38 0.0 0.0 0.0 0.0 49.0 0.0 0.0 0.6832601268911663
29 39 39 0.0 0.0 0.0 0.0 70.0 0.0 0.0 0.6763285024154588
29 39 40 0.0 0.0 0.0 0.0 68.0 1.0 0.0 0.6773101112723753
29 39 41 0.0 0.0 2.0 0.0 102.0 0.0 1.0 0.6653992395437262
29 39 42 0.0 0.0 0.0 0.0 9.0 0.0 0.0 0.6968641114982577
29 39 43 0.0 0.0 0.0 0.0 1.0 0.0 0.0 0.6996501749125437
29 40 34 0.0 0.0 0.0 0.0 3.0 0.0 0.0 0.6989515726410384
29 40 35 0.0 0.0 0.0 0.0 8.0 0.0 0.0 0.697211155378486
29 40 36 0.0 0.0 0.0 0.0 21.0 0.0 0.0 0.6930693069306929
29 40 37 0.0 0.0 139.0 0.0 3349.0 17.0 88.0 0.2558947176019009
29 40 38 0.0 0.0 5.0 0.0 190.0 3.0 0.0 0.6386861313868613
29 40 39 0.0 0.0 3.0 0.0 98.0 0.0 0.0 0.6663493574488338
29 40 40 0.0 0.0 69.0 0.0 1621.0 9.0 17.0 0.3804347826086956
29 40 41 0.0 0.0 6.0 0.0 81.0 4.0 0.0 0.6727534839019701
29 40 42 0.0 0.0 0.0 0.0 9.0 0.0 0.0 0.6968641114982577
29 40 43 0.0 0.0 0.0 0.0 2.0 0.0 0.0 0.6993006993006992
29 41 35 0.0 0.0 0.0 0.0 2.0 0.0 0.0 0.6993006993006992
29 41 36 0.0 0.0 3.0 0.0 26.0 0.0 0.0 0.690335305719921
29 41 37 0.0 0.0 0.0 0.0 39.0 0.0 0.0 0.6866110838646394
29 41 38 0.0 0.0 12.0 0.0 337.0 4.0 0.0 0.5970149253731343
29 41 39 0.0 0.0 6.0 0.0 219.0 3.0 0.0 0.6303466906798738
29 41 40 0.0 0.0 1.0 0.0 72.0 0.0 0.0 0.6756756756756755
29 41 41 0.0 0.0 39.0 0.0 682.0 8.0 2.0 0.5162241887905604
29 41 42 0.0 0.0 0.0 0.0 11.0 0.0 0.0 0.6961710591745399
29 42 35 0.0 0.0 6.0 0.0 76.0 3.0 0.0 0.6734006734006733
29 42 36 0.0 0.0 2.0 0.0 56.0 1.0 0.0 0.6809338521400777
29 42 37 0.0 0.0 20.0 0.0 462.0 6.0 1.0 0.5654281098546041
29 42 38 0.0 0.0 11.0 0.0 241.0 2.0 0.0 0.6222222222222221
29 42 39 0.0 0.0 10.0 0.0 301.0 4.0 0.0 0.6073752711496745
29 42 40 0.0 0.0 3.0 0.0 131.0 1.0 0.0 0.6563525550867322
29 42 41 0.0 0.0 2.0 0.0 65.0 2.0 0.0 0.6779661016949151
29 42 42 0.0 0.0 0.0 0.0 11.0 0.0 0.0 0.6961710591745399
29 42 43 0.0 0.0 0.0 0.0 4.0 0.0 0.0 0.6986027944111775
29 42 44 0.0 0.0 0.0 0.0 1.0 0.0 0.0 0.6996501749125437
29 43 35 0.0 0.0 2.0 0.0 28.0 0.0 0.0 0.689655172413793
29 43 36 0.0 0.0 24.0 0.0 501.0 9.0 0.0 0.5564387917329093
29 43 37 0.0 0.0 35.0 0.0 645.0 10.0 1.0 0.5243445692883895
29 43 38 0.0 0.0 2.0 0.0 67.0 1.0 0.0 0.6769825918762088
29 43 39 0.0 0.0 28.0 0.0 800.0 5.0 4.0 0.4961020552799432
29 43 40 0.0 0.0 29.0 0.0 724.0 8.0 0.0 0.510204081632653
29 43 41 0.0 0.0 35.0 0.0 482.0 8.0 1.0 0.557991231566361
29 43 42 0.0 0.0 0.0 0.0 10.0 0.0 0.0 0.6965174129353233
29 43 43 0.0 0.0 0.0 0.0 1.0 0.0 0.0 0.6996501749125437
29 43 44 0.0 0.0 0.0 0.0 1.0 0.0 0.0 0.6996501749125437
29 44 34 0.0 0.0 0.0 0.0 1.0 0.0 0.0 0.6996501749125437
29 44 35 0.0 0.0 0.0 0.0 6.0 0.0 0.0 0.6979062811565303
29 44 36 0.0 0.0 3.0 0.0 79.0 2.0 0.0 0.6730769230769229
29 44 37 0.0 0.0 1.0 0.0 40.0 1.0 0.0 0.6862745098039215
29 44 38 0.0 0.0 0.0 0.0 47.0 0.0 0.0 0.6842619745845552
29 44 39 0.0 0.0 9.0 0.0 298.0 4.0 0.0 0.60790273556231
29 44 40 0.0 0.0 6.0 0.0 207.0 3.0 0.0 0.6334841628959276
29 44 41 0.0 0.0 1.0 0.0 64.0 0.0 0.0 0.6779661016949151
29 44 42 0.0 0.0 0.0 0.0 13.0 0.0 0.0 0.695479384003974
29 44 44 0.0 0.0 0.0 0.0 1.0 0.0 0.0 0.6996501749125437
29 45 35 0.0 0.0 0.0 0.0 2.0 0.0 0.0 0.6993006993006992
29 45 37 0.0 0.0 0.0 0.0 17.0 0.0 0.0 0.6944444444444444
29 45 38 0.0 0.0 18.0 0.0 417.0 9.0 0.0 0.5770816158285242
29 45 39 0.0 0.0 36.0 0.0 807.0 7.0 1.0 0.4936530324400563
29 45 40 0.0 0.0 1.0 0.0 62.0 0.0 0.0 0.6786233640329616
29 45 41 0.0 0.0 0.0 0.0 29.0 0.0 0.0 0.6899950714637751
29 45 42 0.0 0.0 8.0 0.0 103.0 2.0 0.0 0.6638217164532954
29 45 43 0.0 0.0 0.0 0.0 1.0 0.0 0.0 0.6996501749125437
29 45 44 0.0 0.0 0.0 0.0 2.0 0.0 0.0 0.6993006993006992
29 46 37 0.0 0.0 2.0 0.0 30.0 0.0 0.0 0.6889763779527558
29 46 38 0.0 0.0 0.0 0.0 11.0 0.0 0.0 0.6961710591745399
29 46 39 0.0 0.0 3.0 0.0 69.0 2.0 0.0 0.6763285024154588
29 46 40 0.0 0.0 0.0 0.0 29.0 0.0 0.0 0.6899950714637751
29 46 41 0.0 0.0 7.0 0.0 147.0 0.0 0.0 0.649953574744661
29 46 42 0.0 0.0 0.0 0.0 2.0 0.0 0.0 0.6993006993006992
29 47 37 0.0 0.0 0.0 0.0 1.0 0.0 0.0 0.6996501749125437
29 47 40 0.0 0.0 0.0 0.0 4.0 0.0 0.0 0.6986027944111775
30 33 39 0.0 0.0 0.0 0.0 3.0 0.0 0.0 0.6989515726410384
30 34 37 0.0 0.0 0.0 0.0 4.0 0.0 0.0 0.6986027944111775
30 34 38 0.0 0.0 0.0 0.0 18.0 0.0 0.0 0.6937561942517343
30 34 39 0.0 0.0 1.0 0.0 30.0 0.0 0.0 0.6893156080748399
30 34 40 0.0 0.0 1.0 0.0 13.0 0.0 0.0 0.6951340615690167
30 34 41 0.0 0.0 1.0 0.0 14.0 0.0 0.0 0.694789081885856
30 34 42 0.0 0.0 0.0 0.0 13.0 0.0 0.0 0.695479384003974
30 35 34 0.0 0.0 6.0 0.0 164.0 5.0 0.0 0.6466512702078521
30 35 35 0.0 0.0 0.0 0.0 18.0 0.0 0.0 0.6937561942517343
30 35 36 0.0 0.0 0.0 0.0 17.0 0.0 0.0 0.694100148735746
30 35 37 0.0 0.0 0.0 0.0 10.0 0.0 0.0 0.6965174129353233
30 35 38 0.0 0.0 0.0 0.0 15.0 0.0 0.0 0.694789081885856
30 35 39 0.0 0.0 2.0 0.0 88.0 1.0 0.0 0.6701771182383915
30 35 40 0.0 0.0 3.0 0.0 215.0 0.0 0.0 0.6311992786293958
30 35 41 0.0 0.0 17.0 0.0 401.0 4.0 1.0 0.579950289975145
30 35 42 0.0 0.0 0.0 0.0 18.0 0.0 0.0 0.6937561942517343
30 35 43 0.0 0.0 0.0 0.0 4.0 0.0 0.0 0.6986027944111775
30 35 44 0.0 0.0 0.0 0.0 3.0 0.0 0.0 0.6989515726410384
30 36 33 0.0 0.0 0.0 0.0 8.0 0.0 0.0 0.697211155378486
30 36 34 0.0 0.0 7.0 0.0 101.0 0.0 0.0 0.6641366223908918
30 36 35 0.0 0.0 12.0 0.0 258.0 2.0 0.0 0.6172839506172839
30 36 36 0.0 0.0 3.0 0.0 116.0 0.0 0.0 0.6606890042472864
30 36 37 0.0 0.0 10.0 0.0 346.0 3.0 0.0 0.5949851253718657
30 36 38 0.0 0.0 129.0 0.0 2679.0 16.0 41.0 0.2921535893155258
30 36 39 0.0 0.0 3.0 0.0 104.0 1.0 0.0 0.664767331433998
30 36 40 0.0 0.0 13.0 0.0 326.0 3.0 0.0 0.5993150684931505
30 36 41 0.0 0.0 34.0 0.0 933.0 4.0 4.0 0.4724940938238271
30 36 42 0.0 0.0 0.0 0.0 35.0 0.0 0.0 0.6879606879606879
30 36 43 0.0 0.0 0.0 0.0 4.0 0.0 0.0 0.6986027944111775
30 37 32 0.0 0.0 0.0 0.0 1.0 0.0 0.0 0.6996501749125437
30 37 33 0.0 0.0 0.0 0.0 16.0 0.0 0.0 0.6944444444444444
30 37 34 0.0 0.0 4.0 0.0 130.0 2.0 0.0 0.6566604127579737
30 37 35 0.0 0.0 54.0 0.0 1482.0 11.0 9.0 0.3971631205673758
30 37 36 0.0 0.0 62.0 0.0 1553.0 8.0 16.0 0.38802660753880264
30 37 37 0.0 0.0 72.0 0.0 1378.0 9.0 12.0 0.4070950857807502
30 37 38 0.0 0.0 2.0 0.0 195.0 0.0 0.0 0.6375227686703095
30 37 39 0.0 0.0 4.0 0.0 163.0 0.0 0.0 0.646054453161052
30 37 40 0.0 0.0 1.0 0.0 91.0 1.0 0.0 0.669536107125777
30 37 41 0.0 0.0 1.0 0.0 60.0 0.0 0.0 0.6792819019893255
30 37 42 0.0 0.0 9.0 0.0 167.0 4.0 0.0 0.6445672191528544
30 37 43 0.0 0.0 0.0 0.0 9.0 0.0 0.0 0.6968641114982577
30 37 44 0.0 0.0 0.0 0.0 6.0 0.0 0.0 0.6982543640897755
30 37 46 0.0 0.0 0.0 0.0 1.0 0.0 0.0 0.6996501749125437
30 37 47 0.0 0.0 0.0 0.0 1.0 0.0 0.0 0.6996501749125437
30 38 32 0.0 0.0 0.0 0.0 2.0 0.0 0.0 0.6993006993006992
30 38 33 0.0 0.0 46.0 0.0 1047.0 12.0 3.0 0.454397922752353
30 38 34 0.0 0.0 0.0 0.0 73.0 0.0 0.0 0.6753497346840327
30 38 35 0.0 0.0 157.0 0.0 3451.0 21.0 85.0 0.2504920379316515
30 38 36 0.0 0.0 134.0 0.0 3057.0 12.0 77.0 0.27037466203167243
30 38 37 0.0 0.0 199.0 0.0 4820.0 17.0 246.0 0.19977168949771684
30 38 38 0.0 0.0 92.0 0.0 2161.0 8.0 35.0 0.32979976442873965
30 38 39 0.0 0.0 130.0 0.0 3229.0 15.0 75.0 0.2619270346117867
30 38 40 0.0 0.0 23.0 0.0 716.0 7.0 3.0 0.5124450951683748
30 38 41 0.0 0.0 19.0 0.0 394.0 4.0 0.0 0.58115400581154
30 38 42 0.0 0.0 7.0 0.0 139.0 2.0 0.0 0.6529850746268656
30 38 43 0.0 0.0 8.0 0.0 160.0 3.0 0.0 0.6466512702078521
30 38 44 0.0 0.0 0.0 0.0 20.0 0.0 0.0 0.6930693069306929
30 38 45 0.0 0.0 6.0 0.0 193.0 3.0 1.0 0.6375227686703095
30 38 46 0.0 0.0 0.0 0.0 4.0 0.0 0.0 0.6986027944111775
30 39 33 0.0 0.0 6.0 0.0 137.0 2.0 0.0 0.6539000467071461
30 39 34 0.0 0.0 24.0 0.0 515.0 3.0 1.0 0.5520504731861199
30 39 35 0.0 0.0 79.0 0.0 1892.0 10.0 27.0 0.3536246526900732
30 39 36 0.0 0.0 142.0 0.0 3297.0 21.0 58.0 0.2583025830258302
30 39 37 0.0 0.0 336.0 0.0 7141.0 20.0 712.0 0.1479133650290544
30 39 38 0.0 0.0 120.0 0.0 3214.0 16.0 103.0 0.2632073698063545
30 39 39 0.0 0.0 61.0 0.0 1692.0 12.0 20.0 0.374331550802139
30 39 40 0.0 0.0 425.0 0.0 8375.0 16.0 1266.0 0.12968967114404814
30 39 41 0.0 0.0 50.0 0.0 1430.0 11.0 7.0 0.40357451715191694
30 39 42 0.0 0.0 67.0 0.0 1300.0 9.0 5.0 0.4167907115212861
30 39 43 0.0 0.0 16.0 0.0 229.0 3.0 0.0 0.6244424620874218
30 39 44 0.0 0.0 4.0 0.0 87.0 2.0 0.0 0.6701771182383915
30 39 45 0.0 0.0 0.0 0.0 11.0 0.0 0.0 0.6965174129353233
30 39 46 0.0 0.0 0.0 0.0 1.0 0.0 0.0 0.6996501749125437
30 40 32 0.0 0.0 0.0 0.0 7.0 0.0 0.0 0.6975585450921773
30 40 33 0.0 0.0 0.0 0.0 19.0 0.0 0.0 0.6934125804853887
30 40 34 0.0 0.0 0.0 0.0 43.0 0.0 0.0 0.6852667645619186
30 40 35 0.0 0.0 47.0 0.0 830.0 6.0 5.0 0.487634970393591
30 40 36 0.0 0.0 195.0 0.0 4604.0 19.0 208.0 0.206520135713232
30 40 37 0.0 0.0 157.0 0.0 3808.0 10.0 114.0 0.2350965575146935
30 40 38 0.0 0.0 374.0 0.0 8115.0 29.0 1099.0 0.13380483608907578
30 40 39 0.0 0.0 157.0 0.0 3578.0 19.0 105.0 0.2449265220433869
30 40 40 0.0 0.0 458.0 0.0 8923.0 24.0 1415.0 0.12318521777386712
30 40 41 0.0 0.0 294.0 0.0 6241.0 21.0 498.0 0.16437712809674765
30 40 42 0.0 0.0 19.0 0.0 311.0 4.0 0.0 0.6021505376344085
30 40 43 0.0 0.0 85.0 0.0 1429.0 11.0 7.0 0.3995433789954337
30 40 44 0.0 0.0 15.0 0.0 357.0 6.0 0.0 0.5917159763313609
30 40 45 0.0 0.0 0.0 0.0 19.0 0.0 0.0 0.6934125804853887
30 40 46 0.0 0.0 0.0 0.0 8.0 0.0 0.0 0.697211155378486
30 41 32 0.0 0.0 0.0 0.0 4.0 0.0 0.0 0.6986027944111775
30 41 33 0.0 0.0 0.0 0.0 7.0 0.0 0.0 0.6975585450921773
30 41 34 0.0 0.0 21.0 0.0 392.0 5.0 1.0 0.5813953488372092
30 41 35 0.0 0.0 46.0 0.0 1079.0 16.0 5.0 0.4503055644901897
30 41 36 0.0 0.0 214.0 0.0 4284.0 27.0 122.0 0.21638330757341573
30 41 37 0.0 0.0 217.0 0.0 4725.0 13.0 238.0 0.20187454938716654
30 41 38 0.0 0.0 160.0 0.0 4082.0 19.0 174.0 0.22497187851518555
30 41 39 0.0 0.0 248.0 0.0 5436.0 21.0 310.0 0.182648401826484
30 41 40 0.0 0.0 251.0 0.0 5179.0 25.0 287.0 0.188959373734647
30 41 41 0.0 0.0 108.0 0.0 2676.0 21.0 49.0 0.29374737725556016
30 41 42 0.0 0.0 81.0 0.0 1875.0 12.0 23.0 0.3549695740365111
30 41 43 0.0 0.0 10.0 0.0 359.0 3.0 1.0 0.5924672027084215
30 41 44 0.0 0.0 0.0 0.0 33.0 0.0 0.0 0.6889763779527558
30 41 45 0.0 0.0 0.0 0.0 8.0 0.0 0.0 0.697211155378486
30 41 46 0.0 0.0 4.0 0.0 36.0 1.0 0.0 0.6866110838646394
30 41 47 0.0 0.0 2.0 0.0 27.0 1.0 0.0 0.690335305719921
30 42 34 0.0 0.0 0.0 0.0 14.0 0.0 0.0 0.6951340615690167
30 42 35 0.0 0.0 43.0 0.0 919.0 9.0 3.0 0.4740941415509651
30 42 36 0.0 0.0 104.0 0.0 2783.0 17.0 66.0 0.28753337440952964
30 42 37 0.0 0.0 198.0 0.0 4469.0 15.0 238.0 0.21039975954313192
30 42 38 0.0 0.0 300.0 0.0 6475.0 15.0 524.0 0.1597079625827059
30 42 39 0.0 0.0 278.0 0.0 6397.0 20.0 521.0 0.16162549064881088
30 42 40 0.0 0.0 360.0 0.0 8044.0 23.0 1184.0 0.13480982185844967
30 42 41 0.0 0.0 162.0 0.0 4045.0 19.0 141.0 0.22617124394184165
30 42 42 0.0 0.0 124.0 0.0 2558.0 10.0 39.0 0.29952931108258446
30 42 43 0.0 0.0 48.0 0.0 1265.0 5.0 7.0 0.42308854638863697
30 42 44 0.0 0.0 0.0 0.0 52.0 0.0 0.0 0.6822612085769979
30 42 45 0.0 0.0 0.0 0.0 20.0 0.0 0.0 0.6930693069306929
30 42 46 0.0 0.0 0.0 0.0 22.0 0.0 0.0 0.6923837784371908
30 42 47 0.0 0.0 0.0 0.0 13.0 1.0 0.0 0.6958250497017892
30 43 34 0.0 0.0 0.0 0.0 7.0 0.0 0.0 0.6979062811565303
30 43 35 0.0 0.0 100.0 0.0 2041.0 10.0 29.0 0.33873699491894504
30 43 36 0.0 0.0 340.0 0.0 7676.0 28.0 996.0 0.14007003501750873
30 43 37 0.0 0.0 42.0 0.0 1408.0 4.0 19.0 0.40650406504065034
30 43 38 0.0 0.0 120.0 0.0 2892.0 9.0 49.0 0.2798321007395563
30 43 39 0.0 0.0 463.0 0.0 8693.0 22.0 1344.0 0.12561686855091966
30 43 40 0.0 0.0 112.0 0.0 3005.0 15.0 73.0 0.2744021952175617
30 43 41 0.0 0.0 202.0 0.0 4607.0 15.0 208.0 0.2060035314891112
30 43 42 0.0 0.0 27.0 0.0 667.0 9.0 4.0 0.5216095380029805
30 43 43 0.0 0.0 62.0 0.0 1651.0 13.0 11.0 0.37858301784748505
30 43 44 0.0 0.0 4.0 0.0 187.0 1.0 0.0 0.639269406392694
30 43 45 0.0 0.0 1.0 0.0 83.0 0.0 0.0 0.6717850287907868
30 43 46 0.0 0.0 1.0 0.0 46.0 1.0 0.0 0.6842619745845552
30 43 47 0.0 0.0 0.0 0.0 8.0 0.0 0.0 0.697211155378486
30 44 33 0.0 0.0 0.0 0.0 1.0 0.0 0.0 0.6996501749125437
30 44 34 0.0 0.0 0.0 0.0 2.0 0.0 0.0 0.6993006993006992
30 44 35 0.0 0.0 0.0 0.0 25.0 0.0 0.0 0.6913580246913579
30 44 36 0.0 0.0 20.0 0.0 541.0 5.0 1.0 0.5477308294209702
30 44 37 0.0 0.0 114.0 0.0 2651.0 16.0 55.0 0.29473684210526313
30 44 38 0.0 0.0 336.0 0.0 7099.0 21.0 780.0 0.1486988847583643
30 44 39 0.0 0.0 108.0 0.0 3237.0 13.0 90.0 0.26256564141035255
30 44 40 0.0 0.0 332.0 0.0 7184.0 19.0 731.0 0.14739945251631922
30 44 41 0.0 0.0 266.0 0.0 6331.0 23.0 547.0 0.16324626865671638
30 44 42 0.0 0.0 33.0 0.0 935.0 7.0 1.0 0.4728132387706855
30 44 43 0.0 0.0 66.0 0.0 1863.0 15.0 21.0 0.3576903423607562
30 44 44 0.0 0.0 11.0 0.0 438.0 5.0 1.0 0.5728314238952537
30 44 45 0.0 0.0 0.0 0.0 51.0 1.0 0.0 0.6829268292682925
30 44 46 0.0 0.0 0.0 0.0 36.0 0.0 0.0 0.6879606879606879
30 44 47 0.0 0.0 0.0 0.0 9.0 0.0 0.0 0.6968641114982577
30 45 34 0.0 0.0 0.0 0.0 1.0 0.0 0.0 0.6996501749125437
30 45 35 0.0 0.0 0.0 0.0 11.0 0.0 0.0 0.6961710591745399
30 45 36 0.0 0.0 21.0 0.0 615.0 7.0 1.0 0.5325218714340052
30 45 37 0.0 0.0 66.0 0.0 1829.0 10.0 15.0 0.3602676273803396
30 45 38 0.0 0.0 221.0 0.0 5076.0 14.0 268.0 0.19225487503433122
30 45 39 0.0 0.0 318.0 0.0 7182.0 21.0 809.0 0.1476170392239561
30 45 40 0.0 0.0 223.0 0.0 5048.0 16.0 250.0 0.19289060347203085
30 45 41 0.0 0.0 156.0 0.0 3338.0 14.0 82.0 0.2554744525547445
30 45 42 0.0 0.0 57.0 0.0 1370.0 13.0 10.0 0.41007615700058575
30 45 43 0.0 0.0 3.0 0.0 85.0 0.0 0.0 0.6704980842911876
30 45 44 0.0 0.0 22.0 0.0 536.0 4.0 1.0 0.5483744614179396
30 45 45 0.0 0.0 1.0 0.0 31.0 1.0 0.0 0.6893156080748399
30 45 46 0.0 0.0 0.0 0.0 3.0 0.0 0.0 0.6989515726410384
30 45 47 0.0 0.0 0.0 0.0 1.0 0.0 0.0 0.6996501749125437
30 46 36 0.0 0.0 0.0 0.0 21.0 0.0 0.0 0.6927263730826323
30 46 37 0.0 0.0 32.0 0.0 914.0 6.0 1.0 0.47619047619047605
30 46 38 0.0 0.0 25.0 0.0 493.0 9.0 0.0 0.557991231566361
30 46 39 0.0 0.0 41.0 0.0 1348.0 10.0 13.0 0.41432376442734536
30 46 40 0.0 0.0 1.0 0.0 105.0 1.0 0.0 0.6653992395437262
30 46 41 0.0 0.0 3.0 0.0 120.0 0.0 0.0 0.6594441827602449
30 46 42 0.0 0.0 5.0 0.0 223.0 0.0 1.0 0.6283662477558347
30 46 43 0.0 0.0 1.0 0.0 42.0 1.0 0.0 0.6856023506366307
30 46 44 0.0 0.0 4.0 0.0 106.0 3.0 0.0 0.6644518272425248
30 46 45 0.0 0.0 3.0 0.0 50.0 2.0 0.0 0.68259385665529
30 46 46 0.0 0.0 0.0 0.0 3.0 0.0 0.0 0.6989515726410384
30 47 36 0.0 0.0 0.0 0.0 4.0 0.0 0.0 0.6986027944111775
30 47 37 0.0 0.0 0.0 0.0 7.0 0.0 0.0 0.6975585450921773
30 47 38 0.0 0.0 0.0 0.0 20.0 0.0 0.0 0.6930693069306929
30 47 39 0.0 0.0 5.0 0.0 158.0 1.0 1.0 0.6478482184173993
30 47 40 0.0 0.0 2.0 0.0 64.0 2.0 0.0 0.6782945736434108
30 47 41 0.0 0.0 0.0 0.0 19.0 0.0 0.0 0.6934125804853887
30 47 42 0.0 0.0 0.0 0.0 1.0 0.0 0.0 0.6996501749125437
30 47 43 0.0 0.0 0.0 0.0 6.0 0.0 0.0 0.6979062811565303
30 47 44 0.0 0.0 0.0 0.0 4.0 0.0 0.0 0.6986027944111775
30 48 36 0.0 0.0 0.0 0.0 1.0 0.0 0.0 0.6996501749125437
30 48 37 0.0 0.0 0.0 0.0 3.0 0.0 0.0 0.6989515726410384
30 48 38 0.0 0.0 0.0 0.0 3.0 0.0 0.0 0.6989515726410384
30 48 39 0.0 0.0 0.0 0.0 2.0 0.0 0.0 0.6993006993006992
30 48 40 0.0 0.0 0.0 0.0 1.0 0.0 0.0 0.6996501749125437
31 31 34 0.0 0.0 0.0 0.0 1.0 0.0 0.0 0.6996501749125437
31 31 36 0.0 0.0 0.0 0.0 1.0 0.0 0.0 0.6996501749125437
31 32 34 0.0 0.0 0.0 0.0 1.0 0.0 0.0 0.6996501749125437
31 32 36 0.0 0.0 0.0 0.0 1.0 0.0 0.0 0.6996501749125437
31 32 37 0.0 0.0 9.0 0.0 68.0 2.0 0.0 0.6746987951807227
31 32 38 0.0 0.0 0.0 0.0 1.0 0.0 0.0 0.6996501749125437
31 32 39 0.0 0.0 2.0 0.0 46.0 1.0 0.0 0.6839276990718123
31 32 40 0.0 0.0 0.0 0.0 8.0 0.0 0.0 0.697211155378486
31 32 41 0.0 0.0 0.0 0.0 11.0 0.0 0.0 0.6961710591745399
31 32 42 0.0 0.0 0.0 0.0 1.0 0.0 0.0 0.6996501749125437
31 33 36 0.0 0.0 0.0 0.0 1.0 0.0 0.0 0.6996501749125437
31 33 37 0.0 0.0 0.0 0.0 9.0 0.0 0.0 0.6968641114982577
31 33 38 0.0 0.0 0.0 0.0 11.0 1.0 0.0 0.6965174129353233
31 33 39 0.0 0.0 0.0 0.0 17.0 0.0 0.0 0.694100148735746
31 33 40 0.0 0.0 60.0 0.0 852.0 13.0 5.0 0.4827586206896551
31 33 41 0.0 0.0 15.0 0.0 276.0 2.0 0.0 0.6116207951070335
31 33 42 0.0 0.0 0.0 0.0 17.0 0.0 0.0 0.694100148735746
31 34 34 0.0 0.0 0.0 0.0 3.0 0.0 0.0 0.6989515726410384
31 34 35 0.0 0.0 0.0 0.0 26.0 0.0 0.0 0.6910167818361302
31 34 36 0.0 0.0 0.0 0.0 33.0 0.0 0.0 0.6886374815543531
31 34 37 0.0 0.0 24.0 0.0 647.0 8.0 1.0 0.525722868944799
31 34 38 0.0 0.0 3.0 0.0 100.0 0.0 0.0 0.6657156443176413
31 34 39 0.0 0.0 78.0 0.0 1523.0 12.0 8.0 0.38997214484679665
31 34 40 0.0 0.0 6.0 0.0 151.0 0.0 0.0 0.6493506493506492
31 34 41 0.0 0.0 13.0 0.0 196.0 2.0 0.0 0.6349206349206349
31 34 42 0.0 0.0 8.0 0.0 182.0 1.0 0.0 0.639561443581544
31 34 43 0.0 0.0 0.0 0.0 5.0 0.0 0.0 0.6982543640897755
31 34 44 0.0 0.0 5.0 0.0 45.0 1.0 0.0 0.6832601268911663
31 34 45 0.0 0.0 2.0 0.0 19.0 0.0 0.0 0.6927263730826323
31 34 46 0.0 0.0 0.0 0.0 3.0 0.0 0.0 0.6989515726410384
31 35 33 0.0 0.0 0.0 0.0 2.0 0.0 0.0 0.6993006993006992
31 35 34 0.0 0.0 1.0 0.0 80.0 2.0 0.0 0.6734006734006733
31 35 35 0.0 0.0 1.0 0.0 96.0 0.0 0.0 0.6676204101096804
31 35 36 0.0 0.0 9.0 0.0 233.0 1.0 0.0 0.6247211066488174
31 35 37 0.0 0.0 46.0 0.0 1009.0 10.0 1.0 0.4597701149425287
31 35 38 0.0 0.0 285.0 0.0 5899.0 20.0 404.0 0.17146356399265153
31 35 39 0.0 0.0 267.0 0.0 5807.0 23.0 349.0 0.1738266699776508
31 35 40 0.0 0.0 205.0 0.0 5025.0 18.0 308.0 0.19404019404019401
31 35 41 0.0 0.0 317.0 0.0 6675.0 16.0 538.0 0.15590200445434294
31 35 42 0.0 0.0 11.0 0.0 249.0 4.0 1.0 0.6205673758865247
31 35 43 0.0 0.0 70.0 0.0 1520.0 13.0 11.0 0.3912800447177193
31 35 44 0.0 0.0 31.0 0.0 631.0 5.0 1.0 0.5269100489273615
31 35 45 0.0 0.0 2.0 0.0 46.0 1.0 0.0 0.6839276990718123
31 35 46 0.0 0.0 1.0 0.0 24.0 0.0 0.0 0.6913580246913579
31 35 47 0.0 0.0 0.0 0.0 6.0 0.0 0.0 0.6979062811565303
31 36 32 0.0 0.0 0.0 0.0 2.0 0.0 0.0 0.6993006993006992
31 36 33 0.0 0.0 11.0 0.0 316.0 3.0 1.0 0.6024096385542168
31 36 34 0.0 0.0 42.0 0.0 1148.0 8.0 7.0 0.43983663210807405
31 36 35 0.0 0.0 299.0 0.0 6818.0 21.0 706.0 0.15386306187493126
31 36 36 0.0 0.0 216.0 0.0 5314.0 20.0 370.0 0.18631887143997866
31 36 37 0.0 0.0 56.0 0.0 1786.0 7.0 26.0 0.36505867014341586
31 36 38 0.0 0.0 67.0 0.0 1706.0 10.0 19.0 0.37204358224820616
31 36 39 0.0 0.0 209.0 0.0 4704.0 17.0 212.0 0.2029573789504204
31 36 40 0.0 0.0 155.0 0.0 3726.0 16.0 112.0 0.23870417732310312
31 36 41 0.0 0.0 169.0 0.0 3842.0 23.0 129.0 0.2336448598130841
31 36 42 0.0 0.0 162.0 0.0 3515.0 18.0 93.0 0.24739353242622367
31 36 43 0.0 0.0 17.0 0.0 841.0 2.0 5.0 0.4903677758318738
31 36 44 0.0 0.0 72.0 0.0 1475.0 10.0 7.0 0.39570378745053697
31 36 45 0.0 0.0 14.0 0.0 266.0 6.0 0.0 0.6159260888693356
31 36 46 0.0 0.0 11.0 0.0 366.0 2.0 1.0 0.5894736842105263
31 36 47 0.0 0.0 22.0 0.0 321.0 4.0 0.0 0.5985463873450192
31 37 32 0.0 0.0 0.0 0.0 10.0 0.0 0.0 0.6965174129353233
31 37 33 0.0 0.0 152.0 0.0 3794.0 13.0 116.0 0.23588879528222406
31 37 34 0.0 0.0 171.0 0.0 4519.0 15.0 209.0 0.20964360587002093
31 37 35 0.0 0.0 351.0 0.0 7402.0 25.0 795.0 0.14389968136499123
31 37 36 0.0 0.0 324.0 0.0 7260.0 18.0 809.0 0.14632107023411367
31 37 37 0.0 0.0 488.0 0.0 9178.0 22.0 1612.0 0.12014073629108382
31 37 38 0.0 0.0 496.0 0.0 9778.0 21.0 2287.0 0.11414594374235629
31 37 39 0.0 0.0 374.0 0.0 7319.0 26.0 749.0 0.1448225923244026
31 37 40 0.0 0.0 368.0 0.0 7364.0 25.0 706.0 0.14410705095213586
31 37 41 0.0 0.0 429.0 0.0 8345.0 35.0 1186.0 0.13026891225458267
31 37 42 0.0 0.0 105.0 0.0 2567.0 17.0 33.0 0.30075187969924805
31 37 43 0.0 0.0 102.0 0.0 2073.0 12.0 27.0 0.33637674195098505
31 37 44 0.0 0.0 22.0 0.0 488.0 5.0 0.0 0.558882235528942
31 37 45 0.0 0.0 1.0 0.0 143.0 1.0 0.0 0.6532897806812878
31 37 46 0.0 0.0 52.0 0.0 1299.0 15.0 6.0 0.41966426858513184
31 37 47 0.0 0.0 0.0 0.0 59.0 0.0 0.0 0.6799417192812044
31 37 48 0.0 0.0 0.0 0.0 3.0 0.0 0.0 0.6989515726410384
31 38 32 0.0 0.0 23.0 0.0 435.0 5.0 0.0 0.5707297187117814
31 38 33 0.0 0.0 5.0 0.0 319.0 2.0 1.0 0.6031882809133993
31 38 34 0.0 0.0 349.0 0.0 7102.0 27.0 678.0 0.14836795252225518
31 38 35 0.0 0.0 220.0 0.0 4766.0 18.0 256.0 0.2008320183617845
31 38 36 0.0 0.0 491.0 0.0 9454.0 14.0 1774.0 0.11721366376423306
31 38 37 0.0 0.0 510.0 0.0 9770.0 28.0 2115.0 0.11417387049420974
31 38 38 0.0 0.0 254.0 0.0 5945.0 16.0 418.0 0.17089843749999994
31 38 39 0.0 0.0 295.0 0.0 6697.0 15.0 598.0 0.15588464536243177
31 38 40 0.0 0.0 256.0 0.0 6070.0 12.0 437.0 0.16837041491280813
31 38 41 0.0 0.0 218.0 0.0 5152.0 23.0 282.0 0.1905021091304939
31 38 42 0.0 0.0 139.0 0.0 3256.0 13.0 84.0 0.2602230483271375
31 38 43 0.0 0.0 228.0 0.0 4940.0 19.0 208.0 0.1957220746539913
31 38 44 0.0 0.0 46.0 0.0 1276.0 12.0 4.0 0.42308854638863697
31 38 45 0.0 0.0 27.0 0.0 739.0 5.0 4.0 0.5072463768115941
31 38 46 0.0 0.0 14.0 0.0 434.0 2.0 1.0 0.5723630417007358
31 38 47 0.0 0.0 0.0 0.0 42.0 0.0 0.0 0.6856023506366307
31 38 48 0.0 0.0 0.0 0.0 1.0 0.0 0.0 0.6996501749125437
31 39 32 0.0 0.0 17.0 0.0 404.0 5.0 1.0 0.5794701986754967
31 39 33 0.0 0.0 132.0 0.0 2944.0 13.0 61.0 0.2765158996642307
31 39 34 0.0 0.0 331.0 0.0 7913.0 14.0 1162.0 0.13670539986329458
31 39 35 0.0 0.0 386.0 0.0 8048.0 17.0 1011.0 0.13433122241412396
31 39 36 0.0 0.0 674.0 0.0 11569.0 34.0 4353.0 0.0984321169936019
31 39 37 0.0 0.0 681.0 0.0 11448.0 26.0 4289.0 0.09905894006934125
31 39 38 0.0 0.0 556.0 0.0 10171.0 26.0 2564.0 0.11007154650522838
31 39 39 0.0 0.0 878.0 0.0 12538.0 28.0 7463.0 0.09085599325069764
31 39 40 0.0 0.0 475.0 0.0 9098.0 30.0 1600.0 0.12122261667676854
31 39 41 0.0 0.0 404.0 0.0 8301.0 18.0 1219.0 0.13089005235602091
31 39 42 0.0 0.0 243.0 0.0 5617.0 27.0 330.0 0.1786625829504849
31 39 43 0.0 0.0 303.0 0.0 6391.0 21.0 517.0 0.16134608735738154
31 39 44 0.0 0.0 382.0 0.0 8029.0 26.0 1040.0 0.13473197959772878
31 39 45 0.0 0.0 96.0 0.0 2182.0 20.0 28.0 0.32887009631195674
31 39 46 0.0 0.0 8.0 0.0 300.0 3.0 1.0 0.6073752711496745
31 39 47 0.0 0.0 2.0 0.0 87.0 1.0 0.0 0.6704980842911876
31 39 48 0.0 0.0 0.0 0.0 13.0 0.0 0.0 0.6958250497017892
31 39 49 0.0 0.0 0.0 0.0 1.0 0.0 0.0 0.6996501749125437
31 40 32 0.0 0.0 0.0 0.0 34.0 0.0 0.0 0.6882989183874139
31 40 33 0.0 0.0 91.0 0.0 2450.0 15.0 37.0 0.3093922651933701
31 40 34 0.0 0.0 101.0 0.0 2092.0 19.0 23.0 0.3354900551162233
31 40 35 0.0 0.0 311.0 0.0 6628.0 25.0 650.0 0.15695067264573986
31 40 36 0.0 0.0 643.0 0.0 10994.0 29.0 3098.0 0.1027824682475589
31 40 37 0.0 0.0 930.0 0.0 12814.0 33.0 8377.0 0.0889792805389602
31 40 38 0.0 0.0 618.0 0.0 11386.0 35.0 5379.0 0.10016455605637833
31 40 39 0.0 0.0 617.0 0.0 11158.0 24.0 3568.0 0.10167029774872911
31 40 40 0.0 0.0 750.0 0.0 12161.0 25.0 5275.0 0.09391561011605286
31 40 41 0.0 0.0 544.0 0.0 10062.0 25.0 2169.0 0.11119936457505956
31 40 42 0.0 0.0 433.0 0.0 8783.0 19.0 1361.0 0.12496652682317234
31 40 43 0.0 0.0 254.0 0.0 5926.0 11.0 393.0 0.17127477367262045
31 40 44 0.0 0.0 142.0 0.0 3346.0 19.0 93.0 0.2558947176019009
31 40 45 0.0 0.0 193.0 0.0 4275.0 26.0 161.0 0.2172900822598168
31 40 46 0.0 0.0 52.0 0.0 1306.0 10.0 5.0 0.4181600955794504
31 40 47 0.0 0.0 6.0 0.0 134.0 2.0 0.0 0.6548175865294666
31 40 48 0.0 0.0 13.0 0.0 244.0 2.0 0.0 0.6211180124223601
31 41 32 0.0 0.0 0.0 0.0 3.0 0.0 0.0 0.6989515726410384
31 41 33 0.0 0.0 1.0 0.0 55.0 0.0 0.0 0.6809338521400777
31 41 34 0.0 0.0 162.0 0.0 3218.0 17.0 60.0 0.26114530871106134
31 41 35 0.0 0.0 201.0 0.0 4990.0 19.0 309.0 0.19517635577861422
31 41 36 0.0 0.0 425.0 0.0 8742.0 21.0 1382.0 0.12548176032983774
31 41 37 0.0 0.0 682.0 0.0 11462.0 21.0 4035.0 0.09907296015851673
31 41 38 0.0 0.0 660.0 0.0 11490.0 29.0 4287.0 0.09898190045248867
31 41 39 0.0 0.0 828.0 0.0 12533.0 25.0 6367.0 0.09117551286225983
31 41 40 0.0 0.0 898.0 0.0 12666.0 37.0 7737.0 0.09003794456235127
31 41 41 0.0 0.0 401.0 0.0 8305.0 26.0 1170.0 0.1309880239520958
31 41 42 0.0 0.0 330.0 0.0 7557.0 23.0 803.0 0.14190147982971818
31 41 43 0.0 0.0 307.0 0.0 6676.0 28.0 585.0 0.15624999999999997
31 41 44 0.0 0.0 227.0 0.0 4814.0 28.0 248.0 0.1995438996579247
31 41 45 0.0 0.0 49.0 0.0 1229.0 16.0 10.0 0.4289215686274509
31 41 46 0.0 0.0 56.0 0.0 895.0 11.0 4.0 0.47619047619047605
31 41 47 0.0 0.0 22.0 0.0 659.0 7.0 1.0 0.5235602094240837
31 41 48 0.0 0.0 0.0 0.0 24.0 0.0 0.0 0.6916996047430829
31 41 49 0.0 0.0 0.0 0.0 2.0 0.0 0.0 0.6993006993006992
31 42 33 0.0 0.0 5.0 0.0 88.0 0.0 0.0 0.668896321070234
31 42 34 0.0 0.0 1.0 0.0 115.0 0.0 0.0 0.6619385342789597
31 42 35 0.0 0.0 194.0 0.0 4609.0 19.0 195.0 0.20630710285882695
31 42 36 0.0 0.0 461.0 0.0 9271.0 19.0 1820.0 0.11947431302270012
31 42 37 0.0 0.0 668.0 0.0 11227.0 21.0 3652.0 0.10082097076191847
31 42 38 0.0 0.0 762.0 0.0 11914.0 23.0 4648.0 0.09541984732824427
31 42 39 0.0 0.0 767.0 0.0 12146.0 22.0 4988.0 0.09392821200939282
31 42 40 0.0 0.0 972.0 0.0 13060.0 25.0 9348.0 0.08734169318110924
31 42 41 0.0 0.0 600.0 0.0 10739.0 25.0 2921.0 0.10507355148604021
31 42 42 0.0 0.0 524.0 0.0 10173.0 19.0 2556.0 0.11028832519300455
31 42 43 0.0 0.0 356.0 0.0 7713.0 16.0 993.0 0.13912352181258072
31 42 44 0.0 0.0 45.0 0.0 1145.0 6.0 13.0 0.4395604395604395
31 42 45 0.0 0.0 17.0 0.0 740.0 5.0 1.0 0.5092761004001454
31 42 46 0.0 0.0 230.0 0.0 5545.0 17.0 359.0 0.1804123711340206
31 42 47 0.0 0.0 0.0 0.0 60.0 0.0 0.0 0.6796116504854368
31 42 48 0.0 0.0 0.0 0.0 15.0 0.0 0.0 0.694789081885856
31 43 33 0.0 0.0 0.0 0.0 14.0 0.0 0.0 0.6951340615690167
31 43 34 0.0 0.0 14.0 0.0 279.0 7.0 0.0 0.6124234470691162
31 43 35 0.0 0.0 45.0 0.0 1063.0 7.0 1.0 0.4513217279174725
31 43 36 0.0 0.0 255.0 0.0 6118.0 21.0 460.0 0.16750418760469007
31 43 37 0.0 0.0 676.0 0.0 11501.0 29.0 3987.0 0.09882120420695982
31 43 38 0.0 0.0 714.0 0.0 11889.0 39.0 4821.0 0.0960482985729967
31 43 39 0.0 0.0 837.0 0.0 12666.0 25.0 6540.0 0.09031675375782207
31 43 40 0.0 0.0 633.0 0.0 11241.0 30.0 4271.0 0.1010757346039997
31 43 41 0.0 0.0 662.0 0.0 11455.0 29.0 3727.0 0.09926965893781463
31 43 42 0.0 0.0 575.0 0.0 10216.0 30.0 2389.0 0.10964053567233142
31 43 43 0.0 0.0 643.0 0.0 11068.0 22.0 3815.0 0.10212269312130716
31 43 44 0.0 0.0 153.0 0.0 3259.0 14.0 73.0 0.25935531678399404
31 43 45 0.0 0.0 210.0 0.0 5085.0 21.0 287.0 0.1924134139637163
31 43 46 0.0 0.0 189.0 0.0 4446.0 17.0 209.0 0.21151231303822327
31 43 47 0.0 0.0 1.0 0.0 79.0 0.0 0.0 0.6730769230769229
31 43 48 0.0 0.0 0.0 0.0 6.0 0.0 0.0 0.6979062811565303
31 44 33 0.0 0.0 49.0 0.0 1228.0 13.0 11.0 0.4289215686274509
31 44 34 0.0 0.0 2.0 0.0 76.0 0.0 0.0 0.6737247353224253
31 44 35 0.0 0.0 19.0 0.0 429.0 9.0 0.0 0.5742411812961443
31 44 36 0.0 0.0 361.0 0.0 7521.0 29.0 903.0 0.14194464158977999
31 44 37 0.0 0.0 449.0 0.0 9192.0 27.0 1683.0 0.12045083025036563
31 44 38 0.0 0.0 859.0 0.0 12540.0 38.0 6613.0 0.09095043201455205
31 44 39 0.0 0.0 1051.0 0.0 13137.0 38.0 9595.0 0.08660150934059135
31 44 40 0.0 0.0 842.0 0.0 12560.0 32.0 7280.0 0.09089138479516977
31 44 41 0.0 0.0 753.0 0.0 11985.0 28.0 4540.0 0.0950376756499898
31 44 42 0.0 0.0 257.0 0.0 5550.0 18.0 350.0 0.17969451931716077
31 44 43 0.0 0.0 616.0 0.0 10763.0 26.0 3229.0 0.10474337872213077
31 44 44 0.0 0.0 231.0 0.0 5015.0 24.0 218.0 0.1937984496124031
31 44 45 0.0 0.0 228.0 0.0 5296.0 12.0 331.0 0.18634367097031806
31 44 46 0.0 0.0 148.0 0.0 3411.0 12.0 103.0 0.25234318673395817
31 44 47 0.0 0.0 2.0 0.0 77.0 0.0 0.0 0.6734006734006733
31 45 32 0.0 0.0 0.0 0.0 1.0 0.0 0.0 0.6996501749125437
31 45 33 0.0 0.0 0.0 0.0 1.0 0.0 0.0 0.6996501749125437
31 45 34 0.0 0.0 0.0 0.0 7.0 0.0 0.0 0.6975585450921773
31 45 35 0.0 0.0 63.0 0.0 1597.0 13.0 23.0 0.38387715930902105
31 45 36 0.0 0.0 3.0 0.0 255.0 3.0 0.0 0.6208425720620842
31 45 37 0.0 0.0 395.0 0.0 8276.0 25.0 1247.0 0.13139371187236037
31 45 38 0.0 0.0 699.0 0.0 11573.0 24.0 5100.0 0.09812167087188112
31 45 39 0.0 0.0 492.0 0.0 9785.0 27.0 2327.0 0.11422044545973728
31 45 40 0.0 0.0 438.0 0.0 8623.0 17.0 1310.0 0.12668536784001447
31 45 41 0.0 0.0 299.0 0.0 6584.0 18.0 588.0 0.15788880117288823
31 45 42 0.0 0.0 143.0 0.0 3699.0 10.0 121.0 0.24009603841536614
31 45 43 0.0 0.0 228.0 0.0 5520.0 17.0 353.0 0.18101887768295832
31 45 44 0.0 0.0 315.0 0.0 6884.0 25.0 651.0 0.15255530129672004
31 45 45 0.0 0.0 130.0 0.0 2913.0 12.0 69.0 0.27833001988071565
31 45 46 0.0 0.0 136.0 0.0 2921.0 15.0 50.0 0.2776675922253074
31 45 47 0.0 0.0 0.0 0.0 16.0 0.0 0.0 0.6944444444444444
31 46 34 0.0 0.0 0.0 0.0 5.0 0.0 0.0 0.6982543640897755
31 46 35 0.0 0.0 0.0 0.0 4.0 0.0 0.0 0.6986027944111775
31 46 36 0.0 0.0 0.0 0.0 91.0 0.0 0.0 0.669536107125777
31 46 37 0.0 0.0 67.0 0.0 1545.0 18.0 13.0 0.38953811908736774
31 46 38 0.0 0.0 168.0 0.0 3644.0 19.0 95.0 0.24167098221992056
31 46 39 0.0 0.0 446.0 0.0 8699.0 20.0 1215.0 0.12576356449874235
31 46 40 0.0 0.0 363.0 0.0 7638.0 21.0 965.0 0.1402524544179523
31 46 41 0.0 0.0 74.0 0.0 2297.0 18.0 45.0 0.3216911764705882
31 46 42 0.0 0.0 86.0 0.0 2252.0 17.0 40.0 0.324074074074074
31 46 43 0.0 0.0 201.0 0.0 4734.0 22.0 221.0 0.20242914979757085
31 46 44 0.0 0.0 9.0 0.0 366.0 1.0 0.0 0.5902192242833051
31 46 45 0.0 0.0 11.0 0.0 335.0 5.0 0.0 0.5980350277659119
31 46 46 0.0 0.0 0.0 0.0 15.0 0.0 0.0 0.694789081885856
31 46 47 0.0 0.0 0.0 0.0 5.0 0.0 0.0 0.6982543640897755
31 47 35 0.0 0.0 0.0 0.0 2.0 0.0 0.0 0.6993006993006992
31 47 36 0.0 0.0 0.0 0.0 11.0 0.0 0.0 0.6961710591745399
31 47 37 0.0 0.0 147.0 0.0 3096.0 18.0 60.0 0.26784006122058535
31 47 38 0.0 0.0 128.0 0.0 2776.0 17.0 60.0 0.2864157119476268
31 47 39 0.0 0.0 145.0 0.0 3277.0 13.0 84.0 0.25878003696857665
31 47 40 0.0 0.0 45.0 0.0 1442.0 12.0 10.0 0.4027617951668584
31 47 41 0.0 0.0 52.0 0.0 1255.0 7.0 9.0 0.4242424242424242
31 47 42 0.0 0.0 18.0 0.0 549.0 6.0 0.0 0.5470887065259866
31 47 43 0.0 0.0 10.0 0.0 263.0 8.0 0.0 0.6181015452538631
31 47 44 0.0 0.0 11.0 0.0 240.0 3.0 0.0 0.6227758007117437
31 47 45 0.0 0.0 0.0 0.0 8.0 0.0 0.0 0.697211155378486
31 47 46 0.0 0.0 0.0 0.0 3.0 0.0 0.0 0.6989515726410384
31 48 36 0.0 0.0 0.0 0.0 3.0 0.0 0.0 0.6989515726410384
31 48 37 0.0 0.0 0.0 0.0 16.0 0.0 0.0 0.694789081885856
31 48 38 0.0 0.0 0.0 0.0 11.0 0.0 0.0 0.6961710591745399
31 48 39 0.0 0.0 0.0 0.0 12.0 0.0 0.0 0.6958250497017892
31 48 40 0.0 0.0 0.0 0.0 20.0 0.0 0.0 0.6930693069306929
31 48 41 0.0 0.0 0.0 0.0 19.0 0.0 0.0 0.6934125804853887
31 48 42 0.0 0.0 11.0 0.0 201.0 2.0 0.0 0.6334841628959276
31 48 43 0.0 0.0 0.0 0.0 13.0 0.0 0.0 0.695479384003974
31 48 44 0.0 0.0 0.0 0.0 8.0 0.0 0.0 0.697211155378486
31 49 39 0.0 0.0 0.0 0.0 1.0 0.0 0.0 0.6996501749125437
31 49 40 0.0 0.0 0.0 0.0 7.0 0.0 0.0 0.6975585450921773
31 49 41 0.0 0.0 0.0 0.0 1.0 0.0 0.0 0.6996501749125437
31 49 42 0.0 0.0 0.0 0.0 5.0 0.0 0.0 0.6982543640897755
31 50 41 0.0 0.0 0.0 0.0 1.0 0.0 0.0 0.6996501749125437
32 31 34 0.0 0.0 0.0 0.0 1.0 0.0 0.0 0.6996501749125437
32 31 36 0.0 0.0 0.0 0.0 5.0 0.0 0.0 0.6982543640897755
32 31 37 0.0 0.0 0.0 0.0 8.0 0.0 0.0 0.697211155378486
32 31 38 0.0 0.0 0.0 0.0 8.0 0.0 0.0 0.697211155378486
32 31 39 0.0 0.0 0.0 0.0 4.0 0.0 0.0 0.6986027944111775
32 31 40 0.0 0.0 0.0 0.0 2.0 0.0 0.0 0.6993006993006992
32 31 41 0.0 0.0 0.0 0.0 6.0 0.0 0.0 0.6979062811565303
32 31 42 0.0 0.0 0.0 0.0 1.0 0.0 0.0 0.6996501749125437
32 31 43 0.0 0.0 0.0 0.0 5.0 0.0 0.0 0.6982543640897755
32 32 33 0.0 0.0 0.0 0.0 1.0 0.0 0.0 0.6996501749125437
32 32 34 0.0 0.0 0.0 0.0 3.0 0.0 0.0 0.6989515726410384
32 32 35 0.0 0.0 103.0 0.0 2297.0 18.0 40.0 0.3194159251654118
32 32 36 0.0 0.0 27.0 0.0 560.0 5.0 2.0 0.5422153369481022
32 32 37 0.0 0.0 44.0 0.0 867.0 9.0 8.0 0.48242591316333555
32 32 38 0.0 0.0 2.0 0.0 107.0 2.0 1.0 0.6644518272425248
32 32 39 0.0 0.0 13.0 0.0 176.0 3.0 0.0 0.6404391582799633
32 32 40 0.0 0.0 1.0 0.0 99.0 1.0 0.0 0.6669842782277274
32 32 41 0.0 0.0 0.0 0.0 26.0 0.0 0.0 0.6910167818361302
32 32 42 0.0 0.0 1.0 0.0 60.0 1.0 0.0 0.6796116504854368
32 32 43 0.0 0.0 0.0 0.0 11.0 0.0 0.0 0.6961710591745399
32 32 44 0.0 0.0 0.0 0.0 7.0 0.0 0.0 0.6975585450921773
32 33 33 0.0 0.0 0.0 0.0 2.0 0.0 0.0 0.6993006993006992
32 33 34 0.0 0.0 0.0 0.0 14.0 0.0 0.0 0.6951340615690167
32 33 35 0.0 0.0 0.0 0.0 25.0 0.0 0.0 0.6913580246913579
32 33 36 0.0 0.0 4.0 0.0 124.0 0.0 0.0 0.6578947368421051
32 33 37 0.0 0.0 10.0 0.0 282.0 2.0 1.0 0.6113537117903929
32 33 38 0.0 0.0 82.0 0.0 2142.0 9.0 31.0 0.3320683111954459
32 33 39 0.0 0.0 7.0 0.0 355.0 0.0 0.0 0.592718035563082
32 33 40 0.0 0.0 258.0 0.0 4947.0 27.0 194.0 0.1949589193705612
32 33 41 0.0 0.0 208.0 0.0 4313.0 21.0 163.0 0.21528525296017217
32 33 42 0.0 0.0 8.0 0.0 228.0 2.0 0.0 0.6266786034019695
32 33 43 0.0 0.0 9.0 0.0 167.0 2.0 0.0 0.6439742410303587
32 33 44 0.0 0.0 20.0 0.0 333.0 2.0 2.0 0.5957446808510637
32 33 45 0.0 0.0 0.0 0.0 8.0 0.0 0.0 0.697211155378486
32 33 46 0.0 0.0 0.0 0.0 3.0 0.0 0.0 0.6989515726410384
32 34 33 0.0 0.0 12.0 0.0 114.0 1.0 0.0 0.6588235294117646
32 34 34 0.0 0.0 2.0 0.0 53.0 0.0 0.0 0.6812652068126519
32 34 35 0.0 0.0 15.0 0.0 284.0 5.0 0.0 0.6102877070619005
32 34 36 0.0 0.0 59.0 0.0 1539.0 8.0 12.0 0.38997214484679665
32 34 37 0.0 0.0 31.0 0.0 859.0 10.0 2.0 0.486111111111111
32 34 38 0.0 0.0 317.0 0.0 7171.0 13.0 861.0 0.147741663149008
32 34 39 0.0 0.0 147.0 0.0 3832.0 14.0 130.0 0.23466309084813944
32 34 40 0.0 0.0 133.0 0.0 3033.0 9.0 64.0 0.2714230321830166
32 34 41 0.0 0.0 321.0 0.0 6840.0 20.0 670.0 0.1531226074592584
32 34 42 0.0 0.0 122.0 0.0 2925.0 16.0 51.0 0.27833001988071565
32 34 43 0.0 0.0 5.0 0.0 187.0 1.0 1.0 0.6389776357827475
32 34 44 0.0 0.0 0.0 0.0 83.0 0.0 0.0 0.6721075372059528
32 34 45 0.0 0.0 1.0 0.0 51.0 0.0 0.0 0.6822612085769979
32 34 46 0.0 0.0 0.0 0.0 19.0 1.0 0.0 0.6937561942517343
32 34 47 0.0 0.0 0.0 0.0 4.0 0.0 0.0 0.6986027944111775
32 35 32 0.0 0.0 26.0 0.0 548.0 6.0 0.0 0.5451713395638628
32 35 33 0.0 0.0 4.0 0.0 61.0 1.0 0.0 0.6782945736434108
32 35 34 0.0 0.0 120.0 0.0 2694.0 17.0 48.0 0.2916059154342845
32 35 35 0.0 0.0 80.0 0.0 1744.0 12.0 20.0 0.3675505381990023
32 35 36 0.0 0.0 395.0 0.0 8318.0 19.0 1270.0 0.13086558235184145
32 35 37 0.0 0.0 432.0 0.0 8937.0 29.0 1577.0 0.12340237990304097
32 35 38 0.0 0.0 317.0 0.0 7228.0 19.0 723.0 0.14688909873045847
32 35 39 0.0 0.0 219.0 0.0 4757.0 22.0 248.0 0.2012361650136553
32 35 40 0.0 0.0 390.0 0.0 7445.0 22.0 731.0 0.1425661914460285
32 35 41 0.0 0.0 321.0 0.0 7001.0 24.0 667.0 0.15053763440860216
32 35 42 0.0 0.0 229.0 0.0 5079.0 23.0 274.0 0.19204389574759942
32 35 43 0.0 0.0 129.0 0.0 3181.0 6.0 68.0 0.2639019792648445
32 35 44 0.0 0.0 157.0 0.0 4179.0 16.0 185.0 0.2215540433612913
32 35 45 0.0 0.0 166.0 0.0 4161.0 21.0 170.0 0.2219755826859045
32 35 46 0.0 0.0 141.0 0.0 3168.0 10.0 74.0 0.26415094339622636
32 35 47 0.0 0.0 0.0 0.0 17.0 0.0 0.0 0.694100148735746
32 36 31 0.0 0.0 0.0 0.0 1.0 0.0 0.0 0.6996501749125437
32 36 32 0.0 0.0 2.0 0.0 56.0 0.0 0.0 0.6802721088435373
32 36 33 0.0 0.0 78.0 0.0 2145.0 10.0 30.0 0.33230477094706856
32 36 34 0.0 0.0 24.0 0.0 986.0 3.0 10.0 0.46589018302828616
32 36 35 0.0 0.0 375.0 0.0 7806.0 25.0 1022.0 0.13776815587482777
32 36 36 0.0 0.0 562.0 0.0 10144.0 23.0 2366.0 0.11027095148078134
32 36 37 0.0 0.0 469.0 0.0 8922.0 19.0 1500.0 0.12301203760653719
32 36 38 0.0 0.0 810.0 0.0 12177.0 31.0 6166.0 0.09343923112861242
32 36 39 0.0 0.0 783.0 0.0 12038.0 27.0 4448.0 0.09451157766826435
32 36 40 0.0 0.0 793.0 0.0 12158.0 29.0 5413.0 0.09373326191751472
32 36 41 0.0 0.0 647.0 0.0 11201.0 36.0 3911.0 0.10124385305177899
32 36 42 0.0 0.0 695.0 0.0 11537.0 35.0 3917.0 0.09852216748768472
32 36 43 0.0 0.0 355.0 0.0 7296.0 26.0 775.0 0.1453488372093023
32 36 44 0.0 0.0 347.0 0.0 7520.0 25.0 870.0 0.14224751066856328
32 36 45 0.0 0.0 302.0 0.0 6231.0 27.0 446.0 0.16458970138725604
32 36 46 0.0 0.0 282.0 0.0 6738.0 19.0 707.0 0.15543466192961028
32 36 47 0.0 0.0 3.0 0.0 110.0 2.0 0.0 0.6631927996210326
32 36 48 0.0 0.0 0.0 0.0 4.0 0.0 0.0 0.6986027944111775
32 37 30 0.0 0.0 0.0 0.0 1.0 0.0 0.0 0.6996501749125437
32 37 31 0.0 0.0 4.0 0.0 44.0 1.0 0.0 0.6839276990718123
32 37 32 0.0 0.0 0.0 0.0 15.0 0.0 0.0 0.694789081885856
32 37 33 0.0 0.0 118.0 0.0 2471.0 17.0 37.0 0.3062117235345581
32 37 34 0.0 0.0 678.0 0.0 11534.0 26.0 4769.0 0.09850137198339547
32 37 35 0.0 0.0 747.0 0.0 11753.0 27.0 4409.0 0.09661169001449174
32 37 36 0.0 0.0 933.0 0.0 12780.0 32.0 8447.0 0.089126559714795
32 37 37 0.0 0.0 616.0 0.0 11172.0 27.0 3361.0 0.10167029774872911
32 37 38 0.0 0.0 857.0 0.0 12577.0 27.0 7381.0 0.09073233959818534
32 37 39 0.0 0.0 949.0 0.0 12730.0 34.0 8596.0 0.08935980085530094
32 37 40 0.0 0.0 836.0 0.0 12465.0 26.0 5173.0 0.0915032679738562
32 37 41 0.0 0.0 498.0 0.0 9883.0 22.0 2288.0 0.11315874555447783
32 37 42 0.0 0.0 728.0 0.0 11777.0 25.0 5235.0 0.09655838333678184
32 37 43 0.0 0.0 495.0 0.0 10172.0 22.0 2342.0 0.11061072924073634
32 37 44 0.0 0.0 362.0 0.0 8234.0 19.0 1372.0 0.13228763110649153
32 37 45 0.0 0.0 290.0 0.0 7028.0 19.0 705.0 0.15048908954100823
32 37 46 0.0 0.0 409.0 0.0 8420.0 22.0 1287.0 0.12948575656677763
32 37 47 0.0 0.0 70.0 0.0 1674.0 12.0 14.0 0.37513397642015
32 37 48 0.0 0.0 40.0 0.0 1137.0 5.0 8.0 0.441222817522849
32 37 49 0.0 0.0 0.0 0.0 3.0 0.0 0.0 0.6989515726410384
32 38 31 0.0 0.0 0.0 0.0 2.0 0.0 0.0 0.6993006993006992
32 38 32 0.0 0.0 7.0 0.0 130.0 3.0 0.0 0.6563525550867322
32 38 33 0.0 0.0 168.0 0.0 4005.0 13.0 134.0 0.2272727272727272
32 38 34 0.0 0.0 216.0 0.0 5267.0 27.0 320.0 0.18769272020378064
32 38 35 0.0 0.0 587.0 0.0 10494.0 23.0 2743.0 0.10714832389407622
32 38 36 0.0 0.0 843.0 0.0 12425.0 37.0 7250.0 0.091767173571054
32 38 37 0.0 0.0 1074.0 0.0 13280.0 36.0 10906.0 0.08563738683631024
32 38 38 0.0 0.0 1188.0 0.0 13078.0 44.0 15471.0 0.08614854470494122
32 38 39 0.0 0.0 1123.0 0.0 13398.0 32.0 11563.0 0.08478168715557438
32 38 40 0.0 0.0 1299.0 0.0 13482.0 35.0 15613.0 0.08344260340922637
32 38 41 0.0 0.0 888.0 0.0 12641.0 28.0 7055.0 0.09015971148892322
32 38 42 0.0 0.0 592.0 0.0 10641.0 22.0 3084.0 0.10588413250642867
32 38 43 0.0 0.0 547.0 0.0 10048.0 24.0 2279.0 0.1112523839796567
32 38 44 0.0 0.0 422.0 0.0 8679.0 16.0 1265.0 0.12620571531596503
32 38 45 0.0 0.0 269.0 0.0 6559.0 24.0 606.0 0.15898251192368837
32 38 46 0.0 0.0 321.0 0.0 7661.0 19.0 1073.0 0.14040718082439071
32 38 47 0.0 0.0 231.0 0.0 5473.0 17.0 376.0 0.18203094526069427
32 38 48 0.0 0.0 0.0 0.0 34.0 0.0 0.0 0.6882989183874139
32 38 49 0.0 0.0 0.0 0.0 2.0 0.0 0.0 0.6993006993006992
32 39 31 0.0 0.0 0.0 0.0 2.0 0.0 0.0 0.6993006993006992
32 39 32 0.0 0.0 2.0 0.0 156.0 2.0 1.0 0.6496519721577725
32 39 33 0.0 0.0 479.0 0.0 9495.0 28.0 1967.0 0.11707643418631877
32 39 34 0.0 0.0 441.0 0.0 8677.0 19.0 1357.0 0.12606933813597476
32 39 35 0.0 0.0 638.0 0.0 11046.0 27.0 3778.0 0.10238408658768465
32 39 36 0.0 0.0 1165.0 0.0 13167.0 36.0 14240.0 0.08577905765578088
32 39 37 0.0 0.0 1056.0 0.0 13354.0 29.0 9626.0 0.08535544445799291
32 39 38 0.0 0.0 1249.0 0.0 13597.0 36.0 13289.0 0.0831353919239905
32 39 39 0.0 0.0 1135.0 0.0 13500.0 27.0 10115.0 0.08417002344736367
32 39 40 0.0 0.0 987.0 0.0 13124.0 25.0 8766.0 0.08687558175612782
32 39 41 0.0 0.0 1021.0 0.0 13092.0 25.0 9286.0 0.086848635235732
32 39 42 0.0 0.0 872.0 0.0 12766.0 37.0 7525.0 0.0895942659669781
32 39 43 0.0 0.0 492.0 0.0 9774.0 18.0 2024.0 0.11424840868287904
32 39 44 0.0 0.0 353.0 0.0 7458.0 26.0 893.0 0.1429592566118656
32 39 45 0.0 0.0 518.0 0.0 10041.0 18.0 2446.0 0.11157156518967165
32 39 46 0.0 0.0 338.0 0.0 7309.0 26.0 716.0 0.14548477605736254
32 39 47 0.0 0.0 81.0 0.0 2543.0 15.0 46.0 0.30375352571056624
32 39 48 0.0 0.0 37.0 0.0 967.0 4.0 6.0 0.46666666666666656
32 39 49 0.0 0.0 0.0 0.0 1.0 0.0 0.0 0.6996501749125437
32 40 32 0.0 0.0 3.0 0.0 230.0 0.0 0.0 0.6269592476489028
32 40 33 0.0 0.0 152.0 0.0 3572.0 19.0 107.0 0.24539877300613494
32 40 34 0.0 0.0 535.0 0.0 9927.0 32.0 2265.0 0.112540192926045
32 40 35 0.0 0.0 829.0 0.0 12397.0 34.0 6470.0 0.09203865623561894
32 40 36 0.0 0.0 991.0 0.0 13296.0 35.0 8681.0 0.08602150537634408
32 40 37 0.0 0.0 1691.0 0.0 13702.0 49.0 21712.0 0.0805477245267821
32 40 38 0.0 0.0 1702.0 0.0 13176.0 35.0 24798.0 0.08284023668639053
32 40 39 0.0 0.0 1694.0 0.0 13452.0 45.0 22815.0 0.08166122258516098
32 40 40 0.0 0.0 981.0 0.0 12976.0 25.0 7596.0 0.08770281275449476
32 40 41 0.0 0.0 1052.0 0.0 13111.0 38.0 9317.0 0.08674639073052852
32 40 42 0.0 0.0 836.0 0.0 12414.0 35.0 5354.0 0.09188763454975057
32 40 43 0.0 0.0 891.0 0.0 12685.0 33.0 8573.0 0.0899107314880226
32 40 44 0.0 0.0 812.0 0.0 12397.0 17.0 6614.0 0.09202050742736952
32 40 45 0.0 0.0 557.0 0.0 10014.0 24.0 2281.0 0.1114738434588741
32 40 46 0.0 0.0 186.0 0.0 3699.0 30.0 111.0 0.23898941618299754
32 40 47 0.0 0.0 356.0 0.0 7055.0 21.0 704.0 0.14898371820793868
32 40 48 0.0 0.0 37.0 0.0 898.0 8.0 6.0 0.4783054321831226
32 40 49 0.0 0.0 0.0 0.0 1.0 0.0 0.0 0.6996501749125437
32 41 32 0.0 0.0 0.0 0.0 24.0 1.0 0.0 0.6920415224913494
32 41 33 0.0 0.0 53.0 0.0 1300.0 12.0 12.0 0.4191616766467065
32 41 34 0.0 0.0 395.0 0.0 8355.0 20.0 1208.0 0.13039023935922509
32 41 35 0.0 0.0 572.0 0.0 10387.0 19.0 2809.0 0.10816657652785289
32 41 36 0.0 0.0 1396.0 0.0 13299.0 44.0 17524.0 0.08393285371702637
32 41 37 0.0 0.0 1405.0 0.0 13463.0 40.0 17540.0 0.08309591642924975
32 41 38 0.0 0.0 1519.0 0.0 14076.0 43.0 16800.0 0.07959520154642104
32 41 39 0.0 0.0 1579.0 0.0 13637.0 44.0 19860.0 0.0812960919807212
32 41 40 0.0 0.0 1465.0 0.0 13062.0 43.0 20914.0 0.0847098686997035
32 41 41 0.0 0.0 1083.0 0.0 13438.0 34.0 10763.0 0.08473550417624984
32 41 42 0.0 0.0 751.0 0.0 12121.0 30.0 4994.0 0.09417462666487286
32 41 43 0.0 0.0 869.0 0.0 12531.0 32.0 7273.0 0.09095043201455205
32 41 44 0.0 0.0 861.0 0.0 12468.0 32.0 6392.0 0.09131824408062095
32 41 45 0.0 0.0 394.0 0.0 7751.0 27.0 931.0 0.13820335636722603
32 41 46 0.0 0.0 197.0 0.0 4490.0 18.0 149.0 0.20989505247376308
32 41 47 0.0 0.0 45.0 0.0 1129.0 15.0 9.0 0.4431782209559987
32 41 48 0.0 0.0 3.0 0.0 110.0 1.0 0.0 0.6628787878787878
32 41 49 0.0 0.0 0.0 0.0 1.0 0.0 0.0 0.6996501749125437
32 42 31 0.0 0.0 0.0 0.0 1.0 0.0 0.0 0.6996501749125437
32 42 32 0.0 0.0 0.0 0.0 9.0 0.0 0.0 0.6968641114982577
32 42 33 0.0 0.0 7.0 0.0 172.0 4.0 0.0 0.6436781609195401
32 42 34 0.0 0.0 228.0 0.0 5086.0 19.0 271.0 0.19193857965451053
32 42 35 0.0 0.0 326.0 0.0 6664.0 23.0 510.0 0.15597147950089127
32 42 36 0.0 0.0 846.0 0.0 12563.0 31.0 5432.0 0.09096816114359974
32 42 37 0.0 0.0 1710.0 0.0 13082.0 37.0 24431.0 0.08329862557267805
32 42 38 0.0 0.0 1576.0 0.0 13489.0 32.0 20753.0 0.08202003632315893
32 42 39 0.0 0.0 1560.0 0.0 14131.0 43.0 17132.0 0.07914075749010739
32 42 40 0.0 0.0 1737.0 0.0 13518.0 50.0 22908.0 0.08114060507708357
32 42 41 0.0 0.0 1497.0 0.0 13539.0 37.0 18568.0 0.08220786846741045
32 42 42 0.0 0.0 1140.0 0.0 13355.0 30.0 12968.0 0.08487935006669091
32 42 43 0.0 0.0 452.0 0.0 9464.0 18.0 1801.0 0.11758777087182931
32 42 44 0.0 0.0 509.0 0.0 9534.0 12.0 1747.0 0.11625010379473552
32 42 45 0.0 0.0 457.0 0.0 9450.0 25.0 2011.0 0.11777572137629341
32 42 46 0.0 0.0 143.0 0.0 4093.0 12.0 177.0 0.22493573264781486
32 42 47 0.0 0.0 272.0 0.0 5918.0 18.0 432.0 0.17121193591781822
32 42 48 0.0 0.0 2.0 0.0 72.0 0.0 0.0 0.6750241080038573
32 42 49 0.0 0.0 0.0 0.0 1.0 0.0 0.0 0.6996501749125437
32 43 31 0.0 0.0 0.0 0.0 1.0 0.0 0.0 0.6996501749125437
32 43 32 0.0 0.0 7.0 0.0 55.0 2.0 0.0 0.6796116504854368
32 43 33 0.0 0.0 2.0 0.0 107.0 0.0 0.0 0.6638217164532954
32 43 34 0.0 0.0 298.0 0.0 6233.0 24.0 469.0 0.1644736842105263
32 43 35 0.0 0.0 348.0 0.0 8153.0 20.0 1161.0 0.13348588863463004
32 43 36 0.0 0.0 512.0 0.0 9739.0 22.0 2002.0 0.11436974103422923
32 43 37 0.0 0.0 1320.0 0.0 13592.0 40.0 15431.0 0.08282063416942734
32 43 38 0.0 0.0 1703.0 0.0 13635.0 42.0 22710.0 0.08069164265129682
32 43 39 0.0 0.0 1872.0 0.0 12684.0 46.0 29489.0 0.08457681387059747
32 43 40 0.0 0.0 1580.0 0.0 13555.0 44.0 20171.0 0.08169934640522875
32 43 41 0.0 0.0 1218.0 0.0 13672.0 27.0 12056.0 0.08288437629506837
32 43 42 0.0 0.0 1112.0 0.0 13265.0 30.0 12961.0 0.08545443447476041
32 43 43 0.0 0.0 516.0 0.0 9419.0 24.0 1736.0 0.11742011238782184
32 43 44 0.0 0.0 799.0 0.0 12079.0 33.0 4246.0 0.09416195856873821
32 43 45 0.0 0.0 316.0 0.0 6706.0 20.0 659.0 0.15555555555555553
32 43 46 0.0 0.0 670.0 0.0 11262.0 27.0 4032.0 0.10055304172951231
32 43 47 0.0 0.0 53.0 0.0 1263.0 10.0 10.0 0.4234724742891712
32 43 48 0.0 0.0 0.0 0.0 34.0 0.0 0.0 0.6882989183874139
32 43 49 0.0 0.0 0.0 0.0 2.0 0.0 0.0 0.6993006993006992
32 44 32 0.0 0.0 0.0 0.0 4.0 0.0 0.0 0.6986027944111775
32 44 33 0.0 0.0 0.0 0.0 29.0 0.0 0.0 0.6899950714637751
32 44 34 0.0 0.0 121.0 0.0 3025.0 17.0 64.0 0.2729044834307992
32 44 35 0.0 0.0 160.0 0.0 4009.0 17.0 143.0 0.2274204028589993
32 44 36 0.0 0.0 530.0 0.0 10010.0 27.0 2201.0 0.11176752355101388
32 44 37 0.0 0.0 641.0 0.0 11480.0 29.0 4108.0 0.0992063492063492
32 44 38 0.0 0.0 1704.0 0.0 13114.0 39.0 24180.0 0.08318973201022044
32 44 39 0.0 0.0 1925.0 0.0 12421.0 57.0 30810.0 0.08571078731480347
32 44 40 0.0 0.0 1390.0 0.0 13463.0 38.0 17479.0 0.08311564948943242
32 44 41 0.0 0.0 929.0 0.0 12966.0 38.0 8339.0 0.08812236419714231
32 44 42 0.0 0.0 1284.0 0.0 13304.0 41.0 14981.0 0.08441362677117877
32 44 43 0.0 0.0 621.0 0.0 11250.0 36.0 3585.0 0.10109763142692084
32 44 44 0.0 0.0 682.0 0.0 11600.0 21.0 4563.0 0.0980804259492784
32 44 45 0.0 0.0 862.0 0.0 12590.0 44.0 7090.0 0.09070294784580497
32 44 46 0.0 0.0 282.0 0.0 6167.0 25.0 446.0 0.16613266880265812
32 44 47 0.0 0.0 95.0 0.0 1955.0 12.0 21.0 0.34679217240525134
32 44 48 0.0 0.0 0.0 0.0 22.0 0.0 0.0 0.6923837784371908
32 44 49 0.0 0.0 0.0 0.0 4.0 0.0 0.0 0.6986027944111775
32 45 32 0.0 0.0 0.0 0.0 1.0 0.0 0.0 0.6996501749125437
32 45 33 0.0 0.0 1.0 0.0 31.0 0.0 0.0 0.6889763779527558
32 45 34 0.0 0.0 4.0 0.0 251.0 0.0 0.0 0.6211180124223601
32 45 35 0.0 0.0 23.0 0.0 640.0 7.0 3.0 0.5271084337349397
32 45 36 0.0 0.0 186.0 0.0 4676.0 13.0 236.0 0.2043795620437956
32 45 37 0.0 0.0 624.0 0.0 11323.0 27.0 3813.0 0.10044482709140479
32 45 38 0.0 0.0 1027.0 0.0 13172.0 33.0 8984.0 0.08646245059288536
32 45 39 0.0 0.0 1099.0 0.0 13552.0 35.0 9761.0 0.08410934214478821
32 45 40 0.0 0.0 1491.0 0.0 13356.0 45.0 20345.0 0.08314526665874807
32 45 41 0.0 0.0 564.0 0.0 10602.0 20.0 2733.0 0.10642341315089318
32 45 42 0.0 0.0 599.0 0.0 10865.0 27.0 3043.0 0.10410469958358119
32 45 43 0.0 0.0 559.0 0.0 10864.0 30.0 3508.0 0.10440748750838988
32 45 44 0.0 0.0 660.0 0.0 10938.0 25.0 3385.0 0.10305483989694515
32 45 45 0.0 0.0 310.0 0.0 6568.0 25.0 539.0 0.15808491418247514
32 45 46 0.0 0.0 43.0 0.0 1182.0 8.0 7.0 0.4353233830845771
32 45 47 0.0 0.0 13.0 0.0 211.0 2.0 0.0 0.63006300630063
32 45 48 0.0 0.0 0.0 0.0 18.0 0.0 0.0 0.6937561942517343
32 45 49 0.0 0.0 0.0 0.0 2.0 0.0 0.0 0.6993006993006992
32 46 33 0.0 0.0 0.0 0.0 22.0 0.0 0.0 0.6923837784371908
32 46 34 0.0 0.0 66.0 0.0 1458.0 7.0 7.0 0.39795338260375207
32 46 35 0.0 0.0 1.0 0.0 86.0 1.0 0.0 0.6714628297362109
32 46 36 0.0 0.0 187.0 0.0 3971.0 23.0 114.0 0.2281244907935473
32 46 37 0.0 0.0 299.0 0.0 6408.0 9.0 558.0 0.16095654173373186
32 46 38 0.0 0.0 753.0 0.0 11917.0 30.0 5977.0 0.09547190398254228
32 46 39 0.0 0.0 395.0 0.0 8637.0 27.0 1474.0 0.12721490231712856
32 46 40 0.0 0.0 728.0 0.0 11868.0 26.0 5341.0 0.09599561162918266
32 46 41 0.0 0.0 590.0 0.0 11081.0 28.0 4039.0 0.10251903925014645
32 46 42 0.0 0.0 444.0 0.0 8664.0 20.0 1262.0 0.12616022348382444
32 46 43 0.0 0.0 586.0 0.0 10646.0 22.0 3439.0 0.10579611577117812
32 46 44 0.0 0.0 219.0 0.0 5422.0 22.0 310.0 0.18372703412073488
32 46 45 0.0 0.0 174.0 0.0 4379.0 19.0 196.0 0.2141982864137087
32 46 46 0.0 0.0 89.0 0.0 2009.0 15.0 32.0 0.34280117531831533
32 46 47 0.0 0.0 2.0 0.0 53.0 0.0 0.0 0.6812652068126519
32 46 49 0.0 0.0 5.0 0.0 64.0 0.0 0.0 0.6766553890768486
32 47 33 0.0 0.0 0.0 0.0 17.0 0.0 0.0 0.694100148735746
32 47 34 0.0 0.0 2.0 0.0 16.0 0.0 0.0 0.6937561942517343
32 47 35 0.0 0.0 12.0 0.0 455.0 6.0 0.0 0.5688744412840308
32 47 36 0.0 0.0 0.0 0.0 56.0 0.0 0.0 0.6809338521400777
32 47 37 0.0 0.0 82.0 0.0 2689.0 9.0 49.0 0.29380902413431265
32 47 38 0.0 0.0 240.0 0.0 5079.0 22.0 260.0 0.1918859649122807
32 47 39 0.0 0.0 215.0 0.0 4473.0 26.0 178.0 0.21014710297208042
32 47 40 0.0 0.0 197.0 0.0 4728.0 15.0 223.0 0.2025756041093908
32 47 41 0.0 0.0 105.0 0.0 3072.0 17.0 65.0 0.27147566414582114
32 47 42 0.0 0.0 358.0 0.0 7761.0 23.0 971.0 0.13855898653998416
32 47 43 0.0 0.0 142.0 0.0 3642.0 18.0 112.0 0.24280263614290667
32 47 44 0.0 0.0 140.0 0.0 3440.0 18.0 110.0 0.25157232704402516
32 47 45 0.0 0.0 11.0 0.0 249.0 4.0 0.0 0.6205673758865247
32 47 46 0.0 0.0 0.0 0.0 8.0 0.0 0.0 0.697211155378486
32 47 47 0.0 0.0 0.0 0.0 4.0 0.0 0.0 0.6986027944111775
32 48 36 0.0 0.0 2.0 0.0 32.0 1.0 0.0 0.6886374815543531
32 48 37 0.0 0.0 1.0 0.0 69.0 0.0 0.0 0.6766553890768486
32 48 38 0.0 0.0 44.0 0.0 1232.0 8.0 11.0 0.42852770125497397
32 48 39 0.0 0.0 145.0 0.0 3063.0 16.0 54.0 0.26954177897574116
32 48 40 0.0 0.0 8.0 0.0 259.0 3.0 0.0 0.618647812638091
32 48 41 0.0 0.0 24.0 0.0 538.0 7.0 1.0 0.547945205479452
32 48 42 0.0 0.0 5.0 0.0 191.0 3.0 1.0 0.6381039197812214
32 48 43 0.0 0.0 100.0 0.0 2144.0 16.0 15.0 0.33104752896665873
32 48 44 0.0 0.0 1.0 0.0 34.0 0.0 0.0 0.6879606879606879
32 48 45 0.0 0.0 0.0 0.0 6.0 0.0 0.0 0.6979062811565303
32 48 46 0.0 0.0 1.0 0.0 15.0 1.0 0.0 0.694789081885856
32 49 36 0.0 0.0 0.0 0.0 19.0 0.0 0.0 0.6934125804853887
32 49 37 0.0 0.0 0.0 0.0 9.0 0.0 0.0 0.6968641114982577
32 49 38 0.0 0.0 8.0 0.0 98.0 2.0 1.0 0.6653992395437262
32 49 39 0.0 0.0 1.0 0.0 57.0 0.0 0.0 0.6802721088435373
32 49 40 0.0 0.0 4.0 0.0 173.0 0.0 1.0 0.6433823529411764
32 49 41 0.0 0.0 184.0 0.0 4103.0 17.0 163.0 0.2231075697211155
32 49 42 0.0 0.0 22.0 0.0 494.0 6.0 0.0 0.557991231566361
32 49 43 0.0 0.0 1.0 0.0 21.0 1.0 0.0 0.6927263730826323
32 50 40 0.0 0.0 0.0 0.0 2.0 0.0 0.0 0.6993006993006992
32 50 41 0.0 0.0 22.0 0.0 365.0 5.0 0.0 0.5877413937867337
32 50 42 0.0 0.0 4.0 0.0 145.0 2.0 0.0 0.6520726595249184
32 50 43 0.0 0.0 0.0 0.0 1.0 0.0 0.0 0.6996501749125437
33 31 34 0.0 0.0 0.0 0.0 2.0 0.0 0.0 0.6993006993006992
33 31 35 0.0 0.0 0.0 0.0 2.0 0.0 0.0 0.6993006993006992
33 31 36 0.0 0.0 0.0 0.0 5.0 0.0 0.0 0.6982543640897755
33 31 37 0.0 0.0 8.0 0.0 148.0 3.0 0.0 0.6502554575011611
33 31 38 0.0 0.0 0.0 0.0 17.0 0.0 0.0 0.694100148735746
33 31 39 0.0 0.0 0.0 0.0 10.0 0.0 0.0 0.6965174129353233
33 31 40 0.0 0.0 0.0 0.0 7.0 0.0 0.0 0.6975585450921773
33 31 41 0.0 0.0 1.0 0.0 13.0 0.0 0.0 0.6951340615690167
33 31 42 0.0 0.0 0.0 0.0 12.0 0.0 0.0 0.6958250497017892
33 31 43 0.0 0.0 0.0 0.0 2.0 0.0 0.0 0.6993006993006992
33 31 44 0.0 0.0 0.0 0.0 1.0 0.0 0.0 0.6996501749125437
33 32 34 0.0 0.0 7.0 0.0 162.0 2.0 0.0 0.646054453161052
33 32 35 0.0 0.0 0.0 0.0 99.0 0.0 1.0 0.6673021925643469
33 32 36 0.0 0.0 27.0 0.0 656.0 7.0 1.0 0.5231689088191329
33 32 37 0.0 0.0 123.0 0.0 3533.0 15.0 129.0 0.24813895781637713
33 32 38 0.0 0.0 350.0 0.0 6828.0 21.0 589.0 0.15280506439641997
33 32 39 0.0 0.0 16.0 0.0 286.0 3.0 0.0 0.6089604175728577
33 32 40 0.0 0.0 9.0 0.0 245.0 3.0 0.0 0.6219458018658373
33 32 41 0.0 0.0 122.0 0.0 2715.0 20.0 45.0 0.29057700290577
33 32 42 0.0 0.0 205.0 0.0 4398.0 17.0 185.0 0.21250758955676985
33 32 43 0.0 0.0 2.0 0.0 230.0 0.0 1.0 0.6272401433691756
33 32 44 0.0 0.0 0.0 0.0 10.0 0.0 0.0 0.6965174129353233
33 32 45 0.0 0.0 0.0 0.0 2.0 0.0 0.0 0.6993006993006992
33 33 32 0.0 0.0 0.0 0.0 5.0 0.0 0.0 0.6982543640897755
33 33 33 0.0 0.0 1.0 0.0 18.0 1.0 0.0 0.6937561942517343
33 33 34 0.0 0.0 16.0 0.0 517.0 6.0 1.0 0.5540166204986148
33 33 35 0.0 0.0 197.0 0.0 4788.0 14.0 229.0 0.20077441560304027
33 33 36 0.0 0.0 144.0 0.0 4142.0 16.0 165.0 0.22324988040184976
33 33 37 0.0 0.0 434.0 0.0 8486.0 22.0 1187.0 0.12838147638697844
33 33 38 0.0 0.0 253.0 0.0 5254.0 26.0 276.0 0.18704074816299265
33 33 39 0.0 0.0 260.0 0.0 5998.0 21.0 446.0 0.16988229583788372
33 33 40 0.0 0.0 60.0 0.0 1904.0 5.0 28.0 0.3536246526900732
33 33 41 0.0 0.0 410.0 0.0 8092.0 16.0 1137.0 0.13334603295551956
33 33 42 0.0 0.0 88.0 0.0 2108.0 15.0 29.0 0.3346080305927342
33 33 43 0.0 0.0 221.0 0.0 5298.0 18.0 347.0 0.1864926069002264
33 33 44 0.0 0.0 8.0 0.0 272.0 0.0 0.0 0.6140350877192982
33 33 45 0.0 0.0 0.0 0.0 42.0 1.0 0.0 0.6859382655560998
33 33 46 0.0 0.0 0.0 0.0 9.0 0.0 0.0 0.6968641114982577
33 34 32 0.0 0.0 0.0 0.0 2.0 0.0 0.0 0.6993006993006992
33 34 33 0.0 0.0 118.0 0.0 2685.0 16.0 65.0 0.2925198495612202
33 34 34 0.0 0.0 44.0 0.0 1618.0 10.0 13.0 0.38335158817086523
33 34 35 0.0 0.0 390.0 0.0 7504.0 24.0 785.0 0.14171474845632148
33 34 36 0.0 0.0 194.0 0.0 4796.0 12.0 291.0 0.20063055316709658
33 34 37 0.0 0.0 594.0 0.0 10655.0 25.0 2908.0 0.10580411124546553
33 34 38 0.0 0.0 728.0 0.0 11992.0 27.0 4941.0 0.09522513943681131
33 34 39 0.0 0.0 518.0 0.0 9713.0 25.0 2167.0 0.11455691023647818
33 34 40 0.0 0.0 740.0 0.0 11940.0 28.0 5258.0 0.09541984732824427
33 34 41 0.0 0.0 518.0 0.0 10203.0 28.0 2618.0 0.11017549382230266
33 34 42 0.0 0.0 386.0 0.0 8154.0 26.0 1100.0 0.13302926643861648
33 34 43 0.0 0.0 151.0 0.0 3644.0 18.0 126.0 0.2423403150424095
33 34 44 0.0 0.0 175.0 0.0 3850.0 23.0 120.0 0.23325558147284234
33 34 45 0.0 0.0 252.0 0.0 5468.0 25.0 354.0 0.1817709685795897
33 34 46 0.0 0.0 10.0 0.0 199.0 5.0 0.0 0.6352087114337567
33 34 47 0.0 0.0 5.0 0.0 63.0 2.0 0.0 0.6776379477250725
33 35 31 0.0 0.0 0.0 0.0 11.0 0.0 0.0 0.6961710591745399
33 35 32 0.0 0.0 3.0 0.0 111.0 0.0 0.0 0.6625650733554187
33 35 33 0.0 0.0 23.0 0.0 631.0 6.0 1.0 0.528900642236494
33 35 34 0.0 0.0 174.0 0.0 4341.0 14.0 193.0 0.21525215252152516
33 35 35 0.0 0.0 318.0 0.0 7362.0 21.0 905.0 0.14485256078634243
33 35 36 0.0 0.0 557.0 0.0 10258.0 31.0 2352.0 0.10940064077518166
33 35 37 0.0 0.0 435.0 0.0 9346.0 29.0 1928.0 0.1190374968114956
33 35 38 0.0 0.0 667.0 0.0 11537.0 29.0 3860.0 0.09867493656611219
33 35 39 0.0 0.0 603.0 0.0 10474.0 24.0 2593.0 0.10712372790573112
33 35 40 0.0 0.0 864.0 0.0 12673.0 33.0 6519.0 0.09018875217419313
33 35 41 0.0 0.0 994.0 0.0 13081.0 31.0 8260.0 0.08709175738724727
33 35 42 0.0 0.0 993.0 0.0 13245.0 33.0 7759.0 0.08624407072013798
33 35 43 0.0 0.0 476.0 0.0 8898.0 30.0 1466.0 0.12333715091181392
33 35 44 0.0 0.0 451.0 0.0 8765.0 28.0 1390.0 0.12505582849486374
33 35 45 0.0 0.0 193.0 0.0 4374.0 23.0 191.0 0.21390374331550796
33 35 46 0.0 0.0 202.0 0.0 4545.0 22.0 214.0 0.20805468866101942
33 35 47 0.0 0.0 9.0 0.0 164.0 0.0 0.0 0.6445672191528544
33 35 48 0.0 0.0 0.0 0.0 21.0 0.0 0.0 0.6927263730826323
33 36 31 0.0 0.0 1.0 0.0 63.0 0.0 0.0 0.6782945736434108
33 36 32 0.0 0.0 74.0 0.0 1431.0 11.0 11.0 0.4006868918145391
33 36 33 0.0 0.0 165.0 0.0 4552.0 21.0 231.0 0.20895522388059698
33 36 34 0.0 0.0 192.0 0.0 4346.0 20.0 161.0 0.214888718342287
33 36 35 0.0 0.0 677.0 0.0 11472.0 34.0 4622.0 0.09909399773499432
33 36 36 0.0 0.0 1197.0 0.0 12904.0 45.0 15626.0 0.08692412765429032
33 36 37 0.0 0.0 1044.0 0.0 13138.0 37.0 10604.0 0.08659615265664625
33 36 38 0.0 0.0 1212.0 0.0 13768.0 29.0 11094.0 0.08248394508925941
33 36 39 0.0 0.0 1043.0 0.0 13242.0 31.0 10961.0 0.08595284872298624
33 36 40 0.0 0.0 1224.0 0.0 13796.0 27.0 12398.0 0.08220304151253595
33 36 41 0.0 0.0 1321.0 0.0 13697.0 38.0 14969.0 0.08226583617346338
33 36 42 0.0 0.0 1234.0 0.0 13504.0 34.0 13836.0 0.08365700627427547
33 36 43 0.0 0.0 695.0 0.0 11569.0 24.0 3842.0 0.0981973767272217
33 36 44 0.0 0.0 932.0 0.0 12942.0 30.0 7816.0 0.08830022075055186
33 36 45 0.0 0.0 793.0 0.0 12023.0 27.0 6679.0 0.09453710581403199
33 36 46 0.0 0.0 303.0 0.0 6578.0 18.0 575.0 0.15787099684258005
33 36 47 0.0 0.0 70.0 0.0 1553.0 11.0 11.0 0.3875968992248061
33 36 48 0.0 0.0 0.0 0.0 51.0 0.0 0.0 0.68259385665529
33 37 31 0.0 0.0 8.0 0.0 219.0 2.0 0.0 0.6292134831460673
33 37 32 0.0 0.0 39.0 0.0 975.0 5.0 4.0 0.46527085410435354
33 37 33 0.0 0.0 29.0 0.0 1244.0 8.0 8.0 0.4291845493562231
33 37 34 0.0 0.0 404.0 0.0 8455.0 31.0 1318.0 0.1292108906322104
33 37 35 0.0 0.0 914.0 0.0 12964.0 41.0 7233.0 0.08823344047393962
33 37 36 0.0 0.0 1369.0 0.0 13626.0 35.0 16854.0 0.08236747661352002
33 37 37 0.0 0.0 1691.0 0.0 13143.0 38.0 23735.0 0.08312551953449708
33 37 38 0.0 0.0 1374.0 0.0 13958.0 35.0 14452.0 0.08077544426494344
33 37 39 0.0 0.0 1579.0 0.0 13846.0 45.0 19076.0 0.08031667718432677
33 37 40 0.0 0.0 1476.0 0.0 13785.0 53.0 17662.0 0.08115471566865688
33 37 41 0.0 0.0 1762.0 0.0 13373.0 41.0 24148.0 0.08173273395995095
33 37 42 0.0 0.0 1678.0 0.0 13294.0 47.0 22683.0 0.0824985268120212
33 37 43 0.0 0.0 996.0 0.0 13268.0 26.0 7578.0 0.08606381016782443
33 37 44 0.0 0.0 970.0 0.0 13008.0 37.0 7554.0 0.08770830722967045
33 37 45 0.0 0.0 972.0 0.0 12845.0 27.0 9471.0 0.08848438882568574
33 37 46 0.0 0.0 194.0 0.0 4803.0 17.0 244.0 0.20057306590257878
33 37 47 0.0 0.0 139.0 0.0 2959.0 21.0 64.0 0.2758077226162332
33 37 48 0.0 0.0 63.0 0.0 1484.0 11.0 7.0 0.3959276018099547
33 37 49 0.0 0.0 0.0 0.0 9.0 0.0 0.0 0.6968641114982577
33 38 30 0.0 0.0 0.0 0.0 1.0 0.0 0.0 0.6996501749125437
33 38 31 0.0 0.0 133.0 0.0 2580.0 18.0 45.0 0.2979991485738612
33 38 32 0.0 0.0 10.0 0.0 260.0 1.0 0.0 0.6170118995152049
33 38 33 0.0 0.0 231.0 0.0 5460.0 17.0 338.0 0.1823866597186034
33 38 34 0.0 0.0 320.0 0.0 7454.0 21.0 846.0 0.14350143501435011
33 38 35 0.0 0.0 1242.0 0.0 13216.0 30.0 15583.0 0.08510120965290863
33 38 36 0.0 0.0 1997.0 0.0 12596.0 58.0 31577.0 0.08442380751371885
33 38 37 0.0 0.0 1894.0 0.0 13447.0 56.0 26700.0 0.08069164265129682
33 38 38 0.0 0.0 2190.0 0.0 12970.0 64.0 32773.0 0.08160410352063417
33 38 39 0.0 0.0 2105.0 0.0 12983.0 42.0 31229.0 0.08183784415736246
33 38 40 0.0 0.0 1570.0 0.0 14171.0 41.0 17447.0 0.07895330475975636
33 38 41 0.0 0.0 1298.0 0.0 13778.0 38.0 13001.0 0.08203926164664517
33 38 42 0.0 0.0 1316.0 0.0 13652.0 34.0 14422.0 0.0825082508250825
33 38 43 0.0 0.0 950.0 0.0 12964.0 28.0 7424.0 0.0880281690140845
33 38 44 0.0 0.0 1143.0 0.0 13318.0 26.0 11495.0 0.08502368516944005
33 38 45 0.0 0.0 850.0 0.0 12550.0 29.0 5883.0 0.0909386164339071
33 38 46 0.0 0.0 868.0 0.0 12511.0 27.0 7277.0 0.09103322712790167
33 38 47 0.0 0.0 448.0 0.0 8938.0 25.0 1566.0 0.12310939148786491
33 38 48 0.0 0.0 0.0 0.0 174.0 0.0 1.0 0.6439742410303587
33 38 49 0.0 0.0 7.0 0.0 106.0 4.0 0.0 0.6641366223908918
33 39 31 0.0 0.0 0.0 0.0 10.0 0.0 0.0 0.6965174129353233
33 39 32 0.0 0.0 19.0 0.0 799.0 3.0 2.0 0.4973357015985789
33 39 33 0.0 0.0 495.0 0.0 9857.0 21.0 2373.0 0.1133878674981777
33 39 34 0.0 0.0 775.0 0.0 12108.0 25.0 5878.0 0.09407969894496337
33 39 35 0.0 0.0 845.0 0.0 12643.0 27.0 6195.0 0.09042759333419453
33 39 36 0.0 0.0 2051.0 0.0 13111.0 54.0 29589.0 0.0815803274867432
33 39 37 0.0 0.0 2272.0 0.0 12576.0 54.0 36397.0 0.08311071534579993
33 39 38 0.0 0.0 2744.0 0.0 12009.0 50.0 44337.0 0.0835421888053467
33 39 39 0.0 0.0 2496.0 0.0 11974.0 74.0 43564.0 0.0850856934484016
33 39 40 0.0 0.0 2244.0 0.0 13246.0 47.0 32608.0 0.08002743797873556
33 39 41 0.0 0.0 1952.0 0.0 13484.0 52.0 27455.0 0.08031667718432677
33 39 42 0.0 0.0 1425.0 0.0 13818.0 49.0 16694.0 0.08124891184493063
33 39 43 0.0 0.0 1524.0 0.0 13685.0 39.0 18318.0 0.08124891184493063
33 39 44 0.0 0.0 1017.0 0.0 13261.0 41.0 8302.0 0.08609556607834695
33 39 45 0.0 0.0 1231.0 0.0 13322.0 42.0 14687.0 0.08460236886632824
33 39 46 0.0 0.0 799.0 0.0 12347.0 23.0 5964.0 0.09246417013407304
33 39 47 0.0 0.0 237.0 0.0 5404.0 19.0 288.0 0.18363064008394542
33 39 48 0.0 0.0 96.0 0.0 2460.0 13.0 38.0 0.30809859154929575
33 39 49 0.0 0.0 2.0 0.0 61.0 1.0 0.0 0.6792819019893255
33 40 32 0.0 0.0 31.0 0.0 625.0 11.0 5.0 0.529701097237987
33 40 33 0.0 0.0 306.0 0.0 6734.0 21.0 647.0 0.15522785231178618
33 40 34 0.0 0.0 956.0 0.0 12767.0 38.0 11011.0 0.08909819894354992
33 40 35 0.0 0.0 1623.0 0.0 12893.0 51.0 23869.0 0.08478682170542635
33 40 36 0.0 0.0 1828.0 0.0 13466.0 53.0 25009.0 0.08090614886731391
33 40 37 0.0 0.0 2728.0 0.0 10917.0 61.0 51849.0 0.08945686900958466
33 40 38 0.0 0.0 2800.0 0.0 11454.0 74.0 51032.0 0.08616445100935499
33 40 39 0.0 0.0 2480.0 0.0 14155.0 55.0 30280.0 0.07507910119590282
33 40 40 0.0 0.0 2422.0 0.0 12475.0 56.0 38711.0 0.08284023668639053
33 40 41 0.0 0.0 2180.0 0.0 12942.0 50.0 32559.0 0.08179481187193269
33 40 42 0.0 0.0 1859.0 0.0 13558.0 43.0 24959.0 0.08031667718432677
33 40 43 0.0 0.0 1371.0 0.0 13999.0 36.0 14607.0 0.0805662657535823
33 40 44 0.0 0.0 1285.0 0.0 13580.0 22.0 15008.0 0.08298263292039594
33 40 45 0.0 0.0 1053.0 0.0 13464.0 41.0 9458.0 0.0848536274925753
33 40 46 0.0 0.0 554.0 0.0 10217.0 28.0 2427.0 0.10977809142946755
33 40 47 0.0 0.0 535.0 0.0 9929.0 26.0 2073.0 0.11244979919678713
33 40 48 0.0 0.0 117.0 0.0 2868.0 11.0 58.0 0.2814636107760353
33 40 49 0.0 0.0 0.0 0.0 11.0 0.0 0.0 0.6961710591745399
33 41 31 0.0 0.0 0.0 0.0 2.0 0.0 0.0 0.6993006993006992
33 41 32 0.0 0.0 22.0 0.0 450.0 4.0 0.0 0.5674908796108633
33 41 33 0.0 0.0 246.0 0.0 5368.0 15.0 266.0 0.18408941485864563
33 41 34 0.0 0.0 422.0 0.0 9265.0 23.0 1905.0 0.11993489248693565
33 41 35 0.0 0.0 782.0 0.0 12368.0 19.0 6200.0 0.09240314170681801
33 41 36 0.0 0.0 1706.0 0.0 13318.0 47.0 24023.0 0.08222235273389321
33 41 37 0.0 0.0 2399.0 0.0 13170.0 54.0 34380.0 0.07968127490039839
33 41 38 0.0 0.0 2934.0 0.0 11420.0 66.0 51623.0 0.08555365436323636
33 41 39 0.0 0.0 2879.0 0.0 12221.0 53.0 45675.0 0.08174705126707928
33 41 40 0.0 0.0 2308.0 0.0 13762.0 38.0 30338.0 0.07738226840592526
33 41 41 0.0 0.0 2323.0 0.0 12908.0 65.0 34435.0 0.08130081300813008
33 41 42 0.0 0.0 1709.0 0.0 14529.0 41.0 19026.0 0.07676280293891873
33 41 43 0.0 0.0 1879.0 0.0 12917.0 58.0 27961.0 0.0834824090638044
33 41 44 0.0 0.0 1353.0 0.0 13048.0 34.0 17738.0 0.08539709649871903
33 41 45 0.0 0.0 979.0 0.0 13105.0 24.0 9271.0 0.08705926248367638
33 41 46 0.0 0.0 759.0 0.0 12006.0 28.0 5949.0 0.0948316737790422
33 41 47 0.0 0.0 463.0 0.0 8670.0 14.0 1411.0 0.12583138594283658
33 41 48 0.0 0.0 38.0 0.0 1307.0 8.0 8.0 0.41966426858513184
33 41 49 0.0 0.0 1.0 0.0 25.0 0.0 0.0 0.6910167818361302
33 42 31 0.0 0.0 0.0 0.0 2.0 0.0 0.0 0.6993006993006992
33 42 32 0.0 0.0 3.0 0.0 159.0 1.0 0.0 0.6478482184173993
33 42 33 0.0 0.0 148.0 0.0 3294.0 22.0 81.0 0.25835024912345445
33 42 34 0.0 0.0 463.0 0.0 9176.0 21.0 1672.0 0.1204301075268817
33 42 35 0.0 0.0 616.0 0.0 10599.0 22.0 2444.0 0.10600439161050956
33 42 36 0.0 0.0 1670.0 0.0 13166.0 42.0 24860.0 0.0831353919239905
33 42 37 0.0 0.0 2148.0 0.0 13152.0 39.0 31409.0 0.0808454120228677
33 42 38 0.0 0.0 2956.0 0.0 10656.0 65.0 57451.0 0.08963441961713296
33 42 39 0.0 0.0 3049.0 0.0 11805.0 57.0 51052.0 0.08307619273676714
33 42 40 0.0 0.0 2751.0 0.0 11874.0 63.0 46795.0 0.08415990381725277
33 42 41 0.0 0.0 1808.0 0.0 14066.0 37.0 21901.0 0.07827351000782734
33 42 42 0.0 0.0 1561.0 0.0 14036.0 48.0 17879.0 0.07963142028326033
33 42 43 0.0 0.0 1564.0 0.0 13778.0 44.0 19435.0 0.08073817762399077
33 42 44 0.0 0.0 1417.0 0.0 13580.0 43.0 16481.0 0.082382017182535
33 42 45 0.0 0.0 919.0 0.0 13135.0 31.0 7069.0 0.08723284939871642
33 42 46 0.0 0.0 519.0 0.0 10453.0 22.0 3057.0 0.10806638363566189
33 42 47 0.0 0.0 183.0 0.0 4596.0 15.0 229.0 0.2069475240206947
33 42 48 0.0 0.0 28.0 0.0 864.0 4.0 1.0 0.484764542936288
33 42 49 0.0 0.0 10.0 0.0 177.0 3.0 0.0 0.641025641025641
33 43 31 0.0 0.0 0.0 0.0 3.0 0.0 0.0 0.6989515726410384
33 43 32 0.0 0.0 112.0 0.0 2556.0 19.0 40.0 0.30120481927710835
33 43 33 0.0 0.0 163.0 0.0 4767.0 14.0 270.0 0.20234137881196704
33 43 34 0.0 0.0 291.0 0.0 6622.0 23.0 570.0 0.15744489428699954
33 43 35 0.0 0.0 1030.0 0.0 13078.0 41.0 10367.0 0.08699975142928162
33 43 36 0.0 0.0 1162.0 0.0 13597.0 41.0 11755.0 0.08360205422190373
33 43 37 0.0 0.0 2225.0 0.0 12354.0 39.0 35954.0 0.08434243026688354
33 43 38 0.0 0.0 2478.0 0.0 12088.0 57.0 41891.0 0.08453085376162298
33 43 39 0.0 0.0 3094.0 0.0 9867.0 66.0 65141.0 0.09352662168481526
33 43 40 0.0 0.0 2661.0 0.0 10536.0 71.0 54982.0 0.09215376513954711
33 43 41 0.0 0.0 2186.0 0.0 12505.0 48.0 36221.0 0.08383233532934131
33 43 42 0.0 0.0 1381.0 0.0 14095.0 39.0 14569.0 0.08013737836290782
33 43 43 0.0 0.0 1131.0 0.0 13522.0 23.0 11398.0 0.08404370272541721
33 43 44 0.0 0.0 1696.0 0.0 13094.0 49.0 24252.0 0.08343763037129745
33 43 45 0.0 0.0 1162.0 0.0 13083.0 27.0 14589.0 0.08612204724409449
33 43 46 0.0 0.0 458.0 0.0 9532.0 17.0 1896.0 0.11680293675955279
33 43 47 0.0 0.0 120.0 0.0 3113.0 21.0 80.0 0.2686108979278587
33 43 48 0.0 0.0 12.0 0.0 468.0 4.0 1.0 0.5654281098546041
33 43 49 0.0 0.0 2.0 0.0 27.0 1.0 0.0 0.690335305719921
33 44 31 0.0 0.0 0.0 0.0 1.0 0.0 0.0 0.6996501749125437
33 44 32 0.0 0.0 0.0 0.0 45.0 0.0 0.0 0.6845965770171147
33 44 33 0.0 0.0 104.0 0.0 2383.0 15.0 42.0 0.3130590339892665
33 44 34 0.0 0.0 110.0 0.0 3300.0 6.0 89.0 0.25906735751295334
33 44 35 0.0 0.0 679.0 0.0 11562.0 27.0 4786.0 0.09845288326300984
33 44 36 0.0 0.0 885.0 0.0 12891.0 32.0 5910.0 0.08880994671403196
33 44 37 0.0 0.0 1221.0 0.0 13622.0 40.0 12415.0 0.08316502316739931
33 44 38 0.0 0.0 1768.0 0.0 13535.0 43.0 23841.0 0.08092485549132947
33 44 39 0.0 0.0 2372.0 0.0 11067.0 56.0 46767.0 0.09062661833247021
33 44 40 0.0 0.0 1499.0 0.0 13799.0 40.0 18335.0 0.0809108247124776
33 44 41 0.0 0.0 1939.0 0.0 12657.0 50.0 30873.0 0.08435767654856591
33 44 42 0.0 0.0 1574.0 0.0 13841.0 47.0 18557.0 0.08041355542791498
33 44 43 0.0 0.0 1428.0 0.0 13043.0 31.0 19781.0 0.08494114791894186
33 44 44 0.0 0.0 874.0 0.0 12587.0 41.0 6883.0 0.09069119647599921
33 44 45 0.0 0.0 792.0 0.0 12092.0 23.0 4808.0 0.09411764705882351
33 44 46 0.0 0.0 278.0 0.0 6104.0 16.0 493.0 0.16724405686297933
33 44 47 0.0 0.0 313.0 0.0 7540.0 14.0 1092.0 0.14216084484159217
33 44 48 0.0 0.0 184.0 0.0 4571.0 19.0 218.0 0.20768431983385252
33 44 49 0.0 0.0 0.0 0.0 21.0 0.0 0.0 0.6927263730826323
33 45 32 0.0 0.0 0.0 0.0 1.0 0.0 0.0 0.6996501749125437
33 45 33 0.0 0.0 62.0 0.0 1968.0 10.0 31.0 0.3481720964934096
33 45 34 0.0 0.0 63.0 0.0 1768.0 10.0 12.0 0.3663003663003663
33 45 35 0.0 0.0 325.0 0.0 6843.0 12.0 637.0 0.15282174435105333
33 45 36 0.0 0.0 347.0 0.0 8008.0 23.0 1145.0 0.13540961408259986
33 45 37 0.0 0.0 922.0 0.0 12744.0 38.0 7833.0 0.0894340104765555
33 45 38 0.0 0.0 1148.0 0.0 13561.0 33.0 10355.0 0.0837621155917195
33 45 39 0.0 0.0 1780.0 0.0 12423.0 49.0 29547.0 0.08637176877043617
33 45 40 0.0 0.0 1181.0 0.0 13664.0 45.0 11274.0 0.08316008316008315
33 45 41 0.0 0.0 1089.0 0.0 13664.0 31.0 9815.0 0.08358707982566123
33 45 42 0.0 0.0 1210.0 0.0 13296.0 22.0 15420.0 0.08479709267110841
33 45 43 0.0 0.0 678.0 0.0 11112.0 24.0 3396.0 0.10158914447427617
33 45 44 0.0 0.0 1076.0 0.0 12863.0 39.0 12920.0 0.08784038147822812
33 45 45 0.0 0.0 570.0 0.0 10396.0 21.0 2668.0 0.10802469135802467
33 45 46 0.0 0.0 395.0 0.0 8054.0 19.0 1114.0 0.13409961685823754
33 45 47 0.0 0.0 100.0 0.0 2485.0 14.0 41.0 0.30627871362940273
33 45 48 0.0 0.0 156.0 0.0 3185.0 23.0 75.0 0.2633063757758134
33 45 49 0.0 0.0 0.0 0.0 17.0 0.0 0.0 0.694100148735746
33 45 50 0.0 0.0 0.0 0.0 1.0 0.0 0.0 0.6996501749125437
33 46 32 0.0 0.0 1.0 0.0 4.0 0.0 0.0 0.6982543640897755
33 46 33 0.0 0.0 0.0 0.0 20.0 0.0 0.0 0.6930693069306929
33 46 34 0.0 0.0 266.0 0.0 6431.0 25.0 662.0 0.16132749481447334
33 46 35 0.0 0.0 146.0 0.0 3484.0 11.0 96.0 0.24906600249066
33 46 36 0.0 0.0 318.0 0.0 6928.0 22.0 696.0 0.1517450682852807
33 46 37 0.0 0.0 469.0 0.0 9069.0 17.0 1585.0 0.1214750542299349
33 46 38 0.0 0.0 603.0 0.0 10568.0 31.0 2645.0 0.10641532380662813
33 46 39 0.0 0.0 1017.0 0.0 13101.0 32.0 9954.0 0.08686480114165165
33 46 40 0.0 0.0 797.0 0.0 12559.0 25.0 7110.0 0.09121115382109583
33 46 41 0.0 0.0 1000.0 0.0 13128.0 28.0 10069.0 0.08683786130753007
33 46 42 0.0 0.0 1058.0 0.0 13058.0 42.0 11763.0 0.0869619231008137
33 46 43 0.0 0.0 524.0 0.0 9768.0 15.0 1895.0 0.11396011396011395
33 46 44 0.0 0.0 311.0 0.0 6580.0 15.0 525.0 0.1576221571718081
33 46 45 0.0 0.0 199.0 0.0 4517.0 19.0 199.0 0.2090488278333582
33 46 46 0.0 0.0 78.0 0.0 1639.0 8.0 8.0 0.37756202804746486
33 46 47 0.0 0.0 16.0 0.0 484.0 5.0 2.0 0.5611222444889779
33 46 48 0.0 0.0 37.0 0.0 917.0 4.0 3.0 0.4745762711864406
33 46 49 0.0 0.0 5.0 0.0 129.0 2.0 0.0 0.6566604127579737
33 47 33 0.0 0.0 1.0 0.0 27.0 1.0 0.0 0.6906758756783422
33 47 34 0.0 0.0 0.0 0.0 28.0 0.0 0.0 0.690335305719921
33 47 35 0.0 0.0 101.0 0.0 2379.0 16.0 38.0 0.31354983202687564
33 47 36 0.0 0.0 15.0 0.0 489.0 4.0 0.0 0.5599999999999999
33 47 37 0.0 0.0 185.0 0.0 4707.0 11.0 227.0 0.20339968037193082
33 47 38 0.0 0.0 434.0 0.0 8623.0 17.0 1216.0 0.12668536784001447
33 47 39 0.0 0.0 797.0 0.0 12189.0 24.0 5337.0 0.09343299519487452
33 47 40 0.0 0.0 408.0 0.0 8528.0 22.0 1265.0 0.12816991668955413
33 47 41 0.0 0.0 359.0 0.0 7905.0 22.0 1036.0 0.1365054602184087
33 47 42 0.0 0.0 317.0 0.0 7633.0 13.0 1009.0 0.14085924137237146
33 47 43 0.0 0.0 477.0 0.0 9367.0 17.0 1766.0 0.1182632201385369
33 47 44 0.0 0.0 134.0 0.0 2963.0 15.0 73.0 0.2754820936639118
33 47 45 0.0 0.0 204.0 0.0 4851.0 16.0 249.0 0.19880715705765406
33 47 46 0.0 0.0 6.0 0.0 166.0 1.0 0.0 0.64486411791801
33 47 47 0.0 0.0 0.0 0.0 16.0 0.0 0.0 0.6944444444444444
33 47 48 0.0 0.0 0.0 0.0 1.0 0.0 0.0 0.6996501749125437
33 48 35 0.0 0.0 0.0 0.0 1.0 0.0 0.0 0.6996501749125437
33 48 36 0.0 0.0 1.0 0.0 42.0 1.0 0.0 0.6856023506366307
33 48 37 0.0 0.0 318.0 0.0 6817.0 19.0 616.0 0.1534582922284336
33 48 38 0.0 0.0 181.0 0.0 4139.0 19.0 161.0 0.22218695445167427
33 48 39 0.0 0.0 577.0 0.0 10104.0 33.0 2159.0 0.1105670510187964
33 48 40 0.0 0.0 290.0 0.0 6842.0 16.0 685.0 0.15352560587783745
33 48 41 0.0 0.0 574.0 0.0 10305.0 28.0 2858.0 0.10882238631947143
33 48 42 0.0 0.0 134.0 0.0 2671.0 11.0 43.0 0.29203170629954106
33 48 43 0.0 0.0 15.0 0.0 454.0 4.0 1.0 0.5679513184584178
33 48 44 0.0 0.0 6.0 0.0 138.0 1.0 0.0 0.65359477124183
33 48 45 0.0 0.0 0.0 0.0 42.0 0.0 0.0 0.6856023506366307
33 48 46 0.0 0.0 12.0 0.0 223.0 2.0 0.0 0.6269592476489028
33 48 47 0.0 0.0 0.0 0.0 1.0 0.0 0.0 0.6996501749125437
33 49 36 0.0 0.0 0.0 0.0 9.0 0.0 0.0 0.6968641114982577
33 49 37 0.0 0.0 0.0 0.0 37.0 0.0 0.0 0.6872852233676975
33 49 38 0.0 0.0 33.0 0.0 582.0 5.0 0.0 0.5363984674329502
33 49 39 0.0 0.0 24.0 0.0 550.0 3.0 1.0 0.5445352003111629
33 49 40 0.0 0.0 38.0 0.0 1026.0 8.0 7.0 0.4582651391162029
33 49 41 0.0 0.0 33.0 0.0 636.0 5.0 1.0 0.5255255255255254
33 49 42 0.0 0.0 82.0 0.0 1839.0 10.0 31.0 0.3579647149066734
33 49 43 0.0 0.0 0.0 0.0 3.0 0.0 0.0 0.6989515726410384
33 50 41 0.0 0.0 0.0 0.0 3.0 0.0 0.0 0.6989515726410384
33 50 42 0.0 0.0 0.0 0.0 3.0 0.0 0.0 0.6993006993006992
34 30 33 0.0 0.0 0.0 0.0 2.0 0.0 0.0 0.6993006993006992
34 30 35 0.0 0.0 0.0 0.0 1.0 0.0 0.0 0.6996501749125437
34 30 36 0.0 0.0 0.0 0.0 4.0 0.0 0.0 0.6986027944111775
34 30 37 0.0 0.0 0.0 0.0 15.0 1.0 0.0 0.6951340615690167
34 30 38 0.0 0.0 0.0 0.0 15.0 1.0 0.0 0.6951340615690167
34 30 39 0.0 0.0 2.0 0.0 4.0 0.0 0.0 0.6979062811565303
34 30 40 0.0 0.0 0.0 0.0 4.0 0.0 0.0 0.6986027944111775
34 31 33 0.0 0.0 0.0 0.0 1.0 0.0 0.0 0.6996501749125437
34 31 34 0.0 0.0 6.0 0.0 58.0 0.0 0.0 0.6782945736434108
34 31 35 0.0 0.0 0.0 0.0 12.0 0.0 0.0 0.6958250497017892
34 31 36 0.0 0.0 11.0 0.0 301.0 2.0 0.0 0.606060606060606
34 31 37 0.0 0.0 3.0 0.0 179.0 2.0 0.0 0.6422018348623851
34 31 38 0.0 0.0 11.0 0.0 485.0 3.0 1.0 0.5615724027276373
34 31 39 0.0 0.0 16.0 0.0 531.0 1.0 0.0 0.5498821681068342
34 31 40 0.0 0.0 2.0 0.0 270.0 1.0 0.0 0.6167400881057268
34 31 41 0.0 0.0 11.0 0.0 299.0 2.0 0.0 0.6068487212830515
34 31 42 0.0 0.0 24.0 0.0 454.0 3.0 1.0 0.5656565656565656
34 31 43 0.0 0.0 0.0 0.0 28.0 0.0 0.0 0.690335305719921
34 31 44 0.0 0.0 6.0 0.0 213.0 3.0 0.0 0.6317689530685919
34 31 46 0.0 0.0 0.0 0.0 1.0 0.0 0.0 0.6996501749125437
34 32 31 0.0 0.0 0.0 0.0 4.0 0.0 0.0 0.6986027944111775
34 32 33 0.0 0.0 0.0 0.0 27.0 0.0 0.0 0.6906758756783422
34 32 34 0.0 0.0 0.0 0.0 95.0 0.0 0.0 0.6685768863419292
34 32 35 0.0 0.0 32.0 0.0 978.0 5.0 6.0 0.46604527296937415
34 32 36 0.0 0.0 117.0 0.0 2936.0 19.0 66.0 0.2780536246276067
34 32 37 0.0 0.0 43.0 0.0 1441.0 6.0 13.0 0.4026459591601955
34 32 38 0.0 0.0 176.0 0.0 3707.0 15.0 109.0 0.23862280552241347
34 32 39 0.0 0.0 110.0 0.0 2740.0 21.0 57.0 0.28991509629322837
34 32 40 0.0 0.0 67.0 0.0 1652.0 10.0 16.0 0.3774602318684281
34 32 41 0.0 0.0 246.0 0.0 5934.0 15.0 469.0 0.17131669114047965
34 32 42 0.0 0.0 171.0 0.0 3159.0 28.0 59.0 0.26415094339622636
34 32 43 0.0 0.0 37.0 0.0 968.0 7.0 1.0 0.46697798532354895
34 32 44 0.0 0.0 59.0 0.0 1472.0 9.0 12.0 0.39750141964792723
34 32 45 0.0 0.0 9.0 0.0 240.0 2.0 0.0 0.6230529595015576
34 32 46 0.0 0.0 0.0 0.0 6.0 0.0 0.0 0.6979062811565303
34 32 47 0.0 0.0 1.0 0.0 3.0 0.0 0.0 0.6986027944111775
34 32 48 0.0 0.0 0.0 0.0 2.0 0.0 0.0 0.6993006993006992
34 33 31 0.0 0.0 0.0 0.0 2.0 0.0 0.0 0.6993006993006992
34 33 32 0.0 0.0 1.0 0.0 26.0 0.0 0.0 0.6910167818361302
34 33 33 0.0 0.0 0.0 0.0 59.0 0.0 0.0 0.6799417192812044
34 33 34 0.0 0.0 9.0 0.0 324.0 4.0 1.0 0.6011163589523401
34 33 35 0.0 0.0 413.0 0.0 8258.0 20.0 1185.0 0.1313690532044665
34 33 36 0.0 0.0 690.0 0.0 11479.0 20.0 4077.0 0.09884911388830048
34 33 37 0.0 0.0 688.0 0.0 11716.0 24.0 5440.0 0.09720197181142817
34 33 38 0.0 0.0 753.0 0.0 11977.0 24.0 5918.0 0.09501832496267136
34 33 39 0.0 0.0 553.0 0.0 9881.0 35.0 2168.0 0.11283952607399049
34 33 40 0.0 0.0 405.0 0.0 8760.0 18.0 1537.0 0.12556053811659193
34 33 41 0.0 0.0 344.0 0.0 7399.0 30.0 871.0 0.14398848092152627
34 33 42 0.0 0.0 633.0 0.0 11050.0 27.0 3487.0 0.10240655401945724
34 33 43 0.0 0.0 212.0 0.0 5252.0 19.0 305.0 0.18794469056249155
34 33 44 0.0 0.0 15.0 0.0 604.0 6.0 4.0 0.535782625334864
34 33 45 0.0 0.0 84.0 0.0 1548.0 10.0 11.0 0.38652678078409713
34 33 46 0.0 0.0 0.0 0.0 43.0 1.0 0.0 0.6856023506366307
34 33 47 0.0 0.0 2.0 0.0 18.0 0.0 0.0 0.6930693069306929
34 33 48 0.0 0.0 0.0 0.0 4.0 0.0 0.0 0.6986027944111775
34 34 30 0.0 0.0 0.0 0.0 1.0 0.0 0.0 0.6996501749125437
34 34 31 0.0 0.0 0.0 0.0 9.0 0.0 0.0 0.6968641114982577
34 34 32 0.0 0.0 3.0 0.0 148.0 1.0 1.0 0.6508600650860064
34 34 33 0.0 0.0 1.0 0.0 104.0 0.0 0.0 0.6650831353919239
34 34 34 0.0 0.0 277.0 0.0 6121.0 26.0 421.0 0.16714422158548228
34 34 35 0.0 0.0 804.0 0.0 12316.0 26.0 6112.0 0.09258646914886581
34 34 36 0.0 0.0 621.0 0.0 10890.0 37.0 3366.0 0.10380366278638688
34 34 37 0.0 0.0 873.0 0.0 12405.0 35.0 6755.0 0.09171907756813416
34 34 38 0.0 0.0 793.0 0.0 12468.0 30.0 5510.0 0.0918514630625902
34 34 39 0.0 0.0 1071.0 0.0 13351.0 32.0 10990.0 0.08528784648187633
34 34 40 0.0 0.0 563.0 0.0 10208.0 23.0 2415.0 0.10971786833855798
34 34 41 0.0 0.0 871.0 0.0 12570.0 38.0 7292.0 0.09079118028534369
34 34 42 0.0 0.0 930.0 0.0 12687.0 28.0 10123.0 0.08970333824565899
34 34 43 0.0 0.0 709.0 0.0 11403.0 29.0 3278.0 0.09934009792095365
34 34 44 0.0 0.0 475.0 0.0 8907.0 23.0 1412.0 0.12309856678097247
34 34 45 0.0 0.0 172.0 0.0 3747.0 17.0 119.0 0.23716754192783326
34 34 46 0.0 0.0 129.0 0.0 2699.0 15.0 45.0 0.2909393183707398
34 34 47 0.0 0.0 3.0 0.0 48.0 2.0 0.0 0.6835937499999999
34 34 48 0.0 0.0 11.0 0.0 116.0 3.0 0.0 0.6591337099811675
34 35 30 0.0 0.0 0.0 0.0 5.0 0.0 0.0 0.6982543640897755
34 35 31 0.0 0.0 0.0 0.0 31.0 0.0 0.0 0.6893156080748399
34 35 32 0.0 0.0 22.0 0.0 593.0 7.0 3.0 0.5372217958557175
34 35 33 0.0 0.0 131.0 0.0 2536.0 17.0 33.0 0.3009458297506449
34 35 34 0.0 0.0 460.0 0.0 8670.0 26.0 1356.0 0.12596724851538596
34 35 35 0.0 0.0 862.0 0.0 12576.0 33.0 7318.0 0.09075586671852716
34 35 36 0.0 0.0 1080.0 0.0 12919.0 36.0 12529.0 0.08756019763587465
34 35 37 0.0 0.0 1228.0 0.0 13638.0 32.0 12619.0 0.08304169879589536
34 35 38 0.0 0.0 1558.0 0.0 13507.0 34.0 20980.0 0.08200082000820007
34 35 39 0.0 0.0 1458.0 0.0 14054.0 22.0 15128.0 0.0798676478977694
34 35 40 0.0 0.0 1675.0 0.0 13383.0 51.0 22789.0 0.082174091682808
34 35 41 0.0 0.0 1350.0 0.0 13505.0 42.0 16823.0 0.08309098462816783
34 35 42 0.0 0.0 981.0 0.0 13298.0 34.0 8585.0 0.08606381016782443
34 35 43 0.0 0.0 1237.0 0.0 13424.0 38.0 13775.0 0.08408408408408408
34 35 44 0.0 0.0 593.0 0.0 10968.0 33.0 3797.0 0.10342025559577454
34 35 45 0.0 0.0 486.0 0.0 9854.0 20.0 2345.0 0.11349817592217266
34 35 46 0.0 0.0 88.0 0.0 2737.0 10.0 63.0 0.2908184461985874
34 35 47 0.0 0.0 36.0 0.0 734.0 5.0 5.0 0.5063291139240506
34 35 48 0.0 0.0 3.0 0.0 125.0 0.0 0.0 0.6582040432534085
34 36 30 0.0 0.0 0.0 0.0 5.0 0.0 0.0 0.6982543640897755
34 36 31 0.0 0.0 27.0 0.0 648.0 4.0 0.0 0.5243445692883895
34 36 32 0.0 0.0 531.0 0.0 9675.0 21.0 1928.0 0.11471648639790233
34 36 33 0.0 0.0 455.0 0.0 8790.0 24.0 1379.0 0.12468827930174563
34 36 34 0.0 0.0 422.0 0.0 8815.0 24.0 1455.0 0.124777183600713
34 36 35 0.0 0.0 1041.0 0.0 13019.0 40.0 10743.0 0.08727635434199861
34 36 36 0.0 0.0 1203.0 0.0 13877.0 26.0 10043.0 0.08195761620419154
34 36 37 0.0 0.0 1628.0 0.0 14162.0 30.0 18941.0 0.07864284911807662
34 36 38 0.0 0.0 1820.0 0.0 13441.0 39.0 25039.0 0.08105135182076072
34 36 39 0.0 0.0 2265.0 0.0 13036.0 58.0 33392.0 0.0809482509395779
34 36 40 0.0 0.0 2144.0 0.0 12665.0 42.0 34150.0 0.08325899494498959
34 36 41 0.0 0.0 2076.0 0.0 12883.0 50.0 32194.0 0.08253257088958321
34 36 42 0.0 0.0 1756.0 0.0 13454.0 50.0 23716.0 0.08132442637234968
34 36 43 0.0 0.0 1506.0 0.0 12984.0 46.0 21405.0 0.0849514563106796
34 36 44 0.0 0.0 980.0 0.0 13154.0 28.0 8954.0 0.08685941183769696
34 36 45 0.0 0.0 775.0 0.0 12242.0 26.0 6581.0 0.09327115256495667
34 36 46 0.0 0.0 328.0 0.0 7083.0 13.0 763.0 0.14893617021276595
34 36 47 0.0 0.0 465.0 0.0 9029.0 27.0 1778.0 0.12199372603694666
34 36 48 0.0 0.0 0.0 0.0 87.0 0.0 0.0 0.670819357930043
34 37 30 0.0 0.0 0.0 0.0 2.0 0.0 0.0 0.6993006993006992
34 37 31 0.0 0.0 8.0 0.0 219.0 2.0 0.0 0.6292134831460673
34 37 32 0.0 0.0 458.0 0.0 9250.0 28.0 1981.0 0.11977072461288389
34 37 33 0.0 0.0 238.0 0.0 5219.0 25.0 313.0 0.18837459634015066
34 37 34 0.0 0.0 991.0 0.0 13042.0 39.0 8637.0 0.08739076154806491
34 37 35 0.0 0.0 967.0 0.0 13180.0 37.0 8109.0 0.08681632146843606
34 37 36 0.0 0.0 2373.0 0.0 11340.0 66.0 44746.0 0.08913790907933274
34 37 37 0.0 0.0 2445.0 0.0 12526.0 57.0 38734.0 0.08250338853202899
34 37 38 0.0 0.0 2529.0 0.0 12011.0 66.0 41588.0 0.08465352521465715
34 37 39 0.0 0.0 2460.0 0.0 13483.0 56.0 33017.0 0.07804225430626009
34 37 40 0.0 0.0 2742.0 0.0 11960.0 54.0 45086.0 0.08380222674488207
34 37 41 0.0 0.0 2348.0 0.0 13154.0 48.0 34243.0 0.07993605115907274
34 37 42 0.0 0.0 2586.0 0.0 11587.0 49.0 46652.0 0.08653727283965879
34 37 43 0.0 0.0 2422.0 0.0 12025.0 58.0 40762.0 0.08512708257327009
34 37 44 0.0 0.0 1966.0 0.0 12495.0 48.0 32459.0 0.08505467800729039
34 37 45 0.0 0.0 1295.0 0.0 13306.0 41.0 15925.0 0.08427642667950878
34 37 46 0.0 0.0 779.0 0.0 12116.0 30.0 4906.0 0.09408602150537633
34 37 47 0.0 0.0 211.0 0.0 5070.0 11.0 294.0 0.1925457296107825
34 37 48 0.0 0.0 33.0 0.0 775.0 3.0 3.0 0.499108734402852
34 37 49 0.0 0.0 0.0 0.0 11.0 0.0 0.0 0.6961710591745399
34 38 31 0.0 0.0 17.0 0.0 329.0 3.0 1.0 0.5975245411865129
34 38 32 0.0 0.0 184.0 0.0 4164.0 17.0 156.0 0.22106426654034422
34 38 33 0.0 0.0 405.0 0.0 8416.0 22.0 1141.0 0.12956964368347987
34 38 34 0.0 0.0 947.0 0.0 12985.0 37.0 9016.0 0.08792313006343025
34 38 35 0.0 0.0 1524.0 0.0 13366.0 49.0 20527.0 0.08292856296647316
34 38 36 0.0 0.0 2150.0 0.0 12854.0 63.0 32984.0 0.08240141259564449
34 38 37 0.0 0.0 2759.0 0.0 12818.0 55.0 41180.0 0.07956353716753807
34 38 38 0.0 0.0 3413.0 0.0 10630.0 60.0 63817.0 0.08715139442231075
34 38 39 0.0 0.0 3012.0 0.0 12771.0 66.0 42575.0 0.07870916961826052
34 38 40 0.0 0.0 3215.0 0.0 11490.0 57.0 54655.0 0.08381727833323353
34 38 41 0.0 0.0 2844.0 0.0 12819.0 69.0 41966.0 0.07927070947284977
34 38 42 0.0 0.0 2841.0 0.0 12457.0 64.0 44471.0 0.0808687615526802
34 38 43 0.0 0.0 2467.0 0.0 13203.0 44.0 34771.0 0.07922136713444997
34 38 44 0.0 0.0 1816.0 0.0 12901.0 48.0 28479.0 0.0837621155917195
34 38 45 0.0 0.0 1231.0 0.0 13679.0 28.0 12572.0 0.08278635207852876
34 38 46 0.0 0.0 1033.0 0.0 13185.0 31.0 9877.0 0.08635045950780237
34 38 47 0.0 0.0 650.0 0.0 11286.0 23.0 4210.0 0.10045924225028702
34 38 48 0.0 0.0 280.0 0.0 5915.0 12.0 401.0 0.1710028093318676
34 38 49 0.0 0.0 0.0 0.0 21.0 0.0 0.0 0.6927263730826323
34 38 50 0.0 0.0 0.0 0.0 1.0 0.0 0.0 0.6996501749125437
34 39 30 0.0 0.0 0.0 0.0 1.0 0.0 0.0 0.6996501749125437
34 39 31 0.0 0.0 2.0 0.0 42.0 1.0 0.0 0.6852667645619186
34 39 32 0.0 0.0 24.0 0.0 533.0 5.0 2.0 0.5483744614179396
34 39 33 0.0 0.0 540.0 0.0 10090.0 23.0 2356.0 0.11097019657577678
34 39 34 0.0 0.0 758.0 0.0 12112.0 31.0 6213.0 0.09425705244731702
34 39 35 0.0 0.0 1482.0 0.0 13888.0 36.0 17465.0 0.08058945429426663
34 39 36 0.0 0.0 3018.0 0.0 9951.0 81.0 64038.0 0.0936204360037448
34 39 37 0.0 0.0 3501.0 0.0 11221.0 76.0 59396.0 0.08371703641691082
34 39 38 0.0 0.0 3688.0 0.0 11824.0 71.0 56753.0 0.07995887829116453
34 39 39 0.0 0.0 3749.0 0.0 11467.0 69.0 59236.0 0.08130081300813008
34 39 40 0.0 0.0 3741.0 0.0 11462.0 70.0 59762.0 0.0812960919807212
34 39 41 0.0 0.0 2866.0 0.0 13846.0 64.0 35498.0 0.07489033914625012
34 39 42 0.0 0.0 2996.0 0.0 12144.0 68.0 46721.0 0.08170411438576013
34 39 43 0.0 0.0 2729.0 0.0 11932.0 65.0 46671.0 0.084008400840084
34 39 44 0.0 0.0 2164.0 0.0 12633.0 53.0 34101.0 0.08334821694350181
34 39 45 0.0 0.0 1987.0 0.0 13003.0 45.0 29411.0 0.08232388568740444
34 39 46 0.0 0.0 1158.0 0.0 13444.0 38.0 12244.0 0.08434751174840342
34 39 47 0.0 0.0 495.0 0.0 9221.0 23.0 1547.0 0.1196683477220275
34 39 48 0.0 0.0 215.0 0.0 5040.0 8.0 213.0 0.19307681699075985
34 39 49 0.0 0.0 29.0 0.0 728.0 11.0 1.0 0.5098324836125272
34 40 31 0.0 0.0 1.0 0.0 22.0 0.0 0.0 0.6920415224913494
34 40 32 0.0 0.0 88.0 0.0 2218.0 12.0 37.0 0.3258845437616387
34 40 33 0.0 0.0 240.0 0.0 6191.0 18.0 587.0 0.16625103906899416
34 40 34 0.0 0.0 1078.0 0.0 13405.0 33.0 10819.0 0.08496692359045942
34 40 35 0.0 0.0 1468.0 0.0 14088.0 43.0 15919.0 0.07973119198132012
34 40 36 0.0 0.0 2615.0 0.0 12498.0 66.0 40125.0 0.08177092459552596
34 40 37 0.0 0.0 3633.0 0.0 10400.0 63.0 67568.0 0.0872437215678943
34 40 38 0.0 0.0 3874.0 0.0 8217.0 70.0 89185.0 0.09925558312655085
34 40 39 0.0 0.0 4186.0 0.0 9386.0 67.0 81269.0 0.0898530261215583
34 40 40 0.0 0.0 3946.0 0.0 10283.0 70.0 70453.0 0.08623875816188246
34 40 41 0.0 0.0 3625.0 0.0 11250.0 59.0 60191.0 0.08290400900100668
34 40 42 0.0 0.0 3246.0 0.0 11006.0 74.0 56982.0 0.08618566855454321
34 40 43 0.0 0.0 2861.0 0.0 12435.0 49.0 43396.0 0.08092485549132947
34 40 44 0.0 0.0 2308.0 0.0 12742.0 54.0 35631.0 0.08216926869350862
34 40 45 0.0 0.0 1723.0 0.0 13798.0 46.0 22090.0 0.0798676478977694
34 40 46 0.0 0.0 1263.0 0.0 13291.0 46.0 15176.0 0.08457170472393379
34 40 47 0.0 0.0 603.0 0.0 11043.0 29.0 3525.0 0.10267693436010267
34 40 48 0.0 0.0 121.0 0.0 3166.0 15.0 72.0 0.26555386949924126
34 40 49 0.0 0.0 41.0 0.0 885.0 15.0 7.0 0.48093438680865674
34 40 50 0.0 0.0 0.0 0.0 2.0 0.0 0.0 0.6993006993006992
34 41 30 0.0 0.0 0.0 0.0 1.0 0.0 0.0 0.6996501749125437
34 41 31 0.0 0.0 0.0 0.0 16.0 0.0 0.0 0.6944444444444444
34 41 32 0.0 0.0 15.0 0.0 654.0 2.0 4.0 0.5251312828207051
34 41 33 0.0 0.0 391.0 0.0 7630.0 28.0 813.0 0.14001400140014
34 41 34 0.0 0.0 748.0 0.0 11904.0 33.0 4955.0 0.09564801530368244
34 41 35 0.0 0.0 1338.0 0.0 13850.0 28.0 14147.0 0.08141428239125377
34 41 36 0.0 0.0 2170.0 0.0 13252.0 57.0 31072.0 0.08039970137253774
34 41 37 0.0 0.0 3443.0 0.0 12230.0 70.0 52050.0 0.07924378785305937
34 41 38 0.0 0.0 4087.0 0.0 11891.0 72.0 59972.0 0.07781236104935525
34 41 39 0.0 0.0 4351.0 0.0 9462.0 80.0 81544.0 0.08842849924204144
34 41 40 0.0 0.0 4101.0 0.0 10902.0 66.0 67120.0 0.08226583617346338
34 41 41 0.0 0.0 3245.0 0.0 13272.0 58.0 42618.0 0.07560619970837608
34 41 42 0.0 0.0 3037.0 0.0 12707.0 76.0 44594.0 0.07900677200902934
34 41 43 0.0 0.0 2868.0 0.0 12162.0 64.0 45382.0 0.08215480312188252
34 41 44 0.0 0.0 2472.0 0.0 13031.0 60.0 37108.0 0.08000914390216024
34 41 45 0.0 0.0 1596.0 0.0 13913.0 50.0 18732.0 0.079981718464351
34 41 46 0.0 0.0 1038.0 0.0 13092.0 35.0 11626.0 0.08688097306689835
34 41 47 0.0 0.0 795.0 0.0 12194.0 27.0 5909.0 0.09342052582410248
34 41 48 0.0 0.0 167.0 0.0 4217.0 14.0 196.0 0.21967676133689
34 41 49 0.0 0.0 4.0 0.0 124.0 2.0 0.0 0.6591337099811675
34 41 50 0.0 0.0 0.0 0.0 1.0 0.0 0.0 0.6996501749125437
34 42 30 0.0 0.0 0.0 0.0 1.0 0.0 0.0 0.6996501749125437
34 42 31 0.0 0.0 2.0 0.0 39.0 0.0 0.0 0.6859382655560998
34 42 32 0.0 0.0 140.0 0.0 3273.0 21.0 76.0 0.2597402597402597
34 42 33 0.0 0.0 619.0 0.0 10724.0 34.0 3288.0 0.10507355148604021
34 42 34 0.0 0.0 1355.0 0.0 13105.0 49.0 17390.0 0.08511673151750972
34 42 35 0.0 0.0 1613.0 0.0 13591.0 46.0 20978.0 0.08138115444980526
34 42 36 0.0 0.0 2103.0 0.0 12951.0 63.0 30762.0 0.08214998239643234
34 42 37 0.0 0.0 3207.0 0.0 11512.0 58.0 53958.0 0.08366200549778892
34 42 38 0.0 0.0 3791.0 0.0 8462.0 71.0 87475.0 0.09831460674157302
34 42 39 0.0 0.0 3618.0 0.0 8326.0 64.0 85157.0 0.10027216731127343
34 42 40 0.0 0.0 3769.0 0.0 10871.0 72.0 64405.0 0.08415990381725277
34 42 41 0.0 0.0 3379.0 0.0 12245.0 65.0 50320.0 0.0793920834751049
34 42 42 0.0 0.0 3345.0 0.0 11739.0 86.0 53568.0 0.08207292765857661
34 42 43 0.0 0.0 2909.0 0.0 12186.0 58.0 45705.0 0.0818282775147583
34 42 44 0.0 0.0 2309.0 0.0 13038.0 56.0 34774.0 0.08073817762399077
34 42 45 0.0 0.0 1741.0 0.0 13197.0 43.0 24047.0 0.0826934435912581
34 42 46 0.0 0.0 1045.0 0.0 13349.0 33.0 9883.0 0.08539188777066178
34 42 47 0.0 0.0 562.0 0.0 10571.0 21.0 3059.0 0.1067317221925745
34 42 48 0.0 0.0 145.0 0.0 4100.0 15.0 207.0 0.22468303643074947
34 42 49 0.0 0.0 0.0 0.0 22.0 0.0 0.0 0.6923837784371908
34 43 31 0.0 0.0 1.0 0.0 71.0 1.0 0.0 0.6760019314340897
34 43 32 0.0 0.0 46.0 0.0 1135.0 12.0 7.0 0.4419191919191918
34 43 33 0.0 0.0 444.0 0.0 8819.0 20.0 1434.0 0.12444444444444443
34 43 34 0.0 0.0 542.0 0.0 10308.0 25.0 2886.0 0.10911074740861974
34 43 35 0.0 0.0 1301.0 0.0 13434.0 54.0 16412.0 0.0837621155917195
34 43 36 0.0 0.0 1698.0 0.0 13007.0 40.0 24730.0 0.0837621155917195
34 43 37 0.0 0.0 2810.0 0.0 11391.0 75.0 50174.0 0.08652122860144612
34 43 38 0.0 0.0 3023.0 0.0 12156.0 52.0 46952.0 0.08141901715615003
34 43 39 0.0 0.0 3115.0 0.0 12846.0 59.0 44580.0 0.07792496938661916
34 43 40 0.0 0.0 3232.0 0.0 12007.0 54.0 51383.0 0.08114530806236596
34 43 41 0.0 0.0 3357.0 0.0 11433.0 68.0 55664.0 0.08341277407054336
34 43 42 0.0 0.0 3216.0 0.0 11202.0 51.0 55732.0 0.08518405841192576
34 43 43 0.0 0.0 2580.0 0.0 12304.0 63.0 41249.0 0.08287946957139473
34 43 44 0.0 0.0 1532.0 0.0 14051.0 45.0 17362.0 0.07965860597439543
34 43 45 0.0 0.0 1476.0 0.0 13901.0 49.0 16801.0 0.08051992868234886
34 43 46 0.0 0.0 1331.0 0.0 13334.0 27.0 16454.0 0.08393285371702637
34 43 47 0.0 0.0 258.0 0.0 6011.0 15.0 446.0 0.16955310645512894
34 43 48 0.0 0.0 43.0 0.0 1081.0 12.0 6.0 0.45001607200257143
34 43 49 0.0 0.0 2.0 0.0 33.0 1.0 0.0 0.6882989183874139
34 44 31 0.0 0.0 0.0 0.0 40.0 0.0 0.0 0.6862745098039215
34 44 32 0.0 0.0 89.0 0.0 2047.0 18.0 35.0 0.3398058252427184
34 44 33 0.0 0.0 143.0 0.0 3380.0 10.0 71.0 0.2538991657598839
34 44 34 0.0 0.0 683.0 0.0 11509.0 31.0 4036.0 0.09877936922317081
34 44 35 0.0 0.0 915.0 0.0 12988.0 34.0 8279.0 0.08805585256934396
34 44 36 0.0 0.0 1115.0 0.0 13534.0 44.0 11551.0 0.08417002344736367
34 44 37 0.0 0.0 1697.0 0.0 14073.0 53.0 19948.0 0.07890435664769203
34 44 38 0.0 0.0 2116.0 0.0 13533.0 44.0 28946.0 0.07926173356734416
34 44 39 0.0 0.0 2243.0 0.0 13389.0 43.0 31508.0 0.07930663343341074
34 44 40 0.0 0.0 2214.0 0.0 13687.0 53.0 30117.0 0.07825163490022916
34 44 41 0.0 0.0 2566.0 0.0 11766.0 55.0 44411.0 0.08566882878472645
34 44 42 0.0 0.0 1981.0 0.0 13728.0 55.0 26512.0 0.07905138339920947
34 44 43 0.0 0.0 2360.0 0.0 12046.0 58.0 41668.0 0.08538667967797023
34 44 44 0.0 0.0 1608.0 0.0 13725.0 53.0 20451.0 0.08079409048938134
34 44 45 0.0 0.0 1262.0 0.0 13575.0 45.0 13973.0 0.08325899494498959
34 44 46 0.0 0.0 1008.0 0.0 13025.0 36.0 10368.0 0.0873743993010048
34 44 47 0.0 0.0 567.0 0.0 10814.0 24.0 3283.0 0.10468855155911164
34 44 48 0.0 0.0 166.0 0.0 4034.0 16.0 125.0 0.2263906856403622
34 44 49 0.0 0.0 0.0 0.0 42.0 0.0 0.0 0.6856023506366307
34 45 31 0.0 0.0 0.0 0.0 3.0 0.0 0.0 0.6989515726410384
34 45 32 0.0 0.0 0.0 0.0 34.0 0.0 0.0 0.6882989183874139
34 45 33 0.0 0.0 54.0 0.0 1115.0 6.0 3.0 0.4426177679418273
34 45 34 0.0 0.0 146.0 0.0 3414.0 23.0 84.0 0.25284450063211117
34 45 35 0.0 0.0 848.0 0.0 12359.0 35.0 5693.0 0.09216589861751151
34 45 36 0.0 0.0 1093.0 0.0 13143.0 41.0 11870.0 0.08630787251094259
34 45 37 0.0 0.0 1077.0 0.0 13461.0 31.0 10042.0 0.08474576271186439
34 45 38 0.0 0.0 1331.0 0.0 13608.0 40.0 16624.0 0.08266414737836561
34 45 39 0.0 0.0 1206.0 0.0 13552.0 31.0 12600.0 0.0835421888053467
34 45 40 0.0 0.0 1424.0 0.0 13949.0 45.0 15507.0 0.08058481551833303
34 45 41 0.0 0.0 2177.0 0.0 12152.0 61.0 37782.0 0.08578957043936514
34 45 42 0.0 0.0 1533.0 0.0 13280.0 56.0 21225.0 0.08333829394606822
34 45 43 0.0 0.0 1543.0 0.0 13847.0 44.0 18294.0 0.0804690194275204
34 45 44 0.0 0.0 896.0 0.0 12946.0 26.0 7428.0 0.08842849924204144
34 45 45 0.0 0.0 734.0 0.0 11893.0 27.0 4797.0 0.0957657842533689
34 45 46 0.0 0.0 333.0 0.0 7016.0 20.0 735.0 0.1500375093773443
34 45 47 0.0 0.0 671.0 0.0 11344.0 28.0 4107.0 0.09990722900164133
34 45 48 0.0 0.0 417.0 0.0 8291.0 27.0 1246.0 0.13095126742119537
34 45 49 0.0 0.0 46.0 0.0 996.0 9.0 5.0 0.46158918562479384
34 45 50 0.0 0.0 0.0 0.0 1.0 0.0 0.0 0.6996501749125437
34 46 32 0.0 0.0 0.0 0.0 2.0 0.0 0.0 0.6993006993006992
34 46 33 0.0 0.0 0.0 0.0 36.0 0.0 0.0 0.6876227897838899
34 46 34 0.0 0.0 9.0 0.0 365.0 0.0 0.0 0.5897219882055602
34 46 35 0.0 0.0 358.0 0.0 7589.0 22.0 901.0 0.14098690835850955
34 46 36 0.0 0.0 588.0 0.0 10665.0 26.0 3005.0 0.10575615651911163
34 46 37 0.0 0.0 565.0 0.0 10456.0 25.0 2678.0 0.1076178030594204
34 46 38 0.0 0.0 859.0 0.0 12695.0 30.0 6061.0 0.09004952723998198
34 46 39 0.0 0.0 1104.0 0.0 13499.0 35.0 11156.0 0.08431703204047217
34 46 40 0.0 0.0 1236.0 0.0 13302.0 30.0 14558.0 0.0846228239845261
34 46 41 0.0 0.0 979.0 0.0 13175.0 25.0 8187.0 0.08668193919881122
34 46 42 0.0 0.0 977.0 0.0 13155.0 36.0 8272.0 0.08682170542635657
34 46 43 0.0 0.0 843.0 0.0 12752.0 29.0 6448.0 0.08978387738087602
34 46 44 0.0 0.0 757.0 0.0 11976.0 25.0 4734.0 0.09512808316912413
34 46 45 0.0 0.0 678.0 0.0 11425.0 31.0 4036.0 0.09934009792095365
34 46 46 0.0 0.0 286.0 0.0 6574.0 14.0 568.0 0.15820996722793534
34 46 47 0.0 0.0 43.0 0.0 1309.0 12.0 10.0 0.4191616766467065
34 46 48 0.0 0.0 29.0 0.0 706.0 10.0 1.0 0.5137614678899082
34 46 49 0.0 0.0 18.0 0.0 505.0 6.0 0.0 0.5562177195073499
34 47 33 0.0 0.0 0.0 0.0 12.0 0.0 0.0 0.6958250497017892
34 47 34 0.0 0.0 3.0 0.0 64.0 1.0 0.0 0.6776379477250725
34 47 35 0.0 0.0 7.0 0.0 282.0 0.0 0.0 0.6116207951070335
34 47 36 0.0 0.0 46.0 0.0 1277.0 9.0 14.0 0.4223227752639517
34 47 37 0.0 0.0 202.0 0.0 5107.0 16.0 251.0 0.19191226867717612
34 47 38 0.0 0.0 793.0 0.0 12248.0 21.0 6582.0 0.09306654257794322
34 47 39 0.0 0.0 946.0 0.0 12526.0 27.0 10488.0 0.09049188804860707
34 47 40 0.0 0.0 959.0 0.0 12772.0 29.0 9436.0 0.0889905924230867
34 47 41 0.0 0.0 729.0 0.0 11889.0 28.0 5712.0 0.09580510504345445
34 47 42 0.0 0.0 554.0 0.0 9987.0 27.0 2221.0 0.11184788687385155
34 47 43 0.0 0.0 594.0 0.0 10720.0 28.0 3563.0 0.10526315789473682
34 47 44 0.0 0.0 251.0 0.0 5664.0 16.0 345.0 0.17714791851195746
34 47 45 0.0 0.0 347.0 0.0 7466.0 14.0 795.0 0.14275517487508918
34 47 46 0.0 0.0 54.0 0.0 1339.0 9.0 5.0 0.4139562389118863
34 47 47 0.0 0.0 50.0 0.0 1144.0 7.0 3.0 0.4392845936617508
34 47 48 0.0 0.0 0.0 0.0 1.0 0.0 0.0 0.6996501749125437
34 48 34 0.0 0.0 0.0 0.0 8.0 0.0 0.0 0.697211155378486
34 48 35 0.0 0.0 1.0 0.0 12.0 0.0 0.0 0.695479384003974
34 48 36 0.0 0.0 5.0 0.0 302.0 0.0 0.0 0.6068487212830515
34 48 37 0.0 0.0 188.0 0.0 4548.0 19.0 222.0 0.2083333333333333
34 48 38 0.0 0.0 501.0 0.0 9468.0 30.0 1849.0 0.11719403984597353
34 48 39 0.0 0.0 426.0 0.0 8120.0 22.0 1094.0 0.13295346628679958
34 48 40 0.0 0.0 142.0 0.0 4206.0 19.0 183.0 0.22102936532996525
34 48 41 0.0 0.0 90.0 0.0 2390.0 20.0 52.0 0.3139013452914797
34 48 42 0.0 0.0 138.0 0.0 3272.0 12.0 81.0 0.25940337224383914
34 48 43 0.0 0.0 47.0 0.0 1354.0 6.0 8.0 0.4123711340206185
34 48 44 0.0 0.0 5.0 0.0 246.0 1.0 1.0 0.6222222222222221
34 48 45 0.0 0.0 22.0 0.0 383.0 7.0 0.0 0.5838198498748957
34 48 46 0.0 0.0 8.0 0.0 169.0 4.0 0.0 0.6442705936493326
34 48 47 0.0 0.0 0.0 0.0 11.0 0.0 0.0 0.6965174129353233
34 48 48 0.0 0.0 0.0 0.0 2.0 0.0 0.0 0.6993006993006992
34 49 36 0.0 0.0 0.0 0.0 22.0 0.0 0.0 0.6923837784371908
34 49 37 0.0 0.0 0.0 0.0 53.0 0.0 0.0 0.6819288845591815
34 49 38 0.0 0.0 13.0 0.0 683.0 3.0 2.0 0.5200594353640415
34 49 39 0.0 0.0 75.0 0.0 1456.0 14.0 13.0 0.39806653397782193
34 49 40 0.0 0.0 34.0 0.0 849.0 4.0 3.0 0.4864489228630993
34 49 41 0.0 0.0 4.0 0.0 151.0 1.0 0.0 0.649953574744661
34 49 42 0.0 0.0 5.0 0.0 167.0 0.0 1.0 0.6445672191528544
34 49 43 0.0 0.0 1.0 0.0 27.0 0.0 0.0 0.690335305719921
34 49 44 0.0 0.0 0.0 0.0 14.0 0.0 0.0 0.6951340615690167
34 49 45 0.0 0.0 0.0 0.0 12.0 0.0 0.0 0.6958250497017892
34 49 46 0.0 0.0 0.0 0.0 3.0 0.0 0.0 0.6989515726410384
34 50 36 0.0 0.0 3.0 0.0 155.0 1.0 0.0 0.6490496059341677
34 50 37 0.0 0.0 0.0 0.0 4.0 0.0 0.0 0.6986027944111775
34 50 38 0.0 0.0 0.0 0.0 2.0 0.0 0.0 0.6993006993006992
34 50 39 0.0 0.0 0.0 0.0 2.0 0.0 0.0 0.6993006993006992
35 29 38 0.0 0.0 0.0 0.0 1.0 0.0 0.0 0.6996501749125437
35 30 33 0.0 0.0 0.0 0.0 3.0 0.0 0.0 0.6989515726410384
35 30 35 0.0 0.0 0.0 0.0 2.0 0.0 0.0 0.6993006993006992
35 30 36 0.0 0.0 0.0 0.0 5.0 0.0 0.0 0.6982543640897755
35 30 37 0.0 0.0 1.0 0.0 56.0 0.0 0.0 0.6806028196402526
35 30 38 0.0 0.0 0.0 0.0 16.0 0.0 0.0 0.6944444444444444
35 30 39 0.0 0.0 3.0 0.0 78.0 3.0 0.0 0.6737247353224253
35 30 40 0.0 0.0 0.0 0.0 2.0 0.0 0.0 0.6993006993006992
35 30 41 0.0 0.0 0.0 0.0 7.0 0.0 0.0 0.6979062811565303
35 30 42 0.0 0.0 0.0 0.0 6.0 0.0 0.0 0.6979062811565303
35 30 43 0.0 0.0 0.0 0.0 6.0 0.0 0.0 0.6979062811565303
35 31 32 0.0 0.0 8.0 0.0 184.0 4.0 0.0 0.639853747714808
35 31 33 0.0 0.0 0.0 0.0 5.0 0.0 0.0 0.6982543640897755
35 31 34 0.0 0.0 78.0 0.0 2190.0 14.0 31.0 0.3290246768507638
35 31 35 0.0 0.0 4.0 0.0 111.0 0.0 0.0 0.662251655629139
35 31 36 0.0 0.0 10.0 0.0 307.0 2.0 0.0 0.6047516198704103
35 31 37 0.0 0.0 150.0 0.0 3128.0 16.0 68.0 0.26605853287723297
35 31 38 0.0 0.0 222.0 0.0 4423.0 25.0 166.0 0.21144842168856665
35 31 39 0.0 0.0 173.0 0.0 3752.0 20.0 118.0 0.23700694091755542
35 31 40 0.0 0.0 1.0 0.0 158.0 0.0 0.0 0.6484483557202407
35 31 41 0.0 0.0 20.0 0.0 716.0 10.0 2.0 0.5137614678899082
35 31 42 0.0 0.0 33.0 0.0 780.0 10.0 0.0 0.4996431120628122
35 31 43 0.0 0.0 33.0 0.0 770.0 4.0 3.0 0.4999999999999999
35 31 44 0.0 0.0 0.0 0.0 36.0 0.0 0.0 0.6876227897838899
35 32 31 0.0 0.0 0.0 0.0 1.0 0.0 0.0 0.6996501749125437
35 32 32 0.0 0.0 0.0 0.0 9.0 0.0 0.0 0.6968641114982577
35 32 33 0.0 0.0 90.0 0.0 2066.0 13.0 26.0 0.3379193820902727
35 32 34 0.0 0.0 164.0 0.0 3495.0 17.0 99.0 0.2480510276399716
35 32 35 0.0 0.0 172.0 0.0 3733.0 19.0 109.0 0.23785253143051305
35 32 36 0.0 0.0 255.0 0.0 5733.0 22.0 395.0 0.17572486506840718
35 32 37 0.0 0.0 486.0 0.0 9645.0 15.0 2314.0 0.11542583889850769
35 32 38 0.0 0.0 631.0 0.0 10980.0 19.0 3282.0 0.10291090855630695
35 32 39 0.0 0.0 521.0 0.0 9687.0 26.0 2135.0 0.11483881551964562
35 32 40 0.0 0.0 454.0 0.0 9312.0 29.0 2016.0 0.11919965942954447
35 32 41 0.0 0.0 156.0 0.0 4122.0 18.0 168.0 0.22367790381850133
35 32 42 0.0 0.0 119.0 0.0 2876.0 17.0 61.0 0.28118096003213494
35 32 43 0.0 0.0 392.0 0.0 9054.0 20.0 1944.0 0.12246326102169348
35 32 44 0.0 0.0 1.0 0.0 176.0 1.0 0.0 0.6433823529411764
35 32 45 0.0 0.0 96.0 0.0 2299.0 9.0 30.0 0.31919744642042863
35 32 46 0.0 0.0 0.0 0.0 15.0 0.0 0.0 0.694789081885856
35 32 47 0.0 0.0 0.0 0.0 10.0 0.0 0.0 0.6965174129353233
35 32 48 0.0 0.0 0.0 0.0 2.0 0.0 0.0 0.6993006993006992
35 33 30 0.0 0.0 0.0 0.0 4.0 0.0 0.0 0.6986027944111775
35 33 31 0.0 0.0 0.0 0.0 37.0 0.0 0.0 0.6872852233676975
35 33 32 0.0 0.0 146.0 0.0 3073.0 25.0 53.0 0.26954177897574116
35 33 33 0.0 0.0 224.0 0.0 4819.0 20.0 236.0 0.19931662870159447
35 33 34 0.0 0.0 330.0 0.0 7306.0 16.0 851.0 0.1454092230992937
35 33 35 0.0 0.0 570.0 0.0 10787.0 27.0 3102.0 0.10497900419916015
35 33 36 0.0 0.0 746.0 0.0 11870.0 33.0 5221.0 0.0958904109589041
35 33 37 0.0 0.0 413.0 0.0 8707.0 25.0 1391.0 0.12610340479192936
35 33 38 0.0 0.0 674.0 0.0 11720.0 17.0 4435.0 0.09726950600986589
35 33 39 0.0 0.0 910.0 0.0 12743.0 29.0 7022.0 0.08949117872666836
35 33 40 0.0 0.0 454.0 0.0 8995.0 34.0 1472.0 0.12257047802486427
35 33 41 0.0 0.0 853.0 0.0 12616.0 32.0 6720.0 0.09057385003558258
35 33 42 0.0 0.0 592.0 0.0 10735.0 30.0 2811.0 0.10517617008489219
35 33 43 0.0 0.0 370.0 0.0 7602.0 20.0 1021.0 0.14054813773717498
35 33 44 0.0 0.0 389.0 0.0 7738.0 25.0 898.0 0.13851785890966653
35 33 45 0.0 0.0 178.0 0.0 4031.0 10.0 142.0 0.22584287788352958
35 33 46 0.0 0.0 134.0 0.0 3192.0 19.0 88.0 0.26380252496702467
35 33 47 0.0 0.0 171.0 0.0 4482.0 15.0 223.0 0.21087513179695733
35 33 48 0.0 0.0 50.0 0.0 1337.0 14.0 11.0 0.4150607767565964
35 33 49 0.0 0.0 0.0 0.0 1.0 0.0 0.0 0.6996501749125437
35 34 30 0.0 0.0 1.0 0.0 26.0 0.0 0.0 0.6906758756783422
35 34 31 0.0 0.0 2.0 0.0 151.0 3.0 1.0 0.6514657980456026
35 34 32 0.0 0.0 172.0 0.0 3692.0 19.0 102.0 0.2393162393162393
35 34 33 0.0 0.0 267.0 0.0 5819.0 23.0 373.0 0.17352503718393653
35 34 34 0.0 0.0 472.0 0.0 8778.0 25.0 1332.0 0.1245662425482694
35 34 35 0.0 0.0 549.0 0.0 10511.0 28.0 2895.0 0.10732081257186661
35 34 36 0.0 0.0 987.0 0.0 13268.0 40.0 8566.0 0.0862493839329719
35 34 37 0.0 0.0 1489.0 0.0 12655.0 47.0 24177.0 0.08673564215352207
35 34 38 0.0 0.0 1186.0 0.0 13345.0 28.0 12651.0 0.08468424872973626
35 34 39 0.0 0.0 1323.0 0.0 13529.0 31.0 16449.0 0.08307126327656796
35 34 40 0.0 0.0 1272.0 0.0 13669.0 31.0 14246.0 0.08263487191594852
35 34 41 0.0 0.0 1341.0 0.0 13524.0 48.0 15809.0 0.08308112278203073
35 34 42 0.0 0.0 1167.0 0.0 13385.0 35.0 12605.0 0.0846279393096778
35 34 43 0.0 0.0 779.0 0.0 12131.0 28.0 6910.0 0.09397234528124579
35 34 44 0.0 0.0 886.0 0.0 12705.0 27.0 6906.0 0.08977236293683871
35 34 45 0.0 0.0 389.0 0.0 8018.0 20.0 1081.0 0.13471901462663585
35 34 46 0.0 0.0 209.0 0.0 4451.0 18.0 172.0 0.21071643588199873
35 34 47 0.0 0.0 20.0 0.0 626.0 10.0 2.0 0.5311077389984825
35 34 48 0.0 0.0 5.0 0.0 227.0 1.0 0.0 0.6275212909009411
35 35 30 0.0 0.0 0.0 0.0 8.0 0.0 0.0 0.697211155378486
35 35 31 0.0 0.0 187.0 0.0 4224.0 16.0 154.0 0.21885258715022662
35 35 32 0.0 0.0 93.0 0.0 2165.0 13.0 28.0 0.32964445490934774
35 35 33 0.0 0.0 596.0 0.0 10716.0 22.0 2763.0 0.10526315789473682
35 35 34 0.0 0.0 444.0 0.0 8818.0 16.0 1313.0 0.12446657183499288
35 35 35 0.0 0.0 1151.0 0.0 13368.0 36.0 12753.0 0.08481250378627248
35 35 36 0.0 0.0 2074.0 0.0 12996.0 46.0 30538.0 0.08197681227309989
35 35 37 0.0 0.0 2166.0 0.0 12637.0 50.0 34505.0 0.08334821694350181
35 35 38 0.0 0.0 2578.0 0.0 12190.0 68.0 41657.0 0.08349236641221373
35 35 39 0.0 0.0 2374.0 0.0 12647.0 43.0 36363.0 0.08222235273389321
35 35 40 0.0 0.0 2213.0 0.0 13417.0 51.0 31079.0 0.07936957877430692
35 35 41 0.0 0.0 2114.0 0.0 12652.0 63.0 32275.0 0.08354717431521155
35 35 42 0.0 0.0 1830.0 0.0 13739.0 60.0 24065.0 0.07968127490039839
35 35 43 0.0 0.0 1423.0 0.0 13332.0 48.0 18666.0 0.0835571471202626
35 35 44 0.0 0.0 1032.0 0.0 13244.0 34.0 8782.0 0.08604265257206072
35 35 45 0.0 0.0 792.0 0.0 12232.0 18.0 7301.0 0.09311606252078482
35 35 46 0.0 0.0 220.0 0.0 5276.0 21.0 318.0 0.18714075658334445
35 35 47 0.0 0.0 71.0 0.0 1977.0 15.0 28.0 0.3472222222222222
35 35 48 0.0 0.0 11.0 0.0 320.0 2.0 0.0 0.6013745704467354
35 35 49 0.0 0.0 0.0 0.0 1.0 0.0 0.0 0.6996501749125437
35 36 30 0.0 0.0 2.0 0.0 37.0 0.0 0.0 0.6869479882237487
35 36 31 0.0 0.0 124.0 0.0 2995.0 8.0 77.0 0.2739189982390921
35 36 32 0.0 0.0 201.0 0.0 4729.0 15.0 217.0 0.20234137881196704
35 36 33 0.0 0.0 766.0 0.0 12082.0 16.0 5770.0 0.09430149535228344
35 36 34 0.0 0.0 638.0 0.0 11524.0 34.0 4240.0 0.09902390720045268
35 36 35 0.0 0.0 1403.0 0.0 13583.0 48.0 15578.0 0.08243052284503061
35 36 36 0.0 0.0 2115.0 0.0 13036.0 56.0 30572.0 0.08164693532396336
35 36 37 0.0 0.0 2618.0 0.0 12789.0 55.0 39514.0 0.0803766218854059
35 36 38 0.0 0.0 3335.0 0.0 11271.0 59.0 57354.0 0.08415484491464294
35 36 39 0.0 0.0 3344.0 0.0 12051.0 73.0 51020.0 0.08048752443371276
35 36 40 0.0 0.0 3466.0 0.0 9556.0 68.0 72726.0 0.09320284934425137
35 36 41 0.0 0.0 3037.0 0.0 12246.0 74.0 46885.0 0.08098102730217491
35 36 42 0.0 0.0 2683.0 0.0 12345.0 58.0 42652.0 0.08220786846741045
35 36 43 0.0 0.0 1962.0 0.0 13182.0 46.0 28616.0 0.08160886039055668
35 36 44 0.0 0.0 2000.0 0.0 12307.0 52.0 32544.0 0.08582638548307993
35 36 45 0.0 0.0 864.0 0.0 12636.0 26.0 5842.0 0.09036338991802748
35 36 46 0.0 0.0 321.0 0.0 7065.0 13.0 752.0 0.1493014823504319
35 36 47 0.0 0.0 432.0 0.0 9000.0 32.0 1492.0 0.12274241627213746
35 36 48 0.0 0.0 45.0 0.0 1038.0 8.0 3.0 0.45513654096228867
35 36 49 0.0 0.0 2.0 0.0 41.0 1.0 0.0 0.6856023506366307
35 36 50 0.0 0.0 0.0 0.0 3.0 0.0 0.0 0.6989515726410384
35 37 30 0.0 0.0 2.0 0.0 40.0 0.0 0.0 0.6856023506366307
35 37 31 0.0 0.0 16.0 0.0 531.0 7.0 1.0 0.5511811023622046
35 37 32 0.0 0.0 393.0 0.0 7595.0 26.0 857.0 0.14046352964783784
35 37 33 0.0 0.0 965.0 0.0 12887.0 35.0 9267.0 0.08834479712248375
35 37 34 0.0 0.0 829.0 0.0 12479.0 28.0 6301.0 0.09149130832570905
35 37 35 0.0 0.0 1562.0 0.0 13613.0 41.0 19445.0 0.08149959250203748
35 37 36 0.0 0.0 2610.0 0.0 13222.0 49.0 36057.0 0.07843137254901959
35 37 37 0.0 0.0 3354.0 0.0 12444.0 67.0 49264.0 0.07876230661040787
35 37 38 0.0 0.0 3905.0 0.0 10511.0 70.0 68844.0 0.08528784648187633
35 37 39 0.0 0.0 4088.0 0.0 11105.0 77.0 65522.0 0.08143796172415797
35 37 40 0.0 0.0 4212.0 0.0 11040.0 77.0 66915.0 0.08119707690523141
35 37 41 0.0 0.0 3942.0 0.0 11338.0 71.0 61483.0 0.08095761290695656
35 37 42 0.0 0.0 3272.0 0.0 12486.0 66.0 48688.0 0.07889546351084811
35 37 43 0.0 0.0 2864.0 0.0 11903.0 62.0 47668.0 0.08351727017836902
35 37 44 0.0 0.0 1622.0 0.0 14378.0 44.0 16958.0 0.07779506557012668
35 37 45 0.0 0.0 1588.0 0.0 13413.0 46.0 20807.0 0.08232872684504557
35 37 46 0.0 0.0 1170.0 0.0 13287.0 25.0 13241.0 0.08499271491015055
35 37 47 0.0 0.0 365.0 0.0 7832.0 19.0 1017.0 0.1374435499705478
35 37 48 0.0 0.0 70.0 0.0 1621.0 10.0 6.0 0.3804347826086956
35 37 49 0.0 0.0 5.0 0.0 103.0 2.0 0.0 0.664767331433998
35 37 50 0.0 0.0 0.0 0.0 6.0 0.0 0.0 0.6979062811565303
35 38 30 0.0 0.0 1.0 0.0 32.0 0.0 0.0 0.6886374815543531
35 38 31 0.0 0.0 5.0 0.0 171.0 0.0 0.0 0.6433823529411764
35 38 32 0.0 0.0 148.0 0.0 3428.0 14.0 108.0 0.25170801869830994
35 38 33 0.0 0.0 748.0 0.0 12010.0 26.0 5363.0 0.09495387954422137
35 38 34 0.0 0.0 1071.0 0.0 13400.0 39.0 11196.0 0.08506501397496657
35 38 35 0.0 0.0 2022.0 0.0 12487.0 45.0 33942.0 0.08484334282770739
35 38 36 0.0 0.0 2877.0 0.0 12583.0 72.0 43447.0 0.0802062446290461
35 38 37 0.0 0.0 3868.0 0.0 8212.0 60.0 88785.0 0.09934009792095365
35 38 38 0.0 0.0 4655.0 0.0 10857.0 82.0 71434.0 0.08001828989483309
35 38 39 0.0 0.0 4753.0 0.0 11009.0 77.0 71640.0 0.07883326763894362
35 38 40 0.0 0.0 4988.0 0.0 10107.0 69.0 78644.0 0.08185698415482663
35 38 41 0.0 0.0 4626.0 0.0 9628.0 76.0 81263.0 0.08614324390844202
35 38 42 0.0 0.0 4079.0 0.0 9594.0 60.0 76992.0 0.08934269304403318
35 38 43 0.0 0.0 3730.0 0.0 10051.0 76.0 69976.0 0.08864125617323033
35 38 44 0.0 0.0 2661.0 0.0 12840.0 50.0 40915.0 0.07990411506192568
35 38 45 0.0 0.0 2047.0 0.0 12851.0 34.0 30931.0 0.08276677505172922
35 38 46 0.0 0.0 1006.0 0.0 13237.0 27.0 9592.0 0.08616445100935499
35 38 47 0.0 0.0 493.0 0.0 9858.0 19.0 2069.0 0.11347057869995136
35 38 48 0.0 0.0 108.0 0.0 2337.0 14.0 24.0 0.3160270880361173
35 38 49 0.0 0.0 13.0 0.0 287.0 4.0 1.0 0.6097560975609755
35 38 50 0.0 0.0 0.0 0.0 4.0 0.0 0.0 0.6986027944111775
35 39 29 0.0 0.0 0.0 0.0 1.0 0.0 0.0 0.6996501749125437
35 39 30 0.0 0.0 0.0 0.0 6.0 0.0 0.0 0.6979062811565303
35 39 31 0.0 0.0 8.0 0.0 270.0 4.0 0.0 0.615655233069481
35 39 32 0.0 0.0 220.0 0.0 5332.0 13.0 310.0 0.18567639257294427
35 39 33 0.0 0.0 742.0 0.0 11977.0 37.0 4719.0 0.09521866285792015
35 39 34 0.0 0.0 1184.0 0.0 13233.0 37.0 14419.0 0.08526187576126673
35 39 35 0.0 0.0 2008.0 0.0 13359.0 50.0 29559.0 0.08064051609930303
35 39 36 0.0 0.0 3087.0 0.0 11960.0 62.0 48985.0 0.0820969917316601
35 39 37 0.0 0.0 4330.0 0.0 8799.0 78.0 88010.0 0.09262322196493548
35 39 38 0.0 0.0 4989.0 0.0 7784.0 69.0 102155.0 0.0947354175125186
35 39 39 0.0 0.0 5248.0 0.0 8345.0 71.0 97545.0 0.08976085144579084
35 39 40 0.0 0.0 5265.0 0.0 8763.0 79.0 93092.0 0.08731990270067984
35 39 41 0.0 0.0 5052.0 0.0 9672.0 85.0 83869.0 0.08362202843148965
35 39 42 0.0 0.0 4819.0 1.0 9673.0 94.0 83546.0 0.08498755539367449
35 39 43 0.0 0.0 4214.0 0.0 9574.0 81.0 78557.0 0.08873114463176573
35 39 44 0.0 0.0 3240.0 0.0 11276.0 58.0 56401.0 0.08469449485783423
35 39 45 0.0 0.0 2233.0 0.0 13045.0 53.0 32329.0 0.0809482509395779
35 39 46 0.0 0.0 1022.0 0.0 13322.0 31.0 9342.0 0.08570554025099479
35 39 47 0.0 0.0 791.0 0.0 12277.0 30.0 5413.0 0.0929985385943935
35 39 48 0.0 0.0 177.0 0.0 4159.0 26.0 172.0 0.2217997465145754
35 39 49 0.0 0.0 64.0 0.0 1581.0 13.0 9.0 0.38546255506607924
35 39 50 0.0 0.0 0.0 0.0 3.0 0.0 0.0 0.6989515726410384
35 40 30 0.0 0.0 1.0 0.0 16.0 0.0 0.0 0.694100148735746
35 40 31 0.0 0.0 52.0 0.0 1352.0 6.0 10.0 0.4120070629782224
35 40 32 0.0 0.0 160.0 0.0 4189.0 19.0 165.0 0.22109917877447882
35 40 33 0.0 0.0 640.0 0.0 11012.0 31.0 3223.0 0.10271460014673513
35 40 34 0.0 0.0 872.0 0.0 12786.0 30.0 6574.0 0.08947402057902472
35 40 35 0.0 0.0 1922.0 0.0 13058.0 31.0 28559.0 0.08243052284503061
35 40 36 0.0 0.0 2955.0 0.0 13358.0 64.0 39739.0 0.07649437219975957
35 40 37 0.0 0.0 4446.0 0.0 9905.0 66.0 78101.0 0.08549096238397655
35 40 38 0.0 0.0 5186.0 0.0 8148.0 77.0 99954.0 0.091294424519074
35 40 39 0.0 0.0 4888.0 0.0 6178.0 68.0 117939.0 0.10714012397642916
35 40 40 0.0 0.0 5715.0 0.0 8853.0 98.0 95757.0 0.08465864425228276
35 40 41 0.0 1.0 5466.0 1.0 9717.0 73.0 86335.0 0.08144269924374635
35 40 42 0.0 0.0 4904.0 0.0 9353.0 74.0 86747.0 0.08609027179928666
35 40 43 0.0 0.0 4387.0 0.0 10862.0 69.0 69587.0 0.08108890819577179
35 40 44 0.0 0.0 3475.0 0.0 10983.0 65.0 60738.0 0.08501335924216662
35 40 45 0.0 0.0 2541.0 0.0 13130.0 60.0 36693.0 0.07930663343341074
35 40 46 0.0 0.0 1191.0 0.0 13858.0 47.0 9894.0 0.0822126959891949
35 40 47 0.0 0.0 748.0 0.0 11949.0 33.0 4700.0 0.09535485628660945
35 40 48 0.0 0.0 543.0 0.0 9925.0 29.0 2055.0 0.11244979919678713
35 40 49 0.0 0.0 0.0 0.0 144.0 1.0 1.0 0.6532897806812878
35 40 50 0.0 0.0 1.0 0.0 26.0 1.0 0.0 0.6910167818361302
35 41 30 0.0 0.0 0.0 0.0 3.0 0.0 0.0 0.6989515726410384
35 41 31 0.0 0.0 115.0 0.0 3050.0 9.0 68.0 0.2715283165244375
35 41 32 0.0 0.0 98.0 0.0 2377.0 14.0 34.0 0.31376064545047055
35 41 33 0.0 0.0 643.0 0.0 11221.0 20.0 4526.0 0.10104655359076145
35 41 34 0.0 0.0 925.0 0.0 12924.0 30.0 6687.0 0.08839499936860713
35 41 35 0.0 0.0 2181.0 0.0 12214.0 56.0 36821.0 0.08544400366188586
35 41 36 0.0 0.0 2942.0 0.0 11461.0 53.0 50810.0 0.08528784648187633
35 41 37 0.0 0.0 4210.0 0.0 11912.0 75.0 59175.0 0.07728401876897598
35 41 38 0.0 0.0 5019.0 0.0 8567.0 66.0 94008.0 0.08968609865470852
35 41 39 0.0 0.0 4840.0 0.0 6509.0 67.0 114574.0 0.10490034467256105
35 41 40 0.0 0.0 5554.0 0.0 9181.0 75.0 92061.0 0.08356712230645257
35 41 41 0.0 0.0 5228.0 0.0 8992.0 77.0 91032.0 0.08636644046884638
35 41 42 0.0 0.0 4935.0 0.0 9751.0 88.0 81918.0 0.08393285371702637
35 41 43 0.0 0.0 4354.0 0.0 10799.0 72.0 70039.0 0.08160886039055668
35 41 44 0.0 0.0 3593.0 0.0 8221.0 66.0 84531.0 0.1013684744044602
35 41 45 0.0 0.0 2776.0 0.0 11546.0 70.0 48676.0 0.08582112425672776
35 41 46 0.0 0.0 1998.0 0.0 12930.0 58.0 30914.0 0.08269832831236339
35 41 47 0.0 0.0 1131.0 0.0 13365.0 38.0 11903.0 0.08488449645304068
35 41 48 0.0 0.0 257.0 0.0 5617.0 20.0 351.0 0.17823042647994905
35 41 49 0.0 0.0 0.0 0.0 144.0 0.0 0.0 0.6532897806812878
35 41 50 0.0 0.0 0.0 0.0 4.0 0.0 0.0 0.6986027944111775
35 42 30 0.0 0.0 0.0 0.0 4.0 1.0 0.0 0.6989515726410384
35 42 31 0.0 0.0 22.0 0.0 600.0 4.0 4.0 0.5345551737304314
35 42 32 0.0 0.0 316.0 0.0 6446.0 24.0 498.0 0.16014641958361928
35 42 33 0.0 0.0 778.0 0.0 12128.0 39.0 5424.0 0.09405441719852199
35 42 34 0.0 0.0 1071.0 0.0 13583.0 29.0 8993.0 0.08401848406649462
35 42 35 0.0 0.0 1928.0 0.0 12478.0 43.0 31743.0 0.08516333110286513
35 42 36 0.0 0.0 2833.0 0.0 12348.0 60.0 45056.0 0.08150433719508644
35 42 37 0.0 0.0 3817.0 0.0 9924.0 74.0 72261.0 0.08897362567524625
35 42 38 0.0 0.0 4584.0 0.0 10192.0 62.0 77227.0 0.08342271481349063
35 42 39 0.0 0.0 4835.0 0.0 8682.0 69.0 91080.0 0.09025852620720778
35 42 40 0.0 0.0 5025.0 0.0 8530.0 61.0 94219.0 0.08983572895277206
35 42 41 0.0 0.0 4989.0 0.0 8727.0 69.0 92014.0 0.08905285923287322
35 42 42 0.0 0.0 4859.0 0.0 9888.0 91.0 81663.0 0.08363701535336639
35 42 43 0.0 0.0 4226.0 0.0 11109.0 80.0 66186.0 0.08080341683019737
35 42 44 0.0 0.0 3448.0 0.0 10986.0 62.0 59956.0 0.08514261387824605
35 42 45 0.0 0.0 2573.0 0.0 12539.0 60.0 40590.0 0.08179481187193269
35 42 46 0.0 0.0 1473.0 0.0 13679.0 32.0 17890.0 0.0816516971888487
35 42 47 0.0 0.0 675.0 0.0 11331.0 38.0 3891.0 0.10007863321180926
35 42 48 0.0 0.0 138.0 0.0 3585.0 16.0 93.0 0.24526979677645408
35 42 49 0.0 0.0 26.0 0.0 831.0 5.0 3.0 0.49088359046283303
35 42 50 0.0 0.0 0.0 0.0 9.0 0.0 0.0 0.6968641114982577
35 43 31 0.0 0.0 17.0 0.0 521.0 3.0 0.0 0.5522682445759368
35 43 32 0.0 0.0 432.0 0.0 8511.0 32.0 1249.0 0.12825210699890066
35 43 33 0.0 0.0 744.0 0.0 12070.0 15.0 5494.0 0.09451157766826435
35 43 34 0.0 0.0 1302.0 0.0 13675.0 30.0 14543.0 0.08241111372733693
35 43 35 0.0 0.0 1612.0 0.0 13654.0 38.0 20155.0 0.08110300081103
35 43 36 0.0 0.0 2249.0 0.0 12898.0 59.0 34257.0 0.08171842166705579
35 43 37 0.0 0.0 3091.0 0.0 11662.0 72.0 51977.0 0.08359207069500835
35 43 38 0.0 0.0 3705.0 0.0 11268.0 67.0 61222.0 0.08245479710230284
35 43 39 0.0 0.0 4072.0 0.0 12021.0 78.0 57658.0 0.07733524830138651
35 43 40 0.0 0.0 4277.0 0.0 9737.0 77.0 77943.0 0.0874617354907228
35 43 41 0.0 0.0 4216.0 0.0 9359.0 77.0 81321.0 0.08988186954288648
35 43 42 0.0 0.0 4010.0 0.0 8880.0 69.0 84992.0 0.09399758291929634
35 43 43 0.0 0.0 3643.0 0.0 11010.0 60.0 61607.0 0.08400336013440536
35 43 44 0.0 0.0 3059.0 0.0 11267.0 69.0 53960.0 0.0857632933104631
35 43 45 0.0 0.0 2307.0 0.0 12337.0 59.0 38642.0 0.08413461538461538
35 43 46 0.0 0.0 1371.0 0.0 14014.0 44.0 15606.0 0.08060801473975125
35 43 47 0.0 0.0 565.0 0.0 10543.0 26.0 2562.0 0.10697638878276151
35 43 48 0.0 0.0 138.0 0.0 3634.0 19.0 86.0 0.24335129497653393
35 43 49 0.0 0.0 56.0 0.0 1287.0 10.0 7.0 0.4200420042004199
35 43 50 0.0 0.0 0.0 0.0 1.0 0.0 0.0 0.6996501749125437
35 44 30 0.0 0.0 0.0 0.0 2.0 0.0 0.0 0.6993006993006992
35 44 31 0.0 0.0 74.0 0.0 1937.0 8.0 18.0 0.34982508745627183
35 44 32 0.0 0.0 94.0 0.0 2128.0 14.0 32.0 0.332699619771863
35 44 33 0.0 0.0 469.0 0.0 9593.0 26.0 2213.0 0.1162597575153629
35 44 34 0.0 0.0 830.0 0.0 12464.0 35.0 6712.0 0.09161704076958313
35 44 35 0.0 0.0 1071.0 0.0 13420.0 34.0 10939.0 0.08492053863884506
35 44 36 0.0 0.0 1614.0 0.0 13830.0 33.0 19870.0 0.08019246190858058
35 44 37 0.0 0.0 2383.0 0.0 12731.0 55.0 37237.0 0.08180437069066261
35 44 38 0.0 0.0 2940.0 0.0 10869.0 71.0 56520.0 0.08860198721599898
35 44 39 0.0 0.0 2975.0 0.0 12928.0 65.0 42809.0 0.07809449433814915
35 44 40 0.0 0.0 3366.0 0.0 11838.0 74.0 52842.0 0.08140954817700762
35 44 41 0.0 0.0 3502.0 0.0 10756.0 68.0 62180.0 0.0861273454321747
35 44 42 0.0 0.0 3460.0 0.0 10863.0 64.0 61532.0 0.08567407135426228
35 44 43 0.0 0.0 2792.0 0.0 13149.0 72.0 39395.0 0.07806836558300338
35 44 44 0.0 0.0 2313.0 0.0 12738.0 58.0 34725.0 0.08211143695014661
35 44 45 0.0 0.0 2178.0 0.0 11859.0 59.0 38707.0 0.08729267988527246
35 44 46 0.0 0.0 1420.0 0.0 13491.0 45.0 17943.0 0.08280104092737164
35 44 47 0.0 0.0 325.0 0.0 7695.0 24.0 1065.0 0.13998600139986
35 44 48 0.0 0.0 222.0 0.0 4946.0 20.0 264.0 0.19580419580419575
35 44 49 0.0 0.0 14.0 0.0 504.0 7.0 1.0 0.5575467941059339
35 44 50 0.0 0.0 0.0 0.0 1.0 0.0 0.0 0.6996501749125437
35 45 31 0.0 0.0 5.0 0.0 154.0 3.0 0.0 0.6493506493506492
35 45 32 0.0 0.0 45.0 0.0 1146.0 8.0 13.0 0.4401131719585035
35 45 33 0.0 0.0 177.0 0.0 3719.0 23.0 106.0 0.2382978723404255
35 45 34 0.0 0.0 425.0 0.0 8471.0 27.0 1244.0 0.12870012870012867
35 45 35 0.0 0.0 605.0 0.0 10957.0 20.0 3020.0 0.103260067856616
35 45 36 0.0 0.0 1122.0 0.0 13315.0 38.0 11321.0 0.08521516829995739
35 45 37 0.0 0.0 1537.0 0.0 13657.0 41.0 19741.0 0.08149010477299184
35 45 38 0.0 0.0 1869.0 0.0 12747.0 61.0 28658.0 0.08430180044559522
35 45 39 0.0 0.0 2285.0 0.0 13506.0 54.0 32059.0 0.0786340148281285
35 45 40 0.0 0.0 2243.0 0.0 13335.0 55.0 32591.0 0.07959520154642104
35 45 41 0.0 0.0 2160.0 0.0 13862.0 53.0 27731.0 0.07770439029805183
35 45 42 0.0 0.0 2216.0 1.0 13113.0 54.0 32461.0 0.08082674210495928
35 45 43 0.0 0.0 1787.0 0.0 13980.0 43.0 21573.0 0.07878890202037256
35 45 44 0.0 0.0 1650.0 0.0 13115.0 40.0 23886.0 0.08344757703999522
35 45 45 0.0 0.0 1202.0 0.0 13666.0 35.0 13307.0 0.08304169879589536
35 45 46 0.0 0.0 929.0 0.0 12862.0 34.0 8165.0 0.0887648998224702
35 45 47 0.0 0.0 549.0 0.0 10486.0 29.0 3065.0 0.1075268817204301
35 45 48 0.0 0.0 259.0 0.0 5900.0 17.0 464.0 0.17184239597397813
35 45 49 0.0 0.0 41.0 0.0 1043.0 9.0 8.0 0.45528455284552843
35 46 31 0.0 0.0 15.0 0.0 251.0 4.0 0.0 0.6191950464396283
35 46 32 0.0 0.0 5.0 0.0 107.0 1.0 0.0 0.6631927996210326
35 46 33 0.0 0.0 57.0 0.0 1257.0 11.0 7.0 0.42372881355932196
35 46 34 0.0 0.0 145.0 0.0 3208.0 15.0 75.0 0.2622705133008617
35 46 35 0.0 0.0 205.0 0.0 4799.0 15.0 225.0 0.20037211965077997
35 46 36 0.0 0.0 509.0 0.0 10030.0 28.0 2259.0 0.11181215557862789
35 46 37 0.0 0.0 999.0 0.0 13128.0 31.0 9275.0 0.08680555555555555
35 46 38 0.0 0.0 1812.0 0.0 12873.0 45.0 27576.0 0.08394795226959284
35 46 39 0.0 0.0 2089.0 0.0 12066.0 45.0 36941.0 0.08660150934059135
35 46 40 0.0 0.0 1464.0 0.0 13952.0 36.0 16724.0 0.08033972225410306
35 46 41 0.0 0.0 1291.0 0.0 13731.0 35.0 13175.0 0.08220786846741045
35 46 42 0.0 0.0 1640.0 0.0 12787.0 45.0 24957.0 0.0852307317667113
35 46 43 0.0 0.0 1137.0 0.0 13570.0 41.0 11366.0 0.08384739773612025
35 46 44 0.0 0.0 1114.0 0.0 13445.0 41.0 10796.0 0.08458192363460608
35 46 45 0.0 0.0 986.0 0.0 12791.0 29.0 10677.0 0.08878741755454084
35 46 46 0.0 0.0 549.0 0.0 10285.0 25.0 2733.0 0.10918733426922476
35 46 47 0.0 0.0 211.0 0.0 4824.0 16.0 225.0 0.19943019943019943
35 46 48 0.0 0.0 25.0 0.0 757.0 5.0 7.0 0.5039596832253418
35 46 49 0.0 0.0 65.0 0.0 1636.0 10.0 14.0 0.37930100243836357
35 46 50 0.0 0.0 0.0 0.0 1.0 0.0 0.0 0.6996501749125437
35 47 32 0.0 0.0 0.0 0.0 12.0 0.0 0.0 0.6958250497017892
35 47 33 0.0 0.0 0.0 0.0 19.0 0.0 0.0 0.6934125804853887
35 47 34 0.0 0.0 2.0 0.0 112.0 0.0 0.0 0.6625650733554187
35 47 35 0.0 0.0 72.0 0.0 1722.0 12.0 14.0 0.3701745108408249
35 47 36 0.0 0.0 184.0 0.0 4040.0 15.0 116.0 0.22551546391752575
35 47 37 0.0 0.0 675.0 0.0 11454.0 28.0 4422.0 0.0991641875619776
35 47 38 0.0 0.0 747.0 0.0 12136.0 30.0 5379.0 0.09412397472098963
35 47 39 0.0 0.0 1104.0 0.0 13513.0 28.0 11270.0 0.08423079237109679
35 47 40 0.0 0.0 654.0 0.0 11383.0 22.0 4199.0 0.09976484001995296
35 47 41 0.0 0.0 561.0 0.0 10481.0 18.0 2938.0 0.10739490641301011
35 47 42 0.0 0.0 530.0 0.0 9979.0 26.0 2318.0 0.11205378581719223
35 47 43 0.0 0.0 581.0 0.0 10723.0 19.0 3106.0 0.10527898932170249
35 47 44 0.0 0.0 269.0 0.0 6309.0 17.0 543.0 0.16349410253415855
35 47 45 0.0 0.0 217.0 0.0 5249.0 22.0 308.0 0.18802041364491
35 47 46 0.0 0.0 447.0 0.0 8408.0 29.0 1258.0 0.12923474568448257
35 47 47 0.0 0.0 35.0 0.0 917.0 8.0 3.0 0.4757050628610261
35 47 48 0.0 0.0 0.0 0.0 12.0 0.0 0.0 0.6958250497017892
35 47 50 0.0 0.0 0.0 0.0 2.0 0.0 0.0 0.6993006993006992
35 48 34 0.0 0.0 0.0 0.0 2.0 0.0 0.0 0.6993006993006992
35 48 35 0.0 0.0 1.0 0.0 16.0 0.0 0.0 0.694100148735746
35 48 36 0.0 0.0 17.0 0.0 557.0 5.0 3.0 0.5451713395638628
35 48 37 0.0 0.0 231.0 0.0 5083.0 16.0 280.0 0.1917808219178082
35 48 38 0.0 0.0 273.0 0.0 6070.0 27.0 417.0 0.16828945786753213
35 48 39 0.0 0.0 424.0 0.0 8375.0 26.0 1184.0 0.1298821783096762
35 48 40 0.0 0.0 357.0 0.0 7938.0 18.0 1039.0 0.1362000194571456
35 48 41 0.0 0.0 593.0 0.0 10842.0 24.0 3449.0 0.10425975573428656
35 48 42 0.0 0.0 201.0 0.0 4410.0 17.0 204.0 0.21231422505307854
35 48 43 0.0 0.0 276.0 0.0 5443.0 23.0 312.0 0.1818890476809146
35 48 44 0.0 0.0 310.0 0.0 7088.0 18.0 788.0 0.14922191430398632
35 48 45 0.0 0.0 124.0 0.0 2822.0 15.0 69.0 0.2838029596594364
35 48 46 0.0 0.0 7.0 0.0 203.0 4.0 0.0 0.6346328195829555
35 48 47 0.0 0.0 88.0 0.0 2089.0 10.0 22.0 0.3360537686029764
35 48 48 0.0 0.0 1.0 0.0 3.0 0.0 0.0 0.6986027944111775
35 49 35 0.0 0.0 0.0 0.0 4.0 0.0 0.0 0.6986027944111775
35 49 36 0.0 0.0 0.0 0.0 12.0 1.0 0.0 0.6961710591745399
35 49 37 0.0 0.0 155.0 0.0 3667.0 17.0 133.0 0.24104683195592286
35 49 38 0.0 0.0 26.0 0.0 612.0 7.0 4.0 0.5321170657544659
35 49 39 0.0 0.0 45.0 0.0 1148.0 7.0 9.0 0.4394224733207784
35 49 40 0.0 0.0 72.0 0.0 1583.0 16.0 12.0 0.38472107721901616
35 49 41 0.0 0.0 13.0 0.0 580.0 2.0 0.0 0.5403319181783095
35 49 42 0.0 0.0 38.0 0.0 974.0 6.0 2.0 0.46573519627411836
35 49 43 0.0 0.0 0.0 0.0 37.0 0.0 0.0 0.6872852233676975
35 49 44 0.0 0.0 18.0 0.0 303.0 6.0 0.0 0.6047516198704103
35 49 45 0.0 0.0 0.0 0.0 18.0 0.0 0.0 0.6937561942517343
35 49 46 0.0 0.0 0.0 0.0 4.0 0.0 0.0 0.6986027944111775
35 50 36 0.0 0.0 1.0 0.0 19.0 0.0 0.0 0.6930693069306929
35 50 37 0.0 0.0 0.0 0.0 4.0 0.0 0.0 0.6986027944111775
35 50 38 0.0 0.0 13.0 0.0 362.0 8.0 0.0 0.5914659907055343
35 50 39 0.0 0.0 2.0 0.0 33.0 0.0 0.0 0.6879606879606879
35 50 40 0.0 0.0 1.0 0.0 24.0 1.0 0.0 0.6916996047430829
35 50 41 0.0 0.0 0.0 0.0 3.0 0.0 0.0 0.6989515726410384
35 50 42 0.0 0.0 0.0 0.0 3.0 0.0 0.0 0.6989515726410384
35 50 43 0.0 0.0 4.0 0.0 51.0 1.0 0.0 0.6815968841285296
35 50 45 0.0 0.0 0.0 0.0 1.0 0.0 0.0 0.6996501749125437
35 51 39 0.0 0.0 0.0 0.0 1.0 0.0 0.0 0.6996501749125437
36 29 37 0.0 0.0 0.0 0.0 2.0 0.0 0.0 0.6993006993006992
36 29 38 0.0 0.0 0.0 0.0 1.0 0.0 0.0 0.6996501749125437
36 30 34 0.0 0.0 0.0 0.0 2.0 0.0 0.0 0.6993006993006992
36 30 35 0.0 0.0 0.0 0.0 11.0 0.0 0.0 0.6961710591745399
36 30 36 0.0 0.0 1.0 0.0 83.0 1.0 0.0 0.6721075372059528
36 30 37 0.0 0.0 0.0 0.0 66.0 0.0 0.0 0.6779661016949151
36 30 38 0.0 0.0 73.0 0.0 1957.0 9.0 19.0 0.3481720964934096
36 30 39 0.0 0.0 13.0 0.0 352.0 5.0 2.0 0.5932203389830507
36 30 40 0.0 0.0 1.0 0.0 56.0 0.0 0.0 0.6806028196402526
36 30 41 0.0 0.0 2.0 0.0 34.0 1.0 0.0 0.6879606879606879
36 30 42 0.0 0.0 1.0 0.0 3.0 0.0 0.0 0.6986027944111775
36 30 43 0.0 0.0 0.0 0.0 5.0 0.0 0.0 0.6982543640897755
36 31 32 0.0 0.0 0.0 0.0 1.0 0.0 0.0 0.6996501749125437
36 31 33 0.0 0.0 27.0 0.0 537.0 6.0 1.0 0.5473025801407349
36 31 34 0.0 0.0 18.0 0.0 462.0 3.0 0.0 0.5651998385143318
36 31 35 0.0 0.0 16.0 0.0 325.0 5.0 2.0 0.5993150684931505
36 31 36 0.0 0.0 181.0 0.0 4498.0 16.0 180.0 0.21008403361344533
36 31 37 0.0 0.0 205.0 0.0 4413.0 16.0 189.0 0.21205695243865494
36 31 38 0.0 0.0 188.0 0.0 4634.0 16.0 242.0 0.20561022176531057
36 31 39 0.0 0.0 189.0 0.0 4212.0 20.0 146.0 0.21936696960200558
36 31 40 0.0 0.0 18.0 0.0 457.0 6.0 1.0 0.5672609400324148
36 31 41 0.0 0.0 97.0 0.0 2114.0 11.0 34.0 0.33349213911386366
36 31 42 0.0 0.0 233.0 0.0 5017.0 25.0 215.0 0.19369120088544545
36 31 43 0.0 0.0 23.0 0.0 506.0 4.0 0.0 0.5546751188589539
36 31 44 0.0 0.0 1.0 0.0 34.0 1.0 0.0 0.6882989183874139
36 31 45 0.0 0.0 0.0 0.0 12.0 0.0 0.0 0.6958250497017892
36 31 46 0.0 0.0 0.0 0.0 5.0 0.0 0.0 0.6982543640897755
36 31 48 0.0 0.0 0.0 0.0 1.0 0.0 0.0 0.6996501749125437
36 32 30 0.0 0.0 0.0 0.0 2.0 0.0 0.0 0.6993006993006992
36 32 31 0.0 0.0 0.0 0.0 4.0 0.0 0.0 0.6986027944111775
36 32 32 0.0 0.0 14.0 0.0 259.0 2.0 2.0 0.6164685160722148
36 32 33 0.0 0.0 209.0 0.0 4464.0 24.0 144.0 0.21052631578947364
36 32 34 0.0 0.0 272.0 0.0 5686.0 26.0 330.0 0.1764112903225806
36 32 35 0.0 0.0 511.0 0.0 10006.0 23.0 2307.0 0.11194626579241963
36 32 36 0.0 0.0 240.0 0.0 5099.0 25.0 233.0 0.19143990154519344
36 32 37 0.0 0.0 728.0 0.0 11649.0 31.0 4393.0 0.09746588693957113
36 32 38 0.0 0.0 366.0 0.0 7819.0 16.0 1070.0 0.1376462491397109
36 32 39 0.0 0.0 678.0 0.0 11448.0 23.0 3946.0 0.09915716410510658
36 32 40 0.0 0.0 361.0 0.0 8083.0 20.0 1246.0 0.13413816230717637
36 32 41 0.0 0.0 564.0 0.0 10196.0 24.0 2531.0 0.1098211484154377
36 32 42 0.0 0.0 295.0 0.0 6792.0 19.0 639.0 0.15433800022048283
36 32 43 0.0 0.0 187.0 0.0 4052.0 11.0 140.0 0.22464698331193836
36 32 44 0.0 0.0 147.0 0.0 3327.0 14.0 80.0 0.2564102564102564
36 32 45 0.0 0.0 9.0 0.0 313.0 4.0 0.0 0.6039689387402932
36 32 46 0.0 0.0 3.0 0.0 143.0 0.0 0.0 0.6523765144454798
36 32 47 0.0 0.0 4.0 0.0 90.0 0.0 0.0 0.6685768863419292
36 32 48 0.0 0.0 0.0 0.0 7.0 0.0 0.0 0.6975585450921773
36 32 49 0.0 0.0 0.0 0.0 2.0 0.0 0.0 0.6993006993006992
36 33 30 0.0 0.0 0.0 0.0 8.0 0.0 0.0 0.697211155378486
36 33 31 0.0 0.0 44.0 0.0 1317.0 12.0 13.0 0.4180352343983278
36 33 32 0.0 0.0 93.0 0.0 2262.0 14.0 24.0 0.32258064516129026
36 33 33 0.0 0.0 326.0 0.0 7205.0 23.0 746.0 0.14718250630782168
36 33 34 0.0 0.0 349.0 0.0 7899.0 17.0 1079.0 0.13678553981436245
36 33 35 0.0 0.0 604.0 0.0 10631.0 24.0 3050.0 0.1058681185722928
36 33 36 0.0 0.0 861.0 0.0 12509.0 31.0 6645.0 0.09116957541026308
36 33 37 0.0 0.0 836.0 0.0 12506.0 28.0 6454.0 0.09125871846685352
36 33 38 0.0 0.0 1358.0 0.0 13127.0 49.0 18846.0 0.08492053863884506
36 33 39 0.0 0.0 1187.0 0.0 13484.0 40.0 13449.0 0.08406388855530202
36 33 40 0.0 0.0 883.0 0.0 12937.0 40.0 7883.0 0.08854034910194788
36 33 41 0.0 0.0 841.0 0.0 12593.0 31.0 6413.0 0.09076175040518637
36 33 42 0.0 0.0 966.0 0.0 12957.0 27.0 8694.0 0.08795627316705408
36 33 43 0.0 0.0 422.0 0.0 8574.0 24.0 1409.0 0.12750455373406192
36 33 44 0.0 0.0 492.0 0.0 10051.0 19.0 2500.0 0.11166945840312673
36 33 45 0.0 0.0 190.0 0.0 4747.0 26.0 242.0 0.20245842371655817
36 33 46 0.0 0.0 8.0 0.0 325.0 2.0 1.0 0.6006006006006005
36 33 47 0.0 0.0 35.0 0.0 712.0 10.0 1.0 0.5115089514066495
36 33 48 0.0 0.0 15.0 0.0 251.0 4.0 0.0 0.6189213085764809
36 33 49 0.0 0.0 0.0 0.0 9.0 0.0 0.0 0.6968641114982577
36 34 30 0.0 0.0 0.0 0.0 19.0 0.0 0.0 0.6934125804853887
36 34 31 0.0 0.0 155.0 0.0 3641.0 13.0 114.0 0.24208888120352753
36 34 32 0.0 0.0 683.0 0.0 11506.0 24.0 4621.0 0.09872364431281291
36 34 33 0.0 0.0 666.0 0.0 11512.0 23.0 4690.0 0.09877936922317081
36 34 34 0.0 0.0 723.0 0.0 11869.0 22.0 4285.0 0.09599561162918266
36 34 35 0.0 0.0 1270.0 0.0 13306.0 39.0 15793.0 0.08445436448090728
36 34 36 0.0 0.0 1065.0 0.0 13584.0 43.0 10143.0 0.08413967185527976
36 34 37 0.0 0.0 1700.0 0.0 13321.0 47.0 23511.0 0.08225133658421949
36 34 38 0.0 0.0 1482.0 0.0 14288.0 44.0 14570.0 0.0788421467590246
36 34 39 0.0 0.0 1814.0 0.0 13625.0 41.0 25030.0 0.08025222126683863
36 34 40 0.0 0.0 1609.0 0.0 13836.0 37.0 19225.0 0.08021543574170628
36 34 41 0.0 0.0 1551.0 0.0 13704.0 59.0 18610.0 0.0812960919807212
36 34 42 0.0 0.0 1156.0 0.0 13710.0 39.0 11492.0 0.08309098462816783
36 34 43 0.0 0.0 1830.0 0.0 12973.0 49.0 26880.0 0.08334325514942255
36 34 44 0.0 0.0 877.0 0.0 12804.0 31.0 7776.0 0.08935980085530094
36 34 45 0.0 0.0 434.0 0.0 9057.0 22.0 1613.0 0.12200435729847493
36 34 46 0.0 0.0 362.0 0.0 7882.0 16.0 1004.0 0.1368390186687518
36 34 47 0.0 0.0 650.0 0.0 10899.0 31.0 3516.0 0.10350436196954013
36 34 48 0.0 0.0 57.0 0.0 1454.0 8.0 8.0 0.39965743648301444
36 34 49 0.0 0.0 0.0 0.0 9.0 0.0 0.0 0.6968641114982577
36 35 30 0.0 0.0 0.0 0.0 33.0 0.0 0.0 0.6886374815543531
36 35 31 0.0 0.0 38.0 0.0 1093.0 13.0 9.0 0.4490057729313662
36 35 32 0.0 0.0 532.0 0.0 10109.0 25.0 2836.0 0.11081209434858318
36 35 33 0.0 0.0 711.0 0.0 11685.0 28.0 4175.0 0.09734390209984703
36 35 34 0.0 0.0 993.0 0.0 13115.0 39.0 9108.0 0.08697272783748523
36 35 35 0.0 0.0 1145.0 0.0 13415.0 31.0 12486.0 0.08459214501510573
36 35 36 0.0 0.0 2169.0 0.0 12560.0 47.0 33999.0 0.08370202080593088
36 35 37 0.0 0.0 2450.0 0.0 13256.0 51.0 34558.0 0.079078174423859
36 35 38 0.0 0.0 3011.0 0.0 11408.0 62.0 53440.0 0.08518405841192576
36 35 39 0.0 0.0 2981.0 0.0 13445.0 80.0 39473.0 0.07608695652173912
36 35 40 0.0 0.0 3094.0 0.0 11670.0 49.0 52306.0 0.0834625014904018
36 35 41 0.0 0.0 2490.0 0.0 13190.0 57.0 35182.0 0.07912733849545017
36 35 42 0.0 0.0 2520.0 0.0 12571.0 48.0 38496.0 0.08188092174523336
36 35 43 0.0 0.0 2343.0 0.0 11974.0 62.0 40841.0 0.0858948401742438
36 35 44 0.0 0.0 1645.0 0.0 13662.0 44.0 20960.0 0.08085475021657522
36 35 45 0.0 0.0 804.0 0.0 12296.0 28.0 5705.0 0.09273979862215155
36 35 46 0.0 0.0 421.0 0.0 8340.0 18.0 1121.0 0.13020833333333331
36 35 47 0.0 0.0 342.0 0.0 7330.0 28.0 817.0 0.14501760928112697
36 35 48 0.0 0.0 160.0 0.0 3560.0 14.0 103.0 0.24531277378657787
36 35 49 0.0 0.0 3.0 0.0 15.0 0.0 0.0 0.6937561942517343
36 36 30 0.0 0.0 0.0 0.0 32.0 0.0 0.0 0.6889763779527558
36 36 31 0.0 0.0 122.0 0.0 3182.0 14.0 67.0 0.26455026455026454
36 36 32 0.0 0.0 747.0 0.0 12007.0 37.0 5734.0 0.09493456296195835
36 36 33 0.0 0.0 723.0 0.0 11822.0 22.0 4642.0 0.09623315919714048
36 36 34 0.0 0.0 1574.0 0.0 13299.0 49.0 21336.0 0.08297279677591417
36 36 35 0.0 0.0 1715.0 0.0 13639.0 43.0 21361.0 0.08068699210420148
36 36 36 0.0 0.0 2914.0 0.0 12569.0 66.0 44849.0 0.08010528122675516
36 36 37 0.0 0.0 3603.0 0.0 7922.0 60.0 89656.0 0.10344318013890941
36 36 38 0.0 0.0 4185.0 0.0 11495.0 77.0 63620.0 0.07919895909939469
36 36 39 0.0 0.0 4446.0 0.0 11158.0 68.0 66369.0 0.07941009642654565
36 36 40 0.0 0.0 4617.0 0.0 9583.0 79.0 81665.0 0.08633980881899475
36 36 41 0.0 0.0 4154.0 0.0 11263.0 79.0 63763.0 0.08035355564483727
36 36 42 0.0 0.0 3673.0 0.0 11369.0 61.0 59049.0 0.08206811653672548
36 36 43 0.0 0.0 3061.0 0.0 11530.0 65.0 51965.0 0.08430180044559522
36 36 44 0.0 0.0 2236.0 0.0 13016.0 61.0 33842.0 0.08119707690523141
36 36 45 0.0 0.0 1448.0 0.0 13603.0 43.0 17501.0 0.08210180623973726
36 36 46 0.0 0.0 1200.0 0.0 13513.0 28.0 12234.0 0.08375710439724797
36 36 47 0.0 0.0 791.0 0.0 12087.0 32.0 5479.0 0.09415562579864145
36 36 48 0.0 0.0 157.0 0.0 3520.0 16.0 89.0 0.24739353242622367
36 36 49 0.0 0.0 11.0 0.0 300.0 3.0 0.0 0.606585788561525
36 36 50 0.0 0.0 2.0 0.0 6.0 2.0 0.0 0.6979062811565303
36 37 30 0.0 0.0 0.0 0.0 64.0 0.0 0.0 0.6789524733268669
36 37 31 0.0 0.0 344.0 0.0 6896.0 25.0 609.0 0.15179442697603812
36 37 32 0.0 0.0 530.0 0.0 10320.0 22.0 2906.0 0.10903426791277257
36 37 33 0.0 0.0 991.0 0.0 13195.0 30.0 7974.0 0.0865533230293663
36 37 34 0.0 0.0 1459.0 0.0 13322.0 31.0 19566.0 0.08342768607353554
36 37 35 0.0 0.0 2150.0 0.0 13791.0 48.0 27607.0 0.0780596598829105
36 37 36 0.0 0.0 3372.0 0.0 11804.0 59.0 52737.0 0.08143322475570032
36 37 37 0.0 0.0 4245.0 0.0 8649.0 82.0 87774.0 0.09404178142003089
36 37 38 0.0 0.0 5273.0 0.0 9489.0 87.0 87816.0 0.0835073068893528
36 37 39 0.0 0.0 5422.0 0.0 7115.0 79.0 110920.0 0.09626624492883173
36 37 40 0.0 0.0 5329.0 0.0 7229.0 71.0 109870.0 0.09616705591427394
36 37 41 0.0 0.0 5197.0 0.0 7446.0 74.0 106394.0 0.095654550423613
36 37 42 0.0 0.0 4799.0 0.0 11092.0 82.0 71005.0 0.07827788649706457
36 37 43 0.0 0.0 3860.0 0.0 11657.0 53.0 59511.0 0.0798630918425556
36 37 44 0.0 0.0 2680.0 0.0 12639.0 61.0 40821.0 0.08082207597275141
36 37 45 0.0 0.0 1937.0 0.0 13286.0 51.0 28356.0 0.08136223629918055
36 37 46 0.0 0.0 917.0 0.0 12979.0 25.0 6516.0 0.0881112719491472
36 37 47 0.0 0.0 575.0 0.0 10453.0 24.0 2559.0 0.10754340144415424
36 37 48 0.0 0.0 277.0 0.0 6616.0 22.0 633.0 0.15776425512733827
36 37 49 0.0 0.0 206.0 0.0 5207.0 16.0 309.0 0.18924033522573666
36 37 50 0.0 0.0 0.0 0.0 8.0 0.0 0.0 0.697211155378486
36 38 30 0.0 0.0 10.0 0.0 342.0 3.0 2.0 0.5959982971477223
36 38 31 0.0 0.0 294.0 0.0 6781.0 15.0 682.0 0.15445719329214472
36 38 32 0.0 0.0 585.0 0.0 10451.0 19.0 2674.0 0.1074361138822807
36 38 33 0.0 0.0 981.0 0.0 13117.0 25.0 7741.0 0.08697272783748523
36 38 34 0.0 0.0 1637.0 0.0 13970.0 47.0 20084.0 0.07952286282306162
36 38 35 0.0 0.0 2455.0 0.0 13933.0 52.0 31395.0 0.07613661083315205
36 38 36 0.0 0.0 3997.0 0.0 9788.0 84.0 75368.0 0.0887648998224702
36 38 37 0.0 0.0 5216.0 0.0 11003.0 79.0 74703.0 0.07678806494076348
36 38 38 0.0 0.0 5963.0 0.0 7890.0 84.0 105247.0 0.08820564516129031
36 38 39 0.0 0.0 6495.0 0.0 7036.0 79.0 116759.0 0.09004952723998198
36 38 40 0.0 1.0 6097.0 1.0 6423.0 61.0 121635.0 0.09627286480539128
36 38 41 0.0 0.0 6295.0 0.0 7545.0 65.0 110041.0 0.08827238335435056
36 38 42 0.0 0.0 5725.0 0.0 8315.0 69.0 99915.0 0.08717852917367207
36 38 43 0.0 0.0 4904.0 0.0 11145.0 83.0 71350.0 0.07758811793393926
36 38 44 0.0 0.0 3489.0 0.0 10417.0 68.0 65114.0 0.08799497171590194
36 38 45 0.0 0.0 2459.0 0.0 13100.0 54.0 35458.0 0.07970395673213777
36 38 46 0.0 0.0 1588.0 0.0 13500.0 37.0 20773.0 0.0819432250512145
36 38 47 0.0 0.0 882.0 0.0 12673.0 24.0 6935.0 0.09006111289803795
36 38 48 0.0 0.0 495.0 0.0 9142.0 20.0 1463.0 0.12045083025036563
36 38 49 0.0 0.0 64.0 0.0 1858.0 13.0 22.0 0.35814786390381165
36 38 50 0.0 0.0 0.0 0.0 3.0 0.0 0.0 0.6989515726410384
36 39 30 0.0 0.0 40.0 0.0 997.0 7.0 1.0 0.4620462046204619
36 39 31 0.0 0.0 128.0 0.0 3820.0 19.0 137.0 0.23612750885478156
36 39 32 0.0 0.0 478.0 0.0 9547.0 27.0 1963.0 0.1166375072898442
36 39 33 0.0 0.0 847.0 0.0 12597.0 25.0 5871.0 0.09067357512953367
36 39 34 0.0 0.0 1898.0 0.0 13025.0 51.0 28715.0 0.08268367587999054
36 39 35 0.0 0.0 2569.0 0.0 12800.0 59.0 38383.0 0.0805709023941068
36 39 36 0.0 0.0 4062.0 0.0 11451.0 86.0 62782.0 0.08003658815458493
36 39 37 0.0 0.0 5351.0 0.0 8264.0 70.0 97955.0 0.08965163934426228
36 39 38 0.0 0.0 5780.0 0.0 6240.0 60.0 123446.0 0.0998288648031945
36 39 39 0.0 0.0 6689.0 0.0 5811.0 72.0 129714.0 0.09664503658704955
36 39 40 0.0 0.0 6956.0 0.0 6468.0 74.0 124858.0 0.09079118028534369
36 39 41 0.0 0.0 6942.0 0.0 7199.0 81.0 115683.0 0.0866658412777021
36 39 42 0.0 2.0 5104.0 3.0 5420.0 61.0 127376.0 0.11162494020092488
36 39 43 0.0 0.0 5357.0 0.0 8620.0 69.0 95717.0 0.08759306763436149
36 39 44 0.0 1.0 4329.0 0.0 10067.0 81.0 76489.0 0.08542314967356153
36 39 45 0.0 0.0 2965.0 0.0 11490.0 52.0 51664.0 0.08496692359045942
36 39 46 0.0 0.0 1827.0 0.0 13426.0 58.0 25348.0 0.08124891184493063
36 39 47 0.0 0.0 729.0 0.0 12038.0 29.0 4723.0 0.09486380268329041
36 39 48 0.0 0.0 459.0 0.0 8706.0 25.0 1295.0 0.12558306422676713
36 39 49 0.0 0.0 23.0 0.0 476.0 7.0 1.0 0.5617977528089887
36 39 50 0.0 0.0 0.0 0.0 2.0 0.0 0.0 0.6993006993006992
36 40 29 0.0 0.0 0.0 0.0 1.0 0.0 0.0 0.6996501749125437
36 40 30 0.0 0.0 89.0 0.0 2244.0 13.0 31.0 0.3241491085899513
36 40 31 0.0 0.0 155.0 0.0 3683.0 17.0 124.0 0.2405085036935234
36 40 32 0.0 0.0 532.0 0.0 10219.0 20.0 2527.0 0.10991599277694904
36 40 33 0.0 0.0 977.0 0.0 12776.0 23.0 10834.0 0.08886067914947635
36 40 34 0.0 0.0 1404.0 0.0 14230.0 48.0 13886.0 0.07951834601840281
36 40 35 0.0 0.0 2647.0 0.0 12286.0 54.0 42006.0 0.08263974971961513
36 40 36 0.0 0.0 4069.0 0.0 11592.0 61.0 60879.0 0.07923481804289997
36 40 37 0.0 0.0 5490.0 0.0 9021.0 91.0 93020.0 0.08481250378627248
36 40 38 0.0 0.0 6159.0 0.0 6338.0 81.0 122129.0 0.09663169519602428
36 40 39 0.0 0.0 6137.0 0.0 4984.0 63.0 137106.0 0.10662604722010662
36 40 40 0.0 1.0 6988.0 1.0 5775.0 71.0 130658.0 0.09474824038982133
36 40 41 0.0 3.0 7206.0 5.0 6859.0 88.0 120192.0 0.08711343413602139
36 40 42 0.0 0.0 6934.0 0.0 7810.0 86.0 109263.0 0.0835820895522388
36 40 43 0.0 1.0 5307.0 0.0 6779.0 60.0 114128.0 0.09936830151181772
36 40 44 0.0 0.0 4683.0 0.0 9879.0 99.0 79731.0 0.08457681387059747
36 40 45 0.0 0.0 3264.0 0.0 11944.0 63.0 52919.0 0.08136696501220503
36 40 46 0.0 0.0 1972.0 0.0 13537.0 37.0 26885.0 0.07987676156786672
36 40 47 0.0 0.0 700.0 0.0 11629.0 25.0 4176.0 0.09784051995247744
36 40 48 0.0 0.0 381.0 0.0 8538.0 15.0 1464.0 0.12834616795012832
36 40 49 0.0 0.0 131.0 0.0 3185.0 13.0 75.0 0.26395173453996984
36 40 50 0.0 0.0 0.0 0.0 5.0 0.0 0.0 0.6982543640897755
36 41 30 0.0 0.0 3.0 0.0 58.0 3.0 0.0 0.6802721088435373
36 41 31 0.0 0.0 111.0 0.0 2304.0 10.0 33.0 0.31774852473899223
36 41 32 0.0 0.0 251.0 0.0 5956.0 20.0 435.0 0.17085672443251154
36 41 33 0.0 0.0 1102.0 0.0 13417.0 26.0 10775.0 0.08477141992128367
36 41 34 0.0 0.0 1279.0 0.0 13942.0 36.0 13688.0 0.0813149793808445
36 41 35 0.0 0.0 2256.0 0.0 13232.0 42.0 32419.0 0.07994061554273967
36 41 36 0.0 0.0 3847.0 0.0 10388.0 71.0 67727.0 0.08621751447222563
36 41 37 0.0 0.0 5007.0 1.0 9082.0 71.0 88282.0 0.08702679181948156
36 41 38 0.0 1.0 5959.0 1.0 6386.0 75.0 121010.0 0.0976222020779583
36 41 39 0.0 0.0 6301.0 0.0 5793.0 79.0 129429.0 0.09948834565093802
36 41 40 0.0 1.0 7212.0 3.0 6472.0 70.0 124088.0 0.08914926133469178
36 41 41 0.0 3.0 5821.0 1.0 5138.0 74.0 135280.0 0.10819165378670786
36 41 42 0.0 3.0 5228.0 2.0 5193.0 51.0 131927.0 0.11256733939052825
36 41 43 0.0 0.0 5645.0 1.0 7480.0 69.0 108848.0 0.09249471458773784
36 41 44 0.0 0.0 4594.0 0.0 10619.0 87.0 72109.0 0.08137642408742153
36 41 45 0.0 0.0 3303.0 0.0 11010.0 75.0 60332.0 0.08585270129392285
36 41 46 0.0 0.0 2173.0 0.0 12658.0 45.0 33896.0 0.08319961965888155
36 41 47 0.0 0.0 1063.0 0.0 13297.0 30.0 10934.0 0.08558503484533561
36 41 48 0.0 0.0 571.0 0.0 10441.0 19.0 2918.0 0.10768402430582262
36 41 49 0.0 0.0 129.0 0.0 3030.0 16.0 52.0 0.27226760015558144
36 41 50 0.0 0.0 0.0 0.0 42.0 0.0 0.0 0.6856023506366307
36 42 30 0.0 0.0 0.0 0.0 15.0 0.0 0.0 0.6951340615690167
36 42 31 0.0 0.0 6.0 0.0 228.0 0.0 0.0 0.6266786034019695
36 42 32 0.0 0.0 564.0 0.0 10262.0 25.0 2349.0 0.10927255697783327
36 42 33 0.0 0.0 711.0 0.0 11795.0 29.0 4788.0 0.09656504345426954
36 42 34 0.0 0.0 1277.0 0.0 13355.0 35.0 16241.0 0.08422065812428561
36 42 35 0.0 0.0 1902.0 0.0 13793.0 45.0 25846.0 0.07910498361396767
36 42 36 0.0 0.0 3183.0 0.0 11380.0 57.0 55468.0 0.08438309927068892
36 42 37 0.0 0.0 4643.0 0.0 10681.0 98.0 72884.0 0.08083607598591142
36 42 38 0.0 0.0 5918.0 0.0 9117.0 80.0 94101.0 0.08219338930311747
36 42 39 0.0 2.0 6399.0 8.0 7483.0 73.0 111304.0 0.08810018249323516
36 42 40 0.0 0.0 6695.0 1.0 7358.0 82.0 115090.0 0.08719481813652216
36 42 41 0.0 0.0 6281.0 0.0 6740.0 72.0 119389.0 0.09317803660565724
36 42 42 0.0 2.0 5289.0 0.0 5814.0 69.0 124722.0 0.10681315327687495
36 42 43 0.0 1.0 5246.0 2.0 7545.0 68.0 104940.0 0.09462656302805
36 42 44 0.0 0.0 4411.0 0.0 9859.0 77.0 77648.0 0.08612204724409449
36 42 45 0.0 0.0 3179.0 0.0 12096.0 66.0 49474.0 0.08090614886731391
36 42 46 0.0 0.0 2118.0 0.0 13463.0 52.0 29508.0 0.07964048011832299
36 42 47 0.0 0.0 998.0 0.0 12814.0 33.0 10471.0 0.08854034910194788
36 42 48 0.0 0.0 675.0 0.0 10866.0 37.0 2916.0 0.10358094110683634
36 42 49 0.0 0.0 27.0 0.0 713.0 4.0 2.0 0.5116959064327484
36 42 50 0.0 0.0 4.0 0.0 84.0 1.0 0.0 0.670819357930043
36 43 30 0.0 0.0 0.0 0.0 3.0 0.0 0.0 0.6989515726410384
36 43 31 0.0 0.0 31.0 0.0 588.0 6.0 2.0 0.5359877488514548
36 43 32 0.0 0.0 503.0 0.0 9832.0 31.0 2278.0 0.11366404156856376
36 43 33 0.0 0.0 704.0 0.0 11648.0 30.0 4809.0 0.0976222020779583
36 43 34 0.0 0.0 1721.0 0.0 13222.0 43.0 24506.0 0.08259587020648966
36 43 35 0.0 0.0 1736.0 0.0 13292.0 38.0 24610.0 0.08221752407798918
36 43 36 0.0 0.0 2317.0 0.0 13780.0 45.0 30398.0 0.07727548711155267
36 43 37 0.0 0.0 3848.0 0.0 10814.0 72.0 65792.0 0.08394291881520566
36 43 38 0.0 0.0 4922.0 0.0 10510.0 91.0 75742.0 0.08030746285779841
36 43 39 0.0 1.0 5120.0 2.0 7930.0 79.0 99878.0 0.09286282833642875
36 43 40 0.0 0.0 5567.0 0.0 7541.0 75.0 106282.0 0.09267227113258754
36 43 41 0.0 0.0 5709.0 0.0 9224.0 77.0 91564.0 0.08270809948602822
36 43 42 0.0 2.0 5400.0 2.0 9103.0 91.0 90824.0 0.08485877076009213
36 43 43 0.0 0.0 4865.0 0.0 8485.0 71.0 92618.0 0.09122304033361568
36 43 44 0.0 0.0 3648.0 0.0 9472.0 71.0 74504.0 0.09241534094659713
36 43 45 0.0 0.0 2985.0 0.0 11053.0 55.0 55106.0 0.08726547403852146
36 43 46 0.0 0.0 1577.0 0.0 14319.0 45.0 16266.0 0.07818171664712123
36 43 47 0.0 0.0 969.0 0.0 12868.0 29.0 9457.0 0.0884061631725183
36 43 48 0.0 0.0 457.0 0.0 9531.0 26.0 2032.0 0.11695906432748536
36 43 49 0.0 0.0 188.0 0.0 4156.0 16.0 149.0 0.2212389380530973
36 43 50 0.0 0.0 24.0 0.0 504.0 9.0 3.0 0.5557761016276299
36 44 30 0.0 0.0 0.0 0.0 6.0 0.0 0.0 0.6979062811565303
36 44 31 0.0 0.0 98.0 0.0 2381.0 14.0 38.0 0.3134796238244514
36 44 32 0.0 0.0 232.0 0.0 4537.0 25.0 192.0 0.2075303883782982
36 44 33 0.0 0.0 626.0 0.0 10740.0 28.0 2936.0 0.10482965181579933
36 44 34 0.0 0.0 1079.0 0.0 13229.0 31.0 11146.0 0.085831647354546
36 44 35 0.0 0.0 1294.0 0.0 13663.0 45.0 14436.0 0.0825861255309108
36 44 36 0.0 0.0 1842.0 0.0 13815.0 38.0 22616.0 0.07925724637681159
36 44 37 0.0 0.0 2520.0 0.0 13210.0 60.0 36245.0 0.07904245709123757
36 44 38 0.0 0.0 3808.0 0.0 9847.0 53.0 74050.0 0.08927432725417675
36 44 39 0.0 0.0 4291.0 0.0 10411.0 81.0 73830.0 0.08386246555648735
36 44 40 0.0 0.0 4530.0 0.0 10221.0 72.0 74548.0 0.08356712230645257
36 44 41 0.0 0.0 4361.0 2.0 8735.0 92.0 89029.0 0.09282588516111921
36 44 42 0.0 1.0 4057.0 7.0 10716.0 74.0 67767.0 0.08345255126371005
36 44 43 0.0 1.0 3360.0 4.0 12422.0 67.0 48809.0 0.07867820613690006
36 44 44 0.0 0.0 2889.0 0.0 12270.0 55.0 45373.0 0.08151857458949574
36 44 45 0.0 0.0 2348.0 0.0 12777.0 62.0 36341.0 0.08177092459552596
36 44 46 0.0 0.0 1233.0 0.0 13762.0 48.0 12027.0 0.08244994110718491
36 44 47 0.0 0.0 569.0 0.0 10788.0 26.0 3502.0 0.10491606714628296
36 44 48 0.0 0.0 118.0 0.0 3500.0 14.0 97.0 0.2498215560314061
36 44 49 0.0 0.0 30.0 0.0 691.0 10.0 2.0 0.5164146071560309
36 45 29 0.0 0.0 0.0 0.0 2.0 0.0 0.0 0.6993006993006992
36 45 30 0.0 0.0 6.0 0.0 138.0 5.0 0.0 0.6545114539504441
36 45 31 0.0 0.0 3.0 0.0 67.0 3.0 0.0 0.6773101112723753
36 45 32 0.0 0.0 179.0 0.0 4014.0 23.0 127.0 0.22690437601296595
36 45 33 0.0 0.0 425.0 0.0 8391.0 19.0 1198.0 0.1296296296296296
36 45 34 0.0 0.0 544.0 0.0 10189.0 28.0 2390.0 0.110062893081761
36 45 35 0.0 0.0 805.0 0.0 12497.0 22.0 6857.0 0.09156311314584696
36 45 36 0.0 0.0 1090.0 0.0 13665.0 37.0 9951.0 0.0835421888053467
36 45 37 0.0 0.0 1928.0 0.0 13011.0 50.0 29044.0 0.0826787928896238
36 45 38 0.0 0.0 2595.0 0.0 12369.0 71.0 42311.0 0.0825861255309108
36 45 39 0.0 0.0 3291.0 0.0 9747.0 63.0 68947.0 0.09309748636786806
36 45 40 0.0 0.0 3105.0 0.0 11780.0 57.0 50994.0 0.08285984848484848
36 45 41 0.0 0.0 3224.0 0.0 10303.0 63.0 63337.0 0.09013649240278135
36 45 42 0.0 0.0 2895.0 1.0 12197.0 72.0 45882.0 0.08190008190008188
36 45 43 0.0 0.0 2414.0 0.0 12479.0 65.0 37887.0 0.08290400900100668
36 45 44 0.0 0.0 1606.0 0.0 13628.0 46.0 20118.0 0.0812677773262901
36 45 45 0.0 0.0 1697.0 0.0 13090.0 41.0 24568.0 0.08337303477846593
36 45 46 0.0 0.0 1101.0 0.0 13098.0 38.0 13928.0 0.08646245059288536
36 45 47 0.0 0.0 526.0 0.0 10253.0 22.0 2790.0 0.10963194988253719
36 45 48 0.0 0.0 99.0 0.0 2990.0 10.0 65.0 0.2754820936639118
36 45 49 0.0 0.0 6.0 0.0 168.0 2.0 0.0 0.6445672191528544
36 46 31 0.0 0.0 0.0 0.0 5.0 0.0 0.0 0.6982543640897755
36 46 32 0.0 0.0 108.0 0.0 2869.0 19.0 69.0 0.2823719241629689
36 46 33 0.0 0.0 205.0 0.0 4661.0 16.0 225.0 0.20434972996642822
36 46 34 0.0 0.0 472.0 0.0 9408.0 33.0 2024.0 0.11806375442739078
36 46 35 0.0 0.0 546.0 0.0 9951.0 32.0 2227.0 0.1122874558870709
36 46 36 0.0 0.0 860.0 0.0 12630.0 27.0 8026.0 0.09041007426541814
36 46 37 0.0 0.0 1313.0 0.0 13594.0 29.0 15434.0 0.08276188224166468
36 46 38 0.0 0.0 1552.0 0.0 14074.0 44.0 17898.0 0.0794596742153357
36 46 39 0.0 0.0 1959.0 0.0 13421.0 49.0 26710.0 0.08051529790660224
36 46 40 0.0 0.0 2024.0 0.0 12763.0 42.0 31884.0 0.08339786739739083
36 46 41 0.0 0.0 1671.0 0.0 13883.0 50.0 19733.0 0.07975390224450267
36 46 42 0.0 0.0 1432.0 0.0 13979.0 33.0 15257.0 0.08037200757793213
36 46 43 0.0 0.0 1176.0 0.0 13696.0 28.0 10912.0 0.0830072334874896
36 46 44 0.0 0.0 1131.0 0.0 13412.0 38.0 11551.0 0.08466888418506198
36 46 45 0.0 0.0 873.0 0.0 12571.0 33.0 6725.0 0.09067357512953367
36 46 46 0.0 0.0 595.0 0.0 10624.0 19.0 2830.0 0.10592418854505559
36 46 47 0.0 0.0 149.0 0.0 4142.0 20.0 183.0 0.22317870237525902
36 46 48 0.0 0.0 8.0 0.0 306.0 3.0 1.0 0.6057983556901773
36 46 49 0.0 0.0 0.0 0.0 18.0 0.0 0.0 0.6937561942517343
36 47 32 0.0 0.0 0.0 0.0 19.0 0.0 0.0 0.6934125804853887
36 47 33 0.0 0.0 5.0 0.0 266.0 2.0 0.0 0.6172839506172839
36 47 34 0.0 0.0 31.0 0.0 691.0 5.0 3.0 0.5152741994847257
36 47 35 0.0 0.0 76.0 0.0 1983.0 7.0 22.0 0.34559368057269807
36 47 36 0.0 0.0 225.0 0.0 5019.0 12.0 280.0 0.1935305501797069
36 47 37 0.0 0.0 720.0 0.0 11992.0 28.0 5827.0 0.09522513943681131
36 47 38 0.0 0.0 1291.0 0.0 13214.0 39.0 16544.0 0.08484334282770739
36 47 39 0.0 0.0 886.0 0.0 12745.0 26.0 8419.0 0.08960573476702507
36 47 40 0.0 0.0 1366.0 0.0 13225.0 29.0 18216.0 0.08433734939759036
36 47 41 0.0 0.0 723.0 0.0 11935.0 34.0 5047.0 0.09564801530368244
36 47 42 0.0 0.0 498.0 0.0 9678.0 23.0 2027.0 0.11517893870835046
36 47 43 0.0 0.0 800.0 0.0 12325.0 19.0 7100.0 0.09255586407510247
36 47 44 0.0 0.0 486.0 0.0 9500.0 21.0 1901.0 0.1169004676018704
36 47 45 0.0 0.0 417.0 0.0 7936.0 26.0 977.0 0.1355013550135501
36 47 46 0.0 0.0 188.0 0.0 5281.0 12.0 379.0 0.18774306021188142
36 47 47 0.0 0.0 27.0 0.0 667.0 7.0 3.0 0.5210271678451804
36 47 48 0.0 0.0 3.0 0.0 71.0 1.0 0.0 0.6756756756756755
36 47 49 0.0 0.0 0.0 0.0 6.0 0.0 0.0 0.6979062811565303
36 47 50 0.0 0.0 0.0 0.0 5.0 0.0 0.0 0.6982543640897755
36 48 31 0.0 0.0 0.0 0.0 2.0 0.0 0.0 0.6993006993006992
36 48 32 0.0 0.0 0.0 0.0 2.0 0.0 0.0 0.6993006993006992
36 48 33 0.0 0.0 0.0 0.0 4.0 0.0 0.0 0.6986027944111775
36 48 34 0.0 0.0 0.0 0.0 6.0 0.0 0.0 0.6982543640897755
36 48 35 0.0 0.0 2.0 0.0 92.0 0.0 0.0 0.6685768863419292
36 48 36 0.0 0.0 126.0 0.0 2736.0 19.0 47.0 0.28919644701507946
36 48 37 0.0 0.0 246.0 0.0 5243.0 25.0 280.0 0.18749162983795362
36 48 38 0.0 0.0 470.0 0.0 9188.0 26.0 1649.0 0.12028524787352862
36 48 39 0.0 0.0 517.0 0.0 9451.0 25.0 1723.0 0.1171744224974891
36 48 40 0.0 0.0 922.0 0.0 12815.0 25.0 7467.0 0.08896231810383172
36 48 41 0.0 0.0 745.0 0.0 11895.0 22.0 5211.0 0.095654550423613
36 48 42 0.0 0.0 278.0 0.0 6167.0 17.0 483.0 0.166073546856465
36 48 43 0.0 0.0 231.0 0.0 5714.0 11.0 392.0 0.1764112903225806
36 48 44 0.0 0.0 156.0 0.0 3376.0 15.0 78.0 0.2538071065989847
36 48 45 0.0 0.0 20.0 0.0 429.0 3.0 0.0 0.5723630417007358
36 48 46 0.0 0.0 0.0 0.0 72.0 0.0 0.0 0.6756756756756755
36 48 47 0.0 0.0 0.0 0.0 42.0 0.0 0.0 0.6856023506366307
36 48 48 0.0 0.0 9.0 0.0 255.0 5.0 1.0 0.6197432492253209
36 48 49 0.0 0.0 0.0 0.0 1.0 0.0 0.0 0.6996501749125437
36 49 35 0.0 0.0 0.0 0.0 7.0 0.0 0.0 0.6975585450921773
36 49 36 0.0 0.0 0.0 0.0 22.0 0.0 0.0 0.6923837784371908
36 49 37 0.0 0.0 3.0 0.0 142.0 1.0 0.0 0.65359477124183
36 49 38 0.0 0.0 33.0 0.0 621.0 3.0 1.0 0.5285013212533031
36 49 39 0.0 0.0 459.0 0.0 9109.0 33.0 1668.0 0.1212331139591271
36 49 40 0.0 0.0 106.0 0.0 2633.0 16.0 31.0 0.2964845404489623
36 49 41 0.0 0.0 95.0 0.0 2505.0 15.0 49.0 0.30541012216404884
36 49 42 0.0 0.0 192.0 0.0 3762.0 28.0 94.0 0.23612750885478156
36 49 43 0.0 0.0 11.0 0.0 410.0 7.0 0.0 0.579950289975145
36 49 44 0.0 0.0 49.0 0.0 1587.0 11.0 14.0 0.3862068965517241
36 49 45 0.0 0.0 41.0 0.0 1024.0 7.0 4.0 0.4578155657292347
36 49 46 0.0 0.0 0.0 0.0 4.0 0.0 0.0 0.6986027944111775
36 49 47 0.0 0.0 0.0 0.0 1.0 0.0 0.0 0.6996501749125437
36 50 36 0.0 0.0 0.0 0.0 9.0 0.0 0.0 0.6968641114982577
36 50 37 0.0 0.0 0.0 0.0 12.0 0.0 0.0 0.6958250497017892
36 50 38 0.0 0.0 1.0 0.0 58.0 0.0 0.0 0.6799417192812044
36 50 39 0.0 0.0 101.0 0.0 2219.0 14.0 29.0 0.32505224053865794
36 50 40 0.0 0.0 12.0 0.0 281.0 4.0 1.0 0.6116207951070335
36 50 41 0.0 0.0 0.0 0.0 5.0 0.0 0.0 0.6982543640897755
36 50 42 0.0 0.0 0.0 0.0 13.0 0.0 0.0 0.695479384003974
36 50 43 0.0 0.0 2.0 0.0 39.0 0.0 0.0 0.6859382655560998
36 50 44 0.0 0.0 0.0 0.0 4.0 0.0 0.0 0.6986027944111775
36 50 45 0.0 0.0 0.0 0.0 2.0 0.0 0.0 0.6993006993006992
36 50 46 0.0 0.0 0.0 0.0 1.0 0.0 0.0 0.6996501749125437
36 51 37 0.0 0.0 0.0 0.0 1.0 0.0 0.0 0.6996501749125437
36 51 38 0.0 0.0 0.0 0.0 2.0 0.0 0.0 0.6996501749125437
36 51 39 0.0 0.0 0.0 0.0 2.0 0.0 0.0 0.6993006993006992
37 29 36 0.0 0.0 0.0 0.0 1.0 0.0 0.0 0.6996501749125437
37 29 37 0.0 0.0 0.0 0.0 3.0 0.0 0.0 0.6989515726410384
37 29 38 0.0 0.0 0.0 0.0 5.0 0.0 0.0 0.6982543640897755
37 29 39 0.0 0.0 0.0 0.0 1.0 0.0 0.0 0.6996501749125437
37 29 40 0.0 0.0 0.0 0.0 1.0 0.0 0.0 0.6996501749125437
37 29 41 0.0 0.0 0.0 0.0 3.0 0.0 0.0 0.6989515726410384
37 29 42 0.0 0.0 0.0 0.0 1.0 0.0 0.0 0.6996501749125437
37 29 43 0.0 0.0 0.0 0.0 1.0 0.0 0.0 0.6996501749125437
37 30 35 0.0 0.0 0.0 0.0 9.0 0.0 0.0 0.6968641114982577
37 30 36 0.0 0.0 27.0 0.0 523.0 6.0 0.0 0.5505308690523003
37 30 37 0.0 0.0 117.0 0.0 2807.0 17.0 50.0 0.2853648593558907
37 30 38 0.0 0.0 22.0 0.0 634.0 9.0 1.0 0.5291005291005291
37 30 39 0.0 0.0 0.0 0.0 45.0 0.0 0.0 0.684931506849315
37 30 40 0.0 0.0 0.0 0.0 24.0 0.0 0.0 0.6916996047430829
37 30 41 0.0 0.0 0.0 0.0 27.0 0.0 0.0 0.6906758756783422
37 30 42 0.0 0.0 3.0 0.0 43.0 0.0 0.0 0.6842619745845552
37 30 43 0.0 0.0 0.0 0.0 6.0 0.0 0.0 0.6979062811565303
37 31 31 0.0 0.0 0.0 0.0 4.0 0.0 0.0 0.6986027944111775
37 31 32 0.0 0.0 0.0 0.0 12.0 0.0 0.0 0.6958250497017892
37 31 33 0.0 0.0 0.0 0.0 30.0 0.0 0.0 0.689655172413793
37 31 34 0.0 0.0 13.0 0.0 432.0 4.0 0.0 0.5740057400574005
37 31 35 0.0 0.0 0.0 0.0 134.0 1.0 0.0 0.6569685593618019
37 31 36 0.0 0.0 233.0 0.0 4825.0 19.0 190.0 0.19880715705765406
37 31 37 0.0 0.0 550.0 0.0 10249.0 27.0 2972.0 0.10947763528307788
37 31 38 0.0 0.0 356.0 0.0 7322.0 21.0 767.0 0.14495754814661418
37 31 39 0.0 0.0 112.0 0.0 2686.0 16.0 53.0 0.2927033242734685
37 31 40 0.0 0.0 15.0 0.0 522.0 3.0 0.0 0.5527043031977891
37 31 41 0.0 0.0 33.0 0.0 1078.0 8.0 5.0 0.4510309278350515
37 31 42 0.0 0.0 41.0 0.0 1121.0 8.0 5.0 0.4438807863031071
37 31 43 0.0 0.0 26.0 0.0 599.0 5.0 3.0 0.5343511450381678
37 31 44 0.0 0.0 0.0 0.0 37.0 0.0 0.0 0.6872852233676975
37 31 45 0.0 0.0 0.0 0.0 8.0 0.0 0.0 0.697211155378486
37 31 46 0.0 0.0 0.0 0.0 9.0 0.0 0.0 0.6968641114982577
37 31 47 0.0 0.0 0.0 0.0 4.0 0.0 0.0 0.6986027944111775
37 31 48 0.0 0.0 0.0 0.0 1.0 0.0 0.0 0.6996501749125437
37 32 30 0.0 0.0 0.0 0.0 2.0 0.0 0.0 0.6993006993006992
37 32 31 0.0 0.0 1.0 0.0 38.0 0.0 0.0 0.6866110838646394
37 32 32 0.0 0.0 1.0 0.0 116.0 1.0 0.0 0.661625708884688
37 32 33 0.0 0.0 64.0 0.0 1860.0 12.0 21.0 0.3577817531305903
37 32 34 0.0 0.0 409.0 0.0 8205.0 26.0 1137.0 0.13216274898517885
37 32 35 0.0 0.0 289.0 0.0 6408.0 22.0 553.0 0.1613646841862609
37 32 36 0.0 0.0 248.0 0.0 5389.0 15.0 287.0 0.18367882445552347
37 32 37 0.0 0.0 300.0 0.0 6826.0 18.0 612.0 0.15354244351831542
37 32 38 0.0 0.0 815.0 0.0 12312.0 35.0 6557.0 0.0925742246908682
37 32 39 0.0 0.0 517.0 0.0 9815.0 20.0 2248.0 0.11367327054238388
37 32 40 0.0 0.0 450.0 0.0 9043.0 29.0 1730.0 0.12202562538133006
37 32 41 0.0 0.0 296.0 0.0 7174.0 23.0 848.0 0.1481481481481481
37 32 42 0.0 0.0 713.0 0.0 11800.0 34.0 4673.0 0.09656504345426954
37 32 43 0.0 0.0 294.0 0.0 6685.0 15.0 570.0 0.15611061552185546
37 32 44 0.0 0.0 52.0 0.0 1436.0 12.0 11.0 0.40287769784172656
37 32 45 0.0 0.0 228.0 0.0 4993.0 21.0 238.0 0.19439044709802833
37 32 46 0.0 0.0 1.0 0.0 162.0 3.0 0.0 0.648148148148148
37 32 47 0.0 0.0 116.0 0.0 2248.0 16.0 31.0 0.32206119162640895
37 32 48 0.0 0.0 1.0 0.0 19.0 0.0 0.0 0.6930693069306929
37 33 30 0.0 0.0 17.0 0.0 269.0 3.0 1.0 0.6132282084975909
37 33 31 0.0 0.0 117.0 0.0 3002.0 20.0 83.0 0.27456363992939786
37 33 32 0.0 0.0 154.0 0.0 4127.0 15.0 165.0 0.22332110384431325
37 33 33 0.0 0.0 636.0 0.0 10889.0 29.0 3306.0 0.10363461396106298
37 33 34 0.0 0.0 707.0 0.0 11585.0 24.0 4098.0 0.09796375341123784
37 33 35 0.0 0.0 1035.0 0.0 12981.0 32.0 11326.0 0.08738530678484488
37 33 36 0.0 0.0 594.0 0.0 10588.0 31.0 2532.0 0.10639106315069533
37 33 37 0.0 0.0 1122.0 0.0 13345.0 45.0 11387.0 0.08507535245503159
37 33 38 0.0 0.0 1049.0 0.0 13498.0 25.0 7736.0 0.08460236886632824
37 33 39 0.0 0.0 1175.0 0.0 13376.0 39.0 12726.0 0.08459725663182065
37 33 40 0.0 0.0 1428.0 0.0 13022.0 34.0 20225.0 0.08515815085158149
37 33 41 0.0 0.0 1515.0 0.0 13333.0 54.0 20544.0 0.08312058421896336
37 33 42 0.0 0.0 1025.0 0.0 13159.0 35.0 8170.0 0.08658544127651678
37 33 43 0.0 0.0 618.0 0.0 10656.0 30.0 2587.0 0.10562848951259997
37 33 44 0.0 0.0 616.0 0.0 10792.0 35.0 3487.0 0.10457125784284432
37 33 45 0.0 0.0 197.0 0.0 5254.0 19.0 347.0 0.18829858776059177
37 33 46 0.0 0.0 430.0 0.0 8909.0 21.0 1642.0 0.12355484952784396
37 33 47 0.0 0.0 218.0 0.0 5175.0 22.0 328.0 0.18988200189881999
37 33 48 0.0 0.0 157.0 0.0 3257.0 18.0 83.0 0.25935531678399404
37 33 49 0.0 0.0 4.0 0.0 111.0 2.0 0.0 0.6625650733554187
37 34 30 0.0 0.0 6.0 0.0 191.0 4.0 0.0 0.6383948928408572
37 34 31 0.0 0.0 306.0 0.0 6052.0 19.0 396.0 0.1678657074340527
37 34 32 0.0 0.0 781.0 0.0 11859.0 23.0 5568.0 0.09563494774233212
37 34 33 0.0 0.0 674.0 0.0 11612.0 17.0 4733.0 0.09801176141136934
37 34 34 0.0 0.0 1054.0 0.0 13120.0 32.0 11224.0 0.08656402646385951
37 34 35 0.0 0.0 1684.0 0.0 12995.0 45.0 24168.0 0.08398824164616953
37 34 36 0.0 0.0 1401.0 0.0 13993.0 29.0 15741.0 0.08040893687898454
37 34 37 0.0 0.0 1896.0 0.0 13668.0 51.0 25311.0 0.07973119198132012
37 34 38 0.0 0.0 2247.0 0.0 11909.0 68.0 40962.0 0.08673564215352207
37 34 39 0.0 0.0 2636.0 0.0 12363.0 64.0 41889.0 0.0824353765530236
37 34 40 0.0 0.0 2351.0 0.0 12203.0 61.0 38955.0 0.08455127430849135
37 34 41 0.0 0.0 1961.0 0.0 13457.0 56.0 27186.0 0.0803766218854059
37 34 42 0.0 0.0 1720.0 0.0 13637.0 45.0 22069.0 0.08067769261799111
37 34 43 0.0 0.0 1512.0 0.0 13528.0 32.0 19497.0 0.08211143695014661
37 34 44 0.0 0.0 1198.0 0.0 13697.0 43.0 11947.0 0.08293838862559241
37 34 45 0.0 0.0 673.0 0.0 11355.0 22.0 3874.0 0.09984310369419482
37 34 46 0.0 0.0 561.0 0.0 10685.0 30.0 3933.0 0.10585210948132465
37 34 47 0.0 0.0 193.0 0.0 4159.0 23.0 153.0 0.2212389380530973
37 34 48 0.0 0.0 151.0 0.0 3212.0 19.0 55.0 0.2619760479041916
37 34 49 0.0 0.0 0.0 0.0 17.0 0.0 0.0 0.694100148735746
37 35 30 0.0 0.0 2.0 0.0 62.0 0.0 0.0 0.6786233640329616
37 35 31 0.0 0.0 355.0 0.0 6852.0 26.0 593.0 0.15237265999129296
37 35 32 0.0 0.0 757.0 0.0 11917.0 30.0 4915.0 0.09549795361527967
37 35 33 0.0 0.0 1706.0 0.0 12541.0 47.0 26524.0 0.08614854470494122
37 35 34 0.0 0.0 1655.0 0.0 13389.0 44.0 22791.0 0.08210180623973726
37 35 35 0.0 0.0 2025.0 0.0 13570.0 42.0 27958.0 0.07951834601840281
37 35 36 0.0 0.0 2610.0 0.0 12746.0 58.0 39560.0 0.08065910007489772
37 35 37 0.0 0.0 3053.0 0.0 11565.0 77.0 50810.0 0.08424599831508003
37 35 38 0.0 0.0 3497.0 0.0 12177.0 80.0 51626.0 0.07924827351975545
37 35 39 0.0 0.0 3841.0 0.0 11210.0 84.0 62166.0 0.08210662131253298
37 35 40 0.0 0.0 3695.0 0.0 12242.0 69.0 53362.0 0.077981395866986
37 35 41 0.0 0.0 3553.0 0.0 10827.0 70.0 60472.0 0.08549618320610686
37 35 42 0.0 0.0 3308.0 0.0 10793.0 58.0 59452.0 0.08688636504685657
37 35 43 0.0 0.0 2415.0 0.0 12631.0 54.0 37884.0 0.08214998239643234
37 35 44 0.0 0.0 1969.0 0.0 13505.0 56.0 25945.0 0.08015114215377568
37 35 45 0.0 0.0 1336.0 0.0 13277.0 30.0 17819.0 0.0842713537591043
37 35 46 0.0 0.0 964.0 0.0 13042.0 32.0 7404.0 0.087527352297593
37 35 47 0.0 0.0 952.0 0.0 12935.0 34.0 9124.0 0.0881778673552938
37 35 48 0.0 0.0 254.0 0.0 5553.0 21.0 373.0 0.17976373908577298
37 35 49 0.0 0.0 13.0 0.0 275.0 3.0 0.0 0.612691466083151
37 36 29 0.0 0.0 0.0 0.0 1.0 0.0 0.0 0.6996501749125437
37 36 30 0.0 0.0 8.0 0.0 272.0 2.0 0.0 0.6145741878841088
37 36 31 0.0 0.0 137.0 0.0 3744.0 20.0 121.0 0.23890784982935148
37 36 32 0.0 0.0 646.0 0.0 11659.0 23.0 5227.0 0.09795004547680682
37 36 33 0.0 0.0 1199.0 0.0 13855.0 35.0 12729.0 0.08211143695014661
37 36 34 0.0 0.0 1441.0 0.0 13947.0 39.0 15330.0 0.08055235903337168
37 36 35 0.0 0.0 2516.0 0.0 12908.0 58.0 37214.0 0.0803627805522071
37 36 36 0.0 0.0 3587.0 0.0 11722.0 55.0 56548.0 0.08078476630121176
37 36 37 0.0 0.0 4527.0 0.0 10155.0 63.0 75610.0 0.08388759062855772
37 36 38 0.0 0.0 5071.0 0.0 9246.0 81.0 86968.0 0.0857632933104631
37 36 39 0.0 0.0 4749.0 0.0 6923.0 69.0 110676.0 0.10245901639344261
37 36 40 0.0 0.0 5378.0 0.0 7943.0 70.0 102643.0 0.09130633274636403
37 36 41 0.0 0.0 5120.0 0.0 8538.0 84.0 94285.0 0.08947402057902472
37 36 42 0.0 0.0 4614.0 0.0 9268.0 67.0 84330.0 0.08815565770417479
37 36 43 0.0 0.0 3812.0 0.0 10455.0 65.0 68166.0 0.08603736479842673
37 36 44 0.0 0.0 2954.0 0.0 12339.0 52.0 45271.0 0.0808454120228677
37 36 45 0.0 0.0 1740.0 0.0 14089.0 44.0 20877.0 0.07849293563579277
37 36 46 0.0 0.0 1048.0 0.0 13456.0 30.0 8754.0 0.08487420430433464
37 36 47 0.0 0.0 475.0 0.0 9235.0 34.0 1621.0 0.11979122101480275
37 36 48 0.0 0.0 344.0 0.0 7290.0 25.0 790.0 0.14563611775720375
37 36 49 0.0 0.0 31.0 0.0 625.0 6.0 2.0 0.5283018867924527
37 36 50 0.0 0.0 0.0 0.0 6.0 0.0 0.0 0.6979062811565303
37 37 29 0.0 0.0 0.0 0.0 1.0 0.0 0.0 0.6996501749125437
37 37 30 0.0 0.0 69.0 0.0 1882.0 13.0 21.0 0.3555104113763331
37 37 31 0.0 0.0 395.0 0.0 7842.0 23.0 920.0 0.13702652442008414
37 37 32 0.0 0.0 784.0 0.0 12139.0 23.0 5280.0 0.09386523633925577
37 37 33 0.0 0.0 1912.0 0.0 12380.0 57.0 31150.0 0.08602679120068821
37 37 34 0.0 0.0 1964.0 0.0 13821.0 46.0 25616.0 0.07865168539325841
37 37 35 0.0 0.0 3323.0 0.0 11262.0 84.0 56359.0 0.08447474808423339
37 37 36 0.0 0.0 4352.0 0.0 10757.0 75.0 69428.0 0.08186177055315168
37 37 37 0.0 0.0 4599.0 0.0 6355.0 68.0 116006.0 0.10804970286331711
37 37 38 0.0 0.0 5731.0 0.0 6135.0 65.0 122881.0 0.1008500216107189
37 37 39 0.0 1.0 6907.0 2.0 6682.0 67.0 120806.0 0.08960573476702507
37 37 40 0.0 0.0 5786.0 0.0 5081.0 56.0 136004.0 0.10874631039304021
37 37 41 0.0 0.0 6648.0 1.0 6937.0 72.0 118629.0 0.08977236293683871
37 37 42 0.0 1.0 5064.0 2.0 6130.0 63.0 119250.0 0.10588413250642867
37 37 43 0.0 1.0 4995.0 4.0 9698.0 62.0 83022.0 0.08381727833323353
37 37 44 0.0 0.0 3650.0 0.0 11104.0 64.0 61010.0 0.08351228823669767
37 37 45 0.0 0.0 2688.0 1.0 12412.0 49.0 42323.0 0.08184741303712363
37 37 46 0.0 0.0 1998.0 0.0 12886.0 52.0 30603.0 0.08292365100989159
37 37 47 0.0 0.0 930.0 0.0 12942.0 36.0 7884.0 0.0882890836854386
37 37 48 0.0 0.0 413.0 0.0 8498.0 28.0 1351.0 0.1285111070313934
37 37 49 0.0 0.0 78.0 0.0 2010.0 12.0 28.0 0.34347399411187435
37 37 50 0.0 0.0 0.0 0.0 10.0 0.0 0.0 0.6965174129353233
37 38 29 0.0 0.0 0.0 0.0 1.0 0.0 0.0 0.6996501749125437
37 38 30 0.0 0.0 5.0 0.0 155.0 2.0 0.0 0.6487488415199257
37 38 31 0.0 0.0 455.0 0.0 8748.0 29.0 1421.0 0.1251228885512557
37 38 32 0.0 0.0 1223.0 0.0 12940.0 31.0 16060.0 0.08656402646385951
37 38 33 0.0 0.0 1679.0 0.0 13593.0 32.0 22087.0 0.0809950824414232
37 38 34 0.0 0.0 2229.0 0.0 13340.0 56.0 30743.0 0.07967220578192578
37 38 35 0.0 0.0 3390.0 0.0 11879.0 65.0 53001.0 0.08103727714748783
37 38 36 0.0 0.0 5009.0 0.0 10210.0 87.0 79322.0 0.0812724950655985
37 38 37 0.0 0.0 5984.0 0.0 7342.0 77.0 110576.0 0.09133015852306085
37 38 38 0.0 0.0 6592.0 1.0 5377.0 72.0 134994.0 0.10037281330656724
37 38 39 0.0 0.0 5392.0 0.0 3752.0 51.0 151464.0 0.1255943303130887
37 38 40 0.0 1.0 6237.0 1.0 3968.0 59.0 150581.0 0.11478232352217757
37 38 41 0.0 2.0 5010.0 3.0 3581.0 54.0 152553.0 0.13202565069784986
37 38 42 0.0 1.0 6626.0 4.0 6105.0 73.0 127461.0 0.09490881974103449
37 38 43 0.0 0.0 6055.0 1.0 9018.0 95.0 95243.0 0.08210662131253298
37 38 44 0.0 7.0 4581.0 22.0 10100.0 73.0 75778.0 0.0837621155917195
37 38 45 0.0 0.0 3330.0 0.0 11346.0 57.0 55967.0 0.08390770152831883
37 38 46 0.0 0.0 1744.0 0.0 13735.0 49.0 22265.0 0.08008237043816496
37 38 47 0.0 0.0 1296.0 0.0 13284.0 38.0 15453.0 0.08446455505279034
37 38 48 0.0 0.0 501.0 0.0 9556.0 23.0 1996.0 0.11623080116230801
37 38 49 0.0 0.0 100.0 0.0 2440.0 13.0 51.0 0.3091872791519434
37 38 50 0.0 0.0 0.0 0.0 27.0 0.0 0.0 0.6906758756783422
37 39 29 0.0 0.0 0.0 0.0 1.0 0.0 0.0 0.6996501749125437
37 39 30 0.0 0.0 29.0 0.0 807.0 10.0 0.0 0.4953998584571832
37 39 31 0.0 0.0 256.0 0.0 6503.0 19.0 628.0 0.16005487595747112
37 39 32 0.0 0.0 539.0 0.0 10354.0 18.0 2841.0 0.10866190624029803
37 39 33 0.0 0.0 1300.0 0.0 13415.0 38.0 15407.0 0.0837621155917195
37 39 34 0.0 0.0 2359.0 0.0 12844.0 54.0 35940.0 0.08149959250203748
37 39 35 0.0 0.0 3796.0 0.0 11533.0 75.0 59653.0 0.08087810514153668
37 39 36 0.0 0.0 5078.0 0.0 8388.0 102.0 96477.0 0.09065009065009064
37 39 37 0.0 0.0 6393.0 0.0 6883.0 75.0 117610.0 0.09161104567464991
37 39 38 0.0 2.0 7324.0 1.0 5092.0 55.0 138883.0 0.09710084616451657
37 39 39 0.0 4.0 7600.0 1.0 4080.0 38.0 150506.0 0.10201850907236025
37 39 40 0.0 5.0 7500.0 3.0 3858.0 48.0 152801.0 0.10476689366160293
37 39 41 0.0 4.0 7860.0 4.0 4502.0 75.0 144821.0 0.09743875278396436
37 39 42 0.0 4.0 7566.0 7.0 5544.0 70.0 133457.0 0.09251305094825876
37 39 43 0.0 0.0 5051.0 1.0 5098.0 56.0 132155.0 0.1152547954227381
37 39 44 0.0 0.0 5069.0 3.0 8801.0 85.0 92788.0 0.0881778673552938
37 39 45 0.0 0.0 3648.0 0.0 10440.0 84.0 66014.0 0.08707009142359598
37 39 46 0.0 0.0 2346.0 0.0 12515.0 50.0 38247.0 0.08296787957804906
37 39 47 0.0 0.0 1114.0 0.0 13471.0 26.0 9749.0 0.08436784379896348
37 39 48 0.0 0.0 474.0 0.0 9565.0 21.0 2143.0 0.11640475596574372
37 39 49 0.0 0.0 83.0 0.0 2501.0 18.0 54.0 0.30674846625766866
37 39 50 0.0 0.0 0.0 0.0 22.0 0.0 0.0 0.6923837784371908
37 40 29 0.0 0.0 0.0 0.0 1.0 0.0 0.0 0.6996501749125437
37 40 30 0.0 0.0 19.0 0.0 274.0 2.0 0.0 0.6110868616324747
37 40 31 0.0 0.0 92.0 0.0 2666.0 7.0 52.0 0.29461279461279455
37 40 32 0.0 0.0 519.0 0.0 9940.0 29.0 2258.0 0.11254924029262801
37 40 33 0.0 0.0 1396.0 0.0 13750.0 27.0 15561.0 0.08164693532396336
37 40 34 0.0 0.0 2599.0 0.0 12460.0 58.0 39982.0 0.08205849598499501
37 40 35 0.0 0.0 3891.0 0.0 10449.0 73.0 68178.0 0.08570029382957883
37 40 36 0.0 2.0 5064.0 2.0 9052.0 74.0 89531.0 0.08678403173816017
37 40 37 0.0 0.0 6588.0 0.0 7391.0 78.0 113336.0 0.08749999999999998
37 40 38 0.0 0.0 7045.0 0.0 4693.0 67.0 142606.0 0.10189228529839882
37 40 39 0.0 4.0 5532.0 0.0 2865.0 34.0 161555.0 0.13435700575815737
37 40 40 0.0 1.0 7527.0 0.0 3560.0 44.0 156313.0 0.10687838766318038
37 40 41 0.0 6.0 7332.0 5.0 3869.0 52.0 152704.0 0.10593220338983049
37 40 42 0.0 1.0 6779.0 0.0 4529.0 55.0 144761.0 0.10515247108307045
37 40 43 0.0 1.0 6291.0 1.0 5743.0 58.0 126588.0 0.09989297181591152
37 40 44 0.0 0.0 4925.0 0.0 7259.0 67.0 107141.0 0.09866102889358702
37 40 45 0.0 0.0 3899.0 0.0 11680.0 73.0 59189.0 0.07962236250924187
37 40 46 0.0 0.0 1864.0 0.0 14758.0 46.0 19378.0 0.07525263384218446
37 40 47 0.0 0.0 1231.0 0.0 13740.0 31.0 12657.0 0.08248880509073768
37 40 48 0.0 0.0 485.0 0.0 9515.0 23.0 2134.0 0.11675423234092235
37 40 49 0.0 0.0 111.0 0.0 2723.0 13.0 59.0 0.2904564315352697
37 40 50 0.0 0.0 0.0 0.0 20.0 0.0 0.0 0.6930693069306929
37 40 51 0.0 0.0 0.0 0.0 1.0 0.0 0.0 0.6996501749125437
37 41 30 0.0 0.0 0.0 0.0 19.0 0.0 0.0 0.6934125804853887
37 41 31 0.0 0.0 307.0 0.0 6758.0 21.0 668.0 0.15466195315952275
37 41 32 0.0 0.0 399.0 0.0 7937.0 22.0 947.0 0.1357115160915083
37 41 33 0.0 0.0 1039.0 0.0 13352.0 38.0 9400.0 0.0855170728727628
37 41 34 0.0 0.0 2257.0 0.0 12858.0 63.0 34084.0 0.08187134502923976
37 41 35 0.0 0.0 3246.0 0.0 12856.0 65.0 45546.0 0.07733952049497292
37 41 36 0.0 0.0 4585.0 0.0 9611.0 81.0 81672.0 0.0864998455359901
37 41 37 0.0 1.0 6432.0 1.0 8168.0 76.0 105197.0 0.08428150021070374
37 41 38 0.0 3.0 6345.0 7.0 4695.0 60.0 141170.0 0.10717293117966775
37 41 39 0.0 2.0 6476.0 3.0 3696.0 47.0 153894.0 0.11481997867628965
37 41 40 0.0 3.0 6978.0 4.0 3685.0 51.0 154258.0 0.11043622308117061
37 41 41 1.0 7.0 6629.0 4.0 3519.0 38.0 154744.0 0.11491422473939095
37 41 42 0.0 1.0 5116.0 1.0 3364.0 42.0 154954.0 0.13347316236056822
37 41 43 0.0 1.0 6698.0 0.0 6575.0 84.0 123164.0 0.09173109684182937
37 41 44 0.0 0.0 5643.0 1.0 9149.0 87.0 91556.0 0.08330358205402831
37 41 45 0.0 0.0 3913.0 0.0 9886.0 82.0 74490.0 0.08866932674646906
37 41 46 0.0 0.0 2279.0 0.0 13071.0 52.0 33793.0 0.08076146524372656
37 41 47 0.0 0.0 1422.0 0.0 13595.0 43.0 17541.0 0.08226583617346338
37 41 48 0.0 0.0 648.0 0.0 11352.0 27.0 4104.0 0.10009294344748694
37 41 49 0.0 0.0 173.0 0.0 3976.0 18.0 129.0 0.22838499184339314
37 41 50 0.0 0.0 0.0 0.0 53.0 0.0 0.0 0.6819288845591815
37 41 51 0.0 0.0 0.0 0.0 5.0 0.0 0.0 0.6982543640897755
37 42 30 0.0 0.0 0.0 0.0 18.0 0.0 0.0 0.6937561942517343
37 42 31 0.0 0.0 6.0 0.0 416.0 3.0 4.0 0.5787515502273666
37 42 32 0.0 0.0 389.0 0.0 8103.0 25.0 1035.0 0.13370260720084037
37 42 33 0.0 0.0 1178.0 0.0 13530.0 37.0 11588.0 0.08379721074998503
37 42 34 0.0 0.0 2000.0 0.0 13010.0 65.0 29400.0 0.08233356857210067
37 42 35 0.0 0.0 2950.0 0.0 11513.0 72.0 52107.0 0.08504434455108734
37 42 36 0.0 0.0 4056.0 0.0 11665.0 64.0 60469.0 0.07892659826361483
37 42 37 0.0 0.0 5530.0 1.0 8416.0 93.0 97673.0 0.08790656787642848
37 42 38 0.0 1.0 5682.0 2.0 5425.0 69.0 131210.0 0.10682130321989927
37 42 39 0.0 3.0 6672.0 6.0 4910.0 65.0 139696.0 0.10288065843621398
37 42 40 0.0 2.0 6616.0 2.0 4183.0 55.0 146720.0 0.10932375449008276
37 42 41 0.0 4.0 7664.0 2.0 5290.0 72.0 137261.0 0.09364548494983276
37 42 42 0.0 5.0 6258.0 8.0 5163.0 61.0 136047.0 0.10412018444146957
37 42 43 0.0 0.0 5138.0 0.0 5339.0 63.0 130139.0 0.11214354373598205
37 42 44 0.0 0.0 5007.0 1.0 7685.0 75.0 102353.0 0.09523161689680973
37 42 45 0.0 0.0 3680.0 0.0 11753.0 59.0 57512.0 0.08019246190858058
37 42 46 0.0 0.0 2424.0 0.0 12414.0 49.0 39664.0 0.08311071534579993
37 42 47 0.0 0.0 1475.0 0.0 13356.0 53.0 19461.0 0.08328375966686495
37 42 48 0.0 0.0 592.0 0.0 10411.0 23.0 2546.0 0.10775032709920726
37 42 49 0.0 0.0 531.0 0.0 9717.0 33.0 2237.0 0.11451942740286299
37 42 50 0.0 0.0 59.0 0.0 848.0 16.0 1.0 0.4840940525587828
37 43 29 0.0 0.0 0.0 0.0 1.0 0.0 0.0 0.6996501749125437
37 43 30 0.0 0.0 0.0 0.0 15.0 0.0 0.0 0.694789081885856
37 43 31 0.0 0.0 215.0 0.0 4837.0 19.0 226.0 0.19897669130187604
37 43 32 0.0 0.0 482.0 0.0 9905.0 18.0 2600.0 0.11313131313131311
37 43 33 0.0 0.0 935.0 0.0 12978.0 45.0 8437.0 0.08813345923827509
37 43 34 0.0 0.0 1811.0 0.0 13246.0 55.0 26357.0 0.08212106992022523
37 43 35 0.0 0.0 2375.0 0.0 12897.0 54.0 35647.0 0.08104196816208392
37 43 36 0.0 0.0 3244.0 0.0 12315.0 80.0 49190.0 0.0797857183564142
37 43 37 0.0 0.0 4532.0 0.0 10657.0 86.0 71434.0 0.08149484836137143
37 43 38 0.0 3.0 5396.0 6.0 7076.0 79.0 109823.0 0.09669176048069618
37 43 39 0.0 0.0 5974.0 1.0 6083.0 73.0 124539.0 0.09977194982896236
37 43 40 0.0 1.0 6429.0 1.0 6369.0 57.0 123051.0 0.09446693657219972
37 43 41 0.0 5.0 5518.0 8.0 5272.0 77.0 131489.0 0.10952902519167579
37 43 42 0.0 3.0 6062.0 8.0 7762.0 89.0 107610.0 0.08841174613198609
37 43 43 0.0 0.0 5130.0 0.0 7353.0 69.0 106781.0 0.09670511846377011
37 43 44 0.0 0.0 4593.0 2.0 10461.0 74.0 75052.0 0.08207292765857661
37 43 45 0.0 0.0 3014.0 0.0 12819.0 65.0 44138.0 0.07845334827682823
37 43 46 0.0 0.0 2166.0 0.0 12728.0 55.0 33161.0 0.08284023668639053
37 43 47 0.0 0.0 1568.0 0.0 13733.0 39.0 19517.0 0.08096229470275271
37 43 48 0.0 0.0 570.0 0.0 10710.0 20.0 2880.0 0.10546933855657677
37 43 49 0.0 0.0 91.0 0.0 2165.0 10.0 32.0 0.32972209138012243
37 43 50 0.0 0.0 8.0 0.0 166.0 2.0 1.0 0.6445672191528544
37 44 30 0.0 0.0 0.0 0.0 50.0 1.0 0.0 0.6832601268911663
37 44 31 0.0 0.0 110.0 0.0 3093.0 10.0 54.0 0.2695936838051222
37 44 32 0.0 0.0 244.0 0.0 5707.0 16.0 438.0 0.1764335223692501
37 44 33 0.0 0.0 939.0 0.0 12920.0 38.0 7606.0 0.08829465186680119
37 44 34 0.0 0.0 1174.0 0.0 13681.0 22.0 11677.0 0.08302692444549875
37 44 35 0.0 0.0 1651.0 0.0 14088.0 47.0 19730.0 0.07891770011273956
37 44 36 0.0 0.0 2224.0 0.0 13348.0 59.0 31166.0 0.07976298997265267
37 44 37 0.0 1.0 3385.0 0.0 12532.0 83.0 49351.0 0.07822103028271314
37 44 38 0.0 0.0 4653.0 1.0 10574.0 69.0 73136.0 0.08122063004003016
37 44 39 0.0 1.0 4739.0 2.0 7059.0 75.0 108429.0 0.10141253169141613
37 44 40 0.0 1.0 5279.0 1.0 9574.0 85.0 85458.0 0.08311564948943242
37 44 41 0.0 7.0 4974.0 15.0 8968.0 67.0 89778.0 0.0876533934385174
37 44 42 0.0 0.0 4691.0 0.0 11168.0 75.0 69314.0 0.07836551917156451
37 44 43 0.0 0.0 3909.0 0.0 10371.0 63.0 70138.0 0.08592647149082427
37 44 44 0.0 0.0 3554.0 0.0 10451.0 74.0 65517.0 0.0874945315917755
37 44 45 0.0 0.0 2862.0 0.0 10917.0 67.0 54360.0 0.08871989860583016
37 44 46 0.0 0.0 2140.0 0.0 12229.0 58.0 35775.0 0.08556411196675222
37 44 47 0.0 0.0 620.0 0.0 11217.0 24.0 3769.0 0.10123653192566345
37 44 48 0.0 0.0 530.0 0.0 9936.0 22.0 2244.0 0.11240465676435164
37 44 49 0.0 0.0 114.0 0.0 2549.0 17.0 37.0 0.30133448127421436
37 44 50 0.0 0.0 1.0 0.0 18.0 1.0 0.0 0.6937561942517343
37 45 30 0.0 0.0 0.0 0.0 36.0 0.0 0.0 0.6876227897838899
37 45 31 0.0 0.0 5.0 0.0 151.0 1.0 0.0 0.6496519721577725
37 45 32 0.0 0.0 211.0 0.0 4341.0 13.0 144.0 0.2139691273116307
37 45 33 0.0 0.0 755.0 0.0 11819.0 32.0 4599.0 0.09614724263443444
37 45 34 0.0 0.0 1267.0 0.0 13215.0 32.0 16130.0 0.0849514563106796
37 45 35 0.0 0.0 1265.0 0.0 13419.0 37.0 14966.0 0.08394291881520566
37 45 36 0.0 0.0 1972.0 0.0 13243.0 46.0 27445.0 0.08122063004003016
37 45 37 0.0 0.0 2274.0 0.0 13108.0 51.0 32984.0 0.08047364488130136
37 45 38 0.0 0.0 3183.0 0.0 11727.0 63.0 52574.0 0.082805938368723
37 45 39 0.0 0.0 3559.0 0.0 10341.0 63.0 66012.0 0.08797838245459687
37 45 40 0.0 0.0 3683.0 0.0 10613.0 69.0 65718.0 0.08596340415080436
37 45 41 0.0 0.0 3430.0 2.0 12055.0 61.0 52500.0 0.08000914390216024
37 45 42 0.0 0.0 3022.0 0.0 12852.0 66.0 42947.0 0.07836113287809246
37 45 43 0.0 0.0 2400.0 0.0 12903.0 49.0 35418.0 0.08088745088976194
37 45 44 0.0 0.0 2213.0 0.0 12988.0 59.0 32388.0 0.0813953488372093
37 45 45 0.0 0.0 2037.0 0.0 12979.0 54.0 30663.0 0.08223684210526314
37 45 46 0.0 0.0 1368.0 0.0 13381.0 37.0 17475.0 0.08363201911589008
37 45 47 0.0 0.0 802.0 0.0 12314.0 25.0 6706.0 0.09266613714588297
37 45 48 0.0 0.0 44.0 0.0 1554.0 11.0 13.0 0.3906249999999999
37 45 49 0.0 0.0 41.0 0.0 1085.0 9.0 5.0 0.44914982354828353
37 45 50 0.0 0.0 0.0 0.0 5.0 0.0 0.0 0.6982543640897755
37 46 30 0.0 0.0 42.0 0.0 1314.0 9.0 12.0 0.4180352343983278
37 46 31 0.0 0.0 3.0 0.0 76.0 1.0 0.0 0.6737247353224253
37 46 32 0.0 0.0 8.0 0.0 359.0 1.0 1.0 0.5917159763313609
37 46 33 0.0 0.0 281.0 0.0 6286.0 14.0 583.0 0.16358962374386535
37 46 34 0.0 0.0 421.0 0.0 8221.0 35.0 1100.0 0.13192612137203164
37 46 35 0.0 0.0 624.0 0.0 11017.0 28.0 3188.0 0.10275229357798164
37 46 36 0.0 0.0 914.0 0.0 12880.0 35.0 6833.0 0.08873114463176573
37 46 37 0.0 0.0 1589.0 0.0 13896.0 46.0 18625.0 0.08006405124099279
37 46 38 0.0 0.0 1989.0 0.0 13338.0 48.0 27428.0 0.08083140877598152
37 46 39 0.0 0.0 2134.0 0.0 12927.0 59.0 33644.0 0.08212106992022523
37 46 40 0.0 0.0 2034.0 0.0 13266.0 46.0 28791.0 0.08091550109813894
37 46 41 0.0 0.0 1618.0 0.0 13947.0 42.0 19640.0 0.07967220578192578
37 46 42 0.0 0.0 1466.0 0.0 13900.0 43.0 16185.0 0.0806312273224673
37 46 43 0.0 0.0 1187.0 0.0 13551.0 31.0 11988.0 0.08365200764818355
37 46 44 0.0 0.0 1186.0 0.0 13700.0 44.0 13141.0 0.08297279677591417
37 46 45 0.0 0.0 1074.0 0.0 13275.0 39.0 9799.0 0.08568455841850785
37 46 46 0.0 0.0 842.0 0.0 12526.0 22.0 7108.0 0.09108653220559532
37 46 47 0.0 0.0 361.0 0.0 8002.0 29.0 1073.0 0.13531799729364005
37 46 48 0.0 0.0 227.0 0.0 4175.0 19.0 130.0 0.21926389976507435
37 46 49 0.0 0.0 140.0 0.0 3080.0 14.0 69.0 0.2688688304205876
37 46 50 0.0 0.0 1.0 0.0 8.0 0.0 0.0 0.6968641114982577
37 47 29 0.0 0.0 0.0 0.0 1.0 0.0 0.0 0.6996501749125437
37 47 30 0.0 0.0 0.0 0.0 1.0 0.0 0.0 0.6996501749125437
37 47 31 0.0 0.0 18.0 0.0 241.0 8.0 0.0 0.6219458018658373
37 47 32 0.0 0.0 69.0 0.0 1480.0 9.0 9.0 0.3955919751342187
37 47 33 0.0 0.0 16.0 0.0 660.0 2.0 1.0 0.5237560793116348
37 47 34 0.0 0.0 194.0 0.0 4667.0 21.0 223.0 0.2046185325928091
37 47 35 0.0 0.0 280.0 0.0 6313.0 14.0 492.0 0.1631891828884485
37 47 36 0.0 0.0 426.0 0.0 8757.0 19.0 1487.0 0.12535816618911172
37 47 37 0.0 0.0 683.0 0.0 11772.0 27.0 4897.0 0.0969394820661958
37 47 38 0.0 0.0 835.0 0.0 12467.0 40.0 6282.0 0.09158707313881982
37 47 39 0.0 0.0 1321.0 0.0 13390.0 33.0 16865.0 0.08379219535551831
37 47 40 0.0 0.0 879.0 0.0 12858.0 26.0 7430.0 0.0889905924230867
37 47 41 0.0 0.0 1193.0 0.0 13511.0 39.0 12232.0 0.08389261744966442
37 47 42 0.0 0.0 684.0 0.0 11800.0 30.0 4745.0 0.09670511846377011
37 47 43 0.0 0.0 730.0 0.0 11688.0 24.0 3824.0 0.09716823986674068
37 47 44 0.0 0.0 598.0 0.0 10659.0 22.0 2924.0 0.10564443102927859
37 47 45 0.0 0.0 432.0 0.0 8265.0 24.0 1051.0 0.13109841745481784
37 47 46 0.0 0.0 122.0 0.0 3080.0 14.0 78.0 0.27011383368705383
37 47 47 0.0 0.0 180.0 0.0 4470.0 20.0 173.0 0.21119324181626184
37 47 48 0.0 0.0 33.0 0.0 662.0 7.0 3.0 0.5208333333333333
37 47 49 0.0 0.0 12.0 0.0 157.0 2.0 0.0 0.646054453161052
37 47 50 0.0 0.0 0.0 0.0 1.0 0.0 0.0 0.6996501749125437
37 48 33 0.0 0.0 0.0 0.0 32.0 0.0 0.0 0.6889763779527558
37 48 34 0.0 0.0 14.0 0.0 465.0 1.0 0.0 0.5649717514124293
37 48 35 0.0 0.0 9.0 0.0 338.0 3.0 2.0 0.5972696245733787
37 48 36 0.0 0.0 171.0 0.0 4627.0 20.0 213.0 0.20655060489820004
37 48 37 0.0 0.0 559.0 0.0 10152.0 31.0 2455.0 0.11022754113849302
37 48 38 0.0 0.0 390.0 0.0 7935.0 20.0 945.0 0.13573783207291057
37 48 39 0.0 0.0 739.0 0.0 11718.0 40.0 4230.0 0.09699321047526673
37 48 40 0.0 0.0 453.0 0.0 8218.0 26.0 1047.0 0.13152950018789927
37 48 41 0.0 0.0 327.0 0.0 6992.0 26.0 671.0 0.1505700150570015
37 48 42 0.0 0.0 483.0 0.0 9735.0 21.0 2108.0 0.11467889908256879
37 48 43 0.0 0.0 911.0 0.0 12655.0 29.0 8000.0 0.08997429305912595
37 48 44 0.0 0.0 143.0 0.0 3632.0 19.0 105.0 0.24318221295813786
37 48 45 0.0 0.0 30.0 0.0 987.0 4.0 9.0 0.4648074369189906
37 48 46 0.0 0.0 8.0 0.0 304.0 3.0 1.0 0.6063230835859679
37 48 47 0.0 0.0 9.0 0.0 301.0 2.0 2.0 0.6063230835859679
37 48 48 0.0 0.0 5.0 0.0 184.0 3.0 0.0 0.6404391582799633
37 48 49 0.0 0.0 1.0 0.0 29.0 0.0 0.0 0.689655172413793
37 49 34 0.0 0.0 0.0 0.0 5.0 0.0 0.0 0.6982543640897755
37 49 35 0.0 0.0 6.0 0.0 117.0 2.0 0.0 0.66006600660066
37 49 36 0.0 0.0 28.0 0.0 891.0 4.0 3.0 0.48027444253859347
37 49 37 0.0 0.0 138.0 0.0 3065.0 10.0 63.0 0.2695936838051222
37 49 38 0.0 0.0 42.0 0.0 1139.0 13.0 6.0 0.44205873065993045
37 49 39 0.0 0.0 240.0 0.0 5386.0 17.0 334.0 0.18392012611665787
37 49 40 0.0 0.0 161.0 0.0 4074.0 19.0 158.0 0.22518899790895927
37 49 41 0.0 0.0 5.0 0.0 456.0 2.0 2.0 0.5695687550854353
37 49 42 0.0 0.0 282.0 0.0 5592.0 25.0 388.0 0.17832123296395358
37 49 43 0.0 0.0 220.0 0.0 4952.0 24.0 230.0 0.1957220746539913
37 49 44 0.0 0.0 56.0 0.0 1933.0 7.0 26.0 0.3516704345641798
37 49 45 0.0 0.0 0.0 0.0 26.0 0.0 0.0 0.6910167818361302
37 49 47 0.0 0.0 0.0 0.0 2.0 0.0 0.0 0.6993006993006992
37 50 34 0.0 0.0 0.0 0.0 1.0 0.0 0.0 0.6996501749125437
37 50 35 0.0 0.0 0.0 0.0 7.0 1.0 0.0 0.6979062811565303
37 50 36 0.0 0.0 0.0 0.0 33.0 0.0 0.0 0.6886374815543531
37 50 37 0.0 0.0 4.0 0.0 121.0 0.0 0.0 0.6588235294117646
37 50 38 0.0 0.0 23.0 0.0 347.0 9.0 0.0 0.5929690808979245
37 50 39 0.0 0.0 4.0 0.0 123.0 2.0 0.0 0.6588235294117646
37 50 40 0.0 0.0 1.0 0.0 73.0 0.0 0.0 0.6750241080038573
37 50 41 0.0 0.0 41.0 0.0 783.0 9.0 1.0 0.4973357015985789
37 50 42 0.0 0.0 5.0 0.0 108.0 1.0 0.0 0.6628787878787878
37 50 43 0.0 0.0 24.0 0.0 619.0 5.0 1.0 0.5307050796057619
37 50 44 0.0 0.0 0.0 0.0 9.0 0.0 0.0 0.6968641114982577
37 50 45 0.0 0.0 0.0 0.0 2.0 0.0 0.0 0.6993006993006992
37 51 37 0.0 0.0 0.0 0.0 1.0 0.0 0.0 0.6996501749125437
37 51 38 0.0 0.0 0.0 0.0 6.0 0.0 0.0 0.6979062811565303
37 51 39 0.0 0.0 0.0 0.0 3.0 0.0 0.0 0.6989515726410384
37 51 40 0.0 0.0 0.0 0.0 1.0 0.0 0.0 0.6996501749125437
37 51 41 0.0 0.0 0.0 0.0 1.0 0.0 0.0 0.6996501749125437
38 29 36 0.0 0.0 0.0 0.0 1.0 0.0 0.0 0.6996501749125437
38 29 39 0.0 0.0 0.0 0.0 1.0 0.0 0.0 0.6996501749125437
38 29 40 0.0 0.0 0.0 0.0 4.0 0.0 0.0 0.6986027944111775
38 29 41 0.0 0.0 0.0 0.0 10.0 0.0 0.0 0.6965174129353233
38 29 42 0.0 0.0 0.0 0.0 3.0 0.0 0.0 0.6989515726410384
38 29 43 0.0 0.0 0.0 0.0 1.0 0.0 0.0 0.6996501749125437
38 30 33 0.0 0.0 0.0 0.0 2.0 0.0 0.0 0.6993006993006992
38 30 34 0.0 0.0 0.0 0.0 7.0 0.0 0.0 0.6975585450921773
38 30 35 0.0 0.0 0.0 0.0 5.0 0.0 0.0 0.6982543640897755
38 30 36 0.0 0.0 3.0 0.0 57.0 0.0 0.0 0.6796116504854368
38 30 37 0.0 0.0 6.0 0.0 264.0 3.0 0.0 0.6175562417291574
38 30 38 0.0 0.0 52.0 0.0 1218.0 11.0 2.0 0.4297114794352363
38 30 39 0.0 0.0 0.0 0.0 80.0 0.0 0.0 0.6730769230769229
38 30 40 0.0 0.0 9.0 0.0 402.0 1.0 0.0 0.5809128630705394
38 30 41 0.0 0.0 247.0 0.0 5095.0 23.0 227.0 0.19110019110019105
38 30 42 0.0 0.0 44.0 0.0 1050.0 13.0 4.0 0.45454545454545453
38 30 43 0.0 0.0 0.0 0.0 3.0 0.0 0.0 0.6989515726410384
38 31 31 0.0 0.0 0.0 0.0 4.0 0.0 0.0 0.6986027944111775
38 31 32 0.0 0.0 0.0 0.0 3.0 0.0 0.0 0.6989515726410384
38 31 33 0.0 0.0 9.0 0.0 221.0 2.0 0.0 0.6283662477558347
38 31 34 0.0 0.0 100.0 0.0 2426.0 11.0 26.0 0.3100775193798449
38 31 35 0.0 0.0 3.0 0.0 149.0 0.0 0.0 0.6505576208178437
38 31 36 0.0 0.0 75.0 0.0 1820.0 15.0 16.0 0.36073177016232927
38 31 37 0.0 0.0 313.0 0.0 6387.0 21.0 484.0 0.1612160294795025
38 31 38 0.0 0.0 178.0 0.0 4522.0 18.0 203.0 0.20951810835079315
38 31 39 0.0 0.0 323.0 0.0 7264.0 17.0 857.0 0.14618356479064423
38 31 40 0.0 0.0 34.0 0.0 1049.0 7.0 4.0 0.45513654096228867
38 31 41 0.0 0.0 193.0 0.0 4961.0 15.0 326.0 0.1961058971844796
38 31 42 0.0 0.0 130.0 0.0 3146.0 20.0 66.0 0.26631158455392806
38 31 43 0.0 0.0 24.0 0.0 729.0 5.0 4.0 0.5096468875136512
38 31 44 0.0 0.0 44.0 0.0 831.0 11.0 3.0 0.48882681564245806
38 31 45 0.0 0.0 0.0 0.0 23.0 0.0 0.0 0.6920415224913494
38 31 46 0.0 0.0 4.0 0.0 125.0 2.0 0.0 0.6582040432534085
38 31 47 0.0 0.0 0.0 0.0 6.0 0.0 0.0 0.6979062811565303
38 31 48 0.0 0.0 0.0 0.0 2.0 0.0 0.0 0.6993006993006992
38 32 31 0.0 0.0 0.0 0.0 30.0 2.0 0.0 0.690335305719921
38 32 32 0.0 0.0 226.0 0.0 4934.0 22.0 260.0 0.1960509732530458
38 32 33 0.0 0.0 46.0 0.0 1354.0 12.0 11.0 0.4132231404958677
38 32 34 0.0 0.0 250.0 0.0 5773.0 12.0 420.0 0.1747160863596655
38 32 35 0.0 0.0 364.0 0.0 7318.0 23.0 743.0 0.14486754966887413
38 32 36 0.0 0.0 439.0 0.0 9003.0 15.0 1632.0 0.12242042672263029
38 32 37 0.0 0.0 970.0 0.0 12793.0 37.0 8905.0 0.0888832455082217
38 32 38 0.0 0.0 1000.0 0.0 12861.0 35.0 10430.0 0.08822232024702249
38 32 39 0.0 0.0 567.0 0.0 10551.0 17.0 2878.0 0.10678056593699946
38 32 40 0.0 0.0 597.0 0.0 10830.0 20.0 3430.0 0.10434523365879107
38 32 41 0.0 0.0 622.0 0.0 10769.0 28.0 3099.0 0.10465724751439036
38 32 42 0.0 0.0 602.0 0.0 10483.0 29.0 2571.0 0.10712372790573112
38 32 43 0.0 0.0 278.0 0.0 6105.0 33.0 556.0 0.16764459346186084
38 32 44 0.0 0.0 217.0 0.0 4736.0 14.0 228.0 0.2016709881878421
38 32 45 0.0 0.0 164.0 0.0 3815.0 15.0 137.0 0.2346237640355287
38 32 46 0.0 0.0 21.0 0.0 588.0 6.0 1.0 0.5378409527468304
38 32 47 0.0 0.0 87.0 0.0 2167.0 15.0 31.0 0.3302665723047888
38 32 48 0.0 0.0 0.0 0.0 12.0 0.0 0.0 0.6958250497017892
38 32 49 0.0 0.0 0.0 0.0 2.0 0.0 0.0 0.6993006993006992
38 33 30 0.0 0.0 10.0 0.0 107.0 3.0 0.0 0.662251655629139
38 33 31 0.0 0.0 77.0 0.0 1701.0 15.0 13.0 0.3721424774056353
38 33 32 0.0 0.0 277.0 0.0 6002.0 27.0 403.0 0.1696352841391009
38 33 33 0.0 0.0 386.0 0.0 8134.0 26.0 1129.0 0.1333587349971423
38 33 34 0.0 0.0 529.0 0.0 9965.0 23.0 2107.0 0.11214354373598205
38 33 35 0.0 0.0 789.0 0.0 12261.0 27.0 6170.0 0.0930789176251579
38 33 36 0.0 0.0 859.0 0.0 12557.0 40.0 6182.0 0.0909445238404573
38 33 37 0.0 0.0 1552.0 0.0 13220.0 47.0 22352.0 0.08349236641221373
38 33 38 0.0 0.0 1102.0 0.0 13246.0 22.0 12374.0 0.08555888284544398
38 33 39 0.0 0.0 1125.0 0.0 13697.0 28.0 9498.0 0.08322929671244278
38 33 40 0.0 0.0 1379.0 0.0 13864.0 37.0 14452.0 0.08119707690523141
38 33 41 0.0 0.0 1172.0 0.0 13650.0 36.0 10862.0 0.08329366968110423
38 33 42 0.0 0.0 1169.0 0.0 13420.0 35.0 12075.0 0.08442889880593413
38 33 43 0.0 0.0 723.0 0.0 11518.0 28.0 3883.0 0.09838369641602247
38 33 44 0.0 0.0 802.0 0.0 12420.0 37.0 5782.0 0.09208103130755063
38 33 45 0.0 0.0 360.0 0.0 7938.0 18.0 1143.0 0.13609409934869252
38 33 46 0.0 0.0 459.0 0.0 9457.0 22.0 2048.0 0.11765694596184552
38 33 47 0.0 0.0 71.0 0.0 1928.0 13.0 24.0 0.3513174404015056
38 33 48 0.0 0.0 36.0 0.0 693.0 10.0 1.0 0.5150846210448858
38 33 49 0.0 0.0 2.0 0.0 22.0 0.0 0.0 0.6916996047430829
38 34 30 0.0 0.0 3.0 0.0 97.0 0.0 0.0 0.6666666666666665
38 34 31 0.0 0.0 372.0 0.0 7342.0 24.0 801.0 0.1443745488295349
38 34 32 0.0 0.0 419.0 0.0 8523.0 23.0 1304.0 0.1281581838154522
38 34 33 0.0 0.0 626.0 0.0 11011.0 23.0 3496.0 0.10269199735934863
38 34 34 0.0 0.0 1448.0 0.0 13400.0 34.0 19236.0 0.08309098462816783
38 34 35 0.0 0.0 1822.0 0.0 12863.0 56.0 27200.0 0.08394291881520566
38 34 36 0.0 0.0 1525.0 0.0 13315.0 40.0 20368.0 0.08311071534579993
38 34 37 0.0 0.0 1840.0 0.0 13865.0 46.0 23861.0 0.07903799469316321
38 34 38 0.0 0.0 2645.0 0.0 11948.0 55.0 45548.0 0.08430687703239792
38 34 39 0.0 0.0 2526.0 0.0 12941.0 64.0 37074.0 0.08021083992208089
38 34 40 0.0 0.0 2842.0 0.0 12019.0 77.0 46232.0 0.08301215535131928
38 34 41 0.0 0.0 2180.0 0.0 13778.0 58.0 28968.0 0.07799008411787643
38 34 42 0.0 0.0 2083.0 0.0 13696.0 45.0 28248.0 0.078691473216795
38 34 43 0.0 0.0 1333.0 0.0 13631.0 46.0 15647.0 0.08255203726634824
38 34 44 0.0 0.0 1078.0 0.0 13382.0 35.0 8246.0 0.0850856934484016
38 34 45 0.0 0.0 1222.0 0.0 13114.0 37.0 15977.0 0.08573703227386857
38 34 46 0.0 0.0 561.0 0.0 10680.0 24.0 3427.0 0.10584410675134194
38 34 47 0.0 0.0 834.0 0.0 12311.0 32.0 5324.0 0.09253139458030402
38 34 48 0.0 0.0 91.0 0.0 2701.0 15.0 54.0 0.29319371727748683
38 34 49 0.0 0.0 0.0 0.0 22.0 0.0 0.0 0.6923837784371908
38 35 30 0.0 0.0 3.0 0.0 127.0 1.0 0.0 0.6575857209957726
38 35 31 0.0 0.0 179.0 0.0 3895.0 22.0 109.0 0.23140495867768593
38 35 32 0.0 0.0 901.0 0.0 12799.0 25.0 8310.0 0.08917765462768328
38 35 33 0.0 0.0 1156.0 0.0 13765.0 31.0 10563.0 0.08269832831236339
38 35 34 0.0 0.0 1946.0 0.0 13104.0 44.0 27581.0 0.08204406938584154
38 35 35 0.0 0.0 2794.0 0.0 9543.0 63.0 63844.0 0.09764262798158738
38 35 36 0.0 0.0 2810.0 0.0 13173.0 71.0 39637.0 0.07785996329458872
38 35 37 0.0 0.0 3013.0 0.0 13798.0 55.0 36767.0 0.0743731406714832
38 35 38 0.0 0.0 3788.0 0.0 11636.0 83.0 58182.0 0.0803904679873672
38 35 39 0.0 0.0 4255.0 0.0 10186.0 76.0 73901.0 0.08517369349638011
38 35 40 0.0 0.0 4355.0 0.0 11123.0 77.0 67802.0 0.08004116402721398
38 35 41 0.0 0.0 4075.0 0.0 10466.0 62.0 70988.0 0.08453085376162298
38 35 42 0.0 0.0 3655.0 0.0 11008.0 75.0 61455.0 0.083978165676924
38 35 43 0.0 0.0 2821.0 0.0 12432.0 80.0 43948.0 0.08121591831999071
38 35 44 0.0 0.0 2094.0 0.0 13849.0 54.0 27639.0 0.07803790412486064
38 35 45 0.0 0.0 2002.0 0.0 12888.0 43.0 30729.0 0.08283043426813394
38 35 46 0.0 0.0 993.0 0.0 13312.0 32.0 7882.0 0.08594229588704726
38 35 47 0.0 0.0 649.0 0.0 10962.0 25.0 2987.0 0.10296388909318231
38 35 48 0.0 0.0 161.0 0.0 4326.0 15.0 187.0 0.21618282890673254
38 35 49 0.0 0.0 0.0 0.0 53.0 0.0 0.0 0.6819288845591815
38 36 30 0.0 0.0 13.0 0.0 432.0 5.0 2.0 0.5737704918032785
38 36 31 0.0 0.0 420.0 0.0 8518.0 16.0 1311.0 0.1281112737920937
38 36 32 0.0 0.0 651.0 0.0 11330.0 22.0 3820.0 0.10021474588403721
38 36 33 0.0 0.0 1779.0 0.0 12848.0 43.0 26907.0 0.08415990381725277
38 36 34 0.0 0.0 2514.0 0.0 12295.0 61.0 41545.0 0.08333333333333333
38 36 35 0.0 0.0 3152.0 0.0 12755.0 74.0 45898.0 0.07812064058925282
38 36 36 0.0 0.0 4257.0 0.0 10385.0 75.0 72861.0 0.08414978662018392
38 36 37 0.0 0.0 4756.0 0.0 8205.0 79.0 95084.0 0.09345794392523364
38 36 38 0.0 0.0 5868.0 0.0 9316.0 78.0 92384.0 0.08145217593670001
38 36 39 0.0 0.0 6288.0 0.0 8000.0 82.0 105388.0 0.0859106529209622
38 36 40 0.0 0.0 5996.0 0.0 7123.0 68.0 113537.0 0.0925742246908682
38 36 41 0.0 0.0 5886.0 0.0 7514.0 89.0 109072.0 0.0909386164339071
38 36 42 0.0 0.0 5295.0 0.0 9835.0 79.0 83854.0 0.0816564596092155
38 36 43 0.0 0.0 4383.0 0.0 11428.0 84.0 65716.0 0.07865610427552108
38 36 44 0.0 0.0 3548.0 0.0 10347.0 61.0 65941.0 0.0880281690140845
38 36 45 0.0 0.0 2188.0 0.0 13710.0 49.0 28883.0 0.07822977201609296
38 36 46 0.0 0.0 1998.0 0.0 13055.0 52.0 30226.0 0.08210662131253298
38 36 47 0.0 0.0 835.0 0.0 12521.0 26.0 6470.0 0.09125871846685352
38 36 48 0.0 0.0 234.0 0.0 5295.0 20.0 324.0 0.18636847710330134
38 36 49 0.0 0.0 9.0 0.0 365.0 3.0 2.0 0.590966652596032
38 36 50 0.0 0.0 0.0 0.0 8.0 0.0 0.0 0.697211155378486
38 37 29 0.0 0.0 0.0 0.0 1.0 0.0 0.0 0.6996501749125437
38 37 30 0.0 0.0 12.0 0.0 513.0 1.0 2.0 0.5546751188589539
38 37 31 0.0 0.0 661.0 0.0 11361.0 28.0 4259.0 0.09990009990009989
38 37 32 0.0 0.0 1144.0 0.0 13616.0 36.0 10760.0 0.0835571471202626
38 37 33 0.0 0.0 1483.0 0.0 14023.0 41.0 15682.0 0.07995887829116453
38 37 34 0.0 0.0 2995.0 0.0 9899.0 59.0 64160.0 0.09392821200939282
38 37 35 0.0 0.0 3799.0 0.0 11825.0 62.0 57740.0 0.07943713118474806
38 37 36 0.0 0.0 5281.0 0.0 8881.0 77.0 90588.0 0.0866765725606736
38 37 37 0.0 0.0 6321.0 0.0 7234.0 67.0 113928.0 0.08992228145674096
38 37 38 0.0 0.0 6954.0 0.0 6049.0 67.0 128342.0 0.09322767530132516
38 37 39 0.0 0.0 6299.0 0.0 4348.0 79.0 144880.0 0.11068068622025456
38 37 40 0.0 1.0 7793.0 0.0 5094.0 57.0 140651.0 0.09396603798912678
38 37 41 0.0 0.0 7057.0 0.0 5304.0 79.0 136652.0 0.09746588693957113
38 37 42 0.0 0.0 6752.0 0.0 6545.0 73.0 121787.0 0.09144947416552354
38 37 43 0.0 0.0 5505.0 1.0 7561.0 66.0 106738.0 0.092899800928998
38 37 44 0.0 0.0 4316.0 0.0 9374.0 90.0 81318.0 0.08936550491510276
38 37 45 0.0 0.0 3409.0 0.0 10936.0 65.0 60888.0 0.08567407135426228
38 37 46 0.0 0.0 2082.0 0.0 13278.0 60.0 29425.0 0.08068699210420148
38 37 47 0.0 0.0 1350.0 0.0 13150.0 40.0 17723.0 0.08486905916585838
38 37 48 0.0 0.0 481.0 0.0 9288.0 18.0 1997.0 0.11901725750233781
38 37 49 0.0 0.0 259.0 0.0 6033.0 21.0 500.0 0.16920473773265646
38 37 50 0.0 0.0 6.0 0.0 190.0 2.0 0.0 0.6381039197812214
38 38 30 0.0 0.0 76.0 0.0 2137.0 13.0 30.0 0.3331746787244169
38 38 31 0.0 0.0 187.0 0.0 4514.0 24.0 201.0 0.20964360587002093
38 38 32 0.0 0.0 861.0 0.0 12426.0 41.0 5657.0 0.0917130691123485
38 38 33 0.0 0.0 2140.0 0.0 12751.0 53.0 33355.0 0.08277656240761544
38 38 34 0.0 0.0 3274.0 0.0 10511.0 80.0 62704.0 0.08873676871395067
38 38 35 0.0 0.0 4476.0 0.0 11038.0 69.0 68828.0 0.07990867579908675
38 38 36 0.0 0.0 5984.0 0.0 8053.0 89.0 103853.0 0.08729267988527246
38 38 37 0.0 0.0 7178.0 0.0 5955.0 82.0 129766.0 0.0925742246908682
38 38 38 0.0 1.0 5672.0 0.0 3335.0 52.0 156384.0 0.127353770581279
38 38 39 0.0 3.0 6718.0 0.0 3058.0 53.0 161062.0 0.11890606420927466
38 38 40 0.0 3.0 7615.0 2.0 3367.0 55.0 157526.0 0.10795805058605798
38 38 41 0.0 5.0 6202.0 2.0 3055.0 28.0 161106.0 0.12412447912048938
38 38 42 0.0 2.0 6236.0 4.0 4066.0 59.0 147862.0 0.11386742578283854
38 38 43 0.0 3.0 6388.0 5.0 6293.0 68.0 124440.0 0.09528995371630818
38 38 44 0.0 0.0 5353.0 1.0 8690.0 79.0 93051.0 0.08727091385114075
38 38 45 0.0 0.0 3980.0 0.0 10428.0 75.0 69045.0 0.08526187576126673
38 38 46 0.0 0.0 2112.0 0.0 13767.0 57.0 28105.0 0.0782866409439132
38 38 47 0.0 0.0 867.0 0.0 12644.0 39.0 6681.0 0.0903750564844103
38 38 48 0.0 0.0 730.0 0.0 11826.0 22.0 4329.0 0.09620670698185815
38 38 49 0.0 0.0 61.0 0.0 1663.0 7.0 18.0 0.37664783427495285
38 38 50 0.0 0.0 1.0 0.0 52.0 0.0 0.0 0.6822612085769979
38 39 29 0.0 0.0 0.0 0.0 3.0 0.0 0.0 0.6989515726410384
38 39 30 0.0 0.0 6.0 0.0 158.0 3.0 0.0 0.6478482184173993
38 39 31 0.0 0.0 77.0 0.0 2062.0 13.0 31.0 0.3393116820164808
38 39 32 0.0 0.0 1030.0 0.0 13251.0 37.0 9318.0 0.08609027179928666
38 39 33 0.0 0.0 1652.0 0.0 13897.0 36.0 20373.0 0.0796903460837887
38 39 34 0.0 0.0 3175.0 0.0 11102.0 59.0 56350.0 0.08600565179997542
38 39 35 0.0 0.0 4728.0 0.0 9180.0 74.0 85697.0 0.08800050286001633
38 39 36 0.0 0.0 6271.0 0.0 7676.0 71.0 108916.0 0.08766986035443672
38 39 37 1.0 5.0 6754.0 10.0 4894.0 63.0 140478.0 0.10240655401945724
38 39 38 0.0 5.0 7414.0 5.0 3557.0 46.0 157339.0 0.10783332049603327
38 39 39 0.0 6.0 5602.0 3.0 2069.0 24.0 172458.0 0.14459822350753976
38 39 40 0.0 13.0 5505.0 6.0 1854.0 18.0 174418.0 0.1489995742869306
38 39 41 0.0 18.0 7639.0 12.0 2913.0 48.0 163109.0 0.11138515395019492
38 39 42 0.0 5.0 7428.0 5.0 3918.0 48.0 152157.0 0.10482965181579933
38 39 43 0.0 8.0 7334.0 6.0 6291.0 74.0 126501.0 0.08942258559018905
38 39 44 0.0 1.0 5321.0 3.0 6874.0 72.0 112287.0 0.0985568461809222
38 39 45 0.0 0.0 4262.0 0.0 10276.0 74.0 72932.0 0.08456659619450316
38 39 46 0.0 0.0 2408.0 0.0 13240.0 66.0 35053.0 0.07934708682838358
38 39 47 0.0 0.0 1120.0 0.0 13454.0 42.0 12067.0 0.08456659619450316
38 39 48 0.0 0.0 830.0 0.0 12425.0 38.0 5939.0 0.09186954524575103
38 39 49 0.0 0.0 397.0 0.0 7746.0 21.0 816.0 0.13824429742273128
38 39 50 0.0 0.0 0.0 0.0 25.0 0.0 0.0 0.6913580246913579
38 39 51 0.0 0.0 0.0 0.0 1.0 0.0 0.0 0.6996501749125437
38 40 30 0.0 0.0 7.0 0.0 142.0 2.0 0.0 0.6520726595249184
38 40 31 0.0 0.0 224.0 0.0 4558.0 14.0 208.0 0.20667257159728372
38 40 32 0.0 0.0 649.0 0.0 11338.0 28.0 4098.0 0.10017889087656529
38 40 33 0.0 0.0 1595.0 0.0 13825.0 37.0 19883.0 0.08036739380022961
38 40 34 0.0 0.0 2973.0 0.0 12586.0 59.0 45241.0 0.07963594994311717
38 40 35 0.0 0.0 4569.0 0.0 8202.0 81.0 95259.0 0.09474182851729038
38 40 36 0.0 0.0 6055.0 0.0 7443.0 70.0 110272.0 0.09024688970540835
38 40 37 0.0 0.0 7647.0 0.0 6052.0 73.0 131146.0 0.08917197452229299
38 40 38 0.0 3.0 7086.0 3.0 3268.0 48.0 159351.0 0.11327777328262803
38 40 39 0.0 12.0 6013.0 7.0 2084.0 38.0 172181.0 0.1386001386001386
38 40 40 0.0 21.0 6453.0 19.0 1962.0 33.0 173412.0 0.1338176256929841
38 40 41 0.0 29.0 6120.0 17.0 2181.0 37.0 171161.0 0.13540961408259986
38 40 42 0.0 22.0 6782.0 15.0 3140.0 35.0 160625.0 0.11695906432748536
38 40 43 0.0 15.0 7138.0 22.0 5156.0 72.0 137111.0 0.09764262798158738
38 40 44 0.0 3.0 6391.0 6.0 8959.0 80.0 98473.0 0.08065445327802741
38 40 45 0.0 4.0 4053.0 1.0 11037.0 72.0 64900.0 0.08188571094344037
38 40 46 0.0 0.0 2814.0 0.0 12053.0 56.0 46419.0 0.0829973915105525
38 40 47 0.0 0.0 1526.0 0.0 13514.0 38.0 19209.0 0.08220786846741045
38 40 48 0.0 0.0 611.0 0.0 10913.0 19.0 3289.0 0.10351966873706003
38 40 49 0.0 0.0 18.0 0.0 796.0 2.0 3.0 0.49804340092493765
38 40 50 0.0 0.0 0.0 0.0 48.0 0.0 0.0 0.6835937499999999
38 41 30 0.0 0.0 14.0 0.0 315.0 3.0 1.0 0.6018916595012896
38 41 31 0.0 0.0 120.0 0.0 3307.0 15.0 92.0 0.2587322121604139
38 41 32 0.0 0.0 751.0 0.0 12142.0 29.0 5721.0 0.09406073636119322
38 41 33 0.0 0.0 1448.0 0.0 13772.0 40.0 16744.0 0.08132442637234968
38 41 34 0.0 0.0 2661.0 0.0 12850.0 55.0 39345.0 0.08001828989483309
38 41 35 0.0 0.0 4295.0 0.0 10364.0 75.0 71677.0 0.08405379442843419
38 41 36 0.0 2.0 5756.0 2.0 8816.0 91.0 96190.0 0.08449004224502112
38 41 37 0.0 0.0 7036.0 0.0 6075.0 64.0 127521.0 0.09259871684635226
38 41 38 0.0 4.0 7815.0 3.0 4350.0 62.0 148406.0 0.0988351570773032
38 41 39 0.0 15.0 6330.0 11.0 2393.0 38.0 167518.0 0.13024467392315564
38 41 40 0.0 23.0 5111.0 19.0 1861.0 43.0 174193.0 0.15557284142682515
38 41 41 0.0 39.0 6508.0 18.0 2485.0 39.0 168302.0 0.12673123925047522
38 41 42 0.0 15.0 6843.0 16.0 3281.0 45.0 158062.0 0.11513157894736842
38 41 43 0.0 8.0 6948.0 17.0 5507.0 72.0 133482.0 0.09659835782791691
38 41 44 0.0 1.0 5899.0 5.0 8006.0 77.0 103761.0 0.08806139136998363
38 41 45 0.0 0.0 4286.0 0.0 9739.0 62.0 77717.0 0.08729267988527246
38 41 46 0.0 0.0 2794.0 0.0 11804.0 55.0 47228.0 0.08430687703239792
38 41 47 0.0 0.0 1297.0 0.0 13774.0 52.0 12979.0 0.08214516223669541
38 41 48 0.0 0.0 823.0 0.0 12028.0 21.0 4389.0 0.09432055514383884
38 41 49 0.0 0.0 78.0 0.0 1985.0 16.0 25.0 0.3460207612456747
38 41 50 0.0 0.0 114.0 0.0 2492.0 13.0 40.0 0.3048116699325059
38 41 51 0.0 0.0 0.0 0.0 2.0 0.0 0.0 0.6993006993006992
38 42 29 0.0 0.0 0.0 0.0 1.0 0.0 0.0 0.6996501749125437
38 42 30 0.0 0.0 52.0 0.0 1358.0 6.0 10.0 0.4110393423370522
38 42 31 0.0 0.0 186.0 0.0 3887.0 19.0 137.0 0.2312138728323699
38 42 32 0.0 0.0 478.0 0.0 9600.0 17.0 2001.0 0.1159228285170158
38 42 33 0.0 0.0 1320.0 0.0 13680.0 42.0 14839.0 0.0823868651797799
38 42 34 0.0 0.0 2443.0 0.0 12190.0 67.0 40057.0 0.08426120975022569
38 42 35 0.0 0.0 3534.0 0.0 11227.0 68.0 58946.0 0.0834824090638044
38 42 36 0.0 0.0 4987.0 0.0 8671.0 59.0 91402.0 0.08929710422247734
38 42 37 0.0 1.0 6548.0 0.0 7767.0 88.0 109738.0 0.08587376556462
38 42 38 0.0 5.0 7330.0 5.0 5493.0 69.0 135213.0 0.09430149535228344
38 42 39 0.0 13.0 5766.0 12.0 3156.0 35.0 159420.0 0.1276324186343331
38 42 40 0.0 21.0 5682.0 17.0 2807.0 41.0 164099.0 0.1332571863696935
38 42 41 0.0 10.0 5936.0 10.0 3063.0 48.0 160550.0 0.12714558169103624
38 42 42 0.0 20.0 7748.0 21.0 4842.0 64.0 141269.0 0.09562841530054644
38 42 43 0.0 3.0 6319.0 8.0 5790.0 58.0 128329.0 0.09902390720045268
38 42 44 0.0 2.0 5607.0 4.0 7948.0 83.0 103425.0 0.08998585936495693
38 42 45 0.0 0.0 4267.0 0.0 10128.0 69.0 74553.0 0.08534503779565958
38 42 46 0.0 0.0 2786.0 0.0 11646.0 69.0 49566.0 0.08529823920063363
38 42 47 0.0 0.0 1675.0 0.0 13250.0 46.0 22715.0 0.08273253752511522
38 42 48 0.0 0.0 995.0 0.0 12873.0 39.0 10182.0 0.08835594824865887
38 42 49 0.0 0.0 239.0 0.0 5627.0 14.0 364.0 0.1782077393075356
38 42 50 0.0 0.0 14.0 0.0 397.0 5.0 2.0 0.5818786367414795
38 42 51 0.0 0.0 1.0 0.0 13.0 0.0 0.0 0.695479384003974
38 43 30 0.0 0.0 9.0 0.0 401.0 7.0 0.0 0.5826050769870994
38 43 31 0.0 0.0 89.0 0.0 2109.0 19.0 25.0 0.3349282296650717
38 43 32 0.0 0.0 1004.0 0.0 13213.0 28.0 8696.0 0.08633448445979279
38 43 33 0.0 0.0 1170.0 0.0 13481.0 37.0 12210.0 0.0841194496184582
38 43 34 0.0 0.0 2222.0 0.0 11671.0 57.0 39828.0 0.08806139136998363
38 43 35 0.0 0.0 2878.0 0.0 13048.0 64.0 41135.0 0.07818608287724785
38 43 36 0.0 0.0 4311.0 0.0 10222.0 68.0 73963.0 0.08465352521465715
38 43 37 0.0 2.0 5425.0 9.0 8333.0 78.0 98684.0 0.08882121558177895
38 43 38 0.0 4.0 6813.0 6.0 7290.0 74.0 114032.0 0.0867894116917736
38 43 39 0.0 4.0 5535.0 6.0 4328.0 60.0 142976.0 0.11811355774909305
38 43 40 0.0 12.0 6876.0 19.0 5152.0 64.0 137636.0 0.09963703650985693
38 43 41 0.0 25.0 7002.0 24.0 5980.0 67.0 128907.0 0.093103677595265
38 43 42 0.0 13.0 6544.0 22.0 6478.0 69.0 122374.0 0.09291213166976374
38 43 43 0.0 1.0 5967.0 3.0 8109.0 95.0 102924.0 0.08719481813652216
38 43 44 0.0 0.0 4564.0 1.0 7493.0 78.0 103166.0 0.099601593625498
38 43 45 0.0 0.0 3674.0 0.0 10747.0 70.0 64974.0 0.08526706863999026
38 43 46 0.0 0.0 2335.0 0.0 12902.0 46.0 34310.0 0.08113120074177096
38 43 47 0.0 0.0 1136.0 0.0 13251.0 37.0 13303.0 0.08548052265233849
38 43 48 0.0 0.0 717.0 0.0 11633.0 23.0 4479.0 0.09756097560975609
38 43 49 0.0 0.0 132.0 0.0 3455.0 18.0 111.0 0.25134649910233386
38 43 50 0.0 0.0 11.0 0.0 318.0 4.0 0.0 0.6021505376344085
38 44 30 0.0 0.0 1.0 0.0 60.0 0.0 0.0 0.6796116504854368
38 44 31 0.0 0.0 237.0 0.0 5938.0 22.0 503.0 0.1717159327854777
38 44 32 0.0 0.0 442.0 0.0 8835.0 29.0 1419.0 0.12434496846966868
38 44 33 0.0 0.0 808.0 0.0 12412.0 24.0 5403.0 0.0920568122041031
38 44 34 0.0 0.0 2154.0 0.0 11749.0 55.0 39168.0 0.08796732642161482
38 44 35 0.0 0.0 2405.0 0.0 12357.0 49.0 39016.0 0.08349734597721714
38 44 36 0.0 0.0 3449.0 0.0 10649.0 69.0 63842.0 0.08697813121272366
38 44 37 0.0 0.0 4219.0 0.0 9392.0 85.0 81394.0 0.08964589870013445
38 44 38 0.0 2.0 5071.0 7.0 9011.0 81.0 89757.0 0.08695652173913042
38 44 39 0.0 1.0 5783.0 5.0 9335.0 89.0 91993.0 0.08181393174380551
38 44 40 0.0 1.0 5170.0 2.0 6757.0 87.0 114021.0 0.1006904487917146
38 44 41 0.0 2.0 5735.0 3.0 9196.0 80.0 93163.0 0.08259587020648966
38 44 42 0.0 0.0 4988.0 3.0 8802.0 70.0 91961.0 0.08871427666180849
38 44 43 0.0 0.0 4498.0 0.0 10340.0 71.0 74458.0 0.08311071534579993
38 44 44 0.0 0.0 3700.0 5.0 11945.0 85.0 56506.0 0.07939658594680428
38 44 45 0.0 0.0 2901.0 0.0 11694.0 55.0 48486.0 0.08429164910590642
38 44 46 0.0 0.0 1675.0 0.0 13690.0 42.0 21797.0 0.08064051609930303
38 44 47 0.0 0.0 836.0 0.0 12547.0 37.0 6094.0 0.09112210361884925
38 44 48 0.0 0.0 302.0 0.0 6693.0 20.0 565.0 0.15591936741285217
38 44 49 0.0 0.0 174.0 0.0 4653.0 17.0 256.0 0.2055196711685261
38 44 50 0.0 0.0 0.0 0.0 24.0 0.0 0.0 0.6916996047430829
38 45 30 0.0 0.0 1.0 0.0 73.0 1.0 0.0 0.6760019314340897
38 45 31 0.0 0.0 425.0 0.0 9041.0 21.0 1788.0 0.12220670391061451
38 45 32 0.0 0.0 335.0 0.0 6953.0 21.0 710.0 0.15100852119512456
38 45 33 0.0 0.0 698.0 0.0 11413.0 24.0 4289.0 0.09927669834066088
38 45 34 0.0 0.0 1273.0 0.0 13836.0 32.0 13833.0 0.08176614881439084
38 45 35 0.0 0.0 1477.0 0.0 13927.0 37.0 17546.0 0.08040893687898454
38 45 36 0.0 0.0 2000.0 0.0 13283.0 40.0 28273.0 0.08092953349904618
38 45 37 0.0 0.0 2749.0 0.0 12316.0 67.0 42958.0 0.08204406938584154
38 45 38 0.0 0.0 3421.0 0.0 11508.0 72.0 55986.0 0.08272276057669581
38 45 39 0.0 0.0 3906.0 0.0 10416.0 77.0 68096.0 0.08586323213738116
38 45 40 0.0 0.0 3775.0 1.0 11711.0 62.0 57791.0 0.07997714938588973
38 45 41 0.0 0.0 3824.0 1.0 10205.0 69.0 69333.0 0.08731990270067984
38 45 42 0.0 0.0 3231.0 0.0 13359.0 52.0 43069.0 0.0753012048192771
38 45 43 0.0 0.0 2744.0 1.0 13207.0 65.0 38782.0 0.0779727095516569
38 45 44 0.0 0.0 2258.0 0.0 13105.0 45.0 33232.0 0.08053845711327158
38 45 45 0.0 0.0 2445.0 0.0 11877.0 47.0 42881.0 0.08570029382957883
38 45 46 0.0 0.0 1208.0 0.0 13695.0 43.0 12126.0 0.08286965786669823
38 45 47 0.0 0.0 483.0 0.0 9330.0 22.0 1869.0 0.11864406779661014
38 45 48 0.0 0.0 220.0 0.0 5100.0 19.0 239.0 0.1917808219178082
38 45 49 0.0 0.0 3.0 0.0 104.0 2.0 0.0 0.6650831353919239
38 45 50 0.0 0.0 0.0 0.0 2.0 0.0 0.0 0.6993006993006992
38 46 29 0.0 0.0 0.0 0.0 1.0 0.0 0.0 0.6996501749125437
38 46 30 0.0 0.0 0.0 0.0 29.0 0.0 0.0 0.6899950714637751
38 46 31 0.0 0.0 79.0 0.0 1800.0 9.0 20.0 0.36157024793388426
38 46 32 0.0 0.0 267.0 0.0 5804.0 22.0 379.0 0.1738482553085806
38 46 33 0.0 0.0 577.0 0.0 10815.0 21.0 3241.0 0.10461814377522043
38 46 34 0.0 0.0 590.0 0.0 10811.0 26.0 3432.0 0.10456344760624392
38 46 35 0.0 0.0 969.0 0.0 13146.0 25.0 8027.0 0.08690793966105903
38 46 36 0.0 0.0 1048.0 0.0 13444.0 35.0 10634.0 0.08491538788136106
38 46 37 0.0 0.0 1784.0 0.0 13418.0 39.0 23755.0 0.08137169427492008
38 46 38 0.0 0.0 2234.0 0.0 12267.0 47.0 38011.0 0.0848536274925753
38 46 39 0.0 0.0 2415.0 0.0 12309.0 57.0 40205.0 0.08371703641691082
38 46 40 0.0 0.0 2439.0 0.0 13145.0 60.0 34182.0 0.0796495420151334
38 46 41 0.0 0.0 2407.0 0.0 12498.0 62.0 38017.0 0.08276677505172922
38 46 42 0.0 0.0 1664.0 0.0 13883.0 55.0 20788.0 0.07992236113489752
38 46 43 0.0 0.0 1408.0 0.0 13761.0 38.0 16416.0 0.08152806894945258
38 46 44 0.0 0.0 1525.0 0.0 13328.0 33.0 20575.0 0.0830614061109463
38 46 45 0.0 0.0 879.0 0.0 12717.0 32.0 6267.0 0.0898472596585804
38 46 46 0.0 0.0 1040.0 0.0 13204.0 24.0 9908.0 0.08613794376422813
38 46 47 0.0 0.0 391.0 0.0 8273.0 19.0 1304.0 0.13150479053165506
38 46 48 0.0 0.0 97.0 0.0 2580.0 15.0 49.0 0.30036472859901303
38 46 49 0.0 0.0 8.0 0.0 176.0 1.0 0.0 0.6413192853870818
38 47 31 0.0 0.0 0.0 0.0 8.0 0.0 0.0 0.697211155378486
38 47 32 0.0 0.0 13.0 0.0 271.0 2.0 2.0 0.6134969325153373
38 47 33 0.0 0.0 9.0 0.0 449.0 4.0 3.0 0.5707297187117814
38 47 34 0.0 0.0 436.0 0.0 9017.0 17.0 1629.0 0.12233484795526038
38 47 35 0.0 0.0 411.0 0.0 8647.0 28.0 1308.0 0.12688055102410728
38 47 36 0.0 0.0 886.0 0.0 12754.0 37.0 8087.0 0.08955987717502559
38 47 37 0.0 0.0 942.0 0.0 12936.0 33.0 7995.0 0.0882890836854386
38 47 38 0.0 0.0 1100.0 0.0 13527.0 28.0 10793.0 0.08426120975022569
38 47 39 0.0 0.0 1223.0 0.0 13640.0 33.0 12801.0 0.0829973915105525
38 47 40 0.0 0.0 1103.0 0.0 13297.0 35.0 10617.0 0.08537626539821928
38 47 41 0.0 0.0 1016.0 0.0 13513.0 28.0 9382.0 0.08466376390904692
38 47 42 0.0 0.0 1070.0 0.0 13286.0 25.0 10732.0 0.08561643835616438
38 47 43 0.0 0.0 1328.0 0.0 12834.0 43.0 20163.0 0.08662830270404058
38 47 44 0.0 0.0 772.0 0.0 12231.0 38.0 5042.0 0.09348290598290597
38 47 45 0.0 0.0 655.0 0.0 10939.0 17.0 3335.0 0.10297146219476316
38 47 46 0.0 0.0 186.0 0.0 4877.0 22.0 263.0 0.19889188805228014
38 47 47 0.0 0.0 430.0 0.0 8587.0 30.0 1332.0 0.1273421866472621
38 47 48 0.0 0.0 381.0 0.0 8262.0 13.0 1354.0 0.13157894736842105
38 47 49 0.0 0.0 0.0 0.0 52.0 0.0 1.0 0.68259385665529
38 47 50 0.0 0.0 0.0 0.0 1.0 0.0 0.0 0.6996501749125437
38 48 31 0.0 0.0 0.0 0.0 5.0 0.0 0.0 0.6982543640897755
38 48 32 0.0 0.0 0.0 0.0 18.0 0.0 0.0 0.6937561942517343
38 48 33 0.0 0.0 0.0 0.0 41.0 0.0 0.0 0.6859382655560998
38 48 34 0.0 0.0 29.0 0.0 602.0 7.0 1.0 0.5335365853658536
38 48 35 0.0 0.0 126.0 0.0 2951.0 22.0 62.0 0.2769535113748763
38 48 36 0.0 0.0 638.0 0.0 11194.0 29.0 3966.0 0.1013024602026049
38 48 37 0.0 0.0 964.0 0.0 12824.0 38.0 10306.0 0.08873114463176573
38 48 38 0.0 0.0 757.0 0.0 12134.0 32.0 4914.0 0.09407969894496337
38 48 39 0.0 0.0 578.0 0.0 10693.0 25.0 3104.0 0.10562052055827989
38 48 40 0.0 0.0 515.0 0.0 9888.0 21.0 2182.0 0.11293965795417875
38 48 41 0.0 0.0 242.0 0.0 5523.0 23.0 316.0 0.18080847216841017
38 48 42 0.0 0.0 466.0 0.0 9241.0 29.0 1694.0 0.11975023522367631
38 48 43 0.0 0.0 282.0 0.0 6455.0 20.0 572.0 0.16062413951353827
38 48 44 0.0 0.0 318.0 0.0 6877.0 25.0 693.0 0.15255530129672004
38 48 45 0.0 0.0 118.0 0.0 2638.0 11.0 46.0 0.29498525073746307
38 48 46 0.0 0.0 114.0 0.0 2211.0 16.0 19.0 0.3249767873723305
38 48 47 0.0 0.0 16.0 0.0 271.0 2.0 1.0 0.6129597197898423
38 48 48 0.0 0.0 73.0 0.0 1750.0 14.0 13.0 0.3675505381990023
38 48 49 0.0 0.0 0.0 0.0 16.0 0.0 0.0 0.6944444444444444
38 49 32 0.0 0.0 0.0 0.0 1.0 0.0 0.0 0.6996501749125437
38 49 33 0.0 0.0 0.0 0.0 1.0 0.0 0.0 0.6996501749125437
38 49 34 0.0 0.0 0.0 0.0 19.0 0.0 0.0 0.6934125804853887
38 49 35 0.0 0.0 83.0 0.0 2060.0 10.0 31.0 0.33873699491894504
38 49 36 0.0 0.0 204.0 0.0 4585.0 23.0 187.0 0.20691693762932303
38 49 37 0.0 0.0 510.0 0.0 10022.0 32.0 2465.0 0.11191047162270182
38 49 38 0.0 0.0 383.0 0.0 7354.0 23.0 792.0 0.14404774153719518
38 49 39 0.0 0.0 333.0 0.0 7249.0 16.0 739.0 0.14627520635252322
38 49 40 0.0 0.0 48.0 0.0 1190.0 14.0 6.0 0.4345127250155182
38 49 41 0.0 0.0 89.0 0.0 1773.0 13.0 16.0 0.3637308391790075
38 49 42 0.0 0.0 189.0 0.0 4440.0 20.0 178.0 0.21180030257186078
38 49 43 0.0 0.0 180.0 0.0 4093.0 21.0 153.0 0.2238567316917173
38 49 44 0.0 0.0 20.0 0.0 511.0 3.0 4.0 0.5540166204986148
38 49 45 0.0 0.0 7.0 0.0 111.0 1.0 0.0 0.6613131790269249
38 49 46 0.0 0.0 0.0 0.0 14.0 0.0 0.0 0.6951340615690167
38 49 47 0.0 0.0 14.0 0.0 445.0 3.0 2.0 0.5700325732899022
38 50 34 0.0 0.0 0.0 0.0 3.0 0.0 0.0 0.6989515726410384
38 50 35 0.0 0.0 7.0 0.0 187.0 2.0 0.0 0.6389776357827475
38 50 36 0.0 0.0 1.0 0.0 145.0 1.0 1.0 0.6529850746268656
38 50 37 0.0 0.0 34.0 0.0 1112.0 6.0 5.0 0.4458598726114649
38 50 38 0.0 0.0 159.0 0.0 4126.0 17.0 172.0 0.22328548644338117
38 50 39 0.0 0.0 23.0 0.0 539.0 4.0 1.0 0.5475166210402814
38 50 40 0.0 0.0 0.0 0.0 30.0 0.0 0.0 0.689655172413793
38 50 41 0.0 0.0 0.0 0.0 13.0 0.0 0.0 0.695479384003974
38 50 42 0.0 0.0 0.0 0.0 3.0 0.0 0.0 0.6989515726410384
38 50 43 0.0 0.0 5.0 0.0 86.0 1.0 0.0 0.6698564593301434
38 50 44 0.0 0.0 0.0 0.0 9.0 0.0 0.0 0.6968641114982577
38 50 45 0.0 0.0 0.0 0.0 1.0 0.0 0.0 0.6996501749125437
38 50 46 0.0 0.0 1.0 0.0 3.0 0.0 0.0 0.6986027944111775
38 51 37 0.0 0.0 0.0 0.0 5.0 0.0 0.0 0.6982543640897755
38 51 38 0.0 0.0 0.0 0.0 9.0 0.0 0.0 0.6968641114982577
38 51 39 0.0 0.0 0.0 0.0 4.0 0.0 0.0 0.6986027944111775
39 29 37 0.0 0.0 0.0 0.0 1.0 0.0 0.0 0.6996501749125437
39 29 38 0.0 0.0 0.0 0.0 4.0 0.0 0.0 0.6986027944111775
39 29 39 0.0 0.0 0.0 0.0 3.0 0.0 0.0 0.6993006993006992
39 29 40 0.0 0.0 0.0 0.0 6.0 0.0 0.0 0.6982543640897755
39 29 41 0.0 0.0 2.0 0.0 24.0 2.0 0.0 0.6916996047430829
39 29 42 0.0 0.0 0.0 0.0 6.0 0.0 0.0 0.6979062811565303
39 30 34 0.0 0.0 0.0 0.0 2.0 0.0 0.0 0.6993006993006992
39 30 35 0.0 0.0 0.0 0.0 2.0 0.0 0.0 0.6993006993006992
39 30 36 0.0 0.0 0.0 0.0 6.0 0.0 0.0 0.6979062811565303
39 30 37 0.0 0.0 0.0 0.0 40.0 0.0 0.0 0.6862745098039215
39 30 38 0.0 0.0 11.0 0.0 286.0 2.0 0.0 0.6100217864923746
39 30 39 0.0 0.0 23.0 0.0 737.0 6.0 0.0 0.5083514887436454
39 30 40 0.0 0.0 9.0 0.0 462.0 2.0 0.0 0.5670311867152693
39 30 41 0.0 0.0 78.0 0.0 2028.0 20.0 18.0 0.3426333822809593
39 30 42 0.0 0.0 25.0 0.0 492.0 4.0 2.0 0.5571030640668523
39 30 43 0.0 0.0 0.0 0.0 13.0 0.0 0.0 0.6958250497017892
39 30 44 0.0 0.0 0.0 0.0 1.0 0.0 0.0 0.6996501749125437
39 31 31 0.0 0.0 0.0 0.0 2.0 0.0 0.0 0.6993006993006992
39 31 32 0.0 0.0 0.0 0.0 8.0 0.0 0.0 0.697211155378486
39 31 33 0.0 0.0 0.0 0.0 13.0 0.0 0.0 0.695479384003974
39 31 34 0.0 0.0 1.0 0.0 61.0 0.0 0.0 0.6789524733268669
39 31 35 0.0 0.0 6.0 0.0 198.0 3.0 0.0 0.6360745115856428
39 31 36 0.0 0.0 138.0 0.0 2966.0 21.0 52.0 0.2753737214791503
39 31 37 0.0 0.0 107.0 0.0 2313.0 10.0 39.0 0.31760435571687834
39 31 38 0.0 0.0 382.0 0.0 8034.0 20.0 1122.0 0.13464127716868626
39 31 39 0.0 0.0 291.0 0.0 6283.0 17.0 464.0 0.16358962374386535
39 31 40 0.0 0.0 237.0 0.0 5240.0 26.0 308.0 0.18784382128002142
39 31 41 0.0 0.0 533.0 0.0 10303.0 23.0 2746.0 0.10912775742458491
39 31 42 0.0 0.0 261.0 0.0 5876.0 25.0 387.0 0.17252002464571778
39 31 43 0.0 0.0 40.0 0.0 1110.0 6.0 7.0 0.44543429844097987
39 31 44 0.0 0.0 9.0 0.0 159.0 1.0 0.0 0.646054453161052
39 31 45 0.0 0.0 0.0 0.0 9.0 0.0 0.0 0.6968641114982577
39 31 46 0.0 0.0 0.0 0.0 9.0 0.0 0.0 0.6968641114982577
39 31 47 0.0 0.0 0.0 0.0 2.0 0.0 0.0 0.6993006993006992
39 31 48 0.0 0.0 0.0 0.0 2.0 0.0 0.0 0.6993006993006992
39 32 31 0.0 0.0 2.0 0.0 59.0 1.0 0.0 0.6796116504854368
39 32 32 0.0 0.0 21.0 0.0 554.0 4.0 3.0 0.5447470817120622
39 32 33 0.0 0.0 76.0 0.0 1856.0 8.0 12.0 0.35696073431922487
39 32 34 0.0 0.0 86.0 0.0 2338.0 16.0 45.0 0.31767642387111406
39 32 35 0.0 0.0 204.0 0.0 4776.0 20.0 232.0 0.20103388856978746
39 32 36 0.0 0.0 298.0 0.0 7084.0 14.0 831.0 0.14936519790888722
39 32 37 0.0 0.0 373.0 0.0 8159.0 18.0 1247.0 0.1330671989354624
39 32 38 0.0 0.0 535.0 0.0 10174.0 28.0 2469.0 0.11034917632221959
39 32 39 0.0 0.0 815.0 0.0 12346.0 29.0 5666.0 0.09239704329461455
39 32 40 0.0 0.0 942.0 0.0 12831.0 32.0 8704.0 0.0887648998224702
39 32 41 0.0 0.0 567.0 0.0 10878.0 26.0 3475.0 0.10428305400372438
39 32 42 0.0 0.0 620.0 0.0 10966.0 25.0 3405.0 0.10311556308462841
39 32 43 0.0 0.0 483.0 0.0 9845.0 23.0 2275.0 0.11371943790106406
39 32 44 0.0 0.0 127.0 0.0 3086.0 16.0 59.0 0.26938618433711753
39 32 45 0.0 0.0 18.0 0.0 659.0 3.0 2.0 0.5235602094240837
39 32 46 0.0 0.0 177.0 0.0 4173.0 17.0 154.0 0.22102936532996525
39 32 47 0.0 0.0 28.0 0.0 599.0 8.0 1.0 0.5345551737304314
39 32 48 0.0 0.0 52.0 0.0 1262.0 9.0 9.0 0.42360060514372155
39 32 49 0.0 0.0 0.0 0.0 2.0 0.0 0.0 0.6993006993006992
39 33 30 0.0 0.0 0.0 0.0 11.0 0.0 0.0 0.6961710591745399
39 33 31 0.0 0.0 31.0 0.0 690.0 7.0 2.0 0.5160339107998525
39 33 32 0.0 0.0 292.0 0.0 6675.0 23.0 628.0 0.15642458100558657
39 33 33 0.0 0.0 526.0 0.0 10291.0 30.0 3005.0 0.10937499999999999
39 33 34 0.0 0.0 380.0 0.0 8349.0 23.0 1154.0 0.13065795613625755
39 33 35 0.0 0.0 861.0 0.0 12632.0 41.0 6490.0 0.09044511919374636
39 33 36 0.0 0.0 1034.0 0.0 13146.0 38.0 9635.0 0.08658544127651678
39 33 37 0.0 0.0 1101.0 0.0 13323.0 24.0 11391.0 0.08521516829995739
39 33 38 0.0 0.0 1136.0 0.0 13668.0 35.0 11740.0 0.08333333333333333
39 33 39 0.0 0.0 1498.0 0.0 13841.0 40.0 17473.0 0.08072421149743411
39 33 40 0.0 0.0 1310.0 0.0 14053.0 50.0 12646.0 0.08071490343038339
39 33 41 0.0 0.0 1655.0 0.0 13322.0 43.0 23372.0 0.0824985268120212
39 33 42 0.0 0.0 1285.0 0.0 13491.0 33.0 15468.0 0.08350232613622807
39 33 43 0.0 0.0 1136.0 0.0 13226.0 29.0 13421.0 0.08555888284544398
39 33 44 0.0 0.0 430.0 0.0 9256.0 21.0 1975.0 0.11991434689507494
39 33 45 0.0 0.0 555.0 0.0 10287.0 24.0 2746.0 0.10912775742458491
39 33 46 0.0 0.0 222.0 0.0 4662.0 18.0 218.0 0.20384391380314498
39 33 47 0.0 0.0 226.0 0.0 5115.0 16.0 266.0 0.19096985404446865
39 33 48 0.0 0.0 94.0 0.0 2559.0 10.0 61.0 0.30152918371742404
39 33 49 0.0 0.0 0.0 0.0 11.0 0.0 0.0 0.6961710591745399
39 34 30 0.0 0.0 3.0 0.0 85.0 0.0 0.0 0.6704980842911876
39 34 31 0.0 0.0 50.0 0.0 1474.0 12.0 12.0 0.39886039886039887
39 34 32 0.0 0.0 348.0 0.0 7585.0 19.0 855.0 0.1411148069751033
39 34 33 0.0 0.0 625.0 0.0 11253.0 26.0 3664.0 0.10095183155465819
39 34 34 0.0 0.0 1380.0 0.0 13343.0 43.0 17327.0 0.08380222674488207
39 34 35 0.0 0.0 1572.0 0.0 13537.0 38.0 21084.0 0.08186177055315168
39 34 36 0.0 0.0 1966.0 0.0 13143.0 50.0 28264.0 0.08183784415736246
39 34 37 0.0 0.0 2087.0 0.0 12620.0 42.0 32921.0 0.08375710439724797
39 34 38 0.0 0.0 2461.0 0.0 13502.0 60.0 33863.0 0.07795100222717148
39 34 39 0.0 0.0 2575.0 0.0 13687.0 58.0 33908.0 0.07654874514735632
39 34 40 0.0 0.0 2976.0 0.0 12281.0 63.0 45250.0 0.08111239860950173
39 34 41 0.0 0.0 2617.0 0.0 12436.0 67.0 40946.0 0.08204406938584154
39 34 42 0.0 0.0 2081.0 0.0 13243.0 50.0 31003.0 0.08086409056778142
39 34 43 0.0 0.0 1863.0 0.0 13224.0 46.0 26798.0 0.08186655751125664
39 34 44 0.0 0.0 1391.0 0.0 13807.0 33.0 16489.0 0.08141901715615003
39 34 45 0.0 0.0 1168.0 0.0 13245.0 34.0 13833.0 0.08540230586225828
39 34 46 0.0 0.0 686.0 0.0 11561.0 33.0 4618.0 0.0983698707138842
39 34 47 0.0 0.0 391.0 0.0 8238.0 29.0 1167.0 0.132013201320132
39 34 48 0.0 0.0 165.0 0.0 3594.0 20.0 120.0 0.2438174851967955
39 34 49 0.0 0.0 12.0 0.0 191.0 2.0 0.0 0.6360745115856428
39 34 50 0.0 0.0 15.0 0.0 465.0 4.0 0.0 0.5654281098546041
39 35 30 0.0 0.0 3.0 0.0 70.0 1.0 0.0 0.6756756756756755
39 35 31 0.0 0.0 95.0 0.0 2155.0 14.0 26.0 0.33057851239669417
39 35 32 0.0 0.0 543.0 0.0 9845.0 27.0 1906.0 0.11315874555447783
39 35 33 0.0 0.0 1228.0 0.0 13425.0 46.0 14451.0 0.08414472893376607
39 35 34 0.0 0.0 1913.0 0.0 13665.0 54.0 25030.0 0.07966767199681328
39 35 35 0.0 0.0 2593.0 0.0 13190.0 62.0 37245.0 0.07873130131593746
39 35 36 0.0 0.0 3344.0 0.0 12512.0 58.0 50070.0 0.07843137254901959
39 35 37 0.0 0.0 3716.0 0.0 11327.0 78.0 58797.0 0.08211625315267757
39 35 38 0.0 0.0 4212.0 0.0 11620.0 86.0 61929.0 0.0785898731334905
39 35 39 0.0 0.0 4395.0 0.0 9713.0 65.0 77509.0 0.08679479231246125
39 35 40 0.0 0.0 4807.0 0.0 10830.0 73.0 72710.0 0.07932011331444758
39 35 41 0.0 0.0 4433.0 0.0 9731.0 71.0 79750.0 0.0866765725606736
39 35 42 0.0 0.0 3652.0 0.0 11259.0 73.0 58322.0 0.08288437629506837
39 35 43 0.0 0.0 2604.0 0.0 13610.0 52.0 34476.0 0.07685973099094152
39 35 44 0.0 0.0 2486.0 0.0 12539.0 63.0 38418.0 0.0822610024090722
39 35 45 0.0 0.0 1561.0 0.0 13932.0 40.0 18157.0 0.08001828989483309
39 35 46 0.0 0.0 1546.0 0.0 12991.0 41.0 23688.0 0.08460748171874055
39 35 47 0.0 0.0 1000.0 0.0 13128.0 23.0 9227.0 0.08681632146843606
39 35 48 0.0 0.0 271.0 0.0 5972.0 14.0 453.0 0.17000607164541587
39 35 49 0.0 0.0 33.0 0.0 1102.0 4.0 8.0 0.44714148834238254
39 35 50 0.0 0.0 1.0 0.0 23.0 2.0 0.0 0.6923837784371908
39 36 30 0.0 0.0 5.0 0.0 127.0 3.0 0.0 0.6578947368421051
39 36 31 0.0 0.0 193.0 0.0 4122.0 12.0 145.0 0.2220459952418715
39 36 32 0.0 0.0 749.0 0.0 11941.0 28.0 5198.0 0.09532888465204957
39 36 33 0.0 0.0 1274.0 0.0 13718.0 32.0 13964.0 0.08239656288623387
39 36 34 0.0 0.0 2225.0 0.0 13745.0 63.0 29421.0 0.07784697508896796
39 36 35 0.0 0.0 3675.0 0.0 10285.0 77.0 67469.0 0.08776328986960882
39 36 36 0.0 0.0 4560.0 0.0 8581.0 70.0 90589.0 0.09233001384950207
39 36 37 0.0 0.0 5476.0 0.0 8936.0 79.0 92827.0 0.08519442585042292
39 36 38 0.0 0.0 5890.0 0.0 7708.0 78.0 107829.0 0.08974358974358973
39 36 39 0.0 0.0 6609.0 0.0 7499.0 91.0 111673.0 0.08695652173913042
39 36 40 0.0 1.0 6009.0 1.0 6170.0 59.0 124612.0 0.09872364431281291
39 36 41 0.0 0.0 6102.0 0.0 7320.0 78.0 110635.0 0.0909208988180283
39 36 42 0.0 0.0 5537.0 0.0 8470.0 76.0 97076.0 0.08748906386701662
39 36 43 0.0 0.0 4728.0 0.0 11054.0 76.0 70112.0 0.07870474477175624
39 36 44 0.0 0.0 3698.0 0.0 10617.0 69.0 65906.0 0.08585270129392285
39 36 45 0.0 0.0 3172.0 1.0 10683.0 64.0 60487.0 0.08817231389343745
39 36 46 0.0 0.0 1984.0 0.0 13135.0 39.0 28831.0 0.08169934640522875
39 36 47 0.0 0.0 1124.0 0.0 13387.0 36.0 10507.0 0.08480222908716456
39 36 48 0.0 0.0 458.0 0.0 9184.0 25.0 1679.0 0.1204301075268817
39 36 49 0.0 0.0 19.0 0.0 571.0 5.0 3.0 0.5413766434648105
39 36 50 0.0 0.0 0.0 0.0 36.0 0.0 0.0 0.6876227897838899
39 37 29 0.0 0.0 2.0 0.0 17.0 0.0 0.0 0.6937561942517343
39 37 30 0.0 0.0 1.0 0.0 135.0 1.0 0.0 0.6560449859418931
39 37 31 0.0 0.0 369.0 0.0 7401.0 23.0 819.0 0.1436781609195402
39 37 32 0.0 0.0 697.0 0.0 11683.0 20.0 5360.0 0.09736421169761457
39 37 33 0.0 0.0 1631.0 0.0 14033.0 37.0 19466.0 0.07924827351975545
39 37 34 0.0 0.0 3008.0 0.0 12471.0 71.0 45738.0 0.08017409231474057
39 37 35 0.0 0.0 4530.0 0.0 8836.0 95.0 88061.0 0.09122898475172683
39 37 36 0.0 0.0 5497.0 0.0 7037.0 79.0 112490.0 0.09623977452395681
39 37 37 0.0 0.0 6159.0 0.0 5532.0 74.0 130668.0 0.10229431535876077
39 37 38 0.0 0.0 6896.0 1.0 4996.0 66.0 139778.0 0.10075566750629722
39 37 39 0.0 0.0 7708.0 0.0 4628.0 56.0 145118.0 0.09771759614713477
39 37 40 0.0 2.0 6021.0 3.0 3342.0 52.0 155748.0 0.12326113752421199
39 37 41 0.0 2.0 5938.0 2.0 3709.0 53.0 151773.0 0.12002743484224963
39 37 42 0.0 1.0 7236.0 3.0 6234.0 78.0 127664.0 0.09048603929679419
39 37 43 0.0 2.0 5326.0 4.0 6164.0 79.0 120325.0 0.10372675409350225
39 37 44 0.0 0.0 4902.0 0.0 9111.0 77.0 87576.0 0.087379852702534
39 37 45 0.0 0.0 3559.0 0.0 11506.0 59.0 57341.0 0.08195281859158227
39 37 46 0.0 0.0 2446.0 0.0 12531.0 51.0 38032.0 0.0824985268120212
39 37 47 0.0 0.0 1392.0 0.0 13257.0 51.0 18184.0 0.08416496332812311
39 37 48 0.0 0.0 323.0 0.0 7427.0 16.0 846.0 0.14372241043014064
39 37 49 0.0 0.0 75.0 0.0 2103.0 13.0 24.0 0.33621517771373677
39 37 50 0.0 0.0 6.0 0.0 159.0 2.0 0.0 0.6472491909385112
39 38 29 0.0 0.0 0.0 0.0 1.0 0.0 0.0 0.6996501749125437
39 38 30 0.0 0.0 89.0 0.0 2077.0 14.0 25.0 0.33710570671803514
39 38 31 0.0 0.0 174.0 0.0 4505.0 18.0 237.0 0.21017865185407594
39 38 32 0.0 0.0 803.0 0.0 12405.0 25.0 5892.0 0.09214163485586414
39 38 33 0.0 0.0 2226.0 0.0 12693.0 54.0 33767.0 0.08263974971961513
39 38 34 0.0 0.0 3251.0 0.0 13103.0 70.0 44496.0 0.07627765064836002
39 38 35 0.0 0.0 4775.0 0.0 8041.0 79.0 97689.0 0.09440323668240053
39 38 36 0.0 0.0 6131.0 0.0 6189.0 66.0 124789.0 0.09765624999999999
39 38 37 0.0 0.0 6650.0 1.0 4295.0 62.0 146722.0 0.10820001545714505
39 38 38 0.0 4.0 6891.0 6.0 3113.0 50.0 159750.0 0.11650162270117333
39 38 39 1.0 8.0 7638.0 2.0 2763.0 34.0 165199.0 0.11255828911400545
39 38 40 0.0 8.0 5845.0 10.0 2083.0 26.0 172244.0 0.14085924137237146
39 38 41 0.0 11.0 7841.0 6.0 3249.0 38.0 160293.0 0.10670731707317072
39 38 42 1.0 14.0 6696.0 6.0 3571.0 42.0 155653.0 0.11382113821138211
39 38 43 0.0 4.0 7063.0 4.0 6169.0 67.0 128001.0 0.09191176470588233
39 38 44 0.0 1.0 5439.0 2.0 6974.0 93.0 111365.0 0.09725599166377213
39 38 45 0.0 0.0 3966.0 1.0 12388.0 76.0 55283.0 0.0762984358820644
39 38 46 0.0 0.0 2790.0 0.0 12046.0 62.0 45155.0 0.08313045543613799
39 38 47 0.0 0.0 1559.0 0.0 13385.0 39.0 21409.0 0.08255690529543577
39 38 48 0.0 0.0 767.0 0.0 12241.0 30.0 5654.0 0.09330845107971207
39 38 49 0.0 0.0 112.0 0.0 2519.0 16.0 40.0 0.3032928942807625
39 38 50 0.0 0.0 0.0 0.0 48.0 0.0 0.0 0.6835937499999999
39 39 29 0.0 0.0 0.0 0.0 5.0 0.0 0.0 0.6982543640897755
39 39 30 0.0 0.0 1.0 0.0 95.0 0.0 0.0 0.6682577565632457
39 39 31 0.0 0.0 202.0 0.0 4871.0 25.0 286.0 0.19852524106636413
39 39 32 0.0 0.0 743.0 0.0 11832.0 26.0 3792.0 0.09614724263443444
39 39 33 0.0 0.0 1957.0 0.0 13724.0 55.0 25501.0 0.07915418103691976
39 39 34 0.0 0.0 3532.0 0.0 11863.0 59.0 53705.0 0.08044590013216112
39 39 35 0.0 0.0 5285.0 0.0 8069.0 66.0 101610.0 0.0910924588457284
39 39 36 0.0 0.0 6040.0 1.0 5383.0 74.0 133571.0 0.10419767788032153
39 39 37 0.0 6.0 7229.0 2.0 4038.0 55.0 151523.0 0.1054772847133278
39 39 38 0.0 5.0 6598.0 5.0 2327.0 32.0 168940.0 0.12798244812140047
39 39 39 0.0 14.0 5618.0 8.0 1531.0 18.0 178190.0 0.15217391304347822
39 39 40 0.0 19.0 5797.0 8.0 1456.0 27.0 179422.0 0.1509433962264151
39 39 41 0.0 27.0 5254.0 15.0 1479.0 25.0 178625.0 0.15954415954415954
39 39 42 0.0 26.0 7343.0 19.0 3023.0 38.0 162484.0 0.112748651042925
39 39 43 0.0 13.0 7331.0 15.0 5114.0 72.0 139143.0 0.09669176048069618
39 39 44 0.0 3.0 6331.0 2.0 7690.0 73.0 108139.0 0.08718395815170008
39 39 45 0.0 0.0 4555.0 0.0 10709.0 70.0 72308.0 0.08103727714748783
39 39 46 0.0 0.0 2736.0 0.0 12999.0 72.0 39614.0 0.07893994925288976
39 39 47 0.0 0.0 1463.0 0.0 13333.0 41.0 20000.0 0.08337303477846593
39 39 48 0.0 0.0 548.0 0.0 10748.0 13.0 3674.0 0.10529482551143199
39 39 49 0.0 0.0 284.0 0.0 5951.0 22.0 374.0 0.1703577512776831
39 39 50 0.0 0.0 8.0 0.0 126.0 2.0 0.0 0.6569685593618019
39 39 51 0.0 0.0 0.0 0.0 2.0 0.0 0.0 0.6993006993006992
39 40 30 0.0 0.0 8.0 0.0 151.0 4.0 0.0 0.649953574744661
39 40 31 0.0 0.0 114.0 0.0 2819.0 12.0 55.0 0.28449502133712656
39 40 32 0.0 0.0 852.0 0.0 12640.0 32.0 5982.0 0.09046265184802273
39 40 33 0.0 0.0 1731.0 0.0 13935.0 52.0 20417.0 0.0792796874115182
39 40 34 0.0 0.0 3607.0 0.0 10713.0 67.0 63370.0 0.08577905765578088
39 40 35 0.0 0.0 5421.0 0.0 9130.0 62.0 91955.0 0.08451044307618012
39 40 36 0.0 0.0 6471.0 0.0 5704.0 54.0 130286.0 0.09840444225767904
39 40 37 0.0 1.0 6722.0 2.0 3711.0 57.0 154381.0 0.11281224818694599
39 40 38 0.0 13.0 6644.0 12.0 2385.0 29.0 169540.0 0.12653651482284886
39 40 39 1.0 20.0 5495.0 7.0 1509.0 26.0 179116.0 0.15515903801396427
39 40 40 1.0 35.0 4563.0 9.0 1048.0 19.0 184020.0 0.18303046149823501
39 40 41 0.0 62.0 6288.0 27.0 1599.0 37.0 177648.0 0.14053402931138326
39 40 42 0.0 61.0 8487.0 44.0 3075.0 48.0 161253.0 0.10239157463614422
39 40 43 0.0 31.0 6585.0 29.0 3973.0 51.0 150554.0 0.1110494169905608
39 40 44 0.0 4.0 5871.0 7.0 6277.0 69.0 121818.0 0.09888402316711399
39 40 45 0.0 0.0 4682.0 0.0 10354.0 76.0 75622.0 0.08214034264257215
39 40 46 0.0 0.0 2844.0 0.0 11612.0 69.0 48842.0 0.08513225904530251
39 40 47 0.0 0.0 1885.0 0.0 13015.0 44.0 26939.0 0.08279614406529066
39 40 48 0.0 0.0 747.0 0.0 11946.0 21.0 5132.0 0.09528995371630818
39 40 49 0.0 0.0 160.0 0.0 3365.0 25.0 106.0 0.254591743953446
39 40 50 0.0 0.0 119.0 0.0 2604.0 12.0 31.0 0.2971768202080237
39 40 51 0.0 0.0 0.0 0.0 1.0 0.0 0.0 0.6996501749125437
39 41 29 0.0 0.0 0.0 0.0 3.0 0.0 0.0 0.6993006993006992
39 41 30 0.0 0.0 28.0 0.0 630.0 4.0 1.0 0.5277044854881267
39 41 31 0.0 0.0 346.0 0.0 7043.0 21.0 671.0 0.14933333333333332
39 41 32 0.0 0.0 611.0 0.0 11027.0 31.0 3412.0 0.1027824682475589
39 41 33 0.0 0.0 1765.0 0.0 13235.0 48.0 25293.0 0.08237232289950576
39 41 34 0.0 0.0 3182.0 0.0 12697.0 56.0 45043.0 0.07826913400793872
39 41 35 0.0 0.0 4913.0 0.0 9410.0 94.0 85588.0 0.08578431372549018
39 41 36 0.0 0.0 6318.0 0.0 6905.0 74.0 116745.0 0.09193590753874441
39 41 37 0.0 4.0 7211.0 6.0 4909.0 44.0 140802.0 0.09893293760158292
39 41 38 0.0 12.0 8932.0 3.0 3755.0 53.0 154135.0 0.09523809523809523
39 41 39 0.0 41.0 6336.0 23.0 1954.0 31.0 173769.0 0.1349007515899017
39 41 40 0.0 57.0 5256.0 23.0 1368.0 21.0 179795.0 0.16080863772111184
39 41 41 1.0 59.0 6054.0 28.0 1805.0 33.0 174894.0 0.1406893779519646
39 41 42 0.0 79.0 6795.0 49.0 2751.0 42.0 164696.0 0.12000685753471625
39 41 43 0.0 31.0 5851.0 26.0 3715.0 52.0 151874.0 0.12068965517241377
39 41 44 0.0 12.0 6539.0 18.0 7393.0 80.0 111565.0 0.08781834148789361
39 41 45 0.0 0.0 4404.0 0.0 11036.0 77.0 68153.0 0.08024762123122778
39 41 46 0.0 0.0 2762.0 0.0 12354.0 54.0 44418.0 0.08180437069066261
39 41 47 0.0 0.0 1318.0 0.0 13581.0 36.0 15905.0 0.08286475288546906
39 41 48 0.0 0.0 687.0 0.0 11532.0 29.0 4002.0 0.09853603603603601
39 41 49 0.0 0.0 465.0 0.0 9548.0 21.0 1963.0 0.11664722546242293
39 41 50 0.0 0.0 1.0 0.0 87.0 0.0 0.0 0.6704980842911876
39 41 51 0.0 0.0 0.0 0.0 1.0 0.0 0.0 0.6996501749125437
39 42 30 0.0 0.0 23.0 0.0 531.0 2.0 1.0 0.5485893416927898
39 42 31 0.0 0.0 503.0 0.0 9792.0 38.0 2505.0 0.11411803064884249
39 42 32 0.0 0.0 626.0 0.0 10790.0 24.0 2881.0 0.10436857015058894
39 42 33 0.0 0.0 1912.0 0.0 12891.0 47.0 28951.0 0.08333333333333333
39 42 34 0.0 0.0 2706.0 0.0 12379.0 52.0 42977.0 0.08192404470712153
39 42 35 0.0 0.0 4116.0 0.0 9488.0 65.0 78718.0 0.08969184444871547
39 42 36 0.0 0.0 5817.0 0.0 8057.0 67.0 102590.0 0.0881112719491472
39 42 37 0.0 0.0 5557.0 0.0 4737.0 58.0 139193.0 0.11386742578283854
39 42 38 0.0 12.0 8107.0 10.0 4678.0 50.0 145055.0 0.09457542390056069
39 42 39 0.0 45.0 8340.0 29.0 3532.0 42.0 156239.0 0.10035122930255895
39 42 40 0.0 61.0 6738.0 26.0 2530.0 38.0 166132.0 0.12308774397749252
39 42 41 0.0 94.0 6143.0 62.0 2570.0 48.0 166339.0 0.12887784221669887
39 42 42 0.0 86.0 7887.0 72.0 4394.0 57.0 146953.0 0.096973055343908
39 42 43 0.0 17.0 6027.0 23.0 4685.0 54.0 140399.0 0.1097092704333516
39 42 44 0.0 3.0 5586.0 4.0 6853.0 79.0 114214.0 0.09702682098551527
39 42 45 0.0 0.0 4253.0 0.0 11775.0 66.0 62331.0 0.07760532150776052
39 42 46 0.0 0.0 2635.0 0.0 12497.0 61.0 41055.0 0.08168981211343213
39 42 47 0.0 0.0 1309.0 0.0 13751.0 34.0 15214.0 0.08201042704000937
39 42 48 0.0 0.0 534.0 0.0 9908.0 23.0 2227.0 0.11269419624889318
39 42 49 0.0 0.0 194.0 0.0 4478.0 18.0 183.0 0.21039975954313192
39 42 50 0.0 0.0 0.0 0.0 52.0 0.0 0.0 0.6822612085769979
39 42 51 0.0 0.0 0.0 0.0 3.0 0.0 0.0 0.6989515726410384
39 43 29 0.0 0.0 1.0 0.0 31.0 0.0 0.0 0.6889763779527558
39 43 30 0.0 0.0 33.0 0.0 620.0 9.0 0.0 0.5295007564296519
39 43 31 0.0 0.0 232.0 0.0 5188.0 24.0 309.0 0.18918918918918917
39 43 32 0.0 0.0 828.0 0.0 12367.0 32.0 7113.0 0.09220839096357768
39 43 33 0.0 0.0 1869.0 0.0 12784.0 47.0 28884.0 0.08406388855530202
39 43 34 0.0 0.0 1982.0 0.0 14182.0 51.0 24647.0 0.07710100231303006
39 43 35 0.0 0.0 3326.0 0.0 12897.0 57.0 46981.0 0.0767796424262367
39 43 36 0.0 0.0 4995.0 0.0 10293.0 71.0 78126.0 0.08095761290695656
39 43 37 0.0 0.0 4937.0 0.0 5702.0 63.0 125109.0 0.11066318868073668
39 43 38 0.0 2.0 6558.0 4.0 6057.0 61.0 127511.0 0.0955892393827666
39 43 39 0.0 11.0 6527.0 16.0 4591.0 52.0 142238.0 0.10643959552953698
39 43 40 0.0 22.0 8143.0 23.0 5445.0 60.0 137105.0 0.08945115328094051
39 43 41 0.0 27.0 6958.0 34.0 4886.0 55.0 140327.0 0.10058193835764064
39 43 42 0.0 13.0 6892.0 17.0 6201.0 63.0 126305.0 0.09251916468411313
39 43 43 0.0 8.0 5965.0 16.0 6880.0 72.0 114923.0 0.09407969894496337
39 43 44 0.0 2.0 5205.0 6.0 8904.0 69.0 91897.0 0.0867894116917736
39 43 45 0.0 0.0 3809.0 0.0 11175.0 62.0 61890.0 0.08232872684504557
39 43 46 0.0 0.0 1979.0 0.0 12809.0 35.0 30214.0 0.08336807002917881
39 43 47 0.0 0.0 1161.0 0.0 13750.0 28.0 10819.0 0.08275699001004906
39 43 48 0.0 0.0 626.0 0.0 11072.0 28.0 3753.0 0.10227936879018117
39 43 49 0.0 0.0 63.0 0.0 1830.0 15.0 24.0 0.36101083032490966
39 43 50 0.0 0.0 0.0 0.0 23.0 0.0 0.0 0.6920415224913494
39 43 51 0.0 0.0 0.0 0.0 1.0 0.0 0.0 0.6996501749125437
39 44 29 0.0 0.0 0.0 0.0 1.0 0.0 0.0 0.6996501749125437
39 44 30 0.0 0.0 21.0 0.0 429.0 4.0 3.0 0.5725971370143148
39 44 31 0.0 0.0 122.0 0.0 2889.0 15.0 43.0 0.28016810086051624
39 44 32 0.0 0.0 562.0 0.0 10515.0 23.0 3035.0 0.10714832389407622
39 44 33 0.0 0.0 1275.0 0.0 13625.0 51.0 14541.0 0.08294821661334281
39 44 34 0.0 0.0 1798.0 0.0 13930.0 45.0 22163.0 0.07900677200902934
39 44 35 0.0 0.0 2941.0 0.0 9988.0 67.0 63568.0 0.09369562307589345
39 44 36 0.0 0.0 3739.0 0.0 11175.0 78.0 61170.0 0.08278145695364238
39 44 37 0.0 0.0 4641.0 1.0 8854.0 68.0 89324.0 0.09021199819576002
39 44 38 0.0 2.0 5446.0 3.0 8431.0 89.0 97784.0 0.08816120906801006
39 44 39 0.0 0.0 5885.0 0.0 7912.0 69.0 104617.0 0.08855715098994243
39 44 40 0.0 1.0 5795.0 6.0 7684.0 81.0 105592.0 0.09042759333419453
39 44 41 0.0 5.0 5987.0 8.0 8266.0 92.0 101497.0 0.08616975441619991
39 44 42 0.0 1.0 5481.0 3.0 8607.0 64.0 96151.0 0.08688097306689835
39 44 43 0.0 1.0 4807.0 2.0 8847.0 77.0 90481.0 0.08948545861297538
39 44 44 0.0 1.0 3993.0 2.0 11044.0 92.0 64616.0 0.08224167303060564
39 44 45 0.0 0.0 2841.0 0.0 13101.0 69.0 39582.0 0.07801616049038729
39 44 46 0.0 0.0 1877.0 0.0 13316.0 49.0 26336.0 0.08148536173680228
39 44 47 0.0 0.0 866.0 0.0 12581.0 25.0 5920.0 0.09065009065009064
39 44 48 0.0 0.0 358.0 0.0 7601.0 24.0 885.0 0.1408450704225352
39 44 49 0.0 0.0 10.0 0.0 438.0 4.0 0.0 0.5730659025787964
39 44 50 0.0 0.0 2.0 0.0 29.0 0.0 0.0 0.6893156080748399
39 45 30 0.0 0.0 7.0 0.0 105.0 1.0 0.0 0.6631927996210326
39 45 31 0.0 0.0 10.0 0.0 477.0 2.0 1.0 0.5638340716874747
39 45 32 0.0 0.0 442.0 0.0 9007.0 25.0 1571.0 0.12246326102169348
39 45 33 0.0 0.0 891.0 0.0 12831.0 27.0 6293.0 0.08903586873569065
39 45 34 0.0 0.0 1643.0 0.0 13281.0 51.0 22175.0 0.08273253752511522
39 45 35 0.0 0.0 1921.0 0.0 12851.0 51.0 29612.0 0.0835222527144732
39 45 36 0.0 0.0 2432.0 0.0 12761.0 53.0 36090.0 0.08140954817700762
39 45 37 0.0 0.0 3026.0 0.0 12322.0 61.0 46461.0 0.08061729816883566
39 45 38 0.0 0.0 3639.0 0.0 11636.0 66.0 57658.0 0.08093421204763555
39 45 39 0.0 0.0 4025.0 0.0 11297.0 78.0 62924.0 0.08089212457387183
39 45 40 0.0 1.0 4070.0 1.0 10914.0 90.0 66207.0 0.0824742268041237
39 45 41 0.0 0.0 3931.0 0.0 10785.0 75.0 66389.0 0.08378216636744464
39 45 42 0.0 0.0 3771.0 0.0 11205.0 72.0 62240.0 0.08239171374764594
39 45 43 0.0 0.0 3166.0 0.0 12307.0 68.0 48252.0 0.08010528122675516
39 45 44 0.0 0.0 2737.0 0.0 11840.0 65.0 46571.0 0.084433990712261
39 45 45 0.0 0.0 1842.0 0.0 13958.0 41.0 22161.0 0.07865610427552108
39 45 46 0.0 0.0 1141.0 0.0 13530.0 37.0 10668.0 0.084008400840084
39 45 47 0.0 0.0 846.0 0.0 12385.0 31.0 5585.0 0.09196006305832895
39 45 48 0.0 0.0 128.0 0.0 3301.0 18.0 66.0 0.2586844050258684
39 45 49 0.0 0.0 0.0 0.0 135.0 0.0 0.0 0.6560449859418931
39 45 50 0.0 0.0 0.0 0.0 7.0 0.0 0.0 0.6975585450921773
39 46 30 0.0 0.0 0.0 0.0 19.0 0.0 0.0 0.6934125804853887
39 46 31 0.0 0.0 39.0 0.0 1022.0 5.0 4.0 0.45811518324607325
39 46 32 0.0 0.0 191.0 0.0 3926.0 25.0 115.0 0.22973416475221525
39 46 33 0.0 0.0 615.0 0.0 11049.0 26.0 3369.0 0.10257913247362249
39 46 34 0.0 0.0 800.0 0.0 12232.0 44.0 5807.0 0.09328979809422269
39 46 35 0.0 0.0 878.0 0.0 12679.0 24.0 6719.0 0.09000900090009
39 46 36 0.0 0.0 1149.0 0.0 13253.0 39.0 12707.0 0.08539709649871903
39 46 37 0.0 0.0 1559.0 0.0 13833.0 43.0 18646.0 0.08052455999079719
39 46 38 0.0 0.0 2240.0 0.0 12751.0 57.0 34018.0 0.0823868651797799
39 46 39 0.0 0.0 2176.0 0.0 13502.0 64.0 30384.0 0.07926622126599478
39 46 40 0.0 0.0 2385.0 0.0 13004.0 44.0 35445.0 0.08047827086686593
39 46 41 0.0 0.0 2217.0 0.0 13962.0 47.0 28369.0 0.07704584227615431
39 46 42 0.0 0.0 2525.0 0.0 11582.0 79.0 44941.0 0.08699975142928162
39 46 43 0.0 0.0 1782.0 0.0 13358.0 44.0 24853.0 0.08177092459552596
39 46 44 0.0 0.0 1422.0 0.0 13477.0 26.0 18099.0 0.08277166844034527
39 46 45 0.0 0.0 1168.0 0.0 13553.0 37.0 11510.0 0.08372204281784475
39 46 46 0.0 0.0 851.0 0.0 12691.0 34.0 6520.0 0.09017132551848511
39 46 47 0.0 0.0 1117.0 0.0 13018.0 39.0 12325.0 0.08675714197186588
39 46 48 0.0 0.0 277.0 0.0 6306.0 14.0 434.0 0.16326530612244894
39 46 49 0.0 0.0 1.0 0.0 154.0 1.0 0.0 0.649953574744661
39 46 50 0.0 0.0 0.0 0.0 3.0 0.0 0.0 0.6989515726410384
39 47 31 0.0 0.0 0.0 0.0 35.0 0.0 0.0 0.6879606879606879
39 47 32 0.0 0.0 333.0 0.0 6473.0 23.0 473.0 0.15927189988623433
39 47 33 0.0 0.0 138.0 0.0 3229.0 12.0 89.0 0.2615355875210162
39 47 34 0.0 0.0 270.0 0.0 6081.0 19.0 463.0 0.16792611251049536
39 47 35 0.0 0.0 513.0 0.0 9908.0 26.0 2218.0 0.1128850185453959
39 47 36 0.0 0.0 974.0 0.0 12768.0 29.0 10081.0 0.08891146957957576
39 47 37 0.0 0.0 1666.0 0.0 12278.0 56.0 28523.0 0.08787346221441124
39 47 38 0.0 0.0 1311.0 0.0 13574.0 38.0 15133.0 0.08292365100989159
39 47 39 0.0 0.0 997.0 0.0 13424.0 27.0 9072.0 0.08528265107212475
39 47 40 0.0 0.0 1011.0 0.0 12945.0 25.0 9508.0 0.08780181875195985
39 47 41 0.0 0.0 925.0 0.0 12977.0 31.0 6620.0 0.0881112719491472
39 47 42 0.0 0.0 963.0 0.0 13082.0 23.0 9229.0 0.08723828514456629
39 47 43 0.0 0.0 808.0 0.0 12479.0 32.0 7542.0 0.0916590284142988
39 47 44 0.0 0.0 989.0 0.0 13114.0 36.0 7989.0 0.0869619231008137
39 47 45 0.0 0.0 715.0 0.0 11909.0 24.0 5339.0 0.09581166164796057
39 47 46 0.0 0.0 280.0 0.0 5978.0 21.0 406.0 0.1699029126213592
39 47 47 0.0 0.0 476.0 0.0 9379.0 25.0 2117.0 0.11821329055138054
39 47 48 0.0 0.0 258.0 0.0 5480.0 13.0 338.0 0.18113598136887044
39 47 49 0.0 0.0 48.0 0.0 861.0 17.0 4.0 0.4840940525587828
39 48 31 0.0 0.0 0.0 0.0 9.0 0.0 0.0 0.6968641114982577
39 48 32 0.0 0.0 0.0 0.0 48.0 0.0 0.0 0.6835937499999999
39 48 33 0.0 0.0 120.0 0.0 2274.0 21.0 28.0 0.32021957913998167
39 48 34 0.0 0.0 22.0 0.0 663.0 7.0 2.0 0.5227781926811051
39 48 35 0.0 0.0 284.0 0.0 6635.0 18.0 612.0 0.1572327044025157
39 48 36 0.0 0.0 594.0 0.0 10822.0 27.0 3500.0 0.1044698156853966
39 48 37 0.0 0.0 1237.0 0.0 12985.0 41.0 16040.0 0.08632916075723006
39 48 38 0.0 0.0 1157.0 0.0 13289.0 35.0 11777.0 0.08512190673071075
39 48 39 0.0 0.0 655.0 0.0 11511.0 30.0 3623.0 0.09893992932862189
39 48 40 0.0 0.0 467.0 0.0 8739.0 36.0 1308.0 0.1252684323550465
39 48 41 0.0 0.0 402.0 0.0 8339.0 19.0 1223.0 0.13052396046988624
39 48 42 0.0 0.0 655.0 0.0 11290.0 21.0 3952.0 0.10045924225028702
39 48 43 0.0 0.0 673.0 0.0 11366.0 27.0 4123.0 0.09983598374099692
39 48 44 0.0 0.0 262.0 0.0 6094.0 15.0 431.0 0.16776512881965247
39 48 45 0.0 0.0 430.0 0.0 8510.0 33.0 1271.0 0.12826385707741636
39 48 46 0.0 0.0 183.0 0.0 3920.0 14.0 100.0 0.22988505747126434
39 48 47 0.0 0.0 8.0 0.0 348.0 0.0 0.0 0.5942275042444821
39 48 48 0.0 0.0 74.0 0.0 1806.0 13.0 15.0 0.3622250970245795
39 48 49 0.0 0.0 0.0 0.0 29.0 0.0 0.0 0.6899950714637751
39 49 32 0.0 0.0 1.0 0.0 1.0 0.0 0.0 0.6993006993006992
39 49 34 0.0 0.0 1.0 0.0 31.0 0.0 0.0 0.6889763779527558
39 49 35 0.0 0.0 172.0 0.0 3545.0 23.0 108.0 0.2458296751536435
39 49 36 0.0 0.0 607.0 0.0 10815.0 29.0 3290.0 0.10444643390032825
39 49 37 0.0 0.0 211.0 0.0 5261.0 23.0 312.0 0.18789424238357263
39 49 38 0.0 0.0 416.0 0.0 8296.0 20.0 1293.0 0.13078000934142922
39 49 39 0.0 0.0 189.0 0.0 4002.0 21.0 127.0 0.22694115739990273
39 49 40 0.0 0.0 16.0 0.0 645.0 5.0 1.0 0.527306967984934
39 49 41 0.0 0.0 16.0 0.0 502.0 6.0 2.0 0.5575467941059339
39 49 42 0.0 0.0 35.0 0.0 1002.0 11.0 3.0 0.46280991735537186
39 49 43 0.0 0.0 56.0 0.0 1366.0 8.0 9.0 0.40983606557377045
39 49 44 0.0 0.0 107.0 0.0 2452.0 7.0 38.0 0.30748956731825167
39 49 45 0.0 0.0 0.0 0.0 48.0 0.0 0.0 0.6835937499999999
39 49 46 0.0 0.0 5.0 0.0 77.0 1.0 0.0 0.6727534839019701
39 49 47 0.0 0.0 0.0 0.0 4.0 0.0 0.0 0.6986027944111775
39 49 48 0.0 0.0 0.0 0.0 1.0 0.0 0.0 0.6996501749125437
39 50 34 0.0 0.0 0.0 0.0 8.0 0.0 0.0 0.697211155378486
39 50 35 0.0 0.0 11.0 0.0 301.0 5.0 0.0 0.6068487212830515
39 50 36 0.0 0.0 3.0 0.0 202.0 1.0 0.0 0.6352087114337567
39 50 37 0.0 0.0 31.0 0.0 1030.0 3.0 10.0 0.4578155657292347
39 50 38 0.0 0.0 129.0 0.0 2911.0 14.0 58.0 0.27849612094688675
39 50 39 0.0 0.0 3.0 0.0 183.0 3.0 0.0 0.6413192853870818
39 50 40 0.0 0.0 31.0 0.0 438.0 5.0 2.0 0.5681818181818181
39 50 41 0.0 0.0 0.0 0.0 6.0 0.0 0.0 0.6979062811565303
39 50 42 0.0 0.0 0.0 0.0 6.0 0.0 0.0 0.6979062811565303
39 50 43 0.0 0.0 0.0 0.0 8.0 0.0 0.0 0.6975585450921773
39 50 44 0.0 0.0 0.0 0.0 4.0 0.0 0.0 0.6986027944111775
39 50 45 0.0 0.0 0.0 0.0 1.0 0.0 0.0 0.6996501749125437
39 51 35 0.0 0.0 0.0 0.0 4.0 0.0 0.0 0.6986027944111775
39 51 36 0.0 0.0 0.0 0.0 5.0 0.0 0.0 0.6982543640897755
39 51 37 0.0 0.0 1.0 0.0 13.0 1.0 0.0 0.695479384003974
39 51 38 0.0 0.0 0.0 0.0 4.0 0.0 0.0 0.6986027944111775
39 51 39 0.0 0.0 0.0 0.0 6.0 0.0 0.0 0.6979062811565303
40 29 40 0.0 0.0 0.0 0.0 7.0 0.0 0.0 0.6975585450921773
40 29 41 0.0 0.0 0.0 0.0 4.0 0.0 0.0 0.6986027944111775
40 29 42 0.0 0.0 0.0 0.0 1.0 0.0 0.0 0.6996501749125437
40 30 35 0.0 0.0 0.0 0.0 1.0 0.0 0.0 0.6996501749125437
40 30 36 0.0 0.0 1.0 0.0 24.0 1.0 0.0 0.6916996047430829
40 30 37 0.0 0.0 5.0 0.0 75.0 1.0 1.0 0.6734006734006733
40 30 38 0.0 0.0 43.0 0.0 1039.0 8.0 6.0 0.4554326610279765
40 30 39 0.0 0.0 5.0 0.0 175.0 3.0 0.0 0.6430868167202571
40 30 40 0.0 0.0 197.0 0.0 4595.0 11.0 247.0 0.20642878207018575
40 30 41 0.0 0.0 85.0 0.0 1830.0 15.0 20.0 0.3592507056710289
40 30 42 0.0 0.0 124.0 0.0 2914.0 17.0 46.0 0.27882891854212305
40 30 43 0.0 0.0 0.0 0.0 35.0 0.0 0.0 0.6879606879606879
40 30 44 0.0 0.0 0.0 0.0 1.0 0.0 0.0 0.6996501749125437
40 30 45 0.0 0.0 0.0 0.0 1.0 0.0 0.0 0.6996501749125437
40 31 32 0.0 0.0 0.0 0.0 3.0 0.0 0.0 0.6989515726410384
40 31 33 0.0 0.0 0.0 0.0 12.0 0.0 0.0 0.6958250497017892
40 31 34 0.0 0.0 1.0 0.0 28.0 0.0 0.0 0.6899950714637751
40 31 35 0.0 0.0 3.0 0.0 82.0 2.0 0.0 0.6721075372059528
40 31 36 0.0 0.0 46.0 0.0 1405.0 13.0 8.0 0.40721349621873176
40 31 37 0.0 0.0 184.0 0.0 4205.0 18.0 135.0 0.2197112366603892
40 31 38 0.0 0.0 221.0 0.0 5001.0 13.0 210.0 0.19417475728155337
40 31 39 0.0 0.0 573.0 0.0 10637.0 21.0 3023.0 0.10606864156375481
40 31 40 0.0 0.0 331.0 0.0 7187.0 24.0 729.0 0.1473839351510685
40 31 41 0.0 0.0 351.0 0.0 7485.0 27.0 860.0 0.14260975858205152
40 31 42 0.0 0.0 295.0 0.0 6641.0 21.0 622.0 0.1570034765055512
40 31 43 0.0 0.0 24.0 0.0 582.0 10.0 2.0 0.5397070161912104
40 31 44 0.0 0.0 13.0 0.0 337.0 1.0 0.0 0.5959982971477223
40 31 45 0.0 0.0 1.0 0.0 48.0 0.0 0.0 0.6832601268911663
40 31 46 0.0 0.0 4.0 0.0 75.0 0.0 0.0 0.6734006734006733
40 31 47 0.0 0.0 0.0 0.0 2.0 0.0 0.0 0.6993006993006992
40 31 48 0.0 0.0 0.0 0.0 1.0 0.0 0.0 0.6996501749125437
40 32 31 0.0 0.0 0.0 0.0 8.0 0.0 0.0 0.697211155378486
40 32 32 0.0 0.0 119.0 0.0 2543.0 12.0 38.0 0.3009458297506449
40 32 33 0.0 0.0 73.0 0.0 2129.0 10.0 37.0 0.33404915294679066
40 32 34 0.0 0.0 179.0 0.0 4247.0 15.0 184.0 0.21834061135371177
40 32 35 0.0 0.0 178.0 0.0 3927.0 16.0 145.0 0.22988505747126434
40 32 36 0.0 0.0 365.0 0.0 7428.0 16.0 794.0 0.14316392269148173
40 32 37 0.0 0.0 508.0 0.0 9449.0 26.0 1627.0 0.11728239926279634
40 32 38 0.0 0.0 644.0 0.0 11110.0 32.0 3338.0 0.10189970157944535
40 32 39 0.0 0.0 911.0 0.0 12679.0 28.0 9749.0 0.08974934290659656
40 32 40 0.0 0.0 1107.0 0.0 13140.0 27.0 12327.0 0.08611674970781817
40 32 41 0.0 0.0 1067.0 0.0 13062.0 45.0 12095.0 0.08688636504685657
40 32 42 0.0 0.0 660.0 0.0 11159.0 23.0 3797.0 0.1013317892298784
40 32 43 0.0 0.0 240.0 0.0 5316.0 23.0 298.0 0.18592297476759623
40 32 44 0.0 0.0 171.0 0.0 4067.0 14.0 158.0 0.22486347574686794
40 32 45 0.0 0.0 60.0 0.0 1416.0 9.0 5.0 0.4039238315060588
40 32 46 0.0 0.0 13.0 0.0 463.0 2.0 1.0 0.5658852061438965
40 32 47 0.0 0.0 8.0 0.0 120.0 3.0 0.0 0.6588235294117646
40 32 48 0.0 0.0 1.0 0.0 22.0 0.0 0.0 0.6920415224913494
40 32 49 0.0 0.0 0.0 0.0 1.0 0.0 0.0 0.6996501749125437
40 33 31 0.0 0.0 2.0 0.0 48.0 0.0 0.0 0.6829268292682925
40 33 32 0.0 0.0 174.0 0.0 4235.0 16.0 178.0 0.21892103205629398
40 33 33 0.0 0.0 651.0 0.0 11028.0 20.0 3215.0 0.10239157463614422
40 33 34 0.0 0.0 748.0 0.0 11964.0 25.0 4498.0 0.09516688192509005
40 33 35 0.0 0.0 655.0 0.0 11420.0 29.0 3795.0 0.09954493742889646
40 33 36 0.0 0.0 781.0 0.0 12225.0 24.0 5947.0 0.0933582288610296
40 33 37 0.0 0.0 1158.0 0.0 13345.0 38.0 12666.0 0.08480222908716456
40 33 38 0.0 0.0 1401.0 0.0 13525.0 44.0 17138.0 0.08277656240761544
40 33 39 0.0 0.0 1935.0 0.0 12675.0 51.0 30870.0 0.08433226914041321
40 33 40 0.0 0.0 2122.0 0.0 12986.0 46.0 31441.0 0.08180437069066261
40 33 41 0.0 0.0 1927.0 0.0 13582.0 47.0 25861.0 0.07998628806490315
40 33 42 0.0 0.0 1333.0 0.0 13731.0 36.0 14165.0 0.08200082000820007
40 33 43 0.0 0.0 770.0 0.0 12095.0 22.0 5237.0 0.09419363520150709
40 33 44 0.0 0.0 677.0 0.0 11470.0 29.0 3731.0 0.0990169035999717
40 33 45 0.0 0.0 599.0 0.0 10726.0 27.0 3048.0 0.10513667768098527
40 33 46 0.0 0.0 355.0 0.0 7540.0 19.0 932.0 0.14167172637117992
40 33 47 0.0 0.0 193.0 0.0 4504.0 24.0 178.0 0.2098006893451221
40 33 48 0.0 0.0 59.0 0.0 1347.0 12.0 7.0 0.412492634060106
40 33 49 0.0 0.0 1.0 0.0 22.0 2.0 0.0 0.6927263730826323
40 34 30 0.0 0.0 0.0 0.0 6.0 0.0 0.0 0.6979062811565303
40 34 31 0.0 0.0 42.0 0.0 857.0 7.0 5.0 0.48426150121065364
40 34 32 0.0 0.0 237.0 0.0 6087.0 8.0 462.0 0.16826923076923073
40 34 33 0.0 0.0 714.0 0.0 12023.0 24.0 4666.0 0.09505058048747368
40 34 34 0.0 0.0 1367.0 0.0 13449.0 43.0 16662.0 0.0832639467110741
40 34 35 0.0 0.0 1373.0 0.0 13971.0 29.0 14097.0 0.08070559750965584
40 34 36 0.0 0.0 2136.0 0.0 13196.0 43.0 30948.0 0.08072421149743411
40 34 37 0.0 0.0 2403.0 0.0 13509.0 51.0 32427.0 0.07816862088218872
40 34 38 0.0 0.0 2419.0 0.0 13348.0 56.0 33465.0 0.0787711697518708
40 34 39 0.0 0.0 2984.0 0.0 11268.0 57.0 52875.0 0.08602150537634408
40 34 40 0.0 0.0 3286.0 0.0 11020.0 65.0 58547.0 0.0857632933104631
40 34 41 0.0 0.0 2620.0 0.0 12755.0 68.0 39869.0 0.08059873344847437
40 34 42 0.0 0.0 2103.0 0.0 13258.0 45.0 30403.0 0.08067769261799111
40 34 43 0.0 0.0 1788.0 0.0 13651.0 45.0 23052.0 0.08021083992208089
40 34 44 0.0 0.0 1382.0 0.0 13023.0 43.0 19973.0 0.08541793776693105
40 34 45 0.0 0.0 908.0 0.0 12699.0 29.0 6816.0 0.08974934290659656
40 34 46 0.0 0.0 515.0 0.0 9915.0 26.0 2223.0 0.11278498348505597
40 34 47 0.0 0.0 740.0 0.0 11821.0 31.0 4660.0 0.09623315919714048
40 34 48 0.0 0.0 306.0 0.0 6212.0 28.0 536.0 0.16482222745467387
40 34 49 0.0 0.0 31.0 0.0 879.0 5.0 5.0 0.4819277108433734
40 34 50 0.0 0.0 0.0 0.0 32.0 0.0 0.0 0.6889763779527558
40 35 29 0.0 0.0 0.0 0.0 1.0 0.0 0.0 0.6996501749125437
40 35 30 0.0 0.0 0.0 0.0 48.0 0.0 0.0 0.6835937499999999
40 35 31 0.0 0.0 256.0 0.0 5154.0 19.0 272.0 0.18936832138509396
40 35 32 0.0 0.0 402.0 0.0 7901.0 17.0 1011.0 0.13610733035193465
40 35 33 0.0 0.0 995.0 0.0 12975.0 29.0 10907.0 0.08768084173608065
40 35 34 0.0 0.0 2187.0 0.0 12830.0 50.0 33214.0 0.08225616921269095
40 35 35 0.0 0.0 2836.0 0.0 12130.0 80.0 46195.0 0.08264462809917354
40 35 36 0.0 0.0 3615.0 0.0 11977.0 66.0 55897.0 0.07955449482895782
40 35 37 0.0 0.0 4102.0 0.0 10959.0 70.0 66914.0 0.08197681227309989
40 35 38 0.0 0.0 4467.0 0.0 9951.0 81.0 77305.0 0.08528265107212475
40 35 39 0.0 0.0 4693.0 0.0 9840.0 63.0 79945.0 0.08454106280193237
40 35 40 0.0 0.0 4709.0 1.0 9304.0 102.0 84296.0 0.08757115156064302
40 35 41 0.0 0.0 4395.0 0.0 12295.0 72.0 58598.0 0.07493042175123099
40 35 42 0.0 0.0 3510.0 0.0 11431.0 58.0 57278.0 0.08265438658637382
40 35 43 0.0 0.0 2819.0 0.0 13379.0 62.0 39288.0 0.07688927943760983
40 35 44 0.0 0.0 2715.0 0.0 11125.0 69.0 49926.0 0.0883336488106505
40 35 45 0.0 0.0 1473.0 0.0 14250.0 35.0 15566.0 0.07901569025849417
40 35 46 0.0 0.0 1282.0 0.0 13485.0 30.0 15035.0 0.08339786739739083
40 35 47 0.0 0.0 999.0 0.0 12934.0 29.0 10160.0 0.0878679470281805
40 35 48 0.0 0.0 356.0 0.0 7142.0 25.0 682.0 0.14775725593667544
40 35 49 0.0 0.0 336.0 0.0 7702.0 20.0 1036.0 0.13962301785180012
40 35 50 0.0 0.0 1.0 0.0 91.0 0.0 0.0 0.6692160611854684
40 36 30 0.0 0.0 6.0 0.0 166.0 1.0 0.0 0.64486411791801
40 36 31 0.0 0.0 278.0 0.0 5591.0 22.0 308.0 0.17832123296395358
40 36 32 0.0 0.0 971.0 0.0 13016.0 29.0 7831.0 0.08760951188986231
40 36 33 0.0 0.0 1215.0 0.0 13670.0 40.0 11242.0 0.08296787957804906
40 36 34 0.0 0.0 2606.0 0.0 12031.0 60.0 42604.0 0.08413461538461538
40 36 35 0.0 0.0 3974.0 0.0 10245.0 59.0 70982.0 0.0862493839329719
40 36 36 0.0 0.0 4682.0 0.0 7567.0 69.0 103933.0 0.09812167087188112
40 36 37 0.0 0.0 5852.0 0.0 7969.0 74.0 105776.0 0.08842849924204144
40 36 38 0.0 0.0 6545.0 0.0 7829.0 89.0 107946.0 0.08550662676357416
40 36 39 0.0 0.0 6076.0 0.0 6154.0 64.0 125481.0 0.09833532345297463
40 36 40 0.0 0.0 7096.0 0.0 7868.0 78.0 110210.0 0.0825277057297807
40 36 41 0.0 0.0 6195.0 0.0 6950.0 77.0 116316.0 0.09243364584708834
40 36 42 0.0 0.0 5951.0 0.0 9974.0 88.0 86879.0 0.07809013833110218
40 36 43 0.0 0.0 4796.0 0.0 10602.0 66.0 74163.0 0.08035816783377338
40 36 44 0.0 0.0 3791.0 1.0 10977.0 78.0 63139.0 0.08350232613622807
40 36 45 0.0 0.0 2583.0 0.0 12311.0 68.0 41914.0 0.0829138288421676
40 36 46 0.0 0.0 1778.0 0.0 13738.0 39.0 22910.0 0.07991323705690963
40 36 47 0.0 0.0 1009.0 0.0 13229.0 29.0 9736.0 0.08616975441619991
40 36 48 0.0 0.0 739.0 0.0 12031.0 36.0 4871.0 0.09494100094941
40 36 49 0.0 0.0 216.0 0.0 4425.0 17.0 184.0 0.21132075471698109
40 36 50 0.0 0.0 0.0 0.0 35.0 0.0 0.0 0.6879606879606879
40 37 29 0.0 0.0 0.0 0.0 7.0 0.0 0.0 0.6975585450921773
40 37 30 0.0 0.0 39.0 0.0 1086.0 3.0 7.0 0.4485741749439281
40 37 31 0.0 0.0 468.0 0.0 9101.0 13.0 1737.0 0.12097122612978484
40 37 32 0.0 0.0 1015.0 0.0 13049.0 29.0 9511.0 0.08715139442231075
40 37 33 0.0 0.0 1978.0 0.0 12541.0 49.0 31882.0 0.08472012102874431
40 37 34 0.0 0.0 3251.0 0.0 11483.0 73.0 54215.0 0.08367200573750895
40 37 35 0.0 0.0 4863.0 0.0 10365.0 81.0 77729.0 0.08123476848090982
40 37 36 0.0 0.0 5194.0 0.0 5993.0 75.0 123006.0 0.10614101592115238
40 37 37 0.0 2.0 7637.0 1.0 6299.0 68.0 126444.0 0.08787346221441124
40 37 38 0.0 0.0 7032.0 0.0 4561.0 58.0 144785.0 0.10301692420897718
40 37 39 0.0 1.0 7212.0 0.0 3902.0 46.0 151840.0 0.10662604722010662
40 37 40 0.0 1.0 7464.0 2.0 4068.0 57.0 150094.0 0.10342789598108747
40 37 41 0.0 9.0 8072.0 5.0 4911.0 52.0 140878.0 0.09314703925482366
40 37 42 0.0 2.0 7102.0 1.0 5685.0 57.0 132367.0 0.09453072248480755
40 37 43 0.0 0.0 5968.0 0.0 6716.0 51.0 116461.0 0.09516041326808046
40 37 44 0.0 1.0 5238.0 5.0 10351.0 65.0 79589.0 0.0795138297268132
40 37 45 0.0 0.0 3610.0 0.0 10545.0 90.0 66689.0 0.0866658412777021
40 37 46 0.0 0.0 2477.0 0.0 12640.0 63.0 38643.0 0.08183784415736246
40 37 47 0.0 0.0 1139.0 0.0 13440.0 35.0 10140.0 0.08446455505279034
40 37 48 0.0 0.0 607.0 0.0 10318.0 24.0 2331.0 0.10844306738962045
40 37 49 0.0 0.0 287.0 0.0 6041.0 25.0 411.0 0.16861375406479584
40 37 50 0.0 0.0 0.0 0.0 28.0 0.0 0.0 0.6906758756783422
40 38 29 0.0 0.0 0.0 0.0 4.0 0.0 0.0 0.6986027944111775
40 38 30 0.0 0.0 113.0 0.0 2769.0 14.0 47.0 0.28753337440952964
40 38 31 0.0 0.0 481.0 0.0 9074.0 26.0 1635.0 0.121317157712305
40 38 32 0.0 0.0 1268.0 0.0 13425.0 41.0 14463.0 0.0839680921249925
40 38 33 0.0 0.0 1736.0 0.0 13597.0 37.0 23128.0 0.08069164265129682
40 38 34 0.0 0.0 3319.0 0.0 11785.0 64.0 53202.0 0.08183784415736246
40 38 35 0.0 0.0 5583.0 0.0 9144.0 70.0 90912.0 0.08369201339072213
40 38 36 0.0 0.0 6522.0 0.0 5900.0 73.0 127688.0 0.09706045479755962
40 38 37 0.0 1.0 5775.0 0.0 3393.0 41.0 155835.0 0.1252684323550465
40 38 38 0.0 10.0 5474.0 4.0 2322.0 32.0 168472.0 0.14271151885830782
40 38 39 0.0 8.0 6864.0 3.0 2307.0 40.0 169845.0 0.1252460189658257
40 38 40 0.0 9.0 6738.0 5.0 2152.0 31.0 171220.0 0.12825210699890066
40 38 41 0.0 9.0 6127.0 1.0 2251.0 34.0 170318.0 0.1345895020188425
40 38 42 0.0 9.0 6471.0 7.0 3126.0 44.0 160477.0 0.12059608924110603
40 38 43 0.0 5.0 7094.0 6.0 5382.0 59.0 135697.0 0.09637227232050663
40 38 44 0.0 2.0 5824.0 4.0 7447.0 91.0 108292.0 0.09156311314584696
40 38 45 0.0 1.0 4193.0 0.0 10357.0 76.0 73571.0 0.08464328899637243
40 38 46 0.0 0.0 2696.0 0.0 12109.0 68.0 43700.0 0.08333333333333333
40 38 47 0.0 0.0 1548.0 0.0 13738.0 45.0 19558.0 0.08104665971981011
40 38 48 0.0 0.0 674.0 0.0 10979.0 23.0 3127.0 0.10268446530731992
40 38 49 0.0 0.0 98.0 0.0 2594.0 12.0 51.0 0.29901751388295594
40 38 50 0.0 0.0 5.0 0.0 194.0 3.0 0.0 0.6381039197812214
40 39 29 0.0 0.0 0.0 0.0 1.0 0.0 0.0 0.6996501749125437
40 39 30 0.0 0.0 5.0 0.0 319.0 1.0 0.0 0.6026689625484287
40 39 31 0.0 0.0 334.0 0.0 7402.0 19.0 835.0 0.14401810513321675
40 39 32 0.0 0.0 929.0 0.0 12967.0 33.0 7858.0 0.08811681772406847
40 39 33 0.0 0.0 1843.0 0.0 12994.0 47.0 26924.0 0.08311071534579993
40 39 34 0.0 0.0 3731.0 0.0 11916.0 83.0 56300.0 0.07941460094163025
40 39 35 0.0 0.0 5397.0 0.0 7210.0 71.0 108844.0 0.09600219433587052
40 39 36 0.0 0.0 6715.0 0.0 5375.0 68.0 134887.0 0.09928373874193319
40 39 37 0.0 8.0 6608.0 9.0 3145.0 46.0 159244.0 0.11880515953835707
40 39 38 0.0 9.0 6370.0 7.0 2029.0 27.0 172442.0 0.13418959072174827
40 39 39 0.0 18.0 5539.0 6.0 1374.0 24.0 179756.0 0.15656452695146497
40 39 40 0.0 30.0 6392.0 10.0 1414.0 19.0 180178.0 0.1422908832198394
40 39 41 0.0 27.0 5930.0 7.0 1509.0 17.0 178656.0 0.14763260571549083
40 39 42 0.0 32.0 5732.0 15.0 2176.0 29.0 171537.0 0.1407459535538353
40 39 43 0.0 9.0 7283.0 11.0 4152.0 58.0 149745.0 0.10410469958358119
40 39 44 0.0 5.0 6573.0 13.0 6773.0 82.0 118917.0 0.09115770282588878
40 39 45 0.0 0.0 4734.0 0.0 8653.0 70.0 90660.0 0.0909386164339071
40 39 46 0.0 0.0 3171.0 0.0 12042.0 70.0 49192.0 0.08132442637234968
40 39 47 0.0 0.0 1382.0 0.0 13856.0 39.0 15707.0 0.0812724950655985
40 39 48 0.0 0.0 754.0 0.0 12057.0 36.0 5384.0 0.09456264775413711
40 39 49 0.0 0.0 298.0 0.0 6187.0 25.0 459.0 0.16542597187758476
40 39 50 0.0 0.0 3.0 0.0 79.0 1.0 0.0 0.6727534839019701
40 39 51 0.0 0.0 0.0 0.0 2.0 0.0 0.0 0.6993006993006992
40 40 29 0.0 0.0 0.0 0.0 3.0 0.0 0.0 0.6989515726410384
40 40 30 0.0 0.0 21.0 0.0 403.0 6.0 1.0 0.5789909015715466
40 40 31 0.0 0.0 328.0 0.0 7283.0 15.0 890.0 0.14586372160866845
40 40 32 0.0 0.0 794.0 0.0 12414.0 25.0 6841.0 0.09207497533706017
40 40 33 0.0 0.0 1906.0 0.0 13961.0 42.0 24105.0 0.07833920877399136
40 40 34 0.0 0.0 3712.0 0.0 11678.0 67.0 57389.0 0.0804551462559623
40 40 35 0.0 0.0 5480.0 0.0 7915.0 70.0 102875.0 0.09089138479516977
40 40 36 0.0 0.0 6446.0 0.0 4919.0 61.0 139395.0 0.10479826334306458
40 40 37 0.0 0.0 7084.0 2.0 3261.0 47.0 158198.0 0.11336032388663965
40 40 38 0.0 8.0 6192.0 5.0 1926.0 29.0 174073.0 0.13836726625815376
40 40 39 0.0 29.0 5755.0 11.0 1296.0 11.0 181394.0 0.1539645881447267
40 40 40 1.0 34.0 4271.0 12.0 858.0 17.0 186536.0 0.1954761239877129
40 40 41 0.0 56.0 4804.0 14.0 1074.0 10.0 183407.0 0.17592359889419448
40 40 42 0.0 80.0 6388.0 36.0 2022.0 25.0 172531.0 0.13295346628679958
40 40 43 0.0 14.0 6992.0 20.0 3747.0 52.0 153177.0 0.10947763528307788
40 40 44 0.0 4.0 7270.0 7.0 7774.0 94.0 111616.0 0.08202964785844025
40 40 45 0.0 1.0 4836.0 1.0 9034.0 84.0 87386.0 0.08818342151675483
40 40 46 0.0 0.0 2997.0 0.0 12168.0 66.0 46146.0 0.08150433719508644
40 40 47 0.0 0.0 1442.0 0.0 13423.0 38.0 17367.0 0.08304662474789416
40 40 48 0.0 0.0 511.0 0.0 10014.0 32.0 2318.0 0.11196417146513116
40 40 49 0.0 0.0 154.0 0.0 4103.0 20.0 167.0 0.22453889334402563
40 40 50 0.0 0.0 2.0 0.0 101.0 0.0 0.0 0.6657156443176413
40 40 51 0.0 0.0 0.0 0.0 1.0 0.0 0.0 0.6996501749125437
40 41 29 0.0 0.0 0.0 0.0 4.0 0.0 0.0 0.6986027944111775
40 41 30 0.0 0.0 73.0 0.0 1406.0 11.0 9.0 0.40369088811995385
40 41 31 0.0 0.0 174.0 0.0 4321.0 18.0 181.0 0.21604938271604934
40 41 32 0.0 0.0 888.0 0.0 12617.0 31.0 7875.0 0.09030510223827645
40 41 33 0.0 0.0 2002.0 0.0 13105.0 45.0 28827.0 0.08181871310852666
40 41 34 0.0 0.0 3483.0 0.0 12354.0 53.0 50731.0 0.07840062720501763
40 41 35 0.0 0.0 5229.0 0.0 8025.0 67.0 100332.0 0.09170706144373116
40 41 36 0.0 0.0 6809.0 0.0 6270.0 67.0 124373.0 0.09279512162789155
40 41 37 0.0 6.0 7125.0 5.0 3992.0 52.0 150841.0 0.10650437428680105
40 41 38 0.0 10.0 6974.0 6.0 2577.0 40.0 166569.0 0.12103397596611047
40 41 39 0.0 41.0 6503.0 14.0 1702.0 23.0 176331.0 0.1365454013459475
40 41 40 0.0 76.0 6034.0 30.0 1396.0 19.0 179758.0 0.1467043906528345
40 41 41 0.0 296.0 6077.0 133.0 1533.0 20.0 177701.0 0.13923421183490797
40 41 42 0.0 86.0 6206.0 50.0 2257.0 29.0 169985.0 0.13207547169811318
40 41 43 0.0 40.0 8290.0 33.0 5028.0 78.0 141262.0 0.09106283335501494
40 41 44 0.0 5.0 6164.0 7.0 6240.0 70.0 122749.0 0.09710084616451657
40 41 45 0.0 0.0 4750.0 0.0 10229.0 56.0 76859.0 0.08233841086867023
40 41 46 0.0 0.0 2527.0 0.0 13498.0 53.0 34216.0 0.07756232686980609
40 41 47 0.0 0.0 1512.0 0.0 13570.0 41.0 18266.0 0.08193363375665709
40 41 48 0.0 0.0 605.0 0.0 10777.0 30.0 2898.0 0.10479041916167663
40 41 49 0.0 0.0 300.0 0.0 6921.0 21.0 663.0 0.15210777922642327
40 41 50 0.0 0.0 5.0 0.0 215.0 4.0 1.0 0.6317689530685919
40 41 51 0.0 0.0 0.0 0.0 1.0 0.0 0.0 0.6996501749125437
40 42 29 0.0 0.0 0.0 0.0 4.0 0.0 0.0 0.6986027944111775
40 42 30 0.0 0.0 164.0 0.0 3283.0 18.0 83.0 0.25782688766114176
40 42 31 0.0 0.0 416.0 0.0 8437.0 17.0 1304.0 0.1291512915129151
40 42 32 0.0 0.0 988.0 0.0 13269.0 27.0 8596.0 0.08609027179928666
40 42 33 0.0 0.0 1611.0 0.0 14004.0 40.0 18307.0 0.0794641843569077
40 42 34 0.0 0.0 3210.0 0.0 10629.0 62.0 61354.0 0.08837268021714428
40 42 35 0.0 0.0 4552.0 0.0 10314.0 67.0 74249.0 0.08282063416942734
40 42 36 0.0 0.0 6518.0 2.0 8402.0 93.0 103018.0 0.08278635207852876
40 42 37 0.0 2.0 7699.0 2.0 5958.0 75.0 129300.0 0.08946258546872005
40 42 38 0.0 13.0 6159.0 14.0 3156.0 40.0 159224.0 0.12334801762114536
40 42 39 0.0 22.0 7315.0 12.0 2813.0 44.0 163167.0 0.11495196649971261
40 42 40 0.0 78.0 5621.0 49.0 2005.0 32.0 172296.0 0.1436634171369933
40 42 41 1.0 128.0 7331.0 84.0 2843.0 42.0 163619.0 0.11308562197092083
40 42 42 0.0 83.0 7969.0 77.0 4100.0 59.0 149960.0 0.09845288326300984
40 42 43 0.0 18.0 5646.0 28.0 4211.0 49.0 145601.0 0.11754827875734675
40 42 44 0.0 2.0 5682.0 4.0 6679.0 81.0 116732.0 0.09739130434782607
40 42 45 0.0 0.0 4324.0 0.0 11088.0 77.0 66530.0 0.08045977011494253
40 42 46 0.0 0.0 2095.0 0.0 13716.0 48.0 27709.0 0.07865168539325841
40 42 47 0.0 0.0 1165.0 0.0 13772.0 36.0 10928.0 0.08265926669421975
40 42 48 0.0 0.0 540.0 0.0 10183.0 30.0 2564.0 0.11020151133501259
40 42 49 0.0 0.0 118.0 0.0 2487.0 12.0 38.0 0.3046789989118607
40 42 50 0.0 0.0 0.0 0.0 96.0 0.0 0.0 0.6685768863419292
40 43 29 0.0 0.0 0.0 0.0 3.0 0.0 0.0 0.6989515726410384
40 43 30 0.0 0.0 108.0 0.0 2344.0 10.0 27.0 0.3151733453399369
40 43 31 0.0 0.0 184.0 0.0 4983.0 18.0 324.0 0.19564002235885966
40 43 32 0.0 0.0 1205.0 0.0 12943.0 30.0 16448.0 0.08665511265164644
40 43 33 0.0 0.0 1580.0 0.0 13533.0 44.0 19990.0 0.08180437069066261
40 43 34 0.0 0.0 2753.0 0.0 12171.0 70.0 44965.0 0.08276188224166468
40 43 35 0.0 0.0 3757.0 0.0 11644.0 68.0 57341.0 0.08043203493048373
40 43 36 0.0 0.0 4716.0 0.0 7801.0 76.0 100572.0 0.09637227232050663
40 43 37 0.0 1.0 6292.0 0.0 7057.0 71.0 114090.0 0.09118145108766444
40 43 38 0.0 2.0 6052.0 7.0 4859.0 62.0 138051.0 0.10837590958352684
40 43 39 1.0 11.0 7062.0 14.0 4844.0 60.0 141184.0 0.10043041606886657
40 43 40 0.0 39.0 7516.0 35.0 5057.0 65.0 139175.0 0.09540034071550255
40 43 41 0.0 41.0 6087.0 41.0 4073.0 52.0 147522.0 0.11423908608731129
40 43 42 0.0 28.0 6803.0 40.0 5384.0 58.0 133555.0 0.09803921568627451
40 43 43 0.0 16.0 6541.0 29.0 7171.0 72.0 115408.0 0.0887255212624374
40 43 44 0.0 0.0 4937.0 0.0 7208.0 69.0 107182.0 0.09899589874133784
40 43 45 0.0 0.0 3746.0 0.0 11281.0 56.0 60889.0 0.08216926869350862
40 43 46 0.0 0.0 1848.0 0.0 13910.0 52.0 22355.0 0.07890880396798557
40 43 47 0.0 0.0 1195.0 0.0 13251.0 34.0 14583.0 0.08512190673071075
40 43 48 0.0 0.0 441.0 0.0 8880.0 26.0 1584.0 0.1238609218791471
40 43 49 0.0 0.0 190.0 0.0 4282.0 14.0 132.0 0.21671826625386995
40 43 50 0.0 0.0 0.0 0.0 42.0 0.0 0.0 0.6856023506366307
40 43 51 0.0 0.0 0.0 0.0 1.0 0.0 0.0 0.6996501749125437
40 44 29 0.0 0.0 0.0 0.0 2.0 0.0 0.0 0.6993006993006992
40 44 30 0.0 0.0 1.0 0.0 34.0 1.0 0.0 0.6882989183874139
40 44 31 0.0 0.0 196.0 0.0 4915.0 17.0 263.0 0.19732205778717404
40 44 32 0.0 0.0 869.0 0.0 12447.0 25.0 5749.0 0.09138381201044385
40 44 33 0.0 0.0 1283.0 0.0 13405.0 29.0 16057.0 0.08385241974125539
40 44 34 0.0 0.0 2013.0 0.0 12765.0 46.0 31196.0 0.08340283569641367
40 44 35 0.0 0.0 2675.0 0.0 12704.0 55.0 40492.0 0.08050140877465355
40 44 36 0.0 0.0 3967.0 0.0 10115.0 77.0 71801.0 0.08706467661691542
40 44 37 0.0 0.0 4838.0 0.0 11674.0 84.0 66640.0 0.07563479200432198
40 44 38 0.0 2.0 5596.0 4.0 8627.0 66.0 97095.0 0.08614854470494122
40 44 39 0.0 2.0 6102.0 1.0 7866.0 78.0 105104.0 0.08754377188594296
40 44 40 0.0 6.0 6132.0 15.0 8176.0 88.0 103990.0 0.0858000858000858
40 44 41 0.0 4.0 5768.0 3.0 7285.0 72.0 111288.0 0.09284435307381125
40 44 42 0.0 2.0 5837.0 5.0 9088.0 72.0 93475.0 0.08262024195928001
40 44 43 0.0 0.0 4849.0 2.0 9382.0 68.0 85416.0 0.0860849781713091
40 44 44 0.0 0.0 4111.0 0.0 9674.0 77.0 77913.0 0.08869179600886917
40 44 45 0.0 0.0 3214.0 0.0 10768.0 61.0 58852.0 0.08753829800537735
40 44 46 0.0 0.0 2000.0 0.0 12818.0 56.0 30981.0 0.08327880554398905
40 44 47 0.0 0.0 925.0 0.0 12903.0 40.0 8110.0 0.08853474988933156
40 44 48 0.0 0.0 688.0 0.0 11347.0 25.0 4332.0 0.09980039920159679
40 44 49 0.0 0.0 132.0 0.0 2853.0 17.0 62.0 0.28180354267310787
40 44 50 0.0 0.0 0.0 0.0 40.0 0.0 0.0 0.6862745098039215
40 45 30 0.0 0.0 0.0 0.0 28.0 0.0 0.0 0.690335305719921
40 45 31 0.0 0.0 38.0 0.0 1017.0 15.0 3.0 0.4603748766853008
40 45 32 0.0 0.0 487.0 0.0 9575.0 26.0 2057.0 0.11621150493898894
40 45 33 0.0 0.0 935.0 0.0 12730.0 24.0 9378.0 0.08932559178204555
40 45 34 0.0 0.0 1706.0 0.0 12653.0 45.0 27115.0 0.0856269113149847
40 45 35 0.0 0.0 1594.0 0.0 13822.0 48.0 19039.0 0.0804551462559623
40 45 36 0.0 0.0 2343.0 0.0 13577.0 66.0 31424.0 0.0780988508311949
40 45 37 0.0 0.0 3092.0 0.0 11536.0 58.0 52637.0 0.08407398510689405
40 45 38 0.0 0.0 3898.0 0.0 10489.0 68.0 67215.0 0.08538667967797023
40 45 39 0.0 0.0 4192.0 0.0 10813.0 81.0 68868.0 0.08232388568740444
40 45 40 0.0 0.0 3965.0 0.0 11622.0 68.0 60913.0 0.07958615200955033
40 45 41 0.0 0.0 4013.0 0.0 10667.0 71.0 67599.0 0.08386246555648735
40 45 42 0.0 0.0 3886.0 0.0 10441.0 43.0 68851.0 0.0855327468230694
40 45 43 0.0 0.0 3335.0 0.0 11394.0 62.0 56726.0 0.0836470096194061
40 45 44 0.0 0.0 2875.0 0.0 11845.0 72.0 48951.0 0.08373706561397212
40 45 45 0.0 0.0 1988.0 0.0 13069.0 61.0 29337.0 0.0821307051507685
40 45 46 0.0 0.0 2238.0 0.0 11793.0 55.0 40373.0 0.08735804317983276
40 45 47 0.0 0.0 1005.0 0.0 13252.0 32.0 8274.0 0.08614324390844202
40 45 48 0.0 0.0 406.0 0.0 8547.0 21.0 1318.0 0.1279239766081871
40 45 49 0.0 0.0 206.0 0.0 4565.0 8.0 181.0 0.20697811945594316
40 45 50 0.0 0.0 2.0 0.0 56.0 0.0 0.0 0.6802721088435373
40 46 30 0.0 0.0 0.0 0.0 4.0 0.0 0.0 0.6986027944111775
40 46 31 0.0 0.0 61.0 0.0 1277.0 9.0 7.0 0.42054671072394106
40 46 32 0.0 0.0 413.0 0.0 8097.0 26.0 1148.0 0.13346043851286937
40 46 33 0.0 0.0 1020.0 0.0 13088.0 34.0 10661.0 0.08692952499223842
40 46 34 0.0 0.0 932.0 0.0 12794.0 35.0 7396.0 0.08908685968819598
40 46 35 0.0 0.0 878.0 0.0 12795.0 27.0 8159.0 0.08936550491510276
40 46 36 0.0 0.0 966.0 0.0 13270.0 38.0 6661.0 0.08633980881899475
40 46 37 0.0 0.0 1743.0 0.0 14178.0 50.0 20394.0 0.07813372028128138
40 46 38 0.0 0.0 2813.0 0.0 11298.0 61.0 51066.0 0.086848635235732
40 46 39 0.0 0.0 2555.0 0.0 12448.0 64.0 40549.0 0.08234325373485472
40 46 40 0.0 0.0 2093.0 0.0 13824.0 47.0 27812.0 0.07809449433814915
40 46 41 0.0 0.0 2236.0 1.0 13767.0 42.0 29393.0 0.07771733096480514
40 46 42 0.0 0.0 2231.0 0.0 13399.0 57.0 30289.0 0.07945516458569807
40 46 43 0.0 0.0 1428.0 0.0 13858.0 42.0 16478.0 0.08098571180655983
40 46 44 0.0 0.0 1573.0 0.0 13328.0 46.0 20883.0 0.08284513876560742
40 46 45 0.0 0.0 935.0 0.0 13025.0 31.0 7966.0 0.08780732563973907
40 46 46 0.0 0.0 1406.0 0.0 13006.0 47.0 19330.0 0.08536064874093041
40 46 47 0.0 0.0 606.0 0.0 11023.0 29.0 4043.0 0.10281266064478226
40 46 48 0.0 0.0 523.0 0.0 10360.0 24.0 3760.0 0.10874631039304021
40 46 49 0.0 0.0 5.0 0.0 220.0 0.0 1.0 0.6292134831460673
40 46 50 0.0 0.0 0.0 0.0 6.0 0.0 0.0 0.6979062811565303
40 47 30 0.0 0.0 1.0 0.0 23.0 0.0 0.0 0.6916996047430829
40 47 31 0.0 0.0 1.0 0.0 57.0 0.0 0.0 0.6802721088435373
40 47 32 0.0 0.0 119.0 0.0 3132.0 15.0 100.0 0.2672775868652157
40 47 33 0.0 0.0 531.0 0.0 9817.0 24.0 2369.0 0.11348897535667962
40 47 34 0.0 0.0 260.0 0.0 5506.0 21.0 280.0 0.1807151155285917
40 47 35 0.0 0.0 460.0 0.0 8936.0 28.0 1560.0 0.12306610407876227
40 47 36 0.0 0.0 689.0 0.0 11658.0 29.0 3883.0 0.097676690155585
40 47 37 0.0 0.0 1062.0 0.0 13371.0 32.0 9600.0 0.0852255433128386
40 47 38 0.0 0.0 1268.0 0.0 13742.0 46.0 14241.0 0.08231904509907684
40 47 39 0.0 0.0 1490.0 0.0 13565.0 46.0 17792.0 0.0820969917316601
40 47 40 0.0 0.0 1130.0 0.0 13339.0 31.0 12313.0 0.08500819721901753
40 47 41 0.0 0.0 1099.0 0.0 13464.0 32.0 9576.0 0.08455638098689376
40 47 42 0.0 0.0 1076.0 0.0 13190.0 34.0 10896.0 0.08612204724409449
40 47 43 0.0 0.0 1017.0 0.0 13128.0 28.0 9456.0 0.08669804310131285
40 47 44 0.0 0.0 462.0 0.0 9416.0 18.0 1892.0 0.11792452830188678
40 47 45 0.0 0.0 362.0 0.0 7978.0 23.0 1121.0 0.13561949045820013
40 47 46 0.0 0.0 182.0 0.0 4580.0 23.0 230.0 0.20768431983385252
40 47 47 0.0 0.0 223.0 0.0 5275.0 20.0 286.0 0.1871657754010695
40 47 48 0.0 0.0 163.0 0.0 3724.0 23.0 98.0 0.23870417732310312
40 47 49 0.0 0.0 0.0 0.0 82.0 0.0 0.0 0.6730769230769229
40 48 31 0.0 0.0 14.0 0.0 265.0 5.0 0.0 0.615655233069481
40 48 32 0.0 0.0 1.0 0.0 58.0 0.0 0.0 0.6799417192812044
40 48 33 0.0 0.0 117.0 0.0 2532.0 17.0 37.0 0.3021800129505719
40 48 34 0.0 0.0 13.0 0.0 343.0 6.0 0.0 0.5959982971477223
40 48 35 0.0 0.0 380.0 0.0 7476.0 24.0 895.0 0.14230534661516567
40 48 36 0.0 0.0 867.0 0.0 12599.0 34.0 5865.0 0.09057385003558258
40 48 37 0.0 0.0 444.0 0.0 8945.0 20.0 1657.0 0.12304447178766037
40 48 38 0.0 0.0 671.0 0.0 11474.0 16.0 4178.0 0.09893293760158292
40 48 39 0.0 0.0 574.0 0.0 10606.0 32.0 2808.0 0.10639106315069533
40 48 40 0.0 0.0 489.0 0.0 9413.0 28.0 1695.0 0.11781536648994359
40 48 41 0.0 0.0 245.0 0.0 6093.0 20.0 448.0 0.16824900853262825
40 48 42 0.0 0.0 262.0 0.0 6142.0 25.0 499.0 0.16698473282442747
40 48 43 0.0 0.0 490.0 0.0 10013.0 19.0 2714.0 0.11202688645274865
40 48 44 0.0 0.0 189.0 0.0 4000.0 18.0 125.0 0.22690437601296595
40 48 45 0.0 0.0 17.0 0.0 611.0 5.0 2.0 0.5339435545385202
40 48 46 0.0 0.0 103.0 0.0 2284.0 15.0 42.0 0.32021957913998167
40 48 47 0.0 0.0 130.0 0.0 3280.0 19.0 79.0 0.25959577229742253
40 48 48 0.0 0.0 6.0 0.0 119.0 0.0 0.0 0.6588235294117646
40 48 49 0.0 0.0 0.0 0.0 9.0 0.0 0.0 0.6968641114982577
40 49 31 0.0 0.0 0.0 0.0 1.0 0.0 0.0 0.6996501749125437
40 49 32 0.0 0.0 0.0 0.0 1.0 0.0 0.0 0.6996501749125437
40 49 33 0.0 0.0 0.0 0.0 4.0 0.0 0.0 0.6986027944111775
40 49 34 0.0 0.0 3.0 0.0 47.0 0.0 0.0 0.6829268292682925
40 49 35 0.0 0.0 43.0 0.0 1121.0 11.0 7.0 0.44416243654822324
40 49 36 0.0 0.0 515.0 0.0 9552.0 27.0 2066.0 0.11617293170691227
40 49 37 0.0 0.0 235.0 0.0 5118.0 24.0 238.0 0.19099590723055931
40 49 38 0.0 0.0 411.0 0.0 8435.0 24.0 1170.0 0.12927054478301014
40 49 39 0.0 0.0 457.0 0.0 9466.0 31.0 2023.0 0.11760752688172041
40 49 40 0.0 0.0 81.0 0.0 1926.0 10.0 25.0 0.35026269702276697
40 49 41 0.0 0.0 51.0 0.0 1512.0 5.0 17.0 0.3934794828555368
40 49 42 0.0 0.0 69.0 0.0 1480.0 14.0 14.0 0.39603960396039595
40 49 43 0.0 0.0 87.0 0.0 1858.0 8.0 14.0 0.355691056910569
40 49 44 0.0 0.0 9.0 0.0 371.0 3.0 1.0 0.5889777029869583
40 49 45 0.0 0.0 86.0 0.0 1631.0 16.0 10.0 0.3782761415833558
40 49 46 0.0 0.0 0.0 0.0 31.0 0.0 0.0 0.6893156080748399
40 49 47 0.0 0.0 1.0 0.0 21.0 0.0 0.0 0.6923837784371908
40 50 34 0.0 0.0 0.0 0.0 2.0 0.0 0.0 0.6993006993006992
40 50 35 0.0 0.0 63.0 0.0 1822.0 15.0 26.0 0.36166365280289325
40 50 36 0.0 0.0 182.0 0.0 3951.0 19.0 126.0 0.22898266274124954
40 50 37 0.0 0.0 105.0 0.0 2336.0 11.0 38.0 0.3160270880361173
40 50 38 0.0 0.0 19.0 0.0 684.0 4.0 1.0 0.5189028910303928
40 50 39 0.0 0.0 1.0 0.0 85.0 0.0 0.0 0.6711409395973154
40 50 40 0.0 0.0 0.0 0.0 43.0 0.0 0.0 0.6852667645619186
40 50 41 0.0 0.0 18.0 0.0 427.0 4.0 0.0 0.5735354362965996
40 50 42 0.0 0.0 0.0 0.0 5.0 0.0 0.0 0.6986027944111775
40 50 43 0.0 0.0 0.0 0.0 1.0 0.0 0.0 0.6996501749125437
40 50 44 0.0 0.0 0.0 0.0 1.0 0.0 0.0 0.6996501749125437
40 50 45 0.0 0.0 0.0 0.0 2.0 0.0 0.0 0.6993006993006992
40 50 46 0.0 0.0 0.0 0.0 1.0 0.0 0.0 0.6996501749125437
40 51 34 0.0 0.0 0.0 0.0 2.0 0.0 0.0 0.6993006993006992
40 51 35 0.0 0.0 0.0 0.0 2.0 0.0 0.0 0.6993006993006992
40 51 36 0.0 0.0 0.0 0.0 4.0 0.0 0.0 0.6986027944111775
40 51 37 0.0 0.0 1.0 0.0 10.0 0.0 0.0 0.6961710591745399
40 51 38 0.0 0.0 0.0 0.0 2.0 0.0 0.0 0.6993006993006992
41 29 37 0.0 0.0 0.0 0.0 2.0 0.0 0.0 0.6993006993006992
41 29 38 0.0 0.0 1.0 0.0 3.0 0.0 0.0 0.6986027944111775
41 29 39 0.0 0.0 0.0 0.0 3.0 0.0 0.0 0.6989515726410384
41 29 40 0.0 0.0 0.0 0.0 5.0 0.0 0.0 0.6982543640897755
41 29 41 0.0 0.0 42.0 0.0 957.0 10.0 3.0 0.46854082998661306
41 29 42 0.0 0.0 1.0 0.0 5.0 1.0 0.0 0.6982543640897755
41 29 43 0.0 0.0 0.0 0.0 2.0 0.0 0.0 0.6996501749125437
41 30 33 0.0 0.0 0.0 0.0 1.0 0.0 0.0 0.6996501749125437
41 30 34 0.0 0.0 0.0 0.0 1.0 0.0 0.0 0.6996501749125437
41 30 35 0.0 0.0 0.0 0.0 3.0 0.0 0.0 0.6989515726410384
41 30 36 0.0 0.0 1.0 0.0 37.0 0.0 0.0 0.6869479882237487
41 30 37 0.0 0.0 1.0 0.0 36.0 0.0 0.0 0.6872852233676975
41 30 38 0.0 0.0 3.0 0.0 204.0 0.0 0.0 0.6343452650657
41 30 39 0.0 0.0 18.0 0.0 521.0 2.0 1.0 0.5518328734726053
41 30 40 0.0 0.0 47.0 0.0 1254.0 10.0 8.0 0.42553191489361697
41 30 41 0.0 0.0 31.0 0.0 797.0 4.0 3.0 0.49575070821529743
41 30 42 0.0 0.0 7.0 0.0 286.0 4.0 0.0 0.6116207951070335
41 30 43 0.0 0.0 20.0 0.0 345.0 7.0 0.0 0.5937234944868531
41 30 44 0.0 0.0 0.0 0.0 5.0 0.0 0.0 0.6982543640897755
41 30 45 0.0 0.0 0.0 0.0 1.0 0.0 0.0 0.6996501749125437
41 31 32 0.0 0.0 0.0 0.0 3.0 0.0 0.0 0.6989515726410384
41 31 33 0.0 0.0 3.0 0.0 38.0 0.0 0.0 0.6862745098039215
41 31 34 0.0 0.0 6.0 0.0 193.0 3.0 0.0 0.6375227686703095
41 31 35 0.0 0.0 23.0 0.0 597.0 1.0 3.0 0.5345551737304314
41 31 36 0.0 0.0 147.0 0.0 2960.0 20.0 60.0 0.27521132298014545
41 31 37 0.0 0.0 371.0 0.0 7418.0 23.0 825.0 0.14328113806161086
41 31 38 0.0 0.0 344.0 0.0 7409.0 22.0 847.0 0.14375192524899885
41 31 39 0.0 0.0 122.0 0.0 3330.0 16.0 82.0 0.257494942063638
41 31 40 0.0 0.0 289.0 0.0 6325.0 23.0 520.0 0.16294227188081936
41 31 41 0.0 0.0 271.0 0.0 6280.0 16.0 542.0 0.16395362454619974
41 31 42 0.0 0.0 171.0 0.0 3889.0 24.0 108.0 0.23201856148491876
41 31 43 0.0 0.0 143.0 0.0 3592.0 16.0 131.0 0.2447552447552447
41 31 44 0.0 0.0 62.0 0.0 1283.0 12.0 11.0 0.4200420042004199
41 31 45 0.0 0.0 25.0 0.0 555.0 2.0 0.0 0.543056633048875
41 31 46 0.0 0.0 0.0 0.0 3.0 0.0 0.0 0.6989515726410384
41 32 31 0.0 0.0 0.0 0.0 1.0 0.0 0.0 0.6996501749125437
41 32 32 0.0 0.0 83.0 0.0 1657.0 17.0 17.0 0.3761418592154755
41 32 33 0.0 0.0 56.0 0.0 1522.0 11.0 13.0 0.39237668161434974
41 32 34 0.0 0.0 44.0 0.0 1449.0 8.0 11.0 0.401836969001148
41 32 35 0.0 0.0 319.0 0.0 6678.0 26.0 587.0 0.15598885793871867
41 32 36 0.0 0.0 593.0 0.0 10642.0 16.0 3152.0 0.10578012844729882
41 32 37 0.0 0.0 642.0 0.0 11120.0 29.0 3690.0 0.10184040154215464
41 32 38 0.0 0.0 611.0 0.0 11206.0 28.0 3892.0 0.10137581462708181
41 32 39 0.0 0.0 721.0 0.0 11776.0 28.0 4212.0 0.09666505558240696
41 32 40 0.0 0.0 1167.0 0.0 13554.0 36.0 12024.0 0.08373706561397212
41 32 41 0.0 0.0 882.0 0.0 12556.0 22.0 6748.0 0.09067357512953367
41 32 42 0.0 0.0 471.0 0.0 9160.0 24.0 1620.0 0.12055455093429776
41 32 43 0.0 0.0 325.0 0.0 6942.0 15.0 684.0 0.15125324114088157
41 32 44 0.0 0.0 274.0 0.0 6584.0 21.0 600.0 0.158335218276408
41 32 45 0.0 0.0 37.0 0.0 1009.0 6.0 6.0 0.4603748766853008
41 32 46 0.0 0.0 12.0 0.0 281.0 3.0 0.0 0.6113537117903929
41 32 47 0.0 0.0 0.0 0.0 32.0 0.0 0.0 0.6889763779527558
41 32 48 0.0 0.0 0.0 0.0 2.0 0.0 0.0 0.6993006993006992
41 32 49 0.0 0.0 0.0 0.0 1.0 0.0 0.0 0.6996501749125437
41 33 31 0.0 0.0 0.0 0.0 26.0 0.0 0.0 0.6910167818361302
41 33 32 0.0 0.0 46.0 0.0 1368.0 6.0 7.0 0.4107981220657277
41 33 33 0.0 0.0 543.0 0.0 10344.0 21.0 2770.0 0.1086534730306558
41 33 34 0.0 0.0 684.0 0.0 11355.0 29.0 4099.0 0.09974351667141636
41 33 35 0.0 0.0 995.0 0.0 12928.0 27.0 9003.0 0.08797838245459687
41 33 36 0.0 0.0 959.0 0.0 12801.0 25.0 9142.0 0.08884940026654818
41 33 37 0.0 0.0 1386.0 0.0 13548.0 46.0 17217.0 0.08272764876203981
41 33 38 0.0 0.0 1526.0 0.0 13500.0 39.0 19907.0 0.08220304151253595
41 33 39 0.0 0.0 1621.0 0.0 14135.0 42.0 18617.0 0.07887323943661971
41 33 40 0.0 0.0 1663.0 0.0 14329.0 32.0 18509.0 0.07777777777777777
41 33 41 0.0 0.0 1819.0 0.0 13423.0 36.0 24578.0 0.08116883116883115
41 33 42 0.0 0.0 1498.0 0.0 13564.0 41.0 17888.0 0.08211143695014661
41 33 43 0.0 0.0 954.0 0.0 12898.0 30.0 8039.0 0.08831693161746151
41 33 44 0.0 0.0 573.0 0.0 10628.0 27.0 2857.0 0.10618126659082289
41 33 45 0.0 0.0 357.0 0.0 7758.0 24.0 1029.0 0.13868251609707774
41 33 46 0.0 0.0 359.0 0.0 7425.0 17.0 798.0 0.14323715981174542
41 33 47 0.0 0.0 122.0 0.0 2620.0 25.0 48.0 0.29673590504451036
41 33 48 0.0 0.0 18.0 0.0 466.0 8.0 2.0 0.5656565656565656
41 33 49 0.0 0.0 0.0 0.0 7.0 0.0 0.0 0.6975585450921773
41 34 30 0.0 0.0 0.0 0.0 4.0 0.0 0.0 0.6986027944111775
41 34 31 0.0 0.0 5.0 0.0 168.0 2.0 1.0 0.64486411791801
41 34 32 0.0 0.0 334.0 0.0 7795.0 21.0 1016.0 0.13843567685157715
41 34 33 0.0 0.0 673.0 0.0 11414.0 26.0 3657.0 0.09948127620265756
41 34 34 0.0 0.0 1162.0 0.0 13359.0 43.0 13156.0 0.08486391465114869
41 34 35 0.0 0.0 1828.0 0.0 13285.0 43.0 24598.0 0.08181393174380551
41 34 36 0.0 0.0 1934.0 0.0 13700.0 46.0 25038.0 0.07941460094163025
41 34 37 0.0 0.0 2628.0 0.0 12034.0 62.0 43338.0 0.08403361344537814
41 34 38 0.0 0.0 2629.0 0.0 13201.0 60.0 36167.0 0.07849733669750489
41 34 39 0.0 0.0 2896.0 0.0 11981.0 62.0 46102.0 0.08300231220726861
41 34 40 0.0 0.0 2947.0 0.0 12481.0 51.0 44552.0 0.0802844362885652
41 34 41 0.0 0.0 2905.0 0.0 10717.0 82.0 57208.0 0.08972058446552166
41 34 42 0.0 0.0 1987.0 0.0 13834.0 52.0 25321.0 0.07853696847301693
41 34 43 0.0 0.0 1955.0 0.0 12867.0 45.0 29847.0 0.08320950965824664
41 34 44 0.0 0.0 1548.0 0.0 12733.0 35.0 23682.0 0.08593702044073413
41 34 45 0.0 0.0 1017.0 0.0 13071.0 34.0 9979.0 0.08706467661691542
41 34 46 0.0 0.0 254.0 0.0 5855.0 19.0 423.0 0.17290354452266268
41 34 47 0.0 0.0 381.0 0.0 7917.0 21.0 1002.0 0.13612056392805055
41 34 48 0.0 0.0 118.0 0.0 2903.0 16.0 66.0 0.27972027972027974
41 34 49 0.0 0.0 12.0 0.0 360.0 1.0 1.0 0.590717299578059
41 34 50 0.0 0.0 33.0 0.0 595.0 11.0 1.0 0.5349636988918608
41 35 30 0.0 0.0 18.0 0.0 445.0 7.0 0.0 0.5700325732899022
41 35 31 0.0 0.0 93.0 0.0 2358.0 17.0 48.0 0.31581321903902543
41 35 32 0.0 0.0 298.0 0.0 7206.0 20.0 899.0 0.1475392559806091
41 35 33 0.0 0.0 1129.0 0.0 13168.0 29.0 13786.0 0.08581586367537083
41 35 34 0.0 0.0 1702.0 0.0 13696.0 48.0 22262.0 0.08048752443371276
41 35 35 0.0 0.0 2828.0 0.0 11834.0 68.0 47818.0 0.08408408408408408
41 35 36 0.0 0.0 3889.0 0.0 10732.0 71.0 66513.0 0.08422572494284682
41 35 37 0.0 0.0 4219.0 0.0 10630.0 72.0 68771.0 0.08311564948943242
41 35 38 0.0 0.0 4565.0 0.0 10024.0 80.0 77518.0 0.08454106280193237
41 35 39 0.0 0.0 4751.0 0.0 11409.0 79.0 68434.0 0.07703736312111373
41 35 40 0.0 0.0 4540.0 0.0 8067.0 88.0 94991.0 0.09589697924515377
41 35 41 0.0 0.0 4265.0 0.0 11113.0 72.0 65433.0 0.08055699407330685
41 35 42 0.0 0.0 3704.0 0.0 10545.0 54.0 66496.0 0.08609556607834695
41 35 43 0.0 0.0 3045.0 0.0 12520.0 64.0 45326.0 0.07968127490039839
41 35 44 0.0 0.0 2173.0 0.0 13820.0 50.0 28029.0 0.07779938871908862
41 35 45 0.0 0.0 1741.0 0.0 13482.0 44.0 23506.0 0.08134805345729226
41 35 46 0.0 0.0 954.0 0.0 13028.0 25.0 7412.0 0.08762596232083619
41 35 47 0.0 0.0 666.0 0.0 11532.0 34.0 4539.0 0.09866798223976318
41 35 48 0.0 0.0 356.0 0.0 7458.0 24.0 821.0 0.1428863033272096
41 35 49 0.0 0.0 23.0 0.0 848.0 6.0 3.0 0.48865619546247807
41 35 50 0.0 0.0 0.0 0.0 32.0 0.0 0.0 0.6889763779527558
41 35 51 0.0 0.0 0.0 0.0 1.0 0.0 0.0 0.6996501749125437
41 36 29 0.0 0.0 0.0 0.0 4.0 0.0 0.0 0.6986027944111775
41 36 30 0.0 0.0 76.0 0.0 2158.0 13.0 42.0 0.3314393939393939
41 36 31 0.0 0.0 413.0 0.0 8275.0 16.0 1195.0 0.13112297461833847
41 36 32 0.0 0.0 751.0 0.0 11885.0 27.0 5186.0 0.09573958831977022
41 36 33 0.0 0.0 1228.0 0.0 13404.0 42.0 14242.0 0.0842358604091456
41 36 34 0.0 0.0 2248.0 0.0 13178.0 50.0 32149.0 0.0803028564873236
41 36 35 0.0 0.0 3935.0 0.0 10857.0 78.0 66205.0 0.08336310587114444
41 36 36 0.0 0.0 5023.0 0.0 9236.0 82.0 87573.0 0.08614324390844202
41 36 37 0.0 0.0 5498.0 0.0 7154.0 70.0 111508.0 0.09549143987449696
41 36 38 0.0 0.0 6787.0 0.0 7912.0 71.0 107947.0 0.08382731572959702
41 36 39 0.0 0.0 6429.0 0.0 6712.0 66.0 119791.0 0.09239704329461455
41 36 40 0.0 1.0 6353.0 1.0 6845.0 67.0 117716.0 0.09200236577511992
41 36 41 0.0 0.0 6202.0 0.0 8211.0 80.0 103122.0 0.08528784648187633
41 36 42 0.0 1.0 5724.0 3.0 9306.0 80.0 89669.0 0.08216444627032102
41 36 43 0.0 0.0 4586.0 1.0 8601.0 65.0 89921.0 0.09216589861751151
41 36 44 0.0 0.0 3493.0 0.0 12931.0 57.0 46963.0 0.07591779187679626
41 36 45 0.0 0.0 2281.0 0.0 12889.0 50.0 33713.0 0.08151857458949574
41 36 46 0.0 0.0 1446.0 0.0 14089.0 40.0 16009.0 0.07987676156786672
41 36 47 0.0 0.0 1081.0 0.0 13261.0 22.0 11618.0 0.08561120283739986
41 36 48 0.0 0.0 931.0 0.0 12627.0 34.0 8765.0 0.09002636486399589
41 36 49 0.0 0.0 310.0 0.0 6864.0 22.0 605.0 0.1529553151972031
41 36 50 0.0 0.0 12.0 0.0 185.0 4.0 0.0 0.6383948928408572
41 37 29 0.0 0.0 0.0 0.0 7.0 0.0 0.0 0.6975585450921773
41 37 30 0.0 0.0 22.0 0.0 680.0 8.0 2.0 0.5196733481811432
41 37 31 0.0 0.0 392.0 0.0 8644.0 19.0 1368.0 0.12700716683298555
41 37 32 0.0 0.0 917.0 0.0 12912.0 31.0 8228.0 0.08847879668836503
41 37 33 0.0 0.0 1831.0 0.0 13324.0 44.0 26588.0 0.08161837579432168
41 37 34 0.0 0.0 2705.0 0.0 13516.0 54.0 36368.0 0.07680070217784847
41 37 35 0.0 0.0 4624.0 0.0 10310.0 80.0 76071.0 0.08263974971961513
41 37 36 0.0 0.0 5358.0 0.0 6224.0 71.0 120069.0 0.10304725452671867
41 37 37 0.0 0.0 5176.0 0.0 4244.0 52.0 145091.0 0.12252756870295815
41 37 38 0.0 2.0 7235.0 2.0 4298.0 74.0 147421.0 0.10357327809425168
41 37 39 0.0 1.0 6069.0 0.0 3469.0 47.0 156098.0 0.12127512127512126
41 37 40 1.0 4.0 8466.0 4.0 5029.0 66.0 140729.0 0.09035755776429584
41 37 41 0.0 1.0 6868.0 0.0 4566.0 52.0 144332.0 0.10408148093078581
41 37 42 0.0 2.0 6720.0 3.0 5567.0 50.0 133527.0 0.0978952520802741
41 37 43 0.0 4.0 6270.0 3.0 7143.0 70.0 114628.0 0.09074410163339382
41 37 44 0.0 0.0 4852.0 0.0 9100.0 87.0 88928.0 0.08777979810646434
41 37 45 0.0 0.0 3630.0 0.0 11194.0 73.0 61136.0 0.08316502316739931
41 37 46 0.0 0.0 2259.0 0.0 13371.0 55.0 31180.0 0.07943713118474806
41 37 47 0.0 0.0 1261.0 0.0 13631.0 36.0 13801.0 0.08292365100989159
41 37 48 0.0 0.0 632.0 0.0 11275.0 32.0 4069.0 0.1007411671583795
41 37 49 0.0 0.0 166.0 0.0 3896.0 13.0 121.0 0.23140495867768593
41 37 50 0.0 0.0 0.0 0.0 26.0 0.0 0.0 0.6910167818361302
41 38 29 0.0 0.0 0.0 0.0 5.0 0.0 0.0 0.6982543640897755
41 38 30 0.0 0.0 28.0 0.0 694.0 2.0 2.0 0.5147058823529411
41 38 31 0.0 0.0 180.0 0.0 5248.0 15.0 302.0 0.1888319395737793
41 38 32 0.0 0.0 1118.0 0.0 13386.0 36.0 12110.0 0.08493599466116604
41 38 33 0.0 0.0 2540.0 0.0 11268.0 60.0 47577.0 0.08854034910194788
41 38 34 0.0 0.0 3412.0 0.0 10862.0 71.0 60067.0 0.08598980406608929
41 38 35 0.0 0.0 5251.0 0.0 8781.0 73.0 92555.0 0.08729267988527246
41 38 36 0.0 0.0 6745.0 1.0 6611.0 63.0 121674.0 0.0909208988180283
41 38 37 0.0 1.0 8025.0 1.0 4732.0 48.0 143719.0 0.09478031277503214
41 38 38 0.0 0.0 6006.0 0.0 2556.0 41.0 165405.0 0.13282732447817835
41 38 39 0.0 16.0 7907.0 10.0 2737.0 47.0 165303.0 0.11054086063955783
41 38 40 1.0 13.0 8179.0 6.0 2775.0 28.0 164964.0 0.10769230769230768
41 38 41 0.0 32.0 7387.0 19.0 2878.0 48.0 163969.0 0.11390448295500771
41 38 42 0.0 9.0 6287.0 3.0 3136.0 54.0 159555.0 0.12266713397003416
41 38 43 0.0 3.0 6575.0 4.0 4807.0 46.0 141705.0 0.10456344760624392
41 38 44 0.0 2.0 6164.0 4.0 8136.0 77.0 103372.0 0.08590011044299914
41 38 45 0.0 0.0 4453.0 0.0 11135.0 67.0 67851.0 0.07953641631632768
41 38 46 0.0 0.0 2648.0 0.0 13013.0 72.0 39236.0 0.0793246076264944
41 38 47 0.0 0.0 1332.0 0.0 13710.0 37.0 14902.0 0.08214516223669541
41 38 48 0.0 0.0 528.0 0.0 9929.0 31.0 2339.0 0.1126035550550953
41 38 49 0.0 0.0 207.0 0.0 5029.0 12.0 265.0 0.19374481040686406
41 38 50 0.0 0.0 0.0 0.0 34.0 0.0 0.0 0.6882989183874139
41 39 29 0.0 0.0 0.0 0.0 10.0 0.0 0.0 0.6965174129353233
41 39 30 0.0 0.0 33.0 0.0 1000.0 7.0 4.0 0.4626569729015201
41 39 31 0.0 0.0 338.0 0.0 7147.0 25.0 725.0 0.14788211682687227
41 39 32 0.0 0.0 1235.0 0.0 13738.0 44.0 11979.0 0.08256664307619721
41 39 33 0.0 0.0 1984.0 0.0 13943.0 52.0 24697.0 0.07811628166499274
41 39 34 0.0 0.0 3789.0 0.0 12141.0 60.0 55326.0 0.0779727095516569
41 39 35 0.0 0.0 5579.0 0.0 8614.0 88.0 95867.0 0.08639842014317452
41 39 36 0.0 1.0 7283.0 3.0 6017.0 72.0 127706.0 0.0914733747141457
41 39 37 0.0 0.0 7451.0 1.0 3637.0 43.0 155218.0 0.10686207159758795
41 39 38 0.0 7.0 6641.0 7.0 2212.0 31.0 170999.0 0.12884226026136572
41 39 39 0.0 14.0 5056.0 4.0 1458.0 26.0 179666.0 0.16408813877168307
41 39 40 0.0 29.0 6263.0 14.0 1509.0 26.0 178656.0 0.14258071086668703
41 39 41 0.0 31.0 4980.0 15.0 1389.0 27.0 179720.0 0.1663498098859315
41 39 42 0.0 23.0 5827.0 14.0 2068.0 27.0 171957.0 0.14073180538801766
41 39 43 0.0 3.0 6634.0 8.0 3715.0 42.0 152228.0 0.11318619128466324
41 39 44 0.0 3.0 6214.0 10.0 6300.0 87.0 123202.0 0.09649183265559307
41 39 45 0.0 0.0 4716.0 0.0 9354.0 73.0 83803.0 0.0869403216791902
41 39 46 0.0 0.0 2910.0 0.0 12822.0 58.0 41845.0 0.07891770011273956
41 39 47 0.0 0.0 1609.0 0.0 13778.0 52.0 19893.0 0.08058017727639
41 39 48 0.0 0.0 685.0 0.0 11731.0 33.0 4564.0 0.09725599166377213
41 39 49 0.0 0.0 92.0 0.0 2330.0 15.0 44.0 0.31767642387111406
41 39 50 0.0 0.0 3.0 0.0 48.0 1.0 0.0 0.6829268292682925
41 40 29 0.0 0.0 0.0 0.0 8.0 0.0 0.0 0.697211155378486
41 40 30 0.0 0.0 226.0 0.0 4780.0 21.0 223.0 0.20040080160320636
41 40 31 0.0 0.0 314.0 0.0 6651.0 16.0 600.0 0.15640710535135738
41 40 32 0.0 0.0 925.0 0.0 12912.0 29.0 8427.0 0.08842849924204144
41 40 33 0.0 0.0 2047.0 0.0 13113.0 47.0 29593.0 0.0815803274867432
41 40 34 0.0 0.0 3849.0 0.0 10671.0 75.0 67540.0 0.08470474346563406
41 40 35 0.0 0.0 5452.0 0.0 7952.0 71.0 102354.0 0.09089728606674456
41 40 36 0.0 2.0 6309.0 5.0 4910.0 58.0 139106.0 0.10582810492100687
41 40 37 0.0 1.0 6778.0 1.0 3236.0 44.0 159585.0 0.11654041455090318
41 40 38 0.0 14.0 6793.0 4.0 2173.0 23.0 171840.0 0.12726115807653848
41 40 39 0.0 18.0 5703.0 10.0 1419.0 28.0 179933.0 0.15305564666010713
41 40 40 0.0 57.0 6676.0 23.0 1445.0 25.0 179322.0 0.1372414469169689
41 40 41 0.0 52.0 4699.0 22.0 1267.0 23.0 181836.0 0.17428109050168053
41 40 42 0.0 61.0 5858.0 37.0 1987.0 27.0 172913.0 0.14061872237846523
41 40 43 0.0 13.0 7866.0 16.0 4323.0 52.0 148745.0 0.0983767830791933
41 40 44 0.0 5.0 6105.0 12.0 6158.0 71.0 123339.0 0.09792264111352031
41 40 45 0.0 0.0 4875.0 0.0 10100.0 74.0 78793.0 0.08237716975581053
41 40 46 0.0 0.0 2974.0 0.0 11958.0 66.0 49086.0 0.08271298593879238
41 40 47 0.0 0.0 1803.0 0.0 13245.0 57.0 25941.0 0.08216444627032102
41 40 48 0.0 0.0 866.0 0.0 12654.0 34.0 7791.0 0.09027016571023276
41 40 49 0.0 0.0 209.0 0.0 4616.0 24.0 205.0 0.20579156254593559
41 40 50 0.0 0.0 0.0 0.0 41.0 0.0 0.0 0.6862745098039215
41 41 29 0.0 0.0 0.0 0.0 5.0 0.0 0.0 0.6982543640897755
41 41 30 0.0 0.0 9.0 0.0 312.0 4.0 0.0 0.6042296072507551
41 41 31 0.0 0.0 322.0 0.0 6356.0 32.0 518.0 0.16184971098265893
41 41 32 0.0 0.0 751.0 0.0 12135.0 26.0 5882.0 0.09413030323404827
41 41 33 0.0 0.0 1930.0 0.0 13089.0 53.0 27579.0 0.08228517691313035
41 41 34 0.0 0.0 3544.0 0.0 11328.0 76.0 58650.0 0.08302200083021999
41 41 35 0.0 0.0 5217.0 0.0 8334.0 59.0 98021.0 0.09004952723998198
41 41 36 0.0 1.0 5324.0 1.0 4766.0 70.0 139377.0 0.1159228285170158
41 41 37 0.0 1.0 5701.0 2.0 3234.0 42.0 158442.0 0.1280058516960775
41 41 38 0.0 8.0 6156.0 4.0 2258.0 39.0 169521.0 0.1342925659472422
41 41 39 0.0 20.0 4860.0 13.0 1467.0 21.0 179280.0 0.16736401673640164
41 41 40 0.0 68.0 5309.0 33.0 1355.0 17.0 180223.0 0.159689745637048
41 41 41 0.0 71.0 5728.0 39.0 1731.0 31.0 176681.0 0.1464741577735928
41 41 42 0.0 85.0 7825.0 59.0 2906.0 38.0 163134.0 0.10869565217391303
41 41 43 0.0 25.0 7090.0 26.0 4488.0 52.0 146190.0 0.10269953051643192
41 41 44 0.0 6.0 6569.0 8.0 7121.0 73.0 114812.0 0.08908685968819598
41 41 45 0.0 0.0 4622.0 0.0 10189.0 72.0 76082.0 0.0832738520104687
41 41 46 0.0 0.0 3179.0 0.0 11148.0 68.0 56429.0 0.08577380223011885
41 41 47 0.0 0.0 1504.0 0.0 13467.0 46.0 19523.0 0.08251797713073204
41 41 48 0.0 0.0 669.0 0.0 11342.0 27.0 3690.0 0.10001428775539362
41 41 49 0.0 0.0 295.0 0.0 6567.0 22.0 525.0 0.15837104072398187
41 41 50 0.0 0.0 0.0 0.0 24.0 0.0 0.0 0.6916996047430829
41 42 29 0.0 0.0 0.0 0.0 3.0 0.0 0.0 0.6989515726410384
41 42 30 0.0 0.0 78.0 0.0 2118.0 14.0 30.0 0.3346880229500358
41 42 31 0.0 0.0 300.0 0.0 6531.0 20.0 540.0 0.15882019285309132
41 42 32 0.0 0.0 776.0 0.0 12087.0 22.0 4837.0 0.0942633988688392
41 42 33 0.0 0.0 1854.0 0.0 13363.0 51.0 26213.0 0.0813575081357508
41 42 34 0.0 0.0 2861.0 0.0 12855.0 82.0 42330.0 0.07910498361396767
41 42 35 0.0 0.0 4432.0 0.0 8159.0 66.0 93707.0 0.09597586892438471
41 42 36 0.0 0.0 6138.0 0.0 7555.0 74.0 109943.0 0.08917197452229299
41 42 37 0.0 1.0 6999.0 0.0 5138.0 60.0 138003.0 0.09889100798191706
41 42 38 0.0 5.0 8033.0 4.0 4332.0 67.0 148571.0 0.09741841207988308
41 42 39 0.0 29.0 7304.0 25.0 2929.0 38.0 162523.0 0.11387668781519439
41 42 40 0.0 82.0 6673.0 44.0 2555.0 54.0 167276.0 0.1233915036136083
41 42 41 0.0 106.0 7594.0 58.0 2978.0 38.0 161429.0 0.10982976386600768
41 42 42 0.0 59.0 6435.0 61.0 3418.0 44.0 156518.0 0.11687119125135653
41 42 43 0.0 12.0 5590.0 15.0 4292.0 45.0 144361.0 0.11730205278592375
41 42 44 0.0 0.0 6356.0 1.0 8575.0 83.0 99267.0 0.08257638315441783
41 42 45 0.0 0.0 4295.0 1.0 10602.0 62.0 70563.0 0.08282553392888835
41 42 46 0.0 0.0 2399.0 0.0 12974.0 65.0 35063.0 0.08064516129032258
41 42 47 0.0 0.0 917.0 0.0 13073.0 27.0 6843.0 0.08756567425569176
41 42 48 0.0 0.0 540.0 0.0 10324.0 25.0 2430.0 0.10896637608966375
41 42 49 0.0 0.0 162.0 0.0 3767.0 17.0 137.0 0.2366463826910074
41 42 50 0.0 0.0 44.0 0.0 1053.0 6.0 3.0 0.4527813712807244
41 43 29 0.0 0.0 0.0 0.0 6.0 0.0 0.0 0.6979062811565303
41 43 30 0.0 0.0 22.0 0.0 455.0 3.0 3.0 0.5658852061438965
41 43 31 0.0 0.0 86.0 0.0 2501.0 10.0 48.0 0.305877212147695
41 43 32 0.0 0.0 660.0 0.0 11399.0 15.0 4436.0 0.09957325746799431
41 43 33 0.0 0.0 1225.0 0.0 13384.0 42.0 14169.0 0.08434243026688354
41 43 34 0.0 0.0 2443.0 0.0 12679.0 60.0 37601.0 0.08170411438576013
41 43 35 0.0 0.0 3985.0 0.0 10030.0 78.0 73239.0 0.08747266479225241
41 43 36 0.0 0.0 5082.0 0.0 9061.0 88.0 90169.0 0.08666047663262147
41 43 37 0.0 0.0 5711.0 1.0 6604.0 72.0 117493.0 0.0978336827393431
41 43 38 0.0 1.0 7063.0 1.0 6276.0 63.0 125375.0 0.09124087591240874
41 43 39 0.0 15.0 7182.0 14.0 5234.0 58.0 136454.0 0.09683220362429104
41 43 40 0.0 23.0 7150.0 29.0 4923.0 53.0 141392.0 0.09898889910202925
41 43 41 0.0 23.0 7240.0 36.0 4996.0 56.0 138813.0 0.09787472035794181
41 43 42 0.0 17.0 6446.0 21.0 5554.0 76.0 131903.0 0.09990722900164133
41 43 43 0.0 5.0 5575.0 7.0 5965.0 54.0 123590.0 0.10319156777474754
41 43 44 0.0 1.0 4874.0 2.0 7474.0 64.0 103250.0 0.0973709834469328
41 43 45 0.0 0.0 3689.0 0.0 11546.0 72.0 58638.0 0.08123005512039454
41 43 46 0.0 0.0 2154.0 0.0 13182.0 40.0 30404.0 0.08070559750965584
41 43 47 0.0 0.0 732.0 0.0 11959.0 28.0 4327.0 0.09536784741144413
41 43 48 0.0 0.0 525.0 0.0 10121.0 29.0 2459.0 0.11091744572967834
41 43 49 0.0 0.0 439.0 0.0 8706.0 24.0 1433.0 0.12578616352201258
41 43 50 0.0 0.0 1.0 0.0 68.0 0.0 0.0 0.6766553890768486
41 44 29 0.0 0.0 0.0 0.0 1.0 0.0 0.0 0.6996501749125437
41 44 30 0.0 0.0 0.0 0.0 47.0 0.0 0.0 0.6839276990718123
41 44 31 0.0 0.0 442.0 0.0 8370.0 23.0 1334.0 0.12973774441664349
41 44 32 0.0 0.0 501.0 0.0 9549.0 21.0 1987.0 0.11631771352608838
41 44 33 0.0 0.0 1113.0 0.0 13625.0 41.0 10519.0 0.08372704981759464
41 44 34 0.0 0.0 1537.0 0.0 13848.0 45.0 18313.0 0.0805477245267821
41 44 35 0.0 0.0 2756.0 0.0 11941.0 44.0 45976.0 0.08377715277362216
41 44 36 0.0 0.0 3624.0 0.0 11329.0 65.0 59936.0 0.08255690529543577
41 44 37 0.0 0.0 4491.0 0.0 10127.0 63.0 76254.0 0.08414978662018392
41 44 38 0.0 0.0 5571.0 0.0 9943.0 83.0 84368.0 0.07992236113489752
41 44 39 0.0 1.0 5924.0 0.0 8638.0 83.0 98442.0 0.08447984552256818
41 44 40 0.0 4.0 5984.0 4.0 7569.0 60.0 107716.0 0.08978963571062083
41 44 41 0.0 3.0 6125.0 9.0 9149.0 97.0 94409.0 0.08103258667592753
41 44 42 0.0 5.0 5732.0 15.0 9431.0 87.0 89978.0 0.08142848833827719
41 44 43 0.0 0.0 4733.0 3.0 9233.0 71.0 85128.0 0.08762596232083619
41 44 44 0.0 0.0 3982.0 0.0 11593.0 83.0 61416.0 0.0797766254487435
41 44 45 0.0 0.0 3159.0 0.0 10718.0 56.0 60572.0 0.08810572687224669
41 44 46 0.0 0.0 1661.0 0.0 14051.0 43.0 19364.0 0.07902015013828526
41 44 47 0.0 0.0 927.0 0.0 12815.0 36.0 9189.0 0.08901888472054428
41 44 48 0.0 0.0 443.0 0.0 8608.0 24.0 1284.0 0.1268345714803406
41 44 49 0.0 0.0 275.0 0.0 6288.0 18.0 516.0 0.16372354110630336
41 44 50 0.0 0.0 0.0 0.0 27.0 0.0 0.0 0.6906758756783422
41 45 30 0.0 0.0 2.0 0.0 69.0 2.0 0.0 0.6766553890768486
41 45 31 0.0 0.0 19.0 0.0 541.0 1.0 2.0 0.5473025801407349
41 45 32 0.0 0.0 285.0 0.0 6775.0 16.0 727.0 0.15471322798099235
41 45 33 0.0 0.0 424.0 0.0 9314.0 19.0 1939.0 0.11935208866155156
41 45 34 0.0 0.0 1040.0 0.0 13119.0 44.0 9881.0 0.08674101610904583
41 45 35 0.0 0.0 1771.0 0.0 13353.0 33.0 24802.0 0.08170411438576013
41 45 36 0.0 0.0 2084.0 0.0 13032.0 58.0 30697.0 0.0818330605564648
41 45 37 0.0 0.0 2734.0 0.0 12489.0 56.0 43179.0 0.0812677773262901
41 45 38 0.0 0.0 3652.0 0.0 11227.0 69.0 59843.0 0.08293838862559241
41 45 39 0.0 0.0 3854.0 0.0 9053.0 68.0 80011.0 0.09390301160372927
41 45 40 0.0 0.0 4045.0 0.0 10848.0 71.0 65724.0 0.08285984848484848
41 45 41 0.0 4.0 3855.0 8.0 11377.0 72.0 60981.0 0.08116883116883115
41 45 42 0.0 0.0 3433.0 0.0 12608.0 71.0 48332.0 0.07755803002603734
41 45 43 0.0 0.0 2922.0 0.0 12434.0 69.0 44792.0 0.08073352171155065
41 45 44 0.0 0.0 2494.0 0.0 13457.0 56.0 34006.0 0.0779640251712424
41 45 45 0.0 0.0 2098.0 0.0 13295.0 52.0 30204.0 0.0805291918320391
41 45 46 0.0 0.0 1390.0 0.0 13649.0 41.0 16406.0 0.08217891523831884
41 45 47 0.0 0.0 940.0 0.0 12748.0 32.0 9354.0 0.08927432725417675
41 45 48 0.0 0.0 190.0 0.0 4833.0 20.0 246.0 0.19994287346472436
41 45 49 0.0 0.0 8.0 0.0 285.0 3.0 0.0 0.6116207951070335
41 45 50 0.0 0.0 38.0 0.0 757.0 5.0 2.0 0.5017921146953404
41 46 30 0.0 0.0 0.0 0.0 16.0 0.0 0.0 0.6944444444444444
41 46 31 0.0 0.0 190.0 0.0 4190.0 19.0 156.0 0.21991831605403703
41 46 32 0.0 0.0 472.0 0.0 9051.0 21.0 1632.0 0.12160166768001389
41 46 33 0.0 0.0 333.0 0.0 7097.0 14.0 703.0 0.14860418214626897
41 46 34 0.0 0.0 621.0 0.0 11233.0 25.0 4076.0 0.10116337885685381
41 46 35 0.0 0.0 771.0 0.0 12159.0 28.0 4652.0 0.09387153010594071
41 46 36 0.0 0.0 1035.0 0.0 13327.0 29.0 9808.0 0.08563214875527554
41 46 37 0.0 0.0 2080.0 0.0 12676.0 51.0 32162.0 0.0835571471202626
41 46 38 0.0 0.0 2373.0 0.0 12629.0 52.0 35982.0 0.08237232289950576
41 46 39 0.0 0.0 2199.0 0.0 13658.0 44.0 28891.0 0.07826913400793872
41 46 40 0.0 0.0 2254.0 0.0 13515.0 46.0 30911.0 0.0787711697518708
41 46 41 0.0 0.0 2030.0 0.0 13473.0 52.0 27551.0 0.079981718464351
41 46 42 0.0 0.0 2037.0 0.0 13458.0 46.0 28581.0 0.07995431182181609
41 46 43 0.0 0.0 1534.0 0.0 13482.0 45.0 20101.0 0.08229001351907364
41 46 44 0.0 0.0 1307.0 0.0 13492.0 35.0 15326.0 0.08333829394606822
41 46 45 0.0 0.0 1040.0 0.0 13398.0 37.0 9202.0 0.08529823920063363
41 46 46 0.0 0.0 808.0 0.0 12174.0 23.0 5244.0 0.09345170549362525
41 46 47 0.0 0.0 754.0 0.0 12109.0 41.0 5016.0 0.09435233859010647
41 46 48 0.0 0.0 130.0 0.0 2962.0 20.0 58.0 0.27602523659305983
41 46 49 0.0 0.0 1.0 0.0 86.0 0.0 0.0 0.670819357930043
41 46 50 0.0 0.0 0.0 0.0 8.0 0.0 0.0 0.697211155378486
41 47 30 0.0 0.0 0.0 0.0 3.0 0.0 0.0 0.6989515726410384
41 47 31 0.0 0.0 13.0 0.0 505.0 3.0 1.0 0.5566600397614313
41 47 32 0.0 0.0 215.0 0.0 4968.0 21.0 310.0 0.1954215522054718
41 47 33 0.0 0.0 174.0 0.0 4203.0 15.0 170.0 0.22009118063197605
41 47 34 0.0 0.0 312.0 0.0 6539.0 21.0 514.0 0.15846066779852858
41 47 35 0.0 0.0 237.0 0.0 5038.0 16.0 207.0 0.19273127753303965
41 47 36 0.0 0.0 1045.0 0.0 13308.0 42.0 9312.0 0.08570554025099479
41 47 37 0.0 0.0 1366.0 0.0 13251.0 49.0 17453.0 0.08428657435279951
41 47 38 0.0 0.0 1630.0 0.0 12785.0 47.0 24862.0 0.08532943255927347
41 47 39 0.0 0.0 1280.0 0.0 13709.0 37.0 14185.0 0.08245965366945458
41 47 40 0.0 0.0 1160.0 0.0 13213.0 24.0 13959.0 0.08552752153460809
41 47 41 0.0 0.0 934.0 0.0 12911.0 27.0 7197.0 0.0883782589482987
41 47 42 0.0 0.0 811.0 0.0 12410.0 28.0 5351.0 0.09206286578549351
41 47 43 0.0 0.0 887.0 0.0 12917.0 28.0 7290.0 0.08857956342929452
41 47 44 0.0 0.0 631.0 0.0 10783.0 23.0 2875.0 0.10445422666567185
41 47 45 0.0 0.0 612.0 0.0 11400.0 28.0 4400.0 0.10007863321180926
41 47 46 0.0 0.0 434.0 0.0 8773.0 21.0 1329.0 0.12502232541525268
41 47 47 0.0 0.0 256.0 0.0 5771.0 23.0 375.0 0.17486884836372718
41 47 48 0.0 0.0 97.0 0.0 2343.0 18.0 25.0 0.3165988240615106
41 47 49 0.0 0.0 112.0 0.0 2215.0 13.0 26.0 0.32452480296708386
41 47 50 0.0 0.0 0.0 0.0 3.0 0.0 0.0 0.6989515726410384
41 48 31 0.0 0.0 0.0 0.0 13.0 0.0 0.0 0.695479384003974
41 48 32 0.0 0.0 44.0 0.0 972.0 8.0 1.0 0.46542553191489355
41 48 33 0.0 0.0 43.0 0.0 1234.0 2.0 5.0 0.4274809160305343
41 48 34 0.0 0.0 37.0 0.0 667.0 8.0 1.0 0.5192878338278931
41 48 35 0.0 0.0 221.0 0.0 5607.0 13.0 382.0 0.17909684022003322
41 48 36 0.0 0.0 440.0 0.0 8951.0 19.0 1662.0 0.12294722051462192
41 48 37 0.0 0.0 887.0 0.0 12530.0 34.0 7696.0 0.09084420219323859
41 48 38 0.0 0.0 596.0 0.0 10685.0 30.0 2936.0 0.10556477152767303
41 48 39 0.0 0.0 381.0 0.0 8079.0 18.0 1229.0 0.1339969372128637
41 48 40 0.0 0.0 563.0 0.0 10140.0 16.0 2312.0 0.11023622047244093
41 48 41 0.0 0.0 479.0 0.0 9042.0 20.0 1541.0 0.12164393083673646
41 48 42 0.0 0.0 394.0 0.0 8659.0 21.0 1442.0 0.12680010868580743
41 48 43 0.0 0.0 473.0 0.0 9121.0 31.0 1533.0 0.12103397596611047
41 48 44 0.0 0.0 258.0 0.0 6036.0 20.0 494.0 0.1690821256038647
41 48 45 0.0 0.0 296.0 0.0 6250.0 22.0 504.0 0.1641073731098347
41 48 46 0.0 0.0 110.0 0.0 3056.0 17.0 73.0 0.2719502719502719
41 48 47 0.0 0.0 3.0 0.0 147.0 2.0 0.0 0.6520726595249184
41 48 48 0.0 0.0 0.0 0.0 12.0 0.0 0.0 0.6958250497017892
41 48 50 0.0 0.0 0.0 0.0 1.0 0.0 0.0 0.6996501749125437
41 49 33 0.0 0.0 0.0 0.0 1.0 0.0 0.0 0.6996501749125437
41 49 34 0.0 0.0 0.0 0.0 32.0 0.0 0.0 0.6889763779527558
41 49 35 0.0 0.0 80.0 0.0 1866.0 11.0 28.0 0.3558718861209964
41 49 36 0.0 0.0 374.0 0.0 7665.0 28.0 911.0 0.13970661610617702
41 49 37 0.0 0.0 248.0 0.0 5438.0 15.0 318.0 0.18245796950345364
41 49 38 0.0 0.0 137.0 0.0 3196.0 4.0 84.0 0.26266416510318946
41 49 39 0.0 0.0 104.0 0.0 2566.0 21.0 49.0 0.30107526881720426
41 49 40 0.0 0.0 188.0 0.0 3715.0 22.0 95.0 0.23805475259309636
41 49 41 0.0 0.0 0.0 0.0 162.0 0.0 0.0 0.6475485661424606
41 49 42 0.0 0.0 9.0 0.0 417.0 4.0 1.0 0.5782734407269723
41 49 43 0.0 0.0 6.0 0.0 172.0 1.0 0.0 0.6433823529411764
41 49 44 0.0 0.0 131.0 0.0 2813.0 16.0 56.0 0.28409090909090906
41 49 45 0.0 0.0 72.0 0.0 1366.0 10.0 6.0 0.4082822980460776
41 49 46 0.0 0.0 0.0 0.0 9.0 0.0 0.0 0.6968641114982577
41 49 47 0.0 0.0 0.0 0.0 5.0 0.0 0.0 0.6982543640897755
41 50 35 0.0 0.0 10.0 0.0 161.0 0.0 0.0 0.6451612903225805
41 50 36 0.0 0.0 15.0 0.0 386.0 0.0 0.0 0.5830903790087463
41 50 37 0.0 0.0 78.0 0.0 1395.0 13.0 8.0 0.4046242774566473
41 50 38 0.0 0.0 8.0 0.0 332.0 1.0 0.0 0.5988023952095808
41 50 39 0.0 0.0 0.0 0.0 72.0 0.0 0.0 0.6756756756756755
41 50 40 0.0 0.0 93.0 0.0 2107.0 19.0 28.0 0.33484812245874185
41 50 41 0.0 0.0 4.0 0.0 59.0 1.0 0.0 0.6789524733268669
41 50 43 0.0 0.0 0.0 0.0 5.0 0.0 0.0 0.6982543640897755
41 50 44 0.0 0.0 0.0 0.0 6.0 0.0 0.0 0.6979062811565303
41 50 45 0.0 0.0 0.0 0.0 5.0 0.0 0.0 0.6982543640897755
41 51 36 0.0 0.0 0.0 0.0 3.0 0.0 0.0 0.6989515726410384
41 51 37 0.0 0.0 0.0 0.0 1.0 0.0 0.0 0.6996501749125437
41 51 38 0.0 0.0 0.0 0.0 2.0 0.0 0.0 0.6993006993006992
41 51 39 0.0 0.0 0.0 0.0 1.0 0.0 0.0 0.6996501749125437
41 51 40 0.0 0.0 0.0 0.0 2.0 0.0 0.0 0.6993006993006992
42 28 40 0.0 0.0 0.0 0.0 1.0 0.0 0.0 0.6996501749125437
42 29 39 0.0 0.0 0.0 0.0 1.0 0.0 0.0 0.6996501749125437
42 29 40 0.0 0.0 0.0 0.0 1.0 0.0 0.0 0.6996501749125437
42 30 34 0.0 0.0 0.0 0.0 6.0 0.0 0.0 0.6979062811565303
42 30 35 0.0 0.0 0.0 0.0 4.0 0.0 0.0 0.6986027944111775
42 30 36 0.0 0.0 1.0 0.0 40.0 0.0 0.0 0.6859382655560998
42 30 37 0.0 0.0 0.0 0.0 35.0 0.0 0.0 0.6879606879606879
42 30 38 0.0 0.0 0.0 0.0 25.0 0.0 0.0 0.6913580246913579
42 30 39 0.0 0.0 26.0 0.0 422.0 8.0 0.0 0.5737704918032785
42 30 40 0.0 0.0 18.0 0.0 478.0 3.0 0.0 0.5615724027276373
42 30 41 0.0 0.0 87.0 0.0 1906.0 11.0 17.0 0.35140562248995977
42 30 42 0.0 0.0 2.0 0.0 60.0 1.0 0.0 0.6796116504854368
42 30 43 0.0 0.0 1.0 0.0 21.0 0.0 0.0 0.6923837784371908
42 30 44 0.0 0.0 0.0 0.0 8.0 0.0 0.0 0.697211155378486
42 31 32 0.0 0.0 0.0 0.0 6.0 0.0 0.0 0.6979062811565303
42 31 33 0.0 0.0 7.0 0.0 73.0 3.0 0.0 0.6740491092922483
42 31 34 0.0 0.0 135.0 0.0 2764.0 19.0 67.0 0.2868852459016393
42 31 35 0.0 0.0 127.0 0.0 3047.0 20.0 79.0 0.2715283165244375
42 31 36 0.0 0.0 159.0 0.0 3317.0 24.0 82.0 0.25669233590025664
42 31 37 0.0 0.0 18.0 0.0 550.0 1.0 2.0 0.5453837164004673
42 31 38 0.0 0.0 131.0 0.0 2667.0 22.0 44.0 0.2930709650408206
42 31 39 0.0 0.0 234.0 0.0 5693.0 16.0 354.0 0.17687934301958302
42 31 40 0.0 0.0 150.0 0.0 3641.0 11.0 104.0 0.24225644575186012
42 31 41 0.0 0.0 477.0 0.0 9406.0 20.0 1895.0 0.11793446213461375
42 31 42 0.0 0.0 205.0 0.0 4830.0 20.0 262.0 0.199657729606389
42 31 43 0.0 0.0 208.0 0.0 4465.0 18.0 218.0 0.21033653846153844
42 31 44 0.0 0.0 41.0 0.0 1103.0 7.0 5.0 0.44628626075868655
42 31 45 0.0 0.0 51.0 0.0 994.0 10.0 2.0 0.46128500823723223
42 31 46 0.0 0.0 0.0 0.0 4.0 0.0 0.0 0.6986027944111775
42 32 32 0.0 0.0 0.0 0.0 52.0 0.0 0.0 0.6822612085769979
42 32 33 0.0 0.0 76.0 0.0 2329.0 11.0 41.0 0.31854379977246866
42 32 34 0.0 0.0 203.0 0.0 4652.0 14.0 230.0 0.2046185325928091
42 32 35 0.0 0.0 460.0 0.0 8992.0 20.0 1480.0 0.1223883206574001
42 32 36 0.0 0.0 460.0 0.0 9166.0 28.0 1502.0 0.12066885019824165
42 32 37 0.0 0.0 497.0 0.0 9328.0 23.0 1481.0 0.11853357040047412
42 32 38 0.0 0.0 655.0 0.0 11084.0 26.0 3393.0 0.10195164579085347
42 32 39 0.0 0.0 491.0 0.0 9397.0 26.0 1755.0 0.11792452830188678
42 32 40 0.0 0.0 849.0 0.0 12540.0 22.0 6705.0 0.09100955600338034
42 32 41 0.0 0.0 940.0 0.0 12906.0 30.0 9276.0 0.08833922261484098
42 32 42 0.0 0.0 556.0 0.0 9940.0 23.0 2344.0 0.11216151257811248
42 32 43 0.0 0.0 734.0 0.0 11643.0 37.0 3930.0 0.09745910198398884
42 32 44 0.0 0.0 317.0 0.0 7086.0 21.0 731.0 0.1490947816826411
42 32 45 0.0 0.0 151.0 0.0 3583.0 15.0 104.0 0.2449265220433869
42 32 46 0.0 0.0 81.0 0.0 1391.0 14.0 14.0 0.4047412546978895
42 32 47 0.0 0.0 3.0 0.0 51.0 1.0 0.0 0.6819288845591815
42 32 48 0.0 0.0 0.0 0.0 4.0 1.0 0.0 0.6989515726410384
42 33 31 0.0 0.0 1.0 0.0 25.0 0.0 0.0 0.6913580246913579
42 33 32 0.0 0.0 73.0 0.0 1506.0 18.0 9.0 0.3931479921370401
42 33 33 0.0 0.0 203.0 0.0 4814.0 18.0 245.0 0.19994287346472436
42 33 34 0.0 0.0 540.0 0.0 10321.0 22.0 2502.0 0.1089578955560744
42 33 35 0.0 0.0 553.0 0.0 10633.0 29.0 3123.0 0.10633449794926324
42 33 36 0.0 0.0 1180.0 0.0 13326.0 36.0 13081.0 0.08477655322756449
42 33 37 0.0 0.0 1081.0 0.0 13170.0 47.0 11293.0 0.08626001232285889
42 33 38 0.0 0.0 1304.0 0.0 13621.0 30.0 14199.0 0.08271787296898078
42 33 39 0.0 0.0 1359.0 0.0 13761.0 28.0 15624.0 0.08176137359107633
42 33 40 0.0 0.0 1906.0 0.0 13111.0 51.0 27878.0 0.08226583617346338
42 33 41 0.0 0.0 1549.0 0.0 13609.0 39.0 19696.0 0.08157557394243095
42 33 42 0.0 0.0 1338.0 0.0 13189.0 32.0 18629.0 0.08469961885171516
42 33 43 0.0 0.0 924.0 0.0 12756.0 37.0 7462.0 0.08939974457215835
42 33 44 0.0 0.0 855.0 0.0 12513.0 26.0 7148.0 0.09115176769320918
42 33 45 0.0 0.0 560.0 0.0 10302.0 25.0 2653.0 0.1089578955560744
42 33 46 0.0 0.0 82.0 0.0 2248.0 14.0 33.0 0.3244495944380069
42 33 47 0.0 0.0 28.0 0.0 604.0 4.0 0.0 0.5329272934906736
42 33 48 0.0 0.0 2.0 0.0 119.0 0.0 0.0 0.66006600660066
42 34 30 0.0 0.0 0.0 0.0 10.0 0.0 0.0 0.6965174129353233
42 34 31 0.0 0.0 10.0 0.0 158.0 2.0 0.0 0.6463527239150507
42 34 32 0.0 0.0 289.0 0.0 5927.0 26.0 415.0 0.17079419299743806
42 34 33 0.0 0.0 452.0 0.0 9190.0 23.0 1880.0 0.12038868346375439
42 34 34 0.0 0.0 1201.0 0.0 13204.0 31.0 14861.0 0.08529304252467405
42 34 35 0.0 0.0 1660.0 0.0 13718.0 40.0 21497.0 0.08050603795284646
42 34 36 0.0 0.0 2076.0 0.0 13196.0 48.0 30763.0 0.08103727714748783
42 34 37 0.0 0.0 2543.0 0.0 12308.0 38.0 40769.0 0.08301215535131928
42 34 38 0.0 0.0 2910.0 0.0 12294.0 58.0 45092.0 0.08130553458388988
42 34 39 0.0 0.0 3078.0 0.0 10289.0 61.0 62674.0 0.09102139002665625
42 34 40 0.0 0.0 2516.0 0.0 13007.0 57.0 36063.0 0.0798585363071131
42 34 41 0.0 0.0 2670.0 0.0 11688.0 71.0 46636.0 0.08560073372057474
42 34 42 0.0 0.0 1866.0 0.0 13625.0 43.0 25014.0 0.0799314872966029
42 34 43 0.0 0.0 1793.0 0.0 13863.0 42.0 22542.0 0.07931561951164239
42 34 44 0.0 0.0 1089.0 0.0 13388.0 31.0 10333.0 0.08496176720475786
42 34 45 0.0 0.0 714.0 0.0 11832.0 29.0 4942.0 0.096325856612082
42 34 46 0.0 0.0 670.0 0.0 11549.0 28.0 5108.0 0.09852216748768472
42 34 47 0.0 0.0 426.0 0.0 8661.0 19.0 1409.0 0.12642225031605558
42 34 48 0.0 0.0 102.0 0.0 2281.0 10.0 18.0 0.32007315957933236
42 34 49 0.0 0.0 0.0 0.0 29.0 0.0 0.0 0.6899950714637751
42 35 29 0.0 0.0 0.0 0.0 1.0 0.0 0.0 0.6996501749125437
42 35 30 0.0 0.0 9.0 0.0 380.0 3.0 1.0 0.5870020964360586
42 35 31 0.0 0.0 130.0 0.0 3413.0 8.0 77.0 0.25289017341040454
42 35 32 0.0 0.0 593.0 0.0 10581.0 27.0 2786.0 0.10637489552465616
42 35 33 0.0 0.0 1229.0 0.0 13378.0 35.0 13615.0 0.08429164910590642
42 35 34 0.0 0.0 1195.0 0.0 13675.0 44.0 11520.0 0.08309591642924975
42 35 35 0.0 0.0 2659.0 0.0 11603.0 58.0 46488.0 0.0860849781713091
42 35 36 0.0 0.0 3457.0 0.0 11092.0 71.0 59851.0 0.0846484067960578
42 35 37 0.0 0.0 3982.0 0.0 9768.0 77.0 74911.0 0.0889679715302491
42 35 38 0.0 0.0 4493.0 0.0 9697.0 78.0 79468.0 0.08646245059288536
42 35 39 0.0 0.0 4669.0 0.0 11550.0 76.0 65839.0 0.07687239182956292
42 35 40 0.0 0.0 4382.0 0.0 11985.0 77.0 61458.0 0.07619462283661695
42 35 41 0.0 0.0 3942.0 0.0 11129.0 77.0 63269.0 0.08210662131253298
42 35 42 0.0 0.0 3269.0 0.0 12429.0 68.0 48509.0 0.0791765637371338
42 35 43 0.0 0.0 2889.0 0.0 12181.0 61.0 46077.0 0.0818952910207663
42 35 44 0.0 0.0 2113.0 0.0 12960.0 48.0 32423.0 0.08201042704000937
42 35 45 0.0 0.0 1245.0 0.0 14008.0 33.0 11642.0 0.08112179858616293
42 35 46 0.0 0.0 903.0 0.0 12756.0 27.0 6563.0 0.08944543828264757
42 35 47 0.0 0.0 478.0 0.0 9699.0 26.0 2020.0 0.11514104778353482
42 35 48 0.0 0.0 313.0 0.0 6956.0 22.0 719.0 0.151285930408472
42 35 49 0.0 0.0 103.0 0.0 2481.0 18.0 42.0 0.3065469673746441
42 35 50 0.0 0.0 0.0 0.0 42.0 0.0 0.0 0.6856023506366307
42 36 29 0.0 0.0 0.0 0.0 3.0 0.0 0.0 0.6989515726410384
42 36 30 0.0 0.0 22.0 0.0 653.0 6.0 2.0 0.5245410266017234
42 36 31 0.0 0.0 506.0 0.0 9686.0 19.0 2143.0 0.11491422473939095
42 36 32 0.0 0.0 965.0 0.0 13167.0 31.0 9988.0 0.08680555555555555
42 36 33 0.0 0.0 1120.0 0.0 13455.0 26.0 10033.0 0.08451044307618012
42 36 34 0.0 0.0 1981.0 0.0 13430.0 50.0 26566.0 0.08043665613329502
42 36 35 0.0 0.0 3491.0 0.0 11515.0 77.0 57270.0 0.08240626287597856
42 36 36 0.0 0.0 4591.0 0.0 8409.0 67.0 93033.0 0.0932525144874442
42 36 37 0.0 0.0 5469.0 0.0 7502.0 70.0 106617.0 0.0934766642184683
42 36 38 0.0 0.0 5598.0 0.0 6268.0 89.0 120619.0 0.10115606936416183
42 36 39 0.0 0.0 6646.0 0.0 7793.0 67.0 109483.0 0.08506501397496657
42 36 40 0.0 0.0 5982.0 0.0 7209.0 78.0 113093.0 0.09217196655474356
42 36 41 0.0 1.0 6008.0 2.0 8585.0 73.0 96832.0 0.08427642667950878
42 36 42 0.0 1.0 5271.0 4.0 8814.0 73.0 92413.0 0.08688097306689835
42 36 43 0.0 0.0 4443.0 0.0 11229.0 81.0 66147.0 0.07923033389926427
42 36 44 0.0 0.0 3296.0 0.0 11740.0 59.0 53829.0 0.08223684210526314
42 36 45 0.0 0.0 2416.0 0.0 13314.0 61.0 35305.0 0.07902015013828526
42 36 46 0.0 0.0 2043.0 0.0 12579.0 61.0 32098.0 0.08431195423065341
42 36 47 0.0 0.0 675.0 0.0 11428.0 27.0 4141.0 0.09938946471674001
42 36 48 0.0 0.0 342.0 0.0 7047.0 19.0 654.0 0.14936519790888722
42 36 49 0.0 0.0 206.0 0.0 5242.0 16.0 350.0 0.18822264049475662
42 36 50 0.0 0.0 1.0 0.0 32.0 1.0 0.0 0.6889763779527558
42 37 29 0.0 0.0 0.0 0.0 13.0 0.0 0.0 0.695479384003974
42 37 30 0.0 0.0 244.0 0.0 5207.0 23.0 252.0 0.18850141376060314
42 37 31 0.0 0.0 502.0 0.0 9653.0 24.0 2016.0 0.11536876802636999
42 37 32 0.0 0.0 1305.0 0.0 13358.0 34.0 15926.0 0.08400336013440536
42 37 33 0.0 0.0 2079.0 0.0 12266.0 48.0 35458.0 0.08563214875527554
42 37 34 0.0 0.0 3056.0 0.0 11904.0 66.0 49064.0 0.08251797713073204
42 37 35 0.0 0.0 4103.0 0.0 10502.0 67.0 70928.0 0.08441362677117877
42 37 36 0.0 3.0 5501.0 2.0 7758.0 72.0 105515.0 0.09170105456212746
42 37 37 0.0 0.0 6326.0 0.0 6014.0 73.0 126600.0 0.09762900976290097
42 37 38 0.0 0.0 7172.0 0.0 5096.0 78.0 138545.0 0.09809417040358744
42 37 39 0.0 0.0 6394.0 0.0 4164.0 59.0 147810.0 0.11146496815286623
42 37 40 0.0 1.0 7028.0 3.0 4705.0 47.0 141452.0 0.10180337405468294
42 37 41 0.0 5.0 6910.0 5.0 5086.0 55.0 137494.0 0.09981462997290744
42 37 42 0.0 1.0 6801.0 1.0 6181.0 75.0 126833.0 0.09348290598290597
42 37 43 0.0 0.0 5873.0 0.0 8027.0 78.0 103806.0 0.08806139136998363
42 37 44 0.0 0.0 4897.0 0.0 10146.0 80.0 78852.0 0.08217891523831884
42 37 45 0.0 0.0 3325.0 0.0 11995.0 77.0 52954.0 0.08077544426494344
42 37 46 0.0 0.0 2222.0 0.0 13338.0 45.0 30388.0 0.07973573299920263
42 37 47 0.0 0.0 1016.0 0.0 13186.0 27.0 10004.0 0.08640908529811134
42 37 48 0.0 0.0 459.0 0.0 9308.0 24.0 1786.0 0.11916922029281578
42 37 49 0.0 0.0 44.0 0.0 938.0 11.0 4.0 0.4713804713804713
42 37 50 0.0 0.0 1.0 0.0 38.0 0.0 0.0 0.6869479882237487
42 38 29 0.0 0.0 1.0 0.0 33.0 1.0 0.0 0.6886374815543531
42 38 30 0.0 0.0 11.0 0.0 293.0 3.0 2.0 0.6084311169056931
42 38 31 0.0 0.0 352.0 0.0 7673.0 24.0 978.0 0.13991605036977808
42 38 32 0.0 0.0 1170.0 0.0 13479.0 39.0 12298.0 0.08408408408408408
42 38 33 0.0 0.0 1655.0 0.0 14103.0 45.0 18993.0 0.07884658706915972
42 38 34 0.0 0.0 3223.0 0.0 11619.0 75.0 53323.0 0.08317490494296577
42 38 35 0.0 0.0 4710.0 0.0 9482.0 88.0 83601.0 0.08654262224145391
42 38 36 0.0 0.0 6519.0 0.0 7566.0 72.0 112402.0 0.08695112104838207
42 38 37 0.0 0.0 6614.0 0.0 4477.0 58.0 143779.0 0.10683760683760683
42 38 38 0.0 2.0 5625.0 1.0 2907.0 38.0 161501.0 0.13296609364612022
42 38 39 0.0 4.0 5664.0 1.0 2569.0 30.0 165593.0 0.1366520253782333
42 38 40 0.0 11.0 7080.0 11.0 3128.0 32.0 160943.0 0.1143603986276752
42 38 41 0.0 4.0 6513.0 4.0 3112.0 47.0 159892.0 0.12020262728599637
42 38 42 0.0 3.0 7092.0 7.0 4186.0 43.0 149036.0 0.10523941967977146
42 38 43 0.0 2.0 5718.0 5.0 4701.0 60.0 140047.0 0.11250401800064287
42 38 44 0.0 3.0 5721.0 1.0 7466.0 50.0 109900.0 0.09196610392169742
42 38 45 0.0 0.0 3949.0 0.0 8019.0 70.0 91320.0 0.10023627121071095
42 38 46 0.0 0.0 3027.0 0.0 11546.0 61.0 50910.0 0.08449514152936205
42 38 47 0.0 0.0 1031.0 0.0 13392.0 39.0 8525.0 0.08526706863999026
42 38 48 0.0 0.0 772.0 0.0 12024.0 29.0 4811.0 0.09469056476158268
42 38 49 0.0 0.0 284.0 0.0 5736.0 19.0 360.0 0.17493439960014992
42 38 50 0.0 0.0 2.0 0.0 35.0 0.0 0.0 0.6872852233676975
42 39 29 0.0 0.0 0.0 0.0 12.0 0.0 0.0 0.6958250497017892
42 39 30 0.0 0.0 24.0 0.0 693.0 4.0 1.0 0.5160339107998525
42 39 31 0.0 0.0 492.0 0.0 9598.0 21.0 1951.0 0.11597084161696486
42 39 32 0.0 0.0 1224.0 0.0 13535.0 30.0 12905.0 0.0835421888053467
42 39 33 0.0 0.0 2020.0 0.0 13753.0 40.0 26090.0 0.0787711697518708
42 39 34 0.0 0.0 3317.0 0.0 12684.0 58.0 47531.0 0.07783831869231624
42 39 35 0.0 0.0 4693.0 0.0 7776.0 59.0 99812.0 0.09675858732462504
42 39 36 0.0 0.0 6403.0 0.0 6182.0 53.0 126920.0 0.09584445813650988
42 39 37 0.0 0.0 6740.0 0.0 4095.0 64.0 150049.0 0.10917881930905403
42 39 38 0.0 1.0 7082.0 1.0 2930.0 44.0 162204.0 0.11649192877350639
42 39 39 0.0 7.0 7230.0 5.0 2426.0 37.0 168678.0 0.12010981468771448
42 39 40 1.0 23.0 7279.0 19.0 2319.0 30.0 169565.0 0.11994516792323508
42 39 41 0.0 19.0 6910.0 9.0 2497.0 33.0 168119.0 0.12235623142807199
42 39 42 0.0 11.0 5848.0 10.0 2583.0 42.0 166065.0 0.13389441469013005
42 39 43 0.0 8.0 5402.0 6.0 3465.0 49.0 153807.0 0.12858192505510652
42 39 44 0.0 0.0 6392.0 0.0 7140.0 67.0 114037.0 0.09003794456235127
42 39 45 0.0 0.0 4692.0 0.0 10972.0 80.0 71435.0 0.0792796874115182
42 39 46 0.0 0.0 2287.0 0.0 14067.0 45.0 28589.0 0.07624857033930613
42 39 47 0.0 0.0 1588.0 0.0 13264.0 42.0 21290.0 0.08307126327656796
42 39 48 0.0 0.0 603.0 0.0 10564.0 23.0 2625.0 0.10643150372510263
42 39 49 0.0 0.0 160.0 0.0 3727.0 18.0 101.0 0.23854148918043958
42 39 50 0.0 0.0 5.0 0.0 31.0 2.0 0.0 0.6882989183874139
42 40 29 0.0 0.0 0.0 0.0 8.0 0.0 0.0 0.697211155378486
42 40 30 0.0 0.0 16.0 0.0 349.0 5.0 1.0 0.5937234944868531
42 40 31 0.0 0.0 630.0 0.0 11182.0 34.0 3805.0 0.1015228426395939
42 40 32 0.0 0.0 864.0 0.0 12684.0 32.0 6944.0 0.09013649240278135
42 40 33 0.0 0.0 2117.0 0.0 12684.0 38.0 33000.0 0.0833134967864794
42 40 34 0.0 0.0 3353.0 0.0 10796.0 65.0 59761.0 0.08659615265664625
42 40 35 0.0 0.0 5136.0 0.0 8460.0 74.0 94574.0 0.08984149393569915
42 40 36 0.0 0.0 6831.0 0.0 6481.0 77.0 122412.0 0.09137188356611407
42 40 37 0.0 1.0 6860.0 1.0 3942.0 51.0 151047.0 0.10916179337231968
42 40 38 0.0 6.0 5097.0 3.0 1992.0 28.0 171459.0 0.1539815222173339
42 40 39 0.0 7.0 5922.0 1.0 1933.0 22.0 174152.0 0.14171474845632148
42 40 40 0.0 17.0 5769.0 9.0 1706.0 26.0 176115.0 0.14755480607082627
42 40 41 0.0 36.0 6762.0 18.0 2060.0 31.0 171868.0 0.12875931205738983
42 40 42 0.0 20.0 5821.0 17.0 2428.0 38.0 167341.0 0.1363193768257059
42 40 43 0.0 6.0 6905.0 4.0 4224.0 75.0 147202.0 0.1067317221925745
42 40 44 0.0 3.0 6195.0 2.0 6852.0 74.0 118018.0 0.09302325581395347
42 40 45 0.0 0.0 4515.0 0.0 9597.0 74.0 81118.0 0.08689715101483458
42 40 46 0.0 0.0 2886.0 0.0 12100.0 58.0 46590.0 0.08244508568399976
42 40 47 0.0 0.0 1579.0 0.0 13541.0 36.0 21068.0 0.08179003330022784
42 40 48 0.0 0.0 541.0 0.0 10098.0 19.0 2394.0 0.11085596642647874
42 40 49 0.0 0.0 59.0 0.0 1733.0 5.0 20.0 0.3695881731784582
42 40 50 0.0 0.0 0.0 0.0 21.0 0.0 0.0 0.6927263730826323
42 41 29 0.0 0.0 0.0 0.0 2.0 0.0 0.0 0.6993006993006992
42 41 30 0.0 0.0 21.0 0.0 594.0 4.0 1.0 0.5361930294906165
42 41 31 0.0 0.0 302.0 0.0 7017.0 20.0 742.0 0.15037593984962402
42 41 32 0.0 0.0 824.0 0.0 12475.0 29.0 6260.0 0.09159905783826222
42 41 33 0.0 0.0 1712.0 0.0 12939.0 46.0 25636.0 0.08413461538461538
42 41 34 0.0 0.0 3209.0 0.0 12605.0 67.0 46331.0 0.07862518252274514
42 41 35 0.0 0.0 5099.0 0.0 10066.0 72.0 81612.0 0.08149959250203748
42 41 36 0.0 0.0 6077.0 0.0 6284.0 75.0 123637.0 0.0974319716055397
42 41 37 0.0 1.0 7046.0 1.0 4563.0 47.0 144019.0 0.10279001468428779
42 41 38 0.0 3.0 7376.0 2.0 3382.0 49.0 157917.0 0.10962336543731892
42 41 39 0.0 10.0 6497.0 7.0 2332.0 41.0 169651.0 0.1292586095466716
42 41 40 0.0 24.0 6960.0 15.0 2393.0 38.0 169202.0 0.1227747084100675
42 41 41 0.0 20.0 5617.0 14.0 2116.0 31.0 172140.0 0.1434279274664481
42 41 42 0.0 24.0 6239.0 20.0 2946.0 50.0 161690.0 0.12465497284302376
42 41 43 0.0 23.0 7416.0 22.0 5354.0 63.0 136592.0 0.09439050701186621
42 41 44 0.0 1.0 6213.0 1.0 7692.0 88.0 107580.0 0.08804477705804666
42 41 45 0.0 0.0 4255.0 0.0 11317.0 80.0 64531.0 0.0797266514806378
42 41 46 0.0 0.0 2282.0 0.0 13145.0 48.0 32480.0 0.08026602453847036
42 41 47 0.0 0.0 1239.0 0.0 13680.0 41.0 11226.0 0.08278635207852876
42 41 48 0.0 0.0 527.0 0.0 9949.0 20.0 2353.0 0.11227845055738231
42 41 49 0.0 0.0 145.0 0.0 3291.0 21.0 72.0 0.2584933530280649
42 41 50 0.0 0.0 0.0 0.0 38.0 0.0 0.0 0.6869479882237487
42 42 30 0.0 0.0 2.0 0.0 74.0 0.0 0.0 0.6746987951807227
42 42 31 0.0 0.0 292.0 0.0 5661.0 23.0 340.0 0.17638906387803951
42 42 32 0.0 0.0 742.0 0.0 11993.0 20.0 4848.0 0.09506348883004004
42 42 33 0.0 0.0 1405.0 0.0 13766.0 42.0 16393.0 0.08152806894945258
42 42 34 0.0 0.0 2276.0 0.0 14029.0 50.0 27069.0 0.07647348008958321
42 42 35 0.0 0.0 4346.0 0.0 9147.0 60.0 84638.0 0.09025270758122743
42 42 36 0.0 0.0 5203.0 0.0 6478.0 54.0 116294.0 0.10213014298220016
42 42 37 0.0 0.0 7061.0 1.0 6760.0 85.0 121513.0 0.08846761453396523
42 42 38 0.0 12.0 6313.0 9.0 4027.0 54.0 148810.0 0.11327777328262803
42 42 39 0.0 8.0 6365.0 7.0 3167.0 37.0 159861.0 0.12103397596611047
42 42 40 0.0 14.0 5290.0 9.0 2570.0 29.0 165675.0 0.1415142019609825
42 42 41 1.0 27.0 6467.0 18.0 3178.0 49.0 159495.0 0.11983223487118032
42 42 42 0.0 12.0 6124.0 20.0 3768.0 46.0 152843.0 0.11722347818805992
42 42 43 0.0 13.0 6320.0 26.0 5781.0 64.0 129128.0 0.09910802775024775
42 42 44 0.0 0.0 5337.0 0.0 8225.0 71.0 98643.0 0.08985879332477534
42 42 45 0.0 0.0 3783.0 0.0 10308.0 59.0 68581.0 0.08690254500310365
42 42 46 0.0 0.0 2156.0 0.0 13518.0 51.0 28574.0 0.07932910244786945
42 42 47 0.0 0.0 1831.0 0.0 13075.0 52.0 26207.0 0.08281083638944751
42 42 48 0.0 0.0 816.0 0.0 12422.0 36.0 6752.0 0.09197214557876757
42 42 49 0.0 0.0 215.0 0.0 4769.0 18.0 219.0 0.20094732309458874
42 42 50 0.0 0.0 0.0 0.0 34.0 0.0 0.0 0.6886374815543531
42 43 30 0.0 0.0 6.0 0.0 269.0 0.0 0.0 0.615655233069481
42 43 31 0.0 0.0 9.0 0.0 738.0 4.0 2.0 0.5103900838497994
42 43 32 0.0 0.0 556.0 0.0 10273.0 22.0 2518.0 0.10920436817472698
42 43 33 0.0 0.0 1285.0 0.0 13516.0 49.0 13960.0 0.08339289969025493
42 43 34 0.0 0.0 2576.0 0.0 12862.0 66.0 37559.0 0.08027983255920637
42 43 35 0.0 0.0 3436.0 0.0 11355.0 78.0 57628.0 0.08340283569641367
42 43 36 0.0 0.0 4276.0 0.0 8488.0 79.0 90715.0 0.09488952148569878
42 43 37 0.0 0.0 5833.0 0.0 9860.0 86.0 87188.0 0.07914075749010739
42 43 38 0.0 0.0 6902.0 0.0 7720.0 87.0 110573.0 0.08433734939759036
42 43 39 0.0 4.0 5970.0 8.0 4931.0 58.0 139545.0 0.10853554539111558
42 43 40 0.0 9.0 7546.0 7.0 5991.0 82.0 130398.0 0.09009588776626551
42 43 41 0.0 15.0 6225.0 25.0 5132.0 67.0 137509.0 0.10445422666567185
42 43 42 0.0 8.0 6784.0 10.0 6672.0 81.0 120029.0 0.09042175289026673
42 43 43 0.0 15.0 5834.0 29.0 8038.0 85.0 103672.0 0.08793417498900821
42 43 44 0.0 4.0 4719.0 7.0 9227.0 80.0 84731.0 0.0877412885434946
42 43 45 0.0 0.0 3169.0 0.0 12294.0 76.0 47970.0 0.08019705562238642
42 43 46 0.0 0.0 2082.0 0.0 12486.0 38.0 33146.0 0.084433990712261
42 43 47 0.0 0.0 756.0 0.0 11945.0 41.0 4407.0 0.0953483620513519
42 43 48 0.0 0.0 806.0 0.0 12308.0 43.0 6251.0 0.09272137227630968
42 43 49 0.0 0.0 140.0 0.0 3447.0 10.0 100.0 0.2509410288582183
42 43 50 0.0 0.0 20.0 0.0 347.0 6.0 1.0 0.5932203389830507
42 44 30 0.0 0.0 0.0 0.0 32.0 0.0 0.0 0.6893156080748399
42 44 31 0.0 0.0 325.0 0.0 6848.0 21.0 694.0 0.1529386060738475
42 44 32 0.0 0.0 349.0 0.0 7368.0 14.0 831.0 0.14421096003296247
42 44 33 0.0 0.0 786.0 0.0 12252.0 21.0 6433.0 0.09313464608834485
42 44 34 0.0 0.0 2052.0 0.0 12662.0 54.0 33021.0 0.08375710439724797
42 44 35 0.0 0.0 2343.0 0.0 12985.0 57.0 34712.0 0.08088745088976194
42 44 36 0.0 0.0 3312.0 0.0 11035.0 77.0 58495.0 0.08571078731480347
42 44 37 0.0 0.0 4182.0 0.0 11624.0 80.0 61538.0 0.07868705035971221
42 44 38 0.0 0.0 5136.0 0.0 10281.0 70.0 80531.0 0.0803028564873236
42 44 39 0.0 1.0 5351.0 0.0 7693.0 84.0 104614.0 0.09303561935140882
42 44 40 0.0 2.0 5758.0 6.0 8321.0 85.0 100537.0 0.0870430241233524
42 44 41 0.0 0.0 5715.0 2.0 9287.0 87.0 91679.0 0.08232388568740444
42 44 42 0.0 1.0 4958.0 4.0 8790.0 90.0 92666.0 0.08892841262783459
42 44 43 0.0 0.0 4430.0 0.0 8957.0 88.0 85476.0 0.09106283335501494
42 44 44 0.0 0.0 3570.0 3.0 10981.0 87.0 61810.0 0.0846484067960578
42 44 45 0.0 0.0 2527.0 1.0 12621.0 52.0 39332.0 0.08156606851549755
42 44 46 0.0 0.0 1592.0 0.0 13522.0 29.0 20426.0 0.08174227827407017
42 44 47 0.0 0.0 967.0 0.0 13165.0 47.0 8053.0 0.08688636504685657
42 44 48 0.0 0.0 169.0 0.0 4001.0 23.0 133.0 0.22775337563038878
42 44 49 0.0 0.0 10.0 0.0 432.0 4.0 0.0 0.5744768157570782
42 44 50 0.0 0.0 13.0 0.0 374.0 4.0 0.0 0.5874947545111203
42 45 30 0.0 0.0 0.0 0.0 24.0 0.0 0.0 0.6916996047430829
42 45 31 0.0 0.0 125.0 0.0 2916.0 16.0 60.0 0.27860696517412936
42 45 32 0.0 0.0 169.0 0.0 4544.0 11.0 216.0 0.20901761719916392
42 45 33 0.0 0.0 650.0 0.0 11499.0 18.0 4128.0 0.09892594686263424
42 45 34 0.0 0.0 1083.0 0.0 13289.0 45.0 11077.0 0.0856269113149847
42 45 35 0.0 0.0 1515.0 0.0 13706.0 43.0 18043.0 0.08131025670809618
42 45 36 0.0 0.0 1825.0 0.0 13780.0 47.0 22553.0 0.07948223004428294
42 45 37 0.0 0.0 2342.0 0.0 13071.0 49.0 34231.0 0.08041817450743867
42 45 38 0.0 0.0 3207.0 0.0 12506.0 74.0 47362.0 0.07904691999322454
42 45 39 0.0 0.0 3879.0 0.0 12043.0 69.0 57148.0 0.07810756527560811
42 45 40 0.0 0.0 3586.0 0.0 12732.0 79.0 49819.0 0.07641921397379911
42 45 41 0.0 0.0 3524.0 0.0 12106.0 81.0 53329.0 0.07952286282306162
42 45 42 0.0 0.0 3191.0 2.0 12717.0 81.0 46126.0 0.07813372028128138
42 45 43 0.0 0.0 2785.0 0.0 13226.0 66.0 37830.0 0.07775186049094746
42 45 44 0.0 0.0 2338.0 0.0 11937.0 54.0 40378.0 0.08602679120068821
42 45 45 0.0 0.0 2185.0 0.0 12584.0 54.0 35294.0 0.0834824090638044
42 45 46 0.0 0.0 1571.0 0.0 12913.0 55.0 23653.0 0.08499271491015055
42 45 47 0.0 0.0 680.0 0.0 11667.0 27.0 4329.0 0.09769713886950453
42 45 48 0.0 0.0 204.0 0.0 4231.0 20.0 153.0 0.21820448877805482
42 45 49 0.0 0.0 1.0 0.0 100.0 2.0 0.0 0.6669842782277274
42 45 50 0.0 0.0 4.0 0.0 69.0 2.0 0.0 0.6760019314340897
42 46 30 0.0 0.0 0.0 0.0 6.0 0.0 0.0 0.6979062811565303
42 46 31 0.0 0.0 101.0 0.0 2595.0 10.0 39.0 0.2988260405549626
42 46 32 0.0 0.0 167.0 0.0 3998.0 19.0 151.0 0.2276792974467393
42 46 33 0.0 0.0 395.0 0.0 8111.0 23.0 1190.0 0.13349861733574903
42 46 34 0.0 0.0 312.0 0.0 6947.0 20.0 697.0 0.15149875554593656
42 46 35 0.0 0.0 621.0 0.0 11023.0 24.0 3690.0 0.10270706477881299
42 46 36 0.0 0.0 1154.0 0.0 13607.0 43.0 12011.0 0.08359706216038693
42 46 37 0.0 0.0 2054.0 0.0 12422.0 54.0 34159.0 0.08496176720475786
42 46 38 0.0 0.0 2042.0 0.0 12973.0 45.0 30263.0 0.08229485069362802
42 46 39 0.0 0.0 2416.0 0.0 12777.0 44.0 36786.0 0.08133387555917039
42 46 40 0.0 0.0 2249.0 0.0 12754.0 68.0 33651.0 0.0823868651797799
42 46 41 0.0 0.0 2105.0 0.0 12717.0 63.0 31327.0 0.08314526665874807
42 46 42 0.0 0.0 2074.0 0.0 13309.0 59.0 28027.0 0.0805709023941068
42 46 43 0.0 0.0 1240.0 0.0 13864.0 42.0 12930.0 0.08189050070191857
42 46 44 0.0 0.0 1166.0 0.0 13533.0 40.0 11696.0 0.0839278220730172
42 46 45 0.0 0.0 1091.0 0.0 13537.0 29.0 9416.0 0.08420546132563454
42 46 46 0.0 0.0 924.0 0.0 12934.0 38.0 9090.0 0.08842291416661403
42 46 47 0.0 0.0 469.0 0.0 9346.0 26.0 1902.0 0.1186842997626314
42 46 48 0.0 0.0 207.0 0.0 4557.0 20.0 197.0 0.20746887966804975
42 46 49 0.0 0.0 0.0 0.0 20.0 0.0 0.0 0.6930693069306929
42 47 30 0.0 0.0 0.0 0.0 2.0 0.0 0.0 0.6993006993006992
42 47 31 0.0 0.0 1.0 0.0 39.0 0.0 0.0 0.6862745098039215
42 47 32 0.0 0.0 97.0 0.0 2534.0 11.0 49.0 0.3029647262497295
42 47 33 0.0 0.0 153.0 0.0 4242.0 16.0 188.0 0.21936696960200558
42 47 34 0.0 0.0 274.0 0.0 5936.0 27.0 455.0 0.1710654936461388
42 47 35 0.0 0.0 275.0 0.0 6287.0 15.0 494.0 0.16378100140383714
42 47 36 0.0 0.0 709.0 0.0 11450.0 29.0 3697.0 0.09896091044037604
42 47 37 0.0 0.0 862.0 0.0 12859.0 30.0 7914.0 0.08907552331869949
42 47 38 0.0 0.0 1068.0 0.0 13420.0 31.0 8550.0 0.0849463018020751
42 47 39 0.0 0.0 1091.0 0.0 13373.0 30.0 11488.0 0.08503401360544216
42 47 40 0.0 0.0 1157.0 0.0 13532.0 42.0 10854.0 0.08397312859884835
42 47 41 0.0 0.0 792.0 0.0 12289.0 35.0 5159.0 0.0929244656843223
42 47 42 0.0 0.0 1067.0 0.0 13327.0 22.0 9151.0 0.08535544445799291
42 47 43 0.0 0.0 760.0 0.0 12087.0 19.0 5059.0 0.0942951438000943
42 47 44 0.0 0.0 730.0 0.0 11946.0 32.0 5592.0 0.09547190398254228
42 47 45 0.0 0.0 369.0 0.0 7665.0 26.0 914.0 0.13980427401637704
42 47 46 0.0 0.0 450.0 0.0 9531.0 17.0 2170.0 0.1169004676018704
42 47 47 0.0 0.0 257.0 0.0 6219.0 13.0 503.0 0.165347820951931
42 47 48 0.0 0.0 21.0 0.0 499.0 5.0 0.0 0.5566600397614313
42 47 49 0.0 0.0 0.0 0.0 2.0 0.0 0.0 0.6993006993006992
42 48 31 0.0 0.0 0.0 0.0 8.0 0.0 0.0 0.697211155378486
42 48 32 0.0 0.0 0.0 0.0 13.0 0.0 0.0 0.695479384003974
42 48 33 0.0 0.0 7.0 0.0 153.0 1.0 0.0 0.6484483557202407
42 48 34 0.0 0.0 46.0 0.0 967.0 10.0 4.0 0.4662004662004661
42 48 35 0.0 0.0 179.0 0.0 4695.0 18.0 215.0 0.20417092022750472
42 48 36 0.0 0.0 417.0 0.0 8493.0 27.0 1337.0 0.12855831037649218
42 48 37 0.0 0.0 720.0 0.0 11626.0 31.0 4304.0 0.09763581839737777
42 48 38 0.0 0.0 707.0 0.0 11641.0 27.0 5424.0 0.09763581839737777
42 48 39 0.0 0.0 388.0 0.0 8236.0 13.0 1162.0 0.1319012624835123
42 48 40 0.0 0.0 263.0 0.0 5452.0 17.0 257.0 0.1818181818181818
42 48 41 0.0 0.0 427.0 0.0 9201.0 24.0 1952.0 0.1205857019810508
42 48 42 0.0 0.0 386.0 0.0 8342.0 24.0 1217.0 0.130718954248366
42 48 43 0.0 0.0 253.0 0.0 5428.0 20.0 313.0 0.18269607203445123
42 48 44 0.0 0.0 53.0 0.0 1433.0 8.0 14.0 0.4026459591601955
42 48 45 0.0 0.0 74.0 0.0 2223.0 12.0 32.0 0.32695002335357304
42 48 46 0.0 0.0 76.0 0.0 1969.0 12.0 21.0 0.34730836020838496
42 48 47 0.0 0.0 13.0 0.0 434.0 2.0 3.0 0.5725971370143148
42 48 48 0.0 0.0 6.0 0.0 84.0 1.0 0.0 0.6701771182383915
42 49 34 0.0 0.0 32.0 0.0 566.0 7.0 1.0 0.5403319181783095
42 49 35 0.0 0.0 48.0 0.0 1084.0 7.0 4.0 0.44799999999999995
42 49 36 0.0 0.0 178.0 0.0 4048.0 16.0 129.0 0.22540653678956687
42 49 37 0.0 0.0 172.0 0.0 3897.0 23.0 99.0 0.23159636062861866
42 49 38 0.0 0.0 203.0 0.0 4939.0 21.0 255.0 0.1967397414277684
42 49 39 0.0 0.0 120.0 0.0 2442.0 12.0 35.0 0.30775994724115185
42 49 40 0.0 0.0 42.0 0.0 1034.0 6.0 6.0 0.4560260586319217
42 49 41 0.0 0.0 39.0 0.0 953.0 8.0 3.0 0.4691689008042895
42 49 42 0.0 0.0 58.0 0.0 1312.0 13.0 6.0 0.41703902293714623
42 49 43 0.0 0.0 2.0 0.0 124.0 2.0 0.0 0.6591337099811675
42 49 44 0.0 0.0 30.0 0.0 775.0 8.0 1.0 0.5005362888809438
42 49 45 0.0 0.0 0.0 0.0 39.0 0.0 0.0 0.6866110838646394
42 49 46 0.0 0.0 0.0 0.0 11.0 0.0 0.0 0.6961710591745399
42 49 47 0.0 0.0 0.0 0.0 4.0 0.0 0.0 0.6986027944111775
42 50 35 0.0 0.0 19.0 0.0 352.0 4.0 0.0 0.5914659907055343
42 50 36 0.0 0.0 5.0 0.0 146.0 0.0 0.0 0.6508600650860064
42 50 37 0.0 0.0 10.0 0.0 275.0 1.0 0.0 0.6129597197898423
42 50 38 0.0 0.0 2.0 0.0 65.0 1.0 0.0 0.6776379477250725
42 50 39 0.0 0.0 0.0 0.0 11.0 1.0 0.0 0.6965174129353233
42 50 40 0.0 0.0 0.0 0.0 8.0 0.0 0.0 0.697211155378486
42 50 43 0.0 0.0 0.0 0.0 3.0 0.0 0.0 0.6989515726410384
42 50 44 0.0 0.0 0.0 0.0 1.0 0.0 0.0 0.6996501749125437
42 51 37 0.0 0.0 0.0 0.0 1.0 0.0 0.0 0.6996501749125437
42 51 39 0.0 0.0 0.0 0.0 3.0 0.0 0.0 0.6989515726410384
42 51 40 0.0 0.0 0.0 0.0 1.0 0.0 0.0 0.6996501749125437
42 51 41 0.0 0.0 0.0 0.0 2.0 0.0 0.0 0.6993006993006992
43 29 42 0.0 0.0 0.0 0.0 1.0 0.0 0.0 0.6996501749125437
43 30 34 0.0 0.0 0.0 0.0 3.0 0.0 0.0 0.6989515726410384
43 30 35 0.0 0.0 0.0 0.0 14.0 0.0 0.0 0.6951340615690167
43 30 36 0.0 0.0 0.0 0.0 10.0 0.0 0.0 0.6965174129353233
43 30 37 0.0 0.0 0.0 0.0 10.0 0.0 0.0 0.6965174129353233
43 30 38 0.0 0.0 0.0 0.0 13.0 0.0 0.0 0.695479384003974
43 30 39 0.0 0.0 4.0 0.0 168.0 2.0 0.0 0.6451612903225805
43 30 40 0.0 0.0 14.0 0.0 384.0 4.0 1.0 0.5847953216374269
43 30 41 0.0 0.0 47.0 0.0 1156.0 9.0 6.0 0.43832185347526603
43 30 42 0.0 0.0 4.0 0.0 88.0 0.0 0.0 0.6692160611854684
43 30 43 0.0 0.0 0.0 0.0 23.0 0.0 0.0 0.6920415224913494
43 30 44 0.0 0.0 0.0 0.0 6.0 0.0 0.0 0.6979062811565303
43 31 32 0.0 0.0 0.0 0.0 8.0 0.0 0.0 0.697211155378486
43 31 33 0.0 0.0 0.0 0.0 22.0 0.0 0.0 0.6927263730826323
43 31 34 0.0 0.0 3.0 0.0 126.0 2.0 0.0 0.6582040432534085
43 31 35 0.0 0.0 72.0 0.0 1993.0 15.0 22.0 0.34567901234567894
43 31 36 0.0 0.0 133.0 0.0 3195.0 17.0 63.0 0.2635542168674698
43 31 37 0.0 0.0 18.0 0.0 575.0 3.0 3.0 0.5407493240633449
43 31 38 0.0 0.0 53.0 0.0 1322.0 5.0 9.0 0.41543026706231445
43 31 39 0.0 0.0 113.0 0.0 3435.0 12.0 104.0 0.25298156848572456
43 31 40 0.0 0.0 306.0 0.0 6569.0 21.0 540.0 0.15812062344702957
43 31 41 0.0 0.0 240.0 0.0 5013.0 18.0 243.0 0.19342359767891681
43 31 42 0.0 0.0 318.0 0.0 6812.0 29.0 629.0 0.15377855887521966
43 31 43 0.0 0.0 170.0 0.0 3951.0 11.0 126.0 0.22913256955810146
43 31 44 0.0 0.0 20.0 0.0 605.0 5.0 3.0 0.5345551737304314
43 31 45 0.0 0.0 4.0 0.0 51.0 1.0 0.0 0.6815968841285296
43 31 46 0.0 0.0 0.0 0.0 8.0 0.0 0.0 0.697211155378486
43 32 31 0.0 0.0 0.0 0.0 14.0 0.0 0.0 0.6951340615690167
43 32 32 0.0 0.0 19.0 0.0 552.0 2.0 0.0 0.544959128065395
43 32 33 0.0 0.0 279.0 0.0 6086.0 20.0 486.0 0.1677249311129747
43 32 34 0.0 0.0 173.0 0.0 3687.0 21.0 114.0 0.23964395754878462
43 32 35 0.0 0.0 581.0 0.0 10653.0 20.0 3080.0 0.10585210948132465
43 32 36 0.0 0.0 536.0 0.0 10244.0 30.0 2560.0 0.10969207866489068
43 32 37 0.0 0.0 455.0 0.0 9394.0 32.0 1641.0 0.11839323467230442
43 32 38 0.0 0.0 439.0 0.0 8947.0 21.0 1554.0 0.12309856678097247
43 32 39 0.0 0.0 456.0 0.0 8929.0 27.0 1429.0 0.12319605772615275
43 32 40 0.0 0.0 892.0 0.0 12700.0 30.0 7155.0 0.0898242012062107
43 32 41 0.0 0.0 566.0 0.0 10472.0 19.0 2569.0 0.1074856046065259
43 32 42 0.0 0.0 796.0 0.0 12261.0 32.0 5656.0 0.09305417082087071
43 32 43 0.0 0.0 587.0 0.0 11012.0 26.0 4726.0 0.10303208713570797
43 32 44 0.0 0.0 257.0 0.0 5305.0 14.0 295.0 0.1854304635761589
43 32 45 0.0 0.0 145.0 0.0 4084.0 8.0 155.0 0.22504420511171833
43 32 46 0.0 0.0 2.0 0.0 86.0 0.0 0.0 0.6704980842911876
43 32 47 0.0 0.0 0.0 0.0 5.0 1.0 0.0 0.6986027944111775
43 33 30 0.0 0.0 0.0 0.0 2.0 0.0 0.0 0.6993006993006992
43 33 31 0.0 0.0 12.0 0.0 321.0 2.0 1.0 0.6006006006006005
43 33 32 0.0 0.0 12.0 0.0 276.0 1.0 1.0 0.6124234470691162
43 33 33 0.0 0.0 281.0 0.0 6344.0 29.0 489.0 0.16279069767441856
43 33 34 0.0 0.0 463.0 0.0 9509.0 27.0 2320.0 0.11711560983771122
43 33 35 0.0 0.0 676.0 0.0 11580.0 20.0 4057.0 0.09822493510138215
43 33 36 0.0 0.0 1588.0 0.0 13274.0 65.0 21511.0 0.0831008488158129
43 33 37 0.0 0.0 1139.0 0.0 13585.0 26.0 11842.0 0.08363701535336639
43 33 38 0.0 0.0 1290.0 0.0 13763.0 41.0 13618.0 0.08217891523831884
43 33 39 0.0 0.0 1286.0 0.0 13775.0 37.0 13225.0 0.08205368655491735
43 33 40 0.0 0.0 1637.0 0.0 13036.0 39.0 24439.0 0.08398824164616953
43 33 41 0.0 0.0 1192.0 0.0 13707.0 29.0 12404.0 0.08282063416942734
43 33 42 0.0 0.0 1201.0 0.0 13076.0 37.0 16023.0 0.08594757198109153
43 33 43 0.0 0.0 691.0 0.0 11733.0 22.0 4036.0 0.09714801193532717
43 33 44 0.0 0.0 899.0 0.0 12665.0 22.0 8821.0 0.08994539029874718
43 33 45 0.0 0.0 479.0 0.0 9279.0 20.0 1708.0 0.11923011412025206
43 33 46 0.0 0.0 122.0 0.0 3101.0 21.0 82.0 0.269179004037685
43 33 47 0.0 0.0 30.0 0.0 834.0 6.0 2.0 0.48985304408677394
43 33 48 0.0 0.0 0.0 0.0 18.0 0.0 0.0 0.6937561942517343
43 34 30 0.0 0.0 0.0 0.0 3.0 0.0 0.0 0.6989515726410384
43 34 31 0.0 0.0 63.0 0.0 1316.0 21.0 15.0 0.4169148302561048
43 34 32 0.0 0.0 287.0 0.0 6109.0 22.0 437.0 0.16714422158548228
43 34 33 0.0 0.0 503.0 0.0 10181.0 20.0 2791.0 0.11043622308117061
43 34 34 0.0 0.0 1200.0 0.0 13516.0 41.0 12638.0 0.08381226053639845
43 34 35 0.0 0.0 1538.0 0.0 13367.0 48.0 19594.0 0.08288437629506837
43 34 36 0.0 0.0 1954.0 0.0 13287.0 46.0 28240.0 0.08124419684308262
43 34 37 0.0 0.0 1970.0 0.0 14220.0 52.0 23191.0 0.077007700770077
43 34 38 0.0 0.0 2432.0 0.0 12976.0 57.0 35454.0 0.08048752443371276
43 34 39 0.0 0.0 2722.0 0.0 12388.0 62.0 41749.0 0.08183784415736246
43 34 40 0.0 0.0 2176.0 0.0 13505.0 45.0 29363.0 0.07918104179627848
43 34 41 0.0 0.0 1904.0 0.0 13253.0 48.0 28028.0 0.08158508158508158
43 34 42 0.0 0.0 2170.0 0.0 12854.0 53.0 32721.0 0.08218373936014088
43 34 43 0.0 0.0 1151.0 0.0 13611.0 30.0 11662.0 0.0835222527144732
43 34 44 0.0 0.0 1246.0 0.0 13224.0 39.0 14463.0 0.08500819721901753
43 34 45 0.0 0.0 758.0 0.0 12148.0 33.0 5739.0 0.09402283411685694
43 34 46 0.0 0.0 417.0 0.0 8598.0 19.0 1335.0 0.12719178704460796
43 34 47 0.0 0.0 208.0 0.0 4863.0 18.0 209.0 0.19838458268385997
43 34 48 0.0 0.0 2.0 0.0 226.0 1.0 1.0 0.6286484059272563
43 34 49 0.0 0.0 0.0 0.0 16.0 0.0 0.0 0.6944444444444444
43 35 30 0.0 0.0 4.0 0.0 112.0 1.0 0.0 0.6619385342789597
43 35 31 0.0 0.0 197.0 0.0 4976.0 17.0 269.0 0.19558535903883764
43 35 32 0.0 0.0 491.0 0.0 9620.0 19.0 2040.0 0.11571204231754689
43 35 33 0.0 0.0 708.0 0.0 11787.0 24.0 5169.0 0.09660502346121998
43 35 34 0.0 0.0 1562.0 0.0 13515.0 51.0 19776.0 0.08205849598499501
43 35 35 0.0 0.0 2384.0 0.0 11991.0 51.0 40286.0 0.0855170728727628
43 35 36 0.0 0.0 3075.0 0.0 10462.0 69.0 60354.0 0.09009009009009007
43 35 37 0.0 0.0 3602.0 0.0 11153.0 81.0 61203.0 0.08350232613622807
43 35 38 0.0 0.0 4207.0 0.0 10542.0 85.0 71252.0 0.08361703398435165
43 35 39 0.0 0.0 3936.0 0.0 10458.0 56.0 68997.0 0.08530863445250136
43 35 40 0.0 0.0 3845.0 0.0 11255.0 69.0 60891.0 0.08175182481751823
43 35 41 0.0 0.0 3616.0 0.0 11176.0 86.0 60147.0 0.08342271481349063
43 35 42 0.0 0.0 3218.0 0.0 11185.0 82.0 55548.0 0.08540751586139579
43 35 43 0.0 0.0 2643.0 0.0 12548.0 45.0 41712.0 0.08144743731456162
43 35 44 0.0 0.0 1996.0 0.0 13347.0 38.0 27919.0 0.08064516129032258
43 35 45 0.0 0.0 1193.0 0.0 13499.0 35.0 13338.0 0.0838423763324949
43 35 46 0.0 0.0 667.0 0.0 11413.0 19.0 3798.0 0.0994671403197158
43 35 47 0.0 0.0 753.0 0.0 12138.0 26.0 6134.0 0.09406705637304306
43 35 48 0.0 0.0 191.0 0.0 4658.0 15.0 251.0 0.20482809070958302
43 35 49 0.0 0.0 1.0 0.0 139.0 1.0 0.0 0.6545114539504441
43 35 50 0.0 0.0 0.0 0.0 5.0 0.0 0.0 0.6982543640897755
43 36 29 0.0 0.0 0.0 0.0 5.0 0.0 0.0 0.6982543640897755
43 36 30 0.0 0.0 54.0 0.0 1193.0 9.0 11.0 0.43236565781346503
43 36 31 0.0 0.0 350.0 0.0 7003.0 19.0 629.0 0.14989293361884368
43 36 32 0.0 0.0 611.0 0.0 11364.0 29.0 4690.0 0.10031527658354829
43 36 33 0.0 0.0 1573.0 0.0 12415.0 43.0 25562.0 0.08755472170106315
43 36 34 0.0 0.0 1982.0 0.0 13583.0 47.0 27216.0 0.07967220578192578
43 36 35 0.0 0.0 2821.0 0.0 13109.0 63.0 40519.0 0.07806836558300338
43 36 36 0.0 0.0 3948.0 0.0 11056.0 82.0 64641.0 0.08230936562996059
43 36 37 0.0 0.0 4998.0 0.0 9984.0 72.0 80566.0 0.08245479710230284
43 36 38 0.0 0.0 5467.0 0.0 7736.0 83.0 105531.0 0.0920326058374967
43 36 39 0.0 0.0 5447.0 0.0 6885.0 83.0 112309.0 0.09769713886950453
43 36 40 0.0 0.0 5641.0 0.0 8577.0 64.0 98191.0 0.08636644046884638
43 36 41 0.0 0.0 5273.0 0.0 8680.0 83.0 95526.0 0.0877577885037297
43 36 42 0.0 0.0 4744.0 1.0 8807.0 87.0 89789.0 0.09009588776626551
43 36 43 0.0 0.0 3903.0 0.0 11064.0 62.0 63744.0 0.08243052284503061
43 36 44 0.0 0.0 2845.0 0.0 13316.0 57.0 39431.0 0.07702888583218706
43 36 45 0.0 0.0 2166.0 0.0 13561.0 51.0 28982.0 0.07895330475975636
43 36 46 0.0 0.0 1379.0 0.0 13702.0 35.0 16361.0 0.08197201241290474
43 36 47 0.0 0.0 1123.0 0.0 13132.0 40.0 12831.0 0.08616445100935499
43 36 48 0.0 0.0 352.0 0.0 6970.0 20.0 569.0 0.15040825096691016
43 36 49 0.0 0.0 37.0 0.0 841.0 9.0 5.0 0.4881450488145048
43 36 50 0.0 0.0 11.0 0.0 182.0 3.0 0.0 0.639269406392694
43 37 29 0.0 0.0 0.0 0.0 5.0 0.0 0.0 0.6982543640897755
43 37 30 0.0 0.0 27.0 0.0 611.0 11.0 2.0 0.5329272934906736
43 37 31 0.0 0.0 757.0 0.0 11930.0 25.0 4451.0 0.09540684203352867
43 37 32 0.0 0.0 466.0 0.0 9595.0 21.0 2121.0 0.11616329239960171
43 37 33 0.0 0.0 1021.0 0.0 13352.0 25.0 9489.0 0.08551184949914488
43 37 34 0.0 0.0 2200.0 0.0 13569.0 45.0 29676.0 0.07881107858590407
43 37 35 0.0 0.0 3547.0 0.0 11572.0 60.0 56512.0 0.08173273395995095
43 37 36 0.0 0.0 4953.0 0.0 9831.0 62.0 81891.0 0.08341774414586187
43 37 37 0.0 0.0 5725.0 0.0 7196.0 58.0 112617.0 0.09370816599732261
43 37 38 0.0 0.0 5178.0 0.0 4717.0 53.0 137475.0 0.11756802149815249
43 37 39 0.0 0.0 6562.0 1.0 5559.0 64.0 132412.0 0.09907296015851673
43 37 40 0.0 1.0 6923.0 2.0 6190.0 65.0 126005.0 0.09243364584708834
43 37 41 0.0 4.0 6464.0 6.0 6227.0 69.0 125324.0 0.09514747859181731
43 37 42 0.0 1.0 6409.0 0.0 7553.0 83.0 110412.0 0.08776879192527114
43 37 43 0.0 0.0 5082.0 1.0 7777.0 76.0 102722.0 0.09413030323404827
43 37 44 0.0 0.0 4479.0 0.0 9642.0 68.0 80195.0 0.08682170542635657
43 37 45 0.0 0.0 3145.0 0.0 12009.0 68.0 50233.0 0.08158508158508158
43 37 46 0.0 0.0 2439.0 0.0 11769.0 50.0 41944.0 0.08637709772951628
43 37 47 0.0 0.0 1067.0 0.0 13380.0 37.0 10449.0 0.08512708257327009
43 37 48 0.0 0.0 449.0 0.0 9000.0 33.0 1698.0 0.1225168460663341
43 37 49 0.0 0.0 201.0 0.0 4804.0 11.0 218.0 0.20002857551078723
43 37 50 0.0 0.0 52.0 0.0 1222.0 8.0 10.0 0.42865890998162887
43 38 29 0.0 0.0 0.0 0.0 6.0 0.0 0.0 0.6979062811565303
43 38 30 0.0 0.0 31.0 0.0 996.0 5.0 10.0 0.46326935804103236
43 38 31 0.0 0.0 442.0 0.0 8496.0 28.0 1242.0 0.1282991202346041
43 38 32 0.0 0.0 741.0 0.0 12170.0 28.0 6741.0 0.09394081728511038
43 38 33 0.0 0.0 1254.0 0.0 13666.0 37.0 13654.0 0.0826739104759655
43 38 34 0.0 0.0 2533.0 0.0 13286.0 52.0 34391.0 0.07851934941110486
43 38 35 0.0 0.0 4321.0 0.0 10503.0 67.0 71636.0 0.08317490494296577
43 38 36 0.0 0.0 5545.0 0.0 7745.0 77.0 104556.0 0.09151523074911752
43 38 37 0.0 0.0 6306.0 0.0 5979.0 45.0 126287.0 0.09779267951941882
43 38 38 0.0 0.0 6555.0 0.0 4723.0 55.0 142048.0 0.10540581237765395
43 38 39 0.0 1.0 6372.0 1.0 3977.0 44.0 150607.0 0.11333279365336353
43 38 40 0.0 2.0 7723.0 2.0 4615.0 50.0 144634.0 0.0975473801560758
43 38 41 0.0 4.0 6609.0 4.0 4449.0 75.0 145327.0 0.10742786985880907
43 38 42 0.0 4.0 5352.0 3.0 4144.0 50.0 146420.0 0.12159110647906896
43 38 43 0.0 0.0 6125.0 0.0 6227.0 72.0 123062.0 0.0975269940787182
43 38 44 0.0 0.0 4936.0 0.0 7434.0 74.0 104425.0 0.09753378849101295
43 38 45 0.0 0.0 3782.0 0.0 9980.0 75.0 71157.0 0.0889001778003556
43 38 46 0.0 0.0 2334.0 0.0 13215.0 63.0 32853.0 0.07983576642335766
43 38 47 0.0 0.0 1217.0 0.0 13323.0 35.0 13820.0 0.08463817181548877
43 38 48 0.0 0.0 296.0 0.0 6992.0 16.0 752.0 0.15095967220185463
43 38 49 0.0 0.0 60.0 0.0 1599.0 15.0 21.0 0.3842986549547076
43 38 50 0.0 0.0 0.0 0.0 59.0 0.0 0.0 0.6799417192812044
43 39 29 0.0 0.0 0.0 0.0 5.0 0.0 0.0 0.6982543640897755
43 39 30 0.0 0.0 149.0 0.0 2970.0 22.0 57.0 0.2747252747252747
43 39 31 0.0 0.0 376.0 0.0 7949.0 18.0 975.0 0.13567206124624479
43 39 32 0.0 0.0 865.0 0.0 12601.0 38.0 6952.0 0.09064422143088377
43 39 33 0.0 0.0 1576.0 0.0 13717.0 50.0 19004.0 0.08105135182076072
43 39 34 0.0 0.0 2563.0 0.0 13160.0 48.0 36986.0 0.07890880396798557
43 39 35 0.0 0.0 4467.0 0.0 11346.0 80.0 65956.0 0.07870032042273314
43 39 36 0.0 0.0 5673.0 0.0 7113.0 77.0 112198.0 0.09462016761286833
43 39 37 0.0 1.0 6360.0 2.0 5153.0 68.0 135764.0 0.10350436196954013
43 39 38 0.0 0.0 7238.0 0.0 4385.0 65.0 146226.0 0.10271460014673513
43 39 39 0.0 3.0 6940.0 3.0 3555.0 35.0 155034.0 0.11185682326621922
43 39 40 0.0 0.0 6592.0 1.0 3133.0 51.0 160320.0 0.11935208866155156
43 39 41 0.0 2.0 7237.0 4.0 3887.0 45.0 153156.0 0.10651247717589774
43 39 42 0.0 4.0 6961.0 3.0 4408.0 50.0 146942.0 0.10461814377522043
43 39 43 0.0 4.0 6799.0 3.0 5785.0 76.0 130632.0 0.09600219433587052
43 39 44 0.0 0.0 5944.0 0.0 8395.0 88.0 100927.0 0.08562167451532016
43 39 45 0.0 0.0 4241.0 0.0 10812.0 80.0 68749.0 0.08200562324273664
43 39 46 0.0 0.0 2355.0 0.0 12881.0 54.0 35927.0 0.08122063004003016
43 39 47 0.0 0.0 1377.0 0.0 13916.0 35.0 13796.0 0.08100445524503846
43 39 48 0.0 0.0 645.0 0.0 11179.0 31.0 3509.0 0.10144927536231882
43 39 49 0.0 0.0 47.0 0.0 1053.0 12.0 4.0 0.45351473922902485
43 39 50 0.0 0.0 6.0 0.0 317.0 1.0 1.0 0.6029285099052539
43 40 30 0.0 0.0 86.0 0.0 2015.0 11.0 27.0 0.34221461745294546
43 40 31 0.0 0.0 311.0 0.0 7211.0 14.0 803.0 0.14718250630782168
43 40 32 0.0 0.0 675.0 0.0 11685.0 33.0 4762.0 0.09758817788930711
43 40 33 0.0 0.0 1651.0 0.0 13315.0 42.0 22301.0 0.08249366566495786
43 40 34 0.0 0.0 2620.0 0.0 13026.0 77.0 38094.0 0.07933359777865925
43 40 35 0.0 0.0 4180.0 0.0 11477.0 52.0 63622.0 0.07914075749010739
43 40 36 0.0 0.0 5791.0 0.0 7232.0 90.0 112085.0 0.09324009324009323
43 40 37 0.0 0.0 5857.0 0.0 4614.0 56.0 140851.0 0.11205378581719223
43 40 38 0.0 3.0 6758.0 1.0 3942.0 57.0 150464.0 0.11014082290929117
43 40 39 0.0 6.0 7445.0 1.0 3627.0 56.0 155064.0 0.10697638878276151
43 40 40 0.0 3.0 7516.0 1.0 3542.0 41.0 156602.0 0.10712372790573112
43 40 41 0.0 8.0 7337.0 3.0 3669.0 45.0 155182.0 0.1074856046065259
43 40 42 0.0 1.0 7025.0 2.0 4332.0 59.0 147142.0 0.10477473432120939
43 40 43 0.0 8.0 4920.0 5.0 3998.0 60.0 145707.0 0.1282756093091442
43 40 44 0.0 2.0 5184.0 0.0 6860.0 76.0 112737.0 0.09966540898412471
43 40 45 0.0 0.0 4179.0 0.0 11003.0 92.0 65463.0 0.08156131663268278
43 40 46 0.0 0.0 2183.0 0.0 13134.0 53.0 30463.0 0.08085008085008084
43 40 47 0.0 0.0 1205.0 0.0 13610.0 24.0 11933.0 0.08320950965824664
43 40 48 0.0 0.0 630.0 0.0 11148.0 29.0 3553.0 0.10173679238427438
43 40 49 0.0 0.0 220.0 0.0 4726.0 23.0 234.0 0.20222446916076842
43 40 50 0.0 0.0 0.0 0.0 29.0 0.0 0.0 0.6899950714637751
43 41 30 0.0 0.0 3.0 0.0 185.0 5.0 0.0 0.6416131989000916
43 41 31 0.0 0.0 174.0 0.0 4148.0 13.0 164.0 0.22190521477254713
43 41 32 0.0 0.0 764.0 0.0 12101.0 31.0 5761.0 0.09424436216762032
43 41 33 0.0 0.0 1526.0 0.0 13921.0 40.0 17259.0 0.0802430217229323
43 41 34 0.0 0.0 2961.0 0.0 11330.0 72.0 52698.0 0.08603207767467584
43 41 35 0.0 0.0 3949.0 0.0 11995.0 77.0 57302.0 0.07801181321743006
43 41 36 0.0 0.0 5482.0 0.0 8220.0 82.0 98936.0 0.08913790907933274
43 41 37 0.0 0.0 6851.0 0.0 6816.0 89.0 120137.0 0.08947973923047424
43 41 38 0.0 5.0 7131.0 7.0 4801.0 64.0 141288.0 0.10047366154729438
43 41 39 0.0 2.0 6323.0 1.0 3434.0 48.0 155987.0 0.11879507848960541
43 41 40 0.0 4.0 6957.0 5.0 3428.0 45.0 156354.0 0.11287591711682657
43 41 41 0.0 7.0 6725.0 3.0 3715.0 52.0 154100.0 0.11244979919678713
43 41 42 0.0 2.0 7023.0 5.0 4612.0 63.0 142433.0 0.10257913247362249
43 41 43 0.0 3.0 6496.0 7.0 6203.0 70.0 125713.0 0.09504412763068566
43 41 44 0.0 3.0 5632.0 12.0 9606.0 83.0 86666.0 0.08112179858616293
43 41 45 0.0 0.0 3700.0 0.0 10920.0 75.0 63333.0 0.08421559191530316
43 41 46 0.0 0.0 1987.0 0.0 13554.0 44.0 25940.0 0.0797766254487435
43 41 47 0.0 0.0 1133.0 0.0 13448.0 27.0 10704.0 0.08445436448090728
43 41 48 0.0 0.0 569.0 0.0 10204.0 19.0 2489.0 0.1097092704333516
43 41 49 0.0 0.0 225.0 0.0 5134.0 17.0 291.0 0.19055396760582546
43 41 50 0.0 0.0 0.0 0.0 30.0 1.0 0.0 0.6899950714637751
43 42 30 0.0 0.0 0.0 0.0 22.0 0.0 0.0 0.6923837784371908
43 42 31 0.0 0.0 102.0 0.0 2524.0 11.0 31.0 0.3033586132177681
43 42 32 0.0 0.0 609.0 0.0 10833.0 27.0 3206.0 0.10424422933730454
43 42 33 0.0 0.0 1131.0 0.0 13273.0 30.0 11821.0 0.08537626539821928
43 42 34 0.0 0.0 2617.0 0.0 11235.0 59.0 49474.0 0.08829465186680119
43 42 35 0.0 0.0 3636.0 0.0 11370.0 66.0 58177.0 0.08231420507996236
43 42 36 0.0 0.0 4736.0 0.0 10187.0 85.0 77302.0 0.08278145695364238
43 42 37 0.0 1.0 6057.0 6.0 7825.0 68.0 107251.0 0.08806139136998363
43 42 38 0.0 1.0 6276.0 1.0 5467.0 61.0 132464.0 0.10169245296724048
43 42 39 0.0 2.0 7540.0 3.0 5560.0 60.0 134861.0 0.09271523178807946
43 42 40 0.0 6.0 6386.0 6.0 4212.0 53.0 147400.0 0.1109438148823203
43 42 41 0.0 9.0 7246.0 10.0 5199.0 57.0 138700.0 0.09681211534472027
43 42 42 0.0 1.0 6592.0 3.0 5593.0 71.0 131637.0 0.09873060648801128
43 42 43 0.0 0.0 5589.0 1.0 6716.0 70.0 117011.0 0.09779267951941882
43 42 44 0.0 1.0 4831.0 6.0 10752.0 73.0 72621.0 0.07951834601840281
43 42 45 0.0 0.0 2940.0 0.0 12744.0 72.0 42848.0 0.07930214115781124
43 42 46 0.0 0.0 1701.0 0.0 13826.0 40.0 21221.0 0.0798676478977694
43 42 47 0.0 0.0 1229.0 0.0 13565.0 33.0 13626.0 0.08333333333333333
43 42 48 0.0 0.0 805.0 0.0 12355.0 29.0 7504.0 0.09247638549441838
43 42 49 0.0 0.0 228.0 0.0 5594.0 19.0 430.0 0.17939518195797025
43 42 50 0.0 0.0 0.0 0.0 32.0 0.0 0.0 0.6889763779527558
43 43 30 0.0 0.0 0.0 0.0 21.0 0.0 0.0 0.6927263730826323
43 43 31 0.0 0.0 152.0 0.0 3742.0 20.0 133.0 0.23825731790333557
43 43 32 0.0 0.0 766.0 0.0 12154.0 17.0 6097.0 0.0938149165717349
43 43 33 0.0 0.0 1022.0 0.0 13404.0 28.0 8391.0 0.0852255433128386
43 43 34 0.0 0.0 2021.0 0.0 12903.0 44.0 30433.0 0.08271298593879238
43 43 35 0.0 0.0 2983.0 0.0 12160.0 65.0 46542.0 0.0816564596092155
43 43 36 0.0 0.0 3636.0 0.0 12347.0 86.0 52447.0 0.07780803645862279
43 43 37 0.0 0.0 5034.0 0.0 9592.0 78.0 84111.0 0.08421559191530316
43 43 38 0.0 0.0 5706.0 0.0 7276.0 89.0 111333.0 0.09358288770053474
43 43 39 0.0 0.0 5943.0 0.0 5893.0 71.0 126127.0 0.1012584984811225
43 43 40 0.0 0.0 6539.0 1.0 6616.0 76.0 121405.0 0.09239094568732263
43 43 41 0.0 1.0 5345.0 0.0 5587.0 60.0 126889.0 0.10822510822510821
43 43 42 0.0 0.0 5613.0 0.0 6554.0 72.0 118157.0 0.09873756964525002
43 43 43 0.0 1.0 4768.0 0.0 7825.0 73.0 100751.0 0.09598244892362538
43 43 44 0.0 1.0 3886.0 4.0 12005.0 78.0 56964.0 0.07825163490022916
43 43 45 0.0 0.0 1945.0 1.0 14788.0 34.0 19539.0 0.07474639615589962
43 43 46 0.0 0.0 1597.0 0.0 13548.0 35.0 20555.0 0.08158983623754297
43 43 47 0.0 0.0 723.0 0.0 11941.0 33.0 4944.0 0.09563494774233212
43 43 48 0.0 0.0 514.0 0.0 9577.0 33.0 1973.0 0.11600928074245938
43 43 49 0.0 0.0 67.0 0.0 2080.0 8.0 37.0 0.338245953128775
43 43 50 0.0 0.0 0.0 0.0 10.0 0.0 0.0 0.6965174129353233
43 44 30 0.0 0.0 0.0 0.0 18.0 0.0 0.0 0.6937561942517343
43 44 31 0.0 0.0 87.0 0.0 2056.0 7.0 44.0 0.3384912959381044
43 44 32 0.0 0.0 306.0 0.0 7304.0 21.0 790.0 0.14590932777488275
43 44 33 0.0 0.0 1170.0 0.0 13333.0 40.0 12254.0 0.08483306065563835
43 44 34 0.0 0.0 1426.0 0.0 13516.0 29.0 17352.0 0.08259587020648966
43 44 35 0.0 0.0 2221.0 0.0 12355.0 46.0 36170.0 0.08448494357612696
43 44 36 0.0 0.0 2659.0 0.0 12984.0 68.0 37812.0 0.0793920834751049
43 44 37 0.0 0.0 3622.0 0.0 12089.0 60.0 54803.0 0.07897557398318948
43 44 38 0.0 0.0 4542.0 0.0 8714.0 72.0 88253.0 0.09167703490275685
43 44 39 0.0 0.0 5141.0 1.0 9740.0 65.0 83533.0 0.08290400900100668
43 44 40 0.0 0.0 4461.0 0.0 6582.0 67.0 111580.0 0.10727969348659003
43 44 41 0.0 0.0 5325.0 0.0 10460.0 73.0 79108.0 0.07868705035971221
43 44 42 0.0 0.0 4624.0 0.0 9128.0 68.0 86091.0 0.0886580963840162
43 44 43 0.0 0.0 3865.0 0.0 11645.0 73.0 59820.0 0.079981718464351
43 44 44 0.0 0.0 2914.0 0.0 12301.0 65.0 45389.0 0.0812960919807212
43 44 45 0.0 0.0 1823.0 0.0 13869.0 45.0 22154.0 0.07911839502684373
43 44 46 0.0 0.0 1187.0 0.0 13301.0 31.0 14523.0 0.0848536274925753
43 44 47 0.0 0.0 619.0 0.0 10702.0 34.0 2614.0 0.10526315789473682
43 44 48 0.0 0.0 138.0 0.0 3083.0 19.0 77.0 0.2690238278247502
43 44 49 0.0 0.0 4.0 0.0 189.0 0.0 0.0 0.6386861313868613
43 44 50 0.0 0.0 0.0 0.0 3.0 0.0 0.0 0.6989515726410384
43 45 30 0.0 0.0 0.0 0.0 15.0 1.0 0.0 0.6951340615690167
43 45 31 0.0 0.0 3.0 0.0 117.0 1.0 1.0 0.6606890042472864
43 45 32 0.0 0.0 50.0 0.0 1827.0 8.0 22.0 0.3618506073920909
43 45 33 0.0 0.0 987.0 0.0 13092.0 27.0 10076.0 0.08699975142928162
43 45 34 0.0 0.0 1070.0 0.0 13268.0 24.0 10692.0 0.08567931456548346
43 45 35 0.0 0.0 1263.0 0.0 13338.0 28.0 15088.0 0.08427642667950878
43 45 36 0.0 0.0 2021.0 0.0 12838.0 54.0 31486.0 0.08306633440132906
43 45 37 0.0 0.0 2697.0 0.0 13192.0 65.0 38497.0 0.07828226347573249
43 45 38 0.0 0.0 3172.0 0.0 10186.0 57.0 63744.0 0.09115770282588878
43 45 39 0.0 0.0 3606.0 0.0 11387.0 65.0 58965.0 0.08244023083264633
43 45 40 0.0 0.0 3446.0 0.0 11018.0 66.0 59469.0 0.08504951096531194
43 45 41 0.0 0.0 3301.0 0.0 11996.0 68.0 51380.0 0.08090614886731391
43 45 42 0.0 0.0 3060.0 0.0 11027.0 53.0 54913.0 0.08690254500310365
43 45 43 0.0 0.0 2298.0 0.0 13515.0 45.0 30675.0 0.078559003422928
43 45 44 0.0 0.0 2287.0 0.0 12999.0 67.0 34045.0 0.08098102730217491
43 45 45 0.0 0.0 1746.0 0.0 13415.0 48.0 24321.0 0.08158508158508158
43 45 46 0.0 0.0 1220.0 0.0 13241.0 37.0 14788.0 0.08512708257327009
43 45 47 0.0 0.0 592.0 0.0 10764.0 26.0 3307.0 0.10486105909669687
43 45 48 0.0 0.0 444.0 0.0 7922.0 22.0 935.0 0.13525263259588444
43 45 49 0.0 0.0 0.0 0.0 29.0 0.0 0.0 0.6899950714637751
43 46 31 0.0 0.0 0.0 0.0 13.0 0.0 0.0 0.695479384003974
43 46 32 0.0 0.0 95.0 0.0 2388.0 12.0 26.0 0.31326918773774887
43 46 33 0.0 0.0 600.0 0.0 10474.0 23.0 2785.0 0.10714832389407622
43 46 34 0.0 0.0 652.0 0.0 11347.0 32.0 4377.0 0.10011441647597252
43 46 35 0.0 0.0 1305.0 0.0 13169.0 32.0 16141.0 0.08492053863884506
43 46 36 0.0 0.0 936.0 0.0 13212.0 41.0 7170.0 0.08681093817821045
43 46 37 0.0 0.0 1565.0 0.0 13647.0 47.0 19473.0 0.08137169427492008
43 46 38 0.0 0.0 2075.0 0.0 12375.0 56.0 34255.0 0.0851996105160662
43 46 39 0.0 0.0 1580.0 0.0 14238.0 52.0 16700.0 0.07862076711405626
43 46 40 0.0 0.0 1711.0 0.0 13265.0 56.0 23915.0 0.08253257088958321
43 46 41 0.0 0.0 1257.0 0.0 13884.0 37.0 13577.0 0.08176137359107633
43 46 42 0.0 0.0 1327.0 0.0 13641.0 32.0 15020.0 0.0824742268041237
43 46 43 0.0 0.0 1097.0 0.0 13604.0 31.0 10591.0 0.08386246555648735
43 46 44 0.0 0.0 1193.0 0.0 13845.0 36.0 11545.0 0.08218856404837382
43 46 45 0.0 0.0 1237.0 0.0 13448.0 34.0 13842.0 0.08391776059461727
43 46 46 0.0 0.0 758.0 0.0 12189.0 35.0 5481.0 0.09375209268064018
43 46 47 0.0 0.0 660.0 0.0 11219.0 28.0 3402.0 0.1009809578765147
43 46 48 0.0 0.0 73.0 0.0 2241.0 10.0 29.0 0.3254300325430032
43 46 49 0.0 0.0 5.0 0.0 139.0 0.0 0.0 0.6529850746268656
43 47 30 0.0 0.0 0.0 0.0 2.0 0.0 0.0 0.6993006993006992
43 47 31 0.0 0.0 2.0 0.0 37.0 0.0 0.0 0.6866110838646394
43 47 32 0.0 0.0 1.0 0.0 89.0 0.0 0.0 0.6698564593301434
43 47 33 0.0 0.0 158.0 0.0 3763.0 18.0 117.0 0.23724792408066425
43 47 34 0.0 0.0 309.0 0.0 7185.0 14.0 821.0 0.14758591608686483
43 47 35 0.0 0.0 436.0 0.0 8538.0 30.0 1148.0 0.12786555849849301
43 47 36 0.0 0.0 534.0 0.0 10377.0 23.0 3063.0 0.10853554539111558
43 47 37 0.0 0.0 858.0 0.0 12660.0 25.0 6377.0 0.09021781157365638
43 47 38 0.0 0.0 499.0 0.0 9974.0 27.0 2311.0 0.11235955056179774
43 47 39 0.0 0.0 843.0 0.0 12638.0 29.0 7069.0 0.09048603929679419
43 47 40 0.0 0.0 979.0 0.0 12971.0 33.0 8746.0 0.08780181875195985
43 47 41 0.0 0.0 789.0 0.0 12131.0 35.0 5369.0 0.09395342594456747
43 47 42 0.0 0.0 961.0 0.0 13096.0 38.0 8234.0 0.08723284939871642
43 47 43 0.0 0.0 574.0 0.0 10275.0 20.0 2299.0 0.10905125408942201
43 47 44 0.0 0.0 670.0 0.0 11313.0 33.0 3709.0 0.10025062656641602
43 47 45 0.0 0.0 368.0 0.0 7558.0 17.0 738.0 0.14118596208148446
43 47 46 0.0 0.0 705.0 0.0 11291.0 27.0 4110.0 0.10011441647597252
43 47 47 0.0 0.0 332.0 0.0 7124.0 21.0 727.0 0.14827367083245072
43 47 48 0.0 0.0 3.0 0.0 175.0 0.0 0.0 0.6427915518824608
43 47 49 0.0 0.0 0.0 0.0 3.0 0.0 0.0 0.6989515726410384
43 48 31 0.0 0.0 0.0 0.0 3.0 0.0 0.0 0.6989515726410384
43 48 32 0.0 0.0 0.0 0.0 15.0 0.0 0.0 0.694789081885856
43 48 33 0.0 0.0 0.0 0.0 35.0 0.0 0.0 0.6882989183874139
43 48 34 0.0 0.0 43.0 0.0 963.0 9.0 1.0 0.4671338004671337
43 48 35 0.0 0.0 297.0 0.0 5713.0 28.0 339.0 0.17528483786152496
43 48 36 0.0 0.0 211.0 0.0 4608.0 24.0 214.0 0.2060035314891112
43 48 37 0.0 0.0 176.0 0.0 4705.0 17.0 258.0 0.20384391380314498
43 48 38 0.0 0.0 518.0 0.0 9876.0 19.0 2052.0 0.11303084127240433
43 48 39 0.0 0.0 272.0 0.0 5907.0 18.0 405.0 0.17150557393115273
43 48 40 0.0 0.0 291.0 0.0 6040.0 28.0 392.0 0.16865437899048305
43 48 41 0.0 0.0 375.0 0.0 7226.0 29.0 688.0 0.14613778705636743
43 48 42 0.0 0.0 201.0 0.0 4331.0 16.0 170.0 0.21475686454977755
43 48 43 0.0 0.0 375.0 0.0 7981.0 24.0 1085.0 0.13539651837524175
43 48 44 0.0 0.0 125.0 0.0 2434.0 9.0 35.0 0.30762469786860025
43 48 45 0.0 0.0 151.0 0.0 2982.0 16.0 53.0 0.2735978112175102
43 48 46 0.0 0.0 12.0 0.0 390.0 3.0 0.0 0.5835764902042517
43 48 47 0.0 0.0 3.0 0.0 118.0 0.0 0.0 0.6603773584905659
43 48 48 0.0 0.0 0.0 0.0 18.0 0.0 0.0 0.6937561942517343
43 49 34 0.0 0.0 0.0 0.0 7.0 0.0 0.0 0.6975585450921773
43 49 35 0.0 0.0 0.0 0.0 30.0 1.0 0.0 0.6899950714637751
43 49 36 0.0 0.0 32.0 0.0 664.0 11.0 0.0 0.5214152700186219
43 49 37 0.0 0.0 42.0 0.0 860.0 6.0 2.0 0.4834254143646408
43 49 38 0.0 0.0 73.0 0.0 1539.0 12.0 7.0 0.38888888888888884
43 49 39 0.0 0.0 1.0 0.0 199.0 0.0 0.0 0.6363636363636362
43 49 40 0.0 0.0 2.0 0.0 95.0 2.0 0.0 0.6682577565632457
43 49 41 0.0 0.0 35.0 0.0 880.0 2.0 8.0 0.48060418812221073
43 49 42 0.0 0.0 57.0 0.0 1248.0 14.0 7.0 0.42540261318748096
43 49 43 0.0 0.0 3.0 0.0 104.0 0.0 0.0 0.664767331433998
43 49 44 0.0 0.0 19.0 0.0 369.0 3.0 1.0 0.5870020964360586
43 49 45 0.0 0.0 0.0 0.0 2.0 0.0 0.0 0.6993006993006992
43 49 46 0.0 0.0 0.0 0.0 1.0 0.0 0.0 0.6996501749125437
43 49 47 0.0 0.0 0.0 0.0 1.0 0.0 0.0 0.6996501749125437
43 50 35 0.0 0.0 0.0 0.0 2.0 0.0 0.0 0.6993006993006992
43 50 36 0.0 0.0 0.0 0.0 13.0 1.0 0.0 0.6958250497017892
43 50 37 0.0 0.0 0.0 0.0 12.0 0.0 0.0 0.6958250497017892
43 50 38 0.0 0.0 0.0 0.0 9.0 0.0 0.0 0.6968641114982577
43 50 39 0.0 0.0 0.0 0.0 3.0 0.0 0.0 0.6989515726410384
43 50 40 0.0 0.0 0.0 0.0 1.0 0.0 0.0 0.6996501749125437
43 50 41 0.0 0.0 0.0 0.0 1.0 0.0 0.0 0.6996501749125437
43 50 42 0.0 0.0 0.0 0.0 1.0 0.0 0.0 0.6996501749125437
44 29 36 0.0 0.0 0.0 0.0 1.0 0.0 0.0 0.6996501749125437
44 29 40 0.0 0.0 0.0 0.0 1.0 0.0 0.0 0.6996501749125437
44 30 34 0.0 0.0 0.0 0.0 1.0 0.0 0.0 0.6996501749125437
44 30 35 0.0 0.0 0.0 0.0 6.0 0.0 0.0 0.6979062811565303
44 30 36 0.0 0.0 7.0 0.0 248.0 2.0 3.0 0.6213936972924988
44 30 37 0.0 0.0 0.0 0.0 7.0 0.0 0.0 0.6975585450921773
44 30 38 0.0 0.0 0.0 0.0 11.0 0.0 0.0 0.6961710591745399
44 30 39 0.0 0.0 2.0 0.0 78.0 0.0 0.0 0.6734006734006733
44 30 40 0.0 0.0 50.0 0.0 1042.0 13.0 4.0 0.45454545454545453
44 30 41 0.0 0.0 10.0 0.0 301.0 2.0 1.0 0.6063230835859679
44 30 42 0.0 0.0 1.0 0.0 38.0 0.0 0.0 0.6866110838646394
44 30 43 0.0 0.0 0.0 0.0 24.0 0.0 0.0 0.6916996047430829
44 30 44 0.0 0.0 0.0 0.0 3.0 0.0 0.0 0.6989515726410384
44 31 32 0.0 0.0 3.0 0.0 47.0 1.0 0.0 0.6832601268911663
44 31 33 0.0 0.0 4.0 0.0 104.0 0.0 0.0 0.6641366223908918
44 31 34 0.0 0.0 46.0 0.0 1019.0 7.0 13.0 0.4578155657292347
44 31 35 0.0 0.0 31.0 0.0 640.0 10.0 2.0 0.5259203606311044
44 31 36 0.0 0.0 161.0 0.0 3806.0 22.0 105.0 0.2354920100925147
44 31 37 0.0 0.0 173.0 0.0 4068.0 17.0 151.0 0.22486347574686794
44 31 38 0.0 0.0 59.0 0.0 1062.0 13.0 2.0 0.4503055644901897
44 31 39 0.0 0.0 38.0 0.0 991.0 7.0 3.0 0.4634227077126778
44 31 40 0.0 0.0 373.0 0.0 8252.0 18.0 1341.0 0.1318639917114062
44 31 41 0.0 0.0 155.0 0.0 3433.0 25.0 114.0 0.25166277188567315
44 31 42 0.0 0.0 172.0 0.0 3545.0 20.0 90.0 0.24570024570024565
44 31 43 0.0 0.0 164.0 0.0 4119.0 10.0 177.0 0.2231431303793433
44 31 44 0.0 0.0 8.0 0.0 222.0 1.0 0.0 0.6280843427545983
44 31 45 0.0 0.0 15.0 0.0 222.0 2.0 0.0 0.6266786034019695
44 31 46 0.0 0.0 0.0 0.0 6.0 0.0 0.0 0.6979062811565303
44 32 31 0.0 0.0 0.0 0.0 8.0 0.0 0.0 0.697211155378486
44 32 32 0.0 0.0 2.0 0.0 58.0 1.0 0.0 0.6799417192812044
44 32 33 0.0 0.0 2.0 0.0 94.0 0.0 0.0 0.6679389312977099
44 32 34 0.0 0.0 212.0 0.0 4959.0 24.0 233.0 0.1958315848370401
44 32 35 0.0 0.0 346.0 0.0 7132.0 25.0 721.0 0.1480384900074019
44 32 36 0.0 0.0 729.0 0.0 11721.0 24.0 5180.0 0.09695290858725761
44 32 37 0.0 0.0 491.0 0.0 9329.0 16.0 1854.0 0.11850347045877771
44 32 38 0.0 0.0 424.0 0.0 8931.0 18.0 1594.0 0.12338062924120911
44 32 39 0.0 0.0 727.0 0.0 11600.0 32.0 4080.0 0.09782684648172733
44 32 40 0.0 0.0 559.0 0.0 10231.0 20.0 2263.0 0.10958046336881651
44 32 41 0.0 0.0 565.0 0.0 10313.0 24.0 2502.0 0.10882238631947143
44 32 42 0.0 0.0 589.0 0.0 10707.0 24.0 3313.0 0.10543756589847866
44 32 43 0.0 0.0 557.0 0.0 10266.0 25.0 2740.0 0.10919585055767879
44 32 44 0.0 0.0 159.0 0.0 4433.0 14.0 214.0 0.21273362710834218
44 32 45 0.0 0.0 115.0 0.0 2254.0 16.0 23.0 0.3216911764705882
44 32 46 0.0 0.0 0.0 0.0 47.0 0.0 0.0 0.6842619745845552
44 32 47 0.0 0.0 1.0 0.0 11.0 0.0 0.0 0.6958250497017892
44 33 31 0.0 0.0 1.0 0.0 19.0 0.0 0.0 0.6930693069306929
44 33 32 0.0 0.0 279.0 0.0 6257.0 20.0 432.0 0.16433853738701723
44 33 33 0.0 0.0 148.0 0.0 3313.0 22.0 93.0 0.25735294117647056
44 33 34 0.0 0.0 314.0 0.0 7019.0 17.0 777.0 0.15026296018031554
44 33 35 0.0 0.0 594.0 0.0 10877.0 30.0 3390.0 0.1039809863339275
44 33 36 0.0 0.0 1204.0 0.0 13404.0 35.0 14084.0 0.08433226914041321
44 33 37 0.0 0.0 1161.0 0.0 13509.0 42.0 10589.0 0.08409418548774626
44 33 38 0.0 0.0 738.0 0.0 12070.0 40.0 5302.0 0.09464575446187126
44 33 39 0.0 0.0 1283.0 0.0 13816.0 36.0 13088.0 0.08188571094344037
44 33 40 0.0 0.0 1266.0 0.0 13636.0 37.0 13660.0 0.08284513876560742
44 33 41 0.0 0.0 1336.0 0.0 13327.0 31.0 16684.0 0.0840134421507441
44 33 42 0.0 0.0 610.0 0.0 10990.0 28.0 3487.0 0.10305483989694515
44 33 43 0.0 0.0 987.0 0.0 12798.0 31.0 9838.0 0.0886580963840162
44 33 44 0.0 0.0 385.0 0.0 8356.0 18.0 1251.0 0.1304266815725731
44 33 45 0.0 0.0 319.0 0.0 7296.0 27.0 868.0 0.14584852588811334
44 33 46 0.0 0.0 59.0 0.0 1431.0 13.0 7.0 0.4026459591601955
44 33 47 0.0 0.0 9.0 0.0 160.0 3.0 0.0 0.6463527239150507
44 33 48 0.0 0.0 0.0 0.0 8.0 0.0 0.0 0.697211155378486
44 34 30 0.0 0.0 0.0 0.0 1.0 0.0 0.0 0.6996501749125437
44 34 31 0.0 0.0 5.0 0.0 194.0 1.0 0.0 0.6369426751592355
44 34 32 0.0 0.0 100.0 0.0 2164.0 16.0 20.0 0.32964445490934774
44 34 33 0.0 0.0 324.0 0.0 6895.0 16.0 628.0 0.1520747338692157
44 34 34 0.0 0.0 805.0 0.0 12357.0 22.0 5334.0 0.09236046971896027
44 34 35 0.0 0.0 1411.0 0.0 13752.0 45.0 15900.0 0.08161837579432168
44 34 36 0.0 0.0 1882.0 0.0 12374.0 48.0 30742.0 0.08606381016782443
44 34 37 0.0 0.0 2198.0 0.0 12698.0 65.0 33458.0 0.08293347550500563
44 34 38 0.0 0.0 2231.0 0.0 12845.0 56.0 35219.0 0.08190487333996371
44 34 39 0.0 0.0 1953.0 0.0 13495.0 58.0 26244.0 0.08025682182985554
44 34 40 0.0 0.0 2113.0 0.0 13877.0 61.0 27681.0 0.07789895392833295
44 34 41 0.0 0.0 1581.0 0.0 14110.0 45.0 17744.0 0.07910945357970277
44 34 42 0.0 0.0 1587.0 0.0 13136.0 45.0 22546.0 0.08370202080593088
44 34 43 0.0 0.0 1334.0 0.0 13346.0 37.0 16549.0 0.0839278220730172
44 34 44 0.0 0.0 938.0 0.0 13233.0 39.0 7897.0 0.08664438668151997
44 34 45 0.0 0.0 529.0 0.0 10128.0 26.0 2827.0 0.11068943706514864
44 34 46 0.0 0.0 442.0 0.0 8999.0 25.0 1525.0 0.12257047802486427
44 34 47 0.0 0.0 56.0 0.0 1152.0 10.0 6.0 0.43791054113231154
44 34 48 0.0 0.0 17.0 0.0 711.0 4.0 3.0 0.5137614678899082
44 34 49 0.0 0.0 52.0 0.0 1095.0 11.0 8.0 0.4464285714285714
44 35 30 0.0 0.0 0.0 0.0 18.0 0.0 0.0 0.694100148735746
44 35 31 0.0 0.0 14.0 0.0 399.0 3.0 1.0 0.58115400581154
44 35 32 0.0 0.0 478.0 0.0 9078.0 20.0 1770.0 0.1212331139591271
44 35 33 0.0 0.0 443.0 0.0 9787.0 22.0 2605.0 0.11460379829731498
44 35 34 0.0 0.0 1034.0 0.0 13399.0 36.0 8762.0 0.08523592085235919
44 35 35 0.0 0.0 1372.0 0.0 13891.0 48.0 14658.0 0.08116412545654819
44 35 36 0.0 0.0 2336.0 0.0 13351.0 47.0 32468.0 0.0791586565645143
44 35 37 0.0 0.0 3047.0 0.0 10257.0 63.0 60904.0 0.09152121330979929
44 35 38 0.0 0.0 3724.0 0.0 12031.0 81.0 55230.0 0.07895330475975636
44 35 39 0.0 0.0 3611.0 0.0 11027.0 69.0 62487.0 0.08410934214478821
44 35 40 0.0 0.0 3599.0 0.0 11289.0 80.0 58492.0 0.08295313148071339
44 35 41 0.0 0.0 3043.0 0.0 11870.0 61.0 49893.0 0.08276677505172922
44 35 42 0.0 0.0 2578.0 0.0 12528.0 59.0 40325.0 0.08184262831754939
44 35 43 0.0 0.0 2009.0 0.0 13564.0 40.0 26367.0 0.0796133067955644
44 35 44 0.0 0.0 1738.0 0.0 13366.0 44.0 24128.0 0.08185219831618334
44 35 45 0.0 0.0 1239.0 0.0 13129.0 34.0 15670.0 0.08552752153460809
44 35 46 0.0 0.0 843.0 0.0 12466.0 23.0 6007.0 0.09144947416552354
44 35 47 0.0 0.0 674.0 0.0 11340.0 19.0 3867.0 0.09992862241256244
44 35 48 0.0 0.0 254.0 0.0 5839.0 23.0 425.0 0.1734175647219125
44 35 49 0.0 0.0 0.0 0.0 81.0 0.0 0.0 0.6730769230769229
44 36 30 0.0 0.0 3.0 0.0 105.0 1.0 0.0 0.664767331433998
44 36 31 0.0 0.0 40.0 0.0 1262.0 13.0 8.0 0.4257907542579075
44 36 32 0.0 0.0 373.0 0.0 7905.0 20.0 1095.0 0.1364522417153996
44 36 33 0.0 0.0 464.0 0.0 9566.0 20.0 2119.0 0.11651131824234354
44 36 34 0.0 0.0 1290.0 0.0 13540.0 42.0 14315.0 0.0832639467110741
44 36 35 0.0 0.0 2591.0 0.0 11788.0 66.0 45227.0 0.08544921874999999
44 36 36 0.0 0.0 3050.0 0.0 12483.0 57.0 45455.0 0.0798585363071131
44 36 37 0.0 0.0 3775.0 0.0 13491.0 84.0 47436.0 0.0727612909931916
44 36 38 0.0 0.0 4551.0 0.0 7597.0 74.0 100313.0 0.09887703933893636
44 36 39 0.0 0.0 4563.0 0.0 7109.0 63.0 105890.0 0.10225695712511867
44 36 40 0.0 0.0 4605.0 0.0 7988.0 71.0 96954.0 0.09590354843129195
44 36 41 0.0 0.0 4619.0 0.0 11168.0 73.0 68423.0 0.07867820613690006
44 36 42 0.0 0.0 3904.0 1.0 11241.0 74.0 62257.0 0.0816516971888487
44 36 43 0.0 0.0 3116.0 0.0 12620.0 74.0 45996.0 0.07898894154818324
44 36 44 0.0 0.0 2778.0 0.0 12019.0 70.0 44768.0 0.08336310587114444
44 36 45 0.0 0.0 1900.0 0.0 13180.0 41.0 27153.0 0.08192883895131085
44 36 46 0.0 0.0 858.0 0.0 12759.0 27.0 6314.0 0.08974358974358973
44 36 47 0.0 0.0 787.0 0.0 12403.0 25.0 7159.0 0.09218410482649635
44 36 48 0.0 0.0 508.0 0.0 9831.0 20.0 2248.0 0.11348897535667962
44 36 49 0.0 0.0 39.0 0.0 977.0 6.0 1.0 0.46527085410435354
44 36 50 0.0 0.0 0.0 0.0 10.0 0.0 0.0 0.6965174129353233
44 37 29 0.0 0.0 0.0 0.0 5.0 0.0 0.0 0.6982543640897755
44 37 30 0.0 0.0 21.0 0.0 480.0 6.0 0.0 0.5611222444889779
44 37 31 0.0 0.0 45.0 0.0 1248.0 7.0 3.0 0.4264392324093816
44 37 32 0.0 0.0 396.0 0.0 8256.0 22.0 1204.0 0.13162843174125607
44 37 33 0.0 0.0 955.0 0.0 13168.0 32.0 9090.0 0.08686480114165165
44 37 34 0.0 0.0 1650.0 0.0 13890.0 49.0 19530.0 0.07983121400467581
44 37 35 0.0 0.0 2935.0 0.0 11665.0 70.0 49366.0 0.08440853732063185
44 37 36 0.0 0.0 3914.0 0.0 9302.0 79.0 78388.0 0.09206286578549351
44 37 37 0.0 0.0 5063.0 0.0 9835.0 86.0 83435.0 0.08284023668639053
44 37 38 0.0 0.0 5310.0 0.0 7219.0 77.0 109465.0 0.09634574358268529
44 37 39 0.0 0.0 6084.0 0.0 7999.0 79.0 105450.0 0.08710801393728222
44 37 40 0.0 0.0 6228.0 1.0 7980.0 82.0 105567.0 0.08634513383495744
44 37 41 0.0 0.0 5705.0 0.0 7606.0 74.0 106936.0 0.09141961603761263
44 37 42 0.0 0.0 5401.0 0.0 9282.0 73.0 89405.0 0.08377213977979894
44 37 43 0.0 0.0 4392.0 0.0 8065.0 79.0 94750.0 0.09684560044272274
44 37 44 0.0 0.0 3612.0 0.0 11940.0 61.0 55426.0 0.07966767199681328
44 37 45 0.0 0.0 2550.0 0.0 13272.0 61.0 35613.0 0.0785722303288809
44 37 46 0.0 0.0 1763.0 0.0 13491.0 32.0 24057.0 0.08106543138390271
44 37 47 0.0 0.0 1069.0 0.0 12897.0 34.0 12385.0 0.08771929824561402
44 37 48 0.0 0.0 522.0 0.0 9865.0 18.0 2366.0 0.11312217194570134
44 37 49 0.0 0.0 281.0 0.0 5910.0 18.0 416.0 0.17121193591781822
44 37 50 0.0 0.0 5.0 0.0 111.0 3.0 0.0 0.6625650733554187
44 37 51 0.0 0.0 0.0 0.0 1.0 0.0 0.0 0.6996501749125437
44 38 29 0.0 0.0 0.0 0.0 7.0 0.0 0.0 0.6975585450921773
44 38 30 0.0 0.0 207.0 0.0 4527.0 14.0 178.0 0.20820939916716236
44 38 31 0.0 0.0 46.0 0.0 1219.0 8.0 8.0 0.4299754299754299
44 38 32 0.0 0.0 371.0 0.0 7232.0 26.0 709.0 0.1460615545122587
44 38 33 0.0 0.0 980.0 0.0 13102.0 31.0 7665.0 0.08707009142359598
44 38 34 0.0 0.0 1869.0 0.0 13457.0 55.0 24074.0 0.0808687615526802
44 38 35 0.0 0.0 3290.0 0.0 9938.0 81.0 67834.0 0.09200841219768663
44 38 36 0.0 0.0 4654.0 0.0 10673.0 69.0 73536.0 0.08072421149743411
44 38 37 0.0 0.0 5806.0 0.0 8483.0 79.0 98591.0 0.08596340415080436
44 38 38 0.0 0.0 6610.0 0.0 8073.0 82.0 105542.0 0.08396305625524768
44 38 39 0.0 0.0 6800.0 0.0 6707.0 65.0 121652.0 0.09017713365539452
44 38 40 0.0 0.0 5064.0 0.0 4723.0 53.0 138027.0 0.11864406779661014
44 38 41 0.0 1.0 6819.0 0.0 6857.0 76.0 119671.0 0.08931989281612861
44 38 42 0.0 0.0 5939.0 1.0 7016.0 71.0 114371.0 0.09354536950420954
44 38 43 0.0 0.0 5371.0 0.0 9075.0 96.0 92127.0 0.08518405841192576
44 38 44 0.0 0.0 4301.0 0.0 9674.0 67.0 79241.0 0.08763144717075612
44 38 45 0.0 0.0 3187.0 0.0 12405.0 62.0 47564.0 0.07954997443036535
44 38 46 0.0 0.0 1890.0 0.0 13790.0 48.0 24738.0 0.07919447901346305
44 38 47 0.0 0.0 1482.0 0.0 13374.0 50.0 19159.0 0.08304169879589536
44 38 48 0.0 0.0 386.0 0.0 7896.0 26.0 923.0 0.13637249172024157
44 38 49 0.0 0.0 516.0 0.0 9376.0 18.0 1716.0 0.1177856301531213
44 38 50 0.0 0.0 2.0 0.0 74.0 1.0 0.0 0.6746987951807227
44 39 29 0.0 0.0 0.0 0.0 13.0 0.0 0.0 0.695479384003974
44 39 30 0.0 0.0 5.0 0.0 102.0 1.0 0.0 0.6650831353919239
44 39 31 0.0 0.0 179.0 0.0 3658.0 17.0 84.0 0.24059116686715926
44 39 32 0.0 0.0 323.0 0.0 7025.0 18.0 680.0 0.14992503748125935
44 39 33 0.0 0.0 1268.0 0.0 13499.0 32.0 15243.0 0.08353720389044691
44 39 34 0.0 0.0 2200.0 0.0 13243.0 53.0 31933.0 0.08031206975676915
44 39 35 0.0 0.0 3530.0 0.0 11711.0 70.0 56106.0 0.08121120714658622
44 39 36 0.0 0.0 4954.0 0.0 8918.0 90.0 90735.0 0.08821676118462507
44 39 37 0.0 1.0 5388.0 2.0 6955.0 64.0 113456.0 0.0975269940787182
44 39 38 0.0 0.0 6624.0 0.0 7107.0 68.0 115389.0 0.08895101340618844
44 39 39 0.0 0.0 6764.0 0.0 5794.0 54.0 130311.0 0.09612743751716561
44 39 40 0.0 0.0 6746.0 0.0 5702.0 65.0 131300.0 0.09684560044272274
44 39 41 0.0 0.0 7051.0 1.0 6299.0 61.0 125137.0 0.09106875691146814
44 39 42 0.0 0.0 5786.0 0.0 5772.0 74.0 126361.0 0.10314595152140278
44 39 43 0.0 0.0 6130.0 0.0 8398.0 81.0 101387.0 0.08480222908716456
44 39 44 0.0 0.0 4328.0 0.0 7085.0 77.0 104815.0 0.10432968179447051
44 39 45 0.0 0.0 3705.0 0.0 9724.0 61.0 72481.0 0.09060902206976894
44 39 46 0.0 0.0 2430.0 0.0 12217.0 50.0 39926.0 0.08401848406649462
44 39 47 0.0 0.0 1068.0 0.0 13371.0 31.0 8748.0 0.08518924181574783
44 39 48 0.0 0.0 304.0 0.0 6840.0 15.0 684.0 0.15323992994746058
44 39 49 0.0 0.0 110.0 0.0 2929.0 12.0 58.0 0.27855153203342614
44 39 50 0.0 0.0 0.0 0.0 23.0 0.0 0.0 0.6927263730826323
44 40 29 0.0 0.0 0.0 0.0 3.0 0.0 0.0 0.6989515726410384
44 40 30 0.0 0.0 7.0 0.0 235.0 2.0 0.0 0.6249999999999999
44 40 31 0.0 0.0 511.0 0.0 9448.0 16.0 1743.0 0.11715481171548116
44 40 32 0.0 0.0 994.0 0.0 12850.0 37.0 10553.0 0.0883782589482987
44 40 33 0.0 0.0 868.0 0.0 12812.0 28.0 7024.0 0.08930280028066592
44 40 34 0.0 0.0 1669.0 0.0 14395.0 42.0 17258.0 0.07752367240711001
44 40 35 0.0 0.0 3290.0 0.0 11561.0 59.0 53820.0 0.08307126327656796
44 40 36 0.0 0.0 4598.0 0.0 8473.0 75.0 92865.0 0.09279512162789155
44 40 37 0.0 0.0 5756.0 0.0 7941.0 59.0 103826.0 0.089126559714795
44 40 38 0.0 1.0 6822.0 1.0 7319.0 85.0 115382.0 0.08674639073052852
44 40 39 0.0 0.0 6862.0 0.0 6062.0 65.0 128154.0 0.09363922145675872
44 40 40 0.0 1.0 6155.0 3.0 4871.0 63.0 138054.0 0.10753514094784544
44 40 41 0.0 0.0 7324.0 0.0 7021.0 65.0 119702.0 0.0855170728727628
44 40 42 0.0 1.0 6636.0 0.0 6792.0 64.0 120177.0 0.09071470226138792
44 40 43 0.0 0.0 5876.0 0.0 7788.0 95.0 107873.0 0.08942829766847651
44 40 44 0.0 0.0 4931.0 0.0 10359.0 80.0 77606.0 0.08094357076780757
44 40 45 0.0 0.0 3605.0 0.0 11302.0 51.0 59161.0 0.08264950705472578
44 40 46 0.0 0.0 2004.0 0.0 13263.0 52.0 28449.0 0.08108421174562723
44 40 47 0.0 0.0 933.0 0.0 12964.0 34.0 7940.0 0.08815010703941568
44 40 48 0.0 0.0 474.0 0.0 8954.0 23.0 1412.0 0.12272089761570826
44 40 49 0.0 0.0 23.0 0.0 585.0 9.0 1.0 0.5386687187379761
44 40 50 0.0 0.0 0.0 0.0 12.0 0.0 0.0 0.6958250497017892
44 41 29 0.0 0.0 0.0 0.0 2.0 0.0 0.0 0.6993006993006992
44 41 30 0.0 0.0 64.0 0.0 1137.0 8.0 6.0 0.43845912934544307
44 41 31 0.0 0.0 182.0 0.0 4234.0 16.0 175.0 0.21871582565224176
44 41 32 0.0 0.0 538.0 0.0 10101.0 18.0 2273.0 0.11089108910891088
44 41 33 0.0 0.0 1170.0 0.0 13375.0 31.0 13135.0 0.0846228239845261
44 41 34 0.0 0.0 1759.0 0.0 13971.0 40.0 20670.0 0.07890435664769203
44 41 35 0.0 0.0 2932.0 0.0 12383.0 70.0 45143.0 0.08084074373484235
44 41 36 0.0 0.0 4403.0 0.0 9864.0 72.0 78102.0 0.08601093567610739
44 41 37 0.0 0.0 5307.0 0.0 8311.0 71.0 98327.0 0.08955987717502559
44 41 38 0.0 1.0 6429.0 0.0 7314.0 95.0 113384.0 0.088984936121528
44 41 39 0.0 0.0 6502.0 0.0 5620.0 68.0 129977.0 0.09921337963291048
44 41 40 0.0 0.0 7167.0 0.0 6891.0 75.0 120806.0 0.08708633988554366
44 41 41 0.0 1.0 6715.0 0.0 6600.0 56.0 120296.0 0.09125277017338025
44 41 42 0.0 1.0 5625.0 2.0 6254.0 69.0 122282.0 0.10077017202907938
44 41 43 0.0 0.0 5260.0 1.0 7188.0 62.0 108997.0 0.09682550660488276
44 41 44 0.0 0.0 4508.0 0.0 9460.0 78.0 82681.0 0.08761499468051817
44 41 45 0.0 0.0 2739.0 0.0 12891.0 68.0 40648.0 0.07938758151403458
44 41 46 0.0 0.0 1542.0 0.0 13423.0 36.0 20752.0 0.0825082508250825
44 41 47 0.0 0.0 1125.0 0.0 13335.0 28.0 12630.0 0.08500303582270795
44 41 48 0.0 0.0 307.0 0.0 6535.0 20.0 545.0 0.15869417365676713
44 41 49 0.0 0.0 185.0 0.0 3721.0 20.0 117.0 0.23781212841854932
44 41 50 0.0 0.0 0.0 0.0 18.0 0.0 0.0 0.6937561942517343
44 42 30 0.0 0.0 0.0 0.0 12.0 0.0 0.0 0.6958250497017892
44 42 31 0.0 0.0 220.0 0.0 5164.0 17.0 321.0 0.1899850726014384
44 42 32 0.0 0.0 419.0 0.0 9039.0 18.0 1698.0 0.122260064623177
44 42 33 0.0 0.0 1668.0 0.0 13034.0 37.0 24068.0 0.08383735553027127
44 42 34 0.0 0.0 1845.0 0.0 13869.0 61.0 22857.0 0.07914075749010739
44 42 35 0.0 0.0 2682.0 0.0 11714.0 58.0 45905.0 0.08532423208191126
44 42 36 0.0 0.0 3662.0 0.0 10585.0 77.0 64630.0 0.08627064333251169
44 42 37 0.0 0.0 4755.0 0.0 11148.0 96.0 70445.0 0.07824726134585289
44 42 38 0.0 0.0 5765.0 0.0 7807.0 70.0 105654.0 0.08980115458627325
44 42 39 0.0 0.0 5252.0 0.0 5406.0 51.0 128780.0 0.11048851708625994
44 42 40 0.0 0.0 6863.0 0.0 8412.0 81.0 104289.0 0.08105604446503009
44 42 41 0.0 0.0 6174.0 0.0 7396.0 73.0 110560.0 0.0899338343932678
44 42 42 0.0 0.0 5972.0 0.0 8596.0 86.0 99528.0 0.08444927011702255
44 42 43 0.0 0.0 5093.0 0.0 9338.0 73.0 87765.0 0.08512190673071075
44 42 44 0.0 0.0 3687.0 0.0 11555.0 63.0 59279.0 0.08118295158016817
44 42 45 0.0 0.0 2403.0 1.0 13216.0 45.0 33873.0 0.07935608207686203
44 42 46 0.0 0.0 1935.0 0.0 12436.0 46.0 31054.0 0.0855014046659338
44 42 47 0.0 0.0 627.0 0.0 10738.0 25.0 2295.0 0.10488462691039856
44 42 48 0.0 0.0 348.0 0.0 7615.0 19.0 895.0 0.14073180538801766
44 42 49 0.0 0.0 53.0 0.0 1119.0 7.0 6.0 0.44233807266982617
44 42 50 0.0 0.0 0.0 0.0 15.0 0.0 0.0 0.694789081885856
44 43 30 0.0 0.0 0.0 0.0 11.0 0.0 0.0 0.6961710591745399
44 43 31 0.0 0.0 16.0 0.0 770.0 6.0 1.0 0.5039596832253418
44 43 32 0.0 0.0 436.0 0.0 8944.0 25.0 1539.0 0.12323943661971828
44 43 33 0.0 0.0 1460.0 0.0 12856.0 47.0 21844.0 0.0857948277975242
44 43 34 0.0 0.0 1519.0 0.0 13572.0 47.0 19779.0 0.0819384291232588
44 43 35 0.0 0.0 1691.0 0.0 13880.0 40.0 20965.0 0.07967674008309145
44 43 36 0.0 0.0 2881.0 0.0 11736.0 59.0 48803.0 0.08421559191530316
44 43 37 0.0 0.0 4022.0 0.0 10793.0 78.0 67001.0 0.08332837331111242
44 43 38 0.0 0.0 5000.0 0.0 10367.0 83.0 77183.0 0.08061265618702135
44 43 39 0.0 0.0 5192.0 0.0 7963.0 59.0 101422.0 0.09222053883143402
44 43 40 0.0 0.0 5635.0 0.0 8778.0 79.0 93860.0 0.08535544445799291
44 43 41 0.0 0.0 5392.0 0.0 9930.0 94.0 82745.0 0.08098571180655983
44 43 42 0.0 0.0 4871.0 0.0 10230.0 88.0 77813.0 0.08180915093788348
44 43 43 0.0 0.0 4062.0 0.0 9666.0 67.0 76694.0 0.0889679715302491
44 43 44 0.0 0.0 3282.0 0.0 10969.0 67.0 59393.0 0.08617505847593253
44 43 45 0.0 0.0 2011.0 0.0 13346.0 48.0 29128.0 0.08065445327802741
44 43 46 0.0 0.0 1067.0 0.0 13352.0 27.0 10202.0 0.08525149190110826
44 43 47 0.0 0.0 719.0 0.0 11713.0 29.0 4149.0 0.09700665188470066
44 43 48 0.0 0.0 208.0 0.0 4993.0 13.0 250.0 0.19471488178025032
44 43 49 0.0 0.0 16.0 0.0 790.0 8.0 4.0 0.5003573981415296
44 43 50 0.0 0.0 0.0 0.0 4.0 0.0 0.0 0.6986027944111775
44 44 30 0.0 0.0 0.0 0.0 11.0 0.0 0.0 0.6961710591745399
44 44 31 0.0 0.0 160.0 0.0 3682.0 17.0 105.0 0.24034334763948495
44 44 32 0.0 0.0 325.0 0.0 6888.0 19.0 619.0 0.1522235511579863
44 44 33 0.0 0.0 770.0 0.0 12144.0 31.0 5803.0 0.09393451422436928
44 44 34 0.0 0.0 1124.0 0.0 13364.0 36.0 10086.0 0.0849463018020751
44 44 35 0.0 0.0 1418.0 0.0 14020.0 36.0 15339.0 0.08028904054596546
44 44 36 0.0 0.0 1938.0 0.0 13521.0 48.0 27006.0 0.08019705562238642
44 44 37 0.0 0.0 3307.0 0.0 10174.0 56.0 65215.0 0.09036338991802748
44 44 38 0.0 0.0 3829.0 0.0 9477.0 79.0 76638.0 0.09143155694879831
44 44 39 0.0 0.0 4235.0 0.0 10832.0 78.0 68492.0 0.08201042704000937
44 44 40 0.0 0.0 4356.0 0.0 11084.0 74.0 67501.0 0.08026602453847036
44 44 41 0.0 0.0 4268.0 0.0 10126.0 69.0 73799.0 0.0853346336706083
44 44 42 0.0 0.0 3724.0 0.0 10288.0 84.0 68500.0 0.08759854836691276
44 44 43 0.0 0.0 3343.0 0.0 11111.0 59.0 58648.0 0.08514261387824605
44 44 44 0.0 0.0 2584.0 0.0 11954.0 53.0 43989.0 0.08459725663182065
44 44 45 0.0 0.0 1559.0 0.0 13822.0 45.0 18715.0 0.0805662657535823
44 44 46 0.0 0.0 802.0 0.0 12269.0 20.0 5139.0 0.09287514926363273
44 44 47 0.0 0.0 650.0 0.0 11232.0 23.0 4530.0 0.10092999783721432
44 44 48 0.0 0.0 46.0 0.0 1435.0 8.0 14.0 0.4031097034264324
44 44 49 0.0 0.0 1.0 0.0 80.0 0.0 0.0 0.6727534839019701
44 44 50 0.0 0.0 0.0 0.0 1.0 0.0 0.0 0.6996501749125437
44 45 31 0.0 0.0 33.0 0.0 783.0 7.0 4.0 0.49839800640797427
44 45 32 0.0 0.0 221.0 0.0 4809.0 17.0 206.0 0.19960079840319359
44 45 33 0.0 0.0 371.0 0.0 8046.0 19.0 1171.0 0.1345377666730732
44 45 34 0.0 0.0 997.0 0.0 12756.0 31.0 11929.0 0.08889453298622134
44 45 35 0.0 0.0 913.0 0.0 13001.0 22.0 6623.0 0.08797285409073771
44 45 36 0.0 0.0 1345.0 0.0 14127.0 42.0 13488.0 0.08016950123117447
44 45 37 0.0 0.0 1879.0 0.0 13839.0 40.0 24022.0 0.07891325178963982
44 45 38 0.0 0.0 2737.0 0.0 12758.0 56.0 40519.0 0.079981718464351
44 45 39 0.0 0.0 3235.0 0.0 11131.0 71.0 56428.0 0.08547530374259721
44 45 40 0.0 0.0 2798.0 0.0 13468.0 57.0 36849.0 0.07666611905153058
44 45 41 0.0 0.0 2610.0 0.0 12616.0 60.0 40122.0 0.08124419684308262
44 45 42 0.0 0.0 2471.0 0.0 13197.0 64.0 34954.0 0.07923481804289997
44 45 43 0.0 0.0 1929.0 0.0 13638.0 40.0 26730.0 0.07963142028326033
44 45 44 0.0 0.0 1563.0 0.0 13534.0 34.0 19722.0 0.08185698415482663
44 45 45 0.0 0.0 1401.0 0.0 13289.0 38.0 18788.0 0.0838423763324949
44 45 46 0.0 0.0 983.0 0.0 13130.0 35.0 8016.0 0.08696732513355694
44 45 47 0.0 0.0 481.0 0.0 9258.0 19.0 1588.0 0.11937244201909958
44 45 48 0.0 0.0 16.0 0.0 545.0 5.0 2.0 0.5477308294209702
44 45 49 0.0 0.0 0.0 0.0 17.0 0.0 0.0 0.694100148735746
44 46 30 0.0 0.0 0.0 0.0 1.0 0.0 0.0 0.6996501749125437
44 46 31 0.0 0.0 0.0 0.0 7.0 0.0 0.0 0.6975585450921773
44 46 32 0.0 0.0 170.0 0.0 4176.0 26.0 168.0 0.2214839424141749
44 46 33 0.0 0.0 258.0 0.0 5388.0 19.0 330.0 0.1834621936836587
44 46 34 0.0 0.0 873.0 0.0 12374.0 22.0 6960.0 0.09186954524575103
44 46 35 0.0 0.0 1239.0 0.0 13058.0 45.0 17088.0 0.08590538135853223
44 46 36 0.0 0.0 922.0 0.0 12996.0 24.0 8007.0 0.08795074758135443
44 46 37 0.0 0.0 1278.0 0.0 13755.0 29.0 13238.0 0.08213552361396302
44 46 38 0.0 0.0 1756.0 0.0 13013.0 40.0 25416.0 0.08350232613622807
44 46 39 0.0 0.0 1899.0 0.0 13048.0 51.0 28352.0 0.08256664307619721
44 46 40 0.0 0.0 1462.0 0.0 13986.0 33.0 15969.0 0.0802430217229323
44 46 41 0.0 0.0 1456.0 0.0 13715.0 43.0 17463.0 0.08156131663268278
44 46 42 0.0 0.0 1417.0 0.0 13531.0 49.0 17568.0 0.08269832831236339
44 46 43 0.0 0.0 1305.0 0.0 13608.0 40.0 15811.0 0.08281573498964802
44 46 44 0.0 0.0 1213.0 0.0 13588.0 43.0 13023.0 0.08335317932841152
44 46 45 0.0 0.0 837.0 0.0 12555.0 20.0 6384.0 0.09090318810466852
44 46 46 0.0 0.0 754.0 0.0 11878.0 29.0 4785.0 0.09575923392612859
44 46 47 0.0 0.0 399.0 0.0 8531.0 20.0 1415.0 0.12826385707741636
44 46 48 0.0 0.0 6.0 0.0 259.0 2.0 1.0 0.6189213085764809
44 46 49 0.0 0.0 0.0 0.0 7.0 0.0 0.0 0.6975585450921773
44 47 31 0.0 0.0 1.0 0.0 18.0 1.0 0.0 0.6937561942517343
44 47 32 0.0 0.0 13.0 0.0 304.0 0.0 0.0 0.6042296072507551
44 47 33 0.0 0.0 409.0 0.0 7671.0 11.0 901.0 0.13897161008536826
44 47 34 0.0 0.0 194.0 0.0 4611.0 12.0 198.0 0.2060035314891112
44 47 35 0.0 0.0 410.0 0.0 8189.0 19.0 1105.0 0.13218770654329143
44 47 36 0.0 0.0 326.0 0.0 7225.0 25.0 748.0 0.14690451206715632
44 47 37 0.0 0.0 713.0 0.0 11683.0 21.0 4849.0 0.09726950600986589
44 47 38 0.0 0.0 834.0 0.0 12692.0 26.0 7816.0 0.09017132551848511
44 47 39 0.0 0.0 720.0 0.0 11893.0 26.0 5756.0 0.09589697924515377
44 47 40 0.0 0.0 962.0 0.0 13029.0 40.0 9000.0 0.0876753507014028
44 47 41 0.0 0.0 586.0 0.0 10677.0 20.0 2914.0 0.10566037735849056
44 47 42 0.0 0.0 688.0 0.0 11361.0 28.0 3833.0 0.0997506234413965
44 47 43 0.0 0.0 538.0 0.0 9867.0 34.0 2092.0 0.11304909560723514
44 47 44 0.0 0.0 520.0 0.0 9508.0 22.0 1864.0 0.11655982016484887
44 47 45 0.0 0.0 444.0 0.0 8874.0 26.0 1575.0 0.12393767705382433
44 47 46 0.0 0.0 384.0 0.0 8040.0 19.0 1184.0 0.13442150744119055
44 47 47 0.0 0.0 192.0 0.0 4267.0 24.0 182.0 0.21742506600403785
44 47 48 0.0 0.0 38.0 0.0 1249.0 9.0 12.0 0.42708968883465526
44 47 49 0.0 0.0 0.0 0.0 4.0 0.0 0.0 0.6986027944111775
44 48 32 0.0 0.0 0.0 0.0 5.0 0.0 0.0 0.6982543640897755
44 48 33 0.0 0.0 1.0 0.0 38.0 1.0 0.0 0.6869479882237487
44 48 34 0.0 0.0 15.0 0.0 402.0 5.0 0.0 0.5804311774461027
44 48 35 0.0 0.0 107.0 0.0 2363.0 11.0 34.0 0.3139013452914797
44 48 36 0.0 0.0 138.0 0.0 2639.0 16.0 39.0 0.2940558706154169
44 48 37 0.0 0.0 226.0 0.0 4948.0 19.0 276.0 0.19555803883223913
44 48 38 0.0 0.0 238.0 0.0 5883.0 23.0 483.0 0.17283950617283947
44 48 39 0.0 0.0 356.0 0.0 8026.0 17.0 1171.0 0.13497878904743538
44 48 40 0.0 0.0 140.0 0.0 2551.0 17.0 30.0 0.29959340894500314
44 48 41 0.0 0.0 258.0 0.0 5257.0 16.0 245.0 0.18669155887451658
44 48 42 0.0 0.0 304.0 0.0 6102.0 19.0 374.0 0.16680567139282734
44 48 43 0.0 0.0 411.0 0.0 7583.0 18.0 853.0 0.1402524544179523
44 48 44 0.0 0.0 128.0 0.0 2795.0 16.0 55.0 0.2853067047075606
44 48 45 0.0 0.0 83.0 0.0 1701.0 16.0 14.0 0.3715498938428874
44 48 46 0.0 0.0 72.0 0.0 1695.0 18.0 11.0 0.3732338043188483
44 48 47 0.0 0.0 4.0 0.0 243.0 0.0 1.0 0.6230529595015576
44 48 48 0.0 0.0 0.0 0.0 14.0 0.0 0.0 0.6951340615690167
44 49 34 0.0 0.0 0.0 0.0 3.0 0.0 0.0 0.6989515726410384
44 49 35 0.0 0.0 3.0 0.0 79.0 0.0 0.0 0.6724303554274734
44 49 36 0.0 0.0 2.0 0.0 28.0 0.0 0.0 0.689655172413793
44 49 37 0.0 0.0 10.0 0.0 236.0 4.0 0.0 0.6244424620874218
44 49 38 0.0 0.0 2.0 0.0 96.0 0.0 0.0 0.6676204101096804
44 49 39 0.0 0.0 10.0 0.0 340.0 3.0 0.0 0.5965061780997016
44 49 40 0.0 0.0 54.0 0.0 885.0 10.0 5.0 0.4779788323659951
44 49 41 0.0 0.0 81.0 0.0 1699.0 13.0 14.0 0.371451313345715
44 49 42 0.0 0.0 26.0 0.0 648.0 1.0 1.0 0.5237560793116348
44 49 43 0.0 0.0 10.0 0.0 275.0 5.0 1.0 0.6143045195261079
44 49 44 0.0 0.0 0.0 0.0 37.0 0.0 0.0 0.6872852233676975
44 49 45 0.0 0.0 0.0 0.0 4.0 0.0 0.0 0.6986027944111775
44 49 46 0.0 0.0 0.0 0.0 2.0 0.0 0.0 0.6993006993006992
44 50 38 0.0 0.0 0.0 0.0 1.0 0.0 0.0 0.6996501749125437
44 50 42 0.0 0.0 0.0 0.0 3.0 0.0 0.0 0.6989515726410384
45 30 35 0.0 0.0 0.0 0.0 1.0 0.0 0.0 0.6996501749125437
45 30 36 0.0 0.0 2.0 0.0 46.0 1.0 0.0 0.6839276990718123
45 30 37 0.0 0.0 0.0 0.0 8.0 0.0 0.0 0.697211155378486
45 30 38 0.0 0.0 3.0 0.0 92.0 0.0 0.0 0.6682577565632457
45 30 39 0.0 0.0 0.0 0.0 18.0 0.0 0.0 0.6937561942517343
45 30 40 0.0 0.0 1.0 0.0 28.0 2.0 0.0 0.6906758756783422
45 30 41 0.0 0.0 57.0 0.0 1368.0 8.0 7.0 0.40971612525607254
45 30 42 0.0 0.0 4.0 0.0 94.0 0.0 0.0 0.6673021925643469
45 30 43 0.0 0.0 2.0 0.0 34.0 2.0 0.0 0.6882989183874139
45 30 44 0.0 0.0 1.0 0.0 16.0 0.0 0.0 0.694100148735746
45 31 33 0.0 0.0 0.0 0.0 9.0 0.0 0.0 0.6968641114982577
45 31 34 0.0 0.0 1.0 0.0 31.0 1.0 0.0 0.6893156080748399
45 31 35 0.0 0.0 10.0 0.0 345.0 1.0 0.0 0.5949851253718657
45 31 36 0.0 0.0 37.0 0.0 897.0 8.0 1.0 0.4783054321831226
45 31 37 0.0 0.0 12.0 0.0 282.0 3.0 0.0 0.6110868616324747
45 31 38 0.0 0.0 165.0 0.0 3474.0 20.0 94.0 0.24911032028469746
45 31 39 0.0 0.0 20.0 0.0 566.0 6.0 1.0 0.543056633048875
45 31 40 0.0 0.0 72.0 0.0 1927.0 18.0 24.0 0.3517587939698492
45 31 41 0.0 0.0 85.0 0.0 1870.0 19.0 13.0 0.355691056910569
45 31 42 0.0 0.0 120.0 0.0 2319.0 15.0 26.0 0.3163841807909604
45 31 43 0.0 0.0 39.0 0.0 880.0 14.0 1.0 0.4820936639118457
45 31 44 0.0 0.0 2.0 0.0 61.0 1.0 0.0 0.6792819019893255
45 31 45 0.0 0.0 0.0 0.0 3.0 0.0 0.0 0.6989515726410384
45 32 31 0.0 0.0 0.0 0.0 9.0 0.0 0.0 0.6968641114982577
45 32 32 0.0 0.0 4.0 0.0 90.0 2.0 0.0 0.6692160611854684
45 32 33 0.0 0.0 0.0 0.0 22.0 0.0 0.0 0.6927263730826323
45 32 34 0.0 0.0 117.0 0.0 2316.0 19.0 30.0 0.31710079275198183
45 32 35 0.0 0.0 257.0 0.0 6207.0 25.0 448.0 0.16583747927031506
45 32 36 0.0 0.0 372.0 0.0 8184.0 22.0 1213.0 0.13280212483399734
45 32 37 0.0 0.0 413.0 0.0 8196.0 20.0 1150.0 0.13212533031332577
45 32 38 0.0 0.0 472.0 0.0 9377.0 30.0 1686.0 0.11846336097478422
45 32 39 0.0 0.0 392.0 0.0 7938.0 28.0 925.0 0.13580366669900085
45 32 40 0.0 0.0 255.0 0.0 5996.0 21.0 484.0 0.17006802721088435
45 32 41 0.0 0.0 504.0 0.0 9647.0 28.0 1944.0 0.11535926170072511
45 32 42 0.0 0.0 285.0 0.0 6607.0 26.0 597.0 0.15788880117288823
45 32 43 0.0 0.0 124.0 0.0 3126.0 10.0 59.0 0.2671755725190839
45 32 44 0.0 0.0 71.0 0.0 1727.0 9.0 16.0 0.36949063077329103
45 32 45 0.0 0.0 1.0 0.0 91.0 0.0 0.0 0.6692160611854684
45 32 46 0.0 0.0 7.0 0.0 91.0 1.0 0.0 0.6676204101096804
45 32 47 0.0 0.0 0.0 0.0 5.0 0.0 0.0 0.6982543640897755
45 33 31 0.0 0.0 10.0 0.0 87.0 1.0 0.0 0.6679389312977099
45 33 32 0.0 0.0 6.0 0.0 113.0 0.0 0.0 0.6606890042472864
45 33 33 0.0 0.0 58.0 0.0 1331.0 15.0 9.0 0.4149377593360995
45 33 34 0.0 0.0 234.0 0.0 5102.0 34.0 272.0 0.19164955509924708
45 33 35 0.0 0.0 778.0 0.0 12232.0 28.0 6310.0 0.09329601492736238
45 33 36 0.0 0.0 1207.0 0.0 13273.0 35.0 13550.0 0.08502884907379288
45 33 37 0.0 0.0 1143.0 0.0 13389.0 42.0 11508.0 0.08472012102874431
45 33 38 0.0 0.0 1199.0 0.0 13503.0 37.0 12576.0 0.08384739773612025
45 33 39 0.0 0.0 1070.0 0.0 13424.0 30.0 10580.0 0.08483820143012967
45 33 40 0.0 0.0 882.0 0.0 12798.0 37.0 6394.0 0.08939974457215835
45 33 41 0.0 0.0 830.0 0.0 12497.0 30.0 6150.0 0.09140171051772539
45 33 42 0.0 0.0 595.0 0.0 10558.0 21.0 2873.0 0.10647197505513727
45 33 43 0.0 0.0 354.0 0.0 7071.0 20.0 657.0 0.14884116521369337
45 33 44 0.0 0.0 366.0 0.0 7836.0 25.0 1017.0 0.1374570446735395
45 33 45 0.0 0.0 247.0 0.0 4587.0 20.0 195.0 0.20536893061463984
45 33 46 0.0 0.0 309.0 0.0 6034.0 11.0 377.0 0.16796640671865623
45 33 47 0.0 0.0 0.0 0.0 35.0 0.0 0.0 0.6879606879606879
45 33 48 0.0 0.0 2.0 0.0 9.0 0.0 0.0 0.6961710591745399
45 34 31 0.0 0.0 0.0 0.0 43.0 0.0 0.0 0.6852667645619186
45 34 32 0.0 0.0 0.0 0.0 130.0 0.0 0.0 0.6575857209957726
45 34 33 0.0 0.0 172.0 0.0 4234.0 15.0 172.0 0.21895527056615577
45 34 34 0.0 0.0 560.0 0.0 10034.0 29.0 2207.0 0.11136743298066977
45 34 35 0.0 0.0 792.0 0.0 12448.0 31.0 5677.0 0.09194798371207145
45 34 36 0.0 0.0 1365.0 0.0 13200.0 41.0 18890.0 0.08443908323281062
45 34 37 0.0 0.0 1421.0 0.0 14029.0 39.0 14939.0 0.0802614229203692
45 34 38 0.0 0.0 1468.0 0.0 14194.0 42.0 15150.0 0.07931561951164239
45 34 39 0.0 0.0 1863.0 0.0 12972.0 47.0 27634.0 0.0831353919239905
45 34 40 0.0 0.0 2100.0 0.0 12197.0 55.0 36956.0 0.08595812611285072
45 34 41 0.0 0.0 1400.0 0.0 14032.0 31.0 14093.0 0.08027983255920637
45 34 42 0.0 0.0 1370.0 0.0 13539.0 40.0 16987.0 0.08284513876560742
45 34 43 0.0 0.0 768.0 0.0 12178.0 30.0 4866.0 0.0937269866773783
45 34 44 0.0 0.0 674.0 0.0 11255.0 26.0 3836.0 0.10056748796781839
45 34 45 0.0 0.0 644.0 0.0 10998.0 33.0 2944.0 0.1027824682475589
45 34 46 0.0 0.0 231.0 0.0 5451.0 22.0 327.0 0.1827199164708953
45 34 47 0.0 0.0 231.0 0.0 4710.0 26.0 210.0 0.20245842371655817
45 34 48 0.0 0.0 0.0 0.0 85.0 0.0 0.0 0.6717850287907868
45 34 49 0.0 0.0 0.0 0.0 6.0 0.0 0.0 0.6979062811565303
45 35 31 0.0 0.0 1.0 0.0 50.0 1.0 0.0 0.6829268292682925
45 35 32 0.0 0.0 55.0 0.0 1510.0 8.0 20.0 0.3937007874015747
45 35 33 0.0 0.0 386.0 0.0 8262.0 24.0 1178.0 0.1317027281279398
45 35 34 0.0 0.0 1279.0 0.0 13143.0 36.0 16461.0 0.08525668351501126
45 35 35 0.0 0.0 1371.0 0.0 13293.0 28.0 17418.0 0.08385744234800838
45 35 36 0.0 0.0 1624.0 0.0 13782.0 32.0 20422.0 0.08040893687898454
45 35 37 0.0 0.0 2494.0 0.0 11519.0 64.0 45385.0 0.08742896396677699
45 35 38 0.0 0.0 3051.0 0.0 10900.0 74.0 55383.0 0.08779631255487269
45 35 39 0.0 0.0 3091.0 0.0 12225.0 69.0 47946.0 0.08079409048938134
45 35 40 0.0 0.0 3138.0 0.0 10680.0 63.0 59654.0 0.08847320525783618
45 35 41 0.0 0.0 2281.0 0.0 13246.0 56.0 32645.0 0.0798676478977694
45 35 42 0.0 0.0 2032.0 0.0 13995.0 39.0 25277.0 0.07758811793393926
45 35 43 0.0 0.0 1603.0 0.0 13849.0 38.0 18880.0 0.08017409231474057
45 35 44 0.0 0.0 1101.0 0.0 13653.0 20.0 9991.0 0.08353221957040573
45 35 45 0.0 0.0 1137.0 0.0 13278.0 29.0 12777.0 0.08527745629530364
45 35 46 0.0 0.0 507.0 0.0 9718.0 23.0 2151.0 0.11456628477905073
45 35 47 0.0 0.0 282.0 0.0 5907.0 22.0 462.0 0.17121193591781822
45 35 48 0.0 0.0 51.0 0.0 1301.0 6.0 12.0 0.4184100418410041
45 35 49 0.0 0.0 6.0 0.0 96.0 2.0 0.0 0.6666666666666665
45 36 30 0.0 0.0 0.0 0.0 1.0 0.0 0.0 0.6996501749125437
45 36 31 0.0 0.0 91.0 0.0 2261.0 20.0 44.0 0.32317636195752536
45 36 32 0.0 0.0 97.0 0.0 2401.0 20.0 27.0 0.3126395712371594
45 36 33 0.0 0.0 469.0 0.0 9360.0 25.0 1862.0 0.11853357040047412
45 36 34 0.0 0.0 1037.0 0.0 13304.0 30.0 7785.0 0.08572653236176596
45 36 35 0.0 0.0 2165.0 0.0 12315.0 41.0 35834.0 0.08495661144486923
45 36 36 0.0 0.0 2150.0 0.0 13872.0 50.0 27707.0 0.07765697803416906
45 36 37 0.0 0.0 3224.0 0.0 10697.0 70.0 58684.0 0.08790104853393607
45 36 38 0.0 0.0 3522.0 0.0 12681.0 67.0 49687.0 0.0769357586415343
45 36 39 0.0 0.0 4250.0 0.0 9383.0 86.0 79874.0 0.08964589870013445
45 36 40 0.0 0.0 4048.0 0.0 11790.0 64.0 59149.0 0.07843137254901959
45 36 41 0.0 0.0 3524.0 0.0 12434.0 65.0 51653.0 0.07789895392833295
45 36 42 0.0 0.0 2861.0 0.0 12939.0 69.0 40651.0 0.07867820613690006
45 36 43 0.0 0.0 2228.0 0.0 13169.0 50.0 32361.0 0.0805106676634654
45 36 44 0.0 0.0 2178.0 0.0 12433.0 52.0 35576.0 0.08424599831508003
45 36 45 0.0 0.0 1043.0 0.0 13247.0 23.0 10279.0 0.08593702044073413
45 36 46 0.0 0.0 1460.0 0.0 12813.0 51.0 21467.0 0.08607968519429414
45 36 47 0.0 0.0 558.0 0.0 10702.0 24.0 3311.0 0.10563645966950878
45 36 48 0.0 0.0 261.0 0.0 5976.0 14.0 430.0 0.17021276595744678
45 36 49 0.0 0.0 5.0 0.0 156.0 1.0 0.0 0.648148148148148
45 36 50 0.0 0.0 0.0 0.0 13.0 0.0 0.0 0.695479384003974
45 37 30 0.0 0.0 0.0 0.0 7.0 0.0 0.0 0.6975585450921773
45 37 31 0.0 0.0 38.0 0.0 1168.0 6.0 7.0 0.43749999999999994
45 37 32 0.0 0.0 293.0 0.0 6662.0 21.0 608.0 0.15661707126076738
45 37 33 0.0 0.0 583.0 0.0 10764.0 17.0 3158.0 0.10490034467256105
45 37 34 0.0 0.0 1618.0 0.0 12975.0 28.0 24088.0 0.08431703204047217
45 37 35 0.0 0.0 2470.0 0.0 11842.0 56.0 43348.0 0.0858000858000858
45 37 36 0.0 0.0 2845.0 0.0 12217.0 55.0 45249.0 0.08200082000820007
45 37 37 0.0 0.0 3680.0 0.0 10536.0 69.0 66446.0 0.08629191321499012
45 37 38 0.0 0.0 4327.0 0.0 11495.0 88.0 63842.0 0.07852815795378057
45 37 39 0.0 0.0 4640.0 0.0 7946.0 68.0 98063.0 0.09594955794667945
45 37 40 0.0 0.0 4707.0 0.0 7632.0 68.0 102003.0 0.09765624999999999
45 37 41 0.0 0.0 4534.0 0.0 8425.0 83.0 92315.0 0.0936830835117773
45 37 42 0.0 0.0 4112.0 0.0 10326.0 66.0 70279.0 0.08514261387824605
45 37 43 0.0 0.0 3247.0 0.0 11762.0 59.0 53278.0 0.08225133658421949
45 37 44 0.0 0.0 2785.0 0.0 11718.0 53.0 47778.0 0.08474576271186439
45 37 45 0.0 0.0 2037.0 0.0 13084.0 52.0 29983.0 0.08179481187193269
45 37 46 0.0 0.0 1165.0 0.0 13696.0 33.0 12388.0 0.08307126327656796
45 37 47 0.0 0.0 787.0 0.0 12363.0 23.0 5682.0 0.09242144177449167
45 37 48 0.0 0.0 411.0 0.0 8200.0 17.0 1139.0 0.13205055649877379
45 37 49 0.0 0.0 2.0 0.0 210.0 0.0 1.0 0.6329113924050632
45 37 50 0.0 0.0 2.0 0.0 149.0 0.0 0.0 0.6508600650860064
45 38 29 0.0 0.0 0.0 0.0 3.0 0.0 0.0 0.6989515726410384
45 38 30 0.0 0.0 0.0 0.0 3.0 0.0 0.0 0.6993006993006992
45 38 31 0.0 0.0 18.0 0.0 422.0 6.0 0.0 0.575657894736842
45 38 32 0.0 0.0 501.0 0.0 9771.0 30.0 2438.0 0.11424840868287904
45 38 33 0.0 0.0 994.0 0.0 12916.0 29.0 9679.0 0.08801710046523324
45 38 34 0.0 0.0 1449.0 0.0 13766.0 42.0 17203.0 0.08134332694207191
45 38 35 0.0 0.0 2342.0 0.0 13131.0 43.0 35042.0 0.08008237043816496
45 38 36 0.0 0.0 3240.0 0.0 11848.0 62.0 52565.0 0.08186655751125664
45 38 37 0.0 0.0 4133.0 0.0 9960.0 66.0 74455.0 0.08697272783748523
45 38 38 0.0 0.0 4690.0 0.0 8851.0 77.0 89587.0 0.09010168618869865
45 38 39 0.0 0.0 5483.0 0.0 11073.0 88.0 76181.0 0.07551240560949297
45 38 40 0.0 0.0 5504.0 0.0 8671.0 81.0 96948.0 0.08648915796626921
45 38 41 0.0 0.0 4553.0 0.0 6551.0 81.0 113249.0 0.10692736576796762
45 38 42 0.0 0.0 4940.0 1.0 9900.0 83.0 80295.0 0.08307619273676714
45 38 43 0.0 0.0 3927.0 0.0 10605.0 65.0 68379.0 0.08461259518916958
45 38 44 0.0 0.0 3486.0 0.0 11181.0 66.0 59173.0 0.0839680921249925
45 38 45 0.0 0.0 2608.0 0.0 12073.0 59.0 43228.0 0.08395802098950524
45 38 46 0.0 0.0 1863.0 0.0 13421.0 35.0 25342.0 0.08087810514153668
45 38 47 0.0 0.0 660.0 0.0 11304.0 39.0 3532.0 0.10048808498420901
45 38 48 0.0 0.0 632.0 0.0 10902.0 22.0 3102.0 0.10352732381867927
45 38 49 0.0 0.0 12.0 0.0 375.0 1.0 0.0 0.5867560771165129
45 38 50 0.0 0.0 0.0 0.0 42.0 0.0 0.0 0.6856023506366307
45 39 29 0.0 0.0 0.0 0.0 1.0 0.0 0.0 0.6996501749125437
45 39 30 0.0 0.0 0.0 0.0 23.0 0.0 0.0 0.6920415224913494
45 39 31 0.0 0.0 52.0 0.0 1756.0 10.0 22.0 0.36861506055818843
45 39 32 0.0 0.0 432.0 0.0 8893.0 20.0 1560.0 0.12377331800901775
45 39 33 0.0 0.0 558.0 0.0 10564.0 23.0 2668.0 0.10682130321989927
45 39 34 0.0 0.0 1575.0 0.0 13201.0 54.0 21575.0 0.08357709987463434
45 39 35 0.0 0.0 2662.0 0.0 12466.0 54.0 41247.0 0.08166122258516098
45 39 36 0.0 0.0 3555.0 0.0 10863.0 67.0 62243.0 0.08518924181574783
45 39 37 0.0 0.0 4338.0 0.0 9978.0 82.0 77250.0 0.08573703227386857
45 39 38 0.0 0.0 4954.0 0.0 9859.0 74.0 81006.0 0.08324909317952071
45 39 39 0.0 0.0 5199.0 0.0 8991.0 76.0 91075.0 0.08637176877043617
45 39 40 0.0 0.0 5739.0 0.0 8755.0 70.0 94991.0 0.08481250378627248
45 39 41 0.0 0.0 5130.0 0.0 7321.0 84.0 107595.0 0.09702009702009701
45 39 42 0.0 0.0 5086.0 0.0 9484.0 90.0 86051.0 0.08459725663182065
45 39 43 0.0 0.0 4572.0 0.0 10305.0 77.0 75849.0 0.08296296296296296
45 39 44 0.0 0.0 3667.0 0.0 10449.0 64.0 66235.0 0.08688636504685657
45 39 45 0.0 0.0 2864.0 0.0 10651.0 71.0 56353.0 0.09024688970540835
45 39 46 0.0 0.0 2163.0 0.0 12095.0 55.0 36880.0 0.08606381016782443
45 39 47 0.0 0.0 1094.0 0.0 13013.0 34.0 11859.0 0.08699975142928162
45 39 48 0.0 0.0 302.0 0.0 7109.0 25.0 767.0 0.1490947816826411
45 39 49 0.0 0.0 54.0 0.0 1391.0 6.0 10.0 0.40697674418604646
45 39 50 0.0 0.0 0.0 0.0 22.0 1.0 0.0 0.6927263730826323
45 40 29 0.0 0.0 0.0 0.0 1.0 0.0 0.0 0.6996501749125437
45 40 30 0.0 0.0 3.0 0.0 73.0 2.0 0.0 0.6750241080038573
45 40 31 0.0 0.0 256.0 0.0 6079.0 14.0 421.0 0.16816816816816815
45 40 32 0.0 0.0 671.0 0.0 11434.0 26.0 3869.0 0.09934009792095365
45 40 33 0.0 0.0 1082.0 0.0 13229.0 33.0 11207.0 0.08586323213738116
45 40 34 0.0 0.0 1371.0 0.0 13661.0 59.0 16232.0 0.08230452674897118
45 40 35 0.0 0.0 2721.0 0.0 10819.0 48.0 53549.0 0.08996851102114259
45 40 36 0.0 0.0 3434.0 0.0 12226.0 78.0 51113.0 0.07942811755361398
45 40 37 0.0 0.0 4247.0 0.0 10624.0 75.0 70482.0 0.08294330232833698
45 40 38 0.0 1.0 5175.0 2.0 9851.0 82.0 83518.0 0.08217891523831884
45 40 39 0.0 0.0 5507.0 0.0 8616.0 73.0 96472.0 0.08684324793747285
45 40 40 0.0 0.0 5725.0 0.0 9384.0 83.0 90762.0 0.08188571094344037
45 40 41 0.0 0.0 5293.0 0.0 8481.0 65.0 96223.0 0.08868617762574432
45 40 42 0.0 0.0 5237.0 0.0 9928.0 85.0 81438.0 0.08156606851549755
45 40 43 0.0 0.0 4354.0 0.0 11008.0 68.0 67936.0 0.08055699407330685
45 40 44 0.0 0.0 3387.0 0.0 11836.0 68.0 53562.0 0.08124891184493063
45 40 45 0.0 0.0 2659.0 0.0 12386.0 46.0 42291.0 0.08213552361396302
45 40 46 0.0 0.0 1763.0 0.0 13376.0 33.0 24495.0 0.08158983623754297
45 40 47 0.0 0.0 635.0 0.0 11103.0 24.0 4069.0 0.10201850907236025
45 40 48 0.0 0.0 330.0 0.0 6915.0 27.0 598.0 0.15177797051170855
45 40 49 0.0 0.0 23.0 0.0 518.0 4.0 1.0 0.5518328734726053
45 40 50 0.0 0.0 0.0 0.0 4.0 0.0 0.0 0.6986027944111775
45 41 30 0.0 0.0 2.0 0.0 62.0 1.0 0.0 0.6786233640329616
45 41 31 0.0 0.0 159.0 0.0 3659.0 17.0 102.0 0.24129610479145117
45 41 32 0.0 0.0 543.0 0.0 9975.0 22.0 2172.0 0.11193731510354202
45 41 33 0.0 0.0 1027.0 0.0 13262.0 33.0 7991.0 0.08601093567610739
45 41 34 0.0 0.0 1412.0 0.0 13318.0 35.0 18896.0 0.08360205422190373
45 41 35 0.0 0.0 2475.0 0.0 11882.0 57.0 42768.0 0.08547530374259721
45 41 36 0.0 0.0 2822.0 0.0 12985.0 66.0 40438.0 0.07867820613690006
45 41 37 0.0 0.0 3717.0 0.0 12218.0 71.0 53773.0 0.07802920521680971
45 41 38 0.0 0.0 4903.0 0.0 9239.0 78.0 85637.0 0.08671415298854133
45 41 39 0.0 0.0 4651.0 0.0 6927.0 68.0 109888.0 0.10313835273316634
45 41 40 0.0 0.0 5098.0 0.0 8642.0 73.0 94285.0 0.08892276422764227
45 41 41 0.0 0.0 4919.0 0.0 9212.0 74.0 87259.0 0.08672489623985627
45 41 42 0.0 0.0 4583.0 0.0 9287.0 65.0 83004.0 0.0880281690140845
45 41 43 0.0 0.0 4128.0 0.0 9501.0 76.0 78739.0 0.08958853266781851
45 41 44 0.0 0.0 3267.0 0.0 11572.0 70.0 53848.0 0.08313045543613799
45 41 45 0.0 0.0 2026.0 0.0 13405.0 50.0 28114.0 0.08032128514056223
45 41 46 0.0 0.0 1181.0 0.0 13524.0 36.0 12911.0 0.08380724334031725
45 41 47 0.0 0.0 905.0 0.0 12782.0 24.0 7617.0 0.08925725215173731
45 41 48 0.0 0.0 199.0 0.0 4919.0 21.0 258.0 0.19718309859154928
45 41 49 0.0 0.0 4.0 0.0 141.0 2.0 0.0 0.6532897806812878
45 42 30 0.0 0.0 0.0 0.0 9.0 0.0 0.0 0.6968641114982577
45 42 31 0.0 0.0 14.0 0.0 537.0 6.0 3.0 0.5503144654088049
45 42 32 0.0 0.0 512.0 0.0 10117.0 28.0 2749.0 0.111014193957656
45 42 33 0.0 0.0 939.0 0.0 12914.0 29.0 7597.0 0.08832807570977917
45 42 34 0.0 0.0 1187.0 0.0 13633.0 29.0 12166.0 0.08320950965824664
45 42 35 0.0 0.0 1515.0 0.0 13945.0 57.0 18143.0 0.08030746285779841
45 42 36 0.0 0.0 2249.0 0.0 13980.0 70.0 27852.0 0.07688083470620538
45 42 37 0.0 0.0 3486.0 0.0 12106.0 70.0 52700.0 0.07954545454545453
45 42 38 0.0 0.0 4562.0 0.0 9703.0 85.0 81465.0 0.08615914825527723
45 42 39 0.0 0.0 5197.0 0.0 9673.0 68.0 85129.0 0.08298263292039594
45 42 40 0.0 1.0 4804.0 2.0 8630.0 82.0 90948.0 0.09074998379464574
45 42 41 0.0 0.0 4359.0 0.0 12116.0 67.0 60527.0 0.07565522831667117
45 42 42 0.0 0.0 3868.0 0.0 10201.0 79.0 70133.0 0.08721111318756618
45 42 43 0.0 0.0 3432.0 0.0 12023.0 64.0 52089.0 0.08016491067338524
45 42 44 0.0 0.0 2591.0 0.0 12736.0 48.0 38638.0 0.08081274532440544
45 42 45 0.0 0.0 1966.0 0.0 13165.0 52.0 28415.0 0.08178525528683257
45 42 46 0.0 0.0 1040.0 0.0 13344.0 30.0 10143.0 0.08547008547008546
45 42 47 0.0 0.0 802.0 0.0 12240.0 27.0 5860.0 0.09312225621923638
45 42 48 0.0 0.0 231.0 0.0 5008.0 28.0 249.0 0.1941478297046179
45 42 49 0.0 0.0 0.0 0.0 53.0 0.0 0.0 0.6819288845591815
45 42 50 0.0 0.0 0.0 0.0 2.0 0.0 0.0 0.6993006993006992
45 43 30 0.0 0.0 0.0 0.0 6.0 0.0 0.0 0.6979062811565303
45 43 31 0.0 0.0 102.0 0.0 2259.0 17.0 37.0 0.32220943613348674
45 43 32 0.0 0.0 677.0 0.0 11293.0 18.0 3968.0 0.10023627121071095
45 43 33 0.0 0.0 737.0 0.0 12097.0 30.0 5720.0 0.09446056271506645
45 43 34 0.0 0.0 1243.0 0.0 13091.0 28.0 16526.0 0.08567407135426228
45 43 35 0.0 0.0 1403.0 0.0 13518.0 56.0 17306.0 0.08282553392888835
45 43 36 0.0 0.0 1756.0 0.0 13816.0 51.0 22604.0 0.07973573299920263
45 43 37 0.0 0.0 3114.0 0.0 12414.0 75.0 46321.0 0.07987676156786672
45 43 38 0.0 0.0 4054.0 0.0 9851.0 71.0 75126.0 0.08799497171590194
45 43 39 0.0 0.0 3934.0 0.0 6793.0 66.0 104798.0 0.11009751494180559
45 43 40 0.0 0.0 4115.0 0.0 11398.0 64.0 61397.0 0.0797857183564142
45 43 41 0.0 0.0 3561.0 0.0 11057.0 81.0 60393.0 0.08437292834327728
45 43 42 0.0 0.0 3031.0 0.0 12928.0 57.0 42797.0 0.07790328863168437
45 43 43 0.0 0.0 2797.0 0.0 12372.0 59.0 44070.0 0.08148536173680228
45 43 44 0.0 0.0 2329.0 0.0 12409.0 54.0 37818.0 0.08368701058042918
45 43 45 0.0 0.0 1692.0 0.0 13520.0 40.0 22449.0 0.08132442637234968
45 43 46 0.0 0.0 908.0 0.0 12876.0 29.0 6148.0 0.08874801901743264
45 43 47 0.0 0.0 451.0 0.0 8875.0 30.0 1674.0 0.12390477033365782
45 43 48 0.0 0.0 306.0 0.0 6583.0 22.0 620.0 0.15779981965734896
45 43 49 0.0 0.0 4.0 0.0 108.0 1.0 0.0 0.6631927996210326
45 44 30 0.0 0.0 0.0 0.0 2.0 0.0 0.0 0.6993006993006992
45 44 31 0.0 0.0 91.0 0.0 2140.0 12.0 41.0 0.33198956604221
45 44 32 0.0 0.0 609.0 0.0 10745.0 21.0 3324.0 0.10496326285799969
45 44 33 0.0 0.0 528.0 0.0 9932.0 26.0 2269.0 0.11251305955155508
45 44 34 0.0 0.0 849.0 0.0 12690.0 29.0 6636.0 0.09011328527291451
45 44 35 0.0 0.0 1027.0 0.0 13241.0 29.0 10239.0 0.08603207767467584
45 44 36 0.0 0.0 1793.0 0.0 13638.0 42.0 22604.0 0.08034433285509325
45 44 37 0.0 0.0 2439.0 0.0 12902.0 54.0 36364.0 0.08072421149743411
45 44 38 0.0 0.0 3447.0 0.0 10356.0 53.0 63996.0 0.08856275303643724
45 44 39 0.0 0.0 3585.0 0.0 11482.0 51.0 58210.0 0.08196721311475409
45 44 40 0.0 0.0 3423.0 0.0 9263.0 71.0 72957.0 0.0953483620513519
45 44 41 0.0 0.0 2573.0 0.0 13952.0 58.0 32553.0 0.07556539105089868
45 44 42 0.0 0.0 2353.0 0.0 13581.0 62.0 31109.0 0.07804660497268368
45 44 43 0.0 0.0 1942.0 0.0 13831.0 61.0 24647.0 0.07889101769412825
45 44 44 0.0 0.0 1477.0 0.0 14048.0 54.0 16378.0 0.07995431182181609
45 44 45 0.0 0.0 1650.0 0.0 13085.0 43.0 23477.0 0.08366200549778892
45 44 46 0.0 0.0 649.0 0.0 11549.0 30.0 4592.0 0.09871668311944719
45 44 47 0.0 0.0 214.0 0.0 5201.0 18.0 295.0 0.18918918918918917
45 44 48 0.0 0.0 7.0 0.0 319.0 2.0 0.0 0.6024096385542168
45 44 49 0.0 0.0 0.0 0.0 26.0 0.0 0.0 0.6910167818361302
45 45 30 0.0 0.0 0.0 0.0 2.0 1.0 0.0 0.6996501749125437
45 45 31 0.0 0.0 0.0 0.0 54.0 0.0 0.0 0.6815968841285296
45 45 32 0.0 0.0 47.0 0.0 1290.0 11.0 9.0 0.42067307692307687
45 45 33 0.0 0.0 310.0 0.0 7015.0 25.0 721.0 0.15050526768436892
45 45 34 0.0 0.0 562.0 0.0 10466.0 25.0 2752.0 0.1075516632096489
45 45 35 0.0 0.0 800.0 0.0 12364.0 31.0 6124.0 0.09237875288683602
45 45 36 0.0 0.0 1610.0 0.0 12586.0 44.0 25664.0 0.086446434084594
45 45 37 0.0 0.0 1582.0 0.0 14170.0 41.0 17569.0 0.07887323943661971
45 45 38 0.0 0.0 1975.0 0.0 14055.0 50.0 23634.0 0.07760962359332556
45 45 39 0.0 0.0 2603.0 0.0 12268.0 56.0 42642.0 0.08304662474789416
45 45 40 0.0 0.0 1880.0 0.0 13856.0 54.0 23099.0 0.07889990982867448
45 45 41 0.0 0.0 2098.0 0.0 12109.0 42.0 35815.0 0.08636644046884638
45 45 42 0.0 0.0 2068.0 0.0 12615.0 51.0 32799.0 0.08389764487325461
45 45 43 0.0 0.0 2176.0 0.0 11983.0 50.0 38421.0 0.08659615265664625
45 45 44 0.0 0.0 1433.0 0.0 13666.0 34.0 17020.0 0.08183784415736246
45 45 45 0.0 0.0 1265.0 0.0 13105.0 44.0 15525.0 0.08555365436323636
45 45 46 0.0 0.0 389.0 0.0 8256.0 32.0 1058.0 0.13192612137203164
45 45 47 0.0 0.0 166.0 0.0 3855.0 15.0 132.0 0.23294509151414308
45 45 48 0.0 0.0 52.0 0.0 1029.0 11.0 4.0 0.45587756431129917
45 46 31 0.0 0.0 0.0 0.0 4.0 0.0 0.0 0.6986027944111775
45 46 32 0.0 0.0 6.0 0.0 141.0 1.0 0.0 0.6523765144454798
45 46 33 0.0 0.0 80.0 0.0 2335.0 4.0 48.0 0.31731640979147774
45 46 34 0.0 0.0 521.0 0.0 10077.0 29.0 2471.0 0.11130545396724438
45 46 35 0.0 0.0 735.0 0.0 11819.0 27.0 4514.0 0.09621993127147765
45 46 36 0.0 0.0 450.0 0.0 9043.0 12.0 1620.0 0.12188751523593938
45 46 37 0.0 0.0 945.0 0.0 12920.0 42.0 8468.0 0.0883336488106505
45 46 38 0.0 0.0 1211.0 0.0 13654.0 39.0 12837.0 0.08309098462816783
45 46 39 0.0 0.0 1375.0 0.0 13668.0 42.0 15916.0 0.08215480312188252
45 46 40 0.0 0.0 1364.0 0.0 13635.0 27.0 15343.0 0.08228034087569791
45 46 41 0.0 0.0 1389.0 0.0 13778.0 48.0 15780.0 0.08163265306122448
45 46 42 0.0 0.0 1196.0 0.0 13350.0 41.0 13669.0 0.0847098686997035
45 46 43 0.0 0.0 1178.0 0.0 13479.0 35.0 12286.0 0.08403865778257998
45 46 44 0.0 0.0 940.0 0.0 12724.0 39.0 10724.0 0.0894340104765555
45 46 45 0.0 0.0 625.0 0.0 11013.0 29.0 3306.0 0.10274475267870246
45 46 46 0.0 0.0 437.0 0.0 8967.0 18.0 1608.0 0.1229040470546923
45 46 47 0.0 0.0 9.0 0.0 388.0 9.0 2.0 0.5862646566164154
45 46 48 0.0 0.0 0.0 0.0 73.0 0.0 0.0 0.6753497346840327
45 47 31 0.0 0.0 0.0 0.0 2.0 0.0 0.0 0.6993006993006992
45 47 32 0.0 0.0 0.0 0.0 19.0 0.0 0.0 0.6934125804853887
45 47 33 0.0 0.0 44.0 0.0 1143.0 10.0 3.0 0.4406672961913755
45 47 34 0.0 0.0 79.0 0.0 2056.0 9.0 29.0 0.3393116820164808
45 47 35 0.0 0.0 71.0 0.0 2035.0 15.0 30.0 0.34221461745294546
45 47 36 0.0 0.0 386.0 0.0 7778.0 23.0 1042.0 0.1379718143293584
45 47 37 0.0 0.0 716.0 0.0 11396.0 22.0 3577.0 0.09922744347579558
45 47 38 0.0 0.0 705.0 0.0 11676.0 28.0 4150.0 0.09741163373225716
45 47 39 0.0 0.0 504.0 0.0 10017.0 30.0 2235.0 0.11198208286674131
45 47 40 0.0 0.0 393.0 0.0 8323.0 23.0 1200.0 0.13087781621015235
45 47 41 0.0 0.0 592.0 0.0 10424.0 28.0 2596.0 0.10763435073422002
45 47 42 0.0 0.0 712.0 0.0 11704.0 35.0 4225.0 0.09724248107244564
45 47 43 0.0 0.0 613.0 0.0 10650.0 35.0 2721.0 0.1057641459545214
45 47 44 0.0 0.0 211.0 0.0 5430.0 18.0 321.0 0.18358248098610017
45 47 45 0.0 0.0 341.0 0.0 6881.0 19.0 669.0 0.15205821657434557
45 47 46 0.0 0.0 91.0 0.0 2666.0 15.0 39.0 0.2952963509808057
45 47 47 0.0 0.0 131.0 0.0 2468.0 14.0 41.0 0.30534351145038163
45 47 48 0.0 0.0 0.0 0.0 20.0 0.0 0.0 0.6930693069306929
45 48 32 0.0 0.0 0.0 0.0 8.0 0.0 0.0 0.697211155378486
45 48 33 0.0 0.0 0.0 0.0 17.0 0.0 0.0 0.694100148735746
45 48 34 0.0 0.0 0.0 0.0 41.0 0.0 0.0 0.6859382655560998
45 48 35 0.0 0.0 0.0 0.0 66.0 0.0 0.0 0.6776379477250725
45 48 36 0.0 0.0 136.0 0.0 2752.0 12.0 50.0 0.28700287002870023
45 48 37 0.0 0.0 145.0 0.0 3717.0 17.0 156.0 0.23947998631542933
45 48 38 0.0 0.0 260.0 0.0 5716.0 19.0 391.0 0.1758793969849246
45 48 39 0.0 0.0 533.0 0.0 10074.0 25.0 2641.0 0.1111463956811686
45 48 40 0.0 0.0 196.0 0.0 4876.0 20.0 241.0 0.19849709343541752
45 48 41 0.0 0.0 389.0 0.0 8028.0 22.0 1015.0 0.1346153846153846
45 48 42 0.0 0.0 169.0 0.0 3817.0 18.0 123.0 0.23450586264656614
45 48 43 0.0 0.0 153.0 0.0 3669.0 21.0 119.0 0.24121295658166778
45 48 44 0.0 0.0 164.0 0.0 4020.0 17.0 126.0 0.22697795071335924
45 48 45 0.0 0.0 7.0 0.0 372.0 2.0 2.0 0.5889777029869583
45 48 46 0.0 0.0 2.0 0.0 74.0 0.0 0.0 0.6743737957610789
45 48 47 0.0 0.0 0.0 0.0 20.0 0.0 0.0 0.6934125804853887
45 48 48 0.0 0.0 0.0 0.0 1.0 0.0 0.0 0.6996501749125437
45 49 35 0.0 0.0 0.0 0.0 1.0 0.0 0.0 0.6996501749125437
45 49 36 0.0 0.0 1.0 0.0 23.0 1.0 0.0 0.6923837784371908
45 49 37 0.0 0.0 0.0 0.0 28.0 0.0 0.0 0.690335305719921
45 49 38 0.0 0.0 19.0 0.0 630.0 6.0 3.0 0.529701097237987
45 49 39 0.0 0.0 8.0 0.0 266.0 1.0 2.0 0.6159260888693356
45 49 40 0.0 0.0 5.0 0.0 181.0 2.0 0.0 0.641025641025641
45 49 41 0.0 0.0 0.0 0.0 35.0 0.0 0.0 0.6882989183874139
45 49 42 0.0 0.0 1.0 0.0 60.0 1.0 0.0 0.6796116504854368
45 49 43 0.0 0.0 3.0 0.0 56.0 1.0 0.0 0.6802721088435373
45 49 44 0.0 0.0 0.0 0.0 12.0 0.0 0.0 0.6958250497017892
45 49 45 0.0 0.0 0.0 0.0 5.0 0.0 0.0 0.6982543640897755
45 49 46 0.0 0.0 0.0 0.0 1.0 0.0 0.0 0.0
45 50 37 0.0 0.0 0.0 0.0 1.0 0.0 0.0 0.6996501749125437
45 50 40 0.0 0.0 0.0 0.0 1.0 0.0 0.0 0.6996501749125437
46 29 40 0.0 0.0 0.0 0.0 1.0 0.0 0.0 0.6996501749125437
46 29 42 0.0 0.0 2.0 0.0 10.0 0.0 0.0 0.6958250497017892
46 30 35 0.0 0.0 0.0 0.0 3.0 0.0 0.0 0.6993006993006992
46 30 36 0.0 0.0 0.0 0.0 2.0 0.0 0.0 0.6993006993006992
46 30 37 0.0 0.0 0.0 0.0 3.0 0.0 0.0 0.6989515726410384
46 30 38 0.0 0.0 0.0 0.0 1.0 0.0 0.0 0.6996501749125437
46 30 39 0.0 0.0 0.0 0.0 1.0 0.0 0.0 0.6996501749125437
46 30 40 0.0 0.0 0.0 0.0 3.0 0.0 0.0 0.6989515726410384
46 30 41 0.0 0.0 0.0 0.0 2.0 0.0 0.0 0.6993006993006992
46 30 42 0.0 0.0 0.0 0.0 5.0 0.0 0.0 0.6982543640897755
46 30 43 0.0 0.0 0.0 0.0 1.0 0.0 0.0 0.6996501749125437
46 31 34 0.0 0.0 0.0 0.0 40.0 0.0 0.0 0.6862745098039215
46 31 35 0.0 0.0 0.0 0.0 28.0 0.0 0.0 0.690335305719921
46 31 36 0.0 0.0 0.0 0.0 72.0 1.0 0.0 0.6763285024154588
46 31 37 0.0 0.0 1.0 0.0 133.0 0.0 0.0 0.6560449859418931
46 31 38 0.0 0.0 8.0 0.0 206.0 4.0 0.0 0.6334841628959276
46 31 39 0.0 0.0 3.0 0.0 144.0 2.0 0.0 0.6529850746268656
46 31 40 0.0 0.0 10.0 0.0 301.0 6.0 0.0 0.6073752711496745
46 31 41 0.0 0.0 38.0 0.0 1046.0 8.0 3.0 0.45513654096228867
46 31 42 0.0 0.0 1.0 0.0 74.0 0.0 0.0 0.6746987951807227
46 31 43 0.0 0.0 1.0 0.0 35.0 3.0 0.0 0.6886374815543531
46 31 44 0.0 0.0 0.0 0.0 5.0 0.0 0.0 0.6982543640897755
46 32 33 0.0 0.0 0.0 0.0 5.0 0.0 0.0 0.6982543640897755
46 32 34 0.0 0.0 44.0 0.0 1097.0 8.0 3.0 0.44699872286079173
46 32 35 0.0 0.0 301.0 0.0 6522.0 23.0 520.0 0.1590005678591709
46 32 36 0.0 0.0 227.0 0.0 5083.0 21.0 258.0 0.19209659714599336
46 32 37 0.0 0.0 406.0 0.0 8101.0 17.0 1039.0 0.1332952489764829
46 32 38 0.0 0.0 267.0 0.0 5823.0 12.0 342.0 0.1732030186811827
46 32 39 0.0 0.0 233.0 0.0 5588.0 15.0 406.0 0.1792803175822768
46 32 40 0.0 0.0 446.0 0.0 9189.0 20.0 1739.0 0.12048192771084335
46 32 41 0.0 0.0 73.0 0.0 2174.0 20.0 25.0 0.33151787828557894
46 32 42 0.0 0.0 349.0 0.0 6864.0 25.0 704.0 0.1522897857065158
46 32 43 0.0 0.0 227.0 0.0 4508.0 11.0 186.0 0.2080237741456166
46 32 44 0.0 0.0 0.0 0.0 49.0 0.0 0.0 0.6832601268911663
46 32 45 0.0 0.0 0.0 0.0 21.0 0.0 0.0 0.6927263730826323
46 32 46 0.0 0.0 3.0 0.0 97.0 0.0 0.0 0.6666666666666665
46 32 47 0.0 0.0 2.0 0.0 21.0 0.0 0.0 0.6920415224913494
46 33 32 0.0 0.0 0.0 0.0 11.0 0.0 0.0 0.6961710591745399
46 33 33 0.0 0.0 3.0 0.0 121.0 2.0 0.0 0.6597549481621111
46 33 34 0.0 0.0 161.0 0.0 3976.0 19.0 140.0 0.22875816993464046
46 33 35 0.0 0.0 385.0 0.0 7816.0 22.0 970.0 0.13737611618094395
46 33 36 0.0 0.0 770.0 0.0 12165.0 30.0 6042.0 0.0938149165717349
46 33 37 0.0 0.0 778.0 0.0 12281.0 29.0 6991.0 0.0929985385943935
46 33 38 0.0 0.0 959.0 0.0 12995.0 23.0 8516.0 0.0877302920165434
46 33 39 0.0 0.0 819.0 0.0 12300.0 30.0 5871.0 0.09264774005691216
46 33 40 0.0 0.0 681.0 0.0 11527.0 16.0 4435.0 0.09860543738554725
46 33 41 0.0 0.0 1002.0 0.0 13041.0 20.0 9536.0 0.08724915866882711
46 33 42 0.0 0.0 476.0 0.0 9436.0 27.0 2202.0 0.11771630370806355
46 33 43 0.0 0.0 108.0 0.0 2560.0 16.0 45.0 0.3009458297506449
46 33 44 0.0 0.0 171.0 0.0 3605.0 25.0 103.0 0.24343592418709784
46 33 45 0.0 0.0 61.0 0.0 1645.0 9.0 11.0 0.3786854206113064
46 33 46 0.0 0.0 41.0 0.0 970.0 9.0 6.0 0.46666666666666656
46 33 47 0.0 0.0 1.0 0.0 20.0 0.0 0.0 0.6927263730826323
46 33 48 0.0 0.0 0.0 0.0 3.0 0.0 0.0 0.6989515726410384
46 34 31 0.0 0.0 0.0 0.0 2.0 0.0 0.0 0.6993006993006992
46 34 32 0.0 0.0 0.0 0.0 50.0 0.0 0.0 0.6829268292682925
46 34 33 0.0 0.0 225.0 0.0 4955.0 17.0 204.0 0.19550342130987292
46 34 34 0.0 0.0 255.0 0.0 5755.0 19.0 358.0 0.1751970967338255
46 34 35 0.0 0.0 606.0 0.0 10938.0 32.0 3715.0 0.10345846881466153
46 34 36 0.0 0.0 850.0 0.0 12398.0 28.0 5791.0 0.0918514630625902
46 34 37 0.0 0.0 1253.0 0.0 13471.0 41.0 14030.0 0.08378216636744464
46 34 38 0.0 0.0 1818.0 0.0 12706.0 52.0 27349.0 0.08472012102874431
46 34 39 0.0 0.0 1400.0 0.0 13361.0 52.0 18075.0 0.08362702347530016
46 34 40 0.0 0.0 1268.0 0.0 13603.0 37.0 14037.0 0.08301215535131928
46 34 41 0.0 0.0 1198.0 0.0 13212.0 35.0 15415.0 0.08533983541603168
46 34 42 0.0 0.0 706.0 0.0 11882.0 30.0 4536.0 0.09606807109037259
46 34 43 0.0 0.0 633.0 0.0 11114.0 25.0 3428.0 0.10195164579085347
46 34 44 0.0 0.0 413.0 0.0 9052.0 24.0 1853.0 0.12224938875305623
46 34 45 0.0 0.0 392.0 0.0 7813.0 25.0 994.0 0.13743005791695295
46 34 46 0.0 0.0 86.0 0.0 2440.0 17.0 47.0 0.3104212860310421
46 34 47 0.0 0.0 9.0 0.0 303.0 7.0 1.0 0.6073752711496745
46 34 48 0.0 0.0 64.0 0.0 1239.0 14.0 4.0 0.4257907542579075
46 34 49 0.0 0.0 0.0 0.0 1.0 0.0 0.0 0.6996501749125437
46 35 31 0.0 0.0 0.0 0.0 6.0 0.0 0.0 0.6979062811565303
46 35 32 0.0 0.0 55.0 0.0 1531.0 9.0 7.0 0.3913894324853228
46 35 33 0.0 0.0 340.0 0.0 6895.0 19.0 592.0 0.15179442697603812
46 35 34 0.0 0.0 912.0 0.0 12785.0 29.0 9397.0 0.0891606164819768
46 35 35 0.0 0.0 736.0 0.0 12153.0 33.0 5536.0 0.09414296281352967
46 35 36 0.0 0.0 1290.0 0.0 13538.0 38.0 15266.0 0.08324414317992626
46 35 37 0.0 0.0 1442.0 0.0 13382.0 33.0 18765.0 0.08316996376165864
46 35 38 0.0 0.0 1979.0 0.0 13230.0 56.0 28981.0 0.08138115444980526
46 35 39 0.0 0.0 1697.0 0.0 13407.0 36.0 23447.0 0.08178047783164903
46 35 40 0.0 0.0 2191.0 0.0 12356.0 54.0 35987.0 0.08468937148387877
46 35 41 0.0 0.0 1598.0 0.0 13702.0 31.0 19609.0 0.08079875339066196
46 35 42 0.0 0.0 1652.0 0.0 13469.0 46.0 23503.0 0.08171365201657618
46 35 43 0.0 0.0 1027.0 0.0 13102.0 31.0 10864.0 0.08682709005209624
46 35 44 0.0 0.0 831.0 0.0 12739.0 24.0 6759.0 0.0899396119748169
46 35 45 0.0 0.0 567.0 0.0 10219.0 17.0 2593.0 0.10954616588419404
46 35 46 0.0 0.0 309.0 0.0 6892.0 25.0 733.0 0.15253867945086075
46 35 47 0.0 0.0 307.0 0.0 6862.0 15.0 681.0 0.1528551151872475
46 35 48 0.0 0.0 76.0 0.0 1584.0 11.0 17.0 0.3835616438356164
46 35 49 0.0 0.0 7.0 0.0 141.0 2.0 0.0 0.6523765144454798
46 36 30 0.0 0.0 0.0 0.0 1.0 0.0 0.0 0.6996501749125437
46 36 31 0.0 0.0 0.0 0.0 50.0 0.0 0.0 0.6829268292682925
46 36 32 0.0 0.0 239.0 0.0 5229.0 15.0 304.0 0.1877682403433476
46 36 33 0.0 0.0 662.0 0.0 11418.0 29.0 4621.0 0.09958033999573226
46 36 34 0.0 0.0 876.0 0.0 12559.0 26.0 6903.0 0.09076175040518637
46 36 35 0.0 0.0 1273.0 0.0 13589.0 20.0 13996.0 0.08298263292039594
46 36 36 0.0 0.0 1733.0 0.0 13559.0 45.0 23398.0 0.08095761290695656
46 36 37 0.0 0.0 1983.0 0.0 13558.0 45.0 27125.0 0.07980391039160918
46 36 38 0.0 0.0 2652.0 0.0 12392.0 64.0 42089.0 0.0822126959891949
46 36 39 0.0 0.0 2945.0 0.0 12733.0 70.0 44168.0 0.07922136713444997
46 36 40 0.0 0.0 3175.0 0.0 11270.0 86.0 54684.0 0.08523592085235919
46 36 41 0.0 0.0 3087.0 0.0 11128.0 60.0 55091.0 0.08627595982005298
46 36 42 0.0 0.0 2594.0 0.0 10982.0 70.0 50335.0 0.0899338343932678
46 36 43 0.0 0.0 1875.0 0.0 13173.0 51.0 27016.0 0.08209217778820217
46 36 44 0.0 0.0 1495.0 0.0 13455.0 36.0 19879.0 0.08254716981132075
46 36 45 0.0 0.0 1140.0 0.0 13379.0 33.0 11671.0 0.08477655322756449
46 36 46 0.0 0.0 541.0 0.0 9642.0 23.0 1738.0 0.11504642945188592
46 36 47 0.0 0.0 537.0 0.0 10046.0 26.0 2367.0 0.11139401654996817
46 36 48 0.0 0.0 139.0 0.0 3210.0 14.0 75.0 0.2623196552370245
46 36 49 0.0 0.0 0.0 0.0 34.0 1.0 0.0 0.6886374815543531
46 37 30 0.0 0.0 0.0 0.0 1.0 0.0 0.0 0.6996501749125437
46 37 31 0.0 0.0 31.0 0.0 785.0 9.0 3.0 0.4987531172069825
46 37 32 0.0 0.0 644.0 0.0 10933.0 30.0 3365.0 0.10332103321033209
46 37 33 0.0 0.0 423.0 0.0 8379.0 22.0 1186.0 0.12978585334198572
46 37 34 0.0 0.0 1051.0 0.0 13388.0 32.0 9511.0 0.0852307317667113
46 37 35 0.0 0.0 1248.0 0.0 13578.0 31.0 13537.0 0.08321940200915412
46 37 36 0.0 0.0 1807.0 0.0 13328.0 49.0 25187.0 0.08169934640522875
46 37 37 0.0 0.0 2241.0 0.0 13631.0 56.0 30283.0 0.07831729693443722
46 37 38 0.0 0.0 3129.0 0.0 10069.0 56.0 63927.0 0.0919963201471941
46 37 39 0.0 0.0 3536.0 0.0 10450.0 71.0 65841.0 0.08744534665833853
46 37 40 0.0 0.0 3581.0 0.0 9168.0 61.0 78676.0 0.09491525423728812
46 37 41 0.0 0.0 3656.0 0.0 9826.0 78.0 71528.0 0.09046849757673665
46 37 42 0.0 0.0 2971.0 0.0 12173.0 53.0 47217.0 0.08159934720522236
46 37 43 0.0 0.0 2588.0 0.0 12104.0 59.0 42778.0 0.08389764487325461
46 37 44 0.0 0.0 1556.0 0.0 13869.0 42.0 18485.0 0.08034894398530762
46 37 45 0.0 0.0 1391.0 0.0 13635.0 31.0 16212.0 0.08214516223669541
46 37 46 0.0 0.0 696.0 0.0 11817.0 30.0 5095.0 0.09657170449058425
46 37 47 0.0 0.0 288.0 0.0 6372.0 14.0 520.0 0.1617935975962094
46 37 48 0.0 0.0 245.0 0.0 5210.0 15.0 280.0 0.1880961977697165
46 37 49 0.0 0.0 3.0 0.0 101.0 2.0 0.0 0.6660323501427211
46 38 31 0.0 0.0 40.0 0.0 925.0 6.0 5.0 0.4732927653820148
46 38 32 0.0 0.0 133.0 0.0 3078.0 23.0 68.0 0.26990553306342774
46 38 33 0.0 0.0 930.0 0.0 12706.0 43.0 8321.0 0.08965163934426228
46 38 34 0.0 0.0 1093.0 0.0 13191.0 37.0 12911.0 0.08603207767467584
46 38 35 0.0 0.0 1657.0 0.0 13262.0 35.0 23872.0 0.08272276057669581
46 38 36 0.0 0.0 2125.0 0.0 13389.0 47.0 29152.0 0.07990411506192568
46 38 37 0.0 0.0 2550.0 0.0 13276.0 62.0 35643.0 0.07853256296628709
46 38 38 0.0 0.0 3228.0 0.0 12139.0 76.0 50098.0 0.0806498070165332
46 38 39 0.0 0.0 3882.0 0.0 9777.0 79.0 74059.0 0.08937691521961184
46 38 40 0.0 0.0 3764.0 0.0 11203.0 70.0 61391.0 0.08248394508925941
46 38 41 0.0 0.0 3824.0 0.0 11859.0 77.0 56864.0 0.0791765637371338
46 38 42 0.0 0.0 3247.0 0.0 11673.0 65.0 52278.0 0.08276677505172922
46 38 43 0.0 0.0 2569.0 0.0 13456.0 63.0 34749.0 0.07772596047079723
46 38 44 0.0 0.0 2270.0 0.0 12915.0 66.0 33938.0 0.08142375247179248
46 38 45 0.0 0.0 1620.0 0.0 13428.0 49.0 21921.0 0.08211143695014661
46 38 46 0.0 0.0 1461.0 0.0 13592.0 39.0 18016.0 0.08208255159474671
46 38 47 0.0 0.0 837.0 0.0 12423.0 25.0 6529.0 0.09174913166000392
46 38 48 0.0 0.0 238.0 0.0 5476.0 16.0 357.0 0.1817709685795897
46 38 49 0.0 0.0 1.0 0.0 119.0 0.0 0.0 0.6603773584905659
46 39 30 0.0 0.0 0.0 0.0 9.0 0.0 0.0 0.6968641114982577
46 39 31 0.0 0.0 98.0 0.0 1857.0 22.0 20.0 0.3559623696923468
46 39 32 0.0 0.0 415.0 0.0 8824.0 21.0 1439.0 0.12464387464387464
46 39 33 0.0 0.0 1029.0 0.0 13183.0 38.0 9384.0 0.08640375239153242
46 39 34 0.0 0.0 1091.0 0.0 13392.0 28.0 10223.0 0.08489479109817476
46 39 35 0.0 0.0 1697.0 0.0 14083.0 47.0 19637.0 0.07877560207067295
46 39 36 0.0 0.0 1912.0 0.0 13701.0 52.0 24032.0 0.07950931394820536
46 39 37 0.0 0.0 2969.0 0.0 12449.0 63.0 45438.0 0.08040431886055592
46 39 38 0.0 0.0 2965.0 0.0 13395.0 53.0 39993.0 0.07626518494307348
46 39 39 0.0 0.0 3658.0 0.0 11361.0 75.0 58861.0 0.08229001351907364
46 39 40 0.0 0.0 3629.0 0.0 12403.0 74.0 51990.0 0.07767421216156235
46 39 41 0.0 0.0 3900.0 0.0 10571.0 61.0 68154.0 0.08496692359045942
46 39 42 0.0 0.0 3516.0 0.0 10297.0 70.0 66388.0 0.08858516831181978
46 39 43 0.0 0.0 2929.0 0.0 12458.0 69.0 44335.0 0.0804690194275204
46 39 44 0.0 0.0 2102.0 0.0 13892.0 52.0 26991.0 0.07785130400934215
46 39 45 0.0 0.0 1981.0 0.0 13030.0 53.0 29265.0 0.08234325373485472
46 39 46 0.0 0.0 1341.0 0.0 13697.0 38.0 14644.0 0.08221752407798918
46 39 47 0.0 0.0 672.0 0.0 11397.0 32.0 3638.0 0.09965831435079725
46 39 48 0.0 0.0 207.0 0.0 4662.0 23.0 190.0 0.20449897750511242
46 39 49 0.0 0.0 1.0 0.0 60.0 0.0 0.0 0.6792819019893255
46 40 30 0.0 0.0 0.0 0.0 16.0 0.0 0.0 0.6944444444444444
46 40 31 0.0 0.0 122.0 0.0 2864.0 11.0 42.0 0.2814070351758794
46 40 32 0.0 0.0 664.0 0.0 11372.0 26.0 3738.0 0.0998644696483344
46 40 33 0.0 0.0 566.0 0.0 10104.0 24.0 2108.0 0.11064569667272582
46 40 34 0.0 0.0 1982.0 0.0 12297.0 56.0 33550.0 0.08602679120068821
46 40 35 0.0 0.0 1518.0 0.0 13976.0 42.0 17773.0 0.08006863025450385
46 40 36 0.0 0.0 2324.0 0.0 12975.0 61.0 33689.0 0.08101851851851852
46 40 37 0.0 0.0 2780.0 0.0 12951.0 65.0 40605.0 0.07895330475975636
46 40 38 0.0 0.0 3382.0 0.0 10693.0 71.0 62442.0 0.08709717556302102
46 40 39 0.0 0.0 3720.0 0.0 11392.0 61.0 59705.0 0.08179481187193269
46 40 40 0.0 0.0 3616.0 0.0 11439.0 78.0 58394.0 0.082174091682808
46 40 41 0.0 0.0 3587.0 0.0 11633.0 55.0 57567.0 0.08110300081103
46 40 42 0.0 0.0 3390.0 0.0 12050.0 65.0 51832.0 0.08029825064525378
46 40 43 0.0 0.0 2752.0 0.0 12415.0 59.0 42655.0 0.08152806894945258
46 40 44 0.0 0.0 2610.0 0.0 12146.0 69.0 43504.0 0.08363701535336639
46 40 45 0.0 0.0 2005.0 0.0 12622.0 55.0 32279.0 0.08424092905710331
46 40 46 0.0 0.0 1373.0 0.0 13913.0 27.0 15324.0 0.08097634333969575
46 40 47 0.0 0.0 878.0 0.0 12751.0 26.0 8143.0 0.08960573476702507
46 40 48 0.0 0.0 77.0 0.0 2147.0 18.0 34.0 0.33285782215882065
46 40 49 0.0 0.0 9.0 0.0 249.0 0.0 0.0 0.6200177147918511
46 41 30 0.0 0.0 0.0 0.0 8.0 0.0 0.0 0.697211155378486
46 41 31 0.0 0.0 107.0 0.0 2417.0 16.0 29.0 0.31035247173575703
46 41 32 0.0 0.0 280.0 0.0 6127.0 24.0 430.0 0.16702457647339533
46 41 33 0.0 0.0 874.0 0.0 12506.0 30.0 8316.0 0.09101547263034715
46 41 34 0.0 0.0 998.0 0.0 13225.0 36.0 8682.0 0.08635045950780237
46 41 35 0.0 0.0 1545.0 0.0 13305.0 47.0 21826.0 0.0830515512843329
46 41 36 0.0 0.0 1662.0 0.0 14128.0 35.0 18851.0 0.07872244714349977
46 41 37 0.0 0.0 3091.0 0.0 9766.0 71.0 65653.0 0.09425070688030159
46 41 38 0.0 0.0 3114.0 0.0 13553.0 55.0 40362.0 0.07496653279785809
46 41 39 0.0 0.0 3843.0 0.0 9605.0 74.0 75934.0 0.09058557101261726
46 41 40 0.0 0.0 3462.0 0.0 12643.0 71.0 50016.0 0.07739082365948037
46 41 41 0.0 0.0 3259.0 0.0 11983.0 75.0 50765.0 0.0812724950655985
46 41 42 0.0 0.0 2717.0 0.0 13300.0 63.0 37273.0 0.07775186049094746
46 41 43 0.0 0.0 2241.0 0.0 13704.0 57.0 29664.0 0.0780596598829105
46 41 44 0.0 0.0 1935.0 0.0 13337.0 51.0 26823.0 0.08099976857208979
46 41 45 0.0 0.0 1359.0 0.0 13270.0 53.0 18120.0 0.08423079237109679
46 41 46 0.0 0.0 1212.0 0.0 13610.0 32.0 12741.0 0.08321445553970516
46 41 47 0.0 0.0 443.0 0.0 9679.0 17.0 2506.0 0.11553061561313747
46 41 48 0.0 0.0 325.0 0.0 7409.0 20.0 1012.0 0.14404774153719518
46 41 49 0.0 0.0 9.0 0.0 223.0 3.0 0.0 0.6280843427545983
46 42 30 0.0 0.0 0.0 0.0 13.0 1.0 0.0 0.6958250497017892
46 42 31 0.0 0.0 105.0 0.0 2350.0 13.0 33.0 0.315031503150315
46 42 32 0.0 0.0 306.0 0.0 6801.0 16.0 681.0 0.15387997362057595
46 42 33 0.0 0.0 521.0 0.0 9977.0 21.0 2014.0 0.11208069810263388
46 42 34 0.0 0.0 808.0 0.0 12213.0 32.0 5752.0 0.09327115256495667
46 42 35 0.0 0.0 1064.0 0.0 13494.0 30.0 10033.0 0.08457170472393379
46 42 36 0.0 0.0 1669.0 0.0 13801.0 45.0 20102.0 0.08019246190858058
46 42 37 0.0 0.0 2532.0 0.0 12722.0 55.0 38007.0 0.08114060507708357
46 42 38 0.0 0.0 3277.0 0.0 11259.0 65.0 56848.0 0.08459214501510573
46 42 39 0.0 0.0 3620.0 0.0 10391.0 68.0 67380.0 0.0874617354907228
46 42 40 0.0 0.0 3659.0 0.0 10217.0 80.0 67917.0 0.08827238335435056
46 42 41 0.0 0.0 2686.0 0.0 13277.0 57.0 37078.0 0.07792063227027327
46 42 42 0.0 0.0 2594.0 0.0 12283.0 46.0 42944.0 0.08289419148558232
46 42 43 0.0 0.0 2136.0 0.0 13156.0 51.0 31232.0 0.08101383021815867
46 42 44 0.0 0.0 1326.0 0.0 13170.0 39.0 17153.0 0.08491023774866568
46 42 45 0.0 0.0 1066.0 0.0 13461.0 40.0 9833.0 0.08479709267110841
46 42 46 0.0 0.0 1039.0 0.0 13245.0 38.0 9756.0 0.08603207767467584
46 42 47 0.0 0.0 218.0 0.0 5220.0 20.0 275.0 0.18878101402373243
46 42 48 0.0 0.0 221.0 0.0 5165.0 15.0 286.0 0.18985625169514508
46 42 49 0.0 0.0 1.0 0.0 83.0 0.0 0.0 0.6717850287907868
46 43 30 0.0 0.0 0.0 0.0 5.0 0.0 0.0 0.6982543640897755
46 43 31 0.0 0.0 174.0 0.0 4007.0 19.0 159.0 0.2270147559591373
46 43 32 0.0 0.0 497.0 0.0 9219.0 28.0 1649.0 0.11961722488038275
46 43 33 0.0 0.0 619.0 0.0 10789.0 27.0 3062.0 0.1045244139166791
46 43 34 0.0 0.0 377.0 0.0 7448.0 22.0 811.0 0.14278429372768991
46 43 35 0.0 0.0 868.0 0.0 12743.0 25.0 6782.0 0.08971483498878563
46 43 36 0.0 0.0 1301.0 0.0 14130.0 33.0 12525.0 0.08030746285779841
46 43 37 0.0 0.0 2198.0 0.0 12672.0 55.0 34045.0 0.08302200083021999
46 43 38 0.0 0.0 3086.0 0.0 10407.0 71.0 61347.0 0.09032840828440543
46 43 39 0.0 0.0 3494.0 0.0 9487.0 84.0 73528.0 0.09357663257803622
46 43 40 0.0 0.0 3202.0 0.0 11237.0 75.0 56910.0 0.08526187576126673
46 43 41 0.0 0.0 2423.0 0.0 13433.0 64.0 32450.0 0.07847533632286995
46 43 42 0.0 0.0 1785.0 0.0 13680.0 41.0 22876.0 0.08014196576793176
46 43 43 0.0 0.0 1429.0 0.0 13783.0 39.0 17810.0 0.08138115444980526
46 43 44 0.0 0.0 1217.0 0.0 13537.0 39.0 13140.0 0.08360704687966555
46 43 45 0.0 0.0 551.0 0.0 10340.0 21.0 2439.0 0.1086787765874864
46 43 46 0.0 0.0 522.0 0.0 9818.0 17.0 1990.0 0.11353499310680397
46 43 47 0.0 0.0 204.0 0.0 4724.0 16.0 237.0 0.202516996962245
46 43 48 0.0 0.0 81.0 0.0 1933.0 11.0 25.0 0.34973769672745436
46 43 49 0.0 0.0 0.0 0.0 31.0 0.0 0.0 0.6893156080748399
46 44 30 0.0 0.0 0.0 0.0 4.0 0.0 0.0 0.6986027944111775
46 44 31 0.0 0.0 19.0 0.0 381.0 6.0 0.0 0.5847953216374269
46 44 32 0.0 0.0 286.0 0.0 5981.0 25.0 336.0 0.16979987871437233
46 44 33 0.0 0.0 647.0 0.0 10961.0 30.0 3105.0 0.10301692420897718
46 44 34 0.0 0.0 381.0 0.0 7924.0 19.0 994.0 0.13610733035193465
46 44 35 0.0 0.0 547.0 0.0 10122.0 14.0 2353.0 0.11058451816745654
46 44 36 0.0 0.0 1062.0 0.0 13501.0 37.0 9721.0 0.0845359579735523
46 44 37 0.0 0.0 2179.0 0.0 12211.0 59.0 36415.0 0.08545965083628371
46 44 38 0.0 0.0 2979.0 0.0 10448.0 66.0 58985.0 0.09068532193289285
46 44 39 0.0 0.0 2921.0 0.0 11981.0 58.0 47974.0 0.08283043426813394
46 44 40 0.0 0.0 2553.0 0.0 12488.0 63.0 40064.0 0.08211625315267757
46 44 41 0.0 0.0 1654.0 0.0 13463.0 50.0 22194.0 0.08187613310719924
46 44 42 0.0 0.0 1619.0 0.0 13388.0 43.0 22140.0 0.08230452674897118
46 44 43 0.0 0.0 981.0 0.0 12915.0 24.0 8790.0 0.08802263439170072
46 44 44 0.0 0.0 1374.0 0.0 13506.0 40.0 16678.0 0.08294821661334281
46 44 45 0.0 0.0 710.0 0.0 11986.0 31.0 4826.0 0.09537434430138292
46 44 46 0.0 0.0 361.0 0.0 7684.0 20.0 974.0 0.13963694394574103
46 44 47 0.0 0.0 105.0 0.0 2771.0 13.0 47.0 0.2877697841726618
46 44 48 0.0 0.0 16.0 0.0 485.0 6.0 2.0 0.5611222444889779
46 44 49 0.0 0.0 0.0 0.0 9.0 0.0 0.0 0.6968641114982577
46 45 30 0.0 0.0 0.0 0.0 1.0 0.0 0.0 0.6996501749125437
46 45 31 0.0 0.0 63.0 0.0 1194.0 7.0 5.0 0.43076923076923074
46 45 32 0.0 0.0 22.0 0.0 670.0 9.0 0.0 0.5218039508013418
46 45 33 0.0 0.0 52.0 0.0 1573.0 13.0 20.0 0.3875968992248061
46 45 34 0.0 0.0 196.0 0.0 4248.0 20.0 158.0 0.21793275217932748
46 45 35 0.0 0.0 544.0 0.0 10132.0 21.0 2459.0 0.11053213327017211
46 45 36 0.0 0.0 1088.0 0.0 13361.0 37.0 11351.0 0.08513225904530251
46 45 37 0.0 0.0 1616.0 0.0 13179.0 40.0 22941.0 0.08335317932841152
46 45 38 0.0 0.0 1753.0 0.0 13730.0 47.0 22692.0 0.08010069802036845
46 45 39 0.0 0.0 2267.0 0.0 12001.0 54.0 40228.0 0.08602679120068821
46 45 40 0.0 0.0 1537.0 0.0 13974.0 36.0 17285.0 0.07989043597352202
46 45 41 0.0 0.0 1405.0 0.0 13536.0 41.0 17042.0 0.08260074340669064
46 45 42 0.0 0.0 693.0 0.0 11889.0 22.0 4690.0 0.09597586892438471
46 45 43 0.0 0.0 755.0 0.0 12094.0 27.0 4813.0 0.09433962264150943
46 45 44 0.0 0.0 616.0 0.0 10775.0 28.0 2868.0 0.10468855155911164
46 45 45 0.0 0.0 451.0 0.0 9007.0 21.0 1660.0 0.12222804260520341
46 45 46 0.0 0.0 463.0 0.0 8955.0 22.0 1674.0 0.12279624594333828
46 45 47 0.0 0.0 63.0 0.0 1497.0 10.0 10.0 0.39436619718309857
46 45 48 0.0 0.0 0.0 0.0 13.0 0.0 0.0 0.6958250497017892
46 45 49 0.0 0.0 0.0 0.0 1.0 0.0 0.0 0.6996501749125437
46 46 31 0.0 0.0 0.0 0.0 2.0 0.0 0.0 0.6993006993006992
46 46 32 0.0 0.0 0.0 0.0 13.0 0.0 0.0 0.695479384003974
46 46 33 0.0 0.0 4.0 0.0 141.0 1.0 0.0 0.6532897806812878
46 46 34 0.0 0.0 171.0 0.0 3669.0 19.0 83.0 0.2405498281786941
46 46 35 0.0 0.0 340.0 0.0 7171.0 16.0 804.0 0.14739945251631922
46 46 36 0.0 0.0 198.0 0.0 5365.0 13.0 388.0 0.1854304635761589
46 46 37 0.0 0.0 640.0 0.0 11137.0 24.0 3377.0 0.10170722847802396
46 46 38 0.0 0.0 972.0 0.0 13250.0 30.0 8828.0 0.08631319358816275
46 46 39 0.0 0.0 1178.0 0.0 13389.0 32.0 12902.0 0.08441362677117877
46 46 40 0.0 0.0 762.0 0.0 12048.0 27.0 5054.0 0.09454349000540246
46 46 41 0.0 0.0 961.0 0.0 13160.0 25.0 7502.0 0.08687019111442044
46 46 42 0.0 0.0 1313.0 0.0 13306.0 40.0 15560.0 0.08428150021070374
46 46 43 0.0 0.0 504.0 0.0 9785.0 28.0 2201.0 0.11409942950285247
46 46 44 0.0 0.0 425.0 0.0 8857.0 21.0 1551.0 0.12425667879648529
46 46 45 0.0 0.0 411.0 0.0 7651.0 17.0 790.0 0.13930348258706465
46 46 46 0.0 0.0 152.0 0.0 3803.0 13.0 138.0 0.2355712603062426
46 46 47 0.0 0.0 0.0 0.0 53.0 0.0 0.0 0.6819288845591815
46 46 48 0.0 0.0 0.0 0.0 2.0 0.0 0.0 0.6993006993006992
46 47 32 0.0 0.0 0.0 0.0 5.0 0.0 0.0 0.6982543640897755
46 47 33 0.0 0.0 122.0 0.0 2725.0 12.0 49.0 0.2895553257497414
46 47 34 0.0 0.0 63.0 0.0 1530.0 5.0 10.0 0.39008080245193644
46 47 35 0.0 0.0 12.0 0.0 326.0 9.0 2.0 0.6013745704467354
46 47 36 0.0 0.0 176.0 0.0 3852.0 16.0 113.0 0.23282887077997666
46 47 37 0.0 0.0 358.0 0.0 8043.0 20.0 1168.0 0.13475791702762535
46 47 38 0.0 0.0 678.0 0.0 11639.0 23.0 4468.0 0.0978952520802741
46 47 39 0.0 0.0 610.0 0.0 11139.0 27.0 4155.0 0.10189228529839882
46 47 40 0.0 0.0 386.0 0.0 8595.0 32.0 1447.0 0.1278188624121245
46 47 41 0.0 0.0 506.0 0.0 9231.0 28.0 1751.0 0.1194335437638628
46 47 42 0.0 0.0 170.0 0.0 4155.0 15.0 169.0 0.22183489145935667
46 47 43 0.0 0.0 637.0 0.0 10852.0 22.0 3050.0 0.10385756676557861
46 47 44 0.0 0.0 587.0 0.0 10207.0 30.0 2480.0 0.10956331194240099
46 47 45 0.0 0.0 31.0 0.0 788.0 3.0 3.0 0.49715909090909083
46 47 46 0.0 0.0 78.0 0.0 1751.0 9.0 20.0 0.3664921465968586
46 47 47 0.0 0.0 0.0 0.0 25.0 0.0 0.0 0.6913580246913579
46 48 33 0.0 0.0 0.0 0.0 3.0 0.0 0.0 0.6989515726410384
46 48 34 0.0 0.0 2.0 0.0 12.0 0.0 0.0 0.6951340615690167
46 48 35 0.0 0.0 0.0 0.0 23.0 0.0 0.0 0.6920415224913494
46 48 36 0.0 0.0 1.0 0.0 93.0 0.0 0.0 0.6692160611854684
46 48 37 0.0 0.0 130.0 0.0 3262.0 15.0 85.0 0.26027142591559765
46 48 38 0.0 0.0 245.0 0.0 5352.0 24.0 295.0 0.18486729169417665
46 48 39 0.0 0.0 55.0 0.0 1775.0 9.0 20.0 0.3664921465968586
46 48 40 0.0 0.0 30.0 0.0 921.0 11.0 2.0 0.47635250085062936
46 48 41 0.0 0.0 56.0 0.0 1538.0 3.0 15.0 0.3898635477582845
46 48 42 0.0 0.0 48.0 0.0 1256.0 14.0 9.0 0.4256612952265125
46 48 43 0.0 0.0 9.0 0.0 329.0 3.0 1.0 0.6003430531732418
46 48 44 0.0 0.0 96.0 0.0 2281.0 12.0 29.0 0.32073310423825885
46 48 45 0.0 0.0 2.0 0.0 74.0 1.0 0.0 0.6746987951807227
46 48 46 0.0 0.0 0.0 0.0 7.0 0.0 0.0 0.6975585450921773
46 48 47 0.0 0.0 0.0 0.0 5.0 0.0 0.0 0.6982543640897755
46 48 48 0.0 0.0 0.0 0.0 1.0 0.0 0.0 0.6996501749125437
46 49 36 0.0 0.0 0.0 0.0 1.0 0.0 0.0 0.6996501749125437
46 49 37 0.0 0.0 0.0 0.0 12.0 0.0 0.0 0.6958250497017892
46 49 38 0.0 0.0 116.0 0.0 2414.0 17.0 24.0 0.3100775193798449
46 49 39 0.0 0.0 4.0 0.0 58.0 1.0 0.0 0.6792819019893255
46 49 40 0.0 0.0 4.0 0.0 86.0 1.0 0.0 0.6701771182383915
46 49 41 0.0 0.0 0.0 0.0 16.0 0.0 0.0 0.6944444444444444
46 49 42 0.0 0.0 0.0 0.0 29.0 0.0 0.0 0.6899950714637751
46 49 43 0.0 0.0 1.0 0.0 19.0 0.0 0.0 0.6930693069306929
46 49 44 0.0 0.0 1.0 0.0 16.0 0.0 0.0 0.694100148735746
47 30 37 0.0 0.0 0.0 0.0 2.0 0.0 0.0 0.6993006993006992
47 31 34 0.0 0.0 40.0 0.0 658.0 13.0 1.0 0.5212211466865226
47 31 35 0.0 0.0 16.0 0.0 264.0 4.0 3.0 0.6151142355008786
47 31 36 0.0 0.0 73.0 0.0 1838.0 15.0 24.0 0.3593429158110882
47 31 37 0.0 0.0 20.0 0.0 388.0 4.0 0.0 0.5823627287853577
47 31 38 0.0 0.0 3.0 0.0 104.0 1.0 0.0 0.6650831353919239
47 31 39 0.0 0.0 16.0 0.0 307.0 4.0 0.0 0.6037084950409658
47 31 40 0.0 0.0 1.0 0.0 56.0 0.0 0.0 0.6806028196402526
47 31 41 0.0 0.0 0.0 0.0 24.0 0.0 0.0 0.6916996047430829
47 31 42 0.0 0.0 6.0 0.0 156.0 3.0 0.0 0.6484483557202407
47 31 43 0.0 0.0 1.0 0.0 10.0 0.0 0.0 0.6965174129353233
47 31 44 0.0 0.0 0.0 0.0 6.0 0.0 0.0 0.6979062811565303
47 32 33 0.0 0.0 0.0 0.0 3.0 0.0 0.0 0.6989515726410384
47 32 34 0.0 0.0 2.0 0.0 27.0 1.0 0.0 0.690335305719921
47 32 35 0.0 0.0 208.0 0.0 4701.0 21.0 255.0 0.20313406848520021
47 32 36 0.0 0.0 36.0 0.0 881.0 4.0 6.0 0.48060418812221073
47 32 37 0.0 0.0 213.0 0.0 4430.0 25.0 191.0 0.21144842168856665
47 32 38 0.0 0.0 150.0 0.0 3718.0 10.0 96.0 0.23898941618299754
47 32 39 0.0 0.0 49.0 0.0 1326.0 14.0 9.0 0.41654269562630164
47 32 40 0.0 0.0 14.0 0.0 630.0 4.0 0.0 0.5303030303030303
47 32 41 0.0 0.0 35.0 0.0 994.0 11.0 7.0 0.46388336646785944
47 32 42 0.0 0.0 18.0 0.0 566.0 6.0 2.0 0.543056633048875
47 32 43 0.0 0.0 24.0 0.0 609.0 6.0 7.0 0.5329272934906736
47 32 44 0.0 0.0 3.0 0.0 59.0 2.0 0.0 0.6796116504854368
47 32 45 0.0 0.0 0.0 0.0 4.0 0.0 0.0 0.6986027944111775
47 32 46 0.0 0.0 0.0 0.0 1.0 0.0 0.0 0.6996501749125437
47 33 32 0.0 0.0 0.0 0.0 10.0 0.0 0.0 0.6965174129353233
47 33 33 0.0 0.0 0.0 0.0 8.0 0.0 0.0 0.697211155378486
47 33 34 0.0 0.0 21.0 0.0 597.0 6.0 2.0 0.5359877488514548
47 33 35 0.0 0.0 116.0 0.0 2842.0 8.0 70.0 0.2827711573419511
47 33 36 0.0 0.0 512.0 0.0 9798.0 24.0 2278.0 0.11383964872336964
47 33 37 0.0 0.0 390.0 0.0 8426.0 24.0 1281.0 0.12968967114404814
47 33 38 0.0 0.0 602.0 0.0 11147.0 17.0 4835.0 0.10180337405468294
47 33 39 0.0 0.0 152.0 0.0 4591.0 15.0 279.0 0.2080237741456166
47 33 40 0.0 0.0 531.0 0.0 10093.0 37.0 2467.0 0.1111111111111111
47 33 41 0.0 0.0 347.0 0.0 7521.0 20.0 799.0 0.1420887039480361
47 33 42 0.0 0.0 449.0 0.0 7818.0 24.0 893.0 0.13657204175202417
47 33 43 0.0 0.0 86.0 0.0 2050.0 8.0 33.0 0.33906514894647605
47 33 44 0.0 0.0 25.0 0.0 971.0 4.0 7.0 0.4680708793045803
47 33 45 0.0 0.0 0.0 0.0 37.0 0.0 0.0 0.6876227897838899
47 33 46 0.0 0.0 92.0 0.0 1931.0 6.0 16.0 0.3485187951207368
47 33 47 0.0 0.0 0.0 0.0 2.0 0.0 0.0 0.6993006993006992
47 34 32 0.0 0.0 1.0 0.0 36.0 1.0 0.0 0.6876227897838899
47 34 33 0.0 0.0 170.0 0.0 4169.0 14.0 178.0 0.2213438735177865
47 34 34 0.0 0.0 120.0 0.0 3397.0 15.0 87.0 0.25445292620865134
47 34 35 0.0 0.0 314.0 0.0 7304.0 19.0 764.0 0.1457422444305642
47 34 36 0.0 0.0 279.0 0.0 6475.0 14.0 525.0 0.16012810248198556
47 34 37 0.0 0.0 712.0 0.0 11718.0 35.0 4552.0 0.09713453132588634
47 34 38 0.0 0.0 728.0 0.0 12069.0 33.0 5301.0 0.094709782167501
47 34 39 0.0 0.0 631.0 0.0 11142.0 29.0 3678.0 0.10174418604651161
47 34 40 0.0 0.0 898.0 0.0 12780.0 26.0 6508.0 0.08933699189585859
47 34 41 0.0 0.0 791.0 0.0 12421.0 26.0 7187.0 0.09202050742736952
47 34 42 0.0 0.0 621.0 0.0 10922.0 22.0 3321.0 0.10341261633919337
47 34 43 0.0 0.0 384.0 0.0 7953.0 22.0 1185.0 0.13565891472868216
47 34 44 0.0 0.0 127.0 0.0 3162.0 17.0 66.0 0.26555386949924126
47 34 45 0.0 0.0 206.0 0.0 3940.0 16.0 109.0 0.228310502283105
47 34 46 0.0 0.0 22.0 0.0 673.0 5.0 3.0 0.5202526941657376
47 34 47 0.0 0.0 0.0 0.0 44.0 1.0 0.0 0.6852667645619186
47 34 48 0.0 0.0 0.0 0.0 7.0 0.0 0.0 0.6975585450921773
47 35 31 0.0 0.0 3.0 0.0 26.0 0.0 0.0 0.6899950714637751
47 35 32 0.0 0.0 26.0 0.0 797.0 4.0 2.0 0.4966300106420715
47 35 33 0.0 0.0 381.0 0.0 7920.0 18.0 1053.0 0.13601476731759446
47 35 34 0.0 0.0 414.0 0.0 8620.0 25.0 1416.0 0.12703021504400688
47 35 35 0.0 0.0 330.0 0.0 7379.0 12.0 851.0 0.14432989690721648
47 35 36 0.0 0.0 822.0 0.0 12318.0 19.0 5796.0 0.09242144177449167
47 35 37 0.0 0.0 854.0 0.0 12741.0 29.0 8459.0 0.08979539477903918
47 35 38 0.0 0.0 894.0 0.0 12868.0 31.0 7644.0 0.0888437618987181
47 35 39 0.0 0.0 1659.0 0.0 13392.0 44.0 22782.0 0.082174091682808
47 35 40 0.0 0.0 1616.0 0.0 13339.0 45.0 21544.0 0.08262024195928001
47 35 41 0.0 0.0 1199.0 0.0 13394.0 39.0 13787.0 0.08445436448090728
47 35 42 0.0 0.0 1514.0 0.0 13381.0 44.0 20014.0 0.08283533518726702
47 35 43 0.0 0.0 1286.0 0.0 13267.0 30.0 15473.0 0.08457681387059747
47 35 44 0.0 0.0 274.0 0.0 6444.0 22.0 550.0 0.16095654173373186
47 35 45 0.0 0.0 188.0 0.0 4250.0 17.0 165.0 0.21796668223571533
47 35 46 0.0 0.0 237.0 0.0 5415.0 17.0 349.0 0.1833180568285976
47 35 47 0.0 0.0 10.0 0.0 418.0 1.0 0.0 0.5768438401318499
47 35 48 0.0 0.0 45.0 0.0 1223.0 10.0 5.0 0.4297114794352363
47 35 49 0.0 0.0 0.0 0.0 2.0 0.0 0.0 0.6993006993006992
47 36 31 0.0 0.0 12.0 0.0 218.0 5.0 1.0 0.6292134831460673
47 36 32 0.0 0.0 104.0 0.0 2610.0 10.0 42.0 0.29761904761904756
47 36 33 0.0 0.0 102.0 0.0 2093.0 18.0 24.0 0.3350885591191957
47 36 34 0.0 0.0 569.0 0.0 10453.0 28.0 2855.0 0.10762607626076261
47 36 35 0.0 0.0 773.0 0.0 11926.0 24.0 5348.0 0.09524457446084766
47 36 36 0.0 0.0 1023.0 0.0 13203.0 43.0 7816.0 0.08641441886303314
47 36 37 0.0 0.0 1560.0 0.0 13150.0 41.0 22664.0 0.08379219535551831
47 36 38 0.0 0.0 1444.0 0.0 13986.0 38.0 17011.0 0.0803028564873236
47 36 39 0.0 0.0 1987.0 0.0 13291.0 40.0 28416.0 0.08097634333969575
47 36 40 0.0 0.0 2074.0 0.0 13396.0 55.0 28391.0 0.08015573113477613
47 36 41 0.0 0.0 2197.0 0.0 12480.0 58.0 36091.0 0.08394795226959284
47 36 42 0.0 0.0 1506.0 0.0 13407.0 40.0 20147.0 0.08278145695364238
47 36 43 0.0 0.0 1103.0 0.0 13539.0 29.0 10920.0 0.08417002344736367
47 36 44 0.0 0.0 967.0 0.0 12891.0 30.0 9963.0 0.08826681798121176
47 36 45 0.0 0.0 658.0 0.0 10986.0 37.0 2896.0 0.10283531658586749
47 36 46 0.0 0.0 517.0 0.0 9745.0 25.0 2129.0 0.11431370947987261
47 36 47 0.0 0.0 74.0 0.0 1895.0 14.0 18.0 0.3540718259989883
47 36 48 0.0 0.0 110.0 0.0 2796.0 14.0 68.0 0.28612303290414876
47 36 49 0.0 0.0 0.0 0.0 11.0 0.0 0.0 0.6961710591745399
47 37 30 0.0 0.0 0.0 0.0 1.0 0.0 0.0 0.6996501749125437
47 37 31 0.0 0.0 6.0 0.0 178.0 1.0 0.0 0.6413192853870818
47 37 32 0.0 0.0 37.0 0.0 1076.0 5.0 1.0 0.4504504504504504
47 37 33 0.0 0.0 494.0 0.0 9738.0 42.0 2296.0 0.11477291359239218
47 37 34 0.0 0.0 413.0 0.0 8844.0 14.0 1469.0 0.12440021325750843
47 37 35 0.0 0.0 785.0 0.0 12377.0 26.0 6067.0 0.09236656330408391
47 37 36 0.0 0.0 883.0 0.0 12735.0 33.0 7197.0 0.08975509680728297
47 37 37 0.0 0.0 1261.0 0.0 13825.0 39.0 13699.0 0.08197681227309989
47 37 38 0.0 0.0 1998.0 0.0 13197.0 40.0 28385.0 0.08141901715615003
47 37 39 0.0 0.0 2317.0 0.0 13490.0 58.0 32002.0 0.078691473216795
47 37 40 0.0 0.0 2674.0 0.0 11990.0 63.0 44755.0 0.08406893652795291
47 37 41 0.0 0.0 2202.0 0.0 13376.0 51.0 30908.0 0.07959520154642104
47 37 42 0.0 0.0 1977.0 0.0 12944.0 45.0 29328.0 0.08274720728175423
47 37 43 0.0 0.0 1771.0 0.0 13379.0 53.0 24980.0 0.0816516971888487
47 37 44 0.0 0.0 1164.0 0.0 13421.0 32.0 12249.0 0.08441362677117877
47 37 45 0.0 0.0 752.0 0.0 11984.0 27.0 4929.0 0.09505058048747368
47 37 46 0.0 0.0 598.0 0.0 10954.0 26.0 3628.0 0.10344318013890941
47 37 47 0.0 0.0 421.0 0.0 8259.0 25.0 1098.0 0.13127051101734644
47 37 48 0.0 0.0 44.0 0.0 1398.0 12.0 11.0 0.40816326530612235
47 37 49 0.0 0.0 1.0 0.0 20.0 0.0 0.0 0.6927263730826323
47 38 31 0.0 0.0 0.0 0.0 45.0 0.0 0.0 0.6845965770171147
47 38 32 0.0 0.0 203.0 0.0 4421.0 18.0 231.0 0.21180030257186078
47 38 33 0.0 0.0 525.0 0.0 8917.0 23.0 1328.0 0.1225168460663341
47 38 34 0.0 0.0 569.0 0.0 10540.0 25.0 3059.0 0.10694370177984874
47 38 35 0.0 0.0 692.0 0.0 11484.0 29.0 4143.0 0.09884911388830048
47 38 36 0.0 0.0 1054.0 0.0 13529.0 44.0 9265.0 0.0845461682468748
47 38 37 0.0 0.0 1815.0 0.0 13191.0 44.0 25647.0 0.08236747661352002
47 38 38 0.0 0.0 2026.0 0.0 12752.0 49.0 31551.0 0.08335317932841152
47 38 39 0.0 0.0 2284.0 0.0 12808.0 47.0 36007.0 0.08185698415482663
47 38 40 0.0 0.0 2370.0 0.0 13076.0 50.0 33950.0 0.08025222126683863
47 38 41 0.0 0.0 2671.0 0.0 11587.0 57.0 47279.0 0.08607968519429414
47 38 42 0.0 0.0 2035.0 0.0 12856.0 42.0 30486.0 0.08282553392888835
47 38 43 0.0 0.0 2031.0 0.0 12292.0 55.0 33786.0 0.08583690987124462
47 38 44 0.0 0.0 1166.0 0.0 13572.0 42.0 12607.0 0.08375209380234505
47 38 45 0.0 0.0 1081.0 0.0 13419.0 32.0 9494.0 0.08492053863884506
47 38 46 0.0 0.0 564.0 0.0 10241.0 26.0 2720.0 0.10948619691874559
47 38 47 0.0 0.0 307.0 0.0 6521.0 28.0 630.0 0.1590005678591709
47 38 48 0.0 0.0 95.0 0.0 2131.0 15.0 24.0 0.33254156769596194
47 38 49 0.0 0.0 10.0 0.0 357.0 1.0 0.0 0.5917159763313609
47 39 30 0.0 0.0 0.0 0.0 1.0 0.0 0.0 0.6996501749125437
47 39 31 0.0 0.0 19.0 0.0 602.0 2.0 2.0 0.53475935828877
47 39 32 0.0 0.0 290.0 0.0 6968.0 25.0 851.0 0.15158077089649197
47 39 33 0.0 0.0 468.0 0.0 9757.0 25.0 2527.0 0.11466011466011464
47 39 34 0.0 0.0 736.0 0.0 12053.0 27.0 5336.0 0.09479956663055253
47 39 35 0.0 0.0 1195.0 0.0 13435.0 37.0 13201.0 0.08419533317296125
47 39 36 0.0 0.0 1489.0 0.0 13301.0 48.0 19623.0 0.08337303477846593
47 39 37 0.0 0.0 1578.0 0.0 13809.0 41.0 19699.0 0.08059409360428299
47 39 38 0.0 0.0 2224.0 0.0 13038.0 63.0 33011.0 0.08107012565869476
47 39 39 0.0 0.0 2005.0 0.0 13408.0 46.0 27646.0 0.08037200757793213
47 39 40 0.0 0.0 2473.0 0.0 13074.0 58.0 35260.0 0.079699419332802
47 39 41 0.0 0.0 2271.0 0.0 12935.0 63.0 33752.0 0.08140954817700762
47 39 42 0.0 0.0 2540.0 0.0 11997.0 54.0 43751.0 0.08459725663182065
47 39 43 0.0 0.0 1825.0 0.0 13667.0 60.0 24332.0 0.08014196576793176
47 39 44 0.0 0.0 1882.0 0.0 12784.0 54.0 29654.0 0.08402856971370265
47 39 45 0.0 0.0 970.0 0.0 13125.0 32.0 8291.0 0.08704843623702044
47 39 46 0.0 0.0 977.0 0.0 13036.0 37.0 10142.0 0.08753282480930348
47 39 47 0.0 0.0 558.0 0.0 10025.0 22.0 2150.0 0.11137629276054095
47 39 48 0.0 0.0 206.0 0.0 4273.0 18.0 167.0 0.21671826625386995
47 39 49 0.0 0.0 0.0 0.0 29.0 0.0 0.0 0.6899950714637751
47 40 30 0.0 0.0 0.0 0.0 4.0 0.0 0.0 0.6986027944111775
47 40 31 0.0 0.0 2.0 0.0 109.0 1.0 0.0 0.6635071090047392
47 40 32 0.0 0.0 109.0 0.0 2721.0 17.0 65.0 0.2907580477673935
47 40 33 0.0 0.0 701.0 0.0 11414.0 21.0 4063.0 0.09917121201388396
47 40 34 0.0 0.0 1037.0 0.0 12996.0 46.0 11918.0 0.0873962169923216
47 40 35 0.0 0.0 1371.0 0.0 13445.0 50.0 17796.0 0.08331845503779085
47 40 36 0.0 0.0 1522.0 0.0 13218.0 44.0 20887.0 0.08361703398435165
47 40 37 0.0 0.0 1457.0 0.0 13621.0 34.0 18073.0 0.08195761620419154
47 40 38 0.0 0.0 2186.0 0.0 12959.0 53.0 33092.0 0.08159934720522236
47 40 39 0.0 0.0 2211.0 0.0 13300.0 50.0 31526.0 0.07996344528215671
47 40 40 0.0 0.0 1998.0 0.0 13454.0 42.0 27482.0 0.08019705562238642
47 40 41 0.0 0.0 1989.0 0.0 13650.0 35.0 25440.0 0.07934258996882969
47 40 42 0.0 0.0 2277.0 0.0 12325.0 60.0 37306.0 0.08438818565400844
47 40 43 0.0 0.0 1340.0 0.0 14116.0 38.0 13637.0 0.0802430217229323
47 40 44 0.0 0.0 1111.0 0.0 13578.0 30.0 9483.0 0.08388759062855772
47 40 45 0.0 0.0 1105.0 0.0 13424.0 37.0 9613.0 0.08472012102874431
47 40 46 0.0 0.0 637.0 0.0 10887.0 32.0 3041.0 0.10364995928037313
47 40 47 0.0 0.0 482.0 0.0 9458.0 26.0 1992.0 0.11735121542330258
47 40 48 0.0 0.0 148.0 0.0 4172.0 14.0 172.0 0.22194039315155356
47 40 49 0.0 0.0 0.0 0.0 21.0 0.0 0.0 0.6927263730826323
47 41 31 0.0 0.0 8.0 0.0 289.0 4.0 0.0 0.6105538595726122
47 41 32 0.0 0.0 188.0 0.0 3891.0 10.0 91.0 0.230566534914361
47 41 33 0.0 0.0 174.0 0.0 4621.0 17.0 244.0 0.20655060489820004
47 41 34 0.0 0.0 715.0 0.0 11839.0 24.0 4810.0 0.09621331867225619
47 41 35 0.0 0.0 1072.0 0.0 13373.0 36.0 10658.0 0.08517887563884156
47 41 36 0.0 0.0 1714.0 0.0 13043.0 44.0 25111.0 0.08361703398435165
47 41 37 0.0 0.0 1876.0 0.0 13061.0 54.0 27859.0 0.08263974971961513
47 41 38 0.0 0.0 2150.0 0.0 13846.0 49.0 27720.0 0.07776049766718506
47 41 39 0.0 0.0 2183.0 0.0 13204.0 64.0 31313.0 0.08060801473975125
47 41 40 0.0 0.0 1999.0 0.0 13279.0 58.0 29065.0 0.08105604446503009
47 41 41 0.0 0.0 1768.0 0.0 13494.0 52.0 23093.0 0.08114060507708357
47 41 42 0.0 0.0 1562.0 0.0 13416.0 52.0 21220.0 0.08253257088958321
47 41 43 0.0 0.0 1139.0 0.0 13725.0 45.0 9624.0 0.08310578178796152
47 41 44 0.0 0.0 1232.0 0.0 13473.0 36.0 13030.0 0.08383735553027127
47 41 45 0.0 0.0 663.0 0.0 11423.0 26.0 4340.0 0.09952370796900546
47 41 46 0.0 0.0 650.0 0.0 11282.0 30.0 4131.0 0.10058193835764064
47 41 47 0.0 0.0 696.0 0.0 11591.0 29.0 4911.0 0.09811479430934192
47 41 48 0.0 0.0 120.0 0.0 2947.0 19.0 62.0 0.27733755942947697
47 41 49 0.0 0.0 0.0 0.0 14.0 0.0 0.0 0.6951340615690167
47 42 30 0.0 0.0 0.0 0.0 3.0 0.0 0.0 0.6989515726410384
47 42 31 0.0 0.0 6.0 0.0 204.0 0.0 1.0 0.6337709370755997
47 42 32 0.0 0.0 58.0 0.0 1643.0 5.0 9.0 0.37878787878787873
47 42 33 0.0 0.0 196.0 0.0 4518.0 22.0 174.0 0.20929884885633127
47 42 34 0.0 0.0 403.0 0.0 8206.0 24.0 1114.0 0.1321752265861027
47 42 35 0.0 0.0 811.0 0.0 12213.0 35.0 5038.0 0.0932773669131854
47 42 36 0.0 0.0 1576.0 0.0 13025.0 42.0 22626.0 0.08436275986742994
47 42 37 0.0 0.0 1903.0 0.0 12971.0 42.0 28299.0 0.08299247139723752
47 42 38 0.0 0.0 2274.0 0.0 12770.0 43.0 34249.0 0.08213552361396302
47 42 39 0.0 0.0 2209.0 0.0 12978.0 62.0 33166.0 0.08155656530350691
47 42 40 0.0 0.0 2087.0 0.0 13377.0 54.0 29258.0 0.08016950123117447
47 42 41 0.0 0.0 1556.0 0.0 13657.0 43.0 20122.0 0.08131970260223047
47 42 42 0.0 0.0 1146.0 0.0 13638.0 34.0 10922.0 0.0834575260804769
47 42 43 0.0 0.0 1019.0 0.0 13044.0 34.0 9180.0 0.08718395815170008
47 42 44 0.0 0.0 660.0 0.0 11038.0 26.0 3257.0 0.10236911377595788
47 42 45 0.0 0.0 838.0 0.0 12330.0 32.0 5845.0 0.09238484888478288
47 42 46 0.0 0.0 583.0 0.0 10676.0 31.0 3522.0 0.10572421084428332
47 42 47 0.0 0.0 412.0 0.0 8663.0 20.0 1295.0 0.12663952962460423
47 42 48 0.0 0.0 9.0 0.0 330.0 3.0 0.0 0.5993150684931505
47 42 49 0.0 0.0 23.0 0.0 431.0 8.0 1.0 0.5723630417007358
47 43 30 0.0 0.0 0.0 0.0 5.0 0.0 0.0 0.6982543640897755
47 43 31 0.0 0.0 1.0 0.0 78.0 0.0 0.0 0.6737247353224253
47 43 32 0.0 0.0 8.0 0.0 314.0 3.0 0.0 0.6037084950409658
47 43 33 0.0 0.0 207.0 0.0 4457.0 14.0 178.0 0.2104946624567734
47 43 34 0.0 0.0 154.0 0.0 3770.0 16.0 125.0 0.23700694091755542
47 43 35 0.0 0.0 684.0 0.0 11400.0 24.0 4085.0 0.09943181818181818
47 43 36 0.0 0.0 1081.0 0.0 13132.0 43.0 11294.0 0.08648381517173213
47 43 37 0.0 0.0 1418.0 0.0 13237.0 33.0 19560.0 0.08402856971370265
47 43 38 0.0 0.0 2267.0 0.0 12856.0 50.0 34143.0 0.08168028004667444
47 43 39 0.0 0.0 2217.0 0.0 12591.0 68.0 35464.0 0.08334821694350181
47 43 40 0.0 0.0 1866.0 0.0 13316.0 43.0 26685.0 0.08141901715615003
47 43 41 0.0 0.0 1221.0 0.0 13749.0 26.0 11818.0 0.08245479710230284
47 43 42 0.0 0.0 1234.0 0.0 13780.0 28.0 12574.0 0.08227550540667607
47 43 43 0.0 0.0 819.0 0.0 12549.0 33.0 6408.0 0.09118145108766444
47 43 44 0.0 0.0 535.0 0.0 10254.0 23.0 2757.0 0.10947763528307788
47 43 45 0.0 0.0 420.0 0.0 8255.0 28.0 1101.0 0.13144305698995395
47 43 46 0.0 0.0 581.0 0.0 10720.0 26.0 3418.0 0.10529482551143199
47 43 47 0.0 0.0 194.0 0.0 4759.0 21.0 269.0 0.20190366310931637
47 43 48 0.0 0.0 22.0 0.0 548.0 9.0 2.0 0.5466614603670441
47 43 49 0.0 0.0 3.0 0.0 54.0 0.0 0.0 0.6806028196402526
47 44 30 0.0 0.0 0.0 0.0 3.0 0.0 0.0 0.6989515726410384
47 44 31 0.0 0.0 8.0 0.0 312.0 2.0 0.0 0.6039689387402932
47 44 32 0.0 0.0 239.0 0.0 4898.0 23.0 213.0 0.19679505201012085
47 44 33 0.0 0.0 42.0 0.0 1117.0 10.0 8.0 0.4445855827246744
47 44 34 0.0 0.0 44.0 0.0 1204.0 9.0 14.0 0.4320987654320987
47 44 35 0.0 0.0 379.0 0.0 7866.0 18.0 1026.0 0.1367989056087551
47 44 36 0.0 0.0 862.0 0.0 12741.0 25.0 6997.0 0.08974358974358973
47 44 37 0.0 0.0 1417.0 0.0 13221.0 39.0 18607.0 0.08405884118883218
47 44 38 0.0 0.0 2103.0 0.0 12818.0 44.0 31846.0 0.08275209835677975
47 44 39 0.0 0.0 2110.0 0.0 12583.0 59.0 34313.0 0.08385744234800838
47 44 40 0.0 0.0 1809.0 0.0 13400.0 45.0 24983.0 0.08137169427492008
47 44 41 0.0 0.0 1314.0 0.0 12997.0 47.0 17057.0 0.08588430157659038
47 44 42 0.0 0.0 848.0 0.0 12526.0 34.0 6332.0 0.09112210361884925
47 44 43 0.0 0.0 625.0 0.0 11222.0 23.0 3315.0 0.10115606936416183
47 44 44 0.0 0.0 604.0 0.0 10663.0 24.0 3098.0 0.10565240359218171
47 44 45 0.0 0.0 336.0 0.0 6789.0 27.0 687.0 0.15376166941241073
47 44 46 0.0 0.0 69.0 0.0 1770.0 15.0 21.0 0.3662045513994245
47 44 47 0.0 0.0 3.0 0.0 155.0 1.0 0.0 0.6490496059341677
47 44 48 0.0 0.0 0.0 0.0 8.0 0.0 0.0 0.697211155378486
47 45 31 0.0 0.0 0.0 0.0 16.0 0.0 0.0 0.6944444444444444
47 45 32 0.0 0.0 1.0 0.0 61.0 0.0 0.0 0.6789524733268669
47 45 33 0.0 0.0 9.0 0.0 260.0 4.0 0.0 0.6181015452538631
47 45 34 0.0 0.0 18.0 0.0 613.0 6.0 3.0 0.5333333333333332
47 45 35 0.0 0.0 568.0 0.0 10108.0 31.0 2194.0 0.11066318868073668
47 45 36 0.0 0.0 793.0 0.0 12214.0 30.0 7115.0 0.09330845107971207
47 45 37 0.0 0.0 1215.0 0.0 13793.0 42.0 12113.0 0.08232388568740444
47 45 38 0.0 0.0 1523.0 0.0 13329.0 31.0 21514.0 0.08308112278203073
47 45 39 0.0 0.0 1348.0 0.0 13336.0 33.0 17362.0 0.08388256440982624
47 45 40 0.0 0.0 761.0 0.0 12005.0 27.0 4729.0 0.09492812584757254
47 45 41 0.0 0.0 1191.0 0.0 13483.0 39.0 13114.0 0.084008400840084
47 45 42 0.0 0.0 299.0 0.0 7266.0 19.0 861.0 0.1465815097895508
47 45 43 0.0 0.0 198.0 0.0 4151.0 23.0 161.0 0.22137887413029722
47 45 44 0.0 0.0 352.0 0.0 7539.0 17.0 906.0 0.14170040485829957
47 45 45 0.0 0.0 114.0 0.0 2461.0 15.0 41.0 0.3070175438596491
47 45 46 0.0 0.0 23.0 0.0 697.0 5.0 1.0 0.5156537753222835
47 45 47 0.0 0.0 39.0 0.0 743.0 7.0 1.0 0.5045045045045045
47 45 48 0.0 0.0 0.0 0.0 1.0 0.0 0.0 0.6996501749125437
47 46 32 0.0 0.0 0.0 0.0 2.0 0.0 0.0 0.6993006993006992
47 46 33 0.0 0.0 0.0 0.0 6.0 0.0 0.0 0.6979062811565303
47 46 34 0.0 0.0 10.0 0.0 338.0 1.0 0.0 0.5965061780997016
47 46 35 0.0 0.0 235.0 0.0 5512.0 18.0 354.0 0.18108912171775962
47 46 36 0.0 0.0 486.0 0.0 9473.0 20.0 1838.0 0.11712540784740232
47 46 37 0.0 0.0 538.0 0.0 9655.0 43.0 1706.0 0.11517893870835046
47 46 38 0.0 0.0 1061.0 0.0 12762.0 34.0 12295.0 0.08852355358836546
47 46 39 0.0 0.0 1049.0 0.0 13222.0 37.0 11241.0 0.08606910119267182
47 46 40 0.0 0.0 821.0 0.0 12275.0 31.0 6773.0 0.09280742459396751
47 46 41 0.0 0.0 432.0 0.0 8745.0 20.0 1420.0 0.12540308133285558
47 46 42 0.0 0.0 693.0 0.0 11403.0 20.0 3842.0 0.0992978225406057
47 46 43 0.0 0.0 137.0 0.0 3355.0 13.0 87.0 0.2555210804891403
47 46 44 0.0 0.0 116.0 0.0 2588.0 11.0 51.0 0.29831664180694645
47 46 45 0.0 0.0 170.0 0.0 3853.0 23.0 109.0 0.2332944509248458
47 46 46 0.0 0.0 8.0 0.0 282.0 3.0 0.0 0.6121556624398775
47 46 47 0.0 0.0 5.0 0.0 110.0 0.0 0.0 0.6619385342789597
47 47 32 0.0 0.0 0.0 0.0 2.0 0.0 0.0 0.6993006993006992
47 47 34 0.0 0.0 3.0 0.0 63.0 2.0 0.0 0.6782945736434108
47 47 35 0.0 0.0 9.0 0.0 263.0 4.0 0.0 0.6172839506172839
47 47 36 0.0 0.0 46.0 0.0 1165.0 8.0 8.0 0.4372267332916926
47 47 37 0.0 0.0 326.0 0.0 7034.0 17.0 773.0 0.1497326203208556
47 47 38 0.0 0.0 241.0 0.0 5801.0 23.0 417.0 0.17465069860279436
47 47 39 0.0 0.0 494.0 0.0 9586.0 21.0 1879.0 0.11602850986242334
47 47 40 0.0 0.0 384.0 0.0 7990.0 16.0 1018.0 0.13513513513513511
47 47 41 0.0 0.0 336.0 0.0 6993.0 20.0 709.0 0.15027908973808501
47 47 42 0.0 0.0 272.0 0.0 6291.0 17.0 567.0 0.1637618434904667
47 47 43 0.0 0.0 218.0 0.0 4495.0 20.0 170.0 0.20901761719916392
47 47 44 0.0 0.0 60.0 0.0 1113.0 15.0 9.0 0.4434589800443458
47 47 45 0.0 0.0 15.0 0.0 270.0 3.0 0.0 0.6134969325153373
47 47 46 0.0 0.0 0.0 0.0 15.0 0.0 0.0 0.694789081885856
47 47 47 0.0 0.0 0.0 0.0 1.0 0.0 0.0 0.6996501749125437
47 48 32 0.0 0.0 0.0 0.0 1.0 0.0 0.0 0.6996501749125437
47 48 33 0.0 0.0 0.0 0.0 3.0 0.0 0.0 0.6989515726410384
47 48 35 0.0 0.0 0.0 0.0 3.0 0.0 0.0 0.6989515726410384
47 48 36 0.0 0.0 3.0 0.0 75.0 2.0 0.0 0.6746987951807227
47 48 37 0.0 0.0 6.0 0.0 257.0 2.0 0.0 0.6191950464396283
47 48 38 0.0 0.0 4.0 0.0 293.0 1.0 0.0 0.6100217864923746
47 48 39 0.0 0.0 64.0 0.0 1392.0 7.0 10.0 0.4057971014492753
47 48 40 0.0 0.0 94.0 0.0 2391.0 15.0 55.0 0.31319910514541377
47 48 41 0.0 0.0 172.0 0.0 3467.0 18.0 84.0 0.24906600249066
47 48 42 0.0 0.0 41.0 0.0 984.0 13.0 4.0 0.46496180670873455
47 48 43 0.0 0.0 171.0 0.0 4428.0 19.0 209.0 0.21270130659374048
47 48 44 0.0 0.0 51.0 0.0 847.0 9.0 1.0 0.48459674627898913
47 48 45 0.0 0.0 9.0 0.0 186.0 2.0 0.0 0.6386861313868613
47 48 46 0.0 0.0 0.0 0.0 1.0 0.0 0.0 0.6996501749125437
47 49 36 0.0 0.0 0.0 0.0 5.0 0.0 0.0 0.6982543640897755
47 49 37 0.0 0.0 1.0 0.0 9.0 0.0 0.0 0.6965174129353233
47 49 38 0.0 0.0 0.0 0.0 12.0 0.0 0.0 0.6958250497017892
47 49 39 0.0 0.0 0.0 0.0 7.0 0.0 0.0 0.6975585450921773
47 49 40 0.0 0.0 0.0 0.0 9.0 0.0 0.0 0.6968641114982577
47 49 41 0.0 0.0 0.0 0.0 10.0 0.0 0.0 0.6965174129353233
47 49 42 0.0 0.0 0.0 0.0 7.0 0.0 0.0 0.6975585450921773
47 49 43 0.0 0.0 10.0 0.0 216.0 5.0 0.0 0.6303466906798738
47 49 44 0.0 0.0 0.0 0.0 11.0 1.0 0.0 0.6965174129353233
47 50 37 0.0 0.0 0.0 0.0 1.0 0.0 0.0 0.6996501749125437
48 30 36 0.0 0.0 0.0 0.0 1.0 0.0 0.0 0.6996501749125437
48 30 37 0.0 0.0 0.0 0.0 1.0 0.0 0.0 0.6996501749125437
48 31 34 0.0 0.0 0.0 0.0 4.0 0.0 0.0 0.6986027944111775
48 31 35 0.0 0.0 2.0 0.0 40.0 2.0 0.0 0.6862745098039215
48 31 36 0.0 0.0 0.0 0.0 19.0 0.0 0.0 0.6934125804853887
48 31 37 0.0 0.0 6.0 0.0 111.0 3.0 0.0 0.662251655629139
48 31 38 0.0 0.0 0.0 0.0 13.0 0.0 0.0 0.6958250497017892
48 31 39 0.0 0.0 0.0 0.0 8.0 0.0 0.0 0.697211155378486
48 31 40 0.0 0.0 1.0 0.0 3.0 1.0 0.0 0.6989515726410384
48 31 41 0.0 0.0 0.0 0.0 3.0 0.0 0.0 0.6989515726410384
48 31 42 0.0 0.0 0.0 0.0 4.0 0.0 0.0 0.6986027944111775
48 31 43 0.0 0.0 0.0 0.0 4.0 0.0 0.0 0.6986027944111775
48 31 44 0.0 0.0 3.0 0.0 31.0 0.0 0.0 0.6882989183874139
48 32 34 0.0 0.0 0.0 0.0 2.0 0.0 0.0 0.6993006993006992
48 32 35 0.0 0.0 1.0 0.0 39.0 0.0 0.0 0.6862745098039215
48 32 36 0.0 0.0 17.0 0.0 566.0 5.0 1.0 0.543056633048875
48 32 37 0.0 0.0 169.0 0.0 4415.0 16.0 192.0 0.21308980213089798
48 32 38 0.0 0.0 179.0 0.0 4334.0 28.0 188.0 0.21568325373594205
48 32 39 0.0 0.0 63.0 0.0 1789.0 10.0 26.0 0.364488414475397
48 32 40 0.0 0.0 22.0 0.0 907.0 6.0 8.0 0.47912388774811765
48 32 41 0.0 0.0 83.0 0.0 2479.0 13.0 40.0 0.30769230769230765
48 32 42 0.0 0.0 5.0 0.0 226.0 0.0 0.0 0.6275212909009411
48 32 43 0.0 0.0 154.0 0.0 3602.0 24.0 86.0 0.24411508282476022
48 32 44 0.0 0.0 0.0 0.0 4.0 0.0 0.0 0.6986027944111775
48 32 46 0.0 0.0 0.0 0.0 1.0 0.0 0.0 0.6996501749125437
48 33 32 0.0 0.0 0.0 0.0 2.0 0.0 0.0 0.6993006993006992
48 33 33 0.0 0.0 0.0 0.0 4.0 0.0 0.0 0.6986027944111775
48 33 34 0.0 0.0 2.0 0.0 63.0 0.0 0.0 0.6779661016949151
48 33 35 0.0 0.0 5.0 0.0 152.0 0.0 0.0 0.6490496059341677
48 33 36 0.0 0.0 2.0 0.0 176.0 3.0 1.0 0.6436781609195401
48 33 37 0.0 0.0 106.0 0.0 2468.0 15.0 47.0 0.3070848870366308
48 33 38 0.0 0.0 81.0 0.0 2091.0 13.0 25.0 0.3366193796585717
48 33 39 0.0 0.0 299.0 0.0 6963.0 23.0 639.0 0.1514168288989833
48 33 40 0.0 0.0 430.0 0.0 8616.0 18.0 1261.0 0.12682308180088775
48 33 41 0.0 0.0 123.0 0.0 3034.0 17.0 70.0 0.27226760015558144
48 33 42 0.0 0.0 133.0 0.0 2931.0 13.0 64.0 0.2772277227722772
48 33 43 0.0 0.0 36.0 0.0 1016.0 7.0 6.0 0.45992115637319314
48 33 44 0.0 0.0 0.0 0.0 59.0 0.0 0.0 0.6799417192812044
48 33 45 0.0 0.0 5.0 0.0 125.0 2.0 0.0 0.6582040432534085
48 33 46 0.0 0.0 0.0 0.0 2.0 0.0 0.0 0.6993006993006992
48 33 47 0.0 0.0 0.0 0.0 5.0 0.0 0.0 0.6982543640897755
48 34 32 0.0 0.0 1.0 0.0 44.0 0.0 0.0 0.684931506849315
48 34 33 0.0 0.0 20.0 0.0 587.0 5.0 1.0 0.5380476556495004
48 34 34 0.0 0.0 28.0 0.0 784.0 11.0 5.0 0.49982149232416984
48 34 35 0.0 0.0 73.0 0.0 1699.0 9.0 14.0 0.37204358224820616
48 34 36 0.0 0.0 71.0 0.0 1925.0 20.0 14.0 0.3520241387980889
48 34 37 0.0 0.0 289.0 0.0 6239.0 19.0 459.0 0.16449300904711547
48 34 38 0.0 0.0 469.0 0.0 9303.0 16.0 1601.0 0.11896668932698842
48 34 39 0.0 0.0 906.0 0.0 12768.0 41.0 7934.0 0.08939974457215835
48 34 40 0.0 0.0 421.0 0.0 8961.0 24.0 1693.0 0.12317437972901635
48 34 41 0.0 0.0 452.0 0.0 9257.0 23.0 1671.0 0.11971951428082776
48 34 42 0.0 0.0 699.0 0.0 11684.0 24.0 4786.0 0.09736421169761457
48 34 43 0.0 0.0 500.0 0.0 9631.0 30.0 1924.0 0.11561648360723427
48 34 44 0.0 0.0 159.0 0.0 3655.0 13.0 109.0 0.2413377003964833
48 34 45 0.0 0.0 0.0 0.0 74.0 1.0 0.0 0.6753497346840327
48 34 46 0.0 0.0 121.0 0.0 2967.0 12.0 69.0 0.2756990941315478
48 34 47 0.0 0.0 0.0 0.0 2.0 0.0 0.0 0.6993006993006992
48 35 32 0.0 0.0 0.0 0.0 26.0 0.0 0.0 0.6910167818361302
48 35 33 0.0 0.0 296.0 0.0 6545.0 22.0 614.0 0.15867618723790092
48 35 34 0.0 0.0 52.0 0.0 1125.0 10.0 2.0 0.44233807266982617
48 35 35 0.0 0.0 318.0 0.0 6988.0 32.0 685.0 0.15091085480219898
48 35 36 0.0 0.0 843.0 0.0 12421.0 34.0 6194.0 0.0918574896660324
48 35 37 0.0 0.0 643.0 0.0 11142.0 26.0 3855.0 0.10167768174885611
48 35 38 0.0 0.0 827.0 0.0 12446.0 30.0 5629.0 0.09174311926605504
48 35 39 0.0 0.0 592.0 0.0 10785.0 28.0 2878.0 0.104806108698907
48 35 40 0.0 0.0 1154.0 0.0 13590.0 44.0 10826.0 0.08372704981759464
48 35 41 0.0 0.0 992.0 0.0 13092.0 33.0 9586.0 0.08709717556302102
48 35 42 0.0 0.0 800.0 0.0 12271.0 28.0 6072.0 0.09293680297397769
48 35 43 0.0 0.0 602.0 0.0 10870.0 23.0 3471.0 0.10400416016640664
48 35 44 0.0 0.0 317.0 0.0 7064.0 20.0 755.0 0.14938113529662822
48 35 45 0.0 0.0 526.0 0.0 9658.0 22.0 2264.0 0.11503697617091206
48 35 46 0.0 0.0 57.0 0.0 1427.0 12.0 13.0 0.4032258064516129
48 35 47 0.0 0.0 3.0 0.0 133.0 0.0 0.0 0.6554307116104868
48 35 48 0.0 0.0 0.0 0.0 1.0 0.0 0.0 0.6996501749125437
48 35 49 0.0 0.0 0.0 0.0 2.0 0.0 0.0 0.6993006993006992
48 36 31 0.0 0.0 0.0 0.0 4.0 0.0 0.0 0.6986027944111775
48 36 32 0.0 0.0 1.0 0.0 73.0 1.0 0.0 0.6753497346840327
48 36 33 0.0 0.0 1.0 0.0 204.0 2.0 1.0 0.6357856494096276
48 36 34 0.0 0.0 30.0 0.0 1005.0 8.0 9.0 0.4626569729015201
48 36 35 0.0 0.0 296.0 0.0 6225.0 22.0 421.0 0.16464777137480888
48 36 36 0.0 0.0 306.0 0.0 6286.0 22.0 507.0 0.16332244517032196
48 36 37 0.0 0.0 470.0 0.0 9008.0 18.0 1409.0 0.12211077191452244
48 36 38 0.0 0.0 847.0 0.0 12555.0 29.0 6507.0 0.09100364014560582
48 36 39 0.0 0.0 1540.0 0.0 12545.0 41.0 24692.0 0.08704843623702044
48 36 40 0.0 0.0 1362.0 0.0 13534.0 32.0 16641.0 0.08285494466473338
48 36 41 0.0 0.0 982.0 0.0 12977.0 25.0 7769.0 0.08776879192527114
48 36 42 0.0 0.0 1121.0 0.0 13086.0 33.0 13643.0 0.08637709772951628
48 36 43 0.0 0.0 718.0 0.0 11883.0 21.0 4608.0 0.09594955794667945
48 36 44 0.0 0.0 500.0 0.0 9844.0 16.0 2305.0 0.11348897535667962
48 36 45 0.0 0.0 262.0 0.0 5948.0 15.0 471.0 0.17079419299743806
48 36 46 0.0 0.0 168.0 0.0 3390.0 18.0 80.0 0.2526163839769036
48 36 47 0.0 0.0 34.0 0.0 720.0 6.0 2.0 0.509461426491994
48 36 48 0.0 0.0 1.0 0.0 28.0 1.0 0.0 0.690335305719921
48 36 49 0.0 0.0 0.0 0.0 1.0 0.0 0.0 0.6996501749125437
48 37 31 0.0 0.0 0.0 0.0 10.0 0.0 0.0 0.6965174129353233
48 37 32 0.0 0.0 114.0 0.0 2295.0 23.0 32.0 0.31927023945267957
48 37 33 0.0 0.0 140.0 0.0 3045.0 12.0 86.0 0.2705836876691147
48 37 34 0.0 0.0 81.0 0.0 1938.0 14.0 19.0 0.34956304619225964
48 37 35 0.0 0.0 208.0 0.0 4912.0 20.0 237.0 0.19715533023517814
48 37 36 0.0 0.0 644.0 0.0 11120.0 28.0 3907.0 0.10181077739800741
48 37 37 0.0 0.0 689.0 0.0 11335.0 25.0 3646.0 0.09984310369419482
48 37 38 0.0 0.0 1241.0 0.0 13508.0 35.0 14292.0 0.0835820895522388
48 37 39 0.0 0.0 912.0 0.0 12856.0 29.0 7463.0 0.08877615726062142
48 37 40 0.0 0.0 1496.0 0.0 13192.0 43.0 21144.0 0.08388759062855772
48 37 41 0.0 0.0 1270.0 0.0 13580.0 34.0 14106.0 0.08308605341246289
48 37 42 0.0 0.0 1078.0 0.0 13322.0 31.0 11682.0 0.08540230586225828
48 37 43 0.0 0.0 642.0 0.0 11492.0 33.0 4455.0 0.09915014164305949
48 37 44 0.0 0.0 647.0 0.0 11378.0 25.0 3704.0 0.09992862241256244
48 37 45 0.0 0.0 331.0 0.0 7265.0 17.0 727.0 0.1460310837592573
48 37 46 0.0 0.0 577.0 0.0 10649.0 30.0 2993.0 0.10599636583888551
48 37 47 0.0 0.0 86.0 0.0 2273.0 11.0 42.0 0.32213529682466635
48 37 48 0.0 0.0 0.0 0.0 22.0 0.0 0.0 0.6923837784371908
48 37 49 0.0 0.0 0.0 0.0 2.0 0.0 0.0 0.6993006993006992
48 38 31 0.0 0.0 0.0 0.0 9.0 0.0 0.0 0.6968641114982577
48 38 32 0.0 0.0 15.0 0.0 315.0 4.0 1.0 0.6018916595012896
48 38 33 0.0 0.0 35.0 0.0 932.0 5.0 7.0 0.4728132387706855
48 38 34 0.0 0.0 136.0 0.0 3843.0 17.0 153.0 0.234820530023482
48 38 35 0.0 0.0 588.0 0.0 10870.0 22.0 3422.0 0.104089219330855
48 38 36 0.0 0.0 496.0 0.0 9639.0 28.0 1910.0 0.11555922410235245
48 38 37 0.0 0.0 930.0 0.0 12489.0 28.0 9854.0 0.09081473793461338
48 38 38 0.0 0.0 923.0 0.0 12956.0 25.0 7202.0 0.08826681798121176
48 38 39 0.0 0.0 1119.0 0.0 13300.0 42.0 12419.0 0.08531383302864107
48 38 40 0.0 0.0 1060.0 0.0 13457.0 43.0 9253.0 0.08491023774866568
48 38 41 0.0 0.0 1583.0 0.0 13226.0 48.0 22015.0 0.08330853912526033
48 38 42 0.0 0.0 995.0 0.0 13192.0 38.0 9473.0 0.08652122860144612
48 38 43 0.0 0.0 1517.0 0.0 13223.0 37.0 20547.0 0.08362202843148965
48 38 44 0.0 0.0 992.0 0.0 12926.0 35.0 9944.0 0.0880281690140845
48 38 45 0.0 0.0 776.0 0.0 12242.0 18.0 5441.0 0.09321526066981822
48 38 46 0.0 0.0 516.0 0.0 9806.0 24.0 2018.0 0.11377488825680618
48 38 47 0.0 0.0 202.0 0.0 4755.0 13.0 233.0 0.2015548517132162
48 38 48 0.0 0.0 0.0 0.0 76.0 0.0 0.0 0.6743737957610789
48 38 49 0.0 0.0 0.0 0.0 2.0 0.0 0.0 0.6993006993006992
48 39 31 0.0 0.0 0.0 0.0 22.0 0.0 0.0 0.6923837784371908
48 39 32 0.0 0.0 19.0 0.0 645.0 1.0 5.0 0.525722868944799
48 39 33 0.0 0.0 141.0 0.0 3550.0 15.0 114.0 0.24660912453760783
48 39 34 0.0 0.0 268.0 0.0 6048.0 19.0 402.0 0.1687560270009643
48 39 35 0.0 0.0 542.0 0.0 10081.0 24.0 2393.0 0.11100539169045352
48 39 36 0.0 0.0 693.0 0.0 11627.0 23.0 4079.0 0.09784051995247744
48 39 37 0.0 0.0 865.0 0.0 12600.0 31.0 6178.0 0.09057385003558258
48 39 38 0.0 0.0 1077.0 0.0 13538.0 32.0 10874.0 0.08424599831508003
48 39 39 0.0 0.0 1292.0 0.0 13587.0 41.0 14273.0 0.08293838862559241
48 39 40 0.0 0.0 1133.0 0.0 13314.0 37.0 12668.0 0.08511673151750972
48 39 41 0.0 0.0 1217.0 0.0 13340.0 41.0 12817.0 0.08459725663182065
48 39 42 0.0 0.0 1201.0 0.0 13746.0 33.0 11985.0 0.08268855944716791
48 39 43 0.0 0.0 947.0 0.0 13030.0 27.0 7687.0 0.0876533934385174
48 39 44 0.0 0.0 1394.0 0.0 12858.0 38.0 20689.0 0.08611145282322548
48 39 45 0.0 0.0 536.0 0.0 10174.0 19.0 2518.0 0.11019283746556473
48 39 46 0.0 0.0 403.0 0.0 8001.0 29.0 1034.0 0.1349267540478026
48 39 47 0.0 0.0 108.0 0.0 2655.0 15.0 58.0 0.2948609941027801
48 39 48 0.0 0.0 19.0 0.0 339.0 3.0 0.0 0.5944798301486198
48 39 49 0.0 0.0 0.0 0.0 4.0 0.0 0.0 0.6986027944111775
48 40 31 0.0 0.0 0.0 0.0 13.0 0.0 0.0 0.695479384003974
48 40 32 0.0 0.0 8.0 0.0 291.0 3.0 0.0 0.6100217864923746
48 40 33 0.0 0.0 100.0 0.0 2264.0 12.0 52.0 0.32154340836012857
48 40 34 0.0 0.0 584.0 0.0 10515.0 22.0 2643.0 0.1070090957731407
48 40 35 0.0 0.0 726.0 0.0 11899.0 24.0 5347.0 0.09572649572649572
48 40 36 0.0 0.0 764.0 0.0 11988.0 29.0 4529.0 0.09490881974103449
48 40 37 0.0 0.0 888.0 0.0 12767.0 22.0 6978.0 0.0894340104765555
48 40 38 0.0 0.0 880.0 0.0 12795.0 27.0 6094.0 0.08941116362242942
48 40 39 0.0 0.0 1348.0 0.0 13319.0 57.0 17016.0 0.0841194496184582
48 40 40 0.0 0.0 978.0 0.0 12989.0 37.0 8381.0 0.08777979810646434
48 40 41 0.0 0.0 1066.0 0.0 13159.0 27.0 10986.0 0.08632383771118508
48 40 42 0.0 0.0 1025.0 0.0 13149.0 22.0 9468.0 0.08648915796626921
48 40 43 0.0 0.0 787.0 0.0 12415.0 28.0 6113.0 0.09210526315789473
48 40 44 0.0 0.0 582.0 0.0 10497.0 22.0 2604.0 0.10701727564592568
48 40 45 0.0 0.0 988.0 0.0 12696.0 30.0 10803.0 0.08928571428571427
48 40 46 0.0 0.0 212.0 0.0 5490.0 18.0 344.0 0.18219677251431546
48 40 47 0.0 0.0 297.0 0.0 6572.0 14.0 619.0 0.15803138051698834
48 40 48 0.0 0.0 17.0 0.0 436.0 4.0 0.0 0.5716619028174764
48 40 49 0.0 0.0 0.0 0.0 10.0 0.0 0.0 0.6965174129353233
48 41 31 0.0 0.0 9.0 0.0 87.0 2.0 0.0 0.668896321070234
48 41 32 0.0 0.0 40.0 0.0 1219.0 7.0 10.0 0.4305043050430503
48 41 33 0.0 0.0 216.0 0.0 4481.0 25.0 179.0 0.20967500374419648
48 41 34 0.0 0.0 259.0 0.0 6638.0 15.0 705.0 0.1575689364096792
48 41 35 0.0 0.0 461.0 0.0 9191.0 21.0 1644.0 0.12027491408934705
48 41 36 0.0 0.0 963.0 0.0 13057.0 28.0 8740.0 0.08744534665833853
48 41 37 0.0 0.0 839.0 0.0 12510.0 23.0 6506.0 0.09124682265528253
48 41 38 0.0 0.0 1117.0 0.0 13388.0 45.0 12053.0 0.08491538788136106
48 41 39 0.0 0.0 901.0 0.0 12711.0 31.0 8670.0 0.08969184444871547
48 41 40 0.0 0.0 1080.0 0.0 13384.0 41.0 10900.0 0.0850856934484016
48 41 41 0.0 0.0 916.0 0.0 12929.0 32.0 8538.0 0.08839499936860713
48 41 42 0.0 0.0 806.0 0.0 12265.0 29.0 5270.0 0.09301089556205154
48 41 43 0.0 0.0 614.0 0.0 10793.0 28.0 3057.0 0.10449320794148378
48 41 44 0.0 0.0 410.0 0.0 8212.0 24.0 1074.0 0.13195098963242224
48 41 45 0.0 0.0 257.0 0.0 5971.0 22.0 468.0 0.1705653021442495
48 41 46 0.0 0.0 283.0 0.0 6557.0 16.0 667.0 0.1585683542870087
48 41 47 0.0 0.0 185.0 0.0 4110.0 21.0 163.0 0.2231431303793433
48 41 48 0.0 0.0 1.0 0.0 170.0 0.0 0.0 0.64486411791801
48 41 49 0.0 0.0 0.0 0.0 4.0 0.0 0.0 0.6986027944111775
48 42 31 0.0 0.0 0.0 0.0 1.0 0.0 0.0 0.6996501749125437
48 42 32 0.0 0.0 1.0 0.0 21.0 0.0 0.0 0.6927263730826323
48 42 33 0.0 0.0 3.0 0.0 127.0 1.0 0.0 0.6575857209957726
48 42 34 0.0 0.0 164.0 0.0 3241.0 21.0 71.0 0.2600780234070221
48 42 35 0.0 0.0 429.0 0.0 8694.0 26.0 1281.0 0.12605798667386997
48 42 36 0.0 0.0 876.0 0.0 12674.0 34.0 6459.0 0.09010748535753361
48 42 37 0.0 0.0 654.0 0.0 11554.0 32.0 3982.0 0.0986262768580486
48 42 38 0.0 0.0 1070.0 0.0 13509.0 26.0 9610.0 0.08444417636769407
48 42 39 0.0 0.0 1037.0 0.0 13079.0 39.0 10060.0 0.08693492300049675
48 42 40 0.0 0.0 1167.0 0.0 13650.0 37.0 11733.0 0.08326889906619876
48 42 41 0.0 0.0 784.0 0.0 12177.0 30.0 6160.0 0.09365174928088833
48 42 42 0.0 0.0 397.0 0.0 8107.0 21.0 1168.0 0.13349861733574903
48 42 43 0.0 0.0 616.0 0.0 10796.0 26.0 2969.0 0.1045010076882884
48 42 44 0.0 0.0 237.0 0.0 5374.0 21.0 329.0 0.1843560705820384
48 42 45 0.0 0.0 144.0 0.0 3334.0 11.0 74.0 0.2559414990859232
48 42 46 0.0 0.0 111.0 0.0 3025.0 15.0 90.0 0.2733841046670572
48 42 47 0.0 0.0 94.0 0.0 2056.0 12.0 22.0 0.33832769453842426
48 42 48 0.0 0.0 94.0 0.0 2185.0 19.0 28.0 0.3286384976525821
48 42 49 0.0 0.0 0.0 0.0 2.0 0.0 0.0 0.6993006993006992
48 43 31 0.0 0.0 0.0 0.0 8.0 0.0 0.0 0.697211155378486
48 43 32 0.0 0.0 2.0 0.0 20.0 1.0 0.0 0.6927263730826323
48 43 33 0.0 0.0 0.0 0.0 29.0 0.0 0.0 0.6899950714637751
48 43 34 0.0 0.0 76.0 0.0 2143.0 9.0 25.0 0.33262057495842234
48 43 35 0.0 0.0 437.0 0.0 8291.0 19.0 1180.0 0.13068234854849245
48 43 36 0.0 0.0 595.0 0.0 10958.0 30.0 3538.0 0.10345846881466153
48 43 37 0.0 0.0 888.0 0.0 12848.0 32.0 7467.0 0.08900756564307966
48 43 38 0.0 0.0 1100.0 0.0 13305.0 25.0 11387.0 0.08527226215129735
48 43 39 0.0 0.0 1328.0 0.0 13686.0 42.0 15967.0 0.08236263089775267
48 43 40 0.0 0.0 919.0 0.0 12794.0 33.0 7748.0 0.08914358484559057
48 43 41 0.0 0.0 1076.0 0.0 13024.0 33.0 11092.0 0.08698893997763141
48 43 42 0.0 0.0 479.0 0.0 9274.0 22.0 1647.0 0.11927074459021979
48 43 43 0.0 0.0 252.0 0.0 6250.0 24.0 555.0 0.16507487324607945
48 43 44 0.0 0.0 131.0 0.0 3313.0 20.0 89.0 0.25806451612903225
48 43 45 0.0 0.0 107.0 0.0 2243.0 12.0 24.0 0.3226549896289467
48 43 46 0.0 0.0 14.0 0.0 590.0 3.0 0.0 0.5382545174932718
48 43 47 0.0 0.0 72.0 0.0 1723.0 6.0 18.0 0.36949063077329103
48 43 48 0.0 0.0 0.0 0.0 37.0 0.0 0.0 0.6876227897838899
48 44 31 0.0 0.0 0.0 0.0 6.0 0.0 0.0 0.6979062811565303
48 44 32 0.0 0.0 0.0 0.0 5.0 0.0 0.0 0.6982543640897755
48 44 33 0.0 0.0 0.0 0.0 22.0 0.0 0.0 0.6923837784371908
48 44 34 0.0 0.0 62.0 0.0 1490.0 8.0 13.0 0.3950338600451466
48 44 35 0.0 0.0 347.0 0.0 7268.0 20.0 754.0 0.14593974773272175
48 44 36 0.0 0.0 789.0 0.0 12179.0 19.0 6948.0 0.09348914858096827
48 44 37 0.0 0.0 565.0 0.0 10742.0 30.0 3011.0 0.10531066646607491
48 44 38 0.0 0.0 1033.0 0.0 13150.0 36.0 9552.0 0.08654797230464886
48 44 39 0.0 0.0 978.0 0.0 13143.0 33.0 8751.0 0.08690254500310365
48 44 40 0.0 0.0 831.0 0.0 12327.0 39.0 5064.0 0.0924824943849914
48 44 41 0.0 0.0 390.0 0.0 8867.0 18.0 1847.0 0.1244223249200142
48 44 42 0.0 0.0 441.0 0.0 8511.0 21.0 1271.0 0.12801755669348935
48 44 43 0.0 0.0 322.0 0.0 7182.0 16.0 824.0 0.14749262536873153
48 44 44 0.0 0.0 102.0 0.0 2341.0 15.0 34.0 0.31624124689405914
48 44 45 0.0 0.0 54.0 0.0 1388.0 9.0 14.0 0.40780658316341384
48 44 46 0.0 0.0 115.0 0.0 2900.0 15.0 54.0 0.28005601120224044
48 44 47 0.0 0.0 5.0 0.0 81.0 1.0 0.0 0.6714628297362109
48 44 48 0.0 0.0 0.0 0.0 3.0 0.0 0.0 0.6989515726410384
48 44 49 0.0 0.0 0.0 0.0 1.0 0.0 0.0 0.6996501749125437
48 45 31 0.0 0.0 0.0 0.0 1.0 0.0 0.0 0.6996501749125437
48 45 32 0.0 0.0 0.0 0.0 3.0 0.0 0.0 0.6989515726410384
48 45 33 0.0 0.0 0.0 0.0 4.0 0.0 0.0 0.6989515726410384
48 45 34 0.0 0.0 5.0 0.0 162.0 2.0 0.0 0.6466512702078521
48 45 35 0.0 0.0 277.0 0.0 6198.0 23.0 426.0 0.16552376448332937
48 45 36 0.0 0.0 372.0 0.0 8063.0 17.0 1201.0 0.13426680732713148
48 45 37 0.0 0.0 1024.0 0.0 12939.0 31.0 10785.0 0.08770830722967045
48 45 38 0.0 0.0 420.0 0.0 8826.0 24.0 1581.0 0.12469938541017189
48 45 39 0.0 0.0 757.0 0.0 12433.0 31.0 5687.0 0.09217803529101921
48 45 40 0.0 0.0 555.0 0.0 10426.0 20.0 2779.0 0.10789980732177262
48 45 41 0.0 0.0 371.0 0.0 8133.0 21.0 1146.0 0.13349861733574903
48 45 42 0.0 0.0 355.0 0.0 7229.0 22.0 779.0 0.14633636458659974
48 45 43 0.0 0.0 98.0 0.0 2234.0 10.0 33.0 0.32392410920869963
48 45 44 0.0 0.0 21.0 0.0 741.0 5.0 2.0 0.5077983315197678
48 45 45 0.0 0.0 322.0 0.0 6915.0 28.0 678.0 0.1519756838905775
48 45 46 0.0 0.0 0.0 0.0 29.0 0.0 0.0 0.6899950714637751
48 45 47 0.0 0.0 0.0 0.0 4.0 0.0 0.0 0.6986027944111775
48 46 34 0.0 0.0 0.0 0.0 39.0 0.0 0.0 0.6866110838646394
48 46 35 0.0 0.0 264.0 0.0 5278.0 26.0 300.0 0.18624451243847276
48 46 36 0.0 0.0 178.0 0.0 4562.0 10.0 234.0 0.207961972667855
48 46 37 0.0 0.0 386.0 0.0 8083.0 18.0 1116.0 0.13393284224624508
48 46 38 0.0 0.0 607.0 0.0 10862.0 24.0 3097.0 0.10402734433050971
48 46 39 0.0 0.0 755.0 0.0 12014.0 26.0 6797.0 0.09485094850948508
48 46 40 0.0 0.0 500.0 0.0 9849.0 10.0 2143.0 0.11337868480725623
48 46 41 0.0 0.0 249.0 0.0 5363.0 16.0 349.0 0.18438035032266556
48 46 42 0.0 0.0 178.0 0.0 4129.0 20.0 126.0 0.2227525855210819
48 46 43 0.0 0.0 91.0 0.0 1956.0 12.0 24.0 0.34687809712586715
48 46 44 0.0 0.0 1.0 0.0 82.0 0.0 0.0 0.6721075372059528
48 46 45 0.0 0.0 2.0 0.0 57.0 1.0 0.0 0.6802721088435373
48 46 46 0.0 0.0 0.0 0.0 16.0 0.0 0.0 0.6944444444444444
48 47 34 0.0 0.0 0.0 0.0 9.0 0.0 0.0 0.6968641114982577
48 47 35 0.0 0.0 3.0 0.0 126.0 0.0 0.0 0.6575857209957726
48 47 36 0.0 0.0 39.0 0.0 762.0 5.0 3.0 0.5007153075822602
48 47 37 0.0 0.0 416.0 0.0 8271.0 24.0 1190.0 0.13125820363772733
48 47 38 0.0 0.0 127.0 0.0 3243.0 14.0 79.0 0.26134030240806416
48 47 39 0.0 0.0 421.0 0.0 8669.0 27.0 1531.0 0.1264450867052023
48 47 40 0.0 0.0 463.0 0.0 9266.0 24.0 1923.0 0.11956614569988895
48 47 41 0.0 0.0 474.0 0.0 9062.0 39.0 1672.0 0.12166507343356216
48 47 42 0.0 0.0 36.0 0.0 673.0 5.0 2.0 0.5177514792899407
48 47 43 0.0 0.0 99.0 0.0 2366.0 16.0 32.0 0.31467745560800175
48 47 44 0.0 0.0 0.0 0.0 9.0 0.0 0.0 0.6968641114982577
48 47 45 0.0 0.0 5.0 0.0 75.0 3.0 0.0 0.6740491092922483
48 47 46 0.0 0.0 0.0 0.0 2.0 0.0 0.0 0.6993006993006992
48 48 34 0.0 0.0 0.0 0.0 1.0 0.0 0.0 0.6996501749125437
48 48 35 0.0 0.0 2.0 0.0 19.0 1.0 0.0 0.6930693069306929
48 48 36 0.0 0.0 1.0 0.0 77.0 1.0 0.0 0.6743737957610789
48 48 37 0.0 0.0 111.0 0.0 2653.0 8.0 46.0 0.2942412778478352
48 48 38 0.0 0.0 1.0 0.0 81.0 0.0 0.0 0.6724303554274734
48 48 39 0.0 0.0 15.0 0.0 285.0 4.0 0.0 0.6097560975609755
48 48 40 0.0 0.0 41.0 0.0 945.0 12.0 2.0 0.47090480995627304
48 48 41 0.0 0.0 177.0 0.0 3914.0 21.0 120.0 0.2306045132597595
48 48 42 0.0 0.0 0.0 0.0 67.0 0.0 0.0 0.6776379477250725
48 48 43 0.0 0.0 49.0 0.0 1106.0 11.0 5.0 0.4452926208651399
48 48 44 0.0 0.0 0.0 0.0 4.0 0.0 0.0 0.6986027944111775
48 48 45 0.0 0.0 0.0 0.0 1.0 0.0 0.0 0.6996501749125437
48 49 36 0.0 0.0 0.0 0.0 3.0 0.0 0.0 0.6989515726410384
48 49 37 0.0 0.0 0.0 0.0 7.0 0.0 0.0 0.6975585450921773
48 49 38 0.0 0.0 0.0 0.0 2.0 0.0 0.0 0.6993006993006992
48 49 39 0.0 0.0 0.0 0.0 9.0 0.0 0.0 0.6968641114982577
48 49 40 0.0 0.0 0.0 0.0 4.0 0.0 0.0 0.6986027944111775
48 49 41 0.0 0.0 0.0 0.0 10.0 0.0 0.0 0.6965174129353233
48 49 42 0.0 0.0 1.0 0.0 11.0 1.0 0.0 0.6961710591745399
48 49 43 0.0 0.0 0.0 0.0 6.0 0.0 0.0 0.6979062811565303
48 49 44 0.0 0.0 0.0 0.0 2.0 0.0 0.0 0.6993006993006992
49 31 36 0.0 0.0 0.0 0.0 2.0 0.0 0.0 0.6993006993006992
49 31 37 0.0 0.0 15.0 0.0 230.0 2.0 0.0 0.6241640659830583
49 31 38 0.0 0.0 0.0 0.0 4.0 0.0 0.0 0.6986027944111775
49 31 39 0.0 0.0 0.0 0.0 2.0 0.0 0.0 0.6993006993006992
49 31 40 0.0 0.0 0.0 0.0 5.0 0.0 0.0 0.6982543640897755
49 31 41 0.0 0.0 0.0 0.0 3.0 0.0 0.0 0.6989515726410384
49 31 42 0.0 0.0 0.0 0.0 2.0 0.0 0.0 0.6993006993006992
49 31 43 0.0 0.0 0.0 0.0 1.0 0.0 0.0 0.6996501749125437
49 31 44 0.0 0.0 1.0 0.0 10.0 0.0 0.0 0.6961710591745399
49 32 36 0.0 0.0 0.0 0.0 1.0 0.0 0.0 0.6996501749125437
49 32 37 0.0 0.0 0.0 0.0 17.0 0.0 0.0 0.694100148735746
49 32 38 0.0 0.0 23.0 0.0 371.0 3.0 0.0 0.5855290673358426
49 32 39 0.0 0.0 1.0 0.0 41.0 1.0 0.0 0.6859382655560998
49 32 40 0.0 0.0 159.0 0.0 3255.0 21.0 77.0 0.2595476455320726
49 32 41 0.0 0.0 5.0 0.0 130.0 3.0 0.0 0.6566604127579737
49 32 42 0.0 0.0 0.0 0.0 8.0 0.0 0.0 0.697211155378486
49 32 43 0.0 0.0 0.0 0.0 3.0 0.0 0.0 0.6989515726410384
49 32 44 0.0 0.0 0.0 0.0 1.0 0.0 0.0 0.6996501749125437
49 33 35 0.0 0.0 0.0 0.0 3.0 0.0 0.0 0.6989515726410384
49 33 36 0.0 0.0 2.0 0.0 35.0 1.0 0.0 0.6876227897838899
49 33 37 0.0 0.0 0.0 0.0 73.0 0.0 0.0 0.6756756756756755
49 33 38 0.0 0.0 125.0 0.0 4058.0 20.0 197.0 0.22708840227088398
49 33 39 0.0 0.0 55.0 0.0 985.0 14.0 7.0 0.4626569729015201
49 33 40 0.0 0.0 15.0 0.0 378.0 6.0 0.0 0.5867560771165129
49 33 41 0.0 0.0 5.0 0.0 305.0 0.0 0.0 0.6063230835859679
49 33 42 0.0 0.0 80.0 0.0 1646.0 9.0 13.0 0.3767491926803013
49 33 43 0.0 0.0 23.0 0.0 590.0 7.0 2.0 0.5374280230326295
49 33 44 0.0 0.0 82.0 0.0 1729.0 10.0 13.0 0.3682272488164124
49 33 46 0.0 0.0 0.0 0.0 2.0 0.0 0.0 0.6993006993006992
49 33 47 0.0 0.0 0.0 0.0 3.0 0.0 0.0 0.6989515726410384
49 34 32 0.0 0.0 0.0 0.0 7.0 0.0 0.0 0.6975585450921773
49 34 33 0.0 0.0 0.0 0.0 20.0 0.0 0.0 0.6930693069306929
49 34 34 0.0 0.0 0.0 0.0 15.0 0.0 0.0 0.694789081885856
49 34 35 0.0 0.0 18.0 0.0 548.0 2.0 1.0 0.5460218408736348
49 34 36 0.0 0.0 152.0 0.0 3617.0 14.0 97.0 0.2432244614315496
49 34 37 0.0 0.0 48.0 0.0 1452.0 7.0 4.0 0.4006868918145391
49 34 38 0.0 0.0 142.0 0.0 3550.0 18.0 119.0 0.24673951357067322
49 34 39 0.0 0.0 251.0 0.0 5036.0 25.0 249.0 0.19273127753303965
49 34 40 0.0 0.0 152.0 0.0 3608.0 19.0 100.0 0.24377503047187876
49 34 41 0.0 0.0 296.0 0.0 6505.0 22.0 590.0 0.15945330296127558
49 34 42 0.0 0.0 242.0 0.0 5398.0 22.0 341.0 0.18365472910927455
49 34 43 0.0 0.0 193.0 0.0 4705.0 16.0 183.0 0.20342923568730018
49 34 44 0.0 0.0 19.0 0.0 487.0 7.0 0.0 0.5602240896358542
49 34 45 0.0 0.0 22.0 0.0 362.0 9.0 0.0 0.5894736842105263
49 34 46 0.0 0.0 0.0 0.0 39.0 0.0 0.0 0.6866110838646394
49 34 47 0.0 0.0 0.0 0.0 5.0 0.0 0.0 0.6982543640897755
49 35 32 0.0 0.0 0.0 0.0 10.0 0.0 0.0 0.6965174129353233
49 35 33 0.0 0.0 0.0 0.0 12.0 0.0 0.0 0.6958250497017892
49 35 34 0.0 0.0 6.0 0.0 238.0 1.0 0.0 0.6241640659830583
49 35 35 0.0 0.0 34.0 0.0 834.0 11.0 1.0 0.48985304408677394
49 35 36 0.0 0.0 14.0 0.0 455.0 5.0 0.0 0.5681818181818181
49 35 37 0.0 0.0 126.0 0.0 2860.0 14.0 75.0 0.2814636107760353
49 35 38 0.0 0.0 521.0 0.0 9836.0 20.0 2356.0 0.1133878674981777
49 35 39 0.0 0.0 649.0 0.0 11408.0 27.0 4310.0 0.09969379762159081
49 35 40 0.0 0.0 532.0 0.0 10132.0 26.0 2451.0 0.11069818929390368
49 35 41 0.0 0.0 275.0 0.0 6495.0 16.0 538.0 0.15979910969067454
49 35 42 0.0 0.0 241.0 0.0 5957.0 18.0 406.0 0.17108639863130878
49 35 43 0.0 0.0 505.0 0.0 9773.0 28.0 2226.0 0.11418318244841366
49 35 44 0.0 0.0 184.0 0.0 4146.0 13.0 152.0 0.2215540433612913
49 35 45 0.0 0.0 114.0 0.0 2786.0 11.0 52.0 0.28635712824708526
49 35 46 0.0 0.0 35.0 0.0 767.0 12.0 1.0 0.5019720329867334
49 35 47 0.0 0.0 0.0 0.0 6.0 0.0 0.0 0.6979062811565303
49 36 32 0.0 0.0 1.0 0.0 32.0 2.0 0.0 0.6893156080748399
49 36 33 0.0 0.0 0.0 0.0 6.0 0.0 0.0 0.6979062811565303
49 36 34 0.0 0.0 23.0 0.0 511.0 3.0 0.0 0.5531410509679968
49 36 35 0.0 0.0 240.0 0.0 5426.0 18.0 360.0 0.18291089626339166
49 36 36 0.0 0.0 113.0 0.0 2758.0 18.0 45.0 0.2886002886002886
49 36 37 0.0 0.0 97.0 0.0 2710.0 20.0 62.0 0.2922755741127348
49 36 38 0.0 0.0 219.0 0.0 5492.0 15.0 338.0 0.18186541958950375
49 36 39 0.0 0.0 718.0 0.0 11770.0 33.0 4256.0 0.09675858732462504
49 36 40 0.0 0.0 573.0 0.0 10486.0 29.0 2734.0 0.10739490641301011
49 36 41 0.0 0.0 649.0 0.0 10970.0 18.0 2987.0 0.10284287078527878
49 36 42 0.0 0.0 330.0 0.0 7523.0 13.0 906.0 0.14218972171440175
49 36 43 0.0 0.0 432.0 0.0 8761.0 18.0 1330.0 0.12519002056693193
49 36 44 0.0 0.0 300.0 0.0 6142.0 20.0 433.0 0.16621156357592304
49 36 45 0.0 0.0 74.0 0.0 1793.0 12.0 26.0 0.36307053941908707
49 36 46 0.0 0.0 4.0 0.0 216.0 1.0 0.0 0.6311992786293958
49 36 47 0.0 0.0 1.0 0.0 91.0 1.0 0.0 0.669536107125777
49 36 48 0.0 0.0 1.0 0.0 21.0 0.0 0.0 0.6923837784371908
49 37 32 0.0 0.0 0.0 0.0 1.0 0.0 0.0 0.6996501749125437
49 37 33 0.0 0.0 0.0 0.0 10.0 0.0 0.0 0.6965174129353233
49 37 34 0.0 0.0 70.0 0.0 1453.0 12.0 9.0 0.39897406668566543
49 37 35 0.0 0.0 9.0 0.0 621.0 3.0 2.0 0.5329272934906736
49 37 36 0.0 0.0 361.0 0.0 6799.0 32.0 558.0 0.1533406352683461
49 37 37 0.0 0.0 306.0 0.0 6787.0 27.0 676.0 0.1543720366082258
49 37 38 0.0 0.0 241.0 0.0 5709.0 29.0 442.0 0.17667844522968196
49 37 39 0.0 0.0 736.0 0.0 11955.0 27.0 5352.0 0.09536784741144413
49 37 40 0.0 0.0 1058.0 0.0 13020.0 32.0 10490.0 0.08707550690384375
49 37 41 0.0 0.0 960.0 0.0 13192.0 34.0 7329.0 0.08671415298854133
49 37 42 0.0 0.0 925.0 0.0 12882.0 27.0 7002.0 0.08859077390368916
49 37 43 0.0 0.0 823.0 0.0 12349.0 25.0 7646.0 0.09228740936058008
49 37 44 0.0 0.0 387.0 0.0 8510.0 22.0 1332.0 0.12872379551305624
49 37 45 0.0 0.0 457.0 0.0 8743.0 17.0 1448.0 0.12511170688114387
49 37 46 0.0 0.0 164.0 0.0 4365.0 10.0 179.0 0.21472392638036808
49 37 47 0.0 0.0 14.0 0.0 311.0 1.0 1.0 0.6024096385542168
49 37 48 0.0 0.0 6.0 0.0 28.0 1.0 0.0 0.6886374815543531
49 38 32 0.0 0.0 0.0 0.0 2.0 0.0 0.0 0.6993006993006992
49 38 33 0.0 0.0 0.0 0.0 9.0 0.0 0.0 0.6968641114982577
49 38 34 0.0 0.0 1.0 0.0 100.0 0.0 0.0 0.6673021925643469
49 38 35 0.0 0.0 68.0 0.0 1590.0 11.0 14.0 0.38387715930902105
49 38 36 0.0 0.0 434.0 0.0 9247.0 24.0 1895.0 0.11999657152652779
49 38 37 0.0 0.0 465.0 0.0 9140.0 28.0 1645.0 0.12076252911239539
49 38 38 0.0 0.0 629.0 0.0 10937.0 27.0 3180.0 0.10337443697851287
49 38 39 0.0 0.0 413.0 0.0 8740.0 20.0 1491.0 0.12569581612497752
49 38 40 0.0 0.0 769.0 0.0 12266.0 26.0 6293.0 0.09312845074170158
49 38 41 0.0 0.0 679.0 0.0 11827.0 34.0 4552.0 0.09657170449058425
49 38 42 0.0 0.0 459.0 0.0 9092.0 21.0 1642.0 0.12132767137533579
49 38 43 0.0 0.0 834.0 0.0 12466.0 31.0 6195.0 0.09159905783826222
49 38 44 0.0 0.0 419.0 0.0 8775.0 20.0 1479.0 0.12519002056693193
49 38 45 0.0 0.0 804.0 0.0 12318.0 36.0 6581.0 0.09268454154253558
49 38 46 0.0 0.0 304.0 0.0 6186.0 25.0 479.0 0.16532829475673122
49 38 47 0.0 0.0 11.0 0.0 426.0 1.0 0.0 0.5744768157570782
49 38 48 0.0 0.0 0.0 0.0 4.0 0.0 0.0 0.6986027944111775
49 39 32 0.0 0.0 0.0 0.0 2.0 0.0 0.0 0.6993006993006992
49 39 33 0.0 0.0 0.0 0.0 71.0 1.0 0.0 0.6766553890768486
49 39 34 0.0 0.0 104.0 0.0 2489.0 12.0 39.0 0.3055434308162374
49 39 35 0.0 0.0 111.0 0.0 2688.0 21.0 40.0 0.2930709650408206
49 39 36 0.0 0.0 116.0 0.0 2664.0 11.0 61.0 0.29368575624082227
49 39 37 0.0 0.0 476.0 0.0 9548.0 22.0 2102.0 0.11655011655011653
49 39 38 0.0 0.0 275.0 0.0 6082.0 16.0 413.0 0.16782546152001915
49 39 39 0.0 0.0 654.0 0.0 11425.0 22.0 4418.0 0.0994671403197158
49 39 40 0.0 0.0 622.0 0.0 11179.0 28.0 3638.0 0.1015965166908563
49 39 41 0.0 0.0 346.0 0.0 7236.0 29.0 725.0 0.14644351464435146
49 39 42 0.0 0.0 611.0 0.0 10914.0 22.0 3445.0 0.10361160449970395
49 39 43 0.0 0.0 986.0 0.0 12958.0 34.0 9714.0 0.0878293601003764
49 39 44 0.0 0.0 691.0 0.0 11468.0 21.0 3967.0 0.09891895711156644
49 39 45 0.0 0.0 434.0 0.0 8077.0 27.0 1009.0 0.13342228152101399
49 39 46 0.0 0.0 136.0 0.0 3183.0 18.0 76.0 0.26410111299754757
49 39 47 0.0 0.0 10.0 0.0 213.0 4.0 0.0 0.6309148264984226
49 39 48 0.0 0.0 18.0 0.0 208.0 4.0 0.0 0.63006300630063
49 39 49 0.0 0.0 0.0 0.0 2.0 0.0 0.0 0.6993006993006992
49 40 32 0.0 0.0 2.0 0.0 30.0 0.0 0.0 0.6889763779527558
49 40 33 0.0 0.0 23.0 0.0 467.0 5.0 1.0 0.5633802816901408
49 40 34 0.0 0.0 27.0 0.0 830.0 5.0 3.0 0.49088359046283303
49 40 35 0.0 0.0 287.0 0.0 6373.0 18.0 500.0 0.16184971098265893
49 40 36 0.0 0.0 283.0 0.0 6063.0 15.0 415.0 0.16796640671865623
49 40 37 0.0 0.0 342.0 0.0 7760.0 20.0 1064.0 0.13876499157498262
49 40 38 0.0 0.0 348.0 0.0 7403.0 18.0 814.0 0.14375192524899885
49 40 39 0.0 0.0 481.0 0.0 9235.0 27.0 1604.0 0.1196785775346213
49 40 40 0.0 0.0 467.0 0.0 9488.0 23.0 2075.0 0.11719403984597353
49 40 41 0.0 0.0 417.0 0.0 8884.0 18.0 1779.0 0.12397060125741609
49 40 42 0.0 0.0 232.0 0.0 5715.0 18.0 404.0 0.17645576002016633
49 40 43 0.0 0.0 953.0 0.0 12823.0 24.0 8311.0 0.08874239350912777
49 40 44 0.0 0.0 249.0 0.0 5552.0 21.0 347.0 0.17985611510791366
49 40 45 0.0 0.0 240.0 0.0 5042.0 21.0 278.0 0.19270474879559527
49 40 46 0.0 0.0 7.0 0.0 561.0 4.0 0.0 0.5462348809988293
49 40 47 0.0 0.0 7.0 0.0 135.0 2.0 0.0 0.6545114539504441
49 40 48 0.0 0.0 26.0 0.0 576.0 5.0 0.0 0.5390835579514823
49 41 32 0.0 0.0 0.0 0.0 5.0 0.0 0.0 0.6982543640897755
49 41 33 0.0 0.0 0.0 0.0 48.0 1.0 0.0 0.6839276990718123
49 41 34 0.0 0.0 31.0 0.0 840.0 10.0 1.0 0.4893393918210415
49 41 35 0.0 0.0 234.0 0.0 4817.0 23.0 216.0 0.19920318725099598
49 41 36 0.0 0.0 284.0 0.0 6796.0 15.0 742.0 0.15442311934701078
49 41 37 0.0 0.0 222.0 0.0 4780.0 21.0 226.0 0.20051561157261527
49 41 38 0.0 0.0 372.0 0.0 7558.0 24.0 872.0 0.14122868959951576
49 41 39 0.0 0.0 356.0 0.0 8022.0 23.0 1102.0 0.13518733101583622
49 41 40 0.0 0.0 433.0 0.0 8180.0 24.0 948.0 0.13215027373985272
49 41 41 0.0 0.0 291.0 0.0 6299.0 19.0 541.0 0.1632272356301737
49 41 42 0.0 0.0 177.0 0.0 4312.0 25.0 190.0 0.21651716671821833
49 41 43 0.0 0.0 418.0 0.0 8466.0 28.0 1254.0 0.12884226026136572
49 41 44 0.0 0.0 106.0 0.0 2633.0 16.0 51.0 0.2965473416649015
49 41 45 0.0 0.0 22.0 0.0 666.0 4.0 1.0 0.5216095380029805
49 41 46 0.0 0.0 338.0 0.0 6895.0 17.0 720.0 0.15179442697603812
49 41 47 0.0 0.0 5.0 0.0 115.0 3.0 0.0 0.6613131790269249
49 41 48 0.0 0.0 10.0 0.0 154.0 2.0 0.0 0.6475485661424606
49 42 32 0.0 0.0 0.0 0.0 2.0 0.0 0.0 0.6993006993006992
49 42 33 0.0 0.0 0.0 0.0 23.0 0.0 0.0 0.6920415224913494
49 42 34 0.0 0.0 29.0 0.0 685.0 3.0 3.0 0.5166051660516604
49 42 35 0.0 0.0 242.0 0.0 4961.0 18.0 216.0 0.19476905954368387
49 42 36 0.0 0.0 97.0 0.0 2417.0 15.0 30.0 0.31111111111111106
49 42 37 0.0 0.0 379.0 0.0 7920.0 23.0 1019.0 0.1362000194571456
49 42 38 0.0 0.0 249.0 0.0 5674.0 23.0 375.0 0.17723762501582477
49 42 39 0.0 0.0 535.0 0.0 9999.0 24.0 2346.0 0.11174968071519795
49 42 40 0.0 0.0 289.0 0.0 6683.0 21.0 661.0 0.1563197856185797
49 42 41 0.0 0.0 393.0 0.0 8135.0 23.0 1045.0 0.13320647002854422
49 42 42 0.0 0.0 226.0 0.0 5204.0 20.0 290.0 0.18878101402373243
49 42 43 0.0 0.0 189.0 0.0 4656.0 27.0 225.0 0.20521841102316032
49 42 44 0.0 0.0 57.0 0.0 1118.0 13.0 2.0 0.44275774826059444
49 42 45 0.0 0.0 2.0 0.0 72.0 2.0 0.0 0.6760019314340897
49 42 46 0.0 0.0 5.0 0.0 169.0 3.0 1.0 0.64486411791801
49 42 47 0.0 0.0 84.0 0.0 1868.0 16.0 20.0 0.355691056910569
49 42 48 0.0 0.0 0.0 0.0 8.0 0.0 0.0 0.697211155378486
49 43 33 0.0 0.0 0.0 0.0 1.0 0.0 0.0 0.6996501749125437
49 43 34 0.0 0.0 12.0 0.0 499.0 3.0 0.0 0.5582137161084528
49 43 35 0.0 0.0 427.0 0.0 8442.0 16.0 1445.0 0.12891344383057088
49 43 36 0.0 0.0 169.0 0.0 3697.0 19.0 90.0 0.2393571550692426
49 43 37 0.0 0.0 130.0 0.0 3324.0 14.0 92.0 0.25740025740025735
49 43 38 0.0 0.0 564.0 0.0 10373.0 18.0 3016.0 0.10830045640906628
49 43 39 0.0 0.0 426.0 0.0 8020.0 13.0 1043.0 0.13404825737265413
49 43 40 0.0 0.0 709.0 0.0 11640.0 44.0 3516.0 0.09769032168027351
49 43 41 0.0 0.0 549.0 0.0 10116.0 24.0 2288.0 0.11061072924073634
49 43 42 0.0 0.0 183.0 0.0 4424.0 18.0 183.0 0.21247533768401877
49 43 43 0.0 0.0 19.0 0.0 430.0 2.0 0.0 0.5721291377196566
49 43 44 0.0 0.0 7.0 0.0 184.0 2.0 0.0 0.639561443581544
49 43 45 0.0 0.0 2.0 0.0 49.0 0.0 0.0 0.68259385665529
49 43 46 0.0 0.0 0.0 0.0 5.0 0.0 0.0 0.6982543640897755
49 43 47 0.0 0.0 0.0 0.0 3.0 0.0 0.0 0.6989515726410384
49 43 48 0.0 0.0 5.0 0.0 59.0 1.0 0.0 0.6786233640329616
49 44 33 0.0 0.0 0.0 0.0 1.0 0.0 0.0 0.6996501749125437
49 44 34 0.0 0.0 22.0 0.0 710.0 5.0 1.0 0.5133846718005133
49 44 35 0.0 0.0 21.0 0.0 537.0 5.0 0.0 0.5488043904351234
49 44 36 0.0 0.0 248.0 0.0 5217.0 20.0 244.0 0.18802041364491
49 44 37 0.0 0.0 462.0 0.0 8703.0 21.0 1361.0 0.12551551013089474
49 44 38 0.0 0.0 297.0 0.0 6547.0 19.0 557.0 0.158586316266425
49 44 39 0.0 0.0 377.0 0.0 7714.0 18.0 1006.0 0.13893023717376202
49 44 40 0.0 0.0 562.0 0.0 10165.0 21.0 2626.0 0.11007154650522838
49 44 41 0.0 0.0 317.0 0.0 6399.0 21.0 491.0 0.16101207590569291
49 44 42 0.0 0.0 142.0 0.0 3544.0 13.0 128.0 0.2467830072272166
49 44 43 0.0 0.0 172.0 0.0 3570.0 18.0 80.0 0.24454148471615716
49 44 44 0.0 0.0 9.0 0.0 190.0 1.0 0.0 0.6369426751592355
49 44 45 0.0 0.0 0.0 0.0 16.0 0.0 0.0 0.6944444444444444
49 44 46 0.0 0.0 9.0 0.0 85.0 1.0 0.0 0.668896321070234
49 44 47 0.0 0.0 0.0 0.0 2.0 0.0 0.0 0.6993006993006992
49 45 34 0.0 0.0 8.0 0.0 158.0 5.0 1.0 0.6478482184173993
49 45 35 0.0 0.0 99.0 0.0 2410.0 15.0 36.0 0.3115958157133318
49 45 36 0.0 0.0 47.0 0.0 1363.0 9.0 10.0 0.4116436342252278
49 45 37 0.0 0.0 245.0 0.0 5338.0 19.0 308.0 0.18506278916060806
49 45 38 0.0 0.0 463.0 0.0 9134.0 23.0 1714.0 0.12088766082376304
49 45 39 0.0 0.0 145.0 0.0 4229.0 16.0 184.0 0.22005658597925176
49 45 40 0.0 0.0 365.0 0.0 7182.0 27.0 636.0 0.1469816272965879
49 45 41 0.0 0.0 41.0 0.0 1171.0 14.0 9.0 0.4377736085053157
49 45 42 0.0 0.0 37.0 0.0 850.0 9.0 4.0 0.48661800486617995
49 45 43 0.0 0.0 6.0 0.0 129.0 2.0 0.0 0.6563525550867322
49 45 44 0.0 0.0 3.0 0.0 69.0 0.0 0.0 0.6756756756756755
49 45 45 0.0 0.0 0.0 0.0 24.0 0.0 0.0 0.6916996047430829
49 45 46 0.0 0.0 1.0 0.0 17.0 1.0 0.0 0.694100148735746
49 46 34 0.0 0.0 1.0 0.0 42.0 1.0 0.0 0.6856023506366307
49 46 35 0.0 0.0 0.0 0.0 57.0 1.0 0.0 0.6809338521400777
49 46 36 0.0 0.0 10.0 0.0 408.0 1.0 0.0 0.5792304509722795
49 46 37 0.0 0.0 82.0 0.0 2335.0 5.0 46.0 0.31731640979147774
49 46 38 0.0 0.0 170.0 0.0 4446.0 18.0 194.0 0.2121533565691771
49 46 39 0.0 0.0 132.0 0.0 3574.0 15.0 93.0 0.24595924104005618
49 46 40 0.0 0.0 68.0 0.0 1692.0 8.0 12.0 0.3731343283582089
49 46 41 0.0 0.0 157.0 0.0 3253.0 21.0 99.0 0.2597884579699387
49 46 42 0.0 0.0 43.0 0.0 834.0 7.0 0.0 0.48780487804878037
49 46 43 0.0 0.0 0.0 0.0 8.0 0.0 0.0 0.697211155378486
49 46 44 0.0 0.0 1.0 0.0 13.0 1.0 0.0 0.695479384003974
49 46 45 0.0 0.0 0.0 0.0 9.0 0.0 0.0 0.6968641114982577
49 46 46 0.0 0.0 0.0 0.0 5.0 0.0 0.0 0.6982543640897755
49 47 34 0.0 0.0 0.0 0.0 7.0 0.0 0.0 0.6975585450921773
49 47 35 0.0 0.0 110.0 0.0 2247.0 15.0 34.0 0.322432058959005
49 47 36 0.0 0.0 25.0 0.0 447.0 4.0 0.0 0.5672609400324148
49 47 37 0.0 0.0 167.0 0.0 3425.0 26.0 87.0 0.2514819471887911
49 47 38 0.0 0.0 10.0 0.0 384.0 5.0 1.0 0.5860192549183758
49 47 39 0.0 0.0 136.0 0.0 3407.0 16.0 92.0 0.253210345451257
49 47 40 0.0 0.0 41.0 0.0 1145.0 7.0 10.0 0.44039005976722234
49 47 41 0.0 0.0 28.0 0.0 518.0 7.0 0.0 0.5516154452324664
49 47 42 0.0 0.0 0.0 0.0 24.0 0.0 0.0 0.6916996047430829
49 47 43 0.0 0.0 0.0 0.0 1.0 0.0 0.0 0.6996501749125437
49 47 44 0.0 0.0 0.0 0.0 2.0 0.0 0.0 0.6993006993006992
49 48 35 0.0 0.0 0.0 0.0 1.0 0.0 0.0 0.6996501749125437
49 48 36 0.0 0.0 0.0 0.0 14.0 0.0 0.0 0.6951340615690167
49 48 37 0.0 0.0 0.0 0.0 33.0 1.0 0.0 0.6893156080748399
49 48 38 0.0 0.0 261.0 0.0 5266.0 18.0 261.0 0.18631887143997866
49 48 39 0.0 0.0 2.0 0.0 65.0 1.0 0.0 0.6779661016949151
49 48 40 0.0 0.0 1.0 0.0 63.0 0.0 0.0 0.6786233640329616
49 48 41 0.0 0.0 1.0 0.0 46.0 0.0 0.0 0.6842619745845552
49 48 42 0.0 0.0 0.0 0.0 16.0 0.0 0.0 0.6944444444444444
49 49 37 0.0 0.0 0.0 0.0 14.0 0.0 0.0 0.6951340615690167
49 49 38 0.0 0.0 0.0 0.0 6.0 0.0 0.0 0.6979062811565303
49 49 39 0.0 0.0 0.0 0.0 3.0 0.0 0.0 0.6989515726410384
49 49 40 0.0 0.0 0.0 0.0 1.0 0.0 0.0 0.6996501749125437
49 49 41 0.0 0.0 0.0 0.0 2.0 0.0 0.0 0.6993006993006992
49 49 42 0.0 0.0 0.0 0.0 1.0 0.0 0.0 0.6996501749125437
49 49 43 0.0 0.0 0.0 0.0 1.0 0.0 0.0 0.6996501749125437
50 31 40 0.0 0.0 0.0 0.0 6.0 0.0 0.0 0.6979062811565303
50 32 37 0.0 0.0 0.0 0.0 6.0 0.0 0.0 0.6979062811565303
50 32 38 0.0 0.0 0.0 0.0 2.0 0.0 0.0 0.6993006993006992
50 32 39 0.0 0.0 0.0 0.0 7.0 0.0 0.0 0.6975585450921773
50 32 40 0.0 0.0 0.0 0.0 5.0 0.0 0.0 0.6982543640897755
50 32 43 0.0 0.0 0.0 0.0 2.0 0.0 0.0 0.6993006993006992
50 32 44 0.0 0.0 0.0 0.0 1.0 0.0 0.0 0.6996501749125437
50 33 35 0.0 0.0 0.0 0.0 2.0 0.0 0.0 0.6993006993006992
50 33 36 0.0 0.0 0.0 0.0 3.0 0.0 0.0 0.6989515726410384
50 33 37 0.0 0.0 0.0 0.0 8.0 0.0 0.0 0.697211155378486
50 33 38 0.0 0.0 1.0 0.0 16.0 0.0 0.0 0.694100148735746
50 33 39 0.0 0.0 2.0 0.0 71.0 0.0 0.0 0.6753497346840327
50 33 40 0.0 0.0 1.0 0.0 44.0 1.0 0.0 0.6852667645619186
50 33 41 0.0 0.0 0.0 0.0 12.0 0.0 0.0 0.6958250497017892
50 33 42 0.0 0.0 0.0 0.0 15.0 0.0 0.0 0.694789081885856
50 33 43 0.0 0.0 1.0 0.0 12.0 0.0 0.0 0.695479384003974
50 33 44 0.0 0.0 11.0 0.0 226.0 3.0 0.0 0.6266786034019695
50 34 35 0.0 0.0 0.0 0.0 2.0 0.0 0.0 0.6993006993006992
50 34 36 0.0 0.0 0.0 0.0 4.0 0.0 0.0 0.6986027944111775
50 34 37 0.0 0.0 1.0 0.0 55.0 0.0 0.0 0.6809338521400777
50 34 38 0.0 0.0 96.0 0.0 2648.0 11.0 65.0 0.2957954785548278
50 34 39 0.0 0.0 1.0 0.0 134.0 0.0 0.0 0.6557377049180326
50 34 40 0.0 0.0 239.0 0.0 5032.0 27.0 253.0 0.1932100469224399
50 34 41 0.0 0.0 1.0 0.0 86.0 1.0 0.0 0.6711409395973154
50 34 42 0.0 0.0 77.0 0.0 1985.0 13.0 16.0 0.3457643862682143
50 34 43 0.0 0.0 2.0 0.0 83.0 0.0 0.0 0.6714628297362109
50 34 44 0.0 0.0 0.0 0.0 35.0 0.0 0.0 0.6879606879606879
50 34 45 0.0 0.0 0.0 0.0 1.0 0.0 0.0 0.6996501749125437
50 35 34 0.0 0.0 0.0 0.0 3.0 0.0 0.0 0.6989515726410384
50 35 35 0.0 0.0 0.0 0.0 9.0 0.0 0.0 0.6968641114982577
50 35 36 0.0 0.0 0.0 0.0 13.0 0.0 0.0 0.695479384003974
50 35 37 0.0 0.0 0.0 0.0 51.0 0.0 0.0 0.68259385665529
50 35 38 0.0 0.0 69.0 0.0 1524.0 20.0 15.0 0.39193729003359457
50 35 39 0.0 0.0 130.0 0.0 2610.0 19.0 35.0 0.29642176582680496
50 35 40 0.0 0.0 132.0 0.0 2949.0 17.0 56.0 0.2764067127344521
50 35 41 0.0 0.0 26.0 0.0 635.0 4.0 2.0 0.5271084337349397
50 35 42 0.0 0.0 26.0 0.0 486.0 7.0 1.0 0.5591054313099041
50 35 43 0.0 0.0 5.0 0.0 121.0 0.0 0.0 0.6585136406396989
50 35 44 0.0 0.0 13.0 0.0 382.0 3.0 0.0 0.5852842809364547
50 35 45 0.0 0.0 10.0 0.0 93.0 3.0 0.0 0.6666666666666665
50 35 46 0.0 0.0 0.0 0.0 1.0 0.0 0.0 0.6996501749125437
50 36 34 0.0 0.0 0.0 0.0 4.0 0.0 0.0 0.6986027944111775
50 36 35 0.0 0.0 0.0 0.0 16.0 0.0 0.0 0.694789081885856
50 36 36 0.0 0.0 1.0 0.0 40.0 0.0 0.0 0.6859382655560998
50 36 37 0.0 0.0 29.0 0.0 688.0 5.0 4.0 0.5162241887905604
50 36 38 0.0 0.0 66.0 0.0 1378.0 11.0 9.0 0.4079254079254079
50 36 39 0.0 0.0 109.0 0.0 2606.0 15.0 54.0 0.2978089768134439
50 36 40 0.0 0.0 309.0 0.0 6528.0 18.0 497.0 0.15874815738745884
50 36 41 0.0 0.0 104.0 0.0 2485.0 18.0 37.0 0.30641278179032605
50 36 42 0.0 0.0 161.0 0.0 3800.0 16.0 103.0 0.23545240497813652
50 36 43 0.0 0.0 55.0 0.0 1352.0 14.0 12.0 0.41273584905660365
50 36 44 0.0 0.0 229.0 0.0 5071.0 17.0 279.0 0.1921757035003431
50 36 45 0.0 0.0 22.0 0.0 437.0 5.0 0.0 0.5707297187117814
50 36 46 0.0 0.0 0.0 0.0 25.0 0.0 0.0 0.6913580246913579
50 36 47 0.0 0.0 3.0 0.0 72.0 2.0 0.0 0.6753497346840327
50 37 34 0.0 0.0 0.0 0.0 1.0 0.0 0.0 0.6996501749125437
50 37 35 0.0 0.0 3.0 0.0 63.0 1.0 0.0 0.6779661016949151
50 37 36 0.0 0.0 5.0 0.0 202.0 1.0 0.0 0.6346328195829555
50 37 37 0.0 0.0 75.0 0.0 1818.0 10.0 23.0 0.36045314109165805
50 37 38 0.0 0.0 52.0 0.0 1262.0 6.0 10.0 0.4234724742891712
50 37 39 0.0 0.0 291.0 0.0 6053.0 16.0 433.0 0.1680067202688107
50 37 40 0.0 0.0 398.0 0.0 7940.0 26.0 1135.0 0.1356326293354001
50 37 41 0.0 0.0 358.0 0.0 7759.0 22.0 1022.0 0.13857270117786794
50 37 42 0.0 0.0 108.0 0.0 2692.0 13.0 46.0 0.2925198495612202
50 37 43 0.0 0.0 331.0 0.0 6711.0 11.0 577.0 0.15495296070835637
50 37 44 0.0 0.0 326.0 0.0 7412.0 17.0 965.0 0.14387010584729212
50 37 45 0.0 0.0 22.0 0.0 630.0 3.0 1.0 0.5287009063444108
50 37 46 0.0 0.0 11.0 0.0 526.0 3.0 2.0 0.5524861878453038
50 37 47 0.0 0.0 0.0 0.0 9.0 0.0 0.0 0.6968641114982577
50 37 48 0.0 0.0 0.0 0.0 1.0 0.0 0.0 0.0
50 38 33 0.0 0.0 0.0 0.0 4.0 0.0 0.0 0.6986027944111775
50 38 34 0.0 0.0 0.0 0.0 5.0 0.0 0.0 0.6982543640897755
50 38 35 0.0 0.0 16.0 0.0 349.0 3.0 2.0 0.592718035563082
50 38 36 0.0 0.0 39.0 0.0 975.0 7.0 5.0 0.4655803126039241
50 38 37 0.0 0.0 37.0 0.0 862.0 9.0 2.0 0.4844290657439445
50 38 38 0.0 0.0 246.0 0.0 4898.0 20.0 185.0 0.1964360881156166
50 38 39 0.0 0.0 400.0 0.0 8427.0 21.0 1293.0 0.1294618087664139
50 38 40 0.0 0.0 778.0 0.0 11860.0 31.0 4651.0 0.0956937799043062
50 38 41 0.0 0.0 224.0 0.0 5200.0 20.0 300.0 0.1890103955717564
50 38 42 0.0 0.0 203.0 0.0 4419.0 12.0 182.0 0.2117362371445856
50 38 43 0.0 0.0 218.0 0.0 4619.0 18.0 188.0 0.20527859237536653
50 38 44 0.0 0.0 296.0 0.0 6592.0 14.0 603.0 0.15774647887323942
50 38 45 0.0 0.0 168.0 0.0 3552.0 15.0 115.0 0.24539877300613494
50 38 46 0.0 0.0 75.0 0.0 1851.0 11.0 21.0 0.3575989782886334
50 38 47 0.0 0.0 0.0 0.0 17.0 0.0 0.0 0.694100148735746
50 39 34 0.0 0.0 0.0 0.0 14.0 0.0 0.0 0.6951340615690167
50 39 35 0.0 0.0 4.0 0.0 120.0 2.0 0.0 0.6597549481621111
50 39 36 0.0 0.0 20.0 0.0 483.0 6.0 0.0 0.5606728073688425
50 39 37 0.0 0.0 48.0 0.0 1156.0 11.0 11.0 0.43845912934544307
50 39 38 0.0 0.0 261.0 0.0 5140.0 29.0 230.0 0.18980477223427328
50 39 39 0.0 0.0 242.0 0.0 5634.0 15.0 351.0 0.1780264496439471
50 39 40 0.0 0.0 173.0 0.0 3978.0 17.0 147.0 0.22823606129768498
50 39 41 0.0 0.0 156.0 0.0 3746.0 18.0 118.0 0.2379738228794832
50 39 42 0.0 0.0 102.0 0.0 2520.0 11.0 41.0 0.30381944444444436
50 39 43 0.0 0.0 337.0 0.0 7633.0 27.0 842.0 0.14067524115755625
50 39 44 0.0 0.0 581.0 0.0 10380.0 20.0 3134.0 0.10802469135802467
50 39 45 0.0 0.0 22.0 0.0 842.0 5.0 3.0 0.48968170689052104
50 39 46 0.0 0.0 116.0 0.0 2344.0 14.0 38.0 0.31474820143884885
50 39 47 0.0 0.0 1.0 0.0 27.0 1.0 0.0 0.6906758756783422
50 40 33 0.0 0.0 0.0 0.0 1.0 0.0 0.0 0.6996501749125437
50 40 34 0.0 0.0 2.0 0.0 44.0 0.0 0.0 0.6842619745845552
50 40 35 0.0 0.0 0.0 0.0 37.0 1.0 0.0 0.6879606879606879
50 40 36 0.0 0.0 14.0 0.0 458.0 4.0 1.0 0.5672609400324148
50 40 37 0.0 0.0 37.0 0.0 892.0 7.0 4.0 0.47912388774811765
50 40 38 0.0 0.0 171.0 0.0 3732.0 15.0 112.0 0.23765065353929724
50 40 39 0.0 0.0 200.0 0.0 4144.0 21.0 129.0 0.22130888397091364
50 40 40 0.0 0.0 199.0 0.0 4711.0 23.0 216.0 0.2031930333817126
50 40 41 0.0 0.0 14.0 0.0 338.0 1.0 2.0 0.5954912803062525
50 40 42 0.0 0.0 266.0 0.0 5748.0 19.0 369.0 0.1750218777347168
50 40 43 0.0 0.0 194.0 0.0 4838.0 21.0 209.0 0.19962925994581487
50 40 44 0.0 0.0 105.0 0.0 2573.0 14.0 34.0 0.3001715265866209
50 40 45 0.0 0.0 48.0 0.0 1416.0 6.0 13.0 0.40497541220711597
50 40 46 0.0 0.0 91.0 0.0 1759.0 10.0 15.0 0.3645833333333333
50 40 47 0.0 0.0 0.0 0.0 15.0 1.0 0.0 0.6951340615690167
50 41 33 0.0 0.0 0.0 0.0 1.0 0.0 0.0 0.6996501749125437
50 41 34 0.0 0.0 0.0 0.0 20.0 0.0 0.0 0.6930693069306929
50 41 35 0.0 0.0 2.0 0.0 73.0 0.0 1.0 0.6746987951807227
50 41 36 0.0 0.0 0.0 0.0 62.0 0.0 0.0 0.6789524733268669
50 41 37 0.0 0.0 13.0 0.0 271.0 2.0 1.0 0.6134969325153373
50 41 38 0.0 0.0 17.0 0.0 422.0 2.0 0.0 0.5744768157570782
50 41 39 0.0 0.0 13.0 0.0 424.0 6.0 2.0 0.5761316872427983
50 41 40 0.0 0.0 54.0 0.0 1070.0 5.0 7.0 0.4488618146841936
50 41 41 0.0 0.0 92.0 0.0 2448.0 9.0 47.0 0.30891438658428944
50 41 42 0.0 0.0 81.0 0.0 1994.0 13.0 26.0 0.3449125400344912
50 41 43 0.0 0.0 114.0 0.0 2993.0 7.0 92.0 0.27445598902176044
50 41 44 0.0 0.0 25.0 0.0 681.0 5.0 1.0 0.5183265457238059
50 41 45 0.0 0.0 1.0 0.0 54.0 0.0 0.0 0.6812652068126519
50 41 46 0.0 0.0 0.0 0.0 22.0 0.0 0.0 0.6923837784371908
50 41 47 0.0 0.0 1.0 0.0 34.0 0.0 0.0 0.6879606879606879
50 42 33 0.0 0.0 0.0 0.0 1.0 0.0 0.0 0.6996501749125437
50 42 34 0.0 0.0 1.0 0.0 37.0 0.0 0.0 0.6869479882237487
50 42 35 0.0 0.0 0.0 0.0 38.0 0.0 0.0 0.6869479882237487
50 42 36 0.0 0.0 15.0 0.0 371.0 4.0 1.0 0.5877413937867337
50 42 37 0.0 0.0 196.0 0.0 4499.0 19.0 219.0 0.20951810835079315
50 42 38 0.0 0.0 57.0 0.0 1470.0 8.0 10.0 0.39784029553850525
50 42 39 0.0 0.0 86.0 0.0 1819.0 13.0 17.0 0.3599897145795834
50 42 40 0.0 0.0 86.0 0.0 1847.0 12.0 15.0 0.3570517725070135
50 42 41 0.0 0.0 17.0 0.0 468.0 4.0 1.0 0.5642885933091495
50 42 42 0.0 0.0 8.0 0.0 233.0 3.0 1.0 0.6255585344057193
50 42 43 0.0 0.0 8.0 0.0 90.0 4.0 0.0 0.6685768863419292
50 42 44 0.0 0.0 0.0 0.0 16.0 0.0 0.0 0.694789081885856
50 42 45 0.0 0.0 0.0 0.0 4.0 0.0 0.0 0.6986027944111775
50 42 46 0.0 0.0 0.0 0.0 13.0 0.0 0.0 0.695479384003974
50 42 47 0.0 0.0 0.0 0.0 5.0 0.0 0.0 0.6982543640897755
50 43 33 0.0 0.0 0.0 0.0 1.0 0.0 0.0 0.6996501749125437
50 43 34 0.0 0.0 0.0 0.0 16.0 0.0 0.0 0.6944444444444444
50 43 35 0.0 0.0 18.0 0.0 399.0 4.0 0.0 0.5801906340654785
50 43 36 0.0 0.0 14.0 0.0 510.0 9.0 2.0 0.5566600397614313
50 43 37 0.0 0.0 1.0 0.0 92.0 1.0 0.0 0.6692160611854684
50 43 38 0.0 0.0 123.0 0.0 2636.0 13.0 37.0 0.2950474183350895
50 43 39 0.0 0.0 171.0 0.0 3783.0 21.0 124.0 0.23592854735422983
50 43 40 0.0 0.0 137.0 0.0 3218.0 16.0 71.0 0.2622705133008617
50 43 41 0.0 0.0 5.0 0.0 218.0 3.0 0.0 0.6306306306306305
50 43 42 0.0 0.0 5.0 0.0 120.0 0.0 0.0 0.6591337099811675
50 43 43 0.0 0.0 0.0 0.0 15.0 1.0 0.0 0.6951340615690167
50 43 44 0.0 0.0 0.0 0.0 5.0 1.0 0.0 0.6986027944111775
50 43 47 0.0 0.0 0.0 0.0 2.0 0.0 0.0 0.6993006993006992
50 44 34 0.0 0.0 2.0 0.0 98.0 1.0 0.0 0.6669842782277274
50 44 35 0.0 0.0 35.0 0.0 758.0 9.0 1.0 0.5028735632183908
50 44 36 0.0 0.0 10.0 0.0 219.0 2.0 0.0 0.6286484059272563
50 44 37 0.0 0.0 26.0 0.0 698.0 8.0 4.0 0.5154639175257731
50 44 38 0.0 0.0 49.0 0.0 1258.0 12.0 5.0 0.42488619119878596
50 44 39 0.0 0.0 20.0 0.0 569.0 5.0 3.0 0.5417956656346749
50 44 40 0.0 0.0 19.0 0.0 371.0 3.0 0.0 0.5865102639296187
50 44 41 0.0 0.0 30.0 0.0 800.0 8.0 5.0 0.49627791563275425
50 44 42 0.0 0.0 22.0 0.0 379.0 3.0 2.0 0.5835764902042517
50 44 43 0.0 0.0 1.0 0.0 12.0 0.0 0.0 0.695479384003974
50 44 44 0.0 0.0 0.0 0.0 1.0 0.0 0.0 0.6996501749125437
50 45 34 0.0 0.0 0.0 0.0 2.0 0.0 0.0 0.6993006993006992
50 45 35 0.0 0.0 0.0 0.0 6.0 0.0 0.0 0.6979062811565303
50 45 36 0.0 0.0 0.0 0.0 38.0 0.0 0.0 0.6869479882237487
50 45 37 0.0 0.0 3.0 0.0 126.0 2.0 0.0 0.6582040432534085
50 45 38 0.0 0.0 65.0 0.0 1384.0 8.0 5.0 0.40685847137460035
50 45 39 0.0 0.0 9.0 0.0 356.0 2.0 0.0 0.5924672027084215
50 45 40 0.0 0.0 90.0 0.0 2378.0 5.0 41.0 0.31369034281873176
50 45 41 0.0 0.0 2.0 0.0 84.0 0.0 0.0 0.6714628297362109
50 45 42 0.0 0.0 0.0 0.0 11.0 0.0 0.0 0.6961710591745399
50 45 43 0.0 0.0 0.0 0.0 2.0 0.0 0.0 0.6993006993006992
50 45 44 0.0 0.0 0.0 0.0 3.0 0.0 0.0 0.6989515726410384
50 46 34 0.0 0.0 0.0 0.0 1.0 0.0 0.0 0.6996501749125437
50 46 35 0.0 0.0 0.0 0.0 4.0 0.0 0.0 0.6986027944111775
50 46 36 0.0 0.0 0.0 0.0 8.0 0.0 0.0 0.697211155378486
50 46 37 0.0 0.0 57.0 0.0 1293.0 7.0 8.0 0.4187855219862398
50 46 38 0.0 0.0 0.0 0.0 32.0 0.0 0.0 0.6889763779527558
50 46 39 0.0 0.0 5.0 0.0 259.0 2.0 1.0 0.6189213085764809
50 46 40 0.0 0.0 4.0 0.0 43.0 1.0 0.0 0.6842619745845552
50 46 41 0.0 0.0 16.0 0.0 366.0 3.0 1.0 0.5884825556956704
50 46 42 0.0 0.0 0.0 0.0 1.0 0.0 0.0 0.6996501749125437
50 47 35 0.0 0.0 0.0 0.0 2.0 0.0 0.0 0.6993006993006992
50 47 36 0.0 0.0 0.0 0.0 2.0 0.0 0.0 0.6993006993006992
50 47 37 0.0 0.0 2.0 0.0 21.0 1.0 0.0 0.6927263730826323
50 47 38 0.0 0.0 0.0 0.0 16.0 0.0 0.0 0.6944444444444444
50 47 39 0.0 0.0 1.0 0.0 66.0 0.0 0.0 0.6773101112723753
50 47 40 0.0 0.0 0.0 0.0 9.0 0.0 0.0 0.6968641114982577
50 47 41 0.0 0.0 4.0 0.0 76.0 0.0 0.0 0.6730769230769229
50 47 42 0.0 0.0 2.0 0.0 26.0 0.0 0.0 0.690335305719921
50 48 34 0.0 0.0 0.0 0.0 2.0 0.0 0.0 0.6993006993006992
50 48 36 0.0 0.0 0.0 0.0 1.0 0.0 0.0 0.6996501749125437
50 48 37 0.0 0.0 1.0 0.0 19.0 0.0 0.0 0.6930693069306929
50 48 38 0.0 0.0 1.0 0.0 17.0 0.0 0.0 0.6937561942517343
50 48 39 0.0 0.0 0.0 0.0 7.0 0.0 0.0 0.6975585450921773
50 48 40 0.0 0.0 0.0 0.0 3.0 0.0 0.0 0.6993006993006992
50 49 37 0.0 0.0 0.0 0.0 1.0 0.0 0.0 0.6996501749125437
50 49 38 0.0 0.0 0.0 0.0 1.0 0.0 0.0 0.6996501749125437
50 49 39 0.0 0.0 8.0 0.0 203.0 2.0 0.0 0.6337709370755997
51 33 37 0.0 0.0 0.0 0.0 2.0 0.0 0.0 0.6993006993006992
51 33 38 0.0 0.0 1.0 0.0 6.0 0.0 0.0 0.6975585450921773
51 33 39 0.0 0.0 0.0 0.0 9.0 0.0 0.0 0.6968641114982577
51 33 40 0.0 0.0 37.0 0.0 890.0 10.0 3.0 0.4799451491258141
51 33 41 0.0 0.0 0.0 0.0 3.0 0.0 0.0 0.6989515726410384
51 33 42 0.0 0.0 0.0 0.0 5.0 0.0 0.0 0.6982543640897755
51 33 43 0.0 0.0 0.0 0.0 1.0 0.0 0.0 0.6996501749125437
51 34 38 0.0 0.0 0.0 0.0 1.0 0.0 0.0 0.6996501749125437
51 34 39 0.0 0.0 0.0 0.0 7.0 0.0 0.0 0.6975585450921773
51 34 40 0.0 0.0 0.0 0.0 4.0 0.0 0.0 0.6986027944111775
51 34 41 0.0 0.0 0.0 0.0 7.0 0.0 0.0 0.6975585450921773
51 35 37 0.0 0.0 0.0 0.0 3.0 0.0 0.0 0.6989515726410384
51 35 38 0.0 0.0 0.0 0.0 1.0 0.0 0.0 0.6996501749125437
51 35 39 0.0 0.0 0.0 0.0 21.0 0.0 0.0 0.6930693069306929
51 35 40 0.0 0.0 2.0 0.0 86.0 0.0 0.0 0.670819357930043
51 35 41 0.0 0.0 0.0 0.0 20.0 0.0 0.0 0.6930693069306929
51 35 42 0.0 0.0 0.0 0.0 4.0 0.0 0.0 0.6986027944111775
51 35 43 0.0 0.0 1.0 0.0 51.0 0.0 0.0 0.6822612085769979
51 35 44 0.0 0.0 0.0 0.0 7.0 0.0 0.0 0.6975585450921773
51 35 45 0.0 0.0 0.0 0.0 1.0 0.0 0.0 0.6996501749125437
51 36 37 0.0 0.0 4.0 0.0 31.0 1.0 0.0 0.6882989183874139
51 36 38 0.0 0.0 0.0 0.0 3.0 0.0 0.0 0.6989515726410384
51 36 39 0.0 0.0 1.0 0.0 29.0 0.0 0.0 0.689655172413793
51 36 40 0.0 0.0 14.0 0.0 287.0 3.0 0.0 0.6094906399651718
51 36 41 0.0 0.0 2.0 0.0 73.0 0.0 0.0 0.6746987951807227
51 36 42 0.0 0.0 1.0 0.0 18.0 1.0 0.0 0.6937561942517343
51 36 43 0.0 0.0 5.0 0.0 141.0 3.0 0.0 0.6532897806812878
51 36 44 0.0 0.0 74.0 0.0 1702.0 10.0 14.0 0.3716485266790549
51 36 45 0.0 0.0 0.0 0.0 36.0 0.0 0.0 0.6876227897838899
51 37 37 0.0 0.0 0.0 0.0 4.0 0.0 0.0 0.6986027944111775
51 37 38 0.0 0.0 5.0 0.0 48.0 2.0 0.0 0.68259385665529
51 37 39 0.0 0.0 0.0 0.0 110.0 0.0 0.0 0.6635071090047392
51 37 40 0.0 0.0 13.0 0.0 582.0 4.0 4.0 0.5405405405405405
51 37 41 0.0 0.0 3.0 0.0 199.0 0.0 0.0 0.6363636363636362
51 37 42 0.0 0.0 10.0 0.0 204.0 0.0 0.0 0.6323396567299006
51 37 43 0.0 0.0 3.0 0.0 105.0 0.0 0.0 0.6641366223908918
51 37 44 0.0 0.0 0.0 0.0 76.0 1.0 0.0 0.6746987951807227
51 37 45 0.0 0.0 0.0 0.0 43.0 0.0 0.0 0.6852667645619186
51 38 36 0.0 0.0 0.0 0.0 2.0 0.0 0.0 0.6993006993006992
51 38 37 0.0 0.0 0.0 0.0 8.0 0.0 0.0 0.697211155378486
51 38 38 0.0 0.0 6.0 0.0 56.0 2.0 0.0 0.6799417192812044
51 38 39 0.0 0.0 40.0 0.0 1012.0 5.0 6.0 0.4593175853018372
51 38 40 0.0 0.0 17.0 0.0 554.0 5.0 2.0 0.5455962587685113
51 38 41 0.0 0.0 199.0 0.0 4650.0 18.0 211.0 0.20488804331918628
51 38 42 0.0 0.0 21.0 0.0 525.0 5.0 0.0 0.5511811023622046
51 38 43 0.0 0.0 13.0 0.0 394.0 4.0 0.0 0.5826050769870994
51 38 44 0.0 0.0 1.0 0.0 148.0 0.0 1.0 0.6514657980456026
51 38 45 0.0 0.0 17.0 0.0 361.0 5.0 0.0 0.5899705014749261
51 38 46 0.0 0.0 0.0 0.0 5.0 0.0 0.0 0.6982543640897755
51 38 47 0.0 0.0 0.0 0.0 5.0 0.0 0.0 0.6982543640897755
51 39 36 0.0 0.0 1.0 0.0 14.0 0.0 0.0 0.694789081885856
51 39 37 0.0 0.0 0.0 0.0 15.0 0.0 0.0 0.694789081885856
51 39 38 0.0 0.0 11.0 0.0 245.0 4.0 0.0 0.6216696269982237
51 39 39 0.0 0.0 8.0 0.0 174.0 2.0 0.0 0.6422018348623851
51 39 40 0.0 0.0 157.0 0.0 3215.0 25.0 65.0 0.2618290630259959
51 39 41 0.0 0.0 90.0 0.0 2297.0 15.0 40.0 0.32014635261833974
51 39 42 0.0 0.0 1.0 0.0 46.0 0.0 0.0 0.6845965770171147
51 39 43 0.0 0.0 41.0 0.0 1149.0 10.0 6.0 0.440251572327044
51 39 44 0.0 0.0 18.0 0.0 298.0 6.0 1.0 0.606060606060606
51 39 45 0.0 0.0 114.0 0.0 2912.0 16.0 56.0 0.279441117764471
51 39 46 0.0 0.0 0.0 0.0 4.0 0.0 0.0 0.6986027944111775
51 39 47 0.0 0.0 0.0 0.0 2.0 0.0 0.0 0.6993006993006992
51 40 37 0.0 0.0 4.0 0.0 26.0 0.0 0.0 0.689655172413793
51 40 38 0.0 0.0 0.0 0.0 8.0 0.0 0.0 0.697211155378486
51 40 39 0.0 0.0 1.0 0.0 70.0 0.0 0.0 0.6760019314340897
51 40 40 0.0 0.0 1.0 0.0 19.0 0.0 0.0 0.6930693069306929
51 40 41 0.0 0.0 0.0 0.0 20.0 0.0 0.0 0.6930693069306929
51 40 42 0.0 0.0 7.0 0.0 137.0 2.0 0.0 0.65359477124183
51 40 43 0.0 0.0 15.0 0.0 268.0 4.0 0.0 0.6145741878841088
51 40 44 0.0 0.0 130.0 0.0 2538.0 14.0 34.0 0.3008165019338203
51 40 45 0.0 0.0 0.0 0.0 39.0 0.0 0.0 0.6866110838646394
51 40 46 0.0 0.0 0.0 0.0 2.0 0.0 0.0 0.6993006993006992
51 41 37 0.0 0.0 0.0 0.0 3.0 0.0 0.0 0.6989515726410384
51 41 38 0.0 0.0 0.0 0.0 3.0 0.0 0.0 0.6989515726410384
51 41 39 0.0 0.0 1.0 0.0 14.0 0.0 0.0 0.694789081885856
51 41 40 0.0 0.0 0.0 0.0 16.0 0.0 0.0 0.6944444444444444
51 41 41 0.0 0.0 1.0 0.0 15.0 1.0 0.0 0.694789081885856
51 41 42 0.0 0.0 0.0 0.0 11.0 0.0 0.0 0.6965174129353233
51 41 43 0.0 0.0 0.0 0.0 19.0 0.0 0.0 0.6934125804853887
51 41 44 0.0 0.0 0.0 0.0 10.0 0.0 0.0 0.6965174129353233
51 41 45 0.0 0.0 1.0 0.0 26.0 0.0 0.0 0.6906758756783422
51 42 36 0.0 0.0 0.0 0.0 2.0 0.0 0.0 0.6993006993006992
51 42 37 0.0 0.0 1.0 0.0 9.0 1.0 0.0 0.6968641114982577
51 42 38 0.0 0.0 0.0 0.0 5.0 0.0 0.0 0.6986027944111775
51 42 39 0.0 0.0 0.0 0.0 6.0 0.0 0.0 0.6979062811565303
51 42 40 0.0 0.0 0.0 0.0 2.0 0.0 0.0 0.6993006993006992
51 42 41 0.0 0.0 0.0 0.0 4.0 0.0 0.0 0.6986027944111775
51 42 42 0.0 0.0 0.0 0.0 1.0 0.0 0.0 0.6996501749125437
51 42 44 0.0 0.0 0.0 0.0 2.0 0.0 0.0 0.6993006993006992
51 43 34 0.0 0.0 0.0 0.0 1.0 0.0 0.0 0.6996501749125437
51 43 36 0.0 0.0 0.0 0.0 1.0 0.0 0.0 0.6996501749125437
51 43 37 0.0 0.0 0.0 0.0 9.0 0.0 0.0 0.6968641114982577
51 43 38 0.0 0.0 1.0 0.0 48.0 1.0 0.0 0.6835937499999999
51 43 39 0.0 0.0 4.0 0.0 56.0 2.0 0.0 0.6802721088435373
51 43 40 0.0 0.0 0.0 0.0 8.0 0.0 0.0 0.697211155378486
51 43 42 0.0 0.0 0.0 0.0 1.0 0.0 0.0 0.6996501749125437
51 43 43 0.0 0.0 0.0 0.0 1.0 0.0 0.0 0.6996501749125437
51 44 37 0.0 0.0 0.0 0.0 3.0 0.0 0.0 0.6989515726410384
51 44 38 0.0 0.0 0.0 0.0 4.0 0.0 0.0 0.6986027944111775
51 44 39 0.0 0.0 0.0 0.0 5.0 0.0 0.0 0.6982543640897755
51 44 40 0.0 0.0 0.0 0.0 7.0 0.0 0.0 0.6975585450921773
51 44 41 0.0 0.0 0.0 0.0 1.0 0.0 0.0 0.6996501749125437
51 45 38 0.0 0.0 2.0 0.0 21.0 0.0 0.0 0.6920415224913494
51 45 39 0.0 0.0 0.0 0.0 2.0 0.0 0.0 0.6993006993006992
51 45 40 0.0 0.0 0.0 0.0 1.0 0.0 0.0 0.6996501749125437
51 45 41 0.0 0.0 0.0 0.0 2.0 0.0 0.0 0.6993006993006992
51 46 37 0.0 0.0 0.0 0.0 1.0 0.0 0.0 0.6996501749125437
51 46 40 0.0 0.0 0.0 0.0 3.0 0.0 0.0 0.6989515726410384
51 46 41 0.0 0.0 1.0 0.0 12.0 0.0 0.0 0.695479384003974
52 35 44 0.0 0.0 0.0 0.0 2.0 0.0 0.0 0.6993006993006992
52 38 39 0.0 0.0 0.0 0.0 1.0 0.0 0.0 0.6996501749125437
52 38 40 0.0 0.0 0.0 0.0 6.0 0.0 0.0 0.6979062811565303
52 38 41 0.0 0.0 0.0 0.0 11.0 0.0 0.0 0.6961710591745399
52 38 42 0.0 0.0 1.0 0.0 10.0 1.0 0.0 0.6965174129353233
52 38 45 0.0 0.0 0.0 0.0 10.0 0.0 0.0 0.6965174129353233
52 38 46 0.0 0.0 0.0 0.0 1.0 0.0 0.0 0.6996501749125437
52 39 39 0.0 0.0 2.0 0.0 26.0 1.0 0.0 0.6906758756783422
52 39 40 0.0 0.0 13.0 0.0 336.0 3.0 0.0 0.5967604433077578
52 39 41 0.0 0.0 0.0 0.0 10.0 0.0 0.0 0.6965174129353233
52 39 42 0.0 0.0 0.0 0.0 6.0 0.0 0.0 0.6979062811565303
52 39 43 0.0 0.0 0.0 0.0 2.0 0.0 0.0 0.6993006993006992
52 39 44 0.0 0.0 0.0 0.0 3.0 0.0 0.0 0.6989515726410384
52 39 46 0.0 0.0 0.0 0.0 2.0 0.0 0.0 0.6993006993006992
52 40 40 0.0 0.0 0.0 0.0 2.0 0.0 0.0 0.6993006993006992
52 40 41 0.0 0.0 0.0 0.0 1.0 0.0 0.0 0.6996501749125437
52 40 42 0.0 0.0 0.0 0.0 2.0 1.0 0.0 0.6996501749125437
52 40 43 0.0 0.0 3.0 0.0 23.0 0.0 0.0 0.6910167818361302
52 40 44 0.0 0.0 5.0 0.0 106.0 0.0 1.0 0.6631927996210326
52 40 45 0.0 0.0 0.0 0.0 2.0 0.0 0.0 0.6993006993006992
52 40 46 0.0 0.0 0.0 0.0 3.0 0.0 0.0 0.6989515726410384
52 41 44 0.0 0.0 0.0 0.0 1.0 0.0 0.0 0.6996501749125437
