31 43 39 0.0 0.0 0.0 0.0 1.0 0.0 0.0 0.6996501749125437
31 44 40 0.0 0.0 0.0 0.0 1.0 0.0 0.0 0.6996501749125437
31 45 38 0.0 0.0 0.0 0.0 1.0 0.0 0.0 0.6996501749125437
32 38 36 0.0 0.0 0.0 0.0 1.0 0.0 0.0 0.6996501749125437
32 38 38 0.0 0.0 0.0 0.0 5.0 0.0 0.0 0.6982543640897755
32 38 39 0.0 0.0 0.0 0.0 9.0 0.0 0.0 0.6968641114982577
32 39 36 0.0 0.0 0.0 0.0 4.0 0.0 0.0 0.6986027944111775
32 39 37 0.0 0.0 0.0 0.0 16.0 0.0 0.0 0.6944444444444444
32 39 38 0.0 0.0 0.0 0.0 16.0 0.0 0.0 0.6944444444444444
32 39 39 0.0 0.0 0.0 0.0 8.0 0.0 0.0 0.697211155378486
32 39 41 0.0 0.0 0.0 0.0 1.0 0.0 0.0 0.6996501749125437
32 39 42 0.0 0.0 0.0 0.0 1.0 0.0 0.0 0.6996501749125437
32 40 35 0.0 0.0 0.0 0.0 1.0 0.0 0.0 0.6996501749125437
32 40 36 0.0 0.0 0.0 0.0 27.0 0.0 0.0 0.6910167818361302
32 40 37 0.0 0.0 3.0 0.0 84.0 1.0 0.0 0.6711409395973154
32 40 38 0.0 0.0 10.0 0.0 238.0 1.0 0.0 0.6230529595015576
32 40 39 0.0 0.0 0.0 0.0 9.0 0.0 0.0 0.6968641114982577
32 40 40 0.0 0.0 0.0 0.0 3.0 0.0 0.0 0.6989515726410384
32 41 36 0.0 0.0 1.0 0.0 13.0 0.0 0.0 0.6951340615690167
32 41 37 0.0 0.0 4.0 0.0 180.0 0.0 1.0 0.641025641025641
32 41 38 0.0 0.0 0.0 0.0 33.0 0.0 0.0 0.6886374815543531
32 41 39 0.0 0.0 1.0 0.0 39.0 0.0 0.0 0.6862745098039215
32 41 40 0.0 0.0 2.0 0.0 24.0 1.0 0.0 0.6913580246913579
32 41 41 0.0 0.0 0.0 0.0 8.0 0.0 0.0 0.697211155378486
32 42 36 0.0 0.0 0.0 0.0 1.0 0.0 0.0 0.6996501749125437
32 42 37 0.0 0.0 7.0 0.0 144.0 1.0 0.0 0.6514657980456026
32 42 38 0.0 0.0 1.0 0.0 58.0 0.0 0.0 0.6799417192812044
32 42 39 0.0 0.0 0.0 0.0 83.0 1.0 0.0 0.6724303554274734
32 42 40 0.0 0.0 6.0 0.0 289.0 1.0 0.0 0.6102877070619005
32 42 41 0.0 0.0 4.0 0.0 120.0 2.0 0.0 0.6597549481621111
32 42 42 0.0 0.0 0.0 0.0 2.0 0.0 0.0 0.6993006993006992
32 43 37 0.0 0.0 0.0 0.0 18.0 0.0 0.0 0.6937561942517343
32 43 38 0.0 0.0 0.0 0.0 63.0 0.0 0.0 0.6786233640329616
32 43 39 0.0 0.0 30.0 0.0 608.0 8.0 1.0 0.5323193916349809
32 43 40 0.0 0.0 2.0 0.0 82.0 1.0 0.0 0.6724303554274734
32 43 41 0.0 0.0 0.0 0.0 31.0 0.0 0.0 0.6893156080748399
32 43 42 0.0 0.0 0.0 0.0 1.0 0.0 0.0 0.6996501749125437
32 44 36 0.0 0.0 0.0 0.0 2.0 0.0 0.0 0.6993006993006992
32 44 37 0.0 0.0 0.0 0.0 4.0 0.0 0.0 0.6986027944111775
32 44 38 0.0 0.0 8.0 0.0 249.0 0.0 0.0 0.620292423571112
32 44 39 0.0 0.0 57.0 0.0 1121.0 9.0 7.0 0.44177974124329433
32 44 40 0.0 0.0 1.0 0.0 54.0 0.0 0.0 0.6812652068126519
32 44 41 0.0 0.0 0.0 0.0 24.0 0.0 0.0 0.6916996047430829
32 45 38 0.0 0.0 0.0 0.0 5.0 0.0 0.0 0.6982543640897755
32 45 39 0.0 0.0 0.0 0.0 6.0 0.0 0.0 0.6979062811565303
32 45 40 0.0 0.0 0.0 0.0 5.0 0.0 0.0 0.6982543640897755
32 46 39 0.0 0.0 0.0 0.0 1.0 0.0 0.0 0.0
33 36 35 0.0 0.0 0.0 0.0 1.0 0.0 0.0 0.6996501749125437
33 36 36 0.0 0.0 0.0 0.0 6.0 0.0 0.0 0.6982543640897755
33 36 37 0.0 0.0 0.0 0.0 8.0 0.0 0.0 0.697211155378486
33 36 38 0.0 0.0 0.0 0.0 3.0 0.0 0.0 0.6989515726410384
33 36 39 0.0 0.0 0.0 0.0 9.0 0.0 0.0 0.6968641114982577
33 36 40 0.0 0.0 0.0 0.0 3.0 0.0 0.0 0.6989515726410384
33 36 41 0.0 0.0 0.0 0.0 4.0 0.0 0.0 0.6986027944111775
33 36 42 0.0 0.0 0.0 0.0 6.0 0.0 0.0 0.6979062811565303
33 36 43 0.0 0.0 0.0 0.0 3.0 0.0 0.0 0.6989515726410384
33 37 35 0.0 0.0 0.0 0.0 12.0 0.0 0.0 0.6958250497017892
33 37 36 0.0 0.0 0.0 0.0 4.0 0.0 0.0 0.6986027944111775
33 37 37 0.0 0.0 17.0 0.0 321.0 5.0 0.0 0.6000857265323617
33 37 38 0.0 0.0 0.0 0.0 17.0 0.0 0.0 0.694100148735746
33 37 39 0.0 0.0 0.0 0.0 34.0 0.0 0.0 0.6886374815543531
33 37 40 0.0 0.0 0.0 0.0 15.0 0.0 0.0 0.694789081885856
33 37 41 0.0 0.0 3.0 0.0 22.0 1.0 0.0 0.6916996047430829
33 37 42 0.0 0.0 0.0 0.0 11.0 0.0 0.0 0.6961710591745399
33 37 43 0.0 0.0 0.0 0.0 7.0 0.0 0.0 0.6975585450921773
33 37 44 0.0 0.0 0.0 0.0 4.0 0.0 0.0 0.6986027944111775
33 38 35 0.0 0.0 0.0 0.0 15.0 0.0 0.0 0.694789081885856
33 38 36 0.0 0.0 52.0 0.0 898.0 12.0 4.0 0.47651463580667114
33 38 37 0.0 0.0 11.0 0.0 257.0 2.0 0.0 0.6181015452538631
33 38 38 0.0 0.0 45.0 0.0 1022.0 13.0 4.0 0.45841519318925994
33 38 39 0.0 0.0 19.0 0.0 542.0 5.0 2.0 0.5475166210402814
33 38 40 0.0 0.0 0.0 0.0 33.0 0.0 0.0 0.6886374815543531
33 38 41 0.0 0.0 0.0 0.0 18.0 0.0 0.0 0.6937561942517343
33 38 42 0.0 0.0 0.0 0.0 14.0 0.0 0.0 0.695479384003974
33 38 43 0.0 0.0 0.0 0.0 14.0 0.0 0.0 0.6951340615690167
33 38 44 0.0 0.0 0.0 0.0 2.0 0.0 0.0 0.6993006993006992
33 39 35 0.0 0.0 0.0 0.0 22.0 0.0 0.0 0.6923837784371908
33 39 36 0.0 0.0 28.0 0.0 761.0 6.0 2.0 0.5030542579949694
33 39 37 0.0 0.0 71.0 0.0 1628.0 15.0 17.0 0.3802281368821292
33 39 38 0.0 0.0 152.0 0.0 3384.0 22.0 80.0 0.25385312783318215
33 39 39 0.0 0.0 153.0 0.0 3119.0 20.0 51.0 0.2666158826890116
33 39 40 0.0 0.0 13.0 0.0 250.0 4.0 0.0 0.6200177147918511
33 39 41 0.0 0.0 2.0 0.0 62.0 0.0 0.0 0.6786233640329616
33 39 42 0.0 0.0 0.0 0.0 33.0 0.0 0.0 0.6886374815543531
33 39 43 0.0 0.0 0.0 0.0 14.0 0.0 0.0 0.6951340615690167
33 39 44 0.0 0.0 0.0 0.0 6.0 0.0 0.0 0.6979062811565303
33 40 35 0.0 0.0 8.0 0.0 177.0 2.0 0.0 0.6413192853870818
33 40 36 0.0 0.0 9.0 0.0 266.0 3.0 0.0 0.6161971830985915
33 40 37 0.0 0.0 285.0 0.0 6575.0 30.0 608.0 0.15846066779852858
33 40 38 0.0 0.0 258.0 0.0 5354.0 27.0 264.0 0.18450184501845013
33 40 39 0.0 0.0 15.0 0.0 539.0 4.0 2.0 0.5490196078431372
33 40 40 0.0 0.0 91.0 0.0 1947.0 15.0 15.0 0.34808552958726996
33 40 41 0.0 0.0 46.0 0.0 1011.0 11.0 6.0 0.4594683295044305
33 40 42 0.0 0.0 3.0 0.0 72.0 2.0 0.0 0.6753497346840327
33 40 43 0.0 0.0 0.0 0.0 21.0 0.0 0.0 0.6927263730826323
33 40 44 0.0 0.0 0.0 0.0 3.0 0.0 0.0 0.6989515726410384
33 41 35 0.0 0.0 0.0 0.0 1.0 0.0 0.0 0.6996501749125437
33 41 36 0.0 0.0 3.0 0.0 85.0 2.0 0.0 0.6711409395973154
33 41 37 0.0 0.0 35.0 0.0 1076.0 11.0 9.0 0.451758631816715
33 41 38 0.0 0.0 267.0 0.0 4975.0 22.0 225.0 0.19371800193717997
33 41 39 0.0 0.0 164.0 0.0 3478.0 18.0 94.0 0.2488446498400284
33 41 40 0.0 0.0 13.0 0.0 381.0 6.0 2.0 0.5862646566164154
33 41 41 0.0 0.0 49.0 0.0 956.0 12.0 3.0 0.4679144385026737
33 41 42 0.0 0.0 0.0 0.0 28.0 0.0 0.0 0.6906758756783422
33 41 43 0.0 0.0 6.0 0.0 115.0 3.0 0.0 0.6610009442870631
33 41 44 0.0 0.0 0.0 0.0 5.0 0.0 0.0 0.6982543640897755
33 41 45 0.0 0.0 0.0 0.0 1.0 0.0 0.0 0.6996501749125437
33 42 36 0.0 0.0 3.0 0.0 40.0 1.0 0.0 0.6856023506366307
33 42 37 0.0 0.0 24.0 0.0 656.0 5.0 4.0 0.5233644859813084
33 42 38 0.0 0.0 370.0 0.0 7759.0 29.0 1021.0 0.1385315654066891
33 42 39 0.0 0.0 234.0 0.0 5218.0 14.0 273.0 0.18814675446848542
33 42 40 0.0 0.0 193.0 0.0 4384.0 20.0 193.0 0.2133821063862216
33 42 41 0.0 0.0 3.0 0.0 143.0 0.0 1.0 0.6523765144454798
33 42 42 0.0 0.0 1.0 0.0 48.0 2.0 0.0 0.6839276990718123
33 42 43 0.0 0.0 0.0 0.0 16.0 0.0 0.0 0.6944444444444444
33 42 44 0.0 0.0 0.0 0.0 8.0 0.0 0.0 0.697211155378486
33 43 36 0.0 0.0 0.0 0.0 15.0 0.0 0.0 0.694789081885856
33 43 37 0.0 0.0 67.0 0.0 1858.0 6.0 20.0 0.35723398826231173
33 43 38 0.0 0.0 151.0 0.0 4085.0 14.0 194.0 0.22497187851518555
33 43 39 0.0 0.0 474.0 0.0 9127.0 29.0 1772.0 0.1208563535911602
33 43 40 0.0 0.0 378.0 0.0 8213.0 22.0 1248.0 0.1323251417769376
33 43 41 0.0 0.0 100.0 0.0 1992.0 19.0 23.0 0.34372698256813156
33 43 42 0.0 0.0 0.0 0.0 43.0 0.0 0.0 0.6852667645619186
33 43 43 0.0 0.0 0.0 0.0 24.0 0.0 0.0 0.6916996047430829
33 43 44 0.0 0.0 8.0 0.0 190.0 2.0 0.0 0.6375227686703095
33 44 36 0.0 0.0 0.0 0.0 6.0 0.0 0.0 0.6979062811565303
33 44 37 0.0 0.0 0.0 0.0 14.0 0.0 0.0 0.6951340615690167
33 44 38 0.0 0.0 0.0 0.0 49.0 0.0 0.0 0.6832601268911663
33 44 39 0.0 0.0 226.0 0.0 5356.0 13.0 359.0 0.18486729169417665
33 44 40 0.0 0.0 0.0 0.0 54.0 0.0 0.0 0.6815968841285296
33 44 41 0.0 0.0 31.0 0.0 634.0 5.0 0.0 0.5263157894736842
33 44 42 0.0 0.0 0.0 0.0 26.0 0.0 0.0 0.6910167818361302
33 44 43 0.0 0.0 1.0 0.0 21.0 1.0 0.0 0.6927263730826323
33 44 44 0.0 0.0 0.0 0.0 4.0 0.0 0.0 0.6986027944111775
33 45 38 0.0 0.0 0.0 0.0 8.0 0.0 0.0 0.697211155378486
33 45 39 0.0 0.0 57.0 0.0 1414.0 13.0 16.0 0.4047412546978895
33 45 40 0.0 0.0 0.0 0.0 13.0 0.0 0.0 0.695479384003974
33 45 41 0.0 0.0 0.0 0.0 5.0 0.0 0.0 0.6982543640897755
33 45 42 0.0 0.0 0.0 0.0 2.0 0.0 0.0 0.6993006993006992
33 45 43 0.0 0.0 0.0 0.0 3.0 0.0 0.0 0.6989515726410384
33 45 44 0.0 0.0 0.0 0.0 1.0 0.0 0.0 0.6996501749125437
33 46 38 0.0 0.0 0.0 0.0 1.0 0.0 0.0 0.6996501749125437
33 46 39 0.0 0.0 0.0 0.0 1.0 0.0 0.0 0.6996501749125437
33 46 40 0.0 0.0 0.0 0.0 2.0 0.0 0.0 0.6993006993006992
34 34 38 0.0 0.0 0.0 0.0 1.0 0.0 0.0 0.6996501749125437
34 34 39 0.0 0.0 0.0 0.0 1.0 0.0 0.0 0.6996501749125437
34 35 37 0.0 0.0 0.0 0.0 3.0 0.0 0.0 0.6989515726410384
34 35 38 0.0 0.0 1.0 0.0 81.0 0.0 0.0 0.6724303554274734
34 35 39 0.0 0.0 0.0 0.0 34.0 0.0 0.0 0.6886374815543531
34 35 40 0.0 0.0 8.0 0.0 128.0 1.0 0.0 0.6560449859418931
34 35 41 0.0 0.0 0.0 0.0 41.0 0.0 0.0 0.6859382655560998
34 35 42 0.0 0.0 0.0 0.0 6.0 0.0 0.0 0.6979062811565303
34 35 45 0.0 0.0 0.0 0.0 1.0 0.0 0.0 0.6996501749125437
34 36 35 0.0 0.0 0.0 0.0 5.0 0.0 0.0 0.6982543640897755
34 36 36 0.0 0.0 0.0 0.0 15.0 0.0 0.0 0.694789081885856
34 36 37 0.0 0.0 0.0 0.0 47.0 0.0 0.0 0.6839276990718123
34 36 38 0.0 0.0 4.0 0.0 97.0 2.0 0.0 0.6673021925643469
34 36 39 0.0 0.0 43.0 0.0 776.0 12.0 2.0 0.4987531172069825
34 36 40 0.0 0.0 62.0 0.0 1384.0 13.0 8.0 0.40780658316341384
34 36 41 0.0 0.0 40.0 0.0 667.0 7.0 0.0 0.5185185185185184
34 36 42 0.0 0.0 2.0 0.0 63.0 2.0 0.0 0.6786233640329616
34 36 43 0.0 0.0 2.0 0.0 52.0 1.0 0.0 0.6819288845591815
34 36 44 0.0 0.0 0.0 0.0 13.0 0.0 0.0 0.695479384003974
34 37 34 0.0 0.0 0.0 0.0 1.0 0.0 0.0 0.0
34 37 35 0.0 0.0 0.0 0.0 18.0 0.0 0.0 0.694100148735746
34 37 36 0.0 0.0 223.0 0.0 5250.0 13.0 294.0 0.18754186202277293
34 37 37 0.0 0.0 97.0 0.0 1907.0 10.0 24.0 0.35026269702276697
34 37 38 0.0 0.0 162.0 0.0 3792.0 23.0 124.0 0.23592854735422983
34 37 39 0.0 0.0 13.0 0.0 358.0 1.0 1.0 0.590966652596032
34 37 40 0.0 0.0 211.0 0.0 4329.0 18.0 160.0 0.21455938697318003
34 37 41 0.0 0.0 35.0 0.0 1000.0 5.0 9.0 0.462198745460548
34 37 42 0.0 0.0 212.0 0.0 4962.0 16.0 271.0 0.19553072625698323
34 37 43 0.0 0.0 120.0 0.0 2804.0 15.0 45.0 0.2852485737571312
34 37 44 0.0 0.0 43.0 0.0 1103.0 9.0 12.0 0.4461440407903122
34 37 45 0.0 0.0 0.0 0.0 1.0 0.0 0.0 0.6996501749125437
34 38 35 0.0 0.0 2.0 0.0 59.0 0.0 0.0 0.6792819019893255
34 38 36 0.0 0.0 53.0 0.0 1325.0 8.0 11.0 0.41543026706231445
34 38 37 0.0 0.0 60.0 0.0 1341.0 11.0 8.0 0.4129793510324483
34 38 38 0.0 0.0 404.0 0.0 8392.0 26.0 1424.0 0.1298821783096762
34 38 39 0.0 0.0 82.0 0.0 2193.0 13.0 29.0 0.32848427968090094
34 38 40 0.0 0.0 282.0 0.0 5793.0 25.0 337.0 0.1739346502671139
34 38 41 0.0 0.0 88.0 0.0 2175.0 14.0 45.0 0.329489291598023
34 38 42 0.0 0.0 131.0 0.0 3506.0 15.0 122.0 0.24897741419171257
34 38 43 0.0 0.0 42.0 0.0 1023.0 13.0 4.0 0.4588659455916092
34 38 44 0.0 0.0 29.0 0.0 705.0 7.0 2.0 0.5135730007336756
34 38 45 0.0 0.0 0.0 0.0 7.0 0.0 0.0 0.6975585450921773
34 39 35 0.0 0.0 0.0 0.0 35.0 0.0 0.0 0.6886374815543531
34 39 36 0.0 0.0 495.0 0.0 9302.0 27.0 1673.0 0.11879507848960541
34 39 37 0.0 0.0 331.0 0.0 7079.0 14.0 739.0 0.14890448840672194
34 39 38 0.0 0.0 245.0 0.0 6030.0 20.0 472.0 0.16955310645512894
34 39 39 0.0 0.0 313.0 0.0 7054.0 16.0 735.0 0.14960461637101943
34 39 40 0.0 0.0 317.0 0.0 6269.0 27.0 437.0 0.16355140186915884
34 39 41 0.0 0.0 23.0 0.0 940.0 6.0 6.0 0.4736129905277401
34 39 42 0.0 0.0 145.0 0.0 4286.0 18.0 205.0 0.21813649111872854
34 39 43 0.0 0.0 155.0 0.0 3289.0 19.0 80.0 0.25806451612903225
34 39 44 0.0 0.0 62.0 0.0 1467.0 13.0 7.0 0.39817974971558584
34 39 45 0.0 0.0 10.0 0.0 285.0 3.0 1.0 0.6108202443280977
34 39 46 0.0 0.0 0.0 0.0 1.0 0.0 0.0 0.6996501749125437
34 40 35 0.0 0.0 0.0 0.0 43.0 0.0 0.0 0.6852667645619186
34 40 36 0.0 0.0 113.0 0.0 2909.0 16.0 58.0 0.27966440271673987
34 40 37 0.0 0.0 470.0 0.0 9117.0 28.0 1801.0 0.12105490704712492
34 40 38 0.0 0.0 873.0 0.0 12614.0 35.0 7747.0 0.09050943884147918
34 40 39 0.0 0.0 650.0 0.0 11180.0 21.0 4036.0 0.1013024602026049
34 40 40 0.0 0.0 505.0 0.0 9415.0 28.0 1815.0 0.11759764804703904
34 40 41 0.0 0.0 349.0 0.0 7258.0 23.0 754.0 0.1460310837592573
34 40 42 0.0 0.0 318.0 0.0 7041.0 23.0 612.0 0.14989293361884368
34 40 43 0.0 0.0 127.0 0.0 2836.0 12.0 70.0 0.2825999192571659
34 40 44 0.0 0.0 55.0 0.0 1392.0 15.0 11.0 0.40816326530612235
34 40 45 0.0 0.0 4.0 0.0 85.0 3.0 0.0 0.6714628297362109
34 40 46 0.0 0.0 0.0 0.0 5.0 0.0 0.0 0.6982543640897755
34 41 35 0.0 0.0 0.0 0.0 14.0 0.0 0.0 0.6951340615690167
34 41 36 0.0 0.0 19.0 0.0 575.0 3.0 0.0 0.5403319181783095
34 41 37 0.0 0.0 176.0 0.0 3684.0 28.0 96.0 0.24005486968449927
34 41 38 0.0 0.0 273.0 0.0 5803.0 23.0 368.0 0.17380509000620728
34 41 39 0.0 0.0 629.0 0.0 11205.0 32.0 3541.0 0.10133912414042706
34 41 40 0.0 0.0 412.0 0.0 8280.0 19.0 1110.0 0.13113525665043085
34 41 41 0.0 0.0 64.0 0.0 1671.0 12.0 12.0 0.3763440860215053
34 41 42 0.0 0.0 124.0 0.0 3236.0 11.0 82.0 0.2616333395626985
34 41 43 0.0 0.0 154.0 0.0 3619.0 18.0 104.0 0.24330900243308998
34 41 44 0.0 0.0 53.0 0.0 1007.0 12.0 3.0 0.4593175853018372
34 41 45 0.0 0.0 0.0 0.0 147.0 0.0 0.0 0.6520726595249184
34 41 46 0.0 0.0 0.0 0.0 3.0 0.0 0.0 0.6989515726410384
34 42 34 0.0 0.0 0.0 0.0 3.0 0.0 0.0 0.6989515726410384
34 42 35 0.0 0.0 2.0 0.0 15.0 1.0 0.0 0.6944444444444444
34 42 36 0.0 0.0 36.0 0.0 655.0 6.0 3.0 0.5214152700186219
34 42 37 0.0 0.0 275.0 0.0 5467.0 20.0 303.0 0.18122977346278316
34 42 38 0.0 0.0 832.0 0.0 12443.0 32.0 6528.0 0.09166502979113467
34 42 39 0.0 0.0 758.0 0.0 12125.0 31.0 6908.0 0.09416195856873821
34 42 40 0.0 0.0 408.0 0.0 8105.0 18.0 1015.0 0.133371439458893
34 42 41 0.0 0.0 163.0 0.0 3521.0 18.0 79.0 0.2468700405572209
34 42 42 0.0 0.0 222.0 0.0 4888.0 21.0 248.0 0.19743336623889435
34 42 43 0.0 0.0 145.0 0.0 3284.0 20.0 94.0 0.25882787946015895
34 42 44 0.0 0.0 50.0 0.0 1127.0 9.0 8.0 0.4419191919191918
34 42 45 0.0 0.0 2.0 0.0 84.0 2.0 0.0 0.6717850287907868
34 42 46 0.0 0.0 0.0 0.0 4.0 0.0 0.0 0.6986027944111775
34 43 35 0.0 0.0 0.0 0.0 2.0 0.0 0.0 0.6993006993006992
34 43 36 0.0 0.0 9.0 0.0 165.0 5.0 0.0 0.6454587367450437
34 43 37 0.0 0.0 260.0 0.0 5649.0 15.0 362.0 0.17730496453900704
34 43 38 0.0 0.0 154.0 0.0 3340.0 12.0 64.0 0.2553346708006565
34 43 39 0.0 0.0 120.0 0.0 3032.0 15.0 56.0 0.2725856697819314
34 43 40 0.0 0.0 212.0 0.0 4340.0 23.0 159.0 0.21429664778815244
34 43 41 0.0 0.0 288.0 0.0 6150.0 23.0 469.0 0.1663300463347986
34 43 42 0.0 0.0 278.0 0.0 5912.0 10.0 421.0 0.17087757842060292
34 43 43 0.0 0.0 121.0 0.0 3461.0 19.0 103.0 0.2515271289974847
34 43 44 0.0 0.0 0.0 0.0 53.0 0.0 0.0 0.6819288845591815
34 43 45 0.0 0.0 0.0 0.0 21.0 0.0 0.0 0.6927263730826323
34 43 46 0.0 0.0 0.0 0.0 6.0 0.0 0.0 0.6979062811565303
34 44 35 0.0 0.0 0.0 0.0 1.0 0.0 0.0 0.6996501749125437
34 44 36 0.0 0.0 0.0 0.0 5.0 0.0 0.0 0.6982543640897755
34 44 37 0.0 0.0 0.0 0.0 33.0 0.0 0.0 0.6886374815543531
34 44 38 0.0 0.0 16.0 0.0 483.0 3.0 1.0 0.5608974358974358
34 44 39 0.0 0.0 23.0 0.0 589.0 5.0 3.0 0.5370157268891445
34 44 40 0.0 0.0 10.0 0.0 351.0 3.0 0.0 0.5937234944868531
34 44 41 0.0 0.0 155.0 0.0 3692.0 13.0 121.0 0.23984923762206606
34 44 42 0.0 0.0 12.0 0.0 431.0 3.0 0.0 0.5737704918032785
34 44 43 0.0 0.0 139.0 0.0 3307.0 21.0 98.0 0.25801695539992625
34 44 44 0.0 0.0 0.0 0.0 27.0 0.0 0.0 0.6910167818361302
34 44 45 0.0 0.0 0.0 0.0 6.0 0.0 0.0 0.6979062811565303
34 44 46 0.0 0.0 0.0 0.0 3.0 0.0 0.0 0.6989515726410384
34 45 37 0.0 0.0 0.0 0.0 5.0 0.0 0.0 0.6982543640897755
34 45 38 0.0 0.0 0.0 0.0 21.0 0.0 0.0 0.6927263730826323
34 45 39 0.0 0.0 0.0 0.0 26.0 1.0 0.0 0.6913580246913579
34 45 40 0.0 0.0 0.0 0.0 35.0 0.0 0.0 0.6879606879606879
34 45 41 0.0 0.0 111.0 0.0 1754.0 12.0 16.0 0.3634475597092419
34 45 42 0.0 0.0 1.0 0.0 40.0 0.0 0.0 0.6859382655560998
34 45 43 0.0 0.0 0.0 0.0 12.0 0.0 0.0 0.6958250497017892
34 45 44 0.0 0.0 0.0 0.0 1.0 0.0 0.0 0.6996501749125437
34 45 45 0.0 0.0 0.0 0.0 2.0 0.0 0.0 0.6993006993006992
34 46 38 0.0 0.0 0.0 0.0 1.0 0.0 0.0 0.6996501749125437
34 46 40 0.0 0.0 0.0 0.0 1.0 0.0 0.0 0.6996501749125437
34 46 41 0.0 0.0 0.0 0.0 1.0 0.0 0.0 0.6996501749125437
34 47 38 0.0 0.0 0.0 0.0 1.0 0.0 0.0 0.6996501749125437
34 47 39 0.0 0.0 0.0 0.0 1.0 0.0 0.0 0.6996501749125437
34 47 40 0.0 0.0 0.0 0.0 1.0 0.0 0.0 0.6996501749125437
35 34 37 0.0 0.0 9.0 0.0 236.0 4.0 0.0 0.6247211066488174
35 34 38 0.0 0.0 0.0 0.0 15.0 0.0 0.0 0.694789081885856
35 34 39 0.0 0.0 0.0 0.0 5.0 0.0 0.0 0.6982543640897755
35 34 40 0.0 0.0 0.0 0.0 7.0 0.0 0.0 0.6975585450921773
35 34 41 0.0 0.0 0.0 0.0 4.0 0.0 0.0 0.6986027944111775
35 34 42 0.0 0.0 0.0 0.0 5.0 0.0 0.0 0.6982543640897755
35 34 43 0.0 0.0 0.0 0.0 1.0 0.0 0.0 0.6996501749125437
35 35 35 0.0 0.0 0.0 0.0 4.0 0.0 0.0 0.6986027944111775
35 35 36 0.0 0.0 13.0 0.0 312.0 5.0 0.0 0.6034482758620688
35 35 37 0.0 0.0 59.0 0.0 1588.0 11.0 16.0 0.3851444291609353
35 35 38 0.0 0.0 110.0 0.0 2067.0 13.0 24.0 0.3360537686029764
35 35 39 0.0 0.0 55.0 0.0 1124.0 10.0 7.0 0.44177974124329433
35 35 40 0.0 0.0 17.0 0.0 526.0 7.0 1.0 0.5520504731861199
35 35 41 0.0 0.0 37.0 0.0 555.0 6.0 1.0 0.5413766434648105
35 35 42 0.0 0.0 2.0 0.0 126.0 0.0 0.0 0.6578947368421051
35 35 43 0.0 0.0 2.0 0.0 31.0 1.0 0.0 0.6889763779527558
35 35 44 0.0 0.0 0.0 0.0 4.0 0.0 0.0 0.6986027944111775
35 36 35 0.0 0.0 0.0 0.0 8.0 0.0 0.0 0.697211155378486
35 36 36 0.0 0.0 33.0 0.0 849.0 5.0 4.0 0.48661800486617995
35 36 37 0.0 0.0 75.0 0.0 2044.0 16.0 28.0 0.341296928327645
35 36 38 0.0 0.0 280.0 0.0 5769.0 17.0 370.0 0.17430278884462147
35 36 39 0.0 0.0 192.0 0.0 4751.0 16.0 253.0 0.20207852193995376
35 36 40 0.0 0.0 577.0 0.0 10360.0 21.0 2680.0 0.10826695537854768
35 36 41 0.0 0.0 177.0 0.0 4286.0 24.0 183.0 0.21739130434782605
35 36 42 0.0 0.0 118.0 0.0 2842.0 16.0 50.0 0.2833434527423598
35 36 43 0.0 0.0 20.0 0.0 581.0 1.0 1.0 0.5384615384615384
35 36 44 0.0 0.0 64.0 0.0 1483.0 10.0 10.0 0.39570378745053697
35 36 45 0.0 0.0 0.0 0.0 1.0 0.0 0.0 0.6996501749125437
35 37 35 0.0 0.0 0.0 0.0 41.0 0.0 0.0 0.6859382655560998
35 37 36 0.0 0.0 57.0 0.0 1666.0 10.0 18.0 0.37695207323640273
35 37 37 0.0 0.0 139.0 0.0 2997.0 16.0 68.0 0.27343749999999994
35 37 38 0.0 0.0 447.0 0.0 9092.0 22.0 1752.0 0.12140131807145334
35 37 39 0.0 0.0 349.0 0.0 7716.0 29.0 950.0 0.13937282229965156
35 37 40 0.0 0.0 350.0 0.0 7400.0 22.0 824.0 0.14381099126861838
35 37 41 0.0 0.0 285.0 0.0 6671.0 25.0 650.0 0.15677491601343782
35 37 42 0.0 0.0 176.0 0.0 4545.0 17.0 202.0 0.20879940343027587
35 37 43 0.0 0.0 198.0 0.0 4599.0 24.0 255.0 0.20667257159728372
35 37 44 0.0 0.0 1.0 0.0 134.0 0.0 0.0 0.6560449859418931
35 37 45 0.0 0.0 3.0 0.0 81.0 1.0 0.0 0.6724303554274734
35 38 35 0.0 0.0 65.0 0.0 1760.0 8.0 11.0 0.366780193869531
35 38 36 0.0 0.0 124.0 0.0 2846.0 14.0 67.0 0.282428888440589
35 38 37 0.0 0.0 866.0 0.0 12772.0 17.0 6758.0 0.08954269267668691
35 38 38 0.0 0.0 442.0 0.0 8632.0 19.0 1341.0 0.1265250790781744
35 38 39 0.0 0.0 380.0 0.0 7996.0 23.0 1148.0 0.13513513513513511
35 38 40 0.0 0.0 498.0 0.0 9998.0 17.0 2335.0 0.11215252743731474
35 38 41 0.0 0.0 611.0 0.0 10973.0 25.0 3300.0 0.10314595152140278
35 38 42 0.0 0.0 579.0 0.0 10798.0 17.0 3233.0 0.10466507177033492
35 38 43 0.0 0.0 490.0 0.0 9707.0 19.0 2235.0 0.11487650775416428
35 38 44 0.0 0.0 97.0 0.0 2368.0 6.0 30.0 0.31383097960098627
35 38 45 0.0 0.0 32.0 0.0 860.0 8.0 4.0 0.48543689320388345
35 38 46 0.0 0.0 0.0 0.0 3.0 0.0 0.0 0.6989515726410384
35 39 34 0.0 0.0 0.0 0.0 6.0 0.0 0.0 0.6979062811565303
35 39 35 0.0 0.0 10.0 0.0 276.0 3.0 0.0 0.6132282084975909
35 39 36 0.0 0.0 186.0 0.0 3815.0 16.0 107.0 0.2338790511192783
35 39 37 0.0 0.0 817.0 0.0 12137.0 30.0 4803.0 0.09377093101138645
35 39 38 0.0 0.0 965.0 0.0 12904.0 26.0 9818.0 0.0882445635045698
35 39 39 0.0 0.0 844.0 0.0 12552.0 29.0 6045.0 0.0909386164339071
35 39 40 0.0 0.0 777.0 0.0 12190.0 28.0 5787.0 0.0936329588014981
35 39 41 0.0 0.0 588.0 0.0 10689.0 15.0 3094.0 0.10546139359698681
35 39 42 0.0 0.0 639.0 0.0 11130.0 33.0 3850.0 0.10181077739800741
35 39 43 0.0 0.0 570.0 0.0 10592.0 30.0 3072.0 0.10651247717589774
35 39 44 0.0 0.0 298.0 0.0 7224.0 17.0 836.0 0.14715156611309646
35 39 45 0.0 0.0 32.0 0.0 991.0 2.0 4.0 0.4634227077126778
35 39 46 0.0 0.0 0.0 0.0 16.0 0.0 0.0 0.6944444444444444
35 40 34 0.0 0.0 0.0 0.0 6.0 0.0 0.0 0.6979062811565303
35 40 35 0.0 0.0 6.0 0.0 215.0 2.0 0.0 0.6309148264984226
35 40 36 0.0 0.0 67.0 0.0 1862.0 12.0 21.0 0.3576903423607562
35 40 37 0.0 0.0 546.0 0.0 10155.0 23.0 2651.0 0.1103317834344708
35 40 38 0.0 0.0 863.0 0.0 12486.0 30.0 8068.0 0.09126466753585397
35 40 39 0.0 0.0 1398.0 0.0 13155.0 41.0 18898.0 0.08452064718666988
35 40 40 0.0 0.0 779.0 0.0 12084.0 18.0 5469.0 0.09419363520150709
35 40 41 0.0 0.0 630.0 0.0 10907.0 26.0 3092.0 0.10347376201034737
35 40 42 0.0 0.0 652.0 0.0 11358.0 22.0 4442.0 0.10002143316424948
35 40 43 0.0 0.0 386.0 0.0 8229.0 26.0 1168.0 0.1321128621307917
35 40 44 0.0 0.0 334.0 0.0 7728.0 21.0 1065.0 0.13930348258706465
35 40 45 0.0 0.0 54.0 0.0 1547.0 10.0 14.0 0.39008080245193644
35 40 46 0.0 0.0 0.0 0.0 27.0 0.0 0.0 0.6906758756783422
35 41 34 0.0 0.0 0.0 0.0 1.0 0.0 0.0 0.6996501749125437
35 41 35 0.0 0.0 82.0 0.0 1790.0 8.0 18.0 0.3623188405797101
35 41 36 0.0 0.0 252.0 0.0 5860.0 24.0 442.0 0.17307454567931757
35 41 37 0.0 0.0 231.0 0.0 5002.0 26.0 249.0 0.19422863485016642
35 41 38 0.0 0.0 831.0 0.0 12388.0 34.0 5771.0 0.09210526315789473
35 41 39 0.0 0.0 1268.0 0.0 13055.0 39.0 17014.0 0.08578957043936514
35 41 40 0.0 0.0 714.0 0.0 11998.0 20.0 4681.0 0.09519923840609275
35 41 41 0.0 0.0 755.0 0.0 12077.0 31.0 4573.0 0.09450519778587821
35 41 42 0.0 0.0 569.0 0.0 10492.0 20.0 3124.0 0.10727147345031032
35 41 43 0.0 0.0 423.0 0.0 8890.0 27.0 1531.0 0.12394864984506418
35 41 44 0.0 0.0 781.0 0.0 11987.0 33.0 6039.0 0.09487023107677711
35 41 45 0.0 0.0 235.0 0.0 5183.0 10.0 313.0 0.1888828926065839
35 41 46 0.0 0.0 14.0 0.0 278.0 3.0 1.0 0.6116207951070335
35 41 47 0.0 0.0 1.0 0.0 15.0 1.0 0.0 0.694789081885856
35 42 34 0.0 0.0 0.0 0.0 2.0 0.0 0.0 0.6993006993006992
35 42 35 0.0 0.0 56.0 0.0 1461.0 13.0 10.0 0.3995433789954337
35 42 36 0.0 0.0 162.0 0.0 3777.0 16.0 117.0 0.23632680621201888
35 42 37 0.0 0.0 533.0 0.0 9813.0 22.0 2061.0 0.11357183418512208
35 42 38 0.0 0.0 554.0 0.0 10197.0 32.0 2176.0 0.1099850734543169
35 42 39 0.0 0.0 765.0 0.0 12172.0 35.0 6432.0 0.0938337801608579
35 42 40 0.0 0.0 838.0 0.0 12414.0 42.0 6653.0 0.0918936659008861
35 42 41 0.0 0.0 795.0 0.0 12077.0 21.0 5314.0 0.09411132024737831
35 42 42 0.0 0.0 601.0 0.0 10430.0 37.0 2473.0 0.1076674613550719
35 42 43 0.0 0.0 363.0 0.0 7447.0 31.0 763.0 0.14307613694430246
35 42 44 0.0 0.0 348.0 0.0 7296.0 20.0 792.0 0.14537902388369675
35 42 45 0.0 0.0 88.0 0.0 1872.0 16.0 12.0 0.3550595992898808
35 42 46 0.0 0.0 0.0 0.0 30.0 0.0 0.0 0.689655172413793
35 43 35 0.0 0.0 0.0 0.0 11.0 0.0 0.0 0.6961710591745399
35 43 36 0.0 0.0 42.0 0.0 1035.0 7.0 2.0 0.4560260586319217
35 43 37 0.0 0.0 216.0 0.0 4559.0 24.0 175.0 0.20728457210541898
35 43 38 0.0 0.0 335.0 0.0 7534.0 24.0 947.0 0.14204545454545453
35 43 39 0.0 0.0 211.0 0.0 4743.0 16.0 209.0 0.2017581784118749
35 43 40 0.0 0.0 570.0 0.0 10453.0 23.0 2659.0 0.1075681905493661
35 43 41 0.0 0.0 633.0 0.0 11224.0 36.0 3978.0 0.10113414722242287
35 43 42 0.0 0.0 732.0 0.0 12029.0 18.0 5861.0 0.0948316737790422
35 43 43 0.0 0.0 356.0 0.0 7605.0 28.0 848.0 0.14091595369904375
35 43 44 0.0 0.0 253.0 0.0 5837.0 19.0 413.0 0.17339608620262567
35 43 45 0.0 0.0 121.0 0.0 2942.0 18.0 55.0 0.27750247770069375
35 43 46 0.0 0.0 0.0 0.0 20.0 0.0 0.0 0.6930693069306929
35 44 36 0.0 0.0 1.0 0.0 55.0 1.0 0.0 0.6812652068126519
35 44 37 0.0 0.0 76.0 0.0 1786.0 19.0 16.0 0.3642987249544626
35 44 38 0.0 0.0 322.0 0.0 7149.0 15.0 738.0 0.14799154334038053
35 44 39 0.0 0.0 101.0 0.0 2685.0 12.0 42.0 0.2933165723863398
35 44 40 0.0 0.0 239.0 0.0 5528.0 19.0 308.0 0.18064516129032254
35 44 41 0.0 0.0 380.0 0.0 7925.0 20.0 1060.0 0.13600155430347774
35 44 42 0.0 0.0 386.0 0.0 7807.0 22.0 959.0 0.13751104999508887
35 44 43 0.0 0.0 47.0 0.0 1087.0 7.0 5.0 0.44757033248081834
35 44 44 0.0 0.0 38.0 0.0 767.0 5.0 4.0 0.4999999999999999
35 44 45 0.0 0.0 137.0 0.0 3099.0 19.0 72.0 0.2683534598428215
35 44 46 0.0 0.0 1.0 0.0 17.0 0.0 0.0 0.6937561942517343
35 45 36 0.0 0.0 0.0 0.0 3.0 0.0 0.0 0.6989515726410384
35 45 37 0.0 0.0 1.0 0.0 103.0 1.0 0.0 0.6657156443176413
35 45 38 0.0 0.0 45.0 0.0 1031.0 9.0 2.0 0.45647212259536996
35 45 39 0.0 0.0 20.0 0.0 598.0 5.0 3.0 0.5359877488514548
35 45 40 0.0 0.0 17.0 0.0 532.0 5.0 0.0 0.5505308690523003
35 45 41 0.0 0.0 0.0 0.0 202.0 1.0 0.0 0.6360745115856428
35 45 42 0.0 0.0 38.0 0.0 978.0 7.0 5.0 0.4651162790697673
35 45 43 0.0 0.0 0.0 0.0 36.0 0.0 0.0 0.6879606879606879
35 45 44 0.0 0.0 1.0 0.0 33.0 0.0 0.0 0.6882989183874139
35 45 45 0.0 0.0 0.0 0.0 4.0 0.0 0.0 0.6986027944111775
35 45 46 0.0 0.0 0.0 0.0 2.0 0.0 0.0 0.6993006993006992
35 46 37 0.0 0.0 0.0 0.0 1.0 0.0 0.0 0.6996501749125437
35 46 38 0.0 0.0 10.0 0.0 425.0 4.0 1.0 0.5758946935417523
35 46 39 0.0 0.0 134.0 0.0 3071.0 15.0 85.0 0.2696975534579079
35 46 40 0.0 0.0 1.0 0.0 59.0 0.0 0.0 0.6796116504854368
35 46 41 0.0 0.0 1.0 0.0 50.0 1.0 0.0 0.6829268292682925
35 46 42 0.0 0.0 20.0 0.0 391.0 5.0 0.0 0.5818786367414795
35 47 38 0.0 0.0 0.0 0.0 3.0 0.0 0.0 0.6989515726410384
35 47 39 0.0 0.0 0.0 0.0 5.0 0.0 0.0 0.6982543640897755
36 33 37 0.0 0.0 0.0 0.0 2.0 0.0 0.0 0.6993006993006992
36 33 38 0.0 0.0 2.0 0.0 19.0 0.0 0.0 0.6927263730826323
36 33 39 0.0 0.0 0.0 0.0 6.0 0.0 0.0 0.6979062811565303
36 33 40 0.0 0.0 0.0 0.0 1.0 0.0 0.0 0.6996501749125437
36 33 41 0.0 0.0 0.0 0.0 1.0 0.0 0.0 0.6996501749125437
36 34 35 0.0 0.0 0.0 0.0 1.0 0.0 0.0 0.6996501749125437
36 34 36 0.0 0.0 0.0 0.0 14.0 0.0 0.0 0.6951340615690167
36 34 37 0.0 0.0 6.0 0.0 231.0 1.0 0.0 0.6266786034019695
36 34 38 0.0 0.0 0.0 0.0 41.0 0.0 0.0 0.6862745098039215
36 34 39 0.0 0.0 2.0 0.0 39.0 2.0 0.0 0.6866110838646394
36 34 40 0.0 0.0 1.0 0.0 36.0 1.0 0.0 0.6876227897838899
36 34 41 0.0 0.0 1.0 0.0 27.0 0.0 0.0 0.690335305719921
36 34 42 0.0 0.0 0.0 0.0 36.0 0.0 0.0 0.6876227897838899
36 34 43 0.0 0.0 7.0 0.0 99.0 1.0 0.0 0.6650831353919239
36 34 44 0.0 0.0 0.0 0.0 2.0 0.0 0.0 0.6993006993006992
36 35 35 0.0 0.0 0.0 0.0 13.0 0.0 0.0 0.695479384003974
36 35 36 0.0 0.0 46.0 0.0 1120.0 9.0 11.0 0.4434589800443458
36 35 37 0.0 0.0 66.0 0.0 1742.0 14.0 20.0 0.3691009754811494
36 35 38 0.0 0.0 278.0 0.0 6364.0 17.0 523.0 0.16213086276780544
36 35 39 0.0 0.0 52.0 0.0 1554.0 10.0 12.0 0.38953811908736774
36 35 40 0.0 0.0 241.0 0.0 5290.0 16.0 262.0 0.18619497273573613
36 35 41 0.0 0.0 58.0 0.0 1760.0 9.0 16.0 0.3675505381990023
36 35 42 0.0 0.0 74.0 0.0 1588.0 17.0 8.0 0.38408779149519884
36 35 43 0.0 0.0 122.0 0.0 2468.0 17.0 38.0 0.3062117235345581
36 35 44 0.0 0.0 0.0 0.0 42.0 0.0 0.0 0.6856023506366307
36 35 45 0.0 0.0 0.0 0.0 1.0 0.0 0.0 0.6996501749125437
36 36 34 0.0 0.0 2.0 0.0 24.0 1.0 0.0 0.6913580246913579
36 36 35 0.0 0.0 1.0 0.0 73.0 1.0 0.0 0.6756756756756755
36 36 36 0.0 0.0 131.0 0.0 3475.0 12.0 108.0 0.2502681444404719
36 36 37 0.0 0.0 943.0 0.0 12642.0 26.0 7488.0 0.08980691513246519
36 36 38 0.0 0.0 301.0 0.0 7132.0 25.0 757.0 0.14873047912461487
36 36 39 0.0 0.0 338.0 0.0 7229.0 19.0 806.0 0.1465815097895508
36 36 40 0.0 0.0 663.0 0.0 11157.0 33.0 3477.0 0.10140518615094885
36 36 41 0.0 0.0 317.0 0.0 7250.0 20.0 866.0 0.14661221070269134
36 36 42 0.0 0.0 275.0 0.0 6840.0 23.0 725.0 0.15393073117097306
36 36 43 0.0 0.0 248.0 0.0 5326.0 17.0 270.0 0.18516069303002247
36 36 44 0.0 0.0 42.0 0.0 944.0 9.0 4.0 0.47027208599260995
36 36 45 0.0 0.0 0.0 0.0 2.0 0.0 0.0 0.6993006993006992
36 37 34 0.0 0.0 4.0 0.0 82.0 1.0 0.0 0.6714628297362109
36 37 35 0.0 0.0 7.0 0.0 425.0 1.0 3.0 0.5763688760806915
36 37 36 0.0 0.0 216.0 0.0 5387.0 16.0 309.0 0.1843560705820384
36 37 37 0.0 0.0 778.0 0.0 12077.0 28.0 5552.0 0.09432691011992993
36 37 38 0.0 0.0 629.0 0.0 11222.0 35.0 3759.0 0.10119262739428984
36 37 39 0.0 0.0 1162.0 0.0 13340.0 36.0 12320.0 0.08488449645304068
36 37 40 0.0 0.0 1161.0 0.0 13373.0 37.0 12065.0 0.08472012102874431
36 37 41 0.0 0.0 1042.0 0.0 13000.0 28.0 11518.0 0.08724915866882711
36 37 42 0.0 0.0 350.0 0.0 8347.0 32.0 1414.0 0.1311844077961019
36 37 43 0.0 0.0 311.0 0.0 6619.0 21.0 518.0 0.15712682379349044
36 37 44 0.0 0.0 124.0 0.0 2702.0 10.0 36.0 0.2906976744186046
36 37 45 0.0 0.0 25.0 0.0 883.0 6.0 3.0 0.48242591316333555
36 38 33 0.0 0.0 0.0 0.0 2.0 0.0 0.0 0.6993006993006992
36 38 34 0.0 0.0 0.0 0.0 37.0 1.0 0.0 0.6876227897838899
36 38 35 0.0 0.0 25.0 0.0 724.0 6.0 4.0 0.5105762217359591
36 38 36 0.0 0.0 587.0 0.0 10545.0 24.0 2853.0 0.10663416863432096
36 38 37 0.0 0.0 408.0 0.0 8362.0 20.0 1272.0 0.13019622430949498
36 38 38 0.0 0.0 947.0 0.0 13033.0 21.0 8797.0 0.08757662955085699
36 38 39 0.0 0.0 1174.0 0.0 13504.0 30.0 12499.0 0.08398824164616953
36 38 40 0.0 0.0 1361.0 0.0 13739.0 36.0 16705.0 0.08187613310719924
36 38 41 0.0 0.0 1049.0 0.0 13158.0 29.0 9684.0 0.08640375239153242
36 38 42 0.0 0.0 893.0 0.0 12845.0 29.0 7164.0 0.0889792805389602
36 38 43 0.0 0.0 359.0 0.0 8057.0 27.0 1264.0 0.13470605215048587
36 38 44 0.0 0.0 426.0 0.0 9151.0 20.0 1999.0 0.1210758453688489
36 38 45 0.0 0.0 45.0 0.0 1056.0 9.0 8.0 0.45292785506308625
36 38 46 0.0 0.0 3.0 0.0 135.0 1.0 0.0 0.6551240056153486
36 38 47 0.0 0.0 0.0 0.0 1.0 0.0 0.0 0.0
36 39 33 0.0 0.0 0.0 0.0 1.0 0.0 0.0 0.6996501749125437
36 39 34 0.0 0.0 7.0 0.0 152.0 2.0 0.0 0.6490496059341677
36 39 35 0.0 0.0 87.0 0.0 2228.0 13.0 25.0 0.3254300325430032
36 39 36 0.0 0.0 305.0 0.0 6634.0 17.0 588.0 0.15675736199753665
36 39 37 0.0 0.0 893.0 0.0 12692.0 32.0 7375.0 0.08990495761623427
36 39 38 0.0 0.0 1417.0 0.0 13284.0 42.0 19306.0 0.08383735553027127
36 39 39 0.0 0.0 1598.0 0.0 13740.0 50.0 20164.0 0.08081274532440544
36 39 40 0.0 0.0 1327.0 0.0 13659.0 38.0 15365.0 0.08243052284503061
36 39 41 0.0 0.0 1195.0 0.0 14014.0 40.0 9319.0 0.0813953488372093
36 39 42 0.0 0.0 1659.0 0.0 13357.0 47.0 23106.0 0.08228034087569791
36 39 43 0.0 0.0 844.0 0.0 12675.0 38.0 6708.0 0.09028763059460854
36 39 44 0.0 0.0 509.0 0.0 10148.0 23.0 2871.0 0.11065444198545682
36 39 45 0.0 0.0 265.0 0.0 6184.0 23.0 518.0 0.1660538488909975
36 39 46 0.0 0.0 1.0 0.0 75.0 0.0 0.0 0.6743737957610789
36 39 47 0.0 0.0 0.0 0.0 1.0 0.0 0.0 0.6996501749125437
36 40 33 0.0 0.0 0.0 0.0 2.0 0.0 0.0 0.6993006993006992
36 40 34 0.0 0.0 0.0 0.0 32.0 0.0 0.0 0.6889763779527558
36 40 35 0.0 0.0 120.0 0.0 2860.0 15.0 62.0 0.2819738167170191
36 40 36 0.0 0.0 274.0 0.0 5855.0 21.0 405.0 0.1726051041795093
36 40 37 0.0 0.0 744.0 0.0 12000.0 21.0 5326.0 0.09501832496267136
36 40 38 0.0 0.0 1379.0 0.0 13596.0 42.0 16367.0 0.08251311369128307
36 40 39 0.0 0.0 1775.0 0.0 12600.0 45.0 28848.0 0.08549096238397655
36 40 40 0.0 0.0 1558.0 0.0 13612.0 37.0 19300.0 0.08147587732060757
36 40 41 0.0 0.0 1189.0 0.0 13559.0 38.0 12365.0 0.08360205422190373
36 40 42 0.0 0.0 984.0 0.0 13153.0 30.0 7530.0 0.08674639073052852
36 40 43 0.0 0.0 1266.0 0.0 13419.0 41.0 14654.0 0.08395802098950524
36 40 44 0.0 0.0 560.0 0.0 10306.0 18.0 2736.0 0.10890704006223258
36 40 45 0.0 0.0 236.0 0.0 5854.0 19.0 528.0 0.17335314512134717
36 40 46 0.0 0.0 18.0 0.0 322.0 6.0 0.0 0.6000857265323617
36 40 47 0.0 0.0 0.0 0.0 2.0 0.0 0.0 0.6993006993006992
36 41 33 0.0 0.0 0.0 0.0 1.0 0.0 0.0 0.6996501749125437
36 41 34 0.0 0.0 0.0 0.0 23.0 0.0 0.0 0.6920415224913494
36 41 35 0.0 0.0 36.0 0.0 1137.0 7.0 5.0 0.44219835754895764
36 41 36 0.0 0.0 451.0 0.0 9133.0 16.0 1609.0 0.12089810017271155
36 41 37 0.0 0.0 694.0 0.0 11559.0 28.0 5161.0 0.09828009828009826
36 41 38 0.0 0.0 1340.0 0.0 13479.0 31.0 16903.0 0.0831551437396056
36 41 39 0.0 0.0 1519.0 0.0 13102.0 37.0 21760.0 0.08417508417508417
36 41 40 0.0 0.0 1349.0 0.0 13768.0 37.0 14595.0 0.08177570093457943
36 41 41 0.0 0.0 1820.0 0.0 12839.0 51.0 27210.0 0.08404874827399891
36 41 42 0.0 0.0 1736.0 0.0 13011.0 48.0 25914.0 0.08360704687966555
36 41 43 0.0 0.0 1068.0 0.0 13281.0 39.0 10607.0 0.08567931456548346
36 41 44 0.0 0.0 441.0 0.0 9096.0 21.0 1727.0 0.1214750542299349
36 41 45 0.0 0.0 350.0 0.0 7461.0 21.0 893.0 0.142900888026947
36 41 46 0.0 0.0 51.0 0.0 1098.0 10.0 8.0 0.4461440407903122
36 41 47 0.0 0.0 0.0 0.0 3.0 0.0 0.0 0.6989515726410384
36 42 34 0.0 0.0 0.0 0.0 5.0 0.0 0.0 0.6982543640897755
36 42 35 0.0 0.0 8.0 0.0 284.0 2.0 1.0 0.6113537117903929
36 42 36 0.0 0.0 291.0 0.0 6257.0 21.0 476.0 0.16406890894175552
36 42 37 0.0 0.0 457.0 0.0 9168.0 29.0 1703.0 0.12068965517241377
36 42 38 0.0 0.0 736.0 0.0 11610.0 29.0 3899.0 0.09771077610273589
36 42 39 0.0 0.0 1046.0 0.0 13194.0 29.0 10086.0 0.08626001232285889
36 42 40 0.0 0.0 1108.0 0.0 13376.0 36.0 11477.0 0.0849772382397572
36 42 41 0.0 0.0 1334.0 0.0 13769.0 43.0 13948.0 0.08189050070191857
36 42 42 0.0 0.0 1496.0 0.0 13014.0 40.0 21994.0 0.08479709267110841
36 42 43 0.0 0.0 1022.0 0.0 13239.0 30.0 9846.0 0.08611145282322548
36 42 44 0.0 0.0 572.0 0.0 10622.0 24.0 2740.0 0.10620543164921861
36 42 45 0.0 0.0 157.0 0.0 3587.0 19.0 88.0 0.24449877750611246
36 42 46 0.0 0.0 14.0 0.0 341.0 2.0 0.0 0.5949851253718657
36 42 47 0.0 0.0 0.0 0.0 1.0 0.0 0.0 0.6996501749125437
36 43 34 0.0 0.0 2.0 0.0 3.0 0.0 0.0 0.6982543640897755
36 43 35 0.0 0.0 5.0 0.0 89.0 1.0 0.0 0.668896321070234
36 43 36 0.0 0.0 17.0 0.0 483.0 3.0 0.0 0.5606728073688425
36 43 37 0.0 0.0 426.0 0.0 7953.0 31.0 981.0 0.13513513513513511
36 43 38 0.0 0.0 474.0 0.0 8896.0 15.0 1405.0 0.12316354359109702
36 43 39 0.0 0.0 908.0 0.0 12685.0 37.0 7951.0 0.08981267641775724
36 43 40 0.0 0.0 1064.0 0.0 13336.0 26.0 9595.0 0.08534503779565958
36 43 41 0.0 0.0 703.0 0.0 11788.0 17.0 4272.0 0.09657170449058425
36 43 42 0.0 0.0 705.0 0.0 11838.0 29.0 4790.0 0.096325856612082
36 43 43 0.0 0.0 798.0 0.0 12172.0 30.0 5057.0 0.09360791655522865
36 43 44 0.0 0.0 588.0 0.0 10708.0 19.0 3456.0 0.10527898932170249
36 43 45 0.0 0.0 314.0 0.0 7281.0 16.0 864.0 0.1460310837592573
36 43 46 0.0 0.0 0.0 0.0 36.0 1.0 0.0 0.6882989183874139
36 43 47 0.0 0.0 0.0 0.0 3.0 0.0 0.0 0.6989515726410384
36 44 35 0.0 0.0 0.0 0.0 3.0 0.0 0.0 0.6989515726410384
36 44 36 0.0 0.0 1.0 0.0 99.0 1.0 0.0 0.6669842782277274
36 44 37 0.0 0.0 49.0 0.0 1437.0 10.0 14.0 0.4027617951668584
36 44 38 0.0 0.0 558.0 0.0 10489.0 21.0 3244.0 0.10735373054213633
36 44 39 0.0 0.0 513.0 0.0 9484.0 23.0 1838.0 0.11685168182956344
36 44 40 0.0 0.0 491.0 0.0 9387.0 23.0 1861.0 0.1180139930877518
36 44 41 0.0 0.0 818.0 0.0 12141.0 33.0 6005.0 0.09367054730362638
36 44 42 0.0 0.0 412.0 0.0 8186.0 22.0 1321.0 0.13228763110649153
36 44 43 0.0 0.0 143.0 0.0 3236.0 16.0 82.0 0.26104792093977247
36 44 44 0.0 0.0 167.0 0.0 3989.0 20.0 151.0 0.2281244907935473
36 44 45 0.0 0.0 83.0 0.0 1967.0 17.0 24.0 0.3472222222222222
36 44 46 0.0 0.0 0.0 0.0 37.0 1.0 0.0 0.6879606879606879
36 45 36 0.0 0.0 0.0 0.0 2.0 0.0 0.0 0.6993006993006992
36 45 37 0.0 0.0 34.0 0.0 1024.0 7.0 3.0 0.45901639344262285
36 45 38 0.0 0.0 127.0 0.0 2703.0 20.0 42.0 0.2911208151382823
36 45 39 0.0 0.0 548.0 0.0 10228.0 32.0 2804.0 0.10975227343994981
36 45 40 0.0 0.0 239.0 0.0 5951.0 18.0 425.0 0.17133765756945293
36 45 41 0.0 0.0 451.0 0.0 8486.0 27.0 1229.0 0.12828736369467605
36 45 42 0.0 0.0 159.0 0.0 3476.0 15.0 95.0 0.24906600249066
36 45 43 0.0 0.0 88.0 0.0 2182.0 7.0 25.0 0.32840722495894903
36 45 44 0.0 0.0 6.0 0.0 154.0 2.0 0.0 0.6487488415199257
36 45 45 0.0 0.0 8.0 0.0 241.0 3.0 0.0 0.6233303650934995
36 45 46 0.0 0.0 0.0 0.0 7.0 0.0 0.0 0.6975585450921773
36 46 36 0.0 0.0 0.0 0.0 1.0 0.0 0.0 0.6996501749125437
36 46 37 0.0 0.0 0.0 0.0 11.0 0.0 0.0 0.6965174129353233
36 46 38 0.0 0.0 0.0 0.0 76.0 0.0 0.0 0.6743737957610789
36 46 39 0.0 0.0 2.0 0.0 164.0 1.0 0.0 0.6466512702078521
36 46 40 0.0 0.0 37.0 0.0 800.0 8.0 3.0 0.4948745139625308
36 46 41 0.0 0.0 3.0 0.0 85.0 1.0 0.0 0.670819357930043
36 46 42 0.0 0.0 0.0 0.0 27.0 0.0 0.0 0.6906758756783422
36 46 43 0.0 0.0 0.0 0.0 3.0 0.0 0.0 0.6989515726410384
36 47 38 0.0 0.0 1.0 0.0 14.0 0.0 0.0 0.694789081885856
36 47 39 0.0 0.0 0.0 0.0 2.0 0.0 0.0 0.6993006993006992
37 33 37 0.0 0.0 0.0 0.0 1.0 0.0 0.0 0.6996501749125437
37 33 38 0.0 0.0 0.0 0.0 3.0 0.0 0.0 0.6989515726410384
37 33 39 0.0 0.0 0.0 0.0 7.0 0.0 0.0 0.6975585450921773
37 33 40 0.0 0.0 0.0 0.0 4.0 0.0 0.0 0.6986027944111775
37 33 41 0.0 0.0 1.0 0.0 13.0 0.0 0.0 0.6951340615690167
37 34 34 0.0 0.0 0.0 0.0 18.0 0.0 0.0 0.694100148735746
37 34 35 0.0 0.0 3.0 0.0 137.0 2.0 0.0 0.6548175865294666
37 34 36 0.0 0.0 0.0 0.0 30.0 0.0 0.0 0.689655172413793
37 34 37 0.0 0.0 1.0 0.0 46.0 0.0 0.0 0.6839276990718123
37 34 38 0.0 0.0 161.0 0.0 3662.0 20.0 97.0 0.241254523522316
37 34 39 0.0 0.0 104.0 0.0 1762.0 14.0 17.0 0.3634475597092419
37 34 40 0.0 0.0 120.0 0.0 2490.0 13.0 42.0 0.30448020878642884
37 34 41 0.0 0.0 7.0 0.0 101.0 3.0 0.0 0.6650831353919239
37 34 42 0.0 0.0 0.0 0.0 62.0 0.0 0.0 0.6789524733268669
37 34 43 0.0 0.0 3.0 0.0 97.0 1.0 0.0 0.6673021925643469
37 34 44 0.0 0.0 0.0 0.0 4.0 0.0 0.0 0.6986027944111775
37 35 33 0.0 0.0 9.0 0.0 158.0 2.0 0.0 0.6466512702078521
37 35 34 0.0 0.0 1.0 0.0 38.0 0.0 0.0 0.6866110838646394
37 35 35 0.0 0.0 7.0 0.0 238.0 4.0 0.0 0.6247211066488174
37 35 36 0.0 0.0 95.0 0.0 2655.0 16.0 54.0 0.29573299535276715
37 35 37 0.0 0.0 224.0 0.0 5357.0 20.0 354.0 0.1851362073525522
37 35 38 0.0 0.0 198.0 0.0 4552.0 14.0 149.0 0.20777678836449984
37 35 39 0.0 0.0 352.0 0.0 7401.0 15.0 803.0 0.1436634171369933
37 35 40 0.0 0.0 188.0 0.0 4397.0 25.0 195.0 0.2132520944402132
37 35 41 0.0 0.0 364.0 0.0 7578.0 20.0 854.0 0.1410579345088161
37 35 42 0.0 0.0 381.0 0.0 7446.0 27.0 801.0 0.14269697278564875
37 35 43 0.0 0.0 72.0 0.0 1588.0 13.0 14.0 0.38387715930902105
37 35 44 0.0 0.0 6.0 0.0 98.0 3.0 0.0 0.6663493574488338
37 35 45 0.0 0.0 0.0 0.0 18.0 0.0 0.0 0.6937561942517343
37 36 33 0.0 0.0 0.0 0.0 23.0 0.0 0.0 0.6920415224913494
37 36 34 0.0 0.0 0.0 0.0 84.0 0.0 0.0 0.6717850287907868
37 36 35 0.0 0.0 67.0 0.0 1479.0 14.0 11.0 0.3964882469555366
37 36 36 0.0 0.0 242.0 0.0 5981.0 22.0 430.0 0.17060687301974164
37 36 37 0.0 0.0 519.0 0.0 9508.0 24.0 1874.0 0.11652101539741988
37 36 38 0.0 0.0 650.0 0.0 11481.0 25.0 4362.0 0.09910802775024775
37 36 39 0.0 0.0 1192.0 0.0 13205.0 24.0 14531.0 0.08532423208191126
37 36 40 0.0 0.0 979.0 0.0 13131.0 36.0 7912.0 0.08691873098652758
37 36 41 0.0 0.0 756.0 0.0 12148.0 29.0 6671.0 0.09401652004566516
37 36 42 0.0 0.0 697.0 0.0 11278.0 22.0 3538.0 0.10022191996563819
37 36 43 0.0 0.0 449.0 0.0 8848.0 19.0 1482.0 0.12403650217063877
37 36 44 0.0 0.0 145.0 0.0 3340.0 15.0 80.0 0.2559414990859232
37 36 45 0.0 0.0 1.0 0.0 101.0 0.0 0.0 0.6660323501427211
37 36 46 0.0 0.0 0.0 0.0 10.0 0.0 0.0 0.6965174129353233
37 37 33 0.0 0.0 62.0 0.0 1051.0 8.0 5.0 0.4508856682769726
37 37 34 0.0 0.0 3.0 0.0 123.0 1.0 0.0 0.6588235294117646
37 37 35 0.0 0.0 311.0 0.0 6992.0 25.0 674.0 0.15076459185871202
37 37 36 0.0 0.0 398.0 0.0 8452.0 18.0 1197.0 0.12913937828613595
37 37 37 0.0 0.0 1358.0 0.0 13148.0 40.0 18228.0 0.08478168715557438
37 37 38 0.0 0.0 1439.0 0.0 13499.0 39.0 19043.0 0.08266414737836561
37 37 39 0.0 0.0 1251.0 0.0 13623.0 33.0 13186.0 0.08296787957804906
37 37 40 0.0 0.0 1810.0 0.0 12709.0 50.0 28309.0 0.08484848484848484
37 37 41 0.0 0.0 1203.0 0.0 13543.0 46.0 12754.0 0.08369701679918692
37 37 42 0.0 0.0 1360.0 0.0 12947.0 40.0 18527.0 0.08584217303329449
37 37 43 0.0 0.0 609.0 0.0 10670.0 30.0 2973.0 0.10558069381598792
37 37 44 0.0 0.0 332.0 0.0 6643.0 24.0 533.0 0.15638963360142982
37 37 45 0.0 0.0 122.0 0.0 2791.0 15.0 67.0 0.2859477124183006
37 37 46 0.0 0.0 13.0 0.0 344.0 1.0 1.0 0.5942275042444821
37 38 33 0.0 0.0 3.0 0.0 197.0 2.0 0.0 0.6369426751592355
37 38 34 0.0 0.0 16.0 0.0 503.0 2.0 1.0 0.5564387917329093
37 38 35 0.0 0.0 246.0 0.0 5556.0 21.0 327.0 0.17980991523246853
37 38 36 0.0 0.0 474.0 0.0 9883.0 27.0 2454.0 0.11346138260799091
37 38 37 0.0 0.0 1065.0 0.0 13097.0 38.0 11463.0 0.08664438668151997
37 38 38 0.0 0.0 1781.0 0.0 13747.0 42.0 22819.0 0.0798585363071131
37 38 39 0.0 0.0 2527.0 0.0 11586.0 59.0 45577.0 0.08688097306689835
37 38 40 0.0 0.0 2391.0 0.0 12172.0 55.0 39619.0 0.08446455505279034
37 38 41 0.0 0.0 2560.0 0.0 10921.0 65.0 50164.0 0.09044511919374636
37 38 42 0.0 0.0 1495.0 0.0 13535.0 37.0 19201.0 0.08214998239643234
37 38 43 0.0 0.0 687.0 0.0 11690.0 16.0 4971.0 0.09735744089012517
37 38 44 0.0 0.0 502.0 0.0 9866.0 24.0 2346.0 0.11336032388663965
37 38 45 0.0 0.0 277.0 0.0 5993.0 24.0 433.0 0.16973811833171676
37 38 46 0.0 0.0 2.0 0.0 157.0 2.0 1.0 0.6490496059341677
37 38 47 0.0 0.0 0.0 0.0 1.0 0.0 0.0 0.6996501749125437
37 39 33 0.0 0.0 0.0 0.0 33.0 0.0 0.0 0.6886374815543531
37 39 34 0.0 0.0 87.0 0.0 2492.0 12.0 46.0 0.3065469673746441
37 39 35 0.0 0.0 316.0 0.0 6685.0 22.0 582.0 0.1557632398753894
37 39 36 0.0 0.0 922.0 0.0 12797.0 30.0 7009.0 0.08915493854677449
37 39 37 0.0 0.0 1204.0 0.0 13377.0 50.0 13902.0 0.08451044307618012
37 39 38 0.0 0.0 1765.0 0.0 13568.0 48.0 23008.0 0.08080341683019737
37 39 39 0.0 0.0 2329.0 0.0 13254.0 56.0 33322.0 0.07964048011832299
37 39 40 0.0 0.0 2447.0 1.0 13024.0 60.0 36149.0 0.08009611533840608
37 39 41 0.0 0.0 2107.0 0.0 13805.0 50.0 26938.0 0.07816862088218872
37 39 42 0.0 1.0 1592.0 4.0 13541.0 39.0 19766.0 0.08162789341729344
37 39 43 0.0 0.0 1785.0 0.0 12698.0 48.0 27612.0 0.0848536274925753
37 39 44 0.0 0.0 785.0 0.0 12120.0 26.0 5128.0 0.09399758291929634
37 39 45 0.0 0.0 422.0 0.0 8638.0 22.0 1392.0 0.12669683257918551
37 39 46 0.0 0.0 98.0 0.0 2378.0 18.0 31.0 0.3139013452914797
37 39 47 0.0 0.0 0.0 0.0 2.0 0.0 0.0 0.6993006993006992
37 40 33 0.0 0.0 0.0 0.0 9.0 0.0 0.0 0.6968641114982577
37 40 34 0.0 0.0 110.0 0.0 2344.0 12.0 29.0 0.3151733453399369
37 40 35 0.0 0.0 443.0 0.0 8827.0 24.0 1437.0 0.1244223249200142
37 40 36 0.0 0.0 701.0 0.0 11669.0 33.0 4352.0 0.09757457485363812
37 40 37 0.0 0.0 1134.0 0.0 13744.0 38.0 10358.0 0.08300231220726861
37 40 38 0.0 0.0 2011.0 0.0 13591.0 41.0 27517.0 0.07944163876751971
37 40 39 0.0 1.0 3031.0 2.0 10754.0 57.0 57873.0 0.08856275303643724
37 40 40 0.0 0.0 2673.0 1.0 12682.0 65.0 40447.0 0.08071025020177562
37 40 41 0.0 0.0 2450.0 1.0 12836.0 59.0 37447.0 0.08101851851851852
37 40 42 0.0 0.0 2064.0 0.0 12935.0 46.0 31508.0 0.08231904509907684
37 40 43 0.0 0.0 1469.0 0.0 13305.0 58.0 18754.0 0.08353720389044691
37 40 44 0.0 0.0 1106.0 0.0 13011.0 32.0 13397.0 0.08686480114165165
37 40 45 0.0 0.0 273.0 0.0 6205.0 22.0 501.0 0.16546507505023045
37 40 46 0.0 0.0 0.0 0.0 189.0 0.0 1.0 0.639853747714808
37 40 47 0.0 0.0 0.0 0.0 8.0 0.0 0.0 0.6975585450921773
37 41 33 0.0 0.0 0.0 0.0 4.0 0.0 0.0 0.6986027944111775
37 41 34 0.0 0.0 55.0 0.0 1074.0 14.0 3.0 0.44943820224719094
37 41 35 0.0 0.0 140.0 0.0 3279.0 21.0 89.0 0.25935531678399404
37 41 36 0.0 0.0 628.0 0.0 10751.0 30.0 2860.0 0.104806108698907
37 41 37 0.0 0.0 918.0 0.0 13144.0 41.0 8249.0 0.08729812309035354
37 41 38 0.0 0.0 1974.0 0.0 12803.0 63.0 30411.0 0.0834824090638044
37 41 39 0.0 0.0 2529.0 1.0 12222.0 61.0 41713.0 0.08368701058042918
37 41 40 0.0 1.0 2535.0 3.0 12584.0 62.0 39690.0 0.08179003330022784
37 41 41 0.0 0.0 2582.0 0.0 11954.0 63.0 44040.0 0.08466376390904692
37 41 42 0.0 0.0 2581.0 0.0 10536.0 64.0 53504.0 0.09261709446943635
37 41 43 0.0 0.0 1365.0 0.0 13841.0 27.0 14772.0 0.08141428239125377
37 41 44 0.0 0.0 699.0 0.0 11717.0 27.0 4252.0 0.09722222222222221
37 41 45 0.0 0.0 548.0 0.0 10179.0 27.0 2722.0 0.11020151133501259
37 41 46 0.0 0.0 49.0 0.0 1099.0 9.0 3.0 0.4460019114367632
37 41 47 0.0 0.0 1.0 0.0 10.0 1.0 0.0 0.6965174129353233
37 42 33 0.0 0.0 0.0 0.0 4.0 0.0 0.0 0.6986027944111775
37 42 34 0.0 0.0 20.0 0.0 535.0 4.0 2.0 0.5485893416927898
37 42 35 0.0 0.0 261.0 0.0 5862.0 22.0 400.0 0.17269026766991488
37 42 36 0.0 0.0 297.0 0.0 6730.0 20.0 667.0 0.1553484243231247
37 42 37 0.0 0.0 801.0 0.0 12514.0 25.0 7354.0 0.09148532967392013
37 42 38 0.0 0.0 1679.0 0.0 13169.0 49.0 24252.0 0.08314032899815903
37 42 39 0.0 1.0 1907.0 3.0 13325.0 40.0 27514.0 0.08116883116883115
37 42 40 0.0 0.0 2197.0 0.0 12702.0 59.0 34547.0 0.08295313148071339
37 42 41 0.0 0.0 1704.0 2.0 13586.0 41.0 22335.0 0.08098102730217491
37 42 42 0.0 0.0 1768.0 0.0 13227.0 48.0 25107.0 0.08234809717075466
37 42 43 0.0 0.0 1746.0 0.0 12782.0 53.0 26571.0 0.08476628723661903
37 42 44 0.0 0.0 1014.0 0.0 12999.0 30.0 9411.0 0.08747266479225241
37 42 45 0.0 0.0 266.0 0.0 5492.0 25.0 286.0 0.18104228630544417
37 42 46 0.0 0.0 126.0 0.0 3157.0 15.0 76.0 0.2657050673752135
37 42 47 0.0 0.0 1.0 0.0 11.0 0.0 0.0 0.6958250497017892
37 43 33 0.0 0.0 0.0 0.0 3.0 0.0 0.0 0.6989515726410384
37 43 34 0.0 0.0 1.0 0.0 37.0 0.0 0.0 0.6869479882237487
37 43 35 0.0 0.0 50.0 0.0 1516.0 12.0 11.0 0.3938115330520393
37 43 36 0.0 0.0 222.0 0.0 4530.0 15.0 185.0 0.2077459563733491
37 43 37 0.0 0.0 424.0 0.0 8733.0 19.0 1545.0 0.1255943303130887
37 43 38 0.0 0.0 1139.0 0.0 13330.0 22.0 12356.0 0.08499787505312366
37 43 39 0.0 0.0 1488.0 0.0 13631.0 44.0 18418.0 0.08184741303712363
37 43 40 0.0 0.0 1364.0 0.0 13798.0 44.0 14722.0 0.0815803274867432
37 43 41 0.0 0.0 1670.0 0.0 12547.0 33.0 26814.0 0.08628659476117102
37 43 42 0.0 0.0 967.0 0.0 13001.0 32.0 8927.0 0.08779080704834764
37 43 43 0.0 0.0 1111.0 0.0 13291.0 37.0 11309.0 0.08539709649871903
37 43 44 0.0 0.0 487.0 0.0 9493.0 17.0 1935.0 0.11689070718877848
37 43 45 0.0 0.0 120.0 0.0 3453.0 9.0 136.0 0.25157232704402516
37 43 46 0.0 0.0 42.0 0.0 1170.0 1.0 11.0 0.4361370716510903
37 43 47 0.0 0.0 0.0 0.0 7.0 0.0 0.0 0.6975585450921773
37 44 33 0.0 0.0 0.0 0.0 2.0 0.0 0.0 0.6993006993006992
37 44 34 0.0 0.0 0.0 0.0 3.0 0.0 0.0 0.6989515726410384
37 44 35 0.0 0.0 2.0 0.0 58.0 0.0 0.0 0.6796116504854368
37 44 36 0.0 0.0 21.0 0.0 630.0 3.0 1.0 0.5287009063444108
37 44 37 0.0 0.0 148.0 0.0 3305.0 19.0 80.0 0.257494942063638
37 44 38 0.0 0.0 486.0 0.0 9036.0 22.0 1463.0 0.12162279558682998
37 44 39 0.0 0.0 1201.0 0.0 13125.0 34.0 14086.0 0.08581060373889059
37 44 40 0.0 0.0 602.0 0.0 10737.0 30.0 3008.0 0.10507355148604021
37 44 41 0.0 0.0 759.0 1.0 11892.0 27.0 5267.0 0.09560882332855289
37 44 42 0.0 0.0 392.0 0.0 8398.0 22.0 1348.0 0.1298821783096762
37 44 43 0.0 0.0 482.0 0.0 9409.0 24.0 1843.0 0.11780545270952539
37 44 44 0.0 0.0 468.0 0.0 8859.0 25.0 1477.0 0.1237952073569723
37 44 45 0.0 0.0 318.0 0.0 7098.0 20.0 778.0 0.14887282007656313
37 44 46 0.0 0.0 91.0 0.0 2045.0 15.0 22.0 0.33964095099466274
37 44 47 0.0 0.0 0.0 0.0 2.0 0.0 0.0 0.6993006993006992
37 45 33 0.0 0.0 0.0 0.0 1.0 0.0 0.0 0.6996501749125437
37 45 34 0.0 0.0 0.0 0.0 1.0 0.0 0.0 0.6996501749125437
37 45 35 0.0 0.0 0.0 0.0 22.0 0.0 0.0 0.6923837784371908
37 45 36 0.0 0.0 13.0 0.0 316.0 4.0 0.0 0.6021505376344085
37 45 37 0.0 0.0 56.0 0.0 1157.0 12.0 6.0 0.43763676148796493
37 45 38 0.0 0.0 217.0 0.0 4986.0 17.0 246.0 0.19476905954368387
37 45 39 0.0 0.0 450.0 0.0 9063.0 23.0 1705.0 0.12171796209354892
37 45 40 0.0 0.0 409.0 0.0 8201.0 30.0 1210.0 0.13220018885741264
37 45 41 0.0 0.0 193.0 0.0 4201.0 20.0 184.0 0.2196422968308754
37 45 42 0.0 0.0 74.0 0.0 2009.0 18.0 30.0 0.34448818897637795
37 45 43 0.0 0.0 37.0 0.0 1068.0 7.0 6.0 0.4519044544867656
37 45 44 0.0 0.0 32.0 0.0 657.0 8.0 1.0 0.5223880597014925
37 45 45 0.0 0.0 19.0 0.0 338.0 5.0 0.0 0.5954912803062525
37 45 46 0.0 0.0 0.0 0.0 15.0 0.0 0.0 0.694789081885856
37 45 47 0.0 0.0 0.0 0.0 2.0 0.0 0.0 0.6993006993006992
37 46 36 0.0 0.0 0.0 0.0 1.0 0.0 0.0 0.6996501749125437
37 46 37 0.0 0.0 0.0 0.0 16.0 0.0 0.0 0.6944444444444444
37 46 38 0.0 0.0 18.0 0.0 434.0 3.0 3.0 0.5718954248366012
37 46 39 0.0 0.0 61.0 0.0 1475.0 9.0 7.0 0.3969379075701729
37 46 40 0.0 0.0 19.0 0.0 613.0 5.0 2.0 0.5331302361005331
37 46 41 0.0 0.0 3.0 0.0 138.0 3.0 0.0 0.6548175865294666
37 46 42 0.0 0.0 0.0 0.0 56.0 0.0 1.0 0.6809338521400777
37 46 43 0.0 0.0 0.0 0.0 4.0 0.0 0.0 0.6986027944111775
37 46 44 0.0 0.0 0.0 0.0 2.0 0.0 0.0 0.6993006993006992
37 46 45 0.0 0.0 0.0 0.0 2.0 0.0 0.0 0.6993006993006992
37 47 37 0.0 0.0 0.0 0.0 1.0 0.0 0.0 0.6996501749125437
37 47 38 0.0 0.0 0.0 0.0 3.0 0.0 0.0 0.6989515726410384
37 47 39 0.0 0.0 2.0 0.0 23.0 1.0 0.0 0.6916996047430829
38 33 37 0.0 0.0 6.0 0.0 56.0 1.0 0.0 0.6792819019893255
38 33 38 0.0 0.0 0.0 0.0 2.0 0.0 0.0 0.6993006993006992
38 33 39 0.0 0.0 0.0 0.0 8.0 0.0 0.0 0.697211155378486
38 33 40 0.0 0.0 0.0 0.0 8.0 0.0 0.0 0.697211155378486
38 33 41 0.0 0.0 0.0 0.0 8.0 0.0 0.0 0.697211155378486
38 33 42 0.0 0.0 0.0 0.0 4.0 0.0 0.0 0.6986027944111775
38 34 34 0.0 0.0 0.0 0.0 44.0 0.0 0.0 0.684931506849315
38 34 35 0.0 0.0 15.0 0.0 422.0 0.0 2.0 0.5747126436781609
38 34 36 0.0 0.0 11.0 0.0 276.0 2.0 0.0 0.612691466083151
38 34 37 0.0 0.0 1.0 0.0 44.0 0.0 0.0 0.6845965770171147
38 34 38 0.0 0.0 148.0 0.0 3526.0 10.0 108.0 0.24704429151226398
38 34 39 0.0 0.0 69.0 0.0 1610.0 16.0 9.0 0.3824091778202677
38 34 40 0.0 0.0 172.0 0.0 4354.0 24.0 207.0 0.21528525296017217
38 34 41 0.0 0.0 8.0 0.0 248.0 2.0 0.0 0.6211180124223601
38 34 42 0.0 0.0 10.0 0.0 268.0 2.0 0.0 0.6151142355008786
38 34 43 0.0 0.0 0.0 0.0 35.0 0.0 0.0 0.6879606879606879
38 34 44 0.0 0.0 0.0 0.0 4.0 0.0 0.0 0.6986027944111775
38 34 45 0.0 0.0 0.0 0.0 1.0 0.0 0.0 0.6996501749125437
38 35 34 0.0 0.0 18.0 0.0 328.0 4.0 0.0 0.5977796754910332
38 35 35 0.0 0.0 517.0 0.0 9778.0 20.0 2204.0 0.11393229166666664
38 35 36 0.0 0.0 79.0 0.0 1848.0 13.0 20.0 0.3577817531305903
38 35 37 0.0 0.0 21.0 0.0 1072.0 6.0 1.0 0.45351473922902485
38 35 38 0.0 0.0 291.0 0.0 6643.0 21.0 641.0 0.15705631590756114
38 35 39 0.0 0.0 493.0 0.0 9902.0 25.0 2384.0 0.11303084127240433
38 35 40 0.0 0.0 375.0 0.0 8291.0 19.0 1261.0 0.13144305698995395
38 35 41 0.0 0.0 439.0 0.0 8622.0 24.0 1407.0 0.12675418741511996
38 35 42 0.0 0.0 366.0 0.0 8079.0 20.0 1189.0 0.1342796854018799
38 35 43 0.0 0.0 137.0 0.0 3171.0 15.0 72.0 0.2644003777148252
38 35 44 0.0 0.0 11.0 0.0 363.0 3.0 0.0 0.5904681568958244
38 35 45 0.0 0.0 14.0 0.0 333.0 4.0 0.0 0.5975245411865129
38 35 46 0.0 0.0 0.0 0.0 4.0 0.0 0.0 0.6986027944111775
38 36 33 0.0 0.0 13.0 0.0 374.0 6.0 0.0 0.588235294117647
38 36 34 0.0 0.0 120.0 0.0 3013.0 16.0 55.0 0.2735443532629933
38 36 35 0.0 0.0 112.0 0.0 2711.0 19.0 43.0 0.2914238134887593
38 36 36 0.0 0.0 469.0 0.0 9289.0 28.0 1910.0 0.11925042589437816
38 36 37 0.0 0.0 910.0 0.0 12701.0 30.0 7301.0 0.08973783731812063
38 36 38 0.0 0.0 677.0 0.0 11508.0 23.0 4222.0 0.09875846501128667
38 36 39 0.0 0.0 962.0 0.0 13138.0 33.0 7653.0 0.08698353525939732
38 36 40 0.0 0.0 1211.0 0.0 13661.0 34.0 11864.0 0.08301215535131928
38 36 41 0.0 0.0 1071.0 0.0 13238.0 28.0 10652.0 0.08584217303329449
38 36 42 0.0 0.0 576.0 0.0 10445.0 28.0 2763.0 0.1076178030594204
38 36 43 0.0 0.0 326.0 0.0 6834.0 24.0 622.0 0.15320639089516305
38 36 44 0.0 0.0 484.0 0.0 8936.0 30.0 1319.0 0.12283934368693512
38 36 45 0.0 0.0 11.0 0.0 476.0 2.0 2.0 0.5633802816901408
38 36 46 0.0 0.0 18.0 0.0 438.0 2.0 1.0 0.5704971475142624
38 37 33 0.0 0.0 0.0 0.0 62.0 0.0 0.0 0.6789524733268669
38 37 34 0.0 0.0 495.0 0.0 9348.0 25.0 1832.0 0.11833319246048515
38 37 35 0.0 0.0 263.0 0.0 6339.0 22.0 632.0 0.16309412861136996
38 37 36 0.0 0.0 714.0 0.0 11779.0 20.0 4873.0 0.09661169001449174
38 37 37 0.0 0.0 1067.0 0.0 13268.0 38.0 12058.0 0.08574753475837568
38 37 38 0.0 0.0 1473.0 0.0 13560.0 53.0 17942.0 0.08229968843689377
38 37 39 0.0 0.0 2202.0 0.0 12680.0 50.0 34295.0 0.08292365100989159
38 37 40 0.0 0.0 1868.0 0.0 13875.0 36.0 23723.0 0.07889546351084811
38 37 41 0.0 0.0 1735.0 0.0 13479.0 42.0 23683.0 0.08122534230679972
38 37 42 0.0 0.0 1312.0 0.0 13588.0 34.0 14462.0 0.08287456342863907
38 37 43 0.0 0.0 1035.0 0.0 13168.0 26.0 10422.0 0.08640908529811134
38 37 44 0.0 0.0 614.0 0.0 11224.0 28.0 4367.0 0.10129513059836479
38 37 45 0.0 0.0 384.0 0.0 7966.0 20.0 1119.0 0.13537033455811254
38 37 46 0.0 0.0 23.0 0.0 378.0 7.0 0.0 0.5847953216374269
38 37 47 0.0 0.0 1.0 0.0 4.0 0.0 0.0 0.6982543640897755
38 38 33 0.0 0.0 40.0 0.0 799.0 11.0 0.0 0.495049504950495
38 38 34 0.0 0.0 404.0 0.0 8625.0 23.0 1418.0 0.12714558169103624
38 38 35 0.0 0.0 389.0 0.0 7844.0 19.0 984.0 0.13695949911954605
38 38 36 0.0 0.0 960.0 0.0 13167.0 28.0 7910.0 0.08682170542635657
38 38 37 0.0 0.0 1508.0 0.0 13969.0 38.0 17577.0 0.08016491067338524
38 38 38 0.0 0.0 2698.0 1.0 10875.0 47.0 52365.0 0.0897666068222621
38 38 39 0.0 0.0 3094.0 0.0 12012.0 56.0 50402.0 0.08183784415736246
38 38 40 0.0 1.0 2774.0 9.0 13039.0 55.0 39936.0 0.07858546168958741
38 38 41 0.0 0.0 2959.0 1.0 11110.0 66.0 54252.0 0.08712969878018421
38 38 42 0.0 0.0 2284.0 0.0 12654.0 56.0 35818.0 0.08263487191594852
38 38 43 0.0 0.0 1395.0 0.0 13276.0 33.0 18184.0 0.08403865778257998
38 38 44 0.0 0.0 835.0 0.0 12390.0 40.0 5752.0 0.09206892016309351
38 38 45 0.0 0.0 451.0 0.0 8802.0 32.0 1597.0 0.1246105919003115
38 38 46 0.0 0.0 5.0 0.0 194.0 1.0 0.0 0.6369426751592355
38 38 47 0.0 0.0 0.0 0.0 4.0 0.0 0.0 0.6986027944111775
38 39 33 0.0 0.0 0.0 0.0 62.0 1.0 0.0 0.6792819019893255
38 39 34 0.0 0.0 321.0 0.0 7122.0 18.0 887.0 0.14844661223624217
38 39 35 0.0 0.0 687.0 0.0 11345.0 28.0 4227.0 0.09987159366528749
38 39 36 0.0 0.0 1014.0 0.0 13372.0 32.0 9435.0 0.08544921874999999
38 39 37 0.0 1.0 1914.0 7.0 13370.0 53.0 27545.0 0.08102320736153712
38 39 38 0.0 0.0 2816.0 0.0 13010.0 47.0 41192.0 0.07842258570468294
38 39 39 0.0 0.0 3629.0 0.0 8889.0 80.0 79800.0 0.09647853352629039
38 39 40 0.0 0.0 3728.0 0.0 8371.0 68.0 85869.0 0.09932600212841432
38 39 41 0.0 2.0 3168.0 4.0 12061.0 57.0 49469.0 0.08123005512039454
38 39 42 0.0 0.0 2428.0 1.0 13010.0 46.0 35251.0 0.08025682182985554
38 39 43 0.0 0.0 1327.0 1.0 13520.0 52.0 16345.0 0.083184789067142
38 39 44 0.0 0.0 1177.0 0.0 13272.0 35.0 13801.0 0.08516333110286513
38 39 45 0.0 0.0 491.0 0.0 9365.0 26.0 1706.0 0.11825323084719992
38 39 46 0.0 0.0 45.0 0.0 1125.0 10.0 2.0 0.44331855604813164
38 39 47 0.0 0.0 0.0 0.0 10.0 0.0 0.0 0.6965174129353233
38 40 33 0.0 0.0 0.0 0.0 41.0 0.0 0.0 0.6862745098039215
38 40 34 0.0 0.0 141.0 0.0 3519.0 18.0 105.0 0.2480510276399716
38 40 35 0.0 0.0 926.0 0.0 12640.0 34.0 7328.0 0.09000900090009
38 40 36 0.0 0.0 1090.0 0.0 13569.0 28.0 10262.0 0.08402352658744447
38 40 37 0.0 0.0 1473.0 0.0 13701.0 40.0 17477.0 0.081537565521258
38 40 38 0.0 0.0 2966.0 3.0 12432.0 54.0 45406.0 0.08045052292839902
38 40 39 1.0 3.0 3832.0 11.0 9614.0 72.0 75288.0 0.09048019130097587
38 40 40 0.0 5.0 4009.0 25.0 9944.0 79.0 74289.0 0.08759306763436149
38 40 41 0.0 1.0 3720.0 13.0 9929.0 71.0 72246.0 0.08935980085530094
38 40 42 0.0 1.0 2956.0 3.0 11577.0 56.0 50908.0 0.08455127430849135
38 40 43 0.0 0.0 1756.0 0.0 13509.0 44.0 23663.0 0.08105135182076072
38 40 44 0.0 0.0 773.0 0.0 12157.0 27.0 5141.0 0.09385265133740027
38 40 45 0.0 0.0 374.0 0.0 7972.0 25.0 1106.0 0.13560635412630762
38 40 46 0.0 0.0 176.0 0.0 3721.0 18.0 114.0 0.23805475259309636
38 40 47 0.0 0.0 0.0 0.0 17.0 0.0 0.0 0.694100148735746
38 41 32 0.0 0.0 0.0 0.0 1.0 0.0 0.0 0.0
38 41 33 0.0 0.0 0.0 0.0 31.0 1.0 0.0 0.689655172413793
38 41 34 0.0 0.0 49.0 0.0 1340.0 12.0 12.0 0.41456914421083796
38 41 35 0.0 0.0 442.0 0.0 9106.0 17.0 1853.0 0.12130664587124164
38 41 36 0.0 0.0 710.0 0.0 11919.0 39.0 5992.0 0.09584445813650988
38 41 37 0.0 0.0 1418.0 0.0 13480.0 38.0 17549.0 0.08286475288546906
38 41 38 0.0 0.0 2240.0 0.0 13708.0 52.0 30008.0 0.07804225430626009
38 41 39 0.0 0.0 3372.0 2.0 10355.0 62.0 64545.0 0.08894536213468868
38 41 40 0.0 4.0 3618.0 10.0 8371.0 79.0 85878.0 0.09992862241256244
38 41 41 0.0 2.0 3635.0 10.0 10786.0 70.0 63505.0 0.08514261387824605
38 41 42 0.0 0.0 2714.0 6.0 11810.0 62.0 46524.0 0.08471499455403605
38 41 43 0.0 0.0 1678.0 0.0 13625.0 43.0 21617.0 0.08092953349904618
38 41 44 0.0 0.0 913.0 0.0 12751.0 25.0 8908.0 0.08941116362242942
38 41 45 0.0 0.0 550.0 0.0 10598.0 30.0 2993.0 0.10660169039823346
38 41 46 0.0 0.0 200.0 0.0 4571.0 15.0 198.0 0.20713123243083292
38 41 47 0.0 0.0 0.0 0.0 30.0 1.0 0.0 0.6899950714637751
38 42 33 0.0 0.0 0.0 0.0 8.0 0.0 0.0 0.697211155378486
38 42 34 0.0 0.0 110.0 0.0 2541.0 13.0 48.0 0.3017891787023065
38 42 35 0.0 0.0 360.0 0.0 7261.0 23.0 757.0 0.14580295771714225
38 42 36 0.0 0.0 775.0 0.0 12190.0 27.0 5763.0 0.0936204360037448
38 42 37 0.0 0.0 1022.0 0.0 13331.0 22.0 8381.0 0.08562167451532016
38 42 38 0.0 0.0 1671.0 3.0 13513.0 43.0 21857.0 0.08141901715615003
38 42 39 0.0 0.0 2950.0 1.0 11140.0 50.0 54170.0 0.08688097306689835
38 42 40 0.0 6.0 3192.0 19.0 10383.0 76.0 61715.0 0.08975509680728297
38 42 41 0.0 2.0 2981.0 6.0 11174.0 71.0 53824.0 0.08663902469212202
38 42 42 0.0 4.0 1935.0 23.0 13975.0 56.0 24448.0 0.07808578280997266
38 42 43 0.0 0.0 1487.0 0.0 13605.0 36.0 19456.0 0.08193363375665709
38 42 44 0.0 0.0 915.0 0.0 12886.0 33.0 9206.0 0.08865248226950354
38 42 45 0.0 0.0 494.0 0.0 9937.0 21.0 2568.0 0.11272141706924314
38 42 46 0.0 0.0 255.0 0.0 5510.0 15.0 341.0 0.18062185524448454
38 42 47 0.0 0.0 5.0 0.0 95.0 1.0 0.0 0.6669842782277274
38 43 33 0.0 0.0 0.0 0.0 9.0 0.0 0.0 0.6968641114982577
38 43 34 0.0 0.0 153.0 0.0 3291.0 24.0 84.0 0.2583025830258302
38 43 35 0.0 0.0 76.0 0.0 2112.0 19.0 25.0 0.3358925143953934
38 43 36 0.0 0.0 510.0 0.0 9318.0 25.0 1649.0 0.11854360711261641
38 43 37 0.0 0.0 889.0 0.0 12921.0 23.0 7013.0 0.08855154965211891
38 43 38 0.0 0.0 1083.0 1.0 13536.0 39.0 10170.0 0.08433734939759036
38 43 39 0.0 0.0 2120.0 1.0 12189.0 61.0 36040.0 0.08586849852796859
38 43 40 0.0 0.0 1752.0 1.0 12930.0 39.0 25838.0 0.08394795226959284
38 43 41 0.0 5.0 1426.0 46.0 13573.0 27.0 18323.0 0.08203926164664517
38 43 42 0.0 0.0 1354.0 1.0 13837.0 22.0 14898.0 0.08135278052181996
38 43 43 0.0 0.0 911.0 0.0 12932.0 29.0 7730.0 0.08842849924204144
38 43 44 0.0 0.0 1103.0 0.0 12980.0 40.0 12267.0 0.08716224629560453
38 43 45 0.0 0.0 407.0 0.0 8240.0 29.0 1096.0 0.1317275122318404
38 43 46 0.0 0.0 30.0 0.0 691.0 7.0 2.0 0.5158437730287397
38 43 47 0.0 0.0 0.0 0.0 17.0 0.0 0.0 0.694100148735746
38 44 34 0.0 0.0 145.0 0.0 2920.0 14.0 49.0 0.2771728370619678
38 44 35 0.0 0.0 103.0 0.0 2124.0 18.0 25.0 0.33254156769596194
38 44 36 0.0 0.0 417.0 0.0 8728.0 22.0 1580.0 0.12580877066858373
38 44 37 0.0 0.0 626.0 0.0 11145.0 26.0 3920.0 0.10175158078348716
38 44 38 0.0 0.0 721.0 0.0 12018.0 28.0 5147.0 0.09505058048747368
38 44 39 0.0 0.0 690.0 0.0 11441.0 26.0 4138.0 0.09914312017562495
38 44 40 0.0 0.0 1245.0 0.0 13366.0 42.0 15038.0 0.08430687703239792
38 44 41 0.0 0.0 737.0 0.0 12029.0 30.0 4635.0 0.09491525423728812
38 44 42 0.0 0.0 763.0 0.0 12158.0 23.0 6112.0 0.0938337801608579
38 44 43 0.0 0.0 510.0 0.0 9790.0 23.0 2088.0 0.11390448295500771
38 44 44 0.0 0.0 249.0 0.0 6167.0 16.0 521.0 0.16658733936220846
38 44 45 0.0 0.0 206.0 0.0 4705.0 14.0 248.0 0.20292796057399623
38 44 46 0.0 0.0 4.0 0.0 104.0 1.0 1.0 0.664767331433998
38 44 47 0.0 0.0 0.0 0.0 2.0 0.0 0.0 0.6993006993006992
38 45 33 0.0 0.0 0.0 0.0 2.0 0.0 0.0 0.6993006993006992
38 45 34 0.0 0.0 1.0 0.0 46.0 0.0 0.0 0.6839276990718123
38 45 35 0.0 0.0 1.0 0.0 79.0 1.0 0.0 0.6746987951807227
38 45 36 0.0 0.0 21.0 0.0 413.0 6.0 1.0 0.5766062602965403
38 45 37 0.0 0.0 133.0 0.0 2985.0 16.0 48.0 0.2744021952175617
38 45 38 0.0 0.0 277.0 0.0 6970.0 15.0 919.0 0.15144958892254431
38 45 39 0.0 0.0 451.0 0.0 9303.0 31.0 1951.0 0.11932157163555782
38 45 40 0.0 0.0 246.0 0.0 6037.0 18.0 512.0 0.16936849745947252
38 45 41 0.0 0.0 458.0 0.0 9190.0 13.0 1794.0 0.12021294865189763
38 45 42 0.0 0.0 74.0 0.0 1908.0 19.0 15.0 0.3535353535353535
38 45 43 0.0 0.0 74.0 0.0 2284.0 10.0 54.0 0.3219130834674637
38 45 44 0.0 0.0 38.0 0.0 1090.0 11.0 6.0 0.44914982354828353
38 45 45 0.0 0.0 150.0 0.0 2917.0 21.0 60.0 0.2774474831549742
38 45 46 0.0 0.0 0.0 0.0 10.0 0.0 0.0 0.6965174129353233
38 45 47 0.0 0.0 0.0 0.0 1.0 0.0 0.0 0.6996501749125437
38 46 36 0.0 0.0 0.0 0.0 4.0 0.0 0.0 0.6986027944111775
38 46 37 0.0 0.0 3.0 0.0 40.0 2.0 0.0 0.6859382655560998
38 46 38 0.0 0.0 121.0 0.0 2902.0 14.0 56.0 0.27955271565495204
38 46 39 0.0 0.0 113.0 0.0 2111.0 18.0 23.0 0.332699619771863
38 46 40 0.0 0.0 55.0 0.0 1660.0 12.0 12.0 0.37817396002160986
38 46 41 0.0 0.0 45.0 0.0 733.0 7.0 3.0 0.5052327679538072
38 46 42 0.0 0.0 0.0 0.0 59.0 0.0 0.0 0.6799417192812044
38 46 43 0.0 0.0 2.0 0.0 25.0 0.0 0.0 0.6906758756783422
38 46 44 0.0 0.0 2.0 0.0 18.0 1.0 0.0 0.6934125804853887
38 46 45 0.0 0.0 0.0 0.0 5.0 0.0 0.0 0.6982543640897755
38 46 46 0.0 0.0 0.0 0.0 1.0 0.0 0.0 0.6996501749125437
38 47 38 0.0 0.0 0.0 0.0 2.0 0.0 0.0 0.6993006993006992
38 47 39 0.0 0.0 0.0 0.0 3.0 0.0 0.0 0.6989515726410384
38 47 40 0.0 0.0 0.0 0.0 4.0 0.0 0.0 0.6986027944111775
38 47 41 0.0 0.0 0.0 0.0 4.0 0.0 0.0 0.6986027944111775
38 47 42 0.0 0.0 0.0 0.0 3.0 0.0 0.0 0.6989515726410384
38 47 43 0.0 0.0 4.0 0.0 56.0 0.0 0.0 0.6796116504854368
38 48 37 0.0 0.0 0.0 0.0 2.0 0.0 0.0 0.6993006993006992
39 33 37 0.0 0.0 0.0 0.0 5.0 0.0 0.0 0.6982543640897755
39 33 38 0.0 0.0 0.0 0.0 9.0 0.0 0.0 0.6968641114982577
39 33 39 0.0 0.0 0.0 0.0 21.0 0.0 0.0 0.6927263730826323
39 33 40 0.0 0.0 0.0 0.0 26.0 0.0 0.0 0.6913580246913579
39 33 41 0.0 0.0 3.0 0.0 71.0 0.0 0.0 0.6750241080038573
39 34 34 0.0 0.0 2.0 0.0 134.0 1.0 1.0 0.6557377049180326
39 34 35 0.0 0.0 2.0 0.0 89.0 0.0 0.0 0.669536107125777
39 34 36 0.0 0.0 18.0 0.0 449.0 6.0 0.0 0.5688744412840308
39 34 37 0.0 0.0 56.0 0.0 1776.0 16.0 32.0 0.3668763102725366
39 34 38 0.0 0.0 25.0 0.0 834.0 7.0 2.0 0.4910557699052963
39 34 39 0.0 0.0 19.0 0.0 665.0 5.0 1.0 0.522583053378126
39 34 40 0.0 0.0 151.0 0.0 3127.0 16.0 78.0 0.26610910473294047
39 34 41 0.0 0.0 119.0 0.0 3150.0 17.0 80.0 0.26641294005708843
39 34 42 0.0 0.0 28.0 0.0 965.0 5.0 3.0 0.46854082998661306
39 34 43 0.0 0.0 16.0 0.0 428.0 5.0 3.0 0.5740057400574005
39 34 44 0.0 0.0 0.0 0.0 19.0 0.0 0.0 0.6934125804853887
39 34 45 0.0 0.0 0.0 0.0 7.0 0.0 0.0 0.6975585450921773
39 35 34 0.0 0.0 4.0 0.0 138.0 3.0 0.0 0.6545114539504441
39 35 35 0.0 0.0 41.0 0.0 923.0 8.0 1.0 0.4736129905277401
39 35 36 0.0 0.0 134.0 0.0 3140.0 21.0 76.0 0.2664636467453368
39 35 37 0.0 0.0 277.0 0.0 6518.0 24.0 587.0 0.15952597994530537
39 35 38 0.0 0.0 282.0 0.0 6311.0 21.0 540.0 0.16330339437769742
39 35 39 0.0 0.0 555.0 0.0 10450.0 24.0 2858.0 0.10773374374759521
39 35 40 0.0 0.0 425.0 0.0 8257.0 20.0 1066.0 0.13128282070517627
39 35 41 0.0 0.0 617.0 0.0 10813.0 29.0 3532.0 0.10438413361169102
39 35 42 0.0 0.0 317.0 0.0 7211.0 17.0 774.0 0.14713610089332632
39 35 43 0.0 0.0 30.0 0.0 1081.0 8.0 7.0 0.45117628101836926
39 35 44 0.0 0.0 96.0 0.0 2889.0 15.0 73.0 0.2816901408450704
39 35 45 0.0 0.0 0.0 0.0 86.0 0.0 0.0 0.6711409395973154
39 35 46 0.0 0.0 7.0 0.0 197.0 2.0 1.0 0.6357856494096276
39 36 33 0.0 0.0 0.0 0.0 25.0 0.0 0.0 0.6913580246913579
39 36 34 0.0 0.0 20.0 0.0 609.0 6.0 3.0 0.5337399923751428
39 36 35 0.0 0.0 455.0 0.0 9030.0 18.0 1599.0 0.12201499041310788
39 36 36 0.0 0.0 776.0 0.0 12152.0 28.0 6174.0 0.09377093101138645
39 36 37 0.0 0.0 764.0 0.0 12088.0 26.0 5216.0 0.09435233859010647
39 36 38 0.0 0.0 1021.0 0.0 13209.0 34.0 10029.0 0.08632383771118508
39 36 39 0.0 0.0 1028.0 0.0 13375.0 27.0 9545.0 0.08540230586225828
39 36 40 0.0 0.0 1436.0 0.0 13076.0 47.0 20592.0 0.08483306065563835
39 36 41 0.0 0.0 1099.0 0.0 13464.0 38.0 9739.0 0.08459214501510573
39 36 42 0.0 0.0 828.0 0.0 12575.0 26.0 6633.0 0.09088548428979484
39 36 43 0.0 0.0 394.0 0.0 8434.0 19.0 1294.0 0.12948575656677763
39 36 44 0.0 0.0 427.0 0.0 8379.0 30.0 1430.0 0.12987012987012986
39 36 45 0.0 0.0 383.0 0.0 7534.0 22.0 868.0 0.1414141414141414
39 36 46 0.0 0.0 10.0 0.0 114.0 3.0 0.0 0.66006600660066
39 36 47 0.0 0.0 0.0 0.0 2.0 0.0 0.0 0.6993006993006992
39 37 33 0.0 0.0 0.0 0.0 78.0 0.0 0.0 0.6737247353224253
39 37 34 0.0 0.0 164.0 0.0 3606.0 16.0 90.0 0.24330900243308998
39 37 35 0.0 0.0 770.0 0.0 12043.0 35.0 4861.0 0.09461377306210718
39 37 36 0.0 0.0 1162.0 0.0 13189.0 29.0 13456.0 0.08558503484533561
39 37 37 0.0 0.0 1625.0 0.0 13259.0 34.0 22758.0 0.08290891863081841
39 37 38 0.0 0.0 1908.0 0.0 13182.0 50.0 26951.0 0.08195281859158227
39 37 39 0.0 0.0 2010.0 0.0 13325.0 54.0 28723.0 0.08076146524372656
39 37 40 0.0 0.0 2703.0 0.0 11766.0 71.0 46720.0 0.08504951096531194
39 37 41 0.0 0.0 2471.0 0.0 11879.0 55.0 42226.0 0.0855798031664527
39 37 42 0.0 0.0 1461.0 0.0 13881.0 40.0 16293.0 0.08077078405353948
39 37 43 0.0 0.0 1373.0 0.0 13303.0 51.0 18140.0 0.08403865778257998
39 37 44 0.0 0.0 696.0 0.0 11813.0 30.0 4549.0 0.09657170449058425
39 37 45 0.0 0.0 263.0 0.0 5946.0 21.0 414.0 0.17094017094017094
39 37 46 0.0 0.0 89.0 0.0 1918.0 12.0 14.0 0.35043804755944924
39 37 47 0.0 0.0 1.0 0.0 15.0 0.0 0.0 0.6944444444444444
39 38 32 0.0 0.0 0.0 0.0 1.0 0.0 0.0 0.6996501749125437
39 38 33 0.0 0.0 54.0 0.0 1426.0 9.0 12.0 0.4033419763756842
39 38 34 0.0 0.0 85.0 0.0 2516.0 13.0 53.0 0.30507735890172144
39 38 35 0.0 0.0 917.0 0.0 12808.0 26.0 8136.0 0.0890302066772655
39 38 36 0.0 0.0 1454.0 0.0 13425.0 44.0 18144.0 0.08302692444549875
39 38 37 0.0 0.0 2123.0 0.0 12413.0 47.0 35421.0 0.08463305525329463
39 38 38 0.0 1.0 2900.0 5.0 11963.0 74.0 48000.0 0.08299247139723752
39 38 39 0.0 0.0 3417.0 2.0 11974.0 69.0 52773.0 0.08051529790660224
39 38 40 0.0 1.0 3721.0 2.0 9181.0 73.0 77355.0 0.09395342594456747
39 38 41 0.0 0.0 2990.0 1.0 12803.0 65.0 43319.0 0.07869589657110734
39 38 42 0.0 0.0 2598.0 3.0 11891.0 52.0 45137.0 0.08488964346349745
39 38 43 0.0 1.0 1441.0 2.0 13725.0 47.0 17435.0 0.0815233214930414
39 38 44 0.0 0.0 1175.0 0.0 13259.0 32.0 13622.0 0.0852307317667113
39 38 45 0.0 0.0 189.0 0.0 4225.0 15.0 154.0 0.218681661980631
39 38 46 0.0 0.0 175.0 0.0 3954.0 17.0 144.0 0.2290950744558992
39 38 47 0.0 0.0 3.0 0.0 53.0 1.0 0.0 0.6812652068126519
39 39 33 0.0 0.0 2.0 0.0 103.0 0.0 0.0 0.6653992395437262
39 39 34 0.0 0.0 216.0 0.0 4544.0 22.0 194.0 0.20768431983385252
39 39 35 0.0 0.0 906.0 0.0 12787.0 37.0 7773.0 0.08933129147524246
39 39 36 0.0 0.0 1804.0 0.0 13426.0 49.0 25324.0 0.0812960919807212
39 39 37 0.0 0.0 2382.0 2.0 13105.0 46.0 35344.0 0.08008237043816496
39 39 38 0.0 1.0 3373.0 5.0 10371.0 63.0 65107.0 0.08892841262783459
39 39 39 1.0 3.0 4138.0 8.0 8242.0 77.0 91455.0 0.09731683581259556
39 39 40 0.0 10.0 4542.0 22.0 8174.0 91.0 93920.0 0.09499898215376262
39 39 41 0.0 8.0 3926.0 38.0 7391.0 56.0 98398.0 0.1044698156853966
39 39 42 0.0 3.0 3269.0 10.0 12435.0 56.0 49241.0 0.07897557398318948
39 39 43 0.0 0.0 1837.0 0.0 13744.0 48.0 23767.0 0.0796495420151334
39 39 44 0.0 0.0 983.0 0.0 13103.0 37.0 9064.0 0.08710259441299073
39 39 45 0.0 0.0 426.0 0.0 8424.0 20.0 1267.0 0.12922281705741182
39 39 46 0.0 0.0 93.0 0.0 2475.0 19.0 53.0 0.30762469786860025
39 39 47 0.0 0.0 1.0 0.0 40.0 0.0 0.0 0.6862745098039215
39 40 33 0.0 0.0 1.0 0.0 42.0 1.0 0.0 0.6856023506366307
39 40 34 0.0 0.0 369.0 0.0 7757.0 18.0 1001.0 0.13844936708860756
39 40 35 0.0 0.0 734.0 0.0 11939.0 28.0 4729.0 0.09543285616905248
39 40 36 0.0 0.0 1616.0 0.0 13388.0 46.0 21402.0 0.08231904509907684
39 40 37 0.0 0.0 2541.0 0.0 11863.0 47.0 44290.0 0.0852411105698977
39 40 38 0.0 2.0 3607.0 8.0 10418.0 49.0 67079.0 0.08723284939871642
39 40 39 1.0 5.0 4506.0 16.0 8120.0 76.0 95423.0 0.09566762334290009
39 40 40 0.0 35.0 3791.0 99.0 5663.0 65.0 120104.0 0.12074169900819318
39 40 41 0.0 44.0 4482.0 151.0 9190.0 70.0 84935.0 0.08817231389343745
39 40 42 0.0 28.0 2991.0 164.0 12607.0 72.0 43501.0 0.07875787578757874
39 40 43 0.0 0.0 2346.0 2.0 12414.0 60.0 38424.0 0.08360704687966555
39 40 44 0.0 0.0 1326.0 0.0 13126.0 41.0 18536.0 0.08513225904530251
39 40 45 0.0 0.0 501.0 0.0 9264.0 20.0 1624.0 0.11916922029281578
39 40 46 0.0 0.0 247.0 0.0 5365.0 16.0 293.0 0.18421052631578946
39 40 47 0.0 0.0 10.0 0.0 167.0 2.0 0.0 0.6436781609195401
39 41 33 0.0 0.0 11.0 0.0 182.0 5.0 0.0 0.639853747714808
39 41 34 0.0 0.0 111.0 0.0 2434.0 18.0 48.0 0.3091872791519434
39 41 35 0.0 0.0 685.0 0.0 11476.0 30.0 4011.0 0.0989679061218719
39 41 36 0.0 0.0 1192.0 0.0 13350.0 38.0 12973.0 0.08469961885171516
39 41 37 0.0 0.0 1824.0 1.0 12992.0 44.0 27665.0 0.08325899494498959
39 41 38 0.0 1.0 2514.0 3.0 13848.0 54.0 32122.0 0.07616974972796517
39 41 39 1.0 7.0 4005.0 21.0 9548.0 55.0 76502.0 0.08979539477903918
39 41 40 0.0 38.0 4082.0 91.0 7448.0 73.0 99961.0 0.10242903131401813
39 41 41 0.0 18.0 4147.0 88.0 9404.0 67.0 79701.0 0.08929710422247734
39 41 42 0.0 32.0 3224.0 188.0 10952.0 62.0 56939.0 0.08536064874093041
39 41 43 0.0 0.0 2522.0 7.0 11598.0 65.0 45195.0 0.08681632146843606
39 41 44 0.0 0.0 1061.0 1.0 13423.0 27.0 9387.0 0.08491538788136106
39 41 45 0.0 0.0 368.0 0.0 8209.0 30.0 1366.0 0.13256320424202253
39 41 46 0.0 0.0 146.0 0.0 3079.0 12.0 66.0 0.2686624448282479
39 41 47 0.0 0.0 0.0 0.0 26.0 0.0 0.0 0.6910167818361302
39 42 33 0.0 0.0 20.0 0.0 343.0 5.0 1.0 0.5934718100890207
39 42 34 0.0 0.0 148.0 0.0 3410.0 15.0 71.0 0.2526163839769036
39 42 35 0.0 0.0 601.0 0.0 10838.0 32.0 3392.0 0.10427528675703857
39 42 36 0.0 0.0 925.0 0.0 12927.0 30.0 6860.0 0.08839499936860713
39 42 37 0.0 0.0 1972.0 0.0 12100.0 54.0 33977.0 0.08711343413602139
39 42 38 0.0 2.0 2022.0 11.0 13793.0 56.0 26787.0 0.07851494588076943
39 42 39 0.0 29.0 2670.0 192.0 13208.0 54.0 36556.0 0.07736943907156672
39 42 40 0.0 17.0 3400.0 94.0 11318.0 73.0 56854.0 0.08319961965888155
39 42 41 0.0 29.0 3335.0 169.0 10479.0 75.0 62716.0 0.08735259250015598
39 42 42 0.0 13.0 2084.0 111.0 13515.0 56.0 28183.0 0.0790335327989161
39 42 43 0.0 0.0 1971.0 2.0 12443.0 45.0 32412.0 0.08520998174071819
39 42 44 0.0 0.0 1180.0 0.0 13147.0 33.0 15098.0 0.08572128337007102
39 42 45 0.0 0.0 282.0 0.0 6683.0 25.0 714.0 0.15658203780337765
39 42 46 0.0 0.0 108.0 0.0 2517.0 16.0 40.0 0.30368763557483724
39 42 47 0.0 0.0 0.0 0.0 21.0 0.0 0.0 0.6927263730826323
39 43 33 0.0 0.0 17.0 0.0 294.0 3.0 0.0 0.606585788561525
39 43 34 0.0 0.0 6.0 0.0 278.0 1.0 1.0 0.6134969325153373
39 43 35 0.0 0.0 125.0 0.0 3316.0 19.0 101.0 0.2581596902083717
39 43 36 0.0 0.0 477.0 0.0 9535.0 21.0 1954.0 0.1166375072898442
39 43 37 0.0 0.0 1600.0 0.0 13100.0 46.0 22770.0 0.08389261744966442
39 43 38 0.0 0.0 1463.0 1.0 13545.0 42.0 18922.0 0.08237232289950576
39 43 39 0.0 0.0 2014.0 1.0 12830.0 45.0 30694.0 0.0830614061109463
39 43 40 0.0 0.0 1683.0 3.0 13988.0 33.0 19507.0 0.07914970601537766
39 43 41 0.0 0.0 1864.0 6.0 13291.0 38.0 26393.0 0.08145217593670001
39 43 42 0.0 0.0 1411.0 2.0 13588.0 35.0 17269.0 0.08230452674897118
39 43 43 0.0 1.0 1264.0 2.0 13644.0 30.0 12856.0 0.08272764876203981
39 43 44 0.0 0.0 755.0 0.0 11951.0 24.0 4473.0 0.09520571234274056
39 43 45 0.0 0.0 317.0 0.0 7263.0 20.0 920.0 0.14638226683396066
39 43 46 0.0 0.0 39.0 0.0 1161.0 6.0 9.0 0.43832185347526603
39 43 47 0.0 0.0 0.0 0.0 7.0 0.0 0.0 0.6975585450921773
39 44 33 0.0 0.0 0.0 0.0 4.0 0.0 0.0 0.6986027944111775
39 44 34 0.0 0.0 2.0 0.0 83.0 0.0 0.0 0.6714628297362109
39 44 35 0.0 0.0 490.0 0.0 9299.0 26.0 1782.0 0.11889596602972398
39 44 36 0.0 0.0 334.0 0.0 7806.0 23.0 1064.0 0.1382716049382716
39 44 37 0.0 0.0 750.0 0.0 11972.0 29.0 4839.0 0.09514101257220522
39 44 38 0.0 0.0 837.0 0.0 12429.0 26.0 6826.0 0.09176115881234842
39 44 39 0.0 0.0 960.0 0.0 12872.0 25.0 8206.0 0.08841174613198609
39 44 40 0.0 0.0 1023.0 0.0 13314.0 32.0 9322.0 0.08574753475837568
39 44 41 0.0 0.0 843.0 0.0 12678.0 33.0 7428.0 0.09028180821564454
39 44 42 0.0 0.0 804.0 0.0 12423.0 44.0 6848.0 0.09206892016309351
39 44 43 0.0 0.0 804.0 0.0 12094.0 20.0 5418.0 0.09395973154362415
39 44 44 0.0 0.0 361.0 0.0 7589.0 26.0 895.0 0.1410011078658475
39 44 45 0.0 0.0 57.0 0.0 1694.0 10.0 16.0 0.37423148890670943
39 44 46 0.0 0.0 11.0 0.0 166.0 3.0 0.0 0.6439742410303587
39 45 34 0.0 0.0 3.0 0.0 41.0 1.0 0.0 0.6852667645619186
39 45 35 0.0 0.0 51.0 0.0 1432.0 15.0 9.0 0.40380732621863275
39 45 36 0.0 0.0 43.0 0.0 983.0 7.0 7.0 0.4637297118251076
39 45 37 0.0 0.0 152.0 0.0 3791.0 23.0 122.0 0.23652644027707376
39 45 38 0.0 0.0 267.0 0.0 6237.0 11.0 577.0 0.16478342749529187
39 45 39 0.0 0.0 317.0 0.0 6878.0 27.0 652.0 0.15257192676547515
39 45 40 0.0 0.0 390.0 0.0 8233.0 36.0 1128.0 0.1321752265861027
39 45 41 0.0 0.0 422.0 0.0 8861.0 23.0 1563.0 0.12430080795525168
39 45 42 0.0 0.0 347.0 0.0 7302.0 20.0 701.0 0.1453035806953814
39 45 43 0.0 0.0 172.0 0.0 3909.0 19.0 126.0 0.23094688221709
39 45 44 0.0 0.0 169.0 0.0 3766.0 18.0 128.0 0.23636670606111762
39 45 45 0.0 0.0 0.0 0.0 84.0 0.0 0.0 0.6717850287907868
39 45 46 0.0 0.0 0.0 0.0 23.0 0.0 0.0 0.6920415224913494
39 45 47 0.0 0.0 0.0 0.0 4.0 0.0 0.0 0.6986027944111775
39 46 36 0.0 0.0 0.0 0.0 6.0 0.0 0.0 0.6979062811565303
39 46 37 0.0 0.0 1.0 0.0 61.0 0.0 0.0 0.6789524733268669
39 46 38 0.0 0.0 63.0 0.0 1861.0 14.0 15.0 0.3579647149066734
39 46 39 0.0 0.0 14.0 0.0 364.0 3.0 1.0 0.5894736842105263
39 46 40 0.0 0.0 36.0 0.0 570.0 9.0 1.0 0.5392912172573189
39 46 41 0.0 0.0 11.0 0.0 385.0 6.0 1.0 0.5857740585774057
39 46 42 0.0 0.0 193.0 0.0 4174.0 15.0 182.0 0.22029897718332023
39 46 43 0.0 0.0 5.0 0.0 200.0 3.0 0.0 0.6357856494096276
39 46 44 0.0 0.0 3.0 0.0 72.0 2.0 0.0 0.6753497346840327
39 46 45 0.0 0.0 0.0 0.0 3.0 0.0 0.0 0.6989515726410384
39 46 46 0.0 0.0 0.0 0.0 1.0 0.0 0.0 0.6996501749125437
39 47 37 0.0 0.0 50.0 0.0 1195.0 11.0 5.0 0.43290043290043284
39 47 38 0.0 0.0 0.0 0.0 6.0 0.0 0.0 0.6979062811565303
39 47 39 0.0 0.0 0.0 0.0 5.0 0.0 0.0 0.6982543640897755
39 47 40 0.0 0.0 0.0 0.0 1.0 0.0 0.0 0.6996501749125437
39 47 41 0.0 0.0 0.0 0.0 5.0 0.0 0.0 0.6982543640897755
39 47 42 0.0 0.0 0.0 0.0 5.0 0.0 0.0 0.6982543640897755
39 47 43 0.0 0.0 0.0 0.0 3.0 0.0 0.0 0.6989515726410384
39 48 37 0.0 0.0 1.0 0.0 1.0 0.0 0.0 0.6993006993006992
40 32 39 0.0 0.0 0.0 0.0 3.0 0.0 0.0 0.6989515726410384
40 33 36 0.0 0.0 0.0 0.0 1.0 0.0 0.0 0.6996501749125437
40 33 37 0.0 0.0 0.0 0.0 2.0 0.0 0.0 0.6993006993006992
40 33 38 0.0 0.0 0.0 0.0 11.0 0.0 0.0 0.6961710591745399
40 33 39 0.0 0.0 35.0 0.0 760.0 7.0 3.0 0.5021520803443327
40 33 40 0.0 0.0 20.0 0.0 273.0 5.0 0.0 0.6118881118881118
40 33 41 0.0 0.0 10.0 0.0 103.0 2.0 0.0 0.6631927996210326
40 33 42 0.0 0.0 0.0 0.0 25.0 0.0 0.0 0.6913580246913579
40 34 34 0.0 0.0 2.0 0.0 36.0 0.0 0.0 0.6869479882237487
40 34 35 0.0 0.0 0.0 0.0 31.0 0.0 0.0 0.6893156080748399
40 34 36 0.0 0.0 30.0 0.0 564.0 5.0 1.0 0.5407493240633449
40 34 37 0.0 0.0 17.0 0.0 504.0 3.0 1.0 0.5559968228752977
40 34 38 0.0 0.0 42.0 0.0 1057.0 11.0 6.0 0.4532211071544188
40 34 39 0.0 0.0 272.0 0.0 6198.0 19.0 449.0 0.16562167277889506
40 34 40 0.0 0.0 352.0 0.0 6958.0 25.0 637.0 0.15069967707212054
40 34 41 0.0 0.0 93.0 0.0 2028.0 22.0 21.0 0.34154671871188086
40 34 42 0.0 0.0 24.0 0.0 784.0 9.0 2.0 0.5001786352268667
40 34 43 0.0 0.0 5.0 0.0 58.0 2.0 0.0 0.6792819019893255
40 34 44 0.0 0.0 6.0 0.0 191.0 3.0 0.0 0.6381039197812214
40 34 45 0.0 0.0 0.0 0.0 10.0 0.0 0.0 0.6965174129353233
40 35 33 0.0 0.0 0.0 0.0 2.0 0.0 0.0 0.6993006993006992
40 35 34 0.0 0.0 37.0 0.0 723.0 6.0 3.0 0.5083514887436454
40 35 35 0.0 0.0 183.0 0.0 4042.0 17.0 138.0 0.22551546391752575
40 35 36 0.0 0.0 216.0 0.0 5834.0 14.0 469.0 0.1741726797710873
40 35 37 0.0 0.0 416.0 0.0 8171.0 29.0 1115.0 0.1325506532853626
40 35 38 0.0 0.0 588.0 0.0 10280.0 37.0 2512.0 0.10902577680865976
40 35 39 0.0 0.0 561.0 0.0 10156.0 19.0 2557.0 0.11014082290929117
40 35 40 0.0 0.0 655.0 0.0 11431.0 25.0 3943.0 0.0994671403197158
40 35 41 0.0 0.0 181.0 0.0 4885.0 12.0 264.0 0.19838458268385997
40 35 42 0.0 0.0 284.0 0.0 6700.0 22.0 594.0 0.15618027666220435
40 35 43 0.0 0.0 54.0 0.0 1667.0 8.0 14.0 0.3770535954753568
40 35 44 0.0 0.0 282.0 0.0 6170.0 20.0 501.0 0.1658964332266856
40 35 45 0.0 0.0 0.0 0.0 53.0 0.0 0.0 0.6822612085769979
40 35 46 0.0 0.0 0.0 0.0 12.0 0.0 0.0 0.6958250497017892
40 36 33 0.0 0.0 0.0 0.0 11.0 0.0 0.0 0.6961710591745399
40 36 34 0.0 0.0 145.0 0.0 3370.0 14.0 87.0 0.2544066872614937
40 36 35 0.0 0.0 473.0 0.0 9172.0 27.0 1724.0 0.12037833190025794
40 36 36 0.0 0.0 1066.0 0.0 13115.0 35.0 11403.0 0.08653192409914084
40 36 37 0.0 0.0 1001.0 0.0 13195.0 35.0 8677.0 0.0864998455359901
40 36 38 0.0 0.0 952.0 0.0 13016.0 30.0 8085.0 0.08771929824561402
40 36 39 0.0 0.0 1509.0 0.0 13412.0 44.0 19315.0 0.08279124778237729
40 36 40 0.0 0.0 916.0 0.0 13045.0 31.0 7907.0 0.08771380239333373
40 36 41 0.0 0.0 1260.0 0.0 13823.0 32.0 13158.0 0.08196241437854926
40 36 42 0.0 0.0 567.0 0.0 10368.0 27.0 2402.0 0.10836752070593697
40 36 43 0.0 0.0 433.0 0.0 9332.0 30.0 2230.0 0.11917936494424106
40 36 44 0.0 0.0 353.0 0.0 7760.0 19.0 1135.0 0.13855898653998416
40 36 45 0.0 0.0 142.0 0.0 3211.0 12.0 82.0 0.26212319790301436
40 36 46 0.0 0.0 0.0 0.0 43.0 0.0 0.0 0.6852667645619186
40 36 47 0.0 0.0 0.0 0.0 1.0 0.0 0.0 0.6996501749125437
40 37 32 0.0 0.0 0.0 0.0 1.0 0.0 0.0 0.6996501749125437
40 37 33 0.0 0.0 49.0 0.0 1191.0 9.0 7.0 0.43316831683168305
40 37 34 0.0 0.0 291.0 0.0 6631.0 24.0 640.0 0.1572856982361532
40 37 35 0.0 0.0 467.0 0.0 9667.0 20.0 2178.0 0.11547344110854503
40 37 36 0.0 0.0 1524.0 0.0 13188.0 41.0 20931.0 0.08377213977979894
40 37 37 0.0 0.0 1369.0 0.0 14152.0 40.0 14167.0 0.07994061554273967
40 37 38 0.0 0.0 2146.0 0.0 13284.0 58.0 30387.0 0.08032589362556657
40 37 39 0.0 0.0 2390.0 0.0 12426.0 45.0 38344.0 0.08317490494296577
40 37 40 0.0 0.0 2299.0 0.0 12971.0 50.0 33977.0 0.08107951583946255
40 37 41 0.0 0.0 1832.0 1.0 14096.0 38.0 22106.0 0.0780770732251408
40 37 42 0.0 0.0 1693.0 2.0 14081.0 46.0 19394.0 0.07874015748031495
40 37 43 0.0 0.0 1194.0 0.0 13396.0 27.0 13265.0 0.08439327265055156
40 37 44 0.0 0.0 507.0 0.0 9534.0 25.0 1727.0 0.1164337990685296
40 37 45 0.0 0.0 458.0 0.0 9132.0 18.0 1701.0 0.12083549110996028
40 37 46 0.0 0.0 84.0 0.0 1855.0 15.0 7.0 0.35668789808917195
40 37 47 0.0 0.0 0.0 0.0 6.0 0.0 0.0 0.6979062811565303
40 38 32 0.0 0.0 0.0 0.0 4.0 0.0 0.0 0.6986027944111775
40 38 33 0.0 0.0 5.0 0.0 165.0 1.0 0.0 0.6454587367450437
40 38 34 0.0 0.0 240.0 0.0 6433.0 20.0 706.0 0.16170016170016166
40 38 35 0.0 0.0 677.0 0.0 11509.0 31.0 4324.0 0.09881422924901184
40 38 36 0.0 0.0 1501.0 0.0 13708.0 47.0 18887.0 0.08136223629918055
40 38 37 0.0 0.0 2589.0 0.0 10940.0 62.0 51443.0 0.09015971148892322
40 38 38 0.0 1.0 3168.0 6.0 9261.0 77.0 72674.0 0.09707391485230897
40 38 39 0.0 1.0 3669.0 7.0 10608.0 73.0 65011.0 0.08593702044073413
40 38 40 0.0 1.0 4045.0 6.0 10947.0 77.0 67176.0 0.08232388568740444
40 38 41 0.0 0.0 3829.0 4.0 10453.0 68.0 68544.0 0.08588957055214723
40 38 42 0.0 1.0 2976.0 5.0 11801.0 67.0 50534.0 0.08346747749359087
40 38 43 0.0 0.0 1716.0 2.0 13839.0 49.0 22437.0 0.07974481658692184
40 38 44 0.0 0.0 1059.0 0.0 13416.0 28.0 9439.0 0.08502884907379288
40 38 45 0.0 0.0 523.0 0.0 9854.0 26.0 2139.0 0.11319534282018111
40 38 46 0.0 0.0 167.0 0.0 4341.0 13.0 177.0 0.21548406957057098
40 38 47 0.0 0.0 0.0 0.0 7.0 0.0 0.0 0.6979062811565303
40 39 32 0.0 0.0 0.0 0.0 1.0 0.0 0.0 0.6996501749125437
40 39 33 0.0 0.0 22.0 0.0 618.0 7.0 3.0 0.5317128750474742
40 39 34 0.0 0.0 247.0 0.0 5529.0 23.0 359.0 0.1804588811549368
40 39 35 0.0 0.0 1136.0 0.0 13335.0 35.0 11915.0 0.08500303582270795
40 39 36 0.0 0.0 1754.0 0.0 13740.0 55.0 22805.0 0.08005031734232945
40 39 37 0.0 0.0 2844.0 0.0 11769.0 65.0 48029.0 0.0842713537591043
40 39 38 0.0 3.0 3822.0 5.0 9789.0 71.0 74043.0 0.08958853266781851
40 39 39 0.0 10.0 4294.0 24.0 7892.0 71.0 97121.0 0.09842519685039368
40 39 40 1.0 12.0 4819.0 36.0 8487.0 83.0 94054.0 0.09110431444003383
40 39 41 0.0 16.0 4569.0 41.0 8697.0 65.0 90693.0 0.09137188356611407
40 39 42 0.0 3.0 3762.0 11.0 9457.0 76.0 75860.0 0.09202655623479918
40 39 43 0.0 1.0 2312.0 10.0 13092.0 68.0 34290.0 0.08042741425863158
40 39 44 0.0 0.0 1216.0 0.0 13206.0 29.0 14844.0 0.08517369349638011
40 39 45 0.0 0.0 780.0 0.0 12253.0 29.0 5907.0 0.09324009324009323
40 39 46 0.0 0.0 176.0 0.0 4086.0 19.0 131.0 0.22410757163438447
40 39 47 0.0 0.0 0.0 0.0 44.0 1.0 0.0 0.6852667645619186
40 40 33 0.0 0.0 0.0 0.0 43.0 0.0 0.0 0.6852667645619186
40 40 34 0.0 0.0 273.0 0.0 6234.0 20.0 496.0 0.16491930733890917
40 40 35 0.0 0.0 934.0 0.0 12997.0 37.0 8794.0 0.08793417498900821
40 40 36 0.0 0.0 1868.0 0.0 12728.0 51.0 29189.0 0.08435259384226064
40 40 37 0.0 0.0 2757.0 1.0 12045.0 76.0 45753.0 0.08334821694350181
40 40 38 0.0 0.0 3826.0 2.0 9187.0 80.0 80550.0 0.09324630345011321
40 40 39 0.0 21.0 4498.0 66.0 7362.0 69.0 103186.0 0.10045203415369161
40 40 40 4.0 69.0 2735.0 166.0 3798.0 48.0 136458.0 0.15961691939345568
40 40 41 0.0 22.0 4090.0 67.0 6095.0 61.0 115652.0 0.1139693910778248
40 40 42 1.0 34.0 3842.0 162.0 9858.0 68.0 72036.0 0.08805031446540879
40 40 43 0.0 2.0 2452.0 13.0 12290.0 53.0 39613.0 0.08353221957040573
40 40 44 0.0 0.0 914.0 0.0 12923.0 28.0 8338.0 0.08839499936860713
40 40 45 0.0 0.0 704.0 0.0 11706.0 35.0 4651.0 0.09726274836737528
40 40 46 0.0 0.0 173.0 0.0 4967.0 16.0 304.0 0.19646365422396853
40 40 47 0.0 0.0 1.0 0.0 36.0 1.0 0.0 0.6876227897838899
40 41 32 0.0 0.0 0.0 0.0 5.0 0.0 0.0 0.6982543640897755
40 41 33 0.0 0.0 16.0 0.0 444.0 7.0 0.0 0.5709624796084828
40 41 34 0.0 0.0 183.0 0.0 4352.0 14.0 194.0 0.21465808034345288
40 41 35 0.0 0.0 1006.0 0.0 13197.0 38.0 7722.0 0.08646245059288536
40 41 36 0.0 0.0 1357.0 0.0 13612.0 42.0 15791.0 0.08251797713073204
40 41 37 0.0 1.0 2401.0 0.0 12763.0 56.0 36457.0 0.0816231343283582
40 41 38 0.0 0.0 3526.0 3.0 11391.0 68.0 57711.0 0.08273253752511522
40 41 39 0.0 11.0 4378.0 38.0 9434.0 67.0 81332.0 0.08817231389343745
40 41 40 0.0 76.0 4709.0 229.0 8230.0 78.0 94072.0 0.09174311926605504
40 41 41 0.0 861.0 3780.0 2663.0 7182.0 65.0 87654.0 0.08488449645304068
40 41 42 0.0 32.0 3476.0 119.0 9662.0 70.0 70999.0 0.09155712510627165
40 41 43 0.0 2.0 1855.0 18.0 14210.0 49.0 22062.0 0.07745933384972888
40 41 44 0.0 0.0 1350.0 0.0 13076.0 35.0 17785.0 0.08515815085158149
40 41 45 0.0 0.0 497.0 0.0 9791.0 21.0 2119.0 0.11400651465798045
40 41 46 0.0 0.0 37.0 0.0 904.0 8.0 5.0 0.47732696897374693
40 41 47 0.0 0.0 2.0 0.0 52.0 0.0 0.0 0.6815968841285296
40 42 32 0.0 0.0 0.0 0.0 2.0 0.0 0.0 0.6993006993006992
40 42 33 0.0 0.0 0.0 0.0 30.0 0.0 0.0 0.689655172413793
40 42 34 0.0 0.0 388.0 0.0 8012.0 26.0 1038.0 0.1348357892709236
40 42 35 0.0 0.0 447.0 0.0 9361.0 21.0 1906.0 0.1187044259793115
40 42 36 0.0 0.0 859.0 0.0 12686.0 33.0 6669.0 0.0901248873438908
40 42 37 0.0 0.0 1409.0 0.0 13977.0 30.0 15716.0 0.08048289738430582
40 42 38 0.0 0.0 2846.0 1.0 11001.0 68.0 53679.0 0.0882890836854386
40 42 39 0.0 5.0 3184.0 35.0 11829.0 54.0 51341.0 0.0819816126954383
40 42 40 0.0 21.0 3833.0 66.0 9235.0 71.0 78281.0 0.09238484888478288
40 42 41 0.0 28.0 3150.0 178.0 11841.0 59.0 51038.0 0.0812677773262901
40 42 42 0.0 22.0 2294.0 194.0 13593.0 49.0 31112.0 0.07735661399049618
40 42 43 0.0 0.0 2234.0 2.0 12094.0 56.0 38815.0 0.08568455841850785
40 42 44 0.0 0.0 1275.0 1.0 13302.0 34.0 14842.0 0.08445436448090728
40 42 45 0.0 0.0 373.0 0.0 7916.0 28.0 1119.0 0.1363990646921278
40 42 46 0.0 0.0 18.0 0.0 573.0 5.0 2.0 0.5413766434648105
40 42 47 0.0 0.0 0.0 0.0 8.0 0.0 0.0 0.697211155378486
40 43 33 0.0 0.0 2.0 0.0 78.0 0.0 0.0 0.6730769230769229
40 43 34 0.0 0.0 127.0 0.0 2843.0 15.0 51.0 0.28248587570621464
40 43 35 0.0 0.0 239.0 0.0 5207.0 14.0 317.0 0.18832391713747643
40 43 36 0.0 0.0 951.0 0.0 12843.0 29.0 9989.0 0.08868617762574432
40 43 37 0.0 0.0 1200.0 0.0 13794.0 34.0 10721.0 0.08245479710230284
40 43 38 0.0 0.0 1884.0 3.0 12729.0 54.0 30197.0 0.08420546132563454
40 43 39 0.0 0.0 1930.0 2.0 13432.0 54.0 27241.0 0.08065445327802741
40 43 40 0.0 1.0 1846.0 9.0 14195.0 43.0 22414.0 0.07756232686980609
40 43 41 0.0 2.0 2237.0 14.0 12131.0 56.0 38783.0 0.08543357539513027
40 43 42 0.0 0.0 1647.0 5.0 13243.0 35.0 22855.0 0.08274231678486997
40 43 43 0.0 0.0 1181.0 0.0 13613.0 26.0 11564.0 0.08337800011911142
40 43 44 0.0 0.0 1111.0 0.0 13186.0 33.0 12288.0 0.0859106529209622
40 43 45 0.0 0.0 309.0 0.0 6576.0 25.0 612.0 0.1579600586708789
40 43 46 0.0 0.0 4.0 0.0 199.0 1.0 1.0 0.6357856494096276
40 43 47 0.0 0.0 0.0 0.0 1.0 0.0 0.0 0.6996501749125437
40 44 33 0.0 0.0 2.0 0.0 51.0 0.0 0.0 0.6819288845591815
40 44 34 0.0 0.0 50.0 0.0 1271.0 8.0 10.0 0.4224502112251055
40 44 35 0.0 0.0 104.0 0.0 3038.0 7.0 75.0 0.2726387536514118
40 44 36 0.0 0.0 509.0 0.0 9782.0 25.0 2199.0 0.11402508551881413
40 44 37 0.0 0.0 277.0 0.0 7152.0 24.0 891.0 0.14877789585547288
40 44 38 0.0 0.0 859.0 0.0 12680.0 24.0 6459.0 0.09011908593498551
40 44 39 0.0 0.0 993.0 0.0 13293.0 34.0 7280.0 0.08600565179997542
40 44 40 0.0 0.0 904.0 0.0 12784.0 23.0 8883.0 0.08926863482752023
40 44 41 0.0 0.0 1106.0 1.0 13146.0 34.0 12072.0 0.08613794376422813
40 44 42 0.0 0.0 706.0 0.0 11839.0 26.0 4377.0 0.09630597784962508
40 44 43 0.0 0.0 652.0 0.0 11501.0 24.0 3918.0 0.09893293760158292
40 44 44 0.0 0.0 610.0 0.0 10639.0 22.0 2929.0 0.10577213659715924
40 44 45 0.0 0.0 326.0 0.0 7688.0 24.0 1032.0 0.14007003501750873
40 44 46 0.0 0.0 41.0 0.0 1101.0 6.0 12.0 0.44657097288676234
40 44 47 0.0 0.0 0.0 0.0 1.0 0.0 0.0 0.6996501749125437
40 45 33 0.0 0.0 0.0 0.0 1.0 0.0 0.0 0.6996501749125437
40 45 34 0.0 0.0 28.0 0.0 785.0 6.0 1.0 0.4987531172069825
40 45 35 0.0 0.0 0.0 0.0 129.0 0.0 0.0 0.6575857209957726
40 45 36 0.0 0.0 20.0 0.0 842.0 5.0 1.0 0.4901960784313725
40 45 37 0.0 0.0 224.0 0.0 4887.0 12.0 213.0 0.19718309859154928
40 45 38 0.0 0.0 442.0 0.0 8565.0 35.0 1221.0 0.12750455373406192
40 45 39 0.0 0.0 410.0 0.0 8144.0 20.0 976.0 0.13278952859717347
40 45 40 0.0 0.0 322.0 0.0 6376.0 21.0 450.0 0.16117890858853326
40 45 41 0.0 0.0 446.0 0.0 9080.0 23.0 1716.0 0.12164393083673646
40 45 42 0.0 0.0 455.0 0.0 9002.0 22.0 1704.0 0.12235623142807199
40 45 43 0.0 0.0 329.0 0.0 6641.0 26.0 511.0 0.15654702001565468
40 45 44 0.0 0.0 226.0 0.0 4798.0 20.0 243.0 0.19991432243324284
40 45 45 0.0 0.0 31.0 0.0 607.0 8.0 1.0 0.5323193916349809
40 45 46 0.0 0.0 148.0 0.0 3100.0 17.0 73.0 0.2676352513859682
40 45 47 0.0 0.0 0.0 0.0 1.0 0.0 0.0 0.6996501749125437
40 46 35 0.0 0.0 0.0 0.0 2.0 0.0 0.0 0.6993006993006992
40 46 36 0.0 0.0 0.0 0.0 7.0 0.0 0.0 0.6975585450921773
40 46 37 0.0 0.0 3.0 0.0 129.0 1.0 0.0 0.6569685593618019
40 46 38 0.0 0.0 243.0 0.0 5401.0 18.0 318.0 0.1835102896841001
40 46 39 0.0 0.0 116.0 0.0 2554.0 14.0 50.0 0.30062271848829714
40 46 40 0.0 0.0 15.0 0.0 495.0 4.0 1.0 0.558882235528942
40 46 41 0.0 0.0 6.0 0.0 238.0 2.0 0.0 0.6247211066488174
40 46 42 0.0 0.0 11.0 0.0 231.0 2.0 0.0 0.6249999999999999
40 46 43 0.0 0.0 0.0 0.0 52.0 0.0 0.0 0.6822612085769979
40 46 44 0.0 0.0 14.0 0.0 295.0 3.0 0.0 0.6071118820468342
40 46 45 0.0 0.0 0.0 0.0 14.0 0.0 0.0 0.6951340615690167
40 46 46 0.0 0.0 1.0 0.0 7.0 1.0 0.0 0.6975585450921773
40 47 37 0.0 0.0 0.0 0.0 7.0 0.0 0.0 0.6975585450921773
40 47 38 0.0 0.0 0.0 0.0 15.0 0.0 0.0 0.694789081885856
40 47 39 0.0 0.0 1.0 0.0 15.0 1.0 0.0 0.694789081885856
40 47 40 0.0 0.0 0.0 0.0 2.0 0.0 0.0 0.6993006993006992
40 47 41 0.0 0.0 0.0 0.0 1.0 0.0 0.0 0.6996501749125437
40 47 42 0.0 0.0 0.0 0.0 6.0 0.0 0.0 0.6979062811565303
40 47 43 0.0 0.0 0.0 0.0 4.0 0.0 0.0 0.6986027944111775
41 33 36 0.0 0.0 0.0 0.0 3.0 0.0 0.0 0.6989515726410384
41 33 37 0.0 0.0 0.0 0.0 4.0 0.0 0.0 0.6986027944111775
41 33 38 0.0 0.0 0.0 0.0 32.0 0.0 0.0 0.6889763779527558
41 33 39 0.0 0.0 0.0 0.0 40.0 0.0 0.0 0.6862745098039215
41 33 40 0.0 0.0 0.0 0.0 40.0 0.0 0.0 0.6862745098039215
41 33 41 0.0 0.0 8.0 0.0 344.0 2.0 0.0 0.5957446808510637
41 33 42 0.0 0.0 1.0 0.0 26.0 0.0 0.0 0.6906758756783422
41 34 34 0.0 0.0 2.0 0.0 30.0 0.0 0.0 0.6889763779527558
41 34 35 0.0 0.0 4.0 0.0 128.0 0.0 0.0 0.6566604127579737
41 34 36 0.0 0.0 9.0 0.0 379.0 4.0 0.0 0.587248322147651
41 34 37 0.0 0.0 127.0 0.0 2620.0 19.0 47.0 0.29610829103214886
41 34 38 0.0 0.0 50.0 0.0 1281.0 13.0 12.0 0.42206813385589387
41 34 39 0.0 0.0 148.0 0.0 3406.0 19.0 97.0 0.25289017341040454
41 34 40 0.0 0.0 127.0 0.0 2478.0 18.0 45.0 0.3052103771528232
41 34 41 0.0 0.0 357.0 0.0 7352.0 32.0 760.0 0.14455343314403712
41 34 42 0.0 0.0 4.0 0.0 198.0 1.0 0.0 0.6360745115856428
41 34 43 0.0 0.0 15.0 0.0 297.0 9.0 0.0 0.60790273556231
41 34 44 0.0 0.0 6.0 0.0 82.0 0.0 0.0 0.6704980842911876
41 34 45 0.0 0.0 0.0 0.0 5.0 0.0 0.0 0.6982543640897755
41 35 33 0.0 0.0 1.0 0.0 2.0 0.0 0.0 0.6989515726410384
41 35 34 0.0 0.0 7.0 0.0 386.0 3.0 0.0 0.5860192549183758
41 35 35 0.0 0.0 216.0 0.0 4978.0 22.0 258.0 0.19520356943669823
41 35 36 0.0 0.0 434.0 0.0 8181.0 25.0 1081.0 0.13212533031332577
41 35 37 0.0 0.0 389.0 0.0 8517.0 20.0 1411.0 0.12855831037649218
41 35 38 0.0 0.0 532.0 0.0 10011.0 25.0 2305.0 0.11175860142093079
41 35 39 0.0 0.0 341.0 0.0 7459.0 24.0 860.0 0.14316392269148173
41 35 40 0.0 0.0 912.0 0.0 12650.0 29.0 7936.0 0.08996851102114259
41 35 41 0.0 0.0 358.0 0.0 7662.0 19.0 1026.0 0.13991605036977808
41 35 42 0.0 0.0 458.0 0.0 8939.0 23.0 1369.0 0.12302284710017572
41 35 43 0.0 0.0 108.0 0.0 2622.0 15.0 42.0 0.2969876962240135
41 35 44 0.0 0.0 8.0 0.0 359.0 2.0 0.0 0.5919661733615221
41 35 45 0.0 0.0 7.0 0.0 181.0 4.0 0.0 0.6413192853870818
41 35 46 0.0 0.0 0.0 0.0 3.0 0.0 0.0 0.6989515726410384
41 36 32 0.0 0.0 0.0 0.0 2.0 0.0 0.0 0.6993006993006992
41 36 33 0.0 0.0 1.0 0.0 16.0 0.0 0.0 0.694100148735746
41 36 34 0.0 0.0 50.0 0.0 1295.0 11.0 11.0 0.4199160167966406
41 36 35 0.0 0.0 384.0 0.0 7757.0 25.0 876.0 0.13824429742273128
41 36 36 0.0 0.0 655.0 0.0 11426.0 30.0 5026.0 0.09954493742889646
41 36 37 0.0 0.0 1125.0 0.0 13315.0 34.0 12639.0 0.08511155693355218
41 36 38 0.0 0.0 958.0 0.0 12875.0 28.0 7432.0 0.0884564352056612
41 36 39 0.0 0.0 1310.0 0.0 13790.0 29.0 14371.0 0.08179959100204498
41 36 40 0.0 0.0 1252.0 0.0 13635.0 37.0 13480.0 0.08289909995262908
41 36 41 0.0 0.0 921.0 0.0 12877.0 32.0 6799.0 0.08866371120962634
41 36 42 0.0 0.0 633.0 0.0 11182.0 34.0 3803.0 0.10149340292880962
41 36 43 0.0 0.0 749.0 0.0 12085.0 26.0 6404.0 0.09442233762730154
41 36 44 0.0 0.0 102.0 0.0 2641.0 9.0 45.0 0.29573299535276715
41 36 45 0.0 0.0 58.0 0.0 1445.0 15.0 11.0 0.4013761467889908
41 36 46 0.0 0.0 0.0 0.0 14.0 0.0 0.0 0.695479384003974
41 37 32 0.0 0.0 0.0 0.0 8.0 0.0 0.0 0.697211155378486
41 37 33 0.0 0.0 15.0 0.0 318.0 2.0 0.0 0.6008583690987124
41 37 34 0.0 0.0 33.0 0.0 1258.0 7.0 14.0 0.4263093788063337
41 37 35 0.0 0.0 498.0 0.0 9632.0 21.0 1971.0 0.11554015020219525
41 37 36 0.0 0.0 1396.0 0.0 13267.0 40.0 17645.0 0.08407903429223469
41 37 37 0.0 0.0 2194.0 1.0 11569.0 56.0 41221.0 0.08877052818464269
41 37 38 0.0 0.0 2180.0 0.0 13101.0 61.0 32544.0 0.08097634333969575
41 37 39 0.0 0.0 2772.0 0.0 11233.0 65.0 49579.0 0.08743442418186359
41 37 40 0.0 0.0 1766.0 2.0 14161.0 40.0 21023.0 0.07810756527560811
41 37 41 0.0 0.0 2100.0 3.0 13082.0 43.0 30985.0 0.08140954817700762
41 37 42 0.0 0.0 1676.0 1.0 13302.0 48.0 23412.0 0.08251311369128307
41 37 43 0.0 0.0 1155.0 0.0 13547.0 34.0 12055.0 0.0837871805613741
41 37 44 0.0 0.0 729.0 0.0 11923.0 25.0 4648.0 0.09560882332855289
41 37 45 0.0 0.0 347.0 0.0 6682.0 24.0 538.0 0.1553484243231247
41 37 46 0.0 0.0 24.0 0.0 938.0 3.0 4.0 0.47313281514025
41 37 47 0.0 0.0 0.0 0.0 17.0 0.0 0.0 0.6944444444444444
41 38 32 0.0 0.0 0.0 0.0 5.0 0.0 0.0 0.6982543640897755
41 38 33 0.0 0.0 234.0 0.0 4793.0 21.0 203.0 0.199657729606389
41 38 34 0.0 0.0 367.0 0.0 8090.0 21.0 1222.0 0.13408677329757684
41 38 35 0.0 0.0 802.0 0.0 12144.0 37.0 5014.0 0.0938274914549963
41 38 36 0.0 0.0 1281.0 0.0 13691.0 29.0 14996.0 0.08249366566495786
41 38 37 0.0 0.0 1972.0 0.0 13684.0 42.0 25371.0 0.07931561951164239
41 38 38 0.0 0.0 3139.0 1.0 10416.0 75.0 62421.0 0.09010168618869865
41 38 39 0.0 0.0 3348.0 1.0 12019.0 76.0 51344.0 0.08065910007489772
41 38 40 0.0 1.0 3296.0 5.0 12004.0 64.0 51056.0 0.08092485549132947
41 38 41 0.0 22.0 3237.0 172.0 11847.0 62.0 51141.0 0.08101383021815867
41 38 42 0.0 1.0 2994.0 3.0 11675.0 68.0 49922.0 0.08394291881520566
41 38 43 0.0 0.0 2020.0 0.0 13046.0 51.0 29002.0 0.08203445447087776
41 38 44 0.0 0.0 916.0 0.0 12911.0 26.0 7105.0 0.08848998166993235
41 38 45 0.0 0.0 370.0 0.0 8150.0 17.0 1086.0 0.13320647002854422
41 38 46 0.0 0.0 81.0 0.0 1700.0 9.0 17.0 0.3711558854718982
41 38 47 0.0 0.0 0.0 0.0 21.0 0.0 0.0 0.6934125804853887
41 39 32 0.0 0.0 0.0 0.0 1.0 0.0 0.0 0.6996501749125437
41 39 33 0.0 0.0 5.0 0.0 167.0 0.0 1.0 0.6445672191528544
41 39 34 0.0 0.0 216.0 0.0 4829.0 27.0 214.0 0.19943019943019943
41 39 35 0.0 0.0 795.0 0.0 12317.0 33.0 5999.0 0.09274594236502151
41 39 36 0.0 0.0 1403.0 0.0 13805.0 49.0 16269.0 0.0814000814000814
41 39 37 0.0 0.0 2619.0 0.0 12998.0 59.0 38620.0 0.0794641843569077
41 39 38 0.0 1.0 3747.0 3.0 10226.0 58.0 68784.0 0.08758758758758757
41 39 39 1.0 2.0 3780.0 7.0 6800.0 70.0 103986.0 0.11122586795900531
41 39 40 0.0 10.0 4357.0 21.0 8347.0 69.0 91191.0 0.0950312245452077
41 39 41 1.0 2.0 3763.0 10.0 6890.0 74.0 104213.0 0.11050595942852633
41 39 42 0.0 1.0 3732.0 11.0 9819.0 75.0 74015.0 0.09002057613168724
41 39 43 0.0 1.0 2426.0 4.0 12218.0 50.0 40201.0 0.08405379442843419
41 39 44 0.0 0.0 1391.0 0.0 13428.0 42.0 17281.0 0.0832639467110741
41 39 45 0.0 0.0 645.0 0.0 11399.0 27.0 3680.0 0.09980751407998859
41 39 46 0.0 0.0 98.0 0.0 2544.0 16.0 39.0 0.302571860816944
41 39 47 0.0 0.0 1.0 0.0 30.0 1.0 0.0 0.689655172413793
41 40 32 0.0 0.0 0.0 0.0 1.0 0.0 0.0 0.6996501749125437
41 40 33 0.0 0.0 29.0 0.0 1056.0 4.0 3.0 0.45425048669694995
41 40 34 0.0 0.0 404.0 0.0 8468.0 23.0 1338.0 0.12904415153470364
41 40 35 0.0 0.0 959.0 0.0 12844.0 38.0 8501.0 0.0886749429946795
41 40 36 0.0 0.0 1839.0 0.0 13139.0 38.0 27248.0 0.08241596514982044
41 40 37 0.0 0.0 2937.0 1.0 12136.0 55.0 48279.0 0.08196241437854926
41 40 38 0.0 0.0 3843.0 2.0 10352.0 70.0 69425.0 0.08653192409914084
41 40 39 0.0 4.0 4462.0 10.0 7939.0 68.0 96664.0 0.09708064627973094
41 40 40 0.0 21.0 4931.0 72.0 9270.0 81.0 88276.0 0.0859106529209622
41 40 41 0.0 28.0 3885.0 88.0 6267.0 65.0 110681.0 0.1142018109144302
41 40 42 0.0 15.0 3873.0 57.0 9414.0 90.0 76603.0 0.0911933298593017
41 40 43 0.0 0.0 2304.0 2.0 13897.0 62.0 29131.0 0.07690195001373248
41 40 44 0.0 0.0 1437.0 0.0 13605.0 33.0 17807.0 0.08215480312188252
41 40 45 0.0 0.0 543.0 0.0 10093.0 20.0 2060.0 0.11087352498614081
41 40 46 0.0 0.0 205.0 0.0 4814.0 14.0 232.0 0.1997146932952924
41 40 47 0.0 0.0 14.0 0.0 296.0 2.0 0.0 0.606585788561525
41 41 33 0.0 0.0 22.0 0.0 675.0 12.0 5.0 0.5214152700186219
41 41 34 0.0 0.0 281.0 0.0 6405.0 13.0 607.0 0.16132749481447334
41 41 35 0.0 0.0 833.0 0.0 12502.0 29.0 8025.0 0.09137784739899484
41 41 36 0.0 0.0 2020.0 0.0 12241.0 42.0 33876.0 0.08603736479842673
41 41 37 0.0 0.0 2746.0 0.0 10781.0 75.0 55087.0 0.09025270758122743
41 41 38 0.0 1.0 3506.0 4.0 9885.0 70.0 69663.0 0.0909208988180283
41 41 39 0.0 16.0 3906.0 51.0 7067.0 64.0 101951.0 0.10729613733905578
41 41 40 0.0 36.0 4098.0 85.0 7301.0 80.0 101581.0 0.10364228605270949
41 41 41 0.0 43.0 4212.0 187.0 8716.0 76.0 86066.0 0.09231174996703151
41 41 42 0.0 11.0 3223.0 98.0 12425.0 58.0 47999.0 0.07878890202037256
41 41 43 0.0 0.0 2101.0 2.0 12749.0 62.0 32419.0 0.08308112278203073
41 41 44 0.0 0.0 1137.0 0.0 13629.0 45.0 11260.0 0.08357211079274116
41 41 45 0.0 0.0 522.0 0.0 9988.0 31.0 2346.0 0.11207172590457891
41 41 46 0.0 0.0 313.0 0.0 6314.0 28.0 499.0 0.1627150162715016
41 41 47 0.0 0.0 3.0 0.0 104.0 2.0 0.0 0.6650831353919239
41 42 32 0.0 0.0 0.0 0.0 3.0 0.0 0.0 0.6989515726410384
41 42 33 0.0 0.0 16.0 0.0 242.0 4.0 0.0 0.6216696269982237
41 42 34 0.0 0.0 82.0 0.0 2435.0 6.0 52.0 0.31035247173575703
41 42 35 0.0 0.0 916.0 0.0 12562.0 34.0 7131.0 0.09053285049146403
41 42 36 0.0 0.0 1032.0 0.0 13313.0 32.0 10081.0 0.08571078731480347
41 42 37 0.0 0.0 1831.0 0.0 13631.0 53.0 23684.0 0.08021083992208089
41 42 38 0.0 0.0 2245.0 3.0 14084.0 44.0 28179.0 0.07634004035116418
41 42 39 0.0 2.0 3232.0 14.0 12315.0 62.0 49733.0 0.07974481658692184
41 42 40 0.0 16.0 3456.0 103.0 10727.0 63.0 61728.0 0.08578431372549018
41 42 41 0.0 32.0 3045.0 176.0 12360.0 66.0 46462.0 0.07943262411347517
41 42 42 0.0 18.0 2603.0 116.0 11312.0 66.0 48512.0 0.08726547403852146
41 42 43 0.0 0.0 2224.0 2.0 12481.0 59.0 36125.0 0.08381727833323353
41 42 44 0.0 0.0 796.0 0.0 12387.0 25.0 5298.0 0.09221446449743116
41 42 45 0.0 0.0 468.0 0.0 9359.0 28.0 1901.0 0.11852353538774127
41 42 46 0.0 0.0 69.0 0.0 1599.0 16.0 14.0 0.38335158817086523
41 42 47 0.0 0.0 0.0 0.0 7.0 0.0 0.0 0.6975585450921773
41 43 33 0.0 0.0 0.0 0.0 31.0 0.0 0.0 0.6893156080748399
41 43 34 0.0 0.0 75.0 0.0 1916.0 9.0 20.0 0.3515821195379206
41 43 35 0.0 0.0 513.0 0.0 9816.0 18.0 2520.0 0.11363636363636363
41 43 36 0.0 0.0 765.0 0.0 11974.0 19.0 4866.0 0.09496676163342829
41 43 37 0.0 0.0 1337.0 0.0 13321.0 35.0 15821.0 0.08404874827399891
41 43 38 0.0 0.0 1401.0 0.0 13933.0 56.0 15625.0 0.0808687615526802
41 43 39 0.0 0.0 1704.0 1.0 13574.0 59.0 22526.0 0.08111709832551132
41 43 40 0.0 2.0 1872.0 25.0 13502.0 54.0 25885.0 0.08045977011494253
41 43 41 0.0 3.0 1786.0 6.0 13564.0 48.0 23850.0 0.08071490343038339
41 43 42 0.0 0.0 1617.0 8.0 13280.0 41.0 22169.0 0.08277656240761544
41 43 43 0.0 0.0 1519.0 1.0 13502.0 46.0 18977.0 0.08225133658421949
41 43 44 0.0 0.0 1022.0 0.0 13086.0 32.0 10313.0 0.08691333498882542
41 43 45 0.0 0.0 286.0 0.0 6777.0 22.0 609.0 0.1548158796859449
41 43 46 0.0 0.0 21.0 0.0 588.0 4.0 3.0 0.5374280230326295
41 43 47 0.0 0.0 0.0 0.0 1.0 0.0 0.0 0.6996501749125437
41 44 33 0.0 0.0 0.0 0.0 2.0 0.0 0.0 0.6993006993006992
41 44 34 0.0 0.0 0.0 0.0 61.0 0.0 0.0 0.6796116504854368
41 44 35 0.0 0.0 175.0 0.0 4300.0 20.0 182.0 0.2168861347792409
41 44 36 0.0 0.0 307.0 0.0 7244.0 22.0 915.0 0.14685828175810342
41 44 37 0.0 0.0 563.0 0.0 10439.0 19.0 2559.0 0.10774203478528549
41 44 38 0.0 0.0 526.0 0.0 10085.0 20.0 2356.0 0.11111993015318675
41 44 39 0.0 0.0 842.0 0.0 12311.0 36.0 5792.0 0.09253139458030402
41 44 40 0.0 0.0 1022.0 0.0 13052.0 34.0 9321.0 0.08714596949891067
41 44 41 0.0 0.0 760.0 1.0 11968.0 24.0 4232.0 0.09516041326808046
41 44 42 0.0 0.0 658.0 1.0 11096.0 23.0 3278.0 0.10184040154215464
41 44 43 0.0 0.0 625.0 0.0 11219.0 23.0 4331.0 0.10118531367447238
41 44 44 0.0 0.0 285.0 0.0 6303.0 18.0 472.0 0.16328434802892466
41 44 45 0.0 0.0 368.0 0.0 8131.0 18.0 1287.0 0.13347316236056822
41 44 46 0.0 0.0 1.0 0.0 131.0 1.0 0.0 0.6569685593618019
41 44 47 0.0 0.0 0.0 0.0 1.0 0.0 0.0 0.6996501749125437
41 45 34 0.0 0.0 0.0 0.0 2.0 0.0 0.0 0.6993006993006992
41 45 35 0.0 0.0 8.0 0.0 167.0 1.0 0.0 0.6439742410303587
41 45 36 0.0 0.0 19.0 0.0 439.0 2.0 0.0 0.5700325732899022
41 45 37 0.0 0.0 144.0 0.0 3556.0 21.0 105.0 0.24647887323943657
41 45 38 0.0 0.0 355.0 0.0 6982.0 22.0 618.0 0.15023071144972636
41 45 39 0.0 0.0 704.0 0.0 11622.0 32.0 4332.0 0.09777901941611956
41 45 40 0.0 0.0 396.0 0.0 7768.0 28.0 907.0 0.13812154696132595
41 45 41 0.0 0.0 313.0 0.0 6861.0 25.0 611.0 0.1530054644808743
41 45 42 0.0 0.0 150.0 0.0 3398.0 12.0 81.0 0.25289017341040454
41 45 43 0.0 0.0 139.0 0.0 3621.0 12.0 140.0 0.2435206122803966
41 45 44 0.0 0.0 24.0 0.0 845.0 3.0 8.0 0.4884856943475226
41 45 45 0.0 0.0 27.0 0.0 636.0 8.0 3.0 0.5275056518462696
41 45 46 0.0 0.0 0.0 0.0 15.0 0.0 0.0 0.694789081885856
41 45 47 0.0 0.0 0.0 0.0 4.0 0.0 0.0 0.6986027944111775
41 46 35 0.0 0.0 0.0 0.0 1.0 0.0 0.0 0.6996501749125437
41 46 36 0.0 0.0 0.0 0.0 6.0 0.0 0.0 0.6979062811565303
41 46 37 0.0 0.0 32.0 0.0 672.0 7.0 2.0 0.5190952910641453
41 46 38 0.0 0.0 70.0 0.0 1400.0 7.0 15.0 0.40439052570768336
41 46 39 0.0 0.0 10.0 0.0 363.0 5.0 0.0 0.5914659907055343
41 46 40 0.0 0.0 33.0 0.0 958.0 4.0 3.0 0.46885465505693225
41 46 41 0.0 0.0 7.0 0.0 159.0 1.0 0.0 0.6469500924214416
41 46 42 0.0 0.0 30.0 0.0 498.0 6.0 1.0 0.5551149881046787
41 46 43 0.0 0.0 0.0 0.0 57.0 0.0 0.0 0.6806028196402526
41 46 44 0.0 0.0 0.0 0.0 6.0 0.0 0.0 0.6979062811565303
41 46 45 0.0 0.0 0.0 0.0 5.0 0.0 0.0 0.6982543640897755
41 47 37 0.0 0.0 1.0 0.0 23.0 1.0 0.0 0.6920415224913494
41 47 38 0.0 0.0 4.0 0.0 66.0 1.0 0.0 0.6766553890768486
41 47 39 0.0 0.0 0.0 0.0 8.0 0.0 0.0 0.697211155378486
41 47 40 0.0 0.0 0.0 0.0 2.0 0.0 0.0 0.6993006993006992
42 33 36 0.0 0.0 0.0 0.0 2.0 0.0 0.0 0.6993006993006992
42 33 37 0.0 0.0 0.0 0.0 8.0 0.0 0.0 0.697211155378486
42 33 38 0.0 0.0 0.0 0.0 47.0 0.0 0.0 0.6839276990718123
42 33 39 0.0 0.0 0.0 0.0 43.0 0.0 0.0 0.6852667645619186
42 33 40 0.0 0.0 17.0 0.0 302.0 2.0 0.0 0.6044905008635577
42 33 41 0.0 0.0 0.0 0.0 10.0 0.0 0.0 0.6965174129353233
42 33 42 0.0 0.0 7.0 0.0 77.0 1.0 0.0 0.6721075372059528
42 34 34 0.0 0.0 0.0 0.0 5.0 0.0 0.0 0.6982543640897755
42 34 35 0.0 0.0 2.0 0.0 67.0 0.0 0.0 0.6766553890768486
42 34 36 0.0 0.0 17.0 0.0 308.0 8.0 0.0 0.6042296072507551
42 34 37 0.0 0.0 124.0 0.0 2751.0 14.0 46.0 0.28800658300761156
42 34 38 0.0 0.0 163.0 0.0 3301.0 20.0 70.0 0.25716385011021303
42 34 39 0.0 0.0 436.0 0.0 8701.0 20.0 1561.0 0.12583138594283658
42 34 40 0.0 0.0 43.0 0.0 813.0 9.0 0.0 0.4917456972251492
42 34 41 0.0 0.0 197.0 0.0 4321.0 14.0 143.0 0.21521906225980011
42 34 42 0.0 0.0 3.0 0.0 175.0 1.0 1.0 0.6433823529411764
42 34 43 0.0 0.0 1.0 0.0 30.0 0.0 0.0 0.689655172413793
42 34 44 0.0 0.0 0.0 0.0 7.0 0.0 0.0 0.6975585450921773
42 35 34 0.0 0.0 0.0 0.0 31.0 0.0 0.0 0.6893156080748399
42 35 35 0.0 0.0 171.0 0.0 4260.0 16.0 156.0 0.2182385035074045
42 35 36 0.0 0.0 371.0 0.0 7341.0 17.0 732.0 0.1442852725961043
42 35 37 0.0 0.0 556.0 0.0 10438.0 25.0 3177.0 0.10776691555692403
42 35 38 0.0 0.0 593.0 0.0 10543.0 27.0 2809.0 0.10671545087277992
42 35 39 0.0 0.0 328.0 0.0 6924.0 19.0 673.0 0.15153155103366164
42 35 40 0.0 0.0 258.0 0.0 5700.0 12.0 356.0 0.17614494212380472
42 35 41 0.0 0.0 355.0 0.0 8086.0 21.0 1192.0 0.13433122241412396
42 35 42 0.0 0.0 163.0 0.0 4308.0 12.0 190.0 0.21668472372697722
42 35 43 0.0 0.0 169.0 0.0 4225.0 19.0 180.0 0.21950454687989962
42 35 44 0.0 0.0 49.0 0.0 1344.0 7.0 8.0 0.41346721795629054
42 35 45 0.0 0.0 0.0 0.0 21.0 0.0 0.0 0.6930693069306929
42 35 46 0.0 0.0 0.0 0.0 1.0 0.0 0.0 0.6996501749125437
42 36 32 0.0 0.0 0.0 0.0 1.0 0.0 0.0 0.6996501749125437
42 36 33 0.0 0.0 0.0 0.0 4.0 0.0 0.0 0.6986027944111775
42 36 34 0.0 0.0 19.0 0.0 383.0 3.0 1.0 0.5840634125990821
42 36 35 0.0 0.0 275.0 0.0 6394.0 20.0 570.0 0.16188714153561515
42 36 36 0.0 0.0 851.0 0.0 12611.0 29.0 6738.0 0.090591432638799
42 36 37 0.0 0.0 1036.0 0.0 13163.0 24.0 9559.0 0.086446434084594
42 36 38 0.0 0.0 1427.0 0.0 13680.0 36.0 16670.0 0.08184741303712363
42 36 39 0.0 0.0 972.0 0.0 13213.0 28.0 8309.0 0.08651053574738922
42 36 40 0.0 0.0 1111.0 0.0 12873.0 30.0 13344.0 0.08761499468051817
42 36 41 0.0 0.0 782.0 0.0 12329.0 33.0 5576.0 0.09274594236502151
42 36 42 0.0 0.0 749.0 0.0 11893.0 29.0 5492.0 0.09570686354935738
42 36 43 0.0 0.0 330.0 0.0 7571.0 19.0 965.0 0.1416000809143319
42 36 44 0.0 0.0 258.0 0.0 6415.0 14.0 574.0 0.16158818097876268
42 36 45 0.0 0.0 43.0 0.0 1234.0 8.0 6.0 0.4283965728274174
42 36 46 0.0 0.0 34.0 0.0 729.0 7.0 0.0 0.5079825834542815
42 37 32 0.0 0.0 0.0 0.0 2.0 0.0 0.0 0.6993006993006992
42 37 33 0.0 0.0 84.0 0.0 2058.0 11.0 25.0 0.33890099249576366
42 37 34 0.0 0.0 192.0 0.0 3872.0 18.0 89.0 0.23144321375433954
42 37 35 0.0 0.0 431.0 0.0 9433.0 24.0 2119.0 0.11808367071524965
42 37 36 0.0 0.0 1044.0 0.0 13229.0 30.0 9839.0 0.08606910119267182
42 37 37 0.0 0.0 1490.0 0.0 13343.0 40.0 19866.0 0.083184789067142
42 37 38 0.0 0.0 1820.0 0.0 13499.0 38.0 23658.0 0.08078476630121176
42 37 39 0.0 0.0 2201.0 0.0 12176.0 63.0 37002.0 0.08556934172727827
42 37 40 0.0 2.0 1969.0 7.0 13319.0 46.0 27487.0 0.08092017802439165
42 37 41 0.0 0.0 1870.0 0.0 13414.0 55.0 25971.0 0.08103727714748783
42 37 42 0.0 1.0 1497.0 13.0 13915.0 44.0 16607.0 0.08044590013216112
42 37 43 0.0 0.0 932.0 0.0 12982.0 42.0 7714.0 0.08807247106190234
42 37 44 0.0 0.0 512.0 0.0 9813.0 23.0 2020.0 0.11369173298684422
42 37 45 0.0 0.0 205.0 0.0 4628.0 24.0 227.0 0.20558002936857558
42 37 46 0.0 0.0 20.0 0.0 579.0 9.0 0.0 0.5405405405405405
42 37 47 0.0 0.0 0.0 0.0 2.0 0.0 0.0 0.6993006993006992
42 38 32 0.0 0.0 0.0 0.0 8.0 0.0 0.0 0.697211155378486
42 38 33 0.0 0.0 1.0 0.0 48.0 1.0 0.0 0.6835937499999999
42 38 34 0.0 0.0 244.0 0.0 5407.0 19.0 319.0 0.1833420639078051
42 38 35 0.0 0.0 652.0 0.0 11407.0 37.0 3890.0 0.09976484001995296
42 38 36 0.0 0.0 1101.0 0.0 13468.0 30.0 10009.0 0.08450024142926121
42 38 37 0.0 0.0 2108.0 0.0 13094.0 49.0 31152.0 0.08138588536216719
42 38 38 0.0 0.0 2856.0 0.0 10429.0 59.0 58911.0 0.09162903331369852
42 38 39 0.0 0.0 3101.0 0.0 9696.0 70.0 67551.0 0.09462016761286833
42 38 40 0.0 0.0 2948.0 6.0 11580.0 61.0 50454.0 0.08457681387059747
42 38 41 0.0 0.0 2871.0 2.0 11566.0 61.0 50228.0 0.08518405841192576
42 38 42 0.0 0.0 2330.0 0.0 13364.0 55.0 33395.0 0.07912286650842092
42 38 43 0.0 0.0 1976.0 0.0 12624.0 41.0 31583.0 0.08418520745640408
42 38 44 0.0 0.0 1079.0 0.0 13324.0 31.0 11100.0 0.08535544445799291
42 38 45 0.0 0.0 889.0 0.0 12759.0 29.0 7498.0 0.08954842011001661
42 38 46 0.0 0.0 251.0 0.0 5393.0 18.0 314.0 0.1835102896841001
42 38 47 0.0 0.0 0.0 0.0 9.0 0.0 0.0 0.6968641114982577
42 39 32 0.0 0.0 0.0 0.0 3.0 0.0 0.0 0.6989515726410384
42 39 33 0.0 0.0 2.0 0.0 141.0 1.0 0.0 0.65359477124183
42 39 34 0.0 0.0 120.0 0.0 2936.0 9.0 66.0 0.2774474831549742
42 39 35 0.0 0.0 970.0 0.0 12924.0 32.0 9378.0 0.08807801195344447
42 39 36 0.0 0.0 1531.0 0.0 13755.0 39.0 18909.0 0.08100914246036338
42 39 37 0.0 0.0 2281.0 0.0 12368.0 52.0 37609.0 0.084008400840084
42 39 38 0.0 0.0 3047.0 0.0 11921.0 65.0 50803.0 0.08250338853202899
42 39 39 0.0 0.0 3588.0 1.0 11134.0 69.0 60810.0 0.08367200573750895
42 39 40 0.0 13.0 3757.0 60.0 11360.0 67.0 60573.0 0.08142848833827719
42 39 41 0.0 0.0 3401.0 6.0 10520.0 82.0 63056.0 0.08792313006343025
42 39 42 0.0 1.0 3141.0 1.0 9765.0 60.0 66720.0 0.09391561011605286
42 39 43 0.0 0.0 2585.0 0.0 11267.0 67.0 48762.0 0.08832807570977917
42 39 44 0.0 0.0 1102.0 0.0 13188.0 30.0 11915.0 0.08594757198109153
42 39 45 0.0 0.0 417.0 0.0 8508.0 21.0 1311.0 0.1282756093091442
42 39 46 0.0 0.0 13.0 0.0 587.0 4.0 3.0 0.5394990366088631
42 39 47 0.0 0.0 5.0 0.0 115.0 3.0 0.0 0.6613131790269249
42 40 32 0.0 0.0 0.0 0.0 2.0 0.0 0.0 0.6993006993006992
42 40 33 0.0 0.0 55.0 0.0 1161.0 10.0 6.0 0.43668122270742354
42 40 34 0.0 0.0 343.0 0.0 8169.0 18.0 1299.0 0.13332063612989237
42 40 35 0.0 0.0 850.0 0.0 12649.0 26.0 6198.0 0.09039839865693806
42 40 36 0.0 0.0 1269.0 0.0 13486.0 31.0 15199.0 0.08351228823669767
42 40 37 0.0 0.0 2347.0 0.0 12498.0 64.0 38201.0 0.08316996376165864
42 40 38 0.0 1.0 3546.0 0.0 8622.0 69.0 80926.0 0.09875846501128667
42 40 39 0.0 2.0 3838.0 8.0 9043.0 74.0 81194.0 0.09399127223900637
42 40 40 0.0 3.0 3829.0 8.0 8464.0 85.0 86871.0 0.09793634137810422
42 40 41 0.0 5.0 3967.0 16.0 10590.0 81.0 69050.0 0.08446965126101122
42 40 42 0.0 5.0 3544.0 15.0 10828.0 60.0 63138.0 0.08535024080960799
42 40 43 0.0 0.0 2144.0 2.0 12640.0 50.0 33569.0 0.08335814230425721
42 40 44 0.0 0.0 1249.0 0.0 13486.0 23.0 13346.0 0.08352723584511663
42 40 45 0.0 0.0 626.0 0.0 10922.0 22.0 2958.0 0.10338207059518534
42 40 46 0.0 0.0 179.0 0.0 4359.0 19.0 180.0 0.21465808034345288
42 40 47 0.0 0.0 1.0 0.0 16.0 0.0 0.0 0.694100148735746
42 41 32 0.0 0.0 0.0 0.0 1.0 0.0 0.0 0.6996501749125437
42 41 33 0.0 0.0 29.0 0.0 628.0 5.0 1.0 0.5279034690799397
42 41 34 0.0 0.0 123.0 0.0 3014.0 21.0 72.0 0.2737583105201407
42 41 35 0.0 0.0 592.0 0.0 10604.0 21.0 2713.0 0.1061490636136174
42 41 36 0.0 0.0 1411.0 0.0 13508.0 33.0 17517.0 0.08273742686602446
42 41 37 0.0 0.0 2047.0 0.0 13320.0 42.0 29019.0 0.08060801473975125
42 41 38 0.0 0.0 2772.0 2.0 12751.0 51.0 41760.0 0.07980845969672784
42 41 39 0.0 0.0 3660.0 1.0 10464.0 72.0 66508.0 0.08687019111442044
42 41 40 0.0 1.0 3844.0 9.0 11342.0 79.0 60459.0 0.08148061925270632
42 41 41 0.0 4.0 3617.0 9.0 8899.0 68.0 80202.0 0.09631922944616442
42 41 42 0.0 0.0 3014.0 2.0 11034.0 60.0 54737.0 0.08711343413602139
42 41 43 0.0 0.0 1729.0 1.0 13851.0 49.0 21828.0 0.0796495420151334
42 41 44 0.0 0.0 977.0 0.0 13002.0 29.0 9278.0 0.08762596232083619
42 41 45 0.0 0.0 345.0 0.0 7628.0 19.0 980.0 0.14056224899598393
42 41 46 0.0 0.0 47.0 0.0 1254.0 12.0 7.0 0.4259202920596288
42 41 47 0.0 0.0 0.0 0.0 20.0 0.0 0.0 0.6930693069306929
42 42 32 0.0 0.0 0.0 0.0 1.0 0.0 0.0 0.6996501749125437
42 42 33 0.0 0.0 0.0 0.0 20.0 0.0 0.0 0.6930693069306929
42 42 34 0.0 0.0 18.0 0.0 828.0 5.0 6.0 0.492784230904611
42 42 35 0.0 0.0 709.0 0.0 11884.0 20.0 4939.0 0.09596271163205153
42 42 36 0.0 0.0 1346.0 0.0 13374.0 23.0 15749.0 0.08366700531883105
42 42 37 0.0 0.0 1271.0 0.0 13737.0 45.0 12816.0 0.08239656288623387
42 42 38 0.0 0.0 2306.0 0.0 12428.0 51.0 37400.0 0.08366700531883105
42 42 39 0.0 0.0 3029.0 0.0 11537.0 58.0 52183.0 0.08449514152936205
42 42 40 0.0 2.0 3162.0 5.0 9732.0 71.0 67689.0 0.09392821200939282
42 42 41 0.0 1.0 2915.0 7.0 11865.0 51.0 49534.0 0.08335317932841152
42 42 42 0.0 0.0 2521.0 3.0 11836.0 69.0 43222.0 0.08565834557023982
42 42 43 0.0 1.0 1552.0 12.0 13410.0 28.0 20214.0 0.0823868651797799
42 42 44 0.0 0.0 891.0 0.0 12746.0 25.0 7604.0 0.08951979026791992
42 42 45 0.0 0.0 478.0 0.0 8982.0 22.0 1657.0 0.12231347195526819
42 42 46 0.0 0.0 9.0 0.0 282.0 5.0 0.0 0.612691466083151
42 42 47 0.0 0.0 6.0 0.0 256.0 2.0 0.0 0.6194690265486725
42 43 33 0.0 0.0 0.0 0.0 2.0 0.0 0.0 0.6993006993006992
42 43 34 0.0 0.0 49.0 0.0 1244.0 13.0 6.0 0.42682926829268286
42 43 35 0.0 0.0 289.0 0.0 6538.0 17.0 559.0 0.15887426236949612
42 43 36 0.0 0.0 854.0 0.0 12407.0 34.0 6641.0 0.0918514630625902
42 43 37 0.0 0.0 567.0 0.0 10276.0 29.0 2441.0 0.1092555017949118
42 43 38 0.0 0.0 989.0 0.0 13275.0 26.0 8411.0 0.08605851979345955
42 43 39 0.0 0.0 1953.0 2.0 12700.0 49.0 31104.0 0.08414472893376607
42 43 40 0.0 1.0 1509.0 15.0 13751.0 40.0 17994.0 0.08101383021815867
42 43 41 0.0 0.0 1828.0 0.0 13025.0 44.0 27770.0 0.08311071534579993
42 43 42 0.0 0.0 1279.0 3.0 14053.0 54.0 12735.0 0.08085008085008084
42 43 43 0.0 1.0 916.0 4.0 12719.0 36.0 8252.0 0.08962868117797694
42 43 44 0.0 0.0 691.0 0.0 11358.0 35.0 4001.0 0.09975773122416987
42 43 45 0.0 0.0 212.0 0.0 4830.0 23.0 211.0 0.19948703334283271
42 43 46 0.0 0.0 74.0 0.0 1683.0 12.0 11.0 0.3739316239316239
42 43 47 0.0 0.0 0.0 0.0 2.0 0.0 0.0 0.6993006993006992
42 44 34 0.0 0.0 38.0 0.0 675.0 10.0 1.0 0.5179430262671106
42 44 35 0.0 0.0 49.0 0.0 942.0 9.0 3.0 0.46948356807511726
42 44 36 0.0 0.0 330.0 0.0 6798.0 26.0 647.0 0.15374478365912583
42 44 37 0.0 0.0 282.0 0.0 6003.0 25.0 419.0 0.16940948693126812
42 44 38 0.0 0.0 541.0 0.0 10299.0 15.0 2758.0 0.10908524232507401
42 44 39 0.0 0.0 1061.0 0.0 13257.0 27.0 9554.0 0.08581060373889059
42 44 40 0.0 0.0 859.0 1.0 12534.0 27.0 7355.0 0.09086778736937755
42 44 41 0.0 0.0 723.0 0.0 11562.0 23.0 3661.0 0.09812167087188112
42 44 42 0.0 0.0 770.0 0.0 12207.0 27.0 6118.0 0.09352037408149631
42 44 43 0.0 0.0 683.0 0.0 11646.0 22.0 5459.0 0.09771759614713477
42 44 44 0.0 0.0 345.0 0.0 7664.0 22.0 1028.0 0.14015416958654517
42 44 45 0.0 0.0 76.0 0.0 2030.0 12.0 33.0 0.34188034188034183
42 44 46 0.0 0.0 5.0 0.0 153.0 4.0 0.0 0.6502554575011611
42 45 34 0.0 0.0 0.0 0.0 5.0 0.0 0.0 0.6982543640897755
42 45 35 0.0 0.0 1.0 0.0 35.0 0.0 0.0 0.6876227897838899
42 45 36 0.0 0.0 6.0 0.0 286.0 1.0 2.0 0.6113537117903929
42 45 37 0.0 0.0 41.0 0.0 785.0 6.0 1.0 0.49645390070921974
42 45 38 0.0 0.0 156.0 0.0 3286.0 16.0 85.0 0.2579218865143699
42 45 39 0.0 0.0 229.0 0.0 5171.0 23.0 296.0 0.18970189701897017
42 45 40 0.0 0.0 114.0 0.0 2945.0 16.0 87.0 0.27750247770069375
42 45 41 0.0 0.0 226.0 0.0 4947.0 19.0 257.0 0.19564002235885966
42 45 42 0.0 0.0 112.0 0.0 2958.0 15.0 73.0 0.2768987341772151
42 45 43 0.0 0.0 36.0 0.0 1102.0 5.0 9.0 0.44728434504792325
42 45 44 0.0 0.0 143.0 0.0 3964.0 13.0 140.0 0.2296587926509186
42 45 45 0.0 0.0 65.0 0.0 1624.0 17.0 13.0 0.38126361655773416
42 45 46 0.0 0.0 3.0 0.0 38.0 1.0 0.0 0.6862745098039215
42 46 36 0.0 0.0 0.0 0.0 3.0 0.0 0.0 0.6989515726410384
42 46 37 0.0 0.0 58.0 0.0 1405.0 11.0 8.0 0.40544454097885885
42 46 38 0.0 0.0 25.0 0.0 689.0 6.0 0.0 0.5169867060561298
42 46 39 0.0 0.0 47.0 0.0 1178.0 6.0 7.0 0.4349176762969866
42 46 40 0.0 0.0 60.0 0.0 1451.0 12.0 9.0 0.39999999999999997
42 46 41 0.0 0.0 19.0 0.0 551.0 7.0 1.0 0.5462348809988293
42 46 42 0.0 0.0 6.0 0.0 110.0 2.0 0.0 0.662251655629139
42 46 43 0.0 0.0 0.0 0.0 16.0 0.0 0.0 0.6944444444444444
42 46 44 0.0 0.0 0.0 0.0 2.0 0.0 0.0 0.6993006993006992
42 46 45 0.0 0.0 0.0 0.0 9.0 0.0 0.0 0.6975585450921773
42 46 46 0.0 0.0 0.0 0.0 1.0 0.0 0.0 0.6996501749125437
42 47 39 0.0 0.0 0.0 0.0 2.0 0.0 0.0 0.6993006993006992
43 33 36 0.0 0.0 1.0 0.0 1.0 0.0 0.0 0.6996501749125437
43 33 37 0.0 0.0 0.0 0.0 3.0 0.0 0.0 0.6989515726410384
43 33 38 0.0 0.0 0.0 0.0 19.0 0.0 0.0 0.6934125804853887
43 33 39 0.0 0.0 0.0 0.0 26.0 0.0 0.0 0.6910167818361302
43 33 40 0.0 0.0 13.0 0.0 429.0 5.0 0.0 0.5744768157570782
43 33 41 0.0 0.0 0.0 0.0 2.0 0.0 0.0 0.6993006993006992
43 33 42 0.0 0.0 2.0 0.0 49.0 1.0 0.0 0.6829268292682925
43 34 34 0.0 0.0 0.0 0.0 3.0 0.0 0.0 0.6989515726410384
43 34 35 0.0 0.0 0.0 0.0 30.0 0.0 0.0 0.689655172413793
43 34 36 0.0 0.0 15.0 0.0 338.0 5.0 1.0 0.5965061780997016
43 34 37 0.0 0.0 6.0 0.0 238.0 2.0 0.0 0.6247211066488174
43 34 38 0.0 0.0 51.0 0.0 1402.0 8.0 12.0 0.40626813697040043
43 34 39 0.0 0.0 109.0 0.0 2590.0 14.0 53.0 0.2986985278429699
43 34 40 0.0 0.0 8.0 0.0 256.0 2.0 0.0 0.6189213085764809
43 34 41 0.0 0.0 15.0 0.0 513.0 6.0 1.0 0.5553351844506148
43 34 42 0.0 0.0 47.0 0.0 737.0 12.0 4.0 0.505050505050505
43 34 43 0.0 0.0 0.0 0.0 32.0 0.0 0.0 0.6889763779527558
43 34 44 0.0 0.0 0.0 0.0 7.0 0.0 0.0 0.6975585450921773
43 35 34 0.0 0.0 4.0 0.0 207.0 2.0 0.0 0.6337709370755997
43 35 35 0.0 0.0 123.0 0.0 2233.0 13.0 36.0 0.3223578171770665
43 35 36 0.0 0.0 387.0 0.0 7908.0 26.0 996.0 0.13623978201634876
43 35 37 0.0 0.0 336.0 0.0 7323.0 19.0 931.0 0.14513788098693756
43 35 38 0.0 0.0 479.0 0.0 9418.0 20.0 1812.0 0.11780545270952539
43 35 39 0.0 0.0 441.0 0.0 8915.0 26.0 1524.0 0.12350035285815099
43 35 40 0.0 0.0 307.0 0.0 6792.0 29.0 670.0 0.15432098765432098
43 35 41 0.0 0.0 296.0 0.0 6574.0 7.0 628.0 0.15787099684258005
43 35 42 0.0 0.0 290.0 0.0 6552.0 19.0 642.0 0.158586316266425
43 35 43 0.0 0.0 94.0 0.0 2675.0 8.0 52.0 0.2940558706154169
43 35 44 0.0 0.0 11.0 0.0 189.0 2.0 0.0 0.6369426751592355
43 35 45 0.0 0.0 0.0 0.0 6.0 0.0 0.0 0.6979062811565303
43 36 32 0.0 0.0 0.0 0.0 1.0 0.0 0.0 0.6996501749125437
43 36 33 0.0 0.0 27.0 0.0 513.0 10.0 0.0 0.5533596837944663
43 36 34 0.0 0.0 7.0 0.0 123.0 2.0 1.0 0.6578947368421051
43 36 35 0.0 0.0 80.0 0.0 2529.0 5.0 47.0 0.30408340573414416
43 36 36 0.0 0.0 371.0 0.0 8044.0 25.0 998.0 0.13462832964708144
43 36 37 0.0 0.0 533.0 0.0 10041.0 16.0 2333.0 0.11141174598121915
43 36 38 0.0 0.0 1040.0 0.0 13119.0 33.0 9281.0 0.0866658412777021
43 36 39 0.0 0.0 1201.0 0.0 13546.0 39.0 12826.0 0.08365200764818355
43 36 40 0.0 0.0 811.0 0.0 12556.0 31.0 6623.0 0.09117551286225983
43 36 41 0.0 0.0 847.0 0.0 12474.0 27.0 6433.0 0.09138381201044385
43 36 42 0.0 0.0 747.0 0.0 11987.0 22.0 5969.0 0.09501832496267136
43 36 43 0.0 0.0 351.0 0.0 7628.0 25.0 934.0 0.14053402931138326
43 36 44 0.0 0.0 43.0 0.0 1116.0 9.0 11.0 0.4447268106734434
43 36 45 0.0 0.0 7.0 0.0 226.0 0.0 0.0 0.6272401433691756
43 36 46 0.0 0.0 0.0 0.0 6.0 0.0 0.0 0.6979062811565303
43 36 47 0.0 0.0 0.0 0.0 1.0 0.0 0.0 0.6996501749125437
43 37 32 0.0 0.0 0.0 0.0 3.0 0.0 0.0 0.6989515726410384
43 37 33 0.0 0.0 0.0 0.0 7.0 0.0 0.0 0.6975585450921773
43 37 34 0.0 0.0 4.0 0.0 236.0 0.0 0.0 0.6249999999999999
43 37 35 0.0 0.0 255.0 0.0 5142.0 18.0 284.0 0.18962481376134363
43 37 36 0.0 0.0 599.0 0.0 10614.0 20.0 2767.0 0.10598834128245892
43 37 37 0.0 0.0 1190.0 0.0 13550.0 33.0 11589.0 0.08362202843148965
43 37 38 0.0 0.0 1918.0 0.0 12330.0 50.0 32347.0 0.08620158857213224
43 37 39 0.0 0.0 1735.0 0.0 13771.0 40.0 21752.0 0.07988131918292822
43 37 40 0.0 0.0 1413.0 0.0 13568.0 42.0 17144.0 0.08249366566495786
43 37 41 0.0 0.0 1446.0 0.0 13477.0 38.0 18541.0 0.08277166844034527
43 37 42 0.0 0.0 1035.0 0.0 13207.0 39.0 9491.0 0.08627064333251169
43 37 43 0.0 0.0 1005.0 0.0 13303.0 23.0 9647.0 0.08584217303329449
43 37 44 0.0 0.0 634.0 0.0 10625.0 21.0 2658.0 0.10566037735849056
43 37 45 0.0 0.0 170.0 0.0 3610.0 28.0 87.0 0.24326672458731535
43 37 46 0.0 0.0 158.0 0.0 3567.0 14.0 89.0 0.24509803921568624
43 37 47 0.0 0.0 1.0 0.0 11.0 1.0 0.0 0.6961710591745399
43 38 33 0.0 0.0 0.0 0.0 11.0 0.0 0.0 0.6961710591745399
43 38 34 0.0 0.0 24.0 0.0 847.0 4.0 1.0 0.4884856943475226
43 38 35 0.0 0.0 490.0 0.0 9323.0 24.0 1929.0 0.1186842997626314
43 38 36 0.0 0.0 1006.0 0.0 13334.0 26.0 8405.0 0.08569504805043765
43 38 37 0.0 0.0 1468.0 0.0 13526.0 32.0 18373.0 0.08235778575210306
43 38 38 0.0 0.0 1923.0 0.0 12468.0 52.0 31490.0 0.08539709649871903
43 38 39 0.0 0.0 2424.0 0.0 12237.0 42.0 40040.0 0.084008400840084
43 38 40 0.0 0.0 1989.0 1.0 13133.0 39.0 28157.0 0.08178525528683257
43 38 41 0.0 0.0 2170.0 0.0 12761.0 63.0 32542.0 0.08276188224166468
43 38 42 0.0 0.0 2268.0 0.0 12049.0 50.0 39115.0 0.08573178199632576
43 38 43 0.0 0.0 1405.0 0.0 13655.0 37.0 16984.0 0.08203445447087776
43 38 44 0.0 0.0 1037.0 0.0 13059.0 21.0 11029.0 0.08695652173913042
43 38 45 0.0 0.0 507.0 0.0 9644.0 17.0 2040.0 0.1152832674571805
43 38 46 0.0 0.0 32.0 0.0 863.0 6.0 0.0 0.484764542936288
43 38 47 0.0 0.0 0.0 0.0 7.0 0.0 0.0 0.6975585450921773
43 39 33 0.0 0.0 0.0 0.0 41.0 0.0 0.0 0.6859382655560998
43 39 34 0.0 0.0 39.0 0.0 1243.0 12.0 3.0 0.4281345565749235
43 39 35 0.0 0.0 332.0 0.0 7502.0 19.0 872.0 0.14259523324506007
43 39 36 0.0 0.0 1076.0 0.0 12929.0 38.0 13924.0 0.08749999999999998
43 39 37 0.0 0.0 1813.0 0.0 13613.0 41.0 23550.0 0.0803627805522071
43 39 38 0.0 0.0 2168.0 0.0 13309.0 49.0 30028.0 0.08018327605956471
43 39 39 0.0 0.0 2590.0 0.0 12247.0 62.0 41901.0 0.08307619273676714
43 39 40 0.0 0.0 2880.0 0.0 11435.0 75.0 52526.0 0.08590011044299914
43 39 41 0.0 0.0 2473.0 0.0 12671.0 63.0 38516.0 0.08176614881439084
43 39 42 0.0 0.0 2186.0 0.0 12851.0 52.0 33459.0 0.08216444627032102
43 39 43 0.0 0.0 1525.0 0.0 13365.0 40.0 19811.0 0.08293838862559241
43 39 44 0.0 0.0 869.0 0.0 12580.0 32.0 6777.0 0.09074998379464574
43 39 45 0.0 0.0 400.0 0.0 8340.0 26.0 1235.0 0.13063357282821683
43 39 46 0.0 0.0 75.0 0.0 1985.0 10.0 21.0 0.34567901234567894
43 39 47 0.0 0.0 0.0 0.0 6.0 0.0 0.0 0.6979062811565303
43 40 32 0.0 0.0 0.0 0.0 1.0 0.0 0.0 0.6996501749125437
43 40 33 0.0 0.0 3.0 0.0 79.0 1.0 0.0 0.6727534839019701
43 40 34 0.0 0.0 82.0 0.0 2029.0 13.0 27.0 0.34154671871188086
43 40 35 0.0 0.0 330.0 0.0 7232.0 27.0 791.0 0.1467351430667645
43 40 36 0.0 0.0 1133.0 0.0 13331.0 34.0 12865.0 0.08504434455108734
43 40 37 0.0 0.0 2009.0 0.0 12532.0 48.0 32139.0 0.0846279393096778
43 40 38 0.0 0.0 2444.0 0.0 12720.0 45.0 36771.0 0.08150433719508644
43 40 39 0.0 0.0 2543.0 0.0 12325.0 54.0 40443.0 0.08293347550500563
43 40 40 0.0 0.0 2651.0 0.0 12562.0 62.0 41544.0 0.08132442637234968
43 40 41 0.0 0.0 2610.0 3.0 12799.0 54.0 40004.0 0.08043665613329502
43 40 42 0.0 0.0 2225.0 0.0 12948.0 49.0 32425.0 0.08155181452787323
43 40 43 0.0 0.0 2266.0 0.0 11689.0 53.0 40635.0 0.08775228782750406
43 40 44 0.0 0.0 1246.0 0.0 13659.0 37.0 13511.0 0.08277166844034527
43 40 45 0.0 0.0 373.0 0.0 7716.0 35.0 849.0 0.13923421183490797
43 40 46 0.0 0.0 26.0 0.0 735.0 8.0 5.0 0.5085361423901198
43 40 47 0.0 0.0 0.0 0.0 2.0 0.0 0.0 0.6993006993006992
43 41 33 0.0 0.0 0.0 0.0 33.0 0.0 0.0 0.6886374815543531
43 41 34 0.0 0.0 307.0 0.0 6257.0 21.0 495.0 0.16378100140383714
43 41 35 0.0 0.0 241.0 0.0 5990.0 14.0 481.0 0.17027487229384575
43 41 36 0.0 0.0 855.0 0.0 12726.0 39.0 6463.0 0.08998585936495693
43 41 37 0.0 0.0 1213.0 0.0 13322.0 30.0 13117.0 0.08471499455403605
43 41 38 0.0 0.0 1952.0 1.0 13618.0 58.0 26643.0 0.07974935915693533
43 41 39 0.0 0.0 2721.0 0.0 11778.0 70.0 45741.0 0.08491023774866568
43 41 40 0.0 0.0 2589.0 0.0 12010.0 65.0 43656.0 0.08435767654856591
43 41 41 0.0 0.0 2507.0 1.0 11968.0 52.0 42322.0 0.08493599466116604
43 41 42 0.0 0.0 2029.0 0.0 13491.0 54.0 27768.0 0.07989955484533728
43 41 43 0.0 0.0 1418.0 0.0 13390.0 27.0 18145.0 0.0833134967864794
43 41 44 0.0 0.0 601.0 0.0 10728.0 21.0 2865.0 0.10512088902237571
43 41 45 0.0 0.0 392.0 0.0 8020.0 19.0 1152.0 0.1346153846153846
43 41 46 0.0 0.0 13.0 0.0 325.0 5.0 0.0 0.6003430531732418
43 42 33 0.0 0.0 0.0 0.0 18.0 0.0 0.0 0.6937561942517343
43 42 34 0.0 0.0 269.0 0.0 5563.0 15.0 297.0 0.1789823574533367
43 42 35 0.0 0.0 288.0 0.0 6232.0 23.0 487.0 0.1647252617955053
43 42 36 0.0 0.0 521.0 0.0 9967.0 25.0 2098.0 0.112260444230615
43 42 37 0.0 0.0 1013.0 0.0 13176.0 29.0 9048.0 0.08645711109738775
43 42 38 0.0 0.0 1626.0 0.0 12978.0 41.0 23603.0 0.0843221104619647
43 42 39 0.0 0.0 1600.0 0.0 13758.0 40.0 20205.0 0.08068699210420148
43 42 40 0.0 0.0 2348.0 1.0 12649.0 61.0 34977.0 0.08234325373485472
43 42 41 0.0 0.0 1799.0 1.0 13617.0 56.0 23728.0 0.08040431886055592
43 42 42 0.0 0.0 1638.0 0.0 13779.0 55.0 20080.0 0.08048289738430582
43 42 43 0.0 0.0 1304.0 0.0 13398.0 40.0 15197.0 0.0838423763324949
43 42 44 0.0 0.0 400.0 0.0 8149.0 26.0 1067.0 0.1330166270783848
43 42 45 0.0 0.0 106.0 0.0 2860.0 8.0 65.0 0.28231498285944745
43 42 46 0.0 0.0 1.0 0.0 69.0 1.0 0.0 0.6766553890768486
43 43 33 0.0 0.0 0.0 0.0 2.0 0.0 0.0 0.6993006993006992
43 43 34 0.0 0.0 41.0 0.0 1063.0 9.0 5.0 0.4523424878836833
43 43 35 0.0 0.0 162.0 0.0 3325.0 23.0 65.0 0.2560819462227913
43 43 36 0.0 0.0 197.0 0.0 4990.0 17.0 284.0 0.1952580195258019
43 43 37 0.0 0.0 572.0 0.0 10825.0 24.0 4232.0 0.10461814377522043
43 43 38 0.0 0.0 1150.0 0.0 13374.0 39.0 12062.0 0.08480736612551489
43 43 39 0.0 0.0 1552.0 0.0 13478.0 45.0 20072.0 0.08215962441314553
43 43 40 0.0 0.0 1302.0 0.0 13417.0 42.0 14745.0 0.08377213977979894
43 43 41 0.0 0.0 1569.0 0.0 13128.0 38.0 22406.0 0.08387251377905583
43 43 42 0.0 0.0 1351.0 0.0 13471.0 36.0 16117.0 0.08323919376895178
43 43 43 0.0 0.0 1008.0 0.0 12967.0 31.0 10170.0 0.08760402978537012
43 43 44 0.0 0.0 202.0 0.0 4161.0 17.0 158.0 0.22068095838587637
43 43 45 0.0 0.0 2.0 0.0 305.0 1.0 1.0 0.6073752711496745
43 43 46 0.0 0.0 2.0 0.0 54.0 1.0 0.0 0.6812652068126519
43 44 34 0.0 0.0 0.0 0.0 19.0 0.0 0.0 0.6937561942517343
43 44 35 0.0 0.0 73.0 0.0 1556.0 10.0 11.0 0.38674033149171266
43 44 36 0.0 0.0 62.0 0.0 1524.0 14.0 17.0 0.3918275958578225
43 44 37 0.0 0.0 215.0 0.0 4618.0 16.0 169.0 0.20527859237536653
43 44 38 0.0 0.0 780.0 0.0 11962.0 28.0 4748.0 0.0950312245452077
43 44 39 0.0 0.0 591.0 0.0 10628.0 30.0 3174.0 0.10598834128245892
43 44 40 0.0 0.0 1314.0 1.0 13412.0 36.0 15210.0 0.08365200764818355
43 44 41 0.0 0.0 493.0 0.0 9037.0 22.0 1394.0 0.12155943388035077
43 44 42 0.0 0.0 713.0 0.0 11696.0 24.0 4307.0 0.09726274836737528
43 44 43 0.0 0.0 267.0 0.0 5828.0 19.0 366.0 0.17331022530329285
43 44 44 0.0 0.0 175.0 0.0 4006.0 17.0 134.0 0.22705157314304245
43 44 45 0.0 0.0 3.0 0.0 155.0 1.0 0.0 0.6490496059341677
43 44 46 0.0 0.0 0.0 0.0 6.0 0.0 0.0 0.6979062811565303
43 44 47 0.0 0.0 0.0 0.0 1.0 0.0 0.0 0.6996501749125437
43 45 35 0.0 0.0 0.0 0.0 12.0 0.0 0.0 0.6958250497017892
43 45 36 0.0 0.0 43.0 0.0 666.0 12.0 2.0 0.5190952910641453
43 45 37 0.0 0.0 59.0 0.0 1502.0 10.0 15.0 0.3942551393973528
43 45 38 0.0 0.0 428.0 0.0 9371.0 14.0 2185.0 0.11872455902306647
43 45 39 0.0 0.0 305.0 0.0 6612.0 15.0 580.0 0.1572150477259966
43 45 40 0.0 0.0 355.0 0.0 6914.0 17.0 626.0 0.15123690180404017
43 45 41 0.0 0.0 204.0 0.0 4549.0 22.0 205.0 0.20793108569731172
43 45 42 0.0 0.0 310.0 0.0 6860.0 12.0 731.0 0.1527883880825057
43 45 43 0.0 0.0 8.0 0.0 426.0 3.0 2.0 0.5758946935417523
43 45 44 0.0 0.0 65.0 0.0 1596.0 5.0 14.0 0.38303693570451425
43 45 45 0.0 0.0 1.0 0.0 45.0 1.0 0.0 0.6845965770171147
43 45 46 0.0 0.0 1.0 0.0 3.0 0.0 0.0 0.6986027944111775
43 46 37 0.0 0.0 6.0 0.0 116.0 1.0 0.0 0.6603773584905659
43 46 38 0.0 0.0 71.0 0.0 1562.0 14.0 10.0 0.38684719535783363
43 46 39 0.0 0.0 0.0 0.0 58.0 1.0 0.0 0.6806028196402526
43 46 40 0.0 0.0 11.0 0.0 264.0 5.0 0.0 0.6167400881057268
43 46 41 0.0 0.0 0.0 0.0 38.0 0.0 0.0 0.6869479882237487
43 46 42 0.0 0.0 0.0 0.0 19.0 0.0 0.0 0.6934125804853887
43 46 43 0.0 0.0 0.0 0.0 8.0 0.0 0.0 0.697211155378486
43 46 44 0.0 0.0 0.0 0.0 3.0 0.0 0.0 0.6989515726410384
43 46 46 0.0 0.0 0.0 0.0 1.0 0.0 0.0 0.6996501749125437
43 47 39 0.0 0.0 0.0 0.0 3.0 0.0 0.0 0.6989515726410384
43 47 41 0.0 0.0 0.0 0.0 1.0 0.0 0.0 0.6996501749125437
44 32 39 0.0 0.0 0.0 0.0 1.0 0.0 0.0 0.6996501749125437
44 33 36 0.0 0.0 0.0 0.0 2.0 0.0 0.0 0.6996501749125437
44 33 39 0.0 0.0 0.0 0.0 5.0 0.0 0.0 0.6982543640897755
44 33 41 0.0 0.0 0.0 0.0 1.0 0.0 0.0 0.6996501749125437
44 34 35 0.0 0.0 0.0 0.0 15.0 0.0 0.0 0.694789081885856
44 34 36 0.0 0.0 69.0 0.0 1351.0 9.0 10.0 0.4103165298944899
44 34 37 0.0 0.0 47.0 0.0 1030.0 16.0 6.0 0.4573668735707284
44 34 38 0.0 0.0 46.0 0.0 1025.0 8.0 7.0 0.45706823375775374
44 34 39 0.0 0.0 6.0 0.0 172.0 3.0 0.0 0.6436781609195401
44 34 40 0.0 0.0 17.0 0.0 499.0 5.0 1.0 0.5577689243027888
44 34 41 0.0 0.0 0.0 0.0 51.0 0.0 0.0 0.68259385665529
44 34 42 0.0 0.0 2.0 0.0 47.0 0.0 0.0 0.6832601268911663
44 34 43 0.0 0.0 0.0 0.0 6.0 0.0 0.0 0.6979062811565303
44 34 44 0.0 0.0 0.0 0.0 1.0 0.0 0.0 0.6996501749125437
44 35 34 0.0 0.0 0.0 0.0 6.0 0.0 0.0 0.6979062811565303
44 35 35 0.0 0.0 0.0 0.0 31.0 0.0 0.0 0.6893156080748399
44 35 36 0.0 0.0 21.0 0.0 470.0 5.0 0.0 0.5633802816901408
44 35 37 0.0 0.0 429.0 0.0 8096.0 29.0 947.0 0.13328255902513328
44 35 38 0.0 0.0 229.0 0.0 5259.0 19.0 320.0 0.1874163319946452
44 35 39 0.0 0.0 362.0 0.0 8055.0 18.0 1195.0 0.13449899125756554
44 35 40 0.0 0.0 302.0 0.0 6206.0 18.0 470.0 0.16478342749529187
44 35 41 0.0 0.0 230.0 0.0 5325.0 23.0 311.0 0.185799601857996
44 35 42 0.0 0.0 109.0 0.0 2269.0 16.0 27.0 0.3209536909674461
44 35 43 0.0 0.0 24.0 0.0 660.0 7.0 1.0 0.5231689088191329
44 35 44 0.0 0.0 0.0 0.0 24.0 0.0 0.0 0.6916996047430829
44 35 45 0.0 0.0 0.0 0.0 2.0 0.0 0.0 0.6993006993006992
44 36 34 0.0 0.0 1.0 0.0 19.0 1.0 0.0 0.6934125804853887
44 36 35 0.0 0.0 184.0 0.0 3907.0 24.0 102.0 0.23064250411861612
44 36 36 0.0 0.0 113.0 0.0 2843.0 18.0 54.0 0.2836304700162074
44 36 37 0.0 0.0 63.0 0.0 2458.0 13.0 58.0 0.31062791213667623
44 36 38 0.0 0.0 1058.0 0.0 13170.0 33.0 10096.0 0.08633448445979279
44 36 39 0.0 0.0 1090.0 0.0 12910.0 25.0 12648.0 0.08748906386701662
44 36 40 0.0 0.0 935.0 0.0 12804.0 24.0 8613.0 0.0889001778003556
44 36 41 0.0 0.0 371.0 0.0 7899.0 22.0 1016.0 0.13646554245053122
44 36 42 0.0 0.0 321.0 0.0 6635.0 25.0 595.0 0.15661707126076738
44 36 43 0.0 0.0 136.0 0.0 3437.0 16.0 108.0 0.2519344970307719
44 36 44 0.0 0.0 172.0 0.0 4055.0 15.0 139.0 0.22529771483746378
44 36 45 0.0 0.0 12.0 0.0 230.0 5.0 0.0 0.6258381761287437
44 36 46 0.0 0.0 0.0 0.0 5.0 0.0 0.0 0.6982543640897755
44 37 34 0.0 0.0 1.0 0.0 116.0 0.0 0.0 0.6613131790269249
44 37 35 0.0 0.0 230.0 0.0 5364.0 23.0 338.0 0.18486729169417665
44 37 36 0.0 0.0 643.0 0.0 11490.0 37.0 4421.0 0.09919931977609295
44 37 37 0.0 0.0 572.0 0.0 10825.0 22.0 3633.0 0.10458688181682353
44 37 38 0.0 0.0 1160.0 0.0 13280.0 41.0 12959.0 0.08524630091944223
44 37 39 0.0 0.0 935.0 0.0 12907.0 41.0 8513.0 0.08843408502305602
44 37 40 0.0 0.0 940.0 0.0 12815.0 24.0 7074.0 0.08884940026654818
44 37 41 0.0 0.0 1036.0 0.0 13170.0 38.0 10034.0 0.0864250879683931
44 37 42 0.0 0.0 654.0 0.0 11358.0 19.0 3987.0 0.09994288977727012
44 37 43 0.0 0.0 891.0 0.0 12629.0 30.0 7859.0 0.09018294254058232
44 37 44 0.0 0.0 245.0 0.0 5879.0 19.0 419.0 0.17266896891958558
44 37 45 0.0 0.0 56.0 0.0 1170.0 16.0 4.0 0.4362729822374571
44 37 46 0.0 0.0 3.0 0.0 56.0 1.0 0.0 0.6802721088435373
44 37 47 0.0 0.0 0.0 0.0 3.0 0.0 0.0 0.6989515726410384
44 38 34 0.0 0.0 8.0 0.0 272.0 2.0 1.0 0.6145741878841088
44 38 35 0.0 0.0 481.0 0.0 9903.0 17.0 2521.0 0.11305822498586772
44 38 36 0.0 0.0 463.0 0.0 9157.0 18.0 1592.0 0.12053379250968574
44 38 37 0.0 0.0 829.0 0.0 12439.0 21.0 6384.0 0.09170706144373116
44 38 38 0.0 0.0 848.0 0.0 12786.0 36.0 6678.0 0.08960573476702507
44 38 39 0.0 0.0 1305.0 0.0 13657.0 41.0 14256.0 0.08251311369128307
44 38 40 0.0 0.0 1983.0 0.0 11980.0 69.0 35121.0 0.08781834148789361
44 38 41 0.0 0.0 1202.0 0.0 13657.0 36.0 12620.0 0.08310578178796152
44 38 42 0.0 0.0 1239.0 0.0 13685.0 38.0 12664.0 0.08272276057669581
44 38 43 0.0 0.0 769.0 0.0 12001.0 33.0 4935.0 0.09492168960607497
44 38 44 0.0 0.0 568.0 0.0 10785.0 23.0 3727.0 0.10491606714628296
44 38 45 0.0 0.0 143.0 0.0 3383.0 20.0 74.0 0.2542680711950599
44 38 46 0.0 0.0 3.0 0.0 195.0 4.0 1.0 0.6381039197812214
44 38 47 0.0 0.0 0.0 0.0 4.0 0.0 0.0 0.6986027944111775
44 39 34 0.0 0.0 15.0 0.0 365.0 5.0 0.0 0.5894736842105263
44 39 35 0.0 0.0 225.0 0.0 5676.0 12.0 369.0 0.17748478701825557
44 39 36 0.0 0.0 711.0 0.0 11985.0 21.0 5701.0 0.09527698380291275
44 39 37 0.0 0.0 1242.0 0.0 13366.0 34.0 14443.0 0.0843221104619647
44 39 38 0.0 0.0 1154.0 0.0 13650.0 34.0 10616.0 0.08335814230425721
44 39 39 0.0 0.0 1600.0 0.0 13702.0 48.0 20643.0 0.08092485549132947
44 39 40 0.0 0.0 1577.0 0.0 13570.0 38.0 20729.0 0.08163265306122448
44 39 41 0.0 0.0 1347.0 0.0 13887.0 27.0 15097.0 0.08122534230679972
44 39 42 0.0 0.0 1536.0 0.0 13317.0 43.0 20400.0 0.0831008488158129
44 39 43 0.0 0.0 866.0 0.0 12658.0 24.0 6467.0 0.09021199819576002
44 39 44 0.0 0.0 1126.0 0.0 12970.0 39.0 13423.0 0.08701597364659083
44 39 45 0.0 0.0 570.0 0.0 10229.0 23.0 2424.0 0.10947763528307788
44 39 46 0.0 0.0 117.0 0.0 2621.0 16.0 52.0 0.29623360135421073
44 39 47 0.0 0.0 0.0 0.0 2.0 0.0 0.0 0.6993006993006992
44 40 33 0.0 0.0 0.0 0.0 11.0 0.0 0.0 0.6961710591745399
44 40 34 0.0 0.0 0.0 0.0 52.0 0.0 0.0 0.68259385665529
44 40 35 0.0 0.0 270.0 0.0 5569.0 16.0 342.0 0.17891373801916932
44 40 36 0.0 0.0 803.0 0.0 12257.0 38.0 7389.0 0.09301089556205154
44 40 37 0.0 0.0 955.0 0.0 12939.0 35.0 8987.0 0.08816120906801006
44 40 38 0.0 0.0 1145.0 0.0 13459.0 36.0 11275.0 0.08433734939759036
44 40 39 0.0 0.0 1482.0 0.0 13769.0 38.0 17776.0 0.0811782442305462
44 40 40 0.0 0.0 1797.0 0.0 12187.0 39.0 30677.0 0.08753829800537735
44 40 41 0.0 0.0 1234.0 0.0 13796.0 32.0 11706.0 0.08223201174743024
44 40 42 0.0 0.0 1250.0 0.0 13496.0 34.0 14222.0 0.0836470096194061
44 40 43 0.0 0.0 1015.0 0.0 13152.0 37.0 10247.0 0.08668193919881122
44 40 44 0.0 0.0 499.0 0.0 9710.0 24.0 2134.0 0.11476350520534469
44 40 45 0.0 0.0 334.0 0.0 6788.0 21.0 575.0 0.15377855887521966
44 40 46 0.0 0.0 9.0 0.0 188.0 2.0 1.0 0.6378132118451024
44 40 47 0.0 0.0 0.0 0.0 3.0 0.0 0.0 0.6989515726410384
44 41 33 0.0 0.0 0.0 0.0 9.0 0.0 0.0 0.6968641114982577
44 41 34 0.0 0.0 5.0 0.0 103.0 3.0 0.0 0.6657156443176413
44 41 35 0.0 0.0 152.0 0.0 3665.0 24.0 102.0 0.24162927166033824
44 41 36 0.0 0.0 592.0 0.0 10436.0 19.0 2390.0 0.1075681905493661
44 41 37 0.0 0.0 860.0 0.0 12466.0 22.0 7355.0 0.09135995823544765
44 41 38 0.0 0.0 1171.0 0.0 13923.0 38.0 9791.0 0.08192404470712153
44 41 39 0.0 0.0 1604.0 0.0 13821.0 48.0 20101.0 0.0803904679873672
44 41 40 0.0 0.0 1278.0 0.0 13956.0 34.0 12454.0 0.0812677773262901
44 41 41 0.0 0.0 1307.0 0.0 13788.0 39.0 13377.0 0.08197201241290474
44 41 42 0.0 0.0 1464.0 0.0 13599.0 37.0 18161.0 0.08205849598499501
44 41 43 0.0 0.0 1105.0 0.0 13074.0 34.0 12085.0 0.08652122860144612
44 41 44 0.0 0.0 648.0 0.0 11097.0 17.0 3728.0 0.10189970157944535
44 41 45 0.0 0.0 103.0 0.0 2385.0 6.0 31.0 0.3123605533244087
44 41 46 0.0 0.0 1.0 0.0 53.0 0.0 0.0 0.6815968841285296
44 42 33 0.0 0.0 2.0 0.0 55.0 0.0 0.0 0.6806028196402526
44 42 34 0.0 0.0 2.0 0.0 71.0 0.0 0.0 0.6753497346840327
44 42 35 0.0 0.0 186.0 0.0 3514.0 18.0 82.0 0.2463054187192118
44 42 36 0.0 0.0 432.0 0.0 8508.0 26.0 1321.0 0.1281816517121406
44 42 37 0.0 0.0 351.0 0.0 7410.0 27.0 806.0 0.14369290772862567
44 42 38 0.0 0.0 955.0 0.0 13015.0 30.0 9611.0 0.08770830722967045
44 42 39 0.0 0.0 1625.0 0.0 12786.0 51.0 25145.0 0.08535544445799291
44 42 40 0.0 0.0 806.0 0.0 12567.0 31.0 6174.0 0.09112210361884925
44 42 41 0.0 0.0 1094.0 0.0 13179.0 24.0 10493.0 0.08601093567610739
44 42 42 0.0 0.0 868.0 0.0 12439.0 24.0 5969.0 0.09144947416552354
44 42 43 0.0 0.0 681.0 0.0 11570.0 25.0 4017.0 0.09826630167754613
44 42 44 0.0 0.0 303.0 0.0 6544.0 25.0 540.0 0.1585683542870087
44 42 45 0.0 0.0 18.0 0.0 465.0 5.0 4.0 0.5649717514124293
44 42 46 0.0 0.0 47.0 0.0 755.0 10.0 3.0 0.5014326647564469
44 43 33 0.0 0.0 3.0 0.0 58.0 1.0 0.0 0.6796116504854368
44 43 34 0.0 0.0 0.0 0.0 17.0 0.0 0.0 0.694100148735746
44 43 35 0.0 0.0 0.0 0.0 74.0 0.0 0.0 0.6753497346840327
44 43 36 0.0 0.0 221.0 0.0 5512.0 17.0 385.0 0.18134715025906734
44 43 37 0.0 0.0 400.0 0.0 8538.0 13.0 1420.0 0.12809955165156922
44 43 38 0.0 0.0 481.0 0.0 9726.0 23.0 2078.0 0.11481997867628965
44 43 39 0.0 0.0 925.0 0.0 12778.0 41.0 8692.0 0.08921175046198941
44 43 40 0.0 0.0 766.0 0.0 12013.0 19.0 4646.0 0.09479956663055253
44 43 41 0.0 0.0 536.0 0.0 10292.0 23.0 2461.0 0.10922140739584957
44 43 42 0.0 0.0 508.0 0.0 9742.0 23.0 1823.0 0.11440712592955789
44 43 43 0.0 0.0 597.0 0.0 10726.0 32.0 3271.0 0.10522360015031941
44 43 44 0.0 0.0 330.0 0.0 6967.0 22.0 710.0 0.15084581402866065
44 43 45 0.0 0.0 19.0 0.0 361.0 6.0 0.0 0.5897219882055602
44 44 35 0.0 0.0 0.0 0.0 20.0 0.0 0.0 0.6930693069306929
44 44 36 0.0 0.0 11.0 0.0 258.0 1.0 0.0 0.6172839506172839
44 44 37 0.0 0.0 472.0 0.0 8788.0 23.0 1316.0 0.12453300124533
44 44 38 0.0 0.0 595.0 0.0 10850.0 21.0 3291.0 0.10416666666666664
44 44 39 0.0 0.0 406.0 0.0 8695.0 18.0 1370.0 0.12619433928249502
44 44 40 0.0 0.0 375.0 0.0 7966.0 18.0 1172.0 0.13551447100958278
44 44 41 0.0 0.0 514.0 0.0 9914.0 16.0 2300.0 0.11268512556342562
44 44 42 0.0 0.0 471.0 0.0 9607.0 15.0 2226.0 0.11595163160510186
44 44 43 0.0 0.0 326.0 0.0 6607.0 16.0 568.0 0.15696826998542435
44 44 44 0.0 0.0 160.0 0.0 3703.0 19.0 127.0 0.23956194387405882
44 44 45 0.0 0.0 1.0 0.0 29.0 1.0 0.0 0.690335305719921
44 45 34 0.0 0.0 1.0 0.0 5.0 0.0 0.0 0.6979062811565303
44 45 36 0.0 0.0 0.0 0.0 12.0 0.0 0.0 0.6958250497017892
44 45 37 0.0 0.0 2.0 0.0 266.0 0.0 0.0 0.6172839506172839
44 45 38 0.0 0.0 89.0 0.0 2312.0 17.0 27.0 0.31934306569343063
44 45 39 0.0 0.0 326.0 0.0 6649.0 20.0 546.0 0.15621513055121622
44 45 40 0.0 0.0 41.0 0.0 1348.0 8.0 13.0 0.41407867494824013
44 45 41 0.0 0.0 85.0 0.0 2329.0 11.0 31.0 0.3178206583427923
44 45 42 0.0 0.0 45.0 0.0 1306.0 12.0 9.0 0.41928721174004185
44 45 43 0.0 0.0 6.0 0.0 292.0 1.0 0.0 0.6094906399651718
44 45 44 0.0 0.0 0.0 0.0 11.0 0.0 0.0 0.6965174129353233
44 45 45 0.0 0.0 0.0 0.0 9.0 0.0 0.0 0.6968641114982577
44 46 37 0.0 0.0 0.0 0.0 18.0 0.0 0.0 0.694100148735746
44 46 38 0.0 0.0 15.0 0.0 340.0 5.0 0.0 0.5957446808510637
44 46 39 0.0 0.0 25.0 0.0 402.0 6.0 0.0 0.5782734407269723
44 46 40 0.0 0.0 1.0 0.0 43.0 1.0 0.0 0.6852667645619186
44 46 41 0.0 0.0 1.0 0.0 28.0 0.0 0.0 0.6899950714637751
44 46 42 0.0 0.0 0.0 0.0 22.0 0.0 0.0 0.6927263730826323
44 46 43 0.0 0.0 0.0 0.0 17.0 0.0 0.0 0.694100148735746
44 46 44 0.0 0.0 0.0 0.0 2.0 0.0 0.0 0.6993006993006992
45 33 36 0.0 0.0 0.0 0.0 1.0 0.0 0.0 0.6996501749125437
45 33 39 0.0 0.0 0.0 0.0 2.0 0.0 0.0 0.6993006993006992
45 33 40 0.0 0.0 0.0 0.0 1.0 0.0 0.0 0.6996501749125437
45 34 36 0.0 0.0 0.0 0.0 19.0 0.0 0.0 0.6934125804853887
45 34 37 0.0 0.0 0.0 0.0 32.0 0.0 0.0 0.6889763779527558
45 34 38 0.0 0.0 0.0 0.0 68.0 0.0 0.0 0.6769825918762088
45 34 39 0.0 0.0 34.0 0.0 927.0 1.0 1.0 0.47297297297297286
45 34 40 0.0 0.0 91.0 0.0 1581.0 11.0 12.0 0.3824091778202677
45 34 41 0.0 0.0 0.0 0.0 27.0 0.0 0.0 0.6906758756783422
45 34 42 0.0 0.0 0.0 0.0 9.0 0.0 0.0 0.6968641114982577
45 34 43 0.0 0.0 0.0 0.0 1.0 0.0 0.0 0.6996501749125437
45 35 35 0.0 0.0 1.0 0.0 4.0 0.0 0.0 0.6982543640897755
45 35 36 0.0 0.0 0.0 0.0 41.0 0.0 0.0 0.6859382655560998
45 35 37 0.0 0.0 192.0 0.0 4707.0 22.0 228.0 0.20351795319087077
45 35 38 0.0 0.0 308.0 0.0 6646.0 26.0 639.0 0.15675736199753665
45 35 39 0.0 0.0 135.0 0.0 3268.0 11.0 90.0 0.2594514455151964
45 35 40 0.0 0.0 391.0 0.0 8229.0 17.0 1190.0 0.1319385543304118
45 35 41 0.0 0.0 34.0 0.0 967.0 11.0 3.0 0.46838407494145196
45 35 42 0.0 0.0 0.0 0.0 55.0 0.0 0.0 0.6812652068126519
45 35 43 0.0 0.0 0.0 0.0 15.0 0.0 0.0 0.694789081885856
45 35 44 0.0 0.0 0.0 0.0 4.0 0.0 0.0 0.6986027944111775
45 35 45 0.0 0.0 0.0 0.0 7.0 0.0 0.0 0.6975585450921773
45 36 34 0.0 0.0 0.0 0.0 11.0 0.0 0.0 0.6961710591745399
45 36 35 0.0 0.0 64.0 0.0 1384.0 14.0 7.0 0.40768782760628997
45 36 36 0.0 0.0 5.0 0.0 356.0 1.0 0.0 0.5932203389830507
45 36 37 0.0 0.0 361.0 0.0 7782.0 29.0 1108.0 0.13833992094861658
45 36 38 0.0 0.0 138.0 0.0 3619.0 17.0 129.0 0.2438174851967955
45 36 39 0.0 0.0 646.0 0.0 11103.0 33.0 3504.0 0.10198135198135197
45 36 40 0.0 0.0 246.0 0.0 5561.0 18.0 351.0 0.1796714579055441
45 36 41 0.0 0.0 168.0 0.0 4276.0 15.0 210.0 0.21772939346811818
45 36 42 0.0 0.0 97.0 0.0 2606.0 13.0 41.0 0.29863481228668937
45 36 43 0.0 0.0 26.0 0.0 907.0 3.0 5.0 0.477652678266803
45 36 44 0.0 0.0 99.0 0.0 2387.0 24.0 47.0 0.3136200716845878
45 36 45 0.0 0.0 0.0 0.0 20.0 0.0 0.0 0.6930693069306929
45 36 46 0.0 0.0 1.0 0.0 18.0 1.0 0.0 0.6937561942517343
45 37 34 0.0 0.0 9.0 0.0 247.0 6.0 0.0 0.6222222222222221
45 37 35 0.0 0.0 177.0 0.0 4025.0 18.0 134.0 0.22628091158881522
45 37 36 0.0 0.0 134.0 0.0 3334.0 15.0 91.0 0.25669233590025664
45 37 37 0.0 0.0 422.0 0.0 8657.0 25.0 1337.0 0.12653651482284886
45 37 38 0.0 0.0 306.0 0.0 6995.0 18.0 715.0 0.15073212747631348
45 37 39 0.0 0.0 910.0 0.0 12595.0 27.0 9274.0 0.09031675375782207
45 37 40 0.0 0.0 1030.0 0.0 13109.0 26.0 11013.0 0.08670878236095626
45 37 41 0.0 0.0 841.0 0.0 12429.0 34.0 7145.0 0.09174311926605504
45 37 42 0.0 0.0 456.0 0.0 8890.0 22.0 1574.0 0.12345679012345677
45 37 43 0.0 0.0 232.0 0.0 5633.0 15.0 364.0 0.17823042647994905
45 37 44 0.0 0.0 188.0 0.0 4206.0 26.0 152.0 0.21984924623115573
45 37 45 0.0 0.0 34.0 0.0 980.0 7.0 2.0 0.4655803126039241
45 37 46 0.0 0.0 0.0 0.0 1.0 0.0 0.0 0.6996501749125437
45 38 34 0.0 0.0 0.0 0.0 57.0 0.0 0.0 0.6806028196402526
45 38 35 0.0 0.0 46.0 0.0 1121.0 12.0 2.0 0.44374009508716317
45 38 36 0.0 0.0 233.0 0.0 5492.0 16.0 370.0 0.18155881208662944
45 38 37 0.0 0.0 534.0 0.0 10149.0 19.0 2416.0 0.11049723756906077
45 38 38 0.0 0.0 774.0 0.0 12252.0 26.0 5514.0 0.09322146757224663
45 38 39 0.0 0.0 382.0 0.0 8387.0 24.0 1388.0 0.13022044460980373
45 38 40 0.0 0.0 813.0 0.0 12450.0 23.0 6599.0 0.09170105456212746
45 38 41 0.0 0.0 1295.0 0.0 13073.0 43.0 17951.0 0.08564262555820638
45 38 42 0.0 0.0 592.0 0.0 10537.0 19.0 2821.0 0.10670731707317072
45 38 43 0.0 0.0 424.0 0.0 9110.0 24.0 1845.0 0.12155943388035077
45 38 44 0.0 0.0 333.0 0.0 6531.0 24.0 572.0 0.1582278481012658
45 38 45 0.0 0.0 147.0 0.0 3386.0 16.0 84.0 0.2536691429606812
45 38 46 0.0 0.0 2.0 0.0 76.0 0.0 0.0 0.6737247353224253
45 38 47 0.0 0.0 0.0 0.0 1.0 0.0 0.0 0.6996501749125437
45 39 34 0.0 0.0 12.0 0.0 368.0 4.0 0.0 0.5892255892255891
45 39 35 0.0 0.0 109.0 0.0 2643.0 15.0 64.0 0.2955457040320878
45 39 36 0.0 0.0 378.0 0.0 7969.0 21.0 993.0 0.1355407106205828
45 39 37 0.0 0.0 554.0 0.0 10238.0 18.0 2468.0 0.1094519584082558
45 39 38 0.0 0.0 545.0 0.0 10521.0 32.0 2821.0 0.10733726903319787
45 39 39 0.0 0.0 738.0 0.0 11970.0 23.0 4706.0 0.09520571234274056
45 39 40 0.0 0.0 780.0 0.0 12196.0 31.0 4669.0 0.09358288770053474
45 39 41 0.0 0.0 1113.0 0.0 13226.0 35.0 11698.0 0.08566882878472645
45 39 42 0.0 0.0 646.0 0.0 11478.0 29.0 3910.0 0.09921337963291048
45 39 43 0.0 0.0 541.0 0.0 9674.0 36.0 1886.0 0.11486708237610763
45 39 44 0.0 0.0 435.0 0.0 8789.0 17.0 1512.0 0.12485507892624631
45 39 45 0.0 0.0 350.0 0.0 7635.0 17.0 947.0 0.14039310068190933
45 39 46 0.0 0.0 78.0 0.0 1816.0 13.0 25.0 0.36073177016232927
45 39 47 0.0 0.0 0.0 0.0 1.0 0.0 0.0 0.6996501749125437
45 40 34 0.0 0.0 0.0 0.0 35.0 0.0 0.0 0.6879606879606879
45 40 35 0.0 0.0 320.0 0.0 7191.0 19.0 743.0 0.1473839351510685
45 40 36 0.0 0.0 172.0 0.0 4494.0 11.0 230.0 0.21043138433789266
45 40 37 0.0 0.0 483.0 0.0 9312.0 26.0 1760.0 0.11885559045759402
45 40 38 0.0 0.0 613.0 0.0 10816.0 31.0 2843.0 0.1043374571471158
45 40 39 0.0 0.0 793.0 0.0 12285.0 27.0 7087.0 0.09283204031562893
45 40 40 0.0 0.0 653.0 0.0 11434.0 34.0 4398.0 0.09951663349445548
45 40 41 0.0 0.0 823.0 0.0 12456.0 29.0 7014.0 0.09164102899783988
45 40 42 0.0 0.0 523.0 0.0 10059.0 18.0 2228.0 0.11134086209638935
45 40 43 0.0 0.0 393.0 0.0 8669.0 16.0 1634.0 0.12671976828385226
45 40 44 0.0 0.0 227.0 0.0 5011.0 22.0 234.0 0.19398642095053345
45 40 45 0.0 0.0 127.0 0.0 3276.0 13.0 104.0 0.25959577229742253
45 40 46 0.0 0.0 7.0 0.0 142.0 1.0 0.0 0.6517690875232773
45 40 47 0.0 0.0 0.0 0.0 2.0 0.0 0.0 0.6993006993006992
45 41 34 0.0 0.0 3.0 0.0 36.0 2.0 0.0 0.6872852233676975
45 41 35 0.0 0.0 163.0 0.0 3857.0 12.0 119.0 0.23302263648468707
45 41 36 0.0 0.0 77.0 0.0 2127.0 16.0 40.0 0.33428844317096457
45 41 37 0.0 0.0 228.0 0.0 5588.0 17.0 348.0 0.17946417126009484
45 41 38 0.0 0.0 675.0 0.0 11518.0 33.0 4162.0 0.09873756964525002
45 41 39 0.0 0.0 1201.0 0.0 13011.0 49.0 15472.0 0.08646245059288536
45 41 40 0.0 0.0 820.0 0.0 12338.0 19.0 6590.0 0.09237265769332276
45 41 41 0.0 0.0 689.0 0.0 11573.0 20.0 4659.0 0.09819048954972646
45 41 42 0.0 0.0 625.0 0.0 11247.0 26.0 4326.0 0.1009809578765147
45 41 43 0.0 0.0 626.0 0.0 10953.0 25.0 3505.0 0.10318396226415093
45 41 44 0.0 0.0 238.0 0.0 6076.0 19.0 434.0 0.16871535309713181
45 41 45 0.0 0.0 13.0 0.0 333.0 3.0 1.0 0.5975245411865129
45 41 46 0.0 0.0 0.0 0.0 10.0 0.0 0.0 0.6965174129353233
45 42 34 0.0 0.0 0.0 0.0 3.0 0.0 0.0 0.6989515726410384
45 42 35 0.0 0.0 0.0 0.0 66.0 0.0 0.0 0.6776379477250725
45 42 36 0.0 0.0 2.0 0.0 268.0 0.0 0.0 0.6167400881057268
45 42 37 0.0 0.0 212.0 0.0 4834.0 12.0 222.0 0.1990049751243781
45 42 38 0.0 0.0 600.0 0.0 10807.0 31.0 4022.0 0.10456344760624392
45 42 39 0.0 0.0 637.0 0.0 11112.0 22.0 3357.0 0.1018848700967906
45 42 40 0.0 0.0 780.0 0.0 12195.0 24.0 5739.0 0.09348290598290597
45 42 41 0.0 0.0 246.0 0.0 5503.0 21.0 320.0 0.18120631633445508
45 42 42 0.0 0.0 498.0 0.0 9750.0 19.0 2296.0 0.11441647597254004
45 42 43 0.0 0.0 197.0 0.0 4783.0 17.0 198.0 0.20103388856978746
45 42 44 0.0 0.0 84.0 0.0 2396.0 14.0 44.0 0.3134796238244514
45 42 45 0.0 0.0 20.0 0.0 526.0 5.0 0.0 0.5509641873278236
45 42 46 0.0 0.0 0.0 0.0 2.0 0.0 0.0 0.6993006993006992
45 43 34 0.0 0.0 3.0 0.0 33.0 1.0 0.0 0.6879606879606879
45 43 35 0.0 0.0 2.0 0.0 27.0 0.0 0.0 0.6899950714637751
45 43 36 0.0 0.0 2.0 0.0 94.0 1.0 0.0 0.6682577565632457
45 43 37 0.0 0.0 141.0 0.0 3136.0 12.0 63.0 0.2659069325735992
45 43 38 0.0 0.0 525.0 0.0 10188.0 28.0 2580.0 0.11022754113849302
45 43 39 0.0 0.0 1218.0 0.0 13365.0 37.0 13868.0 0.08447984552256818
45 43 40 0.0 0.0 299.0 0.0 6818.0 21.0 686.0 0.15386306187493126
45 43 41 0.0 0.0 361.0 0.0 7557.0 16.0 896.0 0.14131422226708384
45 43 42 0.0 0.0 109.0 0.0 2867.0 17.0 60.0 0.28248587570621464
45 43 43 0.0 0.0 140.0 0.0 3400.0 15.0 80.0 0.25330197213678307
45 43 44 0.0 0.0 93.0 0.0 2270.0 23.0 39.0 0.32250633494586495
45 43 45 0.0 0.0 2.0 0.0 23.0 1.0 0.0 0.6916996047430829
45 44 35 0.0 0.0 1.0 0.0 7.0 0.0 0.0 0.697211155378486
45 44 36 0.0 0.0 5.0 0.0 83.0 0.0 0.0 0.6704980842911876
45 44 37 0.0 0.0 43.0 0.0 893.0 13.0 4.0 0.4787961696306429
45 44 38 0.0 0.0 424.0 0.0 8992.0 31.0 1744.0 0.12287168685272949
45 44 39 0.0 0.0 288.0 0.0 6180.0 24.0 388.0 0.16570008285004142
45 44 40 0.0 0.0 619.0 0.0 10622.0 33.0 3147.0 0.1058681185722928
45 44 41 0.0 0.0 26.0 0.0 805.0 9.0 8.0 0.4961020552799432
45 44 42 0.0 0.0 17.0 0.0 444.0 3.0 0.0 0.5698005698005697
45 44 43 0.0 0.0 4.0 0.0 141.0 1.0 0.0 0.6529850746268656
45 44 44 0.0 0.0 0.0 0.0 102.0 0.0 0.0 0.6660323501427211
45 44 45 0.0 0.0 4.0 0.0 62.0 0.0 0.0 0.6776379477250725
45 45 36 0.0 0.0 29.0 0.0 464.0 8.0 1.0 0.5633802816901408
45 45 37 0.0 0.0 1.0 0.0 128.0 1.0 0.0 0.6578947368421051
45 45 38 0.0 0.0 0.0 0.0 150.0 0.0 0.0 0.6514657980456026
45 45 39 0.0 0.0 134.0 0.0 3355.0 18.0 85.0 0.2557544757033247
45 45 40 0.0 0.0 2.0 0.0 139.0 0.0 0.0 0.6539000467071461
45 45 41 0.0 0.0 93.0 0.0 2219.0 17.0 24.0 0.3260363297624592
45 45 42 0.0 0.0 48.0 0.0 1217.0 10.0 8.0 0.43023970497848796
45 45 43 0.0 0.0 112.0 0.0 2469.0 17.0 42.0 0.3066812705366922
45 45 44 0.0 0.0 2.0 0.0 40.0 0.0 0.0 0.6856023506366307
45 45 45 0.0 0.0 0.0 0.0 1.0 0.0 0.0 0.6996501749125437
45 46 38 0.0 0.0 0.0 0.0 8.0 0.0 0.0 0.697211155378486
45 46 39 0.0 0.0 0.0 0.0 13.0 0.0 0.0 0.695479384003974
45 46 40 0.0 0.0 0.0 0.0 20.0 0.0 0.0 0.6930693069306929
45 46 41 0.0 0.0 0.0 0.0 1.0 0.0 0.0 0.6996501749125437
45 46 42 0.0 0.0 0.0 0.0 4.0 0.0 0.0 0.6989515726410384
45 46 43 0.0 0.0 0.0 0.0 3.0 0.0 0.0 0.6989515726410384
46 33 39 0.0 0.0 1.0 0.0 4.0 0.0 0.0 0.6982543640897755
46 33 40 0.0 0.0 0.0 0.0 1.0 0.0 0.0 0.6996501749125437
46 34 36 0.0 0.0 0.0 0.0 1.0 0.0 0.0 0.6996501749125437
46 34 37 0.0 0.0 0.0 0.0 8.0 0.0 0.0 0.697211155378486
46 34 38 0.0 0.0 24.0 0.0 598.0 4.0 3.0 0.53475935828877
46 34 39 0.0 0.0 1.0 0.0 37.0 0.0 0.0 0.6869479882237487
46 34 40 0.0 0.0 0.0 0.0 23.0 0.0 0.0 0.6920415224913494
46 34 41 0.0 0.0 0.0 0.0 19.0 0.0 0.0 0.6934125804853887
46 35 36 0.0 0.0 0.0 0.0 18.0 0.0 0.0 0.6937561942517343
46 35 37 0.0 0.0 1.0 0.0 54.0 0.0 0.0 0.6812652068126519
46 35 38 0.0 0.0 20.0 0.0 405.0 2.0 0.0 0.5777961205117622
46 35 39 0.0 0.0 11.0 0.0 496.0 7.0 1.0 0.5597760895641744
46 35 40 0.0 0.0 106.0 0.0 3068.0 13.0 92.0 0.2712652586708002
46 35 41 0.0 0.0 1.0 0.0 90.0 0.0 0.0 0.6698564593301434
46 35 42 0.0 0.0 4.0 0.0 72.0 1.0 0.0 0.6746987951807227
46 35 43 0.0 0.0 0.0 0.0 12.0 0.0 0.0 0.6958250497017892
46 35 44 0.0 0.0 0.0 0.0 6.0 0.0 0.0 0.6979062811565303
46 36 34 0.0 0.0 0.0 0.0 2.0 0.0 0.0 0.6993006993006992
46 36 35 0.0 0.0 1.0 0.0 13.0 0.0 0.0 0.6951340615690167
46 36 36 0.0 0.0 2.0 0.0 52.0 1.0 0.0 0.6822612085769979
46 36 37 0.0 0.0 8.0 0.0 238.0 3.0 1.0 0.6241640659830583
46 36 38 0.0 0.0 136.0 0.0 3228.0 17.0 97.0 0.26178010471204183
46 36 39 0.0 0.0 137.0 0.0 3279.0 24.0 79.0 0.25959577229742253
46 36 40 0.0 0.0 270.0 0.0 6044.0 25.0 424.0 0.16877637130801684
46 36 41 0.0 0.0 305.0 0.0 6977.0 21.0 722.0 0.15112262521588943
46 36 42 0.0 0.0 283.0 0.0 5895.0 21.0 435.0 0.1716106888943368
46 36 43 0.0 0.0 23.0 0.0 564.0 8.0 0.0 0.5428460643660332
46 36 44 0.0 0.0 4.0 0.0 28.0 0.0 0.0 0.6893156080748399
46 36 45 0.0 0.0 0.0 0.0 6.0 0.0 0.0 0.6979062811565303
46 37 34 0.0 0.0 0.0 0.0 2.0 0.0 0.0 0.6993006993006992
46 37 35 0.0 0.0 0.0 0.0 12.0 0.0 0.0 0.6958250497017892
46 37 36 0.0 0.0 11.0 0.0 206.0 1.0 0.0 0.6317689530685919
46 37 37 0.0 0.0 22.0 0.0 652.0 2.0 3.0 0.5243445692883895
46 37 38 0.0 0.0 466.0 0.0 9396.0 29.0 1759.0 0.11823325732623931
46 37 39 0.0 0.0 439.0 0.0 9103.0 15.0 1691.0 0.12130664587124164
46 37 40 0.0 0.0 691.0 0.0 11357.0 23.0 4373.0 0.09968669894616916
46 37 41 0.0 0.0 496.0 0.0 9695.0 22.0 2424.0 0.11497084667816374
46 37 42 0.0 0.0 178.0 0.0 4195.0 17.0 140.0 0.2202643171806167
46 37 43 0.0 0.0 121.0 0.0 2515.0 24.0 42.0 0.30355594102341715
46 37 44 0.0 0.0 4.0 0.0 160.0 1.0 0.0 0.6472491909385112
46 37 45 0.0 0.0 0.0 0.0 10.0 0.0 0.0 0.6965174129353233
46 37 46 0.0 0.0 0.0 0.0 6.0 0.0 0.0 0.6979062811565303
46 38 34 0.0 0.0 0.0 0.0 3.0 0.0 0.0 0.6989515726410384
46 38 35 0.0 0.0 8.0 0.0 309.0 3.0 0.0 0.6050129645635263
46 38 36 0.0 0.0 25.0 0.0 598.0 9.0 0.0 0.5361930294906165
46 38 37 0.0 0.0 43.0 0.0 1418.0 6.0 14.0 0.4052098408104196
46 38 38 0.0 0.0 183.0 0.0 4380.0 21.0 189.0 0.2139691273116307
46 38 39 0.0 0.0 585.0 0.0 10016.0 21.0 2136.0 0.1111728738187882
46 38 40 0.0 0.0 333.0 0.0 7408.0 28.0 824.0 0.14404774153719518
46 38 41 0.0 0.0 234.0 0.0 5688.0 15.0 403.0 0.17703591299949417
46 38 42 0.0 0.0 234.0 0.0 5434.0 29.0 337.0 0.1832700615263778
46 38 43 0.0 0.0 40.0 0.0 1308.0 5.0 9.0 0.4187855219862398
46 38 44 0.0 0.0 22.0 0.0 792.0 5.0 6.0 0.49839800640797427
46 38 45 0.0 0.0 0.0 0.0 50.0 0.0 0.0 0.6829268292682925
46 38 46 0.0 0.0 0.0 0.0 21.0 0.0 0.0 0.6927263730826323
46 38 47 0.0 0.0 0.0 0.0 1.0 0.0 0.0 0.6996501749125437
46 39 33 0.0 0.0 0.0 0.0 1.0 0.0 0.0 0.6996501749125437
46 39 34 0.0 0.0 0.0 0.0 28.0 0.0 0.0 0.690335305719921
46 39 35 0.0 0.0 0.0 0.0 33.0 0.0 0.0 0.6886374815543531
46 39 36 0.0 0.0 1.0 0.0 134.0 2.0 0.0 0.6566604127579737
46 39 37 0.0 0.0 150.0 0.0 3387.0 16.0 96.0 0.25357725049809815
46 39 38 0.0 0.0 47.0 0.0 1416.0 5.0 14.0 0.4048582995951417
46 39 39 0.0 0.0 295.0 0.0 6373.0 22.0 577.0 0.16194331983805665
46 39 40 0.0 0.0 162.0 0.0 4333.0 14.0 210.0 0.21598272138228936
46 39 41 0.0 0.0 445.0 0.0 8606.0 30.0 1296.0 0.12697261019408668
46 39 42 0.0 0.0 428.0 0.0 8825.0 21.0 1636.0 0.12451085023123441
46 39 43 0.0 0.0 135.0 0.0 3146.0 18.0 86.0 0.26605853287723297
46 39 44 0.0 0.0 8.0 0.0 203.0 3.0 0.0 0.6340579710144926
46 39 45 0.0 0.0 13.0 0.0 354.0 6.0 0.0 0.5929690808979245
46 39 46 0.0 0.0 0.0 0.0 31.0 0.0 0.0 0.6893156080748399
46 40 33 0.0 0.0 0.0 0.0 2.0 0.0 0.0 0.6993006993006992
46 40 34 0.0 0.0 72.0 0.0 1624.0 17.0 14.0 0.3805381897254688
46 40 35 0.0 0.0 0.0 0.0 41.0 0.0 0.0 0.6862745098039215
46 40 36 0.0 0.0 30.0 0.0 756.0 8.0 3.0 0.5041411595246669
46 40 37 0.0 0.0 77.0 0.0 1645.0 7.0 13.0 0.37695207323640273
46 40 38 0.0 0.0 371.0 0.0 8035.0 22.0 1108.0 0.13471901462663585
46 40 39 0.0 0.0 310.0 0.0 6222.0 15.0 491.0 0.16424213984045047
46 40 40 0.0 0.0 290.0 0.0 6672.0 15.0 686.0 0.15640710535135738
46 40 41 0.0 0.0 282.0 0.0 6222.0 25.0 511.0 0.16507487324607945
46 40 42 0.0 0.0 191.0 0.0 4606.0 12.0 204.0 0.2063375092114959
46 40 43 0.0 0.0 87.0 0.0 1836.0 15.0 21.0 0.3582395087001023
46 40 44 0.0 0.0 153.0 0.0 3613.0 10.0 100.0 0.24318221295813786
46 40 45 0.0 0.0 52.0 0.0 1637.0 9.0 19.0 0.3804347826086956
46 40 46 0.0 0.0 0.0 0.0 13.0 0.0 0.0 0.695479384003974
46 41 34 0.0 0.0 0.0 0.0 6.0 0.0 0.0 0.6979062811565303
46 41 35 0.0 0.0 11.0 0.0 283.0 2.0 0.0 0.6108202443280977
46 41 36 0.0 0.0 1.0 0.0 94.0 0.0 1.0 0.6682577565632457
46 41 37 0.0 0.0 538.0 0.0 9546.0 19.0 1844.0 0.11591323066732902
46 41 38 0.0 0.0 65.0 0.0 1841.0 14.0 22.0 0.3597122302158273
46 41 39 0.0 0.0 628.0 0.0 10783.0 32.0 2976.0 0.10453221832300455
46 41 40 0.0 0.0 167.0 0.0 4591.0 21.0 222.0 0.20783847980997625
46 41 41 0.0 0.0 199.0 0.0 5416.0 20.0 382.0 0.18418629127746347
46 41 42 0.0 0.0 42.0 0.0 1171.0 9.0 4.0 0.4372267332916926
46 41 43 0.0 0.0 27.0 0.0 797.0 7.0 5.0 0.49698260560880364
46 41 44 0.0 0.0 4.0 0.0 111.0 2.0 0.0 0.6625650733554187
46 41 45 0.0 0.0 0.0 0.0 18.0 0.0 0.0 0.6937561942517343
46 41 46 0.0 0.0 0.0 0.0 1.0 0.0 0.0 0.6996501749125437
46 42 34 0.0 0.0 0.0 0.0 2.0 0.0 0.0 0.6993006993006992
46 42 35 0.0 0.0 0.0 0.0 3.0 0.0 0.0 0.6989515726410384
46 42 36 0.0 0.0 0.0 0.0 39.0 0.0 0.0 0.6866110838646394
46 42 37 0.0 0.0 65.0 0.0 1590.0 11.0 13.0 0.3842986549547076
46 42 38 0.0 0.0 307.0 0.0 7153.0 21.0 750.0 0.1482579688658265
46 42 39 0.0 0.0 441.0 0.0 8859.0 15.0 1420.0 0.12393767705382433
46 42 40 0.0 0.0 488.0 0.0 9642.0 24.0 1986.0 0.11548296626247628
46 42 41 0.0 0.0 56.0 0.0 1581.0 9.0 13.0 0.3858875413450937
46 42 42 0.0 0.0 163.0 0.0 3665.0 20.0 96.0 0.24096385542168675
46 42 43 0.0 0.0 20.0 0.0 493.0 4.0 0.0 0.557991231566361
46 42 44 0.0 0.0 7.0 0.0 177.0 2.0 0.0 0.6416131989000916
46 42 45 0.0 0.0 0.0 0.0 10.0 0.0 0.0 0.6965174129353233
46 43 36 0.0 0.0 0.0 0.0 9.0 0.0 0.0 0.6968641114982577
46 43 37 0.0 0.0 73.0 0.0 2221.0 19.0 38.0 0.3274087932647333
46 43 38 0.0 0.0 412.0 0.0 8667.0 20.0 1406.0 0.12654795263490914
46 43 39 0.0 0.0 606.0 0.0 10892.0 30.0 3607.0 0.10388068561252502
46 43 40 0.0 0.0 308.0 0.0 6267.0 24.0 468.0 0.16374269005847952
46 43 41 0.0 0.0 7.0 0.0 359.0 1.0 1.0 0.5917159763313609
46 43 42 0.0 0.0 3.0 0.0 178.0 1.0 0.0 0.6422018348623851
46 43 43 0.0 0.0 2.0 0.0 59.0 0.0 0.0 0.6792819019893255
46 43 44 0.0 0.0 0.0 0.0 7.0 0.0 0.0 0.6975585450921773
46 43 45 0.0 0.0 0.0 0.0 1.0 0.0 0.0 0.6996501749125437
46 44 36 0.0 0.0 0.0 0.0 8.0 0.0 0.0 0.697211155378486
46 44 37 0.0 0.0 104.0 0.0 2606.0 18.0 60.0 0.2983802216538789
46 44 38 0.0 0.0 374.0 0.0 8181.0 24.0 1249.0 0.13285253368760674
46 44 39 0.0 0.0 190.0 0.0 4885.0 14.0 310.0 0.19815994338287327
46 44 40 0.0 0.0 121.0 0.0 2702.0 14.0 38.0 0.2911208151382823
46 44 41 0.0 0.0 4.0 0.0 304.0 1.0 0.0 0.6071118820468342
46 44 42 0.0 0.0 4.0 0.0 36.0 2.0 0.0 0.6869479882237487
46 44 43 0.0 0.0 0.0 0.0 5.0 0.0 0.0 0.6982543640897755
46 44 44 0.0 0.0 0.0 0.0 2.0 0.0 0.0 0.6993006993006992
46 45 37 0.0 0.0 9.0 0.0 237.0 1.0 0.0 0.6236080178173719
46 45 38 0.0 0.0 2.0 0.0 144.0 2.0 1.0 0.6529850746268656
46 45 39 0.0 0.0 131.0 0.0 2767.0 20.0 43.0 0.28694404591104733
46 45 40 0.0 0.0 0.0 0.0 72.0 1.0 0.0 0.6763285024154588
46 45 41 0.0 0.0 0.0 0.0 30.0 0.0 0.0 0.689655172413793
46 45 42 0.0 0.0 0.0 0.0 6.0 0.0 0.0 0.6979062811565303
46 45 43 0.0 0.0 0.0 0.0 1.0 0.0 0.0 0.6996501749125437
46 45 44 0.0 0.0 0.0 0.0 1.0 0.0 0.0 0.6996501749125437
46 46 38 0.0 0.0 0.0 0.0 7.0 0.0 0.0 0.6975585450921773
46 46 39 0.0 0.0 0.0 0.0 5.0 0.0 0.0 0.6982543640897755
46 46 40 0.0 0.0 0.0 0.0 3.0 0.0 0.0 0.6989515726410384
46 46 42 0.0 0.0 1.0 0.0 31.0 1.0 0.0 0.6893156080748399
46 46 43 0.0 0.0 0.0 0.0 1.0 0.0 0.0 0.6996501749125437
47 34 37 0.0 0.0 0.0 0.0 1.0 0.0 0.0 0.6996501749125437
47 34 39 0.0 0.0 0.0 0.0 3.0 0.0 0.0 0.6989515726410384
47 35 37 0.0 0.0 0.0 0.0 7.0 0.0 0.0 0.6975585450921773
47 35 38 0.0 0.0 0.0 0.0 4.0 0.0 0.0 0.6986027944111775
47 35 39 0.0 0.0 2.0 0.0 22.0 2.0 0.0 0.6923837784371908
47 35 40 0.0 0.0 2.0 0.0 45.0 1.0 0.0 0.6842619745845552
47 35 41 0.0 0.0 1.0 0.0 63.0 1.0 0.0 0.6786233640329616
47 35 42 0.0 0.0 4.0 0.0 23.0 0.0 0.0 0.6906758756783422
47 35 43 0.0 0.0 0.0 0.0 6.0 0.0 0.0 0.6979062811565303
47 36 37 0.0 0.0 11.0 0.0 224.0 3.0 0.0 0.6272401433691756
47 36 38 0.0 0.0 0.0 0.0 38.0 0.0 0.0 0.6869479882237487
47 36 39 0.0 0.0 22.0 0.0 662.0 8.0 2.0 0.5231689088191329
47 36 40 0.0 0.0 5.0 0.0 201.0 1.0 0.0 0.6349206349206349
47 36 41 0.0 0.0 78.0 0.0 2043.0 10.0 25.0 0.34046692607003887
47 36 42 0.0 0.0 3.0 0.0 157.0 0.0 0.0 0.648148148148148
47 36 43 0.0 0.0 0.0 0.0 8.0 0.0 0.0 0.697211155378486
47 36 44 0.0 0.0 0.0 0.0 2.0 0.0 0.0 0.6993006993006992
47 37 36 0.0 0.0 0.0 0.0 1.0 0.0 0.0 0.6996501749125437
47 37 37 0.0 0.0 0.0 0.0 17.0 0.0 0.0 0.694100148735746
47 37 38 0.0 0.0 6.0 0.0 341.0 3.0 0.0 0.5972696245733787
47 37 39 0.0 0.0 16.0 0.0 427.0 5.0 1.0 0.5744768157570782
47 37 40 0.0 0.0 154.0 0.0 3379.0 17.0 78.0 0.25385312783318215
47 37 41 0.0 0.0 35.0 0.0 877.0 11.0 4.0 0.48259220958290233
47 37 42 0.0 0.0 25.0 0.0 696.0 6.0 1.0 0.5158437730287397
47 37 43 0.0 0.0 4.0 0.0 49.0 2.0 0.0 0.68259385665529
47 37 44 0.0 0.0 0.0 0.0 1.0 0.0 0.0 0.6996501749125437
47 38 36 0.0 0.0 0.0 0.0 7.0 0.0 0.0 0.6975585450921773
47 38 37 0.0 0.0 4.0 0.0 152.0 3.0 0.0 0.6502554575011611
47 38 38 0.0 0.0 42.0 0.0 688.0 10.0 4.0 0.5147058823529411
47 38 39 0.0 0.0 88.0 0.0 2177.0 12.0 28.0 0.32894736842105254
47 38 40 0.0 0.0 27.0 0.0 703.0 3.0 1.0 0.5133846718005133
47 38 41 0.0 0.0 209.0 0.0 5471.0 16.0 397.0 0.1826245760500913
47 38 42 0.0 0.0 34.0 0.0 710.0 9.0 2.0 0.5118829981718463
47 38 43 0.0 0.0 82.0 0.0 2157.0 13.0 17.0 0.33128253667770935
47 38 44 0.0 0.0 0.0 0.0 3.0 0.0 0.0 0.6989515726410384
47 39 35 0.0 0.0 1.0 0.0 6.0 1.0 0.0 0.6979062811565303
47 39 36 0.0 0.0 3.0 0.0 34.0 0.0 0.0 0.6872852233676975
47 39 37 0.0 0.0 1.0 0.0 31.0 0.0 0.0 0.6889763779527558
47 39 38 0.0 0.0 27.0 0.0 493.0 5.0 0.0 0.5566600397614313
47 39 39 0.0 0.0 10.0 0.0 215.0 5.0 0.0 0.6306306306306305
47 39 40 0.0 0.0 38.0 0.0 848.0 10.0 5.0 0.4867872044506258
47 39 41 0.0 0.0 37.0 0.0 757.0 7.0 1.0 0.5023322569070685
47 39 42 0.0 0.0 160.0 0.0 3409.0 23.0 79.0 0.2523886785649901
47 39 43 0.0 0.0 1.0 0.0 49.0 1.0 0.0 0.6832601268911663
47 39 44 0.0 0.0 15.0 0.0 277.0 1.0 0.0 0.6110868616324747
47 39 45 0.0 0.0 0.0 0.0 2.0 0.0 0.0 0.6993006993006992
47 40 33 0.0 0.0 0.0 0.0 2.0 0.0 0.0 0.6993006993006992
47 40 36 0.0 0.0 2.0 0.0 22.0 1.0 0.0 0.6920415224913494
47 40 37 0.0 0.0 1.0 0.0 62.0 0.0 0.0 0.6786233640329616
47 40 38 0.0 0.0 30.0 0.0 688.0 8.0 2.0 0.5166051660516604
47 40 39 0.0 0.0 28.0 0.0 585.0 11.0 0.0 0.5382545174932718
47 40 40 0.0 0.0 11.0 0.0 193.0 3.0 0.0 0.6363636363636362
47 40 41 0.0 0.0 12.0 0.0 480.0 2.0 0.0 0.5624748895138609
47 40 42 0.0 0.0 71.0 0.0 1703.0 21.0 14.0 0.3730349054090061
47 40 43 0.0 0.0 0.0 0.0 40.0 0.0 1.0 0.6862745098039215
47 40 44 0.0 0.0 0.0 0.0 13.0 1.0 0.0 0.6958250497017892
47 40 45 0.0 0.0 0.0 0.0 3.0 0.0 0.0 0.6989515726410384
47 40 46 0.0 0.0 0.0 0.0 1.0 0.0 0.0 0.6996501749125437
47 41 33 0.0 0.0 0.0 0.0 1.0 0.0 0.0 0.6996501749125437
47 41 34 0.0 0.0 0.0 0.0 1.0 0.0 0.0 0.6996501749125437
47 41 36 0.0 0.0 12.0 0.0 287.0 3.0 1.0 0.6097560975609755
47 41 37 0.0 0.0 32.0 0.0 790.0 5.0 6.0 0.49698260560880364
47 41 38 0.0 0.0 6.0 0.0 253.0 3.0 0.0 0.6208425720620842
47 41 39 0.0 0.0 35.0 0.0 982.0 6.0 1.0 0.4651162790697673
47 41 40 0.0 0.0 20.0 0.0 456.0 6.0 0.0 0.5668016194331983
47 41 41 0.0 0.0 1.0 0.0 94.0 1.0 0.0 0.6685768863419292
47 41 42 0.0 0.0 2.0 0.0 46.0 0.0 0.0 0.6835937499999999
47 41 43 0.0 0.0 0.0 0.0 11.0 0.0 0.0 0.6961710591745399
47 41 44 0.0 0.0 0.0 0.0 2.0 0.0 0.0 0.6993006993006992
47 41 45 0.0 0.0 0.0 0.0 2.0 0.0 0.0 0.6993006993006992
47 41 46 0.0 0.0 0.0 0.0 1.0 0.0 0.0 0.6996501749125437
47 42 36 0.0 0.0 17.0 0.0 377.0 5.0 0.0 0.5860192549183758
47 42 37 0.0 0.0 28.0 0.0 694.0 7.0 4.0 0.5156537753222835
47 42 38 0.0 0.0 49.0 0.0 1286.0 12.0 6.0 0.42117930204572795
47 42 39 0.0 0.0 29.0 0.0 900.0 5.0 3.0 0.47912388774811765
47 42 40 0.0 0.0 11.0 0.0 385.0 2.0 1.0 0.5847953216374269
47 42 41 0.0 0.0 2.0 0.0 92.0 0.0 0.0 0.6685768863419292
47 42 42 0.0 0.0 0.0 0.0 8.0 0.0 0.0 0.6975585450921773
47 42 43 0.0 0.0 0.0 0.0 2.0 0.0 0.0 0.6993006993006992
47 43 36 0.0 0.0 0.0 0.0 2.0 0.0 0.0 0.6993006993006992
47 43 37 0.0 0.0 1.0 0.0 43.0 0.0 1.0 0.684931506849315
47 43 38 0.0 0.0 59.0 0.0 1418.0 8.0 10.0 0.40357451715191694
47 43 39 0.0 0.0 62.0 0.0 1470.0 8.0 9.0 0.39738858927050796
47 43 40 0.0 0.0 18.0 0.0 582.0 3.0 0.0 0.5392912172573189
47 43 41 0.0 0.0 0.0 0.0 36.0 0.0 0.0 0.6876227897838899
47 43 43 0.0 0.0 0.0 0.0 4.0 0.0 0.0 0.6986027944111775
47 44 36 0.0 0.0 0.0 0.0 1.0 0.0 0.0 0.6996501749125437
47 44 37 0.0 0.0 6.0 0.0 144.0 2.0 0.0 0.6517690875232773
47 44 38 0.0 0.0 16.0 0.0 353.0 7.0 1.0 0.592718035563082
47 44 39 0.0 0.0 71.0 0.0 1433.0 17.0 9.0 0.40149125322626894
47 44 40 0.0 0.0 3.0 0.0 65.0 0.0 0.0 0.6769825918762088
47 44 41 0.0 0.0 1.0 0.0 100.0 1.0 0.0 0.6666666666666665
47 45 36 0.0 0.0 0.0 0.0 1.0 0.0 0.0 0.6996501749125437
47 45 37 0.0 0.0 0.0 0.0 11.0 0.0 0.0 0.6961710591745399
47 45 38 0.0 0.0 6.0 0.0 92.0 3.0 0.0 0.6682577565632457
47 45 39 0.0 0.0 0.0 0.0 27.0 0.0 0.0 0.6906758756783422
47 45 40 0.0 0.0 0.0 0.0 2.0 0.0 0.0 0.6993006993006992
47 46 38 0.0 0.0 1.0 0.0 21.0 0.0 0.0 0.6923837784371908
47 46 40 0.0 0.0 0.0 0.0 1.0 0.0 0.0 0.6996501749125437
48 35 39 0.0 0.0 0.0 0.0 1.0 0.0 0.0 0.6996501749125437
48 36 39 0.0 0.0 15.0 0.0 257.0 5.0 0.0 0.6175562417291574
48 36 40 0.0 0.0 0.0 0.0 1.0 0.0 0.0 0.6996501749125437
48 36 41 0.0 0.0 0.0 0.0 4.0 0.0 0.0 0.6986027944111775
48 36 42 0.0 0.0 0.0 0.0 2.0 0.0 0.0 0.6993006993006992
48 37 39 0.0 0.0 0.0 0.0 2.0 0.0 0.0 0.6993006993006992
48 37 40 0.0 0.0 3.0 0.0 55.0 2.0 0.0 0.6812652068126519
48 37 41 0.0 0.0 0.0 0.0 11.0 0.0 0.0 0.6961710591745399
48 37 42 0.0 0.0 0.0 0.0 10.0 0.0 0.0 0.6965174129353233
48 37 44 0.0 0.0 0.0 0.0 3.0 0.0 0.0 0.6989515726410384
48 38 38 0.0 0.0 0.0 0.0 1.0 0.0 0.0 0.6996501749125437
48 38 39 0.0 0.0 0.0 0.0 2.0 0.0 0.0 0.6993006993006992
48 38 40 0.0 0.0 0.0 0.0 7.0 0.0 0.0 0.6975585450921773
48 38 41 0.0 0.0 0.0 0.0 20.0 0.0 0.0 0.6930693069306929
48 38 42 0.0 0.0 0.0 0.0 19.0 0.0 0.0 0.6934125804853887
48 38 43 0.0 0.0 0.0 0.0 2.0 0.0 0.0 0.6993006993006992
48 39 37 0.0 0.0 0.0 0.0 1.0 0.0 0.0 0.6996501749125437
48 39 38 0.0 0.0 0.0 0.0 2.0 0.0 0.0 0.6993006993006992
48 39 39 0.0 0.0 0.0 0.0 2.0 0.0 0.0 0.6993006993006992
48 39 40 0.0 0.0 0.0 0.0 12.0 0.0 0.0 0.6958250497017892
48 39 41 0.0 0.0 1.0 0.0 32.0 0.0 0.0 0.6886374815543531
48 39 42 0.0 0.0 0.0 0.0 7.0 0.0 0.0 0.6975585450921773
48 39 44 0.0 0.0 4.0 0.0 61.0 2.0 0.0 0.6786233640329616
48 40 39 0.0 0.0 0.0 0.0 1.0 0.0 0.0 0.6996501749125437
48 40 41 0.0 0.0 0.0 0.0 2.0 0.0 0.0 0.6993006993006992
48 40 42 0.0 0.0 0.0 0.0 2.0 0.0 0.0 0.6993006993006992
48 40 43 0.0 0.0 0.0 0.0 2.0 0.0 0.0 0.6993006993006992
48 41 36 0.0 0.0 0.0 0.0 1.0 0.0 0.0 0.6996501749125437
48 41 37 0.0 0.0 0.0 0.0 1.0 0.0 0.0 0.6996501749125437
48 42 38 0.0 0.0 0.0 0.0 1.0 0.0 0.0 0.6996501749125437
48 42 39 0.0 0.0 0.0 0.0 2.0 0.0 0.0 0.6993006993006992
48 43 38 0.0 0.0 0.0 0.0 2.0 0.0 0.0 0.6993006993006992
48 43 40 0.0 0.0 0.0 0.0 2.0 0.0 0.0 0.6993006993006992
48 44 38 0.0 0.0 0.0 0.0 3.0 0.0 0.0 0.6989515726410384
48 44 39 0.0 0.0 0.0 0.0 1.0 0.0 0.0 0.6996501749125437
48 44 40 0.0 0.0 0.0 0.0 3.0 0.0 0.0 0.6989515726410384
48 45 37 0.0 0.0 0.0 0.0 1.0 0.0 0.0 0.6996501749125437
48 45 40 0.0 0.0 0.0 0.0 2.0 0.0 0.0 0.6993006993006992
